episode_id,run_id,run_pid,timesteps,policy_update,rollout_step,latent_z,curriculum_phase,mode,map_set,map_layout,map_id,map_vertical_mirror,opponent,opponent_id,success,blue_score,red_score,win_margin,decision_steps,zone_coverage,collision_free_episode,collision_events_per_episode,obstacle_collision_events_per_episode,near_misses_per_episode,blue_route_upper_crossings,blue_route_lower_crossings,red_route_upper_crossings,red_route_lower_crossings,blue_attack_upper_crossings,blue_attack_lower_crossings,blue_return_upper_crossings,blue_return_lower_crossings,blue_intercept_upper_crossings,blue_intercept_lower_crossings,red_attack_upper_crossings,red_attack_lower_crossings,red_return_upper_crossings,red_return_lower_crossings,red_intercept_upper_crossings,red_intercept_lower_crossings,time_to_first_score,mean_inter_robot_dist,reward_terminal,reward_offense,reward_pbrs,reward_team,reward_sparse,reward_sparse_points,reward_failure,reward_total,canonical_map,resolved_map,ruleset_id,ruleset_fingerprint,formal_result_eligible
1,pi_B_specialist_2v2_dual_branch_v1,2508,2240,1,12,,OP3,OPPONENT_POOL,train,map_a_open,-1,0,SCRIPTED:OP7,6,1,3,0,3,140,0.47999998927116394,1,0,0,28,0,0,0,0,0,0,0,0,0,0,0,0,0,0,0,0,27.0,5.7098763602120535,1.0,0.5,0.007749348878860474,0.0,1.0,100.0,-0.004000000189989805,0.5542426109313965,map_a,map_a_open,RULESET_V3_M1_OWN_FLAG_HOME,73b77ac3a0efb2c33a4498544c96bb702a656cbbfe17af18ec859c6d6b4c2142,True
2,pi_B_specialist_2v2_dual_branch_v1,2508,3840,1,112,,OP3,OPPONENT_POOL,train,map_a_open,-1,0,SCRIPTED:OP7,6,1,1,0,1,240,0.5600000023841858,1,0,0,89,0,0,0,0,0,0,0,0,0,0,0,0,0,0,0,0,186.0,6.1386769612630205,1.0,0.0,-0.0020122230052948,0.0,0.0,0.0,-0.004000000189989805,0.243860125541687,map_a,map_a_open,RULESET_V3_M1_OWN_FLAG_HOME,73b77ac3a0efb2c33a4498544c96bb702a656cbbfe17af18ec859c6d6b4c2142,True
3,pi_B_specialist_2v2_dual_branch_v1,2508,3840,1,112,,OP3,OPPONENT_POOL,train,map_a_open,-1,0,SCRIPTED:OP7,6,1,1,0,1,240,0.47999998927116394,1,0,0,72,0,0,0,0,0,0,0,0,0,0,0,0,0,0,0,0,123.0,5.775602213541666,1.0,0.0,0.00810965895652771,0.0,0.0,0.0,-0.004000000189989805,0.244455024600029,map_a,map_a_open,RULESET_V3_M1_OWN_FLAG_HOME,73b77ac3a0efb2c33a4498544c96bb702a656cbbfe17af18ec859c6d6b4c2142,True
4,pi_B_specialist_2v2_dual_branch_v1,2508,3840,1,112,,OP3,OPPONENT_POOL,train,map_a_open,-1,0,SCRIPTED:OP7,6,1,1,0,1,240,0.5999999642372131,0,1,0,65,0,0,0,0,0,0,0,0,0,0,0,0,0,0,0,0,145.0,6.053896077473959,1.0,0.0,0.0177115797996521,0.0,0.0,0.0,-0.004000000189989805,0.24501919746398926,map_a,map_a_open,RULESET_V3_M1_OWN_FLAG_HOME,73b77ac3a0efb2c33a4498544c96bb702a656cbbfe17af18ec859c6d6b4c2142,True
5,pi_B_specialist_2v2_dual_branch_v1,2508,3840,1,112,,OP3,OPPONENT_POOL,train,map_a_open,-1,0,SCRIPTED:OP7,6,0,0,0,0,240,0.5600000023841858,1,0,0,34,0,0,0,0,0,0,0,0,0,0,0,0,0,0,0,0,,8.557101440429687,-0.5,0.0,-0.0028835684061050415,0.04999999701976776,0.0,0.0,0.0,-0.12145271897315979,map_a,map_a_open,RULESET_V3_M1_OWN_FLAG_HOME,73b77ac3a0efb2c33a4498544c96bb702a656cbbfe17af18ec859c6d6b4c2142,True
6,pi_B_specialist_2v2_dual_branch_v1,2508,3840,1,112,,OP3,OPPONENT_POOL,train,map_a_open,-1,0,SCRIPTED:OP7,6,1,2,0,2,240,0.5199999809265137,0,2,0,79,0,0,0,0,0,0,0,0,0,0,0,0,0,0,0,0,79.0,5.679300944010417,1.0,0.0,-0.012016355991363525,0.0,0.0,0.0,-0.004000000189989805,0.24327196180820465,map_a,map_a_open,RULESET_V3_M1_OWN_FLAG_HOME,73b77ac3a0efb2c33a4498544c96bb702a656cbbfe17af18ec859c6d6b4c2142,True
7,pi_B_specialist_2v2_dual_branch_v1,2508,3840,1,112,,OP3,OPPONENT_POOL,train,map_a_open,-1,0,SCRIPTED:OP7,6,0,1,1,0,240,0.5600000023841858,0,1,0,87,0,0,0,0,0,0,0,0,0,0,0,0,0,0,0,0,100.0,5.870553588867187,-0.5,0.0,-0.0015616118907928467,0.0,0.0,0.0,-0.004000000189989805,-0.12543348968029022,map_a,map_a_open,RULESET_V3_M1_OWN_FLAG_HOME,73b77ac3a0efb2c33a4498544c96bb702a656cbbfe17af18ec859c6d6b4c2142,True
8,pi_B_specialist_2v2_dual_branch_v1,2508,3840,1,112,,OP3,OPPONENT_POOL,train,map_a_open,-1,0,SCRIPTED:OP7,6,1,1,0,1,240,0.5199999809265137,0,1,0,86,0,0,0,0,0,0,0,0,0,0,0,0,0,0,0,0,80.0,5.480822245279948,1.0,0.0,-0.0015743672847747803,0.0,0.0,0.0,-0.00800000037997961,0.2429451197385788,map_a,map_a_open,RULESET_V3_M1_OWN_FLAG_HOME,73b77ac3a0efb2c33a4498544c96bb702a656cbbfe17af18ec859c6d6b4c2142,True
9,pi_B_specialist_2v2_dual_branch_v1,2508,3840,1,112,,OP3,OPPONENT_POOL,train,map_a_open,-1,0,SCRIPTED:OP7,6,1,2,0,2,240,0.6399999856948853,0,1,0,73,0,0,0,0,0,0,0,0,0,0,0,0,0,0,0,0,62.0,5.898111470540365,1.0,0.0,-0.01254260540008545,0.0,0.0,0.0,-0.00800000037997961,0.24229994416236877,map_a,map_a_open,RULESET_V3_M1_OWN_FLAG_HOME,73b77ac3a0efb2c33a4498544c96bb702a656cbbfe17af18ec859c6d6b4c2142,True
10,pi_B_specialist_2v2_dual_branch_v1,2508,3840,1,112,,OP3,OPPONENT_POOL,train,map_a_open,-1,0,SCRIPTED:OP7,6,0,0,0,0,240,0.47999998927116394,0,1,0,83,0,0,0,0,0,0,0,0,0,0,0,0,0,0,0,0,,5.847743225097656,-0.5,0.0,-0.0020983517169952393,0.0,0.0,0.0,-0.004000000189989805,-0.1254665106534958,map_a,map_a_open,RULESET_V3_M1_OWN_FLAG_HOME,73b77ac3a0efb2c33a4498544c96bb702a656cbbfe17af18ec859c6d6b4c2142,True
11,pi_B_specialist_2v2_dual_branch_v1,2508,3840,1,112,,OP3,OPPONENT_POOL,train,map_a_open,-1,0,SCRIPTED:OP7,6,1,1,0,1,240,0.4399999976158142,0,3,0,87,0,0,0,0,0,0,0,0,0,0,0,0,0,0,0,0,29.0,5.585183715820312,1.0,0.0,-0.0015091896057128906,0.0,0.0,0.0,-0.004000000189989805,0.2438897043466568,map_a,map_a_open,RULESET_V3_M1_OWN_FLAG_HOME,73b77ac3a0efb2c33a4498544c96bb702a656cbbfe17af18ec859c6d6b4c2142,True
12,pi_B_specialist_2v2_dual_branch_v1,2508,3840,1,112,,OP3,OPPONENT_POOL,train,map_a_open,-1,0,SCRIPTED:OP7,6,0,0,0,0,240,0.5199999809265137,1,0,0,78,0,0,0,0,0,0,0,0,0,0,0,0,0,0,0,0,,5.4886927286783855,-0.5,0.0,0.017427682876586914,0.0,0.0,0.0,0.0,-0.12328047305345535,map_a,map_a_open,RULESET_V3_M1_OWN_FLAG_HOME,73b77ac3a0efb2c33a4498544c96bb702a656cbbfe17af18ec859c6d6b4c2142,True
13,pi_B_specialist_2v2_dual_branch_v1,2508,3840,1,112,,OP3,OPPONENT_POOL,train,map_a_open,-1,0,SCRIPTED:OP7,6,0,0,1,-1,240,0.5600000023841858,0,1,0,95,0,0,0,0,0,0,0,0,0,0,0,0,0,0,0,0,91.0,5.347127278645833,-1.0,0.0,-0.0017561912536621094,0.0,0.0,0.0,-0.004000000189989805,-0.24596154689788818,map_a,map_a_open,RULESET_V3_M1_OWN_FLAG_HOME,73b77ac3a0efb2c33a4498544c96bb702a656cbbfe17af18ec859c6d6b4c2142,True
14,pi_B_specialist_2v2_dual_branch_v1,2508,3840,1,112,,OP3,OPPONENT_POOL,train,map_a_open,-1,0,SCRIPTED:OP7,6,1,2,0,2,240,0.5600000023841858,1,0,0,78,0,0,0,0,0,0,0,0,0,0,0,0,0,0,0,0,42.0,5.67069091796875,1.0,0.0,-0.00789707899093628,0.0,0.0,0.0,-0.004000000189989805,0.24351416528224945,map_a,map_a_open,RULESET_V3_M1_OWN_FLAG_HOME,73b77ac3a0efb2c33a4498544c96bb702a656cbbfe17af18ec859c6d6b4c2142,True
15,pi_B_specialist_2v2_dual_branch_v1,2508,3840,1,112,,OP3,OPPONENT_POOL,train,map_a_open,-1,0,SCRIPTED:OP7,6,1,1,0,1,240,0.5199999809265137,0,3,0,104,0,0,0,0,0,0,0,0,0,0,0,0,0,0,0,0,202.0,5.206307983398437,1.0,0.0,-0.0016301274299621582,0.0,0.0,0.0,-0.00800000037997961,0.24294184148311615,map_a,map_a_open,RULESET_V3_M1_OWN_FLAG_HOME,73b77ac3a0efb2c33a4498544c96bb702a656cbbfe17af18ec859c6d6b4c2142,True
16,pi_B_specialist_2v2_dual_branch_v1,2508,3840,1,112,,OP3,OPPONENT_POOL,train,map_a_open,-1,0,SCRIPTED:OP7,6,0,0,0,0,240,0.47999998927116394,1,0,0,81,0,0,0,0,0,0,0,0,0,0,0,0,0,0,0,0,,5.653602600097656,-0.5,0.0,0.0008104145526885986,0.0,0.0,0.0,-0.004000000189989805,-0.12528756260871887,map_a,map_a_open,RULESET_V3_M1_OWN_FLAG_HOME,73b77ac3a0efb2c33a4498544c96bb702a656cbbfe17af18ec859c6d6b4c2142,True
17,pi_B_specialist_2v2_dual_branch_v1,2508,6080,2,124,,OP3,OPPONENT_POOL,train,map_a_open,-1,0,SCRIPTED:OP7,6,1,2,0,2,240,0.4399999976158142,0,2,0,72,0,0,0,0,0,0,0,0,0,0,0,0,0,0,0,0,120.0,5.6868647257486975,1.0,0.0,-0.020556122064590454,0.0,0.0,0.0,-0.00800000037997961,0.24182845652103424,map_a,map_a_open,RULESET_V3_M1_OWN_FLAG_HOME,73b77ac3a0efb2c33a4498544c96bb702a656cbbfe17af18ec859c6d6b4c2142,True
18,pi_B_specialist_2v2_dual_branch_v1,2508,7680,3,96,,OP3,OPPONENT_POOL,train,map_a_open,-1,0,SCRIPTED:OP7,6,0,0,0,0,240,0.5600000023841858,0,1,0,33,0,0,0,0,0,0,0,0,0,0,0,0,0,0,0,0,,9.175245157877605,-0.5,0.0,0.007160171866416931,0.04999999701976776,0.0,0.0,-0.004000000189989805,-0.12181947380304337,map_a,map_a_open,RULESET_V3_M1_OWN_FLAG_HOME,73b77ac3a0efb2c33a4498544c96bb702a656cbbfe17af18ec859c6d6b4c2142,True
19,pi_B_specialist_2v2_dual_branch_v1,2508,7680,3,96,,OP3,OPPONENT_POOL,train,map_a_open,-1,0,SCRIPTED:OP7,6,1,1,0,1,240,0.7199999690055847,0,1,0,73,0,0,0,0,0,0,0,0,0,0,0,0,0,0,0,0,93.0,5.85873057047526,1.0,0.0,-0.0014327168464660645,0.0,0.0,0.0,-0.004000000189989805,0.24389418959617615,map_a,map_a_open,RULESET_V3_M1_OWN_FLAG_HOME,73b77ac3a0efb2c33a4498544c96bb702a656cbbfe17af18ec859c6d6b4c2142,True
20,pi_B_specialist_2v2_dual_branch_v1,2508,7680,3,96,,OP3,OPPONENT_POOL,train,map_a_open,-1,0,SCRIPTED:OP7,6,1,1,0,1,240,0.47999998927116394,0,1,0,31,0,0,0,0,0,0,0,0,0,0,0,0,0,0,0,0,41.0,8.760675048828125,1.0,0.0,-0.0035201460123062134,0.04999999701976776,0.0,0.0,0.0,0.24764743447303772,map_a,map_a_open,RULESET_V3_M1_OWN_FLAG_HOME,73b77ac3a0efb2c33a4498544c96bb702a656cbbfe17af18ec859c6d6b4c2142,True
21,pi_B_specialist_2v2_dual_branch_v1,2508,7680,3,96,,OP3,OPPONENT_POOL,train,map_a_open,-1,0,SCRIPTED:OP7,6,1,2,0,2,240,0.47999998927116394,0,1,0,84,0,0,0,0,0,0,0,0,0,0,0,0,0,0,0,0,138.0,5.705860900878906,1.0,0.0,0.017620861530303955,0.0,0.0,0.0,0.0,0.24595363438129425,map_a,map_a_open,RULESET_V3_M1_OWN_FLAG_HOME,73b77ac3a0efb2c33a4498544c96bb702a656cbbfe17af18ec859c6d6b4c2142,True
22,pi_B_specialist_2v2_dual_branch_v1,2508,7680,3,96,,OP3,OPPONENT_POOL,train,map_a_open,-1,0,SCRIPTED:OP7,6,1,1,0,1,240,0.5199999809265137,0,1,0,79,0,0,0,0,0,0,0,0,0,0,0,0,0,0,0,0,177.0,5.852293904622396,1.0,0.0,-0.02048105001449585,0.0,0.0,0.0,-0.004000000189989805,0.24277415871620178,map_a,map_a_open,RULESET_V3_M1_OWN_FLAG_HOME,73b77ac3a0efb2c33a4498544c96bb702a656cbbfe17af18ec859c6d6b4c2142,True
23,pi_B_specialist_2v2_dual_branch_v1,2508,7680,3,96,,OP3,OPPONENT_POOL,train,map_a_open,-1,0,SCRIPTED:OP7,6,1,1,0,1,240,0.6399999856948853,0,1,0,77,0,0,0,0,0,0,0,0,0,0,0,0,0,0,0,0,29.0,5.34696044921875,1.0,0.0,0.015727058053016663,0.019999999552965164,0.0,0.0,0.0,0.24701650440692902,map_a,map_a_open,RULESET_V3_M1_OWN_FLAG_HOME,73b77ac3a0efb2c33a4498544c96bb702a656cbbfe17af18ec859c6d6b4c2142,True
24,pi_B_specialist_2v2_dual_branch_v1,2508,7680,3,96,,OP3,OPPONENT_POOL,train,map_a_open,-1,0,SCRIPTED:OP7,6,0,1,1,0,240,0.5600000023841858,0,1,0,77,0,0,0,0,0,0,0,0,0,0,0,0,0,0,0,0,79.0,5.68010508219401,-0.5,0.0,-0.0205838680267334,0.0,0.0,0.0,-0.00800000037997961,-0.12758734822273254,map_a,map_a_open,RULESET_V3_M1_OWN_FLAG_HOME,73b77ac3a0efb2c33a4498544c96bb702a656cbbfe17af18ec859c6d6b4c2142,True
25,pi_B_specialist_2v2_dual_branch_v1,2508,7680,3,96,,OP3,OPPONENT_POOL,train,map_a_open,-1,0,SCRIPTED:OP7,6,0,1,1,0,240,0.5999999642372131,0,1,0,84,0,0,0,0,0,0,0,0,0,0,0,0,0,0,0,0,71.0,5.2914479573567705,-0.5,0.0,-0.02062094211578369,0.0,0.0,0.0,-0.00800000037997961,-0.1275896281003952,map_a,map_a_open,RULESET_V3_M1_OWN_FLAG_HOME,73b77ac3a0efb2c33a4498544c96bb702a656cbbfe17af18ec859c6d6b4c2142,True
26,pi_B_specialist_2v2_dual_branch_v1,2508,7680,3,96,,OP3,OPPONENT_POOL,train,map_a_open,-1,0,SCRIPTED:OP7,6,0,0,0,0,240,0.6399999856948853,0,2,0,84,0,0,0,0,0,0,0,0,0,0,0,0,0,0,0,0,,5.637696329752604,-0.5,0.0,0.0005920082330703735,0.0,0.0,0.0,0.0,-0.12431658059358597,map_a,map_a_open,RULESET_V3_M1_OWN_FLAG_HOME,73b77ac3a0efb2c33a4498544c96bb702a656cbbfe17af18ec859c6d6b4c2142,True
27,pi_B_specialist_2v2_dual_branch_v1,2508,7680,3,96,,OP3,OPPONENT_POOL,train,map_a_open,-1,0,SCRIPTED:OP7,6,1,1,0,1,240,0.5199999809265137,0,4,0,86,0,0,0,0,0,0,0,0,0,0,0,0,0,0,0,0,30.0,5.469612121582031,1.0,0.0,-0.0014954805374145508,0.0,0.0,0.0,-0.00800000037997961,0.24294976890087128,map_a,map_a_open,RULESET_V3_M1_OWN_FLAG_HOME,73b77ac3a0efb2c33a4498544c96bb702a656cbbfe17af18ec859c6d6b4c2142,True
28,pi_B_specialist_2v2_dual_branch_v1,2508,7680,3,96,,OP3,OPPONENT_POOL,train,map_a_open,-1,0,SCRIPTED:OP7,6,0,0,0,0,240,0.4399999976158142,0,1,0,61,0,0,0,0,0,0,0,0,0,0,0,0,0,0,0,0,,6.7288569132486975,-0.5,0.0,-0.00292910635471344,0.04999999701976776,0.0,0.0,-0.004000000189989805,-0.1224406510591507,map_a,map_a_open,RULESET_V3_M1_OWN_FLAG_HOME,73b77ac3a0efb2c33a4498544c96bb702a656cbbfe17af18ec859c6d6b4c2142,True
29,pi_B_specialist_2v2_dual_branch_v1,2508,7680,3,96,,OP3,OPPONENT_POOL,train,map_a_open,-1,0,SCRIPTED:OP7,6,0,0,1,-1,240,0.6399999856948853,1,0,0,88,0,0,0,0,0,0,0,0,0,0,0,0,0,0,0,0,89.0,5.821351623535156,-1.0,0.0,-0.0006177425384521484,0.0,0.0,0.0,-0.004000000189989805,-0.24589471518993378,map_a,map_a_open,RULESET_V3_M1_OWN_FLAG_HOME,73b77ac3a0efb2c33a4498544c96bb702a656cbbfe17af18ec859c6d6b4c2142,True
30,pi_B_specialist_2v2_dual_branch_v1,2508,7680,3,96,,OP3,OPPONENT_POOL,train,map_a_open,-1,0,SCRIPTED:OP7,6,0,0,0,0,240,0.5999999642372131,0,3,0,99,0,0,0,0,0,0,0,0,0,0,0,0,0,0,0,0,,5.668748474121093,-0.5,0.0,0.017406821250915527,0.0,0.0,0.0,0.0,-0.12328176200389862,map_a,map_a_open,RULESET_V3_M1_OWN_FLAG_HOME,73b77ac3a0efb2c33a4498544c96bb702a656cbbfe17af18ec859c6d6b4c2142,True
31,pi_B_specialist_2v2_dual_branch_v1,2508,7680,3,96,,OP3,OPPONENT_POOL,train,map_a_open,-1,0,SCRIPTED:OP7,6,1,1,0,1,240,0.4399999976158142,0,3,0,88,0,0,0,0,0,0,0,0,0,0,0,0,0,0,0,0,226.0,5.556853739420573,1.0,0.0,-0.0015851855278015137,0.0,0.0,0.0,-0.004000000189989805,0.24388521909713745,map_a,map_a_open,RULESET_V3_M1_OWN_FLAG_HOME,73b77ac3a0efb2c33a4498544c96bb702a656cbbfe17af18ec859c6d6b4c2142,True
32,pi_B_specialist_2v2_dual_branch_v1,2508,7680,3,96,,OP3,OPPONENT_POOL,train,map_a_open,-1,0,SCRIPTED:OP7,6,1,2,0,2,240,0.5199999809265137,0,1,0,95,0,0,0,0,0,0,0,0,0,0,0,0,0,0,0,0,73.0,5.73215077718099,1.0,0.0,0.014537394046783447,0.0,0.0,0.0,-0.004000000189989805,0.24483272433280945,map_a,map_a_open,RULESET_V3_M1_OWN_FLAG_HOME,73b77ac3a0efb2c33a4498544c96bb702a656cbbfe17af18ec859c6d6b4c2142,True
33,pi_B_specialist_2v2_dual_branch_v1,2508,9920,4,108,,OP3,OPPONENT_POOL,train,map_a_open,-1,0,SCRIPTED:OP7,6,0,0,0,0,240,0.5600000023841858,0,2,0,78,0,0,0,0,0,0,0,0,0,0,0,0,0,0,0,0,,5.658494567871093,-0.5,0.0,-0.01998215913772583,0.0,0.0,0.0,-0.00800000037997961,-0.12755034863948822,map_a,map_a_open,RULESET_V3_M1_OWN_FLAG_HOME,73b77ac3a0efb2c33a4498544c96bb702a656cbbfe17af18ec859c6d6b4c2142,True
34,pi_B_specialist_2v2_dual_branch_v1,2508,9936,4,109,,OP3,OPPONENT_POOL,train,map_a_open,-1,0,SCRIPTED:OP7,6,1,3,0,3,141,0.5600000023841858,1,0,0,47,0,0,0,0,0,0,0,0,0,0,0,0,0,0,0,0,61.0,5.20879520930297,1.0,0.5,0.0071196407079696655,0.0,1.0,100.0,-0.004000000189989805,0.5542152523994446,map_a,map_a_open,RULESET_V3_M1_OWN_FLAG_HOME,73b77ac3a0efb2c33a4498544c96bb702a656cbbfe17af18ec859c6d6b4c2142,True
35,pi_B_specialist_2v2_dual_branch_v1,2508,11520,5,80,,OP3,OPPONENT_POOL,train,map_a_open,-1,0,SCRIPTED:OP7,6,0,0,0,0,240,0.5600000023841858,0,3,0,95,0,0,0,0,0,0,0,0,0,0,0,0,0,0,0,0,,5.346607462565104,-0.5,0.0,-0.006040722131729126,0.0,0.0,0.0,-0.004000000189989805,-0.12570902705192566,map_a,map_a_open,RULESET_V3_M1_OWN_FLAG_HOME,73b77ac3a0efb2c33a4498544c96bb702a656cbbfe17af18ec859c6d6b4c2142,True
36,pi_B_specialist_2v2_dual_branch_v1,2508,11520,5,80,,OP3,OPPONENT_POOL,train,map_a_open,-1,0,SCRIPTED:OP7,6,1,2,0,2,240,0.5199999809265137,1,0,0,70,0,0,0,0,0,0,0,0,0,0,0,0,0,0,0,0,78.0,5.96021474202474,1.0,0.0,-0.020609408617019653,0.0,0.0,0.0,-0.004000000189989805,0.2427666187286377,map_a,map_a_open,RULESET_V3_M1_OWN_FLAG_HOME,73b77ac3a0efb2c33a4498544c96bb702a656cbbfe17af18ec859c6d6b4c2142,True
37,pi_B_specialist_2v2_dual_branch_v1,2508,11520,5,80,,OP3,OPPONENT_POOL,train,map_a_open,-1,0,SCRIPTED:OP7,6,1,2,0,2,240,0.6800000071525574,0,2,0,70,0,0,0,0,0,0,0,0,0,0,0,0,0,0,0,0,68.0,6.175719197591146,1.0,0.0,0.0005099475383758545,0.0,0.0,0.0,-0.004000000189989805,0.2440083771944046,map_a,map_a_open,RULESET_V3_M1_OWN_FLAG_HOME,73b77ac3a0efb2c33a4498544c96bb702a656cbbfe17af18ec859c6d6b4c2142,True
38,pi_B_specialist_2v2_dual_branch_v1,2508,11520,5,80,,OP3,OPPONENT_POOL,train,map_a_open,-1,0,SCRIPTED:OP7,6,0,0,0,0,240,0.6399999856948853,1,0,0,82,0,0,0,0,0,0,0,0,0,0,0,0,0,0,0,0,,6.188017781575521,-0.5,0.0,0.006041914224624634,0.04999999701976776,0.0,0.0,-0.00800000037997961,-0.12287335097789764,map_a,map_a_open,RULESET_V3_M1_OWN_FLAG_HOME,73b77ac3a0efb2c33a4498544c96bb702a656cbbfe17af18ec859c6d6b4c2142,True
39,pi_B_specialist_2v2_dual_branch_v1,2508,11520,5,80,,OP3,OPPONENT_POOL,train,map_a_open,-1,0,SCRIPTED:OP7,6,1,1,0,1,240,0.5600000023841858,0,1,0,86,0,0,0,0,0,0,0,0,0,0,0,0,0,0,0,0,213.0,5.805466715494791,1.0,0.0,-0.001345306634902954,0.0,0.0,0.0,0.0,0.244839608669281,map_a,map_a_open,RULESET_V3_M1_OWN_FLAG_HOME,73b77ac3a0efb2c33a4498544c96bb702a656cbbfe17af18ec859c6d6b4c2142,True
40,pi_B_specialist_2v2_dual_branch_v1,2508,11520,5,80,,OP3,OPPONENT_POOL,train,map_a_open,-1,0,SCRIPTED:OP7,6,0,0,0,0,240,0.5999999642372131,0,1,0,63,0,0,0,0,0,0,0,0,0,0,0,0,0,0,0,0,,7.240175374348959,-0.5,0.0,0.004905134439468384,0.04999999701976776,0.0,0.0,0.0,-0.12097307294607162,map_a,map_a_open,RULESET_V3_M1_OWN_FLAG_HOME,73b77ac3a0efb2c33a4498544c96bb702a656cbbfe17af18ec859c6d6b4c2142,True
41,pi_B_specialist_2v2_dual_branch_v1,2508,11520,5,80,,OP3,OPPONENT_POOL,train,map_a_open,-1,0,SCRIPTED:OP7,6,1,1,0,1,240,0.5600000023841858,0,1,0,78,0,0,0,0,0,0,0,0,0,0,0,0,0,0,0,0,233.0,5.429385375976563,1.0,0.0,0.01747030019760132,0.0,0.0,0.0,-0.004000000189989805,0.2450050264596939,map_a,map_a_open,RULESET_V3_M1_OWN_FLAG_HOME,73b77ac3a0efb2c33a4498544c96bb702a656cbbfe17af18ec859c6d6b4c2142,True
42,pi_B_specialist_2v2_dual_branch_v1,2508,11520,5,80,,OP3,OPPONENT_POOL,train,map_a_open,-1,0,SCRIPTED:OP7,6,1,1,0,1,240,0.5600000023841858,0,1,0,84,0,0,0,0,0,0,0,0,0,0,0,0,0,0,0,0,87.0,5.7056737263997395,1.0,0.0,0.01772361993789673,0.0,0.0,0.0,-0.004000000189989805,0.24501992762088776,map_a,map_a_open,RULESET_V3_M1_OWN_FLAG_HOME,73b77ac3a0efb2c33a4498544c96bb702a656cbbfe17af18ec859c6d6b4c2142,True
43,pi_B_specialist_2v2_dual_branch_v1,2508,11520,5,80,,OP3,OPPONENT_POOL,train,map_a_open,-1,0,SCRIPTED:OP7,6,1,1,0,1,240,0.5999999642372131,1,0,0,87,0,0,0,0,0,0,0,0,0,0,0,0,0,0,0,0,86.0,5.586331176757812,1.0,0.0,-0.004542350769042969,0.0,0.0,0.0,-0.004000000189989805,0.24371139705181122,map_a,map_a_open,RULESET_V3_M1_OWN_FLAG_HOME,73b77ac3a0efb2c33a4498544c96bb702a656cbbfe17af18ec859c6d6b4c2142,True
44,pi_B_specialist_2v2_dual_branch_v1,2508,11520,5,80,,OP3,OPPONENT_POOL,train,map_a_open,-1,0,SCRIPTED:OP7,6,0,0,0,0,240,0.6399999856948853,1,0,0,79,0,0,0,0,0,0,0,0,0,0,0,0,0,0,0,0,,5.702903238932292,-0.5,0.0,0.007934778928756714,0.0,0.0,0.0,-0.004000000189989805,-0.12484925985336304,map_a,map_a_open,RULESET_V3_M1_OWN_FLAG_HOME,73b77ac3a0efb2c33a4498544c96bb702a656cbbfe17af18ec859c6d6b4c2142,True
45,pi_B_specialist_2v2_dual_branch_v1,2508,11520,5,80,,OP3,OPPONENT_POOL,train,map_a_open,-1,0,SCRIPTED:OP7,6,0,0,0,0,240,0.5600000023841858,1,0,0,85,0,0,0,0,0,0,0,0,0,0,0,0,0,0,0,0,,6.047951253255208,-0.5,0.0,-0.0018574297428131104,0.0,0.0,0.0,0.0,-0.12446730583906174,map_a,map_a_open,RULESET_V3_M1_OWN_FLAG_HOME,73b77ac3a0efb2c33a4498544c96bb702a656cbbfe17af18ec859c6d6b4c2142,True
46,pi_B_specialist_2v2_dual_branch_v1,2508,11520,5,80,,OP3,OPPONENT_POOL,train,map_a_open,-1,0,SCRIPTED:OP7,6,0,0,0,0,240,0.47999998927116394,0,1,0,90,0,0,0,0,0,0,0,0,0,0,0,0,0,0,0,0,,5.680433146158854,-0.5,0.0,0.005534738302230835,0.0,0.0,0.0,0.0,-0.12401241809129715,map_a,map_a_open,RULESET_V3_M1_OWN_FLAG_HOME,73b77ac3a0efb2c33a4498544c96bb702a656cbbfe17af18ec859c6d6b4c2142,True
47,pi_B_specialist_2v2_dual_branch_v1,2508,11520,5,80,,OP3,OPPONENT_POOL,train,map_a_open,-1,0,SCRIPTED:OP7,6,1,1,0,1,240,0.5199999809265137,0,4,0,110,0,0,0,0,0,0,0,0,0,0,0,0,0,0,0,0,94.0,5.18036855061849,1.0,0.0,-0.020622611045837402,0.0,0.0,0.0,-0.00800000037997961,0.24182453751564026,map_a,map_a_open,RULESET_V3_M1_OWN_FLAG_HOME,73b77ac3a0efb2c33a4498544c96bb702a656cbbfe17af18ec859c6d6b4c2142,True
48,pi_B_specialist_2v2_dual_branch_v1,2508,11520,5,80,,OP3,OPPONENT_POOL,train,map_a_open,-1,0,SCRIPTED:OP7,6,1,2,0,2,240,0.5199999809265137,1,0,0,85,0,0,0,0,0,0,0,0,0,0,0,0,0,0,0,0,74.0,6.050987243652344,1.0,0.0,0.00917893648147583,0.0,0.0,0.0,0.0,0.24545785784721375,map_a,map_a_open,RULESET_V3_M1_OWN_FLAG_HOME,73b77ac3a0efb2c33a4498544c96bb702a656cbbfe17af18ec859c6d6b4c2142,True
49,pi_B_specialist_2v2_dual_branch_v1,2508,13200,6,57,,OP3,OPPONENT_POOL,train,map_a_open,-1,0,SCRIPTED:OP7,6,1,3,0,3,105,0.5199999809265137,1,0,0,34,0,0,0,0,0,0,0,0,0,0,0,0,0,0,0,0,29.0,5.661488560267857,1.0,0.5,-0.008372291922569275,0.0,1.0,100.0,0.0,0.5542373657226562,map_a,map_a_open,RULESET_V3_M1_OWN_FLAG_HOME,73b77ac3a0efb2c33a4498544c96bb702a656cbbfe17af18ec859c6d6b4c2142,True
50,pi_B_specialist_2v2_dual_branch_v1,2508,13760,6,92,,OP3,OPPONENT_POOL,train,map_a_open,-1,0,SCRIPTED:OP7,6,1,1,0,1,240,0.5600000023841858,1,0,0,26,0,0,0,0,0,0,0,0,0,0,0,0,0,0,0,0,57.0,9.210947672526041,1.0,0.0,-0.003321319818496704,0.049999941140413284,0.0,0.0,-0.004000000189989805,0.24672020971775055,map_a,map_a_open,RULESET_V3_M1_OWN_FLAG_HOME,73b77ac3a0efb2c33a4498544c96bb702a656cbbfe17af18ec859c6d6b4c2142,True
51,pi_B_specialist_2v2_dual_branch_v1,2508,13776,6,93,,OP3,OPPONENT_POOL,train,map_a_open,-1,0,SCRIPTED:OP7,6,1,1,0,1,240,0.5999999642372131,0,3,0,76,0,0,0,0,0,0,0,0,0,0,0,0,0,0,0,0,81.0,5.785580952962239,1.0,0.0,0.0027830228209495544,0.0,0.0,0.0,0.0,0.24508213996887207,map_a,map_a_open,RULESET_V3_M1_OWN_FLAG_HOME,73b77ac3a0efb2c33a4498544c96bb702a656cbbfe17af18ec859c6d6b4c2142,True
52,pi_B_specialist_2v2_dual_branch_v1,2508,14368,7,2,,OP3,OPPONENT_POOL,train,map_a_open,-1,0,SCRIPTED:OP7,6,1,3,0,3,178,0.5199999809265137,1,0,0,44,0,0,0,0,0,0,0,0,0,0,0,0,0,0,0,0,28.0,5.752884425474017,1.0,0.5,-0.007593408226966858,0.0,1.0,100.0,-0.004000000189989805,0.5535778403282166,map_a,map_a_open,RULESET_V3_M1_OWN_FLAG_HOME,73b77ac3a0efb2c33a4498544c96bb702a656cbbfe17af18ec859c6d6b4c2142,True
53,pi_B_specialist_2v2_dual_branch_v1,2508,14768,7,27,,OP3,OPPONENT_POOL,train,map_a_open,-1,0,SCRIPTED:OP7,6,1,3,0,3,203,0.5999999642372131,0,2,0,91,0,0,0,0,0,0,0,0,0,0,0,0,0,0,0,0,29.0,4.788995451527863,1.0,0.5,-0.01032043993473053,0.0,1.0,100.0,-0.004000000189989805,0.553459644317627,map_a,map_a_open,RULESET_V3_M1_OWN_FLAG_HOME,73b77ac3a0efb2c33a4498544c96bb702a656cbbfe17af18ec859c6d6b4c2142,True
54,pi_B_specialist_2v2_dual_branch_v1,2508,15360,7,64,,OP3,OPPONENT_POOL,train,map_a_open,-1,0,SCRIPTED:OP7,6,1,1,0,1,240,0.5199999809265137,0,1,0,74,0,0,0,0,0,0,0,0,0,0,0,0,0,0,0,0,126.0,5.704308573404948,1.0,0.0,0.0024236738681793213,0.0,0.0,0.0,-0.004000000189989805,0.24412086606025696,map_a,map_a_open,RULESET_V3_M1_OWN_FLAG_HOME,73b77ac3a0efb2c33a4498544c96bb702a656cbbfe17af18ec859c6d6b4c2142,True
55,pi_B_specialist_2v2_dual_branch_v1,2508,15360,7,64,,OP3,OPPONENT_POOL,train,map_a_open,-1,0,SCRIPTED:OP7,6,1,2,0,2,240,0.5999999642372131,0,1,0,76,0,0,0,0,0,0,0,0,0,0,0,0,0,0,0,0,83.0,5.580680338541667,1.0,0.0,-0.0019293129444122314,0.0,0.0,0.0,-0.004000000189989805,0.2438649982213974,map_a,map_a_open,RULESET_V3_M1_OWN_FLAG_HOME,73b77ac3a0efb2c33a4498544c96bb702a656cbbfe17af18ec859c6d6b4c2142,True
56,pi_B_specialist_2v2_dual_branch_v1,2508,15360,7,64,,OP3,OPPONENT_POOL,train,map_a_open,-1,0,SCRIPTED:OP7,6,0,1,1,0,240,0.6399999856948853,0,1,0,74,0,0,0,0,0,0,0,0,0,0,0,0,0,0,0,0,73.0,5.784353637695313,-0.5,0.0,0.017392605543136597,0.0,0.0,0.0,0.0,-0.12328263372182846,map_a,map_a_open,RULESET_V3_M1_OWN_FLAG_HOME,73b77ac3a0efb2c33a4498544c96bb702a656cbbfe17af18ec859c6d6b4c2142,True
57,pi_B_specialist_2v2_dual_branch_v1,2508,15360,7,64,,OP3,OPPONENT_POOL,train,map_a_open,-1,0,SCRIPTED:OP7,6,1,1,0,1,240,0.5600000023841858,0,1,0,82,0,0,0,0,0,0,0,0,0,0,0,0,0,0,0,0,146.0,5.273029073079427,1.0,0.0,-0.0015984177589416504,0.0,0.0,0.0,-0.004000000189989805,0.24388445913791656,map_a,map_a_open,RULESET_V3_M1_OWN_FLAG_HOME,73b77ac3a0efb2c33a4498544c96bb702a656cbbfe17af18ec859c6d6b4c2142,True
58,pi_B_specialist_2v2_dual_branch_v1,2508,15360,7,64,,OP3,OPPONENT_POOL,train,map_a_open,-1,0,SCRIPTED:OP7,6,1,2,0,2,240,0.7199999690055847,0,1,0,83,0,0,0,0,0,0,0,0,0,0,0,0,0,0,0,0,28.0,5.791832478841146,1.0,0.0,-0.019579648971557617,0.0,0.0,0.0,-0.004000000189989805,0.2428271770477295,map_a,map_a_open,RULESET_V3_M1_OWN_FLAG_HOME,73b77ac3a0efb2c33a4498544c96bb702a656cbbfe17af18ec859c6d6b4c2142,True
59,pi_B_specialist_2v2_dual_branch_v1,2508,15360,7,64,,OP3,OPPONENT_POOL,train,map_a_open,-1,0,SCRIPTED:OP7,6,0,0,1,-1,240,0.6800000071525574,1,0,0,101,0,0,0,0,0,0,0,0,0,0,0,0,0,0,0,0,64.0,5.555196634928385,-1.0,0.0,0.006386816501617432,0.019999999552965164,0.0,0.0,0.0,-0.24336779117584229,map_a,map_a_open,RULESET_V3_M1_OWN_FLAG_HOME,73b77ac3a0efb2c33a4498544c96bb702a656cbbfe17af18ec859c6d6b4c2142,True
60,pi_B_specialist_2v2_dual_branch_v1,2508,15360,7,64,,OP3,OPPONENT_POOL,train,map_a_open,-1,0,SCRIPTED:OP7,6,1,1,0,1,240,0.6399999856948853,0,2,0,94,0,0,0,0,0,0,0,0,0,0,0,0,0,0,0,0,93.0,5.6185760498046875,1.0,0.0,-0.010972023010253906,0.0,0.0,0.0,-0.00800000037997961,0.24239234626293182,map_a,map_a_open,RULESET_V3_M1_OWN_FLAG_HOME,73b77ac3a0efb2c33a4498544c96bb702a656cbbfe17af18ec859c6d6b4c2142,True
61,pi_B_specialist_2v2_dual_branch_v1,2508,15360,7,64,,OP3,OPPONENT_POOL,train,map_a_open,-1,0,SCRIPTED:OP7,6,0,0,1,-1,240,0.5600000023841858,0,1,0,67,0,0,0,0,0,0,0,0,0,0,0,0,0,0,0,0,121.0,6.264161682128906,-1.0,0.0,0.005632191896438599,0.0,0.0,0.0,0.0,-0.2445877343416214,map_a,map_a_open,RULESET_V3_M1_OWN_FLAG_HOME,73b77ac3a0efb2c33a4498544c96bb702a656cbbfe17af18ec859c6d6b4c2142,True
62,pi_B_specialist_2v2_dual_branch_v1,2508,15360,7,64,,OP3,OPPONENT_POOL,train,map_a_open,-1,0,SCRIPTED:OP7,6,1,1,0,1,240,0.6399999856948853,1,0,0,62,0,0,0,0,0,0,0,0,0,0,0,0,0,0,0,0,73.0,7.586391194661458,1.0,0.0,-0.005365997552871704,0.04999999701976776,0.0,0.0,-0.004000000189989805,0.2466001957654953,map_a,map_a_open,RULESET_V3_M1_OWN_FLAG_HOME,73b77ac3a0efb2c33a4498544c96bb702a656cbbfe17af18ec859c6d6b4c2142,True
63,pi_B_specialist_2v2_dual_branch_v1,2508,15360,7,64,,OP3,OPPONENT_POOL,train,map_a_open,-1,0,SCRIPTED:OP7,6,1,1,0,1,240,0.5199999809265137,0,3,0,76,0,0,0,0,0,0,0,0,0,0,0,0,0,0,0,0,192.0,5.846022033691407,1.0,0.0,0.005368143320083618,0.0,0.0,0.0,0.0,0.24523401260375977,map_a,map_a_open,RULESET_V3_M1_OWN_FLAG_HOME,73b77ac3a0efb2c33a4498544c96bb702a656cbbfe17af18ec859c6d6b4c2142,True
64,pi_B_specialist_2v2_dual_branch_v1,2508,15360,7,64,,OP3,OPPONENT_POOL,train,map_a_open,-1,0,SCRIPTED:OP7,6,0,0,0,0,240,0.5600000023841858,0,2,0,82,0,0,0,0,0,0,0,0,0,0,0,0,0,0,0,0,,5.408646647135416,-0.5,0.0,-0.0144425630569458,0.0,0.0,0.0,-0.004000000189989805,-0.1262258142232895,map_a,map_a_open,RULESET_V3_M1_OWN_FLAG_HOME,73b77ac3a0efb2c33a4498544c96bb702a656cbbfe17af18ec859c6d6b4c2142,True
65,pi_B_specialist_2v2_dual_branch_v1,2508,17040,8,41,,OP3,OPPONENT_POOL,train,map_a_open,-1,0,SCRIPTED:OP7,6,1,1,0,1,240,0.5600000023841858,0,1,0,52,0,0,0,0,0,0,0,0,0,0,0,0,0,0,0,0,95.0,8.319242858886719,1.0,0.0,-0.00141201913356781,0.02999727427959442,0.0,0.0,0.0,0.24659733474254608,map_a,map_a_open,RULESET_V3_M1_OWN_FLAG_HOME,73b77ac3a0efb2c33a4498544c96bb702a656cbbfe17af18ec859c6d6b4c2142,True
66,pi_B_specialist_2v2_dual_branch_v1,2508,17600,8,76,,OP3,OPPONENT_POOL,train,map_a_open,-1,0,SCRIPTED:OP7,6,0,0,0,0,240,0.5199999809265137,0,1,0,61,0,0,0,0,0,0,0,0,0,0,0,0,0,0,0,0,,6.0176854451497395,-0.5,0.0,-0.0014479458332061768,0.0,0.0,0.0,0.0,-0.12444210052490234,map_a,map_a_open,RULESET_V3_M1_OWN_FLAG_HOME,73b77ac3a0efb2c33a4498544c96bb702a656cbbfe17af18ec859c6d6b4c2142,True
67,pi_B_specialist_2v2_dual_branch_v1,2508,17616,8,77,,OP3,OPPONENT_POOL,train,map_a_open,-1,0,SCRIPTED:OP7,6,1,1,0,1,240,0.5600000023841858,0,1,0,54,0,0,0,0,0,0,0,0,0,0,0,0,0,0,0,0,33.0,6.283168538411458,1.0,0.0,-0.006011053919792175,0.049996472895145416,0.0,0.0,0.0,0.24750109016895294,map_a,map_a_open,RULESET_V3_M1_OWN_FLAG_HOME,73b77ac3a0efb2c33a4498544c96bb702a656cbbfe17af18ec859c6d6b4c2142,True
68,pi_B_specialist_2v2_dual_branch_v1,2508,18208,8,114,,OP3,OPPONENT_POOL,train,map_a_open,-1,0,SCRIPTED:OP7,6,0,0,0,0,240,0.6399999856948853,1,0,0,98,0,0,0,0,0,0,0,0,0,0,0,0,0,0,0,0,,5.8271031697591145,-0.5,0.0,-0.0018958747386932373,0.0,0.0,0.0,-0.004000000189989805,-0.12545405328273773,map_a,map_a_open,RULESET_V3_M1_OWN_FLAG_HOME,73b77ac3a0efb2c33a4498544c96bb702a656cbbfe17af18ec859c6d6b4c2142,True
69,pi_B_specialist_2v2_dual_branch_v1,2508,18608,9,11,,OP3,OPPONENT_POOL,train,map_a_open,-1,0,SCRIPTED:OP7,6,0,0,0,0,240,0.5600000023841858,0,2,0,86,0,0,0,0,0,0,0,0,0,0,0,0,0,0,0,0,,6.007157897949218,-0.5,0.0,-0.0019389092922210693,0.0,0.0,0.0,-0.004000000189989805,-0.12545669078826904,map_a,map_a_open,RULESET_V3_M1_OWN_FLAG_HOME,73b77ac3a0efb2c33a4498544c96bb702a656cbbfe17af18ec859c6d6b4c2142,True
70,pi_B_specialist_2v2_dual_branch_v1,2508,19200,9,48,,OP3,OPPONENT_POOL,train,map_a_open,-1,0,SCRIPTED:OP7,6,1,1,0,1,240,0.5600000023841858,1,0,0,92,0,0,0,0,0,0,0,0,0,0,0,0,0,0,0,0,138.0,5.381316121419271,1.0,0.0,-0.01622682809829712,0.0,0.0,0.0,-0.00800000037997961,0.24208320677280426,map_a,map_a_open,RULESET_V3_M1_OWN_FLAG_HOME,73b77ac3a0efb2c33a4498544c96bb702a656cbbfe17af18ec859c6d6b4c2142,True
71,pi_B_specialist_2v2_dual_branch_v1,2508,19200,9,48,,OP3,OPPONENT_POOL,train,map_a_open,-1,0,SCRIPTED:OP7,6,1,2,1,1,240,0.47999998927116394,0,1,0,85,0,0,0,0,0,0,0,0,0,0,0,0,0,0,0,0,74.0,5.820380655924479,1.0,0.0,-0.0008766651153564453,0.0,0.0,0.0,-0.00800000037997961,0.24298614263534546,map_a,map_a_open,RULESET_V3_M1_OWN_FLAG_HOME,73b77ac3a0efb2c33a4498544c96bb702a656cbbfe17af18ec859c6d6b4c2142,True
72,pi_B_specialist_2v2_dual_branch_v1,2508,19200,9,48,,OP3,OPPONENT_POOL,train,map_a_open,-1,0,SCRIPTED:OP7,6,0,0,0,0,240,0.5999999642372131,1,0,0,78,0,0,0,0,0,0,0,0,0,0,0,0,0,0,0,0,,6.125337727864584,-0.5,0.0,0.0009223967790603638,0.04999999701976776,0.0,0.0,0.0,-0.12121834605932236,map_a,map_a_open,RULESET_V3_M1_OWN_FLAG_HOME,73b77ac3a0efb2c33a4498544c96bb702a656cbbfe17af18ec859c6d6b4c2142,True
73,pi_B_specialist_2v2_dual_branch_v1,2508,19200,9,48,,OP3,OPPONENT_POOL,train,map_a_open,-1,0,SCRIPTED:OP7,6,1,1,0,1,240,0.6399999856948853,0,1,0,78,0,0,0,0,0,0,0,0,0,0,0,0,0,0,0,0,133.0,6.130084228515625,1.0,0.0,0.004628241062164307,0.0,0.0,0.0,-0.004000000189989805,0.24425043165683746,map_a,map_a_open,RULESET_V3_M1_OWN_FLAG_HOME,73b77ac3a0efb2c33a4498544c96bb702a656cbbfe17af18ec859c6d6b4c2142,True
74,pi_B_specialist_2v2_dual_branch_v1,2508,19200,9,48,,OP3,OPPONENT_POOL,train,map_a_open,-1,0,SCRIPTED:OP7,6,1,1,0,1,240,0.5199999809265137,0,1,0,47,0,0,0,0,0,0,0,0,0,0,0,0,0,0,0,0,137.0,7.290745544433594,1.0,0.0,-0.011039242148399353,0.04999999701976776,0.0,0.0,0.0,0.24720627069473267,map_a,map_a_open,RULESET_V3_M1_OWN_FLAG_HOME,73b77ac3a0efb2c33a4498544c96bb702a656cbbfe17af18ec859c6d6b4c2142,True
75,pi_B_specialist_2v2_dual_branch_v1,2508,19200,9,48,,OP3,OPPONENT_POOL,train,map_a_open,-1,0,SCRIPTED:OP7,6,1,1,0,1,240,0.5999999642372131,0,1,0,73,0,0,0,0,0,0,0,0,0,0,0,0,0,0,0,0,223.0,5.952765909830729,1.0,0.0,-0.0015632808208465576,0.0,0.0,0.0,-0.004000000189989805,0.24388651549816132,map_a,map_a_open,RULESET_V3_M1_OWN_FLAG_HOME,73b77ac3a0efb2c33a4498544c96bb702a656cbbfe17af18ec859c6d6b4c2142,True
76,pi_B_specialist_2v2_dual_branch_v1,2508,19200,9,48,,OP3,OPPONENT_POOL,train,map_a_open,-1,0,SCRIPTED:OP7,6,1,2,0,2,240,0.6800000071525574,1,0,0,58,0,0,0,0,0,0,0,0,0,0,0,0,0,0,0,0,97.0,5.599763488769531,1.0,0.0,0.01135757565498352,0.0,0.0,0.0,-0.004000000189989805,0.2446458786725998,map_a,map_a_open,RULESET_V3_M1_OWN_FLAG_HOME,73b77ac3a0efb2c33a4498544c96bb702a656cbbfe17af18ec859c6d6b4c2142,True
77,pi_B_specialist_2v2_dual_branch_v1,2508,19200,9,48,,OP3,OPPONENT_POOL,train,map_a_open,-1,0,SCRIPTED:OP7,6,1,1,0,1,240,0.5999999642372131,0,1,0,86,0,0,0,0,0,0,0,0,0,0,0,0,0,0,0,0,84.0,6.0912114461263025,1.0,0.0,-0.0014664530754089355,0.0,0.0,0.0,-0.004000000189989805,0.24389220774173737,map_a,map_a_open,RULESET_V3_M1_OWN_FLAG_HOME,73b77ac3a0efb2c33a4498544c96bb702a656cbbfe17af18ec859c6d6b4c2142,True
78,pi_B_specialist_2v2_dual_branch_v1,2508,19200,9,48,,OP3,OPPONENT_POOL,train,map_a_open,-1,0,SCRIPTED:OP7,6,0,0,0,0,240,0.5999999642372131,0,2,0,83,0,0,0,0,0,0,0,0,0,0,0,0,0,0,0,0,,6.1313532511393225,-0.5,0.0,-0.0015347301959991455,0.0,0.0,0.0,-0.004000000189989805,-0.1254318356513977,map_a,map_a_open,RULESET_V3_M1_OWN_FLAG_HOME,73b77ac3a0efb2c33a4498544c96bb702a656cbbfe17af18ec859c6d6b4c2142,True
79,pi_B_specialist_2v2_dual_branch_v1,2508,19200,9,48,,OP3,OPPONENT_POOL,train,map_a_open,-1,0,SCRIPTED:OP7,6,1,1,0,1,240,0.6399999856948853,1,0,0,45,0,0,0,0,0,0,0,0,0,0,0,0,0,0,0,0,103.0,8.220018513997395,1.0,0.0,0.0031515955924987793,0.04062499850988388,0.0,0.0,0.0,0.2474888414144516,map_a,map_a_open,RULESET_V3_M1_OWN_FLAG_HOME,73b77ac3a0efb2c33a4498544c96bb702a656cbbfe17af18ec859c6d6b4c2142,True
80,pi_B_specialist_2v2_dual_branch_v1,2508,19200,9,48,,OP3,OPPONENT_POOL,train,map_a_open,-1,0,SCRIPTED:OP7,6,0,0,0,0,240,0.6399999856948853,1,0,0,87,0,0,0,0,0,0,0,0,0,0,0,0,0,0,0,0,,5.6320556640625,-0.5,0.0,0.017545044422149658,0.0,0.0,0.0,0.0,-0.12327325344085693,map_a,map_a_open,RULESET_V3_M1_OWN_FLAG_HOME,73b77ac3a0efb2c33a4498544c96bb702a656cbbfe17af18ec859c6d6b4c2142,True
81,pi_B_specialist_2v2_dual_branch_v1,2508,20880,10,25,,OP3,OPPONENT_POOL,train,map_a_open,-1,0,SCRIPTED:OP7,6,0,0,0,0,240,0.6399999856948853,0,2,0,77,0,0,0,0,0,0,0,0,0,0,0,0,0,0,0,0,,5.959629821777344,-0.5,0.0,0.015104711055755615,0.0,0.0,0.0,-0.004000000189989805,-0.12440809607505798,map_a,map_a_open,RULESET_V3_M1_OWN_FLAG_HOME,73b77ac3a0efb2c33a4498544c96bb702a656cbbfe17af18ec859c6d6b4c2142,True
82,pi_B_specialist_2v2_dual_branch_v1,2508,21440,10,60,,OP3,OPPONENT_POOL,train,map_a_open,-1,0,SCRIPTED:OP7,6,1,1,0,1,240,0.47999998927116394,1,0,0,82,0,0,0,0,0,0,0,0,0,0,0,0,0,0,0,0,176.0,5.878621419270833,1.0,0.0,0.0005872994661331177,0.0,0.0,0.0,-0.004000000189989805,0.24401292204856873,map_a,map_a_open,RULESET_V3_M1_OWN_FLAG_HOME,73b77ac3a0efb2c33a4498544c96bb702a656cbbfe17af18ec859c6d6b4c2142,True
83,pi_B_specialist_2v2_dual_branch_v1,2508,21456,10,61,,OP3,OPPONENT_POOL,train,map_a_open,-1,0,SCRIPTED:OP7,6,1,2,0,2,240,0.5600000023841858,0,1,0,87,0,0,0,0,0,0,0,0,0,0,0,0,0,0,0,0,188.0,6.029609680175781,1.0,0.0,0.017596274614334106,0.0,0.0,0.0,0.0,0.24595217406749725,map_a,map_a_open,RULESET_V3_M1_OWN_FLAG_HOME,73b77ac3a0efb2c33a4498544c96bb702a656cbbfe17af18ec859c6d6b4c2142,True
84,pi_B_specialist_2v2_dual_branch_v1,2508,22048,10,98,,OP3,OPPONENT_POOL,train,map_a_open,-1,0,SCRIPTED:OP7,6,1,1,0,1,240,0.5600000023841858,1,0,0,55,0,0,0,0,0,0,0,0,0,0,0,0,0,0,0,0,86.0,6.078080240885416,1.0,0.0,-0.019775390625,0.0,0.0,0.0,-0.004000000189989805,0.24281567335128784,map_a,map_a_open,RULESET_V3_M1_OWN_FLAG_HOME,73b77ac3a0efb2c33a4498544c96bb702a656cbbfe17af18ec859c6d6b4c2142,True
85,pi_B_specialist_2v2_dual_branch_v1,2508,22448,10,123,,OP3,OPPONENT_POOL,train,map_a_open,-1,0,SCRIPTED:OP7,6,0,0,0,0,240,0.5600000023841858,1,0,0,62,0,0,0,0,0,0,0,0,0,0,0,0,0,0,0,0,,6.370638529459636,-0.5,0.0,0.017824143171310425,0.0,0.0,0.0,0.0,-0.12325607240200043,map_a,map_a_open,RULESET_V3_M1_OWN_FLAG_HOME,73b77ac3a0efb2c33a4498544c96bb702a656cbbfe17af18ec859c6d6b4c2142,True
86,pi_B_specialist_2v2_dual_branch_v1,2508,23040,11,32,,OP3,OPPONENT_POOL,train,map_a_open,-1,0,SCRIPTED:OP7,6,1,1,0,1,240,0.6800000071525574,1,0,0,44,0,0,0,0,0,0,0,0,0,0,0,0,0,0,0,0,117.0,6.875145467122396,1.0,0.0,-0.0025351345539093018,0.014995534904301167,0.0,0.0,-0.004000000189989805,0.24471068382263184,map_a,map_a_open,RULESET_V3_M1_OWN_FLAG_HOME,73b77ac3a0efb2c33a4498544c96bb702a656cbbfe17af18ec859c6d6b4c2142,True
87,pi_B_specialist_2v2_dual_branch_v1,2508,23040,11,32,,OP3,OPPONENT_POOL,train,map_a_open,-1,0,SCRIPTED:OP7,6,0,0,1,-1,240,0.5999999642372131,0,1,0,85,0,0,0,0,0,0,0,0,0,0,0,0,0,0,0,0,77.0,5.508176167805989,-1.0,0.0,0.015872478485107422,0.0,0.0,0.0,-0.004000000189989805,-0.24492613971233368,map_a,map_a_open,RULESET_V3_M1_OWN_FLAG_HOME,73b77ac3a0efb2c33a4498544c96bb702a656cbbfe17af18ec859c6d6b4c2142,True
88,pi_B_specialist_2v2_dual_branch_v1,2508,23040,11,32,,OP3,OPPONENT_POOL,train,map_a_open,-1,0,SCRIPTED:OP7,6,0,0,0,0,240,0.6399999856948853,1,0,0,68,0,0,0,0,0,0,0,0,0,0,0,0,0,0,0,0,,5.875521341959636,-0.5,0.0,-0.010698467493057251,0.02999974973499775,0.0,0.0,0.0,-0.12316515296697617,map_a,map_a_open,RULESET_V3_M1_OWN_FLAG_HOME,73b77ac3a0efb2c33a4498544c96bb702a656cbbfe17af18ec859c6d6b4c2142,True
89,pi_B_specialist_2v2_dual_branch_v1,2508,23040,11,32,,OP3,OPPONENT_POOL,train,map_a_open,-1,0,SCRIPTED:OP7,6,1,2,0,2,240,0.47999998927116394,0,2,0,97,0,0,0,0,0,0,0,0,0,0,0,0,0,0,0,0,68.0,5.52214609781901,1.0,0.0,0.008625894784927368,0.0,0.0,0.0,0.0,0.24542537331581116,map_a,map_a_open,RULESET_V3_M1_OWN_FLAG_HOME,73b77ac3a0efb2c33a4498544c96bb702a656cbbfe17af18ec859c6d6b4c2142,True
90,pi_B_specialist_2v2_dual_branch_v1,2508,23040,11,32,,OP3,OPPONENT_POOL,train,map_a_open,-1,0,SCRIPTED:OP7,6,1,1,0,1,240,0.6399999856948853,0,2,0,72,0,0,0,0,0,0,0,0,0,0,0,0,0,0,0,0,62.0,6.202546183268229,1.0,0.0,-0.013504058122634888,0.0,0.0,0.0,-0.00800000037997961,0.24224339425563812,map_a,map_a_open,RULESET_V3_M1_OWN_FLAG_HOME,73b77ac3a0efb2c33a4498544c96bb702a656cbbfe17af18ec859c6d6b4c2142,True
91,pi_B_specialist_2v2_dual_branch_v1,2508,23040,11,32,,OP3,OPPONENT_POOL,train,map_a_open,-1,0,SCRIPTED:OP7,6,1,1,0,1,240,0.47999998927116394,0,1,0,62,0,0,0,0,0,0,0,0,0,0,0,0,0,0,0,0,206.0,6.199709065755209,1.0,0.0,-0.002426832914352417,0.0,0.0,0.0,-0.004000000189989805,0.24383574724197388,map_a,map_a_open,RULESET_V3_M1_OWN_FLAG_HOME,73b77ac3a0efb2c33a4498544c96bb702a656cbbfe17af18ec859c6d6b4c2142,True
92,pi_B_specialist_2v2_dual_branch_v1,2508,23040,11,32,,OP3,OPPONENT_POOL,train,map_a_open,-1,0,SCRIPTED:OP7,6,1,1,0,1,240,0.6399999856948853,0,1,0,63,0,0,0,0,0,0,0,0,0,0,0,0,0,0,0,0,124.0,5.876392618815104,1.0,0.0,-0.020874232053756714,0.0,0.0,0.0,-0.00800000037997961,0.24180974066257477,map_a,map_a_open,RULESET_V3_M1_OWN_FLAG_HOME,73b77ac3a0efb2c33a4498544c96bb702a656cbbfe17af18ec859c6d6b4c2142,True
93,pi_B_specialist_2v2_dual_branch_v1,2508,23040,11,32,,OP3,OPPONENT_POOL,train,map_a_open,-1,0,SCRIPTED:OP7,6,0,1,1,0,240,0.6399999856948853,1,0,0,65,0,0,0,0,0,0,0,0,0,0,0,0,0,0,0,0,62.0,6.090205383300781,-0.5,0.0,-0.0011772215366363525,0.0,0.0,0.0,-0.004000000189989805,-0.12540985643863678,map_a,map_a_open,RULESET_V3_M1_OWN_FLAG_HOME,73b77ac3a0efb2c33a4498544c96bb702a656cbbfe17af18ec859c6d6b4c2142,True
94,pi_B_specialist_2v2_dual_branch_v1,2508,23040,11,32,,OP3,OPPONENT_POOL,train,map_a_open,-1,0,SCRIPTED:OP7,6,1,1,0,1,240,0.5600000023841858,1,0,0,60,0,0,0,0,0,0,0,0,0,0,0,0,0,0,0,0,57.0,5.81845703125,1.0,0.0,0.01240810751914978,0.0,0.0,0.0,-0.004000000189989805,0.2447076141834259,map_a,map_a_open,RULESET_V3_M1_OWN_FLAG_HOME,73b77ac3a0efb2c33a4498544c96bb702a656cbbfe17af18ec859c6d6b4c2142,True
95,pi_B_specialist_2v2_dual_branch_v1,2508,23040,11,32,,OP3,OPPONENT_POOL,train,map_a_open,-1,0,SCRIPTED:OP7,6,0,0,0,0,240,0.5999999642372131,0,1,0,80,0,0,0,0,0,0,0,0,0,0,0,0,0,0,0,0,,6.33770751953125,-0.5,0.0,-0.01680353283882141,0.0,0.0,0.0,-0.00800000037997961,-0.1273549199104309,map_a,map_a_open,RULESET_V3_M1_OWN_FLAG_HOME,73b77ac3a0efb2c33a4498544c96bb702a656cbbfe17af18ec859c6d6b4c2142,True
96,pi_B_specialist_2v2_dual_branch_v1,2508,23040,11,32,,OP3,OPPONENT_POOL,train,map_a_open,-1,0,SCRIPTED:OP7,6,0,0,0,0,240,0.5199999809265137,0,1,0,99,0,0,0,0,0,0,0,0,0,0,0,0,0,0,0,0,,5.206316630045573,-0.5,0.0,0.01763901114463806,0.0,0.0,0.0,-0.00800000037997961,-0.1252366006374359,map_a,map_a_open,RULESET_V3_M1_OWN_FLAG_HOME,73b77ac3a0efb2c33a4498544c96bb702a656cbbfe17af18ec859c6d6b4c2142,True
97,pi_B_specialist_2v2_dual_branch_v1,2508,24720,12,9,,OP3,OPPONENT_POOL,train,map_a_open,-1,0,SCRIPTED:OP7,6,0,0,0,0,240,0.5999999642372131,0,2,0,91,0,0,0,0,0,0,0,0,0,0,0,0,0,0,0,0,,5.900396728515625,-0.5,0.0,-0.0014644861221313477,0.0,0.0,0.0,-0.004000000189989805,-0.12542752921581268,map_a,map_a_open,RULESET_V3_M1_OWN_FLAG_HOME,73b77ac3a0efb2c33a4498544c96bb702a656cbbfe17af18ec859c6d6b4c2142,True
98,pi_B_specialist_2v2_dual_branch_v1,2508,25280,12,44,,OP3,OPPONENT_POOL,train,map_a_open,-1,0,SCRIPTED:OP7,6,0,0,0,0,240,0.5999999642372131,1,0,0,41,0,0,0,0,0,0,0,0,0,0,0,0,0,0,0,0,,7.928167724609375,-0.5,0.0,-0.00465354323387146,0.014996089041233063,0.0,0.0,0.0,-0.12371654063463211,map_a,map_a_open,RULESET_V3_M1_OWN_FLAG_HOME,73b77ac3a0efb2c33a4498544c96bb702a656cbbfe17af18ec859c6d6b4c2142,True
99,pi_B_specialist_2v2_dual_branch_v1,2508,25296,12,45,,OP3,OPPONENT_POOL,train,map_a_open,-1,0,SCRIPTED:OP7,6,0,0,1,-1,240,0.6399999856948853,0,1,0,66,0,0,0,0,0,0,0,0,0,0,0,0,0,0,0,0,111.0,6.111006164550782,-1.0,0.0,-0.019733160734176636,0.0,0.0,0.0,-0.004000000189989805,-0.24701683223247528,map_a,map_a_open,RULESET_V3_M1_OWN_FLAG_HOME,73b77ac3a0efb2c33a4498544c96bb702a656cbbfe17af18ec859c6d6b4c2142,True
100,pi_B_specialist_2v2_dual_branch_v1,2508,25888,12,82,,OP3,OPPONENT_POOL,train,map_a_open,-1,0,SCRIPTED:OP7,6,0,0,0,0,240,0.5199999809265137,1,0,0,73,0,0,0,0,0,0,0,0,0,0,0,0,0,0,0,0,,6.458027648925781,-0.5,0.0,-0.0015434622764587402,0.0,0.0,0.0,-0.00800000037997961,-0.12641651928424835,map_a,map_a_open,RULESET_V3_M1_OWN_FLAG_HOME,73b77ac3a0efb2c33a4498544c96bb702a656cbbfe17af18ec859c6d6b4c2142,True
101,pi_B_specialist_2v2_dual_branch_v1,2508,26288,12,107,,OP3,OPPONENT_POOL,train,map_a_open,-1,0,SCRIPTED:OP7,6,1,1,0,1,240,0.47999998927116394,0,1,0,71,0,0,0,0,0,0,0,0,0,0,0,0,0,0,0,0,221.0,6.006723022460937,1.0,0.0,-0.020526498556137085,0.0,0.0,0.0,-0.004000000189989805,0.24277149140834808,map_a,map_a_open,RULESET_V3_M1_OWN_FLAG_HOME,73b77ac3a0efb2c33a4498544c96bb702a656cbbfe17af18ec859c6d6b4c2142,True
102,pi_B_specialist_2v2_dual_branch_v1,2508,26880,13,16,,OP3,OPPONENT_POOL,train,map_a_open,-1,0,SCRIPTED:OP7,6,0,1,1,0,240,0.5999999642372131,0,1,0,53,0,0,0,0,0,0,0,0,0,0,0,0,0,0,0,0,90.0,6.137777709960938,-0.5,0.0,-0.0014435946941375732,0.0,0.0,0.0,-0.004000000189989805,-0.12542623281478882,map_a,map_a_open,RULESET_V3_M1_OWN_FLAG_HOME,73b77ac3a0efb2c33a4498544c96bb702a656cbbfe17af18ec859c6d6b4c2142,True
103,pi_B_specialist_2v2_dual_branch_v1,2508,26880,13,16,,OP3,OPPONENT_POOL,train,map_a_open,-1,0,SCRIPTED:OP7,6,0,0,0,0,240,0.5600000023841858,0,2,0,75,0,0,0,0,0,0,0,0,0,0,0,0,0,0,0,0,,6.9626103719075525,-0.5,0.0,-0.0034285634756088257,0.04062499850988388,0.0,0.0,-0.004000000189989805,-0.12304850667715073,map_a,map_a_open,RULESET_V3_M1_OWN_FLAG_HOME,73b77ac3a0efb2c33a4498544c96bb702a656cbbfe17af18ec859c6d6b4c2142,True
104,pi_B_specialist_2v2_dual_branch_v1,2508,26880,13,16,,OP3,OPPONENT_POOL,train,map_a_open,-1,0,SCRIPTED:OP7,6,0,0,0,0,240,0.5999999642372131,1,0,0,63,0,0,0,0,0,0,0,0,0,0,0,0,0,0,0,0,,6.7319793701171875,-0.5,0.0,0.0033028125762939453,0.0,0.0,0.0,0.0,-0.12414976954460144,map_a,map_a_open,RULESET_V3_M1_OWN_FLAG_HOME,73b77ac3a0efb2c33a4498544c96bb702a656cbbfe17af18ec859c6d6b4c2142,True
105,pi_B_specialist_2v2_dual_branch_v1,2508,26880,13,16,,OP3,OPPONENT_POOL,train,map_a_open,-1,0,SCRIPTED:OP7,6,0,0,0,0,240,0.5600000023841858,0,1,0,81,0,0,0,0,0,0,0,0,0,0,0,0,0,0,0,0,,6.021826171875,-0.5,0.0,-0.001630544662475586,0.0,0.0,0.0,-0.004000000189989805,-0.12543773651123047,map_a,map_a_open,RULESET_V3_M1_OWN_FLAG_HOME,73b77ac3a0efb2c33a4498544c96bb702a656cbbfe17af18ec859c6d6b4c2142,True
106,pi_B_specialist_2v2_dual_branch_v1,2508,26880,13,16,,OP3,OPPONENT_POOL,train,map_a_open,-1,0,SCRIPTED:OP7,6,0,0,0,0,240,0.5199999809265137,1,0,0,51,0,0,0,0,0,0,0,0,0,0,0,0,0,0,0,0,,6.139478047688802,-0.5,0.0,-0.002392381429672241,0.0,0.0,0.0,-0.004000000189989805,-0.12548458576202393,map_a,map_a_open,RULESET_V3_M1_OWN_FLAG_HOME,73b77ac3a0efb2c33a4498544c96bb702a656cbbfe17af18ec859c6d6b4c2142,True
107,pi_B_specialist_2v2_dual_branch_v1,2508,26880,13,16,,OP3,OPPONENT_POOL,train,map_a_open,-1,0,SCRIPTED:OP7,6,1,1,0,1,240,0.6399999856948853,1,0,0,49,0,0,0,0,0,0,0,0,0,0,0,0,0,0,0,0,56.0,6.289298502604167,1.0,0.0,-0.001360088586807251,0.0,0.0,0.0,-0.004000000189989805,0.2438984513282776,map_a,map_a_open,RULESET_V3_M1_OWN_FLAG_HOME,73b77ac3a0efb2c33a4498544c96bb702a656cbbfe17af18ec859c6d6b4c2142,True
108,pi_B_specialist_2v2_dual_branch_v1,2508,26880,13,16,,OP3,OPPONENT_POOL,train,map_a_open,-1,0,SCRIPTED:OP7,6,0,0,0,0,240,0.6399999856948853,1,0,0,51,0,0,0,0,0,0,0,0,0,0,0,0,0,0,0,0,,6.394185384114583,-0.5,0.0,0.014967232942581177,0.0,0.0,0.0,-0.00800000037997961,-0.12540096044540405,map_a,map_a_open,RULESET_V3_M1_OWN_FLAG_HOME,73b77ac3a0efb2c33a4498544c96bb702a656cbbfe17af18ec859c6d6b4c2142,True
109,pi_B_specialist_2v2_dual_branch_v1,2508,26880,13,16,,OP3,OPPONENT_POOL,train,map_a_open,-1,0,SCRIPTED:OP7,6,1,1,0,1,240,0.6800000071525574,1,0,0,29,0,0,0,0,0,0,0,0,0,0,0,0,0,0,0,0,85.0,7.7612767537434895,1.0,0.0,-0.0019498765468597412,0.04062499850988388,0.0,0.0,0.0,0.24718952178955078,map_a,map_a_open,RULESET_V3_M1_OWN_FLAG_HOME,73b77ac3a0efb2c33a4498544c96bb702a656cbbfe17af18ec859c6d6b4c2142,True
110,pi_B_specialist_2v2_dual_branch_v1,2508,26880,13,16,,OP3,OPPONENT_POOL,train,map_a_open,-1,0,SCRIPTED:OP7,6,1,2,0,2,240,0.4399999976158142,0,1,0,73,0,0,0,0,0,0,0,0,0,0,0,0,0,0,0,0,35.0,5.4083002726236975,1.0,0.0,0.016060292720794678,0.0,0.0,0.0,0.0,0.2458619773387909,map_a,map_a_open,RULESET_V3_M1_OWN_FLAG_HOME,73b77ac3a0efb2c33a4498544c96bb702a656cbbfe17af18ec859c6d6b4c2142,True
111,pi_B_specialist_2v2_dual_branch_v1,2508,26880,13,16,,OP3,OPPONENT_POOL,train,map_a_open,-1,0,SCRIPTED:OP7,6,0,0,0,0,240,0.5600000023841858,1,0,0,66,0,0,0,0,0,0,0,0,0,0,0,0,0,0,0,0,,6.6047114054361975,-0.5,0.0,0.017252624034881592,0.0,0.0,0.0,0.0,-0.1232912465929985,map_a,map_a_open,RULESET_V3_M1_OWN_FLAG_HOME,73b77ac3a0efb2c33a4498544c96bb702a656cbbfe17af18ec859c6d6b4c2142,True
112,pi_B_specialist_2v2_dual_branch_v1,2508,26880,13,16,,OP3,OPPONENT_POOL,train,map_a_open,-1,0,SCRIPTED:OP7,6,1,1,0,1,240,0.5999999642372131,1,0,0,35,0,0,0,0,0,0,0,0,0,0,0,0,0,0,0,0,168.0,6.126141866048177,1.0,0.0,0.003775954246520996,0.0,0.0,0.0,0.0,0.24514049291610718,map_a,map_a_open,RULESET_V3_M1_OWN_FLAG_HOME,73b77ac3a0efb2c33a4498544c96bb702a656cbbfe17af18ec859c6d6b4c2142,True
113,pi_B_specialist_2v2_dual_branch_v1,2508,28560,13,121,,OP3,OPPONENT_POOL,train,map_a_open,-1,0,SCRIPTED:OP7,6,1,2,0,2,240,0.6800000071525574,1,0,0,77,0,0,0,0,0,0,0,0,0,0,0,0,0,0,0,0,120.0,6.020617167154948,1.0,0.0,-0.005430787801742554,0.0,0.0,0.0,-0.00800000037997961,0.24271830916404724,map_a,map_a_open,RULESET_V3_M1_OWN_FLAG_HOME,73b77ac3a0efb2c33a4498544c96bb702a656cbbfe17af18ec859c6d6b4c2142,True
114,pi_B_specialist_2v2_dual_branch_v1,2508,29120,14,28,,OP3,OPPONENT_POOL,train,map_a_open,-1,0,SCRIPTED:OP7,6,1,2,0,2,240,0.5999999642372131,1,0,0,82,0,0,0,0,0,0,0,0,0,0,0,0,0,0,0,0,60.0,6.265013631184896,1.0,0.0,-0.014680624008178711,0.0,0.0,0.0,0.0,0.24405595660209656,map_a,map_a_open,RULESET_V3_M1_OWN_FLAG_HOME,73b77ac3a0efb2c33a4498544c96bb702a656cbbfe17af18ec859c6d6b4c2142,True
115,pi_B_specialist_2v2_dual_branch_v1,2508,29136,14,29,,OP3,OPPONENT_POOL,train,map_a_open,-1,0,SCRIPTED:OP7,6,0,0,0,0,240,0.6800000071525574,0,1,0,63,0,0,0,0,0,0,0,0,0,0,0,0,0,0,0,0,,6.456031799316406,-0.5,0.0,0.017705336213111877,0.054999999701976776,0.0,0.0,0.0,-0.1198766902089119,map_a,map_a_open,RULESET_V3_M1_OWN_FLAG_HOME,73b77ac3a0efb2c33a4498544c96bb702a656cbbfe17af18ec859c6d6b4c2142,True
116,pi_B_specialist_2v2_dual_branch_v1,2508,29728,14,66,,OP3,OPPONENT_POOL,train,map_a_open,-1,0,SCRIPTED:OP7,6,0,0,0,0,240,0.5199999809265137,1,0,0,67,0,0,0,0,0,0,0,0,0,0,0,0,0,0,0,0,,6.36480712890625,-0.5,0.0,-0.00185433030128479,0.0,0.0,0.0,-0.004000000189989805,-0.12545150518417358,map_a,map_a_open,RULESET_V3_M1_OWN_FLAG_HOME,73b77ac3a0efb2c33a4498544c96bb702a656cbbfe17af18ec859c6d6b4c2142,True
117,pi_B_specialist_2v2_dual_branch_v1,2508,30128,14,91,,OP3,OPPONENT_POOL,train,map_a_open,-1,0,SCRIPTED:OP7,6,1,1,0,1,240,0.6399999856948853,1,0,0,33,0,0,0,0,0,0,0,0,0,0,0,0,0,0,0,0,56.0,9.046767171223959,1.0,0.0,-0.009293287992477417,0.04999999701976776,0.0,0.0,0.0,0.24730871617794037,map_a,map_a_open,RULESET_V3_M1_OWN_FLAG_HOME,73b77ac3a0efb2c33a4498544c96bb702a656cbbfe17af18ec859c6d6b4c2142,True
118,pi_B_specialist_2v2_dual_branch_v1,2508,30720,14,128,,OP3,OPPONENT_POOL,train,map_a_open,-1,0,SCRIPTED:OP7,6,1,1,0,1,240,0.5199999809265137,1,0,0,67,0,0,0,0,0,0,0,0,0,0,0,0,0,0,0,0,191.0,6.502581278483073,1.0,0.0,0.017478346824645996,0.0,0.0,0.0,0.0,0.2459452599287033,map_a,map_a_open,RULESET_V3_M1_OWN_FLAG_HOME,73b77ac3a0efb2c33a4498544c96bb702a656cbbfe17af18ec859c6d6b4c2142,True
119,pi_B_specialist_2v2_dual_branch_v1,2508,30720,14,128,,OP3,OPPONENT_POOL,train,map_a_open,-1,0,SCRIPTED:OP7,6,1,2,0,2,240,0.5199999809265137,0,2,0,72,0,0,0,0,0,0,0,0,0,0,0,0,0,0,0,0,34.0,5.442433166503906,1.0,0.0,-0.01624453067779541,0.0,0.0,0.0,-0.004000000189989805,0.2430233210325241,map_a,map_a_open,RULESET_V3_M1_OWN_FLAG_HOME,73b77ac3a0efb2c33a4498544c96bb702a656cbbfe17af18ec859c6d6b4c2142,True
120,pi_B_specialist_2v2_dual_branch_v1,2508,30720,14,128,,OP3,OPPONENT_POOL,train,map_a_open,-1,0,SCRIPTED:OP7,6,0,0,0,0,240,0.6800000071525574,1,0,0,106,0,0,0,0,0,0,0,0,0,0,0,0,0,0,0,0,,5.839029947916667,-0.5,0.0,0.009902805089950562,0.0,0.0,0.0,0.0,-0.12374360859394073,map_a,map_a_open,RULESET_V3_M1_OWN_FLAG_HOME,73b77ac3a0efb2c33a4498544c96bb702a656cbbfe17af18ec859c6d6b4c2142,True
121,pi_B_specialist_2v2_dual_branch_v1,2508,30720,14,128,,OP3,OPPONENT_POOL,train,map_a_open,-1,0,SCRIPTED:OP7,6,1,1,0,1,240,0.5999999642372131,0,1,0,58,0,0,0,0,0,0,0,0,0,0,0,0,0,0,0,0,201.0,5.85284423828125,1.0,0.0,0.013120979070663452,0.0,0.0,0.0,-0.004000000189989805,0.2447495013475418,map_a,map_a_open,RULESET_V3_M1_OWN_FLAG_HOME,73b77ac3a0efb2c33a4498544c96bb702a656cbbfe17af18ec859c6d6b4c2142,True
122,pi_B_specialist_2v2_dual_branch_v1,2508,30720,14,128,,OP3,OPPONENT_POOL,train,map_a_open,-1,0,SCRIPTED:OP7,6,0,0,0,0,240,0.6399999856948853,0,1,0,50,0,0,0,0,0,0,0,0,0,0,0,0,0,0,0,0,,6.390657552083334,-0.5,0.0,-0.018403321504592896,0.0,0.0,0.0,-0.00800000037997961,-0.1274532824754715,map_a,map_a_open,RULESET_V3_M1_OWN_FLAG_HOME,73b77ac3a0efb2c33a4498544c96bb702a656cbbfe17af18ec859c6d6b4c2142,True
123,pi_B_specialist_2v2_dual_branch_v1,2508,30720,14,128,,OP3,OPPONENT_POOL,train,map_a_open,-1,0,SCRIPTED:OP7,6,0,0,0,0,240,0.6800000071525574,0,1,0,69,0,0,0,0,0,0,0,0,0,0,0,0,0,0,0,0,,6.428987630208334,-0.5,0.0,0.01741042733192444,0.0,0.0,0.0,-0.004000000189989805,-0.12426622211933136,map_a,map_a_open,RULESET_V3_M1_OWN_FLAG_HOME,73b77ac3a0efb2c33a4498544c96bb702a656cbbfe17af18ec859c6d6b4c2142,True
124,pi_B_specialist_2v2_dual_branch_v1,2508,30720,14,128,,OP3,OPPONENT_POOL,train,map_a_open,-1,0,SCRIPTED:OP7,6,1,1,0,1,240,0.5999999642372131,0,1,0,76,0,0,0,0,0,0,0,0,0,0,0,0,0,0,0,0,206.0,6.046672058105469,1.0,0.0,-0.003941982984542847,0.0,0.0,0.0,-0.004000000189989805,0.24374668300151825,map_a,map_a_open,RULESET_V3_M1_OWN_FLAG_HOME,73b77ac3a0efb2c33a4498544c96bb702a656cbbfe17af18ec859c6d6b4c2142,True
125,pi_B_specialist_2v2_dual_branch_v1,2508,30720,14,128,,OP3,OPPONENT_POOL,train,map_a_open,-1,0,SCRIPTED:OP7,6,0,0,0,0,240,0.5600000023841858,1,0,0,45,0,0,0,0,0,0,0,0,0,0,0,0,0,0,0,0,,7.201327514648438,-0.5,0.0,-0.005911082029342651,0.0,0.0,0.0,0.0,-0.12471672147512436,map_a,map_a_open,RULESET_V3_M1_OWN_FLAG_HOME,73b77ac3a0efb2c33a4498544c96bb702a656cbbfe17af18ec859c6d6b4c2142,True
126,pi_B_specialist_2v2_dual_branch_v1,2508,30720,14,128,,OP3,OPPONENT_POOL,train,map_a_open,-1,0,SCRIPTED:OP7,6,0,0,0,0,240,0.7199999690055847,0,1,0,34,0,0,0,0,0,0,0,0,0,0,0,0,0,0,0,0,,8.612822469075521,-0.5,0.0,-0.0036750733852386475,0.005624999292194843,0.0,0.0,-0.004000000189989805,-0.12521745264530182,map_a,map_a_open,RULESET_V3_M1_OWN_FLAG_HOME,73b77ac3a0efb2c33a4498544c96bb702a656cbbfe17af18ec859c6d6b4c2142,True
127,pi_B_specialist_2v2_dual_branch_v1,2508,30720,14,128,,OP3,OPPONENT_POOL,train,map_a_open,-1,0,SCRIPTED:OP7,6,1,1,0,1,240,0.5999999642372131,0,2,0,57,0,0,0,0,0,0,0,0,0,0,0,0,0,0,0,0,109.0,6.486000569661458,1.0,0.0,0.00733068585395813,0.0,0.0,0.0,0.0,0.24534930288791656,map_a,map_a_open,RULESET_V3_M1_OWN_FLAG_HOME,73b77ac3a0efb2c33a4498544c96bb702a656cbbfe17af18ec859c6d6b4c2142,True
128,pi_B_specialist_2v2_dual_branch_v1,2508,30720,14,128,,OP3,OPPONENT_POOL,train,map_a_open,-1,0,SCRIPTED:OP7,6,0,1,1,0,240,0.5600000023841858,0,1,0,66,0,0,0,0,0,0,0,0,0,0,0,0,0,0,0,0,64.0,5.931068420410156,-0.5,0.0,-0.002603471279144287,0.0,0.0,0.0,-0.004000000189989805,-0.12549757957458496,map_a,map_a_open,RULESET_V3_M1_OWN_FLAG_HOME,73b77ac3a0efb2c33a4498544c96bb702a656cbbfe17af18ec859c6d6b4c2142,True
129,pi_B_specialist_2v2_dual_branch_v1,2508,32400,15,105,,OP3,OPPONENT_POOL,train,map_a_open,-1,0,SCRIPTED:OP7,6,0,0,0,0,240,0.5600000023841858,0,2,0,67,0,0,0,0,0,0,0,0,0,0,0,0,0,0,0,0,,6.73402099609375,-0.5,0.0,0.008537590503692627,0.0,0.0,0.0,0.0,-0.12382762879133224,map_a,map_a_open,RULESET_V3_M1_OWN_FLAG_HOME,73b77ac3a0efb2c33a4498544c96bb702a656cbbfe17af18ec859c6d6b4c2142,True
130,pi_B_specialist_2v2_dual_branch_v1,2508,32960,16,12,,OP3,OPPONENT_POOL,train,map_a_open,-1,0,SCRIPTED:OP7,6,0,0,2,-2,240,0.6399999856948853,0,2,0,45,0,0,0,0,0,0,0,0,0,0,0,0,0,0,0,0,36.0,6.864247639973958,-1.0,0.0,0.01439175009727478,0.0,0.0,0.0,0.0,-0.24407294392585754,map_a,map_a_open,RULESET_V3_M1_OWN_FLAG_HOME,73b77ac3a0efb2c33a4498544c96bb702a656cbbfe17af18ec859c6d6b4c2142,True
131,pi_B_specialist_2v2_dual_branch_v1,2508,32976,16,13,,OP3,OPPONENT_POOL,train,map_a_open,-1,0,SCRIPTED:OP7,6,0,0,0,0,240,0.5199999809265137,1,0,0,60,0,0,0,0,0,0,0,0,0,0,0,0,0,0,0,0,,5.959868367513021,-0.5,0.0,-0.0019377171993255615,0.0,0.0,0.0,-0.004000000189989805,-0.12545661628246307,map_a,map_a_open,RULESET_V3_M1_OWN_FLAG_HOME,73b77ac3a0efb2c33a4498544c96bb702a656cbbfe17af18ec859c6d6b4c2142,True
132,pi_B_specialist_2v2_dual_branch_v1,2508,33552,16,49,,OP3,OPPONENT_POOL,train,map_a_open,-1,0,SCRIPTED:OP7,6,1,3,1,2,239,0.6800000071525574,1,0,0,77,0,0,0,0,0,0,0,0,0,0,0,0,0,0,0,0,73.0,6.296558332243724,1.0,0.5,0.007350549101829529,0.0,1.0,100.0,-0.004000000189989805,0.5542253255844116,map_a,map_a_open,RULESET_V3_M1_OWN_FLAG_HOME,73b77ac3a0efb2c33a4498544c96bb702a656cbbfe17af18ec859c6d6b4c2142,True
133,pi_B_specialist_2v2_dual_branch_v1,2508,33968,16,75,,OP3,OPPONENT_POOL,train,map_a_open,-1,0,SCRIPTED:OP7,6,1,1,0,1,240,0.6399999856948853,0,1,0,66,0,0,0,0,0,0,0,0,0,0,0,0,0,0,0,0,56.0,5.725293477376302,1.0,0.0,-0.0027906596660614014,0.0,0.0,0.0,-0.004000000189989805,0.2438143640756607,map_a,map_a_open,RULESET_V3_M1_OWN_FLAG_HOME,73b77ac3a0efb2c33a4498544c96bb702a656cbbfe17af18ec859c6d6b4c2142,True
134,pi_B_specialist_2v2_dual_branch_v1,2508,34560,16,112,,OP3,OPPONENT_POOL,train,map_a_open,-1,0,SCRIPTED:OP7,6,0,0,0,0,240,0.6399999856948853,1,0,0,66,0,0,0,0,0,0,0,0,0,0,0,0,0,0,0,0,,6.261023966471354,-0.5,0.0,0.0059296488761901855,0.0,0.0,0.0,-0.004000000189989805,-0.1249726191163063,map_a,map_a_open,RULESET_V3_M1_OWN_FLAG_HOME,73b77ac3a0efb2c33a4498544c96bb702a656cbbfe17af18ec859c6d6b4c2142,True
135,pi_B_specialist_2v2_dual_branch_v1,2508,34560,16,112,,OP3,OPPONENT_POOL,train,map_a_open,-1,0,SCRIPTED:OP7,6,0,0,0,0,240,0.6399999856948853,0,1,0,41,0,0,0,0,0,0,0,0,0,0,0,0,0,0,0,0,,6.643302917480469,-0.5,0.0,0.01735857129096985,0.0,0.0,0.0,-0.004000000189989805,-0.12426941096782684,map_a,map_a_open,RULESET_V3_M1_OWN_FLAG_HOME,73b77ac3a0efb2c33a4498544c96bb702a656cbbfe17af18ec859c6d6b4c2142,True
136,pi_B_specialist_2v2_dual_branch_v1,2508,34560,16,112,,OP3,OPPONENT_POOL,train,map_a_open,-1,0,SCRIPTED:OP7,6,0,0,0,0,240,0.6399999856948853,1,0,0,63,0,0,0,0,0,0,0,0,0,0,0,0,0,0,0,0,,6.549930318196615,-0.5,0.0,0.0027031004428863525,0.0,0.0,0.0,-0.004000000189989805,-0.12517112493515015,map_a,map_a_open,RULESET_V3_M1_OWN_FLAG_HOME,73b77ac3a0efb2c33a4498544c96bb702a656cbbfe17af18ec859c6d6b4c2142,True
137,pi_B_specialist_2v2_dual_branch_v1,2508,34560,16,112,,OP3,OPPONENT_POOL,train,map_a_open,-1,0,SCRIPTED:OP7,6,0,0,0,0,240,0.5600000023841858,0,1,0,67,0,0,0,0,0,0,0,0,0,0,0,0,0,0,0,0,,5.926465352376302,-0.5,0.0,6.74128532409668e-05,0.0,0.0,0.0,0.0,-0.12434885650873184,map_a,map_a_open,RULESET_V3_M1_OWN_FLAG_HOME,73b77ac3a0efb2c33a4498544c96bb702a656cbbfe17af18ec859c6d6b4c2142,True
138,pi_B_specialist_2v2_dual_branch_v1,2508,34560,16,112,,OP3,OPPONENT_POOL,train,map_a_open,-1,0,SCRIPTED:OP7,6,0,0,0,0,240,0.7599999904632568,1,0,0,47,0,0,0,0,0,0,0,0,0,0,0,0,0,0,0,0,,6.1117909749348955,-0.5,0.0,0.008304402232170105,0.019999999552965164,0.0,0.0,-0.004000000189989805,-0.12359580397605896,map_a,map_a_open,RULESET_V3_M1_OWN_FLAG_HOME,73b77ac3a0efb2c33a4498544c96bb702a656cbbfe17af18ec859c6d6b4c2142,True
139,pi_B_specialist_2v2_dual_branch_v1,2508,34560,16,112,,OP3,OPPONENT_POOL,train,map_a_open,-1,0,SCRIPTED:OP7,6,0,0,0,0,240,0.5199999809265137,1,0,0,54,0,0,0,0,0,0,0,0,0,0,0,0,0,0,0,0,,7.1219736735026045,-0.5,0.0,0.017593055963516235,0.0,0.0,0.0,0.0,-0.12327030301094055,map_a,map_a_open,RULESET_V3_M1_OWN_FLAG_HOME,73b77ac3a0efb2c33a4498544c96bb702a656cbbfe17af18ec859c6d6b4c2142,True
140,pi_B_specialist_2v2_dual_branch_v1,2508,34560,16,112,,OP3,OPPONENT_POOL,train,map_a_open,-1,0,SCRIPTED:OP7,6,0,0,1,-1,240,0.6800000071525574,1,0,0,39,0,0,0,0,0,0,0,0,0,0,0,0,0,0,0,0,66.0,8.352347310384115,-1.0,0.0,0.01004868745803833,0.04999999701976776,0.0,0.0,0.0,-0.2413875162601471,map_a,map_a_open,RULESET_V3_M1_OWN_FLAG_HOME,73b77ac3a0efb2c33a4498544c96bb702a656cbbfe17af18ec859c6d6b4c2142,True
141,pi_B_specialist_2v2_dual_branch_v1,2508,34560,16,112,,OP3,OPPONENT_POOL,train,map_a_open,-1,0,SCRIPTED:OP7,6,1,1,0,1,240,0.8399999737739563,1,0,0,59,0,0,0,0,0,0,0,0,0,0,0,0,0,0,0,0,192.0,7.074751281738282,1.0,0.0,0.005842655897140503,0.0,0.0,0.0,-0.004000000189989805,0.244321808218956,map_a,map_a_open,RULESET_V3_M1_OWN_FLAG_HOME,73b77ac3a0efb2c33a4498544c96bb702a656cbbfe17af18ec859c6d6b4c2142,True
142,pi_B_specialist_2v2_dual_branch_v1,2508,34560,16,112,,OP3,OPPONENT_POOL,train,map_a_open,-1,0,SCRIPTED:OP7,6,0,0,0,0,240,0.7199999690055847,1,0,0,63,0,0,0,0,0,0,0,0,0,0,0,0,0,0,0,0,,6.706257120768229,-0.5,0.0,-0.0009320974349975586,0.0,0.0,0.0,-0.004000000189989805,-0.1253947615623474,map_a,map_a_open,RULESET_V3_M1_OWN_FLAG_HOME,73b77ac3a0efb2c33a4498544c96bb702a656cbbfe17af18ec859c6d6b4c2142,True
143,pi_B_specialist_2v2_dual_branch_v1,2508,34560,16,112,,OP3,OPPONENT_POOL,train,map_a_open,-1,0,SCRIPTED:OP7,6,0,0,0,0,240,0.5999999642372131,1,0,0,64,0,0,0,0,0,0,0,0,0,0,0,0,0,0,0,0,,6.253885904947917,-0.5,0.0,-0.011813908815383911,0.0,0.0,0.0,-0.004000000189989805,-0.12606412172317505,map_a,map_a_open,RULESET_V3_M1_OWN_FLAG_HOME,73b77ac3a0efb2c33a4498544c96bb702a656cbbfe17af18ec859c6d6b4c2142,True
144,pi_B_specialist_2v2_dual_branch_v1,2508,34560,16,112,,OP3,OPPONENT_POOL,train,map_a_open,-1,0,SCRIPTED:OP7,6,0,0,0,0,240,0.5999999642372131,0,1,0,48,0,0,0,0,0,0,0,0,0,0,0,0,0,0,0,0,,6.959639485677084,-0.5,0.0,-0.0018665492534637451,0.0,0.0,0.0,-0.004000000189989805,-0.12545225024223328,map_a,map_a_open,RULESET_V3_M1_OWN_FLAG_HOME,73b77ac3a0efb2c33a4498544c96bb702a656cbbfe17af18ec859c6d6b4c2142,True
145,pi_B_specialist_2v2_dual_branch_v1,2508,36240,17,89,,OP3,OPPONENT_POOL,train,map_a_open,-1,0,SCRIPTED:OP7,6,0,0,0,0,240,0.5600000023841858,0,2,0,75,0,0,0,0,0,0,0,0,0,0,0,0,0,0,0,0,,6.078259785970052,-0.5,0.0,-0.00852862000465393,0.0,0.0,0.0,-0.00800000037997961,-0.1268460899591446,map_a,map_a_open,RULESET_V3_M1_OWN_FLAG_HOME,73b77ac3a0efb2c33a4498544c96bb702a656cbbfe17af18ec859c6d6b4c2142,True
146,pi_B_specialist_2v2_dual_branch_v1,2508,36800,17,124,,OP3,OPPONENT_POOL,train,map_a_open,-1,0,SCRIPTED:OP7,6,0,1,1,0,240,0.7199999690055847,1,0,0,48,0,0,0,0,0,0,0,0,0,0,0,0,0,0,0,0,115.0,6.661020914713542,-0.5,0.0,0.013772398233413696,0.0,0.0,0.0,0.0,-0.12350545823574066,map_a,map_a_open,RULESET_V3_M1_OWN_FLAG_HOME,73b77ac3a0efb2c33a4498544c96bb702a656cbbfe17af18ec859c6d6b4c2142,True
147,pi_B_specialist_2v2_dual_branch_v1,2508,36816,17,125,,OP3,OPPONENT_POOL,train,map_a_open,-1,0,SCRIPTED:OP7,6,0,0,0,0,240,0.5199999809265137,0,1,0,67,0,0,0,0,0,0,0,0,0,0,0,0,0,0,0,0,,6.547064717610677,-0.5,0.0,0.0030420124530792236,0.0,0.0,0.0,-0.004000000189989805,-0.12515027821063995,map_a,map_a_open,RULESET_V3_M1_OWN_FLAG_HOME,73b77ac3a0efb2c33a4498544c96bb702a656cbbfe17af18ec859c6d6b4c2142,True
148,pi_B_specialist_2v2_dual_branch_v1,2508,37392,18,33,,OP3,OPPONENT_POOL,train,map_a_open,-1,0,SCRIPTED:OP7,6,1,1,0,1,240,0.6800000071525574,1,0,0,73,0,0,0,0,0,0,0,0,0,0,0,0,0,0,0,0,122.0,5.99020741780599,1.0,0.0,-0.0018242597579956055,0.0,0.0,0.0,-0.004000000189989805,0.24387118220329285,map_a,map_a_open,RULESET_V3_M1_OWN_FLAG_HOME,73b77ac3a0efb2c33a4498544c96bb702a656cbbfe17af18ec859c6d6b4c2142,True
149,pi_B_specialist_2v2_dual_branch_v1,2508,37808,18,59,,OP3,OPPONENT_POOL,train,map_a_open,-1,0,SCRIPTED:OP7,6,0,0,0,0,240,0.47999998927116394,1,0,0,50,0,0,0,0,0,0,0,0,0,0,0,0,0,0,0,0,,6.4849802652994795,-0.5,0.0,-0.0201549232006073,0.0,0.0,0.0,-0.00800000037997961,-0.12756097316741943,map_a,map_a_open,RULESET_V3_M1_OWN_FLAG_HOME,73b77ac3a0efb2c33a4498544c96bb702a656cbbfe17af18ec859c6d6b4c2142,True
150,pi_B_specialist_2v2_dual_branch_v1,2508,38400,18,96,,OP3,OPPONENT_POOL,train,map_a_open,-1,0,SCRIPTED:OP7,6,0,0,0,0,240,0.6800000071525574,1,0,0,54,0,0,0,0,0,0,0,0,0,0,0,0,0,0,0,0,,6.78404541015625,-0.5,0.0,-0.0016261637210845947,0.0,0.0,0.0,0.0,-0.12445307523012161,map_a,map_a_open,RULESET_V3_M1_OWN_FLAG_HOME,73b77ac3a0efb2c33a4498544c96bb702a656cbbfe17af18ec859c6d6b4c2142,True
151,pi_B_specialist_2v2_dual_branch_v1,2508,38400,18,96,,OP3,OPPONENT_POOL,train,map_a_open,-1,0,SCRIPTED:OP7,6,0,0,0,0,240,0.5199999809265137,1,0,0,46,0,0,0,0,0,0,0,0,0,0,0,0,0,0,0,0,,6.8176015218098955,-0.5,0.0,0.008548170328140259,0.0,0.0,0.0,-0.004000000189989805,-0.12481151521205902,map_a,map_a_open,RULESET_V3_M1_OWN_FLAG_HOME,73b77ac3a0efb2c33a4498544c96bb702a656cbbfe17af18ec859c6d6b4c2142,True
152,pi_B_specialist_2v2_dual_branch_v1,2508,38400,18,96,,OP3,OPPONENT_POOL,train,map_a_open,-1,0,SCRIPTED:OP7,6,0,0,0,0,240,0.5199999809265137,0,3,0,60,0,0,0,0,0,0,0,0,0,0,0,0,0,0,0,0,,6.711928304036459,-0.5,0.0,-0.0015707314014434814,0.0,0.0,0.0,0.0,-0.12444965541362762,map_a,map_a_open,RULESET_V3_M1_OWN_FLAG_HOME,73b77ac3a0efb2c33a4498544c96bb702a656cbbfe17af18ec859c6d6b4c2142,True
153,pi_B_specialist_2v2_dual_branch_v1,2508,38400,18,96,,OP3,OPPONENT_POOL,train,map_a_open,-1,0,SCRIPTED:OP7,6,1,1,0,1,240,0.5600000023841858,1,0,0,57,0,0,0,0,0,0,0,0,0,0,0,0,0,0,0,0,232.0,6.400852966308594,1.0,0.0,0.009911835193634033,0.0,0.0,0.0,-0.004000000189989805,0.24456092715263367,map_a,map_a_open,RULESET_V3_M1_OWN_FLAG_HOME,73b77ac3a0efb2c33a4498544c96bb702a656cbbfe17af18ec859c6d6b4c2142,True
154,pi_B_specialist_2v2_dual_branch_v1,2508,38400,18,96,,OP3,OPPONENT_POOL,train,map_a_open,-1,0,SCRIPTED:OP7,6,0,0,1,-1,240,0.5199999809265137,1,0,0,44,0,0,0,0,0,0,0,0,0,0,0,0,0,0,0,0,94.0,7.0193944295247395,-1.0,0.0,-0.011870503425598145,0.0,0.0,0.0,-0.004000000189989805,-0.246555358171463,map_a,map_a_open,RULESET_V3_M1_OWN_FLAG_HOME,73b77ac3a0efb2c33a4498544c96bb702a656cbbfe17af18ec859c6d6b4c2142,True
155,pi_B_specialist_2v2_dual_branch_v1,2508,38400,18,96,,OP3,OPPONENT_POOL,train,map_a_open,-1,0,SCRIPTED:OP7,6,0,0,0,0,240,0.47999998927116394,1,0,0,61,0,0,0,0,0,0,0,0,0,0,0,0,0,0,0,0,,7.329638671875,-0.5,0.0,-0.0017588138580322266,0.0,0.0,0.0,0.0,-0.12446123361587524,map_a,map_a_open,RULESET_V3_M1_OWN_FLAG_HOME,73b77ac3a0efb2c33a4498544c96bb702a656cbbfe17af18ec859c6d6b4c2142,True
156,pi_B_specialist_2v2_dual_branch_v1,2508,38400,18,96,,OP3,OPPONENT_POOL,train,map_a_open,-1,0,SCRIPTED:OP7,6,0,0,0,0,240,0.5199999809265137,1,0,0,26,0,0,0,0,0,0,0,0,0,0,0,0,0,0,0,0,,8.500295003255209,-0.5,0.0,-0.002287358045578003,0.04999977722764015,0.0,0.0,0.0,-0.12141600996255875,map_a,map_a_open,RULESET_V3_M1_OWN_FLAG_HOME,73b77ac3a0efb2c33a4498544c96bb702a656cbbfe17af18ec859c6d6b4c2142,True
157,pi_B_specialist_2v2_dual_branch_v1,2508,38400,18,96,,OP3,OPPONENT_POOL,train,map_a_open,-1,0,SCRIPTED:OP7,6,0,0,1,-1,240,0.5999999642372131,1,0,0,52,0,0,0,0,0,0,0,0,0,0,0,0,0,0,0,0,69.0,6.706895955403646,-1.0,0.0,0.016914695501327515,0.0,0.0,0.0,-0.004000000189989805,-0.24486491084098816,map_a,map_a_open,RULESET_V3_M1_OWN_FLAG_HOME,73b77ac3a0efb2c33a4498544c96bb702a656cbbfe17af18ec859c6d6b4c2142,True
158,pi_B_specialist_2v2_dual_branch_v1,2508,38400,18,96,,OP3,OPPONENT_POOL,train,map_a_open,-1,0,SCRIPTED:OP7,6,0,0,0,0,240,0.5600000023841858,0,1,0,52,0,0,0,0,0,0,0,0,0,0,0,0,0,0,0,0,,6.669525146484375,-0.5,0.0,0.006735324859619141,0.0,0.0,0.0,0.0,-0.12393853813409805,map_a,map_a_open,RULESET_V3_M1_OWN_FLAG_HOME,73b77ac3a0efb2c33a4498544c96bb702a656cbbfe17af18ec859c6d6b4c2142,True
159,pi_B_specialist_2v2_dual_branch_v1,2508,38400,18,96,,OP3,OPPONENT_POOL,train,map_a_open,-1,0,SCRIPTED:OP7,6,1,1,0,1,240,0.5600000023841858,0,2,0,56,0,0,0,0,0,0,0,0,0,0,0,0,0,0,0,0,59.0,6.780316670735677,1.0,0.0,-0.0008841753005981445,0.0,0.0,0.0,-0.00800000037997961,0.24298571050167084,map_a,map_a_open,RULESET_V3_M1_OWN_FLAG_HOME,73b77ac3a0efb2c33a4498544c96bb702a656cbbfe17af18ec859c6d6b4c2142,True
160,pi_B_specialist_2v2_dual_branch_v1,2508,38400,18,96,,OP3,OPPONENT_POOL,train,map_a_open,-1,0,SCRIPTED:OP7,6,0,0,0,0,240,0.5999999642372131,0,2,0,56,0,0,0,0,0,0,0,0,0,0,0,0,0,0,0,0,,6.413326517740885,-0.5,0.0,-0.002064138650894165,0.0,0.0,0.0,-0.00800000037997961,-0.12644854187965393,map_a,map_a_open,RULESET_V3_M1_OWN_FLAG_HOME,73b77ac3a0efb2c33a4498544c96bb702a656cbbfe17af18ec859c6d6b4c2142,True
161,pi_B_specialist_2v2_dual_branch_v1,2508,40080,19,73,,OP3,OPPONENT_POOL,train,map_a_open,-1,0,SCRIPTED:OP7,6,1,2,0,2,240,0.6399999856948853,1,0,0,58,0,0,0,0,0,0,0,0,0,0,0,0,0,0,0,0,54.0,6.361327107747396,1.0,0.0,-0.0009680390357971191,0.0,0.0,0.0,-0.004000000189989805,0.24392150342464447,map_a,map_a_open,RULESET_V3_M1_OWN_FLAG_HOME,73b77ac3a0efb2c33a4498544c96bb702a656cbbfe17af18ec859c6d6b4c2142,True
162,pi_B_specialist_2v2_dual_branch_v1,2508,40640,19,108,,OP3,OPPONENT_POOL,train,map_a_open,-1,0,SCRIPTED:OP7,6,0,0,1,-1,240,0.5999999642372131,0,1,0,66,0,0,0,0,0,0,0,0,0,0,0,0,0,0,0,0,166.0,6.223399353027344,-1.0,0.0,0.003659963607788086,0.0,0.0,0.0,0.0,-0.24470362067222595,map_a,map_a_open,RULESET_V3_M1_OWN_FLAG_HOME,73b77ac3a0efb2c33a4498544c96bb702a656cbbfe17af18ec859c6d6b4c2142,True
163,pi_B_specialist_2v2_dual_branch_v1,2508,40656,19,109,,OP3,OPPONENT_POOL,train,map_a_open,-1,0,SCRIPTED:OP7,6,0,0,0,0,240,0.5600000023841858,1,0,0,80,0,0,0,0,0,0,0,0,0,0,0,0,0,0,0,0,,6.312349446614584,-0.5,0.0,-0.005313485860824585,0.0,0.0,0.0,-0.004000000189989805,-0.12566427886486053,map_a,map_a_open,RULESET_V3_M1_OWN_FLAG_HOME,73b77ac3a0efb2c33a4498544c96bb702a656cbbfe17af18ec859c6d6b4c2142,True
164,pi_B_specialist_2v2_dual_branch_v1,2508,41232,20,17,,OP3,OPPONENT_POOL,train,map_a_open,-1,0,SCRIPTED:OP7,6,0,0,0,0,240,0.6800000071525574,1,0,0,49,0,0,0,0,0,0,0,0,0,0,0,0,0,0,0,0,,6.672413635253906,-0.5,0.0,-0.0037190914154052734,0.0,0.0,0.0,-0.004000000189989805,-0.12556621432304382,map_a,map_a_open,RULESET_V3_M1_OWN_FLAG_HOME,73b77ac3a0efb2c33a4498544c96bb702a656cbbfe17af18ec859c6d6b4c2142,True
165,pi_B_specialist_2v2_dual_branch_v1,2508,41648,20,43,,OP3,OPPONENT_POOL,train,map_a_open,-1,0,SCRIPTED:OP7,6,1,1,0,1,240,0.5199999809265137,0,2,0,68,0,0,0,0,0,0,0,0,0,0,0,0,0,0,0,0,102.0,6.12064463297526,1.0,0.0,-0.0017966032028198242,0.0,0.0,0.0,-0.00800000037997961,0.2429320365190506,map_a,map_a_open,RULESET_V3_M1_OWN_FLAG_HOME,73b77ac3a0efb2c33a4498544c96bb702a656cbbfe17af18ec859c6d6b4c2142,True
166,pi_B_specialist_2v2_dual_branch_v1,2508,42240,20,80,,OP3,OPPONENT_POOL,train,map_a_open,-1,0,SCRIPTED:OP7,6,0,0,0,0,240,0.47999998927116394,0,1,0,67,0,0,0,0,0,0,0,0,0,0,0,0,0,0,0,0,,7.5085088094075525,-0.5,0.0,0.0006676018238067627,0.0,0.0,0.0,0.0,-0.12431193143129349,map_a,map_a_open,RULESET_V3_M1_OWN_FLAG_HOME,73b77ac3a0efb2c33a4498544c96bb702a656cbbfe17af18ec859c6d6b4c2142,True
167,pi_B_specialist_2v2_dual_branch_v1,2508,42240,20,80,,OP3,OPPONENT_POOL,train,map_a_open,-1,0,SCRIPTED:OP7,6,1,2,0,2,240,0.5199999809265137,0,2,0,47,0,0,0,0,0,0,0,0,0,0,0,0,0,0,0,0,136.0,6.773502604166667,1.0,0.0,-0.0023487210273742676,0.0,0.0,0.0,-0.00800000037997961,0.2428995817899704,map_a,map_a_open,RULESET_V3_M1_OWN_FLAG_HOME,73b77ac3a0efb2c33a4498544c96bb702a656cbbfe17af18ec859c6d6b4c2142,True
168,pi_B_specialist_2v2_dual_branch_v1,2508,42240,20,80,,OP3,OPPONENT_POOL,train,map_a_open,-1,0,SCRIPTED:OP7,6,0,0,0,0,240,0.4399999976158142,1,0,0,43,0,0,0,0,0,0,0,0,0,0,0,0,0,0,0,0,,7.577460225423177,-0.5,0.0,-0.010549604892730713,0.0,0.0,0.0,-0.004000000189989805,-0.12598635256290436,map_a,map_a_open,RULESET_V3_M1_OWN_FLAG_HOME,73b77ac3a0efb2c33a4498544c96bb702a656cbbfe17af18ec859c6d6b4c2142,True
169,pi_B_specialist_2v2_dual_branch_v1,2508,42240,20,80,,OP3,OPPONENT_POOL,train,map_a_open,-1,0,SCRIPTED:OP7,6,0,0,2,-2,240,0.5600000023841858,1,0,0,45,0,0,0,0,0,0,0,0,0,0,0,0,0,0,0,0,77.0,7.84261728922526,-1.0,0.0,0.017326414585113525,0.0,0.0,0.0,-0.004000000189989805,-0.24484071135520935,map_a,map_a_open,RULESET_V3_M1_OWN_FLAG_HOME,73b77ac3a0efb2c33a4498544c96bb702a656cbbfe17af18ec859c6d6b4c2142,True
170,pi_B_specialist_2v2_dual_branch_v1,2508,42240,20,80,,OP3,OPPONENT_POOL,train,map_a_open,-1,0,SCRIPTED:OP7,6,0,0,0,0,240,0.5999999642372131,0,1,0,46,0,0,0,0,0,0,0,0,0,0,0,0,0,0,0,0,,7.093082682291667,-0.5,0.0,-0.0015122294425964355,0.0,0.0,0.0,-0.004000000189989805,-0.12543044984340668,map_a,map_a_open,RULESET_V3_M1_OWN_FLAG_HOME,73b77ac3a0efb2c33a4498544c96bb702a656cbbfe17af18ec859c6d6b4c2142,True
171,pi_B_specialist_2v2_dual_branch_v1,2508,42240,20,80,,OP3,OPPONENT_POOL,train,map_a_open,-1,0,SCRIPTED:OP7,6,1,1,0,1,240,0.5199999809265137,1,0,0,52,0,0,0,0,0,0,0,0,0,0,0,0,0,0,0,0,152.0,7.069285583496094,1.0,0.0,0.0044519901275634766,0.0,0.0,0.0,-0.004000000189989805,0.24424007534980774,map_a,map_a_open,RULESET_V3_M1_OWN_FLAG_HOME,73b77ac3a0efb2c33a4498544c96bb702a656cbbfe17af18ec859c6d6b4c2142,True
172,pi_B_specialist_2v2_dual_branch_v1,2508,42240,20,80,,OP3,OPPONENT_POOL,train,map_a_open,-1,0,SCRIPTED:OP7,6,0,0,1,-1,240,0.5600000023841858,1,0,0,48,0,0,0,0,0,0,0,0,0,0,0,0,0,0,0,0,197.0,7.176358540852864,-1.0,0.0,-0.02073681354522705,0.0,0.0,0.0,-0.004000000189989805,-0.24707573652267456,map_a,map_a_open,RULESET_V3_M1_OWN_FLAG_HOME,73b77ac3a0efb2c33a4498544c96bb702a656cbbfe17af18ec859c6d6b4c2142,True
173,pi_B_specialist_2v2_dual_branch_v1,2508,42240,20,80,,OP3,OPPONENT_POOL,train,map_a_open,-1,0,SCRIPTED:OP7,6,0,0,2,-2,240,0.47999998927116394,1,0,0,69,0,0,0,0,0,0,0,0,0,0,0,0,0,0,0,0,92.0,6.665850830078125,-1.0,0.0,-0.01607978343963623,0.0,0.0,0.0,-0.004000000189989805,-0.2468024343252182,map_a,map_a_open,RULESET_V3_M1_OWN_FLAG_HOME,73b77ac3a0efb2c33a4498544c96bb702a656cbbfe17af18ec859c6d6b4c2142,True
174,pi_B_specialist_2v2_dual_branch_v1,2508,42240,20,80,,OP3,OPPONENT_POOL,train,map_a_open,-1,0,SCRIPTED:OP7,6,0,0,0,0,240,0.5600000023841858,1,0,0,40,0,0,0,0,0,0,0,0,0,0,0,0,0,0,0,0,,6.949052937825521,-0.5,0.0,0.015713214874267578,0.0,0.0,0.0,-0.004000000189989805,-0.12437065690755844,map_a,map_a_open,RULESET_V3_M1_OWN_FLAG_HOME,73b77ac3a0efb2c33a4498544c96bb702a656cbbfe17af18ec859c6d6b4c2142,True
175,pi_B_specialist_2v2_dual_branch_v1,2508,42240,20,80,,OP3,OPPONENT_POOL,train,map_a_open,-1,0,SCRIPTED:OP7,6,0,0,0,0,240,0.5600000023841858,0,1,0,64,0,0,0,0,0,0,0,0,0,0,0,0,0,0,0,0,,6.747018432617187,-0.5,0.0,0.0067855119705200195,0.0,0.0,0.0,0.0,-0.12393544614315033,map_a,map_a_open,RULESET_V3_M1_OWN_FLAG_HOME,73b77ac3a0efb2c33a4498544c96bb702a656cbbfe17af18ec859c6d6b4c2142,True
176,pi_B_specialist_2v2_dual_branch_v1,2508,42240,20,80,,OP3,OPPONENT_POOL,train,map_a_open,-1,0,SCRIPTED:OP7,6,0,0,0,0,240,0.6800000071525574,0,1,0,49,0,0,0,0,0,0,0,0,0,0,0,0,0,0,0,0,,7.060659790039063,-0.5,0.0,0.007553264498710632,0.0,0.0,0.0,0.0,-0.12388820201158524,map_a,map_a_open,RULESET_V3_M1_OWN_FLAG_HOME,73b77ac3a0efb2c33a4498544c96bb702a656cbbfe17af18ec859c6d6b4c2142,True
177,pi_B_specialist_2v2_dual_branch_v1,2508,43920,21,57,,OP3,OPPONENT_POOL,train,map_a_open,-1,0,SCRIPTED:OP7,6,0,0,0,0,240,0.4399999976158142,1,0,0,50,0,0,0,0,0,0,0,0,0,0,0,0,0,0,0,0,,7.508198038736979,-0.5,0.0,-0.020713835954666138,0.0,0.0,0.0,-0.004000000189989805,-0.12661148607730865,map_a,map_a_open,RULESET_V3_M1_OWN_FLAG_HOME,73b77ac3a0efb2c33a4498544c96bb702a656cbbfe17af18ec859c6d6b4c2142,True
178,pi_B_specialist_2v2_dual_branch_v1,2508,44480,21,92,,OP3,OPPONENT_POOL,train,map_a_open,-1,0,SCRIPTED:OP7,6,0,0,0,0,240,0.5999999642372131,1,0,0,56,0,0,0,0,0,0,0,0,0,0,0,0,0,0,0,0,,6.880789184570313,-0.5,0.0,-0.0009519755840301514,0.0,0.0,0.0,0.0,-0.12441159039735794,map_a,map_a_open,RULESET_V3_M1_OWN_FLAG_HOME,73b77ac3a0efb2c33a4498544c96bb702a656cbbfe17af18ec859c6d6b4c2142,True
179,pi_B_specialist_2v2_dual_branch_v1,2508,44496,21,93,,OP3,OPPONENT_POOL,train,map_a_open,-1,0,SCRIPTED:OP7,6,0,1,1,0,240,0.5199999809265137,1,0,0,61,0,0,0,0,0,0,0,0,0,0,0,0,0,0,0,0,98.0,6.960231526692708,-0.5,0.0,-0.0015226304531097412,0.0,0.0,0.0,-0.004000000189989805,-0.125431090593338,map_a,map_a_open,RULESET_V3_M1_OWN_FLAG_HOME,73b77ac3a0efb2c33a4498544c96bb702a656cbbfe17af18ec859c6d6b4c2142,True
180,pi_B_specialist_2v2_dual_branch_v1,2508,45072,22,1,,OP3,OPPONENT_POOL,train,map_a_open,-1,0,SCRIPTED:OP7,6,0,0,0,0,240,0.47999998927116394,0,1,0,54,0,0,0,0,0,0,0,0,0,0,0,0,0,0,0,0,,7.195441691080729,-0.5,0.0,-0.020513534545898438,0.0,0.0,0.0,-0.004000000189989805,-0.12659917771816254,map_a,map_a_open,RULESET_V3_M1_OWN_FLAG_HOME,73b77ac3a0efb2c33a4498544c96bb702a656cbbfe17af18ec859c6d6b4c2142,True
181,pi_B_specialist_2v2_dual_branch_v1,2508,45488,22,27,,OP3,OPPONENT_POOL,train,map_a_open,-1,0,SCRIPTED:OP7,6,1,1,0,1,240,0.6800000071525574,1,0,0,39,0,0,0,0,0,0,0,0,0,0,0,0,0,0,0,0,203.0,7.631741841634114,1.0,0.0,-0.01933428645133972,0.0,0.0,0.0,-0.004000000189989805,0.24284161627292633,map_a,map_a_open,RULESET_V3_M1_OWN_FLAG_HOME,73b77ac3a0efb2c33a4498544c96bb702a656cbbfe17af18ec859c6d6b4c2142,True
182,pi_B_specialist_2v2_dual_branch_v1,2508,46080,22,64,,OP3,OPPONENT_POOL,train,map_a_open,-1,0,SCRIPTED:OP7,6,0,0,0,0,240,0.5199999809265137,1,0,0,57,0,0,0,0,0,0,0,0,0,0,0,0,0,0,0,0,,6.791188557942708,-0.5,0.0,-0.0018815398216247559,0.0,0.0,0.0,-0.004000000189989805,-0.1254531741142273,map_a,map_a_open,RULESET_V3_M1_OWN_FLAG_HOME,73b77ac3a0efb2c33a4498544c96bb702a656cbbfe17af18ec859c6d6b4c2142,True
183,pi_B_specialist_2v2_dual_branch_v1,2508,46080,22,64,,OP3,OPPONENT_POOL,train,map_a_open,-1,0,SCRIPTED:OP7,6,1,1,0,1,240,0.6399999856948853,1,0,0,46,0,0,0,0,0,0,0,0,0,0,0,0,0,0,0,0,60.0,6.533262125651041,1.0,0.0,-0.019116371870040894,0.0,0.0,0.0,0.0,0.2437952160835266,map_a,map_a_open,RULESET_V3_M1_OWN_FLAG_HOME,73b77ac3a0efb2c33a4498544c96bb702a656cbbfe17af18ec859c6d6b4c2142,True
184,pi_B_specialist_2v2_dual_branch_v1,2508,46080,22,64,,OP3,OPPONENT_POOL,train,map_a_open,-1,0,SCRIPTED:OP7,6,0,0,0,0,240,0.5999999642372131,0,1,0,39,0,0,0,0,0,0,0,0,0,0,0,0,0,0,0,0,,7.411745198567709,-0.5,0.0,-0.009880632162094116,0.0,0.0,0.0,0.0,-0.12496094405651093,map_a,map_a_open,RULESET_V3_M1_OWN_FLAG_HOME,73b77ac3a0efb2c33a4498544c96bb702a656cbbfe17af18ec859c6d6b4c2142,True
185,pi_B_specialist_2v2_dual_branch_v1,2508,46080,22,64,,OP3,OPPONENT_POOL,train,map_a_open,-1,0,SCRIPTED:OP7,6,0,0,0,0,240,0.5600000023841858,1,0,0,34,0,0,0,0,0,0,0,0,0,0,0,0,0,0,0,0,,8.575440470377604,-0.5,0.0,-0.0019656121730804443,0.0,0.0,0.0,-0.004000000189989805,-0.12545832991600037,map_a,map_a_open,RULESET_V3_M1_OWN_FLAG_HOME,73b77ac3a0efb2c33a4498544c96bb702a656cbbfe17af18ec859c6d6b4c2142,True
186,pi_B_specialist_2v2_dual_branch_v1,2508,46080,22,64,,OP3,OPPONENT_POOL,train,map_a_open,-1,0,SCRIPTED:OP7,6,0,0,0,0,240,0.5999999642372131,0,1,0,48,0,0,0,0,0,0,0,0,0,0,0,0,0,0,0,0,,7.877980041503906,-0.5,0.0,-0.009366661310195923,0.0,0.0,0.0,-0.004000000189989805,-0.125913605093956,map_a,map_a_open,RULESET_V3_M1_OWN_FLAG_HOME,73b77ac3a0efb2c33a4498544c96bb702a656cbbfe17af18ec859c6d6b4c2142,True
187,pi_B_specialist_2v2_dual_branch_v1,2508,46080,22,64,,OP3,OPPONENT_POOL,train,map_a_open,-1,0,SCRIPTED:OP7,6,0,0,0,0,240,0.5600000023841858,1,0,0,37,0,0,0,0,0,0,0,0,0,0,0,0,0,0,0,0,,8.031412760416666,-0.5,0.0,-0.005895376205444336,0.0,0.0,0.0,-0.004000000189989805,-0.12570008635520935,map_a,map_a_open,RULESET_V3_M1_OWN_FLAG_HOME,73b77ac3a0efb2c33a4498544c96bb702a656cbbfe17af18ec859c6d6b4c2142,True
188,pi_B_specialist_2v2_dual_branch_v1,2508,46080,22,64,,OP3,OPPONENT_POOL,train,map_a_open,-1,0,SCRIPTED:OP7,6,0,0,0,0,240,0.5600000023841858,1,0,0,55,0,0,0,0,0,0,0,0,0,0,0,0,0,0,0,0,,7.5037073771158855,-0.5,0.0,-0.020504653453826904,0.0,0.0,0.0,-0.004000000189989805,-0.12659862637519836,map_a,map_a_open,RULESET_V3_M1_OWN_FLAG_HOME,73b77ac3a0efb2c33a4498544c96bb702a656cbbfe17af18ec859c6d6b4c2142,True
189,pi_B_specialist_2v2_dual_branch_v1,2508,46080,22,64,,OP3,OPPONENT_POOL,train,map_a_open,-1,0,SCRIPTED:OP7,6,0,0,0,0,240,0.4399999976158142,1,0,0,33,0,0,0,0,0,0,0,0,0,0,0,0,0,0,0,0,,7.332718912760416,-0.5,0.0,0.011145979166030884,0.0,0.0,0.0,0.0,-0.12366709858179092,map_a,map_a_open,RULESET_V3_M1_OWN_FLAG_HOME,73b77ac3a0efb2c33a4498544c96bb702a656cbbfe17af18ec859c6d6b4c2142,True
190,pi_B_specialist_2v2_dual_branch_v1,2508,46080,22,64,,OP3,OPPONENT_POOL,train,map_a_open,-1,0,SCRIPTED:OP7,6,1,1,0,1,240,0.6399999856948853,1,0,0,70,0,0,0,0,0,0,0,0,0,0,0,0,0,0,0,0,31.0,6.4362035115559895,1.0,0.0,-0.0014406144618988037,0.0,0.0,0.0,0.0,0.2448340207338333,map_a,map_a_open,RULESET_V3_M1_OWN_FLAG_HOME,73b77ac3a0efb2c33a4498544c96bb702a656cbbfe17af18ec859c6d6b4c2142,True
191,pi_B_specialist_2v2_dual_branch_v1,2508,46080,22,64,,OP3,OPPONENT_POOL,train,map_a_open,-1,0,SCRIPTED:OP7,6,0,0,1,-1,240,0.5199999809265137,1,0,0,37,0,0,0,0,0,0,0,0,0,0,0,0,0,0,0,0,77.0,7.2702178955078125,-1.0,0.0,0.012607663869857788,0.0,0.0,0.0,0.0,-0.24417780339717865,map_a,map_a_open,RULESET_V3_M1_OWN_FLAG_HOME,73b77ac3a0efb2c33a4498544c96bb702a656cbbfe17af18ec859c6d6b4c2142,True
192,pi_B_specialist_2v2_dual_branch_v1,2508,46080,22,64,,OP3,OPPONENT_POOL,train,map_a_open,-1,0,SCRIPTED:OP7,6,0,1,1,0,240,0.5199999809265137,1,0,0,45,0,0,0,0,0,0,0,0,0,0,0,0,0,0,0,0,73.0,7.244153849283854,-0.5,0.0,-0.020407497882843018,0.0,0.0,0.0,-0.004000000189989805,-0.12659265100955963,map_a,map_a_open,RULESET_V3_M1_OWN_FLAG_HOME,73b77ac3a0efb2c33a4498544c96bb702a656cbbfe17af18ec859c6d6b4c2142,True
193,pi_B_specialist_2v2_dual_branch_v1,2508,47760,23,41,,OP3,OPPONENT_POOL,train,map_a_open,-1,0,SCRIPTED:OP7,6,1,1,0,1,240,0.5199999809265137,1,0,0,46,0,0,0,0,0,0,0,0,0,0,0,0,0,0,0,0,220.0,7.052245585123698,1.0,0.0,-0.01810544729232788,0.0,0.0,0.0,-0.004000000189989805,0.2429138869047165,map_a,map_a_open,RULESET_V3_M1_OWN_FLAG_HOME,73b77ac3a0efb2c33a4498544c96bb702a656cbbfe17af18ec859c6d6b4c2142,True
194,pi_B_specialist_2v2_dual_branch_v1,2508,48320,23,76,,OP3,OPPONENT_POOL,train,map_a_open,-1,0,SCRIPTED:OP7,6,0,0,0,0,240,0.5999999642372131,0,1,0,40,0,0,0,0,0,0,0,0,0,0,0,0,0,0,0,0,,7.763114420572917,-0.5,0.0,0.016741663217544556,0.0,0.0,0.0,0.0,-0.12332270294427872,map_a,map_a_open,RULESET_V3_M1_OWN_FLAG_HOME,73b77ac3a0efb2c33a4498544c96bb702a656cbbfe17af18ec859c6d6b4c2142,True
195,pi_B_specialist_2v2_dual_branch_v1,2508,48336,23,77,,OP3,OPPONENT_POOL,train,map_a_open,-1,0,SCRIPTED:OP7,6,0,0,0,0,240,0.5199999809265137,0,1,0,61,0,0,0,0,0,0,0,0,0,0,0,0,0,0,0,0,,7.2307683308919275,-0.5,0.0,-0.019184917211532593,0.0,0.0,0.0,-0.004000000189989805,-0.12651745975017548,map_a,map_a_open,RULESET_V3_M1_OWN_FLAG_HOME,73b77ac3a0efb2c33a4498544c96bb702a656cbbfe17af18ec859c6d6b4c2142,True
196,pi_B_specialist_2v2_dual_branch_v1,2508,48912,23,113,,OP3,OPPONENT_POOL,train,map_a_open,-1,0,SCRIPTED:OP7,6,0,0,0,0,240,0.5999999642372131,1,0,0,70,0,0,0,0,0,0,0,0,0,0,0,0,0,0,0,0,,7.211119079589844,-0.5,0.0,0.015876471996307373,0.0,0.0,0.0,-0.004000000189989805,-0.12436060607433319,map_a,map_a_open,RULESET_V3_M1_OWN_FLAG_HOME,73b77ac3a0efb2c33a4498544c96bb702a656cbbfe17af18ec859c6d6b4c2142,True
197,pi_B_specialist_2v2_dual_branch_v1,2508,49328,24,11,,OP3,OPPONENT_POOL,train,map_a_open,-1,0,SCRIPTED:OP7,6,0,0,0,0,240,0.5999999642372131,1,0,0,23,0,0,0,0,0,0,0,0,0,0,0,0,0,0,0,0,,9.241219075520833,-0.5,0.0,0.005098521709442139,0.01562499813735485,0.0,0.0,-0.004000000189989805,-0.12406234443187714,map_a,map_a_open,RULESET_V3_M1_OWN_FLAG_HOME,73b77ac3a0efb2c33a4498544c96bb702a656cbbfe17af18ec859c6d6b4c2142,True
198,pi_B_specialist_2v2_dual_branch_v1,2508,49920,24,48,,OP3,OPPONENT_POOL,train,map_a_open,-1,0,SCRIPTED:OP7,6,0,0,0,0,240,0.5199999809265137,1,0,0,27,0,0,0,0,0,0,0,0,0,0,0,0,0,0,0,0,,8.104926045735677,-0.5,0.0,0.014081984758377075,0.0,0.0,0.0,0.0,-0.12348639965057373,map_a,map_a_open,RULESET_V3_M1_OWN_FLAG_HOME,73b77ac3a0efb2c33a4498544c96bb702a656cbbfe17af18ec859c6d6b4c2142,True
199,pi_B_specialist_2v2_dual_branch_v1,2508,49920,24,48,,OP3,OPPONENT_POOL,train,map_a_open,-1,0,SCRIPTED:OP7,6,0,0,1,-1,240,0.5999999642372131,1,0,0,42,0,0,0,0,0,0,0,0,0,0,0,0,0,0,0,0,126.0,7.868787638346354,-1.0,0.0,0.0024958550930023193,0.0,0.0,0.0,0.0,-0.2447720170021057,map_a,map_a_open,RULESET_V3_M1_OWN_FLAG_HOME,73b77ac3a0efb2c33a4498544c96bb702a656cbbfe17af18ec859c6d6b4c2142,True
200,pi_B_specialist_2v2_dual_branch_v1,2508,49920,24,48,,OP3,OPPONENT_POOL,train,map_a_open,-1,0,SCRIPTED:OP7,6,0,0,0,0,240,0.5199999809265137,0,1,0,34,0,0,0,0,0,0,0,0,0,0,0,0,0,0,0,0,,8.183620198567708,-0.5,0.0,-0.008893489837646484,0.0,0.0,0.0,-0.004000000189989805,-0.1258845031261444,map_a,map_a_open,RULESET_V3_M1_OWN_FLAG_HOME,73b77ac3a0efb2c33a4498544c96bb702a656cbbfe17af18ec859c6d6b4c2142,True
201,pi_B_specialist_2v2_dual_branch_v1,2508,49920,24,48,,OP3,OPPONENT_POOL,train,map_a_open,-1,0,SCRIPTED:OP7,6,0,0,1,-1,240,0.5199999809265137,1,0,0,56,0,0,0,0,0,0,0,0,0,0,0,0,0,0,0,0,68.0,7.54458974202474,-1.0,0.0,0.017750993371009827,0.0,0.0,0.0,-0.004000000189989805,-0.24481576681137085,map_a,map_a_open,RULESET_V3_M1_OWN_FLAG_HOME,73b77ac3a0efb2c33a4498544c96bb702a656cbbfe17af18ec859c6d6b4c2142,True
202,pi_B_specialist_2v2_dual_branch_v1,2508,49920,24,48,,OP3,OPPONENT_POOL,train,map_a_open,-1,0,SCRIPTED:OP7,6,0,0,0,0,240,0.5600000023841858,1,0,0,75,0,0,0,0,0,0,0,0,0,0,0,0,0,0,0,0,,6.854173278808593,-0.5,0.0,-0.020735889673233032,0.0,0.0,0.0,-0.00800000037997961,-0.12759670615196228,map_a,map_a_open,RULESET_V3_M1_OWN_FLAG_HOME,73b77ac3a0efb2c33a4498544c96bb702a656cbbfe17af18ec859c6d6b4c2142,True
203,pi_B_specialist_2v2_dual_branch_v1,2508,49920,24,48,,OP3,OPPONENT_POOL,train,map_a_open,-1,0,SCRIPTED:OP7,6,0,0,0,0,240,0.47999998927116394,1,0,0,55,0,0,0,0,0,0,0,0,0,0,0,0,0,0,0,0,,7.536611938476563,-0.5,0.0,0.017533034086227417,0.0,0.0,0.0,-0.00800000037997961,-0.12524311244487762,map_a,map_a_open,RULESET_V3_M1_OWN_FLAG_HOME,73b77ac3a0efb2c33a4498544c96bb702a656cbbfe17af18ec859c6d6b4c2142,True
204,pi_B_specialist_2v2_dual_branch_v1,2508,49920,24,48,,OP3,OPPONENT_POOL,train,map_a_open,-1,0,SCRIPTED:OP7,6,0,0,0,0,240,0.4399999976158142,1,0,0,24,0,0,0,0,0,0,0,0,0,0,0,0,0,0,0,0,,9.171670532226562,-0.5,0.0,-0.00010503828525543213,0.005624999292194843,0.0,0.0,0.0,-0.12401332706212997,map_a,map_a_open,RULESET_V3_M1_OWN_FLAG_HOME,73b77ac3a0efb2c33a4498544c96bb702a656cbbfe17af18ec859c6d6b4c2142,True
205,pi_B_specialist_2v2_dual_branch_v1,2508,49920,24,48,,OP3,OPPONENT_POOL,train,map_a_open,-1,0,SCRIPTED:OP7,6,0,0,0,0,240,0.4399999976158142,0,1,0,55,0,0,0,0,0,0,0,0,0,0,0,0,0,0,0,0,,7.194745890299479,-0.5,0.0,-0.013972342014312744,0.0,0.0,0.0,-0.004000000189989805,-0.12619687616825104,map_a,map_a_open,RULESET_V3_M1_OWN_FLAG_HOME,73b77ac3a0efb2c33a4498544c96bb702a656cbbfe17af18ec859c6d6b4c2142,True
206,pi_B_specialist_2v2_dual_branch_v1,2508,49920,24,48,,OP3,OPPONENT_POOL,train,map_a_open,-1,0,SCRIPTED:OP7,6,0,1,2,-1,240,0.5600000023841858,1,0,0,44,0,0,0,0,0,0,0,0,0,0,0,0,0,0,0,0,30.0,6.948387654622396,-1.0,0.0,-0.00968843698501587,0.0,0.0,0.0,-0.004000000189989805,-0.2464272677898407,map_a,map_a_open,RULESET_V3_M1_OWN_FLAG_HOME,73b77ac3a0efb2c33a4498544c96bb702a656cbbfe17af18ec859c6d6b4c2142,True
207,pi_B_specialist_2v2_dual_branch_v1,2508,49920,24,48,,OP3,OPPONENT_POOL,train,map_a_open,-1,0,SCRIPTED:OP7,6,1,1,0,1,240,0.5600000023841858,0,1,0,52,0,0,0,0,0,0,0,0,0,0,0,0,0,0,0,0,192.0,7.267000834147136,1.0,0.0,0.0058314502239227295,0.0,0.0,0.0,-0.004000000189989805,0.24432115256786346,map_a,map_a_open,RULESET_V3_M1_OWN_FLAG_HOME,73b77ac3a0efb2c33a4498544c96bb702a656cbbfe17af18ec859c6d6b4c2142,True
208,pi_B_specialist_2v2_dual_branch_v1,2508,49920,24,48,,OP3,OPPONENT_POOL,train,map_a_open,-1,0,SCRIPTED:OP7,6,0,0,1,-1,240,0.5199999809265137,1,0,0,36,0,0,0,0,0,0,0,0,0,0,0,0,0,0,0,0,233.0,7.444438680013021,-1.0,0.0,0.014837056398391724,0.0,0.0,0.0,-0.004000000189989805,-0.24498695135116577,map_a,map_a_open,RULESET_V3_M1_OWN_FLAG_HOME,73b77ac3a0efb2c33a4498544c96bb702a656cbbfe17af18ec859c6d6b4c2142,True
209,pi_B_specialist_2v2_dual_branch_v1,2508,51600,25,25,,OP3,OPPONENT_POOL,train,map_a_open,-1,0,SCRIPTED:OP7,6,1,1,0,1,240,0.5199999809265137,1,0,0,41,0,0,0,0,0,0,0,0,0,0,0,0,0,0,0,0,67.0,6.917431131998698,1.0,0.0,-0.010325849056243896,0.0,0.0,0.0,-0.004000000189989805,0.2433713674545288,map_a,map_a_open,RULESET_V3_M1_OWN_FLAG_HOME,73b77ac3a0efb2c33a4498544c96bb702a656cbbfe17af18ec859c6d6b4c2142,True
210,pi_B_specialist_2v2_dual_branch_v1,2508,52160,25,60,,OP3,OPPONENT_POOL,train,map_a_open,-1,0,SCRIPTED:OP7,6,0,0,1,-1,240,0.5999999642372131,1,0,0,35,0,0,0,0,0,0,0,0,0,0,0,0,0,0,0,0,101.0,7.458934529622396,-1.0,0.0,-0.017575502395629883,0.0,0.0,0.0,0.0,-0.24595093727111816,map_a,map_a_open,RULESET_V3_M1_OWN_FLAG_HOME,73b77ac3a0efb2c33a4498544c96bb702a656cbbfe17af18ec859c6d6b4c2142,True
211,pi_B_specialist_2v2_dual_branch_v1,2508,52176,25,61,,OP3,OPPONENT_POOL,train,map_a_open,-1,0,SCRIPTED:OP7,6,0,1,2,-1,240,0.3999999761581421,0,1,0,29,0,0,0,0,0,0,0,0,0,0,0,0,0,0,0,0,33.0,7.306206258138021,-1.0,0.0,-0.0011804699897766113,0.0,0.0,0.0,0.0,-0.24498802423477173,map_a,map_a_open,RULESET_V3_M1_OWN_FLAG_HOME,73b77ac3a0efb2c33a4498544c96bb702a656cbbfe17af18ec859c6d6b4c2142,True
212,pi_B_specialist_2v2_dual_branch_v1,2508,52752,25,97,,OP3,OPPONENT_POOL,train,map_a_open,-1,0,SCRIPTED:OP7,6,0,0,0,0,240,0.5199999809265137,1,0,0,37,0,0,0,0,0,0,0,0,0,0,0,0,0,0,0,0,,7.7499267578125,-0.5,0.0,-0.0003871619701385498,0.0,0.0,0.0,-0.004000000189989805,-0.12536124885082245,map_a,map_a_open,RULESET_V3_M1_OWN_FLAG_HOME,73b77ac3a0efb2c33a4498544c96bb702a656cbbfe17af18ec859c6d6b4c2142,True
213,pi_B_specialist_2v2_dual_branch_v1,2508,53168,25,123,,OP3,OPPONENT_POOL,train,map_a_open,-1,0,SCRIPTED:OP7,6,0,0,1,-1,240,0.5999999642372131,1,0,0,37,0,0,0,0,0,0,0,0,0,0,0,0,0,0,0,0,33.0,7.553165690104167,-1.0,0.0,-0.0007650256156921387,0.0,0.0,0.0,0.0,-0.24496358633041382,map_a,map_a_open,RULESET_V3_M1_OWN_FLAG_HOME,73b77ac3a0efb2c33a4498544c96bb702a656cbbfe17af18ec859c6d6b4c2142,True
214,pi_B_specialist_2v2_dual_branch_v1,2508,53760,26,32,,OP3,OPPONENT_POOL,train,map_a_open,-1,0,SCRIPTED:OP7,6,1,1,0,1,240,0.6399999856948853,0,1,0,48,0,0,0,0,0,0,0,0,0,0,0,0,0,0,0,0,29.0,7.529670206705729,1.0,0.0,-0.014070212841033936,0.0,0.0,0.0,-0.004000000189989805,0.24315118789672852,map_a,map_a_open,RULESET_V3_M1_OWN_FLAG_HOME,73b77ac3a0efb2c33a4498544c96bb702a656cbbfe17af18ec859c6d6b4c2142,True
215,pi_B_specialist_2v2_dual_branch_v1,2508,53760,26,32,,OP3,OPPONENT_POOL,train,map_a_open,-1,0,SCRIPTED:OP7,6,0,0,0,0,240,0.5199999809265137,1,0,0,37,0,0,0,0,0,0,0,0,0,0,0,0,0,0,0,0,,7.567474365234375,-0.5,0.0,0.01624205708503723,0.0,0.0,0.0,0.0,-0.12335345149040222,map_a,map_a_open,RULESET_V3_M1_OWN_FLAG_HOME,73b77ac3a0efb2c33a4498544c96bb702a656cbbfe17af18ec859c6d6b4c2142,True
216,pi_B_specialist_2v2_dual_branch_v1,2508,53760,26,32,,OP3,OPPONENT_POOL,train,map_a_open,-1,0,SCRIPTED:OP7,6,0,0,1,-1,240,0.4399999976158142,1,0,0,43,0,0,0,0,0,0,0,0,0,0,0,0,0,0,0,0,216.0,7.744120788574219,-1.0,0.0,-0.01880308985710144,0.0,0.0,0.0,-0.004000000189989805,-0.2469622641801834,map_a,map_a_open,RULESET_V3_M1_OWN_FLAG_HOME,73b77ac3a0efb2c33a4498544c96bb702a656cbbfe17af18ec859c6d6b4c2142,True
217,pi_B_specialist_2v2_dual_branch_v1,2508,53760,26,32,,OP3,OPPONENT_POOL,train,map_a_open,-1,0,SCRIPTED:OP7,6,0,0,0,0,240,0.5999999642372131,0,1,0,43,0,0,0,0,0,0,0,0,0,0,0,0,0,0,0,0,,7.471595764160156,-0.5,0.0,-0.003908812999725342,0.0,0.0,0.0,-0.004000000189989805,-0.1255778819322586,map_a,map_a_open,RULESET_V3_M1_OWN_FLAG_HOME,73b77ac3a0efb2c33a4498544c96bb702a656cbbfe17af18ec859c6d6b4c2142,True
218,pi_B_specialist_2v2_dual_branch_v1,2508,53760,26,32,,OP3,OPPONENT_POOL,train,map_a_open,-1,0,SCRIPTED:OP7,6,0,0,0,0,240,0.5600000023841858,1,0,0,50,0,0,0,0,0,0,0,0,0,0,0,0,0,0,0,0,,7.6541386922200525,-0.5,0.10000000149011612,0.00424039363861084,0.0,0.0,0.0,0.0,-0.09940560162067413,map_a,map_a_open,RULESET_V3_M1_OWN_FLAG_HOME,73b77ac3a0efb2c33a4498544c96bb702a656cbbfe17af18ec859c6d6b4c2142,True
219,pi_B_specialist_2v2_dual_branch_v1,2508,53760,26,32,,OP3,OPPONENT_POOL,train,map_a_open,-1,0,SCRIPTED:OP7,6,0,0,1,-1,240,0.5600000023841858,1,0,0,29,0,0,0,0,0,0,0,0,0,0,0,0,0,0,0,0,34.0,7.310941569010416,-1.0,0.0,0.003456324338912964,0.0,0.0,0.0,0.0,-0.2447155863046646,map_a,map_a_open,RULESET_V3_M1_OWN_FLAG_HOME,73b77ac3a0efb2c33a4498544c96bb702a656cbbfe17af18ec859c6d6b4c2142,True
220,pi_B_specialist_2v2_dual_branch_v1,2508,53760,26,32,,OP3,OPPONENT_POOL,train,map_a_open,-1,0,SCRIPTED:OP7,6,0,0,0,0,240,0.5600000023841858,1,0,0,51,0,0,0,0,0,0,0,0,0,0,0,0,0,0,0,0,,7.503397623697917,-0.5,0.0,0.01720568537712097,0.0,0.0,0.0,-0.004000000189989805,-0.12427882105112076,map_a,map_a_open,RULESET_V3_M1_OWN_FLAG_HOME,73b77ac3a0efb2c33a4498544c96bb702a656cbbfe17af18ec859c6d6b4c2142,True
221,pi_B_specialist_2v2_dual_branch_v1,2508,53760,26,32,,OP3,OPPONENT_POOL,train,map_a_open,-1,0,SCRIPTED:OP7,6,0,0,0,0,240,0.5999999642372131,1,0,0,51,0,0,0,0,0,0,0,0,0,0,0,0,0,0,0,0,,7.640607706705729,-0.5,0.0,-0.0023573338985443115,0.0,0.0,0.0,-0.004000000189989805,-0.125482439994812,map_a,map_a_open,RULESET_V3_M1_OWN_FLAG_HOME,73b77ac3a0efb2c33a4498544c96bb702a656cbbfe17af18ec859c6d6b4c2142,True
222,pi_B_specialist_2v2_dual_branch_v1,2508,53760,26,32,,OP3,OPPONENT_POOL,train,map_a_open,-1,0,SCRIPTED:OP7,6,0,0,2,-2,240,0.5199999809265137,1,0,0,50,0,0,0,0,0,0,0,0,0,0,0,0,0,0,0,0,116.0,7.785481262207031,-1.0,0.0,-0.019603997468948364,0.0,0.0,0.0,-0.004000000189989805,-0.24700927734375,map_a,map_a_open,RULESET_V3_M1_OWN_FLAG_HOME,73b77ac3a0efb2c33a4498544c96bb702a656cbbfe17af18ec859c6d6b4c2142,True
223,pi_B_specialist_2v2_dual_branch_v1,2508,53760,26,32,,OP3,OPPONENT_POOL,train,map_a_open,-1,0,SCRIPTED:OP7,6,0,0,1,-1,240,0.4399999976158142,1,0,0,35,0,0,0,0,0,0,0,0,0,0,0,0,0,0,0,0,37.0,7.754765319824219,-1.0,0.0,-0.003906518220901489,0.0,0.0,0.0,0.0,-0.245148167014122,map_a,map_a_open,RULESET_V3_M1_OWN_FLAG_HOME,73b77ac3a0efb2c33a4498544c96bb702a656cbbfe17af18ec859c6d6b4c2142,True
224,pi_B_specialist_2v2_dual_branch_v1,2508,53760,26,32,,OP3,OPPONENT_POOL,train,map_a_open,-1,0,SCRIPTED:OP7,6,0,0,1,-1,240,0.5199999809265137,1,0,0,28,0,0,0,0,0,0,0,0,0,0,0,0,0,0,0,0,128.0,7.615895589192708,-1.0,0.0,0.017176389694213867,0.0,0.0,0.0,0.0,-0.24390925467014313,map_a,map_a_open,RULESET_V3_M1_OWN_FLAG_HOME,73b77ac3a0efb2c33a4498544c96bb702a656cbbfe17af18ec859c6d6b4c2142,True
225,pi_B_specialist_2v2_dual_branch_v1,2508,55440,27,9,,OP3,OPPONENT_POOL,train,map_a_open,-1,0,SCRIPTED:OP7,6,0,0,0,0,240,0.5999999642372131,0,1,0,48,0,0,0,0,0,0,0,0,0,0,0,0,0,0,0,0,,7.545225524902344,-0.5,0.0,-0.01778396964073181,0.0,0.0,0.0,-0.004000000189989805,-0.12643130123615265,map_a,map_a_open,RULESET_V3_M1_OWN_FLAG_HOME,73b77ac3a0efb2c33a4498544c96bb702a656cbbfe17af18ec859c6d6b4c2142,True
226,pi_B_specialist_2v2_dual_branch_v1,2508,56000,27,44,,OP3,OPPONENT_POOL,train,map_a_open,-1,0,SCRIPTED:OP7,6,0,0,0,0,240,0.5199999809265137,1,0,0,30,0,0,0,0,0,0,0,0,0,0,0,0,0,0,0,0,,7.74971669514974,-0.5,0.0,-0.000253826379776001,0.0,0.0,0.0,-0.004000000189989805,-0.12535303831100464,map_a,map_a_open,RULESET_V3_M1_OWN_FLAG_HOME,73b77ac3a0efb2c33a4498544c96bb702a656cbbfe17af18ec859c6d6b4c2142,True
227,pi_B_specialist_2v2_dual_branch_v1,2508,56016,27,45,,OP3,OPPONENT_POOL,train,map_a_open,-1,0,SCRIPTED:OP7,6,0,0,0,0,240,0.5999999642372131,1,0,0,44,0,0,0,0,0,0,0,0,0,0,0,0,0,0,0,0,,8.06998291015625,-0.5,0.0,-0.014724791049957275,0.0,0.0,0.0,-0.004000000189989805,-0.12624315917491913,map_a,map_a_open,RULESET_V3_M1_OWN_FLAG_HOME,73b77ac3a0efb2c33a4498544c96bb702a656cbbfe17af18ec859c6d6b4c2142,True
228,pi_B_specialist_2v2_dual_branch_v1,2508,56592,27,81,,OP3,OPPONENT_POOL,train,map_a_open,-1,0,SCRIPTED:OP7,6,0,0,1,-1,240,0.6399999856948853,1,0,0,29,0,0,0,0,0,0,0,0,0,0,0,0,0,0,0,0,171.0,7.81778310139974,-1.0,0.0,-0.010298401117324829,0.0,0.0,0.0,-0.004000000189989805,-0.24646306037902832,map_a,map_a_open,RULESET_V3_M1_OWN_FLAG_HOME,73b77ac3a0efb2c33a4498544c96bb702a656cbbfe17af18ec859c6d6b4c2142,True
229,pi_B_specialist_2v2_dual_branch_v1,2508,57008,27,107,,OP3,OPPONENT_POOL,train,map_a_open,-1,0,SCRIPTED:OP7,6,0,0,0,0,240,0.47999998927116394,1,0,0,47,0,0,0,0,0,0,0,0,0,0,0,0,0,0,0,0,,7.789967854817708,-0.5,0.0,-0.0038733184337615967,0.0,0.0,0.0,-0.004000000189989805,-0.1255756914615631,map_a,map_a_open,RULESET_V3_M1_OWN_FLAG_HOME,73b77ac3a0efb2c33a4498544c96bb702a656cbbfe17af18ec859c6d6b4c2142,True
230,pi_B_specialist_2v2_dual_branch_v1,2508,57600,28,16,,OP3,OPPONENT_POOL,train,map_a_open,-1,0,SCRIPTED:OP7,6,0,0,0,0,240,0.5199999809265137,1,0,0,38,0,0,0,0,0,0,0,0,0,0,0,0,0,0,0,0,,8.055145263671875,-0.5,0.0,0.004674941301345825,0.020624998956918716,0.0,0.0,-0.00800000037997961,-0.12476526200771332,map_a,map_a_open,RULESET_V3_M1_OWN_FLAG_HOME,73b77ac3a0efb2c33a4498544c96bb702a656cbbfe17af18ec859c6d6b4c2142,True
231,pi_B_specialist_2v2_dual_branch_v1,2508,57600,28,16,,OP3,OPPONENT_POOL,train,map_a_open,-1,0,SCRIPTED:OP7,6,1,1,0,1,240,0.5999999642372131,1,0,0,34,0,0,0,0,0,0,0,0,0,0,0,0,0,0,0,0,64.0,7.666013590494791,1.0,0.0,-0.009097784757614136,0.0,0.0,0.0,-0.004000000189989805,0.243443563580513,map_a,map_a_open,RULESET_V3_M1_OWN_FLAG_HOME,73b77ac3a0efb2c33a4498544c96bb702a656cbbfe17af18ec859c6d6b4c2142,True
232,pi_B_specialist_2v2_dual_branch_v1,2508,57600,28,16,,OP3,OPPONENT_POOL,train,map_a_open,-1,0,SCRIPTED:OP7,6,0,0,0,0,240,0.5999999642372131,1,0,0,33,0,0,0,0,0,0,0,0,0,0,0,0,0,0,0,0,,7.552249654134115,-0.5,0.0,0.008054226636886597,0.0,0.0,0.0,0.0,-0.12385737150907516,map_a,map_a_open,RULESET_V3_M1_OWN_FLAG_HOME,73b77ac3a0efb2c33a4498544c96bb702a656cbbfe17af18ec859c6d6b4c2142,True
233,pi_B_specialist_2v2_dual_branch_v1,2508,57600,28,16,,OP3,OPPONENT_POOL,train,map_a_open,-1,0,SCRIPTED:OP7,6,0,0,0,0,240,0.5999999642372131,1,0,0,36,0,0,0,0,0,0,0,0,0,0,0,0,0,0,0,0,,7.897279866536459,-0.5,0.0,-0.0018756091594696045,0.0,0.0,0.0,0.0,-0.12446842342615128,map_a,map_a_open,RULESET_V3_M1_OWN_FLAG_HOME,73b77ac3a0efb2c33a4498544c96bb702a656cbbfe17af18ec859c6d6b4c2142,True
234,pi_B_specialist_2v2_dual_branch_v1,2508,57600,28,16,,OP3,OPPONENT_POOL,train,map_a_open,-1,0,SCRIPTED:OP7,6,0,0,0,0,240,0.6800000071525574,1,0,0,37,0,0,0,0,0,0,0,0,0,0,0,0,0,0,0,0,,7.80156504313151,-0.5,0.0,0.005693018436431885,0.0,0.0,0.0,-0.004000000189989805,-0.12498718500137329,map_a,map_a_open,RULESET_V3_M1_OWN_FLAG_HOME,73b77ac3a0efb2c33a4498544c96bb702a656cbbfe17af18ec859c6d6b4c2142,True
235,pi_B_specialist_2v2_dual_branch_v1,2508,57600,28,16,,OP3,OPPONENT_POOL,train,map_a_open,-1,0,SCRIPTED:OP7,6,0,0,1,-1,240,0.5199999809265137,1,0,0,33,0,0,0,0,0,0,0,0,0,0,0,0,0,0,0,0,180.0,7.341329447428385,-1.0,0.0,-0.009778141975402832,0.0,0.0,0.0,-0.004000000189989805,-0.24643252789974213,map_a,map_a_open,RULESET_V3_M1_OWN_FLAG_HOME,73b77ac3a0efb2c33a4498544c96bb702a656cbbfe17af18ec859c6d6b4c2142,True
236,pi_B_specialist_2v2_dual_branch_v1,2508,57600,28,16,,OP3,OPPONENT_POOL,train,map_a_open,-1,0,SCRIPTED:OP7,6,0,0,0,0,240,0.5199999809265137,0,1,0,46,0,0,0,0,0,0,0,0,0,0,0,0,0,0,0,0,,7.580921936035156,-0.5,0.0,0.01122903823852539,0.0,0.0,0.0,-0.00800000037997961,-0.1256309151649475,map_a,map_a_open,RULESET_V3_M1_OWN_FLAG_HOME,73b77ac3a0efb2c33a4498544c96bb702a656cbbfe17af18ec859c6d6b4c2142,True
237,pi_B_specialist_2v2_dual_branch_v1,2508,57600,28,16,,OP3,OPPONENT_POOL,train,map_a_open,-1,0,SCRIPTED:OP7,6,0,0,0,0,240,0.5199999809265137,1,0,0,47,0,0,0,0,0,0,0,0,0,0,0,0,0,0,0,0,,8.016912333170573,-0.5,0.0,-0.020283639430999756,0.0,0.0,0.0,0.0,-0.1256009340286255,map_a,map_a_open,RULESET_V3_M1_OWN_FLAG_HOME,73b77ac3a0efb2c33a4498544c96bb702a656cbbfe17af18ec859c6d6b4c2142,True
238,pi_B_specialist_2v2_dual_branch_v1,2508,57600,28,16,,OP3,OPPONENT_POOL,train,map_a_open,-1,0,SCRIPTED:OP7,6,0,0,0,0,240,0.5999999642372131,1,0,0,39,0,0,0,0,0,0,0,0,0,0,0,0,0,0,0,0,,7.536968485514323,-0.5,0.0,-0.007085546851158142,0.04999987781047821,0.0,0.0,0.0,-0.12171146273612976,map_a,map_a_open,RULESET_V3_M1_OWN_FLAG_HOME,73b77ac3a0efb2c33a4498544c96bb702a656cbbfe17af18ec859c6d6b4c2142,True
239,pi_B_specialist_2v2_dual_branch_v1,2508,57600,28,16,,OP3,OPPONENT_POOL,train,map_a_open,-1,0,SCRIPTED:OP7,6,0,0,0,0,240,0.5999999642372131,1,0,0,40,0,0,0,0,0,0,0,0,0,0,0,0,0,0,0,0,,7.865851847330729,-0.5,0.0,0.008591890335083008,0.0,0.0,0.0,0.0,-0.12382428348064423,map_a,map_a_open,RULESET_V3_M1_OWN_FLAG_HOME,73b77ac3a0efb2c33a4498544c96bb702a656cbbfe17af18ec859c6d6b4c2142,True
240,pi_B_specialist_2v2_dual_branch_v1,2508,57600,28,16,,OP3,OPPONENT_POOL,train,map_a_open,-1,0,SCRIPTED:OP7,6,0,0,0,0,240,0.47999998927116394,0,1,0,41,0,0,0,0,0,0,0,0,0,0,0,0,0,0,0,0,,7.8326878865559895,-0.5,0.0,-0.020364969968795776,0.0,0.0,0.0,-0.004000000189989805,-0.1265900433063507,map_a,map_a_open,RULESET_V3_M1_OWN_FLAG_HOME,73b77ac3a0efb2c33a4498544c96bb702a656cbbfe17af18ec859c6d6b4c2142,True
241,pi_B_specialist_2v2_dual_branch_v1,2508,59280,28,121,,OP3,OPPONENT_POOL,train,map_a_open,-1,0,SCRIPTED:OP7,6,0,0,1,-1,240,0.5999999642372131,0,1,0,28,0,0,0,0,0,0,0,0,0,0,0,0,0,0,0,0,173.0,7.188775634765625,-1.0,0.0,-0.0022583752870559692,0.0,0.0,0.0,0.0,-0.2450513243675232,map_a,map_a_open,RULESET_V3_M1_OWN_FLAG_HOME,73b77ac3a0efb2c33a4498544c96bb702a656cbbfe17af18ec859c6d6b4c2142,True
242,pi_B_specialist_2v2_dual_branch_v1,2508,59840,29,28,,OP3,OPPONENT_POOL,train,map_a_open,-1,0,SCRIPTED:OP7,6,0,0,1,-1,240,0.5600000023841858,1,0,0,45,0,0,0,0,0,0,0,0,0,0,0,0,0,0,0,0,214.0,7.439594523111979,-1.0,0.0,0.019996225833892822,0.02499999850988388,0.0,0.0,0.0,-0.2422732710838318,map_a,map_a_open,RULESET_V3_M1_OWN_FLAG_HOME,73b77ac3a0efb2c33a4498544c96bb702a656cbbfe17af18ec859c6d6b4c2142,True
243,pi_B_specialist_2v2_dual_branch_v1,2508,59856,29,29,,OP3,OPPONENT_POOL,train,map_a_open,-1,0,SCRIPTED:OP7,6,0,0,0,0,240,0.47999998927116394,1,0,0,39,0,0,0,0,0,0,0,0,0,0,0,0,0,0,0,0,,7.780702718098959,-0.5,0.0,0.003900468349456787,0.0,0.0,0.0,0.0,-0.12411298602819443,map_a,map_a_open,RULESET_V3_M1_OWN_FLAG_HOME,73b77ac3a0efb2c33a4498544c96bb702a656cbbfe17af18ec859c6d6b4c2142,True
244,pi_B_specialist_2v2_dual_branch_v1,2508,60432,29,65,,OP3,OPPONENT_POOL,train,map_a_open,-1,0,SCRIPTED:OP7,6,0,0,1,-1,240,0.5600000023841858,1,0,0,31,0,0,0,0,0,0,0,0,0,0,0,0,0,0,0,0,74.0,7.723148091634115,-1.0,0.0,-0.005300551652908325,0.0,0.0,0.0,-0.004000000189989805,-0.24616965651512146,map_a,map_a_open,RULESET_V3_M1_OWN_FLAG_HOME,73b77ac3a0efb2c33a4498544c96bb702a656cbbfe17af18ec859c6d6b4c2142,True
245,pi_B_specialist_2v2_dual_branch_v1,2508,60848,29,91,,OP3,OPPONENT_POOL,train,map_a_open,-1,0,SCRIPTED:OP7,6,0,0,0,0,240,0.5600000023841858,0,2,0,16,0,0,0,0,0,0,0,0,0,0,0,0,0,0,0,0,,7.59107411702474,-0.5,0.0,-0.004318416118621826,0.0,0.0,0.0,-0.004000000189989805,-0.1256030797958374,map_a,map_a_open,RULESET_V3_M1_OWN_FLAG_HOME,73b77ac3a0efb2c33a4498544c96bb702a656cbbfe17af18ec859c6d6b4c2142,True
246,pi_B_specialist_2v2_dual_branch_v1,2508,61040,29,103,,OP3,OPPONENT_POOL,train,map_a_open,-1,0,SCRIPTED:OP7,6,0,0,3,-3,215,0.6800000071525574,1,0,0,32,0,0,0,0,0,0,0,0,0,0,0,0,0,0,0,0,87.0,7.725333848110465,-1.0,-0.5,0.01127004623413086,0.0,-1.0,-100.0,0.0,-0.5541118383407593,map_a,map_a_open,RULESET_V3_M1_OWN_FLAG_HOME,73b77ac3a0efb2c33a4498544c96bb702a656cbbfe17af18ec859c6d6b4c2142,True
247,pi_B_specialist_2v2_dual_branch_v1,2508,61440,29,128,,OP3,OPPONENT_POOL,train,map_a_open,-1,0,SCRIPTED:OP7,6,0,0,0,0,240,0.5600000023841858,1,0,0,37,0,0,0,0,0,0,0,0,0,0,0,0,0,0,0,0,,7.84833730061849,-0.5,0.0,0.009606599807739258,0.0,0.0,0.0,0.0,-0.12376183271408081,map_a,map_a_open,RULESET_V3_M1_OWN_FLAG_HOME,73b77ac3a0efb2c33a4498544c96bb702a656cbbfe17af18ec859c6d6b4c2142,True
248,pi_B_specialist_2v2_dual_branch_v1,2508,61440,29,128,,OP3,OPPONENT_POOL,train,map_a_open,-1,0,SCRIPTED:OP7,6,0,0,0,0,240,0.5199999809265137,1,0,0,29,0,0,0,0,0,0,0,0,0,0,0,0,0,0,0,0,,7.700806172688802,-0.5,0.0,0.008221566677093506,0.0,0.0,0.0,0.0,-0.12384706735610962,map_a,map_a_open,RULESET_V3_M1_OWN_FLAG_HOME,73b77ac3a0efb2c33a4498544c96bb702a656cbbfe17af18ec859c6d6b4c2142,True
249,pi_B_specialist_2v2_dual_branch_v1,2508,61440,29,128,,OP3,OPPONENT_POOL,train,map_a_open,-1,0,SCRIPTED:OP7,6,0,0,0,0,240,0.5199999809265137,1,0,0,38,0,0,0,0,0,0,0,0,0,0,0,0,0,0,0,0,,7.781566365559896,-0.5,0.0,-0.011759817600250244,0.0,0.0,0.0,-0.004000000189989805,-0.12606079876422882,map_a,map_a_open,RULESET_V3_M1_OWN_FLAG_HOME,73b77ac3a0efb2c33a4498544c96bb702a656cbbfe17af18ec859c6d6b4c2142,True
250,pi_B_specialist_2v2_dual_branch_v1,2508,61440,29,128,,OP3,OPPONENT_POOL,train,map_a_open,-1,0,SCRIPTED:OP7,6,0,0,2,-2,240,0.47999998927116394,0,2,0,23,0,0,0,0,0,0,0,0,0,0,0,0,0,0,0,0,90.0,8.084691874186198,-1.0,0.0,0.012562155723571777,0.0,0.0,0.0,0.0,-0.24418047070503235,map_a,map_a_open,RULESET_V3_M1_OWN_FLAG_HOME,73b77ac3a0efb2c33a4498544c96bb702a656cbbfe17af18ec859c6d6b4c2142,True
251,pi_B_specialist_2v2_dual_branch_v1,2508,61440,29,128,,OP3,OPPONENT_POOL,train,map_a_open,-1,0,SCRIPTED:OP7,6,0,0,0,0,240,0.5600000023841858,1,0,0,48,0,0,0,0,0,0,0,0,0,0,0,0,0,0,0,0,,7.6129816691080725,-0.5,0.0,-0.0032012462615966797,0.0,0.0,0.0,0.0,-0.1245499849319458,map_a,map_a_open,RULESET_V3_M1_OWN_FLAG_HOME,73b77ac3a0efb2c33a4498544c96bb702a656cbbfe17af18ec859c6d6b4c2142,True
252,pi_B_specialist_2v2_dual_branch_v1,2508,61440,29,128,,OP3,OPPONENT_POOL,train,map_a_open,-1,0,SCRIPTED:OP7,6,0,0,2,-2,240,0.5199999809265137,0,1,0,31,0,0,0,0,0,0,0,0,0,0,0,0,0,0,0,0,69.0,7.669455973307292,-1.0,0.0,0.01592281460762024,0.0,0.0,0.0,0.0,-0.2439829558134079,map_a,map_a_open,RULESET_V3_M1_OWN_FLAG_HOME,73b77ac3a0efb2c33a4498544c96bb702a656cbbfe17af18ec859c6d6b4c2142,True
253,pi_B_specialist_2v2_dual_branch_v1,2508,61440,29,128,,OP3,OPPONENT_POOL,train,map_a_open,-1,0,SCRIPTED:OP7,6,0,0,0,0,240,0.5600000023841858,0,2,0,49,0,0,0,0,0,0,0,0,0,0,0,0,0,0,0,0,,7.614048767089844,-0.5,0.0,-0.012574970722198486,0.0,0.0,0.0,-0.004000000189989805,-0.12611092627048492,map_a,map_a_open,RULESET_V3_M1_OWN_FLAG_HOME,73b77ac3a0efb2c33a4498544c96bb702a656cbbfe17af18ec859c6d6b4c2142,True
254,pi_B_specialist_2v2_dual_branch_v1,2508,61440,29,128,,OP3,OPPONENT_POOL,train,map_a_open,-1,0,SCRIPTED:OP7,6,0,0,0,0,240,0.4399999976158142,1,0,0,44,0,0,0,0,0,0,0,0,0,0,0,0,0,0,0,0,,7.8481699625651045,-0.5,0.0,-0.01875808835029602,0.0,0.0,0.0,-0.004000000189989805,-0.1264912188053131,map_a,map_a_open,RULESET_V3_M1_OWN_FLAG_HOME,73b77ac3a0efb2c33a4498544c96bb702a656cbbfe17af18ec859c6d6b4c2142,True
255,pi_B_specialist_2v2_dual_branch_v1,2508,61440,29,128,,OP3,OPPONENT_POOL,train,map_a_open,-1,0,SCRIPTED:OP7,6,0,0,0,0,240,0.5199999809265137,0,1,0,50,0,0,0,0,0,0,0,0,0,0,0,0,0,0,0,0,,8.078684997558593,-0.5,0.0,-0.000988602638244629,0.0,0.0,0.0,-0.004000000189989805,-0.12539824843406677,map_a,map_a_open,RULESET_V3_M1_OWN_FLAG_HOME,73b77ac3a0efb2c33a4498544c96bb702a656cbbfe17af18ec859c6d6b4c2142,True
256,pi_B_specialist_2v2_dual_branch_v1,2508,61440,29,128,,OP3,OPPONENT_POOL,train,map_a_open,-1,0,SCRIPTED:OP7,6,0,0,2,-2,240,0.5199999809265137,1,0,0,34,0,0,0,0,0,0,0,0,0,0,0,0,0,0,0,0,77.0,7.6958155314127605,-1.0,0.0,-0.018198326230049133,0.0,0.0,0.0,0.0,-0.24598753452301025,map_a,map_a_open,RULESET_V3_M1_OWN_FLAG_HOME,73b77ac3a0efb2c33a4498544c96bb702a656cbbfe17af18ec859c6d6b4c2142,True
257,pi_B_specialist_2v2_dual_branch_v1,2508,63120,30,105,,OP3,OPPONENT_POOL,train,map_a_open,-1,0,SCRIPTED:OP7,6,0,0,0,0,240,0.5600000023841858,1,0,0,54,0,0,0,0,0,0,0,0,0,0,0,0,0,0,0,0,,7.854521687825521,-0.5,0.0,-0.001409977674484253,0.0,0.0,0.0,0.0,-0.1244397684931755,map_a,map_a_open,RULESET_V3_M1_OWN_FLAG_HOME,73b77ac3a0efb2c33a4498544c96bb702a656cbbfe17af18ec859c6d6b4c2142,True
258,pi_B_specialist_2v2_dual_branch_v1,2508,63680,31,12,,OP3,OPPONENT_POOL,train,map_a_open,-1,0,SCRIPTED:OP7,6,0,0,0,0,240,0.47999998927116394,1,0,0,35,0,0,0,0,0,0,0,0,0,0,0,0,0,0,0,0,,7.722551981608073,-0.5,0.0,-0.004394710063934326,0.0,0.0,0.0,-0.004000000189989805,-0.12560777366161346,map_a,map_a_open,RULESET_V3_M1_OWN_FLAG_HOME,73b77ac3a0efb2c33a4498544c96bb702a656cbbfe17af18ec859c6d6b4c2142,True
259,pi_B_specialist_2v2_dual_branch_v1,2508,63696,31,13,,OP3,OPPONENT_POOL,train,map_a_open,-1,0,SCRIPTED:OP7,6,0,0,1,-1,240,0.5600000023841858,1,0,0,35,0,0,0,0,0,0,0,0,0,0,0,0,0,0,0,0,70.0,8.363841756184895,-1.0,0.0,-0.007205963134765625,0.0,0.0,0.0,0.0,-0.2453419715166092,map_a,map_a_open,RULESET_V3_M1_OWN_FLAG_HOME,73b77ac3a0efb2c33a4498544c96bb702a656cbbfe17af18ec859c6d6b4c2142,True
260,pi_B_specialist_2v2_dual_branch_v1,2508,64272,31,49,,OP3,OPPONENT_POOL,train,map_a_open,-1,0,SCRIPTED:OP7,6,0,0,1,-1,240,0.5600000023841858,1,0,0,40,0,0,0,0,0,0,0,0,0,0,0,0,0,0,0,0,33.0,7.633660888671875,-1.0,0.0,0.015740245580673218,0.0,0.0,0.0,0.0,-0.24399368464946747,map_a,map_a_open,RULESET_V3_M1_OWN_FLAG_HOME,73b77ac3a0efb2c33a4498544c96bb702a656cbbfe17af18ec859c6d6b4c2142,True
261,pi_B_specialist_2v2_dual_branch_v1,2508,64688,31,75,,OP3,OPPONENT_POOL,train,map_a_open,-1,0,SCRIPTED:OP7,6,0,0,0,0,240,0.47999998927116394,0,1,0,39,0,0,0,0,0,0,0,0,0,0,0,0,0,0,0,0,,8.112420654296875,-0.5,0.0,0.0018800199031829834,0.0,0.0,0.0,0.0,-0.12423732131719589,map_a,map_a_open,RULESET_V3_M1_OWN_FLAG_HOME,73b77ac3a0efb2c33a4498544c96bb702a656cbbfe17af18ec859c6d6b4c2142,True
262,pi_B_specialist_2v2_dual_branch_v1,2508,64880,31,87,,OP3,OPPONENT_POOL,train,map_a_open,-1,0,SCRIPTED:OP7,6,0,0,0,0,240,0.5600000023841858,1,0,0,36,0,0,0,0,0,0,0,0,0,0,0,0,0,0,0,0,,7.789655049641927,-0.5,0.0,0.006243020296096802,0.0,0.0,0.0,0.0,-0.12396883964538574,map_a,map_a_open,RULESET_V3_M1_OWN_FLAG_HOME,73b77ac3a0efb2c33a4498544c96bb702a656cbbfe17af18ec859c6d6b4c2142,True
263,pi_B_specialist_2v2_dual_branch_v1,2508,65280,31,112,,OP3,OPPONENT_POOL,train,map_a_open,-1,0,SCRIPTED:OP7,6,0,0,0,0,240,0.5999999642372131,1,0,0,53,0,0,0,0,0,0,0,0,0,0,0,0,0,0,0,0,,7.689070129394532,-0.5,0.0,-0.010240316390991211,0.0,0.0,0.0,-0.004000000189989805,-0.125967338681221,map_a,map_a_open,RULESET_V3_M1_OWN_FLAG_HOME,73b77ac3a0efb2c33a4498544c96bb702a656cbbfe17af18ec859c6d6b4c2142,True
264,pi_B_specialist_2v2_dual_branch_v1,2508,65280,31,112,,OP3,OPPONENT_POOL,train,map_a_open,-1,0,SCRIPTED:OP7,6,0,1,1,0,240,0.5199999809265137,1,0,0,26,0,0,0,0,0,0,0,0,0,0,0,0,0,0,0,0,77.0,7.216762288411458,-0.5,0.0,-0.0068534016609191895,0.0,0.0,0.0,-0.004000000189989805,-0.12575900554656982,map_a,map_a_open,RULESET_V3_M1_OWN_FLAG_HOME,73b77ac3a0efb2c33a4498544c96bb702a656cbbfe17af18ec859c6d6b4c2142,True
265,pi_B_specialist_2v2_dual_branch_v1,2508,65280,31,112,,OP3,OPPONENT_POOL,train,map_a_open,-1,0,SCRIPTED:OP7,6,0,0,1,-1,240,0.47999998927116394,1,0,0,42,0,0,0,0,0,0,0,0,0,0,0,0,0,0,0,0,119.0,7.614066569010417,-1.0,0.0,-0.0003879070281982422,0.0,0.0,0.0,-0.00800000037997961,-0.24682052433490753,map_a,map_a_open,RULESET_V3_M1_OWN_FLAG_HOME,73b77ac3a0efb2c33a4498544c96bb702a656cbbfe17af18ec859c6d6b4c2142,True
266,pi_B_specialist_2v2_dual_branch_v1,2508,65280,31,112,,OP3,OPPONENT_POOL,train,map_a_open,-1,0,SCRIPTED:OP7,6,0,0,0,0,240,0.7199999690055847,0,1,0,52,0,0,0,0,0,0,0,0,0,0,0,0,0,0,0,0,,7.84404551188151,-0.5,0.0,0.01350441575050354,0.0,0.0,0.0,-0.004000000189989805,-0.12450656294822693,map_a,map_a_open,RULESET_V3_M1_OWN_FLAG_HOME,73b77ac3a0efb2c33a4498544c96bb702a656cbbfe17af18ec859c6d6b4c2142,True
267,pi_B_specialist_2v2_dual_branch_v1,2508,65280,31,112,,OP3,OPPONENT_POOL,train,map_a_open,-1,0,SCRIPTED:OP7,6,0,0,0,0,240,0.5999999642372131,0,1,0,38,0,0,0,0,0,0,0,0,0,0,0,0,0,0,0,0,,7.937449645996094,-0.5,0.0,-0.009134680032730103,0.0,0.0,0.0,-0.004000000189989805,-0.12589934468269348,map_a,map_a_open,RULESET_V3_M1_OWN_FLAG_HOME,73b77ac3a0efb2c33a4498544c96bb702a656cbbfe17af18ec859c6d6b4c2142,True
268,pi_B_specialist_2v2_dual_branch_v1,2508,65280,31,112,,OP3,OPPONENT_POOL,train,map_a_open,-1,0,SCRIPTED:OP7,6,0,0,0,0,240,0.5199999809265137,0,1,0,60,0,0,0,0,0,0,0,0,0,0,0,0,0,0,0,0,,7.466667683919271,-0.5,0.0,-0.01342281699180603,0.0,0.0,0.0,-0.004000000189989805,-0.1261630803346634,map_a,map_a_open,RULESET_V3_M1_OWN_FLAG_HOME,73b77ac3a0efb2c33a4498544c96bb702a656cbbfe17af18ec859c6d6b4c2142,True
269,pi_B_specialist_2v2_dual_branch_v1,2508,65280,31,112,,OP3,OPPONENT_POOL,train,map_a_open,-1,0,SCRIPTED:OP7,6,0,0,0,0,240,0.47999998927116394,1,0,0,36,0,0,0,0,0,0,0,0,0,0,0,0,0,0,0,0,,7.903485107421875,-0.5,0.0,-0.0157545804977417,0.0,0.0,0.0,-0.004000000189989805,-0.12630648910999298,map_a,map_a_open,RULESET_V3_M1_OWN_FLAG_HOME,73b77ac3a0efb2c33a4498544c96bb702a656cbbfe17af18ec859c6d6b4c2142,True
270,pi_B_specialist_2v2_dual_branch_v1,2508,65280,31,112,,OP3,OPPONENT_POOL,train,map_a_open,-1,0,SCRIPTED:OP7,6,0,0,0,0,240,0.6800000071525574,0,1,0,34,0,0,0,0,0,0,0,0,0,0,0,0,0,0,0,0,,7.941801452636719,-0.5,0.0,-0.014173686504364014,0.0,0.0,0.0,-0.004000000189989805,-0.12620927393436432,map_a,map_a_open,RULESET_V3_M1_OWN_FLAG_HOME,73b77ac3a0efb2c33a4498544c96bb702a656cbbfe17af18ec859c6d6b4c2142,True
271,pi_B_specialist_2v2_dual_branch_v1,2508,65280,31,112,,OP3,OPPONENT_POOL,train,map_a_open,-1,0,SCRIPTED:OP7,6,0,0,0,0,240,0.5199999809265137,1,0,0,41,0,0,0,0,0,0,0,0,0,0,0,0,0,0,0,0,,7.862885030110677,-0.5,0.0,0.015333890914916992,0.0,0.0,0.0,0.0,-0.12340934574604034,map_a,map_a_open,RULESET_V3_M1_OWN_FLAG_HOME,73b77ac3a0efb2c33a4498544c96bb702a656cbbfe17af18ec859c6d6b4c2142,True
272,pi_B_specialist_2v2_dual_branch_v1,2508,65280,31,112,,OP3,OPPONENT_POOL,train,map_a_open,-1,0,SCRIPTED:OP7,6,0,0,0,0,240,0.5199999809265137,1,0,0,38,0,0,0,0,0,0,0,0,0,0,0,0,0,0,0,0,,7.954586791992187,-0.5,0.0,-0.0028592348098754883,0.0,0.0,0.0,-0.004000000189989805,-0.12551331520080566,map_a,map_a_open,RULESET_V3_M1_OWN_FLAG_HOME,73b77ac3a0efb2c33a4498544c96bb702a656cbbfe17af18ec859c6d6b4c2142,True
273,pi_B_specialist_2v2_dual_branch_v1,2508,66960,32,89,,OP3,OPPONENT_POOL,train,map_a_open,-1,0,SCRIPTED:OP7,6,0,0,0,0,240,0.3999999761581421,1,0,0,34,0,0,0,0,0,0,0,0,0,0,0,0,0,0,0,0,,7.928133138020834,-0.5,0.0,0.01049777865409851,0.0,0.0,0.0,0.0,-0.12370698899030685,map_a,map_a_open,RULESET_V3_M1_OWN_FLAG_HOME,73b77ac3a0efb2c33a4498544c96bb702a656cbbfe17af18ec859c6d6b4c2142,True
274,pi_B_specialist_2v2_dual_branch_v1,2508,67520,32,124,,OP3,OPPONENT_POOL,train,map_a_open,-1,0,SCRIPTED:OP7,6,0,0,1,-1,240,0.5600000023841858,1,0,0,51,0,0,0,0,0,0,0,0,0,0,0,0,0,0,0,0,211.0,7.587884012858073,-1.0,0.0,0.0015585124492645264,0.0,0.0,0.0,0.0,-0.24482709169387817,map_a,map_a_open,RULESET_V3_M1_OWN_FLAG_HOME,73b77ac3a0efb2c33a4498544c96bb702a656cbbfe17af18ec859c6d6b4c2142,True
275,pi_B_specialist_2v2_dual_branch_v1,2508,67536,32,125,,OP3,OPPONENT_POOL,train,map_a_open,-1,0,SCRIPTED:OP7,6,0,0,0,0,240,0.47999998927116394,0,1,0,51,0,0,0,0,0,0,0,0,0,0,0,0,0,0,0,0,,7.764804077148438,-0.5,0.0,-0.009305417537689209,0.0,0.0,0.0,-0.004000000189989805,-0.12590983510017395,map_a,map_a_open,RULESET_V3_M1_OWN_FLAG_HOME,73b77ac3a0efb2c33a4498544c96bb702a656cbbfe17af18ec859c6d6b4c2142,True
276,pi_B_specialist_2v2_dual_branch_v1,2508,68112,33,33,,OP3,OPPONENT_POOL,train,map_a_open,-1,0,SCRIPTED:OP7,6,0,0,0,0,240,0.5999999642372131,0,1,0,46,0,0,0,0,0,0,0,0,0,0,0,0,0,0,0,0,,7.270585632324218,-0.5,0.0,0.008019477128982544,0.0,0.0,0.0,0.0,-0.12385950982570648,map_a,map_a_open,RULESET_V3_M1_OWN_FLAG_HOME,73b77ac3a0efb2c33a4498544c96bb702a656cbbfe17af18ec859c6d6b4c2142,True
277,pi_B_specialist_2v2_dual_branch_v1,2508,68528,33,59,,OP3,OPPONENT_POOL,train,map_a_open,-1,0,SCRIPTED:OP7,6,0,0,0,0,240,0.5199999809265137,0,1,0,39,0,0,0,0,0,0,0,0,0,0,0,0,0,0,0,0,,7.514559936523438,-0.5,0.0,-0.005806654691696167,0.0,0.0,0.0,0.0,-0.12471029907464981,map_a,map_a_open,RULESET_V3_M1_OWN_FLAG_HOME,73b77ac3a0efb2c33a4498544c96bb702a656cbbfe17af18ec859c6d6b4c2142,True
278,pi_B_specialist_2v2_dual_branch_v1,2508,68720,33,71,,OP3,OPPONENT_POOL,train,map_a_open,-1,0,SCRIPTED:OP7,6,0,0,0,0,240,0.5999999642372131,0,1,0,52,0,0,0,0,0,0,0,0,0,0,0,0,0,0,0,0,,7.491824340820313,-0.5,0.0,-0.0015808343887329102,0.0,0.0,0.0,0.0,-0.12445027381181717,map_a,map_a_open,RULESET_V3_M1_OWN_FLAG_HOME,73b77ac3a0efb2c33a4498544c96bb702a656cbbfe17af18ec859c6d6b4c2142,True
279,pi_B_specialist_2v2_dual_branch_v1,2508,69120,33,96,,OP3,OPPONENT_POOL,train,map_a_open,-1,0,SCRIPTED:OP7,6,0,0,0,0,240,0.5999999642372131,0,2,0,51,0,0,0,0,0,0,0,0,0,0,0,0,0,0,0,0,,7.929007466634115,-0.5,0.0,0.004173964262008667,0.0,0.0,0.0,0.0,-0.12409616261720657,map_a,map_a_open,RULESET_V3_M1_OWN_FLAG_HOME,73b77ac3a0efb2c33a4498544c96bb702a656cbbfe17af18ec859c6d6b4c2142,True
280,pi_B_specialist_2v2_dual_branch_v1,2508,69120,33,96,,OP3,OPPONENT_POOL,train,map_a_open,-1,0,SCRIPTED:OP7,6,0,0,0,0,240,0.5999999642372131,1,0,0,52,0,0,0,0,0,0,0,0,0,0,0,0,0,0,0,0,,7.834074401855469,-0.5,0.0,-0.01171739399433136,0.0,0.0,0.0,0.0,-0.12507395446300507,map_a,map_a_open,RULESET_V3_M1_OWN_FLAG_HOME,73b77ac3a0efb2c33a4498544c96bb702a656cbbfe17af18ec859c6d6b4c2142,True
281,pi_B_specialist_2v2_dual_branch_v1,2508,69120,33,96,,OP3,OPPONENT_POOL,train,map_a_open,-1,0,SCRIPTED:OP7,6,0,0,0,0,240,0.5199999809265137,1,0,0,40,0,0,0,0,0,0,0,0,0,0,0,0,0,0,0,0,,7.975349426269531,-0.5,0.0,-0.029771029949188232,0.02499999850988388,0.0,0.0,-0.004000000189989805,-0.1256309151649475,map_a,map_a_open,RULESET_V3_M1_OWN_FLAG_HOME,73b77ac3a0efb2c33a4498544c96bb702a656cbbfe17af18ec859c6d6b4c2142,True
282,pi_B_specialist_2v2_dual_branch_v1,2508,69120,33,96,,OP3,OPPONENT_POOL,train,map_a_open,-1,0,SCRIPTED:OP7,6,0,0,0,0,240,0.47999998927116394,1,0,0,34,0,0,0,0,0,0,0,0,0,0,0,0,0,0,0,0,,7.499755859375,-0.5,0.0,-0.019810795783996582,0.0,0.0,0.0,0.0,-0.1255718469619751,map_a,map_a_open,RULESET_V3_M1_OWN_FLAG_HOME,73b77ac3a0efb2c33a4498544c96bb702a656cbbfe17af18ec859c6d6b4c2142,True
283,pi_B_specialist_2v2_dual_branch_v1,2508,69120,33,96,,OP3,OPPONENT_POOL,train,map_a_open,-1,0,SCRIPTED:OP7,6,0,0,0,0,240,0.47999998927116394,1,0,0,59,0,0,0,0,0,0,0,0,0,0,0,0,0,0,0,0,,7.454412841796875,-0.5,0.0,-0.015069574117660522,0.0,0.0,0.0,-0.004000000189989805,-0.12626436352729797,map_a,map_a_open,RULESET_V3_M1_OWN_FLAG_HOME,73b77ac3a0efb2c33a4498544c96bb702a656cbbfe17af18ec859c6d6b4c2142,True
284,pi_B_specialist_2v2_dual_branch_v1,2508,69120,33,96,,OP3,OPPONENT_POOL,train,map_a_open,-1,0,SCRIPTED:OP7,6,0,0,0,0,240,0.6399999856948853,1,0,0,51,0,0,0,0,0,0,0,0,0,0,0,0,0,0,0,0,,7.726450602213542,-0.5,0.0,0.01281803846359253,0.0,0.0,0.0,0.0,-0.12356418371200562,map_a,map_a_open,RULESET_V3_M1_OWN_FLAG_HOME,73b77ac3a0efb2c33a4498544c96bb702a656cbbfe17af18ec859c6d6b4c2142,True
285,pi_B_specialist_2v2_dual_branch_v1,2508,69120,33,96,,OP3,OPPONENT_POOL,train,map_a_open,-1,0,SCRIPTED:OP7,6,0,1,1,0,240,0.5199999809265137,1,0,0,37,0,0,0,0,0,0,0,0,0,0,0,0,0,0,0,0,39.0,8.033875528971354,-0.5,0.0,-0.0009387433528900146,0.0,0.0,0.0,0.0,-0.12441076338291168,map_a,map_a_open,RULESET_V3_M1_OWN_FLAG_HOME,73b77ac3a0efb2c33a4498544c96bb702a656cbbfe17af18ec859c6d6b4c2142,True
286,pi_B_specialist_2v2_dual_branch_v1,2508,69120,33,96,,OP3,OPPONENT_POOL,train,map_a_open,-1,0,SCRIPTED:OP7,6,0,0,1,-1,240,0.47999998927116394,1,0,0,34,0,0,0,0,0,0,0,0,0,0,0,0,0,0,0,0,119.0,7.738461303710937,-1.0,0.0,-0.012486249208450317,0.0,0.0,0.0,-0.004000000189989805,-0.24659152328968048,map_a,map_a_open,RULESET_V3_M1_OWN_FLAG_HOME,73b77ac3a0efb2c33a4498544c96bb702a656cbbfe17af18ec859c6d6b4c2142,True
287,pi_B_specialist_2v2_dual_branch_v1,2508,69120,33,96,,OP3,OPPONENT_POOL,train,map_a_open,-1,0,SCRIPTED:OP7,6,0,0,1,-1,240,0.5600000023841858,1,0,0,41,0,0,0,0,0,0,0,0,0,0,0,0,0,0,0,0,37.0,7.822483317057292,-1.0,0.0,0.00946134328842163,0.0,0.0,0.0,-0.004000000189989805,-0.24530275166034698,map_a,map_a_open,RULESET_V3_M1_OWN_FLAG_HOME,73b77ac3a0efb2c33a4498544c96bb702a656cbbfe17af18ec859c6d6b4c2142,True
288,pi_B_specialist_2v2_dual_branch_v1,2508,69120,33,96,,OP3,OPPONENT_POOL,train,map_a_open,-1,0,SCRIPTED:OP7,6,0,0,1,-1,240,0.5199999809265137,0,1,0,41,0,0,0,0,0,0,0,0,0,0,0,0,0,0,0,0,221.0,7.904202779134114,-1.0,0.0,-0.015033334493637085,0.0,0.0,0.0,-0.004000000189989805,-0.24674101173877716,map_a,map_a_open,RULESET_V3_M1_OWN_FLAG_HOME,73b77ac3a0efb2c33a4498544c96bb702a656cbbfe17af18ec859c6d6b4c2142,True
289,pi_B_specialist_2v2_dual_branch_v1,2508,70800,34,73,,OP3,OPPONENT_POOL,train,map_a_open,-1,0,SCRIPTED:OP7,6,0,0,0,0,240,0.5199999809265137,1,0,0,58,0,0,0,0,0,0,0,0,0,0,0,0,0,0,0,0,,7.5971425374348955,-0.5,0.0,0.010807007551193237,0.0,0.0,0.0,0.0,-0.12368796020746231,map_a,map_a_open,RULESET_V3_M1_OWN_FLAG_HOME,73b77ac3a0efb2c33a4498544c96bb702a656cbbfe17af18ec859c6d6b4c2142,True
290,pi_B_specialist_2v2_dual_branch_v1,2508,71360,34,108,,OP3,OPPONENT_POOL,train,map_a_open,-1,0,SCRIPTED:OP7,6,0,0,0,0,240,0.3999999761581421,0,1,0,25,0,0,0,0,0,0,0,0,0,0,0,0,0,0,0,0,,7.716046142578125,-0.5,0.0,0.013238638639450073,0.0,0.0,0.0,0.0,-0.1235383003950119,map_a,map_a_open,RULESET_V3_M1_OWN_FLAG_HOME,73b77ac3a0efb2c33a4498544c96bb702a656cbbfe17af18ec859c6d6b4c2142,True
291,pi_B_specialist_2v2_dual_branch_v1,2508,71376,34,109,,OP3,OPPONENT_POOL,train,map_a_open,-1,0,SCRIPTED:OP7,6,0,0,1,-1,240,0.5999999642372131,0,1,0,38,0,0,0,0,0,0,0,0,0,0,0,0,0,0,0,0,159.0,7.798590596516927,-1.0,0.0,-0.009752511978149414,0.0,0.0,0.0,-0.004000000189989805,-0.24643100798130035,map_a,map_a_open,RULESET_V3_M1_OWN_FLAG_HOME,73b77ac3a0efb2c33a4498544c96bb702a656cbbfe17af18ec859c6d6b4c2142,True
292,pi_B_specialist_2v2_dual_branch_v1,2508,71952,35,17,,OP3,OPPONENT_POOL,train,map_a_open,-1,0,SCRIPTED:OP7,6,0,0,2,-2,240,0.4399999976158142,1,0,0,29,0,0,0,0,0,0,0,0,0,0,0,0,0,0,0,0,138.0,8.292974853515625,-1.0,0.0,0.01089245080947876,0.0,0.0,0.0,0.0,-0.24427860975265503,map_a,map_a_open,RULESET_V3_M1_OWN_FLAG_HOME,73b77ac3a0efb2c33a4498544c96bb702a656cbbfe17af18ec859c6d6b4c2142,True
293,pi_B_specialist_2v2_dual_branch_v1,2508,72368,35,43,,OP3,OPPONENT_POOL,train,map_a_open,-1,0,SCRIPTED:OP7,6,0,0,0,0,240,0.5199999809265137,1,0,0,58,0,0,0,0,0,0,0,0,0,0,0,0,0,0,0,0,,7.34467519124349,-0.5,0.0,0.014040738344192505,0.0,0.0,0.0,-0.004000000189989805,-0.12447357177734375,map_a,map_a_open,RULESET_V3_M1_OWN_FLAG_HOME,73b77ac3a0efb2c33a4498544c96bb702a656cbbfe17af18ec859c6d6b4c2142,True
294,pi_B_specialist_2v2_dual_branch_v1,2508,72560,35,55,,OP3,OPPONENT_POOL,train,map_a_open,-1,0,SCRIPTED:OP7,6,1,1,0,1,240,0.5999999642372131,1,0,0,46,0,0,0,0,0,0,0,0,0,0,0,0,0,0,0,0,153.0,7.714353942871094,1.0,0.0,0.0015165209770202637,0.0,0.0,0.0,0.0,0.2450077384710312,map_a,map_a_open,RULESET_V3_M1_OWN_FLAG_HOME,73b77ac3a0efb2c33a4498544c96bb702a656cbbfe17af18ec859c6d6b4c2142,True
295,pi_B_specialist_2v2_dual_branch_v1,2508,72960,35,80,,OP3,OPPONENT_POOL,train,map_a_open,-1,0,SCRIPTED:OP7,6,0,0,0,0,240,0.47999998927116394,1,0,0,42,0,0,0,0,0,0,0,0,0,0,0,0,0,0,0,0,,7.724222310384115,-0.5,0.0,-0.01417270302772522,0.0,0.0,0.0,-0.004000000189989805,-0.12620921432971954,map_a,map_a_open,RULESET_V3_M1_OWN_FLAG_HOME,73b77ac3a0efb2c33a4498544c96bb702a656cbbfe17af18ec859c6d6b4c2142,True
296,pi_B_specialist_2v2_dual_branch_v1,2508,72960,35,80,,OP3,OPPONENT_POOL,train,map_a_open,-1,0,SCRIPTED:OP7,6,0,0,0,0,240,0.5600000023841858,1,0,0,61,0,0,0,0,0,0,0,0,0,0,0,0,0,0,0,0,,7.307430013020833,-0.5,0.0,0.011658787727355957,0.0,0.0,0.0,0.0,-0.12363553792238235,map_a,map_a_open,RULESET_V3_M1_OWN_FLAG_HOME,73b77ac3a0efb2c33a4498544c96bb702a656cbbfe17af18ec859c6d6b4c2142,True
297,pi_B_specialist_2v2_dual_branch_v1,2508,72960,35,80,,OP3,OPPONENT_POOL,train,map_a_open,-1,0,SCRIPTED:OP7,6,0,0,0,0,240,0.47999998927116394,1,0,0,57,0,0,0,0,0,0,0,0,0,0,0,0,0,0,0,0,,7.694964599609375,-0.5,0.0,0.0013175904750823975,0.0,0.0,0.0,0.0,-0.1242719292640686,map_a,map_a_open,RULESET_V3_M1_OWN_FLAG_HOME,73b77ac3a0efb2c33a4498544c96bb702a656cbbfe17af18ec859c6d6b4c2142,True
298,pi_B_specialist_2v2_dual_branch_v1,2508,72960,35,80,,OP3,OPPONENT_POOL,train,map_a_open,-1,0,SCRIPTED:OP7,6,0,0,1,-1,240,0.5999999642372131,0,2,0,29,0,0,0,0,0,0,0,0,0,0,0,0,0,0,0,0,134.0,7.92190195719401,-1.0,0.0,-0.016207963228225708,0.0,0.0,0.0,-0.004000000189989805,-0.2468099594116211,map_a,map_a_open,RULESET_V3_M1_OWN_FLAG_HOME,73b77ac3a0efb2c33a4498544c96bb702a656cbbfe17af18ec859c6d6b4c2142,True
299,pi_B_specialist_2v2_dual_branch_v1,2508,72960,35,80,,OP3,OPPONENT_POOL,train,map_a_open,-1,0,SCRIPTED:OP7,6,0,0,1,-1,240,0.4399999976158142,1,0,0,42,0,0,0,0,0,0,0,0,0,0,0,0,0,0,0,0,146.0,7.659129333496094,-1.0,0.0,0.012814700603485107,0.0,0.0,0.0,-0.004000000189989805,-0.2451057881116867,map_a,map_a_open,RULESET_V3_M1_OWN_FLAG_HOME,73b77ac3a0efb2c33a4498544c96bb702a656cbbfe17af18ec859c6d6b4c2142,True
300,pi_B_specialist_2v2_dual_branch_v1,2508,72960,35,80,,OP3,OPPONENT_POOL,train,map_a_open,-1,0,SCRIPTED:OP7,6,0,0,1,-1,240,0.5600000023841858,0,2,0,48,0,0,0,0,0,0,0,0,0,0,0,0,0,0,0,0,37.0,7.650099690755209,-1.0,0.0,0.010715901851654053,0.0,0.0,0.0,0.0,-0.24428898096084595,map_a,map_a_open,RULESET_V3_M1_OWN_FLAG_HOME,73b77ac3a0efb2c33a4498544c96bb702a656cbbfe17af18ec859c6d6b4c2142,True
301,pi_B_specialist_2v2_dual_branch_v1,2508,72960,35,80,,OP3,OPPONENT_POOL,train,map_a_open,-1,0,SCRIPTED:OP7,6,0,0,0,0,240,0.6800000071525574,1,0,0,40,0,0,0,0,0,0,0,0,0,0,0,0,0,0,0,0,,7.911317952473959,-0.5,0.0,-0.008226752281188965,0.0,0.0,0.0,0.0,-0.12485920637845993,map_a,map_a_open,RULESET_V3_M1_OWN_FLAG_HOME,73b77ac3a0efb2c33a4498544c96bb702a656cbbfe17af18ec859c6d6b4c2142,True
302,pi_B_specialist_2v2_dual_branch_v1,2508,72960,35,80,,OP3,OPPONENT_POOL,train,map_a_open,-1,0,SCRIPTED:OP7,6,0,0,0,0,240,0.5600000023841858,1,0,0,39,0,0,0,0,0,0,0,0,0,0,0,0,0,0,0,0,,7.903630065917969,-0.5,0.0,0.009151309728622437,0.0,0.0,0.0,0.0,-0.12378985434770584,map_a,map_a_open,RULESET_V3_M1_OWN_FLAG_HOME,73b77ac3a0efb2c33a4498544c96bb702a656cbbfe17af18ec859c6d6b4c2142,True
303,pi_B_specialist_2v2_dual_branch_v1,2508,72960,35,80,,OP3,OPPONENT_POOL,train,map_a_open,-1,0,SCRIPTED:OP7,6,0,0,2,-2,240,0.6399999856948853,0,1,0,36,0,0,0,0,0,0,0,0,0,0,0,0,0,0,0,0,36.0,7.648357137044271,-1.0,0.0,-0.020386844873428345,0.0,0.0,0.0,-0.00800000037997961,-0.24799394607543945,map_a,map_a_open,RULESET_V3_M1_OWN_FLAG_HOME,73b77ac3a0efb2c33a4498544c96bb702a656cbbfe17af18ec859c6d6b4c2142,True
304,pi_B_specialist_2v2_dual_branch_v1,2508,72960,35,80,,OP3,OPPONENT_POOL,train,map_a_open,-1,0,SCRIPTED:OP7,6,0,0,0,0,240,0.6800000071525574,1,0,0,35,0,0,0,0,0,0,0,0,0,0,0,0,0,0,0,0,,7.8516382853190105,-0.5,0.0,0.00011551380157470703,0.0,0.0,0.0,-0.004000000189989805,-0.12533031404018402,map_a,map_a_open,RULESET_V3_M1_OWN_FLAG_HOME,73b77ac3a0efb2c33a4498544c96bb702a656cbbfe17af18ec859c6d6b4c2142,True
305,pi_B_specialist_2v2_dual_branch_v1,2508,74640,36,57,,OP3,OPPONENT_POOL,train,map_a_open,-1,0,SCRIPTED:OP7,6,0,0,1,-1,240,0.5199999809265137,1,0,0,46,0,0,0,0,0,0,0,0,0,0,0,0,0,0,0,0,111.0,7.628453063964844,-1.0,0.0,0.005726158618927002,0.0,0.0,0.0,0.0,-0.24458220601081848,map_a,map_a_open,RULESET_V3_M1_OWN_FLAG_HOME,73b77ac3a0efb2c33a4498544c96bb702a656cbbfe17af18ec859c6d6b4c2142,True
306,pi_B_specialist_2v2_dual_branch_v1,2508,75200,36,92,,OP3,OPPONENT_POOL,train,map_a_open,-1,0,SCRIPTED:OP7,6,0,0,1,-1,240,0.5199999809265137,1,0,0,27,0,0,0,0,0,0,0,0,0,0,0,0,0,0,0,0,116.0,7.777635701497396,-1.0,0.0,-0.012961924076080322,0.0,0.0,0.0,-0.00800000037997961,-0.2475583851337433,map_a,map_a_open,RULESET_V3_M1_OWN_FLAG_HOME,73b77ac3a0efb2c33a4498544c96bb702a656cbbfe17af18ec859c6d6b4c2142,True
307,pi_B_specialist_2v2_dual_branch_v1,2508,75216,36,93,,OP3,OPPONENT_POOL,train,map_a_open,-1,0,SCRIPTED:OP7,6,0,0,0,0,240,0.5199999809265137,1,0,0,56,0,0,0,0,0,0,0,0,0,0,0,0,0,0,0,0,,8.22951151529948,-0.5,0.0,-0.0034894943237304688,0.0,0.0,0.0,-0.00800000037997961,-0.12653620541095734,map_a,map_a_open,RULESET_V3_M1_OWN_FLAG_HOME,73b77ac3a0efb2c33a4498544c96bb702a656cbbfe17af18ec859c6d6b4c2142,True
308,pi_B_specialist_2v2_dual_branch_v1,2508,75568,36,115,,OP3,OPPONENT_POOL,train,map_a_open,-1,0,SCRIPTED:OP7,6,0,0,3,-3,163,0.5999999642372131,1,0,0,28,0,0,0,0,0,0,0,0,0,0,0,0,0,0,0,0,35.0,7.7592384010736195,-1.0,-0.5,-0.011899054050445557,0.0,-1.0,-100.0,-0.004000000189989805,-0.5558059215545654,map_a,map_a_open,RULESET_V3_M1_OWN_FLAG_HOME,73b77ac3a0efb2c33a4498544c96bb702a656cbbfe17af18ec859c6d6b4c2142,True
309,pi_B_specialist_2v2_dual_branch_v1,2508,75792,37,1,,OP3,OPPONENT_POOL,train,map_a_open,-1,0,SCRIPTED:OP7,6,0,0,1,-1,240,0.6399999856948853,1,0,0,33,0,0,0,0,0,0,0,0,0,0,0,0,0,0,0,0,110.0,8.080641682942709,-1.0,0.0,0.011046916246414185,0.0,0.0,0.0,0.0,-0.24426953494548798,map_a,map_a_open,RULESET_V3_M1_OWN_FLAG_HOME,73b77ac3a0efb2c33a4498544c96bb702a656cbbfe17af18ec859c6d6b4c2142,True
310,pi_B_specialist_2v2_dual_branch_v1,2508,76208,37,27,,OP3,OPPONENT_POOL,train,map_a_open,-1,0,SCRIPTED:OP7,6,0,0,1,-1,240,0.5600000023841858,1,0,0,23,0,0,0,0,0,0,0,0,0,0,0,0,0,0,0,0,216.0,7.905887858072917,-1.0,0.0,0.0041641294956207275,0.0,0.0,0.0,0.0,-0.2446739822626114,map_a,map_a_open,RULESET_V3_M1_OWN_FLAG_HOME,73b77ac3a0efb2c33a4498544c96bb702a656cbbfe17af18ec859c6d6b4c2142,True
311,pi_B_specialist_2v2_dual_branch_v1,2508,76400,37,39,,OP3,OPPONENT_POOL,train,map_a_open,-1,0,SCRIPTED:OP7,6,0,0,0,0,240,0.5199999809265137,1,0,0,56,0,0,0,0,0,0,0,0,0,0,0,0,0,0,0,0,,7.640459696451823,-0.5,0.0,-0.005767852067947388,0.0,0.0,0.0,-0.004000000189989805,-0.1256922334432602,map_a,map_a_open,RULESET_V3_M1_OWN_FLAG_HOME,73b77ac3a0efb2c33a4498544c96bb702a656cbbfe17af18ec859c6d6b4c2142,True
312,pi_B_specialist_2v2_dual_branch_v1,2508,76800,37,64,,OP3,OPPONENT_POOL,train,map_a_open,-1,0,SCRIPTED:OP7,6,0,0,0,0,240,0.5600000023841858,1,0,0,49,0,0,0,0,0,0,0,0,0,0,0,0,0,0,0,0,,7.648411051432292,-0.5,0.0,-0.008628606796264648,0.0,0.0,0.0,-0.004000000189989805,-0.12586820125579834,map_a,map_a_open,RULESET_V3_M1_OWN_FLAG_HOME,73b77ac3a0efb2c33a4498544c96bb702a656cbbfe17af18ec859c6d6b4c2142,True
313,pi_B_specialist_2v2_dual_branch_v1,2508,76800,37,64,,OP3,OPPONENT_POOL,train,map_a_open,-1,0,SCRIPTED:OP7,6,0,0,0,0,240,0.5199999809265137,1,0,0,27,0,0,0,0,0,0,0,0,0,0,0,0,0,0,0,0,,7.544593811035156,-0.5,0.0,0.015438437461853027,0.0,0.0,0.0,0.0,-0.1234029158949852,map_a,map_a_open,RULESET_V3_M1_OWN_FLAG_HOME,73b77ac3a0efb2c33a4498544c96bb702a656cbbfe17af18ec859c6d6b4c2142,True
314,pi_B_specialist_2v2_dual_branch_v1,2508,76800,37,64,,OP3,OPPONENT_POOL,train,map_a_open,-1,0,SCRIPTED:OP7,6,0,0,0,0,240,0.6399999856948853,1,0,0,46,0,0,0,0,0,0,0,0,0,0,0,0,0,0,0,0,,8.000764465332031,-0.5,0.0,-0.0031888484954833984,0.0,0.0,0.0,0.0,-0.12454922497272491,map_a,map_a_open,RULESET_V3_M1_OWN_FLAG_HOME,73b77ac3a0efb2c33a4498544c96bb702a656cbbfe17af18ec859c6d6b4c2142,True
315,pi_B_specialist_2v2_dual_branch_v1,2508,76800,37,64,,OP3,OPPONENT_POOL,train,map_a_open,-1,0,SCRIPTED:OP7,6,0,0,0,0,240,0.5600000023841858,1,0,0,53,0,0,0,0,0,0,0,0,0,0,0,0,0,0,0,0,,7.668489583333334,-0.5,0.0,0.011521667242050171,0.0,0.0,0.0,0.0,-0.12364397197961807,map_a,map_a_open,RULESET_V3_M1_OWN_FLAG_HOME,73b77ac3a0efb2c33a4498544c96bb702a656cbbfe17af18ec859c6d6b4c2142,True
316,pi_B_specialist_2v2_dual_branch_v1,2508,76800,37,64,,OP3,OPPONENT_POOL,train,map_a_open,-1,0,SCRIPTED:OP7,6,0,0,0,0,240,0.5600000023841858,1,0,0,42,0,0,0,0,0,0,0,0,0,0,0,0,0,0,0,0,,7.889608256022135,-0.5,0.0,0.008768737316131592,0.02499999850988388,0.0,0.0,-0.004000000189989805,-0.12325948476791382,map_a,map_a_open,RULESET_V3_M1_OWN_FLAG_HOME,73b77ac3a0efb2c33a4498544c96bb702a656cbbfe17af18ec859c6d6b4c2142,True
317,pi_B_specialist_2v2_dual_branch_v1,2508,76800,37,64,,OP3,OPPONENT_POOL,train,map_a_open,-1,0,SCRIPTED:OP7,6,0,0,0,0,240,0.4399999976158142,1,0,0,46,0,0,0,0,0,0,0,0,0,0,0,0,0,0,0,0,,7.663209533691406,-0.5,0.0,-0.020585864782333374,0.0,0.0,0.0,-0.004000000189989805,-0.1266036182641983,map_a,map_a_open,RULESET_V3_M1_OWN_FLAG_HOME,73b77ac3a0efb2c33a4498544c96bb702a656cbbfe17af18ec859c6d6b4c2142,True
318,pi_B_specialist_2v2_dual_branch_v1,2508,76800,37,64,,OP3,OPPONENT_POOL,train,map_a_open,-1,0,SCRIPTED:OP7,6,0,0,1,-1,240,0.47999998927116394,1,0,0,27,0,0,0,0,0,0,0,0,0,0,0,0,0,0,0,0,95.0,7.865246073404948,-1.0,0.0,0.011887550354003906,0.0,0.0,0.0,0.0,-0.24422012269496918,map_a,map_a_open,RULESET_V3_M1_OWN_FLAG_HOME,73b77ac3a0efb2c33a4498544c96bb702a656cbbfe17af18ec859c6d6b4c2142,True
319,pi_B_specialist_2v2_dual_branch_v1,2508,76800,37,64,,OP3,OPPONENT_POOL,train,map_a_open,-1,0,SCRIPTED:OP7,6,0,0,0,0,240,0.4399999976158142,1,0,0,54,0,0,0,0,0,0,0,0,0,0,0,0,0,0,0,0,,7.561562093098958,-0.5,0.0,-0.0031678378582000732,0.0,0.0,0.0,0.0,-0.12454793602228165,map_a,map_a_open,RULESET_V3_M1_OWN_FLAG_HOME,73b77ac3a0efb2c33a4498544c96bb702a656cbbfe17af18ec859c6d6b4c2142,True
320,pi_B_specialist_2v2_dual_branch_v1,2508,76800,37,64,,OP3,OPPONENT_POOL,train,map_a_open,-1,0,SCRIPTED:OP7,6,0,0,2,-2,240,0.47999998927116394,1,0,0,36,0,0,0,0,0,0,0,0,0,0,0,0,0,0,0,0,64.0,7.573721313476563,-1.0,0.0,-0.007472962141036987,0.0,0.0,0.0,0.0,-0.24535764753818512,map_a,map_a_open,RULESET_V3_M1_OWN_FLAG_HOME,73b77ac3a0efb2c33a4498544c96bb702a656cbbfe17af18ec859c6d6b4c2142,True
321,pi_B_specialist_2v2_dual_branch_v1,2508,78480,38,41,,OP3,OPPONENT_POOL,train,map_a_open,-1,0,SCRIPTED:OP7,6,0,0,0,0,240,0.6399999856948853,1,0,0,44,0,0,0,0,0,0,0,0,0,0,0,0,0,0,0,0,,7.6289418538411455,-0.5,0.0,0.0016719400882720947,0.0,0.0,0.0,0.0,-0.124250128865242,map_a,map_a_open,RULESET_V3_M1_OWN_FLAG_HOME,73b77ac3a0efb2c33a4498544c96bb702a656cbbfe17af18ec859c6d6b4c2142,True
322,pi_B_specialist_2v2_dual_branch_v1,2508,79040,38,76,,OP3,OPPONENT_POOL,train,map_a_open,-1,0,SCRIPTED:OP7,6,0,0,0,0,240,0.47999998927116394,1,0,0,38,0,0,0,0,0,0,0,0,0,0,0,0,0,0,0,0,,7.403932698567709,-0.5,0.0,-0.0014900267124176025,0.0,0.0,0.0,-0.00800000037997961,-0.1264132410287857,map_a,map_a_open,RULESET_V3_M1_OWN_FLAG_HOME,73b77ac3a0efb2c33a4498544c96bb702a656cbbfe17af18ec859c6d6b4c2142,True
323,pi_B_specialist_2v2_dual_branch_v1,2508,79056,38,77,,OP3,OPPONENT_POOL,train,map_a_open,-1,0,SCRIPTED:OP7,6,0,0,0,0,240,0.5199999809265137,1,0,0,38,0,0,0,0,0,0,0,0,0,0,0,0,0,0,0,0,,7.7165069580078125,-0.5,0.0,-0.020444676280021667,0.0,0.0,0.0,0.0,-0.1256108433008194,map_a,map_a_open,RULESET_V3_M1_OWN_FLAG_HOME,73b77ac3a0efb2c33a4498544c96bb702a656cbbfe17af18ec859c6d6b4c2142,True
324,pi_B_specialist_2v2_dual_branch_v1,2508,79408,38,99,,OP3,OPPONENT_POOL,train,map_a_open,-1,0,SCRIPTED:OP7,6,0,0,0,0,240,0.47999998927116394,1,0,0,43,0,0,0,0,0,0,0,0,0,0,0,0,0,0,0,0,,8.046312967936197,-0.5,0.0,-0.018324613571166992,0.0,0.0,0.0,-0.004000000189989805,-0.12646456062793732,map_a,map_a_open,RULESET_V3_M1_OWN_FLAG_HOME,73b77ac3a0efb2c33a4498544c96bb702a656cbbfe17af18ec859c6d6b4c2142,True
325,pi_B_specialist_2v2_dual_branch_v1,2508,79632,38,113,,OP3,OPPONENT_POOL,train,map_a_open,-1,0,SCRIPTED:OP7,6,0,0,0,0,240,0.4399999976158142,1,0,0,40,0,0,0,0,0,0,0,0,0,0,0,0,0,0,0,0,,8.056301879882813,-0.5,0.0,-0.0014158785343170166,0.0,0.0,0.0,-0.004000000189989805,-0.12542453408241272,map_a,map_a_open,RULESET_V3_M1_OWN_FLAG_HOME,73b77ac3a0efb2c33a4498544c96bb702a656cbbfe17af18ec859c6d6b4c2142,True
326,pi_B_specialist_2v2_dual_branch_v1,2508,80048,39,11,,OP3,OPPONENT_POOL,train,map_a_open,-1,0,SCRIPTED:OP7,6,0,0,0,0,240,0.6399999856948853,1,0,0,41,0,0,0,0,0,0,0,0,0,0,0,0,0,0,0,0,,7.834602355957031,-0.5,0.0,-0.01590585708618164,0.0,0.0,0.0,-0.004000000189989805,-0.12631580233573914,map_a,map_a_open,RULESET_V3_M1_OWN_FLAG_HOME,73b77ac3a0efb2c33a4498544c96bb702a656cbbfe17af18ec859c6d6b4c2142,True
327,pi_B_specialist_2v2_dual_branch_v1,2508,80240,39,23,,OP3,OPPONENT_POOL,train,map_a_open,-1,0,SCRIPTED:OP7,6,0,0,0,0,240,0.6800000071525574,1,0,0,24,0,0,0,0,0,0,0,0,0,0,0,0,0,0,0,0,,7.553801981608073,-0.5,0.0,0.016320347785949707,0.0,0.0,0.0,0.0,-0.12334863096475601,map_a,map_a_open,RULESET_V3_M1_OWN_FLAG_HOME,73b77ac3a0efb2c33a4498544c96bb702a656cbbfe17af18ec859c6d6b4c2142,True
328,pi_B_specialist_2v2_dual_branch_v1,2508,80640,39,48,,OP3,OPPONENT_POOL,train,map_a_open,-1,0,SCRIPTED:OP7,6,0,0,1,-1,240,0.5999999642372131,1,0,0,39,0,0,0,0,0,0,0,0,0,0,0,0,0,0,0,0,217.0,7.6788172403971355,-1.0,0.0,-0.008045703172683716,0.0,0.0,0.0,0.0,-0.24539127945899963,map_a,map_a_open,RULESET_V3_M1_OWN_FLAG_HOME,73b77ac3a0efb2c33a4498544c96bb702a656cbbfe17af18ec859c6d6b4c2142,True
329,pi_B_specialist_2v2_dual_branch_v1,2508,80640,39,48,,OP3,OPPONENT_POOL,train,map_a_open,-1,0,SCRIPTED:OP7,6,0,0,1,-1,240,0.5999999642372131,1,0,0,32,0,0,0,0,0,0,0,0,0,0,0,0,0,0,0,0,76.0,8.266681416829426,-1.0,0.0,0.00963670015335083,0.0,0.0,0.0,0.0,-0.24435241520404816,map_a,map_a_open,RULESET_V3_M1_OWN_FLAG_HOME,73b77ac3a0efb2c33a4498544c96bb702a656cbbfe17af18ec859c6d6b4c2142,True
330,pi_B_specialist_2v2_dual_branch_v1,2508,80640,39,48,,OP3,OPPONENT_POOL,train,map_a_open,-1,0,SCRIPTED:OP7,6,0,0,0,0,240,0.5600000023841858,1,0,0,47,0,0,0,0,0,0,0,0,0,0,0,0,0,0,0,0,,7.871931457519532,-0.5,0.0,0.010916948318481445,0.0,0.0,0.0,0.0,-0.1236811950802803,map_a,map_a_open,RULESET_V3_M1_OWN_FLAG_HOME,73b77ac3a0efb2c33a4498544c96bb702a656cbbfe17af18ec859c6d6b4c2142,True
331,pi_B_specialist_2v2_dual_branch_v1,2508,80640,39,48,,OP3,OPPONENT_POOL,train,map_a_open,-1,0,SCRIPTED:OP7,6,0,0,0,0,240,0.5600000023841858,1,0,0,37,0,0,0,0,0,0,0,0,0,0,0,0,0,0,0,0,,7.834512837727865,-0.5,0.0,-0.00319710373878479,0.0,0.0,0.0,0.0,-0.1245497390627861,map_a,map_a_open,RULESET_V3_M1_OWN_FLAG_HOME,73b77ac3a0efb2c33a4498544c96bb702a656cbbfe17af18ec859c6d6b4c2142,True
332,pi_B_specialist_2v2_dual_branch_v1,2508,80640,39,48,,OP3,OPPONENT_POOL,train,map_a_open,-1,0,SCRIPTED:OP7,6,0,0,0,0,240,0.47999998927116394,1,0,0,47,0,0,0,0,0,0,0,0,0,0,0,0,0,0,0,0,,7.843525187174479,-0.5,0.0,0.0024634897708892822,0.0,0.0,0.0,-0.004000000189989805,-0.12518586218357086,map_a,map_a_open,RULESET_V3_M1_OWN_FLAG_HOME,73b77ac3a0efb2c33a4498544c96bb702a656cbbfe17af18ec859c6d6b4c2142,True
333,pi_B_specialist_2v2_dual_branch_v1,2508,80640,39,48,,OP3,OPPONENT_POOL,train,map_a_open,-1,0,SCRIPTED:OP7,6,0,0,0,0,240,0.5999999642372131,0,1,0,37,0,0,0,0,0,0,0,0,0,0,0,0,0,0,0,0,,8.032489522298176,-0.5,0.0,-0.013668626546859741,0.0,0.0,0.0,-0.004000000189989805,-0.12617819011211395,map_a,map_a_open,RULESET_V3_M1_OWN_FLAG_HOME,73b77ac3a0efb2c33a4498544c96bb702a656cbbfe17af18ec859c6d6b4c2142,True
334,pi_B_specialist_2v2_dual_branch_v1,2508,80640,39,48,,OP3,OPPONENT_POOL,train,map_a_open,-1,0,SCRIPTED:OP7,6,0,0,0,0,240,0.5199999809265137,1,0,0,38,0,0,0,0,0,0,0,0,0,0,0,0,0,0,0,0,,7.828513590494792,-0.5,-0.10000000149011612,0.006688535213470459,0.02499999850988388,0.0,0.0,0.0,-0.14694784581661224,map_a,map_a_open,RULESET_V3_M1_OWN_FLAG_HOME,73b77ac3a0efb2c33a4498544c96bb702a656cbbfe17af18ec859c6d6b4c2142,True
335,pi_B_specialist_2v2_dual_branch_v1,2508,80640,39,48,,OP3,OPPONENT_POOL,train,map_a_open,-1,0,SCRIPTED:OP7,6,0,0,0,0,240,0.5199999809265137,1,0,0,62,0,0,0,0,0,0,0,0,0,0,0,0,0,0,0,0,,7.62690175374349,-0.5,0.0,-0.012315630912780762,0.0,0.0,0.0,-0.004000000189989805,-0.1260949820280075,map_a,map_a_open,RULESET_V3_M1_OWN_FLAG_HOME,73b77ac3a0efb2c33a4498544c96bb702a656cbbfe17af18ec859c6d6b4c2142,True
336,pi_B_specialist_2v2_dual_branch_v1,2508,80640,39,48,,OP3,OPPONENT_POOL,train,map_a_open,-1,0,SCRIPTED:OP7,6,0,0,1,-1,240,0.6399999856948853,1,0,0,39,0,0,0,0,0,0,0,0,0,0,0,0,0,0,0,0,107.0,7.864102172851562,-1.0,0.0,-0.011445999145507812,0.0,0.0,0.0,0.0,-0.24559099972248077,map_a,map_a_open,RULESET_V3_M1_OWN_FLAG_HOME,73b77ac3a0efb2c33a4498544c96bb702a656cbbfe17af18ec859c6d6b4c2142,True
337,pi_B_specialist_2v2_dual_branch_v1,2508,82320,40,25,,OP3,OPPONENT_POOL,train,map_a_open,-1,0,SCRIPTED:OP7,6,0,0,0,0,240,0.5199999809265137,1,0,0,40,0,0,0,0,0,0,0,0,0,0,0,0,0,0,0,0,,7.915859985351562,-0.5,0.0,0.0004824697971343994,0.0,0.0,0.0,0.0,-0.12432332336902618,map_a,map_a_open,RULESET_V3_M1_OWN_FLAG_HOME,73b77ac3a0efb2c33a4498544c96bb702a656cbbfe17af18ec859c6d6b4c2142,True
338,pi_B_specialist_2v2_dual_branch_v1,2508,82880,40,60,,OP3,OPPONENT_POOL,train,map_a_open,-1,0,SCRIPTED:OP7,6,0,0,0,0,240,0.5199999809265137,1,0,0,26,0,0,0,0,0,0,0,0,0,0,0,0,0,0,0,0,,8.397095235188802,-0.5,-0.10000000149011612,0.013237923383712769,0.03999999910593033,0.0,0.0,-0.004000000189989805,-0.14660848677158356,map_a,map_a_open,RULESET_V3_M1_OWN_FLAG_HOME,73b77ac3a0efb2c33a4498544c96bb702a656cbbfe17af18ec859c6d6b4c2142,True
339,pi_B_specialist_2v2_dual_branch_v1,2508,82896,40,61,,OP3,OPPONENT_POOL,train,map_a_open,-1,0,SCRIPTED:OP7,6,0,0,0,0,240,0.6399999856948853,1,0,0,32,0,0,0,0,0,0,0,0,0,0,0,0,0,0,0,0,,7.7721501668294275,-0.5,0.0,-0.010764896869659424,0.0,0.0,0.0,-0.004000000189989805,-0.1259995996952057,map_a,map_a_open,RULESET_V3_M1_OWN_FLAG_HOME,73b77ac3a0efb2c33a4498544c96bb702a656cbbfe17af18ec859c6d6b4c2142,True
340,pi_B_specialist_2v2_dual_branch_v1,2508,83248,40,83,,OP3,OPPONENT_POOL,train,map_a_open,-1,0,SCRIPTED:OP7,6,0,0,0,0,240,0.5600000023841858,1,0,0,31,0,0,0,0,0,0,0,0,0,0,0,0,0,0,0,0,,7.652607218424479,-0.5,0.0,-0.0029691457748413086,0.0,0.0,0.0,0.0,-0.1245357096195221,map_a,map_a_open,RULESET_V3_M1_OWN_FLAG_HOME,73b77ac3a0efb2c33a4498544c96bb702a656cbbfe17af18ec859c6d6b4c2142,True
341,pi_B_specialist_2v2_dual_branch_v1,2508,83472,40,97,,OP3,OPPONENT_POOL,train,map_a_open,-1,0,SCRIPTED:OP7,6,0,0,0,0,240,0.6399999856948853,1,0,0,46,0,0,0,0,0,0,0,0,0,0,0,0,0,0,0,0,,7.994342041015625,-0.5,0.0,-0.016721487045288086,0.0,0.0,0.0,-0.004000000189989805,-0.12636595964431763,map_a,map_a_open,RULESET_V3_M1_OWN_FLAG_HOME,73b77ac3a0efb2c33a4498544c96bb702a656cbbfe17af18ec859c6d6b4c2142,True
342,pi_B_specialist_2v2_dual_branch_v1,2508,83888,40,123,,OP3,OPPONENT_POOL,train,map_a_open,-1,0,SCRIPTED:OP7,6,0,0,0,0,240,0.5600000023841858,1,0,0,42,0,0,0,0,0,0,0,0,0,0,0,0,0,0,0,0,,7.851994323730469,-0.5,0.0,-0.01153475046157837,0.0,0.0,0.0,-0.004000000189989805,-0.12604695558547974,map_a,map_a_open,RULESET_V3_M1_OWN_FLAG_HOME,73b77ac3a0efb2c33a4498544c96bb702a656cbbfe17af18ec859c6d6b4c2142,True
343,pi_B_specialist_2v2_dual_branch_v1,2508,84080,41,7,,OP3,OPPONENT_POOL,train,map_a_open,-1,0,SCRIPTED:OP7,6,0,0,0,0,240,0.5199999809265137,0,1,0,37,0,0,0,0,0,0,0,0,0,0,0,0,0,0,0,0,,7.477972412109375,-0.5,0.0,-0.012495100498199463,0.0,0.0,0.0,-0.004000000189989805,-0.12610602378845215,map_a,map_a_open,RULESET_V3_M1_OWN_FLAG_HOME,73b77ac3a0efb2c33a4498544c96bb702a656cbbfe17af18ec859c6d6b4c2142,True
344,pi_B_specialist_2v2_dual_branch_v1,2508,84480,41,32,,OP3,OPPONENT_POOL,train,map_a_open,-1,0,SCRIPTED:OP7,6,0,0,2,-2,240,0.5600000023841858,1,0,0,33,0,0,0,0,0,0,0,0,0,0,0,0,0,0,0,0,74.0,8.089980061848959,-1.0,0.0,-0.011996626853942871,0.0,0.0,0.0,-0.004000000189989805,-0.24656276404857635,map_a,map_a_open,RULESET_V3_M1_OWN_FLAG_HOME,73b77ac3a0efb2c33a4498544c96bb702a656cbbfe17af18ec859c6d6b4c2142,True
345,pi_B_specialist_2v2_dual_branch_v1,2508,84480,41,32,,OP3,OPPONENT_POOL,train,map_a_open,-1,0,SCRIPTED:OP7,6,0,0,0,0,240,0.5199999809265137,1,0,0,26,0,0,0,0,0,0,0,0,0,0,0,0,0,0,0,0,,8.061976623535156,-0.5,0.0,0.011831715703010559,0.0,0.0,0.0,-0.004000000189989805,-0.12460948526859283,map_a,map_a_open,RULESET_V3_M1_OWN_FLAG_HOME,73b77ac3a0efb2c33a4498544c96bb702a656cbbfe17af18ec859c6d6b4c2142,True
346,pi_B_specialist_2v2_dual_branch_v1,2508,84480,41,32,,OP3,OPPONENT_POOL,train,map_a_open,-1,0,SCRIPTED:OP7,6,0,0,0,0,240,0.47999998927116394,1,0,0,12,0,0,0,0,0,0,0,0,0,0,0,0,0,0,0,0,,9.442076619466146,-0.5,0.0,-0.011678710579872131,0.04999812692403793,-0.699999988079071,-70.0,0.0,-0.28911933302879333,map_a,map_a_open,RULESET_V3_M1_OWN_FLAG_HOME,73b77ac3a0efb2c33a4498544c96bb702a656cbbfe17af18ec859c6d6b4c2142,True
347,pi_B_specialist_2v2_dual_branch_v1,2508,84480,41,32,,OP3,OPPONENT_POOL,train,map_a_open,-1,0,SCRIPTED:OP7,6,0,0,1,-1,240,0.47999998927116394,1,0,0,40,0,0,0,0,0,0,0,0,0,0,0,0,0,0,0,0,72.0,7.580740865071615,-1.0,0.0,-0.014268547296524048,0.0,0.0,0.0,-0.004000000189989805,-0.2466961145401001,map_a,map_a_open,RULESET_V3_M1_OWN_FLAG_HOME,73b77ac3a0efb2c33a4498544c96bb702a656cbbfe17af18ec859c6d6b4c2142,True
348,pi_B_specialist_2v2_dual_branch_v1,2508,84480,41,32,,OP3,OPPONENT_POOL,train,map_a_open,-1,0,SCRIPTED:OP7,6,0,0,0,0,240,0.5600000023841858,1,0,0,20,0,0,0,0,0,0,0,0,0,0,0,0,0,0,0,0,,8.347116088867187,-0.5,0.0,-0.02064606547355652,0.0,0.0,0.0,-0.004000000189989805,-0.12660732865333557,map_a,map_a_open,RULESET_V3_M1_OWN_FLAG_HOME,73b77ac3a0efb2c33a4498544c96bb702a656cbbfe17af18ec859c6d6b4c2142,True
349,pi_B_specialist_2v2_dual_branch_v1,2508,84480,41,32,,OP3,OPPONENT_POOL,train,map_a_open,-1,0,SCRIPTED:OP7,6,0,0,1,-1,240,0.6399999856948853,1,0,0,43,0,0,0,0,0,0,0,0,0,0,0,0,0,0,0,0,238.0,7.51881103515625,-1.0,0.0,-0.014300256967544556,0.0,0.0,0.0,-0.004000000189989805,-0.24669799208641052,map_a,map_a_open,RULESET_V3_M1_OWN_FLAG_HOME,73b77ac3a0efb2c33a4498544c96bb702a656cbbfe17af18ec859c6d6b4c2142,True
350,pi_B_specialist_2v2_dual_branch_v1,2508,84480,41,32,,OP3,OPPONENT_POOL,train,map_a_open,-1,0,SCRIPTED:OP7,6,0,0,0,0,240,0.5600000023841858,1,0,0,40,0,0,0,0,0,0,0,0,0,0,0,0,0,0,0,0,,7.660424296061198,-0.5,0.0,0.005006879568099976,0.02499999850988388,0.0,0.0,-0.004000000189989805,-0.12349102646112442,map_a,map_a_open,RULESET_V3_M1_OWN_FLAG_HOME,73b77ac3a0efb2c33a4498544c96bb702a656cbbfe17af18ec859c6d6b4c2142,True
351,pi_B_specialist_2v2_dual_branch_v1,2508,84480,41,32,,OP3,OPPONENT_POOL,train,map_a_open,-1,0,SCRIPTED:OP7,6,0,0,0,0,240,0.5600000023841858,1,0,0,41,0,0,0,0,0,0,0,0,0,0,0,0,0,0,0,0,,7.724590555826823,-0.5,0.0,0.009026497602462769,0.0,0.0,0.0,0.0,-0.12379753589630127,map_a,map_a_open,RULESET_V3_M1_OWN_FLAG_HOME,73b77ac3a0efb2c33a4498544c96bb702a656cbbfe17af18ec859c6d6b4c2142,True
352,pi_B_specialist_2v2_dual_branch_v1,2508,84480,41,32,,OP3,OPPONENT_POOL,train,map_a_open,-1,0,SCRIPTED:OP7,6,0,0,0,0,240,0.6800000071525574,1,0,0,32,0,0,0,0,0,0,0,0,0,0,0,0,0,0,0,0,,7.853023783365885,-0.5,0.0,0.011951744556427002,0.0,0.0,0.0,-0.004000000189989805,-0.12460210919380188,map_a,map_a_open,RULESET_V3_M1_OWN_FLAG_HOME,73b77ac3a0efb2c33a4498544c96bb702a656cbbfe17af18ec859c6d6b4c2142,True
353,pi_B_specialist_2v2_dual_branch_v1,2508,86160,42,9,,OP3,OPPONENT_POOL,train,map_a_open,-1,0,SCRIPTED:OP7,6,0,0,0,0,240,0.5199999809265137,0,1,0,47,0,0,0,0,0,0,0,0,0,0,0,0,0,0,0,0,,7.413296508789062,-0.5,0.0,-0.016274839639663696,0.03999999910593033,0.0,0.0,0.0,-0.1228928491473198,map_a,map_a_open,RULESET_V3_M1_OWN_FLAG_HOME,73b77ac3a0efb2c33a4498544c96bb702a656cbbfe17af18ec859c6d6b4c2142,True
354,pi_B_specialist_2v2_dual_branch_v1,2508,86720,42,44,,OP3,OPPONENT_POOL,train,map_a_open,-1,0,SCRIPTED:OP7,6,0,0,0,0,240,0.47999998927116394,1,0,0,43,0,0,0,0,0,0,0,0,0,0,0,0,0,0,0,0,,7.378621419270833,-0.5,0.0,0.002871900796890259,0.0,0.0,0.0,-0.004000000189989805,-0.12516073882579803,map_a,map_a_open,RULESET_V3_M1_OWN_FLAG_HOME,73b77ac3a0efb2c33a4498544c96bb702a656cbbfe17af18ec859c6d6b4c2142,True
355,pi_B_specialist_2v2_dual_branch_v1,2508,86736,42,45,,OP3,OPPONENT_POOL,train,map_a_open,-1,0,SCRIPTED:OP7,6,0,0,0,0,240,0.5600000023841858,0,1,0,46,0,0,0,0,0,0,0,0,0,0,0,0,0,0,0,0,,7.954394022623698,-0.5,0.0,-0.0020294487476348877,0.0,0.0,0.0,-0.00800000037997961,-0.1264464110136032,map_a,map_a_open,RULESET_V3_M1_OWN_FLAG_HOME,73b77ac3a0efb2c33a4498544c96bb702a656cbbfe17af18ec859c6d6b4c2142,True
356,pi_B_specialist_2v2_dual_branch_v1,2508,87088,42,67,,OP3,OPPONENT_POOL,train,map_a_open,-1,0,SCRIPTED:OP7,6,0,0,1,-1,240,0.5600000023841858,1,0,0,47,0,0,0,0,0,0,0,0,0,0,0,0,0,0,0,0,144.0,8.092354329427083,-1.0,0.0,0.002265065908432007,0.0,0.0,0.0,0.0,-0.24478557705879211,map_a,map_a_open,RULESET_V3_M1_OWN_FLAG_HOME,73b77ac3a0efb2c33a4498544c96bb702a656cbbfe17af18ec859c6d6b4c2142,True
357,pi_B_specialist_2v2_dual_branch_v1,2508,87312,42,81,,OP3,OPPONENT_POOL,train,map_a_open,-1,0,SCRIPTED:OP7,6,0,0,1,-1,240,0.6399999856948853,1,0,0,36,0,0,0,0,0,0,0,0,0,0,0,0,0,0,0,0,221.0,8.122745259602864,-1.0,0.0,-0.003931701183319092,0.0,0.0,0.0,-0.004000000189989805,-0.24608927965164185,map_a,map_a_open,RULESET_V3_M1_OWN_FLAG_HOME,73b77ac3a0efb2c33a4498544c96bb702a656cbbfe17af18ec859c6d6b4c2142,True
358,pi_B_specialist_2v2_dual_branch_v1,2508,87728,42,107,,OP3,OPPONENT_POOL,train,map_a_open,-1,0,SCRIPTED:OP7,6,0,0,0,0,240,0.5999999642372131,0,2,0,33,0,0,0,0,0,0,0,0,0,0,0,0,0,0,0,0,,7.908531697591146,-0.5,0.0,-0.009334355592727661,0.0,0.0,0.0,-0.004000000189989805,-0.12591160833835602,map_a,map_a_open,RULESET_V3_M1_OWN_FLAG_HOME,73b77ac3a0efb2c33a4498544c96bb702a656cbbfe17af18ec859c6d6b4c2142,True
359,pi_B_specialist_2v2_dual_branch_v1,2508,87920,42,119,,OP3,OPPONENT_POOL,train,map_a_open,-1,0,SCRIPTED:OP7,6,0,0,0,0,240,0.5999999642372131,1,0,0,38,0,0,0,0,0,0,0,0,0,0,0,0,0,0,0,0,,7.793213399251302,-0.5,0.0,-0.005942285060882568,0.0,0.0,0.0,-0.004000000189989805,-0.12570296227931976,map_a,map_a_open,RULESET_V3_M1_OWN_FLAG_HOME,73b77ac3a0efb2c33a4498544c96bb702a656cbbfe17af18ec859c6d6b4c2142,True
360,pi_B_specialist_2v2_dual_branch_v1,2508,88320,43,16,,OP3,OPPONENT_POOL,train,map_a_open,-1,0,SCRIPTED:OP7,6,0,0,0,0,240,0.5199999809265137,1,0,0,44,0,0,0,0,0,0,0,0,0,0,0,0,0,0,0,0,,7.350188700358073,-0.5,0.0,-0.003417760133743286,0.0,0.0,0.0,-0.004000000189989805,-0.12554767727851868,map_a,map_a_open,RULESET_V3_M1_OWN_FLAG_HOME,73b77ac3a0efb2c33a4498544c96bb702a656cbbfe17af18ec859c6d6b4c2142,True
361,pi_B_specialist_2v2_dual_branch_v1,2508,88320,43,16,,OP3,OPPONENT_POOL,train,map_a_open,-1,0,SCRIPTED:OP7,6,0,0,0,0,240,0.47999998927116394,1,0,0,45,0,0,0,0,0,0,0,0,0,0,0,0,0,0,0,0,,7.967085774739584,-0.5,0.0,-0.0002994835376739502,0.0,0.0,0.0,0.0,-0.12437143176794052,map_a,map_a_open,RULESET_V3_M1_OWN_FLAG_HOME,73b77ac3a0efb2c33a4498544c96bb702a656cbbfe17af18ec859c6d6b4c2142,True
362,pi_B_specialist_2v2_dual_branch_v1,2508,88320,43,16,,OP3,OPPONENT_POOL,train,map_a_open,-1,0,SCRIPTED:OP7,6,0,0,0,0,240,0.5600000023841858,0,2,0,33,0,0,0,0,0,0,0,0,0,0,0,0,0,0,0,0,,7.696266682942708,-0.5,0.10000000149011612,-0.0015793144702911377,0.0,0.0,0.0,0.0,-0.09976572543382645,map_a,map_a_open,RULESET_V3_M1_OWN_FLAG_HOME,73b77ac3a0efb2c33a4498544c96bb702a656cbbfe17af18ec859c6d6b4c2142,True
363,pi_B_specialist_2v2_dual_branch_v1,2508,88320,43,16,,OP3,OPPONENT_POOL,train,map_a_open,-1,0,SCRIPTED:OP7,6,0,0,0,0,240,0.47999998927116394,1,0,0,58,0,0,0,0,0,0,0,0,0,0,0,0,0,0,0,0,,7.479204813639323,-0.5,0.0,0.005028963088989258,0.0,0.0,0.0,-0.004000000189989805,-0.12502804398536682,map_a,map_a_open,RULESET_V3_M1_OWN_FLAG_HOME,73b77ac3a0efb2c33a4498544c96bb702a656cbbfe17af18ec859c6d6b4c2142,True
364,pi_B_specialist_2v2_dual_branch_v1,2508,88320,43,16,,OP3,OPPONENT_POOL,train,map_a_open,-1,0,SCRIPTED:OP7,6,0,0,0,0,240,0.47999998927116394,1,0,0,38,0,0,0,0,0,0,0,0,0,0,0,0,0,0,0,0,,7.8867645263671875,-0.5,0.0,-0.005461335182189941,0.0,0.0,0.0,0.0,-0.12468904256820679,map_a,map_a_open,RULESET_V3_M1_OWN_FLAG_HOME,73b77ac3a0efb2c33a4498544c96bb702a656cbbfe17af18ec859c6d6b4c2142,True
365,pi_B_specialist_2v2_dual_branch_v1,2508,88320,43,16,,OP3,OPPONENT_POOL,train,map_a_open,-1,0,SCRIPTED:OP7,6,0,0,0,0,240,0.5199999809265137,1,0,0,37,0,0,0,0,0,0,0,0,0,0,0,0,0,0,0,0,,8.088227335611979,-0.5,0.0,-0.006317853927612305,0.0,0.0,0.0,-0.004000000189989805,-0.12572607398033142,map_a,map_a_open,RULESET_V3_M1_OWN_FLAG_HOME,73b77ac3a0efb2c33a4498544c96bb702a656cbbfe17af18ec859c6d6b4c2142,True
366,pi_B_specialist_2v2_dual_branch_v1,2508,88320,43,16,,OP3,OPPONENT_POOL,train,map_a_open,-1,0,SCRIPTED:OP7,6,0,0,1,-1,240,0.5199999809265137,1,0,0,40,0,0,0,0,0,0,0,0,0,0,0,0,0,0,0,0,36.0,7.8398081461588545,-1.0,0.0,-0.009627938270568848,0.0,0.0,0.0,-0.004000000189989805,-0.24642370641231537,map_a,map_a_open,RULESET_V3_M1_OWN_FLAG_HOME,73b77ac3a0efb2c33a4498544c96bb702a656cbbfe17af18ec859c6d6b4c2142,True
367,pi_B_specialist_2v2_dual_branch_v1,2508,88320,43,16,,OP3,OPPONENT_POOL,train,map_a_open,-1,0,SCRIPTED:OP7,6,0,0,0,0,240,0.6399999856948853,0,2,0,30,0,0,0,0,0,0,0,0,0,0,0,0,0,0,0,0,,8.367557779947917,-0.5,0.0,-0.0176030695438385,0.02499999850988388,0.0,0.0,-0.00800000037997961,-0.12586663663387299,map_a,map_a_open,RULESET_V3_M1_OWN_FLAG_HOME,73b77ac3a0efb2c33a4498544c96bb702a656cbbfe17af18ec859c6d6b4c2142,True
368,pi_B_specialist_2v2_dual_branch_v1,2508,88320,43,16,,OP3,OPPONENT_POOL,train,map_a_open,-1,0,SCRIPTED:OP7,6,0,0,1,-1,240,0.5199999809265137,0,1,0,28,0,0,0,0,0,0,0,0,0,0,0,0,0,0,0,0,154.0,8.242402140299479,-1.0,0.0,-0.005589604377746582,0.0,0.0,0.0,-0.004000000189989805,-0.24618662893772125,map_a,map_a_open,RULESET_V3_M1_OWN_FLAG_HOME,73b77ac3a0efb2c33a4498544c96bb702a656cbbfe17af18ec859c6d6b4c2142,True
369,pi_B_specialist_2v2_dual_branch_v1,2508,90000,43,121,,OP3,OPPONENT_POOL,train,map_a_open,-1,0,SCRIPTED:OP7,6,0,0,0,0,240,0.5600000023841858,1,0,0,40,0,0,0,0,0,0,0,0,0,0,0,0,0,0,0,0,,7.742073567708333,-0.5,0.0,-0.001336127519607544,0.0,0.0,0.0,-0.004000000189989805,-0.12541961669921875,map_a,map_a_open,RULESET_V3_M1_OWN_FLAG_HOME,73b77ac3a0efb2c33a4498544c96bb702a656cbbfe17af18ec859c6d6b4c2142,True
370,pi_B_specialist_2v2_dual_branch_v1,2508,90560,44,28,,OP3,OPPONENT_POOL,train,map_a_open,-1,0,SCRIPTED:OP7,6,0,0,0,0,240,0.47999998927116394,1,0,0,34,0,0,0,0,0,0,0,0,0,0,0,0,0,0,0,0,,8.199163309733073,-0.5,0.0,-0.0037114322185516357,0.0,0.0,0.0,-0.004000000189989805,-0.12556573748588562,map_a,map_a_open,RULESET_V3_M1_OWN_FLAG_HOME,73b77ac3a0efb2c33a4498544c96bb702a656cbbfe17af18ec859c6d6b4c2142,True
371,pi_B_specialist_2v2_dual_branch_v1,2508,90576,44,29,,OP3,OPPONENT_POOL,train,map_a_open,-1,0,SCRIPTED:OP7,6,0,0,0,0,240,0.5199999809265137,1,0,0,33,0,0,0,0,0,0,0,0,0,0,0,0,0,0,0,0,,7.682519022623698,-0.5,0.0,0.008494943380355835,0.0,0.0,0.0,0.0,-0.12383025139570236,map_a,map_a_open,RULESET_V3_M1_OWN_FLAG_HOME,73b77ac3a0efb2c33a4498544c96bb702a656cbbfe17af18ec859c6d6b4c2142,True
372,pi_B_specialist_2v2_dual_branch_v1,2508,90928,44,51,,OP3,OPPONENT_POOL,train,map_a_open,-1,0,SCRIPTED:OP7,6,0,0,1,-1,240,0.5999999642372131,0,1,0,32,0,0,0,0,0,0,0,0,0,0,0,0,0,0,0,0,79.0,7.987949625651042,-1.0,0.0,0.0066716670989990234,0.0,0.0,0.0,-0.004000000189989805,-0.24546660482883453,map_a,map_a_open,RULESET_V3_M1_OWN_FLAG_HOME,73b77ac3a0efb2c33a4498544c96bb702a656cbbfe17af18ec859c6d6b4c2142,True
373,pi_B_specialist_2v2_dual_branch_v1,2508,91152,44,65,,OP3,OPPONENT_POOL,train,map_a_open,-1,0,SCRIPTED:OP7,6,0,0,1,-1,240,0.5199999809265137,1,0,0,38,0,0,0,0,0,0,0,0,0,0,0,0,0,0,0,0,235.0,8.139898173014323,-1.0,0.0,-0.0023719072341918945,0.0,0.0,0.0,0.0,-0.24505800008773804,map_a,map_a_open,RULESET_V3_M1_OWN_FLAG_HOME,73b77ac3a0efb2c33a4498544c96bb702a656cbbfe17af18ec859c6d6b4c2142,True
374,pi_B_specialist_2v2_dual_branch_v1,2508,91568,44,91,,OP3,OPPONENT_POOL,train,map_a_open,-1,0,SCRIPTED:OP7,6,0,0,0,0,240,0.5199999809265137,0,1,0,57,0,0,0,0,0,0,0,0,0,0,0,0,0,0,0,0,,7.60108388264974,-0.5,0.0,-0.009669482707977295,0.0,0.0,0.0,-0.004000000189989805,-0.1259322315454483,map_a,map_a_open,RULESET_V3_M1_OWN_FLAG_HOME,73b77ac3a0efb2c33a4498544c96bb702a656cbbfe17af18ec859c6d6b4c2142,True
375,pi_B_specialist_2v2_dual_branch_v1,2508,91760,44,103,,OP3,OPPONENT_POOL,train,map_a_open,-1,0,SCRIPTED:OP7,6,0,0,1,-1,240,0.5199999809265137,1,0,0,42,0,0,0,0,0,0,0,0,0,0,0,0,0,0,0,0,155.0,7.945670572916667,-1.0,0.0,-0.008862018585205078,0.0,0.0,0.0,-0.004000000189989805,-0.24637874960899353,map_a,map_a_open,RULESET_V3_M1_OWN_FLAG_HOME,73b77ac3a0efb2c33a4498544c96bb702a656cbbfe17af18ec859c6d6b4c2142,True
376,pi_B_specialist_2v2_dual_branch_v1,2508,92160,44,128,,OP3,OPPONENT_POOL,train,map_a_open,-1,0,SCRIPTED:OP7,6,0,0,1,-1,240,0.5999999642372131,1,0,0,42,0,0,0,0,0,0,0,0,0,0,0,0,0,0,0,0,96.0,8.152739969889323,-1.0,0.0,0.0019544661045074463,0.0,0.0,0.0,0.0,-0.24480381608009338,map_a,map_a_open,RULESET_V3_M1_OWN_FLAG_HOME,73b77ac3a0efb2c33a4498544c96bb702a656cbbfe17af18ec859c6d6b4c2142,True
377,pi_B_specialist_2v2_dual_branch_v1,2508,92160,44,128,,OP3,OPPONENT_POOL,train,map_a_open,-1,0,SCRIPTED:OP7,6,0,0,0,0,240,0.6399999856948853,1,0,0,38,0,0,0,0,0,0,0,0,0,0,0,0,0,0,0,0,,8.056161499023437,-0.5,0.0,-0.01174810528755188,0.0,0.0,0.0,-0.00800000037997961,-0.12704406678676605,map_a,map_a_open,RULESET_V3_M1_OWN_FLAG_HOME,73b77ac3a0efb2c33a4498544c96bb702a656cbbfe17af18ec859c6d6b4c2142,True
378,pi_B_specialist_2v2_dual_branch_v1,2508,92160,44,128,,OP3,OPPONENT_POOL,train,map_a_open,-1,0,SCRIPTED:OP7,6,0,0,1,-1,240,0.4399999976158142,1,0,0,51,0,0,0,0,0,0,0,0,0,0,0,0,0,0,0,0,104.0,7.923687235514323,-1.0,0.0,0.0075040459632873535,0.0,0.0,0.0,0.0,-0.24447773396968842,map_a,map_a_open,RULESET_V3_M1_OWN_FLAG_HOME,73b77ac3a0efb2c33a4498544c96bb702a656cbbfe17af18ec859c6d6b4c2142,True
379,pi_B_specialist_2v2_dual_branch_v1,2508,92160,44,128,,OP3,OPPONENT_POOL,train,map_a_open,-1,0,SCRIPTED:OP7,6,0,0,0,0,240,0.5199999809265137,1,0,0,62,0,0,0,0,0,0,0,0,0,0,0,0,0,0,0,0,,7.796841939290364,-0.5,0.0,-0.0011337995529174805,0.0,0.0,0.0,0.0,-0.12442278116941452,map_a,map_a_open,RULESET_V3_M1_OWN_FLAG_HOME,73b77ac3a0efb2c33a4498544c96bb702a656cbbfe17af18ec859c6d6b4c2142,True
380,pi_B_specialist_2v2_dual_branch_v1,2508,92160,44,128,,OP3,OPPONENT_POOL,train,map_a_open,-1,0,SCRIPTED:OP7,6,0,0,1,-1,240,0.5600000023841858,0,1,0,64,0,0,0,0,0,0,0,0,0,0,0,0,0,0,0,0,160.0,7.432182312011719,-1.0,0.0,0.002435624599456787,0.0,0.0,0.0,-0.004000000189989805,-0.24571539461612701,map_a,map_a_open,RULESET_V3_M1_OWN_FLAG_HOME,73b77ac3a0efb2c33a4498544c96bb702a656cbbfe17af18ec859c6d6b4c2142,True
381,pi_B_specialist_2v2_dual_branch_v1,2508,92160,44,128,,OP3,OPPONENT_POOL,train,map_a_open,-1,0,SCRIPTED:OP7,6,0,0,0,0,240,0.47999998927116394,1,0,0,38,0,0,0,0,0,0,0,0,0,0,0,0,0,0,0,0,,7.870688883463542,-0.5,0.0,0.005500465631484985,0.0,0.0,0.0,0.0,-0.12401453405618668,map_a,map_a_open,RULESET_V3_M1_OWN_FLAG_HOME,73b77ac3a0efb2c33a4498544c96bb702a656cbbfe17af18ec859c6d6b4c2142,True
382,pi_B_specialist_2v2_dual_branch_v1,2508,92160,44,128,,OP3,OPPONENT_POOL,train,map_a_open,-1,0,SCRIPTED:OP7,6,0,0,0,0,240,0.5600000023841858,1,0,0,48,0,0,0,0,0,0,0,0,0,0,0,0,0,0,0,0,,7.642658487955729,-0.5,0.0,0.008042842149734497,0.0,0.0,0.0,0.0,-0.12385807186365128,map_a,map_a_open,RULESET_V3_M1_OWN_FLAG_HOME,73b77ac3a0efb2c33a4498544c96bb702a656cbbfe17af18ec859c6d6b4c2142,True
383,pi_B_specialist_2v2_dual_branch_v1,2508,92160,44,128,,OP3,OPPONENT_POOL,train,map_a_open,-1,0,SCRIPTED:OP7,6,0,0,0,0,240,0.5199999809265137,1,0,0,13,0,0,0,0,0,0,0,0,0,0,0,0,0,0,0,0,,9.55841064453125,-0.5,0.0,-0.009340986609458923,0.04062499850988388,0.0,0.0,0.0,-0.12242753058671951,map_a,map_a_open,RULESET_V3_M1_OWN_FLAG_HOME,73b77ac3a0efb2c33a4498544c96bb702a656cbbfe17af18ec859c6d6b4c2142,True
384,pi_B_specialist_2v2_dual_branch_v1,2508,92160,44,128,,OP3,OPPONENT_POOL,train,map_a_open,-1,0,SCRIPTED:OP7,6,0,0,1,-1,240,0.5999999642372131,1,0,0,30,0,0,0,0,0,0,0,0,0,0,0,0,0,0,0,0,152.0,7.579244486490885,-1.0,0.0,0.0020270943641662598,0.0,0.0,0.0,-0.004000000189989805,-0.2457393854856491,map_a,map_a_open,RULESET_V3_M1_OWN_FLAG_HOME,73b77ac3a0efb2c33a4498544c96bb702a656cbbfe17af18ec859c6d6b4c2142,True
385,pi_B_specialist_2v2_dual_branch_v1,2508,93296,45,71,,OP3,OPPONENT_POOL,train,map_a_open,-1,0,SCRIPTED:OP7,6,0,0,3,-3,171,0.5600000023841858,1,0,0,29,0,0,0,0,0,0,0,0,0,0,0,0,0,0,0,0,34.0,7.553571020650585,-1.0,-0.5,-0.005085736513137817,0.0,-1.0,-100.0,-0.004000000189989805,-0.5555115938186646,map_a,map_a_open,RULESET_V3_M1_OWN_FLAG_HOME,73b77ac3a0efb2c33a4498544c96bb702a656cbbfe17af18ec859c6d6b4c2142,True
386,pi_B_specialist_2v2_dual_branch_v1,2508,93840,45,105,,OP3,OPPONENT_POOL,train,map_a_open,-1,0,SCRIPTED:OP7,6,0,0,1,-1,240,0.5600000023841858,1,0,0,45,0,0,0,0,0,0,0,0,0,0,0,0,0,0,0,0,109.0,7.8078053792317705,-1.0,0.0,0.0022789835929870605,0.0,0.0,0.0,0.0,-0.24478475749492645,map_a,map_a_open,RULESET_V3_M1_OWN_FLAG_HOME,73b77ac3a0efb2c33a4498544c96bb702a656cbbfe17af18ec859c6d6b4c2142,True
387,pi_B_specialist_2v2_dual_branch_v1,2508,94416,46,13,,OP3,OPPONENT_POOL,train,map_a_open,-1,0,SCRIPTED:OP7,6,0,0,1,-1,240,0.6800000071525574,1,0,0,36,0,0,0,0,0,0,0,0,0,0,0,0,0,0,0,0,197.0,7.6875157674153645,-1.0,0.0,-0.013447970151901245,0.0,0.0,0.0,-0.00800000037997961,-0.24758689105510712,map_a,map_a_open,RULESET_V3_M1_OWN_FLAG_HOME,73b77ac3a0efb2c33a4498544c96bb702a656cbbfe17af18ec859c6d6b4c2142,True
388,pi_B_specialist_2v2_dual_branch_v1,2508,94768,46,35,,OP3,OPPONENT_POOL,train,map_a_open,-1,0,SCRIPTED:OP7,6,0,0,0,0,240,0.47999998927116394,0,1,0,38,0,0,0,0,0,0,0,0,0,0,0,0,0,0,0,0,,7.659568277994792,-0.5,0.0,-0.006928175687789917,0.0,0.0,0.0,0.0,-0.12477929890155792,map_a,map_a_open,RULESET_V3_M1_OWN_FLAG_HOME,73b77ac3a0efb2c33a4498544c96bb702a656cbbfe17af18ec859c6d6b4c2142,True
389,pi_B_specialist_2v2_dual_branch_v1,2508,94992,46,49,,OP3,OPPONENT_POOL,train,map_a_open,-1,0,SCRIPTED:OP7,6,0,0,0,0,240,0.47999998927116394,1,0,0,12,0,0,0,0,0,0,0,0,0,0,0,0,0,0,0,0,,9.313184611002605,-0.5,0.0,4.35560941696167e-05,0.04062499850988388,0.0,0.0,-0.004000000189989805,-0.12283477187156677,map_a,map_a_open,RULESET_V3_M1_OWN_FLAG_HOME,73b77ac3a0efb2c33a4498544c96bb702a656cbbfe17af18ec859c6d6b4c2142,True
390,pi_B_specialist_2v2_dual_branch_v1,2508,95408,46,75,,OP3,OPPONENT_POOL,train,map_a_open,-1,0,SCRIPTED:OP7,6,0,0,0,0,240,0.5600000023841858,0,1,0,46,0,0,0,0,0,0,0,0,0,0,0,0,0,0,0,0,,7.853572591145833,-0.5,0.0,-0.003870457410812378,0.0,0.0,0.0,0.0,-0.124591164290905,map_a,map_a_open,RULESET_V3_M1_OWN_FLAG_HOME,73b77ac3a0efb2c33a4498544c96bb702a656cbbfe17af18ec859c6d6b4c2142,True
391,pi_B_specialist_2v2_dual_branch_v1,2508,95600,46,87,,OP3,OPPONENT_POOL,train,map_a_open,-1,0,SCRIPTED:OP7,6,0,0,2,-2,240,0.5999999642372131,1,0,0,31,0,0,0,0,0,0,0,0,0,0,0,0,0,0,0,0,70.0,7.796983337402343,-1.0,0.0,-0.01867496967315674,0.0,0.0,0.0,-0.004000000189989805,-0.24695473909378052,map_a,map_a_open,RULESET_V3_M1_OWN_FLAG_HOME,73b77ac3a0efb2c33a4498544c96bb702a656cbbfe17af18ec859c6d6b4c2142,True
392,pi_B_specialist_2v2_dual_branch_v1,2508,96000,46,112,,OP3,OPPONENT_POOL,train,map_a_open,-1,0,SCRIPTED:OP7,6,0,0,0,0,240,0.5999999642372131,0,1,0,68,0,0,0,0,0,0,0,0,0,0,0,0,0,0,0,0,,8.255358378092447,-0.5,0.0,-0.020493894815444946,0.0,0.0,0.0,0.0,-0.12561386823654175,map_a,map_a_open,RULESET_V3_M1_OWN_FLAG_HOME,73b77ac3a0efb2c33a4498544c96bb702a656cbbfe17af18ec859c6d6b4c2142,True
393,pi_B_specialist_2v2_dual_branch_v1,2508,96000,46,112,,OP3,OPPONENT_POOL,train,map_a_open,-1,0,SCRIPTED:OP7,6,0,0,0,0,240,0.47999998927116394,1,0,0,38,0,0,0,0,0,0,0,0,0,0,0,0,0,0,0,0,,7.562290954589844,-0.5,0.0,-0.0015121698379516602,0.0,0.0,0.0,-0.004000000189989805,-0.12543044984340668,map_a,map_a_open,RULESET_V3_M1_OWN_FLAG_HOME,73b77ac3a0efb2c33a4498544c96bb702a656cbbfe17af18ec859c6d6b4c2142,True
394,pi_B_specialist_2v2_dual_branch_v1,2508,96000,46,112,,OP3,OPPONENT_POOL,train,map_a_open,-1,0,SCRIPTED:OP7,6,0,0,0,0,240,0.6399999856948853,0,1,0,39,0,0,0,0,0,0,0,0,0,0,0,0,0,0,0,0,,7.975962829589844,-0.5,0.0,-0.01251479983329773,0.0,0.0,0.0,-0.004000000189989805,-0.12610723078250885,map_a,map_a_open,RULESET_V3_M1_OWN_FLAG_HOME,73b77ac3a0efb2c33a4498544c96bb702a656cbbfe17af18ec859c6d6b4c2142,True
395,pi_B_specialist_2v2_dual_branch_v1,2508,96000,46,112,,OP3,OPPONENT_POOL,train,map_a_open,-1,0,SCRIPTED:OP7,6,0,0,1,-1,240,0.5600000023841858,1,0,0,31,0,0,0,0,0,0,0,0,0,0,0,0,0,0,0,0,116.0,8.296828206380209,-1.0,0.0,0.015314102172851562,0.0,0.0,0.0,0.0,-0.24401873350143433,map_a,map_a_open,RULESET_V3_M1_OWN_FLAG_HOME,73b77ac3a0efb2c33a4498544c96bb702a656cbbfe17af18ec859c6d6b4c2142,True
396,pi_B_specialist_2v2_dual_branch_v1,2508,96000,46,112,,OP3,OPPONENT_POOL,train,map_a_open,-1,0,SCRIPTED:OP7,6,0,0,0,0,240,0.47999998927116394,1,0,0,59,0,0,0,0,0,0,0,0,0,0,0,0,0,0,0,0,,7.15523935953776,-0.5,0.0,0.011915236711502075,0.0,0.0,0.0,-0.004000000189989805,-0.12460435181856155,map_a,map_a_open,RULESET_V3_M1_OWN_FLAG_HOME,73b77ac3a0efb2c33a4498544c96bb702a656cbbfe17af18ec859c6d6b4c2142,True
397,pi_B_specialist_2v2_dual_branch_v1,2508,96000,46,112,,OP3,OPPONENT_POOL,train,map_a_open,-1,0,SCRIPTED:OP7,6,0,0,0,0,240,0.5600000023841858,0,1,0,31,0,0,0,0,0,0,0,0,0,0,0,0,0,0,0,0,,8.088612874348959,-0.5,0.0,0.0013277232646942139,0.0,0.0,0.0,-0.004000000189989805,-0.12525574862957,map_a,map_a_open,RULESET_V3_M1_OWN_FLAG_HOME,73b77ac3a0efb2c33a4498544c96bb702a656cbbfe17af18ec859c6d6b4c2142,True
398,pi_B_specialist_2v2_dual_branch_v1,2508,96000,46,112,,OP3,OPPONENT_POOL,train,map_a_open,-1,0,SCRIPTED:OP7,6,0,0,1,-1,240,0.5999999642372131,1,0,0,46,0,0,0,0,0,0,0,0,0,0,0,0,0,0,0,0,194.0,7.7080942789713545,-1.0,0.0,0.007229328155517578,0.0,0.0,0.0,0.0,-0.24449387192726135,map_a,map_a_open,RULESET_V3_M1_OWN_FLAG_HOME,73b77ac3a0efb2c33a4498544c96bb702a656cbbfe17af18ec859c6d6b4c2142,True
399,pi_B_specialist_2v2_dual_branch_v1,2508,96000,46,112,,OP3,OPPONENT_POOL,train,map_a_open,-1,0,SCRIPTED:OP7,6,0,0,0,0,240,0.5199999809265137,1,0,0,60,0,0,0,0,0,0,0,0,0,0,0,0,0,0,0,0,,7.225613403320312,-0.5,0.0,-0.011893033981323242,0.0,0.0,0.0,-0.004000000189989805,-0.12606899440288544,map_a,map_a_open,RULESET_V3_M1_OWN_FLAG_HOME,73b77ac3a0efb2c33a4498544c96bb702a656cbbfe17af18ec859c6d6b4c2142,True
400,pi_B_specialist_2v2_dual_branch_v1,2508,96000,46,112,,OP3,OPPONENT_POOL,train,map_a_open,-1,0,SCRIPTED:OP7,6,0,0,0,0,240,0.6800000071525574,1,0,0,38,0,0,0,0,0,0,0,0,0,0,0,0,0,0,0,0,,8.064683532714843,-0.5,0.0,0.005085945129394531,0.0,0.0,0.0,-0.004000000189989805,-0.12502452731132507,map_a,map_a_open,RULESET_V3_M1_OWN_FLAG_HOME,73b77ac3a0efb2c33a4498544c96bb702a656cbbfe17af18ec859c6d6b4c2142,True
401,pi_B_specialist_2v2_dual_branch_v1,2508,97136,47,55,,OP3,OPPONENT_POOL,train,map_a_open,-1,0,SCRIPTED:OP7,6,0,0,0,0,240,0.5999999642372131,1,0,0,34,0,0,0,0,0,0,0,0,0,0,0,0,0,0,0,0,,7.9283086140950525,-0.5,0.0,0.005233332514762878,0.0,0.0,0.0,-0.004000000189989805,-0.1250154674053192,map_a,map_a_open,RULESET_V3_M1_OWN_FLAG_HOME,73b77ac3a0efb2c33a4498544c96bb702a656cbbfe17af18ec859c6d6b4c2142,True
402,pi_B_specialist_2v2_dual_branch_v1,2508,97680,47,89,,OP3,OPPONENT_POOL,train,map_a_open,-1,0,SCRIPTED:OP7,6,0,0,0,0,240,0.5999999642372131,1,0,0,50,0,0,0,0,0,0,0,0,0,0,0,0,0,0,0,0,,8.042889912923178,-0.5,0.0,-0.011690348386764526,0.0,0.0,0.0,-0.00800000037997961,-0.12704052031040192,map_a,map_a_open,RULESET_V3_M1_OWN_FLAG_HOME,73b77ac3a0efb2c33a4498544c96bb702a656cbbfe17af18ec859c6d6b4c2142,True
403,pi_B_specialist_2v2_dual_branch_v1,2508,98256,47,125,,OP3,OPPONENT_POOL,train,map_a_open,-1,0,SCRIPTED:OP7,6,0,0,1,-1,240,0.47999998927116394,0,1,0,36,0,0,0,0,0,0,0,0,0,0,0,0,0,0,0,0,73.0,7.9832616170247395,-1.0,0.10000000149011612,0.0007129013538360596,0.0,0.0,0.0,0.0,-0.22123609483242035,map_a,map_a_open,RULESET_V3_M1_OWN_FLAG_HOME,73b77ac3a0efb2c33a4498544c96bb702a656cbbfe17af18ec859c6d6b4c2142,True
404,pi_B_specialist_2v2_dual_branch_v1,2508,98608,48,19,,OP3,OPPONENT_POOL,train,map_a_open,-1,0,SCRIPTED:OP7,6,0,0,1,-1,240,0.5999999642372131,1,0,0,33,0,0,0,0,0,0,0,0,0,0,0,0,0,0,0,0,73.0,8.250023396809896,-1.0,0.0,0.01448756456375122,0.0,0.0,0.0,0.0,-0.24406731128692627,map_a,map_a_open,RULESET_V3_M1_OWN_FLAG_HOME,73b77ac3a0efb2c33a4498544c96bb702a656cbbfe17af18ec859c6d6b4c2142,True
405,pi_B_specialist_2v2_dual_branch_v1,2508,98832,48,33,,OP3,OPPONENT_POOL,train,map_a_open,-1,0,SCRIPTED:OP7,6,0,0,1,-1,240,0.5600000023841858,1,0,0,20,0,0,0,0,0,0,0,0,0,0,0,0,0,0,0,0,160.0,8.050859069824218,-1.0,0.0,0.004587709903717041,0.0,0.0,0.0,-0.004000000189989805,-0.245589017868042,map_a,map_a_open,RULESET_V3_M1_OWN_FLAG_HOME,73b77ac3a0efb2c33a4498544c96bb702a656cbbfe17af18ec859c6d6b4c2142,True
406,pi_B_specialist_2v2_dual_branch_v1,2508,99248,48,59,,OP3,OPPONENT_POOL,train,map_a_open,-1,0,SCRIPTED:OP7,6,0,0,1,-1,240,0.47999998927116394,1,0,0,40,0,0,0,0,0,0,0,0,0,0,0,0,0,0,0,0,131.0,7.925321451822916,-1.0,0.0,0.0074814558029174805,0.0,0.0,0.0,-0.004000000189989805,-0.24541904032230377,map_a,map_a_open,RULESET_V3_M1_OWN_FLAG_HOME,73b77ac3a0efb2c33a4498544c96bb702a656cbbfe17af18ec859c6d6b4c2142,True
407,pi_B_specialist_2v2_dual_branch_v1,2508,99440,48,71,,OP3,OPPONENT_POOL,train,map_a_open,-1,0,SCRIPTED:OP7,6,0,0,1,-1,240,0.5199999809265137,1,0,0,51,0,0,0,0,0,0,0,0,0,0,0,0,0,0,0,0,157.0,7.492785135904948,-1.0,0.0,3.860890865325928e-05,0.0,0.0,0.0,0.0,-0.2449163794517517,map_a,map_a_open,RULESET_V3_M1_OWN_FLAG_HOME,73b77ac3a0efb2c33a4498544c96bb702a656cbbfe17af18ec859c6d6b4c2142,True
408,pi_B_specialist_2v2_dual_branch_v1,2508,99840,48,96,,OP3,OPPONENT_POOL,train,map_a_open,-1,0,SCRIPTED:OP7,6,0,0,0,0,240,0.6800000071525574,0,2,0,60,0,0,0,0,0,0,0,0,0,0,0,0,0,0,0,0,,7.674193318684896,-0.5,0.0,-0.010456949472427368,0.0,0.0,0.0,-0.004000000189989805,-0.1259806752204895,map_a,map_a_open,RULESET_V3_M1_OWN_FLAG_HOME,73b77ac3a0efb2c33a4498544c96bb702a656cbbfe17af18ec859c6d6b4c2142,True
409,pi_B_specialist_2v2_dual_branch_v1,2508,99840,48,96,,OP3,OPPONENT_POOL,train,map_a_open,-1,0,SCRIPTED:OP7,6,0,0,0,0,240,0.6800000071525574,1,0,0,40,0,0,0,0,0,0,0,0,0,0,0,0,0,0,0,0,,8.113333129882813,-0.5,0.0,-0.02039608359336853,0.0,0.0,0.0,-0.004000000189989805,-0.12659195065498352,map_a,map_a_open,RULESET_V3_M1_OWN_FLAG_HOME,73b77ac3a0efb2c33a4498544c96bb702a656cbbfe17af18ec859c6d6b4c2142,True
410,pi_B_specialist_2v2_dual_branch_v1,2508,99840,48,96,,OP3,OPPONENT_POOL,train,map_a_open,-1,0,SCRIPTED:OP7,6,0,0,0,0,240,0.6399999856948853,1,0,0,29,0,0,0,0,0,0,0,0,0,0,0,0,0,0,0,0,,8.217576090494791,-0.5,0.0,-0.0012719929218292236,0.0,0.0,0.0,-0.004000000189989805,-0.12541566789150238,map_a,map_a_open,RULESET_V3_M1_OWN_FLAG_HOME,73b77ac3a0efb2c33a4498544c96bb702a656cbbfe17af18ec859c6d6b4c2142,True
411,pi_B_specialist_2v2_dual_branch_v1,2508,99840,48,96,,OP3,OPPONENT_POOL,train,map_a_open,-1,0,SCRIPTED:OP7,6,0,0,0,0,240,0.5600000023841858,1,0,0,27,0,0,0,0,0,0,0,0,0,0,0,0,0,0,0,0,,7.868589782714844,-0.5,0.0,0.0031658411026000977,0.0,0.0,0.0,-0.004000000189989805,-0.1251426488161087,map_a,map_a_open,RULESET_V3_M1_OWN_FLAG_HOME,73b77ac3a0efb2c33a4498544c96bb702a656cbbfe17af18ec859c6d6b4c2142,True
412,pi_B_specialist_2v2_dual_branch_v1,2508,99840,48,96,,OP3,OPPONENT_POOL,train,map_a_open,-1,0,SCRIPTED:OP7,6,0,0,0,0,240,0.7199999690055847,1,0,0,49,0,0,0,0,0,0,0,0,0,0,0,0,0,0,0,0,,7.955138142903646,-0.5,0.0,-0.00329473614692688,0.0,0.0,0.0,-0.004000000189989805,-0.1255401074886322,map_a,map_a_open,RULESET_V3_M1_OWN_FLAG_HOME,73b77ac3a0efb2c33a4498544c96bb702a656cbbfe17af18ec859c6d6b4c2142,True
413,pi_B_specialist_2v2_dual_branch_v1,2508,99840,48,96,,OP3,OPPONENT_POOL,train,map_a_open,-1,0,SCRIPTED:OP7,6,0,0,0,0,240,0.4399999976158142,1,0,0,38,0,0,0,0,0,0,0,0,0,0,0,0,0,0,0,0,,8.02379150390625,-0.5,0.0,-0.005770891904830933,0.020624998956918716,0.0,0.0,0.0,-0.12343887984752655,map_a,map_a_open,RULESET_V3_M1_OWN_FLAG_HOME,73b77ac3a0efb2c33a4498544c96bb702a656cbbfe17af18ec859c6d6b4c2142,True
414,pi_B_specialist_2v2_dual_branch_v1,2508,99840,48,96,,OP3,OPPONENT_POOL,train,map_a_open,-1,0,SCRIPTED:OP7,6,0,0,1,-1,240,0.5999999642372131,1,0,0,42,0,0,0,0,0,0,0,0,0,0,0,0,0,0,0,0,32.0,7.540953572591146,-1.0,0.0,0.0022635161876678467,0.0,0.0,0.0,0.0,-0.24478566646575928,map_a,map_a_open,RULESET_V3_M1_OWN_FLAG_HOME,73b77ac3a0efb2c33a4498544c96bb702a656cbbfe17af18ec859c6d6b4c2142,True
415,pi_B_specialist_2v2_dual_branch_v1,2508,99840,48,96,,OP3,OPPONENT_POOL,train,map_a_open,-1,0,SCRIPTED:OP7,6,0,0,0,0,240,0.6399999856948853,1,0,0,51,0,0,0,0,0,0,0,0,0,0,0,0,0,0,0,0,,7.512410481770833,-0.5,0.0,0.0055581629276275635,0.0,0.0,0.0,0.0,-0.12401098012924194,map_a,map_a_open,RULESET_V3_M1_OWN_FLAG_HOME,73b77ac3a0efb2c33a4498544c96bb702a656cbbfe17af18ec859c6d6b4c2142,True
416,pi_B_specialist_2v2_dual_branch_v1,2508,99840,48,96,,OP3,OPPONENT_POOL,train,map_a_open,-1,0,SCRIPTED:OP7,6,0,0,0,0,240,0.6399999856948853,1,0,0,51,0,0,0,0,0,0,0,0,0,0,0,0,0,0,0,0,,7.873973083496094,-0.5,0.0,-0.012368828058242798,0.0,0.0,0.0,-0.004000000189989805,-0.12609826028347015,map_a,map_a_open,RULESET_V3_M1_OWN_FLAG_HOME,73b77ac3a0efb2c33a4498544c96bb702a656cbbfe17af18ec859c6d6b4c2142,True
417,pi_B_specialist_2v2_dual_branch_v1,2508,100976,49,39,,OP3,OPPONENT_POOL,train,map_a_open,-1,0,SCRIPTED:OP7,6,0,0,1,-1,240,0.5199999809265137,1,0,0,32,0,0,0,0,0,0,0,0,0,0,0,0,0,0,0,0,120.0,7.31644287109375,-1.0,0.0,0.015965670347213745,0.0,0.0,0.0,-0.004000000189989805,-0.24492067098617554,map_a,map_a_open,RULESET_V3_M1_OWN_FLAG_HOME,73b77ac3a0efb2c33a4498544c96bb702a656cbbfe17af18ec859c6d6b4c2142,True
418,pi_B_specialist_2v2_dual_branch_v1,2508,101520,49,73,,OP3,OPPONENT_POOL,train,map_a_open,-1,0,SCRIPTED:OP7,6,0,0,0,0,240,0.5999999642372131,1,0,0,30,0,0,0,0,0,0,0,0,0,0,0,0,0,0,0,0,,7.405242411295573,-0.5,0.0,0.017569273710250854,0.0,0.0,0.0,-0.004000000189989805,-0.1242564469575882,map_a,map_a_open,RULESET_V3_M1_OWN_FLAG_HOME,73b77ac3a0efb2c33a4498544c96bb702a656cbbfe17af18ec859c6d6b4c2142,True
419,pi_B_specialist_2v2_dual_branch_v1,2508,102096,49,109,,OP3,OPPONENT_POOL,train,map_a_open,-1,0,SCRIPTED:OP7,6,0,0,0,0,240,0.5199999809265137,1,0,0,53,0,0,0,0,0,0,0,0,0,0,0,0,0,0,0,0,,7.486673482259115,-0.5,0.0,-0.010560214519500732,0.0,0.0,0.0,0.0,-0.12500277161598206,map_a,map_a_open,RULESET_V3_M1_OWN_FLAG_HOME,73b77ac3a0efb2c33a4498544c96bb702a656cbbfe17af18ec859c6d6b4c2142,True
420,pi_B_specialist_2v2_dual_branch_v1,2508,102448,50,3,,OP3,OPPONENT_POOL,train,map_a_open,-1,0,SCRIPTED:OP7,6,0,0,0,0,240,0.5199999809265137,1,0,0,51,0,0,0,0,0,0,0,0,0,0,0,0,0,0,0,0,,7.552990214029948,-0.5,0.0,-0.0011022686958312988,0.0,0.0,0.0,0.0,-0.12442082911729813,map_a,map_a_open,RULESET_V3_M1_OWN_FLAG_HOME,73b77ac3a0efb2c33a4498544c96bb702a656cbbfe17af18ec859c6d6b4c2142,True
421,pi_B_specialist_2v2_dual_branch_v1,2508,102672,50,17,,OP3,OPPONENT_POOL,train,map_a_open,-1,0,SCRIPTED:OP7,6,0,0,0,0,240,0.5999999642372131,0,2,0,36,0,0,0,0,0,0,0,0,0,0,0,0,0,0,0,0,,7.682491556803385,-0.5,0.0,-0.003612220287322998,0.0,0.0,0.0,-0.004000000189989805,-0.12555964291095734,map_a,map_a_open,RULESET_V3_M1_OWN_FLAG_HOME,73b77ac3a0efb2c33a4498544c96bb702a656cbbfe17af18ec859c6d6b4c2142,True
422,pi_B_specialist_2v2_dual_branch_v1,2508,103088,50,43,,OP3,OPPONENT_POOL,train,map_a_open,-1,0,SCRIPTED:OP7,6,0,0,1,-1,240,0.5600000023841858,0,2,0,39,0,0,0,0,0,0,0,0,0,0,0,0,0,0,0,0,67.0,7.361834208170573,-1.0,0.0,0.006599262356758118,0.0,0.0,0.0,0.0,-0.24453090131282806,map_a,map_a_open,RULESET_V3_M1_OWN_FLAG_HOME,73b77ac3a0efb2c33a4498544c96bb702a656cbbfe17af18ec859c6d6b4c2142,True
423,pi_B_specialist_2v2_dual_branch_v1,2508,103280,50,55,,OP3,OPPONENT_POOL,train,map_a_open,-1,0,SCRIPTED:OP7,6,0,0,0,0,240,0.4399999976158142,0,1,0,35,0,0,0,0,0,0,0,0,0,0,0,0,0,0,0,0,,8.239518229166666,-0.5,0.0,0.008730500936508179,0.0,0.0,0.0,0.0,-0.12381575256586075,map_a,map_a_open,RULESET_V3_M1_OWN_FLAG_HOME,73b77ac3a0efb2c33a4498544c96bb702a656cbbfe17af18ec859c6d6b4c2142,True
424,pi_B_specialist_2v2_dual_branch_v1,2508,103680,50,80,,OP3,OPPONENT_POOL,train,map_a_open,-1,0,SCRIPTED:OP7,6,0,0,0,0,240,0.47999998927116394,1,0,0,40,0,0,0,0,0,0,0,0,0,0,0,0,0,0,0,0,,7.501161193847656,-0.5,0.0,0.0011430084705352783,0.0,0.0,0.0,0.0,-0.12428267300128937,map_a,map_a_open,RULESET_V3_M1_OWN_FLAG_HOME,73b77ac3a0efb2c33a4498544c96bb702a656cbbfe17af18ec859c6d6b4c2142,True
425,pi_B_specialist_2v2_dual_branch_v1,2508,103680,50,80,,OP3,OPPONENT_POOL,train,map_a_open,-1,0,SCRIPTED:OP7,6,0,0,0,0,240,0.5199999809265137,1,0,0,58,0,0,0,0,0,0,0,0,0,0,0,0,0,0,0,0,,7.521623738606771,-0.5,0.0,0.01775798201560974,0.0,0.0,0.0,-0.00800000037997961,-0.12522928416728973,map_a,map_a_open,RULESET_V3_M1_OWN_FLAG_HOME,73b77ac3a0efb2c33a4498544c96bb702a656cbbfe17af18ec859c6d6b4c2142,True
426,pi_B_specialist_2v2_dual_branch_v1,2508,103680,50,80,,OP3,OPPONENT_POOL,train,map_a_open,-1,0,SCRIPTED:OP7,6,0,0,0,0,240,0.5600000023841858,1,0,0,48,0,0,0,0,0,0,0,0,0,0,0,0,0,0,0,0,,7.610706075032552,-0.5,0.0,-0.006238758563995361,0.0,0.0,0.0,-0.004000000189989805,-0.12572120130062103,map_a,map_a_open,RULESET_V3_M1_OWN_FLAG_HOME,73b77ac3a0efb2c33a4498544c96bb702a656cbbfe17af18ec859c6d6b4c2142,True
427,pi_B_specialist_2v2_dual_branch_v1,2508,103680,50,80,,OP3,OPPONENT_POOL,train,map_a_open,-1,0,SCRIPTED:OP7,6,0,0,0,0,240,0.4399999976158142,1,0,0,50,0,0,0,0,0,0,0,0,0,0,0,0,0,0,0,0,,7.391806030273438,-0.5,0.0,-0.014765560626983643,0.0,0.0,0.0,-0.004000000189989805,-0.1262456625699997,map_a,map_a_open,RULESET_V3_M1_OWN_FLAG_HOME,73b77ac3a0efb2c33a4498544c96bb702a656cbbfe17af18ec859c6d6b4c2142,True
428,pi_B_specialist_2v2_dual_branch_v1,2508,103680,50,80,,OP3,OPPONENT_POOL,train,map_a_open,-1,0,SCRIPTED:OP7,6,0,0,0,0,240,0.47999998927116394,1,0,0,53,0,0,0,0,0,0,0,0,0,0,0,0,0,0,0,0,,7.722879536946615,-0.5,0.0,0.013273835182189941,0.0,0.0,0.0,0.0,-0.1235361397266388,map_a,map_a_open,RULESET_V3_M1_OWN_FLAG_HOME,73b77ac3a0efb2c33a4498544c96bb702a656cbbfe17af18ec859c6d6b4c2142,True
429,pi_B_specialist_2v2_dual_branch_v1,2508,103680,50,80,,OP3,OPPONENT_POOL,train,map_a_open,-1,0,SCRIPTED:OP7,6,0,0,1,-1,240,0.6800000071525574,1,0,0,17,0,0,0,0,0,0,0,0,0,0,0,0,0,0,0,0,173.0,7.427195739746094,-1.0,0.0,0.00037363171577453613,0.0,0.0,0.0,0.0,-0.24489670991897583,map_a,map_a_open,RULESET_V3_M1_OWN_FLAG_HOME,73b77ac3a0efb2c33a4498544c96bb702a656cbbfe17af18ec859c6d6b4c2142,True
430,pi_B_specialist_2v2_dual_branch_v1,2508,103680,50,80,,OP3,OPPONENT_POOL,train,map_a_open,-1,0,SCRIPTED:OP7,6,1,1,0,1,240,0.5600000023841858,1,0,0,37,0,0,0,0,0,0,0,0,0,0,0,0,0,0,0,0,148.0,7.126351928710937,1.0,0.0,-0.004440367221832275,0.0,0.0,0.0,-0.00800000037997961,0.242776557803154,map_a,map_a_open,RULESET_V3_M1_OWN_FLAG_HOME,73b77ac3a0efb2c33a4498544c96bb702a656cbbfe17af18ec859c6d6b4c2142,True
431,pi_B_specialist_2v2_dual_branch_v1,2508,103680,50,80,,OP3,OPPONENT_POOL,train,map_a_open,-1,0,SCRIPTED:OP7,6,0,0,1,-1,240,0.47999998927116394,1,0,0,41,0,0,0,0,0,0,0,0,0,0,0,0,0,0,0,0,122.0,7.506254577636719,-1.0,0.0,-0.001752614974975586,0.0,0.0,0.0,0.0,-0.24502162635326385,map_a,map_a_open,RULESET_V3_M1_OWN_FLAG_HOME,73b77ac3a0efb2c33a4498544c96bb702a656cbbfe17af18ec859c6d6b4c2142,True
432,pi_B_specialist_2v2_dual_branch_v1,2508,103680,50,80,,OP3,OPPONENT_POOL,train,map_a_open,-1,0,SCRIPTED:OP7,6,0,0,0,0,240,0.5999999642372131,1,0,0,47,0,0,0,0,0,0,0,0,0,0,0,0,0,0,0,0,,7.614820353190104,-0.5,0.0,0.014931559562683105,0.0,0.0,0.0,-0.004000000189989805,-0.12441876530647278,map_a,map_a_open,RULESET_V3_M1_OWN_FLAG_HOME,73b77ac3a0efb2c33a4498544c96bb702a656cbbfe17af18ec859c6d6b4c2142,True
433,pi_B_specialist_2v2_dual_branch_v1,2508,104816,51,23,,OP3,OPPONENT_POOL,train,map_a_open,-1,0,SCRIPTED:OP7,6,0,0,1,-1,240,0.47999998927116394,1,0,0,14,0,0,0,0,0,0,0,0,0,0,0,0,0,0,0,0,71.0,9.162391153971354,-1.0,0.0,-0.0010485649108886719,0.04062499850988388,0.0,0.0,-0.004000000189989805,-0.24353300034999847,map_a,map_a_open,RULESET_V3_M1_OWN_FLAG_HOME,73b77ac3a0efb2c33a4498544c96bb702a656cbbfe17af18ec859c6d6b4c2142,True
434,pi_B_specialist_2v2_dual_branch_v1,2508,105360,51,57,,OP3,OPPONENT_POOL,train,map_a_open,-1,0,SCRIPTED:OP7,6,0,0,1,-1,240,0.6399999856948853,1,0,0,27,0,0,0,0,0,0,0,0,0,0,0,0,0,0,0,0,231.0,7.98177490234375,-1.0,0.0,0.0025791823863983154,0.0,0.0,0.0,0.0,-0.24476711452007294,map_a,map_a_open,RULESET_V3_M1_OWN_FLAG_HOME,73b77ac3a0efb2c33a4498544c96bb702a656cbbfe17af18ec859c6d6b4c2142,True
435,pi_B_specialist_2v2_dual_branch_v1,2508,105936,51,93,,OP3,OPPONENT_POOL,train,map_a_open,-1,0,SCRIPTED:OP7,6,0,0,0,0,240,0.6800000071525574,0,1,0,36,0,0,0,0,0,0,0,0,0,0,0,0,0,0,0,0,,8.338400268554688,-0.5,0.0,-0.01348412036895752,0.0,0.0,0.0,-0.00800000037997961,-0.12715080380439758,map_a,map_a_open,RULESET_V3_M1_OWN_FLAG_HOME,73b77ac3a0efb2c33a4498544c96bb702a656cbbfe17af18ec859c6d6b4c2142,True
436,pi_B_specialist_2v2_dual_branch_v1,2508,106288,51,115,,OP3,OPPONENT_POOL,train,map_a_open,-1,0,SCRIPTED:OP7,6,0,0,0,0,240,0.5999999642372131,1,0,0,28,0,0,0,0,0,0,0,0,0,0,0,0,0,0,0,0,,8.362842814127605,-0.5,0.0,-0.002909630537033081,0.0,0.0,0.0,0.0,-0.12453204393386841,map_a,map_a_open,RULESET_V3_M1_OWN_FLAG_HOME,73b77ac3a0efb2c33a4498544c96bb702a656cbbfe17af18ec859c6d6b4c2142,True
437,pi_B_specialist_2v2_dual_branch_v1,2508,106512,52,1,,OP3,OPPONENT_POOL,train,map_a_open,-1,0,SCRIPTED:OP7,6,0,0,0,0,240,0.5999999642372131,1,0,0,36,0,0,0,0,0,0,0,0,0,0,0,0,0,0,0,0,,7.598308308919271,-0.5,0.0,0.02048438787460327,0.02499999850988388,0.0,0.0,0.0,-0.1215532124042511,map_a,map_a_open,RULESET_V3_M1_OWN_FLAG_HOME,73b77ac3a0efb2c33a4498544c96bb702a656cbbfe17af18ec859c6d6b4c2142,True
438,pi_B_specialist_2v2_dual_branch_v1,2508,106928,52,27,,OP3,OPPONENT_POOL,train,map_a_open,-1,0,SCRIPTED:OP7,6,0,0,0,0,240,0.5199999809265137,0,1,0,41,0,0,0,0,0,0,0,0,0,0,0,0,0,0,0,0,,8.008729044596354,-0.5,0.0,-0.012571066617965698,0.0,0.0,0.0,-0.004000000189989805,-0.12611070275306702,map_a,map_a_open,RULESET_V3_M1_OWN_FLAG_HOME,73b77ac3a0efb2c33a4498544c96bb702a656cbbfe17af18ec859c6d6b4c2142,True
439,pi_B_specialist_2v2_dual_branch_v1,2508,107120,52,39,,OP3,OPPONENT_POOL,train,map_a_open,-1,0,SCRIPTED:OP7,6,0,0,0,0,240,0.5600000023841858,1,0,0,22,0,0,0,0,0,0,0,0,0,0,0,0,0,0,0,0,,8.01523946126302,-0.5,0.0,0.0009450018405914307,0.0,0.0,0.0,0.0,-0.12429486215114594,map_a,map_a_open,RULESET_V3_M1_OWN_FLAG_HOME,73b77ac3a0efb2c33a4498544c96bb702a656cbbfe17af18ec859c6d6b4c2142,True
440,pi_B_specialist_2v2_dual_branch_v1,2508,107520,52,64,,OP3,OPPONENT_POOL,train,map_a_open,-1,0,SCRIPTED:OP7,6,0,0,0,0,240,0.5600000023841858,1,0,0,45,0,0,0,0,0,0,0,0,0,0,0,0,0,0,0,0,,7.686224873860677,-0.5,0.0,0.021004825830459595,0.014999999664723873,0.0,0.0,-0.004000000189989805,-0.12312185764312744,map_a,map_a_open,RULESET_V3_M1_OWN_FLAG_HOME,73b77ac3a0efb2c33a4498544c96bb702a656cbbfe17af18ec859c6d6b4c2142,True
441,pi_B_specialist_2v2_dual_branch_v1,2508,107520,52,64,,OP3,OPPONENT_POOL,train,map_a_open,-1,0,SCRIPTED:OP7,6,0,0,0,0,240,0.5999999642372131,0,1,0,50,0,0,0,0,0,0,0,0,0,0,0,0,0,0,0,0,,7.086790974934896,-0.5,0.0,-0.008527100086212158,0.0,0.0,0.0,-0.004000000189989805,-0.12586195766925812,map_a,map_a_open,RULESET_V3_M1_OWN_FLAG_HOME,73b77ac3a0efb2c33a4498544c96bb702a656cbbfe17af18ec859c6d6b4c2142,True
442,pi_B_specialist_2v2_dual_branch_v1,2508,107520,52,64,,OP3,OPPONENT_POOL,train,map_a_open,-1,0,SCRIPTED:OP7,6,0,0,0,0,240,0.6399999856948853,0,2,0,61,0,0,0,0,0,0,0,0,0,0,0,0,0,0,0,0,,7.377855936686198,-0.5,0.0,-0.02062767744064331,0.0,0.0,0.0,-0.00800000037997961,-0.12759004533290863,map_a,map_a_open,RULESET_V3_M1_OWN_FLAG_HOME,73b77ac3a0efb2c33a4498544c96bb702a656cbbfe17af18ec859c6d6b4c2142,True
443,pi_B_specialist_2v2_dual_branch_v1,2508,107520,52,64,,OP3,OPPONENT_POOL,train,map_a_open,-1,0,SCRIPTED:OP7,6,0,0,0,0,240,0.5999999642372131,1,0,0,36,0,0,0,0,0,0,0,0,0,0,0,0,0,0,0,0,,7.869454956054687,-0.5,0.0,0.007092863321304321,0.0,0.0,0.0,0.0,-0.12391653656959534,map_a,map_a_open,RULESET_V3_M1_OWN_FLAG_HOME,73b77ac3a0efb2c33a4498544c96bb702a656cbbfe17af18ec859c6d6b4c2142,True
444,pi_B_specialist_2v2_dual_branch_v1,2508,107520,52,64,,OP3,OPPONENT_POOL,train,map_a_open,-1,0,SCRIPTED:OP7,6,0,0,1,-1,240,0.5999999642372131,1,0,0,44,0,0,0,0,0,0,0,0,0,0,0,0,0,0,0,0,228.0,7.634632873535156,-1.0,0.0,0.013963103294372559,0.0,0.0,0.0,0.0,-0.24409812688827515,map_a,map_a_open,RULESET_V3_M1_OWN_FLAG_HOME,73b77ac3a0efb2c33a4498544c96bb702a656cbbfe17af18ec859c6d6b4c2142,True
445,pi_B_specialist_2v2_dual_branch_v1,2508,107520,52,64,,OP3,OPPONENT_POOL,train,map_a_open,-1,0,SCRIPTED:OP7,6,0,0,1,-1,240,0.47999998927116394,1,0,0,40,0,0,0,0,0,0,0,0,0,0,0,0,0,0,0,0,138.0,7.76352284749349,-1.0,0.0,0.006031602621078491,0.0,0.0,0.0,-0.004000000189989805,-0.2455042153596878,map_a,map_a_open,RULESET_V3_M1_OWN_FLAG_HOME,73b77ac3a0efb2c33a4498544c96bb702a656cbbfe17af18ec859c6d6b4c2142,True
446,pi_B_specialist_2v2_dual_branch_v1,2508,107520,52,64,,OP3,OPPONENT_POOL,train,map_a_open,-1,0,SCRIPTED:OP7,6,0,0,0,0,240,0.5199999809265137,1,0,0,30,0,0,0,0,0,0,0,0,0,0,0,0,0,0,0,0,,8.703169759114584,-0.5,0.0,-0.010563582181930542,0.0,0.0,0.0,-0.004000000189989805,-0.1259872168302536,map_a,map_a_open,RULESET_V3_M1_OWN_FLAG_HOME,73b77ac3a0efb2c33a4498544c96bb702a656cbbfe17af18ec859c6d6b4c2142,True
447,pi_B_specialist_2v2_dual_branch_v1,2508,107520,52,64,,OP3,OPPONENT_POOL,train,map_a_open,-1,0,SCRIPTED:OP7,6,0,0,1,-1,240,0.5600000023841858,1,0,0,41,0,0,0,0,0,0,0,0,0,0,0,0,0,0,0,0,72.0,7.99183349609375,-1.0,0.0,0.009667754173278809,0.0,0.0,0.0,-0.004000000189989805,-0.2452906221151352,map_a,map_a_open,RULESET_V3_M1_OWN_FLAG_HOME,73b77ac3a0efb2c33a4498544c96bb702a656cbbfe17af18ec859c6d6b4c2142,True
448,pi_B_specialist_2v2_dual_branch_v1,2508,107520,52,64,,OP3,OPPONENT_POOL,train,map_a_open,-1,0,SCRIPTED:OP7,6,0,0,0,0,240,0.6399999856948853,1,0,0,15,0,0,0,0,0,0,0,0,0,0,0,0,0,0,0,0,,9.716124471028646,-0.5,0.0,0.007477864623069763,0.04062499850988388,0.0,0.0,0.0,-0.12139197438955307,map_a,map_a_open,RULESET_V3_M1_OWN_FLAG_HOME,73b77ac3a0efb2c33a4498544c96bb702a656cbbfe17af18ec859c6d6b4c2142,True
449,pi_B_specialist_2v2_dual_branch_v1,2508,108656,53,7,,OP3,OPPONENT_POOL,train,map_a_open,-1,0,SCRIPTED:OP7,6,0,0,0,0,240,0.47999998927116394,1,0,0,54,0,0,0,0,0,0,0,0,0,0,0,0,0,0,0,0,,7.441021219889323,-0.5,0.0,-0.011340081691741943,0.0,0.0,0.0,-0.004000000189989805,-0.12603498995304108,map_a,map_a_open,RULESET_V3_M1_OWN_FLAG_HOME,73b77ac3a0efb2c33a4498544c96bb702a656cbbfe17af18ec859c6d6b4c2142,True
450,pi_B_specialist_2v2_dual_branch_v1,2508,109200,53,41,,OP3,OPPONENT_POOL,train,map_a_open,-1,0,SCRIPTED:OP7,6,0,0,1,-1,240,0.47999998927116394,0,1,0,28,0,0,0,0,0,0,0,0,0,0,0,0,0,0,0,0,165.0,7.890315755208333,-1.0,0.0,0.001231849193572998,0.0,0.0,0.0,-0.004000000189989805,-0.24578610062599182,map_a,map_a_open,RULESET_V3_M1_OWN_FLAG_HOME,73b77ac3a0efb2c33a4498544c96bb702a656cbbfe17af18ec859c6d6b4c2142,True
451,pi_B_specialist_2v2_dual_branch_v1,2508,109776,53,77,,OP3,OPPONENT_POOL,train,map_a_open,-1,0,SCRIPTED:OP7,6,0,0,0,0,240,0.5199999809265137,1,0,0,44,0,0,0,0,0,0,0,0,0,0,0,0,0,0,0,0,,7.84251708984375,-0.5,0.0,0.00920945405960083,0.0,0.0,0.0,0.0,-0.12378627806901932,map_a,map_a_open,RULESET_V3_M1_OWN_FLAG_HOME,73b77ac3a0efb2c33a4498544c96bb702a656cbbfe17af18ec859c6d6b4c2142,True
452,pi_B_specialist_2v2_dual_branch_v1,2508,110128,53,99,,OP3,OPPONENT_POOL,train,map_a_open,-1,0,SCRIPTED:OP7,6,0,0,0,0,240,0.5999999642372131,1,0,0,39,0,0,0,0,0,0,0,0,0,0,0,0,0,0,0,0,,7.727655029296875,-0.5,0.0,-0.00547441840171814,0.0,0.0,0.0,0.0,-0.12468984723091125,map_a,map_a_open,RULESET_V3_M1_OWN_FLAG_HOME,73b77ac3a0efb2c33a4498544c96bb702a656cbbfe17af18ec859c6d6b4c2142,True
453,pi_B_specialist_2v2_dual_branch_v1,2508,110352,53,113,,OP3,OPPONENT_POOL,train,map_a_open,-1,0,SCRIPTED:OP7,6,0,0,1,-1,240,0.6399999856948853,1,0,0,41,0,0,0,0,0,0,0,0,0,0,0,0,0,0,0,0,162.0,7.418998209635417,-1.0,0.0,0.004559814929962158,0.0,0.0,0.0,-0.004000000189989805,-0.24559064209461212,map_a,map_a_open,RULESET_V3_M1_OWN_FLAG_HOME,73b77ac3a0efb2c33a4498544c96bb702a656cbbfe17af18ec859c6d6b4c2142,True
454,pi_B_specialist_2v2_dual_branch_v1,2508,110768,54,11,,OP3,OPPONENT_POOL,train,map_a_open,-1,0,SCRIPTED:OP7,6,0,0,0,0,240,0.47999998927116394,1,0,0,40,0,0,0,0,0,0,0,0,0,0,0,0,0,0,0,0,,7.488058471679688,-0.5,0.0,-0.001328200101852417,0.0,0.0,0.0,-0.00800000037997961,-0.12640328705310822,map_a,map_a_open,RULESET_V3_M1_OWN_FLAG_HOME,73b77ac3a0efb2c33a4498544c96bb702a656cbbfe17af18ec859c6d6b4c2142,True
455,pi_B_specialist_2v2_dual_branch_v1,2508,110960,54,23,,OP3,OPPONENT_POOL,train,map_a_open,-1,0,SCRIPTED:OP7,6,0,0,0,0,240,0.5199999809265137,1,0,0,43,0,0,0,0,0,0,0,0,0,0,0,0,0,0,0,0,,7.436552937825521,-0.5,0.0,-0.0020933449268341064,0.0,0.0,0.0,-0.004000000189989805,-0.12546619772911072,map_a,map_a_open,RULESET_V3_M1_OWN_FLAG_HOME,73b77ac3a0efb2c33a4498544c96bb702a656cbbfe17af18ec859c6d6b4c2142,True
456,pi_B_specialist_2v2_dual_branch_v1,2508,111360,54,48,,OP3,OPPONENT_POOL,train,map_a_open,-1,0,SCRIPTED:OP7,6,0,0,0,0,240,0.5600000023841858,1,0,0,44,0,0,0,0,0,0,0,0,0,0,0,0,0,0,0,0,,7.5877833048502605,-0.5,0.0,-0.002409428358078003,0.0,0.0,0.0,-0.004000000189989805,-0.1254856437444687,map_a,map_a_open,RULESET_V3_M1_OWN_FLAG_HOME,73b77ac3a0efb2c33a4498544c96bb702a656cbbfe17af18ec859c6d6b4c2142,True
457,pi_B_specialist_2v2_dual_branch_v1,2508,111360,54,48,,OP3,OPPONENT_POOL,train,map_a_open,-1,0,SCRIPTED:OP7,6,0,0,0,0,240,0.47999998927116394,1,0,0,54,0,0,0,0,0,0,0,0,0,0,0,0,0,0,0,0,,7.606881713867187,-0.5,0.0,0.002465367317199707,0.0,0.0,0.0,0.0,-0.12420130521059036,map_a,map_a_open,RULESET_V3_M1_OWN_FLAG_HOME,73b77ac3a0efb2c33a4498544c96bb702a656cbbfe17af18ec859c6d6b4c2142,True
458,pi_B_specialist_2v2_dual_branch_v1,2508,111360,54,48,,OP3,OPPONENT_POOL,train,map_a_open,-1,0,SCRIPTED:OP7,6,0,0,0,0,240,0.47999998927116394,1,0,0,29,0,0,0,0,0,0,0,0,0,0,0,0,0,0,0,0,,8.062881978352864,-0.5,0.0,0.00898692011833191,0.0,0.0,0.0,-0.004000000189989805,-0.12478452175855637,map_a,map_a_open,RULESET_V3_M1_OWN_FLAG_HOME,73b77ac3a0efb2c33a4498544c96bb702a656cbbfe17af18ec859c6d6b4c2142,True
459,pi_B_specialist_2v2_dual_branch_v1,2508,111360,54,48,,OP3,OPPONENT_POOL,train,map_a_open,-1,0,SCRIPTED:OP7,6,0,0,0,0,240,0.5199999809265137,1,0,0,43,0,0,0,0,0,0,0,0,0,0,0,0,0,0,0,0,,7.777262878417969,-0.5,0.0,0.0014916062355041504,0.0,0.0,0.0,-0.004000000189989805,-0.12524566054344177,map_a,map_a_open,RULESET_V3_M1_OWN_FLAG_HOME,73b77ac3a0efb2c33a4498544c96bb702a656cbbfe17af18ec859c6d6b4c2142,True
460,pi_B_specialist_2v2_dual_branch_v1,2508,111360,54,48,,OP3,OPPONENT_POOL,train,map_a_open,-1,0,SCRIPTED:OP7,6,0,0,0,0,240,0.5600000023841858,1,0,0,49,0,0,0,0,0,0,0,0,0,0,0,0,0,0,0,0,,7.186370849609375,-0.5,0.0,0.007691383361816406,0.0,0.0,0.0,-0.004000000189989805,-0.12486423552036285,map_a,map_a_open,RULESET_V3_M1_OWN_FLAG_HOME,73b77ac3a0efb2c33a4498544c96bb702a656cbbfe17af18ec859c6d6b4c2142,True
461,pi_B_specialist_2v2_dual_branch_v1,2508,111360,54,48,,OP3,OPPONENT_POOL,train,map_a_open,-1,0,SCRIPTED:OP7,6,0,0,1,-1,240,0.5199999809265137,1,0,0,51,0,0,0,0,0,0,0,0,0,0,0,0,0,0,0,0,37.0,7.929591369628906,-1.0,0.0,0.01777362823486328,0.0,0.0,0.0,-0.004000000189989805,-0.2448144406080246,map_a,map_a_open,RULESET_V3_M1_OWN_FLAG_HOME,73b77ac3a0efb2c33a4498544c96bb702a656cbbfe17af18ec859c6d6b4c2142,True
462,pi_B_specialist_2v2_dual_branch_v1,2508,111360,54,48,,OP3,OPPONENT_POOL,train,map_a_open,-1,0,SCRIPTED:OP7,6,0,0,1,-1,240,0.47999998927116394,1,0,0,53,0,0,0,0,0,0,0,0,0,0,0,0,0,0,0,0,131.0,7.772328186035156,-1.0,0.0,-0.011766314506530762,0.0,0.0,0.0,-0.004000000189989805,-0.24654924869537354,map_a,map_a_open,RULESET_V3_M1_OWN_FLAG_HOME,73b77ac3a0efb2c33a4498544c96bb702a656cbbfe17af18ec859c6d6b4c2142,True
463,pi_B_specialist_2v2_dual_branch_v1,2508,111360,54,48,,OP3,OPPONENT_POOL,train,map_a_open,-1,0,SCRIPTED:OP7,6,0,0,0,0,240,0.6399999856948853,1,0,0,40,0,0,0,0,0,0,0,0,0,0,0,0,0,0,0,0,,7.6682373046875,-0.5,0.0,0.012127280235290527,0.0,0.0,0.0,0.0,-0.12360670417547226,map_a,map_a_open,RULESET_V3_M1_OWN_FLAG_HOME,73b77ac3a0efb2c33a4498544c96bb702a656cbbfe17af18ec859c6d6b4c2142,True
464,pi_B_specialist_2v2_dual_branch_v1,2508,111360,54,48,,OP3,OPPONENT_POOL,train,map_a_open,-1,0,SCRIPTED:OP7,6,0,0,0,0,240,0.5199999809265137,0,1,0,46,0,0,0,0,0,0,0,0,0,0,0,0,0,0,0,0,,7.716727701822917,-0.5,0.0,0.008097082376480103,0.0,0.0,0.0,0.0,-0.12385473400354385,map_a,map_a_open,RULESET_V3_M1_OWN_FLAG_HOME,73b77ac3a0efb2c33a4498544c96bb702a656cbbfe17af18ec859c6d6b4c2142,True
465,pi_B_specialist_2v2_dual_branch_v1,2508,112496,54,119,,OP3,OPPONENT_POOL,train,map_a_open,-1,0,SCRIPTED:OP7,6,0,0,1,-1,240,0.5999999642372131,1,0,0,35,0,0,0,0,0,0,0,0,0,0,0,0,0,0,0,0,94.0,7.57976328531901,-1.0,0.0,-0.006146878004074097,0.0,0.0,0.0,-0.004000000189989805,-0.24621935188770294,map_a,map_a_open,RULESET_V3_M1_OWN_FLAG_HOME,73b77ac3a0efb2c33a4498544c96bb702a656cbbfe17af18ec859c6d6b4c2142,True
466,pi_B_specialist_2v2_dual_branch_v1,2508,113040,55,25,,OP3,OPPONENT_POOL,train,map_a_open,-1,0,SCRIPTED:OP7,6,0,0,0,0,240,0.5199999809265137,1,0,0,55,0,0,0,0,0,0,0,0,0,0,0,0,0,0,0,0,,7.777558390299479,-0.5,0.0,-0.009512186050415039,0.0,0.0,0.0,0.0,-0.12493827939033508,map_a,map_a_open,RULESET_V3_M1_OWN_FLAG_HOME,73b77ac3a0efb2c33a4498544c96bb702a656cbbfe17af18ec859c6d6b4c2142,True
467,pi_B_specialist_2v2_dual_branch_v1,2508,113616,55,61,,OP3,OPPONENT_POOL,train,map_a_open,-1,0,SCRIPTED:OP7,6,0,0,2,-2,240,0.6399999856948853,1,0,0,31,0,0,0,0,0,0,0,0,0,0,0,0,0,0,0,0,109.0,7.849260457356771,-1.0,0.0,0.01066318154335022,0.0,0.0,0.0,-0.00800000037997961,-0.24617181718349457,map_a,map_a_open,RULESET_V3_M1_OWN_FLAG_HOME,73b77ac3a0efb2c33a4498544c96bb702a656cbbfe17af18ec859c6d6b4c2142,True
468,pi_B_specialist_2v2_dual_branch_v1,2508,113968,55,83,,OP3,OPPONENT_POOL,train,map_a_open,-1,0,SCRIPTED:OP7,6,0,0,1,-1,240,0.47999998927116394,0,1,0,38,0,0,0,0,0,0,0,0,0,0,0,0,0,0,0,0,77.0,7.7962702433268225,-1.0,0.0,0.013940513134002686,0.0,0.0,0.0,0.0,-0.2440994530916214,map_a,map_a_open,RULESET_V3_M1_OWN_FLAG_HOME,73b77ac3a0efb2c33a4498544c96bb702a656cbbfe17af18ec859c6d6b4c2142,True
469,pi_B_specialist_2v2_dual_branch_v1,2508,114192,55,97,,OP3,OPPONENT_POOL,train,map_a_open,-1,0,SCRIPTED:OP7,6,0,0,0,0,240,0.5600000023841858,1,0,0,59,0,0,0,0,0,0,0,0,0,0,0,0,0,0,0,0,,7.518534851074219,-0.5,0.0,-0.009812623262405396,0.0,0.0,0.0,-0.004000000189989805,-0.12594102323055267,map_a,map_a_open,RULESET_V3_M1_OWN_FLAG_HOME,73b77ac3a0efb2c33a4498544c96bb702a656cbbfe17af18ec859c6d6b4c2142,True
470,pi_B_specialist_2v2_dual_branch_v1,2508,114608,55,123,,OP3,OPPONENT_POOL,train,map_a_open,-1,0,SCRIPTED:OP7,6,0,0,0,0,240,0.5199999809265137,1,0,0,57,0,0,0,0,0,0,0,0,0,0,0,0,0,0,0,0,,7.77022705078125,-0.5,0.0,0.0028311312198638916,0.0,0.0,0.0,0.0,-0.12417879700660706,map_a,map_a_open,RULESET_V3_M1_OWN_FLAG_HOME,73b77ac3a0efb2c33a4498544c96bb702a656cbbfe17af18ec859c6d6b4c2142,True
471,pi_B_specialist_2v2_dual_branch_v1,2508,114800,56,7,,OP3,OPPONENT_POOL,train,map_a_open,-1,0,SCRIPTED:OP7,6,0,0,0,0,240,0.5199999809265137,1,0,0,42,0,0,0,0,0,0,0,0,0,0,0,0,0,0,0,0,,7.425970967610677,-0.5,0.0,-0.014652281999588013,0.0,0.0,0.0,-0.004000000189989805,-0.12623870372772217,map_a,map_a_open,RULESET_V3_M1_OWN_FLAG_HOME,73b77ac3a0efb2c33a4498544c96bb702a656cbbfe17af18ec859c6d6b4c2142,True
472,pi_B_specialist_2v2_dual_branch_v1,2508,115200,56,32,,OP3,OPPONENT_POOL,train,map_a_open,-1,0,SCRIPTED:OP7,6,0,0,0,0,240,0.5999999642372131,0,1,0,40,0,0,0,0,0,0,0,0,0,0,0,0,0,0,0,0,,7.581490580240885,-0.5,0.0,-0.000304490327835083,0.0,0.0,0.0,0.0,-0.12437174469232559,map_a,map_a_open,RULESET_V3_M1_OWN_FLAG_HOME,73b77ac3a0efb2c33a4498544c96bb702a656cbbfe17af18ec859c6d6b4c2142,True
473,pi_B_specialist_2v2_dual_branch_v1,2508,115200,56,32,,OP3,OPPONENT_POOL,train,map_a_open,-1,0,SCRIPTED:OP7,6,0,0,1,-1,240,0.5600000023841858,1,0,0,34,0,0,0,0,0,0,0,0,0,0,0,0,0,0,0,0,67.0,7.830574544270833,-1.0,0.0,0.015785932540893555,0.0,0.0,0.0,-0.004000000189989805,-0.2449312061071396,map_a,map_a_open,RULESET_V3_M1_OWN_FLAG_HOME,73b77ac3a0efb2c33a4498544c96bb702a656cbbfe17af18ec859c6d6b4c2142,True
474,pi_B_specialist_2v2_dual_branch_v1,2508,115200,56,32,,OP3,OPPONENT_POOL,train,map_a_open,-1,0,SCRIPTED:OP7,6,0,0,0,0,240,0.6399999856948853,0,1,0,40,0,0,0,0,0,0,0,0,0,0,0,0,0,0,0,0,,7.63272705078125,-0.5,0.0,0.0043908655643463135,0.0,0.0,0.0,0.0,-0.12408281862735748,map_a,map_a_open,RULESET_V3_M1_OWN_FLAG_HOME,73b77ac3a0efb2c33a4498544c96bb702a656cbbfe17af18ec859c6d6b4c2142,True
475,pi_B_specialist_2v2_dual_branch_v1,2508,115200,56,32,,OP3,OPPONENT_POOL,train,map_a_open,-1,0,SCRIPTED:OP7,6,0,0,0,0,240,0.5999999642372131,1,0,0,48,0,0,0,0,0,0,0,0,0,0,0,0,0,0,0,0,,7.80359853108724,-0.5,0.0,0.01755848526954651,0.0,0.0,0.0,0.0,-0.12327242642641068,map_a,map_a_open,RULESET_V3_M1_OWN_FLAG_HOME,73b77ac3a0efb2c33a4498544c96bb702a656cbbfe17af18ec859c6d6b4c2142,True
476,pi_B_specialist_2v2_dual_branch_v1,2508,115200,56,32,,OP3,OPPONENT_POOL,train,map_a_open,-1,0,SCRIPTED:OP7,6,0,0,1,-1,240,0.5199999809265137,0,1,0,49,0,0,0,0,0,0,0,0,0,0,0,0,0,0,0,0,185.0,7.380827331542969,-1.0,0.0,-0.02016836404800415,0.0,0.0,0.0,0.0,-0.2461031973361969,map_a,map_a_open,RULESET_V3_M1_OWN_FLAG_HOME,73b77ac3a0efb2c33a4498544c96bb702a656cbbfe17af18ec859c6d6b4c2142,True
477,pi_B_specialist_2v2_dual_branch_v1,2508,115200,56,32,,OP3,OPPONENT_POOL,train,map_a_open,-1,0,SCRIPTED:OP7,6,0,0,0,0,240,0.6399999856948853,1,0,0,35,0,0,0,0,0,0,0,0,0,0,0,0,0,0,0,0,,7.357542419433594,-0.5,0.0,-0.01386868953704834,0.0,0.0,0.0,-0.004000000189989805,-0.12619049847126007,map_a,map_a_open,RULESET_V3_M1_OWN_FLAG_HOME,73b77ac3a0efb2c33a4498544c96bb702a656cbbfe17af18ec859c6d6b4c2142,True
478,pi_B_specialist_2v2_dual_branch_v1,2508,115200,56,32,,OP3,OPPONENT_POOL,train,map_a_open,-1,0,SCRIPTED:OP7,6,0,0,0,0,240,0.5600000023841858,1,0,0,45,0,0,0,0,0,0,0,0,0,0,0,0,0,0,0,0,,7.1550135294596355,-0.5,0.0,0.011336535215377808,0.0,0.0,0.0,0.0,-0.12365537136793137,map_a,map_a_open,RULESET_V3_M1_OWN_FLAG_HOME,73b77ac3a0efb2c33a4498544c96bb702a656cbbfe17af18ec859c6d6b4c2142,True
479,pi_B_specialist_2v2_dual_branch_v1,2508,115200,56,32,,OP3,OPPONENT_POOL,train,map_a_open,-1,0,SCRIPTED:OP7,6,0,0,0,0,240,0.5600000023841858,0,1,0,38,0,0,0,0,0,0,0,0,0,0,0,0,0,0,0,0,,7.968340047200521,-0.5,0.0,6.22868537902832e-06,0.0,0.0,0.0,-0.004000000189989805,-0.12533704936504364,map_a,map_a_open,RULESET_V3_M1_OWN_FLAG_HOME,73b77ac3a0efb2c33a4498544c96bb702a656cbbfe17af18ec859c6d6b4c2142,True
480,pi_B_specialist_2v2_dual_branch_v1,2508,115200,56,32,,OP3,OPPONENT_POOL,train,map_a_open,-1,0,SCRIPTED:OP7,6,0,0,0,0,240,0.5999999642372131,0,1,0,32,0,0,0,0,0,0,0,0,0,0,0,0,0,0,0,0,,8.184490966796876,-0.5,0.0,-0.009118407964706421,0.0,0.0,0.0,-0.004000000189989805,-0.1258983314037323,map_a,map_a_open,RULESET_V3_M1_OWN_FLAG_HOME,73b77ac3a0efb2c33a4498544c96bb702a656cbbfe17af18ec859c6d6b4c2142,True
481,pi_B_specialist_2v2_dual_branch_v1,2508,116336,56,103,,OP3,OPPONENT_POOL,train,map_a_open,-1,0,SCRIPTED:OP7,6,0,0,0,0,240,0.6399999856948853,1,0,0,29,0,0,0,0,0,0,0,0,0,0,0,0,0,0,0,0,,8.118655395507812,-0.5,0.0,0.0007524490356445312,0.0,0.0,0.0,-0.004000000189989805,-0.1252911388874054,map_a,map_a_open,RULESET_V3_M1_OWN_FLAG_HOME,73b77ac3a0efb2c33a4498544c96bb702a656cbbfe17af18ec859c6d6b4c2142,True
482,pi_B_specialist_2v2_dual_branch_v1,2508,116880,57,9,,OP3,OPPONENT_POOL,train,map_a_open,-1,0,SCRIPTED:OP7,6,0,0,0,0,240,0.5600000023841858,1,0,0,49,0,0,0,0,0,0,0,0,0,0,0,0,0,0,0,0,,7.4628148396809895,-0.5,0.0,0.01713840663433075,0.0,0.0,0.0,0.0,-0.1232982873916626,map_a,map_a_open,RULESET_V3_M1_OWN_FLAG_HOME,73b77ac3a0efb2c33a4498544c96bb702a656cbbfe17af18ec859c6d6b4c2142,True
483,pi_B_specialist_2v2_dual_branch_v1,2508,117456,57,45,,OP3,OPPONENT_POOL,train,map_a_open,-1,0,SCRIPTED:OP7,6,0,0,1,-1,240,0.47999998927116394,1,0,0,39,0,0,0,0,0,0,0,0,0,0,0,0,0,0,0,0,67.0,7.730215962727865,-1.0,0.0,-0.001558452844619751,0.0,0.0,0.0,0.0,-0.24501021206378937,map_a,map_a_open,RULESET_V3_M1_OWN_FLAG_HOME,73b77ac3a0efb2c33a4498544c96bb702a656cbbfe17af18ec859c6d6b4c2142,True
484,pi_B_specialist_2v2_dual_branch_v1,2508,117808,57,67,,OP3,OPPONENT_POOL,train,map_a_open,-1,0,SCRIPTED:OP7,6,0,0,1,-1,240,0.5199999809265137,1,0,0,34,0,0,0,0,0,0,0,0,0,0,0,0,0,0,0,0,235.0,7.256986999511719,-1.0,0.0,-0.010997414588928223,0.0,0.0,0.0,0.0,-0.24556463956832886,map_a,map_a_open,RULESET_V3_M1_OWN_FLAG_HOME,73b77ac3a0efb2c33a4498544c96bb702a656cbbfe17af18ec859c6d6b4c2142,True
485,pi_B_specialist_2v2_dual_branch_v1,2508,118032,57,81,,OP3,OPPONENT_POOL,train,map_a_open,-1,0,SCRIPTED:OP7,6,0,0,0,0,240,0.5199999809265137,1,0,0,36,0,0,0,0,0,0,0,0,0,0,0,0,0,0,0,0,,7.717018636067708,-0.5,0.0,0.008478999137878418,0.0,0.0,0.0,0.0,-0.12383122742176056,map_a,map_a_open,RULESET_V3_M1_OWN_FLAG_HOME,73b77ac3a0efb2c33a4498544c96bb702a656cbbfe17af18ec859c6d6b4c2142,True
486,pi_B_specialist_2v2_dual_branch_v1,2508,118448,57,107,,OP3,OPPONENT_POOL,train,map_a_open,-1,0,SCRIPTED:OP7,6,0,0,1,-1,240,0.5199999809265137,0,1,0,34,0,0,0,0,0,0,0,0,0,0,0,0,0,0,0,0,155.0,7.987974548339844,-1.0,0.0,-0.018693000078201294,0.0,0.0,0.0,-0.004000000189989805,-0.24695579707622528,map_a,map_a_open,RULESET_V3_M1_OWN_FLAG_HOME,73b77ac3a0efb2c33a4498544c96bb702a656cbbfe17af18ec859c6d6b4c2142,True
487,pi_B_specialist_2v2_dual_branch_v1,2508,118640,57,119,,OP3,OPPONENT_POOL,train,map_a_open,-1,0,SCRIPTED:OP7,6,0,0,0,0,240,0.5199999809265137,1,0,0,42,0,0,0,0,0,0,0,0,0,0,0,0,0,0,0,0,,7.673970031738281,-0.5,0.0,-0.01949012279510498,0.0,0.0,0.0,-0.004000000189989805,-0.12653623521327972,map_a,map_a_open,RULESET_V3_M1_OWN_FLAG_HOME,73b77ac3a0efb2c33a4498544c96bb702a656cbbfe17af18ec859c6d6b4c2142,True
488,pi_B_specialist_2v2_dual_branch_v1,2508,119040,58,16,,OP3,OPPONENT_POOL,train,map_a_open,-1,0,SCRIPTED:OP7,6,0,0,0,0,240,0.6399999856948853,1,0,0,35,0,0,0,0,0,0,0,0,0,0,0,0,0,0,0,0,,7.887584940592448,-0.5,0.0,0.009693711996078491,0.0,0.0,0.0,-0.004000000189989805,-0.12474104762077332,map_a,map_a_open,RULESET_V3_M1_OWN_FLAG_HOME,73b77ac3a0efb2c33a4498544c96bb702a656cbbfe17af18ec859c6d6b4c2142,True
489,pi_B_specialist_2v2_dual_branch_v1,2508,119040,58,16,,OP3,OPPONENT_POOL,train,map_a_open,-1,0,SCRIPTED:OP7,6,0,0,0,0,240,0.5199999809265137,1,0,0,43,0,0,0,0,0,0,0,0,0,0,0,0,0,0,0,0,,7.5766962687174475,-0.5,0.0,0.008105158805847168,0.0,0.0,0.0,0.0,-0.12385423481464386,map_a,map_a_open,RULESET_V3_M1_OWN_FLAG_HOME,73b77ac3a0efb2c33a4498544c96bb702a656cbbfe17af18ec859c6d6b4c2142,True
490,pi_B_specialist_2v2_dual_branch_v1,2508,119040,58,16,,OP3,OPPONENT_POOL,train,map_a_open,-1,0,SCRIPTED:OP7,6,0,0,0,0,240,0.5600000023841858,1,0,0,37,0,0,0,0,0,0,0,0,0,0,0,0,0,0,0,0,,7.897359212239583,-0.5,0.0,-0.0012173354625701904,0.02499999850988388,0.0,0.0,-0.00800000037997961,-0.12485861778259277,map_a,map_a_open,RULESET_V3_M1_OWN_FLAG_HOME,73b77ac3a0efb2c33a4498544c96bb702a656cbbfe17af18ec859c6d6b4c2142,True
491,pi_B_specialist_2v2_dual_branch_v1,2508,119040,58,16,,OP3,OPPONENT_POOL,train,map_a_open,-1,0,SCRIPTED:OP7,6,0,0,2,-2,240,0.5199999809265137,1,0,0,37,0,0,0,0,0,0,0,0,0,0,0,0,0,0,0,0,35.0,7.751778157552083,-1.0,0.0,-0.0020433515310287476,0.019999999552965164,0.0,0.0,0.0,-0.24386338889598846,map_a,map_a_open,RULESET_V3_M1_OWN_FLAG_HOME,73b77ac3a0efb2c33a4498544c96bb702a656cbbfe17af18ec859c6d6b4c2142,True
492,pi_B_specialist_2v2_dual_branch_v1,2508,119040,58,16,,OP3,OPPONENT_POOL,train,map_a_open,-1,0,SCRIPTED:OP7,6,0,0,1,-1,240,0.47999998927116394,0,1,0,47,0,0,0,0,0,0,0,0,0,0,0,0,0,0,0,0,152.0,7.747783406575521,-1.0,0.0,-0.01831144094467163,0.0,0.0,0.0,-0.004000000189989805,-0.24693341553211212,map_a,map_a_open,RULESET_V3_M1_OWN_FLAG_HOME,73b77ac3a0efb2c33a4498544c96bb702a656cbbfe17af18ec859c6d6b4c2142,True
493,pi_B_specialist_2v2_dual_branch_v1,2508,119040,58,16,,OP3,OPPONENT_POOL,train,map_a_open,-1,0,SCRIPTED:OP7,6,0,0,0,0,240,0.6399999856948853,1,0,0,42,0,0,0,0,0,0,0,0,0,0,0,0,0,0,0,0,,7.669981384277344,-0.5,0.0,-0.0016190409660339355,0.0,0.0,0.0,0.0,-0.1244526356458664,map_a,map_a_open,RULESET_V3_M1_OWN_FLAG_HOME,73b77ac3a0efb2c33a4498544c96bb702a656cbbfe17af18ec859c6d6b4c2142,True
494,pi_B_specialist_2v2_dual_branch_v1,2508,119040,58,16,,OP3,OPPONENT_POOL,train,map_a_open,-1,0,SCRIPTED:OP7,6,0,0,1,-1,240,0.5199999809265137,1,0,0,43,0,0,0,0,0,0,0,0,0,0,0,0,0,0,0,0,36.0,7.906778971354167,-1.0,0.0,-0.006533384323120117,0.0,0.0,0.0,0.0,-0.2453024685382843,map_a,map_a_open,RULESET_V3_M1_OWN_FLAG_HOME,73b77ac3a0efb2c33a4498544c96bb702a656cbbfe17af18ec859c6d6b4c2142,True
495,pi_B_specialist_2v2_dual_branch_v1,2508,119040,58,16,,OP3,OPPONENT_POOL,train,map_a_open,-1,0,SCRIPTED:OP7,6,0,0,0,0,240,0.5199999809265137,1,0,0,57,0,0,0,0,0,0,0,0,0,0,0,0,0,0,0,0,,7.232607523600261,-0.5,0.0,0.003369152545928955,0.0,0.0,0.0,-0.004000000189989805,-0.12513016164302826,map_a,map_a_open,RULESET_V3_M1_OWN_FLAG_HOME,73b77ac3a0efb2c33a4498544c96bb702a656cbbfe17af18ec859c6d6b4c2142,True
496,pi_B_specialist_2v2_dual_branch_v1,2508,119040,58,16,,OP3,OPPONENT_POOL,train,map_a_open,-1,0,SCRIPTED:OP7,6,0,0,0,0,240,0.5999999642372131,1,0,0,31,0,0,0,0,0,0,0,0,0,0,0,0,0,0,0,0,,7.770091756184896,-0.5,0.0,-0.0036419928073883057,0.0,0.0,0.0,-0.00800000037997961,-0.12654557824134827,map_a,map_a_open,RULESET_V3_M1_OWN_FLAG_HOME,73b77ac3a0efb2c33a4498544c96bb702a656cbbfe17af18ec859c6d6b4c2142,True
497,pi_B_specialist_2v2_dual_branch_v1,2508,120176,58,87,,OP3,OPPONENT_POOL,train,map_a_open,-1,0,SCRIPTED:OP7,6,0,0,0,0,240,0.5199999809265137,1,0,0,39,0,0,0,0,0,0,0,0,0,0,0,0,0,0,0,0,,7.940150451660156,-0.5,0.0,0.0053074657917022705,0.014999999664723873,0.0,0.0,-0.004000000189989805,-0.12408795207738876,map_a,map_a_open,RULESET_V3_M1_OWN_FLAG_HOME,73b77ac3a0efb2c33a4498544c96bb702a656cbbfe17af18ec859c6d6b4c2142,True
498,pi_B_specialist_2v2_dual_branch_v1,2508,120720,58,121,,OP3,OPPONENT_POOL,train,map_a_open,-1,0,SCRIPTED:OP7,6,0,0,2,-2,240,0.47999998927116394,0,2,0,34,0,0,0,0,0,0,0,0,0,0,0,0,0,0,0,0,128.0,6.638400268554688,-1.0,0.0,0.01648196578025818,0.0,0.0,0.0,0.0,-0.24395008385181427,map_a,map_a_open,RULESET_V3_M1_OWN_FLAG_HOME,73b77ac3a0efb2c33a4498544c96bb702a656cbbfe17af18ec859c6d6b4c2142,True
499,pi_B_specialist_2v2_dual_branch_v1,2508,121296,59,29,,OP3,OPPONENT_POOL,train,map_a_open,-1,0,SCRIPTED:OP7,6,0,0,0,0,240,0.47999998927116394,0,1,0,59,0,0,0,0,0,0,0,0,0,0,0,0,0,0,0,0,,6.974720764160156,-0.5,0.0,-0.006640046834945679,0.0,0.0,0.0,-0.004000000189989805,-0.12574587762355804,map_a,map_a_open,RULESET_V3_M1_OWN_FLAG_HOME,73b77ac3a0efb2c33a4498544c96bb702a656cbbfe17af18ec859c6d6b4c2142,True
500,pi_B_specialist_2v2_dual_branch_v1,2508,121648,59,51,,OP3,OPPONENT_POOL,train,map_a_open,-1,0,SCRIPTED:OP7,6,0,0,0,0,240,0.5199999809265137,1,0,0,32,0,0,0,0,0,0,0,0,0,0,0,0,0,0,0,0,,8.060633850097656,-0.5,0.0,-0.010499119758605957,0.0,0.0,0.0,-0.004000000189989805,-0.12598326802253723,map_a,map_a_open,RULESET_V3_M1_OWN_FLAG_HOME,73b77ac3a0efb2c33a4498544c96bb702a656cbbfe17af18ec859c6d6b4c2142,True
501,pi_B_specialist_2v2_dual_branch_v1,2508,121872,59,65,,OP3,OPPONENT_POOL,train,map_a_open,-1,0,SCRIPTED:OP7,6,0,0,1,-1,240,0.5600000023841858,1,0,0,58,0,0,0,0,0,0,0,0,0,0,0,0,0,0,0,0,111.0,7.136772155761719,-1.0,0.0,-0.012759298086166382,0.0,0.0,0.0,-0.004000000189989805,-0.24660752713680267,map_a,map_a_open,RULESET_V3_M1_OWN_FLAG_HOME,73b77ac3a0efb2c33a4498544c96bb702a656cbbfe17af18ec859c6d6b4c2142,True
502,pi_B_specialist_2v2_dual_branch_v1,2508,122288,59,91,,OP3,OPPONENT_POOL,train,map_a_open,-1,0,SCRIPTED:OP7,6,0,0,0,0,240,0.5600000023841858,1,0,0,53,0,0,0,0,0,0,0,0,0,0,0,0,0,0,0,0,,7.700323994954427,-0.5,0.0,-0.020792752504348755,0.0,0.0,0.0,-0.004000000189989805,-0.12661634385585785,map_a,map_a_open,RULESET_V3_M1_OWN_FLAG_HOME,73b77ac3a0efb2c33a4498544c96bb702a656cbbfe17af18ec859c6d6b4c2142,True
503,pi_B_specialist_2v2_dual_branch_v1,2508,122480,59,103,,OP3,OPPONENT_POOL,train,map_a_open,-1,0,SCRIPTED:OP7,6,0,0,0,0,240,0.47999998927116394,1,0,0,38,0,0,0,0,0,0,0,0,0,0,0,0,0,0,0,0,,7.708841959635417,-0.5,0.0,0.009099245071411133,0.0,0.0,0.0,0.0,-0.12379305809736252,map_a,map_a_open,RULESET_V3_M1_OWN_FLAG_HOME,73b77ac3a0efb2c33a4498544c96bb702a656cbbfe17af18ec859c6d6b4c2142,True
504,pi_B_specialist_2v2_dual_branch_v1,2508,122880,59,128,,OP3,OPPONENT_POOL,train,map_a_open,-1,0,SCRIPTED:OP7,6,0,0,0,0,240,0.5199999809265137,1,0,0,59,0,0,0,0,0,0,0,0,0,0,0,0,0,0,0,0,,7.005465698242188,-0.5,0.0,-0.014700919389724731,0.0,0.0,0.0,-0.004000000189989805,-0.12624168395996094,map_a,map_a_open,RULESET_V3_M1_OWN_FLAG_HOME,73b77ac3a0efb2c33a4498544c96bb702a656cbbfe17af18ec859c6d6b4c2142,True
505,pi_B_specialist_2v2_dual_branch_v1,2508,122880,59,128,,OP3,OPPONENT_POOL,train,map_a_open,-1,0,SCRIPTED:OP7,6,0,0,0,0,240,0.5999999642372131,0,1,0,47,0,0,0,0,0,0,0,0,0,0,0,0,0,0,0,0,,7.066611735026042,-0.5,0.0,0.007507205009460449,0.0,0.0,0.0,-0.004000000189989805,-0.12487557530403137,map_a,map_a_open,RULESET_V3_M1_OWN_FLAG_HOME,73b77ac3a0efb2c33a4498544c96bb702a656cbbfe17af18ec859c6d6b4c2142,True
506,pi_B_specialist_2v2_dual_branch_v1,2508,122880,59,128,,OP3,OPPONENT_POOL,train,map_a_open,-1,0,SCRIPTED:OP7,6,0,0,1,-1,240,0.5999999642372131,1,0,0,29,0,0,0,0,0,0,0,0,0,0,0,0,0,0,0,0,185.0,7.522493489583334,-1.0,0.0,0.014286845922470093,0.0,0.0,0.0,0.0,-0.2440791130065918,map_a,map_a_open,RULESET_V3_M1_OWN_FLAG_HOME,73b77ac3a0efb2c33a4498544c96bb702a656cbbfe17af18ec859c6d6b4c2142,True
507,pi_B_specialist_2v2_dual_branch_v1,2508,122880,59,128,,OP3,OPPONENT_POOL,train,map_a_open,-1,0,SCRIPTED:OP7,6,0,0,1,-1,240,0.5999999642372131,1,0,0,32,0,0,0,0,0,0,0,0,0,0,0,0,0,0,0,0,65.0,7.350841776529948,-1.0,0.0,-0.009808778762817383,0.0,0.0,0.0,-0.004000000189989805,-0.2464343160390854,map_a,map_a_open,RULESET_V3_M1_OWN_FLAG_HOME,73b77ac3a0efb2c33a4498544c96bb702a656cbbfe17af18ec859c6d6b4c2142,True
508,pi_B_specialist_2v2_dual_branch_v1,2508,122880,59,128,,OP3,OPPONENT_POOL,train,map_a_open,-1,0,SCRIPTED:OP7,6,0,0,1,-1,240,0.47999998927116394,0,1,0,56,0,0,0,0,0,0,0,0,0,0,0,0,0,0,0,0,156.0,7.337426249186198,-1.0,0.0,-0.01983010768890381,0.0,0.0,0.0,-0.004000000189989805,-0.24702253937721252,map_a,map_a_open,RULESET_V3_M1_OWN_FLAG_HOME,73b77ac3a0efb2c33a4498544c96bb702a656cbbfe17af18ec859c6d6b4c2142,True
509,pi_B_specialist_2v2_dual_branch_v1,2508,122880,59,128,,OP3,OPPONENT_POOL,train,map_a_open,-1,0,SCRIPTED:OP7,6,0,0,0,0,240,0.4399999976158142,0,2,0,67,0,0,0,0,0,0,0,0,0,0,0,0,0,0,0,0,,7.147330220540365,-0.5,0.0,0.008062660694122314,0.0,0.0,0.0,0.0,-0.12385685741901398,map_a,map_a_open,RULESET_V3_M1_OWN_FLAG_HOME,73b77ac3a0efb2c33a4498544c96bb702a656cbbfe17af18ec859c6d6b4c2142,True
510,pi_B_specialist_2v2_dual_branch_v1,2508,122880,59,128,,OP3,OPPONENT_POOL,train,map_a_open,-1,0,SCRIPTED:OP7,6,0,0,0,0,240,0.5600000023841858,1,0,0,28,0,0,0,0,0,0,0,0,0,0,0,0,0,0,0,0,,7.711240132649739,-0.5,0.0,0.008067071437835693,0.0,0.0,0.0,0.0,-0.1238565742969513,map_a,map_a_open,RULESET_V3_M1_OWN_FLAG_HOME,73b77ac3a0efb2c33a4498544c96bb702a656cbbfe17af18ec859c6d6b4c2142,True
511,pi_B_specialist_2v2_dual_branch_v1,2508,122880,59,128,,OP3,OPPONENT_POOL,train,map_a_open,-1,0,SCRIPTED:OP7,6,0,0,0,0,240,0.47999998927116394,1,0,0,14,0,0,0,0,0,0,0,0,0,0,0,0,0,0,0,0,,9.584475708007812,-0.5,0.0,0.00317499041557312,0.04062499850988388,0.0,0.0,-0.004000000189989805,-0.12264201045036316,map_a,map_a_open,RULESET_V3_M1_OWN_FLAG_HOME,73b77ac3a0efb2c33a4498544c96bb702a656cbbfe17af18ec859c6d6b4c2142,True
512,pi_B_specialist_2v2_dual_branch_v1,2508,122880,59,128,,OP3,OPPONENT_POOL,train,map_a_open,-1,0,SCRIPTED:OP7,6,0,0,1,-1,240,0.5999999642372131,0,1,0,33,0,0,0,0,0,0,0,0,0,0,0,0,0,0,0,0,36.0,7.382295227050781,-1.0,0.0,0.01531827449798584,0.0,0.0,0.0,-0.004000000189989805,-0.24495868384838104,map_a,map_a_open,RULESET_V3_M1_OWN_FLAG_HOME,73b77ac3a0efb2c33a4498544c96bb702a656cbbfe17af18ec859c6d6b4c2142,True
513,pi_B_specialist_2v2_dual_branch_v1,2508,124016,60,71,,OP3,OPPONENT_POOL,train,map_a_open,-1,0,SCRIPTED:OP7,6,0,0,0,0,240,0.6399999856948853,1,0,0,26,0,0,0,0,0,0,0,0,0,0,0,0,0,0,0,0,,9.336745198567709,-0.5,0.0,0.0019702166318893433,0.04062499850988388,0.0,0.0,0.0,-0.12173110991716385,map_a,map_a_open,RULESET_V3_M1_OWN_FLAG_HOME,73b77ac3a0efb2c33a4498544c96bb702a656cbbfe17af18ec859c6d6b4c2142,True
514,pi_B_specialist_2v2_dual_branch_v1,2508,124560,60,105,,OP3,OPPONENT_POOL,train,map_a_open,-1,0,SCRIPTED:OP7,6,0,0,0,0,240,0.5199999809265137,1,0,0,43,0,0,0,0,0,0,0,0,0,0,0,0,0,0,0,0,,7.5467992146809895,-0.5,0.0,0.006360560655593872,0.0,0.0,0.0,0.0,-0.12396160513162613,map_a,map_a_open,RULESET_V3_M1_OWN_FLAG_HOME,73b77ac3a0efb2c33a4498544c96bb702a656cbbfe17af18ec859c6d6b4c2142,True
515,pi_B_specialist_2v2_dual_branch_v1,2508,125136,61,13,,OP3,OPPONENT_POOL,train,map_a_open,-1,0,SCRIPTED:OP7,6,0,0,0,0,240,0.5199999809265137,1,0,0,50,0,0,0,0,0,0,0,0,0,0,0,0,0,0,0,0,,7.416992696126302,-0.5,0.0,-0.0014996826648712158,0.0,0.0,0.0,-0.00800000037997961,-0.12641382217407227,map_a,map_a_open,RULESET_V3_M1_OWN_FLAG_HOME,73b77ac3a0efb2c33a4498544c96bb702a656cbbfe17af18ec859c6d6b4c2142,True
516,pi_B_specialist_2v2_dual_branch_v1,2508,125488,61,35,,OP3,OPPONENT_POOL,train,map_a_open,-1,0,SCRIPTED:OP7,6,0,0,1,-1,240,0.5600000023841858,0,1,0,38,0,0,0,0,0,0,0,0,0,0,0,0,0,0,0,0,217.0,8.362941487630208,-1.0,0.0,0.0008987188339233398,0.0,0.0,0.0,0.0,-0.24486584961414337,map_a,map_a_open,RULESET_V3_M1_OWN_FLAG_HOME,73b77ac3a0efb2c33a4498544c96bb702a656cbbfe17af18ec859c6d6b4c2142,True
517,pi_B_specialist_2v2_dual_branch_v1,2508,125712,61,49,,OP3,OPPONENT_POOL,train,map_a_open,-1,0,SCRIPTED:OP7,6,0,0,1,-1,240,0.6399999856948853,1,0,0,24,0,0,0,0,0,0,0,0,0,0,0,0,0,0,0,0,148.0,7.769802856445312,-1.0,0.0,-0.007400006055831909,0.0,0.0,0.0,-0.004000000189989805,-0.24629291892051697,map_a,map_a_open,RULESET_V3_M1_OWN_FLAG_HOME,73b77ac3a0efb2c33a4498544c96bb702a656cbbfe17af18ec859c6d6b4c2142,True
518,pi_B_specialist_2v2_dual_branch_v1,2508,126128,61,75,,OP3,OPPONENT_POOL,train,map_a_open,-1,0,SCRIPTED:OP7,6,0,0,0,0,240,0.5600000023841858,1,0,0,39,0,0,0,0,0,0,0,0,0,0,0,0,0,0,0,0,,7.585860188802084,-0.5,0.0,-0.004535675048828125,0.0,0.0,0.0,0.0,-0.1246320977807045,map_a,map_a_open,RULESET_V3_M1_OWN_FLAG_HOME,73b77ac3a0efb2c33a4498544c96bb702a656cbbfe17af18ec859c6d6b4c2142,True
519,pi_B_specialist_2v2_dual_branch_v1,2508,126320,61,87,,OP3,OPPONENT_POOL,train,map_a_open,-1,0,SCRIPTED:OP7,6,0,0,0,0,240,0.5999999642372131,1,0,0,36,0,0,0,0,0,0,0,0,0,0,0,0,0,0,0,0,,8.09002685546875,-0.5,0.0,-0.004839569330215454,0.0,0.0,0.0,0.0,-0.12465079873800278,map_a,map_a_open,RULESET_V3_M1_OWN_FLAG_HOME,73b77ac3a0efb2c33a4498544c96bb702a656cbbfe17af18ec859c6d6b4c2142,True
520,pi_B_specialist_2v2_dual_branch_v1,2508,126720,61,112,,OP3,OPPONENT_POOL,train,map_a_open,-1,0,SCRIPTED:OP7,6,0,0,0,0,240,0.3999999761581421,1,0,0,56,0,0,0,0,0,0,0,0,0,0,0,0,0,0,0,0,,7.426675923665365,-0.5,0.0,-0.0057311952114105225,0.0,0.0,0.0,0.0,-0.12470564991235733,map_a,map_a_open,RULESET_V3_M1_OWN_FLAG_HOME,73b77ac3a0efb2c33a4498544c96bb702a656cbbfe17af18ec859c6d6b4c2142,True
521,pi_B_specialist_2v2_dual_branch_v1,2508,126720,61,112,,OP3,OPPONENT_POOL,train,map_a_open,-1,0,SCRIPTED:OP7,6,0,0,0,0,240,0.47999998927116394,1,0,0,43,0,0,0,0,0,0,0,0,0,0,0,0,0,0,0,0,,7.668927510579427,-0.5,0.0,-0.010175585746765137,0.0,0.0,0.0,-0.004000000189989805,-0.12596334517002106,map_a,map_a_open,RULESET_V3_M1_OWN_FLAG_HOME,73b77ac3a0efb2c33a4498544c96bb702a656cbbfe17af18ec859c6d6b4c2142,True
522,pi_B_specialist_2v2_dual_branch_v1,2508,126720,61,112,,OP3,OPPONENT_POOL,train,map_a_open,-1,0,SCRIPTED:OP7,6,0,0,0,0,240,0.5999999642372131,0,1,0,30,0,0,0,0,0,0,0,0,0,0,0,0,0,0,0,0,,8.161159261067708,-0.5,0.0,-0.011648029088973999,0.0,0.0,0.0,0.0,-0.12506967782974243,map_a,map_a_open,RULESET_V3_M1_OWN_FLAG_HOME,73b77ac3a0efb2c33a4498544c96bb702a656cbbfe17af18ec859c6d6b4c2142,True
523,pi_B_specialist_2v2_dual_branch_v1,2508,126720,61,112,,OP3,OPPONENT_POOL,train,map_a_open,-1,0,SCRIPTED:OP7,6,0,0,0,0,240,0.5999999642372131,0,1,0,61,0,0,0,0,0,0,0,0,0,0,0,0,0,0,0,0,,7.7237299601236975,-0.5,0.0,-0.0024437904357910156,0.0,0.0,0.0,-0.004000000189989805,-0.12548775970935822,map_a,map_a_open,RULESET_V3_M1_OWN_FLAG_HOME,73b77ac3a0efb2c33a4498544c96bb702a656cbbfe17af18ec859c6d6b4c2142,True
524,pi_B_specialist_2v2_dual_branch_v1,2508,126720,61,112,,OP3,OPPONENT_POOL,train,map_a_open,-1,0,SCRIPTED:OP7,6,0,0,0,0,240,0.5999999642372131,0,1,0,39,0,0,0,0,0,0,0,0,0,0,0,0,0,0,0,0,,7.320928955078125,-0.5,0.0,0.0008528530597686768,0.0,0.0,0.0,0.0,-0.1243005320429802,map_a,map_a_open,RULESET_V3_M1_OWN_FLAG_HOME,73b77ac3a0efb2c33a4498544c96bb702a656cbbfe17af18ec859c6d6b4c2142,True
525,pi_B_specialist_2v2_dual_branch_v1,2508,126720,61,112,,OP3,OPPONENT_POOL,train,map_a_open,-1,0,SCRIPTED:OP7,6,0,0,1,-1,240,0.5199999809265137,1,0,0,45,0,0,0,0,0,0,0,0,0,0,0,0,0,0,0,0,210.0,8.237869771321614,-1.0,0.0,0.013940900564193726,0.0,0.0,0.0,-0.004000000189989805,-0.24503961205482483,map_a,map_a_open,RULESET_V3_M1_OWN_FLAG_HOME,73b77ac3a0efb2c33a4498544c96bb702a656cbbfe17af18ec859c6d6b4c2142,True
526,pi_B_specialist_2v2_dual_branch_v1,2508,126720,61,112,,OP3,OPPONENT_POOL,train,map_a_open,-1,0,SCRIPTED:OP7,6,0,0,1,-1,240,0.5199999809265137,1,0,0,34,0,0,0,0,0,0,0,0,0,0,0,0,0,0,0,0,209.0,7.667339070638021,-1.0,0.0,0.013367444276809692,0.0,0.0,0.0,-0.004000000189989805,-0.24507328867912292,map_a,map_a_open,RULESET_V3_M1_OWN_FLAG_HOME,73b77ac3a0efb2c33a4498544c96bb702a656cbbfe17af18ec859c6d6b4c2142,True
527,pi_B_specialist_2v2_dual_branch_v1,2508,126720,61,112,,OP3,OPPONENT_POOL,train,map_a_open,-1,0,SCRIPTED:OP7,6,0,0,1,-1,240,0.5199999809265137,0,1,0,42,0,0,0,0,0,0,0,0,0,0,0,0,0,0,0,0,196.0,7.654310099283854,-1.0,0.0,-0.010895997285842896,0.0,0.0,0.0,0.0,-0.2455587089061737,map_a,map_a_open,RULESET_V3_M1_OWN_FLAG_HOME,73b77ac3a0efb2c33a4498544c96bb702a656cbbfe17af18ec859c6d6b4c2142,True
528,pi_B_specialist_2v2_dual_branch_v1,2508,126720,61,112,,OP3,OPPONENT_POOL,train,map_a_open,-1,0,SCRIPTED:OP7,6,0,0,0,0,240,0.6399999856948853,1,0,0,42,0,0,0,0,0,0,0,0,0,0,0,0,0,0,0,0,,7.617774963378906,-0.5,0.0,0.005880862474441528,0.0,0.0,0.0,-0.004000000189989805,-0.12497562915086746,map_a,map_a_open,RULESET_V3_M1_OWN_FLAG_HOME,73b77ac3a0efb2c33a4498544c96bb702a656cbbfe17af18ec859c6d6b4c2142,True
529,pi_B_specialist_2v2_dual_branch_v1,2508,127856,62,55,,OP3,OPPONENT_POOL,train,map_a_open,-1,0,SCRIPTED:OP7,6,0,0,0,0,240,0.47999998927116394,1,0,0,35,0,0,0,0,0,0,0,0,0,0,0,0,0,0,0,0,,7.037008666992188,-0.5,0.0,-0.013534992933273315,0.0,0.0,0.0,-0.004000000189989805,-0.12616997957229614,map_a,map_a_open,RULESET_V3_M1_OWN_FLAG_HOME,73b77ac3a0efb2c33a4498544c96bb702a656cbbfe17af18ec859c6d6b4c2142,True
530,pi_B_specialist_2v2_dual_branch_v1,2508,128400,62,89,,OP3,OPPONENT_POOL,train,map_a_open,-1,0,SCRIPTED:OP7,6,0,0,1,-1,240,0.6399999856948853,1,0,0,45,0,0,0,0,0,0,0,0,0,0,0,0,0,0,0,0,35.0,7.273151652018229,-1.0,0.0,-0.020493924617767334,0.0,0.0,0.0,-0.004000000189989805,-0.24706149101257324,map_a,map_a_open,RULESET_V3_M1_OWN_FLAG_HOME,73b77ac3a0efb2c33a4498544c96bb702a656cbbfe17af18ec859c6d6b4c2142,True
531,pi_B_specialist_2v2_dual_branch_v1,2508,128976,62,125,,OP3,OPPONENT_POOL,train,map_a_open,-1,0,SCRIPTED:OP7,6,0,0,0,0,240,0.5999999642372131,0,1,0,37,0,0,0,0,0,0,0,0,0,0,0,0,0,0,0,0,,7.09528554280599,-0.5,0.0,0.0028877034783363342,0.0,0.0,0.0,0.0,-0.1241753101348877,map_a,map_a_open,RULESET_V3_M1_OWN_FLAG_HOME,73b77ac3a0efb2c33a4498544c96bb702a656cbbfe17af18ec859c6d6b4c2142,True
532,pi_B_specialist_2v2_dual_branch_v1,2508,129328,63,19,,OP3,OPPONENT_POOL,train,map_a_open,-1,0,SCRIPTED:OP7,6,0,0,1,-1,240,0.5600000023841858,0,1,0,58,0,0,0,0,0,0,0,0,0,0,0,0,0,0,0,0,196.0,7.108426411946614,-1.0,0.0,-0.014503702521324158,0.0,0.0,0.0,-0.004000000189989805,-0.2467099130153656,map_a,map_a_open,RULESET_V3_M1_OWN_FLAG_HOME,73b77ac3a0efb2c33a4498544c96bb702a656cbbfe17af18ec859c6d6b4c2142,True
533,pi_B_specialist_2v2_dual_branch_v1,2508,129552,63,33,,OP3,OPPONENT_POOL,train,map_a_open,-1,0,SCRIPTED:OP7,6,0,0,1,-1,240,0.5999999642372131,1,0,0,54,0,0,0,0,0,0,0,0,0,0,0,0,0,0,0,0,150.0,7.286534118652344,-1.0,0.0,0.0035345852375030518,0.0,0.0,0.0,0.0,-0.2447109818458557,map_a,map_a_open,RULESET_V3_M1_OWN_FLAG_HOME,73b77ac3a0efb2c33a4498544c96bb702a656cbbfe17af18ec859c6d6b4c2142,True
534,pi_B_specialist_2v2_dual_branch_v1,2508,129968,63,59,,OP3,OPPONENT_POOL,train,map_a_open,-1,0,SCRIPTED:OP7,6,0,0,1,-1,240,0.5600000023841858,0,1,0,47,0,0,0,0,0,0,0,0,0,0,0,0,0,0,0,0,67.0,7.894974772135416,-1.0,0.0,-0.000564277172088623,0.0,0.0,0.0,0.0,-0.24495179951190948,map_a,map_a_open,RULESET_V3_M1_OWN_FLAG_HOME,73b77ac3a0efb2c33a4498544c96bb702a656cbbfe17af18ec859c6d6b4c2142,True
535,pi_B_specialist_2v2_dual_branch_v1,2508,130160,63,71,,OP3,OPPONENT_POOL,train,map_a_open,-1,0,SCRIPTED:OP7,6,0,0,0,0,240,0.47999998927116394,1,0,0,38,0,0,0,0,0,0,0,0,0,0,0,0,0,0,0,0,,7.532729085286459,-0.5,0.0,-0.012260526418685913,0.0,0.0,0.0,-0.004000000189989805,-0.1260915845632553,map_a,map_a_open,RULESET_V3_M1_OWN_FLAG_HOME,73b77ac3a0efb2c33a4498544c96bb702a656cbbfe17af18ec859c6d6b4c2142,True
536,pi_B_specialist_2v2_dual_branch_v1,2508,130560,63,96,,OP3,OPPONENT_POOL,train,map_a_open,-1,0,SCRIPTED:OP7,6,1,1,0,1,240,0.5999999642372131,0,2,0,42,0,0,0,0,0,0,0,0,0,0,0,0,0,0,0,0,65.0,7.288329569498698,1.0,0.0,0.0013503432273864746,0.0,0.0,0.0,0.0,0.2449979931116104,map_a,map_a_open,RULESET_V3_M1_OWN_FLAG_HOME,73b77ac3a0efb2c33a4498544c96bb702a656cbbfe17af18ec859c6d6b4c2142,True
537,pi_B_specialist_2v2_dual_branch_v1,2508,130560,63,96,,OP3,OPPONENT_POOL,train,map_a_open,-1,0,SCRIPTED:OP7,6,0,0,0,0,240,0.5999999642372131,1,0,0,44,0,0,0,0,0,0,0,0,0,0,0,0,0,0,0,0,,7.789396158854166,-0.5,0.0,0.0006037652492523193,0.0,0.0,0.0,0.0,-0.12431585788726807,map_a,map_a_open,RULESET_V3_M1_OWN_FLAG_HOME,73b77ac3a0efb2c33a4498544c96bb702a656cbbfe17af18ec859c6d6b4c2142,True
538,pi_B_specialist_2v2_dual_branch_v1,2508,130560,63,96,,OP3,OPPONENT_POOL,train,map_a_open,-1,0,SCRIPTED:OP7,6,0,0,0,0,240,0.5199999809265137,1,0,0,25,0,0,0,0,0,0,0,0,0,0,0,0,0,0,0,0,,8.599772135416666,-0.5,0.0,0.010400712490081787,0.014999942854046822,0.0,0.0,0.0,-0.12278971076011658,map_a,map_a_open,RULESET_V3_M1_OWN_FLAG_HOME,73b77ac3a0efb2c33a4498544c96bb702a656cbbfe17af18ec859c6d6b4c2142,True
539,pi_B_specialist_2v2_dual_branch_v1,2508,130560,63,96,,OP3,OPPONENT_POOL,train,map_a_open,-1,0,SCRIPTED:OP7,6,0,0,0,0,240,0.5999999642372131,1,0,0,28,0,0,0,0,0,0,0,0,0,0,0,0,0,0,0,0,,7.5383544921875,-0.5,0.0,-0.00892290472984314,0.0,0.0,0.0,0.0,-0.12490202486515045,map_a,map_a_open,RULESET_V3_M1_OWN_FLAG_HOME,73b77ac3a0efb2c33a4498544c96bb702a656cbbfe17af18ec859c6d6b4c2142,True
540,pi_B_specialist_2v2_dual_branch_v1,2508,130560,63,96,,OP3,OPPONENT_POOL,train,map_a_open,-1,0,SCRIPTED:OP7,6,1,1,0,1,240,0.47999998927116394,1,0,0,28,0,0,0,0,0,0,0,0,0,0,0,0,0,0,0,0,142.0,8.13416239420573,1.0,0.0,0.0040165334939956665,0.005624999292194843,0.0,0.0,0.0,0.24548502266407013,map_a,map_a_open,RULESET_V3_M1_OWN_FLAG_HOME,73b77ac3a0efb2c33a4498544c96bb702a656cbbfe17af18ec859c6d6b4c2142,True
541,pi_B_specialist_2v2_dual_branch_v1,2508,130560,63,96,,OP3,OPPONENT_POOL,train,map_a_open,-1,0,SCRIPTED:OP7,6,0,0,0,0,240,0.6800000071525574,1,0,0,52,0,0,0,0,0,0,0,0,0,0,0,0,0,0,0,0,,7.558705647786458,-0.5,0.0,0.017384320497512817,0.0,0.0,0.0,0.0,-0.12328314781188965,map_a,map_a_open,RULESET_V3_M1_OWN_FLAG_HOME,73b77ac3a0efb2c33a4498544c96bb702a656cbbfe17af18ec859c6d6b4c2142,True
542,pi_B_specialist_2v2_dual_branch_v1,2508,130560,63,96,,OP3,OPPONENT_POOL,train,map_a_open,-1,0,SCRIPTED:OP7,6,0,0,1,-1,240,0.5199999809265137,1,0,0,38,0,0,0,0,0,0,0,0,0,0,0,0,0,0,0,0,37.0,7.464408365885417,-1.0,0.0,-0.0017182528972625732,0.0,0.0,0.0,-0.00800000037997961,-0.2468986064195633,map_a,map_a_open,RULESET_V3_M1_OWN_FLAG_HOME,73b77ac3a0efb2c33a4498544c96bb702a656cbbfe17af18ec859c6d6b4c2142,True
543,pi_B_specialist_2v2_dual_branch_v1,2508,130560,63,96,,OP3,OPPONENT_POOL,train,map_a_open,-1,0,SCRIPTED:OP7,6,0,0,0,0,240,0.3999999761581421,1,0,0,60,0,0,0,0,0,0,0,0,0,0,0,0,0,0,0,0,,7.722340393066406,-0.5,0.0,-0.010222941637039185,0.0,0.0,0.0,-0.004000000189989805,-0.12596626579761505,map_a,map_a_open,RULESET_V3_M1_OWN_FLAG_HOME,73b77ac3a0efb2c33a4498544c96bb702a656cbbfe17af18ec859c6d6b4c2142,True
544,pi_B_specialist_2v2_dual_branch_v1,2508,130560,63,96,,OP3,OPPONENT_POOL,train,map_a_open,-1,0,SCRIPTED:OP7,6,0,0,0,0,240,0.5600000023841858,1,0,0,52,0,0,0,0,0,0,0,0,0,0,0,0,0,0,0,0,,7.721254475911459,-0.5,0.0,-0.0007207095623016357,0.0,0.0,0.0,0.0,-0.12439735978841782,map_a,map_a_open,RULESET_V3_M1_OWN_FLAG_HOME,73b77ac3a0efb2c33a4498544c96bb702a656cbbfe17af18ec859c6d6b4c2142,True
545,pi_B_specialist_2v2_dual_branch_v1,2508,131696,64,39,,OP3,OPPONENT_POOL,train,map_a_open,-1,0,SCRIPTED:OP7,6,0,0,0,0,240,0.6399999856948853,0,1,0,43,0,0,0,0,0,0,0,0,0,0,0,0,0,0,0,0,,7.911041259765625,-0.5,0.0,0.001740187406539917,0.0,0.0,0.0,0.0,-0.12424592673778534,map_a,map_a_open,RULESET_V3_M1_OWN_FLAG_HOME,73b77ac3a0efb2c33a4498544c96bb702a656cbbfe17af18ec859c6d6b4c2142,True
546,pi_B_specialist_2v2_dual_branch_v1,2508,132240,64,73,,OP3,OPPONENT_POOL,train,map_a_open,-1,0,SCRIPTED:OP7,6,0,0,0,0,240,0.5999999642372131,0,2,0,37,0,0,0,0,0,0,0,0,0,0,0,0,0,0,0,0,,7.985626220703125,-0.5,0.0,-0.014905422925949097,0.0,0.0,0.0,-0.004000000189989805,-0.12625427544116974,map_a,map_a_open,RULESET_V3_M1_OWN_FLAG_HOME,73b77ac3a0efb2c33a4498544c96bb702a656cbbfe17af18ec859c6d6b4c2142,True
547,pi_B_specialist_2v2_dual_branch_v1,2508,132816,64,109,,OP3,OPPONENT_POOL,train,map_a_open,-1,0,SCRIPTED:OP7,6,0,0,2,-2,240,0.5199999809265137,1,0,0,42,0,0,0,0,0,0,0,0,0,0,0,0,0,0,0,0,38.0,7.768190002441406,-1.0,0.0,0.0016017556190490723,0.0,0.0,0.0,0.0,-0.24482455849647522,map_a,map_a_open,RULESET_V3_M1_OWN_FLAG_HOME,73b77ac3a0efb2c33a4498544c96bb702a656cbbfe17af18ec859c6d6b4c2142,True
548,pi_B_specialist_2v2_dual_branch_v1,2508,133168,65,3,,OP3,OPPONENT_POOL,train,map_a_open,-1,0,SCRIPTED:OP7,6,0,0,0,0,240,0.5999999642372131,1,0,0,60,0,0,0,0,0,0,0,0,0,0,0,0,0,0,0,0,,6.89119618733724,-0.5,0.0,0.0023145675659179688,0.0,0.0,0.0,0.0,-0.12421058118343353,map_a,map_a_open,RULESET_V3_M1_OWN_FLAG_HOME,73b77ac3a0efb2c33a4498544c96bb702a656cbbfe17af18ec859c6d6b4c2142,True
549,pi_B_specialist_2v2_dual_branch_v1,2508,133392,65,17,,OP3,OPPONENT_POOL,train,map_a_open,-1,0,SCRIPTED:OP7,6,0,0,1,-1,240,0.5999999642372131,1,0,0,29,0,0,0,0,0,0,0,0,0,0,0,0,0,0,0,0,212.0,7.616773986816407,-1.0,0.0,0.011866122484207153,0.0,0.0,0.0,0.0,-0.24422138929367065,map_a,map_a_open,RULESET_V3_M1_OWN_FLAG_HOME,73b77ac3a0efb2c33a4498544c96bb702a656cbbfe17af18ec859c6d6b4c2142,True
550,pi_B_specialist_2v2_dual_branch_v1,2508,133808,65,43,,OP3,OPPONENT_POOL,train,map_a_open,-1,0,SCRIPTED:OP7,6,0,0,1,-1,240,0.47999998927116394,1,0,0,28,0,0,0,0,0,0,0,0,0,0,0,0,0,0,0,0,205.0,7.6592259724934895,-1.0,0.0,0.015477895736694336,0.0,0.0,0.0,-0.004000000189989805,-0.24494929611682892,map_a,map_a_open,RULESET_V3_M1_OWN_FLAG_HOME,73b77ac3a0efb2c33a4498544c96bb702a656cbbfe17af18ec859c6d6b4c2142,True
551,pi_B_specialist_2v2_dual_branch_v1,2508,134000,65,55,,OP3,OPPONENT_POOL,train,map_a_open,-1,0,SCRIPTED:OP7,6,0,0,1,-1,240,0.6399999856948853,1,0,0,37,0,0,0,0,0,0,0,0,0,0,0,0,0,0,0,0,210.0,7.898261515299479,-1.0,0.0,-0.019649893045425415,0.0,0.0,0.0,-0.00800000037997961,-0.2479507327079773,map_a,map_a_open,RULESET_V3_M1_OWN_FLAG_HOME,73b77ac3a0efb2c33a4498544c96bb702a656cbbfe17af18ec859c6d6b4c2142,True
552,pi_B_specialist_2v2_dual_branch_v1,2508,134400,65,80,,OP3,OPPONENT_POOL,train,map_a_open,-1,0,SCRIPTED:OP7,6,0,0,1,-1,240,0.5600000023841858,1,0,0,45,0,0,0,0,0,0,0,0,0,0,0,0,0,0,0,0,53.0,7.3482309977213545,-1.0,0.0,-0.0007767677307128906,-8.729973188792428e-08,0.0,0.0,0.0,-0.24496428668498993,map_a,map_a_open,RULESET_V3_M1_OWN_FLAG_HOME,73b77ac3a0efb2c33a4498544c96bb702a656cbbfe17af18ec859c6d6b4c2142,True
553,pi_B_specialist_2v2_dual_branch_v1,2508,134400,65,80,,OP3,OPPONENT_POOL,train,map_a_open,-1,0,SCRIPTED:OP7,6,0,0,0,0,240,0.4399999976158142,1,0,0,38,0,0,0,0,0,0,0,0,0,0,0,0,0,0,0,0,,7.070133972167969,-0.5,0.0,-0.017102152109146118,0.0,0.0,0.0,-0.004000000189989805,-0.12638938426971436,map_a,map_a_open,RULESET_V3_M1_OWN_FLAG_HOME,73b77ac3a0efb2c33a4498544c96bb702a656cbbfe17af18ec859c6d6b4c2142,True
554,pi_B_specialist_2v2_dual_branch_v1,2508,134400,65,80,,OP3,OPPONENT_POOL,train,map_a_open,-1,0,SCRIPTED:OP7,6,0,1,1,0,240,0.5199999809265137,0,1,0,53,0,0,0,0,0,0,0,0,0,0,0,0,0,0,0,0,96.0,7.176579284667969,-0.5,0.0,-0.00646662712097168,0.0,0.0,0.0,-0.004000000189989805,-0.12573522329330444,map_a,map_a_open,RULESET_V3_M1_OWN_FLAG_HOME,73b77ac3a0efb2c33a4498544c96bb702a656cbbfe17af18ec859c6d6b4c2142,True
555,pi_B_specialist_2v2_dual_branch_v1,2508,134400,65,80,,OP3,OPPONENT_POOL,train,map_a_open,-1,0,SCRIPTED:OP7,6,0,0,0,0,240,0.5999999642372131,1,0,0,40,0,0,0,0,0,0,0,0,0,0,0,0,0,0,0,0,,6.877460225423177,-0.5,0.0,0.01724490523338318,0.0,0.0,0.0,0.0,-0.12329172343015671,map_a,map_a_open,RULESET_V3_M1_OWN_FLAG_HOME,73b77ac3a0efb2c33a4498544c96bb702a656cbbfe17af18ec859c6d6b4c2142,True
556,pi_B_specialist_2v2_dual_branch_v1,2508,134400,65,80,,OP3,OPPONENT_POOL,train,map_a_open,-1,0,SCRIPTED:OP7,6,0,0,0,0,240,0.5600000023841858,0,1,0,38,0,0,0,0,0,0,0,0,0,0,0,0,0,0,0,0,,7.810154215494792,-0.5,0.0,0.0174868106842041,0.0,0.0,0.0,-0.004000000189989805,-0.1242615208029747,map_a,map_a_open,RULESET_V3_M1_OWN_FLAG_HOME,73b77ac3a0efb2c33a4498544c96bb702a656cbbfe17af18ec859c6d6b4c2142,True
557,pi_B_specialist_2v2_dual_branch_v1,2508,134400,65,80,,OP3,OPPONENT_POOL,train,map_a_open,-1,0,SCRIPTED:OP7,6,0,0,0,0,240,0.5199999809265137,1,0,0,38,0,0,0,0,0,0,0,0,0,0,0,0,0,0,0,0,,7.6514333089192705,-0.5,0.0,0.002332836389541626,0.0,0.0,0.0,0.0,-0.1242094561457634,map_a,map_a_open,RULESET_V3_M1_OWN_FLAG_HOME,73b77ac3a0efb2c33a4498544c96bb702a656cbbfe17af18ec859c6d6b4c2142,True
558,pi_B_specialist_2v2_dual_branch_v1,2508,134400,65,80,,OP3,OPPONENT_POOL,train,map_a_open,-1,0,SCRIPTED:OP7,6,0,0,0,0,240,0.5600000023841858,1,0,0,7,0,0,0,0,0,0,0,0,0,0,0,0,0,0,0,0,,9.993211873372395,-0.5,0.0,-0.0037738531827926636,0.04062499850988388,0.0,0.0,0.0,-0.12208478152751923,map_a,map_a_open,RULESET_V3_M1_OWN_FLAG_HOME,73b77ac3a0efb2c33a4498544c96bb702a656cbbfe17af18ec859c6d6b4c2142,True
559,pi_B_specialist_2v2_dual_branch_v1,2508,134400,65,80,,OP3,OPPONENT_POOL,train,map_a_open,-1,0,SCRIPTED:OP7,6,0,0,0,0,240,0.5199999809265137,1,0,0,39,0,0,0,0,0,0,0,0,0,0,0,0,0,0,0,0,,7.38028564453125,-0.5,0.0,-0.0015924274921417236,0.0,0.0,0.0,-0.004000000189989805,-0.12543538212776184,map_a,map_a_open,RULESET_V3_M1_OWN_FLAG_HOME,73b77ac3a0efb2c33a4498544c96bb702a656cbbfe17af18ec859c6d6b4c2142,True
560,pi_B_specialist_2v2_dual_branch_v1,2508,134400,65,80,,OP3,OPPONENT_POOL,train,map_a_open,-1,0,SCRIPTED:OP7,6,0,0,0,0,240,0.47999998927116394,0,1,0,48,0,0,0,0,0,0,0,0,0,0,0,0,0,0,0,0,,6.868910725911459,-0.5,0.0,-0.0016029775142669678,0.0,0.0,0.0,-0.004000000189989805,-0.12543602287769318,map_a,map_a_open,RULESET_V3_M1_OWN_FLAG_HOME,73b77ac3a0efb2c33a4498544c96bb702a656cbbfe17af18ec859c6d6b4c2142,True
561,pi_B_specialist_2v2_dual_branch_v1,2508,135536,66,23,,OP3,OPPONENT_POOL,train,map_a_open,-1,0,SCRIPTED:OP7,6,0,0,1,-1,240,0.5600000023841858,1,0,0,35,0,0,0,0,0,0,0,0,0,0,0,0,0,0,0,0,224.0,7.156189473470052,-1.0,0.0,0.00026929378509521484,0.0,0.0,0.0,0.0,-0.2449028193950653,map_a,map_a_open,RULESET_V3_M1_OWN_FLAG_HOME,73b77ac3a0efb2c33a4498544c96bb702a656cbbfe17af18ec859c6d6b4c2142,True
562,pi_B_specialist_2v2_dual_branch_v1,2508,136080,66,57,,OP3,OPPONENT_POOL,train,map_a_open,-1,0,SCRIPTED:OP7,6,0,0,0,0,240,0.5199999809265137,1,0,0,25,0,0,0,0,0,0,0,0,0,0,0,0,0,0,0,0,,7.167558288574218,-0.5,0.0,0.005407378077507019,0.0,-0.699999988079071,-70.0,0.0,-0.2910032868385315,map_a,map_a_open,RULESET_V3_M1_OWN_FLAG_HOME,73b77ac3a0efb2c33a4498544c96bb702a656cbbfe17af18ec859c6d6b4c2142,True
563,pi_B_specialist_2v2_dual_branch_v1,2508,136656,66,93,,OP3,OPPONENT_POOL,train,map_a_open,-1,0,SCRIPTED:OP7,6,0,0,0,0,240,0.5199999809265137,0,1,0,66,0,0,0,0,0,0,0,0,0,0,0,0,0,0,0,0,,7.7470347086588545,-0.5,0.0,-0.010912567377090454,-2.2074789740145206e-05,0.0,0.0,-0.004000000189989805,-0.12601004540920258,map_a,map_a_open,RULESET_V3_M1_OWN_FLAG_HOME,73b77ac3a0efb2c33a4498544c96bb702a656cbbfe17af18ec859c6d6b4c2142,True
564,pi_B_specialist_2v2_dual_branch_v1,2508,137008,66,115,,OP3,OPPONENT_POOL,train,map_a_open,-1,0,SCRIPTED:OP7,6,0,0,0,0,240,0.5600000023841858,1,0,0,17,0,0,0,0,0,0,0,0,0,0,0,0,0,0,0,0,,8.80773213704427,-0.5,0.0,-0.0016625076532363892,0.04062499850988388,0.0,0.0,0.0,-0.1219547912478447,map_a,map_a_open,RULESET_V3_M1_OWN_FLAG_HOME,73b77ac3a0efb2c33a4498544c96bb702a656cbbfe17af18ec859c6d6b4c2142,True
565,pi_B_specialist_2v2_dual_branch_v1,2508,137232,67,1,,OP3,OPPONENT_POOL,train,map_a_open,-1,0,SCRIPTED:OP7,6,0,0,0,0,240,0.5199999809265137,1,0,0,47,0,0,0,0,0,0,0,0,0,0,0,0,0,0,0,0,,6.999243672688802,-0.5,0.0,-0.002858966588973999,0.0,0.0,0.0,-0.004000000189989805,-0.12551328539848328,map_a,map_a_open,RULESET_V3_M1_OWN_FLAG_HOME,73b77ac3a0efb2c33a4498544c96bb702a656cbbfe17af18ec859c6d6b4c2142,True
566,pi_B_specialist_2v2_dual_branch_v1,2508,137648,67,27,,OP3,OPPONENT_POOL,train,map_a_open,-1,0,SCRIPTED:OP7,6,0,0,1,-1,240,0.7599999904632568,1,0,0,40,0,0,0,0,0,0,0,0,0,0,0,0,0,0,0,0,181.0,7.445763651529948,-1.0,0.0,-0.020691722631454468,0.0,0.0,0.0,-0.00800000037997961,-0.24801184237003326,map_a,map_a_open,RULESET_V3_M1_OWN_FLAG_HOME,73b77ac3a0efb2c33a4498544c96bb702a656cbbfe17af18ec859c6d6b4c2142,True
567,pi_B_specialist_2v2_dual_branch_v1,2508,137840,67,39,,OP3,OPPONENT_POOL,train,map_a_open,-1,0,SCRIPTED:OP7,6,0,0,0,0,240,0.47999998927116394,1,0,0,31,0,0,0,0,0,0,0,0,0,0,0,0,0,0,0,0,,7.74061279296875,-0.5,0.0,-0.020573437213897705,0.0,0.0,0.0,-0.004000000189989805,-0.12660285830497742,map_a,map_a_open,RULESET_V3_M1_OWN_FLAG_HOME,73b77ac3a0efb2c33a4498544c96bb702a656cbbfe17af18ec859c6d6b4c2142,True
568,pi_B_specialist_2v2_dual_branch_v1,2508,138240,67,64,,OP3,OPPONENT_POOL,train,map_a_open,-1,0,SCRIPTED:OP7,6,0,0,1,-1,240,0.5600000023841858,1,0,0,42,0,0,0,0,0,0,0,0,0,0,0,0,0,0,0,0,167.0,7.409712727864584,-1.0,0.0,0.008698821067810059,0.0,0.0,0.0,-0.004000000189989805,-0.2453475445508957,map_a,map_a_open,RULESET_V3_M1_OWN_FLAG_HOME,73b77ac3a0efb2c33a4498544c96bb702a656cbbfe17af18ec859c6d6b4c2142,True
569,pi_B_specialist_2v2_dual_branch_v1,2508,138240,67,64,,OP3,OPPONENT_POOL,train,map_a_open,-1,0,SCRIPTED:OP7,6,0,0,0,0,240,0.5600000023841858,1,0,0,30,0,0,0,0,0,0,0,0,0,0,0,0,0,0,0,0,,7.52083740234375,-0.5,0.0,-0.0027772188186645508,0.0,0.0,0.0,-0.00800000037997961,-0.12649238109588623,map_a,map_a_open,RULESET_V3_M1_OWN_FLAG_HOME,73b77ac3a0efb2c33a4498544c96bb702a656cbbfe17af18ec859c6d6b4c2142,True
570,pi_B_specialist_2v2_dual_branch_v1,2508,138240,67,64,,OP3,OPPONENT_POOL,train,map_a_open,-1,0,SCRIPTED:OP7,6,0,0,0,0,240,0.5600000023841858,1,0,0,50,0,0,0,0,0,0,0,0,0,0,0,0,0,0,0,0,,7.658393351236979,-0.5,0.0,0.0009710788726806641,0.0,0.0,0.0,0.0,-0.124293252825737,map_a,map_a_open,RULESET_V3_M1_OWN_FLAG_HOME,73b77ac3a0efb2c33a4498544c96bb702a656cbbfe17af18ec859c6d6b4c2142,True
571,pi_B_specialist_2v2_dual_branch_v1,2508,138240,67,64,,OP3,OPPONENT_POOL,train,map_a_open,-1,0,SCRIPTED:OP7,6,0,0,1,-1,240,0.5600000023841858,1,0,0,46,0,0,0,0,0,0,0,0,0,0,0,0,0,0,0,0,220.0,6.894087219238282,-1.0,0.0,-0.011572211980819702,0.0,0.0,0.0,-0.004000000189989805,-0.24653786420822144,map_a,map_a_open,RULESET_V3_M1_OWN_FLAG_HOME,73b77ac3a0efb2c33a4498544c96bb702a656cbbfe17af18ec859c6d6b4c2142,True
572,pi_B_specialist_2v2_dual_branch_v1,2508,138240,67,64,,OP3,OPPONENT_POOL,train,map_a_open,-1,0,SCRIPTED:OP7,6,0,0,1,-1,240,0.5600000023841858,1,0,0,56,0,0,0,0,0,0,0,0,0,0,0,0,0,0,0,0,73.0,7.141130065917968,-1.0,0.0,0.012592822313308716,0.02499999850988388,0.0,0.0,-0.004000000189989805,-0.24364961683750153,map_a,map_a_open,RULESET_V3_M1_OWN_FLAG_HOME,73b77ac3a0efb2c33a4498544c96bb702a656cbbfe17af18ec859c6d6b4c2142,True
573,pi_B_specialist_2v2_dual_branch_v1,2508,138240,67,64,,OP3,OPPONENT_POOL,train,map_a_open,-1,0,SCRIPTED:OP7,6,0,0,0,0,240,0.5199999809265137,1,0,0,37,0,0,0,0,0,0,0,0,0,0,0,0,0,0,0,0,,7.536241149902343,-0.5,0.0,0.008783161640167236,0.0,0.0,0.0,-0.004000000189989805,-0.12479706853628159,map_a,map_a_open,RULESET_V3_M1_OWN_FLAG_HOME,73b77ac3a0efb2c33a4498544c96bb702a656cbbfe17af18ec859c6d6b4c2142,True
574,pi_B_specialist_2v2_dual_branch_v1,2508,138240,67,64,,OP3,OPPONENT_POOL,train,map_a_open,-1,0,SCRIPTED:OP7,6,0,0,0,0,240,0.5199999809265137,1,0,0,39,0,0,0,0,0,0,0,0,0,0,0,0,0,0,0,0,,7.289721171061198,-0.5,0.0,-0.011254101991653442,0.0,0.0,0.0,-0.004000000189989805,-0.12602968513965607,map_a,map_a_open,RULESET_V3_M1_OWN_FLAG_HOME,73b77ac3a0efb2c33a4498544c96bb702a656cbbfe17af18ec859c6d6b4c2142,True
575,pi_B_specialist_2v2_dual_branch_v1,2508,138240,67,64,,OP3,OPPONENT_POOL,train,map_a_open,-1,0,SCRIPTED:OP7,6,0,0,0,0,240,0.5199999809265137,1,0,0,51,0,0,0,0,0,0,0,0,0,0,0,0,0,0,0,0,,7.104243469238281,-0.5,0.0,-0.0005034208297729492,0.0,0.0,0.0,-0.004000000189989805,-0.1253683865070343,map_a,map_a_open,RULESET_V3_M1_OWN_FLAG_HOME,73b77ac3a0efb2c33a4498544c96bb702a656cbbfe17af18ec859c6d6b4c2142,True
576,pi_B_specialist_2v2_dual_branch_v1,2508,138240,67,64,,OP3,OPPONENT_POOL,train,map_a_open,-1,0,SCRIPTED:OP7,6,0,0,1,-1,240,0.5600000023841858,1,0,0,39,0,0,0,0,0,0,0,0,0,0,0,0,0,0,0,0,235.0,7.063368733723959,-1.0,0.0,-0.001049816608428955,0.0,0.0,0.0,0.0,-0.2449803352355957,map_a,map_a_open,RULESET_V3_M1_OWN_FLAG_HOME,73b77ac3a0efb2c33a4498544c96bb702a656cbbfe17af18ec859c6d6b4c2142,True
577,pi_B_specialist_2v2_dual_branch_v1,2508,139376,68,7,,OP3,OPPONENT_POOL,train,map_a_open,-1,0,SCRIPTED:OP7,6,0,0,1,-1,240,0.5600000023841858,1,0,0,31,0,0,0,0,0,0,0,0,0,0,0,0,0,0,0,0,102.0,7.644610595703125,-1.0,0.0,0.0004909038543701172,0.0,0.0,0.0,0.0,-0.24488981068134308,map_a,map_a_open,RULESET_V3_M1_OWN_FLAG_HOME,73b77ac3a0efb2c33a4498544c96bb702a656cbbfe17af18ec859c6d6b4c2142,True
578,pi_B_specialist_2v2_dual_branch_v1,2508,139920,68,41,,OP3,OPPONENT_POOL,train,map_a_open,-1,0,SCRIPTED:OP7,6,1,1,0,1,240,0.5999999642372131,0,1,0,54,0,0,0,0,0,0,0,0,0,0,0,0,0,0,0,0,199.0,7.095289103190104,1.0,0.0,-0.008248776197433472,0.0,0.0,0.0,-0.004000000189989805,0.2434934824705124,map_a,map_a_open,RULESET_V3_M1_OWN_FLAG_HOME,73b77ac3a0efb2c33a4498544c96bb702a656cbbfe17af18ec859c6d6b4c2142,True
579,pi_B_specialist_2v2_dual_branch_v1,2508,140496,68,77,,OP3,OPPONENT_POOL,train,map_a_open,-1,0,SCRIPTED:OP7,6,0,0,0,0,240,0.5199999809265137,1,0,0,27,0,0,0,0,0,0,0,0,0,0,0,0,0,0,0,0,,7.854419453938802,-0.5,0.0,-0.005973845720291138,0.0,0.0,0.0,0.0,-0.12472058087587357,map_a,map_a_open,RULESET_V3_M1_OWN_FLAG_HOME,73b77ac3a0efb2c33a4498544c96bb702a656cbbfe17af18ec859c6d6b4c2142,True
580,pi_B_specialist_2v2_dual_branch_v1,2508,140848,68,99,,OP3,OPPONENT_POOL,train,map_a_open,-1,0,SCRIPTED:OP7,6,0,0,0,0,240,0.5600000023841858,1,0,0,37,0,0,0,0,0,0,0,0,0,0,0,0,0,0,0,0,,7.07412109375,-0.5,0.0,0.001177370548248291,0.0,0.0,0.0,0.0,-0.12428056448698044,map_a,map_a_open,RULESET_V3_M1_OWN_FLAG_HOME,73b77ac3a0efb2c33a4498544c96bb702a656cbbfe17af18ec859c6d6b4c2142,True
581,pi_B_specialist_2v2_dual_branch_v1,2508,141072,68,113,,OP3,OPPONENT_POOL,train,map_a_open,-1,0,SCRIPTED:OP7,6,1,1,0,1,240,0.5199999809265137,1,0,0,60,0,0,0,0,0,0,0,0,0,0,0,0,0,0,0,0,90.0,6.408976236979167,1.0,0.0,-0.006202727556228638,0.0,0.0,0.0,0.0,0.24455420672893524,map_a,map_a_open,RULESET_V3_M1_OWN_FLAG_HOME,73b77ac3a0efb2c33a4498544c96bb702a656cbbfe17af18ec859c6d6b4c2142,True
582,pi_B_specialist_2v2_dual_branch_v1,2508,141488,69,11,,OP3,OPPONENT_POOL,train,map_a_open,-1,0,SCRIPTED:OP7,6,0,1,2,-1,240,0.47999998927116394,0,1,0,59,0,0,0,0,0,0,0,0,0,0,0,0,0,0,0,0,50.0,7.099455769856771,-1.0,0.0,0.01490667462348938,0.0,0.0,0.0,0.0,-0.24404267966747284,map_a,map_a_open,RULESET_V3_M1_OWN_FLAG_HOME,73b77ac3a0efb2c33a4498544c96bb702a656cbbfe17af18ec859c6d6b4c2142,True
583,pi_B_specialist_2v2_dual_branch_v1,2508,141680,69,23,,OP3,OPPONENT_POOL,train,map_a_open,-1,0,SCRIPTED:OP7,6,0,0,0,0,240,0.47999998927116394,0,1,0,51,0,0,0,0,0,0,0,0,0,0,0,0,0,0,0,0,,7.468832397460938,-0.5,0.0,-0.0016358494758605957,0.0,0.0,0.0,-0.004000000189989805,-0.12543804943561554,map_a,map_a_open,RULESET_V3_M1_OWN_FLAG_HOME,73b77ac3a0efb2c33a4498544c96bb702a656cbbfe17af18ec859c6d6b4c2142,True
584,pi_B_specialist_2v2_dual_branch_v1,2508,142080,69,48,,OP3,OPPONENT_POOL,train,map_a_open,-1,0,SCRIPTED:OP7,6,0,0,0,0,240,0.5999999642372131,1,0,0,44,0,0,0,0,0,0,0,0,0,0,0,0,0,0,0,0,,7.403270467122396,-0.5,0.0,-0.017930150032043457,0.0,0.0,0.0,-0.004000000189989805,-0.12644030153751373,map_a,map_a_open,RULESET_V3_M1_OWN_FLAG_HOME,73b77ac3a0efb2c33a4498544c96bb702a656cbbfe17af18ec859c6d6b4c2142,True
585,pi_B_specialist_2v2_dual_branch_v1,2508,142080,69,48,,OP3,OPPONENT_POOL,train,map_a_open,-1,0,SCRIPTED:OP7,6,0,0,1,-1,240,0.4399999976158142,1,0,0,28,0,0,0,0,0,0,0,0,0,0,0,0,0,0,0,0,72.0,7.483102416992187,-1.0,0.0,-0.0009822547435760498,0.0,0.0,0.0,0.0,-0.24497635662555695,map_a,map_a_open,RULESET_V3_M1_OWN_FLAG_HOME,73b77ac3a0efb2c33a4498544c96bb702a656cbbfe17af18ec859c6d6b4c2142,True
586,pi_B_specialist_2v2_dual_branch_v1,2508,142080,69,48,,OP3,OPPONENT_POOL,train,map_a_open,-1,0,SCRIPTED:OP7,6,0,0,0,0,240,0.5600000023841858,1,0,0,55,0,0,0,0,0,0,0,0,0,0,0,0,0,0,0,0,,6.975714619954427,-0.5,0.0,0.0035598278045654297,0.0,0.0,0.0,-0.00800000037997961,-0.12610264122486115,map_a,map_a_open,RULESET_V3_M1_OWN_FLAG_HOME,73b77ac3a0efb2c33a4498544c96bb702a656cbbfe17af18ec859c6d6b4c2142,True
587,pi_B_specialist_2v2_dual_branch_v1,2508,142080,69,48,,OP3,OPPONENT_POOL,train,map_a_open,-1,0,SCRIPTED:OP7,6,0,0,1,-1,240,0.6399999856948853,1,0,0,46,0,0,0,0,0,0,0,0,0,0,0,0,0,0,0,0,41.0,7.7462310791015625,-1.0,0.0,0.003920614719390869,0.0,0.0,0.0,0.0,-0.24468830227851868,map_a,map_a_open,RULESET_V3_M1_OWN_FLAG_HOME,73b77ac3a0efb2c33a4498544c96bb702a656cbbfe17af18ec859c6d6b4c2142,True
588,pi_B_specialist_2v2_dual_branch_v1,2508,142080,69,48,,OP3,OPPONENT_POOL,train,map_a_open,-1,0,SCRIPTED:OP7,6,0,0,1,-1,240,0.5600000023841858,1,0,0,36,0,0,0,0,0,0,0,0,0,0,0,0,0,0,0,0,74.0,7.299834696451823,-1.0,0.0,-0.009526252746582031,0.0,0.0,0.0,0.0,-0.24547824263572693,map_a,map_a_open,RULESET_V3_M1_OWN_FLAG_HOME,73b77ac3a0efb2c33a4498544c96bb702a656cbbfe17af18ec859c6d6b4c2142,True
589,pi_B_specialist_2v2_dual_branch_v1,2508,142080,69,48,,OP3,OPPONENT_POOL,train,map_a_open,-1,0,SCRIPTED:OP7,6,0,0,1,-1,240,0.5999999642372131,0,1,0,45,0,0,0,0,0,0,0,0,0,0,0,0,0,0,0,0,199.0,6.807848103841146,-1.0,0.0,-0.001547694206237793,0.0,0.0,0.0,0.0,-0.24500958621501923,map_a,map_a_open,RULESET_V3_M1_OWN_FLAG_HOME,73b77ac3a0efb2c33a4498544c96bb702a656cbbfe17af18ec859c6d6b4c2142,True
590,pi_B_specialist_2v2_dual_branch_v1,2508,142080,69,48,,OP3,OPPONENT_POOL,train,map_a_open,-1,0,SCRIPTED:OP7,6,0,0,0,0,240,0.5199999809265137,1,0,0,48,0,0,0,0,0,0,0,0,0,0,0,0,0,0,0,0,,7.42937266031901,-0.5,0.0,0.007085889577865601,0.0,0.0,0.0,-0.004000000189989805,-0.12490149587392807,map_a,map_a_open,RULESET_V3_M1_OWN_FLAG_HOME,73b77ac3a0efb2c33a4498544c96bb702a656cbbfe17af18ec859c6d6b4c2142,True
591,pi_B_specialist_2v2_dual_branch_v1,2508,142080,69,48,,OP3,OPPONENT_POOL,train,map_a_open,-1,0,SCRIPTED:OP7,6,0,0,0,0,240,0.6399999856948853,1,0,0,49,0,0,0,0,0,0,0,0,0,0,0,0,0,0,0,0,,7.1767018636067705,-0.5,0.0,0.008553236722946167,0.0,0.0,0.0,0.0,-0.12382666021585464,map_a,map_a_open,RULESET_V3_M1_OWN_FLAG_HOME,73b77ac3a0efb2c33a4498544c96bb702a656cbbfe17af18ec859c6d6b4c2142,True
592,pi_B_specialist_2v2_dual_branch_v1,2508,142080,69,48,,OP3,OPPONENT_POOL,train,map_a_open,-1,0,SCRIPTED:OP7,6,0,0,0,0,240,0.5199999809265137,1,0,0,52,0,0,0,0,0,0,0,0,0,0,0,0,0,0,0,0,,7.156620279947917,-0.5,0.0,0.01287829875946045,0.0,0.0,0.0,-0.004000000189989805,-0.12454510480165482,map_a,map_a_open,RULESET_V3_M1_OWN_FLAG_HOME,73b77ac3a0efb2c33a4498544c96bb702a656cbbfe17af18ec859c6d6b4c2142,True
593,pi_B_specialist_2v2_dual_branch_v1,2508,143216,69,119,,OP3,OPPONENT_POOL,train,map_a_open,-1,0,SCRIPTED:OP7,6,0,0,1,-1,240,0.4399999976158142,1,0,0,49,0,0,0,0,0,0,0,0,0,0,0,0,0,0,0,0,73.0,7.273816935221354,-1.0,0.0,-0.009357020258903503,0.02499999850988388,0.0,0.0,-0.00800000037997961,-0.2458793967962265,map_a,map_a_open,RULESET_V3_M1_OWN_FLAG_HOME,73b77ac3a0efb2c33a4498544c96bb702a656cbbfe17af18ec859c6d6b4c2142,True
594,pi_B_specialist_2v2_dual_branch_v1,2508,143760,70,25,,OP3,OPPONENT_POOL,train,map_a_open,-1,0,SCRIPTED:OP7,6,0,0,0,0,240,0.6399999856948853,1,0,0,36,0,0,0,0,0,0,0,0,0,0,0,0,0,0,0,0,,7.632692972819011,-0.5,0.0,-0.00863608717918396,0.0,0.0,0.0,0.0,-0.12488437443971634,map_a,map_a_open,RULESET_V3_M1_OWN_FLAG_HOME,73b77ac3a0efb2c33a4498544c96bb702a656cbbfe17af18ec859c6d6b4c2142,True
595,pi_B_specialist_2v2_dual_branch_v1,2508,144336,70,61,,OP3,OPPONENT_POOL,train,map_a_open,-1,0,SCRIPTED:OP7,6,0,0,0,0,240,0.5600000023841858,1,0,0,40,0,0,0,0,0,0,0,0,0,0,0,0,0,0,0,0,,7.516693115234375,-0.5,0.0,0.0017719268798828125,0.0,0.0,0.0,0.0,-0.12424397468566895,map_a,map_a_open,RULESET_V3_M1_OWN_FLAG_HOME,73b77ac3a0efb2c33a4498544c96bb702a656cbbfe17af18ec859c6d6b4c2142,True
596,pi_B_specialist_2v2_dual_branch_v1,2508,144688,70,83,,OP3,OPPONENT_POOL,train,map_a_open,-1,0,SCRIPTED:OP7,6,0,0,0,0,240,0.5600000023841858,1,0,0,50,0,0,0,0,0,0,0,0,0,0,0,0,0,0,0,0,,7.118510437011719,-0.5,0.0,-0.007963448762893677,0.0,0.0,0.0,-0.004000000189989805,-0.12582728266716003,map_a,map_a_open,RULESET_V3_M1_OWN_FLAG_HOME,73b77ac3a0efb2c33a4498544c96bb702a656cbbfe17af18ec859c6d6b4c2142,True
597,pi_B_specialist_2v2_dual_branch_v1,2508,144912,70,97,,OP3,OPPONENT_POOL,train,map_a_open,-1,0,SCRIPTED:OP7,6,0,0,0,0,240,0.47999998927116394,0,1,0,74,0,0,0,0,0,0,0,0,0,0,0,0,0,0,0,0,,6.980043029785156,-0.5,0.0,0.007864534854888916,0.0,0.0,0.0,0.0,-0.12386904656887054,map_a,map_a_open,RULESET_V3_M1_OWN_FLAG_HOME,73b77ac3a0efb2c33a4498544c96bb702a656cbbfe17af18ec859c6d6b4c2142,True
598,pi_B_specialist_2v2_dual_branch_v1,2508,145328,70,123,,OP3,OPPONENT_POOL,train,map_a_open,-1,0,SCRIPTED:OP7,6,0,0,0,0,240,0.5199999809265137,1,0,0,27,0,0,0,0,0,0,0,0,0,0,0,0,0,0,0,0,,8.180237833658854,-0.5,0.0,-0.007476329803466797,0.0,0.0,0.0,0.0,-0.1248130276799202,map_a,map_a_open,RULESET_V3_M1_OWN_FLAG_HOME,73b77ac3a0efb2c33a4498544c96bb702a656cbbfe17af18ec859c6d6b4c2142,True
599,pi_B_specialist_2v2_dual_branch_v1,2508,145520,71,7,,OP3,OPPONENT_POOL,train,map_a_open,-1,0,SCRIPTED:OP7,6,0,0,1,-1,240,0.47999998927116394,1,0,0,67,0,0,0,0,0,0,0,0,0,0,0,0,0,0,0,0,64.0,7.139942932128906,-1.0,0.0,-0.012249588966369629,0.0,0.0,0.0,-0.004000000189989805,-0.24657760560512543,map_a,map_a_open,RULESET_V3_M1_OWN_FLAG_HOME,73b77ac3a0efb2c33a4498544c96bb702a656cbbfe17af18ec859c6d6b4c2142,True
600,pi_B_specialist_2v2_dual_branch_v1,2508,145920,71,32,,OP3,OPPONENT_POOL,train,map_a_open,-1,0,SCRIPTED:OP7,6,1,1,0,1,240,0.5999999642372131,1,0,0,49,0,0,0,0,0,0,0,0,0,0,0,0,0,0,0,0,194.0,7.047886149088542,1.0,0.0,0.016556352376937866,0.0,0.0,0.0,-0.00800000037997961,0.24401110410690308,map_a,map_a_open,RULESET_V3_M1_OWN_FLAG_HOME,73b77ac3a0efb2c33a4498544c96bb702a656cbbfe17af18ec859c6d6b4c2142,True
601,pi_B_specialist_2v2_dual_branch_v1,2508,145920,71,32,,OP3,OPPONENT_POOL,train,map_a_open,-1,0,SCRIPTED:OP7,6,0,0,0,0,240,0.5999999642372131,1,0,0,36,0,0,0,0,0,0,0,0,0,0,0,0,0,0,0,0,,7.979736328125,-0.5,0.0,-0.0010568201541900635,0.0,0.0,0.0,-0.004000000189989805,-0.12540243566036224,map_a,map_a_open,RULESET_V3_M1_OWN_FLAG_HOME,73b77ac3a0efb2c33a4498544c96bb702a656cbbfe17af18ec859c6d6b4c2142,True
602,pi_B_specialist_2v2_dual_branch_v1,2508,145920,71,32,,OP3,OPPONENT_POOL,train,map_a_open,-1,0,SCRIPTED:OP7,6,0,0,0,0,240,0.5600000023841858,0,2,0,47,0,0,0,0,0,0,0,0,0,0,0,0,0,0,0,0,,7.199565633138021,-0.5,0.0,0.008428394794464111,0.0,0.0,0.0,0.0,-0.12383434921503067,map_a,map_a_open,RULESET_V3_M1_OWN_FLAG_HOME,73b77ac3a0efb2c33a4498544c96bb702a656cbbfe17af18ec859c6d6b4c2142,True
603,pi_B_specialist_2v2_dual_branch_v1,2508,145920,71,32,,OP3,OPPONENT_POOL,train,map_a_open,-1,0,SCRIPTED:OP7,6,0,0,0,0,240,0.5999999642372131,1,0,0,47,0,0,0,0,0,0,0,0,0,0,0,0,0,0,0,0,,7.553081258138021,-0.5,0.0,-0.011517912149429321,0.0,0.0,0.0,0.0,-0.12506169080734253,map_a,map_a_open,RULESET_V3_M1_OWN_FLAG_HOME,73b77ac3a0efb2c33a4498544c96bb702a656cbbfe17af18ec859c6d6b4c2142,True
604,pi_B_specialist_2v2_dual_branch_v1,2508,145920,71,32,,OP3,OPPONENT_POOL,train,map_a_open,-1,0,SCRIPTED:OP7,6,0,0,0,0,240,0.4399999976158142,0,1,0,28,0,0,0,0,0,0,0,0,0,0,0,0,0,0,0,0,,7.71701405843099,-0.5,0.0,-0.0037380605936050415,0.0,0.0,0.0,0.0,-0.12458302080631256,map_a,map_a_open,RULESET_V3_M1_OWN_FLAG_HOME,73b77ac3a0efb2c33a4498544c96bb702a656cbbfe17af18ec859c6d6b4c2142,True
605,pi_B_specialist_2v2_dual_branch_v1,2508,145920,71,32,,OP3,OPPONENT_POOL,train,map_a_open,-1,0,SCRIPTED:OP7,6,0,0,0,0,240,0.5999999642372131,0,1,0,56,0,0,0,0,0,0,0,0,0,0,0,0,0,0,0,0,,7.114468892415364,-0.5,0.0,-0.004151582717895508,0.0,0.0,0.0,-0.004000000189989805,-0.12559281289577484,map_a,map_a_open,RULESET_V3_M1_OWN_FLAG_HOME,73b77ac3a0efb2c33a4498544c96bb702a656cbbfe17af18ec859c6d6b4c2142,True
606,pi_B_specialist_2v2_dual_branch_v1,2508,145920,71,32,,OP3,OPPONENT_POOL,train,map_a_open,-1,0,SCRIPTED:OP7,6,0,0,1,-1,240,0.47999998927116394,1,0,0,44,0,0,0,0,0,0,0,0,0,0,0,0,0,0,0,0,141.0,7.284130350748698,-1.0,0.0,-0.015819430351257324,0.0,0.0,0.0,-0.004000000189989805,-0.2467871606349945,map_a,map_a_open,RULESET_V3_M1_OWN_FLAG_HOME,73b77ac3a0efb2c33a4498544c96bb702a656cbbfe17af18ec859c6d6b4c2142,True
607,pi_B_specialist_2v2_dual_branch_v1,2508,145920,71,32,,OP3,OPPONENT_POOL,train,map_a_open,-1,0,SCRIPTED:OP7,6,0,0,0,0,240,0.5199999809265137,1,0,0,66,0,0,0,0,0,0,0,0,0,0,0,0,0,0,0,0,,7.275205993652344,-0.5,0.0,-0.020411580801010132,0.0,0.0,0.0,-0.00800000037997961,-0.12757675349712372,map_a,map_a_open,RULESET_V3_M1_OWN_FLAG_HOME,73b77ac3a0efb2c33a4498544c96bb702a656cbbfe17af18ec859c6d6b4c2142,True
608,pi_B_specialist_2v2_dual_branch_v1,2508,145920,71,32,,OP3,OPPONENT_POOL,train,map_a_open,-1,0,SCRIPTED:OP7,6,0,0,0,0,240,0.47999998927116394,0,1,0,55,0,0,0,0,0,0,0,0,0,0,0,0,0,0,0,0,,6.841919962565104,-0.5,0.0,-0.02071782946586609,0.0,0.0,0.0,-0.004000000189989805,-0.12661173939704895,map_a,map_a_open,RULESET_V3_M1_OWN_FLAG_HOME,73b77ac3a0efb2c33a4498544c96bb702a656cbbfe17af18ec859c6d6b4c2142,True
609,pi_B_specialist_2v2_dual_branch_v1,2508,147056,71,103,,OP3,OPPONENT_POOL,train,map_a_open,-1,0,SCRIPTED:OP7,6,0,0,1,-1,240,0.5600000023841858,1,0,0,42,0,0,0,0,0,0,0,0,0,0,0,0,0,0,0,0,69.0,6.850269063313802,-1.0,0.0,-0.039642930030822754,0.029999999329447746,0.0,0.0,-0.004000000189989805,-0.246424600481987,map_a,map_a_open,RULESET_V3_M1_OWN_FLAG_HOME,73b77ac3a0efb2c33a4498544c96bb702a656cbbfe17af18ec859c6d6b4c2142,True
610,pi_B_specialist_2v2_dual_branch_v1,2508,147600,72,9,,OP3,OPPONENT_POOL,train,map_a_open,-1,0,SCRIPTED:OP7,6,0,0,0,0,240,0.5199999809265137,0,3,0,35,0,0,0,0,0,0,0,0,0,0,0,0,0,0,0,0,,7.737479146321615,-0.5,0.0,0.007487684488296509,0.0,0.0,0.0,0.0,-0.12389224022626877,map_a,map_a_open,RULESET_V3_M1_OWN_FLAG_HOME,73b77ac3a0efb2c33a4498544c96bb702a656cbbfe17af18ec859c6d6b4c2142,True
611,pi_B_specialist_2v2_dual_branch_v1,2508,148176,72,45,,OP3,OPPONENT_POOL,train,map_a_open,-1,0,SCRIPTED:OP7,6,0,0,0,0,240,0.5199999809265137,1,0,0,64,0,0,0,0,0,0,0,0,0,0,0,0,0,0,0,0,,6.778010559082031,-0.5,0.0,0.005543887615203857,0.0,0.0,0.0,-0.004000000189989805,-0.1249963566660881,map_a,map_a_open,RULESET_V3_M1_OWN_FLAG_HOME,73b77ac3a0efb2c33a4498544c96bb702a656cbbfe17af18ec859c6d6b4c2142,True
612,pi_B_specialist_2v2_dual_branch_v1,2508,148528,72,67,,OP3,OPPONENT_POOL,train,map_a_open,-1,0,SCRIPTED:OP7,6,0,0,0,0,240,0.5199999809265137,0,1,0,49,0,0,0,0,0,0,0,0,0,0,0,0,0,0,0,0,,7.475202941894532,-0.5,0.0,0.016952738165855408,0.019999999552965164,0.0,0.0,0.0,-0.12207853049039841,map_a,map_a_open,RULESET_V3_M1_OWN_FLAG_HOME,73b77ac3a0efb2c33a4498544c96bb702a656cbbfe17af18ec859c6d6b4c2142,True
613,pi_B_specialist_2v2_dual_branch_v1,2508,148752,72,81,,OP3,OPPONENT_POOL,train,map_a_open,-1,0,SCRIPTED:OP7,6,0,0,0,0,240,0.4399999976158142,0,1,0,28,0,0,0,0,0,0,0,0,0,0,0,0,0,0,0,0,,7.5564417521158855,-0.5,0.0,-0.019718259572982788,0.0,0.0,0.0,-0.004000000189989805,-0.12655025720596313,map_a,map_a_open,RULESET_V3_M1_OWN_FLAG_HOME,73b77ac3a0efb2c33a4498544c96bb702a656cbbfe17af18ec859c6d6b4c2142,True
614,pi_B_specialist_2v2_dual_branch_v1,2508,149168,72,107,,OP3,OPPONENT_POOL,train,map_a_open,-1,0,SCRIPTED:OP7,6,0,0,2,-2,240,0.5600000023841858,1,0,0,50,0,0,0,0,0,0,0,0,0,0,0,0,0,0,0,0,71.0,7.1229609171549475,-1.0,0.0,-0.009603232145309448,0.0,0.0,0.0,-0.004000000189989805,-0.24642224609851837,map_a,map_a_open,RULESET_V3_M1_OWN_FLAG_HOME,73b77ac3a0efb2c33a4498544c96bb702a656cbbfe17af18ec859c6d6b4c2142,True
615,pi_B_specialist_2v2_dual_branch_v1,2508,149360,72,119,,OP3,OPPONENT_POOL,train,map_a_open,-1,0,SCRIPTED:OP7,6,0,0,0,0,240,0.5600000023841858,1,0,0,51,0,0,0,0,0,0,0,0,0,0,0,0,0,0,0,0,,7.8278956095377605,-0.5,0.0,0.0009113550186157227,0.0,0.0,0.0,-0.004000000189989805,-0.12528134882450104,map_a,map_a_open,RULESET_V3_M1_OWN_FLAG_HOME,73b77ac3a0efb2c33a4498544c96bb702a656cbbfe17af18ec859c6d6b4c2142,True
616,pi_B_specialist_2v2_dual_branch_v1,2508,149760,73,16,,OP3,OPPONENT_POOL,train,map_a_open,-1,0,SCRIPTED:OP7,6,0,0,1,-1,240,0.47999998927116394,1,0,0,59,0,0,0,0,0,0,0,0,0,0,0,0,0,0,0,0,224.0,7.4030202229817705,-1.0,0.0,-0.0015827715396881104,0.0,0.0,0.0,-0.00800000037997961,-0.24689064919948578,map_a,map_a_open,RULESET_V3_M1_OWN_FLAG_HOME,73b77ac3a0efb2c33a4498544c96bb702a656cbbfe17af18ec859c6d6b4c2142,True
617,pi_B_specialist_2v2_dual_branch_v1,2508,149760,73,16,,OP3,OPPONENT_POOL,train,map_a_open,-1,0,SCRIPTED:OP7,6,0,0,0,0,240,0.6399999856948853,1,0,0,35,0,0,0,0,0,0,0,0,0,0,0,0,0,0,0,0,,7.857144673665364,-0.5,0.0,0.004633069038391113,0.0,-0.699999988079071,-70.0,0.0,-0.2910475730895996,map_a,map_a_open,RULESET_V3_M1_OWN_FLAG_HOME,73b77ac3a0efb2c33a4498544c96bb702a656cbbfe17af18ec859c6d6b4c2142,True
618,pi_B_specialist_2v2_dual_branch_v1,2508,149760,73,16,,OP3,OPPONENT_POOL,train,map_a_open,-1,0,SCRIPTED:OP7,6,0,0,0,0,240,0.5600000023841858,1,0,0,31,0,0,0,0,0,0,0,0,0,0,0,0,0,0,0,0,,8.439893595377605,-0.5,0.0,-0.0004119277000427246,0.005624999292194843,0.0,0.0,0.0,-0.12403222173452377,map_a,map_a_open,RULESET_V3_M1_OWN_FLAG_HOME,73b77ac3a0efb2c33a4498544c96bb702a656cbbfe17af18ec859c6d6b4c2142,True
619,pi_B_specialist_2v2_dual_branch_v1,2508,149760,73,16,,OP3,OPPONENT_POOL,train,map_a_open,-1,0,SCRIPTED:OP7,6,1,1,0,1,240,0.5999999642372131,1,0,0,49,0,0,0,0,0,0,0,0,0,0,0,0,0,0,0,0,87.0,7.392711385091146,1.0,0.0,0.0077435970306396484,0.0,0.0,0.0,0.0,0.24537356197834015,map_a,map_a_open,RULESET_V3_M1_OWN_FLAG_HOME,73b77ac3a0efb2c33a4498544c96bb702a656cbbfe17af18ec859c6d6b4c2142,True
620,pi_B_specialist_2v2_dual_branch_v1,2508,149760,73,16,,OP3,OPPONENT_POOL,train,map_a_open,-1,0,SCRIPTED:OP7,6,0,0,1,-1,240,0.5600000023841858,1,0,0,46,0,0,0,0,0,0,0,0,0,0,0,0,0,0,0,0,229.0,7.0855967203776045,-1.0,0.0,-0.01595321297645569,0.0,0.0,0.0,-0.004000000189989805,-0.24679499864578247,map_a,map_a_open,RULESET_V3_M1_OWN_FLAG_HOME,73b77ac3a0efb2c33a4498544c96bb702a656cbbfe17af18ec859c6d6b4c2142,True
621,pi_B_specialist_2v2_dual_branch_v1,2508,149760,73,16,,OP3,OPPONENT_POOL,train,map_a_open,-1,0,SCRIPTED:OP7,6,0,0,0,0,240,0.47999998927116394,1,0,0,29,0,0,0,0,0,0,0,0,0,0,0,0,0,0,0,0,,7.648850504557291,-0.5,0.0,0.006015390157699585,0.0,0.0,0.0,0.0,-0.12398283928632736,map_a,map_a_open,RULESET_V3_M1_OWN_FLAG_HOME,73b77ac3a0efb2c33a4498544c96bb702a656cbbfe17af18ec859c6d6b4c2142,True
622,pi_B_specialist_2v2_dual_branch_v1,2508,149760,73,16,,OP3,OPPONENT_POOL,train,map_a_open,-1,0,SCRIPTED:OP7,6,0,0,0,0,240,0.5199999809265137,0,1,0,37,0,0,0,0,0,0,0,0,0,0,0,0,0,0,0,0,,8.039700826009115,-0.5,0.0,-0.007295519113540649,0.04062499850988388,0.0,0.0,0.0,-0.1223016008734703,map_a,map_a_open,RULESET_V3_M1_OWN_FLAG_HOME,73b77ac3a0efb2c33a4498544c96bb702a656cbbfe17af18ec859c6d6b4c2142,True
623,pi_B_specialist_2v2_dual_branch_v1,2508,149760,73,16,,OP3,OPPONENT_POOL,train,map_a_open,-1,0,SCRIPTED:OP7,6,0,0,0,0,240,0.5999999642372131,1,0,0,41,0,0,0,0,0,0,0,0,0,0,0,0,0,0,0,0,,7.026902262369791,-0.5,0.0,0.0016433000564575195,0.0,0.0,0.0,0.0,-0.12425188720226288,map_a,map_a_open,RULESET_V3_M1_OWN_FLAG_HOME,73b77ac3a0efb2c33a4498544c96bb702a656cbbfe17af18ec859c6d6b4c2142,True
624,pi_B_specialist_2v2_dual_branch_v1,2508,149760,73,16,,OP3,OPPONENT_POOL,train,map_a_open,-1,0,SCRIPTED:OP7,6,1,1,0,1,240,0.47999998927116394,1,0,0,53,0,0,0,0,0,0,0,0,0,0,0,0,0,0,0,0,67.0,7.083878580729166,1.0,0.0,0.013301044702529907,0.0,0.0,0.0,0.0,0.245699942111969,map_a,map_a_open,RULESET_V3_M1_OWN_FLAG_HOME,73b77ac3a0efb2c33a4498544c96bb702a656cbbfe17af18ec859c6d6b4c2142,True
625,pi_B_specialist_2v2_dual_branch_v1,2508,150896,73,87,,OP3,OPPONENT_POOL,train,map_a_open,-1,0,SCRIPTED:OP7,6,0,0,0,0,240,0.6399999856948853,1,0,0,56,0,0,0,0,0,0,0,0,0,0,0,0,0,0,0,0,,7.433238220214844,-0.5,0.0,0.005364835262298584,0.0,0.0,0.0,0.0,-0.12402287125587463,map_a,map_a_open,RULESET_V3_M1_OWN_FLAG_HOME,73b77ac3a0efb2c33a4498544c96bb702a656cbbfe17af18ec859c6d6b4c2142,True
626,pi_B_specialist_2v2_dual_branch_v1,2508,151440,73,121,,OP3,OPPONENT_POOL,train,map_a_open,-1,0,SCRIPTED:OP7,6,0,0,1,-1,240,0.5199999809265137,0,1,0,45,0,0,0,0,0,0,0,0,0,0,0,0,0,0,0,0,100.0,7.503033955891927,-1.0,0.0,-0.022024691104888916,0.04999999701976776,0.0,0.0,0.0,-0.24327437579631805,map_a,map_a_open,RULESET_V3_M1_OWN_FLAG_HOME,73b77ac3a0efb2c33a4498544c96bb702a656cbbfe17af18ec859c6d6b4c2142,True
627,pi_B_specialist_2v2_dual_branch_v1,2508,152016,74,29,,OP3,OPPONENT_POOL,train,map_a_open,-1,0,SCRIPTED:OP7,6,0,0,2,-2,240,0.5199999809265137,1,0,0,44,0,0,0,0,0,0,0,0,0,0,0,0,0,0,0,0,75.0,7.174039713541666,-1.0,0.0,0.003376305103302002,0.0,0.0,0.0,-0.004000000189989805,-0.24566014111042023,map_a,map_a_open,RULESET_V3_M1_OWN_FLAG_HOME,73b77ac3a0efb2c33a4498544c96bb702a656cbbfe17af18ec859c6d6b4c2142,True
628,pi_B_specialist_2v2_dual_branch_v1,2508,152368,74,51,,OP3,OPPONENT_POOL,train,map_a_open,-1,0,SCRIPTED:OP7,6,0,0,0,0,240,0.6800000071525574,1,0,0,41,0,0,0,0,0,0,0,0,0,0,0,0,0,0,0,0,,7.315159606933594,-0.5,0.0,0.008017033338546753,0.0,0.0,0.0,-0.004000000189989805,-0.12484420090913773,map_a,map_a_open,RULESET_V3_M1_OWN_FLAG_HOME,73b77ac3a0efb2c33a4498544c96bb702a656cbbfe17af18ec859c6d6b4c2142,True
629,pi_B_specialist_2v2_dual_branch_v1,2508,152592,74,65,,OP3,OPPONENT_POOL,train,map_a_open,-1,0,SCRIPTED:OP7,6,0,0,1,-1,240,0.5600000023841858,1,0,0,27,0,0,0,0,0,0,0,0,0,0,0,0,0,0,0,0,162.0,6.905150858561198,-1.0,0.0,-0.0017037391662597656,0.0,0.0,0.0,-0.004000000189989805,-0.24595847725868225,map_a,map_a_open,RULESET_V3_M1_OWN_FLAG_HOME,73b77ac3a0efb2c33a4498544c96bb702a656cbbfe17af18ec859c6d6b4c2142,True
630,pi_B_specialist_2v2_dual_branch_v1,2508,153008,74,91,,OP3,OPPONENT_POOL,train,map_a_open,-1,0,SCRIPTED:OP7,6,0,0,1,-1,240,0.5600000023841858,1,0,0,44,0,0,0,0,0,0,0,0,0,0,0,0,0,0,0,0,31.0,7.565350341796875,-1.0,0.0,-0.009497612714767456,0.04062499850988388,0.0,0.0,0.0,-0.24308902025222778,map_a,map_a_open,RULESET_V3_M1_OWN_FLAG_HOME,73b77ac3a0efb2c33a4498544c96bb702a656cbbfe17af18ec859c6d6b4c2142,True
631,pi_B_specialist_2v2_dual_branch_v1,2508,153200,74,103,,OP3,OPPONENT_POOL,train,map_a_open,-1,0,SCRIPTED:OP7,6,0,0,0,0,240,0.6800000071525574,1,0,0,34,0,0,0,0,0,0,0,0,0,0,0,0,0,0,0,0,,7.986771647135416,-0.5,0.0,-0.016656845808029175,0.0,0.0,0.0,-0.00800000037997961,-0.12734590470790863,map_a,map_a_open,RULESET_V3_M1_OWN_FLAG_HOME,73b77ac3a0efb2c33a4498544c96bb702a656cbbfe17af18ec859c6d6b4c2142,True
632,pi_B_specialist_2v2_dual_branch_v1,2508,153600,74,128,,OP3,OPPONENT_POOL,train,map_a_open,-1,0,SCRIPTED:OP7,6,0,0,0,0,240,0.5600000023841858,0,1,0,51,0,0,0,0,0,0,0,0,0,0,0,0,0,0,0,0,,7.51988525390625,-0.5,0.0,-5.519390106201172e-05,0.0,0.0,0.0,-0.00800000037997961,-0.12632499635219574,map_a,map_a_open,RULESET_V3_M1_OWN_FLAG_HOME,73b77ac3a0efb2c33a4498544c96bb702a656cbbfe17af18ec859c6d6b4c2142,True
633,pi_B_specialist_2v2_dual_branch_v1,2508,153600,74,128,,OP3,OPPONENT_POOL,train,map_a_open,-1,0,SCRIPTED:OP7,6,0,0,0,0,240,0.6399999856948853,0,1,0,69,0,0,0,0,0,0,0,0,0,0,0,0,0,0,0,0,,6.56519521077474,-0.5,0.0,0.011558234691619873,0.0,0.0,0.0,-0.004000000189989805,-0.12462631613016129,map_a,map_a_open,RULESET_V3_M1_OWN_FLAG_HOME,73b77ac3a0efb2c33a4498544c96bb702a656cbbfe17af18ec859c6d6b4c2142,True
634,pi_B_specialist_2v2_dual_branch_v1,2508,153600,74,128,,OP3,OPPONENT_POOL,train,map_a_open,-1,0,SCRIPTED:OP7,6,0,0,0,0,240,0.5999999642372131,0,1,0,38,0,0,0,0,0,0,0,0,0,0,0,0,0,0,0,0,,7.466498311360677,-0.5,0.0,0.0004127025604248047,0.020624998956918716,0.0,0.0,0.0,-0.1230582743883133,map_a,map_a_open,RULESET_V3_M1_OWN_FLAG_HOME,73b77ac3a0efb2c33a4498544c96bb702a656cbbfe17af18ec859c6d6b4c2142,True
635,pi_B_specialist_2v2_dual_branch_v1,2508,153600,74,128,,OP3,OPPONENT_POOL,train,map_a_open,-1,0,SCRIPTED:OP7,6,0,0,0,0,240,0.47999998927116394,1,0,0,37,0,0,0,0,0,0,0,0,0,0,0,0,0,0,0,0,,7.387788899739584,-0.5,0.0,-0.007989495992660522,0.0,0.0,0.0,-0.004000000189989805,-0.12582889199256897,map_a,map_a_open,RULESET_V3_M1_OWN_FLAG_HOME,73b77ac3a0efb2c33a4498544c96bb702a656cbbfe17af18ec859c6d6b4c2142,True
636,pi_B_specialist_2v2_dual_branch_v1,2508,153600,74,128,,OP3,OPPONENT_POOL,train,map_a_open,-1,0,SCRIPTED:OP7,6,1,1,0,1,240,0.6399999856948853,1,0,0,31,0,0,0,0,0,0,0,0,0,0,0,0,0,0,0,0,174.0,7.6984608968098955,1.0,0.0,-0.0017283260822296143,0.0,0.0,0.0,-0.00800000037997961,0.24293605983257294,map_a,map_a_open,RULESET_V3_M1_OWN_FLAG_HOME,73b77ac3a0efb2c33a4498544c96bb702a656cbbfe17af18ec859c6d6b4c2142,True
637,pi_B_specialist_2v2_dual_branch_v1,2508,153600,74,128,,OP3,OPPONENT_POOL,train,map_a_open,-1,0,SCRIPTED:OP7,6,0,0,1,-1,240,0.6399999856948853,0,1,0,24,0,0,0,0,0,0,0,0,0,0,0,0,0,0,0,0,122.0,7.51759033203125,-1.0,0.0,0.017134010791778564,0.0,0.0,0.0,-0.004000000189989805,-0.24485202133655548,map_a,map_a_open,RULESET_V3_M1_OWN_FLAG_HOME,73b77ac3a0efb2c33a4498544c96bb702a656cbbfe17af18ec859c6d6b4c2142,True
638,pi_B_specialist_2v2_dual_branch_v1,2508,153600,74,128,,OP3,OPPONENT_POOL,train,map_a_open,-1,0,SCRIPTED:OP7,6,0,0,0,0,240,0.4399999976158142,1,0,0,59,0,0,0,0,0,0,0,0,0,0,0,0,0,0,0,0,,7.025896199544271,-0.5,0.0,0.012734293937683105,0.0,0.0,0.0,0.0,-0.12356934696435928,map_a,map_a_open,RULESET_V3_M1_OWN_FLAG_HOME,73b77ac3a0efb2c33a4498544c96bb702a656cbbfe17af18ec859c6d6b4c2142,True
639,pi_B_specialist_2v2_dual_branch_v1,2508,153600,74,128,,OP3,OPPONENT_POOL,train,map_a_open,-1,0,SCRIPTED:OP7,6,0,0,0,0,240,0.6399999856948853,1,0,0,36,0,0,0,0,0,0,0,0,0,0,0,0,0,0,0,0,,7.45318603515625,-0.5,0.0,0.016747117042541504,0.0,0.0,0.0,0.0,-0.12332236766815186,map_a,map_a_open,RULESET_V3_M1_OWN_FLAG_HOME,73b77ac3a0efb2c33a4498544c96bb702a656cbbfe17af18ec859c6d6b4c2142,True
640,pi_B_specialist_2v2_dual_branch_v1,2508,153600,74,128,,OP3,OPPONENT_POOL,train,map_a_open,-1,0,SCRIPTED:OP7,6,0,0,0,0,240,0.47999998927116394,1,0,0,60,0,0,0,0,0,0,0,0,0,0,0,0,0,0,0,0,,7.227393086751302,-0.5,0.0,0.006629735231399536,0.0,0.0,0.0,-0.004000000189989805,-0.12492955476045609,map_a,map_a_open,RULESET_V3_M1_OWN_FLAG_HOME,73b77ac3a0efb2c33a4498544c96bb702a656cbbfe17af18ec859c6d6b4c2142,True
641,pi_B_specialist_2v2_dual_branch_v1,2508,154736,75,71,,OP3,OPPONENT_POOL,train,map_a_open,-1,0,SCRIPTED:OP7,6,0,0,0,0,240,0.6399999856948853,1,0,0,67,0,0,0,0,0,0,0,0,0,0,0,0,0,0,0,0,,6.916259256998698,-0.5,0.0,-0.009938061237335205,0.0,0.0,0.0,-0.004000000189989805,-0.1259487420320511,map_a,map_a_open,RULESET_V3_M1_OWN_FLAG_HOME,73b77ac3a0efb2c33a4498544c96bb702a656cbbfe17af18ec859c6d6b4c2142,True
642,pi_B_specialist_2v2_dual_branch_v1,2508,155280,75,105,,OP3,OPPONENT_POOL,train,map_a_open,-1,0,SCRIPTED:OP7,6,0,0,1,-1,240,0.5999999642372131,0,1,0,42,0,0,0,0,0,0,0,0,0,0,0,0,0,0,0,0,201.0,7.9695688883463545,-1.0,0.0,-0.018969327211380005,0.0,0.0,0.0,-0.004000000189989805,-0.24697203934192657,map_a,map_a_open,RULESET_V3_M1_OWN_FLAG_HOME,73b77ac3a0efb2c33a4498544c96bb702a656cbbfe17af18ec859c6d6b4c2142,True
643,pi_B_specialist_2v2_dual_branch_v1,2508,155856,76,13,,OP3,OPPONENT_POOL,train,map_a_open,-1,0,SCRIPTED:OP7,6,0,0,0,0,240,0.5999999642372131,1,0,0,31,0,0,0,0,0,0,0,0,0,0,0,0,0,0,0,0,,8.908607991536458,-0.5,0.0,-0.003094121813774109,0.005624999292194843,0.0,0.0,-0.00800000037997961,-0.1261659413576126,map_a,map_a_open,RULESET_V3_M1_OWN_FLAG_HOME,73b77ac3a0efb2c33a4498544c96bb702a656cbbfe17af18ec859c6d6b4c2142,True
644,pi_B_specialist_2v2_dual_branch_v1,2508,156208,76,35,,OP3,OPPONENT_POOL,train,map_a_open,-1,0,SCRIPTED:OP7,6,0,0,2,-2,240,0.5999999642372131,1,0,0,31,0,0,0,0,0,0,0,0,0,0,0,0,0,0,0,0,32.0,7.876200866699219,-1.0,0.0,-0.011058330535888672,0.0,0.0,0.0,-0.004000000189989805,-0.2465076893568039,map_a,map_a_open,RULESET_V3_M1_OWN_FLAG_HOME,73b77ac3a0efb2c33a4498544c96bb702a656cbbfe17af18ec859c6d6b4c2142,True
645,pi_B_specialist_2v2_dual_branch_v1,2508,156432,76,49,,OP3,OPPONENT_POOL,train,map_a_open,-1,0,SCRIPTED:OP7,6,0,0,0,0,240,0.47999998927116394,1,0,0,48,0,0,0,0,0,0,0,0,0,0,0,0,0,0,0,0,,7.180980936686198,-0.5,0.0,0.012078702449798584,0.0,0.0,0.0,-0.004000000189989805,-0.1245942935347557,map_a,map_a_open,RULESET_V3_M1_OWN_FLAG_HOME,73b77ac3a0efb2c33a4498544c96bb702a656cbbfe17af18ec859c6d6b4c2142,True
646,pi_B_specialist_2v2_dual_branch_v1,2508,156848,76,75,,OP3,OPPONENT_POOL,train,map_a_open,-1,0,SCRIPTED:OP7,6,0,0,1,-1,240,0.5600000023841858,1,0,0,39,0,0,0,0,0,0,0,0,0,0,0,0,0,0,0,0,180.0,7.092774963378906,-1.0,0.0,-0.002248406410217285,0.0,0.0,0.0,0.0,-0.24505074322223663,map_a,map_a_open,RULESET_V3_M1_OWN_FLAG_HOME,73b77ac3a0efb2c33a4498544c96bb702a656cbbfe17af18ec859c6d6b4c2142,True
647,pi_B_specialist_2v2_dual_branch_v1,2508,157040,76,87,,OP3,OPPONENT_POOL,train,map_a_open,-1,0,SCRIPTED:OP7,6,0,0,0,0,240,0.5199999809265137,1,0,0,38,0,0,0,0,0,0,0,0,0,0,0,0,0,0,0,0,,7.243753051757812,-0.5,0.0,0.002727329730987549,0.0,0.0,0.0,0.0,-0.12418518960475922,map_a,map_a_open,RULESET_V3_M1_OWN_FLAG_HOME,73b77ac3a0efb2c33a4498544c96bb702a656cbbfe17af18ec859c6d6b4c2142,True
648,pi_B_specialist_2v2_dual_branch_v1,2508,157440,76,112,,OP3,OPPONENT_POOL,train,map_a_open,-1,0,SCRIPTED:OP7,6,1,1,0,1,240,0.5600000023841858,0,1,0,32,0,0,0,0,0,0,0,0,0,0,0,0,0,0,0,0,110.0,6.952159118652344,1.0,0.0,-0.020060956478118896,0.0,0.0,0.0,-0.004000000189989805,0.24279886484146118,map_a,map_a_open,RULESET_V3_M1_OWN_FLAG_HOME,73b77ac3a0efb2c33a4498544c96bb702a656cbbfe17af18ec859c6d6b4c2142,True
649,pi_B_specialist_2v2_dual_branch_v1,2508,157440,76,112,,OP3,OPPONENT_POOL,train,map_a_open,-1,0,SCRIPTED:OP7,6,0,0,0,0,240,0.5999999642372131,0,1,0,65,0,0,0,0,0,0,0,0,0,0,0,0,0,0,0,0,,7.517285664876302,-0.5,0.0,-0.011082053184509277,0.0,0.0,0.0,-0.004000000189989805,-0.12601910531520844,map_a,map_a_open,RULESET_V3_M1_OWN_FLAG_HOME,73b77ac3a0efb2c33a4498544c96bb702a656cbbfe17af18ec859c6d6b4c2142,True
650,pi_B_specialist_2v2_dual_branch_v1,2508,157440,76,112,,OP3,OPPONENT_POOL,train,map_a_open,-1,0,SCRIPTED:OP7,6,1,1,0,1,240,0.5999999642372131,1,0,0,63,0,0,0,0,0,0,0,0,0,0,0,0,0,0,0,0,122.0,7.156993611653646,1.0,0.0,-0.008533746004104614,0.0,0.0,0.0,-0.004000000189989805,0.2434767335653305,map_a,map_a_open,RULESET_V3_M1_OWN_FLAG_HOME,73b77ac3a0efb2c33a4498544c96bb702a656cbbfe17af18ec859c6d6b4c2142,True
651,pi_B_specialist_2v2_dual_branch_v1,2508,157440,76,112,,OP3,OPPONENT_POOL,train,map_a_open,-1,0,SCRIPTED:OP7,6,0,0,0,0,240,0.6399999856948853,1,0,0,36,0,0,0,0,0,0,0,0,0,0,0,0,0,0,0,0,,7.407646179199219,-0.5,0.0,-0.004074066877365112,0.0,0.0,0.0,-0.00800000037997961,-0.1265721470117569,map_a,map_a_open,RULESET_V3_M1_OWN_FLAG_HOME,73b77ac3a0efb2c33a4498544c96bb702a656cbbfe17af18ec859c6d6b4c2142,True
652,pi_B_specialist_2v2_dual_branch_v1,2508,157440,76,112,,OP3,OPPONENT_POOL,train,map_a_open,-1,0,SCRIPTED:OP7,6,0,0,0,0,240,0.47999998927116394,0,1,0,55,0,0,0,0,0,0,0,0,0,0,0,0,0,0,0,0,,7.057487487792969,-0.5,0.0,0.006106555461883545,0.0,0.0,0.0,-0.00800000037997961,-0.12594600021839142,map_a,map_a_open,RULESET_V3_M1_OWN_FLAG_HOME,73b77ac3a0efb2c33a4498544c96bb702a656cbbfe17af18ec859c6d6b4c2142,True
653,pi_B_specialist_2v2_dual_branch_v1,2508,157440,76,112,,OP3,OPPONENT_POOL,train,map_a_open,-1,0,SCRIPTED:OP7,6,0,0,0,0,240,0.5600000023841858,1,0,0,33,0,0,0,0,0,0,0,0,0,0,0,0,0,0,0,0,,8.834278361002605,-0.5,0.0,-0.004585474729537964,0.049999531358480453,0.0,0.0,-0.004000000189989805,-0.12254264205694199,map_a,map_a_open,RULESET_V3_M1_OWN_FLAG_HOME,73b77ac3a0efb2c33a4498544c96bb702a656cbbfe17af18ec859c6d6b4c2142,True
654,pi_B_specialist_2v2_dual_branch_v1,2508,157440,76,112,,OP3,OPPONENT_POOL,train,map_a_open,-1,0,SCRIPTED:OP7,6,0,0,0,0,240,0.5999999642372131,1,0,0,29,0,0,0,0,0,0,0,0,0,0,0,0,0,0,0,0,,7.814423116048177,-0.5,0.0,0.001150667667388916,0.0,0.0,0.0,0.0,-0.12428220361471176,map_a,map_a_open,RULESET_V3_M1_OWN_FLAG_HOME,73b77ac3a0efb2c33a4498544c96bb702a656cbbfe17af18ec859c6d6b4c2142,True
655,pi_B_specialist_2v2_dual_branch_v1,2508,157440,76,112,,OP3,OPPONENT_POOL,train,map_a_open,-1,0,SCRIPTED:OP7,6,0,0,0,0,240,0.6399999856948853,1,0,0,44,0,0,0,0,0,0,0,0,0,0,0,0,0,0,0,0,,7.647470092773437,-0.5,0.0,0.01786854863166809,0.0,0.0,0.0,-0.004000000189989805,-0.1242380291223526,map_a,map_a_open,RULESET_V3_M1_OWN_FLAG_HOME,73b77ac3a0efb2c33a4498544c96bb702a656cbbfe17af18ec859c6d6b4c2142,True
656,pi_B_specialist_2v2_dual_branch_v1,2508,157440,76,112,,OP3,OPPONENT_POOL,train,map_a_open,-1,0,SCRIPTED:OP7,6,0,0,0,0,240,0.5600000023841858,1,0,0,38,0,0,0,0,0,0,0,0,0,0,0,0,0,0,0,0,,7.032459004720052,-0.5,0.0,-0.008538007736206055,0.0,0.0,0.0,0.0,-0.12487834692001343,map_a,map_a_open,RULESET_V3_M1_OWN_FLAG_HOME,73b77ac3a0efb2c33a4498544c96bb702a656cbbfe17af18ec859c6d6b4c2142,True
657,pi_B_specialist_2v2_dual_branch_v1,2508,158576,77,55,,OP3,OPPONENT_POOL,train,map_a_open,-1,0,SCRIPTED:OP7,6,0,0,0,0,240,0.7999999523162842,1,0,0,53,0,0,0,0,0,0,0,0,0,0,0,0,0,0,0,0,,7.422065226236979,-0.5,0.0,-0.014027029275894165,0.0,0.0,0.0,-0.004000000189989805,-0.12620025873184204,map_a,map_a_open,RULESET_V3_M1_OWN_FLAG_HOME,73b77ac3a0efb2c33a4498544c96bb702a656cbbfe17af18ec859c6d6b4c2142,True
658,pi_B_specialist_2v2_dual_branch_v1,2508,159120,77,89,,OP3,OPPONENT_POOL,train,map_a_open,-1,0,SCRIPTED:OP7,6,0,0,0,0,240,0.47999998927116394,1,0,0,58,0,0,0,0,0,0,0,0,0,0,0,0,0,0,0,0,,7.286591593424479,-0.5,0.0,0.0047300755977630615,0.0,0.0,0.0,0.0,-0.1240619346499443,map_a,map_a_open,RULESET_V3_M1_OWN_FLAG_HOME,73b77ac3a0efb2c33a4498544c96bb702a656cbbfe17af18ec859c6d6b4c2142,True
659,pi_B_specialist_2v2_dual_branch_v1,2508,159696,77,125,,OP3,OPPONENT_POOL,train,map_a_open,-1,0,SCRIPTED:OP7,6,0,0,0,0,240,0.6399999856948853,0,1,0,52,0,0,0,0,0,0,0,0,0,0,0,0,0,0,0,0,,7.25973866780599,-0.5,0.0,0.004263579845428467,0.0,0.0,0.0,0.0,-0.12409064173698425,map_a,map_a_open,RULESET_V3_M1_OWN_FLAG_HOME,73b77ac3a0efb2c33a4498544c96bb702a656cbbfe17af18ec859c6d6b4c2142,True
660,pi_B_specialist_2v2_dual_branch_v1,2508,160048,78,19,,OP3,OPPONENT_POOL,train,map_a_open,-1,0,SCRIPTED:OP7,6,0,0,0,0,240,0.5600000023841858,1,0,0,48,0,0,0,0,0,0,0,0,0,0,0,0,0,0,0,0,,7.04745127360026,-0.5,0.0,-0.010595232248306274,0.0,0.0,0.0,-0.004000000189989805,-0.12598916888237,map_a,map_a_open,RULESET_V3_M1_OWN_FLAG_HOME,73b77ac3a0efb2c33a4498544c96bb702a656cbbfe17af18ec859c6d6b4c2142,True
661,pi_B_specialist_2v2_dual_branch_v1,2508,160272,78,33,,OP3,OPPONENT_POOL,train,map_a_open,-1,0,SCRIPTED:OP7,6,0,0,0,0,240,0.47999998927116394,1,0,0,44,0,0,0,0,0,0,0,0,0,0,0,0,0,0,0,0,,7.63221435546875,-0.5,0.0,-0.0019151270389556885,0.0,0.0,0.0,-0.004000000189989805,-0.12545524537563324,map_a,map_a_open,RULESET_V3_M1_OWN_FLAG_HOME,73b77ac3a0efb2c33a4498544c96bb702a656cbbfe17af18ec859c6d6b4c2142,True
662,pi_B_specialist_2v2_dual_branch_v1,2508,160688,78,59,,OP3,OPPONENT_POOL,train,map_a_open,-1,0,SCRIPTED:OP7,6,0,0,0,0,240,0.5600000023841858,1,0,0,47,0,0,0,0,0,0,0,0,0,0,0,0,0,0,0,0,,7.415677388509114,-0.5,0.0,-0.002903163433074951,0.0,0.0,0.0,0.0,-0.12453164905309677,map_a,map_a_open,RULESET_V3_M1_OWN_FLAG_HOME,73b77ac3a0efb2c33a4498544c96bb702a656cbbfe17af18ec859c6d6b4c2142,True
663,pi_B_specialist_2v2_dual_branch_v1,2508,160880,78,71,,OP3,OPPONENT_POOL,train,map_a_open,-1,0,SCRIPTED:OP7,6,1,1,0,1,240,0.47999998927116394,1,0,0,42,0,0,0,0,0,0,0,0,0,0,0,0,0,0,0,0,193.0,6.980642700195313,1.0,0.0,0.012705385684967041,0.0,0.0,0.0,0.0,0.24566495418548584,map_a,map_a_open,RULESET_V3_M1_OWN_FLAG_HOME,73b77ac3a0efb2c33a4498544c96bb702a656cbbfe17af18ec859c6d6b4c2142,True
664,pi_B_specialist_2v2_dual_branch_v1,2508,161280,78,96,,OP3,OPPONENT_POOL,train,map_a_open,-1,0,SCRIPTED:OP7,6,0,0,0,0,240,0.5199999809265137,1,0,0,29,0,0,0,0,0,0,0,0,0,0,0,0,0,0,0,0,,7.606829325358073,-0.5,0.0,-0.009968221187591553,0.0,0.0,0.0,-0.004000000189989805,-0.12595060467720032,map_a,map_a_open,RULESET_V3_M1_OWN_FLAG_HOME,73b77ac3a0efb2c33a4498544c96bb702a656cbbfe17af18ec859c6d6b4c2142,True
665,pi_B_specialist_2v2_dual_branch_v1,2508,161280,78,96,,OP3,OPPONENT_POOL,train,map_a_open,-1,0,SCRIPTED:OP7,6,1,2,0,2,240,0.5600000023841858,1,0,0,55,0,0,0,0,0,0,0,0,0,0,0,0,0,0,0,0,178.0,6.156245930989583,1.0,0.0,0.007399767637252808,0.0,0.0,0.0,0.0,0.2453533411026001,map_a,map_a_open,RULESET_V3_M1_OWN_FLAG_HOME,73b77ac3a0efb2c33a4498544c96bb702a656cbbfe17af18ec859c6d6b4c2142,True
666,pi_B_specialist_2v2_dual_branch_v1,2508,161280,78,96,,OP3,OPPONENT_POOL,train,map_a_open,-1,0,SCRIPTED:OP7,6,0,0,1,-1,240,0.5199999809265137,1,0,0,37,0,0,0,0,0,0,0,0,0,0,0,0,0,0,0,0,168.0,7.125789388020833,-1.0,0.10000000149011612,0.008714497089385986,0.0,0.0,0.0,-0.004000000189989805,-0.22171147167682648,map_a,map_a_open,RULESET_V3_M1_OWN_FLAG_HOME,73b77ac3a0efb2c33a4498544c96bb702a656cbbfe17af18ec859c6d6b4c2142,True
667,pi_B_specialist_2v2_dual_branch_v1,2508,161280,78,96,,OP3,OPPONENT_POOL,train,map_a_open,-1,0,SCRIPTED:OP7,6,1,1,0,1,240,0.5600000023841858,1,0,0,27,0,0,0,0,0,0,0,0,0,0,0,0,0,0,0,0,216.0,7.545908610026042,1.0,0.0,-0.012616634368896484,0.0,0.0,0.0,0.0,0.24417726695537567,map_a,map_a_open,RULESET_V3_M1_OWN_FLAG_HOME,73b77ac3a0efb2c33a4498544c96bb702a656cbbfe17af18ec859c6d6b4c2142,True
668,pi_B_specialist_2v2_dual_branch_v1,2508,161280,78,96,,OP3,OPPONENT_POOL,train,map_a_open,-1,0,SCRIPTED:OP7,6,0,0,0,0,240,0.5600000023841858,1,0,0,57,0,0,0,0,0,0,0,0,0,0,0,0,0,0,0,0,,6.81542002360026,-0.5,0.0,-0.017021924257278442,0.0,0.0,0.0,-0.00800000037997961,-0.12736834585666656,map_a,map_a_open,RULESET_V3_M1_OWN_FLAG_HOME,73b77ac3a0efb2c33a4498544c96bb702a656cbbfe17af18ec859c6d6b4c2142,True
669,pi_B_specialist_2v2_dual_branch_v1,2508,161280,78,96,,OP3,OPPONENT_POOL,train,map_a_open,-1,0,SCRIPTED:OP7,6,0,0,0,0,240,0.5199999809265137,0,1,0,64,0,0,0,0,0,0,0,0,0,0,0,0,0,0,0,0,,6.381559244791666,-0.5,0.0,-0.00969204306602478,0.0,0.0,0.0,0.0,-0.12494934350252151,map_a,map_a_open,RULESET_V3_M1_OWN_FLAG_HOME,73b77ac3a0efb2c33a4498544c96bb702a656cbbfe17af18ec859c6d6b4c2142,True
670,pi_B_specialist_2v2_dual_branch_v1,2508,161280,78,96,,OP3,OPPONENT_POOL,train,map_a_open,-1,0,SCRIPTED:OP7,6,0,0,0,0,240,0.5199999809265137,0,1,0,52,0,0,0,0,0,0,0,0,0,0,0,0,0,0,0,0,,7.298023478190104,-0.5,0.0,-0.00719684362411499,0.0,0.0,0.0,-0.004000000189989805,-0.1257801353931427,map_a,map_a_open,RULESET_V3_M1_OWN_FLAG_HOME,73b77ac3a0efb2c33a4498544c96bb702a656cbbfe17af18ec859c6d6b4c2142,True
671,pi_B_specialist_2v2_dual_branch_v1,2508,161280,78,96,,OP3,OPPONENT_POOL,train,map_a_open,-1,0,SCRIPTED:OP7,6,0,0,0,0,240,0.5199999809265137,1,0,0,36,0,0,0,0,0,0,0,0,0,0,0,0,0,0,0,0,,7.653853352864584,-0.5,0.0,0.007332861423492432,0.0,0.0,0.0,0.0,-0.12390176951885223,map_a,map_a_open,RULESET_V3_M1_OWN_FLAG_HOME,73b77ac3a0efb2c33a4498544c96bb702a656cbbfe17af18ec859c6d6b4c2142,True
672,pi_B_specialist_2v2_dual_branch_v1,2508,161280,78,96,,OP3,OPPONENT_POOL,train,map_a_open,-1,0,SCRIPTED:OP7,6,0,0,0,0,240,0.5600000023841858,1,0,0,20,0,0,0,0,0,0,0,0,0,0,0,0,0,0,0,0,,9.245325724283854,-0.5,0.0,0.0013514161109924316,0.04062499850988388,0.0,0.0,0.0,-0.12176921218633652,map_a,map_a_open,RULESET_V3_M1_OWN_FLAG_HOME,73b77ac3a0efb2c33a4498544c96bb702a656cbbfe17af18ec859c6d6b4c2142,True
673,pi_B_specialist_2v2_dual_branch_v1,2508,162416,79,39,,OP3,OPPONENT_POOL,train,map_a_open,-1,0,SCRIPTED:OP7,6,0,0,0,0,240,0.5600000023841858,0,1,0,66,0,0,0,0,0,0,0,0,0,0,0,0,0,0,0,0,,6.770037841796875,-0.5,0.0,0.004982739686965942,0.0,0.0,0.0,0.0,-0.12404639273881912,map_a,map_a_open,RULESET_V3_M1_OWN_FLAG_HOME,73b77ac3a0efb2c33a4498544c96bb702a656cbbfe17af18ec859c6d6b4c2142,True
674,pi_B_specialist_2v2_dual_branch_v1,2508,162960,79,73,,OP3,OPPONENT_POOL,train,map_a_open,-1,0,SCRIPTED:OP7,6,0,0,1,-1,240,0.5199999809265137,1,0,0,41,0,0,0,0,0,0,0,0,0,0,0,0,0,0,0,0,93.0,6.971028645833333,-1.0,0.0,-0.004860863089561462,0.019999999552965164,0.0,0.0,-0.004000000189989805,-0.2449692189693451,map_a,map_a_open,RULESET_V3_M1_OWN_FLAG_HOME,73b77ac3a0efb2c33a4498544c96bb702a656cbbfe17af18ec859c6d6b4c2142,True
675,pi_B_specialist_2v2_dual_branch_v1,2508,163536,79,109,,OP3,OPPONENT_POOL,train,map_a_open,-1,0,SCRIPTED:OP7,6,0,0,0,0,240,0.5199999809265137,1,0,0,48,0,0,0,0,0,0,0,0,0,0,0,0,0,0,0,0,,7.3739471435546875,-0.5,0.0,-0.003471285104751587,0.0,0.0,0.0,-0.00800000037997961,-0.1265350878238678,map_a,map_a_open,RULESET_V3_M1_OWN_FLAG_HOME,73b77ac3a0efb2c33a4498544c96bb702a656cbbfe17af18ec859c6d6b4c2142,True
676,pi_B_specialist_2v2_dual_branch_v1,2508,163888,80,3,,OP3,OPPONENT_POOL,train,map_a_open,-1,0,SCRIPTED:OP7,6,0,0,0,0,240,0.5999999642372131,0,1,0,70,0,0,0,0,0,0,0,0,0,0,0,0,0,0,0,0,,6.919051106770834,-0.5,0.0,-0.012319862842559814,0.0,0.0,0.0,0.0,-0.12511101365089417,map_a,map_a_open,RULESET_V3_M1_OWN_FLAG_HOME,73b77ac3a0efb2c33a4498544c96bb702a656cbbfe17af18ec859c6d6b4c2142,True
677,pi_B_specialist_2v2_dual_branch_v1,2508,164112,80,17,,OP3,OPPONENT_POOL,train,map_a_open,-1,0,SCRIPTED:OP7,6,1,1,0,1,240,0.5199999809265137,1,0,0,56,0,0,0,0,0,0,0,0,0,0,0,0,0,0,0,0,189.0,7.429914855957032,1.0,0.0,0.004826456308364868,0.0,0.0,0.0,0.0,0.2452021986246109,map_a,map_a_open,RULESET_V3_M1_OWN_FLAG_HOME,73b77ac3a0efb2c33a4498544c96bb702a656cbbfe17af18ec859c6d6b4c2142,True
678,pi_B_specialist_2v2_dual_branch_v1,2508,164528,80,43,,OP3,OPPONENT_POOL,train,map_a_open,-1,0,SCRIPTED:OP7,6,0,0,0,0,240,0.5999999642372131,1,0,0,27,0,0,0,0,0,0,0,0,0,0,0,0,0,0,0,0,,7.599283345540365,-0.5,0.0,0.017429649829864502,0.0,0.0,0.0,-0.00800000037997961,-0.1252494752407074,map_a,map_a_open,RULESET_V3_M1_OWN_FLAG_HOME,73b77ac3a0efb2c33a4498544c96bb702a656cbbfe17af18ec859c6d6b4c2142,True
679,pi_B_specialist_2v2_dual_branch_v1,2508,164720,80,55,,OP3,OPPONENT_POOL,train,map_a_open,-1,0,SCRIPTED:OP7,6,0,0,1,-1,240,0.5199999809265137,1,0,0,33,0,0,0,0,0,0,0,0,0,0,0,0,0,0,0,0,108.0,6.898296101888021,-1.0,0.0,0.017546653747558594,0.0,0.0,0.0,0.0,-0.2438874989748001,map_a,map_a_open,RULESET_V3_M1_OWN_FLAG_HOME,73b77ac3a0efb2c33a4498544c96bb702a656cbbfe17af18ec859c6d6b4c2142,True
680,pi_B_specialist_2v2_dual_branch_v1,2508,165120,80,80,,OP3,OPPONENT_POOL,train,map_a_open,-1,0,SCRIPTED:OP7,6,0,0,0,0,240,0.5600000023841858,1,0,0,64,0,0,0,0,0,0,0,0,0,0,0,0,0,0,0,0,,6.475034077962239,-0.5,0.0,-0.005292922258377075,0.0,0.0,0.0,-0.00800000037997961,-0.12664709985256195,map_a,map_a_open,RULESET_V3_M1_OWN_FLAG_HOME,73b77ac3a0efb2c33a4498544c96bb702a656cbbfe17af18ec859c6d6b4c2142,True
681,pi_B_specialist_2v2_dual_branch_v1,2508,165120,80,80,,OP3,OPPONENT_POOL,train,map_a_open,-1,0,SCRIPTED:OP7,6,1,1,0,1,240,0.5199999809265137,0,1,0,70,0,0,0,0,0,0,0,0,0,0,0,0,0,0,0,0,212.0,6.440595499674479,1.0,0.0,0.017514944076538086,0.0,0.0,0.0,-0.004000000189989805,0.24500764906406403,map_a,map_a_open,RULESET_V3_M1_OWN_FLAG_HOME,73b77ac3a0efb2c33a4498544c96bb702a656cbbfe17af18ec859c6d6b4c2142,True
682,pi_B_specialist_2v2_dual_branch_v1,2508,165120,80,80,,OP3,OPPONENT_POOL,train,map_a_open,-1,0,SCRIPTED:OP7,6,1,1,0,1,240,0.5600000023841858,1,0,0,37,0,0,0,0,0,0,0,0,0,0,0,0,0,0,0,0,27.0,7.800357055664063,1.0,0.0,0.0008528083562850952,0.04999999701976776,0.0,0.0,0.0,0.247903972864151,map_a,map_a_open,RULESET_V3_M1_OWN_FLAG_HOME,73b77ac3a0efb2c33a4498544c96bb702a656cbbfe17af18ec859c6d6b4c2142,True
683,pi_B_specialist_2v2_dual_branch_v1,2508,165120,80,80,,OP3,OPPONENT_POOL,train,map_a_open,-1,0,SCRIPTED:OP7,6,0,1,2,-1,240,0.5199999809265137,1,0,0,49,0,0,0,0,0,0,0,0,0,0,0,0,0,0,0,0,63.0,6.515072631835937,-1.0,0.0,0.0087507963180542,0.02499999850988388,0.0,0.0,-0.00800000037997961,-0.24481579661369324,map_a,map_a_open,RULESET_V3_M1_OWN_FLAG_HOME,73b77ac3a0efb2c33a4498544c96bb702a656cbbfe17af18ec859c6d6b4c2142,True
684,pi_B_specialist_2v2_dual_branch_v1,2508,165120,80,80,,OP3,OPPONENT_POOL,train,map_a_open,-1,0,SCRIPTED:OP7,6,0,0,1,-1,240,0.5600000023841858,0,3,0,56,0,0,0,0,0,0,0,0,0,0,0,0,0,0,0,0,227.0,6.667050170898437,-1.0,0.0,0.005713820457458496,0.0,0.0,0.0,0.0,-0.2445829212665558,map_a,map_a_open,RULESET_V3_M1_OWN_FLAG_HOME,73b77ac3a0efb2c33a4498544c96bb702a656cbbfe17af18ec859c6d6b4c2142,True
685,pi_B_specialist_2v2_dual_branch_v1,2508,165120,80,80,,OP3,OPPONENT_POOL,train,map_a_open,-1,0,SCRIPTED:OP7,6,1,1,0,1,240,0.5999999642372131,0,2,0,68,0,0,0,0,0,0,0,0,0,0,0,0,0,0,0,0,88.0,6.495579020182292,1.0,0.0,-0.0038333237171173096,0.0,0.0,0.0,-0.004000000189989805,0.2437530755996704,map_a,map_a_open,RULESET_V3_M1_OWN_FLAG_HOME,73b77ac3a0efb2c33a4498544c96bb702a656cbbfe17af18ec859c6d6b4c2142,True
686,pi_B_specialist_2v2_dual_branch_v1,2508,165120,80,80,,OP3,OPPONENT_POOL,train,map_a_open,-1,0,SCRIPTED:OP7,6,0,0,0,0,240,0.7999999523162842,0,2,0,39,0,0,0,0,0,0,0,0,0,0,0,0,0,0,0,0,,7.736114501953125,-0.5,0.0,-0.01276126503944397,0.0,0.0,0.0,-0.004000000189989805,-0.1261224001646042,map_a,map_a_open,RULESET_V3_M1_OWN_FLAG_HOME,73b77ac3a0efb2c33a4498544c96bb702a656cbbfe17af18ec859c6d6b4c2142,True
687,pi_B_specialist_2v2_dual_branch_v1,2508,165120,80,80,,OP3,OPPONENT_POOL,train,map_a_open,-1,0,SCRIPTED:OP7,6,0,0,0,0,240,0.5999999642372131,1,0,0,54,0,0,0,0,0,0,0,0,0,0,0,0,0,0,0,0,,7.1911982218424475,-0.5,0.0,-0.02409881353378296,0.0,0.0,0.0,-0.00800000037997961,-0.12780345976352692,map_a,map_a_open,RULESET_V3_M1_OWN_FLAG_HOME,73b77ac3a0efb2c33a4498544c96bb702a656cbbfe17af18ec859c6d6b4c2142,True
688,pi_B_specialist_2v2_dual_branch_v1,2508,165120,80,80,,OP3,OPPONENT_POOL,train,map_a_open,-1,0,SCRIPTED:OP7,6,0,1,1,0,240,0.5600000023841858,1,0,0,49,0,0,0,0,0,0,0,0,0,0,0,0,0,0,0,0,65.0,6.721635945638021,-0.5,0.0,-0.01854953169822693,0.0,0.0,0.0,-0.004000000189989805,-0.1264783889055252,map_a,map_a_open,RULESET_V3_M1_OWN_FLAG_HOME,73b77ac3a0efb2c33a4498544c96bb702a656cbbfe17af18ec859c6d6b4c2142,True
689,pi_B_specialist_2v2_dual_branch_v1,2508,166256,81,23,,OP3,OPPONENT_POOL,train,map_a_open,-1,0,SCRIPTED:OP7,6,0,0,1,-1,240,0.5999999642372131,1,0,0,50,0,0,0,0,0,0,0,0,0,0,0,0,0,0,0,0,128.0,6.487708028157552,-1.0,0.0,-0.02067887783050537,0.0,0.0,0.0,-0.00800000037997961,-0.24801109731197357,map_a,map_a_open,RULESET_V3_M1_OWN_FLAG_HOME,73b77ac3a0efb2c33a4498544c96bb702a656cbbfe17af18ec859c6d6b4c2142,True
690,pi_B_specialist_2v2_dual_branch_v1,2508,166800,81,57,,OP3,OPPONENT_POOL,train,map_a_open,-1,0,SCRIPTED:OP7,6,0,0,0,0,240,0.5199999809265137,0,1,0,21,0,0,0,0,0,0,0,0,0,0,0,0,0,0,0,0,,9.64521993001302,-0.5,0.0,0.006583318114280701,0.04999999701976776,0.0,0.0,-0.004000000189989805,-0.1218549981713295,map_a,map_a_open,RULESET_V3_M1_OWN_FLAG_HOME,73b77ac3a0efb2c33a4498544c96bb702a656cbbfe17af18ec859c6d6b4c2142,True
691,pi_B_specialist_2v2_dual_branch_v1,2508,167376,81,93,,OP3,OPPONENT_POOL,train,map_a_open,-1,0,SCRIPTED:OP7,6,1,1,0,1,240,0.6800000071525574,0,1,0,44,0,0,0,0,0,0,0,0,0,0,0,0,0,0,0,0,117.0,7.045208740234375,1.0,0.0,-0.0018446147441864014,0.0,0.0,0.0,0.0,0.2448102831840515,map_a,map_a_open,RULESET_V3_M1_OWN_FLAG_HOME,73b77ac3a0efb2c33a4498544c96bb702a656cbbfe17af18ec859c6d6b4c2142,True
692,pi_B_specialist_2v2_dual_branch_v1,2508,167728,81,115,,OP3,OPPONENT_POOL,train,map_a_open,-1,0,SCRIPTED:OP7,6,0,0,0,0,240,0.5600000023841858,0,1,0,55,0,0,0,0,0,0,0,0,0,0,0,0,0,0,0,0,,6.619243367513021,-0.5,0.0,-0.005602747201919556,0.0,0.0,0.0,-0.00800000037997961,-0.12666617333889008,map_a,map_a_open,RULESET_V3_M1_OWN_FLAG_HOME,73b77ac3a0efb2c33a4498544c96bb702a656cbbfe17af18ec859c6d6b4c2142,True
693,pi_B_specialist_2v2_dual_branch_v1,2508,167952,82,1,,OP3,OPPONENT_POOL,train,map_a_open,-1,0,SCRIPTED:OP7,6,0,0,0,0,240,0.5600000023841858,1,0,0,37,0,0,0,0,0,0,0,0,0,0,0,0,0,0,0,0,,8.398862711588542,-0.5,0.0,-0.020583003759384155,0.0,0.0,0.0,-0.004000000189989805,-0.12660343945026398,map_a,map_a_open,RULESET_V3_M1_OWN_FLAG_HOME,73b77ac3a0efb2c33a4498544c96bb702a656cbbfe17af18ec859c6d6b4c2142,True
694,pi_B_specialist_2v2_dual_branch_v1,2508,168368,82,27,,OP3,OPPONENT_POOL,train,map_a_open,-1,0,SCRIPTED:OP7,6,0,0,0,0,240,0.5600000023841858,1,0,0,55,0,0,0,0,0,0,0,0,0,0,0,0,0,0,0,0,,7.22254638671875,-0.5,0.0,-0.0013490617275238037,0.0,0.0,0.0,-0.004000000189989805,-0.12542040646076202,map_a,map_a_open,RULESET_V3_M1_OWN_FLAG_HOME,73b77ac3a0efb2c33a4498544c96bb702a656cbbfe17af18ec859c6d6b4c2142,True
695,pi_B_specialist_2v2_dual_branch_v1,2508,168560,82,39,,OP3,OPPONENT_POOL,train,map_a_open,-1,0,SCRIPTED:OP7,6,0,0,0,0,240,0.5600000023841858,1,0,0,45,0,0,0,0,0,0,0,0,0,0,0,0,0,0,0,0,,8.782518513997395,-0.5,0.0,-0.012580841779708862,0.04062499850988388,0.0,0.0,0.0,-0.12262698262929916,map_a,map_a_open,RULESET_V3_M1_OWN_FLAG_HOME,73b77ac3a0efb2c33a4498544c96bb702a656cbbfe17af18ec859c6d6b4c2142,True
696,pi_B_specialist_2v2_dual_branch_v1,2508,168960,82,64,,OP3,OPPONENT_POOL,train,map_a_open,-1,0,SCRIPTED:OP7,6,0,0,0,0,240,0.5999999642372131,1,0,0,54,0,0,0,0,0,0,0,0,0,0,0,0,0,0,0,0,,6.245838928222656,-0.5,0.0,0.01385757327079773,0.02499999850988388,0.0,0.0,0.0,-0.12196124345064163,map_a,map_a_open,RULESET_V3_M1_OWN_FLAG_HOME,73b77ac3a0efb2c33a4498544c96bb702a656cbbfe17af18ec859c6d6b4c2142,True
697,pi_B_specialist_2v2_dual_branch_v1,2508,168960,82,64,,OP3,OPPONENT_POOL,train,map_a_open,-1,0,SCRIPTED:OP7,6,0,0,0,0,240,0.5600000023841858,0,1,0,73,0,0,0,0,0,0,0,0,0,0,0,0,0,0,0,0,,6.449388122558593,-0.5,0.0,-0.005076080560684204,0.0,0.0,0.0,-0.004000000189989805,-0.12564969062805176,map_a,map_a_open,RULESET_V3_M1_OWN_FLAG_HOME,73b77ac3a0efb2c33a4498544c96bb702a656cbbfe17af18ec859c6d6b4c2142,True
698,pi_B_specialist_2v2_dual_branch_v1,2508,168960,82,64,,OP3,OPPONENT_POOL,train,map_a_open,-1,0,SCRIPTED:OP7,6,0,0,0,0,240,0.5199999809265137,1,0,0,20,0,0,0,0,0,0,0,0,0,0,0,0,0,0,0,0,,10.09226582845052,-0.5,0.0,-0.0169602632522583,0.04999999701976776,0.0,0.0,0.0,-0.12231943756341934,map_a,map_a_open,RULESET_V3_M1_OWN_FLAG_HOME,73b77ac3a0efb2c33a4498544c96bb702a656cbbfe17af18ec859c6d6b4c2142,True
699,pi_B_specialist_2v2_dual_branch_v1,2508,168960,82,64,,OP3,OPPONENT_POOL,train,map_a_open,-1,0,SCRIPTED:OP7,6,0,0,0,0,240,0.5600000023841858,0,1,0,54,0,0,0,0,0,0,0,0,0,0,0,0,0,0,0,0,,6.822824096679687,-0.5,0.0,-0.019217729568481445,0.0,0.0,0.0,-0.004000000189989805,-0.12651948630809784,map_a,map_a_open,RULESET_V3_M1_OWN_FLAG_HOME,73b77ac3a0efb2c33a4498544c96bb702a656cbbfe17af18ec859c6d6b4c2142,True
700,pi_B_specialist_2v2_dual_branch_v1,2508,168960,82,64,,OP3,OPPONENT_POOL,train,map_a_open,-1,0,SCRIPTED:OP7,6,0,1,1,0,240,0.5199999809265137,1,0,0,54,0,0,0,0,0,0,0,0,0,0,0,0,0,0,0,0,109.0,6.7876942952473955,-0.5,0.0,0.008788704872131348,0.0,0.0,0.0,-0.004000000189989805,-0.12479671090841293,map_a,map_a_open,RULESET_V3_M1_OWN_FLAG_HOME,73b77ac3a0efb2c33a4498544c96bb702a656cbbfe17af18ec859c6d6b4c2142,True
701,pi_B_specialist_2v2_dual_branch_v1,2508,168960,82,64,,OP3,OPPONENT_POOL,train,map_a_open,-1,0,SCRIPTED:OP7,6,0,0,0,0,240,0.5199999809265137,1,0,0,50,0,0,0,0,0,0,0,0,0,0,0,0,0,0,0,0,,6.506716918945313,-0.5,0.0,0.016734838485717773,0.0,0.0,0.0,0.0,-0.12332312017679214,map_a,map_a_open,RULESET_V3_M1_OWN_FLAG_HOME,73b77ac3a0efb2c33a4498544c96bb702a656cbbfe17af18ec859c6d6b4c2142,True
702,pi_B_specialist_2v2_dual_branch_v1,2508,168960,82,64,,OP3,OPPONENT_POOL,train,map_a_open,-1,0,SCRIPTED:OP7,6,1,1,0,1,240,0.5999999642372131,0,2,0,30,0,0,0,0,0,0,0,0,0,0,0,0,0,0,0,0,141.0,6.7593744913736975,1.0,0.0,0.005245774984359741,0.0,0.0,0.0,0.0,0.24522681534290314,map_a,map_a_open,RULESET_V3_M1_OWN_FLAG_HOME,73b77ac3a0efb2c33a4498544c96bb702a656cbbfe17af18ec859c6d6b4c2142,True
703,pi_B_specialist_2v2_dual_branch_v1,2508,168960,82,64,,OP3,OPPONENT_POOL,train,map_a_open,-1,0,SCRIPTED:OP7,6,0,0,0,0,240,0.6399999856948853,1,0,0,57,0,0,0,0,0,0,0,0,0,0,0,0,0,0,0,0,,6.828671264648437,-0.5,0.0,-0.00530049204826355,0.0,0.0,0.0,-0.004000000189989805,-0.12566348910331726,map_a,map_a_open,RULESET_V3_M1_OWN_FLAG_HOME,73b77ac3a0efb2c33a4498544c96bb702a656cbbfe17af18ec859c6d6b4c2142,True
704,pi_B_specialist_2v2_dual_branch_v1,2508,168960,82,64,,OP3,OPPONENT_POOL,train,map_a_open,-1,0,SCRIPTED:OP7,6,0,0,1,-1,240,0.5999999642372131,0,4,0,66,0,0,0,0,0,0,0,0,0,0,0,0,0,0,0,0,75.0,6.3061269124348955,-1.0,0.0,-0.0014501214027404785,0.0,0.0,0.0,-0.004000000189989805,-0.2459435760974884,map_a,map_a_open,RULESET_V3_M1_OWN_FLAG_HOME,73b77ac3a0efb2c33a4498544c96bb702a656cbbfe17af18ec859c6d6b4c2142,True
705,pi_B_specialist_2v2_dual_branch_v1,2508,170096,83,7,,OP3,OPPONENT_POOL,train,map_a_open,-1,0,SCRIPTED:OP7,6,1,1,0,1,240,0.6399999856948853,0,1,0,71,0,0,0,0,0,0,0,0,0,0,0,0,0,0,0,0,146.0,6.046327209472656,1.0,0.0,-0.0029101967811584473,0.0,0.0,0.0,0.0,0.24474766850471497,map_a,map_a_open,RULESET_V3_M1_OWN_FLAG_HOME,73b77ac3a0efb2c33a4498544c96bb702a656cbbfe17af18ec859c6d6b4c2142,True
706,pi_B_specialist_2v2_dual_branch_v1,2508,170640,83,41,,OP3,OPPONENT_POOL,train,map_a_open,-1,0,SCRIPTED:OP7,6,0,1,1,0,240,0.4399999976158142,0,1,0,59,0,0,0,0,0,0,0,0,0,0,0,0,0,0,0,0,90.0,6.961358133951823,-0.5,0.0,0.017280668020248413,0.0,0.0,0.0,-0.00800000037997961,-0.1252586394548416,map_a,map_a_open,RULESET_V3_M1_OWN_FLAG_HOME,73b77ac3a0efb2c33a4498544c96bb702a656cbbfe17af18ec859c6d6b4c2142,True
707,pi_B_specialist_2v2_dual_branch_v1,2508,171216,83,77,,OP3,OPPONENT_POOL,train,map_a_open,-1,0,SCRIPTED:OP7,6,1,1,0,1,240,0.5600000023841858,0,2,0,50,0,0,0,0,0,0,0,0,0,0,0,0,0,0,0,0,102.0,6.697010803222656,1.0,0.0,0.002846747636795044,0.0,0.0,0.0,0.0,0.24508589506149292,map_a,map_a_open,RULESET_V3_M1_OWN_FLAG_HOME,73b77ac3a0efb2c33a4498544c96bb702a656cbbfe17af18ec859c6d6b4c2142,True
708,pi_B_specialist_2v2_dual_branch_v1,2508,171568,83,99,,OP3,OPPONENT_POOL,train,map_a_open,-1,0,SCRIPTED:OP7,6,1,1,0,1,240,0.5199999809265137,0,1,0,64,0,0,0,0,0,0,0,0,0,0,0,0,0,0,0,0,60.0,6.2404230753580725,1.0,0.0,-0.01053529977798462,0.0,0.0,0.0,-0.004000000189989805,0.2433590441942215,map_a,map_a_open,RULESET_V3_M1_OWN_FLAG_HOME,73b77ac3a0efb2c33a4498544c96bb702a656cbbfe17af18ec859c6d6b4c2142,True
709,pi_B_specialist_2v2_dual_branch_v1,2508,171792,83,113,,OP3,OPPONENT_POOL,train,map_a_open,-1,0,SCRIPTED:OP7,6,0,0,1,-1,240,0.5199999809265137,1,0,0,48,0,0,0,0,0,0,0,0,0,0,0,0,0,0,0,0,34.0,7.205059305826823,-1.0,0.0,-0.0006617754697799683,0.04062499850988388,0.0,0.0,0.0,-0.24256934225559235,map_a,map_a_open,RULESET_V3_M1_OWN_FLAG_HOME,73b77ac3a0efb2c33a4498544c96bb702a656cbbfe17af18ec859c6d6b4c2142,True
710,pi_B_specialist_2v2_dual_branch_v1,2508,172208,84,11,,OP3,OPPONENT_POOL,train,map_a_open,-1,0,SCRIPTED:OP7,6,1,1,0,1,240,0.5999999642372131,0,1,0,71,0,0,0,0,0,0,0,0,0,0,0,0,0,0,0,0,227.0,6.628888448079427,1.0,0.0,0.017289400100708008,0.0,0.0,0.0,0.0,0.2459341436624527,map_a,map_a_open,RULESET_V3_M1_OWN_FLAG_HOME,73b77ac3a0efb2c33a4498544c96bb702a656cbbfe17af18ec859c6d6b4c2142,True
711,pi_B_specialist_2v2_dual_branch_v1,2508,172400,84,23,,OP3,OPPONENT_POOL,train,map_a_open,-1,0,SCRIPTED:OP7,6,0,0,0,0,240,0.6399999856948853,1,0,0,32,0,0,0,0,0,0,0,0,0,0,0,0,0,0,0,0,,7.415665690104166,-0.5,0.0,0.008075445890426636,0.0,0.0,0.0,-0.004000000189989805,-0.12484060227870941,map_a,map_a_open,RULESET_V3_M1_OWN_FLAG_HOME,73b77ac3a0efb2c33a4498544c96bb702a656cbbfe17af18ec859c6d6b4c2142,True
712,pi_B_specialist_2v2_dual_branch_v1,2508,172800,84,48,,OP3,OPPONENT_POOL,train,map_a_open,-1,0,SCRIPTED:OP7,6,1,1,0,1,240,0.5999999642372131,1,0,0,78,0,0,0,0,0,0,0,0,0,0,0,0,0,0,0,0,107.0,5.9633631388346355,1.0,0.0,-0.020695358514785767,0.0,0.0,0.0,-0.00800000037997961,0.24182026088237762,map_a,map_a_open,RULESET_V3_M1_OWN_FLAG_HOME,73b77ac3a0efb2c33a4498544c96bb702a656cbbfe17af18ec859c6d6b4c2142,True
713,pi_B_specialist_2v2_dual_branch_v1,2508,172800,84,48,,OP3,OPPONENT_POOL,train,map_a_open,-1,0,SCRIPTED:OP7,6,0,0,0,0,240,0.5199999809265137,1,0,0,64,0,0,0,0,0,0,0,0,0,0,0,0,0,0,0,0,,6.969524129231771,-0.5,0.0,0.007360637187957764,0.0,0.0,0.0,-0.004000000189989805,-0.12488458305597305,map_a,map_a_open,RULESET_V3_M1_OWN_FLAG_HOME,73b77ac3a0efb2c33a4498544c96bb702a656cbbfe17af18ec859c6d6b4c2142,True
714,pi_B_specialist_2v2_dual_branch_v1,2508,172800,84,48,,OP3,OPPONENT_POOL,train,map_a_open,-1,0,SCRIPTED:OP7,6,1,2,0,2,240,0.6399999856948853,0,1,0,54,0,0,0,0,0,0,0,0,0,0,0,0,0,0,0,0,177.0,6.435772196451823,1.0,0.0,0.006866484880447388,0.0,0.0,0.0,-0.004000000189989805,0.24438197910785675,map_a,map_a_open,RULESET_V3_M1_OWN_FLAG_HOME,73b77ac3a0efb2c33a4498544c96bb702a656cbbfe17af18ec859c6d6b4c2142,True
715,pi_B_specialist_2v2_dual_branch_v1,2508,172800,84,48,,OP3,OPPONENT_POOL,train,map_a_open,-1,0,SCRIPTED:OP7,6,0,0,0,0,240,0.5199999809265137,0,1,0,57,0,0,0,0,0,0,0,0,0,0,0,0,0,0,0,0,,6.349383544921875,-0.5,0.0,0.009180128574371338,0.0,0.0,0.0,-0.004000000189989805,-0.12477264553308487,map_a,map_a_open,RULESET_V3_M1_OWN_FLAG_HOME,73b77ac3a0efb2c33a4498544c96bb702a656cbbfe17af18ec859c6d6b4c2142,True
716,pi_B_specialist_2v2_dual_branch_v1,2508,172800,84,48,,OP3,OPPONENT_POOL,train,map_a_open,-1,0,SCRIPTED:OP7,6,1,2,1,1,240,0.5999999642372131,1,0,0,77,0,0,0,0,0,0,0,0,0,0,0,0,0,0,0,0,70.0,6.2693120320638025,1.0,0.0,0.010631710290908813,0.0,0.0,0.0,-0.004000000189989805,0.2446032464504242,map_a,map_a_open,RULESET_V3_M1_OWN_FLAG_HOME,73b77ac3a0efb2c33a4498544c96bb702a656cbbfe17af18ec859c6d6b4c2142,True
717,pi_B_specialist_2v2_dual_branch_v1,2508,172800,84,48,,OP3,OPPONENT_POOL,train,map_a_open,-1,0,SCRIPTED:OP7,6,1,1,0,1,240,0.5600000023841858,1,0,0,81,0,0,0,0,0,0,0,0,0,0,0,0,0,0,0,0,56.0,5.953173319498698,1.0,0.0,-0.0046975016593933105,0.0,0.0,0.0,-0.004000000189989805,0.2437022626399994,map_a,map_a_open,RULESET_V3_M1_OWN_FLAG_HOME,73b77ac3a0efb2c33a4498544c96bb702a656cbbfe17af18ec859c6d6b4c2142,True
718,pi_B_specialist_2v2_dual_branch_v1,2508,172800,84,48,,OP3,OPPONENT_POOL,train,map_a_open,-1,0,SCRIPTED:OP7,6,0,0,0,0,240,0.47999998927116394,0,1,0,66,0,0,0,0,0,0,0,0,0,0,0,0,0,0,0,0,,6.296495056152343,-0.5,0.0,-0.0013329088687896729,0.0,0.0,0.0,-0.004000000189989805,-0.12541942298412323,map_a,map_a_open,RULESET_V3_M1_OWN_FLAG_HOME,73b77ac3a0efb2c33a4498544c96bb702a656cbbfe17af18ec859c6d6b4c2142,True
719,pi_B_specialist_2v2_dual_branch_v1,2508,172800,84,48,,OP3,OPPONENT_POOL,train,map_a_open,-1,0,SCRIPTED:OP7,6,1,2,0,2,240,0.5600000023841858,1,0,0,64,0,0,0,0,0,0,0,0,0,0,0,0,0,0,0,0,99.0,6.623524475097656,1.0,0.0,0.010115444660186768,0.0,0.0,0.0,0.0,0.24551285803318024,map_a,map_a_open,RULESET_V3_M1_OWN_FLAG_HOME,73b77ac3a0efb2c33a4498544c96bb702a656cbbfe17af18ec859c6d6b4c2142,True
720,pi_B_specialist_2v2_dual_branch_v1,2508,172800,84,48,,OP3,OPPONENT_POOL,train,map_a_open,-1,0,SCRIPTED:OP7,6,0,0,1,-1,240,0.5600000023841858,1,0,0,58,0,0,0,0,0,0,0,0,0,0,0,0,0,0,0,0,95.0,6.632823181152344,-1.0,0.0,0.013560712337493896,0.0,0.0,0.0,0.0,-0.24412177503108978,map_a,map_a_open,RULESET_V3_M1_OWN_FLAG_HOME,73b77ac3a0efb2c33a4498544c96bb702a656cbbfe17af18ec859c6d6b4c2142,True
721,pi_B_specialist_2v2_dual_branch_v1,2508,173936,84,119,,OP3,OPPONENT_POOL,train,map_a_open,-1,0,SCRIPTED:OP7,6,0,0,0,0,240,0.5199999809265137,1,0,0,53,0,0,0,0,0,0,0,0,0,0,0,0,0,0,0,0,,6.755880228678385,-0.5,0.0,0.008161723613739014,0.0,0.0,0.0,-0.00800000037997961,-0.125819593667984,map_a,map_a_open,RULESET_V3_M1_OWN_FLAG_HOME,73b77ac3a0efb2c33a4498544c96bb702a656cbbfe17af18ec859c6d6b4c2142,True
722,pi_B_specialist_2v2_dual_branch_v1,2508,174480,85,25,,OP3,OPPONENT_POOL,train,map_a_open,-1,0,SCRIPTED:OP7,6,0,0,0,0,240,0.5600000023841858,0,3,0,67,0,0,0,0,0,0,0,0,0,0,0,0,0,0,0,0,,6.338878885904948,-0.5,0.0,-0.014476567506790161,0.0,0.0,0.0,-0.00800000037997961,-0.12721183896064758,map_a,map_a_open,RULESET_V3_M1_OWN_FLAG_HOME,73b77ac3a0efb2c33a4498544c96bb702a656cbbfe17af18ec859c6d6b4c2142,True
723,pi_B_specialist_2v2_dual_branch_v1,2508,175056,85,61,,OP3,OPPONENT_POOL,train,map_a_open,-1,0,SCRIPTED:OP7,6,1,1,0,1,240,0.5999999642372131,0,1,0,29,0,0,0,0,0,0,0,0,0,0,0,0,0,0,0,0,156.0,7.334761555989584,1.0,0.10000000149011612,-0.0024849623441696167,0.0,0.0,0.0,0.0,0.26812705397605896,map_a,map_a_open,RULESET_V3_M1_OWN_FLAG_HOME,73b77ac3a0efb2c33a4498544c96bb702a656cbbfe17af18ec859c6d6b4c2142,True
724,pi_B_specialist_2v2_dual_branch_v1,2508,175408,85,83,,OP3,OPPONENT_POOL,train,map_a_open,-1,0,SCRIPTED:OP7,6,0,1,1,0,240,0.5999999642372131,0,1,0,58,0,0,0,0,0,0,0,0,0,0,0,0,0,0,0,0,103.0,6.43996327718099,-0.5,0.0,-0.0016616880893707275,0.0,0.0,0.0,-0.004000000189989805,-0.12543965876102448,map_a,map_a_open,RULESET_V3_M1_OWN_FLAG_HOME,73b77ac3a0efb2c33a4498544c96bb702a656cbbfe17af18ec859c6d6b4c2142,True
725,pi_B_specialist_2v2_dual_branch_v1,2508,175632,85,97,,OP3,OPPONENT_POOL,train,map_a_open,-1,0,SCRIPTED:OP7,6,1,2,0,2,240,0.5999999642372131,1,0,0,37,0,0,0,0,0,0,0,0,0,0,0,0,0,0,0,0,85.0,6.8327382405598955,1.0,0.10000000149011612,-0.010394826531410217,0.0,0.0,0.0,-0.004000000189989805,0.26673954725265503,map_a,map_a_open,RULESET_V3_M1_OWN_FLAG_HOME,73b77ac3a0efb2c33a4498544c96bb702a656cbbfe17af18ec859c6d6b4c2142,True
726,pi_B_specialist_2v2_dual_branch_v1,2508,176048,85,123,,OP3,OPPONENT_POOL,train,map_a_open,-1,0,SCRIPTED:OP7,6,0,0,0,0,240,0.7199999690055847,0,2,0,43,0,0,0,0,0,0,0,0,0,0,0,0,0,0,0,0,,7.0694224039713545,-0.5,0.0,-0.0005923807621002197,0.0,0.0,0.0,-0.004000000189989805,-0.12537387013435364,map_a,map_a_open,RULESET_V3_M1_OWN_FLAG_HOME,73b77ac3a0efb2c33a4498544c96bb702a656cbbfe17af18ec859c6d6b4c2142,True
727,pi_B_specialist_2v2_dual_branch_v1,2508,176240,86,7,,OP3,OPPONENT_POOL,train,map_a_open,-1,0,SCRIPTED:OP7,6,1,1,0,1,240,0.5199999809265137,1,0,0,51,0,0,0,0,0,0,0,0,0,0,0,0,0,0,0,0,65.0,6.893639628092448,1.0,0.0,-0.0028569698333740234,0.04999999701976776,0.0,0.0,-0.004000000189989805,0.2467474639415741,map_a,map_a_open,RULESET_V3_M1_OWN_FLAG_HOME,73b77ac3a0efb2c33a4498544c96bb702a656cbbfe17af18ec859c6d6b4c2142,True
728,pi_B_specialist_2v2_dual_branch_v1,2508,176640,86,32,,OP3,OPPONENT_POOL,train,map_a_open,-1,0,SCRIPTED:OP7,6,0,0,0,0,240,0.6399999856948853,0,1,0,62,0,0,0,0,0,0,0,0,0,0,0,0,0,0,0,0,,6.447681681315104,-0.5,0.0,0.017363697290420532,0.0,0.0,0.0,0.0,-0.12328441441059113,map_a,map_a_open,RULESET_V3_M1_OWN_FLAG_HOME,73b77ac3a0efb2c33a4498544c96bb702a656cbbfe17af18ec859c6d6b4c2142,True
729,pi_B_specialist_2v2_dual_branch_v1,2508,176640,86,32,,OP3,OPPONENT_POOL,train,map_a_open,-1,0,SCRIPTED:OP7,6,1,1,0,1,240,0.47999998927116394,1,0,0,47,0,0,0,0,0,0,0,0,0,0,0,0,0,0,0,0,110.0,6.595481363932292,1.0,0.0,-0.0016766786575317383,0.0,0.0,0.0,-0.00800000037997961,0.24293909966945648,map_a,map_a_open,RULESET_V3_M1_OWN_FLAG_HOME,73b77ac3a0efb2c33a4498544c96bb702a656cbbfe17af18ec859c6d6b4c2142,True
730,pi_B_specialist_2v2_dual_branch_v1,2508,176640,86,32,,OP3,OPPONENT_POOL,train,map_a_open,-1,0,SCRIPTED:OP7,6,1,1,0,1,240,0.5999999642372131,0,1,0,72,0,0,0,0,0,0,0,0,0,0,0,0,0,0,0,0,62.0,6.059333801269531,1.0,0.0,0.018102332949638367,0.019999999552965164,0.0,0.0,0.0,0.24715587496757507,map_a,map_a_open,RULESET_V3_M1_OWN_FLAG_HOME,73b77ac3a0efb2c33a4498544c96bb702a656cbbfe17af18ec859c6d6b4c2142,True
731,pi_B_specialist_2v2_dual_branch_v1,2508,176640,86,32,,OP3,OPPONENT_POOL,train,map_a_open,-1,0,SCRIPTED:OP7,6,1,2,0,2,240,0.5199999809265137,1,0,0,67,0,0,0,0,0,0,0,0,0,0,0,0,0,0,0,0,88.0,6.46933848063151,1.0,0.0,-0.00038695335388183594,0.0,0.0,0.0,-0.00800000037997961,0.24301494657993317,map_a,map_a_open,RULESET_V3_M1_OWN_FLAG_HOME,73b77ac3a0efb2c33a4498544c96bb702a656cbbfe17af18ec859c6d6b4c2142,True
732,pi_B_specialist_2v2_dual_branch_v1,2508,176640,86,32,,OP3,OPPONENT_POOL,train,map_a_open,-1,0,SCRIPTED:OP7,6,0,0,0,0,240,0.6800000071525574,0,1,0,47,0,0,0,0,0,0,0,0,0,0,0,0,0,0,0,0,,7.226910400390625,-0.5,0.0,0.017588883638381958,0.0,0.0,0.0,-0.00800000037997961,-0.12523968517780304,map_a,map_a_open,RULESET_V3_M1_OWN_FLAG_HOME,73b77ac3a0efb2c33a4498544c96bb702a656cbbfe17af18ec859c6d6b4c2142,True
733,pi_B_specialist_2v2_dual_branch_v1,2508,176640,86,32,,OP3,OPPONENT_POOL,train,map_a_open,-1,0,SCRIPTED:OP7,6,0,0,0,0,240,0.5600000023841858,1,0,0,82,0,0,0,0,0,0,0,0,0,0,0,0,0,0,0,0,,6.021322631835938,-0.5,0.0,-0.0025872886180877686,0.0,0.0,0.0,-0.004000000189989805,-0.12549658119678497,map_a,map_a_open,RULESET_V3_M1_OWN_FLAG_HOME,73b77ac3a0efb2c33a4498544c96bb702a656cbbfe17af18ec859c6d6b4c2142,True
734,pi_B_specialist_2v2_dual_branch_v1,2508,176640,86,32,,OP3,OPPONENT_POOL,train,map_a_open,-1,0,SCRIPTED:OP7,6,1,1,0,1,240,0.5600000023841858,0,1,0,71,0,0,0,0,0,0,0,0,0,0,0,0,0,0,0,0,113.0,6.337523905436198,1.0,0.0,0.017594575881958008,0.0,0.0,0.0,0.0,0.2459520548582077,map_a,map_a_open,RULESET_V3_M1_OWN_FLAG_HOME,73b77ac3a0efb2c33a4498544c96bb702a656cbbfe17af18ec859c6d6b4c2142,True
735,pi_B_specialist_2v2_dual_branch_v1,2508,176640,86,32,,OP3,OPPONENT_POOL,train,map_a_open,-1,0,SCRIPTED:OP7,6,1,1,0,1,240,0.5600000023841858,0,1,0,63,0,0,0,0,0,0,0,0,0,0,0,0,0,0,0,0,222.0,6.376798502604166,1.0,0.0,-0.02036947011947632,0.0,0.0,0.0,-0.004000000189989805,0.24278073012828827,map_a,map_a_open,RULESET_V3_M1_OWN_FLAG_HOME,73b77ac3a0efb2c33a4498544c96bb702a656cbbfe17af18ec859c6d6b4c2142,True
736,pi_B_specialist_2v2_dual_branch_v1,2508,176640,86,32,,OP3,OPPONENT_POOL,train,map_a_open,-1,0,SCRIPTED:OP7,6,0,0,0,0,240,0.5600000023841858,1,0,0,51,0,0,0,0,0,0,0,0,0,0,0,0,0,0,0,0,,7.581868489583333,-0.5,0.0,-0.0014895796775817871,0.0,0.0,0.0,-0.004000000189989805,-0.12542906403541565,map_a,map_a_open,RULESET_V3_M1_OWN_FLAG_HOME,73b77ac3a0efb2c33a4498544c96bb702a656cbbfe17af18ec859c6d6b4c2142,True
737,pi_B_specialist_2v2_dual_branch_v1,2508,177776,86,103,,OP3,OPPONENT_POOL,train,map_a_open,-1,0,SCRIPTED:OP7,6,0,0,0,0,240,0.5600000023841858,1,0,0,64,0,0,0,0,0,0,0,0,0,0,0,0,0,0,0,0,,6.640143330891927,-0.5,0.0,-0.007995575666427612,0.0,0.0,0.0,-0.004000000189989805,-0.12582926452159882,map_a,map_a_open,RULESET_V3_M1_OWN_FLAG_HOME,73b77ac3a0efb2c33a4498544c96bb702a656cbbfe17af18ec859c6d6b4c2142,True
738,pi_B_specialist_2v2_dual_branch_v1,2508,178320,87,9,,OP3,OPPONENT_POOL,train,map_a_open,-1,0,SCRIPTED:OP7,6,0,0,0,0,240,0.47999998927116394,0,1,0,38,0,0,0,0,0,0,0,0,0,0,0,0,0,0,0,0,,8.556688435872395,-0.5,0.0,-0.004924312233924866,0.04999999701976776,0.0,0.0,-0.004000000189989805,-0.12256348133087158,map_a,map_a_open,RULESET_V3_M1_OWN_FLAG_HOME,73b77ac3a0efb2c33a4498544c96bb702a656cbbfe17af18ec859c6d6b4c2142,True
739,pi_B_specialist_2v2_dual_branch_v1,2508,178896,87,45,,OP3,OPPONENT_POOL,train,map_a_open,-1,0,SCRIPTED:OP7,6,1,1,0,1,240,0.5999999642372131,1,0,0,54,0,0,0,0,0,0,0,0,0,0,0,0,0,0,0,0,187.0,7.0269927978515625,1.0,0.0,0.011519312858581543,0.0,0.0,0.0,0.0,0.2455953061580658,map_a,map_a_open,RULESET_V3_M1_OWN_FLAG_HOME,73b77ac3a0efb2c33a4498544c96bb702a656cbbfe17af18ec859c6d6b4c2142,True
740,pi_B_specialist_2v2_dual_branch_v1,2508,179248,87,67,,OP3,OPPONENT_POOL,train,map_a_open,-1,0,SCRIPTED:OP7,6,1,1,0,1,240,0.6399999856948853,1,0,0,67,0,0,0,0,0,0,0,0,0,0,0,0,0,0,0,0,232.0,6.165210978190104,1.0,0.0,0.014420688152313232,0.0,0.0,0.0,-0.00800000037997961,0.2438855767250061,map_a,map_a_open,RULESET_V3_M1_OWN_FLAG_HOME,73b77ac3a0efb2c33a4498544c96bb702a656cbbfe17af18ec859c6d6b4c2142,True
741,pi_B_specialist_2v2_dual_branch_v1,2508,179472,87,81,,OP3,OPPONENT_POOL,train,map_a_open,-1,0,SCRIPTED:OP7,6,0,0,0,0,240,0.5600000023841858,1,0,0,69,0,0,0,0,0,0,0,0,0,0,0,0,0,0,0,0,,6.14609375,-0.5,0.0,0.009500935673713684,0.0,0.0,0.0,0.0,-0.12376833707094193,map_a,map_a_open,RULESET_V3_M1_OWN_FLAG_HOME,73b77ac3a0efb2c33a4498544c96bb702a656cbbfe17af18ec859c6d6b4c2142,True
742,pi_B_specialist_2v2_dual_branch_v1,2508,179888,87,107,,OP3,OPPONENT_POOL,train,map_a_open,-1,0,SCRIPTED:OP7,6,0,0,0,0,240,0.5999999642372131,1,0,0,78,0,0,0,0,0,0,0,0,0,0,0,0,0,0,0,0,,6.609056599934896,-0.5,0.0,0.0001329481601715088,0.0,0.0,0.0,0.0,-0.1243448257446289,map_a,map_a_open,RULESET_V3_M1_OWN_FLAG_HOME,73b77ac3a0efb2c33a4498544c96bb702a656cbbfe17af18ec859c6d6b4c2142,True
743,pi_B_specialist_2v2_dual_branch_v1,2508,180080,87,119,,OP3,OPPONENT_POOL,train,map_a_open,-1,0,SCRIPTED:OP7,6,0,0,0,0,240,0.6399999856948853,1,0,0,41,0,0,0,0,0,0,0,0,0,0,0,0,0,0,0,0,,6.980959574381511,-0.5,0.0,0.007935792207717896,0.0,0.0,0.0,-0.004000000189989805,-0.12484920024871826,map_a,map_a_open,RULESET_V3_M1_OWN_FLAG_HOME,73b77ac3a0efb2c33a4498544c96bb702a656cbbfe17af18ec859c6d6b4c2142,True
744,pi_B_specialist_2v2_dual_branch_v1,2508,180480,88,16,,OP3,OPPONENT_POOL,train,map_a_open,-1,0,SCRIPTED:OP7,6,1,1,0,1,240,0.5199999809265137,0,3,0,70,0,0,0,0,0,0,0,0,0,0,0,0,0,0,0,0,213.0,6.687089029947916,1.0,0.0,0.0023104846477508545,0.0,0.0,0.0,-0.004000000189989805,0.2441142201423645,map_a,map_a_open,RULESET_V3_M1_OWN_FLAG_HOME,73b77ac3a0efb2c33a4498544c96bb702a656cbbfe17af18ec859c6d6b4c2142,True
745,pi_B_specialist_2v2_dual_branch_v1,2508,180480,88,16,,OP3,OPPONENT_POOL,train,map_a_open,-1,0,SCRIPTED:OP7,6,0,0,1,-1,240,0.5600000023841858,0,1,0,69,0,0,0,0,0,0,0,0,0,0,0,0,0,0,0,0,157.0,6.507098388671875,-1.0,0.0,-0.020970821380615234,0.0,0.0,0.0,-0.00800000037997961,-0.2480282038450241,map_a,map_a_open,RULESET_V3_M1_OWN_FLAG_HOME,73b77ac3a0efb2c33a4498544c96bb702a656cbbfe17af18ec859c6d6b4c2142,True
746,pi_B_specialist_2v2_dual_branch_v1,2508,180480,88,16,,OP3,OPPONENT_POOL,train,map_a_open,-1,0,SCRIPTED:OP7,6,1,2,0,2,240,0.6399999856948853,0,2,0,78,0,0,0,0,0,0,0,0,0,0,0,0,0,0,0,0,34.0,5.758201090494792,1.0,0.0,0.005078256130218506,0.0,0.0,0.0,-0.004000000189989805,0.24427688121795654,map_a,map_a_open,RULESET_V3_M1_OWN_FLAG_HOME,73b77ac3a0efb2c33a4498544c96bb702a656cbbfe17af18ec859c6d6b4c2142,True
747,pi_B_specialist_2v2_dual_branch_v1,2508,180480,88,16,,OP3,OPPONENT_POOL,train,map_a_open,-1,0,SCRIPTED:OP7,6,0,0,1,-1,240,0.47999998927116394,0,1,0,53,0,0,0,0,0,0,0,0,0,0,0,0,0,0,0,0,119.0,6.5927378336588545,-1.0,0.0,-0.0015797019004821777,0.0,0.0,0.0,-0.00800000037997961,-0.24689048528671265,map_a,map_a_open,RULESET_V3_M1_OWN_FLAG_HOME,73b77ac3a0efb2c33a4498544c96bb702a656cbbfe17af18ec859c6d6b4c2142,True
748,pi_B_specialist_2v2_dual_branch_v1,2508,180480,88,16,,OP3,OPPONENT_POOL,train,map_a_open,-1,0,SCRIPTED:OP7,6,1,1,0,1,240,0.5999999642372131,0,1,0,59,0,0,0,0,0,0,0,0,0,0,0,0,0,0,0,0,58.0,6.863152058919271,1.0,0.0,-0.0035258829593658447,0.0,0.0,0.0,-0.00800000037997961,0.2428303360939026,map_a,map_a_open,RULESET_V3_M1_OWN_FLAG_HOME,73b77ac3a0efb2c33a4498544c96bb702a656cbbfe17af18ec859c6d6b4c2142,True
749,pi_B_specialist_2v2_dual_branch_v1,2508,180480,88,16,,OP3,OPPONENT_POOL,train,map_a_open,-1,0,SCRIPTED:OP7,6,0,0,0,0,240,0.4399999976158142,1,0,0,22,0,0,0,0,0,0,0,0,0,0,0,0,0,0,0,0,,8.750851440429688,-0.5,0.0,-0.0029800236225128174,0.04062499850988388,0.0,0.0,-0.004000000189989805,-0.12302089482545853,map_a,map_a_open,RULESET_V3_M1_OWN_FLAG_HOME,73b77ac3a0efb2c33a4498544c96bb702a656cbbfe17af18ec859c6d6b4c2142,True
750,pi_B_specialist_2v2_dual_branch_v1,2508,180480,88,16,,OP3,OPPONENT_POOL,train,map_a_open,-1,0,SCRIPTED:OP7,6,0,0,0,0,240,0.5199999809265137,1,0,0,70,0,0,0,0,0,0,0,0,0,0,0,0,0,0,0,0,,5.894310506184896,-0.5,0.0,-0.007076241075992584,0.019999999552965164,0.0,0.0,-0.004000000189989805,-0.12454230338335037,map_a,map_a_open,RULESET_V3_M1_OWN_FLAG_HOME,73b77ac3a0efb2c33a4498544c96bb702a656cbbfe17af18ec859c6d6b4c2142,True
751,pi_B_specialist_2v2_dual_branch_v1,2508,180480,88,16,,OP3,OPPONENT_POOL,train,map_a_open,-1,0,SCRIPTED:OP7,6,0,0,0,0,240,0.47999998927116394,0,3,0,56,0,0,0,0,0,0,0,0,0,0,0,0,0,0,0,0,,6.832902526855468,-0.5,0.0,-0.0034849047660827637,0.0,0.0,0.0,-0.004000000189989805,-0.12555180490016937,map_a,map_a_open,RULESET_V3_M1_OWN_FLAG_HOME,73b77ac3a0efb2c33a4498544c96bb702a656cbbfe17af18ec859c6d6b4c2142,True
752,pi_B_specialist_2v2_dual_branch_v1,2508,180480,88,16,,OP3,OPPONENT_POOL,train,map_a_open,-1,0,SCRIPTED:OP7,6,1,2,1,1,240,0.5199999809265137,0,1,0,58,0,0,0,0,0,0,0,0,0,0,0,0,0,0,0,0,38.0,6.24905751546224,1.0,0.10000000149011612,-0.010464280843734741,0.0,0.0,0.0,-0.004000000189989805,0.2667355239391327,map_a,map_a_open,RULESET_V3_M1_OWN_FLAG_HOME,73b77ac3a0efb2c33a4498544c96bb702a656cbbfe17af18ec859c6d6b4c2142,True
753,pi_B_specialist_2v2_dual_branch_v1,2508,181616,88,87,,OP3,OPPONENT_POOL,train,map_a_open,-1,0,SCRIPTED:OP7,6,0,0,0,0,240,0.5199999809265137,0,1,0,61,0,0,0,0,0,0,0,0,0,0,0,0,0,0,0,0,,6.926820882161459,-0.5,0.0,-0.001422107219696045,0.0,0.0,0.0,-0.004000000189989805,-0.12542490661144257,map_a,map_a_open,RULESET_V3_M1_OWN_FLAG_HOME,73b77ac3a0efb2c33a4498544c96bb702a656cbbfe17af18ec859c6d6b4c2142,True
754,pi_B_specialist_2v2_dual_branch_v1,2508,182160,88,121,,OP3,OPPONENT_POOL,train,map_a_open,-1,0,SCRIPTED:OP7,6,0,0,1,-1,240,0.47999998927116394,1,0,0,25,0,0,0,0,0,0,0,0,0,0,0,0,0,0,0,0,33.0,9.234073893229167,-1.0,0.0,-0.005279526114463806,0.04999999701976776,0.0,0.0,0.0,-0.2422894984483719,map_a,map_a_open,RULESET_V3_M1_OWN_FLAG_HOME,73b77ac3a0efb2c33a4498544c96bb702a656cbbfe17af18ec859c6d6b4c2142,True
755,pi_B_specialist_2v2_dual_branch_v1,2508,182736,89,29,,OP3,OPPONENT_POOL,train,map_a_open,-1,0,SCRIPTED:OP7,6,0,0,0,0,240,0.5999999642372131,0,1,0,72,0,0,0,0,0,0,0,0,0,0,0,0,0,0,0,0,,5.913627624511719,-0.5,0.0,-0.0017564594745635986,0.0,0.0,0.0,-0.004000000189989805,-0.12544547021389008,map_a,map_a_open,RULESET_V3_M1_OWN_FLAG_HOME,73b77ac3a0efb2c33a4498544c96bb702a656cbbfe17af18ec859c6d6b4c2142,True
756,pi_B_specialist_2v2_dual_branch_v1,2508,183088,89,51,,OP3,OPPONENT_POOL,train,map_a_open,-1,0,SCRIPTED:OP7,6,1,1,0,1,240,0.5999999642372131,1,0,0,79,0,0,0,0,0,0,0,0,0,0,0,0,0,0,0,0,196.0,6.615721130371094,1.0,0.0,-0.00041866302490234375,0.0,0.0,0.0,0.0,0.24489405751228333,map_a,map_a_open,RULESET_V3_M1_OWN_FLAG_HOME,73b77ac3a0efb2c33a4498544c96bb702a656cbbfe17af18ec859c6d6b4c2142,True
757,pi_B_specialist_2v2_dual_branch_v1,2508,183312,89,65,,OP3,OPPONENT_POOL,train,map_a_open,-1,0,SCRIPTED:OP7,6,1,1,0,1,240,0.5999999642372131,0,1,0,81,0,0,0,0,0,0,0,0,0,0,0,0,0,0,0,0,93.0,5.451053365071615,1.0,0.0,-0.020309805870056152,0.0,0.0,0.0,-0.00800000037997961,0.24184294044971466,map_a,map_a_open,RULESET_V3_M1_OWN_FLAG_HOME,73b77ac3a0efb2c33a4498544c96bb702a656cbbfe17af18ec859c6d6b4c2142,True
758,pi_B_specialist_2v2_dual_branch_v1,2508,183728,89,91,,OP3,OPPONENT_POOL,train,map_a_open,-1,0,SCRIPTED:OP7,6,1,1,0,1,240,0.5600000023841858,1,0,0,80,0,0,0,0,0,0,0,0,0,0,0,0,0,0,0,0,117.0,6.163603210449219,1.0,0.0,-0.0016272366046905518,0.0,0.0,0.0,-0.004000000189989805,0.24388276040554047,map_a,map_a_open,RULESET_V3_M1_OWN_FLAG_HOME,73b77ac3a0efb2c33a4498544c96bb702a656cbbfe17af18ec859c6d6b4c2142,True
759,pi_B_specialist_2v2_dual_branch_v1,2508,183920,89,103,,OP3,OPPONENT_POOL,train,map_a_open,-1,0,SCRIPTED:OP7,6,1,1,0,1,240,0.5600000023841858,0,2,0,67,0,0,0,0,0,0,0,0,0,0,0,0,0,0,0,0,211.0,6.286989847819011,1.0,0.0,0.007850348949432373,0.0,0.0,0.0,0.0,0.24537980556488037,map_a,map_a_open,RULESET_V3_M1_OWN_FLAG_HOME,73b77ac3a0efb2c33a4498544c96bb702a656cbbfe17af18ec859c6d6b4c2142,True
760,pi_B_specialist_2v2_dual_branch_v1,2508,184320,89,128,,OP3,OPPONENT_POOL,train,map_a_open,-1,0,SCRIPTED:OP7,6,1,2,0,2,240,0.4399999976158142,0,1,0,124,0,0,0,0,0,0,0,0,0,0,0,0,0,0,0,0,80.0,5.535688273111979,1.0,0.0,-0.0018501579761505127,0.0,0.0,0.0,-0.00800000037997961,0.2429288923740387,map_a,map_a_open,RULESET_V3_M1_OWN_FLAG_HOME,73b77ac3a0efb2c33a4498544c96bb702a656cbbfe17af18ec859c6d6b4c2142,True
761,pi_B_specialist_2v2_dual_branch_v1,2508,184320,89,128,,OP3,OPPONENT_POOL,train,map_a_open,-1,0,SCRIPTED:OP7,6,1,1,0,1,240,0.5999999642372131,0,3,0,49,0,0,0,0,0,0,0,0,0,0,0,0,0,0,0,0,223.0,6.47527109781901,1.0,0.0,-0.01574307680130005,0.0,0.0,0.0,-0.004000000189989805,0.24305281043052673,map_a,map_a_open,RULESET_V3_M1_OWN_FLAG_HOME,73b77ac3a0efb2c33a4498544c96bb702a656cbbfe17af18ec859c6d6b4c2142,True
762,pi_B_specialist_2v2_dual_branch_v1,2508,184320,89,128,,OP3,OPPONENT_POOL,train,map_a_open,-1,0,SCRIPTED:OP7,6,1,1,0,1,240,0.5199999809265137,1,0,0,57,0,0,0,0,0,0,0,0,0,0,0,0,0,0,0,0,77.0,7.257376607259115,1.0,0.0,-0.007739007472991943,0.049999915063381195,0.0,0.0,0.0,0.2473999261856079,map_a,map_a_open,RULESET_V3_M1_OWN_FLAG_HOME,73b77ac3a0efb2c33a4498544c96bb702a656cbbfe17af18ec859c6d6b4c2142,True
763,pi_B_specialist_2v2_dual_branch_v1,2508,184320,89,128,,OP3,OPPONENT_POOL,train,map_a_open,-1,0,SCRIPTED:OP7,6,0,1,1,0,240,0.5600000023841858,1,0,0,89,0,0,0,0,0,0,0,0,0,0,0,0,0,0,0,0,34.0,5.991593424479166,-0.5,0.0,-0.015516728162765503,0.0,0.0,0.0,0.0,-0.12530769407749176,map_a,map_a_open,RULESET_V3_M1_OWN_FLAG_HOME,73b77ac3a0efb2c33a4498544c96bb702a656cbbfe17af18ec859c6d6b4c2142,True
764,pi_B_specialist_2v2_dual_branch_v1,2508,184320,89,128,,OP3,OPPONENT_POOL,train,map_a_open,-1,0,SCRIPTED:OP7,6,0,1,1,0,240,0.5600000023841858,1,0,0,68,0,0,0,0,0,0,0,0,0,0,0,0,0,0,0,0,68.0,6.666278076171875,-0.5,0.0,0.017131656408309937,0.0,0.0,0.0,-0.004000000189989805,-0.12428337335586548,map_a,map_a_open,RULESET_V3_M1_OWN_FLAG_HOME,73b77ac3a0efb2c33a4498544c96bb702a656cbbfe17af18ec859c6d6b4c2142,True
765,pi_B_specialist_2v2_dual_branch_v1,2508,184320,89,128,,OP3,OPPONENT_POOL,train,map_a_open,-1,0,SCRIPTED:OP7,6,1,1,0,1,240,0.5600000023841858,1,0,0,93,0,0,0,0,0,0,0,0,0,0,0,0,0,0,0,0,195.0,6.008070882161459,1.0,0.0,-0.0013878047466278076,0.0,0.0,0.0,-0.004000000189989805,0.24389682710170746,map_a,map_a_open,RULESET_V3_M1_OWN_FLAG_HOME,73b77ac3a0efb2c33a4498544c96bb702a656cbbfe17af18ec859c6d6b4c2142,True
766,pi_B_specialist_2v2_dual_branch_v1,2508,184320,89,128,,OP3,OPPONENT_POOL,train,map_a_open,-1,0,SCRIPTED:OP7,6,0,0,0,0,240,0.5600000023841858,1,0,0,38,0,0,0,0,0,0,0,0,0,0,0,0,0,0,0,0,,8.92368876139323,-0.5,0.0,-0.0027413368225097656,0.04062499850988388,0.0,0.0,-0.004000000189989805,-0.12300620228052139,map_a,map_a_open,RULESET_V3_M1_OWN_FLAG_HOME,73b77ac3a0efb2c33a4498544c96bb702a656cbbfe17af18ec859c6d6b4c2142,True
767,pi_B_specialist_2v2_dual_branch_v1,2508,184320,89,128,,OP3,OPPONENT_POOL,train,map_a_open,-1,0,SCRIPTED:OP7,6,0,0,0,0,240,0.5600000023841858,1,0,0,88,0,0,0,0,0,0,0,0,0,0,0,0,0,0,0,0,,5.761142985026042,-0.5,0.0,-0.008750230073928833,0.0,0.0,0.0,-0.00800000037997961,-0.12685970962047577,map_a,map_a_open,RULESET_V3_M1_OWN_FLAG_HOME,73b77ac3a0efb2c33a4498544c96bb702a656cbbfe17af18ec859c6d6b4c2142,True
768,pi_B_specialist_2v2_dual_branch_v1,2508,184320,89,128,,OP3,OPPONENT_POOL,train,map_a_open,-1,0,SCRIPTED:OP7,6,1,2,0,2,240,0.5999999642372131,1,0,0,80,0,0,0,0,0,0,0,0,0,0,0,0,0,0,0,0,27.0,5.66854502360026,1.0,0.0,0.005690425634384155,0.0,0.0,0.0,-0.004000000189989805,0.2443128526210785,map_a,map_a_open,RULESET_V3_M1_OWN_FLAG_HOME,73b77ac3a0efb2c33a4498544c96bb702a656cbbfe17af18ec859c6d6b4c2142,True
769,pi_B_specialist_2v2_dual_branch_v1,2508,185456,90,71,,OP3,OPPONENT_POOL,train,map_a_open,-1,0,SCRIPTED:OP7,6,0,0,0,0,240,0.5999999642372131,0,2,0,62,0,0,0,0,0,0,0,0,0,0,0,0,0,0,0,0,,6.467316182454427,-0.5,0.0,-0.010458797216415405,0.0,0.0,0.0,-0.004000000189989805,-0.12598076462745667,map_a,map_a_open,RULESET_V3_M1_OWN_FLAG_HOME,73b77ac3a0efb2c33a4498544c96bb702a656cbbfe17af18ec859c6d6b4c2142,True
770,pi_B_specialist_2v2_dual_branch_v1,2508,185760,90,90,,OP3,OPPONENT_POOL,train,map_a_open,-1,0,SCRIPTED:OP7,6,1,3,0,3,153,0.5199999809265137,1,0,0,47,0,0,0,0,0,0,0,0,0,0,0,0,0,0,0,0,26.0,5.998845916947508,1.0,0.5,0.008748933672904968,0.0,1.0,100.0,0.0,0.5549782514572144,map_a,map_a_open,RULESET_V3_M1_OWN_FLAG_HOME,73b77ac3a0efb2c33a4498544c96bb702a656cbbfe17af18ec859c6d6b4c2142,True
771,pi_B_specialist_2v2_dual_branch_v1,2508,186000,90,105,,OP3,OPPONENT_POOL,train,map_a_open,-1,0,SCRIPTED:OP7,6,1,2,0,2,240,0.4399999976158142,1,0,0,66,0,0,0,0,0,0,0,0,0,0,0,0,0,0,0,0,58.0,5.938285827636719,1.0,0.0,0.009878695011138916,0.0,0.0,0.0,0.0,0.24549894034862518,map_a,map_a_open,RULESET_V3_M1_OWN_FLAG_HOME,73b77ac3a0efb2c33a4498544c96bb702a656cbbfe17af18ec859c6d6b4c2142,True
772,pi_B_specialist_2v2_dual_branch_v1,2508,186576,91,13,,OP3,OPPONENT_POOL,train,map_a_open,-1,0,SCRIPTED:OP7,6,1,2,0,2,240,0.5199999809265137,1,0,0,68,0,0,0,0,0,0,0,0,0,0,0,0,0,0,0,0,118.0,5.918503824869791,1.0,0.0,-0.0010769665241241455,0.0,0.0,0.0,0.0,0.2448553889989853,map_a,map_a_open,RULESET_V3_M1_OWN_FLAG_HOME,73b77ac3a0efb2c33a4498544c96bb702a656cbbfe17af18ec859c6d6b4c2142,True
773,pi_B_specialist_2v2_dual_branch_v1,2508,186928,91,35,,OP3,OPPONENT_POOL,train,map_a_open,-1,0,SCRIPTED:OP7,6,1,1,0,1,240,0.5999999642372131,0,2,0,60,0,0,0,0,0,0,0,0,0,0,0,0,0,0,0,0,106.0,5.915590922037761,1.0,0.0,-0.0017529726028442383,0.0,0.0,0.0,0.0,0.2448156774044037,map_a,map_a_open,RULESET_V3_M1_OWN_FLAG_HOME,73b77ac3a0efb2c33a4498544c96bb702a656cbbfe17af18ec859c6d6b4c2142,True
774,pi_B_specialist_2v2_dual_branch_v1,2508,187568,91,75,,OP3,OPPONENT_POOL,train,map_a_open,-1,0,SCRIPTED:OP7,6,0,0,0,0,240,0.5600000023841858,0,2,0,79,0,0,0,0,0,0,0,0,0,0,0,0,0,0,0,0,,6.3311518351236975,-0.5,0.0,-0.002556711435317993,0.0,0.0,0.0,-0.004000000189989805,-0.12549470365047455,map_a,map_a_open,RULESET_V3_M1_OWN_FLAG_HOME,73b77ac3a0efb2c33a4498544c96bb702a656cbbfe17af18ec859c6d6b4c2142,True
775,pi_B_specialist_2v2_dual_branch_v1,2508,187760,91,87,,OP3,OPPONENT_POOL,train,map_a_open,-1,0,SCRIPTED:OP7,6,1,2,0,2,240,0.5199999809265137,0,1,0,71,0,0,0,0,0,0,0,0,0,0,0,0,0,0,0,0,136.0,6.009712219238281,1.0,0.0,0.009829729795455933,0.0,0.0,0.0,0.0,0.24549606442451477,map_a,map_a_open,RULESET_V3_M1_OWN_FLAG_HOME,73b77ac3a0efb2c33a4498544c96bb702a656cbbfe17af18ec859c6d6b4c2142,True
776,pi_B_specialist_2v2_dual_branch_v1,2508,188160,91,112,,OP3,OPPONENT_POOL,train,map_a_open,-1,0,SCRIPTED:OP7,6,1,2,0,2,240,0.5999999642372131,0,1,0,69,0,0,0,0,0,0,0,0,0,0,0,0,0,0,0,0,30.0,6.174478149414062,1.0,0.0,0.013499081134796143,0.0,0.0,0.0,-0.004000000189989805,0.24477171897888184,map_a,map_a_open,RULESET_V3_M1_OWN_FLAG_HOME,73b77ac3a0efb2c33a4498544c96bb702a656cbbfe17af18ec859c6d6b4c2142,True
777,pi_B_specialist_2v2_dual_branch_v1,2508,188160,91,112,,OP3,OPPONENT_POOL,train,map_a_open,-1,0,SCRIPTED:OP7,6,1,1,0,1,240,0.6399999856948853,0,1,0,20,0,0,0,0,0,0,0,0,0,0,0,0,0,0,0,0,31.0,8.687466430664063,1.0,0.0,-0.005264699459075928,0.04999999701976776,0.0,0.0,0.0,0.24754509329795837,map_a,map_a_open,RULESET_V3_M1_OWN_FLAG_HOME,73b77ac3a0efb2c33a4498544c96bb702a656cbbfe17af18ec859c6d6b4c2142,True
778,pi_B_specialist_2v2_dual_branch_v1,2508,188160,91,112,,OP3,OPPONENT_POOL,train,map_a_open,-1,0,SCRIPTED:OP7,6,1,2,0,2,240,0.5600000023841858,0,1,0,63,0,0,0,0,0,0,0,0,0,0,0,0,0,0,0,0,114.0,7.157288106282552,1.0,0.0,-0.002400994300842285,0.0,0.0,0.0,-0.00800000037997961,0.24289651215076447,map_a,map_a_open,RULESET_V3_M1_OWN_FLAG_HOME,73b77ac3a0efb2c33a4498544c96bb702a656cbbfe17af18ec859c6d6b4c2142,True
779,pi_B_specialist_2v2_dual_branch_v1,2508,188160,91,112,,OP3,OPPONENT_POOL,train,map_a_open,-1,0,SCRIPTED:OP7,6,0,0,0,0,240,0.5199999809265137,0,1,0,64,0,0,0,0,0,0,0,0,0,0,0,0,0,0,0,0,,6.175868225097656,-0.5,0.0,-0.020502716302871704,0.0,0.0,0.0,-0.00800000037997961,-0.1275823712348938,map_a,map_a_open,RULESET_V3_M1_OWN_FLAG_HOME,73b77ac3a0efb2c33a4498544c96bb702a656cbbfe17af18ec859c6d6b4c2142,True
780,pi_B_specialist_2v2_dual_branch_v1,2508,188160,91,112,,OP3,OPPONENT_POOL,train,map_a_open,-1,0,SCRIPTED:OP7,6,0,0,0,0,240,0.5999999642372131,0,1,0,75,0,0,0,0,0,0,0,0,0,0,0,0,0,0,0,0,,5.727293395996094,-0.5,0.0,0.016570240259170532,0.0,0.0,0.0,0.0,-0.12333325296640396,map_a,map_a_open,RULESET_V3_M1_OWN_FLAG_HOME,73b77ac3a0efb2c33a4498544c96bb702a656cbbfe17af18ec859c6d6b4c2142,True
781,pi_B_specialist_2v2_dual_branch_v1,2508,188160,91,112,,OP3,OPPONENT_POOL,train,map_a_open,-1,0,SCRIPTED:OP7,6,0,0,0,0,240,0.47999998927116394,1,0,0,30,0,0,0,0,0,0,0,0,0,0,0,0,0,0,0,0,,9.442298380533854,-0.5,0.0,-0.00861351191997528,0.04999999701976776,0.0,0.0,0.0,-0.12180554121732712,map_a,map_a_open,RULESET_V3_M1_OWN_FLAG_HOME,73b77ac3a0efb2c33a4498544c96bb702a656cbbfe17af18ec859c6d6b4c2142,True
782,pi_B_specialist_2v2_dual_branch_v1,2508,188160,91,112,,OP3,OPPONENT_POOL,train,map_a_open,-1,0,SCRIPTED:OP7,6,1,1,0,1,240,0.5600000023841858,1,0,0,65,0,0,0,0,0,0,0,0,0,0,0,0,0,0,0,0,117.0,6.39307861328125,1.0,0.0,-0.020046323537826538,0.0,0.0,0.0,-0.00800000037997961,0.24185846745967865,map_a,map_a_open,RULESET_V3_M1_OWN_FLAG_HOME,73b77ac3a0efb2c33a4498544c96bb702a656cbbfe17af18ec859c6d6b4c2142,True
783,pi_B_specialist_2v2_dual_branch_v1,2508,188160,91,112,,OP3,OPPONENT_POOL,train,map_a_open,-1,0,SCRIPTED:OP7,6,0,0,0,0,240,0.5199999809265137,0,3,0,83,0,0,0,0,0,0,0,0,0,0,0,0,0,0,0,0,,6.3425959269205725,-0.5,0.0,-0.014465779066085815,0.04999999701976776,0.0,0.0,0.0,-0.12216585874557495,map_a,map_a_open,RULESET_V3_M1_OWN_FLAG_HOME,73b77ac3a0efb2c33a4498544c96bb702a656cbbfe17af18ec859c6d6b4c2142,True
784,pi_B_specialist_2v2_dual_branch_v1,2508,188160,91,112,,OP3,OPPONENT_POOL,train,map_a_open,-1,0,SCRIPTED:OP7,6,1,1,0,1,240,0.5600000023841858,0,1,0,44,0,0,0,0,0,0,0,0,0,0,0,0,0,0,0,0,161.0,6.545840454101563,1.0,0.0,-0.020658254623413086,0.0,0.0,0.0,-0.004000000189989805,0.24276374280452728,map_a,map_a_open,RULESET_V3_M1_OWN_FLAG_HOME,73b77ac3a0efb2c33a4498544c96bb702a656cbbfe17af18ec859c6d6b4c2142,True
785,pi_B_specialist_2v2_dual_branch_v1,2508,189296,92,55,,OP3,OPPONENT_POOL,train,map_a_open,-1,0,SCRIPTED:OP7,6,0,1,1,0,240,0.7199999690055847,1,0,0,69,0,0,0,0,0,0,0,0,0,0,0,0,0,0,0,0,148.0,6.582214864095052,-0.5,0.0,-0.00034421682357788086,0.0,0.0,0.0,-0.00800000037997961,-0.1263427734375,map_a,map_a_open,RULESET_V3_M1_OWN_FLAG_HOME,73b77ac3a0efb2c33a4498544c96bb702a656cbbfe17af18ec859c6d6b4c2142,True
786,pi_B_specialist_2v2_dual_branch_v1,2508,189600,92,74,,OP3,OPPONENT_POOL,train,map_a_open,-1,0,SCRIPTED:OP7,6,1,2,0,2,240,0.5199999809265137,1,0,0,80,0,0,0,0,0,0,0,0,0,0,0,0,0,0,0,0,82.0,5.8966527303059895,1.0,0.0,-0.0015027821063995361,0.0,0.0,0.0,-0.00800000037997961,0.24294932186603546,map_a,map_a_open,RULESET_V3_M1_OWN_FLAG_HOME,73b77ac3a0efb2c33a4498544c96bb702a656cbbfe17af18ec859c6d6b4c2142,True
787,pi_B_specialist_2v2_dual_branch_v1,2508,189840,92,89,,OP3,OPPONENT_POOL,train,map_a_open,-1,0,SCRIPTED:OP7,6,1,1,0,1,240,0.6800000071525574,1,0,0,57,0,0,0,0,0,0,0,0,0,0,0,0,0,0,0,0,147.0,6.404405212402343,1.0,0.0,-0.010774672031402588,0.0,0.0,0.0,0.0,0.24428553879261017,map_a,map_a_open,RULESET_V3_M1_OWN_FLAG_HOME,73b77ac3a0efb2c33a4498544c96bb702a656cbbfe17af18ec859c6d6b4c2142,True
788,pi_B_specialist_2v2_dual_branch_v1,2508,190416,92,125,,OP3,OPPONENT_POOL,train,map_a_open,-1,0,SCRIPTED:OP7,6,1,1,0,1,240,0.5199999809265137,1,0,0,72,0,0,0,0,0,0,0,0,0,0,0,0,0,0,0,0,239.0,5.682848103841146,1.0,0.0,-0.008151590824127197,0.0,0.0,0.0,0.0,0.24443969130516052,map_a,map_a_open,RULESET_V3_M1_OWN_FLAG_HOME,73b77ac3a0efb2c33a4498544c96bb702a656cbbfe17af18ec859c6d6b4c2142,True
789,pi_B_specialist_2v2_dual_branch_v1,2508,190768,93,19,,OP3,OPPONENT_POOL,train,map_a_open,-1,0,SCRIPTED:OP7,6,0,0,1,-1,240,0.5199999809265137,0,1,0,53,0,0,0,0,0,0,0,0,0,0,0,0,0,0,0,0,190.0,6.666850280761719,-1.0,0.0,0.011253118515014648,0.0,0.0,0.0,0.0,-0.24425740540027618,map_a,map_a_open,RULESET_V3_M1_OWN_FLAG_HOME,73b77ac3a0efb2c33a4498544c96bb702a656cbbfe17af18ec859c6d6b4c2142,True
790,pi_B_specialist_2v2_dual_branch_v1,2508,191408,93,59,,OP3,OPPONENT_POOL,train,map_a_open,-1,0,SCRIPTED:OP7,6,0,0,0,0,240,0.5600000023841858,1,0,0,54,0,0,0,0,0,0,0,0,0,0,0,0,0,0,0,0,,6.586653645833334,-0.5,0.0,0.0024588704109191895,0.0,0.0,0.0,-0.004000000189989805,-0.12518616020679474,map_a,map_a_open,RULESET_V3_M1_OWN_FLAG_HOME,73b77ac3a0efb2c33a4498544c96bb702a656cbbfe17af18ec859c6d6b4c2142,True
791,pi_B_specialist_2v2_dual_branch_v1,2508,191600,93,71,,OP3,OPPONENT_POOL,train,map_a_open,-1,0,SCRIPTED:OP7,6,1,1,0,1,240,0.47999998927116394,1,0,0,35,0,0,0,0,0,0,0,0,0,0,0,0,0,0,0,0,73.0,8.3736572265625,1.0,0.0,0.003348708152770996,0.04999999701976776,0.0,0.0,0.0,0.24805036187171936,map_a,map_a_open,RULESET_V3_M1_OWN_FLAG_HOME,73b77ac3a0efb2c33a4498544c96bb702a656cbbfe17af18ec859c6d6b4c2142,True
792,pi_B_specialist_2v2_dual_branch_v1,2508,192000,93,96,,OP3,OPPONENT_POOL,train,map_a_open,-1,0,SCRIPTED:OP7,6,0,0,0,0,240,0.6399999856948853,0,2,0,63,0,0,0,0,0,0,0,0,0,0,0,0,0,0,0,0,,6.232268269856771,-0.5,0.0,0.01738196611404419,0.0,0.0,0.0,0.0,-0.12328329682350159,map_a,map_a_open,RULESET_V3_M1_OWN_FLAG_HOME,73b77ac3a0efb2c33a4498544c96bb702a656cbbfe17af18ec859c6d6b4c2142,True
793,pi_B_specialist_2v2_dual_branch_v1,2508,192000,93,96,,OP3,OPPONENT_POOL,train,map_a_open,-1,0,SCRIPTED:OP7,6,1,1,0,1,240,0.5999999642372131,1,0,0,85,0,0,0,0,0,0,0,0,0,0,0,0,0,0,0,0,202.0,5.8502558390299475,1.0,0.0,-0.004110991954803467,0.0,0.0,0.0,-0.004000000189989805,0.24373674392700195,map_a,map_a_open,RULESET_V3_M1_OWN_FLAG_HOME,73b77ac3a0efb2c33a4498544c96bb702a656cbbfe17af18ec859c6d6b4c2142,True
794,pi_B_specialist_2v2_dual_branch_v1,2508,192000,93,96,,OP3,OPPONENT_POOL,train,map_a_open,-1,0,SCRIPTED:OP7,6,1,1,0,1,240,0.6399999856948853,0,1,0,77,0,0,0,0,0,0,0,0,0,0,0,0,0,0,0,0,235.0,6.185332234700521,1.0,0.0,0.009385287761688232,0.0,0.0,0.0,0.0,0.24546995759010315,map_a,map_a_open,RULESET_V3_M1_OWN_FLAG_HOME,73b77ac3a0efb2c33a4498544c96bb702a656cbbfe17af18ec859c6d6b4c2142,True
795,pi_B_specialist_2v2_dual_branch_v1,2508,192000,93,96,,OP3,OPPONENT_POOL,train,map_a_open,-1,0,SCRIPTED:OP7,6,1,1,0,1,240,0.5999999642372131,0,2,0,56,0,0,0,0,0,0,0,0,0,0,0,0,0,0,0,0,223.0,5.85680185953776,1.0,0.0,-0.023740828037261963,0.0,0.0,0.0,-0.00800000037997961,0.24164104461669922,map_a,map_a_open,RULESET_V3_M1_OWN_FLAG_HOME,73b77ac3a0efb2c33a4498544c96bb702a656cbbfe17af18ec859c6d6b4c2142,True
796,pi_B_specialist_2v2_dual_branch_v1,2508,192000,93,96,,OP3,OPPONENT_POOL,train,map_a_open,-1,0,SCRIPTED:OP7,6,0,0,0,0,240,0.5600000023841858,0,2,0,76,0,0,0,0,0,0,0,0,0,0,0,0,0,0,0,0,,6.488542683919271,-0.5,0.0,-0.001963675022125244,0.0,0.0,0.0,-0.004000000189989805,-0.125458225607872,map_a,map_a_open,RULESET_V3_M1_OWN_FLAG_HOME,73b77ac3a0efb2c33a4498544c96bb702a656cbbfe17af18ec859c6d6b4c2142,True
797,pi_B_specialist_2v2_dual_branch_v1,2508,192000,93,96,,OP3,OPPONENT_POOL,train,map_a_open,-1,0,SCRIPTED:OP7,6,1,1,0,1,240,0.47999998927116394,1,0,0,37,0,0,0,0,0,0,0,0,0,0,0,0,0,0,0,0,96.0,8.396236165364583,1.0,0.0,0.005019858479499817,0.04999999701976776,0.0,0.0,0.0,0.2481483817100525,map_a,map_a_open,RULESET_V3_M1_OWN_FLAG_HOME,73b77ac3a0efb2c33a4498544c96bb702a656cbbfe17af18ec859c6d6b4c2142,True
798,pi_B_specialist_2v2_dual_branch_v1,2508,192000,93,96,,OP3,OPPONENT_POOL,train,map_a_open,-1,0,SCRIPTED:OP7,6,1,1,0,1,240,0.5199999809265137,0,3,0,54,0,0,0,0,0,0,0,0,0,0,0,0,0,0,0,0,155.0,6.432730611165365,1.0,0.0,0.009672760963439941,0.0,0.0,0.0,-0.004000000189989805,0.24454689025878906,map_a,map_a_open,RULESET_V3_M1_OWN_FLAG_HOME,73b77ac3a0efb2c33a4498544c96bb702a656cbbfe17af18ec859c6d6b4c2142,True
799,pi_B_specialist_2v2_dual_branch_v1,2508,192000,93,96,,OP3,OPPONENT_POOL,train,map_a_open,-1,0,SCRIPTED:OP7,6,0,0,0,0,240,0.5600000023841858,1,0,0,26,0,0,0,0,0,0,0,0,0,0,0,0,0,0,0,0,,8.247007751464844,-0.5,0.0,0.016466781497001648,0.005624999292194843,0.0,0.0,-0.004000000189989805,-0.1239781454205513,map_a,map_a_open,RULESET_V3_M1_OWN_FLAG_HOME,73b77ac3a0efb2c33a4498544c96bb702a656cbbfe17af18ec859c6d6b4c2142,True
800,pi_B_specialist_2v2_dual_branch_v1,2508,192000,93,96,,OP3,OPPONENT_POOL,train,map_a_open,-1,0,SCRIPTED:OP7,6,1,1,0,1,240,0.5999999642372131,0,1,0,28,0,0,0,0,0,0,0,0,0,0,0,0,0,0,0,0,125.0,7.894683837890625,1.0,0.0,-0.00545753538608551,0.014999999664723873,0.0,0.0,-0.004000000189989805,0.24453923106193542,map_a,map_a_open,RULESET_V3_M1_OWN_FLAG_HOME,73b77ac3a0efb2c33a4498544c96bb702a656cbbfe17af18ec859c6d6b4c2142,True
801,pi_B_specialist_2v2_dual_branch_v1,2508,193136,94,39,,OP3,OPPONENT_POOL,train,map_a_open,-1,0,SCRIPTED:OP7,6,1,1,0,1,240,0.5600000023841858,1,0,0,48,0,0,0,0,0,0,0,0,0,0,0,0,0,0,0,0,83.0,7.342020161946615,1.0,0.0,-0.0035638809204101562,0.04062499850988388,0.0,0.0,-0.00800000037997961,0.2452159821987152,map_a,map_a_open,RULESET_V3_M1_OWN_FLAG_HOME,73b77ac3a0efb2c33a4498544c96bb702a656cbbfe17af18ec859c6d6b4c2142,True
802,pi_B_specialist_2v2_dual_branch_v1,2508,193440,94,58,,OP3,OPPONENT_POOL,train,map_a_open,-1,0,SCRIPTED:OP7,6,0,1,1,0,240,0.6399999856948853,0,1,0,66,0,0,0,0,0,0,0,0,0,0,0,0,0,0,0,0,94.0,6.133792622884115,-0.5,0.0,-0.0012646317481994629,0.0,0.0,0.0,-0.004000000189989805,-0.12541522085666656,map_a,map_a_open,RULESET_V3_M1_OWN_FLAG_HOME,73b77ac3a0efb2c33a4498544c96bb702a656cbbfe17af18ec859c6d6b4c2142,True
803,pi_B_specialist_2v2_dual_branch_v1,2508,193680,94,73,,OP3,OPPONENT_POOL,train,map_a_open,-1,0,SCRIPTED:OP7,6,0,0,0,0,240,0.5199999809265137,0,3,0,78,0,0,0,0,0,0,0,0,0,0,0,0,0,0,0,0,,6.378395080566406,-0.5,0.0,-0.00932285189628601,0.0,0.0,0.0,-0.004000000189989805,-0.1259109079837799,map_a,map_a_open,RULESET_V3_M1_OWN_FLAG_HOME,73b77ac3a0efb2c33a4498544c96bb702a656cbbfe17af18ec859c6d6b4c2142,True
804,pi_B_specialist_2v2_dual_branch_v1,2508,194256,94,109,,OP3,OPPONENT_POOL,train,map_a_open,-1,0,SCRIPTED:OP7,6,0,0,0,0,240,0.5999999642372131,0,2,0,63,0,0,0,0,0,0,0,0,0,0,0,0,0,0,0,0,,6.6895899454752605,-0.5,0.0,-0.00182381272315979,0.0,0.0,0.0,-0.004000000189989805,-0.12544962763786316,map_a,map_a_open,RULESET_V3_M1_OWN_FLAG_HOME,73b77ac3a0efb2c33a4498544c96bb702a656cbbfe17af18ec859c6d6b4c2142,True
805,pi_B_specialist_2v2_dual_branch_v1,2508,194608,95,3,,OP3,OPPONENT_POOL,train,map_a_open,-1,0,SCRIPTED:OP7,6,0,0,0,0,240,0.5999999642372131,0,1,0,73,0,0,0,0,0,0,0,0,0,0,0,0,0,0,0,0,,5.850272623697917,-0.5,0.0,-0.017924129962921143,0.0,0.0,0.0,-0.004000000189989805,-0.1264399290084839,map_a,map_a_open,RULESET_V3_M1_OWN_FLAG_HOME,73b77ac3a0efb2c33a4498544c96bb702a656cbbfe17af18ec859c6d6b4c2142,True
806,pi_B_specialist_2v2_dual_branch_v1,2508,195248,95,43,,OP3,OPPONENT_POOL,train,map_a_open,-1,0,SCRIPTED:OP7,6,0,0,0,0,240,0.5600000023841858,0,1,0,76,0,0,0,0,0,0,0,0,0,0,0,0,0,0,0,0,,6.201041158040365,-0.5,0.0,0.004070848226547241,0.0,0.0,0.0,0.0,-0.12410250306129456,map_a,map_a_open,RULESET_V3_M1_OWN_FLAG_HOME,73b77ac3a0efb2c33a4498544c96bb702a656cbbfe17af18ec859c6d6b4c2142,True
807,pi_B_specialist_2v2_dual_branch_v1,2508,195440,95,55,,OP3,OPPONENT_POOL,train,map_a_open,-1,0,SCRIPTED:OP7,6,0,0,0,0,240,0.6399999856948853,0,1,0,52,0,0,0,0,0,0,0,0,0,0,0,0,0,0,0,0,,6.869148254394531,-0.5,0.0,0.01492297649383545,0.0,0.0,0.0,0.0,-0.1234346404671669,map_a,map_a_open,RULESET_V3_M1_OWN_FLAG_HOME,73b77ac3a0efb2c33a4498544c96bb702a656cbbfe17af18ec859c6d6b4c2142,True
808,pi_B_specialist_2v2_dual_branch_v1,2508,195712,95,72,,OP3,OPPONENT_POOL,train,map_a_open,-1,0,SCRIPTED:OP7,6,1,3,0,3,232,0.47999998927116394,1,0,0,90,0,0,0,0,0,0,0,0,0,0,0,0,0,0,0,0,28.0,5.8118896484375,1.0,0.5,-0.010258853435516357,0.0,1.0,100.0,0.0,0.5541556477546692,map_a,map_a_open,RULESET_V3_M1_OWN_FLAG_HOME,73b77ac3a0efb2c33a4498544c96bb702a656cbbfe17af18ec859c6d6b4c2142,True
809,pi_B_specialist_2v2_dual_branch_v1,2508,195840,95,80,,OP3,OPPONENT_POOL,train,map_a_open,-1,0,SCRIPTED:OP7,6,1,1,0,1,240,0.5600000023841858,1,0,0,79,0,0,0,0,0,0,0,0,0,0,0,0,0,0,0,0,85.0,6.278487141927084,1.0,0.0,-0.020473778247833252,0.0,0.0,0.0,-0.00800000037997961,0.24183329939842224,map_a,map_a_open,RULESET_V3_M1_OWN_FLAG_HOME,73b77ac3a0efb2c33a4498544c96bb702a656cbbfe17af18ec859c6d6b4c2142,True
810,pi_B_specialist_2v2_dual_branch_v1,2508,195840,95,80,,OP3,OPPONENT_POOL,train,map_a_open,-1,0,SCRIPTED:OP7,6,0,0,2,-2,240,0.5600000023841858,1,0,0,76,0,0,0,0,0,0,0,0,0,0,0,0,0,0,0,0,144.0,6.148099263509114,-1.0,0.0,0.017575621604919434,0.0,0.0,0.0,0.0,-0.24388578534126282,map_a,map_a_open,RULESET_V3_M1_OWN_FLAG_HOME,73b77ac3a0efb2c33a4498544c96bb702a656cbbfe17af18ec859c6d6b4c2142,True
811,pi_B_specialist_2v2_dual_branch_v1,2508,195840,95,80,,OP3,OPPONENT_POOL,train,map_a_open,-1,0,SCRIPTED:OP7,6,0,0,0,0,240,0.47999998927116394,0,1,0,84,0,0,0,0,0,0,0,0,0,0,0,0,0,0,0,0,,5.629669698079427,-0.5,0.0,0.0034689009189605713,0.0,0.0,0.0,-0.004000000189989805,-0.1251240074634552,map_a,map_a_open,RULESET_V3_M1_OWN_FLAG_HOME,73b77ac3a0efb2c33a4498544c96bb702a656cbbfe17af18ec859c6d6b4c2142,True
812,pi_B_specialist_2v2_dual_branch_v1,2508,195840,95,80,,OP3,OPPONENT_POOL,train,map_a_open,-1,0,SCRIPTED:OP7,6,0,0,0,0,240,0.5600000023841858,1,0,0,68,0,0,0,0,0,0,0,0,0,0,0,0,0,0,0,0,,6.877835083007812,-0.5,0.0,0.014878392219543457,0.0,0.0,0.0,0.0,-0.12343738228082657,map_a,map_a_open,RULESET_V3_M1_OWN_FLAG_HOME,73b77ac3a0efb2c33a4498544c96bb702a656cbbfe17af18ec859c6d6b4c2142,True
813,pi_B_specialist_2v2_dual_branch_v1,2508,195840,95,80,,OP3,OPPONENT_POOL,train,map_a_open,-1,0,SCRIPTED:OP7,6,0,0,0,0,240,0.5600000023841858,1,0,0,75,0,0,0,0,0,0,0,0,0,0,0,0,0,0,0,0,,5.759578450520833,-0.5,0.0,-0.0019843578338623047,0.0,0.0,0.0,-0.004000000189989805,-0.1254594922065735,map_a,map_a_open,RULESET_V3_M1_OWN_FLAG_HOME,73b77ac3a0efb2c33a4498544c96bb702a656cbbfe17af18ec859c6d6b4c2142,True
814,pi_B_specialist_2v2_dual_branch_v1,2508,195840,95,80,,OP3,OPPONENT_POOL,train,map_a_open,-1,0,SCRIPTED:OP7,6,0,0,0,0,240,0.5999999642372131,1,0,0,31,0,0,0,0,0,0,0,0,0,0,0,0,0,0,0,0,,9.108213297526042,-0.5,0.0,0.006276413798332214,0.020624998956918716,0.0,0.0,-0.004000000189989805,-0.12368215620517731,map_a,map_a_open,RULESET_V3_M1_OWN_FLAG_HOME,73b77ac3a0efb2c33a4498544c96bb702a656cbbfe17af18ec859c6d6b4c2142,True
815,pi_B_specialist_2v2_dual_branch_v1,2508,195840,95,80,,OP3,OPPONENT_POOL,train,map_a_open,-1,0,SCRIPTED:OP7,6,1,1,0,1,240,0.5600000023841858,0,2,0,70,0,0,0,0,0,0,0,0,0,0,0,0,0,0,0,0,157.0,6.7426305135091145,1.0,0.0,-0.020422786474227905,0.0,0.0,0.0,-0.00800000037997961,0.2418363094329834,map_a,map_a_open,RULESET_V3_M1_OWN_FLAG_HOME,73b77ac3a0efb2c33a4498544c96bb702a656cbbfe17af18ec859c6d6b4c2142,True
816,pi_B_specialist_2v2_dual_branch_v1,2508,195840,95,80,,OP3,OPPONENT_POOL,train,map_a_open,-1,0,SCRIPTED:OP7,6,0,0,0,0,240,0.47999998927116394,1,0,0,25,0,0,0,0,0,0,0,0,0,0,0,0,0,0,0,0,,9.409542846679688,-0.5,0.0,0.0019493699073791504,0.04062499850988388,0.0,0.0,-0.004000000189989805,-0.12271745502948761,map_a,map_a_open,RULESET_V3_M1_OWN_FLAG_HOME,73b77ac3a0efb2c33a4498544c96bb702a656cbbfe17af18ec859c6d6b4c2142,True
817,pi_B_specialist_2v2_dual_branch_v1,2508,196976,96,23,,OP3,OPPONENT_POOL,train,map_a_open,-1,0,SCRIPTED:OP7,6,0,1,1,0,240,0.5999999642372131,0,2,0,68,0,0,0,0,0,0,0,0,0,0,0,0,0,0,0,0,95.0,6.399844360351563,-0.5,0.0,-0.0018720030784606934,0.0,0.0,0.0,-0.004000000189989805,-0.12545259296894073,map_a,map_a_open,RULESET_V3_M1_OWN_FLAG_HOME,73b77ac3a0efb2c33a4498544c96bb702a656cbbfe17af18ec859c6d6b4c2142,True
818,pi_B_specialist_2v2_dual_branch_v1,2508,197280,96,42,,OP3,OPPONENT_POOL,train,map_a_open,-1,0,SCRIPTED:OP7,6,1,1,0,1,240,0.3999999761581421,0,1,0,28,0,0,0,0,0,0,0,0,0,0,0,0,0,0,0,0,58.0,9.0021240234375,1.0,0.0,-0.00322018563747406,0.04999999701976776,0.0,0.0,0.0,0.24766503274440765,map_a,map_a_open,RULESET_V3_M1_OWN_FLAG_HOME,73b77ac3a0efb2c33a4498544c96bb702a656cbbfe17af18ec859c6d6b4c2142,True
819,pi_B_specialist_2v2_dual_branch_v1,2508,197520,96,57,,OP3,OPPONENT_POOL,train,map_a_open,-1,0,SCRIPTED:OP7,6,0,0,0,0,240,0.5999999642372131,0,2,0,99,0,0,0,0,0,0,0,0,0,0,0,0,0,0,0,0,,5.997047932942708,-0.5,0.0,0.008279889822006226,0.0,0.0,0.0,0.0,-0.1238434836268425,map_a,map_a_open,RULESET_V3_M1_OWN_FLAG_HOME,73b77ac3a0efb2c33a4498544c96bb702a656cbbfe17af18ec859c6d6b4c2142,True
820,pi_B_specialist_2v2_dual_branch_v1,2508,197872,96,79,,OP3,OPPONENT_POOL,train,map_a_open,-1,0,SCRIPTED:OP7,6,1,3,0,3,226,0.6399999856948853,1,0,0,54,0,0,0,0,0,0,0,0,0,0,0,0,0,0,0,0,65.0,6.288620670284845,1.0,0.5,0.0010643452405929565,0.0,1.0,100.0,0.0,0.5546457767486572,map_a,map_a_open,RULESET_V3_M1_OWN_FLAG_HOME,73b77ac3a0efb2c33a4498544c96bb702a656cbbfe17af18ec859c6d6b4c2142,True
821,pi_B_specialist_2v2_dual_branch_v1,2508,198448,96,115,,OP3,OPPONENT_POOL,train,map_a_open,-1,0,SCRIPTED:OP7,6,0,0,0,0,240,0.47999998927116394,1,0,0,62,0,0,0,0,0,0,0,0,0,0,0,0,0,0,0,0,,6.431183369954427,-0.5,0.0,0.009535104036331177,0.0,0.0,0.0,-0.004000000189989805,-0.12475080043077469,map_a,map_a_open,RULESET_V3_M1_OWN_FLAG_HOME,73b77ac3a0efb2c33a4498544c96bb702a656cbbfe17af18ec859c6d6b4c2142,True
822,pi_B_specialist_2v2_dual_branch_v1,2508,199088,97,27,,OP3,OPPONENT_POOL,train,map_a_open,-1,0,SCRIPTED:OP7,6,1,1,0,1,240,0.4399999976158142,0,1,0,73,0,0,0,0,0,0,0,0,0,0,0,0,0,0,0,0,94.0,6.237420654296875,1.0,0.0,-0.020596027374267578,0.0,0.0,0.0,-0.00800000037997961,0.2418261021375656,map_a,map_a_open,RULESET_V3_M1_OWN_FLAG_HOME,73b77ac3a0efb2c33a4498544c96bb702a656cbbfe17af18ec859c6d6b4c2142,True
823,pi_B_specialist_2v2_dual_branch_v1,2508,199280,97,39,,OP3,OPPONENT_POOL,train,map_a_open,-1,0,SCRIPTED:OP7,6,1,1,0,1,240,0.5199999809265137,1,0,0,85,0,0,0,0,0,0,0,0,0,0,0,0,0,0,0,0,195.0,5.9423370361328125,1.0,0.0,-0.0012697875499725342,0.0,0.0,0.0,-0.00800000037997961,0.2429630309343338,map_a,map_a_open,RULESET_V3_M1_OWN_FLAG_HOME,73b77ac3a0efb2c33a4498544c96bb702a656cbbfe17af18ec859c6d6b4c2142,True
824,pi_B_specialist_2v2_dual_branch_v1,2508,199552,97,56,,OP3,OPPONENT_POOL,train,map_a_open,-1,0,SCRIPTED:OP7,6,0,0,0,0,240,0.5199999809265137,0,2,0,64,0,0,0,0,0,0,0,0,0,0,0,0,0,0,0,0,,7.041360473632812,-0.5,0.0,-0.0016732513904571533,0.0,0.0,0.0,-0.00800000037997961,-0.12642450630664825,map_a,map_a_open,RULESET_V3_M1_OWN_FLAG_HOME,73b77ac3a0efb2c33a4498544c96bb702a656cbbfe17af18ec859c6d6b4c2142,True
825,pi_B_specialist_2v2_dual_branch_v1,2508,199680,97,64,,OP3,OPPONENT_POOL,train,map_a_open,-1,0,SCRIPTED:OP7,6,0,0,0,0,240,0.5999999642372131,1,0,0,74,0,0,0,0,0,0,0,0,0,0,0,0,0,0,0,0,,6.140991719563802,-0.5,-0.10000000149011612,0.01742422580718994,0.02499999850988388,0.0,0.0,0.0,-0.14629128575325012,map_a,map_a_open,RULESET_V3_M1_OWN_FLAG_HOME,73b77ac3a0efb2c33a4498544c96bb702a656cbbfe17af18ec859c6d6b4c2142,True
826,pi_B_specialist_2v2_dual_branch_v1,2508,199680,97,64,,OP3,OPPONENT_POOL,train,map_a_open,-1,0,SCRIPTED:OP7,6,0,0,0,0,240,0.5600000023841858,0,1,0,107,0,0,0,0,0,0,0,0,0,0,0,0,0,0,0,0,,6.075293477376302,-0.5,0.0,-0.01335608959197998,0.0,0.0,0.0,-0.004000000189989805,-0.1261589676141739,map_a,map_a_open,RULESET_V3_M1_OWN_FLAG_HOME,73b77ac3a0efb2c33a4498544c96bb702a656cbbfe17af18ec859c6d6b4c2142,True
827,pi_B_specialist_2v2_dual_branch_v1,2508,199680,97,64,,OP3,OPPONENT_POOL,train,map_a_open,-1,0,SCRIPTED:OP7,6,1,1,0,1,240,0.6800000071525574,1,0,0,86,0,0,0,0,0,0,0,0,0,0,0,0,0,0,0,0,156.0,5.695555623372396,1.0,0.0,-0.020377159118652344,0.0,0.0,0.0,-0.00800000037997961,0.2418389916419983,map_a,map_a_open,RULESET_V3_M1_OWN_FLAG_HOME,73b77ac3a0efb2c33a4498544c96bb702a656cbbfe17af18ec859c6d6b4c2142,True
828,pi_B_specialist_2v2_dual_branch_v1,2508,199680,97,64,,OP3,OPPONENT_POOL,train,map_a_open,-1,0,SCRIPTED:OP7,6,1,2,0,2,240,0.5199999809265137,0,1,0,97,0,0,0,0,0,0,0,0,0,0,0,0,0,0,0,0,104.0,5.7913569132486975,1.0,0.0,-0.02048271894454956,0.0,0.0,0.0,-0.004000000189989805,0.24277406930923462,map_a,map_a_open,RULESET_V3_M1_OWN_FLAG_HOME,73b77ac3a0efb2c33a4498544c96bb702a656cbbfe17af18ec859c6d6b4c2142,True
829,pi_B_specialist_2v2_dual_branch_v1,2508,199680,97,64,,OP3,OPPONENT_POOL,train,map_a_open,-1,0,SCRIPTED:OP7,6,0,0,0,0,240,0.5999999642372131,0,1,0,74,0,0,0,0,0,0,0,0,0,0,0,0,0,0,0,0,,5.967072041829427,-0.5,0.0,-0.020269155502319336,0.0,0.0,0.0,-0.00800000037997961,-0.12756800651550293,map_a,map_a_open,RULESET_V3_M1_OWN_FLAG_HOME,73b77ac3a0efb2c33a4498544c96bb702a656cbbfe17af18ec859c6d6b4c2142,True
830,pi_B_specialist_2v2_dual_branch_v1,2508,199680,97,64,,OP3,OPPONENT_POOL,train,map_a_open,-1,0,SCRIPTED:OP7,6,1,1,0,1,240,0.5600000023841858,0,1,0,59,0,0,0,0,0,0,0,0,0,0,0,0,0,0,0,0,183.0,6.676128133138021,1.0,0.0,-0.0019162893295288086,0.0,0.0,0.0,-0.004000000189989805,0.24386577308177948,map_a,map_a_open,RULESET_V3_M1_OWN_FLAG_HOME,73b77ac3a0efb2c33a4498544c96bb702a656cbbfe17af18ec859c6d6b4c2142,True
831,pi_B_specialist_2v2_dual_branch_v1,2508,199680,97,64,,OP3,OPPONENT_POOL,train,map_a_open,-1,0,SCRIPTED:OP7,6,0,0,0,0,240,0.5199999809265137,0,1,0,77,0,0,0,0,0,0,0,0,0,0,0,0,0,0,0,0,,6.566444396972656,-0.5,0.0,0.016400784254074097,0.0,0.0,0.0,-0.004000000189989805,-0.12432834506034851,map_a,map_a_open,RULESET_V3_M1_OWN_FLAG_HOME,73b77ac3a0efb2c33a4498544c96bb702a656cbbfe17af18ec859c6d6b4c2142,True
832,pi_B_specialist_2v2_dual_branch_v1,2508,199680,97,64,,OP3,OPPONENT_POOL,train,map_a_open,-1,0,SCRIPTED:OP7,6,1,1,0,1,240,0.47999998927116394,1,0,0,78,0,0,0,0,0,0,0,0,0,0,0,0,0,0,0,0,73.0,6.321754964192708,1.0,0.0,0.014530867338180542,0.0,0.0,0.0,0.0,0.24577215313911438,map_a,map_a_open,RULESET_V3_M1_OWN_FLAG_HOME,73b77ac3a0efb2c33a4498544c96bb702a656cbbfe17af18ec859c6d6b4c2142,True
