update,run_id,run_pid,timesteps,episodes_completed,wins,losses,draws,win_rate,rolling_win_rate_50ep,rolling_win_rate_200ep,rollout_reward_mean,rollout_reward_std,rollout_return_mean,rollout_return_std,rollout_episodes,rollout_wins,rollout_losses,rollout_draws,rollout_win_rate,rollout_win_margin_mean,rollout_blue_score_mean,rollout_red_score_mean,explained_variance,reward_terminal_mean,reward_offense_mean,reward_pbrs_mean,reward_team_mean,reward_sparse_mean,reward_sparse_points_mean,reward_failure_mean,reward_behavior_contrast_mean,reward_outcome_diversity_mean,reward_csia_mean,reward_contract_specialist_mean,reward_total_mean,reward_outcome_mean,reward_shaping_mean,reward_shaping_to_outcome_abs_ratio,reward_shaping_coef,reward_failure_to_outcome_abs,policy_loss,value_loss,value_loss_min,value_loss_std,value_loss_p10,value_loss_p50,value_loss_p90,value_loss_max,return_norm_mean,return_norm_std,return_norm_count,entropy,approx_kl,clip_fraction,grad_norm,learning_rate,latent_lam_h,strategy_entropy,strategy_entropy_frac,strategy_policy_loss,strategy_approx_kl,strategy_clip_fraction,strategy_ratio_std,strategy_aux_return_loss,strategy_persist_loss,strategy_grad_norm,strategy_resample_count,strategy_resample_fraction,latent_episode_pg_loss,latent_episode_v_loss,latent_episode_entropy,latent_episode_adv_mean,latent_episode_adv_std,latent_episode_return_mean,latent_episode_return_std,latent_episode_ratio_mean,latent_episode_ratio_max,latent_episode_ratio_min,latent_episode_ratio_std,latent_episode_approx_kl,latent_episode_clip_fraction,latent_episode_count,latent_episode_loss,strategy_bucket_best_match_frac,strategy_experience_records,strategy_experience_buckets,strategy_unique_count,strategy_dominant,strategy_switch_count,strategy_switch_fraction,strategy_wr_spread,strategy_resample_fraction_rollout,rollout_adv_std,rollout_adv_std_at_z_switch,rollout_adv_std_not_z_switch,curriculum_phase,curriculum_phase_idx,curriculum_phase_episodes,curriculum_phase_win_rate,csia_interaction_strength,centered_advantage_matrix,oracle_best_z_per_opponent,router_oracle_gap,routing_gain,regret_weighted_routing_score,gate_A_pass,gate_B_pass,gate_C_pass,csia_bonus_active,csia_payoff_cells,csia_total_count,csia_behavior_spread_max,csia_bonus_mean,csia_last_refresh_update,csia_reward_coef
1,42404-1785547340678310400,42404,2048,9,4,4,1,0.4444444444444444,0.4444444444444444,0.4444444444444444,-0.03614068031311035,0.1272379457950592,-1.2905848026275635,0.8365899324417114,9,4,4,1,0.4444444444444444,0.0,2.4444444444444446,2.4444444444444446,-0.0010311603546142578,-0.000244140625,-0.0023437500931322575,0.0033673301804810762,0.008676758036017418,-0.00927734375,-0.927734375,-0.13955077528953552,0.0,0.0,0.0,0.0,-0.03614068031311035,-0.009521484375,0.0006672719609923661,0.07007330594778384,1.0,14.654870493240955,-0.009610902299755253,1.8923391178250313,1.6638168096542358,0.15590797364711761,1.7251935005187988,1.8643639087677002,2.0628833770751953,2.2924880981445312,0.0,0.0,0.0,3.532099738717079,0.0032701488162274472,0.0208740234375,1.6379687925800681,0.0004989759999999999,0.005,0.0,0.0,0.0,0.0,0.0,0.0,0.0,0.0,0.0,,0.0,0.0,0.0,0.0,0.0,0.0,0.0,0.0,0.0,0.0,0.0,0.0,0.0,0.0,0.0,0.0,0.0,0.0,0.0,,,,,0.0,,0.8370211720466614,,,,,,,0.0,{},{},0.0,0.0,0.0,0.0,0.0,0.0,0.0,0,0,0.0,0.0,,0.0
2,42404-1785547340678310400,42404,4096,17,8,8,1,0.47058823529411764,0.47058823529411764,0.47058823529411764,-0.04896590858697891,0.1309136599302292,-1.9302341938018799,1.1828776597976685,8,4,4,0,0.5,0.0,2.125,2.125,0.0017682909965515137,0.0,-0.010058593936264515,0.0006916000274941325,0.005244140513241291,-0.02294921875,-2.294921875,-0.16933593153953552,0.0,0.0,0.0,0.0,-0.04896590858697891,-0.02294921875,-0.008574658801080659,0.3736199159792609,1.0,7.378401634604703,-0.006038570747477934,3.5413813441991806,3.0437002182006836,0.3136672377586365,3.1216397285461426,3.6327242851257324,3.8688340187072754,4.0225982666015625,0.0,0.0,0.0,4.12839874625206,0.010983231179125141,0.100830078125,4.223442119546235,0.000497952,0.005,0.0,0.0,0.0,0.0,0.0,0.0,0.0,0.0,0.0,,0.0,0.0,0.0,0.0,0.0,0.0,0.0,0.0,0.0,0.0,0.0,0.0,0.0,0.0,0.0,0.0,0.0,0.0,0.0,,,,,0.0,,1.1818312406539917,,,,,,,0.0,{},{},0.0,0.0,0.0,0.0,0.0,0.0,0.0,0,0,0.0,0.0,,0.0
3,42404-1785547340678310400,42404,6144,27,15,9,3,0.5555555555555556,0.5555555555555556,0.5555555555555556,-0.05273455008864403,0.1297444999217987,-2.2795228958129883,1.285264253616333,10,7,1,2,0.7,0.7,2.0,1.3,0.02140820026397705,0.00244140625,-0.01137695275247097,0.0013158377259969711,0.00299072265625,-0.027587890625,-2.7587890625,-0.18046875298023224,0.0,0.0,0.0,0.0,-0.05273455008864403,-0.025146484375,-0.010300312656909227,0.40959614501835145,1.0,7.17641376326463,-0.0073803935665637255,3.65623876452446,3.1000518798828125,0.2442329078912735,3.4354910850524902,3.6381051540374756,3.945986270904541,4.164433479309082,0.0,0.0,0.0,4.3094543516635895,0.008710897120181471,0.073974609375,3.963136838749051,0.000496928,0.005,0.0,0.0,0.0,0.0,0.0,0.0,0.0,0.0,0.0,,0.0,0.0,0.0,0.0,0.0,0.0,0.0,0.0,0.0,0.0,0.0,0.0,0.0,0.0,0.0,0.0,0.0,0.0,0.0,,,,,0.0,,1.2714322805404663,,,,,,,0.0,{},{},0.0,0.0,0.0,0.0,0.0,0.0,0.0,0,0,0.0,0.0,,0.0
4,42404-1785547340678310400,42404,8192,38,22,10,6,0.5789473684210527,0.5789473684210527,0.5789473684210527,-0.05324180796742439,0.13191775977611542,-2.461280345916748,1.3030542135238647,11,7,1,3,0.6363636363636364,0.9090909090909091,1.5454545454545454,0.6363636363636364,0.050565242767333984,0.002197265625,-0.010937499813735485,0.0013746909098699689,0.0029980423860251904,-0.02783203125,-2.783203125,-0.18330079317092896,0.0,0.0,0.0,0.0,-0.05324180796742439,-0.025634765625,-0.009844316489761695,0.38400711856101216,1.0,7.150197729697373,0.001109347998863086,3.4504059851169586,2.8365392684936523,0.2858637571334839,3.123243570327759,3.5070371627807617,3.787022113800049,3.828929901123047,0.0,0.0,0.0,4.376114130020142,0.007715550935245119,0.0596923828125,6.265820678323507,0.000495904,0.005,0.0,0.0,0.0,0.0,0.0,0.0,0.0,0.0,0.0,,0.0,0.0,0.0,0.0,0.0,0.0,0.0,0.0,0.0,0.0,0.0,0.0,0.0,0.0,0.0,0.0,0.0,0.0,0.0,,,,,0.0,,1.2696822881698608,,,,,,,0.0,{},{},0.0,0.0,0.0,0.0,0.0,0.0,0.0,0,0,0.0,0.0,,0.0
5,42404-1785547340678310400,42404,10240,49,32,10,7,0.6530612244897959,0.6530612244897959,0.6530612244897959,-0.051024653017520905,0.13152939081192017,-2.657209634780884,1.3026607036590576,11,10,0,1,0.9090909090909091,1.5454545454545454,2.090909090909091,0.5454545454545454,0.093852698802948,0.004638671875,-0.01279296912252903,0.0015692688757553697,0.0037646484561264515,-0.02880859375,-2.880859375,-0.17353516817092896,0.0,0.0,0.0,0.0,-0.051024653017520905,-0.024169921875,-0.011459489789558575,0.47410230560594097,1.0,7.1795014302047155,-0.0027547830541152507,2.9086116552352905,2.507138252258301,0.24349777400493622,2.6088998317718506,2.8629350662231445,3.1798691749572754,3.491741418838501,0.0,0.0,0.0,4.1522813737392426,0.003452828597801272,0.0146484375,5.138080008327961,0.00049488,0.005,0.0,0.0,0.0,0.0,0.0,0.0,0.0,0.0,0.0,,0.0,0.0,0.0,0.0,0.0,0.0,0.0,0.0,0.0,0.0,0.0,0.0,0.0,0.0,0.0,0.0,0.0,0.0,0.0,,,,,0.0,,1.2400258779525757,,,,,,,0.0,{},{},0.0,0.0,0.0,0.0,0.0,0.0,0.0,0,0,0.0,0.0,,0.0
6,42404-1785547340678310400,42404,12288,58,37,11,10,0.6379310344827587,0.66,0.6379310344827587,-0.058238375931978226,0.13043160736560822,-3.1959102153778076,1.2214159965515137,9,5,1,3,0.5555555555555556,0.4444444444444444,1.5555555555555556,1.1111111111111112,0.0934416651725769,0.001220703125,-0.01669921912252903,6.366323214024305e-05,0.002253417856991291,-0.037109375,-3.7109375,-0.18779295682907104,0.0,0.0,0.0,0.0,-0.058238375931978226,-0.035888671875,-0.016119948850246146,0.4491528623162188,1.0,5.232506930772018,-0.002318957558600232,3.3844576328992844,2.9212887287139893,0.30040785670280457,2.9802026748657227,3.3919153213500977,3.729095697402954,3.915945291519165,0.0,0.0,0.0,4.510334134101868,0.0020841041186940856,0.0057373046875,9.214776512235403,0.000493856,0.005,0.0,0.0,0.0,0.0,0.0,0.0,0.0,0.0,0.0,,0.0,0.0,0.0,0.0,0.0,0.0,0.0,0.0,0.0,0.0,0.0,0.0,0.0,0.0,0.0,0.0,0.0,0.0,0.0,,,,,0.0,,1.162951111793518,,,,,,,0.0,{},{},0.0,0.0,0.0,0.0,0.0,0.0,0.0,0,0,0.0,0.0,,0.0
7,42404-1785547340678310400,42404,14336,66,41,11,14,0.6212121212121212,0.66,0.6212121212121212,-0.05171150714159012,0.12417668849229813,-3.4813361167907715,1.1785974502563477,8,4,0,4,0.5,0.5,1.0,0.5,0.09896636009216309,0.0009765625,-0.010498046875,0.0007198489038273692,0.0019628903828561306,-0.025146484375,-2.5146484375,-0.17792969942092896,0.0,0.0,0.0,0.0,-0.05171150714159012,-0.024169921875,-0.009827362053329125,0.40657787502484843,1.0,7.361312089836414,-0.0036043834406882524,2.9147310703992844,2.6103322505950928,0.22429606318473816,2.6932783126831055,2.870744228363037,3.1753242015838623,3.4667677879333496,0.0,0.0,0.0,4.316009610891342,0.004057601268868893,0.0264892578125,6.78384348936379,0.000492832,0.005,0.0,0.0,0.0,0.0,0.0,0.0,0.0,0.0,0.0,,0.0,0.0,0.0,0.0,0.0,0.0,0.0,0.0,0.0,0.0,0.0,0.0,0.0,0.0,0.0,0.0,0.0,0.0,0.0,,,,,0.0,,1.1187576055526733,,,,,,,0.0,{},{},0.0,0.0,0.0,0.0,0.0,0.0,0.0,0,0,0.0,0.0,,0.0
8,42404-1785547340678310400,42404,16384,77,49,11,17,0.6363636363636364,0.68,0.6363636363636364,-0.05559870973229408,0.12840285897254944,-3.613210678100586,1.3034697771072388,11,8,0,3,0.7272727272727273,1.1818181818181819,1.5454545454545454,0.36363636363636365,0.17026442289352417,0.003173828125,-0.01567382924258709,4.6163178922142833e-05,0.0020678709261119366,-0.033935546875,-3.3935546875,-0.18222656846046448,0.0,0.0,0.0,0.0,-0.05559870973229408,-0.03076171875,-0.01514532071632857,0.49232711969999626,1.0,5.923617153001618,-0.001092253194656223,2.8429429829120636,2.407360076904297,0.26542526483535767,2.546502113342285,2.851862907409668,3.1380271911621094,3.383863925933838,0.0,0.0,0.0,4.346623718738556,0.004526197670202237,0.0284423828125,9.963396143168211,0.000491808,0.005,0.0,0.0,0.0,0.0,0.0,0.0,0.0,0.0,0.0,,0.0,0.0,0.0,0.0,0.0,0.0,0.0,0.0,0.0,0.0,0.0,0.0,0.0,0.0,0.0,0.0,0.0,0.0,0.0,,,,,0.0,,1.1873282194137573,,,,,,,0.0,{},{},0.0,0.0,0.0,0.0,0.0,0.0,0.0,0,0,0.0,0.0,,0.0
9,42404-1785547340678310400,42404,18432,86,54,13,19,0.627906976744186,0.68,0.627906976744186,-0.05801226198673248,0.12585267424583435,-4.15086030960083,1.2182443141937256,9,5,2,2,0.5555555555555556,0.5555555555555556,1.0,0.4444444444444444,0.12695026397705078,0.0009765625,-0.01752929762005806,-0.00034036661963909864,0.0012353514321148396,-0.038330078125,-3.8330078125,-0.18349608778953552,0.0,0.0,0.0,0.0,-0.05801226198673248,-0.037353515625,-0.017305551416939124,0.46327869943941014,1.0,4.912286633071166,-0.002583407622296363,3.1077058017253876,2.820174217224121,0.2617259621620178,2.8515541553497314,3.0214152336120605,3.5122666358947754,3.7066776752471924,0.0,0.0,0.0,4.457493305206299,0.003549174522049725,0.0196533203125,9.644090697169304,0.000490784,0.005,0.0,0.0,0.0,0.0,0.0,0.0,0.0,0.0,0.0,,0.0,0.0,0.0,0.0,0.0,0.0,0.0,0.0,0.0,0.0,0.0,0.0,0.0,0.0,0.0,0.0,0.0,0.0,0.0,,,,,0.0,,1.1382924318313599,,,,,,,0.0,{},{},0.0,0.0,0.0,0.0,0.0,0.0,0.0,0,0,0.0,0.0,,0.0
10,42404-1785547340678310400,42404,20480,96,61,13,22,0.6354166666666666,0.64,0.6354166666666666,-0.047981664538383484,0.12470972537994385,-3.8572311401367188,1.4209089279174805,10,7,0,3,0.7,1.0,1.1,0.1,0.22044360637664795,0.002685546875,-0.01088867150247097,0.0005160119035281241,0.0026269531808793545,-0.023681640625,-2.3681640625,-0.16572266817092896,0.0,0.0,0.0,0.0,-0.047981664538383484,-0.02099609375,-0.0101029302313691,0.4811585046796822,1.0,7.892647913282234,-0.0005719942273572087,2.4928488433361053,2.1797707080841064,0.1906655877828598,2.2805898189544678,2.510535717010498,2.753042459487915,2.7878336906433105,0.0,0.0,0.0,4.068703338503838,0.006251789767702576,0.0491943359375,9.379425294697285,0.00048976,0.005,0.0,0.0,0.0,0.0,0.0,0.0,0.0,0.0,0.0,,0.0,0.0,0.0,0.0,0.0,0.0,0.0,0.0,0.0,0.0,0.0,0.0,0.0,0.0,0.0,0.0,0.0,0.0,0.0,,,,,0.0,,1.2545559406280518,,,,,,,0.0,{},{},0.0,0.0,0.0,0.0,0.0,0.0,0.0,0,0,0.0,0.0,,0.0
11,42404-1785547340678310400,42404,22528,107,66,14,27,0.616822429906542,0.6,0.616822429906542,-0.05094325169920921,0.1299414336681366,-3.9573252201080322,1.5956413745880127,11,5,1,5,0.45454545454545453,0.5454545454545454,1.4545454545454546,0.9090909090909091,0.33565884828567505,0.000732421875,-0.010888672433793545,0.0005425543640740216,0.00299072265625,-0.026611328125,-2.6611328125,-0.17353516817092896,0.0,0.0,0.0,0.0,-0.05094325169920921,-0.02587890625,-0.01000535317871254,0.3866070101669143,1.0,6.705401731156926,-0.004389821435324848,2.2453375160694122,1.9316835403442383,0.1610853224992752,2.0657060146331787,2.2319259643554688,2.4749231338500977,2.5005416870117188,0.0,0.0,0.0,4.222652196884155,0.003742350592801813,0.0185546875,7.81019638851285,0.000488736,0.005,0.0,0.0,0.0,0.0,0.0,0.0,0.0,0.0,0.0,,0.0,0.0,0.0,0.0,0.0,0.0,0.0,0.0,0.0,0.0,0.0,0.0,0.0,0.0,0.0,0.0,0.0,0.0,0.0,,,,,0.0,,1.300561547279358,,,,,,,0.0,{},{},0.0,0.0,0.0,0.0,0.0,0.0,0.0,0,0,0.0,0.0,,0.0
12,42404-1785547340678310400,42404,24576,115,70,16,29,0.6086956521739131,0.6,0.6086956521739131,-0.05443354696035385,0.12600821256637573,-4.482562065124512,1.1969976425170898,8,4,2,2,0.5,0.25,1.0,0.75,0.18826162815093994,0.00048828125,-0.01469726487994194,0.0003381680289749056,0.0015673827147111297,-0.032470703125,-3.2470703125,-0.17783203721046448,0.0,0.0,0.0,0.0,-0.05443354696035385,-0.031982421875,-0.014220877194020431,0.4446327616100468,1.0,5.560131680264886,-0.003727974370121956,2.2455371394753456,1.97634756565094,0.19671881198883057,2.0448527336120605,2.183448314666748,2.5475282669067383,2.67877459526062,0.0,0.0,0.0,4.280084997415543,0.0037409184224088676,0.020751953125,8.048545867204666,0.000487712,0.005,0.0,0.0,0.0,0.0,0.0,0.0,0.0,0.0,0.0,,0.0,0.0,0.0,0.0,0.0,0.0,0.0,0.0,0.0,0.0,0.0,0.0,0.0,0.0,0.0,0.0,0.0,0.0,0.0,,,,,0.0,,1.0784533023834229,,,,,,,0.0,{},{},0.0,0.0,0.0,0.0,0.0,0.0,0.0,0,0,0.0,0.0,,0.0
13,42404-1785547340678310400,42404,26624,123,75,18,30,0.6097560975609756,0.58,0.6097560975609756,-0.06259284913539886,0.125091552734375,-4.928940773010254,1.174607753753662,8,5,2,1,0.625,0.5,1.0,0.5,0.09176397323608398,0.001220703125,-0.02143554762005806,-0.0008847618009895086,0.0010131835006177425,-0.045166015625,-4.5166015625,-0.19208984076976776,0.0,0.0,0.0,0.0,-0.06259284913539886,-0.0439453125,-0.021403442195151,0.48703613517404903,1.0,4.371011578497463,-0.002431169559713453,2.6472001373767853,2.314509868621826,0.1938284933567047,2.439046621322632,2.608705520629883,2.880723476409912,3.050767421722412,0.0,0.0,0.0,4.633303791284561,0.0012458752826205455,0.0018310546875,11.119532950222492,0.00048668800000000004,0.005,0.0,0.0,0.0,0.0,0.0,0.0,0.0,0.0,0.0,,0.0,0.0,0.0,0.0,0.0,0.0,0.0,0.0,0.0,0.0,0.0,0.0,0.0,0.0,0.0,0.0,0.0,0.0,0.0,,,,,0.0,,1.1194179058074951,,,,,,,0.0,{},{},0.0,0.0,0.0,0.0,0.0,0.0,0.0,0,0,0.0,0.0,,0.0
14,42404-1785547340678310400,42404,28672,134,80,19,35,0.5970149253731343,0.56,0.5970149253731343,-0.05234316736459732,0.1230783760547638,-4.610097885131836,1.5926886796951294,11,5,1,5,0.45454545454545453,0.6363636363636364,1.0909090909090908,0.45454545454545453,0.37973707914352417,0.000732421875,-0.01308593712747097,0.0005682704504579306,0.0015893554082140326,-0.028564453125,-2.8564453125,-0.17431640625,0.0,0.0,0.0,0.0,-0.05234316736459732,-0.02783203125,-0.01254653066280298,0.45077844917818566,1.0,6.262932868657631,-0.0026910711312666535,2.11905001103878,1.8272640705108643,0.12268643826246262,1.986099362373352,2.1202845573425293,2.260817527770996,2.26951003074646,0.0,0.0,0.0,4.18405944108963,0.0019442205521045253,0.0059814453125,6.8922199830412865,0.000485664,0.005,0.0,0.0,0.0,0.0,0.0,0.0,0.0,0.0,0.0,,0.0,0.0,0.0,0.0,0.0,0.0,0.0,0.0,0.0,0.0,0.0,0.0,0.0,0.0,0.0,0.0,0.0,0.0,0.0,,,,,0.0,,1.254350185394287,,,,,,,0.0,{},{},0.0,0.0,0.0,0.0,0.0,0.0,0.0,0,0,0.0,0.0,,0.0
15,42404-1785547340678310400,42404,30720,141,83,19,39,0.5886524822695035,0.52,0.5886524822695035,-0.052765317261219025,0.12437354773283005,-4.922524929046631,1.0739487409591675,7,3,0,4,0.42857142857142855,0.42857142857142855,0.7142857142857143,0.2857142857142857,0.16710329055786133,0.00048828125,-0.01411132887005806,-0.0005437014042399824,0.002077636541798711,-0.031982421875,-3.1982421875,-0.17216797173023224,0.0,0.0,0.0,0.0,-0.052765317261219025,-0.031494140625,-0.013727845085668378,0.4358718460450874,1.0,5.466493189542069,-0.004025439702672884,1.8378586769104004,1.6484829187393188,0.14088395237922668,1.7034006118774414,1.8122234344482422,1.9733405113220215,2.2562665939331055,0.0,0.0,0.0,4.15819576382637,0.003402856171305757,0.017822265625,7.786105595529079,0.00048464000000000005,0.005,0.0,0.0,0.0,0.0,0.0,0.0,0.0,0.0,0.0,,0.0,0.0,0.0,0.0,0.0,0.0,0.0,0.0,0.0,0.0,0.0,0.0,0.0,0.0,0.0,0.0,0.0,0.0,0.0,,,,,0.0,,0.9801197052001953,,,,,,,0.0,{},{},0.0,0.0,0.0,0.0,0.0,0.0,0.0,0,0,0.0,0.0,,0.0
16,42404-1785547340678310400,42404,32768,152,87,21,44,0.5723684210526315,0.46,0.5723684210526315,-0.050920307636260986,0.12428094446659088,-4.960015773773193,1.252564787864685,11,4,2,5,0.36363636363636365,0.18181818181818182,1.0,0.8181818181818182,0.3434177041053772,-0.000244140625,-0.01137695275247097,-0.00016539065109100193,0.0018237305339425802,-0.02587890625,-2.587890625,-0.17128905653953552,0.0,0.0,0.0,0.0,-0.050920307636260986,-0.026123046875,-0.010962367781758076,0.419627473270566,1.0,6.556758122473531,-0.0010374391276855022,1.6690623685717583,1.4964704513549805,0.12621496617794037,1.5295498371124268,1.645670771598816,1.8209941387176514,1.9962972402572632,0.0,0.0,0.0,4.172497183084488,0.0021061035949969664,0.004150390625,9.574366629123688,0.000483616,0.005,0.0,0.0,0.0,0.0,0.0,0.0,0.0,0.0,0.0,,0.0,0.0,0.0,0.0,0.0,0.0,0.0,0.0,0.0,0.0,0.0,0.0,0.0,0.0,0.0,0.0,0.0,0.0,0.0,,,,,0.0,,1.0149502754211426,,,,,,,0.0,{},{},0.0,0.0,0.0,0.0,0.0,0.0,0.0,0,0,0.0,0.0,,0.0
17,42404-1785547340678310400,42404,34816,160,87,25,48,0.54375,0.38,0.54375,-0.05239918455481529,0.1285971999168396,-4.8560285568237305,1.319442868232727,8,0,4,4,0.0,-0.625,0.75,1.375,0.3037971258163452,-0.0029296875,-0.014404296875,-1.9885774236172438e-06,0.003679199144244194,-0.029541015625,-2.9541015625,-0.16962890326976776,0.0,0.0,0.0,0.0,-0.05239918455481529,-0.032470703125,-0.013484994233294856,0.4152844764989473,1.0,5.223899178210036,-0.001550855755340308,1.5699095502495766,1.4192636013031006,0.10841401666402817,1.46083664894104,1.5302926301956177,1.7131762504577637,1.817953109741211,0.0,0.0,0.0,4.092187598347664,0.0005828189823660068,0.00048828125,7.041587471961975,0.00048259200000000006,0.005,0.0,0.0,0.0,0.0,0.0,0.0,0.0,0.0,0.0,,0.0,0.0,0.0,0.0,0.0,0.0,0.0,0.0,0.0,0.0,0.0,0.0,0.0,0.0,0.0,0.0,0.0,0.0,0.0,,,,,0.0,,1.1009268760681152,,,,,,,0.0,{},{},0.0,0.0,0.0,0.0,0.0,0.0,0.0,0,0,0.0,0.0,,0.0
18,42404-1785547340678310400,42404,36864,170,92,26,52,0.5411764705882353,0.36,0.5411764705882353,-0.053019337356090546,0.12408547103404999,-5.379305362701416,1.347294807434082,10,5,1,4,0.5,0.4,1.2,0.8,0.307131290435791,0.0009765625,-0.01508788950741291,-0.00012864969903603196,0.0014794921735301614,-0.035400390625,-3.5400390625,-0.16982421278953552,0.0,0.0,0.0,0.0,-0.053019337356090546,-0.034423828125,-0.014750178888789378,0.4284750191120781,1.0,4.933189852768089,-0.0010686592722777277,1.882333442568779,1.6277179718017578,0.1568276733160019,1.7036936283111572,1.861762523651123,2.074254035949707,2.1905393600463867,0.0,0.0,0.0,4.1764436066150665,0.0012371291159070097,0.0009765625,9.06618519872427,0.000481568,0.005,0.0,0.0,0.0,0.0,0.0,0.0,0.0,0.0,0.0,,0.0,0.0,0.0,0.0,0.0,0.0,0.0,0.0,0.0,0.0,0.0,0.0,0.0,0.0,0.0,0.0,0.0,0.0,0.0,,,,,0.0,,1.1214711666107178,,,,,,,0.0,{},{},0.0,0.0,0.0,0.0,0.0,0.0,0.0,0,0,0.0,0.0,,0.0
19,42404-1785547340678310400,42404,38912,179,95,27,57,0.5307262569832403,0.38,0.5307262569832403,-0.05257365480065346,0.12617795169353485,-5.419957160949707,1.3028104305267334,9,3,1,5,0.3333333333333333,0.2222222222222222,0.7777777777777778,0.5555555555555556,0.3419068455696106,-0.000244140625,-0.01225585862994194,-0.0005659405142068863,0.0009130858816206455,-0.027587890625,-2.7587890625,-0.17578125,0.0,0.0,0.0,0.0,-0.05257365480065346,-0.02783203125,-0.0121690722880885,0.43721692325870903,1.0,6.315562556629544,-0.0013537525373976678,1.5593247264623642,1.2953746318817139,0.11822352558374405,1.421656608581543,1.5520288944244385,1.689988136291504,1.7222726345062256,0.0,0.0,0.0,4.282011032104492,0.00014692071272293106,0.0,7.928674079477787,0.00048054399999999996,0.005,0.0,0.0,0.0,0.0,0.0,0.0,0.0,0.0,0.0,,0.0,0.0,0.0,0.0,0.0,0.0,0.0,0.0,0.0,0.0,0.0,0.0,0.0,0.0,0.0,0.0,0.0,0.0,0.0,,,,,0.0,,1.0568780899047852,,,,,,,0.0,{},{},0.0,0.0,0.0,0.0,0.0,0.0,0.0,0,0,0.0,0.0,,0.0
20,42404-1785547340678310400,42404,40960,188,100,29,59,0.5319148936170213,0.38,0.5319148936170213,-0.05097650736570358,0.12221936881542206,-5.473696708679199,1.5760126113891602,9,5,2,2,0.5555555555555556,0.4444444444444444,0.7777777777777778,0.3333333333333333,0.4390007257461548,0.0009765625,-0.012060546316206455,0.0007618551608175039,0.0020727538503706455,-0.028564453125,-2.8564453125,-0.17050781846046448,0.0,0.0,0.0,0.0,-0.05097650736570358,-0.027587890625,-0.011351894063409418,0.4114661302518183,1.0,6.180307167043418,-0.0013984308461658657,1.7107775583863258,1.551729679107666,0.1140441745519638,1.6063766479492188,1.6769697666168213,1.8541189432144165,2.0065464973449707,0.0,0.0,0.0,4.1218675673007965,0.0017418419956811704,0.003173828125,8.51339228823781,0.00047952,0.005,0.0,0.0,0.0,0.0,0.0,0.0,0.0,0.0,0.0,,0.0,0.0,0.0,0.0,0.0,0.0,0.0,0.0,0.0,0.0,0.0,0.0,0.0,0.0,0.0,0.0,0.0,0.0,0.0,,,,,0.0,,1.180431604385376,,,,,,,0.0,{},{},0.0,0.0,0.0,0.0,0.0,0.0,0.0,0,0,0.0,0.0,,0.0
21,42404-1785547340678310400,42404,43008,200,107,29,64,0.535,0.42,0.535,-0.04903189465403557,0.12233396619558334,-5.167527198791504,2.2006239891052246,12,7,0,5,0.5833333333333334,0.9166666666666666,1.25,0.3333333333333333,0.550838053226471,0.002197265625,-0.011035156436264515,0.000952316215261817,0.002666015410795808,-0.02587890625,-2.587890625,-0.16679687798023224,0.0,0.0,0.0,0.0,-0.04903189465403557,-0.023681640625,-0.010130573529750109,0.42776368100844364,1.0,7.043001691464979,-0.003616224421421066,2.1868808567523956,2.0521912574768066,0.09275087714195251,2.081838607788086,2.156752586364746,2.320934534072876,2.370326042175293,0.0,0.0,0.0,4.0950416922569275,0.0013892198403482325,0.0035400390625,5.945455927401781,0.00047849599999999997,0.005,0.0,0.0,0.0,0.0,0.0,0.0,0.0,0.0,0.0,,0.0,0.0,0.0,0.0,0.0,0.0,0.0,0.0,0.0,0.0,0.0,0.0,0.0,0.0,0.0,0.0,0.0,0.0,0.0,,,,,0.0,,1.4748480319976807,,,,,,,0.0,{},{},0.0,0.0,0.0,0.0,0.0,0.0,0.0,0,0,0.0,0.0,,0.0
22,42404-1785547340678310400,42404,45056,208,111,32,65,0.5336538461538461,0.48,0.535,-0.05124600976705551,0.12780891358852386,-5.319431781768799,2.224360227584839,8,4,3,1,0.5,0.375,1.625,1.25,0.6301781535148621,0.000244140625,-0.01210937462747097,0.000881556305103004,0.003950195387005806,-0.029052734375,-2.9052734375,-0.17070311307907104,0.0,0.0,0.0,0.0,-0.05124600976705551,-0.02880859375,-0.010901436704443768,0.3783960578910894,1.0,5.925217639664601,-0.00040336852543987334,2.0305518209934235,1.9154647588729858,0.1016111820936203,1.9321478605270386,2.001437187194824,2.2000772953033447,2.2527270317077637,0.0,0.0,0.0,4.06864196062088,0.00492705713986652,0.0318603515625,9.600150316953659,0.000477472,0.005,0.0,0.0,0.0,0.0,0.0,0.0,0.0,0.0,0.0,,0.0,0.0,0.0,0.0,0.0,0.0,0.0,0.0,0.0,0.0,0.0,0.0,0.0,0.0,0.0,0.0,0.0,0.0,0.0,,,,,0.0,,1.3526997566223145,,,,,,,0.0,{},{},0.0,0.0,0.0,0.0,0.0,0.0,0.0,0,0,0.0,0.0,,0.0
23,42404-1785547340678310400,42404,47104,219,118,33,68,0.5388127853881278,0.52,0.54,-0.053243301808834076,0.12669552862644196,-5.842474937438965,2.0403029918670654,11,7,1,3,0.6363636363636364,0.7272727272727273,1.7272727272727273,1.0,0.6816344857215881,0.002197265625,-0.013427734375,0.00021397483942564577,0.0021118163131177425,-0.0302734375,-3.02734375,-0.17705079913139343,0.0,0.0,0.0,0.0,-0.053243301808834076,-0.028076171875,-0.012846286586864153,0.45753491997185536,1.0,6.3058629950205205,-0.0059536977496463805,1.532403826713562,1.3660366535186768,0.08393936604261398,1.435197353363037,1.535470724105835,1.6115031242370605,1.716909646987915,0.0,0.0,0.0,4.2968087792396545,0.00415113727649441,0.022705078125,8.33581156283617,0.000476448,0.005,0.0,0.0,0.0,0.0,0.0,0.0,0.0,0.0,0.0,,0.0,0.0,0.0,0.0,0.0,0.0,0.0,0.0,0.0,0.0,0.0,0.0,0.0,0.0,0.0,0.0,0.0,0.0,0.0,,,,,0.0,,1.151218295097351,,,,,,,0.0,{},{},0.0,0.0,0.0,0.0,0.0,0.0,0.0,0,0,0.0,0.0,,0.0
24,42404-1785547340678310400,42404,49152,227,123,33,71,0.5418502202643172,0.58,0.54,-0.055627528578042984,0.12829163670539856,-6.6216020584106445,1.8423559665679932,8,5,0,3,0.625,0.75,1.125,0.375,0.6764724850654602,0.001708984375,-0.013623046688735485,-0.0003552737762220204,0.0011645507765933871,-0.031005859375,-3.1005859375,-0.18525391817092896,0.0,0.0,0.0,0.0,-0.055627528578042984,-0.029296875,-0.013420727438642643,0.4580785274919305,1.0,6.323117911143008,-0.004172917309915647,1.4601349905133247,1.3058204650878906,0.07524228096008301,1.349003553390503,1.4714713096618652,1.545655608177185,1.5976872444152832,0.0,0.0,0.0,4.372077852487564,0.005470356860314496,0.04248046875,11.423239409923553,0.000475424,0.005,0.0,0.0,0.0,0.0,0.0,0.0,0.0,0.0,0.0,,0.0,0.0,0.0,0.0,0.0,0.0,0.0,0.0,0.0,0.0,0.0,0.0,0.0,0.0,0.0,0.0,0.0,0.0,0.0,,,,,0.0,,1.0479226112365723,,,,,,,0.0,{},{},0.0,0.0,0.0,0.0,0.0,0.0,0.0,0,0,0.0,0.0,,0.0
25,42404-1785547340678310400,42404,51200,238,129,36,73,0.542016806722689,0.58,0.535,-0.052312519401311874,0.12502866983413696,-6.177546977996826,1.9589323997497559,11,6,3,2,0.5454545454545454,0.45454545454545453,1.0909090909090908,0.6363636363636364,0.5811007618904114,0.0009765625,-0.014453125186264515,0.0006132721900939941,0.0022241210099309683,-0.033203125,-3.3203125,-0.16865235567092896,0.0,0.0,0.0,0.0,-0.052312519401311874,-0.0322265625,-0.013743776886258274,0.4264603283682492,1.0,5.233171316351616,-0.004024599271360785,1.6696307212114334,1.5415878295898438,0.09181348979473114,1.5756458044052124,1.651242733001709,1.768333911895752,1.9008474349975586,0.0,0.0,0.0,4.0408511608839035,0.0019507969409460202,0.0067138671875,8.35956085473299,0.0004744,0.005,0.0,0.0,0.0,0.0,0.0,0.0,0.0,0.0,0.0,,0.0,0.0,0.0,0.0,0.0,0.0,0.0,0.0,0.0,0.0,0.0,0.0,0.0,0.0,0.0,0.0,0.0,0.0,0.0,,,,,0.0,,1.2678686380386353,,,,,,,0.0,{},{},0.0,0.0,0.0,0.0,0.0,0.0,0.0,0,0,0.0,0.0,,0.0
26,42404-1785547340678310400,42404,53248,249,137,39,73,0.5502008032128514,0.6,0.525,-0.047572582960128784,0.12868724763393402,-5.661818027496338,2.5441386699676514,11,8,3,0,0.7272727272727273,0.8181818181818182,1.5454545454545454,0.7272727272727273,0.7225360870361328,0.00244140625,-0.008593750186264515,0.0009869004134088755,0.0033349606674164534,-0.021728515625,-2.1728515625,-0.16865234076976776,0.0,0.0,0.0,0.0,-0.047572582960128784,-0.019287109375,-0.007513284916058183,0.38952936080901823,1.0,8.743850290913635,-0.010681175743229687,1.6611677184700966,1.3182923793792725,0.12610483169555664,1.5357414484024048,1.6598584651947021,1.7829158306121826,1.9020346403121948,0.0,0.0,0.0,3.9821188151836395,0.008356264464964624,0.0772705078125,3.779854718595743,0.000473376,0.005,0.0,0.0,0.0,0.0,0.0,0.0,0.0,0.0,0.0,,0.0,0.0,0.0,0.0,0.0,0.0,0.0,0.0,0.0,0.0,0.0,0.0,0.0,0.0,0.0,0.0,0.0,0.0,0.0,,,,,0.0,,1.3401209115982056,,,,,,,0.0,{},{},0.0,0.0,0.0,0.0,0.0,0.0,0.0,0,0,0.0,0.0,,0.0
27,42404-1785547340678310400,42404,55296,258,140,42,76,0.5426356589147286,0.58,0.515,-0.045911043882369995,0.1288451999425888,-4.9664530754089355,2.64544415473938,9,3,3,3,0.3333333333333333,0.0,1.0,1.0,0.7187910676002502,-0.000732421875,-0.00732421875,0.000990288215689361,0.003818359225988388,-0.0185546875,-1.85546875,-0.16289064288139343,0.0,0.0,0.0,0.0,-0.045911043882369995,-0.019287109375,-0.006122056889580563,0.31740056894926033,1.0,8.445132683274895,-0.005399161076638848,1.9299917742609978,1.6175458431243896,0.10421770066022873,1.8359639644622803,1.960158109664917,2.0259461402893066,2.0547876358032227,0.0,0.0,0.0,3.857240319252014,0.010039713444712106,0.08642578125,6.455836929380894,0.000472352,0.005,0.0,0.0,0.0,0.0,0.0,0.0,0.0,0.0,0.0,,0.0,0.0,0.0,0.0,0.0,0.0,0.0,0.0,0.0,0.0,0.0,0.0,0.0,0.0,0.0,0.0,0.0,0.0,0.0,,,,,0.0,,1.4028562307357788,,,,,,,0.0,{},{},0.0,0.0,0.0,0.0,0.0,0.0,0.0,0,0,0.0,0.0,,0.0
28,42404-1785547340678310400,42404,57344,270,148,43,79,0.5481481481481482,0.58,0.52,-0.04736766219139099,0.12787896394729614,-5.516986846923828,2.9805984497070312,12,8,1,3,0.6666666666666666,1.0833333333333333,2.0833333333333335,1.0,0.7883994579315186,0.002685546875,-0.007373047061264515,0.0014107611496001482,0.0031005856581032276,-0.019775390625,-1.9775390625,-0.16962891817092896,0.0,0.0,0.0,0.0,-0.04736766219139099,-0.01708984375,-0.006245210359338671,0.3654126414524544,1.0,9.925134221119361,-0.005943637574091554,1.7901750281453133,1.6032068729400635,0.11296126991510391,1.6199312210083008,1.7819658517837524,1.9439787864685059,1.9729310274124146,0.0,0.0,0.0,3.9678948372602463,0.00795965557335876,0.0699462890625,3.005064729601145,0.000471328,0.005,0.0,0.0,0.0,0.0,0.0,0.0,0.0,0.0,0.0,,0.0,0.0,0.0,0.0,0.0,0.0,0.0,0.0,0.0,0.0,0.0,0.0,0.0,0.0,0.0,0.0,0.0,0.0,0.0,,,,,0.0,,1.371077060699463,,,,,,,0.0,{},{},0.0,0.0,0.0,0.0,0.0,0.0,0.0,0,0,0.0,0.0,,0.0
29,42404-1785547340678310400,42404,59392,280,157,44,79,0.5607142857142857,0.66,0.535,-0.04993601143360138,0.12548008561134338,-5.883935928344727,2.875655174255371,10,9,1,0,0.9,1.4,2.2,0.8,0.7348952293395996,0.00390625,-0.01186523400247097,0.0016250552143901587,0.0027099610306322575,-0.02734375,-2.734375,-0.17080077528953552,0.0,0.0,0.0,0.0,-0.04993601143360138,-0.0234375,-0.010781479941215366,0.4599901845773136,1.0,7.287188825630288,-0.0013831259566359222,2.133292257785797,1.992805004119873,0.08291415125131607,2.00477933883667,2.1320242881774902,2.2280185222625732,2.3066489696502686,0.0,0.0,0.0,4.005675137042999,0.005246179942332674,0.0379638671875,4.216161265969276,0.000470304,0.005,0.0,0.0,0.0,0.0,0.0,0.0,0.0,0.0,0.0,,0.0,0.0,0.0,0.0,0.0,0.0,0.0,0.0,0.0,0.0,0.0,0.0,0.0,0.0,0.0,0.0,0.0,0.0,0.0,,,,,0.0,,1.4806268215179443,,,,,,,0.0,{},{},0.0,0.0,0.0,0.0,0.0,0.0,0.0,0,0,0.0,0.0,,0.0
30,42404-1785547340678310400,42404,61440,288,161,45,82,0.5590277777777778,0.64,0.53,-0.053115323185920715,0.12794210016727448,-6.847288131713867,2.199198007583618,8,4,1,3,0.5,0.5,1.125,0.625,0.6937664747238159,0.000732421875,-0.01284179650247097,6.720650708302855e-05,0.0025219726376235485,-0.028564453125,-2.8564453125,-0.17822265625,0.0,0.0,0.0,0.0,-0.053115323185920715,-0.02783203125,-0.012194501716294326,0.43813056532584194,1.0,6.4032787032493985,-0.0028986004181206226,1.891312025487423,1.6934102773666382,0.11661890149116516,1.740140676498413,1.916076421737671,2.029430627822876,2.0907082557678223,0.0,0.0,0.0,4.12264096736908,0.003172903278027661,0.01318359375,12.058489553630352,0.00046928,0.005,0.0,0.0,0.0,0.0,0.0,0.0,0.0,0.0,0.0,,0.0,0.0,0.0,0.0,0.0,0.0,0.0,0.0,0.0,0.0,0.0,0.0,0.0,0.0,0.0,0.0,0.0,0.0,0.0,,,,,0.0,,1.2170002460479736,,,,,,,0.0,{},{},0.0,0.0,0.0,0.0,0.0,0.0,0.0,0,0,0.0,0.0,,0.0
31,42404-1785547340678310400,42404,63488,297,165,46,86,0.5555555555555556,0.58,0.52,-0.056032076478004456,0.128106489777565,-7.063727855682373,2.1226673126220703,9,4,1,4,0.4444444444444444,0.4444444444444444,1.1111111111111112,0.6666666666666666,0.6365247368812561,0.00048828125,-0.01533203013241291,0.0004365595814306289,0.0024951170198619366,-0.0341796875,-3.41796875,-0.18183593451976776,0.0,0.0,0.0,0.0,-0.056032076478004456,-0.03369140625,-0.014599110982089769,0.43330567943896164,1.0,5.396941173347266,-0.005469036288559437,1.8657951727509499,1.626341700553894,0.1136339008808136,1.7494618892669678,1.8604986667633057,2.019258975982666,2.0730555057525635,0.0,0.0,0.0,4.237872332334518,0.007858913944801316,0.06982421875,11.939211763441563,0.000468256,0.005,0.0,0.0,0.0,0.0,0.0,0.0,0.0,0.0,0.0,,0.0,0.0,0.0,0.0,0.0,0.0,0.0,0.0,0.0,0.0,0.0,0.0,0.0,0.0,0.0,0.0,0.0,0.0,0.0,,,,,0.0,,1.2797329425811768,,,,,,,0.0,{},{},0.0,0.0,0.0,0.0,0.0,0.0,0.0,0,0,0.0,0.0,,0.0
32,42404-1785547340678310400,42404,65536,306,172,47,87,0.5620915032679739,0.64,0.53,-0.05367550998926163,0.12669754028320312,-7.116557598114014,2.7299649715423584,9,7,1,1,0.7777777777777778,1.3333333333333333,1.7777777777777777,0.4444444444444444,0.5666863918304443,0.002685546875,-0.012939453125,0.0006382184801623225,0.0024829073809087276,-0.030517578125,-3.0517578125,-0.1796875,0.0,0.0,0.0,0.0,-0.05367550998926163,-0.02783203125,-0.012159171659732237,0.4368612081996005,1.0,6.455908391221311,-0.0035711753589566797,3.2006804049015045,2.9009387493133545,0.1986902952194214,3.016148567199707,3.1469783782958984,3.503553867340088,3.6253621578216553,0.0,0.0,0.0,4.127244994044304,0.007830527385522146,0.06591796875,9.88666246831417,0.000467232,0.005,0.0,0.0,0.0,0.0,0.0,0.0,0.0,0.0,0.0,,0.0,0.0,0.0,0.0,0.0,0.0,0.0,0.0,0.0,0.0,0.0,0.0,0.0,0.0,0.0,0.0,0.0,0.0,0.0,,,,,0.0,,1.7970420122146606,,,,,,,0.0,{},{},0.0,0.0,0.0,0.0,0.0,0.0,0.0,0,0,0.0,0.0,,0.0
33,42404-1785547340678310400,42404,67584,318,179,48,91,0.5628930817610063,0.64,0.535,-0.05831233039498329,0.12656088173389435,-7.739157676696777,2.9086127281188965,12,7,1,4,0.5833333333333334,0.8333333333333334,1.5,0.6666666666666666,0.7108746767044067,0.001953125,-0.01860351487994194,0.00045223048073239625,0.002543945098295808,-0.041259765625,-4.1259765625,-0.18222656846046448,0.0,0.0,0.0,0.0,-0.05831233039498329,-0.039306640625,-0.01785447098518489,0.4542239295285836,1.0,4.635907054278063,-0.0013963539968244731,2.856557086110115,2.4096641540527344,0.22646619379520416,2.553943634033203,2.849719762802124,3.107076644897461,3.3350489139556885,0.0,0.0,0.0,4.290886849164963,0.0016123733294080012,0.00146484375,14.866542562842369,0.000466208,0.005,0.0,0.0,0.0,0.0,0.0,0.0,0.0,0.0,0.0,,0.0,0.0,0.0,0.0,0.0,0.0,0.0,0.0,0.0,0.0,0.0,0.0,0.0,0.0,0.0,0.0,0.0,0.0,0.0,,,,,0.0,,1.5639718770980835,,,,,,,0.0,{},{},0.0,0.0,0.0,0.0,0.0,0.0,0.0,0,0,0.0,0.0,,0.0
34,42404-1785547340678310400,42404,69632,326,183,49,94,0.5613496932515337,0.6,0.535,-0.05965878441929817,0.12560492753982544,-8.184013366699219,2.348902940750122,8,4,1,3,0.5,0.75,1.25,0.5,0.7550904750823975,0.000732421875,-0.01796874962747097,0.00022744250600226223,0.0011840820079669356,-0.040283203125,-4.0283203125,-0.18798828125,0.0,0.0,0.0,0.0,-0.05965878441929817,-0.03955078125,-0.01761586849897867,0.44538748805349115,1.0,4.752966245989237,-0.0029574447544291615,1.6165137961506844,1.4820506572723389,0.0629173293709755,1.5472511053085327,1.61012601852417,1.7085047960281372,1.730549693107605,0.0,0.0,0.0,4.3560810983181,0.00099825844517909,0.0008544921875,12.398406326770782,0.000465184,0.005,0.0,0.0,0.0,0.0,0.0,0.0,0.0,0.0,0.0,,0.0,0.0,0.0,0.0,0.0,0.0,0.0,0.0,0.0,0.0,0.0,0.0,0.0,0.0,0.0,0.0,0.0,0.0,0.0,,,,,0.0,,1.1624330282211304,,,,,,,0.0,{},{},0.0,0.0,0.0,0.0,0.0,0.0,0.0,0,0,0.0,0.0,,0.0
35,42404-1785547340678310400,42404,71680,337,191,49,97,0.5667655786350149,0.62,0.55,-0.0530313141644001,0.13060419261455536,-7.599174976348877,3.0279018878936768,11,8,0,3,0.7272727272727273,1.4545454545454546,1.6363636363636365,0.18181818181818182,0.6346607208251953,0.003173828125,-0.01171875,0.0011842966778203845,0.002297363243997097,-0.027587890625,-2.7587890625,-0.18242187798023224,0.0,0.0,0.0,0.0,-0.0530313141644001,-0.0244140625,-0.01084833501954563,0.444329602660064,1.0,7.471694081480734,-0.00267914030700922,3.285920202732086,3.003079414367676,0.21812744438648224,3.0222933292388916,3.2667789459228516,3.6265735626220703,3.6817359924316406,0.0,0.0,0.0,4.245997965335846,0.0013454012078000233,0.0023193359375,10.56178629398346,0.00046416000000000003,0.005,0.0,0.0,0.0,0.0,0.0,0.0,0.0,0.0,0.0,,0.0,0.0,0.0,0.0,0.0,0.0,0.0,0.0,0.0,0.0,0.0,0.0,0.0,0.0,0.0,0.0,0.0,0.0,0.0,,,,,0.0,,1.830163836479187,,,,,,,0.0,{},{},0.0,0.0,0.0,0.0,0.0,0.0,0.0,0,0,0.0,0.0,,0.0
36,42404-1785547340678310400,42404,73728,346,196,49,101,0.5664739884393064,0.62,0.56,-0.05711671710014343,0.1291867196559906,-8.980574607849121,2.2925820350646973,9,5,0,4,0.5555555555555556,0.8888888888888888,1.2222222222222223,0.3333333333333333,0.6767363548278809,0.00146484375,-0.01445312425494194,0.0003505336644593626,0.0016088311094790697,-0.032958984375,-3.2958984375,-0.18886718153953552,0.0,0.0,0.0,0.0,-0.05711671710014343,-0.031494140625,-0.013963283061457332,0.4433472206939013,1.0,5.996708628429422,-0.0011367611587047577,1.982640728354454,1.7590341567993164,0.13280540704727173,1.8000121116638184,1.9863197803497314,2.1548752784729004,2.236262321472168,0.0,0.0,0.0,4.4131931364536285,0.0011987717298325151,0.0010986328125,14.89622238278389,0.000463136,0.005,0.0,0.0,0.0,0.0,0.0,0.0,0.0,0.0,0.0,,0.0,0.0,0.0,0.0,0.0,0.0,0.0,0.0,0.0,0.0,0.0,0.0,0.0,0.0,0.0,0.0,0.0,0.0,0.0,,,,,0.0,,1.3034769296646118,,,,,,,0.0,{},{},0.0,0.0,0.0,0.0,0.0,0.0,0.0,0,0,0.0,0.0,,0.0
37,42404-1785547340678310400,42404,75776,357,201,49,107,0.5630252100840336,0.58,0.57,-0.05155843868851662,0.13074196875095367,-8.23017692565918,2.8846518993377686,11,5,0,6,0.45454545454545453,1.0,1.1818181818181819,0.18181818181818182,0.7785075902938843,0.0009765625,-0.01054687425494194,0.0005990602076053619,0.002763671800494194,-0.025634765625,-2.5634765625,-0.17705078423023224,0.0,0.0,0.0,0.0,-0.05155843868851662,-0.024658203125,-0.009706191252917051,0.39361333793778264,1.0,7.179906963446623,-0.009376935951877385,1.7817840725183487,1.5947964191436768,0.09079501777887344,1.6787384748458862,1.791020393371582,1.8864150047302246,1.9461421966552734,0.0,0.0,0.0,4.166289985179901,0.006952550946152769,0.0587158203125,4.545997247099876,0.00046211200000000004,0.005,0.0,0.0,0.0,0.0,0.0,0.0,0.0,0.0,0.0,,0.0,0.0,0.0,0.0,0.0,0.0,0.0,0.0,0.0,0.0,0.0,0.0,0.0,0.0,0.0,0.0,0.0,0.0,0.0,,,,,0.0,,1.3576030731201172,,,,,,,0.0,{},{},0.0,0.0,0.0,0.0,0.0,0.0,0.0,0,0,0.0,0.0,,0.0
38,42404-1785547340678310400,42404,77824,368,207,50,111,0.5625,0.56,0.58,-0.04613017663359642,0.13088440895080566,-6.969104766845703,3.59765887260437,11,6,1,4,0.5454545454545454,1.0,1.7272727272727273,0.7272727272727273,0.7743818759918213,0.00146484375,-0.0057128905318677425,0.002159767784178257,0.0033740231301635504,-0.01611328125,-1.611328125,-0.16982422769069672,0.0,0.0,0.0,0.0,-0.04613017663359642,-0.0146484375,-0.004329442803282291,0.2955364534155179,1.0,11.592542559446171,-0.00365027817315422,2.862833008170128,2.4829983711242676,0.19743041694164276,2.5656466484069824,2.886443853378296,3.0761799812316895,3.1867024898529053,0.0,0.0,0.0,4.039183601737022,0.0011098513423348777,0.00146484375,6.85952228307724,0.000461088,0.005,0.0,0.0,0.0,0.0,0.0,0.0,0.0,0.0,0.0,,0.0,0.0,0.0,0.0,0.0,0.0,0.0,0.0,0.0,0.0,0.0,0.0,0.0,0.0,0.0,0.0,0.0,0.0,0.0,,,,,0.0,,1.7088618278503418,,,,,,,0.0,{},{},0.0,0.0,0.0,0.0,0.0,0.0,0.0,0,0,0.0,0.0,,0.0
39,42404-1785547340678310400,42404,79872,381,217,50,114,0.5695538057742782,0.64,0.605,-0.04712062329053879,0.12773311138153076,-6.341785430908203,4.0976481437683105,13,10,0,3,0.7692307692307693,1.6153846153846154,2.1538461538461537,0.5384615384615384,0.761194109916687,0.004150390625,-0.00830078125,0.0024163208436220884,0.003303222358226776,-0.02099609375,-2.099609375,-0.16845703125,0.0,0.0,0.0,0.0,-0.04712062329053879,-0.016845703125,-0.006870895449537784,0.4078480755882486,1.0,9.999406412048351,-0.0018340005481150001,4.291661575436592,3.889280319213867,0.2638935148715973,3.965290069580078,4.291567802429199,4.601086139678955,4.883578777313232,0.0,0.0,0.0,4.003211170434952,0.0010453443392179906,0.0020751953125,20.43055708706379,0.00046006400000000005,0.005,0.0,0.0,0.0,0.0,0.0,0.0,0.0,0.0,0.0,,0.0,0.0,0.0,0.0,0.0,0.0,0.0,0.0,0.0,0.0,0.0,0.0,0.0,0.0,0.0,0.0,0.0,0.0,0.0,,,,,0.0,,2.002429246902466,,,,,,,0.0,{},{},0.0,0.0,0.0,0.0,0.0,0.0,0.0,0,0,0.0,0.0,,0.0
40,42404-1785547340678310400,42404,81920,389,222,52,115,0.570694087403599,0.58,0.605,-0.05739500746130943,0.1308748871088028,-7.824806213378906,3.687429666519165,8,5,2,1,0.625,1.0,2.125,1.125,0.6483023166656494,0.001220703125,-0.01567382737994194,0.0008081147680059075,0.0033935545943677425,-0.035888671875,-3.5888671875,-0.18613281846046448,0.0,0.0,0.0,0.0,-0.05739500746130943,-0.03466796875,-0.014623410039348528,0.42180112551944676,1.0,5.368859391309829,-0.0068368688225746155,4.654304176568985,3.950864315032959,0.2980791926383972,4.35218620300293,4.71376371383667,5.002324104309082,5.138500690460205,0.0,0.0,0.0,4.384990334510803,0.005817848206788767,0.0394287109375,6.493643559515476,0.00045904,0.005,0.0,0.0,0.0,0.0,0.0,0.0,0.0,0.0,0.0,,0.0,0.0,0.0,0.0,0.0,0.0,0.0,0.0,0.0,0.0,0.0,0.0,0.0,0.0,0.0,0.0,0.0,0.0,0.0,,,,,0.0,,2.1867971420288086,,,,,,,0.0,{},{},0.0,0.0,0.0,0.0,0.0,0.0,0.0,0,0,0.0,0.0,,0.0
41,42404-1785547340678310400,42404,83968,398,229,52,117,0.5753768844221105,0.62,0.61,-0.05816061794757843,0.13122938573360443,-9.420534133911133,2.191688299179077,9,7,0,2,0.7777777777777778,1.0,1.3333333333333333,0.3333333333333333,0.5895172357559204,0.0029296875,-0.01577148586511612,0.0005972154904156923,0.001726074144244194,-0.034423828125,-3.4423828125,-0.19199219346046448,0.0,0.0,0.0,0.0,-0.05816061794757843,-0.031494140625,-0.015190663456451148,0.48231768949122283,1.0,6.095930662651692,-0.0031991191499400884,2.079037718474865,1.8520108461380005,0.11811326444149017,1.913853645324707,2.074451446533203,2.2302424907684326,2.272817850112915,0.0,0.0,0.0,4.390218883752823,0.0023536486114608124,0.00634765625,8.637120679020882,0.000458016,0.005,0.0,0.0,0.0,0.0,0.0,0.0,0.0,0.0,0.0,,0.0,0.0,0.0,0.0,0.0,0.0,0.0,0.0,0.0,0.0,0.0,0.0,0.0,0.0,0.0,0.0,0.0,0.0,0.0,,,,,0.0,,1.4041911363601685,,,,,,,0.0,{},{},0.0,0.0,0.0,0.0,0.0,0.0,0.0,0,0,0.0,0.0,,0.0
42,42404-1785547340678310400,42404,86016,407,235,53,119,0.5773955773955773,0.68,0.62,-0.05760510638356209,0.12947916984558105,-8.936094284057617,3.0257151126861572,9,6,1,2,0.6666666666666666,0.8888888888888888,1.3333333333333333,0.4444444444444444,0.6657160520553589,0.001953125,-0.01616210862994194,0.0012521098833531141,0.0029907224234193563,-0.036376953125,-3.6376953125,-0.18710938096046448,0.0,0.0,0.0,0.0,-0.05760510638356209,-0.034423828125,-0.015101400553248823,0.4386775875369406,1.0,5.435303272424529,-0.0027428222820162773,3.082943022251129,2.7262754440307617,0.178871750831604,2.8530209064483643,3.091989517211914,3.296095371246338,3.3640806674957275,0.0,0.0,0.0,4.313961297273636,0.002048910944722593,0.008056640625,10.958973452448845,0.00045699200000000003,0.005,0.0,0.0,0.0,0.0,0.0,0.0,0.0,0.0,0.0,,0.0,0.0,0.0,0.0,0.0,0.0,0.0,0.0,0.0,0.0,0.0,0.0,0.0,0.0,0.0,0.0,0.0,0.0,0.0,,,,,0.0,,1.7493866682052612,,,,,,,0.0,{},{},0.0,0.0,0.0,0.0,0.0,0.0,0.0,0,0,0.0,0.0,,0.0
43,42404-1785547340678310400,42404,88064,418,242,54,122,0.5789473684210527,0.7,0.62,-0.0522688627243042,0.12958067655563354,-8.056299209594727,3.545198917388916,11,7,1,3,0.6363636363636364,0.7272727272727273,1.3636363636363635,0.6363636363636364,0.7275302410125732,0.002197265625,-0.0107421875,0.0018285599071532488,0.003210411872714758,-0.026611328125,-2.6611328125,-0.1806640774011612,0.0,0.0,0.0,0.0,-0.0522688627243042,-0.0244140625,-0.009482444555032998,0.38838502072370273,1.0,7.399697518741195,-0.011899908946361393,3.3045640736818314,2.9909420013427734,0.1999335139989853,3.130707263946533,3.26027774810791,3.5938544273376465,3.7320079803466797,0.0,0.0,0.0,4.1447120904922485,0.007186923539848067,0.0623779296875,4.405363596975803,0.000455968,0.005,0.0,0.0,0.0,0.0,0.0,0.0,0.0,0.0,0.0,,0.0,0.0,0.0,0.0,0.0,0.0,0.0,0.0,0.0,0.0,0.0,0.0,0.0,0.0,0.0,0.0,0.0,0.0,0.0,,,,,0.0,,1.8505452871322632,,,,,,,0.0,{},{},0.0,0.0,0.0,0.0,0.0,0.0,0.0,0,0,0.0,0.0,,0.0
44,42404-1785547340678310400,42404,90112,430,251,55,124,0.5837209302325581,0.7,0.635,-0.04721236974000931,0.13585609197616577,-6.851693630218506,3.8421244621276855,12,9,1,2,0.75,1.75,2.25,0.5,0.5960688591003418,0.00341796875,-0.005126953590661287,0.0024089119397103786,0.004482422024011612,-0.014892578125,-1.4892578125,-0.17763672769069672,0.0,0.0,0.0,0.0,-0.04721236974000931,-0.011474609375,-0.0034041200997307897,0.2966395934621807,1.0,15.47950282079872,-0.003047955280635506,6.248827815055847,4.780134201049805,0.6410937309265137,5.577907085418701,6.315925598144531,7.031176567077637,7.456376075744629,0.0,0.0,0.0,4.067347392439842,0.002296859907801263,0.0125732421875,19.858258336782455,0.00045494400000000004,0.005,0.0,0.0,0.0,0.0,0.0,0.0,0.0,0.0,0.0,,0.0,0.0,0.0,0.0,0.0,0.0,0.0,0.0,0.0,0.0,0.0,0.0,0.0,0.0,0.0,0.0,0.0,0.0,0.0,,,,,0.0,,2.4418842792510986,,,,,,,0.0,{},{},0.0,0.0,0.0,0.0,0.0,0.0,0.0,0,0,0.0,0.0,,0.0
45,42404-1785547340678310400,42404,92160,442,261,57,124,0.5904977375565611,0.74,0.645,-0.048945892602205276,0.13253283500671387,-7.195580959320068,3.597759246826172,12,10,2,0,0.8333333333333334,1.3333333333333333,2.1666666666666665,0.8333333333333334,0.6238126158714294,0.00390625,-0.008056640625,0.0019196567591279745,0.004106444772332907,-0.021240234375,-2.1240234375,-0.17626953125,0.0,0.0,0.0,0.0,-0.048945892602205276,-0.017333984375,-0.00655011524213478,0.3778552723463173,1.0,10.168427466494327,-0.006466708960942924,4.882386565208435,4.162022590637207,0.32680824398994446,4.504810333251953,4.929806709289551,5.166229248046875,5.620043754577637,0.0,0.0,0.0,4.041676878929138,0.001990266340726521,0.0059814453125,16.692370921373367,0.00045392,0.005,0.0,0.0,0.0,0.0,0.0,0.0,0.0,0.0,0.0,,0.0,0.0,0.0,0.0,0.0,0.0,0.0,0.0,0.0,0.0,0.0,0.0,0.0,0.0,0.0,0.0,0.0,0.0,0.0,,,,,0.0,,2.2066540718078613,,,,,,,0.0,{},{},0.0,0.0,0.0,0.0,0.0,0.0,0.0,0,0,0.0,0.0,,0.0
46,42404-1785547340678310400,42404,94208,453,270,58,125,0.5960264900662252,0.76,0.655,-0.04983321577310562,0.13076791167259216,-7.0350422859191895,3.7894933223724365,11,9,1,1,0.8181818181818182,1.3636363636363635,2.272727272727273,0.9090909090909091,0.6621639728546143,0.003662109375,-0.00844726525247097,0.0025356903206557035,0.004094238393008709,-0.023193359375,-2.3193359375,-0.17763672769069672,0.0,0.0,0.0,0.0,-0.04983321577310562,-0.01953125,-0.006789783074054867,0.34761909529393015,1.0,9.094534817581012,-0.0039610656385775656,5.160699218511581,4.63026762008667,0.3245730400085449,4.777315616607666,5.1438446044921875,5.528764247894287,5.947168350219727,0.0,0.0,0.0,3.980253577232361,0.002494309374014847,0.0146484375,20.40200662612915,0.00045289600000000005,0.005,0.0,0.0,0.0,0.0,0.0,0.0,0.0,0.0,0.0,,0.0,0.0,0.0,0.0,0.0,0.0,0.0,0.0,0.0,0.0,0.0,0.0,0.0,0.0,0.0,0.0,0.0,0.0,0.0,,,,,0.0,,2.202592372894287,,,,,,,0.0,{},{},0.0,0.0,0.0,0.0,0.0,0.0,0.0,0,0,0.0,0.0,,0.0
47,42404-1785547340678310400,42404,96256,465,281,59,125,0.6043010752688172,0.84,0.67,-0.048358235508203506,0.13209274411201477,-6.837906837463379,3.8628876209259033,12,11,1,0,0.9166666666666666,1.5,2.1666666666666665,0.6666666666666666,0.7019877433776855,0.0048828125,-0.008007812313735485,0.0026093805208802223,0.004550781100988388,-0.02099609375,-2.099609375,-0.17500001192092896,0.0,0.0,0.0,0.0,-0.048358235508203506,-0.01611328125,-0.0062177719082683325,0.38585474659431873,1.0,10.859932826413152,-0.0007668399484828115,4.527484893798828,4.0940141677856445,0.23673655092716217,4.196539878845215,4.541364669799805,4.830801963806152,4.870171546936035,0.0,0.0,0.0,3.938189670443535,0.002916515775723383,0.023681640625,16.85150135308504,0.000451872,0.005,0.0,0.0,0.0,0.0,0.0,0.0,0.0,0.0,0.0,,0.0,0.0,0.0,0.0,0.0,0.0,0.0,0.0,0.0,0.0,0.0,0.0,0.0,0.0,0.0,0.0,0.0,0.0,0.0,,,,,0.0,,2.108769655227661,,,,,,,0.0,{},{},0.0,0.0,0.0,0.0,0.0,0.0,0.0,0,0,0.0,0.0,,0.0
48,42404-1785547340678310400,42404,98304,476,288,60,128,0.6050420168067226,0.8,0.675,-0.04753253981471062,0.13005536794662476,-7.181980133056641,4.295006275177002,11,7,1,3,0.6363636363636364,1.2727272727272727,1.9090909090909092,0.6363636363636364,0.8246647715568542,0.002197265625,-0.006933593191206455,0.002428770996630192,0.004084472544491291,-0.020263671875,-2.0263671875,-0.17197266221046448,0.0,0.0,0.0,0.0,-0.04753253981471062,-0.01806640625,-0.0053052823059260845,0.2936382916571704,1.0,9.51839239295704,-0.003231444105040282,3.189192220568657,2.5423429012298584,0.3037887513637543,2.882627010345459,3.195408582687378,3.531243324279785,3.844592332839966,0.0,0.0,0.0,4.01746891438961,0.0025031164041138254,0.00830078125,10.237403213977814,0.00045084800000000006,0.005,0.0,0.0,0.0,0.0,0.0,0.0,0.0,0.0,0.0,,0.0,0.0,0.0,0.0,0.0,0.0,0.0,0.0,0.0,0.0,0.0,0.0,0.0,0.0,0.0,0.0,0.0,0.0,0.0,,,,,0.0,,1.7984501123428345,,,,,,,0.0,{},{},0.0,0.0,0.0,0.0,0.0,0.0,0.0,0,0,0.0,0.0,,0.0
49,42404-1785547340678310400,42404,100352,488,299,60,129,0.6127049180327869,0.84,0.69,-0.04494229331612587,0.13660073280334473,-7.220017433166504,3.9913837909698486,12,11,0,1,0.9166666666666666,1.8333333333333333,2.5,0.6666666666666666,0.7232762575149536,0.005126953125,-0.0027343747206032276,0.0018364735879004002,0.003525390522554517,-0.010498046875,-1.0498046875,-0.17626953125,0.0,0.0,0.0,0.0,-0.04494229331612587,-0.00537109375,-0.0013939086929894984,0.25947214584434575,1.0,32.81207280680833,-0.004678110766690224,4.38184480369091,3.7007691860198975,0.331440806388855,4.011184215545654,4.4034624099731445,4.7942986488342285,4.867198467254639,0.0,0.0,0.0,4.013943761587143,0.006790908082621172,0.055908203125,9.847829028964043,0.00044982400000000004,0.005,0.0,0.0,0.0,0.0,0.0,0.0,0.0,0.0,0.0,,0.0,0.0,0.0,0.0,0.0,0.0,0.0,0.0,0.0,0.0,0.0,0.0,0.0,0.0,0.0,0.0,0.0,0.0,0.0,,,,,0.0,,2.099648952484131,,,,,,,0.0,{},{},0.0,0.0,0.0,0.0,0.0,0.0,0.0,0,0,0.0,0.0,,0.0
50,42404-1785547340678310400,42404,102400,498,306,61,131,0.6144578313253012,0.82,0.7,-0.05274289473891258,0.13141170144081116,-8.117449760437012,3.5642945766448975,10,7,1,2,0.7,1.2,1.7,0.5,0.7401233911514282,0.00244140625,-0.011474610306322575,0.0013466384261846542,0.0030566402710974216,-0.028076171875,-2.8076171875,-0.18046875298023224,0.0,0.0,0.0,0.0,-0.05274289473891258,-0.025634765625,-0.010373790632002056,0.4046608470271523,1.0,7.039725499917939,-0.005177138664294034,3.222374051809311,2.9434704780578613,0.15438103675842285,2.9970765113830566,3.2401061058044434,3.406471014022827,3.476090908050537,0.0,0.0,0.0,4.125576987862587,0.005255723997834139,0.0390625,5.126954577863216,0.0004488,0.005,0.0,0.0,0.0,0.0,0.0,0.0,0.0,0.0,0.0,,0.0,0.0,0.0,0.0,0.0,0.0,0.0,0.0,0.0,0.0,0.0,0.0,0.0,0.0,0.0,0.0,0.0,0.0,0.0,,,,,0.0,,1.817009449005127,,,,,,,0.0,{},{},0.0,0.0,0.0,0.0,0.0,0.0,0.0,0,0,0.0,0.0,,0.0
51,42404-1785547340678310400,42404,104448,508,313,63,132,0.6161417322834646,0.76,0.7,-0.059629619121551514,0.12982524931430817,-9.277717590332031,3.291496753692627,10,7,2,1,0.7,1.0,1.8,0.8,0.7893463969230652,0.002197265625,-0.01791992224752903,0.0009449858334846795,0.0025097655598074198,-0.040771484375,-4.0771484375,-0.189453125,0.0,0.0,0.0,0.0,-0.059629619121551514,-0.03857421875,-0.017056234399206005,0.4421552217174661,1.0,4.9112650851785515,0.0008475782233290374,2.9644124805927277,2.7016706466674805,0.1491636037826538,2.7525877952575684,2.997349262237549,3.12150239944458,3.176926374435425,0.0,0.0,0.0,4.270803689956665,0.010013259408879094,0.0819091796875,15.677260518074036,0.000447776,0.005,0.0,0.0,0.0,0.0,0.0,0.0,0.0,0.0,0.0,,0.0,0.0,0.0,0.0,0.0,0.0,0.0,0.0,0.0,0.0,0.0,0.0,0.0,0.0,0.0,0.0,0.0,0.0,0.0,,,,,0.0,,1.510698676109314,,,,,,,0.0,{},{},0.0,0.0,0.0,0.0,0.0,0.0,0.0,0,0,0.0,0.0,,0.0
52,42404-1785547340678310400,42404,106496,518,318,63,137,0.6138996138996139,0.68,0.695,-0.053407616913318634,0.1333523392677307,-8.496421813964844,3.956526279449463,10,5,0,5,0.5,1.1,1.5,0.4,0.7732231616973877,0.001220703125,-0.00991210900247097,0.0008008618024177849,0.002443847479298711,-0.02490234375,-2.490234375,-0.18525390326976776,0.0,0.0,0.0,0.0,-0.053407616913318634,-0.023681640625,-0.009100931682041846,0.38428703226762095,1.0,7.822349973685324,-0.007383015414234251,3.4548377990722656,2.966012954711914,0.22756873071193695,3.2181053161621094,3.425421714782715,3.6652681827545166,3.9736194610595703,0.0,0.0,0.0,4.073412209749222,0.0062798428334644996,0.0438232421875,7.647968575358391,0.00044675199999999997,0.005,0.0,0.0,0.0,0.0,0.0,0.0,0.0,0.0,0.0,,0.0,0.0,0.0,0.0,0.0,0.0,0.0,0.0,0.0,0.0,0.0,0.0,0.0,0.0,0.0,0.0,0.0,0.0,0.0,,,,,0.0,,1.8841410875320435,,,,,,,0.0,{},{},0.0,0.0,0.0,0.0,0.0,0.0,0.0,0,0,0.0,0.0,,0.0
53,42404-1785547340678310400,42404,108544,526,323,64,139,0.6140684410646388,0.7,0.7,-0.056485503911972046,0.12916062772274017,-9.0895357131958,3.8774187564849854,8,5,1,2,0.625,0.875,1.375,0.5,0.7963334321975708,0.00146484375,-0.014111327938735485,0.0013310655485838652,0.0035351559054106474,-0.031982421875,-3.1982421875,-0.18837890028953552,0.0,0.0,0.0,0.0,-0.056485503911972046,-0.030517578125,-0.012894772575236857,0.4225220625424159,1.0,6.172597541011276,-0.006984555453527719,3.028309538960457,2.695059061050415,0.18445850908756256,2.7693400382995605,3.0435397624969482,3.2265565395355225,3.401962995529175,0.0,0.0,0.0,4.103926509618759,0.005572506350290496,0.0460205078125,6.328270986676216,0.000445728,0.005,0.0,0.0,0.0,0.0,0.0,0.0,0.0,0.0,0.0,,0.0,0.0,0.0,0.0,0.0,0.0,0.0,0.0,0.0,0.0,0.0,0.0,0.0,0.0,0.0,0.0,0.0,0.0,0.0,,,,,0.0,,1.7498570680618286,,,,,,,0.0,{},{},0.0,0.0,0.0,0.0,0.0,0.0,0.0,0,0,0.0,0.0,,0.0
54,42404-1785547340678310400,42404,110592,539,331,65,143,0.614100185528757,0.62,0.69,-0.05777372792363167,0.13109613955020905,-9.007372856140137,3.935478925704956,13,8,1,4,0.6153846153846154,0.7692307692307693,1.3846153846153846,0.6153846153846154,0.7826390266418457,0.00244140625,-0.017333984375,0.0013933825539425015,0.002968749962747097,-0.0380859375,-3.80859375,-0.185546875,0.0,0.0,0.0,0.0,-0.05777372792363167,-0.03564453125,-0.0162434512458276,0.4556939026074299,1.0,5.205333417495355,0.0014637453880693232,3.425760439464024,3.2103068828582764,0.12922587990760803,3.260122060775757,3.4588463306427,3.5532920360565186,3.618770122528076,0.0,0.0,0.0,4.10316675049918,0.013597542187198997,0.11635044642857142,11.81290568624224,0.000444704,0.005,0.0,0.0,0.0,0.0,0.0,0.0,0.0,0.0,0.0,,0.0,0.0,0.0,0.0,0.0,0.0,0.0,0.0,0.0,0.0,0.0,0.0,0.0,0.0,0.0,0.0,0.0,0.0,0.0,,,,,0.0,,1.8347983360290527,,,,,,,0.0,{},{},0.0,0.0,0.0,0.0,0.0,0.0,0.0,0,0,0.0,0.0,,0.0
55,42404-1785547340678310400,42404,112640,546,338,65,143,0.6190476190476191,0.68,0.71,-0.06098387762904167,0.1232997477054596,-9.762481689453125,3.565704345703125,7,7,0,0,1.0,1.4285714285714286,2.0,0.5714285714285714,0.6827148199081421,0.00341796875,-0.01997070387005806,0.0001363529881928116,0.0014575193636119366,-0.0439453125,-4.39453125,-0.19023436307907104,0.0,0.0,0.0,0.0,-0.06098387762904167,-0.04052734375,-0.019572235782106873,0.4829271065908503,1.0,4.693859789892624,-0.0013006795197725296,4.401668429374695,3.5976996421813965,0.3605678379535675,4.028389930725098,4.372933864593506,4.838440895080566,5.013082027435303,0.0,0.0,0.0,4.310127764940262,0.002009956711845007,0.006103515625,18.954376384615898,0.00044368,0.005,0.0,0.0,0.0,0.0,0.0,0.0,0.0,0.0,0.0,,0.0,0.0,0.0,0.0,0.0,0.0,0.0,0.0,0.0,0.0,0.0,0.0,0.0,0.0,0.0,0.0,0.0,0.0,0.0,,,,,0.0,,2.0084924697875977,,,,,,,0.0,{},{},0.0,0.0,0.0,0.0,0.0,0.0,0.0,0,0,0.0,0.0,,0.0
56,42404-1785547340678310400,42404,114688,558,346,65,147,0.6200716845878136,0.66,0.72,-0.057216398417949677,0.12701277434825897,-10.058837890625,3.95443058013916,12,8,0,4,0.6666666666666666,0.9166666666666666,1.3333333333333333,0.4166666666666667,0.7574363350868225,0.0029296875,-0.01528320275247097,0.0010918426560238004,0.0021435546223074198,-0.035888671875,-3.5888671875,-0.18691405653953552,0.0,0.0,0.0,0.0,-0.057216398417949677,-0.032958984375,-0.014474353432888165,0.4391492807826358,1.0,5.670938869780199,-0.008302194823045284,3.724139556288719,3.3047432899475098,0.28509053587913513,3.402853488922119,3.6583967208862305,4.155982971191406,4.383129119873047,0.0,0.0,0.0,4.1628198325634,0.007634740926732775,0.06689453125,9.938177168369293,0.000442656,0.005,0.0,0.0,0.0,0.0,0.0,0.0,0.0,0.0,0.0,,0.0,0.0,0.0,0.0,0.0,0.0,0.0,0.0,0.0,0.0,0.0,0.0,0.0,0.0,0.0,0.0,0.0,0.0,0.0,,,,,0.0,,1.947587013244629,,,,,,,0.0,{},{},0.0,0.0,0.0,0.0,0.0,0.0,0.0,0,0,0.0,0.0,,0.0
57,42404-1785547340678310400,42404,116736,566,352,65,149,0.6219081272084805,0.72,0.73,-0.05832209438085556,0.13081541657447815,-10.641643524169922,3.4572484493255615,8,6,0,2,0.75,0.875,1.25,0.375,0.806183934211731,0.00244140625,-0.01547851599752903,0.0007348046055994928,0.002148437313735485,-0.035400390625,-3.5400390625,-0.19101563096046448,0.0,0.0,0.0,0.0,-0.05832209438085556,-0.032958984375,-0.014757705517695285,0.4477461320912803,1.0,5.795379900281414,-0.0031300985137932003,2.6057186126708984,2.2957100868225098,0.1429121047258377,2.447244167327881,2.595470905303955,2.789529323577881,2.886730670928955,0.0,0.0,0.0,4.264181137084961,0.002784464610158466,0.012451171875,14.04622657597065,0.000441632,0.005,0.0,0.0,0.0,0.0,0.0,0.0,0.0,0.0,0.0,,0.0,0.0,0.0,0.0,0.0,0.0,0.0,0.0,0.0,0.0,0.0,0.0,0.0,0.0,0.0,0.0,0.0,0.0,0.0,,,,,0.0,,1.5220378637313843,,,,,,,0.0,{},{},0.0,0.0,0.0,0.0,0.0,0.0,0.0,0,0,0.0,0.0,,0.0
58,42404-1785547340678310400,42404,118784,577,361,66,150,0.6256499133448874,0.76,0.73,-0.0534401498734951,0.13274209201335907,-9.25378131866455,3.8283188343048096,11,9,1,1,0.8181818181818182,0.9090909090909091,1.2727272727272727,0.36363636363636365,0.6597073078155518,0.003662109375,-0.01181640662252903,0.0010562418028712273,0.002402343787252903,-0.026611328125,-2.6611328125,-0.18447265028953552,0.0,0.0,0.0,0.0,-0.0534401498734951,-0.02294921875,-0.010951760224997997,0.47719633282353774,1.0,8.037947363335503,-0.007473646837752312,4.875509262084961,4.386965751647949,0.2954164743423462,4.476232051849365,4.919008255004883,5.164821624755859,5.493911266326904,0.0,0.0,0.0,4.122324422001839,0.004199445720587391,0.0240478515625,6.93148835003376,0.000440608,0.005,0.0,0.0,0.0,0.0,0.0,0.0,0.0,0.0,0.0,,0.0,0.0,0.0,0.0,0.0,0.0,0.0,0.0,0.0,0.0,0.0,0.0,0.0,0.0,0.0,0.0,0.0,0.0,0.0,,,,,0.0,,2.2332348823547363,,,,,,,0.0,{},{},0.0,0.0,0.0,0.0,0.0,0.0,0.0,0,0,0.0,0.0,,0.0
59,42404-1785547340678310400,42404,120832,589,372,66,151,0.631578947368421,0.82,0.75,-0.04719237983226776,0.1283787190914154,-8.428234100341797,4.289721488952637,12,11,0,1,0.9166666666666666,1.3333333333333333,2.0833333333333335,0.75,0.7765659093856812,0.005126953125,-0.00698242150247097,0.0022692226339131594,0.0035986327566206455,-0.018310546875,-1.8310546875,-0.17353516817092896,0.0,0.0,0.0,0.0,-0.04719237983226776,-0.01318359375,-0.005515457654837519,0.418325946132206,1.0,13.161965507729729,-0.006126822292571887,4.019007056951523,3.8125646114349365,0.19247332215309143,3.8333253860473633,3.941250801086426,4.302872180938721,4.414988994598389,0.0,0.0,0.0,3.9282117933034897,0.0042448234162293375,0.027587890625,9.788066878914833,0.00043958399999999997,0.005,0.0,0.0,0.0,0.0,0.0,0.0,0.0,0.0,0.0,,0.0,0.0,0.0,0.0,0.0,0.0,0.0,0.0,0.0,0.0,0.0,0.0,0.0,0.0,0.0,0.0,0.0,0.0,0.0,,,,,0.0,,2.027700424194336,,,,,,,0.0,{},{},0.0,0.0,0.0,0.0,0.0,0.0,0.0,0,0,0.0,0.0,,0.0
60,42404-1785547340678310400,42404,122880,598,379,67,152,0.6337792642140468,0.78,0.75,-0.05783288553357124,0.1311422437429428,-9.5477294921875,3.8622610569000244,9,7,1,1,0.7777777777777778,0.8888888888888888,1.3333333333333333,0.4444444444444444,0.7471797466278076,0.002685546875,-0.01621093787252903,0.0004991161404177547,0.0024096679408103228,-0.036376953125,-3.6376953125,-0.18867188692092896,0.0,0.0,0.0,0.0,-0.05783288553357124,-0.03369140625,-0.01548374185222201,0.4595617700122564,1.0,5.59983414425703,-0.005588672589510679,3.7676805555820465,3.191753387451172,0.3272039592266083,3.4140167236328125,3.7491347789764404,4.171074390411377,4.565616130828857,0.0,0.0,0.0,4.175750657916069,0.004751912551000714,0.02978515625,12.382079154253006,0.00043856,0.005,0.0,0.0,0.0,0.0,0.0,0.0,0.0,0.0,0.0,,0.0,0.0,0.0,0.0,0.0,0.0,0.0,0.0,0.0,0.0,0.0,0.0,0.0,0.0,0.0,0.0,0.0,0.0,0.0,,,,,0.0,,1.9419926404953003,,,,,,,0.0,{},{},0.0,0.0,0.0,0.0,0.0,0.0,0.0,0,0,0.0,0.0,,0.0
61,42404-1785547340678310400,42404,124928,609,384,68,157,0.6305418719211823,0.74,0.745,-0.05642467737197876,0.12930969893932343,-9.08627700805664,4.909629821777344,11,5,1,5,0.45454545454545453,0.6363636363636364,1.5454545454545454,0.9090909090909091,0.8218731880187988,0.000732421875,-0.014941406436264515,0.0013407145161181688,0.004636229947209358,-0.03369140625,-3.369140625,-0.18486328423023224,0.0,0.0,0.0,0.0,-0.05642467737197876,-0.032958984375,-0.013447170320432633,0.4079847298299161,1.0,5.608718806628143,-0.006415280367946252,4.228401482105255,3.672451972961426,0.3130977749824524,3.8721158504486084,4.2068891525268555,4.540297985076904,5.020812034606934,0.0,0.0,0.0,4.132828891277313,0.0021671954964403994,0.009033203125,10.984970316290855,0.000437536,0.005,0.0,0.0,0.0,0.0,0.0,0.0,0.0,0.0,0.0,,0.0,0.0,0.0,0.0,0.0,0.0,0.0,0.0,0.0,0.0,0.0,0.0,0.0,0.0,0.0,0.0,0.0,0.0,0.0,,,,,0.0,,2.072113037109375,,,,,,,0.0,{},{},0.0,0.0,0.0,0.0,0.0,0.0,0.0,0,0,0.0,0.0,,0.0
62,42404-1785547340678310400,42404,126976,620,393,68,159,0.6338709677419355,0.76,0.75,-0.05214078351855278,0.13080786168575287,-9.840568542480469,4.08825159072876,11,9,0,2,0.8181818181818182,1.4545454545454546,2.1818181818181817,0.7272727272727273,0.7575265169143677,0.00390625,-0.01181640662252903,0.001436509657651186,0.0028710938058793545,-0.029541015625,-2.9541015625,-0.17724609375,0.0,0.0,0.0,0.0,-0.05214078351855278,-0.025634765625,-0.010739505756646395,0.4189266633867657,1.0,6.914016001813872,-0.00557527132332325,4.002447217702866,2.923189878463745,0.42532455921173096,3.598475933074951,4.02979850769043,4.485332012176514,4.783361434936523,0.0,0.0,0.0,3.976869225502014,0.00371636565978406,0.02197265625,10.059483110904694,0.000436512,0.005,0.0,0.0,0.0,0.0,0.0,0.0,0.0,0.0,0.0,,0.0,0.0,0.0,0.0,0.0,0.0,0.0,0.0,0.0,0.0,0.0,0.0,0.0,0.0,0.0,0.0,0.0,0.0,0.0,,,,,0.0,,2.013120412826538,,,,,,,0.0,{},{},0.0,0.0,0.0,0.0,0.0,0.0,0.0,0,0,0.0,0.0,,0.0
63,42404-1785547340678310400,42404,129024,628,398,69,161,0.6337579617834395,0.72,0.74,-0.055104829370975494,0.13289441168308258,-11.072442054748535,3.3801488876342773,8,5,1,2,0.625,0.5,0.875,0.375,0.764022946357727,0.00146484375,-0.012304686941206455,0.0007396371802315116,0.002048339694738388,-0.029296875,-2.9296875,-0.18691405653953552,0.0,0.0,0.0,0.0,-0.055104829370975494,-0.02783203125,-0.01160769272246398,0.4170473786416627,1.0,6.715547971065333,-0.007246179215144366,2.6726707369089127,2.3388521671295166,0.1547747403383255,2.514678955078125,2.669250011444092,2.855958938598633,3.003880739212036,0.0,0.0,0.0,4.154227510094643,0.005178686624276452,0.0390625,8.502494737505913,0.000435488,0.005,0.0,0.0,0.0,0.0,0.0,0.0,0.0,0.0,0.0,,0.0,0.0,0.0,0.0,0.0,0.0,0.0,0.0,0.0,0.0,0.0,0.0,0.0,0.0,0.0,0.0,0.0,0.0,0.0,,,,,0.0,,1.6419907808303833,,,,,,,0.0,{},{},0.0,0.0,0.0,0.0,0.0,0.0,0.0,0,0,0.0,0.0,,0.0
64,42404-1785547340678310400,42404,131072,641,405,71,165,0.6318252730109204,0.62,0.725,-0.05356612801551819,0.13175222277641296,-8.976346969604492,4.2344970703125,13,7,2,4,0.5384615384615384,0.6923076923076923,1.3846153846153846,0.6923076923076923,0.7620338201522827,0.00146484375,-0.011669921688735485,0.0013099414063617587,0.003620605217292905,-0.029052734375,-2.9052734375,-0.18183594942092896,0.0,0.0,0.0,0.0,-0.05356612801551819,-0.027587890625,-0.01043728503282182,0.37831477802749885,1.0,6.590911968607978,0.0060260589816607535,4.311901688575745,4.145478248596191,0.15583963692188263,4.1478681564331055,4.278961181640625,4.5293378829956055,4.578935623168945,0.0,0.0,0.0,4.141753792762756,0.014462721548625268,0.119140625,18.837655127048492,0.000434464,0.005,0.0,0.0,0.0,0.0,0.0,0.0,0.0,0.0,0.0,,0.0,0.0,0.0,0.0,0.0,0.0,0.0,0.0,0.0,0.0,0.0,0.0,0.0,0.0,0.0,0.0,0.0,0.0,0.0,,,,,0.0,,2.0656626224517822,,,,,,,0.0,{},{},0.0,0.0,0.0,0.0,0.0,0.0,0.0,0,0,0.0,0.0,,0.0
65,42404-1785547340678310400,42404,133120,647,409,71,167,0.6321483771251932,0.62,0.725,-0.05621736869215965,0.13000181317329407,-10.556197166442871,3.877838134765625,6,4,0,2,0.6666666666666666,1.1666666666666667,1.8333333333333333,0.6666666666666666,0.7919606566429138,0.00146484375,-0.01450195349752903,0.0005198600701987743,0.0029565426521003246,-0.03271484375,-3.271484375,-0.18564453721046448,0.0,0.0,0.0,0.0,-0.05621736869215965,-0.03125,-0.013632852816954255,0.4362373305479586,1.0,5.940435096811765,-0.005653514934238046,3.2525881975889206,2.965135097503662,0.1529146134853363,3.0342109203338623,3.2822463512420654,3.3990652561187744,3.4873743057250977,0.0,0.0,0.0,4.157401576638222,0.003427342133363709,0.01953125,14.362083360552788,0.00043344,0.005,0.0,0.0,0.0,0.0,0.0,0.0,0.0,0.0,0.0,,0.0,0.0,0.0,0.0,0.0,0.0,0.0,0.0,0.0,0.0,0.0,0.0,0.0,0.0,0.0,0.0,0.0,0.0,0.0,,,,,0.0,,1.7687336206436157,,,,,,,0.0,{},{},0.0,0.0,0.0,0.0,0.0,0.0,0.0,0,0,0.0,0.0,,0.0
66,42404-1785547340678310400,42404,135168,658,415,71,172,0.6306990881458967,0.62,0.7,-0.05473974347114563,0.1279408037662506,-10.24124526977539,3.686589241027832,11,6,0,5,0.5454545454545454,0.9090909090909091,1.1818181818181819,0.2727272727272727,0.7795716524124146,0.001708984375,-0.01337890699505806,0.0010578809306025505,0.002426757710054517,-0.031005859375,-3.1005859375,-0.18281248211860657,0.0,0.0,0.0,0.0,-0.05473974347114563,-0.029296875,-0.012507747334893793,0.4269165369465803,1.0,6.2397864049391485,-0.004826021584449336,3.0643233954906464,2.763716697692871,0.2096383422613144,2.8297529220581055,3.013491630554199,3.3941636085510254,3.500088691711426,0.0,0.0,0.0,4.128884553909302,0.0012167234817752615,0.002685546875,16.05468112230301,0.00043241600000000003,0.005,0.0,0.0,0.0,0.0,0.0,0.0,0.0,0.0,0.0,,0.0,0.0,0.0,0.0,0.0,0.0,0.0,0.0,0.0,0.0,0.0,0.0,0.0,0.0,0.0,0.0,0.0,0.0,0.0,,,,,0.0,,1.7308461666107178,,,,,,,0.0,{},{},0.0,0.0,0.0,0.0,0.0,0.0,0.0,0,0,0.0,0.0,,0.0
67,42404-1785547340678310400,42404,137216,668,423,72,173,0.6332335329341318,0.62,0.695,-0.05154573917388916,0.12564340233802795,-8.945737838745117,4.821142673492432,10,8,1,1,0.8,1.3,1.9,0.6,0.7592068910598755,0.003173828125,-0.01220703125,0.0013573796022683382,0.0029565428849309683,-0.02783203125,-2.783203125,-0.17548827826976776,0.0,0.0,0.0,0.0,-0.05154573917388916,-0.024658203125,-0.011128550628200173,0.4512940086420645,1.0,7.116542954782435,-0.004668746259994805,5.598130434751511,4.975468158721924,0.3851815462112427,5.236444473266602,5.513898849487305,6.125087738037109,6.574865341186523,0.0,0.0,0.0,3.90826915204525,0.003933547057386022,0.02099609375,18.702264711260796,0.000431392,0.005,0.0,0.0,0.0,0.0,0.0,0.0,0.0,0.0,0.0,,0.0,0.0,0.0,0.0,0.0,0.0,0.0,0.0,0.0,0.0,0.0,0.0,0.0,0.0,0.0,0.0,0.0,0.0,0.0,,,,,0.0,,2.365767002105713,,,,,,,0.0,{},{},0.0,0.0,0.0,0.0,0.0,0.0,0.0,0,0,0.0,0.0,,0.0
68,42404-1785547340678310400,42404,139264,678,432,72,174,0.6371681415929203,0.68,0.71,-0.052864231169223785,0.133591890335083,-9.182574272155762,4.877679347991943,10,9,0,1,0.9,1.4,2.0,0.6,0.8073902726173401,0.004150390625,-0.011474609375,0.001097606960684061,0.0025292965583503246,-0.027587890625,-2.7587890625,-0.18232423067092896,0.0,0.0,0.0,0.0,-0.052864231169223785,-0.0234375,-0.010567883495241404,0.4508771250396315,1.0,7.778835278321093,-0.0041179784457199275,4.696794658899307,4.069355487823486,0.4819445312023163,4.131807327270508,4.604831695556641,5.318901062011719,5.461660385131836,0.0,0.0,0.0,4.119601547718048,0.003349241473188158,0.02099609375,18.544202119112015,0.000430368,0.005,0.0,0.0,0.0,0.0,0.0,0.0,0.0,0.0,0.0,,0.0,0.0,0.0,0.0,0.0,0.0,0.0,0.0,0.0,0.0,0.0,0.0,0.0,0.0,0.0,0.0,0.0,0.0,0.0,,,,,0.0,,2.1406829357147217,,,,,,,0.0,{},{},0.0,0.0,0.0,0.0,0.0,0.0,0.0,0,0,0.0,0.0,,0.0
69,42404-1785547340678310400,42404,141312,688,441,72,175,0.6409883720930233,0.76,0.71,-0.04814682900905609,0.13589803874492645,-9.469831466674805,4.198666095733643,10,9,0,1,0.9,1.6,2.0,0.4,0.6471141576766968,0.004150390625,-0.005957030691206455,0.0016403140034526587,0.003029785118997097,-0.0166015625,-1.66015625,-0.17958985269069672,0.0,0.0,0.0,0.0,-0.04814682900905609,-0.012451171875,-0.004789505910594016,0.3846321716944673,1.0,14.422371815414468,-0.0024867419560905546,6.6797617971897125,5.509065628051758,0.6379824280738831,5.754280090332031,6.792266368865967,7.4604949951171875,7.751542091369629,0.0,0.0,0.0,3.9794276505708694,0.0031870526654529385,0.0118408203125,19.631734251976013,0.000429344,0.005,0.0,0.0,0.0,0.0,0.0,0.0,0.0,0.0,0.0,,0.0,0.0,0.0,0.0,0.0,0.0,0.0,0.0,0.0,0.0,0.0,0.0,0.0,0.0,0.0,0.0,0.0,0.0,0.0,,,,,0.0,,2.4941837787628174,,,,,,,0.0,{},{},0.0,0.0,0.0,0.0,0.0,0.0,0.0,0,0,0.0,0.0,,0.0
70,42404-1785547340678310400,42404,143360,700,451,72,177,0.6442857142857142,0.78,0.72,-0.05461053550243378,0.12933340668678284,-9.293466567993164,4.599963665008545,12,10,0,2,0.8333333333333334,1.6666666666666667,1.8333333333333333,0.16666666666666666,0.7446004152297974,0.00439453125,-0.01259765587747097,0.0013283122098073363,0.002707519568502903,-0.03125,-3.125,-0.185546875,0.0,0.0,0.0,0.0,-0.05461053550243378,-0.02685546875,-0.01158869793289341,0.4315049026277295,1.0,6.908833649248843,-0.006643018365139142,5.292714893817902,4.779166221618652,0.2566998600959778,5.0001068115234375,5.352817058563232,5.613500118255615,5.665431022644043,0.0,0.0,0.0,4.119043543934822,0.004716304501926061,0.0330810546875,6.9551243633031845,0.00042832000000000005,0.005,0.0,0.0,0.0,0.0,0.0,0.0,0.0,0.0,0.0,,0.0,0.0,0.0,0.0,0.0,0.0,0.0,0.0,0.0,0.0,0.0,0.0,0.0,0.0,0.0,0.0,0.0,0.0,0.0,,,,,0.0,,2.3246870040893555,,,,,,,0.0,{},{},0.0,0.0,0.0,0.0,0.0,0.0,0.0,0,0,0.0,0.0,,0.0
71,42404-1785547340678310400,42404,145408,709,459,72,178,0.6473906911142454,0.86,0.73,-0.05052550509572029,0.13087770342826843,-10.137252807617188,4.09262228012085,9,8,0,1,0.8888888888888888,1.6666666666666667,2.2222222222222223,0.5555555555555556,0.7225526571273804,0.003662109375,-0.0074218749068677425,0.0016580203082412481,0.003088378580287099,-0.02001953125,-2.001953125,-0.18300780653953552,0.0,0.0,0.0,0.0,-0.05052550509572029,-0.016357421875,-0.006235275184735656,0.38116605821645955,1.0,11.187375404422104,-0.0027522290183696896,4.721785724163055,4.128208160400391,0.26776808500289917,4.403493881225586,4.737181663513184,5.039965629577637,5.148667812347412,0.0,0.0,0.0,4.071134507656097,0.00264978803897975,0.0101318359375,16.19992360472679,0.000427296,0.005,0.0,0.0,0.0,0.0,0.0,0.0,0.0,0.0,0.0,,0.0,0.0,0.0,0.0,0.0,0.0,0.0,0.0,0.0,0.0,0.0,0.0,0.0,0.0,0.0,0.0,0.0,0.0,0.0,,,,,0.0,,2.1557180881500244,,,,,,,0.0,{},{},0.0,0.0,0.0,0.0,0.0,0.0,0.0,0,0,0.0,0.0,,0.0
72,42404-1785547340678310400,42404,147456,719,467,72,180,0.6495132127955494,0.86,0.74,-0.05266311764717102,0.13262073695659637,-9.02100944519043,3.9498631954193115,10,8,0,2,0.8,1.5,1.6,0.1,0.6513051986694336,0.00341796875,-0.01059570349752903,0.0023298668675124645,0.004079589620232582,-0.02587890625,-2.587890625,-0.1845703125,0.0,0.0,0.0,0.0,-0.05266311764717102,-0.0224609375,-0.008993339375592768,0.400381283920533,1.0,8.217025468083508,-0.005695271713193506,5.379458546638489,4.549904823303223,0.4193950891494751,4.867259979248047,5.44007682800293,5.834263801574707,6.273175239562988,0.0,0.0,0.0,3.9284773766994476,0.004049187453347258,0.020751953125,10.847744777798653,0.000426272,0.005,0.0,0.0,0.0,0.0,0.0,0.0,0.0,0.0,0.0,,0.0,0.0,0.0,0.0,0.0,0.0,0.0,0.0,0.0,0.0,0.0,0.0,0.0,0.0,0.0,0.0,0.0,0.0,0.0,,,,,0.0,,2.332409381866455,,,,,,,0.0,{},{},0.0,0.0,0.0,0.0,0.0,0.0,0.0,0,0,0.0,0.0,,0.0
73,42404-1785547340678310400,42404,149504,732,479,73,180,0.6543715846994536,0.88,0.765,-0.05594548583030701,0.13125164806842804,-8.981781959533691,4.424097061157227,13,12,1,0,0.9230769230769231,1.6923076923076923,2.230769230769231,0.5384615384615384,0.6693437099456787,0.00537109375,-0.014404295943677425,0.0016856011934578419,0.0028271484188735485,-0.0341796875,-3.41796875,-0.18701171875,0.0,0.0,0.0,0.0,-0.05594548583030701,-0.02880859375,-0.013276108540594578,0.4608224835032454,1.0,6.491300098599967,-7.998076034709811e-05,6.504980623722076,5.875396728515625,0.35864493250846863,6.0021209716796875,6.472240924835205,6.8940510749816895,7.260506629943848,0.0,0.0,0.0,4.129943773150444,0.0058546662257867865,0.0374755859375,13.400699630379677,0.00042524800000000003,0.005,0.0,0.0,0.0,0.0,0.0,0.0,0.0,0.0,0.0,,0.0,0.0,0.0,0.0,0.0,0.0,0.0,0.0,0.0,0.0,0.0,0.0,0.0,0.0,0.0,0.0,0.0,0.0,0.0,,,,,0.0,,2.543976068496704,,,,,,,0.0,{},{},0.0,0.0,0.0,0.0,0.0,0.0,0.0,0,0,0.0,0.0,,0.0
74,42404-1785547340678310400,42404,151552,741,488,73,180,0.6585695006747638,0.9,0.775,-0.05050104111433029,0.137080118060112,-8.219425201416016,4.471893787384033,9,9,0,0,1.0,1.6666666666666667,2.3333333333333335,0.6666666666666666,0.6507149934768677,0.00439453125,-0.006152343470603228,0.001806214451789856,0.004108886234462261,-0.017578125,-1.7578125,-0.18818359076976776,0.0,0.0,0.0,0.0,-0.05050104111433029,-0.01318359375,-0.004673568299040198,0.35447192288652796,1.0,14.272991215202802,-0.002663587758434005,7.266976684331894,6.237279891967773,0.656046986579895,6.448481559753418,7.307025909423828,8.020332336425781,8.45085334777832,0.0,0.0,0.0,4.05444672703743,0.001414083453710191,0.0023193359375,22.883205890655518,0.000424224,0.005,0.0,0.0,0.0,0.0,0.0,0.0,0.0,0.0,0.0,,0.0,0.0,0.0,0.0,0.0,0.0,0.0,0.0,0.0,0.0,0.0,0.0,0.0,0.0,0.0,0.0,0.0,0.0,0.0,,,,,0.0,,2.642904281616211,,,,,,,0.0,{},{},0.0,0.0,0.0,0.0,0.0,0.0,0.0,0,0,0.0,0.0,,0.0
75,42404-1785547340678310400,42404,153600,750,495,73,182,0.66,0.88,0.77,-0.05875823274254799,0.1367529332637787,-10.639755249023438,2.500487804412842,9,7,0,2,0.7777777777777778,1.3333333333333333,1.5555555555555556,0.2222222222222222,0.3854077458381653,0.0029296875,-0.014746093191206455,0.0012492751702666283,0.001860341290012002,-0.03564453125,-3.564453125,-0.1953125149011612,0.0,0.0,0.0,0.0,-0.05875823274254799,-0.03271484375,-0.013968689076136798,0.4269701610901231,1.0,5.969967224249296,-0.004159381700446829,4.042134195566177,3.5137598514556885,0.367008239030838,3.6376891136169434,3.997577667236328,4.478122234344482,4.742547512054443,0.0,0.0,0.0,4.191707760095596,0.004438705866050441,0.03466796875,13.756781920790672,0.00042320000000000004,0.005,0.0,0.0,0.0,0.0,0.0,0.0,0.0,0.0,0.0,,0.0,0.0,0.0,0.0,0.0,0.0,0.0,0.0,0.0,0.0,0.0,0.0,0.0,0.0,0.0,0.0,0.0,0.0,0.0,,,,,0.0,,1.9602808952331543,,,,,,,0.0,{},{},0.0,0.0,0.0,0.0,0.0,0.0,0.0,0,0,0.0,0.0,,0.0
76,42404-1785547340678310400,42404,155648,759,501,73,185,0.6600790513833992,0.84,0.77,-0.06297051906585693,0.13067932426929474,-11.504714965820312,3.4663474559783936,9,6,0,3,0.6666666666666666,1.1111111111111112,1.1111111111111112,0.0,0.6962804198265076,0.002197265625,-0.01811523362994194,-0.00011355673632351682,0.0015185545198619366,-0.039794921875,-3.9794921875,-0.20302733778953552,0.0,0.0,0.0,0.0,-0.06297051906585693,-0.03759765625,-0.017763984184057335,0.47246327278138656,1.0,5.399856219317293,-0.00446373873273842,3.7665478587150574,3.2785561084747314,0.29793643951416016,3.3594970703125,3.8140711784362793,4.075589179992676,4.316764831542969,0.0,0.0,0.0,4.409384459257126,0.004819962530746125,0.0252685546875,13.418556064367294,0.000422176,0.005,0.0,0.0,0.0,0.0,0.0,0.0,0.0,0.0,0.0,,0.0,0.0,0.0,0.0,0.0,0.0,0.0,0.0,0.0,0.0,0.0,0.0,0.0,0.0,0.0,0.0,0.0,0.0,0.0,,,,,0.0,,1.9103304147720337,,,,,,,0.0,{},{},0.0,0.0,0.0,0.0,0.0,0.0,0.0,0,0,0.0,0.0,,0.0
77,42404-1785547340678310400,42404,157696,771,511,73,187,0.6627756160830091,0.84,0.78,-0.05547619238495827,0.12805168330669403,-9.333355903625488,5.057660102844238,12,10,0,2,0.8333333333333334,1.0833333333333333,1.5833333333333333,0.5,0.8287427425384521,0.00439453125,-0.013720703311264515,0.0019016985315829515,0.004462890326976776,-0.03271484375,-3.271484375,-0.18691405653953552,0.0,0.0,0.0,0.0,-0.05547619238495827,-0.0283203125,-0.012129556096624583,0.4282836855327444,1.0,6.599766749494237,-0.009264466760214418,4.269056603312492,3.8711161613464355,0.28650784492492676,3.9254798889160156,4.293956756591797,4.639248847961426,4.715615272521973,0.0,0.0,0.0,3.9798082411289215,0.007935747249575797,0.0614013671875,6.400950327515602,0.000421152,0.005,0.0,0.0,0.0,0.0,0.0,0.0,0.0,0.0,0.0,,0.0,0.0,0.0,0.0,0.0,0.0,0.0,0.0,0.0,0.0,0.0,0.0,0.0,0.0,0.0,0.0,0.0,0.0,0.0,,,,,0.0,,2.0930235385894775,,,,,,,0.0,{},{},0.0,0.0,0.0,0.0,0.0,0.0,0.0,0,0,0.0,0.0,,0.0
78,42404-1785547340678310400,42404,159744,782,520,73,189,0.6649616368286445,0.82,0.77,-0.0543382465839386,0.13215981423854828,-9.307985305786133,4.6633710861206055,11,9,0,2,0.8181818181818182,1.7272727272727273,2.1818181818181817,0.45454545454545453,0.7809420228004456,0.00390625,-0.01059570349752903,0.0016603998374193907,0.003435058519244194,-0.02685546875,-2.685546875,-0.18974609673023224,0.0,0.0,0.0,0.0,-0.0543382465839386,-0.02294921875,-0.009321838908363134,0.406176473083209,1.0,8.267724974526974,-0.005997082043904811,4.744871079921722,4.143964767456055,0.2798895835876465,4.382530212402344,4.761196136474609,5.074183464050293,5.221525192260742,0.0,0.0,0.0,4.152998700737953,0.007742448375211097,0.067138671875,13.137947112321854,0.000420128,0.005,0.0,0.0,0.0,0.0,0.0,0.0,0.0,0.0,0.0,,0.0,0.0,0.0,0.0,0.0,0.0,0.0,0.0,0.0,0.0,0.0,0.0,0.0,0.0,0.0,0.0,0.0,0.0,0.0,,,,,0.0,,2.182626724243164,,,,,,,0.0,{},{},0.0,0.0,0.0,0.0,0.0,0.0,0.0,0,0,0.0,0.0,,0.0
79,42404-1785547340678310400,42404,161792,792,528,73,191,0.6666666666666666,0.78,0.765,-0.05827490985393524,0.13138271868228912,-9.61651611328125,4.545894622802734,10,8,0,2,0.8,1.3,1.7,0.4,0.7851161360740662,0.00341796875,-0.014062500558793545,0.00163532723672688,0.00323486328125,-0.03369140625,-3.369140625,-0.1952148675918579,0.0,0.0,0.0,0.0,-0.05827490985393524,-0.0302734375,-0.012844952929299325,0.42428378493570107,1.0,6.448174886547699,-0.006436190276872367,4.439713820815086,3.947524309158325,0.24068941175937653,4.126996994018555,4.439760208129883,4.750510215759277,4.8180437088012695,0.0,0.0,0.0,4.159052789211273,0.0029681887172046117,0.0107421875,15.33086659014225,0.00041910400000000006,0.005,0.0,0.0,0.0,0.0,0.0,0.0,0.0,0.0,0.0,,0.0,0.0,0.0,0.0,0.0,0.0,0.0,0.0,0.0,0.0,0.0,0.0,0.0,0.0,0.0,0.0,0.0,0.0,0.0,,,,,0.0,,2.1072752475738525,,,,,,,0.0,{},{},0.0,0.0,0.0,0.0,0.0,0.0,0.0,0,0,0.0,0.0,,0.0
80,42404-1785547340678310400,42404,163840,802,537,73,192,0.669576059850374,0.8,0.77,-0.05208119750022888,0.1319166123867035,-9.551188468933105,4.445017337799072,10,9,0,1,0.9,1.7,1.9,0.2,0.7372643947601318,0.004150390625,-0.00869140587747097,0.0017954239156097174,0.0036206054501235485,-0.02197265625,-2.197265625,-0.18808594346046448,0.0,0.0,0.0,0.0,-0.05208119750022888,-0.017822265625,-0.007337398536037654,0.411675317554925,1.0,10.552832876857519,-0.009443142043892294,5.142358064651489,4.365260601043701,0.38316604495048523,4.75411319732666,5.05655574798584,5.550349235534668,6.0331220626831055,0.0,0.0,0.0,4.06951117515564,0.0045013059134362265,0.0330810546875,10.38549953699112,0.00041808000000000004,0.005,0.0,0.0,0.0,0.0,0.0,0.0,0.0,0.0,0.0,,0.0,0.0,0.0,0.0,0.0,0.0,0.0,0.0,0.0,0.0,0.0,0.0,0.0,0.0,0.0,0.0,0.0,0.0,0.0,,,,,0.0,,2.2784154415130615,,,,,,,0.0,{},{},0.0,0.0,0.0,0.0,0.0,0.0,0.0,0,0,0.0,0.0,,0.0
81,42404-1785547340678310400,42404,165888,815,548,73,194,0.6723926380368098,0.84,0.795,-0.05677426606416702,0.13294295966625214,-9.418144226074219,4.682372093200684,13,11,0,2,0.8461538461538461,1.4615384615384615,1.9230769230769231,0.46153846153846156,0.7213485240936279,0.0048828125,-0.01357421837747097,0.002017213962972164,0.0033715819008648396,-0.03271484375,-3.271484375,-0.19277343153953552,0.0,0.0,0.0,0.0,-0.05677426606416702,-0.02783203125,-0.01222701941151172,0.43929887843285914,1.0,6.926066722952985,-0.010192607645876706,6.032492220401764,5.731121063232422,0.28618454933166504,5.760588645935059,5.94267463684082,6.484472751617432,6.675167083740234,0.0,0.0,0.0,4.116529777646065,0.0061215541427372955,0.0472412109375,11.300748467445374,0.000417056,0.005,0.0,0.0,0.0,0.0,0.0,0.0,0.0,0.0,0.0,,0.0,0.0,0.0,0.0,0.0,0.0,0.0,0.0,0.0,0.0,0.0,0.0,0.0,0.0,0.0,0.0,0.0,0.0,0.0,,,,,0.0,,2.4717044830322266,,,,,,,0.0,{},{},0.0,0.0,0.0,0.0,0.0,0.0,0.0,0,0,0.0,0.0,,0.0
82,42404-1785547340678310400,42404,167936,822,555,73,194,0.6751824817518248,0.86,0.81,-0.05407198145985603,0.13333357870578766,-9.109798431396484,4.199961185455322,7,7,0,0,1.0,1.5714285714285714,2.142857142857143,0.5714285714285714,0.6957647800445557,0.00341796875,-0.00937500037252903,0.0014427864225581288,0.0034155272878706455,-0.02490234375,-2.490234375,-0.19160157442092896,0.0,0.0,0.0,0.0,-0.05407198145985603,-0.021484375,-0.008160421944921836,0.3798128701464059,1.0,8.91776729151476,-0.0034204833791591227,5.682190328836441,4.957836627960205,0.49994537234306335,5.107191562652588,5.592259407043457,6.4207563400268555,6.627901077270508,0.0,0.0,0.0,4.055047571659088,0.0009558793899486773,0.0009765625,21.81158035993576,0.00041603200000000004,0.005,0.0,0.0,0.0,0.0,0.0,0.0,0.0,0.0,0.0,,0.0,0.0,0.0,0.0,0.0,0.0,0.0,0.0,0.0,0.0,0.0,0.0,0.0,0.0,0.0,0.0,0.0,0.0,0.0,,,,,0.0,,2.316594362258911,,,,,,,0.0,{},{},0.0,0.0,0.0,0.0,0.0,0.0,0.0,0,0,0.0,0.0,,0.0
83,42404-1785547340678310400,42404,169984,834,565,73,196,0.6774580335731415,0.88,0.82,-0.05586729943752289,0.13313809037208557,-8.648910522460938,4.217309951782227,12,10,0,2,0.8333333333333334,1.4166666666666667,1.8333333333333333,0.4166666666666667,0.6803643703460693,0.00439453125,-0.01337890699505806,0.002148946514353156,0.00341796875,-0.031982421875,-3.1982421875,-0.18974609673023224,0.0,0.0,0.0,0.0,-0.05586729943752289,-0.027587890625,-0.01198717817896977,0.4344929392741674,1.0,6.877626915461819,-0.00557083569583483,5.661507964134216,4.581329822540283,0.4574369490146637,5.154623985290527,5.698220729827881,6.249722480773926,6.414394378662109,0.0,0.0,0.0,4.091419294476509,0.007530901792051736,0.0577392578125,15.781423777341843,0.000415008,0.005,0.0,0.0,0.0,0.0,0.0,0.0,0.0,0.0,0.0,,0.0,0.0,0.0,0.0,0.0,0.0,0.0,0.0,0.0,0.0,0.0,0.0,0.0,0.0,0.0,0.0,0.0,0.0,0.0,,,,,0.0,,2.3843119144439697,,,,,,,0.0,{},{},0.0,0.0,0.0,0.0,0.0,0.0,0.0,0,0,0.0,0.0,,0.0
84,42404-1785547340678310400,42404,172032,846,575,73,198,0.6796690307328606,0.86,0.835,-0.0528179295361042,0.13435623049736023,-9.129308700561523,4.883212566375732,12,10,0,2,0.8333333333333334,1.75,2.25,0.5,0.8098931908607483,0.00439453125,-0.0087890625,0.0022354961838573217,0.003398437285795808,-0.023193359375,-2.3193359375,-0.18974609673023224,0.0,0.0,0.0,0.0,-0.0528179295361042,-0.018798828125,-0.007380579132586718,0.3925875855626588,1.0,10.092969758479226,-0.007323781959712505,4.505560964345932,4.050628662109375,0.27469342947006226,4.123714923858643,4.46141242980957,4.864894866943359,4.967817783355713,0.0,0.0,0.0,4.011727541685104,0.003748282113519963,0.0213623046875,13.928513705730438,0.00041398400000000005,0.005,0.0,0.0,0.0,0.0,0.0,0.0,0.0,0.0,0.0,,0.0,0.0,0.0,0.0,0.0,0.0,0.0,0.0,0.0,0.0,0.0,0.0,0.0,0.0,0.0,0.0,0.0,0.0,0.0,,,,,0.0,,2.129141330718994,,,,,,,0.0,{},{},0.0,0.0,0.0,0.0,0.0,0.0,0.0,0,0,0.0,0.0,,0.0
85,42404-1785547340678310400,42404,174080,858,583,73,202,0.6794871794871795,0.82,0.84,-0.056514494121074677,0.12828406691551208,-8.820062637329102,5.036524295806885,12,8,0,4,0.6666666666666666,1.25,1.6666666666666667,0.4166666666666667,0.7794692516326904,0.0029296875,-0.014013671316206455,0.0018390497425571084,0.003422851674258709,-0.033935546875,-3.3935546875,-0.18818359076976776,0.0,0.0,0.0,0.0,-0.056514494121074677,-0.031005859375,-0.012698195962002501,0.4095286081195542,1.0,6.069095502187337,-0.0027155150019098073,5.687786966562271,5.034755229949951,0.4306173026561737,5.115419864654541,5.6498589515686035,6.224015235900879,6.519874572753906,0.0,0.0,0.0,4.0482257604599,0.0021088262074044906,0.00830078125,21.233297392725945,0.00041296,0.005,0.0,0.0,0.0,0.0,0.0,0.0,0.0,0.0,0.0,,0.0,0.0,0.0,0.0,0.0,0.0,0.0,0.0,0.0,0.0,0.0,0.0,0.0,0.0,0.0,0.0,0.0,0.0,0.0,,,,,0.0,,2.365187406539917,,,,,,,0.0,{},{},0.0,0.0,0.0,0.0,0.0,0.0,0.0,0,0,0.0,0.0,,0.0
86,42404-1785547340678310400,42404,176128,864,589,73,202,0.6817129629629629,0.84,0.845,-0.05966918170452118,0.13342835009098053,-10.49936294555664,3.266317844390869,6,6,0,0,1.0,2.3333333333333335,2.6666666666666665,0.3333333333333333,0.594484806060791,0.0029296875,-0.013720703311264515,0.0011638038558885455,0.0023608398623764515,-0.03271484375,-3.271484375,-0.20126953721046448,0.0,0.0,0.0,0.0,-0.05966918170452118,-0.02978515625,-0.012839542381698266,0.4310573769214772,1.0,6.7571503862793465,-0.0032274747209157795,4.597085058689117,4.086106777191162,0.26117613911628723,4.224240303039551,4.626156806945801,4.893546104431152,5.039579391479492,0.0,0.0,0.0,4.18263652920723,0.002879315899917856,0.01806640625,16.32584111392498,0.00041193599999999995,0.005,0.0,0.0,0.0,0.0,0.0,0.0,0.0,0.0,0.0,,0.0,0.0,0.0,0.0,0.0,0.0,0.0,0.0,0.0,0.0,0.0,0.0,0.0,0.0,0.0,0.0,0.0,0.0,0.0,,,,,0.0,,2.079993486404419,,,,,,,0.0,{},{},0.0,0.0,0.0,0.0,0.0,0.0,0.0,0,0,0.0,0.0,,0.0
87,42404-1785547340678310400,42404,178176,878,599,73,206,0.6822323462414579,0.76,0.835,-0.058472152799367905,0.131500706076622,-9.896061897277832,4.611985206604004,14,10,0,4,0.7142857142857143,1.3571428571428572,1.3571428571428572,0.0,0.7381210327148438,0.00390625,-0.01499023474752903,0.0013206772273406386,0.0025048828683793545,-0.035400390625,-3.5400390625,-0.1943359375,0.0,0.0,0.0,0.0,-0.058472152799367905,-0.031494140625,-0.014033844723599032,0.445587619077317,1.0,6.170346715192671,-0.009002629667520523,5.480643808841705,4.440577983856201,0.5256586074829102,4.828227996826172,5.446216583251953,6.084482192993164,6.4547624588012695,0.0,0.0,0.0,4.0813069343566895,0.006553065206389874,0.0518798828125,9.623339638113976,0.000410912,0.005,0.0,0.0,0.0,0.0,0.0,0.0,0.0,0.0,0.0,,0.0,0.0,0.0,0.0,0.0,0.0,0.0,0.0,0.0,0.0,0.0,0.0,0.0,0.0,0.0,0.0,0.0,0.0,0.0,,,,,0.0,,2.360142469406128,,,,,,,0.0,{},{},0.0,0.0,0.0,0.0,0.0,0.0,0.0,0,0,0.0,0.0,,0.0
88,42404-1785547340678310400,42404,180224,882,603,73,206,0.6836734693877551,0.8,0.84,-0.05842573940753937,0.13073794543743134,-9.993682861328125,3.617669105529785,4,4,0,0,1.0,1.75,2.5,0.75,0.6888285279273987,0.001953125,-0.01401367224752903,0.0009459878783673048,0.002519042231142521,-0.0341796875,-3.41796875,-0.19423827528953552,0.0,0.0,0.0,0.0,-0.05842573940753937,-0.0322265625,-0.013147414720151573,0.4079556038453598,1.0,6.027085520027632,-0.003100131143582985,4.14728157222271,3.766683578491211,0.20167547464370728,3.855666399002075,4.19387149810791,4.362166404724121,4.461978912353516,0.0,0.0,0.0,4.135617509484291,0.0026712950711953454,0.0101318359375,13.243588373064995,0.000409888,0.005,0.0,0.0,0.0,0.0,0.0,0.0,0.0,0.0,0.0,,0.0,0.0,0.0,0.0,0.0,0.0,0.0,0.0,0.0,0.0,0.0,0.0,0.0,0.0,0.0,0.0,0.0,0.0,0.0,,,,,0.0,,2.0180351734161377,,,,,,,0.0,{},{},0.0,0.0,0.0,0.0,0.0,0.0,0.0,0,0,0.0,0.0,,0.0
89,42404-1785547340678310400,42404,182272,895,614,73,208,0.6860335195530727,0.8,0.835,-0.057696446776390076,0.13348598778247833,-10.60988998413086,3.0262649059295654,13,11,0,2,0.8461538461538461,1.3076923076923077,1.4615384615384615,0.15384615384615385,0.591820240020752,0.0048828125,-0.013378906063735485,0.001383019145578146,0.0018188476096838713,-0.031494140625,-3.1494140625,-0.19687500596046448,0.0,0.0,0.0,0.0,-0.057696446776390076,-0.026611328125,-0.01257843937491998,0.4726546026277053,1.0,7.397887363921283,-0.005077564623206854,3.7760510742664337,3.2815136909484863,0.2536467909812927,3.4959020614624023,3.7910282611846924,4.012482643127441,4.391211032867432,0.0,0.0,0.0,4.137007609009743,0.004682867045630701,0.034423828125,13.534430295228958,0.000408864,0.005,0.0,0.0,0.0,0.0,0.0,0.0,0.0,0.0,0.0,,0.0,0.0,0.0,0.0,0.0,0.0,0.0,0.0,0.0,0.0,0.0,0.0,0.0,0.0,0.0,0.0,0.0,0.0,0.0,,,,,0.0,,1.9334487915039062,,,,,,,0.0,{},{},0.0,0.0,0.0,0.0,0.0,0.0,0.0,0,0,0.0,0.0,,0.0
90,42404-1785547340678310400,42404,184320,902,621,73,208,0.688470066518847,0.86,0.84,-0.060766078531742096,0.12956346571445465,-9.592596054077148,4.387462139129639,7,7,0,0,1.0,2.142857142857143,2.2857142857142856,0.14285714285714285,0.6775038242340088,0.00341796875,-0.01752929762005806,0.0008038249216042459,0.002749023260548711,-0.038818359375,-3.8818359375,-0.19775390625,0.0,0.0,0.0,0.0,-0.060766078531742096,-0.035400390625,-0.01664108557451982,0.4700686973230962,1.0,5.58604910029576,-0.003867461549816653,6.209456235170364,5.250535011291504,0.49087849259376526,5.696577072143555,6.106851577758789,6.860138893127441,7.113317966461182,0.0,0.0,0.0,4.009742841124535,0.0021399309116532095,0.0079345703125,14.403218999505043,0.00040783999999999997,0.005,0.0,0.0,0.0,0.0,0.0,0.0,0.0,0.0,0.0,,0.0,0.0,0.0,0.0,0.0,0.0,0.0,0.0,0.0,0.0,0.0,0.0,0.0,0.0,0.0,0.0,0.0,0.0,0.0,,,,,0.0,,2.4915847778320312,,,,,,,0.0,{},{},0.0,0.0,0.0,0.0,0.0,0.0,0.0,0,0,0.0,0.0,,0.0
91,42404-1785547340678310400,42404,186368,917,630,73,214,0.6870229007633588,0.78,0.825,-0.04865493252873421,0.12903323769569397,-7.423104286193848,5.639247417449951,15,9,0,6,0.6,1.2,1.6666666666666667,0.4666666666666667,0.8195756077766418,0.0029296875,-0.009228515438735485,0.003083409508690238,0.0049584959633648396,-0.024658203125,-2.4658203125,-0.17011719942092896,0.0,0.0,0.0,0.0,-0.04865493252873421,-0.021728515625,-0.007218039070721716,0.3321767127849503,1.0,7.828853728575873,-0.008002819085959345,5.6677815318107605,5.100167274475098,0.489136278629303,5.23307991027832,5.4795122146606445,6.452648639678955,6.778635025024414,0.0,0.0,0.0,3.633962467312813,0.0024032217916101217,0.01416015625,12.066205471754074,0.000406816,0.005,0.0,0.0,0.0,0.0,0.0,0.0,0.0,0.0,0.0,,0.0,0.0,0.0,0.0,0.0,0.0,0.0,0.0,0.0,0.0,0.0,0.0,0.0,0.0,0.0,0.0,0.0,0.0,0.0,,,,,0.0,,2.3953487873077393,,,,,,,0.0,{},{},0.0,0.0,0.0,0.0,0.0,0.0,0.0,0,0,0.0,0.0,,0.0
92,42404-1785547340678310400,42404,188416,927,640,73,214,0.6903991370010788,0.84,0.83,-0.04841241240501404,0.1406540721654892,-7.394940376281738,5.246656894683838,10,10,0,0,1.0,2.1,3.0,0.9,0.7922606468200684,0.0048828125,-0.0034667965956032276,0.0022037148009985685,0.0039428710006177425,-0.012939453125,-1.2939453125,-0.185546875,0.0,0.0,0.0,0.0,-0.04841241240501404,-0.008056640625,-0.0019301501451991498,0.23954284324999292,1.0,23.027444835937942,-0.004226100369123742,5.811660826206207,5.1694464683532715,0.3565041720867157,5.386366844177246,5.836892127990723,6.215590000152588,6.665664196014404,0.0,0.0,0.0,3.9215866327285767,0.001585887723194901,0.0030517578125,22.409244641661644,0.000405792,0.005,0.0,0.0,0.0,0.0,0.0,0.0,0.0,0.0,0.0,,0.0,0.0,0.0,0.0,0.0,0.0,0.0,0.0,0.0,0.0,0.0,0.0,0.0,0.0,0.0,0.0,0.0,0.0,0.0,,,,,0.0,,2.3913443088531494,,,,,,,0.0,{},{},0.0,0.0,0.0,0.0,0.0,0.0,0.0,0,0,0.0,0.0,,0.0
93,42404-1785547340678310400,42404,190464,938,650,73,215,0.6929637526652452,0.82,0.825,-0.054293930530548096,0.1311541497707367,-8.295173645019531,4.525683403015137,11,10,0,1,0.9090909090909091,1.4545454545454546,1.9090909090909092,0.45454545454545453,0.7381802201271057,0.004638671875,-0.012939453125,0.0020370888523757458,0.00417480431497097,-0.03173828125,-3.173828125,-0.18437501788139343,0.0,0.0,0.0,0.0,-0.054293930530548096,-0.027099609375,-0.011386479833163321,0.4201558598039208,1.0,6.803353213580402,-0.008928253897465765,5.287877202033997,4.350046634674072,0.36664924025535583,5.0489702224731445,5.254784107208252,5.53289794921875,6.244538307189941,0.0,0.0,0.0,3.9358572512865067,0.0031380602813442238,0.017822265625,11.203395441174507,0.000404768,0.005,0.0,0.0,0.0,0.0,0.0,0.0,0.0,0.0,0.0,,0.0,0.0,0.0,0.0,0.0,0.0,0.0,0.0,0.0,0.0,0.0,0.0,0.0,0.0,0.0,0.0,0.0,0.0,0.0,,,,,0.0,,2.315716505050659,,,,,,,0.0,{},{},0.0,0.0,0.0,0.0,0.0,0.0,0.0,0,0,0.0,0.0,,0.0
94,42404-1785547340678310400,42404,192512,949,658,74,217,0.6933614330874605,0.8,0.82,-0.0544278547167778,0.13455107808113098,-9.176977157592773,4.850712299346924,11,8,1,2,0.7272727272727273,1.1818181818181819,1.9090909090909092,0.7272727272727273,0.8176704049110413,0.0029296875,-0.01171875,0.0020431620068848133,0.0033691406715661287,-0.02685546875,-2.685546875,-0.18925781548023224,0.0,0.0,0.0,0.0,-0.0544278547167778,-0.02392578125,-0.010365674330387264,0.4332247711082018,1.0,7.909873605762674,-0.009625637350836769,4.226322948932648,3.5682966709136963,0.3030460774898529,3.7614850997924805,4.34772253036499,4.536015510559082,4.585951805114746,0.0,0.0,0.0,3.99192675948143,0.0051551162177929655,0.04052734375,7.986949950456619,0.000403744,0.005,0.0,0.0,0.0,0.0,0.0,0.0,0.0,0.0,0.0,,0.0,0.0,0.0,0.0,0.0,0.0,0.0,0.0,0.0,0.0,0.0,0.0,0.0,0.0,0.0,0.0,0.0,0.0,0.0,,,,,0.0,,2.0712575912475586,,,,,,,0.0,{},{},0.0,0.0,0.0,0.0,0.0,0.0,0.0,0,0,0.0,0.0,,0.0
95,42404-1785547340678310400,42404,194560,962,669,74,219,0.6954261954261954,0.86,0.825,-0.05237024277448654,0.1344732791185379,-8.354942321777344,5.266404628753662,13,11,0,2,0.8461538461538461,1.2307692307692308,2.1538461538461537,0.9230769230769231,0.8613207340240479,0.0048828125,-0.011914062313735485,0.002030638512223959,0.004655761644244194,-0.02734375,-2.734375,-0.181640625,0.0,0.0,0.0,0.0,-0.05237024277448654,-0.0224609375,-0.010242462274618447,0.45599193189004494,1.0,8.086596492399643,-0.0043941552576143295,3.871486574411392,3.4400429725646973,0.2409486323595047,3.6942622661590576,3.8065590858459473,4.141097545623779,4.529376029968262,0.0,0.0,0.0,3.9607651978731155,0.004657530320400838,0.026611328125,8.397159844636917,0.00040271999999999997,0.005,0.0,0.0,0.0,0.0,0.0,0.0,0.0,0.0,0.0,,0.0,0.0,0.0,0.0,0.0,0.0,0.0,0.0,0.0,0.0,0.0,0.0,0.0,0.0,0.0,0.0,0.0,0.0,0.0,,,,,0.0,,1.9611917734146118,,,,,,,0.0,{},{},0.0,0.0,0.0,0.0,0.0,0.0,0.0,0,0,0.0,0.0,,0.0
96,42404-1785547340678310400,42404,196608,971,676,74,221,0.6961894953656025,0.84,0.825,-0.05476538836956024,0.1284131556749344,-8.670502662658691,4.923902988433838,9,7,0,2,0.7777777777777778,1.1111111111111112,2.111111111111111,1.0,0.797143816947937,0.0029296875,-0.01279296912252903,0.0019670510664582253,0.004824519157409668,-0.031005859375,-3.1005859375,-0.18466797471046448,0.0,0.0,0.0,0.0,-0.05476538836956024,-0.028076171875,-0.011095076566562057,0.39516360892605235,1.0,6.577157255460383,-0.005791248695459217,4.874724268913269,4.435796737670898,0.17689380049705505,4.64179801940918,4.87943172454834,5.023602485656738,5.184713840484619,0.0,0.0,0.0,3.9808249920606613,0.0039233147908817045,0.0247802734375,15.095608681440353,0.000401696,0.005,0.0,0.0,0.0,0.0,0.0,0.0,0.0,0.0,0.0,,0.0,0.0,0.0,0.0,0.0,0.0,0.0,0.0,0.0,0.0,0.0,0.0,0.0,0.0,0.0,0.0,0.0,0.0,0.0,,,,,0.0,,2.2177042961120605,,,,,,,0.0,{},{},0.0,0.0,0.0,0.0,0.0,0.0,0.0,0,0,0.0,0.0,,0.0
97,42404-1785547340678310400,42404,198656,983,685,75,223,0.6968463886063072,0.8,0.82,-0.05541200190782547,0.13363851606845856,-8.501415252685547,4.608358860015869,12,9,1,2,0.75,1.25,1.9166666666666667,0.6666666666666666,0.5924968719482422,0.00341796875,-0.01333007775247097,0.0018454527016729116,0.003103027120232582,-0.0322265625,-3.22265625,-0.18632811307907104,0.0,0.0,0.0,0.0,-0.05541200190782547,-0.02880859375,-0.012092957796994597,0.41975454086347874,1.0,6.467571694900108,-0.006309566932031885,8.609248965978622,7.53399133682251,0.51197749376297,8.036983489990234,8.618785858154297,9.204751968383789,9.67398738861084,0.0,0.0,0.0,4.012665435671806,0.002908638161898125,0.01708984375,12.276796489953995,0.00040067200000000003,0.005,0.0,0.0,0.0,0.0,0.0,0.0,0.0,0.0,0.0,,0.0,0.0,0.0,0.0,0.0,0.0,0.0,0.0,0.0,0.0,0.0,0.0,0.0,0.0,0.0,0.0,0.0,0.0,0.0,,,,,0.0,,2.941790819168091,,,,,,,0.0,{},{},0.0,0.0,0.0,0.0,0.0,0.0,0.0,0,0,0.0,0.0,,0.0
98,42404-1785547340678310400,42404,200704,993,694,76,223,0.6988922457200403,0.84,0.825,-0.05477207154035568,0.13337980210781097,-10.26475715637207,4.205045700073242,10,9,1,0,0.9,1.5,2.0,0.5,0.7584061622619629,0.00390625,-0.01079101487994194,0.0011019444791600108,0.002365722553804517,-0.02734375,-2.734375,-0.19130858778953552,0.0,0.0,0.0,0.0,-0.05477207154035568,-0.0234375,-0.009924098121700808,0.423410121027404,1.0,8.162151493889777,-0.006285268143983558,4.394298642873764,3.7337398529052734,0.3494795560836792,3.8762295246124268,4.442546844482422,4.7757248878479,5.015837669372559,0.0,0.0,0.0,4.140387639403343,0.0034836778650060296,0.0206298828125,21.588955610990524,0.000399648,0.005,0.0,0.0,0.0,0.0,0.0,0.0,0.0,0.0,0.0,,0.0,0.0,0.0,0.0,0.0,0.0,0.0,0.0,0.0,0.0,0.0,0.0,0.0,0.0,0.0,0.0,0.0,0.0,0.0,,,,,0.0,,2.0668721199035645,,,,,,,0.0,{},{},0.0,0.0,0.0,0.0,0.0,0.0,0.0,0,0,0.0,0.0,,0.0
99,42404-1785547340678310400,42404,202752,1001,698,77,226,0.6973026973026973,0.78,0.805,-0.0627567246556282,0.12410803884267807,-11.361934661865234,3.967298984527588,8,4,1,3,0.5,0.625,1.125,0.5,0.8209499716758728,0.000732421875,-0.01982421800494194,0.00047296559205278754,0.002175292931497097,-0.044677734375,-4.4677734375,-0.19472657144069672,0.0,0.0,0.0,0.0,-0.0627567246556282,-0.0439453125,-0.01916215337405447,0.436035523436795,1.0,4.431010484456386,-0.00790164974750951,2.9456782937049866,2.4825525283813477,0.2967115640640259,2.5594582557678223,2.936042070388794,3.3217859268188477,3.468224048614502,0.0,0.0,0.0,4.086386948823929,0.0031079141626833007,0.0174560546875,18.060819804668427,0.000398624,0.005,0.0,0.0,0.0,0.0,0.0,0.0,0.0,0.0,0.0,,0.0,0.0,0.0,0.0,0.0,0.0,0.0,0.0,0.0,0.0,0.0,0.0,0.0,0.0,0.0,0.0,0.0,0.0,0.0,,,,,0.0,,1.6787348985671997,,,,,,,0.0,{},{},0.0,0.0,0.0,0.0,0.0,0.0,0.0,0,0,0.0,0.0,,0.0
100,42404-1785547340678310400,42404,204800,1012,708,77,227,0.6996047430830039,0.78,0.815,-0.05306221544742584,0.13122718036174774,-9.891477584838867,4.144763469696045,11,10,0,1,0.9090909090909091,1.1818181818181819,1.5454545454545454,0.36363636363636365,0.7994551658630371,0.004638671875,-0.01157226599752903,0.0018646717071533203,0.003474120981991291,-0.028076171875,-2.8076171875,-0.18359375,0.0,0.0,0.0,0.0,-0.05306221544742584,-0.0234375,-0.010237567825242877,0.4367842577486988,1.0,7.832999125370651,-0.007583524071378633,3.3804074823856354,2.9818029403686523,0.21518263220787048,3.1323678493499756,3.4082343578338623,3.668180465698242,3.7051851749420166,0.0,0.0,0.0,3.8616704642772675,0.005028814877732657,0.0338134765625,12.907210275530815,0.0003976,0.005,0.0,0.0,0.0,0.0,0.0,0.0,0.0,0.0,0.0,,0.0,0.0,0.0,0.0,0.0,0.0,0.0,0.0,0.0,0.0,0.0,0.0,0.0,0.0,0.0,0.0,0.0,0.0,0.0,,,,,0.0,,1.856117606163025,,,,,,,0.0,{},{},0.0,0.0,0.0,0.0,0.0,0.0,0.0,0,0,0.0,0.0,,0.0
101,42404-1785547340678310400,42404,206848,1021,715,78,228,0.7002938295788442,0.78,0.805,-0.05637219175696373,0.13203935325145721,-9.366826057434082,3.8987984657287598,9,7,1,1,0.7777777777777778,1.2222222222222223,1.8888888888888888,0.6666666666666666,0.6423698663711548,0.002685546875,-0.013916015625,0.001025061123073101,0.0034326170571148396,-0.031982421875,-3.1982421875,-0.18876953423023224,0.0,0.0,0.0,0.0,-0.05637219175696373,-0.029296875,-0.012801596079953015,0.436946231764352,1.0,6.443113510117448,-0.006344754539895803,5.673040747642517,5.21174430847168,0.26587823033332825,5.343905448913574,5.699769020080566,5.973329544067383,6.254464149475098,0.0,0.0,0.0,3.99094857275486,0.005343052347598132,0.0419921875,18.995788872241974,0.000396576,0.005,0.0,0.0,0.0,0.0,0.0,0.0,0.0,0.0,0.0,,0.0,0.0,0.0,0.0,0.0,0.0,0.0,0.0,0.0,0.0,0.0,0.0,0.0,0.0,0.0,0.0,0.0,0.0,0.0,,,,,0.0,,2.33156681060791,,,,,,,0.0,{},{},0.0,0.0,0.0,0.0,0.0,0.0,0.0,0,0,0.0,0.0,,0.0
102,42404-1785547340678310400,42404,208896,1033,726,78,229,0.7028073572120038,0.82,0.81,-0.05584855005145073,0.12851005792617798,-9.503896713256836,4.283352851867676,12,11,0,1,0.9166666666666666,1.3333333333333333,1.9166666666666667,0.5833333333333334,0.8055813908576965,0.005126953125,-0.01479492150247097,0.0015584186185151339,0.0035327146761119366,-0.03515625,-3.515625,-0.18535156548023224,0.0,0.0,0.0,0.0,-0.05584855005145073,-0.030029296875,-0.013522138178814203,0.45028320016613893,1.0,6.172152285132287,-0.004994003684259951,3.580256849527359,3.332848072052002,0.2037210911512375,3.3730452060699463,3.520698070526123,3.80946683883667,4.088294982910156,0.0,0.0,0.0,3.9412282705307007,0.015467393131984863,0.139404296875,14.41384468972683,0.000395552,0.005,0.0,0.0,0.0,0.0,0.0,0.0,0.0,0.0,0.0,,0.0,0.0,0.0,0.0,0.0,0.0,0.0,0.0,0.0,0.0,0.0,0.0,0.0,0.0,0.0,0.0,0.0,0.0,0.0,,,,,0.0,,1.8886555433273315,,,,,,,0.0,{},{},0.0,0.0,0.0,0.0,0.0,0.0,0.0,0,0,0.0,0.0,,0.0
103,42404-1785547340678310400,42404,210944,1042,734,78,230,0.7044145873320538,0.82,0.805,-0.058021217584609985,0.1273757815361023,-10.459419250488281,4.012293815612793,9,8,0,1,0.8888888888888888,1.2222222222222223,1.7777777777777777,0.5555555555555556,0.7860260605812073,0.003662109375,-0.015576171688735485,0.0009048741194419563,0.0028564452659338713,-0.036376953125,-3.6376953125,-0.19111329317092896,0.0,0.0,0.0,0.0,-0.058021217584609985,-0.03271484375,-0.014635841842391528,0.4473625058926236,1.0,5.841612847626128,-0.0058410592610016465,3.57056000828743,3.044281482696533,0.23210182785987854,3.2423150539398193,3.6041784286499023,3.7963805198669434,3.9400694370269775,0.0,0.0,0.0,4.136094510555267,0.00489306052622851,0.032470703125,10.864503860473633,0.000394528,0.005,0.0,0.0,0.0,0.0,0.0,0.0,0.0,0.0,0.0,,0.0,0.0,0.0,0.0,0.0,0.0,0.0,0.0,0.0,0.0,0.0,0.0,0.0,0.0,0.0,0.0,0.0,0.0,0.0,,,,,0.0,,1.855979561805725,,,,,,,0.0,{},{},0.0,0.0,0.0,0.0,0.0,0.0,0.0,0,0,0.0,0.0,,0.0
104,42404-1785547340678310400,42404,212992,1054,742,80,232,0.7039848197343453,0.84,0.81,-0.053297095000743866,0.13306233286857605,-9.469919204711914,4.276358604431152,12,8,2,2,0.6666666666666666,1.0833333333333333,1.9166666666666667,0.8333333333333334,0.7618934512138367,0.00244140625,-0.01240234449505806,0.0023459570948034525,0.004064940847456455,-0.030517578125,-3.0517578125,-0.18027344346046448,0.0,0.0,0.0,0.0,-0.053297095000743866,-0.028076171875,-0.010799620009493083,0.3846405919219057,1.0,6.420641091027423,-0.00765536108519882,4.310868173837662,3.8950963020324707,0.22596405446529388,4.023670673370361,4.314324378967285,4.507743835449219,4.867416858673096,0.0,0.0,0.0,3.875513568520546,0.004152785055339336,0.028076171875,7.965951651334763,0.00039350400000000003,0.005,0.0,0.0,0.0,0.0,0.0,0.0,0.0,0.0,0.0,,0.0,0.0,0.0,0.0,0.0,0.0,0.0,0.0,0.0,0.0,0.0,0.0,0.0,0.0,0.0,0.0,0.0,0.0,0.0,,,,,0.0,,2.0866987705230713,,,,,,,0.0,{},{},0.0,0.0,0.0,0.0,0.0,0.0,0.0,0,0,0.0,0.0,,0.0
105,42404-1785547340678310400,42404,215040,1062,749,80,233,0.7052730696798494,0.82,0.81,-0.05696891248226166,0.13197745382785797,-10.404916763305664,4.093611240386963,8,7,0,1,0.875,1.375,1.625,0.25,0.6835471391677856,0.003173828125,-0.012158202938735485,0.0009610892157070339,0.0024633787106722593,-0.0302734375,-3.02734375,-0.19453124701976776,0.0,0.0,0.0,0.0,-0.05696891248226166,-0.027099609375,-0.011302085957140662,0.41704176466108195,1.0,7.17811338955428,-0.009489385527558625,5.209014058113098,4.815386772155762,0.20561547577381134,4.983597755432129,5.193122863769531,5.485518455505371,5.581599235534668,0.0,0.0,0.0,4.124296963214874,0.0043827563131344505,0.031005859375,9.783589035272598,0.00039248,0.005,0.0,0.0,0.0,0.0,0.0,0.0,0.0,0.0,0.0,,0.0,0.0,0.0,0.0,0.0,0.0,0.0,0.0,0.0,0.0,0.0,0.0,0.0,0.0,0.0,0.0,0.0,0.0,0.0,,,,,0.0,,2.302826166152954,,,,,,,0.0,{},{},0.0,0.0,0.0,0.0,0.0,0.0,0.0,0,0,0.0,0.0,,0.0
106,42404-1785547340678310400,42404,217088,1075,761,80,234,0.707906976744186,0.84,0.815,-0.05284542590379715,0.13194754719734192,-9.785603523254395,4.3793792724609375,13,12,0,1,0.9230769230769231,1.6153846153846154,1.9230769230769231,0.3076923076923077,0.6098943948745728,0.005615234375,-0.008886718191206455,0.0011737750610336661,0.0028515623416751623,-0.02392578125,-2.392578125,-0.18984374403953552,0.0,0.0,0.0,0.0,-0.05284542590379715,-0.018310546875,-0.007880383840529248,0.4303505266006779,1.0,10.367433474379018,-0.004442371864570305,7.70818692445755,6.615725517272949,0.46653926372528076,7.115262985229492,7.795382499694824,8.210840225219727,8.443159103393555,0.0,0.0,0.0,4.073916181921959,0.0011852596944663674,0.002685546875,25.228871911764145,0.00039145600000000004,0.005,0.0,0.0,0.0,0.0,0.0,0.0,0.0,0.0,0.0,,0.0,0.0,0.0,0.0,0.0,0.0,0.0,0.0,0.0,0.0,0.0,0.0,0.0,0.0,0.0,0.0,0.0,0.0,0.0,,,,,0.0,,2.7352919578552246,,,,,,,0.0,{},{},0.0,0.0,0.0,0.0,0.0,0.0,0.0,0,0,0.0,0.0,,0.0
107,42404-1785547340678310400,42404,219136,1083,767,81,235,0.7082179132040628,0.82,0.815,-0.052752427756786346,0.13357822597026825,-9.832950592041016,4.00025749206543,8,6,1,1,0.75,1.25,2.125,0.875,0.7427674531936646,0.002197265625,-0.00957031175494194,0.0017631432274356484,0.0033325194381177425,-0.02490234375,-2.490234375,-0.18466797471046448,0.0,0.0,0.0,0.0,-0.052752427756786346,-0.022705078125,-0.008296396088553593,0.36538216960590114,1.0,8.132975395127355,-0.010699014703277498,4.054019123315811,3.6709890365600586,0.2317642718553543,3.7914540767669678,3.98687481880188,4.2547149658203125,4.651978015899658,0.0,0.0,0.0,3.8342623859643936,0.005359745155146811,0.0364990234375,7.266039192676544,0.000390432,0.005,0.0,0.0,0.0,0.0,0.0,0.0,0.0,0.0,0.0,,0.0,0.0,0.0,0.0,0.0,0.0,0.0,0.0,0.0,0.0,0.0,0.0,0.0,0.0,0.0,0.0,0.0,0.0,0.0,,,,,0.0,,2.0288543701171875,,,,,,,0.0,{},{},0.0,0.0,0.0,0.0,0.0,0.0,0.0,0,0,0.0,0.0,,0.0
108,42404-1785547340678310400,42404,221184,1092,774,81,237,0.7087912087912088,0.8,0.815,-0.05279631167650223,0.1291830688714981,-10.031852722167969,4.0631184577941895,9,7,0,2,0.7777777777777778,1.6666666666666667,1.7777777777777777,0.1111111111111111,0.7428506016731262,0.0029296875,-0.008642577566206455,0.0018915561959147453,0.0033398435916751623,-0.023193359375,-2.3193359375,-0.18808594346046448,0.0,0.0,0.0,0.0,-0.05279631167650223,-0.020263671875,-0.007334727619308978,0.3619465276591841,1.0,9.28146997003693,-0.012600237940205261,4.166408613324165,3.354537010192871,0.37774577736854553,3.800320625305176,4.059352874755859,4.643628120422363,4.715311050415039,0.0,0.0,0.0,3.9732236117124557,0.008145446707203519,0.0634765625,6.862571507692337,0.000389408,0.005,0.0,0.0,0.0,0.0,0.0,0.0,0.0,0.0,0.0,,0.0,0.0,0.0,0.0,0.0,0.0,0.0,0.0,0.0,0.0,0.0,0.0,0.0,0.0,0.0,0.0,0.0,0.0,0.0,,,,,0.0,,2.06040358543396,,,,,,,0.0,{},{},0.0,0.0,0.0,0.0,0.0,0.0,0.0,0,0,0.0,0.0,,0.0
109,42404-1785547340678310400,42404,223232,1103,784,81,238,0.7107887579329103,0.84,0.81,-0.055603958666324615,0.1278909146785736,-10.13047981262207,4.58159875869751,11,10,0,1,0.9090909090909091,1.8181818181818181,2.0,0.18181818181818182,0.7518389225006104,0.004638671875,-0.013427734375,0.0012387771857902408,0.003337402129545808,-0.0322265625,-3.22265625,-0.1875,0.0,0.0,0.0,0.0,-0.055603958666324615,-0.027587890625,-0.012283689546165988,0.4452404307636414,1.0,6.79621382927571,-0.005674412619555369,5.240645170211792,4.4947285652160645,0.42789313197135925,4.755997657775879,5.169348239898682,5.810546398162842,6.130827903747559,0.0,0.0,0.0,3.9910176396369934,0.004081697734363843,0.0263671875,14.497467517852783,0.00038838400000000003,0.005,0.0,0.0,0.0,0.0,0.0,0.0,0.0,0.0,0.0,,0.0,0.0,0.0,0.0,0.0,0.0,0.0,0.0,0.0,0.0,0.0,0.0,0.0,0.0,0.0,0.0,0.0,0.0,0.0,,,,,0.0,,2.2823586463928223,,,,,,,0.0,{},{},0.0,0.0,0.0,0.0,0.0,0.0,0.0,0,0,0.0,0.0,,0.0
110,42404-1785547340678310400,42404,225280,1115,794,81,240,0.7121076233183856,0.84,0.83,-0.04515734314918518,0.1373109668493271,-8.586114883422852,4.1308794021606445,12,10,0,2,0.8333333333333334,1.3333333333333333,2.0833333333333335,0.75,0.7439685463905334,0.00439453125,-0.0032226559706032276,0.0029513933695852757,0.004020995926111937,-0.011962890625,-1.1962890625,-0.17460937798023224,0.0,0.0,0.0,0.0,-0.04515734314918518,-0.007568359375,-0.0014795586466789246,0.19546682531227083,1.0,23.06792019373928,-0.004345158493379131,4.996229916810989,4.245095252990723,0.4773695170879364,4.330448150634766,5.015172004699707,5.437869071960449,6.080356597900391,0.0,0.0,0.0,3.7676733136177063,0.0026257632634951733,0.012451171875,19.22021482884884,0.00038736,0.005,0.0,0.0,0.0,0.0,0.0,0.0,0.0,0.0,0.0,,0.0,0.0,0.0,0.0,0.0,0.0,0.0,0.0,0.0,0.0,0.0,0.0,0.0,0.0,0.0,0.0,0.0,0.0,0.0,,,,,0.0,,2.0902066230773926,,,,,,,0.0,{},{},0.0,0.0,0.0,0.0,0.0,0.0,0.0,0,0,0.0,0.0,,0.0
111,42404-1785547340678310400,42404,227328,1126,805,81,240,0.7149200710479574,0.86,0.83,-0.048213355243206024,0.13726457953453064,-8.2265625,4.1329569816589355,11,11,0,0,1.0,1.9090909090909092,2.3636363636363638,0.45454545454545453,0.6946810483932495,0.00537109375,-0.0048828125,0.002453265246003866,0.0036376952193677425,-0.015869140625,-1.5869140625,-0.18281251192092896,0.0,0.0,0.0,0.0,-0.048213355243206024,-0.010498046875,-0.003360072383657098,0.320035944563501,1.0,17.412296001481465,-0.00511927081970498,5.545568346977234,4.84794807434082,0.2716326415538788,5.286291599273682,5.587582588195801,5.816967010498047,5.89450740814209,0.0,0.0,0.0,3.7724703401327133,0.006874946098832879,0.0528564453125,20.788019359111786,0.00038633600000000004,0.005,0.0,0.0,0.0,0.0,0.0,0.0,0.0,0.0,0.0,,0.0,0.0,0.0,0.0,0.0,0.0,0.0,0.0,0.0,0.0,0.0,0.0,0.0,0.0,0.0,0.0,0.0,0.0,0.0,,,,,0.0,,2.283693313598633,,,,,,,0.0,{},{},0.0,0.0,0.0,0.0,0.0,0.0,0.0,0,0,0.0,0.0,,0.0
112,42404-1785547340678310400,42404,229376,1136,814,81,241,0.7165492957746479,0.9,0.83,-0.05579610541462898,0.13430368900299072,-9.551206588745117,3.8522891998291016,10,9,0,1,0.9,1.9,2.2,0.3,0.7820534706115723,0.004150390625,-0.01210937462747097,0.0016505882376804948,0.0029272460378706455,-0.02978515625,-2.978515625,-0.19150391221046448,0.0,0.0,0.0,0.0,-0.05579610541462898,-0.025634765625,-0.010964916058583185,0.42771946892392393,1.0,7.470185014630881,-0.005834128096466884,3.2513299733400345,2.8270604610443115,0.3032905161380768,2.858273983001709,3.2952311038970947,3.6019930839538574,3.9724504947662354,0.0,0.0,0.0,4.021690189838409,0.0027630536642391235,0.0123291015625,13.155004739761353,0.000385312,0.005,0.0,0.0,0.0,0.0,0.0,0.0,0.0,0.0,0.0,,0.0,0.0,0.0,0.0,0.0,0.0,0.0,0.0,0.0,0.0,0.0,0.0,0.0,0.0,0.0,0.0,0.0,0.0,0.0,,,,,0.0,,1.7984315156936646,,,,,,,0.0,{},{},0.0,0.0,0.0,0.0,0.0,0.0,0.0,0,0,0.0,0.0,,0.0
113,42404-1785547340678310400,42404,231424,1147,825,81,241,0.7192676547515258,0.92,0.845,-0.05239583179354668,0.12945789098739624,-8.98919677734375,4.257986068725586,11,11,0,0,1.0,1.5454545454545454,2.0,0.45454545454545453,0.7156095504760742,0.00537109375,-0.010791015811264515,0.0019422515761107206,0.0032006832771003246,-0.026123046875,-2.6123046875,-0.18466797471046448,0.0,0.0,0.0,0.0,-0.05239583179354668,-0.020751953125,-0.009505282097961754,0.4580206990643291,1.0,8.898395018683129,-0.012270038423594087,5.082945257425308,4.498346328735352,0.2829863131046295,4.684695720672607,5.151963233947754,5.387876033782959,5.5100932121276855,0.0,0.0,0.0,3.8716254085302353,0.010725612693931907,0.0904541015625,9.782601550221443,0.00038428800000000004,0.005,0.0,0.0,0.0,0.0,0.0,0.0,0.0,0.0,0.0,,0.0,0.0,0.0,0.0,0.0,0.0,0.0,0.0,0.0,0.0,0.0,0.0,0.0,0.0,0.0,0.0,0.0,0.0,0.0,,,,,0.0,,2.2707104682922363,,,,,,,0.0,{},{},0.0,0.0,0.0,0.0,0.0,0.0,0.0,0,0,0.0,0.0,,0.0
114,42404-1785547340678310400,42404,233472,1155,832,81,242,0.7203463203463204,0.94,0.845,-0.05481994152069092,0.13324257731437683,-9.161380767822266,3.679532527923584,8,7,0,1,0.875,1.75,2.125,0.375,0.7091354131698608,0.003173828125,-0.01137695275247097,0.0013132732128724456,0.002980956807732582,-0.027099609375,-2.7099609375,-0.19003906846046448,0.0,0.0,0.0,0.0,-0.05481994152069092,-0.02392578125,-0.010303395247319713,0.43062186842702516,1.0,7.942525426835859,-0.008661927480716258,3.9140216559171677,3.480316162109375,0.20620334148406982,3.677920341491699,3.9313645362854004,4.150114059448242,4.278400897979736,0.0,0.0,0.0,4.012107864022255,0.007168251802795567,0.0548095703125,10.060259073972702,0.000383264,0.005,0.0,0.0,0.0,0.0,0.0,0.0,0.0,0.0,0.0,,0.0,0.0,0.0,0.0,0.0,0.0,0.0,0.0,0.0,0.0,0.0,0.0,0.0,0.0,0.0,0.0,0.0,0.0,0.0,,,,,0.0,,1.9844403266906738,,,,,,,0.0,{},{},0.0,0.0,0.0,0.0,0.0,0.0,0.0,0,0,0.0,0.0,,0.0
115,42404-1785547340678310400,42404,235520,1165,842,81,242,0.7227467811158799,0.96,0.85,-0.05599621310830116,0.13117843866348267,-9.880796432495117,3.8410677909851074,10,10,0,0,1.0,1.6,1.7,0.1,0.7614254355430603,0.0048828125,-0.012890624813735485,0.0014005880802869797,0.002636718563735485,-0.031494140625,-3.1494140625,-0.19091796875,0.0,0.0,0.0,0.0,-0.05599621310830116,-0.026611328125,-0.011881298152729869,0.4464584269712355,1.0,7.174042340574064,-0.006919332708303745,3.4899476124690127,2.9238641262054443,0.3019711375236511,3.2140839099884033,3.5097460746765137,3.8892569541931152,4.000677108764648,0.0,0.0,0.0,3.994942756799551,0.009875324554741383,0.078125,13.17687019935021,0.00038224000000000005,0.005,0.0,0.0,0.0,0.0,0.0,0.0,0.0,0.0,0.0,,0.0,0.0,0.0,0.0,0.0,0.0,0.0,0.0,0.0,0.0,0.0,0.0,0.0,0.0,0.0,0.0,0.0,0.0,0.0,,,,,0.0,,1.8761348724365234,,,,,,,0.0,{},{},0.0,0.0,0.0,0.0,0.0,0.0,0.0,0,0,0.0,0.0,,0.0
116,42404-1785547340678310400,42404,237568,1178,854,81,243,0.7249575551782682,0.94,0.87,-0.051452040672302246,0.1326071321964264,-8.42643928527832,5.121619701385498,13,12,0,1,0.9230769230769231,1.6923076923076923,2.3076923076923075,0.6153846153846154,0.8177902698516846,0.005615234375,-0.008544921875,0.0024308273568749428,0.003911132458597422,-0.02294921875,-2.294921875,-0.18574218451976776,0.0,0.0,0.0,0.0,-0.051452040672302246,-0.017333984375,-0.006959431921131909,0.40146744701821563,1.0,10.714874643189157,-0.0074532640282996,4.768075168132782,3.8553571701049805,0.5275479555130005,4.039161682128906,4.851171970367432,5.3922247886657715,5.680722236633301,0.0,0.0,0.0,3.790170446038246,0.0052119725369266234,0.03466796875,15.37695261836052,0.00038121600000000003,0.005,0.0,0.0,0.0,0.0,0.0,0.0,0.0,0.0,0.0,,0.0,0.0,0.0,0.0,0.0,0.0,0.0,0.0,0.0,0.0,0.0,0.0,0.0,0.0,0.0,0.0,0.0,0.0,0.0,,,,,0.0,,2.186215877532959,,,,,,,0.0,{},{},0.0,0.0,0.0,0.0,0.0,0.0,0.0,0,0,0.0,0.0,,0.0
117,42404-1785547340678310400,42404,239616,1187,861,81,245,0.7253580454928391,0.92,0.86,-0.05060933530330658,0.13554593920707703,-8.15869426727295,4.909379482269287,9,7,0,2,0.7777777777777778,1.7777777777777777,2.0,0.2222222222222222,0.7823939323425293,0.0029296875,-0.005615233443677425,0.002570323646068573,0.003769530914723873,-0.0166015625,-1.66015625,-0.18857422471046448,0.0,0.0,0.0,0.0,-0.05060933530330658,-0.013671875,-0.004030269803479314,0.2947638886100629,1.0,13.791848803595768,-0.005832648748764768,5.640284508466721,5.075422763824463,0.32160070538520813,5.295246601104736,5.563300132751465,6.069967269897461,6.290645599365234,0.0,0.0,0.0,3.7825747579336166,0.002293301084137056,0.011474609375,21.603462427854538,0.000380192,0.005,0.0,0.0,0.0,0.0,0.0,0.0,0.0,0.0,0.0,,0.0,0.0,0.0,0.0,0.0,0.0,0.0,0.0,0.0,0.0,0.0,0.0,0.0,0.0,0.0,0.0,0.0,0.0,0.0,,,,,0.0,,2.290140390396118,,,,,,,0.0,{},{},0.0,0.0,0.0,0.0,0.0,0.0,0.0,0,0,0.0,0.0,,0.0
118,42404-1785547340678310400,42404,241664,1197,869,81,247,0.7259816207184628,0.88,0.865,-0.05735600367188454,0.13631443679332733,-8.408203125,4.535850524902344,10,8,0,2,0.8,1.7,2.1,0.4,0.6099328994750977,0.00341796875,-0.01318359375,0.0019136243499815464,0.0038378904573619366,-0.0322265625,-3.22265625,-0.19423827528953552,0.0,0.0,0.0,0.0,-0.05735600367188454,-0.02880859375,-0.01174571504816413,0.4077015160328017,1.0,6.742138642254735,-0.007921133248601109,7.964854538440704,6.932788848876953,0.4731855094432831,7.432549476623535,7.94921350479126,8.579700469970703,8.723763465881348,0.0,0.0,0.0,3.947620138525963,0.0026268834990332834,0.0135498046875,17.261866629123688,0.00037916800000000004,0.005,0.0,0.0,0.0,0.0,0.0,0.0,0.0,0.0,0.0,,0.0,0.0,0.0,0.0,0.0,0.0,0.0,0.0,0.0,0.0,0.0,0.0,0.0,0.0,0.0,0.0,0.0,0.0,0.0,,,,,0.0,,2.8328816890716553,,,,,,,0.0,{},{},0.0,0.0,0.0,0.0,0.0,0.0,0.0,0,0,0.0,0.0,,0.0
119,42404-1785547340678310400,42404,243712,1209,879,81,249,0.7270471464019851,0.86,0.87,-0.053684040904045105,0.1336590051651001,-8.63125991821289,4.725182056427002,12,10,0,2,0.8333333333333334,1.6666666666666667,2.1666666666666665,0.5,0.7318167686462402,0.00439453125,-0.00888671912252903,0.0019823110196739435,0.003303222358226776,-0.024169921875,-2.4169921875,-0.19179688394069672,0.0,0.0,0.0,0.0,-0.053684040904045105,-0.019775390625,-0.00756533577805385,0.3825438079934695,1.0,9.698275462775285,-0.013259168044896796,5.887512415647507,5.20626163482666,0.31441113352775574,5.584747314453125,5.810518741607666,6.268209457397461,6.5173845291137695,0.0,0.0,0.0,3.9286402761936188,0.008546543016564101,0.06591796875,10.159728959202766,0.00037814399999999996,0.005,0.0,0.0,0.0,0.0,0.0,0.0,0.0,0.0,0.0,,0.0,0.0,0.0,0.0,0.0,0.0,0.0,0.0,0.0,0.0,0.0,0.0,0.0,0.0,0.0,0.0,0.0,0.0,0.0,,,,,0.0,,2.4470021724700928,,,,,,,0.0,{},{},0.0,0.0,0.0,0.0,0.0,0.0,0.0,0,0,0.0,0.0,,0.0
120,42404-1785547340678310400,42404,245760,1222,891,81,250,0.7291325695581015,0.86,0.875,-0.05109041929244995,0.13353076577186584,-8.04421615600586,5.552536487579346,13,12,0,1,0.9230769230769231,1.7692307692307692,2.3076923076923075,0.5384615384615384,0.7719319462776184,0.005615234375,-0.00991210900247097,0.003055296838283539,0.004865722730755806,-0.025634765625,-2.5634765625,-0.18115234375,0.0,0.0,0.0,0.0,-0.05109041929244995,-0.02001953125,-0.007931854110211134,0.3961859958242184,1.0,9.048328512761119,-0.005267692205961794,6.941439509391785,6.1108198165893555,0.522210419178009,6.378570079803467,6.877682209014893,7.674699783325195,7.961950302124023,0.0,0.0,0.0,3.7833652198314667,0.007962022093124688,0.0626220703125,13.687990054488182,0.00037712,0.005,0.0,0.0,0.0,0.0,0.0,0.0,0.0,0.0,0.0,,0.0,0.0,0.0,0.0,0.0,0.0,0.0,0.0,0.0,0.0,0.0,0.0,0.0,0.0,0.0,0.0,0.0,0.0,0.0,,,,,0.0,,2.651695489883423,,,,,,,0.0,{},{},0.0,0.0,0.0,0.0,0.0,0.0,0.0,0,0,0.0,0.0,,0.0
121,42404-1785547340678310400,42404,247808,1234,900,81,253,0.7293354943273906,0.84,0.865,-0.05852363258600235,0.13353228569030762,-9.885854721069336,4.2388458251953125,12,9,0,3,0.75,1.5,1.8333333333333333,0.3333333333333333,0.7370940446853638,0.003662109375,-0.014404296875,0.0015474337851628661,0.003110351273790002,-0.0341796875,-3.41796875,-0.19658203423023224,0.0,0.0,0.0,0.0,-0.05852363258600235,-0.030517578125,-0.013239850610261783,0.4338292090815349,1.0,6.441389026220639,-0.01399930237676017,4.642629504203796,4.265523910522461,0.238494411110878,4.418114185333252,4.584638595581055,4.87796688079834,5.284527778625488,0.0,0.0,0.0,3.9672941714525223,0.008773843073868193,0.06787109375,7.894585430622101,0.00037609599999999997,0.005,0.0,0.0,0.0,0.0,0.0,0.0,0.0,0.0,0.0,,0.0,0.0,0.0,0.0,0.0,0.0,0.0,0.0,0.0,0.0,0.0,0.0,0.0,0.0,0.0,0.0,0.0,0.0,0.0,,,,,0.0,,2.17344069480896,,,,,,,0.0,{},{},0.0,0.0,0.0,0.0,0.0,0.0,0.0,0,0,0.0,0.0,,0.0
122,42404-1785547340678310400,42404,249856,1243,908,81,254,0.7304907481898633,0.84,0.865,-0.06204717606306076,0.1331786811351776,-10.1260404586792,4.539780616760254,9,8,0,1,0.8888888888888888,1.5555555555555556,1.7777777777777777,0.2222222222222222,0.693145215511322,0.003662109375,-0.01821289211511612,0.001553835580125451,0.003303222358226776,-0.04150390625,-4.150390625,-0.20078125596046448,0.0,0.0,0.0,0.0,-0.06204717606306076,-0.037841796875,-0.016998627630528063,0.44919057348421904,1.0,5.305666402609532,-0.008345398149685934,6.317968130111694,5.833381652832031,0.260317325592041,6.024205207824707,6.328425407409668,6.672032356262207,6.826875686645508,0.0,0.0,0.0,4.040619194507599,0.003472429874818772,0.0225830078125,18.538555204868317,0.000375072,0.005,0.0,0.0,0.0,0.0,0.0,0.0,0.0,0.0,0.0,,0.0,0.0,0.0,0.0,0.0,0.0,0.0,0.0,0.0,0.0,0.0,0.0,0.0,0.0,0.0,0.0,0.0,0.0,0.0,,,,,0.0,,2.5147876739501953,,,,,,,0.0,{},{},0.0,0.0,0.0,0.0,0.0,0.0,0.0,0,0,0.0,0.0,,0.0
123,42404-1785547340678310400,42404,251904,1258,917,83,258,0.7289348171701113,0.78,0.86,-0.051868192851543427,0.1324939876794815,-8.554879188537598,5.2780327796936035,15,9,2,4,0.6,1.0,1.8,0.8,0.8487643003463745,0.00244140625,-0.008007812313735485,0.0026370103005319834,0.0043701170943677425,-0.022705078125,-2.2705078125,-0.18574219942092896,0.0,0.0,0.0,0.0,-0.051868192851543427,-0.020263671875,-0.006256030465010554,0.3087160998016679,1.0,9.165813321165801,-0.010593984770821407,4.172996148467064,3.657912492752075,0.2829802632331848,3.8779280185699463,4.106504440307617,4.472444534301758,4.826538562774658,0.0,0.0,0.0,3.7338903844356537,0.005500049206602853,0.0406494140625,13.006669253110886,0.000374048,0.005,0.0,0.0,0.0,0.0,0.0,0.0,0.0,0.0,0.0,,0.0,0.0,0.0,0.0,0.0,0.0,0.0,0.0,0.0,0.0,0.0,0.0,0.0,0.0,0.0,0.0,0.0,0.0,0.0,,,,,0.0,,2.0525760650634766,,,,,,,0.0,{},{},0.0,0.0,0.0,0.0,0.0,0.0,0.0,0,0,0.0,0.0,,0.0
124,42404-1785547340678310400,42404,253952,1265,923,83,259,0.7296442687747036,0.78,0.855,-0.05479180067777634,0.13637465238571167,-9.330656051635742,4.759893417358398,7,6,0,1,0.8571428571428571,2.142857142857143,2.5714285714285716,0.42857142857142855,0.7221010327339172,0.002685546875,-0.009082031436264515,0.002175811678171158,0.003547362983226776,-0.025146484375,-2.5146484375,-0.19414062798023224,0.0,0.0,0.0,0.0,-0.05479180067777634,-0.0224609375,-0.007651237770915031,0.34063124656610905,1.0,8.643093587996683,-0.016905706434044987,6.225424200296402,5.52568244934082,0.344706267118454,5.880571365356445,6.163893222808838,6.638925552368164,6.8039069175720215,0.0,0.0,0.0,3.7244277745485306,0.008437140168098267,0.065185546875,9.00432676076889,0.000373024,0.005,0.0,0.0,0.0,0.0,0.0,0.0,0.0,0.0,0.0,,0.0,0.0,0.0,0.0,0.0,0.0,0.0,0.0,0.0,0.0,0.0,0.0,0.0,0.0,0.0,0.0,0.0,0.0,0.0,,,,,0.0,,2.5092313289642334,,,,,,,0.0,{},{},0.0,0.0,0.0,0.0,0.0,0.0,0.0,0,0,0.0,0.0,,0.0
125,42404-1785547340678310400,42404,256000,1278,936,83,259,0.7323943661971831,0.82,0.86,-0.05371953547000885,0.1355321705341339,-9.4669828414917,4.29880428314209,13,13,0,0,1.0,1.6923076923076923,1.9230769230769231,0.23076923076923078,0.6388627290725708,0.00634765625,-0.01005859300494194,0.002403908409178257,0.0034887692891061306,-0.02685546875,-2.685546875,-0.19023439288139343,0.0,0.0,0.0,0.0,-0.05371953547000885,-0.0205078125,-0.008585423580370843,0.41862119419985155,1.0,9.27573904541735,-0.014849010447505862,6.612529993057251,5.170469284057617,0.5481406450271606,6.057928562164307,6.697532653808594,7.041884899139404,7.761990070343018,0.0,0.0,0.0,3.6669225245714188,0.006155705064884387,0.0460205078125,11.711615934967995,0.000372,0.005,0.0,0.0,0.0,0.0,0.0,0.0,0.0,0.0,0.0,,0.0,0.0,0.0,0.0,0.0,0.0,0.0,0.0,0.0,0.0,0.0,0.0,0.0,0.0,0.0,0.0,0.0,0.0,0.0,,,,,0.0,,2.5833535194396973,,,,,,,0.0,{},{},0.0,0.0,0.0,0.0,0.0,0.0,0.0,0,0,0.0,0.0,,0.0
126,42404-1785547340678310400,42404,258048,1284,941,83,260,0.7328660436137072,0.82,0.87,-0.05909435451030731,0.13489535450935364,-10.633160591125488,3.442340135574341,6,5,0,1,0.8333333333333334,1.5,1.6666666666666667,0.16666666666666666,0.6449964046478271,0.002197265625,-0.01220703125,0.0013910838169977069,0.002875976264476776,-0.030517578125,-3.0517578125,-0.20273438096046448,0.0,0.0,0.0,0.0,-0.05909435451030731,-0.0283203125,-0.01114026622963138,0.39335275261806385,1.0,7.158368135673955,-0.006273456761846319,4.418088600039482,3.8730080127716064,0.25350287556648254,4.164891242980957,4.407848358154297,4.748648166656494,4.897731304168701,0.0,0.0,0.0,3.8285340815782547,0.007600017903314438,0.05712890625,20.703395560383797,0.00037097599999999997,0.005,0.0,0.0,0.0,0.0,0.0,0.0,0.0,0.0,0.0,,0.0,0.0,0.0,0.0,0.0,0.0,0.0,0.0,0.0,0.0,0.0,0.0,0.0,0.0,0.0,0.0,0.0,0.0,0.0,,,,,0.0,,2.051021099090576,,,,,,,0.0,{},{},0.0,0.0,0.0,0.0,0.0,0.0,0.0,0,0,0.0,0.0,,0.0
127,42404-1785547340678310400,42404,260096,1299,955,83,261,0.7351809083910701,0.88,0.87,-0.044366899877786636,0.13621604442596436,-8.0120849609375,4.86456823348999,15,14,0,1,0.9333333333333333,1.9333333333333333,2.2,0.26666666666666666,0.6993038654327393,0.006591796875,-0.0012207026593387127,0.0037926100194454193,0.0047973631881177425,-0.0078125,-0.78125,-0.17900392413139343,0.0,0.0,0.0,0.0,-0.044366899877786636,-0.001220703125,0.0009267906425520778,0.7586054447982834,1.0,146.5199854763353,-0.002381225931458175,7.518341422080994,6.402451992034912,0.5904841423034668,6.648159980773926,7.487118721008301,8.262210845947266,8.646734237670898,0.0,0.0,0.0,3.4339739829301834,0.008745172985072713,0.0709228515625,21.599499821662903,0.000369952,0.005,0.0,0.0,0.0,0.0,0.0,0.0,0.0,0.0,0.0,,0.0,0.0,0.0,0.0,0.0,0.0,0.0,0.0,0.0,0.0,0.0,0.0,0.0,0.0,0.0,0.0,0.0,0.0,0.0,,,,,0.0,,2.667523145675659,,,,,,,0.0,{},{},0.0,0.0,0.0,0.0,0.0,0.0,0.0,0,0,0.0,0.0,,0.0
128,42404-1785547340678310400,42404,262144,1307,962,83,262,0.7360367253251722,0.92,0.875,-0.05972503870725632,0.1349036693572998,-9.27969741821289,5.108305931091309,8,7,0,1,0.875,1.625,2.625,1.0,0.7744837999343872,0.003173828125,-0.015624999068677425,0.001723182969726622,0.004338379018008709,-0.036865234375,-3.6865234375,-0.19716796278953552,0.0,0.0,0.0,0.0,-0.05972503870725632,-0.03369140625,-0.014109608571743593,0.41877711158559927,1.0,5.852000041983808,-0.012246971513377503,5.836961984634399,5.162578105926514,0.4014838635921478,5.338326454162598,5.7689385414123535,6.31158447265625,6.543744087219238,0.0,0.0,0.0,3.726651430130005,0.0048381110827904195,0.0333251953125,15.476399227976799,0.00036892800000000003,0.005,0.0,0.0,0.0,0.0,0.0,0.0,0.0,0.0,0.0,,0.0,0.0,0.0,0.0,0.0,0.0,0.0,0.0,0.0,0.0,0.0,0.0,0.0,0.0,0.0,0.0,0.0,0.0,0.0,,,,,0.0,,2.4258601665496826,,,,,,,0.0,{},{},0.0,0.0,0.0,0.0,0.0,0.0,0.0,0,0,0.0,0.0,,0.0
129,42404-1785547340678310400,42404,264192,1321,971,83,267,0.7350492051476154,0.84,0.855,-0.05660953372716904,0.13441476225852966,-9.71925163269043,5.175468444824219,14,9,0,5,0.6428571428571429,1.2857142857142858,1.7142857142857142,0.42857142857142855,0.830164909362793,0.003173828125,-0.01259765587747097,0.002157972427085042,0.003752441145479679,-0.031494140625,-3.1494140625,-0.19228515028953552,0.0,0.0,0.0,0.0,-0.05660953372716904,-0.0283203125,-0.01112005248432979,0.3926390235032289,1.0,6.789415225354952,-0.014217460440704599,4.540168434381485,4.113544464111328,0.2575947940349579,4.17262601852417,4.6022491455078125,4.822988033294678,5.048752784729004,0.0,0.0,0.0,3.595061808824539,0.008694090800418053,0.0791015625,10.222480535507202,0.000367904,0.005,0.0,0.0,0.0,0.0,0.0,0.0,0.0,0.0,0.0,,0.0,0.0,0.0,0.0,0.0,0.0,0.0,0.0,0.0,0.0,0.0,0.0,0.0,0.0,0.0,0.0,0.0,0.0,0.0,,,,,0.0,,2.1328651905059814,,,,,,,0.0,{},{},0.0,0.0,0.0,0.0,0.0,0.0,0.0,0,0,0.0,0.0,,0.0
130,42404-1785547340678310400,42404,266240,1331,980,83,268,0.7362885048835462,0.82,0.855,-0.055509455502033234,0.1346934735774994,-9.892580032348633,4.617098808288574,10,9,0,1,0.9,2.0,2.2,0.2,0.6706044673919678,0.004150390625,-0.01059570349752903,0.0021749516017735004,0.0034838865976780653,-0.02783203125,-2.783203125,-0.19355468451976776,0.0,0.0,0.0,0.0,-0.055509455502033234,-0.023681640625,-0.009180993947666138,0.38766766312260154,1.0,8.172850637079993,-0.010479086136911064,6.952660411596298,5.994352340698242,0.5285302996635437,6.219326496124268,7.003477096557617,7.552185535430908,7.783145904541016,0.0,0.0,0.0,3.768085405230522,0.007904404919827357,0.06201171875,17.877509474754333,0.00036688,0.005,0.0,0.0,0.0,0.0,0.0,0.0,0.0,0.0,0.0,,0.0,0.0,0.0,0.0,0.0,0.0,0.0,0.0,0.0,0.0,0.0,0.0,0.0,0.0,0.0,0.0,0.0,0.0,0.0,,,,,0.0,,2.649890899658203,,,,,,,0.0,{},{},0.0,0.0,0.0,0.0,0.0,0.0,0.0,0,0,0.0,0.0,,0.0
131,42404-1785547340678310400,42404,268288,1341,989,83,269,0.7375093214019388,0.84,0.85,-0.056871116161346436,0.13482069969177246,-10.218194961547852,4.4832258224487305,10,9,0,1,0.9,1.7,1.9,0.2,0.6831056475639343,0.004150390625,-0.01235351525247097,0.0017073238268494606,0.003225097432732582,-0.030029296875,-3.0029296875,-0.19550782442092896,0.0,0.0,0.0,0.0,-0.056871116161346436,-0.02587890625,-0.01112040993757546,0.4296928215331328,1.0,7.55442552736948,-0.012456038151867688,6.406461626291275,5.965542316436768,0.35932204127311707,6.068608283996582,6.295274257659912,6.943737983703613,7.197202682495117,0.0,0.0,0.0,3.726255476474762,0.0059261396891088225,0.0458984375,17.828144133090973,0.00036585599999999996,0.005,0.0,0.0,0.0,0.0,0.0,0.0,0.0,0.0,0.0,,0.0,0.0,0.0,0.0,0.0,0.0,0.0,0.0,0.0,0.0,0.0,0.0,0.0,0.0,0.0,0.0,0.0,0.0,0.0,,,,,0.0,,2.523758888244629,,,,,,,0.0,{},{},0.0,0.0,0.0,0.0,0.0,0.0,0.0,0,0,0.0,0.0,,0.0
132,42404-1785547340678310400,42404,270336,1355,1002,83,270,0.7394833948339483,0.84,0.85,-0.05442953109741211,0.1344710886478424,-9.448248863220215,5.03188419342041,14,13,0,1,0.9285714285714286,1.6428571428571428,2.0714285714285716,0.42857142857142855,0.7811177968978882,0.006103515625,-0.010937499813735485,0.002761413808912039,0.0051635741256177425,-0.02783203125,-2.783203125,-0.19150391221046448,0.0,0.0,0.0,0.0,-0.05442953109741211,-0.021728515625,-0.00895625283010304,0.4121699252144761,1.0,8.813077820756277,-0.01355777878779918,5.447378724813461,5.075740814208984,0.24171443283557892,5.130173683166504,5.470904350280762,5.737431526184082,5.887778282165527,0.0,0.0,0.0,3.6421845704317093,0.005645907367579639,0.0457763671875,11.599526539444923,0.000364832,0.005,0.0,0.0,0.0,0.0,0.0,0.0,0.0,0.0,0.0,,0.0,0.0,0.0,0.0,0.0,0.0,0.0,0.0,0.0,0.0,0.0,0.0,0.0,0.0,0.0,0.0,0.0,0.0,0.0,,,,,0.0,,2.354159355163574,,,,,,,0.0,{},{},0.0,0.0,0.0,0.0,0.0,0.0,0.0,0,0,0.0,0.0,,0.0
133,42404-1785547340678310400,42404,272384,1363,1007,84,272,0.7388114453411592,0.8,0.835,-0.06366519629955292,0.1351606398820877,-10.965424537658691,4.540858745574951,8,5,1,2,0.625,1.125,1.625,0.5,0.7559357285499573,0.00146484375,-0.01767578162252903,0.0008719401666894555,0.0025512694846838713,-0.04052734375,-4.052734375,-0.20566406846046448,0.0,0.0,0.0,0.0,-0.06366519629955292,-0.0390625,-0.016819979209685698,0.4305804449085642,1.0,5.264865372034366,-0.014539660885930061,5.047496408224106,4.359553337097168,0.3931291103363037,4.422079086303711,5.116045951843262,5.453226089477539,5.471991539001465,0.0,0.0,0.0,3.7513880133628845,0.009930598316714168,0.0863037109375,11.641455799341202,0.000363808,0.005,0.0,0.0,0.0,0.0,0.0,0.0,0.0,0.0,0.0,,0.0,0.0,0.0,0.0,0.0,0.0,0.0,0.0,0.0,0.0,0.0,0.0,0.0,0.0,0.0,0.0,0.0,0.0,0.0,,,,,0.0,,2.243314266204834,,,,,,,0.0,{},{},0.0,0.0,0.0,0.0,0.0,0.0,0.0,0,0,0.0,0.0,,0.0
134,42404-1785547340678310400,42404,274432,1377,1018,84,275,0.739288307915759,0.84,0.825,-0.05496878921985626,0.13385635614395142,-9.8233642578125,5.318414211273193,14,11,0,3,0.7857142857142857,1.2857142857142858,1.6428571428571428,0.35714285714285715,0.7864567041397095,0.004638671875,-0.01088867150247097,0.0026062324177473783,0.004782714881002903,-0.027099609375,-2.7099609375,-0.19287109375,0.0,0.0,0.0,0.0,-0.05496878921985626,-0.0224609375,-0.0090414346777834,0.40252247508850914,1.0,8.586574232521127,-0.011536424630321562,6.110561490058899,5.538726329803467,0.42075496912002563,5.586986541748047,6.034501075744629,6.667148590087891,6.924860954284668,0.0,0.0,0.0,3.534420385956764,0.0066727362864185125,0.0501708984375,16.16228973865509,0.000362784,0.005,0.0,0.0,0.0,0.0,0.0,0.0,0.0,0.0,0.0,,0.0,0.0,0.0,0.0,0.0,0.0,0.0,0.0,0.0,0.0,0.0,0.0,0.0,0.0,0.0,0.0,0.0,0.0,0.0,,,,,0.0,,2.45767879486084,,,,,,,0.0,{},{},0.0,0.0,0.0,0.0,0.0,0.0,0.0,0,0,0.0,0.0,,0.0
135,42404-1785547340678310400,42404,276480,1384,1024,84,276,0.7398843930635838,0.82,0.83,-0.05387797951698303,0.13459058105945587,-8.57940673828125,4.819422245025635,7,6,0,1,0.8571428571428571,1.5714285714285714,2.142857142857143,0.5714285714285714,0.6831047534942627,0.002685546875,-0.00917968712747097,0.002484068274497986,0.004621582105755806,-0.02392578125,-2.392578125,-0.19189453125,0.0,0.0,0.0,0.0,-0.05387797951698303,-0.021240234375,-0.007403274532407522,0.34853315968872556,1.0,9.034057431043246,-0.011157880304381251,7.425594300031662,6.803353309631348,0.316786527633667,7.014704704284668,7.392438888549805,7.790165901184082,7.887938499450684,0.0,0.0,0.0,3.5610216856002808,0.00988430075085489,0.0853271484375,21.38996171951294,0.00036176,0.005,0.0,0.0,0.0,0.0,0.0,0.0,0.0,0.0,0.0,,0.0,0.0,0.0,0.0,0.0,0.0,0.0,0.0,0.0,0.0,0.0,0.0,0.0,0.0,0.0,0.0,0.0,0.0,0.0,,,,,0.0,,2.7130191326141357,,,,,,,0.0,{},{},0.0,0.0,0.0,0.0,0.0,0.0,0.0,0,0,0.0,0.0,,0.0
136,42404-1785547340678310400,42404,278528,1399,1037,85,277,0.7412437455325233,0.8,0.83,-0.055556610226631165,0.13607996702194214,-8.316351890563965,4.895988941192627,15,13,1,1,0.8666666666666667,1.4,2.2,0.8,0.7350690364837646,0.005615234375,-0.014746093191206455,0.0025725604500621557,0.005439452826976776,-0.034423828125,-3.4423828125,-0.18671876192092896,0.0,0.0,0.0,0.0,-0.055556610226631165,-0.02880859375,-0.012743089871946722,0.4423210539699721,1.0,6.4811313738476075,-0.018519138917326927,6.227563053369522,5.801299095153809,0.2865281403064728,5.851092338562012,6.190728664398193,6.633973121643066,6.718802452087402,0.0,0.0,0.0,3.515067607164383,0.011785501177655533,0.0987548828125,9.539558678865433,0.000360736,0.005,0.0,0.0,0.0,0.0,0.0,0.0,0.0,0.0,0.0,,0.0,0.0,0.0,0.0,0.0,0.0,0.0,0.0,0.0,0.0,0.0,0.0,0.0,0.0,0.0,0.0,0.0,0.0,0.0,,,,,0.0,,2.520036220550537,,,,,,,0.0,{},{},0.0,0.0,0.0,0.0,0.0,0.0,0.0,0,0,0.0,0.0,,0.0
137,42404-1785547340678310400,42404,280576,1407,1045,85,277,0.7427149964463398,0.84,0.835,-0.056261464953422546,0.13394255936145782,-10.134902954101562,4.425616264343262,8,8,0,0,1.0,1.75,2.375,0.625,0.8144580125808716,0.00390625,-0.011230467818677425,0.0014666311908513308,0.003369140438735485,-0.0283203125,-2.83203125,-0.19648438692092896,0.0,0.0,0.0,0.0,-0.056261464953422546,-0.0244140625,-0.010021524911280721,0.4104648477258955,1.0,8.047670855683,-0.013119310955516994,3.6099032312631607,3.0400230884552,0.2551794648170471,3.2246193885803223,3.666567802429199,3.8812813758850098,4.024834156036377,0.0,0.0,0.0,3.6754483431577682,0.00588419393170625,0.0447998046875,13.970856323838234,0.00035971200000000004,0.005,0.0,0.0,0.0,0.0,0.0,0.0,0.0,0.0,0.0,,0.0,0.0,0.0,0.0,0.0,0.0,0.0,0.0,0.0,0.0,0.0,0.0,0.0,0.0,0.0,0.0,0.0,0.0,0.0,,,,,0.0,,1.906315803527832,,,,,,,0.0,{},{},0.0,0.0,0.0,0.0,0.0,0.0,0.0,0,0,0.0,0.0,,0.0
138,42404-1785547340678310400,42404,282624,1417,1054,85,278,0.7438249823570925,0.88,0.84,-0.056319065392017365,0.13237729668617249,-9.13528823852539,4.5792341232299805,10,9,0,1,0.9,1.5,1.7,0.2,0.679481029510498,0.004150390625,-0.01235351525247097,0.002553205471485853,0.00432627834379673,-0.031005859375,-3.1005859375,-0.19326172769069672,0.0,0.0,0.0,0.0,-0.056319065392017365,-0.02685546875,-0.010633644298650324,0.39594350238805404,1.0,7.196096012834774,-0.008789317565970123,6.893051743507385,5.4150710105896,0.5517980456352234,6.367338180541992,7.022630214691162,7.500937461853027,7.799315452575684,0.0,0.0,0.0,3.4722855985164642,0.00576380798156606,0.04443359375,19.6644347012043,0.000358688,0.005,0.0,0.0,0.0,0.0,0.0,0.0,0.0,0.0,0.0,,0.0,0.0,0.0,0.0,0.0,0.0,0.0,0.0,0.0,0.0,0.0,0.0,0.0,0.0,0.0,0.0,0.0,0.0,0.0,,,,,0.0,,2.59250545501709,,,,,,,0.0,{},{},0.0,0.0,0.0,0.0,0.0,0.0,0.0,0,0,0.0,0.0,,0.0
139,42404-1785547340678310400,42404,284672,1431,1067,85,279,0.7456324248777079,0.9,0.845,-0.05460195243358612,0.1318606287240982,-9.282816886901855,5.310798645019531,14,13,0,1,0.9285714285714286,1.7142857142857142,2.2142857142857144,0.5,0.8223564028739929,0.006103515625,-0.01152343675494194,0.0024174859281629324,0.0034228512085974216,-0.029052734375,-2.9052734375,-0.19013673067092896,0.0,0.0,0.0,0.0,-0.05460195243358612,-0.02294921875,-0.010063352470751852,0.4384861242663254,1.0,8.28474589903109,-0.015585071581881493,4.922256380319595,4.508615493774414,0.30638009309768677,4.555403232574463,4.910181045532227,5.378731727600098,5.406345367431641,0.0,0.0,0.0,3.5137442499399185,0.010029316115833353,0.0906982421875,10.622369974851608,0.000357664,0.005,0.0,0.0,0.0,0.0,0.0,0.0,0.0,0.0,0.0,,0.0,0.0,0.0,0.0,0.0,0.0,0.0,0.0,0.0,0.0,0.0,0.0,0.0,0.0,0.0,0.0,0.0,0.0,0.0,,,,,0.0,,2.238384246826172,,,,,,,0.0,{},{},0.0,0.0,0.0,0.0,0.0,0.0,0.0,0,0,0.0,0.0,,0.0
140,42404-1785547340678310400,42404,286720,1440,1074,85,281,0.7458333333333333,0.9,0.845,-0.05550279840826988,0.13682903349399567,-10.035892486572266,4.577568054199219,9,7,0,2,0.7777777777777778,1.6666666666666667,1.8888888888888888,0.2222222222222222,0.7445221543312073,0.0029296875,-0.01030273362994194,0.001661765854805708,0.0035498044453561306,-0.02587890625,-2.587890625,-0.19570311903953552,0.0,0.0,0.0,0.0,-0.05550279840826988,-0.02294921875,-0.00899984105490148,0.39214619925579053,1.0,8.527287742716418,-0.011371443659299985,5.419739127159119,4.735090255737305,0.43418648838996887,4.829858779907227,5.511857509613037,5.7615509033203125,6.446072578430176,0.0,0.0,0.0,3.4907075315713882,0.0069590828934451565,0.0550537109375,17.514423549175262,0.00035664000000000003,0.005,0.0,0.0,0.0,0.0,0.0,0.0,0.0,0.0,0.0,,0.0,0.0,0.0,0.0,0.0,0.0,0.0,0.0,0.0,0.0,0.0,0.0,0.0,0.0,0.0,0.0,0.0,0.0,0.0,,,,,0.0,,2.31372332572937,,,,,,,0.0,{},{},0.0,0.0,0.0,0.0,0.0,0.0,0.0,0,0,0.0,0.0,,0.0
141,42404-1785547340678310400,42404,288768,1453,1086,85,282,0.7474191328286304,0.9,0.865,-0.05322911590337753,0.13324309885501862,-9.005614280700684,5.0345587730407715,13,12,0,1,0.9230769230769231,1.8461538461538463,2.230769230769231,0.38461538461538464,0.705162525177002,0.005615234375,-0.009472656063735485,0.0026349849067628384,0.0044702147133648396,-0.026611328125,-2.6611328125,-0.189453125,0.0,0.0,0.0,0.0,-0.05322911590337753,-0.02099609375,-0.007696356158703566,0.36654387746892664,1.0,9.02282607563249,-0.006539844907820225,7.592696815729141,6.810344696044922,0.6040531992912292,6.908137798309326,7.660003662109375,8.420354843139648,8.813009262084961,0.0,0.0,0.0,3.466318577528,0.0038829487239127047,0.0252685546875,24.535023242235184,0.000355616,0.005,0.0,0.0,0.0,0.0,0.0,0.0,0.0,0.0,0.0,,0.0,0.0,0.0,0.0,0.0,0.0,0.0,0.0,0.0,0.0,0.0,0.0,0.0,0.0,0.0,0.0,0.0,0.0,0.0,,,,,0.0,,2.7337121963500977,,,,,,,0.0,{},{},0.0,0.0,0.0,0.0,0.0,0.0,0.0,0,0,0.0,0.0,,0.0
142,42404-1785547340678310400,42404,290816,1462,1093,85,284,0.7476060191518468,0.88,0.865,-0.06442918628454208,0.13148567080497742,-11.759933471679688,4.207233428955078,9,7,0,2,0.7777777777777778,1.6666666666666667,2.0,0.3333333333333333,0.7537751793861389,0.0029296875,-0.01894531212747097,0.0007987897261045873,0.0018603515345603228,-0.0439453125,-4.39453125,-0.20468750596046448,0.0,0.0,0.0,0.0,-0.06442918628454208,-0.041015625,-0.018280526812304743,0.4456857874655641,1.0,4.9903546661985105,-0.016741539031499997,4.4992944449186325,3.906799554824829,0.38301557302474976,3.99568247795105,4.548338890075684,5.077986717224121,5.106480598449707,0.0,0.0,0.0,3.7071923911571503,0.00904970603005495,0.0765380859375,11.87101036310196,0.00035459200000000004,0.005,0.0,0.0,0.0,0.0,0.0,0.0,0.0,0.0,0.0,,0.0,0.0,0.0,0.0,0.0,0.0,0.0,0.0,0.0,0.0,0.0,0.0,0.0,0.0,0.0,0.0,0.0,0.0,0.0,,,,,0.0,,2.0876734256744385,,,,,,,0.0,{},{},0.0,0.0,0.0,0.0,0.0,0.0,0.0,0,0,0.0,0.0,,0.0
143,42404-1785547340678310400,42404,292864,1474,1102,85,287,0.7476255088195387,0.82,0.85,-0.060636162757873535,0.13202673196792603,-10.95474624633789,4.45945405960083,12,9,0,3,0.75,1.0833333333333333,1.3333333333333333,0.25,0.7806242108345032,0.003662109375,-0.01669921912252903,0.0015271472511813045,0.0030541992746293545,-0.03857421875,-3.857421875,-0.1982421875,0.0,0.0,0.0,0.0,-0.060636162757873535,-0.034912109375,-0.015553882491076365,0.44550264268968065,1.0,5.67815903678731,-0.014876221801387146,4.413733035326004,3.807037830352783,0.3417240083217621,3.9201300144195557,4.435181140899658,4.796911716461182,4.928385257720947,0.0,0.0,0.0,3.5115253031253815,0.008165561557689216,0.06396484375,15.475711911916733,0.000353568,0.005,0.0,0.0,0.0,0.0,0.0,0.0,0.0,0.0,0.0,,0.0,0.0,0.0,0.0,0.0,0.0,0.0,0.0,0.0,0.0,0.0,0.0,0.0,0.0,0.0,0.0,0.0,0.0,0.0,,,,,0.0,,2.08870005607605,,,,,,,0.0,{},{},0.0,0.0,0.0,0.0,0.0,0.0,0.0,0,0,0.0,0.0,,0.0
144,42404-1785547340678310400,42404,294912,1483,1111,85,287,0.7491571139581928,0.86,0.855,-0.060316722840070724,0.1345100700855255,-10.121359825134277,4.563523292541504,9,9,0,0,1.0,1.5555555555555556,2.0,0.4444444444444444,0.7733038663864136,0.00439453125,-0.01533203013241291,0.001639522728510201,0.002846679650247097,-0.036376953125,-3.6376953125,-0.20078125596046448,0.0,0.0,0.0,0.0,-0.060316722840070724,-0.031982421875,-0.014210479537723586,0.4443076664298787,1.0,6.277666496886193,-0.0116919397842139,4.746837675571442,4.227568626403809,0.3138384222984314,4.426408290863037,4.636110782623291,5.1240363121032715,5.487064361572266,0.0,0.0,0.0,3.5671306550502777,0.006792143874918111,0.052734375,14.702389180660248,0.000352544,0.005,0.0,0.0,0.0,0.0,0.0,0.0,0.0,0.0,0.0,,0.0,0.0,0.0,0.0,0.0,0.0,0.0,0.0,0.0,0.0,0.0,0.0,0.0,0.0,0.0,0.0,0.0,0.0,0.0,,,,,0.0,,2.1728129386901855,,,,,,,0.0,{},{},0.0,0.0,0.0,0.0,0.0,0.0,0.0,0,0,0.0,0.0,,0.0
145,42404-1785547340678310400,42404,296960,1493,1117,86,290,0.7481580709979906,0.8,0.84,-0.05984538421034813,0.13445569574832916,-10.939423561096191,4.573537349700928,10,6,1,3,0.6,1.1,1.7,0.6,0.7629745602607727,0.001708984375,-0.015429687686264515,0.0017768413526937366,0.0034106443636119366,-0.037109375,-3.7109375,-0.19736328721046448,0.0,0.0,0.0,0.0,-0.05984538421034813,-0.035400390625,-0.014132816257188097,0.3992164151655581,1.0,5.575015097601536,-0.013774704828392714,4.955710619688034,4.208100318908691,0.47827067971229553,4.354504585266113,4.925251007080078,5.510741710662842,5.9992170333862305,0.0,0.0,0.0,3.5807309299707413,0.009846353634202387,0.082275390625,12.16338436305523,0.00035152,0.005,0.0,0.0,0.0,0.0,0.0,0.0,0.0,0.0,0.0,,0.0,0.0,0.0,0.0,0.0,0.0,0.0,0.0,0.0,0.0,0.0,0.0,0.0,0.0,0.0,0.0,0.0,0.0,0.0,,,,,0.0,,2.2266385555267334,,,,,,,0.0,{},{},0.0,0.0,0.0,0.0,0.0,0.0,0.0,0,0,0.0,0.0,,0.0
146,42404-1785547340678310400,42404,299008,1501,1125,86,290,0.7495003331112592,0.82,0.845,-0.05957789719104767,0.13421528041362762,-10.655566215515137,4.129800796508789,8,8,0,0,1.0,1.75,1.75,0.0,0.6743161678314209,0.00390625,-0.01425781287252903,0.001736149308271706,0.0030102538876235485,-0.033935546875,-3.3935546875,-0.20136719942092896,0.0,0.0,0.0,0.0,-0.05957789719104767,-0.030029296875,-0.013071212073555216,0.4352674942896386,1.0,6.705468156345988,-0.012971130578080192,5.4776361882686615,4.806049346923828,0.3351101577281952,5.0943732261657715,5.506481647491455,5.885289192199707,5.9607014656066895,0.0,0.0,0.0,3.6361799091100693,0.009179108863463625,0.07666015625,13.009960412979126,0.00035049600000000005,0.005,0.0,0.0,0.0,0.0,0.0,0.0,0.0,0.0,0.0,,0.0,0.0,0.0,0.0,0.0,0.0,0.0,0.0,0.0,0.0,0.0,0.0,0.0,0.0,0.0,0.0,0.0,0.0,0.0,,,,,0.0,,2.3568243980407715,,,,,,,0.0,{},{},0.0,0.0,0.0,0.0,0.0,0.0,0.0,0,0,0.0,0.0,,0.0
147,42404-1785547340678310400,42404,301056,1513,1135,86,292,0.7501652346331791,0.84,0.84,-0.05598131939768791,0.1361495405435562,-9.931329727172852,4.68743896484375,12,10,0,2,0.8333333333333334,1.75,2.0833333333333335,0.3333333333333333,0.7858046293258667,0.00439453125,-0.01171875,0.0023454546462744474,0.0035595702938735485,-0.029541015625,-2.9541015625,-0.19355469942092896,0.0,0.0,0.0,0.0,-0.05598131939768791,-0.025146484375,-0.010242493764963001,0.4072969531356156,1.0,7.696781774854128,-0.015504113514907658,4.672326102852821,3.9988009929656982,0.30079615116119385,4.209705352783203,4.766589164733887,4.96389627456665,5.0231733322143555,0.0,0.0,0.0,3.4398154616355896,0.0071813857575762086,0.057861328125,12.06746718287468,0.00034947200000000003,0.005,0.0,0.0,0.0,0.0,0.0,0.0,0.0,0.0,0.0,,0.0,0.0,0.0,0.0,0.0,0.0,0.0,0.0,0.0,0.0,0.0,0.0,0.0,0.0,0.0,0.0,0.0,0.0,0.0,,,,,0.0,,2.169405221939087,,,,,,,0.0,{},{},0.0,0.0,0.0,0.0,0.0,0.0,0.0,0,0,0.0,0.0,,0.0
148,42404-1785547340678310400,42404,303104,1524,1145,86,293,0.7513123359580053,0.86,0.855,-0.05082978308200836,0.1353982537984848,-9.672826766967773,4.234330654144287,11,10,0,1,0.9090909090909091,1.5454545454545454,1.9090909090909092,0.36363636363636365,0.7095352411270142,0.004638671875,-0.0064453124068677425,0.0026116184890270233,0.003969726152718067,-0.01953125,-1.953125,-0.18876953423023224,0.0,0.0,0.0,0.0,-0.05082978308200836,-0.014892578125,-0.00479997624643147,0.32228496108496224,1.0,12.674558970712905,-0.012184475868707523,5.013125628232956,4.531850337982178,0.24413473904132843,4.6553192138671875,5.0982232093811035,5.297176837921143,5.358242034912109,0.0,0.0,0.0,3.379042834043503,0.006699426128761843,0.058349609375,16.573986753821373,0.000348448,0.005,0.0,0.0,0.0,0.0,0.0,0.0,0.0,0.0,0.0,,0.0,0.0,0.0,0.0,0.0,0.0,0.0,0.0,0.0,0.0,0.0,0.0,0.0,0.0,0.0,0.0,0.0,0.0,0.0,,,,,0.0,,2.28208327293396,,,,,,,0.0,{},{},0.0,0.0,0.0,0.0,0.0,0.0,0.0,0,0,0.0,0.0,,0.0
149,42404-1785547340678310400,42404,305152,1534,1154,86,294,0.7522816166883963,0.86,0.855,-0.05695423111319542,0.13685913383960724,-9.58555793762207,4.26255464553833,10,9,0,1,0.9,1.8,2.0,0.2,0.637001097202301,0.004150390625,-0.012792968191206455,0.0016624818090349436,0.0032885740511119366,-0.03125,-3.125,-0.19550780951976776,0.0,0.0,0.0,0.0,-0.05695423111319542,-0.027099609375,-0.011555204226169735,0.4263817121702539,1.0,7.2141480958771895,-0.011003019782947376,6.5993332862854,5.956196308135986,0.3785359263420105,6.164266586303711,6.56156063079834,7.138716220855713,7.268436431884766,0.0,0.0,0.0,3.498727425932884,0.008009252502233721,0.0675048828125,18.233516454696655,0.00034742400000000004,0.005,0.0,0.0,0.0,0.0,0.0,0.0,0.0,0.0,0.0,,0.0,0.0,0.0,0.0,0.0,0.0,0.0,0.0,0.0,0.0,0.0,0.0,0.0,0.0,0.0,0.0,0.0,0.0,0.0,,,,,0.0,,2.5681631565093994,,,,,,,0.0,{},{},0.0,0.0,0.0,0.0,0.0,0.0,0.0,0,0,0.0,0.0,,0.0
150,42404-1785547340678310400,42404,307200,1544,1163,86,295,0.7532383419689119,0.9,0.855,-0.05672832205891609,0.13340063393115997,-10.171890258789062,4.451395034790039,10,9,0,1,0.9,1.5,1.9,0.4,0.8206266760826111,0.004150390625,-0.012353514321148396,0.0022127218544483185,0.003630370832979679,-0.031494140625,-3.1494140625,-0.19414062798023224,0.0,0.0,0.0,0.0,-0.05672832205891609,-0.02734375,-0.010892741149291396,0.3983485367133141,1.0,7.099740461340192,-0.017031455936376005,3.471253216266632,3.2571024894714355,0.1321527361869812,3.31327748298645,3.4493823051452637,3.578090190887451,3.833493709564209,0.0,0.0,0.0,3.43015718460083,0.009116230030485895,0.0726318359375,8.691737964749336,0.00034640000000000007,0.005,0.0,0.0,0.0,0.0,0.0,0.0,0.0,0.0,0.0,,0.0,0.0,0.0,0.0,0.0,0.0,0.0,0.0,0.0,0.0,0.0,0.0,0.0,0.0,0.0,0.0,0.0,0.0,0.0,,,,,0.0,,1.8852765560150146,,,,,,,0.0,{},{},0.0,0.0,0.0,0.0,0.0,0.0,0.0,0,0,0.0,0.0,,0.0
151,42404-1785547340678310400,42404,309248,1552,1170,86,296,0.7538659793814433,0.9,0.855,-0.06153734028339386,0.13194631040096283,-10.912343978881836,3.935164213180542,8,7,0,1,0.875,1.375,1.625,0.25,0.7294020056724548,0.003173828125,-0.01542968675494194,0.0011495877988636494,0.0023168944753706455,-0.037353515625,-3.7353515625,-0.20371094346046448,0.0,0.0,0.0,0.0,-0.06153734028339386,-0.0341796875,-0.014563066186383367,0.4260612425184065,1.0,5.959825806911124,-0.011735342020983808,4.2611850798130035,3.9985437393188477,0.15032124519348145,4.06257438659668,4.272069931030273,4.442052841186523,4.5146074295043945,0.0,0.0,0.0,3.6132024377584457,0.009462964968406595,0.08203125,13.776240304112434,0.00034537600000000005,0.005,0.0,0.0,0.0,0.0,0.0,0.0,0.0,0.0,0.0,,0.0,0.0,0.0,0.0,0.0,0.0,0.0,0.0,0.0,0.0,0.0,0.0,0.0,0.0,0.0,0.0,0.0,0.0,0.0,,,,,0.0,,2.047034502029419,,,,,,,0.0,{},{},0.0,0.0,0.0,0.0,0.0,0.0,0.0,0,0,0.0,0.0,,0.0
152,42404-1785547340678310400,42404,311296,1564,1181,86,297,0.7551150895140665,0.9,0.865,-0.05705453082919121,0.13415655493736267,-10.042458534240723,4.650374412536621,12,11,0,1,0.9166666666666666,1.8333333333333333,2.0,0.16666666666666666,0.7244641780853271,0.005126953125,-0.012304686941206455,0.001996417064219713,0.0032153320498764515,-0.030517578125,-3.0517578125,-0.19707031548023224,0.0,0.0,0.0,0.0,-0.05705453082919121,-0.025390625,-0.011001749662682414,0.4332826143534498,1.0,7.761232905740859,-0.005649467348121107,6.087039083242416,5.332413673400879,0.44043993949890137,5.501903533935547,6.063564777374268,6.6489434242248535,6.947846412658691,0.0,0.0,0.0,3.5266357213258743,0.007605920829519164,0.0618896484375,16.623334407806396,0.00034435199999999997,0.005,0.0,0.0,0.0,0.0,0.0,0.0,0.0,0.0,0.0,,0.0,0.0,0.0,0.0,0.0,0.0,0.0,0.0,0.0,0.0,0.0,0.0,0.0,0.0,0.0,0.0,0.0,0.0,0.0,,,,,0.0,,2.441051483154297,,,,,,,0.0,{},{},0.0,0.0,0.0,0.0,0.0,0.0,0.0,0,0,0.0,0.0,,0.0
153,42404-1785547340678310400,42404,313344,1575,1190,86,299,0.7555555555555555,0.88,0.865,-0.059703417122364044,0.1314602494239807,-10.683752059936523,4.682201862335205,11,9,0,2,0.8181818181818182,1.7272727272727273,2.0,0.2727272727272727,0.7962576746940613,0.00390625,-0.015087890438735485,0.00218982994556427,0.0031835935078561306,-0.03759765625,-3.759765625,-0.19755859673023224,0.0,0.0,0.0,0.0,-0.059703417122364044,-0.03369140625,-0.013744534575380385,0.40794161370948046,1.0,5.863594166125556,-0.015906276588793844,4.440889298915863,4.0474748611450195,0.3277580440044403,4.0961737632751465,4.324750900268555,4.918965816497803,5.163265228271484,0.0,0.0,0.0,3.5615396052598953,0.008302045556774829,0.06982421875,12.243253394961357,0.00034332799999999995,0.005,0.0,0.0,0.0,0.0,0.0,0.0,0.0,0.0,0.0,,0.0,0.0,0.0,0.0,0.0,0.0,0.0,0.0,0.0,0.0,0.0,0.0,0.0,0.0,0.0,0.0,0.0,0.0,0.0,,,,,0.0,,2.1134440898895264,,,,,,,0.0,{},{},0.0,0.0,0.0,0.0,0.0,0.0,0.0,0,0,0.0,0.0,,0.0
154,42404-1785547340678310400,42404,315392,1583,1198,86,299,0.7567909033480733,0.9,0.875,-0.05703248083591461,0.13633029162883759,-11.019878387451172,3.05153751373291,8,8,0,0,1.0,1.625,1.75,0.125,0.5225479602813721,0.00390625,-0.012890624813735485,0.0018556684954091907,0.002873535268008709,-0.031494140625,-3.1494140625,-0.19482421875,0.0,0.0,0.0,0.0,-0.05703248083591461,-0.027587890625,-0.01170832387288101,0.4243854539867353,1.0,7.061690931981793,-0.015717377129476517,4.30527275800705,3.890608787536621,0.2193729132413864,3.975264072418213,4.301169395446777,4.57826042175293,4.635046482086182,0.0,0.0,0.0,3.4581064730882645,0.012677841892582364,0.1099853515625,8.090379431843758,0.000342304,0.005,0.0,0.0,0.0,0.0,0.0,0.0,0.0,0.0,0.0,,0.0,0.0,0.0,0.0,0.0,0.0,0.0,0.0,0.0,0.0,0.0,0.0,0.0,0.0,0.0,0.0,0.0,0.0,0.0,,,,,0.0,,2.108548402786255,,,,,,,0.0,{},{},0.0,0.0,0.0,0.0,0.0,0.0,0.0,0,0,0.0,0.0,,0.0
155,42404-1785547340678310400,42404,317440,1595,1209,87,299,0.7579937304075235,0.9,0.875,-0.04977504163980484,0.13514943420886993,-8.514657974243164,4.762543678283691,12,11,1,0,0.9166666666666666,1.75,2.25,0.5,0.6330011487007141,0.0048828125,-0.006103515159338713,0.0031679135281592607,0.004843750037252903,-0.0185546875,-1.85546875,-0.185546875,0.0,0.0,0.0,0.0,-0.04977504163980484,-0.013671875,-0.004100599267985672,0.29990761035888003,1.0,13.57043599096752,-0.00599464905099012,9.185137629508972,8.442835807800293,0.5517606735229492,8.58266830444336,9.15174388885498,9.760963439941406,10.576123237609863,0.0,0.0,0.0,3.3567665815353394,0.012339092791080475,0.1063232421875,25.24956911802292,0.00034128,0.005,0.0,0.0,0.0,0.0,0.0,0.0,0.0,0.0,0.0,,0.0,0.0,0.0,0.0,0.0,0.0,0.0,0.0,0.0,0.0,0.0,0.0,0.0,0.0,0.0,0.0,0.0,0.0,0.0,,,,,0.0,,2.885169506072998,,,,,,,0.0,{},{},0.0,0.0,0.0,0.0,0.0,0.0,0.0,0,0,0.0,0.0,,0.0
156,42404-1785547340678310400,42404,319488,1603,1216,87,300,0.7585776668746101,0.9,0.875,-0.062439169734716415,0.13362546265125275,-10.848567008972168,3.786248207092285,8,7,0,1,0.875,1.625,1.875,0.25,0.6221864223480225,0.003173828125,-0.01669921912252903,0.0010337424464523792,0.0023168944753706455,-0.0390625,-3.90625,-0.20468750596046448,0.0,0.0,0.0,0.0,-0.062439169734716415,-0.035888671875,-0.015861559892073274,0.44195332705513274,1.0,5.703242611784521,-0.011177342326845974,5.565602004528046,4.5955963134765625,0.45312264561653137,4.998650550842285,5.627197265625,5.863711357116699,6.591176509857178,0.0,0.0,0.0,3.6859332025051117,0.004460113457753323,0.0335693359375,17.10764119029045,0.000340256,0.005,0.0,0.0,0.0,0.0,0.0,0.0,0.0,0.0,0.0,,0.0,0.0,0.0,0.0,0.0,0.0,0.0,0.0,0.0,0.0,0.0,0.0,0.0,0.0,0.0,0.0,0.0,0.0,0.0,,,,,0.0,,2.3272757530212402,,,,,,,0.0,{},{},0.0,0.0,0.0,0.0,0.0,0.0,0.0,0,0,0.0,0.0,,0.0
157,42404-1785547340678310400,42404,321536,1613,1225,87,301,0.759454432734036,0.9,0.875,-0.05916630104184151,0.13129299879074097,-9.990204811096191,4.620009422302246,10,9,0,1,0.9,1.4,1.6,0.2,0.7899181246757507,0.004150390625,-0.015185547061264515,0.0019148830324411392,0.003190917894244194,-0.035400390625,-3.5400390625,-0.19775390625,0.0,0.0,0.0,0.0,-0.05916630104184151,-0.03125,-0.013909096829593182,0.445076856087587,1.0,6.327922506479792,-0.018231480615213513,4.431498751044273,3.5122718811035156,0.3727504014968872,3.9275717735290527,4.512477874755859,4.771038055419922,4.9573259353637695,0.0,0.0,0.0,3.465215429663658,0.009072656168427784,0.0748291015625,14.092331618070602,0.00033923199999999997,0.005,0.0,0.0,0.0,0.0,0.0,0.0,0.0,0.0,0.0,,0.0,0.0,0.0,0.0,0.0,0.0,0.0,0.0,0.0,0.0,0.0,0.0,0.0,0.0,0.0,0.0,0.0,0.0,0.0,,,,,0.0,,2.1175670623779297,,,,,,,0.0,{},{},0.0,0.0,0.0,0.0,0.0,0.0,0.0,0,0,0.0,0.0,,0.0
158,42404-1785547340678310400,42404,323584,1624,1235,87,302,0.7604679802955665,0.92,0.87,-0.05655145272612572,0.13570529222488403,-9.974828720092773,4.392592430114746,11,10,0,1,0.9090909090909091,1.4545454545454546,2.090909090909091,0.6363636363636364,0.7284883260726929,0.004638671875,-0.011474609375,0.0016666557639837265,0.003186034969985485,-0.029052734375,-2.9052734375,-0.19677734375,0.0,0.0,0.0,0.0,-0.05655145272612572,-0.0244140625,-0.010261436691507697,0.4202912317553026,1.0,8.059669875921882,-0.022284986422164366,5.205376625061035,4.667840957641602,0.32434338331222534,4.74550724029541,5.175621032714844,5.625714302062988,5.767596244812012,0.0,0.0,0.0,3.437701851129532,0.008949972318077926,0.073974609375,9.366565942764282,0.000338208,0.005,0.0,0.0,0.0,0.0,0.0,0.0,0.0,0.0,0.0,,0.0,0.0,0.0,0.0,0.0,0.0,0.0,0.0,0.0,0.0,0.0,0.0,0.0,0.0,0.0,0.0,0.0,0.0,0.0,,,,,0.0,,2.2888386249542236,,,,,,,0.0,{},{},0.0,0.0,0.0,0.0,0.0,0.0,0.0,0,0,0.0,0.0,,0.0
159,42404-1785547340678310400,42404,325632,1636,1247,87,302,0.7622249388753056,0.94,0.88,-0.04850524291396141,0.13529379665851593,-8.645569801330566,4.815800189971924,12,12,0,0,1.0,2.0,2.3333333333333335,0.3333333333333333,0.7603969573974609,0.005859375,-0.004931640811264515,0.003120768815279007,0.004294433165341616,-0.016357421875,-1.6357421875,-0.18408203125,0.0,0.0,0.0,0.0,-0.04850524291396141,-0.010498046875,-0.0030778403161093593,0.29315425988222,1.0,17.533213580399412,-0.009512146323686466,5.873384743928909,5.304370880126953,0.31071245670318604,5.451019763946533,5.889979839324951,6.223790168762207,6.461744785308838,0.0,0.0,0.0,3.2720402777194977,0.004773546512296889,0.0341796875,22.713308811187744,0.00033718400000000003,0.005,0.0,0.0,0.0,0.0,0.0,0.0,0.0,0.0,0.0,,0.0,0.0,0.0,0.0,0.0,0.0,0.0,0.0,0.0,0.0,0.0,0.0,0.0,0.0,0.0,0.0,0.0,0.0,0.0,,,,,0.0,,2.3572986125946045,,,,,,,0.0,{},{},0.0,0.0,0.0,0.0,0.0,0.0,0.0,0,0,0.0,0.0,,0.0
160,42404-1785547340678310400,42404,327680,1644,1254,87,303,0.7627737226277372,0.92,0.88,-0.059399768710136414,0.132110133767128,-9.825018882751465,4.17298698425293,8,7,0,1,0.875,1.5,1.875,0.375,0.794461727142334,0.003173828125,-0.01430664025247097,0.0012717194622382522,0.0036450193729251623,-0.034912109375,-3.4912109375,-0.19902344048023224,0.0,0.0,0.0,0.0,-0.059399768710136414,-0.03173828125,-0.013077455543680117,0.4120274634032589,1.0,6.270571753424071,-0.01936154195573181,3.5571378767490387,3.224874496459961,0.2255081832408905,3.255693197250366,3.492654323577881,3.877932548522949,4.009377956390381,0.0,0.0,0.0,3.57172329723835,0.00787637461326085,0.0628662109375,10.353985294699669,0.00033616,0.005,0.0,0.0,0.0,0.0,0.0,0.0,0.0,0.0,0.0,,0.0,0.0,0.0,0.0,0.0,0.0,0.0,0.0,0.0,0.0,0.0,0.0,0.0,0.0,0.0,0.0,0.0,0.0,0.0,,,,,0.0,,1.8918793201446533,,,,,,,0.0,{},{},0.0,0.0,0.0,0.0,0.0,0.0,0.0,0,0,0.0,0.0,,0.0
161,42404-1785547340678310400,42404,329728,1659,1268,87,304,0.7643158529234478,0.92,0.885,-0.044487081468105316,0.14038853347301483,-8.434913635253906,5.033029079437256,15,14,0,1,0.9333333333333333,1.8,2.2666666666666666,0.4666666666666667,0.7187781929969788,0.006591796875,-0.0014160156715661287,0.0034451265819370747,0.0047192382626235485,-0.008544921875,-0.8544921875,-0.17910155653953552,0.0,0.0,0.0,0.0,-0.044487081468105316,-0.001953125,0.0006250755395740271,0.31987490031294163,1.0,91.65307057610721,-0.008766720304265618,7.436555743217468,6.382708549499512,0.5839664936065674,6.600872993469238,7.468134880065918,8.110078811645508,8.478483200073242,0.0,0.0,0.0,3.260205715894699,0.008078492035565432,0.0657958984375,22.07274642586708,0.000335136,0.005,0.0,0.0,0.0,0.0,0.0,0.0,0.0,0.0,0.0,,0.0,0.0,0.0,0.0,0.0,0.0,0.0,0.0,0.0,0.0,0.0,0.0,0.0,0.0,0.0,0.0,0.0,0.0,0.0,,,,,0.0,,2.6690330505371094,,,,,,,0.0,{},{},0.0,0.0,0.0,0.0,0.0,0.0,0.0,0,0,0.0,0.0,,0.0
162,42404-1785547340678310400,42404,331776,1669,1277,87,305,0.7651288196524865,0.94,0.895,-0.05603900924324989,0.13505516946315765,-9.203981399536133,5.1119303703308105,10,9,0,1,0.9,2.0,2.5,0.5,0.8127700090408325,0.004150390625,-0.01118163950741291,0.001886888174340129,0.004353026859462261,-0.028564453125,-2.8564453125,-0.19423827528953552,0.0,0.0,0.0,0.0,-0.05603900924324989,-0.0244140625,-0.009621660748962313,0.3940870824705983,1.0,7.95567389145678,-0.016556825139559805,4.753114193677902,4.246633529663086,0.2857134938240051,4.393364429473877,4.738163948059082,5.12109375,5.246678352355957,0.0,0.0,0.0,3.5374751687049866,0.007284284401976038,0.0606689453125,11.027202546596527,0.00033411199999999996,0.005,0.0,0.0,0.0,0.0,0.0,0.0,0.0,0.0,0.0,,0.0,0.0,0.0,0.0,0.0,0.0,0.0,0.0,0.0,0.0,0.0,0.0,0.0,0.0,0.0,0.0,0.0,0.0,0.0,,,,,0.0,,2.2119364738464355,,,,,,,0.0,{},{},0.0,0.0,0.0,0.0,0.0,0.0,0.0,0,0,0.0,0.0,,0.0
163,42404-1785547340678310400,42404,333824,1680,1284,88,308,0.7642857142857142,0.86,0.88,-0.059734851121902466,0.13310809433460236,-10.662144660949707,3.6707916259765625,11,7,1,3,0.6363636363636364,1.2727272727272727,1.5454545454545454,0.2727272727272727,0.6548709869384766,0.002197265625,-0.014892578125,0.0013169453013688326,0.002524414099752903,-0.035888671875,-3.5888671875,-0.19785156846046448,0.0,0.0,0.0,0.0,-0.059734851121902466,-0.03369140625,-0.013932238274719566,0.41351271177669496,1.0,5.872289648664214,-0.012372849247185513,4.688861981034279,3.953726053237915,0.531728982925415,4.223048210144043,4.480910301208496,5.450494289398193,5.868770122528076,0.0,0.0,0.0,3.527922421693802,0.00840859050367726,0.0697021484375,18.18232351541519,0.000333088,0.005,0.0,0.0,0.0,0.0,0.0,0.0,0.0,0.0,0.0,,0.0,0.0,0.0,0.0,0.0,0.0,0.0,0.0,0.0,0.0,0.0,0.0,0.0,0.0,0.0,0.0,0.0,0.0,0.0,,,,,0.0,,2.1565048694610596,,,,,,,0.0,{},{},0.0,0.0,0.0,0.0,0.0,0.0,0.0,0,0,0.0,0.0,,0.0
164,42404-1785547340678310400,42404,335872,1690,1293,88,309,0.7650887573964497,0.86,0.895,-0.05503477156162262,0.13331200182437897,-9.22630786895752,4.433139801025391,10,9,0,1,0.9,1.8,2.1,0.3,0.6301922798156738,0.004150390625,-0.010937499813735485,0.0020857532508671284,0.004719237796962261,-0.028076171875,-2.8076171875,-0.19248047471046448,0.0,0.0,0.0,0.0,-0.05503477156162262,-0.02392578125,-0.009236252051778138,0.3860215026531468,1.0,8.044561978451007,-0.01091105240629986,7.437086343765259,6.4514055252075195,0.699904203414917,6.628147602081299,7.246055603027344,8.542448043823242,8.88416862487793,0.0,0.0,0.0,3.550424799323082,0.010660028230631724,0.0860595703125,16.669231474399567,0.000332064,0.005,0.0,0.0,0.0,0.0,0.0,0.0,0.0,0.0,0.0,,0.0,0.0,0.0,0.0,0.0,0.0,0.0,0.0,0.0,0.0,0.0,0.0,0.0,0.0,0.0,0.0,0.0,0.0,0.0,,,,,0.0,,2.6958730220794678,,,,,,,0.0,{},{},0.0,0.0,0.0,0.0,0.0,0.0,0.0,0,0,0.0,0.0,,0.0
165,42404-1785547340678310400,42404,337920,1704,1303,91,310,0.7646713615023474,0.8,0.88,-0.051875896751880646,0.13707688450813293,-7.776954174041748,5.1921305656433105,14,10,3,1,0.7142857142857143,1.0,2.142857142857143,1.1428571428571428,0.8353948593139648,0.003173828125,-0.008496093563735485,0.0026336880400776863,0.005300292745232582,-0.02294921875,-2.294921875,-0.18642577528953552,0.0,0.0,0.0,0.0,-0.051875896751880646,-0.019775390625,-0.006512598367407918,0.3293117784180053,1.0,9.42668350481854,-0.023649220820516348,4.343369051814079,3.8144869804382324,0.3069164454936981,3.9158735275268555,4.251235008239746,4.736342430114746,4.813775062561035,0.0,0.0,0.0,3.2758960723876953,0.011943562123633455,0.095458984375,8.679784685373306,0.00033104,0.005,0.0,0.0,0.0,0.0,0.0,0.0,0.0,0.0,0.0,,0.0,0.0,0.0,0.0,0.0,0.0,0.0,0.0,0.0,0.0,0.0,0.0,0.0,0.0,0.0,0.0,0.0,0.0,0.0,,,,,0.0,,2.1065285205841064,,,,,,,0.0,{},{},0.0,0.0,0.0,0.0,0.0,0.0,0.0,0,0,0.0,0.0,,0.0
166,42404-1785547340678310400,42404,339968,1714,1313,91,310,0.766044340723454,0.82,0.885,-0.045629702508449554,0.13551032543182373,-7.8688812255859375,4.480471134185791,10,10,0,0,1.0,1.8,2.2,0.4,0.7091525793075562,0.0048828125,-0.0019531247671693563,0.0036116461269557476,0.004631347022950649,-0.010986328125,-1.0986328125,-0.17978516221046448,0.0,0.0,0.0,0.0,-0.045629702508449554,-0.006103515625,0.00010762352030724287,0.01763014904351938,1.0,29.451175695936477,-0.011096296162577346,6.323354482650757,5.896415710449219,0.2240118831396103,6.058706283569336,6.3147149085998535,6.623483657836914,6.728893280029297,0.0,0.0,0.0,3.1581691056489944,0.008622988003480714,0.06982421875,23.90611156821251,0.000330016,0.005,0.0,0.0,0.0,0.0,0.0,0.0,0.0,0.0,0.0,,0.0,0.0,0.0,0.0,0.0,0.0,0.0,0.0,0.0,0.0,0.0,0.0,0.0,0.0,0.0,0.0,0.0,0.0,0.0,,,,,0.0,,2.416330575942993,,,,,,,0.0,{},{},0.0,0.0,0.0,0.0,0.0,0.0,0.0,0,0,0.0,0.0,,0.0
167,42404-1785547340678310400,42404,342016,1727,1326,91,310,0.7678054429646787,0.88,0.89,-0.049084506928920746,0.1375967264175415,-8.77784538269043,4.881283283233643,13,13,0,0,1.0,2.3076923076923075,2.4615384615384617,0.15384615384615385,0.7500019073486328,0.00634765625,-0.005810546688735485,0.0029405485838651657,0.0042529297061264515,-0.018798828125,-1.8798828125,-0.18339844048023224,0.0,0.0,0.0,0.0,-0.049084506928920746,-0.012451171875,-0.004012177116237581,0.32220701388588735,1.0,14.728229125108527,-0.014538161020027474,5.8881222903728485,5.412149429321289,0.3310934603214264,5.496376037597656,5.867405414581299,6.377028465270996,6.404315948486328,0.0,0.0,0.0,3.3331645280122757,0.006483378187112976,0.0556640625,13.4999318420887,0.000328992,0.005,0.0,0.0,0.0,0.0,0.0,0.0,0.0,0.0,0.0,,0.0,0.0,0.0,0.0,0.0,0.0,0.0,0.0,0.0,0.0,0.0,0.0,0.0,0.0,0.0,0.0,0.0,0.0,0.0,,,,,0.0,,2.4406323432922363,,,,,,,0.0,{},{},0.0,0.0,0.0,0.0,0.0,0.0,0.0,0,0,0.0,0.0,,0.0
168,42404-1785547340678310400,42404,344064,1739,1337,91,311,0.7688326624496837,0.9,0.89,-0.059232115745544434,0.1343546211719513,-10.068347930908203,4.756073951721191,12,11,0,1,0.9166666666666666,1.8333333333333333,2.1666666666666665,0.3333333333333333,0.6535181403160095,0.005126953125,-0.014404296875,0.001711635384708643,0.0024609374813735485,-0.033935546875,-3.3935546875,-0.19990235567092896,0.0,0.0,0.0,0.0,-0.059232115745544434,-0.02880859375,-0.013361153658479452,0.46377445563526737,1.0,6.938742607952566,-0.011109924264019355,7.79335880279541,7.006412506103516,0.5905327200889587,7.228799819946289,7.6659746170043945,8.652307510375977,9.06132698059082,0.0,0.0,0.0,3.5154099464416504,0.007292327805771492,0.05859375,18.89120101928711,0.00032796800000000004,0.005,0.0,0.0,0.0,0.0,0.0,0.0,0.0,0.0,0.0,,0.0,0.0,0.0,0.0,0.0,0.0,0.0,0.0,0.0,0.0,0.0,0.0,0.0,0.0,0.0,0.0,0.0,0.0,0.0,,,,,0.0,,2.7995541095733643,,,,,,,0.0,{},{},0.0,0.0,0.0,0.0,0.0,0.0,0.0,0,0,0.0,0.0,,0.0
169,42404-1785547340678310400,42404,346112,1747,1345,91,311,0.7698912421293647,0.94,0.895,-0.06019127368927002,0.1335975080728531,-10.186044692993164,4.686467170715332,8,8,0,0,1.0,1.625,2.125,0.5,0.7526175379753113,0.00390625,-0.01533203013241291,0.0016553684836253524,0.003486327826976776,-0.036865234375,-3.6865234375,-0.19902344048023224,0.0,0.0,0.0,0.0,-0.06019127368927002,-0.032958984375,-0.014046606054762378,0.426171502235804,1.0,6.038335401372053,-0.020445110858418047,5.319772928953171,4.90126371383667,0.24048924446105957,4.990368843078613,5.3340959548950195,5.579031944274902,5.608053207397461,0.0,0.0,0.0,3.458676964044571,0.008104097018076573,0.0677490234375,11.357201904058456,0.000326944,0.005,0.0,0.0,0.0,0.0,0.0,0.0,0.0,0.0,0.0,,0.0,0.0,0.0,0.0,0.0,0.0,0.0,0.0,0.0,0.0,0.0,0.0,0.0,0.0,0.0,0.0,0.0,0.0,0.0,,,,,0.0,,2.3309342861175537,,,,,,,0.0,{},{},0.0,0.0,0.0,0.0,0.0,0.0,0.0,0,0,0.0,0.0,,0.0
170,42404-1785547340678310400,42404,348160,1757,1353,91,313,0.7700626067159931,0.94,0.89,-0.056910138577222824,0.13095936179161072,-10.739381790161133,3.7317819595336914,10,8,0,2,0.8,1.5,1.7,0.2,0.7556387186050415,0.00341796875,-0.011328124441206455,0.0020067929290235043,0.003247070126235485,-0.029541015625,-2.9541015625,-0.19697266817092896,0.0,0.0,0.0,0.0,-0.056910138577222824,-0.026123046875,-0.010014658677391708,0.3833502031791048,1.0,7.539898742082967,-0.017965484177693725,3.3536513298749924,2.9262545108795166,0.2579617500305176,3.079658031463623,3.3539295196533203,3.6558618545532227,3.8939859867095947,0.0,0.0,0.0,3.459500879049301,0.008935453115554992,0.0740966796875,10.781051218509674,0.00032592,0.005,0.0,0.0,0.0,0.0,0.0,0.0,0.0,0.0,0.0,,0.0,0.0,0.0,0.0,0.0,0.0,0.0,0.0,0.0,0.0,0.0,0.0,0.0,0.0,0.0,0.0,0.0,0.0,0.0,,,,,0.0,,1.8447284698486328,,,,,,,0.0,{},{},0.0,0.0,0.0,0.0,0.0,0.0,0.0,0,0,0.0,0.0,,0.0
171,42404-1785547340678310400,42404,350208,1771,1366,91,314,0.7713156408808582,0.92,0.89,-0.052575163543224335,0.13672655820846558,-8.260226249694824,5.075560092926025,14,13,0,1,0.9285714285714286,1.9285714285714286,2.142857142857143,0.21428571428571427,0.721433162689209,0.006103515625,-0.008349609561264515,0.0026884470134973526,0.003916015848517418,-0.023193359375,-2.3193359375,-0.19052734971046448,0.0,0.0,0.0,0.0,-0.052575163543224335,-0.01708984375,-0.006698493845760822,0.3919346489702021,1.0,11.147919464799067,-0.0107899870199617,7.642042875289917,6.916788578033447,0.3645398020744324,7.259390830993652,7.568160057067871,8.101936340332031,8.226835250854492,0.0,0.0,0.0,3.3308642357587814,0.005229529378993902,0.037353515625,20.66893482208252,0.000324896,0.005,0.0,0.0,0.0,0.0,0.0,0.0,0.0,0.0,0.0,,0.0,0.0,0.0,0.0,0.0,0.0,0.0,0.0,0.0,0.0,0.0,0.0,0.0,0.0,0.0,0.0,0.0,0.0,0.0,,,,,0.0,,2.678851842880249,,,,,,,0.0,{},{},0.0,0.0,0.0,0.0,0.0,0.0,0.0,0,0,0.0,0.0,,0.0
172,42404-1785547340678310400,42404,352256,1777,1371,91,315,0.7715250422059651,0.9,0.895,-0.05692179128527641,0.1323968470096588,-9.042757034301758,4.423871040344238,6,5,0,1,0.8333333333333334,1.5,2.0,0.5,0.6495705842971802,0.002197265625,-0.01249999925494194,0.0019508851692080498,0.0042309570126235485,-0.03076171875,-3.076171875,-0.19414062798023224,0.0,0.0,0.0,0.0,-0.05692179128527641,-0.028564453125,-0.01095453870948404,0.3834890579732066,1.0,6.7963433708084136,-0.011825432360637933,6.7930567264556885,5.930336952209473,0.37683671712875366,6.259749412536621,6.838739395141602,7.250204086303711,7.3354291915893555,0.0,0.0,0.0,3.5025759786367416,0.008817659836495295,0.0665283203125,26.014519214630127,0.000323872,0.005,0.0,0.0,0.0,0.0,0.0,0.0,0.0,0.0,0.0,,0.0,0.0,0.0,0.0,0.0,0.0,0.0,0.0,0.0,0.0,0.0,0.0,0.0,0.0,0.0,0.0,0.0,0.0,0.0,,,,,0.0,,2.618802547454834,,,,,,,0.0,{},{},0.0,0.0,0.0,0.0,0.0,0.0,0.0,0,0,0.0,0.0,,0.0
173,42404-1785547340678310400,42404,354304,1791,1384,91,316,0.7727526521496371,0.9,0.895,-0.05145946890115738,0.1349029541015625,-7.333833694458008,4.799233913421631,14,13,0,1,0.9285714285714286,2.0,2.2142857142857144,0.21428571428571427,0.7027270793914795,0.006103515625,-0.007568358443677425,0.0027839234098792076,0.0042309570126235485,-0.021240234375,-2.1240234375,-0.18857422471046448,0.0,0.0,0.0,0.0,-0.05145946890115738,-0.01513671875,-0.005814638338051736,0.3841158918381765,1.0,12.457241928243942,-0.008098187943687662,7.225568741559982,6.641011714935303,0.4169144332408905,6.807422161102295,7.084874629974365,7.84760856628418,8.047700881958008,0.0,0.0,0.0,3.3144793808460236,0.005091293482109904,0.0352783203125,27.851315081119537,0.00032284800000000004,0.005,0.0,0.0,0.0,0.0,0.0,0.0,0.0,0.0,0.0,,0.0,0.0,0.0,0.0,0.0,0.0,0.0,0.0,0.0,0.0,0.0,0.0,0.0,0.0,0.0,0.0,0.0,0.0,0.0,,,,,0.0,,2.6166739463806152,,,,,,,0.0,{},{},0.0,0.0,0.0,0.0,0.0,0.0,0.0,0,0,0.0,0.0,,0.0
174,42404-1785547340678310400,42404,356352,1800,1392,91,317,0.7733333333333333,0.9,0.895,-0.05352461338043213,0.13301639258861542,-7.866273880004883,5.211931228637695,9,8,0,1,0.8888888888888888,2.0,2.5555555555555554,0.5555555555555556,0.7912236452102661,0.003662109375,-0.01030273362994194,0.0027925081085413694,0.0045141601003706455,-0.02685546875,-2.685546875,-0.18681640923023224,0.0,0.0,0.0,0.0,-0.05352461338043213,-0.023193359375,-0.008476066577713937,0.36543654604445985,1.0,8.054389699229718,-0.01553839298139792,5.794060170650482,5.081595420837402,0.436385840177536,5.298738479614258,5.730286121368408,6.381678581237793,6.745124816894531,0.0,0.0,0.0,3.248122736811638,0.004513135056186002,0.0335693359375,18.75462293624878,0.000321824,0.005,0.0,0.0,0.0,0.0,0.0,0.0,0.0,0.0,0.0,,0.0,0.0,0.0,0.0,0.0,0.0,0.0,0.0,0.0,0.0,0.0,0.0,0.0,0.0,0.0,0.0,0.0,0.0,0.0,,,,,0.0,,2.3814384937286377,,,,,,,0.0,{},{},0.0,0.0,0.0,0.0,0.0,0.0,0.0,0,0,0.0,0.0,,0.0
175,42404-1785547340678310400,42404,358400,1813,1403,92,318,0.7738554881412024,0.9,0.89,-0.0543011836707592,0.13432930409908295,-9.272459030151367,4.31011438369751,13,11,1,1,0.8461538461538461,1.7692307692307692,2.3076923076923075,0.5384615384615384,0.631164014339447,0.004638671875,-0.010009765625,0.002169395564123988,0.0036254883743822575,-0.025390625,-2.5390625,-0.19277343153953552,0.0,0.0,0.0,0.0,-0.0543011836707592,-0.020751953125,-0.008561044640373439,0.4125217547983759,1.0,9.288963858705555,-0.01946183410473168,6.733162611722946,6.027275085449219,0.5915369987487793,6.066578388214111,6.645490646362305,7.416825294494629,8.124662399291992,0.0,0.0,0.0,3.3305359482765198,0.005315328642609529,0.0386962890625,13.213451266288757,0.0003208,0.005,0.0,0.0,0.0,0.0,0.0,0.0,0.0,0.0,0.0,,0.0,0.0,0.0,0.0,0.0,0.0,0.0,0.0,0.0,0.0,0.0,0.0,0.0,0.0,0.0,0.0,0.0,0.0,0.0,,,,,0.0,,2.6176130771636963,,,,,,,0.0,{},{},0.0,0.0,0.0,0.0,0.0,0.0,0.0,0,0,0.0,0.0,,0.0
176,42404-1785547340678310400,42404,360448,1825,1414,92,319,0.7747945205479452,0.9,0.89,-0.05270756781101227,0.1371661126613617,-7.738807201385498,4.890433311462402,12,11,0,1,0.9166666666666666,1.9166666666666667,2.0833333333333335,0.16666666666666666,0.7681843042373657,0.005126953125,-0.008544921875,0.003047552891075611,0.004006347618997097,-0.022705078125,-2.2705078125,-0.19052734971046448,0.0,0.0,0.0,0.0,-0.05270756781101227,-0.017578125,-0.006781446747481823,0.38576702466600715,1.0,10.838272650684518,-0.009919736534357071,6.06302285194397,5.354559898376465,0.3175676167011261,5.669985771179199,6.116995334625244,6.39567232131958,6.63397216796875,0.0,0.0,0.0,3.1823716163635254,0.004294165519240778,0.0306396484375,25.17992651462555,0.000319776,0.005,0.0,0.0,0.0,0.0,0.0,0.0,0.0,0.0,0.0,,0.0,0.0,0.0,0.0,0.0,0.0,0.0,0.0,0.0,0.0,0.0,0.0,0.0,0.0,0.0,0.0,0.0,0.0,0.0,,,,,0.0,,2.3546087741851807,,,,,,,0.0,{},{},0.0,0.0,0.0,0.0,0.0,0.0,0.0,0,0,0.0,0.0,,0.0
177,42404-1785547340678310400,42404,362496,1836,1424,93,319,0.775599128540305,0.9,0.885,-0.053681932389736176,0.1323920637369156,-7.559876441955566,4.699337005615234,11,10,1,0,0.9090909090909091,1.9090909090909092,2.272727272727273,0.36363636363636365,0.7816104888916016,0.00439453125,-0.010449218563735485,0.0027455969247967005,0.004201659932732582,-0.02685546875,-2.685546875,-0.1884765625,0.0,0.0,0.0,0.0,-0.053681932389736176,-0.0224609375,-0.008712404349353164,0.3878741248101667,1.0,8.390930768995327,-0.015166152152232826,4.841651946306229,4.500296592712402,0.17238685488700867,4.593221664428711,4.85125732421875,5.012344837188721,5.163108825683594,0.0,0.0,0.0,3.232527196407318,0.00453691731672734,0.03076171875,14.647101283073425,0.00031875200000000005,0.005,0.0,0.0,0.0,0.0,0.0,0.0,0.0,0.0,0.0,,0.0,0.0,0.0,0.0,0.0,0.0,0.0,0.0,0.0,0.0,0.0,0.0,0.0,0.0,0.0,0.0,0.0,0.0,0.0,,,,,0.0,,2.1961019039154053,,,,,,,0.0,{},{},0.0,0.0,0.0,0.0,0.0,0.0,0.0,0,0,0.0,0.0,,0.0
178,42404-1785547340678310400,42404,364544,1848,1434,93,321,0.775974025974026,0.86,0.885,-0.05579221621155739,0.1321619600057602,-8.937178611755371,4.149360656738281,12,10,0,2,0.8333333333333334,1.75,2.1666666666666665,0.4166666666666667,0.7053477764129639,0.00439453125,-0.011474609375,0.0022148448042571545,0.0032275388948619366,-0.029296875,-2.9296875,-0.193359375,0.0,0.0,0.0,0.0,-0.05579221621155739,-0.02490234375,-0.010114013450220227,0.40613074098614677,1.0,7.764394088645224,-0.020562953257467598,5.080273330211639,4.673632621765137,0.19299882650375366,4.8604960441589355,5.0934295654296875,5.304388046264648,5.401951789855957,0.0,0.0,0.0,3.3428831547498703,0.009761718101799488,0.07666015625,15.270558923482895,0.00031772800000000003,0.005,0.0,0.0,0.0,0.0,0.0,0.0,0.0,0.0,0.0,,0.0,0.0,0.0,0.0,0.0,0.0,0.0,0.0,0.0,0.0,0.0,0.0,0.0,0.0,0.0,0.0,0.0,0.0,0.0,,,,,0.0,,2.2523510456085205,,,,,,,0.0,{},{},0.0,0.0,0.0,0.0,0.0,0.0,0.0,0,0,0.0,0.0,,0.0
179,42404-1785547340678310400,42404,366592,1859,1442,93,324,0.7756858526089295,0.86,0.87,-0.053178559988737106,0.1353456825017929,-8.211935997009277,5.0160956382751465,11,8,0,3,0.7272727272727273,1.7272727272727273,2.0,0.2727272727272727,0.7663859724998474,0.003173828125,-0.00917968712747097,0.002570842392742634,0.0036450193729251623,-0.024658203125,-2.4658203125,-0.18779295682907104,0.0,0.0,0.0,0.0,-0.053178559988737106,-0.021484375,-0.007625721686054021,0.354926161914978,1.0,8.7405017054192,-0.025994842580985278,5.793285012245178,5.1327805519104,0.3810558319091797,5.43548583984375,5.740051746368408,6.191741943359375,6.736948013305664,0.0,0.0,0.0,3.2343592941761017,0.013848980983311776,0.1112060546875,10.002972036600113,0.000316704,0.005,0.0,0.0,0.0,0.0,0.0,0.0,0.0,0.0,0.0,,0.0,0.0,0.0,0.0,0.0,0.0,0.0,0.0,0.0,0.0,0.0,0.0,0.0,0.0,0.0,0.0,0.0,0.0,0.0,,,,,0.0,,2.4244613647460938,,,,,,,0.0,{},{},0.0,0.0,0.0,0.0,0.0,0.0,0.0,0,0,0.0,0.0,,0.0
180,42404-1785547340678310400,42404,368640,1868,1450,93,325,0.7762312633832976,0.84,0.87,-0.05462339520454407,0.1355731040239334,-8.20100212097168,4.016739368438721,9,8,0,1,0.8888888888888888,1.8888888888888888,2.0,0.1111111111111111,0.6798958778381348,0.003662109375,-0.009130858816206455,0.001761367660947144,0.0031152344308793545,-0.02392578125,-2.392578125,-0.19511719048023224,0.0,0.0,0.0,0.0,-0.05462339520454407,-0.020263671875,-0.00791170829324983,0.39041877125137664,1.0,9.628440651977359,-0.01409557374427095,5.4265797436237335,4.7137250900268555,0.35045212507247925,5.026943206787109,5.436233997344971,5.8506178855896,6.087686538696289,0.0,0.0,0.0,3.3813083171844482,0.010037618536443915,0.08056640625,23.223675966262817,0.00031568,0.005,0.0,0.0,0.0,0.0,0.0,0.0,0.0,0.0,0.0,,0.0,0.0,0.0,0.0,0.0,0.0,0.0,0.0,0.0,0.0,0.0,0.0,0.0,0.0,0.0,0.0,0.0,0.0,0.0,,,,,0.0,,2.27258038520813,,,,,,,0.0,{},{},0.0,0.0,0.0,0.0,0.0,0.0,0.0,0,0,0.0,0.0,,0.0
181,42404-1785547340678310400,42404,370688,1880,1461,93,326,0.777127659574468,0.86,0.885,-0.05260776728391647,0.13523024320602417,-7.442097187042236,4.895490646362305,12,11,0,1,0.9166666666666666,2.0,2.1666666666666665,0.16666666666666666,0.7868258357048035,0.005126953125,-0.00888671912252903,0.00267180148512125,0.004765625111758709,-0.024169921875,-2.4169921875,-0.18876953423023224,0.0,0.0,0.0,0.0,-0.05260776728391647,-0.01904296875,-0.00702736247330904,0.3690072466280979,1.0,9.912300146482451,-0.016751407893995443,5.115652211507162,4.5329389572143555,0.3261793553829193,4.749216079711914,5.284520149230957,5.462880611419678,5.622056007385254,0.0,0.0,0.0,3.3297332763671874,0.015047563946185012,0.1046875,9.76350146929423,0.000314656,0.005,0.0,0.0,0.0,0.0,0.0,0.0,0.0,0.0,0.0,,0.0,0.0,0.0,0.0,0.0,0.0,0.0,0.0,0.0,0.0,0.0,0.0,0.0,0.0,0.0,0.0,0.0,0.0,0.0,,,,,0.0,,2.260286331176758,,,,,,,0.0,{},{},0.0,0.0,0.0,0.0,0.0,0.0,0.0,0,0,0.0,0.0,,0.0
182,42404-1785547340678310400,42404,372736,1889,1469,93,327,0.7776601376389625,0.84,0.885,-0.05711188167333603,0.13519354164600372,-8.447729110717773,4.3652777671813965,9,8,0,1,0.8888888888888888,1.7777777777777777,2.2222222222222223,0.4444444444444444,0.699059247970581,0.003662109375,-0.01157226599752903,0.0012883861782029271,0.002587890485301614,-0.029296875,-2.9296875,-0.19746093451976776,0.0,0.0,0.0,0.0,-0.05711188167333603,-0.025634765625,-0.010603196831652895,0.41360952455083516,1.0,7.702556553536433,-0.012575763394124806,5.71156445145607,4.941781044006348,0.3965807557106018,5.269442558288574,5.697999477386475,6.157649993896484,6.59749698638916,0.0,0.0,0.0,3.5052327662706375,0.013144580268999562,0.10546875,13.270788311958313,0.00031363200000000005,0.005,0.0,0.0,0.0,0.0,0.0,0.0,0.0,0.0,0.0,,0.0,0.0,0.0,0.0,0.0,0.0,0.0,0.0,0.0,0.0,0.0,0.0,0.0,0.0,0.0,0.0,0.0,0.0,0.0,,,,,0.0,,2.394706964492798,,,,,,,0.0,{},{},0.0,0.0,0.0,0.0,0.0,0.0,0.0,0,0,0.0,0.0,,0.0
183,42404-1785547340678310400,42404,374784,1898,1474,95,329,0.7766069546891464,0.8,0.88,-0.061674147844314575,0.1339028775691986,-9.395889282226562,3.6536362171173096,9,5,2,2,0.5555555555555556,0.8888888888888888,1.4444444444444444,0.5555555555555556,0.7066208124160767,0.0009765625,-0.016357421875,0.0010716578690335155,0.002685546875,-0.03759765625,-3.759765625,-0.20156250894069672,0.0,0.0,0.0,0.0,-0.061674147844314575,-0.03662109375,-0.015418120688991621,0.4210059860106065,1.0,5.503849952344593,-0.016685903014149517,3.8954033255577087,3.5895209312438965,0.17613844573497772,3.719599723815918,3.893972396850586,4.094428062438965,4.281046390533447,0.0,0.0,0.0,3.4258745908737183,0.015071353933308274,0.1329345703125,15.686534643173218,0.000312608,0.005,0.0,0.0,0.0,0.0,0.0,0.0,0.0,0.0,0.0,,0.0,0.0,0.0,0.0,0.0,0.0,0.0,0.0,0.0,0.0,0.0,0.0,0.0,0.0,0.0,0.0,0.0,0.0,0.0,,,,,0.0,,1.9789735078811646,,,,,,,0.0,{},{},0.0,0.0,0.0,0.0,0.0,0.0,0.0,0,0,0.0,0.0,,0.0
184,42404-1785547340678310400,42404,376832,1905,1479,95,331,0.7763779527559055,0.78,0.875,-0.06234521046280861,0.1289784163236618,-9.547168731689453,4.340938568115234,7,5,0,2,0.7142857142857143,1.4285714285714286,1.7142857142857142,0.2857142857142857,0.7535877227783203,0.001953125,-0.01806640438735485,0.0011367325205355883,0.00299072265625,-0.041015625,-4.1015625,-0.20029297471046448,0.0,0.0,0.0,0.0,-0.06234521046280861,-0.0390625,-0.017034540593158454,0.43607307571411813,1.0,5.127368891944257,-0.010582017712295055,4.707049459218979,4.233536243438721,0.32582974433898926,4.296423435211182,4.665718078613281,5.069711685180664,5.4305620193481445,0.0,0.0,0.0,3.562852457165718,0.00819567171856761,0.0621337890625,17.63260045647621,0.000311584,0.005,0.0,0.0,0.0,0.0,0.0,0.0,0.0,0.0,0.0,,0.0,0.0,0.0,0.0,0.0,0.0,0.0,0.0,0.0,0.0,0.0,0.0,0.0,0.0,0.0,0.0,0.0,0.0,0.0,,,,,0.0,,2.154838800430298,,,,,,,0.0,{},{},0.0,0.0,0.0,0.0,0.0,0.0,0.0,0,0,0.0,0.0,,0.0
185,42404-1785547340678310400,42404,378880,1919,1490,95,334,0.7764460656591975,0.78,0.86,-0.053853072226047516,0.1338803768157959,-9.034820556640625,4.108825206756592,14,11,0,3,0.7857142857142857,1.0714285714285714,1.6428571428571428,0.5714285714285714,0.786954402923584,0.004638671875,-0.010839843191206455,0.002518350724130869,0.004221191164106131,-0.027099609375,-2.7099609375,-0.18876951932907104,0.0,0.0,0.0,0.0,-0.053853072226047516,-0.0224609375,-0.009154957719147205,0.40757649330772133,1.0,8.403973135846854,-0.02041100524365902,3.577663550010094,3.220386028289795,0.2566629648208618,3.279217481613159,3.528566837310791,3.9138922691345215,4.052050590515137,0.0,0.0,0.0,3.1962821116814246,0.01686312631668093,0.13055889423076922,5.474089842576247,0.00031056000000000004,0.005,0.0,0.0,0.0,0.0,0.0,0.0,0.0,0.0,0.0,,0.0,0.0,0.0,0.0,0.0,0.0,0.0,0.0,0.0,0.0,0.0,0.0,0.0,0.0,0.0,0.0,0.0,0.0,0.0,,,,,0.0,,1.8965047597885132,,,,,,,0.0,{},{},0.0,0.0,0.0,0.0,0.0,0.0,0.0,0,0,0.0,0.0,,0.0
186,42404-1785547340678310400,42404,380928,1927,1498,95,334,0.7773741567202906,0.8,0.86,-0.06285282969474792,0.13241437077522278,-9.940635681152344,3.7166736125946045,8,8,0,0,1.0,1.375,2.0,0.625,0.7545658946037292,0.00390625,-0.01816406100988388,0.0010520357172936201,0.002993163885548711,-0.04296875,-4.296875,-0.20205077528953552,0.0,0.0,0.0,0.0,-0.06285282969474792,-0.0390625,-0.017152761109173298,0.43909944344908414,1.0,5.172367434805778,-0.01164752256590873,3.3844259828329086,3.0780420303344727,0.1764375865459442,3.1331849098205566,3.421339273452759,3.5917444229125977,3.658318042755127,0.0,0.0,0.0,3.399121403694153,0.011375442212738562,0.0916748046875,11.824219316244125,0.00030953600000000007,0.005,0.0,0.0,0.0,0.0,0.0,0.0,0.0,0.0,0.0,,0.0,0.0,0.0,0.0,0.0,0.0,0.0,0.0,0.0,0.0,0.0,0.0,0.0,0.0,0.0,0.0,0.0,0.0,0.0,,,,,0.0,,1.841288685798645,,,,,,,0.0,{},{},0.0,0.0,0.0,0.0,0.0,0.0,0.0,0,0,0.0,0.0,,0.0
187,42404-1785547340678310400,42404,382976,1938,1507,95,336,0.7776057791537667,0.78,0.855,-0.0595703087747097,0.13584809005260468,-9.519499778747559,3.8095433712005615,11,9,0,2,0.8181818181818182,1.6363636363636365,1.9090909090909092,0.2727272727272727,0.6489065885543823,0.00390625,-0.013916015625,0.0017742495983839035,0.0027368164155632257,-0.03369140625,-3.369140625,-0.20156250894069672,0.0,0.0,0.0,0.0,-0.0595703087747097,-0.02978515625,-0.012788249121513218,0.42933532659197066,1.0,6.76698622168467,-0.0172298877643278,5.0939055956327,4.423060417175293,0.4054471552371979,4.511670112609863,5.0291242599487305,5.603503227233887,5.6789231300354,0.0,0.0,0.0,3.396558321439303,0.016057519869019207,0.1328125,6.187910428413978,0.000308512,0.005,0.0,0.0,0.0,0.0,0.0,0.0,0.0,0.0,0.0,,0.0,0.0,0.0,0.0,0.0,0.0,0.0,0.0,0.0,0.0,0.0,0.0,0.0,0.0,0.0,0.0,0.0,0.0,0.0,,,,,0.0,,2.2572736740112305,,,,,,,0.0,{},{},0.0,0.0,0.0,0.0,0.0,0.0,0.0,0,0,0.0,0.0,,0.0
188,42404-1785547340678310400,42404,385024,1949,1515,95,339,0.7773217034376604,0.8,0.845,-0.0564555749297142,0.13079191744327545,-8.789438247680664,4.102975368499756,11,8,0,3,0.7272727272727273,1.6363636363636365,1.7272727272727273,0.09090909090909091,0.7212091684341431,0.003173828125,-0.01259765587747097,0.002852261997759342,0.003603515215218067,-0.032470703125,-3.2470703125,-0.19111329317092896,0.0,0.0,0.0,0.0,-0.0564555749297142,-0.029296875,-0.010983711574226618,0.37489789188555883,1.0,6.52311108470935,-0.016979262290988117,4.629500448703766,4.334843635559082,0.17694081366062164,4.436704635620117,4.604196548461914,4.874636173248291,4.988579750061035,0.0,0.0,0.0,3.3565454334020615,0.01109975462895818,0.0919189453125,8.585238218307495,0.00030748799999999997,0.005,0.0,0.0,0.0,0.0,0.0,0.0,0.0,0.0,0.0,,0.0,0.0,0.0,0.0,0.0,0.0,0.0,0.0,0.0,0.0,0.0,0.0,0.0,0.0,0.0,0.0,0.0,0.0,0.0,,,,,0.0,,2.1663973331451416,,,,,,,0.0,{},{},0.0,0.0,0.0,0.0,0.0,0.0,0.0,0,0,0.0,0.0,,0.0
189,42404-1785547340678310400,42404,387072,1961,1525,96,340,0.77766445690974,0.82,0.845,-0.049284644424915314,0.13630814850330353,-7.5332136154174805,4.853980541229248,12,10,1,1,0.8333333333333334,2.0833333333333335,2.5,0.4166666666666667,0.7590237259864807,0.004150390625,-0.0054687499068677425,0.002263155998662114,0.003974609076976776,-0.016357421875,-1.6357421875,-0.18476563692092896,0.0,0.0,0.0,0.0,-0.049284644424915314,-0.01220703125,-0.00390930863795802,0.32022433084433827,1.0,15.134761136930164,-0.013056583353318274,5.952620893716812,5.223356246948242,0.3053104877471924,5.584188461303711,6.003419876098633,6.26715087890625,6.457277774810791,0.0,0.0,0.0,3.302422359585762,0.007688038327614777,0.064208984375,16.612516283988953,0.00030646399999999994,0.005,0.0,0.0,0.0,0.0,0.0,0.0,0.0,0.0,0.0,,0.0,0.0,0.0,0.0,0.0,0.0,0.0,0.0,0.0,0.0,0.0,0.0,0.0,0.0,0.0,0.0,0.0,0.0,0.0,,,,,0.0,,2.382786750793457,,,,,,,0.0,{},{},0.0,0.0,0.0,0.0,0.0,0.0,0.0,0,0,0.0,0.0,,0.0
190,42404-1785547340678310400,42404,389120,1974,1535,96,343,0.7776089159067883,0.8,0.835,-0.04995869845151901,0.13796387612819672,-8.677644729614258,5.054492473602295,13,10,0,3,0.7692307692307693,1.6153846153846154,1.9230769230769231,0.3076923076923077,0.834654688835144,0.004150390625,-0.00541992112994194,0.0028771350625902414,0.003803710686042905,-0.017822265625,-1.7822265625,-0.18603515625,0.0,0.0,0.0,0.0,-0.04995869845151901,-0.013671875,-0.0037497096927836537,0.27424442136592736,1.0,13.60614766462796,-0.013686009624507278,4.214343652129173,3.49802827835083,0.3466377854347229,3.8032846450805664,4.228057861328125,4.54508638381958,4.947517395019531,0.0,0.0,0.0,3.23799329996109,0.00643878492701333,0.0484619140625,15.30155685544014,0.00030544,0.005,0.0,0.0,0.0,0.0,0.0,0.0,0.0,0.0,0.0,,0.0,0.0,0.0,0.0,0.0,0.0,0.0,0.0,0.0,0.0,0.0,0.0,0.0,0.0,0.0,0.0,0.0,0.0,0.0,,,,,0.0,,2.0552916526794434,,,,,,,0.0,{},{},0.0,0.0,0.0,0.0,0.0,0.0,0.0,0,0,0.0,0.0,,0.0
191,42404-1785547340678310400,42404,391168,1983,1542,97,344,0.7776096822995462,0.78,0.83,-0.056075651198625565,0.13326096534729004,-8.66878890991211,4.44515323638916,9,7,1,1,0.7777777777777778,1.4444444444444444,2.111111111111111,0.6666666666666666,0.7525390982627869,0.002685546875,-0.01249999925494194,0.0012175950687378645,0.004106445237994194,-0.0302734375,-3.02734375,-0.1904296875,0.0,0.0,0.0,0.0,-0.056075651198625565,-0.027587890625,-0.011168989178258926,0.40483647313234167,1.0,6.902404670358143,-0.027503930556122214,4.786157608032227,4.445948600769043,0.20253397524356842,4.586180210113525,4.735459327697754,5.0791144371032715,5.194564342498779,0.0,0.0,0.0,3.29849511384964,0.013455255037115421,0.109619140625,6.1466938853263855,0.000304416,0.005,0.0,0.0,0.0,0.0,0.0,0.0,0.0,0.0,0.0,,0.0,0.0,0.0,0.0,0.0,0.0,0.0,0.0,0.0,0.0,0.0,0.0,0.0,0.0,0.0,0.0,0.0,0.0,0.0,,,,,0.0,,2.21126127243042,,,,,,,0.0,{},{},0.0,0.0,0.0,0.0,0.0,0.0,0.0,0,0,0.0,0.0,,0.0
192,42404-1785547340678310400,42404,393216,1994,1550,97,347,0.7773319959879639,0.78,0.815,-0.055095672607421875,0.13415075838565826,-8.891437530517578,4.024698257446289,11,8,0,3,0.7272727272727273,1.5454545454545454,1.7272727272727273,0.18181818181818182,0.6633120775222778,0.003173828125,-0.01132812537252903,0.0024929996579885483,0.002819824032485485,-0.029296875,-2.9296875,-0.19013673067092896,0.0,0.0,0.0,0.0,-0.055095672607421875,-0.026123046875,-0.009999919449910522,0.38278600163897925,1.0,7.278226516002948,-0.01524825444953008,5.411257266998291,4.8479814529418945,0.3657451570034027,5.16975212097168,5.374455451965332,5.784609794616699,6.316127777099609,0.0,0.0,0.0,3.264011274684559,0.013756938829002056,0.10333806818181818,8.741867325522684,0.000303392,0.005,0.0,0.0,0.0,0.0,0.0,0.0,0.0,0.0,0.0,,0.0,0.0,0.0,0.0,0.0,0.0,0.0,0.0,0.0,0.0,0.0,0.0,0.0,0.0,0.0,0.0,0.0,0.0,0.0,,,,,0.0,,2.3353235721588135,,,,,,,0.0,{},{},0.0,0.0,0.0,0.0,0.0,0.0,0.0,0,0,0.0,0.0,,0.0
193,42404-1785547340678310400,42404,395264,2004,1558,97,349,0.7774451097804391,0.78,0.81,-0.0540362112224102,0.13246335089206696,-8.591302871704102,4.511600494384766,10,8,0,2,0.8,1.7,2.1,0.4,0.8086569309234619,0.00341796875,-0.00961914099752903,0.0022713695652782917,0.0037670896854251623,-0.026123046875,-2.6123046875,-0.19023437798023224,0.0,0.0,0.0,0.0,-0.0540362112224102,-0.022705078125,-0.008109526184853166,0.3571522188996769,1.0,8.37812575703151,-0.018460926308762282,3.931954503059387,3.474030017852783,0.21189068257808685,3.6927671432495117,3.9380271434783936,4.198861122131348,4.247844696044922,0.0,0.0,0.0,3.2062907069921494,0.009039989789016545,0.0723876953125,13.516458943486214,0.00030236799999999996,0.005,0.0,0.0,0.0,0.0,0.0,0.0,0.0,0.0,0.0,,0.0,0.0,0.0,0.0,0.0,0.0,0.0,0.0,0.0,0.0,0.0,0.0,0.0,0.0,0.0,0.0,0.0,0.0,0.0,,,,,0.0,,1.9734991788864136,,,,,,,0.0,{},{},0.0,0.0,0.0,0.0,0.0,0.0,0.0,0,0,0.0,0.0,,0.0
194,42404-1785547340678310400,42404,397312,2018,1571,97,350,0.7784935579781962,0.78,0.815,-0.049811702221632004,0.1347837895154953,-7.753914833068848,5.051999092102051,14,13,0,1,0.9285714285714286,2.0,2.2857142857142856,0.2857142857142857,0.8264743089675903,0.006103515625,-0.007177733816206455,0.0028817930724471807,0.003583984449505806,-0.02001953125,-2.001953125,-0.18378905951976776,0.0,0.0,0.0,0.0,-0.049811702221632004,-0.013916015625,-0.0055612894357182086,0.399603592147164,1.0,13.206068346263553,-0.0195075047085993,4.462956368923187,4.005112171173096,0.2734309434890747,4.201739311218262,4.412044048309326,4.787592887878418,5.098249435424805,0.0,0.0,0.0,3.068278655409813,0.007531925853982102,0.0584716796875,11.721973106265068,0.000301344,0.005,0.0,0.0,0.0,0.0,0.0,0.0,0.0,0.0,0.0,,0.0,0.0,0.0,0.0,0.0,0.0,0.0,0.0,0.0,0.0,0.0,0.0,0.0,0.0,0.0,0.0,0.0,0.0,0.0,,,,,0.0,,2.1044816970825195,,,,,,,0.0,{},{},0.0,0.0,0.0,0.0,0.0,0.0,0.0,0,0,0.0,0.0,,0.0
195,42404-1785547340678310400,42404,399360,2027,1578,97,352,0.7784903798717316,0.8,0.81,-0.05038301646709442,0.13395512104034424,-7.587776184082031,5.156686782836914,9,7,0,2,0.7777777777777778,1.6666666666666667,1.8888888888888888,0.2222222222222222,0.8134102821350098,0.0029296875,-0.00771484337747097,0.002919016405940056,0.004301757551729679,-0.02099609375,-2.099609375,-0.18193358182907104,0.0,0.0,0.0,0.0,-0.05038301646709442,-0.01806640625,-0.005909649888053536,0.327089002498825,1.0,10.069712238250636,-0.016369384014979005,4.938446551561356,4.473527431488037,0.29018375277519226,4.614906311035156,4.872200965881348,5.274480819702148,5.558839797973633,0.0,0.0,0.0,2.900044873356819,0.011573537718504667,0.098388671875,16.295506864786148,0.00030032,0.005,0.0,0.0,0.0,0.0,0.0,0.0,0.0,0.0,0.0,,0.0,0.0,0.0,0.0,0.0,0.0,0.0,0.0,0.0,0.0,0.0,0.0,0.0,0.0,0.0,0.0,0.0,0.0,0.0,,,,,0.0,,2.2274842262268066,,,,,,,0.0,{},{},0.0,0.0,0.0,0.0,0.0,0.0,0.0,0,0,0.0,0.0,,0.0
196,42404-1785547340678310400,42404,401408,2040,1589,97,354,0.778921568627451,0.82,0.81,-0.05077504366636276,0.1333642452955246,-7.80325174331665,4.767167568206787,13,11,0,2,0.8461538461538461,1.8461538461538463,2.230769230769231,0.38461538461538464,0.7706561088562012,0.0048828125,-0.008251952938735485,0.0032575498335063457,0.004245605319738388,-0.0224609375,-2.24609375,-0.18281249701976776,0.0,0.0,0.0,0.0,-0.05077504366636276,-0.017578125,-0.006376164150424302,0.36271225959337006,1.0,10.399408219679179,-0.02586551392450929,5.185568205515543,4.64958381652832,0.3025294840335846,4.832207202911377,5.236762046813965,5.561838626861572,5.700160980224609,0.0,0.0,0.0,2.969661315282186,0.012160449801012874,0.09010416666666667,8.376932922999064,0.000299296,0.005,0.0,0.0,0.0,0.0,0.0,0.0,0.0,0.0,0.0,,0.0,0.0,0.0,0.0,0.0,0.0,0.0,0.0,0.0,0.0,0.0,0.0,0.0,0.0,0.0,0.0,0.0,0.0,0.0,,,,,0.0,,2.282989978790283,,,,,,,0.0,{},{},0.0,0.0,0.0,0.0,0.0,0.0,0.0,0,0,0.0,0.0,,0.0
197,42404-1785547340678310400,42404,403456,2052,1600,97,355,0.7797270955165692,0.86,0.81,-0.05259363725781441,0.13616083562374115,-8.016368865966797,5.315097332000732,12,11,0,1,0.9166666666666666,2.0,2.1666666666666665,0.16666666666666666,0.8131149411201477,0.005126953125,-0.01108398474752903,0.002378059085458517,0.004692382644861937,-0.02734375,-2.734375,-0.18437500298023224,0.0,0.0,0.0,0.0,-0.05259363725781441,-0.022216796875,-0.009316374314948916,0.419320347888855,1.0,8.298527708104823,-0.018359508365392685,5.137959122657776,4.468777179718018,0.3129761517047882,4.826269149780273,5.117724418640137,5.610729694366455,5.657742500305176,0.0,0.0,0.0,2.9219496995210648,0.008802373144135345,0.0716552734375,10.335887908935547,0.000298272,0.005,0.0,0.0,0.0,0.0,0.0,0.0,0.0,0.0,0.0,,0.0,0.0,0.0,0.0,0.0,0.0,0.0,0.0,0.0,0.0,0.0,0.0,0.0,0.0,0.0,0.0,0.0,0.0,0.0,,,,,0.0,,2.297727346420288,,,,,,,0.0,{},{},0.0,0.0,0.0,0.0,0.0,0.0,0.0,0,0,0.0,0.0,,0.0
198,42404-1785547340678310400,42404,405504,2063,1608,99,356,0.7794474066892875,0.82,0.81,-0.05259968340396881,0.13892406225204468,-8.20178508758545,3.826064348220825,11,8,2,1,0.7272727272727273,1.1818181818181819,2.090909090909091,0.9090909090909091,0.6482968330383301,0.002685546875,-0.0069335936568677425,0.0019915993325412273,0.004018554463982582,-0.019287109375,-1.9287109375,-0.19326172769069672,0.0,0.0,0.0,0.0,-0.05259968340396881,-0.0166015625,-0.00543105520773679,0.3271215035472259,1.0,11.64047584164774,-0.017939670477062464,4.9569288194179535,4.332089424133301,0.3593361973762512,4.574273586273193,4.934887886047363,5.48846435546875,5.565115928649902,0.0,0.0,0.0,3.084974080324173,0.0076778422080678865,0.063232421875,13.654336720705032,0.000297248,0.005,0.0,0.0,0.0,0.0,0.0,0.0,0.0,0.0,0.0,,0.0,0.0,0.0,0.0,0.0,0.0,0.0,0.0,0.0,0.0,0.0,0.0,0.0,0.0,0.0,0.0,0.0,0.0,0.0,,,,,0.0,,2.269031047821045,,,,,,,0.0,{},{},0.0,0.0,0.0,0.0,0.0,0.0,0.0,0,0,0.0,0.0,,0.0
199,42404-1785547340678310400,42404,407552,2073,1617,100,356,0.7800289435600579,0.84,0.81,-0.05358531326055527,0.1366581916809082,-7.5311384201049805,4.700221538543701,10,9,1,0,0.9,1.9,2.5,0.6,0.6971976161003113,0.00390625,-0.00869140587747097,0.0017863786779344082,0.004511718638241291,-0.0234375,-2.34375,-0.19208985567092896,0.0,0.0,0.0,0.0,-0.05358531326055527,-0.01953125,-0.007116881548427045,0.3643656797566612,1.0,9.834497084100857,-0.01553021016297862,6.889653861522675,6.37830114364624,0.30501803755760193,6.518483638763428,6.888124465942383,7.21513557434082,7.444980621337891,0.0,0.0,0.0,3.0008476823568344,0.00839701117365621,0.068359375,19.897359400987625,0.000296224,0.005,0.0,0.0,0.0,0.0,0.0,0.0,0.0,0.0,0.0,,0.0,0.0,0.0,0.0,0.0,0.0,0.0,0.0,0.0,0.0,0.0,0.0,0.0,0.0,0.0,0.0,0.0,0.0,0.0,,,,,0.0,,2.586413621902466,,,,,,,0.0,{},{},0.0,0.0,0.0,0.0,0.0,0.0,0.0,0,0,0.0,0.0,,0.0
200,42404-1785547340678310400,42404,409600,2085,1628,100,357,0.7808153477218226,0.86,0.815,-0.04729381576180458,0.13618837296962738,-7.55441951751709,4.667695999145508,12,11,0,1,0.9166666666666666,1.6666666666666667,2.0833333333333335,0.4166666666666667,0.7034261226654053,0.005126953125,-0.0045410157181322575,0.0027621076442301273,0.004877929575741291,-0.014892578125,-1.4892578125,-0.18037110567092896,0.0,0.0,0.0,0.0,-0.04729381576180458,-0.009765625,-0.002631006413139403,0.2693874714284006,1.0,18.468110086230297,-0.01625956397037953,6.494511604309082,5.8622612953186035,0.32970112562179565,5.9682488441467285,6.567004203796387,6.8324480056762695,7.098563194274902,0.0,0.0,0.0,2.848541632294655,0.007564884355815593,0.059814453125,17.499896109104156,0.0002952,0.005,0.0,0.0,0.0,0.0,0.0,0.0,0.0,0.0,0.0,,0.0,0.0,0.0,0.0,0.0,0.0,0.0,0.0,0.0,0.0,0.0,0.0,0.0,0.0,0.0,0.0,0.0,0.0,0.0,,,,,0.0,,2.541961669921875,,,,,,,0.0,{},{},0.0,0.0,0.0,0.0,0.0,0.0,0.0,0,0,0.0,0.0,,0.0
201,42404-1785547340678310400,42404,411648,2096,1639,100,357,0.7819656488549618,0.88,0.835,-0.051152441650629044,0.1364244818687439,-8.1353759765625,4.173712253570557,11,11,0,0,1.0,2.090909090909091,2.4545454545454546,0.36363636363636365,0.621019721031189,0.00537109375,-0.0069824219681322575,0.0024763918481767178,0.003212890587747097,-0.02099609375,-2.099609375,-0.18681640923023224,0.0,0.0,0.0,0.0,-0.051152441650629044,-0.015625,-0.005560101359151304,0.35582371426797027,1.0,11.955485039692322,-0.02939158567460254,6.490149766206741,5.5683979988098145,0.39333781599998474,5.988262176513672,6.598276138305664,6.892850875854492,7.159467697143555,0.0,0.0,0.0,2.962415635585785,0.013823603418131825,0.107177734375,6.646933749318123,0.000294176,0.005,0.0,0.0,0.0,0.0,0.0,0.0,0.0,0.0,0.0,,0.0,0.0,0.0,0.0,0.0,0.0,0.0,0.0,0.0,0.0,0.0,0.0,0.0,0.0,0.0,0.0,0.0,0.0,0.0,,,,,0.0,,2.56939435005188,,,,,,,0.0,{},{},0.0,0.0,0.0,0.0,0.0,0.0,0.0,0,0,0.0,0.0,,0.0
202,42404-1785547340678310400,42404,413696,2104,1646,100,358,0.782319391634981,0.88,0.84,-0.05666927248239517,0.13245782256126404,-8.272289276123047,3.753282308578491,8,7,0,1,0.875,1.75,1.75,0.0,0.6470210552215576,0.003173828125,-0.01240234263241291,0.0012630224227905273,0.002780761569738388,-0.0302734375,-3.02734375,-0.19345703721046448,0.0,0.0,0.0,0.0,-0.05666927248239517,-0.027099609375,-0.011391396634280682,0.4203372874998565,1.0,7.13847554250667,-0.024581640493124723,4.89778999487559,4.373244285583496,0.27789148688316345,4.537685394287109,4.930891513824463,5.268091678619385,5.3439741134643555,0.0,0.0,0.0,3.0598719914754233,0.012225974050428098,0.10107421875,6.0079542597134905,0.000293152,0.005,0.0,0.0,0.0,0.0,0.0,0.0,0.0,0.0,0.0,,0.0,0.0,0.0,0.0,0.0,0.0,0.0,0.0,0.0,0.0,0.0,0.0,0.0,0.0,0.0,0.0,0.0,0.0,0.0,,,,,0.0,,2.2299013137817383,,,,,,,0.0,{},{},0.0,0.0,0.0,0.0,0.0,0.0,0.0,0,0,0.0,0.0,,0.0
203,42404-1785547340678310400,42404,415744,2116,1656,101,359,0.782608695652174,0.9,0.84,-0.05563961714506149,0.12842881679534912,-8.379751205444336,4.237229824066162,12,10,1,1,0.8333333333333334,1.4166666666666667,2.0833333333333335,0.6666666666666666,0.6203727722167969,0.004150390625,-0.01357421837747097,0.0018444228917360306,0.00368652306497097,-0.033203125,-3.3203125,-0.18642577528953552,0.0,0.0,0.0,0.0,-0.05563961714506149,-0.029052734375,-0.01219148188829422,0.419618412247366,1.0,6.416585657572135,-0.015069375862367451,6.760818749666214,5.944588661193848,0.5518134832382202,5.96478271484375,6.720987319946289,7.491974830627441,7.623485565185547,0.0,0.0,0.0,2.876702159643173,0.009387198610056657,0.0775146484375,15.97795581817627,0.000292128,0.005,0.0,0.0,0.0,0.0,0.0,0.0,0.0,0.0,0.0,,0.0,0.0,0.0,0.0,0.0,0.0,0.0,0.0,0.0,0.0,0.0,0.0,0.0,0.0,0.0,0.0,0.0,0.0,0.0,,,,,0.0,,2.610722303390503,,,,,,,0.0,{},{},0.0,0.0,0.0,0.0,0.0,0.0,0.0,0,0,0.0,0.0,,0.0
204,42404-1785547340678310400,42404,417792,2124,1663,101,360,0.7829566854990584,0.9,0.84,-0.060620348900556564,0.12941023707389832,-9.924275398254395,4.0916972160339355,8,7,0,1,0.875,1.75,2.0,0.25,0.8327915668487549,0.003173828125,-0.01611328125,0.0009661396616138518,0.0026538085658103228,-0.037841796875,-3.7841796875,-0.19912108778953552,0.0,0.0,0.0,0.0,-0.060620348900556564,-0.03466796875,-0.015208294193143956,0.4386716634928449,1.0,5.7434961283506745,-0.011339478321712126,2.8045574101534756,2.633136749267578,0.07769566774368286,2.753650665283203,2.7896552085876465,2.8857638835906982,2.933302402496338,0.0,0.0,0.0,2.9758878621188076,0.01430835552640598,0.11683238636363637,10.420383019880815,0.00029110400000000004,0.005,0.0,0.0,0.0,0.0,0.0,0.0,0.0,0.0,0.0,,0.0,0.0,0.0,0.0,0.0,0.0,0.0,0.0,0.0,0.0,0.0,0.0,0.0,0.0,0.0,0.0,0.0,0.0,0.0,,,,,0.0,,1.6731412410736084,,,,,,,0.0,{},{},0.0,0.0,0.0,0.0,0.0,0.0,0.0,0,0,0.0,0.0,,0.0
205,42404-1785547340678310400,42404,419840,2134,1669,101,364,0.782099343955014,0.84,0.825,-0.0632542073726654,0.13249807059764862,-9.393440246582031,3.808469295501709,10,6,0,4,0.6,1.1,1.3,0.2,0.7601040601730347,0.001953125,-0.01914062350988388,0.0008100978448055685,0.0024877930991351604,-0.04345703125,-4.345703125,-0.20000000298023224,0.0,0.0,0.0,0.0,-0.0632542073726654,-0.04150390625,-0.0183161507738987,0.44130085883277226,1.0,4.81870749871245,-0.02094659034628421,3.440226837992668,2.9849090576171875,0.22338315844535828,3.114455223083496,3.433043956756592,3.67037296295166,3.792492389678955,0.0,0.0,0.0,2.8958081156015396,0.01627007533534197,0.1236572265625,8.597738906741142,0.00029008,0.005,0.0,0.0,0.0,0.0,0.0,0.0,0.0,0.0,0.0,,0.0,0.0,0.0,0.0,0.0,0.0,0.0,0.0,0.0,0.0,0.0,0.0,0.0,0.0,0.0,0.0,0.0,0.0,0.0,,,,,0.0,,1.8653569221496582,,,,,,,0.0,{},{},0.0,0.0,0.0,0.0,0.0,0.0,0.0,0,0,0.0,0.0,,0.0
206,42404-1785547340678310400,42404,421888,2144,1678,101,365,0.7826492537313433,0.82,0.835,-0.06392316520214081,0.1278388947248459,-9.925554275512695,3.6548659801483154,10,9,0,1,0.9,1.5,1.7,0.2,0.6700744032859802,0.004150390625,-0.02060546912252903,0.001085403491742909,0.002602539025247097,-0.046875,-4.6875,-0.19980467855930328,0.0,0.0,0.0,0.0,-0.06392316520214081,-0.042724609375,-0.01968348349328153,0.4606952078909121,1.0,4.676461763380134,-0.008113953284919262,4.425051927566528,4.078845500946045,0.2512337863445282,4.081185817718506,4.394132614135742,4.6913604736328125,4.858518600463867,0.0,0.0,0.0,2.9816052317619324,0.01519545003247913,0.1201171875,10.16649454832077,0.000289056,0.005,0.0,0.0,0.0,0.0,0.0,0.0,0.0,0.0,0.0,,0.0,0.0,0.0,0.0,0.0,0.0,0.0,0.0,0.0,0.0,0.0,0.0,0.0,0.0,0.0,0.0,0.0,0.0,0.0,,,,,0.0,,2.0993239879608154,,,,,,,0.0,{},{},0.0,0.0,0.0,0.0,0.0,0.0,0.0,0,0,0.0,0.0,,0.0
207,42404-1785547340678310400,42404,423936,2154,1685,101,368,0.7822655524605385,0.78,0.83,-0.05401135981082916,0.1351778358221054,-8.915264129638672,3.314863443374634,10,7,0,3,0.7,1.0,1.3,0.3,0.5292330384254456,0.002685546875,-0.00932617112994194,0.0018617796013131738,0.0026684568729251623,-0.02294921875,-2.294921875,-0.19267578423023224,0.0,0.0,0.0,0.0,-0.05401135981082916,-0.020263671875,-0.008193612011382356,0.40432986341568167,1.0,9.507964669683664,-0.0018943613395094872,5.425609270731608,4.632882118225098,0.5237591862678528,4.690523624420166,5.801658630371094,5.920368671417236,5.970844745635986,0.0,0.0,0.0,2.8438458177778454,0.01623628006523682,0.12174479166666667,22.132296562194824,0.000288032,0.005,0.0,0.0,0.0,0.0,0.0,0.0,0.0,0.0,0.0,,0.0,0.0,0.0,0.0,0.0,0.0,0.0,0.0,0.0,0.0,0.0,0.0,0.0,0.0,0.0,0.0,0.0,0.0,0.0,,,,,0.0,,2.274409294128418,,,,,,,0.0,{},{},0.0,0.0,0.0,0.0,0.0,0.0,0.0,0,0,0.0,0.0,,0.0
208,42404-1785547340678310400,42404,425984,2166,1697,101,368,0.783471837488458,0.82,0.835,-0.050241708755493164,0.13730856776237488,-7.455739974975586,4.308804035186768,12,12,0,0,1.0,2.1666666666666665,2.5,0.3333333333333333,0.7150817513465881,0.005859375,-0.006298828404396772,0.002904226304963231,0.004599608946591616,-0.019775390625,-1.9775390625,-0.18574219942092896,0.0,0.0,0.0,0.0,-0.050241708755493164,-0.013916015625,-0.004422869591508061,0.3178030197482128,1.0,13.346410209331713,-0.0184248979203403,5.395094096660614,4.7281813621521,0.4146968126296997,4.76621150970459,5.507809638977051,5.864736080169678,6.020069122314453,0.0,0.0,0.0,2.7478955388069153,0.008617773673904594,0.0712890625,17.789507269859314,0.00028700800000000005,0.005,0.0,0.0,0.0,0.0,0.0,0.0,0.0,0.0,0.0,,0.0,0.0,0.0,0.0,0.0,0.0,0.0,0.0,0.0,0.0,0.0,0.0,0.0,0.0,0.0,0.0,0.0,0.0,0.0,,,,,0.0,,2.2999420166015625,,,,,,,0.0,{},{},0.0,0.0,0.0,0.0,0.0,0.0,0.0,0,0,0.0,0.0,,0.0
209,42404-1785547340678310400,42404,428032,2172,1702,101,369,0.783609576427256,0.8,0.84,-0.05680055171251297,0.1337967962026596,-9.2233304977417,4.1630048751831055,6,5,0,1,0.8333333333333334,1.8333333333333333,2.1666666666666665,0.3333333333333333,0.7672065496444702,0.002197265625,-0.011669921688735485,0.0017914555501192808,0.002763671800494194,-0.029541015625,-2.9541015625,-0.19492188096046448,0.0,0.0,0.0,0.0,-0.05680055171251297,-0.02734375,-0.010531139851082116,0.3851247442774981,1.0,7.128310954039239,-0.022099190391600132,4.051109688622611,3.7942113876342773,0.16201959550380707,3.8303744792938232,4.059033393859863,4.269171237945557,4.342155456542969,0.0,0.0,0.0,2.9904909133911133,0.015045746470735009,0.11063058035714286,7.977063400404794,0.00028598400000000003,0.005,0.0,0.0,0.0,0.0,0.0,0.0,0.0,0.0,0.0,,0.0,0.0,0.0,0.0,0.0,0.0,0.0,0.0,0.0,0.0,0.0,0.0,0.0,0.0,0.0,0.0,0.0,0.0,0.0,,,,,0.0,,2.008594512939453,,,,,,,0.0,{},{},0.0,0.0,0.0,0.0,0.0,0.0,0.0,0,0,0.0,0.0,,0.0
210,42404-1785547340678310400,42404,430080,2186,1713,101,372,0.783623055809698,0.84,0.84,-0.054884470999240875,0.13283219933509827,-8.144351959228516,4.333471298217773,14,11,0,3,0.7857142857142857,1.4285714285714286,1.6428571428571428,0.21428571428571427,0.7872958183288574,0.004638671875,-0.01206054724752903,0.002536625601351261,0.004096679389476776,-0.031494140625,-3.1494140625,-0.18818360567092896,0.0,0.0,0.0,0.0,-0.054884470999240875,-0.02685546875,-0.01040222099982202,0.38732646114623764,1.0,7.007012255508422,-0.017435188812669367,4.08343169093132,3.8417482376098633,0.16152441501617432,3.887866973876953,4.0341596603393555,4.320749282836914,4.438572883605957,0.0,0.0,0.0,2.8377638310194016,0.009025104074680712,0.07470703125,16.58612224459648,0.00028496,0.005,0.0,0.0,0.0,0.0,0.0,0.0,0.0,0.0,0.0,,0.0,0.0,0.0,0.0,0.0,0.0,0.0,0.0,0.0,0.0,0.0,0.0,0.0,0.0,0.0,0.0,0.0,0.0,0.0,,,,,0.0,,1.9985910654067993,,,,,,,0.0,{},{},0.0,0.0,0.0,0.0,0.0,0.0,0.0,0,0,0.0,0.0,,0.0
211,42404-1785547340678310400,42404,432128,2199,1723,101,375,0.7835379718053661,0.86,0.84,-0.05151965469121933,0.13493934273719788,-7.207204341888428,4.537522792816162,13,10,0,3,0.7692307692307693,1.3076923076923077,2.0,0.6923076923076923,0.7339387536048889,0.004150390625,-0.00859374925494194,0.002844834001734853,0.004436034709215164,-0.0224609375,-2.24609375,-0.18564453721046448,0.0,0.0,0.0,0.0,-0.05151965469121933,-0.018310546875,-0.006773532077204436,0.36990496343332196,1.0,10.138113316025601,-0.019394626084249467,5.409372895956039,4.869378089904785,0.3473488986492157,4.988470077514648,5.331162452697754,5.854945182800293,6.110926628112793,0.0,0.0,0.0,2.721230998635292,0.008119505873764865,0.0623779296875,16.92701867222786,0.000283936,0.005,0.0,0.0,0.0,0.0,0.0,0.0,0.0,0.0,0.0,,0.0,0.0,0.0,0.0,0.0,0.0,0.0,0.0,0.0,0.0,0.0,0.0,0.0,0.0,0.0,0.0,0.0,0.0,0.0,,,,,0.0,,2.340505361557007,,,,,,,0.0,{},{},0.0,0.0,0.0,0.0,0.0,0.0,0.0,0,0,0.0,0.0,,0.0
212,42404-1785547340678310400,42404,434176,2209,1731,102,376,0.783612494341331,0.82,0.84,-0.052402153611183167,0.13575848937034607,-7.042573928833008,4.095007419586182,10,8,1,1,0.8,1.7,2.3,0.6,0.7805324196815491,0.003173828125,-0.00820312462747097,0.002511801430955529,0.004133300855755806,-0.0234375,-2.34375,-0.18779297173023224,0.0,0.0,0.0,0.0,-0.052402153611183167,-0.020263671875,-0.006541849055793136,0.3228203790392306,1.0,9.26701270509628,-0.026797678787261248,3.624886378645897,3.2534875869750977,0.14558468759059906,3.4717957973480225,3.6571922302246094,3.7596912384033203,3.802219867706299,0.0,0.0,0.0,2.7693830132484436,0.012981217230844777,0.0947265625,6.862676233053207,0.000282912,0.005,0.0,0.0,0.0,0.0,0.0,0.0,0.0,0.0,0.0,,0.0,0.0,0.0,0.0,0.0,0.0,0.0,0.0,0.0,0.0,0.0,0.0,0.0,0.0,0.0,0.0,0.0,0.0,0.0,,,,,0.0,,1.918403148651123,,,,,,,0.0,{},{},0.0,0.0,0.0,0.0,0.0,0.0,0.0,0,0,0.0,0.0,,0.0
213,42404-1785547340678310400,42404,436224,2218,1740,102,376,0.7844905320108205,0.82,0.845,-0.05919131636619568,0.1361398845911026,-8.62002944946289,3.7503774166107178,9,9,0,0,1.0,1.8888888888888888,2.111111111111111,0.2222222222222222,0.7080252766609192,0.00439453125,-0.013281249441206455,0.0008495284710079432,0.002365722553804517,-0.03271484375,-3.271484375,-0.20078125596046448,0.0,0.0,0.0,0.0,-0.05919131636619568,-0.0283203125,-0.01247743668500334,0.44056703533790464,1.0,7.0894050535427855,-0.024749461776362017,4.023957912738506,3.523310899734497,0.31876862049102783,3.5705716609954834,3.993424892425537,4.440487861633301,4.47769832611084,0.0,0.0,0.0,2.9696318186246433,0.01565267317570173,0.1307091346153846,11.902685642242432,0.00028188800000000005,0.005,0.0,0.0,0.0,0.0,0.0,0.0,0.0,0.0,0.0,,0.0,0.0,0.0,0.0,0.0,0.0,0.0,0.0,0.0,0.0,0.0,0.0,0.0,0.0,0.0,0.0,0.0,0.0,0.0,,,,,0.0,,2.0265047550201416,,,,,,,0.0,{},{},0.0,0.0,0.0,0.0,0.0,0.0,0.0,0,0,0.0,0.0,,0.0
214,42404-1785547340678310400,42404,438272,2228,1748,102,378,0.7845601436265709,0.82,0.845,-0.05473913252353668,0.13488860428333282,-8.319397926330566,3.39005184173584,10,8,0,2,0.8,1.2,1.6,0.4,0.7025336027145386,0.00341796875,-0.01064453087747097,0.0017953920178115368,0.003583984449505806,-0.027099609375,-2.7099609375,-0.19101563096046448,0.0,0.0,0.0,0.0,-0.05473913252353668,-0.023681640625,-0.009299686760641634,0.3926794696544374,1.0,8.065639046974496,-0.018303710588952526,3.4016523212194443,3.0658631324768066,0.21244126558303833,3.108109474182129,3.405240058898926,3.6825106143951416,3.833772897720337,0.0,0.0,0.0,2.893778905272484,0.014794471528148279,0.1209716796875,12.54258282482624,0.000280864,0.005,0.0,0.0,0.0,0.0,0.0,0.0,0.0,0.0,0.0,,0.0,0.0,0.0,0.0,0.0,0.0,0.0,0.0,0.0,0.0,0.0,0.0,0.0,0.0,0.0,0.0,0.0,0.0,0.0,,,,,0.0,,1.8489503860473633,,,,,,,0.0,{},{},0.0,0.0,0.0,0.0,0.0,0.0,0.0,0,0,0.0,0.0,,0.0
215,42404-1785547340678310400,42404,440320,2239,1758,102,379,0.7851719517641804,0.86,0.85,-0.05098652467131615,0.1365465372800827,-7.13792610168457,3.7997891902923584,11,10,0,1,0.9090909090909091,1.7272727272727273,2.0,0.2727272727272727,0.7186275720596313,0.004638671875,-0.00673828087747097,0.0024310010485351086,0.003823242150247097,-0.02099609375,-2.099609375,-0.18710938096046448,0.0,0.0,0.0,0.0,-0.05098652467131615,-0.016357421875,-0.005174720077775419,0.31633369754840235,1.0,11.438107073544614,-0.026682648836867884,3.954221487045288,3.6165010929107666,0.25030696392059326,3.643876791000366,3.9375836849212646,4.257303237915039,4.287877082824707,0.0,0.0,0.0,2.7604907900094986,0.016443441352748778,0.13818359375,8.948363870382309,0.00027984,0.005,0.0,0.0,0.0,0.0,0.0,0.0,0.0,0.0,0.0,,0.0,0.0,0.0,0.0,0.0,0.0,0.0,0.0,0.0,0.0,0.0,0.0,0.0,0.0,0.0,0.0,0.0,0.0,0.0,,,,,0.0,,2.0155811309814453,,,,,,,0.0,{},{},0.0,0.0,0.0,0.0,0.0,0.0,0.0,0,0,0.0,0.0,,0.0
216,42404-1785547340678310400,42404,442368,2248,1767,102,379,0.7860320284697508,0.88,0.85,-0.05234010890126228,0.1341872215270996,-7.7335333824157715,4.073373317718506,9,9,0,0,1.0,2.2222222222222223,2.4444444444444446,0.2222222222222222,0.7219698429107666,0.00439453125,-0.00786132737994194,0.002626644680276513,0.003256835974752903,-0.021484375,-2.1484375,-0.19052734971046448,0.0,0.0,0.0,0.0,-0.05234010890126228,-0.01708984375,-0.006390457216184586,0.37391116024828125,1.0,11.147919464799067,-0.0001009148968891664,4.966190901669589,4.613550186157227,0.2162213772535324,4.678285121917725,4.964135646820068,5.233864784240723,5.277226448059082,0.0,0.0,0.0,2.766414078799161,0.017219551108692856,0.13920454545454544,20.88322947242043,0.00027881600000000004,0.005,0.0,0.0,0.0,0.0,0.0,0.0,0.0,0.0,0.0,,0.0,0.0,0.0,0.0,0.0,0.0,0.0,0.0,0.0,0.0,0.0,0.0,0.0,0.0,0.0,0.0,0.0,0.0,0.0,,,,,0.0,,2.1478312015533447,,,,,,,0.0,{},{},0.0,0.0,0.0,0.0,0.0,0.0,0.0,0,0,0.0,0.0,,0.0
217,42404-1785547340678310400,42404,444416,2260,1776,102,382,0.7858407079646018,0.88,0.85,-0.05697289854288101,0.13103961944580078,-7.9388322830200195,3.5914790630340576,12,9,0,3,0.75,1.5,1.6666666666666667,0.16666666666666666,0.5971481800079346,0.003662109375,-0.012792968191206455,0.0015059629222378135,0.0032006832771003246,-0.031494140625,-3.1494140625,-0.19394531846046448,0.0,0.0,0.0,0.0,-0.05697289854288101,-0.02783203125,-0.01161630664137192,0.4173568641170523,1.0,6.968170901632012,-0.014869322127196938,5.189448654651642,4.626049041748047,0.2877790033817291,4.881716728210449,5.156865119934082,5.541128158569336,5.6921844482421875,0.0,0.0,0.0,2.733918935060501,0.011343780504830647,0.0841064453125,20.892099291086197,0.00027779200000000007,0.005,0.0,0.0,0.0,0.0,0.0,0.0,0.0,0.0,0.0,,0.0,0.0,0.0,0.0,0.0,0.0,0.0,0.0,0.0,0.0,0.0,0.0,0.0,0.0,0.0,0.0,0.0,0.0,0.0,,,,,0.0,,2.279533624649048,,,,,,,0.0,{},{},0.0,0.0,0.0,0.0,0.0,0.0,0.0,0,0,0.0,0.0,,0.0
218,42404-1785547340678310400,42404,446464,2269,1785,102,382,0.7866901718818863,0.9,0.855,-0.055574700236320496,0.13223375380039215,-7.31776762008667,3.486072301864624,9,9,0,0,1.0,2.111111111111111,2.4444444444444446,0.3333333333333333,0.6914356350898743,0.00439453125,-0.01181640662252903,0.002265861025080085,0.003378906287252903,-0.029541015625,-2.9541015625,-0.19150391221046448,0.0,0.0,0.0,0.0,-0.055574700236320496,-0.025146484375,-0.010405214794445783,0.41376762141623885,1.0,7.615231382779792,-0.017823958507506177,3.8711899518966675,3.5611472129821777,0.21734608709812164,3.5882086753845215,3.931522846221924,4.095773220062256,4.306770324707031,0.0,0.0,0.0,2.728916645050049,0.010634795529767871,0.08837890625,13.563069760799408,0.00027676800000000004,0.005,0.0,0.0,0.0,0.0,0.0,0.0,0.0,0.0,0.0,,0.0,0.0,0.0,0.0,0.0,0.0,0.0,0.0,0.0,0.0,0.0,0.0,0.0,0.0,0.0,0.0,0.0,0.0,0.0,,,,,0.0,,1.9364631175994873,,,,,,,0.0,{},{},0.0,0.0,0.0,0.0,0.0,0.0,0.0,0,0,0.0,0.0,,0.0
219,42404-1785547340678310400,42404,448512,2282,1798,102,382,0.7879053461875548,0.94,0.865,-0.05332411080598831,0.13492126762866974,-7.139763832092285,4.290266036987305,13,13,0,0,1.0,2.076923076923077,2.3846153846153846,0.3076923076923077,0.7596914768218994,0.00634765625,-0.00937500037252903,0.0027951537631452084,0.003830566070973873,-0.026123046875,-2.6123046875,-0.18964844942092896,0.0,0.0,0.0,0.0,-0.05332411080598831,-0.019775390625,-0.0077185704139992595,0.3902921701112616,1.0,9.589639131681995,-0.029607877600938082,4.327231049537659,3.80659818649292,0.30579134821891785,3.9851064682006836,4.321343898773193,4.693506717681885,5.013272762298584,0.0,0.0,0.0,2.6936041712760925,0.017293344957579393,0.1337890625,7.654156893491745,0.000275744,0.005,0.0,0.0,0.0,0.0,0.0,0.0,0.0,0.0,0.0,,0.0,0.0,0.0,0.0,0.0,0.0,0.0,0.0,0.0,0.0,0.0,0.0,0.0,0.0,0.0,0.0,0.0,0.0,0.0,,,,,0.0,,2.1031429767608643,,,,,,,0.0,{},{},0.0,0.0,0.0,0.0,0.0,0.0,0.0,0,0,0.0,0.0,,0.0
220,42404-1785547340678310400,42404,450560,2291,1806,102,383,0.7883020515058926,0.92,0.86,-0.05133561044931412,0.13590934872627258,-7.290398597717285,3.967369318008423,9,8,0,1,0.8888888888888888,2.0,2.2222222222222223,0.2222222222222222,0.7647897601127625,0.003662109375,-0.00673828087747097,0.0025020299945026636,0.0034497070591896772,-0.01953125,-1.953125,-0.18837890028953552,0.0,0.0,0.0,0.0,-0.05133561044931412,-0.015869140625,-0.005250346614047885,0.3308317637574736,1.0,11.870020861238306,-0.014629794051870704,4.024579390883446,3.651684522628784,0.28720617294311523,3.6975018978118896,3.9387433528900146,4.411434173583984,4.639914035797119,0.0,0.0,0.0,2.6909435093402863,0.008079111619736068,0.0662841796875,18.80033177137375,0.00027471999999999994,0.005,0.0,0.0,0.0,0.0,0.0,0.0,0.0,0.0,0.0,,0.0,0.0,0.0,0.0,0.0,0.0,0.0,0.0,0.0,0.0,0.0,0.0,0.0,0.0,0.0,0.0,0.0,0.0,0.0,,,,,0.0,,1.9241136312484741,,,,,,,0.0,{},{},0.0,0.0,0.0,0.0,0.0,0.0,0.0,0,0,0.0,0.0,,0.0
221,42404-1785547340678310400,42404,452608,2302,1816,102,384,0.788879235447437,0.92,0.86,-0.05102694034576416,0.13445459306240082,-7.169407844543457,3.8019180297851562,11,10,0,1,0.9090909090909091,1.9090909090909092,1.9090909090909092,0.0,0.6471277475357056,0.004638671875,-0.00742187537252903,0.002775738015770912,0.004116210620850325,-0.022705078125,-2.2705078125,-0.18505859375,0.0,0.0,0.0,0.0,-0.05102694034576416,-0.01806640625,-0.005698888213373721,0.31542370468222136,1.0,10.242676297268734,-0.023475073588391144,5.102958997090657,4.789987087249756,0.20724952220916748,4.892920017242432,5.10989236831665,5.4537577629089355,5.498901844024658,0.0,0.0,0.0,2.755184451738993,0.017910495119091745,0.14029947916666666,9.694814066092173,0.000273696,0.005,0.0,0.0,0.0,0.0,0.0,0.0,0.0,0.0,0.0,,0.0,0.0,0.0,0.0,0.0,0.0,0.0,0.0,0.0,0.0,0.0,0.0,0.0,0.0,0.0,0.0,0.0,0.0,0.0,,,,,0.0,,2.258455276489258,,,,,,,0.0,{},{},0.0,0.0,0.0,0.0,0.0,0.0,0.0,0,0,0.0,0.0,,0.0
222,42404-1785547340678310400,42404,454656,2314,1826,102,386,0.7891097666378565,0.92,0.86,-0.05273406580090523,0.1359667181968689,-7.111915111541748,4.582159996032715,12,10,0,2,0.8333333333333334,1.9166666666666667,2.3333333333333335,0.4166666666666667,0.830958902835846,0.00439453125,-0.00869140587747097,0.0025063727516680956,0.004128417931497097,-0.02294921875,-2.294921875,-0.18935546278953552,0.0,0.0,0.0,0.0,-0.05273406580090523,-0.0185546875,-0.007032708206679672,0.37900553168292317,1.0,10.20471285634313,-0.014996500809987386,3.6167708079020184,3.2929141521453857,0.1773679256439209,3.370424747467041,3.6240572929382324,3.8015687465667725,3.8693575859069824,0.0,0.0,0.0,2.587094529469808,0.012562175071798265,0.09361979166666666,14.066180006663005,0.000272672,0.005,0.0,0.0,0.0,0.0,0.0,0.0,0.0,0.0,0.0,,0.0,0.0,0.0,0.0,0.0,0.0,0.0,0.0,0.0,0.0,0.0,0.0,0.0,0.0,0.0,0.0,0.0,0.0,0.0,,,,,0.0,,1.8839370012283325,,,,,,,0.0,{},{},0.0,0.0,0.0,0.0,0.0,0.0,0.0,0,0,0.0,0.0,,0.0
223,42404-1785547340678310400,42404,456704,2325,1836,102,387,0.7896774193548387,0.9,0.865,-0.05670183151960373,0.13605429232120514,-8.433649063110352,3.9179747104644775,11,10,0,1,0.9090909090909091,1.7272727272727273,2.1818181818181817,0.45454545454545453,0.737238347530365,0.004638671875,-0.0126953125,0.0021619941107928753,0.0037817382253706455,-0.031005859375,-3.1005859375,-0.19443359971046448,0.0,0.0,0.0,0.0,-0.05670183151960373,-0.0263671875,-0.01120937941595912,0.42510997071600465,1.0,7.373794642140817,-0.012539840070530772,4.22238402068615,3.691391944885254,0.28254619240760803,3.8910679817199707,4.232490062713623,4.569324493408203,4.820815563201904,0.0,0.0,0.0,2.6378114819526672,0.008657019126985688,0.0704345703125,19.672403052449226,0.000271648,0.005,0.0,0.0,0.0,0.0,0.0,0.0,0.0,0.0,0.0,,0.0,0.0,0.0,0.0,0.0,0.0,0.0,0.0,0.0,0.0,0.0,0.0,0.0,0.0,0.0,0.0,0.0,0.0,0.0,,,,,0.0,,2.0083649158477783,,,,,,,0.0,{},{},0.0,0.0,0.0,0.0,0.0,0.0,0.0,0,0,0.0,0.0,,0.0
224,42404-1785547340678310400,42404,458752,2335,1845,102,388,0.7901498929336188,0.88,0.875,-0.055810801684856415,0.13260309398174286,-7.893303871154785,3.617145299911499,10,9,0,1,0.9,1.6,1.7,0.1,0.6852712631225586,0.004150390625,-0.01206054724752903,0.0018271782901138067,0.003581542521715164,-0.02978515625,-2.978515625,-0.1923828125,0.0,0.0,0.0,0.0,-0.055810801684856415,-0.025634765625,-0.010708367044571787,0.4177120044399605,1.0,7.504469158993569,-0.01918427212513052,4.203214317560196,3.7973363399505615,0.2024821639060974,3.961894989013672,4.209712982177734,4.45097541809082,4.490171432495117,0.0,0.0,0.0,2.657812088727951,0.011433544394094497,0.0904541015625,15.13385421037674,0.00027062399999999996,0.005,0.0,0.0,0.0,0.0,0.0,0.0,0.0,0.0,0.0,,0.0,0.0,0.0,0.0,0.0,0.0,0.0,0.0,0.0,0.0,0.0,0.0,0.0,0.0,0.0,0.0,0.0,0.0,0.0,,,,,0.0,,2.0292434692382812,,,,,,,0.0,{},{},0.0,0.0,0.0,0.0,0.0,0.0,0.0,0,0,0.0,0.0,,0.0
225,42404-1785547340678310400,42404,460800,2347,1856,102,389,0.7907967618236046,0.88,0.88,-0.047336287796497345,0.13747826218605042,-6.03354549407959,3.5723397731781006,12,11,0,1,0.9166666666666666,1.6666666666666667,2.1666666666666665,0.5,0.5954316854476929,0.005126953125,-0.00390625,0.0028026702348142862,0.004873046651482582,-0.013427734375,-1.3427734375,-0.18251952528953552,0.0,0.0,0.0,0.0,-0.047336287796497345,-0.00830078125,-0.001987320778425783,0.23938486435375336,1.0,21.985585959583737,-0.026235204364638776,5.039943337440491,4.692078590393066,0.27541252970695496,4.735649108886719,4.945617198944092,5.4410600662231445,5.542527198791504,0.0,0.0,0.0,2.4440931379795074,0.012024198375002015,0.0897216796875,8.210084438323975,0.0002696,0.005,0.0,0.0,0.0,0.0,0.0,0.0,0.0,0.0,0.0,,0.0,0.0,0.0,0.0,0.0,0.0,0.0,0.0,0.0,0.0,0.0,0.0,0.0,0.0,0.0,0.0,0.0,0.0,0.0,,,,,0.0,,2.2722110748291016,,,,,,,0.0,{},{},0.0,0.0,0.0,0.0,0.0,0.0,0.0,0,0,0.0,0.0,,0.0
226,42404-1785547340678310400,42404,462848,2357,1866,102,389,0.7916843445057277,0.9,0.89,-0.05096495896577835,0.13463906943798065,-5.971395969390869,3.7635960578918457,10,10,0,0,1.0,2.0,2.5,0.5,0.6433846354484558,0.0048828125,-0.007275390438735485,0.002497115172445774,0.004626464564353228,-0.02197265625,-2.197265625,-0.18544922769069672,0.0,0.0,0.0,0.0,-0.05096495896577835,-0.01708984375,-0.005494495504535735,0.3214876681869925,1.0,10.850794168116872,-0.018061417911667377,5.088656514883041,4.747738838195801,0.25135356187820435,4.792799949645996,5.047431945800781,5.4488630294799805,5.571344375610352,0.0,0.0,0.0,2.4189820140600204,0.01298370117729064,0.108642578125,12.616264089941978,0.000268576,0.005,0.0,0.0,0.0,0.0,0.0,0.0,0.0,0.0,0.0,,0.0,0.0,0.0,0.0,0.0,0.0,0.0,0.0,0.0,0.0,0.0,0.0,0.0,0.0,0.0,0.0,0.0,0.0,0.0,,,,,0.0,,2.2475171089172363,,,,,,,0.0,{},{},0.0,0.0,0.0,0.0,0.0,0.0,0.0,0,0,0.0,0.0,,0.0
227,42404-1785547340678310400,42404,464896,2368,1875,102,391,0.7918074324324325,0.9,0.88,-0.04902375862002373,0.12966740131378174,-6.411238670349121,3.7775766849517822,11,9,0,2,0.8181818181818182,1.6363636363636365,2.3636363636363638,0.7272727272727273,0.7600705027580261,0.00390625,-0.00732421875,0.0032362279016524553,0.005036620888859034,-0.023193359375,-2.3193359375,-0.17578125,0.0,0.0,0.0,0.0,-0.04902375862002373,-0.019287109375,-0.005256006552372128,0.2724998313823657,1.0,9.113451535474818,-0.008988020276384694,3.420328310557774,2.910034656524658,0.3469221293926239,3.002875328063965,3.463697910308838,3.8230643272399902,3.91475248336792,0.0,0.0,0.0,2.3162224973951067,0.010904169574912106,0.07589285714285714,6.983848639896938,0.000267552,0.005,0.0,0.0,0.0,0.0,0.0,0.0,0.0,0.0,0.0,,0.0,0.0,0.0,0.0,0.0,0.0,0.0,0.0,0.0,0.0,0.0,0.0,0.0,0.0,0.0,0.0,0.0,0.0,0.0,,,,,0.0,,1.8503552675247192,,,,,,,0.0,{},{},0.0,0.0,0.0,0.0,0.0,0.0,0.0,0,0,0.0,0.0,,0.0
228,42404-1785547340678310400,42404,466944,2380,1887,102,391,0.7928571428571428,0.94,0.895,-0.05569581687450409,0.13233694434165955,-8.009952545166016,4.364992141723633,12,12,0,0,1.0,2.25,2.4166666666666665,0.16666666666666666,0.7772433757781982,0.005859375,-0.0126953125,0.002110776025801897,0.0036450191400945187,-0.03125,-3.125,-0.19160157442092896,0.0,0.0,0.0,0.0,-0.05569581687450409,-0.025390625,-0.011256363708525896,0.44331009569202035,1.0,7.545857124974433,-0.026965408673277125,4.1190342754125595,3.775667905807495,0.24674877524375916,3.812600612640381,4.104280471801758,4.423370361328125,4.591836929321289,0.0,0.0,0.0,2.621309205889702,0.014142182808427606,0.114013671875,6.618857070803642,0.000266528,0.005,0.0,0.0,0.0,0.0,0.0,0.0,0.0,0.0,0.0,,0.0,0.0,0.0,0.0,0.0,0.0,0.0,0.0,0.0,0.0,0.0,0.0,0.0,0.0,0.0,0.0,0.0,0.0,0.0,,,,,0.0,,2.060149669647217,,,,,,,0.0,{},{},0.0,0.0,0.0,0.0,0.0,0.0,0.0,0,0,0.0,0.0,,0.0
229,42404-1785547340678310400,42404,468992,2389,1891,102,396,0.791544579321892,0.84,0.88,-0.061721086502075195,0.1282815784215927,-9.218254089355469,3.6649692058563232,9,4,0,5,0.4444444444444444,0.8888888888888888,1.2222222222222223,0.3333333333333333,0.7423357963562012,0.000732421875,-0.01708984375,0.0008935746736824512,0.0024291991721838713,-0.040771484375,-4.0771484375,-0.19707031548023224,0.0,0.0,0.0,0.0,-0.061721086502075195,-0.0400390625,-0.01625915028853342,0.40607205067508123,1.0,4.9218283682807,-0.023815174276630085,3.4424732526143393,3.0939321517944336,0.21232718229293823,3.1914124488830566,3.5215797424316406,3.6751534938812256,3.8268918991088867,0.0,0.0,0.0,2.615670172373454,0.013299767828236024,0.10598958333333333,6.341650915145874,0.00026550399999999996,0.005,0.0,0.0,0.0,0.0,0.0,0.0,0.0,0.0,0.0,,0.0,0.0,0.0,0.0,0.0,0.0,0.0,0.0,0.0,0.0,0.0,0.0,0.0,0.0,0.0,0.0,0.0,0.0,0.0,,,,,0.0,,1.8603616952896118,,,,,,,0.0,{},{},0.0,0.0,0.0,0.0,0.0,0.0,0.0,0,0,0.0,0.0,,0.0
230,42404-1785547340678310400,42404,471040,2403,1903,102,398,0.791926758218893,0.82,0.885,-0.0464947447180748,0.13403232395648956,-6.235549449920654,3.635558605194092,14,12,0,2,0.8571428571428571,1.6428571428571428,1.8571428571428572,0.21428571428571427,0.6608446836471558,0.00537109375,-0.0052734375931322575,0.0036176717840135098,0.0047802734188735485,-0.016845703125,-1.6845703125,-0.17558595538139343,0.0,0.0,0.0,0.0,-0.0464947447180748,-0.011474609375,-0.003173951292410493,0.27658237472992525,1.0,15.300795769844985,-0.00641360009709994,4.550908784071605,3.9456608295440674,0.28723636269569397,4.2119364738464355,4.606819152832031,4.839016914367676,4.8895158767700195,0.0,0.0,0.0,2.380671759446462,0.013214263191912323,0.11051432291666667,13.264851331710815,0.00026448,0.005,0.0,0.0,0.0,0.0,0.0,0.0,0.0,0.0,0.0,,0.0,0.0,0.0,0.0,0.0,0.0,0.0,0.0,0.0,0.0,0.0,0.0,0.0,0.0,0.0,0.0,0.0,0.0,0.0,,,,,0.0,,2.117241859436035,,,,,,,0.0,{},{},0.0,0.0,0.0,0.0,0.0,0.0,0.0,0,0,0.0,0.0,,0.0
231,42404-1785547340678310400,42404,473088,2413,1913,102,398,0.792789059262329,0.84,0.89,-0.05285968258976936,0.13550527393817902,-6.778306007385254,3.8200483322143555,10,10,0,0,1.0,1.5,2.2,0.7,0.7195188403129578,0.0048828125,-0.008056640625,0.0024233374278992414,0.004367675166577101,-0.0224609375,-2.24609375,-0.19150391221046448,0.0,0.0,0.0,0.0,-0.05285968258976936,-0.017578125,-0.0063588874763809144,0.36172946471345496,1.0,10.893825045926032,-0.02573819611487644,4.047951630183628,3.696467399597168,0.29532065987586975,3.712219476699829,4.01222562789917,4.458359241485596,4.504062652587891,0.0,0.0,0.0,2.533200349126543,0.01425264823982226,0.11258370535714286,7.753261685371399,0.000263456,0.005,0.0,0.0,0.0,0.0,0.0,0.0,0.0,0.0,0.0,,0.0,0.0,0.0,0.0,0.0,0.0,0.0,0.0,0.0,0.0,0.0,0.0,0.0,0.0,0.0,0.0,0.0,0.0,0.0,,,,,0.0,,2.023115634918213,,,,,,,0.0,{},{},0.0,0.0,0.0,0.0,0.0,0.0,0.0,0,0,0.0,0.0,,0.0
232,42404-1785547340678310400,42404,475136,2425,1924,102,399,0.7934020618556701,0.84,0.895,-0.053060382604599,0.13564762473106384,-6.48781681060791,3.6470394134521484,12,11,0,1,0.9166666666666666,1.8333333333333333,2.25,0.4166666666666667,0.6079254150390625,0.005126953125,-0.01108398474752903,0.0029091518372297287,0.004282226320356131,-0.029052734375,-2.9052734375,-0.18369141221046448,0.0,0.0,0.0,0.0,-0.053060382604599,-0.02392578125,-0.009286140208132565,0.3881065368177161,1.0,7.677230392636472,-0.01677287369966507,5.15013524889946,4.725322723388672,0.2737988531589508,4.845844268798828,5.091988563537598,5.559623718261719,5.678131103515625,0.0,0.0,0.0,2.3140473067760468,0.010249729493807536,0.0791015625,17.604884386062622,0.000262432,0.005,0.0,0.0,0.0,0.0,0.0,0.0,0.0,0.0,0.0,,0.0,0.0,0.0,0.0,0.0,0.0,0.0,0.0,0.0,0.0,0.0,0.0,0.0,0.0,0.0,0.0,0.0,0.0,0.0,,,,,0.0,,2.2836248874664307,,,,,,,0.0,{},{},0.0,0.0,0.0,0.0,0.0,0.0,0.0,0,0,0.0,0.0,,0.0
233,42404-1785547340678310400,42404,477184,2437,1936,102,399,0.7944193680755026,0.9,0.9,-0.0506238117814064,0.13349363207817078,-6.576512813568115,4.155385971069336,12,12,0,0,1.0,1.9166666666666667,2.4166666666666665,0.5,0.7377378940582275,0.005859375,-0.007373047061264515,0.002507637022063136,0.0037841794546693563,-0.020751953125,-2.0751953125,-0.18574219942092896,0.0,0.0,0.0,0.0,-0.0506238117814064,-0.014892578125,-0.005800092942081392,0.3894358288788573,1.0,12.471294531241394,-0.018204553169198334,4.834815740585327,4.423325538635254,0.24595853686332703,4.50136661529541,4.8260040283203125,5.1316633224487305,5.196533203125,0.0,0.0,0.0,2.428336650133133,0.008320453456690302,0.068603515625,22.293995290994644,0.000261408,0.005,0.0,0.0,0.0,0.0,0.0,0.0,0.0,0.0,0.0,,0.0,0.0,0.0,0.0,0.0,0.0,0.0,0.0,0.0,0.0,0.0,0.0,0.0,0.0,0.0,0.0,0.0,0.0,0.0,,,,,0.0,,2.1280369758605957,,,,,,,0.0,{},{},0.0,0.0,0.0,0.0,0.0,0.0,0.0,0,0,0.0,0.0,,0.0
234,42404-1785547340678310400,42404,479232,2445,1940,103,402,0.7934560327198364,0.9,0.88,-0.0625377744436264,0.1325598806142807,-8.420273780822754,3.5136525630950928,8,4,1,3,0.5,1.0,1.5,0.5,0.698636531829834,0.000732421875,-0.017333984375,0.0011636982671916485,0.003124999813735485,-0.04052734375,-4.052734375,-0.20126953721046448,0.0,0.0,0.0,0.0,-0.0625377744436264,-0.039794921875,-0.016261809854768217,0.40863005776941097,1.0,5.057541771306547,-0.017859433690318838,3.840060204267502,3.584451913833618,0.1718178540468216,3.6349263191223145,3.831233501434326,4.051887512207031,4.24285364151001,0.0,0.0,0.0,2.5761709064245224,0.008781536300375592,0.0726318359375,16.438876271247864,0.000260384,0.005,0.0,0.0,0.0,0.0,0.0,0.0,0.0,0.0,0.0,,0.0,0.0,0.0,0.0,0.0,0.0,0.0,0.0,0.0,0.0,0.0,0.0,0.0,0.0,0.0,0.0,0.0,0.0,0.0,,,,,0.0,,1.928875207901001,,,,,,,0.0,{},{},0.0,0.0,0.0,0.0,0.0,0.0,0.0,0,0,0.0,0.0,,0.0
235,42404-1785547340678310400,42404,481280,2457,1951,103,403,0.7940577940577941,0.88,0.89,-0.051125623285770416,0.1384812295436859,-7.208835601806641,4.028930187225342,12,11,0,1,0.9166666666666666,1.5833333333333333,1.9166666666666667,0.3333333333333333,0.7563117742538452,0.005126953125,-0.0057128905318677425,0.0021870313212275505,0.0030957029666751623,-0.017822265625,-1.7822265625,-0.19150391221046448,0.0,0.0,0.0,0.0,-0.051125623285770416,-0.0126953125,-0.004392206959892064,0.3459435139054796,1.0,15.08342774411582,-0.02555238766529198,3.9389654908861433,3.648503541946411,0.2007066011428833,3.7246742248535156,3.8888325691223145,4.239830017089844,4.272128582000732,0.0,0.0,0.0,2.429137417248317,0.017200843813563033,0.13518415178571427,7.970236914498465,0.00025936000000000004,0.005,0.0,0.0,0.0,0.0,0.0,0.0,0.0,0.0,0.0,,0.0,0.0,0.0,0.0,0.0,0.0,0.0,0.0,0.0,0.0,0.0,0.0,0.0,0.0,0.0,0.0,0.0,0.0,0.0,,,,,0.0,,1.988872766494751,,,,,,,0.0,{},{},0.0,0.0,0.0,0.0,0.0,0.0,0.0,0,0,0.0,0.0,,0.0
236,42404-1785547340678310400,42404,483328,2464,1956,103,405,0.7938311688311688,0.84,0.88,-0.0617334321141243,0.13090074062347412,-8.163646697998047,3.4822754859924316,7,5,0,2,0.7142857142857143,1.7142857142857142,2.0,0.2857142857142857,0.6377924084663391,0.001953125,-0.01679687574505806,0.001324106240645051,0.002421874785795808,-0.039794921875,-3.9794921875,-0.19980469346046448,0.0,0.0,0.0,0.0,-0.0617334321141243,-0.037841796875,-0.015860380488447845,0.419112269656941,1.0,5.279860632934903,-0.015328424696165781,4.455321825467623,3.860703945159912,0.3319310247898102,4.060168266296387,4.556587219238281,4.777616024017334,5.064393997192383,0.0,0.0,0.0,2.6905544721163235,0.013153372968260486,0.09630408653846154,12.53902477484483,0.000258336,0.005,0.0,0.0,0.0,0.0,0.0,0.0,0.0,0.0,0.0,,0.0,0.0,0.0,0.0,0.0,0.0,0.0,0.0,0.0,0.0,0.0,0.0,0.0,0.0,0.0,0.0,0.0,0.0,0.0,,,,,0.0,,2.095761775970459,,,,,,,0.0,{},{},0.0,0.0,0.0,0.0,0.0,0.0,0.0,0,0,0.0,0.0,,0.0
237,42404-1785547340678310400,42404,485376,2475,1966,103,406,0.7943434343434344,0.84,0.875,-0.056216370314359665,0.1330806463956833,-7.375547885894775,3.8130834102630615,11,10,0,1,0.9090909090909091,1.7272727272727273,1.9090909090909092,0.18181818181818182,0.6390707492828369,0.004638671875,-0.01347656361758709,0.002238708781078458,0.0043188477866351604,-0.03369140625,-3.369140625,-0.18906250596046448,0.0,0.0,0.0,0.0,-0.056216370314359665,-0.029052734375,-0.011837174475658685,0.4074235113075265,1.0,6.507339246659733,-0.01930175322922878,5.254181414842606,4.783234596252441,0.2318771779537201,4.957633972167969,5.230412483215332,5.512983322143555,5.699920654296875,0.0,0.0,0.0,2.531285971403122,0.013857839454431087,0.1141357421875,10.363836973905563,0.000257312,0.005,0.0,0.0,0.0,0.0,0.0,0.0,0.0,0.0,0.0,,0.0,0.0,0.0,0.0,0.0,0.0,0.0,0.0,0.0,0.0,0.0,0.0,0.0,0.0,0.0,0.0,0.0,0.0,0.0,,,,,0.0,,2.2908008098602295,,,,,,,0.0,{},{},0.0,0.0,0.0,0.0,0.0,0.0,0.0,0,0,0.0,0.0,,0.0
238,42404-1785547340678310400,42404,487424,2484,1974,103,407,0.7946859903381642,0.82,0.87,-0.05957835912704468,0.13328303396701813,-8.261770248413086,4.127772331237793,9,8,0,1,0.8888888888888888,1.1111111111111112,1.8888888888888888,0.7777777777777778,0.8034467697143555,0.003662109375,-0.01479492150247097,0.0010212598135694861,0.003452148288488388,-0.03564453125,-3.564453125,-0.19931641221046448,0.0,0.0,0.0,0.0,-0.05957835912704468,-0.031982421875,-0.013676569476956502,0.42761432877345934,1.0,6.231866402208237,0.0028407685458660126,3.621210881641933,3.417818784713745,0.17935463786125183,3.4336514472961426,3.569645404815674,3.869678258895874,3.8894076347351074,0.0,0.0,0.0,2.5799426351274763,0.012421205573316132,0.10602678571428571,17.518395015171595,0.00025628799999999997,0.005,0.0,0.0,0.0,0.0,0.0,0.0,0.0,0.0,0.0,,0.0,0.0,0.0,0.0,0.0,0.0,0.0,0.0,0.0,0.0,0.0,0.0,0.0,0.0,0.0,0.0,0.0,0.0,0.0,,,,,0.0,,1.8300201892852783,,,,,,,0.0,{},{},0.0,0.0,0.0,0.0,0.0,0.0,0.0,0,0,0.0,0.0,,0.0
239,42404-1785547340678310400,42404,489472,2498,1986,103,409,0.7950360288230585,0.86,0.865,-0.047550953924655914,0.13898780941963196,-7.248006343841553,4.5203986167907715,14,12,0,2,0.8571428571428571,1.7857142857142858,2.0714285714285716,0.2857142857142857,0.7880308628082275,0.00537109375,-0.00380859337747097,0.0033412447664886713,0.005222167819738388,-0.013427734375,-1.3427734375,-0.18378907442092896,0.0,0.0,0.0,0.0,-0.047550953924655914,-0.008056640625,-0.0016677402309142053,0.20697624882149734,1.0,22.80929157484347,-0.022603043471463025,4.39412447810173,3.889622688293457,0.2349848449230194,4.07267427444458,4.404499530792236,4.6710076332092285,4.695249557495117,0.0,0.0,0.0,2.3319337368011475,0.008038928674068302,0.0672607421875,11.358805984258652,0.000255264,0.005,0.0,0.0,0.0,0.0,0.0,0.0,0.0,0.0,0.0,,0.0,0.0,0.0,0.0,0.0,0.0,0.0,0.0,0.0,0.0,0.0,0.0,0.0,0.0,0.0,0.0,0.0,0.0,0.0,,,,,0.0,,2.0811963081359863,,,,,,,0.0,{},{},0.0,0.0,0.0,0.0,0.0,0.0,0.0,0,0,0.0,0.0,,0.0
240,42404-1785547340678310400,42404,491520,2508,1994,104,410,0.7950558213716108,0.84,0.86,-0.04935614764690399,0.13727964460849762,-6.666807174682617,3.914992094039917,10,8,1,1,0.8,1.3,2.3,1.0,0.746552586555481,0.003173828125,-0.005078125279396772,0.00289133214391768,0.004611816257238388,-0.0166015625,-1.66015625,-0.18476563692092896,0.0,0.0,0.0,0.0,-0.04935614764690399,-0.013427734375,-0.0032023381791077554,0.23846909840360556,1.0,13.75897621930056,-0.027481096098199487,3.8335895027433122,3.6594278812408447,0.12842263281345367,3.714815616607666,3.8027734756469727,4.01622200012207,4.128767013549805,0.0,0.0,0.0,2.2801249027252197,0.013990595180075616,0.10072544642857142,7.253576380865915,0.00025424000000000003,0.005,0.0,0.0,0.0,0.0,0.0,0.0,0.0,0.0,0.0,,0.0,0.0,0.0,0.0,0.0,0.0,0.0,0.0,0.0,0.0,0.0,0.0,0.0,0.0,0.0,0.0,0.0,0.0,0.0,,,,,0.0,,1.9709463119506836,,,,,,,0.0,{},{},0.0,0.0,0.0,0.0,0.0,0.0,0.0,0,0,0.0,0.0,,0.0
241,42404-1785547340678310400,42404,493568,2520,2005,104,411,0.7956349206349206,0.86,0.87,-0.053386688232421875,0.13384397327899933,-7.701535701751709,3.5939831733703613,12,11,0,1,0.9166666666666666,2.0,2.25,0.25,0.695072591304779,0.005126953125,-0.010498046875,0.002814928302541375,0.003500976599752903,-0.02783203125,-2.783203125,-0.18632812798023224,0.0,0.0,0.0,0.0,-0.053386688232421875,-0.022705078125,-0.00891907064942643,0.39280542418315273,1.0,8.206090323237282,-0.02404471847694367,3.8579622507095337,3.5576045513153076,0.2602054178714752,3.574279546737671,3.8046884536743164,4.129417419433594,4.497207164764404,0.0,0.0,0.0,2.4861788600683212,0.013350876928598154,0.1090087890625,7.156698971986771,0.000253216,0.005,0.0,0.0,0.0,0.0,0.0,0.0,0.0,0.0,0.0,,0.0,0.0,0.0,0.0,0.0,0.0,0.0,0.0,0.0,0.0,0.0,0.0,0.0,0.0,0.0,0.0,0.0,0.0,0.0,,,,,0.0,,1.9846060276031494,,,,,,,0.0,{},{},0.0,0.0,0.0,0.0,0.0,0.0,0.0,0,0,0.0,0.0,,0.0
242,42404-1785547340678310400,42404,495616,2532,2015,105,412,0.7958135860979463,0.84,0.865,-0.05416666343808174,0.13353025913238525,-7.076708793640137,4.116424083709717,12,10,1,1,0.8333333333333334,1.5833333333333333,2.25,0.6666666666666666,0.7254272103309631,0.004150390625,-0.01137695275247097,0.0028122877702116966,0.005473632365465164,-0.0283203125,-2.83203125,-0.18798828125,0.0,0.0,0.0,0.0,-0.05416666343808174,-0.024169921875,-0.009305472718551755,0.3849862560755869,1.0,7.777455995355989,-0.017960392928216606,4.586068674921989,3.9530556201934814,0.33463338017463684,4.237568378448486,4.485175609588623,5.045092582702637,5.159974575042725,0.0,0.0,0.0,2.329359695315361,0.012181418227555696,0.1024169921875,13.8201644718647,0.000252192,0.005,0.0,0.0,0.0,0.0,0.0,0.0,0.0,0.0,0.0,,0.0,0.0,0.0,0.0,0.0,0.0,0.0,0.0,0.0,0.0,0.0,0.0,0.0,0.0,0.0,0.0,0.0,0.0,0.0,,,,,0.0,,2.1569936275482178,,,,,,,0.0,{},{},0.0,0.0,0.0,0.0,0.0,0.0,0.0,0,0,0.0,0.0,,0.0
243,42404-1785547340678310400,42404,497664,2543,2026,105,412,0.7966968147856862,0.88,0.87,-0.05247117578983307,0.13250239193439484,-6.9907732009887695,4.210158348083496,11,11,0,0,1.0,1.8181818181818181,2.3636363636363638,0.5454545454545454,0.7377505898475647,0.00537109375,-0.009863280691206455,0.002929544076323509,0.004694824106991291,-0.026611328125,-2.6611328125,-0.18544921278953552,0.0,0.0,0.0,0.0,-0.05247117578983307,-0.021240234375,-0.007957188645377755,0.3746104630690868,1.0,8.730623160384742,-0.027316381718264893,4.618543118238449,4.158779144287109,0.25969618558883667,4.31969690322876,4.614229202270508,4.990667343139648,5.1074700355529785,0.0,0.0,0.0,2.291193902492523,0.012844025972299278,0.1019287109375,8.026046425104141,0.000251168,0.005,0.0,0.0,0.0,0.0,0.0,0.0,0.0,0.0,0.0,,0.0,0.0,0.0,0.0,0.0,0.0,0.0,0.0,0.0,0.0,0.0,0.0,0.0,0.0,0.0,0.0,0.0,0.0,0.0,,,,,0.0,,2.156034469604492,,,,,,,0.0,{},{},0.0,0.0,0.0,0.0,0.0,0.0,0.0,0,0,0.0,0.0,,0.0
244,42404-1785547340678310400,42404,499712,2555,2037,105,413,0.7972602739726027,0.9,0.865,-0.04888260364532471,0.13245290517807007,-7.394922733306885,4.268178462982178,12,11,0,1,0.9166666666666666,1.9166666666666667,2.3333333333333335,0.4166666666666667,0.7832943201065063,0.005126953125,-0.00551757775247097,0.0029043927788734436,0.004555664025247097,-0.0185546875,-1.85546875,-0.18203125894069672,0.0,0.0,0.0,0.0,-0.04888260364532471,-0.013427734375,-0.003652563551440835,0.2719961129204207,1.0,13.555354797960751,-0.021392013345445906,3.9520290408815657,3.5152525901794434,0.2330664098262787,3.709651470184326,3.9316465854644775,4.2291364669799805,4.448293685913086,0.0,0.0,0.0,2.283240692956107,0.013309340632986277,0.11007254464285714,9.392858709607806,0.00025014400000000005,0.005,0.0,0.0,0.0,0.0,0.0,0.0,0.0,0.0,0.0,,0.0,0.0,0.0,0.0,0.0,0.0,0.0,0.0,0.0,0.0,0.0,0.0,0.0,0.0,0.0,0.0,0.0,0.0,0.0,,,,,0.0,,1.9869076013565063,,,,,,,0.0,{},{},0.0,0.0,0.0,0.0,0.0,0.0,0.0,0,0,0.0,0.0,,0.0
245,42404-1785547340678310400,42404,501760,2566,2045,105,416,0.7969602494154325,0.86,0.855,-0.05706760287284851,0.13527624309062958,-7.911725044250488,3.9309866428375244,11,8,0,3,0.7272727272727273,1.5454545454545454,1.8181818181818181,0.2727272727272727,0.7820530533790588,0.003173828125,-0.012451171875,0.001916896435432136,0.003359374590218067,-0.031982421875,-3.1982421875,-0.19462889432907104,0.0,0.0,0.0,0.0,-0.05706760287284851,-0.02880859375,-0.01113210411858745,0.38640267596926625,1.0,6.75569728674397,-0.016381882887799293,3.469121277332306,3.103362560272217,0.2462954819202423,3.2071166038513184,3.4078359603881836,3.795384407043457,4.038834571838379,0.0,0.0,0.0,2.321887880563736,0.012474354880396277,0.093017578125,14.13541778922081,0.00024912000000000003,0.005,0.0,0.0,0.0,0.0,0.0,0.0,0.0,0.0,0.0,,0.0,0.0,0.0,0.0,0.0,0.0,0.0,0.0,0.0,0.0,0.0,0.0,0.0,0.0,0.0,0.0,0.0,0.0,0.0,,,,,0.0,,1.8351728916168213,,,,,,,0.0,{},{},0.0,0.0,0.0,0.0,0.0,0.0,0.0,0,0,0.0,0.0,,0.0
246,42404-1785547340678310400,42404,503808,2576,2054,106,416,0.797360248447205,0.88,0.855,-0.05471138656139374,0.13682091236114502,-8.426158905029297,3.4057469367980957,10,9,1,0,0.9,1.6,2.0,0.4,0.6717323660850525,0.00390625,-0.00859374925494194,0.0019342710729688406,0.0030517578125,-0.02392578125,-2.392578125,-0.19697266817092896,0.0,0.0,0.0,0.0,-0.05471138656139374,-0.02001953125,-0.00734724203357473,0.3669853682616304,1.0,9.838533538960359,-0.02208411309402436,3.740763619542122,3.3992457389831543,0.24204787611961365,3.425901174545288,3.7610931396484375,4.05725622177124,4.116476058959961,0.0,0.0,0.0,2.2641522139310837,0.016630049954983406,0.136474609375,10.980040982365608,0.000248096,0.005,0.0,0.0,0.0,0.0,0.0,0.0,0.0,0.0,0.0,,0.0,0.0,0.0,0.0,0.0,0.0,0.0,0.0,0.0,0.0,0.0,0.0,0.0,0.0,0.0,0.0,0.0,0.0,0.0,,,,,0.0,,1.9513105154037476,,,,,,,0.0,{},{},0.0,0.0,0.0,0.0,0.0,0.0,0.0,0,0,0.0,0.0,,0.0
247,42404-1785547340678310400,42404,505856,2588,2066,106,416,0.7982998454404946,0.9,0.875,-0.05122064799070358,0.1339782327413559,-6.624799728393555,4.012836456298828,12,12,0,0,1.0,2.0833333333333335,2.25,0.16666666666666666,0.6813708543777466,0.005859375,-0.007763671223074198,0.002941686660051346,0.004204101860523224,-0.0224609375,-2.24609375,-0.18671874701976776,0.0,0.0,0.0,0.0,-0.05122064799070358,-0.0166015625,-0.005977224092930555,0.36001816544467485,1.0,11.246381214934004,-0.01759056025184691,5.263274937868118,4.904637813568115,0.24321585893630981,4.97197961807251,5.215763092041016,5.6289167404174805,5.7123918533325195,0.0,0.0,0.0,2.356091871857643,0.007726406154688448,0.06396484375,16.26854920387268,0.00024707200000000004,0.005,0.0,0.0,0.0,0.0,0.0,0.0,0.0,0.0,0.0,,0.0,0.0,0.0,0.0,0.0,0.0,0.0,0.0,0.0,0.0,0.0,0.0,0.0,0.0,0.0,0.0,0.0,0.0,0.0,,,,,0.0,,2.2651357650756836,,,,,,,0.0,{},{},0.0,0.0,0.0,0.0,0.0,0.0,0.0,0,0,0.0,0.0,,0.0
248,42404-1785547340678310400,42404,507904,2597,2075,106,416,0.7989988448209473,0.92,0.89,-0.05176033452153206,0.1389877051115036,-7.753481388092041,3.2913990020751953,9,9,0,0,1.0,2.3333333333333335,2.6666666666666665,0.3333333333333333,0.5826904773712158,0.00439453125,-0.006542968563735485,0.002267942763864994,0.0038208006881177425,-0.019287109375,-1.9287109375,-0.19111329317092896,0.0,0.0,0.0,0.0,-0.05176033452153206,-0.014892578125,-0.005020782700739801,0.3371105760214892,1.0,12.831926053426397,-0.02248471087659709,4.412310644984245,3.9858005046844482,0.22083614766597748,4.094199180603027,4.430586338043213,4.661020755767822,4.7072906494140625,0.0,0.0,0.0,2.3843789398670197,0.00800409450312145,0.061279296875,10.758890599012375,0.000246048,0.005,0.0,0.0,0.0,0.0,0.0,0.0,0.0,0.0,0.0,,0.0,0.0,0.0,0.0,0.0,0.0,0.0,0.0,0.0,0.0,0.0,0.0,0.0,0.0,0.0,0.0,0.0,0.0,0.0,,,,,0.0,,2.126227378845215,,,,,,,0.0,{},{},0.0,0.0,0.0,0.0,0.0,0.0,0.0,0,0,0.0,0.0,,0.0
249,42404-1785547340678310400,42404,509952,2608,2086,106,416,0.7998466257668712,0.96,0.89,-0.06558756530284882,0.1338040679693222,-9.245790481567383,2.6683197021484375,11,11,0,0,1.0,1.5454545454545454,1.7272727272727273,0.18181818181818182,0.5946857333183289,0.00537109375,-0.019775390625,0.000275530299404636,0.0014062500558793545,-0.04541015625,-4.541015625,-0.21044921875,0.0,0.0,0.0,0.0,-0.06558756530284882,-0.0400390625,-0.019354945536179002,0.4833894936147765,1.0,5.255966290012659,-0.01572271451004781,3.238496854901314,2.94016695022583,0.17690308392047882,3.0036768913269043,3.2138986587524414,3.4714722633361816,3.56689190864563,0.0,0.0,0.0,2.4462288171052933,0.008910079479392152,0.0733642578125,17.61728873848915,0.00024502400000000004,0.005,0.0,0.0,0.0,0.0,0.0,0.0,0.0,0.0,0.0,,0.0,0.0,0.0,0.0,0.0,0.0,0.0,0.0,0.0,0.0,0.0,0.0,0.0,0.0,0.0,0.0,0.0,0.0,0.0,,,,,0.0,,1.6987669467926025,,,,,,,0.0,{},{},0.0,0.0,0.0,0.0,0.0,0.0,0.0,0,0,0.0,0.0,,0.0
250,42404-1785547340678310400,42404,512000,2617,2095,106,416,0.8005349636988919,0.98,0.89,-0.05744344741106033,0.13440470397472382,-9.039177894592285,3.8167405128479004,9,9,0,0,1.0,1.4444444444444444,2.0,0.5555555555555556,0.7877820730209351,0.00439453125,-0.012451171875,0.0015405650483444333,0.0033642577473074198,-0.03076171875,-3.076171875,-0.19785156846046448,0.0,0.0,0.0,0.0,-0.05744344741106033,-0.0263671875,-0.011224966176087037,0.42570109060727196,1.0,7.503419355633165,-0.025450591929256916,3.0763389905293783,2.735733985900879,0.1722228080034256,2.899933338165283,3.05366849899292,3.289022922515869,3.3659229278564453,0.0,0.0,0.0,2.2445932706197103,0.013734160379196206,0.10416666666666667,8.375855731964112,0.000244,0.005,0.0,0.0,0.0,0.0,0.0,0.0,0.0,0.0,0.0,,0.0,0.0,0.0,0.0,0.0,0.0,0.0,0.0,0.0,0.0,0.0,0.0,0.0,0.0,0.0,0.0,0.0,0.0,0.0,,,,,0.0,,1.7582623958587646,,,,,,,0.0,{},{},0.0,0.0,0.0,0.0,0.0,0.0,0.0,0,0,0.0,0.0,,0.0
251,42404-1785547340678310400,42404,514048,2628,2105,106,417,0.8009893455098934,0.98,0.89,-0.05434331297874451,0.13597694039344788,-8.364054679870605,3.626325845718384,11,10,0,1,0.9090909090909091,1.6363636363636365,1.8181818181818181,0.18181818181818182,0.740953803062439,0.004638671875,-0.010595702566206455,0.0020748747047036886,0.003913573920726776,-0.027587890625,-2.7587890625,-0.19130860269069672,0.0,0.0,0.0,0.0,-0.05434331297874451,-0.02294921875,-0.009098590409848839,0.3964489623807546,1.0,8.33580737397968,-0.021841391388859068,3.364183255604335,3.010873794555664,0.17013710737228394,3.1026644706726074,3.434390068054199,3.507537603378296,3.5893983840942383,0.0,0.0,0.0,2.1678452662059238,0.01762949305287163,0.12416294642857142,8.41833244051252,0.00024297600000000003,0.005,0.0,0.0,0.0,0.0,0.0,0.0,0.0,0.0,0.0,,0.0,0.0,0.0,0.0,0.0,0.0,0.0,0.0,0.0,0.0,0.0,0.0,0.0,0.0,0.0,0.0,0.0,0.0,0.0,,,,,0.0,,1.8456759452819824,,,,,,,0.0,{},{},0.0,0.0,0.0,0.0,0.0,0.0,0.0,0,0,0.0,0.0,,0.0
252,42404-1785547340678310400,42404,516096,2637,2113,107,417,0.80128934395146,0.96,0.885,-0.05561032146215439,0.13479289412498474,-8.034741401672363,3.4520654678344727,9,8,1,0,0.8888888888888888,1.4444444444444444,2.0,0.5555555555555556,0.6714087128639221,0.00341796875,-0.010839843191206455,0.0017465285491198301,0.004094238393008709,-0.026611328125,-2.6611328125,-0.19511719048023224,0.0,0.0,0.0,0.0,-0.05561032146215439,-0.023193359375,-0.00937965145567432,0.40439364174826753,1.0,8.412269005822983,-0.024067491700407118,3.814342424273491,3.444443702697754,0.23690186440944672,3.48718523979187,3.8676953315734863,4.080185890197754,4.185955047607422,0.0,0.0,0.0,2.1859368830919266,0.016831734239531215,0.1243896484375,9.488665163516998,0.000241952,0.005,0.0,0.0,0.0,0.0,0.0,0.0,0.0,0.0,0.0,,0.0,0.0,0.0,0.0,0.0,0.0,0.0,0.0,0.0,0.0,0.0,0.0,0.0,0.0,0.0,0.0,0.0,0.0,0.0,,,,,0.0,,1.9788234233856201,,,,,,,0.0,{},{},0.0,0.0,0.0,0.0,0.0,0.0,0.0,0,0,0.0,0.0,,0.0
253,42404-1785547340678310400,42404,518144,2648,2124,107,417,0.8021148036253777,0.96,0.905,-0.060884758830070496,0.13605813682079315,-8.479944229125977,3.4563050270080566,11,11,0,0,1.0,1.9090909090909092,2.272727272727273,0.36363636363636365,0.6732588410377502,0.00537109375,-0.015869140625,0.0011924172285944223,0.0025219726376235485,-0.037841796875,-3.7841796875,-0.20234374701976776,0.0,0.0,0.0,0.0,-0.060884758830070496,-0.032470703125,-0.014940543158445507,0.4601096253230637,1.0,6.231386947609258,-0.018671373621775553,3.8328146934509277,3.6485328674316406,0.15999551117420197,3.6718335151672363,3.7941336631774902,4.050947666168213,4.144437789916992,0.0,0.0,0.0,2.1221369413229136,0.018270798726007342,0.1407752403846154,6.521928163675161,0.00024092799999999998,0.005,0.0,0.0,0.0,0.0,0.0,0.0,0.0,0.0,0.0,,0.0,0.0,0.0,0.0,0.0,0.0,0.0,0.0,0.0,0.0,0.0,0.0,0.0,0.0,0.0,0.0,0.0,0.0,0.0,,,,,0.0,,1.9756680727005005,,,,,,,0.0,{},{},0.0,0.0,0.0,0.0,0.0,0.0,0.0,0,0,0.0,0.0,,0.0
254,42404-1785547340678310400,42404,520192,2655,2129,108,418,0.8018832391713747,0.92,0.9,-0.05657507851719856,0.13028162717819214,-7.840808868408203,3.7750608921051025,7,5,1,1,0.7142857142857143,1.5714285714285714,1.8571428571428572,0.2857142857142857,0.6157726049423218,0.001708984375,-0.012548827566206455,0.002026781439781189,0.0037060545291751623,-0.031982421875,-3.1982421875,-0.19072265923023224,0.0,0.0,0.0,0.0,-0.05657507851719856,-0.0302734375,-0.011115618573967367,0.3671618530969359,1.0,6.299792002088634,-0.023274372273590416,5.3708062171936035,4.771434783935547,0.33355146646499634,4.903497695922852,5.2694549560546875,5.80980110168457,5.846979141235352,0.0,0.0,0.0,2.171344682574272,0.014161627208522987,0.114501953125,8.664450854063034,0.000239904,0.005,0.0,0.0,0.0,0.0,0.0,0.0,0.0,0.0,0.0,,0.0,0.0,0.0,0.0,0.0,0.0,0.0,0.0,0.0,0.0,0.0,0.0,0.0,0.0,0.0,0.0,0.0,0.0,0.0,,,,,0.0,,2.340012311935425,,,,,,,0.0,{},{},0.0,0.0,0.0,0.0,0.0,0.0,0.0,0,0,0.0,0.0,,0.0
255,42404-1785547340678310400,42404,522240,2667,2136,109,422,0.8008998875140607,0.82,0.885,-0.05988885462284088,0.13192592561244965,-8.176538467407227,3.796673059463501,12,7,1,4,0.5833333333333334,0.9166666666666666,1.5833333333333333,0.6666666666666666,0.7717423439025879,0.001953125,-0.015869140625,0.0018018607515841722,0.003867187537252903,-0.03857421875,-3.857421875,-0.19482421875,0.0,0.0,0.0,0.0,-0.05988885462284088,-0.03662109375,-0.014451878552790731,0.3946218545407642,1.0,5.319854732500104,-0.022250502137467265,3.282601684331894,2.95034122467041,0.18425048887729645,3.0522289276123047,3.293320417404175,3.5305309295654297,3.5617403984069824,0.0,0.0,0.0,2.1396804600954056,0.012541676973341964,0.1055908203125,11.002014994621277,0.00023888,0.005,0.0,0.0,0.0,0.0,0.0,0.0,0.0,0.0,0.0,,0.0,0.0,0.0,0.0,0.0,0.0,0.0,0.0,0.0,0.0,0.0,0.0,0.0,0.0,0.0,0.0,0.0,0.0,0.0,,,,,0.0,,1.8139106035232544,,,,,,,0.0,{},{},0.0,0.0,0.0,0.0,0.0,0.0,0.0,0,0,0.0,0.0,,0.0
256,42404-1785547340678310400,42404,524288,2677,2145,109,423,0.8012700784460217,0.82,0.885,-0.06018035486340523,0.13191284239292145,-8.655126571655273,4.070497512817383,10,9,0,1,0.9,1.2,1.8,0.6,0.8064252138137817,0.004150390625,-0.01723632961511612,0.0016286229947581887,0.004111327696591616,-0.039794921875,-3.9794921875,-0.19580078125,0.0,0.0,0.0,0.0,-0.06018035486340523,-0.03564453125,-0.01580134194227867,0.44329096490261083,1.0,5.492996580041152,-0.025983523142834506,3.141543960571289,2.6252853870391846,0.32212674617767334,2.737682580947876,3.1726059913635254,3.498552083969116,3.8749122619628906,0.0,0.0,0.0,2.196781277656555,0.013092384836636484,0.1,6.242313480377197,0.00023785600000000002,0.005,0.0,0.0,0.0,0.0,0.0,0.0,0.0,0.0,0.0,,0.0,0.0,0.0,0.0,0.0,0.0,0.0,0.0,0.0,0.0,0.0,0.0,0.0,0.0,0.0,0.0,0.0,0.0,0.0,,,,,0.0,,1.7909022569656372,,,,,,,0.0,{},{},0.0,0.0,0.0,0.0,0.0,0.0,0.0,0,0,0.0,0.0,,0.0
257,42404-1785547340678310400,42404,526336,2689,2155,110,424,0.8014131647452585,0.8,0.885,-0.05727962404489517,0.13112400472164154,-8.779999732971191,4.262906074523926,12,10,1,1,0.8333333333333334,1.0833333333333333,1.8333333333333333,0.75,0.7863715291023254,0.004150390625,-0.01381835900247097,0.0020083612762391567,0.004199218470603228,-0.034423828125,-3.4423828125,-0.19208985567092896,0.0,0.0,0.0,0.0,-0.05727962404489517,-0.0302734375,-0.012266464065760374,0.40517562269358015,1.0,6.34495209600274,-0.016188685956876725,4.017735004425049,3.582831621170044,0.34634631872177124,3.6137633323669434,3.9549362659454346,4.472702980041504,4.8233795166015625,0.0,0.0,0.0,2.0456197559833527,0.006789964667405002,0.0506591796875,12.470145136117935,0.000236832,0.005,0.0,0.0,0.0,0.0,0.0,0.0,0.0,0.0,0.0,,0.0,0.0,0.0,0.0,0.0,0.0,0.0,0.0,0.0,0.0,0.0,0.0,0.0,0.0,0.0,0.0,0.0,0.0,0.0,,,,,0.0,,1.9703136682510376,,,,,,,0.0,{},{},0.0,0.0,0.0,0.0,0.0,0.0,0.0,0,0,0.0,0.0,,0.0
258,42404-1785547340678310400,42404,528384,2699,2163,110,426,0.8014079288625416,0.78,0.88,-0.0588553287088871,0.13100188970565796,-8.71537971496582,4.112566947937012,10,8,0,2,0.8,1.5,2.0,0.5,0.7972411513328552,0.00341796875,-0.015136717818677425,0.0019537422340363264,0.0036547849886119366,-0.03564453125,-3.564453125,-0.19521483778953552,0.0,0.0,0.0,0.0,-0.0588553287088871,-0.0322265625,-0.01373458601301536,0.4261751416358392,1.0,6.057387610047627,-0.015636842930689454,3.372010827064514,3.0234897136688232,0.3195159435272217,3.0553321838378906,3.258017063140869,3.8066515922546387,3.9800350666046143,0.0,0.0,0.0,2.13256516456604,0.015081694861873985,0.108984375,4.472479224205017,0.00023580800000000003,0.005,0.0,0.0,0.0,0.0,0.0,0.0,0.0,0.0,0.0,,0.0,0.0,0.0,0.0,0.0,0.0,0.0,0.0,0.0,0.0,0.0,0.0,0.0,0.0,0.0,0.0,0.0,0.0,0.0,,,,,0.0,,1.8518375158309937,,,,,,,0.0,{},{},0.0,0.0,0.0,0.0,0.0,0.0,0.0,0,0,0.0,0.0,,0.0
259,42404-1785547340678310400,42404,530432,2713,2176,110,427,0.8020641356431994,0.86,0.885,-0.045318182557821274,0.13690072298049927,-6.926301956176758,4.196979999542236,14,13,0,1,0.9285714285714286,1.7857142857142858,2.0714285714285716,0.2857142857142857,0.6625934839248657,0.006103515625,-0.002880859188735485,0.0037186683621257544,0.005009765736758709,-0.01171875,-1.171875,-0.17802734673023224,0.0,0.0,0.0,0.0,-0.045318182557821274,-0.005615234375,-0.0006987506640143692,0.12441622221550702,1.0,31.698703231243307,-0.005592758592683822,6.480537980794907,5.94393253326416,0.42346277832984924,6.0034074783325195,6.410377502441406,7.10597038269043,7.375856399536133,0.0,0.0,0.0,1.9883558601140976,0.016320474249369,0.1221923828125,22.18973219394684,0.000234784,0.005,0.0,0.0,0.0,0.0,0.0,0.0,0.0,0.0,0.0,,0.0,0.0,0.0,0.0,0.0,0.0,0.0,0.0,0.0,0.0,0.0,0.0,0.0,0.0,0.0,0.0,0.0,0.0,0.0,,,,,0.0,,2.437887191772461,,,,,,,0.0,{},{},0.0,0.0,0.0,0.0,0.0,0.0,0.0,0,0,0.0,0.0,,0.0
260,42404-1785547340678310400,42404,532480,2724,2187,110,427,0.802863436123348,0.88,0.89,-0.04426082968711853,0.13374096155166626,-5.874360084533691,4.458239555358887,11,11,0,0,1.0,1.7272727272727273,2.3636363636363638,0.6363636363636364,0.7710733413696289,0.00537109375,-0.002539062639698386,0.0034644557163119316,0.006064452696591616,-0.011962890625,-1.1962890625,-0.17363281548023224,0.0,0.0,0.0,0.0,-0.04426082968711853,-0.006591796875,-0.00015683553647249937,0.0237889228875263,1.0,26.336745810969983,-0.015414506662636995,4.662972390651703,4.064695358276367,0.36601898074150085,4.174194812774658,4.803440093994141,4.951464653015137,5.383550643920898,0.0,0.0,0.0,1.7578206732869148,0.006752247227268526,0.0560302734375,16.14977417886257,0.00023376000000000004,0.005,0.0,0.0,0.0,0.0,0.0,0.0,0.0,0.0,0.0,,0.0,0.0,0.0,0.0,0.0,0.0,0.0,0.0,0.0,0.0,0.0,0.0,0.0,0.0,0.0,0.0,0.0,0.0,0.0,,,,,0.0,,2.13310170173645,,,,,,,0.0,{},{},0.0,0.0,0.0,0.0,0.0,0.0,0.0,0,0,0.0,0.0,,0.0
261,42404-1785547340678310400,42404,534528,2735,2196,111,428,0.8029250457038392,0.88,0.89,-0.04966681823134422,0.1382242888212204,-7.073156356811523,4.233219146728516,11,9,1,1,0.8181818181818182,1.2727272727272727,2.272727272727273,1.0,0.7638187408447266,0.003662109375,-0.005957030691206455,0.00251772440969944,0.00509033165872097,-0.017822265625,-1.7822265625,-0.18544922769069672,0.0,0.0,0.0,0.0,-0.04966681823134422,-0.01416015625,-0.004055016674101353,0.28634785200547114,1.0,13.095627533288232,-0.01863032637629658,4.18908429145813,3.4891934394836426,0.3273552656173706,3.869385242462158,4.169367790222168,4.576644420623779,4.687839508056641,0.0,0.0,0.0,1.8628658950328827,0.01203613575489726,0.0980224609375,14.23370549082756,0.00023273600000000002,0.005,0.0,0.0,0.0,0.0,0.0,0.0,0.0,0.0,0.0,,0.0,0.0,0.0,0.0,0.0,0.0,0.0,0.0,0.0,0.0,0.0,0.0,0.0,0.0,0.0,0.0,0.0,0.0,0.0,,,,,0.0,,2.0572803020477295,,,,,,,0.0,{},{},0.0,0.0,0.0,0.0,0.0,0.0,0.0,0,0,0.0,0.0,,0.0
262,42404-1785547340678310400,42404,536576,2747,2205,111,431,0.8026938478340008,0.88,0.88,-0.056372277438640594,0.13153989613056183,-8.085875511169434,4.042609214782715,12,9,0,3,0.75,1.4166666666666667,1.8333333333333333,0.4166666666666667,0.7906122803688049,0.003662109375,-0.01318359375,0.0016065402887761593,0.003818359225988388,-0.033203125,-3.3203125,-0.19013671576976776,0.0,0.0,0.0,0.0,-0.056372277438640594,-0.029541015625,-0.011827368871308863,0.4003575457220977,1.0,6.436145663969662,-0.01778574647323694,3.4570611268281937,3.054657220840454,0.23272739350795746,3.1656746864318848,3.4973158836364746,3.7787117958068848,3.827007532119751,0.0,0.0,0.0,1.8735470846295357,0.009080581541638821,0.0704345703125,13.828389421105385,0.00023171199999999997,0.005,0.0,0.0,0.0,0.0,0.0,0.0,0.0,0.0,0.0,,0.0,0.0,0.0,0.0,0.0,0.0,0.0,0.0,0.0,0.0,0.0,0.0,0.0,0.0,0.0,0.0,0.0,0.0,0.0,,,,,0.0,,1.8498533964157104,,,,,,,0.0,{},{},0.0,0.0,0.0,0.0,0.0,0.0,0.0,0,0,0.0,0.0,,0.0
263,42404-1785547340678310400,42404,538624,2757,2213,111,433,0.802684076895176,0.86,0.875,-0.05445454642176628,0.1305910348892212,-8.24197006225586,4.19078254699707,10,8,0,2,0.8,1.2,2.0,0.8,0.764661967754364,0.00341796875,-0.011425781063735485,0.0021578508894890547,0.004023437388241291,-0.029296875,-2.9296875,-0.18740235269069672,0.0,0.0,0.0,0.0,-0.05445454642176628,-0.02587890625,-0.009880458994302899,0.38178109684237743,1.0,7.241229967388182,-0.011936073587276042,4.255624532699585,3.8866755962371826,0.24333234131336212,3.9587807655334473,4.29434871673584,4.474559783935547,4.751526832580566,0.0,0.0,0.0,1.8543887853622436,0.01207475031260401,0.078515625,19.98395757675171,0.000230688,0.005,0.0,0.0,0.0,0.0,0.0,0.0,0.0,0.0,0.0,,0.0,0.0,0.0,0.0,0.0,0.0,0.0,0.0,0.0,0.0,0.0,0.0,0.0,0.0,0.0,0.0,0.0,0.0,0.0,,,,,0.0,,2.033017873764038,,,,,,,0.0,{},{},0.0,0.0,0.0,0.0,0.0,0.0,0.0,0,0,0.0,0.0,,0.0
264,42404-1785547340678310400,42404,540672,2767,2220,111,436,0.8023129743404409,0.8,0.87,-0.055119436234235764,0.13236922025680542,-8.204168319702148,3.810990571975708,10,7,0,3,0.7,1.1,1.6,0.5,0.7754496335983276,0.002685546875,-0.01132812537252903,0.001759562874212861,0.003994140774011612,-0.029052734375,-2.9052734375,-0.18896484375,0.0,0.0,0.0,0.0,-0.055119436234235764,-0.0263671875,-0.009889699460472912,0.37506178460210476,1.0,7.1663948745055,-0.02135598616531262,3.237019887337318,2.857884407043457,0.17269070446491241,3.0474853515625,3.230825901031494,3.4037487506866455,3.567579746246338,0.0,0.0,0.0,1.8692169739649847,0.012786753233880378,0.08653846153846154,8.221770029801588,0.00022966399999999997,0.005,0.0,0.0,0.0,0.0,0.0,0.0,0.0,0.0,0.0,,0.0,0.0,0.0,0.0,0.0,0.0,0.0,0.0,0.0,0.0,0.0,0.0,0.0,0.0,0.0,0.0,0.0,0.0,0.0,,,,,0.0,,1.805904507637024,,,,,,,0.0,{},{},0.0,0.0,0.0,0.0,0.0,0.0,0.0,0,0,0.0,0.0,,0.0
265,42404-1785547340678310400,42404,542720,2776,2229,111,436,0.8029538904899135,0.82,0.875,-0.05569114536046982,0.13479401171207428,-8.384657859802246,3.3089888095855713,9,9,0,0,1.0,2.3333333333333335,2.5555555555555554,0.2222222222222222,0.669633150100708,0.00439453125,-0.01171875,0.0017616915283724666,0.002485351637005806,-0.02880859375,-2.880859375,-0.19248047471046448,0.0,0.0,0.0,0.0,-0.05569114536046982,-0.0244140625,-0.010656989208655432,0.4364923992578529,1.0,7.883677328717241,-0.023734785499982536,3.5551472902297974,3.2030882835388184,0.19865384697914124,3.338122844696045,3.5432536602020264,3.7861413955688477,3.9590704441070557,0.0,0.0,0.0,1.8705362752079964,0.013328179124073358,0.1024169921875,8.498744547367096,0.00022864,0.005,0.0,0.0,0.0,0.0,0.0,0.0,0.0,0.0,0.0,,0.0,0.0,0.0,0.0,0.0,0.0,0.0,0.0,0.0,0.0,0.0,0.0,0.0,0.0,0.0,0.0,0.0,0.0,0.0,,,,,0.0,,1.9019256830215454,,,,,,,0.0,{},{},0.0,0.0,0.0,0.0,0.0,0.0,0.0,0,0,0.0,0.0,,0.0
266,42404-1785547340678310400,42404,544768,2790,2239,112,439,0.8025089605734766,0.78,0.855,-0.0469195619225502,0.13644108176231384,-6.904967308044434,3.5784966945648193,14,10,1,3,0.7142857142857143,1.4285714285714286,1.8571428571428572,0.42857142857142855,0.6276232600212097,0.003662109375,-0.0029785153456032276,0.0029097357764840126,0.0036962886806577444,-0.01318359375,-1.318359375,-0.18007813394069672,0.0,0.0,0.0,0.0,-0.0469195619225502,-0.009521484375,-0.0013270092313177884,0.13935535928015513,1.0,18.910835329220138,-0.014254710520617664,4.985268652439117,4.577764511108398,0.26395726203918457,4.671799182891846,4.947989463806152,5.264481067657471,5.591861724853516,0.0,0.0,0.0,1.7551896125078201,0.008803514785540756,0.07080078125,18.876634940505028,0.00022761599999999998,0.005,0.0,0.0,0.0,0.0,0.0,0.0,0.0,0.0,0.0,,0.0,0.0,0.0,0.0,0.0,0.0,0.0,0.0,0.0,0.0,0.0,0.0,0.0,0.0,0.0,0.0,0.0,0.0,0.0,,,,,0.0,,2.18369460105896,,,,,,,0.0,{},{},0.0,0.0,0.0,0.0,0.0,0.0,0.0,0,0,0.0,0.0,,0.0
267,42404-1785547340678310400,42404,546816,2799,2248,112,439,0.8031439799928546,0.82,0.855,-0.05173245817422867,0.13378788530826569,-7.332773208618164,3.962703227996826,9,9,0,0,1.0,2.2222222222222223,2.4444444444444446,0.2222222222222222,0.7532134652137756,0.00439453125,-0.008593750186264515,0.0026195491664111614,0.004238281399011612,-0.02392578125,-2.392578125,-0.18486329913139343,0.0,0.0,0.0,0.0,-0.05173245817422867,-0.01953125,-0.006879292544908822,0.3522017455699585,1.0,9.46451633229113,-0.019128861013226785,3.8046309764568624,3.4615325927734375,0.2592643201351166,3.4914331436157227,3.7767062187194824,4.090733528137207,4.35433292388916,0.0,0.0,0.0,1.8489584831091075,0.013875865225250332,0.10501802884615384,8.007679554132315,0.00022659200000000002,0.005,0.0,0.0,0.0,0.0,0.0,0.0,0.0,0.0,0.0,,0.0,0.0,0.0,0.0,0.0,0.0,0.0,0.0,0.0,0.0,0.0,0.0,0.0,0.0,0.0,0.0,0.0,0.0,0.0,,,,,0.0,,1.968576431274414,,,,,,,0.0,{},{},0.0,0.0,0.0,0.0,0.0,0.0,0.0,0,0,0.0,0.0,,0.0
268,42404-1785547340678310400,42404,548864,2808,2256,112,440,0.8034188034188035,0.84,0.85,-0.058273714035749435,0.13149182498455048,-8.18887710571289,3.626516819000244,9,8,0,1,0.8888888888888888,1.6666666666666667,2.111111111111111,0.4444444444444444,0.709320068359375,0.003662109375,-0.014111327938735485,0.0012772068148478866,0.0034448239021003246,-0.03466796875,-3.466796875,-0.19482421875,0.0,0.0,0.0,0.0,-0.058273714035749435,-0.031005859375,-0.012930820259498432,0.41703095767010206,1.0,6.283261919363609,-0.015471345641546778,3.761522558000353,3.42402720451355,0.21133649349212646,3.5345475673675537,3.702845335006714,4.070425033569336,4.0844011306762695,0.0,0.0,0.0,1.822251280148824,0.01441533214205669,0.10069444444444445,5.164731052186754,0.000225568,0.005,0.0,0.0,0.0,0.0,0.0,0.0,0.0,0.0,0.0,,0.0,0.0,0.0,0.0,0.0,0.0,0.0,0.0,0.0,0.0,0.0,0.0,0.0,0.0,0.0,0.0,0.0,0.0,0.0,,,,,0.0,,1.9552271366119385,,,,,,,0.0,{},{},0.0,0.0,0.0,0.0,0.0,0.0,0.0,0,0,0.0,0.0,,0.0
269,42404-1785547340678310400,42404,550912,2820,2265,113,442,0.8031914893617021,0.84,0.84,-0.04995373636484146,0.1363084465265274,-7.266348838806152,4.064678192138672,12,9,1,2,0.75,1.4166666666666667,1.9166666666666667,0.5,0.7315988540649414,0.00341796875,-0.006396484095603228,0.0022225165739655495,0.004628906026482582,-0.020263671875,-2.0263671875,-0.18251954019069672,0.0,0.0,0.0,0.0,-0.04995373636484146,-0.016845703125,-0.004683628445491195,0.27801454152420074,1.0,10.834139999763112,-0.014446298941038549,4.423940698305766,3.8616080284118652,0.2974923849105835,4.042055130004883,4.45407772064209,4.810251235961914,4.8521575927734375,0.0,0.0,0.0,1.535395900408427,0.014335143884333471,0.09586588541666667,8.039577802022299,0.00022454400000000002,0.005,0.0,0.0,0.0,0.0,0.0,0.0,0.0,0.0,0.0,,0.0,0.0,0.0,0.0,0.0,0.0,0.0,0.0,0.0,0.0,0.0,0.0,0.0,0.0,0.0,0.0,0.0,0.0,0.0,,,,,0.0,,2.1058061122894287,,,,,,,0.0,{},{},0.0,0.0,0.0,0.0,0.0,0.0,0.0,0,0,0.0,0.0,,0.0
270,42404-1785547340678310400,42404,552960,2830,2272,114,444,0.8028268551236749,0.8,0.825,-0.056068576872348785,0.13249646127223969,-8.927922248840332,3.6240549087524414,10,7,1,2,0.7,1.0,1.8,0.8,0.8253053426742554,0.00244140625,-0.011572265066206455,0.0015336629003286362,0.0026025387924164534,-0.029541015625,-2.9541015625,-0.19277343153953552,0.0,0.0,0.0,0.0,-0.056068576872348785,-0.027099609375,-0.010538214643020183,0.3888552651049081,1.0,7.113250808203848,-0.016737737460061908,2.2876558899879456,1.9771227836608887,0.1518344283103943,2.128885507583618,2.2969746589660645,2.486208915710449,2.504330635070801,0.0,0.0,0.0,1.6696296334266663,0.012054538361553568,0.0924072265625,9.76939806342125,0.00022352,0.005,0.0,0.0,0.0,0.0,0.0,0.0,0.0,0.0,0.0,,0.0,0.0,0.0,0.0,0.0,0.0,0.0,0.0,0.0,0.0,0.0,0.0,0.0,0.0,0.0,0.0,0.0,0.0,0.0,,,,,0.0,,1.5147277116775513,,,,,,,0.0,{},{},0.0,0.0,0.0,0.0,0.0,0.0,0.0,0,0,0.0,0.0,,0.0
271,42404-1785547340678310400,42404,555008,2839,2279,115,445,0.8027474462839028,0.82,0.82,-0.059047456830739975,0.13186484575271606,-8.84092903137207,3.682184934616089,9,7,1,1,0.7777777777777778,1.0,1.5555555555555556,0.5555555555555556,0.7747611403465271,0.002685546875,-0.015332031063735485,0.0013125160476192832,0.0037329101469367743,-0.0380859375,-3.80859375,-0.19345703721046448,0.0,0.0,0.0,0.0,-0.059047456830739975,-0.035400390625,-0.01407067451509647,0.39746106767794437,1.0,5.46467338697841,-0.021941976563539356,3.027588829398155,2.7366840839385986,0.1317237764596939,2.853757381439209,3.0405750274658203,3.192244052886963,3.2356815338134766,0.0,0.0,0.0,1.5826143324375153,0.015447198442416266,0.1114501953125,6.460386887192726,0.00022249600000000003,0.005,0.0,0.0,0.0,0.0,0.0,0.0,0.0,0.0,0.0,,0.0,0.0,0.0,0.0,0.0,0.0,0.0,0.0,0.0,0.0,0.0,0.0,0.0,0.0,0.0,0.0,0.0,0.0,0.0,,,,,0.0,,1.7475403547286987,,,,,,,0.0,{},{},0.0,0.0,0.0,0.0,0.0,0.0,0.0,0,0,0.0,0.0,,0.0
272,42404-1785547340678310400,42404,557056,2850,2287,115,448,0.8024561403508772,0.76,0.81,-0.05934004485607147,0.13082601130008698,-9.760099411010742,3.3353521823883057,11,8,0,3,0.7272727272727273,1.4545454545454546,1.7272727272727273,0.2727272727272727,0.7824779152870178,0.003173828125,-0.01499023474752903,0.0011217633727937937,0.002280273474752903,-0.03857421875,-3.857421875,-0.19355469942092896,0.0,0.0,0.0,0.0,-0.05934004485607147,-0.035400390625,-0.014139725535642356,0.3994115848561346,1.0,5.467432098112076,-0.006486520229373127,2.682534158229828,2.261228561401367,0.19599904119968414,2.4667105674743652,2.6983957290649414,2.9072086811065674,2.983931541442871,0.0,0.0,0.0,1.5276977121829987,0.014035803425940685,0.104736328125,17.388337552547455,0.000221472,0.005,0.0,0.0,0.0,0.0,0.0,0.0,0.0,0.0,0.0,,0.0,0.0,0.0,0.0,0.0,0.0,0.0,0.0,0.0,0.0,0.0,0.0,0.0,0.0,0.0,0.0,0.0,0.0,0.0,,,,,0.0,,1.5555835962295532,,,,,,,0.0,{},{},0.0,0.0,0.0,0.0,0.0,0.0,0.0,0,0,0.0,0.0,,0.0
273,42404-1785547340678310400,42404,559104,2862,2295,115,452,0.8018867924528302,0.7,0.815,-0.05668104067444801,0.13108223676681519,-9.031103134155273,3.556637763977051,12,8,0,4,0.6666666666666666,1.25,1.25,0.0,0.6841033101081848,0.0029296875,-0.012402343563735485,0.0007756141712889075,0.0025756836403161287,-0.031982421875,-3.1982421875,-0.19179688394069672,0.0,0.0,0.0,0.0,-0.05668104067444801,-0.029052734375,-0.011564519110834226,0.39803899084260924,1.0,6.601453756861392,-0.022551991045475006,3.9034417420625687,3.262239933013916,0.23062916100025177,3.7045559883117676,3.92976713180542,4.068819999694824,4.385035514831543,0.0,0.0,0.0,1.5865371227264404,0.014625166695623193,0.11669921875,10.612304911017418,0.000220448,0.005,0.0,0.0,0.0,0.0,0.0,0.0,0.0,0.0,0.0,,0.0,0.0,0.0,0.0,0.0,0.0,0.0,0.0,0.0,0.0,0.0,0.0,0.0,0.0,0.0,0.0,0.0,0.0,0.0,,,,,0.0,,1.9989970922470093,,,,,,,0.0,{},{},0.0,0.0,0.0,0.0,0.0,0.0,0.0,0,0,0.0,0.0,,0.0
274,42404-1785547340678310400,42404,561152,2872,2303,115,454,0.8018802228412256,0.72,0.81,-0.05162127688527107,0.1315765231847763,-7.382280349731445,4.15418815612793,10,8,0,2,0.8,1.7,2.0,0.3,0.7244699001312256,0.00341796875,-0.00917968712747097,0.0024963233154267073,0.003391113132238388,-0.02685546875,-2.685546875,-0.17978516221046448,0.0,0.0,0.0,0.0,-0.05162127688527107,-0.0234375,-0.007707828015554696,0.32885329758963655,1.0,7.670506312710475,-0.015011696959845722,4.88626104593277,4.454132080078125,0.2556453347206116,4.508205413818359,4.9670090675354,5.144563674926758,5.29791784286499,0.0,0.0,0.0,1.4532999470829964,0.008359243041923037,0.065185546875,16.242594957351685,0.00021942400000000002,0.005,0.0,0.0,0.0,0.0,0.0,0.0,0.0,0.0,0.0,,0.0,0.0,0.0,0.0,0.0,0.0,0.0,0.0,0.0,0.0,0.0,0.0,0.0,0.0,0.0,0.0,0.0,0.0,0.0,,,,,0.0,,2.1805732250213623,,,,,,,0.0,{},{},0.0,0.0,0.0,0.0,0.0,0.0,0.0,0,0,0.0,0.0,,0.0
275,42404-1785547340678310400,42404,563200,2881,2309,115,457,0.801457827143353,0.72,0.8,-0.05756578594446182,0.13228553533554077,-9.139871597290039,3.5173568725585938,9,6,0,3,0.6666666666666666,1.6666666666666667,1.8888888888888888,0.2222222222222222,0.6784875392913818,0.002197265625,-0.01289062388241291,0.0010134353069588542,0.002158203162252903,-0.032470703125,-3.2470703125,-0.19355469942092896,0.0,0.0,0.0,0.0,-0.05756578594446182,-0.0302734375,-0.012097714265109971,0.3996016198520607,1.0,6.39333759449466,-0.01836913885199465,3.9966894388198853,3.707153797149658,0.22049029171466827,3.7493066787719727,3.937668800354004,4.27900505065918,4.409793853759766,0.0,0.0,0.0,1.649645745754242,0.009708380786833004,0.0770263671875,12.191216439008713,0.0002184,0.005,0.0,0.0,0.0,0.0,0.0,0.0,0.0,0.0,0.0,,0.0,0.0,0.0,0.0,0.0,0.0,0.0,0.0,0.0,0.0,0.0,0.0,0.0,0.0,0.0,0.0,0.0,0.0,0.0,,,,,0.0,,1.994414210319519,,,,,,,0.0,{},{},0.0,0.0,0.0,0.0,0.0,0.0,0.0,0,0,0.0,0.0,,0.0
276,42404-1785547340678310400,42404,565248,2888,2315,115,458,0.8015927977839336,0.72,0.8,-0.05343276262283325,0.13096825778484344,-8.151350021362305,2.6493544578552246,7,6,0,1,0.8571428571428571,1.4285714285714286,1.8571428571428572,0.42857142857142855,0.46927350759506226,0.002685546875,-0.00927734375,0.0019640852697193623,0.003220214508473873,-0.0244140625,-2.44140625,-0.18896484375,0.0,0.0,0.0,0.0,-0.05343276262283325,-0.021728515625,-0.007981268805451691,0.3673008153145011,1.0,8.69622899152866,-0.02129487198544666,3.7206875532865524,3.2183375358581543,0.24562713503837585,3.3613739013671875,3.7692558765411377,3.9796981811523438,4.055583953857422,0.0,0.0,0.0,1.5961127430200577,0.010145619249669835,0.069091796875,10.014802813529968,0.00021737600000000003,0.005,0.0,0.0,0.0,0.0,0.0,0.0,0.0,0.0,0.0,,0.0,0.0,0.0,0.0,0.0,0.0,0.0,0.0,0.0,0.0,0.0,0.0,0.0,0.0,0.0,0.0,0.0,0.0,0.0,,,,,0.0,,1.930080533027649,,,,,,,0.0,{},{},0.0,0.0,0.0,0.0,0.0,0.0,0.0,0,0,0.0,0.0,,0.0
277,42404-1785547340678310400,42404,567296,2901,2327,115,459,0.80213719407101,0.8,0.815,-0.04951060935854912,0.13426223397254944,-7.374724864959717,3.4950499534606934,13,12,0,1,0.9230769230769231,1.7692307692307692,2.076923076923077,0.3076923076923077,0.700560450553894,0.005615234375,-0.0062500000931322575,0.002220660448074341,0.004167480394244194,-0.021728515625,-2.1728515625,-0.18144531548023224,0.0,0.0,0.0,0.0,-0.04951060935854912,-0.01611328125,-0.004652964882552624,0.2887479007202151,1.0,11.259907448880615,-0.022814449854195118,3.5678167790174484,3.1808342933654785,0.20349712669849396,3.2409281730651855,3.6028923988342285,3.7598068714141846,3.9243414402008057,0.0,0.0,0.0,1.4371079206466675,0.017385903956892435,0.1275634765625,6.5012325793504715,0.000216352,0.005,0.0,0.0,0.0,0.0,0.0,0.0,0.0,0.0,0.0,,0.0,0.0,0.0,0.0,0.0,0.0,0.0,0.0,0.0,0.0,0.0,0.0,0.0,0.0,0.0,0.0,0.0,0.0,0.0,,,,,0.0,,1.91252863407135,,,,,,,0.0,{},{},0.0,0.0,0.0,0.0,0.0,0.0,0.0,0,0,0.0,0.0,,0.0
278,42404-1785547340678310400,42404,569344,2909,2335,115,459,0.8026813337916809,0.86,0.815,-0.06197134405374527,0.1335557997226715,-8.718733787536621,3.550018310546875,8,8,0,0,1.0,1.75,2.125,0.375,0.7607202529907227,0.00390625,-0.01645507849752903,0.0006286943098530173,0.0020825194660574198,-0.0380859375,-3.80859375,-0.20361328125,0.0,0.0,0.0,0.0,-0.06197134405374527,-0.0341796875,-0.01577727505355142,0.46158448549495734,1.0,5.956968573262314,-0.014324080824735574,3.054792955517769,2.8333323001861572,0.1137290745973587,2.9092512130737305,3.063908576965332,3.155400037765503,3.329699993133545,0.0,0.0,0.0,1.5034966692328453,0.014326283970149234,0.107177734375,12.92411583662033,0.00021532800000000004,0.005,0.0,0.0,0.0,0.0,0.0,0.0,0.0,0.0,0.0,,0.0,0.0,0.0,0.0,0.0,0.0,0.0,0.0,0.0,0.0,0.0,0.0,0.0,0.0,0.0,0.0,0.0,0.0,0.0,,,,,0.0,,1.7365350723266602,,,,,,,0.0,{},{},0.0,0.0,0.0,0.0,0.0,0.0,0.0,0,0,0.0,0.0,,0.0
279,42404-1785547340678310400,42404,571392,2919,2342,115,462,0.802329564919493,0.84,0.8,-0.059645116329193115,0.1281714290380478,-9.361942291259766,3.469935894012451,10,7,0,3,0.7,1.1,1.4,0.3,0.7375791072845459,0.002685546875,-0.01621093600988388,0.0009103288175538182,0.0021826173178851604,-0.0380859375,-3.80859375,-0.19355468451976776,0.0,0.0,0.0,0.0,-0.059645116329193115,-0.035400390625,-0.015437699476024136,0.43607607507718166,1.0,5.467431677191855,-0.02089873488460268,3.1053809779030934,2.7728006839752197,0.2015208750963211,2.825481653213501,3.1313724517822266,3.3426554203033447,3.409188985824585,0.0,0.0,0.0,1.5089834673064095,0.014497045477453088,0.0966796875,5.467086962291172,0.000214304,0.005,0.0,0.0,0.0,0.0,0.0,0.0,0.0,0.0,0.0,,0.0,0.0,0.0,0.0,0.0,0.0,0.0,0.0,0.0,0.0,0.0,0.0,0.0,0.0,0.0,0.0,0.0,0.0,0.0,,,,,0.0,,1.7775453329086304,,,,,,,0.0,{},{},0.0,0.0,0.0,0.0,0.0,0.0,0.0,0,0,0.0,0.0,,0.0
280,42404-1785547340678310400,42404,573440,2928,2346,115,467,0.8012295081967213,0.76,0.78,-0.06523558497428894,0.1272096186876297,-9.799234390258789,3.196791648864746,9,4,0,5,0.4444444444444444,0.6666666666666666,1.2222222222222223,0.5555555555555556,0.7657882571220398,0.000732421875,-0.02260742150247097,0.0007137665525078773,0.0025561524089425802,-0.0498046875,-4.98046875,-0.19794921576976776,0.0,0.0,0.0,0.0,-0.06523558497428894,-0.049072265625,-0.021789941762108356,0.4440287697301244,1.0,4.033748584869478,-0.008178026725848516,2.416733079486423,2.1104469299316406,0.22279401123523712,2.1321587562561035,2.412412166595459,2.7232863903045654,2.742767572402954,0.0,0.0,0.0,1.6192537678612604,0.012687626876868308,0.09136284722222222,11.995498445298937,0.00021328000000000002,0.005,0.0,0.0,0.0,0.0,0.0,0.0,0.0,0.0,0.0,,0.0,0.0,0.0,0.0,0.0,0.0,0.0,0.0,0.0,0.0,0.0,0.0,0.0,0.0,0.0,0.0,0.0,0.0,0.0,,,,,0.0,,1.5471010208129883,,,,,,,0.0,{},{},0.0,0.0,0.0,0.0,0.0,0.0,0.0,0,0,0.0,0.0,,0.0
281,42404-1785547340678310400,42404,575488,2937,2351,116,470,0.8004766768811713,0.74,0.765,-0.05436068773269653,0.1333937793970108,-8.311903953552246,3.2845327854156494,9,5,1,3,0.5555555555555556,0.8888888888888888,1.3333333333333333,0.4444444444444444,0.6442509293556213,0.001220703125,-0.011083983816206455,0.0019019024912267923,0.0029492187313735485,-0.029052734375,-2.9052734375,-0.18535156548023224,0.0,0.0,0.0,0.0,-0.05436068773269653,-0.02783203125,-0.00987120351055637,0.35465786754924045,1.0,6.6594099584547495,-0.014327392634004354,3.7829169988632203,3.4585366249084473,0.17707088589668274,3.5452959537506104,3.798318386077881,3.9674956798553467,4.089510440826416,0.0,0.0,0.0,1.5136505007743835,0.011097561608767136,0.07265625,8.561428689956665,0.000212256,0.005,0.0,0.0,0.0,0.0,0.0,0.0,0.0,0.0,0.0,,0.0,0.0,0.0,0.0,0.0,0.0,0.0,0.0,0.0,0.0,0.0,0.0,0.0,0.0,0.0,0.0,0.0,0.0,0.0,,,,,0.0,,1.9590498208999634,,,,,,,0.0,{},{},0.0,0.0,0.0,0.0,0.0,0.0,0.0,0,0,0.0,0.0,,0.0
282,42404-1785547340678310400,42404,577536,2948,2360,117,471,0.8005427408412483,0.72,0.77,-0.05606692284345627,0.13129061460494995,-7.894860744476318,3.6721532344818115,11,9,1,1,0.8181818181818182,1.3636363636363635,1.7272727272727273,0.36363636363636365,0.7180960178375244,0.003662109375,-0.01396484486758709,0.0019064700463786721,0.0032958984375,-0.034912109375,-3.4912109375,-0.18632814288139343,0.0,0.0,0.0,0.0,-0.05606692284345627,-0.03125,-0.012664252746617422,0.4052431201119139,1.0,5.962309778291685,-0.018837448966223747,3.846009075641632,3.240133762359619,0.3907495439052582,3.3751940727233887,3.799208164215088,4.380395889282227,4.644014358520508,0.0,0.0,0.0,1.5263264924287796,0.011433262530772481,0.086181640625,11.854496508836746,0.00021123199999999997,0.005,0.0,0.0,0.0,0.0,0.0,0.0,0.0,0.0,0.0,,0.0,0.0,0.0,0.0,0.0,0.0,0.0,0.0,0.0,0.0,0.0,0.0,0.0,0.0,0.0,0.0,0.0,0.0,0.0,,,,,0.0,,1.9497162103652954,,,,,,,0.0,{},{},0.0,0.0,0.0,0.0,0.0,0.0,0.0,0,0,0.0,0.0,,0.0
283,42404-1785547340678310400,42404,579584,2957,2366,117,474,0.8001352722353737,0.66,0.765,-0.04953400045633316,0.13117356598377228,-7.4854536056518555,3.419994831085205,9,6,0,3,0.6666666666666666,1.4444444444444444,1.7777777777777777,0.3333333333333333,0.5436265468597412,0.002197265625,-0.0054687499068677425,0.0022560395300388336,0.0029663085006177425,-0.01904296875,-1.904296875,-0.18144531548023224,0.0,0.0,0.0,0.0,-0.04953400045633316,-0.016845703125,-0.0041631628992035985,0.24712033377175086,1.0,10.770375315213624,-0.015575439087115228,5.299685597419739,4.811047077178955,0.24098679423332214,4.973943710327148,5.2775068283081055,5.585731506347656,5.762425899505615,0.0,0.0,0.0,1.4995303377509117,0.008892170524632093,0.0675048828125,11.037890911102295,0.000210208,0.005,0.0,0.0,0.0,0.0,0.0,0.0,0.0,0.0,0.0,,0.0,0.0,0.0,0.0,0.0,0.0,0.0,0.0,0.0,0.0,0.0,0.0,0.0,0.0,0.0,0.0,0.0,0.0,0.0,,,,,0.0,,2.310391664505005,,,,,,,0.0,{},{},0.0,0.0,0.0,0.0,0.0,0.0,0.0,0,0,0.0,0.0,,0.0
284,42404-1785547340678310400,42404,581632,2967,2375,117,475,0.8004718570947085,0.7,0.775,-0.0555228516459465,0.13374391198158264,-7.734411239624023,3.3241677284240723,10,9,0,1,0.9,1.8,2.1,0.3,0.5750851631164551,0.004150390625,-0.01176757737994194,0.0015654852613806725,0.002775878645479679,-0.03173828125,-3.173828125,-0.18896484375,0.0,0.0,0.0,0.0,-0.0555228516459465,-0.027587890625,-0.010682236403226852,0.3871934014464147,1.0,6.849309249816927,-0.013943239030512896,4.61519345370206,4.2397284507751465,0.22506867349147797,4.372915267944336,4.602544784545898,4.817063331604004,4.957559585571289,0.0,0.0,0.0,1.5394854220477017,0.011672176590020006,0.078125,10.267436504364014,0.00020918399999999998,0.005,0.0,0.0,0.0,0.0,0.0,0.0,0.0,0.0,0.0,,0.0,0.0,0.0,0.0,0.0,0.0,0.0,0.0,0.0,0.0,0.0,0.0,0.0,0.0,0.0,0.0,0.0,0.0,0.0,,,,,0.0,,2.166875123977661,,,,,,,0.0,{},{},0.0,0.0,0.0,0.0,0.0,0.0,0.0,0,0,0.0,0.0,,0.0
285,42404-1785547340678310400,42404,583680,2977,2384,118,475,0.8008061807188445,0.78,0.775,-0.05394952744245529,0.13405296206474304,-7.1707234382629395,3.39986252784729,10,9,1,0,0.9,1.6,2.0,0.4,0.6859035491943359,0.00390625,-0.009326172061264515,0.0017987932078540325,0.0033349606674164534,-0.026123046875,-2.6123046875,-0.19013671576976776,0.0,0.0,0.0,0.0,-0.05394952744245529,-0.022216796875,-0.008042733592446893,0.3619950995904896,1.0,8.557856426516986,-0.017536989801252883,3.6182932456334433,3.250011920928955,0.2476501762866974,3.2859132289886475,3.6391444206237793,3.953260898590088,4.053535461425781,0.0,0.0,0.0,1.5546694894631703,0.014167241587225968,0.09602864583333333,8.390612483024597,0.00020816,0.005,0.0,0.0,0.0,0.0,0.0,0.0,0.0,0.0,0.0,,0.0,0.0,0.0,0.0,0.0,0.0,0.0,0.0,0.0,0.0,0.0,0.0,0.0,0.0,0.0,0.0,0.0,0.0,0.0,,,,,0.0,,1.905429482460022,,,,,,,0.0,{},{},0.0,0.0,0.0,0.0,0.0,0.0,0.0,0,0,0.0,0.0,,0.0
286,42404-1785547340678310400,42404,585728,2988,2395,118,475,0.8015394912985274,0.86,0.79,-0.05578748136758804,0.13592033088207245,-8.100373268127441,3.2540018558502197,11,11,0,0,1.0,1.8181818181818181,2.090909090909091,0.2727272727272727,0.7051830291748047,0.00537109375,-0.01127929612994194,0.0013259316328912973,0.0025952146388590336,-0.03173828125,-3.173828125,-0.19140625,0.0,0.0,0.0,0.0,-0.05578748136758804,-0.0263671875,-0.010299009562004358,0.39058466047407914,1.0,7.258983955571463,-0.020064440914071523,3.0927931712223935,2.691110372543335,0.24171747267246246,2.8517990112304688,3.0389015674591064,3.369750499725342,3.6723523139953613,0.0,0.0,0.0,1.50399544605842,0.014366873531029202,0.09630408653846154,5.87439670929542,0.000207136,0.005,0.0,0.0,0.0,0.0,0.0,0.0,0.0,0.0,0.0,,0.0,0.0,0.0,0.0,0.0,0.0,0.0,0.0,0.0,0.0,0.0,0.0,0.0,0.0,0.0,0.0,0.0,0.0,0.0,,,,,0.0,,1.7668269872665405,,,,,,,0.0,{},{},0.0,0.0,0.0,0.0,0.0,0.0,0.0,0,0,0.0,0.0,,0.0
287,42404-1785547340678310400,42404,587776,2994,2401,118,475,0.801937207748831,0.88,0.79,-0.060238003730773926,0.13282525539398193,-8.621377944946289,2.762166738510132,6,6,0,0,1.0,1.6666666666666667,1.8333333333333333,0.16666666666666666,0.5873198509216309,0.0029296875,-0.015576171688735485,0.0009292557369917631,0.0025146484840661287,-0.037353515625,-3.7353515625,-0.19853514432907104,0.0,0.0,0.0,0.0,-0.060238003730773926,-0.034423828125,-0.014715195633471012,0.4274587974713675,1.0,5.767208004878631,-0.010780090186744928,3.176045560836792,2.9704387187957764,0.1374633014202118,3.0324864387512207,3.152975082397461,3.3560304641723633,3.434901237487793,0.0,0.0,0.0,1.6670578598976136,0.011621244752313941,0.0751953125,11.194320678710938,0.00020611200000000002,0.005,0.0,0.0,0.0,0.0,0.0,0.0,0.0,0.0,0.0,,0.0,0.0,0.0,0.0,0.0,0.0,0.0,0.0,0.0,0.0,0.0,0.0,0.0,0.0,0.0,0.0,0.0,0.0,0.0,,,,,0.0,,1.774420976638794,,,,,,,0.0,{},{},0.0,0.0,0.0,0.0,0.0,0.0,0.0,0,0,0.0,0.0,,0.0
288,42404-1785547340678310400,42404,589824,3006,2409,118,479,0.8013972055888223,0.88,0.775,-0.05304457247257233,0.1296168565750122,-7.6463446617126465,3.4689040184020996,12,8,0,4,0.6666666666666666,1.25,1.5,0.25,0.5938354730606079,0.0029296875,-0.00942382775247097,0.0023191897198557854,0.003835448995232582,-0.02734375,-2.734375,-0.18496093153953552,0.0,0.0,0.0,0.0,-0.05304457247257233,-0.0244140625,-0.007885168073698878,0.3229632557237516,1.0,7.575689455619273,-0.020309130020905286,4.764389783143997,4.38920783996582,0.23800019919872284,4.461399555206299,4.753528594970703,5.077715873718262,5.135058403015137,0.0,0.0,0.0,1.6469051241874695,0.010487293591722846,0.0770263671875,9.794656693935394,0.000205088,0.005,0.0,0.0,0.0,0.0,0.0,0.0,0.0,0.0,0.0,,0.0,0.0,0.0,0.0,0.0,0.0,0.0,0.0,0.0,0.0,0.0,0.0,0.0,0.0,0.0,0.0,0.0,0.0,0.0,,,,,0.0,,2.210768699645996,,,,,,,0.0,{},{},0.0,0.0,0.0,0.0,0.0,0.0,0.0,0,0,0.0,0.0,,0.0
289,42404-1785547340678310400,42404,591872,3020,2422,118,480,0.8019867549668874,0.9,0.785,-0.044192444533109665,0.13493658602237701,-6.72316837310791,3.7418668270111084,14,13,0,1,0.9285714285714286,2.0,2.2142857142857144,0.21428571428571427,0.698076605796814,0.006103515625,-0.0020507811568677425,0.0031120176427066326,0.004183487966656685,-0.011962890625,-1.1962890625,-0.173828125,0.0,0.0,0.0,0.0,-0.044192444533109665,-0.005859375,-0.00022690475452691317,0.03871847015368695,1.0,29.661604419512404,-0.011595929216127843,4.48259574174881,4.130992412567139,0.1765350103378296,4.1525726318359375,4.525681495666504,4.664145469665527,4.691910266876221,0.0,0.0,0.0,1.5412183701992035,0.009163789138256107,0.0726318359375,16.83194774389267,0.00020406400000000003,0.005,0.0,0.0,0.0,0.0,0.0,0.0,0.0,0.0,0.0,,0.0,0.0,0.0,0.0,0.0,0.0,0.0,0.0,0.0,0.0,0.0,0.0,0.0,0.0,0.0,0.0,0.0,0.0,0.0,,,,,0.0,,2.0560641288757324,,,,,,,0.0,{},{},0.0,0.0,0.0,0.0,0.0,0.0,0.0,0,0,0.0,0.0,,0.0
290,42404-1785547340678310400,42404,593920,3030,2431,118,481,0.8023102310231023,0.88,0.795,-0.054894447326660156,0.1310492604970932,-7.78302001953125,3.720351219177246,10,9,0,1,0.9,1.5,2.3,0.8,0.7941120266914368,0.004150390625,-0.011914062313735485,0.0018252474255859852,0.003381347516551614,-0.0302734375,-3.02734375,-0.18769530951976776,0.0,0.0,0.0,0.0,-0.054894447326660156,-0.026123046875,-0.010612413578201085,0.40623160833312066,1.0,7.184771579145613,-0.015964535385137424,2.9323387295007706,2.5834801197052,0.22070889174938202,2.659412145614624,2.938255786895752,3.204092264175415,3.321225166320801,0.0,0.0,0.0,1.6155464202165604,0.00863537084296695,0.058837890625,13.737287908792496,0.00020304,0.005,0.0,0.0,0.0,0.0,0.0,0.0,0.0,0.0,0.0,,0.0,0.0,0.0,0.0,0.0,0.0,0.0,0.0,0.0,0.0,0.0,0.0,0.0,0.0,0.0,0.0,0.0,0.0,0.0,,,,,0.0,,1.6881049871444702,,,,,,,0.0,{},{},0.0,0.0,0.0,0.0,0.0,0.0,0.0,0,0,0.0,0.0,,0.0
291,42404-1785547340678310400,42404,595968,3038,2437,119,482,0.8021724818959842,0.84,0.79,-0.05720895901322365,0.13622036576271057,-8.555538177490234,3.5392448902130127,8,6,1,1,0.75,1.375,1.5,0.125,0.7466458082199097,0.002197265625,-0.01186523400247097,0.0012025610776618123,0.002644042717292905,-0.029296875,-2.9296875,-0.19658203423023224,0.0,0.0,0.0,0.0,-0.05720895901322365,-0.027099609375,-0.01090358305373229,0.4023371911256992,1.0,7.253786492770782,-0.01742242934415117,3.1892416775226593,2.9419260025024414,0.14035667479038239,3.0281596183776855,3.198111057281494,3.390146493911743,3.414407253265381,0.0,0.0,0.0,1.6624850928783417,0.0145833553688135,0.11767578125,12.335413083434105,0.00020201599999999998,0.005,0.0,0.0,0.0,0.0,0.0,0.0,0.0,0.0,0.0,,0.0,0.0,0.0,0.0,0.0,0.0,0.0,0.0,0.0,0.0,0.0,0.0,0.0,0.0,0.0,0.0,0.0,0.0,0.0,,,,,0.0,,1.7814542055130005,,,,,,,0.0,{},{},0.0,0.0,0.0,0.0,0.0,0.0,0.0,0,0,0.0,0.0,,0.0
292,42404-1785547340678310400,42404,598016,3052,2446,119,487,0.8014416775884666,0.82,0.79,-0.04786340519785881,0.13353021442890167,-7.15710973739624,4.405360698699951,14,9,0,5,0.6428571428571429,1.0,1.7857142857142858,0.7857142857142857,0.8183435797691345,0.003173828125,-0.005468749441206455,0.0028800528962165117,0.005158691201359034,-0.018798828125,-1.8798828125,-0.17724609375,0.0,0.0,0.0,0.0,-0.04786340519785881,-0.015625,-0.003459063416812569,0.22136589125896383,1.0,11.343024046461025,-0.008076006188415565,3.639308599325327,3.2896995544433594,0.21931801736354828,3.3352768421173096,3.682159423828125,3.8990230560302734,4.008255958557129,0.0,0.0,0.0,1.493288544508127,0.01285721901177357,0.0869891826923077,14.514958418332613,0.00020099200000000002,0.005,0.0,0.0,0.0,0.0,0.0,0.0,0.0,0.0,0.0,,0.0,0.0,0.0,0.0,0.0,0.0,0.0,0.0,0.0,0.0,0.0,0.0,0.0,0.0,0.0,0.0,0.0,0.0,0.0,,,,,0.0,,1.8776164054870605,,,,,,,0.0,{},{},0.0,0.0,0.0,0.0,0.0,0.0,0.0,0,0,0.0,0.0,,0.0
293,42404-1785547340678310400,42404,600064,3063,2457,119,487,0.8021547502448579,0.84,0.805,-0.056140050292015076,0.13347212970256805,-8.938898086547852,3.4357752799987793,11,11,0,0,1.0,2.0,2.272727272727273,0.2727272727272727,0.7286211848258972,0.00537109375,-0.012402343563735485,0.0014821062795817852,0.0030883788131177425,-0.03173828125,-3.173828125,-0.1923828274011612,0.0,0.0,0.0,0.0,-0.056140050292015076,-0.0263671875,-0.011259722290560603,0.42701919843980946,1.0,7.296020153116751,-0.004208778829446861,3.3336959225790843,2.9966166019439697,0.2727096378803253,3.0465333461761475,3.185926914215088,3.668372869491577,3.675273895263672,0.0,0.0,0.0,1.6818586417606898,0.012576574559456535,0.08816964285714286,15.569233042853218,0.000199968,0.005,0.0,0.0,0.0,0.0,0.0,0.0,0.0,0.0,0.0,,0.0,0.0,0.0,0.0,0.0,0.0,0.0,0.0,0.0,0.0,0.0,0.0,0.0,0.0,0.0,0.0,0.0,0.0,0.0,,,,,0.0,,1.789833903312683,,,,,,,0.0,{},{},0.0,0.0,0.0,0.0,0.0,0.0,0.0,0,0,0.0,0.0,,0.0
294,42404-1785547340678310400,42404,602112,3074,2465,120,489,0.8018867924528302,0.8,0.8,-0.05478090047836304,0.12647542357444763,-7.816754341125488,3.61370587348938,11,8,1,2,0.7272727272727273,1.0,1.7272727272727273,0.7272727272727273,0.7205161452293396,0.0029296875,-0.01259765587747097,0.0019374055555090308,0.004082031082361937,-0.031494140625,-3.1494140625,-0.18505859375,0.0,0.0,0.0,0.0,-0.05478090047836304,-0.028564453125,-0.011092796718003228,0.3883291005209016,1.0,6.478405679062723,-0.02072335802949965,3.706442192196846,3.398730516433716,0.18409115076065063,3.460505247116089,3.6660993099212646,3.9677202701568604,4.072245121002197,0.0,0.0,0.0,1.6212289109826088,0.008072516291576903,0.0623779296875,13.031818702816963,0.00019894400000000003,0.005,0.0,0.0,0.0,0.0,0.0,0.0,0.0,0.0,0.0,,0.0,0.0,0.0,0.0,0.0,0.0,0.0,0.0,0.0,0.0,0.0,0.0,0.0,0.0,0.0,0.0,0.0,0.0,0.0,,,,,0.0,,1.9104303121566772,,,,,,,0.0,{},{},0.0,0.0,0.0,0.0,0.0,0.0,0.0,0,0,0.0,0.0,,0.0
295,42404-1785547340678310400,42404,604160,3085,2474,121,490,0.8019448946515397,0.78,0.81,-0.04527413100004196,0.13430912792682648,-6.55967378616333,4.033378601074219,11,9,1,1,0.8181818181818182,1.5454545454545454,2.1818181818181817,0.6363636363636364,0.7072207927703857,0.003662109375,-0.0015136717120185494,0.003352079074829817,0.00472412072122097,-0.0107421875,-1.07421875,-0.17753906548023224,0.0,0.0,0.0,0.0,-0.04527413100004196,-0.007080078125,0.0005053782369941473,0.07137023883550886,1.0,25.072321240663086,-0.01754849261487834,4.953691154718399,4.67738151550293,0.22342990338802338,4.704601764678955,4.921000003814697,5.199178695678711,5.525326728820801,0.0,0.0,0.0,1.5497457385063171,0.008860080404701876,0.0718994140625,18.44187504053116,0.00019792,0.005,0.0,0.0,0.0,0.0,0.0,0.0,0.0,0.0,0.0,,0.0,0.0,0.0,0.0,0.0,0.0,0.0,0.0,0.0,0.0,0.0,0.0,0.0,0.0,0.0,0.0,0.0,0.0,0.0,,,,,0.0,,2.1824240684509277,,,,,,,0.0,{},{},0.0,0.0,0.0,0.0,0.0,0.0,0.0,0,0,0.0,0.0,,0.0
296,42404-1785547340678310400,42404,606208,3095,2484,121,490,0.8025848142164782,0.86,0.815,-0.052806489169597626,0.14007535576820374,-8.194287300109863,3.224646806716919,10,10,0,0,1.0,2.0,2.2,0.2,0.7353016138076782,0.0048828125,-0.007031249813735485,0.0014701358741149306,0.002912597730755806,-0.0205078125,-2.05078125,-0.19443359971046448,0.0,0.0,0.0,0.0,-0.052806489169597626,-0.015625,-0.005935566412517801,0.3798519398769871,1.0,12.44295403241165,-0.02148680227737014,2.71096579845135,2.4562432765960693,0.14868800342082977,2.522986650466919,2.7423157691955566,2.8803114891052246,2.9379959106445312,0.0,0.0,0.0,1.6819511101796076,0.014906823697786491,0.10126201923076923,5.514481287736159,0.000196896,0.005,0.0,0.0,0.0,0.0,0.0,0.0,0.0,0.0,0.0,,0.0,0.0,0.0,0.0,0.0,0.0,0.0,0.0,0.0,0.0,0.0,0.0,0.0,0.0,0.0,0.0,0.0,0.0,0.0,,,,,0.0,,1.659043550491333,,,,,,,0.0,{},{},0.0,0.0,0.0,0.0,0.0,0.0,0.0,0,0,0.0,0.0,,0.0
297,42404-1785547340678310400,42404,608256,3104,2493,121,490,0.8031572164948454,0.9,0.815,-0.05519712343811989,0.1318400800228119,-8.323352813720703,2.927154779434204,9,9,0,0,1.0,1.5555555555555556,1.8888888888888888,0.3333333333333333,0.5522609949111938,0.00439453125,-0.01162109337747097,0.001652766251936555,0.0028076169546693563,-0.031005859375,-3.1005859375,-0.18974609673023224,0.0,0.0,0.0,0.0,-0.05519712343811989,-0.026611328125,-0.010505997575819492,0.3947793491224095,1.0,7.130007410061281,-0.014267896845315894,3.8091880083084106,3.3985331058502197,0.3019270896911621,3.4282944202423096,3.7508792877197266,4.261609077453613,4.304584503173828,0.0,0.0,0.0,1.5916837056477864,0.015004249338138228,0.10888671875,5.624219606320064,0.00019587199999999998,0.005,0.0,0.0,0.0,0.0,0.0,0.0,0.0,0.0,0.0,,0.0,0.0,0.0,0.0,0.0,0.0,0.0,0.0,0.0,0.0,0.0,0.0,0.0,0.0,0.0,0.0,0.0,0.0,0.0,,,,,0.0,,1.9586559534072876,,,,,,,0.0,{},{},0.0,0.0,0.0,0.0,0.0,0.0,0.0,0,0,0.0,0.0,,0.0
298,42404-1785547340678310400,42404,610304,3113,2501,121,491,0.8034050754898812,0.88,0.82,-0.05153747648000717,0.13137458264827728,-7.999022483825684,3.286552906036377,9,8,0,1,0.8888888888888888,1.5555555555555556,1.6666666666666667,0.1111111111111111,0.7355923652648926,0.003662109375,-0.00966796837747097,0.0023941979743540287,0.004306640475988388,-0.027099609375,-2.7099609375,-0.17988280951976776,0.0,0.0,0.0,0.0,-0.05153747648000717,-0.0234375,-0.007992758764885366,0.3410098242159424,1.0,7.674672420153498,-0.016980783016021763,2.8095840556280955,2.4577064514160156,0.17362895607948303,2.6170148849487305,2.8320913314819336,2.9961998462677,3.135657787322998,0.0,0.0,0.0,1.5108894535473414,0.016489489877130836,0.12109375,5.706854743616922,0.00019484800000000002,0.005,0.0,0.0,0.0,0.0,0.0,0.0,0.0,0.0,0.0,,0.0,0.0,0.0,0.0,0.0,0.0,0.0,0.0,0.0,0.0,0.0,0.0,0.0,0.0,0.0,0.0,0.0,0.0,0.0,,,,,0.0,,1.6899645328521729,,,,,,,0.0,{},{},0.0,0.0,0.0,0.0,0.0,0.0,0.0,0,0,0.0,0.0,,0.0
299,42404-1785547340678310400,42404,612352,3125,2512,121,492,0.80384,0.92,0.84,-0.055550120770931244,0.1314045935869217,-8.332841873168945,2.897836208343506,12,11,0,1,0.9166666666666666,1.3333333333333333,1.8333333333333333,0.5,0.6362367868423462,0.005126953125,-0.01225585862994194,0.0012088509975001216,0.0026000975631177425,-0.03173828125,-3.173828125,-0.18935547769069672,0.0,0.0,0.0,0.0,-0.055550120770931244,-0.026611328125,-0.011303621489787474,0.424751319640039,1.0,7.115329286535193,-0.008437592419795692,3.058893382549286,2.8133978843688965,0.15452730655670166,2.887752056121826,3.0813441276550293,3.2302064895629883,3.338400363922119,0.0,0.0,0.0,1.537885621190071,0.013236558806966059,0.082763671875,6.423394352197647,0.000193824,0.005,0.0,0.0,0.0,0.0,0.0,0.0,0.0,0.0,0.0,,0.0,0.0,0.0,0.0,0.0,0.0,0.0,0.0,0.0,0.0,0.0,0.0,0.0,0.0,0.0,0.0,0.0,0.0,0.0,,,,,0.0,,1.7477656602859497,,,,,,,0.0,{},{},0.0,0.0,0.0,0.0,0.0,0.0,0.0,0,0,0.0,0.0,,0.0
300,42404-1785547340678310400,42404,614400,3134,2520,121,493,0.8040842373962986,0.94,0.855,-0.050097618252038956,0.13464662432670593,-8.141925811767578,3.065755605697632,9,8,0,1,0.8888888888888888,1.8888888888888888,1.8888888888888888,0.0,0.6116368770599365,0.003662109375,-0.00576171837747097,0.0017389864660799503,0.002785644493997097,-0.01806640625,-1.806640625,-0.18593750894069672,0.0,0.0,0.0,0.0,-0.050097618252038956,-0.014404296875,-0.004630560637451708,0.321448469797795,1.0,12.907579104696287,-0.017894524586154148,3.6053481847047806,3.226231098175049,0.20607918500900269,3.3585517406463623,3.593536853790283,3.8544235229492188,4.028985023498535,0.0,0.0,0.0,1.3783641755580902,0.014953705132938921,0.10986328125,6.772212281823158,0.00019280000000000002,0.005,0.0,0.0,0.0,0.0,0.0,0.0,0.0,0.0,0.0,,0.0,0.0,0.0,0.0,0.0,0.0,0.0,0.0,0.0,0.0,0.0,0.0,0.0,0.0,0.0,0.0,0.0,0.0,0.0,,,,,0.0,,1.9105415344238281,,,,,,,0.0,{},{},0.0,0.0,0.0,0.0,0.0,0.0,0.0,0,0,0.0,0.0,,0.0
301,42404-1785547340678310400,42404,616448,3147,2532,121,494,0.8045757864632984,0.92,0.865,-0.050666891038417816,0.13547904789447784,-7.172215461730957,3.8805620670318604,13,12,0,1,0.9230769230769231,1.6153846153846154,1.8461538461538463,0.23076923076923078,0.7233623266220093,0.005615234375,-0.0074707032181322575,0.0020951852202415466,0.004121094010770321,-0.023681640625,-2.3681640625,-0.18339842557907104,0.0,0.0,0.0,0.0,-0.050666891038417816,-0.01806640625,-0.005916633410379291,0.32747552850201117,1.0,10.150788831632712,-0.018769678158255722,4.157993683448205,3.637953519821167,0.30744799971580505,3.846773147583008,4.206263542175293,4.440893650054932,4.880902290344238,0.0,0.0,0.0,1.3995080636097834,0.013986548892437266,0.09254807692307693,7.3991576708280125,0.000191776,0.005,0.0,0.0,0.0,0.0,0.0,0.0,0.0,0.0,0.0,,0.0,0.0,0.0,0.0,0.0,0.0,0.0,0.0,0.0,0.0,0.0,0.0,0.0,0.0,0.0,0.0,0.0,0.0,0.0,,,,,0.0,,2.04103422164917,,,,,,,0.0,{},{},0.0,0.0,0.0,0.0,0.0,0.0,0.0,0,0,0.0,0.0,,0.0
302,42404-1785547340678310400,42404,618496,3157,2540,121,496,0.8045612923661705,0.88,0.87,-0.05145332217216492,0.13468192517757416,-7.22033166885376,3.8948371410369873,10,8,0,2,0.8,1.6,2.1,0.5,0.6651103496551514,0.00341796875,-0.007763671688735485,0.002490423619747162,0.0036843870766460896,-0.023193359375,-2.3193359375,-0.18388673663139343,0.0,0.0,0.0,0.0,-0.05145332217216492,-0.019775390625,-0.006219969014637172,0.3145148744571368,1.0,9.298296141002394,-0.01854580733925104,5.08524090051651,4.44171142578125,0.3160812258720398,4.698421478271484,5.150813579559326,5.390931606292725,5.716604232788086,0.0,0.0,0.0,1.4025943875312805,0.011024700725101866,0.0872802734375,8.585810258984566,0.00019075199999999998,0.005,0.0,0.0,0.0,0.0,0.0,0.0,0.0,0.0,0.0,,0.0,0.0,0.0,0.0,0.0,0.0,0.0,0.0,0.0,0.0,0.0,0.0,0.0,0.0,0.0,0.0,0.0,0.0,0.0,,,,,0.0,,2.2539288997650146,,,,,,,0.0,{},{},0.0,0.0,0.0,0.0,0.0,0.0,0.0,0,0,0.0,0.0,,0.0
303,42404-1785547340678310400,42404,620544,3166,2549,121,496,0.8051168667087808,0.9,0.87,-0.05730142444372177,0.13036328554153442,-8.372625350952148,2.769949436187744,9,9,0,0,1.0,1.5555555555555556,2.2222222222222223,0.6666666666666666,0.6738187074661255,0.00439453125,-0.01518554612994194,0.0015963219339028,0.0034179685171693563,-0.034423828125,-3.4423828125,-0.19150391221046448,0.0,0.0,0.0,0.0,-0.05730142444372177,-0.030029296875,-0.013931973517173901,0.4639305956636135,1.0,6.377023610775225,-0.01942029476049356,2.6151818931102753,2.505916118621826,0.09150836616754532,2.5416078567504883,2.5672998428344727,2.7317605018615723,2.8526554107666016,0.0,0.0,0.0,1.4584004953503609,0.008390137078094995,0.06005859375,10.299084112048149,0.000189728,0.005,0.0,0.0,0.0,0.0,0.0,0.0,0.0,0.0,0.0,,0.0,0.0,0.0,0.0,0.0,0.0,0.0,0.0,0.0,0.0,0.0,0.0,0.0,0.0,0.0,0.0,0.0,0.0,0.0,,,,,0.0,,1.5819813013076782,,,,,,,0.0,{},{},0.0,0.0,0.0,0.0,0.0,0.0,0.0,0,0,0.0,0.0,,0.0
304,42404-1785547340678310400,42404,622592,3177,2559,121,497,0.8054768649669499,0.9,0.875,-0.055541858077049255,0.1323123723268509,-8.430875778198242,3.4324636459350586,11,10,0,1,0.9090909090909091,1.7272727272727273,2.0,0.2727272727272727,0.7248103618621826,0.004638671875,-0.01186523400247097,0.001809130422770977,0.0025683592539280653,-0.031494140625,-3.1494140625,-0.19033202528953552,0.0,0.0,0.0,0.0,-0.055541858077049255,-0.02685546875,-0.01077086158329621,0.40105278484522316,1.0,7.087008610896975,-0.023146227322285995,3.1769964694976807,2.7501730918884277,0.25050675868988037,2.8442068099975586,3.1908187866210938,3.514557123184204,3.561523199081421,0.0,0.0,0.0,1.3246325552463531,0.013707011843507644,0.1051025390625,6.009420499205589,0.000188704,0.005,0.0,0.0,0.0,0.0,0.0,0.0,0.0,0.0,0.0,,0.0,0.0,0.0,0.0,0.0,0.0,0.0,0.0,0.0,0.0,0.0,0.0,0.0,0.0,0.0,0.0,0.0,0.0,0.0,,,,,0.0,,1.8006196022033691,,,,,,,0.0,{},{},0.0,0.0,0.0,0.0,0.0,0.0,0.0,0,0,0.0,0.0,,0.0
305,42404-1785547340678310400,42404,624640,3187,2566,121,500,0.8051459052400377,0.88,0.86,-0.06095869839191437,0.12810024619102478,-9.098800659179688,3.5372776985168457,10,7,0,3,0.7,1.4,1.6,0.2,0.7011412978172302,0.002685546875,-0.01606445387005806,0.0009255405748263001,0.0022558593191206455,-0.039794921875,-3.9794921875,-0.19755859673023224,0.0,0.0,0.0,0.0,-0.06095869839191437,-0.037109375,-0.015269103896571323,0.4114510806363806,1.0,5.323540835419535,-0.01930736959911883,3.6807599514722824,3.3453831672668457,0.23404847085475922,3.392444610595703,3.6832332611083984,3.9817166328430176,4.139676094055176,0.0,0.0,0.0,1.4918265491724014,0.012521470707724802,0.0938720703125,12.08087632060051,0.00018768000000000002,0.005,0.0,0.0,0.0,0.0,0.0,0.0,0.0,0.0,0.0,,0.0,0.0,0.0,0.0,0.0,0.0,0.0,0.0,0.0,0.0,0.0,0.0,0.0,0.0,0.0,0.0,0.0,0.0,0.0,,,,,0.0,,1.9337579011917114,,,,,,,0.0,{},{},0.0,0.0,0.0,0.0,0.0,0.0,0.0,0,0,0.0,0.0,,0.0
306,42404-1785547340678310400,42404,626688,3194,2571,121,502,0.8049467752035065,0.84,0.85,-0.061732206493616104,0.1281951665878296,-9.307293891906738,3.418210029602051,7,5,0,2,0.7142857142857143,1.4285714285714286,1.4285714285714286,0.0,0.6982563138008118,0.001953125,-0.01772460900247097,0.000802476133685559,0.0023071286268532276,-0.043212890625,-4.3212890625,-0.19550782442092896,0.0,0.0,0.0,0.0,-0.061732206493616104,-0.041259765625,-0.016947207812336273,0.4107342061066341,1.0,4.738346985555457,-0.024891179928090423,3.453346222639084,3.109365224838257,0.1711001694202423,3.2611842155456543,3.4416046142578125,3.68200421333313,3.698777675628662,0.0,0.0,0.0,1.4775619581341743,0.015519484077231027,0.1104736328125,6.035621806979179,0.000186656,0.005,0.0,0.0,0.0,0.0,0.0,0.0,0.0,0.0,0.0,,0.0,0.0,0.0,0.0,0.0,0.0,0.0,0.0,0.0,0.0,0.0,0.0,0.0,0.0,0.0,0.0,0.0,0.0,0.0,,,,,0.0,,1.8776638507843018,,,,,,,0.0,{},{},0.0,0.0,0.0,0.0,0.0,0.0,0.0,0,0,0.0,0.0,,0.0
307,42404-1785547340678310400,42404,628736,3205,2579,121,505,0.8046801872074884,0.8,0.855,-0.05152304470539093,0.13412605226039886,-7.998137474060059,3.6592459678649902,11,8,0,3,0.7272727272727273,1.1818181818181819,1.5454545454545454,0.36363636363636365,0.734199047088623,0.003173828125,-0.006835937034338713,0.002235859166830778,0.0034448239021003246,-0.020751953125,-2.0751953125,-0.18740235269069672,0.0,0.0,0.0,0.0,-0.05152304470539093,-0.017578125,-0.005415766267105937,0.3080793991228765,1.0,10.660505155444126,-0.018249438144266605,3.4711402505636215,2.9200077056884766,0.27881255745887756,3.0044894218444824,3.5190377235412598,3.792907953262329,3.883077621459961,0.0,0.0,0.0,1.344268575310707,0.016420208012277726,0.1181640625,7.358448252081871,0.00018563200000000003,0.005,0.0,0.0,0.0,0.0,0.0,0.0,0.0,0.0,0.0,,0.0,0.0,0.0,0.0,0.0,0.0,0.0,0.0,0.0,0.0,0.0,0.0,0.0,0.0,0.0,0.0,0.0,0.0,0.0,,,,,0.0,,1.8865567445755005,,,,,,,0.0,{},{},0.0,0.0,0.0,0.0,0.0,0.0,0.0,0,0,0.0,0.0,,0.0
308,42404-1785547340678310400,42404,630784,3218,2591,121,506,0.805158483530143,0.82,0.855,-0.05012645199894905,0.13348518311977386,-7.679701805114746,4.2717509269714355,13,12,0,1,0.9230769230769231,1.8461538461538463,2.230769230769231,0.38461538461538464,0.7715062499046326,0.005615234375,-0.007080078125,0.0027809892781078815,0.003852538764476776,-0.02197265625,-2.197265625,-0.18251952528953552,0.0,0.0,0.0,0.0,-0.05012645199894905,-0.016357421875,-0.005421696114353836,0.3314314886718763,1.0,11.157526482947214,-0.019008664719876833,4.126403629779816,3.6470093727111816,0.32558178901672363,3.758310556411743,4.038554668426514,4.560297012329102,4.717267990112305,0.0,0.0,0.0,1.4272449240088463,0.010848524150787853,0.0802001953125,11.56349390745163,0.000184608,0.005,0.0,0.0,0.0,0.0,0.0,0.0,0.0,0.0,0.0,,0.0,0.0,0.0,0.0,0.0,0.0,0.0,0.0,0.0,0.0,0.0,0.0,0.0,0.0,0.0,0.0,0.0,0.0,0.0,,,,,0.0,,2.041940450668335,,,,,,,0.0,{},{},0.0,0.0,0.0,0.0,0.0,0.0,0.0,0,0,0.0,0.0,,0.0
309,42404-1785547340678310400,42404,632832,3225,2596,121,508,0.8049612403100775,0.78,0.85,-0.06004162132740021,0.13153605163097382,-9.146081924438477,3.529736042022705,7,5,0,2,0.7142857142857143,1.8571428571428572,2.142857142857143,0.2857142857142857,0.7421349287033081,0.001953125,-0.014843749813735485,0.0011759161716327071,0.0022607422433793545,-0.036376953125,-3.6376953125,-0.19765624403953552,0.0,0.0,0.0,0.0,-0.06004162132740021,-0.034423828125,-0.01398458520998247,0.4062354402817362,1.0,5.741677004800892,-0.012874510876523951,3.275621751944224,2.816889762878418,0.2688577473163605,2.950970411300659,3.2985897064208984,3.528054714202881,3.7808709144592285,0.0,0.0,0.0,1.5182452499866486,0.011418527778005227,0.08333333333333333,14.66157058874766,0.00018358400000000004,0.005,0.0,0.0,0.0,0.0,0.0,0.0,0.0,0.0,0.0,,0.0,0.0,0.0,0.0,0.0,0.0,0.0,0.0,0.0,0.0,0.0,0.0,0.0,0.0,0.0,0.0,0.0,0.0,0.0,,,,,0.0,,1.7924145460128784,,,,,,,0.0,{},{},0.0,0.0,0.0,0.0,0.0,0.0,0.0,0,0,0.0,0.0,,0.0
310,42404-1785547340678310400,42404,634880,3239,2607,121,511,0.8048780487804879,0.8,0.845,-0.05339570343494415,0.13369497656822205,-8.13153076171875,3.9322197437286377,14,11,0,3,0.7857142857142857,1.3571428571428572,1.5,0.14285714285714285,0.6554700136184692,0.004638671875,-0.01040039025247097,0.0019214546773582697,0.0032128903549164534,-0.028076171875,-2.8076171875,-0.1865234375,0.0,0.0,0.0,0.0,-0.05339570343494415,-0.0234375,-0.00911680399440229,0.3889670411674079,1.0,7.957993792264863,-0.012891950391349383,5.5301613211631775,4.782541275024414,0.4501517117023468,4.987253189086914,5.603404998779297,6.055098533630371,6.53704833984375,0.0,0.0,0.0,1.3933321088552475,0.007256313176185358,0.0576171875,19.331811025738716,0.00018256000000000001,0.005,0.0,0.0,0.0,0.0,0.0,0.0,0.0,0.0,0.0,,0.0,0.0,0.0,0.0,0.0,0.0,0.0,0.0,0.0,0.0,0.0,0.0,0.0,0.0,0.0,0.0,0.0,0.0,0.0,,,,,0.0,,2.308082342147827,,,,,,,0.0,{},{},0.0,0.0,0.0,0.0,0.0,0.0,0.0,0,0,0.0,0.0,,0.0
311,42404-1785547340678310400,42404,636928,3248,2616,121,511,0.8054187192118226,0.86,0.865,-0.05187065154314041,0.13402873277664185,-8.180274963378906,3.899559736251831,9,9,0,0,1.0,1.7777777777777777,2.111111111111111,0.3333333333333333,0.7873162627220154,0.00439453125,-0.007080078125,0.0017362335929647088,0.0034301758278161287,-0.0205078125,-2.05078125,-0.18925781548023224,0.0,0.0,0.0,0.0,-0.05187065154314041,-0.01611328125,-0.005788475769804791,0.35921402140134484,1.0,11.74472584560557,-0.006968049332499504,3.342290830612183,3.0315401554107666,0.28732359409332275,3.066787004470825,3.2621798515319824,3.7936253547668457,3.93393611907959,0.0,0.0,0.0,1.3783688426017762,0.01347570086363703,0.0900390625,16.26094331741333,0.000181536,0.005,0.0,0.0,0.0,0.0,0.0,0.0,0.0,0.0,0.0,,0.0,0.0,0.0,0.0,0.0,0.0,0.0,0.0,0.0,0.0,0.0,0.0,0.0,0.0,0.0,0.0,0.0,0.0,0.0,,,,,0.0,,1.7983851432800293,,,,,,,0.0,{},{},0.0,0.0,0.0,0.0,0.0,0.0,0.0,0,0,0.0,0.0,,0.0
312,42404-1785547340678310400,42404,638976,3262,2629,121,512,0.8059472716125077,0.88,0.865,-0.050790026783943176,0.12908153235912323,-7.205738544464111,4.26375675201416,14,13,0,1,0.9285714285714286,1.7857142857142858,2.0714285714285716,0.2857142857142857,0.7888803482055664,0.006103515625,-0.009619140066206455,0.00261511467397213,0.004472656175494194,-0.025634765625,-2.5634765625,-0.1796875,0.0,0.0,0.0,0.0,-0.050790026783943176,-0.01953125,-0.007847197353839874,0.4017559346127494,1.0,9.199528984116013,-0.01874317356850952,3.8700928539037704,3.36614990234375,0.2967102825641632,3.5364315509796143,3.851840019226074,4.171254634857178,4.633844375610352,0.0,0.0,0.0,1.3324737921357155,0.011643103644018993,0.0806884765625,10.239285200834274,0.00018051200000000002,0.005,0.0,0.0,0.0,0.0,0.0,0.0,0.0,0.0,0.0,,0.0,0.0,0.0,0.0,0.0,0.0,0.0,0.0,0.0,0.0,0.0,0.0,0.0,0.0,0.0,0.0,0.0,0.0,0.0,,,,,0.0,,1.959100604057312,,,,,,,0.0,{},{},0.0,0.0,0.0,0.0,0.0,0.0,0.0,0,0,0.0,0.0,,0.0
313,42404-1785547340678310400,42404,641024,3269,2635,121,513,0.806056898133986,0.88,0.875,-0.05206822231411934,0.12810365855693817,-7.8839335441589355,3.528731346130371,7,6,0,1,0.8571428571428571,2.0,2.2857142857142856,0.2857142857142857,0.6925539970397949,0.002685546875,-0.009521484375,0.0023235920816659927,0.0031030273530632257,-0.027099609375,-2.7099609375,-0.17978516221046448,0.0,0.0,0.0,0.0,-0.05206822231411934,-0.0244140625,-0.008164829516317695,0.33441771923859276,1.0,7.363698627044861,-0.01427603219053708,4.040389537811279,3.6573314666748047,0.25197964906692505,3.695314645767212,3.992032527923584,4.437887191772461,4.474499702453613,0.0,0.0,0.0,1.2903774082660675,0.006654897108091973,0.0538330078125,17.946483820676804,0.00017948799999999997,0.005,0.0,0.0,0.0,0.0,0.0,0.0,0.0,0.0,0.0,,0.0,0.0,0.0,0.0,0.0,0.0,0.0,0.0,0.0,0.0,0.0,0.0,0.0,0.0,0.0,0.0,0.0,0.0,0.0,,,,,0.0,,1.9566044807434082,,,,,,,0.0,{},{},0.0,0.0,0.0,0.0,0.0,0.0,0.0,0,0,0.0,0.0,,0.0
314,42404-1785547340678310400,42404,643072,3281,2645,121,515,0.8061566595550137,0.88,0.875,-0.047507088631391525,0.13444074988365173,-6.793220520019531,3.659637689590454,12,10,0,2,0.8333333333333334,1.75,1.9166666666666667,0.16666666666666666,0.674254298210144,0.00439453125,-0.00405273400247097,0.0025519828777760267,0.003813476301729679,-0.01513671875,-1.513671875,-0.18085938692092896,0.0,0.0,0.0,0.0,-0.047507088631391525,-0.0107421875,-0.0024613692075945437,0.2291097691066589,1.0,16.834797579482714,-0.013234330050181597,4.870566725730896,4.331541538238525,0.28120097517967224,4.583857536315918,4.847068786621094,5.200037956237793,5.558826923370361,0.0,0.0,0.0,1.2949783727526665,0.0074879477979266085,0.0601806640625,23.173431038856506,0.000178464,0.005,0.0,0.0,0.0,0.0,0.0,0.0,0.0,0.0,0.0,,0.0,0.0,0.0,0.0,0.0,0.0,0.0,0.0,0.0,0.0,0.0,0.0,0.0,0.0,0.0,0.0,0.0,0.0,0.0,,,,,0.0,,2.0887064933776855,,,,,,,0.0,{},{},0.0,0.0,0.0,0.0,0.0,0.0,0.0,0,0,0.0,0.0,,0.0
315,42404-1785547340678310400,42404,645120,3293,2657,121,515,0.806863042818099,0.92,0.875,-0.0461503267288208,0.13660003244876862,-6.525323390960693,3.853422164916992,12,12,0,0,1.0,2.0,2.5833333333333335,0.5833333333333334,0.7953706979751587,0.005859375,-0.0025390624068677425,0.0035365610383450985,0.0052246092818677425,-0.011962890625,-1.1962890625,-0.1806640625,0.0,0.0,0.0,0.0,-0.0461503267288208,-0.006103515625,-0.0003487698268145323,0.05713308774019761,1.0,29.59515113043879,-0.0039046131488349703,3.2395909892188177,2.823573589324951,0.2237013578414917,3.0657477378845215,3.186575412750244,3.4915409088134766,3.668081283569336,0.0,0.0,0.0,1.2607986529668171,0.00788313332789888,0.037109375,16.1476956738366,0.00017743999999999998,0.005,0.0,0.0,0.0,0.0,0.0,0.0,0.0,0.0,0.0,,0.0,0.0,0.0,0.0,0.0,0.0,0.0,0.0,0.0,0.0,0.0,0.0,0.0,0.0,0.0,0.0,0.0,0.0,0.0,,,,,0.0,,1.7431330680847168,,,,,,,0.0,{},{},0.0,0.0,0.0,0.0,0.0,0.0,0.0,0,0,0.0,0.0,,0.0
316,42404-1785547340678310400,42404,647168,3303,2664,122,517,0.8065395095367848,0.86,0.86,-0.05282074213027954,0.13474832475185394,-7.538029670715332,3.6981256008148193,10,7,1,2,0.7,1.3,2.0,0.7,0.7431986331939697,0.00244140625,-0.00917968712747097,0.0021454044617712498,0.0038500973023474216,-0.025634765625,-2.5634765625,-0.18574219942092896,0.0,0.0,0.0,0.0,-0.05282074213027954,-0.023193359375,-0.007680811686441302,0.3311499818667142,1.0,8.008076292080343,-0.01221640668809414,3.494407796859741,3.125654458999634,0.200919970870018,3.306706428527832,3.4782705307006836,3.7537786960601807,3.7660632133483887,0.0,0.0,0.0,1.2899568557739258,0.009459078672807663,0.05625,8.337220644950866,0.000176416,0.005,0.0,0.0,0.0,0.0,0.0,0.0,0.0,0.0,0.0,,0.0,0.0,0.0,0.0,0.0,0.0,0.0,0.0,0.0,0.0,0.0,0.0,0.0,0.0,0.0,0.0,0.0,0.0,0.0,,,,,0.0,,1.8740463256835938,,,,,,,0.0,{},{},0.0,0.0,0.0,0.0,0.0,0.0,0.0,0,0,0.0,0.0,,0.0
317,42404-1785547340678310400,42404,649216,3313,2672,122,519,0.806519770600664,0.84,0.855,-0.055292077362537384,0.1317804753780365,-7.899188041687012,3.772141933441162,10,8,0,2,0.8,1.7,1.8,0.1,0.7849878072738647,0.00341796875,-0.01181640662252903,0.001796164782717824,0.0030004880391061306,-0.03125,-3.125,-0.18818360567092896,0.0,0.0,0.0,0.0,-0.055292077362537384,-0.02783203125,-0.010617243417073041,0.3814619874388651,1.0,6.7611610097599035,-0.019280058269699415,3.0153776963551837,2.650090217590332,0.15786735713481903,2.7970008850097656,3.057570457458496,3.1791629791259766,3.2514991760253906,0.0,0.0,0.0,1.3366589387257894,0.01282883263969173,0.08971354166666666,12.000857416788737,0.000175392,0.005,0.0,0.0,0.0,0.0,0.0,0.0,0.0,0.0,0.0,,0.0,0.0,0.0,0.0,0.0,0.0,0.0,0.0,0.0,0.0,0.0,0.0,0.0,0.0,0.0,0.0,0.0,0.0,0.0,,,,,0.0,,1.749119758605957,,,,,,,0.0,{},{},0.0,0.0,0.0,0.0,0.0,0.0,0.0,0,0,0.0,0.0,,0.0
318,42404-1785547340678310400,42404,651264,3324,2681,122,521,0.8065583634175691,0.86,0.85,-0.056430816650390625,0.1347193717956543,-7.558932781219482,3.8558082580566406,11,9,0,2,0.8181818181818182,1.4545454545454546,1.8181818181818181,0.36363636363636365,0.7788794636726379,0.00390625,-0.01220703125,0.001599803683348,0.0034228514414280653,-0.031005859375,-3.1005859375,-0.19365236163139343,0.0,0.0,0.0,0.0,-0.056430816650390625,-0.027099609375,-0.010951367468805984,0.40410041402642755,1.0,7.145682923648038,-0.015501186135224998,3.568237155675888,2.934974431991577,0.2868303060531616,3.270364761352539,3.5881781578063965,3.9471917152404785,4.137009620666504,0.0,0.0,0.0,1.4081833362579346,0.008409505033341702,0.0694580078125,17.32901421189308,0.00017436800000000002,0.005,0.0,0.0,0.0,0.0,0.0,0.0,0.0,0.0,0.0,,0.0,0.0,0.0,0.0,0.0,0.0,0.0,0.0,0.0,0.0,0.0,0.0,0.0,0.0,0.0,0.0,0.0,0.0,0.0,,,,,0.0,,1.8131341934204102,,,,,,,0.0,{},{},0.0,0.0,0.0,0.0,0.0,0.0,0.0,0,0,0.0,0.0,,0.0
319,42404-1785547340678310400,42404,653312,3336,2691,122,523,0.8066546762589928,0.82,0.85,-0.04709727317094803,0.13282853364944458,-6.687870979309082,4.067831516265869,12,10,0,2,0.8333333333333334,1.5833333333333333,2.0833333333333335,0.5,0.7117761373519897,0.00439453125,-0.003369140438735485,0.002722648438066244,0.0037622067611664534,-0.013916015625,-1.3916015625,-0.18027344346046448,0.0,0.0,0.0,0.0,-0.04709727317094803,-0.009521484375,-0.0017479266389273107,0.18355783743959264,1.0,18.931345682619142,-0.016651921439915895,4.95859694480896,4.517221450805664,0.23476825654506683,4.577582836151123,4.9760966300964355,5.200813293457031,5.30837345123291,0.0,0.0,0.0,1.283588521182537,0.007531438546720892,0.0584716796875,19.570057302713394,0.000173344,0.005,0.0,0.0,0.0,0.0,0.0,0.0,0.0,0.0,0.0,,0.0,0.0,0.0,0.0,0.0,0.0,0.0,0.0,0.0,0.0,0.0,0.0,0.0,0.0,0.0,0.0,0.0,0.0,0.0,,,,,0.0,,2.183875799179077,,,,,,,0.0,{},{},0.0,0.0,0.0,0.0,0.0,0.0,0.0,0,0,0.0,0.0,,0.0
320,42404-1785547340678310400,42404,655360,3344,2699,122,523,0.8071172248803827,0.82,0.85,-0.05891039967536926,0.13399334251880646,-8.198837280273438,3.14823579788208,8,8,0,0,1.0,2.375,2.375,0.0,0.6065765619277954,0.00390625,-0.014794922433793545,0.0013251849450170994,0.0022314453963190317,-0.03515625,-3.515625,-0.19658204913139343,0.0,0.0,0.0,0.0,-0.05891039967536926,-0.03125,-0.013905764848459512,0.44497023610314906,1.0,6.290424278627674,-0.018015515408478677,3.9235235154628754,3.604846477508545,0.23974400758743286,3.6581907272338867,3.875471591949463,4.219772815704346,4.437530994415283,0.0,0.0,0.0,1.462509386241436,0.00952334939938737,0.0723876953125,13.501186102628708,0.00017231999999999998,0.005,0.0,0.0,0.0,0.0,0.0,0.0,0.0,0.0,0.0,,0.0,0.0,0.0,0.0,0.0,0.0,0.0,0.0,0.0,0.0,0.0,0.0,0.0,0.0,0.0,0.0,0.0,0.0,0.0,,,,,0.0,,1.9746828079223633,,,,,,,0.0,{},{},0.0,0.0,0.0,0.0,0.0,0.0,0.0,0,0,0.0,0.0,,0.0
321,42404-1785547340678310400,42404,657408,3358,2710,124,524,0.8070279928528886,0.82,0.845,-0.05508012697100639,0.13387039303779602,-7.670566558837891,4.060360908508301,14,11,2,1,0.7857142857142857,1.3571428571428572,1.8571428571428572,0.5,0.7936148643493652,0.004150390625,-0.01308593712747097,0.0018504535546526313,0.004318847320973873,-0.032470703125,-3.2470703125,-0.185546875,0.0,0.0,0.0,0.0,-0.05508012697100639,-0.0283203125,-0.011543611908564344,0.40759452474401897,1.0,6.551492802461044,-0.021740940457675606,3.349781423807144,2.8727312088012695,0.2323467880487442,3.1228199005126953,3.30600643157959,3.653808116912842,3.768383264541626,0.0,0.0,0.0,1.2931209430098534,0.010036059138656128,0.0714111328125,10.951148688793182,0.000171296,0.005,0.0,0.0,0.0,0.0,0.0,0.0,0.0,0.0,0.0,,0.0,0.0,0.0,0.0,0.0,0.0,0.0,0.0,0.0,0.0,0.0,0.0,0.0,0.0,0.0,0.0,0.0,0.0,0.0,,,,,0.0,,1.8446069955825806,,,,,,,0.0,{},{},0.0,0.0,0.0,0.0,0.0,0.0,0.0,0,0,0.0,0.0,,0.0
322,42404-1785547340678310400,42404,659456,3363,2714,124,525,0.8070175438596491,0.84,0.84,-0.0613730326294899,0.13270314037799835,-8.867695808410645,3.5786755084991455,5,4,0,1,0.8,1.2,2.0,0.8,0.6809445023536682,0.001708984375,-0.01630859449505806,0.0009927088394761086,0.0028759764973074198,-0.039794921875,-3.9794921875,-0.19843751192092896,0.0,0.0,0.0,0.0,-0.0613730326294899,-0.0380859375,-0.015341423160862178,0.40280012434347545,1.0,5.210119924210996,-0.01239332277327776,4.381247693842107,3.958892822265625,0.17258869111537933,4.252655982971191,4.38421106338501,4.511093616485596,4.678689002990723,0.0,0.0,0.0,1.3498059511184692,0.008017542062919925,0.058416193181818184,21.54242340001193,0.00017027199999999999,0.005,0.0,0.0,0.0,0.0,0.0,0.0,0.0,0.0,0.0,,0.0,0.0,0.0,0.0,0.0,0.0,0.0,0.0,0.0,0.0,0.0,0.0,0.0,0.0,0.0,0.0,0.0,0.0,0.0,,,,,0.0,,2.0214147567749023,,,,,,,0.0,{},{},0.0,0.0,0.0,0.0,0.0,0.0,0.0,0,0,0.0,0.0,,0.0
323,42404-1785547340678310400,42404,661504,3376,2725,124,527,0.8071682464454977,0.86,0.835,-0.053823914378881454,0.13308684527873993,-7.807116508483887,3.1678528785705566,13,11,0,2,0.8461538461538461,1.3076923076923077,1.5384615384615385,0.23076923076923078,0.5571298003196716,0.0048828125,-0.00986328162252903,0.0020185583271086216,0.0032421874348074198,-0.026611328125,-2.6611328125,-0.18974609673023224,0.0,0.0,0.0,0.0,-0.053823914378881454,-0.021728515625,-0.00854809518205002,0.3933863657878945,1.0,8.732182530195365,-0.016305735189234838,4.50948241353035,4.03211784362793,0.2942902445793152,4.151782989501953,4.484157562255859,4.909759521484375,5.086265563964844,0.0,0.0,0.0,1.3301664590835571,0.005957250243227463,0.044189453125,16.882075399160385,0.00016924800000000002,0.005,0.0,0.0,0.0,0.0,0.0,0.0,0.0,0.0,0.0,,0.0,0.0,0.0,0.0,0.0,0.0,0.0,0.0,0.0,0.0,0.0,0.0,0.0,0.0,0.0,0.0,0.0,0.0,0.0,,,,,0.0,,2.1081583499908447,,,,,,,0.0,{},{},0.0,0.0,0.0,0.0,0.0,0.0,0.0,0,0,0.0,0.0,,0.0
324,42404-1785547340678310400,42404,663552,3385,2733,124,528,0.8073855243722304,0.84,0.845,-0.05283864587545395,0.13106626272201538,-7.3693342208862305,4.406710147857666,9,8,0,1,0.8888888888888888,2.0,2.3333333333333335,0.3333333333333333,0.8407536149024963,0.003662109375,-0.01035156287252903,0.0019504947122186422,0.004362792707979679,-0.02587890625,-2.587890625,-0.18564453721046448,0.0,0.0,0.0,0.0,-0.05283864587545395,-0.022216796875,-0.00877324101747945,0.39487448133758535,1.0,8.355668127444092,-0.01678151594982906,3.072077751159668,2.697254180908203,0.21935848891735077,2.8146307468414307,3.041137218475342,3.3466811180114746,3.442440986633301,0.0,0.0,0.0,1.2691658410159024,0.014966859969056466,0.07670454545454546,7.548517638986761,0.000168224,0.005,0.0,0.0,0.0,0.0,0.0,0.0,0.0,0.0,0.0,,0.0,0.0,0.0,0.0,0.0,0.0,0.0,0.0,0.0,0.0,0.0,0.0,0.0,0.0,0.0,0.0,0.0,0.0,0.0,,,,,0.0,,1.7585279941558838,,,,,,,0.0,{},{},0.0,0.0,0.0,0.0,0.0,0.0,0.0,0,0,0.0,0.0,,0.0
325,42404-1785547340678310400,42404,665600,3397,2742,125,530,0.807182808360318,0.82,0.85,-0.05433306470513344,0.13264460861682892,-8.210305213928223,4.1190385818481445,12,9,1,2,0.75,1.0,1.75,0.75,0.7727034687995911,0.00341796875,-0.01235351525247097,0.0015858965925872326,0.004025878384709358,-0.03076171875,-3.076171875,-0.18447265028953552,0.0,0.0,0.0,0.0,-0.05433306470513344,-0.02734375,-0.010950571508146822,0.4004633982079493,1.0,6.746181635946042,-0.009418357991509967,3.8683322535620794,3.3004653453826904,0.25182032585144043,3.6818020343780518,3.8526387214660645,4.131884574890137,4.286558151245117,0.0,0.0,0.0,1.3328952656851873,0.013013947134216627,0.0779079861111111,9.806907309426201,0.00016720000000000003,0.005,0.0,0.0,0.0,0.0,0.0,0.0,0.0,0.0,0.0,,0.0,0.0,0.0,0.0,0.0,0.0,0.0,0.0,0.0,0.0,0.0,0.0,0.0,0.0,0.0,0.0,0.0,0.0,0.0,,,,,0.0,,1.9637775421142578,,,,,,,0.0,{},{},0.0,0.0,0.0,0.0,0.0,0.0,0.0,0,0,0.0,0.0,,0.0
326,42404-1785547340678310400,42404,667648,3407,2752,125,530,0.8077487525682419,0.86,0.855,-0.05035342276096344,0.1340610384941101,-8.034653663635254,3.9538238048553467,10,10,0,0,1.0,1.9,2.4,0.5,0.7324110269546509,0.0048828125,-0.007080078125,0.002208500634878874,0.0034960934426635504,-0.022216796875,-2.2216796875,-0.18320313096046448,0.0,0.0,0.0,0.0,-0.05035342276096344,-0.017333984375,-0.005653929605614394,0.32615717922240084,1.0,10.568404735609372,-0.01268801100862523,4.141933560371399,3.711533784866333,0.2253311723470688,3.920048475265503,4.131043434143066,4.396421432495117,4.4327898025512695,0.0,0.0,0.0,1.2821328540643055,0.010954856950168809,0.06949869791666667,10.614520152409872,0.000166176,0.005,0.0,0.0,0.0,0.0,0.0,0.0,0.0,0.0,0.0,,0.0,0.0,0.0,0.0,0.0,0.0,0.0,0.0,0.0,0.0,0.0,0.0,0.0,0.0,0.0,0.0,0.0,0.0,0.0,,,,,0.0,,2.045273542404175,,,,,,,0.0,{},{},0.0,0.0,0.0,0.0,0.0,0.0,0.0,0,0,0.0,0.0,,0.0
327,42404-1785547340678310400,42404,669696,3416,2760,125,531,0.8079625292740047,0.86,0.855,-0.05493053421378136,0.132953479886055,-7.780869483947754,3.2850866317749023,9,8,0,1,0.8888888888888888,1.1111111111111112,1.7777777777777777,0.6666666666666666,0.5627491474151611,0.003662109375,-0.01215820200741291,0.0021373233757913113,0.004157714545726776,-0.030029296875,-3.0029296875,-0.18906250596046448,0.0,0.0,0.0,0.0,-0.05493053421378136,-0.0263671875,-0.010584442527033389,0.40140955941827205,1.0,7.1700986637957,-0.02145226826542057,4.6383489072322845,4.255726337432861,0.2645150423049927,4.3257622718811035,4.648210525512695,4.860705375671387,5.347722053527832,0.0,0.0,0.0,1.1916807442903519,0.013157419751223642,0.0831298828125,14.03264793753624,0.00016515200000000003,0.005,0.0,0.0,0.0,0.0,0.0,0.0,0.0,0.0,0.0,,0.0,0.0,0.0,0.0,0.0,0.0,0.0,0.0,0.0,0.0,0.0,0.0,0.0,0.0,0.0,0.0,0.0,0.0,0.0,,,,,0.0,,2.1722617149353027,,,,,,,0.0,{},{},0.0,0.0,0.0,0.0,0.0,0.0,0.0,0,0,0.0,0.0,,0.0
328,42404-1785547340678310400,42404,671744,3428,2771,125,532,0.808343057176196,0.88,0.86,-0.05330647528171539,0.13228513300418854,-7.483513832092285,4.016713619232178,12,11,0,1,0.9166666666666666,1.5833333333333333,2.0,0.4166666666666667,0.7845516800880432,0.005126953125,-0.01040039025247097,0.002123477403074503,0.004020995926111937,-0.02685546875,-2.685546875,-0.18779297173023224,0.0,0.0,0.0,0.0,-0.05330647528171539,-0.021728515625,-0.00886427192017436,0.4079369311838657,1.0,8.642299026406956,-0.011075556860305369,3.453580915927887,3.3237109184265137,0.11457011848688126,3.35477876663208,3.4026317596435547,3.616492748260498,3.6757490634918213,0.0,0.0,0.0,1.2038354873657227,0.01583033449423965,0.11181640625,9.870105504989624,0.000164128,0.005,0.0,0.0,0.0,0.0,0.0,0.0,0.0,0.0,0.0,,0.0,0.0,0.0,0.0,0.0,0.0,0.0,0.0,0.0,0.0,0.0,0.0,0.0,0.0,0.0,0.0,0.0,0.0,0.0,,,,,0.0,,1.8644144535064697,,,,,,,0.0,{},{},0.0,0.0,0.0,0.0,0.0,0.0,0.0,0,0,0.0,0.0,,0.0
329,42404-1785547340678310400,42404,673792,3440,2782,125,533,0.8087209302325581,0.9,0.87,-0.051889948546886444,0.13269881904125214,-7.567873954772949,4.073368072509766,12,11,0,1,0.9166666666666666,1.6666666666666667,2.25,0.5833333333333334,0.76558518409729,0.005126953125,-0.009716796688735485,0.0020408565178513527,0.003972168080508709,-0.0263671875,-2.63671875,-0.1826171875,0.0,0.0,0.0,0.0,-0.051889948546886444,-0.021240234375,-0.00821354053914547,0.3866790598955231,1.0,8.597296384758712,-0.017120795832438904,3.8542486104098233,3.6244394779205322,0.13352149724960327,3.7180514335632324,3.8524765968322754,3.9928884506225586,4.074878215789795,0.0,0.0,0.0,1.1739886782386086,0.014485262154432183,0.07652698863636363,5.765315619381991,0.00016310400000000004,0.005,0.0,0.0,0.0,0.0,0.0,0.0,0.0,0.0,0.0,,0.0,0.0,0.0,0.0,0.0,0.0,0.0,0.0,0.0,0.0,0.0,0.0,0.0,0.0,0.0,0.0,0.0,0.0,0.0,,,,,0.0,,1.972178339958191,,,,,,,0.0,{},{},0.0,0.0,0.0,0.0,0.0,0.0,0.0,0,0,0.0,0.0,,0.0
330,42404-1785547340678310400,42404,675840,3450,2790,125,535,0.808695652173913,0.9,0.86,-0.051234170794487,0.13061723113059998,-8.175802230834961,3.9950976371765137,10,8,0,2,0.8,1.8,2.2,0.4,0.7409986853599548,0.00341796875,-0.00898437388241291,0.002137951785698533,0.0031640625093132257,-0.025146484375,-2.5146484375,-0.18056640028953552,0.0,0.0,0.0,0.0,-0.051234170794487,-0.021728515625,-0.007658870308659971,0.3524639223825299,1.0,8.309729650935811,-0.008980650594457984,4.153895258903503,3.646141290664673,0.23935870826244354,3.7694807052612305,4.249752044677734,4.371128082275391,4.380721092224121,0.0,0.0,0.0,1.1630155205726624,0.011350981279974803,0.0783203125,10.282486152648925,0.00016208,0.005,0.0,0.0,0.0,0.0,0.0,0.0,0.0,0.0,0.0,,0.0,0.0,0.0,0.0,0.0,0.0,0.0,0.0,0.0,0.0,0.0,0.0,0.0,0.0,0.0,0.0,0.0,0.0,0.0,,,,,0.0,,2.0331919193267822,,,,,,,0.0,{},{},0.0,0.0,0.0,0.0,0.0,0.0,0.0,0,0,0.0,0.0,,0.0
331,42404-1785547340678310400,42404,677888,3459,2797,126,536,0.8086152067071408,0.86,0.855,-0.04976075887680054,0.13054712116718292,-7.7750654220581055,3.4353599548339844,9,7,1,1,0.7777777777777778,1.1111111111111112,1.5555555555555556,0.4444444444444444,0.7247542142868042,0.002685546875,-0.006640624720603228,0.0023592100478708744,0.004333495628088713,-0.01953125,-1.953125,-0.18222656846046448,0.0,0.0,0.0,0.0,-0.04976075887680054,-0.016845703125,-0.004967448301613331,0.29486174622747324,1.0,10.816749550839162,-0.019004033754269282,3.210807291666667,2.6267240047454834,0.3098812997341156,2.822803258895874,3.152223587036133,3.536862850189209,3.8545846939086914,0.0,0.0,0.0,1.179134440422058,0.015293219165566066,0.10494791666666667,9.522938696543376,0.00016105599999999997,0.005,0.0,0.0,0.0,0.0,0.0,0.0,0.0,0.0,0.0,,0.0,0.0,0.0,0.0,0.0,0.0,0.0,0.0,0.0,0.0,0.0,0.0,0.0,0.0,0.0,0.0,0.0,0.0,0.0,,,,,0.0,,1.8023228645324707,,,,,,,0.0,{},{},0.0,0.0,0.0,0.0,0.0,0.0,0.0,0,0,0.0,0.0,,0.0
332,42404-1785547340678310400,42404,679936,3472,2809,127,536,0.8090437788018433,0.88,0.855,-0.05449962615966797,0.13572727143764496,-7.6811933517456055,4.32974910736084,13,12,1,0,0.9230769230769231,1.3846153846153846,2.0,0.6153846153846154,0.7944254279136658,0.00537109375,-0.01127929612994194,0.0017996919341385365,0.0038891599979251623,-0.029541015625,-2.9541015625,-0.18916016817092896,0.0,0.0,0.0,0.0,-0.05449962615966797,-0.024169921875,-0.009857083146926016,0.40780749687173506,1.0,7.8259393311174215,-0.02135641753141369,3.7818299531936646,3.364745855331421,0.1909458190202713,3.486957550048828,3.8618063926696777,3.950085401535034,3.9999582767486572,0.0,0.0,0.0,1.1764790756361825,0.011869619109867406,0.08328683035714286,7.187976666859218,0.000160032,0.005,0.0,0.0,0.0,0.0,0.0,0.0,0.0,0.0,0.0,,0.0,0.0,0.0,0.0,0.0,0.0,0.0,0.0,0.0,0.0,0.0,0.0,0.0,0.0,0.0,0.0,0.0,0.0,0.0,,,,,0.0,,1.9631227254867554,,,,,,,0.0,{},{},0.0,0.0,0.0,0.0,0.0,0.0,0.0,0,0,0.0,0.0,,0.0
333,42404-1785547340678310400,42404,681984,3485,2819,128,538,0.8088952654232424,0.84,0.85,-0.049968171864748,0.13153621554374695,-7.68464469909668,4.464639663696289,13,10,1,2,0.7692307692307693,1.0769230769230769,2.0,0.9230769230769231,0.7961939573287964,0.00390625,-0.008496093563735485,0.002785677555948496,0.005058593582361937,-0.024169921875,-2.4169921875,-0.17744141817092896,0.0,0.0,0.0,0.0,-0.049968171864748,-0.020263671875,-0.006535025779157877,0.3224836710640239,1.0,8.756194981367244,-0.011943945143785741,4.025809579425388,3.446460485458374,0.2751030921936035,3.7300148010253906,4.079520225524902,4.368062973022461,4.375711917877197,0.0,0.0,0.0,1.0812147988213434,0.013121495230330361,0.08528645833333333,5.604843801922268,0.00015900799999999998,0.005,0.0,0.0,0.0,0.0,0.0,0.0,0.0,0.0,0.0,,0.0,0.0,0.0,0.0,0.0,0.0,0.0,0.0,0.0,0.0,0.0,0.0,0.0,0.0,0.0,0.0,0.0,0.0,0.0,,,,,0.0,,2.0155563354492188,,,,,,,0.0,{},{},0.0,0.0,0.0,0.0,0.0,0.0,0.0,0,0,0.0,0.0,,0.0
334,42404-1785547340678310400,42404,684032,3494,2827,128,539,0.8091013165426445,0.84,0.845,-0.056621111929416656,0.12875843048095703,-8.383734703063965,3.6627817153930664,9,8,0,1,0.8888888888888888,1.4444444444444444,1.8888888888888888,0.4444444444444444,0.7087936401367188,0.003662109375,-0.01406249962747097,0.0012916221749037504,0.0032250976655632257,-0.0341796875,-3.41796875,-0.18867187201976776,0.0,0.0,0.0,0.0,-0.056621111929416656,-0.030517578125,-0.012933319667354226,0.4237851322686491,1.0,6.182197324101834,-0.01564150064119271,3.9513731002807617,3.6769866943359375,0.19382500648498535,3.717193126678467,3.9313528537750244,4.214850425720215,4.29892635345459,0.0,0.0,0.0,1.1760947619165694,0.011453817220171914,0.08579799107142858,11.076778786523002,0.000157984,0.005,0.0,0.0,0.0,0.0,0.0,0.0,0.0,0.0,0.0,,0.0,0.0,0.0,0.0,0.0,0.0,0.0,0.0,0.0,0.0,0.0,0.0,0.0,0.0,0.0,0.0,0.0,0.0,0.0,,,,,0.0,,1.9765666723251343,,,,,,,0.0,{},{},0.0,0.0,0.0,0.0,0.0,0.0,0.0,0,0,0.0,0.0,,0.0
335,42404-1785547340678310400,42404,686080,3505,2837,128,540,0.8094151212553495,0.86,0.855,-0.05894928425550461,0.13440345227718353,-8.239569664001465,3.3597118854522705,11,10,0,1,0.9090909090909091,1.6363636363636365,1.7272727272727273,0.09090909090909091,0.6577003598213196,0.004638671875,-0.014746093191206455,0.0016579991206526756,0.0028051757253706455,-0.035888671875,-3.5888671875,-0.197265625,0.0,0.0,0.0,0.0,-0.05894928425550461,-0.03125,-0.013630299479700625,0.43615562637037614,1.0,6.312298006463793,-0.01993820839561522,3.8297188729047775,3.4752421379089355,0.17534205317497253,3.6441118717193604,3.822152853012085,4.034971714019775,4.0945329666137695,0.0,0.0,0.0,1.1981422454118729,0.014076889667194337,0.105712890625,8.446426898241043,0.00015696,0.005,0.0,0.0,0.0,0.0,0.0,0.0,0.0,0.0,0.0,,0.0,0.0,0.0,0.0,0.0,0.0,0.0,0.0,0.0,0.0,0.0,0.0,0.0,0.0,0.0,0.0,0.0,0.0,0.0,,,,,0.0,,1.9656457901000977,,,,,,,0.0,{},{},0.0,0.0,0.0,0.0,0.0,0.0,0.0,0,0,0.0,0.0,,0.0
336,42404-1785547340678310400,42404,688128,3516,2848,128,540,0.8100113765642776,0.9,0.865,-0.05285286158323288,0.12929099798202515,-7.884918212890625,4.103777885437012,11,11,0,0,1.0,1.4545454545454546,2.0,0.5454545454545454,0.779615581035614,0.00537109375,-0.01113281212747097,0.0019585525151342154,0.0042871092446148396,-0.029052734375,-2.9052734375,-0.18291017413139343,0.0,0.0,0.0,0.0,-0.05285286158323288,-0.023681640625,-0.009571396687533706,0.4041524270494522,1.0,7.72338596137412,-0.014179566663435915,3.706429048018022,3.5702767372131348,0.15202368795871735,3.5816783905029297,3.6424598693847656,3.914080858230591,4.0784912109375,0.0,0.0,0.0,1.1433011943643743,0.01216352945828641,0.07741477272727272,8.29389546134255,0.00015593600000000002,0.005,0.0,0.0,0.0,0.0,0.0,0.0,0.0,0.0,0.0,,0.0,0.0,0.0,0.0,0.0,0.0,0.0,0.0,0.0,0.0,0.0,0.0,0.0,0.0,0.0,0.0,0.0,0.0,0.0,,,,,0.0,,1.9265233278274536,,,,,,,0.0,{},{},0.0,0.0,0.0,0.0,0.0,0.0,0.0,0,0,0.0,0.0,,0.0
337,42404-1785547340678310400,42404,690176,3527,2856,129,542,0.8097533314431529,0.84,0.865,-0.050985753536224365,0.12861202657222748,-6.897150039672852,4.053822994232178,11,8,1,2,0.7272727272727273,1.2727272727272727,2.0,0.7272727272727273,0.7624551653862,0.0029296875,-0.009130858816206455,0.00291360542178154,0.004577941726893187,-0.025634765625,-2.5634765625,-0.17841796576976776,0.0,0.0,0.0,0.0,-0.050985753536224365,-0.022705078125,-0.007257972029037774,0.3196488618193624,1.0,7.8577183072987316,-0.010143105539360217,3.860339948109218,3.5317094326019287,0.2432476133108139,3.599682092666626,3.8612866401672363,4.1956400871276855,4.237513065338135,0.0,0.0,0.0,1.1769480875560216,0.008342013877284313,0.05580357142857143,5.253873825073242,0.000154912,0.005,0.0,0.0,0.0,0.0,0.0,0.0,0.0,0.0,0.0,,0.0,0.0,0.0,0.0,0.0,0.0,0.0,0.0,0.0,0.0,0.0,0.0,0.0,0.0,0.0,0.0,0.0,0.0,0.0,,,,,0.0,,1.9757754802703857,,,,,,,0.0,{},{},0.0,0.0,0.0,0.0,0.0,0.0,0.0,0,0,0.0,0.0,,0.0
338,42404-1785547340678310400,42404,692224,3537,2866,129,542,0.8102912072377721,0.92,0.87,-0.05429050326347351,0.1309375911951065,-8.378937721252441,3.860417366027832,10,10,0,0,1.0,2.3,2.4,0.1,0.7603101134300232,0.0048828125,-0.010009765625,0.0015863910084590316,0.002392577938735485,-0.027099609375,-2.7099609375,-0.19130858778953552,0.0,0.0,0.0,0.0,-0.05429050326347351,-0.022216796875,-0.00901502338820137,0.40575685514279286,1.0,8.610601171027922,-0.004711599621389594,3.6343274797712053,3.053318977355957,0.3261006772518158,3.257005214691162,3.7304110527038574,3.9574050903320312,3.9907310009002686,0.0,0.0,0.0,1.259766936302185,0.00871284693546061,0.05133928571428571,5.825075660433088,0.00015388800000000003,0.005,0.0,0.0,0.0,0.0,0.0,0.0,0.0,0.0,0.0,,0.0,0.0,0.0,0.0,0.0,0.0,0.0,0.0,0.0,0.0,0.0,0.0,0.0,0.0,0.0,0.0,0.0,0.0,0.0,,,,,0.0,,1.8899881839752197,,,,,,,0.0,{},{},0.0,0.0,0.0,0.0,0.0,0.0,0.0,0,0,0.0,0.0,,0.0
339,42404-1785547340678310400,42404,694272,3547,2872,130,545,0.8096983366224979,0.84,0.855,-0.0583144873380661,0.13670897483825684,-8.280984878540039,4.026259422302246,10,6,1,3,0.6,0.9,1.2,0.3,0.7491757273674011,0.001708984375,-0.01430664025247097,0.0017208036733791232,0.004289550706744194,-0.03466796875,-3.466796875,-0.19443359971046448,0.0,0.0,0.0,0.0,-0.0583144873380661,-0.032958984375,-0.01280405165744014,0.38847262522223636,1.0,5.899080457633393,-0.011428662016987801,3.9726012468338014,3.5372118949890137,0.24461883306503296,3.620622158050537,3.982867479324341,4.2141523361206055,4.383986473083496,0.0,0.0,0.0,1.356865608692169,0.011298261390766128,0.0826171875,6.4303741455078125,0.000152864,0.005,0.0,0.0,0.0,0.0,0.0,0.0,0.0,0.0,0.0,,0.0,0.0,0.0,0.0,0.0,0.0,0.0,0.0,0.0,0.0,0.0,0.0,0.0,0.0,0.0,0.0,0.0,0.0,0.0,,,,,0.0,,2.0164456367492676,,,,,,,0.0,{},{},0.0,0.0,0.0,0.0,0.0,0.0,0.0,0,0,0.0,0.0,,0.0
340,42404-1785547340678310400,42404,696320,3557,2881,130,546,0.8099522069159404,0.84,0.86,-0.056548863649368286,0.13253039121627808,-8.872421264648438,3.1773202419281006,10,9,0,1,0.9,1.7,2.2,0.5,0.5945153832435608,0.004150390625,-0.01225585862994194,0.0010344252223148942,0.0024295304901897907,-0.03076171875,-3.076171875,-0.19326171278953552,0.0,0.0,0.0,0.0,-0.056548863649368286,-0.026611328125,-0.011389869701815769,0.42799223158217276,1.0,7.2621122015996304,-0.011277732672169805,4.0491423308849335,3.60971999168396,0.21397149562835693,3.8994622230529785,4.0126423835754395,4.299933910369873,4.569936752319336,0.0,0.0,0.0,1.4319004490971565,0.008762911631492898,0.06787109375,16.015450179576874,0.00015183999999999998,0.005,0.0,0.0,0.0,0.0,0.0,0.0,0.0,0.0,0.0,,0.0,0.0,0.0,0.0,0.0,0.0,0.0,0.0,0.0,0.0,0.0,0.0,0.0,0.0,0.0,0.0,0.0,0.0,0.0,,,,,0.0,,2.0232436656951904,,,,,,,0.0,{},{},0.0,0.0,0.0,0.0,0.0,0.0,0.0,0,0,0.0,0.0,,0.0
341,42404-1785547340678310400,42404,698368,3568,2890,131,547,0.8099775784753364,0.8,0.86,-0.058611638844013214,0.1295880675315857,-9.059072494506836,3.4917962551116943,11,9,1,1,0.8181818181818182,1.5454545454545454,1.7272727272727273,0.18181818181818182,0.6196744441986084,0.003662109375,-0.01542968675494194,0.001465135719627142,0.0023486327845603228,-0.03857421875,-3.857421875,-0.19033202528953552,0.0,0.0,0.0,0.0,-0.058611638844013214,-0.034912109375,-0.014476244628895074,0.4146363611847469,1.0,5.451591929128642,-0.0187863941246178,4.489393085241318,3.509908676147461,0.41951224207878113,4.045903205871582,4.532912254333496,5.0019659996032715,5.130414009094238,0.0,0.0,0.0,1.3510691449046135,0.007394004012894584,0.0634765625,8.6994219571352,0.00015081600000000001,0.005,0.0,0.0,0.0,0.0,0.0,0.0,0.0,0.0,0.0,,0.0,0.0,0.0,0.0,0.0,0.0,0.0,0.0,0.0,0.0,0.0,0.0,0.0,0.0,0.0,0.0,0.0,0.0,0.0,,,,,0.0,,2.153409481048584,,,,,,,0.0,{},{},0.0,0.0,0.0,0.0,0.0,0.0,0.0,0,0,0.0,0.0,,0.0
342,42404-1785547340678310400,42404,700416,3579,2898,131,550,0.8097233864207879,0.8,0.85,-0.05152205377817154,0.13016101717948914,-7.578639030456543,4.472448348999023,11,8,0,3,0.7272727272727273,1.3636363636363635,1.9090909090909092,0.5454545454545454,0.7869080901145935,0.003173828125,-0.008642577566206455,0.0023636859841644764,0.004590759053826332,-0.027099609375,-2.7099609375,-0.1796875,0.0,0.0,0.0,0.0,-0.05152205377817154,-0.02392578125,-0.006903966306708753,0.2885455521397703,1.0,7.5098901988749525,-0.010249107697745785,4.452051639556885,3.9251294136047363,0.28063052892684937,4.013586044311523,4.558736801147461,4.699575424194336,4.839217662811279,0.0,0.0,0.0,1.2864252179861069,0.0052873228523822036,0.039794921875,18.80569487810135,0.000149792,0.005,0.0,0.0,0.0,0.0,0.0,0.0,0.0,0.0,0.0,,0.0,0.0,0.0,0.0,0.0,0.0,0.0,0.0,0.0,0.0,0.0,0.0,0.0,0.0,0.0,0.0,0.0,0.0,0.0,,,,,0.0,,2.064566135406494,,,,,,,0.0,{},{},0.0,0.0,0.0,0.0,0.0,0.0,0.0,0,0,0.0,0.0,,0.0
343,42404-1785547340678310400,42404,702464,3590,2907,132,551,0.8097493036211699,0.78,0.85,-0.046994131058454514,0.13344013690948486,-6.512119770050049,3.917677164077759,11,9,1,1,0.8181818181818182,1.7272727272727273,2.090909090909091,0.36363636363636365,0.7066311240196228,0.003662109375,-0.005908202845603228,0.0030742776580154896,0.004433593712747097,-0.01806640625,-1.806640625,-0.17324218153953552,0.0,0.0,0.0,0.0,-0.046994131058454514,-0.014404296875,-0.004031235002912581,0.279843937816282,1.0,12.026283320838226,-0.01733194082044065,4.472440481185913,3.9891419410705566,0.25025612115859985,4.229926109313965,4.439292907714844,4.770279884338379,5.0067949295043945,0.0,0.0,0.0,1.2424840107560158,0.0060060725882067345,0.0521240234375,14.884188890457153,0.00014876800000000002,0.005,0.0,0.0,0.0,0.0,0.0,0.0,0.0,0.0,0.0,,0.0,0.0,0.0,0.0,0.0,0.0,0.0,0.0,0.0,0.0,0.0,0.0,0.0,0.0,0.0,0.0,0.0,0.0,0.0,,,,,0.0,,2.121952533721924,,,,,,,0.0,{},{},0.0,0.0,0.0,0.0,0.0,0.0,0.0,0,0,0.0,0.0,,0.0
344,42404-1785547340678310400,42404,704512,3601,2918,132,551,0.8103304637600667,0.86,0.86,-0.05108650028705597,0.13212959468364716,-7.593479156494141,4.153039932250977,11,11,0,0,1.0,2.0,2.6363636363636362,0.6363636363636364,0.7479528188705444,0.00537109375,-0.009521484375,0.002393987262621522,0.004072265699505806,-0.025146484375,-2.5146484375,-0.18144530057907104,0.0,0.0,0.0,0.0,-0.05108650028705597,-0.019775390625,-0.007904921134468168,0.3997150584432374,1.0,9.174844086549339,-0.014500063740544848,4.320618629455566,3.710803508758545,0.34766682982444763,3.8066020011901855,4.389410972595215,4.717432022094727,4.719019412994385,0.0,0.0,0.0,1.2789329952663846,0.013184417433674551,0.09505208333333333,6.822274419996473,0.000147744,0.005,0.0,0.0,0.0,0.0,0.0,0.0,0.0,0.0,0.0,,0.0,0.0,0.0,0.0,0.0,0.0,0.0,0.0,0.0,0.0,0.0,0.0,0.0,0.0,0.0,0.0,0.0,0.0,0.0,,,,,0.0,,2.0850048065185547,,,,,,,0.0,{},{},0.0,0.0,0.0,0.0,0.0,0.0,0.0,0,0,0.0,0.0,,0.0
345,42404-1785547340678310400,42404,706560,3611,2926,132,553,0.8103018554417059,0.86,0.855,-0.05254058539867401,0.12599268555641174,-8.145478248596191,3.7341978549957275,10,8,0,2,0.8,1.5,1.7,0.2,0.8046382069587708,0.00341796875,-0.010205077938735485,0.0017892341129481792,0.003007812425494194,-0.027099609375,-2.7099609375,-0.181640625,0.0,0.0,0.0,0.0,-0.05254058539867401,-0.023681640625,-0.009005816304124892,0.380270783428522,1.0,7.669779222518604,-0.016280833689961582,2.752860113978386,2.418250560760498,0.15775470435619354,2.5173964500427246,2.7746829986572266,2.92924165725708,3.0133469104766846,0.0,0.0,0.0,1.2406519874930382,0.008256811368482886,0.0621337890625,13.088006988167763,0.00014672000000000003,0.005,0.0,0.0,0.0,0.0,0.0,0.0,0.0,0.0,0.0,,0.0,0.0,0.0,0.0,0.0,0.0,0.0,0.0,0.0,0.0,0.0,0.0,0.0,0.0,0.0,0.0,0.0,0.0,0.0,,,,,0.0,,1.6505062580108643,,,,,,,0.0,{},{},0.0,0.0,0.0,0.0,0.0,0.0,0.0,0,0,0.0,0.0,,0.0
346,42404-1785547340678310400,42404,708608,3623,2936,132,555,0.8103781396632624,0.84,0.85,-0.051137637346982956,0.13425517082214355,-8.190260887145996,4.033935546875,12,10,0,2,0.8333333333333334,1.6666666666666667,1.9166666666666667,0.25,0.8180727958679199,0.00439453125,-0.00864257849752903,0.0024235444143414497,0.0033862304408103228,-0.024658203125,-2.4658203125,-0.1820312738418579,0.0,0.0,0.0,0.0,-0.051137637346982956,-0.020263671875,-0.007190134783741087,0.3548113104466976,1.0,8.98269041634102,-0.014984933597346147,2.9728329022725424,2.7029247283935547,0.19563116133213043,2.723198413848877,2.9439163208007812,3.213742256164551,3.3958053588867188,0.0,0.0,0.0,1.3593272765477498,0.012852118463100245,0.08528645833333333,11.94572205543518,0.00014569599999999998,0.005,0.0,0.0,0.0,0.0,0.0,0.0,0.0,0.0,0.0,,0.0,0.0,0.0,0.0,0.0,0.0,0.0,0.0,0.0,0.0,0.0,0.0,0.0,0.0,0.0,0.0,0.0,0.0,0.0,,,,,0.0,,1.7205915451049805,,,,,,,0.0,{},{},0.0,0.0,0.0,0.0,0.0,0.0,0.0,0,0,0.0,0.0,,0.0
347,42404-1785547340678310400,42404,710656,3636,2946,132,558,0.8102310231023102,0.86,0.84,-0.05350830405950546,0.13320176303386688,-7.932076454162598,4.052274227142334,13,10,0,3,0.7692307692307693,1.5384615384615385,1.8461538461538463,0.3076923076923077,0.826204240322113,0.004150390625,-0.01108398474752903,0.0023945849388837814,0.003801269456744194,-0.029052734375,-2.9052734375,-0.18466797471046448,0.0,0.0,0.0,0.0,-0.05350830405950546,-0.02490234375,-0.009535021148622036,0.3828811602306231,1.0,7.41538873511572,-0.016339597903424874,2.813916027545929,2.4740548133850098,0.1805860847234726,2.6116929054260254,2.8251047134399414,3.0324277877807617,3.14949893951416,0.0,0.0,0.0,1.2564192786812782,0.008887062751455233,0.0682373046875,10.709945902228355,0.000144672,0.005,0.0,0.0,0.0,0.0,0.0,0.0,0.0,0.0,0.0,,0.0,0.0,0.0,0.0,0.0,0.0,0.0,0.0,0.0,0.0,0.0,0.0,0.0,0.0,0.0,0.0,0.0,0.0,0.0,,,,,0.0,,1.6893452405929565,,,,,,,0.0,{},{},0.0,0.0,0.0,0.0,0.0,0.0,0.0,0,0,0.0,0.0,,0.0
348,42404-1785547340678310400,42404,712704,3643,2953,132,558,0.8105956629151798,0.86,0.845,-0.05161324888467789,0.13469108939170837,-7.826340198516846,3.621190071105957,7,7,0,0,1.0,1.8571428571428572,2.2857142857142856,0.42857142857142855,0.700341522693634,0.00341796875,-0.007275390438735485,0.0019824185874313116,0.0029272460378706455,-0.021484375,-2.1484375,-0.18671874701976776,0.0,0.0,0.0,0.0,-0.05161324888467789,-0.01806640625,-0.006047974282409996,0.33474502088034885,1.0,10.334562938151,-0.015608934278134257,3.910659149289131,3.53769588470459,0.2831214964389801,3.594085216522217,3.816556930541992,4.34689998626709,4.453451633453369,0.0,0.0,0.0,1.3241136148571968,0.010811824267875636,0.0760498046875,10.766712725162506,0.000143648,0.005,0.0,0.0,0.0,0.0,0.0,0.0,0.0,0.0,0.0,,0.0,0.0,0.0,0.0,0.0,0.0,0.0,0.0,0.0,0.0,0.0,0.0,0.0,0.0,0.0,0.0,0.0,0.0,0.0,,,,,0.0,,1.9822781085968018,,,,,,,0.0,{},{},0.0,0.0,0.0,0.0,0.0,0.0,0.0,0,0,0.0,0.0,,0.0
349,42404-1785547340678310400,42404,714752,3654,2964,132,558,0.8111658456486043,0.88,0.855,-0.05672581121325493,0.13284386694431305,-8.76266098022461,3.2756614685058594,11,11,0,0,1.0,1.7272727272727273,1.8181818181818181,0.09090909090909091,0.6519644856452942,0.00537109375,-0.01123046875,0.0009603090002201498,0.0019140624208375812,-0.0302734375,-3.02734375,-0.19707031548023224,0.0,0.0,0.0,0.0,-0.05672581121325493,-0.02490234375,-0.010511875894735567,0.4221070070052568,1.0,7.91340783224069,-0.012957427476067096,3.810914382338524,3.2927775382995605,0.21555757522583008,3.6309421062469482,3.7873518466949463,4.097646713256836,4.1722588539123535,0.0,0.0,0.0,1.3267158940434456,0.006091277929954231,0.0472412109375,16.342463076114655,0.00014262399999999997,0.005,0.0,0.0,0.0,0.0,0.0,0.0,0.0,0.0,0.0,,0.0,0.0,0.0,0.0,0.0,0.0,0.0,0.0,0.0,0.0,0.0,0.0,0.0,0.0,0.0,0.0,0.0,0.0,0.0,,,,,0.0,,1.9324613809585571,,,,,,,0.0,{},{},0.0,0.0,0.0,0.0,0.0,0.0,0.0,0,0,0.0,0.0,,0.0
350,42404-1785547340678310400,42404,716800,3662,2971,132,559,0.8113052976515566,0.88,0.855,-0.05344712361693382,0.13153448700904846,-8.689248085021973,3.626688003540039,8,7,0,1,0.875,1.375,1.75,0.375,0.6800427436828613,0.003173828125,-0.010009765625,0.0018321750685572624,0.0035058592911809683,-0.026611328125,-2.6611328125,-0.18740233778953552,0.0,0.0,0.0,0.0,-0.05344712361693382,-0.0234375,-0.008675257035065442,0.370128508013117,1.0,7.995491938030826,-0.007958758040331304,4.176716208457947,3.8077642917633057,0.2983897030353546,3.912074327468872,4.05333137512207,4.561558246612549,4.807909965515137,0.0,0.0,0.0,1.2489001601934433,0.011345095314027276,0.06689453125,7.892342984676361,0.0001416,0.005,0.0,0.0,0.0,0.0,0.0,0.0,0.0,0.0,0.0,,0.0,0.0,0.0,0.0,0.0,0.0,0.0,0.0,0.0,0.0,0.0,0.0,0.0,0.0,0.0,0.0,0.0,0.0,0.0,,,,,0.0,,2.0514273643493652,,,,,,,0.0,{},{},0.0,0.0,0.0,0.0,0.0,0.0,0.0,0,0,0.0,0.0,,0.0
351,42404-1785547340678310400,42404,718848,3676,2982,132,562,0.8112078346028292,0.86,0.845,-0.051557715982198715,0.13023978471755981,-7.594751358032227,4.82448673248291,14,11,0,3,0.7857142857142857,1.5,2.0,0.5,0.841888427734375,0.004638671875,-0.00981445237994194,0.002598587656393647,0.004934081807732582,-0.025634765625,-2.5634765625,-0.18134766817092896,0.0,0.0,0.0,0.0,-0.051557715982198715,-0.02099609375,-0.007931285013910383,0.37773251423951865,1.0,8.63679851745811,-0.01608620326106365,3.6178169800685,2.9546561241149902,0.3378578722476959,3.251887083053589,3.593627452850342,3.9732534885406494,4.181628227233887,0.0,0.0,0.0,1.2754130088365996,0.00976125012563828,0.054837740384615384,6.754180174607497,0.00014057599999999998,0.005,0.0,0.0,0.0,0.0,0.0,0.0,0.0,0.0,0.0,,0.0,0.0,0.0,0.0,0.0,0.0,0.0,0.0,0.0,0.0,0.0,0.0,0.0,0.0,0.0,0.0,0.0,0.0,0.0,,,,,0.0,,1.918372631072998,,,,,,,0.0,{},{},0.0,0.0,0.0,0.0,0.0,0.0,0.0,0,0,0.0,0.0,,0.0
352,42404-1785547340678310400,42404,720896,3684,2988,132,564,0.8110749185667753,0.86,0.845,-0.0543193444609642,0.13442237675189972,-8.884376525878906,3.8038177490234375,8,6,0,2,0.75,1.625,2.125,0.5,0.7176780700683594,0.00244140625,-0.01054687425494194,0.0014239940792322159,0.0034838865976780653,-0.02734375,-2.734375,-0.18857422471046448,0.0,0.0,0.0,0.0,-0.0543193444609642,-0.02490234375,-0.00931990408571437,0.3742430807394838,1.0,7.572245181350977,-0.017990250315051526,4.045685738325119,3.459897041320801,0.2869502902030945,3.733705520629883,4.049520492553711,4.403774261474609,4.580852508544922,0.0,0.0,0.0,1.2921173498034477,0.016013227108487627,0.102783203125,7.9444966316223145,0.000139552,0.005,0.0,0.0,0.0,0.0,0.0,0.0,0.0,0.0,0.0,,0.0,0.0,0.0,0.0,0.0,0.0,0.0,0.0,0.0,0.0,0.0,0.0,0.0,0.0,0.0,0.0,0.0,0.0,0.0,,,,,0.0,,2.0211195945739746,,,,,,,0.0,{},{},0.0,0.0,0.0,0.0,0.0,0.0,0.0,0,0,0.0,0.0,,0.0
353,42404-1785547340678310400,42404,722944,3699,2999,133,567,0.8107596647742633,0.8,0.84,-0.05213671922683716,0.1307726949453354,-7.891993045806885,4.384917736053467,15,11,1,3,0.7333333333333333,0.9333333333333333,1.5333333333333334,0.6,0.8197736144065857,0.004150390625,-0.01108398474752903,0.002087953733280301,0.004121093545109034,-0.02734375,-2.734375,-0.18095703423023224,0.0,0.0,0.0,0.0,-0.05213671922683716,-0.023193359375,-0.009531722927931696,0.4109500406467551,1.0,7.801769012222707,-0.018245405168272555,3.423922061920166,2.9805779457092285,0.21062207221984863,3.0908470153808594,3.456728935241699,3.656783103942871,3.7150304317474365,0.0,0.0,0.0,1.1907570734620094,0.009051466021446686,0.063232421875,7.702713042497635,0.00013852799999999999,0.005,0.0,0.0,0.0,0.0,0.0,0.0,0.0,0.0,0.0,,0.0,0.0,0.0,0.0,0.0,0.0,0.0,0.0,0.0,0.0,0.0,0.0,0.0,0.0,0.0,0.0,0.0,0.0,0.0,,,,,0.0,,1.8615325689315796,,,,,,,0.0,{},{},0.0,0.0,0.0,0.0,0.0,0.0,0.0,0,0,0.0,0.0,,0.0
354,42404-1785547340678310400,42404,724992,3707,3006,133,568,0.8108983005125439,0.8,0.835,-0.04872371628880501,0.1320645809173584,-7.567832946777344,4.679661273956299,8,7,0,1,0.875,1.625,2.375,0.75,0.7980346083641052,0.003173828125,-0.006494139786809683,0.0025133464951068163,0.004956054501235485,-0.01904296875,-1.904296875,-0.17832030355930328,0.0,0.0,0.0,0.0,-0.04872371628880501,-0.015869140625,-0.0046267895377241075,0.29154055071418794,1.0,11.23621445914587,-0.020445217262022197,4.3941758424043655,3.9399468898773193,0.29994454979896545,4.0257415771484375,4.391410827636719,4.695651531219482,5.099152565002441,0.0,0.0,0.0,1.1486699804663658,0.009376262732985197,0.06494140625,5.89512974023819,0.00013750400000000002,0.005,0.0,0.0,0.0,0.0,0.0,0.0,0.0,0.0,0.0,,0.0,0.0,0.0,0.0,0.0,0.0,0.0,0.0,0.0,0.0,0.0,0.0,0.0,0.0,0.0,0.0,0.0,0.0,0.0,,,,,0.0,,2.1030659675598145,,,,,,,0.0,{},{},0.0,0.0,0.0,0.0,0.0,0.0,0.0,0,0,0.0,0.0,,0.0
355,42404-1785547340678310400,42404,727040,3719,3018,133,568,0.8115084700188223,0.82,0.835,-0.05574583262205124,0.13204064965248108,-9.021855354309082,3.9181761741638184,12,12,0,0,1.0,1.4166666666666667,2.0,0.5833333333333334,0.7431641221046448,0.005859375,-0.01323242112994194,0.0015526911010965705,0.0033740231301635504,-0.03369140625,-3.369140625,-0.18857422471046448,0.0,0.0,0.0,0.0,-0.05574583262205124,-0.02783203125,-0.01200074257212691,0.4311690833935635,1.0,6.7751953790683315,-0.018702439311891795,3.8527414798736572,3.426632881164551,0.22880643606185913,3.516942024230957,3.871617317199707,4.136600971221924,4.174655914306641,0.0,0.0,0.0,1.1458692312240601,0.012203982736294468,0.07708333333333334,7.159520451227824,0.00013648,0.005,0.0,0.0,0.0,0.0,0.0,0.0,0.0,0.0,0.0,,0.0,0.0,0.0,0.0,0.0,0.0,0.0,0.0,0.0,0.0,0.0,0.0,0.0,0.0,0.0,0.0,0.0,0.0,0.0,,,,,0.0,,1.9856916666030884,,,,,,,0.0,{},{},0.0,0.0,0.0,0.0,0.0,0.0,0.0,0,0,0.0,0.0,,0.0
356,42404-1785547340678310400,42404,729088,3727,3024,133,570,0.811376442178696,0.82,0.84,-0.054308369755744934,0.13332577049732208,-8.907928466796875,3.2283596992492676,8,6,0,2,0.75,1.5,1.5,0.0,0.6458398103713989,0.00244140625,-0.008837890811264515,0.0010526453843340278,0.002554016187787056,-0.02392578125,-2.392578125,-0.19277343153953552,0.0,0.0,0.0,0.0,-0.054308369755744934,-0.021484375,-0.007936225418234244,0.36937802659875585,1.0,8.97230937507656,-0.020352746942080557,3.602784588932991,3.3641891479492188,0.185784712433815,3.375303268432617,3.618720769882202,3.8841137886047363,3.934831380844116,0.0,0.0,0.0,1.2808955907821655,0.011053396961870021,0.08447265625,9.347950220108032,0.00013545600000000003,0.005,0.0,0.0,0.0,0.0,0.0,0.0,0.0,0.0,0.0,,0.0,0.0,0.0,0.0,0.0,0.0,0.0,0.0,0.0,0.0,0.0,0.0,0.0,0.0,0.0,0.0,0.0,0.0,0.0,,,,,0.0,,1.9212408065795898,,,,,,,0.0,{},{},0.0,0.0,0.0,0.0,0.0,0.0,0.0,0,0,0.0,0.0,,0.0
357,42404-1785547340678310400,42404,731136,3744,3039,133,572,0.811698717948718,0.88,0.845,-0.04274483025074005,0.13494284451007843,-6.262285232543945,4.609121799468994,17,15,0,2,0.8823529411764706,1.7647058823529411,2.0588235294117645,0.29411764705882354,0.693335235118866,0.0068359375,-0.0012695312034338713,0.003619703697040677,0.004450683481991291,-0.008544921875,-0.8544921875,-0.171875,0.0,0.0,0.0,0.0,-0.04274483025074005,-0.001708984375,0.0007480655913241208,0.4374692554276239,1.0,100.51261433309881,-0.009555385360727087,6.765154480934143,6.008013725280762,0.43570178747177124,6.193850994110107,6.805434226989746,7.324223518371582,7.455764293670654,0.0,0.0,0.0,1.142735742032528,0.0033554549627297092,0.0247802734375,23.7232007086277,0.000134432,0.005,0.0,0.0,0.0,0.0,0.0,0.0,0.0,0.0,0.0,,0.0,0.0,0.0,0.0,0.0,0.0,0.0,0.0,0.0,0.0,0.0,0.0,0.0,0.0,0.0,0.0,0.0,0.0,0.0,,,,,0.0,,2.552408218383789,,,,,,,0.0,{},{},0.0,0.0,0.0,0.0,0.0,0.0,0.0,0,0,0.0,0.0,,0.0
358,42404-1785547340678310400,42404,733184,3753,3048,133,572,0.812150279776179,0.9,0.855,-0.05091041699051857,0.13490676879882812,-7.41206693649292,4.340703010559082,9,9,0,0,1.0,1.8888888888888888,2.6666666666666665,0.7777777777777778,0.8197104334831238,0.00439453125,-0.00722656212747097,0.0020230156369507313,0.003974609076976776,-0.020751953125,-2.0751953125,-0.18583986163139343,0.0,0.0,0.0,0.0,-0.05091041699051857,-0.016357421875,-0.005727155948989093,0.35010442894505023,1.0,11.360500606443335,-0.02242704259697348,3.38909812271595,3.0379769802093506,0.2022286057472229,3.1786582469940186,3.3630614280700684,3.712644100189209,3.7692720890045166,0.0,0.0,0.0,1.1838083565235138,0.012215278005896835,0.079833984375,7.061783611774445,0.00013340800000000003,0.005,0.0,0.0,0.0,0.0,0.0,0.0,0.0,0.0,0.0,,0.0,0.0,0.0,0.0,0.0,0.0,0.0,0.0,0.0,0.0,0.0,0.0,0.0,0.0,0.0,0.0,0.0,0.0,0.0,,,,,0.0,,1.8430849313735962,,,,,,,0.0,{},{},0.0,0.0,0.0,0.0,0.0,0.0,0.0,0,0,0.0,0.0,,0.0
359,42404-1785547340678310400,42404,735232,3764,3058,133,573,0.8124335812964931,0.9,0.86,-0.05053171515464783,0.1302301287651062,-7.37235689163208,4.2978739738464355,11,10,0,1,0.9090909090909091,1.5454545454545454,2.0,0.45454545454545453,0.779233992099762,0.004638671875,-0.009521484375,0.002299468033015728,0.005092773120850325,-0.02587890625,-2.587890625,-0.17724609375,0.0,0.0,0.0,0.0,-0.05053171515464783,-0.021240234375,-0.007673424086533487,0.3612513261265442,1.0,8.344434726383456,-0.020138136140303686,4.003633677959442,3.542006492614746,0.26887065172195435,3.601419448852539,4.069530963897705,4.353388786315918,4.507506847381592,0.0,0.0,0.0,1.1596870571374893,0.010849361802684143,0.0697021484375,6.810866057872772,0.000132384,0.005,0.0,0.0,0.0,0.0,0.0,0.0,0.0,0.0,0.0,,0.0,0.0,0.0,0.0,0.0,0.0,0.0,0.0,0.0,0.0,0.0,0.0,0.0,0.0,0.0,0.0,0.0,0.0,0.0,,,,,0.0,,2.019387722015381,,,,,,,0.0,{},{},0.0,0.0,0.0,0.0,0.0,0.0,0.0,0,0,0.0,0.0,,0.0
360,42404-1785547340678310400,42404,737280,3776,3069,133,574,0.8127648305084746,0.92,0.87,-0.051494941115379333,0.13027141988277435,-7.349831581115723,4.465533256530762,12,11,0,1,0.9166666666666666,1.6666666666666667,2.1666666666666665,0.5,0.7656086683273315,0.005126953125,-0.009863280691206455,0.002625551074743271,0.004179687239229679,-0.025634765625,-2.5634765625,-0.18203124403953552,0.0,0.0,0.0,0.0,-0.051494941115379333,-0.0205078125,-0.008161971112713218,0.3979738521044657,1.0,8.875757386710495,-0.01451601620647125,4.662622049450874,3.9987399578094482,0.2997346818447113,4.325891017913818,4.6289262771606445,4.989042282104492,5.187607288360596,0.0,0.0,0.0,1.1749557182192802,0.007491969066904858,0.0533447265625,14.05363467335701,0.00013136,0.005,0.0,0.0,0.0,0.0,0.0,0.0,0.0,0.0,0.0,,0.0,0.0,0.0,0.0,0.0,0.0,0.0,0.0,0.0,0.0,0.0,0.0,0.0,0.0,0.0,0.0,0.0,0.0,0.0,,,,,0.0,,2.16194224357605,,,,,,,0.0,{},{},0.0,0.0,0.0,0.0,0.0,0.0,0.0,0,0,0.0,0.0,,0.0
361,42404-1785547340678310400,42404,739328,3788,3078,134,576,0.8125659978880676,0.9,0.865,-0.05646860599517822,0.12907250225543976,-8.566197395324707,3.8824520111083984,12,9,1,2,0.75,1.4166666666666667,2.0833333333333335,0.6666666666666666,0.7975141406059265,0.00341796875,-0.01362304762005806,0.0016090411227196455,0.003115234198048711,-0.03271484375,-3.271484375,-0.19003906846046448,0.0,0.0,0.0,0.0,-0.05646860599517822,-0.029296875,-0.01244197878986597,0.4246717138995907,1.0,6.486445466111944,-0.016101388726383448,3.149235874414444,2.7423696517944336,0.2195228636264801,2.896458864212036,3.121795177459717,3.395592212677002,3.6743669509887695,0.0,0.0,0.0,1.1945548802614212,0.007109871396096423,0.0548095703125,16.20004105567932,0.00013033600000000002,0.005,0.0,0.0,0.0,0.0,0.0,0.0,0.0,0.0,0.0,,0.0,0.0,0.0,0.0,0.0,0.0,0.0,0.0,0.0,0.0,0.0,0.0,0.0,0.0,0.0,0.0,0.0,0.0,0.0,,,,,0.0,,1.7470424175262451,,,,,,,0.0,{},{},0.0,0.0,0.0,0.0,0.0,0.0,0.0,0,0,0.0,0.0,,0.0
362,42404-1785547340678310400,42404,741376,3794,3084,134,576,0.8128624143384291,0.9,0.865,-0.05771621689200401,0.13070324063301086,-9.719362258911133,3.3098902702331543,6,6,0,0,1.0,1.1666666666666667,1.5,0.3333333333333333,0.6950520873069763,0.0029296875,-0.01401367224752903,0.0009610545239411294,0.002648925641551614,-0.03466796875,-3.466796875,-0.19228516519069672,0.0,0.0,0.0,0.0,-0.05771621689200401,-0.03173828125,-0.013111177206155844,0.4130899216930391,1.0,6.058270938025627,-0.017068079454475082,3.4006966650485992,3.0347142219543457,0.20954349637031555,3.1323843002319336,3.3875133991241455,3.6434850692749023,3.73732328414917,0.0,0.0,0.0,1.2697070315480232,0.009526887759420788,0.06982421875,15.661600723862648,0.000129312,0.005,0.0,0.0,0.0,0.0,0.0,0.0,0.0,0.0,0.0,,0.0,0.0,0.0,0.0,0.0,0.0,0.0,0.0,0.0,0.0,0.0,0.0,0.0,0.0,0.0,0.0,0.0,0.0,0.0,,,,,0.0,,1.82779061794281,,,,,,,0.0,{},{},0.0,0.0,0.0,0.0,0.0,0.0,0.0,0,0,0.0,0.0,,0.0
363,42404-1785547340678310400,42404,743424,3809,3095,134,580,0.8125492255185088,0.84,0.855,-0.04815123230218887,0.13491128385066986,-7.2774176597595215,4.165660858154297,15,11,0,4,0.7333333333333333,1.6666666666666667,1.7333333333333334,0.06666666666666667,0.7086700201034546,0.00439453125,-0.005322265904396772,0.0026474904734641314,0.0034594726748764515,-0.01806640625,-1.806640625,-0.17851562798023224,0.0,0.0,0.0,0.0,-0.04815123230218887,-0.013671875,-0.0037955251173116267,0.27759524732813157,1.0,13.056188108223928,-0.013190218451200053,5.121536374092102,4.3823981285095215,0.29986372590065,4.7470197677612305,5.169197082519531,5.455568313598633,5.583741188049316,0.0,0.0,0.0,1.1140190586447716,0.0061197708928375505,0.05322265625,17.364446848630905,0.000128288,0.005,0.0,0.0,0.0,0.0,0.0,0.0,0.0,0.0,0.0,,0.0,0.0,0.0,0.0,0.0,0.0,0.0,0.0,0.0,0.0,0.0,0.0,0.0,0.0,0.0,0.0,0.0,0.0,0.0,,,,,0.0,,2.248414993286133,,,,,,,0.0,{},{},0.0,0.0,0.0,0.0,0.0,0.0,0.0,0,0,0.0,0.0,,0.0
364,42404-1785547340678310400,42404,745472,3814,3100,134,580,0.8127949659150498,0.84,0.86,-0.0498758926987648,0.1302775889635086,-8.437618255615234,3.667080879211426,5,5,0,0,1.0,1.6,2.2,0.6,0.7224917411804199,0.00244140625,-0.006298827938735485,0.002022356726229191,0.002897948957979679,-0.01953125,-1.953125,-0.18193358182907104,0.0,0.0,0.0,0.0,-0.0498758926987648,-0.01708984375,-0.005068751517683268,0.29657702052792256,1.0,10.645090698291067,-0.023439713346306235,3.6955554485321045,2.912867784500122,0.3215477764606476,3.317155361175537,3.7127747535705566,4.089601516723633,4.231301307678223,0.0,0.0,0.0,1.1516149640083313,0.015439050264831167,0.0992431640625,6.205097883939743,0.00012726399999999998,0.005,0.0,0.0,0.0,0.0,0.0,0.0,0.0,0.0,0.0,,0.0,0.0,0.0,0.0,0.0,0.0,0.0,0.0,0.0,0.0,0.0,0.0,0.0,0.0,0.0,0.0,0.0,0.0,0.0,,,,,0.0,,1.9317834377288818,,,,,,,0.0,{},{},0.0,0.0,0.0,0.0,0.0,0.0,0.0,0,0,0.0,0.0,,0.0
365,42404-1785547340678310400,42404,747520,3829,3114,134,581,0.8132671715852703,0.84,0.86,-0.05526473745703697,0.12890037894248962,-8.701431274414062,3.833631992340088,15,14,0,1,0.9333333333333333,1.6666666666666667,1.8,0.13333333333333333,0.7409191131591797,0.006591796875,-0.013427734375,0.0018627276876941323,0.003101031295955181,-0.0341796875,-3.41796875,-0.18642577528953552,0.0,0.0,0.0,0.0,-0.05526473745703697,-0.027587890625,-0.012186794629087672,0.44172833169465914,1.0,6.757276971499666,-0.017000836902298033,3.8290943950414658,3.3550684452056885,0.24588337540626526,3.490180492401123,3.8497800827026367,4.083918571472168,4.32894229888916,0.0,0.0,0.0,1.1892332285642624,0.010722559931309661,0.072998046875,12.040678232908249,0.00012624,0.005,0.0,0.0,0.0,0.0,0.0,0.0,0.0,0.0,0.0,,0.0,0.0,0.0,0.0,0.0,0.0,0.0,0.0,0.0,0.0,0.0,0.0,0.0,0.0,0.0,0.0,0.0,0.0,0.0,,,,,0.0,,1.9513181447982788,,,,,,,0.0,{},{},0.0,0.0,0.0,0.0,0.0,0.0,0.0,0,0,0.0,0.0,,0.0
366,42404-1785547340678310400,42404,749568,3836,3121,134,581,0.8136079249217936,0.88,0.875,-0.05404966324567795,0.12855195999145508,-9.005622863769531,3.669447422027588,7,7,0,0,1.0,2.0,2.4285714285714284,0.42857142857142855,0.7787539958953857,0.00341796875,-0.01020507887005806,0.001598828355781734,0.003081054426729679,-0.030029296875,-3.0029296875,-0.18515625596046448,0.0,0.0,0.0,0.0,-0.05404966324567795,-0.026611328125,-0.009035108174430206,0.3395083711575951,1.0,6.9575369389244095,-0.022061716561438516,2.9300740361213684,2.5701656341552734,0.1542121022939682,2.727796792984009,2.976503372192383,3.0695817470550537,3.162446975708008,0.0,0.0,0.0,1.1396294310688972,0.012881971808383241,0.088623046875,5.940220355987549,0.000125216,0.005,0.0,0.0,0.0,0.0,0.0,0.0,0.0,0.0,0.0,,0.0,0.0,0.0,0.0,0.0,0.0,0.0,0.0,0.0,0.0,0.0,0.0,0.0,0.0,0.0,0.0,0.0,0.0,0.0,,,,,0.0,,1.7259905338287354,,,,,,,0.0,{},{},0.0,0.0,0.0,0.0,0.0,0.0,0.0,0,0,0.0,0.0,,0.0
367,42404-1785547340678310400,42404,751616,3846,3128,134,584,0.8133125325013001,0.88,0.86,-0.05885112285614014,0.1268196403980255,-9.561079025268555,2.90602445602417,10,7,0,3,0.7,0.9,1.0,0.1,0.6492434144020081,0.002685546875,-0.014892577193677425,0.0012956589926034212,0.002160644391551614,-0.03759765625,-3.759765625,-0.19277344644069672,0.0,0.0,0.0,0.0,-0.05885112285614014,-0.034912109375,-0.014028501347638667,0.4018118580318705,1.0,5.5215204228912,-0.01414826128166169,3.002394810318947,2.6392202377319336,0.2527962923049927,2.7796802520751953,2.9315969944000244,3.3030717372894287,3.648122549057007,0.0,0.0,0.0,1.17551638931036,0.007676281777094118,0.0643310546875,9.679677873849869,0.00012419200000000002,0.005,0.0,0.0,0.0,0.0,0.0,0.0,0.0,0.0,0.0,,0.0,0.0,0.0,0.0,0.0,0.0,0.0,0.0,0.0,0.0,0.0,0.0,0.0,0.0,0.0,0.0,0.0,0.0,0.0,,,,,0.0,,1.7210845947265625,,,,,,,0.0,{},{},0.0,0.0,0.0,0.0,0.0,0.0,0.0,0,0,0.0,0.0,,0.0
368,42404-1785547340678310400,42404,753664,3857,3136,134,587,0.8130671506352087,0.86,0.85,-0.05415146425366402,0.13418139517307281,-8.785308837890625,3.572328805923462,11,8,0,3,0.7272727272727273,1.2727272727272727,1.6363636363636365,0.36363636363636365,0.8119450807571411,0.003173828125,-0.010498046875,0.0017444757977500558,0.003649902530014515,-0.028564453125,-2.8564453125,-0.18779297173023224,0.0,0.0,0.0,0.0,-0.05415146425366402,-0.025390625,-0.009149452293058857,0.3603334679469651,1.0,7.395862680322044,-0.0136547080344624,2.3935828738742404,2.2250571250915527,0.16138409078121185,2.2290353775024414,2.374734878540039,2.5721945762634277,2.762049674987793,0.0,0.0,0.0,1.0999569627973769,0.013763791752151318,0.10481770833333333,3.3772747781541614,0.000123168,0.005,0.0,0.0,0.0,0.0,0.0,0.0,0.0,0.0,0.0,,0.0,0.0,0.0,0.0,0.0,0.0,0.0,0.0,0.0,0.0,0.0,0.0,0.0,0.0,0.0,0.0,0.0,0.0,0.0,,,,,0.0,,1.549151062965393,,,,,,,0.0,{},{},0.0,0.0,0.0,0.0,0.0,0.0,0.0,0,0,0.0,0.0,,0.0
369,42404-1785547340678310400,42404,755712,3866,3144,134,588,0.8132436627004656,0.84,0.845,-0.053258758038282394,0.13462314009666443,-8.810037612915039,3.4688503742218018,9,8,0,1,0.8888888888888888,1.7777777777777777,2.0,0.2222222222222222,0.7204364538192749,0.003662109375,-0.00917968712747097,0.0018577061127871275,0.003608398139476776,-0.0244140625,-2.44140625,-0.18955078721046448,0.0,0.0,0.0,0.0,-0.053258758038282394,-0.020751953125,-0.007813161064404994,0.3764843016482742,1.0,9.133677798468234,-0.012687391262840141,3.364606900648637,3.076164960861206,0.2137143462896347,3.103391647338867,3.337606191635132,3.6818814277648926,3.7185089588165283,0.0,0.0,0.0,1.0776976563713767,0.01376479806441983,0.09268465909090909,5.517923181707209,0.00012214399999999997,0.005,0.0,0.0,0.0,0.0,0.0,0.0,0.0,0.0,0.0,,0.0,0.0,0.0,0.0,0.0,0.0,0.0,0.0,0.0,0.0,0.0,0.0,0.0,0.0,0.0,0.0,0.0,0.0,0.0,,,,,0.0,,1.8341120481491089,,,,,,,0.0,{},{},0.0,0.0,0.0,0.0,0.0,0.0,0.0,0,0,0.0,0.0,,0.0
370,42404-1785547340678310400,42404,757760,3880,3156,135,589,0.8134020618556701,0.82,0.855,-0.04268881678581238,0.13857737183570862,-6.751330375671387,3.9837517738342285,14,12,1,1,0.8571428571428571,1.5714285714285714,2.142857142857143,0.5714285714285714,0.7254998683929443,0.005126953125,-0.0014160152059048414,0.004021813627332449,0.005671386141330004,-0.0087890625,-0.87890625,-0.17148438096046448,0.0,0.0,0.0,0.0,-0.04268881678581238,-0.003662109375,0.0010072847362607718,0.27498079722524577,1.0,46.813884982744874,-0.011115968169178814,4.545363068580627,4.167738437652588,0.3464769124984741,4.170867919921875,4.518662452697754,5.017362594604492,5.271742820739746,0.0,0.0,0.0,0.9648943766951561,0.007479277825041208,0.0479736328125,12.934894979000092,0.00012112,0.005,0.0,0.0,0.0,0.0,0.0,0.0,0.0,0.0,0.0,,0.0,0.0,0.0,0.0,0.0,0.0,0.0,0.0,0.0,0.0,0.0,0.0,0.0,0.0,0.0,0.0,0.0,0.0,0.0,,,,,0.0,,2.0871975421905518,,,,,,,0.0,{},{},0.0,0.0,0.0,0.0,0.0,0.0,0.0,0,0,0.0,0.0,,0.0
371,42404-1785547340678310400,42404,759808,3888,3164,135,589,0.8137860082304527,0.84,0.86,-0.05718841403722763,0.13177715241909027,-8.763605117797852,3.929572105407715,8,8,0,0,1.0,1.75,2.5,0.75,0.8106139302253723,0.00390625,-0.01372070237994194,0.0009561742190271616,0.0032495115883648396,-0.034912109375,-3.4912109375,-0.19033202528953552,0.0,0.0,0.0,0.0,-0.05718841403722763,-0.031005859375,-0.01266928092809394,0.40859607143278887,1.0,6.138384509944761,-0.014129825780401006,3.002186343073845,2.5967302322387695,0.19607938826084137,2.7553093433380127,3.026177406311035,3.2178733348846436,3.36226224899292,0.0,0.0,0.0,1.014385610818863,0.009558910096529871,0.07080078125,12.861083388328552,0.00012009599999999998,0.005,0.0,0.0,0.0,0.0,0.0,0.0,0.0,0.0,0.0,,0.0,0.0,0.0,0.0,0.0,0.0,0.0,0.0,0.0,0.0,0.0,0.0,0.0,0.0,0.0,0.0,0.0,0.0,0.0,,,,,0.0,,1.7100911140441895,,,,,,,0.0,{},{},0.0,0.0,0.0,0.0,0.0,0.0,0.0,0,0,0.0,0.0,,0.0
372,42404-1785547340678310400,42404,761856,3898,3170,136,592,0.8132375577219086,0.8,0.86,-0.05776052922010422,0.12956295907497406,-9.322982788085938,3.6982717514038086,10,6,1,3,0.6,1.2,1.4,0.2,0.8170638084411621,0.001708984375,-0.01298828050494194,0.0013813346158713102,0.003481444902718067,-0.034423828125,-3.4423828125,-0.19277343153953552,0.0,0.0,0.0,0.0,-0.05776052922010422,-0.03271484375,-0.011772585625294596,0.35984355822382225,1.0,5.89235701859395,-0.01952361356234178,2.4722233042120934,1.937970757484436,0.24550797045230865,2.1997814178466797,2.4768929481506348,2.795131206512451,2.898935317993164,0.0,0.0,0.0,1.0090226829051971,0.0124108660093043,0.0833740234375,6.623711735010147,0.00011907200000000001,0.005,0.0,0.0,0.0,0.0,0.0,0.0,0.0,0.0,0.0,,0.0,0.0,0.0,0.0,0.0,0.0,0.0,0.0,0.0,0.0,0.0,0.0,0.0,0.0,0.0,0.0,0.0,0.0,0.0,,,,,0.0,,1.581789255142212,,,,,,,0.0,{},{},0.0,0.0,0.0,0.0,0.0,0.0,0.0,0,0,0.0,0.0,,0.0
373,42404-1785547340678310400,42404,763904,3911,3181,136,594,0.8133469700843774,0.82,0.855,-0.04691720008850098,0.1304081380367279,-7.00782585144043,4.380348205566406,13,11,0,2,0.8461538461538461,1.3076923076923077,1.8461538461538463,0.5384615384615384,0.8225864768028259,0.0048828125,-0.005078124813735485,0.0028555826283991337,0.00417480431497097,-0.018798828125,-1.8798828125,-0.17402343451976776,0.0,0.0,0.0,0.0,-0.04691720008850098,-0.013916015625,-0.003320528077892959,0.2385948372385304,1.0,12.504364384499121,-0.01325228568748571,3.4201235473155975,2.7295517921447754,0.266629695892334,3.076697587966919,3.463332176208496,3.6901440620422363,3.77224063873291,0.0,0.0,0.0,0.935111228376627,0.011340915090841008,0.078369140625,13.094240128993988,0.00011804799999999999,0.005,0.0,0.0,0.0,0.0,0.0,0.0,0.0,0.0,0.0,,0.0,0.0,0.0,0.0,0.0,0.0,0.0,0.0,0.0,0.0,0.0,0.0,0.0,0.0,0.0,0.0,0.0,0.0,0.0,,,,,0.0,,1.84502375125885,,,,,,,0.0,{},{},0.0,0.0,0.0,0.0,0.0,0.0,0.0,0,0,0.0,0.0,,0.0
374,42404-1785547340678310400,42404,765952,3922,3191,136,595,0.8136155022947476,0.84,0.855,-0.04868396744132042,0.12778498232364655,-6.995218753814697,4.4176788330078125,11,10,0,1,0.9090909090909091,1.7272727272727273,2.090909090909091,0.36363636363636365,0.7933346033096313,0.004638671875,-0.007421874441206455,0.0024473366793245077,0.004160156007856131,-0.021484375,-2.1484375,-0.17626953125,0.0,0.0,0.0,0.0,-0.04868396744132042,-0.016845703125,-0.005770001269411296,0.3425003234519392,1.0,10.463146999273782,-0.012741423677653074,4.0469454526901245,3.574554920196533,0.27363598346710205,3.7465767860412598,4.027543544769287,4.4188714027404785,4.5304155349731445,0.0,0.0,0.0,0.978214655071497,0.007998731325642439,0.0516357421875,15.64494976401329,0.00011702400000000002,0.005,0.0,0.0,0.0,0.0,0.0,0.0,0.0,0.0,0.0,,0.0,0.0,0.0,0.0,0.0,0.0,0.0,0.0,0.0,0.0,0.0,0.0,0.0,0.0,0.0,0.0,0.0,0.0,0.0,,,,,0.0,,2.0082974433898926,,,,,,,0.0,{},{},0.0,0.0,0.0,0.0,0.0,0.0,0.0,0,0,0.0,0.0,,0.0
375,42404-1785547340678310400,42404,768000,3935,3203,136,596,0.8139771283354511,0.84,0.86,-0.0464135967195034,0.13852578401565552,-7.820247650146484,4.411869525909424,13,12,0,1,0.9230769230769231,1.7692307692307692,2.3846153846153846,0.6153846153846154,0.7647570371627808,0.005615234375,-0.004003905691206455,0.002888796851038933,0.005012206733226776,-0.014404296875,-1.4404296875,-0.17841796576976776,0.0,0.0,0.0,0.0,-0.0464135967195034,-0.0087890625,-0.002028654795140028,0.23078957574420297,1.0,20.29769023482686,-0.019121307006571442,4.543574333190918,3.94455623626709,0.2516341805458069,4.298241138458252,4.524163246154785,4.849284648895264,5.004481315612793,0.0,0.0,0.0,0.942729651927948,0.012636773910344345,0.0819091796875,6.002708122134209,0.000116,0.005,0.0,0.0,0.0,0.0,0.0,0.0,0.0,0.0,0.0,,0.0,0.0,0.0,0.0,0.0,0.0,0.0,0.0,0.0,0.0,0.0,0.0,0.0,0.0,0.0,0.0,0.0,0.0,0.0,,,,,0.0,,2.139838457107544,,,,,,,0.0,{},{},0.0,0.0,0.0,0.0,0.0,0.0,0.0,0,0,0.0,0.0,,0.0
376,42404-1785547340678310400,42404,770048,3942,3208,136,598,0.8138001014713343,0.84,0.855,-0.05743428319692612,0.13101473450660706,-9.063459396362305,3.267817497253418,7,5,0,2,0.7142857142857143,1.1428571428571428,1.4285714285714286,0.2857142857142857,0.7461508512496948,0.001953125,-0.01259765587747097,0.0015309114241972566,0.002832031110301614,-0.033935546875,-3.3935546875,-0.19179686903953552,0.0,0.0,0.0,0.0,-0.05743428319692612,-0.031982421875,-0.011506920243846253,0.35977764633247994,1.0,5.99675887680594,-0.01424130576197058,2.8543198257684708,2.623015880584717,0.14728982746601105,2.6695239543914795,2.8797497749328613,3.0581488609313965,3.1129863262176514,0.0,0.0,0.0,0.9907359331846237,0.01006553854313097,0.0770263671875,12.52203157544136,0.00011497600000000002,0.005,0.0,0.0,0.0,0.0,0.0,0.0,0.0,0.0,0.0,,0.0,0.0,0.0,0.0,0.0,0.0,0.0,0.0,0.0,0.0,0.0,0.0,0.0,0.0,0.0,0.0,0.0,0.0,0.0,,,,,0.0,,1.6464389562606812,,,,,,,0.0,{},{},0.0,0.0,0.0,0.0,0.0,0.0,0.0,0,0,0.0,0.0,,0.0
377,42404-1785547340678310400,42404,772096,3954,3219,136,599,0.8141122913505311,0.9,0.85,-0.048296041786670685,0.13244502246379852,-7.231372833251953,3.7599737644195557,12,11,0,1,0.9166666666666666,1.8333333333333333,1.9166666666666667,0.08333333333333333,0.6607299447059631,0.005126953125,-0.005322265438735485,0.002491764957085252,0.0041040037758648396,-0.018798828125,-1.8798828125,-0.17978516221046448,0.0,0.0,0.0,0.0,-0.048296041786670685,-0.013671875,-0.0036733232554979622,0.268657707724086,1.0,13.149038677707834,-0.011553889082279056,4.828092664480209,4.206147193908691,0.37943726778030396,4.348872184753418,4.836197376251221,5.320889949798584,5.3589606285095215,0.0,0.0,0.0,0.9683182500302792,0.006977192133490462,0.0574951171875,15.217253595590591,0.000113952,0.005,0.0,0.0,0.0,0.0,0.0,0.0,0.0,0.0,0.0,,0.0,0.0,0.0,0.0,0.0,0.0,0.0,0.0,0.0,0.0,0.0,0.0,0.0,0.0,0.0,0.0,0.0,0.0,0.0,,,,,0.0,,2.190068006515503,,,,,,,0.0,{},{},0.0,0.0,0.0,0.0,0.0,0.0,0.0,0,0,0.0,0.0,,0.0
378,42404-1785547340678310400,42404,774144,3965,3228,136,601,0.814123581336696,0.86,0.845,-0.048540666699409485,0.12920306622982025,-7.06533145904541,4.160455226898193,11,9,0,2,0.8181818181818182,1.4545454545454546,2.1818181818181817,0.7272727272727273,0.7610012888908386,0.00390625,-0.008056640625,0.002912643365561962,0.004184570163488388,-0.024658203125,-2.4658203125,-0.1708984375,0.0,0.0,0.0,0.0,-0.048540666699409485,-0.020751953125,-0.0062823372427374125,0.3027201576998412,1.0,8.234897292478706,-0.007831189160545668,4.151441521114773,3.833801507949829,0.24242402613162994,3.869279384613037,4.072943687438965,4.501275539398193,4.53007173538208,0.0,0.0,0.0,0.9373424781693352,0.009432913716106365,0.049479166666666664,9.307782173156738,0.00011292799999999997,0.005,0.0,0.0,0.0,0.0,0.0,0.0,0.0,0.0,0.0,,0.0,0.0,0.0,0.0,0.0,0.0,0.0,0.0,0.0,0.0,0.0,0.0,0.0,0.0,0.0,0.0,0.0,0.0,0.0,,,,,0.0,,2.033942222595215,,,,,,,0.0,{},{},0.0,0.0,0.0,0.0,0.0,0.0,0.0,0,0,0.0,0.0,,0.0
379,42404-1785547340678310400,42404,776192,3978,3240,136,602,0.8144796380090498,0.86,0.845,-0.04528297483921051,0.1348118931055069,-6.176012992858887,3.610889196395874,13,12,0,1,0.9230769230769231,1.6153846153846154,2.3846153846153846,0.7692307692307693,0.7185845375061035,0.005615234375,-0.00405273400247097,0.0030213678255677223,0.004919433034956455,-0.01416015625,-1.416015625,-0.17333984375,0.0,0.0,0.0,0.0,-0.04528297483921051,-0.008544921875,-0.0020675337873399258,0.24193221253148023,1.0,20.283340555345298,-0.017078078933991492,3.6026678383350372,3.188833236694336,0.2568282186985016,3.2287158966064453,3.630833625793457,3.951138734817505,4.05535888671875,0.0,0.0,0.0,0.919995304197073,0.008710386951861437,0.0616455078125,8.030046731233597,0.000111904,0.005,0.0,0.0,0.0,0.0,0.0,0.0,0.0,0.0,0.0,,0.0,0.0,0.0,0.0,0.0,0.0,0.0,0.0,0.0,0.0,0.0,0.0,0.0,0.0,0.0,0.0,0.0,0.0,0.0,,,,,0.0,,1.9155263900756836,,,,,,,0.0,{},{},0.0,0.0,0.0,0.0,0.0,0.0,0.0,0,0,0.0,0.0,,0.0
380,42404-1785547340678310400,42404,778240,3987,3249,136,602,0.8148984198645598,0.88,0.855,-0.05752271041274071,0.13029833137989044,-8.045007705688477,3.303607940673828,9,9,0,0,1.0,2.0,2.111111111111111,0.1111111111111111,0.7055931091308594,0.00439453125,-0.01362304575741291,0.0008727029780857265,0.002819824032485485,-0.033935546875,-3.3935546875,-0.19326171278953552,0.0,0.0,0.0,0.0,-0.05752271041274071,-0.029541015625,-0.012699914004770108,0.42989328033605045,1.0,6.541927106219094,-0.020539716933853924,3.2046301662921906,3.092413902282715,0.07198058068752289,3.104177474975586,3.2067224979400635,3.2995171546936035,3.3295605182647705,0.0,0.0,0.0,0.998802050948143,0.011206981573195662,0.0804443359375,8.364522993564606,0.00011087999999999998,0.005,0.0,0.0,0.0,0.0,0.0,0.0,0.0,0.0,0.0,,0.0,0.0,0.0,0.0,0.0,0.0,0.0,0.0,0.0,0.0,0.0,0.0,0.0,0.0,0.0,0.0,0.0,0.0,0.0,,,,,0.0,,1.7925137281417847,,,,,,,0.0,{},{},0.0,0.0,0.0,0.0,0.0,0.0,0.0,0,0,0.0,0.0,,0.0
381,42404-1785547340678310400,42404,780288,3998,3257,136,605,0.8146573286643322,0.88,0.86,-0.04893254488706589,0.13212455809116364,-6.876952171325684,3.920196056365967,11,8,0,3,0.7272727272727273,1.6363636363636365,2.090909090909091,0.45454545454545453,0.7141022682189941,0.003173828125,-0.005859375,0.002520440611988306,0.004299316555261612,-0.022705078125,-2.2705078125,-0.17617186903953552,0.0,0.0,0.0,0.0,-0.04893254488706589,-0.01953125,-0.0041544357081875205,0.21269621821282855,1.0,9.01953789448402,-0.014858107140753418,4.298410564661026,3.6569128036499023,0.29835402965545654,3.880042552947998,4.33510160446167,4.596729755401611,4.8350701332092285,0.0,0.0,0.0,0.9684916287660599,0.008590827736043138,0.057373046875,13.536975771188736,0.00010985600000000001,0.005,0.0,0.0,0.0,0.0,0.0,0.0,0.0,0.0,0.0,,0.0,0.0,0.0,0.0,0.0,0.0,0.0,0.0,0.0,0.0,0.0,0.0,0.0,0.0,0.0,0.0,0.0,0.0,0.0,,,,,0.0,,2.0961053371429443,,,,,,,0.0,{},{},0.0,0.0,0.0,0.0,0.0,0.0,0.0,0,0,0.0,0.0,,0.0
382,42404-1785547340678310400,42404,782336,4010,3269,136,605,0.8152119700748129,0.9,0.865,-0.0486670657992363,0.1345711052417755,-6.966734886169434,4.096306800842285,12,12,0,0,1.0,1.75,2.1666666666666665,0.4166666666666667,0.7842276096343994,0.005859375,-0.006396484561264515,0.0025625484995543957,0.004825450014322996,-0.01953125,-1.953125,-0.18056640028953552,0.0,0.0,0.0,0.0,-0.0486670657992363,-0.013671875,-0.004549484932795167,0.33273798910581476,1.0,13.206176483697506,-0.01755897147813812,3.6519314348697662,3.2815799713134766,0.21983307600021362,3.360715389251709,3.656710386276245,3.847384452819824,4.188424587249756,0.0,0.0,0.0,0.9477397762238979,0.00949075042080949,0.0604248046875,11.641564652323723,0.00010883199999999999,0.005,0.0,0.0,0.0,0.0,0.0,0.0,0.0,0.0,0.0,,0.0,0.0,0.0,0.0,0.0,0.0,0.0,0.0,0.0,0.0,0.0,0.0,0.0,0.0,0.0,0.0,0.0,0.0,0.0,,,,,0.0,,1.9027881622314453,,,,,,,0.0,{},{},0.0,0.0,0.0,0.0,0.0,0.0,0.0,0,0,0.0,0.0,,0.0
383,42404-1785547340678310400,42404,784384,4020,3277,136,607,0.8151741293532339,0.9,0.855,-0.05006136745214462,0.13411837816238403,-7.27871036529541,4.006221294403076,10,8,0,2,0.8,1.7,2.0,0.3,0.7049298286437988,0.00341796875,-0.0068359375,0.002459059003740549,0.0039013673085719347,-0.021484375,-2.1484375,-0.18037110567092896,0.0,0.0,0.0,0.0,-0.05006136745214462,-0.01806640625,-0.005245830921921879,0.29034775934823953,1.0,9.983231858249102,-0.011359058262314647,4.76000115275383,4.450885772705078,0.2710164487361908,4.4983673095703125,4.634092330932617,5.1149001121521,5.436380386352539,0.0,0.0,0.0,0.9556649662554264,0.0072000221771304496,0.0535888671875,14.446209102869034,0.00010780800000000002,0.005,0.0,0.0,0.0,0.0,0.0,0.0,0.0,0.0,0.0,,0.0,0.0,0.0,0.0,0.0,0.0,0.0,0.0,0.0,0.0,0.0,0.0,0.0,0.0,0.0,0.0,0.0,0.0,0.0,,,,,0.0,,2.1761937141418457,,,,,,,0.0,{},{},0.0,0.0,0.0,0.0,0.0,0.0,0.0,0,0,0.0,0.0,,0.0
384,42404-1785547340678310400,42404,786432,4033,3288,136,609,0.8152739895859162,0.86,0.85,-0.05120463669300079,0.13353480398654938,-7.269134044647217,3.9367964267730713,13,11,0,2,0.8461538461538461,1.8461538461538463,2.3846153846153846,0.5384615384615384,0.7263317108154297,0.0048828125,-0.009521484375,0.002794546540826559,0.004548339638859034,-0.025634765625,-2.5634765625,-0.18037110567092896,0.0,0.0,0.0,0.0,-0.05120463669300079,-0.020751953125,-0.007685762830078602,0.3703455013744508,1.0,8.69134645968266,-0.02058165257663599,4.210915872028896,3.717221260070801,0.3191164433956146,3.756422519683838,4.25635290145874,4.561115741729736,4.738329887390137,0.0,0.0,0.0,0.9999915531703404,0.017420708368133222,0.109375,4.429300308227539,0.00010678399999999999,0.005,0.0,0.0,0.0,0.0,0.0,0.0,0.0,0.0,0.0,,0.0,0.0,0.0,0.0,0.0,0.0,0.0,0.0,0.0,0.0,0.0,0.0,0.0,0.0,0.0,0.0,0.0,0.0,0.0,,,,,0.0,,2.0594685077667236,,,,,,,0.0,{},{},0.0,0.0,0.0,0.0,0.0,0.0,0.0,0,0,0.0,0.0,,0.0
385,42404-1785547340678310400,42404,788480,4043,3297,136,610,0.815483551817957,0.88,0.86,-0.0517660453915596,0.12862148880958557,-7.734949588775635,3.4578471183776855,10,9,0,1,0.9,1.4,2.0,0.6,0.7823293209075928,0.004150390625,-0.010595702566206455,0.001961709465831518,0.0041259764693677425,-0.027587890625,-2.7587890625,-0.17890623211860657,0.0,0.0,0.0,0.0,-0.0517660453915596,-0.0234375,-0.00907378108240664,0.38713147523973973,1.0,7.633006895433008,-0.015158440655795857,2.567915365099907,2.323373317718506,0.1623508483171463,2.361523389816284,2.57572603225708,2.779534101486206,2.8853750228881836,0.0,0.0,0.0,0.9502000249922276,0.0075334250104788225,0.0555419921875,8.051754921674728,0.00010576000000000002,0.005,0.0,0.0,0.0,0.0,0.0,0.0,0.0,0.0,0.0,,0.0,0.0,0.0,0.0,0.0,0.0,0.0,0.0,0.0,0.0,0.0,0.0,0.0,0.0,0.0,0.0,0.0,0.0,0.0,,,,,0.0,,1.6132651567459106,,,,,,,0.0,{},{},0.0,0.0,0.0,0.0,0.0,0.0,0.0,0,0,0.0,0.0,,0.0
386,42404-1785547340678310400,42404,790528,4053,3307,136,610,0.8159388107574637,0.9,0.865,-0.05119882896542549,0.12850847840309143,-8.13217544555664,3.8618288040161133,10,10,0,0,1.0,2.0,2.4,0.4,0.6787177324295044,0.0048828125,-0.008544921875,0.001982174813747406,0.002954101422801614,-0.025634765625,-2.5634765625,-0.18115234375,0.0,0.0,0.0,0.0,-0.05119882896542549,-0.020751953125,-0.007310852815862745,0.35228011993414765,1.0,8.728991130027428,-0.014131042349617928,4.714792817831039,4.2792229652404785,0.22553902864456177,4.402027130126953,4.756175518035889,4.985971450805664,5.021492958068848,0.0,0.0,0.0,0.9948157407343388,0.00650983121158788,0.0535888671875,9.663456588983536,0.000104736,0.005,0.0,0.0,0.0,0.0,0.0,0.0,0.0,0.0,0.0,,0.0,0.0,0.0,0.0,0.0,0.0,0.0,0.0,0.0,0.0,0.0,0.0,0.0,0.0,0.0,0.0,0.0,0.0,0.0,,,,,0.0,,2.188952922821045,,,,,,,0.0,{},{},0.0,0.0,0.0,0.0,0.0,0.0,0.0,0,0,0.0,0.0,,0.0
387,42404-1785547340678310400,42404,792576,4064,3316,137,611,0.8159448818897638,0.88,0.87,-0.05533774197101593,0.12870804965496063,-9.238564491271973,3.6660780906677246,11,9,1,1,0.8181818181818182,1.3636363636363635,1.7272727272727273,0.36363636363636365,0.7410988807678223,0.003662109375,-0.01220703125,0.0013133662287145853,0.002453613094985485,-0.031005859375,-3.1005859375,-0.18808594346046448,0.0,0.0,0.0,0.0,-0.05533774197101593,-0.02734375,-0.011265286419074982,0.4119725511871559,1.0,6.878320096562026,-0.01918490437674336,3.41609326004982,2.583038568496704,0.36612993478775024,2.9998855590820312,3.43058180809021,3.8502588272094727,4.024538993835449,0.0,0.0,0.0,0.9429917335510254,0.013071685058093863,0.0828857421875,6.407182767987251,0.00010371200000000003,0.005,0.0,0.0,0.0,0.0,0.0,0.0,0.0,0.0,0.0,,0.0,0.0,0.0,0.0,0.0,0.0,0.0,0.0,0.0,0.0,0.0,0.0,0.0,0.0,0.0,0.0,0.0,0.0,0.0,,,,,0.0,,1.8653857707977295,,,,,,,0.0,{},{},0.0,0.0,0.0,0.0,0.0,0.0,0.0,0,0,0.0,0.0,,0.0
388,42404-1785547340678310400,42404,794624,4073,3321,137,615,0.8153695065062607,0.82,0.855,-0.058974768966436386,0.12542201578617096,-9.012662887573242,3.1572842597961426,9,5,0,4,0.5555555555555556,0.8888888888888888,1.0,0.1111111111111111,0.6612746715545654,0.00146484375,-0.015380858443677425,0.001069151796400547,0.0023388671688735485,-0.03759765625,-3.759765625,-0.19150391221046448,0.0,0.0,0.0,0.0,-0.058974768966436386,-0.0361328125,-0.014528853702358902,0.40208471503965715,1.0,5.299853487933621,-0.013429701590212062,3.44992096722126,2.914623737335205,0.30887147784233093,3.081087350845337,3.4669461250305176,3.7483556270599365,4.201512336730957,0.0,0.0,0.0,0.9409353695809841,0.009899825701722875,0.063720703125,11.777175560593605,0.000102688,0.005,0.0,0.0,0.0,0.0,0.0,0.0,0.0,0.0,0.0,,0.0,0.0,0.0,0.0,0.0,0.0,0.0,0.0,0.0,0.0,0.0,0.0,0.0,0.0,0.0,0.0,0.0,0.0,0.0,,,,,0.0,,1.837543249130249,,,,,,,0.0,{},{},0.0,0.0,0.0,0.0,0.0,0.0,0.0,0,0,0.0,0.0,,0.0
389,42404-1785547340678310400,42404,796672,4083,3327,138,618,0.8148420279206466,0.78,0.84,-0.053860854357481,0.1270836740732193,-8.02519416809082,3.6106345653533936,10,6,1,3,0.6,0.7,1.3,0.6,0.7159452438354492,0.001708984375,-0.011767578311264515,0.0017393999733030796,0.0030200195033103228,-0.033447265625,-3.3447265625,-0.17929688096046448,0.0,0.0,0.0,0.0,-0.053860854357481,-0.03173828125,-0.010577723442111164,0.33326915498791154,1.0,5.649052968408491,-0.014912288141204044,3.6942135840654373,3.148756504058838,0.2264057844877243,3.4739630222320557,3.6914596557617188,3.876174211502075,4.193282127380371,0.0,0.0,0.0,0.9031941294670105,0.011099900897534098,0.0701904296875,9.36391481757164,0.00010166399999999998,0.005,0.0,0.0,0.0,0.0,0.0,0.0,0.0,0.0,0.0,,0.0,0.0,0.0,0.0,0.0,0.0,0.0,0.0,0.0,0.0,0.0,0.0,0.0,0.0,0.0,0.0,0.0,0.0,0.0,,,,,0.0,,1.9243521690368652,,,,,,,0.0,{},{},0.0,0.0,0.0,0.0,0.0,0.0,0.0,0,0,0.0,0.0,,0.0
390,42404-1785547340678310400,42404,798720,4091,3333,138,620,0.8147152285504766,0.76,0.835,-0.057393401861190796,0.13061407208442688,-7.996424198150635,3.4698755741119385,8,6,0,2,0.75,1.5,1.875,0.375,0.6611798405647278,0.00244140625,-0.01357421837747097,0.0012653194135054946,0.002685546875,-0.033447265625,-3.3447265625,-0.19160157442092896,0.0,0.0,0.0,0.0,-0.057393401861190796,-0.031005859375,-0.012586501805344597,0.40592636787628855,1.0,6.179328648015612,-0.010841352297575213,4.14541083574295,3.8284590244293213,0.24182073771953583,3.8968966007232666,4.1194963455200195,4.334704399108887,4.8458099365234375,0.0,0.0,0.0,0.921213835477829,0.005095974367577583,0.036376953125,13.66852568089962,0.00010064000000000001,0.005,0.0,0.0,0.0,0.0,0.0,0.0,0.0,0.0,0.0,,0.0,0.0,0.0,0.0,0.0,0.0,0.0,0.0,0.0,0.0,0.0,0.0,0.0,0.0,0.0,0.0,0.0,0.0,0.0,,,,,0.0,,2.01975417137146,,,,,,,0.0,{},{},0.0,0.0,0.0,0.0,0.0,0.0,0.0,0,0,0.0,0.0,,0.0
391,42404-1785547340678310400,42404,800768,4102,3342,138,622,0.8147245246221355,0.72,0.85,-0.05663982033729553,0.1306539624929428,-8.117822647094727,3.3771159648895264,11,9,0,2,0.8181818181818182,1.4545454545454546,1.8181818181818181,0.36363636363636365,0.6550102233886719,0.00390625,-0.014941406436264515,0.0015462655574083328,0.0028393552638590336,-0.03515625,-3.515625,-0.18681640923023224,0.0,0.0,0.0,0.0,-0.05663982033729553,-0.03125,-0.013845001230947673,0.4430258625627235,1.0,5.977933801485784,-0.016845377947902307,3.942153111100197,3.536369800567627,0.21720793843269348,3.7618746757507324,3.9017491340637207,4.185823917388916,4.504766464233398,0.0,0.0,0.0,0.9159676767885685,0.009390038656420074,0.072998046875,10.047454670071602,9.961599999999999e-05,0.005,0.0,0.0,0.0,0.0,0.0,0.0,0.0,0.0,0.0,,0.0,0.0,0.0,0.0,0.0,0.0,0.0,0.0,0.0,0.0,0.0,0.0,0.0,0.0,0.0,0.0,0.0,0.0,0.0,,,,,0.0,,1.9835771322250366,,,,,,,0.0,{},{},0.0,0.0,0.0,0.0,0.0,0.0,0.0,0,0,0.0,0.0,,0.0
392,42404-1785547340678310400,42404,802816,4113,3351,139,623,0.8147337709700948,0.72,0.84,-0.05177526921033859,0.13272933661937714,-7.508757591247559,3.794567823410034,11,9,1,1,0.8181818181818182,1.7272727272727273,2.090909090909091,0.36363636363636365,0.6572602987289429,0.003662109375,-0.0078125,0.0018217467004433274,0.003088378580287099,-0.0234375,-2.34375,-0.18476563692092896,0.0,0.0,0.0,0.0,-0.05177526921033859,-0.019775390625,-0.006584968679817393,0.3329712081785598,1.0,9.342738036705267,-0.00926109787542373,5.011687368154526,4.382322311401367,0.3185577094554901,4.615108966827393,4.9875640869140625,5.418989181518555,5.528421401977539,0.0,0.0,0.0,0.829058650881052,0.009679705824964913,0.07666015625,18.67564144730568,9.859200000000002e-05,0.005,0.0,0.0,0.0,0.0,0.0,0.0,0.0,0.0,0.0,,0.0,0.0,0.0,0.0,0.0,0.0,0.0,0.0,0.0,0.0,0.0,0.0,0.0,0.0,0.0,0.0,0.0,0.0,0.0,,,,,0.0,,2.2214910984039307,,,,,,,0.0,{},{},0.0,0.0,0.0,0.0,0.0,0.0,0.0,0,0,0.0,0.0,,0.0
393,42404-1785547340678310400,42404,804864,4124,3359,139,626,0.8145004849660524,0.74,0.83,-0.05448996275663376,0.13094627857208252,-8.38161563873291,3.1919541358947754,11,8,0,3,0.7272727272727273,1.3636363636363635,1.7272727272727273,0.36363636363636365,0.6643927097320557,0.003173828125,-0.011767578311264515,0.0014151593204587698,0.0024902340956032276,-0.030517578125,-3.0517578125,-0.18535156548023224,0.0,0.0,0.0,0.0,-0.05448996275663376,-0.02734375,-0.010791229957249016,0.3946362631674824,1.0,6.778323644583777,-0.013917772797867656,3.43059940636158,3.116426706314087,0.1676267832517624,3.213797092437744,3.426133632659912,3.658808708190918,3.735208511352539,0.0,0.0,0.0,0.8558581657707691,0.009860328980721533,0.06884765625,11.65352800488472,9.756799999999998e-05,0.005,0.0,0.0,0.0,0.0,0.0,0.0,0.0,0.0,0.0,,0.0,0.0,0.0,0.0,0.0,0.0,0.0,0.0,0.0,0.0,0.0,0.0,0.0,0.0,0.0,0.0,0.0,0.0,0.0,,,,,0.0,,1.8491508960723877,,,,,,,0.0,{},{},0.0,0.0,0.0,0.0,0.0,0.0,0.0,0,0,0.0,0.0,,0.0
394,42404-1785547340678310400,42404,806912,4131,3366,139,626,0.8148148148148148,0.8,0.83,-0.05144219845533371,0.13276909291744232,-7.60573673248291,3.9117000102996826,7,7,0,0,1.0,1.7142857142857142,1.8571428571428572,0.14285714285714285,0.756764829158783,0.00341796875,-0.008544921875,0.0015688554849475622,0.0030590819660574198,-0.0224609375,-2.24609375,-0.18359375,0.0,0.0,0.0,0.0,-0.05144219845533371,-0.01904296875,-0.0073879375122487545,0.3879410646611544,1.0,9.640519390161254,-0.02102993879816495,3.6736293882131577,3.275718927383423,0.2750236392021179,3.398620128631592,3.602240800857544,3.995725154876709,4.393573760986328,0.0,0.0,0.0,0.8266963846981525,0.012270071081729839,0.0860595703125,6.274475574493408,9.654400000000002e-05,0.005,0.0,0.0,0.0,0.0,0.0,0.0,0.0,0.0,0.0,,0.0,0.0,0.0,0.0,0.0,0.0,0.0,0.0,0.0,0.0,0.0,0.0,0.0,0.0,0.0,0.0,0.0,0.0,0.0,,,,,0.0,,1.9292066097259521,,,,,,,0.0,{},{},0.0,0.0,0.0,0.0,0.0,0.0,0.0,0,0,0.0,0.0,,0.0
395,42404-1785547340678310400,42404,808960,4142,3376,139,627,0.8150651859005311,0.84,0.84,-0.04910155385732651,0.13455431163311005,-7.696529388427734,3.773087978363037,11,10,0,1,0.9090909090909091,1.6363636363636365,2.090909090909091,0.45454545454545453,0.7797738313674927,0.004638671875,-0.006933593191206455,0.0021274739410728216,0.003869628766551614,-0.02001953125,-2.001953125,-0.17958983778953552,0.0,0.0,0.0,0.0,-0.04910155385732651,-0.015380859375,-0.005434317514300346,0.3532939277245438,1.0,11.675431000326352,-0.012658235997977581,3.1174329844388096,2.7465052604675293,0.19209589064121246,2.827566146850586,3.1339268684387207,3.307077407836914,3.4178977012634277,0.0,0.0,0.0,0.7925835739482533,0.013611725605600937,0.08984375,4.370417746630582,9.552e-05,0.005,0.0,0.0,0.0,0.0,0.0,0.0,0.0,0.0,0.0,,0.0,0.0,0.0,0.0,0.0,0.0,0.0,0.0,0.0,0.0,0.0,0.0,0.0,0.0,0.0,0.0,0.0,0.0,0.0,,,,,0.0,,1.7706446647644043,,,,,,,0.0,{},{},0.0,0.0,0.0,0.0,0.0,0.0,0.0,0,0,0.0,0.0,,0.0
396,42404-1785547340678310400,42404,811008,4151,3384,139,628,0.815225246928451,0.84,0.84,-0.05143285542726517,0.13125629723072052,-8.02558708190918,3.336623191833496,9,8,0,1,0.8888888888888888,1.4444444444444444,1.8888888888888888,0.4444444444444444,0.7271713018417358,0.003662109375,-0.008740234188735485,0.0014188685454428196,0.0036840818356722593,-0.0234375,-2.34375,-0.18300782144069672,0.0,0.0,0.0,0.0,-0.05143285542726517,-0.019775390625,-0.007464496593456715,0.37744483991030164,1.0,9.253853491817175,-0.012114414013922215,3.0247244675954184,2.7221455574035645,0.18146030604839325,2.8194360733032227,3.0346317291259766,3.272561550140381,3.322897434234619,0.0,0.0,0.0,0.8314959883689881,0.012960827831799785,0.08346354166666667,10.271055714289348,9.449600000000002e-05,0.005,0.0,0.0,0.0,0.0,0.0,0.0,0.0,0.0,0.0,,0.0,0.0,0.0,0.0,0.0,0.0,0.0,0.0,0.0,0.0,0.0,0.0,0.0,0.0,0.0,0.0,0.0,0.0,0.0,,,,,0.0,,1.7428187131881714,,,,,,,0.0,{},{},0.0,0.0,0.0,0.0,0.0,0.0,0.0,0,0,0.0,0.0,,0.0
397,42404-1785547340678310400,42404,813056,4165,3398,139,628,0.8158463385354142,0.92,0.85,-0.04799601435661316,0.13708889484405518,-7.175518989562988,3.9576854705810547,14,14,0,0,1.0,1.7857142857142858,2.2857142857142856,0.5,0.7235277891159058,0.0068359375,-0.00395507737994194,0.0019995691254734993,0.004360351245850325,-0.015380859375,-1.5380859375,-0.18388670682907104,0.0,0.0,0.0,0.0,-0.04799601435661316,-0.008544921875,-0.0023650972871109843,0.2767515689594324,1.0,21.517480444913506,-0.007903634425019845,4.459761321544647,3.9223403930664062,0.23740871250629425,4.222955226898193,4.492246627807617,4.763948440551758,4.90905237197876,0.0,0.0,0.0,0.7937573529779911,0.0121166979552072,0.0836181640625,18.392233073711395,9.3472e-05,0.005,0.0,0.0,0.0,0.0,0.0,0.0,0.0,0.0,0.0,,0.0,0.0,0.0,0.0,0.0,0.0,0.0,0.0,0.0,0.0,0.0,0.0,0.0,0.0,0.0,0.0,0.0,0.0,0.0,,,,,0.0,,2.0809757709503174,,,,,,,0.0,{},{},0.0,0.0,0.0,0.0,0.0,0.0,0.0,0,0,0.0,0.0,,0.0
398,42404-1785547340678310400,42404,815104,4172,3404,139,629,0.8159156279961649,0.94,0.85,-0.05664819851517677,0.12459126859903336,-8.742560386657715,3.1450347900390625,7,6,0,1,0.8571428571428571,1.5714285714285714,2.0,0.42857142857142855,0.5993988513946533,0.002685546875,-0.01396484300494194,0.0008399072103202343,0.0025903319474309683,-0.036376953125,-3.6376953125,-0.18535156548023224,0.0,0.0,0.0,0.0,-0.05664819851517677,-0.03369140625,-0.01310728321550414,0.3890278158896454,1.0,5.501286079269931,-0.011275223572738469,3.970987617969513,3.722309112548828,0.19345398247241974,3.7381486892700195,3.9618749618530273,4.221177577972412,4.348599433898926,0.0,0.0,0.0,0.8289465755224228,0.006898150899360189,0.0518798828125,9.619958892464638,9.244799999999998e-05,0.005,0.0,0.0,0.0,0.0,0.0,0.0,0.0,0.0,0.0,,0.0,0.0,0.0,0.0,0.0,0.0,0.0,0.0,0.0,0.0,0.0,0.0,0.0,0.0,0.0,0.0,0.0,0.0,0.0,,,,,0.0,,1.9905887842178345,,,,,,,0.0,{},{},0.0,0.0,0.0,0.0,0.0,0.0,0.0,0,0,0.0,0.0,,0.0
399,42404-1785547340678310400,42404,817152,4183,3411,139,633,0.8154434616304088,0.86,0.83,-0.05634629353880882,0.12403259426355362,-8.600865364074707,3.355325937271118,11,7,0,4,0.6363636363636364,0.9090909090909091,1.1818181818181819,0.2727272727272727,0.7096328735351562,0.00244140625,-0.013867187313735485,0.00136953080072999,0.002304687397554517,-0.034423828125,-3.4423828125,-0.18535156548023224,0.0,0.0,0.0,0.0,-0.05634629353880882,-0.031982421875,-0.012948632764164358,0.4048545154039856,1.0,5.795238739764528,-0.01766182522987947,3.2250996530056,2.8758723735809326,0.14821627736091614,3.0933432579040527,3.1843128204345703,3.4053945541381836,3.437277317047119,0.0,0.0,0.0,0.8150421418249607,0.0126767038309481,0.0718994140625,5.920386120676994,9.142400000000001e-05,0.005,0.0,0.0,0.0,0.0,0.0,0.0,0.0,0.0,0.0,,0.0,0.0,0.0,0.0,0.0,0.0,0.0,0.0,0.0,0.0,0.0,0.0,0.0,0.0,0.0,0.0,0.0,0.0,0.0,,,,,0.0,,1.8080416917800903,,,,,,,0.0,{},{},0.0,0.0,0.0,0.0,0.0,0.0,0.0,0,0,0.0,0.0,,0.0
400,42404-1785547340678310400,42404,819200,4193,3420,139,634,0.8156451228237539,0.86,0.835,-0.052168164402246475,0.12873969972133636,-8.643176078796387,3.724216938018799,10,9,0,1,0.9,1.8,2.1,0.3,0.7778722047805786,0.004150390625,-0.01020507700741291,0.001737899612635374,0.003088378580287099,-0.030029296875,-3.0029296875,-0.17900389432907104,0.0,0.0,0.0,0.0,-0.052168164402246475,-0.02587890625,-0.008998507459182292,0.3477024751270995,1.0,6.916713399186716,-0.011501310765743256,3.0412896394729616,2.7177138328552246,0.19682087004184723,2.894709587097168,3.0329782962799072,3.1756949424743652,3.515200614929199,0.0,0.0,0.0,0.7739017307758331,0.01121542626642622,0.05390625,4.693333983421326,9.039999999999999e-05,0.005,0.0,0.0,0.0,0.0,0.0,0.0,0.0,0.0,0.0,,0.0,0.0,0.0,0.0,0.0,0.0,0.0,0.0,0.0,0.0,0.0,0.0,0.0,0.0,0.0,0.0,0.0,0.0,0.0,,,,,0.0,,1.755239486694336,,,,,,,0.0,{},{},0.0,0.0,0.0,0.0,0.0,0.0,0.0,0,0,0.0,0.0,,0.0
401,42404-1785547340678310400,42404,821248,4202,3426,139,637,0.8153260352213232,0.82,0.825,-0.053783610463142395,0.12655694782733917,-8.70374870300293,3.3585338592529297,9,6,0,3,0.6666666666666666,0.8888888888888888,1.3333333333333333,0.4444444444444444,0.7892925143241882,0.002197265625,-0.01215820387005806,0.0013243332505226135,0.0037451167590916157,-0.03271484375,-3.271484375,-0.17890624701976776,0.0,0.0,0.0,0.0,-0.053783610463142395,-0.030517578125,-0.010890841367654502,0.3568593963666026,1.0,5.862207809518248,-0.018188608416284505,2.3710742730360765,2.100302219390869,0.12788639962673187,2.1831603050231934,2.4126603603363037,2.503437042236328,2.541898488998413,0.0,0.0,0.0,0.7896634386135981,0.012977204285562038,0.08037860576923077,4.121005516785842,8.9376e-05,0.005,0.0,0.0,0.0,0.0,0.0,0.0,0.0,0.0,0.0,,0.0,0.0,0.0,0.0,0.0,0.0,0.0,0.0,0.0,0.0,0.0,0.0,0.0,0.0,0.0,0.0,0.0,0.0,0.0,,,,,0.0,,1.5416638851165771,,,,,,,0.0,{},{},0.0,0.0,0.0,0.0,0.0,0.0,0.0,0,0,0.0,0.0,,0.0
402,42404-1785547340678310400,42404,823296,4213,3435,139,639,0.8153334915737005,0.78,0.815,-0.0442473366856575,0.13160549104213715,-6.635249137878418,3.5435636043548584,11,9,0,2,0.8181818181818182,1.5454545454545454,1.9090909090909092,0.36363636363636365,0.6129152178764343,0.00390625,-0.0016113279853016138,0.0024995608255267143,0.0037890621460974216,-0.011962890625,-1.1962890625,-0.17216797173023224,0.0,0.0,0.0,0.0,-0.0442473366856575,-0.008056640625,-3.9172242395579815e-05,0.004861502792026024,1.0,21.367045236052864,-0.005588975735008717,5.512294739484787,5.054160118103027,0.31139612197875977,5.0840373039245605,5.4565324783325195,5.906480312347412,6.064094066619873,0.0,0.0,0.0,0.7334083169698715,0.004052489539390081,0.030517578125,24.997151166200638,8.835199999999998e-05,0.005,0.0,0.0,0.0,0.0,0.0,0.0,0.0,0.0,0.0,,0.0,0.0,0.0,0.0,0.0,0.0,0.0,0.0,0.0,0.0,0.0,0.0,0.0,0.0,0.0,0.0,0.0,0.0,0.0,,,,,0.0,,2.2046685218811035,,,,,,,0.0,{},{},0.0,0.0,0.0,0.0,0.0,0.0,0.0,0,0,0.0,0.0,,0.0
403,42404-1785547340678310400,42404,825344,4225,3447,139,639,0.8158579881656804,0.82,0.83,-0.04460982233285904,0.12752486765384674,-6.512362957000732,4.253489017486572,12,12,0,0,1.0,2.0,2.3333333333333335,0.3333333333333333,0.781648576259613,0.005859375,-0.004003905691206455,0.00319375516846776,0.005046386271715164,-0.016845703125,-1.6845703125,-0.16884765028953552,0.0,0.0,0.0,0.0,-0.04460982233285904,-0.010986328125,-0.0019438703311607242,0.1769192936668326,1.0,15.367489563304138,-0.012579898000694811,4.139838322997093,3.659496784210205,0.2754738926887512,3.8522191047668457,4.104668140411377,4.432051658630371,4.813323020935059,0.0,0.0,0.0,0.7284869216382504,0.007090688399330247,0.044677734375,17.538949489593506,8.732800000000001e-05,0.005,0.0,0.0,0.0,0.0,0.0,0.0,0.0,0.0,0.0,,0.0,0.0,0.0,0.0,0.0,0.0,0.0,0.0,0.0,0.0,0.0,0.0,0.0,0.0,0.0,0.0,0.0,0.0,0.0,,,,,0.0,,1.9875742197036743,,,,,,,0.0,{},{},0.0,0.0,0.0,0.0,0.0,0.0,0.0,0,0,0.0,0.0,,0.0
404,42404-1785547340678310400,42404,827392,4233,3455,139,639,0.8162060004724782,0.88,0.835,-0.055858127772808075,0.12645158171653748,-8.275077819824219,3.539252996444702,8,8,0,0,1.0,2.0,2.25,0.25,0.7501398324966431,0.00390625,-0.011962890625,0.00045933693763799965,0.0023046876303851604,-0.037353515625,-3.7353515625,-0.18369141221046448,0.0,0.0,0.0,0.0,-0.055858127772808075,-0.033447265625,-0.01127188448299421,0.3369945876825776,1.0,5.491806788127433,-0.01185886305756867,3.1865291744470596,2.8733701705932617,0.1634400635957718,2.970707416534424,3.207642078399658,3.3217055797576904,3.571265459060669,0.0,0.0,0.0,0.7380107492208481,0.00427041637522052,0.0294189453125,14.373353749513626,8.630399999999999e-05,0.005,0.0,0.0,0.0,0.0,0.0,0.0,0.0,0.0,0.0,,0.0,0.0,0.0,0.0,0.0,0.0,0.0,0.0,0.0,0.0,0.0,0.0,0.0,0.0,0.0,0.0,0.0,0.0,0.0,,,,,0.0,,1.7691316604614258,,,,,,,0.0,{},{},0.0,0.0,0.0,0.0,0.0,0.0,0.0,0,0,0.0,0.0,,0.0
405,42404-1785547340678310400,42404,829440,4244,3462,140,642,0.8157398680490103,0.82,0.82,-0.053636662662029266,0.12759673595428467,-8.709369659423828,3.3070812225341797,11,7,1,3,0.6363636363636364,0.9090909090909091,1.2727272727272727,0.36363636363636365,0.6674268245697021,0.002197265625,-0.012451171875,0.0015159999020397663,0.0020019530784338713,-0.03466796875,-3.466796875,-0.17587891221046448,0.0,0.0,0.0,0.0,-0.053636662662029266,-0.032470703125,-0.01157168362988159,0.3563620788640599,1.0,5.416374728896037,-0.014384372218046337,3.605582535266876,3.1824584007263184,0.17290480434894562,3.4372901916503906,3.618037700653076,3.770419120788574,3.998103380203247,0.0,0.0,0.0,0.6998936645686626,0.00928838712934521,0.061767578125,5.981525436043739,8.528000000000002e-05,0.005,0.0,0.0,0.0,0.0,0.0,0.0,0.0,0.0,0.0,,0.0,0.0,0.0,0.0,0.0,0.0,0.0,0.0,0.0,0.0,0.0,0.0,0.0,0.0,0.0,0.0,0.0,0.0,0.0,,,,,0.0,,1.9071658849716187,,,,,,,0.0,{},{},0.0,0.0,0.0,0.0,0.0,0.0,0.0,0,0,0.0,0.0,,0.0
406,42404-1785547340678310400,42404,831488,4253,3469,140,644,0.8156595344462733,0.84,0.81,-0.05505206435918808,0.12770992517471313,-8.643537521362305,3.1115596294403076,9,7,0,2,0.7777777777777778,1.3333333333333333,1.4444444444444444,0.1111111111111111,0.7212070226669312,0.0029296875,-0.011572265066206455,0.001411228789947927,0.002492675557732582,-0.03125,-3.125,-0.1865234375,0.0,0.0,0.0,0.0,-0.05505206435918808,-0.0283203125,-0.010596288979286328,0.37414540654803086,1.0,6.585974343526629,-0.0181679364759475,2.6748625487089157,2.332289695739746,0.2004501074552536,2.403560161590576,2.7054338455200195,2.9282822608947754,3.0376644134521484,0.0,0.0,0.0,0.7414949238300323,0.012279390768526355,0.077880859375,4.760767787694931,8.4256e-05,0.005,0.0,0.0,0.0,0.0,0.0,0.0,0.0,0.0,0.0,,0.0,0.0,0.0,0.0,0.0,0.0,0.0,0.0,0.0,0.0,0.0,0.0,0.0,0.0,0.0,0.0,0.0,0.0,0.0,,,,,0.0,,1.6429297924041748,,,,,,,0.0,{},{},0.0,0.0,0.0,0.0,0.0,0.0,0.0,0,0,0.0,0.0,,0.0
407,42404-1785547340678310400,42404,833536,4262,3475,140,647,0.8153449084936649,0.82,0.8,-0.04864609241485596,0.13097481429576874,-7.670665740966797,3.3005905151367188,9,6,0,3,0.6666666666666666,1.1111111111111112,1.3333333333333333,0.2222222222222222,0.6100395917892456,0.002197265625,-0.0068359375,0.0021295093465596437,0.003664550371468067,-0.022216796875,-2.2216796875,-0.17392578721046448,0.0,0.0,0.0,0.0,-0.04864609241485596,-0.02001953125,-0.005387422570493072,0.26909488580594343,1.0,8.687371230993906,-0.009326284198323265,4.388968408107758,3.804565191268921,0.3600548803806305,3.921288013458252,4.39343786239624,4.820314407348633,4.951854705810547,0.0,0.0,0.0,0.7109150588512421,0.007532305498898495,0.0579833984375,18.841857939958572,8.323199999999998e-05,0.005,0.0,0.0,0.0,0.0,0.0,0.0,0.0,0.0,0.0,,0.0,0.0,0.0,0.0,0.0,0.0,0.0,0.0,0.0,0.0,0.0,0.0,0.0,0.0,0.0,0.0,0.0,0.0,0.0,,,,,0.0,,2.0611135959625244,,,,,,,0.0,{},{},0.0,0.0,0.0,0.0,0.0,0.0,0.0,0,0,0.0,0.0,,0.0
408,42404-1785547340678310400,42404,835584,4275,3487,140,648,0.815672514619883,0.8,0.825,-0.045890919864177704,0.1303645819425583,-6.319215774536133,3.3288474082946777,13,12,0,1,0.9230769230769231,1.6153846153846154,2.0,0.38461538461538464,0.5791248083114624,0.005615234375,-0.003662109375,0.0025720808189362288,0.0036160277668386698,-0.01904296875,-1.904296875,-0.17148438096046448,0.0,0.0,0.0,0.0,-0.045890919864177704,-0.013427734375,-0.0021150822285562754,0.15750421219842436,1.0,12.769958521162906,-0.014396054146345705,4.6684445440769196,3.8403563499450684,0.32311558723449707,4.3883466720581055,4.6931867599487305,5.011445999145508,5.255434989929199,0.0,0.0,0.0,0.7195780873298645,0.005174476271804451,0.03955078125,11.866115376353264,8.220800000000001e-05,0.005,0.0,0.0,0.0,0.0,0.0,0.0,0.0,0.0,0.0,,0.0,0.0,0.0,0.0,0.0,0.0,0.0,0.0,0.0,0.0,0.0,0.0,0.0,0.0,0.0,0.0,0.0,0.0,0.0,,,,,0.0,,2.159586191177368,,,,,,,0.0,{},{},0.0,0.0,0.0,0.0,0.0,0.0,0.0,0,0,0.0,0.0,,0.0
409,42404-1785547340678310400,42404,837632,4284,3496,140,648,0.8160597572362278,0.8,0.84,-0.05117087811231613,0.13198158144950867,-6.871002674102783,3.7418406009674072,9,9,0,0,1.0,2.111111111111111,2.3333333333333335,0.2222222222222222,0.6804916858673096,0.00439453125,-0.008544921875,0.0015730729792267084,0.003059081733226776,-0.024658203125,-2.4658203125,-0.18183593451976776,0.0,0.0,0.0,0.0,-0.05117087811231613,-0.020263671875,-0.007386883196886629,0.3645202469821204,1.0,8.97305101416885,-0.014455325726885349,4.411810427904129,3.865004539489746,0.2817065417766571,4.1728410720825195,4.385093688964844,4.696865081787109,5.128537178039551,0.0,0.0,0.0,0.6989737413823605,0.00655061813085922,0.039794921875,10.159899055957794,8.118399999999997e-05,0.005,0.0,0.0,0.0,0.0,0.0,0.0,0.0,0.0,0.0,,0.0,0.0,0.0,0.0,0.0,0.0,0.0,0.0,0.0,0.0,0.0,0.0,0.0,0.0,0.0,0.0,0.0,0.0,0.0,,,,,0.0,,2.115077495574951,,,,,,,0.0,{},{},0.0,0.0,0.0,0.0,0.0,0.0,0.0,0,0,0.0,0.0,,0.0
410,42404-1785547340678310400,42404,839680,4295,3506,140,649,0.8162980209545984,0.88,0.845,-0.051783107221126556,0.13164442777633667,-8.194002151489258,2.5207059383392334,11,10,0,1,0.9090909090909091,1.7272727272727273,2.0,0.2727272727272727,0.5390255451202393,0.004638671875,-0.009033203125,0.001559321186505258,0.0029492187313735485,-0.028076171875,-2.8076171875,-0.18095703423023224,0.0,0.0,0.0,0.0,-0.051783107221126556,-0.0234375,-0.007906068145530298,0.33731118226551604,1.0,7.720504052317009,-0.014884653617627919,2.8742902278900146,2.4758291244506836,0.18872754275798798,2.658531427383423,2.8790602684020996,3.113124370574951,3.236095905303955,0.0,0.0,0.0,0.736426342278719,0.007200653839390725,0.051513671875,8.092076644301414,8.016e-05,0.005,0.0,0.0,0.0,0.0,0.0,0.0,0.0,0.0,0.0,,0.0,0.0,0.0,0.0,0.0,0.0,0.0,0.0,0.0,0.0,0.0,0.0,0.0,0.0,0.0,0.0,0.0,0.0,0.0,,,,,0.0,,1.7114359140396118,,,,,,,0.0,{},{},0.0,0.0,0.0,0.0,0.0,0.0,0.0,0,0,0.0,0.0,,0.0
411,42404-1785547340678310400,42404,841728,4306,3512,141,653,0.8156061309800279,0.82,0.835,-0.05538701266050339,0.13117031753063202,-7.7254638671875,3.3354620933532715,11,6,1,4,0.5454545454545454,0.9090909090909091,1.5454545454545454,0.6363636363636364,0.7564793229103088,0.00146484375,-0.01289062388241291,0.0015572125557810068,0.0033666992094367743,-0.03125,-3.125,-0.18535158038139343,0.0,0.0,0.0,0.0,-0.05538701266050339,-0.02978515625,-0.011659645941108465,0.3914451345533536,1.0,6.222742499089436,-0.013520541600883007,2.8001782447099686,2.4956579208374023,0.1281295120716095,2.6373956203460693,2.8259453773498535,2.9260623455047607,3.003683090209961,0.0,0.0,0.0,0.7560985460877419,0.011414181695727166,0.080078125,9.7560655772686,7.913599999999998e-05,0.005,0.0,0.0,0.0,0.0,0.0,0.0,0.0,0.0,0.0,,0.0,0.0,0.0,0.0,0.0,0.0,0.0,0.0,0.0,0.0,0.0,0.0,0.0,0.0,0.0,0.0,0.0,0.0,0.0,,,,,0.0,,1.64597749710083,,,,,,,0.0,{},{},0.0,0.0,0.0,0.0,0.0,0.0,0.0,0,0,0.0,0.0,,0.0
412,42404-1785547340678310400,42404,843776,4314,3520,141,653,0.8159480760315253,0.86,0.84,-0.04797561466693878,0.1311890184879303,-7.29903507232666,3.131249189376831,8,8,0,0,1.0,1.875,2.0,0.125,0.5237511992454529,0.00390625,-0.0039062497671693563,0.0018521570600569248,0.0031225583516061306,-0.01513671875,-1.513671875,-0.18183593451976776,0.0,0.0,0.0,0.0,-0.04797561466693878,-0.01123046875,-0.0026625709142535925,0.2370634663657496,1.0,16.18986248078799,-0.014544182195095345,4.587506219744682,3.916170835494995,0.41809967160224915,3.986713171005249,4.677661895751953,5.038627624511719,5.317875862121582,0.0,0.0,0.0,0.7456802912056446,0.006253597581235226,0.0474853515625,7.511955887079239,7.811200000000001e-05,0.005,0.0,0.0,0.0,0.0,0.0,0.0,0.0,0.0,0.0,,0.0,0.0,0.0,0.0,0.0,0.0,0.0,0.0,0.0,0.0,0.0,0.0,0.0,0.0,0.0,0.0,0.0,0.0,0.0,,,,,0.0,,2.1608996391296387,,,,,,,0.0,{},{},0.0,0.0,0.0,0.0,0.0,0.0,0.0,0,0,0.0,0.0,,0.0
413,42404-1785547340678310400,42404,845824,4326,3530,142,654,0.8159963014331947,0.84,0.845,-0.04079587757587433,0.13472196459770203,-6.52926778793335,4.109660625457764,12,10,1,1,0.8333333333333334,1.9166666666666667,2.3333333333333335,0.4166666666666667,0.7524662017822266,0.004150390625,0.0015136721776798368,0.0024334113113582134,0.004523925483226776,-0.00341796875,-0.341796875,-0.17080079019069672,0.0,0.0,0.0,0.0,-0.04079587757587433,0.000732421875,0.003253006376326084,4.435382263892912,1.0,232.88205058063846,-0.012900918399771819,4.214516272911658,3.503779649734497,0.37300601601600647,3.678279161453247,4.193674564361572,4.662014961242676,4.882580757141113,0.0,0.0,0.0,0.6954270096925589,0.008587851345789833,0.038461538461538464,7.235044002532959,7.708799999999999e-05,0.005,0.0,0.0,0.0,0.0,0.0,0.0,0.0,0.0,0.0,,0.0,0.0,0.0,0.0,0.0,0.0,0.0,0.0,0.0,0.0,0.0,0.0,0.0,0.0,0.0,0.0,0.0,0.0,0.0,,,,,0.0,,2.0446701049804688,,,,,,,0.0,{},{},0.0,0.0,0.0,0.0,0.0,0.0,0.0,0,0,0.0,0.0,,0.0
414,42404-1785547340678310400,42404,847872,4335,3539,142,654,0.8163783160322953,0.84,0.845,-0.05102051794528961,0.13508392870426178,-7.606325149536133,3.5478875637054443,9,9,0,0,1.0,1.7777777777777777,2.6666666666666665,0.8888888888888888,0.7360548973083496,0.00439453125,-0.007568359375,0.001692337915301323,0.003303222358226776,-0.02294921875,-2.294921875,-0.18271484971046448,0.0,0.0,0.0,0.0,-0.05102051794528961,-0.0185546875,-0.006319469306617975,0.34056778045103286,1.0,9.846838049544889,-0.018163707485655323,3.3164367228746414,2.9095346927642822,0.23848114907741547,3.0392022132873535,3.315333843231201,3.6431660652160645,3.7252206802368164,0.0,0.0,0.0,0.7527897991240025,0.009264986096241046,0.0599365234375,5.718233168125153,7.606400000000002e-05,0.005,0.0,0.0,0.0,0.0,0.0,0.0,0.0,0.0,0.0,,0.0,0.0,0.0,0.0,0.0,0.0,0.0,0.0,0.0,0.0,0.0,0.0,0.0,0.0,0.0,0.0,0.0,0.0,0.0,,,,,0.0,,1.8227479457855225,,,,,,,0.0,{},{},0.0,0.0,0.0,0.0,0.0,0.0,0.0,0,0,0.0,0.0,,0.0
415,42404-1785547340678310400,42404,849920,4349,3549,143,657,0.8160496665900207,0.82,0.83,-0.04396417364478111,0.1301143318414688,-6.465912818908691,3.4920568466186523,14,10,1,3,0.7142857142857143,1.0714285714285714,1.7857142857142858,0.7142857142857143,0.6819535493850708,0.003662109375,-0.0030273436568677425,0.002981293946504593,0.004733886569738388,-0.01611328125,-1.611328125,-0.16689452528953552,0.0,0.0,0.0,0.0,-0.04396417364478111,-0.012451171875,-0.0010985485278069973,0.08822143950747527,1.0,13.40284465753373,-0.0138963358476758,3.8764551132917404,3.4821648597717285,0.26794758439064026,3.5917558670043945,3.7998695373535156,4.16933536529541,4.572379112243652,0.0,0.0,0.0,0.7189994156360626,0.007555437878181692,0.0516357421875,7.574194610118866,7.504e-05,0.005,0.0,0.0,0.0,0.0,0.0,0.0,0.0,0.0,0.0,,0.0,0.0,0.0,0.0,0.0,0.0,0.0,0.0,0.0,0.0,0.0,0.0,0.0,0.0,0.0,0.0,0.0,0.0,0.0,,,,,0.0,,1.9693666696548462,,,,,,,0.0,{},{},0.0,0.0,0.0,0.0,0.0,0.0,0.0,0,0,0.0,0.0,,0.0
416,42404-1785547340678310400,42404,851968,4358,3556,143,659,0.8159706287287747,0.84,0.825,-0.0475594736635685,0.13377180695533752,-6.86562967300415,3.5501253604888916,9,7,0,2,0.7777777777777778,1.8888888888888888,1.8888888888888888,0.0,0.7290094494819641,0.0029296875,-0.004638671875,0.0015482964226976037,0.0033935545943677425,-0.017578125,-1.7578125,-0.17607422173023224,0.0,0.0,0.0,0.0,-0.0475594736635685,-0.0146484375,-0.0034032091207336634,0.23230988362069627,1.0,12.019179694116737,-0.015013689815532416,3.4157207757234573,2.8221681118011475,0.2863747179508209,3.0294904708862305,3.4911158084869385,3.6811771392822266,3.8619730472564697,0.0,0.0,0.0,0.7052581533789635,0.010022972157457843,0.068603515625,6.460563212633133,7.401600000000003e-05,0.005,0.0,0.0,0.0,0.0,0.0,0.0,0.0,0.0,0.0,,0.0,0.0,0.0,0.0,0.0,0.0,0.0,0.0,0.0,0.0,0.0,0.0,0.0,0.0,0.0,0.0,0.0,0.0,0.0,,,,,0.0,,1.848080039024353,,,,,,,0.0,{},{},0.0,0.0,0.0,0.0,0.0,0.0,0.0,0,0,0.0,0.0,,0.0
417,42404-1785547340678310400,42404,854016,4368,3565,143,660,0.8161630036630036,0.82,0.825,-0.05566519498825073,0.1347365826368332,-7.645644187927246,3.313044548034668,10,9,0,1,0.9,1.1,1.8,0.7,0.7810119390487671,0.004150390625,-0.011474608443677425,0.0015882498119026423,0.0032714842818677425,-0.0322265625,-3.22265625,-0.18964843451976776,0.0,0.0,0.0,0.0,-0.05566519498825073,-0.028076171875,-0.01025967492023483,0.36540984134410187,1.0,6.754541923384787,-0.014686489244922996,2.3955604235331216,2.1241273880004883,0.14356516301631927,2.2436585426330566,2.3752622604370117,2.5617167949676514,2.6814136505126953,0.0,0.0,0.0,0.7632948358853658,0.010986396843994347,0.058919270833333336,4.582151373227437,7.299200000000001e-05,0.005,0.0,0.0,0.0,0.0,0.0,0.0,0.0,0.0,0.0,,0.0,0.0,0.0,0.0,0.0,0.0,0.0,0.0,0.0,0.0,0.0,0.0,0.0,0.0,0.0,0.0,0.0,0.0,0.0,,,,,0.0,,1.550377607345581,,,,,,,0.0,{},{},0.0,0.0,0.0,0.0,0.0,0.0,0.0,0,0,0.0,0.0,,0.0
418,42404-1785547340678310400,42404,856064,4377,3572,144,661,0.8160840758510395,0.82,0.82,-0.05203040689229965,0.1312686800956726,-7.627158164978027,2.9607276916503906,9,7,1,1,0.7777777777777778,1.3333333333333333,1.7777777777777777,0.4444444444444444,0.7033298015594482,0.002685546875,-0.009082031436264515,0.0009591623093001544,0.003010253654792905,-0.028076171875,-2.8076171875,-0.17978516221046448,0.0,0.0,0.0,0.0,-0.05203040689229965,-0.025390625,-0.00808967744524125,0.31859628697419917,1.0,7.080490603120693,-0.011973851651418954,2.556991070508957,2.401542901992798,0.11113960295915604,2.424499034881592,2.526326894760132,2.7179946899414062,2.759290933609009,0.0,0.0,0.0,0.7054907828569412,0.007071734295095666,0.044189453125,5.979655519127846,7.196799999999997e-05,0.005,0.0,0.0,0.0,0.0,0.0,0.0,0.0,0.0,0.0,,0.0,0.0,0.0,0.0,0.0,0.0,0.0,0.0,0.0,0.0,0.0,0.0,0.0,0.0,0.0,0.0,0.0,0.0,0.0,,,,,0.0,,1.6126325130462646,,,,,,,0.0,{},{},0.0,0.0,0.0,0.0,0.0,0.0,0.0,0,0,0.0,0.0,,0.0
419,42404-1785547340678310400,42404,858112,4387,3581,144,662,0.8162753590152724,0.82,0.83,-0.04759850353002548,0.13484710454940796,-7.153748512268066,3.3992342948913574,10,9,0,1,0.9,1.6,1.8,0.2,0.6724429726600647,0.004150390625,-0.00390625,0.002023078966885805,0.003652649000287056,-0.017578125,-1.7578125,-0.17910155653953552,0.0,0.0,0.0,0.0,-0.04759850353002548,-0.013427734375,-0.0024873180082067847,0.18522356156194242,1.0,13.337188117516513,-0.015508051728829741,3.7828266471624374,3.4940168857574463,0.16270992159843445,3.541393756866455,3.802098274230957,3.989935874938965,4.007765769958496,0.0,0.0,0.0,0.6962021738290787,0.008644023484521313,0.0654296875,7.360814705491066,7.0944e-05,0.005,0.0,0.0,0.0,0.0,0.0,0.0,0.0,0.0,0.0,,0.0,0.0,0.0,0.0,0.0,0.0,0.0,0.0,0.0,0.0,0.0,0.0,0.0,0.0,0.0,0.0,0.0,0.0,0.0,,,,,0.0,,1.9454700946807861,,,,,,,0.0,{},{},0.0,0.0,0.0,0.0,0.0,0.0,0.0,0,0,0.0,0.0,,0.0
420,42404-1785547340678310400,42404,860160,4398,3588,146,664,0.8158253751705321,0.8,0.825,-0.047335002571344376,0.13020308315753937,-5.906713962554932,3.632275104522705,11,7,2,2,0.6363636363636364,0.9090909090909091,1.7272727272727273,0.8181818181818182,0.7783788442611694,0.001953125,-0.00644531287252903,0.0023035018239170313,0.004426269326359034,-0.02001953125,-2.001953125,-0.1704101711511612,0.0,0.0,0.0,0.0,-0.047335002571344376,-0.01806640625,-0.004762870084960014,0.2636167039726587,1.0,9.431911188201747,-0.00729493098333478,3.228572502732277,2.933335304260254,0.21792739629745483,2.997401475906372,3.1808369159698486,3.4530696868896484,3.86195707321167,0.0,0.0,0.0,0.6873596794903278,0.002978994170916849,0.0216064453125,16.54472778737545,6.991999999999998e-05,0.005,0.0,0.0,0.0,0.0,0.0,0.0,0.0,0.0,0.0,,0.0,0.0,0.0,0.0,0.0,0.0,0.0,0.0,0.0,0.0,0.0,0.0,0.0,0.0,0.0,0.0,0.0,0.0,0.0,,,,,0.0,,1.7099536657333374,,,,,,,0.0,{},{},0.0,0.0,0.0,0.0,0.0,0.0,0.0,0,0,0.0,0.0,,0.0
421,42404-1785547340678310400,42404,862208,4409,3595,149,665,0.8153776366523021,0.76,0.815,-0.04735545441508293,0.13092362880706787,-6.468808174133301,4.007339954376221,11,7,3,1,0.6363636363636364,1.3636363636363635,2.3636363636363638,1.0,0.8295729160308838,0.001708984375,-0.006298827473074198,0.0020655468106269836,0.004355468787252903,-0.020751953125,-2.0751953125,-0.16953124105930328,0.0,0.0,0.0,0.0,-0.04735545441508293,-0.01904296875,-0.004693573573604226,0.2464598443328272,1.0,8.90209615888512,-0.012466376356314868,2.699397176504135,2.3242902755737305,0.15772245824337006,2.543822765350342,2.6875040531158447,2.9242165088653564,2.9661996364593506,0.0,0.0,0.0,0.711595356464386,0.005489958793987171,0.0362548828125,6.9339955151081085,6.889600000000001e-05,0.005,0.0,0.0,0.0,0.0,0.0,0.0,0.0,0.0,0.0,,0.0,0.0,0.0,0.0,0.0,0.0,0.0,0.0,0.0,0.0,0.0,0.0,0.0,0.0,0.0,0.0,0.0,0.0,0.0,,,,,0.0,,1.6543426513671875,,,,,,,0.0,{},{},0.0,0.0,0.0,0.0,0.0,0.0,0.0,0,0,0.0,0.0,,0.0
422,42404-1785547340678310400,42404,864256,4418,3602,149,667,0.8153010411951109,0.74,0.81,-0.048567600548267365,0.12968668341636658,-7.172784805297852,2.999117136001587,9,7,0,2,0.7777777777777778,1.0,1.6666666666666667,0.6666666666666666,0.6840439438819885,0.0029296875,-0.005712890066206455,0.001680311281234026,0.0033105467446148396,-0.021728515625,-2.1728515625,-0.17499999701976776,0.0,0.0,0.0,0.0,-0.048567600548267365,-0.018798828125,-0.004465175559744239,0.23751150968271093,1.0,9.308595581629433,-0.01386387669481337,2.84596386551857,2.549896240234375,0.15124593675136566,2.648345470428467,2.9339489936828613,2.9924564361572266,3.0073437690734863,0.0,0.0,0.0,0.7051512077450752,0.007141129071897012,0.052490234375,7.655616760253906,6.787199999999999e-05,0.005,0.0,0.0,0.0,0.0,0.0,0.0,0.0,0.0,0.0,,0.0,0.0,0.0,0.0,0.0,0.0,0.0,0.0,0.0,0.0,0.0,0.0,0.0,0.0,0.0,0.0,0.0,0.0,0.0,,,,,0.0,,1.685802698135376,,,,,,,0.0,{},{},0.0,0.0,0.0,0.0,0.0,0.0,0.0,0,0,0.0,0.0,,0.0
423,42404-1785547340678310400,42404,866304,4432,3615,149,668,0.815658844765343,0.76,0.805,-0.04796983301639557,0.12837286293506622,-6.733445167541504,3.5260467529296875,14,13,0,1,0.9285714285714286,1.8571428571428572,2.0714285714285716,0.21428571428571427,0.7508736848831177,0.006103515625,-0.006835937034338713,0.0020823096856474876,0.0027221678756177425,-0.021728515625,-2.1728515625,-0.1748046875,0.0,0.0,0.0,0.0,-0.04796983301639557,-0.015625,-0.005634817644022405,0.3606052504814031,1.0,11.186784045821067,-0.016070500947535038,3.0889639854431152,2.704150438308716,0.18884630501270294,2.847507953643799,3.096834182739258,3.2495827674865723,3.492629051208496,0.0,0.0,0.0,0.7254760786890984,0.010216657061391743,0.052734375,4.602314695715904,6.684800000000002e-05,0.005,0.0,0.0,0.0,0.0,0.0,0.0,0.0,0.0,0.0,,0.0,0.0,0.0,0.0,0.0,0.0,0.0,0.0,0.0,0.0,0.0,0.0,0.0,0.0,0.0,0.0,0.0,0.0,0.0,,,,,0.0,,1.7599400281906128,,,,,,,0.0,{},{},0.0,0.0,0.0,0.0,0.0,0.0,0.0,0,0,0.0,0.0,,0.0
424,42404-1785547340678310400,42404,868352,4442,3623,151,668,0.8156235929761368,0.78,0.81,-0.05122734233736992,0.13062265515327454,-6.936031341552734,3.6696817874908447,10,8,2,0,0.8,1.3,2.1,0.8,0.6993129253387451,0.0029296875,-0.01025390625,0.0019646002911031246,0.003618163987994194,-0.02734375,-2.734375,-0.17705078423023224,0.0,0.0,0.0,0.0,-0.05122734233736992,-0.0244140625,-0.00885821518022567,0.3628176327718051,1.0,7.251703092311651,-0.012926610535942018,4.066895455121994,3.5907154083251953,0.34130969643592834,3.7332258224487305,3.9932382106781006,4.510951995849609,4.849164009094238,0.0,0.0,0.0,0.711540374904871,0.004517896999459481,0.0374755859375,8.648524343967438,6.5824e-05,0.005,0.0,0.0,0.0,0.0,0.0,0.0,0.0,0.0,0.0,,0.0,0.0,0.0,0.0,0.0,0.0,0.0,0.0,0.0,0.0,0.0,0.0,0.0,0.0,0.0,0.0,0.0,0.0,0.0,,,,,0.0,,2.012267827987671,,,,,,,0.0,{},{},0.0,0.0,0.0,0.0,0.0,0.0,0.0,0,0,0.0,0.0,,0.0
425,42404-1785547340678310400,42404,870400,4454,3632,151,671,0.815446789402784,0.8,0.81,-0.04316261410713196,0.13024455308914185,-6.260227203369141,3.4293816089630127,12,9,0,3,0.75,1.3333333333333333,1.75,0.4166666666666667,0.7107108235359192,0.003662109375,-0.00332031212747097,0.0024346867576241493,0.004326171707361937,-0.01171875,-1.171875,-0.16533203423023224,0.0,0.0,0.0,0.0,-0.04316261410713196,-0.008056640625,-0.0016300975112244487,0.20230456868066746,1.0,20.518665689465674,-0.014691483287606388,3.3640966713428497,2.8790876865386963,0.28566494584083557,2.9650487899780273,3.4411606788635254,3.683053731918335,3.716235637664795,0.0,0.0,0.0,0.6832036934792995,0.007043978392175632,0.0511474609375,5.693489730358124,6.480000000000003e-05,0.005,0.0,0.0,0.0,0.0,0.0,0.0,0.0,0.0,0.0,,0.0,0.0,0.0,0.0,0.0,0.0,0.0,0.0,0.0,0.0,0.0,0.0,0.0,0.0,0.0,0.0,0.0,0.0,0.0,,,,,0.0,,1.8445137739181519,,,,,,,0.0,{},{},0.0,0.0,0.0,0.0,0.0,0.0,0.0,0,0,0.0,0.0,,0.0
426,42404-1785547340678310400,42404,872448,4464,3640,151,673,0.8154121863799283,0.82,0.815,-0.04998043179512024,0.12978188693523407,-7.138340950012207,3.8854215145111084,10,8,0,2,0.8,1.6,2.2,0.6,0.781867265701294,0.00341796875,-0.007812499534338713,0.0019761333242058754,0.0035034173633903265,-0.02490234375,-2.490234375,-0.1767578125,0.0,0.0,0.0,0.0,-0.04998043179512024,-0.021484375,-0.006442611862439662,0.29986034046134463,1.0,8.226889802947353,-0.01414807714172639,3.2769019156694412,2.7819859981536865,0.244284987449646,3.0095114707946777,3.3157243728637695,3.599294900894165,3.6293914318084717,0.0,0.0,0.0,0.7564405463635921,0.007370960335720156,0.0546875,6.076880320906639,6.377600000000001e-05,0.005,0.0,0.0,0.0,0.0,0.0,0.0,0.0,0.0,0.0,,0.0,0.0,0.0,0.0,0.0,0.0,0.0,0.0,0.0,0.0,0.0,0.0,0.0,0.0,0.0,0.0,0.0,0.0,0.0,,,,,0.0,,1.814673900604248,,,,,,,0.0,{},{},0.0,0.0,0.0,0.0,0.0,0.0,0.0,0,0,0.0,0.0,,0.0
427,42404-1785547340678310400,42404,874496,4472,3645,151,676,0.8150715563506261,0.78,0.8,-0.0504283532500267,0.13184386491775513,-7.236944198608398,3.335980176925659,8,5,0,3,0.625,1.25,1.5,0.25,0.7279609441757202,0.001708984375,-0.00722656212747097,0.002122065983712673,0.0039697252213954926,-0.021240234375,-2.1240234375,-0.18037110567092896,0.0,0.0,0.0,0.0,-0.0504283532500267,-0.01953125,-0.005703614326193929,0.29201010258387683,1.0,9.234527802528072,-0.012212466972414404,3.02363358438015,2.62080717086792,0.18181531131267548,2.8263468742370605,3.012493848800659,3.221424102783203,3.3014259338378906,0.0,0.0,0.0,0.7136415503919125,0.005444165179142146,0.0452880859375,5.760393470525742,6.275199999999997e-05,0.005,0.0,0.0,0.0,0.0,0.0,0.0,0.0,0.0,0.0,,0.0,0.0,0.0,0.0,0.0,0.0,0.0,0.0,0.0,0.0,0.0,0.0,0.0,0.0,0.0,0.0,0.0,0.0,0.0,,,,,0.0,,1.739959478378296,,,,,,,0.0,{},{},0.0,0.0,0.0,0.0,0.0,0.0,0.0,0,0,0.0,0.0,,0.0
428,42404-1785547340678310400,42404,876544,4484,3655,151,678,0.8151204281891169,0.76,0.795,-0.04482608661055565,0.13458114862442017,-6.225275993347168,3.7987964153289795,12,10,0,2,0.8333333333333334,1.75,2.0833333333333335,0.3333333333333333,0.7406943440437317,0.00439453125,-0.0017578123370185494,0.0027159634046256542,0.0037988279946148396,-0.013916015625,-1.3916015625,-0.17265625298023224,0.0,0.0,0.0,0.0,-0.04482608661055565,-0.009521484375,-0.000129114487208426,0.013558907751783632,1.0,18.13142938134065,-0.012664886773563921,3.7214037626981735,3.4133782386779785,0.1760251522064209,3.4902358055114746,3.6970980167388916,3.92338228225708,3.9749276638031006,0.0,0.0,0.0,0.6945995464920998,0.005507062469405355,0.0423583984375,7.120661646127701,6.1728e-05,0.005,0.0,0.0,0.0,0.0,0.0,0.0,0.0,0.0,0.0,,0.0,0.0,0.0,0.0,0.0,0.0,0.0,0.0,0.0,0.0,0.0,0.0,0.0,0.0,0.0,0.0,0.0,0.0,0.0,,,,,0.0,,1.9344254732131958,,,,,,,0.0,{},{},0.0,0.0,0.0,0.0,0.0,0.0,0.0,0,0,0.0,0.0,,0.0
429,42404-1785547340678310400,42404,878592,4495,3666,151,678,0.8155728587319243,0.84,0.8,-0.05056607723236084,0.12999431788921356,-6.982987403869629,3.4769234657287598,11,11,0,0,1.0,1.6363636363636365,2.272727272727273,0.6363636363636364,0.7577351331710815,0.00537109375,-0.00795898400247097,0.0018935634288936853,0.003703612368553877,-0.02490234375,-2.490234375,-0.18056641519069672,0.0,0.0,0.0,0.0,-0.05056607723236084,-0.01953125,-0.00655969005310908,0.33583893576567364,1.0,9.244527137974208,-0.018007360602496192,2.8996627628803253,2.651285171508789,0.1526564061641693,2.7171859741210938,2.883662700653076,3.131429672241211,3.1667351722717285,0.0,0.0,0.0,0.7248329631984234,0.010360028856666759,0.0694580078125,4.818689540028572,6.070399999999998e-05,0.005,0.0,0.0,0.0,0.0,0.0,0.0,0.0,0.0,0.0,,0.0,0.0,0.0,0.0,0.0,0.0,0.0,0.0,0.0,0.0,0.0,0.0,0.0,0.0,0.0,0.0,0.0,0.0,0.0,,,,,0.0,,1.7113560438156128,,,,,,,0.0,{},{},0.0,0.0,0.0,0.0,0.0,0.0,0.0,0,0,0.0,0.0,,0.0
430,42404-1785547340678310400,42404,880640,4506,3676,151,679,0.8158011540168664,0.86,0.82,-0.04984326660633087,0.12883102893829346,-7.475090503692627,3.903650999069214,11,10,0,1,0.9090909090909091,1.3636363636363635,2.0,0.6363636363636364,0.818794846534729,0.004638671875,-0.008007812313735485,0.0016003802884370089,0.003630370832979679,-0.0234375,-2.34375,-0.17851562798023224,0.0,0.0,0.0,0.0,-0.04984326660633087,-0.018798828125,-0.006700124533381313,0.35639286108533574,1.0,9.495598938101049,-0.012477767304517329,2.7629653364419937,2.553266763687134,0.13539811968803406,2.603482484817505,2.752126693725586,2.9631083011627197,3.0472681522369385,0.0,0.0,0.0,0.7102005928754807,0.006131776817710488,0.0435791015625,11.461296916007996,5.968000000000001e-05,0.005,0.0,0.0,0.0,0.0,0.0,0.0,0.0,0.0,0.0,,0.0,0.0,0.0,0.0,0.0,0.0,0.0,0.0,0.0,0.0,0.0,0.0,0.0,0.0,0.0,0.0,0.0,0.0,0.0,,,,,0.0,,1.66171395778656,,,,,,,0.0,{},{},0.0,0.0,0.0,0.0,0.0,0.0,0.0,0,0,0.0,0.0,,0.0
431,42404-1785547340678310400,42404,882688,4519,3686,151,682,0.8156671830050897,0.86,0.81,-0.047271162271499634,0.12914735078811646,-6.491817474365234,3.902446746826172,13,10,0,3,0.7692307692307693,1.3846153846153846,1.7692307692307692,0.38461538461538464,0.7994070649147034,0.004150390625,-0.005908203311264515,0.0026391532737761736,0.00435790978372097,-0.02197265625,-2.197265625,-0.17070314288139343,0.0,0.0,0.0,0.0,-0.047271162271499634,-0.017822265625,-0.004158937546890229,0.2333431838134449,1.0,9.577545802939433,-0.013902910053730011,3.029705226421356,2.8478903770446777,0.11816872656345367,2.8696494102478027,3.016143798828125,3.1777637004852295,3.2291622161865234,0.0,0.0,0.0,0.6794193051755428,0.005545545780478278,0.0391845703125,8.084321051836014,5.865599999999999e-05,0.005,0.0,0.0,0.0,0.0,0.0,0.0,0.0,0.0,0.0,,0.0,0.0,0.0,0.0,0.0,0.0,0.0,0.0,0.0,0.0,0.0,0.0,0.0,0.0,0.0,0.0,0.0,0.0,0.0,,,,,0.0,,1.7478123903274536,,,,,,,0.0,{},{},0.0,0.0,0.0,0.0,0.0,0.0,0.0,0,0,0.0,0.0,,0.0
432,42404-1785547340678310400,42404,884736,4527,3694,151,682,0.8159929313010824,0.92,0.815,-0.04923618212342262,0.1314380168914795,-7.20368766784668,3.6362133026123047,8,8,0,0,1.0,1.625,2.25,0.625,0.7557591795921326,0.00390625,-0.008642577566206455,0.0018154163844883442,0.0040039061568677425,-0.02197265625,-2.197265625,-0.17470704019069672,0.0,0.0,0.0,0.0,-0.04923618212342262,-0.01806640625,-0.0071877469308674335,0.39782948539541657,1.0,9.669735532220997,-0.014530640910379589,3.211060270667076,2.926318407058716,0.15590928494930267,2.977219581604004,3.2320001125335693,3.37106990814209,3.4709482192993164,0.0,0.0,0.0,0.6655145734548569,0.006598763322472223,0.04736328125,5.493936270475388,5.763200000000002e-05,0.005,0.0,0.0,0.0,0.0,0.0,0.0,0.0,0.0,0.0,,0.0,0.0,0.0,0.0,0.0,0.0,0.0,0.0,0.0,0.0,0.0,0.0,0.0,0.0,0.0,0.0,0.0,0.0,0.0,,,,,0.0,,1.7970430850982666,,,,,,,0.0,{},{},0.0,0.0,0.0,0.0,0.0,0.0,0.0,0,0,0.0,0.0,,0.0
433,42404-1785547340678310400,42404,886784,4539,3705,151,683,0.8162590879048248,0.9,0.82,-0.04706278070807457,0.12948763370513916,-6.325776100158691,2.9670228958129883,12,11,0,1,0.9166666666666666,1.3333333333333333,1.75,0.4166666666666667,0.6488745808601379,0.005126953125,-0.005664062686264515,0.002390052657574415,0.004317016340792179,-0.021728515625,-2.1728515625,-0.17148438096046448,0.0,0.0,0.0,0.0,-0.04706278070807457,-0.0166015625,-0.003987295436672866,0.24016144716653626,1.0,10.32878996603473,-0.01013035315554589,3.034982308745384,2.7445263862609863,0.16089875996112823,2.831973075866699,3.0420455932617188,3.2454943656921387,3.2681400775909424,0.0,0.0,0.0,0.6566661074757576,0.004438667147041997,0.0347900390625,7.7062671184539795,5.660799999999999e-05,0.005,0.0,0.0,0.0,0.0,0.0,0.0,0.0,0.0,0.0,,0.0,0.0,0.0,0.0,0.0,0.0,0.0,0.0,0.0,0.0,0.0,0.0,0.0,0.0,0.0,0.0,0.0,0.0,0.0,,,,,0.0,,1.7581342458724976,,,,,,,0.0,{},{},0.0,0.0,0.0,0.0,0.0,0.0,0.0,0,0,0.0,0.0,,0.0
434,42404-1785547340678310400,42404,888832,4549,3714,151,684,0.8164431743240272,0.9,0.825,-0.05160033702850342,0.12798786163330078,-7.81288480758667,3.358159303665161,10,9,0,1,0.9,1.6,2.3,0.7,0.7941917777061462,0.004150390625,-0.01015624962747097,0.0013270661002025008,0.0025292967911809683,-0.02978515625,-2.978515625,-0.17626953125,0.0,0.0,0.0,0.0,-0.05160033702850342,-0.025634765625,-0.009192158904625103,0.3585677540935586,1.0,6.875922249737762,-0.008873274331563152,2.44682015478611,2.206990957260132,0.14470472931861877,2.244372844696045,2.446927070617676,2.621636152267456,2.6986939907073975,0.0,0.0,0.0,0.7315995581448078,0.002540735909860814,0.0181884765625,11.41823199391365,5.558400000000002e-05,0.005,0.0,0.0,0.0,0.0,0.0,0.0,0.0,0.0,0.0,,0.0,0.0,0.0,0.0,0.0,0.0,0.0,0.0,0.0,0.0,0.0,0.0,0.0,0.0,0.0,0.0,0.0,0.0,0.0,,,,,0.0,,1.5234655141830444,,,,,,,0.0,{},{},0.0,0.0,0.0,0.0,0.0,0.0,0.0,0,0,0.0,0.0,,0.0
435,42404-1785547340678310400,42404,890880,4558,3720,151,687,0.8161474330846863,0.86,0.82,-0.04710463434457779,0.12690715491771698,-7.526055335998535,3.095393419265747,9,6,0,3,0.6666666666666666,1.1111111111111112,1.2222222222222223,0.1111111111111111,0.6543314456939697,0.002197265625,-0.00429687462747097,0.001832899870350957,0.003288533538579941,-0.02099609375,-2.099609375,-0.17050781846046448,0.0,0.0,0.0,0.0,-0.04710463434457779,-0.018798828125,-0.0030165162752382457,0.16045446028450036,1.0,9.069647729051484,-0.01146115647861734,3.3202520310878754,2.864431381225586,0.259530633687973,2.998478412628174,3.3167030811309814,3.6159915924072266,3.813504457473755,0.0,0.0,0.0,0.6382392309606075,0.004186709895293461,0.033935546875,10.48338708281517,5.456e-05,0.005,0.0,0.0,0.0,0.0,0.0,0.0,0.0,0.0,0.0,,0.0,0.0,0.0,0.0,0.0,0.0,0.0,0.0,0.0,0.0,0.0,0.0,0.0,0.0,0.0,0.0,0.0,0.0,0.0,,,,,0.0,,1.8198927640914917,,,,,,,0.0,{},{},0.0,0.0,0.0,0.0,0.0,0.0,0.0,0,0,0.0,0.0,,0.0
436,42404-1785547340678310400,42404,892928,4567,3728,151,688,0.8162907816947668,0.88,0.82,-0.04573372006416321,0.1325746327638626,-6.531893253326416,2.995852470397949,9,8,0,1,0.8888888888888888,1.7777777777777777,2.0,0.2222222222222222,0.6270337104797363,0.003662109375,-0.0039062497671693563,0.002365069929510355,0.0031616189517080784,-0.0166015625,-1.66015625,-0.17070314288139343,0.0,0.0,0.0,0.0,-0.04573372006416321,-0.012939453125,-0.002524577546864748,0.19509189689713807,1.0,13.191434738216977,-0.01409619566402398,3.3047510534524918,3.0209150314331055,0.17016050219535828,3.1187007427215576,3.265740394592285,3.513425827026367,3.6043872833251953,0.0,0.0,0.0,0.6715547032654285,0.006752749124643742,0.0477294921875,5.864977121353149,5.353599999999998e-05,0.005,0.0,0.0,0.0,0.0,0.0,0.0,0.0,0.0,0.0,,0.0,0.0,0.0,0.0,0.0,0.0,0.0,0.0,0.0,0.0,0.0,0.0,0.0,0.0,0.0,0.0,0.0,0.0,0.0,,,,,0.0,,1.829595923423767,,,,,,,0.0,{},{},0.0,0.0,0.0,0.0,0.0,0.0,0.0,0,0,0.0,0.0,,0.0
437,42404-1785547340678310400,42404,894976,4581,3739,151,691,0.8161973368260205,0.82,0.815,-0.04834911599755287,0.13307656347751617,-7.501607894897461,3.088122844696045,14,11,0,3,0.7857142857142857,1.6428571428571428,2.0,0.35714285714285715,0.7290739417076111,0.004638671875,-0.005859375,0.0012199885677546263,0.0022778320126235485,-0.01953125,-1.953125,-0.17705078423023224,0.0,0.0,0.0,0.0,-0.04834911599755287,-0.014892578125,-0.004984919854905456,0.3347026357983036,1.0,11.8877265586729,-0.006879997265059501,2.607280522584915,2.3413145542144775,0.153492733836174,2.430208683013916,2.6112308502197266,2.7964024543762207,2.859907627105713,0.0,0.0,0.0,0.6679246500134468,0.0035836601982737193,0.026123046875,9.777918189764023,5.2512e-05,0.005,0.0,0.0,0.0,0.0,0.0,0.0,0.0,0.0,0.0,,0.0,0.0,0.0,0.0,0.0,0.0,0.0,0.0,0.0,0.0,0.0,0.0,0.0,0.0,0.0,0.0,0.0,0.0,0.0,,,,,0.0,,1.6073851585388184,,,,,,,0.0,{},{},0.0,0.0,0.0,0.0,0.0,0.0,0.0,0,0,0.0,0.0,,0.0
438,42404-1785547340678310400,42404,897024,4586,3744,151,691,0.8163977322285216,0.82,0.82,-0.048921409994363785,0.12932372093200684,-7.697134971618652,3.1345462799072266,5,5,0,0,1.0,2.0,2.6,0.6,0.717928946018219,0.00244140625,-0.00624999962747097,0.0014260283205658197,0.0034570253919810057,-0.020263671875,-2.0263671875,-0.1767578125,0.0,0.0,0.0,0.0,-0.048921409994363785,-0.017822265625,-0.005029236199334264,0.28217254374978007,1.0,9.91725176625706,-0.008745126833673567,2.8698172718286514,2.5662662982940674,0.16300489008426666,2.6653103828430176,2.8619537353515625,3.0548858642578125,3.2280430793762207,0.0,0.0,0.0,0.6282850541174412,0.0033095158250944223,0.02783203125,10.572636216878891,5.148799999999998e-05,0.005,0.0,0.0,0.0,0.0,0.0,0.0,0.0,0.0,0.0,,0.0,0.0,0.0,0.0,0.0,0.0,0.0,0.0,0.0,0.0,0.0,0.0,0.0,0.0,0.0,0.0,0.0,0.0,0.0,,,,,0.0,,1.664768934249878,,,,,,,0.0,{},{},0.0,0.0,0.0,0.0,0.0,0.0,0.0,0,0,0.0,0.0,,0.0
439,42404-1785547340678310400,42404,899072,4601,3755,152,694,0.8161269289284938,0.78,0.825,-0.04719071090221405,0.1278630495071411,-6.597043991088867,3.637911558151245,15,11,1,3,0.7333333333333333,1.2,1.6666666666666667,0.4666666666666667,0.772805392742157,0.004150390625,-0.007568358909338713,0.0023599020205438137,0.003986815921962261,-0.0244140625,-2.44140625,-0.16630859673023224,0.0,0.0,0.0,0.0,-0.04719071090221405,-0.020263671875,-0.005981679423712194,0.29517770929672127,1.0,8.20682406091178,-0.016818775446154177,2.9869238287210464,2.7775957584381104,0.16899357736110687,2.7858448028564453,2.9890236854553223,3.1839919090270996,3.3077681064605713,0.0,0.0,0.0,0.5902503579854965,0.008892821420886321,0.05712890625,4.588893190026283,5.046400000000001e-05,0.005,0.0,0.0,0.0,0.0,0.0,0.0,0.0,0.0,0.0,,0.0,0.0,0.0,0.0,0.0,0.0,0.0,0.0,0.0,0.0,0.0,0.0,0.0,0.0,0.0,0.0,0.0,0.0,0.0,,,,,0.0,,1.7340081930160522,,,,,,,0.0,{},{},0.0,0.0,0.0,0.0,0.0,0.0,0.0,0,0,0.0,0.0,,0.0
440,42404-1785547340678310400,42404,901120,4610,3763,152,695,0.8162689804772234,0.82,0.835,-0.04269402101635933,0.1268380731344223,-6.459320068359375,3.8857898712158203,9,8,0,1,0.8888888888888888,1.6666666666666667,2.3333333333333335,0.6666666666666666,0.7467373609542847,0.003662109375,-0.001904296805150807,0.002391164656728506,0.004082031082361937,-0.014892578125,-1.4892578125,-0.16191406548023224,0.0,0.0,0.0,0.0,-0.04269402101635933,-0.01123046875,-0.00028599787037819624,0.025463977752526467,1.0,14.416107909326842,-0.009436470601940528,3.8995957523584366,3.4350624084472656,0.2833678424358368,3.616168975830078,3.9101123809814453,4.1346635818481445,4.7023701667785645,0.0,0.0,0.0,0.6222745589911938,0.0031170225447567645,0.0211181640625,11.233059525489807,5e-05,0.005,0.0,0.0,0.0,0.0,0.0,0.0,0.0,0.0,0.0,,0.0,0.0,0.0,0.0,0.0,0.0,0.0,0.0,0.0,0.0,0.0,0.0,0.0,0.0,0.0,0.0,0.0,0.0,0.0,,,,,0.0,,1.9555318355560303,,,,,,,0.0,{},{},0.0,0.0,0.0,0.0,0.0,0.0,0.0,0,0,0.0,0.0,,0.0
441,42404-1785547340678310400,42404,903168,4621,3772,152,697,0.8162735338671283,0.8,0.835,-0.05285358428955078,0.1270325779914856,-7.420229911804199,3.5815346240997314,11,9,0,2,0.8181818181818182,1.5454545454545454,2.090909090909091,0.5454545454545454,0.7325912117958069,0.00390625,-0.01176757737994194,0.0011374609312042594,0.003208007663488388,-0.031494140625,-3.1494140625,-0.17802734673023224,0.0,0.0,0.0,0.0,-0.05285358428955078,-0.027587890625,-0.010681210231268778,0.3871562063314671,1.0,6.452863551132086,-0.010150323389098048,3.4709553867578506,2.725735664367676,0.2708299160003662,3.2229466438293457,3.4538090229034424,3.781831741333008,3.847181797027588,0.0,0.0,0.0,0.6722263917326927,0.00362218764530553,0.02880859375,10.674752056598663,5e-05,0.005,0.0,0.0,0.0,0.0,0.0,0.0,0.0,0.0,0.0,,0.0,0.0,0.0,0.0,0.0,0.0,0.0,0.0,0.0,0.0,0.0,0.0,0.0,0.0,0.0,0.0,0.0,0.0,0.0,,,,,0.0,,1.8520681858062744,,,,,,,0.0,{},{},0.0,0.0,0.0,0.0,0.0,0.0,0.0,0,0,0.0,0.0,,0.0
442,42404-1785547340678310400,42404,905216,4631,3779,153,699,0.8160224573526236,0.8,0.825,-0.04748019576072693,0.13410288095474243,-7.137895584106445,3.7247703075408936,10,7,1,2,0.7,0.9,1.5,0.6,0.8022685647010803,0.00244140625,-0.0033203130587935448,0.0014660628512501717,0.003496093675494194,-0.015869140625,-1.5869140625,-0.1787109375,0.0,0.0,0.0,0.0,-0.04748019576072693,-0.013427734375,-0.0020797739271074533,0.15487490250602662,1.0,13.308099818602601,-0.01224184688180685,2.758723095059395,2.4613187313079834,0.1660757064819336,2.557621955871582,2.7810275554656982,2.9593963623046875,3.0608229637145996,0.0,0.0,0.0,0.6325079277157784,0.003893353527018917,0.029296875,7.802166432142258,5e-05,0.005,0.0,0.0,0.0,0.0,0.0,0.0,0.0,0.0,0.0,,0.0,0.0,0.0,0.0,0.0,0.0,0.0,0.0,0.0,0.0,0.0,0.0,0.0,0.0,0.0,0.0,0.0,0.0,0.0,,,,,0.0,,1.6562937498092651,,,,,,,0.0,{},{},0.0,0.0,0.0,0.0,0.0,0.0,0.0,0,0,0.0,0.0,,0.0
443,42404-1785547340678310400,42404,907264,4640,3786,153,701,0.815948275862069,0.78,0.825,-0.05202194303274155,0.13000766932964325,-8.123849868774414,3.075653553009033,9,7,0,2,0.7777777777777778,1.4444444444444444,1.5555555555555556,0.1111111111111111,0.6625186800956726,0.0029296875,-0.00913085974752903,0.0014503891579806805,0.0025341794826090336,-0.026611328125,-2.6611328125,-0.18076172471046448,0.0,0.0,0.0,0.0,-0.05202194303274155,-0.023681640625,-0.008134717587381601,0.34348862173732375,1.0,7.632667639251671,-0.013179085508454591,3.1982902586460114,2.8535618782043457,0.2139633446931839,2.960236072540283,3.1361546516418457,3.518082618713379,3.6322929859161377,0.0,0.0,0.0,0.6734498329460621,0.00532806416049425,0.033203125,8.423216611146927,5e-05,0.005,0.0,0.0,0.0,0.0,0.0,0.0,0.0,0.0,0.0,,0.0,0.0,0.0,0.0,0.0,0.0,0.0,0.0,0.0,0.0,0.0,0.0,0.0,0.0,0.0,0.0,0.0,0.0,0.0,,,,,0.0,,1.7867438793182373,,,,,,,0.0,{},{},0.0,0.0,0.0,0.0,0.0,0.0,0.0,0,0,0.0,0.0,,0.0
444,42404-1785547340678310400,42404,909312,4652,3795,153,704,0.8157781599312124,0.78,0.825,-0.04988642781972885,0.12895090878009796,-7.257944107055664,3.2673699855804443,12,9,0,3,0.75,1.3333333333333333,1.5,0.16666666666666666,0.6266517639160156,0.003662109375,-0.00898437388241291,0.00166721036657691,0.0026635739486664534,-0.024658203125,-2.4658203125,-0.17500001192092896,0.0,0.0,0.0,0.0,-0.04988642781972885,-0.02099609375,-0.00790167780360207,0.3763224519394294,1.0,8.33448733451166,-0.012325513933319598,3.9672215580940247,3.6304261684417725,0.20083045959472656,3.6961867809295654,3.973867177963257,4.207680702209473,4.333488941192627,0.0,0.0,0.0,0.5997712127864361,0.00482948352873791,0.037353515625,5.970958054065704,5e-05,0.005,0.0,0.0,0.0,0.0,0.0,0.0,0.0,0.0,0.0,,0.0,0.0,0.0,0.0,0.0,0.0,0.0,0.0,0.0,0.0,0.0,0.0,0.0,0.0,0.0,0.0,0.0,0.0,0.0,,,,,0.0,,1.9964357614517212,,,,,,,0.0,{},{},0.0,0.0,0.0,0.0,0.0,0.0,0.0,0,0,0.0,0.0,,0.0
445,42404-1785547340678310400,42404,911360,4659,3802,153,704,0.8160549474136081,0.8,0.83,-0.04621440917253494,0.1287928819656372,-6.710859298706055,3.5783958435058594,7,7,0,0,1.0,2.0,2.4285714285714284,0.42857142857142855,0.7987028956413269,0.00341796875,-0.004150390159338713,0.0011607736814767122,0.003137206891551614,-0.01953125,-1.953125,-0.16904297471046448,0.0,0.0,0.0,0.0,-0.04621440917253494,-0.01611328125,-0.003075895016081631,0.19088006274444483,1.0,10.49025842902329,-0.011941856573685072,2.573264569044113,2.291034698486328,0.13928517699241638,2.4329476356506348,2.5601110458374023,2.741461992263794,2.857323169708252,0.0,0.0,0.0,0.573483694344759,0.007266095843078801,0.0509033203125,4.405669927597046,5e-05,0.005,0.0,0.0,0.0,0.0,0.0,0.0,0.0,0.0,0.0,,0.0,0.0,0.0,0.0,0.0,0.0,0.0,0.0,0.0,0.0,0.0,0.0,0.0,0.0,0.0,0.0,0.0,0.0,0.0,,,,,0.0,,1.6054881811141968,,,,,,,0.0,{},{},0.0,0.0,0.0,0.0,0.0,0.0,0.0,0,0,0.0,0.0,,0.0
446,42404-1785547340678310400,42404,913408,4670,3810,153,707,0.815845824411135,0.78,0.83,-0.052430637180805206,0.13119162619113922,-7.757564067840576,3.0039515495300293,11,8,0,3,0.7272727272727273,1.3636363636363635,1.5454545454545454,0.18181818181818182,0.7603715658187866,0.003173828125,-0.009814453311264515,0.0011484535643830895,0.002221984788775444,-0.029541015625,-2.9541015625,-0.18017578125,0.0,0.0,0.0,0.0,-0.052430637180805206,-0.0263671875,-0.008971843722974882,0.34025257606253295,1.0,6.833074182668035,-0.014933336700778455,2.1649586483836174,1.9650086164474487,0.10779378563165665,2.0349509716033936,2.1487598419189453,2.298262596130371,2.388312816619873,0.0,0.0,0.0,0.6400820054113865,0.006996755491854856,0.0465087890625,5.338408380746841,5e-05,0.005,0.0,0.0,0.0,0.0,0.0,0.0,0.0,0.0,0.0,,0.0,0.0,0.0,0.0,0.0,0.0,0.0,0.0,0.0,0.0,0.0,0.0,0.0,0.0,0.0,0.0,0.0,0.0,0.0,,,,,0.0,,1.4704900979995728,,,,,,,0.0,{},{},0.0,0.0,0.0,0.0,0.0,0.0,0.0,0,0,0.0,0.0,,0.0
447,42404-1785547340678310400,42404,915456,4679,3816,153,710,0.815558880102586,0.78,0.83,-0.04704051837325096,0.13025788962841034,-6.665866374969482,3.2754275798797607,9,6,0,3,0.6666666666666666,1.1111111111111112,1.4444444444444444,0.3333333333333333,0.7060099840164185,0.002197265625,-0.0034667965956032276,0.0017207127530127764,0.0028378295246511698,-0.0166015625,-1.66015625,-0.17519530653953552,0.0,0.0,0.0,0.0,-0.04704051837325096,-0.014404296875,-0.002327161026187241,0.16154898065488438,1.0,12.161867128443719,-0.013507014868082479,3.1254593431949615,2.659489631652832,0.26478511095046997,2.810678005218506,3.12007737159729,3.42081880569458,3.7233893871307373,0.0,0.0,0.0,0.610770370811224,0.0070585366047453135,0.048583984375,4.799646809697151,5e-05,0.005,0.0,0.0,0.0,0.0,0.0,0.0,0.0,0.0,0.0,,0.0,0.0,0.0,0.0,0.0,0.0,0.0,0.0,0.0,0.0,0.0,0.0,0.0,0.0,0.0,0.0,0.0,0.0,0.0,,,,,0.0,,1.775964617729187,,,,,,,0.0,{},{},0.0,0.0,0.0,0.0,0.0,0.0,0.0,0,0,0.0,0.0,,0.0
448,42404-1785547340678310400,42404,917504,4691,3828,153,710,0.8160306970795139,0.82,0.83,-0.050374746322631836,0.13568881154060364,-7.165028095245361,3.620227336883545,12,12,0,0,1.0,1.75,2.25,0.5,0.8006387948989868,0.005859375,-0.00722656212747097,0.001236251788213849,0.003276366973295808,-0.02294921875,-2.294921875,-0.18310546875,0.0,0.0,0.0,0.0,-0.050374746322631836,-0.01708984375,-0.006098407437093556,0.35682307592880286,1.0,10.713658812192932,-0.009832726093009114,2.6579397320747375,2.3282253742218018,0.1378265768289566,2.5019702911376953,2.6536524295806885,2.7801413536071777,2.936099052429199,0.0,0.0,0.0,0.5963689386844635,0.0038389142055166303,0.0303955078125,9.777694821357727,5e-05,0.005,0.0,0.0,0.0,0.0,0.0,0.0,0.0,0.0,0.0,,0.0,0.0,0.0,0.0,0.0,0.0,0.0,0.0,0.0,0.0,0.0,0.0,0.0,0.0,0.0,0.0,0.0,0.0,0.0,,,,,0.0,,1.6164273023605347,,,,,,,0.0,{},{},0.0,0.0,0.0,0.0,0.0,0.0,0.0,0,0,0.0,0.0,,0.0
449,42404-1785547340678310400,42404,919552,4700,3834,153,713,0.8157446808510638,0.8,0.82,-0.0501001700758934,0.13040666282176971,-7.300684928894043,3.1771528720855713,9,6,0,3,0.6666666666666666,1.3333333333333333,1.6666666666666667,0.3333333333333333,0.7060097455978394,0.002197265625,-0.007568359375,0.0020515606738626957,0.0032666013576090336,-0.023681640625,-2.3681640625,-0.17744140326976776,0.0,0.0,0.0,0.0,-0.0501001700758934,-0.021484375,-0.006238818867132068,0.2903751443543372,1.0,8.258706365132921,-0.013984427379909903,2.9560509473085403,2.6342995166778564,0.20174649357795715,2.7134156227111816,2.9403059482574463,3.2746939659118652,3.3181331157684326,0.0,0.0,0.0,0.6147508919239044,0.005256977057797485,0.0362548828125,4.965637043118477,5e-05,0.005,0.0,0.0,0.0,0.0,0.0,0.0,0.0,0.0,0.0,,0.0,0.0,0.0,0.0,0.0,0.0,0.0,0.0,0.0,0.0,0.0,0.0,0.0,0.0,0.0,0.0,0.0,0.0,0.0,,,,,0.0,,1.7226799726486206,,,,,,,0.0,{},{},0.0,0.0,0.0,0.0,0.0,0.0,0.0,0,0,0.0,0.0,,0.0
450,42404-1785547340678310400,42404,921600,4711,3844,153,714,0.8159626406283167,0.8,0.83,-0.04840227961540222,0.126506045460701,-6.957489490509033,3.0953359603881836,11,10,0,1,0.9090909090909091,1.7272727272727273,1.9090909090909092,0.18181818181818182,0.6814392805099487,0.004638671875,-0.00732421875,0.002149841282516718,0.003236421151086688,-0.0263671875,-2.63671875,-0.16982422769069672,0.0,0.0,0.0,0.0,-0.04840227961540222,-0.021728515625,-0.0059776531415991485,0.2750937133049485,1.0,7.81537106585627,-0.011882020306074992,3.047373965382576,2.6686878204345703,0.17554549872875214,2.8255443572998047,3.0559329986572266,3.2731900215148926,3.34340763092041,0.0,0.0,0.0,0.5912259668111801,0.0072449487197445706,0.0535888671875,5.772606253623962,5e-05,0.005,0.0,0.0,0.0,0.0,0.0,0.0,0.0,0.0,0.0,,0.0,0.0,0.0,0.0,0.0,0.0,0.0,0.0,0.0,0.0,0.0,0.0,0.0,0.0,0.0,0.0,0.0,0.0,0.0,,,,,0.0,,1.7470442056655884,,,,,,,0.0,{},{},0.0,0.0,0.0,0.0,0.0,0.0,0.0,0,0,0.0,0.0,,0.0
451,42404-1785547340678310400,42404,923648,4722,3852,153,717,0.8157560355781448,0.8,0.815,-0.04772038757801056,0.12704038619995117,-7.15999698638916,3.4449212551116943,11,8,0,3,0.7272727272727273,1.7272727272727273,2.090909090909091,0.36363636363636365,0.7159507870674133,0.003173828125,-0.005126952659338713,0.0016425609355792403,0.0028735350351780653,-0.020751953125,-2.0751953125,-0.1728515625,0.0,0.0,0.0,0.0,-0.04772038757801056,-0.017578125,-0.003997928666649386,0.22742478175958053,1.0,9.83277395774818,-0.012304922594921663,3.336966559290886,2.9756627082824707,0.1922207772731781,3.091146469116211,3.3478307723999023,3.5926547050476074,3.7022247314453125,0.0,0.0,0.0,0.603662233799696,0.00497367545904126,0.036376953125,5.743724495172501,5e-05,0.005,0.0,0.0,0.0,0.0,0.0,0.0,0.0,0.0,0.0,,0.0,0.0,0.0,0.0,0.0,0.0,0.0,0.0,0.0,0.0,0.0,0.0,0.0,0.0,0.0,0.0,0.0,0.0,0.0,,,,,0.0,,1.8360145092010498,,,,,,,0.0,{},{},0.0,0.0,0.0,0.0,0.0,0.0,0.0,0,0,0.0,0.0,,0.0
452,42404-1785547340678310400,42404,925696,4731,3860,153,718,0.8158951595857112,0.84,0.81,-0.047506771981716156,0.12396524101495743,-7.828507423400879,3.422250747680664,9,8,0,1,0.8888888888888888,1.4444444444444444,1.5555555555555556,0.1111111111111111,0.8162708878517151,0.003662109375,-0.00541992112994194,0.0011040214449167252,0.002558593638241291,-0.020751953125,-2.0751953125,-0.17236328125,0.0,0.0,0.0,0.0,-0.047506771981716156,-0.01708984375,-0.004504267359152436,0.2635485658308962,1.0,10.085124161877612,-0.004676728625781834,2.138126239180565,1.845113754272461,0.2183404564857483,1.8928353786468506,2.119198799133301,2.442495346069336,2.515577793121338,0.0,0.0,0.0,0.6269545927643776,0.010183499965933152,0.01220703125,4.247974276542664,5e-05,0.005,0.0,0.0,0.0,0.0,0.0,0.0,0.0,0.0,0.0,,0.0,0.0,0.0,0.0,0.0,0.0,0.0,0.0,0.0,0.0,0.0,0.0,0.0,0.0,0.0,0.0,0.0,0.0,0.0,,,,,0.0,,1.4669009447097778,,,,,,,0.0,{},{},0.0,0.0,0.0,0.0,0.0,0.0,0.0,0,0,0.0,0.0,,0.0
453,42404-1785547340678310400,42404,927744,4741,3866,153,722,0.8154397806369964,0.76,0.8,-0.051455624401569366,0.1271318644285202,-7.031874656677246,3.412593364715576,10,6,0,4,0.6,0.8,1.3,0.5,0.7778668403625488,0.001953125,-0.01005859300494194,0.0016440374311059713,0.004338547587394714,-0.0302734375,-3.02734375,-0.17421874403953552,0.0,0.0,0.0,0.0,-0.051455624401569366,-0.0283203125,-0.008562946750316769,0.30234992641378355,1.0,6.15150671564164,-0.011487747833598405,2.6161164939403534,2.2902467250823975,0.16216138005256653,2.4219231605529785,2.635822296142578,2.7778401374816895,2.947093963623047,0.0,0.0,0.0,0.6119634918868542,0.004810969207028393,0.0416259765625,10.588139802217484,5e-05,0.005,0.0,0.0,0.0,0.0,0.0,0.0,0.0,0.0,0.0,,0.0,0.0,0.0,0.0,0.0,0.0,0.0,0.0,0.0,0.0,0.0,0.0,0.0,0.0,0.0,0.0,0.0,0.0,0.0,,,,,0.0,,1.6083896160125732,,,,,,,0.0,{},{},0.0,0.0,0.0,0.0,0.0,0.0,0.0,0,0,0.0,0.0,,0.0
454,42404-1785547340678310400,42404,929792,4751,3875,154,722,0.8156177646811198,0.8,0.795,-0.04347573220729828,0.12945176661014557,-6.187041282653809,3.161252021789551,10,9,1,0,0.9,1.3,2.2,0.9,0.706075131893158,0.00390625,-0.00209960900247097,0.0022880423348397017,0.0046801757998764515,-0.01220703125,-1.220703125,-0.16884765028953552,0.0,0.0,0.0,0.0,-0.04347573220729828,-0.00830078125,-0.00035755446879193187,0.04306960856044381,1.0,20.3387255342985,-0.01023726019775495,2.987215608358383,2.7543234825134277,0.16810746490955353,2.808243751525879,2.949957847595215,3.2378368377685547,3.2962398529052734,0.0,0.0,0.0,0.5933727622032166,0.004016442261672637,0.029296875,11.476319521665573,5e-05,0.005,0.0,0.0,0.0,0.0,0.0,0.0,0.0,0.0,0.0,,0.0,0.0,0.0,0.0,0.0,0.0,0.0,0.0,0.0,0.0,0.0,0.0,0.0,0.0,0.0,0.0,0.0,0.0,0.0,,,,,0.0,,1.7138677835464478,,,,,,,0.0,{},{},0.0,0.0,0.0,0.0,0.0,0.0,0.0,0,0,0.0,0.0,,0.0
455,42404-1785547340678310400,42404,931840,4764,3886,155,723,0.8157010915197314,0.78,0.805,-0.05179594084620476,0.133609339594841,-7.409654140472412,3.723924398422241,13,11,1,1,0.8461538461538461,1.2307692307692308,2.0,0.7692307692307693,0.7940869331359863,0.004638671875,-0.00961914099752903,0.0013096164911985397,0.0035766600631177425,-0.028076171875,-2.8076171875,-0.18046875298023224,0.0,0.0,0.0,0.0,-0.05179594084620476,-0.0234375,-0.00839757185894996,0.35828111265439166,1.0,7.699671607834641,-0.009753571939654648,2.8620991110801697,2.4974143505096436,0.20769615471363068,2.6046948432922363,2.8402562141418457,3.1396584510803223,3.3010823726654053,0.0,0.0,0.0,0.656805906444788,0.0023588315398228588,0.0140380859375,11.074738562107086,5e-05,0.005,0.0,0.0,0.0,0.0,0.0,0.0,0.0,0.0,0.0,,0.0,0.0,0.0,0.0,0.0,0.0,0.0,0.0,0.0,0.0,0.0,0.0,0.0,0.0,0.0,0.0,0.0,0.0,0.0,,,,,0.0,,1.6898292303085327,,,,,,,0.0,{},{},0.0,0.0,0.0,0.0,0.0,0.0,0.0,0,0,0.0,0.0,,0.0
456,42404-1785547340678310400,42404,933888,4770,3891,155,724,0.8157232704402516,0.82,0.8,-0.05527690798044205,0.12710823118686676,-8.715543746948242,2.9315662384033203,6,5,0,1,0.8333333333333334,1.1666666666666667,1.3333333333333333,0.16666666666666666,0.6989529132843018,0.002197265625,-0.01274413987994194,0.00044110024464316666,0.0021630856208503246,-0.03369140625,-3.369140625,-0.18349610269069672,0.0,0.0,0.0,0.0,-0.05527690798044205,-0.031494140625,-0.012093093413568567,0.3839669604132325,1.0,5.826171880783488,-0.012891780643258244,2.5796477049589157,2.343142032623291,0.13892361521720886,2.397306442260742,2.5844247341156006,2.7701518535614014,2.84080171585083,0.0,0.0,0.0,0.5981850512325764,0.00457603652466787,0.0328369140625,6.018953919410706,5e-05,0.005,0.0,0.0,0.0,0.0,0.0,0.0,0.0,0.0,0.0,,0.0,0.0,0.0,0.0,0.0,0.0,0.0,0.0,0.0,0.0,0.0,0.0,0.0,0.0,0.0,0.0,0.0,0.0,0.0,,,,,0.0,,1.6084847450256348,,,,,,,0.0,{},{},0.0,0.0,0.0,0.0,0.0,0.0,0.0,0,0,0.0,0.0,,0.0
457,42404-1785547340678310400,42404,935936,4782,3900,156,726,0.8155583437892095,0.8,0.8,-0.050346918404102325,0.12615320086479187,-8.2843599319458,2.7133121490478516,12,9,1,2,0.75,1.0833333333333333,1.3333333333333333,0.25,0.5870115756988525,0.00341796875,-0.00830078125,0.0016857886221259832,0.0027294920291751623,-0.02685546875,-2.685546875,-0.17539063096046448,0.0,0.0,0.0,0.0,-0.050346918404102325,-0.0234375,-0.007196961087174714,0.3070572386106071,1.0,7.483014312369156,-0.011665099125821143,3.0364580005407333,2.668684959411621,0.25745487213134766,2.6949243545532227,3.0093472003936768,3.410402774810791,3.512977123260498,0.0,0.0,0.0,0.6057005934417248,0.006954149386729114,0.057373046875,10.07016435265541,5e-05,0.005,0.0,0.0,0.0,0.0,0.0,0.0,0.0,0.0,0.0,,0.0,0.0,0.0,0.0,0.0,0.0,0.0,0.0,0.0,0.0,0.0,0.0,0.0,0.0,0.0,0.0,0.0,0.0,0.0,,,,,0.0,,1.7436878681182861,,,,,,,0.0,{},{},0.0,0.0,0.0,0.0,0.0,0.0,0.0,0,0,0.0,0.0,,0.0
458,42404-1785547340678310400,42404,937984,4790,3907,157,726,0.8156576200417537,0.82,0.8,-0.0521334633231163,0.1303015947341919,-7.612824440002441,3.264836072921753,8,7,1,0,0.875,1.375,1.75,0.375,0.7178688645362854,0.0029296875,-0.00961914099752903,0.0017031840980052948,0.0037719726096838713,-0.02734375,-2.734375,-0.18115234375,0.0,0.0,0.0,0.0,-0.0521334633231163,-0.0244140625,-0.008250351820606738,0.3379205693455316,1.0,7.419696089248184,-0.009969005943275988,3.0183569937944412,2.6092002391815186,0.29486045241355896,2.709916353225708,2.9581613540649414,3.3931798934936523,3.719942331314087,0.0,0.0,0.0,0.6057419665157795,0.002357931651204126,0.0174560546875,9.80207896232605,5e-05,0.005,0.0,0.0,0.0,0.0,0.0,0.0,0.0,0.0,0.0,,0.0,0.0,0.0,0.0,0.0,0.0,0.0,0.0,0.0,0.0,0.0,0.0,0.0,0.0,0.0,0.0,0.0,0.0,0.0,,,,,0.0,,1.7341508865356445,,,,,,,0.0,{},{},0.0,0.0,0.0,0.0,0.0,0.0,0.0,0,0,0.0,0.0,,0.0
459,42404-1785547340678310400,42404,940032,4803,3916,157,730,0.8153237559858422,0.8,0.795,-0.04363113269209862,0.13654294610023499,-6.390198707580566,3.9541757106781006,13,9,0,4,0.6923076923076923,1.2307692307692308,1.8461538461538463,0.6153846153846154,0.766155481338501,0.00341796875,-0.001904296688735485,0.0027651565615087748,0.004140624776482582,-0.01025390625,-1.025390625,-0.17080079019069672,0.0,0.0,0.0,0.0,-0.04363113269209862,-0.0068359375,-0.00017785135423764586,0.026013307016137834,1.0,24.98206107496181,-0.006222762662218884,3.8660868108272552,3.4197142124176025,0.23041179776191711,3.612100601196289,3.8309335708618164,4.123510360717773,4.301889896392822,0.0,0.0,0.0,0.5834033191204071,0.0017578050174051896,0.011474609375,16.400844007730484,5e-05,0.005,0.0,0.0,0.0,0.0,0.0,0.0,0.0,0.0,0.0,,0.0,0.0,0.0,0.0,0.0,0.0,0.0,0.0,0.0,0.0,0.0,0.0,0.0,0.0,0.0,0.0,0.0,0.0,0.0,,,,,0.0,,1.9121395349502563,,,,,,,0.0,{},{},0.0,0.0,0.0,0.0,0.0,0.0,0.0,0,0,0.0,0.0,,0.0
460,42404-1785547340678310400,42404,942080,4814,3926,157,731,0.8155380141254673,0.8,0.805,-0.04624324291944504,0.13332441449165344,-6.786910057067871,3.176873207092285,11,10,0,1,0.9090909090909091,1.7272727272727273,2.090909090909091,0.36363636363636365,0.7321324348449707,0.004638671875,-0.0037109372206032276,0.001833838177844882,0.003308105282485485,-0.01611328125,-1.611328125,-0.17509765923023224,0.0,0.0,0.0,0.0,-0.04624324291944504,-0.011474609375,-0.002425451355520636,0.2113570858210426,1.0,15.258244987990649,-0.01170449738856405,2.668661415576935,2.2745165824890137,0.14731524884700775,2.553546905517578,2.6602044105529785,2.8366732597351074,2.912498950958252,0.0,0.0,0.0,0.596833772957325,0.004151150784309721,0.0325927734375,7.889483064413071,5e-05,0.005,0.0,0.0,0.0,0.0,0.0,0.0,0.0,0.0,0.0,,0.0,0.0,0.0,0.0,0.0,0.0,0.0,0.0,0.0,0.0,0.0,0.0,0.0,0.0,0.0,0.0,0.0,0.0,0.0,,,,,0.0,,1.6442201137542725,,,,,,,0.0,{},{},0.0,0.0,0.0,0.0,0.0,0.0,0.0,0,0,0.0,0.0,,0.0
461,42404-1785547340678310400,42404,944128,4821,3933,157,731,0.8158058494088364,0.82,0.805,-0.04723420739173889,0.1313427984714508,-6.904384613037109,3.094468116760254,7,7,0,0,1.0,1.5714285714285714,2.142857142857143,0.5714285714285714,0.6996477842330933,0.00341796875,-0.006298827938735485,0.0018558426527306437,0.003964843228459358,-0.019287109375,-1.9287109375,-0.17275390028953552,0.0,0.0,0.0,0.0,-0.04723420739173889,-0.015869140625,-0.004843656468437985,0.3052056426524566,1.0,10.88546751863048,-0.010363572626374662,2.8854519724845886,2.5012941360473633,0.2137906551361084,2.6052398681640625,2.9040818214416504,3.1399893760681152,3.2117810249328613,0.0,0.0,0.0,0.5811700969934464,0.0033300911163678393,0.0255126953125,10.508223161101341,5e-05,0.005,0.0,0.0,0.0,0.0,0.0,0.0,0.0,0.0,0.0,,0.0,0.0,0.0,0.0,0.0,0.0,0.0,0.0,0.0,0.0,0.0,0.0,0.0,0.0,0.0,0.0,0.0,0.0,0.0,,,,,0.0,,1.6959043741226196,,,,,,,0.0,{},{},0.0,0.0,0.0,0.0,0.0,0.0,0.0,0,0,0.0,0.0,,0.0
462,42404-1785547340678310400,42404,946176,4833,3941,157,735,0.8154355472791227,0.8,0.8,-0.04861646145582199,0.13227882981300354,-7.607832431793213,2.4701216220855713,12,8,0,4,0.6666666666666666,1.0833333333333333,1.5,0.4166666666666667,0.5228140950202942,0.0029296875,-0.005126953125,0.0015501744346693158,0.0024462889414280653,-0.023193359375,-2.3193359375,-0.17539063096046448,0.0,0.0,0.0,0.0,-0.04861646145582199,-0.020263671875,-0.004127837280975655,0.20369623088089872,1.0,8.654994862109726,-0.0134090218343772,2.8843988180160522,2.637734889984131,0.13458192348480225,2.7209439277648926,2.900500774383545,3.0357513427734375,3.145549774169922,0.0,0.0,0.0,0.5731530599296093,0.006576604419024079,0.0494384765625,5.748163655400276,5e-05,0.005,0.0,0.0,0.0,0.0,0.0,0.0,0.0,0.0,0.0,,0.0,0.0,0.0,0.0,0.0,0.0,0.0,0.0,0.0,0.0,0.0,0.0,0.0,0.0,0.0,0.0,0.0,0.0,0.0,,,,,0.0,,1.7063263654708862,,,,,,,0.0,{},{},0.0,0.0,0.0,0.0,0.0,0.0,0.0,0,0,0.0,0.0,,0.0
463,42404-1785547340678310400,42404,948224,4843,3949,157,737,0.8154036754078051,0.82,0.8,-0.04566466435790062,0.13011464476585388,-6.991741180419922,3.0908944606781006,10,8,0,2,0.8,1.7,2.1,0.4,0.758962094783783,0.00341796875,-0.002294921549037099,0.002084230538457632,0.004043273627758026,-0.016845703125,-1.6845703125,-0.17177733778953552,0.0,0.0,0.0,0.0,-0.04566466435790062,-0.013427734375,-0.0007630455074831843,0.056821848297463576,1.0,12.791774190524603,-0.010309638106264174,2.3900297731161118,2.155491352081299,0.1430872529745102,2.239537239074707,2.368173599243164,2.588649034500122,2.6685400009155273,0.0,0.0,0.0,0.5880360528826714,0.003939348114727181,0.0308837890625,11.722644180059433,5e-05,0.005,0.0,0.0,0.0,0.0,0.0,0.0,0.0,0.0,0.0,,0.0,0.0,0.0,0.0,0.0,0.0,0.0,0.0,0.0,0.0,0.0,0.0,0.0,0.0,0.0,0.0,0.0,0.0,0.0,,,,,0.0,,1.517493486404419,,,,,,,0.0,{},{},0.0,0.0,0.0,0.0,0.0,0.0,0.0,0,0,0.0,0.0,,0.0
464,42404-1785547340678310400,42404,950272,4855,3960,158,737,0.815653964984552,0.84,0.81,-0.04576396942138672,0.13876833021640778,-6.143374443054199,3.4308695793151855,12,11,1,0,0.9166666666666666,1.5833333333333333,1.8333333333333333,0.25,0.6362439393997192,0.0048828125,-0.0032226559706032276,0.0019155314657837152,0.0034594726748764515,-0.014404296875,-1.4404296875,-0.17490234971046448,0.0,0.0,0.0,0.0,-0.04576396942138672,-0.009521484375,-0.001878904935438186,0.19731247240173982,1.0,18.367302357528363,-0.005445842485642061,4.363829925656319,3.838404655456543,0.2935989201068878,3.937814712524414,4.380759239196777,4.706789970397949,4.795393466949463,0.0,0.0,0.0,0.5539676286280155,0.0020308465082052862,0.0126953125,14.706027626991272,5e-05,0.005,0.0,0.0,0.0,0.0,0.0,0.0,0.0,0.0,0.0,,0.0,0.0,0.0,0.0,0.0,0.0,0.0,0.0,0.0,0.0,0.0,0.0,0.0,0.0,0.0,0.0,0.0,0.0,0.0,,,,,0.0,,2.069232702255249,,,,,,,0.0,{},{},0.0,0.0,0.0,0.0,0.0,0.0,0.0,0,0,0.0,0.0,,0.0
465,42404-1785547340678310400,42404,952320,4865,3969,158,738,0.8158273381294964,0.84,0.81,-0.04813315346837044,0.12910959124565125,-6.587640762329102,3.5693886280059814,10,9,0,1,0.9,1.7,2.2,0.5,0.7921279668807983,0.004150390625,-0.006103515159338713,0.0014108751202002168,0.0034399409778416157,-0.021240234375,-2.1240234375,-0.17490234971046448,0.0,0.0,0.0,0.0,-0.04813315346837044,-0.01708984375,-0.004890811134828255,0.2861655753437132,1.0,10.233687246158603,-0.009097118134377524,2.660523295402527,2.3674802780151367,0.22599808871746063,2.413189172744751,2.66220760345459,2.9673237800598145,3.1939449310302734,0.0,0.0,0.0,0.5346876792609692,0.0056520974649174605,0.0400390625,10.147942006587982,5e-05,0.005,0.0,0.0,0.0,0.0,0.0,0.0,0.0,0.0,0.0,,0.0,0.0,0.0,0.0,0.0,0.0,0.0,0.0,0.0,0.0,0.0,0.0,0.0,0.0,0.0,0.0,0.0,0.0,0.0,,,,,0.0,,1.6273908615112305,,,,,,,0.0,{},{},0.0,0.0,0.0,0.0,0.0,0.0,0.0,0,0,0.0,0.0,,0.0
466,42404-1785547340678310400,42404,954368,4874,3976,159,739,0.8157570783750513,0.8,0.815,-0.051327675580978394,0.1318792700767517,-7.1421966552734375,3.481327533721924,9,7,1,1,0.7777777777777778,1.4444444444444444,1.7777777777777777,0.3333333333333333,0.7160227298736572,0.002685546875,-0.007763672154396772,0.0007362932665273547,0.0030297846533358097,-0.024169921875,-2.4169921875,-0.18105468153953552,0.0,0.0,0.0,0.0,-0.051327675580978394,-0.021484375,-0.006822152674430981,0.31752541784497507,1.0,8.426880216870105,-0.011147343728225678,3.4516016989946365,2.933598279953003,0.2578427195549011,3.077930450439453,3.4764347076416016,3.755307674407959,3.796513795852661,0.0,0.0,0.0,0.5879603400826454,0.004959415724442806,0.0321044921875,6.294580861926079,5e-05,0.005,0.0,0.0,0.0,0.0,0.0,0.0,0.0,0.0,0.0,,0.0,0.0,0.0,0.0,0.0,0.0,0.0,0.0,0.0,0.0,0.0,0.0,0.0,0.0,0.0,0.0,0.0,0.0,0.0,,,,,0.0,,1.8551827669143677,,,,,,,0.0,{},{},0.0,0.0,0.0,0.0,0.0,0.0,0.0,0,0,0.0,0.0,,0.0
467,42404-1785547340678310400,42404,956416,4883,3982,161,740,0.8154822854802376,0.82,0.81,-0.0467303991317749,0.12743684649467468,-6.600423812866211,2.786837339401245,9,6,2,1,0.6666666666666666,1.0,1.4444444444444444,0.4444444444444444,0.6407462358474731,0.001708984375,-0.004833984188735485,0.0016628680750727654,0.004161215387284756,-0.027099609375,-2.7099609375,-0.162109375,0.0,0.0,0.0,0.0,-0.0467303991317749,-0.025390625,-0.003377963323146105,0.13303454675098994,1.0,6.384363938897176,-0.010995708114933223,2.7727682292461395,2.5619735717773438,0.15881124138832092,2.5935158729553223,2.732603073120117,2.9069480895996094,3.1694705486297607,0.0,0.0,0.0,0.538342272862792,0.0038123080084915273,0.0294189453125,8.3032036870718,5e-05,0.005,0.0,0.0,0.0,0.0,0.0,0.0,0.0,0.0,0.0,,0.0,0.0,0.0,0.0,0.0,0.0,0.0,0.0,0.0,0.0,0.0,0.0,0.0,0.0,0.0,0.0,0.0,0.0,0.0,,,,,0.0,,1.6703684329986572,,,,,,,0.0,{},{},0.0,0.0,0.0,0.0,0.0,0.0,0.0,0,0,0.0,0.0,,0.0
468,42404-1785547340678310400,42404,958464,4894,3992,162,740,0.8156926849203106,0.84,0.81,-0.04434652253985405,0.128597691655159,-6.2418084144592285,2.856295108795166,11,10,1,0,0.9090909090909091,1.1818181818181819,2.090909090909091,0.9090909090909091,0.7157214879989624,0.00439453125,-0.0039062495343387127,0.0015381115954369307,0.004445800557732582,-0.014892578125,-1.4892578125,-0.16787108778953552,0.0,0.0,0.0,0.0,-0.04434652253985405,-0.010498046875,-0.0024102714960463345,0.22957050527944564,1.0,15.989174044861624,-0.013423656637314707,2.2960410118103027,2.1120963096618652,0.13288840651512146,2.137650966644287,2.273451089859009,2.4556260108947754,2.6417555809020996,0.0,0.0,0.0,0.5655724965035915,0.00425339411594905,0.034423828125,5.320434898138046,5e-05,0.005,0.0,0.0,0.0,0.0,0.0,0.0,0.0,0.0,0.0,,0.0,0.0,0.0,0.0,0.0,0.0,0.0,0.0,0.0,0.0,0.0,0.0,0.0,0.0,0.0,0.0,0.0,0.0,0.0,,,,,0.0,,1.5229130983352661,,,,,,,0.0,{},{},0.0,0.0,0.0,0.0,0.0,0.0,0.0,0,0,0.0,0.0,,0.0
469,42404-1785547340678310400,42404,960512,4906,4002,162,742,0.8157358336730534,0.82,0.81,-0.044126566499471664,0.1299644559621811,-6.012855529785156,3.239407539367676,12,10,0,2,0.8333333333333334,1.6666666666666667,2.1666666666666665,0.5,0.7010866403579712,0.00439453125,-0.0029785155784338713,0.0019722667057067156,0.0033325194381177425,-0.013427734375,-1.3427734375,-0.16884766519069672,0.0,0.0,0.0,0.0,-0.044126566499471664,-0.009033203125,-0.0016523190424777567,0.18289593665492848,1.0,18.689823867636,-0.005589547217823565,3.2380585074424744,2.744541645050049,0.21038293838500977,2.9720706939697266,3.2866010665893555,3.456434488296509,3.4906179904937744,0.0,0.0,0.0,0.5113637242466211,0.0023647798225283623,0.0162353515625,13.572162836790085,5e-05,0.005,0.0,0.0,0.0,0.0,0.0,0.0,0.0,0.0,0.0,,0.0,0.0,0.0,0.0,0.0,0.0,0.0,0.0,0.0,0.0,0.0,0.0,0.0,0.0,0.0,0.0,0.0,0.0,0.0,,,,,0.0,,1.7710802555084229,,,,,,,0.0,{},{},0.0,0.0,0.0,0.0,0.0,0.0,0.0,0,0,0.0,0.0,,0.0
470,42404-1785547340678310400,42404,962560,4915,4011,162,742,0.8160732451678535,0.84,0.815,-0.04232717305421829,0.12688373029232025,-6.3433709144592285,2.937901735305786,9,9,0,0,1.0,1.8888888888888888,2.111111111111111,0.2222222222222222,0.7027075886726379,0.00439453125,-0.001416015555150807,0.0023246724158525467,0.0028833006508648396,-0.01416015625,-1.416015625,-0.16191406548023224,0.0,0.0,0.0,0.0,-0.04232717305421829,-0.009765625,-0.00011402228847146034,0.011674686851543941,1.0,16.578302686980635,-0.008325858041644096,2.602065458893776,2.4170308113098145,0.16154122352600098,2.4294707775115967,2.5665016174316406,2.8265514373779297,2.99116849899292,0.0,0.0,0.0,0.5176136177033186,0.0023050256831993465,0.0142822265625,8.906284302473068,5e-05,0.005,0.0,0.0,0.0,0.0,0.0,0.0,0.0,0.0,0.0,,0.0,0.0,0.0,0.0,0.0,0.0,0.0,0.0,0.0,0.0,0.0,0.0,0.0,0.0,0.0,0.0,0.0,0.0,0.0,,,,,0.0,,1.601876974105835,,,,,,,0.0,{},{},0.0,0.0,0.0,0.0,0.0,0.0,0.0,0,0,0.0,0.0,,0.0
471,42404-1785547340678310400,42404,964608,4925,4020,162,743,0.8162436548223351,0.86,0.825,-0.044968631118535995,0.12060698866844177,-5.857473373413086,2.7982938289642334,10,9,0,1,0.9,1.6,1.7,0.1,0.5975360870361328,0.004150390625,-0.005566406529396772,0.0018299685325473547,0.004252929240465164,-0.025634765625,-2.5634765625,-0.15810546278953552,0.0,0.0,0.0,0.0,-0.044968631118535995,-0.021484375,-0.004045682086143643,0.18829934716725413,1.0,7.358748115382465,-0.0139762835460715,3.1193565875291824,2.910695791244507,0.14077331125736237,2.9706871509552,3.089016914367676,3.277683734893799,3.451561450958252,0.0,0.0,0.0,0.5234623048454523,0.006089694978072657,0.03857421875,4.809095785021782,5e-05,0.005,0.0,0.0,0.0,0.0,0.0,0.0,0.0,0.0,0.0,,0.0,0.0,0.0,0.0,0.0,0.0,0.0,0.0,0.0,0.0,0.0,0.0,0.0,0.0,0.0,0.0,0.0,0.0,0.0,,,,,0.0,,1.7752388715744019,,,,,,,0.0,{},{},0.0,0.0,0.0,0.0,0.0,0.0,0.0,0,0,0.0,0.0,,0.0
472,42404-1785547340678310400,42404,966656,4937,4031,163,743,0.8164877455944906,0.9,0.835,-0.04396691173315048,0.13011465966701508,-5.52390193939209,2.8534369468688965,12,11,1,0,0.9166666666666666,1.25,2.0833333333333335,0.8333333333333334,0.6470887660980225,0.0048828125,-0.003955077845603228,0.002328342292457819,0.004316406324505806,-0.0166015625,-1.66015625,-0.16611328721046448,0.0,0.0,0.0,0.0,-0.04396691173315048,-0.01171875,-0.0022938906913623214,0.19572863681924285,1.0,14.173791011793297,-0.011469166376627982,2.8438873440027237,2.620624542236328,0.10853175818920135,2.719456672668457,2.8319509029388428,2.9830474853515625,3.02219295501709,0.0,0.0,0.0,0.49717701971530914,0.005225171636993764,0.0394287109375,5.519433498382568,5e-05,0.005,0.0,0.0,0.0,0.0,0.0,0.0,0.0,0.0,0.0,,0.0,0.0,0.0,0.0,0.0,0.0,0.0,0.0,0.0,0.0,0.0,0.0,0.0,0.0,0.0,0.0,0.0,0.0,0.0,,,,,0.0,,1.695122241973877,,,,,,,0.0,{},{},0.0,0.0,0.0,0.0,0.0,0.0,0.0,0,0,0.0,0.0,,0.0
473,42404-1785547340678310400,42404,968704,4943,4037,163,743,0.8167104996965405,0.92,0.845,-0.04661419242620468,0.1262069046497345,-6.6277313232421875,2.7758049964904785,6,6,0,0,1.0,1.6666666666666667,2.0,0.3333333333333333,0.7555192708969116,0.0029296875,-0.00551757775247097,0.0015690759755671024,0.003611144609749317,-0.020263671875,-2.0263671875,-0.16943359375,0.0,0.0,0.0,0.0,-0.04661419242620468,-0.017333984375,-0.004222522606141865,0.24358387148196464,1.0,9.774084019040252,-0.013211656245402992,1.8844183683395386,1.6756792068481445,0.09481849521398544,1.7822961807250977,1.8932244777679443,1.9868950843811035,2.071179151535034,0.0,0.0,0.0,0.48713482543826103,0.00691063234989997,0.0423583984375,5.009828582406044,5e-05,0.005,0.0,0.0,0.0,0.0,0.0,0.0,0.0,0.0,0.0,,0.0,0.0,0.0,0.0,0.0,0.0,0.0,0.0,0.0,0.0,0.0,0.0,0.0,0.0,0.0,0.0,0.0,0.0,0.0,,,,,0.0,,1.3724966049194336,,,,,,,0.0,{},{},0.0,0.0,0.0,0.0,0.0,0.0,0.0,0,0,0.0,0.0,,0.0
474,42404-1785547340678310400,42404,970752,4957,4048,163,746,0.8166229574339318,0.9,0.84,-0.04846150800585747,0.1279582977294922,-6.746529579162598,3.2085676193237305,14,11,0,3,0.7857142857142857,1.4285714285714286,1.7857142857142858,0.35714285714285715,0.7825817465782166,0.004638671875,-0.007275390438735485,0.0018751209136098623,0.0033032225910574198,-0.025146484375,-2.5146484375,-0.17080077528953552,0.0,0.0,0.0,0.0,-0.04846150800585747,-0.0205078125,-0.0059808045625686646,0.29162120247423706,1.0,8.32816504073727,-0.00918269026442431,2.272569753229618,1.9418480396270752,0.20455476641654968,1.9901771545410156,2.3287129402160645,2.5257139205932617,2.559222936630249,0.0,0.0,0.0,0.5374657418578863,0.0031818916504562367,0.0238037109375,8.653482794761658,5e-05,0.005,0.0,0.0,0.0,0.0,0.0,0.0,0.0,0.0,0.0,,0.0,0.0,0.0,0.0,0.0,0.0,0.0,0.0,0.0,0.0,0.0,0.0,0.0,0.0,0.0,0.0,0.0,0.0,0.0,,,,,0.0,,1.496095061302185,,,,,,,0.0,{},{},0.0,0.0,0.0,0.0,0.0,0.0,0.0,0,0,0.0,0.0,,0.0
475,42404-1785547340678310400,42404,972800,4962,4052,163,747,0.8166062071745264,0.88,0.84,-0.04837439954280853,0.1263534128665924,-7.430098533630371,2.9336400032043457,5,4,0,1,0.8,1.8,2.2,0.4,0.6917232275009155,0.001708984375,-0.005615233909338713,0.0013924370286986232,0.0020849606953561306,-0.02587890625,-2.587890625,-0.16855469346046448,0.0,0.0,0.0,0.0,-0.04837439954280853,-0.024169921875,-0.004745884478325024,0.19634685440912766,1.0,6.973449102692301,-0.014783355232793838,2.647671699523926,2.1457204818725586,0.20157067477703094,2.381706953048706,2.673372268676758,2.8488330841064453,2.8598875999450684,0.0,0.0,0.0,0.502553066238761,0.006374508389853872,0.0390625,4.023420825600624,5e-05,0.005,0.0,0.0,0.0,0.0,0.0,0.0,0.0,0.0,0.0,,0.0,0.0,0.0,0.0,0.0,0.0,0.0,0.0,0.0,0.0,0.0,0.0,0.0,0.0,0.0,0.0,0.0,0.0,0.0,,,,,0.0,,1.6288353204727173,,,,,,,0.0,{},{},0.0,0.0,0.0,0.0,0.0,0.0,0.0,0,0,0.0,0.0,,0.0
476,42404-1785547340678310400,42404,974848,4974,4059,163,752,0.8160434258142341,0.8,0.825,-0.04674303159117699,0.12566344439983368,-6.796381950378418,2.873622417449951,12,7,0,5,0.5833333333333334,1.1666666666666667,1.25,0.08333333333333333,0.7040131092071533,0.002197265625,-0.006054687313735485,0.00189080904237926,0.003407952841371298,-0.025634765625,-2.5634765625,-0.16367188096046448,0.0,0.0,0.0,0.0,-0.04674303159117699,-0.0234375,-0.004729996842797846,0.20180458829694073,1.0,6.983035644792306,-0.011073480418417603,2.4531604051589966,2.233721971511841,0.1479310691356659,2.2783780097961426,2.4392659664154053,2.6116323471069336,2.8167805671691895,0.0,0.0,0.0,0.5122006759047508,0.007895711903984193,0.0435791015625,7.638531178236008,5e-05,0.005,0.0,0.0,0.0,0.0,0.0,0.0,0.0,0.0,0.0,,0.0,0.0,0.0,0.0,0.0,0.0,0.0,0.0,0.0,0.0,0.0,0.0,0.0,0.0,0.0,0.0,0.0,0.0,0.0,,,,,0.0,,1.563385009765625,,,,,,,0.0,{},{},0.0,0.0,0.0,0.0,0.0,0.0,0.0,0,0,0.0,0.0,,0.0
477,42404-1785547340678310400,42404,976896,4986,4070,164,752,0.8162855996791015,0.8,0.83,-0.044413499534130096,0.1307794153690338,-6.012509346008301,3.315605401992798,12,11,1,0,0.9166666666666666,1.5833333333333333,2.25,0.6666666666666666,0.7153034210205078,0.0048828125,-0.00395507737994194,0.0012635617749765515,0.004094237461686134,-0.02197265625,-2.197265625,-0.16142578423023224,0.0,0.0,0.0,0.0,-0.044413499534130096,-0.01708984375,-0.002615627570776269,0.15304262381874906,1.0,9.445161783205245,-0.01015524475951679,3.107372149825096,2.828606605529785,0.17244485020637512,2.864772081375122,3.1381633281707764,3.318938732147217,3.399958848953247,0.0,0.0,0.0,0.5011786501854658,0.003163386270898627,0.0242919921875,5.809615522623062,5e-05,0.005,0.0,0.0,0.0,0.0,0.0,0.0,0.0,0.0,0.0,,0.0,0.0,0.0,0.0,0.0,0.0,0.0,0.0,0.0,0.0,0.0,0.0,0.0,0.0,0.0,0.0,0.0,0.0,0.0,,,,,0.0,,1.769106388092041,,,,,,,0.0,{},{},0.0,0.0,0.0,0.0,0.0,0.0,0.0,0,0,0.0,0.0,,0.0
478,42404-1785547340678310400,42404,978944,4997,4078,164,755,0.8160896537922754,0.76,0.835,-0.04534304514527321,0.131683811545372,-6.215033531188965,3.8472464084625244,11,8,0,3,0.7272727272727273,1.1818181818181819,2.0,0.8181818181818182,0.8122074007987976,0.003173828125,-0.0027832030318677425,0.0019047207897529006,0.0032448717392981052,-0.0185546875,-1.85546875,-0.16787110269069672,0.0,0.0,0.0,0.0,-0.04534304514527321,-0.015380859375,-0.001495804899604991,0.09724473895763926,1.0,10.91357673985345,-0.007056957256281748,2.865461155772209,2.636569023132324,0.1347539871931076,2.6736083030700684,2.8897228240966797,2.980966567993164,3.1492507457733154,0.0,0.0,0.0,0.5093028452247381,0.0025190014093823265,0.0196533203125,10.347878634929657,5e-05,0.005,0.0,0.0,0.0,0.0,0.0,0.0,0.0,0.0,0.0,,0.0,0.0,0.0,0.0,0.0,0.0,0.0,0.0,0.0,0.0,0.0,0.0,0.0,0.0,0.0,0.0,0.0,0.0,0.0,,,,,0.0,,1.667206048965454,,,,,,,0.0,{},{},0.0,0.0,0.0,0.0,0.0,0.0,0.0,0,0,0.0,0.0,,0.0
479,42404-1785547340678310400,42404,980992,5005,4085,164,756,0.8161838161838162,0.76,0.835,-0.04763741046190262,0.1332617998123169,-7.1086812019348145,2.7289514541625977,8,7,0,1,0.875,1.5,2.25,0.75,0.6824544072151184,0.003173828125,-0.0038574214559048414,0.0009817963000386953,0.002495116787031293,-0.018310546875,-1.8310546875,-0.17568360269069672,0.0,0.0,0.0,0.0,-0.04763741046190262,-0.01513671875,-0.0029881931841373444,0.19740049564187764,1.0,11.605685479570475,-0.01156814891146496,2.3302135914564133,2.1245219707489014,0.1527027040719986,2.1705522537231445,2.3272173404693604,2.506192922592163,2.7345762252807617,0.0,0.0,0.0,0.540616350248456,0.00276776264217915,0.0233154296875,5.9964455515146255,5e-05,0.005,0.0,0.0,0.0,0.0,0.0,0.0,0.0,0.0,0.0,,0.0,0.0,0.0,0.0,0.0,0.0,0.0,0.0,0.0,0.0,0.0,0.0,0.0,0.0,0.0,0.0,0.0,0.0,0.0,,,,,0.0,,1.5377963781356812,,,,,,,0.0,{},{},0.0,0.0,0.0,0.0,0.0,0.0,0.0,0,0,0.0,0.0,,0.0
480,42404-1785547340678310400,42404,983040,5018,4096,164,758,0.8162614587485054,0.82,0.83,-0.047620296478271484,0.13026602566242218,-7.059988975524902,3.208829641342163,13,11,0,2,0.8461538461538461,1.5384615384615385,1.6923076923076923,0.15384615384615385,0.6224454641342163,0.0048828125,-0.006835936568677425,0.001484026899561286,0.002270507626235485,-0.02294921875,-2.294921875,-0.17128905653953552,0.0,0.0,0.0,0.0,-0.047620296478271484,-0.01806640625,-0.005897302937228233,0.3264056199117254,1.0,9.480555989575732,-0.012454931042157114,3.8639954775571823,3.5586752891540527,0.24283039569854736,3.602221727371216,3.8225650787353516,4.234345436096191,4.323220252990723,0.0,0.0,0.0,0.516970869153738,0.006257103828829713,0.046875,6.986501336097717,5e-05,0.005,0.0,0.0,0.0,0.0,0.0,0.0,0.0,0.0,0.0,,0.0,0.0,0.0,0.0,0.0,0.0,0.0,0.0,0.0,0.0,0.0,0.0,0.0,0.0,0.0,0.0,0.0,0.0,0.0,,,,,0.0,,1.9716801643371582,,,,,,,0.0,{},{},0.0,0.0,0.0,0.0,0.0,0.0,0.0,0,0,0.0,0.0,,0.0
481,42404-1785547340678310400,42404,985088,5027,4102,166,759,0.8159936343743783,0.8,0.82,-0.04949053004384041,0.1274503916501999,-7.090377330780029,3.0673673152923584,9,6,2,1,0.6666666666666666,0.8888888888888888,1.6666666666666667,0.7777777777777778,0.8350804448127747,0.001708984375,-0.00820312462747097,0.0014152252115309238,0.004008788615465164,-0.02734375,-2.734375,-0.17060546576976776,0.0,0.0,0.0,0.0,-0.04949053004384041,-0.025634765625,-0.006847121170721948,0.2670925171840639,1.0,6.654978371443422,-0.0128047977341339,1.5359880700707436,1.4452733993530273,0.06625325977802277,1.4577326774597168,1.5482776165008545,1.6268843412399292,1.648368239402771,0.0,0.0,0.0,0.4771701879799366,0.008393119562242646,0.0546875,3.8648741245269775,5e-05,0.005,0.0,0.0,0.0,0.0,0.0,0.0,0.0,0.0,0.0,,0.0,0.0,0.0,0.0,0.0,0.0,0.0,0.0,0.0,0.0,0.0,0.0,0.0,0.0,0.0,0.0,0.0,0.0,0.0,,,,,0.0,,1.2456666231155396,,,,,,,0.0,{},{},0.0,0.0,0.0,0.0,0.0,0.0,0.0,0,0,0.0,0.0,,0.0
482,42404-1785547340678310400,42404,987136,5036,4109,166,761,0.8159253375694996,0.78,0.83,-0.04596951976418495,0.1325971931219101,-6.803592681884766,2.0778307914733887,9,7,0,2,0.7777777777777778,1.0,1.2222222222222223,0.2222222222222222,0.6715962886810303,0.0029296875,-0.0029785155784338713,0.0012528090737760067,0.0027590941172093153,-0.0185546875,-1.85546875,-0.17021484673023224,0.0,0.0,0.0,0.0,-0.04596951976418495,-0.015625,-0.0019755397806875408,0.12642645467090366,1.0,10.893053035340602,-0.008859041729010642,1.3939169347286224,1.2328321933746338,0.0895678699016571,1.2723963260650635,1.3919398784637451,1.4995498657226562,1.5558561086654663,0.0,0.0,0.0,0.46180727519094944,0.0032881699698918965,0.025634765625,6.722520351409912,5e-05,0.005,0.0,0.0,0.0,0.0,0.0,0.0,0.0,0.0,0.0,,0.0,0.0,0.0,0.0,0.0,0.0,0.0,0.0,0.0,0.0,0.0,0.0,0.0,0.0,0.0,0.0,0.0,0.0,0.0,,,,,0.0,,1.190732479095459,,,,,,,0.0,{},{},0.0,0.0,0.0,0.0,0.0,0.0,0.0,0,0,0.0,0.0,,0.0
483,42404-1785547340678310400,42404,989184,5043,4116,166,761,0.8161808447352766,0.8,0.835,-0.04653026908636093,0.1323624551296234,-6.935215950012207,2.3173000812530518,7,7,0,0,1.0,1.5714285714285714,2.0,0.42857142857142855,0.460956335067749,0.00341796875,-0.0037597655318677425,0.0011549387127161026,0.0022851559333503246,-0.020263671875,-2.0263671875,-0.17001953721046448,0.0,0.0,0.0,0.0,-0.04653026908636093,-0.016845703125,-0.0028997418703511357,0.172125183713127,1.0,10.092154883299427,-0.011790784075856209,2.8740816861391068,2.6570255756378174,0.1218709796667099,2.743514060974121,2.8644893169403076,3.044236183166504,3.095433235168457,0.0,0.0,0.0,0.4532724358141422,0.004797056375537068,0.0380859375,5.951251924037933,5e-05,0.005,0.0,0.0,0.0,0.0,0.0,0.0,0.0,0.0,0.0,,0.0,0.0,0.0,0.0,0.0,0.0,0.0,0.0,0.0,0.0,0.0,0.0,0.0,0.0,0.0,0.0,0.0,0.0,0.0,,,,,0.0,,1.7013523578643799,,,,,,,0.0,{},{},0.0,0.0,0.0,0.0,0.0,0.0,0.0,0,0,0.0,0.0,,0.0
484,42404-1785547340678310400,42404,991232,5054,4125,166,763,0.8161851998417096,0.82,0.83,-0.04345947504043579,0.1321970373392105,-6.470768928527832,2.996711254119873,11,9,0,2,0.8181818181818182,1.6363636363636365,1.8181818181818181,0.18181818181818182,0.7503532767295837,0.00390625,-0.0006347653106786311,0.002291366457939148,0.003399931825697422,-0.01416015625,-1.416015625,-0.16806641221046448,0.0,0.0,0.0,0.0,-0.04345947504043579,-0.01025390625,0.0007880592602305114,0.07684704677144284,1.0,16.388878465901577,-0.010397481557447463,2.26621250808239,2.07639741897583,0.1122635081410408,2.128286361694336,2.2743847370147705,2.403430223464966,2.506772994995117,0.0,0.0,0.0,0.46907773800194263,0.0038568449217564194,0.0313720703125,8.07576298713684,5e-05,0.005,0.0,0.0,0.0,0.0,0.0,0.0,0.0,0.0,0.0,,0.0,0.0,0.0,0.0,0.0,0.0,0.0,0.0,0.0,0.0,0.0,0.0,0.0,0.0,0.0,0.0,0.0,0.0,0.0,,,,,0.0,,1.4972965717315674,,,,,,,0.0,{},{},0.0,0.0,0.0,0.0,0.0,0.0,0.0,0,0,0.0,0.0,,0.0
485,42404-1785547340678310400,42404,993280,5063,4131,166,766,0.8159194153663836,0.8,0.815,-0.05294579267501831,0.12473355233669281,-6.985480308532715,2.773366928100586,9,6,0,3,0.6666666666666666,1.2222222222222223,1.7777777777777777,0.5555555555555556,0.729391872882843,0.002197265625,-0.011474609375,0.0011475575156509876,0.0028526915702968836,-0.038818359375,-3.8818359375,-0.16982422769069672,0.0,0.0,0.0,0.0,-0.05294579267501831,-0.03662109375,-0.010474547103513032,0.28601715606478756,1.0,4.637206950809488,-0.00781815274967812,2.1828655898571014,1.8716156482696533,0.16932547092437744,1.9893221855163574,2.187166690826416,2.38653826713562,2.469071388244629,0.0,0.0,0.0,0.45434403233230114,0.0027027476899093017,0.0203857421875,11.561913043260574,5e-05,0.005,0.0,0.0,0.0,0.0,0.0,0.0,0.0,0.0,0.0,,0.0,0.0,0.0,0.0,0.0,0.0,0.0,0.0,0.0,0.0,0.0,0.0,0.0,0.0,0.0,0.0,0.0,0.0,0.0,,,,,0.0,,1.442705750465393,,,,,,,0.0,{},{},0.0,0.0,0.0,0.0,0.0,0.0,0.0,0,0,0.0,0.0,,0.0
486,42404-1785547340678310400,42404,995328,5075,4140,167,768,0.8157635467980295,0.78,0.815,-0.04509691148996353,0.12825904786586761,-6.236982822418213,3.059443712234497,12,9,1,2,0.75,1.5,1.9166666666666667,0.4166666666666667,0.6588661670684814,0.00341796875,-0.002148437313735485,0.0017451639287173748,0.0034164346288889647,-0.024658203125,-2.4658203125,-0.16201171278953552,0.0,0.0,0.0,0.0,-0.04509691148996353,-0.021240234375,-0.0008580376743339002,0.04039490639695464,1.0,7.627226832929078,-0.010150571004487574,3.1886949837207794,2.841522693634033,0.20632211863994598,2.904175281524658,3.2606377601623535,3.4037508964538574,3.4379656314849854,0.0,0.0,0.0,0.45635491237044334,0.003407339188925107,0.026611328125,6.27679830789566,5e-05,0.005,0.0,0.0,0.0,0.0,0.0,0.0,0.0,0.0,0.0,,0.0,0.0,0.0,0.0,0.0,0.0,0.0,0.0,0.0,0.0,0.0,0.0,0.0,0.0,0.0,0.0,0.0,0.0,0.0,,,,,0.0,,1.7869189977645874,,,,,,,0.0,{},{},0.0,0.0,0.0,0.0,0.0,0.0,0.0,0,0,0.0,0.0,,0.0
487,42404-1785547340678310400,42404,997376,5083,4147,167,769,0.8158567774936062,0.82,0.825,-0.047993067651987076,0.127144455909729,-6.937978744506836,3.158278465270996,8,7,0,1,0.875,1.375,2.125,0.75,0.8162165284156799,0.003173828125,-0.005908203311264515,0.0009197329054586589,0.0028663091361522675,-0.028076171875,-2.8076171875,-0.166015625,0.0,0.0,0.0,0.0,-0.047993067651987076,-0.02490234375,-0.004961692800861783,0.199238016013885,1.0,6.666398964998425,-0.011722643859684467,1.832472212612629,1.4762132167816162,0.1552148014307022,1.6437196731567383,1.8439924716949463,1.946615219116211,2.188105583190918,0.0,0.0,0.0,0.4386713821440935,0.004516489727393491,0.0321044921875,4.974306717514992,5e-05,0.005,0.0,0.0,0.0,0.0,0.0,0.0,0.0,0.0,0.0,,0.0,0.0,0.0,0.0,0.0,0.0,0.0,0.0,0.0,0.0,0.0,0.0,0.0,0.0,0.0,0.0,0.0,0.0,0.0,,,,,0.0,,1.353953242301941,,,,,,,0.0,{},{},0.0,0.0,0.0,0.0,0.0,0.0,0.0,0,0,0.0,0.0,,0.0
488,42404-1785547340678310400,42404,999424,5096,4154,167,775,0.815149136577708,0.72,0.8,-0.04287807643413544,0.1273067444562912,-6.707648277282715,3.285284996032715,13,7,0,6,0.5384615384615384,1.1538461538461537,1.7692307692307692,0.6153846153846154,0.7771998047828674,0.001953125,-0.001269530737772584,0.002085238229483366,0.0038984918501228094,-0.019775390625,-1.9775390625,-0.15771484375,0.0,0.0,0.0,0.0,-0.04287807643413544,-0.017822265625,0.0002264017821289599,0.01270259821586202,1.0,8.848818564919974,-0.00708053694688715,2.531553789973259,2.2616729736328125,0.1649298518896103,2.289673328399658,2.517160654067993,2.7674834728240967,2.8252973556518555,0.0,0.0,0.0,0.4340706877410412,0.003181846663210308,0.023193359375,10.644617646932602,5e-05,0.005,0.0,0.0,0.0,0.0,0.0,0.0,0.0,0.0,0.0,,0.0,0.0,0.0,0.0,0.0,0.0,0.0,0.0,0.0,0.0,0.0,0.0,0.0,0.0,0.0,0.0,0.0,0.0,0.0,,,,,0.0,,1.550710916519165,,,,,,,0.0,{},{},0.0,0.0,0.0,0.0,0.0,0.0,0.0,0,0,0.0,0.0,,0.0
489,42404-1785547340678310400,42404,1001472,5102,4159,167,776,0.8151705213641709,0.72,0.8,-0.048405639827251434,0.12760299444198608,-7.307769298553467,2.939016580581665,6,5,0,1,0.8333333333333334,1.5,1.6666666666666667,0.16666666666666666,0.7508294582366943,0.002197265625,-0.00639648362994194,0.0006493811379186809,0.0030089225620031357,-0.02490234375,-2.490234375,-0.17011718451976776,0.0,0.0,0.0,0.0,-0.048405639827251434,-0.022705078125,-0.005481907704961486,0.24142908673099997,1.0,7.492143010485997,-0.00720975361764431,2.2672426253557205,1.833342432975769,0.22619177401065826,1.984147310256958,2.2721097469329834,2.5564351081848145,2.668053150177002,0.0,0.0,0.0,0.44884923473000526,0.0042385501710668905,0.0316162109375,11.230808079242706,5e-05,0.005,0.0,0.0,0.0,0.0,0.0,0.0,0.0,0.0,0.0,,0.0,0.0,0.0,0.0,0.0,0.0,0.0,0.0,0.0,0.0,0.0,0.0,0.0,0.0,0.0,0.0,0.0,0.0,0.0,,,,,0.0,,1.4670685529708862,,,,,,,0.0,{},{},0.0,0.0,0.0,0.0,0.0,0.0,0.0,0,0,0.0,0.0,,0.0
