scale,style,seed,arm,trace_hash,n_ticks,n_agents,eligible_agent_ticks,E_v,E_x_rmse_cells,E_x_p90_cells,mean_target_endpoint_error_cells,mean_direction_error_degrees,switch_requests,blocked_switch_fraction,mean_decision_lag_ticks,p95_decision_lag_ticks,censored_switch_fraction,stale_target_fraction,semantic_execution_fraction,forced_home_carrying_fraction,tagged_redirect_fraction,macro_early_end_fraction,r_fire_count,r_eligible_ticks,interruption_rate,mean_commit_run_length
2v2,GUARD,19700001,I0_CONTINUOUS_ORACLE,2c45b2aae4ea62069e7e38486a1234efc25ce6537e4b78f514d90a716dfc2726,240,2,353,0.0,0.0,0.0,0.0,2.4597280197080857e-07,126,0.0,0.0,0.0,0.0,0.0,0.0,0.0,0.24166666666666667,0.0,0,0,0.0,0.0
2v2,GUARD,19700001,I1_W50_NO_COMMIT,2c45b2aae4ea62069e7e38486a1234efc25ce6537e4b78f514d90a716dfc2726,240,2,353,0.21825042697753627,1.7463082938958883,2.069753147366619,1.9728954507460585,27.174383774035793,126,0.8675889328063241,4.20952380952381,4.7749999999999995,0.45415019762845854,0.0,0.0,0.0,0.24166666666666667,0.0,0,0,0.0,0.0
2v2,GUARD,19700001,I2_W50_CURRENT_COMMIT,2c45b2aae4ea62069e7e38486a1234efc25ce6537e4b78f514d90a716dfc2726,240,2,353,0.29950846288002925,1.8094521567371593,2.4042218434948084,2.152735416179876,36.85270490662308,126,0.9284584980237154,4.122222222222222,5.574999999999999,0.5063241106719367,0.5375,0.0,0.0,0.24166666666666667,0.0,0,0,0.0,4.0
2v2,GUARD,19700001,I2R_W50_INTERRUPTIBLE_COMMIT,2c45b2aae4ea62069e7e38486a1234efc25ce6537e4b78f514d90a716dfc2726,240,2,353,0.29950846288002925,1.8094521567371593,2.4042218434948084,2.152735416179876,36.85270490662308,126,0.9284584980237154,4.122222222222222,5.574999999999999,0.5063241106719367,0.5375,0.0,0.0,0.24166666666666667,0.0,0,0,0.0,4.0
2v2,GUARD,19700001,I3_FULL_CURRENT_MACRO,2c45b2aae4ea62069e7e38486a1234efc25ce6537e4b78f514d90a716dfc2726,240,2,353,0.2604039449434471,1.144544109479654,1.5303785775350391,0.21971276242960525,30.982464657261843,126,0.858893280632411,4.029629629629629,5.624999999999999,0.4280632411067194,0.30416666666666664,0.9291666666666667,0.0,0.24166666666666667,0.5784313725490197,0,0,0.0,2.3415841584158414
2v2,GUARD,19700001,I3R_FULL_MACRO_INTERRUPTIBLE,2c45b2aae4ea62069e7e38486a1234efc25ce6537e4b78f514d90a716dfc2726,240,2,353,0.2604039449434471,1.144544109479654,1.5303785775350391,0.21971276242960525,30.982464657261843,126,0.858893280632411,4.029629629629629,5.624999999999999,0.4280632411067194,0.30416666666666664,0.9291666666666667,0.0,0.24166666666666667,0.5784313725490197,0,0,0.0,2.3415841584158414
2v2,GUARD,19700002,I0_CONTINUOUS_ORACLE,e30f25a87f4c2c36c52b810b281fabb01392e4b0a4181ea63b8b717e66a57fe8,240,2,357,0.0,0.0,0.0,0.0,2.742933769621991e-07,151,0.0,0.0,0.0,0.0,0.0,0.0,0.0,0.23125,0.0,0,0,0.0,0.0
2v2,GUARD,19700002,I1_W50_NO_COMMIT,e30f25a87f4c2c36c52b810b281fabb01392e4b0a4181ea63b8b717e66a57fe8,240,2,357,0.21953594380019453,1.7899038987520073,2.1851586935327347,1.9366258128498928,29.61458536644684,151,0.8035557506584723,3.1075757575757574,5.0,0.5645302897278315,0.0,0.0,0.0,0.23125,0.0,0,0,0.0,0.0
2v2,GUARD,19700002,I2_W50_CURRENT_COMMIT,e30f25a87f4c2c36c52b810b281fabb01392e4b0a4181ea63b8b717e66a57fe8,240,2,357,0.26492385580995115,1.897769034144292,2.4320138025686138,2.0880705425337265,33.19188940090453,151,0.8996927129060579,3.8968253968253967,6.0,0.6569359086918349,0.4375,0.0,0.0,0.23125,0.0,0,0,0.0,4.0
2v2,GUARD,19700002,I2R_W50_INTERRUPTIBLE_COMMIT,e30f25a87f4c2c36c52b810b281fabb01392e4b0a4181ea63b8b717e66a57fe8,240,2,357,0.26492385580995115,1.897769034144292,2.4320138025686138,2.0880705425337265,33.19188940090453,151,0.8996927129060579,3.8968253968253967,6.0,0.6569359086918349,0.4375,0.0,0.0,0.23125,0.0,0,0,0.0,4.0
2v2,GUARD,19700002,I3_FULL_CURRENT_MACRO,e30f25a87f4c2c36c52b810b281fabb01392e4b0a4181ea63b8b717e66a57fe8,240,2,357,0.28066978732955755,1.1814595751639005,1.7571050847685332,0.5008760938379647,38.587073388102155,151,0.8483318700614574,3.1698564593301435,5.549999999999999,0.6055750658472344,0.2916666666666667,0.9166666666666667,0.0125,0.23125,0.5913461538461539,0,0,0.0,2.3058252427184467
2v2,GUARD,19700002,I3R_FULL_MACRO_INTERRUPTIBLE,e30f25a87f4c2c36c52b810b281fabb01392e4b0a4181ea63b8b717e66a57fe8,240,2,357,0.28066978732955755,1.1814595751639005,1.7571050847685332,0.5008760938379647,38.587073388102155,151,0.8483318700614574,3.1698564593301435,5.549999999999999,0.6055750658472344,0.2916666666666667,0.9166666666666667,0.0125,0.23125,0.5913461538461539,0,0,0.0,2.3058252427184467
2v2,GUARD,19700003,I0_CONTINUOUS_ORACLE,8b3e8477f2db16122a6a67338f6f0fc1e4a91385ea3698d297a900081c911eed,240,2,356,0.0,0.0,0.0,0.0,3.47785593540532e-07,159,0.0,0.0,0.0,0.0,0.0,0.0,0.0,0.23541666666666666,0.0,0,0,0.0,0.0
2v2,GUARD,19700003,I1_W50_NO_COMMIT,8b3e8477f2db16122a6a67338f6f0fc1e4a91385ea3698d297a900081c911eed,240,2,356,0.21204801974259468,1.802516747356858,2.1916302994591073,1.935063554572052,29.230516304560282,159,0.8534722222222222,3.5,5.0,0.6201388888888889,0.0,0.0,0.0,0.23541666666666666,0.0,0,0,0.0,0.0
2v2,GUARD,19700003,I2_W50_CURRENT_COMMIT,8b3e8477f2db16122a6a67338f6f0fc1e4a91385ea3698d297a900081c911eed,240,2,356,0.26030683898351903,1.8753945895369635,2.4012937137411603,2.139209232285508,38.87001995982701,159,0.9215277777777777,4.3125,6.875,0.6777777777777778,0.5145833333333333,0.0,0.0,0.23541666666666666,0.0,0,0,0.0,4.0
2v2,GUARD,19700003,I2R_W50_INTERRUPTIBLE_COMMIT,8b3e8477f2db16122a6a67338f6f0fc1e4a91385ea3698d297a900081c911eed,240,2,356,0.26030683898351903,1.8753945895369635,2.4012937137411603,2.139209232285508,38.87001995982701,159,0.9215277777777777,4.3125,6.875,0.6777777777777778,0.5145833333333333,0.0,0.0,0.23541666666666666,0.0,0,0,0.0,4.0
2v2,GUARD,19700003,I3_FULL_CURRENT_MACRO,8b3e8477f2db16122a6a67338f6f0fc1e4a91385ea3698d297a900081c911eed,240,2,356,0.2389532415124735,1.1665828846268322,1.8907948674765236,0.41849080091059376,28.45833069040821,159,0.8381944444444445,4.059451219512195,5.5,0.5909722222222222,0.3104166666666666,0.91875,0.008333333333333333,0.23541666666666666,0.5933014354066986,0,0,0.0,2.2946859903381642
2v2,GUARD,19700003,I3R_FULL_MACRO_INTERRUPTIBLE,8b3e8477f2db16122a6a67338f6f0fc1e4a91385ea3698d297a900081c911eed,240,2,356,0.2389532415124735,1.1665828846268322,1.8907948674765236,0.41849080091059376,28.45833069040821,159,0.8381944444444445,4.059451219512195,5.5,0.5909722222222222,0.3104166666666666,0.91875,0.008333333333333333,0.23541666666666666,0.5933014354066986,0,0,0.0,2.2946859903381642
2v2,GUARD,19700004,I0_CONTINUOUS_ORACLE,0ab87998fecd6091cc00518166c5b8dbdfe576b213a9213e983d09e0b16c5630,240,2,353,0.0,0.0,0.0,0.0,2.593822093297377e-07,134,0.0,0.0,0.0,0.0,0.0,0.0,0.0,0.24166666666666667,0.0,0,0,0.0,0.0
2v2,GUARD,19700004,I1_W50_NO_COMMIT,0ab87998fecd6091cc00518166c5b8dbdfe576b213a9213e983d09e0b16c5630,240,2,353,0.2512053356417469,1.6842040044092443,1.8214272557102196,1.976474647724499,27.04962450546808,134,0.8813747228381374,4.004545454545455,5.0,0.4186991869918699,0.0,0.0,0.0,0.24166666666666667,0.0,0,0,0.0,0.0
2v2,GUARD,19700004,I2_W50_CURRENT_COMMIT,0ab87998fecd6091cc00518166c5b8dbdfe576b213a9213e983d09e0b16c5630,240,2,353,0.26364406421493325,1.7321852034427796,2.169117582190095,2.0661395207310966,26.39580489931081,134,0.8691796008869179,4.1276223776223775,5.5,0.3943089430894309,0.4041666666666667,0.0,0.0,0.24166666666666667,0.0,0,0,0.0,4.0
2v2,GUARD,19700004,I2R_W50_INTERRUPTIBLE_COMMIT,0ab87998fecd6091cc00518166c5b8dbdfe576b213a9213e983d09e0b16c5630,240,2,353,0.26364406421493325,1.7321852034427796,2.169117582190095,2.0661395207310966,26.39580489931081,134,0.8691796008869179,4.1276223776223775,5.5,0.3943089430894309,0.4041666666666667,0.0,0.0,0.24166666666666667,0.0,0,0,0.0,4.0
2v2,GUARD,19700004,I3_FULL_CURRENT_MACRO,0ab87998fecd6091cc00518166c5b8dbdfe576b213a9213e983d09e0b16c5630,240,2,353,0.2195558024329688,0.9909292900797049,1.3470008843727388,0.09548345849313276,24.00965424902796,134,0.7269031781226902,4.093889716840536,5.0,0.25203252032520324,0.24375,0.9375,0.0,0.24166666666666667,0.5637254901960784,0,0,0.0,2.366336633663366
2v2,GUARD,19700004,I3R_FULL_MACRO_INTERRUPTIBLE,0ab87998fecd6091cc00518166c5b8dbdfe576b213a9213e983d09e0b16c5630,240,2,353,0.2195558024329688,0.9909292900797049,1.3470008843727388,0.09548345849313276,24.00965424902796,134,0.7269031781226902,4.093889716840536,5.0,0.25203252032520324,0.24375,0.9375,0.0,0.24166666666666667,0.5637254901960784,0,0,0.0,2.366336633663366
2v2,GUARD,19700005,I0_CONTINUOUS_ORACLE,c185da55e70976ccd254065def0c55df5135b48f16b8df08bd931ffe8ad16b13,240,2,357,0.0,0.0,0.0,0.0,3.138822427898731e-07,181,0.0,0.0,0.0,0.0,0.0,0.0,0.0,0.23333333333333334,0.0,0,0,0.0,0.0
2v2,GUARD,19700005,I1_W50_NO_COMMIT,c185da55e70976ccd254065def0c55df5135b48f16b8df08bd931ffe8ad16b13,240,2,357,0.22864461648210022,1.7907818354132843,2.009031501694936,1.9702343292521474,33.558475234362355,181,0.8275391956373552,2.857142857142857,4.5,0.6022494887525562,0.0,0.0,0.0,0.23333333333333334,0.0,0,0,0.0,0.0
2v2,GUARD,19700005,I2_W50_CURRENT_COMMIT,c185da55e70976ccd254065def0c55df5135b48f16b8df08bd931ffe8ad16b13,240,2,357,0.26606444612566094,1.8050258301920654,1.970909115692466,2.10226370160493,38.49639641038958,181,0.935412406271302,4.134920634920634,5.5,0.6855828220858895,0.44791666666666663,0.0,0.0,0.23333333333333334,0.0,0,0,0.0,4.0
2v2,GUARD,19700005,I2R_W50_INTERRUPTIBLE_COMMIT,c185da55e70976ccd254065def0c55df5135b48f16b8df08bd931ffe8ad16b13,240,2,357,0.26606444612566094,1.8050258301920654,1.970909115692466,2.10226370160493,38.49639641038958,181,0.935412406271302,4.134920634920634,5.5,0.6855828220858895,0.44791666666666663,0.0,0.0,0.23333333333333334,0.0,0,0,0.0,4.0
2v2,GUARD,19700005,I3_FULL_CURRENT_MACRO,c185da55e70976ccd254065def0c55df5135b48f16b8df08bd931ffe8ad16b13,240,2,357,0.2250206753008941,1.0483135989689882,1.2903723227058248,0.3828172290321526,18.87154456448162,181,0.828050443081118,3.8267973856209148,5.0,0.593558282208589,0.2,0.9270833333333333,0.010416666666666666,0.23333333333333334,0.6095238095238096,0,0,0.0,2.2836538461538463
2v2,GUARD,19700005,I3R_FULL_MACRO_INTERRUPTIBLE,c185da55e70976ccd254065def0c55df5135b48f16b8df08bd931ffe8ad16b13,240,2,357,0.2250206753008941,1.0483135989689882,1.2903723227058248,0.3828172290321526,18.87154456448162,181,0.828050443081118,3.8267973856209148,5.0,0.593558282208589,0.2,0.9270833333333333,0.010416666666666666,0.23333333333333334,0.6095238095238096,0,0,0.0,2.2836538461538463
2v2,GUARD,19700006,I0_CONTINUOUS_ORACLE,831d7a541edb8ac9b69a367a8b1b2d1fc56660e4c6631d4b8a588c06196800d5,240,2,412,0.0,0.0,0.0,0.0,3.024551331770441e-07,201,0.0,0.0,0.0,0.0,0.0,0.0,0.0,0.12916666666666668,0.0,0,0,0.0,0.0
2v2,GUARD,19700006,I1_W50_NO_COMMIT,831d7a541edb8ac9b69a367a8b1b2d1fc56660e4c6631d4b8a588c06196800d5,240,2,412,0.36046534504324074,1.7918069811204638,2.2842043146099185,1.880989793851518,36.122113108715254,201,0.7546286443924239,1.0353535353535352,5.0,0.6876463077250479,0.0,0.0,0.0,0.12916666666666668,0.0,0,0,0.0,0.0
2v2,GUARD,19700006,I2_W50_CURRENT_COMMIT,831d7a541edb8ac9b69a367a8b1b2d1fc56660e4c6631d4b8a588c06196800d5,240,2,412,0.48829195541533865,2.0528920551627285,2.9263297244597144,2.2006088062666986,53.36455519016053,201,0.882953819961694,1.7692307692307692,5.875,0.8097999574377528,0.5083333333333333,0.0,0.0,0.12916666666666668,0.0,0,0,0.0,4.0
2v2,GUARD,19700006,I2R_W50_INTERRUPTIBLE_COMMIT,831d7a541edb8ac9b69a367a8b1b2d1fc56660e4c6631d4b8a588c06196800d5,240,2,412,0.48829195541533865,2.0528920551627285,2.9263297244597144,2.2006088062666986,53.36455519016053,201,0.882953819961694,1.7692307692307692,5.875,0.8097999574377528,0.5083333333333333,0.0,0.0,0.12916666666666668,0.0,0,0,0.0,4.0
2v2,GUARD,19700006,I3_FULL_CURRENT_MACRO,831d7a541edb8ac9b69a367a8b1b2d1fc56660e4c6631d4b8a588c06196800d5,240,2,412,0.45354857327460174,1.2955963117412546,1.8634448314841547,0.8340705905798198,56.14599564877554,201,0.8992870823579485,2.482142857142857,5.324999999999999,0.8086826984464779,0.42708333333333337,0.9125,0.20833333333333334,0.12916666666666668,0.41420118343195267,0,0,0.0,2.8502994011976046
2v2,GUARD,19700006,I3R_FULL_MACRO_INTERRUPTIBLE,831d7a541edb8ac9b69a367a8b1b2d1fc56660e4c6631d4b8a588c06196800d5,240,2,412,0.45354857327460174,1.2955963117412546,1.8634448314841547,0.8340705905798198,56.14599564877554,201,0.8992870823579485,2.482142857142857,5.324999999999999,0.8086826984464779,0.42708333333333337,0.9125,0.20833333333333334,0.12916666666666668,0.41420118343195267,0,0,0.0,2.8502994011976046
2v2,GUARD,19700007,I0_CONTINUOUS_ORACLE,2f8d9c524a8a8ebc5dd210552100612a457dea739b61c478e1c35e155e2d4945,240,2,357,0.0,0.0,0.0,0.0,2.9280195410117705e-07,136,0.0,0.0,0.0,0.0,0.0,0.0,0.0,0.23333333333333334,0.0,0,0,0.0,0.0
2v2,GUARD,19700007,I1_W50_NO_COMMIT,2f8d9c524a8a8ebc5dd210552100612a457dea739b61c478e1c35e155e2d4945,240,2,357,0.23796511163382017,1.7955398872892077,2.0757607678818357,1.9014261296710488,18.864917652089215,136,0.8281544256120528,3.8722358722358723,5.25,0.5376647834274952,0.0,0.0,0.0,0.23333333333333334,0.0,0,0,0.0,0.0
2v2,GUARD,19700007,I2_W50_CURRENT_COMMIT,2f8d9c524a8a8ebc5dd210552100612a457dea739b61c478e1c35e155e2d4945,240,2,357,0.3405910873205792,1.8812920275744842,2.4164291231692547,2.0424226667326657,29.662237747991448,136,0.8959510357815442,3.964015151515152,5.25,0.5927495291902072,0.49375,0.0,0.0,0.23333333333333334,0.0,0,0,0.0,4.0
2v2,GUARD,19700007,I2R_W50_INTERRUPTIBLE_COMMIT,2f8d9c524a8a8ebc5dd210552100612a457dea739b61c478e1c35e155e2d4945,240,2,357,0.3405910873205792,1.8812920275744842,2.4164291231692547,2.0424226667326657,29.662237747991448,136,0.8959510357815442,3.964015151515152,5.25,0.5927495291902072,0.49375,0.0,0.0,0.23333333333333334,0.0,0,0,0.0,4.0
2v2,GUARD,19700007,I3_FULL_CURRENT_MACRO,2f8d9c524a8a8ebc5dd210552100612a457dea739b61c478e1c35e155e2d4945,240,2,357,0.2999885567625451,1.24224469375019,1.784705590518101,0.3742938115603126,24.74259124667803,136,0.832391713747646,3.9463869463869465,5.75,0.5291902071563088,0.27291666666666664,0.8895833333333334,0.00625,0.23333333333333334,0.6009615384615384,0,0,0.0,2.296116504854369
2v2,GUARD,19700007,I3R_FULL_MACRO_INTERRUPTIBLE,2f8d9c524a8a8ebc5dd210552100612a457dea739b61c478e1c35e155e2d4945,240,2,357,0.2999885567625451,1.24224469375019,1.784705590518101,0.3742938115603126,24.74259124667803,136,0.832391713747646,3.9463869463869465,5.75,0.5291902071563088,0.27291666666666664,0.8895833333333334,0.00625,0.23333333333333334,0.6009615384615384,0,0,0.0,2.296116504854369
2v2,GUARD,19700008,I0_CONTINUOUS_ORACLE,25c990af61ddbfa4dd04e6537bd8c47b27c8c6c8c3281a217d32c90f663760ba,240,2,355,0.0,0.0,0.0,0.0,3.264969779757327e-07,143,0.0,0.0,0.0,0.0,0.0,0.0,0.0,0.2375,0.0,0,0,0.0,0.0
2v2,GUARD,19700008,I1_W50_NO_COMMIT,25c990af61ddbfa4dd04e6537bd8c47b27c8c6c8c3281a217d32c90f663760ba,240,2,355,0.21514781416592743,1.814547793161836,2.0420597394320312,1.9879896429418067,37.51626393852768,143,0.8708651399491094,3.6153846153846154,5.599999999999998,0.5337150127226463,0.0,0.0,0.0,0.2375,0.0,0,0,0.0,0.0
2v2,GUARD,19700008,I2_W50_CURRENT_COMMIT,25c990af61ddbfa4dd04e6537bd8c47b27c8c6c8c3281a217d32c90f663760ba,240,2,355,0.27606426885167434,1.8444649576374277,2.2436939761446713,2.105395387872474,39.545974175291676,143,0.9239821882951653,4.655555555555556,8.149999999999995,0.5677480916030535,0.5041666666666667,0.0,0.0,0.2375,0.0,0,0,0.0,4.0
2v2,GUARD,19700008,I2R_W50_INTERRUPTIBLE_COMMIT,25c990af61ddbfa4dd04e6537bd8c47b27c8c6c8c3281a217d32c90f663760ba,240,2,355,0.27606426885167434,1.8444649576374277,2.2436939761446713,2.105395387872474,39.545974175291676,143,0.9239821882951653,4.655555555555556,8.149999999999995,0.5677480916030535,0.5041666666666667,0.0,0.0,0.2375,0.0,0,0,0.0,4.0
2v2,GUARD,19700008,I3_FULL_CURRENT_MACRO,25c990af61ddbfa4dd04e6537bd8c47b27c8c6c8c3281a217d32c90f663760ba,240,2,355,0.23231464112183642,1.0345664407903497,1.3947951993435832,0.2315720617758944,33.493392397814034,143,0.912531806615776,4.241830065359477,6.499999999999998,0.5601145038167938,0.3104166666666666,0.95,0.004166666666666667,0.2375,0.5714285714285714,0,0,0.0,2.36318407960199
2v2,GUARD,19700008,I3R_FULL_MACRO_INTERRUPTIBLE,25c990af61ddbfa4dd04e6537bd8c47b27c8c6c8c3281a217d32c90f663760ba,240,2,355,0.23231464112183642,1.0345664407903497,1.3947951993435832,0.2315720617758944,33.493392397814034,143,0.912531806615776,4.241830065359477,6.499999999999998,0.5601145038167938,0.3104166666666666,0.95,0.004166666666666667,0.2375,0.5714285714285714,0,0,0.0,2.36318407960199
2v2,GUARD,19700009,I0_CONTINUOUS_ORACLE,989efd26a1d010b6dee2af49dbc718ea9264e0a683c80679dba8549f06142e10,240,2,357,0.0,0.0,0.0,0.0,3.168584863347569e-07,166,0.0,0.0,0.0,0.0,0.0,0.0,0.0,0.23125,0.0,0,0,0.0,0.0
2v2,GUARD,19700009,I1_W50_NO_COMMIT,989efd26a1d010b6dee2af49dbc718ea9264e0a683c80679dba8549f06142e10,240,2,357,0.1903969717888696,1.6960860495266483,1.958997843138132,1.9837278857226803,30.854458868135342,166,0.8539281484405843,4.009740259740259,9.22499999999999,0.58251085669167,0.0,0.0,0.0,0.23125,0.0,0,0,0.0,0.0
2v2,GUARD,19700009,I2_W50_CURRENT_COMMIT,989efd26a1d010b6dee2af49dbc718ea9264e0a683c80679dba8549f06142e10,240,2,357,0.24926835185659835,1.7854175702951864,2.1643527134361076,2.1548812871808467,39.17707874125352,166,0.9135412554283459,3.9789473684210526,5.549999999999999,0.6421239636794315,0.5291666666666667,0.0,0.0,0.23125,0.0,0,0,0.0,4.0
2v2,GUARD,19700009,I2R_W50_INTERRUPTIBLE_COMMIT,989efd26a1d010b6dee2af49dbc718ea9264e0a683c80679dba8549f06142e10,240,2,357,0.24926835185659835,1.7854175702951864,2.1643527134361076,2.1548812871808467,39.17707874125352,166,0.9135412554283459,3.9789473684210526,5.549999999999999,0.6421239636794315,0.5291666666666667,0.0,0.0,0.23125,0.0,0,0,0.0,4.0
2v2,GUARD,19700009,I3_FULL_CURRENT_MACRO,989efd26a1d010b6dee2af49dbc718ea9264e0a683c80679dba8549f06142e10,240,2,357,0.24792437748245483,1.0711799407947953,1.534362308949313,0.3654962806087214,38.26807765804612,166,0.8941966048164232,3.8086124401913874,6.5,0.6127121989735491,0.31875000000000003,0.9375,0.00625,0.23125,0.56,0,0,0.0,2.409090909090909
2v2,GUARD,19700009,I3R_FULL_MACRO_INTERRUPTIBLE,989efd26a1d010b6dee2af49dbc718ea9264e0a683c80679dba8549f06142e10,240,2,357,0.24792437748245483,1.0711799407947953,1.534362308949313,0.3654962806087214,38.26807765804612,166,0.8941966048164232,3.8086124401913874,6.5,0.6127121989735491,0.31875000000000003,0.9375,0.00625,0.23125,0.56,0,0,0.0,2.409090909090909
2v2,GUARD,19700010,I0_CONTINUOUS_ORACLE,fb30fc0e2088daf55f101c487d09fd1c297e8958a81f1db932280911154fc202,240,2,356,0.0,0.0,0.0,0.0,2.7248448535096485e-07,121,0.0,0.0,0.0,0.0,0.0,0.0,0.0,0.23333333333333334,0.0,0,0,0.0,0.0
2v2,GUARD,19700010,I1_W50_NO_COMMIT,fb30fc0e2088daf55f101c487d09fd1c297e8958a81f1db932280911154fc202,240,2,356,0.22276293116405038,1.7652594115540112,2.1328750907611855,1.951627256681502,27.76014858745523,121,0.8397435897435898,3.564327485380117,5.449999999999986,0.565883190883191,0.0,0.0,0.0,0.23333333333333334,0.0,0,0,0.0,0.0
2v2,GUARD,19700010,I2_W50_CURRENT_COMMIT,fb30fc0e2088daf55f101c487d09fd1c297e8958a81f1db932280911154fc202,240,2,356,0.26153911136586844,1.8347877333324658,2.542160851800805,2.144575569181721,36.2251211659479,121,0.9245014245014245,3.8977272727272725,6.074999999999999,0.6413817663817664,0.4770833333333333,0.0,0.0,0.23333333333333334,0.0,0,0,0.0,4.0
2v2,GUARD,19700010,I2R_W50_INTERRUPTIBLE_COMMIT,fb30fc0e2088daf55f101c487d09fd1c297e8958a81f1db932280911154fc202,240,2,356,0.26153911136586844,1.8347877333324658,2.542160851800805,2.144575569181721,36.2251211659479,121,0.9245014245014245,3.8977272727272725,6.074999999999999,0.6413817663817664,0.4770833333333333,0.0,0.0,0.23333333333333334,0.0,0,0,0.0,4.0
2v2,GUARD,19700010,I3_FULL_CURRENT_MACRO,fb30fc0e2088daf55f101c487d09fd1c297e8958a81f1db932280911154fc202,240,2,356,0.24928783737786048,1.0871711755381555,1.7639499740372044,0.4435599344419928,28.57607208712584,121,0.8782051282051282,3.9791666666666665,6.249999999999998,0.5811965811965812,0.3229166666666667,0.9291666666666667,0.008333333333333333,0.23333333333333334,0.5643564356435643,0,0,0.0,2.375
2v2,GUARD,19700010,I3R_FULL_MACRO_INTERRUPTIBLE,fb30fc0e2088daf55f101c487d09fd1c297e8958a81f1db932280911154fc202,240,2,356,0.24928783737786048,1.0871711755381555,1.7639499740372044,0.4435599344419928,28.57607208712584,121,0.8782051282051282,3.9791666666666665,6.249999999999998,0.5811965811965812,0.3229166666666667,0.9291666666666667,0.008333333333333333,0.23333333333333334,0.5643564356435643,0,0,0.0,2.375
2v2,GUARD,19700011,I0_CONTINUOUS_ORACLE,cbd62d9ede95c62e090d18a6cf47ab81c92274d7b187d06738b971759b13673c,240,2,359,0.0,0.0,0.0,0.0,2.876835903844739e-07,128,0.0,0.0,0.0,0.0,0.0,0.0,0.0,0.22916666666666666,0.0,0,0,0.0,0.0
2v2,GUARD,19700011,I1_W50_NO_COMMIT,cbd62d9ede95c62e090d18a6cf47ab81c92274d7b187d06738b971759b13673c,240,2,359,0.27976190337586415,1.8869118444495836,2.208959852496715,1.9193400349399434,27.76895469873153,128,0.7843434343434343,3.0215384615384617,5.299999999999997,0.5252525252525253,0.0,0.0,0.0,0.22916666666666666,0.0,0,0,0.0,0.0
2v2,GUARD,19700011,I2_W50_CURRENT_COMMIT,cbd62d9ede95c62e090d18a6cf47ab81c92274d7b187d06738b971759b13673c,240,2,359,0.39614442571025354,2.1037361571720012,2.527320241461,2.191572016840845,40.40064973521954,128,0.9262626262626262,3.9444444444444446,6.3,0.6535353535353535,0.5270833333333333,0.0,0.0,0.22916666666666666,0.0,0,0,0.0,4.0
2v2,GUARD,19700011,I2R_W50_INTERRUPTIBLE_COMMIT,cbd62d9ede95c62e090d18a6cf47ab81c92274d7b187d06738b971759b13673c,240,2,359,0.39614442571025354,2.1037361571720012,2.527320241461,2.191572016840845,40.40064973521954,128,0.9262626262626262,3.9444444444444446,6.3,0.6535353535353535,0.5270833333333333,0.0,0.0,0.22916666666666666,0.0,0,0,0.0,4.0
2v2,GUARD,19700011,I3_FULL_CURRENT_MACRO,cbd62d9ede95c62e090d18a6cf47ab81c92274d7b187d06738b971759b13673c,240,2,359,0.28265893205194503,1.220244777647167,1.5798778751641618,0.5165960562109514,33.082941229937376,128,0.8712121212121212,3.4583333333333335,5.524999999999999,0.5848484848484848,0.33125,0.90625,0.016666666666666666,0.22916666666666666,0.5942028985507246,0,0,0.0,2.321951219512195
2v2,GUARD,19700011,I3R_FULL_MACRO_INTERRUPTIBLE,cbd62d9ede95c62e090d18a6cf47ab81c92274d7b187d06738b971759b13673c,240,2,359,0.28265893205194503,1.220244777647167,1.5798778751641618,0.5165960562109514,33.082941229937376,128,0.8712121212121212,3.4583333333333335,5.524999999999999,0.5848484848484848,0.33125,0.90625,0.016666666666666666,0.22916666666666666,0.5942028985507246,0,0,0.0,2.321951219512195
2v2,GUARD,19700012,I0_CONTINUOUS_ORACLE,d8bd1ae4722d193f8bef31d41843e8fbc9a1881e6a73a43f032e959622673536,240,2,462,0.0,0.0,0.0,0.0,2.910114655144689e-07,246,0.0,0.0,0.0,0.0,0.0,0.0,0.0,0.03333333333333333,0.0,0,0,0.0,0.0
2v2,GUARD,19700012,I1_W50_NO_COMMIT,d8bd1ae4722d193f8bef31d41843e8fbc9a1881e6a73a43f032e959622673536,240,2,462,0.47239278702605225,1.9987965174958355,2.753237119790411,1.829161274069211,54.061326628341874,246,0.7504538425334499,0.1662210338680927,0.6999999999999993,0.7234922342499832,0.0,0.0,0.0,0.03333333333333333,0.0,0,0,0.0,0.0
2v2,GUARD,19700012,I2_W50_CURRENT_COMMIT,d8bd1ae4722d193f8bef31d41843e8fbc9a1881e6a73a43f032e959622673536,240,2,462,0.6199682678020934,2.462078956783275,3.5585579367772264,2.2953694533698092,80.78276760823735,246,0.8971626437168023,0.39285714285714285,1.1749999999999998,0.8515094466482889,0.6229166666666667,0.0,0.0,0.03333333333333333,0.0,0,0,0.0,4.0
2v2,GUARD,19700012,I2R_W50_INTERRUPTIBLE_COMMIT,d8bd1ae4722d193f8bef31d41843e8fbc9a1881e6a73a43f032e959622673536,240,2,462,0.6199682678020934,2.462078956783275,3.5585579367772264,2.2953694533698092,80.78276760823735,246,0.8971626437168023,0.39285714285714285,1.1749999999999998,0.8515094466482889,0.6229166666666667,0.0,0.0,0.03333333333333333,0.0,0,0,0.0,4.0
2v2,GUARD,19700012,I3_FULL_CURRENT_MACRO,d8bd1ae4722d193f8bef31d41843e8fbc9a1881e6a73a43f032e959622673536,240,2,462,0.5607900293822985,1.527900174335278,2.2497779081501723,0.8511233226041086,77.38869970031502,246,0.760203052511262,0.07954545454545454,0.5,0.7368385665299536,0.5645833333333333,0.90625,0.4083333333333333,0.03333333333333333,0.1897810218978102,0,0,0.0,3.4962962962962965
2v2,GUARD,19700012,I3R_FULL_MACRO_INTERRUPTIBLE,d8bd1ae4722d193f8bef31d41843e8fbc9a1881e6a73a43f032e959622673536,240,2,462,0.5607900293822985,1.527900174335278,2.2497779081501723,0.8511233226041086,77.38869970031502,246,0.760203052511262,0.07954545454545454,0.5,0.7368385665299536,0.5645833333333333,0.90625,0.4083333333333333,0.03333333333333333,0.1897810218978102,0,0,0.0,3.4962962962962965
2v2,GUARD,19700013,I0_CONTINUOUS_ORACLE,75bed9cb0433ab17e858decf672a8ec5869fc34c3dd35e2fd533a21f37a40123,240,2,352,0.0,0.0,0.0,0.0,3.161305116649679e-07,167,0.0,0.0,0.0,0.0,0.0,0.0,0.0,0.24375,0.0,0,0,0.0,0.0
2v2,GUARD,19700013,I1_W50_NO_COMMIT,75bed9cb0433ab17e858decf672a8ec5869fc34c3dd35e2fd533a21f37a40123,240,2,352,0.17027997417123342,1.6441004561835997,1.85564460609723,2.0249265493449315,34.79604913822991,167,0.8901098901098901,4.090909090909091,5.0,0.5054945054945055,0.0,0.0,0.0,0.24375,0.0,0,0,0.0,0.0
2v2,GUARD,19700013,I2_W50_CURRENT_COMMIT,75bed9cb0433ab17e858decf672a8ec5869fc34c3dd35e2fd533a21f37a40123,240,2,352,0.20458749984543223,1.6752844508981815,1.9585863083087798,2.125461998678645,40.397048267909035,167,0.9225774225774226,4.224242424242425,5.6499999999999995,0.5282217782217782,0.5125,0.0,0.0,0.24375,0.0,0,0,0.0,4.0
2v2,GUARD,19700013,I2R_W50_INTERRUPTIBLE_COMMIT,75bed9cb0433ab17e858decf672a8ec5869fc34c3dd35e2fd533a21f37a40123,240,2,352,0.20458749984543223,1.6752844508981815,1.9585863083087798,2.125461998678645,40.397048267909035,167,0.9225774225774226,4.224242424242425,5.6499999999999995,0.5282217782217782,0.5125,0.0,0.0,0.24375,0.0,0,0,0.0,4.0
2v2,GUARD,19700013,I3_FULL_CURRENT_MACRO,75bed9cb0433ab17e858decf672a8ec5869fc34c3dd35e2fd533a21f37a40123,240,2,352,0.194880942352898,0.9353968675044488,1.4028263829426613,0.1932062874083869,32.35148222939387,167,0.8511488511488512,4.146464646464646,5.125,0.46003996003996006,0.2833333333333333,0.9604166666666667,0.0020833333333333333,0.24375,0.5566502463054187,0,0,0.0,2.36318407960199
2v2,GUARD,19700013,I3R_FULL_MACRO_INTERRUPTIBLE,75bed9cb0433ab17e858decf672a8ec5869fc34c3dd35e2fd533a21f37a40123,240,2,352,0.194880942352898,0.9353968675044488,1.4028263829426613,0.1932062874083869,32.35148222939387,167,0.8511488511488512,4.146464646464646,5.125,0.46003996003996006,0.2833333333333333,0.9604166666666667,0.0020833333333333333,0.24375,0.5566502463054187,0,0,0.0,2.36318407960199
2v2,GUARD,19700014,I0_CONTINUOUS_ORACLE,ea7c87fa7eb13e8d3eda59d77d8f4e0dfd3e8b8fe8346d416dcf1369b5c1e49d,240,2,358,0.0,0.0,0.0,0.0,2.953831493015969e-07,157,0.0,0.0,0.0,0.0,0.0,0.0,0.0,0.23125,0.0,0,0,0.0,0.0
2v2,GUARD,19700014,I1_W50_NO_COMMIT,ea7c87fa7eb13e8d3eda59d77d8f4e0dfd3e8b8fe8346d416dcf1369b5c1e49d,240,2,358,0.21470328844574887,1.650810741471315,2.1040295316503634,1.9651418767102238,31.54523110865862,157,0.8523474178403756,3.9375,5.0,0.6154929577464789,0.0,0.0,0.0,0.23125,0.0,0,0,0.0,0.0
2v2,GUARD,19700014,I2_W50_CURRENT_COMMIT,ea7c87fa7eb13e8d3eda59d77d8f4e0dfd3e8b8fe8346d416dcf1369b5c1e49d,240,2,358,0.24684697027925603,1.671277264236167,2.118704584836006,2.081858316127194,34.42620868617232,157,0.9032863849765258,4.215909090909091,5.5,0.6558685446009389,0.5,0.0,0.0,0.23125,0.0,0,0,0.0,4.0
2v2,GUARD,19700014,I2R_W50_INTERRUPTIBLE_COMMIT,ea7c87fa7eb13e8d3eda59d77d8f4e0dfd3e8b8fe8346d416dcf1369b5c1e49d,240,2,358,0.24684697027925603,1.671277264236167,2.118704584836006,2.081858316127194,34.42620868617232,157,0.9032863849765258,4.215909090909091,5.5,0.6558685446009389,0.5,0.0,0.0,0.23125,0.0,0,0,0.0,4.0
2v2,GUARD,19700014,I3_FULL_CURRENT_MACRO,ea7c87fa7eb13e8d3eda59d77d8f4e0dfd3e8b8fe8346d416dcf1369b5c1e49d,240,2,358,0.22936293625541415,0.9651357759456338,1.447034103454743,0.3863910983052554,37.058996408005044,157,0.8892018779342723,4.236111111111111,5.5,0.6382629107981221,0.3416666666666667,0.9291666666666667,0.008333333333333333,0.23125,0.5714285714285714,0,0,0.0,2.36318407960199
2v2,GUARD,19700014,I3R_FULL_MACRO_INTERRUPTIBLE,ea7c87fa7eb13e8d3eda59d77d8f4e0dfd3e8b8fe8346d416dcf1369b5c1e49d,240,2,358,0.22936293625541415,0.9651357759456338,1.447034103454743,0.3863910983052554,37.058996408005044,157,0.8892018779342723,4.236111111111111,5.5,0.6382629107981221,0.3416666666666667,0.9291666666666667,0.008333333333333333,0.23125,0.5714285714285714,0,0,0.0,2.36318407960199
2v2,GUARD,19700015,I0_CONTINUOUS_ORACLE,e0c591ba3dee822c1b7d640c15bde23b5322a213ed168c85475e7f060431aed8,240,2,354,0.0,0.0,0.0,0.0,2.823867449082734e-07,149,0.0,0.0,0.0,0.0,0.0,0.0,0.0,0.23958333333333334,0.0,0,0,0.0,0.0
2v2,GUARD,19700015,I1_W50_NO_COMMIT,e0c591ba3dee822c1b7d640c15bde23b5322a213ed168c85475e7f060431aed8,240,2,354,0.23466112182529,1.789375076120209,2.0394812603042425,1.937222197506741,27.14296616409087,149,0.8397556390977443,3.9259259259259256,4.725,0.5234962406015038,0.0,0.0,0.0,0.23958333333333334,0.0,0,0,0.0,0.0
2v2,GUARD,19700015,I2_W50_CURRENT_COMMIT,e0c591ba3dee822c1b7d640c15bde23b5322a213ed168c85475e7f060431aed8,240,2,354,0.27661716983316376,1.8473023990165418,2.2889693151106236,2.0883143851482107,35.02681906135499,149,0.8660714285714286,3.714285714285714,5.225,0.5460526315789473,0.5125,0.0,0.0,0.23958333333333334,0.0,0,0,0.0,4.0
2v2,GUARD,19700015,I2R_W50_INTERRUPTIBLE_COMMIT,e0c591ba3dee822c1b7d640c15bde23b5322a213ed168c85475e7f060431aed8,240,2,354,0.27661716983316376,1.8473023990165418,2.2889693151106236,2.0883143851482107,35.02681906135499,149,0.8660714285714286,3.714285714285714,5.225,0.5460526315789473,0.5125,0.0,0.0,0.23958333333333334,0.0,0,0,0.0,4.0
2v2,GUARD,19700015,I3_FULL_CURRENT_MACRO,e0c591ba3dee822c1b7d640c15bde23b5322a213ed168c85475e7f060431aed8,240,2,354,0.256887932460099,1.1275346878169579,1.5352871136221231,0.32820603437619855,24.796069640788787,149,0.8108552631578947,4.104166666666667,5.75,0.47579887218045114,0.2625,0.90625,0.00625,0.23958333333333334,0.5980861244019139,0,0,0.0,2.289855072463768
2v2,GUARD,19700015,I3R_FULL_MACRO_INTERRUPTIBLE,e0c591ba3dee822c1b7d640c15bde23b5322a213ed168c85475e7f060431aed8,240,2,354,0.256887932460099,1.1275346878169579,1.5352871136221231,0.32820603437619855,24.796069640788787,149,0.8108552631578947,4.104166666666667,5.75,0.47579887218045114,0.2625,0.90625,0.00625,0.23958333333333334,0.5980861244019139,0,0,0.0,2.289855072463768
2v2,GUARD,19700016,I0_CONTINUOUS_ORACLE,96e18aa01fc9fef8a5a2a2ce06f9537d1335031764ec89e44ee3d5fe1609da72,240,2,360,0.0,0.0,0.0,0.0,3.203495892313132e-07,138,0.0,0.0,0.0,0.0,0.0,0.0,0.0,0.22708333333333333,0.0,0,0,0.0,0.0
2v2,GUARD,19700016,I1_W50_NO_COMMIT,96e18aa01fc9fef8a5a2a2ce06f9537d1335031764ec89e44ee3d5fe1609da72,240,2,360,0.23939958169549908,1.6223167720755032,1.87241284034274,1.8744028208333217,25.315285444304855,138,0.7107474568774879,2.1379310344827585,6.0,0.536045997346307,0.0,0.0,0.0,0.22708333333333333,0.0,0,0,0.0,0.0
2v2,GUARD,19700016,I2_W50_CURRENT_COMMIT,96e18aa01fc9fef8a5a2a2ce06f9537d1335031764ec89e44ee3d5fe1609da72,240,2,360,0.37955245332437654,1.9110595720802936,2.632861132417078,2.1444005898507505,37.47925220107766,138,0.9274657231313578,4.103174603174604,6.574999999999999,0.7401592215833701,0.5,0.0,0.0,0.22708333333333333,0.0,0,0,0.0,4.0
2v2,GUARD,19700016,I2R_W50_INTERRUPTIBLE_COMMIT,96e18aa01fc9fef8a5a2a2ce06f9537d1335031764ec89e44ee3d5fe1609da72,240,2,360,0.37955245332437654,1.9110595720802936,2.632861132417078,2.1444005898507505,37.47925220107766,138,0.9274657231313578,4.103174603174604,6.574999999999999,0.7401592215833701,0.5,0.0,0.0,0.22708333333333333,0.0,0,0,0.0,4.0
2v2,GUARD,19700016,I3_FULL_CURRENT_MACRO,96e18aa01fc9fef8a5a2a2ce06f9537d1335031764ec89e44ee3d5fe1609da72,240,2,360,0.30696760712394083,1.1084227546357033,1.716578002920428,0.7272887115020367,30.56615257281967,138,0.7361786819991154,2.9788888888888887,5.5,0.5530738611233967,0.28541666666666665,0.8854166666666667,0.020833333333333332,0.22708333333333333,0.587378640776699,0,0,0.0,2.3284313725490198
2v2,GUARD,19700016,I3R_FULL_MACRO_INTERRUPTIBLE,96e18aa01fc9fef8a5a2a2ce06f9537d1335031764ec89e44ee3d5fe1609da72,240,2,360,0.30696760712394083,1.1084227546357033,1.716578002920428,0.7272887115020367,30.56615257281967,138,0.7361786819991154,2.9788888888888887,5.5,0.5530738611233967,0.28541666666666665,0.8854166666666667,0.020833333333333332,0.22708333333333333,0.587378640776699,0,0,0.0,2.3284313725490198
2v2,BREACH,19700001,I0_CONTINUOUS_ORACLE,e73c7b73cb4eb6baab469b7a0fca2c4d985f79beae8a8b959c99896b10083b02,240,2,249,0.0,0.0,0.0,0.0,3.35446224867826e-07,80,0.0,0.0,0.0,0.0,0.0,0.0,0.0,0.44166666666666665,0.0,0,0,0.0,0.0
2v2,BREACH,19700001,I1_W50_NO_COMMIT,e73c7b73cb4eb6baab469b7a0fca2c4d985f79beae8a8b959c99896b10083b02,240,2,249,0.29132898497204596,1.422713865682221,2.2200233676101684,1.9886269599712412,5.6856226095951286,80,0.7375,4.5,10.0,0.525,0.0,0.0,0.0,0.44166666666666665,0.0,0,0,0.0,0.0
2v2,BREACH,19700001,I2_W50_CURRENT_COMMIT,e73c7b73cb4eb6baab469b7a0fca2c4d985f79beae8a8b959c99896b10083b02,240,2,249,0.35538582592761064,1.913211641403962,3.055791639349051,2.36986694634909,13.71680305992293,80,0.95,7.041666666666666,10.274999999999999,0.725,0.4041666666666667,0.0,0.0,0.44166666666666665,0.0,0,0,0.0,4.0
2v2,BREACH,19700001,I2R_W50_INTERRUPTIBLE_COMMIT,e73c7b73cb4eb6baab469b7a0fca2c4d985f79beae8a8b959c99896b10083b02,240,2,249,0.35538582592761064,1.913211641403962,3.055791639349051,2.36986694634909,13.71680305992293,80,0.95,7.041666666666666,10.274999999999999,0.725,0.4041666666666667,0.0,0.0,0.44166666666666665,0.0,0,0,0.0,4.0
2v2,BREACH,19700001,I3_FULL_CURRENT_MACRO,e73c7b73cb4eb6baab469b7a0fca2c4d985f79beae8a8b959c99896b10083b02,240,2,249,0.3637476401399057,1.7302005899012265,2.6607739383404985,1.1428727604749431,13.99057761095632,80,0.9125,6.535714285714286,10.274999999999999,0.7,0.07916666666666666,0.9958333333333333,0.058333333333333334,0.44166666666666665,0.7672727272727272,0,0,0.0,1.7326007326007327
2v2,BREACH,19700001,I3R_FULL_MACRO_INTERRUPTIBLE,e73c7b73cb4eb6baab469b7a0fca2c4d985f79beae8a8b959c99896b10083b02,240,2,249,0.3637476401399057,1.7302005899012265,2.6607739383404985,1.1428727604749431,13.99057761095632,80,0.9125,6.535714285714286,10.274999999999999,0.7,0.07916666666666666,0.9958333333333333,0.058333333333333334,0.44166666666666665,0.7672727272727272,0,0,0.0,1.7326007326007327
2v2,BREACH,19700002,I0_CONTINUOUS_ORACLE,84aafa23d6278446fbae1b9941779415eb8a65d00a7c214d897ee61376c1fc89,240,2,296,0.0,0.0,0.0,0.0,3.657043117912888e-07,121,0.0,0.0,0.0,0.0,0.0,0.0,0.0,0.35,0.0,0,0,0.0,0.0
2v2,BREACH,19700002,I1_W50_NO_COMMIT,84aafa23d6278446fbae1b9941779415eb8a65d00a7c214d897ee61376c1fc89,240,2,296,0.40648728204648793,2.1252952431353163,3.066936571038817,1.8726960855520627,10.953696342815444,121,0.644808743169399,1.8228021978021978,9.0,0.5538251366120219,0.0,0.0,0.0,0.35,0.0,0,0,0.0,0.0
2v2,BREACH,19700002,I2_W50_CURRENT_COMMIT,84aafa23d6278446fbae1b9941779415eb8a65d00a7c214d897ee61376c1fc89,240,2,296,0.5263848887475655,2.4462209369709202,3.776000185549755,2.7181833333387786,25.407735616923404,121,0.8099726775956284,2.7418546365914787,9.049999999999999,0.6692622950819672,0.3854166666666667,0.0,0.0,0.35,0.0,0,0,0.0,4.0
2v2,BREACH,19700002,I2R_W50_INTERRUPTIBLE_COMMIT,84aafa23d6278446fbae1b9941779415eb8a65d00a7c214d897ee61376c1fc89,240,2,296,0.5263848887475655,2.4462209369709202,3.776000185549755,2.7181833333387786,25.407735616923404,121,0.8099726775956284,2.7418546365914787,9.049999999999999,0.6692622950819672,0.3854166666666667,0.0,0.0,0.35,0.0,0,0,0.0,4.0
2v2,BREACH,19700002,I3_FULL_CURRENT_MACRO,84aafa23d6278446fbae1b9941779415eb8a65d00a7c214d897ee61376c1fc89,240,2,296,0.4902585502872916,2.53152745807424,4.417891897595817,2.209077267251768,22.501481072073176,121,0.7688524590163934,2.541866028708134,9.0,0.6613387978142077,0.15,0.96875,0.11249999999999999,0.35,0.6970954356846473,0,0,0.0,1.9874476987447698
2v2,BREACH,19700002,I3R_FULL_MACRO_INTERRUPTIBLE,84aafa23d6278446fbae1b9941779415eb8a65d00a7c214d897ee61376c1fc89,240,2,296,0.4902585502872916,2.53152745807424,4.417891897595817,2.209077267251768,22.501481072073176,121,0.7688524590163934,2.541866028708134,9.0,0.6613387978142077,0.15,0.96875,0.11249999999999999,0.35,0.6970954356846473,0,0,0.0,1.9874476987447698
2v2,BREACH,19700003,I0_CONTINUOUS_ORACLE,d7f477e0382626d623cdafbe3ee286d0822ddea689fc58057e2b31014d585191,240,2,236,0.0,0.0,0.0,0.0,2.999817790577275e-07,54,0.0,0.0,0.0,0.0,0.0,0.0,0.0,0.46458333333333335,0.0,0,0,0.0,0.0
2v2,BREACH,19700003,I1_W50_NO_COMMIT,d7f477e0382626d623cdafbe3ee286d0822ddea689fc58057e2b31014d585191,240,2,236,0.2559061206664031,1.3185081679370076,1.8357003182618268,1.998502511056763,3.6900017865189865,54,0.7019230769230769,4.5588235294117645,10.0,0.3873626373626373,0.0,0.0,0.0,0.46458333333333335,0.0,0,0,0.0,0.0
2v2,BREACH,19700003,I2_W50_CURRENT_COMMIT,d7f477e0382626d623cdafbe3ee286d0822ddea689fc58057e2b31014d585191,240,2,236,0.2817237344721614,1.4230340998089623,1.9231157583558467,2.1946141791994807,6.782309408823635,54,0.7747252747252746,5.264423076923077,10.0,0.4601648351648352,0.3666666666666667,0.0,0.0,0.46458333333333335,0.0,0,0,0.0,4.0
2v2,BREACH,19700003,I2R_W50_INTERRUPTIBLE_COMMIT,d7f477e0382626d623cdafbe3ee286d0822ddea689fc58057e2b31014d585191,240,2,236,0.2817237344721614,1.4230340998089623,1.9231157583558467,2.1946141791994807,6.782309408823635,54,0.7747252747252746,5.264423076923077,10.0,0.4601648351648352,0.3666666666666667,0.0,0.0,0.46458333333333335,0.0,0,0,0.0,4.0
2v2,BREACH,19700003,I3_FULL_CURRENT_MACRO,d7f477e0382626d623cdafbe3ee286d0822ddea689fc58057e2b31014d585191,240,2,236,0.2985647918452496,1.3610671595993655,1.6641559316017367,0.92685883973416,7.8445685774053375,54,0.8282967032967032,6.1875,10.0,0.5137362637362638,0.058333333333333334,0.9916666666666667,0.03125,0.46458333333333335,0.7829181494661922,0,0,0.0,1.6989247311827957
2v2,BREACH,19700003,I3R_FULL_MACRO_INTERRUPTIBLE,d7f477e0382626d623cdafbe3ee286d0822ddea689fc58057e2b31014d585191,240,2,236,0.2985647918452496,1.3610671595993655,1.6641559316017367,0.92685883973416,7.8445685774053375,54,0.8282967032967032,6.1875,10.0,0.5137362637362638,0.058333333333333334,0.9916666666666667,0.03125,0.46458333333333335,0.7829181494661922,0,0,0.0,1.6989247311827957
2v2,BREACH,19700004,I0_CONTINUOUS_ORACLE,3b59ef521e856bf82f2a351ac0e211a8f7225931d5f8fd4508bd9cc9444726e9,240,2,262,0.0,0.0,0.0,0.0,3.5446942936646035e-07,103,0.0,0.0,0.0,0.0,0.0,0.0,0.0,0.4145833333333333,0.0,0,0,0.0,0.0
2v2,BREACH,19700004,I1_W50_NO_COMMIT,3b59ef521e856bf82f2a351ac0e211a8f7225931d5f8fd4508bd9cc9444726e9,240,2,262,0.31951137371328564,1.596459195975495,2.2436196575477885,1.9325610721153024,9.342221741985753,103,0.6071969696969697,2.127320954907162,9.299999999999999,0.4615530303030303,0.0,0.0,0.0,0.4145833333333333,0.0,0,0,0.0,0.0
2v2,BREACH,19700004,I2_W50_CURRENT_COMMIT,3b59ef521e856bf82f2a351ac0e211a8f7225931d5f8fd4508bd9cc9444726e9,240,2,262,0.3724451937461156,1.9720837048253648,3.1625218712589076,2.340046793419244,18.138602129148786,103,0.7893939393939394,3.2333333333333334,9.5,0.64375,0.38958333333333334,0.0,0.0,0.4145833333333333,0.0,0,0,0.0,4.0
2v2,BREACH,19700004,I2R_W50_INTERRUPTIBLE_COMMIT,3b59ef521e856bf82f2a351ac0e211a8f7225931d5f8fd4508bd9cc9444726e9,240,2,262,0.3724451937461156,1.9720837048253648,3.1625218712589076,2.340046793419244,18.138602129148786,103,0.7893939393939394,3.2333333333333334,9.5,0.64375,0.38958333333333334,0.0,0.0,0.4145833333333333,0.0,0,0,0.0,4.0
2v2,BREACH,19700004,I3_FULL_CURRENT_MACRO,3b59ef521e856bf82f2a351ac0e211a8f7225931d5f8fd4508bd9cc9444726e9,240,2,262,0.384425027411,1.8470871139244964,2.7983811591692773,1.598520431470539,18.43556877555055,103,0.7880681818181818,3.2,9.525,0.6515151515151515,0.11041666666666666,0.9875,0.09375,0.4145833333333333,0.7547169811320755,0,0,0.0,1.8098859315589353
2v2,BREACH,19700004,I3R_FULL_MACRO_INTERRUPTIBLE,3b59ef521e856bf82f2a351ac0e211a8f7225931d5f8fd4508bd9cc9444726e9,240,2,262,0.384425027411,1.8470871139244964,2.7983811591692773,1.598520431470539,18.43556877555055,103,0.7880681818181818,3.2,9.525,0.6515151515151515,0.11041666666666666,0.9875,0.09375,0.4145833333333333,0.7547169811320755,0,0,0.0,1.8098859315589353
2v2,BREACH,19700005,I0_CONTINUOUS_ORACLE,7fea87ee2c5dcb520054ddc91eeafcb4ef0c8ab350441397901eb73462e3944c,240,2,472,0.0,0.0,0.0,0.0,3.0277067929074727e-07,425,0.0,0.0,0.0,0.0,0.0,0.0,0.0,0.014583333333333334,0.0,0,0,0.0,0.0
2v2,BREACH,19700005,I1_W50_NO_COMMIT,7fea87ee2c5dcb520054ddc91eeafcb4ef0c8ab350441397901eb73462e3944c,240,2,472,0.6958641417789543,1.8603440484751494,2.702270829447029,1.8098013140337998,51.970346541590736,425,0.8071732482382662,0.024390243902439025,0.0,0.80234233036387,0.0,0.0,0.0,0.014583333333333334,0.0,0,0,0.0,0.0
2v2,BREACH,19700005,I2_W50_CURRENT_COMMIT,7fea87ee2c5dcb520054ddc91eeafcb4ef0c8ab350441397901eb73462e3944c,240,2,472,0.8933673377580162,2.439546266487203,3.6381619320004983,2.437061590480889,82.24832516638546,425,0.8952045384035812,0.0,0.0,0.8952045384035812,0.65625,0.0,0.0,0.014583333333333334,0.0,0,0,0.0,4.0
2v2,BREACH,19700005,I2R_W50_INTERRUPTIBLE_COMMIT,7fea87ee2c5dcb520054ddc91eeafcb4ef0c8ab350441397901eb73462e3944c,240,2,472,0.8933673377580162,2.439546266487203,3.6381619320004983,2.437061590480889,82.24832516638546,425,0.8952045384035812,0.0,0.0,0.8952045384035812,0.65625,0.0,0.0,0.014583333333333334,0.0,0,0,0.0,4.0
2v2,BREACH,19700005,I3_FULL_CURRENT_MACRO,7fea87ee2c5dcb520054ddc91eeafcb4ef0c8ab350441397901eb73462e3944c,240,2,472,0.7705161166597738,1.6998565801221912,2.109724721513276,1.2855915361559105,77.64620946028936,425,0.8923015556441962,0.11896551724137931,0.5,0.8851770597881488,0.63125,0.9750000000000001,0.47291666666666665,0.014583333333333334,0.07086614173228346,0,0,0.0,3.8
2v2,BREACH,19700005,I3R_FULL_MACRO_INTERRUPTIBLE,7fea87ee2c5dcb520054ddc91eeafcb4ef0c8ab350441397901eb73462e3944c,240,2,472,0.7705161166597738,1.6998565801221912,2.109724721513276,1.2855915361559105,77.64620946028936,425,0.8923015556441962,0.11896551724137931,0.5,0.8851770597881488,0.63125,0.9750000000000001,0.47291666666666665,0.014583333333333334,0.07086614173228346,0,0,0.0,3.8
2v2,BREACH,19700006,I0_CONTINUOUS_ORACLE,664ee1d0a6b34ecbfd00ed6f50ad6eb9e2a3fbc2ffee652a349c4fd9148af55d,240,2,234,0.0,0.0,0.0,0.0,2.93052848371618e-07,43,0.0,0.0,0.0,0.0,0.0,0.0,0.0,0.4666666666666667,0.0,0,0,0.0,0.0
2v2,BREACH,19700006,I1_W50_NO_COMMIT,664ee1d0a6b34ecbfd00ed6f50ad6eb9e2a3fbc2ffee652a349c4fd9148af55d,240,2,234,0.2203509754660945,1.3369883415373884,1.9134073690513835,2.052141252821078,3.085142134709373,43,0.7218614718614718,4.644230769230769,10.0,0.3268398268398268,0.0,0.0,0.0,0.4666666666666667,0.0,0,0,0.0,0.0
2v2,BREACH,19700006,I2_W50_CURRENT_COMMIT,664ee1d0a6b34ecbfd00ed6f50ad6eb9e2a3fbc2ffee652a349c4fd9148af55d,240,2,234,0.22294900911810872,1.3400501174286217,1.9134073690513835,2.0976116433858683,3.6752702604532095,43,0.7683982683982684,4.991666666666667,10.0,0.37337662337662336,0.34791666666666665,0.0,0.0,0.4666666666666667,0.0,0,0,0.0,4.0
2v2,BREACH,19700006,I2R_W50_INTERRUPTIBLE_COMMIT,664ee1d0a6b34ecbfd00ed6f50ad6eb9e2a3fbc2ffee652a349c4fd9148af55d,240,2,234,0.22294900911810872,1.3400501174286217,1.9134073690513835,2.0976116433858683,3.6752702604532095,43,0.7683982683982684,4.991666666666667,10.0,0.37337662337662336,0.34791666666666665,0.0,0.0,0.4666666666666667,0.0,0,0,0.0,4.0
2v2,BREACH,19700006,I3_FULL_CURRENT_MACRO,664ee1d0a6b34ecbfd00ed6f50ad6eb9e2a3fbc2ffee652a349c4fd9148af55d,240,2,234,0.2468960928950797,1.3097511445610035,1.925196012717818,0.5632665720494965,5.808625051570891,43,0.8149350649350648,5.396103896103896,10.0,0.4199134199134199,0.04791666666666666,1.0,0.01875,0.4666666666666667,0.7872340425531915,0,0,0.0,1.7035714285714285
2v2,BREACH,19700006,I3R_FULL_MACRO_INTERRUPTIBLE,664ee1d0a6b34ecbfd00ed6f50ad6eb9e2a3fbc2ffee652a349c4fd9148af55d,240,2,234,0.2468960928950797,1.3097511445610035,1.925196012717818,0.5632665720494965,5.808625051570891,43,0.8149350649350648,5.396103896103896,10.0,0.4199134199134199,0.04791666666666666,1.0,0.01875,0.4666666666666667,0.7872340425531915,0,0,0.0,1.7035714285714285
2v2,BREACH,19700007,I0_CONTINUOUS_ORACLE,fdaf423c76d8e99c11aee003237d01d13b4ba7351bb03e9131753a0b917b1705,240,2,280,0.0,0.0,0.0,0.0,3.2045171769189047e-07,94,0.0,0.0,0.0,0.0,0.0,0.0,0.0,0.38125,0.0,0,0,0.0,0.0
2v2,BREACH,19700007,I1_W50_NO_COMMIT,fdaf423c76d8e99c11aee003237d01d13b4ba7351bb03e9131753a0b917b1705,240,2,280,0.3605044299942657,1.72207257394078,2.2292093757328546,1.911205293175248,10.51766584642111,94,0.6795454545454545,2.6235177865612647,9.95,0.5186363636363637,0.0,0.0,0.0,0.38125,0.0,0,0,0.0,0.0
2v2,BREACH,19700007,I2_W50_CURRENT_COMMIT,fdaf423c76d8e99c11aee003237d01d13b4ba7351bb03e9131753a0b917b1705,240,2,280,0.44319513981693437,2.0963496448342744,3.117507113236941,2.4202392830724233,18.188571058832785,94,0.8236363636363637,4.1103896103896105,10.0,0.6513636363636364,0.38125,0.0,0.0,0.38125,0.0,0,0,0.0,4.0
2v2,BREACH,19700007,I2R_W50_INTERRUPTIBLE_COMMIT,fdaf423c76d8e99c11aee003237d01d13b4ba7351bb03e9131753a0b917b1705,240,2,280,0.44319513981693437,2.0963496448342744,3.117507113236941,2.4202392830724233,18.188571058832785,94,0.8236363636363637,4.1103896103896105,10.0,0.6513636363636364,0.38125,0.0,0.0,0.38125,0.0,0,0,0.0,4.0
2v2,BREACH,19700007,I3_FULL_CURRENT_MACRO,fdaf423c76d8e99c11aee003237d01d13b4ba7351bb03e9131753a0b917b1705,240,2,280,0.42905387131014794,1.8634867043732317,2.7276133643354776,1.5685467019362331,17.558133282973074,94,0.8336363636363636,4.425000000000001,10.025,0.6727272727272727,0.11041666666666666,0.9833333333333334,0.07916666666666666,0.38125,0.7254901960784313,0,0,0.0,1.8735177865612649
2v2,BREACH,19700007,I3R_FULL_MACRO_INTERRUPTIBLE,fdaf423c76d8e99c11aee003237d01d13b4ba7351bb03e9131753a0b917b1705,240,2,280,0.42905387131014794,1.8634867043732317,2.7276133643354776,1.5685467019362331,17.558133282973074,94,0.8336363636363636,4.425000000000001,10.025,0.6727272727272727,0.11041666666666666,0.9833333333333334,0.07916666666666666,0.38125,0.7254901960784313,0,0,0.0,1.8735177865612649
2v2,BREACH,19700008,I0_CONTINUOUS_ORACLE,575f3055abebd3e09cd25121771695460384928178bd9a648c86762e840631f5,240,2,248,0.0,0.0,0.0,0.0,2.820205273118543e-07,57,0.0,0.0,0.0,0.0,0.0,0.0,0.0,0.44166666666666665,0.0,0,0,0.0,0.0
2v2,BREACH,19700008,I1_W50_NO_COMMIT,575f3055abebd3e09cd25121771695460384928178bd9a648c86762e840631f5,240,2,248,0.32693774747213966,1.8193794848884344,2.278461933883386,2.0124778440615962,3.933682511467042,57,0.7314814814814815,4.311274509803922,10.0,0.48518518518518516,0.0,0.0,0.0,0.44166666666666665,0.0,0,0,0.0,0.0
2v2,BREACH,19700008,I2_W50_CURRENT_COMMIT,575f3055abebd3e09cd25121771695460384928178bd9a648c86762e840631f5,240,2,248,0.34832724428264455,1.8390693478014288,2.2915216910064884,2.2254341842245977,6.928732860764761,57,0.8203703703703704,5.431818181818182,10.25,0.5574074074074074,0.35416666666666663,0.0,0.0,0.44166666666666665,0.0,0,0,0.0,4.0
2v2,BREACH,19700008,I2R_W50_INTERRUPTIBLE_COMMIT,575f3055abebd3e09cd25121771695460384928178bd9a648c86762e840631f5,240,2,248,0.34832724428264455,1.8390693478014288,2.2915216910064884,2.2254341842245977,6.928732860764761,57,0.8203703703703704,5.431818181818182,10.25,0.5574074074074074,0.35416666666666663,0.0,0.0,0.44166666666666665,0.0,0,0,0.0,4.0
2v2,BREACH,19700008,I3_FULL_CURRENT_MACRO,575f3055abebd3e09cd25121771695460384928178bd9a648c86762e840631f5,240,2,248,0.3646878937958405,1.8020054956674385,2.1916947593150304,1.1003174321894524,9.400299546717886,57,0.8222222222222222,5.104895104895105,10.0,0.575925925925926,0.0625,0.9979166666666667,0.03958333333333333,0.44166666666666665,0.7683823529411765,0,0,0.0,1.7592592592592593
2v2,BREACH,19700008,I3R_FULL_MACRO_INTERRUPTIBLE,575f3055abebd3e09cd25121771695460384928178bd9a648c86762e840631f5,240,2,248,0.3646878937958405,1.8020054956674385,2.1916947593150304,1.1003174321894524,9.400299546717886,57,0.8222222222222222,5.104895104895105,10.0,0.575925925925926,0.0625,0.9979166666666667,0.03958333333333333,0.44166666666666665,0.7683823529411765,0,0,0.0,1.7592592592592593
2v2,BREACH,19700009,I0_CONTINUOUS_ORACLE,75df3a3a0ab3bf7c3069f5f37da3b34dd70ad1812cb7a19a498aa12c64d0d3db,240,2,232,0.0,0.0,0.0,0.0,2.900679489028489e-07,41,0.0,0.0,0.0,0.0,0.0,0.0,0.0,0.4708333333333333,0.0,0,0,0.0,0.0
2v2,BREACH,19700009,I1_W50_NO_COMMIT,75df3a3a0ab3bf7c3069f5f37da3b34dd70ad1812cb7a19a498aa12c64d0d3db,240,2,232,0.24044373300277253,1.4268137759015866,2.394771376895134,2.0434811581585417,3.700787148838411,41,0.8023809523809524,6.166666666666666,9.5,0.31547619047619047,0.0,0.0,0.0,0.4708333333333333,0.0,0,0,0.0,0.0
2v2,BREACH,19700009,I2_W50_CURRENT_COMMIT,75df3a3a0ab3bf7c3069f5f37da3b34dd70ad1812cb7a19a498aa12c64d0d3db,240,2,232,0.25671474038659514,1.483885770861705,2.49163699909745,2.11991433796063,4.951126864907213,41,0.9035714285714285,7.25,9.5,0.41666666666666663,0.3625,0.0,0.0,0.4708333333333333,0.0,0,0,0.0,4.0
2v2,BREACH,19700009,I2R_W50_INTERRUPTIBLE_COMMIT,75df3a3a0ab3bf7c3069f5f37da3b34dd70ad1812cb7a19a498aa12c64d0d3db,240,2,232,0.25671474038659514,1.483885770861705,2.49163699909745,2.11991433796063,4.951126864907213,41,0.9035714285714285,7.25,9.5,0.41666666666666663,0.3625,0.0,0.0,0.4708333333333333,0.0,0,0,0.0,4.0
2v2,BREACH,19700009,I3_FULL_CURRENT_MACRO,75df3a3a0ab3bf7c3069f5f37da3b34dd70ad1812cb7a19a498aa12c64d0d3db,240,2,232,0.26231431631346436,1.3621564149318495,2.151612249033838,0.6164799073428536,7.03861444303985,41,0.9273809523809524,7.5,9.5,0.44047619047619047,0.05208333333333333,1.0,0.020833333333333332,0.4708333333333333,0.7836879432624113,0,0,0.0,1.707142857142857
2v2,BREACH,19700009,I3R_FULL_MACRO_INTERRUPTIBLE,75df3a3a0ab3bf7c3069f5f37da3b34dd70ad1812cb7a19a498aa12c64d0d3db,240,2,232,0.26231431631346436,1.3621564149318495,2.151612249033838,0.6164799073428536,7.03861444303985,41,0.9273809523809524,7.5,9.5,0.44047619047619047,0.05208333333333333,1.0,0.020833333333333332,0.4708333333333333,0.7836879432624113,0,0,0.0,1.707142857142857
2v2,BREACH,19700010,I0_CONTINUOUS_ORACLE,1e6b6ab84230607858f4050267d5e7d3031dfa0d45837c03b6abd31392303668,240,2,230,0.0,0.0,0.0,0.0,2.7272600054980107e-07,36,0.0,0.0,0.0,0.0,0.0,0.0,0.0,0.475,0.0,0,0,0.0,0.0
2v2,BREACH,19700010,I1_W50_NO_COMMIT,1e6b6ab84230607858f4050267d5e7d3031dfa0d45837c03b6abd31392303668,240,2,230,0.22739793549069903,1.2689774751049705,1.8684114756672991,2.05405257317519,3.7745788726710154,36,0.8297213622291022,6.5,10.0,0.32507739938080493,0.0,0.0,0.0,0.475,0.0,0,0,0.0,0.0
2v2,BREACH,19700010,I2_W50_CURRENT_COMMIT,1e6b6ab84230607858f4050267d5e7d3031dfa0d45837c03b6abd31392303668,240,2,230,0.23013885589261354,1.3638863668055192,1.868075717780724,2.112991720811931,4.0272928736876015,36,0.9179566563467492,7.318181818181818,10.0,0.413312693498452,0.36875,0.0,0.0,0.475,0.0,0,0,0.0,4.0
2v2,BREACH,19700010,I2R_W50_INTERRUPTIBLE_COMMIT,1e6b6ab84230607858f4050267d5e7d3031dfa0d45837c03b6abd31392303668,240,2,230,0.23013885589261354,1.3638863668055192,1.868075717780724,2.112991720811931,4.0272928736876015,36,0.9179566563467492,7.318181818181818,10.0,0.413312693498452,0.36875,0.0,0.0,0.475,0.0,0,0,0.0,4.0
2v2,BREACH,19700010,I3_FULL_CURRENT_MACRO,1e6b6ab84230607858f4050267d5e7d3031dfa0d45837c03b6abd31392303668,240,2,230,0.23025225259188203,1.2533691665430169,1.759509456323379,0.28580324219074826,4.076360400783051,36,0.9179566563467492,7.318181818181818,10.0,0.413312693498452,0.04791666666666666,1.0,0.010416666666666666,0.475,0.7773851590106007,0,0,0.0,1.701067615658363
2v2,BREACH,19700010,I3R_FULL_MACRO_INTERRUPTIBLE,1e6b6ab84230607858f4050267d5e7d3031dfa0d45837c03b6abd31392303668,240,2,230,0.23025225259188203,1.2533691665430169,1.759509456323379,0.28580324219074826,4.076360400783051,36,0.9179566563467492,7.318181818181818,10.0,0.413312693498452,0.04791666666666666,1.0,0.010416666666666666,0.475,0.7773851590106007,0,0,0.0,1.701067615658363
2v2,BREACH,19700011,I0_CONTINUOUS_ORACLE,150e68b237d564bc96b989558141ed15aee85cc18fe16132d53f59172fb1f009,240,2,255,0.0,0.0,0.0,0.0,3.01950769061674e-07,72,0.0,0.0,0.0,0.0,0.0,0.0,0.0,0.4291666666666667,0.0,0,0,0.0,0.0
2v2,BREACH,19700011,I1_W50_NO_COMMIT,150e68b237d564bc96b989558141ed15aee85cc18fe16132d53f59172fb1f009,240,2,255,0.33935910751568876,1.6915708558523972,2.220312748080917,1.9727650209918688,5.771232175058861,72,0.68343653250774,3.057142857142857,10.0,0.5030959752321982,0.0,0.0,0.0,0.4291666666666667,0.0,0,0,0.0,0.0
2v2,BREACH,19700011,I2_W50_CURRENT_COMMIT,150e68b237d564bc96b989558141ed15aee85cc18fe16132d53f59172fb1f009,240,2,255,0.42202059675358394,2.1884898607068313,3.6600476785403786,2.6269760923869017,15.598278173746898,72,0.8428792569659442,4.75,10.0,0.6478328173374612,0.3854166666666667,0.0,0.0,0.4291666666666667,0.0,0,0,0.0,4.0
2v2,BREACH,19700011,I2R_W50_INTERRUPTIBLE_COMMIT,150e68b237d564bc96b989558141ed15aee85cc18fe16132d53f59172fb1f009,240,2,255,0.42202059675358394,2.1884898607068313,3.6600476785403786,2.6269760923869017,15.598278173746898,72,0.8428792569659442,4.75,10.0,0.6478328173374612,0.3854166666666667,0.0,0.0,0.4291666666666667,0.0,0,0,0.0,4.0
2v2,BREACH,19700011,I3_FULL_CURRENT_MACRO,150e68b237d564bc96b989558141ed15aee85cc18fe16132d53f59172fb1f009,240,2,255,0.4042374339847803,1.8284540179806166,2.559928629440984,1.2747338045457408,15.176097348884019,72,0.8869969040247678,5.1,10.0,0.6919504643962848,0.1,0.9895833333333333,0.05416666666666666,0.4291666666666667,0.758364312267658,0,0,0.0,1.7715355805243447
2v2,BREACH,19700011,I3R_FULL_MACRO_INTERRUPTIBLE,150e68b237d564bc96b989558141ed15aee85cc18fe16132d53f59172fb1f009,240,2,255,0.4042374339847803,1.8284540179806166,2.559928629440984,1.2747338045457408,15.176097348884019,72,0.8869969040247678,5.1,10.0,0.6919504643962848,0.1,0.9895833333333333,0.05416666666666666,0.4291666666666667,0.758364312267658,0,0,0.0,1.7715355805243447
2v2,BREACH,19700012,I0_CONTINUOUS_ORACLE,868e7d7f837835a279512bd86a6f9c8f11e7b868d5ea10938e9d46cccb277f95,240,2,261,0.0,0.0,0.0,0.0,3.3416918672995133e-07,79,0.0,0.0,0.0,0.0,0.0,0.0,0.0,0.4166666666666667,0.0,0,0,0.0,0.0
2v2,BREACH,19700012,I1_W50_NO_COMMIT,868e7d7f837835a279512bd86a6f9c8f11e7b868d5ea10938e9d46cccb277f95,240,2,261,0.32688120812049926,1.6468165581111127,2.1554616018606696,1.9617261293635508,5.126369972482749,79,0.6073717948717949,2.6363636363636367,9.975,0.44294871794871793,0.0,0.0,0.0,0.4166666666666667,0.0,0,0,0.0,0.0
2v2,BREACH,19700012,I2_W50_CURRENT_COMMIT,868e7d7f837835a279512bd86a6f9c8f11e7b868d5ea10938e9d46cccb277f95,240,2,261,0.4177612130590852,1.9675340952543676,3.2533463649443437,2.568485841067158,15.703463580894097,79,0.823076923076923,4.230769230769231,10.2,0.6333333333333333,0.37916666666666665,0.0,0.0,0.4166666666666667,0.0,0,0,0.0,4.0
2v2,BREACH,19700012,I2R_W50_INTERRUPTIBLE_COMMIT,868e7d7f837835a279512bd86a6f9c8f11e7b868d5ea10938e9d46cccb277f95,240,2,261,0.4177612130590852,1.9675340952543676,3.2533463649443437,2.568485841067158,15.703463580894097,79,0.823076923076923,4.230769230769231,10.2,0.6333333333333333,0.37916666666666665,0.0,0.0,0.4166666666666667,0.0,0,0,0.0,4.0
2v2,BREACH,19700012,I3_FULL_CURRENT_MACRO,868e7d7f837835a279512bd86a6f9c8f11e7b868d5ea10938e9d46cccb277f95,240,2,261,0.3909099092867089,1.7722400708443753,2.3950914078404137,1.3401560156437426,14.330938289613282,79,0.8358974358974359,4.5,10.25,0.658974358974359,0.09166666666666667,0.9895833333333333,0.06041666666666666,0.4166666666666667,0.7556390977443609,0,0,0.0,1.7916666666666667
2v2,BREACH,19700012,I3R_FULL_MACRO_INTERRUPTIBLE,868e7d7f837835a279512bd86a6f9c8f11e7b868d5ea10938e9d46cccb277f95,240,2,261,0.3909099092867089,1.7722400708443753,2.3950914078404137,1.3401560156437426,14.330938289613282,79,0.8358974358974359,4.5,10.25,0.658974358974359,0.09166666666666667,0.9895833333333333,0.06041666666666666,0.4166666666666667,0.7556390977443609,0,0,0.0,1.7916666666666667
2v2,BREACH,19700013,I0_CONTINUOUS_ORACLE,7dbea02a8cf810177cc1083b93dd0ef600bfd39ee6c82e880a6b08ed40f5bbcb,240,2,266,0.0,0.0,0.0,0.0,2.983865544704656e-07,85,0.0,0.0,0.0,0.0,0.0,0.0,0.0,0.40625,0.0,0,0,0.0,0.0
2v2,BREACH,19700013,I1_W50_NO_COMMIT,7dbea02a8cf810177cc1083b93dd0ef600bfd39ee6c82e880a6b08ed40f5bbcb,240,2,266,0.32940708775505356,1.8423478737252514,2.946838136052554,1.934940928195143,6.677937541940674,85,0.6170568561872909,2.63,9.424999999999999,0.46209587513935335,0.0,0.0,0.0,0.40625,0.0,0,0,0.0,0.0
2v2,BREACH,19700013,I2_W50_CURRENT_COMMIT,7dbea02a8cf810177cc1083b93dd0ef600bfd39ee6c82e880a6b08ed40f5bbcb,240,2,266,0.4035483551289739,2.052325779971481,3.156737839317596,2.583741613465536,15.587173921428718,85,0.7689520624303232,3.525,9.525,0.5774804905239688,0.37916666666666665,0.0,0.0,0.40625,0.0,0,0,0.0,4.0
2v2,BREACH,19700013,I2R_W50_INTERRUPTIBLE_COMMIT,7dbea02a8cf810177cc1083b93dd0ef600bfd39ee6c82e880a6b08ed40f5bbcb,240,2,266,0.4035483551289739,2.052325779971481,3.156737839317596,2.583741613465536,15.587173921428718,85,0.7689520624303232,3.525,9.525,0.5774804905239688,0.37916666666666665,0.0,0.0,0.40625,0.0,0,0,0.0,4.0
2v2,BREACH,19700013,I3_FULL_CURRENT_MACRO,7dbea02a8cf810177cc1083b93dd0ef600bfd39ee6c82e880a6b08ed40f5bbcb,240,2,266,0.40315585719218366,1.7502755701446286,2.4923592873744314,1.6185804390927485,16.845679220591634,85,0.7630992196209587,3.5588235294117645,9.6,0.5972686733556298,0.10625000000000001,0.98125,0.06875,0.40625,0.7461538461538462,0,0,0.0,1.8372093023255813
2v2,BREACH,19700013,I3R_FULL_MACRO_INTERRUPTIBLE,7dbea02a8cf810177cc1083b93dd0ef600bfd39ee6c82e880a6b08ed40f5bbcb,240,2,266,0.40315585719218366,1.7502755701446286,2.4923592873744314,1.6185804390927485,16.845679220591634,85,0.7630992196209587,3.5588235294117645,9.6,0.5972686733556298,0.10625000000000001,0.98125,0.06875,0.40625,0.7461538461538462,0,0,0.0,1.8372093023255813
2v2,BREACH,19700014,I0_CONTINUOUS_ORACLE,bcb6b3f4761305de88448ab5b2ca3fb71ed5a7b1337dc59d1b549536d9f37d72,240,2,253,0.0,0.0,0.0,0.0,2.9808514213713214e-07,70,0.0,0.0,0.0,0.0,0.0,0.0,0.0,0.43125,0.0,0,0,0.0,0.0
2v2,BREACH,19700014,I1_W50_NO_COMMIT,bcb6b3f4761305de88448ab5b2ca3fb71ed5a7b1337dc59d1b549536d9f37d72,240,2,253,0.25213804177719823,1.567419229328768,2.504859218885498,1.9635681381083727,4.759289880160388,70,0.6759868421052632,3.7414772727272725,10.0,0.4457236842105263,0.0,0.0,0.0,0.43125,0.0,0,0,0.0,0.0
2v2,BREACH,19700014,I2_W50_CURRENT_COMMIT,bcb6b3f4761305de88448ab5b2ca3fb71ed5a7b1337dc59d1b549536d9f37d72,240,2,253,0.3190128528848848,1.9767476432964508,3.7474833440550643,2.645522307366096,13.969188345577361,70,0.8166118421052632,4.6764705882352935,10.0,0.5575657894736843,0.3770833333333333,0.0,0.0,0.43125,0.0,0,0,0.0,4.0
2v2,BREACH,19700014,I2R_W50_INTERRUPTIBLE_COMMIT,bcb6b3f4761305de88448ab5b2ca3fb71ed5a7b1337dc59d1b549536d9f37d72,240,2,253,0.3190128528848848,1.9767476432964508,3.7474833440550643,2.645522307366096,13.969188345577361,70,0.8166118421052632,4.6764705882352935,10.0,0.5575657894736843,0.3770833333333333,0.0,0.0,0.43125,0.0,0,0,0.0,4.0
2v2,BREACH,19700014,I3_FULL_CURRENT_MACRO,bcb6b3f4761305de88448ab5b2ca3fb71ed5a7b1337dc59d1b549536d9f37d72,240,2,253,0.2839126568796464,1.5548704638721702,2.5139622962392036,1.1893379937918014,11.957372315625726,70,0.8166118421052632,4.647321428571429,10.0,0.5707236842105263,0.08333333333333334,0.9916666666666667,0.056249999999999994,0.43125,0.7610294117647058,0,0,0.0,1.7703703703703704
2v2,BREACH,19700014,I3R_FULL_MACRO_INTERRUPTIBLE,bcb6b3f4761305de88448ab5b2ca3fb71ed5a7b1337dc59d1b549536d9f37d72,240,2,253,0.2839126568796464,1.5548704638721702,2.5139622962392036,1.1893379937918014,11.957372315625726,70,0.8166118421052632,4.647321428571429,10.0,0.5707236842105263,0.08333333333333334,0.9916666666666667,0.056249999999999994,0.43125,0.7610294117647058,0,0,0.0,1.7703703703703704
2v2,BREACH,19700015,I0_CONTINUOUS_ORACLE,a068b369114e6f3d62873bf15485137db636d9319a2b8489593333ca1ec10e2c,240,2,263,0.0,0.0,0.0,0.0,2.8391937899895353e-07,91,0.0,0.0,0.0,0.0,0.0,0.0,0.0,0.4125,0.0,0,0,0.0,0.0
2v2,BREACH,19700015,I1_W50_NO_COMMIT,a068b369114e6f3d62873bf15485137db636d9319a2b8489593333ca1ec10e2c,240,2,263,0.295593207245916,1.4345140469384832,1.9511681073083396,1.9062973893690225,7.447044202031135,91,0.6821256038647343,2.788235294117647,9.999999999999998,0.5393719806763285,0.0,0.0,0.0,0.4125,0.0,0,0,0.0,0.0
2v2,BREACH,19700015,I2_W50_CURRENT_COMMIT,a068b369114e6f3d62873bf15485137db636d9319a2b8489593333ca1ec10e2c,240,2,263,0.4098319632860592,1.9436198896839514,3.0054898941095125,2.500901636598857,18.00772766210325,91,0.8560386473429952,4.655555555555556,10.075,0.691304347826087,0.3979166666666667,0.0,0.0,0.4125,0.0,0,0,0.0,4.0
2v2,BREACH,19700015,I2R_W50_INTERRUPTIBLE_COMMIT,a068b369114e6f3d62873bf15485137db636d9319a2b8489593333ca1ec10e2c,240,2,263,0.4098319632860592,1.9436198896839514,3.0054898941095125,2.500901636598857,18.00772766210325,91,0.8560386473429952,4.655555555555556,10.075,0.691304347826087,0.3979166666666667,0.0,0.0,0.4125,0.0,0,0,0.0,4.0
2v2,BREACH,19700015,I3_FULL_CURRENT_MACRO,a068b369114e6f3d62873bf15485137db636d9319a2b8489593333ca1ec10e2c,240,2,263,0.41312158673918087,2.0574357316222356,3.020390638537893,1.8083128863366529,18.44664889114281,91,0.8557971014492753,4.944444444444445,10.049999999999999,0.6910628019323671,0.11249999999999999,0.9791666666666667,0.07916666666666666,0.4125,0.7593984962406015,0,0,0.0,1.7916666666666667
2v2,BREACH,19700015,I3R_FULL_MACRO_INTERRUPTIBLE,a068b369114e6f3d62873bf15485137db636d9319a2b8489593333ca1ec10e2c,240,2,263,0.41312158673918087,2.0574357316222356,3.020390638537893,1.8083128863366529,18.44664889114281,91,0.8557971014492753,4.944444444444445,10.049999999999999,0.6910628019323671,0.11249999999999999,0.9791666666666667,0.07916666666666666,0.4125,0.7593984962406015,0,0,0.0,1.7916666666666667
2v2,BREACH,19700016,I0_CONTINUOUS_ORACLE,4ddcec5930d2e20e21a5ad6f0ea51a8a28f4ca39c50a03e8edd5d5dab4ec22a7,240,2,248,0.0,0.0,0.0,0.0,2.710243905595147e-07,59,0.0,0.0,0.0,0.0,0.0,0.0,0.0,0.44166666666666665,0.0,0,0,0.0,0.0
2v2,BREACH,19700016,I1_W50_NO_COMMIT,4ddcec5930d2e20e21a5ad6f0ea51a8a28f4ca39c50a03e8edd5d5dab4ec22a7,240,2,248,0.3095399702651982,1.6713491519153625,2.3138705237440336,1.9947412040272585,6.1850425549972625,59,0.7384259259259259,4.5,9.225,0.4340277777777778,0.0,0.0,0.0,0.44166666666666665,0.0,0,0,0.0,0.0
2v2,BREACH,19700016,I2_W50_CURRENT_COMMIT,4ddcec5930d2e20e21a5ad6f0ea51a8a28f4ca39c50a03e8edd5d5dab4ec22a7,240,2,248,0.3362151771717762,1.8635063693991976,2.5787724264411143,2.250338801553286,9.617327518601936,59,0.9189814814814814,6.300000000000001,9.45,0.5989583333333333,0.36250000000000004,0.0,0.0,0.44166666666666665,0.0,0,0,0.0,4.0
2v2,BREACH,19700016,I2R_W50_INTERRUPTIBLE_COMMIT,4ddcec5930d2e20e21a5ad6f0ea51a8a28f4ca39c50a03e8edd5d5dab4ec22a7,240,2,248,0.3362151771717762,1.8635063693991976,2.5787724264411143,2.250338801553286,9.617327518601936,59,0.9189814814814814,6.300000000000001,9.45,0.5989583333333333,0.36250000000000004,0.0,0.0,0.44166666666666665,0.0,0,0,0.0,4.0
2v2,BREACH,19700016,I3_FULL_CURRENT_MACRO,4ddcec5930d2e20e21a5ad6f0ea51a8a28f4ca39c50a03e8edd5d5dab4ec22a7,240,2,248,0.3170564617225684,1.4732347681015279,1.8347470129285477,0.9487346545650792,9.102139250489516,59,0.8975694444444444,6.111888111888112,9.45,0.5931712962962963,0.06875,0.9958333333333333,0.0375,0.44166666666666665,0.7619047619047619,0,0,0.0,1.7601476014760147
2v2,BREACH,19700016,I3R_FULL_MACRO_INTERRUPTIBLE,4ddcec5930d2e20e21a5ad6f0ea51a8a28f4ca39c50a03e8edd5d5dab4ec22a7,240,2,248,0.3170564617225684,1.4732347681015279,1.8347470129285477,0.9487346545650792,9.102139250489516,59,0.8975694444444444,6.111888111888112,9.45,0.5931712962962963,0.06875,0.9958333333333333,0.0375,0.44166666666666665,0.7619047619047619,0,0,0.0,1.7601476014760147
4v4,GUARD,19700001,I0_CONTINUOUS_ORACLE,2daca7f5e3ee8820a6a981105ec5828e46271eb4a6d1dec95e729342851d5c93,240,4,728,0.0,0.0,0.0,0.0,2.8404377824108293e-07,277,0.0,0.0,0.0,0.0,0.0,0.0,0.0,0.215625,0.0,0,0,0.0,0.0
4v4,GUARD,19700001,I1_W50_NO_COMMIT,2daca7f5e3ee8820a6a981105ec5828e46271eb4a6d1dec95e729342851d5c93,240,4,728,0.41679712126014146,1.7949382868804866,2.6338678656473236,1.804315495097811,36.31819556861814,277,0.6272221946087446,0.9194556451612904,4.5125,0.5458397534668721,0.0,0.0,0.0,0.215625,0.0,0,0,0.0,0.0
4v4,GUARD,19700001,I2_W50_CURRENT_COMMIT,2daca7f5e3ee8820a6a981105ec5828e46271eb4a6d1dec95e729342851d5c93,240,4,728,0.49174426226896567,2.1374002375533303,3.3292833241924082,2.2916304558806284,46.559005420836314,277,0.7674192719982769,2.1952224764810575,6.474999999999998,0.6730847291946254,0.5197916666666667,0.0,0.0,0.215625,0.0,0,0,0.0,4.0
4v4,GUARD,19700001,I2R_W50_INTERRUPTIBLE_COMMIT,2daca7f5e3ee8820a6a981105ec5828e46271eb4a6d1dec95e729342851d5c93,240,4,728,0.49174426226896567,2.1374002375533303,3.3292833241924082,2.2916304558806284,46.559005420836314,277,0.7674192719982769,2.1952224764810575,6.474999999999998,0.6730847291946254,0.5197916666666667,0.0,0.0,0.215625,0.0,0,0,0.0,4.0
4v4,GUARD,19700001,I3_FULL_CURRENT_MACRO,2daca7f5e3ee8820a6a981105ec5828e46271eb4a6d1dec95e729342851d5c93,240,4,728,0.4442333883417064,1.4383642615095733,2.392242016869837,0.8150341032543935,38.818481263303525,277,0.7660316947495733,2.0147230725033927,4.749999999999999,0.6712870918037676,0.29375,0.8614583333333332,0.029166666666666667,0.215625,0.6090047393364929,0,0,0.0,2.277511961722488
4v4,GUARD,19700001,I3R_FULL_MACRO_INTERRUPTIBLE,2daca7f5e3ee8820a6a981105ec5828e46271eb4a6d1dec95e729342851d5c93,240,4,728,0.4442333883417064,1.4383642615095733,2.392242016869837,0.8150341032543935,38.818481263303525,277,0.7660316947495733,2.0147230725033927,4.749999999999999,0.6712870918037676,0.29375,0.8614583333333332,0.029166666666666667,0.215625,0.6090047393364929,0,0,0.0,2.277511961722488
4v4,GUARD,19700002,I0_CONTINUOUS_ORACLE,fac03fa98d2e286fc8082aa39e8ddea84714c4526b86927f9c247adc73a435a4,240,4,719,0.0,0.0,0.0,0.0,3.0746052143063495e-07,286,0.0,0.0,0.0,0.0,0.0,0.0,0.0,0.22604166666666667,0.0,0,0,0.0,0.0
4v4,GUARD,19700002,I1_W50_NO_COMMIT,fac03fa98d2e286fc8082aa39e8ddea84714c4526b86927f9c247adc73a435a4,240,4,719,0.38092413963003857,1.7759442633459548,2.4301348303935253,1.8075040710929267,29.607208938678987,286,0.7753289726818007,2.601621240601504,5.0249999999999995,0.6197552904963448,0.0,0.0,0.0,0.22604166666666667,0.0,0,0,0.0,0.0
4v4,GUARD,19700002,I2_W50_CURRENT_COMMIT,fac03fa98d2e286fc8082aa39e8ddea84714c4526b86927f9c247adc73a435a4,240,4,719,0.45485225340538654,1.927179924388975,2.690266446649926,2.065068108656768,40.15448741807927,286,0.890610234705656,3.0457386363636365,5.4125,0.7250365525202,0.49374999999999997,0.0,0.0,0.22604166666666667,0.0,0,0,0.0,4.0
4v4,GUARD,19700002,I2R_W50_INTERRUPTIBLE_COMMIT,fac03fa98d2e286fc8082aa39e8ddea84714c4526b86927f9c247adc73a435a4,240,4,719,0.45485225340538654,1.927179924388975,2.690266446649926,2.065068108656768,40.15448741807927,286,0.890610234705656,3.0457386363636365,5.4125,0.7250365525202,0.49374999999999997,0.0,0.0,0.22604166666666667,0.0,0,0,0.0,4.0
4v4,GUARD,19700002,I3_FULL_CURRENT_MACRO,fac03fa98d2e286fc8082aa39e8ddea84714c4526b86927f9c247adc73a435a4,240,4,719,0.46065512312922885,1.4509567536815737,2.212485998166592,0.6050746607344538,37.61380592845496,286,0.9035198153135822,3.6876653439153437,5.8374999999999995,0.7313089649865332,0.30104166666666665,0.8322916666666667,0.013541666666666667,0.22604166666666667,0.625866050808314,0,0,0.0,2.2167832167832167
4v4,GUARD,19700002,I3R_FULL_MACRO_INTERRUPTIBLE,fac03fa98d2e286fc8082aa39e8ddea84714c4526b86927f9c247adc73a435a4,240,4,719,0.46065512312922885,1.4509567536815737,2.212485998166592,0.6050746607344538,37.61380592845496,286,0.9035198153135822,3.6876653439153437,5.8374999999999995,0.7313089649865332,0.30104166666666665,0.8322916666666667,0.013541666666666667,0.22604166666666667,0.625866050808314,0,0,0.0,2.2167832167832167
4v4,GUARD,19700003,I0_CONTINUOUS_ORACLE,997e6b26cbb040dbf55e0547387c4a92d7c66e32ce4d5680347c8e645b7f2bef,240,4,700,0.0,0.0,0.0,0.0,3.0457044250971536e-07,233,0.0,0.0,0.0,0.0,0.0,0.0,0.0,0.24375000000000002,0.0,0,0,0.0,0.0
4v4,GUARD,19700003,I1_W50_NO_COMMIT,997e6b26cbb040dbf55e0547387c4a92d7c66e32ce4d5680347c8e645b7f2bef,240,4,700,0.3807656218238127,1.6181504833663227,2.122197247495768,1.8932113408978228,29.91289948623652,233,0.8326284053444386,3.6709064327485383,5.587499999999998,0.44166449765747007,0.0,0.0,0.0,0.24375000000000002,0.0,0,0,0.0,0.0
4v4,GUARD,19700003,I2_W50_CURRENT_COMMIT,997e6b26cbb040dbf55e0547387c4a92d7c66e32ce4d5680347c8e645b7f2bef,240,4,700,0.4757433003458591,1.7555096527213814,2.4977267189275474,2.1269190341829063,43.13299255136103,233,0.8866801145236856,3.8722222222222222,5.987499999999998,0.48591228526808955,0.521875,0.0,0.0,0.24375000000000002,0.0,0,0,0.0,4.0
4v4,GUARD,19700003,I2R_W50_INTERRUPTIBLE_COMMIT,997e6b26cbb040dbf55e0547387c4a92d7c66e32ce4d5680347c8e645b7f2bef,240,4,700,0.4757433003458591,1.7555096527213814,2.4977267189275474,2.1269190341829063,43.13299255136103,233,0.8866801145236856,3.8722222222222222,5.987499999999998,0.48591228526808955,0.521875,0.0,0.0,0.24375000000000002,0.0,0,0,0.0,4.0
4v4,GUARD,19700003,I3_FULL_CURRENT_MACRO,997e6b26cbb040dbf55e0547387c4a92d7c66e32ce4d5680347c8e645b7f2bef,240,4,700,0.42533500459828144,1.2999195557549605,2.0352441727747186,0.2869952582099423,37.09707974357389,233,0.8631246746486205,3.7820048309178746,5.9875,0.4625954364046504,0.29583333333333334,0.878125,0.0010416666666666667,0.24375000000000002,0.616822429906542,0,0,0.0,2.240566037735849
4v4,GUARD,19700003,I3R_FULL_MACRO_INTERRUPTIBLE,997e6b26cbb040dbf55e0547387c4a92d7c66e32ce4d5680347c8e645b7f2bef,240,4,700,0.42533500459828144,1.2999195557549605,2.0352441727747186,0.2869952582099423,37.09707974357389,233,0.8631246746486205,3.7820048309178746,5.9875,0.4625954364046504,0.29583333333333334,0.878125,0.0010416666666666667,0.24375000000000002,0.616822429906542,0,0,0.0,2.240566037735849
4v4,GUARD,19700004,I0_CONTINUOUS_ORACLE,844111f4003784df224c17f172303790250e71555c29684b2452360d6435c90b,240,4,702,0.0,0.0,0.0,0.0,2.846358569174371e-07,191,0.0,0.0,0.0,0.0,0.0,0.0,0.0,0.24270833333333333,0.0,0,0,0.0,0.0
4v4,GUARD,19700004,I1_W50_NO_COMMIT,844111f4003784df224c17f172303790250e71555c29684b2452360d6435c90b,240,4,702,0.40139852302912793,1.8907260047278245,2.7132669395976263,1.9483897000944195,45.293956396479174,191,0.7474761011346378,2.8756578947368423,5.062499999999999,0.48183574555525777,0.0,0.0,0.0,0.24270833333333333,0.0,0,0,0.0,0.0
4v4,GUARD,19700004,I2_W50_CURRENT_COMMIT,844111f4003784df224c17f172303790250e71555c29684b2452360d6435c90b,240,4,702,0.42248005986491716,1.9239016318466269,2.7231529502116922,2.0987767159802417,46.85385665367937,191,0.870069463057268,3.651660839160839,6.549999999999999,0.5654482712409542,0.525,0.0,0.0,0.24270833333333333,0.0,0,0,0.0,4.0
4v4,GUARD,19700004,I2R_W50_INTERRUPTIBLE_COMMIT,844111f4003784df224c17f172303790250e71555c29684b2452360d6435c90b,240,4,702,0.42248005986491716,1.9239016318466269,2.7231529502116922,2.0987767159802417,46.85385665367937,191,0.870069463057268,3.651660839160839,6.549999999999999,0.5654482712409542,0.525,0.0,0.0,0.24270833333333333,0.0,0,0,0.0,4.0
4v4,GUARD,19700004,I3_FULL_CURRENT_MACRO,844111f4003784df224c17f172303790250e71555c29684b2452360d6435c90b,240,4,702,0.419659282756388,1.4150910553115168,2.082902592144219,0.30710609077761286,44.514025859569756,191,0.818966094880729,3.3535714285714286,5.662499999999999,0.5380818368623246,0.34270833333333334,0.9166666666666666,0.004166666666666667,0.24270833333333333,0.6028368794326241,0,0,0.0,2.2744630071599046
4v4,GUARD,19700004,I3R_FULL_MACRO_INTERRUPTIBLE,844111f4003784df224c17f172303790250e71555c29684b2452360d6435c90b,240,4,702,0.419659282756388,1.4150910553115168,2.082902592144219,0.30710609077761286,44.514025859569756,191,0.818966094880729,3.3535714285714286,5.662499999999999,0.5380818368623246,0.34270833333333334,0.9166666666666666,0.004166666666666667,0.24270833333333333,0.6028368794326241,0,0,0.0,2.2744630071599046
4v4,GUARD,19700005,I0_CONTINUOUS_ORACLE,357a16b467a6f96cb985ab3653635b88eba9287079f78a8cf4d2119b6b04cf7b,240,4,714,0.0,0.0,0.0,0.0,2.613972475208777e-07,259,0.0,0.0,0.0,0.0,0.0,0.0,0.0,0.23020833333333335,0.0,0,0,0.0,0.0
4v4,GUARD,19700005,I1_W50_NO_COMMIT,357a16b467a6f96cb985ab3653635b88eba9287079f78a8cf4d2119b6b04cf7b,240,4,714,0.42313045755285816,1.9175375091411944,2.7898439261161636,1.8714967845607124,34.48696637464244,259,0.6595467032967033,1.8349654377880185,4.699999999999999,0.4832188644688645,0.0,0.0,0.0,0.23020833333333335,0.0,0,0,0.0,0.0
4v4,GUARD,19700005,I2_W50_CURRENT_COMMIT,357a16b467a6f96cb985ab3653635b88eba9287079f78a8cf4d2119b6b04cf7b,240,4,714,0.48690730523648473,1.977388711316223,2.769793256431936,2.123342058905255,43.345136272296685,259,0.7440705128205128,2.2367424242424243,5.562499999999999,0.5501831501831502,0.5239583333333333,0.0,0.0,0.23020833333333335,0.0,0,0,0.0,4.0
4v4,GUARD,19700005,I2R_W50_INTERRUPTIBLE_COMMIT,357a16b467a6f96cb985ab3653635b88eba9287079f78a8cf4d2119b6b04cf7b,240,4,714,0.48690730523648473,1.977388711316223,2.769793256431936,2.123342058905255,43.345136272296685,259,0.7440705128205128,2.2367424242424243,5.562499999999999,0.5501831501831502,0.5239583333333333,0.0,0.0,0.23020833333333335,0.0,0,0,0.0,4.0
4v4,GUARD,19700005,I3_FULL_CURRENT_MACRO,357a16b467a6f96cb985ab3653635b88eba9287079f78a8cf4d2119b6b04cf7b,240,4,714,0.4489344051091573,1.4676165071614156,2.0941058002801203,0.5065969506754542,32.7042440318352,259,0.7159798534798534,2.2132019927536235,5.7124999999999995,0.5241758241758242,0.30104166666666665,0.8718750000000001,0.008333333333333333,0.23020833333333335,0.6141176470588235,0,0,0.0,2.2517814726840855
4v4,GUARD,19700005,I3R_FULL_MACRO_INTERRUPTIBLE,357a16b467a6f96cb985ab3653635b88eba9287079f78a8cf4d2119b6b04cf7b,240,4,714,0.4489344051091573,1.4676165071614156,2.0941058002801203,0.5065969506754542,32.7042440318352,259,0.7159798534798534,2.2132019927536235,5.7124999999999995,0.5241758241758242,0.30104166666666665,0.8718750000000001,0.008333333333333333,0.23020833333333335,0.6141176470588235,0,0,0.0,2.2517814726840855
4v4,GUARD,19700006,I0_CONTINUOUS_ORACLE,cca7eabe4569843c8a96204e8bb3d7c8db44f3a56ccebe80d47c8c03fc8622bc,240,4,709,0.0,0.0,0.0,0.0,2.8803208745222043e-07,256,0.0,0.0,0.0,0.0,0.0,0.0,0.0,0.23645833333333333,0.0,0,0,0.0,0.0
4v4,GUARD,19700006,I1_W50_NO_COMMIT,cca7eabe4569843c8a96204e8bb3d7c8db44f3a56ccebe80d47c8c03fc8622bc,240,4,709,0.39856311121682664,1.9035346119598073,2.6506416684687406,1.8667821698035068,36.47231951960676,256,0.8298036270582999,3.1124891774891776,5.937499999999999,0.6207554517133956,0.0,0.0,0.0,0.23645833333333333,0.0,0,0,0.0,0.0
4v4,GUARD,19700006,I2_W50_CURRENT_COMMIT,cca7eabe4569843c8a96204e8bb3d7c8db44f3a56ccebe80d47c8c03fc8622bc,240,4,709,0.4444721846920042,1.9860233766745323,2.8814238114498982,2.0689571943861367,47.55181952413322,256,0.9207721406319538,4.052005012531328,6.999999999999998,0.7067979528259902,0.5229166666666667,0.0,0.0,0.23645833333333333,0.0,0,0,0.0,4.0
4v4,GUARD,19700006,I2R_W50_INTERRUPTIBLE_COMMIT,cca7eabe4569843c8a96204e8bb3d7c8db44f3a56ccebe80d47c8c03fc8622bc,240,4,709,0.4444721846920042,1.9860233766745323,2.8814238114498982,2.0689571943861367,47.55181952413322,256,0.9207721406319538,4.052005012531328,6.999999999999998,0.7067979528259902,0.5229166666666667,0.0,0.0,0.23645833333333333,0.0,0,0,0.0,4.0
4v4,GUARD,19700006,I3_FULL_CURRENT_MACRO,cca7eabe4569843c8a96204e8bb3d7c8db44f3a56ccebe80d47c8c03fc8622bc,240,4,709,0.4217646553904192,1.364183559128458,2.0489056068610236,0.4623281244984896,37.68674424536883,256,0.8778398976412995,3.9103084415584415,7.399999999999999,0.6747886070315977,0.33125000000000004,0.878125,0.009375,0.23645833333333333,0.62004662004662,0,0,0.0,2.2470588235294118
4v4,GUARD,19700006,I3R_FULL_MACRO_INTERRUPTIBLE,cca7eabe4569843c8a96204e8bb3d7c8db44f3a56ccebe80d47c8c03fc8622bc,240,4,709,0.4217646553904192,1.364183559128458,2.0489056068610236,0.4623281244984896,37.68674424536883,256,0.8778398976412995,3.9103084415584415,7.399999999999999,0.6747886070315977,0.33125000000000004,0.878125,0.009375,0.23645833333333333,0.62004662004662,0,0,0.0,2.2470588235294118
4v4,GUARD,19700007,I0_CONTINUOUS_ORACLE,cdaa464c45ed7c03a5bf2cc879375546e98fa36ee4ed2e3f858d895331f07aa5,240,4,709,0.0,0.0,0.0,0.0,2.793941131760957e-07,265,0.0,0.0,0.0,0.0,0.0,0.0,0.0,0.23645833333333333,0.0,0,0,0.0,0.0
4v4,GUARD,19700007,I1_W50_NO_COMMIT,cdaa464c45ed7c03a5bf2cc879375546e98fa36ee4ed2e3f858d895331f07aa5,240,4,709,0.4250741979274604,1.8568316710101684,2.4650903711652163,1.9010820847531877,40.14058795644149,265,0.7582416911045944,3.0654761904761907,5.662499999999998,0.4800219941348973,0.0,0.0,0.0,0.23645833333333333,0.0,0,0,0.0,0.0
4v4,GUARD,19700007,I2_W50_CURRENT_COMMIT,cdaa464c45ed7c03a5bf2cc879375546e98fa36ee4ed2e3f858d895331f07aa5,240,4,709,0.46602741324005537,1.898542558472255,2.5067801000003826,2.144392770607241,40.876818034047304,265,0.8258614369501466,3.499671052631579,6.074999999999998,0.5417949657869012,0.4760416666666667,0.0,0.0,0.23645833333333333,0.0,0,0,0.0,4.0
4v4,GUARD,19700007,I2R_W50_INTERRUPTIBLE_COMMIT,cdaa464c45ed7c03a5bf2cc879375546e98fa36ee4ed2e3f858d895331f07aa5,240,4,709,0.46602741324005537,1.898542558472255,2.5067801000003826,2.144392770607241,40.876818034047304,265,0.8258614369501466,3.499671052631579,6.074999999999998,0.5417949657869012,0.4760416666666667,0.0,0.0,0.23645833333333333,0.0,0,0,0.0,4.0
4v4,GUARD,19700007,I3_FULL_CURRENT_MACRO,cdaa464c45ed7c03a5bf2cc879375546e98fa36ee4ed2e3f858d895331f07aa5,240,4,709,0.4210633362763908,1.3930550480148123,1.9371464697842256,0.3181174707597718,33.0971104108518,265,0.7874877810361681,3.4315217391304347,5.949999999999999,0.5092680840664712,0.328125,0.8895833333333333,0.003125,0.23645833333333333,0.5952380952380952,0,0,0.0,2.2836538461538463
4v4,GUARD,19700007,I3R_FULL_MACRO_INTERRUPTIBLE,cdaa464c45ed7c03a5bf2cc879375546e98fa36ee4ed2e3f858d895331f07aa5,240,4,709,0.4210633362763908,1.3930550480148123,1.9371464697842256,0.3181174707597718,33.0971104108518,265,0.7874877810361681,3.4315217391304347,5.949999999999999,0.5092680840664712,0.328125,0.8895833333333333,0.003125,0.23645833333333333,0.5952380952380952,0,0,0.0,2.2836538461538463
4v4,GUARD,19700008,I0_CONTINUOUS_ORACLE,69a38341864ed1e0ddb5aebd048d2572d5289b19dd6e468dd89f68560cbe8ae7,240,4,729,0.0,0.0,0.0,0.0,2.980058965315954e-07,262,0.0,0.0,0.0,0.0,0.0,0.0,0.0,0.21666666666666667,0.0,0,0,0.0,0.0
4v4,GUARD,19700008,I1_W50_NO_COMMIT,69a38341864ed1e0ddb5aebd048d2572d5289b19dd6e468dd89f68560cbe8ae7,240,4,729,0.4085464484290099,1.7887771219930593,2.5859611793073567,1.843240091509139,33.01199740983477,262,0.7071875000000001,1.6253896937465617,5.537499999999997,0.6244583333333333,0.0,0.0,0.0,0.21666666666666667,0.0,0,0,0.0,0.0
4v4,GUARD,19700008,I2_W50_CURRENT_COMMIT,69a38341864ed1e0ddb5aebd048d2572d5289b19dd6e468dd89f68560cbe8ae7,240,4,729,0.48936819630546796,2.092083293429571,3.2607108883604923,2.310106775876743,44.27641580643895,262,0.8757083333333333,3.0286616161616164,8.712499999999999,0.7581666666666667,0.5145833333333334,0.0,0.0,0.21666666666666667,0.0,0,0,0.0,4.0
4v4,GUARD,19700008,I2R_W50_INTERRUPTIBLE_COMMIT,69a38341864ed1e0ddb5aebd048d2572d5289b19dd6e468dd89f68560cbe8ae7,240,4,729,0.48936819630546796,2.092083293429571,3.2607108883604923,2.310106775876743,44.27641580643895,262,0.8757083333333333,3.0286616161616164,8.712499999999999,0.7581666666666667,0.5145833333333334,0.0,0.0,0.21666666666666667,0.0,0,0,0.0,4.0
4v4,GUARD,19700008,I3_FULL_CURRENT_MACRO,69a38341864ed1e0ddb5aebd048d2572d5289b19dd6e468dd89f68560cbe8ae7,240,4,729,0.4594005045890436,1.4322354396911072,2.1571254384601235,0.7203456206240573,42.8783607528157,262,0.8800416666666666,3.2357142857142858,6.149999999999997,0.7836458333333334,0.34479166666666666,0.8739583333333333,0.026041666666666668,0.21666666666666667,0.587378640776699,0,0,0.0,2.3308823529411766
4v4,GUARD,19700008,I3R_FULL_MACRO_INTERRUPTIBLE,69a38341864ed1e0ddb5aebd048d2572d5289b19dd6e468dd89f68560cbe8ae7,240,4,729,0.4594005045890436,1.4322354396911072,2.1571254384601235,0.7203456206240573,42.8783607528157,262,0.8800416666666666,3.2357142857142858,6.149999999999997,0.7836458333333334,0.34479166666666666,0.8739583333333333,0.026041666666666668,0.21666666666666667,0.587378640776699,0,0,0.0,2.3308823529411766
4v4,GUARD,19700009,I0_CONTINUOUS_ORACLE,69cbe7fba4a7c2af0fe22c92a270eeba189cd2dd39ed4afccaf4593e0e0d8da8,240,4,718,0.0,0.0,0.0,0.0,2.7265541308558526e-07,283,0.0,0.0,0.0,0.0,0.0,0.0,0.0,0.22708333333333336,0.0,0,0,0.0,0.0
4v4,GUARD,19700009,I1_W50_NO_COMMIT,69cbe7fba4a7c2af0fe22c92a270eeba189cd2dd39ed4afccaf4593e0e0d8da8,240,4,718,0.40722191203824626,1.741814110875823,2.493911555106256,1.856243125041189,37.44793282964696,283,0.748856783293461,1.7256081780538304,5.5625,0.6380924790669856,0.0,0.0,0.0,0.22708333333333336,0.0,0,0,0.0,0.0
4v4,GUARD,19700009,I2_W50_CURRENT_COMMIT,69cbe7fba4a7c2af0fe22c92a270eeba189cd2dd39ed4afccaf4593e0e0d8da8,240,4,718,0.4589439312467285,1.9139448262616565,2.8093790497611244,2.1418754472637604,43.96213835042664,283,0.9054307466108453,3.085515873015873,5.925,0.7844211024720893,0.5218750000000001,0.0,0.0,0.22708333333333336,0.0,0,0,0.0,4.0
4v4,GUARD,19700009,I2R_W50_INTERRUPTIBLE_COMMIT,69cbe7fba4a7c2af0fe22c92a270eeba189cd2dd39ed4afccaf4593e0e0d8da8,240,4,718,0.4589439312467285,1.9139448262616565,2.8093790497611244,2.1418754472637604,43.96213835042664,283,0.9054307466108453,3.085515873015873,5.925,0.7844211024720893,0.5218750000000001,0.0,0.0,0.22708333333333336,0.0,0,0,0.0,4.0
4v4,GUARD,19700009,I3_FULL_CURRENT_MACRO,69cbe7fba4a7c2af0fe22c92a270eeba189cd2dd39ed4afccaf4593e0e0d8da8,240,4,718,0.4555194371833765,1.444179200836028,2.1213277844610783,0.5886260283041787,45.006266125557474,283,0.8783611194178629,3.026693958215697,5.9125,0.7612577252791068,0.33229166666666665,0.8770833333333333,0.014583333333333334,0.22708333333333336,0.6099290780141844,0,0,0.0,2.272076372315036
4v4,GUARD,19700009,I3R_FULL_MACRO_INTERRUPTIBLE,69cbe7fba4a7c2af0fe22c92a270eeba189cd2dd39ed4afccaf4593e0e0d8da8,240,4,718,0.4555194371833765,1.444179200836028,2.1213277844610783,0.5886260283041787,45.006266125557474,283,0.8783611194178629,3.026693958215697,5.9125,0.7612577252791068,0.33229166666666665,0.8770833333333333,0.014583333333333334,0.22708333333333336,0.6099290780141844,0,0,0.0,2.272076372315036
4v4,GUARD,19700010,I0_CONTINUOUS_ORACLE,979cdc74f3db50fe21823f579fe70da42b6960702ec33fc759e26ec3a53cd7ea,240,4,705,0.0,0.0,0.0,0.0,2.795086665792635e-07,263,0.0,0.0,0.0,0.0,0.0,0.0,0.0,0.23958333333333331,0.0,0,0,0.0,0.0
4v4,GUARD,19700010,I1_W50_NO_COMMIT,979cdc74f3db50fe21823f579fe70da42b6960702ec33fc759e26ec3a53cd7ea,240,4,705,0.42331932497748254,1.8590594768383648,2.1414516132273214,1.8699213230063163,33.663209623222656,263,0.8126152938652937,3.128425903468348,5.974999999999997,0.6113242706992708,0.0,0.0,0.0,0.23958333333333331,0.0,0,0,0.0,0.0
4v4,GUARD,19700010,I2_W50_CURRENT_COMMIT,979cdc74f3db50fe21823f579fe70da42b6960702ec33fc759e26ec3a53cd7ea,240,4,705,0.4895070839054668,1.9808179076834982,2.3518540330473003,2.0849394442546565,42.60940328635043,263,0.8533703346203347,3.357142857142857,6.725,0.6518111861861862,0.5208333333333334,0.0,0.0,0.23958333333333331,0.0,0,0,0.0,4.0
4v4,GUARD,19700010,I2R_W50_INTERRUPTIBLE_COMMIT,979cdc74f3db50fe21823f579fe70da42b6960702ec33fc759e26ec3a53cd7ea,240,4,705,0.4895070839054668,1.9808179076834982,2.3518540330473003,2.0849394442546565,42.60940328635043,263,0.8533703346203347,3.357142857142857,6.725,0.6518111861861862,0.5208333333333334,0.0,0.0,0.23958333333333331,0.0,0,0,0.0,4.0
4v4,GUARD,19700010,I3_FULL_CURRENT_MACRO,979cdc74f3db50fe21823f579fe70da42b6960702ec33fc759e26ec3a53cd7ea,240,4,705,0.4703231021387153,1.5343810616463152,1.9593685467927513,0.36222629260236183,35.21094695652767,263,0.8259880416130416,3.5595238095238093,6.937499999999999,0.6137038824538825,0.30729166666666663,0.8572916666666667,0.004166666666666667,0.23958333333333331,0.6130536130536131,0,0,0.0,2.232941176470588
4v4,GUARD,19700010,I3R_FULL_MACRO_INTERRUPTIBLE,979cdc74f3db50fe21823f579fe70da42b6960702ec33fc759e26ec3a53cd7ea,240,4,705,0.4703231021387153,1.5343810616463152,1.9593685467927513,0.36222629260236183,35.21094695652767,263,0.8259880416130416,3.5595238095238093,6.937499999999999,0.6137038824538825,0.30729166666666663,0.8572916666666667,0.004166666666666667,0.23958333333333331,0.6130536130536131,0,0,0.0,2.232941176470588
4v4,GUARD,19700011,I0_CONTINUOUS_ORACLE,2eb6248bde56829eb28a56a91793938d9730babfa7477c48ccd7f321e93efd67,240,4,697,0.0,0.0,0.0,0.0,2.994992131405719e-07,197,0.0,0.0,0.0,0.0,0.0,0.0,0.0,0.246875,0.0,0,0,0.0,0.0
4v4,GUARD,19700011,I1_W50_NO_COMMIT,2eb6248bde56829eb28a56a91793938d9730babfa7477c48ccd7f321e93efd67,240,4,697,0.3842083860864764,1.5499350575394655,2.1071406404541073,1.911034780036825,27.29187595397996,197,0.7984991039426523,3.7081740723045074,4.75,0.39719982078853044,0.0,0.0,0.0,0.246875,0.0,0,0,0.0,0.0
4v4,GUARD,19700011,I2_W50_CURRENT_COMMIT,2eb6248bde56829eb28a56a91793938d9730babfa7477c48ccd7f321e93efd67,240,4,697,0.43422981444495445,1.6754448204133099,2.275605767270224,2.091599050885957,37.62193283365569,197,0.8751120071684588,4.0773809523809526,7.75,0.4547267025089606,0.528125,0.0,0.0,0.246875,0.0,0,0,0.0,4.0
4v4,GUARD,19700011,I2R_W50_INTERRUPTIBLE_COMMIT,2eb6248bde56829eb28a56a91793938d9730babfa7477c48ccd7f321e93efd67,240,4,697,0.43422981444495445,1.6754448204133099,2.275605767270224,2.091599050885957,37.62193283365569,197,0.8751120071684588,4.0773809523809526,7.75,0.4547267025089606,0.528125,0.0,0.0,0.246875,0.0,0,0,0.0,4.0
4v4,GUARD,19700011,I3_FULL_CURRENT_MACRO,2eb6248bde56829eb28a56a91793938d9730babfa7477c48ccd7f321e93efd67,240,4,697,0.3969867390220645,1.2068854393285,1.8090423323330582,0.17320321896428434,34.09035705476374,197,0.8670474910394266,4.141456582633053,8.05,0.43295250896057347,0.31354166666666666,0.8895833333333334,0.0,0.246875,0.6284403669724771,0,0,0.0,2.199074074074074
4v4,GUARD,19700011,I3R_FULL_MACRO_INTERRUPTIBLE,2eb6248bde56829eb28a56a91793938d9730babfa7477c48ccd7f321e93efd67,240,4,697,0.3969867390220645,1.2068854393285,1.8090423323330582,0.17320321896428434,34.09035705476374,197,0.8670474910394266,4.141456582633053,8.05,0.43295250896057347,0.31354166666666666,0.8895833333333334,0.0,0.246875,0.6284403669724771,0,0,0.0,2.199074074074074
4v4,GUARD,19700012,I0_CONTINUOUS_ORACLE,44098c1dd65a0dd63c6903a945c8a3d70a9d0b74f58e0205d7ddffc00affee9e,240,4,708,0.0,0.0,0.0,0.0,2.8327247319339297e-07,267,0.0,0.0,0.0,0.0,0.0,0.0,0.0,0.2375,0.0,0,0,0.0,0.0
4v4,GUARD,19700012,I1_W50_NO_COMMIT,44098c1dd65a0dd63c6903a945c8a3d70a9d0b74f58e0205d7ddffc00affee9e,240,4,708,0.3951715109382858,1.7303347612091295,2.4430656619021516,1.8528997934391631,33.60546788491313,267,0.7516198282591725,2.415894001831502,5.487499999999999,0.5927595628415301,0.0,0.0,0.0,0.2375,0.0,0,0,0.0,0.0
4v4,GUARD,19700012,I2_W50_CURRENT_COMMIT,44098c1dd65a0dd63c6903a945c8a3d70a9d0b74f58e0205d7ddffc00affee9e,240,4,708,0.43082282703421415,1.8432231384016293,2.683216265524225,2.065631652815574,39.35021477019271,267,0.8582162373145981,3.0826203208556153,6.15,0.692544886807182,0.521875,0.0,0.0,0.2375,0.0,0,0,0.0,4.0
4v4,GUARD,19700012,I2R_W50_INTERRUPTIBLE_COMMIT,44098c1dd65a0dd63c6903a945c8a3d70a9d0b74f58e0205d7ddffc00affee9e,240,4,708,0.43082282703421415,1.8432231384016293,2.683216265524225,2.065631652815574,39.35021477019271,267,0.8582162373145981,3.0826203208556153,6.15,0.692544886807182,0.521875,0.0,0.0,0.2375,0.0,0,0,0.0,4.0
4v4,GUARD,19700012,I3_FULL_CURRENT_MACRO,44098c1dd65a0dd63c6903a945c8a3d70a9d0b74f58e0205d7ddffc00affee9e,240,4,708,0.43883205308355344,1.411679914502292,2.1596983645852568,0.5784409788205669,40.64929582185058,267,0.8576990632318501,3.4233766233766234,5.937500000000001,0.6825039032006245,0.33229166666666665,0.8624999999999999,0.011458333333333334,0.2375,0.625866050808314,0,0,0.0,2.2237762237762237
4v4,GUARD,19700012,I3R_FULL_MACRO_INTERRUPTIBLE,44098c1dd65a0dd63c6903a945c8a3d70a9d0b74f58e0205d7ddffc00affee9e,240,4,708,0.43883205308355344,1.411679914502292,2.1596983645852568,0.5784409788205669,40.64929582185058,267,0.8576990632318501,3.4233766233766234,5.937500000000001,0.6825039032006245,0.33229166666666665,0.8624999999999999,0.011458333333333334,0.2375,0.625866050808314,0,0,0.0,2.2237762237762237
4v4,GUARD,19700013,I0_CONTINUOUS_ORACLE,5b3e92afd494d39e6538a895e13b8ff9099ae34b650371ad304d4dc605bb1073,240,4,697,0.0,0.0,0.0,0.0,2.938144214626806e-07,204,0.0,0.0,0.0,0.0,0.0,0.0,0.0,0.246875,0.0,0,0,0.0,0.0
4v4,GUARD,19700013,I1_W50_NO_COMMIT,5b3e92afd494d39e6538a895e13b8ff9099ae34b650371ad304d4dc605bb1073,240,4,697,0.3808757611773263,1.752141871943606,2.363936593368954,1.9338348346821954,34.57963091496913,204,0.803919450844854,3.7072783060592656,4.987499999999998,0.360383064516129,0.0,0.0,0.0,0.246875,0.0,0,0,0.0,0.0
4v4,GUARD,19700013,I2_W50_CURRENT_COMMIT,5b3e92afd494d39e6538a895e13b8ff9099ae34b650371ad304d4dc605bb1073,240,4,697,0.43455251247435156,1.803784259502197,2.5774258763606843,2.1294799307654353,41.92846397078647,204,0.8827164938556068,3.8944024725274726,5.674999999999999,0.4231350806451613,0.53125,0.0,0.0,0.246875,0.0,0,0,0.0,4.0
4v4,GUARD,19700013,I2R_W50_INTERRUPTIBLE_COMMIT,5b3e92afd494d39e6538a895e13b8ff9099ae34b650371ad304d4dc605bb1073,240,4,697,0.43455251247435156,1.803784259502197,2.5774258763606843,2.1294799307654353,41.92846397078647,204,0.8827164938556068,3.8944024725274726,5.674999999999999,0.4231350806451613,0.53125,0.0,0.0,0.246875,0.0,0,0,0.0,4.0
4v4,GUARD,19700013,I3_FULL_CURRENT_MACRO,5b3e92afd494d39e6538a895e13b8ff9099ae34b650371ad304d4dc605bb1073,240,4,697,0.4177050989198582,1.3333202904883268,2.09074577464432,0.2058481553932166,34.57330978646115,204,0.8403777841781873,3.9114906832298137,5.837499999999999,0.3756720430107527,0.31979166666666664,0.9,0.0,0.246875,0.611764705882353,0,0,0.0,2.2589073634204277
4v4,GUARD,19700013,I3R_FULL_MACRO_INTERRUPTIBLE,5b3e92afd494d39e6538a895e13b8ff9099ae34b650371ad304d4dc605bb1073,240,4,697,0.4177050989198582,1.3333202904883268,2.09074577464432,0.2058481553932166,34.57330978646115,204,0.8403777841781873,3.9114906832298137,5.837499999999999,0.3756720430107527,0.31979166666666664,0.9,0.0,0.246875,0.611764705882353,0,0,0.0,2.2589073634204277
4v4,GUARD,19700014,I0_CONTINUOUS_ORACLE,7225d1b6d190c8fed36434ae6c9c6f1e7c558efd66af609de37d41064f9b5133,240,4,704,0.0,0.0,0.0,0.0,3.0898928294143366e-07,225,0.0,0.0,0.0,0.0,0.0,0.0,0.0,0.24062499999999998,0.0,0,0,0.0,0.0
4v4,GUARD,19700014,I1_W50_NO_COMMIT,7225d1b6d190c8fed36434ae6c9c6f1e7c558efd66af609de37d41064f9b5133,240,4,704,0.3684752346321739,1.793744727543951,2.599486836953321,1.9275661954389403,42.04674018363218,225,0.7995226319664522,3.2655573593073592,5.324999999999999,0.5941095265533467,0.0,0.0,0.0,0.24062499999999998,0.0,0,0,0.0,0.0
4v4,GUARD,19700014,I2_W50_CURRENT_COMMIT,7225d1b6d190c8fed36434ae6c9c6f1e7c558efd66af609de37d41064f9b5133,240,4,704,0.42409435498064507,1.9070741760912941,2.71018473248049,2.12055862285933,51.349979503340094,225,0.900516181695957,3.799107142857143,7.374999999999998,0.6843612951759019,0.528125,0.0,0.0,0.24062499999999998,0.0,0,0,0.0,4.0
4v4,GUARD,19700014,I2R_W50_INTERRUPTIBLE_COMMIT,7225d1b6d190c8fed36434ae6c9c6f1e7c558efd66af609de37d41064f9b5133,240,4,704,0.42409435498064507,1.9070741760912941,2.71018473248049,2.12055862285933,51.349979503340094,225,0.900516181695957,3.799107142857143,7.374999999999998,0.6843612951759019,0.528125,0.0,0.0,0.24062499999999998,0.0,0,0,0.0,4.0
4v4,GUARD,19700014,I3_FULL_CURRENT_MACRO,7225d1b6d190c8fed36434ae6c9c6f1e7c558efd66af609de37d41064f9b5133,240,4,704,0.41063556193590656,1.259646775005061,1.8786446109311228,0.3407382589272433,35.18320420778147,225,0.8633230897275841,3.5744830827067666,6.687499999999998,0.6461798553090687,0.30000000000000004,0.8916666666666667,0.004166666666666667,0.24062499999999998,0.6056338028169014,0,0,0.0,2.255924170616114
4v4,GUARD,19700014,I3R_FULL_MACRO_INTERRUPTIBLE,7225d1b6d190c8fed36434ae6c9c6f1e7c558efd66af609de37d41064f9b5133,240,4,704,0.41063556193590656,1.259646775005061,1.8786446109311228,0.3407382589272433,35.18320420778147,225,0.8633230897275841,3.5744830827067666,6.687499999999998,0.6461798553090687,0.30000000000000004,0.8916666666666667,0.004166666666666667,0.24062499999999998,0.6056338028169014,0,0,0.0,2.255924170616114
4v4,GUARD,19700015,I0_CONTINUOUS_ORACLE,4ae4711d7d40a14b05d1db4cb3e5c40ff2cb2a00e8b2c9aeee9fac6429d550e3,240,4,710,0.0,0.0,0.0,0.0,2.91415252886223e-07,230,0.0,0.0,0.0,0.0,0.0,0.0,0.0,0.234375,0.0,0,0,0.0,0.0
4v4,GUARD,19700015,I1_W50_NO_COMMIT,4ae4711d7d40a14b05d1db4cb3e5c40ff2cb2a00e8b2c9aeee9fac6429d550e3,240,4,710,0.3536893889872105,1.7589864563918594,2.379054400978534,1.8947966233853921,25.472165223907005,230,0.6489950779327317,2.3622710622710628,5.25,0.4013920221493027,0.0,0.0,0.0,0.234375,0.0,0,0,0.0,0.0
4v4,GUARD,19700015,I2_W50_CURRENT_COMMIT,4ae4711d7d40a14b05d1db4cb3e5c40ff2cb2a00e8b2c9aeee9fac6429d550e3,240,4,710,0.4525120370162684,1.9765374609216744,2.6080845036509843,2.0765874736847727,43.097686922076484,230,0.8442242616899098,3.282692307692308,5.9,0.5806757588187038,0.5114583333333333,0.0,0.0,0.234375,0.0,0,0,0.0,4.0
4v4,GUARD,19700015,I2R_W50_INTERRUPTIBLE_COMMIT,4ae4711d7d40a14b05d1db4cb3e5c40ff2cb2a00e8b2c9aeee9fac6429d550e3,240,4,710,0.4525120370162684,1.9765374609216744,2.6080845036509843,2.0765874736847727,43.097686922076484,230,0.8442242616899098,3.282692307692308,5.9,0.5806757588187038,0.5114583333333333,0.0,0.0,0.234375,0.0,0,0,0.0,4.0
4v4,GUARD,19700015,I3_FULL_CURRENT_MACRO,4ae4711d7d40a14b05d1db4cb3e5c40ff2cb2a00e8b2c9aeee9fac6429d550e3,240,4,710,0.40373646611483316,1.3674004084179838,1.9056025285338116,0.41025166157285575,34.49399672956524,230,0.8078086546349467,3.292572463768116,5.687499999999999,0.5524123256767843,0.309375,0.8802083333333333,0.007291666666666667,0.234375,0.6009501187648456,0,0,0.0,2.287769784172662
4v4,GUARD,19700015,I3R_FULL_MACRO_INTERRUPTIBLE,4ae4711d7d40a14b05d1db4cb3e5c40ff2cb2a00e8b2c9aeee9fac6429d550e3,240,4,710,0.40373646611483316,1.3674004084179838,1.9056025285338116,0.41025166157285575,34.49399672956524,230,0.8078086546349467,3.292572463768116,5.687499999999999,0.5524123256767843,0.309375,0.8802083333333333,0.007291666666666667,0.234375,0.6009501187648456,0,0,0.0,2.287769784172662
4v4,GUARD,19700016,I0_CONTINUOUS_ORACLE,fd2dc9ede0381e275f663e4b8d760849ff6ac3c870f73590e44fa4d8854494eb,240,4,700,0.0,0.0,0.0,0.0,2.891074823516331e-07,186,0.0,0.0,0.0,0.0,0.0,0.0,0.0,0.24375000000000002,0.0,0,0,0.0,0.0
4v4,GUARD,19700016,I1_W50_NO_COMMIT,fd2dc9ede0381e275f663e4b8d760849ff6ac3c870f73590e44fa4d8854494eb,240,4,700,0.381358342626741,1.8154395090585527,2.340838180471245,1.9204621081216544,26.36034247808155,186,0.7370600414078675,3.689471440750213,5.7625,0.3309523809523809,0.0,0.0,0.0,0.24375000000000002,0.0,0,0,0.0,0.0
4v4,GUARD,19700016,I2_W50_CURRENT_COMMIT,fd2dc9ede0381e275f663e4b8d760849ff6ac3c870f73590e44fa4d8854494eb,240,4,700,0.4163391444557676,1.8942832519302248,2.483775656865516,2.083505949150634,38.57353109984686,186,0.829399585921325,3.781746031746031,5.7124999999999995,0.4197722567287785,0.5062500000000001,0.0,0.0,0.24375000000000002,0.0,0,0,0.0,4.0
4v4,GUARD,19700016,I2R_W50_INTERRUPTIBLE_COMMIT,fd2dc9ede0381e275f663e4b8d760849ff6ac3c870f73590e44fa4d8854494eb,240,4,700,0.4163391444557676,1.8942832519302248,2.483775656865516,2.083505949150634,38.57353109984686,186,0.829399585921325,3.781746031746031,5.7124999999999995,0.4197722567287785,0.5062500000000001,0.0,0.0,0.24375000000000002,0.0,0,0,0.0,4.0
4v4,GUARD,19700016,I3_FULL_CURRENT_MACRO,fd2dc9ede0381e275f663e4b8d760849ff6ac3c870f73590e44fa4d8854494eb,240,4,700,0.4430855351851569,1.5771732846890614,2.309354828493139,0.23944818512142899,36.36169582708255,186,0.8244306418219463,4.036781609195402,6.962499999999997,0.41231884057971013,0.31770833333333337,0.8895833333333333,0.0,0.24375000000000002,0.5827338129496403,0,0,0.0,2.3002421307506054
4v4,GUARD,19700016,I3R_FULL_MACRO_INTERRUPTIBLE,fd2dc9ede0381e275f663e4b8d760849ff6ac3c870f73590e44fa4d8854494eb,240,4,700,0.4430855351851569,1.5771732846890614,2.309354828493139,0.23944818512142899,36.36169582708255,186,0.8244306418219463,4.036781609195402,6.962499999999997,0.41231884057971013,0.31770833333333337,0.8895833333333333,0.0,0.24375000000000002,0.5827338129496403,0,0,0.0,2.3002421307506054
4v4,BREACH,19700001,I0_CONTINUOUS_ORACLE,8e073172ffe64fe7a511650b29acd6502b6cc60fbe5ab5b99b7447c4ee629cad,240,4,748,0.0,0.0,0.0,0.0,3.08798295544186e-07,584,0.0,0.0,0.0,0.0,0.0,0.0,0.0,0.19999999999999998,0.0,0,0,0.0,0.0
4v4,BREACH,19700001,I1_W50_NO_COMMIT,8e073172ffe64fe7a511650b29acd6502b6cc60fbe5ab5b99b7447c4ee629cad,240,4,748,0.6127402122958386,1.919540473557586,2.9453987019172128,1.6455458313289681,28.496752033170484,584,0.6994695284244661,0.2633610262286733,0.375,0.6822027187439459,0.0,0.0,0.0,0.19999999999999998,0.0,0,0,0.0,0.0
4v4,BREACH,19700001,I2_W50_CURRENT_COMMIT,8e073172ffe64fe7a511650b29acd6502b6cc60fbe5ab5b99b7447c4ee629cad,240,4,748,0.8110777991954737,2.550323180183458,3.8373510482982236,2.5352323192222608,57.08175187981749,584,0.8521396087910948,0.5563390313390313,2.299999999999995,0.8263300195826562,0.5291666666666667,0.0,0.0,0.19999999999999998,0.0,0,0,0.0,4.0
4v4,BREACH,19700001,I2R_W50_INTERRUPTIBLE_COMMIT,8e073172ffe64fe7a511650b29acd6502b6cc60fbe5ab5b99b7447c4ee629cad,240,4,748,0.8110777991954737,2.550323180183458,3.8373510482982236,2.5352323192222608,57.08175187981749,584,0.8521396087910948,0.5563390313390313,2.299999999999995,0.8263300195826562,0.5291666666666667,0.0,0.0,0.19999999999999998,0.0,0,0,0.0,4.0
4v4,BREACH,19700001,I3_FULL_CURRENT_MACRO,8e073172ffe64fe7a511650b29acd6502b6cc60fbe5ab5b99b7447c4ee629cad,240,4,748,0.7357215542434934,2.310285425815205,3.6393522851335853,1.9382467083478807,50.69142568208615,584,0.8276387845179791,0.4678785607196401,2.0499999999999954,0.808586106309021,0.346875,0.8666666666666667,0.15833333333333333,0.19999999999999998,0.5843520782396088,0,0,0.0,2.345679012345679
4v4,BREACH,19700001,I3R_FULL_MACRO_INTERRUPTIBLE,8e073172ffe64fe7a511650b29acd6502b6cc60fbe5ab5b99b7447c4ee629cad,240,4,748,0.7357215542434934,2.310285425815205,3.6393522851335853,1.9382467083478807,50.69142568208615,584,0.8276387845179791,0.4678785607196401,2.0499999999999954,0.808586106309021,0.346875,0.8666666666666667,0.15833333333333333,0.19999999999999998,0.5843520782396088,0,0,0.0,2.345679012345679
4v4,BREACH,19700002,I0_CONTINUOUS_ORACLE,b0a77f5132be5d9912a573680c8ef1afecae82d59e374f1c0c99239626ba3623,240,4,707,0.0,0.0,0.0,0.0,3.2141606812540477e-07,602,0.0,0.0,0.0,0.0,0.0,0.0,0.0,0.24062499999999998,0.0,0,0,0.0,0.0
4v4,BREACH,19700002,I1_W50_NO_COMMIT,b0a77f5132be5d9912a573680c8ef1afecae82d59e374f1c0c99239626ba3623,240,4,707,0.6618487464937768,1.9230026385535148,2.964703229612933,1.665666279204482,30.717489271966357,602,0.665940828512036,0.4493231123295089,2.287499999999998,0.6428291382924658,0.0,0.0,0.0,0.24062499999999998,0.0,0,0,0.0,0.0
4v4,BREACH,19700002,I2_W50_CURRENT_COMMIT,b0a77f5132be5d9912a573680c8ef1afecae82d59e374f1c0c99239626ba3623,240,4,707,0.7711200532680559,2.303718967573296,3.498707939462146,2.4952532637585456,55.52149713861604,602,0.8024875748557024,0.7124364837398374,5.312499999999994,0.7760963147436593,0.5145833333333333,0.0,0.0,0.24062499999999998,0.0,0,0,0.0,4.0
4v4,BREACH,19700002,I2R_W50_INTERRUPTIBLE_COMMIT,b0a77f5132be5d9912a573680c8ef1afecae82d59e374f1c0c99239626ba3623,240,4,707,0.7711200532680559,2.303718967573296,3.498707939462146,2.4952532637585456,55.52149713861604,602,0.8024875748557024,0.7124364837398374,5.312499999999994,0.7760963147436593,0.5145833333333333,0.0,0.0,0.24062499999999998,0.0,0,0,0.0,4.0
4v4,BREACH,19700002,I3_FULL_CURRENT_MACRO,b0a77f5132be5d9912a573680c8ef1afecae82d59e374f1c0c99239626ba3623,240,4,707,0.7294190476617133,1.8182247913928278,2.781723592431699,1.8800076343736363,49.137201097240606,602,0.7823115158041982,0.6533797164894726,4.837499999999997,0.7574874968175048,0.33541666666666664,0.890625,0.153125,0.24062499999999998,0.6137440758293838,0,0,0.0,2.263157894736842
4v4,BREACH,19700002,I3R_FULL_MACRO_INTERRUPTIBLE,b0a77f5132be5d9912a573680c8ef1afecae82d59e374f1c0c99239626ba3623,240,4,707,0.7294190476617133,1.8182247913928278,2.781723592431699,1.8800076343736363,49.137201097240606,602,0.7823115158041982,0.6533797164894726,4.837499999999997,0.7574874968175048,0.33541666666666664,0.890625,0.153125,0.24062499999999998,0.6137440758293838,0,0,0.0,2.263157894736842
4v4,BREACH,19700003,I0_CONTINUOUS_ORACLE,8bb6bd7612c0a1849ba28f717291d11314c6c9223c695c5b0a030880b5e95ac4,240,4,868,0.0,0.0,0.0,0.0,2.995581254768525e-07,734,0.0,0.0,0.0,0.0,0.0,0.0,0.0,0.08645833333333333,0.0,0,0,0.0,0.0
4v4,BREACH,19700003,I1_W50_NO_COMMIT,8bb6bd7612c0a1849ba28f717291d11314c6c9223c695c5b0a030880b5e95ac4,240,4,868,0.6946859003817674,2.037348278636615,3.222305919443678,1.5714984406752115,36.788888817696346,734,0.6972969348325131,0.013165859564164648,0.0,0.6932637339908017,0.0,0.0,0.0,0.08645833333333333,0.0,0,0,0.0,0.0
4v4,BREACH,19700003,I2_W50_CURRENT_COMMIT,8bb6bd7612c0a1849ba28f717291d11314c6c9223c695c5b0a030880b5e95ac4,240,4,868,0.8588013851944483,2.598334025025711,3.8517680487107175,2.5474299751246896,64.99871148546664,734,0.819691470504109,0.09531275863135244,0.46249999999999947,0.8101635982860125,0.5739583333333333,0.0,0.0,0.08645833333333333,0.0,0,0,0.0,4.0
4v4,BREACH,19700003,I2R_W50_INTERRUPTIBLE_COMMIT,8bb6bd7612c0a1849ba28f717291d11314c6c9223c695c5b0a030880b5e95ac4,240,4,868,0.8588013851944483,2.598334025025711,3.8517680487107175,2.5474299751246896,64.99871148546664,734,0.819691470504109,0.09531275863135244,0.46249999999999947,0.8101635982860125,0.5739583333333333,0.0,0.0,0.08645833333333333,0.0,0,0,0.0,4.0
4v4,BREACH,19700003,I3_FULL_CURRENT_MACRO,8bb6bd7612c0a1849ba28f717291d11314c6c9223c695c5b0a030880b5e95ac4,240,4,868,0.8130904604033118,2.278134129660931,3.6305723708538293,2.0121791740710777,58.34461736834687,734,0.817426531233218,0.13438806063252448,0.8374999999999995,0.8038215360928864,0.48020833333333335,0.7989583333333332,0.20208333333333334,0.08645833333333333,0.4036144578313253,0,0,0.0,2.899390243902439
4v4,BREACH,19700003,I3R_FULL_MACRO_INTERRUPTIBLE,8bb6bd7612c0a1849ba28f717291d11314c6c9223c695c5b0a030880b5e95ac4,240,4,868,0.8130904604033118,2.278134129660931,3.6305723708538293,2.0121791740710777,58.34461736834687,734,0.817426531233218,0.13438806063252448,0.8374999999999995,0.8038215360928864,0.48020833333333335,0.7989583333333332,0.20208333333333334,0.08645833333333333,0.4036144578313253,0,0,0.0,2.899390243902439
4v4,BREACH,19700004,I0_CONTINUOUS_ORACLE,00c25f0e98c5b710e8689293e6576038b9fa91d110ae9e376e37f2a4137db11b,240,4,591,0.0,0.0,0.0,0.0,3.349617343865488e-07,385,0.0,0.0,0.0,0.0,0.0,0.0,0.0,0.34687500000000004,0.0,0,0,0.0,0.0
4v4,BREACH,19700004,I1_W50_NO_COMMIT,00c25f0e98c5b710e8689293e6576038b9fa91d110ae9e376e37f2a4137db11b,240,4,591,0.4146751784978215,1.8383573320074365,2.5455738579935314,1.7884702912350907,13.059119946197146,385,0.5895693474758325,0.601578073089701,4.537499999999998,0.5427972833870391,0.0,0.0,0.0,0.34687500000000004,0.0,0,0,0.0,0.0
4v4,BREACH,19700004,I2_W50_CURRENT_COMMIT,00c25f0e98c5b710e8689293e6576038b9fa91d110ae9e376e37f2a4137db11b,240,4,591,0.5529874265982886,2.6128423915312395,4.117596358677452,2.7769941395589464,26.51033241381567,385,0.7066656596849266,0.8813180152127021,5.9750000000000005,0.6364801512710347,0.40729166666666666,0.0,0.0,0.34687500000000004,0.0,0,0,0.0,4.0
4v4,BREACH,19700004,I2R_W50_INTERRUPTIBLE_COMMIT,00c25f0e98c5b710e8689293e6576038b9fa91d110ae9e376e37f2a4137db11b,240,4,591,0.5529874265982886,2.6128423915312395,4.117596358677452,2.7769941395589464,26.51033241381567,385,0.7066656596849266,0.8813180152127021,5.9750000000000005,0.6364801512710347,0.40729166666666666,0.0,0.0,0.34687500000000004,0.0,0,0,0.0,4.0
4v4,BREACH,19700004,I3_FULL_CURRENT_MACRO,00c25f0e98c5b710e8689293e6576038b9fa91d110ae9e376e37f2a4137db11b,240,4,591,0.5562748594794772,2.6708604410407504,4.497344298439837,2.538579023634744,28.257722762656165,385,0.7195802005012532,0.9262571157495255,6.2999999999999945,0.6598387710347297,0.17395833333333333,0.921875,0.09270833333333334,0.34687500000000004,0.6962809917355371,0,0,0.0,1.9833333333333334
4v4,BREACH,19700004,I3R_FULL_MACRO_INTERRUPTIBLE,00c25f0e98c5b710e8689293e6576038b9fa91d110ae9e376e37f2a4137db11b,240,4,591,0.5562748594794772,2.6708604410407504,4.497344298439837,2.538579023634744,28.257722762656165,385,0.7195802005012532,0.9262571157495255,6.2999999999999945,0.6598387710347297,0.17395833333333333,0.921875,0.09270833333333334,0.34687500000000004,0.6962809917355371,0,0,0.0,1.9833333333333334
4v4,BREACH,19700005,I0_CONTINUOUS_ORACLE,57e6ea0141138894f0b6d3b703ebf329b27f5e10a77c18a247f50b42c8a79bc1,240,4,929,0.0,0.0,0.0,0.0,3.03524169817593e-07,877,0.0,0.0,0.0,0.0,0.0,0.0,0.0,0.029166666666666667,0.0,0,0,0.0,0.0
4v4,BREACH,19700005,I1_W50_NO_COMMIT,57e6ea0141138894f0b6d3b703ebf329b27f5e10a77c18a247f50b42c8a79bc1,240,4,929,0.7674119651924222,1.8397095436706086,2.751585977434688,1.6030599655589657,39.096613283267374,877,0.7465183288205824,0.003676470588235294,0.0,0.7453662550878636,0.0,0.0,0.0,0.029166666666666667,0.0,0,0,0.0,0.0
4v4,BREACH,19700005,I2_W50_CURRENT_COMMIT,57e6ea0141138894f0b6d3b703ebf329b27f5e10a77c18a247f50b42c8a79bc1,240,4,929,1.0273618902021342,2.4393497380518614,3.692183273441932,2.5273460753803905,80.99409222200323,877,0.8950549406802168,0.0125,0.012500000000000178,0.893902866947498,0.6572916666666667,0.0,0.0,0.029166666666666667,0.0,0,0,0.0,4.0
4v4,BREACH,19700005,I2R_W50_INTERRUPTIBLE_COMMIT,57e6ea0141138894f0b6d3b703ebf329b27f5e10a77c18a247f50b42c8a79bc1,240,4,929,1.0273618902021342,2.4393497380518614,3.692183273441932,2.5273460753803905,80.99409222200323,877,0.8950549406802168,0.0125,0.012500000000000178,0.893902866947498,0.6572916666666667,0.0,0.0,0.029166666666666667,0.0,0,0,0.0,4.0
4v4,BREACH,19700005,I3_FULL_CURRENT_MACRO,57e6ea0141138894f0b6d3b703ebf329b27f5e10a77c18a247f50b42c8a79bc1,240,4,929,0.8662851509261943,1.893192146830045,2.980664185606395,1.6643743985231703,68.34012757449662,877,0.8393081785149835,0.010416666666666666,0.0,0.8381561047822647,0.578125,0.8760416666666667,0.23124999999999998,0.029166666666666667,0.21505376344086022,0,0,0.0,3.4545454545454546
4v4,BREACH,19700005,I3R_FULL_MACRO_INTERRUPTIBLE,57e6ea0141138894f0b6d3b703ebf329b27f5e10a77c18a247f50b42c8a79bc1,240,4,929,0.8662851509261943,1.893192146830045,2.980664185606395,1.6643743985231703,68.34012757449662,877,0.8393081785149835,0.010416666666666666,0.0,0.8381561047822647,0.578125,0.8760416666666667,0.23124999999999998,0.029166666666666667,0.21505376344086022,0,0,0.0,3.4545454545454546
4v4,BREACH,19700006,I0_CONTINUOUS_ORACLE,d6c15836cd777e7ac0f110ffdaf09ee2bba0895cfbe656f57fe8e61dea733a93,240,4,576,0.0,0.0,0.0,0.0,2.9985358736526434e-07,344,0.0,0.0,0.0,0.0,0.0,0.0,0.0,0.36458333333333337,0.0,0,0,0.0,0.0
4v4,BREACH,19700006,I1_W50_NO_COMMIT,d6c15836cd777e7ac0f110ffdaf09ee2bba0895cfbe656f57fe8e61dea733a93,240,4,576,0.4305684540589698,1.9555181626356841,2.9692444500216957,1.8349304243828417,12.41196684752214,344,0.6163124832932372,1.0034392789373814,8.212499999999999,0.5553566655210601,0.0,0.0,0.0,0.36458333333333337,0.0,0,0,0.0,0.0
4v4,BREACH,19700006,I2_W50_CURRENT_COMMIT,d6c15836cd777e7ac0f110ffdaf09ee2bba0895cfbe656f57fe8e61dea733a93,240,4,576,0.5301925656208906,2.199637395389576,3.3334905023844335,2.7766924035974,25.928641853051552,344,0.7261475159430252,1.394199346405229,8.362499999999997,0.6273580402489786,0.40625,0.0,0.0,0.36458333333333337,0.0,0,0,0.0,4.0
4v4,BREACH,19700006,I2R_W50_INTERRUPTIBLE_COMMIT,d6c15836cd777e7ac0f110ffdaf09ee2bba0895cfbe656f57fe8e61dea733a93,240,4,576,0.5301925656208906,2.199637395389576,3.3334905023844335,2.7766924035974,25.928641853051552,344,0.7261475159430252,1.394199346405229,8.362499999999997,0.6273580402489786,0.40625,0.0,0.0,0.36458333333333337,0.0,0,0,0.0,4.0
4v4,BREACH,19700006,I3_FULL_CURRENT_MACRO,d6c15836cd777e7ac0f110ffdaf09ee2bba0895cfbe656f57fe8e61dea733a93,240,4,576,0.5313148751705159,2.5361457219563137,4.2535749744910465,2.1709899342381993,25.624042565586418,344,0.7197870126398594,1.4936554078995938,8.2875,0.6356732348111658,0.16354166666666667,0.9479166666666667,0.08541666666666667,0.36458333333333337,0.714,0,0,0.0,1.9213709677419355
4v4,BREACH,19700006,I3R_FULL_MACRO_INTERRUPTIBLE,d6c15836cd777e7ac0f110ffdaf09ee2bba0895cfbe656f57fe8e61dea733a93,240,4,576,0.5313148751705159,2.5361457219563137,4.2535749744910465,2.1709899342381993,25.624042565586418,344,0.7197870126398594,1.4936554078995938,8.2875,0.6356732348111658,0.16354166666666667,0.9479166666666667,0.08541666666666667,0.36458333333333337,0.714,0,0,0.0,1.9213709677419355
4v4,BREACH,19700007,I0_CONTINUOUS_ORACLE,e57633c7664dd5338982a981c8e4f542ede46a917641dc986648e0e069676dd3,240,4,883,0.0,0.0,0.0,0.0,2.9469486488861646e-07,785,0.0,0.0,0.0,0.0,0.0,0.0,0.0,0.071875,0.0,0,0,0.0,0.0
4v4,BREACH,19700007,I1_W50_NO_COMMIT,e57633c7664dd5338982a981c8e4f542ede46a917641dc986648e0e069676dd3,240,4,883,0.7768742565319755,2.065054957431469,2.992503029860731,1.6037801773027331,41.984522418746884,785,0.7532073123619023,0.19906185300207038,0.14999999999999858,0.7455790195437091,0.0,0.0,0.0,0.071875,0.0,0,0,0.0,0.0
4v4,BREACH,19700007,I2_W50_CURRENT_COMMIT,e57633c7664dd5338982a981c8e4f542ede46a917641dc986648e0e069676dd3,240,4,883,0.9482979535388909,2.492147651344259,3.6774655540743204,2.4659486332277134,73.16330313515842,785,0.8611576090292216,0.31672883510167993,0.6249999999999991,0.850938033485817,0.6166666666666667,0.0,0.0,0.071875,0.0,0,0,0.0,4.0
4v4,BREACH,19700007,I2R_W50_INTERRUPTIBLE_COMMIT,e57633c7664dd5338982a981c8e4f542ede46a917641dc986648e0e069676dd3,240,4,883,0.9482979535388909,2.492147651344259,3.6774655540743204,2.4659486332277134,73.16330313515842,785,0.8611576090292216,0.31672883510167993,0.6249999999999991,0.850938033485817,0.6166666666666667,0.0,0.0,0.071875,0.0,0,0,0.0,4.0
4v4,BREACH,19700007,I3_FULL_CURRENT_MACRO,e57633c7664dd5338982a981c8e4f542ede46a917641dc986648e0e069676dd3,240,4,883,0.8620805853114208,1.900037668735789,2.8623119333663367,1.5758591152211103,64.19819569225987,785,0.8576836104092924,0.2878532538242157,0.14999999999999947,0.8513115989981342,0.5364583333333333,0.83125,0.21041666666666667,0.071875,0.3387096774193548,0,0,0.0,3.107843137254902
4v4,BREACH,19700007,I3R_FULL_MACRO_INTERRUPTIBLE,e57633c7664dd5338982a981c8e4f542ede46a917641dc986648e0e069676dd3,240,4,883,0.8620805853114208,1.900037668735789,2.8623119333663367,1.5758591152211103,64.19819569225987,785,0.8576836104092924,0.2878532538242157,0.14999999999999947,0.8513115989981342,0.5364583333333333,0.83125,0.21041666666666667,0.071875,0.3387096774193548,0,0,0.0,3.107843137254902
4v4,BREACH,19700008,I0_CONTINUOUS_ORACLE,8fa4f1677ab49d94a66b03bc31710782b86d9d5c7b0e592ce749c745fcb36016,240,4,906,0.0,0.0,0.0,0.0,2.803950729282677e-07,845,0.0,0.0,0.0,0.0,0.0,0.0,0.0,0.051041666666666666,0.0,0,0,0.0,0.0
4v4,BREACH,19700008,I1_W50_NO_COMMIT,8fa4f1677ab49d94a66b03bc31710782b86d9d5c7b0e592ce749c745fcb36016,240,4,906,0.8075593652525086,1.9470598520553446,2.976161904644121,1.6447197937107414,41.925321763208,845,0.7378784946485035,0.003424657534246575,0.0,0.7366707651799045,0.0,0.0,0.0,0.051041666666666666,0.0,0,0,0.0,0.0
4v4,BREACH,19700008,I2_W50_CURRENT_COMMIT,8fa4f1677ab49d94a66b03bc31710782b86d9d5c7b0e592ce749c745fcb36016,240,4,906,0.9979196252868774,2.5626511775192444,3.859713936917323,2.6488166834151707,81.46299953880896,845,0.8886879750841207,0.009615384615384616,0.0,0.8874802456155216,0.6364583333333333,0.0,0.0,0.051041666666666666,0.0,0,0,0.0,4.0
4v4,BREACH,19700008,I2R_W50_INTERRUPTIBLE_COMMIT,8fa4f1677ab49d94a66b03bc31710782b86d9d5c7b0e592ce749c745fcb36016,240,4,906,0.9979196252868774,2.5626511775192444,3.859713936917323,2.6488166834151707,81.46299953880896,845,0.8886879750841207,0.009615384615384616,0.0,0.8874802456155216,0.6364583333333333,0.0,0.0,0.051041666666666666,0.0,0,0,0.0,4.0
4v4,BREACH,19700008,I3_FULL_CURRENT_MACRO,8fa4f1677ab49d94a66b03bc31710782b86d9d5c7b0e592ce749c745fcb36016,240,4,906,0.8746169723195372,1.8158729144979775,2.9033990863578696,1.5745535694475645,71.21328640674906,845,0.8748424142521706,0.0,0.0,0.8748424142521706,0.5770833333333333,0.9020833333333333,0.22395833333333334,0.051041666666666666,0.25259515570934254,0,0,0.0,3.3228070175438598
4v4,BREACH,19700008,I3R_FULL_MACRO_INTERRUPTIBLE,8fa4f1677ab49d94a66b03bc31710782b86d9d5c7b0e592ce749c745fcb36016,240,4,906,0.8746169723195372,1.8158729144979775,2.9033990863578696,1.5745535694475645,71.21328640674906,845,0.8748424142521706,0.0,0.0,0.8748424142521706,0.5770833333333333,0.9020833333333333,0.22395833333333334,0.051041666666666666,0.25259515570934254,0,0,0.0,3.3228070175438598
4v4,BREACH,19700009,I0_CONTINUOUS_ORACLE,0a299d3ebdc1c2bebfbe1e92a93d083f352082193dba9c51d7367a58d420b051,240,4,708,0.0,0.0,0.0,0.0,2.9485172195903444e-07,561,0.0,0.0,0.0,0.0,0.0,0.0,0.0,0.2375,0.0,0,0,0.0,0.0
4v4,BREACH,19700009,I1_W50_NO_COMMIT,0a299d3ebdc1c2bebfbe1e92a93d083f352082193dba9c51d7367a58d420b051,240,4,708,0.6048997064030789,2.0342816867100004,3.015310923164964,1.7103365415479732,28.2896955235798,561,0.6880244436669509,0.24879457946318412,0.17499999999999716,0.6755240792168697,0.0,0.0,0.0,0.2375,0.0,0,0,0.0,0.0
4v4,BREACH,19700009,I2_W50_CURRENT_COMMIT,0a299d3ebdc1c2bebfbe1e92a93d083f352082193dba9c51d7367a58d420b051,240,4,708,0.7941839690106562,2.6863215764008768,4.35084694444743,2.7536992619606657,54.344444311441535,561,0.7914846238510711,0.46534237726098193,2.437500000000001,0.7700553235223371,0.5,0.0,0.0,0.2375,0.0,0,0,0.0,4.0
4v4,BREACH,19700009,I2R_W50_INTERRUPTIBLE_COMMIT,0a299d3ebdc1c2bebfbe1e92a93d083f352082193dba9c51d7367a58d420b051,240,4,708,0.7941839690106562,2.6863215764008768,4.35084694444743,2.7536992619606657,54.344444311441535,561,0.7914846238510711,0.46534237726098193,2.437500000000001,0.7700553235223371,0.5,0.0,0.0,0.2375,0.0,0,0,0.0,4.0
4v4,BREACH,19700009,I3_FULL_CURRENT_MACRO,0a299d3ebdc1c2bebfbe1e92a93d083f352082193dba9c51d7367a58d420b051,240,4,708,0.7020493456625667,1.9610973959224416,2.9645807131647826,1.8208648945242762,45.60196013510157,561,0.8024028193858287,0.46593514104889233,2.237499999999998,0.7845322829881991,0.3333333333333333,0.9104166666666667,0.14375000000000002,0.2375,0.5875299760191847,0,0,0.0,2.3099273607748185
4v4,BREACH,19700009,I3R_FULL_MACRO_INTERRUPTIBLE,0a299d3ebdc1c2bebfbe1e92a93d083f352082193dba9c51d7367a58d420b051,240,4,708,0.7020493456625667,1.9610973959224416,2.9645807131647826,1.8208648945242762,45.60196013510157,561,0.8024028193858287,0.46593514104889233,2.237499999999998,0.7845322829881991,0.3333333333333333,0.9104166666666667,0.14375000000000002,0.2375,0.5875299760191847,0,0,0.0,2.3099273607748185
4v4,BREACH,19700010,I0_CONTINUOUS_ORACLE,6ca866077bb0a6ee21d225f5c31f28f6880b687733840ce5cd9ebe117bb1e2a0,240,4,692,0.0,0.0,0.0,0.0,3.127924137841967e-07,550,0.0,0.0,0.0,0.0,0.0,0.0,0.0,0.2520833333333333,0.0,0,0,0.0,0.0
4v4,BREACH,19700010,I1_W50_NO_COMMIT,6ca866077bb0a6ee21d225f5c31f28f6880b687733840ce5cd9ebe117bb1e2a0,240,4,692,0.5313585286714675,1.7967561033912984,2.764584475118124,1.648612496866364,20.398305887145302,550,0.6235370584829508,0.22772967772967773,0.5749999999999993,0.5999007940395695,0.0,0.0,0.0,0.2520833333333333,0.0,0,0,0.0,0.0
4v4,BREACH,19700010,I2_W50_CURRENT_COMMIT,6ca866077bb0a6ee21d225f5c31f28f6880b687733840ce5cd9ebe117bb1e2a0,240,4,692,0.7176523667773135,2.7577714326533673,4.444667000250557,3.0692094327472317,47.91675134776568,550,0.8253742036175116,0.7150232714712254,4.149999999999999,0.7854161051965549,0.5072916666666667,0.0,0.0,0.2520833333333333,0.0,0,0,0.0,4.0
4v4,BREACH,19700010,I2R_W50_INTERRUPTIBLE_COMMIT,6ca866077bb0a6ee21d225f5c31f28f6880b687733840ce5cd9ebe117bb1e2a0,240,4,692,0.7176523667773135,2.7577714326533673,4.444667000250557,3.0692094327472317,47.91675134776568,550,0.8253742036175116,0.7150232714712254,4.149999999999999,0.7854161051965549,0.5072916666666667,0.0,0.0,0.2520833333333333,0.0,0,0,0.0,4.0
4v4,BREACH,19700010,I3_FULL_CURRENT_MACRO,6ca866077bb0a6ee21d225f5c31f28f6880b687733840ce5cd9ebe117bb1e2a0,240,4,692,0.6773837697687497,2.997348924933821,5.022409944426206,2.8085493418803886,41.69178635600083,550,0.7853659059896652,0.5378696506745286,3.5,0.7490311862380359,0.3052083333333333,0.8760416666666666,0.14479166666666668,0.2520833333333333,0.616822429906542,0,0,0.0,2.240566037735849
4v4,BREACH,19700010,I3R_FULL_MACRO_INTERRUPTIBLE,6ca866077bb0a6ee21d225f5c31f28f6880b687733840ce5cd9ebe117bb1e2a0,240,4,692,0.6773837697687497,2.997348924933821,5.022409944426206,2.8085493418803886,41.69178635600083,550,0.7853659059896652,0.5378696506745286,3.5,0.7490311862380359,0.3052083333333333,0.8760416666666666,0.14479166666666668,0.2520833333333333,0.616822429906542,0,0,0.0,2.240566037735849
4v4,BREACH,19700011,I0_CONTINUOUS_ORACLE,0e563f293854a18692e514213129e7775fb07eb66da61be7e6e775436e4ae342,240,4,896,0.0,0.0,0.0,0.0,2.7262438183563874e-07,855,0.0,0.0,0.0,0.0,0.0,0.0,0.0,0.06041666666666666,0.0,0,0,0.0,0.0
4v4,BREACH,19700011,I1_W50_NO_COMMIT,0e563f293854a18692e514213129e7775fb07eb66da61be7e6e775436e4ae342,240,4,896,0.7673625037259811,1.9873268538564106,2.9936273666221105,1.5838294981674488,40.149166349900064,855,0.7224035505817956,0.012410636442894508,0.0,0.7188712468764886,0.0,0.0,0.0,0.06041666666666666,0.0,0,0,0.0,0.0
4v4,BREACH,19700011,I2_W50_CURRENT_COMMIT,0e563f293854a18692e514213129e7775fb07eb66da61be7e6e775436e4ae342,240,4,896,0.9961340261187008,2.604084256888813,3.9212711152910016,2.730139867909605,78.47631098778282,855,0.8748484112750633,0.047241379310344826,0.1999999999999993,0.8713431317181999,0.6458333333333333,0.0,0.0,0.06041666666666666,0.0,0,0,0.0,4.0
4v4,BREACH,19700011,I2R_W50_INTERRUPTIBLE_COMMIT,0e563f293854a18692e514213129e7775fb07eb66da61be7e6e775436e4ae342,240,4,896,0.9961340261187008,2.604084256888813,3.9212711152910016,2.730139867909605,78.47631098778282,855,0.8748484112750633,0.047241379310344826,0.1999999999999993,0.8713431317181999,0.6458333333333333,0.0,0.0,0.06041666666666666,0.0,0,0,0.0,4.0
4v4,BREACH,19700011,I3_FULL_CURRENT_MACRO,0e563f293854a18692e514213129e7775fb07eb66da61be7e6e775436e4ae342,240,4,896,0.9110161034192601,1.9317605257316777,2.9442569730053023,1.8568198125143045,71.12629405420199,855,0.8749580144549307,0.0,0.0,0.8749580144549307,0.58125,0.859375,0.228125,0.06041666666666666,0.31,0,0,0.0,3.2094594594594597
4v4,BREACH,19700011,I3R_FULL_MACRO_INTERRUPTIBLE,0e563f293854a18692e514213129e7775fb07eb66da61be7e6e775436e4ae342,240,4,896,0.9110161034192601,1.9317605257316777,2.9442569730053023,1.8568198125143045,71.12629405420199,855,0.8749580144549307,0.0,0.0,0.8749580144549307,0.58125,0.859375,0.228125,0.06041666666666666,0.31,0,0,0.0,3.2094594594594597
4v4,BREACH,19700012,I0_CONTINUOUS_ORACLE,984d87e8a26fcda38a10514d2094189968be2ae2a64538315afb4b5fa2784bbc,240,4,526,0.0,0.0,0.0,0.0,3.007997829419985e-07,240,0.0,0.0,0.0,0.0,0.0,0.0,0.0,0.41145833333333337,0.0,0,0,0.0,0.0
4v4,BREACH,19700012,I1_W50_NO_COMMIT,984d87e8a26fcda38a10514d2094189968be2ae2a64538315afb4b5fa2784bbc,240,4,526,0.3722209951010312,1.609729377305081,2.3963709970806395,1.9276557916293626,8.112401515789069,240,0.6508736559139785,1.6786066332159,9.274999999999999,0.533420875778155,0.0,0.0,0.0,0.41145833333333337,0.0,0,0,0.0,0.0
4v4,BREACH,19700012,I2_W50_CURRENT_COMMIT,984d87e8a26fcda38a10514d2094189968be2ae2a64538315afb4b5fa2784bbc,240,4,526,0.4222011149850745,1.7751940036253135,2.553128820841027,2.439171910751498,13.52077564519059,240,0.7371206494057725,1.9957001810450086,9.5,0.6069896894453877,0.37083333333333335,0.0,0.0,0.41145833333333337,0.0,0,0,0.0,4.0
4v4,BREACH,19700012,I2R_W50_INTERRUPTIBLE_COMMIT,984d87e8a26fcda38a10514d2094189968be2ae2a64538315afb4b5fa2784bbc,240,4,526,0.4222011149850745,1.7751940036253135,2.553128820841027,2.439171910751498,13.52077564519059,240,0.7371206494057725,1.9957001810450086,9.5,0.6069896894453877,0.37083333333333335,0.0,0.0,0.41145833333333337,0.0,0,0,0.0,4.0
4v4,BREACH,19700012,I3_FULL_CURRENT_MACRO,984d87e8a26fcda38a10514d2094189968be2ae2a64538315afb4b5fa2784bbc,240,4,526,0.434610528467969,1.6908938236204076,2.5221595613552426,1.4538158839618913,17.150245571075274,240,0.7398397707979627,1.9928391067624083,9.5,0.6225129987266553,0.10208333333333333,0.9739583333333334,0.05104166666666667,0.41145833333333337,0.751412429378531,0,0,0.0,1.8045540796963946
4v4,BREACH,19700012,I3R_FULL_MACRO_INTERRUPTIBLE,984d87e8a26fcda38a10514d2094189968be2ae2a64538315afb4b5fa2784bbc,240,4,526,0.434610528467969,1.6908938236204076,2.5221595613552426,1.4538158839618913,17.150245571075274,240,0.7398397707979627,1.9928391067624083,9.5,0.6225129987266553,0.10208333333333333,0.9739583333333334,0.05104166666666667,0.41145833333333337,0.751412429378531,0,0,0.0,1.8045540796963946
4v4,BREACH,19700013,I0_CONTINUOUS_ORACLE,379080277b927d7f0e4bfc1bfdc5d104563ca2f48ec92663c90b2a90dcd92797,240,4,663,0.0,0.0,0.0,0.0,3.1725680153665605e-07,466,0.0,0.0,0.0,0.0,0.0,0.0,0.0,0.28020833333333334,0.0,0,0,0.0,0.0
4v4,BREACH,19700013,I1_W50_NO_COMMIT,379080277b927d7f0e4bfc1bfdc5d104563ca2f48ec92663c90b2a90dcd92797,240,4,663,0.5650703193514685,1.7635606709659628,2.5353111984486505,1.7298194056396654,24.566284511270588,466,0.6743895774586313,0.7602564102564102,6.549999999999995,0.6357000771323023,0.0,0.0,0.0,0.28020833333333334,0.0,0,0,0.0,0.0
4v4,BREACH,19700013,I2_W50_CURRENT_COMMIT,379080277b927d7f0e4bfc1bfdc5d104563ca2f48ec92663c90b2a90dcd92797,240,4,663,0.6934034259059149,2.335554859370471,3.526004159641899,2.502508304556915,46.16240283121467,466,0.8182246142604199,1.252458592132505,8.549999999999999,0.7752244487538605,0.4770833333333333,0.0,0.0,0.28020833333333334,0.0,0,0,0.0,4.0
4v4,BREACH,19700013,I2R_W50_INTERRUPTIBLE_COMMIT,379080277b927d7f0e4bfc1bfdc5d104563ca2f48ec92663c90b2a90dcd92797,240,4,663,0.6934034259059149,2.335554859370471,3.526004159641899,2.502508304556915,46.16240283121467,466,0.8182246142604199,1.252458592132505,8.549999999999999,0.7752244487538605,0.4770833333333333,0.0,0.0,0.28020833333333334,0.0,0,0,0.0,4.0
4v4,BREACH,19700013,I3_FULL_CURRENT_MACRO,379080277b927d7f0e4bfc1bfdc5d104563ca2f48ec92663c90b2a90dcd92797,240,4,663,0.6815639354906313,2.039613444507822,3.3847125601434094,1.7098702187611812,42.54417630043506,466,0.8367989782312033,1.3774151495056668,9.149999999999999,0.8003205518550788,0.28229166666666666,0.9114583333333334,0.11666666666666667,0.28020833333333334,0.6407982261640798,0,0,0.0,2.134228187919463
4v4,BREACH,19700013,I3R_FULL_MACRO_INTERRUPTIBLE,379080277b927d7f0e4bfc1bfdc5d104563ca2f48ec92663c90b2a90dcd92797,240,4,663,0.6815639354906313,2.039613444507822,3.3847125601434094,1.7098702187611812,42.54417630043506,466,0.8367989782312033,1.3774151495056668,9.149999999999999,0.8003205518550788,0.28229166666666666,0.9114583333333334,0.11666666666666667,0.28020833333333334,0.6407982261640798,0,0,0.0,2.134228187919463
4v4,BREACH,19700014,I0_CONTINUOUS_ORACLE,823c661de801f89c32542ba5ab9aef3836dea6d879cf444e08ae9936782781a7,240,4,724,0.0,0.0,0.0,0.0,3.2929220366389913e-07,568,0.0,0.0,0.0,0.0,0.0,0.0,0.0,0.221875,0.0,0,0,0.0,0.0
4v4,BREACH,19700014,I1_W50_NO_COMMIT,823c661de801f89c32542ba5ab9aef3836dea6d879cf444e08ae9936782781a7,240,4,724,0.5549074337844752,2.110188712468642,3.1276164850411354,1.6575844002042752,22.786663039826887,568,0.6321623328491374,0.10917602534243871,0.0,0.6215820534527379,0.0,0.0,0.0,0.221875,0.0,0,0,0.0,0.0
4v4,BREACH,19700014,I2_W50_CURRENT_COMMIT,823c661de801f89c32542ba5ab9aef3836dea6d879cf444e08ae9936782781a7,240,4,724,0.6802407853836767,3.0323221201865795,4.806820415925011,3.0688748399691574,41.25996501317452,568,0.747159260417068,0.3132779453574648,1.987499999999998,0.7171694771643038,0.475,0.0,0.0,0.221875,0.0,0,0,0.0,4.0
4v4,BREACH,19700014,I2R_W50_INTERRUPTIBLE_COMMIT,823c661de801f89c32542ba5ab9aef3836dea6d879cf444e08ae9936782781a7,240,4,724,0.6802407853836767,3.0323221201865795,4.806820415925011,3.0688748399691574,41.25996501317452,568,0.747159260417068,0.3132779453574648,1.987499999999998,0.7171694771643038,0.475,0.0,0.0,0.221875,0.0,0,0,0.0,4.0
4v4,BREACH,19700014,I3_FULL_CURRENT_MACRO,823c661de801f89c32542ba5ab9aef3836dea6d879cf444e08ae9936782781a7,240,4,724,0.6318339836060942,2.2733196790691528,3.553006631127416,2.4997002716147856,37.08899857830657,568,0.7421625245685047,0.22056338664498054,0.9499999999999993,0.722876902433251,0.30104166666666665,0.8791666666666665,0.14583333333333331,0.221875,0.5626535626535627,0,0,0.0,2.364764267990074
4v4,BREACH,19700014,I3R_FULL_MACRO_INTERRUPTIBLE,823c661de801f89c32542ba5ab9aef3836dea6d879cf444e08ae9936782781a7,240,4,724,0.6318339836060942,2.2733196790691528,3.553006631127416,2.4997002716147856,37.08899857830657,568,0.7421625245685047,0.22056338664498054,0.9499999999999993,0.722876902433251,0.30104166666666665,0.8791666666666665,0.14583333333333331,0.221875,0.5626535626535627,0,0,0.0,2.364764267990074
4v4,BREACH,19700015,I0_CONTINUOUS_ORACLE,649c1694caeb3e84889d9772df4d35c8946eb550e05b0fa4277b036b1ac40bfa,240,4,945,0.0,0.0,0.0,0.0,2.9573232038124404e-07,864,0.0,0.0,0.0,0.0,0.0,0.0,0.0,0.013541666666666667,0.0,0,0,0.0,0.0
4v4,BREACH,19700015,I1_W50_NO_COMMIT,649c1694caeb3e84889d9772df4d35c8946eb550e05b0fa4277b036b1ac40bfa,240,4,945,0.7906205662574621,2.0269996053754475,3.047016511847148,1.6230884591786252,47.58099689801114,864,0.7526674237737127,0.05835436900126927,0.34999999999999964,0.7421803194076368,0.0,0.0,0.0,0.013541666666666667,0.0,0,0,0.0,0.0
4v4,BREACH,19700015,I2_W50_CURRENT_COMMIT,649c1694caeb3e84889d9772df4d35c8946eb550e05b0fa4277b036b1ac40bfa,240,4,945,0.9585595808954825,2.524242386428095,3.7683962070433923,2.544593136888079,77.88806058412506,864,0.8681036053845584,0.019798136645962732,0.0,0.8657935328280071,0.6427083333333333,0.0,0.0,0.013541666666666667,0.0,0,0,0.0,4.0
4v4,BREACH,19700015,I2R_W50_INTERRUPTIBLE_COMMIT,649c1694caeb3e84889d9772df4d35c8946eb550e05b0fa4277b036b1ac40bfa,240,4,945,0.9585595808954825,2.524242386428095,3.7683962070433923,2.544593136888079,77.88806058412506,864,0.8681036053845584,0.019798136645962732,0.0,0.8657935328280071,0.6427083333333333,0.0,0.0,0.013541666666666667,0.0,0,0,0.0,4.0
4v4,BREACH,19700015,I3_FULL_CURRENT_MACRO,649c1694caeb3e84889d9772df4d35c8946eb550e05b0fa4277b036b1ac40bfa,240,4,945,0.8514095818820047,1.832157473077969,2.8317362032029796,1.537875121317913,71.08315132683431,864,0.8505155551585293,0.014434643143544507,0.0,0.8481953570534474,0.5906250000000001,0.8270833333333334,0.2354166666666667,0.013541666666666667,0.21818181818181817,0,0,0.0,3.4833948339483394
4v4,BREACH,19700015,I3R_FULL_MACRO_INTERRUPTIBLE,649c1694caeb3e84889d9772df4d35c8946eb550e05b0fa4277b036b1ac40bfa,240,4,945,0.8514095818820047,1.832157473077969,2.8317362032029796,1.537875121317913,71.08315132683431,864,0.8505155551585293,0.014434643143544507,0.0,0.8481953570534474,0.5906250000000001,0.8270833333333334,0.2354166666666667,0.013541666666666667,0.21818181818181817,0,0,0.0,3.4833948339483394
4v4,BREACH,19700016,I0_CONTINUOUS_ORACLE,c1a1615c188947d3a60fabccaa54e3831e1160781ff33c43c4ad21982c6c6999,240,4,926,0.0,0.0,0.0,0.0,2.9187489053553476e-07,874,0.0,0.0,0.0,0.0,0.0,0.0,0.0,0.03229166666666666,0.0,0,0,0.0,0.0
4v4,BREACH,19700016,I1_W50_NO_COMMIT,c1a1615c188947d3a60fabccaa54e3831e1160781ff33c43c4ad21982c6c6999,240,4,926,0.7640607760103291,1.9646425378989125,2.819815143623859,1.536277618944942,41.411328565365075,874,0.7496442603801635,0.010753931544865866,0.0,0.746182315348451,0.0,0.0,0.0,0.03229166666666666,0.0,0,0,0.0,0.0
4v4,BREACH,19700016,I2_W50_CURRENT_COMMIT,c1a1615c188947d3a60fabccaa54e3831e1160781ff33c43c4ad21982c6c6999,240,4,926,1.037629135708155,2.656095924159617,4.042701423667842,2.6113658567783875,83.28893804195425,874,0.8922696622163013,0.07348118279569893,0.4499999999999993,0.8854198644617568,0.6625,0.0,0.0,0.03229166666666666,0.0,0,0,0.0,4.0
4v4,BREACH,19700016,I2R_W50_INTERRUPTIBLE_COMMIT,c1a1615c188947d3a60fabccaa54e3831e1160781ff33c43c4ad21982c6c6999,240,4,926,1.037629135708155,2.656095924159617,4.042701423667842,2.6113658567783875,83.28893804195425,874,0.8922696622163013,0.07348118279569893,0.4499999999999993,0.8854198644617568,0.6625,0.0,0.0,0.03229166666666666,0.0,0,0,0.0,4.0
4v4,BREACH,19700016,I3_FULL_CURRENT_MACRO,c1a1615c188947d3a60fabccaa54e3831e1160781ff33c43c4ad21982c6c6999,240,4,926,0.9533595642643364,1.835314325299384,2.7320673003349616,1.7544144986132433,73.33436470504988,874,0.8833595190516184,0.05476190476190476,0.46249999999999947,0.8765361483583847,0.6,0.8239583333333333,0.23541666666666666,0.03229166666666666,0.22857142857142856,0,0,0.0,3.431159420289855
4v4,BREACH,19700016,I3R_FULL_MACRO_INTERRUPTIBLE,c1a1615c188947d3a60fabccaa54e3831e1160781ff33c43c4ad21982c6c6999,240,4,926,0.9533595642643364,1.835314325299384,2.7320673003349616,1.7544144986132433,73.33436470504988,874,0.8833595190516184,0.05476190476190476,0.46249999999999947,0.8765361483583847,0.6,0.8239583333333333,0.23541666666666666,0.03229166666666666,0.22857142857142856,0,0,0.0,3.431159420289855
