episode_id,timesteps,policy_update,rollout_step,latent_z,curriculum_phase,mode,map_set,opponent,success,blue_score,red_score,win_margin,decision_steps,zone_coverage,collision_free_episode,collision_events_per_episode,near_misses_per_episode,time_to_first_score,mean_inter_robot_dist,reward_terminal,reward_offense,reward_pbrs,reward_team,reward_sparse,reward_sparse_points,reward_failure,reward_total
1,184,0,23,1,OP3,FIXED_OPPONENT,train,SCRIPTED:OP3,1,3,0,3,23,0.3199999928474426,1,0,4,16.0,7.345264600670856,1.5,0.5,-0.009588882327079773,0.0,1.0,100.0,0.0,0.5826703310012817
2,208,0,26,1,OP3,FIXED_OPPONENT,train,SCRIPTED:OP3,1,3,0,3,26,0.23999999463558197,1,0,3,21.0,7.8698554405799275,1.5,0.5,0.001336127519607544,0.03999999910593033,1.0,100.0,0.0,0.5832680463790894
3,208,0,26,2,OP3,FIXED_OPPONENT,train,SCRIPTED:OP3,1,3,0,3,26,0.47999998927116394,1,0,9,19.0,6.228043189415565,1.5,0.5,0.00012576580047607422,0.02499999850988388,1.0,100.0,0.0,0.5830779075622559
4,216,0,27,0,OP3,FIXED_OPPONENT,train,SCRIPTED:OP3,1,3,0,3,27,0.4399999976158142,1,0,5,22.0,8.388837461118344,1.5,0.5,-0.0023336261510849,0.02499999850988388,1.0,100.0,0.0,0.5830489993095398
5,224,0,28,2,OP3,FIXED_OPPONENT,train,SCRIPTED:OP3,1,3,0,3,28,0.35999998450279236,1,0,9,21.0,6.287561144147601,1.5,0.5,-0.021711647510528564,0.014999999664723873,1.0,100.0,-0.03999999910593033,0.5768029689788818
6,232,0,29,3,OP3,FIXED_OPPONENT,train,SCRIPTED:OP3,1,3,0,3,29,0.3999999761581421,1,0,9,21.0,7.596189827754579,1.5,0.5,-0.0049592554569244385,0.02499999850988388,1.0,100.0,-0.019999999552965164,0.5800768136978149
7,240,0,30,1,OP3,FIXED_OPPONENT,train,SCRIPTED:OP3,1,3,1,2,30,0.2800000011920929,1,0,14,25.0,6.027194213867188,1.5,0.5,-0.015277162194252014,0.029999999329447746,1.0,100.0,0.0,0.5829557180404663
8,256,0,32,3,OP3,FIXED_OPPONENT,train,SCRIPTED:OP3,1,3,0,3,32,0.2800000011920929,1,0,11,25.0,7.601248741149902,1.5,0.5,-0.0289200097322464,0.029999999329447746,1.0,100.0,0.0,0.5827956199645996
9,336,0,42,0,OP3,FIXED_OPPONENT,train,SCRIPTED:OP3,1,3,2,1,19,0.3199999928474426,1,0,2,12.0,10.584144993832236,1.5,0.5,-0.023770049214363098,0.029999999329447746,1.0,100.0,0.0,0.5828560590744019
10,360,0,45,0,OP3,FIXED_OPPONENT,train,SCRIPTED:OP3,0,2,3,-1,19,0.23999999463558197,1,0,2,12.0,10.150022807874178,-1.2000000476837158,-0.5,0.015106290578842163,0.0,-1.0,-100.0,-0.019999999552965164,-0.540014386177063
11,360,0,45,3,OP3,FIXED_OPPONENT,train,SCRIPTED:OP3,1,3,2,1,19,0.2800000011920929,1,0,5,12.0,9.47614890650699,1.5,0.4000000059604645,-0.01037512719631195,0.029999999329447746,1.0,100.0,0.0,0.5681544542312622
12,368,0,46,2,OP3,FIXED_OPPONENT,train,SCRIPTED:OP3,1,3,2,1,18,0.3199999928474426,1,0,7,11.0,10.269417656792534,1.5,0.8999999761581421,-0.010211735963821411,0.029999999329447746,2.0,200.0,0.0,0.7522550821304321
13,368,0,46,0,OP3,FIXED_OPPONENT,train,SCRIPTED:OP3,0,2,3,-1,19,0.1599999964237213,1,0,5,12.0,10.340817100123354,-1.2000000476837158,0.0,0.00032372772693634033,0.0,0.0,0.0,0.0,-0.26051509380340576
14,384,0,48,1,OP3,FIXED_OPPONENT,train,SCRIPTED:OP3,1,3,2,1,19,0.23999999463558197,1,0,2,12.0,10.024417274876646,1.5,0.0,-0.009479835629463196,0.0,0.0,0.0,0.0,0.32136160135269165
15,392,0,49,3,OP3,FIXED_OPPONENT,train,SCRIPTED:OP3,1,3,1,2,19,0.3199999928474426,1,0,1,12.0,10.274295204564146,1.5,0.5,-0.02340693771839142,0.014999999664723873,1.0,100.0,0.0,0.5826842188835144
16,400,0,50,1,OP3,FIXED_OPPONENT,train,SCRIPTED:OP3,1,3,2,1,18,0.19999998807907104,1,0,0,11.0,11.588821411132812,1.5,0.4000000059604645,-0.0018002688884735107,0.029999999329447746,0.0,0.0,0.0,0.39922240376472473
17,472,0,59,0,OP3,FIXED_OPPONENT,train,SCRIPTED:OP3,1,3,2,1,17,0.35999998450279236,1,0,2,11.0,9.43776658002068,1.5,0.5,-0.04123339056968689,0.014999999664723873,1.0,100.0,0.0,0.582474946975708
18,512,0,64,1,OP3,FIXED_OPPONENT,train,SCRIPTED:OP3,0,1,3,-2,19,0.1599999964237213,1,0,4,12.0,10.260936536287007,-1.2000000476837158,-0.5,0.007562577724456787,0.019999999552965164,-1.0,-100.0,-0.019999999552965164,-0.5398575067520142
19,512,0,64,0,OP3,FIXED_OPPONENT,train,SCRIPTED:OP3,0,2,3,-1,19,0.2800000011920929,1,0,4,12.0,10.582825510125412,-1.2000000476837158,-0.5,-0.013161048293113708,0.019999999552965164,-1.0,-100.0,0.0,-0.5369631052017212
20,512,0,64,1,OP3,FIXED_OPPONENT,train,SCRIPTED:OP3,1,3,2,1,18,0.35999998450279236,1,0,0,11.0,10.424178229437935,1.5,0.4000000059604645,-0.006090864539146423,0.029999999329447746,1.0,100.0,0.0,0.5682060718536377
21,520,0,65,1,OP3,FIXED_OPPONENT,train,SCRIPTED:OP3,1,3,2,1,19,0.2800000011920929,1,0,0,15.0,11.778098658511514,1.5,0.5,-0.007355332374572754,0.029999999329447746,1.0,100.0,-0.019999999552965164,0.580107569694519
22,528,0,66,1,OP3,FIXED_OPPONENT,train,SCRIPTED:OP3,0,2,3,-1,18,0.19999998807907104,1,0,4,11.0,10.708527459038628,-1.2000000476837158,-0.4000000059604645,0.007883727550506592,0.019999999552965164,-1.0,-100.0,0.0,-0.5206871628761292
23,544,0,68,0,OP3,FIXED_OPPONENT,train,SCRIPTED:OP3,1,3,2,1,19,0.2800000011920929,1,0,3,13.0,10.63413439298931,1.5,0.5,-0.03811006247997284,0.029999999329447746,1.0,100.0,0.0,0.5826877355575562
24,560,0,70,2,OP3,FIXED_OPPONENT,train,SCRIPTED:OP3,1,3,2,1,20,0.2800000011920929,1,0,2,12.0,11.209161376953125,1.5,0.5,-0.030888915061950684,0.014999999664723873,1.0,100.0,0.0,0.5825963020324707
25,632,0,79,1,OP3,FIXED_OPPONENT,train,SCRIPTED:OP3,0,3,3,0,20,0.2800000011920929,1,0,4,13.0,8.954801177978515,-0.699999988079071,0.0,0.007106617093086243,0.0,0.0,0.0,-0.019999999552965164,-0.15852534770965576
26,648,0,81,3,OP3,FIXED_OPPONENT,train,SCRIPTED:OP3,1,3,2,1,17,0.1599999964237213,1,0,1,11.0,10.584625244140625,1.5,0.0,0.008560866117477417,0.0,0.0,0.0,0.0,0.32164913415908813
27,664,0,83,3,OP3,FIXED_OPPONENT,train,SCRIPTED:OP3,0,3,3,0,18,0.23999999463558197,1,0,6,11.0,10.375652737087673,-0.699999988079071,0.0,0.0051226019859313965,0.0,0.0,0.0,0.0,-0.1542239934206009
28,672,0,84,1,OP3,FIXED_OPPONENT,train,SCRIPTED:OP3,1,3,2,1,20,0.1599999964237213,1,0,5,13.0,10.869734191894532,1.5,0.5,0.01093408465385437,0.029999999329447746,1.0,100.0,-0.019999999552965164,0.5803232192993164
29,680,0,85,2,OP3,FIXED_OPPONENT,train,SCRIPTED:OP3,0,3,3,0,19,0.3199999928474426,1,0,2,11.0,11.424980565121299,-0.699999988079071,0.0,-0.008489817380905151,0.0,0.0,0.0,-0.019999999552965164,-0.15879563987255096
30,680,0,85,2,OP3,FIXED_OPPONENT,train,SCRIPTED:OP3,0,3,3,0,21,0.11999999731779099,1,0,5,13.0,10.156329926990328,-0.699999988079071,0.0,0.00901135802268982,0.0,0.0,0.0,-0.019999999552965164,-0.1584923416376114
31,704,0,88,1,OP3,FIXED_OPPONENT,train,SCRIPTED:OP3,1,3,2,1,18,0.19999998807907104,1,0,1,11.0,9.677950541178385,1.5,0.5,0.0038837939500808716,0.029999999329447746,1.0,100.0,-0.019999999552965164,0.5802401304244995
32,704,0,88,0,OP3,FIXED_OPPONENT,train,SCRIPTED:OP3,0,3,3,0,20,0.3999999761581421,1,0,4,11.0,9.605435943603515,-0.699999988079071,0.0,-0.0058000534772872925,0.0,0.0,0.0,-0.019999999552965164,-0.1587490290403366
33,784,0,98,1,OP3,FIXED_OPPONENT,train,SCRIPTED:OP3,1,3,2,1,17,0.2800000011920929,1,0,2,12.0,10.02942522834329,1.5,0.5,-0.02798844873905182,0.014999999664723873,1.0,100.0,0.0,0.5826303958892822
34,792,0,99,3,OP3,FIXED_OPPONENT,train,SCRIPTED:OP3,0,3,3,0,20,0.23999999463558197,1,0,2,12.0,11.045092010498047,-0.699999988079071,0.0,-0.005046755075454712,0.0,0.0,0.0,-0.03999999910593033,-0.1630653440952301
35,808,0,101,2,OP3,FIXED_OPPONENT,train,SCRIPTED:OP3,1,3,2,1,18,0.19999998807907104,1,0,0,11.0,11.267907884385851,1.5,0.4000000059604645,0.007051184773445129,0.014999999664723873,1.0,100.0,0.0,0.5681836605072021
36,816,0,102,3,OP3,FIXED_OPPONENT,train,SCRIPTED:OP3,1,3,2,1,17,0.11999999731779099,1,0,2,11.0,10.477403528550091,1.5,0.0,0.00220334529876709,0.0,0.0,0.0,-0.019999999552965164,0.3175572454929352
37,824,0,103,3,OP3,FIXED_OPPONENT,train,SCRIPTED:OP3,0,2,3,-1,19,0.23999999463558197,1,0,4,12.0,10.0705421849301,-1.2000000476837158,-0.5,0.00011451542377471924,0.019999999552965164,-1.0,-100.0,0.0,-0.5367951393127441
38,840,0,105,1,OP3,FIXED_OPPONENT,train,SCRIPTED:OP3,1,3,2,1,20,0.2800000011920929,1,0,3,12.0,9.75402603149414,1.5,0.5,-0.010822251439094543,0.02499999850988388,1.0,100.0,0.0,0.5829493999481201
39,880,0,110,1,OP3,FIXED_OPPONENT,train,SCRIPTED:OP3,0,3,3,0,22,0.11999999731779099,1,0,5,14.0,9.250971013849432,-0.699999988079071,0.0,-0.0017849057912826538,0.0,0.0,0.0,0.0,-0.1543438732624054
40,880,0,110,3,OP3,FIXED_OPPONENT,train,SCRIPTED:OP3,0,3,3,0,22,0.3199999928474426,1,0,7,15.0,9.773591475053268,-0.699999988079071,0.5,0.003839462995529175,0.0,1.0,100.0,0.0,0.175994411110878
41,928,0,116,2,OP3,FIXED_OPPONENT,train,SCRIPTED:OP3,1,3,2,1,18,0.2800000011920929,1,0,0,11.0,10.568905300564236,1.5,0.5,-0.017193853855133057,0.029999999329447746,1.0,100.0,0.0,0.5829333066940308
42,928,0,116,1,OP3,FIXED_OPPONENT,train,SCRIPTED:OP3,1,3,2,1,17,0.2800000011920929,1,0,1,11.0,9.24974957634421,1.5,0.4000000059604645,-0.009823068976402283,0.029999999329447746,1.0,100.0,0.0,0.568161129951477
43,936,0,117,1,OP3,FIXED_OPPONENT,train,SCRIPTED:OP3,1,3,2,1,16,0.3199999928474426,1,0,3,11.0,9.807211875915527,1.5,0.0,-0.008268356323242188,0.0,0.0,0.0,0.0,0.3213808834552765
44,968,0,121,0,OP3,FIXED_OPPONENT,train,SCRIPTED:OP3,1,3,2,1,19,0.23999999463558197,1,0,4,11.0,9.84530318410773,1.5,0.5,-0.04058292508125305,0.029999999329447746,1.0,100.0,0.0,0.5826586484909058
45,976,0,122,3,OP3,FIXED_OPPONENT,train,SCRIPTED:OP3,1,3,2,1,19,0.23999999463558197,1,0,0,12.0,13.54680754009046,1.5,0.5,-0.019427910447120667,0.029999999329447746,1.0,100.0,0.0,0.5829070806503296
46,992,0,124,3,OP3,FIXED_OPPONENT,train,SCRIPTED:OP3,0,2,3,-1,19,0.2800000011920929,1,0,5,12.0,9.557250173468338,-1.2000000476837158,-0.5,-0.013238683342933655,0.019999999552965164,-1.0,-100.0,0.0,-0.5369641184806824
47,1032,0,129,0,OP3,FIXED_OPPONENT,train,SCRIPTED:OP3,0,3,3,0,19,0.1599999964237213,1,0,4,12.0,10.655346519068667,-0.699999988079071,0.0,-0.0035759061574935913,0.0,0.0,0.0,-0.019999999552965164,-0.15871047973632812
48,1064,0,133,1,OP3,FIXED_OPPONENT,train,SCRIPTED:OP3,1,3,2,1,23,0.19999998807907104,1,0,8,15.0,10.369272646696672,1.5,0.5,-0.007844895124435425,0.029999999329447746,1.0,100.0,0.0,0.5830429792404175
49,1072,0,134,2,OP3,FIXED_OPPONENT,train,SCRIPTED:OP3,0,2,3,-1,18,0.3199999928474426,1,0,4,11.0,10.796058654785156,-1.2000000476837158,-0.4000000059604645,-0.0010006874799728394,0.019999999552965164,-1.0,-100.0,0.0,-0.5208023190498352
50,1080,0,135,2,OP3,FIXED_OPPONENT,train,SCRIPTED:OP3,0,3,3,0,19,0.1599999964237213,1,0,5,12.0,10.50443468595806,-0.699999988079071,0.5,-0.00971655547618866,0.0,1.0,100.0,0.0,0.1757608950138092
51,1080,0,135,1,OP3,FIXED_OPPONENT,train,SCRIPTED:OP3,1,3,2,1,18,0.19999998807907104,1,0,3,12.0,10.102589925130209,1.5,0.8999999761581421,-6.879866123199463e-05,0.029999999329447746,2.0,200.0,0.0,0.7523333430290222
52,1112,0,139,0,OP3,FIXED_OPPONENT,train,SCRIPTED:OP3,1,3,2,1,18,0.19999998807907104,1,0,3,11.0,9.914815266927084,1.5,0.4000000059604645,0.008618459105491638,0.014999999664723873,1.0,100.0,0.0,0.5682024955749512
53,1128,0,141,3,OP3,FIXED_OPPONENT,train,SCRIPTED:OP3,1,3,2,1,19,0.3199999928474426,1,0,0,12.0,10.75308629086143,1.5,0.5,-0.013423949480056763,0.014999999664723873,1.0,100.0,-0.019999999552965164,0.5798590183258057
54,1128,0,141,0,OP3,FIXED_OPPONENT,train,SCRIPTED:OP3,0,2,3,-1,17,0.23999999463558197,1,0,3,11.0,10.075302124023438,-1.2000000476837158,0.0,-0.0008144974708557129,0.019999999552965164,0.0,0.0,0.0,-0.2602024972438812
55,1184,0,148,0,OP3,FIXED_OPPONENT,train,SCRIPTED:OP3,0,3,3,0,19,0.2800000011920929,1,0,0,12.0,9.7353660181949,-0.699999988079071,0.0,-0.006341278553009033,0.0,0.0,0.0,-0.019999999552965164,-0.15875840187072754
56,1216,0,152,2,OP3,FIXED_OPPONENT,train,SCRIPTED:OP3,0,2,3,-1,18,0.23999999463558197,1,0,0,11.0,11.234283447265625,-1.2000000476837158,-0.5,0.008629932999610901,0.0,-1.0,-100.0,-0.019999999552965164,-0.5400959849357605
57,1216,0,152,3,OP3,FIXED_OPPONENT,train,SCRIPTED:OP3,1,3,2,1,19,0.35999998450279236,1,0,2,12.0,9.989098799856086,1.5,0.4000000059604645,-0.010438814759254456,0.029999999329447746,1.0,100.0,0.0,0.5681536793708801
58,1224,0,153,3,OP3,FIXED_OPPONENT,train,SCRIPTED:OP3,0,2,3,-1,18,0.2800000011920929,1,0,4,12.0,9.123897128634983,-1.2000000476837158,-0.5,-0.0035116374492645264,0.0,-1.0,-100.0,0.0,-0.537093997001648
59,1232,0,154,1,OP3,FIXED_OPPONENT,train,SCRIPTED:OP3,1,3,2,1,19,0.19999998807907104,1,0,3,12.0,9.798566316303454,1.5,0.5,-0.014118582010269165,0.029999999329447746,1.0,100.0,0.0,0.5829693675041199
60,1256,0,157,0,OP3,FIXED_OPPONENT,train,SCRIPTED:OP3,0,2,3,-1,18,0.19999998807907104,1,0,3,12.0,9.884925842285156,-1.2000000476837158,-0.5,0.01046396791934967,0.019999999552965164,-1.0,-100.0,0.0,-0.5366641879081726
61,1272,0,159,3,OP3,FIXED_OPPONENT,train,SCRIPTED:OP3,1,3,2,1,18,0.2800000011920929,1,0,2,12.0,9.57252671983507,1.5,0.4000000059604645,0.0009912550449371338,0.029999999329447746,1.0,100.0,0.0,0.5682913064956665
62,1272,0,159,0,OP3,FIXED_OPPONENT,train,SCRIPTED:OP3,1,3,2,1,18,0.2800000011920929,1,0,4,11.0,9.761438157823351,1.5,0.5,-0.031094178557395935,0.029999999329447746,1.0,100.0,0.0,0.5827701091766357
63,1328,0,166,3,OP3,FIXED_OPPONENT,train,SCRIPTED:OP3,1,3,2,1,18,0.11999999731779099,1,0,2,11.0,10.610569424099392,1.5,0.5,0.009875759482383728,0.029999999329447746,1.0,100.0,0.0,0.583250880241394
64,1360,0,170,3,OP3,FIXED_OPPONENT,train,SCRIPTED:OP3,0,2,3,-1,18,0.19999998807907104,1,0,0,11.0,10.712191263834635,-1.2000000476837158,-0.5,0.0005993247032165527,0.019999999552965164,-1.0,-100.0,0.0,-0.5367890000343323
65,1360,0,170,1,OP3,FIXED_OPPONENT,train,SCRIPTED:OP3,1,3,2,1,16,0.19999998807907104,1,0,0,12.0,12.756099700927734,1.5,0.0,4.941970109939575e-05,0.0,0.0,0.0,0.0,0.32151347398757935
66,1368,0,171,1,OP3,FIXED_OPPONENT,train,SCRIPTED:OP3,1,3,2,1,19,0.3999999761581421,1,0,4,11.0,9.551742553710938,1.5,0.5,-0.032054364681243896,0.02499999850988388,1.0,100.0,0.0,0.5827001333236694
67,1384,0,173,2,OP3,FIXED_OPPONENT,train,SCRIPTED:OP3,1,3,2,1,20,0.2800000011920929,1,0,2,13.0,11.989410400390625,1.5,0.5,0.007857933640480042,0.029999999329447746,1.0,100.0,0.0,0.5832271575927734
68,1408,0,176,1,OP3,FIXED_OPPONENT,train,SCRIPTED:OP3,1,3,2,1,19,0.23999999463558197,1,0,1,14.0,11.220226890162417,1.5,0.5,-0.013312146067619324,0.029999999329447746,1.0,100.0,-0.019999999552965164,0.5800373554229736
69,1416,0,177,2,OP3,FIXED_OPPONENT,train,SCRIPTED:OP3,0,2,3,-1,18,0.35999998450279236,1,0,2,12.0,10.37141842312283,-1.2000000476837158,0.10000002384185791,0.002849757671356201,0.019999999552965164,0.0,0.0,-0.019999999552965164,-0.24349181354045868
70,1416,0,177,2,OP3,FIXED_OPPONENT,train,SCRIPTED:OP3,1,3,2,1,18,0.19999998807907104,1,0,1,11.0,11.128086513943142,1.5,0.4000000059604645,0.0038789883255958557,0.029999999329447746,1.0,100.0,0.0,0.5683259963989258
71,1472,0,184,2,OP3,FIXED_OPPONENT,train,SCRIPTED:OP3,1,3,2,1,18,0.23999999463558197,1,0,4,11.0,10.129019843207466,1.5,0.4000000059604645,-0.005618870258331299,0.029999999329447746,1.0,100.0,0.0,0.5682116746902466
72,1504,0,188,3,OP3,FIXED_OPPONENT,train,SCRIPTED:OP3,0,2,3,-1,18,0.19999998807907104,1,0,0,11.0,10.334548950195312,-1.2000000476837158,-0.4000000059604645,0.0014975368976593018,0.019999999552965164,-1.0,-100.0,0.0,-0.5207698941230774
73,1504,0,188,0,OP3,FIXED_OPPONENT,train,SCRIPTED:OP3,0,2,3,-1,18,0.19999998807907104,1,0,0,11.0,11.939721001519096,-1.2000000476837158,-0.4000000059604645,-0.008744046092033386,0.019999999552965164,-1.0,-100.0,0.0,-0.5209025740623474
74,1520,0,190,3,OP3,FIXED_OPPONENT,train,SCRIPTED:OP3,0,2,3,-1,19,0.1599999964237213,1,0,0,12.0,11.098426417300576,-1.2000000476837158,-0.5,-0.004184722900390625,0.019999999552965164,-1.0,-100.0,-0.019999999552965164,-0.5400054454803467
75,1528,0,191,2,OP3,FIXED_OPPONENT,train,SCRIPTED:OP3,1,3,2,1,18,0.19999998807907104,1,0,0,11.0,12.040418836805555,1.5,0.4000000059604645,-0.006640620529651642,0.029999999329447746,1.0,100.0,-0.019999999552965164,0.5651822686195374
76,1552,0,194,0,OP3,FIXED_OPPONENT,train,SCRIPTED:OP3,0,2,3,-1,18,0.23999999463558197,1,0,3,11.0,10.432284037272135,-1.2000000476837158,-0.5,0.014867857098579407,0.019999999552965164,-1.0,-100.0,-0.019999999552965164,-0.539765477180481
77,1560,0,195,0,OP3,FIXED_OPPONENT,train,SCRIPTED:OP3,0,3,3,0,18,0.2800000011920929,1,0,1,11.0,10.147271898057726,-0.699999988079071,0.0,-0.010278269648551941,0.0,0.0,0.0,0.0,-0.15449127554893494
78,1560,0,195,0,OP3,FIXED_OPPONENT,train,SCRIPTED:OP3,0,2,3,-1,18,0.23999999463558197,1,0,0,11.0,11.555640326605904,-1.2000000476837158,-0.4000000059604645,0.0072358399629592896,0.0,-1.0,-100.0,0.0,-0.5209546089172363
79,1616,0,202,0,OP3,FIXED_OPPONENT,train,SCRIPTED:OP3,1,3,2,1,18,0.1599999964237213,1,0,4,11.0,10.770941840277779,1.5,0.5,-0.03238999843597412,0.029999999329447746,1.0,100.0,0.0,0.5827548503875732
80,1632,0,204,1,OP3,FIXED_OPPONENT,train,SCRIPTED:OP3,1,3,1,2,16,0.23999999463558197,1,0,2,11.0,10.225500106811523,1.5,0.5,-0.004466064274311066,0.029999999329447746,1.0,100.0,-0.019999999552965164,0.5801416635513306
81,1648,0,206,2,OP3,FIXED_OPPONENT,train,SCRIPTED:OP3,1,3,2,1,18,0.23999999463558197,1,0,5,11.0,9.06135728624132,1.5,0.5,-0.018352240324020386,0.014999999664723873,1.0,100.0,0.0,0.5827435851097107
82,1680,0,210,3,OP3,FIXED_OPPONENT,train,SCRIPTED:OP3,1,3,2,1,19,0.23999999463558197,1,0,3,13.0,9.105676751387747,1.5,0.0,-0.00012587010860443115,0.0,0.0,0.0,0.0,0.3215107023715973
83,1680,0,210,0,OP3,FIXED_OPPONENT,train,SCRIPTED:OP3,0,2,3,-1,20,0.2800000011920929,1,0,1,12.0,11.052400207519531,-1.2000000476837158,-0.5,-0.005464792251586914,0.019999999552965164,-1.0,-100.0,-0.019999999552965164,-0.540021538734436
84,1712,0,214,3,OP3,FIXED_OPPONENT,train,SCRIPTED:OP3,0,2,3,-1,20,0.23999999463558197,1,0,0,12.0,10.083226776123047,-1.2000000476837158,-0.5,-0.0015604346990585327,0.019999999552965164,-1.0,-100.0,-0.019999999552965164,-0.5399724245071411
85,1712,0,214,0,OP3,FIXED_OPPONENT,train,SCRIPTED:OP3,0,2,3,-1,19,0.2800000011920929,1,0,1,11.0,9.538956491570724,-1.2000000476837158,-0.5,-0.0028980374336242676,0.0,-1.0,-100.0,0.0,-0.5370862483978271
86,1720,0,215,2,OP3,FIXED_OPPONENT,train,SCRIPTED:OP3,0,2,3,-1,20,0.3199999928474426,0,1,3,12.0,11.250341796875,-1.2000000476837158,0.0,-0.004257261753082275,0.019999999552965164,0.0,0.0,0.0,-0.2602595388889313
87,1760,0,220,1,OP3,FIXED_OPPONENT,train,SCRIPTED:OP3,0,2,3,-1,18,0.19999998807907104,1,0,5,11.0,9.581008911132812,-1.2000000476837158,-0.5,-0.005882203578948975,0.0,-1.0,-100.0,0.0,-0.5371239185333252
88,1776,0,222,2,OP3,FIXED_OPPONENT,train,SCRIPTED:OP3,1,3,2,1,18,0.19999998807907104,1,0,1,11.0,10.535674201117622,1.5,0.5,-0.033364489674568176,0.029999999329447746,1.0,100.0,-0.019999999552965164,0.5798007249832153
89,1792,0,224,3,OP3,FIXED_OPPONENT,train,SCRIPTED:OP3,0,3,3,0,18,0.1599999964237213,1,0,0,11.0,10.426890055338541,-0.699999988079071,0.0,-0.0013000071048736572,0.0,0.0,0.0,0.0,-0.15433546900749207
90,1824,0,228,2,OP3,FIXED_OPPONENT,train,SCRIPTED:OP3,1,3,2,1,18,0.23999999463558197,1,0,3,11.0,10.17476314968533,1.5,0.4000000059604645,-0.009943872690200806,0.029999999329447746,1.0,100.0,0.0,0.5681596398353577
91,1824,0,228,2,OP3,FIXED_OPPONENT,train,SCRIPTED:OP3,0,3,3,0,18,0.23999999463558197,1,0,5,11.0,9.660820855034721,-0.699999988079071,0.5,-0.00579342246055603,0.0,1.0,100.0,0.0,0.1758284717798233
92,1856,0,232,2,OP3,FIXED_OPPONENT,train,SCRIPTED:OP3,1,3,2,1,17,0.19999998807907104,1,0,0,13.0,9.924072265625,1.5,0.4000000059604645,-0.0005736202001571655,0.014999999664723873,1.0,100.0,0.0,0.568091869354248
93,1864,0,233,2,OP3,FIXED_OPPONENT,train,SCRIPTED:OP3,1,3,1,2,19,0.35999998450279236,1,0,2,12.0,9.497405202765213,1.5,0.5,0.0030171722173690796,0.02499999850988388,1.0,100.0,0.0,0.5831117630004883
94,1872,0,234,1,OP3,FIXED_OPPONENT,train,SCRIPTED:OP3,1,3,2,1,20,0.3199999928474426,1,0,5,13.0,9.189531707763672,1.5,0.5,0.012313678860664368,0.014999999664723873,1.0,100.0,-0.019999999552965164,0.5801626443862915
95,1896,0,237,3,OP3,FIXED_OPPONENT,train,SCRIPTED:OP3,1,3,2,1,15,0.19999998807907104,1,0,0,11.0,11.105740356445313,1.5,0.4000000059604645,-0.005789056420326233,0.029999999329447746,1.0,100.0,-0.019999999552965164,0.5651925802230835
96,1912,0,239,0,OP3,FIXED_OPPONENT,train,SCRIPTED:OP3,0,3,3,0,19,0.23999999463558197,1,0,2,11.0,10.576717979029604,-0.699999988079071,0.0,-0.006688103079795837,0.0,0.0,0.0,-0.03999999910593033,-0.16309376060962677
97,1944,0,243,3,OP3,FIXED_OPPONENT,train,SCRIPTED:OP3,1,3,2,1,19,0.19999998807907104,1,0,3,12.0,11.042563990542764,1.5,0.5,-0.024152055382728577,0.014999999664723873,1.0,100.0,-0.019999999552965164,0.5797324180603027
98,1968,0,246,2,OP3,FIXED_OPPONENT,train,SCRIPTED:OP3,1,3,2,1,18,0.2800000011920929,1,0,3,11.0,9.459722730848524,1.5,0.5,-0.026159510016441345,0.029999999329447746,1.0,100.0,0.0,0.5828280448913574
99,1968,0,246,2,OP3,FIXED_OPPONENT,train,SCRIPTED:OP3,1,3,2,1,18,0.1599999964237213,1,0,1,13.0,9.790858798556858,1.5,0.5,-0.011366218328475952,0.029999999329447746,1.0,100.0,0.0,0.5830016136169434
100,2008,0,251,3,OP3,FIXED_OPPONENT,train,SCRIPTED:OP3,1,3,2,1,19,0.2800000011920929,1,0,3,12.0,11.311820582339639,1.5,0.5,-0.037955887615680695,0.029999999329447746,1.0,100.0,0.0,0.5826895236968994
101,2016,0,252,3,OP3,FIXED_OPPONENT,train,SCRIPTED:OP3,1,3,2,1,19,0.19999998807907104,1,0,4,12.0,10.0848533228824,1.5,0.5,-0.016347438097000122,0.029999999329447746,1.0,100.0,0.0,0.5829432010650635
102,2016,0,252,3,OP3,FIXED_OPPONENT,train,SCRIPTED:OP3,0,2,3,-1,18,0.2800000011920929,1,0,3,14.0,9.457057529025608,-1.2000000476837158,-0.5,-0.008084893226623535,0.0,-1.0,-100.0,0.0,-0.5371518135070801
103,2040,0,255,2,OP3,FIXED_OPPONENT,train,SCRIPTED:OP3,0,1,3,-2,16,0.3199999928474426,1,0,3,12.0,10.449936866760254,-1.2000000476837158,-0.5,0.015426307916641235,0.019999999552965164,-1.0,-100.0,-0.019999999552965164,-0.5397584438323975
104,2048,0,256,0,OP3,FIXED_OPPONENT,train,SCRIPTED:OP3,1,3,2,1,19,0.3999999761581421,1,0,2,12.0,9.80672173751028,1.5,0.4000000059604645,-0.005772486329078674,0.014999999664723873,1.0,100.0,-0.019999999552965164,0.5650112628936768
105,2088,0,261,2,OP3,FIXED_OPPONENT,train,SCRIPTED:OP3,1,3,2,1,18,0.19999998807907104,1,0,0,11.0,9.691793653700087,1.5,0.5,-0.023790761828422546,0.029999999329447746,1.0,100.0,0.0,0.5828558206558228
106,2088,0,261,3,OP3,FIXED_OPPONENT,train,SCRIPTED:OP3,1,3,1,2,15,0.2800000011920929,1,0,0,11.0,11.082177734375,1.5,0.5,0.01163281500339508,0.029999999329447746,1.0,100.0,0.0,0.5832715034484863
107,2112,0,264,2,OP3,FIXED_OPPONENT,train,SCRIPTED:OP3,0,2,3,-1,18,0.19999998807907104,1,0,3,11.0,11.161247253417969,-1.2000000476837158,-0.5,0.009629890322685242,0.019999999552965164,-1.0,-100.0,-0.019999999552965164,-0.5398315191268921
108,2160,0,270,2,OP3,FIXED_OPPONENT,train,SCRIPTED:OP3,1,3,2,1,18,0.19999998807907104,1,0,0,11.0,11.444488525390625,1.5,0.4000000059604645,-0.005818597972393036,0.029999999329447746,1.0,100.0,0.0,0.5682092905044556
109,2160,0,270,1,OP3,FIXED_OPPONENT,train,SCRIPTED:OP3,1,3,1,2,15,0.19999998807907104,1,0,1,11.0,11.35321756998698,1.5,0.4000000059604645,0.008735045790672302,0.029999999329447746,1.0,100.0,0.0,0.5683845281600952
110,2160,0,270,0,OP3,FIXED_OPPONENT,train,SCRIPTED:OP3,1,3,2,1,18,0.19999998807907104,1,0,2,12.0,11.04669189453125,1.5,0.5,-0.03361678123474121,0.029999999329447746,1.0,100.0,0.0,0.5827404856681824
111,2168,0,271,1,OP3,FIXED_OPPONENT,train,SCRIPTED:OP3,1,3,2,1,20,0.1599999964237213,1,0,3,13.0,11.877182006835938,1.5,0.5,-0.032449766993522644,0.029999999329447746,1.0,100.0,0.0,0.5827542543411255
112,2200,0,275,3,OP3,FIXED_OPPONENT,train,SCRIPTED:OP3,0,2,3,-1,19,0.2800000011920929,1,0,3,12.0,9.011973330849095,-1.2000000476837158,-0.5,0.010444298386573792,0.0,-1.0,-100.0,0.0,-0.536917507648468
113,2232,0,279,1,OP3,FIXED_OPPONENT,train,SCRIPTED:OP3,1,3,2,1,18,0.1599999964237213,1,0,1,11.0,11.393539428710938,1.5,0.0,0.0043616145849227905,0.0,0.0,0.0,0.0,0.32158222794532776
114,2248,0,281,3,OP3,FIXED_OPPONENT,train,SCRIPTED:OP3,0,3,3,0,20,0.19999998807907104,1,0,4,13.0,9.557962799072266,-0.699999988079071,0.0,-0.010344639420509338,0.0,0.0,0.0,-0.019999999552965164,-0.1588277667760849
115,2264,0,283,3,OP3,FIXED_OPPONENT,train,SCRIPTED:OP3,0,2,3,-1,19,0.19999998807907104,1,0,2,12.0,10.546911942331414,-1.2000000476837158,-0.5,0.008825331926345825,0.019999999552965164,-1.0,-100.0,-0.019999999552965164,-0.5398416519165039
116,2304,0,288,1,OP3,FIXED_OPPONENT,train,SCRIPTED:OP3,0,2,3,-1,18,0.19999998807907104,1,0,6,12.0,10.062247382269966,-1.2000000476837158,0.0,0.008176445960998535,0.0,0.0,0.0,0.0,-0.2603849470615387
117,2312,0,289,0,OP3,FIXED_OPPONENT,train,SCRIPTED:OP3,1,3,2,1,19,0.2800000011920929,1,0,2,12.0,10.482775236430921,1.5,0.0,-0.009726077318191528,0.0,0.0,0.0,0.0,0.3213576674461365
118,2320,0,290,1,OP3,FIXED_OPPONENT,train,SCRIPTED:OP3,1,3,2,1,19,0.2800000011920929,1,0,0,12.0,10.16751500179893,1.5,0.5,-0.002474069595336914,0.014999999664723873,1.0,100.0,0.0,0.5829299688339233
119,2328,0,291,0,OP3,FIXED_OPPONENT,train,SCRIPTED:OP3,0,2,3,-1,21,0.23999999463558197,1,0,1,14.0,10.170492263067336,-1.2000000476837158,-0.5,0.01238982379436493,0.0,-1.0,-100.0,0.0,-0.5368928909301758
120,2360,0,295,1,OP3,FIXED_OPPONENT,train,SCRIPTED:OP3,1,3,2,1,20,0.19999998807907104,0,1,4,13.0,11.267750549316407,1.5,0.5,-0.0018034428358078003,0.014999999664723873,1.0,100.0,-0.019999999552965164,0.5799961090087891
121,2376,0,297,1,OP3,FIXED_OPPONENT,train,SCRIPTED:OP3,0,1,3,-2,18,0.1599999964237213,1,0,5,11.0,10.466885884602865,-1.2000000476837158,-0.5,-0.0023301243782043457,0.019999999552965164,-1.0,-100.0,-0.019999999552965164,-0.5399821400642395
122,2392,0,299,0,OP3,FIXED_OPPONENT,train,SCRIPTED:OP3,0,2,3,-1,18,0.19999998807907104,1,0,0,12.0,12.36891343858507,-1.2000000476837158,-0.5,0.00652959942817688,0.019999999552965164,-1.0,-100.0,-0.019999999552965164,-0.5398705005645752
123,2408,0,301,1,OP3,FIXED_OPPONENT,train,SCRIPTED:OP3,1,3,2,1,18,0.23999999463558197,1,0,0,11.0,10.126157972547743,1.5,0.5,-0.026138439774513245,0.014999999664723873,1.0,100.0,0.0,0.5826521515846252
124,2464,0,308,1,OP3,FIXED_OPPONENT,train,SCRIPTED:OP3,1,3,2,1,18,0.3199999928474426,1,0,0,11.0,11.595511542426216,1.5,0.5,0.01314273476600647,0.014999999664723873,1.0,100.0,-0.019999999552965164,0.5801724195480347
125,2464,0,308,3,OP3,FIXED_OPPONENT,train,SCRIPTED:OP3,0,3,3,0,20,0.23999999463558197,1,0,2,12.0,10.949390411376953,-0.699999988079071,0.0,-0.011629030108451843,0.0,0.0,0.0,-0.03999999910593033,-0.16317924857139587
126,2464,0,308,1,OP3,FIXED_OPPONENT,train,SCRIPTED:OP3,1,3,2,1,19,0.23999999463558197,1,0,4,12.0,9.760825709292764,1.5,0.5,0.0013002753257751465,0.02499999850988388,1.0,100.0,0.0,0.5830916166305542
127,2480,0,310,2,OP3,FIXED_OPPONENT,train,SCRIPTED:OP3,0,2,3,-1,19,0.2800000011920929,1,0,0,11.0,10.870322779605264,-1.2000000476837158,-0.5,0.001601487398147583,0.0,-1.0,-100.0,0.0,-0.5370294451713562
128,2512,0,314,1,OP3,FIXED_OPPONENT,train,SCRIPTED:OP3,0,3,3,0,19,0.19999998807907104,1,0,1,12.0,11.450268394068667,-0.699999988079071,0.0,0.008658364415168762,0.0,0.0,0.0,0.0,-0.15416264533996582
129,2520,0,315,0,OP3,FIXED_OPPONENT,train,SCRIPTED:OP3,1,3,2,1,16,0.23999999463558197,1,0,2,11.0,10.92733383178711,1.5,0.5,-0.005132034420967102,0.014999999664723873,1.0,100.0,-0.03999999910593033,0.5769996643066406
130,2528,0,316,2,OP3,FIXED_OPPONENT,train,SCRIPTED:OP3,0,2,3,-1,19,0.23999999463558197,1,0,1,11.0,11.036874871504935,-1.2000000476837158,-0.5,0.0022098571062088013,0.019999999552965164,-1.0,-100.0,-0.019999999552965164,-0.5399249196052551
131,2544,0,318,2,OP3,FIXED_OPPONENT,train,SCRIPTED:OP3,0,3,3,0,17,0.1599999964237213,1,0,1,11.0,11.565433277803308,-0.699999988079071,0.0,0.00594870001077652,0.0,0.0,0.0,0.0,-0.1542096734046936
132,2600,0,325,0,OP3,FIXED_OPPONENT,train,SCRIPTED:OP3,1,3,2,1,17,0.19999998807907104,1,0,1,12.0,10.016735301298255,1.5,1.0,0.007532477378845215,0.029999999329447746,2.0,200.0,0.0,0.7618741989135742
133,2608,0,326,3,OP3,FIXED_OPPONENT,train,SCRIPTED:OP3,1,3,2,1,18,0.2800000011920929,1,0,3,11.0,9.22143300374349,1.5,0.5,0.02192223072052002,0.014999999664723873,1.0,100.0,0.0,0.5832161903381348
134,2608,0,326,3,OP3,FIXED_OPPONENT,train,SCRIPTED:OP3,1,3,1,2,18,0.2800000011920929,1,0,4,11.0,9.272634718153212,1.5,0.5,-0.014132723212242126,0.014999999664723873,1.0,100.0,-0.019999999552965164,0.5798506736755371
135,2624,0,328,0,OP3,FIXED_OPPONENT,train,SCRIPTED:OP3,0,3,3,0,18,0.11999999731779099,1,0,4,11.0,10.907033284505209,-0.699999988079071,0.0,-0.005082577466964722,0.0,0.0,0.0,0.0,-0.15440112352371216
136,2664,0,333,2,OP3,FIXED_OPPONENT,train,SCRIPTED:OP3,1,3,2,1,18,0.3199999928474426,1,0,0,11.0,9.378258599175346,1.5,0.4000000059604645,-0.010034576058387756,0.014999999664723873,1.0,100.0,0.0,0.5679779648780823
137,2672,0,334,3,OP3,FIXED_OPPONENT,train,SCRIPTED:OP3,0,3,3,0,20,0.23999999463558197,1,0,3,13.0,9.211255645751953,-0.699999988079071,0.0,0.008410051465034485,0.0,0.0,0.0,-0.03999999910593033,-0.16283246874809265
138,2688,0,336,0,OP3,FIXED_OPPONENT,train,SCRIPTED:OP3,0,2,3,-1,18,0.1599999964237213,1,0,0,12.0,10.509454515245226,-1.2000000476837158,-0.4000000059604645,-0.009767308831214905,0.019999999552965164,-1.0,-100.0,0.0,-0.5209158658981323
139,2688,0,336,2,OP3,FIXED_OPPONENT,train,SCRIPTED:OP3,1,3,2,1,20,0.1599999964237213,1,0,6,13.0,9.51062240600586,1.5,0.5,-0.03031495213508606,0.029999999329447746,1.0,100.0,-0.019999999552965164,0.5798366665840149
140,2744,0,343,3,OP3,FIXED_OPPONENT,train,SCRIPTED:OP3,0,3,3,0,18,0.23999999463558197,1,0,3,11.0,9.517739189995659,-0.699999988079071,0.0,0.0001282915472984314,0.0,0.0,0.0,0.0,-0.1543106883764267
141,2760,0,345,1,OP3,FIXED_OPPONENT,train,SCRIPTED:OP3,0,2,3,-1,19,0.07999999821186066,1,0,6,12.0,10.162395276521382,-1.2000000476837158,0.0,0.003948405385017395,0.0,0.0,0.0,0.0,-0.2604549825191498
142,2760,0,345,0,OP3,FIXED_OPPONENT,train,SCRIPTED:OP3,0,2,3,-1,19,0.23999999463558197,1,0,1,12.0,10.553133512798109,-1.2000000476837158,-0.5,0.004074946045875549,0.0,-1.0,-100.0,-0.019999999552965164,-0.5401532649993896
143,2768,0,346,0,OP3,FIXED_OPPONENT,train,SCRIPTED:OP3,1,3,2,1,18,0.23999999463558197,1,0,0,11.0,9.666346232096354,1.5,0.5,-0.02017313987016678,0.029999999329447746,1.0,100.0,0.0,0.5828982591629028
144,2808,0,351,1,OP3,FIXED_OPPONENT,train,SCRIPTED:OP3,0,2,3,-1,17,0.1599999964237213,1,0,0,11.0,10.103556015912224,-1.2000000476837158,-0.5,-0.005289539694786072,0.019999999552965164,-1.0,-100.0,-0.019999999552965164,-0.5400193929672241
145,2808,0,351,1,OP3,FIXED_OPPONENT,train,SCRIPTED:OP3,1,3,2,1,18,0.35999998450279236,1,0,3,11.0,10.252293904622396,1.5,0.5,-0.027291446924209595,0.014999999664723873,1.0,100.0,0.0,0.5826386213302612
146,2848,0,356,2,OP3,FIXED_OPPONENT,train,SCRIPTED:OP3,0,3,3,0,20,0.23999999463558197,1,0,4,12.0,11.486943817138672,-0.699999988079071,0.0,-0.0052037909626960754,0.0,0.0,0.0,0.0,-0.1544032096862793
147,2856,0,357,3,OP3,FIXED_OPPONENT,train,SCRIPTED:OP3,0,2,3,-1,21,0.1599999964237213,1,0,4,14.0,11.65883309500558,-1.2000000476837158,-0.4000000059604645,-0.009359970688819885,0.019999999552965164,-1.0,-100.0,0.0,-0.5209105610847473
148,2896,0,362,1,OP3,FIXED_OPPONENT,train,SCRIPTED:OP3,1,3,2,1,19,0.1599999964237213,1,0,2,13.0,10.18279386821546,1.5,0.5,-0.0004710778594017029,0.029999999329447746,1.0,100.0,-0.019999999552965164,0.5801887512207031
149,2912,0,364,3,OP3,FIXED_OPPONENT,train,SCRIPTED:OP3,0,2,3,-1,19,0.35999998450279236,1,0,0,12.0,10.130790308902139,-1.2000000476837158,-0.5,0.014943987131118774,0.019999999552965164,-1.0,-100.0,0.0,-0.5366074442863464
150,2920,0,365,0,OP3,FIXED_OPPONENT,train,SCRIPTED:OP3,0,3,3,0,20,0.1599999964237213,1,0,0,12.0,13.076223754882813,-0.699999988079071,0.0,-0.0025543123483657837,0.0,0.0,0.0,0.0,-0.15435722470283508
151,2928,0,366,2,OP3,FIXED_OPPONENT,train,SCRIPTED:OP3,0,3,3,0,20,0.19999998807907104,1,0,1,12.0,10.07891387939453,-0.699999988079071,0.0,0.007928729057312012,0.0,0.0,0.0,-0.019999999552965164,-0.15851108729839325
152,2952,0,369,3,OP3,FIXED_OPPONENT,train,SCRIPTED:OP3,0,2,3,-1,18,0.2800000011920929,1,0,0,12.0,10.097482469346788,-1.2000000476837158,-0.5,0.010861054062843323,0.019999999552965164,-1.0,-100.0,0.0,-0.5366591215133667
153,2952,0,369,0,OP3,FIXED_OPPONENT,train,SCRIPTED:OP3,0,3,3,0,18,0.2800000011920929,1,0,1,11.0,9.53393300374349,-0.699999988079071,0.0,0.005705446004867554,0.0,0.0,0.0,0.0,-0.15421387553215027
154,3000,0,375,2,OP3,FIXED_OPPONENT,train,SCRIPTED:OP3,0,2,3,-1,19,0.11999999731779099,1,0,4,12.0,11.078202097039474,-1.2000000476837158,-0.4000000059604645,-0.009855151176452637,0.019999999552965164,-1.0,-100.0,0.0,-0.5209169983863831
155,3032,0,379,0,OP3,FIXED_OPPONENT,train,SCRIPTED:OP3,0,3,3,0,22,0.2800000011920929,1,0,3,11.0,10.635340603915127,-0.699999988079071,0.0,-0.005028851330280304,0.0,0.0,0.0,0.0,-0.15440018475055695
156,3040,0,380,1,OP3,FIXED_OPPONENT,train,SCRIPTED:OP3,1,3,2,1,18,0.2800000011920929,1,0,4,11.0,10.037276373969185,1.5,0.4000000059604645,-0.008040443062782288,0.029999999329447746,1.0,100.0,-0.019999999552965164,0.5651652812957764
157,3064,0,383,1,OP3,FIXED_OPPONENT,train,SCRIPTED:OP3,1,3,2,1,19,0.23999999463558197,1,0,4,11.0,11.00606978567023,1.5,1.0,-0.007622182369232178,0.029999999329447746,2.0,200.0,0.0,0.7617611885070801
158,3064,0,383,1,OP3,FIXED_OPPONENT,train,SCRIPTED:OP3,1,3,2,1,18,0.23999999463558197,1,0,0,11.0,9.649621751573351,1.5,0.5,-0.03553880751132965,0.029999999329447746,1.0,100.0,0.0,0.5827178955078125
159,3080,0,385,0,OP3,FIXED_OPPONENT,train,SCRIPTED:OP3,1,3,2,1,19,0.1599999964237213,1,0,4,12.0,10.906395360043174,1.5,0.5,-0.033392682671546936,0.029999999329447746,1.0,100.0,-0.019999999552965164,0.5798003673553467
160,3096,0,387,2,OP3,FIXED_OPPONENT,train,SCRIPTED:OP3,0,2,3,-1,18,0.23999999463558197,1,0,1,11.0,10.322274949815538,-1.2000000476837158,-0.4000000059604645,0.008458226919174194,0.0,-1.0,-100.0,0.0,-0.5209388136863708
161,3104,0,388,2,OP3,FIXED_OPPONENT,train,SCRIPTED:OP3,1,3,2,1,19,0.19999998807907104,1,0,3,12.0,10.00705357601768,1.5,0.5,0.006049513816833496,0.029999999329447746,1.0,100.0,0.0,0.5832059979438782
162,3144,0,393,0,OP3,FIXED_OPPONENT,train,SCRIPTED:OP3,1,3,2,1,18,0.23999999463558197,1,0,2,11.0,9.110218471950954,1.5,0.5,-0.03134055435657501,0.014999999664723873,1.0,100.0,0.0,0.5825910568237305
163,3176,0,397,0,OP3,FIXED_OPPONENT,train,SCRIPTED:OP3,0,2,3,-1,18,0.19999998807907104,1,0,0,11.0,10.71049329969618,-1.2000000476837158,-0.5,-0.0032869577407836914,0.0,-1.0,-100.0,0.0,-0.5370911359786987
164,3184,0,398,0,OP3,FIXED_OPPONENT,train,SCRIPTED:OP3,0,3,3,0,18,0.19999998807907104,1,0,7,11.0,9.62589603000217,-0.699999988079071,0.0,0.00705130398273468,0.0,0.0,0.0,0.0,-0.1541905254125595
165,3200,0,400,1,OP3,FIXED_OPPONENT,train,SCRIPTED:OP3,1,3,2,1,17,0.1599999964237213,1,0,1,11.0,11.272350535673255,1.5,0.4000000059604645,-0.009204335510730743,0.029999999329447746,1.0,100.0,-0.019999999552965164,0.5651512145996094
166,3208,0,401,2,OP3,FIXED_OPPONENT,train,SCRIPTED:OP3,1,3,2,1,18,0.23999999463558197,1,0,2,11.0,10.439957512749565,1.5,0.5,0.017958343029022217,0.029999999329447746,1.0,100.0,0.0,0.5833456516265869
167,3232,0,404,2,OP3,FIXED_OPPONENT,train,SCRIPTED:OP3,0,2,3,-1,19,0.19999998807907104,1,0,0,12.0,11.633562589946546,-1.2000000476837158,-0.5,-0.009765863418579102,0.0,-1.0,-100.0,0.0,-0.5371730923652649
168,3248,0,406,1,OP3,FIXED_OPPONENT,train,SCRIPTED:OP3,1,3,2,1,19,0.1599999964237213,1,0,0,12.0,11.531892475328947,1.5,0.5,0.007076457142829895,0.029999999329447746,1.0,100.0,0.0,0.583217978477478
169,3264,0,408,1,OP3,FIXED_OPPONENT,train,SCRIPTED:OP3,1,3,2,1,20,0.1599999964237213,1,0,5,12.0,10.59686050415039,1.5,0.5,0.009953290224075317,0.029999999329447746,1.0,100.0,-0.019999999552965164,0.5803117156028748
170,3296,0,412,1,OP3,FIXED_OPPONENT,train,SCRIPTED:OP3,0,2,3,-1,19,0.35999998450279236,1,0,5,12.0,10.660771420127467,-1.2000000476837158,-0.4000000059604645,-0.0022899210453033447,0.0,-1.0,-100.0,-0.019999999552965164,-0.5243082046508789
171,3320,0,415,3,OP3,FIXED_OPPONENT,train,SCRIPTED:OP3,0,3,3,0,18,0.3199999928474426,1,0,5,11.0,9.454869588216146,-0.699999988079071,0.0,0.001812964677810669,0.0,0.0,0.0,0.0,-0.15428145229816437
172,3328,0,416,2,OP3,FIXED_OPPONENT,train,SCRIPTED:OP3,0,3,3,0,18,0.1599999964237213,1,0,6,11.0,10.994510226779514,-0.699999988079071,0.0,-0.009720191359519958,0.0,0.0,0.0,0.0,-0.15448158979415894
173,3336,0,417,3,OP3,FIXED_OPPONENT,train,SCRIPTED:OP3,1,3,2,1,17,0.23999999463558197,1,0,1,12.0,9.423523846794577,1.5,0.0,0.006990015506744385,0.0,0.0,0.0,0.0,0.32162413001060486
174,3360,0,420,3,OP3,FIXED_OPPONENT,train,SCRIPTED:OP3,0,2,3,-1,19,0.23999999463558197,1,0,2,12.0,10.375558150442023,-1.2000000476837158,-0.4000000059604645,-0.007533729076385498,0.0,-1.0,-100.0,0.0,-0.5211458802223206
175,3384,0,423,0,OP3,FIXED_OPPONENT,train,SCRIPTED:OP3,0,2,3,-1,19,0.19999998807907104,1,0,2,12.0,11.269079107987253,-1.2000000476837158,-0.5,0.004393622279167175,0.019999999552965164,-1.0,-100.0,0.0,-0.5367409586906433
176,3392,0,424,1,OP3,FIXED_OPPONENT,train,SCRIPTED:OP3,1,3,2,1,18,0.3199999928474426,1,0,2,11.0,10.883772956000435,1.5,0.4000000059604645,0.00528949499130249,0.014999999664723873,1.0,100.0,-0.019999999552965164,0.5651451349258423
177,3424,0,428,3,OP3,FIXED_OPPONENT,train,SCRIPTED:OP3,0,3,3,0,20,0.19999998807907104,1,0,6,12.0,9.978585815429687,-0.699999988079071,0.0,0.0048420727252960205,0.0,0.0,0.0,-0.019999999552965164,-0.15856459736824036
178,3448,0,431,1,OP3,FIXED_OPPONENT,train,SCRIPTED:OP3,0,2,3,-1,19,0.19999998807907104,1,0,1,12.0,9.981792249177632,-1.2000000476837158,-0.5,0.01531219482421875,0.019999999552965164,-1.0,-100.0,0.0,-0.5366027355194092
179,3464,0,433,1,OP3,FIXED_OPPONENT,train,SCRIPTED:OP3,0,2,3,-1,18,0.19999998807907104,1,0,1,11.0,11.163017272949219,-1.2000000476837158,-0.4000000059604645,0.007450848817825317,0.0,-1.0,-100.0,0.0,-0.5209518671035767
180,3472,0,434,1,OP3,FIXED_OPPONENT,train,SCRIPTED:OP3,1,3,2,1,18,0.2800000011920929,1,0,1,11.0,10.893738640679253,1.5,0.5,-0.02238142490386963,0.029999999329447746,1.0,100.0,-0.019999999552965164,0.5799302458763123
181,3480,0,435,3,OP3,FIXED_OPPONENT,train,SCRIPTED:OP3,1,3,2,1,18,0.23999999463558197,1,0,0,11.0,11.661902533637154,1.5,0.4000000059604645,0.006660342216491699,0.029999999329447746,1.0,100.0,-0.019999999552965164,0.5653431415557861
182,3512,0,439,0,OP3,FIXED_OPPONENT,train,SCRIPTED:OP3,1,3,2,1,19,0.23999999463558197,1,0,3,12.0,9.769576223273026,1.5,0.5,-0.016508474946022034,0.029999999329447746,1.0,100.0,0.0,0.5829412937164307
183,3528,0,441,3,OP3,FIXED_OPPONENT,train,SCRIPTED:OP3,1,3,2,1,18,0.3199999928474426,1,0,3,11.0,10.39422353108724,1.5,0.4000000059604645,-0.003923699259757996,0.029999999329447746,1.0,100.0,-0.019999999552965164,0.5652151703834534
184,3544,0,443,2,OP3,FIXED_OPPONENT,train,SCRIPTED:OP3,1,3,2,1,19,0.2800000011920929,1,0,3,12.0,9.873023585269326,1.5,0.4000000059604645,0.008485570549964905,0.014999999664723873,1.0,100.0,0.0,0.568200945854187
185,3576,0,447,3,OP3,FIXED_OPPONENT,train,SCRIPTED:OP3,0,2,3,-1,19,0.1599999964237213,1,0,1,11.0,12.03360306589227,-1.2000000476837158,-0.5,0.004416540265083313,0.019999999552965164,-1.0,-100.0,-0.019999999552965164,-0.5398971438407898
186,3600,0,450,3,OP3,FIXED_OPPONENT,train,SCRIPTED:OP3,0,2,3,-1,16,0.2800000011920929,1,0,3,11.0,11.707951545715332,-1.2000000476837158,0.0,-0.011372864246368408,0.0,0.0,0.0,-0.019999999552965164,-0.26484644412994385
187,3600,0,450,3,OP3,FIXED_OPPONENT,train,SCRIPTED:OP3,1,3,2,1,19,0.23999999463558197,1,0,2,12.0,10.599204615542764,1.5,0.5,-0.014978691935539246,0.014999999664723873,1.0,100.0,0.0,0.5827832221984863
188,3616,0,452,3,OP3,FIXED_OPPONENT,train,SCRIPTED:OP3,0,3,3,0,19,0.2800000011920929,1,0,0,11.0,10.683441162109375,-0.699999988079071,0.0,-0.008892551064491272,0.0,0.0,0.0,0.0,-0.15446721017360687
189,3632,0,454,0,OP3,FIXED_OPPONENT,train,SCRIPTED:OP3,0,2,3,-1,19,0.23999999463558197,1,0,1,12.0,10.50508679841694,-1.2000000476837158,-0.5,0.016201511025428772,0.0,-1.0,-100.0,0.0,-0.5368446707725525
190,3656,0,457,1,OP3,FIXED_OPPONENT,train,SCRIPTED:OP3,0,2,3,-1,18,0.35999998450279236,1,0,0,11.0,10.152431064181858,-1.2000000476837158,-0.4000000059604645,-0.0013375133275985718,0.0,-1.0,-100.0,0.0,-0.5210657119750977
191,3672,0,459,3,OP3,FIXED_OPPONENT,train,SCRIPTED:OP3,1,3,2,1,18,0.35999998450279236,1,0,5,11.0,9.03121609157986,1.5,0.5,0.008259817957878113,0.02499999850988388,1.0,100.0,-0.019999999552965164,0.5802327394485474
192,3688,0,461,0,OP3,FIXED_OPPONENT,train,SCRIPTED:OP3,0,3,3,0,18,0.2800000011920929,1,0,4,11.0,10.121075100368923,-0.699999988079071,0.0,-0.008301407098770142,0.0,0.0,0.0,0.0,-0.1544569730758667
193,3720,0,465,0,OP3,FIXED_OPPONENT,train,SCRIPTED:OP3,1,3,2,1,18,0.2800000011920929,1,0,4,11.0,8.99892849392361,1.5,0.4000000059604645,-0.008662089705467224,0.014999999664723873,1.0,100.0,-0.019999999552965164,0.5649763345718384
194,3744,0,468,3,OP3,FIXED_OPPONENT,train,SCRIPTED:OP3,1,3,2,1,18,0.11999999731779099,1,0,0,12.0,11.684581332736546,1.5,0.5,-0.018875330686569214,0.029999999329447746,1.0,100.0,0.0,0.5829135179519653
195,3752,0,469,2,OP3,FIXED_OPPONENT,train,SCRIPTED:OP3,1,3,2,1,19,0.1599999964237213,1,0,0,12.0,11.993743896484375,1.5,0.5,-0.0068655312061309814,0.029999999329447746,1.0,100.0,0.0,0.5830545425415039
196,3768,0,471,0,OP3,FIXED_OPPONENT,train,SCRIPTED:OP3,0,2,3,-1,19,0.19999998807907104,1,0,0,12.0,11.278643156352796,-1.2000000476837158,-0.5,0.007552653551101685,0.019999999552965164,-1.0,-100.0,0.0,-0.5367010235786438
197,3776,0,472,0,OP3,FIXED_OPPONENT,train,SCRIPTED:OP3,0,2,3,-1,15,0.19999998807907104,1,0,1,11.0,9.736664835611979,-1.2000000476837158,-0.5,-0.003024876117706299,0.0,-1.0,-100.0,0.0,-0.5370877981185913
198,3792,0,474,2,OP3,FIXED_OPPONENT,train,SCRIPTED:OP3,0,3,3,0,20,0.23999999463558197,1,0,2,13.0,9.732044219970703,-0.699999988079071,0.0,0.00520363450050354,0.0,0.0,0.0,-0.019999999552965164,-0.15855832397937775
199,3824,0,478,3,OP3,FIXED_OPPONENT,train,SCRIPTED:OP3,0,2,3,-1,19,0.19999998807907104,1,0,3,12.0,9.64279496042352,-1.2000000476837158,-0.5,0.008511513471603394,0.019999999552965164,-1.0,-100.0,-0.019999999552965164,-0.5398455858230591
200,3848,0,481,3,OP3,FIXED_OPPONENT,train,SCRIPTED:OP3,0,3,3,0,20,0.19999998807907104,1,0,5,12.0,9.95047836303711,-0.699999988079071,0.0,-0.00967341661453247,0.0,0.0,0.0,-0.03999999910593033,-0.16314542293548584
201,3880,0,485,3,OP3,FIXED_OPPONENT,train,SCRIPTED:OP3,0,3,3,0,20,0.23999999463558197,1,0,3,13.0,9.546702575683593,-0.699999988079071,0.0,-0.00687088817358017,0.0,0.0,0.0,-0.019999999552965164,-0.15876758098602295
202,3896,0,487,2,OP3,FIXED_OPPONENT,train,SCRIPTED:OP3,0,2,3,-1,18,0.35999998450279236,1,0,2,11.0,10.001538594563803,-1.2000000476837158,-0.4000000059604645,0.0025652050971984863,0.0,-1.0,-100.0,0.0,-0.5210151672363281
203,3904,0,488,1,OP3,FIXED_OPPONENT,train,SCRIPTED:OP3,0,2,3,-1,20,0.23999999463558197,1,0,5,13.0,9.643771362304687,-1.2000000476837158,-0.5,0.009439527988433838,0.019999999552965164,-1.0,-100.0,-0.019999999552965164,-0.5398338437080383
204,3920,0,490,2,OP3,FIXED_OPPONENT,train,SCRIPTED:OP3,1,3,2,1,16,0.23999999463558197,1,0,0,11.0,11.444454193115234,1.5,0.4000000059604645,-0.007306158542633057,0.029999999329447746,1.0,100.0,-0.019999999552965164,0.5651742219924927
205,3920,0,490,0,OP3,FIXED_OPPONENT,train,SCRIPTED:OP3,1,3,2,1,19,0.1599999964237213,1,0,5,12.0,9.493915758634868,1.5,0.5,-0.002930253744125366,0.029999999329447746,1.0,100.0,0.0,0.5831006765365601
206,3920,0,490,0,OP3,FIXED_OPPONENT,train,SCRIPTED:OP3,1,3,2,1,18,0.23999999463558197,1,0,0,11.0,11.674591064453125,1.5,0.4000000059604645,0.0046269893646240234,0.014999999664723873,1.0,100.0,0.0,0.5681544542312622
207,4000,0,500,0,OP3,FIXED_OPPONENT,train,SCRIPTED:OP3,0,3,3,0,22,0.2800000011920929,1,0,1,15.0,12.070478959517045,-0.699999988079071,0.0,-0.00141800194978714,0.0,0.0,0.0,0.0,-0.15433751046657562
208,4008,0,501,2,OP3,FIXED_OPPONENT,train,SCRIPTED:OP3,0,1,3,-2,20,0.19999998807907104,1,0,5,13.0,10.025581359863281,-1.2000000476837158,-0.5,-0.0031327158212661743,0.019999999552965164,-1.0,-100.0,-0.03999999910593033,-0.5431331396102905
209,4032,0,504,1,OP3,FIXED_OPPONENT,train,SCRIPTED:OP3,1,3,2,1,19,0.2800000011920929,1,0,2,13.0,9.388382761101974,1.5,0.5,-0.03503265976905823,0.029999999329447746,1.0,100.0,0.0,0.58272385597229
210,4040,0,505,3,OP3,FIXED_OPPONENT,train,SCRIPTED:OP3,1,3,2,1,18,0.2800000011920929,1,0,2,11.0,10.110529581705729,1.5,0.4000000059604645,0.0069094449281692505,0.029999999329447746,1.0,100.0,0.0,0.5683624744415283
211,4048,0,506,2,OP3,FIXED_OPPONENT,train,SCRIPTED:OP3,1,3,2,1,18,0.23999999463558197,1,0,0,11.0,11.343451605902779,1.5,0.0,0.004859060049057007,0.0,0.0,0.0,0.0,0.3215901553630829
212,4064,0,508,2,OP3,FIXED_OPPONENT,train,SCRIPTED:OP3,0,2,3,-1,18,0.2800000011920929,1,0,3,11.0,11.616832309299046,-1.2000000476837158,-0.5,-0.003767833113670349,0.019999999552965164,-1.0,-100.0,0.0,-0.5368442535400391
213,4064,0,508,3,OP3,FIXED_OPPONENT,train,SCRIPTED:OP3,1,3,2,1,18,0.1599999964237213,1,0,2,12.0,10.850122239854601,1.5,0.5,-0.026261307299137115,0.029999999329447746,1.0,100.0,0.0,0.5828267931938171
214,4072,0,509,2,OP3,FIXED_OPPONENT,train,SCRIPTED:OP3,1,3,2,1,19,0.19999998807907104,1,0,2,11.0,11.198426899157072,1.5,0.5,-0.02811788022518158,0.029999999329447746,1.0,100.0,-0.019999999552965164,0.5798625946044922
215,4144,0,518,1,OP3,FIXED_OPPONENT,train,SCRIPTED:OP3,0,2,3,-1,18,0.2800000011920929,1,0,7,11.0,9.192157321506077,-1.2000000476837158,-0.5,-0.0026157349348068237,0.019999999552965164,-1.0,-100.0,0.0,-0.5368297100067139
216,4152,0,519,0,OP3,FIXED_OPPONENT,train,SCRIPTED:OP3,0,2,3,-1,18,0.11999999731779099,1,0,1,11.0,11.414794921875,-1.2000000476837158,-0.4000000059604645,-0.0026830285787582397,0.019999999552965164,-1.0,-100.0,0.0,-0.5208240747451782
217,4168,0,521,1,OP3,FIXED_OPPONENT,train,SCRIPTED:OP3,1,3,2,1,17,0.1599999964237213,1,0,1,11.0,12.233308679917279,1.5,0.4000000059604645,-0.0033930689096450806,0.029999999329447746,1.0,100.0,0.0,0.5682384967803955
218,4192,0,524,0,OP3,FIXED_OPPONENT,train,SCRIPTED:OP3,1,3,2,1,18,0.2800000011920929,1,0,0,11.0,11.332922193739149,1.5,0.4000000059604645,0.006394505500793457,0.029999999329447746,1.0,100.0,0.0,0.5683563351631165
219,4200,0,525,1,OP3,FIXED_OPPONENT,train,SCRIPTED:OP3,0,2,3,-1,20,0.1599999964237213,1,0,1,14.0,10.508930206298828,-1.2000000476837158,-0.5,-0.0038297921419143677,0.019999999552965164,-1.0,-100.0,-0.019999999552965164,-0.5400010347366333
220,4208,0,526,0,OP3,FIXED_OPPONENT,train,SCRIPTED:OP3,1,3,2,1,17,0.19999998807907104,1,0,2,11.0,9.9090576171875,1.5,0.4000000059604645,-0.008848592638969421,0.029999999329447746,1.0,100.0,0.0,0.568172812461853
221,4216,0,527,0,OP3,FIXED_OPPONENT,train,SCRIPTED:OP3,0,3,3,0,19,0.1599999964237213,1,0,4,12.0,11.239499543842516,-0.699999988079071,0.0,-0.00966237485408783,0.0,0.0,0.0,0.0,-0.15448059141635895
222,4224,0,528,2,OP3,FIXED_OPPONENT,train,SCRIPTED:OP3,0,2,3,-1,20,0.3199999928474426,1,0,0,12.0,10.516867065429688,-1.2000000476837158,-0.5,-0.00596088171005249,0.019999999552965164,-1.0,-100.0,-0.019999999552965164,-0.5400278568267822
223,4296,0,537,1,OP3,FIXED_OPPONENT,train,SCRIPTED:OP3,0,2,3,-1,18,0.19999998807907104,1,0,2,11.0,10.49161868625217,-1.2000000476837158,0.0,0.014304503798484802,0.019999999552965164,0.0,0.0,-0.019999999552965164,-0.2640911936759949
224,4312,0,539,1,OP3,FIXED_OPPONENT,train,SCRIPTED:OP3,0,2,3,-1,21,0.19999998807907104,1,0,8,14.0,10.118330455961681,-1.2000000476837158,-0.5,0.00790482759475708,0.0,-1.0,-100.0,0.0,-0.536949634552002
225,4312,0,539,1,OP3,FIXED_OPPONENT,train,SCRIPTED:OP3,0,3,3,0,18,0.19999998807907104,1,0,5,11.0,9.744563632541233,-0.699999988079071,0.0,0.0072760432958602905,0.0,0.0,0.0,-0.019999999552965164,-0.15852241218090057
226,4344,0,543,3,OP3,FIXED_OPPONENT,train,SCRIPTED:OP3,0,2,3,-1,19,0.19999998807907104,1,0,6,12.0,9.425771612870065,-1.2000000476837158,-0.5,0.006615549325942993,0.019999999552965164,-1.0,-100.0,0.0,-0.5367128252983093
227,4352,0,544,0,OP3,FIXED_OPPONENT,train,SCRIPTED:OP3,0,1,3,-2,16,0.1599999964237213,1,0,2,12.0,11.158186912536621,-1.2000000476837158,-0.5,0.013959050178527832,0.019999999552965164,-1.0,-100.0,0.0,-0.5366199016571045
228,4352,0,544,2,OP3,FIXED_OPPONENT,train,SCRIPTED:OP3,0,3,3,0,19,0.1599999964237213,1,0,0,11.0,12.42379359195107,-0.699999988079071,0.0,-0.002592146396636963,0.0,0.0,0.0,0.0,-0.1543578803539276
229,4360,0,545,2,OP3,FIXED_OPPONENT,train,SCRIPTED:OP3,0,3,3,0,18,0.1599999964237213,1,0,8,11.0,10.799495273166233,-0.699999988079071,0.0,0.007925733923912048,0.0,0.0,0.0,0.0,-0.15417535603046417
230,4368,0,546,0,OP3,FIXED_OPPONENT,train,SCRIPTED:OP3,0,3,3,0,20,0.35999998450279236,1,0,2,11.0,9.708761596679688,-0.699999988079071,0.0,-0.0055687278509140015,0.0,0.0,0.0,-0.019999999552965164,-0.15874500572681427
231,4448,0,556,3,OP3,FIXED_OPPONENT,train,SCRIPTED:OP3,0,2,3,-1,19,0.23999999463558197,1,0,0,12.0,9.520483719675164,-1.2000000476837158,-0.5,0.014638617634773254,0.0,-1.0,-100.0,0.0,-0.5368644595146179
232,4456,0,557,0,OP3,FIXED_OPPONENT,train,SCRIPTED:OP3,0,2,3,-1,18,0.1599999964237213,1,0,1,11.0,10.805631001790365,-1.2000000476837158,-0.5,-0.012236624956130981,0.0,-1.0,-100.0,0.0,-0.537204384803772
233,4472,0,559,2,OP3,FIXED_OPPONENT,train,SCRIPTED:OP3,0,2,3,-1,20,0.23999999463558197,1,0,5,13.0,10.192945098876953,-1.2000000476837158,-0.5,-0.009311720728874207,0.0,-1.0,-100.0,-0.03999999910593033,-0.5434611439704895
234,4496,0,562,3,OP3,FIXED_OPPONENT,train,SCRIPTED:OP3,1,3,1,2,16,0.2800000011920929,1,0,0,11.0,11.765680313110352,1.5,0.5,-0.004196971654891968,0.029999999329447746,1.0,100.0,-0.019999999552965164,0.5801447629928589
235,4496,0,562,0,OP3,FIXED_OPPONENT,train,SCRIPTED:OP3,0,2,3,-1,19,0.19999998807907104,1,0,3,11.0,10.147824739155016,-1.2000000476837158,-0.5,-0.01434016227722168,0.019999999552965164,-1.0,-100.0,0.0,-0.5369780659675598
236,4504,0,563,0,OP3,FIXED_OPPONENT,train,SCRIPTED:OP3,1,3,2,1,19,0.19999998807907104,1,0,3,13.0,9.949515091745477,1.5,0.5,-0.009927056729793549,0.029999999329447746,1.0,100.0,0.0,0.5830185413360596
237,4512,0,564,2,OP3,FIXED_OPPONENT,train,SCRIPTED:OP3,1,3,2,1,19,0.19999998807907104,1,0,4,13.0,10.483799984580592,1.5,0.5,-0.017864525318145752,0.014999999664723873,1.0,100.0,0.0,0.5827493071556091
238,4520,0,565,1,OP3,FIXED_OPPONENT,train,SCRIPTED:OP3,0,2,3,-1,21,0.11999999731779099,1,0,5,14.0,11.329307919456845,-1.2000000476837158,0.0,-0.001723363995552063,0.0,0.0,0.0,0.0,-0.26054900884628296
239,4600,0,575,1,OP3,FIXED_OPPONENT,train,SCRIPTED:OP3,0,2,3,-1,18,0.2800000011920929,1,0,7,11.0,9.788797166612413,-1.2000000476837158,-0.5,-0.01501503586769104,0.0,-1.0,-100.0,-0.019999999552965164,-0.540393590927124
240,4608,0,576,2,OP3,FIXED_OPPONENT,train,SCRIPTED:OP3,1,3,2,1,20,0.1599999964237213,1,0,4,13.0,10.345257568359376,1.5,0.5,-0.0334189236164093,0.029999999329447746,1.0,100.0,-0.019999999552965164,0.579800009727478
241,4632,0,579,2,OP3,FIXED_OPPONENT,train,SCRIPTED:OP3,0,3,3,0,20,0.11999999731779099,1,0,4,13.0,11.160227203369141,-0.699999988079071,0.0,0.002102211117744446,0.0,0.0,0.0,-0.019999999552965164,-0.15861205756664276
242,4640,0,580,3,OP3,FIXED_OPPONENT,train,SCRIPTED:OP3,0,2,3,-1,18,0.11999999731779099,1,0,4,12.0,9.985527038574219,-1.2000000476837158,-0.4000000059604645,-0.006731927394866943,0.019999999552965164,-1.0,-100.0,0.0,-0.5208764672279358
243,4640,0,580,3,OP3,FIXED_OPPONENT,train,SCRIPTED:OP3,1,3,2,1,18,0.2800000011920929,1,0,0,13.0,10.731250339084202,1.5,0.4000000059604645,-0.00879303365945816,0.029999999329447746,1.0,100.0,-0.03999999910593033,0.5621237754821777
244,4648,0,581,2,OP3,FIXED_OPPONENT,train,SCRIPTED:OP3,1,3,1,2,17,0.3199999928474426,1,0,2,12.0,8.306880277745863,1.5,0.5,0.0034343451261520386,0.014999999664723873,1.0,100.0,0.0,0.5829992890357971
245,4664,0,583,3,OP3,FIXED_OPPONENT,train,SCRIPTED:OP3,1,3,2,1,20,0.3199999928474426,1,0,3,13.0,10.137362670898437,1.5,0.5,-0.026328355073928833,0.029999999329447746,1.0,100.0,-0.019999999552965164,0.5798836946487427
246,4664,0,583,1,OP3,FIXED_OPPONENT,train,SCRIPTED:OP3,1,3,2,1,18,0.3199999928474426,1,0,3,11.0,9.580887688530815,1.5,0.4000000059604645,0.004609629511833191,0.014999999664723873,1.0,100.0,0.0,0.5681543350219727
247,4728,0,591,0,OP3,FIXED_OPPONENT,train,SCRIPTED:OP3,1,3,2,1,16,0.2800000011920929,1,0,2,12.0,9.260180473327637,1.5,0.5,-0.015979617834091187,0.014999999664723873,1.0,100.0,-0.03999999910593033,0.5768710374832153
248,4752,0,594,2,OP3,FIXED_OPPONENT,train,SCRIPTED:OP3,1,3,1,2,18,0.23999999463558197,1,0,1,11.0,9.292808532714844,1.5,0.5,-0.03586094081401825,0.014999999664723873,1.0,100.0,0.0,0.5825380086898804
249,4776,0,597,2,OP3,FIXED_OPPONENT,train,SCRIPTED:OP3,0,2,3,-1,18,0.23999999463558197,1,0,1,11.0,11.83022732204861,-1.2000000476837158,-0.5,-0.0020483285188674927,0.019999999552965164,-1.0,-100.0,0.0,-0.5368225574493408
250,4784,0,598,2,OP3,FIXED_OPPONENT,train,SCRIPTED:OP3,1,3,2,1,18,0.2800000011920929,1,0,0,11.0,11.182457817925346,1.5,0.5,-0.019712448120117188,0.029999999329447746,1.0,100.0,0.0,0.5829036235809326
251,4784,0,598,2,OP3,FIXED_OPPONENT,train,SCRIPTED:OP3,0,2,3,-1,18,0.2800000011920929,1,0,3,11.0,9.880956861707899,-1.2000000476837158,-0.4000000059604645,0.007743865251541138,0.019999999552965164,-1.0,-100.0,0.0,-0.5206889510154724
252,4800,0,600,3,OP3,FIXED_OPPONENT,train,SCRIPTED:OP3,1,3,2,1,19,0.2800000011920929,1,0,3,11.0,9.903383756938734,1.5,0.5,-0.02094346284866333,0.014999999664723873,1.0,100.0,-0.019999999552965164,0.5797702670097351
253,4808,0,601,1,OP3,FIXED_OPPONENT,train,SCRIPTED:OP3,1,3,2,1,18,0.23999999463558197,1,0,0,11.0,10.89674546983507,1.5,0.5,-0.03188221901655197,0.029999999329447746,1.0,100.0,0.0,0.5827608108520508
254,4816,0,602,1,OP3,FIXED_OPPONENT,train,SCRIPTED:OP3,1,3,2,1,19,0.23999999463558197,1,0,5,14.0,9.97033048930921,1.5,0.5,-0.025676891207695007,0.029999999329447746,1.0,100.0,0.0,0.5828337669372559
255,4872,0,609,0,OP3,FIXED_OPPONENT,train,SCRIPTED:OP3,0,2,3,-1,18,0.1599999964237213,1,0,0,11.0,11.599010891384548,-1.2000000476837158,-0.4000000059604645,0.007946982979774475,0.019999999552965164,-1.0,-100.0,0.0,-0.5206863284111023
256,4896,0,612,2,OP3,FIXED_OPPONENT,train,SCRIPTED:OP3,0,3,3,0,18,0.1599999964237213,1,0,5,11.0,9.887154473198784,-0.699999988079071,0.0,0.001529395580291748,0.0,0.0,0.0,0.0,-0.15428635478019714
257,4928,0,616,1,OP3,FIXED_OPPONENT,train,SCRIPTED:OP3,0,3,3,0,19,0.23999999463558197,0,1,5,12.0,9.60445122969778,-0.699999988079071,0.0,-0.007705166935920715,0.0,0.0,0.0,0.0,-0.15444661676883698
258,4928,0,616,2,OP3,FIXED_OPPONENT,train,SCRIPTED:OP3,0,2,3,-1,18,0.11999999731779099,1,0,2,11.0,11.509245130750868,-1.2000000476837158,-0.4000000059604645,-0.005074054002761841,0.019999999552965164,-1.0,-100.0,0.0,-0.5208550095558167
259,4928,0,616,3,OP3,FIXED_OPPONENT,train,SCRIPTED:OP3,0,1,3,-2,18,0.19999998807907104,1,0,3,11.0,10.584704081217447,-1.2000000476837158,-0.5,-0.006533637642860413,0.019999999552965164,-1.0,-100.0,0.0,-0.5368792414665222
260,4944,0,618,1,OP3,FIXED_OPPONENT,train,SCRIPTED:OP3,1,3,2,1,18,0.1599999964237213,1,0,6,12.0,10.59961191813151,1.5,0.0,0.0057128071784973145,0.0,0.0,0.0,0.0,0.32160377502441406
261,4960,0,620,3,OP3,FIXED_OPPONENT,train,SCRIPTED:OP3,0,3,3,0,19,0.07999999821186066,1,0,5,12.0,10.45389195492393,-0.699999988079071,0.0,-0.0008033514022827148,0.0,0.0,0.0,0.0,-0.15432684123516083
262,4976,0,622,0,OP3,FIXED_OPPONENT,train,SCRIPTED:OP3,0,1,3,-2,20,0.1599999964237213,1,0,4,13.0,11.683364868164062,-1.2000000476837158,-0.5,0.0056743621826171875,0.019999999552965164,-1.0,-100.0,-0.019999999552965164,-0.5398813486099243
263,5016,0,627,2,OP3,FIXED_OPPONENT,train,SCRIPTED:OP3,0,2,3,-1,18,0.19999998807907104,1,0,1,11.0,10.849661085340712,-1.2000000476837158,0.0,0.010826736688613892,0.019999999552965164,0.0,0.0,0.0,-0.2600095570087433
264,5040,0,630,2,OP3,FIXED_OPPONENT,train,SCRIPTED:OP3,1,3,2,1,18,0.19999998807907104,1,0,2,11.0,11.534857008192274,1.5,0.0,-0.00177764892578125,0.0,0.0,0.0,-0.019999999552965164,0.31749361753463745
265,5048,0,631,2,OP3,FIXED_OPPONENT,train,SCRIPTED:OP3,1,3,1,2,15,0.19999998807907104,1,0,0,11.0,12.600429280598958,1.5,0.5,0.025225162506103516,0.029999999329447746,1.0,100.0,0.0,0.5834309458732605
266,5080,0,635,3,OP3,FIXED_OPPONENT,train,SCRIPTED:OP3,1,3,2,1,17,0.19999998807907104,1,0,6,11.0,10.630157470703125,1.5,0.5,-0.01013520359992981,0.029999999329447746,1.0,100.0,0.0,0.5830161571502686
267,5080,0,635,0,OP3,FIXED_OPPONENT,train,SCRIPTED:OP3,0,2,3,-1,19,0.3199999928474426,0,1,2,12.0,11.68879619397615,-1.2000000476837158,-0.4000000059604645,0.008302927017211914,0.019999999552965164,-1.0,-100.0,-0.019999999552965164,-0.5239137411117554
268,5080,0,635,2,OP3,FIXED_OPPONENT,train,SCRIPTED:OP3,0,2,3,-1,19,0.19999998807907104,1,0,7,12.0,9.220646105314556,-1.2000000476837158,-0.5,0.015956446528434753,0.0,-1.0,-100.0,0.0,-0.5368477702140808
269,5104,0,638,2,OP3,FIXED_OPPONENT,train,SCRIPTED:OP3,1,3,1,2,18,0.3199999928474426,1,0,2,13.0,8.574078877766928,1.5,0.5,-0.01118507981300354,0.02499999850988388,1.0,100.0,0.0,0.5829451084136963
270,5144,0,643,2,OP3,FIXED_OPPONENT,train,SCRIPTED:OP3,1,3,2,1,21,0.35999998450279236,1,0,6,14.0,9.214197794596354,1.5,0.5,0.0063704997301101685,0.014999999664723873,1.0,100.0,0.0,0.5830338001251221
271,5168,0,646,1,OP3,FIXED_OPPONENT,train,SCRIPTED:OP3,1,3,2,1,19,0.19999998807907104,1,0,8,11.0,9.59634078176398,1.5,0.5,0.012612059712409973,0.029999999329447746,1.0,100.0,0.0,0.5832829475402832
272,5200,0,650,1,OP3,FIXED_OPPONENT,train,SCRIPTED:OP3,1,3,2,1,19,0.23999999463558197,1,0,1,12.0,10.791948017321134,1.5,0.8999999761581421,0.007807552814483643,0.014999999664723873,2.0,200.0,0.0,0.7522783875465393
273,5208,0,651,2,OP3,FIXED_OPPONENT,train,SCRIPTED:OP3,1,3,2,1,21,0.3999999761581421,1,0,3,13.0,10.270865304129464,1.5,0.4000000059604645,-0.010198429226875305,0.02499999850988388,1.0,100.0,-0.019999999552965164,0.5650787353515625
274,5216,0,652,0,OP3,FIXED_OPPONENT,train,SCRIPTED:OP3,1,3,2,1,17,0.19999998807907104,1,0,1,12.0,8.887741986443014,1.5,0.4000000059604645,-0.007304444909095764,0.029999999329447746,1.0,100.0,0.0,0.568191409111023
275,5224,0,653,0,OP3,FIXED_OPPONENT,train,SCRIPTED:OP3,1,3,2,1,18,0.3199999928474426,1,0,1,12.0,10.43908437093099,1.5,0.5,-0.02611328661441803,0.029999999329447746,1.0,100.0,0.0,0.5828285813331604
276,5232,0,654,3,OP3,FIXED_OPPONENT,train,SCRIPTED:OP3,0,2,3,-1,19,0.1599999964237213,1,0,0,12.0,11.406429089997944,-1.2000000476837158,-0.5,-0.008004322648048401,0.0,-1.0,-100.0,0.0,-0.5371508598327637
277,5256,0,657,0,OP3,FIXED_OPPONENT,train,SCRIPTED:OP3,1,3,2,1,19,0.1599999964237213,1,0,6,12.0,10.528880872224507,1.5,0.5,-0.022385939955711365,0.029999999329447746,1.0,100.0,0.0,0.5828723907470703
278,5288,0,661,3,OP3,FIXED_OPPONENT,train,SCRIPTED:OP3,1,3,2,1,18,0.23999999463558197,1,0,3,12.0,10.279118855794271,1.5,0.5,-0.013656891882419586,0.029999999329447746,1.0,100.0,0.0,0.5829747915267944
279,5336,0,667,3,OP3,FIXED_OPPONENT,train,SCRIPTED:OP3,0,2,3,-1,21,0.3199999928474426,1,0,1,12.0,10.098983764648438,-1.2000000476837158,0.0,0.011318102478981018,0.0,0.0,0.0,-0.019999999552965164,-0.2644713222980499
280,5344,0,668,3,OP3,FIXED_OPPONENT,train,SCRIPTED:OP3,1,3,2,1,18,0.35999998450279236,1,0,1,11.0,9.510987175835503,1.5,0.5,0.014679953455924988,0.014999999664723873,1.0,100.0,0.0,0.5831312537193298
281,5368,0,671,3,OP3,FIXED_OPPONENT,train,SCRIPTED:OP3,1,3,2,1,19,0.19999998807907104,1,0,2,14.0,9.966073287160773,1.5,0.5,-0.02574990689754486,0.029999999329447746,1.0,100.0,0.0,0.5828328132629395
282,5368,0,671,3,OP3,FIXED_OPPONENT,train,SCRIPTED:OP3,0,2,3,-1,20,0.1599999964237213,1,0,3,12.0,9.54934310913086,-1.2000000476837158,-0.5,-0.010041698813438416,0.0,-1.0,-100.0,-0.019999999552965164,-0.5403310060501099
283,5376,0,672,3,OP3,FIXED_OPPONENT,train,SCRIPTED:OP3,0,2,3,-1,18,0.19999998807907104,1,0,1,12.0,10.113538106282553,-1.2000000476837158,-0.5,0.009034067392349243,0.019999999552965164,-1.0,-100.0,0.0,-0.5366822481155396
284,5376,0,672,1,OP3,FIXED_OPPONENT,train,SCRIPTED:OP3,0,3,3,0,19,0.23999999463558197,1,0,2,12.0,10.821570948550576,-0.699999988079071,0.0,-0.007797181606292725,0.0,0.0,0.0,0.0,-0.15444821119308472
285,5408,0,676,1,OP3,FIXED_OPPONENT,train,SCRIPTED:OP3,1,3,1,2,19,0.2800000011920929,1,0,1,11.0,11.285979421515213,1.5,0.5,-0.025771543383598328,0.029999999329447746,1.0,100.0,0.0,0.5828325748443604
286,5440,0,680,3,OP3,FIXED_OPPONENT,train,SCRIPTED:OP3,1,3,2,1,19,0.1599999964237213,1,0,3,12.0,10.46613191303454,1.5,0.8999999761581421,-0.009941346943378448,0.029999999329447746,2.0,200.0,0.0,0.7522571682929993
287,5488,0,686,1,OP3,FIXED_OPPONENT,train,SCRIPTED:OP3,0,2,3,-1,19,0.2800000011920929,1,0,0,12.0,10.139577765213815,-1.2000000476837158,-0.5,0.010962516069412231,0.019999999552965164,-1.0,-100.0,-0.019999999552965164,-0.5398147106170654
288,5488,0,686,2,OP3,FIXED_OPPONENT,train,SCRIPTED:OP3,1,3,2,1,18,0.3199999928474426,1,0,1,11.0,10.045236375596788,1.5,0.4000000059604645,0.00650767982006073,0.014999999664723873,1.0,100.0,-0.019999999552965164,0.565159797668457
289,5512,0,689,0,OP3,FIXED_OPPONENT,train,SCRIPTED:OP3,1,3,2,1,18,0.23999999463558197,1,0,0,11.0,10.488729688856337,1.5,0.5,-0.022271141409873962,0.029999999329447746,1.0,100.0,0.0,0.5828737020492554
290,5520,0,690,2,OP3,FIXED_OPPONENT,train,SCRIPTED:OP3,1,3,2,1,19,0.1599999964237213,1,0,3,12.0,12.124856246145148,1.5,0.5,0.006393373012542725,0.0,1.0,100.0,0.0,0.5828579664230347
291,5536,0,692,3,OP3,FIXED_OPPONENT,train,SCRIPTED:OP3,1,3,2,1,20,0.35999998450279236,1,0,2,13.0,10.367630004882812,1.5,0.5,0.01879112422466278,0.014999999664723873,1.0,100.0,-0.03999999910593033,0.5772833228111267
292,5544,0,693,2,OP3,FIXED_OPPONENT,train,SCRIPTED:OP3,1,3,2,1,21,0.2800000011920929,1,0,6,11.0,9.228599911644345,1.5,0.5,-0.02483394742012024,0.029999999329447746,1.0,100.0,-0.019999999552965164,0.579901397228241
293,5552,0,694,0,OP3,FIXED_OPPONENT,train,SCRIPTED:OP3,0,1,3,-2,18,0.07999999821186066,1,0,0,11.0,12.368379380967882,-1.2000000476837158,-0.5,-0.007186561822891235,0.019999999552965164,-1.0,-100.0,-0.019999999552965164,-0.5400432348251343
294,5576,0,697,3,OP3,FIXED_OPPONENT,train,SCRIPTED:OP3,0,2,3,-1,17,0.23999999463558197,1,0,0,11.0,11.197018791647519,-1.2000000476837158,-0.4000000059604645,-0.006172582507133484,0.0,-1.0,-100.0,0.0,-0.5211282968521118
295,5632,0,704,3,OP3,FIXED_OPPONENT,train,SCRIPTED:OP3,0,3,3,0,18,0.23999999463558197,1,0,0,11.0,11.341412862141928,-0.699999988079071,0.0,-0.009715601801872253,0.0,0.0,0.0,0.0,-0.15448151528835297
296,5632,0,704,2,OP3,FIXED_OPPONENT,train,SCRIPTED:OP3,0,2,3,-1,18,0.3199999928474426,1,0,1,11.0,10.464558919270834,-1.2000000476837158,-0.5,-0.014433234930038452,0.0,-1.0,-100.0,0.0,-0.5372321605682373
297,5664,0,708,3,OP3,FIXED_OPPONENT,train,SCRIPTED:OP3,1,3,2,1,19,0.3199999928474426,1,0,4,14.0,10.277589496813322,1.5,0.5,-0.003785066306591034,0.029999999329447746,1.0,100.0,0.0,0.5830905437469482
298,5664,0,708,3,OP3,FIXED_OPPONENT,train,SCRIPTED:OP3,0,2,3,-1,18,0.3199999928474426,1,0,4,11.0,8.88814968532986,-1.2000000476837158,-0.4000000059604645,-0.01050865650177002,0.019999999552965164,-1.0,-100.0,0.0,-0.5209254622459412
299,5688,0,711,1,OP3,FIXED_OPPONENT,train,SCRIPTED:OP3,0,2,3,-1,18,0.19999998807907104,1,0,5,11.0,10.980913798014322,-1.2000000476837158,-0.5,-0.0024624615907669067,0.0,-1.0,-100.0,-0.019999999552965164,-0.5402356386184692
300,5696,0,712,3,OP3,FIXED_OPPONENT,train,SCRIPTED:OP3,1,3,2,1,18,0.2800000011920929,1,0,1,11.0,9.814631991916233,1.5,0.4000000059604645,-0.002812415361404419,0.029999999329447746,1.0,100.0,0.0,0.568245530128479
301,5704,0,713,2,OP3,FIXED_OPPONENT,train,SCRIPTED:OP3,1,3,2,1,21,0.35999998450279236,1,0,1,14.0,10.89687747047061,1.5,0.5,-0.02958868443965912,0.014999999664723873,1.0,100.0,0.0,0.5826116800308228
302,5728,0,716,3,OP3,FIXED_OPPONENT,train,SCRIPTED:OP3,0,2,3,-1,19,0.11999999731779099,1,0,1,11.0,11.092194406609787,-1.2000000476837158,-0.5,0.010504886507987976,0.019999999552965164,-1.0,-100.0,-0.019999999552965164,-0.5398204326629639
303,5768,0,721,3,OP3,FIXED_OPPONENT,train,SCRIPTED:OP3,1,3,2,1,17,0.2800000011920929,1,0,4,11.0,9.332555434283089,1.5,0.0,-0.00401093065738678,0.0,0.0,0.0,0.0,0.32144877314567566
304,5776,0,722,3,OP3,FIXED_OPPONENT,train,SCRIPTED:OP3,1,3,2,1,18,0.11999999731779099,1,0,7,12.0,10.214726765950521,1.5,1.0,-0.018067434430122375,0.029999999329447746,2.0,200.0,-0.019999999552965164,0.7598109245300293
305,5832,0,729,3,OP3,FIXED_OPPONENT,train,SCRIPTED:OP3,0,3,3,0,21,0.23999999463558197,1,0,4,14.0,10.477687290736608,-0.699999988079071,0.0,-0.00997231900691986,0.0,0.0,0.0,0.0,-0.15448595583438873
306,5832,0,729,3,OP3,FIXED_OPPONENT,train,SCRIPTED:OP3,0,2,3,-1,21,0.1599999964237213,1,0,6,14.0,9.426603771391369,-1.2000000476837158,-0.5,0.015217587351799011,0.0,-1.0,-100.0,0.0,-0.5368571281433105
307,5848,0,731,3,OP3,FIXED_OPPONENT,train,SCRIPTED:OP3,0,2,3,-1,18,0.23999999463558197,1,0,1,11.0,10.413216484917534,-1.2000000476837158,-0.5,0.0024352073669433594,0.019999999552965164,-1.0,-100.0,0.0,-0.5367657542228699
308,5848,0,731,1,OP3,FIXED_OPPONENT,train,SCRIPTED:OP3,0,3,3,0,19,0.11999999731779099,1,0,1,12.0,10.42919279399671,-0.699999988079071,0.0,-0.01027040183544159,0.0,0.0,0.0,0.0,-0.1544911414384842
309,5856,0,732,1,OP3,FIXED_OPPONENT,train,SCRIPTED:OP3,1,3,2,1,21,0.3199999928474426,1,0,1,14.0,10.026157924107142,1.5,0.0,-6.0051679611206055e-05,0.0,0.0,0.0,0.0,0.32151174545288086
310,5880,0,735,2,OP3,FIXED_OPPONENT,train,SCRIPTED:OP3,1,3,2,1,19,0.2800000011920929,1,0,4,11.0,9.332337228875412,1.5,0.5,-0.021607011556625366,0.029999999329447746,1.0,100.0,0.0,0.5828814506530762
311,5912,0,739,3,OP3,FIXED_OPPONENT,train,SCRIPTED:OP3,0,3,3,0,18,0.1599999964237213,1,0,4,11.0,10.14031982421875,-0.699999988079071,0.5,-0.0032517611980438232,0.0,1.0,100.0,0.0,0.17587225139141083
312,5920,0,740,2,OP3,FIXED_OPPONENT,train,SCRIPTED:OP3,1,3,2,1,18,0.2800000011920929,1,0,2,11.0,10.411630418565538,1.5,0.5,-0.00944402813911438,0.029999999329447746,1.0,100.0,0.0,0.5830241441726685
313,5976,0,747,1,OP3,FIXED_OPPONENT,train,SCRIPTED:OP3,0,2,3,-1,18,0.19999998807907104,1,0,0,11.0,11.967269049750435,-1.2000000476837158,-0.4000000059604645,-0.007771819829940796,0.019999999552965164,-1.0,-100.0,0.0,-0.5208899974822998
314,5976,0,747,0,OP3,FIXED_OPPONENT,train,SCRIPTED:OP3,0,3,3,0,18,0.19999998807907104,1,0,2,11.0,11.349823845757378,-0.699999988079071,0.0,-0.00749601423740387,0.0,0.0,0.0,0.0,-0.15444299578666687
315,6000,0,750,2,OP3,FIXED_OPPONENT,train,SCRIPTED:OP3,1,3,2,1,19,0.23999999463558197,1,0,0,12.0,12.485539486533717,1.5,0.5,-0.021607741713523865,0.029999999329447746,1.0,100.0,0.0,0.5828814506530762
316,6000,0,750,3,OP3,FIXED_OPPONENT,train,SCRIPTED:OP3,1,3,2,1,19,0.23999999463558197,1,0,4,12.0,10.84543248226768,1.5,0.5,-0.00044311583042144775,0.014999999664723873,1.0,100.0,-0.019999999552965164,0.5800121426582336
317,6008,0,751,2,OP3,FIXED_OPPONENT,train,SCRIPTED:OP3,0,2,3,-1,19,0.3199999928474426,1,0,2,11.0,8.624793604800576,-1.2000000476837158,-0.5,0.0035380423069000244,0.019999999552965164,-1.0,-100.0,0.0,-0.5367518067359924
318,6032,0,754,2,OP3,FIXED_OPPONENT,train,SCRIPTED:OP3,0,1,3,-2,15,0.1599999964237213,1,0,0,11.0,11.96123046875,-1.2000000476837158,-0.5,-0.0032200515270233154,0.0,-1.0,-100.0,-0.03999999910593033,-0.5433849096298218
319,6040,0,755,2,OP3,FIXED_OPPONENT,train,SCRIPTED:OP3,0,3,3,0,20,0.23999999463558197,1,0,5,12.0,11.347347259521484,-0.699999988079071,0.0,-0.007015109062194824,0.0,0.0,0.0,-0.03999999910593033,-0.16309942305088043
320,6072,0,759,3,OP3,FIXED_OPPONENT,train,SCRIPTED:OP3,1,3,2,1,19,0.3199999928474426,1,0,1,12.0,9.213504188939146,1.5,0.4000000059604645,-0.003237396478652954,0.02499999850988388,1.0,100.0,0.0,0.5681802034378052
321,6096,0,762,2,OP3,FIXED_OPPONENT,train,SCRIPTED:OP3,0,2,3,-1,15,0.1599999964237213,1,0,0,11.0,12.477880859375,-1.2000000476837158,0.0,-0.008135661482810974,0.0,0.0,0.0,-0.019999999552965164,-0.26479291915893555
322,6128,0,766,2,OP3,FIXED_OPPONENT,train,SCRIPTED:OP3,0,3,3,0,19,0.23999999463558197,1,0,0,11.0,10.072832609477796,-0.699999988079071,0.0,-0.009085699915885925,0.0,0.0,0.0,-0.019999999552965164,-0.1588059663772583
323,6144,0,768,0,OP3,FIXED_OPPONENT,train,SCRIPTED:OP3,1,3,2,1,18,0.2800000011920929,1,0,0,11.0,11.753815544976128,1.5,0.5,-0.0010346323251724243,0.029999999329447746,1.0,100.0,0.0,0.5831228494644165
324,6152,0,769,1,OP3,FIXED_OPPONENT,train,SCRIPTED:OP3,1,3,1,2,15,0.11999999731779099,1,0,0,11.0,11.448874918619792,1.5,0.4000000059604645,-0.000595875084400177,0.029999999329447746,1.0,100.0,0.0,0.5682721734046936
325,6152,0,769,3,OP3,FIXED_OPPONENT,train,SCRIPTED:OP3,0,2,3,-1,18,0.23999999463558197,1,0,0,11.0,10.607296413845486,-1.2000000476837158,-0.5,0.009942740201950073,0.019999999552965164,-1.0,-100.0,0.0,-0.5366707444190979
326,6176,0,772,2,OP3,FIXED_OPPONENT,train,SCRIPTED:OP3,0,3,3,0,22,0.2800000011920929,1,0,5,14.0,10.02936484596946,-0.699999988079071,0.0,-0.010273396968841553,0.0,0.0,0.0,-0.019999999552965164,-0.158826544880867
327,6184,0,773,3,OP3,FIXED_OPPONENT,train,SCRIPTED:OP3,1,3,2,1,18,0.23999999463558197,1,0,4,12.0,10.516609191894531,1.5,0.5,-0.040193915367126465,0.029999999329447746,1.0,100.0,-0.019999999552965164,0.5797200798988342
328,6216,0,777,0,OP3,FIXED_OPPONENT,train,SCRIPTED:OP3,1,3,2,1,18,0.23999999463558197,1,0,3,11.0,9.603630065917969,1.5,0.0,-0.00037316977977752686,0.0,0.0,0.0,0.0,0.3215067684650421
329,6272,0,784,2,OP3,FIXED_OPPONENT,train,SCRIPTED:OP3,1,3,2,1,22,0.4399999976158142,1,0,2,14.0,10.216384887695312,1.5,0.5,-0.011326715350151062,0.014999999664723873,1.0,100.0,-0.019999999552965164,0.5798836946487427
330,6280,0,785,3,OP3,FIXED_OPPONENT,train,SCRIPTED:OP3,0,3,3,0,19,0.23999999463558197,1,0,5,11.0,10.815283524362664,-0.699999988079071,0.5,0.003415338695049286,0.0,1.0,100.0,0.0,0.1759871244430542
331,6288,0,786,0,OP3,FIXED_OPPONENT,train,SCRIPTED:OP3,1,3,2,1,18,0.2800000011920929,1,0,1,11.0,9.572255452473959,1.5,0.4000000059604645,-0.009265780448913574,0.02499999850988388,1.0,100.0,0.0,0.5681076049804688
332,6296,0,787,1,OP3,FIXED_OPPONENT,train,SCRIPTED:OP3,1,3,2,1,18,0.3199999928474426,1,0,4,11.0,9.90084499782986,1.5,0.4000000059604645,-0.0002910047769546509,0.014999999664723873,1.0,100.0,0.0,0.568095326423645
333,6296,0,787,1,OP3,FIXED_OPPONENT,train,SCRIPTED:OP3,0,1,3,-2,18,0.1599999964237213,1,0,3,11.0,9.747501797146267,-1.2000000476837158,-0.5,-0.0001769810914993286,0.019999999552965164,-1.0,-100.0,0.0,-0.5367988348007202
334,6304,0,788,2,OP3,FIXED_OPPONENT,train,SCRIPTED:OP3,0,2,3,-1,16,0.23999999463558197,1,0,1,11.0,9.90208911895752,-1.2000000476837158,0.0,-0.0017719417810440063,0.0,0.0,0.0,-0.019999999552965164,-0.264687716960907
335,6320,0,790,2,OP3,FIXED_OPPONENT,train,SCRIPTED:OP3,1,3,2,1,17,0.23999999463558197,1,0,1,11.0,12.216690063476562,1.5,0.0,-0.007052503526210785,0.0,0.0,0.0,0.0,0.3214002847671509
336,6368,0,796,1,OP3,FIXED_OPPONENT,train,SCRIPTED:OP3,0,2,3,-1,19,0.19999998807907104,1,0,2,12.0,12.655960886101974,-1.2000000476837158,-0.5,0.014848887920379639,0.019999999552965164,-1.0,-100.0,0.0,-0.5366086363792419
337,6424,0,803,0,OP3,FIXED_OPPONENT,train,SCRIPTED:OP3,1,3,1,2,18,0.3199999928474426,1,0,3,11.0,9.351748996310764,1.5,0.5,-0.002965584397315979,0.014999999664723873,1.0,100.0,0.0,0.5829241871833801
338,6424,0,803,0,OP3,FIXED_OPPONENT,train,SCRIPTED:OP3,1,3,2,1,19,0.19999998807907104,1,0,0,12.0,10.918202450400905,1.5,0.4000000059604645,-0.008243367075920105,0.029999999329447746,1.0,100.0,-0.019999999552965164,0.5651628971099854
339,6432,0,804,3,OP3,FIXED_OPPONENT,train,SCRIPTED:OP3,1,3,1,2,18,0.3199999928474426,1,0,0,11.0,11.16609107123481,1.5,0.5,-0.013662576675415039,0.014999999664723873,1.0,100.0,-0.019999999552965164,0.5798561573028564
340,6440,0,805,2,OP3,FIXED_OPPONENT,train,SCRIPTED:OP3,0,2,3,-1,18,0.19999998807907104,1,0,2,12.0,9.675101386176216,-1.2000000476837158,-0.5,0.01486387848854065,0.019999999552965164,-1.0,-100.0,0.0,-0.5366084575653076
341,6448,0,806,1,OP3,FIXED_OPPONENT,train,SCRIPTED:OP3,0,2,3,-1,18,0.11999999731779099,1,0,3,11.0,11.79660373263889,-1.2000000476837158,0.0,0.002946913242340088,0.0,0.0,0.0,0.0,-0.2604716122150421
342,6464,0,808,0,OP3,FIXED_OPPONENT,train,SCRIPTED:OP3,0,3,3,0,21,0.23999999463558197,1,0,4,14.0,9.670892624627976,-0.699999988079071,0.0,0.008061960339546204,0.0,0.0,0.0,0.0,-0.15417298674583435
343,6472,0,809,1,OP3,FIXED_OPPONENT,train,SCRIPTED:OP3,0,3,3,0,19,0.2800000011920929,1,0,1,13.0,10.516177528782896,-0.699999988079071,0.0,0.006275057792663574,0.0,0.0,0.0,0.0,-0.15420399606227875
344,6512,0,814,1,OP3,FIXED_OPPONENT,train,SCRIPTED:OP3,1,3,2,1,18,0.19999998807907104,1,0,0,11.0,11.176044040256077,1.5,0.5,-0.021036654710769653,0.029999999329447746,1.0,100.0,0.0,0.5828881859779358
345,6552,0,819,3,OP3,FIXED_OPPONENT,train,SCRIPTED:OP3,0,2,3,-1,16,0.1599999964237213,1,0,1,12.0,10.23043441772461,-1.2000000476837158,0.0,-0.009974837303161621,0.0,0.0,0.0,-0.019999999552965164,-0.264823317527771
346,6568,0,821,3,OP3,FIXED_OPPONENT,train,SCRIPTED:OP3,0,2,3,-1,18,0.1599999964237213,1,0,0,11.0,11.273949517144096,-1.2000000476837158,-0.5,0.011660575866699219,0.019999999552965164,-1.0,-100.0,-0.019999999552965164,-0.5398059487342834
347,6584,0,823,2,OP3,FIXED_OPPONENT,train,SCRIPTED:OP3,1,3,2,1,19,0.23999999463558197,1,0,2,12.0,9.472326178299753,1.5,0.4000000059604645,0.008404165506362915,0.029999999329447746,1.0,100.0,0.0,0.5683804750442505
348,6584,0,823,0,OP3,FIXED_OPPONENT,train,SCRIPTED:OP3,0,3,3,0,18,0.19999998807907104,1,0,0,11.0,9.274515787760416,-0.699999988079071,0.0,-0.0019092857837677002,0.0,0.0,0.0,-0.019999999552965164,-0.15868160128593445
349,6600,0,825,2,OP3,FIXED_OPPONENT,train,SCRIPTED:OP3,1,3,2,1,19,0.23999999463558197,1,0,3,12.0,10.846308657997533,1.5,0.5,0.013901546597480774,0.014999999664723873,1.0,100.0,0.0,0.5831221342086792
350,6616,0,827,0,OP3,FIXED_OPPONENT,train,SCRIPTED:OP3,1,3,2,1,19,0.23999999463558197,1,0,2,13.0,8.649189196134868,1.5,0.0,-0.00969664752483368,0.0,0.0,0.0,0.0,0.3213581442832947
351,6624,0,828,1,OP3,FIXED_OPPONENT,train,SCRIPTED:OP3,0,2,3,-1,19,0.23999999463558197,1,0,5,12.0,11.257276033100329,-1.2000000476837158,0.0,-0.002685949206352234,0.019999999552965164,0.0,0.0,0.0,-0.2602335214614868
352,6672,0,834,1,OP3,FIXED_OPPONENT,train,SCRIPTED:OP3,1,3,2,1,20,0.11999999731779099,1,0,1,13.0,11.959003448486328,1.5,0.5,-0.02704256772994995,0.029999999329447746,1.0,100.0,0.0,0.5828176736831665
353,6696,0,837,2,OP3,FIXED_OPPONENT,train,SCRIPTED:OP3,0,2,3,-1,18,0.19999998807907104,1,0,1,11.0,10.618841383192274,-1.2000000476837158,-0.5,-0.004320204257965088,0.0,-1.0,-100.0,-0.019999999552965164,-0.5402589440345764
354,6712,0,839,2,OP3,FIXED_OPPONENT,train,SCRIPTED:OP3,1,3,2,1,16,0.2800000011920929,1,0,0,11.0,9.236589431762695,1.5,0.0,-0.00841890275478363,0.0,0.0,0.0,-0.019999999552965164,0.3173874318599701
355,6720,0,840,1,OP3,FIXED_OPPONENT,train,SCRIPTED:OP3,0,3,3,0,19,0.19999998807907104,1,0,0,12.0,10.50118617007607,-0.699999988079071,0.0,-0.008915230631828308,0.0,0.0,0.0,0.0,-0.1544676125049591
356,6728,0,841,2,OP3,FIXED_OPPONENT,train,SCRIPTED:OP3,1,3,2,1,18,0.19999998807907104,1,0,3,12.0,10.156383090549046,1.5,0.8999999761581421,-0.0077180564403533936,0.029999999329447746,2.0,200.0,-0.019999999552965164,0.7503385543823242
357,6760,0,845,2,OP3,FIXED_OPPONENT,train,SCRIPTED:OP3,0,2,3,-1,20,0.3199999928474426,1,0,3,13.0,10.026679229736327,-1.2000000476837158,-0.5,-0.0026009976863861084,0.0,-1.0,-100.0,-0.019999999552965164,-0.540237307548523
358,6768,0,846,2,OP3,FIXED_OPPONENT,train,SCRIPTED:OP3,1,3,2,1,18,0.2800000011920929,1,0,1,11.0,11.449009365505642,1.5,0.4000000059604645,0.005758032202720642,0.014999999664723873,1.0,100.0,-0.019999999552965164,0.5651507377624512
359,6776,0,847,3,OP3,FIXED_OPPONENT,train,SCRIPTED:OP3,0,2,3,-1,20,0.2800000011920929,1,0,1,13.0,11.350887298583984,-1.2000000476837158,-0.5,-0.002177804708480835,0.0,-1.0,-100.0,-0.019999999552965164,-0.5402320623397827
360,6840,0,855,1,OP3,FIXED_OPPONENT,train,SCRIPTED:OP3,0,2,3,-1,21,0.35999998450279236,1,0,7,12.0,9.2339354015532,-1.2000000476837158,-0.5,0.009754016995429993,0.0,-1.0,-100.0,-0.019999999552965164,-0.540081799030304
361,6848,0,856,0,OP3,FIXED_OPPONENT,train,SCRIPTED:OP3,0,2,3,-1,19,0.19999998807907104,1,0,1,12.0,9.835674085115132,-1.2000000476837158,-0.5,-0.014118686318397522,0.0,-1.0,-100.0,0.0,-0.5372281074523926
362,6856,0,857,3,OP3,FIXED_OPPONENT,train,SCRIPTED:OP3,0,2,3,-1,18,0.1599999964237213,1,0,0,12.0,11.766518486870659,-1.2000000476837158,-0.5,0.002281859517097473,0.019999999552965164,-1.0,-100.0,0.0,-0.5367677211761475
363,6872,0,859,0,OP3,FIXED_OPPONENT,train,SCRIPTED:OP3,0,2,3,-1,19,0.11999999731779099,1,0,5,12.0,10.136970118472451,-1.2000000476837158,-0.5,-0.0005937367677688599,0.019999999552965164,-1.0,-100.0,-0.019999999552965164,-0.5399602651596069
364,6872,0,859,3,OP3,FIXED_OPPONENT,train,SCRIPTED:OP3,0,2,3,-1,18,0.2800000011920929,1,0,6,12.0,9.639088100857204,-1.2000000476837158,-0.5,0.013598576188087463,0.0,-1.0,-100.0,0.0,-0.5368776321411133
365,6896,0,862,0,OP3,FIXED_OPPONENT,train,SCRIPTED:OP3,1,3,2,1,17,0.19999998807907104,1,0,3,13.0,9.71128755457261,1.5,0.0,0.0017467737197875977,0.0,0.0,0.0,0.0,0.32154056429862976
366,6920,0,865,0,OP3,FIXED_OPPONENT,train,SCRIPTED:OP3,0,3,3,0,19,0.1599999964237213,1,0,3,12.0,8.56387650339227,-0.699999988079071,0.0,-0.009401828050613403,0.0,0.0,0.0,0.0,-0.15447606146335602
367,6928,0,866,1,OP3,FIXED_OPPONENT,train,SCRIPTED:OP3,0,3,3,0,19,0.23999999463558197,1,0,0,11.0,10.264487015573602,-0.699999988079071,0.0,-0.0044282302260398865,0.0,0.0,0.0,-0.019999999552965164,-0.15872524678707123
368,6992,0,874,0,OP3,FIXED_OPPONENT,train,SCRIPTED:OP3,1,3,2,1,19,0.1599999964237213,1,0,2,12.0,11.514362535978618,1.5,0.5,0.008800715208053589,0.029999999329447746,1.0,100.0,0.0,0.5832382440567017
369,6992,0,874,1,OP3,FIXED_OPPONENT,train,SCRIPTED:OP3,0,3,3,0,17,0.23999999463558197,1,0,0,11.0,11.205918255974264,-0.699999988079071,0.0,0.007889874279499054,0.0,0.0,0.0,0.0,-0.15417596697807312
370,6992,0,874,2,OP3,FIXED_OPPONENT,train,SCRIPTED:OP3,0,1,3,-2,18,0.2800000011920929,1,0,5,14.0,10.37646484375,-1.2000000476837158,-0.5,0.013674378395080566,0.019999999552965164,-1.0,-100.0,0.0,-0.5366235375404358
371,7016,0,877,3,OP3,FIXED_OPPONENT,train,SCRIPTED:OP3,1,3,2,1,18,0.2800000011920929,1,0,0,11.0,11.41379123263889,1.5,0.5,0.015482217073440552,0.014999999664723873,1.0,100.0,0.0,0.5831407308578491
372,7016,0,877,2,OP3,FIXED_OPPONENT,train,SCRIPTED:OP3,1,3,2,1,15,0.19999998807907104,1,0,0,11.0,11.139567057291666,1.5,0.0,0.007526218891143799,0.0,0.0,0.0,0.0,0.3216326832771301
373,7016,0,877,1,OP3,FIXED_OPPONENT,train,SCRIPTED:OP3,0,2,3,-1,18,0.35999998450279236,1,0,3,11.0,9.738513522677952,-1.2000000476837158,-0.4000000059604645,-0.009431496262550354,0.0,-1.0,-100.0,0.0,-0.5211704969406128
374,7072,0,884,3,OP3,FIXED_OPPONENT,train,SCRIPTED:OP3,1,3,2,1,18,0.2800000011920929,1,0,6,11.0,10.564226786295572,1.5,0.4000000059604645,-0.008636578917503357,0.029999999329447746,1.0,100.0,0.0,0.5681753754615784
375,7088,0,886,2,OP3,FIXED_OPPONENT,train,SCRIPTED:OP3,0,3,3,0,21,0.23999999463558197,1,0,5,14.0,10.626888456798735,-0.699999988079071,0.5,0.0003728047013282776,0.0,1.0,100.0,-0.019999999552965164,0.17162448167800903
376,7136,0,892,0,OP3,FIXED_OPPONENT,train,SCRIPTED:OP3,1,3,2,1,18,0.1599999964237213,1,0,1,11.0,11.034000820583767,1.5,0.5,-0.016815125942230225,0.029999999329447746,1.0,100.0,0.0,0.5829377174377441
377,7136,0,892,0,OP3,FIXED_OPPONENT,train,SCRIPTED:OP3,0,2,3,-1,18,0.11999999731779099,1,0,2,11.0,11.131640964084202,-1.2000000476837158,-0.4000000059604645,0.006850525736808777,0.019999999552965164,-1.0,-100.0,0.0,-0.5207005143165588
378,7160,0,895,1,OP3,FIXED_OPPONENT,train,SCRIPTED:OP3,1,3,2,1,21,0.2800000011920929,1,0,8,11.0,9.305419921875,1.5,1.0,-0.02001650631427765,0.029999999329447746,2.0,200.0,0.0,0.7616686820983887
379,7168,0,896,1,OP3,FIXED_OPPONENT,train,SCRIPTED:OP3,1,3,2,1,19,0.1599999964237213,1,0,3,12.0,10.597292448344984,1.5,0.5,0.009976521134376526,0.029999999329447746,1.0,100.0,0.0,0.5832520723342896
380,7176,0,897,2,OP3,FIXED_OPPONENT,train,SCRIPTED:OP3,1,3,2,1,20,0.2800000011920929,1,0,5,13.0,9.836921691894531,1.5,0.4000000059604645,-0.008730009198188782,0.014999999664723873,1.0,100.0,0.0,0.5679936408996582
381,7184,0,898,0,OP3,FIXED_OPPONENT,train,SCRIPTED:OP3,0,2,3,-1,21,0.3199999928474426,1,0,1,14.0,11.394050961449032,-1.2000000476837158,-0.5,-0.004535242915153503,0.0,-1.0,-100.0,0.0,-0.537106990814209
382,7224,0,903,0,OP3,FIXED_OPPONENT,train,SCRIPTED:OP3,1,3,2,1,17,0.19999998807907104,1,0,3,11.0,11.062851849724264,1.5,1.0,-0.014935702085494995,0.029999999329447746,2.0,200.0,0.0,0.7617066502571106
383,7224,0,903,0,OP3,FIXED_OPPONENT,train,SCRIPTED:OP3,1,3,2,1,19,0.19999998807907104,1,0,1,12.0,11.007856670178866,1.5,0.5,0.018568910658359528,0.029999999329447746,1.0,100.0,-0.019999999552965164,0.5804132223129272
384,7296,0,912,3,OP3,FIXED_OPPONENT,train,SCRIPTED:OP3,1,3,2,1,20,0.2800000011920929,1,0,6,12.0,9.401007843017577,1.5,0.5,-0.016150012612342834,0.029999999329447746,1.0,100.0,-0.019999999552965164,0.5800038576126099
385,7304,0,913,1,OP3,FIXED_OPPONENT,train,SCRIPTED:OP3,0,2,3,-1,18,0.11999999731779099,1,0,0,11.0,10.990668402777779,-1.2000000476837158,-0.5,-0.009735077619552612,0.019999999552965164,-1.0,-100.0,0.0,-0.5369197726249695
386,7312,0,914,0,OP3,FIXED_OPPONENT,train,SCRIPTED:OP3,1,3,2,1,22,0.35999998450279236,1,0,3,14.0,8.612946943803268,1.5,0.5,-0.03348621726036072,0.014999999664723873,1.0,100.0,0.0,0.5825658440589905
387,7320,0,915,0,OP3,FIXED_OPPONENT,train,SCRIPTED:OP3,0,2,3,-1,19,0.23999999463558197,1,0,1,12.0,10.20357955129523,-1.2000000476837158,-0.5,-0.004421710968017578,0.0,-1.0,-100.0,-0.019999999552965164,-0.5402601957321167
388,7328,0,916,2,OP3,FIXED_OPPONENT,train,SCRIPTED:OP3,0,2,3,-1,18,0.3199999928474426,1,0,2,11.0,9.911830478244358,-1.2000000476837158,-0.5,-0.01386001706123352,0.0,-1.0,-100.0,0.0,-0.5372248888015747
389,7344,0,918,0,OP3,FIXED_OPPONENT,train,SCRIPTED:OP3,0,3,3,0,21,0.1599999964237213,1,0,7,12.0,11.122992379324776,-0.699999988079071,0.0,0.0013206079602241516,0.0,0.0,0.0,-0.019999999552965164,-0.15862563252449036
390,7376,0,922,0,OP3,FIXED_OPPONENT,train,SCRIPTED:OP3,1,3,2,1,19,0.3199999928474426,1,0,3,12.0,10.44058629086143,1.5,0.0,0.005138829350471497,0.0,0.0,0.0,0.0,0.32159462571144104
391,7376,0,922,2,OP3,FIXED_OPPONENT,train,SCRIPTED:OP3,1,3,2,1,19,0.23999999463558197,1,0,1,12.0,11.036564074064556,1.5,0.5,-0.022988930344581604,0.029999999329447746,1.0,100.0,0.0,0.5828652381896973
392,7448,0,931,2,OP3,FIXED_OPPONENT,train,SCRIPTED:OP3,0,2,3,-1,18,0.19999998807907104,1,0,2,11.0,10.755623711480034,-1.2000000476837158,-0.5,0.010502457618713379,0.0,-1.0,-100.0,0.0,-0.5369167923927307
393,7456,0,932,1,OP3,FIXED_OPPONENT,train,SCRIPTED:OP3,0,2,3,-1,20,0.2800000011920929,1,0,0,13.0,10.96298828125,-1.2000000476837158,-0.5,0.008763089776039124,0.019999999552965164,-1.0,-100.0,0.0,-0.5366857051849365
394,7472,0,934,3,OP3,FIXED_OPPONENT,train,SCRIPTED:OP3,1,3,2,1,16,0.23999999463558197,1,0,1,11.0,10.397757530212402,1.5,0.5,-0.02332514524459839,0.014999999664723873,1.0,100.0,-0.019999999552965164,0.5797420740127563
395,7472,0,934,1,OP3,FIXED_OPPONENT,train,SCRIPTED:OP3,0,2,3,-1,18,0.1599999964237213,1,0,0,11.0,10.273466322157118,-1.2000000476837158,-0.4000000059604645,-0.006557390093803406,0.019999999552965164,-1.0,-100.0,-0.019999999552965164,-0.5241053700447083
396,7480,0,935,0,OP3,FIXED_OPPONENT,train,SCRIPTED:OP3,0,3,3,0,20,0.23999999463558197,0,1,3,11.0,9.85726318359375,-0.699999988079071,0.0,0.008386105298995972,0.0,0.0,0.0,-0.03999999910593033,-0.16283288598060608
397,7480,0,935,3,OP3,FIXED_OPPONENT,train,SCRIPTED:OP3,1,3,2,1,21,0.3199999928474426,1,0,0,14.0,10.289707728794642,1.5,0.5,-0.019221484661102295,0.029999999329447746,1.0,100.0,0.0,0.5829094648361206
398,7520,0,940,0,OP3,FIXED_OPPONENT,train,SCRIPTED:OP3,0,2,3,-1,18,0.2800000011920929,1,0,4,11.0,10.724566989474827,-1.2000000476837158,-0.5,0.014595955610275269,0.019999999552965164,-1.0,-100.0,-0.019999999552965164,-0.5397689342498779
399,7520,0,940,0,OP3,FIXED_OPPONENT,train,SCRIPTED:OP3,0,2,3,-1,18,0.2800000011920929,1,0,3,11.0,9.439827813042534,-1.2000000476837158,-0.5,0.0015431344509124756,0.0,-1.0,-100.0,0.0,-0.5370301008224487
400,7600,0,950,3,OP3,FIXED_OPPONENT,train,SCRIPTED:OP3,0,2,3,-1,15,0.23999999463558197,1,0,0,11.0,11.14556172688802,-1.2000000476837158,-0.5,0.004570364952087402,0.0,-1.0,-100.0,-0.019999999552965164,-0.540147066116333
401,7600,0,950,1,OP3,FIXED_OPPONENT,train,SCRIPTED:OP3,1,3,2,1,19,0.1599999964237213,0,1,5,15.0,10.407609638414884,1.5,0.5,-0.017589673399925232,0.029999999329447746,1.0,100.0,0.0,0.5829286575317383
402,7616,0,952,2,OP3,FIXED_OPPONENT,train,SCRIPTED:OP3,1,3,2,1,18,0.2800000011920929,1,0,0,11.0,9.95611317952474,1.5,0.4000000059604645,-0.006877243518829346,0.014999999664723873,1.0,100.0,0.0,0.5680159330368042
403,7616,0,952,3,OP3,FIXED_OPPONENT,train,SCRIPTED:OP3,0,2,3,-1,20,0.19999998807907104,1,0,9,13.0,9.07948989868164,-1.2000000476837158,-0.5,0.008903980255126953,0.019999999552965164,-1.0,-100.0,-0.019999999552965164,-0.539840579032898
404,7640,0,955,3,OP3,FIXED_OPPONENT,train,SCRIPTED:OP3,1,3,2,1,20,0.3999999761581421,1,0,2,13.0,9.32637710571289,1.5,0.4000000059604645,-0.005049854516983032,0.014999999664723873,1.0,100.0,-0.019999999552965164,0.565019965171814
405,7640,0,955,1,OP3,FIXED_OPPONENT,train,SCRIPTED:OP3,1,3,2,1,21,0.23999999463558197,1,0,3,15.0,10.976612636021205,1.5,0.5,-0.03004126250743866,0.029999999329447746,1.0,100.0,-0.019999999552965164,0.5798399448394775
406,7664,0,958,0,OP3,FIXED_OPPONENT,train,SCRIPTED:OP3,0,2,3,-1,18,0.1599999964237213,1,0,0,11.0,12.03187730577257,-1.2000000476837158,-0.4000000059604645,-0.0074558258056640625,0.019999999552965164,-1.0,-100.0,0.0,-0.5208859443664551
407,7672,0,959,0,OP3,FIXED_OPPONENT,train,SCRIPTED:OP3,1,3,2,1,19,0.3199999928474426,1,0,7,11.0,9.050152427271792,1.5,0.5,-0.0013916343450546265,0.014999999664723873,1.0,100.0,0.0,0.5829426646232605
408,7720,0,965,3,OP3,FIXED_OPPONENT,train,SCRIPTED:OP3,0,2,3,-1,15,0.23999999463558197,1,0,0,11.0,9.886562093098958,-1.2000000476837158,-0.4000000059604645,-0.010354071855545044,0.0,-1.0,-100.0,0.0,-0.5211824774742126
409,7752,0,969,1,OP3,FIXED_OPPONENT,train,SCRIPTED:OP3,1,3,2,1,19,0.11999999731779099,1,0,3,12.0,9.870928312602796,1.5,0.5,-0.015515163540840149,0.029999999329447746,1.0,100.0,0.0,0.5829529762268066
410,7760,0,970,3,OP3,FIXED_OPPONENT,train,SCRIPTED:OP3,0,2,3,-1,18,0.19999998807907104,1,0,0,11.0,10.673009236653646,-1.2000000476837158,-0.4000000059604645,0.008009195327758789,0.019999999552965164,-1.0,-100.0,0.0,-0.5206855535507202
411,7776,0,972,3,OP3,FIXED_OPPONENT,train,SCRIPTED:OP3,0,3,3,0,20,0.2800000011920929,1,0,5,12.0,9.406113433837891,-0.699999988079071,0.0,-0.010385453701019287,0.0,0.0,0.0,-0.019999999552965164,-0.1588284820318222
412,7784,0,973,3,OP3,FIXED_OPPONENT,train,SCRIPTED:OP3,1,3,2,1,18,0.23999999463558197,1,0,2,11.0,10.366601732042101,1.5,0.5,-0.029652312397956848,0.029999999329447746,1.0,100.0,0.0,0.582787036895752
413,7808,0,976,2,OP3,FIXED_OPPONENT,train,SCRIPTED:OP3,0,2,3,-1,21,0.3199999928474426,1,0,1,14.0,11.148157755533854,-1.2000000476837158,-0.5,0.015717774629592896,0.0,-1.0,-100.0,0.0,-0.5368508100509644
414,7808,0,976,2,OP3,FIXED_OPPONENT,train,SCRIPTED:OP3,0,2,3,-1,18,0.19999998807907104,1,0,4,11.0,9.382130093044704,-1.2000000476837158,-0.5,0.011084794998168945,0.019999999552965164,-1.0,-100.0,0.0,-0.5366562604904175
415,7832,0,979,3,OP3,FIXED_OPPONENT,train,SCRIPTED:OP3,0,3,3,0,20,0.23999999463558197,1,0,0,12.0,12.261582183837891,-0.699999988079071,0.0,-0.004069209098815918,0.0,0.0,0.0,0.0,-0.15438352525234222
416,7872,0,984,0,OP3,FIXED_OPPONENT,train,SCRIPTED:OP3,1,3,2,1,19,0.2800000011920929,1,0,0,12.0,10.837848864103618,1.5,0.4000000059604645,-0.010446518659591675,0.014999999664723873,1.0,100.0,-0.019999999552965164,0.5649546980857849
417,7888,0,986,0,OP3,FIXED_OPPONENT,train,SCRIPTED:OP3,1,3,2,1,17,0.23999999463558197,1,0,0,11.0,10.014914119944853,1.5,0.4000000059604645,-0.01025623083114624,0.014999999664723873,1.0,100.0,0.0,0.5679752230644226
418,7904,0,988,2,OP3,FIXED_OPPONENT,train,SCRIPTED:OP3,0,3,3,0,18,0.23999999463558197,1,0,3,11.0,10.242203606499565,-0.699999988079071,0.0,-0.0003366917371749878,0.0,0.0,0.0,0.0,-0.15431873500347137
419,7912,0,989,0,OP3,FIXED_OPPONENT,train,SCRIPTED:OP3,1,3,2,1,17,0.1599999964237213,1,0,3,12.0,10.69989013671875,1.5,0.0,-0.001423656940460205,0.0,0.0,0.0,0.0,0.32149001955986023
420,7928,0,991,3,OP3,FIXED_OPPONENT,train,SCRIPTED:OP3,0,2,3,-1,15,0.23999999463558197,1,0,0,11.0,10.929857381184895,-1.2000000476837158,0.0,-0.007256701588630676,0.0,0.0,0.0,0.0,-0.2606407105922699
421,7936,0,992,1,OP3,FIXED_OPPONENT,train,SCRIPTED:OP3,1,3,2,1,19,0.2800000011920929,1,0,3,12.0,8.897814298930921,1.5,0.5,-0.021239563822746277,0.029999999329447746,1.0,100.0,0.0,0.5828858017921448
422,7960,0,995,0,OP3,FIXED_OPPONENT,train,SCRIPTED:OP3,0,2,3,-1,19,0.3999999761581421,1,0,2,12.0,10.428535059878701,-1.2000000476837158,-0.5,-0.010805100202560425,0.0,-1.0,-100.0,0.0,-0.5371862649917603
423,7968,0,996,0,OP3,FIXED_OPPONENT,train,SCRIPTED:OP3,0,2,3,-1,17,0.19999998807907104,1,0,1,11.0,11.788318409639245,-1.2000000476837158,0.0,-0.010137766599655151,0.0,0.0,0.0,0.0,-0.2606884241104126
424,8016,0,1002,3,OP3,FIXED_OPPONENT,train,SCRIPTED:OP3,0,3,3,0,18,0.19999998807907104,1,0,6,12.0,8.501821729871962,-0.699999988079071,0.0,-0.00031760334968566895,0.0,0.0,0.0,-0.019999999552965164,-0.15865401923656464
425,8032,0,1004,2,OP3,FIXED_OPPONENT,train,SCRIPTED:OP3,0,2,3,-1,18,0.23999999463558197,1,0,0,11.0,10.413185967339409,-1.2000000476837158,-0.4000000059604645,-0.0011003166437149048,0.0,-1.0,-100.0,0.0,-0.5210626125335693
426,8048,0,1006,1,OP3,FIXED_OPPONENT,train,SCRIPTED:OP3,1,3,2,1,18,0.2800000011920929,1,0,2,11.0,10.727080451117622,1.5,0.5,-0.01004740595817566,0.014999999664723873,1.0,100.0,0.0,0.5828410983085632
427,8056,0,1007,0,OP3,FIXED_OPPONENT,train,SCRIPTED:OP3,1,3,1,2,16,0.35999998450279236,1,0,0,11.0,10.523076057434082,1.5,0.4000000059604645,-0.009699895977973938,0.029999999329447746,1.0,100.0,-0.019999999552965164,0.5651452541351318
428,8064,0,1008,1,OP3,FIXED_OPPONENT,train,SCRIPTED:OP3,0,2,3,-1,19,0.23999999463558197,1,0,0,12.0,11.087297941509046,-1.2000000476837158,-0.5,0.010409966111183167,0.019999999552965164,-1.0,-100.0,-0.019999999552965164,-0.5398216247558594
429,8096,0,1012,0,OP3,FIXED_OPPONENT,train,SCRIPTED:OP3,0,3,3,0,20,0.19999998807907104,1,0,3,12.0,10.76073760986328,-0.699999988079071,0.5,-0.005622059106826782,0.0,1.0,100.0,-0.019999999552965164,0.17152105271816254
430,8104,0,1013,0,OP3,FIXED_OPPONENT,train,SCRIPTED:OP3,1,3,2,1,18,0.19999998807907104,1,0,2,11.0,9.965894911024305,1.5,0.4000000059604645,0.00624924898147583,0.014999999664723873,1.0,100.0,0.0,0.5681740045547485
431,8112,0,1014,1,OP3,FIXED_OPPONENT,train,SCRIPTED:OP3,1,3,2,1,18,0.1599999964237213,1,0,0,11.0,11.438187493218315,1.5,0.4000000059604645,0.002069428563117981,0.014999999664723873,1.0,100.0,0.0,0.5681236982345581
432,8160,0,1020,1,OP3,FIXED_OPPONENT,train,SCRIPTED:OP3,1,3,2,1,18,0.19999998807907104,1,0,0,11.0,10.457175360785591,1.5,0.5,-0.023148730397224426,0.029999999329447746,1.0,100.0,0.0,0.5828633308410645
433,8184,0,1023,1,OP3,FIXED_OPPONENT,train,SCRIPTED:OP3,0,2,3,-1,19,0.19999998807907104,1,0,1,12.0,9.900493421052632,-1.2000000476837158,-0.5,0.014678850769996643,0.019999999552965164,-1.0,-100.0,0.0,-0.5366107821464539
434,8192,0,1024,2,OP3,FIXED_OPPONENT,train,SCRIPTED:OP3,0,2,3,-1,18,0.19999998807907104,1,0,5,11.0,8.573204040527344,-1.2000000476837158,-0.4000000059604645,-0.0019345730543136597,0.019999999552965164,-1.0,-100.0,0.0,-0.5208143591880798
435,8200,0,1025,1,OP3,FIXED_OPPONENT,train,SCRIPTED:OP3,0,3,3,0,18,0.11999999731779099,1,0,1,11.0,10.91485850016276,-0.699999988079071,0.0,0.008531689643859863,0.0,0.0,0.0,0.0,-0.15416483581066132
436,8208,0,1026,1,OP3,FIXED_OPPONENT,train,SCRIPTED:OP3,1,3,2,1,18,0.19999998807907104,1,0,1,11.0,9.46615261501736,1.5,0.4000000059604645,-0.0067041367292404175,0.014999999664723873,1.0,100.0,0.0,0.5680180191993713
437,8240,0,1030,3,OP3,FIXED_OPPONENT,train,SCRIPTED:OP3,1,3,2,1,16,0.19999998807907104,1,0,0,11.0,10.497817993164062,1.5,0.4000000059604645,2.0459294319152832e-05,0.029999999329447746,1.0,100.0,-0.03999999910593033,0.5622308254241943
438,8248,0,1031,3,OP3,FIXED_OPPONENT,train,SCRIPTED:OP3,1,3,2,1,19,0.19999998807907104,1,0,5,11.0,11.432527240953947,1.5,0.5,0.01981988549232483,0.029999999329447746,1.0,100.0,0.0,0.5833675265312195
439,8256,0,1032,0,OP3,FIXED_OPPONENT,train,SCRIPTED:OP3,1,3,2,1,19,0.2800000011920929,1,0,2,12.0,8.911482961554276,1.5,0.5,-0.017795071005821228,0.014999999664723873,1.0,100.0,-0.019999999552965164,0.5798074007034302
440,8304,0,1038,0,OP3,FIXED_OPPONENT,train,SCRIPTED:OP3,0,3,3,0,18,0.3199999928474426,1,0,0,11.0,9.675741407606337,-0.699999988079071,0.0,-0.007894068956375122,0.0,0.0,0.0,0.0,-0.15444989502429962
441,8328,0,1041,3,OP3,FIXED_OPPONENT,train,SCRIPTED:OP3,0,2,3,-1,18,0.23999999463558197,1,0,7,11.0,8.956904093424479,-1.2000000476837158,-0.5,-0.004809513688087463,0.019999999552965164,-1.0,-100.0,0.0,-0.5368574261665344
442,8344,0,1043,1,OP3,FIXED_OPPONENT,train,SCRIPTED:OP3,0,2,3,-1,19,0.19999998807907104,1,0,2,12.0,10.37285011693051,-1.2000000476837158,-0.5,-0.014750674366950989,0.019999999552965164,-1.0,-100.0,-0.019999999552965164,-0.5401385426521301
443,8360,0,1045,0,OP3,FIXED_OPPONENT,train,SCRIPTED:OP3,1,3,2,1,19,0.1599999964237213,1,0,1,12.0,11.859041715923109,1.5,0.5,0.007345929741859436,0.029999999329447746,1.0,100.0,0.0,0.5832211971282959
444,8368,0,1046,1,OP3,FIXED_OPPONENT,train,SCRIPTED:OP3,0,2,3,-1,21,0.19999998807907104,1,0,5,14.0,10.36079842703683,-1.2000000476837158,-0.4000000059604645,-0.010307475924491882,0.019999999552965164,-1.0,-100.0,0.0,-0.520922839641571
445,8392,0,1049,3,OP3,FIXED_OPPONENT,train,SCRIPTED:OP3,1,3,2,1,18,0.2800000011920929,1,0,2,11.0,11.28544192843967,1.5,0.8999999761581421,-0.003410257399082184,0.029999999329447746,2.0,200.0,0.0,0.7523075342178345
446,8400,0,1050,1,OP3,FIXED_OPPONENT,train,SCRIPTED:OP3,1,3,2,1,20,0.23999999463558197,1,0,3,13.0,9.982103729248047,1.5,0.4000000059604645,-0.010052308440208435,0.029999999329447746,1.0,100.0,-0.019999999552965164,0.565140962600708
447,8424,0,1053,0,OP3,FIXED_OPPONENT,train,SCRIPTED:OP3,1,3,2,1,21,0.23999999463558197,1,0,5,14.0,10.825711204892112,1.5,0.5,0.017221584916114807,0.029999999329447746,1.0,100.0,-0.019999999552965164,0.580397367477417
448,8456,0,1057,0,OP3,FIXED_OPPONENT,train,SCRIPTED:OP3,0,3,3,0,19,0.23999999463558197,1,0,6,12.0,10.83584915964227,-0.699999988079071,0.0,-0.0039025992155075073,0.0,0.0,0.0,0.0,-0.15438063442707062
449,8472,0,1059,0,OP3,FIXED_OPPONENT,train,SCRIPTED:OP3,0,3,3,0,18,0.2800000011920929,1,0,2,11.0,10.645117865668404,-0.699999988079071,0.0,-0.005186125636100769,0.0,0.0,0.0,0.0,-0.15440291166305542
450,8496,0,1062,3,OP3,FIXED_OPPONENT,train,SCRIPTED:OP3,1,3,2,1,19,0.23999999463558197,1,0,1,13.0,9.43216906095806,1.5,0.5,0.01120033860206604,0.029999999329447746,1.0,100.0,-0.019999999552965164,0.5803263187408447
451,8512,0,1064,2,OP3,FIXED_OPPONENT,train,SCRIPTED:OP3,0,2,3,-1,18,0.23999999463558197,1,0,0,11.0,9.66925303141276,-1.2000000476837158,-0.5,-0.012795954942703247,0.019999999552965164,-1.0,-100.0,0.0,-0.5369585156440735
452,8520,0,1065,0,OP3,FIXED_OPPONENT,train,SCRIPTED:OP3,0,2,3,-1,20,0.19999998807907104,1,0,6,13.0,9.37329330444336,-1.2000000476837158,-0.5,0.014046147465705872,0.019999999552965164,-1.0,-100.0,-0.019999999552965164,-0.5397758483886719
453,8544,0,1068,3,OP3,FIXED_OPPONENT,train,SCRIPTED:OP3,1,3,2,1,18,0.23999999463558197,1,0,7,11.0,9.943760342068142,1.5,0.4000000059604645,-0.005732625722885132,0.029999999329447746,1.0,100.0,0.0,0.5682103037834167
454,8544,0,1068,3,OP3,FIXED_OPPONENT,train,SCRIPTED:OP3,0,2,3,-1,19,0.23999999463558197,1,0,0,12.0,11.343019987407484,-1.2000000476837158,-0.5,0.014282628893852234,0.0,-1.0,-100.0,0.0,-0.5368689298629761
455,8584,0,1073,0,OP3,FIXED_OPPONENT,train,SCRIPTED:OP3,1,3,2,1,20,0.23999999463558197,1,0,2,13.0,10.36429443359375,1.5,0.5,-0.009672611951828003,0.014999999664723873,1.0,100.0,-0.019999999552965164,0.579903244972229
456,8608,0,1076,0,OP3,FIXED_OPPONENT,train,SCRIPTED:OP3,0,3,3,0,19,0.2800000011920929,1,0,2,12.0,9.768529791581003,-0.699999988079071,0.0,-0.009877070784568787,0.0,0.0,0.0,-0.019999999552965164,-0.15881967544555664
457,8632,0,1079,1,OP3,FIXED_OPPONENT,train,SCRIPTED:OP3,0,3,3,0,20,0.2800000011920929,1,0,4,13.0,9.840452575683594,-0.699999988079071,0.0,0.006796702742576599,0.0,0.0,0.0,0.0,-0.15419495105743408
458,8648,0,1081,3,OP3,FIXED_OPPONENT,train,SCRIPTED:OP3,1,3,2,1,19,0.11999999731779099,0,1,3,12.0,9.451787045127467,1.5,1.0,-0.03809309005737305,0.029999999329447746,2.0,200.0,0.0,0.7615337371826172
459,8672,0,1084,1,OP3,FIXED_OPPONENT,train,SCRIPTED:OP3,1,3,2,1,19,0.3199999928474426,1,0,3,12.0,10.737814652292352,1.5,0.5,-0.010780110955238342,0.029999999329447746,1.0,100.0,0.0,0.5830085277557373
460,8688,0,1086,1,OP3,FIXED_OPPONENT,train,SCRIPTED:OP3,1,3,2,1,22,0.35999998450279236,1,0,5,14.0,8.887169577858664,1.5,0.5,-0.009272560477256775,0.02499999850988388,1.0,100.0,0.0,0.5829675197601318
461,8688,0,1086,3,OP3,FIXED_OPPONENT,train,SCRIPTED:OP3,1,3,2,1,18,0.2800000011920929,1,0,1,11.0,8.843562655978733,1.5,0.4000000059604645,-0.010179102420806885,0.029999999329447746,1.0,100.0,0.0,0.5681567788124084
462,8704,0,1088,2,OP3,FIXED_OPPONENT,train,SCRIPTED:OP3,0,3,3,0,20,0.19999998807907104,1,0,5,13.0,9.675995635986329,-0.699999988079071,0.0,-0.0020659416913986206,0.0,0.0,0.0,-0.019999999552965164,-0.15868431329727173
463,8712,0,1089,0,OP3,FIXED_OPPONENT,train,SCRIPTED:OP3,1,3,2,1,16,0.19999998807907104,1,0,0,11.0,12.222938537597656,1.5,0.0,0.002863749861717224,0.0,0.0,0.0,0.0,0.3215583562850952
464,8760,0,1095,2,OP3,FIXED_OPPONENT,train,SCRIPTED:OP3,0,2,3,-1,19,0.19999998807907104,1,0,4,11.0,9.55117396304482,-1.2000000476837158,-0.5,0.010389536619186401,0.019999999552965164,-1.0,-100.0,0.0,-0.5366650819778442
465,8776,0,1097,0,OP3,FIXED_OPPONENT,train,SCRIPTED:OP3,1,3,1,2,18,0.23999999463558197,1,0,2,11.0,10.192708333333334,1.5,0.5,-0.010557830333709717,0.014999999664723873,1.0,100.0,-0.019999999552965164,0.5798928141593933
466,8792,0,1099,0,OP3,FIXED_OPPONENT,train,SCRIPTED:OP3,0,2,3,-1,18,0.1599999964237213,1,0,2,11.0,11.024422539605034,-1.2000000476837158,-0.5,0.005344614386558533,0.019999999552965164,-1.0,-100.0,-0.019999999552965164,-0.539885401725769
467,8824,0,1103,1,OP3,FIXED_OPPONENT,train,SCRIPTED:OP3,0,3,3,0,19,0.19999998807907104,1,0,0,11.0,13.115034404553866,-0.699999988079071,0.0,-0.0016382783651351929,0.0,0.0,0.0,0.0,-0.15434132516384125
468,8832,0,1104,1,OP3,FIXED_OPPONENT,train,SCRIPTED:OP3,0,2,3,-1,18,0.23999999463558197,1,0,0,11.0,10.749866909450954,-1.2000000476837158,-0.4000000059604645,-0.010508134961128235,0.0,-1.0,-100.0,-0.019999999552965164,-0.5244141221046448
469,8840,0,1105,2,OP3,FIXED_OPPONENT,train,SCRIPTED:OP3,1,3,1,2,19,0.19999998807907104,1,0,0,14.0,9.822932996247944,1.5,0.5,-0.02589389681816101,0.029999999329447746,1.0,100.0,0.0,0.5828311443328857
470,8840,0,1105,3,OP3,FIXED_OPPONENT,train,SCRIPTED:OP3,0,2,3,-1,17,0.3199999928474426,1,0,5,11.0,9.441028370576745,-1.2000000476837158,-0.5,0.002528369426727295,0.019999999552965164,-1.0,-100.0,0.0,-0.5367646217346191
471,8864,0,1108,1,OP3,FIXED_OPPONENT,train,SCRIPTED:OP3,0,2,3,-1,19,0.19999998807907104,1,0,3,12.0,11.500970940840872,-1.2000000476837158,-0.5,0.002800881862640381,0.019999999552965164,-1.0,-100.0,-0.019999999552965164,-0.5399174690246582
472,8896,0,1112,2,OP3,FIXED_OPPONENT,train,SCRIPTED:OP3,0,1,3,-2,15,0.2800000011920929,1,0,0,11.0,11.51251932779948,-1.2000000476837158,0.0,-0.00815621018409729,0.0,0.0,0.0,0.0,-0.26065561175346375
473,8904,0,1113,2,OP3,FIXED_OPPONENT,train,SCRIPTED:OP3,0,3,3,0,18,0.23999999463558197,1,0,3,11.0,9.627404106987846,-0.699999988079071,0.0,-0.008876636624336243,0.0,0.0,0.0,0.0,-0.15446695685386658
474,8936,0,1117,0,OP3,FIXED_OPPONENT,train,SCRIPTED:OP3,1,3,2,1,18,0.19999998807907104,1,0,2,11.0,10.49695078531901,1.5,0.4000000059604645,0.0031770169734954834,0.029999999329447746,1.0,100.0,0.0,0.5683175921440125
475,8984,0,1123,3,OP3,FIXED_OPPONENT,train,SCRIPTED:OP3,1,3,2,1,18,0.23999999463558197,1,0,3,11.0,10.671100192599827,1.5,0.5,0.007019363343715668,0.029999999329447746,1.0,100.0,0.0,0.5832173824310303
476,8992,0,1124,1,OP3,FIXED_OPPONENT,train,SCRIPTED:OP3,0,2,3,-1,20,0.2800000011920929,0,1,5,12.0,10.275858306884766,-1.2000000476837158,-0.5,0.00613345205783844,0.019999999552965164,-1.0,-100.0,0.0,-0.5367189645767212
477,8992,0,1124,1,OP3,FIXED_OPPONENT,train,SCRIPTED:OP3,1,3,2,1,21,0.1599999964237213,0,1,1,14.0,9.503247942243304,1.5,0.5,-0.0015900135040283203,0.014999999664723873,1.0,100.0,0.0,0.5829403400421143
478,9000,0,1125,0,OP3,FIXED_OPPONENT,train,SCRIPTED:OP3,1,3,2,1,20,0.1599999964237213,1,0,1,13.0,11.173552703857421,1.5,0.5,-0.01773059368133545,0.029999999329447746,1.0,100.0,-0.019999999552965164,0.5799852013587952
479,9008,0,1126,2,OP3,FIXED_OPPONENT,train,SCRIPTED:OP3,0,3,3,0,18,0.23999999463558197,1,0,0,11.0,11.502266777886284,-0.699999988079071,0.0,-0.0025566667318344116,0.0,0.0,0.0,0.0,-0.15435725450515747
480,9048,0,1131,2,OP3,FIXED_OPPONENT,train,SCRIPTED:OP3,0,2,3,-1,18,0.2800000011920929,1,0,7,11.0,9.204010009765625,-1.2000000476837158,-0.5,-0.00949820876121521,0.019999999552965164,-1.0,-100.0,0.0,-0.5369167923927307
481,9048,0,1131,0,OP3,FIXED_OPPONENT,train,SCRIPTED:OP3,0,1,3,-2,19,0.23999999463558197,1,0,5,12.0,9.32009566457648,-1.2000000476837158,-0.5,0.009632214903831482,0.019999999552965164,-1.0,-100.0,-0.019999999552965164,-0.5398313999176025
482,9096,0,1137,0,OP3,FIXED_OPPONENT,train,SCRIPTED:OP3,1,3,2,1,20,0.1599999964237213,1,0,3,14.0,10.349375152587891,1.5,0.5,-0.001354992389678955,0.014999999664723873,1.0,100.0,-0.019999999552965164,0.5800014138221741
483,9120,0,1140,2,OP3,FIXED_OPPONENT,train,SCRIPTED:OP3,0,2,3,-1,17,0.1599999964237213,1,0,0,11.0,12.327906889073988,-1.2000000476837158,-0.5,-0.00279080867767334,0.019999999552965164,-1.0,-100.0,-0.019999999552965164,-0.5399879217147827
484,9120,0,1140,3,OP3,FIXED_OPPONENT,train,SCRIPTED:OP3,1,3,1,2,15,0.1599999964237213,1,0,0,11.0,12.447057088216146,1.5,0.5,-0.0049623847007751465,0.029999999329447746,1.0,100.0,-0.019999999552965164,0.5801358222961426
485,9136,0,1142,3,OP3,FIXED_OPPONENT,train,SCRIPTED:OP3,0,1,3,-2,18,0.23999999463558197,1,0,1,11.0,11.040729098849827,-1.2000000476837158,-0.5,0.0009219050407409668,0.019999999552965164,-1.0,-100.0,0.0,-0.5367849469184875
486,9136,0,1142,2,OP3,FIXED_OPPONENT,train,SCRIPTED:OP3,0,2,3,-1,18,0.23999999463558197,1,0,1,11.0,10.854985555013021,-1.2000000476837158,-0.4000000059604645,0.008323073387145996,0.019999999552965164,-1.0,-100.0,0.0,-0.5206814408302307
487,9144,0,1143,3,OP3,FIXED_OPPONENT,train,SCRIPTED:OP3,1,3,2,1,17,0.19999998807907104,1,0,0,11.0,10.658975937787224,1.5,0.0,-0.004273951053619385,0.0,0.0,0.0,0.0,0.321444571018219
488,9184,0,1148,3,OP3,FIXED_OPPONENT,train,SCRIPTED:OP3,1,3,2,1,17,0.23999999463558197,1,0,2,12.0,10.05181884765625,1.5,0.5,0.012644872069358826,0.014999999664723873,1.0,100.0,-0.019999999552965164,0.5801665782928467
489,9192,0,1149,3,OP3,FIXED_OPPONENT,train,SCRIPTED:OP3,1,3,2,1,18,0.35999998450279236,1,0,0,11.0,10.145428975423178,1.5,0.0,-0.007777288556098938,0.0,0.0,0.0,0.0,0.32138875126838684
490,9256,0,1157,1,OP3,FIXED_OPPONENT,train,SCRIPTED:OP3,0,2,3,-1,20,0.3199999928474426,1,0,2,13.0,10.165579223632813,-1.2000000476837158,-0.5,0.015900954604148865,0.019999999552965164,-1.0,-100.0,0.0,-0.5365952849388123
491,9264,0,1158,1,OP3,FIXED_OPPONENT,train,SCRIPTED:OP3,0,3,3,0,18,0.2800000011920929,1,0,2,11.0,9.966805352105034,-0.699999988079071,0.0,0.006007835268974304,0.0,0.0,0.0,0.0,-0.15420864522457123
492,9272,0,1159,3,OP3,FIXED_OPPONENT,train,SCRIPTED:OP3,1,3,2,1,19,0.1599999964237213,1,0,4,12.0,11.141714798776727,1.5,0.5,-0.02989378571510315,0.029999999329447746,1.0,100.0,0.0,0.5827841758728027
493,9288,0,1161,1,OP3,FIXED_OPPONENT,train,SCRIPTED:OP3,0,2,3,-1,19,0.23999999463558197,1,0,1,11.0,11.98090242084704,-1.2000000476837158,-0.5,0.003438100218772888,0.019999999552965164,-1.0,-100.0,-0.019999999552965164,-0.5399094820022583
494,9288,0,1161,2,OP3,FIXED_OPPONENT,train,SCRIPTED:OP3,1,3,2,1,19,0.19999998807907104,1,0,4,12.0,9.447079307154604,1.5,0.4000000059604645,-0.002896316349506378,0.029999999329447746,1.0,100.0,-0.019999999552965164,0.5652275085449219
495,9296,0,1162,3,OP3,FIXED_OPPONENT,train,SCRIPTED:OP3,0,2,3,-1,19,0.1599999964237213,1,0,4,12.0,9.93388527318051,-1.2000000476837158,0.0,0.008727312088012695,0.0,0.0,0.0,0.0,-0.26037582755088806
496,9320,0,1165,0,OP3,FIXED_OPPONENT,train,SCRIPTED:OP3,0,2,3,-1,16,0.1599999964237213,1,0,0,12.0,11.814343452453613,-1.2000000476837158,-0.5,0.0014275908470153809,0.019999999552965164,-1.0,-100.0,0.0,-0.5367785096168518
497,9328,0,1166,0,OP3,FIXED_OPPONENT,train,SCRIPTED:OP3,1,3,2,1,18,0.3199999928474426,1,0,0,11.0,10.407254536946615,1.5,0.0,-0.003414943814277649,0.0,0.0,0.0,-0.019999999552965164,0.31746742129325867
498,9400,0,1175,2,OP3,FIXED_OPPONENT,train,SCRIPTED:OP3,0,3,3,0,18,0.3199999928474426,1,0,2,11.0,11.202321370442709,-0.699999988079071,0.0,-0.004270002245903015,0.0,0.0,0.0,0.0,-0.15438701212406158
499,9416,0,1177,2,OP3,FIXED_OPPONENT,train,SCRIPTED:OP3,0,3,3,0,19,0.23999999463558197,1,0,2,12.0,10.114403172543174,-0.699999988079071,0.0,-0.005483880639076233,0.0,0.0,0.0,-0.019999999552965164,-0.15874353051185608
500,9424,0,1178,0,OP3,FIXED_OPPONENT,train,SCRIPTED:OP3,0,2,3,-1,17,0.23999999463558197,1,0,3,11.0,10.521376665900736,-1.2000000476837158,0.5,0.007280945777893066,0.0,1.0,100.0,0.0,0.06669693440198898
501,9424,0,1178,1,OP3,FIXED_OPPONENT,train,SCRIPTED:OP3,1,3,1,2,17,0.23999999463558197,1,0,0,12.0,11.190910788143382,1.5,0.5,-0.023398980498313904,0.014999999664723873,1.0,100.0,-0.019999999552965164,0.5797412991523743
502,9424,0,1178,1,OP3,FIXED_OPPONENT,train,SCRIPTED:OP3,1,3,2,1,19,0.19999998807907104,1,0,4,13.0,11.833117033305921,1.5,0.5,-0.03734762966632843,0.029999999329447746,1.0,100.0,0.0,0.5826966762542725
503,9440,0,1180,0,OP3,FIXED_OPPONENT,train,SCRIPTED:OP3,1,3,2,1,18,0.23999999463558197,1,0,2,11.0,10.143714057074654,1.5,0.5,-0.0187477245926857,0.029999999329447746,1.0,100.0,0.0,0.5829150676727295
504,9464,0,1183,3,OP3,FIXED_OPPONENT,train,SCRIPTED:OP3,1,3,2,1,17,0.23999999463558197,1,0,0,12.0,10.463210161994486,1.5,0.4000000059604645,-0.008270621299743652,0.014999999664723873,1.0,100.0,0.0,0.5679991245269775
505,9472,0,1184,0,OP3,FIXED_OPPONENT,train,SCRIPTED:OP3,1,3,2,1,19,0.19999998807907104,1,0,5,12.0,10.87055085834704,1.5,1.0,-0.009907074272632599,0.029999999329447746,2.0,200.0,0.0,0.7617441415786743
506,9560,0,1195,2,OP3,FIXED_OPPONENT,train,SCRIPTED:OP3,1,3,2,1,17,0.3199999928474426,1,0,0,11.0,11.00889228372013,1.5,0.4000000059604645,-0.00041222572326660156,0.014999999664723873,1.0,100.0,0.0,0.5680937767028809
507,9568,0,1196,3,OP3,FIXED_OPPONENT,train,SCRIPTED:OP3,0,2,3,-1,18,0.23999999463558197,1,0,1,11.0,11.20823499891493,-1.2000000476837158,-0.4000000059604645,-0.010376378893852234,0.0,-1.0,-100.0,0.0,-0.5211827158927917
508,9568,0,1196,0,OP3,FIXED_OPPONENT,train,SCRIPTED:OP3,0,2,3,-1,21,0.35999998450279236,1,0,4,11.0,9.487577892485119,-1.2000000476837158,-0.5,0.002177029848098755,0.0,-1.0,-100.0,-0.019999999552965164,-0.5401771068572998
509,9568,0,1196,1,OP3,FIXED_OPPONENT,train,SCRIPTED:OP3,1,3,2,1,19,0.2800000011920929,1,0,1,12.0,11.808285361842104,1.5,0.5,-0.03024432063102722,0.029999999329447746,1.0,100.0,0.0,0.582780122756958
510,9576,0,1197,2,OP3,FIXED_OPPONENT,train,SCRIPTED:OP3,1,3,2,1,19,0.23999999463558197,1,0,1,13.0,9.171112863641037,1.5,0.0,-0.009344696998596191,0.0,0.0,0.0,0.0,0.32136374711990356
511,9576,0,1197,3,OP3,FIXED_OPPONENT,train,SCRIPTED:OP3,1,3,1,2,17,0.2800000011920929,1,0,3,11.0,11.006588206571692,1.5,0.5,-0.007436588406562805,0.014999999664723873,1.0,100.0,0.0,0.5828717350959778
512,9608,0,1201,0,OP3,FIXED_OPPONENT,train,SCRIPTED:OP3,0,2,3,-1,18,0.23999999463558197,1,0,2,11.0,10.250755310058594,-1.2000000476837158,-0.5,0.005458533763885498,0.019999999552965164,-1.0,-100.0,0.0,-0.5367274880409241
513,9616,0,1202,0,OP3,FIXED_OPPONENT,train,SCRIPTED:OP3,1,3,2,1,18,0.19999998807907104,1,0,8,12.0,9.198314242892796,1.5,0.5,-0.03875555098056793,0.029999999329447746,1.0,100.0,0.0,0.5826801061630249
514,9704,0,1213,3,OP3,FIXED_OPPONENT,train,SCRIPTED:OP3,1,3,2,1,18,0.3199999928474426,1,0,4,11.0,10.358096652560764,1.5,0.4000000059604645,0.0075293779373168945,0.014999999664723873,1.0,100.0,-0.019999999552965164,0.5651721954345703
515,9712,0,1214,3,OP3,FIXED_OPPONENT,train,SCRIPTED:OP3,0,2,3,-1,18,0.2800000011920929,1,0,1,11.0,11.111307779947916,-1.2000000476837158,-0.5,0.0035856515169143677,0.019999999552965164,-1.0,-100.0,-0.019999999552965164,-0.539907693862915
516,9720,0,1215,0,OP3,FIXED_OPPONENT,train,SCRIPTED:OP3,0,2,3,-1,19,0.11999999731779099,1,0,0,12.0,12.648827000668174,-1.2000000476837158,-0.5,-0.006460294127464294,0.019999999552965164,-1.0,-100.0,-0.019999999552965164,-0.5400340557098389
517,9720,0,1215,0,OP3,FIXED_OPPONENT,train,SCRIPTED:OP3,1,3,2,1,19,0.19999998807907104,1,0,5,12.0,9.624472367136102,1.5,0.5,-0.015784509479999542,0.029999999329447746,1.0,100.0,-0.03999999910593033,0.5770512819290161
518,9736,0,1217,3,OP3,FIXED_OPPONENT,train,SCRIPTED:OP3,0,3,3,0,20,0.23999999463558197,1,0,2,13.0,9.332916259765625,-0.699999988079071,0.0,0.0013251304626464844,0.0,0.0,0.0,-0.019999999552965164,-0.1586255431175232
519,9744,0,1218,2,OP3,FIXED_OPPONENT,train,SCRIPTED:OP3,1,3,2,1,17,0.23999999463558197,1,0,4,11.0,10.592392865349264,1.5,0.5,0.0190839022397995,0.014999999664723873,1.0,100.0,0.0,0.5831829309463501
520,9744,0,1218,3,OP3,FIXED_OPPONENT,train,SCRIPTED:OP3,1,3,2,1,21,0.3199999928474426,1,0,2,14.0,9.444955008370536,1.5,0.5,-0.01914133131504059,0.014999999664723873,1.0,100.0,0.0,0.5827342867851257
521,9760,0,1220,1,OP3,FIXED_OPPONENT,train,SCRIPTED:OP3,0,2,3,-1,18,0.23999999463558197,0,1,2,11.0,11.112437778049046,-1.2000000476837158,0.5,0.002240106463432312,0.0,1.0,100.0,0.0,0.06660772114992142
522,9840,0,1230,1,OP3,FIXED_OPPONENT,train,SCRIPTED:OP3,1,3,2,1,16,0.23999999463558197,1,0,0,12.0,10.942679405212402,1.5,0.5,-0.01429884135723114,0.029999999329447746,1.0,100.0,-0.03999999910593033,0.5770688056945801
523,9856,0,1232,3,OP3,FIXED_OPPONENT,train,SCRIPTED:OP3,1,3,2,1,19,0.23999999463558197,1,0,4,12.0,11.459095201994243,1.5,1.0,-0.02022913098335266,0.029999999329447746,2.0,200.0,-0.019999999552965164,0.7597947120666504
524,9864,0,1233,0,OP3,FIXED_OPPONENT,train,SCRIPTED:OP3,0,2,3,-1,18,0.23999999463558197,1,0,4,11.0,9.130436367458767,-1.2000000476837158,-0.4000000059604645,0.0021178871393203735,0.019999999552965164,-1.0,-100.0,0.0,-0.5207618474960327
525,9872,0,1234,0,OP3,FIXED_OPPONENT,train,SCRIPTED:OP3,0,2,3,-1,19,0.23999999463558197,1,0,2,12.0,10.457488210577713,-1.2000000476837158,-0.5,0.0016819685697555542,0.0,-1.0,-100.0,0.0,-0.5370283722877502
526,9880,0,1235,3,OP3,FIXED_OPPONENT,train,SCRIPTED:OP3,1,3,2,1,18,0.3999999761581421,1,0,0,11.0,10.891814337836372,1.5,0.5,-0.01890455186367035,0.029999999329447746,1.0,100.0,0.0,0.5829132199287415
527,9896,0,1237,3,OP3,FIXED_OPPONENT,train,SCRIPTED:OP3,0,3,3,0,19,0.23999999463558197,0,1,9,12.0,9.066980462325247,-0.699999988079071,0.0,-0.0067284852266311646,0.0,0.0,0.0,0.0,-0.15442967414855957
528,9904,0,1238,3,OP3,FIXED_OPPONENT,train,SCRIPTED:OP3,1,3,2,1,20,0.23999999463558197,1,0,3,12.0,9.668444061279297,1.5,0.5,-0.03411397337913513,0.014999999664723873,1.0,100.0,0.0,0.5825584530830383
529,9904,0,1238,0,OP3,FIXED_OPPONENT,train,SCRIPTED:OP3,1,3,2,1,18,0.19999998807907104,1,0,6,11.0,10.923921373155382,1.5,1.0,-0.013803541660308838,0.029999999329447746,2.0,200.0,0.0,0.7617151141166687
530,9984,0,1248,0,OP3,FIXED_OPPONENT,train,SCRIPTED:OP3,0,2,3,-1,18,0.19999998807907104,1,0,6,11.0,10.788232591417101,-1.2000000476837158,-0.5,-0.0025435537099838257,0.019999999552965164,-1.0,-100.0,0.0,-0.5368288159370422
531,10000,0,1250,2,OP3,FIXED_OPPONENT,train,SCRIPTED:OP3,0,2,3,-1,17,0.19999998807907104,1,0,0,11.0,12.009032305549173,-1.2000000476837158,-0.5,0.015292227268218994,0.019999999552965164,-1.0,-100.0,0.0,-0.5366030335426331
532,10024,0,1253,3,OP3,FIXED_OPPONENT,train,SCRIPTED:OP3,1,3,2,1,19,0.3199999928474426,1,0,0,12.0,9.377537777549342,1.5,0.0,-0.01024414598941803,0.0,0.0,0.0,0.0,0.3213494122028351
533,10024,0,1253,2,OP3,FIXED_OPPONENT,train,SCRIPTED:OP3,0,2,3,-1,21,0.19999998807907104,1,0,5,13.0,10.93702625093006,-1.2000000476837158,0.0,0.006107881665229797,0.019999999552965164,0.0,0.0,0.0,-0.2600877583026886
534,10032,0,1254,2,OP3,FIXED_OPPONENT,train,SCRIPTED:OP3,1,3,1,2,16,0.23999999463558197,1,0,2,12.0,10.148595809936523,1.5,0.4000000059604645,0.0010528415441513062,0.014999999664723873,1.0,100.0,-0.019999999552965164,0.5650938153266907
535,10032,0,1254,0,OP3,FIXED_OPPONENT,train,SCRIPTED:OP3,1,3,2,1,19,0.19999998807907104,1,0,3,12.0,10.15582275390625,1.5,0.0,-0.009893625974655151,0.0,0.0,0.0,0.0,0.3213549852371216
536,10048,0,1256,1,OP3,FIXED_OPPONENT,train,SCRIPTED:OP3,1,3,2,1,18,0.2800000011920929,1,0,1,11.0,11.60817125108507,1.5,0.4000000059604645,-0.010284706950187683,0.029999999329447746,1.0,100.0,0.0,0.5681555271148682
537,10048,0,1256,1,OP3,FIXED_OPPONENT,train,SCRIPTED:OP3,1,3,2,1,19,0.1599999964237213,1,0,3,12.0,10.755910773026315,1.5,0.5,-0.019090205430984497,0.029999999329447746,1.0,100.0,0.0,0.5829110145568848
538,10128,0,1266,3,OP3,FIXED_OPPONENT,train,SCRIPTED:OP3,1,3,2,1,18,0.1599999964237213,1,0,0,11.0,10.290667215983072,1.5,0.4000000059604645,0.004980906844139099,0.02499999850988388,1.0,100.0,0.0,0.5682791471481323
539,10144,0,1268,3,OP3,FIXED_OPPONENT,train,SCRIPTED:OP3,0,3,3,0,18,0.1599999964237213,1,0,1,11.0,11.108890957302517,-0.699999988079071,0.0,-0.0076734572649002075,0.0,0.0,0.0,-0.019999999552965164,-0.158781498670578
540,10176,0,1272,3,OP3,FIXED_OPPONENT,train,SCRIPTED:OP3,1,3,2,1,19,0.1599999964237213,1,0,0,12.0,11.373456453022204,1.5,0.5,0.005883142352104187,0.029999999329447746,1.0,100.0,-0.019999999552965164,0.5802637338638306
541,10176,0,1272,2,OP3,FIXED_OPPONENT,train,SCRIPTED:OP3,1,3,2,1,19,0.2800000011920929,1,0,6,15.0,10.319826628032484,1.5,0.5,0.010047078132629395,0.029999999329447746,1.0,100.0,0.0,0.5832529067993164
542,10184,0,1273,0,OP3,FIXED_OPPONENT,train,SCRIPTED:OP3,0,3,3,0,19,0.23999999463558197,1,0,5,12.0,10.00435357344778,-0.699999988079071,0.0,-0.0025830119848251343,0.0,0.0,0.0,0.0,-0.15435773134231567
543,10192,0,1274,0,OP3,FIXED_OPPONENT,train,SCRIPTED:OP3,0,2,3,-1,20,0.23999999463558197,1,0,4,14.0,11.17548828125,-1.2000000476837158,-0.4000000059604645,-0.008426189422607422,0.019999999552965164,-1.0,-100.0,-0.019999999552965164,-0.5241294503211975
544,10192,0,1274,3,OP3,FIXED_OPPONENT,train,SCRIPTED:OP3,1,3,2,1,18,0.11999999731779099,1,0,4,12.0,11.106438530815971,1.5,0.5,-0.023281298577785492,0.029999999329447746,1.0,100.0,0.0,0.5828617811203003
545,10200,0,1275,1,OP3,FIXED_OPPONENT,train,SCRIPTED:OP3,1,3,2,1,19,0.3199999928474426,1,0,1,11.0,10.045643053556743,1.5,0.5,-0.03289470076560974,0.014999999664723873,1.0,100.0,-0.019999999552965164,0.5796291828155518
546,10272,0,1284,0,OP3,FIXED_OPPONENT,train,SCRIPTED:OP3,1,3,2,1,18,0.3199999928474426,1,0,1,11.0,11.08833736843533,1.5,0.0,-0.009747281670570374,0.0,0.0,0.0,0.0,0.3213573396205902
547,10280,0,1285,0,OP3,FIXED_OPPONENT,train,SCRIPTED:OP3,1,3,2,1,17,0.19999998807907104,1,0,1,11.0,11.952643899356618,1.5,0.0,-0.0016502365469932556,0.0,0.0,0.0,0.0,0.3214864134788513
548,10320,0,1290,2,OP3,FIXED_OPPONENT,train,SCRIPTED:OP3,1,3,2,1,17,0.3199999928474426,1,0,1,11.0,10.50087693158318,1.5,0.5,-0.03472554683685303,0.014999999664723873,1.0,100.0,0.0,0.5825513005256653
549,10320,0,1290,0,OP3,FIXED_OPPONENT,train,SCRIPTED:OP3,0,3,3,0,18,0.19999998807907104,1,0,0,12.0,11.638920254177517,-0.699999988079071,0.0,-0.010110236704349518,0.0,0.0,0.0,0.0,-0.15448835492134094
550,10328,0,1291,0,OP3,FIXED_OPPONENT,train,SCRIPTED:OP3,1,3,2,1,16,0.07999999821186066,1,0,0,11.0,12.632028579711914,1.5,0.0,-0.007119707763195038,0.0,0.0,0.0,-0.019999999552965164,0.3174082040786743
551,10328,0,1291,0,OP3,FIXED_OPPONENT,train,SCRIPTED:OP3,1,3,2,1,19,0.1599999964237213,1,0,1,12.0,10.607295789216694,1.5,0.5,-0.012311592698097229,0.014999999664723873,1.0,100.0,0.0,0.5828145146369934
552,10336,0,1292,2,OP3,FIXED_OPPONENT,train,SCRIPTED:OP3,1,3,2,1,18,0.35999998450279236,1,0,3,11.0,10.758887396918404,1.5,0.4000000059604645,-0.00035241246223449707,0.014999999664723873,1.0,100.0,-0.019999999552965164,0.5650768280029297
553,10344,0,1293,3,OP3,FIXED_OPPONENT,train,SCRIPTED:OP3,0,2,3,-1,19,0.23999999463558197,1,0,1,12.0,10.697673596833882,-1.2000000476837158,-0.5,0.007333427667617798,0.019999999552965164,-1.0,-100.0,0.0,-0.5367038249969482
554,10416,0,1302,1,OP3,FIXED_OPPONENT,train,SCRIPTED:OP3,0,3,3,0,18,0.1599999964237213,1,0,2,11.0,10.783356560601128,-0.699999988079071,0.0,0.006784573197364807,0.0,0.0,0.0,0.0,-0.1541951596736908
555,10432,0,1304,3,OP3,FIXED_OPPONENT,train,SCRIPTED:OP3,0,2,3,-1,19,0.23999999463558197,1,0,1,12.0,10.824512682462993,-1.2000000476837158,-0.5,-0.0005630701780319214,0.019999999552965164,-1.0,-100.0,0.0,-0.5368037223815918
556,10480,0,1310,1,OP3,FIXED_OPPONENT,train,SCRIPTED:OP3,1,3,2,1,18,0.23999999463558197,1,0,0,11.0,9.858723958333334,1.5,0.5,-0.008503079414367676,0.014999999664723873,1.0,100.0,0.0,0.5828591585159302
557,10480,0,1310,1,OP3,FIXED_OPPONENT,train,SCRIPTED:OP3,1,3,2,1,19,0.1599999964237213,1,0,3,12.0,10.767433568050986,1.5,0.4000000059604645,0.003651946783065796,0.029999999329447746,1.0,100.0,0.0,0.5683232545852661
558,10480,0,1310,3,OP3,FIXED_OPPONENT,train,SCRIPTED:OP3,1,3,2,1,20,0.1599999964237213,1,0,0,13.0,11.801606750488281,1.5,0.5,-0.011051654815673828,0.029999999329447746,1.0,100.0,0.0,0.5830053091049194
559,10480,0,1310,0,OP3,FIXED_OPPONENT,train,SCRIPTED:OP3,0,2,3,-1,19,0.19999998807907104,1,0,0,11.0,10.680554841694079,-1.2000000476837158,-0.5,-0.007354468107223511,0.0,-1.0,-100.0,0.0,-0.5371426343917847
560,10488,0,1311,1,OP3,FIXED_OPPONENT,train,SCRIPTED:OP3,0,2,3,-1,18,0.2800000011920929,1,0,3,13.0,9.47906239827474,-1.2000000476837158,-0.5,-0.005957663059234619,0.0,-1.0,-100.0,0.0,-0.5371249914169312
561,10488,0,1311,1,OP3,FIXED_OPPONENT,train,SCRIPTED:OP3,0,3,3,0,21,0.3199999928474426,1,0,4,14.0,10.274515787760416,-0.699999988079071,0.0,-0.009499728679656982,0.0,0.0,0.0,0.0,-0.15447776019573212
562,10576,0,1322,2,OP3,FIXED_OPPONENT,train,SCRIPTED:OP3,1,3,2,1,20,0.19999998807907104,1,0,3,13.0,9.770411682128906,1.5,0.5,-0.01816388964653015,0.029999999329447746,1.0,100.0,-0.019999999552965164,0.5799800157546997
563,10592,0,1324,2,OP3,FIXED_OPPONENT,train,SCRIPTED:OP3,0,2,3,-1,20,0.4399999976158142,1,0,1,12.0,9.409407806396484,-1.2000000476837158,-0.5,0.016126573085784912,0.0,-1.0,-100.0,-0.019999999552965164,-0.5400015115737915
564,10624,0,1328,3,OP3,FIXED_OPPONENT,train,SCRIPTED:OP3,0,2,3,-1,18,0.19999998807907104,1,0,2,11.0,11.158650716145834,-1.2000000476837158,-0.4000000059604645,0.002006441354751587,0.019999999552965164,-1.0,-100.0,-0.019999999552965164,-0.5239949226379395
565,10632,0,1329,3,OP3,FIXED_OPPONENT,train,SCRIPTED:OP3,1,3,2,1,18,0.19999998807907104,1,0,1,11.0,11.942651536729601,1.5,0.0,-0.01017029583454132,0.0,0.0,0.0,0.0,0.3213505744934082
566,10632,0,1329,3,OP3,FIXED_OPPONENT,train,SCRIPTED:OP3,0,2,3,-1,19,0.23999999463558197,1,0,3,13.0,10.458331459446958,-1.2000000476837158,-0.5,0.008495956659317017,0.0,-1.0,-100.0,0.0,-0.536942183971405
567,10632,0,1329,1,OP3,FIXED_OPPONENT,train,SCRIPTED:OP3,1,3,2,1,19,0.2800000011920929,1,0,6,12.0,9.055871260793586,1.5,0.4000000059604645,-0.010212495923042297,0.029999999329447746,1.0,100.0,-0.019999999552965164,0.5651389956474304
568,10640,0,1330,3,OP3,FIXED_OPPONENT,train,SCRIPTED:OP3,0,2,3,-1,19,0.3199999928474426,1,0,1,12.0,10.761472200092516,-1.2000000476837158,-0.5,-0.013006314635276794,0.0,-1.0,-100.0,0.0,-0.5372140407562256
569,10648,0,1331,1,OP3,FIXED_OPPONENT,train,SCRIPTED:OP3,0,2,3,-1,21,0.35999998450279236,1,0,6,15.0,10.146730695452009,-1.2000000476837158,-0.5,-0.007649555802345276,0.0,-1.0,-100.0,0.0,-0.5371463298797607
570,10704,0,1338,2,OP3,FIXED_OPPONENT,train,SCRIPTED:OP3,1,3,1,2,16,0.19999998807907104,1,0,5,11.0,9.601078987121582,1.5,0.4000000059604645,-0.010272681713104248,0.029999999329447746,1.0,100.0,-0.019999999552965164,0.5651382803916931
571,10744,0,1343,1,OP3,FIXED_OPPONENT,train,SCRIPTED:OP3,1,3,2,1,19,0.1599999964237213,1,0,5,12.0,10.994356657329359,1.5,0.5,-0.027909040451049805,0.029999999329447746,1.0,100.0,0.0,0.5828075408935547
572,10784,0,1348,0,OP3,FIXED_OPPONENT,train,SCRIPTED:OP3,1,3,2,1,19,0.11999999731779099,1,0,1,12.0,12.132891203227796,1.5,0.5,-0.011554576456546783,0.029999999329447746,1.0,100.0,0.0,0.5829994082450867
573,10784,0,1348,3,OP3,FIXED_OPPONENT,train,SCRIPTED:OP3,1,3,2,1,19,0.19999998807907104,1,0,1,13.0,11.72465595446135,1.5,0.5,0.0032558441162109375,0.029999999329447746,1.0,100.0,0.0,0.5831732153892517
574,10784,0,1348,1,OP3,FIXED_OPPONENT,train,SCRIPTED:OP3,0,3,3,0,19,0.19999998807907104,1,0,0,12.0,10.871627807617188,-0.699999988079071,0.0,0.006685405969619751,0.0,0.0,0.0,-0.019999999552965164,-0.15853264927864075
575,10792,0,1349,0,OP3,FIXED_OPPONENT,train,SCRIPTED:OP3,1,3,2,1,18,0.1599999964237213,1,0,0,11.0,11.559691535101997,1.5,0.699999988079071,0.02402310073375702,0.029999999329447746,1.0,100.0,0.0,0.6119742393493652
576,10792,0,1349,3,OP3,FIXED_OPPONENT,train,SCRIPTED:OP3,0,3,3,0,19,0.23999999463558197,1,0,8,11.0,8.73149992290296,-0.699999988079071,0.0,-0.007496334612369537,0.0,0.0,0.0,0.0,-0.15444299578666687
577,10800,0,1350,1,OP3,FIXED_OPPONENT,train,SCRIPTED:OP3,0,3,3,0,22,0.23999999463558197,1,0,3,13.0,10.11762792413885,-0.699999988079071,0.0,-0.007757991552352905,0.0,0.0,0.0,0.0,-0.154447540640831
578,10848,0,1356,2,OP3,FIXED_OPPONENT,train,SCRIPTED:OP3,1,3,2,1,18,0.2800000011920929,1,0,3,11.0,10.600828382703993,1.5,0.0,-0.008021280169487,0.0,0.0,0.0,0.0,0.32138484716415405
579,10888,0,1361,3,OP3,FIXED_OPPONENT,train,SCRIPTED:OP3,0,2,3,-1,18,0.23999999463558197,1,0,2,11.0,10.806285434299046,-1.2000000476837158,-0.5,0.010910987854003906,0.0,-1.0,-100.0,0.0,-0.5369116067886353
580,10928,0,1366,3,OP3,FIXED_OPPONENT,train,SCRIPTED:OP3,1,3,2,1,18,0.23999999463558197,1,0,4,11.0,9.843074374728733,1.5,0.5,-0.0004689842462539673,0.029999999329447746,1.0,100.0,-0.019999999552965164,0.5801887512207031
581,10936,0,1367,0,OP3,FIXED_OPPONENT,train,SCRIPTED:OP3,0,2,3,-1,19,0.23999999463558197,1,0,13,12.0,9.134086207339639,-1.2000000476837158,-0.5,-0.002179160714149475,0.019999999552965164,-1.0,-100.0,0.0,-0.5368241667747498
582,10944,0,1368,1,OP3,FIXED_OPPONENT,train,SCRIPTED:OP3,1,3,2,1,19,0.23999999463558197,1,0,3,12.0,10.039610210217928,1.5,1.0,-0.018540531396865845,0.029999999329447746,2.0,200.0,0.0,0.7616797089576721
583,10952,0,1369,0,OP3,FIXED_OPPONENT,train,SCRIPTED:OP3,0,3,3,0,19,0.19999998807907104,1,0,0,12.0,13.616228605571546,-0.699999988079071,0.0,0.0045946091413497925,0.0,0.0,0.0,0.0,-0.1542331576347351
584,10952,0,1369,2,OP3,FIXED_OPPONENT,train,SCRIPTED:OP3,0,2,3,-1,20,0.3199999928474426,1,0,9,11.0,9.982283020019532,-1.2000000476837158,-0.5,0.003712475299835205,0.019999999552965164,-1.0,-100.0,-0.03999999910593033,-0.543047308921814
585,10960,0,1370,1,OP3,FIXED_OPPONENT,train,SCRIPTED:OP3,0,3,3,0,22,0.4399999976158142,1,0,6,12.0,10.28790213844993,-0.699999988079071,0.0,-0.009503915905952454,0.0,0.0,0.0,-0.019999999552965164,-0.1588132232427597
586,11000,0,1375,2,OP3,FIXED_OPPONENT,train,SCRIPTED:OP3,0,2,3,-1,19,0.19999998807907104,1,0,7,12.0,10.179764597039474,-1.2000000476837158,-0.5,-0.00751398503780365,0.019999999552965164,-1.0,-100.0,-0.019999999552965164,-0.5400474071502686
587,11064,0,1383,0,OP3,FIXED_OPPONENT,train,SCRIPTED:OP3,0,3,3,0,22,0.35999998450279236,1,0,2,11.0,9.71924521706321,-0.699999988079071,0.0,-0.008510604500770569,0.0,0.0,0.0,0.0,-0.1544605940580368
588,11072,0,1384,3,OP3,FIXED_OPPONENT,train,SCRIPTED:OP3,1,3,2,1,17,0.23999999463558197,1,0,0,11.0,10.346650067497702,1.5,0.5,0.01997007429599762,0.029999999329447746,1.0,100.0,0.0,0.583369255065918
589,11088,0,1386,3,OP3,FIXED_OPPONENT,train,SCRIPTED:OP3,0,2,3,-1,18,0.11999999731779099,1,0,5,11.0,10.52670627170139,-1.2000000476837158,0.0,-0.0017946287989616394,0.0,0.0,0.0,0.0,-0.2605501711368561
590,11096,0,1387,3,OP3,FIXED_OPPONENT,train,SCRIPTED:OP3,1,3,2,1,18,0.1599999964237213,1,0,2,11.0,9.497056749131945,1.5,0.5,-0.004418358206748962,0.029999999329447746,1.0,100.0,0.0,0.5830831527709961
591,11096,0,1387,1,OP3,FIXED_OPPONENT,train,SCRIPTED:OP3,1,3,2,1,21,0.23999999463558197,1,0,4,14.0,10.809623354957218,1.5,0.5,-0.010377049446105957,0.029999999329447746,1.0,100.0,-0.019999999552965164,0.5800719261169434
592,11104,0,1388,0,OP3,FIXED_OPPONENT,train,SCRIPTED:OP3,0,3,3,0,19,0.1599999964237213,1,0,1,11.0,11.333663940429688,-0.699999988079071,0.0,0.007569730281829834,0.0,0.0,0.0,0.0,-0.15418152511119843
593,11112,0,1389,0,OP3,FIXED_OPPONENT,train,SCRIPTED:OP3,1,3,2,1,19,0.23999999463558197,1,0,5,12.0,9.944434718081826,1.5,0.4000000059604645,-0.005891889333724976,0.029999999329447746,1.0,100.0,0.0,0.5682083964347839
594,11144,0,1393,2,OP3,FIXED_OPPONENT,train,SCRIPTED:OP3,0,2,3,-1,18,0.23999999463558197,1,0,0,11.0,10.775619506835938,-1.2000000476837158,-0.5,0.0030968785285949707,0.019999999552965164,-1.0,-100.0,0.0,-0.5367574095726013
595,11200,0,1400,3,OP3,FIXED_OPPONENT,train,SCRIPTED:OP3,1,3,2,1,17,0.1599999964237213,1,0,2,11.0,10.677148257984834,1.5,0.5,-0.0311175137758255,0.029999999329447746,1.0,100.0,-0.019999999552965164,0.5798271894454956
596,11216,0,1402,3,OP3,FIXED_OPPONENT,train,SCRIPTED:OP3,0,2,3,-1,18,0.19999998807907104,1,0,0,11.0,11.10147433810764,-1.2000000476837158,-0.5,-0.00650806725025177,0.019999999552965164,-1.0,-100.0,-0.03999999910593033,-0.543175458908081
597,11240,0,1405,2,OP3,FIXED_OPPONENT,train,SCRIPTED:OP3,0,2,3,-1,18,0.3199999928474426,1,0,3,11.0,10.20979732937283,-1.2000000476837158,-0.4000000059604645,0.008362263441085815,0.0,-1.0,-100.0,0.0,-0.5209400653839111
598,11240,0,1405,3,OP3,FIXED_OPPONENT,train,SCRIPTED:OP3,1,3,2,1,17,0.23999999463558197,1,0,4,11.0,10.467462876263786,1.5,0.5,0.00015295296907424927,0.029999999329447746,1.0,100.0,0.0,0.5831368565559387
599,11248,0,1406,1,OP3,FIXED_OPPONENT,train,SCRIPTED:OP3,0,2,3,-1,17,0.2800000011920929,1,0,1,11.0,11.047607421875,-1.2000000476837158,-0.4000000059604645,-0.004446893930435181,0.0,-1.0,-100.0,0.0,-0.521105945110321
600,11248,0,1406,3,OP3,FIXED_OPPONENT,train,SCRIPTED:OP3,0,3,3,0,19,0.3199999928474426,1,0,2,12.0,10.443314401726974,-0.699999988079071,0.0,-0.010436803102493286,0.0,0.0,0.0,0.0,-0.1544940173625946
601,11248,0,1406,2,OP3,FIXED_OPPONENT,train,SCRIPTED:OP3,1,3,2,1,20,0.3199999928474426,1,0,1,13.0,10.479045104980468,1.5,0.5,-0.0020290762186050415,0.029999999329447746,1.0,100.0,-0.03999999910593033,0.5772143602371216
602,11280,0,1410,1,OP3,FIXED_OPPONENT,train,SCRIPTED:OP3,0,2,3,-1,17,0.1599999964237213,1,0,0,11.0,10.267749561982995,-1.2000000476837158,-0.5,-0.0003120154142379761,0.019999999552965164,-1.0,-100.0,0.0,-0.5368005633354187
603,11352,0,1419,0,OP3,FIXED_OPPONENT,train,SCRIPTED:OP3,0,2,3,-1,19,0.11999999731779099,1,0,3,12.0,11.320941322728208,-1.2000000476837158,-0.4000000059604645,-0.010678112506866455,0.019999999552965164,-1.0,-100.0,0.0,-0.5209276080131531
604,11368,0,1421,0,OP3,FIXED_OPPONENT,train,SCRIPTED:OP3,1,3,2,1,19,0.3199999928474426,1,0,0,12.0,9.601655658922697,1.5,0.5,-0.03915983438491821,0.029999999329447746,1.0,100.0,-0.019999999552965164,0.5797322988510132
605,11368,0,1421,3,OP3,FIXED_OPPONENT,train,SCRIPTED:OP3,0,2,3,-1,16,0.23999999463558197,1,0,0,11.0,12.6925048828125,-1.2000000476837158,-0.5,0.006173059344291687,0.019999999552965164,-1.0,-100.0,0.0,-0.536718487739563
606,11392,0,1424,2,OP3,FIXED_OPPONENT,train,SCRIPTED:OP3,0,3,3,0,18,0.3199999928474426,1,0,3,11.0,9.714330885145399,-0.699999988079071,0.0,0.0013815909624099731,0.0,0.0,0.0,0.0,-0.15428893268108368
607,11400,0,1425,2,OP3,FIXED_OPPONENT,train,SCRIPTED:OP3,0,2,3,-1,20,0.2800000011920929,1,0,4,12.0,9.847148895263672,-1.2000000476837158,-0.5,0.005757391452789307,0.0,-1.0,-100.0,0.0,-0.5369768142700195
608,11400,0,1425,1,OP3,FIXED_OPPONENT,train,SCRIPTED:OP3,0,2,3,-1,19,0.23999999463558197,1,0,0,12.0,11.408770109477796,-1.2000000476837158,-0.5,0.012327298521995544,0.019999999552965164,-1.0,-100.0,0.0,-0.5366405844688416
609,11416,0,1427,3,OP3,FIXED_OPPONENT,train,SCRIPTED:OP3,1,3,2,1,21,0.2800000011920929,1,0,4,14.0,10.554751441592263,1.5,0.5,-0.013695158064365387,0.029999999329447746,1.0,100.0,0.0,0.5829743146896362
610,11416,0,1427,1,OP3,FIXED_OPPONENT,train,SCRIPTED:OP3,0,2,3,-1,17,0.3199999928474426,1,0,1,12.0,9.789016723632812,-1.2000000476837158,-0.5,0.00424666702747345,0.0,-1.0,-100.0,-0.019999999552965164,-0.5401511192321777
611,11496,0,1437,2,OP3,FIXED_OPPONENT,train,SCRIPTED:OP3,1,3,1,2,18,0.2800000011920929,1,0,5,12.0,8.53272925482856,1.5,0.5,-0.016708359122276306,0.014999999664723873,1.0,100.0,0.0,0.5827628374099731
612,11512,0,1439,1,OP3,FIXED_OPPONENT,train,SCRIPTED:OP3,0,2,3,-1,18,0.3199999928474426,1,0,0,11.0,10.165779961480034,-1.2000000476837158,-0.5,-0.006856769323348999,0.0,-1.0,-100.0,-0.019999999552965164,-0.540290892124176
613,11520,0,1440,3,OP3,FIXED_OPPONENT,train,SCRIPTED:OP3,0,3,3,0,19,0.19999998807907104,1,0,1,11.0,10.52188431589227,-0.699999988079071,0.0,0.008217185735702515,0.0,0.0,0.0,0.0,-0.15417028963565826
614,11544,0,1443,1,OP3,FIXED_OPPONENT,train,SCRIPTED:OP3,0,3,3,0,19,0.23999999463558197,1,0,2,12.0,9.69675084164268,-0.699999988079071,0.0,-0.0025468915700912476,0.0,0.0,0.0,0.0,-0.15435710549354553
615,11552,0,1444,3,OP3,FIXED_OPPONENT,train,SCRIPTED:OP3,1,3,2,1,19,0.23999999463558197,1,0,2,12.0,9.217987060546875,1.5,0.5,0.0004729330539703369,0.029999999329447746,1.0,100.0,0.0,0.5831406116485596
616,11560,0,1445,2,OP3,FIXED_OPPONENT,train,SCRIPTED:OP3,1,3,2,1,18,0.23999999463558197,1,0,0,11.0,10.105237325032553,1.5,0.4000000059604645,0.007692933082580566,0.014999999664723873,1.0,100.0,0.0,0.568191409111023
617,11560,0,1445,3,OP3,FIXED_OPPONENT,train,SCRIPTED:OP3,0,2,3,-1,20,0.3999999761581421,1,0,4,14.0,8.837422943115234,-1.2000000476837158,-0.5,0.012036263942718506,0.019999999552965164,-1.0,-100.0,-0.019999999552965164,-0.5398011803627014
618,11560,0,1445,2,OP3,FIXED_OPPONENT,train,SCRIPTED:OP3,0,2,3,-1,18,0.3199999928474426,1,0,0,11.0,11.40010494656033,-1.2000000476837158,-0.4000000059604645,-0.01055784523487091,0.0,-1.0,-100.0,0.0,-0.5211851000785828
619,11640,0,1455,3,OP3,FIXED_OPPONENT,train,SCRIPTED:OP3,0,2,3,-1,18,0.1599999964237213,1,0,4,11.0,10.292936537000868,-1.2000000476837158,-0.5,0.0011927783489227295,0.019999999552965164,-1.0,-100.0,0.0,-0.5367814898490906
620,11672,0,1459,3,OP3,FIXED_OPPONENT,train,SCRIPTED:OP3,0,2,3,-1,20,0.23999999463558197,1,0,3,13.0,9.591271209716798,-1.2000000476837158,-0.5,-0.0018608123064041138,0.0,-1.0,-100.0,-0.019999999552965164,-0.5402280688285828
621,11688,0,1461,3,OP3,FIXED_OPPONENT,train,SCRIPTED:OP3,0,2,3,-1,18,0.19999998807907104,1,0,1,11.0,9.969889322916666,-1.2000000476837158,-0.5,0.009218886494636536,0.019999999552965164,-1.0,-100.0,-0.019999999552965164,-0.5398366451263428
622,11688,0,1461,0,OP3,FIXED_OPPONENT,train,SCRIPTED:OP3,0,2,3,-1,21,0.23999999463558197,1,0,3,14.0,11.002446492513021,-1.2000000476837158,0.0,-0.002234041690826416,0.019999999552965164,0.0,0.0,0.0,-0.2602260112762451
623,11696,0,1462,0,OP3,FIXED_OPPONENT,train,SCRIPTED:OP3,0,2,3,-1,18,0.11999999731779099,1,0,2,11.0,10.033321804470486,-1.2000000476837158,0.0,-9.390711784362793e-05,0.0,0.0,0.0,0.0,-0.2605220079421997
624,11704,0,1463,2,OP3,FIXED_OPPONENT,train,SCRIPTED:OP3,1,3,2,1,18,0.2800000011920929,1,0,3,11.0,9.884665595160591,1.5,0.4000000059604645,-0.004234611988067627,0.014999999664723873,1.0,100.0,0.0,0.568047821521759
625,11704,0,1463,1,OP3,FIXED_OPPONENT,train,SCRIPTED:OP3,1,3,2,1,18,0.2800000011920929,1,0,1,11.0,10.120729234483507,1.5,1.0,-0.014731653034687042,0.029999999329447746,2.0,200.0,0.0,0.76170814037323
626,11712,0,1464,2,OP3,FIXED_OPPONENT,train,SCRIPTED:OP3,0,1,3,-2,19,0.19999998807907104,1,0,1,12.0,12.65297417891653,-1.2000000476837158,-0.5,-0.0045849233865737915,0.019999999552965164,-1.0,-100.0,0.0,-0.53685462474823
627,11784,0,1473,1,OP3,FIXED_OPPONENT,train,SCRIPTED:OP3,0,2,3,-1,18,0.1599999964237213,1,0,2,12.0,9.419654846191406,-1.2000000476837158,0.0,-0.011683866381645203,0.019999999552965164,0.0,0.0,0.0,-0.26038262248039246
628,11816,0,1477,2,OP3,FIXED_OPPONENT,train,SCRIPTED:OP3,1,3,2,1,18,0.19999998807907104,1,0,0,11.0,10.879481845431858,1.5,0.5,-0.021132290363311768,0.029999999329447746,1.0,100.0,0.0,0.5828870534896851
629,11832,0,1479,1,OP3,FIXED_OPPONENT,train,SCRIPTED:OP3,1,3,2,1,18,0.35999998450279236,1,0,3,11.0,9.698447333441841,1.5,0.5,-0.019873932003974915,0.029999999329447746,1.0,100.0,0.0,0.5829018354415894
630,11848,0,1481,0,OP3,FIXED_OPPONENT,train,SCRIPTED:OP3,1,3,2,1,18,0.23999999463558197,1,0,4,11.0,10.105938381618923,1.5,0.4000000059604645,-0.0010052472352981567,0.029999999329447746,1.0,100.0,0.0,0.5682672262191772
631,11848,0,1481,3,OP3,FIXED_OPPONENT,train,SCRIPTED:OP3,1,3,2,1,17,0.23999999463558197,1,0,0,11.0,11.226626227883731,1.5,0.0,0.008101627230644226,0.0,0.0,0.0,0.0,0.32164186239242554
632,11848,0,1481,2,OP3,FIXED_OPPONENT,train,SCRIPTED:OP3,0,2,3,-1,18,0.3999999761581421,1,0,2,12.0,9.665960523817274,-1.2000000476837158,0.0,-0.010414794087409973,0.0,0.0,0.0,0.0,-0.2606930136680603
633,11856,0,1482,2,OP3,FIXED_OPPONENT,train,SCRIPTED:OP3,1,3,2,1,20,0.3999999761581421,1,0,4,12.0,9.703479766845703,1.5,0.5,-0.03192739188671112,0.029999999329447746,1.0,100.0,-0.019999999552965164,0.5798176527023315
634,11864,0,1483,0,OP3,FIXED_OPPONENT,train,SCRIPTED:OP3,1,3,2,1,22,0.23999999463558197,1,0,7,12.0,9.982812361283736,1.5,0.5,-0.010587573051452637,0.014999999664723873,1.0,100.0,-0.019999999552965164,0.5798924565315247
635,11928,0,1491,1,OP3,FIXED_OPPONENT,train,SCRIPTED:OP3,1,3,2,1,18,0.3199999928474426,1,0,2,11.0,9.938858032226562,1.5,0.5,-0.028268933296203613,0.029999999329447746,1.0,100.0,0.0,0.5828032493591309
636,11960,0,1495,0,OP3,FIXED_OPPONENT,train,SCRIPTED:OP3,0,2,3,-1,18,0.23999999463558197,1,0,0,11.0,10.717818366156685,-1.2000000476837158,-0.5,0.00983351469039917,0.0,-1.0,-100.0,-0.019999999552965164,-0.5400807857513428
637,11984,0,1498,0,OP3,FIXED_OPPONENT,train,SCRIPTED:OP3,1,3,1,2,19,0.3199999928474426,1,0,0,12.0,11.716629028320312,1.5,0.5,0.019490867853164673,0.02499999850988388,1.0,100.0,0.0,0.5833050012588501
638,11992,0,1499,3,OP3,FIXED_OPPONENT,train,SCRIPTED:OP3,0,2,3,-1,18,0.19999998807907104,1,0,0,11.0,12.80845726860894,-1.2000000476837158,-0.4000000059604645,0.00234125554561615,0.019999999552965164,-1.0,-100.0,0.0,-0.5207589268684387
639,12000,0,1500,3,OP3,FIXED_OPPONENT,train,SCRIPTED:OP3,1,3,1,2,18,0.3199999928474426,1,0,1,12.0,10.215266757541233,1.5,0.5,-0.0409950315952301,0.014999999664723873,1.0,100.0,-0.019999999552965164,0.579533576965332
640,12000,0,1500,2,OP3,FIXED_OPPONENT,train,SCRIPTED:OP3,1,3,2,1,19,0.23999999463558197,1,0,0,12.0,12.3026267603824,1.5,0.5,0.013863056898117065,0.029999999329447746,1.0,100.0,0.0,0.583297610282898
641,12008,0,1501,0,OP3,FIXED_OPPONENT,train,SCRIPTED:OP3,1,3,2,1,20,0.3999999761581421,1,0,6,11.0,9.250972747802734,1.5,0.5,-0.022431284189224243,0.014999999664723873,1.0,100.0,-0.019999999552965164,0.5797526836395264
642,12016,0,1502,2,OP3,FIXED_OPPONENT,train,SCRIPTED:OP3,0,2,3,-1,19,0.2800000011920929,1,0,4,12.0,9.47683314273232,-1.2000000476837158,-0.5,0.004792317748069763,0.0,-1.0,-100.0,-0.019999999552965164,-0.5401442050933838
643,12096,0,1512,0,OP3,FIXED_OPPONENT,train,SCRIPTED:OP3,0,2,3,-1,21,0.35999998450279236,1,0,4,14.0,10.279870169503349,-1.2000000476837158,-0.5,0.015160158276557922,0.019999999552965164,-1.0,-100.0,-0.019999999552965164,-0.5397617816925049
644,12104,0,1513,1,OP3,FIXED_OPPONENT,train,SCRIPTED:OP3,0,2,3,-1,18,0.1599999964237213,1,0,0,12.0,12.430864969889322,-1.2000000476837158,-0.5,-0.006633535027503967,0.0,-1.0,-100.0,0.0,-0.537133514881134
645,12136,0,1517,3,OP3,FIXED_OPPONENT,train,SCRIPTED:OP3,1,3,2,1,18,0.3199999928474426,1,0,3,11.0,10.052200317382812,1.5,1.0,-0.02822662889957428,0.029999999329447746,2.0,200.0,0.0,0.7616074085235596
646,12144,0,1518,2,OP3,FIXED_OPPONENT,train,SCRIPTED:OP3,1,3,2,1,20,0.1599999964237213,1,0,4,11.0,9.887872314453125,1.5,0.5,-0.03248049318790436,0.014999999664723873,1.0,100.0,-0.019999999552965164,0.5796340703964233
647,12152,0,1519,2,OP3,FIXED_OPPONENT,train,SCRIPTED:OP3,0,2,3,-1,18,0.3199999928474426,1,0,2,11.0,10.203241136338976,-1.2000000476837158,-0.5,0.006726473569869995,0.019999999552965164,-1.0,-100.0,0.0,-0.5367114543914795
648,12152,0,1519,3,OP3,FIXED_OPPONENT,train,SCRIPTED:OP3,0,2,3,-1,19,0.3199999928474426,1,0,1,11.0,9.279861450195312,-1.2000000476837158,-0.5,0.01489342749118805,0.0,-1.0,-100.0,-0.019999999552965164,-0.5400170087814331
649,12152,0,1519,3,OP3,FIXED_OPPONENT,train,SCRIPTED:OP3,1,3,2,1,19,0.3199999928474426,1,0,5,12.0,9.737445228978208,1.5,0.5,-0.019073039293289185,0.029999999329447746,1.0,100.0,0.0,0.5829111337661743
650,12176,0,1522,0,OP3,FIXED_OPPONENT,train,SCRIPTED:OP3,1,3,2,1,20,0.1599999964237213,1,0,2,13.0,11.074048614501953,1.5,0.5,0.018482670187950134,0.014999999664723873,1.0,100.0,-0.019999999552965164,0.5802353620529175
651,12240,0,1530,3,OP3,FIXED_OPPONENT,train,SCRIPTED:OP3,1,3,2,1,18,0.2800000011920929,1,0,2,11.0,9.718422783745659,1.5,0.5,-0.007373631000518799,0.014999999664723873,1.0,100.0,-0.019999999552965164,0.5799303650856018
652,12256,0,1532,2,OP3,FIXED_OPPONENT,train,SCRIPTED:OP3,0,2,3,-1,19,0.19999998807907104,1,0,2,12.0,11.05252396432977,-1.2000000476837158,0.0,-0.007181547582149506,0.0,0.0,0.0,0.0,-0.2606394588947296
653,12288,0,1536,1,OP3,FIXED_OPPONENT,train,SCRIPTED:OP3,0,2,3,-1,19,0.3199999928474426,1,0,2,12.0,11.023380480314556,-1.2000000476837158,-0.5,-0.004557356238365173,0.019999999552965164,-1.0,-100.0,-0.019999999552965164,-0.5400102138519287
654,12288,0,1536,3,OP3,FIXED_OPPONENT,train,SCRIPTED:OP3,1,3,2,1,18,0.19999998807907104,1,0,1,11.0,10.505914476182726,1.5,0.5,-0.0015215873718261719,0.014999999664723873,1.0,100.0,0.0,0.5829411745071411
655,12296,0,1537,2,OP3,FIXED_OPPONENT,train,SCRIPTED:OP3,0,2,3,-1,18,0.23999999463558197,1,0,4,11.0,9.383335537380642,-1.2000000476837158,-0.5,0.0027544796466827393,0.019999999552965164,-1.0,-100.0,-0.019999999552965164,-0.539918065071106
656,12296,0,1537,3,OP3,FIXED_OPPONENT,train,SCRIPTED:OP3,0,3,3,0,18,0.07999999821186066,1,0,0,11.0,10.329959445529514,-0.699999988079071,0.0,-0.004253894090652466,0.0,0.0,0.0,0.0,-0.1543867141008377
657,12296,0,1537,0,OP3,FIXED_OPPONENT,train,SCRIPTED:OP3,1,3,2,1,18,0.3199999928474426,1,0,1,12.0,10.307585822211372,1.5,0.4000000059604645,-0.01026509702205658,0.014999999664723873,1.0,100.0,0.0,0.5679751634597778
658,12328,0,1541,3,OP3,FIXED_OPPONENT,train,SCRIPTED:OP3,0,3,3,0,19,0.19999998807907104,1,0,0,12.0,10.750402350174753,-0.699999988079071,0.0,-0.00817975401878357,0.0,0.0,0.0,-0.019999999552965164,-0.15879026055335999
659,12392,0,1549,1,OP3,FIXED_OPPONENT,train,SCRIPTED:OP3,1,3,2,1,19,0.19999998807907104,1,0,4,12.0,9.797482942280016,1.5,0.5,0.013177216053009033,0.029999999329447746,1.0,100.0,0.0,0.583289623260498
660,12408,0,1551,0,OP3,FIXED_OPPONENT,train,SCRIPTED:OP3,0,2,3,-1,19,0.1599999964237213,1,0,0,12.0,10.703876696134868,-1.2000000476837158,-0.4000000059604645,-0.0002569258213043213,0.019999999552965164,-1.0,-100.0,0.0,-0.5207926034927368
661,12424,0,1553,0,OP3,FIXED_OPPONENT,train,SCRIPTED:OP3,0,2,3,-1,16,0.1599999964237213,1,0,0,11.0,10.488419532775879,-1.2000000476837158,-0.4000000059604645,-0.009454160928726196,0.019999999552965164,-1.0,-100.0,-0.03999999910593033,-0.5273586511611938
662,12440,0,1555,1,OP3,FIXED_OPPONENT,train,SCRIPTED:OP3,0,2,3,-1,18,0.19999998807907104,1,0,0,11.0,12.423521253797743,-1.2000000476837158,-0.4000000059604645,-0.009748131036758423,0.019999999552965164,-1.0,-100.0,0.0,-0.5209155678749084
663,12456,0,1557,3,OP3,FIXED_OPPONENT,train,SCRIPTED:OP3,1,3,2,1,21,0.19999998807907104,1,0,2,14.0,10.85018557593936,1.5,0.5,-0.01501394808292389,0.029999999329447746,1.0,100.0,0.0,0.5829588174819946
664,12456,0,1557,1,OP3,FIXED_OPPONENT,train,SCRIPTED:OP3,0,2,3,-1,20,0.19999998807907104,1,0,6,13.0,9.921382904052734,-1.2000000476837158,-0.5,0.008443847298622131,0.019999999552965164,-1.0,-100.0,0.0,-0.5366896986961365
665,12464,0,1558,2,OP3,FIXED_OPPONENT,train,SCRIPTED:OP3,1,3,2,1,22,0.23999999463558197,1,0,2,15.0,9.470711447975852,1.5,0.5,0.007244408130645752,0.029999999329447746,1.0,100.0,0.0,0.5832200050354004
666,12472,0,1559,3,OP3,FIXED_OPPONENT,train,SCRIPTED:OP3,1,3,2,1,18,0.2800000011920929,1,0,2,11.0,8.830161200629341,1.5,0.5,0.011529847979545593,0.029999999329447746,1.0,100.0,0.0,0.583270251750946
667,12528,0,1566,0,OP3,FIXED_OPPONENT,train,SCRIPTED:OP3,1,3,2,1,17,0.11999999731779099,1,0,3,12.0,9.977137846105238,1.5,0.5,-0.022687077522277832,0.029999999329447746,1.0,100.0,0.0,0.5828688144683838
668,12552,0,1569,2,OP3,FIXED_OPPONENT,train,SCRIPTED:OP3,1,3,2,1,18,0.23999999463558197,1,0,2,12.0,9.716668023003471,1.5,0.5,-0.019401460886001587,0.029999999329447746,1.0,100.0,0.0,0.5829074382781982
669,12584,0,1573,0,OP3,FIXED_OPPONENT,train,SCRIPTED:OP3,0,2,3,-1,20,0.2800000011920929,1,0,0,13.0,10.712908172607422,-1.2000000476837158,-0.5,0.009328663349151611,0.019999999552965164,-1.0,-100.0,-0.019999999552965164,-0.5398352742195129
670,12584,0,1573,2,OP3,FIXED_OPPONENT,train,SCRIPTED:OP3,1,3,2,1,18,0.23999999463558197,1,0,0,12.0,10.373112148708767,1.5,0.5,0.011643439531326294,0.014999999664723873,1.0,100.0,0.0,0.5830956101417542
671,12592,0,1574,3,OP3,FIXED_OPPONENT,train,SCRIPTED:OP3,1,3,2,1,17,0.3199999928474426,1,0,1,11.0,11.194798189051012,1.5,0.0,-0.007724493741989136,0.0,0.0,0.0,0.0,0.3213895857334137
672,12608,0,1576,2,OP3,FIXED_OPPONENT,train,SCRIPTED:OP3,0,2,3,-1,19,0.2800000011920929,1,0,3,12.0,9.860565988641037,-1.2000000476837158,0.0,0.004707023501396179,0.019999999552965164,0.0,0.0,0.0,-0.2601109445095062
673,12616,0,1577,1,OP3,FIXED_OPPONENT,train,SCRIPTED:OP3,0,2,3,-1,19,0.23999999463558197,1,0,4,12.0,10.075369583932977,-1.2000000476837158,-0.5,0.0009260773658752441,0.0,-1.0,-100.0,-0.019999999552965164,-0.5401929616928101
674,12640,0,1580,2,OP3,FIXED_OPPONENT,train,SCRIPTED:OP3,0,3,3,0,21,0.19999998807907104,1,0,1,14.0,10.651938302176339,-0.699999988079071,0.0,0.008147329092025757,0.0,0.0,0.0,0.0,-0.15417151153087616
675,12672,0,1584,3,OP3,FIXED_OPPONENT,train,SCRIPTED:OP3,1,3,2,1,18,0.3999999761581421,1,0,3,13.0,10.277138604058159,1.5,0.0,-0.010502219200134277,0.0,0.0,0.0,-0.019999999552965164,0.31735411286354065
676,12696,0,1587,2,OP3,FIXED_OPPONENT,train,SCRIPTED:OP3,1,3,2,1,18,0.2800000011920929,1,0,1,11.0,9.439949035644531,1.5,0.4000000059604645,-0.0018616169691085815,0.029999999329447746,1.0,100.0,-0.019999999552965164,0.5652400255203247
677,12728,0,1591,1,OP3,FIXED_OPPONENT,train,SCRIPTED:OP3,0,2,3,-1,18,0.1599999964237213,1,0,1,11.0,11.500434875488281,-1.2000000476837158,-0.5,-0.007900863885879517,0.019999999552965164,-1.0,-100.0,0.0,-0.5368965864181519
678,12736,0,1592,1,OP3,FIXED_OPPONENT,train,SCRIPTED:OP3,1,3,2,1,19,0.1599999964237213,1,0,5,13.0,10.001611809981497,1.5,0.5,0.006114929914474487,0.029999999329447746,1.0,100.0,0.0,0.5832067728042603
679,12744,0,1593,1,OP3,FIXED_OPPONENT,train,SCRIPTED:OP3,1,3,2,1,19,0.23999999463558197,1,0,1,12.0,10.599567614103618,1.5,0.5,-0.03051978349685669,0.014999999664723873,1.0,100.0,0.0,0.5826006531715393
680,12760,0,1595,2,OP3,FIXED_OPPONENT,train,SCRIPTED:OP3,0,2,3,-1,19,0.2800000011920929,1,0,2,12.0,11.112861231753701,-1.2000000476837158,-0.5,0.01227220892906189,0.019999999552965164,-1.0,-100.0,0.0,-0.5366412401199341
681,12768,0,1596,1,OP3,FIXED_OPPONENT,train,SCRIPTED:OP3,1,3,2,1,19,0.11999999731779099,1,0,0,11.0,11.872074327970806,1.5,0.5,-0.006482601165771484,0.029999999329447746,1.0,100.0,0.0,0.5830589532852173
682,12784,0,1598,2,OP3,FIXED_OPPONENT,train,SCRIPTED:OP3,1,3,2,1,18,0.1599999964237213,1,0,2,12.0,10.329910278320312,1.5,1.0,-0.015281900763511658,0.029999999329447746,2.0,200.0,-0.019999999552965164,0.7598319053649902
683,12832,0,1604,1,OP3,FIXED_OPPONENT,train,SCRIPTED:OP3,0,2,3,-1,20,0.2800000011920929,1,0,2,12.0,10.886639404296876,-1.2000000476837158,-0.5,-0.009224340319633484,0.0,-1.0,-100.0,0.0,-0.5371662378311157
684,12840,0,1605,2,OP3,FIXED_OPPONENT,train,SCRIPTED:OP3,0,2,3,-1,18,0.23999999463558197,1,0,3,11.0,10.682149251302084,-1.2000000476837158,-0.5,0.009689435362815857,0.019999999552965164,-1.0,-100.0,0.0,-0.5366739630699158
685,12880,0,1610,3,OP3,FIXED_OPPONENT,train,SCRIPTED:OP3,0,2,3,-1,19,0.1599999964237213,1,0,1,12.0,11.726564106188322,-1.2000000476837158,-0.5,0.013069644570350647,0.019999999552965164,-1.0,-100.0,0.0,-0.536631166934967
686,12888,0,1611,3,OP3,FIXED_OPPONENT,train,SCRIPTED:OP3,0,2,3,-1,19,0.19999998807907104,1,0,0,12.0,11.377687956157484,-1.2000000476837158,-0.5,-0.0014682561159133911,0.0,-1.0,-100.0,0.0,-0.5370681285858154
687,12888,0,1611,2,OP3,FIXED_OPPONENT,train,SCRIPTED:OP3,1,3,2,1,18,0.1599999964237213,1,0,1,11.0,10.187430487738716,1.5,0.4000000059604645,-0.002912558615207672,0.029999999329447746,1.0,100.0,0.0,0.5682442784309387
688,12920,0,1615,1,OP3,FIXED_OPPONENT,train,SCRIPTED:OP3,1,3,2,1,19,0.19999998807907104,1,0,3,13.0,10.223929154245477,1.5,0.5,-0.031577326357364655,0.029999999329447746,1.0,100.0,-0.019999999552965164,0.579821765422821
689,12928,0,1616,2,OP3,FIXED_OPPONENT,train,SCRIPTED:OP3,0,3,3,0,18,0.23999999463558197,1,0,2,11.0,10.499136182996962,-0.699999988079071,0.0,-0.004188992083072662,0.0,0.0,0.0,0.0,-0.15438559651374817
690,12936,0,1617,2,OP3,FIXED_OPPONENT,train,SCRIPTED:OP3,1,3,2,1,22,0.23999999463558197,1,0,3,14.0,8.96089727228338,1.5,0.5,-0.002261340618133545,0.02499999850988388,1.0,100.0,0.0,0.5830498933792114
691,12976,0,1622,2,OP3,FIXED_OPPONENT,train,SCRIPTED:OP3,1,3,2,1,17,0.11999999731779099,1,0,0,12.0,10.632413078756894,1.5,0.0,-0.0020724087953567505,0.0,0.0,0.0,0.0,0.3214796483516693
692,12984,0,1623,0,OP3,FIXED_OPPONENT,train,SCRIPTED:OP3,1,3,2,1,19,0.3199999928474426,0,1,2,14.0,10.383521632144326,1.5,1.0,-0.023952677845954895,0.029999999329447746,2.0,200.0,0.0,0.7616392374038696
693,13032,0,1629,0,OP3,FIXED_OPPONENT,train,SCRIPTED:OP3,1,3,2,1,19,0.2800000011920929,1,0,0,12.0,11.9038230494449,1.5,0.5,-0.006429240107536316,0.029999999329447746,1.0,100.0,-0.019999999552965164,0.5801184773445129
694,13032,0,1629,2,OP3,FIXED_OPPONENT,train,SCRIPTED:OP3,1,3,2,1,18,0.23999999463558197,1,0,2,11.0,10.880140516493055,1.5,0.5,0.02872277796268463,0.029999999329447746,1.0,100.0,0.0,0.5834718942642212
695,13040,0,1630,0,OP3,FIXED_OPPONENT,train,SCRIPTED:OP3,1,3,2,1,19,0.3199999928474426,1,0,5,12.0,9.423270777652139,1.5,0.4000000059604645,0.0050248801708221436,0.02499999850988388,1.0,100.0,0.0,0.5682796239852905
696,13064,0,1633,3,OP3,FIXED_OPPONENT,train,SCRIPTED:OP3,0,2,3,-1,18,0.2800000011920929,1,0,4,12.0,10.138086954752604,-1.2000000476837158,-0.4000000059604645,-0.004560232162475586,0.019999999552965164,-1.0,-100.0,0.0,-0.5208483934402466
697,13072,0,1634,0,OP3,FIXED_OPPONENT,train,SCRIPTED:OP3,1,3,2,1,18,0.23999999463558197,1,0,0,11.0,11.500450981987846,1.5,0.4000000059604645,-0.004674926400184631,0.029999999329447746,1.0,100.0,-0.019999999552965164,0.5652060508728027
698,13088,0,1636,1,OP3,FIXED_OPPONENT,train,SCRIPTED:OP3,0,3,3,0,19,0.23999999463558197,1,0,0,12.0,10.521791156969572,-0.699999988079071,0.0,-0.007691994309425354,0.0,0.0,0.0,0.0,-0.15444637835025787
699,13112,0,1639,2,OP3,FIXED_OPPONENT,train,SCRIPTED:OP3,1,3,2,1,17,0.23999999463558197,1,0,0,12.0,11.789737477022058,1.5,0.5,-0.016527950763702393,0.029999999329447746,1.0,100.0,0.0,0.5829410552978516
700,13128,0,1641,3,OP3,FIXED_OPPONENT,train,SCRIPTED:OP3,1,3,2,1,18,0.3199999928474426,1,0,2,11.0,9.995987786187065,1.5,0.5,-0.020497485995292664,0.02499999850988388,1.0,100.0,0.0,0.5828357934951782
701,13176,0,1647,0,OP3,FIXED_OPPONENT,train,SCRIPTED:OP3,0,2,3,-1,18,0.1599999964237213,1,0,3,11.0,9.268683539496529,-1.2000000476837158,-0.5,-0.01328296959400177,0.0,-1.0,-100.0,0.0,-0.5372176170349121
702,13192,0,1649,2,OP3,FIXED_OPPONENT,train,SCRIPTED:OP3,1,3,2,1,19,0.2800000011920929,1,0,1,12.0,9.70106345728824,1.5,0.5,0.011146113276481628,0.014999999664723873,1.0,100.0,-0.019999999552965164,0.5801489353179932
703,13192,0,1649,0,OP3,FIXED_OPPONENT,train,SCRIPTED:OP3,0,3,3,0,20,0.23999999463558197,1,0,3,13.0,9.142615509033202,-0.699999988079071,0.0,-0.002910301089286804,0.0,0.0,0.0,-0.019999999552965164,-0.1586989462375641
704,13216,0,1652,3,OP3,FIXED_OPPONENT,train,SCRIPTED:OP3,1,3,2,1,19,0.2800000011920929,1,0,2,12.0,9.477786415501646,1.5,0.5,-0.010088078677654266,0.029999999329447746,1.0,100.0,-0.019999999552965164,0.5800753831863403
705,13240,0,1655,3,OP3,FIXED_OPPONENT,train,SCRIPTED:OP3,1,3,2,1,21,0.19999998807907104,1,0,2,15.0,9.883271716889881,1.5,0.5,-0.017308056354522705,0.029999999329447746,1.0,100.0,-0.019999999552965164,0.5799901485443115
706,13248,0,1656,3,OP3,FIXED_OPPONENT,train,SCRIPTED:OP3,0,2,3,-1,20,0.3199999928474426,1,0,1,12.0,10.377139282226562,-1.2000000476837158,-0.5,0.009444817900657654,0.019999999552965164,-1.0,-100.0,0.0,-0.5366770625114441
707,13272,0,1659,3,OP3,FIXED_OPPONENT,train,SCRIPTED:OP3,0,2,3,-1,20,0.19999998807907104,1,0,1,13.0,8.836780548095703,-1.2000000476837158,-0.5,0.015763774514198303,0.0,-1.0,-100.0,-0.019999999552965164,-0.540006160736084
708,13288,0,1661,3,OP3,FIXED_OPPONENT,train,SCRIPTED:OP3,0,2,3,-1,20,0.19999998807907104,1,0,7,13.0,10.25662612915039,-1.2000000476837158,-0.5,0.005520567297935486,0.019999999552965164,-1.0,-100.0,0.0,-0.536726713180542
709,13328,0,1666,3,OP3,FIXED_OPPONENT,train,SCRIPTED:OP3,0,2,3,-1,19,0.2800000011920929,1,0,0,11.0,10.604513871042352,-1.2000000476837158,-0.5,-0.006393641233444214,0.0,-1.0,-100.0,0.0,-0.5371304750442505
710,13344,0,1668,2,OP3,FIXED_OPPONENT,train,SCRIPTED:OP3,0,1,3,-2,19,0.2800000011920929,1,0,6,12.0,9.145378514340049,-1.2000000476837158,-0.5,0.000978231430053711,0.019999999552965164,-1.0,-100.0,0.0,-0.5367842316627502
711,13352,0,1669,2,OP3,FIXED_OPPONENT,train,SCRIPTED:OP3,0,2,3,-1,20,0.23999999463558197,1,0,1,13.0,10.996411895751953,-1.2000000476837158,-0.5,-0.011004075407981873,0.019999999552965164,-1.0,-100.0,-0.019999999552965164,-0.540091335773468
712,13360,0,1670,2,OP3,FIXED_OPPONENT,train,SCRIPTED:OP3,0,2,3,-1,18,0.2800000011920929,1,0,0,11.0,11.165228949652779,-1.2000000476837158,-0.5,0.015462309122085571,0.0,-1.0,-100.0,0.0,-0.5368539690971375
713,13376,0,1672,3,OP3,FIXED_OPPONENT,train,SCRIPTED:OP3,0,2,3,-1,17,0.1599999964237213,1,0,0,11.0,12.824910780962776,-1.2000000476837158,-0.5,-0.00019359588623046875,0.019999999552965164,-1.0,-100.0,0.0,-0.5367990136146545
714,13392,0,1674,0,OP3,FIXED_OPPONENT,train,SCRIPTED:OP3,0,2,3,-1,18,0.2800000011920929,1,0,2,11.0,9.371438768174913,-1.2000000476837158,-0.5,0.012793019413948059,0.019999999552965164,-1.0,-100.0,0.0,-0.5366346836090088
715,13424,0,1678,3,OP3,FIXED_OPPONENT,train,SCRIPTED:OP3,1,3,2,1,17,0.1599999964237213,1,0,0,11.0,13.338106043198529,1.5,0.5,-0.023843295872211456,0.029999999329447746,1.0,100.0,0.0,0.582855224609375
716,13440,0,1680,0,OP3,FIXED_OPPONENT,train,SCRIPTED:OP3,0,2,3,-1,21,0.2800000011920929,1,0,2,14.0,9.707400367373513,-1.2000000476837158,-0.5,0.01359914243221283,0.0,-1.0,-100.0,0.0,-0.5368776321411133
717,13448,0,1681,2,OP3,FIXED_OPPONENT,train,SCRIPTED:OP3,1,3,1,2,15,0.3199999928474426,1,0,0,11.0,10.496990966796876,1.5,0.5,-0.02284601330757141,0.029999999329447746,1.0,100.0,0.0,0.582866907119751
718,13488,0,1686,3,OP3,FIXED_OPPONENT,train,SCRIPTED:OP3,1,3,2,1,18,0.1599999964237213,1,0,0,11.0,11.917960272894966,1.5,0.4000000059604645,0.008361101150512695,0.029999999329447746,1.0,100.0,0.0,0.5683799982070923
719,13512,0,1689,0,OP3,FIXED_OPPONENT,train,SCRIPTED:OP3,0,2,3,-1,19,0.23999999463558197,1,0,4,12.0,10.222692389237253,-1.2000000476837158,-0.5,-0.014117315411567688,0.019999999552965164,-1.0,-100.0,0.0,-0.5369752049446106
720,13520,0,1690,3,OP3,FIXED_OPPONENT,train,SCRIPTED:OP3,0,2,3,-1,21,0.4399999976158142,1,0,4,14.0,10.170325869605655,-1.2000000476837158,-0.5,0.0022017061710357666,0.0,-1.0,-100.0,0.0,-0.537021815776825
721,13520,0,1690,3,OP3,FIXED_OPPONENT,train,SCRIPTED:OP3,0,2,3,-1,18,0.19999998807907104,1,0,5,11.0,9.734051174587673,-1.2000000476837158,-0.5,0.01454131305217743,0.019999999552965164,-1.0,-100.0,0.0,-0.5366125702857971
722,13536,0,1692,2,OP3,FIXED_OPPONENT,train,SCRIPTED:OP3,0,2,3,-1,18,0.23999999463558197,1,0,2,11.0,10.944591946072048,-1.2000000476837158,-0.5,0.012964025139808655,0.019999999552965164,-1.0,-100.0,-0.019999999552965164,-0.5397894382476807
723,13568,0,1696,3,OP3,FIXED_OPPONENT,train,SCRIPTED:OP3,0,2,3,-1,18,0.3199999928474426,1,0,0,11.0,10.17065175374349,-1.2000000476837158,-0.5,0.011308461427688599,0.0,-1.0,-100.0,0.0,-0.5369065999984741
724,13584,0,1698,3,OP3,FIXED_OPPONENT,train,SCRIPTED:OP3,0,3,3,0,18,0.19999998807907104,1,0,3,11.0,11.105214436848959,-0.699999988079071,0.0,-0.00890175998210907,0.0,0.0,0.0,0.0,-0.1544673889875412
725,13592,0,1699,0,OP3,FIXED_OPPONENT,train,SCRIPTED:OP3,1,3,2,1,18,0.35999998450279236,1,0,1,11.0,9.756457858615452,1.5,0.5,0.015455320477485657,0.014999999664723873,1.0,100.0,-0.019999999552965164,0.580199658870697
726,13632,0,1704,1,OP3,FIXED_OPPONENT,train,SCRIPTED:OP3,0,2,3,-1,18,0.23999999463558197,1,0,0,11.0,10.76475355360243,-1.2000000476837158,-0.5,0.0012081414461135864,0.0,-1.0,-100.0,-0.019999999552965164,-0.5401893854141235
727,13656,0,1707,3,OP3,FIXED_OPPONENT,train,SCRIPTED:OP3,0,2,3,-1,18,0.23999999463558197,1,0,0,12.0,10.952367994520399,-1.2000000476837158,-0.5,-0.010820075869560242,0.019999999552965164,-1.0,-100.0,0.0,-0.5369334816932678
728,13664,0,1708,1,OP3,FIXED_OPPONENT,train,SCRIPTED:OP3,1,3,2,1,18,0.2800000011920929,1,0,1,12.0,11.473109775119358,1.5,0.5,0.0064255595207214355,0.014999999664723873,1.0,100.0,0.0,0.5830343961715698
729,13680,0,1710,2,OP3,FIXED_OPPONENT,train,SCRIPTED:OP3,1,3,2,1,18,0.23999999463558197,1,0,2,12.0,8.98069593641493,1.5,0.4000000059604645,0.007936745882034302,0.014999999664723873,1.0,100.0,0.0,0.5681942701339722
730,13680,0,1710,3,OP3,FIXED_OPPONENT,train,SCRIPTED:OP3,1,3,2,1,20,0.3199999928474426,1,0,4,13.0,10.580667114257812,1.5,0.5,-0.00989001989364624,0.014999999664723873,1.0,100.0,-0.019999999552965164,0.5799007415771484
731,13712,0,1714,0,OP3,FIXED_OPPONENT,train,SCRIPTED:OP3,0,2,3,-1,18,0.23999999463558197,1,0,3,11.0,9.668880886501736,-1.2000000476837158,-0.5,0.0027179867029190063,0.019999999552965164,-1.0,-100.0,0.0,-0.5367621779441833
732,13728,0,1716,3,OP3,FIXED_OPPONENT,train,SCRIPTED:OP3,1,3,2,1,18,0.2800000011920929,1,0,0,11.0,10.971480475531685,1.5,0.5,-0.003644302487373352,0.014999999664723873,1.0,100.0,-0.019999999552965164,0.5799744129180908
733,13736,0,1717,3,OP3,FIXED_OPPONENT,train,SCRIPTED:OP3,0,2,3,-1,18,0.23999999463558197,1,0,1,12.0,10.07594468858507,-1.2000000476837158,-0.4000000059604645,0.008075252175331116,0.019999999552965164,-1.0,-100.0,0.0,-0.5206846594810486
734,13776,0,1722,1,OP3,FIXED_OPPONENT,train,SCRIPTED:OP3,1,3,2,1,18,0.35999998450279236,1,0,2,11.0,10.508108350965712,1.5,0.0,-0.0068213194608688354,0.0,0.0,0.0,0.0,0.32140395045280457
735,13784,0,1723,2,OP3,FIXED_OPPONENT,train,SCRIPTED:OP3,1,3,2,1,16,0.11999999731779099,1,0,2,12.0,10.337023735046387,1.5,0.5,-0.008305639028549194,0.029999999329447746,1.0,100.0,-0.019999999552965164,0.5800963640213013
736,13800,0,1725,1,OP3,FIXED_OPPONENT,train,SCRIPTED:OP3,1,3,2,1,17,0.19999998807907104,1,0,0,11.0,10.9686476763557,1.5,0.5,-0.019782543182373047,0.029999999329447746,1.0,100.0,0.0,0.5829029083251953
737,13824,0,1728,1,OP3,FIXED_OPPONENT,train,SCRIPTED:OP3,1,3,2,1,18,0.1599999964237213,1,0,0,12.0,10.679101732042101,1.5,0.5,-0.012356355786323547,0.029999999329447746,1.0,100.0,0.0,0.5829900503158569
738,13840,0,1730,3,OP3,FIXED_OPPONENT,train,SCRIPTED:OP3,0,2,3,-1,16,0.1599999964237213,1,0,1,12.0,10.474876403808594,-1.2000000476837158,0.0,0.008739084005355835,0.0,0.0,0.0,-0.019999999552965164,-0.26451390981674194
739,13856,0,1732,0,OP3,FIXED_OPPONENT,train,SCRIPTED:OP3,0,3,3,0,22,0.2800000011920929,1,0,4,13.0,9.944289467551492,-0.699999988079071,0.0,0.0061978548765182495,0.0,0.0,0.0,0.0,-0.1542053371667862
740,13864,0,1733,1,OP3,FIXED_OPPONENT,train,SCRIPTED:OP3,1,3,2,1,17,0.19999998807907104,1,0,0,11.0,9.905017628389245,1.5,0.0,0.00833939015865326,0.0,0.0,0.0,-0.019999999552965164,0.3176552951335907
741,13896,0,1737,2,OP3,FIXED_OPPONENT,train,SCRIPTED:OP3,0,2,3,-1,20,0.19999998807907104,1,0,0,12.0,11.804824066162109,-1.2000000476837158,-0.5,0.0003510117530822754,0.019999999552965164,-1.0,-100.0,0.0,-0.5367921590805054
742,13928,0,1741,2,OP3,FIXED_OPPONENT,train,SCRIPTED:OP3,1,3,2,1,19,0.19999998807907104,1,0,0,13.0,10.619224146792764,1.5,0.5,0.018251895904541016,0.014999999664723873,1.0,100.0,0.0,0.5831731557846069
743,13936,0,1742,1,OP3,FIXED_OPPONENT,train,SCRIPTED:OP3,1,3,2,1,17,0.19999998807907104,1,0,6,11.0,8.939782535328584,1.5,0.0,-0.009853728115558624,0.0,0.0,0.0,0.0,0.3213556408882141
744,13944,0,1743,1,OP3,FIXED_OPPONENT,train,SCRIPTED:OP3,0,2,3,-1,20,0.3199999928474426,1,0,4,12.0,8.453761291503906,-1.2000000476837158,-0.5,-0.0074241310358047485,0.0,-1.0,-100.0,-0.019999999552965164,-0.5402980446815491
745,13984,0,1748,3,OP3,FIXED_OPPONENT,train,SCRIPTED:OP3,0,3,3,0,18,0.19999998807907104,1,0,2,11.0,9.191252814398872,-0.699999988079071,0.0,-0.00974532961845398,0.0,0.0,0.0,-0.019999999552965164,-0.15881739556789398
746,13984,0,1748,2,OP3,FIXED_OPPONENT,train,SCRIPTED:OP3,1,3,2,1,20,0.23999999463558197,1,0,3,13.0,10.727279663085938,1.5,0.5,0.0038283169269561768,0.029999999329447746,1.0,100.0,0.0,0.5831799507141113
747,14000,0,1750,2,OP3,FIXED_OPPONENT,train,SCRIPTED:OP3,0,2,3,-1,18,0.3199999928474426,1,0,3,11.0,10.992491828070747,-1.2000000476837158,-0.4000000059604645,-0.0012944191694259644,0.0,-1.0,-100.0,0.0,-0.5210651159286499
748,14016,0,1752,3,OP3,FIXED_OPPONENT,train,SCRIPTED:OP3,1,3,2,1,19,0.19999998807907104,1,0,0,12.0,14.298622532894736,1.5,0.5,0.021664440631866455,0.029999999329447746,1.0,100.0,0.0,0.583389163017273
749,14024,0,1753,3,OP3,FIXED_OPPONENT,train,SCRIPTED:OP3,0,1,3,-2,16,0.19999998807907104,1,0,1,12.0,10.894668579101562,-1.2000000476837158,-0.5,0.014791905879974365,0.019999999552965164,-1.0,-100.0,-0.019999999552965164,-0.5397664308547974
750,14056,0,1757,0,OP3,FIXED_OPPONENT,train,SCRIPTED:OP3,1,3,2,1,16,0.23999999463558197,1,0,0,12.0,9.568971633911133,1.5,0.4000000059604645,0.002175644040107727,0.029999999329447746,1.0,100.0,-0.019999999552965164,0.5652889013290405
751,14080,0,1760,3,OP3,FIXED_OPPONENT,train,SCRIPTED:OP3,0,2,3,-1,18,0.19999998807907104,1,0,0,11.0,11.23355441623264,-1.2000000476837158,-0.5,-0.0005212575197219849,0.019999999552965164,-1.0,-100.0,-0.019999999552965164,-0.5399593114852905
752,14088,0,1761,2,OP3,FIXED_OPPONENT,train,SCRIPTED:OP3,1,3,1,2,18,0.2800000011920929,1,0,5,11.0,9.247344122992622,1.5,0.5,0.0002858191728591919,0.014999999664723873,1.0,100.0,0.0,0.5829623937606812
753,14128,0,1766,1,OP3,FIXED_OPPONENT,train,SCRIPTED:OP3,0,3,3,0,18,0.19999998807907104,1,0,1,11.0,11.965884738498264,-0.699999988079071,0.19999998807907104,0.003623165190219879,0.0,0.0,0.0,0.0,-0.11059249192476273
754,14128,0,1766,1,OP3,FIXED_OPPONENT,train,SCRIPTED:OP3,1,3,2,1,18,0.23999999463558197,1,0,0,12.0,11.842686123318142,1.5,0.4000000059604645,0.00898154079914093,0.029999999329447746,1.0,100.0,0.0,0.568387508392334
755,14144,0,1768,0,OP3,FIXED_OPPONENT,train,SCRIPTED:OP3,1,3,2,1,18,0.2800000011920929,1,0,2,14.0,10.080104404025608,1.5,0.4000000059604645,0.004587873816490173,0.029999999329447746,1.0,100.0,0.0,0.5683345794677734
756,14168,0,1771,2,OP3,FIXED_OPPONENT,train,SCRIPTED:OP3,1,3,2,1,19,0.1599999964237213,1,0,0,12.0,11.510203311317845,1.5,0.5,-0.002929598093032837,0.029999999329447746,1.0,100.0,0.0,0.5831006765365601
757,14176,0,1772,2,OP3,FIXED_OPPONENT,train,SCRIPTED:OP3,1,3,2,1,19,0.23999999463558197,1,0,4,12.0,10.323124935752467,1.5,0.5,-0.02006629854440689,0.029999999329447746,1.0,100.0,0.0,0.5828995108604431
758,14192,0,1774,3,OP3,FIXED_OPPONENT,train,SCRIPTED:OP3,0,2,3,-1,17,0.11999999731779099,1,0,2,11.0,10.7701218548943,-1.2000000476837158,-0.5,0.004399284720420837,0.0,-1.0,-100.0,0.0,-0.5369939804077148
759,14224,0,1778,3,OP3,FIXED_OPPONENT,train,SCRIPTED:OP3,1,3,2,1,18,0.19999998807907104,1,0,2,11.0,9.847401936848959,1.5,1.0,-0.00987783819437027,0.029999999329447746,2.0,200.0,0.0,0.7617443799972534
760,14240,0,1780,1,OP3,FIXED_OPPONENT,train,SCRIPTED:OP3,0,2,3,-1,19,0.19999998807907104,1,0,5,11.0,9.69357701351768,-1.2000000476837158,-0.5,-0.0008415132761001587,0.019999999552965164,-1.0,-100.0,0.0,-0.5368072390556335
761,14272,0,1784,2,OP3,FIXED_OPPONENT,train,SCRIPTED:OP3,1,3,2,1,18,0.23999999463558197,1,0,1,11.0,11.429241604275173,1.5,0.5,-0.001526758074760437,0.029999999329447746,1.0,100.0,0.0,0.5831171274185181
762,14280,0,1785,1,OP3,FIXED_OPPONENT,train,SCRIPTED:OP3,1,3,2,1,19,0.19999998807907104,1,0,4,12.0,9.198136982164884,1.5,0.5,0.01286613941192627,0.029999999329447746,1.0,100.0,0.0,0.583285927772522
763,14296,0,1787,0,OP3,FIXED_OPPONENT,train,SCRIPTED:OP3,1,3,2,1,19,0.11999999731779099,1,0,2,12.0,10.562992296720806,1.5,0.5,0.0017016828060150146,0.029999999329447746,1.0,100.0,-0.019999999552965164,0.5802143812179565
764,14312,0,1789,0,OP3,FIXED_OPPONENT,train,SCRIPTED:OP3,0,2,3,-1,17,0.19999998807907104,1,0,2,11.0,9.817159316119026,-1.2000000476837158,0.0,-0.00842517614364624,0.0,0.0,0.0,-0.019999999552965164,-0.2647976875305176
765,14328,0,1791,1,OP3,FIXED_OPPONENT,train,SCRIPTED:OP3,0,2,3,-1,17,0.19999998807907104,1,0,2,11.0,10.712615069221048,-1.2000000476837158,-0.5,0.01090693473815918,0.0,-1.0,-100.0,0.0,-0.53691166639328
766,14336,0,1792,2,OP3,FIXED_OPPONENT,train,SCRIPTED:OP3,0,2,3,-1,21,0.3199999928474426,1,0,3,14.0,8.995662870861235,-1.2000000476837158,-0.5,0.008544981479644775,0.0,-1.0,-100.0,0.0,-0.5369415283203125
767,14384,0,1798,2,OP3,FIXED_OPPONENT,train,SCRIPTED:OP3,1,3,2,1,20,0.2800000011920929,1,0,3,13.0,9.578731536865234,1.5,0.5,-0.0219295471906662,0.029999999329447746,1.0,100.0,-0.019999999552965164,0.5799356698989868
768,14408,0,1801,2,OP3,FIXED_OPPONENT,train,SCRIPTED:OP3,1,3,2,1,21,0.23999999463558197,1,0,3,14.0,10.436960129510789,1.5,0.5,0.004513844847679138,0.029999999329447746,1.0,100.0,-0.019999999552965164,0.5802475214004517
769,14408,0,1801,0,OP3,FIXED_OPPONENT,train,SCRIPTED:OP3,1,3,1,2,16,0.1599999964237213,1,0,0,12.0,12.028017044067383,1.5,0.5,0.02260252833366394,0.029999999329447746,1.0,100.0,-0.019999999552965164,0.580460786819458
770,14416,0,1802,1,OP3,FIXED_OPPONENT,train,SCRIPTED:OP3,0,2,3,-1,18,0.23999999463558197,1,0,5,11.0,10.19734107123481,-1.2000000476837158,-0.5,0.015034377574920654,0.019999999552965164,-1.0,-100.0,0.0,-0.5366063117980957
771,14448,0,1806,2,OP3,FIXED_OPPONENT,train,SCRIPTED:OP3,1,3,2,1,17,0.23999999463558197,1,0,1,12.0,11.196588852826286,1.5,0.5,-0.004823550581932068,0.029999999329447746,1.0,100.0,-0.019999999552965164,0.5801374912261963
772,14448,0,1806,2,OP3,FIXED_OPPONENT,train,SCRIPTED:OP3,0,2,3,-1,19,0.2800000011920929,1,0,0,11.0,9.864654541015625,-1.2000000476837158,-0.5,0.001274988055229187,0.0,-1.0,-100.0,-0.019999999552965164,-0.5401885509490967
773,14472,0,1809,2,OP3,FIXED_OPPONENT,train,SCRIPTED:OP3,1,3,2,1,18,0.19999998807907104,1,0,1,11.0,10.728374905056423,1.5,0.5,-0.011743180453777313,0.029999999329447746,1.0,100.0,0.0,0.58299720287323
774,14488,0,1811,0,OP3,FIXED_OPPONENT,train,SCRIPTED:OP3,0,3,3,0,19,0.19999998807907104,1,0,2,12.0,10.27071822317023,-0.699999988079071,0.0,0.0061592161655426025,0.0,0.0,0.0,-0.019999999552965164,-0.1585417538881302
775,14528,0,1816,2,OP3,FIXED_OPPONENT,train,SCRIPTED:OP3,1,3,2,1,18,0.3199999928474426,1,0,0,11.0,9.55051761203342,1.5,0.0,-0.005123764276504517,0.0,0.0,0.0,0.0,0.321431040763855
776,14560,0,1820,2,OP3,FIXED_OPPONENT,train,SCRIPTED:OP3,0,2,3,-1,19,0.19999998807907104,1,0,3,12.0,10.132642244037829,-1.2000000476837158,-0.5,-0.00019353628158569336,0.019999999552965164,-1.0,-100.0,0.0,-0.5367990136146545
777,14560,0,1820,1,OP3,FIXED_OPPONENT,train,SCRIPTED:OP3,0,2,3,-1,19,0.35999998450279236,1,0,5,12.0,10.065182334498354,-1.2000000476837158,-0.5,-0.0004999339580535889,0.0,-1.0,-100.0,0.0,-0.5370559096336365
778,14576,0,1822,2,OP3,FIXED_OPPONENT,train,SCRIPTED:OP3,0,3,3,0,20,0.1599999964237213,1,0,4,12.0,10.20127182006836,-0.699999988079071,0.0,0.007534787058830261,0.0,0.0,0.0,0.0,-0.15418213605880737
779,14592,0,1824,3,OP3,FIXED_OPPONENT,train,SCRIPTED:OP3,1,3,2,1,18,0.2800000011920929,1,0,0,11.0,9.787993537055122,1.5,0.0,-0.00993819534778595,0.0,0.0,0.0,0.0,0.32135429978370667
780,14608,0,1826,1,OP3,FIXED_OPPONENT,train,SCRIPTED:OP3,1,3,2,1,20,0.1599999964237213,1,0,4,13.0,10.384529113769531,1.5,0.5,-0.020694434642791748,0.029999999329447746,1.0,100.0,-0.019999999552965164,0.579950213432312
781,14616,0,1827,0,OP3,FIXED_OPPONENT,train,SCRIPTED:OP3,0,2,3,-1,18,0.23999999463558197,1,0,0,11.0,10.934326171875,-1.2000000476837158,-0.5,0.003114253282546997,0.019999999552965164,-1.0,-100.0,0.0,-0.5367571711540222
782,14632,0,1829,3,OP3,FIXED_OPPONENT,train,SCRIPTED:OP3,0,2,3,-1,18,0.2800000011920929,1,0,3,11.0,10.566613939073351,-1.2000000476837158,-0.5,-0.004089340567588806,0.0,-1.0,-100.0,0.0,-0.5371012687683105
783,14672,0,1834,3,OP3,FIXED_OPPONENT,train,SCRIPTED:OP3,0,3,3,0,18,0.1599999964237213,1,0,1,11.0,10.37018076578776,-0.699999988079071,0.0,-0.008182480931282043,0.0,0.0,0.0,0.0,-0.15445488691329956
784,14696,0,1837,0,OP3,FIXED_OPPONENT,train,SCRIPTED:OP3,1,3,1,2,17,0.2800000011920929,1,0,1,11.0,10.033863740808824,1.5,0.5,-0.003737404942512512,0.014999999664723873,1.0,100.0,0.0,0.5829151272773743
785,14712,0,1839,0,OP3,FIXED_OPPONENT,train,SCRIPTED:OP3,0,2,3,-1,19,0.1599999964237213,1,0,7,11.0,9.639134457236842,-1.2000000476837158,-0.5,0.0037599503993988037,0.019999999552965164,-1.0,-100.0,0.0,-0.536749005317688
786,14720,0,1840,0,OP3,FIXED_OPPONENT,train,SCRIPTED:OP3,0,3,3,0,18,0.23999999463558197,1,0,1,11.0,10.835687425401476,-0.699999988079071,0.0,0.008445382118225098,0.0,0.0,0.0,0.0,-0.1541663408279419
787,14752,0,1844,0,OP3,FIXED_OPPONENT,train,SCRIPTED:OP3,0,2,3,-1,18,0.23999999463558197,1,0,7,11.0,11.294942220052084,-1.2000000476837158,0.10000002384185791,-0.006669595837593079,0.019999999552965164,0.0,0.0,0.0,-0.23946590721607208
788,14760,0,1845,3,OP3,FIXED_OPPONENT,train,SCRIPTED:OP3,0,2,3,-1,18,0.11999999731779099,1,0,5,11.0,11.186914232042101,-1.2000000476837158,0.5,-0.0027600079774856567,0.0,1.0,100.0,0.0,0.06651922315359116
789,14768,0,1846,0,OP3,FIXED_OPPONENT,train,SCRIPTED:OP3,0,3,3,0,22,0.1599999964237213,1,0,5,11.0,10.607522444291549,-0.699999988079071,0.0,-0.006732255220413208,0.0,0.0,0.0,-0.019999999552965164,-0.15876518189907074
790,14776,0,1847,2,OP3,FIXED_OPPONENT,train,SCRIPTED:OP3,1,3,2,1,18,0.2800000011920929,1,0,6,11.0,11.21765391031901,1.5,0.5,-0.005023270845413208,0.029999999329447746,1.0,100.0,0.0,0.5830761194229126
791,14816,0,1852,0,OP3,FIXED_OPPONENT,train,SCRIPTED:OP3,1,3,2,1,18,0.23999999463558197,1,0,2,11.0,9.880162556966146,1.5,0.4000000059604645,0.0051925331354141235,0.029999999329447746,1.0,100.0,-0.019999999552965164,0.5653253793716431
792,14848,0,1856,3,OP3,FIXED_OPPONENT,train,SCRIPTED:OP3,1,3,2,1,17,0.1599999964237213,1,0,4,11.0,10.105640186982995,1.5,0.5,-0.019079938530921936,0.029999999329447746,1.0,100.0,-0.019999999552965164,0.5799691677093506
793,14856,0,1857,0,OP3,FIXED_OPPONENT,train,SCRIPTED:OP3,1,3,2,1,20,0.35999998450279236,1,0,2,13.0,10.436634826660157,1.5,0.4000000059604645,-0.010395780205726624,0.014999999664723873,1.0,100.0,-0.019999999552965164,0.5649552345275879
794,14888,0,1861,0,OP3,FIXED_OPPONENT,train,SCRIPTED:OP3,1,3,2,1,17,0.19999998807907104,1,0,1,11.0,8.680761000689339,1.5,0.5,-0.019493132829666138,0.029999999329447746,1.0,100.0,0.0,0.5829063653945923
795,14896,0,1862,3,OP3,FIXED_OPPONENT,train,SCRIPTED:OP3,1,3,2,1,22,0.5199999809265137,1,0,4,14.0,9.427400762384588,1.5,0.5,-0.0342116504907608,0.014999999664723873,1.0,100.0,0.0,0.5825573801994324
796,14920,0,1865,0,OP3,FIXED_OPPONENT,train,SCRIPTED:OP3,1,3,2,1,20,0.3199999928474426,1,0,1,11.0,10.596918487548828,1.5,0.5,-0.02363203465938568,0.014999999664723873,1.0,100.0,-0.019999999552965164,0.5797385573387146
797,14920,0,1865,3,OP3,FIXED_OPPONENT,train,SCRIPTED:OP3,1,3,2,1,19,0.1599999964237213,1,0,2,11.0,11.704231663754111,1.5,0.5,-0.027568072080612183,0.029999999329447746,1.0,100.0,0.0,0.5828114748001099
798,14928,0,1866,2,OP3,FIXED_OPPONENT,train,SCRIPTED:OP3,1,3,2,1,19,0.2800000011920929,1,0,3,12.0,9.898618999280428,1.5,0.5,-0.008992105722427368,0.014999999664723873,1.0,100.0,0.0,0.5828534364700317
799,14968,0,1871,2,OP3,FIXED_OPPONENT,train,SCRIPTED:OP3,1,3,2,1,19,0.23999999463558197,1,0,2,13.0,10.842592741313734,1.5,0.5,-0.008373081684112549,0.014999999664723873,1.0,100.0,0.0,0.5828607678413391
800,14992,0,1874,0,OP3,FIXED_OPPONENT,train,SCRIPTED:OP3,1,3,2,1,18,0.19999998807907104,1,0,1,11.0,10.772682189941406,1.5,0.5,-0.02046363055706024,0.029999999329447746,1.0,100.0,0.0,0.5828948616981506
801,15008,0,1876,1,OP3,FIXED_OPPONENT,train,SCRIPTED:OP3,1,3,2,1,19,0.1599999964237213,1,0,3,12.0,10.152244166324014,1.5,0.5,-0.03564395010471344,0.029999999329447746,1.0,100.0,0.0,0.582716703414917
802,15032,0,1879,2,OP3,FIXED_OPPONENT,train,SCRIPTED:OP3,0,3,3,0,18,0.23999999463558197,1,0,3,11.0,10.400988260904947,-0.699999988079071,0.0,-0.0004778653383255005,0.0,0.0,0.0,-0.019999999552965164,-0.1586567908525467
803,15048,0,1881,1,OP3,FIXED_OPPONENT,train,SCRIPTED:OP3,0,3,3,0,19,0.35999998450279236,1,0,0,11.0,10.793065121299342,-0.699999988079071,0.0,0.005548045039176941,0.0,0.0,0.0,-0.019999999552965164,-0.1585523635149002
804,15056,0,1882,2,OP3,FIXED_OPPONENT,train,SCRIPTED:OP3,0,2,3,-1,17,0.11999999731779099,1,0,2,11.0,11.05905959185432,-1.2000000476837158,-0.5,-0.004263564944267273,0.019999999552965164,-1.0,-100.0,-0.019999999552965164,-0.5400064587593079
805,15072,0,1884,3,OP3,FIXED_OPPONENT,train,SCRIPTED:OP3,0,3,3,0,19,0.1599999964237213,1,0,4,12.0,10.289834273488898,-0.699999988079071,0.0,0.005687683820724487,0.0,0.0,0.0,0.0,-0.15421418845653534
806,15080,0,1885,3,OP3,FIXED_OPPONENT,train,SCRIPTED:OP3,0,2,3,-1,19,0.1599999964237213,1,0,3,13.0,11.602609734786185,-1.2000000476837158,-0.5,0.00732092559337616,0.019999999552965164,-1.0,-100.0,-0.03999999910593033,-0.5430021286010742
807,15120,0,1890,2,OP3,FIXED_OPPONENT,train,SCRIPTED:OP3,1,3,2,1,19,0.07999999821186066,1,0,1,12.0,11.434196070620889,1.5,0.5,0.0024441182613372803,0.029999999329447746,1.0,100.0,0.0,0.5831637382507324
808,15136,0,1892,0,OP3,FIXED_OPPONENT,train,SCRIPTED:OP3,1,3,2,1,18,0.19999998807907104,1,0,0,11.0,10.662033081054688,1.5,0.0,-0.008208632469177246,0.0,0.0,0.0,0.0,0.3213818371295929
809,15152,0,1894,1,OP3,FIXED_OPPONENT,train,SCRIPTED:OP3,0,1,3,-2,15,0.19999998807907104,1,0,0,11.0,11.644107055664062,-1.2000000476837158,-0.5,-0.0023283809423446655,0.0,-1.0,-100.0,0.0,-0.5370789766311646
810,15160,0,1895,2,OP3,FIXED_OPPONENT,train,SCRIPTED:OP3,0,2,3,-1,19,0.3199999928474426,1,0,1,12.0,8.906877216539884,-1.2000000476837158,-0.5,-0.008420050144195557,0.0,-1.0,-100.0,0.0,-0.5371561050415039
811,15216,0,1902,3,OP3,FIXED_OPPONENT,train,SCRIPTED:OP3,0,3,3,0,21,0.2800000011920929,1,0,4,14.0,10.637246994745164,-0.699999988079071,0.0,-0.0019733235239982605,0.0,0.0,0.0,0.0,-0.15434715151786804
812,15224,0,1903,2,OP3,FIXED_OPPONENT,train,SCRIPTED:OP3,1,3,2,1,21,0.23999999463558197,1,0,0,14.0,12.095519292922248,1.5,0.5,-0.0012448504567146301,0.029999999329447746,1.0,100.0,0.0,0.5831204652786255
813,15224,0,1903,0,OP3,FIXED_OPPONENT,train,SCRIPTED:OP3,1,3,2,1,18,0.23999999463558197,1,0,0,11.0,10.441413031684029,1.5,0.4000000059604645,-0.00343497097492218,0.014999999664723873,1.0,100.0,0.0,0.5680574178695679
814,15232,0,1904,0,OP3,FIXED_OPPONENT,train,SCRIPTED:OP3,0,2,3,-1,20,0.19999998807907104,1,0,0,13.0,11.356092071533203,-1.2000000476837158,-0.5,-0.003328755497932434,0.019999999552965164,-1.0,-100.0,-0.019999999552965164,-0.5399947166442871
815,15264,0,1908,2,OP3,FIXED_OPPONENT,train,SCRIPTED:OP3,1,3,2,1,18,0.23999999463558197,1,0,1,11.0,9.312950981987846,1.5,0.5,-0.01562623679637909,0.029999999329447746,1.0,100.0,0.0,0.5829516649246216
816,15280,0,1910,2,OP3,FIXED_OPPONENT,train,SCRIPTED:OP3,0,2,3,-1,18,0.2800000011920929,1,0,13,11.0,8.779304504394531,-1.2000000476837158,0.10000002384185791,0.00314156711101532,0.019999999552965164,0.0,0.0,0.0,-0.23930150270462036
817,15296,0,1912,2,OP3,FIXED_OPPONENT,train,SCRIPTED:OP3,0,2,3,-1,18,0.23999999463558197,1,0,1,11.0,10.806916978624132,-1.2000000476837158,-0.5,0.008686184883117676,0.019999999552965164,-1.0,-100.0,0.0,-0.5366866588592529
818,15320,0,1915,1,OP3,FIXED_OPPONENT,train,SCRIPTED:OP3,1,3,2,1,20,0.19999998807907104,1,0,2,13.0,10.548536682128907,1.5,0.5,-0.02301015704870224,0.029999999329447746,1.0,100.0,-0.019999999552965164,0.5799229145050049
819,15360,0,1920,1,OP3,FIXED_OPPONENT,train,SCRIPTED:OP3,0,2,3,-1,18,0.3199999928474426,1,0,2,11.0,10.558367411295572,-1.2000000476837158,-0.4000000059604645,-0.009479761123657227,0.0,-1.0,-100.0,0.0,-0.5211711525917053
820,15368,0,1921,0,OP3,FIXED_OPPONENT,train,SCRIPTED:OP3,0,2,3,-1,18,0.19999998807907104,1,0,4,11.0,9.509737650553385,-1.2000000476837158,-0.5,0.009980738162994385,0.0,-1.0,-100.0,0.0,-0.536923348903656
821,15384,0,1923,3,OP3,FIXED_OPPONENT,train,SCRIPTED:OP3,0,2,3,-1,19,0.1599999964237213,1,0,0,11.0,12.099346763209292,-1.2000000476837158,-0.5,-0.004644110798835754,0.019999999552965164,-1.0,-100.0,-0.019999999552965164,-0.5400111675262451
822,15392,0,1924,1,OP3,FIXED_OPPONENT,train,SCRIPTED:OP3,0,2,3,-1,21,0.23999999463558197,1,0,5,14.0,9.17201160249256,-1.2000000476837158,-0.5,0.015530675649642944,0.019999999552965164,-1.0,-100.0,0.0,-0.5366000533103943
823,15416,0,1927,3,OP3,FIXED_OPPONENT,train,SCRIPTED:OP3,0,2,3,-1,19,0.19999998807907104,1,0,0,12.0,10.690929212068257,-1.2000000476837158,-0.5,0.0035689324140548706,0.0,-1.0,-100.0,0.0,-0.5370045304298401
824,15424,0,1928,3,OP3,FIXED_OPPONENT,train,SCRIPTED:OP3,0,2,3,-1,18,0.11999999731779099,1,0,0,11.0,10.927780151367188,-1.2000000476837158,-0.5,0.009066775441169739,0.019999999552965164,-1.0,-100.0,-0.019999999552965164,-0.5398386120796204
825,15448,0,1931,3,OP3,FIXED_OPPONENT,train,SCRIPTED:OP3,1,3,1,2,19,0.19999998807907104,1,0,2,14.0,9.244969418174342,1.5,0.5,-0.025157257914543152,0.029999999329447746,1.0,100.0,0.0,0.5828397870063782
826,15472,0,1934,2,OP3,FIXED_OPPONENT,train,SCRIPTED:OP3,1,3,2,1,19,0.11999999731779099,1,0,2,13.0,11.925000642475329,1.5,0.5,-0.007597938179969788,0.029999999329447746,1.0,100.0,0.0,0.5830458998680115
827,15504,0,1938,1,OP3,FIXED_OPPONENT,train,SCRIPTED:OP3,0,2,3,-1,18,0.11999999731779099,1,0,2,11.0,11.743386162651909,-1.2000000476837158,0.0,-0.0009882450103759766,0.0,0.0,0.0,0.0,-0.2605368196964264
828,15528,0,1941,0,OP3,FIXED_OPPONENT,train,SCRIPTED:OP3,1,3,2,1,18,0.1599999964237213,1,0,0,11.0,12.125181410047743,1.5,0.0,0.005442813038825989,0.0,0.0,0.0,-0.03999999910593033,0.3136073052883148
829,15536,0,1942,2,OP3,FIXED_OPPONENT,train,SCRIPTED:OP3,0,1,3,-2,18,0.2800000011920929,1,0,3,11.0,10.43490261501736,-1.2000000476837158,-0.5,-0.000824853777885437,0.019999999552965164,-1.0,-100.0,0.0,-0.5368070602416992
830,15536,0,1942,3,OP3,FIXED_OPPONENT,train,SCRIPTED:OP3,0,3,3,0,21,0.3199999928474426,1,0,2,11.0,9.6102294921875,-0.699999988079071,0.0,-0.01014643907546997,0.0,0.0,0.0,0.0,-0.1544889658689499
831,15568,0,1946,2,OP3,FIXED_OPPONENT,train,SCRIPTED:OP3,1,3,2,1,19,0.35999998450279236,1,0,0,12.0,10.289562024568257,1.5,0.5,-0.020273342728614807,0.014999999664723873,1.0,100.0,-0.019999999552965164,0.5797781348228455
832,15576,0,1947,3,OP3,FIXED_OPPONENT,train,SCRIPTED:OP3,0,2,3,-1,19,0.2800000011920929,1,0,2,12.0,11.986332140470806,-1.2000000476837158,-0.5,0.016256079077720642,0.019999999552965164,-1.0,-100.0,-0.019999999552965164,-0.5397480130195618
833,15616,0,1952,1,OP3,FIXED_OPPONENT,train,SCRIPTED:OP3,0,2,3,-1,21,0.23999999463558197,1,0,7,12.0,10.591482979910714,-1.2000000476837158,-0.5,-0.003974810242652893,0.0,-1.0,-100.0,-0.019999999552965164,-0.5402545928955078
834,15624,0,1953,3,OP3,FIXED_OPPONENT,train,SCRIPTED:OP3,0,2,3,-1,19,0.2800000011920929,1,0,0,12.0,10.842025756835938,-1.2000000476837158,-0.5,-0.005674824118614197,0.0,-1.0,-100.0,0.0,-0.5371213555335999
835,15648,0,1956,1,OP3,FIXED_OPPONENT,train,SCRIPTED:OP3,1,3,2,1,18,0.1599999964237213,1,0,1,11.0,10.96604749891493,1.5,0.4000000059604645,0.004588492214679718,0.029999999329447746,1.0,100.0,0.0,0.5683345794677734
836,15664,0,1958,2,OP3,FIXED_OPPONENT,train,SCRIPTED:OP3,1,3,2,1,16,0.2800000011920929,1,0,0,11.0,12.388115882873535,1.5,0.0,0.0070687830448150635,0.0,0.0,0.0,-0.03999999910593033,0.31363335251808167
837,15672,0,1959,3,OP3,FIXED_OPPONENT,train,SCRIPTED:OP3,1,3,2,1,18,0.2800000011920929,1,0,0,11.0,11.455265469021267,1.5,0.5,0.018645823001861572,0.014999999664723873,1.0,100.0,0.0,0.5831778049468994
838,15680,0,1960,3,OP3,FIXED_OPPONENT,train,SCRIPTED:OP3,1,3,1,2,18,0.19999998807907104,1,0,1,11.0,11.177663167317709,1.5,0.5,0.023720279335975647,0.014999999664723873,1.0,100.0,0.0,0.5832372903823853
839,15712,0,1964,1,OP3,FIXED_OPPONENT,train,SCRIPTED:OP3,1,3,2,1,18,0.1599999964237213,1,0,0,11.0,10.609464857313368,1.5,0.4000000059604645,0.004425764083862305,0.029999999329447746,1.0,100.0,0.0,0.5683326125144958
840,15728,0,1966,1,OP3,FIXED_OPPONENT,train,SCRIPTED:OP3,1,3,1,2,19,0.1599999964237213,1,0,1,12.0,10.60711669921875,1.5,0.5,-0.02158169448375702,0.029999999329447746,1.0,100.0,0.0,0.5828818082809448
841,15752,0,1969,0,OP3,FIXED_OPPONENT,train,SCRIPTED:OP3,1,3,2,1,17,0.3199999928474426,1,0,1,11.0,10.71067451028263,1.5,0.5,-0.017060354351997375,0.029999999329447746,1.0,100.0,0.0,0.5829348564147949
842,15760,0,1970,1,OP3,FIXED_OPPONENT,train,SCRIPTED:OP3,1,3,2,1,17,0.23999999463558197,1,0,1,11.0,10.689193725585938,1.5,0.4000000059604645,-0.006946459412574768,0.029999999329447746,1.0,100.0,0.0,0.5681957006454468
843,15808,0,1976,0,OP3,FIXED_OPPONENT,train,SCRIPTED:OP3,1,3,2,1,20,0.23999999463558197,1,0,5,13.0,9.723618316650391,1.5,0.5,-0.02094295620918274,0.029999999329447746,1.0,100.0,-0.019999999552965164,0.5799472332000732
844,15824,0,1978,2,OP3,FIXED_OPPONENT,train,SCRIPTED:OP3,0,2,3,-1,19,0.19999998807907104,1,0,1,12.0,10.475277549342104,-1.2000000476837158,-0.5,0.0010895133018493652,0.019999999552965164,-1.0,-100.0,-0.019999999552965164,-0.5399390459060669
845,15824,0,1978,3,OP3,FIXED_OPPONENT,train,SCRIPTED:OP3,1,3,2,1,20,0.3199999928474426,1,0,2,13.0,10.212371826171875,1.5,0.5,-0.02095264196395874,0.029999999329447746,1.0,100.0,-0.019999999552965164,0.5799471735954285
846,15840,0,1980,1,OP3,FIXED_OPPONENT,train,SCRIPTED:OP3,0,2,3,-1,20,0.2800000011920929,1,0,1,12.0,10.46637191772461,-1.2000000476837158,-0.5,-0.003188028931617737,0.0,-1.0,-100.0,0.0,-0.5370898842811584
847,15856,0,1982,1,OP3,FIXED_OPPONENT,train,SCRIPTED:OP3,1,3,2,1,18,0.23999999463558197,1,0,1,11.0,11.212259928385416,1.5,0.0,0.006096094846725464,0.0,0.0,0.0,0.0,0.32160985469818115
848,15880,0,1985,1,OP3,FIXED_OPPONENT,train,SCRIPTED:OP3,0,3,3,0,19,0.3199999928474426,1,0,4,11.0,9.61746537057977,-0.699999988079071,0.0,-0.010176852345466614,0.0,0.0,0.0,-0.019999999552965164,-0.1588248610496521
849,15888,0,1986,2,OP3,FIXED_OPPONENT,train,SCRIPTED:OP3,0,2,3,-1,16,0.19999998807907104,1,0,1,12.0,11.045805931091309,-1.2000000476837158,-0.5,-0.005789414048194885,0.019999999552965164,-1.0,-100.0,0.0,-0.5368698239326477
850,15904,0,1988,0,OP3,FIXED_OPPONENT,train,SCRIPTED:OP3,1,3,2,1,19,0.3999999761581421,1,0,0,11.0,9.633417229903372,1.5,0.5,-0.037408247590065,0.014999999664723873,1.0,100.0,0.0,0.5825197696685791
851,15944,0,1993,3,OP3,FIXED_OPPONENT,train,SCRIPTED:OP3,0,2,3,-1,17,0.23999999463558197,1,0,0,11.0,10.853505751665901,-1.2000000476837158,-0.4000000059604645,-0.0035452991724014282,0.0,-1.0,-100.0,-0.019999999552965164,-0.524324357509613
852,15968,0,1996,2,OP3,FIXED_OPPONENT,train,SCRIPTED:OP3,1,3,2,1,18,0.2800000011920929,1,0,1,11.0,11.349669562445747,1.5,0.4000000059604645,0.005804523825645447,0.014999999664723873,1.0,100.0,-0.019999999552965164,0.5651513338088989
853,15968,0,1996,0,OP3,FIXED_OPPONENT,train,SCRIPTED:OP3,1,3,2,1,18,0.3199999928474426,1,0,7,11.0,9.46784888373481,1.5,0.5,-0.020725898444652557,0.029999999329447746,1.0,100.0,0.0,0.5828918218612671
854,15992,0,1999,3,OP3,FIXED_OPPONENT,train,SCRIPTED:OP3,1,3,2,1,19,0.3199999928474426,0,1,3,12.0,8.138995521946958,1.5,0.5,-0.03268498182296753,0.029999999329447746,1.0,100.0,0.0,0.5827513933181763
855,16016,0,2002,2,OP3,FIXED_OPPONENT,train,SCRIPTED:OP3,1,3,2,1,20,0.3199999928474426,1,0,5,13.0,9.71646957397461,1.5,0.0,-0.008055567741394043,0.0,0.0,0.0,-0.019999999552965164,0.3173932433128357
856,16032,0,2004,0,OP3,FIXED_OPPONENT,train,SCRIPTED:OP3,1,3,2,1,16,0.23999999463558197,1,0,3,12.0,10.556676864624023,1.5,0.0,-0.008148238062858582,0.0,0.0,0.0,0.0,0.3213828206062317
857,16040,0,2005,0,OP3,FIXED_OPPONENT,train,SCRIPTED:OP3,1,3,2,1,19,0.19999998807907104,1,0,4,12.0,9.449656436317845,1.5,0.5,-0.0053741782903671265,0.014999999664723873,1.0,100.0,0.0,0.5828959941864014
858,16064,0,2008,1,OP3,FIXED_OPPONENT,train,SCRIPTED:OP3,0,3,3,0,23,0.19999998807907104,1,0,3,12.0,9.704764988111412,-0.699999988079071,0.0,0.008465945720672607,0.0,0.0,0.0,0.0,-0.15416596829891205
859,16096,0,2012,3,OP3,FIXED_OPPONENT,train,SCRIPTED:OP3,1,3,2,1,19,0.19999998807907104,1,0,10,12.0,9.46844482421875,1.5,0.4000000059604645,-0.009623110294342041,0.029999999329447746,1.0,100.0,-0.019999999552965164,0.5651461482048035
860,16120,0,2015,0,OP3,FIXED_OPPONENT,train,SCRIPTED:OP3,0,3,3,0,19,0.23999999463558197,1,0,6,11.0,9.508841263620477,-0.699999988079071,0.0,0.006654232740402222,0.0,0.0,0.0,-0.019999999552965164,-0.15853318572044373
861,16120,0,2015,0,OP3,FIXED_OPPONENT,train,SCRIPTED:OP3,1,3,2,1,19,0.19999998807907104,1,0,1,12.0,10.43312634919819,1.5,0.5,-0.0030458271503448486,0.029999999329447746,1.0,100.0,0.0,0.5830992460250854
862,16136,0,2017,0,OP3,FIXED_OPPONENT,train,SCRIPTED:OP3,1,3,2,1,18,0.2800000011920929,1,0,3,11.0,12.07221900092231,1.5,0.4000000059604645,-0.0042410194873809814,0.029999999329447746,1.0,100.0,0.0,0.5682283043861389
863,16136,0,2017,1,OP3,FIXED_OPPONENT,train,SCRIPTED:OP3,0,1,3,-2,15,0.1599999964237213,1,0,1,11.0,9.662677001953124,-1.2000000476837158,-0.5,0.011542588472366333,0.019999999552965164,-1.0,-100.0,0.0,-0.5366504788398743
864,16168,0,2021,0,OP3,FIXED_OPPONENT,train,SCRIPTED:OP3,1,3,2,1,17,0.1599999964237213,1,0,2,11.0,10.712846643784466,1.5,0.5,-0.0005028843879699707,0.0,1.0,100.0,-0.019999999552965164,0.5798344612121582
865,16184,0,2023,0,OP3,FIXED_OPPONENT,train,SCRIPTED:OP3,1,3,2,1,18,0.3199999928474426,1,0,3,11.0,9.543360392252604,1.5,0.5,-0.01517767459154129,0.029999999329447746,1.0,100.0,0.0,0.5829569101333618
866,16208,0,2026,0,OP3,FIXED_OPPONENT,train,SCRIPTED:OP3,1,3,2,1,18,0.23999999463558197,1,0,0,11.0,10.146325005425346,1.5,0.5,0.0020409226417541504,0.014999999664723873,1.0,100.0,0.0,0.5829829573631287
867,16224,0,2028,2,OP3,FIXED_OPPONENT,train,SCRIPTED:OP3,0,2,3,-1,16,0.1599999964237213,1,0,0,11.0,11.503652572631836,-1.2000000476837158,-0.4000000059604645,-0.0002141892910003662,0.0,-1.0,-100.0,-0.019999999552965164,-0.5242814421653748
868,16264,0,2033,2,OP3,FIXED_OPPONENT,train,SCRIPTED:OP3,0,2,3,-1,18,0.1599999964237213,1,0,2,11.0,9.352484809027779,-1.2000000476837158,0.10000002384185791,-0.004770264029502869,0.019999999552965164,0.0,0.0,0.0,-0.23943407833576202
869,16264,0,2033,3,OP3,FIXED_OPPONENT,train,SCRIPTED:OP3,1,3,2,1,18,0.35999998450279236,1,0,1,11.0,10.735437181260851,1.5,0.4000000059604645,-0.006489425897598267,0.029999999329447746,1.0,100.0,0.0,0.5682012438774109
870,16272,0,2034,0,OP3,FIXED_OPPONENT,train,SCRIPTED:OP3,0,2,3,-1,17,0.2800000011920929,1,0,4,13.0,11.090661441578584,-1.2000000476837158,0.0,-0.0010003894567489624,0.0,0.0,0.0,0.0,-0.2605369985103607
871,16280,0,2035,1,OP3,FIXED_OPPONENT,train,SCRIPTED:OP3,0,2,3,-1,18,0.19999998807907104,1,0,3,12.0,8.509194268120659,-1.2000000476837158,-0.5,0.012383028864860535,0.019999999552965164,-1.0,-100.0,0.0,-0.5366398692131042
872,16312,0,2039,1,OP3,FIXED_OPPONENT,train,SCRIPTED:OP3,1,3,1,2,16,0.2800000011920929,1,0,0,11.0,11.043509483337402,1.5,0.5,-0.0013452470302581787,0.02499999850988388,1.0,100.0,-0.019999999552965164,0.5801194906234741
873,16320,0,2040,1,OP3,FIXED_OPPONENT,train,SCRIPTED:OP3,0,2,3,-1,19,0.2800000011920929,1,0,2,12.0,11.479359676963405,-1.2000000476837158,-0.5,0.0008847415447235107,0.019999999552965164,-1.0,-100.0,0.0,-0.5367854237556458
874,16336,0,2042,2,OP3,FIXED_OPPONENT,train,SCRIPTED:OP3,0,2,3,-1,16,0.11999999731779099,1,0,4,11.0,10.482515335083008,-1.2000000476837158,0.0,0.004141911864280701,0.019999999552965164,0.0,0.0,-0.019999999552965164,-0.2642592489719391
875,16384,0,2048,1,OP3,FIXED_OPPONENT,train,SCRIPTED:OP3,0,3,3,0,20,0.2800000011920929,1,0,9,12.0,9.47505874633789,-0.699999988079071,0.0,0.001838982105255127,0.0,0.0,0.0,-0.019999999552965164,-0.15861663222312927
876,16408,1,3,0,OP3,FIXED_OPPONENT,train,SCRIPTED:OP3,0,2,3,-1,18,0.2800000011920929,1,0,0,11.0,10.162225511338976,-1.2000000476837158,-0.5,0.0034207701683044434,0.019999999552965164,-1.0,-100.0,-0.019999999552965164,-0.5399096608161926
877,16408,1,3,2,OP3,FIXED_OPPONENT,train,SCRIPTED:OP3,1,3,2,1,17,0.19999998807907104,1,0,0,11.0,11.127223295323988,1.5,0.4000000059604645,0.008708864450454712,0.029999999329447746,1.0,100.0,0.0,0.5683841705322266
878,16416,1,4,0,OP3,FIXED_OPPONENT,train,SCRIPTED:OP3,0,2,3,-1,19,0.23999999463558197,1,0,7,12.0,8.65350984272204,-1.2000000476837158,-0.5,0.0043686628341674805,0.019999999552965164,-1.0,-100.0,0.0,-0.5367412567138672
879,16424,1,5,2,OP3,FIXED_OPPONENT,train,SCRIPTED:OP3,1,3,2,1,18,0.2800000011920929,1,0,2,11.0,9.369820488823784,1.5,0.5,-0.01724541187286377,0.014999999664723873,1.0,100.0,0.0,0.5827566385269165
880,16448,1,8,0,OP3,FIXED_OPPONENT,train,SCRIPTED:OP3,1,3,1,2,17,0.23999999463558197,1,0,5,11.0,8.663747450884651,1.5,0.5,-0.010432824492454529,0.029999999329447746,1.0,100.0,0.0,0.5830126404762268
881,16456,1,9,2,OP3,FIXED_OPPONENT,train,SCRIPTED:OP3,1,3,2,1,17,0.3199999928474426,1,0,2,11.0,10.361118092256433,1.5,0.0,-0.010503441095352173,0.0,0.0,0.0,0.0,0.3213452696800232
882,16480,1,12,3,OP3,FIXED_OPPONENT,train,SCRIPTED:OP3,0,1,3,-2,18,0.2800000011920929,1,0,4,11.0,10.280997382269966,-1.2000000476837158,-0.5,0.00669899582862854,0.019999999552965164,-1.0,-100.0,0.0,-0.5367118120193481
883,16528,1,18,1,OP3,FIXED_OPPONENT,train,SCRIPTED:OP3,0,2,3,-1,18,0.23999999463558197,1,0,1,14.0,12.282584296332466,-1.2000000476837158,-0.5,0.0030256062746047974,0.019999999552965164,-1.0,-100.0,-0.019999999552965164,-0.5399146676063538
884,16544,1,20,0,OP3,FIXED_OPPONENT,train,SCRIPTED:OP3,1,3,2,1,17,0.1599999964237213,1,0,0,11.0,11.753868551815257,1.5,0.0,0.007453992962837219,0.0,0.0,0.0,0.0,0.321631520986557
885,16560,1,22,3,OP3,FIXED_OPPONENT,train,SCRIPTED:OP3,0,2,3,-1,18,0.19999998807907104,1,0,2,11.0,10.91280025906033,-1.2000000476837158,0.0,0.005520060658454895,0.0,0.0,0.0,0.0,-0.2604289948940277
886,16560,1,22,0,OP3,FIXED_OPPONENT,train,SCRIPTED:OP3,0,2,3,-1,19,0.23999999463558197,1,0,7,12.0,9.221804970189146,-1.2000000476837158,-0.5,-0.002874046564102173,0.0,-1.0,-100.0,0.0,-0.5370859503746033
887,16576,1,24,0,OP3,FIXED_OPPONENT,train,SCRIPTED:OP3,1,3,2,1,19,0.1599999964237213,1,0,2,12.0,9.698270295795641,1.5,0.0,-0.00991019606590271,0.0,0.0,0.0,0.0,0.3213547170162201
888,16600,1,27,2,OP3,FIXED_OPPONENT,train,SCRIPTED:OP3,1,3,2,1,18,0.23999999463558197,1,0,2,11.0,9.551765441894531,1.5,0.4000000059604645,-0.01020801067352295,0.029999999329447746,1.0,100.0,0.0,0.5681564211845398
889,16600,1,27,3,OP3,FIXED_OPPONENT,train,SCRIPTED:OP3,0,3,3,0,19,0.19999998807907104,1,0,4,12.0,10.457333213404604,-0.699999988079071,0.0,0.00884401798248291,0.0,0.0,0.0,0.0,-0.15415941178798676
890,16624,1,30,3,OP3,FIXED_OPPONENT,train,SCRIPTED:OP3,1,3,2,1,18,0.19999998807907104,1,0,1,11.0,10.715405782063803,1.5,0.4000000059604645,0.007915616035461426,0.029999999329447746,1.0,100.0,0.0,0.5683746337890625
891,16672,1,36,1,OP3,FIXED_OPPONENT,train,SCRIPTED:OP3,0,2,3,-1,18,0.3199999928474426,1,0,2,12.0,9.949746873643663,-1.2000000476837158,-0.4000000059604645,-0.010461419820785522,0.0,-1.0,-100.0,0.0,-0.5211838483810425
892,16688,1,38,2,OP3,FIXED_OPPONENT,train,SCRIPTED:OP3,1,3,2,1,18,0.3199999928474426,1,0,4,11.0,11.04209984673394,1.5,0.4000000059604645,0.00010358542203903198,0.029999999329447746,1.0,100.0,0.0,0.5682805776596069
893,16696,1,39,0,OP3,FIXED_OPPONENT,train,SCRIPTED:OP3,1,3,2,1,17,0.19999998807907104,1,0,2,11.0,9.858023250804228,1.5,0.4000000059604645,-0.004173070192337036,0.014999999664723873,1.0,100.0,0.0,0.5680485367774963
894,16712,1,41,0,OP3,FIXED_OPPONENT,train,SCRIPTED:OP3,1,3,2,1,19,0.23999999463558197,1,0,2,12.0,10.477623387386924,1.5,0.5,0.009363770484924316,0.014999999664723873,1.0,100.0,0.0,0.58306884765625
895,16728,1,43,1,OP3,FIXED_OPPONENT,train,SCRIPTED:OP3,1,3,2,1,19,0.23999999463558197,1,0,2,12.0,9.074325561523438,1.5,0.5,-0.03145648539066315,0.014999999664723873,1.0,100.0,0.0,0.5825896859169006
896,16744,1,45,0,OP3,FIXED_OPPONENT,train,SCRIPTED:OP3,0,2,3,-1,18,0.35999998450279236,1,0,0,11.0,10.441531711154514,-1.2000000476837158,-0.5,0.01484563946723938,0.0,-1.0,-100.0,0.0,-0.5368618369102478
897,16752,1,46,0,OP3,FIXED_OPPONENT,train,SCRIPTED:OP3,1,3,2,1,19,0.23999999463558197,1,0,3,12.0,10.552912661903783,1.5,0.5,-0.019840434193611145,0.029999999329447746,1.0,100.0,0.0,0.582902193069458
898,16776,1,49,1,OP3,FIXED_OPPONENT,train,SCRIPTED:OP3,0,3,3,0,19,0.23999999463558197,1,0,0,12.0,10.985292133532072,-0.699999988079071,0.0,0.003247007727622986,0.0,0.0,0.0,0.0,-0.15425655245780945
899,16816,1,54,0,OP3,FIXED_OPPONENT,train,SCRIPTED:OP3,0,2,3,-1,18,0.19999998807907104,1,0,3,11.0,10.930536905924479,-1.2000000476837158,-0.5,-0.0001090317964553833,0.019999999552965164,-1.0,-100.0,0.0,-0.5367979407310486
900,16832,1,56,3,OP3,FIXED_OPPONENT,train,SCRIPTED:OP3,0,2,3,-1,18,0.23999999463558197,1,0,2,11.0,11.390731811523438,-1.2000000476837158,-0.4000000059604645,-0.0001840442419052124,0.019999999552965164,-1.0,-100.0,0.0,-0.5207917094230652
901,16840,1,57,0,OP3,FIXED_OPPONENT,train,SCRIPTED:OP3,0,2,3,-1,18,0.23999999463558197,1,0,0,11.0,11.286827087402344,-1.2000000476837158,-0.5,-0.004522114992141724,0.019999999552965164,-1.0,-100.0,0.0,-0.5368538498878479
902,16872,1,61,3,OP3,FIXED_OPPONENT,train,SCRIPTED:OP3,1,3,2,1,18,0.11999999731779099,1,0,0,11.0,11.000413682725695,1.5,0.5,-0.03841192275285721,0.029999999329447746,1.0,100.0,0.0,0.5826841592788696
903,16880,1,62,3,OP3,FIXED_OPPONENT,train,SCRIPTED:OP3,1,3,2,1,21,0.23999999463558197,1,0,2,15.0,11.04435294015067,1.5,0.5,0.01273415982723236,0.029999999329447746,1.0,100.0,0.0,0.5832843780517578
904,16888,1,63,2,OP3,FIXED_OPPONENT,train,SCRIPTED:OP3,0,2,3,-1,18,0.2800000011920929,1,0,2,11.0,10.661300659179688,-1.2000000476837158,-0.4000000059604645,0.0029633790254592896,0.019999999552965164,-1.0,-100.0,-0.019999999552965164,-0.5239826440811157
905,16896,1,64,2,OP3,FIXED_OPPONENT,train,SCRIPTED:OP3,1,3,2,1,18,0.19999998807907104,1,0,5,11.0,11.216676500108507,1.5,0.5999999642372131,-0.005204364657402039,0.029999999329447746,1.0,100.0,0.0,0.5975512266159058
906,16936,1,69,3,OP3,FIXED_OPPONENT,train,SCRIPTED:OP3,1,3,2,1,20,0.35999998450279236,1,0,3,13.0,9.584212493896484,1.5,0.0,-0.010363668203353882,0.0,0.0,0.0,-0.019999999552965164,0.3173563480377197
907,16976,1,74,2,OP3,FIXED_OPPONENT,train,SCRIPTED:OP3,0,2,3,-1,20,0.1599999964237213,1,0,5,14.0,9.803945922851563,-1.2000000476837158,-0.4000000059604645,-0.00993858277797699,0.019999999552965164,-1.0,-100.0,0.0,-0.5209180116653442
908,16992,1,76,1,OP3,FIXED_OPPONENT,train,SCRIPTED:OP3,0,2,3,-1,19,0.2800000011920929,1,0,4,12.0,9.94704156172903,-1.2000000476837158,-0.5,-0.0009366124868392944,0.019999999552965164,-1.0,-100.0,-0.019999999552965164,-0.5399645566940308
909,17000,1,77,2,OP3,FIXED_OPPONENT,train,SCRIPTED:OP3,0,3,3,0,21,0.3199999928474426,1,0,1,13.0,9.981076921735491,-0.699999988079071,0.0,-0.007483005523681641,0.0,0.0,0.0,0.0,-0.15444277226924896
910,17016,1,79,2,OP3,FIXED_OPPONENT,train,SCRIPTED:OP3,0,2,3,-1,15,0.19999998807907104,1,0,0,11.0,11.296758015950521,-1.2000000476837158,-0.5,-0.011359497904777527,0.019999999552965164,-1.0,-100.0,-0.03999999910593033,-0.543236255645752
911,17024,1,80,0,OP3,FIXED_OPPONENT,train,SCRIPTED:OP3,0,2,3,-1,18,0.3199999928474426,1,0,0,11.0,10.152186075846354,-1.2000000476837158,-0.4000000059604645,8.763372898101807e-05,0.0,-1.0,-100.0,0.0,-0.5210472345352173
912,17032,1,81,1,OP3,FIXED_OPPONENT,train,SCRIPTED:OP3,1,3,2,1,18,0.23999999463558197,1,0,2,11.0,10.119153340657553,1.5,0.0,-0.007421940565109253,0.0,0.0,0.0,0.0,0.3213943839073181
913,17032,1,81,3,OP3,FIXED_OPPONENT,train,SCRIPTED:OP3,1,3,2,1,20,0.2800000011920929,1,0,4,14.0,10.690473175048828,1.5,0.5,-0.012058019638061523,0.014999999664723873,1.0,100.0,0.0,0.5828174352645874
914,17112,1,91,3,OP3,FIXED_OPPONENT,train,SCRIPTED:OP3,0,3,3,0,22,0.3999999761581421,1,0,3,14.0,9.544001492587002,-0.699999988079071,0.0,-0.007357001304626465,0.0,0.0,0.0,0.0,-0.15444056689739227
915,17112,1,91,1,OP3,FIXED_OPPONENT,train,SCRIPTED:OP3,0,2,3,-1,17,0.19999998807907104,1,0,0,12.0,11.527867036707262,-1.2000000476837158,-0.4000000059604645,-0.008260145783424377,0.019999999552965164,-1.0,-100.0,-0.019999999552965164,-0.5241273641586304
916,17152,1,96,0,OP3,FIXED_OPPONENT,train,SCRIPTED:OP3,0,1,3,-2,19,0.19999998807907104,1,0,3,12.0,10.449472527754935,-1.2000000476837158,0.0,-0.0013124197721481323,0.019999999552965164,0.0,0.0,-0.019999999552965164,-0.26434943079948425
917,17152,1,96,1,OP3,FIXED_OPPONENT,train,SCRIPTED:OP3,1,3,2,1,20,0.1599999964237213,1,0,2,13.0,10.999498748779297,1.5,0.5,-0.030463218688964844,0.029999999329447746,1.0,100.0,-0.019999999552965164,0.5798349380493164
918,17168,1,98,1,OP3,FIXED_OPPONENT,train,SCRIPTED:OP3,1,3,2,1,19,0.2800000011920929,1,0,8,11.0,9.843142057719984,1.5,0.5,-0.02422817051410675,0.029999999329447746,1.0,100.0,0.0,0.5828506946563721
919,17176,1,99,0,OP3,FIXED_OPPONENT,train,SCRIPTED:OP3,0,3,3,0,18,0.19999998807907104,1,0,1,11.0,9.58589341905382,-0.699999988079071,0.0,0.007766634225845337,0.0,0.0,0.0,-0.019999999552965164,-0.1585139036178589
920,17192,1,101,1,OP3,FIXED_OPPONENT,train,SCRIPTED:OP3,1,3,2,1,21,0.2800000011920929,1,0,4,14.0,9.656460716610862,1.5,0.0,-0.007283851504325867,0.0,0.0,0.0,0.0,0.3213965892791748
921,17192,1,101,2,OP3,FIXED_OPPONENT,train,SCRIPTED:OP3,0,3,3,0,20,0.19999998807907104,1,0,3,13.0,10.279081726074219,-0.699999988079071,0.5,0.008111342787742615,0.0,1.0,100.0,-0.019999999552965164,0.1717580109834671
922,17248,1,108,3,OP3,FIXED_OPPONENT,train,SCRIPTED:OP3,0,2,3,-1,17,0.2800000011920929,1,0,0,13.0,12.639652027803308,-1.2000000476837158,0.0,0.00815550982952118,0.0,0.0,0.0,0.0,-0.26038530468940735
923,17248,1,108,1,OP3,FIXED_OPPONENT,train,SCRIPTED:OP3,1,3,2,1,17,0.1599999964237213,1,0,3,11.0,11.435843075022978,1.5,0.4000000059604645,-0.0013277232646942139,0.029999999329447746,1.0,100.0,0.0,0.5682632923126221
924,17296,1,114,2,OP3,FIXED_OPPONENT,train,SCRIPTED:OP3,0,2,3,-1,18,0.2800000011920929,1,0,0,11.0,10.34419420030382,-1.2000000476837158,-0.5,0.013827607035636902,0.0,-1.0,-100.0,0.0,-0.5368746519088745
925,17304,1,115,0,OP3,FIXED_OPPONENT,train,SCRIPTED:OP3,0,3,3,0,19,0.23999999463558197,1,0,1,11.0,10.792376066509046,-0.699999988079071,0.0,-0.00032001733779907227,0.0,0.0,0.0,0.0,-0.15431846678256989
926,17312,1,116,2,OP3,FIXED_OPPONENT,train,SCRIPTED:OP3,1,3,2,1,15,0.23999999463558197,1,0,0,11.0,10.55112813313802,1.5,0.0,-0.006470769643783569,0.0,0.0,0.0,0.0,0.32140955328941345
927,17328,1,118,3,OP3,FIXED_OPPONENT,train,SCRIPTED:OP3,0,2,3,-1,20,0.1599999964237213,1,0,4,13.0,10.055333709716797,-1.2000000476837158,-0.5,0.0033241361379623413,0.019999999552965164,-1.0,-100.0,0.0,-0.5367545485496521
928,17344,1,120,2,OP3,FIXED_OPPONENT,train,SCRIPTED:OP3,1,3,2,1,21,0.07999999821186066,0,1,2,14.0,10.860369001116071,1.5,0.5,-0.007475435733795166,0.029999999329447746,1.0,100.0,0.0,0.5830472707748413
929,17344,1,120,1,OP3,FIXED_OPPONENT,train,SCRIPTED:OP3,0,2,3,-1,19,0.19999998807907104,0,1,4,12.0,10.269006026418586,-1.2000000476837158,0.0,0.0032080858945846558,0.0,0.0,0.0,0.0,-0.2604672610759735
930,17384,1,125,3,OP3,FIXED_OPPONENT,train,SCRIPTED:OP3,1,3,2,1,17,0.23999999463558197,1,0,4,11.0,10.438562729779411,1.5,0.5,-0.02228415012359619,0.029999999329447746,1.0,100.0,0.0,0.582873523235321
931,17400,1,127,1,OP3,FIXED_OPPONENT,train,SCRIPTED:OP3,0,2,3,-1,19,0.11999999731779099,1,0,5,12.0,10.38698377107319,-1.2000000476837158,-0.5,-0.00022961199283599854,0.019999999552965164,-1.0,-100.0,0.0,-0.5367994904518127
932,17416,1,129,2,OP3,FIXED_OPPONENT,train,SCRIPTED:OP3,0,2,3,-1,15,0.19999998807907104,1,0,2,11.0,9.964115397135417,-1.2000000476837158,-0.5,-0.002575978636741638,0.019999999552965164,-1.0,-100.0,-0.019999999552965164,-0.539985179901123
933,17456,1,134,0,OP3,FIXED_OPPONENT,train,SCRIPTED:OP3,0,2,3,-1,18,0.2800000011920929,1,0,3,11.0,9.339483473036024,-1.2000000476837158,0.0,0.006471872329711914,0.019999999552965164,0.0,0.0,0.0,-0.2600817382335663
934,17472,1,136,1,OP3,FIXED_OPPONENT,train,SCRIPTED:OP3,1,3,2,1,18,0.11999999731779099,1,0,2,11.0,11.268159654405382,1.5,0.5,-0.017404459416866302,0.029999999329447746,1.0,100.0,0.0,0.5829308032989502
935,17472,1,136,3,OP3,FIXED_OPPONENT,train,SCRIPTED:OP3,1,3,2,1,21,0.23999999463558197,1,0,6,14.0,9.40523202078683,1.5,0.5,-0.018837586045265198,0.029999999329447746,1.0,100.0,0.0,0.5829139947891235
936,17488,1,138,2,OP3,FIXED_OPPONENT,train,SCRIPTED:OP3,1,3,2,1,18,0.19999998807907104,1,0,0,11.0,12.091268751356337,1.5,0.4000000059604645,-0.009094253182411194,0.029999999329447746,1.0,100.0,-0.019999999552965164,0.5651525259017944
937,17488,1,138,0,OP3,FIXED_OPPONENT,train,SCRIPTED:OP3,0,2,3,-1,18,0.23999999463558197,1,0,2,11.0,10.32143825954861,-1.2000000476837158,-0.4000000059604645,-0.009078621864318848,0.0,-1.0,-100.0,0.0,-0.5211659669876099
938,17512,1,141,0,OP3,FIXED_OPPONENT,train,SCRIPTED:OP3,1,3,1,2,16,0.1599999964237213,1,0,2,12.0,11.231661796569824,1.5,0.4000000059604645,-0.009368494153022766,0.029999999329447746,1.0,100.0,-0.019999999552965164,0.5651493072509766
939,17552,1,146,1,OP3,FIXED_OPPONENT,train,SCRIPTED:OP3,1,3,2,1,19,0.35999998450279236,1,0,1,13.0,9.794103522049753,1.5,0.5,-0.039649441838264465,0.029999999329447746,1.0,100.0,0.0,0.5826696753501892
940,17560,1,147,3,OP3,FIXED_OPPONENT,train,SCRIPTED:OP3,0,2,3,-1,18,0.23999999463558197,1,0,0,11.0,10.40775638156467,-1.2000000476837158,-0.5,-0.005152851343154907,0.019999999552965164,-1.0,-100.0,0.0,-0.536861777305603
941,17600,1,152,0,OP3,FIXED_OPPONENT,train,SCRIPTED:OP3,0,2,3,-1,18,0.1599999964237213,1,0,1,11.0,10.409988403320312,-1.2000000476837158,-0.5,0.015032783150672913,0.019999999552965164,-1.0,-100.0,0.0,-0.5366063117980957
942,17608,1,153,1,OP3,FIXED_OPPONENT,train,SCRIPTED:OP3,0,2,3,-1,17,0.23999999463558197,1,0,2,11.0,11.335968915153952,-1.2000000476837158,0.0,0.008771851658821106,0.0,0.0,0.0,0.0,-0.26037508249282837
943,17616,1,154,2,OP3,FIXED_OPPONENT,train,SCRIPTED:OP3,0,2,3,-1,18,0.2800000011920929,1,0,2,11.0,9.599288940429688,-1.2000000476837158,-0.5,-0.023364171385765076,0.019999999552965164,-1.0,-100.0,0.0,-0.5370920896530151
944,17640,1,157,2,OP3,FIXED_OPPONENT,train,SCRIPTED:OP3,1,3,2,1,19,0.3199999928474426,1,0,1,12.0,10.084772210372122,1.5,0.5,-0.015157148241996765,0.029999999329447746,1.0,100.0,0.0,0.5829571485519409
945,17648,1,158,0,OP3,FIXED_OPPONENT,train,SCRIPTED:OP3,0,2,3,-1,20,0.35999998450279236,1,0,1,12.0,10.611811065673828,-1.2000000476837158,-0.5,0.001641988754272461,0.019999999552965164,-1.0,-100.0,-0.03999999910593033,-0.543073296546936
946,17656,1,159,1,OP3,FIXED_OPPONENT,train,SCRIPTED:OP3,1,3,2,1,18,0.3199999928474426,1,0,4,11.0,8.579264322916666,1.5,0.5,0.005577221512794495,0.02499999850988388,1.0,100.0,-0.019999999552965164,0.5802010893821716
947,17672,1,161,1,OP3,FIXED_OPPONENT,train,SCRIPTED:OP3,0,2,3,-1,15,0.19999998807907104,1,0,1,11.0,10.042319742838542,-1.2000000476837158,0.0,0.006022244691848755,0.0,0.0,0.0,0.0,-0.26042065024375916
948,17712,1,166,0,OP3,FIXED_OPPONENT,train,SCRIPTED:OP3,1,3,2,1,19,0.1599999964237213,1,0,6,12.0,10.918975830078125,1.5,0.5,-0.008738793432712555,0.029999999329447746,1.0,100.0,-0.019999999552965164,0.5800912380218506
949,17744,1,170,3,OP3,FIXED_OPPONENT,train,SCRIPTED:OP3,1,3,2,1,18,0.23999999463558197,1,0,3,11.0,10.409995185004341,1.5,0.4000000059604645,0.00824098289012909,0.029999999329447746,1.0,100.0,0.0,0.5683785080909729
950,17752,1,171,2,OP3,FIXED_OPPONENT,train,SCRIPTED:OP3,1,3,2,1,18,0.23999999463558197,1,0,0,12.0,11.260787963867188,1.5,0.5,-0.010285355150699615,0.029999999329447746,1.0,100.0,0.0,0.5830143690109253
951,17760,1,172,0,OP3,FIXED_OPPONENT,train,SCRIPTED:OP3,1,3,2,1,18,0.2800000011920929,1,0,1,12.0,11.802144368489584,1.5,0.5,0.006919875741004944,0.029999999329447746,1.0,100.0,0.0,0.5832161903381348
952,17792,1,176,2,OP3,FIXED_OPPONENT,train,SCRIPTED:OP3,0,2,3,-1,19,0.19999998807907104,1,0,0,12.0,10.021209716796875,-1.2000000476837158,-0.5,0.0018455535173416138,0.0,-1.0,-100.0,0.0,-0.5370263457298279
953,17808,1,178,2,OP3,FIXED_OPPONENT,train,SCRIPTED:OP3,1,3,2,1,20,0.3199999928474426,1,0,4,13.0,9.516173553466796,1.5,0.4000000059604645,-0.010252803564071655,0.014999999664723873,1.0,100.0,-0.019999999552965164,0.5649570226669312
954,17816,1,179,1,OP3,FIXED_OPPONENT,train,SCRIPTED:OP3,1,3,2,1,18,0.23999999463558197,1,0,0,11.0,10.014022827148438,1.5,0.0,-0.007257744669914246,0.0,0.0,0.0,0.0,0.32139700651168823
955,17824,1,180,3,OP3,FIXED_OPPONENT,train,SCRIPTED:OP3,1,3,2,1,21,0.23999999463558197,1,0,2,13.0,11.272293817429315,1.5,0.5,0.010950401425361633,0.029999999329447746,1.0,100.0,0.0,0.5832634568214417
956,17856,1,184,1,OP3,FIXED_OPPONENT,train,SCRIPTED:OP3,1,3,2,1,18,0.19999998807907104,1,0,2,11.0,9.785824245876736,1.5,0.4000000059604645,-0.002391815185546875,0.029999999329447746,1.0,100.0,-0.019999999552965164,0.5652336478233337
957,17888,1,188,0,OP3,FIXED_OPPONENT,train,SCRIPTED:OP3,0,3,3,0,18,0.19999998807907104,1,0,1,11.0,11.855055067274305,-0.699999988079071,0.0,0.003661893308162689,-0.009059987030923367,0.0,0.0,-0.019999999552965164,-0.1587420552968979
958,17904,1,190,3,OP3,FIXED_OPPONENT,train,SCRIPTED:OP3,0,2,3,-1,18,0.23999999463558197,1,0,2,11.0,10.316468980577257,-1.2000000476837158,-0.4000000059604645,0.0003220885992050171,0.019999999552965164,-1.0,-100.0,0.0,-0.5207851529121399
959,17920,1,192,3,OP3,FIXED_OPPONENT,train,SCRIPTED:OP3,0,3,3,0,21,0.2800000011920929,1,0,5,13.0,9.69440423874628,-0.699999988079071,0.0,0.008601188659667969,0.0,0.0,0.0,0.0,-0.15416362881660461
960,17936,1,194,2,OP3,FIXED_OPPONENT,train,SCRIPTED:OP3,1,3,1,2,18,0.23999999463558197,1,0,0,13.0,9.394571092393663,1.5,0.5,-0.0014916807413101196,0.014999999664723873,1.0,100.0,-0.03999999910593033,0.577042818069458
961,17952,1,196,2,OP3,FIXED_OPPONENT,train,SCRIPTED:OP3,1,3,2,1,18,0.2800000011920929,1,0,2,11.0,9.811455620659721,1.5,0.4000000059604645,-0.010298267006874084,0.029999999329447746,1.0,100.0,-0.019999999552965164,0.5651379823684692
962,17968,1,198,2,OP3,FIXED_OPPONENT,train,SCRIPTED:OP3,0,2,3,-1,18,0.3199999928474426,1,0,2,11.0,11.697219848632812,-1.2000000476837158,-0.4000000059604645,-0.012367352843284607,0.019999999552965164,-1.0,-100.0,0.0,-0.5209495425224304
963,17968,1,198,1,OP3,FIXED_OPPONENT,train,SCRIPTED:OP3,1,3,2,1,19,0.23999999463558197,1,0,3,12.0,11.614856117650083,1.5,0.0,-0.00608418881893158,0.0,0.0,0.0,0.0,0.3214157223701477
964,18000,1,202,0,OP3,FIXED_OPPONENT,train,SCRIPTED:OP3,0,2,3,-1,18,0.1599999964237213,1,0,5,11.0,11.133771260579428,-1.2000000476837158,-0.4000000059604645,0.00021411478519439697,0.019999999552965164,-1.0,-100.0,0.0,-0.5207865238189697
965,18032,1,206,0,OP3,FIXED_OPPONENT,train,SCRIPTED:OP3,0,3,3,0,18,0.2800000011920929,1,0,0,11.0,10.077202690972221,-0.699999988079071,0.0,-0.006845816969871521,0.0,0.0,0.0,0.0,-0.15443170070648193
966,18048,1,208,1,OP3,FIXED_OPPONENT,train,SCRIPTED:OP3,0,2,3,-1,18,0.23999999463558197,1,0,5,11.0,10.13570064968533,-1.2000000476837158,-0.5,-4.9740076065063477e-05,0.019999999552965164,-1.0,-100.0,0.0,-0.5367972254753113
967,18056,1,209,0,OP3,FIXED_OPPONENT,train,SCRIPTED:OP3,1,3,2,1,17,0.1599999964237213,1,0,0,11.0,10.556181066176471,1.5,0.5,-0.024165078997612,0.029999999329447746,1.0,100.0,0.0,0.5828514099121094
968,18080,1,212,0,OP3,FIXED_OPPONENT,train,SCRIPTED:OP3,1,3,2,1,18,0.19999998807907104,1,0,0,11.0,11.938365512424046,1.5,0.5,-0.029432788491249084,0.029999999329447746,1.0,100.0,-0.019999999552965164,0.5798470973968506
969,18112,1,216,2,OP3,FIXED_OPPONENT,train,SCRIPTED:OP3,1,3,2,1,20,0.19999998807907104,1,0,4,13.0,9.480967712402343,1.5,0.5,-0.010967954993247986,0.029999999329447746,1.0,100.0,-0.019999999552965164,0.5800648927688599
970,18112,1,216,0,OP3,FIXED_OPPONENT,train,SCRIPTED:OP3,1,3,2,1,18,0.19999998807907104,1,0,1,12.0,11.630039638943142,1.5,0.4000000059604645,0.0040058717131614685,0.029999999329447746,1.0,100.0,0.0,0.5683275461196899
971,18136,1,219,3,OP3,FIXED_OPPONENT,train,SCRIPTED:OP3,0,3,3,0,21,0.23999999463558197,1,0,12,14.0,9.339840843563987,-0.699999988079071,0.0,0.008602678775787354,0.0,0.0,0.0,0.0,-0.15416359901428223
972,18136,1,219,1,OP3,FIXED_OPPONENT,train,SCRIPTED:OP3,0,2,3,-1,17,0.19999998807907104,1,0,1,12.0,12.537360696231618,-1.2000000476837158,-0.4000000059604645,-0.005905121564865112,0.0,-1.0,-100.0,0.0,-0.5211248397827148
973,18168,1,223,2,OP3,FIXED_OPPONENT,train,SCRIPTED:OP3,1,3,1,2,17,0.3199999928474426,1,0,3,12.0,9.406479779411764,1.5,0.5,0.015864908695220947,0.02499999850988388,1.0,100.0,0.0,0.5832624435424805
974,18200,1,227,1,OP3,FIXED_OPPONENT,train,SCRIPTED:OP3,1,3,2,1,19,0.11999999731779099,0,1,2,11.0,11.072210211502878,1.5,1.0,0.007467016577720642,0.029999999329447746,2.0,200.0,0.0,0.7618737816810608
975,18208,1,228,3,OP3,FIXED_OPPONENT,train,SCRIPTED:OP3,0,2,3,-1,19,0.2800000011920929,1,0,3,12.0,10.923302098324424,-1.2000000476837158,-0.5,-0.0076550692319869995,0.019999999552965164,-1.0,-100.0,-0.019999999552965164,-0.540049135684967
976,18232,1,231,3,OP3,FIXED_OPPONENT,train,SCRIPTED:OP3,0,3,3,0,19,0.2800000011920929,1,0,3,12.0,10.2220458984375,-0.699999988079071,0.0,0.00868639349937439,0.0,0.0,0.0,-0.019999999552965164,-0.15849795937538147
977,18240,1,232,2,OP3,FIXED_OPPONENT,train,SCRIPTED:OP3,1,3,2,1,16,0.19999998807907104,1,0,1,11.0,9.470924377441406,1.5,0.5,-0.027593672275543213,0.029999999329447746,1.0,100.0,-0.019999999552965164,0.5798687934875488
978,18264,1,235,1,OP3,FIXED_OPPONENT,train,SCRIPTED:OP3,0,2,3,-1,19,0.19999998807907104,1,0,4,12.0,9.528902555766859,-1.2000000476837158,-0.5,0.004329770803451538,0.019999999552965164,-1.0,-100.0,0.0,-0.5367418527603149
979,18280,1,237,1,OP3,FIXED_OPPONENT,train,SCRIPTED:OP3,1,3,2,1,18,0.2800000011920929,1,0,3,11.0,10.439601474338108,1.5,0.5,-0.005478769540786743,0.029999999329447746,1.0,100.0,0.0,0.5830707550048828
980,18304,1,240,2,OP3,FIXED_OPPONENT,train,SCRIPTED:OP3,1,3,2,1,21,0.3199999928474426,1,0,4,14.0,8.65201895577567,1.5,0.5,0.0012333840131759644,0.02499999850988388,1.0,100.0,0.0,0.5830907821655273
981,18328,1,243,3,OP3,FIXED_OPPONENT,train,SCRIPTED:OP3,1,3,2,1,20,0.1599999964237213,1,0,6,14.0,10.21008071899414,1.5,0.5,-0.012623459100723267,0.029999999329447746,1.0,100.0,-0.019999999552965164,0.5800454020500183
982,18344,1,245,0,OP3,FIXED_OPPONENT,train,SCRIPTED:OP3,1,3,2,1,18,0.2800000011920929,1,0,1,11.0,10.667427910698784,1.5,0.5,-0.02765311300754547,0.014999999664723873,1.0,100.0,0.0,0.5826343894004822
983,18360,1,247,1,OP3,FIXED_OPPONENT,train,SCRIPTED:OP3,0,3,3,0,19,0.23999999463558197,1,0,2,12.0,8.724741885536595,-0.699999988079071,0.0,-0.006964042782783508,0.0,0.0,0.0,-0.019999999552965164,-0.15876919031143188
984,18384,1,250,0,OP3,FIXED_OPPONENT,train,SCRIPTED:OP3,1,3,2,1,18,0.2800000011920929,1,0,4,11.0,9.74366675482856,1.5,0.0,-0.005436904728412628,0.0,0.0,0.0,0.0,0.32142603397369385
985,18400,1,252,3,OP3,FIXED_OPPONENT,train,SCRIPTED:OP3,1,3,2,1,17,0.1599999964237213,1,0,2,13.0,11.352585736443014,1.5,0.5,-0.004245832562446594,0.029999999329447746,1.0,100.0,-0.019999999552965164,0.5801442861557007
986,18400,1,252,0,OP3,FIXED_OPPONENT,train,SCRIPTED:OP3,1,3,2,1,21,0.23999999463558197,1,0,6,14.0,10.426278250558036,1.5,0.5,0.013345077633857727,0.029999999329447746,1.0,100.0,0.0,0.5832915902137756
987,18424,1,255,0,OP3,FIXED_OPPONENT,train,SCRIPTED:OP3,1,3,2,1,18,0.23999999463558197,1,0,0,11.0,11.47478993733724,1.5,0.5,-0.010070547461509705,0.014999999664723873,1.0,100.0,0.0,0.5828408002853394
988,18432,1,256,1,OP3,FIXED_OPPONENT,train,SCRIPTED:OP3,1,3,2,1,16,0.3999999761581421,1,0,0,11.0,11.813912391662598,1.5,0.4000000059604645,-6.683170795440674e-05,0.014999999664723873,1.0,100.0,0.0,0.5680979490280151
989,18456,1,259,2,OP3,FIXED_OPPONENT,train,SCRIPTED:OP3,1,3,1,2,16,0.19999998807907104,1,0,0,12.0,10.996330261230469,1.5,0.0,0.0073618292808532715,0.0,0.0,0.0,0.0,0.3216300308704376
990,18504,1,265,0,OP3,FIXED_OPPONENT,train,SCRIPTED:OP3,1,3,2,1,18,0.19999998807907104,1,0,0,11.0,11.898958841959635,1.5,0.5,-0.014819428324699402,0.029999999329447746,1.0,100.0,0.0,0.5829611420631409
991,18512,1,266,2,OP3,FIXED_OPPONENT,train,SCRIPTED:OP3,1,3,2,1,21,0.19999998807907104,1,0,3,14.0,9.984388805571056,1.5,0.5,-0.01582413911819458,0.029999999329447746,1.0,100.0,0.0,0.5829493999481201
992,18520,1,267,3,OP3,FIXED_OPPONENT,train,SCRIPTED:OP3,1,3,1,2,15,0.23999999463558197,1,0,0,11.0,11.658280436197916,1.5,0.4000000059604645,0.008704796433448792,0.014999999664723873,1.0,100.0,0.0,0.5682035684585571
993,18528,1,268,0,OP3,FIXED_OPPONENT,train,SCRIPTED:OP3,1,3,2,1,18,0.2800000011920929,1,0,0,11.0,11.605806138780382,1.5,0.4000000059604645,0.0015826672315597534,0.014999999664723873,1.0,100.0,0.0,0.5681178569793701
994,18552,1,271,0,OP3,FIXED_OPPONENT,train,SCRIPTED:OP3,0,2,3,-1,19,0.19999998807907104,1,0,1,12.0,10.673188862047697,-1.2000000476837158,-0.5,0.01407305896282196,0.019999999552965164,-1.0,-100.0,0.0,-0.5366184711456299
995,18568,1,273,1,OP3,FIXED_OPPONENT,train,SCRIPTED:OP3,1,3,2,1,18,0.19999998807907104,1,0,0,11.0,12.613780551486546,1.5,0.5,-0.029327452182769775,0.029999999329447746,1.0,100.0,-0.019999999552965164,0.5798483490943909
996,18576,1,274,1,OP3,FIXED_OPPONENT,train,SCRIPTED:OP3,0,2,3,-1,18,0.19999998807907104,1,0,0,12.0,10.715270148383247,-1.2000000476837158,-0.4000000059604645,-0.008657112717628479,0.019999999552965164,-1.0,-100.0,0.0,-0.5209014415740967
997,18600,1,277,1,OP3,FIXED_OPPONENT,train,SCRIPTED:OP3,1,3,2,1,18,0.19999998807907104,0,1,2,11.0,10.360849168565538,1.5,0.4000000059604645,-0.00461452454328537,0.029999999329447746,1.0,100.0,0.0,0.5682238340377808
998,18648,1,283,1,OP3,FIXED_OPPONENT,train,SCRIPTED:OP3,0,2,3,-1,17,0.23999999463558197,1,0,0,12.0,11.600243063534007,-1.2000000476837158,-0.4000000059604645,-0.0046403855085372925,0.019999999552965164,-1.0,-100.0,-0.019999999552965164,-0.5240806341171265
999,18664,1,285,2,OP3,FIXED_OPPONENT,train,SCRIPTED:OP3,1,3,1,2,18,0.23999999463558197,1,0,4,11.0,9.662734985351562,1.5,0.5,0.001554042100906372,0.02499999850988388,1.0,100.0,0.0,0.583094596862793
1000,18672,1,286,1,OP3,FIXED_OPPONENT,train,SCRIPTED:OP3,0,2,3,-1,21,0.1599999964237213,1,0,4,14.0,10.259894234793526,-1.2000000476837158,0.0,0.013849318027496338,0.019999999552965164,0.0,0.0,0.0,-0.2599594295024872
1001,18672,1,286,3,OP3,FIXED_OPPONENT,train,SCRIPTED:OP3,1,3,2,1,18,0.23999999463558197,1,0,1,11.0,11.45774671766493,1.5,0.5,-0.011324211955070496,0.029999999329447746,1.0,100.0,0.0,0.5830021500587463
1002,18696,1,289,0,OP3,FIXED_OPPONENT,train,SCRIPTED:OP3,1,3,2,1,18,0.23999999463558197,1,0,1,11.0,12.39885033501519,1.5,0.4000000059604645,0.012048646807670593,0.029999999329447746,1.0,100.0,0.0,0.5684243440628052
1003,18728,1,293,0,OP3,FIXED_OPPONENT,train,SCRIPTED:OP3,0,2,3,-1,19,0.11999999731779099,1,0,2,11.0,9.646228187962583,-1.2000000476837158,-0.5,0.01531323790550232,0.019999999552965164,-1.0,-100.0,-0.019999999552965164,-0.5397598743438721
1004,18736,1,294,0,OP3,FIXED_OPPONENT,train,SCRIPTED:OP3,0,2,3,-1,21,0.2800000011920929,1,0,0,11.0,11.002397083100819,-1.2000000476837158,-0.5,0.015285521745681763,0.0,-1.0,-100.0,0.0,-0.5368562936782837
1005,18752,1,296,0,OP3,FIXED_OPPONENT,train,SCRIPTED:OP3,0,2,3,-1,19,0.23999999463558197,1,0,5,13.0,8.947567588404604,-1.2000000476837158,-0.5,-0.0024830996990203857,0.0,-1.0,-100.0,-0.019999999552965164,-0.5402358770370483
1006,18784,1,300,0,OP3,FIXED_OPPONENT,train,SCRIPTED:OP3,1,3,2,1,17,0.3199999928474426,1,0,1,11.0,9.122916726505055,1.5,0.4000000059604645,-0.007928803563117981,0.014999999664723873,1.0,100.0,-0.019999999552965164,0.5649850964546204
1007,18800,1,302,1,OP3,FIXED_OPPONENT,train,SCRIPTED:OP3,1,3,2,1,16,0.3199999928474426,1,0,0,11.0,10.628817558288574,1.5,0.5,0.02980712056159973,0.029999999329447746,1.0,100.0,0.0,0.5834846496582031
1008,18816,1,304,0,OP3,FIXED_OPPONENT,train,SCRIPTED:OP3,0,3,3,0,19,0.35999998450279236,1,0,5,11.0,10.233713250411185,-0.699999988079071,0.0,0.005065649747848511,0.0,0.0,0.0,0.0,-0.15422499179840088
1009,18832,1,306,0,OP3,FIXED_OPPONENT,train,SCRIPTED:OP3,1,3,2,1,20,0.1599999964237213,1,0,3,13.0,11.203656768798828,1.5,0.5,-0.012762926518917084,0.029999999329447746,1.0,100.0,-0.019999999552965164,0.5800437927246094
1010,18840,1,307,1,OP3,FIXED_OPPONENT,train,SCRIPTED:OP3,1,3,2,1,18,0.1599999964237213,1,0,4,11.0,10.120747884114584,1.5,1.0,-0.014880076050758362,0.029999999329447746,2.0,200.0,0.0,0.7617069482803345
1011,18872,1,311,1,OP3,FIXED_OPPONENT,train,SCRIPTED:OP3,1,3,2,1,18,0.23999999463558197,0,1,8,11.0,9.912163628472221,1.5,0.5,-0.0006797760725021362,0.029999999329447746,1.0,100.0,0.0,0.5831270813941956
1012,18880,1,312,3,OP3,FIXED_OPPONENT,train,SCRIPTED:OP3,1,3,2,1,18,0.35999998450279236,1,0,0,11.0,11.24836646185981,1.5,0.4000000059604645,-0.00675588846206665,0.029999999329447746,1.0,100.0,-0.019999999552965164,0.5651808381080627
1013,18896,1,314,2,OP3,FIXED_OPPONENT,train,SCRIPTED:OP3,1,3,2,1,18,0.2800000011920929,1,0,2,11.0,11.08719974093967,1.5,0.5,-0.03419096767902374,0.014999999664723873,1.0,100.0,0.0,0.5825575590133667
1014,18928,1,318,3,OP3,FIXED_OPPONENT,train,SCRIPTED:OP3,1,3,1,2,18,0.35999998450279236,1,0,1,11.0,9.987128363715279,1.5,0.5,-0.017516672611236572,0.014999999664723873,1.0,100.0,0.0,0.5827534198760986
1015,18960,1,322,2,OP3,FIXED_OPPONENT,train,SCRIPTED:OP3,0,2,3,-1,20,0.23999999463558197,1,0,2,13.0,9.739927673339844,-1.2000000476837158,-0.5,0.012706533074378967,0.019999999552965164,-1.0,-100.0,-0.019999999552965164,-0.5397926568984985
1016,18968,1,323,3,OP3,FIXED_OPPONENT,train,SCRIPTED:OP3,1,3,2,1,19,0.23999999463558197,1,0,5,12.0,10.252751400596217,1.5,0.5,-0.0009309947490692139,0.029999999329447746,1.0,100.0,0.0,0.5831241607666016
1017,18984,1,325,0,OP3,FIXED_OPPONENT,train,SCRIPTED:OP3,0,3,3,0,19,0.35999998450279236,1,0,3,12.0,9.417062859786185,-0.699999988079071,0.0,-0.008526548743247986,0.0,0.0,0.0,0.0,-0.1544608771800995
1018,18984,1,325,2,OP3,FIXED_OPPONENT,train,SCRIPTED:OP3,1,3,2,1,18,0.23999999463558197,1,0,3,11.0,9.939823574490017,1.5,0.0,0.0001894831657409668,0.0,0.0,0.0,0.0,0.3215157389640808
1019,19016,1,329,1,OP3,FIXED_OPPONENT,train,SCRIPTED:OP3,1,3,2,1,18,0.23999999463558197,1,0,0,11.0,12.008480495876736,1.5,0.4000000059604645,-0.009896814823150635,0.014999999664723873,1.0,100.0,0.0,0.5679795742034912
1020,19024,1,330,1,OP3,FIXED_OPPONENT,train,SCRIPTED:OP3,0,2,3,-1,18,0.1599999964237213,1,0,7,11.0,9.448182000054253,-1.2000000476837158,0.0,-0.004701718688011169,0.019999999552965164,0.0,0.0,0.0,-0.26026690006256104
1021,19040,1,332,0,OP3,FIXED_OPPONENT,train,SCRIPTED:OP3,0,2,3,-1,18,0.19999998807907104,1,0,5,11.0,11.178827921549479,-1.2000000476837158,-0.4000000059604645,-0.002230733633041382,0.019999999552965164,-1.0,-100.0,0.0,-0.5208182334899902
1022,19088,1,338,1,OP3,FIXED_OPPONENT,train,SCRIPTED:OP3,0,3,3,0,20,0.1599999964237213,1,0,0,12.0,11.852948760986328,-0.699999988079071,0.0,-0.005901239812374115,0.0,0.0,0.0,0.0,-0.1544153094291687
1023,19104,1,340,3,OP3,FIXED_OPPONENT,train,SCRIPTED:OP3,1,3,2,1,17,0.2800000011920929,1,0,1,11.0,10.578359267290901,1.5,0.0,0.006151571869850159,0.0,0.0,0.0,0.0,0.3216107487678528
1024,19120,1,342,1,OP3,FIXED_OPPONENT,train,SCRIPTED:OP3,1,3,2,1,20,0.23999999463558197,1,0,4,11.0,8.938383483886719,1.5,0.5,0.006177142262458801,0.014999999664723873,1.0,100.0,0.0,0.5830315351486206
1025,19128,1,343,0,OP3,FIXED_OPPONENT,train,SCRIPTED:OP3,0,2,3,-1,18,0.2800000011920929,1,0,1,11.0,11.226461622450087,-1.2000000476837158,-0.5,-0.006894752383232117,0.0,-1.0,-100.0,-0.019999999552965164,-0.540291428565979
1026,19128,1,343,0,OP3,FIXED_OPPONENT,train,SCRIPTED:OP3,1,3,2,1,18,0.19999998807907104,1,0,4,11.0,10.442079332139757,1.5,0.699999988079071,0.015099629759788513,0.029999999329447746,1.0,100.0,0.0,0.6118749976158142
1027,19152,1,346,1,OP3,FIXED_OPPONENT,train,SCRIPTED:OP3,1,3,2,1,16,0.19999998807907104,1,0,1,11.0,9.849502563476562,1.5,0.4000000059604645,-0.010270684957504272,0.029999999329447746,1.0,100.0,0.0,0.5681557059288025
1028,19160,1,347,0,OP3,FIXED_OPPONENT,train,SCRIPTED:OP3,1,3,2,1,18,0.3199999928474426,1,0,1,11.0,9.914185418023003,1.5,0.5,0.00269925594329834,0.014999999664723873,1.0,100.0,0.0,0.5829906463623047
1029,19184,1,350,2,OP3,FIXED_OPPONENT,train,SCRIPTED:OP3,0,2,3,-1,18,0.2800000011920929,1,0,3,11.0,9.049431694878471,-1.2000000476837158,-0.4000000059604645,0.00352497398853302,0.0,-1.0,-100.0,0.0,-0.5210027694702148
1030,19232,1,356,3,OP3,FIXED_OPPONENT,train,SCRIPTED:OP3,1,3,2,1,18,0.23999999463558197,1,0,2,11.0,8.556868659125435,1.5,0.4000000059604645,0.007031530141830444,0.014999999664723873,1.0,100.0,-0.019999999552965164,0.5651661157608032
1031,19248,1,358,0,OP3,FIXED_OPPONENT,train,SCRIPTED:OP3,0,3,3,0,18,0.23999999463558197,1,0,2,11.0,11.294300503200954,-0.699999988079071,0.19999998807907104,-0.008514933288097382,0.0,0.0,0.0,0.0,-0.11080563813447952
1032,19272,1,361,0,OP3,FIXED_OPPONENT,train,SCRIPTED:OP3,0,2,3,-1,18,0.35999998450279236,1,0,2,11.0,10.367913987901476,-1.2000000476837158,-0.4000000059604645,-0.0007331669330596924,0.0,-1.0,-100.0,-0.019999999552965164,-0.5242881178855896
1033,19272,1,361,3,OP3,FIXED_OPPONENT,train,SCRIPTED:OP3,0,2,3,-1,18,0.2800000011920929,1,0,4,11.0,8.851243760850695,-1.2000000476837158,-0.4000000059604645,0.004959851503372192,0.019999999552965164,-1.0,-100.0,0.0,-0.5207250714302063
1034,19272,1,361,3,OP3,FIXED_OPPONENT,train,SCRIPTED:OP3,1,3,2,1,19,0.19999998807907104,1,0,10,12.0,9.399246215820312,1.5,0.5,-0.00431254506111145,0.029999999329447746,1.0,100.0,0.0,0.5830844640731812
1035,19304,1,365,3,OP3,FIXED_OPPONENT,train,SCRIPTED:OP3,1,3,2,1,19,0.23999999463558197,1,0,1,12.0,9.572906494140625,1.5,0.5,-0.01256929337978363,0.014999999664723873,1.0,100.0,0.0,0.5828114748001099
1036,19304,1,365,3,OP3,FIXED_OPPONENT,train,SCRIPTED:OP3,1,3,2,1,18,0.11999999731779099,1,0,6,11.0,11.124226888020834,1.5,0.5,-0.006508380174636841,0.029999999329447746,1.0,100.0,0.0,0.5830586552619934
1037,19312,1,366,0,OP3,FIXED_OPPONENT,train,SCRIPTED:OP3,0,2,3,-1,16,0.19999998807907104,1,0,1,12.0,11.083890914916992,-1.2000000476837158,-0.5,-0.0052344053983688354,0.0,-1.0,-100.0,-0.03999999910593033,-0.5434101223945618
1038,19368,1,373,3,OP3,FIXED_OPPONENT,train,SCRIPTED:OP3,1,3,2,1,15,0.1599999964237213,1,0,2,11.0,10.706577555338542,1.5,0.5,-0.02069781720638275,0.029999999329447746,1.0,100.0,0.0,0.5828921794891357
1039,19384,1,375,3,OP3,FIXED_OPPONENT,train,SCRIPTED:OP3,0,2,3,-1,19,0.19999998807907104,1,0,2,12.0,11.741810848838405,-1.2000000476837158,-0.5,0.01352451741695404,0.019999999552965164,-1.0,-100.0,0.0,-0.5366254448890686
1040,19416,1,379,2,OP3,FIXED_OPPONENT,train,SCRIPTED:OP3,1,3,2,1,18,0.19999998807907104,1,0,1,11.0,10.42683834499783,1.5,0.4000000059604645,-0.0021158233284950256,0.029999999329447746,1.0,100.0,0.0,0.5682538747787476
1041,19440,1,382,2,OP3,FIXED_OPPONENT,train,SCRIPTED:OP3,0,2,3,-1,21,0.2800000011920929,1,0,6,14.0,9.460760207403274,-1.2000000476837158,-0.5,0.014519929885864258,0.019999999552965164,-1.0,-100.0,0.0,-0.5366128087043762
1042,19440,1,382,2,OP3,FIXED_OPPONENT,train,SCRIPTED:OP3,0,2,3,-1,21,0.2800000011920929,1,0,3,14.0,10.291412353515625,-1.2000000476837158,-0.5,0.0009181499481201172,0.019999999552965164,-1.0,-100.0,0.0,-0.5367850065231323
1043,19456,1,384,2,OP3,FIXED_OPPONENT,train,SCRIPTED:OP3,0,2,3,-1,19,0.19999998807907104,1,0,0,11.0,11.061391730057565,-1.2000000476837158,-0.5,0.013156086206436157,0.019999999552965164,-1.0,-100.0,0.0,-0.5366300940513611
1044,19464,1,385,2,OP3,FIXED_OPPONENT,train,SCRIPTED:OP3,1,3,2,1,19,0.35999998450279236,1,0,3,12.0,9.672856381064967,1.5,0.5,-0.02318871021270752,0.029999999329447746,1.0,100.0,0.0,0.5828628540039062
1045,19472,1,386,0,OP3,FIXED_OPPONENT,train,SCRIPTED:OP3,1,3,2,1,21,0.23999999463558197,1,0,1,14.0,10.446753365652901,1.5,0.5,0.018907219171524048,0.029999999329447746,1.0,100.0,0.0,0.5833568572998047
1046,19528,1,393,3,OP3,FIXED_OPPONENT,train,SCRIPTED:OP3,1,3,2,1,20,0.3199999928474426,1,0,2,13.0,10.03469009399414,1.5,0.4000000059604645,-0.009973138570785522,0.014999999664723873,1.0,100.0,-0.019999999552965164,0.5649603605270386
1047,19568,1,398,3,OP3,FIXED_OPPONENT,train,SCRIPTED:OP3,0,2,3,-1,16,0.11999999731779099,1,0,0,12.0,12.855112075805664,-1.2000000476837158,0.0,0.006365366280078888,0.0,0.0,0.0,0.0,-0.2604149580001831
1048,19568,1,398,2,OP3,FIXED_OPPONENT,train,SCRIPTED:OP3,1,3,2,1,19,0.19999998807907104,1,0,1,12.0,10.5119773463199,1.5,0.5,-0.002670489251613617,0.029999999329447746,1.0,100.0,0.0,0.5831037163734436
1049,19568,1,398,2,OP3,FIXED_OPPONENT,train,SCRIPTED:OP3,0,3,3,0,23,0.47999998927116394,1,0,3,15.0,10.567266713018002,-0.699999988079071,0.0,-0.008954986929893494,0.0,0.0,0.0,0.0,-0.15446829795837402
1050,19592,1,401,1,OP3,FIXED_OPPONENT,train,SCRIPTED:OP3,0,2,3,-1,19,0.23999999463558197,1,0,0,11.0,11.045730590820312,-1.2000000476837158,-0.5,0.002505257725715637,0.019999999552965164,-1.0,-100.0,0.0,-0.536764919757843
1051,19592,1,401,3,OP3,FIXED_OPPONENT,train,SCRIPTED:OP3,1,3,2,1,17,0.19999998807907104,1,0,1,11.0,10.582906386431526,1.5,0.0,-0.010494306683540344,0.0,0.0,0.0,-0.019999999552965164,0.3173542618751526
1052,19616,1,404,3,OP3,FIXED_OPPONENT,train,SCRIPTED:OP3,0,1,3,-2,18,0.19999998807907104,1,0,3,11.0,10.842598809136284,-1.2000000476837158,0.0,-0.004610598087310791,0.019999999552965164,0.0,0.0,0.0,-0.26026540994644165
1053,19632,1,406,1,OP3,FIXED_OPPONENT,train,SCRIPTED:OP3,0,3,3,0,21,0.19999998807907104,1,0,3,13.0,10.966204688662575,-0.699999988079071,0.0,-0.005393989384174347,0.0,0.0,0.0,-0.019999999552965164,-0.15874198079109192
1054,19680,1,412,1,OP3,FIXED_OPPONENT,train,SCRIPTED:OP3,1,3,2,1,19,0.2800000011920929,1,0,0,12.0,10.866544221576891,1.5,0.0,-0.0008030980825424194,0.0,0.0,0.0,0.0,0.32149991393089294
1055,19704,1,415,2,OP3,FIXED_OPPONENT,train,SCRIPTED:OP3,1,3,2,1,17,0.19999998807907104,1,0,0,11.0,10.185560338637409,1.5,0.5,0.008520379662513733,0.029999999329447746,1.0,100.0,0.0,0.583234965801239
1056,19720,1,417,2,OP3,FIXED_OPPONENT,train,SCRIPTED:OP3,0,3,3,0,19,0.1599999964237213,1,0,0,11.0,11.397869712428042,-0.699999988079071,0.0,0.008824080228805542,0.0,0.0,0.0,0.0,-0.1541597545146942
1057,19720,1,417,3,OP3,FIXED_OPPONENT,train,SCRIPTED:OP3,0,2,3,-1,16,0.19999998807907104,1,0,0,12.0,11.49848747253418,-1.2000000476837158,-0.5,0.006149858236312866,0.0,-1.0,-100.0,0.0,-0.5369718670845032
1058,19720,1,417,3,OP3,FIXED_OPPONENT,train,SCRIPTED:OP3,1,3,2,1,19,0.1599999964237213,1,0,2,12.0,11.461268374794408,1.5,0.5,0.013406336307525635,0.029999999329447746,1.0,100.0,0.0,0.5832922458648682
1059,19736,1,419,2,OP3,FIXED_OPPONENT,train,SCRIPTED:OP3,1,3,2,1,18,0.1599999964237213,1,0,9,11.0,9.892594231499565,1.5,0.4000000059604645,0.006552010774612427,0.029999999329447746,1.0,100.0,0.0,0.5683581829071045
1060,19760,1,422,0,OP3,FIXED_OPPONENT,train,SCRIPTED:OP3,0,2,3,-1,16,0.1599999964237213,1,0,0,11.0,10.876834869384766,-1.2000000476837158,-0.5,-0.00638270378112793,0.019999999552965164,-1.0,-100.0,-0.03999999910593033,-0.5431738495826721
1061,19768,1,423,1,OP3,FIXED_OPPONENT,train,SCRIPTED:OP3,0,2,3,-1,19,0.11999999731779099,1,0,1,12.0,11.385196886564556,-1.2000000476837158,-0.5,0.008041948080062866,0.019999999552965164,-1.0,-100.0,0.0,-0.5366948246955872
1062,19816,1,429,1,OP3,FIXED_OPPONENT,train,SCRIPTED:OP3,1,3,2,1,17,0.23999999463558197,1,0,2,11.0,10.856141931870404,1.5,0.0,-0.00021666288375854492,0.0,0.0,0.0,-0.019999999552965164,0.31751856207847595
1063,19832,1,431,2,OP3,FIXED_OPPONENT,train,SCRIPTED:OP3,0,2,3,-1,16,0.2800000011920929,1,0,0,12.0,10.741713523864746,-1.2000000476837158,-0.5,-0.009283646941184998,0.0,-1.0,-100.0,-0.019999999552965164,-0.5403214693069458
1064,19864,1,435,3,OP3,FIXED_OPPONENT,train,SCRIPTED:OP3,0,2,3,-1,18,0.23999999463558197,1,0,3,14.0,9.497177124023438,-1.2000000476837158,-0.4000000059604645,-0.005101427435874939,0.019999999552965164,-1.0,-100.0,0.0,-0.5208554267883301
1065,19864,1,435,3,OP3,FIXED_OPPONENT,train,SCRIPTED:OP3,0,2,3,-1,18,0.1599999964237213,1,0,0,11.0,11.629597981770834,-1.2000000476837158,-0.5,-0.003934681415557861,0.0,-1.0,-100.0,0.0,-0.5370993614196777
1066,19872,1,436,3,OP3,FIXED_OPPONENT,train,SCRIPTED:OP3,0,2,3,-1,19,0.19999998807907104,1,0,5,11.0,9.538130107678866,-1.2000000476837158,-0.5,-0.004029065370559692,0.019999999552965164,-1.0,-100.0,-0.019999999552965164,-0.5400035381317139
1067,19880,1,437,1,OP3,FIXED_OPPONENT,train,SCRIPTED:OP3,1,3,2,1,18,0.11999999731779099,1,0,7,12.0,10.126469930013021,1.5,0.5,-0.0017967075109481812,0.029999999329447746,1.0,100.0,0.0,0.5831139087677002
1068,19904,1,440,3,OP3,FIXED_OPPONENT,train,SCRIPTED:OP3,1,3,2,1,18,0.23999999463558197,1,0,0,11.0,10.12410142686632,1.5,0.5,0.0037661269307136536,0.029999999329447746,1.0,100.0,0.0,0.583179235458374
1069,19920,1,442,0,OP3,FIXED_OPPONENT,train,SCRIPTED:OP3,0,2,3,-1,19,0.19999998807907104,1,0,6,12.0,9.744958977950247,-1.2000000476837158,-0.5,-0.004190117120742798,0.0,-1.0,-100.0,0.0,-0.5371025800704956
1070,19968,1,448,3,OP3,FIXED_OPPONENT,train,SCRIPTED:OP3,0,3,3,0,19,0.23999999463558197,1,0,4,12.0,10.388734516344572,-0.699999988079071,0.0,0.0069818198680877686,0.0,0.0,0.0,0.0,-0.1541917324066162
1071,19984,1,450,1,OP3,FIXED_OPPONENT,train,SCRIPTED:OP3,0,2,3,-1,19,0.2800000011920929,1,0,1,12.0,9.460724680047287,-1.2000000476837158,-0.5,0.011206179857254028,0.019999999552965164,-1.0,-100.0,-0.019999999552965164,-0.5398116111755371
1072,20016,1,454,2,OP3,FIXED_OPPONENT,train,SCRIPTED:OP3,0,3,3,0,19,0.19999998807907104,1,0,3,12.0,10.860824584960938,-0.699999988079071,0.0,0.007812842726707458,0.0,0.0,0.0,-0.019999999552965164,-0.1585131138563156
1073,20016,1,454,1,OP3,FIXED_OPPONENT,train,SCRIPTED:OP3,1,3,2,1,19,0.23999999463558197,1,0,1,12.0,11.141690705951891,1.5,0.5,-0.029966101050376892,0.029999999329447746,1.0,100.0,0.0,0.5827833414077759
1074,20016,1,454,2,OP3,FIXED_OPPONENT,train,SCRIPTED:OP3,1,3,2,1,18,0.19999998807907104,1,0,0,11.0,10.25349595811632,1.5,0.4000000059604645,-0.005124986171722412,0.029999999329447746,1.0,100.0,0.0,0.5682176947593689
1075,20024,1,455,3,OP3,FIXED_OPPONENT,train,SCRIPTED:OP3,1,3,2,1,18,0.23999999463558197,1,0,2,11.0,9.584648132324219,1.5,0.0,-0.0061315447092056274,0.0,0.0,0.0,0.0,0.3214149475097656
1076,20056,1,459,2,OP3,FIXED_OPPONENT,train,SCRIPTED:OP3,1,3,2,1,19,0.3199999928474426,1,0,0,11.0,9.137707358912417,1.5,0.5,0.0016517788171768188,0.014999999664723873,1.0,100.0,0.0,0.582978367805481
1077,20080,1,462,0,OP3,FIXED_OPPONENT,train,SCRIPTED:OP3,0,2,3,-1,20,0.2800000011920929,1,0,1,13.0,11.639173126220703,-1.2000000476837158,-0.5,0.015231475234031677,0.019999999552965164,-1.0,-100.0,-0.03999999910593033,-0.542902946472168
1078,20112,1,466,2,OP3,FIXED_OPPONENT,train,SCRIPTED:OP3,0,2,3,-1,18,0.19999998807907104,1,0,1,11.0,11.081355624728733,-1.2000000476837158,-0.5,-0.007507592439651489,0.0,-1.0,-100.0,0.0,-0.5371445417404175
1079,20128,1,468,3,OP3,FIXED_OPPONENT,train,SCRIPTED:OP3,1,3,1,2,18,0.2800000011920929,1,0,2,11.0,10.639938354492188,1.5,0.5,-0.008139029145240784,0.014999999664723873,1.0,100.0,0.0,0.582863450050354
1080,20160,1,472,1,OP3,FIXED_OPPONENT,train,SCRIPTED:OP3,0,2,3,-1,18,0.1599999964237213,1,0,0,11.0,13.137550354003906,-1.2000000476837158,-0.4000000059604645,-0.0032623708248138428,0.019999999552965164,-1.0,-100.0,0.0,-0.5208315253257751
1081,20160,1,472,2,OP3,FIXED_OPPONENT,train,SCRIPTED:OP3,0,2,3,-1,18,0.2800000011920929,1,0,1,11.0,10.107244703504774,-1.2000000476837158,-0.5,-0.0007136613130569458,0.019999999552965164,-1.0,-100.0,-0.019999999552965164,-0.5399617552757263
1082,20168,1,473,2,OP3,FIXED_OPPONENT,train,SCRIPTED:OP3,0,2,3,-1,18,0.23999999463558197,1,0,0,11.0,12.910714043511284,-1.2000000476837158,-0.5,0.014112487435340881,0.019999999552965164,-1.0,-100.0,0.0,-0.5366179347038269
1083,20192,1,476,3,OP3,FIXED_OPPONENT,train,SCRIPTED:OP3,1,3,2,1,22,0.35999998450279236,1,0,3,14.0,9.240878018465908,1.5,0.5,-0.02316272258758545,0.014999999664723873,1.0,100.0,0.0,0.5826871395111084
1084,20208,1,478,2,OP3,FIXED_OPPONENT,train,SCRIPTED:OP3,0,2,3,-1,16,0.1599999964237213,1,0,4,11.0,9.37733268737793,-1.2000000476837158,0.0,-0.009728625416755676,0.0,0.0,0.0,-0.03999999910593033,-0.26894712448120117
1085,20216,1,479,1,OP3,FIXED_OPPONENT,train,SCRIPTED:OP3,1,3,2,1,20,0.1599999964237213,1,0,1,13.0,11.12319107055664,1.5,0.5,-0.024033114314079285,0.029999999329447746,1.0,100.0,0.0,0.5828529596328735
1086,20256,1,484,1,OP3,FIXED_OPPONENT,train,SCRIPTED:OP3,0,2,3,-1,18,0.23999999463558197,1,0,2,11.0,10.774854871961805,-1.2000000476837158,-0.4000000059604645,0.004503324627876282,0.0,-1.0,-100.0,0.0,-0.5209900736808777
1087,20280,1,487,0,OP3,FIXED_OPPONENT,train,SCRIPTED:OP3,0,2,3,-1,19,0.23999999463558197,1,0,4,12.0,8.768203735351562,-1.2000000476837158,-0.5,-0.004934221506118774,0.0,-1.0,-100.0,0.0,-0.5371119379997253
1088,20288,1,488,0,OP3,FIXED_OPPONENT,train,SCRIPTED:OP3,1,3,2,1,16,0.19999998807907104,1,0,0,12.0,10.687849044799805,1.5,0.5,-0.018783070147037506,0.029999999329447746,1.0,100.0,-0.019999999552965164,0.5799727439880371
1089,20288,1,488,1,OP3,FIXED_OPPONENT,train,SCRIPTED:OP3,0,2,3,-1,15,0.1599999964237213,1,0,0,11.0,11.091059366861979,-1.2000000476837158,-0.5,0.0025861412286758423,0.019999999552965164,-1.0,-100.0,0.0,-0.5367638468742371
1090,20304,1,490,0,OP3,FIXED_OPPONENT,train,SCRIPTED:OP3,1,3,2,1,18,0.23999999463558197,1,0,5,11.0,9.82638210720486,1.5,0.4000000059604645,-0.009844392538070679,0.014999999664723873,1.0,100.0,0.0,0.5679802298545837
1091,20344,1,495,1,OP3,FIXED_OPPONENT,train,SCRIPTED:OP3,0,3,3,0,19,0.11999999731779099,1,0,2,11.0,10.820799978155838,-0.699999988079071,0.0,-0.0003859102725982666,0.0,0.0,0.0,0.0,-0.15431959927082062
1092,20352,1,496,0,OP3,FIXED_OPPONENT,train,SCRIPTED:OP3,1,3,2,1,18,0.19999998807907104,1,0,7,11.0,9.650355021158854,1.5,0.5,-0.021326690912246704,0.029999999329447746,1.0,100.0,-0.019999999552965164,0.5799427032470703
1093,20368,1,498,2,OP3,FIXED_OPPONENT,train,SCRIPTED:OP3,1,3,2,1,19,0.19999998807907104,1,0,3,12.0,11.17192238255551,1.5,0.5,0.006761856377124786,0.029999999329447746,1.0,100.0,-0.019999999552965164,0.5802739858627319
1094,20408,1,503,0,OP3,FIXED_OPPONENT,train,SCRIPTED:OP3,0,3,3,0,19,0.19999998807907104,1,0,0,12.0,10.66632722553454,-0.699999988079071,0.0,0.0015979856252670288,0.0,0.0,0.0,0.0,-0.15428516268730164
1095,20416,1,504,3,OP3,FIXED_OPPONENT,train,SCRIPTED:OP3,1,3,2,1,16,0.23999999463558197,1,0,1,11.0,11.24614143371582,1.5,0.5,-0.014520153403282166,0.029999999329447746,1.0,100.0,-0.019999999552965164,0.5800230503082275
1096,20448,1,508,3,OP3,FIXED_OPPONENT,train,SCRIPTED:OP3,1,3,2,1,21,0.19999998807907104,1,0,4,14.0,10.095786685035343,1.5,0.5,0.009103924036026001,0.029999999329447746,1.0,100.0,-0.019999999552965164,0.5803016424179077
1097,20456,1,509,1,OP3,FIXED_OPPONENT,train,SCRIPTED:OP3,1,3,2,1,19,0.11999999731779099,1,0,2,12.0,10.081049065840872,1.5,0.5,-0.014797456562519073,0.029999999329447746,1.0,100.0,0.0,0.5829614400863647
1098,20456,1,509,1,OP3,FIXED_OPPONENT,train,SCRIPTED:OP3,1,3,2,1,21,0.23999999463558197,1,0,1,14.0,11.235017322358631,1.5,0.5,-0.002020731568336487,0.029999999329447746,1.0,100.0,0.0,0.5831112861633301
1099,20480,1,512,2,OP3,FIXED_OPPONENT,train,SCRIPTED:OP3,1,3,2,1,17,0.23999999463558197,1,0,1,11.0,10.991736019358916,1.5,0.5,-0.024815216660499573,0.029999999329447746,1.0,100.0,0.0,0.5828437805175781
1100,20504,1,515,2,OP3,FIXED_OPPONENT,train,SCRIPTED:OP3,1,3,1,2,19,0.3199999928474426,1,0,2,12.0,10.512623034025493,1.5,0.5,-0.02450568974018097,0.029999999329447746,1.0,100.0,0.0,0.5828474760055542
1101,20520,1,517,0,OP3,FIXED_OPPONENT,train,SCRIPTED:OP3,0,3,3,0,19,0.1599999964237213,1,0,2,12.0,9.8065185546875,-0.699999988079071,0.0,-0.003082066774368286,0.0,0.0,0.0,-0.019999999552965164,-0.15870192646980286
1102,20552,1,521,0,OP3,FIXED_OPPONENT,train,SCRIPTED:OP3,0,2,3,-1,18,0.3199999928474426,1,0,4,11.0,9.164844936794704,-1.2000000476837158,-0.5,8.985400199890137e-06,0.019999999552965164,-1.0,-100.0,-0.019999999552965164,-0.5399526357650757
1103,20560,1,522,2,OP3,FIXED_OPPONENT,train,SCRIPTED:OP3,0,2,3,-1,18,0.2800000011920929,1,0,0,11.0,11.393664042154947,-1.2000000476837158,-0.5,-0.00046490132808685303,0.0,-1.0,-100.0,0.0,-0.537055492401123
1104,20592,1,526,0,OP3,FIXED_OPPONENT,train,SCRIPTED:OP3,1,3,2,1,18,0.11999999731779099,1,0,0,11.0,11.595137702094185,1.5,0.5,-0.0229790061712265,0.029999999329447746,1.0,100.0,0.0,0.5828653573989868
1105,20608,1,528,1,OP3,FIXED_OPPONENT,train,SCRIPTED:OP3,0,3,3,0,19,0.19999998807907104,1,0,4,12.0,10.249453895970396,-0.699999988079071,0.0,0.008934766054153442,0.0,0.0,0.0,-0.019999999552965164,-0.15849365293979645
1106,20616,1,529,1,OP3,FIXED_OPPONENT,train,SCRIPTED:OP3,1,3,1,2,17,0.3199999928474426,1,0,3,13.0,9.339734245749082,1.5,0.5,-0.019359126687049866,0.02499999850988388,1.0,100.0,-0.019999999552965164,0.5799069404602051
1107,20624,1,530,3,OP3,FIXED_OPPONENT,train,SCRIPTED:OP3,1,3,2,1,21,0.23999999463558197,1,0,4,14.0,8.974059331984748,1.5,0.4000000059604645,-0.0061935484409332275,0.029999999329447746,1.0,100.0,0.0,0.5682047605514526
1108,20656,1,534,3,OP3,FIXED_OPPONENT,train,SCRIPTED:OP3,0,3,3,0,19,0.3199999928474426,1,0,0,12.0,10.45683449193051,-0.699999988079071,0.0,0.007771119475364685,0.0,0.0,0.0,0.0,-0.15417803823947906
1109,20664,1,535,1,OP3,FIXED_OPPONENT,train,SCRIPTED:OP3,1,3,2,1,18,0.23999999463558197,1,0,0,11.0,11.80784437391493,1.5,0.5,-0.010144725441932678,0.029999999329447746,1.0,100.0,0.0,0.583016037940979
1110,20712,1,541,0,OP3,FIXED_OPPONENT,train,SCRIPTED:OP3,0,3,3,0,19,0.23999999463558197,1,0,5,12.0,10.257070440995065,-0.699999988079071,0.0,-0.006945163011550903,0.0,0.0,0.0,0.0,-0.1544334441423416
1111,20736,1,544,0,OP3,FIXED_OPPONENT,train,SCRIPTED:OP3,1,3,2,1,18,0.23999999463558197,1,0,0,11.0,9.403316921657986,1.5,0.5,-0.0006561428308486938,0.014999999664723873,1.0,100.0,0.0,0.5829513072967529
1112,20736,1,544,1,OP3,FIXED_OPPONENT,train,SCRIPTED:OP3,0,3,3,0,23,0.19999998807907104,1,0,1,12.0,12.217307712720787,-0.699999988079071,0.0,0.00827208161354065,0.0,0.0,0.0,0.0,-0.15416933596134186
1113,20752,1,546,1,OP3,FIXED_OPPONENT,train,SCRIPTED:OP3,1,3,2,1,18,0.3199999928474426,1,0,0,12.0,10.678995768229166,1.5,0.5,0.010661587119102478,0.029999999329447746,1.0,100.0,-0.019999999552965164,0.5803200006484985
1114,20776,1,549,3,OP3,FIXED_OPPONENT,train,SCRIPTED:OP3,1,3,2,1,19,0.23999999463558197,1,0,2,12.0,10.269363403320312,1.5,0.5,0.009100884199142456,0.014999999664723873,1.0,100.0,0.0,0.5830657482147217
1115,20776,1,549,1,OP3,FIXED_OPPONENT,train,SCRIPTED:OP3,1,3,2,1,20,0.2800000011920929,1,0,1,13.0,11.290296936035157,1.5,0.5,-0.01395326852798462,0.029999999329447746,1.0,100.0,-0.019999999552965164,0.5800297260284424
1116,20800,1,552,3,OP3,FIXED_OPPONENT,train,SCRIPTED:OP3,1,3,1,2,18,0.19999998807907104,1,0,5,11.0,8.666795518663195,1.5,0.5,-0.02231687307357788,0.014999999664723873,1.0,100.0,0.0,0.5826970338821411
1117,20816,1,554,3,OP3,FIXED_OPPONENT,train,SCRIPTED:OP3,1,3,2,1,19,0.23999999463558197,1,0,0,12.0,12.226850007709704,1.5,0.4000000059604645,0.005121484398841858,0.029999999329447746,1.0,100.0,0.0,0.5683409571647644
1118,20864,1,560,3,OP3,FIXED_OPPONENT,train,SCRIPTED:OP3,1,3,2,1,19,0.23999999463558197,1,0,3,12.0,11.75134919819079,1.5,0.5,0.012723878026008606,0.014999999664723873,1.0,100.0,-0.019999999552965164,0.5801674723625183
1119,20864,1,560,2,OP3,FIXED_OPPONENT,train,SCRIPTED:OP3,1,3,1,2,16,0.19999998807907104,1,0,0,11.0,10.747686386108398,1.5,0.5,-0.007329218089580536,0.029999999329447746,1.0,100.0,-0.019999999552965164,0.5801079273223877
1120,20896,1,564,1,OP3,FIXED_OPPONENT,train,SCRIPTED:OP3,0,3,3,0,20,0.1599999964237213,1,0,1,13.0,10.425969696044922,-0.699999988079071,0.5,-0.005569294095039368,0.0,1.0,100.0,-0.03999999910593033,0.16720502078533173
1121,20904,1,565,2,OP3,FIXED_OPPONENT,train,SCRIPTED:OP3,1,3,2,1,19,0.19999998807907104,1,0,1,12.0,11.100896734940378,1.5,0.5,-0.0302361398935318,0.029999999329447746,1.0,100.0,-0.019999999552965164,0.5798375606536865
1122,20904,1,565,2,OP3,FIXED_OPPONENT,train,SCRIPTED:OP3,1,3,2,1,16,0.23999999463558197,1,0,0,12.0,10.118224143981934,1.5,0.0,-0.004284128546714783,0.0,0.0,0.0,-0.03999999910593033,0.3134513795375824
1123,20928,1,568,3,OP3,FIXED_OPPONENT,train,SCRIPTED:OP3,1,3,1,2,19,0.3199999928474426,1,0,2,12.0,9.406934236225329,1.5,0.5,-0.017683491110801697,0.029999999329447746,1.0,100.0,0.0,0.5829275846481323
1124,20944,1,570,1,OP3,FIXED_OPPONENT,train,SCRIPTED:OP3,0,2,3,-1,18,0.1599999964237213,1,0,0,11.0,11.261632283528646,-1.2000000476837158,-0.5,0.00514693558216095,0.019999999552965164,-1.0,-100.0,0.0,-0.5367314219474792
1125,20968,1,573,2,OP3,FIXED_OPPONENT,train,SCRIPTED:OP3,1,3,2,1,19,0.2800000011920929,1,0,2,11.0,10.84610306589227,1.5,0.5,0.00450482964515686,0.029999999329447746,1.0,100.0,0.0,0.5831878185272217
1126,21008,1,578,3,OP3,FIXED_OPPONENT,train,SCRIPTED:OP3,1,3,2,1,18,0.23999999463558197,1,0,3,11.0,10.009263780381945,1.5,0.4000000059604645,-0.006121128797531128,0.014999999664723873,1.0,100.0,0.0,0.5680250525474548
1127,21008,1,578,0,OP3,FIXED_OPPONENT,train,SCRIPTED:OP3,0,2,3,-1,18,0.23999999463558197,1,0,3,11.0,10.068941752115885,-1.2000000476837158,-0.4000000059604645,-0.010456517338752747,0.0,-1.0,-100.0,0.0,-0.5211837291717529
1128,21032,1,581,3,OP3,FIXED_OPPONENT,train,SCRIPTED:OP3,0,2,3,-1,16,0.19999998807907104,1,0,2,12.0,10.964152336120605,-1.2000000476837158,0.0,0.005502164363861084,0.0,0.0,0.0,-0.019999999552965164,-0.26456746459007263
1129,21032,1,581,3,OP3,FIXED_OPPONENT,train,SCRIPTED:OP3,1,3,2,1,16,0.23999999463558197,1,0,0,12.0,12.24603271484375,1.5,0.5,-0.010182276368141174,0.029999999329447746,1.0,100.0,-0.019999999552965164,0.5800742506980896
1130,21048,1,583,2,OP3,FIXED_OPPONENT,train,SCRIPTED:OP3,1,3,2,1,19,0.1599999964237213,1,0,0,12.0,12.922244423314146,1.5,0.5,-0.000610649585723877,0.029999999329447746,1.0,100.0,0.0,0.5831278562545776
1131,21072,1,586,0,OP3,FIXED_OPPONENT,train,SCRIPTED:OP3,0,3,3,0,18,0.19999998807907104,1,0,0,11.0,12.242313808865017,-0.699999988079071,0.0,0.008991658687591553,0.0,0.0,0.0,0.0,-0.1541568487882614
1132,21088,1,588,2,OP3,FIXED_OPPONENT,train,SCRIPTED:OP3,1,3,2,1,18,0.2800000011920929,1,0,2,11.0,10.013624403211805,1.5,0.5,0.0026542842388153076,0.014999999664723873,1.0,100.0,0.0,0.5829901695251465
1133,21112,1,591,1,OP3,FIXED_OPPONENT,train,SCRIPTED:OP3,1,3,2,1,18,0.23999999463558197,1,0,1,11.0,10.103467305501303,1.5,0.4000000059604645,-0.00035887956619262695,0.014999999664723873,1.0,100.0,0.0,0.5680944323539734
1134,21136,1,594,0,OP3,FIXED_OPPONENT,train,SCRIPTED:OP3,0,1,3,-2,16,0.3199999928474426,1,0,1,12.0,11.23762321472168,-1.2000000476837158,-0.5,-0.008881598711013794,0.0,-1.0,-100.0,-0.019999999552965164,-0.5403164029121399
1135,21160,1,597,1,OP3,FIXED_OPPONENT,train,SCRIPTED:OP3,1,3,2,1,16,0.3199999928474426,1,0,0,12.0,10.964391708374023,1.5,0.0,-0.0017905831336975098,0.0,0.0,0.0,-0.019999999552965164,0.31749337911605835
1136,21168,1,598,0,OP3,FIXED_OPPONENT,train,SCRIPTED:OP3,0,2,3,-1,20,0.2800000011920929,1,0,0,12.0,10.728326416015625,-1.2000000476837158,-0.5,-0.010149210691452026,0.0,-1.0,-100.0,-0.019999999552965164,-0.5403323173522949
1137,21184,1,600,2,OP3,FIXED_OPPONENT,train,SCRIPTED:OP3,0,3,3,0,19,0.3199999928474426,1,0,2,12.0,9.637631064967104,-0.699999988079071,0.0,-0.009775057435035706,0.0,0.0,0.0,-0.03999999910593033,-0.16314716637134552
1138,21192,1,601,2,OP3,FIXED_OPPONENT,train,SCRIPTED:OP3,1,3,2,1,18,0.19999998807907104,1,0,5,12.0,8.724794175889757,1.5,0.5,-0.0007927119731903076,0.014999999664723873,1.0,100.0,0.0,0.582949697971344
1139,21192,1,601,0,OP3,FIXED_OPPONENT,train,SCRIPTED:OP3,1,3,1,2,15,0.19999998807907104,1,0,2,11.0,10.502001953125,1.5,0.5,-0.008165031671524048,0.029999999329447746,1.0,100.0,0.0,0.5830392837524414
1140,21232,1,606,0,OP3,FIXED_OPPONENT,train,SCRIPTED:OP3,1,3,2,1,18,0.19999998807907104,1,0,0,11.0,11.4775390625,1.5,0.4000000059604645,0.0086049884557724,0.029999999329447746,1.0,100.0,-0.019999999552965164,0.5653666853904724
1141,21280,1,612,1,OP3,FIXED_OPPONENT,train,SCRIPTED:OP3,1,3,2,1,18,0.2800000011920929,1,0,0,11.0,10.584248860677084,1.5,0.4000000059604645,-0.005915254354476929,0.029999999329447746,1.0,100.0,-0.019999999552965164,0.5651910305023193
1142,21288,1,613,3,OP3,FIXED_OPPONENT,train,SCRIPTED:OP3,0,3,3,0,22,0.1599999964237213,1,0,3,14.0,10.799131913618607,-0.699999988079071,0.0,-0.0002758800983428955,0.0,0.0,0.0,0.0,-0.1543176770210266
1143,21288,1,613,2,OP3,FIXED_OPPONENT,train,SCRIPTED:OP3,1,3,1,2,16,0.19999998807907104,1,0,0,11.0,10.82276725769043,1.5,0.5,-0.0037062764167785645,0.029999999329447746,1.0,100.0,0.0,0.5830915570259094
1144,21312,1,616,2,OP3,FIXED_OPPONENT,train,SCRIPTED:OP3,0,2,3,-1,18,0.2800000011920929,1,0,3,11.0,11.083507113986546,-1.2000000476837158,-0.5,0.016194522380828857,0.0,-1.0,-100.0,-0.019999999552965164,-0.5400006771087646
1145,21328,1,618,2,OP3,FIXED_OPPONENT,train,SCRIPTED:OP3,1,3,1,2,18,0.3199999928474426,1,0,2,11.0,10.39752451578776,1.5,0.5,-0.039252862334251404,0.014999999664723873,1.0,100.0,0.0,0.5824981927871704
1146,21344,1,620,3,OP3,FIXED_OPPONENT,train,SCRIPTED:OP3,1,3,2,1,19,0.1599999964237213,1,0,2,12.0,11.124936555561266,1.5,0.4000000059604645,0.005183011293411255,0.029999999329447746,1.0,100.0,-0.019999999552965164,0.5653252601623535
1147,21344,1,620,0,OP3,FIXED_OPPONENT,train,SCRIPTED:OP3,0,1,3,-2,19,0.1599999964237213,1,0,2,12.0,11.649693539268092,-1.2000000476837158,-0.5,0.004331082105636597,0.019999999552965164,-1.0,-100.0,0.0,-0.5367417931556702
1148,21368,1,623,1,OP3,FIXED_OPPONENT,train,SCRIPTED:OP3,1,3,1,2,17,0.2800000011920929,1,0,0,13.0,9.993039299460019,1.5,0.4000000059604645,-0.009042114019393921,0.014999999664723873,1.0,100.0,0.0,0.5679898858070374
1149,21432,1,631,1,OP3,FIXED_OPPONENT,train,SCRIPTED:OP3,1,3,2,1,18,0.1599999964237213,1,0,0,11.0,10.93577406141493,1.5,0.5999999642372131,0.00015369057655334473,0.029999999329447746,1.0,100.0,0.0,0.5976124405860901
1150,21440,1,632,1,OP3,FIXED_OPPONENT,train,SCRIPTED:OP3,0,2,3,-1,19,0.23999999463558197,1,0,0,12.0,11.794920268811678,-1.2000000476837158,-0.5,0.0030803829431533813,0.0,-1.0,-100.0,0.0,-0.5370107293128967
1151,21448,1,633,1,OP3,FIXED_OPPONENT,train,SCRIPTED:OP3,1,3,2,1,21,0.23999999463558197,0,1,8,12.0,9.50934564499628,1.5,0.5,-0.0013861581683158875,0.029999999329447746,1.0,100.0,0.0,0.583118736743927
1152,21464,1,635,2,OP3,FIXED_OPPONENT,train,SCRIPTED:OP3,1,3,2,1,19,0.19999998807907104,1,0,0,12.0,11.391708374023438,1.5,0.4000000059604645,0.0051285624504089355,0.029999999329447746,1.0,100.0,0.0,0.5683410167694092
1153,21488,1,638,3,OP3,FIXED_OPPONENT,train,SCRIPTED:OP3,1,3,2,1,20,0.23999999463558197,1,0,4,13.0,10.681055450439453,1.5,0.5,-0.0377434641122818,0.029999999329447746,1.0,100.0,-0.019999999552965164,0.5797489881515503
1154,21488,1,638,0,OP3,FIXED_OPPONENT,train,SCRIPTED:OP3,0,3,3,0,18,0.19999998807907104,1,0,1,12.0,11.230397542317709,-0.699999988079071,0.0,0.007162630558013916,0.0,0.0,0.0,0.0,-0.1541885882616043
1155,21496,1,639,0,OP3,FIXED_OPPONENT,train,SCRIPTED:OP3,0,3,3,0,19,0.2800000011920929,1,0,3,12.0,9.814390483655428,-0.699999988079071,0.0,8.675456047058105e-05,0.0,0.0,0.0,0.0,-0.1543113887310028
1156,21520,1,642,0,OP3,FIXED_OPPONENT,train,SCRIPTED:OP3,0,2,3,-1,19,0.2800000011920929,1,0,1,12.0,10.456342195209704,-1.2000000476837158,-0.5,0.006967648863792419,0.019999999552965164,-1.0,-100.0,-0.019999999552965164,-0.5398650169372559
1157,21576,1,649,0,OP3,FIXED_OPPONENT,train,SCRIPTED:OP3,0,2,3,-1,18,0.2800000011920929,1,0,0,11.0,10.663960774739584,-1.2000000476837158,-0.5,-0.014443859457969666,0.0,-1.0,-100.0,0.0,-0.5372322797775269
1158,21592,1,651,3,OP3,FIXED_OPPONENT,train,SCRIPTED:OP3,0,2,3,-1,19,0.23999999463558197,1,0,4,12.0,10.282380756578947,-1.2000000476837158,-0.5,-0.014571800827980042,0.019999999552965164,-1.0,-100.0,0.0,-0.5369809865951538
1159,21592,1,651,1,OP3,FIXED_OPPONENT,train,SCRIPTED:OP3,1,3,2,1,18,0.2800000011920929,1,0,5,11.0,9.994711134168837,1.5,0.0,-0.010195016860961914,0.0,0.0,0.0,0.0,0.32135018706321716
1160,21608,1,653,3,OP3,FIXED_OPPONENT,train,SCRIPTED:OP3,1,3,2,1,18,0.19999998807907104,1,0,0,11.0,12.382223341200087,1.5,0.4000000059604645,0.007229268550872803,0.029999999329447746,1.0,100.0,0.0,0.5683664083480835
1161,21632,1,656,2,OP3,FIXED_OPPONENT,train,SCRIPTED:OP3,0,2,3,-1,18,0.19999998807907104,1,0,1,11.0,11.794095357259115,-1.2000000476837158,-0.4000000059604645,-0.011720150709152222,0.019999999552965164,-1.0,-100.0,0.0,-0.5209411382675171
1162,21632,1,656,3,OP3,FIXED_OPPONENT,train,SCRIPTED:OP3,0,2,3,-1,18,0.1599999964237213,1,0,2,11.0,11.13566165500217,-1.2000000476837158,-0.5,0.008114516735076904,0.019999999552965164,-1.0,-100.0,0.0,-0.5366939306259155
1163,21640,1,657,2,OP3,FIXED_OPPONENT,train,SCRIPTED:OP3,0,2,3,-1,18,0.23999999463558197,1,0,1,11.0,11.258173624674479,-1.2000000476837158,-0.4000000059604645,-0.010790348052978516,0.019999999552965164,-1.0,-100.0,0.0,-0.5209290981292725
1164,21664,1,660,2,OP3,FIXED_OPPONENT,train,SCRIPTED:OP3,0,2,3,-1,18,0.23999999463558197,1,0,4,11.0,9.319188435872396,-1.2000000476837158,-0.4000000059604645,0.006654903292655945,0.019999999552965164,-1.0,-100.0,0.0,-0.5207030177116394
1165,21712,1,666,3,OP3,FIXED_OPPONENT,train,SCRIPTED:OP3,1,3,2,1,17,0.19999998807907104,1,0,2,11.0,11.796323888442096,1.5,0.5,-0.013447970151901245,0.029999999329447746,1.0,100.0,-0.03999999910593033,0.5770789384841919
1166,21736,1,669,1,OP3,FIXED_OPPONENT,train,SCRIPTED:OP3,0,2,3,-1,18,0.23999999463558197,1,0,0,11.0,11.287520514594185,-1.2000000476837158,-0.5,-0.001209557056427002,0.0,-1.0,-100.0,-0.03999999910593033,-0.543359637260437
1167,21744,1,670,3,OP3,FIXED_OPPONENT,train,SCRIPTED:OP3,1,3,2,1,19,0.3199999928474426,1,0,1,12.0,9.84212935598273,1.5,0.5,-0.02900262176990509,0.014999999664723873,1.0,100.0,-0.019999999552965164,0.5796751379966736
1168,21752,1,671,0,OP3,FIXED_OPPONENT,train,SCRIPTED:OP3,1,3,2,1,18,0.2800000011920929,1,0,2,11.0,10.43263668484158,1.5,0.699999988079071,0.0007923394441604614,0.014999999664723873,1.0,100.0,0.0,0.611548900604248
1169,21776,1,674,1,OP3,FIXED_OPPONENT,train,SCRIPTED:OP3,1,3,2,1,17,0.1599999964237213,1,0,1,11.0,10.942747228285846,1.5,0.4000000059604645,0.0028156638145446777,0.029999999329447746,1.0,100.0,0.0,0.5683132410049438
1170,21784,1,675,1,OP3,FIXED_OPPONENT,train,SCRIPTED:OP3,1,3,2,1,19,0.23999999463558197,1,0,1,11.0,10.532053897255345,1.5,0.5,-0.017380759119987488,0.029999999329447746,1.0,100.0,0.0,0.5829310417175293
1171,21784,1,675,1,OP3,FIXED_OPPONENT,train,SCRIPTED:OP3,1,3,2,1,19,0.23999999463558197,1,0,7,12.0,9.613919709858141,1.5,1.0,-0.006546676158905029,0.029999999329447746,2.0,200.0,-0.019999999552965164,0.7598975300788879
1172,21808,1,678,2,OP3,FIXED_OPPONENT,train,SCRIPTED:OP3,1,3,2,1,18,0.19999998807907104,1,0,0,11.0,11.736488342285156,1.5,0.4000000059604645,0.00647619366645813,0.029999999329447746,1.0,100.0,0.0,0.5683573484420776
1173,21856,1,684,2,OP3,FIXED_OPPONENT,train,SCRIPTED:OP3,0,2,3,-1,18,0.2800000011920929,1,0,1,13.0,9.632514105902779,-1.2000000476837158,-0.4000000059604645,-0.010461777448654175,0.0,-1.0,-100.0,-0.019999999552965164,-0.5244135856628418
1174,21872,1,686,2,OP3,FIXED_OPPONENT,train,SCRIPTED:OP3,1,3,2,1,17,0.2800000011920929,1,0,1,11.0,9.77586274988511,1.5,0.5,-0.009448438882827759,0.02499999850988388,1.0,100.0,0.0,0.5829654932022095
1175,21888,1,688,3,OP3,FIXED_OPPONENT,train,SCRIPTED:OP3,1,3,2,1,18,0.2800000011920929,1,0,0,13.0,10.857057359483507,1.5,0.5,0.0025994181632995605,0.014999999664723873,1.0,100.0,0.0,0.582989513874054
1176,21904,1,690,2,OP3,FIXED_OPPONENT,train,SCRIPTED:OP3,1,3,2,1,19,0.35999998450279236,1,0,0,12.0,10.011852866724917,1.5,0.0,-0.0009613484144210815,0.0,0.0,0.0,0.0,0.32149738073349
1177,21928,1,693,3,OP3,FIXED_OPPONENT,train,SCRIPTED:OP3,0,1,3,-2,18,0.19999998807907104,0,1,5,11.0,9.456720987955729,-1.2000000476837158,-0.5,0.0062493979930877686,0.019999999552965164,-1.0,-100.0,-0.019999999552965164,-0.5398740768432617
1178,21928,1,693,3,OP3,FIXED_OPPONENT,train,SCRIPTED:OP3,1,3,2,1,18,0.11999999731779099,1,0,0,11.0,15.189524332682291,1.5,0.5,-0.013829082250595093,0.029999999329447746,1.0,100.0,0.0,0.5829727649688721
1179,21936,1,694,1,OP3,FIXED_OPPONENT,train,SCRIPTED:OP3,1,3,2,1,20,0.19999998807907104,1,0,3,13.0,10.220146179199219,1.5,0.5,-0.0051021575927734375,0.029999999329447746,1.0,100.0,0.0,0.5830751657485962
1180,21960,1,697,2,OP3,FIXED_OPPONENT,train,SCRIPTED:OP3,0,1,3,-2,19,0.19999998807907104,1,0,1,12.0,11.37110740260074,-1.2000000476837158,-0.5,0.0024611055850982666,0.019999999552965164,-1.0,-100.0,0.0,-0.5367653965950012
1181,22000,1,702,2,OP3,FIXED_OPPONENT,train,SCRIPTED:OP3,1,3,2,1,18,0.19999998807907104,1,0,0,11.0,10.225809733072916,1.5,0.0,-0.009414032101631165,0.0,0.0,0.0,0.0,0.3213626444339752
1182,22016,1,704,2,OP3,FIXED_OPPONENT,train,SCRIPTED:OP3,1,3,2,1,18,0.23999999463558197,1,0,4,11.0,8.733399285210503,1.5,0.5,-0.027223311364650726,0.029999999329447746,1.0,100.0,0.0,0.5828155279159546
1183,22040,1,707,0,OP3,FIXED_OPPONENT,train,SCRIPTED:OP3,0,2,3,-1,19,0.23999999463558197,1,0,0,11.0,10.33442607678865,-1.2000000476837158,-0.5,0.00676274299621582,0.019999999552965164,-1.0,-100.0,0.0,-0.5367110371589661
1184,22056,1,709,0,OP3,FIXED_OPPONENT,train,SCRIPTED:OP3,0,3,3,0,19,0.3199999928474426,1,0,2,11.0,9.756794176603618,-0.699999988079071,0.0,-0.002676054835319519,0.0,0.0,0.0,0.0,-0.1543593406677246
1185,22072,1,711,0,OP3,FIXED_OPPONENT,train,SCRIPTED:OP3,0,2,3,-1,18,0.23999999463558197,1,0,0,11.0,12.033297220865885,-1.2000000476837158,-0.4000000059604645,-0.01065102219581604,0.019999999552965164,-1.0,-100.0,0.0,-0.5209273099899292
1186,22088,1,713,2,OP3,FIXED_OPPONENT,train,SCRIPTED:OP3,0,2,3,-1,19,0.1599999964237213,1,0,5,12.0,12.694700542249178,-1.2000000476837158,0.0,0.008936658501625061,0.0,0.0,0.0,0.0,-0.2603723406791687
1187,22088,1,713,3,OP3,FIXED_OPPONENT,train,SCRIPTED:OP3,0,2,3,-1,20,0.11999999731779099,1,0,0,12.0,11.842516326904297,-1.2000000476837158,-0.5,-0.0020381957292556763,0.0,-1.0,-100.0,-0.019999999552965164,-0.5402302145957947
1188,22112,1,716,3,OP3,FIXED_OPPONENT,train,SCRIPTED:OP3,0,2,3,-1,19,0.23999999463558197,1,0,3,12.0,10.808711001747533,-1.2000000476837158,0.0,0.00464293360710144,0.019999999552965164,0.0,0.0,0.0,-0.26011204719543457
1189,22144,1,720,0,OP3,FIXED_OPPONENT,train,SCRIPTED:OP3,0,2,3,-1,18,0.19999998807907104,1,0,2,11.0,10.35770755343967,-1.2000000476837158,-0.4000000059604645,-0.010546192526817322,0.019999999552965164,-1.0,-100.0,0.0,-0.5209259390830994
1190,22160,1,722,1,OP3,FIXED_OPPONENT,train,SCRIPTED:OP3,1,3,2,1,18,0.11999999731779099,1,0,1,12.0,10.027300516764322,1.5,0.5,0.008247390389442444,0.029999999329447746,1.0,100.0,0.0,0.5832318067550659
1191,22184,1,725,3,OP3,FIXED_OPPONENT,train,SCRIPTED:OP3,1,3,2,1,18,0.11999999731779099,1,0,3,11.0,11.258026123046875,1.5,0.5,-0.0052299052476882935,0.029999999329447746,1.0,100.0,-0.019999999552965164,0.5801326036453247
1192,22208,1,728,0,OP3,FIXED_OPPONENT,train,SCRIPTED:OP3,1,3,2,1,19,0.23999999463558197,1,0,4,12.0,9.172027587890625,1.5,1.0,0.014964878559112549,0.029999999329447746,2.0,200.0,0.0,0.7619296908378601
1193,22232,1,731,2,OP3,FIXED_OPPONENT,train,SCRIPTED:OP3,0,2,3,-1,18,0.2800000011920929,1,0,6,11.0,10.196464538574219,-1.2000000476837158,-0.5,0.0019577890634536743,0.0,-1.0,-100.0,0.0,-0.5370249152183533
1194,22240,1,732,0,OP3,FIXED_OPPONENT,train,SCRIPTED:OP3,1,3,2,1,21,0.23999999463558197,1,0,5,14.0,11.025185721261161,1.5,0.5,-0.0019248127937316895,0.014999999664723873,1.0,100.0,0.0,0.5829364061355591
1195,22256,1,734,3,OP3,FIXED_OPPONENT,train,SCRIPTED:OP3,0,2,3,-1,18,0.23999999463558197,1,0,6,11.0,9.539398193359375,-1.2000000476837158,-0.5,-0.004302680492401123,0.0,-1.0,-100.0,0.0,-0.5371040105819702
1196,22256,1,734,1,OP3,FIXED_OPPONENT,train,SCRIPTED:OP3,1,3,2,1,21,0.2800000011920929,1,0,3,12.0,9.659945533389138,1.5,0.5,-0.02235931158065796,0.029999999329447746,1.0,100.0,0.0,0.5828726291656494
1197,22296,1,739,0,OP3,FIXED_OPPONENT,train,SCRIPTED:OP3,0,3,3,0,19,0.19999998807907104,1,0,1,12.0,11.092723645662007,-0.699999988079071,0.0,-0.0058969780802726746,0.0,0.0,0.0,0.0,-0.15441523492336273
1198,22320,1,742,0,OP3,FIXED_OPPONENT,train,SCRIPTED:OP3,0,3,3,0,20,0.3199999928474426,1,0,2,12.0,9.983814239501953,-0.699999988079071,0.0,-0.00979606807231903,0.0,0.0,0.0,-0.019999999552965164,-0.15881827473640442
1199,22328,1,743,0,OP3,FIXED_OPPONENT,train,SCRIPTED:OP3,1,3,2,1,18,0.2800000011920929,1,0,1,11.0,10.139151679144966,1.5,0.4000000059604645,0.008327409625053406,0.014999999664723873,1.0,100.0,0.0,0.5681990385055542
1200,22344,1,745,1,OP3,FIXED_OPPONENT,train,SCRIPTED:OP3,1,3,2,1,17,0.19999998807907104,1,0,2,11.0,9.5350341796875,1.5,0.4000000059604645,0.005652442574501038,0.029999999329447746,1.0,100.0,0.0,0.5683473348617554
1201,22376,1,749,0,OP3,FIXED_OPPONENT,train,SCRIPTED:OP3,1,3,1,2,17,0.2800000011920929,1,0,2,11.0,9.274598963120404,1.5,0.5,-0.021135523915290833,0.014999999664723873,1.0,100.0,0.0,0.5827109217643738
1202,22384,1,750,1,OP3,FIXED_OPPONENT,train,SCRIPTED:OP3,1,3,2,1,19,0.1599999964237213,1,0,7,12.0,9.067190069901315,1.5,0.5,-0.011409401893615723,0.029999999329447746,1.0,100.0,0.0,0.5830011367797852
1203,22400,1,752,0,OP3,FIXED_OPPONENT,train,SCRIPTED:OP3,0,3,3,0,18,0.23999999463558197,1,0,4,11.0,10.554618835449219,-0.699999988079071,0.0,0.007261261343955994,0.0,0.0,0.0,0.0,-0.15418687462806702
1204,22416,1,754,2,OP3,FIXED_OPPONENT,train,SCRIPTED:OP3,1,3,2,1,20,0.35999998450279236,1,0,1,11.0,10.238858795166015,1.5,0.5,-0.029370009899139404,0.014999999664723873,1.0,100.0,-0.019999999552965164,0.579670786857605
1205,22464,1,760,0,OP3,FIXED_OPPONENT,train,SCRIPTED:OP3,0,3,3,0,21,0.23999999463558197,0,1,6,14.0,9.843250093005953,-0.699999988079071,0.0,-0.005497634410858154,0.0,0.0,0.0,0.0,-0.1544083207845688
1206,22472,1,761,1,OP3,FIXED_OPPONENT,train,SCRIPTED:OP3,0,2,3,-1,18,0.19999998807907104,1,0,8,11.0,9.469980875651041,-1.2000000476837158,-0.5,-0.004169762134552002,0.019999999552965164,-1.0,-100.0,0.0,-0.5368493795394897
1207,22488,1,763,2,OP3,FIXED_OPPONENT,train,SCRIPTED:OP3,0,3,3,0,21,0.2800000011920929,1,0,6,14.0,9.025883265904017,-0.699999988079071,0.0,0.008292019367218018,0.0,0.0,0.0,0.0,-0.1541689932346344
1208,22504,1,765,2,OP3,FIXED_OPPONENT,train,SCRIPTED:OP3,1,3,2,1,20,0.23999999463558197,1,0,5,13.0,9.676203155517578,1.5,0.5,-0.02259381115436554,0.029999999329447746,1.0,100.0,-0.019999999552965164,0.5799278020858765
1209,22520,1,767,0,OP3,FIXED_OPPONENT,train,SCRIPTED:OP3,1,3,2,1,18,0.2800000011920929,1,0,2,11.0,9.942866007486979,1.5,0.5,0.008378580212593079,0.02499999850988388,1.0,100.0,0.0,0.5831747055053711
1210,22536,1,769,2,OP3,FIXED_OPPONENT,train,SCRIPTED:OP3,0,2,3,-1,19,0.1599999964237213,1,0,0,11.0,10.741211740594162,-1.2000000476837158,-0.5,-0.0005111992359161377,0.019999999552965164,-1.0,-100.0,-0.019999999552965164,-0.539959192276001
1211,22544,1,770,2,OP3,FIXED_OPPONENT,train,SCRIPTED:OP3,1,3,1,2,18,0.35999998450279236,1,0,2,11.0,10.442017449273003,1.5,0.5,-0.002777084708213806,0.014999999664723873,1.0,100.0,0.0,0.5829263925552368
1212,22560,1,772,3,OP3,FIXED_OPPONENT,train,SCRIPTED:OP3,0,2,3,-1,18,0.1599999964237213,1,0,0,11.0,10.817783779568142,-1.2000000476837158,-0.5,0.0088910311460495,0.019999999552965164,-1.0,-100.0,0.0,-0.5366840958595276
1213,22608,1,778,0,OP3,FIXED_OPPONENT,train,SCRIPTED:OP3,1,3,2,1,18,0.23999999463558197,1,0,0,11.0,12.158452351888021,1.5,0.4000000059604645,0.004553712904453278,0.029999999329447746,1.0,100.0,0.0,0.56833416223526
1214,22632,1,781,0,OP3,FIXED_OPPONENT,train,SCRIPTED:OP3,0,3,3,0,20,0.2800000011920929,1,0,8,13.0,8.403461456298828,-0.699999988079071,0.0,-0.0005337297916412354,0.0,0.0,0.0,-0.03999999910593033,-0.16298724710941315
1215,22640,1,782,1,OP3,FIXED_OPPONENT,train,SCRIPTED:OP3,1,3,2,1,19,0.3199999928474426,1,0,1,15.0,10.927094308953537,1.5,0.5,0.016016677021980286,0.029999999329447746,1.0,100.0,0.0,0.5833228826522827
1216,22656,1,784,2,OP3,FIXED_OPPONENT,train,SCRIPTED:OP3,0,2,3,-1,19,0.1599999964237213,1,0,3,12.0,10.49888128983347,-1.2000000476837158,-0.5,0.002200573682785034,0.019999999552965164,-1.0,-100.0,0.0,-0.5367687940597534
1217,22688,1,788,2,OP3,FIXED_OPPONENT,train,SCRIPTED:OP3,0,2,3,-1,19,0.19999998807907104,1,0,0,11.0,10.694393760279604,-1.2000000476837158,-0.5,-0.003015771508216858,0.0,-1.0,-100.0,-0.03999999910593033,-0.5433822870254517
1218,22688,1,788,2,OP3,FIXED_OPPONENT,train,SCRIPTED:OP3,1,3,2,1,21,0.4399999976158142,1,0,2,14.0,9.485770089285714,1.5,0.5,-0.022836238145828247,0.014999999664723873,1.0,100.0,0.0,0.582690954208374
1219,22696,1,789,1,OP3,FIXED_OPPONENT,train,SCRIPTED:OP3,1,3,2,1,19,0.1599999964237213,1,0,7,12.0,9.611263074372944,1.5,1.0,-0.00478382408618927,0.029999999329447746,2.0,200.0,-0.019999999552965164,0.7599108219146729
1220,22712,1,791,1,OP3,FIXED_OPPONENT,train,SCRIPTED:OP3,0,1,3,-2,19,0.19999998807907104,1,0,5,12.0,9.955331902754935,-1.2000000476837158,-0.5,-0.004287496209144592,0.019999999552965164,-1.0,-100.0,-0.019999999552965164,-0.5400067567825317
1221,22752,1,796,2,OP3,FIXED_OPPONENT,train,SCRIPTED:OP3,1,3,2,1,18,0.23999999463558197,1,0,6,11.0,10.969100952148438,1.5,0.4000000059604645,-0.010197386145591736,0.029999999329447746,1.0,100.0,0.0,0.5681565999984741
1222,22792,1,801,3,OP3,FIXED_OPPONENT,train,SCRIPTED:OP3,0,2,3,-1,19,0.23999999463558197,1,0,1,11.0,10.939869930869655,-1.2000000476837158,-0.5,0.014938533306121826,0.019999999552965164,-1.0,-100.0,0.0,-0.5366075038909912
1223,22800,1,802,3,OP3,FIXED_OPPONENT,train,SCRIPTED:OP3,1,3,2,1,21,0.23999999463558197,1,0,8,12.0,11.661525181361608,1.5,0.5,-0.02593785524368286,0.029999999329447746,1.0,100.0,0.0,0.5828306078910828
1224,22800,1,802,0,OP3,FIXED_OPPONENT,train,SCRIPTED:OP3,0,2,3,-1,18,0.19999998807907104,1,0,0,11.0,11.322172376844618,-1.2000000476837158,-0.4000000059604645,0.0035552978515625,0.019999999552965164,-1.0,-100.0,0.0,-0.5207432508468628
1225,22832,1,806,0,OP3,FIXED_OPPONENT,train,SCRIPTED:OP3,0,3,3,0,18,0.35999998450279236,1,0,5,11.0,10.263407389322916,-0.699999988079071,0.0,-0.008868113160133362,0.0,0.0,0.0,0.0,-0.15446680784225464
1226,22840,1,807,1,OP3,FIXED_OPPONENT,train,SCRIPTED:OP3,1,3,2,1,19,0.1599999964237213,1,0,4,12.0,10.705642700195312,1.5,0.5,-0.029457323253154755,0.029999999329447746,1.0,100.0,0.0,0.5827893018722534
1227,22848,1,808,2,OP3,FIXED_OPPONENT,train,SCRIPTED:OP3,0,2,3,-1,19,0.3199999928474426,1,0,1,12.0,10.002251072933799,-1.2000000476837158,-0.5,0.012189358472824097,0.019999999552965164,-1.0,-100.0,0.0,-0.53664231300354
1228,22864,1,810,0,OP3,FIXED_OPPONENT,train,SCRIPTED:OP3,0,2,3,-1,19,0.2800000011920929,1,0,1,12.0,9.759371305766859,-1.2000000476837158,-0.5,-0.004472598433494568,0.0,-1.0,-100.0,0.0,-0.5371061563491821
1229,22928,1,818,2,OP3,FIXED_OPPONENT,train,SCRIPTED:OP3,1,3,2,1,17,0.23999999463558197,1,0,1,12.0,10.333440444048714,1.5,0.4000000059604645,-0.01023901253938675,0.029999999329447746,1.0,100.0,0.0,0.5681560635566711
1230,22928,1,818,2,OP3,FIXED_OPPONENT,train,SCRIPTED:OP3,0,3,3,0,22,0.3199999928474426,1,0,5,12.0,9.64498485218395,-0.699999988079071,0.0,0.003782302141189575,0.0,0.0,0.0,0.0,-0.1542472541332245
1231,22944,1,820,0,OP3,FIXED_OPPONENT,train,SCRIPTED:OP3,1,3,2,1,18,0.23999999463558197,1,0,1,11.0,11.19929419623481,1.5,1.0,-0.011484384536743164,0.029999999329447746,2.0,200.0,0.0,0.7617323398590088
1232,22952,1,821,3,OP3,FIXED_OPPONENT,train,SCRIPTED:OP3,0,2,3,-1,19,0.2800000011920929,1,0,3,12.0,10.693430850380345,-1.2000000476837158,-0.5,0.010234251618385315,0.019999999552965164,-1.0,-100.0,0.0,-0.5366670489311218
1233,22984,1,825,1,OP3,FIXED_OPPONENT,train,SCRIPTED:OP3,0,2,3,-1,19,0.1599999964237213,1,0,1,11.0,11.074975264699836,-1.2000000476837158,-0.5,-0.005266055464744568,0.0,-1.0,-100.0,-0.019999999552965164,-0.5402709245681763
1234,22984,1,825,3,OP3,FIXED_OPPONENT,train,SCRIPTED:OP3,0,2,3,-1,18,0.19999998807907104,1,0,3,11.0,11.829717000325521,-1.2000000476837158,-0.5,-0.00610293447971344,0.019999999552965164,-1.0,-100.0,-0.019999999552965164,-0.5400296449661255
1235,22992,1,826,0,OP3,FIXED_OPPONENT,train,SCRIPTED:OP3,1,3,2,1,18,0.19999998807907104,1,0,0,11.0,12.073653327094185,1.5,0.4000000059604645,-0.006794989109039307,0.014999999664723873,1.0,100.0,-0.019999999552965164,0.5649988055229187
1236,23008,1,828,2,OP3,FIXED_OPPONENT,train,SCRIPTED:OP3,1,3,2,1,18,0.2800000011920929,1,0,1,11.0,10.442084418402779,1.5,0.4000000059604645,0.007581353187561035,0.014999999664723873,1.0,100.0,-0.019999999552965164,0.5651727914810181
1237,23056,1,834,0,OP3,FIXED_OPPONENT,train,SCRIPTED:OP3,0,1,3,-2,16,0.1599999964237213,1,0,4,12.0,10.933649063110352,-1.2000000476837158,-0.4000000059604645,0.00033883750438690186,0.019999999552965164,-1.0,-100.0,-0.019999999552965164,-0.5240164399147034
1238,23088,1,838,0,OP3,FIXED_OPPONENT,train,SCRIPTED:OP3,0,2,3,-1,20,0.23999999463558197,1,0,2,13.0,10.591472625732422,-1.2000000476837158,-0.5,0.006510704755783081,0.019999999552965164,-1.0,-100.0,0.0,-0.5367141962051392
1239,23104,1,840,0,OP3,FIXED_OPPONENT,train,SCRIPTED:OP3,1,3,2,1,20,0.2800000011920929,1,0,5,13.0,8.664205169677734,1.5,0.0,-0.0042728036642074585,0.0,0.0,0.0,0.0,0.3214446008205414
1240,23120,1,842,2,OP3,FIXED_OPPONENT,train,SCRIPTED:OP3,1,3,2,1,21,0.2800000011920929,1,0,10,14.0,8.980457124255953,1.5,0.4000000059604645,-0.010424122214317322,0.02499999850988388,1.0,100.0,0.0,0.5680936574935913
1241,23128,1,843,3,OP3,FIXED_OPPONENT,train,SCRIPTED:OP3,1,3,2,1,18,0.11999999731779099,1,0,3,11.0,10.081217447916666,1.5,0.8999999761581421,0.007789582014083862,0.029999999329447746,2.0,200.0,0.0,0.7523939609527588
1242,23128,1,843,1,OP3,FIXED_OPPONENT,train,SCRIPTED:OP3,0,2,3,-1,18,0.23999999463558197,1,0,2,11.0,9.216279771592882,-1.2000000476837158,-0.4000000059604645,-0.01053282618522644,0.019999999552965164,-1.0,-100.0,0.0,-0.520925760269165
1243,23128,1,843,2,OP3,FIXED_OPPONENT,train,SCRIPTED:OP3,1,3,2,1,17,0.2800000011920929,1,0,0,11.0,11.28363665412454,1.5,0.0,0.007856175303459167,0.0,0.0,0.0,-0.019999999552965164,0.3176475763320923
1244,23152,1,846,3,OP3,FIXED_OPPONENT,train,SCRIPTED:OP3,1,3,2,1,18,0.3199999928474426,1,0,1,11.0,9.575054592556423,1.5,0.4000000059604645,-0.009943440556526184,0.029999999329447746,1.0,100.0,0.0,0.5681596398353577
1245,23216,1,854,0,OP3,FIXED_OPPONENT,train,SCRIPTED:OP3,1,3,2,1,20,0.35999998450279236,1,0,3,13.0,8.43743896484375,1.5,0.5,-0.02271825075149536,0.029999999329447746,1.0,100.0,0.0,0.5828683972358704
1246,23232,1,856,2,OP3,FIXED_OPPONENT,train,SCRIPTED:OP3,0,2,3,-1,18,0.23999999463558197,1,0,0,11.0,11.010890536838108,-1.2000000476837158,-0.5,0.00013181567192077637,0.0,-1.0,-100.0,0.0,-0.5370479822158813
1247,23256,1,859,1,OP3,FIXED_OPPONENT,train,SCRIPTED:OP3,1,3,2,1,19,0.2800000011920929,1,0,6,11.0,10.01371845446135,1.5,0.5,-0.0006751269102096558,0.029999999329447746,1.0,100.0,0.0,0.5831271409988403
1248,23264,1,860,3,OP3,FIXED_OPPONENT,train,SCRIPTED:OP3,1,3,2,1,18,0.3199999928474426,1,0,0,11.0,11.601624382866753,1.5,0.5,-0.033272407948970795,0.029999999329447746,1.0,100.0,0.0,0.5827445387840271
1249,23264,1,860,1,OP3,FIXED_OPPONENT,train,SCRIPTED:OP3,0,2,3,-1,17,0.1599999964237213,1,0,5,11.0,10.26849365234375,-1.2000000476837158,-0.5,0.009209901094436646,0.019999999552965164,-1.0,-100.0,-0.019999999552965164,-0.5398367643356323
1250,23272,1,861,3,OP3,FIXED_OPPONENT,train,SCRIPTED:OP3,0,2,3,-1,18,0.23999999463558197,1,0,1,11.0,11.230872260199654,-1.2000000476837158,-0.4000000059604645,-0.006245806813240051,0.019999999552965164,-1.0,-100.0,0.0,-0.5208702087402344
1251,23280,1,862,2,OP3,FIXED_OPPONENT,train,SCRIPTED:OP3,1,3,2,1,19,0.23999999463558197,1,0,0,12.0,11.442791587428042,1.5,0.5,0.0016136914491653442,0.029999999329447746,1.0,100.0,-0.019999999552965164,0.5802133679389954
1252,23296,1,864,0,OP3,FIXED_OPPONENT,train,SCRIPTED:OP3,0,3,3,0,18,0.19999998807907104,1,0,3,11.0,11.639165242513021,-0.699999988079071,0.0,0.0004947632551193237,0.0,0.0,0.0,0.0,-0.15430431067943573
1253,23368,1,873,1,OP3,FIXED_OPPONENT,train,SCRIPTED:OP3,0,3,3,0,19,0.1599999964237213,1,0,2,12.0,10.16888427734375,-0.699999988079071,0.0,0.007925733923912048,0.0,0.0,0.0,-0.03999999910593033,-0.1628408432006836
1254,23384,1,875,3,OP3,FIXED_OPPONENT,train,SCRIPTED:OP3,1,3,2,1,19,0.19999998807907104,1,0,0,12.0,11.41047588147615,1.5,0.4000000059604645,0.008235573768615723,0.014999999664723873,1.0,100.0,0.0,0.5681979060173035
1255,23400,1,877,0,OP3,FIXED_OPPONENT,train,SCRIPTED:OP3,0,2,3,-1,18,0.19999998807907104,1,0,1,11.0,11.733362833658854,-1.2000000476837158,-0.5,0.013785228133201599,0.019999999552965164,-1.0,-100.0,0.0,-0.5366221070289612
1256,23416,1,879,2,OP3,FIXED_OPPONENT,train,SCRIPTED:OP3,0,2,3,-1,18,0.19999998807907104,1,0,0,11.0,11.148283216688368,-1.2000000476837158,-0.5,0.0018691718578338623,0.019999999552965164,-1.0,-100.0,-0.019999999552965164,-0.5399292707443237
1257,23416,1,879,0,OP3,FIXED_OPPONENT,train,SCRIPTED:OP3,0,3,3,0,19,0.19999998807907104,1,0,4,12.0,10.210485357987253,-0.699999988079071,0.5,-0.004328690469264984,0.0,1.0,100.0,-0.019999999552965164,0.17154335975646973
1258,23432,1,881,1,OP3,FIXED_OPPONENT,train,SCRIPTED:OP3,0,3,3,0,21,0.3199999928474426,1,0,6,13.0,9.912049066452752,-0.699999988079071,0.0,-0.0022175610065460205,0.0,0.0,0.0,0.0,-0.1543513834476471
1259,23432,1,881,0,OP3,FIXED_OPPONENT,train,SCRIPTED:OP3,1,3,2,1,19,0.23999999463558197,1,0,0,12.0,11.902362221165708,1.5,0.5,0.004693090915679932,0.029999999329447746,1.0,100.0,0.0,0.5831900835037231
1260,23448,1,883,1,OP3,FIXED_OPPONENT,train,SCRIPTED:OP3,0,2,3,-1,19,0.19999998807907104,1,0,2,12.0,10.490868819387336,-1.2000000476837158,-0.5,0.012467741966247559,0.019999999552965164,-1.0,-100.0,0.0,-0.5366387367248535
1261,23520,1,892,0,OP3,FIXED_OPPONENT,train,SCRIPTED:OP3,1,3,2,1,19,0.2800000011920929,1,0,0,11.0,9.692286441200658,1.5,0.5,-0.008279010653495789,0.029999999329447746,1.0,100.0,0.0,0.5830378532409668
1262,23536,1,894,3,OP3,FIXED_OPPONENT,train,SCRIPTED:OP3,0,2,3,-1,19,0.2800000011920929,1,0,1,12.0,9.47590476588199,-1.2000000476837158,-0.5,0.001538977026939392,0.0,-1.0,-100.0,0.0,-0.5370301604270935
1263,23552,1,896,3,OP3,FIXED_OPPONENT,train,SCRIPTED:OP3,1,3,2,1,19,0.1599999964237213,1,0,4,12.0,11.051165932103208,1.5,0.5,-0.02614632248878479,0.029999999329447746,1.0,100.0,-0.019999999552965164,0.5798859000205994
1264,23568,1,898,3,OP3,FIXED_OPPONENT,train,SCRIPTED:OP3,0,2,3,-1,19,0.19999998807907104,1,0,5,12.0,9.46707554867393,-1.2000000476837158,-0.5,0.01445038616657257,0.0,-1.0,-100.0,0.0,-0.5368668437004089
1265,23576,1,899,2,OP3,FIXED_OPPONENT,train,SCRIPTED:OP3,1,3,2,1,18,0.3199999928474426,1,0,1,11.0,11.114745246039497,1.5,0.0,-0.008694946765899658,0.0,0.0,0.0,-0.019999999552965164,0.3173829913139343
1266,23576,1,899,2,OP3,FIXED_OPPONENT,train,SCRIPTED:OP3,1,3,2,1,20,0.1599999964237213,1,0,5,13.0,9.770449829101562,1.5,1.0,-0.028927043080329895,0.029999999329447746,2.0,200.0,-0.019999999552965164,0.7597293853759766
1267,23592,1,901,0,OP3,FIXED_OPPONENT,train,SCRIPTED:OP3,0,3,3,0,18,0.2800000011920929,1,0,2,11.0,11.236480712890625,-0.699999988079071,0.0,0.006401315331459045,0.0,0.0,0.0,0.0,-0.15420180559158325
1268,23600,1,902,3,OP3,FIXED_OPPONENT,train,SCRIPTED:OP3,1,3,2,1,21,0.1599999964237213,1,0,4,14.0,10.81502932593936,1.5,0.5,0.003343231976032257,0.029999999329447746,1.0,100.0,0.0,0.5831742286682129
1269,23664,1,910,0,OP3,FIXED_OPPONENT,train,SCRIPTED:OP3,1,3,2,1,16,0.2800000011920929,1,0,0,11.0,12.125761985778809,1.5,0.19999998807907104,0.0016037970781326294,0.0,0.0,0.0,-0.019999999552965164,0.3569287657737732
1270,23672,1,911,2,OP3,FIXED_OPPONENT,train,SCRIPTED:OP3,0,2,3,-1,19,0.1599999964237213,1,0,3,12.0,11.542085346422697,-1.2000000476837158,-0.5,0.011753633618354797,0.019999999552965164,-1.0,-100.0,0.0,-0.5366478562355042
1271,23696,1,914,2,OP3,FIXED_OPPONENT,train,SCRIPTED:OP3,0,3,3,0,18,0.23999999463558197,1,0,0,11.0,11.131078084309896,-0.699999988079071,0.0,-0.0042259544134140015,0.0,0.0,0.0,0.0,-0.1543862372636795
1272,23720,1,917,0,OP3,FIXED_OPPONENT,train,SCRIPTED:OP3,1,3,2,1,18,0.23999999463558197,1,0,0,12.0,11.282828436957466,1.5,0.5,-0.001903720200061798,0.029999999329447746,1.0,100.0,0.0,0.5831127166748047
1273,23728,1,918,2,OP3,FIXED_OPPONENT,train,SCRIPTED:OP3,0,2,3,-1,19,0.19999998807907104,1,0,4,11.0,9.704103971782484,-1.2000000476837158,-0.5,0.004573658108711243,0.019999999552965164,-1.0,-100.0,0.0,-0.5367387533187866
1274,23736,1,919,3,OP3,FIXED_OPPONENT,train,SCRIPTED:OP3,1,3,2,1,21,0.23999999463558197,1,0,2,14.0,10.961158389136905,1.5,0.5,-0.021325871348381042,0.029999999329447746,1.0,100.0,0.0,0.5828847885131836
1275,23736,1,919,0,OP3,FIXED_OPPONENT,train,SCRIPTED:OP3,1,3,2,1,18,0.19999998807907104,1,0,2,11.0,8.727697584364149,1.5,0.5,0.02245168387889862,0.014999999664723873,1.0,100.0,0.0,0.583222508430481
1276,23744,1,920,2,OP3,FIXED_OPPONENT,train,SCRIPTED:OP3,0,2,3,-1,18,0.19999998807907104,1,0,5,11.0,10.065528869628906,-1.2000000476837158,-0.5,0.004038915038108826,0.019999999552965164,-1.0,-100.0,-0.019999999552965164,-0.5399019122123718
1277,23808,1,928,1,OP3,FIXED_OPPONENT,train,SCRIPTED:OP3,0,2,3,-1,18,0.23999999463558197,1,0,0,11.0,11.366575453016493,-1.2000000476837158,-0.4000000059604645,0.007105052471160889,0.019999999552965164,-1.0,-100.0,0.0,-0.5206972360610962
1278,23824,1,930,2,OP3,FIXED_OPPONENT,train,SCRIPTED:OP3,0,3,3,0,19,0.23999999463558197,1,0,1,12.0,11.089903982062088,-0.699999988079071,0.0,0.008552506566047668,0.0,0.0,0.0,-0.019999999552965164,-0.1585002839565277
1279,23856,1,934,0,OP3,FIXED_OPPONENT,train,SCRIPTED:OP3,0,2,3,-1,20,0.1599999964237213,0,1,4,13.0,9.030780029296874,-1.2000000476837158,0.0,0.009585723280906677,0.019999999552965164,0.0,0.0,-0.019999999552965164,-0.26416921615600586
1280,23856,1,934,1,OP3,FIXED_OPPONENT,train,SCRIPTED:OP3,0,3,3,0,17,0.19999998807907104,1,0,1,11.0,12.570777444278493,-0.699999988079071,0.0,-0.004150986671447754,0.0,0.0,0.0,0.0,-0.15438494086265564
1281,23856,1,934,2,OP3,FIXED_OPPONENT,train,SCRIPTED:OP3,0,1,3,-2,16,0.19999998807907104,1,0,0,11.0,12.313145637512207,-1.2000000476837158,-0.5,0.0006549060344696045,0.019999999552965164,-1.0,-100.0,-0.019999999552965164,-0.5399445295333862
1282,23856,1,934,2,OP3,FIXED_OPPONENT,train,SCRIPTED:OP3,1,3,2,1,15,0.2800000011920929,1,0,0,11.0,11.997465006510417,1.5,0.0,0.005685299634933472,0.0,0.0,0.0,0.0,0.32160332798957825
1283,23880,1,937,0,OP3,FIXED_OPPONENT,train,SCRIPTED:OP3,1,3,2,1,18,0.1599999964237213,1,0,0,12.0,9.77186754014757,1.5,0.5,0.001745268702507019,0.029999999329447746,1.0,100.0,0.0,0.5831555128097534
1284,23888,1,938,2,OP3,FIXED_OPPONENT,train,SCRIPTED:OP3,1,3,2,1,18,0.35999998450279236,1,0,0,11.0,9.783357408311632,1.5,0.5,-0.02491900324821472,0.014999999664723873,1.0,100.0,0.0,0.5826665163040161
1285,23952,1,946,0,OP3,FIXED_OPPONENT,train,SCRIPTED:OP3,0,3,3,0,18,0.2800000011920929,1,0,3,11.0,9.203577677408854,-0.699999988079071,0.0,-0.00976283848285675,0.0,0.0,0.0,0.0,-0.15448231995105743
1286,23968,1,948,1,OP3,FIXED_OPPONENT,train,SCRIPTED:OP3,0,2,3,-1,18,0.3199999928474426,1,0,2,11.0,11.213005065917969,-1.2000000476837158,-0.4000000059604645,0.0019330978393554688,0.019999999552965164,-1.0,-100.0,0.0,-0.5207642316818237
1287,23992,1,951,2,OP3,FIXED_OPPONENT,train,SCRIPTED:OP3,1,3,2,1,17,0.23999999463558197,1,0,2,11.0,10.993386661305147,1.5,0.0,0.006205886602401733,0.0,0.0,0.0,0.0,0.3216116428375244
1288,23992,1,951,0,OP3,FIXED_OPPONENT,train,SCRIPTED:OP3,1,3,2,1,17,0.23999999463558197,1,0,1,11.0,11.418622185202207,1.5,0.0,-0.012422651052474976,0.0,0.0,0.0,0.0,0.32131466269493103
1289,24008,1,953,2,OP3,FIXED_OPPONENT,train,SCRIPTED:OP3,1,3,2,1,19,0.23999999463558197,1,0,2,12.0,10.698271098889803,1.5,0.5,-0.004446446895599365,0.014999999664723873,1.0,100.0,0.0,0.5829068422317505
1290,24016,1,954,3,OP3,FIXED_OPPONENT,train,SCRIPTED:OP3,0,3,3,0,20,0.3199999928474426,1,0,4,12.0,10.42725067138672,-0.699999988079071,0.0,0.005053967237472534,0.0,0.0,0.0,-0.03999999910593033,-0.16289055347442627
1291,24024,1,955,0,OP3,FIXED_OPPONENT,train,SCRIPTED:OP3,0,2,3,-1,18,0.23999999463558197,1,0,0,11.0,10.861384073893229,-1.2000000476837158,-0.5,-0.008724391460418701,0.0,-1.0,-100.0,0.0,-0.5371599197387695
1292,24032,1,956,2,OP3,FIXED_OPPONENT,train,SCRIPTED:OP3,1,3,2,1,18,0.3199999928474426,1,0,2,11.0,9.62570529513889,1.5,0.5,0.00479637086391449,0.014999999664723873,1.0,100.0,0.0,0.5830153226852417
1293,24080,1,962,1,OP3,FIXED_OPPONENT,train,SCRIPTED:OP3,0,2,3,-1,16,0.23999999463558197,1,0,0,12.0,12.975786209106445,-1.2000000476837158,-0.5,-0.007071003317832947,0.0,-1.0,-100.0,0.0,-0.5371390581130981
1294,24112,1,966,0,OP3,FIXED_OPPONENT,train,SCRIPTED:OP3,1,3,2,1,18,0.19999998807907104,1,0,3,11.0,9.818807813856337,1.5,0.4000000059604645,0.005658358335494995,0.014999999664723873,1.0,100.0,0.0,0.5681669116020203
1295,24144,1,970,3,OP3,FIXED_OPPONENT,train,SCRIPTED:OP3,1,3,2,1,19,0.2800000011920929,1,0,7,12.0,9.631824694181743,1.5,0.5,-0.02573273330926895,0.029999999329447746,1.0,100.0,0.0,0.5828330516815186
1296,24160,1,972,1,OP3,FIXED_OPPONENT,train,SCRIPTED:OP3,1,3,2,1,18,0.19999998807907104,1,0,9,11.0,10.363612704806858,1.5,0.4000000059604645,-0.006193146109580994,0.029999999329447746,1.0,100.0,0.0,0.5682047605514526
1297,24160,1,972,2,OP3,FIXED_OPPONENT,train,SCRIPTED:OP3,1,3,2,1,17,0.1599999964237213,1,0,0,11.0,11.413339951459099,1.5,0.4000000059604645,-0.0026208609342575073,0.029999999329447746,1.0,100.0,0.0,0.5682477355003357
1298,24160,1,972,1,OP3,FIXED_OPPONENT,train,SCRIPTED:OP3,0,2,3,-1,19,0.2800000011920929,1,0,1,12.0,9.991546630859375,-1.2000000476837158,-0.5,-0.010108813643455505,0.0,-1.0,-100.0,-0.019999999552965164,-0.5403318405151367
1299,24160,1,972,2,OP3,FIXED_OPPONENT,train,SCRIPTED:OP3,0,3,3,0,21,0.19999998807907104,1,0,5,12.0,10.427684965587797,-0.699999988079071,0.0,-0.009398601949214935,0.0,0.0,0.0,0.0,-0.15447601675987244
1300,24200,1,977,3,OP3,FIXED_OPPONENT,train,SCRIPTED:OP3,1,3,2,1,21,0.1599999964237213,1,0,4,14.0,10.107976277669271,1.5,0.5,0.001054614782333374,0.029999999329447746,1.0,100.0,0.0,0.583147406578064
1301,24224,1,980,3,OP3,FIXED_OPPONENT,train,SCRIPTED:OP3,1,3,2,1,18,0.19999998807907104,1,0,2,11.0,11.176507737901476,1.5,0.0,-0.0024634599685668945,0.0,0.0,0.0,0.0,0.3214734196662903
1302,24256,1,984,2,OP3,FIXED_OPPONENT,train,SCRIPTED:OP3,1,3,2,1,18,0.19999998807907104,1,0,0,11.0,10.493927001953125,1.5,0.4000000059604645,-0.010090023279190063,0.014999999664723873,1.0,100.0,0.0,0.5679773092269897
1303,24288,1,988,0,OP3,FIXED_OPPONENT,train,SCRIPTED:OP3,1,3,2,1,18,0.07999999821186066,1,0,3,12.0,9.894290500217014,1.5,0.4000000059604645,0.007729068398475647,0.029999999329447746,1.0,100.0,0.0,0.568372368812561
1304,24304,1,990,3,OP3,FIXED_OPPONENT,train,SCRIPTED:OP3,0,2,3,-1,18,0.2800000011920929,1,0,2,11.0,11.680984497070312,-1.2000000476837158,-0.5,0.01178063452243805,0.0,-1.0,-100.0,0.0,-0.5369005799293518
1305,24304,1,990,2,OP3,FIXED_OPPONENT,train,SCRIPTED:OP3,1,3,1,2,18,0.2800000011920929,1,0,1,11.0,9.99933115641276,1.5,0.5,-0.02654646337032318,0.029999999329447746,1.0,100.0,0.0,0.5828235149383545
1306,24312,1,991,3,OP3,FIXED_OPPONENT,train,SCRIPTED:OP3,0,2,3,-1,19,0.2800000011920929,1,0,0,12.0,10.884133589895148,-1.2000000476837158,-0.5,-0.009144052863121033,0.019999999552965164,-1.0,-100.0,0.0,-0.5369123220443726
1307,24312,1,991,1,OP3,FIXED_OPPONENT,train,SCRIPTED:OP3,0,2,3,-1,19,0.3199999928474426,1,0,2,12.0,11.472869069952713,-1.2000000476837158,-0.5,-0.003791511058807373,0.0,-1.0,-100.0,-0.019999999552965164,-0.5402523279190063
1308,24336,1,994,1,OP3,FIXED_OPPONENT,train,SCRIPTED:OP3,0,1,3,-2,17,0.1599999964237213,1,0,0,11.0,12.138643152573529,-1.2000000476837158,-0.5,-0.007221147418022156,0.019999999552965164,-1.0,-100.0,0.0,-0.5368879437446594
1309,24344,1,995,2,OP3,FIXED_OPPONENT,train,SCRIPTED:OP3,0,2,3,-1,15,0.19999998807907104,1,0,0,11.0,12.817864990234375,-1.2000000476837158,-0.5,0.002920880913734436,0.019999999552965164,-1.0,-100.0,-0.019999999552965164,-0.539915919303894
1310,24408,1,1003,0,OP3,FIXED_OPPONENT,train,SCRIPTED:OP3,0,2,3,-1,19,0.3999999761581421,1,0,7,12.0,9.264814677991366,-1.2000000476837158,-0.5,-0.006686538457870483,0.0,-1.0,-100.0,-0.019999999552965164,-0.5402887463569641
1311,24440,1,1007,2,OP3,FIXED_OPPONENT,train,SCRIPTED:OP3,1,3,2,1,19,0.3199999928474426,1,0,4,12.0,9.19167127107319,1.5,0.5,-0.01757490634918213,0.029999999329447746,1.0,100.0,0.0,0.5829287767410278
1312,24440,1,1007,0,OP3,FIXED_OPPONENT,train,SCRIPTED:OP3,0,2,3,-1,17,0.19999998807907104,1,0,2,11.0,10.360118192784926,-1.2000000476837158,-0.4000000059604645,-0.0047266483306884766,0.0,-1.0,-100.0,0.0,-0.5211095809936523
1313,24448,1,1008,3,OP3,FIXED_OPPONENT,train,SCRIPTED:OP3,1,3,2,1,17,0.1599999964237213,1,0,0,12.0,10.952573888442096,1.5,0.5,-0.030003182590007782,0.029999999329447746,1.0,100.0,-0.019999999552965164,0.579840362071991
1314,24456,1,1009,2,OP3,FIXED_OPPONENT,train,SCRIPTED:OP3,0,2,3,-1,19,0.23999999463558197,1,0,2,12.0,10.005740517064146,-1.2000000476837158,-0.5,-0.005253970623016357,0.0,-1.0,-100.0,0.0,-0.5371160507202148
1315,24464,1,1010,2,OP3,FIXED_OPPONENT,train,SCRIPTED:OP3,1,3,2,1,19,0.19999998807907104,1,0,2,12.0,10.632113004985609,1.5,0.5,-0.015265092253684998,0.029999999329447746,1.0,100.0,0.0,0.5829558372497559
1316,24488,1,1013,2,OP3,FIXED_OPPONENT,train,SCRIPTED:OP3,1,3,2,1,18,0.2800000011920929,1,0,0,11.0,12.04478285047743,1.5,0.4000000059604645,0.004336521029472351,0.029999999329447746,1.0,100.0,0.0,0.5683315396308899
1317,24496,1,1014,3,OP3,FIXED_OPPONENT,train,SCRIPTED:OP3,1,3,2,1,20,0.3199999928474426,1,0,2,13.0,10.042701721191406,1.5,0.4000000059604645,-0.0077062249183654785,0.014999999664723873,1.0,100.0,-0.019999999552965164,0.5649878978729248
1318,24560,1,1022,1,OP3,FIXED_OPPONENT,train,SCRIPTED:OP3,1,3,2,1,19,0.11999999731779099,1,0,1,13.0,12.048143888774671,1.5,0.5,-0.011620588600635529,0.029999999329447746,1.0,100.0,0.0,0.5829987525939941
1319,24576,1,1024,2,OP3,FIXED_OPPONENT,train,SCRIPTED:OP3,1,3,1,2,17,0.23999999463558197,1,0,0,11.0,12.667986701516543,1.5,0.5,-0.002095937728881836,0.029999999329447746,1.0,100.0,-0.019999999552965164,0.5801695585250854
1320,24584,1,1025,3,OP3,FIXED_OPPONENT,train,SCRIPTED:OP3,1,3,2,1,18,0.19999998807907104,1,0,3,11.0,9.530895657009548,1.5,0.4000000059604645,-0.010407447814941406,0.029999999329447746,1.0,100.0,-0.019999999552965164,0.5651366710662842
1321,24608,1,1028,1,OP3,FIXED_OPPONENT,train,SCRIPTED:OP3,0,2,3,-1,19,0.19999998807907104,1,0,0,11.0,11.277336522152549,-1.2000000476837158,-0.5,0.013118922710418701,0.019999999552965164,-1.0,-100.0,0.0,-0.5366305708885193
1322,24608,1,1028,3,OP3,FIXED_OPPONENT,train,SCRIPTED:OP3,0,2,3,-1,18,0.19999998807907104,1,0,6,11.0,10.853939480251736,-1.2000000476837158,-0.5,-0.004559457302093506,0.019999999552965164,-1.0,-100.0,0.0,-0.5368543267250061
1323,24624,1,1030,2,OP3,FIXED_OPPONENT,train,SCRIPTED:OP3,0,3,3,0,22,0.1599999964237213,1,0,3,12.0,10.99879941073331,-0.699999988079071,0.0,0.008366197347640991,0.0,0.0,0.0,0.0,-0.15416769683361053
1324,24632,1,1031,1,OP3,FIXED_OPPONENT,train,SCRIPTED:OP3,1,3,2,1,18,0.2800000011920929,1,0,2,11.0,10.782019721137154,1.5,0.4000000059604645,0.004414170980453491,0.029999999329447746,1.0,100.0,0.0,0.5683324337005615
1325,24640,1,1032,2,OP3,FIXED_OPPONENT,train,SCRIPTED:OP3,1,3,2,1,18,0.19999998807907104,1,0,0,11.0,9.79666476779514,1.5,0.4000000059604645,0.0088425874710083,0.029999999329447746,1.0,100.0,0.0,0.5683857202529907
1326,24704,1,1040,3,OP3,FIXED_OPPONENT,train,SCRIPTED:OP3,0,3,3,0,18,0.23999999463558197,1,0,0,11.0,11.835580613878038,-0.699999988079071,0.0,0.003974750638008118,0.0,0.0,0.0,0.0,-0.15424391627311707
1327,24728,1,1043,2,OP3,FIXED_OPPONENT,train,SCRIPTED:OP3,0,3,3,0,19,0.23999999463558197,1,0,8,12.0,10.090050948293586,-0.699999988079071,0.5,0.009083613753318787,0.0,1.0,100.0,0.0,0.1760847568511963
1328,24728,1,1043,2,OP3,FIXED_OPPONENT,train,SCRIPTED:OP3,0,3,3,0,18,0.23999999463558197,1,0,3,11.0,9.57118394639757,-0.699999988079071,0.0,-0.00800730288028717,0.0,0.0,0.0,0.0,-0.15445184707641602
1329,24752,1,1046,3,OP3,FIXED_OPPONENT,train,SCRIPTED:OP3,0,2,3,-1,18,0.1599999964237213,0,1,4,11.0,9.225725809733072,-1.2000000476837158,-0.5,0.0005819350481033325,0.019999999552965164,-1.0,-100.0,0.0,-0.5367892384529114
1330,24760,1,1047,1,OP3,FIXED_OPPONENT,train,SCRIPTED:OP3,0,2,3,-1,19,0.3199999928474426,1,0,1,12.0,10.496882388466283,-1.2000000476837158,-0.5,0.013943672180175781,0.019999999552965164,-1.0,-100.0,0.0,-0.5366201400756836
1331,24768,1,1048,2,OP3,FIXED_OPPONENT,train,SCRIPTED:OP3,0,3,3,0,18,0.11999999731779099,1,0,0,11.0,11.070604960123697,-0.699999988079071,0.0,-0.002922169864177704,0.0,0.0,0.0,0.0,-0.15436361730098724
1332,24784,1,1050,1,OP3,FIXED_OPPONENT,train,SCRIPTED:OP3,0,2,3,-1,18,0.2800000011920929,1,0,2,11.0,10.593544006347656,-1.2000000476837158,-0.4000000059604645,-0.009366750717163086,0.0,-1.0,-100.0,0.0,-0.5211697220802307
1333,24784,1,1050,0,OP3,FIXED_OPPONENT,train,SCRIPTED:OP3,0,2,3,-1,19,0.23999999463558197,1,0,0,12.0,10.954450105365954,-1.2000000476837158,-0.5,0.010928690433502197,0.019999999552965164,-1.0,-100.0,-0.019999999552965164,-0.5398150682449341
1334,24872,1,1061,0,OP3,FIXED_OPPONENT,train,SCRIPTED:OP3,0,2,3,-1,18,0.19999998807907104,1,0,2,11.0,10.004892985026041,-1.2000000476837158,-0.4000000059604645,0.0032040178775787354,0.019999999552965164,-1.0,-100.0,0.0,-0.520747721195221
1335,24880,1,1062,1,OP3,FIXED_OPPONENT,train,SCRIPTED:OP3,0,2,3,-1,19,0.1599999964237213,1,0,4,12.0,10.098697863127056,-1.2000000476837158,-0.5,0.00033374130725860596,0.019999999552965164,-1.0,-100.0,-0.019999999552965164,-0.5399485230445862
1336,24880,1,1062,0,OP3,FIXED_OPPONENT,train,SCRIPTED:OP3,0,3,3,0,22,0.23999999463558197,0,2,6,15.0,9.720617120916193,-0.699999988079071,0.0,7.797777652740479e-05,0.0,0.0,0.0,0.0,-0.15431153774261475
1337,24896,1,1064,3,OP3,FIXED_OPPONENT,train,SCRIPTED:OP3,0,2,3,-1,18,0.23999999463558197,1,0,0,11.0,11.352180480957031,-1.2000000476837158,-0.4000000059604645,0.0021971166133880615,0.019999999552965164,-1.0,-100.0,0.0,-0.5207608342170715
1338,24904,1,1065,3,OP3,FIXED_OPPONENT,train,SCRIPTED:OP3,0,2,3,-1,18,0.23999999463558197,1,0,1,11.0,9.890994601779514,-1.2000000476837158,-0.5,0.015729039907455444,0.019999999552965164,-1.0,-100.0,0.0,-0.536597490310669
1339,24912,1,1066,1,OP3,FIXED_OPPONENT,train,SCRIPTED:OP3,0,2,3,-1,18,0.23999999463558197,1,0,3,11.0,10.740782843695747,-1.2000000476837158,-0.5,0.009025320410728455,0.019999999552965164,-1.0,-100.0,0.0,-0.5366823673248291
1340,24928,1,1068,3,OP3,FIXED_OPPONENT,train,SCRIPTED:OP3,0,3,3,0,18,0.2800000011920929,1,0,1,11.0,9.099024454752604,-0.699999988079071,0.0,0.0001642853021621704,0.0,0.0,0.0,0.0,-0.15431004762649536
1341,24928,1,1068,0,OP3,FIXED_OPPONENT,train,SCRIPTED:OP3,0,2,3,-1,18,0.2800000011920929,1,0,0,11.0,10.517671373155382,-1.2000000476837158,-0.5,0.014767631888389587,0.0,-1.0,-100.0,0.0,-0.5368627905845642
1342,25016,1,1079,0,OP3,FIXED_OPPONENT,train,SCRIPTED:OP3,1,3,2,1,15,0.19999998807907104,1,0,0,11.0,10.978635660807292,1.5,0.0,-0.002199828624725342,0.0,0.0,0.0,0.0,0.32147765159606934
1343,25016,1,1079,3,OP3,FIXED_OPPONENT,train,SCRIPTED:OP3,0,2,3,-1,18,0.1599999964237213,1,0,5,11.0,10.366780598958334,-1.2000000476837158,-0.5,0.012619733810424805,0.019999999552965164,-1.0,-100.0,-0.019999999552965164,-0.5397937297821045
1344,25024,1,1080,0,OP3,FIXED_OPPONENT,train,SCRIPTED:OP3,1,3,2,1,18,0.19999998807907104,1,0,7,11.0,8.763632880316841,1.5,0.5,-0.0218648761510849,0.029999999329447746,1.0,100.0,-0.03999999910593033,0.5769791603088379
1345,25024,1,1080,3,OP3,FIXED_OPPONENT,train,SCRIPTED:OP3,1,3,2,1,15,0.3199999928474426,1,0,1,11.0,10.455851236979166,1.5,0.4000000059604645,0.007951408624649048,0.014999999664723873,1.0,100.0,0.0,0.5681945085525513
1346,25040,1,1082,1,OP3,FIXED_OPPONENT,train,SCRIPTED:OP3,1,3,2,1,20,0.19999998807907104,1,0,1,13.0,10.954934692382812,1.5,1.0,-0.019712284207344055,0.029999999329447746,2.0,200.0,-0.019999999552965164,0.7597985863685608
1347,25040,1,1082,0,OP3,FIXED_OPPONENT,train,SCRIPTED:OP3,0,2,3,-1,16,0.19999998807907104,1,0,0,11.0,10.491844177246094,-1.2000000476837158,0.0,-0.009901106357574463,0.0,0.0,0.0,0.0,-0.2606845200061798
1348,25072,1,1086,1,OP3,FIXED_OPPONENT,train,SCRIPTED:OP3,0,2,3,-1,18,0.19999998807907104,1,0,2,11.0,10.468847486707899,-1.2000000476837158,-0.5,0.010968372225761414,0.0,-1.0,-100.0,-0.019999999552965164,-0.5400664806365967
1349,25080,1,1087,0,OP3,FIXED_OPPONENT,train,SCRIPTED:OP3,0,2,3,-1,19,0.2800000011920929,1,0,0,12.0,11.246153982062088,-1.2000000476837158,-0.5,0.015432506799697876,0.0,-1.0,-100.0,-0.019999999552965164,-0.5400102734565735
1350,25152,1,1096,3,OP3,FIXED_OPPONENT,train,SCRIPTED:OP3,1,3,2,1,16,0.19999998807907104,1,0,0,11.0,11.702598571777344,1.5,0.5,-0.02815602719783783,0.029999999329447746,1.0,100.0,-0.019999999552965164,0.5798621773719788
1351,25160,1,1097,1,OP3,FIXED_OPPONENT,train,SCRIPTED:OP3,0,2,3,-1,18,0.19999998807907104,1,0,2,12.0,9.84738498263889,-1.2000000476837158,-0.5,0.009004995226860046,0.019999999552965164,-1.0,-100.0,0.0,-0.5366826057434082
1352,25168,1,1098,0,OP3,FIXED_OPPONENT,train,SCRIPTED:OP3,1,3,2,1,18,0.11999999731779099,1,0,0,11.0,11.516300625271267,1.5,0.0,-0.0038670748472213745,0.0,0.0,0.0,0.0,0.3214510679244995
1353,25168,1,1098,1,OP3,FIXED_OPPONENT,train,SCRIPTED:OP3,0,3,3,0,19,0.19999998807907104,1,0,2,11.0,10.692679957339639,-0.699999988079071,0.0,-0.0006821751594543457,0.0,0.0,0.0,0.0,-0.1543247550725937
1354,25184,1,1100,0,OP3,FIXED_OPPONENT,train,SCRIPTED:OP3,0,3,3,0,18,0.19999998807907104,1,0,2,11.0,11.016854180230034,-0.699999988079071,0.0,-0.008329376578330994,0.0,0.0,0.0,0.0,-0.1544574350118637
1355,25200,1,1102,1,OP3,FIXED_OPPONENT,train,SCRIPTED:OP3,0,2,3,-1,20,0.23999999463558197,1,0,4,12.0,10.614311981201173,-1.2000000476837158,-0.5,-0.011136144399642944,0.019999999552965164,-1.0,-100.0,0.0,-0.5369374752044678
1356,25224,1,1105,1,OP3,FIXED_OPPONENT,train,SCRIPTED:OP3,1,3,2,1,18,0.23999999463558197,1,0,5,14.0,9.8792724609375,1.5,0.5,-0.017488420009613037,0.029999999329447746,1.0,100.0,0.0,0.582929790019989
1357,25224,1,1105,2,OP3,FIXED_OPPONENT,train,SCRIPTED:OP3,1,3,2,1,19,0.1599999964237213,1,0,4,12.0,11.527000025699014,1.5,0.5,0.016756296157836914,0.029999999329447746,1.0,100.0,-0.019999999552965164,0.5803918838500977
1358,25296,1,1114,1,OP3,FIXED_OPPONENT,train,SCRIPTED:OP3,0,3,3,0,18,0.1599999964237213,1,0,6,11.0,10.246998257107204,-0.699999988079071,0.0,0.0006366223096847534,0.0,0.0,0.0,0.0,-0.15430185198783875
1359,25312,1,1116,0,OP3,FIXED_OPPONENT,train,SCRIPTED:OP3,0,2,3,-1,18,0.2800000011920929,1,0,1,11.0,10.19085693359375,-1.2000000476837158,-0.5,-0.005338236689567566,0.019999999552965164,-1.0,-100.0,-0.019999999552965164,-0.5400199890136719
1360,25312,1,1116,2,OP3,FIXED_OPPONENT,train,SCRIPTED:OP3,0,2,3,-1,18,0.19999998807907104,1,0,3,11.0,10.485213385687935,-1.2000000476837158,-0.4000000059604645,-0.010021612048149109,0.0,-1.0,-100.0,0.0,-0.521178126335144
1361,25312,1,1116,0,OP3,FIXED_OPPONENT,train,SCRIPTED:OP3,1,3,2,1,19,0.2800000011920929,1,0,1,12.0,10.644471821032072,1.5,0.5,-0.02189922332763672,0.02499999850988388,1.0,100.0,-0.019999999552965164,0.5798770189285278
1362,25336,1,1119,3,OP3,FIXED_OPPONENT,train,SCRIPTED:OP3,0,2,3,-1,19,0.19999998807907104,1,0,3,12.0,9.904108950966283,-1.2000000476837158,-0.5,-0.005156964063644409,0.019999999552965164,-1.0,-100.0,-0.019999999552965164,-0.5400177240371704
1363,25344,1,1120,2,OP3,FIXED_OPPONENT,train,SCRIPTED:OP3,1,3,2,1,18,0.1599999964237213,1,0,0,12.0,11.94657982720269,1.5,0.5,0.0118788480758667,0.029999999329447746,1.0,100.0,0.0,0.5832743048667908
1364,25376,1,1124,1,OP3,FIXED_OPPONENT,train,SCRIPTED:OP3,0,3,3,0,19,0.19999998807907104,1,0,1,11.0,10.82516077945107,-0.699999988079071,0.0,0.0013894438743591309,0.0,0.0,0.0,0.0,-0.15428878366947174
1365,25392,1,1126,2,OP3,FIXED_OPPONENT,train,SCRIPTED:OP3,0,3,3,0,21,0.1599999964237213,0,1,5,11.0,10.333588373093377,-0.699999988079071,0.0,-0.002721458673477173,0.0,0.0,0.0,-0.019999999552965164,-0.15869566798210144
1366,25440,1,1132,3,OP3,FIXED_OPPONENT,train,SCRIPTED:OP3,0,2,3,-1,18,0.3199999928474426,1,0,2,11.0,10.86470201280382,-1.2000000476837158,-0.4000000059604645,-0.010593265295028687,0.019999999552965164,-1.0,-100.0,0.0,-0.5209265351295471
1367,25456,1,1134,1,OP3,FIXED_OPPONENT,train,SCRIPTED:OP3,1,3,2,1,18,0.23999999463558197,1,0,1,11.0,11.369437323676216,1.5,0.4000000059604645,-0.006207659840583801,0.029999999329447746,1.0,100.0,0.0,0.5682046413421631
1368,25456,1,1134,0,OP3,FIXED_OPPONENT,train,SCRIPTED:OP3,0,3,3,0,18,0.23999999463558197,1,0,7,11.0,9.151684231228298,-0.699999988079071,0.0,-0.0018149614334106445,0.0,0.0,0.0,0.0,-0.15434439480304718
1369,25464,1,1135,1,OP3,FIXED_OPPONENT,train,SCRIPTED:OP3,0,2,3,-1,19,0.19999998807907104,1,0,5,11.0,10.932299162212171,-1.2000000476837158,0.0,-0.008112072944641113,0.019999999552965164,0.0,0.0,0.0,-0.2603234350681305
1370,25480,1,1137,2,OP3,FIXED_OPPONENT,train,SCRIPTED:OP3,1,3,2,1,18,0.19999998807907104,1,0,1,11.0,10.400181240505642,1.5,0.4000000059604645,0.003545813262462616,0.029999999329447746,1.0,100.0,0.0,0.5683220624923706
1371,25488,1,1138,2,OP3,FIXED_OPPONENT,train,SCRIPTED:OP3,1,3,2,1,18,0.1599999964237213,1,0,1,12.0,10.705284966362846,1.5,0.4000000059604645,-0.0077271610498428345,0.029999999329447746,1.0,100.0,0.0,0.5681862831115723
1372,25528,1,1143,1,OP3,FIXED_OPPONENT,train,SCRIPTED:OP3,0,3,3,0,19,0.1599999964237213,1,0,3,11.0,10.716618588096217,-0.699999988079071,0.0,-0.010201305150985718,0.0,0.0,0.0,0.0,-0.1544899344444275
1373,25536,1,1144,0,OP3,FIXED_OPPONENT,train,SCRIPTED:OP3,1,3,2,1,18,0.11999999731779099,1,0,0,12.0,11.38722398546007,1.5,0.4000000059604645,0.006438806653022766,0.029999999329447746,1.0,100.0,0.0,0.5683568716049194
1374,25592,1,1151,2,OP3,FIXED_OPPONENT,train,SCRIPTED:OP3,0,2,3,-1,19,0.23999999463558197,1,0,3,13.0,8.415177997789884,-1.2000000476837158,-0.5,-0.0020724236965179443,0.0,-1.0,-100.0,0.0,-0.5370758175849915
1375,25608,1,1153,0,OP3,FIXED_OPPONENT,train,SCRIPTED:OP3,0,2,3,-1,18,0.11999999731779099,1,0,1,11.0,11.763860066731771,-1.2000000476837158,-0.4000000059604645,-0.005768433213233948,0.019999999552965164,-1.0,-100.0,0.0,-0.5208640098571777
1376,25608,1,1153,2,OP3,FIXED_OPPONENT,train,SCRIPTED:OP3,0,2,3,-1,19,0.19999998807907104,1,0,6,12.0,8.664335552014803,-1.2000000476837158,-0.5,0.010426953434944153,0.019999999552965164,-1.0,-100.0,-0.019999999552965164,-0.539821445941925
1377,25624,1,1155,1,OP3,FIXED_OPPONENT,train,SCRIPTED:OP3,1,3,2,1,18,0.3199999928474426,1,0,1,11.0,10.507470024956596,1.5,0.4000000059604645,0.004061609506607056,0.014999999664723873,1.0,100.0,0.0,0.5681476593017578
1378,25624,1,1155,1,OP3,FIXED_OPPONENT,train,SCRIPTED:OP3,1,3,2,1,21,0.2800000011920929,1,0,8,14.0,9.066544305710565,1.5,0.5,-0.013619065284729004,0.029999999329447746,1.0,100.0,0.0,0.5829752683639526
1379,25632,1,1156,0,OP3,FIXED_OPPONENT,train,SCRIPTED:OP3,0,1,3,-2,18,0.23999999463558197,0,1,4,12.0,9.856399536132812,-1.2000000476837158,-0.5,-0.0011660456657409668,0.019999999552965164,-1.0,-100.0,-0.019999999552965164,-0.53996741771698
1380,25672,1,1161,2,OP3,FIXED_OPPONENT,train,SCRIPTED:OP3,1,3,2,1,18,0.19999998807907104,1,0,6,11.0,11.097757127549913,1.5,0.8999999761581421,0.002004772424697876,0.029999999329447746,2.0,200.0,-0.019999999552965164,0.7504141330718994
1381,25680,1,1162,2,OP3,FIXED_OPPONENT,train,SCRIPTED:OP3,0,2,3,-1,18,0.23999999463558197,1,0,0,11.0,10.852909511990017,-1.2000000476837158,-0.5,0.0014304518699645996,0.019999999552965164,-1.0,-100.0,-0.019999999552965164,-0.5399346947669983
1382,25736,1,1169,1,OP3,FIXED_OPPONENT,train,SCRIPTED:OP3,0,3,3,0,18,0.19999998807907104,1,0,1,11.0,12.427816602918837,-0.699999988079071,0.0,0.0038755089044570923,0.0,0.0,0.0,0.0,-0.15424564480781555
1383,25752,1,1171,0,OP3,FIXED_OPPONENT,train,SCRIPTED:OP3,0,1,3,-2,16,0.2800000011920929,1,0,0,12.0,11.458518981933594,-1.2000000476837158,-0.5,-0.0037087202072143555,0.0,-1.0,-100.0,-0.03999999910593033,-0.5433909296989441
1384,25752,1,1171,3,OP3,FIXED_OPPONENT,train,SCRIPTED:OP3,0,3,3,0,18,0.19999998807907104,1,0,3,11.0,11.106965806749132,-0.699999988079071,0.5,0.004584908485412598,0.0,1.0,100.0,0.0,0.17600727081298828
1385,25768,1,1173,0,OP3,FIXED_OPPONENT,train,SCRIPTED:OP3,1,3,2,1,20,0.2800000011920929,1,0,4,11.0,9.916879272460937,1.5,0.5,-0.017706334590911865,0.014999999664723873,1.0,100.0,-0.019999999552965164,0.5798084735870361
1386,25776,1,1174,2,OP3,FIXED_OPPONENT,train,SCRIPTED:OP3,0,3,3,0,19,0.19999998807907104,1,0,3,12.0,10.419073004471628,-0.699999988079071,0.0,-0.008920267224311829,0.0,0.0,0.0,0.0,-0.15446770191192627
1387,25776,1,1174,2,OP3,FIXED_OPPONENT,train,SCRIPTED:OP3,0,2,3,-1,18,0.19999998807907104,1,0,1,11.0,10.466835021972656,-1.2000000476837158,-0.5,-0.007725954055786133,0.0,-1.0,-100.0,-0.019999999552965164,-0.5403019189834595
1388,25816,1,1179,0,OP3,FIXED_OPPONENT,train,SCRIPTED:OP3,0,2,3,-1,17,0.19999998807907104,1,0,0,13.0,10.732203764073988,-1.2000000476837158,-0.5,-0.015003517270088196,0.0,-1.0,-100.0,-0.019999999552965164,-0.5403934717178345
1389,25816,1,1179,2,OP3,FIXED_OPPONENT,train,SCRIPTED:OP3,0,2,3,-1,18,0.2800000011920929,1,0,3,11.0,10.355174594455296,-1.2000000476837158,0.0,-0.0072699785232543945,0.019999999552965164,0.0,0.0,0.0,-0.26030948758125305
1390,25888,1,1188,3,OP3,FIXED_OPPONENT,train,SCRIPTED:OP3,1,3,2,1,19,0.19999998807907104,1,0,1,13.0,10.377066361276727,1.5,0.5,-0.005113780498504639,0.029999999329447746,1.0,100.0,0.0,0.5830750465393066
1391,25904,1,1190,3,OP3,FIXED_OPPONENT,train,SCRIPTED:OP3,0,2,3,-1,19,0.3199999928474426,1,0,6,12.0,8.996960288599917,-1.2000000476837158,-0.5,0.004401952028274536,0.0,-1.0,-100.0,0.0,-0.5369939804077148
1392,25912,1,1191,0,OP3,FIXED_OPPONENT,train,SCRIPTED:OP3,0,2,3,-1,20,0.23999999463558197,1,0,0,12.0,12.07232208251953,-1.2000000476837158,-0.4000000059604645,-0.010206848382949829,0.019999999552965164,-1.0,-100.0,-0.019999999552965164,-0.524152398109436
1393,25912,1,1191,3,OP3,FIXED_OPPONENT,train,SCRIPTED:OP3,0,2,3,-1,18,0.23999999463558197,1,0,0,11.0,11.333997090657553,-1.2000000476837158,-0.5,0.0041809529066085815,0.0,-1.0,-100.0,0.0,-0.5369967818260193
1394,25920,1,1192,2,OP3,FIXED_OPPONENT,train,SCRIPTED:OP3,1,3,2,1,18,0.19999998807907104,1,0,7,11.0,9.384505377875435,1.5,0.5,0.008465185761451721,0.029999999329447746,1.0,100.0,0.0,0.5832343697547913
1395,25920,1,1192,2,OP3,FIXED_OPPONENT,train,SCRIPTED:OP3,0,2,3,-1,18,0.2800000011920929,1,0,6,11.0,9.566357082790798,-1.2000000476837158,-0.4000000059604645,-0.009903058409690857,0.019999999552965164,-1.0,-100.0,0.0,-0.5209175944328308
1396,25968,1,1198,1,OP3,FIXED_OPPONENT,train,SCRIPTED:OP3,0,3,3,0,19,0.1599999964237213,1,0,0,11.0,11.499181647049753,-0.699999988079071,0.0,0.005087316036224365,0.0,0.0,0.0,0.0,-0.15422460436820984
1397,25976,1,1199,2,OP3,FIXED_OPPONENT,train,SCRIPTED:OP3,1,3,2,1,20,0.3999999761581421,1,0,0,14.0,9.806092834472656,1.5,0.5,-0.0206509530544281,0.02499999850988388,1.0,100.0,-0.03999999910593033,0.576934278011322
1398,26008,1,1203,3,OP3,FIXED_OPPONENT,train,SCRIPTED:OP3,0,1,3,-2,15,0.11999999731779099,1,0,0,11.0,12.372091674804688,-1.2000000476837158,-0.4000000059604645,-0.009291529655456543,0.019999999552965164,-1.0,-100.0,0.0,-0.5209096670150757
1399,26032,1,1206,1,OP3,FIXED_OPPONENT,train,SCRIPTED:OP3,1,3,1,2,15,0.19999998807907104,1,0,0,11.0,11.116845703125,1.5,0.4000000059604645,0.0036667436361312866,0.029999999329447746,1.0,100.0,-0.019999999552965164,0.5653069615364075
1400,26048,1,1208,1,OP3,FIXED_OPPONENT,train,SCRIPTED:OP3,1,3,2,1,18,0.19999998807907104,1,0,1,11.0,11.247552659776476,1.5,0.0,-0.003811880946159363,0.0,0.0,0.0,0.0,0.32145193219184875
1401,26072,1,1211,1,OP3,FIXED_OPPONENT,train,SCRIPTED:OP3,0,3,3,0,19,0.19999998807907104,1,0,2,12.0,11.753140901264391,-0.699999988079071,0.0,-0.012633457779884338,0.0,0.0,0.0,0.0,-0.15453214943408966
1402,26072,1,1211,1,OP3,FIXED_OPPONENT,train,SCRIPTED:OP3,0,2,3,-1,20,0.19999998807907104,1,0,4,13.0,10.502236938476562,-1.2000000476837158,-0.5,0.0001833885908126831,0.019999999552965164,-1.0,-100.0,-0.019999999552965164,-0.5399504899978638
1403,26088,1,1213,2,OP3,FIXED_OPPONENT,train,SCRIPTED:OP3,0,3,3,0,21,0.23999999463558197,1,0,8,14.0,9.323514665876116,-0.699999988079071,0.0,-0.006432302296161652,0.0,0.0,0.0,0.0,-0.1544245183467865
1404,26112,1,1216,1,OP3,FIXED_OPPONENT,train,SCRIPTED:OP3,1,3,2,1,18,0.11999999731779099,1,0,1,11.0,11.997945149739584,1.5,0.5,-0.004404127597808838,0.029999999329447746,1.0,100.0,0.0,0.5830833911895752
1405,26120,1,1217,3,OP3,FIXED_OPPONENT,train,SCRIPTED:OP3,1,3,2,1,18,0.23999999463558197,1,0,7,11.0,9.89126925998264,1.5,0.4000000059604645,-0.010255411267280579,0.029999999329447746,1.0,100.0,0.0,0.5681558847427368
1406,26168,1,1223,0,OP3,FIXED_OPPONENT,train,SCRIPTED:OP3,1,3,2,1,20,0.2800000011920929,1,0,1,11.0,10.454113006591797,1.5,0.5,8.913874626159668e-05,0.014999999664723873,1.0,100.0,-0.03999999910593033,0.5770615339279175
1407,26176,1,1224,2,OP3,FIXED_OPPONENT,train,SCRIPTED:OP3,0,2,3,-1,18,0.2800000011920929,0,1,4,11.0,9.631033155653212,-1.2000000476837158,-0.4000000059604645,-0.010779574513435364,0.019999999552965164,-1.0,-100.0,0.0,-0.5209289193153381
1408,26200,1,1227,1,OP3,FIXED_OPPONENT,train,SCRIPTED:OP3,1,3,2,1,19,0.1599999964237213,1,0,0,12.0,11.375215229235197,1.5,0.5,-0.005364120006561279,0.029999999329447746,1.0,100.0,0.0,0.5830720663070679
1409,26232,1,1231,0,OP3,FIXED_OPPONENT,train,SCRIPTED:OP3,1,3,2,1,20,0.3199999928474426,1,0,4,13.0,9.952732849121094,1.5,0.5,-0.014854580163955688,0.014999999664723873,1.0,100.0,-0.019999999552965164,0.5798420906066895
1410,26232,1,1231,3,OP3,FIXED_OPPONENT,train,SCRIPTED:OP3,0,2,3,-1,20,0.2800000011920929,1,0,1,13.0,8.963345336914063,-1.2000000476837158,-0.5,-0.0075732022523880005,0.0,-1.0,-100.0,-0.019999999552965164,-0.5402999520301819
1411,26232,1,1231,1,OP3,FIXED_OPPONENT,train,SCRIPTED:OP3,0,3,3,0,18,0.23999999463558197,1,0,0,11.0,11.124743991427952,-0.699999988079071,0.0,-0.005145728588104248,0.0,0.0,0.0,0.0,-0.15440219640731812
1412,26264,1,1235,0,OP3,FIXED_OPPONENT,train,SCRIPTED:OP3,0,2,3,-1,19,0.19999998807907104,1,0,3,12.0,11.13644810726768,-1.2000000476837158,0.0,0.0054463595151901245,0.019999999552965164,0.0,0.0,-0.019999999552965164,-0.2642376720905304
1413,26264,1,1235,2,OP3,FIXED_OPPONENT,train,SCRIPTED:OP3,1,3,2,1,18,0.23999999463558197,1,0,1,12.0,10.995968288845486,1.5,0.5,0.0027698874473571777,0.029999999329447746,1.0,100.0,0.0,0.583167552947998
1414,26336,1,1244,2,OP3,FIXED_OPPONENT,train,SCRIPTED:OP3,0,2,3,-1,20,0.23999999463558197,1,0,2,12.0,10.969048309326173,-1.2000000476837158,-0.5,0.012364998459815979,0.0,-1.0,-100.0,0.0,-0.5368931889533997
1415,26336,1,1244,3,OP3,FIXED_OPPONENT,train,SCRIPTED:OP3,0,2,3,-1,21,0.2800000011920929,1,0,4,14.0,10.21139163062686,-1.2000000476837158,-0.5,0.007500126957893372,0.0,-1.0,-100.0,0.0,-0.5369547605514526
1416,26360,1,1247,0,OP3,FIXED_OPPONENT,train,SCRIPTED:OP3,1,3,1,2,16,0.23999999463558197,1,0,4,11.0,10.129081726074219,1.5,0.4000000059604645,-0.003629043698310852,0.029999999329447746,1.0,100.0,0.0,0.5682356357574463
1417,26368,1,1248,2,OP3,FIXED_OPPONENT,train,SCRIPTED:OP3,1,3,2,1,21,0.2800000011920929,1,0,0,14.0,10.522444225492931,1.5,0.5,-0.006712585687637329,0.029999999329447746,1.0,100.0,0.0,0.5830563306808472
1418,26376,1,1249,2,OP3,FIXED_OPPONENT,train,SCRIPTED:OP3,1,3,2,1,18,0.2800000011920929,1,0,1,12.0,11.266302320692274,1.5,0.5,-0.006319597363471985,0.029999999329447746,1.0,100.0,0.0,0.5830608606338501
1419,26400,1,1252,2,OP3,FIXED_OPPONENT,train,SCRIPTED:OP3,1,3,2,1,21,0.3199999928474426,1,0,8,14.0,9.739932832263765,1.5,0.5,0.010898962616920471,0.014999999664723873,1.0,100.0,0.0,0.5830869078636169
1420,26408,1,1253,0,OP3,FIXED_OPPONENT,train,SCRIPTED:OP3,0,3,3,0,18,0.11999999731779099,1,0,0,11.0,11.321402655707466,-0.699999988079071,0.0,-0.0020214244723320007,0.0,0.0,0.0,0.0,-0.1543479859828949
1421,26424,1,1255,2,OP3,FIXED_OPPONENT,train,SCRIPTED:OP3,1,3,2,1,20,0.2800000011920929,1,0,3,14.0,11.178022766113282,1.5,0.5,-0.020790323615074158,0.029999999329447746,1.0,100.0,-0.03999999910593033,0.5769919157028198
1422,26480,1,1262,3,OP3,FIXED_OPPONENT,train,SCRIPTED:OP3,1,3,2,1,18,0.1599999964237213,1,0,2,11.0,11.101917690700954,1.5,0.5,0.009667627513408661,0.029999999329447746,1.0,100.0,-0.019999999552965164,0.5803083181381226
1423,26488,1,1263,2,OP3,FIXED_OPPONENT,train,SCRIPTED:OP3,0,2,3,-1,19,0.19999998807907104,1,0,0,12.0,10.72001085783306,-1.2000000476837158,-0.5,0.013230472803115845,0.019999999552965164,-1.0,-100.0,0.0,-0.5366291403770447
1424,26488,1,1263,3,OP3,FIXED_OPPONENT,train,SCRIPTED:OP3,0,1,3,-2,16,0.1599999964237213,1,0,0,12.0,11.949209213256836,-1.2000000476837158,-0.5,0.001332789659500122,0.019999999552965164,-1.0,-100.0,0.0,-0.5367797017097473
1425,26520,1,1267,1,OP3,FIXED_OPPONENT,train,SCRIPTED:OP3,1,3,2,1,18,0.11999999731779099,1,0,2,11.0,10.574682447645399,1.5,0.5,0.02400873601436615,0.029999999329447746,1.0,100.0,0.0,0.5834165811538696
1426,26528,1,1268,2,OP3,FIXED_OPPONENT,train,SCRIPTED:OP3,0,2,3,-1,20,0.1599999964237213,1,0,10,13.0,9.298096466064454,-1.2000000476837158,-0.5,0.007657930254936218,0.019999999552965164,-1.0,-100.0,0.0,-0.536699652671814
1427,26552,1,1271,1,OP3,FIXED_OPPONENT,train,SCRIPTED:OP3,0,2,3,-1,19,0.2800000011920929,1,0,1,12.0,11.777638485557155,-1.2000000476837158,-0.5,-0.008035078644752502,0.0,-1.0,-100.0,-0.019999999552965164,-0.5403057336807251
1428,26560,1,1272,3,OP3,FIXED_OPPONENT,train,SCRIPTED:OP3,0,2,3,-1,19,0.23999999463558197,1,0,4,12.0,9.150515907689146,-1.2000000476837158,-0.5,-0.010602697730064392,0.019999999552965164,-1.0,-100.0,0.0,-0.5369307398796082
1429,26568,1,1273,1,OP3,FIXED_OPPONENT,train,SCRIPTED:OP3,0,2,3,-1,18,0.23999999463558197,1,0,1,11.0,11.223284403483072,-1.2000000476837158,-0.5,0.0026654303073883057,0.019999999552965164,-1.0,-100.0,-0.019999999552965164,-0.5399191379547119
1430,26632,1,1281,2,OP3,FIXED_OPPONENT,train,SCRIPTED:OP3,0,2,3,-1,18,0.3199999928474426,1,0,1,11.0,12.262942843967014,-1.2000000476837158,-0.4000000059604645,-0.009225472807884216,0.019999999552965164,-1.0,-100.0,-0.019999999552965164,-0.5241397619247437
1431,26632,1,1281,0,OP3,FIXED_OPPONENT,train,SCRIPTED:OP3,0,2,3,-1,18,0.23999999463558197,1,0,0,11.0,9.702568054199219,-1.2000000476837158,-0.5,0.0034932196140289307,0.019999999552965164,-1.0,-100.0,-0.019999999552965164,-0.539908766746521
1432,26656,1,1284,1,OP3,FIXED_OPPONENT,train,SCRIPTED:OP3,0,2,3,-1,22,0.3199999928474426,1,0,5,15.0,8.60515039617365,-1.2000000476837158,-0.5,0.005486249923706055,0.019999999552965164,-1.0,-100.0,0.0,-0.5367271304130554
1433,26664,1,1285,3,OP3,FIXED_OPPONENT,train,SCRIPTED:OP3,0,3,3,0,18,0.2800000011920929,1,0,9,11.0,9.873106214735243,-0.699999988079071,0.0,0.008499465882778168,0.0,0.0,0.0,0.0,-0.1541653871536255
1434,26672,1,1286,3,OP3,FIXED_OPPONENT,train,SCRIPTED:OP3,0,2,3,-1,18,0.19999998807907104,1,0,5,11.0,9.800357394748264,-1.2000000476837158,-0.5,-5.4508447647094727e-05,0.019999999552965164,-1.0,-100.0,0.0,-0.536797285079956
1435,26688,1,1288,3,OP3,FIXED_OPPONENT,train,SCRIPTED:OP3,1,3,1,2,16,0.23999999463558197,1,0,2,12.0,10.781585693359375,1.5,0.5,0.00828339159488678,0.014999999664723873,1.0,100.0,0.0,0.5830562114715576
1436,26696,1,1289,0,OP3,FIXED_OPPONENT,train,SCRIPTED:OP3,1,3,2,1,18,0.19999998807907104,1,0,3,11.0,10.509791056315104,1.5,0.5,-0.008541248738765717,0.029999999329447746,1.0,100.0,0.0,0.5830347537994385
1437,26720,1,1292,3,OP3,FIXED_OPPONENT,train,SCRIPTED:OP3,1,3,2,1,19,0.23999999463558197,1,0,0,12.0,10.528886493883634,1.5,0.5,0.0019837617874145508,0.029999999329447746,1.0,100.0,0.0,0.5831582546234131
1438,26768,1,1298,3,OP3,FIXED_OPPONENT,train,SCRIPTED:OP3,1,3,2,1,17,0.19999998807907104,1,0,0,11.0,11.316240198471966,1.5,0.4000000059604645,-0.00942598283290863,0.029999999329447746,1.0,100.0,-0.019999999552965164,0.5651485919952393
1439,26792,1,1301,0,OP3,FIXED_OPPONENT,train,SCRIPTED:OP3,0,3,3,0,20,0.19999998807907104,1,0,4,13.0,11.034271240234375,-0.699999988079071,0.5,0.0032963454723358154,0.0,1.0,100.0,-0.019999999552965164,0.1716749370098114
1440,26800,1,1302,2,OP3,FIXED_OPPONENT,train,SCRIPTED:OP3,1,3,2,1,18,0.2800000011920929,1,0,2,12.0,9.481602986653646,1.5,0.5,0.009938269853591919,0.029999999329447746,1.0,100.0,0.0,0.5832515954971313
1441,26816,1,1304,2,OP3,FIXED_OPPONENT,train,SCRIPTED:OP3,0,3,3,0,19,0.1599999964237213,1,0,1,12.0,11.288629632247122,-0.699999988079071,0.0,0.008703425526618958,0.0,0.0,0.0,0.0,-0.15416185557842255
1442,26832,1,1306,3,OP3,FIXED_OPPONENT,train,SCRIPTED:OP3,1,3,2,1,20,0.3199999928474426,1,0,0,12.0,11.158685302734375,1.5,0.5,-0.026223376393318176,0.014999999664723873,1.0,100.0,-0.019999999552965164,0.5797079205513
1443,26840,1,1307,3,OP3,FIXED_OPPONENT,train,SCRIPTED:OP3,1,3,2,1,18,0.2800000011920929,1,0,3,11.0,11.080642700195312,1.5,0.5,-0.015074864029884338,0.029999999329447746,1.0,100.0,0.0,0.5829581618309021
1444,26840,1,1307,3,OP3,FIXED_OPPONENT,train,SCRIPTED:OP3,0,2,3,-1,19,0.23999999463558197,1,0,1,12.0,9.331158286646792,-1.2000000476837158,-0.5,0.011024683713912964,0.019999999552965164,-1.0,-100.0,0.0,-0.5366570949554443
1445,26864,1,1310,0,OP3,FIXED_OPPONENT,train,SCRIPTED:OP3,0,2,3,-1,18,0.2800000011920929,1,0,0,11.0,10.720044453938803,-1.2000000476837158,-0.4000000059604645,-0.003163248300552368,0.019999999552965164,-1.0,-100.0,0.0,-0.5208302736282349
1446,26912,1,1316,2,OP3,FIXED_OPPONENT,train,SCRIPTED:OP3,0,3,3,0,18,0.2800000011920929,1,0,0,11.0,10.721055772569445,-0.699999988079071,0.0,0.0018037036061286926,0.0,0.0,0.0,0.0,-0.1542816013097763
1447,26936,1,1319,0,OP3,FIXED_OPPONENT,train,SCRIPTED:OP3,0,3,3,0,18,0.19999998807907104,1,0,2,11.0,10.884058634440104,-0.699999988079071,0.0,0.008418023586273193,0.0,0.0,0.0,0.0,-0.1541668176651001
1448,26960,1,1322,0,OP3,FIXED_OPPONENT,train,SCRIPTED:OP3,0,1,3,-2,15,0.23999999463558197,1,0,0,11.0,10.813002522786459,-1.2000000476837158,-0.5,-0.0032761096954345703,0.0,-1.0,-100.0,0.0,-0.5370910167694092
1449,26960,1,1322,0,OP3,FIXED_OPPONENT,train,SCRIPTED:OP3,0,2,3,-1,20,0.23999999463558197,1,0,4,13.0,10.61395034790039,-1.2000000476837158,-0.5,-0.012085318565368652,0.019999999552965164,-1.0,-100.0,-0.019999999552965164,-0.5401049852371216
1450,26968,1,1323,3,OP3,FIXED_OPPONENT,train,SCRIPTED:OP3,1,3,2,1,19,0.2800000011920929,1,0,2,12.0,12.05956388774671,1.5,0.4000000059604645,-0.000918269157409668,0.014999999664723873,1.0,100.0,0.0,0.5680876970291138
1451,26984,1,1325,0,OP3,FIXED_OPPONENT,train,SCRIPTED:OP3,1,3,2,1,18,0.19999998807907104,0,1,1,14.0,9.234413994683159,1.5,0.5,0.0003251582384109497,0.029999999329447746,1.0,100.0,-0.019999999552965164,0.5801981687545776
1452,26992,1,1326,2,OP3,FIXED_OPPONENT,train,SCRIPTED:OP3,0,2,3,-1,20,0.3999999761581421,1,0,0,14.0,10.508312225341797,-1.2000000476837158,-0.5,0.010956153273582458,0.0,-1.0,-100.0,-0.03999999910593033,-0.5432071685791016
1453,27008,1,1328,1,OP3,FIXED_OPPONENT,train,SCRIPTED:OP3,0,2,3,-1,18,0.1599999964237213,1,0,5,14.0,8.973717583550346,-1.2000000476837158,-0.5,-0.013647004961967468,0.0,-1.0,-100.0,0.0,-0.5372222065925598
1454,27072,1,1336,3,OP3,FIXED_OPPONENT,train,SCRIPTED:OP3,0,2,3,-1,20,0.19999998807907104,1,0,5,11.0,9.69168472290039,-1.2000000476837158,-0.5,-0.008398100733757019,0.019999999552965164,-1.0,-100.0,-0.019999999552965164,-0.5400584936141968
1455,27080,1,1337,3,OP3,FIXED_OPPONENT,train,SCRIPTED:OP3,1,3,2,1,18,0.23999999463558197,1,0,1,11.0,10.790989345974392,1.5,0.5,-0.003014594316482544,0.014999999664723873,1.0,100.0,0.0,0.5829236507415771
1456,27104,1,1340,2,OP3,FIXED_OPPONENT,train,SCRIPTED:OP3,0,1,3,-2,18,0.1599999964237213,1,0,1,11.0,11.622506035698784,-1.2000000476837158,-0.5,0.0027113109827041626,0.019999999552965164,-1.0,-100.0,0.0,-0.5367622971534729
1457,27104,1,1340,0,OP3,FIXED_OPPONENT,train,SCRIPTED:OP3,1,3,2,1,18,0.2800000011920929,1,0,3,11.0,9.967198689778646,1.5,0.5,0.026496663689613342,0.014999999664723873,1.0,100.0,0.0,0.5832699537277222
1458,27112,1,1341,2,OP3,FIXED_OPPONENT,train,SCRIPTED:OP3,1,3,1,2,18,0.1599999964237213,1,0,1,12.0,9.463025410970053,1.5,0.5,-0.0068652331829071045,0.029999999329447746,1.0,100.0,0.0,0.5830545425415039
1459,27128,1,1343,2,OP3,FIXED_OPPONENT,train,SCRIPTED:OP3,1,3,2,1,18,0.1599999964237213,1,0,3,11.0,10.844742668999565,1.5,1.0,-0.029099315404891968,0.029999999329447746,2.0,200.0,0.0,0.7616008520126343
1460,27136,1,1344,1,OP3,FIXED_OPPONENT,train,SCRIPTED:OP3,1,3,2,1,18,0.35999998450279236,1,0,0,11.0,9.650171067979601,1.5,0.5,-0.03466080129146576,0.014999999664723873,1.0,100.0,0.0,0.5825520753860474
1461,27152,1,1346,2,OP3,FIXED_OPPONENT,train,SCRIPTED:OP3,0,2,3,-1,18,0.19999998807907104,1,0,2,11.0,11.429943508572048,-1.2000000476837158,-0.4000000059604645,-0.008679091930389404,0.019999999552965164,-1.0,-100.0,0.0,-0.5209017395973206
1462,27216,1,1354,0,OP3,FIXED_OPPONENT,train,SCRIPTED:OP3,0,3,3,0,18,0.2800000011920929,1,0,1,11.0,11.562004937065971,-0.699999988079071,0.0,0.009057842195034027,0.0,0.0,0.0,0.0,-0.1541557013988495
1463,27224,1,1355,3,OP3,FIXED_OPPONENT,train,SCRIPTED:OP3,0,2,3,-1,18,0.19999998807907104,1,0,2,11.0,9.47549777560764,-1.2000000476837158,-0.4000000059604645,0.001376137137413025,0.019999999552965164,-1.0,-100.0,0.0,-0.5207714438438416
1464,27248,1,1358,2,OP3,FIXED_OPPONENT,train,SCRIPTED:OP3,1,3,2,1,18,0.2800000011920929,1,0,0,11.0,9.781867980957031,1.5,0.4000000059604645,-0.001082688570022583,0.02499999850988388,1.0,100.0,0.0,0.5682061314582825
1465,27256,1,1359,0,OP3,FIXED_OPPONENT,train,SCRIPTED:OP3,1,3,2,1,18,0.23999999463558197,1,0,2,12.0,10.92869398328993,1.5,0.5,-0.008191987872123718,0.029999999329447746,1.0,100.0,-0.019999999552965164,0.5800976753234863
1466,27256,1,1359,1,OP3,FIXED_OPPONENT,train,SCRIPTED:OP3,1,3,2,1,19,0.19999998807907104,1,0,5,12.0,8.785105655067845,1.5,0.5,0.016136080026626587,0.014999999664723873,1.0,100.0,0.0,0.5831483602523804
1467,27272,1,1361,2,OP3,FIXED_OPPONENT,train,SCRIPTED:OP3,1,3,2,1,18,0.3199999928474426,1,0,0,11.0,11.300219217936197,1.5,0.4000000059604645,-0.00042885541915893555,0.014999999664723873,1.0,100.0,0.0,0.5680935978889465
1468,27280,1,1362,3,OP3,FIXED_OPPONENT,train,SCRIPTED:OP3,0,3,3,0,18,0.23999999463558197,1,0,5,11.0,10.14662594265408,-0.699999988079071,0.0,-0.005734860897064209,0.0,0.0,0.0,0.0,-0.1544124186038971
1469,27304,1,1365,3,OP3,FIXED_OPPONENT,train,SCRIPTED:OP3,0,3,3,0,19,0.07999999821186066,1,0,2,12.0,10.819793701171875,-0.699999988079071,0.0,-0.00615055114030838,0.0,0.0,0.0,0.0,-0.15441963076591492
1470,27368,1,1373,0,OP3,FIXED_OPPONENT,train,SCRIPTED:OP3,0,3,3,0,19,0.2800000011920929,1,0,1,11.0,10.210104691354852,-0.699999988079071,0.0,-0.009703800082206726,0.0,0.0,0.0,0.0,-0.15448129177093506
1471,27384,1,1375,3,OP3,FIXED_OPPONENT,train,SCRIPTED:OP3,0,2,3,-1,16,0.23999999463558197,1,0,0,11.0,11.350176811218262,-1.2000000476837158,0.0,0.0007666796445846558,0.0,0.0,0.0,-0.03999999910593033,-0.26877403259277344
1472,27384,1,1375,0,OP3,FIXED_OPPONENT,train,SCRIPTED:OP3,0,2,3,-1,20,0.19999998807907104,1,0,4,13.0,11.35374755859375,-1.2000000476837158,-0.5,0.01528574526309967,0.019999999552965164,-1.0,-100.0,0.0,-0.5366030931472778
1473,27392,1,1376,1,OP3,FIXED_OPPONENT,train,SCRIPTED:OP3,0,3,3,0,18,0.1599999964237213,1,0,1,11.0,9.665152655707466,-0.699999988079071,0.0,-0.007408499717712402,0.0,0.0,0.0,0.0,-0.1544414758682251
1474,27392,1,1376,2,OP3,FIXED_OPPONENT,train,SCRIPTED:OP3,1,3,2,1,17,0.1599999964237213,1,0,0,13.0,13.172641529756433,1.5,0.0,0.00040937960147857666,0.0,0.0,0.0,0.0,0.32151922583580017
1475,27416,1,1379,0,OP3,FIXED_OPPONENT,train,SCRIPTED:OP3,0,2,3,-1,18,0.19999998807907104,1,0,0,11.0,10.797917683919271,-1.2000000476837158,-0.5,0.0033465176820755005,0.019999999552965164,-1.0,-100.0,0.0,-0.5367541909217834
1476,27424,1,1380,3,OP3,FIXED_OPPONENT,train,SCRIPTED:OP3,0,2,3,-1,18,0.11999999731779099,1,0,3,11.0,10.615681966145834,-1.2000000476837158,0.0,0.003085225820541382,0.0,0.0,0.0,-0.019999999552965164,-0.26460742950439453
1477,27448,1,1383,3,OP3,FIXED_OPPONENT,train,SCRIPTED:OP3,0,2,3,-1,18,0.2800000011920929,1,0,3,11.0,9.730372958713108,-1.2000000476837158,-0.4000000059604645,-0.003342375159263611,0.019999999552965164,-1.0,-100.0,0.0,-0.5208325982093811
1478,27488,1,1388,0,OP3,FIXED_OPPONENT,train,SCRIPTED:OP3,0,2,3,-1,15,0.1599999964237213,1,0,0,11.0,12.102119954427083,-1.2000000476837158,-0.5,-0.012767136096954346,0.019999999552965164,-1.0,-100.0,0.0,-0.5369581580162048
1479,27512,1,1391,0,OP3,FIXED_OPPONENT,train,SCRIPTED:OP3,1,3,1,2,16,0.19999998807907104,1,0,0,11.0,10.778885841369629,1.5,0.5,0.0022255033254623413,0.029999999329447746,1.0,100.0,-0.019999999552965164,0.5802205801010132
1480,27528,1,1393,2,OP3,FIXED_OPPONENT,train,SCRIPTED:OP3,1,3,2,1,18,0.3199999928474426,1,0,4,11.0,9.834537082248264,1.5,0.4000000059604645,-0.0039637088775634766,0.029999999329447746,1.0,100.0,0.0,0.5682316422462463
1481,27536,1,1394,1,OP3,FIXED_OPPONENT,train,SCRIPTED:OP3,1,3,2,1,18,0.23999999463558197,1,0,5,11.0,10.640352037217882,1.5,0.5,-0.03267911076545715,0.029999999329447746,1.0,100.0,0.0,0.5827515125274658
1482,27544,1,1395,0,OP3,FIXED_OPPONENT,train,SCRIPTED:OP3,0,2,3,-1,19,0.23999999463558197,1,0,8,11.0,10.047239604749178,-1.2000000476837158,-0.5,0.0016666203737258911,0.019999999552965164,-1.0,-100.0,0.0,-0.536775529384613
1483,27568,1,1398,0,OP3,FIXED_OPPONENT,train,SCRIPTED:OP3,0,2,3,-1,18,0.19999998807907104,1,0,0,11.0,11.462148878309462,-1.2000000476837158,-0.5,0.010729849338531494,0.0,-1.0,-100.0,-0.019999999552965164,-0.5400694608688354
1484,27568,1,1398,1,OP3,FIXED_OPPONENT,train,SCRIPTED:OP3,0,2,3,-1,19,0.2800000011920929,1,0,1,12.0,9.953076814350329,-1.2000000476837158,-0.5,0.015161097049713135,0.019999999552965164,-1.0,-100.0,0.0,-0.5366047024726868
1485,27592,1,1401,2,OP3,FIXED_OPPONENT,train,SCRIPTED:OP3,1,3,2,1,18,0.23999999463558197,1,0,1,11.0,10.028325398763021,1.5,0.5,-0.017536655068397522,0.029999999329447746,1.0,100.0,0.0,0.582929253578186
1486,27640,1,1407,3,OP3,FIXED_OPPONENT,train,SCRIPTED:OP3,0,2,3,-1,19,0.3199999928474426,1,0,2,11.0,9.822860717773438,-1.2000000476837158,0.0,-0.0036144405603408813,0.019999999552965164,0.0,0.0,0.0,-0.26024889945983887
1487,27664,1,1410,1,OP3,FIXED_OPPONENT,train,SCRIPTED:OP3,1,3,2,1,19,0.1599999964237213,1,0,5,12.0,8.417054025750412,1.5,0.5,-0.02095167338848114,0.029999999329447746,1.0,100.0,0.0,0.5828891396522522
1488,27680,1,1412,3,OP3,FIXED_OPPONENT,train,SCRIPTED:OP3,0,2,3,-1,18,0.1599999964237213,1,0,1,11.0,11.137158711751303,-1.2000000476837158,-0.5,0.0018773525953292847,0.019999999552965164,-1.0,-100.0,0.0,-0.5367728471755981
1489,27688,1,1413,0,OP3,FIXED_OPPONENT,train,SCRIPTED:OP3,0,2,3,-1,18,0.2800000011920929,1,0,4,11.0,9.574100070529514,-1.2000000476837158,-0.5,0.002946987748146057,0.019999999552965164,-1.0,-100.0,0.0,-0.5367593169212341
1490,27696,1,1414,2,OP3,FIXED_OPPONENT,train,SCRIPTED:OP3,0,2,3,-1,16,0.23999999463558197,1,0,0,12.0,11.211976051330566,-1.2000000476837158,-0.5,0.0007876604795455933,0.019999999552965164,-1.0,-100.0,-0.03999999910593033,-0.5430840253829956
1491,27696,1,1414,2,OP3,FIXED_OPPONENT,train,SCRIPTED:OP3,0,3,3,0,21,0.35999998450279236,1,0,7,13.0,9.616395496186756,-0.699999988079071,0.0,8.276104927062988e-05,0.0,0.0,0.0,0.0,-0.15431146323680878
1492,27712,1,1416,0,OP3,FIXED_OPPONENT,train,SCRIPTED:OP3,1,3,2,1,18,0.2800000011920929,1,0,4,12.0,9.436007181803385,1.5,0.4000000059604645,-0.00631096214056015,0.029999999329447746,1.0,100.0,0.0,0.5682033896446228
1493,27728,1,1418,0,OP3,FIXED_OPPONENT,train,SCRIPTED:OP3,1,3,2,1,17,0.2800000011920929,1,0,1,11.0,10.791128719554228,1.5,0.4000000059604645,-0.010103210806846619,0.029999999329447746,1.0,100.0,-0.019999999552965164,0.5651403665542603
1494,27792,1,1426,3,OP3,FIXED_OPPONENT,train,SCRIPTED:OP3,0,3,3,0,19,0.19999998807907104,1,0,1,12.0,11.325136686626234,-0.699999988079071,0.0,0.007964685559272766,0.0,0.0,0.0,0.0,-0.15417467057704926
1495,27800,1,1427,2,OP3,FIXED_OPPONENT,train,SCRIPTED:OP3,0,2,3,-1,17,0.19999998807907104,1,0,0,11.0,11.415491440716911,-1.2000000476837158,-0.4000000059604645,0.000364452600479126,0.019999999552965164,-1.0,-100.0,0.0,-0.5207845568656921
1496,27832,1,1431,3,OP3,FIXED_OPPONENT,train,SCRIPTED:OP3,0,3,3,0,18,0.23999999463558197,1,0,2,11.0,10.47782474093967,-0.699999988079071,0.0,0.008158639073371887,0.0,0.0,0.0,0.0,-0.15417131781578064
1497,27832,1,1431,0,OP3,FIXED_OPPONENT,train,SCRIPTED:OP3,1,3,2,1,19,0.3199999928474426,1,0,0,12.0,11.77422453227796,1.5,0.4000000059604645,0.004732400178909302,0.014999999664723873,1.0,100.0,0.0,0.5681557059288025
1498,27840,1,1432,1,OP3,FIXED_OPPONENT,train,SCRIPTED:OP3,1,3,2,1,18,0.23999999463558197,1,0,1,11.0,10.471195644802517,1.5,0.5,-0.0035424083471298218,0.029999999329447746,1.0,100.0,0.0,0.5830934643745422
1499,27856,1,1434,0,OP3,FIXED_OPPONENT,train,SCRIPTED:OP3,0,3,3,0,18,0.23999999463558197,1,0,0,11.0,9.962187025282118,-0.699999988079071,0.0,-0.009031698107719421,0.0,0.0,0.0,0.0,-0.15446963906288147
1500,27872,1,1436,2,OP3,FIXED_OPPONENT,train,SCRIPTED:OP3,1,3,2,1,22,0.2800000011920929,1,0,5,11.0,10.747184059836648,1.5,0.5,-0.008512623608112335,0.029999999329447746,1.0,100.0,0.0,0.5830351114273071
1501,27880,1,1437,2,OP3,FIXED_OPPONENT,train,SCRIPTED:OP3,1,3,2,1,19,0.19999998807907104,1,0,2,12.0,10.245630364668997,1.5,0.5,-0.008672773838043213,0.014999999664723873,1.0,100.0,-0.019999999552965164,0.5799151062965393
1502,27936,1,1444,1,OP3,FIXED_OPPONENT,train,SCRIPTED:OP3,0,2,3,-1,18,0.11999999731779099,1,0,1,11.0,9.763109842936197,-1.2000000476837158,-0.5,0.014228418469429016,0.019999999552965164,-1.0,-100.0,0.0,-0.5366165041923523
1503,27944,1,1445,0,OP3,FIXED_OPPONENT,train,SCRIPTED:OP3,0,2,3,-1,18,0.1599999964237213,1,0,1,11.0,10.13092041015625,-1.2000000476837158,0.0,0.008504718542098999,0.0,0.0,0.0,0.0,-0.26037952303886414
1504,27976,1,1449,1,OP3,FIXED_OPPONENT,train,SCRIPTED:OP3,0,2,3,-1,18,0.3199999928474426,1,0,6,11.0,9.235460069444445,-1.2000000476837158,-0.5,0.009552329778671265,0.019999999552965164,-1.0,-100.0,0.0,-0.5366756916046143
1505,27984,1,1450,2,OP3,FIXED_OPPONENT,train,SCRIPTED:OP3,1,3,2,1,18,0.19999998807907104,1,0,2,11.0,10.843255784776476,1.5,0.4000000059604645,-0.00035844743251800537,0.029999999329447746,1.0,100.0,0.0,0.5682750344276428
1506,27992,1,1451,2,OP3,FIXED_OPPONENT,train,SCRIPTED:OP3,0,2,3,-1,20,0.19999998807907104,1,0,2,12.0,10.701762390136718,-1.2000000476837158,-0.5,-0.00474056601524353,0.0,-1.0,-100.0,-0.019999999552965164,-0.5402643084526062
1507,28008,1,1453,2,OP3,FIXED_OPPONENT,train,SCRIPTED:OP3,0,3,3,0,19,0.19999998807907104,1,0,6,12.0,9.363740619860197,-0.699999988079071,0.0,-0.008652709424495697,0.0,0.0,0.0,0.0,-0.1544630527496338
1508,28024,1,1455,1,OP3,FIXED_OPPONENT,train,SCRIPTED:OP3,1,3,2,1,18,0.23999999463558197,1,0,6,11.0,10.779028150770399,1.5,1.0,0.015267357230186462,0.029999999329447746,2.0,200.0,0.0,0.7619318962097168
1509,28040,1,1457,2,OP3,FIXED_OPPONENT,train,SCRIPTED:OP3,1,3,2,1,21,0.1599999964237213,1,0,9,11.0,10.602456955682664,1.5,0.5,0.014164164662361145,0.029999999329447746,1.0,100.0,0.0,0.5833011865615845
1510,28104,1,1465,0,OP3,FIXED_OPPONENT,train,SCRIPTED:OP3,0,2,3,-1,20,0.1599999964237213,1,0,1,13.0,10.718926239013673,-1.2000000476837158,-0.5,-0.00226554274559021,0.019999999552965164,-1.0,-100.0,-0.019999999552965164,-0.5399812459945679
1511,28104,1,1465,0,OP3,FIXED_OPPONENT,train,SCRIPTED:OP3,1,3,2,1,21,0.23999999463558197,1,0,7,14.0,10.491729736328125,1.5,1.0,-0.016986213624477386,0.029999999329447746,2.0,200.0,0.0,0.7616913318634033
1512,28112,1,1466,3,OP3,FIXED_OPPONENT,train,SCRIPTED:OP3,1,3,1,2,15,0.11999999731779099,1,0,0,11.0,11.681353759765624,1.5,0.4000000059604645,-0.006250359117984772,0.029999999329447746,1.0,100.0,0.0,0.5682041049003601
1513,28128,1,1468,3,OP3,FIXED_OPPONENT,train,SCRIPTED:OP3,0,2,3,-1,19,0.1599999964237213,1,0,1,13.0,10.83890172054893,-1.2000000476837158,-0.5,-0.0069560706615448,0.0,-1.0,-100.0,-0.019999999552965164,-0.5402921438217163
1514,28136,1,1469,1,OP3,FIXED_OPPONENT,train,SCRIPTED:OP3,1,3,2,1,19,0.35999998450279236,1,0,2,12.0,10.67300736276727,1.5,0.5,0.01667933166027069,0.014999999664723873,1.0,100.0,-0.019999999552965164,0.5802141427993774
1515,28160,1,1472,1,OP3,FIXED_OPPONENT,train,SCRIPTED:OP3,1,3,1,2,19,0.3199999928474426,1,0,2,12.0,10.40867052580181,1.5,0.5,-0.020432814955711365,0.014999999664723873,1.0,100.0,0.0,0.5827192068099976
1516,28176,1,1474,0,OP3,FIXED_OPPONENT,train,SCRIPTED:OP3,0,3,3,0,19,0.2800000011920929,1,0,2,12.0,10.737147281044408,-0.699999988079071,0.0,-0.0009981095790863037,0.0,0.0,0.0,0.0,-0.15433023869991302
1517,28184,1,1475,3,OP3,FIXED_OPPONENT,train,SCRIPTED:OP3,0,3,3,0,18,0.23999999463558197,1,0,1,11.0,11.154730055067274,-0.699999988079071,0.0,-0.010321304202079773,0.0,0.0,0.0,0.0,-0.15449200570583344
1518,28248,1,1483,0,OP3,FIXED_OPPONENT,train,SCRIPTED:OP3,1,3,2,1,18,0.19999998807907104,1,0,1,11.0,11.945533752441406,1.5,0.5,0.014538496732711792,0.029999999329447746,1.0,100.0,0.0,0.5833055973052979
1519,28256,1,1484,1,OP3,FIXED_OPPONENT,train,SCRIPTED:OP3,0,2,3,-1,18,0.1599999964237213,1,0,0,11.0,11.137666490342882,-1.2000000476837158,-0.5,-0.004262223839759827,0.019999999552965164,-1.0,-100.0,0.0,-0.5368505120277405
1520,28256,1,1484,3,OP3,FIXED_OPPONENT,train,SCRIPTED:OP3,0,2,3,-1,19,0.23999999463558197,1,0,4,12.0,11.798161556846217,-1.2000000476837158,-0.5,0.014860376715660095,0.019999999552965164,-1.0,-100.0,-0.03999999910593033,-0.5429075956344604
1521,28272,1,1486,1,OP3,FIXED_OPPONENT,train,SCRIPTED:OP3,1,3,2,1,18,0.11999999731779099,1,0,1,11.0,12.056510925292969,1.5,0.0,0.008197367191314697,0.0,0.0,0.0,0.0,0.3216433823108673
1522,28272,1,1486,1,OP3,FIXED_OPPONENT,train,SCRIPTED:OP3,0,2,3,-1,17,0.3199999928474426,1,0,1,11.0,10.09029343548943,-1.2000000476837158,-0.4000000059604645,-0.009966015815734863,0.0,-1.0,-100.0,0.0,-0.5211774110794067
1523,28288,1,1488,0,OP3,FIXED_OPPONENT,train,SCRIPTED:OP3,0,1,3,-2,16,0.2800000011920929,1,0,4,12.0,10.576947212219238,-1.2000000476837158,-0.5,0.013097181916236877,0.0,-1.0,-100.0,-0.019999999552965164,-0.5400397777557373
1524,28328,1,1493,3,OP3,FIXED_OPPONENT,train,SCRIPTED:OP3,1,3,2,1,18,0.19999998807907104,1,0,1,11.0,11.413444519042969,1.5,0.4000000059604645,0.008409649133682251,0.029999999329447746,1.0,100.0,0.0,0.56838059425354
1525,28328,1,1493,0,OP3,FIXED_OPPONENT,train,SCRIPTED:OP3,0,2,3,-1,19,0.2800000011920929,1,0,6,12.0,9.290756225585938,-1.2000000476837158,-0.5,-0.002917155623435974,0.0,-1.0,-100.0,0.0,-0.5370864868164062
1526,28392,1,1501,2,OP3,FIXED_OPPONENT,train,SCRIPTED:OP3,1,3,2,1,18,0.23999999463558197,1,0,0,12.0,11.511246575249565,1.5,0.5,0.007176056504249573,0.014999999664723873,1.0,100.0,0.0,0.5830432176589966
1527,28400,1,1502,2,OP3,FIXED_OPPONENT,train,SCRIPTED:OP3,1,3,1,2,18,0.3999999761581421,1,0,0,11.0,10.078907436794704,1.5,0.5,-0.022134020924568176,0.014999999664723873,1.0,100.0,0.0,0.582699179649353
1528,28400,1,1502,3,OP3,FIXED_OPPONENT,train,SCRIPTED:OP3,0,2,3,-1,18,0.3199999928474426,1,0,2,11.0,9.328514946831596,-1.2000000476837158,-0.5,-0.00675162672996521,0.0,-1.0,-100.0,0.0,-0.5371349453926086
1529,28408,1,1503,0,OP3,FIXED_OPPONENT,train,SCRIPTED:OP3,0,2,3,-1,17,0.3199999928474426,1,0,2,11.0,11.054391299977022,-1.2000000476837158,-0.5,-0.00898677110671997,0.0,-1.0,-100.0,0.0,-0.537163257598877
1530,28416,1,1504,0,OP3,FIXED_OPPONENT,train,SCRIPTED:OP3,1,3,2,1,18,0.23999999463558197,1,0,0,11.0,11.738614400227865,1.5,0.4000000059604645,0.008581042289733887,0.029999999329447746,1.0,100.0,0.0,0.5683826208114624
1531,28440,1,1507,0,OP3,FIXED_OPPONENT,train,SCRIPTED:OP3,0,2,3,-1,19,0.19999998807907104,1,0,1,12.0,10.243912546258224,-1.2000000476837158,-0.4000000059604645,-0.008585691452026367,0.019999999552965164,-1.0,-100.0,0.0,-0.5209004878997803
1532,28488,1,1513,3,OP3,FIXED_OPPONENT,train,SCRIPTED:OP3,1,3,1,2,20,0.3999999761581421,1,0,1,13.0,10.046505737304688,1.5,0.5,-0.009072944521903992,0.029999999329447746,1.0,100.0,0.0,0.5830285549163818
1533,28496,1,1514,2,OP3,FIXED_OPPONENT,train,SCRIPTED:OP3,1,3,2,1,21,0.2800000011920929,1,0,6,14.0,9.225254603794642,1.5,0.5,0.008662194013595581,0.029999999329447746,1.0,100.0,0.0,0.5832366347312927
1534,28536,1,1519,2,OP3,FIXED_OPPONENT,train,SCRIPTED:OP3,1,3,2,1,18,0.3199999928474426,1,0,1,11.0,9.783714294433594,1.5,0.5,-0.01662832498550415,0.014999999664723873,1.0,100.0,0.0,0.5827638506889343
1535,28544,1,1520,1,OP3,FIXED_OPPONENT,train,SCRIPTED:OP3,0,2,3,-1,18,0.19999998807907104,1,0,2,11.0,9.217237684461805,-1.2000000476837158,-0.5,-0.0020380914211273193,0.0,-1.0,-100.0,0.0,-0.537075400352478
1536,28560,1,1522,3,OP3,FIXED_OPPONENT,train,SCRIPTED:OP3,1,3,2,1,20,0.2800000011920929,1,0,3,13.0,11.600621795654297,1.5,0.5,-0.00016804039478302002,0.014999999664723873,1.0,100.0,-0.019999999552965164,0.5800154209136963
1537,28560,1,1522,0,OP3,FIXED_OPPONENT,train,SCRIPTED:OP3,0,2,3,-1,19,0.1599999964237213,1,0,3,12.0,9.591733430561266,-1.2000000476837158,-0.5,-0.00857439637184143,0.019999999552965164,-1.0,-100.0,0.0,-0.5369051098823547
1538,28568,1,1523,2,OP3,FIXED_OPPONENT,train,SCRIPTED:OP3,1,3,2,1,16,0.23999999463558197,1,0,0,11.0,11.288763999938965,1.5,0.4000000059604645,0.008221715688705444,0.014999999664723873,1.0,100.0,-0.019999999552965164,0.5651805996894836
1539,28576,1,1524,0,OP3,FIXED_OPPONENT,train,SCRIPTED:OP3,0,3,3,0,20,0.19999998807907104,1,0,3,13.0,10.405893707275391,-0.699999988079071,0.0,-0.0005587488412857056,0.0,0.0,0.0,-0.019999999552965164,-0.1586581915616989
1540,28640,1,1532,2,OP3,FIXED_OPPONENT,train,SCRIPTED:OP3,1,3,2,1,18,0.3199999928474426,1,0,2,11.0,9.931700812445747,1.5,0.5,-0.027328118681907654,0.029999999329447746,1.0,100.0,0.0,0.5828143358230591
1541,28648,1,1533,0,OP3,FIXED_OPPONENT,train,SCRIPTED:OP3,1,3,2,1,20,0.2800000011920929,1,0,8,13.0,8.533263397216796,1.5,0.5,-0.01796548068523407,0.029999999329447746,1.0,100.0,-0.019999999552965164,0.5799823999404907
1542,28680,1,1537,2,OP3,FIXED_OPPONENT,train,SCRIPTED:OP3,1,3,2,1,18,0.19999998807907104,1,0,1,11.0,11.253975762261284,1.5,0.5,-0.022288352251052856,0.029999999329447746,1.0,100.0,0.0,0.5828734636306763
1543,28680,1,1537,0,OP3,FIXED_OPPONENT,train,SCRIPTED:OP3,0,2,3,-1,17,0.23999999463558197,1,0,1,11.0,10.149538825539981,-1.2000000476837158,-0.5,0.00681731104850769,0.0,-1.0,-100.0,0.0,-0.5369634032249451
1544,28704,1,1540,0,OP3,FIXED_OPPONENT,train,SCRIPTED:OP3,1,3,2,1,18,0.2800000011920929,1,0,4,11.0,9.12835947672526,1.5,0.4000000059604645,-0.008734837174415588,0.029999999329447746,1.0,100.0,0.0,0.5681742429733276
1545,28704,1,1540,0,OP3,FIXED_OPPONENT,train,SCRIPTED:OP3,0,2,3,-1,18,0.23999999463558197,1,0,0,11.0,10.45597924126519,-1.2000000476837158,-0.5,-0.007186174392700195,0.0,-1.0,-100.0,0.0,-0.5371404886245728
1546,28712,1,1541,3,OP3,FIXED_OPPONENT,train,SCRIPTED:OP3,0,3,3,0,18,0.23999999463558197,1,0,1,11.0,10.131114535861546,-0.699999988079071,0.0,-0.007725343108177185,0.0,0.0,0.0,-0.019999999552965164,-0.15878239274024963
1547,28720,1,1542,0,OP3,FIXED_OPPONENT,train,SCRIPTED:OP3,1,3,2,1,18,0.1599999964237213,1,0,2,11.0,11.037164476182726,1.5,0.5,-0.013190887868404388,0.029999999329447746,1.0,100.0,0.0,0.582980215549469
1548,28784,1,1550,0,OP3,FIXED_OPPONENT,train,SCRIPTED:OP3,0,3,3,0,18,0.19999998807907104,1,0,0,11.0,11.853187561035156,-0.699999988079071,0.0,0.007130801677703857,0.0,0.0,0.0,0.0,-0.15418913960456848
1549,28792,1,1551,2,OP3,FIXED_OPPONENT,train,SCRIPTED:OP3,0,2,3,-1,18,0.19999998807907104,1,0,0,11.0,11.020928276909721,-1.2000000476837158,-0.5,0.01337336003780365,0.019999999552965164,-1.0,-100.0,-0.019999999552965164,-0.53978431224823
1550,28824,1,1555,2,OP3,FIXED_OPPONENT,train,SCRIPTED:OP3,0,2,3,-1,18,0.19999998807907104,1,0,1,11.0,13.22394053141276,-1.2000000476837158,-0.4000000059604645,0.00023667514324188232,0.019999999552965164,-1.0,-100.0,0.0,-0.5207862257957458
1551,28840,1,1557,0,OP3,FIXED_OPPONENT,train,SCRIPTED:OP3,0,2,3,-1,20,0.23999999463558197,1,0,5,11.0,9.225648498535156,-1.2000000476837158,-0.5,-0.007015347480773926,0.019999999552965164,-1.0,-100.0,-0.03999999910593033,-0.5431817770004272
1552,28848,1,1558,2,OP3,FIXED_OPPONENT,train,SCRIPTED:OP3,1,3,2,1,18,0.2800000011920929,1,0,2,11.0,9.464730156792534,1.5,0.5,-0.033832356333732605,0.014999999664723873,1.0,100.0,0.0,0.5825618505477905
1553,28856,1,1559,2,OP3,FIXED_OPPONENT,train,SCRIPTED:OP3,0,2,3,-1,18,0.2800000011920929,1,0,1,11.0,10.29455820719401,-1.2000000476837158,-0.5,0.002160966396331787,0.019999999552965164,-1.0,-100.0,0.0,-0.5367692112922668
1554,28872,1,1561,2,OP3,FIXED_OPPONENT,train,SCRIPTED:OP3,1,3,2,1,21,0.2800000011920929,1,0,0,14.0,12.334933326357888,1.5,0.5,0.0023999959230422974,0.029999999329447746,1.0,100.0,0.0,0.5831632018089294
1555,28880,1,1562,1,OP3,FIXED_OPPONENT,train,SCRIPTED:OP3,0,2,3,-1,20,0.23999999463558197,1,0,2,13.0,9.153863525390625,-1.2000000476837158,-0.5,0.008926331996917725,0.0,-1.0,-100.0,-0.019999999552965164,-0.5400922298431396
1556,28952,1,1571,3,OP3,FIXED_OPPONENT,train,SCRIPTED:OP3,0,3,3,0,21,0.19999998807907104,1,0,4,13.0,10.846894763764881,-0.699999988079071,0.5,-0.0015709996223449707,0.0,1.0,100.0,0.0,0.17590120434761047
1557,28952,1,1571,1,OP3,FIXED_OPPONENT,train,SCRIPTED:OP3,1,3,2,1,20,0.3199999928474426,1,0,0,12.0,10.969635009765625,1.5,0.5,-0.0024532675743103027,0.02499999850988388,1.0,100.0,-0.019999999552965164,0.5801064968109131
1558,28968,1,1573,2,OP3,FIXED_OPPONENT,train,SCRIPTED:OP3,1,3,2,1,18,0.23999999463558197,1,0,0,12.0,10.003243340386284,1.5,0.5,-0.00038148462772369385,0.014999999664723873,1.0,100.0,0.0,0.5829545259475708
1559,28984,1,1575,1,OP3,FIXED_OPPONENT,train,SCRIPTED:OP3,1,3,2,1,18,0.2800000011920929,1,0,2,11.0,9.730718824598524,1.5,0.4000000059604645,-0.008281826972961426,0.029999999329447746,1.0,100.0,-0.019999999552965164,0.5651624202728271
1560,28992,1,1576,1,OP3,FIXED_OPPONENT,train,SCRIPTED:OP3,1,3,2,1,18,0.2800000011920929,1,0,4,11.0,9.889168633355034,1.5,0.5,0.004247397184371948,0.014999999664723873,1.0,100.0,0.0,0.5830088257789612
1561,29008,1,1578,3,OP3,FIXED_OPPONENT,train,SCRIPTED:OP3,0,2,3,-1,19,0.1599999964237213,1,0,4,12.0,11.206994307668586,-1.2000000476837158,-0.5,0.0009654462337493896,0.019999999552965164,-1.0,-100.0,0.0,-0.5367844104766846
1562,29016,1,1579,3,OP3,FIXED_OPPONENT,train,SCRIPTED:OP3,1,3,2,1,18,0.23999999463558197,1,0,1,11.0,10.648487514919704,1.5,0.5,-0.029100239276885986,0.029999999329447746,1.0,100.0,0.0,0.5827934741973877
1563,29024,1,1580,3,OP3,FIXED_OPPONENT,train,SCRIPTED:OP3,1,3,2,1,18,0.23999999463558197,1,0,3,11.0,9.192533704969618,1.5,0.5,0.00835418701171875,0.014999999664723873,1.0,100.0,0.0,0.5830570459365845
1564,29096,1,1589,0,OP3,FIXED_OPPONENT,train,SCRIPTED:OP3,0,3,3,0,18,0.19999998807907104,1,0,2,11.0,10.538138495551216,-0.699999988079071,0.0,0.008815422654151917,0.0,0.0,0.0,0.0,-0.15415990352630615
1565,29120,1,1592,1,OP3,FIXED_OPPONENT,train,SCRIPTED:OP3,0,3,3,0,19,0.3199999928474426,1,0,2,11.0,10.35546875,-0.699999988079071,0.0,-0.004099272191524506,0.0,0.0,0.0,0.0,-0.154384046792984
1566,29128,1,1593,1,OP3,FIXED_OPPONENT,train,SCRIPTED:OP3,0,3,3,0,22,0.19999998807907104,1,0,2,14.0,8.555055791681463,-0.699999988079071,0.0,0.0007685869932174683,0.0,0.0,0.0,0.0,-0.1542995572090149
1567,29128,1,1593,0,OP3,FIXED_OPPONENT,train,SCRIPTED:OP3,1,3,2,1,18,0.23999999463558197,1,0,2,11.0,10.016087002224392,1.5,0.5,-0.02411600947380066,0.029999999329447746,1.0,100.0,-0.019999999552965164,0.5799098014831543
1568,29136,1,1594,2,OP3,FIXED_OPPONENT,train,SCRIPTED:OP3,1,3,1,2,18,0.2800000011920929,1,0,1,11.0,9.817977057562935,1.5,0.5,-0.03353774547576904,0.014999999664723873,1.0,100.0,-0.019999999552965164,0.5796216726303101
1569,29160,1,1597,0,OP3,FIXED_OPPONENT,train,SCRIPTED:OP3,0,2,3,-1,19,0.19999998807907104,1,0,0,11.0,11.112593801398026,-1.2000000476837158,-0.5,0.015365540981292725,0.019999999552965164,-1.0,-100.0,0.0,-0.5366020798683167
1570,29168,1,1598,3,OP3,FIXED_OPPONENT,train,SCRIPTED:OP3,1,3,2,1,19,0.2800000011920929,1,0,0,11.0,11.092612015573602,1.5,0.5,-0.012095093727111816,0.02499999850988388,1.0,100.0,0.0,0.5829344391822815
1571,29168,1,1598,1,OP3,FIXED_OPPONENT,train,SCRIPTED:OP3,0,2,3,-1,18,0.19999998807907104,1,0,4,11.0,9.101262410481771,-1.2000000476837158,-0.4000000059604645,0.0022151172161102295,0.019999999552965164,-1.0,-100.0,0.0,-0.5207605957984924
1572,29240,1,1607,3,OP3,FIXED_OPPONENT,train,SCRIPTED:OP3,0,3,3,0,18,0.23999999463558197,1,0,0,11.0,9.949816385904947,-0.699999988079071,0.0,-0.005441248416900635,0.0,0.0,0.0,0.0,-0.1544073224067688
1573,29272,1,1611,0,OP3,FIXED_OPPONENT,train,SCRIPTED:OP3,0,2,3,-1,18,0.3199999928474426,1,0,3,11.0,9.470361497667101,-1.2000000476837158,-0.5,0.003809899091720581,0.019999999552965164,-1.0,-100.0,0.0,-0.5367484092712402
1574,29272,1,1611,1,OP3,FIXED_OPPONENT,train,SCRIPTED:OP3,0,2,3,-1,19,0.1599999964237213,1,0,3,12.0,10.618837858501234,-1.2000000476837158,-0.5,-0.001445874571800232,0.019999999552965164,-1.0,-100.0,-0.019999999552965164,-0.5399709939956665
1575,29280,1,1612,2,OP3,FIXED_OPPONENT,train,SCRIPTED:OP3,0,3,3,0,19,0.2800000011920929,1,0,0,11.0,11.605961849814967,-0.699999988079071,0.0,0.006763875484466553,0.0,0.0,0.0,0.0,-0.15419551730155945
1576,29288,1,1613,3,OP3,FIXED_OPPONENT,train,SCRIPTED:OP3,1,3,1,2,19,0.19999998807907104,1,0,5,12.0,9.109295493678042,1.5,0.5,-0.023667603731155396,0.014999999664723873,1.0,100.0,0.0,0.5826812386512756
1577,29312,1,1616,2,OP3,FIXED_OPPONENT,train,SCRIPTED:OP3,1,3,2,1,18,0.23999999463558197,1,0,1,12.0,10.042315165201822,1.5,0.4000000059604645,-0.01038205623626709,0.029999999329447746,1.0,100.0,0.0,0.5681543946266174
1578,29320,1,1617,0,OP3,FIXED_OPPONENT,train,SCRIPTED:OP3,0,2,3,-1,20,0.1599999964237213,1,0,2,12.0,10.679608154296876,-1.2000000476837158,-0.5,-0.0060090571641922,0.0,-1.0,-100.0,-0.019999999552965164,-0.5402802228927612
1579,29336,1,1619,3,OP3,FIXED_OPPONENT,train,SCRIPTED:OP3,0,2,3,-1,21,0.35999998450279236,1,0,3,14.0,9.626732235863095,-1.2000000476837158,0.0,0.010128229856491089,0.019999999552965164,0.0,0.0,-0.019999999552965164,-0.26416024565696716
1580,29384,1,1625,2,OP3,FIXED_OPPONENT,train,SCRIPTED:OP3,0,3,3,0,18,0.1599999964237213,1,0,0,11.0,12.333215501573351,-0.699999988079071,0.0,-0.010145515203475952,0.0,0.0,0.0,0.0,-0.1544889658689499
1581,29424,1,1630,3,OP3,FIXED_OPPONENT,train,SCRIPTED:OP3,1,3,2,1,18,0.07999999821186066,1,0,0,11.0,11.698699951171875,1.5,0.5,0.011592142283916473,0.029999999329447746,1.0,100.0,0.0,0.5832710266113281
1582,29440,1,1632,3,OP3,FIXED_OPPONENT,train,SCRIPTED:OP3,0,2,3,-1,21,0.19999998807907104,1,0,6,15.0,10.413942609514509,-1.2000000476837158,-0.5,0.007919847965240479,0.019999999552965164,-1.0,-100.0,-0.019999999552965164,-0.5398529767990112
1583,29448,1,1633,0,OP3,FIXED_OPPONENT,train,SCRIPTED:OP3,0,3,3,0,22,0.2800000011920929,1,0,7,12.0,10.314924066716975,-0.699999988079071,0.0,0.008697956800460815,0.0,0.0,0.0,0.0,-0.1541619598865509
1584,29456,1,1634,2,OP3,FIXED_OPPONENT,train,SCRIPTED:OP3,1,3,2,1,18,0.11999999731779099,1,0,0,11.0,11.985117594401041,1.5,0.5,-0.020391784608364105,0.029999999329447746,1.0,100.0,0.0,0.5828957557678223
1585,29456,1,1634,1,OP3,FIXED_OPPONENT,train,SCRIPTED:OP3,0,2,3,-1,21,0.4399999976158142,1,0,4,11.0,10.061815534319196,-1.2000000476837158,-0.5,0.007296726107597351,0.0,-1.0,-100.0,0.0,-0.536957323551178
1586,29480,1,1637,3,OP3,FIXED_OPPONENT,train,SCRIPTED:OP3,1,3,2,1,20,0.1599999964237213,1,0,6,13.0,9.755208587646484,1.5,0.5,-0.00746995210647583,0.029999999329447746,1.0,100.0,0.0,0.5830473899841309
1587,29504,1,1640,0,OP3,FIXED_OPPONENT,train,SCRIPTED:OP3,0,2,3,-1,21,0.35999998450279236,1,0,7,14.0,10.051940191359748,-1.2000000476837158,-0.5,0.007758185267448425,0.019999999552965164,-1.0,-100.0,0.0,-0.5366984009742737
1588,29528,1,1643,2,OP3,FIXED_OPPONENT,train,SCRIPTED:OP3,1,3,2,1,18,0.23999999463558197,1,0,2,11.0,9.372082180447048,1.5,0.5,0.006518632173538208,0.029999999329447746,1.0,100.0,0.0,0.5832115411758423
1589,29568,1,1648,3,OP3,FIXED_OPPONENT,train,SCRIPTED:OP3,1,3,2,1,18,0.19999998807907104,0,1,3,12.0,11.974177042643229,1.5,1.0,-0.031847357749938965,0.029999999329447746,2.0,200.0,-0.019999999552965164,0.7597073316574097
1590,29576,1,1649,3,OP3,FIXED_OPPONENT,train,SCRIPTED:OP3,1,3,1,2,16,0.19999998807907104,1,0,0,11.0,12.337265968322754,1.5,0.5,0.0021220147609710693,0.029999999329447746,1.0,100.0,-0.03999999910593033,0.5772635340690613
1591,29592,1,1651,3,OP3,FIXED_OPPONENT,train,SCRIPTED:OP3,0,3,3,0,19,0.2800000011920929,1,0,2,11.0,10.460331967002467,-0.699999988079071,0.0,-0.002331376075744629,0.0,0.0,0.0,0.0,-0.15435336530208588
1592,29600,1,1652,2,OP3,FIXED_OPPONENT,train,SCRIPTED:OP3,0,3,3,0,18,0.23999999463558197,1,0,2,11.0,10.130165100097656,-0.699999988079071,0.0,-0.009710192680358887,0.0,0.0,0.0,-0.019999999552965164,-0.15881678462028503
1593,29600,1,1652,2,OP3,FIXED_OPPONENT,train,SCRIPTED:OP3,0,2,3,-1,18,0.23999999463558197,1,0,3,11.0,9.94386715359158,-1.2000000476837158,-0.5,-0.0015809983015060425,0.019999999552965164,-1.0,-100.0,0.0,-0.5368165969848633
1594,29624,1,1655,2,OP3,FIXED_OPPONENT,train,SCRIPTED:OP3,0,2,3,-1,18,0.19999998807907104,1,0,3,11.0,10.337797376844618,-1.2000000476837158,0.0,0.0013230592012405396,0.019999999552965164,0.0,0.0,-0.019999999552965164,-0.26430585980415344
1595,29664,1,1660,0,OP3,FIXED_OPPONENT,train,SCRIPTED:OP3,0,2,3,-1,20,0.23999999463558197,1,0,2,14.0,9.596553802490234,-1.2000000476837158,-0.5,0.00749601423740387,0.0,-1.0,-100.0,0.0,-0.5369548201560974
1596,29680,1,1662,3,OP3,FIXED_OPPONENT,train,SCRIPTED:OP3,1,3,2,1,19,0.23999999463558197,1,0,8,12.0,10.181825336657072,1.5,0.5,-0.023443758487701416,0.029999999329447746,1.0,100.0,-0.019999999552965164,0.5799177885055542
1597,29720,1,1667,0,OP3,FIXED_OPPONENT,train,SCRIPTED:OP3,0,2,3,-1,19,0.1599999964237213,1,0,0,12.0,11.323279129831414,-1.2000000476837158,-0.5,-0.009712740778923035,0.0,-1.0,-100.0,0.0,-0.5371724367141724
1598,29728,1,1668,2,OP3,FIXED_OPPONENT,train,SCRIPTED:OP3,0,3,3,0,17,0.23999999463558197,1,0,2,11.0,10.016613230985755,-0.699999988079071,0.0,-0.00662800669670105,0.0,0.0,0.0,0.0,-0.1544279307126999
1599,29736,1,1669,3,OP3,FIXED_OPPONENT,train,SCRIPTED:OP3,0,2,3,-1,20,0.23999999463558197,1,0,0,12.0,10.947428894042968,-1.2000000476837158,0.0,-0.0011572539806365967,0.0,0.0,0.0,-0.019999999552965164,-0.2646775543689728
1600,29736,1,1669,1,OP3,FIXED_OPPONENT,train,SCRIPTED:OP3,1,3,2,1,17,0.23999999463558197,1,0,1,11.0,9.995911542107077,1.5,0.5,-0.016294002532958984,0.029999999329447746,1.0,100.0,0.0,0.5829437971115112
1601,29760,1,1672,2,OP3,FIXED_OPPONENT,train,SCRIPTED:OP3,1,3,2,1,20,0.19999998807907104,0,2,5,13.0,9.600936889648438,1.5,0.5,0.0037818998098373413,0.029999999329447746,1.0,100.0,0.0,0.5831793546676636
1602,29776,1,1674,0,OP3,FIXED_OPPONENT,train,SCRIPTED:OP3,0,2,3,-1,19,0.1599999964237213,1,0,5,12.0,10.173750224866366,-1.2000000476837158,0.0,-0.010250210762023926,0.0,0.0,0.0,0.0,-0.260690301656723
1603,29824,1,1680,3,OP3,FIXED_OPPONENT,train,SCRIPTED:OP3,1,3,2,1,20,0.35999998450279236,1,0,2,11.0,10.153269958496093,1.5,0.5,-0.03324912488460541,0.029999999329447746,1.0,100.0,0.0,0.582744836807251
1604,29832,1,1681,3,OP3,FIXED_OPPONENT,train,SCRIPTED:OP3,0,2,3,-1,19,0.19999998807907104,1,0,0,12.0,9.878669337222451,-1.2000000476837158,-0.5,8.738040924072266e-05,0.019999999552965164,-1.0,-100.0,-0.019999999552965164,-0.5399516820907593
1605,29872,1,1686,1,OP3,FIXED_OPPONENT,train,SCRIPTED:OP3,0,2,3,-1,19,0.19999998807907104,1,0,2,12.0,11.721466867547287,-1.2000000476837158,-0.4000000059604645,-0.01013144850730896,0.019999999552965164,-1.0,-100.0,0.0,-0.5209205150604248
1606,29872,1,1686,0,OP3,FIXED_OPPONENT,train,SCRIPTED:OP3,1,3,2,1,18,0.23999999463558197,1,0,0,11.0,11.562152438693577,1.5,0.5,0.008234500885009766,0.014999999664723873,1.0,100.0,0.0,0.5830556750297546
1607,29880,1,1687,2,OP3,FIXED_OPPONENT,train,SCRIPTED:OP3,0,2,3,-1,18,0.1599999964237213,1,0,3,11.0,10.416934543185764,-1.2000000476837158,-0.5,-0.012236148118972778,0.019999999552965164,-1.0,-100.0,0.0,-0.5369514226913452
1608,29880,1,1687,1,OP3,FIXED_OPPONENT,train,SCRIPTED:OP3,1,3,2,1,18,0.11999999731779099,1,0,0,12.0,12.573856777615017,1.5,0.5,-0.02003142237663269,0.029999999329447746,1.0,100.0,0.0,0.5828999280929565
1609,29912,1,1691,0,OP3,FIXED_OPPONENT,train,SCRIPTED:OP3,0,2,3,-1,19,0.23999999463558197,1,0,3,12.0,11.142730712890625,-1.2000000476837158,0.0,-0.011594966053962708,0.019999999552965164,0.0,0.0,-0.019999999552965164,-0.26451942324638367
1610,29920,1,1692,2,OP3,FIXED_OPPONENT,train,SCRIPTED:OP3,0,2,3,-1,18,0.19999998807907104,1,0,0,11.0,12.768502129448784,-1.2000000476837158,-0.4000000059604645,-0.0051718056201934814,0.019999999552965164,-1.0,-100.0,0.0,-0.5208563208580017
1611,29976,1,1699,3,OP3,FIXED_OPPONENT,train,SCRIPTED:OP3,0,3,3,0,19,0.1599999964237213,1,0,3,12.0,10.56850875051398,-0.699999988079071,0.0,-0.008462004363536835,0.0,0.0,0.0,0.0,-0.15445975959300995
1612,30000,1,1702,0,OP3,FIXED_OPPONENT,train,SCRIPTED:OP3,1,3,2,1,21,0.23999999463558197,1,0,6,14.0,9.571078345889138,1.5,0.5,-0.013578414916992188,0.029999999329447746,1.0,100.0,0.0,0.5829757452011108
1613,30016,1,1704,1,OP3,FIXED_OPPONENT,train,SCRIPTED:OP3,1,3,2,1,18,0.35999998450279236,1,0,1,11.0,10.516092088487413,1.5,0.5,0.0030102133750915527,0.014999999664723873,1.0,100.0,0.0,0.5829943418502808
1614,30024,1,1705,0,OP3,FIXED_OPPONENT,train,SCRIPTED:OP3,1,3,2,1,18,0.19999998807907104,1,0,2,11.0,9.322603861490885,1.5,0.5,-0.016027480363845825,0.029999999329447746,1.0,100.0,-0.019999999552965164,0.5800052881240845
1615,30024,1,1705,0,OP3,FIXED_OPPONENT,train,SCRIPTED:OP3,1,3,2,1,19,0.19999998807907104,1,0,1,12.0,10.0885154322574,1.5,0.5,-0.0014548003673553467,0.029999999329447746,1.0,100.0,0.0,0.5831179618835449
1616,30040,1,1707,3,OP3,FIXED_OPPONENT,train,SCRIPTED:OP3,0,2,3,-1,20,0.3199999928474426,1,0,5,12.0,8.733866119384766,-1.2000000476837158,-0.5,-0.008079186081886292,0.0,-1.0,-100.0,-0.019999999552965164,-0.5403063297271729
1617,30056,1,1709,2,OP3,FIXED_OPPONENT,train,SCRIPTED:OP3,1,3,2,1,17,0.3199999928474426,1,0,2,11.0,9.350851619944853,1.5,0.5,-0.013612136244773865,0.02499999850988388,1.0,100.0,0.0,0.5829166173934937
1618,30072,1,1711,1,OP3,FIXED_OPPONENT,train,SCRIPTED:OP3,1,3,2,1,20,0.19999998807907104,1,0,0,13.0,12.020651245117188,1.5,0.5,-0.023526713252067566,0.029999999329447746,1.0,100.0,-0.03999999910593033,0.5769593715667725
1619,30128,1,1718,2,OP3,FIXED_OPPONENT,train,SCRIPTED:OP3,0,2,3,-1,19,0.19999998807907104,1,0,0,12.0,10.814342298005757,-1.2000000476837158,-0.5,-0.01101289689540863,0.019999999552965164,-1.0,-100.0,0.0,-0.5369359850883484
1620,30144,1,1720,2,OP3,FIXED_OPPONENT,train,SCRIPTED:OP3,0,2,3,-1,18,0.2800000011920929,1,0,2,11.0,10.781998528374565,-1.2000000476837158,-0.4000000059604645,-0.0028533488512039185,0.019999999552965164,-1.0,-100.0,0.0,-0.5208262801170349
1621,30168,1,1723,0,OP3,FIXED_OPPONENT,train,SCRIPTED:OP3,0,2,3,-1,18,0.19999998807907104,1,0,1,11.0,10.687517801920572,-1.2000000476837158,-0.5,-0.0017139911651611328,0.0,-1.0,-100.0,0.0,-0.5370712280273438
1622,30176,1,1724,2,OP3,FIXED_OPPONENT,train,SCRIPTED:OP3,1,3,2,1,20,0.19999998807907104,1,0,6,13.0,9.652967071533203,1.5,0.5,-0.025495067238807678,0.029999999329447746,1.0,100.0,0.0,0.582835853099823
1623,30184,1,1725,2,OP3,FIXED_OPPONENT,train,SCRIPTED:OP3,1,3,2,1,18,0.19999998807907104,1,0,2,11.0,10.856324937608507,1.5,0.8999999761581421,-0.003328382968902588,0.029999999329447746,2.0,200.0,-0.019999999552965164,0.7503727674484253
1624,30184,1,1725,2,OP3,FIXED_OPPONENT,train,SCRIPTED:OP3,1,3,2,1,20,0.23999999463558197,1,0,3,13.0,10.704945373535157,1.5,0.5,0.0016604512929916382,0.014999999664723873,1.0,100.0,-0.019999999552965164,0.580036997795105
1625,30216,1,1729,0,OP3,FIXED_OPPONENT,train,SCRIPTED:OP3,1,3,2,1,20,0.2800000011920929,1,0,3,13.0,9.769073486328125,1.5,0.5,0.015587002038955688,0.014999999664723873,1.0,100.0,-0.019999999552965164,0.580201268196106
1626,30232,1,1731,1,OP3,FIXED_OPPONENT,train,SCRIPTED:OP3,0,2,3,-1,20,0.35999998450279236,1,0,2,13.0,10.195851135253907,-1.2000000476837158,-0.5,0.01133495569229126,0.0,-1.0,-100.0,0.0,-0.5369062423706055
1627,30248,1,1733,0,OP3,FIXED_OPPONENT,train,SCRIPTED:OP3,0,1,3,-2,15,0.23999999463558197,1,0,0,11.0,10.565381876627605,-1.2000000476837158,-0.4000000059604645,-0.010361701250076294,0.0,-1.0,-100.0,0.0,-0.5211825966835022
1628,30288,1,1738,2,OP3,FIXED_OPPONENT,train,SCRIPTED:OP3,0,2,3,-1,18,0.23999999463558197,1,0,4,11.0,10.360040452745226,-1.2000000476837158,-0.4000000059604645,-0.008521556854248047,0.019999999552965164,-1.0,-100.0,0.0,-0.5208997130393982
1629,30320,1,1742,3,OP3,FIXED_OPPONENT,train,SCRIPTED:OP3,0,3,3,0,18,0.11999999731779099,1,0,5,11.0,9.717940436469185,-0.699999988079071,0.0,0.004685193300247192,0.0,0.0,0.0,0.0,-0.15423159301280975
1630,30320,1,1742,2,OP3,FIXED_OPPONENT,train,SCRIPTED:OP3,0,3,3,0,19,0.1599999964237213,1,0,3,12.0,10.72096091822574,-0.699999988079071,0.0,-0.0006375983357429504,0.0,0.0,0.0,0.0,-0.15432396531105042
1631,30328,1,1743,0,OP3,FIXED_OPPONENT,train,SCRIPTED:OP3,0,2,3,-1,18,0.19999998807907104,1,0,4,11.0,11.859703911675346,-1.2000000476837158,-0.4000000059604645,-0.007472217082977295,0.019999999552965164,-1.0,-100.0,-0.019999999552965164,-0.5241171717643738
1632,30328,1,1743,0,OP3,FIXED_OPPONENT,train,SCRIPTED:OP3,0,3,3,0,18,0.19999998807907104,1,0,0,11.0,11.160035875108507,-0.699999988079071,0.0,-0.005923643708229065,0.0,0.0,0.0,0.0,-0.15441571176052094
1633,30360,1,1747,0,OP3,FIXED_OPPONENT,train,SCRIPTED:OP3,0,2,3,-1,18,0.3199999928474426,1,0,10,11.0,8.424293518066406,-1.2000000476837158,-0.5,0.01529015600681305,0.0,-1.0,-100.0,0.0,-0.5368561744689941
1634,30392,1,1751,0,OP3,FIXED_OPPONENT,train,SCRIPTED:OP3,0,2,3,-1,20,0.23999999463558197,1,0,0,12.0,12.248006439208984,-1.2000000476837158,-0.5,0.0032622218132019043,0.019999999552965164,-1.0,-100.0,-0.019999999552965164,-0.539911687374115
1635,30424,1,1755,1,OP3,FIXED_OPPONENT,train,SCRIPTED:OP3,1,3,2,1,22,0.3199999928474426,1,0,7,15.0,9.12682411887429,1.5,0.5,-0.007680654525756836,0.029999999329447746,1.0,100.0,0.0,0.5830448865890503
1636,30440,1,1757,0,OP3,FIXED_OPPONENT,train,SCRIPTED:OP3,0,2,3,-1,19,0.23999999463558197,1,0,1,12.0,10.182306390059622,-1.2000000476837158,-0.5,-0.003746330738067627,0.0,-1.0,-100.0,0.0,-0.5370969772338867
1637,30456,1,1759,0,OP3,FIXED_OPPONENT,train,SCRIPTED:OP3,1,3,2,1,17,0.19999998807907104,1,0,8,11.0,8.396816478056067,1.5,0.5,0.01977349817752838,0.029999999329447746,1.0,100.0,0.0,0.5833669900894165
1638,30472,1,1761,2,OP3,FIXED_OPPONENT,train,SCRIPTED:OP3,0,1,3,-2,18,0.11999999731779099,1,0,2,11.0,11.065321180555555,-1.2000000476837158,-0.5,-0.008144423365592957,0.019999999552965164,-1.0,-100.0,0.0,-0.5368996858596802
1639,30472,1,1761,0,OP3,FIXED_OPPONENT,train,SCRIPTED:OP3,1,3,2,1,18,0.19999998807907104,1,0,0,12.0,10.806566026475695,1.5,0.5,-0.0021751075983047485,0.029999999329447746,1.0,100.0,0.0,0.5831094980239868
1640,30488,1,1763,1,OP3,FIXED_OPPONENT,train,SCRIPTED:OP3,1,3,2,1,21,0.23999999463558197,1,0,0,15.0,10.468847365606399,1.5,0.5,-0.006630212068557739,0.029999999329447746,1.0,100.0,0.0,0.5830572843551636
1641,30504,1,1765,3,OP3,FIXED_OPPONENT,train,SCRIPTED:OP3,1,3,2,1,18,0.11999999731779099,1,0,4,11.0,11.212877061631945,1.5,1.0,0.011200852692127228,0.029999999329447746,2.0,200.0,0.0,0.7619016170501709
1642,30536,1,1769,2,OP3,FIXED_OPPONENT,train,SCRIPTED:OP3,1,3,2,1,18,0.2800000011920929,1,0,0,12.0,10.613273620605469,1.5,0.5,-0.02565711736679077,0.029999999329447746,1.0,100.0,0.0,0.5828338861465454
1643,30560,1,1772,3,OP3,FIXED_OPPONENT,train,SCRIPTED:OP3,1,3,2,1,17,0.1599999964237213,1,0,1,11.0,9.444492115693933,1.5,0.0,-0.010323137044906616,0.0,0.0,0.0,0.0,0.3213481605052948
1644,30584,1,1775,2,OP3,FIXED_OPPONENT,train,SCRIPTED:OP3,0,2,3,-1,18,0.2800000011920929,1,0,3,11.0,9.937337239583334,-1.2000000476837158,-0.5,-0.007757216691970825,0.019999999552965164,-1.0,-100.0,0.0,-0.5368947386741638
1645,30616,1,1779,3,OP3,FIXED_OPPONENT,train,SCRIPTED:OP3,1,3,2,1,18,0.3199999928474426,1,0,4,11.0,10.797812567816841,1.5,0.5,-0.02985091507434845,0.029999999329447746,1.0,100.0,-0.019999999552965164,0.5798420906066895
1646,30616,1,1779,0,OP3,FIXED_OPPONENT,train,SCRIPTED:OP3,1,3,2,1,18,0.2800000011920929,1,0,4,11.0,10.269815233018663,1.5,0.8999999761581421,0.004939720034599304,0.029999999329447746,2.0,200.0,0.0,0.7523720264434814
1647,30624,1,1780,2,OP3,FIXED_OPPONENT,train,SCRIPTED:OP3,0,3,3,0,21,0.23999999463558197,1,0,3,13.0,10.1212158203125,-0.699999988079071,0.0,-0.008773088455200195,0.0,0.0,0.0,0.0,-0.15446515381336212
1648,30632,1,1781,0,OP3,FIXED_OPPONENT,train,SCRIPTED:OP3,0,3,3,0,18,0.19999998807907104,1,0,0,12.0,12.084430270724827,-0.699999988079071,0.0,-0.005893342196941376,0.0,0.0,0.0,0.0,-0.15441517531871796
1649,30640,1,1782,3,OP3,FIXED_OPPONENT,train,SCRIPTED:OP3,1,3,2,1,17,0.19999998807907104,1,0,0,13.0,10.365115894990808,1.5,0.5,-0.019133150577545166,0.029999999329447746,1.0,100.0,0.0,0.5829105377197266
1650,30680,1,1787,0,OP3,FIXED_OPPONENT,train,SCRIPTED:OP3,0,2,3,-1,18,0.35999998450279236,1,0,3,11.0,9.934641520182291,-1.2000000476837158,-0.5,-0.010341048240661621,0.0,-1.0,-100.0,0.0,-0.5371803045272827
1651,30712,1,1791,1,OP3,FIXED_OPPONENT,train,SCRIPTED:OP3,0,2,3,-1,19,0.23999999463558197,1,0,0,12.0,10.667429070723685,-1.2000000476837158,-0.5,-0.009895965456962585,0.0,-1.0,-100.0,-0.019999999552965164,-0.5403292179107666
1652,30736,1,1794,2,OP3,FIXED_OPPONENT,train,SCRIPTED:OP3,1,3,2,1,19,0.1599999964237213,1,0,1,12.0,10.308828253495065,1.5,0.5,-0.0322430282831192,0.029999999329447746,1.0,100.0,0.0,0.5827566385269165
1653,30744,1,1795,2,OP3,FIXED_OPPONENT,train,SCRIPTED:OP3,0,2,3,-1,16,0.1599999964237213,1,0,0,12.0,11.896745681762695,-1.2000000476837158,0.0,0.001758486032485962,0.0,0.0,0.0,-0.019999999552965164,-0.2646293640136719
1654,30760,1,1797,0,OP3,FIXED_OPPONENT,train,SCRIPTED:OP3,1,3,2,1,17,0.19999998807907104,1,0,4,12.0,8.765210319967832,1.5,0.5,-0.03252890706062317,0.029999999329447746,1.0,100.0,0.0,0.5827533006668091
1655,30768,1,1798,3,OP3,FIXED_OPPONENT,train,SCRIPTED:OP3,0,3,3,0,19,0.11999999731779099,1,0,4,12.0,8.97030238101357,-0.699999988079071,0.0,0.0020406395196914673,0.0,0.0,0.0,-0.019999999552965164,-0.15861313045024872
1656,30784,1,1800,0,OP3,FIXED_OPPONENT,train,SCRIPTED:OP3,0,2,3,-1,19,0.2800000011920929,1,0,2,12.0,9.749994378340872,-1.2000000476837158,-0.5,0.003239840269088745,0.0,-1.0,-100.0,0.0,-0.5370087027549744
1657,30808,1,1803,1,OP3,FIXED_OPPONENT,train,SCRIPTED:OP3,1,3,2,1,21,0.23999999463558197,1,0,2,12.0,10.403429303850446,1.5,0.5,-0.03543825447559357,0.014999999664723873,1.0,100.0,0.0,0.5825429558753967
1658,30824,1,1805,3,OP3,FIXED_OPPONENT,train,SCRIPTED:OP3,1,3,2,1,18,0.19999998807907104,1,0,2,11.0,9.79229736328125,1.5,0.8999999761581421,-0.006787121295928955,0.029999999329447746,2.0,200.0,0.0,0.7522815465927124
1659,30848,1,1808,2,OP3,FIXED_OPPONENT,train,SCRIPTED:OP3,0,2,3,-1,17,0.1599999964237213,1,0,0,11.0,13.246491376091452,-1.2000000476837158,0.0,0.008359745144844055,0.0,0.0,0.0,0.0,-0.26038190722465515
1660,30896,1,1814,3,OP3,FIXED_OPPONENT,train,SCRIPTED:OP3,1,3,2,1,20,0.3199999928474426,1,0,3,13.0,10.644891357421875,1.5,0.5,0.02251666784286499,0.029999999329447746,1.0,100.0,-0.019999999552965164,0.5804598331451416
1661,30896,1,1814,1,OP3,FIXED_OPPONENT,train,SCRIPTED:OP3,1,3,2,1,19,0.23999999463558197,1,0,2,12.0,10.12599021510074,1.5,0.5,-0.022062376141548157,0.014999999664723873,1.0,100.0,0.0,0.5827000141143799
1662,30904,1,1815,3,OP3,FIXED_OPPONENT,train,SCRIPTED:OP3,1,3,2,1,18,0.1599999964237213,1,0,3,11.0,11.042367723253038,1.5,0.5,-0.015629656612873077,0.029999999329447746,1.0,100.0,0.0,0.5829516053199768
1663,30928,1,1818,3,OP3,FIXED_OPPONENT,train,SCRIPTED:OP3,1,3,2,1,20,0.23999999463558197,1,0,4,12.0,9.871406555175781,1.5,0.5,-0.005641266703605652,0.014999999664723873,1.0,100.0,-0.019999999552965164,0.5799508690834045
1664,30928,1,1818,1,OP3,FIXED_OPPONENT,train,SCRIPTED:OP3,0,2,3,-1,18,0.1599999964237213,1,0,0,11.0,12.016986423068577,-1.2000000476837158,-0.4000000059604645,-0.010669589042663574,0.019999999552965164,-1.0,-100.0,0.0,-0.5209275484085083
1665,30952,1,1821,3,OP3,FIXED_OPPONENT,train,SCRIPTED:OP3,0,2,3,-1,18,0.19999998807907104,1,0,1,11.0,11.614825778537327,-1.2000000476837158,-0.4000000059604645,0.003299802541732788,0.019999999552965164,-1.0,-100.0,0.0,-0.5207465291023254
1666,30976,1,1824,1,OP3,FIXED_OPPONENT,train,SCRIPTED:OP3,0,3,3,0,19,0.11999999731779099,1,0,2,11.0,10.190031352796053,-0.699999988079071,0.0,0.0015940666198730469,0.0,0.0,0.0,0.0,-0.1542852222919464
1667,30984,1,1825,1,OP3,FIXED_OPPONENT,train,SCRIPTED:OP3,0,2,3,-1,17,0.23999999463558197,1,0,0,11.0,11.219413308536305,-1.2000000476837158,-0.5,-0.004925966262817383,0.0,-1.0,-100.0,0.0,-0.5371118783950806
1668,31040,1,1832,1,OP3,FIXED_OPPONENT,train,SCRIPTED:OP3,1,3,2,1,18,0.19999998807907104,1,0,8,12.0,9.493213229709202,1.5,0.5,-0.03175349533557892,0.029999999329447746,1.0,100.0,0.0,0.5827623605728149
1669,31048,1,1833,1,OP3,FIXED_OPPONENT,train,SCRIPTED:OP3,1,3,2,1,18,0.35999998450279236,1,0,1,11.0,10.212046305338541,1.5,0.5,-0.020649313926696777,0.014999999664723873,1.0,100.0,0.0,0.5827165842056274
1670,31056,1,1834,3,OP3,FIXED_OPPONENT,train,SCRIPTED:OP3,1,3,2,1,20,0.2800000011920929,1,0,6,13.0,9.232250213623047,1.5,0.5,-0.007118046283721924,0.029999999329447746,1.0,100.0,-0.019999999552965164,0.5801103711128235
1671,31056,1,1834,2,OP3,FIXED_OPPONENT,train,SCRIPTED:OP3,1,3,2,1,16,0.07999999821186066,1,0,2,11.0,11.978048324584961,1.5,0.0,-0.009469866752624512,0.0,0.0,0.0,-0.019999999552965164,0.31737062335014343
1672,31072,1,1836,3,OP3,FIXED_OPPONENT,train,SCRIPTED:OP3,0,2,3,-1,18,0.1599999964237213,1,0,3,11.0,10.388867696126303,-1.2000000476837158,-0.5,0.01220443844795227,0.019999999552965164,-1.0,-100.0,0.0,-0.5366421341896057
1673,31096,1,1839,1,OP3,FIXED_OPPONENT,train,SCRIPTED:OP3,1,3,2,1,18,0.2800000011920929,1,0,0,11.0,10.756870693630642,1.5,0.4000000059604645,0.0025984346866607666,0.029999999329447746,1.0,100.0,0.0,0.5683106184005737
1674,31104,1,1840,1,OP3,FIXED_OPPONENT,train,SCRIPTED:OP3,1,3,1,2,16,0.23999999463558197,1,0,0,11.0,11.257547378540039,1.5,0.5,0.00011862814426422119,0.029999999329447746,1.0,100.0,0.0,0.5831364393234253
1675,31144,1,1845,2,OP3,FIXED_OPPONENT,train,SCRIPTED:OP3,1,3,2,1,20,0.3199999928474426,1,0,4,11.0,9.974839019775391,1.5,0.5,-0.025642693042755127,0.014999999664723873,1.0,100.0,0.0,0.582658052444458
1676,31184,1,1850,0,OP3,FIXED_OPPONENT,train,SCRIPTED:OP3,0,2,3,-1,16,0.23999999463558197,1,0,1,11.0,10.211215019226074,-1.2000000476837158,-0.4000000059604645,-0.0034096986055374146,0.0,-1.0,-100.0,-0.019999999552965164,-0.5243226289749146
1677,31192,1,1851,3,OP3,FIXED_OPPONENT,train,SCRIPTED:OP3,0,2,3,-1,19,0.2800000011920929,1,0,1,12.0,10.299562956157484,-1.2000000476837158,-0.5,0.015001386404037476,0.019999999552965164,-1.0,-100.0,0.0,-0.5366067290306091
1678,31192,1,1851,2,OP3,FIXED_OPPONENT,train,SCRIPTED:OP3,0,2,3,-1,18,0.19999998807907104,1,0,5,12.0,9.532793680826822,-1.2000000476837158,-0.5,0.015200510621070862,0.019999999552965164,-1.0,-100.0,0.0,-0.5366042256355286
1679,31208,1,1853,2,OP3,FIXED_OPPONENT,train,SCRIPTED:OP3,1,3,2,1,19,0.35999998450279236,1,0,1,12.0,8.886301141036185,1.5,0.5,-0.01819664239883423,0.014999999664723873,1.0,100.0,0.0,0.5827454328536987
1680,31232,1,1856,1,OP3,FIXED_OPPONENT,train,SCRIPTED:OP3,1,3,1,2,16,0.19999998807907104,1,0,0,11.0,12.430774688720703,1.5,0.5,0.0008770227432250977,0.014999999664723873,1.0,100.0,-0.019999999552965164,0.5800277590751648
1681,31240,1,1857,2,OP3,FIXED_OPPONENT,train,SCRIPTED:OP3,1,3,2,1,21,0.23999999463558197,1,0,4,14.0,9.232019333612351,1.5,0.5,-0.01704847812652588,0.029999999329447746,1.0,100.0,0.0,0.5829349756240845
1682,31240,1,1857,2,OP3,FIXED_OPPONENT,train,SCRIPTED:OP3,1,3,2,1,18,0.19999998807907104,1,0,0,14.0,11.215185377332899,1.5,0.5,0.007763475179672241,0.029999999329447746,1.0,100.0,-0.019999999552965164,0.580285906791687
1683,31288,1,1863,2,OP3,FIXED_OPPONENT,train,SCRIPTED:OP3,1,3,2,1,18,0.1599999964237213,1,0,0,11.0,11.781219482421875,1.5,0.5,-0.03018629550933838,0.029999999329447746,1.0,100.0,0.0,0.5827807784080505
1684,31328,1,1868,1,OP3,FIXED_OPPONENT,train,SCRIPTED:OP3,0,2,3,-1,18,0.19999998807907104,1,0,0,11.0,10.952794392903646,-1.2000000476837158,-0.5,-0.0012481510639190674,0.019999999552965164,-1.0,-100.0,-0.019999999552965164,-0.5399684906005859
1685,31328,1,1868,0,OP3,FIXED_OPPONENT,train,SCRIPTED:OP3,0,2,3,-1,17,0.3199999928474426,1,0,4,11.0,11.15568183450138,-1.2000000476837158,-0.4000000059604645,0.0013511031866073608,0.0,-1.0,-100.0,0.0,-0.5210309028625488
1686,31352,1,1871,0,OP3,FIXED_OPPONENT,train,SCRIPTED:OP3,1,3,2,1,20,0.19999998807907104,1,0,5,13.0,10.401985168457031,1.5,0.5,-0.008879587054252625,0.029999999329447746,1.0,100.0,-0.019999999552965164,0.5800895690917969
1687,31352,1,1871,3,OP3,FIXED_OPPONENT,train,SCRIPTED:OP3,0,2,3,-1,18,0.1599999964237213,1,0,2,12.0,10.449991014268663,-1.2000000476837158,-0.5,-0.003689870238304138,0.0,-1.0,-100.0,0.0,-0.5370962619781494
1688,31368,1,1873,2,OP3,FIXED_OPPONENT,train,SCRIPTED:OP3,0,2,3,-1,16,0.23999999463558197,1,0,4,11.0,10.456414222717285,-1.2000000476837158,-0.5,0.010925352573394775,0.019999999552965164,-1.0,-100.0,-0.019999999552965164,-0.5398151278495789
1689,31384,1,1875,0,OP3,FIXED_OPPONENT,train,SCRIPTED:OP3,0,2,3,-1,18,0.35999998450279236,1,0,1,11.0,10.448290506998697,-1.2000000476837158,-0.4000000059604645,0.00024111568927764893,0.0,-1.0,-100.0,0.0,-0.5210452675819397
1690,31384,1,1875,2,OP3,FIXED_OPPONENT,train,SCRIPTED:OP3,1,3,2,1,19,0.19999998807907104,1,0,2,11.0,11.354310688219572,1.5,0.5,0.018065497279167175,0.029999999329447746,1.0,100.0,-0.019999999552965164,0.5804072618484497
1691,31432,1,1881,2,OP3,FIXED_OPPONENT,train,SCRIPTED:OP3,1,3,2,1,18,0.23999999463558197,1,0,1,11.0,12.156160990397135,1.5,0.4000000059604645,-0.010020270943641663,0.029999999329447746,1.0,100.0,0.0,0.568158745765686
1692,31472,1,1886,1,OP3,FIXED_OPPONENT,train,SCRIPTED:OP3,1,3,1,2,18,0.3199999928474426,1,0,1,11.0,9.366270277235243,1.5,0.5,-0.029835566878318787,0.029999999329447746,1.0,100.0,0.0,0.58278489112854
1693,31480,1,1887,3,OP3,FIXED_OPPONENT,train,SCRIPTED:OP3,1,3,2,1,19,0.3199999928474426,1,0,1,12.0,10.776579204358553,1.5,0.5,0.014210417866706848,0.014999999664723873,1.0,100.0,0.0,0.5831258296966553
1694,31488,1,1888,3,OP3,FIXED_OPPONENT,train,SCRIPTED:OP3,0,2,3,-1,15,0.19999998807907104,1,0,0,11.0,12.548026529947917,-1.2000000476837158,-0.5,-0.005033671855926514,0.0,-1.0,-100.0,0.0,-0.5371131896972656
1695,31496,1,1889,3,OP3,FIXED_OPPONENT,train,SCRIPTED:OP3,0,2,3,-1,18,0.1599999964237213,1,0,1,12.0,10.765050252278646,-1.2000000476837158,-0.5,0.012661978602409363,0.019999999552965164,-1.0,-100.0,0.0,-0.5366363525390625
1696,31520,1,1892,2,OP3,FIXED_OPPONENT,train,SCRIPTED:OP3,0,3,3,0,21,0.2800000011920929,1,0,3,14.0,10.207252865745907,-0.699999988079071,0.0,-0.008426651358604431,0.0,0.0,0.0,-0.019999999552965164,-0.15879453718662262
1697,31528,1,1893,0,OP3,FIXED_OPPONENT,train,SCRIPTED:OP3,0,2,3,-1,18,0.1599999964237213,1,0,2,11.0,10.760912577311197,-1.2000000476837158,-0.5,0.0008007287979125977,0.019999999552965164,-1.0,-100.0,0.0,-0.5367864966392517
1698,31536,1,1894,1,OP3,FIXED_OPPONENT,train,SCRIPTED:OP3,0,2,3,-1,19,0.19999998807907104,1,0,2,12.0,9.967131765265213,-1.2000000476837158,-0.5,0.003009602427482605,0.0,-1.0,-100.0,0.0,-0.5370115637779236
1699,31568,1,1898,3,OP3,FIXED_OPPONENT,train,SCRIPTED:OP3,0,2,3,-1,17,0.23999999463558197,1,0,2,11.0,11.646214204676012,-1.2000000476837158,-0.5,0.0034044235944747925,0.0,-1.0,-100.0,0.0,-0.5370065569877625
1700,31616,1,1904,1,OP3,FIXED_OPPONENT,train,SCRIPTED:OP3,1,3,2,1,18,0.19999998807907104,1,0,4,11.0,11.18860117594401,1.5,0.4000000059604645,0.008281514048576355,0.029999999329447746,1.0,100.0,0.0,0.5683789849281311
1701,31632,1,1906,0,OP3,FIXED_OPPONENT,train,SCRIPTED:OP3,1,3,2,1,19,0.23999999463558197,1,0,4,12.0,10.76862214740954,1.5,0.5,-0.005524665117263794,0.029999999329447746,1.0,100.0,0.0,0.5830702185630798
1702,31648,1,1908,0,OP3,FIXED_OPPONENT,train,SCRIPTED:OP3,0,2,3,-1,20,0.11999999731779099,1,0,0,13.0,11.837612915039063,-1.2000000476837158,-0.5,-0.01675322651863098,0.019999999552965164,-1.0,-100.0,-0.019999999552965164,-0.5401636958122253
1703,31648,1,1908,0,OP3,FIXED_OPPONENT,train,SCRIPTED:OP3,1,3,2,1,19,0.2800000011920929,1,0,1,12.0,10.510533383018092,1.5,0.5,-0.0018338412046432495,0.029999999329447746,1.0,100.0,-0.019999999552965164,0.5801726579666138
1704,31664,1,1910,3,OP3,FIXED_OPPONENT,train,SCRIPTED:OP3,0,3,3,0,18,0.11999999731779099,1,0,2,11.0,12.13503689236111,-0.699999988079071,0.0,-0.003055877983570099,0.0,0.0,0.0,-0.019999999552965164,-0.15870146453380585
1705,31672,1,1911,3,OP3,FIXED_OPPONENT,train,SCRIPTED:OP3,1,3,2,1,18,0.23999999463558197,1,0,2,12.0,9.752281188964844,1.5,0.0,0.004604607820510864,0.0,0.0,0.0,0.0,0.32158607244491577
1706,31680,1,1912,2,OP3,FIXED_OPPONENT,train,SCRIPTED:OP3,1,3,1,2,18,0.2800000011920929,1,0,0,11.0,10.347945319281685,1.5,0.5,-0.0026592612266540527,0.014999999664723873,1.0,100.0,0.0,0.5829278230667114
1707,31712,1,1916,0,OP3,FIXED_OPPONENT,train,SCRIPTED:OP3,1,3,2,1,18,0.1599999964237213,1,0,1,12.0,11.548039754231771,1.5,0.5,-0.012485712766647339,0.029999999329447746,1.0,100.0,0.0,0.5829885005950928
1708,31776,1,1924,0,OP3,FIXED_OPPONENT,train,SCRIPTED:OP3,0,2,3,-1,20,0.19999998807907104,1,0,7,13.0,9.686560821533202,-1.2000000476837158,-0.5,-0.0032593756914138794,0.0,-1.0,-100.0,-0.019999999552965164,-0.5402456521987915
1709,31776,1,1924,2,OP3,FIXED_OPPONENT,train,SCRIPTED:OP3,0,2,3,-1,18,0.23999999463558197,1,0,1,11.0,11.789073520236546,-1.2000000476837158,-0.5,-0.002349942922592163,0.0,-1.0,-100.0,-0.019999999552965164,-0.5402342677116394
1710,31792,1,1926,1,OP3,FIXED_OPPONENT,train,SCRIPTED:OP3,1,3,2,1,18,0.23999999463558197,1,0,0,11.0,11.004143608940971,1.5,0.4000000059604645,-0.002997457981109619,0.029999999329447746,1.0,100.0,0.0,0.5682432651519775
1711,31800,1,1927,2,OP3,FIXED_OPPONENT,train,SCRIPTED:OP3,1,3,2,1,19,0.23999999463558197,1,0,3,12.0,9.782835307874178,1.5,0.5,-0.015478655695915222,0.029999999329447746,1.0,100.0,0.0,0.5829533934593201
1712,31816,1,1929,1,OP3,FIXED_OPPONENT,train,SCRIPTED:OP3,1,3,2,1,19,0.19999998807907104,1,0,0,12.0,10.157297234786185,1.5,0.5,-0.029071569442749023,0.029999999329447746,1.0,100.0,0.0,0.5827938914299011
1713,31824,1,1930,3,OP3,FIXED_OPPONENT,train,SCRIPTED:OP3,1,3,2,1,18,0.19999998807907104,1,0,0,11.0,11.319206237792969,1.5,0.4000000059604645,-0.0073478370904922485,0.029999999329447746,1.0,100.0,-0.019999999552965164,0.5651736259460449
1714,31832,1,1931,3,OP3,FIXED_OPPONENT,train,SCRIPTED:OP3,0,3,3,0,20,0.23999999463558197,1,0,1,13.0,10.396552276611327,-0.699999988079071,0.0,-0.0030972659587860107,0.0,0.0,0.0,-0.019999999552965164,-0.15870217978954315
1715,31864,1,1935,1,OP3,FIXED_OPPONENT,train,SCRIPTED:OP3,0,3,3,0,19,0.2800000011920929,1,0,3,12.0,10.912898816560444,-0.699999988079071,0.0,0.00853787362575531,0.0,0.0,0.0,0.0,-0.15416473150253296
1716,31920,1,1942,0,OP3,FIXED_OPPONENT,train,SCRIPTED:OP3,1,3,2,1,18,0.1599999964237213,1,0,0,11.0,11.125098334418404,1.5,0.5,0.003515273332595825,0.029999999329447746,1.0,100.0,0.0,0.5831762552261353
1717,31936,1,1944,3,OP3,FIXED_OPPONENT,train,SCRIPTED:OP3,0,3,3,0,18,0.23999999463558197,1,0,1,11.0,10.915892706976997,-0.699999988079071,0.0,0.0009019970893859863,0.0,0.0,0.0,0.0,-0.15429724752902985
1718,31944,1,1945,1,OP3,FIXED_OPPONENT,train,SCRIPTED:OP3,1,3,2,1,21,0.3199999928474426,1,0,4,12.0,9.341371808733259,1.5,0.5,-0.026167675852775574,0.029999999329447746,1.0,100.0,0.0,0.5828279256820679
1719,31944,1,1945,0,OP3,FIXED_OPPONENT,train,SCRIPTED:OP3,0,2,3,-1,18,0.19999998807907104,1,0,0,11.0,10.372199164496529,-1.2000000476837158,-0.5,0.010018870234489441,0.019999999552965164,-1.0,-100.0,0.0,-0.5366697907447815
1720,31960,1,1947,1,OP3,FIXED_OPPONENT,train,SCRIPTED:OP3,0,3,3,0,18,0.2800000011920929,1,0,3,11.0,10.09047359890408,-0.699999988079071,0.0,0.008607283234596252,0.0,0.0,0.0,-0.019999999552965164,-0.1584993302822113
1721,31968,1,1948,2,OP3,FIXED_OPPONENT,train,SCRIPTED:OP3,1,3,2,1,17,0.35999998450279236,1,0,3,11.0,9.038176592658548,1.5,0.4000000059604645,-0.004618734121322632,0.014999999664723873,1.0,100.0,0.0,0.5680431127548218
1722,31984,1,1950,0,OP3,FIXED_OPPONENT,train,SCRIPTED:OP3,0,3,3,0,20,0.35999998450279236,1,0,5,14.0,9.481568145751954,-0.699999988079071,0.0,-0.01036711037158966,0.0,0.0,0.0,-0.019999999552965164,-0.15882818400859833
1723,32016,1,1954,1,OP3,FIXED_OPPONENT,train,SCRIPTED:OP3,0,3,3,0,19,0.1599999964237213,1,0,0,12.0,11.978636892218338,-0.699999988079071,0.0,0.00887608528137207,0.0,0.0,0.0,0.0,-0.15415886044502258
1724,32056,1,1959,3,OP3,FIXED_OPPONENT,train,SCRIPTED:OP3,1,3,2,1,17,0.19999998807907104,1,0,2,11.0,9.903761022231159,1.5,0.4000000059604645,0.005014598369598389,0.014999999664723873,1.0,100.0,0.0,0.5681592226028442
1725,32088,1,1963,3,OP3,FIXED_OPPONENT,train,SCRIPTED:OP3,0,1,3,-2,18,0.19999998807907104,1,0,2,11.0,10.583357916937935,-1.2000000476837158,0.0,0.005641534924507141,0.019999999552965164,0.0,0.0,0.0,-0.260095477104187
1726,32104,1,1965,0,OP3,FIXED_OPPONENT,train,SCRIPTED:OP3,0,2,3,-1,20,0.2800000011920929,1,0,3,13.0,11.326485443115235,-1.2000000476837158,-0.5,-0.0003251582384109497,0.019999999552965164,-1.0,-100.0,-0.03999999910593033,-0.543097972869873
1727,32112,1,1966,0,OP3,FIXED_OPPONENT,train,SCRIPTED:OP3,1,3,2,1,19,0.1599999964237213,1,0,2,12.0,10.719988371196546,1.5,0.5,-0.009837642312049866,0.029999999329447746,1.0,100.0,0.0,0.5830196142196655
1728,32112,1,1966,1,OP3,FIXED_OPPONENT,train,SCRIPTED:OP3,0,3,3,0,22,0.3199999928474426,1,0,1,15.0,11.45318603515625,-0.699999988079071,0.0,-0.010254830121994019,0.0,0.0,0.0,0.0,-0.1544908583164215
1729,32120,1,1967,0,OP3,FIXED_OPPONENT,train,SCRIPTED:OP3,0,2,3,-1,17,0.23999999463558197,1,0,1,11.0,10.715328440946692,-1.2000000476837158,-0.5,0.014147341251373291,0.019999999552965164,-1.0,-100.0,0.0,-0.5366175174713135
1730,32128,1,1968,0,OP3,FIXED_OPPONENT,train,SCRIPTED:OP3,0,2,3,-1,20,0.07999999821186066,1,0,0,11.0,12.717827606201173,-1.2000000476837158,-0.5,0.0055582523345947266,0.019999999552965164,-1.0,-100.0,-0.03999999910593033,-0.5430241823196411
1731,32152,1,1971,0,OP3,FIXED_OPPONENT,train,SCRIPTED:OP3,1,3,1,2,17,0.23999999463558197,1,0,0,11.0,8.514106301700368,1.5,0.5,0.013169854879379272,0.02499999850988388,1.0,100.0,0.0,0.5832309126853943
1732,32208,1,1978,3,OP3,FIXED_OPPONENT,train,SCRIPTED:OP3,0,2,3,-1,19,0.2800000011920929,1,0,3,12.0,9.857637907329359,-1.2000000476837158,-0.5,0.01690058410167694,0.019999999552965164,-1.0,-100.0,0.0,-0.5365827083587646
1733,32248,1,1983,0,OP3,FIXED_OPPONENT,train,SCRIPTED:OP3,0,2,3,-1,20,0.23999999463558197,0,1,3,12.0,10.359419250488282,-1.2000000476837158,-0.5,0.0038356631994247437,0.019999999552965164,-1.0,-100.0,0.0,-0.5367480516433716
1734,32256,1,1984,2,OP3,FIXED_OPPONENT,train,SCRIPTED:OP3,0,2,3,-1,19,0.2800000011920929,1,0,6,12.0,8.93620380602385,-1.2000000476837158,-0.5,0.0010800212621688843,0.019999999552965164,-1.0,-100.0,-0.019999999552965164,-0.5399391651153564
1735,32264,1,1985,1,OP3,FIXED_OPPONENT,train,SCRIPTED:OP3,1,3,2,1,19,0.23999999463558197,1,0,1,12.0,11.233443410773026,1.5,0.5,-0.022352948784828186,0.029999999329447746,1.0,100.0,0.0,0.582872748374939
1736,32280,1,1987,0,OP3,FIXED_OPPONENT,train,SCRIPTED:OP3,0,2,3,-1,19,0.23999999463558197,1,0,1,12.0,10.499604877672697,-1.2000000476837158,-0.5,-0.004335418343544006,0.019999999552965164,-1.0,-100.0,0.0,-0.5368514657020569
1737,32288,1,1988,3,OP3,FIXED_OPPONENT,train,SCRIPTED:OP3,0,3,3,0,22,0.19999998807907104,1,0,5,13.0,9.963103554465555,-0.699999988079071,0.0,0.0003155916929244995,0.0,0.0,0.0,0.0,-0.15430742502212524
1738,32296,1,1989,2,OP3,FIXED_OPPONENT,train,SCRIPTED:OP3,1,3,2,1,22,0.2800000011920929,1,0,2,15.0,10.237044594504617,1.5,0.5,-0.016114264726638794,0.029999999329447746,1.0,100.0,0.0,0.5829458832740784
1739,32312,1,1991,0,OP3,FIXED_OPPONENT,train,SCRIPTED:OP3,0,2,3,-1,20,0.19999998807907104,1,0,10,11.0,10.03656005859375,-1.2000000476837158,-0.5,0.004326239228248596,0.019999999552965164,-1.0,-100.0,-0.019999999552965164,-0.5398982763290405
1740,32352,1,1996,3,OP3,FIXED_OPPONENT,train,SCRIPTED:OP3,0,2,3,-1,18,0.2800000011920929,1,0,0,11.0,10.229016621907553,-1.2000000476837158,-0.4000000059604645,0.006658315658569336,0.0,-1.0,-100.0,0.0,-0.520962119102478
1741,32408,1,2003,1,OP3,FIXED_OPPONENT,train,SCRIPTED:OP3,0,3,3,0,18,0.19999998807907104,1,0,0,11.0,10.739050123426649,-0.699999988079071,0.0,0.007596731185913086,0.0,0.0,0.0,0.0,-0.15418106317520142
1742,32416,1,2004,0,OP3,FIXED_OPPONENT,train,SCRIPTED:OP3,1,3,2,1,20,0.23999999463558197,1,0,0,14.0,12.580031585693359,1.5,0.5,-0.021950237452983856,0.029999999329447746,1.0,100.0,-0.019999999552965164,0.5799353718757629
1743,32416,1,2004,0,OP3,FIXED_OPPONENT,train,SCRIPTED:OP3,0,3,3,0,21,0.35999998450279236,1,0,3,11.0,8.936578659784226,-0.699999988079071,0.0,-0.008470967411994934,0.0,0.0,0.0,0.0,-0.1544599086046219
1744,32432,1,2006,0,OP3,FIXED_OPPONENT,train,SCRIPTED:OP3,1,3,2,1,19,0.2800000011920929,1,0,5,12.0,9.463981226870889,1.5,0.5,-0.03628838062286377,0.029999999329447746,1.0,100.0,0.0,0.5827091336250305
1745,32440,1,2007,1,OP3,FIXED_OPPONENT,train,SCRIPTED:OP3,0,2,3,-1,19,0.2800000011920929,1,0,1,12.0,11.17331896330181,-1.2000000476837158,-0.5,0.015413716435432434,0.019999999552965164,-1.0,-100.0,-0.019999999552965164,-0.5397586226463318
1746,32440,1,2007,0,OP3,FIXED_OPPONENT,train,SCRIPTED:OP3,0,3,3,0,18,0.1599999964237213,1,0,2,11.0,11.79602305094401,-0.699999988079071,0.0,0.008089974522590637,0.0,0.0,0.0,0.0,-0.15417250990867615
1747,32464,1,2010,2,OP3,FIXED_OPPONENT,train,SCRIPTED:OP3,0,2,3,-1,19,0.23999999463558197,1,0,0,11.0,11.041121633429276,-1.2000000476837158,-0.5,-0.00616830587387085,0.019999999552965164,-1.0,-100.0,-0.019999999552965164,-0.5400304794311523
1748,32504,1,2015,3,OP3,FIXED_OPPONENT,train,SCRIPTED:OP3,0,2,3,-1,19,0.2800000011920929,1,0,6,12.0,9.32373046875,-1.2000000476837158,-0.5,-0.013793393969535828,0.019999999552965164,-1.0,-100.0,0.0,-0.5369710922241211
1749,32560,1,2022,1,OP3,FIXED_OPPONENT,train,SCRIPTED:OP3,1,3,2,1,18,0.19999998807907104,1,0,3,11.0,9.686528523763021,1.5,0.5,-0.02621971070766449,0.029999999329447746,1.0,100.0,0.0,0.5828273296356201
1750,32568,1,2023,2,OP3,FIXED_OPPONENT,train,SCRIPTED:OP3,1,3,2,1,20,0.23999999463558197,1,0,3,13.0,9.660203552246093,1.5,0.5,0.003336384892463684,0.014999999664723873,1.0,100.0,-0.019999999552965164,0.5800567269325256
1751,32568,1,2023,1,OP3,FIXED_OPPONENT,train,SCRIPTED:OP3,1,3,2,1,19,0.2800000011920929,1,0,0,12.0,12.071392661646792,1.5,0.5,0.020205140113830566,0.029999999329447746,1.0,100.0,0.0,0.5833719968795776
1752,32576,1,2024,0,OP3,FIXED_OPPONENT,train,SCRIPTED:OP3,0,2,3,-1,18,0.1599999964237213,1,0,4,11.0,10.115906609429253,-1.2000000476837158,-0.5,0.014774054288864136,0.019999999552965164,-1.0,-100.0,-0.019999999552965164,-0.5397666692733765
1753,32584,1,2025,3,OP3,FIXED_OPPONENT,train,SCRIPTED:OP3,1,3,2,1,18,0.23999999463558197,1,0,0,11.0,12.863137139214409,1.5,0.5,-0.004743784666061401,0.014999999664723873,1.0,100.0,0.0,0.5829033255577087
1754,32584,1,2025,2,OP3,FIXED_OPPONENT,train,SCRIPTED:OP3,1,3,2,1,18,0.23999999463558197,1,0,1,11.0,11.082852681477865,1.5,0.4000000059604645,0.008365586400032043,0.029999999329447746,1.0,100.0,0.0,0.5683800578117371
1755,32616,1,2029,2,OP3,FIXED_OPPONENT,train,SCRIPTED:OP3,0,1,3,-2,19,0.1599999964237213,1,0,2,13.0,11.04728859349301,-1.2000000476837158,-0.5,0.005310967564582825,0.019999999552965164,-1.0,-100.0,0.0,-0.5367293953895569
1756,32672,1,2036,2,OP3,FIXED_OPPONENT,train,SCRIPTED:OP3,1,3,2,1,21,0.35999998450279236,1,0,0,13.0,10.63679431733631,1.5,0.5,0.013582125306129456,0.014999999664723873,1.0,100.0,0.0,0.5831184387207031
1757,32696,1,2039,0,OP3,FIXED_OPPONENT,train,SCRIPTED:OP3,1,3,2,1,16,0.19999998807907104,1,0,0,12.0,9.707154273986816,1.5,0.5,0.012658104300498962,0.014999999664723873,1.0,100.0,-0.019999999552965164,0.5801666378974915
1758,32712,1,2041,2,OP3,FIXED_OPPONENT,train,SCRIPTED:OP3,1,3,2,1,19,0.19999998807907104,1,0,2,12.0,10.138138620476974,1.5,0.5,-0.012462317943572998,0.029999999329447746,1.0,100.0,0.0,0.5829888582229614
1759,32728,1,2043,0,OP3,FIXED_OPPONENT,train,SCRIPTED:OP3,1,3,2,1,18,0.1599999964237213,0,1,4,11.0,10.747887505425346,1.5,0.8999999761581421,-5.013495683670044e-05,0.029999999329447746,2.0,200.0,0.0,0.7523335218429565
1760,32728,1,2043,0,OP3,FIXED_OPPONENT,train,SCRIPTED:OP3,0,2,3,-1,19,0.19999998807907104,1,0,5,12.0,8.961991962633634,-1.2000000476837158,-0.5,0.007600307464599609,0.019999999552965164,-1.0,-100.0,0.0,-0.536700427532196
1761,32728,1,2043,0,OP3,FIXED_OPPONENT,train,SCRIPTED:OP3,0,3,3,0,20,0.2800000011920929,1,0,0,13.0,9.918694305419923,-0.699999988079071,0.0,-0.004723504185676575,0.0,0.0,0.0,-0.019999999552965164,-0.15873035788536072
1762,32728,1,2043,2,OP3,FIXED_OPPONENT,train,SCRIPTED:OP3,1,3,2,1,18,0.2800000011920929,1,0,0,11.0,9.455212910970053,1.5,0.4000000059604645,-0.0021786540746688843,0.029999999329447746,1.0,100.0,0.0,0.5682531595230103
1763,32760,1,2047,0,OP3,FIXED_OPPONENT,train,SCRIPTED:OP3,1,3,2,1,18,0.19999998807907104,1,0,3,11.0,11.182890150282118,1.5,0.4000000059604645,-0.014185205101966858,0.029999999329447746,1.0,100.0,-0.019999999552965164,0.5650909543037415
1764,32840,2,9,1,OP3,FIXED_OPPONENT,train,SCRIPTED:OP3,1,3,2,1,21,0.23999999463558197,1,0,4,11.0,11.24858892531622,1.5,0.5,-0.007406294345855713,0.029999999329447746,1.0,100.0,-0.019999999552965164,0.5801069736480713
1765,32848,2,10,3,OP3,FIXED_OPPONENT,train,SCRIPTED:OP3,0,3,3,0,19,0.23999999463558197,1,0,5,12.0,9.487520719829359,-0.699999988079071,0.0,-0.006163492798805237,0.0,0.0,0.0,0.0,-0.15441986918449402
1766,32864,2,12,2,OP3,FIXED_OPPONENT,train,SCRIPTED:OP3,1,3,2,1,19,0.19999998807907104,1,0,1,14.0,11.26576795076069,1.5,0.5,0.004154473543167114,0.029999999329447746,1.0,100.0,0.0,0.5831837058067322
1767,32872,2,13,2,OP3,FIXED_OPPONENT,train,SCRIPTED:OP3,0,2,3,-1,18,0.19999998807907104,1,0,0,11.0,10.703046162923178,-1.2000000476837158,-0.5,0.0038907229900360107,0.019999999552965164,-1.0,-100.0,0.0,-0.5367473363876343
1768,32880,2,14,1,OP3,FIXED_OPPONENT,train,SCRIPTED:OP3,1,3,2,1,19,0.2800000011920929,1,0,0,11.0,10.919097097296463,1.5,0.5,-0.01912212371826172,0.014999999664723873,1.0,100.0,-0.019999999552965164,0.579791784286499
1769,32880,2,14,2,OP3,FIXED_OPPONENT,train,SCRIPTED:OP3,1,3,2,1,19,0.1599999964237213,1,0,4,12.0,9.724248785721628,1.5,0.5,-0.004446953535079956,0.029999999329447746,1.0,100.0,0.0,0.5830828547477722
1770,32888,2,15,0,OP3,FIXED_OPPONENT,train,SCRIPTED:OP3,1,3,2,1,16,0.11999999731779099,1,0,0,11.0,11.556727409362793,1.5,0.5,-0.03058302402496338,0.029999999329447746,1.0,100.0,-0.019999999552965164,0.5798335075378418
1771,32888,2,15,0,OP3,FIXED_OPPONENT,train,SCRIPTED:OP3,0,2,3,-1,20,0.2800000011920929,1,0,1,12.0,9.676588439941407,-1.2000000476837158,-0.5,-0.0033662021160125732,0.019999999552965164,-1.0,-100.0,-0.019999999552965164,-0.5399951338768005
1772,32976,2,26,2,OP3,FIXED_OPPONENT,train,SCRIPTED:OP3,1,3,2,1,17,0.23999999463558197,1,0,4,12.0,10.899111579446231,1.5,0.5,-0.029761314392089844,0.029999999329447746,1.0,100.0,0.0,0.5827857255935669
1773,32992,2,28,2,OP3,FIXED_OPPONENT,train,SCRIPTED:OP3,1,3,2,1,18,0.3199999928474426,1,0,1,12.0,10.810740152994791,1.5,0.5,0.005768865346908569,0.014999999664723873,1.0,100.0,0.0,0.5830267071723938
1774,33008,2,30,1,OP3,FIXED_OPPONENT,train,SCRIPTED:OP3,0,3,3,0,18,0.11999999731779099,0,1,4,11.0,9.970848931206596,-0.699999988079071,0.0,-0.009361684322357178,0.0,0.0,0.0,0.0,-0.1544753611087799
1775,33016,2,31,2,OP3,FIXED_OPPONENT,train,SCRIPTED:OP3,1,3,1,2,18,0.2800000011920929,1,0,1,11.0,10.002989027235243,1.5,0.5,-0.036492303013801575,0.029999999329447746,1.0,100.0,0.0,0.5827066898345947
1776,33024,2,32,2,OP3,FIXED_OPPONENT,train,SCRIPTED:OP3,0,3,3,0,18,0.23999999463558197,1,0,1,11.0,10.649825202094185,-0.699999988079071,0.0,0.00869549810886383,0.0,0.0,0.0,-0.03999999910593033,-0.1628275364637375
1777,33032,2,33,1,OP3,FIXED_OPPONENT,train,SCRIPTED:OP3,1,3,2,1,19,0.19999998807907104,1,0,1,12.0,11.79631925884046,1.5,0.5,0.015941336750984192,0.029999999329447746,1.0,100.0,0.0,0.5833220481872559
1778,33040,2,34,0,OP3,FIXED_OPPONENT,train,SCRIPTED:OP3,0,2,3,-1,19,0.19999998807907104,1,0,4,11.0,10.678896452251234,-1.2000000476837158,-0.5,0.0060041844844818115,0.019999999552965164,-1.0,-100.0,-0.019999999552965164,-0.53987717628479
1779,33040,2,34,1,OP3,FIXED_OPPONENT,train,SCRIPTED:OP3,0,3,3,0,19,0.1599999964237213,1,0,3,12.0,10.091305381373354,-0.699999988079071,0.0,-0.010173633694648743,0.0,0.0,0.0,0.0,-0.1544894576072693
1780,33120,2,44,0,OP3,FIXED_OPPONENT,train,SCRIPTED:OP3,1,3,2,1,18,0.2800000011920929,1,0,0,11.0,11.535055372450087,1.5,0.0,-0.0067979320883750916,0.0,0.0,0.0,-0.019999999552965164,0.317413330078125
1781,33160,2,49,0,OP3,FIXED_OPPONENT,train,SCRIPTED:OP3,1,3,2,1,21,0.23999999463558197,1,0,15,12.0,9.314434959774925,1.5,0.5,0.005642510950565338,0.029999999329447746,1.0,100.0,-0.019999999552965164,0.5802608728408813
1782,33160,2,49,3,OP3,FIXED_OPPONENT,train,SCRIPTED:OP3,1,3,2,1,18,0.19999998807907104,1,0,3,11.0,10.16842312282986,1.5,0.5,0.01222895085811615,0.029999999329447746,1.0,100.0,0.0,0.5832785367965698
1783,33168,2,50,1,OP3,FIXED_OPPONENT,train,SCRIPTED:OP3,1,3,2,1,18,0.19999998807907104,1,0,2,12.0,11.365290323893229,1.5,1.0,-0.027277648448944092,0.029999999329447746,2.0,200.0,-0.019999999552965164,0.7597417235374451
1784,33168,2,50,2,OP3,FIXED_OPPONENT,train,SCRIPTED:OP3,0,2,3,-1,20,0.2800000011920929,1,0,1,12.0,10.119181823730468,-1.2000000476837158,-0.5,0.005148410797119141,0.0,-1.0,-100.0,-0.019999999552965164,-0.5401397943496704
1785,33168,2,50,2,OP3,FIXED_OPPONENT,train,SCRIPTED:OP3,0,2,3,-1,17,0.19999998807907104,1,0,2,11.0,10.245688045726103,-1.2000000476837158,-0.4000000059604645,0.005586400628089905,0.019999999552965164,-1.0,-100.0,0.0,-0.5207169055938721
1786,33184,2,52,3,OP3,FIXED_OPPONENT,train,SCRIPTED:OP3,0,2,3,-1,18,0.19999998807907104,1,0,1,11.0,10.465142991807726,-1.2000000476837158,-0.5,-0.004263296723365784,0.019999999552965164,-1.0,-100.0,0.0,-0.5368505120277405
1787,33192,2,53,1,OP3,FIXED_OPPONENT,train,SCRIPTED:OP3,0,2,3,-1,19,0.23999999463558197,1,0,6,12.0,9.756131623920641,-1.2000000476837158,-0.5,0.007414579391479492,0.019999999552965164,-1.0,-100.0,-0.019999999552965164,-0.5398593544960022
1788,33280,2,64,0,OP3,FIXED_OPPONENT,train,SCRIPTED:OP3,0,2,3,-1,20,0.3199999928474426,1,0,0,12.0,9.996435546875,-1.2000000476837158,0.0,-0.0012063086032867432,0.019999999552965164,0.0,0.0,-0.03999999910593033,-0.2684766948223114
1789,33304,2,67,1,OP3,FIXED_OPPONENT,train,SCRIPTED:OP3,0,2,3,-1,18,0.1599999964237213,1,0,1,11.0,11.06573486328125,-1.2000000476837158,-0.5,0.0027998685836791992,0.019999999552965164,-1.0,-100.0,0.0,-0.5367611646652222
1790,33312,2,68,3,OP3,FIXED_OPPONENT,train,SCRIPTED:OP3,1,3,2,1,18,0.19999998807907104,1,0,2,11.0,11.390534294976128,1.5,0.5,-0.012887492775917053,0.029999999329447746,1.0,100.0,0.0,0.5829838514328003
1791,33320,2,69,3,OP3,FIXED_OPPONENT,train,SCRIPTED:OP3,0,3,3,0,20,0.23999999463558197,1,0,7,12.0,10.046463775634766,-0.699999988079071,0.0,0.0018749982118606567,0.0,0.0,0.0,0.0,-0.15428034961223602
1792,33320,2,69,0,OP3,FIXED_OPPONENT,train,SCRIPTED:OP3,0,2,3,-1,19,0.35999998450279236,1,0,0,12.0,12.047881276983963,-1.2000000476837158,-0.5,-0.0036786943674087524,0.0,-1.0,-100.0,0.0,-0.5370961427688599
1793,33320,2,69,3,OP3,FIXED_OPPONENT,train,SCRIPTED:OP3,0,3,3,0,17,0.23999999463558197,1,0,1,11.0,9.048861335305606,-0.699999988079071,0.0,0.001292794942855835,0.0,0.0,0.0,0.0,-0.15429046750068665
1794,33320,2,69,2,OP3,FIXED_OPPONENT,train,SCRIPTED:OP3,0,2,3,-1,16,0.19999998807907104,1,0,2,12.0,9.99929141998291,-1.2000000476837158,-0.5,-0.0014955699443817139,0.019999999552965164,-1.0,-100.0,-0.019999999552965164,-0.5399715304374695
1795,33336,2,71,2,OP3,FIXED_OPPONENT,train,SCRIPTED:OP3,0,3,3,0,21,0.23999999463558197,1,0,1,14.0,11.321353004092263,-0.699999988079071,0.0,-0.00287666916847229,0.0,0.0,0.0,0.0,-0.15436282753944397
1796,33432,2,83,2,OP3,FIXED_OPPONENT,train,SCRIPTED:OP3,0,3,3,0,19,0.23999999463558197,1,0,3,12.0,10.524231760125412,-0.699999988079071,0.0,-0.005866214632987976,0.0,0.0,0.0,0.0,-0.15441469848155975
1797,33456,2,86,0,OP3,FIXED_OPPONENT,train,SCRIPTED:OP3,1,3,2,1,19,0.1599999964237213,1,0,2,12.0,10.963680066560444,1.5,0.5,-0.013681083917617798,0.029999999329447746,1.0,100.0,-0.019999999552965164,0.5800329446792603
1798,33456,2,86,1,OP3,FIXED_OPPONENT,train,SCRIPTED:OP3,0,2,3,-1,17,0.23999999463558197,1,0,2,11.0,10.620989631204043,-1.2000000476837158,0.5,-0.0033638477325439453,0.0,1.0,100.0,0.0,0.06650853157043457
1799,33464,2,87,2,OP3,FIXED_OPPONENT,train,SCRIPTED:OP3,0,2,3,-1,18,0.3199999928474426,1,0,2,11.0,11.33844248453776,-1.2000000476837158,-0.4000000059604645,-0.006216883659362793,0.0,-1.0,-100.0,0.0,-0.5211288928985596
1800,33464,2,87,2,OP3,FIXED_OPPONENT,train,SCRIPTED:OP3,1,3,2,1,19,0.19999998807907104,1,0,1,12.0,11.121970728824014,1.5,0.5,-0.008815035223960876,0.029999999329447746,1.0,100.0,0.0,0.5830315351486206
1801,33464,2,87,0,OP3,FIXED_OPPONENT,train,SCRIPTED:OP3,1,3,2,1,18,0.19999998807907104,1,0,4,11.0,9.902647230360243,1.5,0.5,-0.02454550564289093,0.029999999329447746,1.0,100.0,0.0,0.582846999168396
1802,33472,2,88,2,OP3,FIXED_OPPONENT,train,SCRIPTED:OP3,0,3,3,0,19,0.19999998807907104,1,0,5,11.0,10.023781224300986,-0.699999988079071,0.0,-0.005572386085987091,0.0,0.0,0.0,0.0,-0.15440961718559265
1803,33480,2,89,0,OP3,FIXED_OPPONENT,train,SCRIPTED:OP3,0,3,3,0,18,0.23999999463558197,1,0,3,11.0,10.19416724310981,-0.699999988079071,0.0,-0.009080365300178528,0.0,0.0,0.0,0.0,-0.15447047352790833
1804,33576,2,101,3,OP3,FIXED_OPPONENT,train,SCRIPTED:OP3,1,3,2,1,18,0.35999998450279236,1,0,1,11.0,10.011427137586805,1.5,0.0,-0.010418131947517395,0.0,0.0,0.0,-0.019999999552965164,0.3173554837703705
1805,33600,2,104,2,OP3,FIXED_OPPONENT,train,SCRIPTED:OP3,0,2,3,-1,17,0.23999999463558197,1,0,0,11.0,11.374773810891543,-1.2000000476837158,-0.4000000059604645,0.0022467374801635742,0.019999999552965164,-1.0,-100.0,0.0,-0.5207602381706238
1806,33600,2,104,1,OP3,FIXED_OPPONENT,train,SCRIPTED:OP3,1,3,2,1,18,0.19999998807907104,1,0,1,11.0,11.613575405544704,1.5,0.4000000059604645,1.811981201171875e-05,0.029999999329447746,1.0,100.0,0.0,0.5682795643806458
1807,33608,2,105,3,OP3,FIXED_OPPONENT,train,SCRIPTED:OP3,0,2,3,-1,17,0.2800000011920929,1,0,2,11.0,10.934073055491728,-1.2000000476837158,-0.5,0.012814238667488098,0.019999999552965164,-1.0,-100.0,-0.019999999552965164,-0.5397913455963135
1808,33608,2,105,3,OP3,FIXED_OPPONENT,train,SCRIPTED:OP3,1,3,2,1,19,0.19999998807907104,1,0,5,12.0,11.590278223941201,1.5,1.0,0.016847223043441772,0.029999999329447746,2.0,200.0,0.0,0.7619436979293823
1809,33608,2,105,0,OP3,FIXED_OPPONENT,train,SCRIPTED:OP3,1,3,2,1,18,0.19999998807907104,1,0,1,12.0,10.547078450520834,1.5,0.5,-0.0031115934252738953,0.029999999329447746,1.0,100.0,-0.019999999552965164,0.5801576375961304
1810,33624,2,107,0,OP3,FIXED_OPPONENT,train,SCRIPTED:OP3,0,2,3,-1,20,0.3199999928474426,0,1,2,13.0,11.183149719238282,-1.2000000476837158,0.0,0.005829572677612305,0.0,0.0,0.0,-0.019999999552965164,-0.26456204056739807
1811,33632,2,108,3,OP3,FIXED_OPPONENT,train,SCRIPTED:OP3,1,3,2,1,19,0.1599999964237213,1,0,1,12.0,10.722979093852796,1.5,0.5,-0.038100168108940125,0.029999999329447746,1.0,100.0,0.0,0.5826878547668457
1812,33728,2,120,1,OP3,FIXED_OPPONENT,train,SCRIPTED:OP3,0,1,3,-2,19,0.2800000011920929,1,0,5,12.0,10.070511667351974,-1.2000000476837158,-0.5,0.00325910747051239,0.019999999552965164,-1.0,-100.0,0.0,-0.5367553234100342
1813,33736,2,121,0,OP3,FIXED_OPPONENT,train,SCRIPTED:OP3,1,3,2,1,17,0.1599999964237213,1,0,0,11.0,12.281052533318014,1.5,0.0,-0.005666553974151611,0.0,0.0,0.0,0.0,0.32142236828804016
1814,33752,2,123,2,OP3,FIXED_OPPONENT,train,SCRIPTED:OP3,0,2,3,-1,18,0.23999999463558197,1,0,0,11.0,11.370184156629774,-1.2000000476837158,-0.4000000059604645,-0.005058169364929199,0.019999999552965164,-1.0,-100.0,-0.019999999552965164,-0.524086058139801
1815,33752,2,123,1,OP3,FIXED_OPPONENT,train,SCRIPTED:OP3,1,3,2,1,18,0.1599999964237213,1,0,1,12.0,10.213512844509548,1.5,0.5,0.0076000019907951355,0.029999999329447746,1.0,100.0,0.0,0.5832241773605347
1816,33752,2,123,0,OP3,FIXED_OPPONENT,train,SCRIPTED:OP3,1,3,2,1,19,0.23999999463558197,1,0,1,12.0,11.12196831954153,1.5,0.5,0.0034067556262016296,0.029999999329447746,1.0,100.0,0.0,0.583175003528595
1817,33760,2,124,3,OP3,FIXED_OPPONENT,train,SCRIPTED:OP3,1,3,2,1,19,0.2800000011920929,1,0,2,12.0,10.443083110608553,1.5,0.4000000059604645,0.007766276597976685,0.014999999664723873,1.0,100.0,0.0,0.5681922435760498
1818,33768,2,125,1,OP3,FIXED_OPPONENT,train,SCRIPTED:OP3,1,3,2,1,17,0.19999998807907104,1,0,1,12.0,11.533547794117647,1.5,0.5,0.008790180087089539,0.029999999329447746,1.0,100.0,0.0,0.5832381248474121
1819,33768,2,125,2,OP3,FIXED_OPPONENT,train,SCRIPTED:OP3,0,2,3,-1,18,0.3199999928474426,1,0,0,12.0,11.82916514078776,-1.2000000476837158,-0.5,0.01569470763206482,0.0,-1.0,-100.0,0.0,-0.5368510484695435
1820,33872,2,138,0,OP3,FIXED_OPPONENT,train,SCRIPTED:OP3,0,2,3,-1,18,0.11999999731779099,1,0,3,11.0,10.161981370713976,-1.2000000476837158,0.0,-0.005726933479309082,0.0,0.0,0.0,0.0,-0.26061534881591797
1821,33888,2,140,3,OP3,FIXED_OPPONENT,train,SCRIPTED:OP3,0,2,3,-1,19,0.19999998807907104,1,0,1,11.0,10.923582378186678,-1.2000000476837158,-0.5,-0.002050235867500305,0.019999999552965164,-1.0,-100.0,0.0,-0.5368225574493408
1822,33896,2,141,3,OP3,FIXED_OPPONENT,train,SCRIPTED:OP3,1,3,2,1,18,0.3199999928474426,1,0,4,11.0,10.332296583387587,1.5,0.5,-0.017706885933876038,0.029999999329447746,1.0,100.0,0.0,0.5829272270202637
1823,33896,2,141,3,OP3,FIXED_OPPONENT,train,SCRIPTED:OP3,0,2,3,-1,18,0.23999999463558197,1,0,0,11.0,11.236503601074219,-1.2000000476837158,-0.4000000059604645,-0.009508118033409119,0.019999999552965164,-1.0,-100.0,0.0,-0.5209124684333801
1824,33896,2,141,0,OP3,FIXED_OPPONENT,train,SCRIPTED:OP3,0,2,3,-1,18,0.23999999463558197,1,0,0,11.0,9.05422634548611,-1.2000000476837158,-0.4000000059604645,-0.009330421686172485,0.0,-1.0,-100.0,-0.019999999552965164,-0.5243989825248718
1825,33904,2,142,2,OP3,FIXED_OPPONENT,train,SCRIPTED:OP3,1,3,2,1,18,0.2800000011920929,1,0,1,11.0,10.452668931749132,1.5,0.5,-0.02843061089515686,0.029999999329447746,1.0,100.0,0.0,0.582801342010498
1826,33912,2,143,1,OP3,FIXED_OPPONENT,train,SCRIPTED:OP3,0,2,3,-1,18,0.23999999463558197,1,0,1,11.0,10.794243706597221,-1.2000000476837158,-0.5,0.00021910667419433594,0.019999999552965164,-1.0,-100.0,0.0,-0.5367938280105591
1827,33920,2,144,0,OP3,FIXED_OPPONENT,train,SCRIPTED:OP3,1,3,2,1,19,0.23999999463558197,1,0,1,11.0,10.735840646844162,1.5,0.5,-0.008509770035743713,0.029999999329447746,1.0,100.0,0.0,0.5830352306365967
1828,34016,2,156,2,OP3,FIXED_OPPONENT,train,SCRIPTED:OP3,1,3,2,1,18,0.19999998807907104,1,0,1,11.0,10.185173882378471,1.5,0.4000000059604645,-0.007099077105522156,0.029999999329447746,1.0,100.0,0.0,0.5681938529014587
1829,34040,2,159,0,OP3,FIXED_OPPONENT,train,SCRIPTED:OP3,0,3,3,0,19,0.19999998807907104,1,0,5,12.0,10.200049149362664,-0.699999988079071,0.0,-0.00917784869670868,0.0,0.0,0.0,0.0,-0.15447217226028442
1830,34040,2,159,3,OP3,FIXED_OPPONENT,train,SCRIPTED:OP3,0,2,3,-1,18,0.11999999731779099,1,0,4,11.0,9.871378580729166,-1.2000000476837158,-0.5,-0.0027403831481933594,0.019999999552965164,-1.0,-100.0,-0.019999999552965164,-0.5399872660636902
1831,34040,2,159,2,OP3,FIXED_OPPONENT,train,SCRIPTED:OP3,0,2,3,-1,18,0.23999999463558197,1,0,0,11.0,11.342765808105469,-1.2000000476837158,-0.5,-0.012315824627876282,0.019999999552965164,-1.0,-100.0,0.0,-0.5369523763656616
1832,34048,2,160,3,OP3,FIXED_OPPONENT,train,SCRIPTED:OP3,0,2,3,-1,18,0.3199999928474426,1,0,2,11.0,10.952276441786024,-1.2000000476837158,-0.4000000059604645,-0.006637319922447205,0.0,-1.0,-100.0,0.0,-0.5211343765258789
1833,34056,2,161,2,OP3,FIXED_OPPONENT,train,SCRIPTED:OP3,1,3,2,1,18,0.2800000011920929,1,0,1,11.0,10.275403340657553,1.5,0.0,-0.0003843456506729126,0.0,0.0,0.0,0.0,0.3215065598487854
1834,34064,2,162,1,OP3,FIXED_OPPONENT,train,SCRIPTED:OP3,0,3,3,0,21,0.19999998807907104,1,0,1,13.0,10.83103506905692,-0.699999988079071,0.0,-0.009686797857284546,0.0,0.0,0.0,0.0,-0.15448100864887238
1835,34072,2,163,0,OP3,FIXED_OPPONENT,train,SCRIPTED:OP3,1,3,1,2,19,0.2800000011920929,1,0,6,13.0,9.845491911235609,1.5,0.5,-0.041630566120147705,0.029999999329447746,1.0,100.0,0.0,0.582646369934082
1836,34160,2,174,1,OP3,FIXED_OPPONENT,train,SCRIPTED:OP3,1,3,2,1,18,0.2800000011920929,1,0,1,11.0,11.662057664659288,1.5,0.5,-0.03167185187339783,0.029999999329447746,1.0,100.0,-0.019999999552965164,0.5798206329345703
1837,34168,2,175,0,OP3,FIXED_OPPONENT,train,SCRIPTED:OP3,0,2,3,-1,16,0.23999999463558197,1,0,0,11.0,11.465896606445312,-1.2000000476837158,0.0,-0.00535091757774353,0.0,0.0,0.0,-0.019999999552965164,-0.26474690437316895
1838,34192,2,178,1,OP3,FIXED_OPPONENT,train,SCRIPTED:OP3,1,3,2,1,19,0.2800000011920929,1,0,4,12.0,10.698043020148026,1.5,0.5,-0.037129491567611694,0.029999999329447746,1.0,100.0,0.0,0.5826992392539978
1839,34192,2,178,0,OP3,FIXED_OPPONENT,train,SCRIPTED:OP3,1,3,2,1,19,0.3199999928474426,1,0,4,12.0,9.10993074115954,1.5,0.4000000059604645,0.00029565393924713135,0.02499999850988388,1.0,100.0,0.0,0.5682227611541748
1840,34192,2,178,0,OP3,FIXED_OPPONENT,train,SCRIPTED:OP3,1,3,2,1,18,0.3999999761581421,1,0,3,11.0,9.705430772569445,1.5,0.0,0.003943547606468201,0.0,0.0,0.0,-0.019999999552965164,0.3175850510597229
1841,34224,2,182,2,OP3,FIXED_OPPONENT,train,SCRIPTED:OP3,1,3,2,1,20,0.19999998807907104,1,0,3,13.0,10.661051940917968,1.5,0.5,-0.02205924689769745,0.029999999329447746,1.0,100.0,-0.019999999552965164,0.5799340009689331
1842,34224,2,182,1,OP3,FIXED_OPPONENT,train,SCRIPTED:OP3,1,3,2,1,19,0.11999999731779099,1,0,2,12.0,11.530571385433799,1.5,1.0,-0.002964407205581665,0.029999999329447746,2.0,200.0,0.0,0.7617959380149841
1843,34224,2,182,2,OP3,FIXED_OPPONENT,train,SCRIPTED:OP3,0,3,3,0,21,0.23999999463558197,1,0,7,14.0,10.613560994466146,-0.699999988079071,0.0,0.00632718950510025,0.0,0.0,0.0,0.0,-0.15420310199260712
1844,34288,2,190,3,OP3,FIXED_OPPONENT,train,SCRIPTED:OP3,1,3,2,1,16,0.2800000011920929,1,0,2,12.0,9.527262687683105,1.5,0.0,-0.010004132986068726,0.0,0.0,0.0,-0.019999999552965164,0.31736207008361816
1845,34320,2,194,1,OP3,FIXED_OPPONENT,train,SCRIPTED:OP3,0,3,3,0,19,0.23999999463558197,1,0,7,12.0,9.610057630037007,-0.699999988079071,0.0,0.0010570511221885681,0.0,0.0,0.0,-0.019999999552965164,-0.15863019227981567
1846,34336,2,196,3,OP3,FIXED_OPPONENT,train,SCRIPTED:OP3,1,3,2,1,18,0.2800000011920929,1,0,0,11.0,11.371888902452257,1.5,0.0,-0.009880796074867249,0.0,0.0,0.0,0.0,0.3213551938533783
1847,34336,2,196,3,OP3,FIXED_OPPONENT,train,SCRIPTED:OP3,1,3,2,1,18,0.3199999928474426,1,0,2,11.0,9.227582295735678,1.5,0.5,-0.009035035967826843,0.02499999850988388,1.0,100.0,0.0,0.582970380783081
1848,34368,2,200,1,OP3,FIXED_OPPONENT,train,SCRIPTED:OP3,1,3,2,1,18,0.1599999964237213,1,0,2,11.0,10.375590006510416,1.5,0.5,-0.02460920810699463,0.029999999329447746,1.0,100.0,0.0,0.5828462839126587
1849,34368,2,200,1,OP3,FIXED_OPPONENT,train,SCRIPTED:OP3,1,3,2,1,18,0.2800000011920929,1,0,5,11.0,10.822095235188803,1.5,0.5,-0.023397743701934814,0.029999999329447746,1.0,100.0,-0.019999999552965164,0.5799182653427124
1850,34368,2,200,1,OP3,FIXED_OPPONENT,train,SCRIPTED:OP3,1,3,2,1,18,0.19999998807907104,1,0,0,11.0,11.377088758680555,1.5,0.5,0.0004820823669433594,0.029999999329447746,1.0,100.0,0.0,0.5831407308578491
1851,34368,2,200,0,OP3,FIXED_OPPONENT,train,SCRIPTED:OP3,0,3,3,0,22,0.23999999463558197,1,0,1,12.0,11.305996981534092,-0.699999988079071,0.0,-0.0055479854345321655,0.0,0.0,0.0,0.0,-0.15440917015075684
1852,34456,2,211,1,OP3,FIXED_OPPONENT,train,SCRIPTED:OP3,0,3,3,0,21,0.19999998807907104,1,0,8,14.0,8.689463297526041,-0.699999988079071,0.0,0.008106812834739685,0.0,0.0,0.0,0.0,-0.15417221188545227
1853,34456,2,211,3,OP3,FIXED_OPPONENT,train,SCRIPTED:OP3,1,3,2,1,17,0.19999998807907104,1,0,1,11.0,13.199477251838236,1.5,0.5,-0.002393871545791626,0.029999999329447746,1.0,100.0,0.0,0.5831069946289062
1854,34480,2,214,2,OP3,FIXED_OPPONENT,train,SCRIPTED:OP3,1,3,2,1,18,0.23999999463558197,1,0,0,11.0,9.824893527560764,1.5,0.5,-0.0009263008832931519,0.02499999850988388,1.0,100.0,0.0,0.5830655097961426
1855,34480,2,214,0,OP3,FIXED_OPPONENT,train,SCRIPTED:OP3,1,3,2,1,18,0.19999998807907104,1,0,1,11.0,11.361396789550781,1.5,0.5,-0.022683896124362946,0.029999999329447746,1.0,100.0,0.0,0.5828688144683838
1856,34512,2,218,1,OP3,FIXED_OPPONENT,train,SCRIPTED:OP3,0,2,3,-1,18,0.1599999964237213,1,0,1,11.0,9.696573893229166,-1.2000000476837158,-0.4000000059604645,0.005893081426620483,0.019999999552965164,-1.0,-100.0,0.0,-0.5207129716873169
1857,34512,2,218,3,OP3,FIXED_OPPONENT,train,SCRIPTED:OP3,1,3,2,1,18,0.07999999821186066,0,1,4,12.0,10.753076341417101,1.5,0.5,-0.002166956663131714,0.029999999329447746,1.0,100.0,0.0,0.5831096172332764
1858,34520,2,219,2,OP3,FIXED_OPPONENT,train,SCRIPTED:OP3,1,3,2,1,19,0.35999998450279236,1,0,4,12.0,10.050996479235197,1.5,0.5,-0.014115631580352783,0.014999999664723873,1.0,100.0,0.0,0.5827933549880981
1859,34520,2,219,3,OP3,FIXED_OPPONENT,train,SCRIPTED:OP3,0,3,3,0,19,0.2800000011920929,1,0,0,12.0,11.428848266601562,-0.699999988079071,0.0,0.005872979760169983,0.0,0.0,0.0,-0.019999999552965164,-0.15854671597480774
1860,34584,2,227,2,OP3,FIXED_OPPONENT,train,SCRIPTED:OP3,1,3,2,1,16,0.1599999964237213,1,0,5,11.0,9.930480003356934,1.5,0.5,-0.024437017738819122,0.029999999329447746,1.0,100.0,-0.019999999552965164,0.5799059867858887
1861,34608,2,230,1,OP3,FIXED_OPPONENT,train,SCRIPTED:OP3,0,2,3,-1,19,0.19999998807907104,1,0,0,11.0,10.550193385074014,-1.2000000476837158,-0.5,0.010085999965667725,0.019999999552965164,-1.0,-100.0,0.0,-0.5366689562797546
1862,34624,2,232,1,OP3,FIXED_OPPONENT,train,SCRIPTED:OP3,0,2,3,-1,18,0.1599999964237213,1,0,0,11.0,11.384924994574654,-1.2000000476837158,-0.5,0.0052643269300460815,0.019999999552965164,-1.0,-100.0,0.0,-0.5367299914360046
1863,34632,2,233,3,OP3,FIXED_OPPONENT,train,SCRIPTED:OP3,0,2,3,-1,19,0.11999999731779099,1,0,5,12.0,9.827288978978208,-1.2000000476837158,-0.5,0.006974667310714722,0.019999999552965164,-1.0,-100.0,0.0,-0.5367083549499512
1864,34656,2,236,3,OP3,FIXED_OPPONENT,train,SCRIPTED:OP3,0,3,3,0,18,0.1599999964237213,1,0,0,11.0,11.667444864908854,-0.699999988079071,0.0,0.003780066967010498,0.0,0.0,0.0,0.0,-0.15424728393554688
1865,34656,2,236,2,OP3,FIXED_OPPONENT,train,SCRIPTED:OP3,0,2,3,-1,18,0.19999998807907104,1,0,3,12.0,10.405460781521267,-1.2000000476837158,-0.4000000059604645,0.00353202223777771,0.019999999552965164,-1.0,-100.0,0.0,-0.5207435488700867
1866,34664,2,237,1,OP3,FIXED_OPPONENT,train,SCRIPTED:OP3,1,3,2,1,18,0.19999998807907104,1,0,4,12.0,8.85282474093967,1.5,0.4000000059604645,-0.010251268744468689,0.029999999329447746,1.0,100.0,0.0,0.5681559443473816
1867,34672,2,238,1,OP3,FIXED_OPPONENT,train,SCRIPTED:OP3,1,3,2,1,19,0.23999999463558197,1,0,2,12.0,10.34279431794819,1.5,0.5,-0.013053417205810547,0.014999999664723873,1.0,100.0,0.0,0.5828057527542114
1868,34744,2,247,0,OP3,FIXED_OPPONENT,train,SCRIPTED:OP3,1,3,2,1,20,0.2800000011920929,1,0,3,11.0,9.506787109375,1.5,0.5,-0.02970212697982788,0.029999999329447746,1.0,100.0,-0.019999999552965164,0.5798438787460327
1869,34744,2,247,2,OP3,FIXED_OPPONENT,train,SCRIPTED:OP3,0,2,3,-1,15,0.11999999731779099,1,0,1,11.0,11.342031860351563,-1.2000000476837158,-0.5,0.006924480199813843,0.019999999552965164,-1.0,-100.0,0.0,-0.5367089509963989
1870,34760,2,249,3,OP3,FIXED_OPPONENT,train,SCRIPTED:OP3,1,3,2,1,19,0.23999999463558197,1,0,1,12.0,9.297564054790296,1.5,0.4000000059604645,-0.0053970664739608765,0.014999999664723873,1.0,100.0,0.0,0.568033754825592
1871,34776,2,251,2,OP3,FIXED_OPPONENT,train,SCRIPTED:OP3,0,3,3,0,18,0.1599999964237213,1,0,3,11.0,10.200382656521267,-0.699999988079071,0.0,0.008839532732963562,0.0,0.0,0.0,-0.019999999552965164,-0.15849530696868896
1872,34792,2,253,0,OP3,FIXED_OPPONENT,train,SCRIPTED:OP3,1,3,2,1,17,0.1599999964237213,1,0,1,11.0,11.613928402171416,1.5,0.4000000059604645,0.00044240057468414307,0.029999999329447746,1.0,100.0,0.0,0.5682846307754517
1873,34800,2,254,0,OP3,FIXED_OPPONENT,train,SCRIPTED:OP3,0,3,3,0,18,0.2800000011920929,1,0,5,11.0,10.229298061794704,-0.699999988079071,0.5,0.0066519975662231445,0.0,1.0,100.0,0.0,0.17604286968708038
1874,34808,2,255,1,OP3,FIXED_OPPONENT,train,SCRIPTED:OP3,1,3,2,1,18,0.23999999463558197,1,0,5,11.0,10.58008066813151,1.5,0.5,-0.0049674659967422485,0.029999999329447746,1.0,100.0,0.0,0.5830767154693604
1875,34824,2,257,3,OP3,FIXED_OPPONENT,train,SCRIPTED:OP3,1,3,2,1,19,0.19999998807907104,1,0,5,13.0,9.98552824321546,1.5,0.5,-0.024941280484199524,0.014999999664723873,1.0,100.0,0.0,0.5826661586761475
1876,34888,2,265,1,OP3,FIXED_OPPONENT,train,SCRIPTED:OP3,1,3,2,1,18,0.23999999463558197,1,0,2,11.0,9.85910373263889,1.5,0.4000000059604645,0.0048264265060424805,0.014999999664723873,1.0,100.0,0.0,0.5681568384170532
1877,34896,2,266,0,OP3,FIXED_OPPONENT,train,SCRIPTED:OP3,1,3,2,1,19,0.11999999731779099,1,0,4,12.0,11.132026270816201,1.5,0.5,-0.031059935688972473,0.029999999329447746,1.0,100.0,0.0,0.5827704668045044
1878,34904,2,267,3,OP3,FIXED_OPPONENT,train,SCRIPTED:OP3,0,2,3,-1,18,0.35999998450279236,1,0,3,11.0,10.143347846137154,-1.2000000476837158,-0.4000000059604645,-0.009793922305107117,0.0,-1.0,-100.0,0.0,-0.52117520570755
1879,34920,2,269,2,OP3,FIXED_OPPONENT,train,SCRIPTED:OP3,1,3,2,1,18,0.19999998807907104,0,1,8,12.0,9.337638007269966,1.5,0.5,-0.012948378920555115,0.029999999329447746,1.0,100.0,0.0,0.582983136177063
1880,34936,2,271,0,OP3,FIXED_OPPONENT,train,SCRIPTED:OP3,1,3,2,1,17,0.23999999463558197,1,0,3,11.0,9.206896613625918,1.5,0.5,-0.014876678586006165,0.02499999850988388,1.0,100.0,0.0,0.5829017162322998
1881,34944,2,272,1,OP3,FIXED_OPPONENT,train,SCRIPTED:OP3,1,3,2,1,19,0.2800000011920929,1,0,0,12.0,10.143105757863898,1.5,0.0,-0.010583177208900452,0.0,0.0,0.0,0.0,0.3213440179824829
1882,34968,2,275,0,OP3,FIXED_OPPONENT,train,SCRIPTED:OP3,0,3,3,0,18,0.19999998807907104,1,0,3,11.0,10.200592041015625,-0.699999988079071,0.0,-0.008121691644191742,0.0,0.0,0.0,0.0,-0.154453843832016
1883,34984,2,277,2,OP3,FIXED_OPPONENT,train,SCRIPTED:OP3,1,3,2,1,22,0.3199999928474426,1,0,1,14.0,8.493498368696732,1.5,0.5,-0.0019482821226119995,0.014999999664723873,1.0,100.0,0.0,0.5829361081123352
1884,35024,2,282,2,OP3,FIXED_OPPONENT,train,SCRIPTED:OP3,0,2,3,-1,17,0.2800000011920929,1,0,2,11.0,10.628577737247243,-1.2000000476837158,-0.4000000059604645,-0.001982659101486206,0.019999999552965164,-1.0,-100.0,0.0,-0.5208150148391724
1885,35040,2,284,3,OP3,FIXED_OPPONENT,train,SCRIPTED:OP3,0,2,3,-1,18,0.23999999463558197,1,0,0,11.0,11.960213555230034,-1.2000000476837158,-0.4000000059604645,0.006876304745674133,0.0,-1.0,-100.0,0.0,-0.5209593176841736
1886,35064,2,287,0,OP3,FIXED_OPPONENT,train,SCRIPTED:OP3,0,2,3,-1,20,0.3199999928474426,1,0,7,13.0,10.328191375732422,-1.2000000476837158,-0.5,-0.0005823671817779541,0.019999999552965164,-1.0,-100.0,-0.019999999552965164,-0.5399601459503174
1887,35064,2,287,1,OP3,FIXED_OPPONENT,train,SCRIPTED:OP3,1,3,2,1,18,0.23999999463558197,1,0,0,11.0,10.431284586588541,1.5,0.5,-0.018639713525772095,0.014999999664723873,1.0,100.0,-0.019999999552965164,0.5797973871231079
1888,35080,2,289,3,OP3,FIXED_OPPONENT,train,SCRIPTED:OP3,1,3,2,1,18,0.23999999463558197,1,0,3,11.0,9.663987901475695,1.5,0.4000000059604645,0.004854112863540649,0.029999999329447746,1.0,100.0,-0.019999999552965164,0.5653212070465088
1889,35104,2,292,0,OP3,FIXED_OPPONENT,train,SCRIPTED:OP3,1,3,2,1,17,0.11999999731779099,1,0,2,11.0,10.722278370576745,1.5,0.0,0.008098602294921875,0.0,0.0,0.0,-0.019999999552965164,0.3176514506340027
1890,35112,2,293,2,OP3,FIXED_OPPONENT,train,SCRIPTED:OP3,0,3,3,0,21,0.1599999964237213,1,0,5,14.0,9.171620686848959,-0.699999988079071,0.0,-0.004074499011039734,0.0,0.0,0.0,0.0,-0.1543836146593094
1891,35128,2,295,2,OP3,FIXED_OPPONENT,train,SCRIPTED:OP3,0,2,3,-1,18,0.23999999463558197,1,0,6,11.0,10.829038831922743,-1.2000000476837158,-0.5,-0.0010767430067062378,0.019999999552965164,-1.0,-100.0,0.0,-0.5368102192878723
1892,35144,2,297,2,OP3,FIXED_OPPONENT,train,SCRIPTED:OP3,0,2,3,-1,15,0.23999999463558197,1,0,4,11.0,9.082444254557291,-1.2000000476837158,-0.5,-0.013665646314620972,0.0,-1.0,-100.0,-0.019999999552965164,-0.5403766632080078
1893,35184,2,302,1,OP3,FIXED_OPPONENT,train,SCRIPTED:OP3,1,3,2,1,18,0.2800000011920929,1,0,4,11.0,9.918080647786459,1.5,0.4000000059604645,0.00835464894771576,0.029999999329447746,1.0,100.0,0.0,0.5683798789978027
1894,35200,2,304,0,OP3,FIXED_OPPONENT,train,SCRIPTED:OP3,1,3,2,1,17,0.11999999731779099,1,0,3,11.0,9.967402738683363,1.5,0.4000000059604645,0.0001087486743927002,0.029999999329447746,1.0,100.0,-0.019999999552965164,0.5652638673782349
1895,35200,2,304,1,OP3,FIXED_OPPONENT,train,SCRIPTED:OP3,1,3,1,2,17,0.23999999463558197,1,0,1,11.0,10.333430570714613,1.5,0.5,0.010174110531806946,0.014999999664723873,1.0,100.0,0.0,0.5830783843994141
1896,35240,2,309,0,OP3,FIXED_OPPONENT,train,SCRIPTED:OP3,1,3,2,1,20,0.1599999964237213,1,0,2,14.0,10.780908203125,1.5,0.5,-0.0071594566106796265,0.029999999329447746,1.0,100.0,-0.019999999552965164,0.5801098346710205
1897,35248,2,310,2,OP3,FIXED_OPPONENT,train,SCRIPTED:OP3,0,2,3,-1,17,0.23999999463558197,1,0,0,11.0,8.811968635110293,-1.2000000476837158,-0.4000000059604645,-0.00678899884223938,0.0,-1.0,-100.0,0.0,-0.5211362838745117
1898,35256,2,311,2,OP3,FIXED_OPPONENT,train,SCRIPTED:OP3,0,3,3,0,19,0.19999998807907104,1,0,1,12.0,11.43819788882607,-0.699999988079071,0.0,-0.008761689066886902,0.0,0.0,0.0,0.0,-0.1544649600982666
1899,35264,2,312,0,OP3,FIXED_OPPONENT,train,SCRIPTED:OP3,0,2,3,-1,17,0.23999999463558197,1,0,1,11.0,10.961616964901195,-1.2000000476837158,-0.4000000059604645,-0.010075479745864868,0.0,-1.0,-100.0,0.0,-0.5211789011955261
1900,35296,2,316,2,OP3,FIXED_OPPONENT,train,SCRIPTED:OP3,0,3,3,0,19,0.35999998450279236,1,0,4,12.0,9.830900493421053,-0.699999988079071,0.0,-0.010254889726638794,0.0,0.0,0.0,0.0,-0.1544908583164215
1901,35336,2,321,2,OP3,FIXED_OPPONENT,train,SCRIPTED:OP3,1,3,2,1,19,0.3199999928474426,1,0,3,12.0,10.560564543071546,1.5,0.5,-0.028262406587600708,0.029999999329447746,1.0,100.0,0.0,0.5828033685684204
1902,35344,2,322,2,OP3,FIXED_OPPONENT,train,SCRIPTED:OP3,1,3,2,1,18,0.2800000011920929,1,0,0,11.0,9.826120164659288,1.5,0.5,-0.020445331931114197,0.014999999664723873,1.0,100.0,0.0,0.5827189683914185
1903,35352,2,323,2,OP3,FIXED_OPPONENT,train,SCRIPTED:OP3,1,3,2,1,19,0.3199999928474426,1,0,2,12.0,9.966055619089227,1.5,0.0,-0.007651031017303467,0.0,0.0,0.0,0.0,0.32139071822166443
1904,35368,2,325,2,OP3,FIXED_OPPONENT,train,SCRIPTED:OP3,1,3,1,2,16,0.2800000011920929,1,0,0,11.0,11.882657051086426,1.5,0.4000000059604645,0.008695870637893677,0.014999999664723873,1.0,100.0,-0.019999999552965164,0.5651862621307373
1905,35400,2,329,3,OP3,FIXED_OPPONENT,train,SCRIPTED:OP3,1,3,2,1,18,0.23999999463558197,1,0,1,11.0,11.303041246202257,1.5,0.5,-0.02233681082725525,0.029999999329447746,1.0,100.0,0.0,0.5828728675842285
1906,35408,2,330,1,OP3,FIXED_OPPONENT,train,SCRIPTED:OP3,1,3,2,1,20,0.23999999463558197,1,0,3,13.0,10.459484100341797,1.5,0.5,-0.014591336250305176,0.029999999329447746,1.0,100.0,-0.019999999552965164,0.5800222158432007
1907,35432,2,333,1,OP3,FIXED_OPPONENT,train,SCRIPTED:OP3,0,2,3,-1,21,0.23999999463558197,1,0,0,14.0,11.565396990094866,-1.2000000476837158,-0.5,-0.0029402822256088257,0.0,-1.0,-100.0,0.0,-0.5370867252349854
1908,35464,2,337,3,OP3,FIXED_OPPONENT,train,SCRIPTED:OP3,0,2,3,-1,21,0.2800000011920929,1,0,3,14.0,9.434357416062127,-1.2000000476837158,-0.5,0.015487581491470337,0.0,-1.0,-100.0,0.0,-0.5368536710739136
1909,35480,2,339,3,OP3,FIXED_OPPONENT,train,SCRIPTED:OP3,0,2,3,-1,18,0.2800000011920929,1,0,1,12.0,10.266474405924479,-1.2000000476837158,-0.5,-0.0033894479274749756,0.0,-1.0,-100.0,0.0,-0.5370924472808838
1910,35480,2,339,0,OP3,FIXED_OPPONENT,train,SCRIPTED:OP3,1,3,2,1,17,0.19999998807907104,0,1,4,11.0,10.65374127556296,1.5,0.5,-0.0023701488971710205,0.029999999329447746,1.0,100.0,-0.019999999552965164,0.5801663398742676
1911,35496,2,341,2,OP3,FIXED_OPPONENT,train,SCRIPTED:OP3,0,2,3,-1,18,0.2800000011920929,1,0,1,11.0,9.608452690972221,-1.2000000476837158,-0.5,0.009543448686599731,0.0,-1.0,-100.0,0.0,-0.5369289517402649
1912,35512,2,343,3,OP3,FIXED_OPPONENT,train,SCRIPTED:OP3,1,3,2,1,18,0.23999999463558197,1,0,0,11.0,12.054441663953993,1.5,0.4000000059604645,-0.0013167709112167358,0.014999999664723873,1.0,100.0,0.0,0.5680829286575317
1913,35544,2,347,0,OP3,FIXED_OPPONENT,train,SCRIPTED:OP3,1,3,2,1,18,0.19999998807907104,1,0,0,12.0,12.269708421495226,1.5,0.0,0.004016153514385223,0.0,0.0,0.0,0.0,0.32157671451568604
1914,35560,2,349,1,OP3,FIXED_OPPONENT,train,SCRIPTED:OP3,0,1,3,-2,19,0.19999998807907104,1,0,2,12.0,9.79647425601357,-1.2000000476837158,-0.5,0.009004414081573486,0.019999999552965164,-1.0,-100.0,0.0,-0.5366826057434082
1915,35568,2,350,0,OP3,FIXED_OPPONENT,train,SCRIPTED:OP3,1,3,1,2,17,0.23999999463558197,1,0,4,13.0,10.106764849494486,1.5,0.5,-0.016688644886016846,0.014999999664723873,1.0,100.0,0.0,0.582763135433197
1916,35592,2,353,1,OP3,FIXED_OPPONENT,train,SCRIPTED:OP3,1,3,2,1,16,0.11999999731779099,1,0,0,11.0,11.054521560668945,1.5,0.0,-0.009048543870449066,0.0,0.0,0.0,-0.03999999910593033,0.31337499618530273
1917,35616,2,356,1,OP3,FIXED_OPPONENT,train,SCRIPTED:OP3,1,3,1,2,17,0.3999999761581421,1,0,3,11.0,9.355188706341911,1.5,0.5,-0.005386218428611755,0.02499999850988388,1.0,100.0,0.0,0.5830131769180298
1918,35624,2,357,0,OP3,FIXED_OPPONENT,train,SCRIPTED:OP3,0,3,3,0,18,0.19999998807907104,1,0,3,11.0,10.26343027750651,-0.699999988079071,0.5,0.007416330277919769,0.0,1.0,100.0,0.0,0.17605604231357574
1919,35640,2,359,0,OP3,FIXED_OPPONENT,train,SCRIPTED:OP3,1,3,2,1,18,0.23999999463558197,1,0,1,11.0,10.915637546115452,1.5,0.5,-0.004053756594657898,0.014999999664723873,1.0,100.0,-0.019999999552965164,0.5799695253372192
1920,35656,2,361,1,OP3,FIXED_OPPONENT,train,SCRIPTED:OP3,0,3,3,0,18,0.19999998807907104,1,0,0,12.0,11.342762417263454,-0.699999988079071,0.0,0.004320517182350159,0.0,0.0,0.0,0.0,-0.15423792600631714
1921,35696,2,366,1,OP3,FIXED_OPPONENT,train,SCRIPTED:OP3,1,3,2,1,19,0.19999998807907104,1,0,1,12.0,10.329566554019326,1.5,0.5,-0.0006250590085983276,0.014999999664723873,1.0,100.0,0.0,0.5829516649246216
1922,35712,2,368,1,OP3,FIXED_OPPONENT,train,SCRIPTED:OP3,1,3,2,1,18,0.3199999928474426,1,0,3,11.0,10.275232950846354,1.5,0.4000000059604645,0.007392033934593201,0.014999999664723873,1.0,100.0,-0.019999999552965164,0.5651705265045166
1923,35736,2,371,0,OP3,FIXED_OPPONENT,train,SCRIPTED:OP3,1,3,2,1,22,0.2800000011920929,1,0,2,15.0,11.349198081276633,1.5,0.5,-0.024085134267807007,0.029999999329447746,1.0,100.0,0.0,0.5828523635864258
1924,35752,2,373,2,OP3,FIXED_OPPONENT,train,SCRIPTED:OP3,0,2,3,-1,20,0.23999999463558197,1,0,3,12.0,11.032794952392578,-1.2000000476837158,-0.5,-0.006060883402824402,0.0,-1.0,-100.0,-0.019999999552965164,-0.5402808785438538
1925,35760,2,374,3,OP3,FIXED_OPPONENT,train,SCRIPTED:OP3,1,3,2,1,18,0.35999998450279236,1,0,2,11.0,9.551216973198784,1.5,0.4000000059604645,-0.008883535861968994,0.029999999329447746,1.0,100.0,0.0,0.5681724548339844
1926,35776,2,376,1,OP3,FIXED_OPPONENT,train,SCRIPTED:OP3,0,2,3,-1,19,0.19999998807907104,1,0,1,12.0,9.853522852847451,-1.2000000476837158,-0.5,0.005705937743186951,0.019999999552965164,-1.0,-100.0,-0.019999999552965164,-0.5398808717727661
1927,35800,2,379,0,OP3,FIXED_OPPONENT,train,SCRIPTED:OP3,1,3,2,1,18,0.23999999463558197,1,0,4,11.0,10.126822577582466,1.5,0.4000000059604645,0.005115896463394165,0.014999999664723873,1.0,100.0,0.0,0.5681604146957397
1928,35800,2,379,3,OP3,FIXED_OPPONENT,train,SCRIPTED:OP3,1,3,2,1,20,0.2800000011920929,1,0,5,13.0,11.003266906738281,1.5,0.5,-0.012234210968017578,0.029999999329447746,1.0,100.0,-0.03999999910593033,0.5770933032035828
1929,35848,2,385,3,OP3,FIXED_OPPONENT,train,SCRIPTED:OP3,1,3,1,2,19,0.2800000011920929,1,0,2,12.0,10.623931081671463,1.5,0.5,-0.030117273330688477,0.029999999329447746,1.0,100.0,0.0,0.5827815532684326
1930,35872,2,388,2,OP3,FIXED_OPPONENT,train,SCRIPTED:OP3,1,3,2,1,20,0.3199999928474426,1,0,3,13.0,9.724957275390626,1.5,0.5,0.029641449451446533,0.014999999664723873,1.0,100.0,-0.019999999552965164,0.5803669691085815
1931,35880,2,389,3,OP3,FIXED_OPPONENT,train,SCRIPTED:OP3,1,3,2,1,18,0.2800000011920929,1,0,4,11.0,9.536645677354601,1.5,0.5,-0.011011525988578796,0.029999999329447746,1.0,100.0,0.0,0.5830057859420776
1932,35904,2,392,2,OP3,FIXED_OPPONENT,train,SCRIPTED:OP3,0,2,3,-1,19,0.19999998807907104,1,0,2,12.0,10.334834048622533,-1.2000000476837158,-0.5,-0.007550358772277832,0.0,-1.0,-100.0,0.0,-0.5371450185775757
1933,35920,2,394,2,OP3,FIXED_OPPONENT,train,SCRIPTED:OP3,0,2,3,-1,20,0.3199999928474426,1,0,3,13.0,9.9530029296875,-1.2000000476837158,-0.5,-0.002002313733100891,0.019999999552965164,-1.0,-100.0,-0.019999999552965164,-0.5399779081344604
1934,35928,2,395,3,OP3,FIXED_OPPONENT,train,SCRIPTED:OP3,0,2,3,-1,19,0.1599999964237213,1,0,5,11.0,11.353363037109375,-1.2000000476837158,-0.4000000059604645,-0.008386760950088501,0.019999999552965164,-1.0,-100.0,0.0,-0.5208979249000549
1935,35944,2,397,2,OP3,FIXED_OPPONENT,train,SCRIPTED:OP3,0,3,3,0,18,0.23999999463558197,1,0,4,11.0,10.17072974310981,-0.699999988079071,0.0,0.007935181260108948,0.0,0.0,0.0,0.0,-0.15417519211769104
1936,35960,2,399,2,OP3,FIXED_OPPONENT,train,SCRIPTED:OP3,0,2,3,-1,20,0.19999998807907104,1,0,2,13.0,10.473825073242187,-1.2000000476837158,-0.4000000059604645,-0.010552316904067993,0.019999999552965164,-1.0,-100.0,-0.019999999552965164,-0.5241568684577942
1937,36000,2,404,0,OP3,FIXED_OPPONENT,train,SCRIPTED:OP3,1,3,2,1,19,0.19999998807907104,1,0,4,12.0,10.230908845600329,1.5,0.5,-0.01495148241519928,0.029999999329447746,1.0,100.0,0.0,0.5829595327377319
1938,36016,2,406,2,OP3,FIXED_OPPONENT,train,SCRIPTED:OP3,1,3,2,1,18,0.23999999463558197,1,0,0,11.0,11.997417873806423,1.5,0.4000000059604645,-0.00326751172542572,0.029999999329447746,1.0,100.0,0.0,0.5682400465011597
1939,36024,2,407,1,OP3,FIXED_OPPONENT,train,SCRIPTED:OP3,1,3,2,1,18,0.23999999463558197,1,0,0,11.0,10.541551378038195,1.5,0.0,-0.007835760712623596,0.0,0.0,0.0,0.0,0.32138779759407043
1940,36048,2,410,1,OP3,FIXED_OPPONENT,train,SCRIPTED:OP3,1,3,1,2,18,0.4399999976158142,1,0,0,11.0,11.627263387044271,1.5,0.5,-0.017564892768859863,0.014999999664723873,1.0,100.0,0.0,0.5827528238296509
1941,36064,2,412,0,OP3,FIXED_OPPONENT,train,SCRIPTED:OP3,0,2,3,-1,18,0.11999999731779099,1,0,0,11.0,10.540368821885851,-1.2000000476837158,-0.5,0.003297746181488037,0.019999999552965164,-1.0,-100.0,-0.019999999552965164,-0.5399112701416016
1942,36072,2,413,3,OP3,FIXED_OPPONENT,train,SCRIPTED:OP3,0,2,3,-1,18,0.2800000011920929,1,0,3,11.0,9.697855631510416,-1.2000000476837158,-0.5,0.010037750005722046,0.019999999552965164,-1.0,-100.0,0.0,-0.5366695523262024
1943,36088,2,415,2,OP3,FIXED_OPPONENT,train,SCRIPTED:OP3,0,2,3,-1,18,0.3199999928474426,1,0,1,11.0,10.037785000271267,-1.2000000476837158,-0.5,0.004498720169067383,0.019999999552965164,-1.0,-100.0,0.0,-0.5367396473884583
1944,36112,2,418,0,OP3,FIXED_OPPONENT,train,SCRIPTED:OP3,1,3,2,1,19,0.23999999463558197,1,0,2,12.0,10.5309914036801,1.5,0.5,-0.006887659430503845,0.029999999329447746,1.0,100.0,0.0,0.5830541849136353
1945,36136,2,421,2,OP3,FIXED_OPPONENT,train,SCRIPTED:OP3,1,3,2,1,17,0.2800000011920929,1,0,0,11.0,10.60782937442555,1.5,0.4000000059604645,-0.005645453929901123,0.029999999329447746,1.0,100.0,0.0,0.5682113766670227
1946,36184,2,427,3,OP3,FIXED_OPPONENT,train,SCRIPTED:OP3,0,3,3,0,21,0.23999999463558197,1,0,5,11.0,9.826043991815476,-0.699999988079071,0.0,-0.010391280055046082,0.0,0.0,0.0,0.0,-0.15449322760105133
1947,36184,2,427,3,OP3,FIXED_OPPONENT,train,SCRIPTED:OP3,1,3,2,1,20,0.23999999463558197,1,0,9,11.0,9.978078460693359,1.5,1.0,0.005643881857395172,0.029999999329447746,2.0,200.0,-0.019999999552965164,0.7599890828132629
1948,36200,2,429,0,OP3,FIXED_OPPONENT,train,SCRIPTED:OP3,0,1,3,-2,19,0.19999998807907104,1,0,8,15.0,10.506957204718338,-1.2000000476837158,-0.5,0.006068587303161621,0.019999999552965164,-1.0,-100.0,0.0,-0.536719799041748
1949,36208,2,430,2,OP3,FIXED_OPPONENT,train,SCRIPTED:OP3,0,2,3,-1,18,0.19999998807907104,1,0,0,11.0,11.33174302842882,-1.2000000476837158,-0.5,0.007788509130477905,0.019999999552965164,-1.0,-100.0,-0.019999999552965164,-0.5398546457290649
1950,36216,2,431,2,OP3,FIXED_OPPONENT,train,SCRIPTED:OP3,1,3,2,1,18,0.23999999463558197,1,0,1,11.0,12.682234870062935,1.5,0.5,0.02793806791305542,0.029999999329447746,1.0,100.0,0.0,0.5834627151489258
1951,36240,2,434,0,OP3,FIXED_OPPONENT,train,SCRIPTED:OP3,1,3,1,2,16,0.23999999463558197,1,0,5,12.0,9.080132484436035,1.5,0.5,0.00853055715560913,0.02499999850988388,1.0,100.0,-0.019999999552965164,0.5802359580993652
1952,36240,2,434,0,OP3,FIXED_OPPONENT,train,SCRIPTED:OP3,0,2,3,-1,19,0.23999999463558197,1,0,7,11.0,9.765404149105674,-1.2000000476837158,-0.5,-0.006205320358276367,0.019999999552965164,-1.0,-100.0,0.0,-0.5368751287460327
1953,36288,2,440,1,OP3,FIXED_OPPONENT,train,SCRIPTED:OP3,1,3,2,1,19,0.23999999463558197,1,0,0,12.0,9.512381302682977,1.5,0.5,-0.015021592378616333,0.014999999664723873,1.0,100.0,0.0,0.5827826857566833
1954,36328,2,445,3,OP3,FIXED_OPPONENT,train,SCRIPTED:OP3,0,2,3,-1,18,0.1599999964237213,1,0,0,14.0,12.505316840277779,-1.2000000476837158,-0.5,-0.0071959346532821655,0.0,-1.0,-100.0,-0.019999999552965164,-0.5402952432632446
1955,36336,2,446,1,OP3,FIXED_OPPONENT,train,SCRIPTED:OP3,0,2,3,-1,16,0.19999998807907104,1,0,1,11.0,10.55412769317627,-1.2000000476837158,-0.4000000059604645,-0.005265489220619202,0.019999999552965164,-1.0,-100.0,0.0,-0.5208575129508972
1956,36336,2,446,1,OP3,FIXED_OPPONENT,train,SCRIPTED:OP3,0,2,3,-1,17,0.19999998807907104,1,0,0,11.0,10.18443208582261,-1.2000000476837158,-0.5,-0.01112288236618042,0.0,-1.0,-100.0,0.0,-0.5371902585029602
1957,36344,2,447,2,OP3,FIXED_OPPONENT,train,SCRIPTED:OP3,0,2,3,-1,20,0.1599999964237213,1,0,11,11.0,10.653108978271485,-1.2000000476837158,-0.5,0.004406437277793884,0.019999999552965164,-1.0,-100.0,-0.03999999910593033,-0.5430386066436768
1958,36360,2,449,1,OP3,FIXED_OPPONENT,train,SCRIPTED:OP3,1,3,2,1,18,0.23999999463558197,1,0,1,11.0,10.302377488878038,1.5,0.4000000059604645,-0.010268256068229675,0.029999999329447746,1.0,100.0,-0.019999999552965164,0.5651383399963379
1959,36384,2,452,2,OP3,FIXED_OPPONENT,train,SCRIPTED:OP3,0,2,3,-1,18,0.23999999463558197,1,0,1,11.0,11.409138997395834,-1.2000000476837158,-0.5,0.0018228590488433838,0.019999999552965164,-1.0,-100.0,-0.019999999552965164,-0.5399297475814819
1960,36408,2,455,1,OP3,FIXED_OPPONENT,train,SCRIPTED:OP3,0,3,3,0,21,0.35999998450279236,1,0,4,14.0,10.242888677687873,-0.699999988079071,0.0,-0.006415873765945435,0.0,0.0,0.0,0.0,-0.154424250125885
1961,36448,2,460,3,OP3,FIXED_OPPONENT,train,SCRIPTED:OP3,1,3,2,1,20,0.3199999928474426,1,0,3,12.0,9.58709716796875,1.5,0.5,-0.03647404909133911,0.014999999664723873,1.0,100.0,-0.019999999552965164,0.579586923122406
1962,36472,2,463,0,OP3,FIXED_OPPONENT,train,SCRIPTED:OP3,0,2,3,-1,18,0.2800000011920929,1,0,2,11.0,11.336578369140625,-1.2000000476837158,-0.4000000059604645,-0.0076102763414382935,0.019999999552965164,-1.0,-100.0,-0.019999999552965164,-0.524118959903717
1963,36488,2,465,0,OP3,FIXED_OPPONENT,train,SCRIPTED:OP3,1,3,2,1,19,0.1599999964237213,1,0,3,12.0,11.326055426346628,1.5,0.5,-0.008461885154247284,0.029999999329447746,1.0,100.0,-0.019999999552965164,0.5800945162773132
1964,36496,2,466,1,OP3,FIXED_OPPONENT,train,SCRIPTED:OP3,0,2,3,-1,19,0.07999999821186066,1,0,0,12.0,9.84770282946135,-1.2000000476837158,-0.5,-0.014916419982910156,0.0,-1.0,-100.0,-0.019999999552965164,-0.5403923392295837
1965,36504,2,467,3,OP3,FIXED_OPPONENT,train,SCRIPTED:OP3,1,3,2,1,18,0.2800000011920929,1,0,4,11.0,9.40623304578993,1.5,0.4000000059604645,-0.010418012738227844,0.029999999329447746,1.0,100.0,0.0,0.568153977394104
1966,36512,2,468,3,OP3,FIXED_OPPONENT,train,SCRIPTED:OP3,0,3,3,0,22,0.4399999976158142,1,0,4,12.0,9.026154951615768,-0.699999988079071,0.0,-0.0037098228931427,0.0,0.0,0.0,0.0,-0.154377281665802
1967,36528,2,470,2,OP3,FIXED_OPPONENT,train,SCRIPTED:OP3,1,3,2,1,18,0.19999998807907104,1,0,0,12.0,11.042940775553385,1.5,0.4000000059604645,-0.007617957890033722,0.029999999329447746,1.0,100.0,0.0,0.5681876540184021
1968,36552,2,473,0,OP3,FIXED_OPPONENT,train,SCRIPTED:OP3,0,2,3,-1,18,0.23999999463558197,1,0,0,11.0,11.044058905707466,-1.2000000476837158,-0.5,0.0056633055210113525,0.019999999552965164,-1.0,-100.0,0.0,-0.5367249250411987
1969,36568,2,475,0,OP3,FIXED_OPPONENT,train,SCRIPTED:OP3,0,1,3,-2,15,0.23999999463558197,1,0,3,11.0,10.310721842447917,-1.2000000476837158,-0.5,-0.010886460542678833,0.0,-1.0,-100.0,0.0,-0.5371872782707214
1970,36616,2,481,1,OP3,FIXED_OPPONENT,train,SCRIPTED:OP3,0,2,3,-1,18,0.23999999463558197,1,0,2,11.0,10.683185153537327,-1.2000000476837158,-0.5,0.003627762198448181,0.019999999552965164,-1.0,-100.0,0.0,-0.5367506742477417
1971,36632,2,483,3,OP3,FIXED_OPPONENT,train,SCRIPTED:OP3,1,3,2,1,18,0.19999998807907104,1,0,0,12.0,12.24995337592231,1.5,0.5,0.0006569474935531616,0.029999999329447746,1.0,100.0,0.0,0.5831427574157715
1972,36640,2,484,0,OP3,FIXED_OPPONENT,train,SCRIPTED:OP3,1,3,2,1,18,0.19999998807907104,1,0,3,11.0,10.640085008409288,1.5,0.8999999761581421,-0.00326460599899292,0.029999999329447746,2.0,200.0,0.0,0.7523086667060852
1973,36656,2,486,0,OP3,FIXED_OPPONENT,train,SCRIPTED:OP3,0,2,3,-1,19,0.23999999463558197,1,0,6,11.0,10.86176179584704,-1.2000000476837158,0.0,-0.012896448373794556,0.019999999552965164,0.0,0.0,-0.019999999552965164,-0.26454097032546997
1974,36656,2,486,2,OP3,FIXED_OPPONENT,train,SCRIPTED:OP3,0,3,3,0,18,0.23999999463558197,1,0,3,11.0,10.363232082790798,-0.699999988079071,0.5,-0.0044807568192481995,0.0,1.0,100.0,0.0,0.17585109174251556
1975,36680,2,489,3,OP3,FIXED_OPPONENT,train,SCRIPTED:OP3,0,3,3,0,19,0.2800000011920929,1,0,3,12.0,9.609563727127878,-0.699999988079071,0.0,0.008715689182281494,0.0,0.0,0.0,0.0,-0.15416163206100464
1976,36704,2,492,3,OP3,FIXED_OPPONENT,train,SCRIPTED:OP3,0,3,3,0,19,0.23999999463558197,1,0,5,11.0,9.431731374640213,-0.699999988079071,0.0,-0.009860724210739136,0.0,0.0,0.0,-0.019999999552965164,-0.15881939232349396
1977,36712,2,493,1,OP3,FIXED_OPPONENT,train,SCRIPTED:OP3,1,3,2,1,18,0.3199999928474426,1,0,0,11.0,10.99218495686849,1.5,0.4000000059604645,0.001757889986038208,0.014999999664723873,1.0,100.0,-0.019999999552965164,0.5651023387908936
1978,36760,2,499,1,OP3,FIXED_OPPONENT,train,SCRIPTED:OP3,1,3,2,1,18,0.3199999928474426,1,0,1,11.0,8.903099060058594,1.5,0.4000000059604645,-0.010473355650901794,0.014999999664723873,1.0,100.0,0.0,0.5679726600646973
1979,36784,2,502,0,OP3,FIXED_OPPONENT,train,SCRIPTED:OP3,1,3,1,2,18,0.3199999928474426,1,0,3,11.0,9.110393948025173,1.5,0.5,-0.02955673635005951,0.029999999329447746,1.0,100.0,0.0,0.5827881693840027
1980,36792,2,503,1,OP3,FIXED_OPPONENT,train,SCRIPTED:OP3,0,2,3,-1,20,0.23999999463558197,1,0,5,13.0,9.801673126220702,-1.2000000476837158,-0.5,0.002501949667930603,0.019999999552965164,-1.0,-100.0,-0.019999999552965164,-0.5399211645126343
1981,36800,2,504,2,OP3,FIXED_OPPONENT,train,SCRIPTED:OP3,0,2,3,-1,18,0.2800000011920929,1,0,2,11.0,10.238085428873697,-1.2000000476837158,-0.4000000059604645,-0.010368183255195618,0.0,-1.0,-100.0,0.0,-0.521182656288147
1982,36808,2,505,0,OP3,FIXED_OPPONENT,train,SCRIPTED:OP3,0,2,3,-1,19,0.19999998807907104,0,1,2,12.0,11.218910618832236,-1.2000000476837158,0.0,0.004948124289512634,0.019999999552965164,0.0,0.0,0.0,-0.26010698080062866
1983,36840,2,509,3,OP3,FIXED_OPPONENT,train,SCRIPTED:OP3,1,3,2,1,20,0.3199999928474426,1,0,6,11.0,8.680904388427734,1.5,0.5,-0.03290960192680359,0.029999999329447746,1.0,100.0,-0.019999999552965164,0.5798060894012451
1984,36856,2,511,3,OP3,FIXED_OPPONENT,train,SCRIPTED:OP3,1,3,2,1,18,0.11999999731779099,1,0,1,11.0,11.052051968044704,1.5,0.5,-0.01174686849117279,0.029999999329447746,1.0,100.0,-0.019999999552965164,0.5800557136535645
1985,36864,2,512,2,OP3,FIXED_OPPONENT,train,SCRIPTED:OP3,0,3,3,0,20,0.19999998807907104,1,0,1,12.0,11.414357757568359,-0.699999988079071,0.0,0.00429670512676239,0.0,0.0,0.0,0.0,-0.15423832833766937
1986,36896,2,516,0,OP3,FIXED_OPPONENT,train,SCRIPTED:OP3,1,3,2,1,17,0.23999999463558197,1,0,0,11.0,11.5132859173943,1.5,0.0,0.008678048849105835,0.0,0.0,0.0,0.0,0.32165104150772095
1987,36928,2,520,1,OP3,FIXED_OPPONENT,train,SCRIPTED:OP3,1,3,1,2,18,0.1599999964237213,1,0,0,12.0,13.086647881401909,1.5,0.5,-0.0016940832138061523,0.029999999329447746,1.0,100.0,-0.019999999552965164,0.5801743268966675
1988,36936,2,521,1,OP3,FIXED_OPPONENT,train,SCRIPTED:OP3,0,2,3,-1,18,0.3199999928474426,1,0,2,11.0,8.454125298394096,-1.2000000476837158,-0.4000000059604645,-0.0030859410762786865,0.019999999552965164,-1.0,-100.0,0.0,-0.5208292603492737
1989,36944,2,522,1,OP3,FIXED_OPPONENT,train,SCRIPTED:OP3,0,2,3,-1,18,0.1599999964237213,1,0,2,11.0,9.915018717447916,-1.2000000476837158,-0.4000000059604645,-0.009764909744262695,0.019999999552965164,-1.0,-100.0,0.0,-0.5209158062934875
1990,36952,2,523,0,OP3,FIXED_OPPONENT,train,SCRIPTED:OP3,1,3,2,1,18,0.2800000011920929,1,0,1,11.0,10.787851969401041,1.5,0.0,-0.010162785649299622,0.0,0.0,0.0,0.0,0.32135072350502014
1991,36992,2,528,2,OP3,FIXED_OPPONENT,train,SCRIPTED:OP3,0,2,3,-1,19,0.2800000011920929,1,0,2,12.0,10.806128250925164,-1.2000000476837158,-0.5,0.015613824129104614,0.019999999552965164,-1.0,-100.0,-0.019999999552965164,-0.5397560596466064
1992,37000,2,529,0,OP3,FIXED_OPPONENT,train,SCRIPTED:OP3,1,3,2,1,18,0.19999998807907104,1,0,0,11.0,9.812371148003471,1.5,0.5,-0.007211841642856598,0.029999999329447746,1.0,100.0,0.0,0.5830503702163696
1993,37016,2,531,1,OP3,FIXED_OPPONENT,train,SCRIPTED:OP3,1,3,2,1,19,0.19999998807907104,1,0,3,14.0,9.753372995476974,1.5,0.5,-0.026491478085517883,0.029999999329447746,1.0,100.0,0.0,0.5828241109848022
1994,37048,2,535,0,OP3,FIXED_OPPONENT,train,SCRIPTED:OP3,0,3,3,0,19,0.2800000011920929,1,0,0,12.0,12.07124810469778,-0.699999988079071,0.0,-0.009995594620704651,0.0,0.0,0.0,0.0,-0.15448637306690216
1995,37080,2,539,1,OP3,FIXED_OPPONENT,train,SCRIPTED:OP3,0,2,3,-1,19,0.2800000011920929,1,0,0,11.0,11.601299085115132,-1.2000000476837158,-0.5,0.015155479311943054,0.019999999552965164,-1.0,-100.0,0.0,-0.5366048216819763
1996,37080,2,539,2,OP3,FIXED_OPPONENT,train,SCRIPTED:OP3,0,2,3,-1,18,0.23999999463558197,1,0,5,11.0,11.804977416992188,-1.2000000476837158,0.5,-0.00780671089887619,0.0,1.0,100.0,0.0,0.06642989814281464
1997,37096,2,541,0,OP3,FIXED_OPPONENT,train,SCRIPTED:OP3,1,3,1,2,19,0.3199999928474426,1,0,2,11.0,8.753016421669408,1.5,0.5,-0.030912235379219055,0.014999999664723873,1.0,100.0,0.0,0.5825960636138916
1998,37128,2,545,3,OP3,FIXED_OPPONENT,train,SCRIPTED:OP3,1,3,2,1,22,0.23999999463558197,1,0,5,11.0,10.193952387029475,1.5,0.5,0.020304366946220398,0.029999999329447746,1.0,100.0,0.0,0.5833731889724731
1999,37144,2,547,2,OP3,FIXED_OPPONENT,train,SCRIPTED:OP3,1,3,2,1,18,0.3199999928474426,1,0,0,11.0,10.500391642252604,1.5,0.5,-0.02325119823217392,0.029999999329447746,1.0,100.0,0.0,0.5828621983528137
2000,37152,2,548,0,OP3,FIXED_OPPONENT,train,SCRIPTED:OP3,0,3,3,0,20,0.1599999964237213,0,1,5,12.0,9.747103118896485,-0.699999988079071,0.0,-0.009360060095787048,0.0,0.0,0.0,-0.019999999552965164,-0.15881071984767914
2001,37168,2,550,0,OP3,FIXED_OPPONENT,train,SCRIPTED:OP3,1,3,2,1,19,0.3199999928474426,1,0,1,13.0,11.258128919099507,1.5,0.5,0.002565622329711914,0.014999999664723873,1.0,100.0,0.0,0.5829890966415405
2002,37192,2,553,1,OP3,FIXED_OPPONENT,train,SCRIPTED:OP3,0,2,3,-1,18,0.23999999463558197,1,0,1,11.0,10.746717664930555,-1.2000000476837158,-0.4000000059604645,-0.005965054035186768,0.019999999552965164,-1.0,-100.0,-0.019999999552965164,-0.524097740650177
2003,37208,2,555,2,OP3,FIXED_OPPONENT,train,SCRIPTED:OP3,1,3,2,1,16,0.35999998450279236,1,0,0,12.0,10.69705581665039,1.5,0.0,-0.005071565508842468,0.0,0.0,0.0,-0.019999999552965164,0.3174409568309784
2004,37224,2,557,0,OP3,FIXED_OPPONENT,train,SCRIPTED:OP3,0,2,3,-1,18,0.23999999463558197,1,0,4,11.0,10.764642503526476,-1.2000000476837158,-0.4000000059604645,-0.001155853271484375,0.019999999552965164,-1.0,-100.0,0.0,-0.5208042860031128
2005,37248,2,560,0,OP3,FIXED_OPPONENT,train,SCRIPTED:OP3,0,2,3,-1,19,0.19999998807907104,1,0,1,11.0,10.038285907946134,-1.2000000476837158,-0.5,0.015168040990829468,0.019999999552965164,-1.0,-100.0,-0.019999999552965164,-0.5397616624832153
2006,37280,2,564,2,OP3,FIXED_OPPONENT,train,SCRIPTED:OP3,1,3,2,1,19,0.35999998450279236,1,0,3,12.0,10.383311221474095,1.5,0.5,-0.021829307079315186,0.029999999329447746,1.0,100.0,0.0,0.582878828048706
2007,37280,2,564,1,OP3,FIXED_OPPONENT,train,SCRIPTED:OP3,1,3,2,1,17,0.1599999964237213,1,0,0,11.0,11.28646042767693,1.5,0.5,0.00019493699073791504,0.014999999664723873,1.0,100.0,0.0,0.5829613208770752
2008,37304,2,567,1,OP3,FIXED_OPPONENT,train,SCRIPTED:OP3,1,3,2,1,19,0.3199999928474426,1,0,1,12.0,10.456077977230674,1.5,0.4000000059604645,0.002928420901298523,0.02499999850988388,1.0,100.0,0.0,0.5682544112205505
2009,37320,2,569,2,OP3,FIXED_OPPONENT,train,SCRIPTED:OP3,0,1,3,-2,16,0.1599999964237213,1,0,0,12.0,11.472061157226562,-1.2000000476837158,-0.5,-6.711483001708984e-05,0.019999999552965164,-1.0,-100.0,-0.019999999552965164,-0.5399535894393921
2010,37336,2,571,2,OP3,FIXED_OPPONENT,train,SCRIPTED:OP3,0,2,3,-1,21,0.2800000011920929,1,0,5,14.0,9.74043201264881,-1.2000000476837158,-0.5,0.013222426176071167,0.0,-1.0,-100.0,0.0,-0.5368823409080505
2011,37368,2,575,2,OP3,FIXED_OPPONENT,train,SCRIPTED:OP3,0,2,3,-1,18,0.11999999731779099,1,0,3,11.0,10.595954895019531,-1.2000000476837158,0.10000002384185791,-0.0064508020877838135,0.019999999552965164,0.0,0.0,0.0,-0.2394622415304184
2012,37368,2,575,1,OP3,FIXED_OPPONENT,train,SCRIPTED:OP3,0,2,3,-1,20,0.3199999928474426,1,0,2,13.0,10.308255004882813,-1.2000000476837158,-0.5,0.015231937170028687,0.0,-1.0,-100.0,-0.019999999552965164,-0.5400128364562988
2013,37400,2,579,0,OP3,FIXED_OPPONENT,train,SCRIPTED:OP3,0,2,3,-1,19,0.23999999463558197,1,0,4,12.0,11.552548057154604,-1.2000000476837158,-0.5,-0.0018385648727416992,0.019999999552965164,-1.0,-100.0,0.0,-0.5368198752403259
2014,37424,2,582,1,OP3,FIXED_OPPONENT,train,SCRIPTED:OP3,0,2,3,-1,18,0.19999998807907104,1,0,2,11.0,10.841442532009548,-1.2000000476837158,0.0,0.014874547719955444,0.019999999552965164,0.0,0.0,0.0,-0.2599424123764038
2015,37424,2,582,2,OP3,FIXED_OPPONENT,train,SCRIPTED:OP3,1,3,2,1,18,0.2800000011920929,1,0,3,11.0,10.704529656304253,1.5,0.4000000059604645,0.0040855854749679565,0.029999999329447746,1.0,100.0,0.0,0.5683284401893616
2016,37464,2,587,3,OP3,FIXED_OPPONENT,train,SCRIPTED:OP3,0,2,3,-1,18,0.19999998807907104,1,0,2,11.0,11.28509521484375,-1.2000000476837158,-0.5,-0.01335608959197998,0.019999999552965164,-1.0,-100.0,-0.019999999552965164,-0.5401209592819214
2017,37464,2,587,2,OP3,FIXED_OPPONENT,train,SCRIPTED:OP3,1,3,2,1,20,0.3199999928474426,1,0,5,11.0,9.968827056884766,1.5,0.5,0.006077095866203308,0.014999999664723873,1.0,100.0,0.0,0.5830303430557251
2018,37488,2,590,2,OP3,FIXED_OPPONENT,train,SCRIPTED:OP3,1,3,2,1,19,0.1599999964237213,1,0,4,12.0,9.836055554841694,1.5,0.5,-0.029459670186042786,0.029999999329447746,1.0,100.0,0.0,0.5827893018722534
2019,37496,2,591,1,OP3,FIXED_OPPONENT,train,SCRIPTED:OP3,1,3,1,2,16,0.11999999731779099,1,0,0,12.0,10.461357116699219,1.5,0.5,-0.02755533903837204,0.029999999329447746,1.0,100.0,-0.019999999552965164,0.579869270324707
2020,37544,2,597,1,OP3,FIXED_OPPONENT,train,SCRIPTED:OP3,0,3,3,0,22,0.1599999964237213,1,0,3,15.0,10.27545166015625,-0.699999988079071,0.0,-0.005232915282249451,0.0,0.0,0.0,0.0,-0.1544037014245987
2021,37568,2,600,3,OP3,FIXED_OPPONENT,train,SCRIPTED:OP3,1,3,2,1,18,0.1599999964237213,1,0,1,11.0,10.32857174343533,1.5,0.8999999761581421,0.0037856027483940125,0.029999999329447746,2.0,200.0,0.0,0.7523630857467651
2022,37568,2,600,1,OP3,FIXED_OPPONENT,train,SCRIPTED:OP3,1,3,2,1,18,0.23999999463558197,1,0,1,11.0,10.886146545410156,1.5,0.4000000059604645,-0.005498319864273071,0.029999999329447746,1.0,100.0,0.0,0.568213164806366
2023,37576,2,601,3,OP3,FIXED_OPPONENT,train,SCRIPTED:OP3,1,3,2,1,22,0.3199999928474426,1,0,4,15.0,10.181081598455256,1.5,0.5,0.005736209452152252,0.029999999329447746,1.0,100.0,-0.019999999552965164,0.5802619457244873
2024,37632,2,608,3,OP3,FIXED_OPPONENT,train,SCRIPTED:OP3,0,2,3,-1,21,0.23999999463558197,1,0,11,14.0,9.200956072126116,-1.2000000476837158,-0.4000000059604645,-0.009923279285430908,0.019999999552965164,-1.0,-100.0,0.0,-0.5209178924560547
2025,37640,2,609,2,OP3,FIXED_OPPONENT,train,SCRIPTED:OP3,0,2,3,-1,19,0.11999999731779099,1,0,2,13.0,11.01693404348273,-1.2000000476837158,0.0,0.008495315909385681,0.0,0.0,0.0,0.0,-0.2603796422481537
2026,37640,2,609,0,OP3,FIXED_OPPONENT,train,SCRIPTED:OP3,0,2,3,-1,22,0.19999998807907104,1,0,4,15.0,10.254335576837713,-1.2000000476837158,-0.4000000059604645,-0.005404859781265259,0.019999999552965164,-1.0,-100.0,0.0,-0.5208593010902405
2027,37656,2,611,1,OP3,FIXED_OPPONENT,train,SCRIPTED:OP3,1,3,2,1,20,0.3199999928474426,1,0,2,13.0,9.248248291015624,1.5,0.4000000059604645,-0.0076757073402404785,0.014999999664723873,1.0,100.0,-0.019999999552965164,0.5649882555007935
2028,37688,2,615,0,OP3,FIXED_OPPONENT,train,SCRIPTED:OP3,0,2,3,-1,15,0.11999999731779099,1,0,0,11.0,12.987776692708334,-1.2000000476837158,0.0,-0.007994778454303741,0.0,0.0,0.0,0.0,-0.26065292954444885
2029,37696,2,616,1,OP3,FIXED_OPPONENT,train,SCRIPTED:OP3,0,3,3,0,19,0.23999999463558197,1,0,2,12.0,10.881845574629935,-0.699999988079071,0.0,-0.004931464791297913,0.0,0.0,0.0,0.0,-0.15439848601818085
2030,37712,2,618,2,OP3,FIXED_OPPONENT,train,SCRIPTED:OP3,0,3,3,0,18,0.2800000011920929,1,0,4,11.0,10.025984870062935,-0.699999988079071,0.0,0.008687227964401245,0.0,0.0,0.0,0.0,-0.15416213870048523
2031,37720,2,619,0,OP3,FIXED_OPPONENT,train,SCRIPTED:OP3,1,3,2,1,18,0.11999999731779099,1,0,2,11.0,11.257336934407553,1.5,0.5,0.0016980692744255066,0.029999999329447746,1.0,100.0,0.0,0.5831549167633057
2032,37784,2,627,0,OP3,FIXED_OPPONENT,train,SCRIPTED:OP3,0,3,3,0,18,0.1599999964237213,1,0,1,11.0,10.281604342990452,-0.699999988079071,0.0,0.0041343942284584045,0.0,0.0,0.0,0.0,-0.154241144657135
2033,37784,2,627,2,OP3,FIXED_OPPONENT,train,SCRIPTED:OP3,1,3,2,1,18,0.3199999928474426,1,0,5,11.0,9.854610866970486,1.5,0.4000000059604645,0.008759632706642151,0.014999999664723873,1.0,100.0,0.0,0.5682041645050049
2034,37784,2,627,0,OP3,FIXED_OPPONENT,train,SCRIPTED:OP3,0,3,3,0,19,0.23999999463558197,1,0,2,12.0,9.411687750565378,-0.699999988079071,0.0,0.006278187036514282,0.0,0.0,0.0,0.0,-0.15420395135879517
2035,37816,2,631,3,OP3,FIXED_OPPONENT,train,SCRIPTED:OP3,1,3,2,1,20,0.19999998807907104,1,0,2,14.0,9.71860580444336,1.5,0.5,-0.03148326277732849,0.029999999329447746,1.0,100.0,-0.019999999552965164,0.5798228979110718
2036,37832,2,633,0,OP3,FIXED_OPPONENT,train,SCRIPTED:OP3,0,2,3,-1,18,0.19999998807907104,1,0,3,11.0,10.044978671603733,-1.2000000476837158,-0.5,-0.005022808909416199,0.0,-1.0,-100.0,0.0,-0.5371131300926208
2037,37848,2,635,2,OP3,FIXED_OPPONENT,train,SCRIPTED:OP3,1,3,2,1,19,0.11999999731779099,1,0,7,12.0,10.750029714483963,1.5,0.8999999761581421,-0.00854252278804779,0.029999999329447746,2.0,200.0,0.0,0.7522679567337036
2038,37856,2,636,0,OP3,FIXED_OPPONENT,train,SCRIPTED:OP3,1,3,2,1,18,0.23999999463558197,1,0,1,11.0,11.253417121039497,1.5,0.4000000059604645,-2.8699636459350586e-05,0.029999999329447746,1.0,100.0,-0.019999999552965164,0.5652621984481812
2039,37872,2,638,0,OP3,FIXED_OPPONENT,train,SCRIPTED:OP3,0,2,3,-1,19,0.3199999928474426,1,0,2,12.0,11.526437056692023,-1.2000000476837158,-0.5,0.011684879660606384,0.019999999552965164,-1.0,-100.0,0.0,-0.5366487503051758
2040,37936,2,646,0,OP3,FIXED_OPPONENT,train,SCRIPTED:OP3,0,3,3,0,19,0.3199999928474426,1,0,3,13.0,9.115873637952303,-0.699999988079071,0.0,0.005084976553916931,0.0,0.0,0.0,-0.019999999552965164,-0.1585603803396225
2041,37952,2,648,1,OP3,FIXED_OPPONENT,train,SCRIPTED:OP3,0,2,3,-1,21,0.19999998807907104,1,0,2,14.0,9.932296752929688,-1.2000000476837158,-0.5,0.009920790791511536,0.019999999552965164,-1.0,-100.0,0.0,-0.536670982837677
2042,37960,2,649,0,OP3,FIXED_OPPONENT,train,SCRIPTED:OP3,0,2,3,-1,22,0.19999998807907104,1,0,2,14.0,9.938810868696732,-1.2000000476837158,-0.4000000059604645,0.007562518119812012,0.019999999552965164,-1.0,-100.0,-0.019999999552965164,-0.5239232778549194
2043,37968,2,650,0,OP3,FIXED_OPPONENT,train,SCRIPTED:OP3,1,3,2,1,17,0.35999998450279236,1,0,0,11.0,11.395843505859375,1.5,0.5,-0.037849798798561096,0.014999999664723873,1.0,100.0,0.0,0.5825146436691284
2044,37976,2,651,2,OP3,FIXED_OPPONENT,train,SCRIPTED:OP3,0,3,3,0,20,0.1599999964237213,1,0,6,12.0,10.057516479492188,-0.699999988079071,0.5,-0.007029227912425995,0.0,1.0,100.0,-0.019999999552965164,0.17149676382541656
2045,38008,2,655,0,OP3,FIXED_OPPONENT,train,SCRIPTED:OP3,0,2,3,-1,20,0.3199999928474426,1,0,0,12.0,12.141676330566407,-1.2000000476837158,-0.5,0.009999215602874756,0.019999999552965164,-1.0,-100.0,0.0,-0.5366700291633606
2046,38024,2,657,3,OP3,FIXED_OPPONENT,train,SCRIPTED:OP3,0,2,3,-1,21,0.2800000011920929,1,0,8,14.0,10.020352318173362,-1.2000000476837158,-0.5,0.015028029680252075,0.019999999552965164,-1.0,-100.0,0.0,-0.5366064310073853
2047,38024,2,657,3,OP3,FIXED_OPPONENT,train,SCRIPTED:OP3,0,3,3,0,19,0.1599999964237213,1,0,2,12.0,10.805401450709292,-0.699999988079071,0.0,-0.008934281766414642,0.0,0.0,0.0,-0.019999999552965164,-0.15880334377288818
2048,38096,2,666,2,OP3,FIXED_OPPONENT,train,SCRIPTED:OP3,1,3,2,1,20,0.1599999964237213,1,0,4,13.0,9.454030609130859,1.5,0.5,0.011495053768157959,0.029999999329447746,1.0,100.0,0.0,0.5832698941230774
2049,38112,2,668,3,OP3,FIXED_OPPONENT,train,SCRIPTED:OP3,1,3,2,1,19,0.3999999761581421,1,0,3,11.0,10.138304860968338,1.5,0.5,-0.038161322474479675,0.029999999329447746,1.0,100.0,0.0,0.5826871395111084
2050,38120,2,669,3,OP3,FIXED_OPPONENT,train,SCRIPTED:OP3,1,3,2,1,21,0.23999999463558197,1,0,4,14.0,10.516381399972099,1.5,1.0,-0.003926962614059448,0.029999999329447746,2.0,200.0,0.0,0.7617887258529663
2051,38128,2,670,3,OP3,FIXED_OPPONENT,train,SCRIPTED:OP3,0,1,3,-2,19,0.19999998807907104,1,0,6,12.0,9.363148739463405,-1.2000000476837158,-0.5,0.005581870675086975,0.019999999552965164,-1.0,-100.0,-0.019999999552965164,-0.5398824214935303
2052,38144,2,672,3,OP3,FIXED_OPPONENT,train,SCRIPTED:OP3,0,3,3,0,22,0.3199999928474426,1,0,6,11.0,9.393505443226207,-0.699999988079071,0.0,0.0022432804107666016,0.0,0.0,0.0,0.0,-0.15427397191524506
2053,38168,2,675,3,OP3,FIXED_OPPONENT,train,SCRIPTED:OP3,0,2,3,-1,18,0.19999998807907104,0,1,3,11.0,10.73249732123481,-1.2000000476837158,0.0,0.002343803644180298,0.019999999552965164,0.0,0.0,0.0,-0.26015013456344604
2054,38168,2,675,2,OP3,FIXED_OPPONENT,train,SCRIPTED:OP3,0,2,3,-1,18,0.2800000011920929,1,0,4,11.0,9.545338100857204,-1.2000000476837158,-0.4000000059604645,-0.010565012693405151,0.019999999552965164,-1.0,-100.0,0.0,-0.5209261178970337
2055,38184,2,677,1,OP3,FIXED_OPPONENT,train,SCRIPTED:OP3,0,2,3,-1,22,0.2800000011920929,0,1,6,15.0,10.69426103071733,-1.2000000476837158,0.0,0.003956004977226257,0.0,0.0,0.0,-0.019999999552965164,-0.2645930051803589
2056,38232,2,683,3,OP3,FIXED_OPPONENT,train,SCRIPTED:OP3,1,3,2,1,17,0.3199999928474426,1,0,0,11.0,11.2909133013557,1.5,0.4000000059604645,-0.010136976838111877,0.014999999664723873,1.0,100.0,0.0,0.567976713180542
2057,38264,2,687,3,OP3,FIXED_OPPONENT,train,SCRIPTED:OP3,1,3,2,1,18,0.07999999821186066,1,0,1,11.0,11.511661105685764,1.5,0.699999988079071,0.01873866468667984,0.029999999329447746,1.0,100.0,0.0,0.6119154691696167
2058,38264,2,687,0,OP3,FIXED_OPPONENT,train,SCRIPTED:OP3,0,3,3,0,19,0.19999998807907104,1,0,3,12.0,10.124774330540708,-0.699999988079071,0.0,0.0006213933229446411,0.0,0.0,0.0,0.0,-0.15430212020874023
2059,38272,2,688,0,OP3,FIXED_OPPONENT,train,SCRIPTED:OP3,0,2,3,-1,18,0.3199999928474426,1,0,0,11.0,10.60147433810764,-1.2000000476837158,-0.5,-0.013972178101539612,0.0,-1.0,-100.0,0.0,-0.5372263193130493
2060,38304,2,692,1,OP3,FIXED_OPPONENT,train,SCRIPTED:OP3,1,3,2,1,20,0.07999999821186066,1,0,0,13.0,12.42376251220703,1.5,0.5,-0.022695697844028473,0.029999999329447746,1.0,100.0,-0.019999999552965164,0.579926609992981
2061,38312,2,693,3,OP3,FIXED_OPPONENT,train,SCRIPTED:OP3,0,1,3,-2,18,0.11999999731779099,1,0,2,11.0,10.874902513292101,-1.2000000476837158,-0.5,-0.011399626731872559,0.019999999552965164,-1.0,-100.0,0.0,-0.53694087266922
2062,38320,2,694,3,OP3,FIXED_OPPONENT,train,SCRIPTED:OP3,0,3,3,0,19,0.1599999964237213,1,0,2,11.0,10.965966475637336,-0.699999988079071,0.0,0.0036953240633010864,0.0,0.0,0.0,0.0,-0.15424877405166626
2063,38328,2,695,0,OP3,FIXED_OPPONENT,train,SCRIPTED:OP3,0,2,3,-1,18,0.23999999463558197,1,0,0,11.0,12.022609286838108,-1.2000000476837158,-0.5,-0.0038580745458602905,0.0,-1.0,-100.0,0.0,-0.5370984077453613
2064,38376,2,701,2,OP3,FIXED_OPPONENT,train,SCRIPTED:OP3,1,3,2,1,18,0.23999999463558197,1,0,1,11.0,10.938745286729601,1.5,0.5,-0.025824420154094696,0.029999999329447746,1.0,100.0,0.0,0.5828319787979126
2065,38408,2,705,1,OP3,FIXED_OPPONENT,train,SCRIPTED:OP3,0,2,3,-1,18,0.19999998807907104,1,0,5,12.0,10.141341315375435,-1.2000000476837158,-0.5,-0.0067345499992370605,0.019999999552965164,-1.0,-100.0,-0.019999999552965164,-0.5400375723838806
2066,38416,2,706,1,OP3,FIXED_OPPONENT,train,SCRIPTED:OP3,1,3,2,1,19,0.19999998807907104,1,0,2,12.0,9.789253636410361,1.5,0.5,-0.025999560952186584,0.029999999329447746,1.0,100.0,-0.019999999552965164,0.5798876285552979
2067,38432,2,708,1,OP3,FIXED_OPPONENT,train,SCRIPTED:OP3,1,3,2,1,20,0.19999998807907104,1,0,4,13.0,11.825288391113281,1.5,1.0,-0.004962906241416931,0.029999999329447746,2.0,200.0,-0.019999999552965164,0.759909451007843
2068,38456,2,711,1,OP3,FIXED_OPPONENT,train,SCRIPTED:OP3,0,2,3,-1,17,0.1599999964237213,1,0,0,11.0,13.783487656537224,-1.2000000476837158,-0.5,-0.003070920705795288,0.019999999552965164,-1.0,-100.0,0.0,-0.5368354320526123
2069,38456,2,711,1,OP3,FIXED_OPPONENT,train,SCRIPTED:OP3,0,2,3,-1,18,0.19999998807907104,1,0,1,11.0,11.780253092447916,-1.2000000476837158,-0.5,-0.005661129951477051,0.0,-1.0,-100.0,-0.019999999552965164,-0.5402758121490479
2070,38464,2,712,2,OP3,FIXED_OPPONENT,train,SCRIPTED:OP3,0,3,3,0,20,0.23999999463558197,1,0,4,12.0,10.051288604736328,-0.699999988079071,0.0,-0.006047278642654419,0.0,0.0,0.0,0.0,-0.15441785752773285
2071,38472,2,713,2,OP3,FIXED_OPPONENT,train,SCRIPTED:OP3,0,3,3,0,18,0.11999999731779099,1,0,2,11.0,11.720498826768663,-0.699999988079071,0.0,0.008743822574615479,0.0,0.0,0.0,0.0,-0.15416115522384644
2072,38536,2,721,1,OP3,FIXED_OPPONENT,train,SCRIPTED:OP3,1,3,2,1,20,0.2800000011920929,1,0,2,13.0,9.905832672119141,1.5,0.5,-0.017791487276554108,0.029999999329447746,1.0,100.0,0.0,0.5829262733459473
2073,38560,2,724,0,OP3,FIXED_OPPONENT,train,SCRIPTED:OP3,0,2,3,-1,18,0.19999998807907104,1,0,1,11.0,10.64692857530382,-1.2000000476837158,-0.4000000059604645,-0.008084118366241455,0.019999999552965164,-1.0,-100.0,0.0,-0.5208940505981445
2074,38568,2,725,3,OP3,FIXED_OPPONENT,train,SCRIPTED:OP3,1,3,2,1,17,0.2800000011920929,1,0,1,11.0,9.415638643152574,1.5,0.4000000059604645,-0.008550897240638733,0.029999999329447746,1.0,100.0,0.0,0.5681763887405396
2075,38576,2,726,3,OP3,FIXED_OPPONENT,train,SCRIPTED:OP3,1,3,2,1,21,0.2800000011920929,1,0,4,14.0,9.528673444475446,1.5,0.4000000059604645,-0.0102749764919281,0.02499999850988388,1.0,100.0,0.0,0.5680954456329346
2076,38608,2,730,1,OP3,FIXED_OPPONENT,train,SCRIPTED:OP3,0,3,3,0,19,0.11999999731779099,1,0,2,12.0,11.72412109375,-0.699999988079071,0.0,-0.004167988896369934,0.0,0.0,0.0,0.0,-0.15438523888587952
2077,38608,2,730,1,OP3,FIXED_OPPONENT,train,SCRIPTED:OP3,0,2,3,-1,19,0.23999999463558197,1,0,5,12.0,10.59625886615954,-1.2000000476837158,-0.5,-0.0022318363189697266,0.0,-1.0,-100.0,-0.019999999552965164,-0.54023277759552
2078,38624,2,732,3,OP3,FIXED_OPPONENT,train,SCRIPTED:OP3,1,3,2,1,20,0.2800000011920929,1,0,5,13.0,9.618376159667969,1.5,0.5,0.006394043564796448,0.014999999664723873,1.0,100.0,0.0,0.5830340385437012
2079,38632,2,733,2,OP3,FIXED_OPPONENT,train,SCRIPTED:OP3,0,2,3,-1,20,0.3199999928474426,1,0,0,12.0,8.968052673339844,-1.2000000476837158,-0.5,0.008745446801185608,0.019999999552965164,-1.0,-100.0,-0.019999999552965164,-0.5398426055908203
2080,38696,2,741,0,OP3,FIXED_OPPONENT,train,SCRIPTED:OP3,0,2,3,-1,20,0.23999999463558197,1,0,1,12.0,10.943402099609376,-1.2000000476837158,-0.5,-0.008229300379753113,0.019999999552965164,-1.0,-100.0,-0.019999999552965164,-0.5400563478469849
2081,38712,2,743,2,OP3,FIXED_OPPONENT,train,SCRIPTED:OP3,1,3,2,1,18,0.19999998807907104,1,0,1,11.0,11.571382310655382,1.5,0.5,-0.006332896649837494,0.029999999329447746,1.0,100.0,0.0,0.5830607414245605
2082,38712,2,743,1,OP3,FIXED_OPPONENT,train,SCRIPTED:OP3,1,3,2,1,19,0.35999998450279236,1,0,0,12.0,10.177608289216694,1.5,0.4000000059604645,-0.010273143649101257,0.029999999329447746,1.0,100.0,0.0,0.5681556463241577
2083,38720,2,744,0,OP3,FIXED_OPPONENT,train,SCRIPTED:OP3,1,3,2,1,18,0.19999998807907104,1,0,0,11.0,11.919728597005209,1.5,0.5,0.01022350788116455,0.029999999329447746,1.0,100.0,-0.019999999552965164,0.5803148746490479
2084,38728,2,745,2,OP3,FIXED_OPPONENT,train,SCRIPTED:OP3,0,2,3,-1,15,0.1599999964237213,1,0,0,11.0,13.083070882161458,-1.2000000476837158,0.0,0.002194538712501526,0.0,0.0,0.0,0.0,-0.26048406958580017
2085,38752,2,748,1,OP3,FIXED_OPPONENT,train,SCRIPTED:OP3,1,3,2,1,18,0.23999999463558197,1,0,3,11.0,10.192045423719618,1.5,0.5,0.01411619782447815,0.029999999329447746,1.0,100.0,0.0,0.5833006501197815
2086,38768,2,750,3,OP3,FIXED_OPPONENT,train,SCRIPTED:OP3,0,2,3,-1,18,0.23999999463558197,1,0,0,11.0,11.146617465549046,-1.2000000476837158,-0.5,-0.0002512633800506592,0.019999999552965164,-1.0,-100.0,0.0,-0.5367997288703918
2087,38784,2,752,2,OP3,FIXED_OPPONENT,train,SCRIPTED:OP3,0,3,3,0,19,0.2800000011920929,1,0,1,12.0,10.280895835474917,-0.699999988079071,0.0,0.007121652364730835,0.0,0.0,0.0,0.0,-0.1541893035173416
2088,38840,2,759,2,OP3,FIXED_OPPONENT,train,SCRIPTED:OP3,1,3,2,1,18,0.19999998807907104,1,0,4,12.0,10.334457397460938,1.5,0.5,-0.016328290104866028,0.029999999329447746,1.0,100.0,0.0,0.5829434394836426
2089,38856,2,761,3,OP3,FIXED_OPPONENT,train,SCRIPTED:OP3,1,3,2,1,18,0.2800000011920929,1,0,1,12.0,11.29519992404514,1.5,0.5,-0.020517677068710327,0.029999999329447746,1.0,100.0,0.0,0.5828942656517029
2090,38864,2,762,2,OP3,FIXED_OPPONENT,train,SCRIPTED:OP3,1,3,2,1,18,0.2800000011920929,1,0,2,11.0,9.565696716308594,1.5,0.5,-0.0015488266944885254,0.029999999329447746,1.0,100.0,0.0,0.583116888999939
2091,38864,2,762,3,OP3,FIXED_OPPONENT,train,SCRIPTED:OP3,0,2,3,-1,19,0.2800000011920929,1,0,4,13.0,9.17854871247944,-1.2000000476837158,-0.5,0.014898508787155151,0.019999999552965164,-1.0,-100.0,0.0,-0.5366080403327942
2092,38880,2,764,3,OP3,FIXED_OPPONENT,train,SCRIPTED:OP3,1,3,2,1,19,0.19999998807907104,1,0,1,12.0,11.066546791478208,1.5,0.5,-0.004361577332019806,0.029999999329447746,1.0,100.0,0.0,0.5830838680267334
2093,38896,2,766,2,OP3,FIXED_OPPONENT,train,SCRIPTED:OP3,0,2,3,-1,18,0.19999998807907104,1,0,5,11.0,10.975958082411024,-1.2000000476837158,-0.5,0.013779982924461365,0.019999999552965164,-1.0,-100.0,0.0,-0.536622166633606
2094,38920,2,769,1,OP3,FIXED_OPPONENT,train,SCRIPTED:OP3,0,3,3,0,19,0.1599999964237213,1,0,6,11.0,10.78566541169819,-0.699999988079071,0.5,0.008591443300247192,0.0,1.0,100.0,0.0,0.17607629299163818
2095,38928,2,770,2,OP3,FIXED_OPPONENT,train,SCRIPTED:OP3,0,2,3,-1,18,0.3199999928474426,1,0,1,11.0,9.655921088324654,-1.2000000476837158,-0.5,0.0038692057132720947,0.0,-1.0,-100.0,-0.019999999552965164,-0.5401558876037598
2096,39000,2,779,3,OP3,FIXED_OPPONENT,train,SCRIPTED:OP3,1,3,2,1,18,0.2800000011920929,1,0,0,11.0,10.733794318305122,1.5,0.0,-0.006510630249977112,0.0,0.0,0.0,0.0,0.3214089274406433
2097,39008,2,780,2,OP3,FIXED_OPPONENT,train,SCRIPTED:OP3,1,3,2,1,18,0.19999998807907104,1,0,4,12.0,11.072433471679688,1.5,1.0,-0.030135616660118103,0.029999999329447746,2.0,200.0,-0.019999999552965164,0.7597202658653259
2098,39016,2,781,1,OP3,FIXED_OPPONENT,train,SCRIPTED:OP3,0,3,3,0,22,0.35999998450279236,1,0,7,15.0,9.68269070712003,-0.699999988079071,0.0,-0.006408557295799255,0.0,0.0,0.0,0.0,-0.15442411601543427
2099,39024,2,782,0,OP3,FIXED_OPPONENT,train,SCRIPTED:OP3,0,2,3,-1,20,0.35999998450279236,1,0,3,11.0,9.611968994140625,-1.2000000476837158,-0.5,0.0068602412939071655,0.0,-1.0,-100.0,0.0,-0.5369628667831421
2100,39024,2,782,1,OP3,FIXED_OPPONENT,train,SCRIPTED:OP3,1,3,2,1,18,0.1599999964237213,1,0,1,12.0,10.763263278537327,1.5,0.0,-0.002052873373031616,0.0,0.0,0.0,0.0,0.3214799761772156
2101,39040,2,784,1,OP3,FIXED_OPPONENT,train,SCRIPTED:OP3,0,2,3,-1,18,0.1599999964237213,1,0,2,11.0,10.977784050835503,-1.2000000476837158,-0.5,0.01390509307384491,0.019999999552965164,-1.0,-100.0,-0.019999999552965164,-0.5397776365280151
2102,39064,2,787,3,OP3,FIXED_OPPONENT,train,SCRIPTED:OP3,1,3,2,1,18,0.19999998807907104,1,0,1,11.0,9.961254543728298,1.5,0.5,0.012100130319595337,0.029999999329447746,1.0,100.0,0.0,0.5832769870758057
2103,39088,2,790,0,OP3,FIXED_OPPONENT,train,SCRIPTED:OP3,0,2,3,-1,20,0.2800000011920929,1,0,1,12.0,10.386511993408202,-1.2000000476837158,-0.5,0.015089437365531921,0.019999999552965164,-1.0,-100.0,0.0,-0.5366055965423584
2104,39136,2,796,2,OP3,FIXED_OPPONENT,train,SCRIPTED:OP3,0,2,3,-1,17,0.23999999463558197,1,0,0,11.0,11.451076731962317,-1.2000000476837158,-0.4000000059604645,-0.005308389663696289,0.0,-1.0,-100.0,-0.019999999552965164,-0.5243471264839172
2105,39168,2,800,1,OP3,FIXED_OPPONENT,train,SCRIPTED:OP3,0,2,3,-1,18,0.19999998807907104,1,0,6,11.0,10.748329162597656,-1.2000000476837158,-0.5,-0.0072825998067855835,0.019999999552965164,-1.0,-100.0,0.0,-0.5368887782096863
2106,39168,2,800,1,OP3,FIXED_OPPONENT,train,SCRIPTED:OP3,0,2,3,-1,19,0.3199999928474426,1,0,2,12.0,9.082265753495065,-1.2000000476837158,-0.5,0.01212221384048462,0.0,-1.0,-100.0,0.0,-0.536896288394928
2107,39176,2,801,0,OP3,FIXED_OPPONENT,train,SCRIPTED:OP3,0,3,3,0,21,0.19999998807907104,1,0,2,13.0,10.438428606305804,-0.699999988079071,0.0,-0.006714396178722382,0.0,0.0,0.0,0.0,-0.15442942082881927
2108,39176,2,801,2,OP3,FIXED_OPPONENT,train,SCRIPTED:OP3,0,1,3,-2,19,0.1599999964237213,1,0,5,12.0,10.905482241981908,-1.2000000476837158,-0.5,0.00680878758430481,0.019999999552965164,-1.0,-100.0,0.0,-0.5367104411125183
2109,39200,2,804,0,OP3,FIXED_OPPONENT,train,SCRIPTED:OP3,1,3,2,1,20,0.35999998450279236,1,0,1,13.0,9.954766082763673,1.5,0.0,-0.008954629302024841,0.0,0.0,0.0,-0.019999999552965164,0.3173788785934448
2110,39208,2,805,2,OP3,FIXED_OPPONENT,train,SCRIPTED:OP3,1,3,2,1,18,0.2800000011920929,1,0,0,12.0,11.10028076171875,1.5,0.4000000059604645,-0.010223239660263062,0.014999999664723873,1.0,100.0,0.0,0.567975640296936
2111,39248,2,810,3,OP3,FIXED_OPPONENT,train,SCRIPTED:OP3,0,2,3,-1,20,0.23999999463558197,1,0,5,14.0,11.399832916259765,-1.2000000476837158,-0.5,0.0026203542947769165,0.019999999552965164,-1.0,-100.0,0.0,-0.5367634296417236
2112,39288,2,815,1,OP3,FIXED_OPPONENT,train,SCRIPTED:OP3,1,3,2,1,19,0.23999999463558197,1,0,3,12.0,9.970527247378701,1.5,0.5,-0.03514997661113739,0.029999999329447746,1.0,100.0,0.0,0.5827224850654602
2113,39312,2,818,3,OP3,FIXED_OPPONENT,train,SCRIPTED:OP3,1,3,2,1,18,0.23999999463558197,1,0,7,12.0,9.417784796820747,1.5,0.4000000059604645,0.007375076413154602,0.029999999329447746,1.0,100.0,0.0,0.5683680772781372
2114,39312,2,818,2,OP3,FIXED_OPPONENT,train,SCRIPTED:OP3,0,2,3,-1,17,0.1599999964237213,1,0,0,11.0,11.406964470358457,-1.2000000476837158,-0.5,-0.0005557537078857422,0.019999999552965164,-1.0,-100.0,0.0,-0.5368036031723022
2115,39312,2,818,0,OP3,FIXED_OPPONENT,train,SCRIPTED:OP3,1,3,2,1,17,0.3199999928474426,1,0,0,11.0,9.813284481272978,1.5,0.0,-0.0028195232152938843,0.0,0.0,0.0,0.0,0.3214677572250366
2116,39320,2,819,3,OP3,FIXED_OPPONENT,train,SCRIPTED:OP3,0,2,3,-1,19,0.19999998807907104,1,0,3,12.0,9.918791118421053,-1.2000000476837158,0.0,0.008671849966049194,0.019999999552965164,0.0,0.0,-0.019999999552965164,-0.2641843557357788
2117,39344,2,822,0,OP3,FIXED_OPPONENT,train,SCRIPTED:OP3,0,2,3,-1,18,0.2800000011920929,1,0,0,11.0,11.826420254177517,-1.2000000476837158,-0.5,0.005395859479904175,0.019999999552965164,-1.0,-100.0,-0.019999999552965164,-0.5398848056793213
2118,39352,2,823,2,OP3,FIXED_OPPONENT,train,SCRIPTED:OP3,0,2,3,-1,18,0.1599999964237213,1,0,3,11.0,10.609169006347656,-1.2000000476837158,-0.4000000059604645,-0.003827527165412903,0.019999999552965164,-1.0,-100.0,0.0,-0.5208388566970825
2119,39400,2,829,2,OP3,FIXED_OPPONENT,train,SCRIPTED:OP3,0,2,3,-1,19,0.2800000011920929,1,0,1,11.0,10.763663040964227,-1.2000000476837158,-0.5,0.015278711915016174,0.0,-1.0,-100.0,0.0,-0.5368563532829285
2120,39448,2,835,3,OP3,FIXED_OPPONENT,train,SCRIPTED:OP3,1,3,2,1,17,0.1599999964237213,1,0,0,12.0,11.540622486787683,1.5,0.5,0.005752295255661011,0.029999999329447746,1.0,100.0,0.0,0.5832024812698364
2121,39456,2,836,1,OP3,FIXED_OPPONENT,train,SCRIPTED:OP3,0,3,3,0,21,0.19999998807907104,1,0,2,13.0,9.784707205636161,-0.699999988079071,0.0,-0.0014228075742721558,0.0,0.0,0.0,0.0,-0.15433759987354279
2122,39456,2,836,1,OP3,FIXED_OPPONENT,train,SCRIPTED:OP3,1,3,2,1,18,0.19999998807907104,1,0,0,11.0,10.405823601616753,1.5,0.5,0.008397981524467468,0.029999999329447746,1.0,100.0,-0.019999999552965164,0.5802933573722839
2123,39464,2,837,2,OP3,FIXED_OPPONENT,train,SCRIPTED:OP3,0,2,3,-1,19,0.2800000011920929,1,0,1,12.0,9.640927766498766,-1.2000000476837158,-0.5,-0.014695510268211365,0.0,-1.0,-100.0,-0.019999999552965164,-0.5403895378112793
2124,39488,2,840,1,OP3,FIXED_OPPONENT,train,SCRIPTED:OP3,1,3,2,1,21,0.19999998807907104,1,0,4,14.0,9.793841407412575,1.5,0.5,0.018618106842041016,0.014999999664723873,1.0,100.0,0.0,0.5831774473190308
2125,39488,2,840,0,OP3,FIXED_OPPONENT,train,SCRIPTED:OP3,1,3,2,1,18,0.1599999964237213,1,0,1,11.0,10.239042494032118,1.5,1.0,-0.01570567488670349,0.029999999329447746,2.0,200.0,-0.019999999552965164,0.7598286867141724
2126,39520,2,844,2,OP3,FIXED_OPPONENT,train,SCRIPTED:OP3,1,3,2,1,21,0.3199999928474426,1,0,3,14.0,9.520558675130209,1.5,0.4000000059604645,-0.010509982705116272,0.014999999664723873,1.0,100.0,0.0,0.5679721832275391
2127,39552,2,848,3,OP3,FIXED_OPPONENT,train,SCRIPTED:OP3,0,3,3,0,19,0.2800000011920929,1,0,6,12.0,9.893769916735197,-0.699999988079071,0.0,-0.005273804068565369,0.0,0.0,0.0,-0.019999999552965164,-0.15873989462852478
2128,39584,2,852,3,OP3,FIXED_OPPONENT,train,SCRIPTED:OP3,1,3,2,1,17,0.23999999463558197,1,0,1,11.0,10.123574649586397,1.5,0.0,0.0024763643741607666,0.0,0.0,0.0,-0.019999999552965164,0.3175615966320038
2129,39600,2,854,2,OP3,FIXED_OPPONENT,train,SCRIPTED:OP3,1,3,2,1,18,0.23999999463558197,1,0,1,11.0,10.840671963161892,1.5,0.5,0.010043948888778687,0.029999999329447746,1.0,100.0,0.0,0.5832529067993164
2130,39600,2,854,0,OP3,FIXED_OPPONENT,train,SCRIPTED:OP3,0,2,3,-1,17,0.19999998807907104,1,0,1,13.0,10.04721877154182,-1.2000000476837158,-0.5,0.0011674165725708008,0.019999999552965164,-1.0,-100.0,0.0,-0.5367817878723145
2131,39600,2,854,0,OP3,FIXED_OPPONENT,train,SCRIPTED:OP3,0,3,3,0,18,0.3199999928474426,1,0,5,11.0,10.305321587456596,-0.699999988079071,0.0,0.0082215815782547,0.0,0.0,0.0,0.0,-0.1541702151298523
2132,39640,2,859,1,OP3,FIXED_OPPONENT,train,SCRIPTED:OP3,0,2,3,-1,19,0.23999999463558197,1,0,8,13.0,9.459869384765625,-1.2000000476837158,0.0,-0.00664171576499939,0.019999999552965164,0.0,0.0,0.0,-0.26029905676841736
2133,39640,2,859,2,OP3,FIXED_OPPONENT,train,SCRIPTED:OP3,0,2,3,-1,19,0.2800000011920929,1,0,1,11.0,10.743933426706414,-1.2000000476837158,-0.4000000059604645,0.005918383598327637,0.0,-1.0,-100.0,0.0,-0.5209717154502869
2134,39688,2,865,1,OP3,FIXED_OPPONENT,train,SCRIPTED:OP3,1,3,2,1,21,0.2800000011920929,1,0,3,14.0,9.514064243861608,1.5,0.5,-0.03996014595031738,0.014999999664723873,1.0,100.0,0.0,0.5824898481369019
2135,39720,2,869,0,OP3,FIXED_OPPONENT,train,SCRIPTED:OP3,1,3,2,1,21,0.3199999928474426,1,0,3,14.0,9.333406720842634,1.5,0.5,0.0005448311567306519,0.014999999664723873,1.0,100.0,0.0,0.5829653739929199
2136,39744,2,872,2,OP3,FIXED_OPPONENT,train,SCRIPTED:OP3,0,3,3,0,18,0.2800000011920929,1,0,0,11.0,10.645209418402779,-0.699999988079071,0.0,0.0017169564962387085,0.0,0.0,0.0,0.0,-0.15428312122821808
2137,39744,2,872,3,OP3,FIXED_OPPONENT,train,SCRIPTED:OP3,0,2,3,-1,20,0.1599999964237213,1,0,4,12.0,10.091963195800782,-1.2000000476837158,-0.4000000059604645,-0.006792739033699036,0.019999999552965164,-1.0,-100.0,0.0,-0.5208773016929626
2138,39752,2,873,3,OP3,FIXED_OPPONENT,train,SCRIPTED:OP3,0,2,3,-1,19,0.19999998807907104,1,0,1,12.0,12.483783119603208,-1.2000000476837158,-0.5,-0.002804100513458252,0.0,-1.0,-100.0,0.0,-0.5370850563049316
2139,39760,2,874,0,OP3,FIXED_OPPONENT,train,SCRIPTED:OP3,1,3,2,1,20,0.1599999964237213,1,0,3,13.0,9.782640838623047,1.5,0.5,-0.0020508095622062683,0.029999999329447746,1.0,100.0,0.0,0.5831109285354614
2140,39784,2,877,0,OP3,FIXED_OPPONENT,train,SCRIPTED:OP3,1,3,2,1,18,0.19999998807907104,1,0,1,11.0,10.93207041422526,1.5,0.4000000059604645,0.007392913103103638,0.029999999329447746,1.0,100.0,0.0,0.5683683156967163
2141,39792,2,878,2,OP3,FIXED_OPPONENT,train,SCRIPTED:OP3,0,2,3,-1,19,0.19999998807907104,1,0,0,12.0,10.839557045384458,-1.2000000476837158,-0.5,-0.0014415979385375977,0.019999999552965164,-1.0,-100.0,-0.019999999552965164,-0.5399709343910217
2142,39840,2,884,3,OP3,FIXED_OPPONENT,train,SCRIPTED:OP3,0,2,3,-1,19,0.19999998807907104,1,0,2,11.0,10.714441399825247,-1.2000000476837158,-0.5,0.009074494242668152,0.019999999552965164,-1.0,-100.0,0.0,-0.5366817116737366
2143,39864,2,887,0,OP3,FIXED_OPPONENT,train,SCRIPTED:OP3,1,3,2,1,18,0.19999998807907104,1,0,0,12.0,11.785235934787327,1.5,0.5,-0.012721747159957886,0.029999999329447746,1.0,100.0,0.0,0.5829857587814331
2144,39904,2,892,2,OP3,FIXED_OPPONENT,train,SCRIPTED:OP3,1,3,2,1,19,0.3999999761581421,1,0,3,12.0,9.502105712890625,1.5,0.4000000059604645,-0.010352656245231628,0.014999999664723873,1.0,100.0,0.0,0.5679740905761719
2145,39904,2,892,3,OP3,FIXED_OPPONENT,train,SCRIPTED:OP3,0,2,3,-1,18,0.11999999731779099,1,0,1,11.0,10.465496487087673,-1.2000000476837158,-0.5,0.01499292254447937,0.019999999552965164,-1.0,-100.0,-0.019999999552965164,-0.5397639870643616
2146,39912,2,893,0,OP3,FIXED_OPPONENT,train,SCRIPTED:OP3,0,2,3,-1,21,0.2800000011920929,1,0,5,11.0,9.183754330589657,-1.2000000476837158,-0.5,0.01190975308418274,0.0,-1.0,-100.0,-0.019999999552965164,-0.5400546193122864
2147,39920,2,894,2,OP3,FIXED_OPPONENT,train,SCRIPTED:OP3,0,2,3,-1,22,0.2800000011920929,1,0,3,15.0,9.783624822443182,-1.2000000476837158,-0.5,0.011006981134414673,0.019999999552965164,-1.0,-100.0,-0.019999999552965164,-0.5398141145706177
2148,39936,2,896,1,OP3,FIXED_OPPONENT,train,SCRIPTED:OP3,0,3,3,0,19,0.19999998807907104,1,0,0,12.0,11.973895424290708,-0.699999988079071,0.19999998807907104,-0.0015931501984596252,0.0,0.0,0.0,0.0,-0.11068408936262131
2149,39944,2,897,0,OP3,FIXED_OPPONENT,train,SCRIPTED:OP3,1,3,2,1,19,0.23999999463558197,1,0,5,12.0,9.713808561626234,1.5,0.5,0.008918583393096924,0.014999999664723873,1.0,100.0,0.0,0.5830636620521545
2150,39984,2,902,3,OP3,FIXED_OPPONENT,train,SCRIPTED:OP3,0,2,3,-1,15,0.19999998807907104,1,0,2,11.0,11.47345682779948,-1.2000000476837158,0.0,0.011280834674835205,0.0,0.0,0.0,0.0,-0.26033350825309753
2151,39984,2,902,2,OP3,FIXED_OPPONENT,train,SCRIPTED:OP3,0,2,3,-1,18,0.23999999463558197,1,0,0,11.0,10.592954847547743,-1.2000000476837158,-0.4000000059604645,-0.01060137152671814,0.019999999552965164,-1.0,-100.0,0.0,-0.5209266543388367
2152,40048,2,910,3,OP3,FIXED_OPPONENT,train,SCRIPTED:OP3,1,3,2,1,18,0.1599999964237213,1,0,3,11.0,9.716389973958334,1.5,0.5,-0.010808639228343964,0.029999999329447746,1.0,100.0,0.0,0.5830081701278687
2153,40056,2,911,1,OP3,FIXED_OPPONENT,train,SCRIPTED:OP3,1,3,2,1,19,0.11999999731779099,1,0,1,12.0,10.605039897717928,1.5,0.5,-0.022842295467853546,0.029999999329447746,1.0,100.0,0.0,0.5828670263290405
2154,40064,2,912,1,OP3,FIXED_OPPONENT,train,SCRIPTED:OP3,1,3,2,1,18,0.11999999731779099,1,0,0,11.0,11.983007642957899,1.5,0.4000000059604645,-0.008940577507019043,0.029999999329447746,1.0,100.0,-0.019999999552965164,0.5651544332504272
2155,40064,2,912,2,OP3,FIXED_OPPONENT,train,SCRIPTED:OP3,0,2,3,-1,19,0.2800000011920929,1,0,3,13.0,10.538178293328537,-1.2000000476837158,-0.5,0.011366039514541626,0.019999999552965164,-1.0,-100.0,-0.019999999552965164,-0.5398095846176147
2156,40072,2,913,3,OP3,FIXED_OPPONENT,train,SCRIPTED:OP3,1,3,2,1,17,0.11999999731779099,1,0,1,11.0,10.590488209443933,1.5,0.4000000059604645,-0.008716411888599396,0.029999999329447746,1.0,100.0,0.0,0.5681744813919067
2157,40096,2,916,3,OP3,FIXED_OPPONENT,train,SCRIPTED:OP3,0,2,3,-1,19,0.1599999964237213,1,0,0,12.0,12.862462093955592,-1.2000000476837158,-0.5,0.002827942371368408,0.019999999552965164,-1.0,-100.0,0.0,-0.5367608070373535
2158,40120,2,919,3,OP3,FIXED_OPPONENT,train,SCRIPTED:OP3,1,3,2,1,17,0.19999998807907104,1,0,0,11.0,11.859616447897519,1.5,0.4000000059604645,0.003446340560913086,0.029999999329447746,1.0,100.0,-0.019999999552965164,0.5653042793273926
2159,40136,2,921,3,OP3,FIXED_OPPONENT,train,SCRIPTED:OP3,0,2,3,-1,19,0.19999998807907104,1,0,0,11.0,11.99959925601357,-1.2000000476837158,-0.5,-0.003041371703147888,0.019999999552965164,-1.0,-100.0,0.0,-0.5368350744247437
2160,40208,2,930,3,OP3,FIXED_OPPONENT,train,SCRIPTED:OP3,0,2,3,-1,20,0.19999998807907104,1,0,5,11.0,9.954031372070313,-1.2000000476837158,-0.5,0.002697169780731201,0.019999999552965164,-1.0,-100.0,0.0,-0.5367624759674072
2161,40216,2,931,3,OP3,FIXED_OPPONENT,train,SCRIPTED:OP3,0,2,3,-1,18,0.23999999463558197,1,0,1,12.0,11.467681884765625,-1.2000000476837158,-0.4000000059604645,-0.006273135542869568,0.0,-1.0,-100.0,0.0,-0.5211296081542969
2162,40216,2,931,2,OP3,FIXED_OPPONENT,train,SCRIPTED:OP3,1,3,2,1,20,0.3199999928474426,1,0,3,13.0,10.068482971191406,1.5,0.5,-0.01259581744670868,0.029999999329447746,1.0,100.0,0.0,0.5829871892929077
2163,40216,2,931,2,OP3,FIXED_OPPONENT,train,SCRIPTED:OP3,1,3,2,1,19,0.3199999928474426,1,0,2,12.0,10.966812936883224,1.5,0.5,-0.009417116641998291,0.014999999664723873,1.0,100.0,0.0,0.5828484892845154
2164,40224,2,932,2,OP3,FIXED_OPPONENT,train,SCRIPTED:OP3,1,3,2,1,20,0.23999999463558197,1,0,2,14.0,10.332643127441406,1.5,0.5,-0.031242989003658295,0.029999999329447746,1.0,100.0,0.0,0.5827683210372925
2165,40232,2,933,2,OP3,FIXED_OPPONENT,train,SCRIPTED:OP3,1,3,2,1,17,0.2800000011920929,1,0,3,11.0,9.341005213120404,1.5,0.4000000059604645,-0.009933844208717346,0.029999999329447746,1.0,100.0,0.0,0.5681596994400024
2166,40280,2,939,1,OP3,FIXED_OPPONENT,train,SCRIPTED:OP3,0,3,3,0,18,0.19999998807907104,1,0,4,11.0,9.691290961371529,-0.699999988079071,0.0,-0.009930580854415894,0.0,0.0,0.0,-0.019999999552965164,-0.15882061421871185
2167,40280,2,939,0,OP3,FIXED_OPPONENT,train,SCRIPTED:OP3,0,2,3,-1,20,0.19999998807907104,0,1,8,13.0,9.904442596435548,-1.2000000476837158,-0.5,-0.003181949257850647,0.019999999552965164,-1.0,-100.0,-0.019999999552965164,-0.5399928092956543
2168,40344,2,947,2,OP3,FIXED_OPPONENT,train,SCRIPTED:OP3,0,2,3,-1,17,0.1599999964237213,1,0,0,11.0,12.196210075827207,-1.2000000476837158,-0.5,0.0027993470430374146,0.019999999552965164,-1.0,-100.0,0.0,-0.5367611646652222
2169,40360,2,949,1,OP3,FIXED_OPPONENT,train,SCRIPTED:OP3,1,3,2,1,18,0.23999999463558197,1,0,0,12.0,11.996301439073351,1.5,0.5,0.01590578258037567,0.029999999329447746,1.0,100.0,0.0,0.5833215713500977
2170,40360,2,949,3,OP3,FIXED_OPPONENT,train,SCRIPTED:OP3,0,2,3,-1,18,0.19999998807907104,1,0,1,11.0,10.784711201985678,-1.2000000476837158,-0.5,-0.007450908422470093,0.0,-1.0,-100.0,-0.019999999552965164,-0.540298342704773
2171,40368,2,950,1,OP3,FIXED_OPPONENT,train,SCRIPTED:OP3,0,3,3,0,18,0.19999998807907104,1,0,0,11.0,12.522363450792101,-0.699999988079071,0.0,0.008134342730045319,0.0,0.0,0.0,0.0,-0.15417173504829407
2172,40368,2,950,3,OP3,FIXED_OPPONENT,train,SCRIPTED:OP3,0,2,3,-1,19,0.1599999964237213,1,0,2,12.0,10.917468422337583,-1.2000000476837158,-0.5,0.011395901441574097,0.019999999552965164,-1.0,-100.0,0.0,-0.5366523265838623
2173,40376,2,951,3,OP3,FIXED_OPPONENT,train,SCRIPTED:OP3,1,3,2,1,18,0.23999999463558197,1,0,0,11.0,9.657463921440971,1.5,0.4000000059604645,-0.010236397385597229,0.029999999329447746,1.0,100.0,-0.019999999552965164,0.5651386976242065
2174,40416,2,956,0,OP3,FIXED_OPPONENT,train,SCRIPTED:OP3,1,3,2,1,17,0.19999998807907104,1,0,2,12.0,10.166448256548714,1.5,0.5,0.0004112720489501953,0.029999999329447746,1.0,100.0,0.0,0.5831398367881775
2175,40432,2,958,2,OP3,FIXED_OPPONENT,train,SCRIPTED:OP3,1,3,2,1,19,0.23999999463558197,1,0,2,12.0,9.878246106599507,1.5,0.5,0.011904492974281311,0.014999999664723873,1.0,100.0,-0.03999999910593033,0.5772016644477844
2176,40464,2,962,2,OP3,FIXED_OPPONENT,train,SCRIPTED:OP3,1,3,2,1,15,0.23999999463558197,1,0,0,11.0,11.143089803059896,1.5,0.4000000059604645,-0.006433367729187012,0.029999999329447746,1.0,100.0,-0.019999999552965164,0.5651847124099731
2177,40496,2,966,0,OP3,FIXED_OPPONENT,train,SCRIPTED:OP3,0,2,3,-1,17,0.2800000011920929,1,0,1,11.0,11.48873093548943,-1.2000000476837158,-0.5,-0.0003147721290588379,0.019999999552965164,-1.0,-100.0,0.0,-0.5368006229400635
2178,40504,2,967,0,OP3,FIXED_OPPONENT,train,SCRIPTED:OP3,1,3,1,2,16,0.1599999964237213,1,0,0,12.0,12.288511276245117,1.5,0.4000000059604645,-0.00930815190076828,0.029999999329447746,1.0,100.0,-0.019999999552965164,0.5651499032974243
2179,40504,2,967,0,OP3,FIXED_OPPONENT,train,SCRIPTED:OP3,0,2,3,-1,18,0.19999998807907104,1,0,0,11.0,11.784824795193142,-1.2000000476837158,-0.5,-0.0005325376987457275,0.019999999552965164,-1.0,-100.0,-0.019999999552965164,-0.5399594306945801
2180,40512,2,968,3,OP3,FIXED_OPPONENT,train,SCRIPTED:OP3,0,2,3,-1,18,0.2800000011920929,1,0,0,11.0,9.358634101019966,-1.2000000476837158,0.0,-0.010003536939620972,0.0,0.0,0.0,0.0,-0.2606861889362335
2181,40544,2,972,1,OP3,FIXED_OPPONENT,train,SCRIPTED:OP3,0,3,3,0,22,0.23999999463558197,1,0,1,14.0,11.37863505970348,-0.699999988079071,0.0,-0.001340918242931366,0.0,0.0,0.0,0.0,-0.15433618426322937
2182,40560,2,974,2,OP3,FIXED_OPPONENT,train,SCRIPTED:OP3,0,3,3,0,18,0.19999998807907104,1,0,0,11.0,11.805679321289062,-0.699999988079071,0.0,-0.005569010972976685,0.0,0.0,0.0,-0.019999999552965164,-0.15874502062797546
2183,40600,2,979,3,OP3,FIXED_OPPONENT,train,SCRIPTED:OP3,1,3,2,1,21,0.2800000011920929,1,0,6,14.0,9.125017438616071,1.5,0.5,0.001711830496788025,0.014999999664723873,1.0,100.0,0.0,0.582979142665863
2184,40608,2,980,2,OP3,FIXED_OPPONENT,train,SCRIPTED:OP3,0,2,3,-1,18,0.23999999463558197,1,0,1,11.0,10.243108961317274,-1.2000000476837158,-0.4000000059604645,0.0044895559549331665,0.019999999552965164,-1.0,-100.0,0.0,-0.5207310914993286
2185,40640,2,984,1,OP3,FIXED_OPPONENT,train,SCRIPTED:OP3,1,3,2,1,17,0.19999998807907104,1,0,0,11.0,10.530412561753216,1.5,0.5,-0.02466028928756714,0.029999999329447746,1.0,100.0,-0.019999999552965164,0.5799033641815186
2186,40648,2,985,2,OP3,FIXED_OPPONENT,train,SCRIPTED:OP3,1,3,2,1,18,0.19999998807907104,1,0,4,11.0,10.490336100260416,1.5,0.5,-0.014481201767921448,0.029999999329447746,1.0,100.0,0.0,0.582965075969696
2187,40680,2,989,0,OP3,FIXED_OPPONENT,train,SCRIPTED:OP3,1,3,2,1,23,0.23999999463558197,1,0,2,15.0,10.373353377632473,1.5,0.5,0.008810549974441528,0.029999999329447746,1.0,100.0,0.0,0.583238422870636
2188,40688,2,990,0,OP3,FIXED_OPPONENT,train,SCRIPTED:OP3,0,2,3,-1,18,0.1599999964237213,1,0,4,14.0,11.559045579698351,-1.2000000476837158,-0.5,0.006663888692855835,0.019999999552965164,-1.0,-100.0,0.0,-0.5367122292518616
2189,40688,2,990,1,OP3,FIXED_OPPONENT,train,SCRIPTED:OP3,0,3,3,0,22,0.1599999964237213,1,0,12,12.0,8.962684631347656,-0.699999988079071,0.5,-0.000549808144569397,0.0,1.0,100.0,0.0,0.1759188026189804
2190,40696,2,991,3,OP3,FIXED_OPPONENT,train,SCRIPTED:OP3,1,3,2,1,17,0.11999999731779099,1,0,5,12.0,9.065800386316637,1.5,0.4000000059604645,-0.010300666093826294,0.029999999329447746,1.0,100.0,-0.019999999552965164,0.5651379823684692
2191,40744,2,997,1,OP3,FIXED_OPPONENT,train,SCRIPTED:OP3,0,2,3,-1,18,0.1599999964237213,1,0,4,11.0,10.315946790907118,-1.2000000476837158,0.0,-0.0008506029844284058,0.019999999552965164,0.0,0.0,0.0,-0.260203093290329
2192,40752,2,998,2,OP3,FIXED_OPPONENT,train,SCRIPTED:OP3,0,2,3,-1,18,0.1599999964237213,1,0,5,12.0,9.778594122992622,-1.2000000476837158,-0.5,-0.009955182671546936,0.019999999552965164,-1.0,-100.0,0.0,-0.5369225144386292
2193,40776,2,1001,3,OP3,FIXED_OPPONENT,train,SCRIPTED:OP3,1,3,2,1,17,0.23999999463558197,1,0,0,11.0,11.461732752182904,1.5,0.5,0.008982136845588684,0.014999999664723873,1.0,100.0,-0.019999999552965164,0.5801233649253845
2194,40784,2,1002,0,OP3,FIXED_OPPONENT,train,SCRIPTED:OP3,1,3,2,1,17,0.11999999731779099,1,0,2,11.0,10.200902602251839,1.5,0.0,-0.01001538336277008,0.0,0.0,0.0,0.0,0.32135307788848877
2195,40808,2,1005,1,OP3,FIXED_OPPONENT,train,SCRIPTED:OP3,0,2,3,-1,15,0.23999999463558197,1,0,1,11.0,10.771849568684896,-1.2000000476837158,-0.5,-0.00810423493385315,0.019999999552965164,-1.0,-100.0,0.0,-0.5368991494178772
2196,40832,2,1008,0,OP3,FIXED_OPPONENT,train,SCRIPTED:OP3,1,3,2,1,19,0.1599999964237213,1,0,0,12.0,11.725181981136924,1.5,0.5,-0.013761378824710846,0.029999999329447746,1.0,100.0,0.0,0.5829735398292542
2197,40848,2,1010,3,OP3,FIXED_OPPONENT,train,SCRIPTED:OP3,0,3,3,0,20,0.35999998450279236,1,0,3,13.0,9.303287506103516,-0.699999988079071,0.0,0.006659477949142456,0.0,0.0,0.0,0.0,-0.1541973352432251
2198,40848,2,1010,0,OP3,FIXED_OPPONENT,train,SCRIPTED:OP3,0,1,3,-2,19,0.11999999731779099,1,0,3,12.0,11.1715232447574,-1.2000000476837158,0.0,-0.003786742687225342,0.019999999552965164,0.0,0.0,0.0,-0.2602517306804657
2199,40888,2,1015,1,OP3,FIXED_OPPONENT,train,SCRIPTED:OP3,0,2,3,-1,17,0.2800000011920929,1,0,0,11.0,10.620240155388327,-1.2000000476837158,-0.4000000059604645,-0.010626479983329773,0.019999999552965164,-1.0,-100.0,-0.019999999552965164,-0.5241578817367554
2200,40912,2,1018,0,OP3,FIXED_OPPONENT,train,SCRIPTED:OP3,1,3,2,1,21,0.3199999928474426,1,0,3,15.0,10.627354213169642,1.5,0.5,0.00527682900428772,0.014999999664723873,1.0,100.0,-0.019999999552965164,0.5800796747207642
2201,40920,2,1019,0,OP3,FIXED_OPPONENT,train,SCRIPTED:OP3,0,2,3,-1,17,0.23999999463558197,1,0,0,11.0,10.858145321116728,-1.2000000476837158,-0.5,0.004355102777481079,0.019999999552965164,-1.0,-100.0,0.0,-0.5367414951324463
2202,40952,2,1023,3,OP3,FIXED_OPPONENT,train,SCRIPTED:OP3,0,2,3,-1,22,0.23999999463558197,1,0,5,15.0,9.773141340775924,-1.2000000476837158,-0.5,0.008925572037696838,0.019999999552965164,-1.0,-100.0,0.0,-0.5366836190223694
2203,40960,2,1024,0,OP3,FIXED_OPPONENT,train,SCRIPTED:OP3,0,2,3,-1,19,0.19999998807907104,1,0,3,11.0,12.117915906404194,-1.2000000476837158,-0.5,-0.0137261301279068,0.019999999552965164,-1.0,-100.0,0.0,-0.536970317363739
2204,40968,2,1025,1,OP3,FIXED_OPPONENT,train,SCRIPTED:OP3,1,3,2,1,17,0.1599999964237213,1,0,3,11.0,10.465262020335478,1.5,0.5,-0.024614840745925903,0.029999999329447746,1.0,100.0,0.0,0.5828461647033691
2205,40992,2,1028,0,OP3,FIXED_OPPONENT,train,SCRIPTED:OP3,0,3,3,0,18,0.1599999964237213,1,0,1,11.0,10.361859639485678,-0.699999988079071,0.0,0.0012145638465881348,0.0,0.0,0.0,0.0,-0.15429183840751648
2206,41016,2,1031,1,OP3,FIXED_OPPONENT,train,SCRIPTED:OP3,1,3,2,1,21,0.23999999463558197,1,0,7,14.0,10.245617094494047,1.5,0.5,-0.027659788727760315,0.029999999329447746,1.0,100.0,-0.019999999552965164,0.579867959022522
2207,41040,2,1034,1,OP3,FIXED_OPPONENT,train,SCRIPTED:OP3,0,1,3,-2,16,0.11999999731779099,1,0,3,12.0,11.494741439819336,-1.2000000476837158,-0.5,-0.008781969547271729,0.019999999552965164,-1.0,-100.0,-0.019999999552965164,-0.5400633811950684
2208,41040,2,1034,2,OP3,FIXED_OPPONENT,train,SCRIPTED:OP3,0,2,3,-1,19,0.23999999463558197,1,0,2,11.0,10.461367155376234,-1.2000000476837158,-0.5,0.009555399417877197,0.019999999552965164,-1.0,-100.0,0.0,-0.5366756916046143
2209,41056,2,1036,0,OP3,FIXED_OPPONENT,train,SCRIPTED:OP3,1,3,2,1,17,0.23999999463558197,1,0,2,11.0,11.237401625689339,1.5,0.0,-0.0053207725286483765,0.0,0.0,0.0,0.0,0.3214278817176819
2210,41088,2,1040,2,OP3,FIXED_OPPONENT,train,SCRIPTED:OP3,1,3,1,2,15,0.19999998807907104,1,0,1,11.0,10.680028279622396,1.5,0.0,-0.009490430355072021,0.0,0.0,0.0,0.0,0.32136139273643494
2211,41104,2,1042,3,OP3,FIXED_OPPONENT,train,SCRIPTED:OP3,1,3,2,1,18,0.23999999463558197,1,0,0,11.0,9.674071417914497,1.5,0.4000000059604645,0.008541867136955261,0.014999999664723873,1.0,100.0,0.0,0.5682016015052795
2212,41104,2,1042,1,OP3,FIXED_OPPONENT,train,SCRIPTED:OP3,1,3,2,1,19,0.2800000011920929,1,0,2,12.0,10.15410734477796,1.5,0.5,-0.004480674862861633,0.02499999850988388,1.0,100.0,0.0,0.5830237865447998
2213,41160,2,1049,3,OP3,FIXED_OPPONENT,train,SCRIPTED:OP3,0,2,3,-1,21,0.23999999463558197,1,0,4,13.0,9.937999906994047,-1.2000000476837158,-0.5,0.005179300904273987,0.0,-1.0,-100.0,-0.019999999552965164,-0.540139377117157
2214,41176,2,1051,1,OP3,FIXED_OPPONENT,train,SCRIPTED:OP3,1,3,2,1,20,0.23999999463558197,1,0,4,13.0,9.154322052001953,1.5,0.0,-0.010599911212921143,0.0,0.0,0.0,0.0,0.3213437497615814
2215,41192,2,1053,2,OP3,FIXED_OPPONENT,train,SCRIPTED:OP3,0,3,3,0,19,0.2800000011920929,1,0,0,11.0,11.212868138363486,-0.699999988079071,0.0,-0.008669257164001465,0.0,0.0,0.0,0.0,-0.15446335077285767
2216,41192,2,1053,1,OP3,FIXED_OPPONENT,train,SCRIPTED:OP3,0,2,3,-1,19,0.19999998807907104,1,0,0,12.0,10.41203388414885,-1.2000000476837158,-0.5,-0.005093082785606384,0.019999999552965164,-1.0,-100.0,-0.019999999552965164,-0.5400169491767883
2217,41200,2,1054,2,OP3,FIXED_OPPONENT,train,SCRIPTED:OP3,1,3,2,1,18,0.3199999928474426,1,0,0,11.0,10.614523993598091,1.5,0.4000000059604645,0.006477341055870056,0.014999999664723873,1.0,100.0,0.0,0.5681767463684082
2218,41240,2,1059,0,OP3,FIXED_OPPONENT,train,SCRIPTED:OP3,0,2,3,-1,19,0.19999998807907104,0,1,3,11.0,9.97367377030222,-1.2000000476837158,-0.4000000059604645,-0.0009978115558624268,0.019999999552965164,-1.0,-100.0,-0.019999999552965164,-0.5240336656570435
2219,41248,2,1060,1,OP3,FIXED_OPPONENT,train,SCRIPTED:OP3,0,1,3,-2,18,0.23999999463558197,1,0,3,11.0,9.963511996799046,-1.2000000476837158,-0.5,-0.00229722261428833,0.019999999552965164,-1.0,-100.0,0.0,-0.5368256568908691
2220,41264,2,1062,0,OP3,FIXED_OPPONENT,train,SCRIPTED:OP3,0,2,3,-1,20,0.23999999463558197,1,0,0,12.0,13.061990356445312,-1.2000000476837158,-0.5,-0.00018262863159179688,0.019999999552965164,-1.0,-100.0,-0.019999999552965164,-0.5399550795555115
2221,41312,2,1068,2,OP3,FIXED_OPPONENT,train,SCRIPTED:OP3,1,3,2,1,19,0.23999999463558197,1,0,6,12.0,10.332908228824014,1.5,0.5,-0.0027774423360824585,0.014999999664723873,1.0,100.0,0.0,0.5829263925552368
2222,41328,2,1070,2,OP3,FIXED_OPPONENT,train,SCRIPTED:OP3,1,3,2,1,19,0.23999999463558197,1,0,4,12.0,11.102128681383634,1.5,0.5,-0.017167940735816956,0.029999999329447746,1.0,100.0,0.0,0.5829335451126099
2223,41336,2,1071,0,OP3,FIXED_OPPONENT,train,SCRIPTED:OP3,1,3,2,1,18,0.1599999964237213,1,0,2,12.0,10.18207041422526,1.5,0.4000000059604645,-0.00679391622543335,0.029999999329447746,1.0,100.0,0.0,0.56819748878479
2224,41336,2,1071,1,OP3,FIXED_OPPONENT,train,SCRIPTED:OP3,0,2,3,-1,18,0.19999998807907104,1,0,2,11.0,9.680658976236979,-1.2000000476837158,-0.5,-0.010068744421005249,0.019999999552965164,-1.0,-100.0,0.0,-0.5369239449501038
2225,41344,2,1072,1,OP3,FIXED_OPPONENT,train,SCRIPTED:OP3,1,3,2,1,18,0.4399999976158142,1,0,2,11.0,10.362358093261719,1.5,0.5,-0.01490776240825653,0.014999999664723873,1.0,100.0,0.0,0.5827839970588684
2226,41368,2,1075,2,OP3,FIXED_OPPONENT,train,SCRIPTED:OP3,1,3,2,1,16,0.1599999964237213,1,0,3,12.0,9.864956855773926,1.5,0.4000000059604645,-0.0045547038316726685,0.029999999329447746,1.0,100.0,-0.019999999552965164,0.5652074813842773
2227,41384,2,1077,2,OP3,FIXED_OPPONENT,train,SCRIPTED:OP3,0,2,3,-1,17,0.23999999463558197,1,0,1,12.0,11.537051930147058,-1.2000000476837158,-0.5,0.014752611517906189,0.019999999552965164,-1.0,-100.0,0.0,-0.5366098880767822
2228,41424,2,1082,3,OP3,FIXED_OPPONENT,train,SCRIPTED:OP3,1,3,2,1,20,0.23999999463558197,1,0,2,14.0,9.792951965332032,1.5,0.5,0.014074504375457764,0.029999999329447746,1.0,100.0,-0.019999999552965164,0.5803602933883667
2229,41456,2,1086,3,OP3,FIXED_OPPONENT,train,SCRIPTED:OP3,0,2,3,-1,15,0.1599999964237213,1,0,1,11.0,10.362786865234375,-1.2000000476837158,-0.5,-0.0044211745262146,0.019999999552965164,-1.0,-100.0,0.0,-0.5368525981903076
2230,41472,2,1088,0,OP3,FIXED_OPPONENT,train,SCRIPTED:OP3,1,3,2,1,20,0.1599999964237213,1,0,0,14.0,10.548758697509765,1.5,0.5,-0.02138792723417282,0.029999999329447746,1.0,100.0,0.0,0.5828840732574463
2231,41480,2,1089,1,OP3,FIXED_OPPONENT,train,SCRIPTED:OP3,0,3,3,0,19,0.19999998807907104,1,0,3,12.0,10.319137573242188,-0.699999988079071,0.0,0.008463874459266663,0.0,0.0,0.0,-0.019999999552965164,-0.15850181877613068
2232,41496,2,1091,3,OP3,FIXED_OPPONENT,train,SCRIPTED:OP3,0,2,3,-1,20,0.1599999964237213,1,0,0,12.0,11.265384674072266,-1.2000000476837158,-0.5,0.006197869777679443,0.019999999552965164,-1.0,-100.0,-0.019999999552965164,-0.5398746728897095
2233,41504,2,1092,1,OP3,FIXED_OPPONENT,train,SCRIPTED:OP3,0,2,3,-1,17,0.35999998450279236,1,0,0,11.0,10.466460284064798,-1.2000000476837158,-0.5,-0.0055669695138931274,0.0,-1.0,-100.0,0.0,-0.53711998462677
2234,41504,2,1092,3,OP3,FIXED_OPPONENT,train,SCRIPTED:OP3,1,3,2,1,20,0.2800000011920929,1,0,4,13.0,9.35589370727539,1.5,0.5,-0.011228904128074646,0.029999999329447746,1.0,100.0,-0.019999999552965164,0.5800619125366211
2235,41528,2,1095,3,OP3,FIXED_OPPONENT,train,SCRIPTED:OP3,1,3,2,1,18,0.19999998807907104,1,0,1,12.0,10.875435723198784,1.5,0.5,0.012062981724739075,0.014999999664723873,1.0,100.0,-0.019999999552965164,0.5801596641540527
2236,41568,2,1100,0,OP3,FIXED_OPPONENT,train,SCRIPTED:OP3,0,2,3,-1,18,0.19999998807907104,1,0,1,11.0,11.125457763671875,-1.2000000476837158,-0.5,0.01539263129234314,0.0,-1.0,-100.0,0.0,-0.5368549227714539
2237,41600,2,1104,2,OP3,FIXED_OPPONENT,train,SCRIPTED:OP3,0,1,3,-2,18,0.3199999928474426,1,0,3,11.0,10.193646748860678,-1.2000000476837158,-0.5,-0.006433829665184021,0.019999999552965164,-1.0,-100.0,-0.019999999552965164,-0.5400338172912598
2238,41600,2,1104,3,OP3,FIXED_OPPONENT,train,SCRIPTED:OP3,0,2,3,-1,15,0.23999999463558197,1,0,0,11.0,10.866575113932292,-1.2000000476837158,-0.5,-0.013751968741416931,0.0,-1.0,-100.0,-0.019999999552965164,-0.5403777360916138
2239,41616,2,1106,3,OP3,FIXED_OPPONENT,train,SCRIPTED:OP3,0,3,3,0,18,0.2800000011920929,1,0,0,11.0,10.530573527018229,-0.699999988079071,0.0,-0.0006066262722015381,0.0,0.0,0.0,0.0,-0.15432342886924744
2240,41640,2,1109,3,OP3,FIXED_OPPONENT,train,SCRIPTED:OP3,1,3,2,1,18,0.23999999463558197,1,0,1,11.0,9.360220167371962,1.5,0.4000000059604645,-0.0006969422101974487,0.014999999664723873,1.0,100.0,0.0,0.5680904388427734
2241,41648,2,1110,0,OP3,FIXED_OPPONENT,train,SCRIPTED:OP3,0,3,3,0,18,0.23999999463558197,1,0,6,11.0,9.356383429633247,-0.699999988079071,0.0,0.002948448061943054,0.0,0.0,0.0,-0.019999999552965164,-0.1585974246263504
2242,41672,2,1113,2,OP3,FIXED_OPPONENT,train,SCRIPTED:OP3,1,3,1,2,18,0.3999999761581421,1,0,0,11.0,9.027966817220053,1.5,0.5,-0.030191585421562195,0.014999999664723873,1.0,100.0,0.0,0.5826045274734497
2243,41680,2,1114,1,OP3,FIXED_OPPONENT,train,SCRIPTED:OP3,1,3,2,1,22,0.19999998807907104,1,0,3,14.0,9.868596163662998,1.5,0.5,0.016451269388198853,0.029999999329447746,1.0,100.0,-0.019999999552965164,0.5803883075714111
2244,41720,2,1119,1,OP3,FIXED_OPPONENT,train,SCRIPTED:OP3,0,2,3,-1,15,0.1599999964237213,1,0,0,11.0,13.021708170572916,-1.2000000476837158,-0.5,0.004389062523841858,0.019999999552965164,-1.0,-100.0,0.0,-0.5367410778999329
2245,41728,2,1120,0,OP3,FIXED_OPPONENT,train,SCRIPTED:OP3,0,2,3,-1,20,0.2800000011920929,0,1,3,12.0,10.763861083984375,-1.2000000476837158,-0.5,0.008260473608970642,0.019999999552965164,-1.0,-100.0,-0.03999999910593033,-0.5429903268814087
2246,41728,2,1120,0,OP3,FIXED_OPPONENT,train,SCRIPTED:OP3,1,3,2,1,16,0.3199999928474426,1,0,0,11.0,10.210309982299805,1.5,0.0,-0.004858136177062988,0.0,0.0,0.0,-0.019999999552965164,0.3174443542957306
2247,41760,2,1124,2,OP3,FIXED_OPPONENT,train,SCRIPTED:OP3,0,2,3,-1,18,0.19999998807907104,1,0,2,11.0,9.325369940863716,-1.2000000476837158,-0.5,-0.013777032494544983,0.019999999552965164,-1.0,-100.0,0.0,-0.5369709134101868
2248,41784,2,1127,3,OP3,FIXED_OPPONENT,train,SCRIPTED:OP3,0,3,3,0,18,0.35999998450279236,1,0,1,11.0,10.21348147922092,-0.699999988079071,0.0,-0.010408639907836914,0.0,0.0,0.0,0.0,-0.1544935256242752
2249,41800,2,1129,0,OP3,FIXED_OPPONENT,train,SCRIPTED:OP3,1,3,2,1,19,0.19999998807907104,1,0,0,12.0,12.92997902318051,1.5,0.4000000059604645,0.007139027118682861,0.014999999664723873,1.0,100.0,0.0,0.5681847333908081
2250,41824,2,1132,1,OP3,FIXED_OPPONENT,train,SCRIPTED:OP3,0,2,3,-1,19,0.3199999928474426,1,0,2,12.0,9.106944033974095,-1.2000000476837158,0.0,-0.008319199085235596,0.019999999552965164,0.0,0.0,-0.019999999552965164,-0.2644653022289276
2251,41824,2,1132,2,OP3,FIXED_OPPONENT,train,SCRIPTED:OP3,0,2,3,-1,18,0.11999999731779099,1,0,2,11.0,10.87534671359592,-1.2000000476837158,-0.4000000059604645,0.0012395530939102173,0.019999999552965164,-1.0,-100.0,0.0,-0.5207732319831848
2252,41864,2,1137,2,OP3,FIXED_OPPONENT,train,SCRIPTED:OP3,0,2,3,-1,17,0.2800000011920929,1,0,0,11.0,11.03293654497932,-1.2000000476837158,-0.5,0.014338374137878418,0.019999999552965164,-1.0,-100.0,0.0,-0.5366151332855225
2253,41880,2,1139,3,OP3,FIXED_OPPONENT,train,SCRIPTED:OP3,1,3,2,1,19,0.2800000011920929,1,0,0,12.0,9.677996183696546,1.5,0.5,-0.025152206420898438,0.029999999329447746,1.0,100.0,-0.019999999552965164,0.5798976421356201
2254,41888,2,1140,3,OP3,FIXED_OPPONENT,train,SCRIPTED:OP3,1,3,2,1,21,0.23999999463558197,1,0,0,14.0,10.85224841889881,1.5,0.5,0.0073133111000061035,0.029999999329447746,1.0,100.0,0.0,0.5832208395004272
2255,41912,2,1143,3,OP3,FIXED_OPPONENT,train,SCRIPTED:OP3,0,3,3,0,19,0.2800000011920929,1,0,4,12.0,10.477747866981908,-0.699999988079071,0.0,-0.00996188074350357,0.0,0.0,0.0,0.0,-0.1544857919216156
2256,41928,2,1145,1,OP3,FIXED_OPPONENT,train,SCRIPTED:OP3,0,2,3,-1,18,0.19999998807907104,1,0,1,11.0,9.764093187120226,-1.2000000476837158,-0.5,-0.003940463066101074,0.019999999552965164,-1.0,-100.0,0.0,-0.5368464589118958
2257,41944,2,1147,1,OP3,FIXED_OPPONENT,train,SCRIPTED:OP3,0,2,3,-1,15,0.23999999463558197,1,0,0,11.0,11.200155639648438,-1.2000000476837158,0.0,-0.00996360182762146,0.0,0.0,0.0,-0.019999999552965164,-0.26482313871383667
2258,41952,2,1148,2,OP3,FIXED_OPPONENT,train,SCRIPTED:OP3,0,2,3,-1,19,0.3199999928474426,1,0,12,12.0,9.619449816252056,-1.2000000476837158,-0.5,-0.0038853883743286133,0.019999999552965164,-1.0,-100.0,-0.019999999552965164,-0.5400017499923706
2259,41976,2,1151,2,OP3,FIXED_OPPONENT,train,SCRIPTED:OP3,0,2,3,-1,19,0.35999998450279236,1,0,1,12.0,8.706562243009868,-1.2000000476837158,-0.5,0.0027369409799575806,0.019999999552965164,-1.0,-100.0,0.0,-0.536761999130249
2260,42008,2,1155,2,OP3,FIXED_OPPONENT,train,SCRIPTED:OP3,1,3,2,1,18,0.19999998807907104,1,0,3,12.0,9.628473917643229,1.5,0.5,-0.0018060952425003052,0.029999999329447746,1.0,100.0,0.0,0.5831138491630554
2261,42040,2,1159,0,OP3,FIXED_OPPONENT,train,SCRIPTED:OP3,0,3,3,0,19,0.1599999964237213,1,0,4,12.0,10.264963250411185,-0.699999988079071,0.5,-0.003100857138633728,0.0,1.0,100.0,0.0,0.17587485909461975
2262,42040,2,1159,0,OP3,FIXED_OPPONENT,train,SCRIPTED:OP3,1,3,2,1,20,0.19999998807907104,1,0,1,13.0,11.629366302490235,1.5,0.5,0.02780507504940033,0.029999999329447746,1.0,100.0,-0.019999999552965164,0.5805221199989319
2263,42056,2,1161,3,OP3,FIXED_OPPONENT,train,SCRIPTED:OP3,0,2,3,-1,18,0.23999999463558197,1,0,4,11.0,10.355166965060764,-1.2000000476837158,0.0,0.001147538423538208,0.0,0.0,0.0,0.0,-0.2605014443397522
2264,42072,2,1163,3,OP3,FIXED_OPPONENT,train,SCRIPTED:OP3,1,3,2,1,18,0.1599999964237213,1,0,0,11.0,12.072274102105034,1.5,0.4000000059604645,-0.006175830960273743,0.029999999329447746,1.0,100.0,0.0,0.5682049989700317
2265,42088,2,1165,2,OP3,FIXED_OPPONENT,train,SCRIPTED:OP3,0,2,3,-1,17,0.23999999463558197,1,0,2,11.0,10.629489674287683,-1.2000000476837158,-0.5,-0.008826002478599548,0.019999999552965164,-1.0,-100.0,-0.019999999552965164,-0.5400639772415161
2266,42088,2,1165,2,OP3,FIXED_OPPONENT,train,SCRIPTED:OP3,1,3,2,1,18,0.2800000011920929,1,0,5,11.0,10.577019585503471,1.5,0.4000000059604645,0.004542738199234009,0.02499999850988388,1.0,100.0,0.0,0.5682737827301025
2267,42120,2,1169,1,OP3,FIXED_OPPONENT,train,SCRIPTED:OP3,0,2,3,-1,18,0.19999998807907104,1,0,6,12.0,11.47572750515408,-1.2000000476837158,-0.5,-0.0016172230243682861,0.019999999552965164,-1.0,-100.0,0.0,-0.5368170738220215
2268,42160,2,1174,0,OP3,FIXED_OPPONENT,train,SCRIPTED:OP3,0,2,3,-1,19,0.19999998807907104,1,0,0,11.0,12.157914011101974,-1.2000000476837158,-0.5,-0.00572437047958374,0.019999999552965164,-1.0,-100.0,0.0,-0.5368690490722656
2269,42192,2,1178,1,OP3,FIXED_OPPONENT,train,SCRIPTED:OP3,0,2,3,-1,19,0.2800000011920929,1,0,1,12.0,10.375603123715049,-1.2000000476837158,-0.5,0.007058396935462952,0.019999999552965164,-1.0,-100.0,-0.019999999552965164,-0.5398638248443604
2270,42200,2,1179,0,OP3,FIXED_OPPONENT,train,SCRIPTED:OP3,0,2,3,-1,20,0.2800000011920929,1,0,4,13.0,9.14703369140625,-1.2000000476837158,-0.5,0.005554065108299255,0.0,-1.0,-100.0,0.0,-0.5369794368743896
2271,42208,2,1180,2,OP3,FIXED_OPPONENT,train,SCRIPTED:OP3,1,3,2,1,19,0.3199999928474426,1,0,1,12.0,9.719147531609787,1.5,0.5,-0.003663286566734314,0.014999999664723873,1.0,100.0,0.0,0.5829160213470459
2272,42216,2,1181,2,OP3,FIXED_OPPONENT,train,SCRIPTED:OP3,0,2,3,-1,18,0.1599999964237213,1,0,0,14.0,11.361933390299479,-1.2000000476837158,-0.5,-0.004341140389442444,0.019999999552965164,-1.0,-100.0,0.0,-0.5368515253067017
2273,42232,2,1183,0,OP3,FIXED_OPPONENT,train,SCRIPTED:OP3,0,2,3,-1,18,0.2800000011920929,1,0,4,11.0,9.922231038411459,-1.2000000476837158,-0.4000000059604645,0.0038710832595825195,0.019999999552965164,-1.0,-100.0,-0.019999999552965164,-0.523970901966095
2274,42248,2,1185,0,OP3,FIXED_OPPONENT,train,SCRIPTED:OP3,1,3,2,1,20,0.23999999463558197,1,0,2,13.0,11.417417907714844,1.5,0.5,-0.0033717751502990723,0.014999999664723873,1.0,100.0,-0.019999999552965164,0.5799776315689087
2275,42264,2,1187,3,OP3,FIXED_OPPONENT,train,SCRIPTED:OP3,1,3,2,1,18,0.2800000011920929,1,0,3,11.0,10.731207953559029,1.5,0.5,-0.03184884786605835,0.014999999664723873,1.0,100.0,0.0,0.5825850963592529
2276,42304,2,1192,1,OP3,FIXED_OPPONENT,train,SCRIPTED:OP3,0,3,3,0,18,0.11999999731779099,1,0,4,11.0,10.249093797471788,-0.699999988079071,0.0,-0.010259255766868591,0.0,0.0,0.0,0.0,-0.15449094772338867
2277,42336,2,1196,3,OP3,FIXED_OPPONENT,train,SCRIPTED:OP3,0,2,3,-1,18,0.2800000011920929,1,0,7,11.0,10.596159193250868,-1.2000000476837158,-0.4000000059604645,-0.008209839463233948,0.019999999552965164,-1.0,-100.0,0.0,-0.5208956599235535
2278,42344,2,1197,0,OP3,FIXED_OPPONENT,train,SCRIPTED:OP3,1,3,2,1,18,0.3999999761581421,1,0,3,11.0,8.697742038302952,1.5,0.4000000059604645,-0.010437503457069397,0.029999999329447746,1.0,100.0,0.0,0.5681537389755249
2279,42360,2,1199,2,OP3,FIXED_OPPONENT,train,SCRIPTED:OP3,0,2,3,-1,19,0.3999999761581421,1,0,2,13.0,9.951437699167352,-1.2000000476837158,-0.5,-0.015062764286994934,0.0,-1.0,-100.0,0.0,-0.5372400879859924
2280,42368,2,1200,3,OP3,FIXED_OPPONENT,train,SCRIPTED:OP3,1,3,2,1,19,0.23999999463558197,1,0,2,13.0,9.898931402909128,1.5,0.5,-0.034555792808532715,0.029999999329447746,1.0,100.0,0.0,0.5827294588088989
2281,42368,2,1200,1,OP3,FIXED_OPPONENT,train,SCRIPTED:OP3,1,3,2,1,17,0.1599999964237213,1,0,2,13.0,10.796573414522058,1.5,0.4000000059604645,0.00526680052280426,0.029999999329447746,1.0,100.0,-0.019999999552965164,0.5653262734413147
2282,42392,2,1203,3,OP3,FIXED_OPPONENT,train,SCRIPTED:OP3,1,3,2,1,18,0.2800000011920929,1,0,0,11.0,10.39389377170139,1.5,0.4000000059604645,0.008635863661766052,0.014999999664723873,1.0,100.0,0.0,0.5682027339935303
2283,42408,2,1205,3,OP3,FIXED_OPPONENT,train,SCRIPTED:OP3,1,3,1,2,18,0.2800000011920929,1,0,2,12.0,9.764063517252604,1.5,0.5,-0.043178170919418335,0.014999999664723873,1.0,100.0,0.0,0.5824520587921143
2284,42424,2,1207,0,OP3,FIXED_OPPONENT,train,SCRIPTED:OP3,0,2,3,-1,15,0.23999999463558197,1,0,0,11.0,11.224066162109375,-1.2000000476837158,-0.5,0.003829166293144226,0.019999999552965164,-1.0,-100.0,0.0,-0.5367481708526611
2285,42488,2,1215,3,OP3,FIXED_OPPONENT,train,SCRIPTED:OP3,0,2,3,-1,18,0.19999998807907104,1,0,5,12.0,9.220753139919704,-1.2000000476837158,-0.5,-0.003044530749320984,0.0,-1.0,-100.0,-0.019999999552965164,-0.5402429103851318
2286,42488,2,1215,3,OP3,FIXED_OPPONENT,train,SCRIPTED:OP3,0,2,3,-1,19,0.19999998807907104,1,0,4,12.0,11.086898000616776,-1.2000000476837158,0.0,0.008279740810394287,0.019999999552965164,0.0,0.0,0.0,-0.26005175709724426
2287,42496,2,1216,0,OP3,FIXED_OPPONENT,train,SCRIPTED:OP3,1,3,2,1,17,0.19999998807907104,1,0,2,12.0,10.720567591050091,1.5,0.5,0.007245913147926331,0.0,1.0,100.0,-0.019999999552965164,0.5799258947372437
2288,42504,2,1217,2,OP3,FIXED_OPPONENT,train,SCRIPTED:OP3,0,2,3,-1,17,0.19999998807907104,1,0,4,11.0,10.02726027544807,-1.2000000476837158,-0.4000000059604645,0.004840433597564697,0.019999999552965164,-1.0,-100.0,0.0,-0.5207266211509705
2289,42528,2,1220,1,OP3,FIXED_OPPONENT,train,SCRIPTED:OP3,1,3,2,1,17,0.23999999463558197,1,0,0,11.0,10.192438462201286,1.5,0.0,-0.0006556063890457153,0.0,0.0,0.0,0.0,0.3215022683143616
2290,42544,2,1222,1,OP3,FIXED_OPPONENT,train,SCRIPTED:OP3,1,3,2,1,22,0.19999998807907104,1,0,0,15.0,11.613821549849076,1.5,0.5,-0.019151858985424042,0.029999999329447746,1.0,100.0,0.0,0.5829102993011475
2291,42560,2,1224,1,OP3,FIXED_OPPONENT,train,SCRIPTED:OP3,1,3,2,1,19,0.3199999928474426,1,0,2,13.0,8.920609323601974,1.5,0.5,-0.041314467787742615,0.029999999329447746,1.0,100.0,0.0,0.5826501250267029
2292,42568,2,1225,3,OP3,FIXED_OPPONENT,train,SCRIPTED:OP3,1,3,2,1,18,0.23999999463558197,1,0,4,11.0,9.216937594943577,1.5,0.4000000059604645,0.0027014464139938354,0.014999999664723873,1.0,100.0,0.0,0.5681312680244446
2293,42640,2,1234,0,OP3,FIXED_OPPONENT,train,SCRIPTED:OP3,1,3,2,1,18,0.3199999928474426,1,0,2,11.0,10.326317681206596,1.5,0.0,-0.010284528136253357,0.0,0.0,0.0,0.0,0.32134875655174255
2294,42640,2,1234,3,OP3,FIXED_OPPONENT,train,SCRIPTED:OP3,0,2,3,-1,19,0.19999998807907104,1,0,1,11.0,10.921215659693667,-1.2000000476837158,-0.5,0.003010183572769165,0.019999999552965164,-1.0,-100.0,-0.019999999552965164,-0.5399148464202881
2295,42648,2,1235,3,OP3,FIXED_OPPONENT,train,SCRIPTED:OP3,0,2,3,-1,18,0.23999999463558197,1,0,2,11.0,10.900298224555122,-1.2000000476837158,-0.5,0.010985106229782104,0.019999999552965164,-1.0,-100.0,0.0,-0.5366575717926025
2296,42648,2,1235,1,OP3,FIXED_OPPONENT,train,SCRIPTED:OP3,0,2,3,-1,20,0.2800000011920929,1,0,6,12.0,10.264181518554688,-1.2000000476837158,-0.5,0.008129000663757324,0.019999999552965164,-1.0,-100.0,-0.019999999552965164,-0.5398503541946411
2297,42664,2,1237,2,OP3,FIXED_OPPONENT,train,SCRIPTED:OP3,0,2,3,-1,17,0.23999999463558197,1,0,3,12.0,10.858804141773897,-1.2000000476837158,0.0,-0.01012246310710907,0.0,0.0,0.0,0.0,-0.2606881558895111
2298,42696,2,1241,1,OP3,FIXED_OPPONENT,train,SCRIPTED:OP3,0,3,3,0,19,0.2800000011920929,1,0,0,11.0,11.784630223324424,-0.699999988079071,0.0,0.0052458494901657104,0.0,0.0,0.0,0.0,-0.15422186255455017
2299,42704,2,1242,0,OP3,FIXED_OPPONENT,train,SCRIPTED:OP3,1,3,2,1,18,0.3999999761581421,1,0,3,11.0,10.09446292453342,1.5,0.4000000059604645,-0.0004426240921020508,0.014999999664723873,1.0,100.0,0.0,0.5680933594703674
2300,42712,2,1243,2,OP3,FIXED_OPPONENT,train,SCRIPTED:OP3,0,2,3,-1,18,0.2800000011920929,1,0,3,11.0,8.826951768663195,-1.2000000476837158,-0.4000000059604645,-0.008044049143791199,0.0,-1.0,-100.0,0.0,-0.5211525559425354
2301,42784,2,1252,2,OP3,FIXED_OPPONENT,train,SCRIPTED:OP3,0,2,3,-1,18,0.23999999463558197,1,0,2,11.0,11.236659579806858,-1.2000000476837158,-0.4000000059604645,-0.010558858513832092,0.0,-1.0,-100.0,0.0,-0.5211851596832275
2302,42792,2,1253,0,OP3,FIXED_OPPONENT,train,SCRIPTED:OP3,1,3,2,1,18,0.2800000011920929,1,0,2,11.0,10.158660888671875,1.5,0.5,-0.010705187916755676,0.014999999664723873,1.0,100.0,0.0,0.5828334093093872
2303,42800,2,1254,1,OP3,FIXED_OPPONENT,train,SCRIPTED:OP3,0,2,3,-1,20,0.1599999964237213,1,0,0,14.0,10.368880462646484,-1.2000000476837158,-0.5,0.008520901203155518,0.019999999552965164,-1.0,-100.0,-0.019999999552965164,-0.5398454666137695
2304,42800,2,1254,2,OP3,FIXED_OPPONENT,train,SCRIPTED:OP3,1,3,2,1,19,0.23999999463558197,1,0,0,12.0,10.573768214175576,1.5,0.5,0.008777260780334473,0.014999999664723873,1.0,100.0,-0.019999999552965164,0.5801209211349487
2305,42808,2,1255,2,OP3,FIXED_OPPONENT,train,SCRIPTED:OP3,1,3,2,1,18,0.2800000011920929,1,0,1,11.0,11.159918891059029,1.5,0.4000000059604645,-0.00947028398513794,0.029999999329447746,1.0,100.0,0.0,0.5681653022766113
2306,42856,2,1261,3,OP3,FIXED_OPPONENT,train,SCRIPTED:OP3,0,1,3,-2,18,0.3199999928474426,1,0,1,11.0,9.987212287055122,-1.2000000476837158,-0.5,-0.003321349620819092,0.019999999552965164,-1.0,-100.0,0.0,-0.5368385910987854
2307,42856,2,1261,3,OP3,FIXED_OPPONENT,train,SCRIPTED:OP3,0,2,3,-1,20,0.23999999463558197,1,0,4,13.0,9.829299926757812,-1.2000000476837158,-0.5,0.016618862748146057,0.019999999552965164,-1.0,-100.0,-0.019999999552965164,-0.5397434234619141
2308,42880,2,1264,2,OP3,FIXED_OPPONENT,train,SCRIPTED:OP3,0,2,3,-1,22,0.23999999463558197,1,0,2,15.0,9.801958257501775,-1.2000000476837158,-0.5,0.002411365509033203,0.0,-1.0,-100.0,0.0,-0.5370191335678101
2309,42936,2,1271,1,OP3,FIXED_OPPONENT,train,SCRIPTED:OP3,0,2,3,-1,19,0.2800000011920929,1,0,2,12.0,9.419364527652139,-1.2000000476837158,-0.5,0.013073891401290894,0.0,-1.0,-100.0,0.0,-0.5368842482566833
2310,42944,2,1272,2,OP3,FIXED_OPPONENT,train,SCRIPTED:OP3,1,3,2,1,18,0.2800000011920929,1,0,1,11.0,9.756947835286459,1.5,0.4000000059604645,-0.00850716233253479,0.014999999664723873,1.0,100.0,0.0,0.5679963231086731
2311,42960,2,1274,1,OP3,FIXED_OPPONENT,train,SCRIPTED:OP3,0,2,3,-1,19,0.23999999463558197,1,0,4,12.0,11.27277253803454,-1.2000000476837158,-0.5,-0.0007860958576202393,0.019999999552965164,-1.0,-100.0,0.0,-0.5368065237998962
2312,42960,2,1274,1,OP3,FIXED_OPPONENT,train,SCRIPTED:OP3,0,2,3,-1,21,0.3999999761581421,1,0,5,13.0,9.369463239397321,-1.2000000476837158,-0.5,0.0123089998960495,0.0,-1.0,-100.0,0.0,-0.5368939638137817
2313,42968,2,1275,2,OP3,FIXED_OPPONENT,train,SCRIPTED:OP3,0,3,3,0,21,0.23999999463558197,1,0,3,13.0,11.05027843656994,-0.699999988079071,0.0,0.0016598999500274658,0.0,0.0,0.0,-0.019999999552965164,-0.1586197316646576
2314,43008,2,1280,0,OP3,FIXED_OPPONENT,train,SCRIPTED:OP3,0,2,3,-1,19,0.23999999463558197,1,0,0,11.0,11.785245393451891,-1.2000000476837158,-0.5,0.009086444973945618,0.019999999552965164,-1.0,-100.0,0.0,-0.536681592464447
2315,43016,2,1281,1,OP3,FIXED_OPPONENT,train,SCRIPTED:OP3,0,2,3,-1,20,0.1599999964237213,1,0,1,13.0,11.711937713623048,-1.2000000476837158,-0.5,-0.0004415959119796753,0.019999999552965164,-1.0,-100.0,-0.019999999552965164,-0.5399583578109741
2316,43024,2,1282,2,OP3,FIXED_OPPONENT,train,SCRIPTED:OP3,0,2,3,-1,18,0.2800000011920929,1,0,6,11.0,8.703040228949654,-1.2000000476837158,-0.5,0.00929233431816101,0.019999999552965164,-1.0,-100.0,-0.019999999552965164,-0.5398356914520264
2317,43080,2,1289,2,OP3,FIXED_OPPONENT,train,SCRIPTED:OP3,0,2,3,-1,17,0.2800000011920929,1,0,1,11.0,9.305423512178308,-1.2000000476837158,-0.5,0.0018398165702819824,0.019999999552965164,-1.0,-100.0,0.0,-0.5367733240127563
2318,43088,2,1290,2,OP3,FIXED_OPPONENT,train,SCRIPTED:OP3,0,2,3,-1,19,0.23999999463558197,1,0,5,12.0,10.00928376850329,-1.2000000476837158,-0.5,0.002035990357398987,0.019999999552965164,-1.0,-100.0,-0.019999999552965164,-0.5399271249771118
2319,43096,2,1291,3,OP3,FIXED_OPPONENT,train,SCRIPTED:OP3,1,3,2,1,16,0.19999998807907104,1,0,0,12.0,10.62167739868164,1.5,0.4000000059604645,0.007746413350105286,0.029999999329447746,1.0,100.0,-0.03999999910593033,0.5623248815536499
2320,43096,2,1291,0,OP3,FIXED_OPPONENT,train,SCRIPTED:OP3,1,3,2,1,17,0.3199999928474426,1,0,2,12.0,11.61202195111443,1.5,0.0,0.001481175422668457,0.0,0.0,0.0,-0.019999999552965164,0.31754571199417114
2321,43104,2,1292,1,OP3,FIXED_OPPONENT,train,SCRIPTED:OP3,0,2,3,-1,18,0.23999999463558197,1,0,0,11.0,11.683598836263021,-1.2000000476837158,-0.5,0.0036250650882720947,0.019999999552965164,-1.0,-100.0,-0.019999999552965164,-0.5399071574211121
2322,43152,2,1298,1,OP3,FIXED_OPPONENT,train,SCRIPTED:OP3,0,2,3,-1,18,0.1599999964237213,1,0,0,11.0,12.314547220865885,-1.2000000476837158,0.0,-0.007126986980438232,0.0,0.0,0.0,0.0,-0.260638564825058
2323,43176,2,1301,1,OP3,FIXED_OPPONENT,train,SCRIPTED:OP3,1,3,2,1,20,0.3199999928474426,1,0,2,13.0,9.900523376464843,1.5,0.4000000059604645,0.0054610371589660645,0.02499999850988388,1.0,100.0,0.0,0.5682848691940308
2324,43176,2,1301,3,OP3,FIXED_OPPONENT,train,SCRIPTED:OP3,0,2,3,-1,19,0.1599999964237213,1,0,5,12.0,10.013477526212993,-1.2000000476837158,-0.4000000059604645,-0.009879231452941895,0.0,-1.0,-100.0,0.0,-0.5211763381958008
2325,43224,2,1307,1,OP3,FIXED_OPPONENT,train,SCRIPTED:OP3,1,3,2,1,18,0.2800000011920929,1,0,4,11.0,10.223425123426649,1.5,0.5,-0.008169196546077728,0.029999999329447746,1.0,100.0,-0.019999999552965164,0.5800979733467102
2326,43232,2,1308,1,OP3,FIXED_OPPONENT,train,SCRIPTED:OP3,0,2,3,-1,18,0.19999998807907104,1,0,2,11.0,11.2679443359375,-1.2000000476837158,-0.5,-0.00572223961353302,0.0,-1.0,-100.0,-0.019999999552965164,-0.5402765870094299
2327,43248,2,1310,3,OP3,FIXED_OPPONENT,train,SCRIPTED:OP3,0,2,3,-1,19,0.19999998807907104,1,0,2,12.0,9.632386860094572,-1.2000000476837158,-0.5,-0.006427064538002014,0.019999999552965164,-1.0,-100.0,0.0,-0.5368778705596924
2328,43248,2,1310,2,OP3,FIXED_OPPONENT,train,SCRIPTED:OP3,1,3,2,1,19,0.23999999463558197,1,0,1,12.0,11.540728117290296,1.5,0.5,0.02078314870595932,0.029999999329447746,1.0,100.0,-0.03999999910593033,0.5774847269058228
2329,43256,2,1311,0,OP3,FIXED_OPPONENT,train,SCRIPTED:OP3,0,2,3,-1,19,0.11999999731779099,1,0,2,12.0,10.402261031301398,-1.2000000476837158,-0.5,0.0037484318017959595,0.019999999552965164,-1.0,-100.0,0.0,-0.5367491245269775
2330,43304,2,1317,1,OP3,FIXED_OPPONENT,train,SCRIPTED:OP3,0,3,3,0,19,0.19999998807907104,1,0,6,12.0,9.84982701351768,-0.699999988079071,0.0,-0.005831316113471985,0.0,0.0,0.0,0.0,-0.154414102435112
2331,43312,2,1318,2,OP3,FIXED_OPPONENT,train,SCRIPTED:OP3,1,3,2,1,17,0.19999998807907104,1,0,1,11.0,11.753752764533548,1.5,0.5,-0.0019189119338989258,0.029999999329447746,1.0,100.0,0.0,0.5831125378608704
2332,43336,2,1321,3,OP3,FIXED_OPPONENT,train,SCRIPTED:OP3,1,3,2,1,20,0.2800000011920929,1,0,1,12.0,9.544364166259765,1.5,0.5,-0.02270050346851349,0.029999999329447746,1.0,100.0,-0.019999999552965164,0.5799265503883362
2333,43376,2,1326,1,OP3,FIXED_OPPONENT,train,SCRIPTED:OP3,0,3,3,0,18,0.3199999928474426,1,0,0,11.0,10.289798312717014,-0.699999988079071,0.0,-0.0015706270933151245,0.0,0.0,0.0,-0.019999999552965164,-0.15867573022842407
2334,43376,2,1326,0,OP3,FIXED_OPPONENT,train,SCRIPTED:OP3,0,2,3,-1,19,0.23999999463558197,1,0,2,12.0,11.262637489720396,-1.2000000476837158,-0.5,0.011159852147102356,0.019999999552965164,-1.0,-100.0,-0.019999999552965164,-0.5398122072219849
2335,43400,2,1329,0,OP3,FIXED_OPPONENT,train,SCRIPTED:OP3,1,3,2,1,19,0.23999999463558197,1,0,2,12.0,11.794545223838405,1.5,0.5,-0.01825869083404541,0.029999999329447746,1.0,100.0,0.0,0.5829207897186279
2336,43400,2,1329,3,OP3,FIXED_OPPONENT,train,SCRIPTED:OP3,0,3,3,0,19,0.2800000011920929,1,0,0,12.0,9.50827347604852,-0.699999988079071,0.0,-0.00620897114276886,0.0,0.0,0.0,-0.019999999552965164,-0.15875612199306488
2337,43408,2,1330,2,OP3,FIXED_OPPONENT,train,SCRIPTED:OP3,0,3,3,0,19,0.23999999463558197,1,0,1,12.0,11.1617287083676,-0.699999988079071,0.0,-0.0037960410118103027,0.0,0.0,0.0,0.0,-0.1543787717819214
2338,43456,2,1336,1,OP3,FIXED_OPPONENT,train,SCRIPTED:OP3,0,3,3,0,18,0.2800000011920929,1,0,4,11.0,9.488399929470486,-0.699999988079071,0.0,-0.008745536208152771,0.0,0.0,0.0,-0.019999999552965164,-0.15880006551742554
2339,43456,2,1336,0,OP3,FIXED_OPPONENT,train,SCRIPTED:OP3,1,3,2,1,19,0.35999998450279236,1,0,1,12.0,10.614063463712993,1.5,0.5,-0.007269471883773804,0.029999999329447746,1.0,100.0,0.0,0.5830497145652771
2340,43480,2,1339,2,OP3,FIXED_OPPONENT,train,SCRIPTED:OP3,1,3,2,1,18,0.2800000011920929,1,0,2,11.0,10.701121860080296,1.5,0.5,-0.014825642108917236,0.029999999329447746,1.0,100.0,0.0,0.5829610824584961
2341,43528,2,1345,2,OP3,FIXED_OPPONENT,train,SCRIPTED:OP3,0,2,3,-1,19,0.1599999964237213,1,0,1,11.0,10.994746961091694,-1.2000000476837158,-0.5,-0.003963559865951538,0.019999999552965164,-1.0,-100.0,0.0,-0.5368467569351196
2342,43536,2,1346,2,OP3,FIXED_OPPONENT,train,SCRIPTED:OP3,0,2,3,-1,17,0.19999998807907104,1,0,3,11.0,10.793253281537224,-1.2000000476837158,-0.4000000059604645,-0.009237676858901978,0.019999999552965164,-1.0,-100.0,-0.019999999552965164,-0.5241400003433228
2343,43544,2,1347,3,OP3,FIXED_OPPONENT,train,SCRIPTED:OP3,0,3,3,0,21,0.2800000011920929,1,0,5,11.0,8.71044921875,-0.699999988079071,0.0,-0.00048607587814331055,0.0,0.0,0.0,0.0,-0.1543213278055191
2344,43568,2,1350,2,OP3,FIXED_OPPONENT,train,SCRIPTED:OP3,0,2,3,-1,20,0.2800000011920929,1,0,2,13.0,10.250879669189453,-1.2000000476837158,-0.5,0.01559022068977356,0.0,-1.0,-100.0,-0.019999999552965164,-0.5400083065032959
2345,43576,2,1351,3,OP3,FIXED_OPPONENT,train,SCRIPTED:OP3,1,3,2,1,22,0.1599999964237213,1,0,8,15.0,9.854353471235795,1.5,0.5,-0.024233773350715637,0.029999999329447746,1.0,100.0,0.0,0.5828506946563721
2346,43600,2,1354,1,OP3,FIXED_OPPONENT,train,SCRIPTED:OP3,0,3,3,0,18,0.23999999463558197,1,0,3,11.0,10.48059336344401,-0.699999988079071,0.0,-0.008868172764778137,0.0,0.0,0.0,0.0,-0.15446680784225464
2347,43608,2,1355,3,OP3,FIXED_OPPONENT,train,SCRIPTED:OP3,0,2,3,-1,19,0.1599999964237213,1,0,3,13.0,9.787608096474095,-1.2000000476837158,-0.5,0.014412134885787964,0.019999999552965164,-1.0,-100.0,-0.019999999552965164,-0.5397711992263794
2348,43632,2,1358,2,OP3,FIXED_OPPONENT,train,SCRIPTED:OP3,0,2,3,-1,19,0.3199999928474426,1,0,2,12.0,9.36067681563528,-1.2000000476837158,-0.5,0.0015125274658203125,0.019999999552965164,-1.0,-100.0,0.0,-0.5367774367332458
2349,43688,2,1365,2,OP3,FIXED_OPPONENT,train,SCRIPTED:OP3,1,3,2,1,19,0.23999999463558197,1,0,5,12.0,9.352034719366776,1.5,0.5,0.016214534640312195,0.014999999664723873,1.0,100.0,0.0,0.5831493139266968
2350,43696,2,1366,2,OP3,FIXED_OPPONENT,train,SCRIPTED:OP3,0,2,3,-1,21,0.35999998450279236,1,0,4,14.0,9.274443853469123,-1.2000000476837158,-0.4000000059604645,0.008055731654167175,0.0,-1.0,-100.0,0.0,-0.5209440588951111
2351,43712,2,1368,0,OP3,FIXED_OPPONENT,train,SCRIPTED:OP3,1,3,2,1,21,0.2800000011920929,1,0,3,14.0,10.325258527483259,1.5,0.5,-0.012267008423805237,0.014999999664723873,1.0,100.0,0.0,0.5828150510787964
2352,43720,2,1369,2,OP3,FIXED_OPPONENT,train,SCRIPTED:OP3,0,2,3,-1,18,0.1599999964237213,1,0,0,11.0,11.294114854600695,-1.2000000476837158,-0.4000000059604645,0.007389932870864868,0.019999999552965164,-1.0,-100.0,0.0,-0.5206935405731201
2353,43720,2,1369,3,OP3,FIXED_OPPONENT,train,SCRIPTED:OP3,0,2,3,-1,19,0.1599999964237213,1,0,3,12.0,9.312456632915296,-1.2000000476837158,-0.5,-0.004018262028694153,0.019999999552965164,-1.0,-100.0,0.0,-0.5368474125862122
2354,43744,2,1372,1,OP3,FIXED_OPPONENT,train,SCRIPTED:OP3,0,2,3,-1,18,0.11999999731779099,1,0,2,11.0,10.62605709499783,-1.2000000476837158,-0.4000000059604645,-0.0013594329357147217,0.019999999552965164,-1.0,-100.0,0.0,-0.5208069086074829
2355,43760,2,1374,3,OP3,FIXED_OPPONENT,train,SCRIPTED:OP3,0,2,3,-1,19,0.3199999928474426,1,0,0,11.0,12.1734763697574,-1.2000000476837158,-0.5,-0.00042717158794403076,0.019999999552965164,-1.0,-100.0,0.0,-0.5368020534515381
2356,43784,2,1377,0,OP3,FIXED_OPPONENT,train,SCRIPTED:OP3,0,3,3,0,19,0.23999999463558197,1,0,4,12.0,10.751366866262336,-0.699999988079071,0.0,0.008281677961349487,0.0,0.0,0.0,0.0,-0.15416918694972992
2357,43840,2,1384,2,OP3,FIXED_OPPONENT,train,SCRIPTED:OP3,0,2,3,-1,19,0.19999998807907104,1,0,0,12.0,11.836587203176398,-1.2000000476837158,-0.5,-0.001909598708152771,0.019999999552965164,-1.0,-100.0,0.0,-0.5368207693099976
2358,43840,2,1384,1,OP3,FIXED_OPPONENT,train,SCRIPTED:OP3,1,3,2,1,18,0.3199999928474426,1,0,0,11.0,11.594548543294271,1.5,0.4000000059604645,-0.0032355934381484985,0.029999999329447746,1.0,100.0,0.0,0.5682403445243835
2359,43848,2,1385,2,OP3,FIXED_OPPONENT,train,SCRIPTED:OP3,1,3,2,1,17,0.23999999463558197,1,0,1,11.0,9.55546480066636,1.5,0.4000000059604645,0.008817091584205627,0.029999999329447746,1.0,100.0,0.0,0.5683854818344116
2360,43872,2,1388,1,OP3,FIXED_OPPONENT,train,SCRIPTED:OP3,0,2,3,-1,19,0.2800000011920929,1,0,2,12.0,10.289140400133634,-1.2000000476837158,-0.5,0.010573595762252808,0.0,-1.0,-100.0,0.0,-0.5369158983230591
2361,43888,2,1390,3,OP3,FIXED_OPPONENT,train,SCRIPTED:OP3,0,2,3,-1,18,0.23999999463558197,1,0,2,11.0,9.122258504231771,-1.2000000476837158,-0.4000000059604645,-0.003565952181816101,0.019999999552965164,-1.0,-100.0,-0.03999999910593033,-0.5272831320762634
2362,43896,2,1391,3,OP3,FIXED_OPPONENT,train,SCRIPTED:OP3,0,2,3,-1,22,0.1599999964237213,1,0,5,14.0,10.467177651145242,-1.2000000476837158,0.0,-0.004500128328800201,0.0,0.0,0.0,0.0,-0.2605949938297272
2363,43904,2,1392,3,OP3,FIXED_OPPONENT,train,SCRIPTED:OP3,1,3,2,1,18,0.1599999964237213,1,0,4,11.0,10.884065416124132,1.5,0.4000000059604645,-0.01245647668838501,0.029999999329447746,1.0,100.0,0.0,0.5681294202804565
2364,43920,2,1394,2,OP3,FIXED_OPPONENT,train,SCRIPTED:OP3,0,2,3,-1,17,0.19999998807907104,1,0,0,11.0,12.86515359317555,-1.2000000476837158,0.0,0.0039707571268081665,0.0,0.0,0.0,0.0,-0.26045462489128113
2365,43992,2,1403,2,OP3,FIXED_OPPONENT,train,SCRIPTED:OP3,1,3,2,1,19,0.3199999928474426,1,0,2,12.0,10.226668508429276,1.5,0.5,-0.029426828026771545,0.029999999329447746,1.0,100.0,-0.03999999910593033,0.5768893957138062
2366,44000,2,1404,0,OP3,FIXED_OPPONENT,train,SCRIPTED:OP3,0,2,3,-1,19,0.3199999928474426,1,0,6,12.0,9.835176166735197,-1.2000000476837158,-0.4000000059604645,-0.005852654576301575,0.0,-1.0,-100.0,0.0,-0.5211241245269775
2367,44008,2,1405,0,OP3,FIXED_OPPONENT,train,SCRIPTED:OP3,0,2,3,-1,15,0.1599999964237213,1,0,1,11.0,11.11458028157552,-1.2000000476837158,0.0,0.007739216089248657,0.0,0.0,0.0,0.0,-0.2603921890258789
2368,44016,2,1406,3,OP3,FIXED_OPPONENT,train,SCRIPTED:OP3,1,3,2,1,22,0.2800000011920929,1,0,10,15.0,9.73646267977628,1.5,0.5,0.006998464465141296,0.029999999329447746,1.0,100.0,0.0,0.5832171440124512
2369,44016,2,1406,1,OP3,FIXED_OPPONENT,train,SCRIPTED:OP3,1,3,2,1,18,0.19999998807907104,1,0,4,11.0,11.018986172146267,1.5,0.5,-0.028274722397327423,0.029999999329447746,1.0,100.0,-0.019999999552965164,0.5798607468605042
2370,44032,2,1408,3,OP3,FIXED_OPPONENT,train,SCRIPTED:OP3,0,2,3,-1,17,0.23999999463558197,1,0,0,11.0,12.539538215188418,-1.2000000476837158,-0.5,-0.007613256573677063,0.019999999552965164,-1.0,-100.0,-0.019999999552965164,-0.5400485992431641
2371,44048,2,1410,2,OP3,FIXED_OPPONENT,train,SCRIPTED:OP3,1,3,2,1,18,0.35999998450279236,1,0,2,11.0,9.637363857693142,1.5,0.0,-0.010323375463485718,0.0,0.0,0.0,-0.019999999552965164,0.31735697388648987
2372,44064,2,1412,2,OP3,FIXED_OPPONENT,train,SCRIPTED:OP3,0,2,3,-1,18,0.19999998807907104,1,0,1,11.0,9.893831888834635,-1.2000000476837158,-0.5,-0.0021248161792755127,0.0,-1.0,-100.0,0.0,-0.537076473236084
2373,44136,2,1421,2,OP3,FIXED_OPPONENT,train,SCRIPTED:OP3,0,2,3,-1,18,0.1599999964237213,1,0,2,11.0,10.531190660264757,-1.2000000476837158,-0.5,0.013440221548080444,0.019999999552965164,-1.0,-100.0,0.0,-0.5366264581680298
2374,44144,2,1422,0,OP3,FIXED_OPPONENT,train,SCRIPTED:OP3,1,3,2,1,18,0.23999999463558197,1,0,0,11.0,11.523743523491753,1.5,0.5,-0.03617158532142639,0.029999999329447746,1.0,100.0,0.0,0.5827104449272156
2375,44168,2,1425,3,OP3,FIXED_OPPONENT,train,SCRIPTED:OP3,0,2,3,-1,19,0.23999999463558197,1,0,1,12.0,11.040665475945724,-1.2000000476837158,-0.5,0.014240920543670654,0.019999999552965164,-1.0,-100.0,0.0,-0.536616325378418
2376,44168,2,1425,2,OP3,FIXED_OPPONENT,train,SCRIPTED:OP3,0,2,3,-1,19,0.2800000011920929,1,0,0,12.0,11.241477564761514,-1.2000000476837158,-0.5,0.009977936744689941,0.019999999552965164,-1.0,-100.0,0.0,-0.5366703271865845
2377,44176,2,1426,1,OP3,FIXED_OPPONENT,train,SCRIPTED:OP3,0,3,3,0,21,0.2800000011920929,1,0,4,11.0,9.618703932989211,-0.699999988079071,0.0,-0.00951559841632843,0.0,0.0,0.0,0.0,-0.1544780284166336
2378,44184,2,1427,0,OP3,FIXED_OPPONENT,train,SCRIPTED:OP3,0,2,3,-1,19,0.2800000011920929,1,0,5,12.0,8.706775062962583,-1.2000000476837158,-0.5,0.0035071521997451782,0.019999999552965164,-1.0,-100.0,-0.019999999552965164,-0.5399086475372314
2379,44192,2,1428,2,OP3,FIXED_OPPONENT,train,SCRIPTED:OP3,1,3,2,1,18,0.1599999964237213,1,0,3,12.0,9.634549458821615,1.5,0.5,-0.024859875440597534,0.029999999329447746,1.0,100.0,0.0,0.5828433036804199
2380,44208,2,1430,2,OP3,FIXED_OPPONENT,train,SCRIPTED:OP3,1,3,2,1,18,0.1599999964237213,1,0,6,11.0,9.604114956325954,1.5,0.5,-0.012368090450763702,0.029999999329447746,1.0,100.0,0.0,0.5829898715019226
2381,44272,2,1438,1,OP3,FIXED_OPPONENT,train,SCRIPTED:OP3,1,3,1,2,17,0.23999999463558197,1,0,3,11.0,10.690382115981159,1.5,0.5,-0.014952898025512695,0.029999999329447746,1.0,100.0,0.0,0.5829595327377319
2382,44280,2,1439,2,OP3,FIXED_OPPONENT,train,SCRIPTED:OP3,1,3,2,1,17,0.1599999964237213,1,0,1,11.0,11.02709332634421,1.5,0.5,-0.02897736430168152,0.029999999329447746,1.0,100.0,0.0,0.5827949643135071
2383,44296,2,1441,2,OP3,FIXED_OPPONENT,train,SCRIPTED:OP3,1,3,2,1,15,0.1599999964237213,1,0,3,11.0,10.547391764322917,1.5,0.4000000059604645,0.008773282170295715,0.029999999329447746,1.0,100.0,0.0,0.5683849453926086
2384,44312,2,1443,0,OP3,FIXED_OPPONENT,train,SCRIPTED:OP3,1,3,2,1,18,0.11999999731779099,1,0,2,13.0,10.154274834526909,1.5,0.5,-0.022590935230255127,0.029999999329447746,1.0,100.0,-0.019999999552965164,0.5799278020858765
2385,44320,2,1444,3,OP3,FIXED_OPPONENT,train,SCRIPTED:OP3,0,2,3,-1,19,0.1599999964237213,1,0,2,12.0,10.230830945466694,-1.2000000476837158,-0.5,0.00974130630493164,0.019999999552965164,-1.0,-100.0,-0.019999999552965164,-0.5398300886154175
2386,44336,2,1446,2,OP3,FIXED_OPPONENT,train,SCRIPTED:OP3,1,3,1,2,18,0.35999998450279236,1,0,0,11.0,11.513756646050346,1.5,0.5,-0.0043037086725234985,0.014999999664723873,1.0,100.0,0.0,0.5829085111618042
2387,44344,2,1447,2,OP3,FIXED_OPPONENT,train,SCRIPTED:OP3,0,3,3,0,20,0.3199999928474426,1,0,2,13.0,10.921845245361329,-0.699999988079071,0.0,-0.01013098657131195,0.0,0.0,0.0,-0.019999999552965164,-0.15882408618927002
2388,44352,2,1448,3,OP3,FIXED_OPPONENT,train,SCRIPTED:OP3,0,2,3,-1,18,0.1599999964237213,1,0,4,11.0,12.162483215332031,-1.2000000476837158,0.10000002384185791,-0.006604000926017761,0.019999999552965164,0.0,0.0,0.0,-0.23946480453014374
2389,44408,2,1455,2,OP3,FIXED_OPPONENT,train,SCRIPTED:OP3,1,3,2,1,17,0.23999999463558197,1,0,0,11.0,11.146692612591911,1.5,0.5,-0.014019086956977844,0.029999999329447746,1.0,100.0,0.0,0.5829704999923706
2390,44440,2,1459,0,OP3,FIXED_OPPONENT,train,SCRIPTED:OP3,1,3,2,1,20,0.3999999761581421,1,0,2,12.0,9.676697540283204,1.5,0.5,-0.02757096290588379,0.014999999664723873,1.0,100.0,0.0,0.5826352834701538
2391,44440,2,1459,2,OP3,FIXED_OPPONENT,train,SCRIPTED:OP3,0,2,3,-1,18,0.23999999463558197,1,0,3,11.0,8.714896308051216,-1.2000000476837158,-0.5,-0.0011664330959320068,0.0,-1.0,-100.0,0.0,-0.5370643138885498
2392,44448,2,1460,0,OP3,FIXED_OPPONENT,train,SCRIPTED:OP3,1,3,2,1,17,0.1599999964237213,1,0,1,11.0,11.594830681295957,1.5,0.5,0.011788621544837952,0.029999999329447746,1.0,100.0,0.0,0.5832732915878296
2393,44472,2,1463,1,OP3,FIXED_OPPONENT,train,SCRIPTED:OP3,1,3,2,1,17,0.23999999463558197,1,0,4,11.0,9.076983283547793,1.5,0.5,0.009144604206085205,0.014999999664723873,1.0,100.0,0.0,0.5830663442611694
2394,44480,2,1464,2,OP3,FIXED_OPPONENT,train,SCRIPTED:OP3,1,3,2,1,20,0.19999998807907104,1,0,5,13.0,9.962030029296875,1.5,0.5,-0.025539323687553406,0.029999999329447746,1.0,100.0,-0.019999999552965164,0.5798930525779724
2395,44496,2,1466,2,OP3,FIXED_OPPONENT,train,SCRIPTED:OP3,1,3,2,1,18,0.2800000011920929,1,0,1,11.0,9.931683010525173,1.5,0.4000000059604645,-0.010397002100944519,0.029999999329447746,1.0,100.0,0.0,0.5681540966033936
2396,44504,2,1467,3,OP3,FIXED_OPPONENT,train,SCRIPTED:OP3,0,2,3,-1,20,0.19999998807907104,1,0,4,12.0,9.859452056884766,-1.2000000476837158,-0.5,0.01504679024219513,0.019999999552965164,-1.0,-100.0,0.0,-0.5366061329841614
2397,44552,2,1473,0,OP3,FIXED_OPPONENT,train,SCRIPTED:OP3,1,3,2,1,18,0.3199999928474426,0,1,1,11.0,10.17313724093967,1.5,0.5,-0.02039921283721924,0.029999999329447746,1.0,100.0,0.0,0.5828956365585327
2398,44584,2,1477,1,OP3,FIXED_OPPONENT,train,SCRIPTED:OP3,0,2,3,-1,18,0.23999999463558197,1,0,2,11.0,9.875242445203993,-1.2000000476837158,-0.4000000059604645,-0.010333612561225891,0.0,-1.0,-100.0,0.0,-0.5211821794509888
2399,44592,2,1478,0,OP3,FIXED_OPPONENT,train,SCRIPTED:OP3,1,3,2,1,19,0.19999998807907104,1,0,0,12.0,12.110192549856086,1.5,0.5,-0.013340875506401062,0.029999999329447746,1.0,100.0,0.0,0.5829784870147705
2400,44592,2,1478,1,OP3,FIXED_OPPONENT,train,SCRIPTED:OP3,1,3,1,2,18,0.23999999463558197,1,0,0,11.0,9.970123291015625,1.5,0.5,-0.03162187337875366,0.014999999664723873,1.0,100.0,0.0,0.5825877785682678
2401,44616,2,1481,0,OP3,FIXED_OPPONENT,train,SCRIPTED:OP3,1,3,2,1,18,0.3199999928474426,1,0,1,11.0,10.678374396430122,1.5,0.5,-0.025861740112304688,0.014999999664723873,1.0,100.0,0.0,0.5826554298400879
2402,44624,2,1482,1,OP3,FIXED_OPPONENT,train,SCRIPTED:OP3,1,3,2,1,18,0.2800000011920929,1,0,3,12.0,10.129590352376303,1.5,0.5,0.020235098898410797,0.029999999329447746,1.0,100.0,0.0,0.5833723545074463
2403,44648,2,1485,3,OP3,FIXED_OPPONENT,train,SCRIPTED:OP3,1,3,2,1,18,0.11999999731779099,1,0,3,11.0,10.546385871039497,1.5,0.5,0.009418398141860962,0.029999999329447746,1.0,100.0,0.0,0.5832455158233643
2404,44664,2,1487,0,OP3,FIXED_OPPONENT,train,SCRIPTED:OP3,1,3,2,1,21,0.2800000011920929,1,0,6,14.0,9.901237124488468,1.5,0.5,0.02251453697681427,0.029999999329447746,1.0,100.0,-0.019999999552965164,0.5804598331451416
2405,44712,2,1493,2,OP3,FIXED_OPPONENT,train,SCRIPTED:OP3,1,3,2,1,20,0.3199999928474426,1,0,4,13.0,8.35241241455078,1.5,0.5,-0.012234389781951904,0.029999999329447746,1.0,100.0,-0.019999999552965164,0.580049991607666
2406,44736,2,1496,1,OP3,FIXED_OPPONENT,train,SCRIPTED:OP3,1,3,1,2,19,0.2800000011920929,1,0,3,12.0,9.281104639956826,1.5,0.5,-0.023349761962890625,0.014999999664723873,1.0,100.0,0.0,0.5826848745346069
2407,44744,2,1497,2,OP3,FIXED_OPPONENT,train,SCRIPTED:OP3,0,3,3,0,19,0.2800000011920929,1,0,1,12.0,11.467043424907484,-0.699999988079071,0.0,-4.242360591888428e-05,0.0,0.0,0.0,0.0,-0.15431363880634308
2408,44744,2,1497,3,OP3,FIXED_OPPONENT,train,SCRIPTED:OP3,1,3,2,1,19,0.23999999463558197,0,1,13,12.0,9.007866307308799,1.5,0.4000000059604645,0.0006943196058273315,0.029999999329447746,1.0,100.0,0.0,0.56828773021698
2409,44752,2,1498,1,OP3,FIXED_OPPONENT,train,SCRIPTED:OP3,1,3,2,1,17,0.11999999731779099,1,0,1,11.0,10.869947545668659,1.5,0.0,-0.0006415098905563354,0.0,0.0,0.0,0.0,0.3215024769306183
2410,44768,2,1500,3,OP3,FIXED_OPPONENT,train,SCRIPTED:OP3,1,3,2,1,18,0.19999998807907104,1,0,4,11.0,9.382475958930122,1.5,0.5,-0.01353868842124939,0.029999999329447746,1.0,100.0,0.0,0.5829761624336243
2411,44808,2,1505,2,OP3,FIXED_OPPONENT,train,SCRIPTED:OP3,0,2,3,-1,18,0.1599999964237213,1,0,1,12.0,10.94908226860894,-1.2000000476837158,-0.5,0.013226822018623352,0.019999999552965164,-1.0,-100.0,0.0,-0.5366291999816895
2412,44824,2,1507,3,OP3,FIXED_OPPONENT,train,SCRIPTED:OP3,0,3,3,0,22,0.1599999964237213,1,0,4,12.0,10.610461841930043,-0.699999988079071,0.0,0.008250012993812561,0.0,0.0,0.0,-0.019999999552965164,-0.15850552916526794
2413,44856,2,1511,2,OP3,FIXED_OPPONENT,train,SCRIPTED:OP3,0,2,3,-1,18,0.23999999463558197,1,0,2,11.0,9.997200012207031,-1.2000000476837158,-0.5,0.009511217474937439,0.0,-1.0,-100.0,0.0,-0.5369293093681335
2414,44872,2,1513,2,OP3,FIXED_OPPONENT,train,SCRIPTED:OP3,0,2,3,-1,16,0.1599999964237213,1,0,4,11.0,9.994719505310059,-1.2000000476837158,-0.4000000059604645,0.008421123027801514,0.019999999552965164,-1.0,-100.0,-0.03999999910593033,-0.5271292328834534
2415,44880,2,1514,3,OP3,FIXED_OPPONENT,train,SCRIPTED:OP3,1,3,2,1,18,0.1599999964237213,1,0,2,11.0,10.890655517578125,1.5,0.4000000059604645,-0.00905899703502655,0.029999999329447746,1.0,100.0,0.0,0.5681702494621277
2416,44888,2,1515,0,OP3,FIXED_OPPONENT,train,SCRIPTED:OP3,1,3,1,2,17,0.2800000011920929,1,0,2,13.0,9.734799553366269,1.5,0.5,-0.015368863940238953,0.02499999850988388,1.0,100.0,0.0,0.5828959941864014
2417,44896,2,1516,2,OP3,FIXED_OPPONENT,train,SCRIPTED:OP3,1,3,2,1,19,0.2800000011920929,1,0,3,13.0,10.460914210269326,1.5,0.5,0.012382224202156067,0.014999999664723873,1.0,100.0,0.0,0.5831043124198914
2418,44912,2,1518,0,OP3,FIXED_OPPONENT,train,SCRIPTED:OP3,1,3,2,1,18,0.2800000011920929,1,0,4,11.0,10.747701009114584,1.5,0.8999999761581421,0.008420020341873169,0.029999999329447746,2.0,200.0,0.0,0.7523988485336304
2419,44960,2,1524,0,OP3,FIXED_OPPONENT,train,SCRIPTED:OP3,0,3,3,0,19,0.1599999964237213,1,0,0,12.0,12.348460147255345,-0.699999988079071,0.0,0.00896310806274414,0.0,0.0,0.0,0.0,-0.1541573405265808
2420,44960,2,1524,2,OP3,FIXED_OPPONENT,train,SCRIPTED:OP3,0,2,3,-1,17,0.23999999463558197,1,0,1,13.0,10.243301391601562,-1.2000000476837158,-0.5,0.002087518572807312,0.0,-2.0,-200.0,-0.019999999552965164,-0.6786620616912842
2421,45008,2,1530,1,OP3,FIXED_OPPONENT,train,SCRIPTED:OP3,1,3,1,2,19,0.19999998807907104,1,0,4,12.0,9.316301044664884,1.5,0.5,-0.012551575899124146,0.014999999664723873,1.0,100.0,0.0,0.5828116536140442
2422,45008,2,1530,2,OP3,FIXED_OPPONENT,train,SCRIPTED:OP3,1,3,2,1,17,0.11999999731779099,1,0,0,11.0,10.436771168428308,1.5,0.0,0.008497089147567749,0.0,0.0,0.0,0.0,0.32164812088012695
2423,45032,2,1533,3,OP3,FIXED_OPPONENT,train,SCRIPTED:OP3,1,3,2,1,19,0.19999998807907104,1,0,4,12.0,10.896908408717104,1.5,0.5,-0.011380761861801147,0.029999999329447746,1.0,100.0,0.0,0.5830014944076538
2424,45032,2,1533,2,OP3,FIXED_OPPONENT,train,SCRIPTED:OP3,1,3,2,1,17,0.23999999463558197,1,0,0,12.0,10.694650986615349,1.5,0.0,-0.0031418651342391968,0.0,0.0,0.0,-0.03999999910593033,0.31346970796585083
2425,45056,2,1536,3,OP3,FIXED_OPPONENT,train,SCRIPTED:OP3,0,2,3,-1,18,0.19999998807907104,1,0,0,11.0,9.696207682291666,-1.2000000476837158,-0.5,-0.002223297953605652,0.0,-1.0,-100.0,0.0,-0.5370777249336243
2426,45056,2,1536,2,OP3,FIXED_OPPONENT,train,SCRIPTED:OP3,1,3,2,1,21,0.3199999928474426,1,0,3,14.0,8.987103416806175,1.5,0.5,-0.02501557767391205,0.014999999664723873,1.0,100.0,0.0,0.5826653242111206
2427,45104,2,1542,3,OP3,FIXED_OPPONENT,train,SCRIPTED:OP3,1,3,2,1,18,0.2800000011920929,1,0,0,11.0,10.50996314154731,1.5,0.4000000059604645,0.007366254925727844,0.029999999329447746,1.0,100.0,0.0,0.5683680176734924
2428,45104,2,1542,0,OP3,FIXED_OPPONENT,train,SCRIPTED:OP3,0,2,3,-1,18,0.2800000011920929,1,0,6,11.0,10.583039177788628,-1.2000000476837158,-0.4000000059604645,0.006834313273429871,0.019999999552965164,-1.0,-100.0,0.0,-0.5207007527351379
2429,45152,2,1548,2,OP3,FIXED_OPPONENT,train,SCRIPTED:OP3,1,3,2,1,18,0.1599999964237213,1,0,0,11.0,10.927542792426216,1.5,0.5,0.015075787901878357,0.029999999329447746,1.0,100.0,0.0,0.583311915397644
2430,45152,2,1548,2,OP3,FIXED_OPPONENT,train,SCRIPTED:OP3,0,2,3,-1,18,0.23999999463558197,1,0,2,11.0,10.776171366373697,-1.2000000476837158,-0.4000000059604645,0.004692703485488892,0.019999999552965164,-1.0,-100.0,0.0,-0.5207285284996033
2431,45168,2,1550,1,OP3,FIXED_OPPONENT,train,SCRIPTED:OP3,1,3,2,1,17,0.23999999463558197,1,0,1,11.0,10.965783511891084,1.5,0.5,-0.007052794098854065,0.029999999329447746,1.0,100.0,0.0,0.5830522775650024
2432,45192,2,1553,1,OP3,FIXED_OPPONENT,train,SCRIPTED:OP3,1,3,2,1,20,0.23999999463558197,1,0,5,12.0,10.962518310546875,1.5,0.5,-0.004783071577548981,0.029999999329447746,1.0,100.0,-0.019999999552965164,0.5801379084587097
2433,45200,2,1554,3,OP3,FIXED_OPPONENT,train,SCRIPTED:OP3,1,3,1,2,18,0.23999999463558197,1,0,2,11.0,10.484102037217882,1.5,0.5,-0.004223883152008057,0.014999999664723873,1.0,100.0,-0.019999999552965164,0.5799675583839417
2434,45208,2,1555,2,OP3,FIXED_OPPONENT,train,SCRIPTED:OP3,1,3,2,1,19,0.23999999463558197,1,0,0,12.0,10.922870836759868,1.5,0.5,-0.019670426845550537,0.029999999329447746,1.0,100.0,-0.019999999552965164,0.5799622535705566
2435,45256,2,1561,3,OP3,FIXED_OPPONENT,train,SCRIPTED:OP3,0,2,3,-1,19,0.23999999463558197,1,0,4,11.0,10.506782933285361,-1.2000000476837158,-0.5,-0.01674439013004303,0.0,-1.0,-100.0,-0.019999999552965164,-0.5404154062271118
2436,45280,2,1564,1,OP3,FIXED_OPPONENT,train,SCRIPTED:OP3,0,3,3,0,22,0.23999999463558197,1,0,4,14.0,9.776248585094105,-0.699999988079071,0.0,0.007728606462478638,0.0,0.0,0.0,0.0,-0.15417876839637756
2437,45296,2,1566,1,OP3,FIXED_OPPONENT,train,SCRIPTED:OP3,0,2,3,-1,16,0.11999999731779099,1,0,2,12.0,10.750603675842285,-1.2000000476837158,0.5,-0.006496652960777283,0.0,1.0,100.0,-0.019999999552965164,0.062026988714933395
2438,45304,2,1567,0,OP3,FIXED_OPPONENT,train,SCRIPTED:OP3,1,3,2,1,19,0.23999999463558197,1,0,5,12.0,8.980700844212583,1.5,0.4000000059604645,-0.01048991084098816,0.014999999664723873,1.0,100.0,0.0,0.5679724216461182
2439,45312,2,1568,1,OP3,FIXED_OPPONENT,train,SCRIPTED:OP3,1,3,2,1,20,0.1599999964237213,1,0,4,13.0,10.747908782958984,1.5,0.5,0.013163521885871887,0.029999999329447746,1.0,100.0,-0.03999999910593033,0.5773943662643433
2440,45328,2,1570,2,OP3,FIXED_OPPONENT,train,SCRIPTED:OP3,0,1,3,-2,15,0.11999999731779099,1,0,0,11.0,11.164651489257812,-1.2000000476837158,-0.5,-0.005777701735496521,0.019999999552965164,-1.0,-100.0,0.0,-0.5368697047233582
2441,45328,2,1570,0,OP3,FIXED_OPPONENT,train,SCRIPTED:OP3,0,2,3,-1,17,0.11999999731779099,1,0,0,11.0,11.305901022518382,-1.2000000476837158,-0.5,0.005652233958244324,0.019999999552965164,-1.0,-100.0,0.0,-0.5367250442504883
2442,45344,2,1572,3,OP3,FIXED_OPPONENT,train,SCRIPTED:OP3,0,2,3,-1,18,0.19999998807907104,1,0,3,11.0,9.718720330132378,-1.2000000476837158,0.10000002384185791,0.0014016330242156982,0.019999999552965164,0.0,0.0,0.0,-0.23933066427707672
2443,45400,2,1579,0,OP3,FIXED_OPPONENT,train,SCRIPTED:OP3,0,3,3,0,18,0.19999998807907104,1,0,0,11.0,11.798674689398872,-0.699999988079071,0.0,-0.003977499902248383,0.0,0.0,0.0,0.0,-0.15438193082809448
2444,45424,2,1582,0,OP3,FIXED_OPPONENT,train,SCRIPTED:OP3,0,2,3,-1,18,0.35999998450279236,1,0,1,11.0,10.396700541178385,-1.2000000476837158,-0.4000000059604645,-0.003816932439804077,0.019999999552965164,-1.0,-100.0,0.0,-0.520838737487793
2445,45440,2,1584,3,OP3,FIXED_OPPONENT,train,SCRIPTED:OP3,0,2,3,-1,18,0.19999998807907104,1,0,3,11.0,12.226464165581596,-1.2000000476837158,-0.5,0.005701631307601929,0.019999999552965164,-1.0,-100.0,-0.019999999552965164,-0.5398808717727661
2446,45440,2,1584,0,OP3,FIXED_OPPONENT,train,SCRIPTED:OP3,1,3,2,1,17,0.11999999731779099,1,0,0,11.0,11.876333797679228,1.5,0.0,0.006581023335456848,0.0,0.0,0.0,0.0,0.32161760330200195
2447,45480,2,1589,2,OP3,FIXED_OPPONENT,train,SCRIPTED:OP3,1,3,1,2,19,0.2800000011920929,1,0,1,12.0,9.018598054584704,1.5,0.5,-0.01414141058921814,0.014999999664723873,1.0,100.0,0.0,0.5827929973602295
2448,45488,2,1590,3,OP3,FIXED_OPPONENT,train,SCRIPTED:OP3,1,3,2,1,22,0.2800000011920929,1,0,1,15.0,11.778945922851562,1.5,0.5,-0.037066832184791565,0.029999999329447746,1.0,100.0,0.0,0.5827000141143799
2449,45488,2,1590,2,OP3,FIXED_OPPONENT,train,SCRIPTED:OP3,1,3,2,1,20,0.19999998807907104,1,0,4,12.0,9.040415954589843,1.5,0.5,-0.03297150135040283,0.029999999329447746,1.0,100.0,-0.019999999552965164,0.5798053741455078
2450,45496,2,1591,2,OP3,FIXED_OPPONENT,train,SCRIPTED:OP3,0,3,3,0,19,0.11999999731779099,1,0,0,12.0,10.6877585963199,-0.699999988079071,0.0,-0.008304089307785034,0.0,0.0,0.0,-0.019999999552965164,-0.1587924212217331
2451,45560,2,1599,1,OP3,FIXED_OPPONENT,train,SCRIPTED:OP3,1,3,2,1,20,0.11999999731779099,1,0,2,13.0,10.880303955078125,1.5,0.5,-0.03474975377321243,0.029999999329447746,1.0,100.0,-0.019999999552965164,0.5797843933105469
2452,45568,2,1600,3,OP3,FIXED_OPPONENT,train,SCRIPTED:OP3,1,3,1,2,16,0.19999998807907104,1,0,0,11.0,10.305281639099121,1.5,0.4000000059604645,-0.0031698793172836304,0.029999999329447746,1.0,100.0,-0.019999999552965164,0.5652242302894592
2453,45568,2,1600,0,OP3,FIXED_OPPONENT,train,SCRIPTED:OP3,0,3,3,0,18,0.23999999463558197,1,0,5,11.0,10.178682115342882,-0.699999988079071,0.0,0.00798371434211731,0.0,0.0,0.0,0.0,-0.154174342751503
2454,45568,2,1600,2,OP3,FIXED_OPPONENT,train,SCRIPTED:OP3,0,2,3,-1,16,0.19999998807907104,1,0,0,12.0,10.351415634155273,-1.2000000476837158,-0.5,-0.005853146314620972,0.0,-1.0,-100.0,-0.019999999552965164,-0.5402783155441284
2455,45632,2,1608,3,OP3,FIXED_OPPONENT,train,SCRIPTED:OP3,0,3,3,0,18,0.23999999463558197,1,0,4,11.0,10.778883192274305,-0.699999988079071,0.0,0.006788104772567749,0.0,0.0,0.0,-0.019999999552965164,-0.15853086113929749
2456,45640,2,1609,3,OP3,FIXED_OPPONENT,train,SCRIPTED:OP3,0,3,3,0,20,0.23999999463558197,1,0,4,12.0,9.791352844238281,-0.699999988079071,0.0,-0.009333774447441101,0.0,0.0,0.0,0.0,-0.1544748991727829
2457,45640,2,1609,1,OP3,FIXED_OPPONENT,train,SCRIPTED:OP3,0,2,3,-1,18,0.2800000011920929,1,0,1,11.0,9.430380927191841,-1.2000000476837158,-0.5,0.0035203099250793457,0.019999999552965164,-1.0,-100.0,0.0,-0.5367520451545715
2458,45640,2,1609,1,OP3,FIXED_OPPONENT,train,SCRIPTED:OP3,1,3,2,1,19,0.3199999928474426,1,0,6,12.0,10.312231766550164,1.5,0.4000000059604645,0.00659605860710144,0.029999999329447746,1.0,100.0,0.0,0.5683587193489075
2459,45704,2,1617,2,OP3,FIXED_OPPONENT,train,SCRIPTED:OP3,1,3,1,2,18,0.23999999463558197,1,0,0,12.0,11.179560343424479,1.5,0.5,-0.0032905489206314087,0.014999999664723873,1.0,100.0,-0.019999999552965164,0.5799785852432251
2460,45712,2,1618,1,OP3,FIXED_OPPONENT,train,SCRIPTED:OP3,0,2,3,-1,18,0.1599999964237213,1,0,0,11.0,12.160641140407986,-1.2000000476837158,-0.4000000059604645,-0.007824063301086426,0.019999999552965164,-1.0,-100.0,0.0,-0.5208906531333923
2461,45720,2,1619,2,OP3,FIXED_OPPONENT,train,SCRIPTED:OP3,0,3,3,0,19,0.3199999928474426,1,0,1,12.0,10.115346005088405,-0.699999988079071,0.0,-0.010403990745544434,0.0,0.0,0.0,0.0,-0.15449345111846924
2462,45736,2,1621,0,OP3,FIXED_OPPONENT,train,SCRIPTED:OP3,0,2,3,-1,21,0.3199999928474426,1,0,5,14.0,8.753734770275297,-1.2000000476837158,-0.5,-0.003950789570808411,0.0,-1.0,-100.0,0.0,-0.5370995402336121
2463,45760,2,1624,2,OP3,FIXED_OPPONENT,train,SCRIPTED:OP3,1,3,1,2,16,0.23999999463558197,1,0,1,11.0,10.124720573425293,1.5,0.4000000059604645,-0.002884216606616974,0.029999999329447746,1.0,100.0,-0.019999999552965164,0.5652276873588562
2464,45784,2,1627,3,OP3,FIXED_OPPONENT,train,SCRIPTED:OP3,1,3,2,1,18,0.1599999964237213,1,0,2,11.0,9.412353515625,1.5,0.5,-0.02751348912715912,0.029999999329447746,1.0,100.0,0.0,0.5828120708465576
2465,45784,2,1627,3,OP3,FIXED_OPPONENT,train,SCRIPTED:OP3,1,3,2,1,18,0.23999999463558197,1,0,1,11.0,11.670494927300346,1.5,0.4000000059604645,0.007871493697166443,0.029999999329447746,1.0,100.0,0.0,0.5683740973472595
2466,45784,2,1627,1,OP3,FIXED_OPPONENT,train,SCRIPTED:OP3,1,3,2,1,18,0.19999998807907104,1,0,0,12.0,11.438262939453125,1.5,0.0,0.007494017481803894,0.0,0.0,0.0,0.0,0.32163214683532715
2467,45856,2,1636,1,OP3,FIXED_OPPONENT,train,SCRIPTED:OP3,1,3,2,1,18,0.23999999463558197,1,0,3,11.0,11.797709147135416,1.5,0.5,-0.0018941164016723633,0.014999999664723873,1.0,100.0,-0.019999999552965164,0.5799950361251831
2468,45864,2,1637,2,OP3,FIXED_OPPONENT,train,SCRIPTED:OP3,0,2,3,-1,18,0.23999999463558197,1,0,1,11.0,11.494735717773438,-1.2000000476837158,-0.5,0.01228363811969757,0.0,-1.0,-100.0,0.0,-0.5368942618370056
2469,45864,2,1637,1,OP3,FIXED_OPPONENT,train,SCRIPTED:OP3,0,2,3,-1,20,0.19999998807907104,1,0,2,13.0,11.38819580078125,-1.2000000476837158,-0.5,0.003315061330795288,0.019999999552965164,-1.0,-100.0,0.0,-0.5367546677589417
2470,45880,2,1639,2,OP3,FIXED_OPPONENT,train,SCRIPTED:OP3,1,3,2,1,18,0.3199999928474426,1,0,2,11.0,10.344312032063803,1.5,0.4000000059604645,-0.004197940230369568,0.029999999329447746,1.0,100.0,-0.019999999552965164,0.5652117729187012
2471,45904,2,1642,2,OP3,FIXED_OPPONENT,train,SCRIPTED:OP3,0,2,3,-1,15,0.19999998807907104,1,0,4,11.0,10.156838989257812,-1.2000000476837158,0.0,-0.009454473853111267,0.0,0.0,0.0,0.0,-0.26067712903022766
2472,45920,2,1644,1,OP3,FIXED_OPPONENT,train,SCRIPTED:OP3,1,3,2,1,20,0.2800000011920929,1,0,3,11.0,9.585218811035157,1.5,0.5,-0.004287466406822205,0.014999999664723873,1.0,100.0,-0.019999999552965164,0.5799667835235596
2473,45928,2,1645,0,OP3,FIXED_OPPONENT,train,SCRIPTED:OP3,0,2,3,-1,18,0.2800000011920929,1,0,0,11.0,10.232703314887154,-1.2000000476837158,-0.5,-0.0024709701538085938,0.019999999552965164,-1.0,-100.0,-0.019999999552965164,-0.539983868598938
2474,45936,2,1646,1,OP3,FIXED_OPPONENT,train,SCRIPTED:OP3,0,2,3,-1,19,0.3999999761581421,1,0,4,12.0,9.50981220446135,-1.2000000476837158,-0.5,-0.0074185580015182495,0.019999999552965164,-1.0,-100.0,0.0,-0.5368905067443848
2475,46000,2,1654,3,OP3,FIXED_OPPONENT,train,SCRIPTED:OP3,1,3,2,1,18,0.2800000011920929,1,0,0,12.0,9.57684071858724,1.5,0.4000000059604645,0.0061139315366744995,0.014999999664723873,1.0,100.0,-0.019999999552965164,0.5651551485061646
2476,46024,2,1657,0,OP3,FIXED_OPPONENT,train,SCRIPTED:OP3,1,3,2,1,20,0.19999998807907104,0,1,1,13.0,10.080454254150391,1.5,0.5,0.004410982131958008,0.029999999329447746,1.0,100.0,-0.019999999552965164,0.5802463293075562
2477,46024,2,1657,0,OP3,FIXED_OPPONENT,train,SCRIPTED:OP3,1,3,2,1,20,0.23999999463558197,1,0,4,12.0,8.898858642578125,1.5,0.5,-0.035183608531951904,0.014999999664723873,1.0,100.0,-0.019999999552965164,0.5796021819114685
2478,46032,2,1658,2,OP3,FIXED_OPPONENT,train,SCRIPTED:OP3,0,3,3,0,19,0.19999998807907104,1,0,5,12.0,9.772911473324424,-0.699999988079071,0.0,-0.010121762752532959,0.0,0.0,0.0,0.0,-0.15448854863643646
2479,46072,2,1663,1,OP3,FIXED_OPPONENT,train,SCRIPTED:OP3,0,2,3,-1,18,0.1599999964237213,1,0,2,11.0,10.520990159776476,-1.2000000476837158,-0.4000000059604645,-0.006706729531288147,0.019999999552965164,-1.0,-100.0,-0.019999999552965164,-0.5241072773933411
2480,46072,2,1663,1,OP3,FIXED_OPPONENT,train,SCRIPTED:OP3,1,3,2,1,19,0.3199999928474426,1,0,2,12.0,10.475622879831414,1.5,0.4000000059604645,-0.0074714720249176025,0.029999999329447746,1.0,100.0,0.0,0.5681893825531006
2481,46072,2,1663,0,OP3,FIXED_OPPONENT,train,SCRIPTED:OP3,1,3,2,1,21,0.19999998807907104,1,0,2,14.0,9.82396734328497,1.5,0.5,-0.009703204035758972,0.014999999664723873,1.0,100.0,0.0,0.5828450918197632
2482,46096,2,1666,1,OP3,FIXED_OPPONENT,train,SCRIPTED:OP3,0,2,3,-1,20,0.19999998807907104,1,0,1,12.0,10.82431869506836,-1.2000000476837158,-0.5,-0.007901564240455627,0.019999999552965164,-1.0,-100.0,-0.019999999552965164,-0.5400522947311401
2483,46152,2,1673,0,OP3,FIXED_OPPONENT,train,SCRIPTED:OP3,0,3,3,0,19,0.1599999964237213,1,0,0,11.0,11.954945614463405,-0.699999988079071,0.0,0.0022354498505592346,0.0,0.0,0.0,0.0,-0.154274120926857
2484,46168,2,1675,0,OP3,FIXED_OPPONENT,train,SCRIPTED:OP3,1,3,2,1,18,0.23999999463558197,1,0,4,12.0,11.662879096137154,1.5,0.4000000059604645,-0.009470105171203613,0.029999999329447746,1.0,100.0,0.0,0.5681653022766113
2485,46168,2,1675,1,OP3,FIXED_OPPONENT,train,SCRIPTED:OP3,1,3,2,1,18,0.19999998807907104,1,0,2,11.0,10.690060085720486,1.5,0.5,-0.002645716071128845,0.029999999329447746,1.0,100.0,0.0,0.5831040143966675
2486,46176,2,1676,3,OP3,FIXED_OPPONENT,train,SCRIPTED:OP3,0,2,3,-1,18,0.2800000011920929,1,0,2,11.0,11.637235005696615,-1.2000000476837158,-0.5,0.0018429458141326904,0.019999999552965164,-1.0,-100.0,0.0,-0.5367732644081116
2487,46200,2,1679,1,OP3,FIXED_OPPONENT,train,SCRIPTED:OP3,0,2,3,-1,16,0.2800000011920929,1,0,0,12.0,11.456544876098633,-1.2000000476837158,0.0,-0.010252192616462708,0.0,0.0,0.0,-0.019999999552965164,-0.2648279070854187
2488,46208,2,1680,1,OP3,FIXED_OPPONENT,train,SCRIPTED:OP3,1,3,2,1,17,0.23999999463558197,1,0,0,11.0,11.041389914119945,1.5,0.5,-0.016712889075279236,0.014999999664723873,1.0,100.0,0.0,0.5827628374099731
2489,46216,2,1681,2,OP3,FIXED_OPPONENT,train,SCRIPTED:OP3,0,3,3,0,18,0.19999998807907104,1,0,2,11.0,11.47660912407769,-0.699999988079071,0.0,-0.007630929350852966,0.0,0.0,0.0,0.0,-0.1544453352689743
2490,46240,2,1684,0,OP3,FIXED_OPPONENT,train,SCRIPTED:OP3,0,2,3,-1,18,0.19999998807907104,1,0,5,11.0,9.910951402452257,-1.2000000476837158,-0.4000000059604645,0.0005286931991577148,0.019999999552965164,-1.0,-100.0,-0.019999999552965164,-0.5240139961242676
2491,46288,2,1690,0,OP3,FIXED_OPPONENT,train,SCRIPTED:OP3,1,3,2,1,17,0.19999998807907104,1,0,0,11.0,9.78453961540671,1.5,0.4000000059604645,-0.005165629088878632,0.029999999329447746,1.0,100.0,-0.019999999552965164,0.5652000904083252
2492,46312,2,1693,1,OP3,FIXED_OPPONENT,train,SCRIPTED:OP3,1,3,2,1,18,0.2800000011920929,1,0,1,11.0,10.365795559353298,1.5,0.5,-0.028280436992645264,0.029999999329447746,1.0,100.0,-0.019999999552965164,0.5798606872558594
2493,46328,2,1695,2,OP3,FIXED_OPPONENT,train,SCRIPTED:OP3,0,3,3,0,19,0.1599999964237213,1,0,0,12.0,11.027571025647616,-0.699999988079071,0.0,-0.009452857077121735,0.0,0.0,0.0,0.0,-0.15447694063186646
2494,46344,2,1697,0,OP3,FIXED_OPPONENT,train,SCRIPTED:OP3,0,3,3,0,22,0.11999999731779099,0,1,3,14.0,10.973505887118252,-0.699999988079071,0.0,0.007525920867919922,0.0,0.0,0.0,0.0,-0.1541822999715805
2495,46352,2,1698,0,OP3,FIXED_OPPONENT,train,SCRIPTED:OP3,1,3,2,1,19,0.19999998807907104,1,0,1,12.0,11.251298603258634,1.5,0.5,0.021494030952453613,0.029999999329447746,1.0,100.0,0.0,0.5833871960639954
2496,46360,2,1699,1,OP3,FIXED_OPPONENT,train,SCRIPTED:OP3,0,2,3,-1,19,0.23999999463558197,1,0,1,12.0,11.122369866622122,-1.2000000476837158,-0.5,-0.006827026605606079,0.0,-1.0,-100.0,0.0,-0.5371359586715698
2497,46360,2,1699,0,OP3,FIXED_OPPONENT,train,SCRIPTED:OP3,0,2,3,-1,18,0.07999999821186066,1,0,0,13.0,11.640839470757378,-1.2000000476837158,-0.5,0.008661195635795593,0.019999999552965164,-1.0,-100.0,0.0,-0.5366869568824768
2498,46392,2,1703,3,OP3,FIXED_OPPONENT,train,SCRIPTED:OP3,0,2,3,-1,19,0.2800000011920929,1,0,1,12.0,10.867393092105264,-1.2000000476837158,-0.5,-0.002044782042503357,0.0,-1.0,-100.0,-0.019999999552965164,-0.5402303338050842
2499,46448,2,1710,0,OP3,FIXED_OPPONENT,train,SCRIPTED:OP3,0,2,3,-1,20,0.23999999463558197,1,0,4,12.0,9.922013854980468,-1.2000000476837158,-0.5,-0.011390000581741333,0.0,-1.0,-100.0,0.0,-0.5371936559677124
2500,46464,2,1712,1,OP3,FIXED_OPPONENT,train,SCRIPTED:OP3,1,3,1,2,19,0.23999999463558197,1,0,3,12.0,9.395576878597861,1.5,0.5,-0.008342966437339783,0.02499999850988388,1.0,100.0,-0.019999999552965164,0.5800368785858154
2501,46472,2,1713,0,OP3,FIXED_OPPONENT,train,SCRIPTED:OP3,0,2,3,-1,18,0.1599999964237213,1,0,1,12.0,10.969451904296875,-1.2000000476837158,0.0,0.0036704540252685547,0.019999999552965164,0.0,0.0,0.0,-0.2601281404495239
2502,46472,2,1713,3,OP3,FIXED_OPPONENT,train,SCRIPTED:OP3,1,3,1,2,15,0.2800000011920929,1,0,0,11.0,10.999307250976562,1.5,0.4000000059604645,-0.006125167012214661,0.029999999329447746,1.0,100.0,0.0,0.5682055950164795
2503,46488,2,1715,0,OP3,FIXED_OPPONENT,train,SCRIPTED:OP3,0,2,3,-1,16,0.19999998807907104,1,0,1,12.0,10.936752319335938,-1.2000000476837158,-0.5,-0.0015748590230941772,0.019999999552965164,-1.0,-100.0,-0.03999999910593033,-0.5431135892868042
2504,46488,2,1715,1,OP3,FIXED_OPPONENT,train,SCRIPTED:OP3,0,2,3,-1,18,0.1599999964237213,1,0,2,11.0,10.466956244574654,-1.2000000476837158,-0.5,-0.007456645369529724,0.019999999552965164,-1.0,-100.0,0.0,-0.536890983581543
2505,46520,2,1719,0,OP3,FIXED_OPPONENT,train,SCRIPTED:OP3,1,3,2,1,20,0.2800000011920929,1,0,0,13.0,10.270907592773437,1.5,0.5,0.002445511519908905,0.029999999329447746,1.0,100.0,-0.019999999552965164,0.5802232027053833
2506,46528,2,1720,1,OP3,FIXED_OPPONENT,train,SCRIPTED:OP3,0,3,3,0,17,0.23999999463558197,1,0,0,13.0,11.163382137522978,-0.699999988079071,0.0,0.0001470223069190979,0.0,0.0,0.0,0.0,-0.15431034564971924
2507,46592,2,1728,1,OP3,FIXED_OPPONENT,train,SCRIPTED:OP3,0,2,3,-1,18,0.23999999463558197,1,0,3,11.0,10.45121341281467,-1.2000000476837158,-0.5,-0.007427021861076355,0.019999999552965164,-1.0,-100.0,0.0,-0.5368905663490295
2508,46608,2,1730,1,OP3,FIXED_OPPONENT,train,SCRIPTED:OP3,0,2,3,-1,18,0.2800000011920929,1,0,2,11.0,10.116583082411024,-1.2000000476837158,-0.5,0.0010622888803482056,0.0,-1.0,-100.0,-0.019999999552965164,-0.5401911735534668
2509,46624,2,1732,0,OP3,FIXED_OPPONENT,train,SCRIPTED:OP3,0,2,3,-1,19,0.2800000011920929,1,0,1,11.0,10.162386442485609,-1.2000000476837158,-0.5,-0.0049470216035842896,0.0,-1.0,-100.0,0.0,-0.5371121168136597
2510,46632,2,1733,1,OP3,FIXED_OPPONENT,train,SCRIPTED:OP3,1,3,2,1,18,0.2800000011920929,1,0,5,11.0,9.658214992947048,1.5,0.4000000059604645,0.008419334888458252,0.029999999329447746,1.0,100.0,0.0,0.5683807134628296
2511,46632,2,1733,2,OP3,FIXED_OPPONENT,train,SCRIPTED:OP3,1,3,2,1,20,0.19999998807907104,1,0,3,13.0,10.333396911621094,1.5,0.5,-0.012252740561962128,0.029999999329447746,1.0,100.0,0.0,0.5829912424087524
2512,46656,2,1736,2,OP3,FIXED_OPPONENT,train,SCRIPTED:OP3,0,2,3,-1,16,0.23999999463558197,1,0,4,12.0,9.293392181396484,-1.2000000476837158,-0.5,0.0013416409492492676,0.019999999552965164,-2.0,-200.0,0.0,-0.6760716438293457
2513,46664,2,1737,2,OP3,FIXED_OPPONENT,train,SCRIPTED:OP3,0,1,3,-2,18,0.19999998807907104,1,0,2,11.0,11.05523935953776,-1.2000000476837158,-0.5,0.00318966805934906,0.019999999552965164,-1.0,-100.0,0.0,-0.5367562174797058
2514,46672,2,1738,3,OP3,FIXED_OPPONENT,train,SCRIPTED:OP3,0,3,3,0,23,0.2800000011920929,1,0,6,12.0,10.05380514393682,-0.699999988079071,0.0,-0.010129779577255249,0.0,0.0,0.0,-0.019999999552965164,-0.15882405638694763
2515,46744,2,1747,3,OP3,FIXED_OPPONENT,train,SCRIPTED:OP3,0,2,3,-1,19,0.11999999731779099,1,0,2,12.0,10.793139005962171,-1.2000000476837158,-0.5,0.010051116347312927,0.019999999552965164,-1.0,-100.0,0.0,-0.5366693735122681
2516,46768,2,1750,1,OP3,FIXED_OPPONENT,train,SCRIPTED:OP3,1,3,2,1,20,0.1599999964237213,1,0,0,13.0,11.939124298095702,1.5,0.5,-0.016480520367622375,0.029999999329447746,1.0,100.0,-0.019999999552965164,0.5799999237060547
2517,46768,2,1750,1,OP3,FIXED_OPPONENT,train,SCRIPTED:OP3,0,2,3,-1,18,0.23999999463558197,1,0,1,11.0,9.369774712456596,-1.2000000476837158,-0.5,0.010961979627609253,0.019999999552965164,-1.0,-100.0,0.0,-0.5366578698158264
2518,46784,2,1752,0,OP3,FIXED_OPPONENT,train,SCRIPTED:OP3,0,2,3,-1,19,0.1599999964237213,1,0,5,12.0,10.091372841282896,-1.2000000476837158,-0.5,-0.006045788526535034,0.0,-1.0,-100.0,0.0,-0.5371260643005371
2519,46784,2,1752,0,OP3,FIXED_OPPONENT,train,SCRIPTED:OP3,1,3,2,1,19,0.19999998807907104,1,0,5,12.0,10.392086631373354,1.5,0.4000000059604645,-0.010204456746578217,0.029999999329447746,1.0,100.0,-0.019999999552965164,0.5651391744613647
2520,46800,2,1754,1,OP3,FIXED_OPPONENT,train,SCRIPTED:OP3,0,2,3,-1,18,0.19999998807907104,1,0,0,11.0,11.228885226779514,-1.2000000476837158,-0.5,0.004622936248779297,0.0,-1.0,-100.0,0.0,-0.5369911789894104
2521,46808,2,1755,3,OP3,FIXED_OPPONENT,train,SCRIPTED:OP3,0,3,3,0,18,0.2800000011920929,1,0,1,11.0,11.499584621853298,-0.699999988079071,0.0,0.00791969895362854,0.0,0.0,0.0,0.0,-0.15417546033859253
2522,46832,2,1758,1,OP3,FIXED_OPPONENT,train,SCRIPTED:OP3,1,3,2,1,20,0.23999999463558197,1,0,2,13.0,10.331617736816407,1.5,0.5,0.0020073354244232178,0.014999999664723873,1.0,100.0,-0.019999999552965164,0.5800410509109497
2523,46888,2,1765,1,OP3,FIXED_OPPONENT,train,SCRIPTED:OP3,0,2,3,-1,18,0.2800000011920929,1,0,1,11.0,10.038614908854166,-1.2000000476837158,-0.5,0.013763904571533203,0.019999999552965164,-1.0,-100.0,0.0,-0.5366224050521851
2524,46904,2,1767,1,OP3,FIXED_OPPONENT,train,SCRIPTED:OP3,1,3,2,1,17,0.23999999463558197,1,0,2,11.0,9.674209594726562,1.5,0.4000000059604645,-0.00562112033367157,0.029999999329447746,1.0,100.0,0.0,0.5682116746902466
2525,46928,2,1770,2,OP3,FIXED_OPPONENT,train,SCRIPTED:OP3,1,3,2,1,20,0.1599999964237213,1,0,2,13.0,9.817030334472657,1.5,0.5,-0.009809784591197968,0.029999999329447746,1.0,100.0,-0.019999999552965164,0.5800786018371582
2526,46936,2,1771,1,OP3,FIXED_OPPONENT,train,SCRIPTED:OP3,1,3,2,1,19,0.2800000011920929,1,0,5,12.0,10.5392921849301,1.5,1.0,0.0026281923055648804,0.029999999329447746,2.0,200.0,0.0,0.7618376016616821
2527,46944,2,1772,2,OP3,FIXED_OPPONENT,train,SCRIPTED:OP3,0,2,3,-1,20,0.19999998807907104,1,0,1,15.0,11.961870574951172,-1.2000000476837158,-0.5,0.0049965232610702515,0.019999999552965164,-1.0,-100.0,-0.019999999552965164,-0.5398898124694824
2528,46944,2,1772,1,OP3,FIXED_OPPONENT,train,SCRIPTED:OP3,0,3,3,0,18,0.1599999964237213,1,0,2,11.0,10.981911553276909,-0.699999988079071,0.0,0.007058471441268921,0.0,0.0,0.0,0.0,-0.15419039130210876
2529,46952,2,1773,3,OP3,FIXED_OPPONENT,train,SCRIPTED:OP3,1,3,2,1,18,0.35999998450279236,1,0,2,11.0,9.773205227322048,1.5,0.5,-0.010368958115577698,0.014999999664723873,1.0,100.0,0.0,0.5828372836112976
2530,46984,2,1777,2,OP3,FIXED_OPPONENT,train,SCRIPTED:OP3,0,3,3,0,19,0.2800000011920929,1,0,2,12.0,11.05215052554482,-0.699999988079071,0.0,0.00285184383392334,0.0,0.0,0.0,-0.019999999552965164,-0.15859907865524292
2531,47048,2,1785,0,OP3,FIXED_OPPONENT,train,SCRIPTED:OP3,0,2,3,-1,18,0.19999998807907104,1,0,2,11.0,9.573023478190104,-1.2000000476837158,-0.5,-0.006346285343170166,0.019999999552965164,-1.0,-100.0,0.0,-0.536876916885376
2532,47056,2,1786,2,OP3,FIXED_OPPONENT,train,SCRIPTED:OP3,0,2,3,-1,21,0.1599999964237213,1,0,0,14.0,11.829403831845237,-1.2000000476837158,-0.5,-0.004430606961250305,0.0,-1.0,-100.0,0.0,-0.5371056795120239
2533,47064,2,1787,1,OP3,FIXED_OPPONENT,train,SCRIPTED:OP3,1,3,1,2,15,0.1599999964237213,1,0,1,11.0,8.786740112304688,1.5,0.5,-0.0159103125333786,0.02499999850988388,1.0,100.0,0.0,0.5828896760940552
2534,47072,2,1788,2,OP3,FIXED_OPPONENT,train,SCRIPTED:OP3,0,2,3,-1,18,0.1599999964237213,1,0,1,11.0,9.89007314046224,-1.2000000476837158,-0.5,-0.005372464656829834,0.019999999552965164,-1.0,-100.0,0.0,-0.5368645787239075
2535,47072,2,1788,2,OP3,FIXED_OPPONENT,train,SCRIPTED:OP3,1,3,2,1,17,0.2800000011920929,1,0,3,11.0,9.233181224149817,1.5,0.0,0.0037346333265304565,0.0,0.0,0.0,-0.019999999552965164,0.3175817131996155
2536,47088,2,1790,1,OP3,FIXED_OPPONENT,train,SCRIPTED:OP3,0,2,3,-1,18,0.3199999928474426,1,0,0,11.0,10.617997063530815,-1.2000000476837158,-0.4000000059604645,-0.0019988566637039185,0.0,-1.0,-100.0,0.0,-0.5210742354393005
2537,47104,2,1792,2,OP3,FIXED_OPPONENT,train,SCRIPTED:OP3,1,3,2,1,19,0.23999999463558197,1,0,4,12.0,10.14796287135074,1.5,0.5,0.001513645052909851,0.014999999664723873,1.0,100.0,0.0,0.5829766988754272
2538,47128,2,1795,1,OP3,FIXED_OPPONENT,train,SCRIPTED:OP3,1,3,2,1,18,0.1599999964237213,1,0,2,11.0,10.891650729709202,1.5,0.5,-0.00627465546131134,0.029999999329447746,1.0,100.0,-0.019999999552965164,0.580120325088501
2539,47200,2,1804,1,OP3,FIXED_OPPONENT,train,SCRIPTED:OP3,0,3,3,0,19,0.2800000011920929,1,0,0,11.0,11.483170358758224,-0.699999988079071,0.0,-0.002889759838581085,0.0,0.0,0.0,0.0,-0.15436306595802307
2540,47208,2,1805,2,OP3,FIXED_OPPONENT,train,SCRIPTED:OP3,0,2,3,-1,18,0.23999999463558197,1,0,4,11.0,9.883795844184029,-1.2000000476837158,-0.5,-0.009649932384490967,0.019999999552965164,-1.0,-100.0,0.0,-0.5369186997413635
2541,47216,2,1806,1,OP3,FIXED_OPPONENT,train,SCRIPTED:OP3,1,3,2,1,18,0.35999998450279236,1,0,0,12.0,10.892704433865017,1.5,0.5,-0.0018174052238464355,0.014999999664723873,1.0,100.0,-0.019999999552965164,0.5799959897994995
2542,47216,2,1806,3,OP3,FIXED_OPPONENT,train,SCRIPTED:OP3,1,3,2,1,20,0.2800000011920929,1,0,1,11.0,9.435289764404297,1.5,0.5,-0.017388150095939636,0.014999999664723873,1.0,100.0,-0.019999999552965164,0.5798121690750122
2543,47216,2,1806,2,OP3,FIXED_OPPONENT,train,SCRIPTED:OP3,0,2,3,-1,18,0.19999998807907104,1,0,5,11.0,8.220249599880642,-1.2000000476837158,-0.5,0.014906689524650574,0.019999999552965164,-1.0,-100.0,0.0,-0.5366079211235046
2544,47232,2,1808,1,OP3,FIXED_OPPONENT,train,SCRIPTED:OP3,0,2,3,-1,18,0.23999999463558197,1,0,0,11.0,10.051218668619791,-1.2000000476837158,-0.5,0.0014164000749588013,0.0,-1.0,-100.0,0.0,-0.5370317697525024
2545,47256,2,1811,2,OP3,FIXED_OPPONENT,train,SCRIPTED:OP3,0,2,3,-1,19,0.19999998807907104,1,0,0,12.0,10.722219366776315,-1.2000000476837158,-0.5,0.007643356919288635,0.019999999552965164,-1.0,-100.0,0.0,-0.5366998910903931
2546,47272,2,1813,1,OP3,FIXED_OPPONENT,train,SCRIPTED:OP3,0,2,3,-1,18,0.1599999964237213,1,0,3,11.0,11.392012702094185,-1.2000000476837158,0.5,0.00440351665019989,0.0,1.0,100.0,0.0,0.06664600223302841
2547,47344,2,1822,0,OP3,FIXED_OPPONENT,train,SCRIPTED:OP3,1,3,2,1,18,0.23999999463558197,1,0,1,11.0,10.950191921657986,1.5,0.4000000059604645,-0.007903806865215302,0.029999999329447746,0.0,0.0,0.0,0.399131178855896
2548,47352,2,1823,1,OP3,FIXED_OPPONENT,train,SCRIPTED:OP3,1,3,2,1,18,0.1599999964237213,1,0,0,11.0,12.734347025553385,1.5,0.5,0.0055760666728019714,0.029999999329447746,1.0,100.0,0.0,0.5832004547119141
2549,47352,2,1823,1,OP3,FIXED_OPPONENT,train,SCRIPTED:OP3,0,3,3,0,17,0.11999999731779099,1,0,3,11.0,11.548635146197151,-0.699999988079071,0.0,0.008679687976837158,0.0,0.0,0.0,0.0,-0.15416225790977478
2550,47360,2,1824,0,OP3,FIXED_OPPONENT,train,SCRIPTED:OP3,0,2,3,-1,18,0.23999999463558197,1,0,8,11.0,10.589295281304253,-1.2000000476837158,-0.4000000059604645,0.00196799635887146,0.019999999552965164,-1.0,-100.0,0.0,-0.5207638144493103
2551,47368,2,1825,2,OP3,FIXED_OPPONENT,train,SCRIPTED:OP3,0,2,3,-1,19,0.23999999463558197,1,0,4,12.0,9.785169099506579,-1.2000000476837158,-0.5,0.015078842639923096,0.019999999552965164,-1.0,-100.0,0.0,-0.536605715751648
2552,47376,2,1826,3,OP3,FIXED_OPPONENT,train,SCRIPTED:OP3,0,3,3,0,18,0.23999999463558197,1,0,4,11.0,9.72666507297092,-0.699999988079071,0.0,0.00867578387260437,0.0,0.0,0.0,0.0,-0.15416233241558075
2553,47392,2,1828,3,OP3,FIXED_OPPONENT,train,SCRIPTED:OP3,1,3,2,1,17,0.2800000011920929,1,0,1,11.0,11.22245339786305,1.5,0.0,0.006748512387275696,0.0,0.0,0.0,0.0,0.32162028551101685
2554,47432,2,1833,0,OP3,FIXED_OPPONENT,train,SCRIPTED:OP3,0,3,3,0,20,0.23999999463558197,1,0,3,12.0,11.120747375488282,-0.699999988079071,0.0,0.0030214637517929077,0.0,0.0,0.0,-0.019999999552965164,-0.15859614312648773
2555,47488,2,1840,1,OP3,FIXED_OPPONENT,train,SCRIPTED:OP3,1,3,2,1,18,0.19999998807907104,1,0,7,12.0,10.67448001437717,1.5,1.0,-0.0019855573773384094,0.029999999329447746,2.0,200.0,0.0,0.7618032693862915
2556,47496,2,1841,0,OP3,FIXED_OPPONENT,train,SCRIPTED:OP3,0,3,3,0,18,0.19999998807907104,1,0,2,11.0,10.609641181098091,-0.699999988079071,0.0,-0.009841755032539368,0.0,0.0,0.0,0.0,-0.15448369085788727
2557,47504,2,1842,1,OP3,FIXED_OPPONENT,train,SCRIPTED:OP3,1,3,2,1,18,0.1599999964237213,1,0,2,12.0,10.164795769585503,1.5,0.5,-0.002098172903060913,0.029999999329447746,1.0,100.0,0.0,0.5831104516983032
2558,47504,2,1842,3,OP3,FIXED_OPPONENT,train,SCRIPTED:OP3,1,3,2,1,16,0.2800000011920929,1,0,0,12.0,11.152255058288574,1.5,0.5,0.008203864097595215,0.029999999329447746,1.0,100.0,-0.019999999552965164,0.5802910923957825
2559,47504,2,1842,0,OP3,FIXED_OPPONENT,train,SCRIPTED:OP3,0,3,3,0,19,0.23999999463558197,1,0,0,11.0,11.87264050935444,-0.699999988079071,0.0,0.0035434290766716003,0.0,0.0,0.0,0.0,-0.15425141155719757
2560,47528,2,1845,1,OP3,FIXED_OPPONENT,train,SCRIPTED:OP3,0,2,3,-1,20,0.35999998450279236,1,0,3,12.0,10.06780548095703,-1.2000000476837158,-0.5,0.01365785300731659,0.0,-1.0,-100.0,0.0,-0.5368768572807312
2561,47536,2,1846,0,OP3,FIXED_OPPONENT,train,SCRIPTED:OP3,0,2,3,-1,18,0.19999998807907104,1,0,5,12.0,10.178566826714409,-1.2000000476837158,-0.5,0.015195846557617188,0.019999999552965164,-1.0,-100.0,0.0,-0.5366042256355286
2562,47584,2,1852,2,OP3,FIXED_OPPONENT,train,SCRIPTED:OP3,0,2,3,-1,19,0.1599999964237213,0,1,3,12.0,9.49873914216694,-1.2000000476837158,0.0,0.00884959101676941,0.0,0.0,0.0,-0.019999999552965164,-0.2645121216773987
2563,47640,2,1859,2,OP3,FIXED_OPPONENT,train,SCRIPTED:OP3,1,3,2,1,19,0.23999999463558197,1,0,0,12.0,9.710867630807977,1.5,0.4000000059604645,-0.009268268942832947,0.029999999329447746,1.0,100.0,0.0,0.5681678056716919
2564,47648,2,1860,1,OP3,FIXED_OPPONENT,train,SCRIPTED:OP3,1,3,2,1,18,0.2800000011920929,1,0,7,11.0,9.67545912000868,1.5,0.5,-0.02657841145992279,0.029999999329447746,1.0,100.0,0.0,0.5828230977058411
2565,47648,2,1860,3,OP3,FIXED_OPPONENT,train,SCRIPTED:OP3,0,2,3,-1,19,0.35999998450279236,1,0,4,12.0,10.812618857935854,-1.2000000476837158,-0.5,-0.003274396061897278,0.019999999552965164,-1.0,-100.0,-0.019999999552965164,-0.5399940013885498
2566,47648,2,1860,2,OP3,FIXED_OPPONENT,train,SCRIPTED:OP3,1,3,2,1,18,0.11999999731779099,1,0,0,11.0,10.851009792751736,1.5,0.5,-0.016060419380664825,0.029999999329447746,1.0,100.0,-0.019999999552965164,0.580004870891571
2567,47656,2,1861,3,OP3,FIXED_OPPONENT,train,SCRIPTED:OP3,1,3,2,1,19,0.23999999463558197,1,0,1,12.0,10.610871164422287,1.5,0.5,0.015447869896888733,0.014999999664723873,1.0,100.0,0.0,0.5831403732299805
2568,47680,2,1864,2,OP3,FIXED_OPPONENT,train,SCRIPTED:OP3,1,3,2,1,19,0.19999998807907104,1,0,3,12.0,11.454091122275905,1.5,0.5,-0.0197647362947464,0.029999999329447746,1.0,100.0,0.0,0.5829030871391296
2569,47688,2,1865,1,OP3,FIXED_OPPONENT,train,SCRIPTED:OP3,1,3,2,1,19,0.23999999463558197,1,0,0,12.0,11.574310302734375,1.5,0.5,0.004958882927894592,0.029999999329447746,1.0,100.0,-0.019999999552965164,0.5802527666091919
2570,47736,2,1871,0,OP3,FIXED_OPPONENT,train,SCRIPTED:OP3,0,2,3,-1,19,0.19999998807907104,1,0,0,12.0,10.674297131990132,-1.2000000476837158,-0.5,0.004835903644561768,0.019999999552965164,-1.0,-100.0,0.0,-0.5367354154586792
2571,47768,2,1875,3,OP3,FIXED_OPPONENT,train,SCRIPTED:OP3,1,3,1,2,15,0.23999999463558197,1,0,0,11.0,12.119827270507812,1.5,0.4000000059604645,-0.0076545774936676025,0.029999999329447746,1.0,100.0,0.0,0.5681872367858887
2572,47784,2,1877,2,OP3,FIXED_OPPONENT,train,SCRIPTED:OP3,0,2,3,-1,18,0.2800000011920929,1,0,5,11.0,10.424352010091146,-1.2000000476837158,-0.5,-0.00679074227809906,0.0,-1.0,-100.0,0.0,-0.5371354818344116
2573,47792,2,1878,1,OP3,FIXED_OPPONENT,train,SCRIPTED:OP3,1,3,2,1,18,0.19999998807907104,1,0,0,11.0,13.717307196723091,1.5,0.5,-0.012793287634849548,0.029999999329447746,1.0,100.0,0.0,0.5829849243164062
2574,47792,2,1878,0,OP3,FIXED_OPPONENT,train,SCRIPTED:OP3,0,3,3,0,18,0.23999999463558197,1,0,1,11.0,10.086005316840279,-0.699999988079071,0.0,-0.009917289018630981,0.0,0.0,0.0,-0.019999999552965164,-0.15882037580013275
2575,47808,2,1880,1,OP3,FIXED_OPPONENT,train,SCRIPTED:OP3,1,3,2,1,16,0.19999998807907104,1,0,0,11.0,10.112068176269531,1.5,0.4000000059604645,-0.005861997604370117,0.029999999329447746,1.0,100.0,-0.03999999910593033,0.5621593594551086
2576,47832,2,1883,0,OP3,FIXED_OPPONENT,train,SCRIPTED:OP3,0,2,3,-1,22,0.1599999964237213,1,0,7,15.0,9.354263305664062,-1.2000000476837158,-0.5,-0.008822456002235413,0.0,-1.0,-100.0,0.0,-0.5371612310409546
2577,47832,2,1883,1,OP3,FIXED_OPPONENT,train,SCRIPTED:OP3,0,2,3,-1,18,0.23999999463558197,1,0,2,11.0,10.09328121609158,-1.2000000476837158,-0.5,-0.002513885498046875,0.019999999552965164,-1.0,-100.0,0.0,-0.5368283987045288
2578,47896,2,1891,0,OP3,FIXED_OPPONENT,train,SCRIPTED:OP3,0,1,3,-2,20,0.23999999463558197,1,0,3,13.0,10.424299621582032,-1.2000000476837158,-0.5,0.00831344723701477,0.019999999552965164,-1.0,-100.0,-0.019999999552965164,-0.5398479700088501
2579,47904,2,1892,3,OP3,FIXED_OPPONENT,train,SCRIPTED:OP3,1,3,1,2,17,0.19999998807907104,1,0,1,13.0,10.142569149241728,1.5,0.5,-0.00029584765434265137,0.014999999664723873,1.0,100.0,0.0,0.5829555988311768
2580,47936,2,1896,2,OP3,FIXED_OPPONENT,train,SCRIPTED:OP3,1,3,2,1,19,0.19999998807907104,1,0,6,12.0,9.183220311215049,1.5,0.5,0.009859152138233185,0.029999999329447746,1.0,100.0,0.0,0.5832507014274597
2581,47944,2,1897,2,OP3,FIXED_OPPONENT,train,SCRIPTED:OP3,0,2,3,-1,17,0.19999998807907104,1,0,3,11.0,9.264985028435202,-1.2000000476837158,-0.4000000059604645,-0.01075001060962677,0.019999999552965164,-1.0,-100.0,0.0,-0.5209285020828247
2582,47944,2,1897,1,OP3,FIXED_OPPONENT,train,SCRIPTED:OP3,0,3,3,0,19,0.19999998807907104,1,0,5,12.0,10.991551449424342,-0.699999988079071,0.0,-0.006234511733055115,0.0,0.0,0.0,0.0,-0.1544211059808731
2583,47944,2,1897,2,OP3,FIXED_OPPONENT,train,SCRIPTED:OP3,1,3,2,1,19,0.2800000011920929,1,0,0,12.0,10.313541613127056,1.5,0.4000000059604645,0.008462101221084595,0.014999999664723873,1.0,100.0,0.0,0.5682005882263184
2584,47960,2,1899,2,OP3,FIXED_OPPONENT,train,SCRIPTED:OP3,1,3,2,1,16,0.23999999463558197,1,0,4,12.0,8.69105052947998,1.5,0.4000000059604645,0.008236289024353027,0.014999999664723873,1.0,100.0,-0.019999999552965164,0.565180778503418
2585,47976,2,1901,3,OP3,FIXED_OPPONENT,train,SCRIPTED:OP3,0,2,3,-1,18,0.23999999463558197,1,0,2,11.0,9.919242858886719,-1.2000000476837158,-0.5,0.009400486946105957,0.0,-1.0,-100.0,0.0,-0.5369306802749634
2586,48048,2,1910,2,OP3,FIXED_OPPONENT,train,SCRIPTED:OP3,0,3,3,0,18,0.1599999964237213,1,0,5,11.0,10.61099582248264,-0.699999988079071,0.0,-0.007668651640415192,0.0,0.0,0.0,0.0,-0.15444599092006683
2587,48048,2,1910,0,OP3,FIXED_OPPONENT,train,SCRIPTED:OP3,1,3,2,1,19,0.19999998807907104,1,0,0,13.0,9.451048198499178,1.5,0.0,-0.010363608598709106,0.0,0.0,0.0,0.0,0.32134750485420227
2588,48088,2,1915,2,OP3,FIXED_OPPONENT,train,SCRIPTED:OP3,1,3,1,2,18,0.35999998450279236,1,0,1,11.0,10.940743340386284,1.5,0.5,0.0019216835498809814,0.014999999664723873,1.0,100.0,0.0,0.5829815864562988
2589,48088,2,1915,0,OP3,FIXED_OPPONENT,train,SCRIPTED:OP3,1,3,2,1,18,0.23999999463558197,1,0,4,12.0,9.863917880588108,1.5,1.0,-0.014562197029590607,0.029999999329447746,2.0,200.0,-0.019999999552965164,0.75983726978302
2590,48096,2,1916,0,OP3,FIXED_OPPONENT,train,SCRIPTED:OP3,0,2,3,-1,20,0.3199999928474426,1,0,3,13.0,8.551764678955077,-1.2000000476837158,-0.5,-0.010652139782905579,0.019999999552965164,-1.0,-100.0,0.0,-0.5369313359260559
2591,48104,2,1917,2,OP3,FIXED_OPPONENT,train,SCRIPTED:OP3,1,3,2,1,18,0.2800000011920929,1,0,3,11.0,11.043462965223524,1.5,0.5,-0.0028966814279556274,0.014999999664723873,1.0,100.0,0.0,0.582925021648407
2592,48104,2,1917,0,OP3,FIXED_OPPONENT,train,SCRIPTED:OP3,1,3,2,1,20,0.3199999928474426,1,0,2,13.0,10.193087005615235,1.5,0.5,-0.019422203302383423,0.029999999329447746,1.0,100.0,-0.019999999552965164,0.5799652338027954
2593,48136,2,1921,1,OP3,FIXED_OPPONENT,train,SCRIPTED:OP3,1,3,2,1,20,0.23999999463558197,1,0,4,13.0,10.288522338867187,1.5,0.5,-0.034224823117256165,0.029999999329447746,1.0,100.0,-0.03999999910593033,0.5768325328826904
2594,48200,2,1929,3,OP3,FIXED_OPPONENT,train,SCRIPTED:OP3,1,3,2,1,19,0.11999999731779099,1,0,2,12.0,11.276426616467928,1.5,0.5,-0.005307018756866455,0.029999999329447746,1.0,100.0,0.0,0.5830727815628052
2595,48216,2,1931,3,OP3,FIXED_OPPONENT,train,SCRIPTED:OP3,1,3,1,2,16,0.23999999463558197,1,0,1,11.0,10.173903465270996,1.5,0.5,-0.02766316384077072,0.029999999329447746,1.0,100.0,-0.019999999552965164,0.579867959022522
2596,48224,2,1932,1,OP3,FIXED_OPPONENT,train,SCRIPTED:OP3,1,3,2,1,22,0.35999998450279236,1,0,0,15.0,10.696244673295455,1.5,0.5,-0.027533680200576782,0.029999999329447746,1.0,100.0,0.0,0.5828118920326233
2597,48232,2,1933,0,OP3,FIXED_OPPONENT,train,SCRIPTED:OP3,1,3,2,1,17,0.2800000011920929,1,0,0,11.0,10.712378109202666,1.5,0.5,-0.004063919186592102,0.029999999329447746,1.0,100.0,-0.03999999910593033,0.5771901607513428
2598,48240,2,1934,1,OP3,FIXED_OPPONENT,train,SCRIPTED:OP3,0,2,3,-1,19,0.19999998807907104,1,0,0,12.0,10.356965717516447,-1.2000000476837158,-0.5,0.015437692403793335,0.019999999552965164,-1.0,-100.0,0.0,-0.536601185798645
2599,48240,2,1934,2,OP3,FIXED_OPPONENT,train,SCRIPTED:OP3,0,2,3,-1,17,0.23999999463558197,1,0,9,11.0,9.242678473977481,-1.2000000476837158,-0.4000000059604645,-0.0031630247831344604,0.019999999552965164,-1.0,-100.0,0.0,-0.5208302736282349
2600,48248,2,1935,1,OP3,FIXED_OPPONENT,train,SCRIPTED:OP3,0,2,3,-1,18,0.19999998807907104,1,0,3,11.0,10.57682885064019,-1.2000000476837158,-0.5,-0.0064550042152404785,0.019999999552965164,-1.0,-100.0,-0.019999999552965164,-0.5400339961051941
2601,48288,2,1940,1,OP3,FIXED_OPPONENT,train,SCRIPTED:OP3,1,3,2,1,19,0.3199999928474426,1,0,0,11.0,10.750024895918997,1.5,0.5,-0.02391202747821808,0.014999999664723873,1.0,100.0,-0.019999999552965164,0.579735279083252
2602,48352,2,1948,3,OP3,FIXED_OPPONENT,train,SCRIPTED:OP3,1,3,1,2,16,0.2800000011920929,1,0,2,11.0,10.579713821411133,1.5,0.5,-0.03417074680328369,0.014999999664723873,1.0,100.0,-0.03999999910593033,0.5766552686691284
2603,48360,2,1949,3,OP3,FIXED_OPPONENT,train,SCRIPTED:OP3,0,2,3,-1,18,0.23999999463558197,1,0,4,11.0,10.87508053249783,-1.2000000476837158,-0.5,0.005039319396018982,0.019999999552965164,-1.0,-100.0,0.0,-0.5367327928543091
2604,48368,2,1950,3,OP3,FIXED_OPPONENT,train,SCRIPTED:OP3,0,2,3,-1,16,0.19999998807907104,1,0,1,11.0,10.71800422668457,-1.2000000476837158,-0.5,0.008948683738708496,0.0,-1.0,-100.0,-0.019999999552965164,-0.540091872215271
2605,48368,2,1950,3,OP3,FIXED_OPPONENT,train,SCRIPTED:OP3,1,3,2,1,21,0.23999999463558197,1,0,5,14.0,9.533662341889881,1.5,0.5,-0.00839155912399292,0.029999999329447746,1.0,100.0,0.0,0.5830365419387817
2606,48376,2,1951,2,OP3,FIXED_OPPONENT,train,SCRIPTED:OP3,0,2,3,-1,18,0.2800000011920929,1,0,0,11.0,10.556958516438803,-1.2000000476837158,-0.4000000059604645,-0.010488465428352356,0.0,-1.0,-100.0,0.0,-0.5211842060089111
2607,48384,2,1952,1,OP3,FIXED_OPPONENT,train,SCRIPTED:OP3,0,2,3,-1,18,0.2800000011920929,1,0,0,11.0,12.66700659857856,-1.2000000476837158,-0.5,-0.008609771728515625,0.0,-1.0,-100.0,0.0,-0.5371584892272949
2608,48400,2,1954,3,OP3,FIXED_OPPONENT,train,SCRIPTED:OP3,0,2,3,-1,19,0.3199999928474426,1,0,2,11.0,10.941782901161595,-1.2000000476837158,-0.5,-0.007599204778671265,0.019999999552965164,-1.0,-100.0,0.0,-0.5368927717208862
2609,48440,2,1959,1,OP3,FIXED_OPPONENT,train,SCRIPTED:OP3,0,2,3,-1,19,0.19999998807907104,1,0,3,12.0,8.91042769582648,-1.2000000476837158,-0.5,0.0003951340913772583,0.019999999552965164,-1.0,-100.0,0.0,-0.5367916226387024
2610,48488,2,1965,0,OP3,FIXED_OPPONENT,train,SCRIPTED:OP3,0,2,3,-1,17,0.23999999463558197,1,0,0,11.0,12.0632521685432,-1.2000000476837158,0.0,-0.010255590081214905,0.0,0.0,0.0,0.0,-0.2606903612613678
2611,48512,2,1968,3,OP3,FIXED_OPPONENT,train,SCRIPTED:OP3,0,2,3,-1,18,0.07999999821186066,1,0,2,12.0,11.730328877766928,-1.2000000476837158,0.0,0.008157648146152496,0.0,0.0,0.0,0.0,-0.2603852450847626
2612,48512,2,1968,3,OP3,FIXED_OPPONENT,train,SCRIPTED:OP3,0,3,3,0,18,0.19999998807907104,1,0,1,12.0,10.875626458062065,-0.699999988079071,0.0,0.008251085877418518,0.0,0.0,0.0,-0.019999999552965164,-0.15850551426410675
2613,48520,2,1969,3,OP3,FIXED_OPPONENT,train,SCRIPTED:OP3,0,3,3,0,20,0.1599999964237213,1,0,7,13.0,9.778974914550782,-0.699999988079071,0.0,-0.0022781789302825928,0.0,0.0,0.0,-0.019999999552965164,-0.1586879938840866
2614,48520,2,1969,0,OP3,FIXED_OPPONENT,train,SCRIPTED:OP3,1,3,2,1,18,0.2800000011920929,1,0,2,11.0,10.34423573811849,1.5,0.5,-0.015553444623947144,0.029999999329447746,1.0,100.0,-0.019999999552965164,0.5800108909606934
2615,48536,2,1971,0,OP3,FIXED_OPPONENT,train,SCRIPTED:OP3,1,3,2,1,19,0.23999999463558197,1,0,0,12.0,10.932384290193257,1.5,0.5,-0.0010928213596343994,0.014999999664723873,1.0,100.0,0.0,0.5829461812973022
2616,48544,2,1972,2,OP3,FIXED_OPPONENT,train,SCRIPTED:OP3,0,2,3,-1,18,0.19999998807907104,1,0,4,11.0,9.418782552083334,-1.2000000476837158,-0.5,0.009624972939491272,0.019999999552965164,-1.0,-100.0,0.0,-0.5366747379302979
2617,48576,2,1976,2,OP3,FIXED_OPPONENT,train,SCRIPTED:OP3,1,3,2,1,17,0.35999998450279236,1,0,1,11.0,10.479584637810202,1.5,0.4000000059604645,-0.010531947016716003,0.014999999664723873,1.0,100.0,0.0,0.56797194480896
2618,48648,2,1985,3,OP3,FIXED_OPPONENT,train,SCRIPTED:OP3,0,2,3,-1,20,0.3199999928474426,1,0,5,14.0,9.036333465576172,-1.2000000476837158,-0.5,0.009737208485603333,0.0,-1.0,-100.0,-0.019999999552965164,-0.5400819778442383
2619,48664,2,1987,1,OP3,FIXED_OPPONENT,train,SCRIPTED:OP3,0,2,3,-1,19,0.3199999928474426,1,0,1,11.0,11.036460474917764,-1.2000000476837158,-0.5,0.01388581097126007,0.0,-1.0,-100.0,-0.019999999552965164,-0.540029764175415
2620,48664,2,1987,0,OP3,FIXED_OPPONENT,train,SCRIPTED:OP3,1,3,2,1,19,0.19999998807907104,1,0,7,12.0,10.465952823036595,1.5,0.5,-0.035169124603271484,0.029999999329447746,1.0,100.0,0.0,0.5827222466468811
2621,48672,2,1988,0,OP3,FIXED_OPPONENT,train,SCRIPTED:OP3,0,2,3,-1,19,0.3199999928474426,1,0,0,12.0,10.140742251747533,-1.2000000476837158,-0.5,0.005592092871665955,0.0,-1.0,-100.0,0.0,-0.5369788408279419
2622,48688,2,1990,2,OP3,FIXED_OPPONENT,train,SCRIPTED:OP3,1,3,2,1,19,0.11999999731779099,1,0,2,12.0,10.659954673365542,1.5,0.5,0.006235435605049133,0.029999999329447746,1.0,100.0,0.0,0.5832082033157349
2623,48696,2,1991,2,OP3,FIXED_OPPONENT,train,SCRIPTED:OP3,0,3,3,0,22,0.3199999928474426,1,0,3,12.0,10.694161848588424,-0.699999988079071,0.0,0.004798725247383118,0.0,0.0,0.0,0.0,-0.15422961115837097
2624,48696,2,1991,3,OP3,FIXED_OPPONENT,train,SCRIPTED:OP3,1,3,1,2,19,0.3199999928474426,1,0,2,12.0,9.726668508429276,1.5,0.5,-0.0044545978307724,0.014999999664723873,1.0,100.0,0.0,0.5829067230224609
2625,48736,2,1996,1,OP3,FIXED_OPPONENT,train,SCRIPTED:OP3,0,2,3,-1,20,0.2800000011920929,0,1,4,12.0,10.216663360595703,-1.2000000476837158,-0.4000000059604645,-0.0018543750047683716,0.019999999552965164,-1.0,-100.0,0.0,-0.5208133459091187
2626,48792,2,2003,3,OP3,FIXED_OPPONENT,train,SCRIPTED:OP3,1,3,2,1,18,0.3199999928474426,1,0,0,11.0,10.427522447374132,1.5,0.0,-0.007707312703132629,0.0,0.0,0.0,0.0,0.3213898241519928
2627,48816,2,2006,1,OP3,FIXED_OPPONENT,train,SCRIPTED:OP3,1,3,2,1,19,0.23999999463558197,1,0,3,12.0,10.428284494500412,1.5,0.5,-0.022387772798538208,0.029999999329447746,1.0,100.0,0.0,0.5828722715377808
2628,48824,2,2007,2,OP3,FIXED_OPPONENT,train,SCRIPTED:OP3,1,3,2,1,17,0.3199999928474426,1,0,6,11.0,8.472053976619945,1.5,0.4000000059604645,0.008688807487487793,0.014999999664723873,1.0,100.0,-0.019999999552965164,0.5651862621307373
2629,48824,2,2007,0,OP3,FIXED_OPPONENT,train,SCRIPTED:OP3,0,2,3,-1,20,0.23999999463558197,1,0,1,12.0,9.9594970703125,-1.2000000476837158,-0.5,0.009372353553771973,0.0,-1.0,-100.0,-0.019999999552965164,-0.5400866270065308
2630,48824,2,2007,1,OP3,FIXED_OPPONENT,train,SCRIPTED:OP3,0,2,3,-1,19,0.3199999928474426,1,0,2,11.0,10.781498959189967,-1.2000000476837158,-0.5,-0.0018144398927688599,0.0,-1.0,-100.0,-0.019999999552965164,-0.5402275323867798
2631,48856,2,2011,1,OP3,FIXED_OPPONENT,train,SCRIPTED:OP3,0,3,3,0,20,0.23999999463558197,1,0,4,11.0,8.744751739501954,-0.699999988079071,0.0,-0.010009661316871643,0.0,0.0,0.0,-0.03999999910593033,-0.16315123438835144
2632,48856,2,2011,2,OP3,FIXED_OPPONENT,train,SCRIPTED:OP3,0,3,3,0,20,0.11999999731779099,1,0,5,12.0,10.938639068603516,-0.699999988079071,0.0,-0.0026204437017440796,0.0,0.0,0.0,-0.019999999552965164,-0.15869392454624176
2633,48912,2,2018,1,OP3,FIXED_OPPONENT,train,SCRIPTED:OP3,0,2,3,-1,22,0.19999998807907104,1,0,3,15.0,10.884831515225498,-1.2000000476837158,-0.5,0.012449264526367188,0.019999999552965164,-1.0,-100.0,0.0,-0.5366390347480774
2634,48936,2,2021,3,OP3,FIXED_OPPONENT,train,SCRIPTED:OP3,1,3,2,1,18,0.23999999463558197,1,0,4,11.0,10.083855523003471,1.5,1.0,-0.03613266348838806,0.029999999329447746,2.0,200.0,0.0,0.7615483999252319
2635,48968,2,2025,2,OP3,FIXED_OPPONENT,train,SCRIPTED:OP3,0,2,3,-1,18,0.11999999731779099,1,0,2,12.0,11.007353888617622,-1.2000000476837158,-0.4000000059604645,-0.0033042728900909424,0.0,-1.0,-100.0,0.0,-0.5210911631584167
2636,48968,2,2025,2,OP3,FIXED_OPPONENT,train,SCRIPTED:OP3,1,3,2,1,18,0.23999999463558197,1,0,7,11.0,11.712364196777344,1.5,0.4000000059604645,0.008453473448753357,0.029999999329447746,1.0,100.0,0.0,0.5683810710906982
2637,48968,2,2025,3,OP3,FIXED_OPPONENT,train,SCRIPTED:OP3,0,2,3,-1,19,0.2800000011920929,1,0,3,12.0,10.485435887386924,-1.2000000476837158,-0.5,-0.014178276062011719,0.0,-1.0,-100.0,-0.019999999552965164,-0.5403831005096436
2638,48976,2,2026,3,OP3,FIXED_OPPONENT,train,SCRIPTED:OP3,1,3,2,1,19,0.23999999463558197,1,0,3,12.0,10.833793238589639,1.5,0.5,-0.030880175530910492,0.029999999329447746,1.0,100.0,-0.019999999552965164,0.5798300504684448
2639,48984,2,2027,1,OP3,FIXED_OPPONENT,train,SCRIPTED:OP3,1,3,1,2,16,0.19999998807907104,1,0,1,12.0,11.028883934020996,1.5,1.0,0.021558523178100586,0.029999999329447746,2.0,200.0,0.0,0.7619788646697998
2640,49024,2,2032,3,OP3,FIXED_OPPONENT,train,SCRIPTED:OP3,1,3,2,1,21,0.23999999463558197,1,0,3,14.0,11.488721575055804,1.5,1.0,-0.019370272755622864,0.029999999329447746,2.0,200.0,0.0,0.7616735696792603
2641,49064,2,2037,3,OP3,FIXED_OPPONENT,train,SCRIPTED:OP3,0,3,3,0,19,0.19999998807907104,1,0,1,11.0,11.529739379882812,-0.699999988079071,0.0,0.0037074536085128784,0.0,0.0,0.0,0.0,-0.15424855053424835
2642,49088,2,2040,1,OP3,FIXED_OPPONENT,train,SCRIPTED:OP3,0,2,3,-1,19,0.23999999463558197,1,0,0,12.0,11.365868016293174,-1.2000000476837158,-0.5,0.009544074535369873,0.019999999552965164,-1.0,-100.0,0.0,-0.5366758108139038
2643,49088,2,2040,0,OP3,FIXED_OPPONENT,train,SCRIPTED:OP3,0,1,3,-2,15,0.23999999463558197,1,0,0,11.0,10.848898315429688,-1.2000000476837158,-0.4000000059604645,-0.008928745985031128,0.019999999552965164,-1.0,-100.0,0.0,-0.5209049582481384
2644,49120,2,2044,0,OP3,FIXED_OPPONENT,train,SCRIPTED:OP3,1,3,2,1,19,0.11999999731779099,1,0,2,12.0,11.343530755293997,1.5,0.5,0.008462756872177124,0.029999999329447746,1.0,100.0,0.0,0.5832343101501465
2645,49128,2,2045,0,OP3,FIXED_OPPONENT,train,SCRIPTED:OP3,0,2,3,-1,18,0.23999999463558197,1,0,2,11.0,10.210664537217882,-1.2000000476837158,-0.5,0.004662960767745972,0.019999999552965164,-1.0,-100.0,0.0,-0.5367375612258911
2646,49136,2,2046,0,OP3,FIXED_OPPONENT,train,SCRIPTED:OP3,0,2,3,-1,21,0.2800000011920929,1,0,5,12.0,9.572732107979911,-1.2000000476837158,-0.5,0.0010147690773010254,0.0,-1.0,-100.0,-0.019999999552965164,-0.5401918292045593
2647,49136,2,2046,0,OP3,FIXED_OPPONENT,train,SCRIPTED:OP3,0,2,3,-1,20,0.19999998807907104,1,0,5,13.0,10.4553466796875,-1.2000000476837158,-0.5,-0.009392008185386658,0.0,-1.0,-100.0,-0.019999999552965164,-0.5403228402137756
2648,49176,3,3,0,OP3,FIXED_OPPONENT,train,SCRIPTED:OP3,0,3,3,0,19,0.19999998807907104,1,0,4,12.0,10.383610775596217,-0.699999988079071,0.0,-0.0086679607629776,0.0,0.0,0.0,0.0,-0.15446333587169647
2649,49208,3,7,3,OP3,FIXED_OPPONENT,train,SCRIPTED:OP3,1,3,2,1,18,0.3199999928474426,1,0,1,12.0,10.807117038302952,1.5,0.4000000059604645,-0.010137960314750671,0.014999999664723873,1.0,100.0,0.0,0.567976713180542
2650,49232,3,10,0,OP3,FIXED_OPPONENT,train,SCRIPTED:OP3,0,2,3,-1,18,0.11999999731779099,1,0,1,11.0,10.365230136447483,-1.2000000476837158,-0.5,0.014506340026855469,0.019999999552965164,-1.0,-100.0,0.0,-0.5366129279136658
2651,49248,3,12,3,OP3,FIXED_OPPONENT,train,SCRIPTED:OP3,1,3,2,1,20,0.2800000011920929,1,0,0,14.0,11.598409271240234,1.5,0.5,0.005066975951194763,0.014999999664723873,1.0,100.0,0.0,0.5830184817314148
2652,49264,3,14,0,OP3,FIXED_OPPONENT,train,SCRIPTED:OP3,0,2,3,-1,18,0.23999999463558197,1,0,8,11.0,9.104131910536024,-1.2000000476837158,-0.4000000059604645,-0.009933188557624817,0.019999999552965164,-1.0,-100.0,-0.019999999552965164,-0.5241488814353943
2653,49272,3,15,1,OP3,FIXED_OPPONENT,train,SCRIPTED:OP3,1,3,2,1,17,0.1599999964237213,1,0,0,11.0,10.720637601964613,1.5,0.4000000059604645,-0.00828978419303894,0.029999999329447746,1.0,100.0,0.0,0.5681795477867126
2654,49288,3,17,2,OP3,FIXED_OPPONENT,train,SCRIPTED:OP3,1,3,2,1,19,0.19999998807907104,0,1,3,12.0,9.530693455746299,1.5,0.5,-0.009774625301361084,0.029999999329447746,1.0,100.0,0.0,0.5830203294754028
2655,49296,3,18,1,OP3,FIXED_OPPONENT,train,SCRIPTED:OP3,1,3,2,1,21,0.19999998807907104,1,0,2,14.0,10.035703386579241,1.5,0.5,0.0013448148965835571,0.029999999329447746,1.0,100.0,0.0,0.5831508040428162
2656,49320,3,21,3,OP3,FIXED_OPPONENT,train,SCRIPTED:OP3,0,2,3,-1,18,0.19999998807907104,1,0,0,11.0,11.30021752251519,-1.2000000476837158,-0.5,-0.0031686723232269287,0.0,-1.0,-100.0,0.0,-0.5370897054672241
2657,49352,3,25,3,OP3,FIXED_OPPONENT,train,SCRIPTED:OP3,1,3,2,1,18,0.23999999463558197,1,0,1,11.0,10.667276170518663,1.5,0.5,0.0025601834058761597,0.029999999329447746,1.0,100.0,0.0,0.5831650495529175
2658,49384,3,29,0,OP3,FIXED_OPPONENT,train,SCRIPTED:OP3,1,3,2,1,17,0.19999998807907104,1,0,1,11.0,10.592370425953584,1.5,0.0,-0.003185957670211792,0.0,0.0,0.0,0.0,0.32146191596984863
2659,49400,3,31,2,OP3,FIXED_OPPONENT,train,SCRIPTED:OP3,1,3,2,1,21,0.1599999964237213,1,0,4,14.0,10.441895984468006,1.5,0.5,-0.021675191819667816,0.029999999329447746,1.0,100.0,0.0,0.5828806161880493
2660,49408,3,32,3,OP3,FIXED_OPPONENT,train,SCRIPTED:OP3,0,3,3,0,18,0.23999999463558197,1,0,3,11.0,11.08201429578993,-0.699999988079071,0.0,-0.01034151017665863,0.0,0.0,0.0,-0.019999999552965164,-0.15882772207260132
2661,49416,3,33,2,OP3,FIXED_OPPONENT,train,SCRIPTED:OP3,1,3,2,1,18,0.23999999463558197,1,0,0,11.0,11.868598090277779,1.5,0.0,-0.0001328587532043457,0.0,0.0,0.0,0.0,0.3215106129646301
2662,49432,3,35,3,OP3,FIXED_OPPONENT,train,SCRIPTED:OP3,0,3,3,0,18,0.19999998807907104,1,0,3,11.0,11.565270317925346,-0.699999988079071,0.0,0.003571733832359314,0.0,0.0,0.0,0.0,-0.15425090491771698
2663,49440,3,36,2,OP3,FIXED_OPPONENT,train,SCRIPTED:OP3,1,3,2,1,18,0.19999998807907104,1,0,4,12.0,9.511212666829428,1.5,0.4000000059604645,0.006416648626327515,0.029999999329447746,1.0,100.0,0.0,0.5683566331863403
2664,49464,3,39,1,OP3,FIXED_OPPONENT,train,SCRIPTED:OP3,0,2,3,-1,18,0.3199999928474426,1,0,0,11.0,9.604204813639322,-1.2000000476837158,0.0,0.0014767646789550781,0.0,0.0,0.0,-0.019999999552965164,-0.26463401317596436
2665,49488,3,42,1,OP3,FIXED_OPPONENT,train,SCRIPTED:OP3,1,3,2,1,17,0.23999999463558197,1,0,0,12.0,9.502533856560202,1.5,0.5,-0.006205081939697266,0.014999999664723873,1.0,100.0,-0.019999999552965164,0.5799442529678345
2666,49528,3,47,3,OP3,FIXED_OPPONENT,train,SCRIPTED:OP3,1,3,2,1,18,0.23999999463558197,1,0,1,11.0,9.430002848307291,1.5,0.4000000059604645,-0.00425112247467041,0.029999999329447746,1.0,100.0,0.0,0.5682281851768494
2667,49544,3,49,2,OP3,FIXED_OPPONENT,train,SCRIPTED:OP3,1,3,2,1,17,0.2800000011920929,1,0,2,11.0,9.603381886201745,1.5,0.4000000059604645,-0.0036154985427856445,0.014999999664723873,1.0,100.0,0.0,0.568055272102356
2668,49544,3,49,1,OP3,FIXED_OPPONENT,train,SCRIPTED:OP3,0,2,3,-1,18,0.1599999964237213,1,0,1,11.0,12.16982693142361,-1.2000000476837158,-0.4000000059604645,-0.006672859191894531,0.019999999552965164,-1.0,-100.0,0.0,-0.5208756923675537
2669,49560,3,51,3,OP3,FIXED_OPPONENT,train,SCRIPTED:OP3,1,3,2,1,18,0.3199999928474426,1,0,1,11.0,9.907296074761284,1.5,0.0,0.006678104400634766,0.0,0.0,0.0,0.0,0.3216191530227661
2670,49584,3,54,3,OP3,FIXED_OPPONENT,train,SCRIPTED:OP3,1,3,2,1,19,0.19999998807907104,1,0,3,11.0,11.347175196597451,1.5,0.5,0.006559520959854126,0.029999999329447746,1.0,100.0,0.0,0.5832119584083557
2671,49608,3,57,2,OP3,FIXED_OPPONENT,train,SCRIPTED:OP3,1,3,2,1,21,0.19999998807907104,1,0,3,14.0,10.306800478980655,1.5,0.5,-0.022011741995811462,0.029999999329447746,1.0,100.0,0.0,0.5828766822814941
2672,49616,3,58,2,OP3,FIXED_OPPONENT,train,SCRIPTED:OP3,0,3,3,0,19,0.2800000011920929,1,0,1,12.0,10.13010607267681,-0.699999988079071,0.0,-0.00967763364315033,0.0,0.0,0.0,0.0,-0.15448084473609924
2673,49656,3,63,1,OP3,FIXED_OPPONENT,train,SCRIPTED:OP3,1,3,2,1,21,0.23999999463558197,1,0,0,14.0,9.595459710984002,1.5,0.5,-0.00979594886302948,0.014999999664723873,1.0,100.0,0.0,0.5828440189361572
2674,49672,3,65,1,OP3,FIXED_OPPONENT,train,SCRIPTED:OP3,0,2,3,-1,16,0.23999999463558197,1,0,2,12.0,10.082966804504395,-1.2000000476837158,-0.4000000059604645,-0.010705828666687012,0.019999999552965164,-1.0,-100.0,-0.019999999552965164,-0.5241588950157166
2675,49688,3,67,2,OP3,FIXED_OPPONENT,train,SCRIPTED:OP3,0,2,3,-1,20,0.2800000011920929,1,0,7,13.0,10.408824920654297,-1.2000000476837158,-0.5,0.008686661720275879,0.019999999552965164,-1.0,-100.0,-0.019999999552965164,-0.5398433208465576
2676,49688,3,67,1,OP3,FIXED_OPPONENT,train,SCRIPTED:OP3,0,2,3,-1,18,0.19999998807907104,1,0,3,11.0,10.351806640625,-1.2000000476837158,-0.5,-0.0041466206312179565,0.0,-1.0,-100.0,0.0,-0.5371019840240479
2677,49704,3,69,1,OP3,FIXED_OPPONENT,train,SCRIPTED:OP3,1,3,2,1,18,0.19999998807907104,1,0,4,11.0,10.175950792100695,1.5,0.5,-0.04154285788536072,0.029999999329447746,1.0,100.0,0.0,0.582647442817688
2678,49728,3,72,3,OP3,FIXED_OPPONENT,train,SCRIPTED:OP3,1,3,2,1,18,0.3199999928474426,1,0,0,11.0,11.906789991590712,1.5,0.4000000059604645,-0.005539305508136749,0.029999999329447746,1.0,100.0,0.0,0.568212628364563
2679,49752,3,75,1,OP3,FIXED_OPPONENT,train,SCRIPTED:OP3,1,3,2,1,18,0.23999999463558197,1,0,1,12.0,10.97825198703342,1.5,0.4000000059604645,0.0061987340450286865,0.029999999329447746,1.0,100.0,0.0,0.5683540105819702
2680,49776,3,78,2,OP3,FIXED_OPPONENT,train,SCRIPTED:OP3,0,3,3,0,20,0.2800000011920929,1,0,2,13.0,9.429222106933594,-0.699999988079071,0.0,-0.009166166186332703,0.0,0.0,0.0,-0.019999999552965164,-0.15880736708641052
2681,49800,3,81,0,OP3,FIXED_OPPONENT,train,SCRIPTED:OP3,0,2,3,-1,18,0.1599999964237213,1,0,5,11.0,10.930515713161892,-1.2000000476837158,-0.4000000059604645,-0.008340612053871155,0.019999999552965164,-1.0,-100.0,-0.019999999552965164,-0.5241283774375916
2682,49816,3,83,2,OP3,FIXED_OPPONENT,train,SCRIPTED:OP3,1,3,2,1,18,0.19999998807907104,1,0,2,11.0,10.647610982259115,1.5,0.4000000059604645,0.007530048489570618,0.029999999329447746,1.0,100.0,0.0,0.56836998462677
2683,49832,3,85,3,OP3,FIXED_OPPONENT,train,SCRIPTED:OP3,0,2,3,-1,18,0.19999998807907104,1,0,2,11.0,11.26263173421224,-1.2000000476837158,-0.4000000059604645,-0.008861124515533447,0.019999999552965164,-1.0,-100.0,0.0,-0.5209041237831116
2684,49832,3,85,1,OP3,FIXED_OPPONENT,train,SCRIPTED:OP3,1,3,2,1,18,0.23999999463558197,1,0,3,11.0,10.502010769314236,1.5,0.5,-0.012372389435768127,0.029999999329447746,1.0,100.0,0.0,0.5829898715019226
2685,49856,3,88,0,OP3,FIXED_OPPONENT,train,SCRIPTED:OP3,0,2,3,-1,19,0.19999998807907104,1,0,0,11.0,11.980651052374588,-1.2000000476837158,-0.5,-0.007749587297439575,0.019999999552965164,-1.0,-100.0,-0.019999999552965164,-0.5400503277778625
2686,49888,3,92,1,OP3,FIXED_OPPONENT,train,SCRIPTED:OP3,1,3,2,1,20,0.23999999463558197,1,0,2,13.0,10.429934692382812,1.5,0.0,-0.009207949042320251,0.0,0.0,0.0,-0.019999999552965164,0.3173748254776001
2687,49896,3,93,1,OP3,FIXED_OPPONENT,train,SCRIPTED:OP3,0,2,3,-1,18,0.23999999463558197,1,0,4,11.0,10.012067159016928,-1.2000000476837158,-0.5,0.014771535992622375,0.019999999552965164,-1.0,-100.0,-0.019999999552965164,-0.5397666692733765
2688,49920,3,96,3,OP3,FIXED_OPPONENT,train,SCRIPTED:OP3,1,3,2,1,18,0.3199999928474426,1,0,1,11.0,11.700278388129341,1.5,0.5,-0.006868824362754822,0.014999999664723873,1.0,100.0,-0.019999999552965164,0.5799362659454346
2689,49952,3,100,0,OP3,FIXED_OPPONENT,train,SCRIPTED:OP3,0,3,3,0,19,0.19999998807907104,1,0,0,12.0,11.75388536955181,-0.699999988079071,0.0,-0.010158710181713104,0.0,0.0,0.0,0.0,-0.154489204287529
2690,49960,3,101,2,OP3,FIXED_OPPONENT,train,SCRIPTED:OP3,1,3,2,1,18,0.3199999928474426,1,0,0,11.0,9.960826449924046,1.5,0.4000000059604645,0.007774963974952698,0.014999999664723873,1.0,100.0,-0.019999999552965164,0.5651752352714539
2691,49976,3,103,2,OP3,FIXED_OPPONENT,train,SCRIPTED:OP3,1,3,2,1,18,0.19999998807907104,1,0,4,14.0,9.010851542154947,1.5,0.5,-0.02280469238758087,0.029999999329447746,1.0,100.0,0.0,0.5828673839569092
2692,49984,3,104,1,OP3,FIXED_OPPONENT,train,SCRIPTED:OP3,0,3,3,0,19,0.19999998807907104,1,0,4,12.0,10.920162000154194,-0.699999988079071,0.0,-0.0046470314264297485,0.0,0.0,0.0,0.0,-0.15439355373382568
2693,50000,3,106,1,OP3,FIXED_OPPONENT,train,SCRIPTED:OP3,0,2,3,-1,18,0.3999999761581421,1,0,2,11.0,8.965522766113281,-1.2000000476837158,-0.5,-0.007368788123130798,0.0,-1.0,-100.0,-0.019999999552965164,-0.5402973890304565
2694,50032,3,110,3,OP3,FIXED_OPPONENT,train,SCRIPTED:OP3,1,3,2,1,18,0.19999998807907104,1,0,3,11.0,10.282053629557291,1.5,0.4000000059604645,-0.00894223153591156,0.029999999329447746,1.0,100.0,0.0,0.5681717395782471
2695,50040,3,111,2,OP3,FIXED_OPPONENT,train,SCRIPTED:OP3,0,2,3,-1,18,0.35999998450279236,1,0,0,11.0,10.414529588487413,-1.2000000476837158,-0.5,0.013892188668251038,0.019999999552965164,-1.0,-100.0,0.0,-0.5366207361221313
2696,50080,3,116,1,OP3,FIXED_OPPONENT,train,SCRIPTED:OP3,0,2,3,-1,20,0.2800000011920929,1,0,4,11.0,10.16429443359375,-1.2000000476837158,-0.5,-0.006505340337753296,0.019999999552965164,-1.0,-100.0,-0.019999999552965164,-0.5400347113609314
2697,50096,3,118,3,OP3,FIXED_OPPONENT,train,SCRIPTED:OP3,0,2,3,-1,18,0.3999999761581421,1,0,1,12.0,9.911072625054253,-1.2000000476837158,-0.5,0.0149516761302948,0.0,-1.0,-100.0,-0.019999999552965164,-0.5400162935256958
2698,50112,3,120,0,OP3,FIXED_OPPONENT,train,SCRIPTED:OP3,0,3,3,0,19,0.3199999928474426,1,0,0,12.0,10.211264359323602,-0.699999988079071,0.0,0.001814723014831543,0.0,0.0,0.0,0.0,-0.1542814075946808
2699,50128,3,122,0,OP3,FIXED_OPPONENT,train,SCRIPTED:OP3,1,3,2,1,18,0.2800000011920929,1,0,3,12.0,10.32609642876519,1.5,0.5,0.007441014051437378,0.029999999329447746,1.0,100.0,0.0,0.5832222700119019
2700,50128,3,122,0,OP3,FIXED_OPPONENT,train,SCRIPTED:OP3,0,2,3,-1,19,0.1599999964237213,1,0,3,12.0,10.869123760022616,-1.2000000476837158,-0.5,-0.003232821822166443,0.019999999552965164,-1.0,-100.0,0.0,-0.5368375182151794
2701,50144,3,124,0,OP3,FIXED_OPPONENT,train,SCRIPTED:OP3,0,2,3,-1,18,0.19999998807907104,1,0,1,11.0,9.901041666666666,-1.2000000476837158,-0.4000000059604645,0.0003288537263870239,0.0,-1.0,-100.0,0.0,-0.521044135093689
2702,50160,3,126,1,OP3,FIXED_OPPONENT,train,SCRIPTED:OP3,1,3,1,2,16,0.19999998807907104,1,0,3,11.0,9.347733497619629,1.5,0.5,-0.008219152688980103,0.029999999329447746,1.0,100.0,-0.019999999552965164,0.5800973773002625
2703,50208,3,132,3,OP3,FIXED_OPPONENT,train,SCRIPTED:OP3,0,3,3,0,21,0.1599999964237213,1,0,5,14.0,10.021683465866815,-0.699999988079071,0.0,-0.008379116654396057,0.0,0.0,0.0,-0.019999999552965164,-0.15879370272159576
2704,50224,3,134,2,OP3,FIXED_OPPONENT,train,SCRIPTED:OP3,0,2,3,-1,18,0.2800000011920929,1,0,0,11.0,10.548497517903646,-1.2000000476837158,-0.5,0.015264391899108887,0.0,-1.0,-100.0,0.0,-0.5368565320968628
2705,50248,3,137,0,OP3,FIXED_OPPONENT,train,SCRIPTED:OP3,1,3,2,1,19,0.19999998807907104,1,0,4,12.0,11.524398000616776,1.5,0.5,-0.005313500761985779,0.029999999329447746,1.0,100.0,-0.019999999552965164,0.5801316499710083
2706,50256,3,138,0,OP3,FIXED_OPPONENT,train,SCRIPTED:OP3,1,3,2,1,18,0.2800000011920929,1,0,1,11.0,10.754883660210503,1.5,0.5,0.0013345032930374146,0.029999999329447746,1.0,100.0,0.0,0.5831507444381714
2707,50264,3,139,1,OP3,FIXED_OPPONENT,train,SCRIPTED:OP3,1,3,2,1,17,0.1599999964237213,1,0,2,11.0,10.829360064338236,1.5,0.4000000059604645,0.007253438234329224,0.029999999329447746,1.0,100.0,0.0,0.5683666467666626
2708,50280,3,141,1,OP3,FIXED_OPPONENT,train,SCRIPTED:OP3,0,2,3,-1,19,0.23999999463558197,1,0,3,12.0,10.115876047234787,-1.2000000476837158,-0.5,0.008174210786819458,0.019999999552965164,-1.0,-100.0,-0.019999999552965164,-0.5398498177528381
2709,50288,3,142,3,OP3,FIXED_OPPONENT,train,SCRIPTED:OP3,0,2,3,-1,18,0.23999999463558197,1,0,0,11.0,11.350286695692274,-1.2000000476837158,0.0,0.004880920052528381,0.0,0.0,0.0,0.0,-0.26043954491615295
2710,50304,3,144,1,OP3,FIXED_OPPONENT,train,SCRIPTED:OP3,1,3,2,1,18,0.2800000011920929,1,0,1,11.0,11.540050082736546,1.5,0.4000000059604645,-0.0019594430923461914,0.014999999664723873,1.0,100.0,0.0,0.5680751800537109
2711,50352,3,150,3,OP3,FIXED_OPPONENT,train,SCRIPTED:OP3,1,3,1,2,18,0.23999999463558197,1,0,2,14.0,10.02587890625,1.5,0.5,-0.023276329040527344,0.014999999664723873,1.0,100.0,0.0,0.5826857089996338
2712,50392,3,155,2,OP3,FIXED_OPPONENT,train,SCRIPTED:OP3,0,2,3,-1,21,0.35999998450279236,1,0,2,11.0,9.363897414434524,-1.2000000476837158,-0.5,0.0015752613544464111,0.0,-1.0,-100.0,0.0,-0.5370297431945801
2713,50392,3,155,1,OP3,FIXED_OPPONENT,train,SCRIPTED:OP3,0,2,3,-1,18,0.1599999964237213,1,0,2,11.0,10.032751295301649,-1.2000000476837158,-0.5,0.003871619701385498,0.019999999552965164,-1.0,-100.0,0.0,-0.5367475748062134
2714,50408,3,157,3,OP3,FIXED_OPPONENT,train,SCRIPTED:OP3,0,1,3,-2,18,0.23999999463558197,1,0,10,11.0,9.66241709391276,-1.2000000476837158,-0.5,0.0024826526641845703,0.019999999552965164,-1.0,-100.0,0.0,-0.5367651581764221
2715,50408,3,157,3,OP3,FIXED_OPPONENT,train,SCRIPTED:OP3,1,3,2,1,19,0.19999998807907104,0,1,3,13.0,10.292552747224507,1.5,0.5,-0.03288351744413376,0.029999999329447746,1.0,100.0,0.0,0.58274906873703
2716,50440,3,161,0,OP3,FIXED_OPPONENT,train,SCRIPTED:OP3,1,3,2,1,20,0.23999999463558197,1,0,9,13.0,9.715500640869141,1.5,0.5,-0.013335123658180237,0.029999999329447746,1.0,100.0,-0.019999999552965164,0.580036997795105
2717,50440,3,161,1,OP3,FIXED_OPPONENT,train,SCRIPTED:OP3,0,2,3,-1,19,0.23999999463558197,1,0,8,12.0,9.584963346782484,-1.2000000476837158,-0.5,0.00922258198261261,0.019999999552965164,-1.0,-100.0,0.0,-0.5366798639297485
2718,50448,3,162,0,OP3,FIXED_OPPONENT,train,SCRIPTED:OP3,0,3,3,0,18,0.2800000011920929,1,0,2,11.0,10.213624742296007,-0.699999988079071,0.0,-0.006427794694900513,0.0,0.0,0.0,0.0,-0.15442444384098053
2719,50504,3,169,2,OP3,FIXED_OPPONENT,train,SCRIPTED:OP3,1,3,2,1,19,0.2800000011920929,1,0,3,12.0,10.780858090049342,1.5,0.5,-0.007373929023742676,0.029999999329447746,1.0,100.0,0.0,0.5830484628677368
2720,50520,3,171,0,OP3,FIXED_OPPONENT,train,SCRIPTED:OP3,1,3,1,2,16,0.3199999928474426,1,0,5,11.0,8.89231014251709,1.5,0.5,-0.02531285583972931,0.014999999664723873,1.0,100.0,-0.03999999910593033,0.5767603516578674
2721,50552,3,175,2,OP3,FIXED_OPPONENT,train,SCRIPTED:OP3,0,2,3,-1,20,0.23999999463558197,1,0,5,13.0,9.801405334472657,-1.2000000476837158,-0.5,0.0031198710203170776,0.019999999552965164,-1.0,-100.0,-0.019999999552965164,-0.539913535118103
2722,50552,3,175,0,OP3,FIXED_OPPONENT,train,SCRIPTED:OP3,1,3,2,1,18,0.23999999463558197,1,0,0,11.0,11.763754102918837,1.5,0.5,0.01061539351940155,0.029999999329447746,1.0,100.0,0.0,0.5832595825195312
2723,50560,3,176,3,OP3,FIXED_OPPONENT,train,SCRIPTED:OP3,1,3,2,1,19,0.3199999928474426,1,0,5,12.0,10.278203060752467,1.5,0.5,0.014708295464515686,0.014999999664723873,1.0,100.0,0.0,0.5831315517425537
2724,50592,3,180,2,OP3,FIXED_OPPONENT,train,SCRIPTED:OP3,1,3,2,1,19,0.19999998807907104,1,0,3,12.0,10.663259405838815,1.5,1.0,-0.011824943125247955,0.029999999329447746,2.0,200.0,0.0,0.7617298364639282
2725,50600,3,181,2,OP3,FIXED_OPPONENT,train,SCRIPTED:OP3,1,3,2,1,20,0.19999998807907104,0,1,5,14.0,9.46325454711914,1.5,0.5,-0.002894476056098938,0.029999999329447746,1.0,100.0,-0.019999999552965164,0.5801601409912109
2726,50600,3,181,0,OP3,FIXED_OPPONENT,train,SCRIPTED:OP3,0,3,3,0,19,0.35999998450279236,1,0,2,12.0,10.406428286903783,-0.699999988079071,0.0,-0.0012533217668533325,0.0,0.0,0.0,0.0,-0.1543346494436264
2727,50664,3,189,1,OP3,FIXED_OPPONENT,train,SCRIPTED:OP3,0,2,3,-1,20,0.23999999463558197,1,0,5,12.0,10.959522247314453,-1.2000000476837158,0.0,0.007327437400817871,0.0,0.0,0.0,-0.019999999552965164,-0.2645372748374939
2728,50688,3,192,1,OP3,FIXED_OPPONENT,train,SCRIPTED:OP3,0,2,3,-1,21,0.4399999976158142,1,0,1,13.0,10.198567708333334,-1.2000000476837158,-0.5,0.014045536518096924,0.0,-1.0,-100.0,0.0,-0.5368719696998596
2729,50688,3,192,3,OP3,FIXED_OPPONENT,train,SCRIPTED:OP3,0,2,3,-1,17,0.19999998807907104,1,0,1,11.0,10.719809139476103,-1.2000000476837158,-0.5,0.014726758003234863,0.019999999552965164,-1.0,-100.0,0.0,-0.5366101861000061
2730,50696,3,193,1,OP3,FIXED_OPPONENT,train,SCRIPTED:OP3,0,2,3,-1,18,0.23999999463558197,1,0,3,11.0,10.237325032552084,-1.2000000476837158,-0.4000000059604645,-0.0017505139112472534,0.019999999552965164,-1.0,-100.0,0.0,-0.5208119750022888
2731,50704,3,194,1,OP3,FIXED_OPPONENT,train,SCRIPTED:OP3,0,2,3,-1,18,0.19999998807907104,1,0,2,11.0,11.203502231174046,-1.2000000476837158,0.0,0.001448124647140503,0.019999999552965164,0.0,0.0,0.0,-0.2601649761199951
2732,50720,3,196,1,OP3,FIXED_OPPONENT,train,SCRIPTED:OP3,1,3,2,1,16,0.19999998807907104,1,0,0,11.0,9.87183666229248,1.5,0.4000000059604645,-0.009997576475143433,0.014999999664723873,1.0,100.0,-0.03999999910593033,0.5619266033172607
2733,50744,3,199,3,OP3,FIXED_OPPONENT,train,SCRIPTED:OP3,0,2,3,-1,18,0.1599999964237213,1,0,0,11.0,12.016806708441841,-1.2000000476837158,0.0,0.007469117641448975,0.0,0.0,0.0,0.0,-0.26039668917655945
2734,50768,3,202,3,OP3,FIXED_OPPONENT,train,SCRIPTED:OP3,0,2,3,-1,21,0.3199999928474426,1,0,6,14.0,9.994830903552828,-1.2000000476837158,-0.5,0.011185780167579651,0.019999999552965164,-1.0,-100.0,0.0,-0.536655068397522
2735,50824,3,209,0,OP3,FIXED_OPPONENT,train,SCRIPTED:OP3,1,3,2,1,17,0.19999998807907104,1,0,1,11.0,11.942793004653034,1.5,0.4000000059604645,0.004293188452720642,0.029999999329447746,1.0,100.0,0.0,0.5683310031890869
2736,50832,3,210,1,OP3,FIXED_OPPONENT,train,SCRIPTED:OP3,0,2,3,-1,18,0.23999999463558197,1,0,0,11.0,11.34623294406467,-1.2000000476837158,-0.4000000059604645,-0.009045019745826721,0.0,-1.0,-100.0,0.0,-0.5211655497550964
2737,50832,3,210,1,OP3,FIXED_OPPONENT,train,SCRIPTED:OP3,1,3,2,1,21,0.23999999463558197,1,0,3,15.0,9.363281976609002,1.5,0.5,0.023209229111671448,0.029999999329447746,1.0,100.0,-0.019999999552965164,0.5804679989814758
2738,50848,3,212,2,OP3,FIXED_OPPONENT,train,SCRIPTED:OP3,1,3,2,1,18,0.2800000011920929,1,0,4,11.0,10.632171630859375,1.5,0.4000000059604645,-6.172060966491699e-05,0.029999999329447746,1.0,100.0,0.0,0.5682785511016846
2739,50864,3,214,2,OP3,FIXED_OPPONENT,train,SCRIPTED:OP3,0,3,3,0,21,0.19999998807907104,0,1,7,14.0,9.580638340541295,-0.699999988079071,0.0,0.005006000399589539,0.0,0.0,0.0,0.0,-0.15422601997852325
2740,50880,3,216,3,OP3,FIXED_OPPONENT,train,SCRIPTED:OP3,0,2,3,-1,20,0.23999999463558197,1,0,3,13.0,10.166073608398438,-1.2000000476837158,-0.5,0.0013239532709121704,0.0,-1.0,-100.0,0.0,-0.5370329022407532
2741,50896,3,218,3,OP3,FIXED_OPPONENT,train,SCRIPTED:OP3,0,3,3,0,19,0.2800000011920929,1,0,2,12.0,10.330686067280016,-0.699999988079071,0.0,0.002947688102722168,0.0,0.0,0.0,0.0,-0.1542617529630661
2742,50936,3,223,1,OP3,FIXED_OPPONENT,train,SCRIPTED:OP3,1,3,2,1,21,0.19999998807907104,1,0,2,14.0,10.464229038783483,1.5,0.5,-0.007643520832061768,0.029999999329447746,1.0,100.0,0.0,0.5830453634262085
2743,50960,3,226,2,OP3,FIXED_OPPONENT,train,SCRIPTED:OP3,0,2,3,-1,17,0.23999999463558197,1,0,4,11.0,10.486317354090074,-1.2000000476837158,0.0,-0.004836440086364746,0.0,0.0,0.0,0.0,-0.26060059666633606
2744,50984,3,229,3,OP3,FIXED_OPPONENT,train,SCRIPTED:OP3,1,3,2,1,19,0.3199999928474426,1,0,1,12.0,8.983677914268092,1.5,0.4000000059604645,-0.010285794734954834,0.014999999664723873,1.0,100.0,0.0,0.5679749250411987
2745,50992,3,230,3,OP3,FIXED_OPPONENT,train,SCRIPTED:OP3,0,2,3,-1,20,0.1599999964237213,1,0,6,13.0,10.469430541992187,-1.2000000476837158,-0.5,0.008663177490234375,0.019999999552965164,-1.0,-100.0,0.0,-0.5366869568824768
2746,51008,3,232,1,OP3,FIXED_OPPONENT,train,SCRIPTED:OP3,1,3,2,1,18,0.2800000011920929,1,0,4,11.0,11.033269246419271,1.5,1.0,-0.009572580456733704,0.029999999329447746,2.0,200.0,0.0,0.7617465853691101
2747,51016,3,233,0,OP3,FIXED_OPPONENT,train,SCRIPTED:OP3,0,2,3,-1,21,0.23999999463558197,1,0,5,14.0,9.18946765718006,-1.2000000476837158,-0.5,0.015823960304260254,0.019999999552965164,-1.0,-100.0,0.0,-0.5365962982177734
2748,51040,3,236,2,OP3,FIXED_OPPONENT,train,SCRIPTED:OP3,1,3,2,1,20,0.3199999928474426,1,0,1,11.0,10.090363311767579,1.5,0.5,-0.03437744081020355,0.014999999664723873,1.0,100.0,-0.019999999552965164,0.5796116590499878
2749,51040,3,236,2,OP3,FIXED_OPPONENT,train,SCRIPTED:OP3,0,2,3,-1,18,0.19999998807907104,1,0,0,11.0,11.354857550726997,-1.2000000476837158,-0.5,-0.002664819359779358,0.019999999552965164,-1.0,-100.0,0.0,-0.5368303060531616
2750,51096,3,243,3,OP3,FIXED_OPPONENT,train,SCRIPTED:OP3,0,2,3,-1,20,0.1599999964237213,0,1,3,13.0,10.553981018066406,-1.2000000476837158,-0.4000000059604645,-0.008981764316558838,0.019999999552965164,-1.0,-100.0,0.0,-0.5209056735038757
2751,51104,3,244,1,OP3,FIXED_OPPONENT,train,SCRIPTED:OP3,0,3,3,0,18,0.1599999964237213,1,0,2,11.0,10.738743252224392,-0.699999988079071,0.0,-0.008383527398109436,0.0,0.0,0.0,0.0,-0.15445838868618011
2752,51128,3,247,3,OP3,FIXED_OPPONENT,train,SCRIPTED:OP3,1,3,2,1,18,0.2800000011920929,1,0,0,11.0,10.91170925564236,1.5,0.4000000059604645,0.006070569157600403,0.014999999664723873,1.0,100.0,0.0,0.5681718587875366
2753,51144,3,249,0,OP3,FIXED_OPPONENT,train,SCRIPTED:OP3,0,2,3,-1,19,0.19999998807907104,1,0,3,12.0,9.66036585757607,-1.2000000476837158,-0.5,0.0037492960691452026,0.019999999552965164,-1.0,-100.0,0.0,-0.5367491245269775
2754,51152,3,250,2,OP3,FIXED_OPPONENT,train,SCRIPTED:OP3,1,3,2,1,17,0.2800000011920929,1,0,0,11.0,10.049896240234375,1.5,0.5,-0.022472798824310303,0.014999999664723873,1.0,100.0,0.0,0.5826951861381531
2755,51168,3,252,3,OP3,FIXED_OPPONENT,train,SCRIPTED:OP3,0,3,3,0,20,0.3199999928474426,1,0,5,13.0,8.985985565185548,-0.699999988079071,0.0,-0.008129552006721497,0.0,0.0,0.0,-0.019999999552965164,-0.15878939628601074
2756,51184,3,254,1,OP3,FIXED_OPPONENT,train,SCRIPTED:OP3,1,3,1,2,18,0.19999998807907104,1,0,0,12.0,10.324607001410591,1.5,0.5,-0.024866119027137756,0.014999999664723873,1.0,100.0,0.0,0.5826671123504639
2757,51208,3,257,0,OP3,FIXED_OPPONENT,train,SCRIPTED:OP3,1,3,2,1,21,0.3199999928474426,1,0,2,14.0,11.065511067708334,1.5,0.5,-0.03257894515991211,0.029999999329447746,1.0,100.0,0.0,0.5827526450157166
2758,51240,3,261,3,OP3,FIXED_OPPONENT,train,SCRIPTED:OP3,1,3,2,1,18,0.2800000011920929,1,0,1,11.0,9.527905782063803,1.5,0.5,0.008069708943367004,0.014999999664723873,1.0,100.0,0.0,0.583053708076477
2759,51248,3,262,0,OP3,FIXED_OPPONENT,train,SCRIPTED:OP3,0,2,3,-1,18,0.19999998807907104,1,0,0,11.0,11.172859191894531,-1.2000000476837158,-0.4000000059604645,-0.0003856867551803589,0.019999999552965164,-1.0,-100.0,0.0,-0.5207943320274353
2760,51264,3,264,1,OP3,FIXED_OPPONENT,train,SCRIPTED:OP3,0,1,3,-2,15,0.23999999463558197,1,0,1,11.0,10.518410237630208,-1.2000000476837158,-0.5,0.0066099464893341064,0.019999999552965164,-1.0,-100.0,0.0,-0.5367129445075989
2761,51264,3,264,2,OP3,FIXED_OPPONENT,train,SCRIPTED:OP3,1,3,2,1,17,0.11999999731779099,1,0,0,12.0,10.727980669806986,1.5,0.4000000059604645,0.003080710768699646,0.029999999329447746,1.0,100.0,-0.019999999552965164,0.5652998685836792
2762,51296,3,268,3,OP3,FIXED_OPPONENT,train,SCRIPTED:OP3,0,2,3,-1,18,0.23999999463558197,1,0,2,11.0,10.316234164767796,-1.2000000476837158,-0.4000000059604645,-0.008087128400802612,0.019999999552965164,-1.0,-100.0,0.0,-0.5208940505981445
2763,51320,3,271,1,OP3,FIXED_OPPONENT,train,SCRIPTED:OP3,0,3,3,0,19,0.19999998807907104,1,0,5,12.0,10.319677252518503,-0.699999988079071,0.5,0.0011323615908622742,0.0,1.0,100.0,0.0,0.17594778537750244
2764,51328,3,272,0,OP3,FIXED_OPPONENT,train,SCRIPTED:OP3,0,2,3,-1,18,0.1599999964237213,1,0,4,11.0,10.610747443305122,-1.2000000476837158,-0.4000000059604645,-0.01053251326084137,0.019999999552965164,-1.0,-100.0,0.0,-0.520925760269165
2765,51352,3,275,0,OP3,FIXED_OPPONENT,train,SCRIPTED:OP3,1,3,2,1,18,0.23999999463558197,1,0,0,11.0,11.186365763346354,1.5,0.4000000059604645,-0.0005542486906051636,0.014999999664723873,1.0,100.0,-0.019999999552965164,0.5650743842124939
2766,51368,3,277,3,OP3,FIXED_OPPONENT,train,SCRIPTED:OP3,1,3,2,1,16,0.19999998807907104,1,0,1,12.0,11.228167533874512,1.5,0.0,-0.0073741525411605835,0.0,0.0,0.0,-0.03999999910593033,0.31340181827545166
2767,51384,3,279,0,OP3,FIXED_OPPONENT,train,SCRIPTED:OP3,1,3,1,2,15,0.1599999964237213,1,0,0,11.0,12.439659627278646,1.5,0.0,-0.0037650614976882935,0.0,0.0,0.0,0.0,0.32145270705223083
2768,51400,3,281,3,OP3,FIXED_OPPONENT,train,SCRIPTED:OP3,0,2,3,-1,19,0.11999999731779099,1,0,2,12.0,11.3957664088199,-1.2000000476837158,-0.4000000059604645,-0.007903322577476501,0.019999999552965164,-1.0,-100.0,0.0,-0.5208917260169983
2769,51432,3,285,1,OP3,FIXED_OPPONENT,train,SCRIPTED:OP3,0,2,3,-1,21,0.23999999463558197,1,0,1,14.0,11.063292730422248,-1.2000000476837158,-0.5,0.0052254945039749146,0.019999999552965164,-1.0,-100.0,-0.019999999552965164,-0.5398869514465332
2770,51440,3,286,2,OP3,FIXED_OPPONENT,train,SCRIPTED:OP3,0,3,3,0,18,0.11999999731779099,1,0,3,11.0,11.761071946885851,-0.699999988079071,0.0,-0.003940977156162262,0.0,0.0,0.0,-0.03999999910593033,-0.163046196103096
2771,51464,3,289,1,OP3,FIXED_OPPONENT,train,SCRIPTED:OP3,0,2,3,-1,18,0.19999998807907104,1,0,0,11.0,11.511734008789062,-1.2000000476837158,-0.5,0.0031234771013259888,0.019999999552965164,-1.0,-100.0,-0.019999999552965164,-0.5399134159088135
2772,51472,3,290,3,OP3,FIXED_OPPONENT,train,SCRIPTED:OP3,1,3,2,1,18,0.23999999463558197,1,0,3,11.0,10.088865492078993,1.5,0.5,-0.02688729017972946,0.029999999329447746,1.0,100.0,0.0,0.5828194618225098
2773,51504,3,294,0,OP3,FIXED_OPPONENT,train,SCRIPTED:OP3,1,3,2,1,19,0.19999998807907104,1,0,3,11.0,10.7663718775699,1.5,1.0,-0.015696704387664795,0.029999999329447746,2.0,200.0,-0.019999999552965164,0.7598287463188171
2774,51512,3,295,2,OP3,FIXED_OPPONENT,train,SCRIPTED:OP3,0,3,3,0,18,0.19999998807907104,1,0,3,11.0,10.13786146375868,-0.699999988079071,0.0,0.0005061626434326172,0.0,0.0,0.0,0.0,-0.1543041169643402
2775,51544,3,299,1,OP3,FIXED_OPPONENT,train,SCRIPTED:OP3,0,2,3,-1,18,0.35999998450279236,1,0,0,11.0,10.46624755859375,-1.2000000476837158,-0.5,0.003796398639678955,0.0,-1.0,-100.0,-0.019999999552965164,-0.5401568412780762
2776,51552,3,300,2,OP3,FIXED_OPPONENT,train,SCRIPTED:OP3,0,3,3,0,21,0.2800000011920929,1,0,0,14.0,11.25218999953497,-0.699999988079071,0.0,0.006274566054344177,0.0,0.0,0.0,0.0,-0.15420399606227875
2777,51568,3,302,1,OP3,FIXED_OPPONENT,train,SCRIPTED:OP3,1,3,1,2,16,0.23999999463558197,1,0,0,12.0,11.93118953704834,1.5,0.5,0.015740618109703064,0.029999999329447746,1.0,100.0,-0.019999999552965164,0.5803799629211426
2778,51584,3,304,1,OP3,FIXED_OPPONENT,train,SCRIPTED:OP3,1,3,2,1,19,0.2800000011920929,1,0,0,13.0,10.512504979183799,1.5,0.5,-0.0313696563243866,0.014999999664723873,1.0,100.0,0.0,0.5825907588005066
2779,51608,3,307,1,OP3,FIXED_OPPONENT,train,SCRIPTED:OP3,1,3,2,1,17,0.23999999463558197,1,0,1,11.0,11.157119750976562,1.5,0.5,-0.0040593817830085754,0.029999999329447746,1.0,100.0,0.0,0.5830874443054199
2780,51624,3,309,0,OP3,FIXED_OPPONENT,train,SCRIPTED:OP3,0,2,3,-1,20,0.2800000011920929,1,0,2,13.0,10.333583068847656,-1.2000000476837158,-0.5,0.016437262296676636,0.019999999552965164,-1.0,-100.0,-0.019999999552965164,-0.5397456884384155
2781,51632,3,310,2,OP3,FIXED_OPPONENT,train,SCRIPTED:OP3,0,2,3,-1,15,0.19999998807907104,1,0,0,11.0,10.913808186848959,-1.2000000476837158,0.0,-0.010296404361724854,0.0,0.0,0.0,0.0,-0.2606910467147827
2782,51656,3,313,2,OP3,FIXED_OPPONENT,train,SCRIPTED:OP3,1,3,2,1,19,0.11999999731779099,1,0,5,13.0,10.532642565275493,1.5,0.5,-0.0060316771268844604,0.029999999329447746,1.0,100.0,0.0,0.5830642580986023
2783,51696,3,318,3,OP3,FIXED_OPPONENT,train,SCRIPTED:OP3,0,3,3,0,19,0.23999999463558197,1,0,6,12.0,10.430297048468338,-0.699999988079071,0.7000000476837158,0.0005526095628738403,0.0,1.0,100.0,-0.019999999552965164,0.21440838277339935
2784,51696,3,318,3,OP3,FIXED_OPPONENT,train,SCRIPTED:OP3,1,3,2,1,18,0.1599999964237213,1,0,6,11.0,9.812044779459635,1.5,0.8999999761581421,0.0003000125288963318,0.029999999329447746,2.0,200.0,-0.019999999552965164,0.7504009008407593
2785,51720,3,321,0,OP3,FIXED_OPPONENT,train,SCRIPTED:OP3,1,3,2,1,19,0.19999998807907104,1,0,9,12.0,8.724381296258224,1.5,0.5,-0.03945854306221008,0.029999999329447746,1.0,100.0,0.0,0.5826718807220459
2786,51728,3,322,2,OP3,FIXED_OPPONENT,train,SCRIPTED:OP3,1,3,2,1,18,0.19999998807907104,1,0,4,11.0,9.592245313856337,1.5,0.5,-0.0006264150142669678,0.029999999329447746,1.0,100.0,-0.03999999910593033,0.5772309303283691
2787,51752,3,325,2,OP3,FIXED_OPPONENT,train,SCRIPTED:OP3,1,3,2,1,18,0.19999998807907104,1,0,0,11.0,11.873519897460938,1.5,0.4000000059604645,0.008509546518325806,0.014999999664723873,1.0,100.0,0.0,0.5682012438774109
2788,51752,3,325,1,OP3,FIXED_OPPONENT,train,SCRIPTED:OP3,0,1,3,-2,15,0.23999999463558197,1,0,1,11.0,9.147384643554688,-1.2000000476837158,-0.5,-0.0035038739442825317,0.019999999552965164,-1.0,-100.0,0.0,-0.5368409752845764
2789,51776,3,328,2,OP3,FIXED_OPPONENT,train,SCRIPTED:OP3,1,3,2,1,19,0.1599999964237213,1,0,3,12.0,9.91275988127056,1.5,0.5,-0.024487078189849854,0.029999999329447746,1.0,100.0,0.0,0.5828476548194885
2790,51808,3,332,1,OP3,FIXED_OPPONENT,train,SCRIPTED:OP3,0,2,3,-1,19,0.19999998807907104,1,0,2,11.0,10.17146863435444,-1.2000000476837158,-0.5,0.01499071717262268,0.019999999552965164,-1.0,-100.0,-0.019999999552965164,-0.5397639870643616
2791,51832,3,335,2,OP3,FIXED_OPPONENT,train,SCRIPTED:OP3,1,3,2,1,17,0.11999999731779099,1,0,0,11.0,12.27484759162454,1.5,0.5,-0.025165751576423645,0.029999999329447746,1.0,100.0,0.0,0.5828397274017334
2792,51832,3,335,1,OP3,FIXED_OPPONENT,train,SCRIPTED:OP3,1,3,1,2,17,0.2800000011920929,1,0,1,13.0,10.622059541590074,1.5,0.5,-0.019855275750160217,0.014999833889305592,1.0,100.0,0.0,0.5827259421348572
2793,51864,3,339,2,OP3,FIXED_OPPONENT,train,SCRIPTED:OP3,1,3,2,1,18,0.23999999463558197,1,0,6,11.0,10.094545152452257,1.5,0.4000000059604645,-0.009946733713150024,0.029999999329447746,1.0,100.0,0.0,0.5681596398353577
2794,51872,3,340,2,OP3,FIXED_OPPONENT,train,SCRIPTED:OP3,1,3,2,1,18,0.23999999463558197,1,0,5,11.0,10.181338840060764,1.5,0.4000000059604645,-0.007466509938240051,0.014999999664723873,1.0,100.0,0.0,0.5680088996887207
2795,51896,3,343,2,OP3,FIXED_OPPONENT,train,SCRIPTED:OP3,1,3,2,1,18,0.19999998807907104,1,0,0,11.0,10.398467169867622,1.5,0.4000000059604645,0.007629796862602234,0.014999999664723873,1.0,100.0,0.0,0.5681905746459961
2796,51904,3,344,2,OP3,FIXED_OPPONENT,train,SCRIPTED:OP3,0,2,3,-1,19,0.23999999463558197,1,0,3,12.0,11.846188193873354,-1.2000000476837158,0.0,-0.003163062036037445,0.0,0.0,0.0,0.0,-0.2605728507041931
2797,51920,3,346,2,OP3,FIXED_OPPONENT,train,SCRIPTED:OP3,1,3,2,1,18,0.3199999928474426,1,0,2,11.0,9.86212158203125,1.5,0.5,-0.004036709666252136,0.014999999664723873,1.0,100.0,0.0,0.5829116106033325
2798,51952,3,350,3,OP3,FIXED_OPPONENT,train,SCRIPTED:OP3,0,2,3,-1,18,0.19999998807907104,1,0,2,11.0,10.308295355902779,-1.2000000476837158,-0.5,0.014897838234901428,0.0,-1.0,-100.0,0.0,-0.5368611216545105
2799,51968,3,352,1,OP3,FIXED_OPPONENT,train,SCRIPTED:OP3,1,3,1,2,17,0.35999998450279236,1,0,1,11.0,9.76957612879136,1.5,0.5,-0.0395149290561676,0.014999999664723873,1.0,100.0,0.0,0.5824950337409973
2800,51984,3,354,3,OP3,FIXED_OPPONENT,train,SCRIPTED:OP3,0,2,3,-1,19,0.2800000011920929,1,0,3,12.0,8.912724545127467,-1.2000000476837158,-0.5,-0.0029717087745666504,0.0,-1.0,-100.0,0.0,-0.5370872020721436
2801,52016,3,358,0,OP3,FIXED_OPPONENT,train,SCRIPTED:OP3,0,2,3,-1,19,0.2800000011920929,1,0,2,12.0,11.44088423879523,-1.2000000476837158,-0.5,-0.00040759146213531494,0.019999999552965164,-1.0,-100.0,0.0,-0.5368017554283142
2802,52040,3,361,3,OP3,FIXED_OPPONENT,train,SCRIPTED:OP3,1,3,2,1,18,0.19999998807907104,1,0,3,12.0,10.532858954535591,1.5,0.4000000059604645,0.006243422627449036,0.014999999664723873,1.0,100.0,0.0,0.5681739449501038
2803,52048,3,362,3,OP3,FIXED_OPPONENT,train,SCRIPTED:OP3,1,3,2,1,22,0.3999999761581421,1,0,1,15.0,10.051015680486506,1.5,0.4000000059604645,-0.006393864750862122,0.029999999329447746,1.0,100.0,0.0,0.5682023763656616
2804,52064,3,364,2,OP3,FIXED_OPPONENT,train,SCRIPTED:OP3,0,2,3,-1,20,0.23999999463558197,1,0,2,12.0,11.208010864257812,-1.2000000476837158,0.0,0.006868228316307068,0.0,0.0,0.0,-0.019999999552965164,-0.26454487442970276
2805,52072,3,365,3,OP3,FIXED_OPPONENT,train,SCRIPTED:OP3,0,2,3,-1,19,0.23999999463558197,1,0,1,12.0,11.807283100328947,-1.2000000476837158,-0.5,0.0016054213047027588,0.019999999552965164,-1.0,-100.0,-0.019999999552965164,-0.5399326086044312
2806,52096,3,368,2,OP3,FIXED_OPPONENT,train,SCRIPTED:OP3,0,2,3,-1,18,0.2800000011920929,1,0,1,11.0,11.617011176215279,-1.2000000476837158,-0.4000000059604645,-0.009524136781692505,0.0,-1.0,-100.0,0.0,-0.5211716890335083
2807,52120,3,371,1,OP3,FIXED_OPPONENT,train,SCRIPTED:OP3,1,3,2,1,19,0.19999998807907104,1,0,9,13.0,9.719372397974917,1.5,0.5,0.0039694905281066895,0.014999999664723873,1.0,100.0,0.0,0.5830056071281433
2808,52128,3,372,0,OP3,FIXED_OPPONENT,train,SCRIPTED:OP3,0,2,3,-1,18,0.19999998807907104,1,0,4,11.0,10.922053019205729,-1.2000000476837158,-0.5,0.01042841374874115,0.019999999552965164,-1.0,-100.0,0.0,-0.536664605140686
2809,52168,3,377,2,OP3,FIXED_OPPONENT,train,SCRIPTED:OP3,1,3,2,1,19,0.23999999463558197,1,0,3,12.0,9.982087787828947,1.5,0.4000000059604645,-9.031593799591064e-05,0.029999999329447746,1.0,100.0,0.0,0.5682783126831055
2810,52184,3,379,0,OP3,FIXED_OPPONENT,train,SCRIPTED:OP3,1,3,2,1,18,0.11999999731779099,1,0,1,12.0,11.850275675455729,1.5,0.5,0.008714839816093445,0.029999999329447746,1.0,100.0,-0.03999999910593033,0.5773416757583618
2811,52200,3,381,3,OP3,FIXED_OPPONENT,train,SCRIPTED:OP3,1,3,2,1,19,0.19999998807907104,1,0,3,12.0,10.331995913856908,1.5,0.5,-0.014899350702762604,0.029999999329447746,1.0,100.0,0.0,0.5829602479934692
2812,52208,3,382,2,OP3,FIXED_OPPONENT,train,SCRIPTED:OP3,0,2,3,-1,18,0.3199999928474426,1,0,0,11.0,11.596064249674479,-1.2000000476837158,-0.5,0.016008958220481873,0.019999999552965164,-1.0,-100.0,0.0,-0.5365939140319824
2813,52224,3,384,2,OP3,FIXED_OPPONENT,train,SCRIPTED:OP3,0,3,3,0,19,0.19999998807907104,1,0,4,12.0,8.872976202713815,-0.699999988079071,0.0,0.0028373748064041138,0.0,0.0,0.0,0.0,-0.1542636752128601
2814,52240,3,386,3,OP3,FIXED_OPPONENT,train,SCRIPTED:OP3,0,2,3,-1,18,0.11999999731779099,1,0,1,11.0,11.115527682834202,-1.2000000476837158,-0.5,-0.003801479935646057,0.019999999552965164,-1.0,-100.0,0.0,-0.5368447303771973
2815,52288,3,392,2,OP3,FIXED_OPPONENT,train,SCRIPTED:OP3,1,3,2,1,21,0.19999998807907104,1,0,2,13.0,11.83370608375186,1.5,0.5,-0.005129098892211914,0.029999999329447746,1.0,100.0,-0.019999999552965164,0.580133855342865
2816,52304,3,394,3,OP3,FIXED_OPPONENT,train,SCRIPTED:OP3,0,3,3,0,22,0.23999999463558197,1,0,4,14.0,9.97172823819247,-0.699999988079071,0.0,-0.010257169604301453,0.0,0.0,0.0,0.0,-0.1544909030199051
2817,52320,3,396,3,OP3,FIXED_OPPONENT,train,SCRIPTED:OP3,0,2,3,-1,19,0.23999999463558197,1,0,2,12.0,11.358571905838815,-1.2000000476837158,-0.5,0.0005248337984085083,0.019999999552965164,-1.0,-100.0,0.0,-0.5367899537086487
2818,52320,3,396,0,OP3,FIXED_OPPONENT,train,SCRIPTED:OP3,0,2,3,-1,17,0.23999999463558197,1,0,2,11.0,9.926721909466911,-1.2000000476837158,-0.5,0.004099816083908081,0.019999999552965164,-1.0,-100.0,0.0,-0.5367446541786194
2819,52336,3,398,2,OP3,FIXED_OPPONENT,train,SCRIPTED:OP3,0,2,3,-1,17,0.3199999928474426,1,0,1,13.0,11.351071526022519,-1.2000000476837158,-0.5,-0.0016188174486160278,0.0,-1.0,-100.0,-0.019999999552965164,-0.5402250289916992
2820,52336,3,398,0,OP3,FIXED_OPPONENT,train,SCRIPTED:OP3,0,1,3,-2,16,0.19999998807907104,1,0,0,12.0,10.863912582397461,-1.2000000476837158,-0.5,-0.005770251154899597,0.019999999552965164,-1.0,-100.0,-0.019999999552965164,-0.5400254130363464
2821,52360,3,401,3,OP3,FIXED_OPPONENT,train,SCRIPTED:OP3,0,2,3,-1,17,0.1599999964237213,1,0,1,12.0,11.167171702665442,-1.2000000476837158,-0.4000000059604645,0.0028296709060668945,0.019999999552965164,-1.0,-100.0,0.0,-0.5207526087760925
2822,52400,3,406,2,OP3,FIXED_OPPONENT,train,SCRIPTED:OP3,0,2,3,-1,20,0.23999999463558197,1,0,6,13.0,9.300910949707031,-1.2000000476837158,-0.5,0.01514957845211029,0.019999999552965164,-1.0,-100.0,0.0,-0.5366048216819763
2823,52432,3,410,2,OP3,FIXED_OPPONENT,train,SCRIPTED:OP3,0,2,3,-1,18,0.19999998807907104,1,0,1,11.0,12.572736104329428,-1.2000000476837158,-0.4000000059604645,-0.006526485085487366,0.019999999552965164,-1.0,-100.0,0.0,-0.5208739042282104
2824,52448,3,412,1,OP3,FIXED_OPPONENT,train,SCRIPTED:OP3,1,3,2,1,18,0.3199999928474426,1,0,0,11.0,10.045324537489149,1.5,0.5,0.009018868207931519,0.02499999850988388,1.0,100.0,0.0,0.5831822156906128
2825,52464,3,414,3,OP3,FIXED_OPPONENT,train,SCRIPTED:OP3,0,2,3,-1,18,0.11999999731779099,1,0,0,11.0,12.310109456380209,-1.2000000476837158,0.0,0.0006835907697677612,0.0,0.0,0.0,0.0,-0.26050910353660583
2826,52464,3,414,1,OP3,FIXED_OPPONENT,train,SCRIPTED:OP3,0,1,3,-2,16,0.19999998807907104,1,0,1,12.0,11.151721000671387,-1.2000000476837158,-0.4000000059604645,-0.008866623044013977,0.019999999552965164,-1.0,-100.0,0.0,-0.5209041833877563
2827,52464,3,414,3,OP3,FIXED_OPPONENT,train,SCRIPTED:OP3,0,2,3,-1,18,0.19999998807907104,1,0,4,11.0,11.470649719238281,-1.2000000476837158,-0.4000000059604645,0.004475265741348267,0.019999999552965164,-1.0,-100.0,0.0,-0.5207313299179077
2828,52480,3,416,3,OP3,FIXED_OPPONENT,train,SCRIPTED:OP3,0,2,3,-1,18,0.23999999463558197,1,0,3,12.0,9.327373928493923,-1.2000000476837158,-0.4000000059604645,-0.004559427499771118,0.019999999552965164,-1.0,-100.0,0.0,-0.5208483934402466
2829,52520,3,421,2,OP3,FIXED_OPPONENT,train,SCRIPTED:OP3,1,3,2,1,20,0.35999998450279236,1,0,2,13.0,9.079459381103515,1.5,0.4000000059604645,-0.01044309139251709,0.029999999329447746,1.0,100.0,-0.03999999910593033,0.5621036887168884
2830,52544,3,424,2,OP3,FIXED_OPPONENT,train,SCRIPTED:OP3,1,3,2,1,18,0.2800000011920929,1,0,0,11.0,10.923638237847221,1.5,0.5,0.010212957859039307,0.029999999329447746,1.0,100.0,0.0,0.5832548141479492
2831,52600,3,431,1,OP3,FIXED_OPPONENT,train,SCRIPTED:OP3,1,3,2,1,19,0.19999998807907104,1,0,4,12.0,10.655628405119243,1.5,0.5,-0.016924157738685608,0.029999999329447746,1.0,100.0,0.0,0.5829364061355591
2832,52600,3,431,2,OP3,FIXED_OPPONENT,train,SCRIPTED:OP3,1,3,2,1,21,0.2800000011920929,1,0,2,14.0,10.899400983537946,1.5,0.5,0.018898725509643555,0.029999999329447746,1.0,100.0,0.0,0.5833567380905151
2833,52616,3,433,3,OP3,FIXED_OPPONENT,train,SCRIPTED:OP3,0,2,3,-1,19,0.2800000011920929,1,0,3,11.0,10.852490876850329,-1.2000000476837158,-0.5,-0.005622163414955139,0.019999999552965164,-1.0,-100.0,0.0,-0.5368677377700806
2834,52616,3,433,0,OP3,FIXED_OPPONENT,train,SCRIPTED:OP3,0,2,3,-1,19,0.2800000011920929,1,0,6,11.0,9.33500189530222,-1.2000000476837158,-0.5,-0.004708901047706604,0.019999999552965164,-1.0,-100.0,0.0,-0.5368561744689941
2835,52616,3,433,3,OP3,FIXED_OPPONENT,train,SCRIPTED:OP3,0,3,3,0,19,0.19999998807907104,1,0,3,12.0,11.01762470446135,-0.699999988079071,0.0,-0.009699612855911255,0.0,0.0,0.0,0.0,-0.15448123216629028
2836,52632,3,435,1,OP3,FIXED_OPPONENT,train,SCRIPTED:OP3,0,2,3,-1,19,0.23999999463558197,1,0,4,12.0,9.893286454050164,-1.2000000476837158,-0.5,-0.0053079575300216675,0.019999999552965164,-1.0,-100.0,0.0,-0.5368638038635254
2837,52664,3,439,0,OP3,FIXED_OPPONENT,train,SCRIPTED:OP3,0,1,3,-2,18,0.1599999964237213,1,0,2,11.0,11.058293660481771,-1.2000000476837158,-0.5,-0.004697248339653015,0.019999999552965164,-1.0,-100.0,0.0,-0.5368559956550598
2838,52688,3,442,0,OP3,FIXED_OPPONENT,train,SCRIPTED:OP3,1,3,2,1,18,0.11999999731779099,1,0,4,11.0,10.12725830078125,1.5,0.5,-0.011820174753665924,0.029999999329447746,1.0,100.0,0.0,0.5829963088035583
2839,52744,3,449,0,OP3,FIXED_OPPONENT,train,SCRIPTED:OP3,1,3,2,1,18,0.3199999928474426,1,0,2,11.0,11.448881361219618,1.5,0.5,0.0012030601501464844,0.02499999850988388,1.0,100.0,0.0,0.5830904841423035
2840,52760,3,451,2,OP3,FIXED_OPPONENT,train,SCRIPTED:OP3,0,2,3,-1,18,0.19999998807907104,1,0,0,11.0,10.312054951985678,-1.2000000476837158,-0.5,0.006418541073799133,0.019999999552965164,-1.0,-100.0,0.0,-0.5367153286933899
2841,52760,3,451,2,OP3,FIXED_OPPONENT,train,SCRIPTED:OP3,1,3,2,1,18,0.19999998807907104,1,0,1,11.0,11.255683898925781,1.5,0.5,-0.031249836087226868,0.029999999329447746,1.0,100.0,0.0,0.5827682018280029
2842,52760,3,451,1,OP3,FIXED_OPPONENT,train,SCRIPTED:OP3,0,2,3,-1,20,0.2800000011920929,1,0,3,12.0,10.456562042236328,-1.2000000476837158,-0.5,-0.003016725182533264,0.0,-1.0,-100.0,-0.019999999552965164,-0.5402425527572632
2843,52768,3,452,1,OP3,FIXED_OPPONENT,train,SCRIPTED:OP3,1,3,2,1,19,0.1599999964237213,1,0,2,12.0,10.41379185726768,1.5,0.4000000059604645,-0.003614485263824463,0.029999999329447746,1.0,100.0,0.0,0.5682358145713806
2844,52784,3,454,1,OP3,FIXED_OPPONENT,train,SCRIPTED:OP3,0,2,3,-1,19,0.2800000011920929,1,0,1,12.0,11.534704107987253,-1.2000000476837158,-0.5,-0.00752413272857666,0.0,-1.0,-100.0,0.0,-0.5371447801589966
2845,52816,3,458,1,OP3,FIXED_OPPONENT,train,SCRIPTED:OP3,1,3,2,1,19,0.35999998450279236,1,0,1,11.0,8.684763858192845,1.5,0.0,-0.010533422231674194,0.0,0.0,0.0,0.0,0.321344792842865
2846,52832,3,460,1,OP3,FIXED_OPPONENT,train,SCRIPTED:OP3,1,3,2,1,18,0.23999999463558197,1,0,0,11.0,10.922317504882812,1.5,0.4000000059604645,0.00704684853553772,0.014999999664723873,1.0,100.0,0.0,0.5681835412979126
2847,52888,3,467,2,OP3,FIXED_OPPONENT,train,SCRIPTED:OP3,0,3,3,0,18,0.23999999463558197,1,0,0,11.0,10.71547359890408,-0.699999988079071,0.0,-0.005076125264167786,0.0,0.0,0.0,-0.019999999552965164,-0.1587364822626114
2848,52896,3,468,2,OP3,FIXED_OPPONENT,train,SCRIPTED:OP3,0,2,3,-1,17,0.19999998807907104,1,0,0,11.0,10.771337172564339,-1.2000000476837158,-0.4000000059604645,-0.009447634220123291,0.0,-1.0,-100.0,0.0,-0.5211706757545471
2849,52912,3,470,0,OP3,FIXED_OPPONENT,train,SCRIPTED:OP3,0,2,3,-1,16,0.19999998807907104,1,0,0,11.0,11.019905090332031,-1.2000000476837158,0.0,0.008153393864631653,0.0,0.0,0.0,-0.03999999910593033,-0.26865217089653015
2850,52912,3,470,0,OP3,FIXED_OPPONENT,train,SCRIPTED:OP3,0,2,3,-1,18,0.11999999731779099,1,0,3,11.0,9.814058091905382,-1.2000000476837158,0.0,-0.00021773576736450195,0.0,0.0,0.0,0.0,-0.26052406430244446
2851,52912,3,470,3,OP3,FIXED_OPPONENT,train,SCRIPTED:OP3,0,2,3,-1,19,0.19999998807907104,1,0,3,12.0,10.32406214663857,-1.2000000476837158,-0.5,-0.011585071682929993,0.0,-1.0,-100.0,-0.019999999552965164,-0.5403504371643066
2852,52920,3,471,2,OP3,FIXED_OPPONENT,train,SCRIPTED:OP3,0,2,3,-1,20,0.1599999964237213,1,0,2,11.0,10.328030395507813,-1.2000000476837158,-0.5,0.0021778494119644165,0.019999999552965164,-1.0,-100.0,-0.019999999552965164,-0.5399253368377686
2853,52968,3,477,2,OP3,FIXED_OPPONENT,train,SCRIPTED:OP3,0,2,3,-1,19,0.23999999463558197,1,0,0,12.0,12.621354755602384,-1.2000000476837158,-0.5,-0.006024807691574097,0.0,-1.0,-100.0,0.0,-0.5371257066726685
2854,52976,3,478,3,OP3,FIXED_OPPONENT,train,SCRIPTED:OP3,1,3,2,1,18,0.23999999463558197,1,0,1,11.0,11.09690941704644,1.5,0.5,0.0030374377965927124,0.014999999664723873,1.0,100.0,0.0,0.5829946398735046
2855,53032,3,485,0,OP3,FIXED_OPPONENT,train,SCRIPTED:OP3,0,2,3,-1,18,0.07999999821186066,1,0,2,11.0,11.54286363389757,-1.2000000476837158,-0.5,0.009319230914115906,0.019999999552965164,-1.0,-100.0,-0.019999999552965164,-0.5398353338241577
2856,53040,3,486,1,OP3,FIXED_OPPONENT,train,SCRIPTED:OP3,0,1,3,-2,16,0.23999999463558197,1,0,0,12.0,12.618292808532715,-1.2000000476837158,-0.5,-0.0022502541542053223,0.019999999552965164,-1.0,-100.0,0.0,-0.5368250608444214
2857,53040,3,486,1,OP3,FIXED_OPPONENT,train,SCRIPTED:OP3,1,3,2,1,18,0.2800000011920929,1,0,4,11.0,9.335972256130642,1.5,0.5,0.010173290967941284,0.014999999664723873,1.0,100.0,0.0,0.5830783843994141
2858,53056,3,488,1,OP3,FIXED_OPPONENT,train,SCRIPTED:OP3,1,3,2,1,18,0.1599999964237213,1,0,2,11.0,10.431143866644966,1.5,0.5,0.0010202229022979736,0.029999999329447746,1.0,100.0,0.0,0.5831469893455505
2859,53056,3,488,2,OP3,FIXED_OPPONENT,train,SCRIPTED:OP3,0,2,3,-1,18,0.19999998807907104,1,0,1,11.0,9.889361911349827,-1.2000000476837158,-0.5,0.00846196711063385,0.019999999552965164,-1.0,-100.0,0.0,-0.5366894602775574
2860,53064,3,489,0,OP3,FIXED_OPPONENT,train,SCRIPTED:OP3,1,3,2,1,18,0.2800000011920929,1,0,1,11.0,11.275752597384983,1.5,0.5,-0.023006558418273926,0.029999999329447746,1.0,100.0,0.0,0.5828651189804077
2861,53112,3,495,3,OP3,FIXED_OPPONENT,train,SCRIPTED:OP3,0,2,3,-1,18,0.23999999463558197,1,0,5,11.0,11.123064676920572,-1.2000000476837158,0.0,0.008109122514724731,0.019999999552965164,0.0,0.0,-0.019999999552965164,-0.26419365406036377
2862,53128,3,497,1,OP3,FIXED_OPPONENT,train,SCRIPTED:OP3,0,2,3,-1,19,0.2800000011920929,1,0,4,12.0,9.201834427682977,-1.2000000476837158,-0.5,0.011409103870391846,0.0,-1.0,-100.0,0.0,-0.5369052886962891
2863,53176,3,503,3,OP3,FIXED_OPPONENT,train,SCRIPTED:OP3,1,3,2,1,18,0.2800000011920929,1,0,0,11.0,10.34057362874349,1.5,0.4000000059604645,-0.009888947010040283,0.029999999329447746,1.0,100.0,0.0,0.5681602954864502
2864,53184,3,504,1,OP3,FIXED_OPPONENT,train,SCRIPTED:OP3,1,3,1,2,18,0.1599999964237213,1,0,0,11.0,9.64166259765625,1.5,0.5,0.006508156657218933,0.014999999664723873,1.0,100.0,0.0,0.583035409450531
2865,53184,3,504,3,OP3,FIXED_OPPONENT,train,SCRIPTED:OP3,1,3,2,1,18,0.2800000011920929,1,0,3,11.0,10.16625722249349,1.5,0.0,-0.01044456660747528,0.0,0.0,0.0,0.0,0.3213462233543396
2866,53192,3,505,2,OP3,FIXED_OPPONENT,train,SCRIPTED:OP3,0,2,3,-1,17,0.19999998807907104,1,0,0,11.0,10.569221945369945,-1.2000000476837158,-0.5,0.004714444279670715,0.019999999552965164,-1.0,-100.0,0.0,-0.5367369055747986
2867,53200,3,506,2,OP3,FIXED_OPPONENT,train,SCRIPTED:OP3,1,3,2,1,18,0.3199999928474426,1,0,1,11.0,9.837037828233507,1.5,0.4000000059604645,0.007254064083099365,0.014999999664723873,1.0,100.0,0.0,0.5681861639022827
2868,53216,3,508,2,OP3,FIXED_OPPONENT,train,SCRIPTED:OP3,1,3,2,1,19,0.19999998807907104,1,0,0,12.0,11.653853567023026,1.5,0.5,-0.01399976760149002,0.029999999329447746,1.0,100.0,-0.019999999552965164,0.5800291895866394
2869,53256,3,513,1,OP3,FIXED_OPPONENT,train,SCRIPTED:OP3,1,3,2,1,18,0.11999999731779099,1,0,6,11.0,10.642801072862413,1.5,0.5,-0.0015040487051010132,0.029999999329447746,1.0,100.0,0.0,0.5831174254417419
2870,53272,3,515,1,OP3,FIXED_OPPONENT,train,SCRIPTED:OP3,1,3,2,1,18,0.2800000011920929,1,0,1,11.0,10.071277194552952,1.5,0.0,-0.009252741932868958,0.0,0.0,0.0,0.0,0.32136523723602295
2871,53312,3,520,2,OP3,FIXED_OPPONENT,train,SCRIPTED:OP3,1,3,2,1,16,0.19999998807907104,1,0,3,11.0,10.938331604003906,1.5,0.5,-0.03188282251358032,0.029999999329447746,1.0,100.0,-0.03999999910593033,0.5768603086471558
2872,53320,3,521,3,OP3,FIXED_OPPONENT,train,SCRIPTED:OP3,1,3,2,1,18,0.3199999928474426,1,0,0,11.0,10.80099826388889,1.5,0.4000000059604645,-0.007320523262023926,0.029999999329447746,1.0,100.0,0.0,0.5681912302970886
2873,53344,3,524,1,OP3,FIXED_OPPONENT,train,SCRIPTED:OP3,1,3,2,1,19,0.1599999964237213,1,0,3,12.0,11.015751888877467,1.5,0.5,-0.013825923204421997,0.029999999329447746,1.0,100.0,0.0,0.5829727649688721
2874,53352,3,525,1,OP3,FIXED_OPPONENT,train,SCRIPTED:OP3,0,2,3,-1,19,0.2800000011920929,1,0,3,12.0,10.72481898257607,-1.2000000476837158,-0.5,-0.004886224865913391,0.019999999552965164,-1.0,-100.0,0.0,-0.5368584394454956
2875,53360,3,526,0,OP3,FIXED_OPPONENT,train,SCRIPTED:OP3,0,3,3,0,22,0.35999998450279236,1,0,2,14.0,10.026203502308238,-0.699999988079071,0.0,-0.008834779262542725,0.0,0.0,0.0,0.0,-0.15446622669696808
2876,53360,3,526,3,OP3,FIXED_OPPONENT,train,SCRIPTED:OP3,1,3,1,2,18,0.35999998450279236,1,0,0,11.0,10.719289143880209,1.5,0.5,-0.007032722234725952,0.014999999664723873,1.0,100.0,-0.019999999552965164,0.5799344182014465
2877,53400,3,531,0,OP3,FIXED_OPPONENT,train,SCRIPTED:OP3,1,3,2,1,18,0.23999999463558197,1,0,3,11.0,10.081471761067709,1.5,0.4000000059604645,-0.0028599053621292114,0.029999999329447746,1.0,100.0,0.0,0.5682449340820312
2878,53416,3,533,1,OP3,FIXED_OPPONENT,train,SCRIPTED:OP3,1,3,2,1,18,0.35999998450279236,1,0,0,11.0,10.042612711588541,1.5,0.5,0.023708730936050415,0.014999999664723873,1.0,100.0,0.0,0.5832371711730957
2879,53464,3,539,1,OP3,FIXED_OPPONENT,train,SCRIPTED:OP3,0,3,3,0,18,0.2800000011920929,1,0,4,11.0,10.101693047417534,-0.699999988079071,0.0,-0.006632551550865173,0.0,0.0,0.0,-0.019999999552965164,-0.15876345336437225
2880,53488,3,542,0,OP3,FIXED_OPPONENT,train,SCRIPTED:OP3,0,3,3,0,22,0.35999998450279236,1,0,3,12.0,10.258891712535512,-0.699999988079071,0.0,0.00022149085998535156,0.0,0.0,0.0,0.0,-0.15430906414985657
2881,53496,3,543,0,OP3,FIXED_OPPONENT,train,SCRIPTED:OP3,1,3,2,1,18,0.1599999964237213,1,0,1,11.0,11.69773949517144,1.5,0.4000000059604645,-0.006653621792793274,0.029999999329447746,1.0,100.0,0.0,0.5681992769241333
2882,53504,3,544,1,OP3,FIXED_OPPONENT,train,SCRIPTED:OP3,0,2,3,-1,18,0.19999998807907104,1,0,1,12.0,10.885565863715279,-1.2000000476837158,-0.5,-0.0049744099378585815,0.019999999552965164,-1.0,-100.0,0.0,-0.5368595123291016
2883,53504,3,544,3,OP3,FIXED_OPPONENT,train,SCRIPTED:OP3,1,3,2,1,18,0.3199999928474426,1,0,1,11.0,10.022459242078993,1.5,0.5,-0.0014909952878952026,0.02499999850988388,1.0,100.0,0.0,0.5830588340759277
2884,53504,3,544,0,OP3,FIXED_OPPONENT,train,SCRIPTED:OP3,1,3,2,1,20,0.1599999964237213,1,0,0,14.0,10.904984283447266,1.5,1.0,0.01650625467300415,0.029999999329447746,2.0,200.0,-0.03999999910593033,0.7581874132156372
2885,53520,3,546,3,OP3,FIXED_OPPONENT,train,SCRIPTED:OP3,0,1,3,-2,15,0.3199999928474426,1,0,0,11.0,12.207419840494792,-1.2000000476837158,-0.5,-0.0012340247631072998,0.0,-1.0,-100.0,0.0,-0.5370652079582214
2886,53568,3,552,2,OP3,FIXED_OPPONENT,train,SCRIPTED:OP3,0,2,3,-1,19,0.3199999928474426,1,0,4,12.0,10.722951788651315,-1.2000000476837158,-0.5,-0.01495450735092163,0.0,-1.0,-100.0,-0.019999999552965164,-0.5403928756713867
2887,53624,3,559,0,OP3,FIXED_OPPONENT,train,SCRIPTED:OP3,0,2,3,-1,15,0.11999999731779099,1,0,1,11.0,11.474810791015624,-1.2000000476837158,0.0,0.008098535239696503,0.0,0.0,0.0,0.0,-0.26038622856140137
2888,53632,3,560,0,OP3,FIXED_OPPONENT,train,SCRIPTED:OP3,0,3,3,0,21,0.35999998450279236,1,0,2,13.0,10.012395222981771,-0.699999988079071,0.0,-0.0033431053161621094,0.0,0.0,0.0,-0.019999999552965164,-0.1587064415216446
2889,53640,3,561,0,OP3,FIXED_OPPONENT,train,SCRIPTED:OP3,1,3,2,1,18,0.2800000011920929,1,0,1,11.0,9.646353827582466,1.5,0.4000000059604645,-0.00927184522151947,0.029999999329447746,1.0,100.0,-0.019999999552965164,0.5651503801345825
2890,53640,3,561,3,OP3,FIXED_OPPONENT,train,SCRIPTED:OP3,1,3,2,1,19,0.23999999463558197,0,1,1,12.0,9.800416645250822,1.5,0.5,-0.011774376034736633,0.029999999329447746,1.0,100.0,-0.019999999552965164,0.5800554752349854
2891,53648,3,562,1,OP3,FIXED_OPPONENT,train,SCRIPTED:OP3,1,3,2,1,18,0.23999999463558197,1,0,4,11.0,8.982766045464409,1.5,0.4000000059604645,-0.008934497833251953,0.014999999664723873,1.0,100.0,0.0,0.5679911375045776
2892,53656,3,563,1,OP3,FIXED_OPPONENT,train,SCRIPTED:OP3,0,2,3,-1,19,0.23999999463558197,1,0,3,12.0,9.31282605622944,-1.2000000476837158,-0.5,-0.016937226057052612,0.0,-1.0,-100.0,0.0,-0.5372637510299683
2893,53664,3,564,1,OP3,FIXED_OPPONENT,train,SCRIPTED:OP3,0,2,3,-1,18,0.23999999463558197,1,0,0,11.0,10.862642923990885,-1.2000000476837158,-0.5,0.0034677088260650635,0.0,-1.0,-100.0,0.0,-0.5370057821273804
2894,53728,3,572,1,OP3,FIXED_OPPONENT,train,SCRIPTED:OP3,1,3,2,1,20,0.23999999463558197,1,0,7,13.0,9.718511199951172,1.5,0.5,-0.022926583886146545,0.029999999329447746,1.0,100.0,0.0,0.5828659534454346
2895,53776,3,578,1,OP3,FIXED_OPPONENT,train,SCRIPTED:OP3,0,2,3,-1,18,0.19999998807907104,1,0,5,11.0,10.849417792426216,-1.2000000476837158,-0.4000000059604645,-0.010699212551116943,0.019999999552965164,-1.0,-100.0,0.0,-0.520927906036377
2896,53784,3,579,2,OP3,FIXED_OPPONENT,train,SCRIPTED:OP3,1,3,2,1,20,0.1599999964237213,1,0,1,11.0,10.654495239257812,1.5,0.5,-0.004657357931137085,0.029999999329447746,1.0,100.0,-0.019999999552965164,0.5801393985748291
2897,53784,3,579,1,OP3,FIXED_OPPONENT,train,SCRIPTED:OP3,1,3,2,1,18,0.23999999463558197,1,0,3,11.0,10.883263481987846,1.5,0.5,-0.0381687730550766,0.029999999329447746,1.0,100.0,0.0,0.5826870203018188
2898,53792,3,580,0,OP3,FIXED_OPPONENT,train,SCRIPTED:OP3,0,2,3,-1,19,0.23999999463558197,1,0,1,13.0,12.455310219212583,-1.2000000476837158,-0.5,0.00012402236461639404,0.019999999552965164,-1.0,-100.0,0.0,-0.5367950201034546
2899,53800,3,581,1,OP3,FIXED_OPPONENT,train,SCRIPTED:OP3,0,3,3,0,18,0.23999999463558197,1,0,2,11.0,9.441510518391928,-0.699999988079071,0.0,0.008792594075202942,0.0,0.0,0.0,0.0,-0.15416032075881958
2900,53808,3,582,2,OP3,FIXED_OPPONENT,train,SCRIPTED:OP3,1,3,2,1,18,0.35999998450279236,1,0,1,11.0,9.822578430175781,1.5,0.4000000059604645,0.007492229342460632,0.02499999850988388,1.0,100.0,0.0,0.5683093070983887
2901,53808,3,582,2,OP3,FIXED_OPPONENT,train,SCRIPTED:OP3,0,2,3,-1,20,0.3199999928474426,1,0,11,12.0,9.707762145996094,-1.2000000476837158,-0.5,0.005351513624191284,0.0,-1.0,-100.0,-0.019999999552965164,-0.5401372909545898
2902,53848,3,587,2,OP3,FIXED_OPPONENT,train,SCRIPTED:OP3,0,1,3,-2,15,0.1599999964237213,1,0,0,11.0,13.13140157063802,-1.2000000476837158,-0.5,0.015325933694839478,0.019999999552965164,-1.0,-100.0,0.0,-0.5366026163101196
2903,53936,3,598,3,OP3,FIXED_OPPONENT,train,SCRIPTED:OP3,1,3,1,2,19,0.35999998450279236,1,0,0,12.0,9.636713128340872,1.5,0.5,-0.018345996737480164,0.02499999850988388,1.0,100.0,0.0,0.582861065864563
2904,53936,3,598,3,OP3,FIXED_OPPONENT,train,SCRIPTED:OP3,0,2,3,-1,20,0.23999999463558197,1,0,2,13.0,11.837666320800782,-1.2000000476837158,-0.5,-0.001810610294342041,0.019999999552965164,-1.0,-100.0,-0.03999999910593033,-0.543116569519043
2905,53936,3,598,2,OP3,FIXED_OPPONENT,train,SCRIPTED:OP3,1,3,2,1,19,0.1599999964237213,1,0,0,12.0,11.55984818307977,1.5,0.5,-0.005783945322036743,0.029999999329447746,1.0,100.0,0.0,0.5830671787261963
2906,53944,3,599,0,OP3,FIXED_OPPONENT,train,SCRIPTED:OP3,0,2,3,-1,17,0.23999999463558197,1,0,0,11.0,12.270136216107536,-1.2000000476837158,-0.5,0.0023334771394729614,0.0,-1.0,-100.0,-0.019999999552965164,-0.540175199508667
2907,53944,3,599,2,OP3,FIXED_OPPONENT,train,SCRIPTED:OP3,0,2,3,-1,19,0.19999998807907104,1,0,0,12.0,11.193731207596628,-1.2000000476837158,-0.5,0.015327230095863342,0.0,-1.0,-100.0,0.0,-0.5368556976318359
2908,53960,3,601,1,OP3,FIXED_OPPONENT,train,SCRIPTED:OP3,1,3,2,1,19,0.1599999964237213,1,0,0,12.0,11.07346625077097,1.5,0.5,-0.02944950759410858,0.029999999329447746,1.0,100.0,0.0,0.582789421081543
2909,53976,3,603,3,OP3,FIXED_OPPONENT,train,SCRIPTED:OP3,0,2,3,-1,22,0.19999998807907104,1,0,6,15.0,10.051657243208451,-1.2000000476837158,-0.4000000059604645,-0.009128913283348083,0.019999999552965164,-1.0,-100.0,0.0,-0.5209075808525085
2910,53992,3,605,0,OP3,FIXED_OPPONENT,train,SCRIPTED:OP3,1,3,2,1,18,0.19999998807907104,1,0,1,11.0,11.141895718044704,1.5,0.4000000059604645,0.0025009363889694214,0.014999999664723873,1.0,100.0,0.0,0.5681288242340088
2911,54080,3,616,0,OP3,FIXED_OPPONENT,train,SCRIPTED:OP3,0,2,3,-1,18,0.19999998807907104,1,0,0,11.0,10.615241156684029,-1.2000000476837158,-0.4000000059604645,-0.007585883140563965,0.0,-1.0,-100.0,0.0,-0.5211465954780579
2912,54088,3,617,0,OP3,FIXED_OPPONENT,train,SCRIPTED:OP3,0,2,3,-1,19,0.19999998807907104,0,1,5,12.0,9.16347865054482,-1.2000000476837158,-0.5,-0.009585082530975342,0.019999999552965164,-1.0,-100.0,0.0,-0.5369178652763367
2913,54088,3,617,1,OP3,FIXED_OPPONENT,train,SCRIPTED:OP3,1,3,1,2,18,0.19999998807907104,1,0,1,11.0,9.730310228135851,1.5,0.5,-0.015285670757293701,0.02499999850988388,1.0,100.0,0.0,0.5828970670700073
2914,54088,3,617,1,OP3,FIXED_OPPONENT,train,SCRIPTED:OP3,1,3,2,1,19,0.3199999928474426,1,0,2,12.0,9.246797260485197,1.5,0.5,0.007764533162117004,0.02499999850988388,1.0,100.0,0.0,0.5831674337387085
2915,54096,3,618,1,OP3,FIXED_OPPONENT,train,SCRIPTED:OP3,0,2,3,-1,19,0.19999998807907104,1,0,3,12.0,9.941076981393914,-1.2000000476837158,-0.5,-0.004680514335632324,0.019999999552965164,-1.0,-100.0,0.0,-0.5368558168411255
2916,54112,3,620,1,OP3,FIXED_OPPONENT,train,SCRIPTED:OP3,0,2,3,-1,19,0.1599999964237213,1,0,4,11.0,10.297551205283717,-1.2000000476837158,0.0,0.012386694550514221,0.019999999552965164,0.0,0.0,0.0,-0.25998368859291077
2917,54128,3,622,2,OP3,FIXED_OPPONENT,train,SCRIPTED:OP3,1,3,2,1,19,0.1599999964237213,1,0,0,12.0,11.238056383634868,1.5,0.4000000059604645,0.0017143934965133667,0.014999999664723873,1.0,100.0,-0.019999999552965164,0.5651018619537354
2918,54144,3,624,0,OP3,FIXED_OPPONENT,train,SCRIPTED:OP3,1,3,2,1,19,0.1599999964237213,1,0,1,13.0,10.276559930098685,1.5,0.5,-0.0019959211349487305,0.029999999329447746,1.0,100.0,0.0,0.5831116437911987
2919,54232,3,635,2,OP3,FIXED_OPPONENT,train,SCRIPTED:OP3,1,3,2,1,17,0.2800000011920929,1,0,1,11.0,10.056281594669118,1.5,0.4000000059604645,-0.0035816729068756104,0.029999999329447746,1.0,100.0,0.0,0.5682361721992493
2920,54240,3,636,1,OP3,FIXED_OPPONENT,train,SCRIPTED:OP3,0,3,3,0,19,0.1599999964237213,1,0,0,11.0,12.844619750976562,-0.699999988079071,0.0,-0.006021648645401001,0.0,0.0,0.0,0.0,-0.15441741049289703
2921,54240,3,636,0,OP3,FIXED_OPPONENT,train,SCRIPTED:OP3,1,3,2,1,19,0.19999998807907104,1,0,2,12.0,10.011564555921053,1.5,0.5,0.018651649355888367,0.014999999664723873,1.0,100.0,-0.019999999552965164,0.5802373886108398
2922,54240,3,636,0,OP3,FIXED_OPPONENT,train,SCRIPTED:OP3,1,3,2,1,19,0.1599999964237213,1,0,4,12.0,9.758072702508224,1.5,0.5,-0.019192248582839966,0.029999999329447746,1.0,100.0,0.0,0.5829098224639893
2923,54248,3,637,1,OP3,FIXED_OPPONENT,train,SCRIPTED:OP3,1,3,2,1,17,0.1599999964237213,1,0,0,11.0,10.463407628676471,1.5,0.5,0.02262631058692932,0.029999999329447746,1.0,100.0,0.0,0.5834004282951355
2924,54248,3,637,1,OP3,FIXED_OPPONENT,train,SCRIPTED:OP3,1,3,2,1,21,0.19999998807907104,1,0,3,14.0,9.748594011579241,1.5,0.5,-0.024318665266036987,0.029999999329447746,1.0,100.0,0.0,0.5828496217727661
2925,54280,3,641,2,OP3,FIXED_OPPONENT,train,SCRIPTED:OP3,1,3,2,1,19,0.2800000011920929,1,0,4,12.0,10.147105166786595,1.5,0.5,-0.02895165979862213,0.029999999329447746,1.0,100.0,0.0,0.582795262336731
2926,54304,3,644,3,OP3,FIXED_OPPONENT,train,SCRIPTED:OP3,1,3,2,1,20,0.23999999463558197,1,0,3,11.0,10.70223388671875,1.5,0.5,0.019162103533744812,0.029999999329447746,1.0,100.0,0.0,0.5833598375320435
2927,54360,3,651,2,OP3,FIXED_OPPONENT,train,SCRIPTED:OP3,1,3,1,2,15,0.2800000011920929,1,0,0,11.0,10.58552958170573,1.5,0.4000000059604645,-0.0031759515404701233,0.029999999329447746,1.0,100.0,-0.019999999552965164,0.5652241706848145
2928,54376,3,653,2,OP3,FIXED_OPPONENT,train,SCRIPTED:OP3,1,3,2,1,18,0.2800000011920929,1,0,1,11.0,11.279089185926649,1.5,0.5,-0.0011217966675758362,0.029999999329447746,1.0,100.0,-0.019999999552965164,0.5801811218261719
2929,54384,3,654,1,OP3,FIXED_OPPONENT,train,SCRIPTED:OP3,1,3,2,1,18,0.19999998807907104,1,0,1,11.0,10.793488396538628,1.5,0.5,0.0009478926658630371,0.014999999664723873,1.0,100.0,-0.019999999552965164,0.5800285935401917
2930,54384,3,654,1,OP3,FIXED_OPPONENT,train,SCRIPTED:OP3,0,2,3,-1,18,0.1599999964237213,1,0,1,11.0,10.000359429253471,-1.2000000476837158,0.0,0.002825111150741577,0.019999999552965164,0.0,0.0,-0.019999999552965164,-0.2642810344696045
2931,54392,3,655,1,OP3,FIXED_OPPONENT,train,SCRIPTED:OP3,0,3,3,0,18,0.23999999463558197,1,0,0,11.0,10.928476121690538,-0.699999988079071,0.0,-0.009297803044319153,0.0,0.0,0.0,0.0,-0.15447425842285156
2932,54392,3,655,0,OP3,FIXED_OPPONENT,train,SCRIPTED:OP3,1,3,2,1,18,0.3199999928474426,1,0,0,11.0,10.110835605197483,1.5,0.0,-0.009971782565116882,0.0,0.0,0.0,0.0,0.3213537335395813
2933,54424,3,659,0,OP3,FIXED_OPPONENT,train,SCRIPTED:OP3,0,2,3,-1,18,0.19999998807907104,1,0,1,11.0,10.717652214898003,-1.2000000476837158,-0.4000000059604645,-0.01056930422782898,0.019999999552965164,-1.0,-100.0,0.0,-0.5209262371063232
2934,54448,3,662,0,OP3,FIXED_OPPONENT,train,SCRIPTED:OP3,0,2,3,-1,18,0.1599999964237213,1,0,0,11.0,12.253163655598959,-1.2000000476837158,-0.5,-0.011113062500953674,0.019999999552965164,-1.0,-100.0,0.0,-0.5369372367858887
2935,54520,3,671,1,OP3,FIXED_OPPONENT,train,SCRIPTED:OP3,0,2,3,-1,20,0.1599999964237213,1,0,4,13.0,10.101722717285156,-1.2000000476837158,-0.5,-0.00827738642692566,0.0,-1.0,-100.0,0.0,-0.5371543169021606
2936,54528,3,672,1,OP3,FIXED_OPPONENT,train,SCRIPTED:OP3,0,2,3,-1,18,0.1599999964237213,1,0,1,11.0,9.882461547851562,-1.2000000476837158,-0.5,0.004211902618408203,0.019999999552965164,-1.0,-100.0,0.0,-0.5367433428764343
2937,54528,3,672,1,OP3,FIXED_OPPONENT,train,SCRIPTED:OP3,1,3,2,1,19,0.23999999463558197,1,0,1,11.0,9.56858986302426,1.5,0.5,0.023119494318962097,0.014999999664723873,1.0,100.0,0.0,0.5832303762435913
2938,54536,3,673,1,OP3,FIXED_OPPONENT,train,SCRIPTED:OP3,1,3,2,1,18,0.19999998807907104,1,0,0,11.0,12.049335055881077,1.5,0.4000000059604645,0.0035930052399635315,0.029999999329447746,1.0,100.0,0.0,0.5683225989341736
2939,54536,3,673,3,OP3,FIXED_OPPONENT,train,SCRIPTED:OP3,0,2,3,-1,19,0.3199999928474426,1,0,0,12.0,10.099944265265213,-1.2000000476837158,-0.5,-0.0003454834222793579,0.019999999552965164,-1.0,-100.0,-0.019999999552965164,-0.5399571061134338
2940,54560,3,676,3,OP3,FIXED_OPPONENT,train,SCRIPTED:OP3,1,3,2,1,21,0.2800000011920929,1,0,3,14.0,9.978458222888765,1.5,0.5,0.008197203278541565,0.014999999664723873,1.0,100.0,0.0,0.5830552577972412
2941,54584,3,679,0,OP3,FIXED_OPPONENT,train,SCRIPTED:OP3,0,2,3,-1,20,0.1599999964237213,1,0,1,11.0,11.46416015625,-1.2000000476837158,0.0,0.006187900900840759,0.019999999552965164,0.0,0.0,-0.03999999910593033,-0.2683546841144562
2942,54600,3,681,0,OP3,FIXED_OPPONENT,train,SCRIPTED:OP3,0,2,3,-1,19,0.2800000011920929,1,0,6,12.0,10.01308882863898,-1.2000000476837158,-0.5,0.01593853533267975,0.0,-1.0,-100.0,0.0,-0.5368480086326599
2943,54664,3,689,1,OP3,FIXED_OPPONENT,train,SCRIPTED:OP3,0,2,3,-1,18,0.23999999463558197,1,0,0,12.0,11.41389634874132,-1.2000000476837158,-0.4000000059604645,-0.004419639706611633,0.019999999552965164,-1.0,-100.0,0.0,-0.5208465456962585
2944,54664,3,689,3,OP3,FIXED_OPPONENT,train,SCRIPTED:OP3,0,2,3,-1,17,0.1599999964237213,1,0,5,11.0,10.14579413918888,-1.2000000476837158,-0.5,-0.0101814866065979,0.0,-1.0,-100.0,0.0,-0.5371783971786499
2945,54680,3,691,1,OP3,FIXED_OPPONENT,train,SCRIPTED:OP3,0,2,3,-1,19,0.2800000011920929,1,0,1,12.0,11.152114868164062,-1.2000000476837158,-0.5,0.0037765055894851685,0.019999999552965164,-1.0,-100.0,-0.019999999552965164,-0.5399051904678345
2946,54680,3,691,1,OP3,FIXED_OPPONENT,train,SCRIPTED:OP3,0,2,3,-1,18,0.2800000011920929,1,0,2,11.0,9.300329420301649,-1.2000000476837158,-0.5,0.008389383554458618,0.019999999552965164,-1.0,-100.0,0.0,-0.5366904139518738
2947,54680,3,691,1,OP3,FIXED_OPPONENT,train,SCRIPTED:OP3,0,3,3,0,18,0.19999998807907104,1,0,2,11.0,10.847576565212673,-0.699999988079071,0.0,0.008542746305465698,0.0,0.0,0.0,0.0,-0.1541646420955658
2948,54712,3,695,1,OP3,FIXED_OPPONENT,train,SCRIPTED:OP3,0,2,3,-1,16,0.23999999463558197,1,0,0,11.0,10.522120475769043,-1.2000000476837158,0.0,0.008831724524497986,0.0,0.0,0.0,0.0,-0.2603740990161896
2949,54720,3,696,3,OP3,FIXED_OPPONENT,train,SCRIPTED:OP3,0,3,3,0,20,0.1599999964237213,1,0,3,13.0,10.17212371826172,-0.699999988079071,0.0,-0.006800845265388489,0.0,0.0,0.0,-0.019999999552965164,-0.15876637399196625
2950,54752,3,700,3,OP3,FIXED_OPPONENT,train,SCRIPTED:OP3,0,3,3,0,19,0.2800000011920929,1,0,2,11.0,9.648541099146792,-0.699999988079071,0.0,-0.010424986481666565,0.0,0.0,0.0,0.0,-0.15449382364749908
2951,54784,3,704,1,OP3,FIXED_OPPONENT,train,SCRIPTED:OP3,0,1,3,-2,15,0.19999998807907104,1,0,1,11.0,10.543136596679688,-1.2000000476837158,-0.5,-0.009293794631958008,0.019999999552965164,-1.0,-100.0,0.0,-0.5369141697883606
2952,54800,3,706,2,OP3,FIXED_OPPONENT,train,SCRIPTED:OP3,1,3,2,1,15,0.2800000011920929,1,0,1,11.0,10.127671305338541,1.5,0.4000000059604645,-0.011819183826446533,0.029999999329447746,1.0,100.0,0.0,0.5681370496749878
2953,54808,3,707,3,OP3,FIXED_OPPONENT,train,SCRIPTED:OP3,1,3,2,1,18,0.19999998807907104,1,0,0,13.0,11.049681769476997,1.5,0.5,0.011195287108421326,0.014999999664723873,1.0,100.0,0.0,0.5830904245376587
2954,54824,3,709,3,OP3,FIXED_OPPONENT,train,SCRIPTED:OP3,1,3,2,1,18,0.23999999463558197,1,0,1,11.0,10.495753818088108,1.5,0.5,-3.425776958465576e-05,0.02499999850988388,1.0,100.0,0.0,0.5830759406089783
2955,54848,3,712,3,OP3,FIXED_OPPONENT,train,SCRIPTED:OP3,0,3,3,0,21,0.23999999463558197,1,0,7,12.0,9.504110427129836,-0.699999988079071,0.0,-0.009863153100013733,0.0,0.0,0.0,-0.019999999552965164,-0.15881943702697754
2956,54856,3,713,2,OP3,FIXED_OPPONENT,train,SCRIPTED:OP3,1,3,2,1,18,0.19999998807907104,1,0,0,11.0,9.156278822157118,1.5,0.4000000059604645,-0.010078534483909607,0.029999999329447746,1.0,100.0,0.0,0.5681580305099487
2957,54864,3,714,1,OP3,FIXED_OPPONENT,train,SCRIPTED:OP3,0,3,3,0,18,0.23999999463558197,1,0,0,11.0,12.4603271484375,-0.699999988079071,0.0,0.007826536893844604,0.0,0.0,0.0,0.0,-0.15417706966400146
2958,54920,3,721,0,OP3,FIXED_OPPONENT,train,SCRIPTED:OP3,0,2,3,-1,21,0.19999998807907104,1,0,4,14.0,10.65781729561942,-1.2000000476837158,-0.5,0.008414924144744873,0.019999999552965164,-1.0,-100.0,0.0,-0.5366900563240051
2959,54928,3,722,1,OP3,FIXED_OPPONENT,train,SCRIPTED:OP3,0,2,3,-1,18,0.2800000011920929,1,0,0,11.0,10.913582695855034,-1.2000000476837158,-0.5,0.0012875497341156006,0.0,-1.0,-100.0,0.0,-0.5370333790779114
2960,54952,3,725,2,OP3,FIXED_OPPONENT,train,SCRIPTED:OP3,1,3,2,1,19,0.19999998807907104,1,0,4,12.0,9.284046373869243,1.5,0.5,-0.028784602880477905,0.029999999329447746,1.0,100.0,0.0,0.5827971696853638
2961,54968,3,727,3,OP3,FIXED_OPPONENT,train,SCRIPTED:OP3,1,3,2,1,20,0.1599999964237213,1,0,5,13.0,9.45321273803711,1.5,1.0,-0.01508881151676178,0.029999999329447746,2.0,200.0,0.0,0.7617055177688599
2962,54984,3,729,2,OP3,FIXED_OPPONENT,train,SCRIPTED:OP3,1,3,2,1,16,0.1599999964237213,1,0,0,11.0,11.798102378845215,1.5,0.0,-0.009172923862934113,0.0,0.0,0.0,-0.019999999552965164,0.3173753619194031
2963,54984,3,729,3,OP3,FIXED_OPPONENT,train,SCRIPTED:OP3,0,2,3,-1,20,0.19999998807907104,1,0,2,12.0,9.81385498046875,-1.2000000476837158,-0.5,0.014941692352294922,0.019999999552965164,-1.0,-100.0,-0.019999999552965164,-0.5397645235061646
2964,55000,3,731,1,OP3,FIXED_OPPONENT,train,SCRIPTED:OP3,0,2,3,-1,19,0.3999999761581421,1,0,0,12.0,11.173750224866366,-1.2000000476837158,-0.5,0.004183515906333923,0.0,-1.0,-100.0,0.0,-0.5369967222213745
2965,55024,3,734,2,OP3,FIXED_OPPONENT,train,SCRIPTED:OP3,1,3,2,1,20,0.2800000011920929,1,0,3,11.0,9.7515625,1.5,0.5,-0.026128843426704407,0.014999999664723873,1.0,100.0,0.0,0.5826523303985596
2966,55072,3,740,0,OP3,FIXED_OPPONENT,train,SCRIPTED:OP3,1,3,2,1,19,0.2800000011920929,1,0,8,15.0,9.703948171515213,1.5,0.5,-0.02632661908864975,0.029999999329447746,1.0,100.0,0.0,0.5828260779380798
2967,55072,3,740,1,OP3,FIXED_OPPONENT,train,SCRIPTED:OP3,0,2,3,-1,18,0.23999999463558197,1,0,0,11.0,11.926837497287327,-1.2000000476837158,-0.4000000059604645,-0.00496181845664978,0.0,-1.0,-100.0,0.0,-0.5211126208305359
2968,55088,3,742,0,OP3,FIXED_OPPONENT,train,SCRIPTED:OP3,0,2,3,-1,17,0.1599999964237213,1,0,0,11.0,11.751549215877757,-1.2000000476837158,-0.5,-0.0024232715368270874,0.019999999552965164,-1.0,-100.0,0.0,-0.5368272662162781
2969,55112,3,745,1,OP3,FIXED_OPPONENT,train,SCRIPTED:OP3,1,3,1,2,16,0.2800000011920929,1,0,1,11.0,10.598310470581055,1.5,0.5,0.007840096950531006,0.014999999664723873,1.0,100.0,-0.019999999552965164,0.5801098346710205
2970,55120,3,746,1,OP3,FIXED_OPPONENT,train,SCRIPTED:OP3,1,3,2,1,19,0.2800000011920929,1,0,1,11.0,11.729868035567435,1.5,0.5,-0.029428064823150635,0.029999999329447746,1.0,100.0,0.0,0.5827896595001221
2971,55128,3,747,3,OP3,FIXED_OPPONENT,train,SCRIPTED:OP3,1,3,2,1,18,0.11999999731779099,1,0,0,11.0,12.34170871310764,1.5,0.5,0.010866284370422363,0.029999999329447746,1.0,100.0,0.0,0.5832624435424805
2972,55144,3,749,3,OP3,FIXED_OPPONENT,train,SCRIPTED:OP3,1,3,2,1,18,0.3199999928474426,1,0,0,11.0,9.445294698079428,1.5,0.5,-0.02552492916584015,0.029999999329447746,1.0,100.0,-0.019999999552965164,0.5798932313919067
2973,55176,3,753,2,OP3,FIXED_OPPONENT,train,SCRIPTED:OP3,0,1,3,-2,19,0.19999998807907104,1,0,1,12.0,13.32768410130551,-1.2000000476837158,-0.5,0.004456654191017151,0.019999999552965164,-1.0,-100.0,0.0,-0.5367401838302612
2974,55224,3,759,3,OP3,FIXED_OPPONENT,train,SCRIPTED:OP3,1,3,2,1,19,0.1599999964237213,1,0,2,12.0,11.590095118472451,1.5,0.5,-0.018297158181667328,0.029999999329447746,1.0,100.0,-0.019999999552965164,0.5799784660339355
2975,55240,3,761,2,OP3,FIXED_OPPONENT,train,SCRIPTED:OP3,1,3,2,1,21,0.19999998807907104,1,0,1,14.0,11.5662107921782,1.5,0.5,-0.015734046697616577,0.029999999329447746,1.0,100.0,0.0,0.5829504132270813
2976,55240,3,761,3,OP3,FIXED_OPPONENT,train,SCRIPTED:OP3,1,3,2,1,15,0.11999999731779099,1,0,0,11.0,11.595118204752604,1.5,0.0,0.006626516580581665,0.0,0.0,0.0,-0.019999999552965164,0.3176279366016388
2977,55248,3,762,3,OP3,FIXED_OPPONENT,train,SCRIPTED:OP3,0,2,3,-1,20,0.19999998807907104,1,0,3,12.0,10.678987884521485,-1.2000000476837158,-0.5,0.0005078762769699097,0.019999999552965164,-1.0,-100.0,0.0,-0.536790132522583
2978,55256,3,763,3,OP3,FIXED_OPPONENT,train,SCRIPTED:OP3,0,2,3,-1,18,0.2800000011920929,0,1,5,11.0,10.76376681857639,-1.2000000476837158,-0.5,0.0010212510824203491,0.019999999552965164,-1.0,-100.0,0.0,-0.5367836952209473
2979,55288,3,767,0,OP3,FIXED_OPPONENT,train,SCRIPTED:OP3,0,3,3,0,20,0.19999998807907104,1,0,2,12.0,11.185260009765624,-0.699999988079071,0.5,-0.008609749376773834,0.0,1.0,100.0,-0.03999999910593033,0.16715246438980103
2980,55304,3,769,0,OP3,FIXED_OPPONENT,train,SCRIPTED:OP3,0,2,3,-1,20,0.23999999463558197,1,0,4,13.0,10.664892578125,-1.2000000476837158,-0.5,-0.0026285797357559204,0.0,-1.0,-100.0,-0.019999999552965164,-0.5402376651763916
2981,55328,3,772,2,OP3,FIXED_OPPONENT,train,SCRIPTED:OP3,0,2,3,-1,19,0.1599999964237213,1,0,1,12.0,10.750038548519736,-1.2000000476837158,-0.5,-0.007550299167633057,0.0,-1.0,-100.0,0.0,-0.5371450185775757
2982,55376,3,778,1,OP3,FIXED_OPPONENT,train,SCRIPTED:OP3,1,3,2,1,19,0.23999999463558197,1,0,7,12.0,10.046898289730674,1.5,1.0,-0.0028515085577964783,0.029999999329447746,2.0,200.0,0.0,0.761796772480011
2983,55392,3,780,1,OP3,FIXED_OPPONENT,train,SCRIPTED:OP3,0,3,3,0,18,0.2800000011920929,1,0,1,11.0,9.890501234266493,-0.699999988079071,0.0,0.004755258560180664,0.0,0.0,0.0,0.0,-0.15423038601875305
2984,55400,3,781,0,OP3,FIXED_OPPONENT,train,SCRIPTED:OP3,1,3,2,1,20,0.3199999928474426,1,0,4,13.0,9.995154571533202,1.5,0.0,-0.006961554288864136,0.0,0.0,0.0,-0.019999999552965164,0.3174107074737549
2985,55408,3,782,2,OP3,FIXED_OPPONENT,train,SCRIPTED:OP3,1,3,2,1,19,0.2800000011920929,1,0,2,12.0,11.185612728721217,1.5,0.5,-0.011807218194007874,0.029999999329447746,1.0,100.0,-0.019999999552965164,0.5800549983978271
2986,55424,3,784,2,OP3,FIXED_OPPONENT,train,SCRIPTED:OP3,0,2,3,-1,23,0.35999998450279236,1,0,5,15.0,10.04766381305197,-1.2000000476837158,-0.4000000059604645,-0.010602280497550964,0.019999999552965164,-1.0,-100.0,0.0,-0.5209266543388367
2987,55448,3,787,0,OP3,FIXED_OPPONENT,train,SCRIPTED:OP3,0,2,3,-1,20,0.19999998807907104,1,0,5,13.0,10.534742736816407,-1.2000000476837158,-0.5,-0.004909411072731018,0.019999999552965164,-1.0,-100.0,-0.019999999552965164,-0.5400146245956421
2988,55464,3,789,0,OP3,FIXED_OPPONENT,train,SCRIPTED:OP3,0,2,3,-1,20,0.23999999463558197,1,0,6,13.0,9.15853271484375,-1.2000000476837158,-0.5,0.006176754832267761,0.019999999552965164,-1.0,-100.0,0.0,-0.5367184281349182
2989,55480,3,791,0,OP3,FIXED_OPPONENT,train,SCRIPTED:OP3,1,3,2,1,19,0.23999999463558197,1,0,3,12.0,9.275627537777549,1.5,0.5,-0.02509625256061554,0.029999999329447746,1.0,100.0,-0.019999999552965164,0.5798982381820679
2990,55520,3,796,2,OP3,FIXED_OPPONENT,train,SCRIPTED:OP3,0,1,3,-2,18,0.11999999731779099,1,0,5,11.0,10.915274726019966,-1.2000000476837158,-0.5,-0.00315074622631073,0.019999999552965164,-1.0,-100.0,-0.019999999552965164,-0.5399924516677856
2991,55536,3,798,0,OP3,FIXED_OPPONENT,train,SCRIPTED:OP3,1,3,2,1,18,0.3199999928474426,1,0,3,11.0,9.203865051269531,1.5,0.4000000059604645,-0.007598206400871277,0.029999999329447746,1.0,100.0,0.0,0.5681878328323364
2992,55552,3,800,0,OP3,FIXED_OPPONENT,train,SCRIPTED:OP3,1,3,2,1,19,0.23999999463558197,1,0,4,12.0,9.398080926192435,1.5,1.0,-0.03367231786251068,0.029999999329447746,2.0,200.0,0.0,0.7615667581558228
2993,55568,3,802,1,OP3,FIXED_OPPONENT,train,SCRIPTED:OP3,1,3,2,1,20,0.23999999463558197,1,0,0,12.0,10.331329345703125,1.5,0.5,0.0032831579446792603,0.029999999329447746,1.0,100.0,0.0,0.5831735134124756
2994,55576,3,803,1,OP3,FIXED_OPPONENT,train,SCRIPTED:OP3,0,2,3,-1,19,0.07999999821186066,1,0,6,12.0,9.930784526624178,-1.2000000476837158,-0.5,-0.007788330316543579,0.019999999552965164,-1.0,-100.0,0.0,-0.5368951559066772
2995,55600,3,806,1,OP3,FIXED_OPPONENT,train,SCRIPTED:OP3,0,2,3,-1,17,0.19999998807907104,1,0,4,11.0,9.210975198184743,-1.2000000476837158,0.0,-0.0011722743511199951,0.019999999552965164,0.0,0.0,-0.019999999552965164,-0.2643471360206604
2996,55600,3,806,3,OP3,FIXED_OPPONENT,train,SCRIPTED:OP3,0,2,3,-1,19,0.19999998807907104,1,0,0,11.0,10.879097386410361,-1.2000000476837158,-0.5,0.012647092342376709,0.0,-1.0,-100.0,0.0,-0.5368896722793579
2997,55632,3,810,1,OP3,FIXED_OPPONENT,train,SCRIPTED:OP3,0,2,3,-1,19,0.2800000011920929,1,0,5,12.0,10.111420480828537,-1.2000000476837158,-0.5,-0.0029947906732559204,0.0,-1.0,-100.0,0.0,-0.5370874404907227
2998,55656,3,813,3,OP3,FIXED_OPPONENT,train,SCRIPTED:OP3,1,3,2,1,17,0.11999999731779099,1,0,2,12.0,11.374517104204964,1.5,0.5,-0.0189179927110672,0.029999999329447746,1.0,100.0,0.0,0.5829130411148071
2999,55680,3,816,3,OP3,FIXED_OPPONENT,train,SCRIPTED:OP3,1,3,2,1,18,0.19999998807907104,1,0,6,12.0,8.911742316351997,1.5,0.4000000059604645,-0.0018935203552246094,0.029999999329447746,1.0,100.0,0.0,0.5682564973831177
3000,55696,3,818,2,OP3,FIXED_OPPONENT,train,SCRIPTED:OP3,1,3,2,1,18,0.11999999731779099,1,0,4,11.0,10.34220462375217,1.5,0.5,-0.03795671463012695,0.029999999329447746,1.0,100.0,-0.019999999552965164,0.5797464847564697
3001,55712,3,820,1,OP3,FIXED_OPPONENT,train,SCRIPTED:OP3,0,2,3,-1,18,0.23999999463558197,1,0,1,11.0,10.11435275607639,-1.2000000476837158,-0.5,0.0016357600688934326,0.019999999552965164,-1.0,-100.0,-0.019999999552965164,-0.5399321913719177
3002,55728,3,822,3,OP3,FIXED_OPPONENT,train,SCRIPTED:OP3,0,2,3,-1,19,0.2800000011920929,1,0,3,12.0,9.63096779271176,-1.2000000476837158,-0.5,0.013806343078613281,0.0,-1.0,-100.0,0.0,-0.5368749499320984
3003,55752,3,825,0,OP3,FIXED_OPPONENT,train,SCRIPTED:OP3,0,2,3,-1,19,0.1599999964237213,1,0,0,12.0,11.809918052271792,-1.2000000476837158,-0.5,0.004163339734077454,0.019999999552965164,-1.0,-100.0,-0.019999999552965164,-0.5399003028869629
3004,55752,3,825,0,OP3,FIXED_OPPONENT,train,SCRIPTED:OP3,1,3,2,1,19,0.23999999463558197,1,0,3,12.0,9.705642700195312,1.5,1.0,-0.017343580722808838,0.029999999329447746,2.0,200.0,0.0,0.7616887092590332
3005,55784,3,829,1,OP3,FIXED_OPPONENT,train,SCRIPTED:OP3,1,3,2,1,19,0.3199999928474426,1,0,3,12.0,9.382544266550164,1.5,0.4000000059604645,-0.003964677453041077,0.014999999664723873,1.0,100.0,0.0,0.5680510401725769
3006,55800,3,831,3,OP3,FIXED_OPPONENT,train,SCRIPTED:OP3,0,2,3,-1,18,0.1599999964237213,1,0,0,11.0,11.023209465874565,-1.2000000476837158,-0.5,-0.0026222169399261475,0.019999999552965164,-1.0,-100.0,0.0,-0.5368297696113586
3007,55808,3,832,2,OP3,FIXED_OPPONENT,train,SCRIPTED:OP3,1,3,1,2,16,0.1599999964237213,1,0,2,12.0,11.42187786102295,1.5,0.5,0.014343813061714172,0.029999999329447746,1.0,100.0,-0.019999999552965164,0.5803635120391846
3008,55840,3,836,2,OP3,FIXED_OPPONENT,train,SCRIPTED:OP3,0,1,3,-2,18,0.1599999964237213,1,0,4,11.0,9.716131422254774,-1.2000000476837158,0.0,0.006337210536003113,0.019999999552965164,0.0,0.0,0.0,-0.260083943605423
3009,55856,3,838,2,OP3,FIXED_OPPONENT,train,SCRIPTED:OP3,0,3,3,0,18,0.2800000011920929,1,0,2,11.0,10.401751200358072,-0.699999988079071,0.0,-0.0003423243761062622,0.0,0.0,0.0,0.0,-0.15431883931159973
3010,55872,3,840,3,OP3,FIXED_OPPONENT,train,SCRIPTED:OP3,1,3,2,1,18,0.19999998807907104,1,0,0,11.0,11.409387376573351,1.5,0.5,0.017908737063407898,0.029999999329447746,1.0,100.0,0.0,0.5833451151847839
3011,55896,3,843,2,OP3,FIXED_OPPONENT,train,SCRIPTED:OP3,0,2,3,-1,18,0.23999999463558197,1,0,1,11.0,10.246355692545572,-1.2000000476837158,-0.5,0.009365826845169067,0.0,-1.0,-100.0,0.0,-0.5369311571121216
3012,55920,3,846,3,OP3,FIXED_OPPONENT,train,SCRIPTED:OP3,0,3,3,0,21,0.11999999731779099,1,0,4,14.0,10.986113775344123,-0.699999988079071,0.0,0.0013522803783416748,0.0,0.0,0.0,0.0,-0.15428942441940308
3013,55936,3,848,1,OP3,FIXED_OPPONENT,train,SCRIPTED:OP3,1,3,2,1,19,0.23999999463558197,1,0,2,12.0,10.85379429867393,1.5,0.5,-0.019278094172477722,0.029999999329447746,1.0,100.0,0.0,0.5829088091850281
3014,55952,3,850,0,OP3,FIXED_OPPONENT,train,SCRIPTED:OP3,0,3,3,0,19,0.23999999463558197,1,0,5,12.0,9.812902350174753,-0.699999988079071,0.0,-0.006975576281547546,0.0,0.0,0.0,0.0,-0.1544339507818222
3015,55960,3,851,1,OP3,FIXED_OPPONENT,train,SCRIPTED:OP3,1,3,2,1,15,0.19999998807907104,1,0,0,11.0,11.172491455078125,1.5,0.0,0.008439913392066956,0.0,0.0,0.0,0.0,0.3216472268104553
3016,55968,3,852,1,OP3,FIXED_OPPONENT,train,SCRIPTED:OP3,0,2,3,-1,20,0.19999998807907104,1,0,2,13.0,9.159775543212891,-1.2000000476837158,-0.5,-0.004783958196640015,0.0,-1.0,-100.0,0.0,-0.5371100902557373
3017,56000,3,856,1,OP3,FIXED_OPPONENT,train,SCRIPTED:OP3,1,3,1,2,18,0.35999998450279236,1,0,1,11.0,10.205279032389322,1.5,0.5,-0.041796207427978516,0.014999999664723873,1.0,100.0,0.0,0.5824682712554932
3018,56008,3,857,2,OP3,FIXED_OPPONENT,train,SCRIPTED:OP3,1,3,2,1,17,0.19999998807907104,1,0,1,11.0,10.624596988453584,1.5,0.4000000059604645,-0.009885832667350769,0.029999999329447746,1.0,100.0,0.0,0.5681602954864502
3019,56040,3,861,1,OP3,FIXED_OPPONENT,train,SCRIPTED:OP3,0,2,3,-1,18,0.19999998807907104,1,0,4,11.0,9.637687683105469,-1.2000000476837158,-0.4000000059604645,-0.010120466351509094,0.0,-1.0,-100.0,0.0,-0.5211794376373291
3020,56080,3,866,2,OP3,FIXED_OPPONENT,train,SCRIPTED:OP3,1,3,2,1,18,0.3199999928474426,1,0,2,11.0,9.370636834038628,1.5,0.4000000059604645,0.00774499773979187,0.02499999850988388,1.0,100.0,0.0,0.5683123469352722
3021,56080,3,866,0,OP3,FIXED_OPPONENT,train,SCRIPTED:OP3,0,2,3,-1,20,0.2800000011920929,1,0,0,14.0,10.463837432861329,-1.2000000476837158,-0.5,0.014856010675430298,0.019999999552965164,-1.0,-100.0,-0.019999999552965164,-0.5397657155990601
3022,56096,3,868,0,OP3,FIXED_OPPONENT,train,SCRIPTED:OP3,1,3,2,1,18,0.1599999964237213,1,0,1,11.0,10.813799540201822,1.5,0.4000000059604645,-0.007845453917980194,0.029999999329447746,1.0,100.0,0.0,0.5681849718093872
3023,56104,3,869,0,OP3,FIXED_OPPONENT,train,SCRIPTED:OP3,0,2,3,-1,18,0.1599999964237213,1,0,1,11.0,11.099157545301649,-1.2000000476837158,-0.5,0.010648086667060852,0.019999999552965164,-1.0,-100.0,0.0,-0.5366618633270264
3024,56128,3,872,0,OP3,FIXED_OPPONENT,train,SCRIPTED:OP3,1,3,2,1,16,0.2800000011920929,1,0,0,12.0,10.771649360656738,1.5,0.5,-0.026211485266685486,0.029999999329447746,1.0,100.0,-0.019999999552965164,0.5798850655555725
3025,56128,3,872,1,OP3,FIXED_OPPONENT,train,SCRIPTED:OP3,1,3,2,1,20,0.4399999976158142,1,0,4,13.0,9.32183609008789,1.5,0.5,-0.027796030044555664,0.014999999664723873,1.0,100.0,-0.019999999552965164,0.5796893835067749
3026,56160,3,876,1,OP3,FIXED_OPPONENT,train,SCRIPTED:OP3,0,3,3,0,19,0.1599999964237213,1,0,0,11.0,11.532366300884046,-0.699999988079071,0.0,0.004279583692550659,0.0,0.0,0.0,-0.019999999552965164,-0.15857434272766113
3027,56184,3,879,3,OP3,FIXED_OPPONENT,train,SCRIPTED:OP3,0,2,3,-1,18,0.19999998807907104,1,0,5,11.0,10.535892062717014,-1.2000000476837158,-0.4000000059604645,0.001016080379486084,0.019999999552965164,-1.0,-100.0,0.0,-0.520776093006134
3028,56224,3,884,3,OP3,FIXED_OPPONENT,train,SCRIPTED:OP3,1,3,2,1,18,0.2800000011920929,1,0,1,11.0,10.024103800455729,1.5,0.4000000059604645,-0.005744129419326782,0.029999999329447746,1.0,100.0,-0.019999999552965164,0.5651930570602417
3029,56224,3,884,2,OP3,FIXED_OPPONENT,train,SCRIPTED:OP3,0,2,3,-1,18,0.23999999463558197,1,0,0,11.0,11.10183376736111,-1.2000000476837158,-0.4000000059604645,-0.0005836933851242065,0.0,-1.0,-100.0,0.0,-0.5210559368133545
3030,56224,3,884,2,OP3,FIXED_OPPONENT,train,SCRIPTED:OP3,0,2,3,-1,15,0.11999999731779099,1,0,4,11.0,9.871969604492188,-1.2000000476837158,-0.5,-0.014171555638313293,0.0,-1.0,-100.0,0.0,-0.5372288227081299
3031,56248,3,887,3,OP3,FIXED_OPPONENT,train,SCRIPTED:OP3,0,3,3,0,19,0.3199999928474426,1,0,6,12.0,9.67486572265625,-0.699999988079071,0.0,-0.01034584641456604,0.0,0.0,0.0,0.0,-0.15449245274066925
3032,56280,3,891,3,OP3,FIXED_OPPONENT,train,SCRIPTED:OP3,0,3,3,0,19,0.1599999964237213,1,0,1,11.0,11.534757112201891,-0.699999988079071,0.0,-0.0013976991176605225,0.0,0.0,0.0,-0.019999999552965164,-0.15867272019386292
3033,56288,3,892,1,OP3,FIXED_OPPONENT,train,SCRIPTED:OP3,1,3,2,1,20,0.1599999964237213,1,0,0,13.0,11.291006469726563,1.5,0.5,0.02405611425638199,0.029999999329447746,1.0,100.0,-0.019999999552965164,0.5804779529571533
3034,56312,3,895,0,OP3,FIXED_OPPONENT,train,SCRIPTED:OP3,0,2,3,-1,19,0.19999998807907104,0,1,9,13.0,10.168869018554688,-1.2000000476837158,-0.5,-0.007535845041275024,0.019999999552965164,-1.0,-100.0,0.0,-0.5368919372558594
3035,56336,3,898,3,OP3,FIXED_OPPONENT,train,SCRIPTED:OP3,1,3,2,1,19,0.19999998807907104,1,0,4,12.0,9.3029640599301,1.5,0.5,-0.0027407854795455933,0.029999999329447746,1.0,100.0,0.0,0.583102822303772
3036,56360,3,901,3,OP3,FIXED_OPPONENT,train,SCRIPTED:OP3,1,3,2,1,17,0.19999998807907104,1,0,1,11.0,10.883818682502298,1.5,0.4000000059604645,0.003037691116333008,0.029999999329447746,1.0,100.0,0.0,0.568315863609314
3037,56360,3,901,3,OP3,FIXED_OPPONENT,train,SCRIPTED:OP3,1,3,1,2,17,0.19999998807907104,1,0,0,12.0,10.513614430147058,1.5,0.5,0.020688414573669434,0.029999999329447746,1.0,100.0,0.0,0.5833777189254761
3038,56368,3,902,2,OP3,FIXED_OPPONENT,train,SCRIPTED:OP3,0,2,3,-1,18,0.19999998807907104,1,0,1,11.0,11.580006069607204,-1.2000000476837158,-0.4000000059604645,-0.008751630783081055,0.019999999552965164,-1.0,-100.0,0.0,-0.520902693271637
3039,56400,3,906,2,OP3,FIXED_OPPONENT,train,SCRIPTED:OP3,0,2,3,-1,19,0.2800000011920929,1,0,3,12.0,9.792821783768503,-1.2000000476837158,-0.5,0.004331693053245544,0.019999999552965164,-1.0,-100.0,-0.019999999552965164,-0.539898157119751
3040,56424,3,909,2,OP3,FIXED_OPPONENT,train,SCRIPTED:OP3,1,3,2,1,17,0.3199999928474426,1,0,0,11.0,9.270521276137409,1.5,0.0,-0.010458305478096008,0.0,0.0,0.0,-0.019999999552965164,0.31735482811927795
3041,56432,3,910,1,OP3,FIXED_OPPONENT,train,SCRIPTED:OP3,1,3,2,1,19,0.19999998807907104,1,0,1,13.0,11.271122982627467,1.5,0.5,-0.001482248306274414,0.029999999329447746,1.0,100.0,0.0,0.583117663860321
3042,56448,3,912,2,OP3,FIXED_OPPONENT,train,SCRIPTED:OP3,1,3,2,1,17,0.19999998807907104,1,0,0,12.0,11.218471751493567,1.5,0.4000000059604645,-0.008386820554733276,0.014999999664723873,1.0,100.0,0.0,0.5679976940155029
3043,56488,3,917,1,OP3,FIXED_OPPONENT,train,SCRIPTED:OP3,0,2,3,-1,19,0.1599999964237213,1,0,4,12.0,9.434959010074014,-1.2000000476837158,-0.5,0.012962937355041504,0.019999999552965164,-1.0,-100.0,0.0,-0.5366325378417969
3044,56512,3,920,0,OP3,FIXED_OPPONENT,train,SCRIPTED:OP3,0,3,3,0,19,0.3199999928474426,1,0,1,12.0,9.396635356702303,-0.699999988079071,0.0,-0.00994543731212616,0.0,0.0,0.0,0.0,-0.15448549389839172
3045,56520,3,921,3,OP3,FIXED_OPPONENT,train,SCRIPTED:OP3,1,3,1,2,19,0.2800000011920929,1,0,4,12.0,8.81877216539885,1.5,0.5,-0.03192621469497681,0.014999999664723873,1.0,100.0,0.0,0.5825842022895813
3046,56536,3,923,2,OP3,FIXED_OPPONENT,train,SCRIPTED:OP3,1,3,2,1,22,0.35999998450279236,1,0,4,12.0,8.705773093483664,1.5,0.5,-0.025739803910255432,0.029999999329447746,1.0,100.0,0.0,0.582832932472229
3047,56552,3,925,1,OP3,FIXED_OPPONENT,train,SCRIPTED:OP3,1,3,2,1,19,0.11999999731779099,1,0,3,11.0,13.146263524105674,1.5,0.5,0.006986498832702637,0.029999999329447746,1.0,100.0,0.0,0.5832170248031616
3048,56568,3,927,3,OP3,FIXED_OPPONENT,train,SCRIPTED:OP3,1,3,2,1,18,0.23999999463558197,1,0,2,11.0,10.064221700032553,1.5,0.5,0.0016790926456451416,0.029999999329447746,1.0,100.0,0.0,0.5831547379493713
3049,56568,3,927,0,OP3,FIXED_OPPONENT,train,SCRIPTED:OP3,1,3,2,1,17,0.19999998807907104,1,0,2,11.0,10.72755791159237,1.5,0.5,-0.009591281414031982,0.029999999329447746,1.0,100.0,0.0,0.5830224752426147
3050,56592,3,930,2,OP3,FIXED_OPPONENT,train,SCRIPTED:OP3,0,2,3,-1,18,0.1599999964237213,1,0,3,12.0,9.270438300238716,-1.2000000476837158,-0.4000000059604645,-0.010412365198135376,0.019999999552965164,-1.0,-100.0,0.0,-0.5209242105484009
3051,56664,3,939,0,OP3,FIXED_OPPONENT,train,SCRIPTED:OP3,1,3,2,1,18,0.19999998807907104,1,0,1,12.0,10.652760823567709,1.5,0.5,0.0161142498254776,0.014999999664723873,1.0,100.0,0.0,0.5831481218338013
3052,56664,3,939,2,OP3,FIXED_OPPONENT,train,SCRIPTED:OP3,1,3,2,1,22,0.3199999928474426,1,0,3,15.0,9.516878995028408,1.5,0.5,-0.024568796157836914,0.014999999664723873,1.0,100.0,0.0,0.5826705694198608
3053,56680,3,941,3,OP3,FIXED_OPPONENT,train,SCRIPTED:OP3,1,3,2,1,18,0.11999999731779099,1,0,0,11.0,10.602080451117622,1.5,0.5,0.020523615181446075,0.029999999329447746,1.0,100.0,0.0,0.5833758115768433
3054,56680,3,941,3,OP3,FIXED_OPPONENT,train,SCRIPTED:OP3,0,3,3,0,21,0.19999998807907104,1,0,2,14.0,9.924396333240328,-0.699999988079071,0.0,-0.01015104353427887,0.0,0.0,0.0,0.0,-0.15448907017707825
3055,56688,3,942,0,OP3,FIXED_OPPONENT,train,SCRIPTED:OP3,0,2,3,-1,17,0.23999999463558197,1,0,2,11.0,9.405699786017923,-1.2000000476837158,-0.5,-0.0020557641983032227,0.0,-1.0,-100.0,0.0,-0.5370756387710571
3056,56720,3,946,0,OP3,FIXED_OPPONENT,train,SCRIPTED:OP3,0,2,3,-1,19,0.2800000011920929,1,0,2,12.0,9.437353836862664,-1.2000000476837158,-0.5,-0.01295943558216095,0.019999999552965164,-1.0,-100.0,0.0,-0.5369605422019958
3057,56720,3,946,1,OP3,FIXED_OPPONENT,train,SCRIPTED:OP3,1,3,2,1,19,0.23999999463558197,1,0,2,12.0,9.817465531198602,1.5,0.5,-0.019827529788017273,0.029999999329447746,1.0,100.0,0.0,0.5829023122787476
3058,56744,3,949,3,OP3,FIXED_OPPONENT,train,SCRIPTED:OP3,0,2,3,-1,19,0.1599999964237213,1,0,2,12.0,11.494748567280016,-1.2000000476837158,-0.5,-0.00284537672996521,0.019999999552965164,-1.0,-100.0,0.0,-0.5368325710296631
3059,56800,3,956,1,OP3,FIXED_OPPONENT,train,SCRIPTED:OP3,1,3,2,1,17,0.1599999964237213,1,0,1,11.0,11.04578265021829,1.5,0.5,-0.028631135821342468,0.029999999329447746,1.0,100.0,-0.019999999552965164,0.5798565745353699
3060,56816,3,958,3,OP3,FIXED_OPPONENT,train,SCRIPTED:OP3,0,2,3,-1,19,0.23999999463558197,1,0,1,12.0,11.789146021792764,-1.2000000476837158,0.10000002384185791,-0.007837533950805664,0.019999999552965164,0.0,0.0,-0.019999999552965164,-0.24367055296897888
3061,56824,3,959,1,OP3,FIXED_OPPONENT,train,SCRIPTED:OP3,1,3,1,2,18,0.2800000011920929,1,0,1,11.0,9.718589782714844,1.5,0.5,-0.017924845218658447,0.029999999329447746,1.0,100.0,0.0,0.5829247236251831
3062,56824,3,959,1,OP3,FIXED_OPPONENT,train,SCRIPTED:OP3,0,2,3,-1,18,0.23999999463558197,0,1,3,11.0,9.979471842447916,-1.2000000476837158,-0.5,-0.006416216492652893,0.019999999552965164,-1.0,-100.0,0.0,-0.5368777513504028
3063,56848,3,962,2,OP3,FIXED_OPPONENT,train,SCRIPTED:OP3,1,3,1,2,16,0.35999998450279236,1,0,0,11.0,10.944052696228027,1.5,0.5,0.01258799433708191,0.014999999664723873,1.0,100.0,-0.019999999552965164,0.5801658630371094
3064,56864,3,964,2,OP3,FIXED_OPPONENT,train,SCRIPTED:OP3,1,3,2,1,22,0.3199999928474426,1,0,5,15.0,10.835128784179688,1.5,0.5,0.0045096129179000854,0.029999999329447746,1.0,100.0,0.0,0.5831879377365112
3065,56864,3,964,3,OP3,FIXED_OPPONENT,train,SCRIPTED:OP3,0,2,3,-1,18,0.23999999463558197,1,0,0,11.0,11.44626956515842,-1.2000000476837158,-0.4000000059604645,0.008592754602432251,0.019999999552965164,-1.0,-100.0,0.0,-0.520677924156189
3066,56896,3,968,1,OP3,FIXED_OPPONENT,train,SCRIPTED:OP3,1,3,2,1,19,0.19999998807907104,1,0,6,12.0,10.091555946751646,1.5,0.5,-0.007752329111099243,0.014999999664723873,1.0,100.0,0.0,0.5828680396080017
3067,56952,3,975,3,OP3,FIXED_OPPONENT,train,SCRIPTED:OP3,0,3,3,0,19,0.23999999463558197,1,0,0,11.0,11.243922183388158,-0.699999988079071,0.0,0.000996217131614685,0.0,0.0,0.0,-0.019999999552965164,-0.15863123536109924
3068,56960,3,976,2,OP3,FIXED_OPPONENT,train,SCRIPTED:OP3,0,2,3,-1,18,0.3199999928474426,1,0,2,11.0,10.277312384711372,-1.2000000476837158,-0.4000000059604645,-0.0010976046323776245,0.019999999552965164,-1.0,-100.0,0.0,-0.5208035111427307
3069,56968,3,977,1,OP3,FIXED_OPPONENT,train,SCRIPTED:OP3,0,3,3,0,18,0.23999999463558197,1,0,2,11.0,9.724399990505642,-0.699999988079071,0.0,-0.009513810276985168,0.0,0.0,0.0,0.0,-0.15447799861431122
3070,56968,3,977,3,OP3,FIXED_OPPONENT,train,SCRIPTED:OP3,0,2,3,-1,18,0.19999998807907104,1,0,0,11.0,10.889714558919271,-1.2000000476837158,-0.5,0.00181637704372406,0.019999999552965164,-1.0,-100.0,0.0,-0.5367735624313354
3071,56992,3,980,3,OP3,FIXED_OPPONENT,train,SCRIPTED:OP3,1,3,2,1,18,0.1599999964237213,1,0,6,12.0,9.747403462727865,1.5,0.0,-0.00427265465259552,0.0,0.0,0.0,0.0,0.3214446008205414
3072,57024,3,984,0,OP3,FIXED_OPPONENT,train,SCRIPTED:OP3,0,2,3,-1,20,0.2800000011920929,1,0,4,13.0,8.735105895996094,-1.2000000476837158,-0.5,0.009539410471916199,0.019999999552965164,-1.0,-100.0,-0.03999999910593033,-0.5429742932319641
3073,57040,3,986,1,OP3,FIXED_OPPONENT,train,SCRIPTED:OP3,0,3,3,0,22,0.19999998807907104,1,0,4,15.0,10.739721124822443,-0.699999988079071,0.0,-0.004809565842151642,0.0,0.0,0.0,0.0,-0.15439635515213013
3074,57048,3,987,1,OP3,FIXED_OPPONENT,train,SCRIPTED:OP3,0,2,3,-1,19,0.23999999463558197,1,0,3,11.0,10.262703343441611,-1.2000000476837158,-0.5,-0.0022540539503097534,0.019999999552965164,-1.0,-100.0,0.0,-0.5368251204490662
3075,57088,3,992,0,OP3,FIXED_OPPONENT,train,SCRIPTED:OP3,0,2,3,-1,16,0.1599999964237213,1,0,0,12.0,11.895044326782227,-1.2000000476837158,0.0,-0.002005942165851593,0.0,0.0,0.0,-0.03999999910593033,-0.26881974935531616
3076,57112,3,995,2,OP3,FIXED_OPPONENT,train,SCRIPTED:OP3,0,2,3,-1,20,0.35999998450279236,1,0,6,13.0,9.862287139892578,-1.2000000476837158,-0.5,0.00899738073348999,0.019999999552965164,-1.0,-100.0,-0.019999999552965164,-0.5398393869400024
3077,57112,3,995,1,OP3,FIXED_OPPONENT,train,SCRIPTED:OP3,1,3,2,1,18,0.11999999731779099,1,0,1,11.0,10.911588880750868,1.5,0.4000000059604645,-0.0026697292923927307,0.029999999329447746,1.0,100.0,-0.019999999552965164,0.5652303099632263
3078,57128,3,997,3,OP3,FIXED_OPPONENT,train,SCRIPTED:OP3,1,3,2,1,20,0.23999999463558197,1,0,2,11.0,10.578157806396485,1.5,0.5,-0.03110530972480774,0.014999999664723873,1.0,100.0,0.0,0.5825938582420349
3079,57136,3,998,3,OP3,FIXED_OPPONENT,train,SCRIPTED:OP3,1,3,2,1,18,0.19999998807907104,1,0,1,11.0,11.149280971950954,1.5,0.4000000059604645,0.007229551672935486,0.02499999850988388,1.0,100.0,0.0,0.5683062076568604
3080,57184,3,1004,3,OP3,FIXED_OPPONENT,train,SCRIPTED:OP3,0,2,3,-1,18,0.19999998807907104,1,0,1,12.0,9.973224216037327,-1.2000000476837158,-0.4000000059604645,-0.00547027587890625,0.019999999552965164,-1.0,-100.0,0.0,-0.5208601355552673
3081,57192,3,1005,1,OP3,FIXED_OPPONENT,train,SCRIPTED:OP3,1,3,2,1,21,0.2800000011920929,1,0,2,11.0,9.78319585890997,1.5,0.5,-0.01908239722251892,0.014999999664723873,1.0,100.0,0.0,0.5827350616455078
3082,57200,3,1006,3,OP3,FIXED_OPPONENT,train,SCRIPTED:OP3,1,3,2,1,19,0.19999998807907104,1,0,7,12.0,9.548316554019326,1.5,0.5,0.0062027424573898315,0.029999999329447746,1.0,100.0,0.0,0.5832078456878662
3083,57240,3,1011,3,OP3,FIXED_OPPONENT,train,SCRIPTED:OP3,0,2,3,-1,19,0.19999998807907104,1,0,4,12.0,10.192373175370065,-1.2000000476837158,-0.5,-0.00825907289981842,0.019999999552965164,-1.0,-100.0,-0.019999999552965164,-0.5400568246841431
3084,57248,3,1012,2,OP3,FIXED_OPPONENT,train,SCRIPTED:OP3,0,2,3,-1,17,0.1599999964237213,1,0,0,12.0,10.6666457232307,-1.2000000476837158,-0.5,-0.01334071159362793,0.019999999552965164,-1.0,-100.0,0.0,-0.5369653701782227
3085,57264,3,1014,1,OP3,FIXED_OPPONENT,train,SCRIPTED:OP3,0,3,3,0,19,0.3199999928474426,1,0,1,11.0,9.628328825298109,-0.699999988079071,0.0,-0.008769482374191284,0.0,0.0,0.0,0.0,-0.15446509420871735
3086,57280,3,1016,1,OP3,FIXED_OPPONENT,train,SCRIPTED:OP3,1,3,2,1,18,0.23999999463558197,1,0,2,11.0,9.992870754665798,1.5,0.4000000059604645,-0.005286708474159241,0.029999999329447746,1.0,100.0,0.0,0.5682157278060913
3087,57288,3,1017,0,OP3,FIXED_OPPONENT,train,SCRIPTED:OP3,0,2,3,-1,20,0.1599999964237213,1,0,3,12.0,10.3263427734375,-1.2000000476837158,-0.5,-0.007836058735847473,0.019999999552965164,-1.0,-100.0,-0.019999999552965164,-0.5400514602661133
3088,57336,3,1023,0,OP3,FIXED_OPPONENT,train,SCRIPTED:OP3,1,3,2,1,18,0.19999998807907104,1,0,4,11.0,10.988066779242622,1.5,0.8999999761581421,0.003800995647907257,0.029999999329447746,2.0,200.0,0.0,0.7523632049560547
3089,57344,3,1024,0,OP3,FIXED_OPPONENT,train,SCRIPTED:OP3,0,2,3,-1,20,0.2800000011920929,1,0,6,13.0,9.043048095703124,-1.2000000476837158,-0.5,0.01142929494380951,0.019999999552965164,-1.0,-100.0,-0.019999999552965164,-0.5398088097572327
3090,57344,3,1024,3,OP3,FIXED_OPPONENT,train,SCRIPTED:OP3,0,2,3,-1,18,0.11999999731779099,1,0,0,12.0,11.079617818196615,-1.2000000476837158,-0.4000000059604645,-0.005917862057685852,0.019999999552965164,-1.0,-100.0,0.0,-0.5208659768104553
3091,57384,3,1029,1,OP3,FIXED_OPPONENT,train,SCRIPTED:OP3,0,2,3,-1,18,0.23999999463558197,1,0,0,11.0,10.251812405056423,-1.2000000476837158,-0.4000000059604645,-0.0038639307022094727,0.019999999552965164,-1.0,-100.0,0.0,-0.5208393335342407
3092,57400,3,1031,3,OP3,FIXED_OPPONENT,train,SCRIPTED:OP3,0,3,3,0,19,0.2800000011920929,1,0,0,12.0,10.970950478001646,-0.699999988079071,0.0,-0.00413203239440918,0.0,0.0,0.0,-0.019999999552965164,-0.15872012078762054
3093,57408,3,1032,2,OP3,FIXED_OPPONENT,train,SCRIPTED:OP3,0,2,3,-1,18,0.23999999463558197,1,0,3,11.0,11.256595187717014,-1.2000000476837158,-0.5,0.014804840087890625,0.019999999552965164,-1.0,-100.0,-0.019999999552965164,-0.539766252040863
3094,57432,3,1035,3,OP3,FIXED_OPPONENT,train,SCRIPTED:OP3,1,3,2,1,19,0.1599999964237213,1,0,0,11.0,11.860125089946546,1.5,0.4000000059604645,0.008303612470626831,0.029999999329447746,1.0,100.0,0.0,0.568379282951355
3095,57440,3,1036,2,OP3,FIXED_OPPONENT,train,SCRIPTED:OP3,1,3,1,2,19,0.3199999928474426,1,0,4,12.0,9.093574122378701,1.5,0.5,-0.01606447994709015,0.014999999664723873,1.0,100.0,0.0,0.5827704071998596
3096,57464,3,1039,3,OP3,FIXED_OPPONENT,train,SCRIPTED:OP3,1,3,1,2,16,0.3199999928474426,1,0,2,12.0,9.586499214172363,1.5,0.4000000059604645,0.004989549517631531,0.014999999664723873,1.0,100.0,0.0,0.5681588649749756
3097,57504,3,1044,3,OP3,FIXED_OPPONENT,train,SCRIPTED:OP3,1,3,2,1,20,0.19999998807907104,1,0,2,12.0,10.545551300048828,1.5,0.5,-0.01567063480615616,0.029999999329447746,1.0,100.0,-0.03999999910593033,0.5770525932312012
3098,57504,3,1044,1,OP3,FIXED_OPPONENT,train,SCRIPTED:OP3,0,3,3,0,20,0.23999999463558197,1,0,2,12.0,11.633799743652343,-0.699999988079071,0.0,-0.01013067364692688,0.0,0.0,0.0,-0.019999999552965164,-0.15882407128810883
3099,57544,3,1049,1,OP3,FIXED_OPPONENT,train,SCRIPTED:OP3,1,3,2,1,20,0.19999998807907104,1,0,1,11.0,10.585084533691406,1.5,0.5,-0.023890957236289978,0.029999999329447746,1.0,100.0,0.0,0.582854688167572
3100,57544,3,1049,3,OP3,FIXED_OPPONENT,train,SCRIPTED:OP3,0,2,3,-1,18,0.2800000011920929,1,0,1,12.0,10.352530585394966,-1.2000000476837158,-0.5,0.008187487721443176,0.019999999552965164,-1.0,-100.0,0.0,-0.5366929769515991
3101,57544,3,1049,0,OP3,FIXED_OPPONENT,train,SCRIPTED:OP3,1,3,2,1,17,0.3199999928474426,1,0,4,11.0,8.878821877872243,1.5,0.5,0.012805983424186707,0.014999999664723873,1.0,100.0,0.0,0.5831092596054077
3102,57568,3,1052,2,OP3,FIXED_OPPONENT,train,SCRIPTED:OP3,1,3,1,2,16,0.23999999463558197,1,0,0,11.0,13.001230239868164,1.5,0.5,-0.0035704225301742554,0.029999999329447746,1.0,100.0,0.0,0.5830931067466736
3103,57584,3,1054,3,OP3,FIXED_OPPONENT,train,SCRIPTED:OP3,0,3,3,0,19,0.1599999964237213,1,0,5,11.0,10.53788195158306,-0.699999988079071,0.0,0.008942738175392151,0.0,0.0,0.0,0.0,-0.15415769815444946
3104,57608,3,1057,3,OP3,FIXED_OPPONENT,train,SCRIPTED:OP3,0,3,3,0,18,0.07999999821186066,1,0,0,11.0,12.436089409722221,-0.699999988079071,0.0,0.008687861263751984,0.0,0.0,0.0,0.0,-0.15416212379932404
3105,57648,3,1062,3,OP3,FIXED_OPPONENT,train,SCRIPTED:OP3,1,3,2,1,18,0.23999999463558197,1,0,2,11.0,10.032133314344618,1.5,0.4000000059604645,0.006149977445602417,0.029999999329447746,1.0,100.0,-0.019999999552965164,0.5653370022773743
3106,57672,3,1065,2,OP3,FIXED_OPPONENT,train,SCRIPTED:OP3,0,2,3,-1,21,0.2800000011920929,1,0,1,11.0,10.116210210890998,-1.2000000476837158,-0.5,0.010949775576591492,0.0,-1.0,-100.0,0.0,-0.536911129951477
3107,57680,3,1066,3,OP3,FIXED_OPPONENT,train,SCRIPTED:OP3,0,2,3,-1,17,0.2800000011920929,1,0,2,11.0,9.903735890107995,-1.2000000476837158,-0.4000000059604645,0.0002311915159225464,0.019999999552965164,-1.0,-100.0,0.0,-0.5207863450050354
3108,57696,3,1068,0,OP3,FIXED_OPPONENT,train,SCRIPTED:OP3,0,3,3,0,19,0.1599999964237213,1,0,2,12.0,10.858259502210116,-0.699999988079071,0.0,0.008240550756454468,0.0,0.0,0.0,-0.019999999552965164,-0.15850569307804108
3109,57712,3,1070,2,OP3,FIXED_OPPONENT,train,SCRIPTED:OP3,0,2,3,-1,18,0.2800000011920929,1,0,2,11.0,10.650924682617188,-1.2000000476837158,-0.4000000059604645,-0.010716170072555542,0.019999999552965164,-1.0,-100.0,0.0,-0.520928144454956
3110,57712,3,1070,1,OP3,FIXED_OPPONENT,train,SCRIPTED:OP3,1,3,2,1,21,0.11999999731779099,1,0,5,14.0,9.883222307477679,1.5,1.0,-0.012495443224906921,0.029999999329447746,2.0,200.0,0.0,0.7617248296737671
3111,57736,3,1073,3,OP3,FIXED_OPPONENT,train,SCRIPTED:OP3,0,3,3,0,19,0.2800000011920929,1,0,2,12.0,10.299694663599917,-0.699999988079071,0.0,-0.0033762603998184204,0.0,0.0,0.0,0.0,-0.1543715000152588
3112,57776,3,1078,2,OP3,FIXED_OPPONENT,train,SCRIPTED:OP3,0,3,3,0,21,0.19999998807907104,1,0,3,14.0,10.651122320265998,-0.699999988079071,0.0,0.007898561656475067,0.0,0.0,0.0,-0.019999999552965164,-0.15851162374019623
3113,57792,3,1080,2,OP3,FIXED_OPPONENT,train,SCRIPTED:OP3,1,3,2,1,18,0.35999998450279236,1,0,1,11.0,10.8131103515625,1.5,0.5,0.010179832577705383,0.014999999664723873,1.0,100.0,-0.019999999552965164,0.5801374912261963
3114,57808,3,1082,1,OP3,FIXED_OPPONENT,train,SCRIPTED:OP3,0,2,3,-1,17,0.19999998807907104,1,0,0,11.0,11.970529892865349,-1.2000000476837158,-0.5,-0.013101428747177124,0.0,-1.0,-100.0,0.0,-0.5372152328491211
3115,57848,3,1087,1,OP3,FIXED_OPPONENT,train,SCRIPTED:OP3,1,3,2,1,17,0.3999999761581421,1,0,4,11.0,9.129565070657168,1.5,0.5,0.020686760544776917,0.014999999664723873,1.0,100.0,0.0,0.5832017660140991
3116,57848,3,1087,2,OP3,FIXED_OPPONENT,train,SCRIPTED:OP3,0,3,3,0,19,0.1599999964237213,1,0,0,11.0,10.621192530581826,-0.699999988079071,0.0,-0.007655486464500427,0.0,0.0,0.0,0.0,-0.15444575250148773
3117,57856,3,1088,2,OP3,FIXED_OPPONENT,train,SCRIPTED:OP3,1,3,2,1,22,0.07999999821186066,1,0,1,14.0,10.49420859596946,1.5,0.5,-0.03128453344106674,0.029999999329447746,1.0,100.0,0.0,0.582767903804779
3118,57856,3,1088,2,OP3,FIXED_OPPONENT,train,SCRIPTED:OP3,1,3,2,1,18,0.1599999964237213,1,0,0,11.0,11.310919019911024,1.5,0.4000000059604645,0.008401945233345032,0.014999999664723873,1.0,100.0,0.0,0.5681999921798706
3119,57872,3,1090,0,OP3,FIXED_OPPONENT,train,SCRIPTED:OP3,0,2,3,-1,17,0.3199999928474426,1,0,1,12.0,9.178962258731618,-1.2000000476837158,-0.5,0.0007779449224472046,0.0,-1.0,-100.0,0.0,-0.5370398163795471
3120,57920,3,1096,1,OP3,FIXED_OPPONENT,train,SCRIPTED:OP3,1,3,2,1,18,0.3199999928474426,1,0,2,11.0,10.279240078396267,1.5,0.4000000059604645,-0.006458505988121033,0.029999999329447746,1.0,100.0,0.0,0.5682016015052795
3121,57936,3,1098,3,OP3,FIXED_OPPONENT,train,SCRIPTED:OP3,1,3,2,1,18,0.23999999463558197,1,0,3,11.0,9.950057983398438,1.5,0.4000000059604645,0.008407071232795715,0.029999999329447746,1.0,100.0,0.0,0.5683805346488953
3122,57952,3,1100,1,OP3,FIXED_OPPONENT,train,SCRIPTED:OP3,1,3,2,1,18,0.23999999463558197,1,0,0,11.0,12.250579833984375,1.5,0.5999999642372131,0.008948147296905518,0.029999999329447746,1.0,100.0,0.0,0.5977128744125366
3123,58000,3,1106,3,OP3,FIXED_OPPONENT,train,SCRIPTED:OP3,1,3,2,1,19,0.1599999964237213,1,0,3,12.0,10.7874900416324,1.5,1.0,0.0017255991697311401,0.029999999329447746,2.0,200.0,0.0,0.7618308663368225
3124,58000,3,1106,1,OP3,FIXED_OPPONENT,train,SCRIPTED:OP3,1,3,2,1,18,0.19999998807907104,1,0,3,12.0,10.432083977593315,1.5,0.4000000059604645,0.002377614378929138,0.029999999329447746,1.0,100.0,0.0,0.5683079957962036
3125,58008,3,1107,2,OP3,FIXED_OPPONENT,train,SCRIPTED:OP3,0,3,3,0,19,0.19999998807907104,1,0,3,12.0,9.895262065686678,-0.699999988079071,0.5,-0.002855271100997925,0.0,1.0,100.0,-0.019999999552965164,0.17156879603862762
3126,58016,3,1108,3,OP3,FIXED_OPPONENT,train,SCRIPTED:OP3,0,2,3,-1,21,0.35999998450279236,1,0,7,14.0,9.269405546642485,-1.2000000476837158,-0.5,0.01006956398487091,0.0,-1.0,-100.0,-0.019999999552965164,-0.540077805519104
3127,58024,3,1109,3,OP3,FIXED_OPPONENT,train,SCRIPTED:OP3,0,2,3,-1,19,0.23999999463558197,1,0,3,12.0,11.5452880859375,-1.2000000476837158,0.0,0.0006614774465560913,0.019999999552965164,0.0,0.0,0.0,-0.2601780295372009
3128,58056,3,1113,1,OP3,FIXED_OPPONENT,train,SCRIPTED:OP3,0,3,3,0,15,0.19999998807907104,1,0,3,11.0,10.319324747721355,-0.699999988079071,0.0,0.008783802390098572,0.0,0.0,0.0,-0.03999999910593033,-0.16282600164413452
3129,58064,3,1114,1,OP3,FIXED_OPPONENT,train,SCRIPTED:OP3,1,3,2,1,18,0.19999998807907104,1,0,2,11.0,10.308196173773872,1.5,0.5,0.009723752737045288,0.029999999329447746,1.0,100.0,0.0,0.5832490921020508
3130,58080,3,1116,0,OP3,FIXED_OPPONENT,train,SCRIPTED:OP3,0,1,3,-2,16,0.23999999463558197,1,0,2,12.0,9.724250793457031,-1.2000000476837158,-0.4000000059604645,-0.0001427680253982544,0.0,-1.0,-100.0,-0.019999999552965164,-0.5242804884910583
3131,58152,3,1125,1,OP3,FIXED_OPPONENT,train,SCRIPTED:OP3,0,2,3,-1,18,0.19999998807907104,1,0,5,11.0,10.099510192871094,-1.2000000476837158,-0.4000000059604645,0.004219353199005127,0.019999999552965164,-1.0,-100.0,-0.019999999552965164,-0.5239664316177368
3132,58160,3,1126,0,OP3,FIXED_OPPONENT,train,SCRIPTED:OP3,1,3,2,1,18,0.2800000011920929,1,0,0,11.0,10.643490261501736,1.5,0.5,-0.01792411506175995,0.014999999664723873,1.0,100.0,0.0,0.5827486515045166
3133,58160,3,1126,1,OP3,FIXED_OPPONENT,train,SCRIPTED:OP3,1,3,2,1,20,0.19999998807907104,1,0,5,11.0,9.735924530029298,1.5,0.5,-0.026144027709960938,0.029999999329447746,1.0,100.0,-0.019999999552965164,0.5798859000205994
3134,58160,3,1126,0,OP3,FIXED_OPPONENT,train,SCRIPTED:OP3,1,3,2,1,20,0.19999998807907104,1,0,1,12.0,11.076318359375,1.5,0.5,-0.0007666498422622681,0.014999999664723873,1.0,100.0,-0.019999999552965164,0.5800083875656128
3135,58184,3,1129,2,OP3,FIXED_OPPONENT,train,SCRIPTED:OP3,0,2,3,-1,20,0.2800000011920929,1,0,3,14.0,9.797147369384765,-1.2000000476837158,-0.5,0.0064140260219573975,0.0,-1.0,-100.0,-0.019999999552965164,-0.5401238203048706
3136,58200,3,1131,2,OP3,FIXED_OPPONENT,train,SCRIPTED:OP3,1,3,2,1,18,0.23999999463558197,1,0,3,11.0,9.360265096028646,1.5,0.0,-0.007535234093666077,0.0,0.0,0.0,0.0,0.32139259576797485
3137,58216,3,1133,1,OP3,FIXED_OPPONENT,train,SCRIPTED:OP3,1,3,2,1,19,0.2800000011920929,1,0,1,12.0,9.463127537777549,1.5,0.4000000059604645,-0.010235950350761414,0.029999999329447746,1.0,100.0,0.0,0.5681561231613159
3138,58224,3,1134,0,OP3,FIXED_OPPONENT,train,SCRIPTED:OP3,1,3,2,1,18,0.19999998807907104,1,0,1,11.0,9.709097968207466,1.5,0.4000000059604645,-0.009647220373153687,0.029999999329447746,1.0,100.0,-0.019999999552965164,0.5651458501815796
3139,58296,3,1143,1,OP3,FIXED_OPPONENT,train,SCRIPTED:OP3,1,3,2,1,18,0.23999999463558197,1,0,1,11.0,11.864154391818577,1.5,0.4000000059604645,0.00018030405044555664,0.029999999329447746,1.0,100.0,0.0,0.5682815313339233
3140,58296,3,1143,0,OP3,FIXED_OPPONENT,train,SCRIPTED:OP3,1,3,2,1,17,0.11999999731779099,1,0,0,11.0,12.290950101964613,1.5,0.5,-0.026990696787834167,0.029999999329447746,1.0,100.0,0.0,0.5828182697296143
3141,58304,3,1144,0,OP3,FIXED_OPPONENT,train,SCRIPTED:OP3,1,3,2,1,18,0.23999999463558197,1,0,1,11.0,11.914377000596788,1.5,0.5,0.0015209615230560303,0.029999999329447746,1.0,100.0,0.0,0.5831528902053833
3142,58304,3,1144,3,OP3,FIXED_OPPONENT,train,SCRIPTED:OP3,0,3,3,0,18,0.23999999463558197,1,0,2,11.0,10.150458441840279,-0.699999988079071,0.0,-0.010285019874572754,0.0,0.0,0.0,-0.019999999552965164,-0.15882673859596252
3143,58328,3,1147,3,OP3,FIXED_OPPONENT,train,SCRIPTED:OP3,1,3,2,1,18,0.23999999463558197,1,0,2,11.0,10.274737887912327,1.5,0.5,-0.012983039021492004,0.029999999329447746,1.0,100.0,0.0,0.5829826593399048
3144,58328,3,1147,0,OP3,FIXED_OPPONENT,train,SCRIPTED:OP3,0,1,3,-2,16,0.2800000011920929,1,0,1,12.0,11.320934295654297,-1.2000000476837158,-0.5,0.004218116402626038,0.0,-1.0,-100.0,0.0,-0.5369963049888611
3145,58368,3,1152,0,OP3,FIXED_OPPONENT,train,SCRIPTED:OP3,0,3,3,0,18,0.1599999964237213,1,0,3,11.0,10.040850321451822,-0.699999988079071,0.0,-0.0075106024742126465,0.0,0.0,0.0,0.0,-0.15444323420524597
3146,58376,3,1153,1,OP3,FIXED_OPPONENT,train,SCRIPTED:OP3,1,3,2,1,20,0.1599999964237213,1,0,3,13.0,12.797097778320312,1.5,0.5,-0.03247642517089844,0.029999999329447746,1.0,100.0,0.0,0.5827538967132568
3147,58432,3,1160,1,OP3,FIXED_OPPONENT,train,SCRIPTED:OP3,1,3,2,1,16,0.19999998807907104,1,0,0,12.0,11.386281967163086,1.5,0.0,0.006047084927558899,0.0,0.0,0.0,-0.019999999552965164,0.3176186680793762
3148,58440,3,1161,3,OP3,FIXED_OPPONENT,train,SCRIPTED:OP3,1,3,2,1,18,0.23999999463558197,1,0,3,11.0,9.64358181423611,1.5,0.5,-0.019589945673942566,0.029999999329447746,1.0,100.0,0.0,0.5829051733016968
3149,58440,3,1161,1,OP3,FIXED_OPPONENT,train,SCRIPTED:OP3,1,3,2,1,18,0.23999999463558197,1,0,0,11.0,12.695397271050346,1.5,0.0,0.0071978941559791565,0.0,0.0,0.0,0.0,0.3216274082660675
3150,58464,3,1164,0,OP3,FIXED_OPPONENT,train,SCRIPTED:OP3,0,2,3,-1,20,0.2800000011920929,1,0,0,12.0,11.609406280517579,-1.2000000476837158,-0.5,0.01161736249923706,0.0,-1.0,-100.0,-0.03999999910593033,-0.5431989431381226
3151,58472,3,1165,3,OP3,FIXED_OPPONENT,train,SCRIPTED:OP3,0,2,3,-1,18,0.35999998450279236,1,0,4,11.0,9.447886149088541,-1.2000000476837158,-0.4000000059604645,-0.010524183511734009,0.019999999552965164,-1.0,-100.0,0.0,-0.5209256410598755
3152,58480,3,1166,1,OP3,FIXED_OPPONENT,train,SCRIPTED:OP3,0,2,3,-1,19,0.23999999463558197,1,0,5,12.0,8.676213314658717,-1.2000000476837158,-0.5,0.0025624483823776245,0.019999999552965164,-1.0,-100.0,0.0,-0.5367641448974609
3153,58512,3,1170,3,OP3,FIXED_OPPONENT,train,SCRIPTED:OP3,0,2,3,-1,18,0.3199999928474426,1,0,0,11.0,10.780303955078125,-1.2000000476837158,-0.4000000059604645,0.0025570541620254517,0.019999999552965164,-1.0,-100.0,-0.019999999552965164,-0.523987889289856
3154,58528,3,1172,0,OP3,FIXED_OPPONENT,train,SCRIPTED:OP3,1,3,2,1,19,0.2800000011920929,1,0,1,12.0,12.34684833727385,1.5,0.5,0.0026282668113708496,0.014999999664723873,1.0,100.0,-0.019999999552965164,0.5800483226776123
3155,58568,3,1177,3,OP3,FIXED_OPPONENT,train,SCRIPTED:OP3,1,3,1,2,16,0.35999998450279236,1,0,2,11.0,10.820688247680664,1.5,0.4000000059604645,-0.006324276328086853,0.029999999329447746,1.0,100.0,-0.019999999552965164,0.5651860237121582
3156,58584,3,1179,1,OP3,FIXED_OPPONENT,train,SCRIPTED:OP3,0,2,3,-1,19,0.1599999964237213,1,0,4,12.0,10.594524985865542,-1.2000000476837158,-0.5,0.001957044005393982,0.019999999552965164,-1.0,-100.0,0.0,-0.536771833896637
3157,58592,3,1180,0,OP3,FIXED_OPPONENT,train,SCRIPTED:OP3,1,3,2,1,19,0.1599999964237213,1,0,0,12.0,12.687335365696958,1.5,0.4000000059604645,0.007695704698562622,0.029999999329447746,1.0,100.0,0.0,0.5683719515800476
3158,58600,3,1181,0,OP3,FIXED_OPPONENT,train,SCRIPTED:OP3,1,3,2,1,16,0.23999999463558197,1,0,1,12.0,11.47884464263916,1.5,0.4000000059604645,0.007802009582519531,0.029999999329447746,1.0,100.0,-0.03999999910593033,0.5623254776000977
3159,58608,3,1182,2,OP3,FIXED_OPPONENT,train,SCRIPTED:OP3,0,2,3,-1,18,0.19999998807907104,1,0,0,12.0,11.18861813015408,-1.2000000476837158,-0.5,0.01418730616569519,0.019999999552965164,-1.0,-100.0,0.0,-0.5366170406341553
3160,58632,3,1185,3,OP3,FIXED_OPPONENT,train,SCRIPTED:OP3,0,2,3,-1,19,0.2800000011920929,1,0,2,12.0,10.694531089381167,-1.2000000476837158,-0.5,-0.00839543342590332,0.0,-1.0,-100.0,-0.019999999552965164,-0.540310263633728
3161,58664,3,1189,0,OP3,FIXED_OPPONENT,train,SCRIPTED:OP3,1,3,2,1,19,0.19999998807907104,1,0,3,12.0,10.965949610659951,1.5,1.0,-0.006786629557609558,0.029999999329447746,2.0,200.0,0.0,0.7617673277854919
3162,58672,3,1190,0,OP3,FIXED_OPPONENT,train,SCRIPTED:OP3,0,1,3,-2,18,0.2800000011920929,1,0,5,11.0,11.197770012749565,-1.2000000476837158,-0.5,0.0018915235996246338,0.019999999552965164,-1.0,-100.0,-0.019999999552965164,-0.5399289131164551
3163,58712,3,1195,1,OP3,FIXED_OPPONENT,train,SCRIPTED:OP3,0,3,3,0,18,0.23999999463558197,1,0,3,11.0,10.211037529839409,-0.699999988079071,0.5,-5.556643009185791e-05,0.0,1.0,100.0,0.0,0.1759273111820221
3164,58736,3,1198,2,OP3,FIXED_OPPONENT,train,SCRIPTED:OP3,1,3,2,1,19,0.11999999731779099,1,0,0,12.0,11.901965492650083,1.5,0.5,0.01113004982471466,0.029999999329447746,1.0,100.0,0.0,0.5832656621932983
3165,58744,3,1199,1,OP3,FIXED_OPPONENT,train,SCRIPTED:OP3,1,3,2,1,19,0.1599999964237213,1,0,2,12.0,11.430888928865132,1.5,0.5,0.018342718482017517,0.014999999664723873,1.0,100.0,0.0,0.5831742286682129
3166,58752,3,1200,2,OP3,FIXED_OPPONENT,train,SCRIPTED:OP3,0,2,3,-1,19,0.23999999463558197,1,0,0,12.0,11.198726453279194,-1.2000000476837158,-0.5,0.014477565884590149,0.019999999552965164,-1.0,-100.0,0.0,-0.5366133451461792
3167,58760,3,1201,1,OP3,FIXED_OPPONENT,train,SCRIPTED:OP3,1,3,2,1,19,0.23999999463558197,1,0,0,12.0,10.865442376387747,1.5,0.5,-0.003460124135017395,0.029999999329447746,1.0,100.0,-0.019999999552965164,0.5801535248756409
3168,58784,3,1204,0,OP3,FIXED_OPPONENT,train,SCRIPTED:OP3,1,3,2,1,19,0.11999999731779099,1,0,0,13.0,11.114459389134458,1.5,0.4000000059604645,-0.00894404947757721,0.029999999329447746,1.0,100.0,-0.019999999552965164,0.5651543736457825
3169,58808,3,1207,0,OP3,FIXED_OPPONENT,train,SCRIPTED:OP3,1,3,2,1,18,0.23999999463558197,1,0,0,12.0,11.152474297417534,1.5,0.0,-0.005752928555011749,0.0,0.0,0.0,-0.019999999552965164,0.3174300491809845
3170,58824,3,1209,2,OP3,FIXED_OPPONENT,train,SCRIPTED:OP3,1,3,2,1,19,0.2800000011920929,1,0,0,11.0,10.22037064401727,1.5,0.4000000059604645,0.007955029606819153,0.014999999664723873,1.0,100.0,-0.019999999552965164,0.5651774406433105
3171,58864,3,1214,1,OP3,FIXED_OPPONENT,train,SCRIPTED:OP3,1,3,2,1,16,0.19999998807907104,1,0,3,12.0,10.798412322998047,1.5,0.5,-0.015501365065574646,0.029999999329447746,1.0,100.0,-0.019999999552965164,0.5800114870071411
3172,58880,3,1216,3,OP3,FIXED_OPPONENT,train,SCRIPTED:OP3,0,2,3,-1,16,0.2800000011920929,1,0,2,11.0,10.075518608093262,-1.2000000476837158,-0.4000000059604645,-0.008295044302940369,0.019999999552965164,-1.0,-100.0,-0.03999999910593033,-0.5273438096046448
3173,58880,3,1216,2,OP3,FIXED_OPPONENT,train,SCRIPTED:OP3,0,3,3,0,21,0.19999998807907104,1,0,5,14.0,8.839966546921502,-0.699999988079071,0.0,-0.007977262139320374,0.0,0.0,0.0,-0.019999999552965164,-0.15878674387931824
3174,58888,3,1217,0,OP3,FIXED_OPPONENT,train,SCRIPTED:OP3,0,2,3,-1,18,0.23999999463558197,1,0,0,11.0,11.15982394748264,-1.2000000476837158,-0.5,0.004981130361557007,0.0,-1.0,-100.0,0.0,-0.5369866490364075
3175,58904,3,1219,0,OP3,FIXED_OPPONENT,train,SCRIPTED:OP3,1,3,2,1,18,0.1599999964237213,1,0,0,11.0,12.601353963216146,1.5,0.5,-0.025963887572288513,0.029999999329447746,1.0,100.0,0.0,0.5828303098678589
3176,58928,3,1222,1,OP3,FIXED_OPPONENT,train,SCRIPTED:OP3,1,3,2,1,18,0.19999998807907104,1,0,2,11.0,10.813278198242188,1.5,0.4000000059604645,0.007968425750732422,0.029999999329447746,1.0,100.0,-0.019999999552965164,0.5653589963912964
3177,58952,3,1225,1,OP3,FIXED_OPPONENT,train,SCRIPTED:OP3,0,2,3,-1,18,0.19999998807907104,1,0,0,11.0,11.841825697157118,-1.2000000476837158,-0.5,0.015284791588783264,0.0,-1.0,-100.0,-0.019999999552965164,-0.5400121212005615
3178,58976,3,1228,3,OP3,FIXED_OPPONENT,train,SCRIPTED:OP3,0,2,3,-1,19,0.19999998807907104,1,0,2,12.0,10.520122327302632,-1.2000000476837158,-0.5,0.01221853494644165,0.0,-1.0,-100.0,0.0,-0.5368950366973877
3179,59024,3,1234,2,OP3,FIXED_OPPONENT,train,SCRIPTED:OP3,1,3,2,1,18,0.23999999463558197,1,0,8,11.0,8.804498460557726,1.5,0.5,-0.03400255739688873,0.029999999329447746,1.0,100.0,0.0,0.5827359557151794
3180,59032,3,1235,3,OP3,FIXED_OPPONENT,train,SCRIPTED:OP3,0,2,3,-1,21,0.1599999964237213,1,0,2,13.0,10.496853783017112,-1.2000000476837158,-0.5,0.003452688455581665,0.0,-1.0,-100.0,-0.019999999552965164,-0.5401611328125
3181,59032,3,1235,0,OP3,FIXED_OPPONENT,train,SCRIPTED:OP3,0,2,3,-1,19,0.3199999928474426,1,0,1,12.0,10.340868498149671,-1.2000000476837158,-0.5,0.015681803226470947,0.019999999552965164,-1.0,-100.0,-0.03999999910593033,-0.5428973436355591
3182,59040,3,1236,3,OP3,FIXED_OPPONENT,train,SCRIPTED:OP3,0,2,3,-1,19,0.1599999964237213,1,0,4,13.0,9.827884071751646,-1.2000000476837158,-0.5,0.0044471025466918945,0.019999999552965164,-1.0,-100.0,0.0,-0.5367403030395508
3183,59056,3,1238,0,OP3,FIXED_OPPONENT,train,SCRIPTED:OP3,1,3,2,1,19,0.1599999964237213,1,0,2,12.0,10.895581697162829,1.5,0.5,0.0016804784536361694,0.014999999664723873,1.0,100.0,-0.019999999552965164,0.5800372362136841
3184,59080,3,1241,1,OP3,FIXED_OPPONENT,train,SCRIPTED:OP3,0,2,3,-1,19,0.1599999964237213,1,0,10,12.0,8.953120984529194,-1.2000000476837158,-0.5,0.007038235664367676,0.019999999552965164,-1.0,-100.0,0.0,-0.5367075204849243
3185,59088,3,1242,2,OP3,FIXED_OPPONENT,train,SCRIPTED:OP3,1,3,2,1,17,0.19999998807907104,1,0,1,11.0,10.157361198874082,1.5,0.5,-0.019551917910575867,0.029999999329447746,1.0,100.0,0.0,0.5829055905342102
3186,59120,3,1246,0,OP3,FIXED_OPPONENT,train,SCRIPTED:OP3,0,2,3,-1,18,0.1599999964237213,1,0,1,11.0,12.040900336371529,-1.2000000476837158,-0.5,0.0027554333209991455,0.019999999552965164,-1.0,-100.0,0.0,-0.5367617011070251
3187,59176,3,1253,2,OP3,FIXED_OPPONENT,train,SCRIPTED:OP3,0,3,3,0,19,0.23999999463558197,1,0,3,11.0,9.699658845600329,-0.699999988079071,0.0,-0.003315538167953491,0.0,0.0,0.0,0.0,-0.15437044203281403
3188,59176,3,1253,3,OP3,FIXED_OPPONENT,train,SCRIPTED:OP3,0,2,3,-1,18,0.2800000011920929,1,0,3,11.0,9.84313710530599,-1.2000000476837158,-0.4000000059604645,0.0009738057851791382,0.019999999552965164,-1.0,-100.0,0.0,-0.5207766890525818
3189,59184,3,1254,3,OP3,FIXED_OPPONENT,train,SCRIPTED:OP3,0,3,3,0,19,0.3199999928474426,1,0,0,11.0,10.826281898900083,-0.699999988079071,0.0,-0.00976593792438507,0.0,0.0,0.0,-0.019999999552965164,-0.15881775319576263
3190,59200,3,1256,2,OP3,FIXED_OPPONENT,train,SCRIPTED:OP3,1,3,2,1,18,0.2800000011920929,1,0,5,11.0,9.292457580566406,1.5,0.0,-0.005684077739715576,0.0,0.0,0.0,0.0,0.32142210006713867
3191,59208,3,1257,0,OP3,FIXED_OPPONENT,train,SCRIPTED:OP3,0,2,3,-1,21,0.23999999463558197,1,0,0,14.0,11.662690662202381,-1.2000000476837158,-0.4000000059604645,-0.010183140635490417,0.019999999552965164,-1.0,-100.0,0.0,-0.5209211707115173
3192,59224,3,1259,3,OP3,FIXED_OPPONENT,train,SCRIPTED:OP3,0,2,3,-1,18,0.2800000011920929,1,0,1,11.0,11.632157219780815,-1.2000000476837158,-0.4000000059604645,-0.01432199776172638,0.019999999552965164,-1.0,-100.0,-0.019999999552965164,-0.5242055058479309
3193,59248,3,1262,3,OP3,FIXED_OPPONENT,train,SCRIPTED:OP3,1,3,2,1,20,0.19999998807907104,1,0,3,11.0,9.560743713378907,1.5,0.5,-0.025815576314926147,0.014999999664723873,1.0,100.0,-0.019999999552965164,0.5797127485275269
3194,59288,3,1267,0,OP3,FIXED_OPPONENT,train,SCRIPTED:OP3,1,3,2,1,21,0.35999998450279236,1,0,2,13.0,8.729126703171502,1.5,0.5,-0.014505326747894287,0.029999999329447746,1.0,100.0,0.0,0.5829647779464722
3195,59296,3,1268,3,OP3,FIXED_OPPONENT,train,SCRIPTED:OP3,0,2,3,-1,15,0.19999998807907104,1,0,1,11.0,10.952085367838542,-1.2000000476837158,-0.5,-0.0005806982517242432,0.019999999552965164,-1.0,-100.0,-0.019999999552965164,-0.5399600267410278
3196,59328,3,1272,1,OP3,FIXED_OPPONENT,train,SCRIPTED:OP3,1,3,2,1,19,0.19999998807907104,1,0,0,14.0,12.361347399259868,1.5,0.5,-0.004244893789291382,0.029999999329447746,0.0,0.0,0.0,0.4176997244358063
3197,59328,3,1272,3,OP3,FIXED_OPPONENT,train,SCRIPTED:OP3,1,3,2,1,18,0.19999998807907104,1,0,2,11.0,11.082423739963108,1.5,0.5,-0.0041519999504089355,0.029999999329447746,1.0,100.0,0.0,0.5830863118171692
3198,59344,3,1274,3,OP3,FIXED_OPPONENT,train,SCRIPTED:OP3,1,3,2,1,18,0.11999999731779099,1,0,2,11.0,9.78322262234158,1.5,0.8999999761581421,0.008828535676002502,0.029999999329447746,2.0,200.0,0.0,0.7524020671844482
3199,59360,3,1276,3,OP3,FIXED_OPPONENT,train,SCRIPTED:OP3,1,3,2,1,19,0.2800000011920929,1,0,2,12.0,10.651429025750412,1.5,0.5,-0.009835571050643921,0.014999999664723873,1.0,100.0,0.0,0.5828436017036438
3200,59376,3,1278,2,OP3,FIXED_OPPONENT,train,SCRIPTED:OP3,0,2,3,-1,19,0.3999999761581421,1,0,0,11.0,10.094757883172287,-1.2000000476837158,-0.5,0.001416221261024475,0.0,-1.0,-100.0,0.0,-0.5370317697525024
3201,59376,3,1278,1,OP3,FIXED_OPPONENT,train,SCRIPTED:OP3,1,3,1,2,16,0.23999999463558197,1,0,0,12.0,12.223594665527344,1.5,0.4000000059604645,0.008727654814720154,0.029999999329447746,1.0,100.0,0.0,0.5683843493461609
3202,59440,3,1286,0,OP3,FIXED_OPPONENT,train,SCRIPTED:OP3,1,3,2,1,19,0.23999999463558197,1,0,1,11.0,9.277428877981086,1.5,0.5,-0.039179727435112,0.014999999664723873,1.0,100.0,0.0,0.5824989080429077
3203,59448,3,1287,0,OP3,FIXED_OPPONENT,train,SCRIPTED:OP3,0,3,3,0,19,0.2800000011920929,1,0,0,12.0,10.836876317074424,-0.699999988079071,0.0,-0.008598163723945618,0.0,0.0,0.0,-0.019999999552965164,-0.1587975174188614
3204,59464,3,1289,1,OP3,FIXED_OPPONENT,train,SCRIPTED:OP3,1,3,2,1,17,0.3199999928474426,1,0,1,11.0,10.873977661132812,1.5,0.5,0.0035106688737869263,0.029999999329447746,1.0,100.0,0.0,0.5831761360168457
3205,59472,3,1290,2,OP3,FIXED_OPPONENT,train,SCRIPTED:OP3,1,3,2,1,18,0.2800000011920929,1,0,4,11.0,9.01988304985894,1.5,0.4000000059604645,0.008740544319152832,0.014999999664723873,1.0,100.0,0.0,0.5682040452957153
3206,59512,3,1295,0,OP3,FIXED_OPPONENT,train,SCRIPTED:OP3,1,3,2,1,19,0.3199999928474426,1,0,1,12.0,9.468859220805921,1.5,0.4000000059604645,-0.010248661041259766,0.014999999664723873,1.0,100.0,0.0,0.5679754018783569
3207,59520,3,1296,0,OP3,FIXED_OPPONENT,train,SCRIPTED:OP3,0,3,3,0,22,0.3999999761581421,1,0,10,11.0,9.650645862926137,-0.699999988079071,0.0,-0.0073705315589904785,0.0,0.0,0.0,0.0,-0.15444080531597137
3208,59520,3,1296,0,OP3,FIXED_OPPONENT,train,SCRIPTED:OP3,1,3,2,1,18,0.23999999463558197,1,0,0,12.0,11.24127197265625,1.5,0.5,0.024670958518981934,0.014999999664723873,1.0,100.0,0.0,0.583248496055603
3209,59528,3,1297,0,OP3,FIXED_OPPONENT,train,SCRIPTED:OP3,0,2,3,-1,19,0.2800000011920929,1,0,3,12.0,8.877438996967516,-1.2000000476837158,-0.5,-0.006893813610076904,0.019999999552965164,-1.0,-100.0,0.0,-0.5368838310241699
3210,59576,3,1303,0,OP3,FIXED_OPPONENT,train,SCRIPTED:OP3,0,2,3,-1,17,0.23999999463558197,1,0,1,11.0,10.05487688849954,-1.2000000476837158,-0.5,0.0038575977087020874,0.0,-1.0,-100.0,-0.019999999552965164,-0.5401560068130493
3211,59592,3,1305,0,OP3,FIXED_OPPONENT,train,SCRIPTED:OP3,0,1,3,-2,18,0.07999999821186066,1,0,5,11.0,11.462630377875435,-1.2000000476837158,0.0,-0.007616758346557617,0.019999999552965164,0.0,0.0,0.0,-0.2603152394294739
3212,59616,3,1308,1,OP3,FIXED_OPPONENT,train,SCRIPTED:OP3,0,2,3,-1,19,0.23999999463558197,1,0,8,12.0,9.612811439915708,-1.2000000476837158,-0.5,0.004927277565002441,0.019999999552965164,-1.0,-100.0,-0.019999999552965164,-0.539890706539154
3213,59616,3,1308,2,OP3,FIXED_OPPONENT,train,SCRIPTED:OP3,1,3,2,1,18,0.2800000011920929,1,0,0,11.0,10.811918470594618,1.5,0.5,-0.015249684453010559,0.02499999850988388,1.0,100.0,0.0,0.582897424697876
3214,59664,3,1314,1,OP3,FIXED_OPPONENT,train,SCRIPTED:OP3,1,3,1,2,18,0.35999998450279236,1,0,2,11.0,9.616388956705729,1.5,0.5,-0.0307157039642334,0.014999999664723873,1.0,100.0,0.0,0.5825984477996826
3215,59664,3,1314,2,OP3,FIXED_OPPONENT,train,SCRIPTED:OP3,0,3,3,0,18,0.23999999463558197,1,0,0,11.0,11.37017567952474,-0.699999988079071,0.0,-0.010265707969665527,0.0,0.0,0.0,0.0,-0.15449105203151703
3216,59672,3,1315,1,OP3,FIXED_OPPONENT,train,SCRIPTED:OP3,0,2,3,-1,20,0.19999998807907104,1,0,2,13.0,10.408143615722656,-1.2000000476837158,-0.5,0.008576184511184692,0.019999999552965164,-1.0,-100.0,0.0,-0.5366880297660828
3217,59672,3,1315,0,OP3,FIXED_OPPONENT,train,SCRIPTED:OP3,0,2,3,-1,18,0.3999999761581421,1,0,0,11.0,10.378285725911459,-1.2000000476837158,-0.5,0.005035698413848877,0.0,-1.0,-100.0,0.0,-0.5369859933853149
3218,59720,3,1321,1,OP3,FIXED_OPPONENT,train,SCRIPTED:OP3,0,3,3,0,18,0.19999998807907104,1,0,0,11.0,11.650093926323784,-0.699999988079071,0.0,-0.009934663772583008,0.0,0.0,0.0,0.0,-0.1544853001832962
3219,59736,3,1323,3,OP3,FIXED_OPPONENT,train,SCRIPTED:OP3,1,3,2,1,18,0.19999998807907104,1,0,3,11.0,11.824613783094618,1.5,0.5,-0.02054019272327423,0.029999999329447746,1.0,100.0,-0.019999999552965164,0.5799520015716553
3220,59736,3,1323,2,OP3,FIXED_OPPONENT,train,SCRIPTED:OP3,1,3,1,2,15,0.11999999731779099,1,0,1,11.0,11.783747355143229,1.5,0.5,-0.015578493475914001,0.014999999664723873,1.0,100.0,0.0,0.5827761292457581
3221,59768,3,1327,0,OP3,FIXED_OPPONENT,train,SCRIPTED:OP3,0,2,3,-1,19,0.19999998807907104,1,0,3,12.0,11.201720388312088,-1.2000000476837158,0.0,0.004023835062980652,0.0,0.0,0.0,0.0,-0.2604537606239319
3222,59808,3,1332,3,OP3,FIXED_OPPONENT,train,SCRIPTED:OP3,1,3,2,1,18,0.3199999928474426,1,0,0,11.0,10.770551045735678,1.5,0.4000000059604645,-0.0004865676164627075,0.014999999664723873,1.0,100.0,0.0,0.568092942237854
3223,59816,3,1333,1,OP3,FIXED_OPPONENT,train,SCRIPTED:OP3,0,2,3,-1,18,0.3199999928474426,1,0,5,12.0,9.602587381998697,-1.2000000476837158,-0.4000000059604645,0.0009757131338119507,0.019999999552965164,-1.0,-100.0,0.0,-0.520776629447937
3224,59816,3,1333,2,OP3,FIXED_OPPONENT,train,SCRIPTED:OP3,1,3,2,1,18,0.19999998807907104,1,0,1,11.0,11.192184448242188,1.5,0.4000000059604645,-0.010003253817558289,0.029999999329447746,1.0,100.0,0.0,0.5681589841842651
3225,59816,3,1333,2,OP3,FIXED_OPPONENT,train,SCRIPTED:OP3,0,2,3,-1,19,0.35999998450279236,1,0,2,12.0,9.382112201891447,-1.2000000476837158,-0.5,-0.003190085291862488,0.019999999552965164,-1.0,-100.0,-0.019999999552965164,-0.5399929285049438
3226,59872,3,1340,3,OP3,FIXED_OPPONENT,train,SCRIPTED:OP3,1,3,2,1,19,0.19999998807907104,1,0,1,14.0,12.116242258172287,1.5,0.5,-0.027283981442451477,0.029999999329447746,1.0,100.0,0.0,0.5828148126602173
3227,59880,3,1341,3,OP3,FIXED_OPPONENT,train,SCRIPTED:OP3,1,3,2,1,18,0.19999998807907104,1,0,2,11.0,10.590947469075521,1.5,0.4000000059604645,-0.009837612509727478,0.029999999329447746,1.0,100.0,-0.019999999552965164,0.5651435852050781
3228,59880,3,1341,2,OP3,FIXED_OPPONENT,train,SCRIPTED:OP3,0,2,3,-1,18,0.2800000011920929,1,0,0,11.0,10.599361843532986,-1.2000000476837158,-0.4000000059604645,-0.0024014264345169067,0.0,-1.0,-100.0,0.0,-0.5210794806480408
3229,59912,3,1345,1,OP3,FIXED_OPPONENT,train,SCRIPTED:OP3,0,3,3,0,18,0.2800000011920929,1,0,2,11.0,11.136341518825954,-0.699999988079071,0.0,0.0009350031614303589,0.0,0.0,0.0,0.0,-0.15429668128490448
3230,59952,3,1350,3,OP3,FIXED_OPPONENT,train,SCRIPTED:OP3,0,3,3,0,18,0.19999998807907104,1,0,2,11.0,10.771205478244358,-0.699999988079071,0.0,-0.007464312016963959,0.0,0.0,0.0,0.0,-0.1544424295425415
3231,59952,3,1350,3,OP3,FIXED_OPPONENT,train,SCRIPTED:OP3,1,3,2,1,17,0.19999998807907104,1,0,1,11.0,10.814229628619026,1.5,0.5,-0.007830217480659485,0.029999999329447746,1.0,100.0,0.0,0.5830431580543518
3232,59960,3,1351,0,OP3,FIXED_OPPONENT,train,SCRIPTED:OP3,1,3,2,1,18,0.19999998807907104,1,0,2,11.0,9.903067694769966,1.5,0.5,0.0017843246459960938,0.014999999664723873,1.0,100.0,-0.019999999552965164,0.5800384283065796
3233,59960,3,1351,1,OP3,FIXED_OPPONENT,train,SCRIPTED:OP3,1,3,2,1,18,0.19999998807907104,1,0,1,11.0,9.735003153483072,1.5,0.5,-0.016009211540222168,0.014999999664723873,1.0,100.0,0.0,0.5827710628509521
3234,60000,3,1356,3,OP3,FIXED_OPPONENT,train,SCRIPTED:OP3,0,2,3,-1,15,0.3199999928474426,1,0,0,11.0,11.726786295572916,-1.2000000476837158,0.0,0.004408702254295349,0.0,0.0,0.0,0.0,-0.2604473829269409
3235,60016,3,1358,2,OP3,FIXED_OPPONENT,train,SCRIPTED:OP3,0,1,3,-2,17,0.19999998807907104,0,1,5,11.0,10.508481193991269,-1.2000000476837158,0.0,-9.270012378692627e-05,0.019999999552965164,0.0,0.0,-0.019999999552965164,-0.2643292546272278
3236,60024,3,1359,1,OP3,FIXED_OPPONENT,train,SCRIPTED:OP3,0,2,3,-1,19,0.1599999964237213,1,0,2,13.0,11.201254593698602,-1.2000000476837158,-0.5,0.0022561997175216675,0.019999999552965164,-1.0,-100.0,0.0,-0.5367680788040161
3237,60064,3,1364,3,OP3,FIXED_OPPONENT,train,SCRIPTED:OP3,1,3,2,1,19,0.23999999463558197,1,0,1,11.0,10.000744468287417,1.5,0.5,-0.010115712881088257,0.014999999664723873,1.0,100.0,0.0,0.5828403234481812
3238,60072,3,1365,2,OP3,FIXED_OPPONENT,train,SCRIPTED:OP3,0,1,3,-2,15,0.23999999463558197,1,0,0,11.0,12.123230997721354,-1.2000000476837158,-0.5,0.0006936788558959961,0.019999999552965164,-1.0,-100.0,0.0,-0.5367878079414368
3239,60096,3,1368,1,OP3,FIXED_OPPONENT,train,SCRIPTED:OP3,0,2,3,-1,18,0.35999998450279236,1,0,1,12.0,9.968123541937935,-1.2000000476837158,-0.4000000059604645,-0.00711233913898468,0.0,-1.0,-100.0,0.0,-0.521140456199646
3240,60112,3,1370,2,OP3,FIXED_OPPONENT,train,SCRIPTED:OP3,0,1,3,-2,19,0.23999999463558197,1,0,2,12.0,11.3252097681949,-1.2000000476837158,-0.5,-0.0014684051275253296,0.019999999552965164,-1.0,-100.0,-0.019999999552965164,-0.5399712324142456
3241,60128,3,1372,3,OP3,FIXED_OPPONENT,train,SCRIPTED:OP3,1,3,2,1,21,0.2800000011920929,1,0,3,14.0,9.540968395414806,1.5,0.4000000059604645,-0.009832695126533508,0.014999999664723873,1.0,100.0,0.0,0.5679804086685181
3242,60144,3,1374,1,OP3,FIXED_OPPONENT,train,SCRIPTED:OP3,1,3,2,1,18,0.1599999964237213,1,0,1,12.0,11.620601230197483,1.5,0.4000000059604645,0.005895063281059265,0.029999999329447746,1.0,100.0,0.0,0.5683503150939941
3243,60168,3,1377,1,OP3,FIXED_OPPONENT,train,SCRIPTED:OP3,1,3,2,1,18,0.11999999731779099,1,0,0,11.0,10.890736050075954,1.5,0.5,0.004951149225234985,0.029999999329447746,1.0,100.0,0.0,0.5831931829452515
3244,60176,3,1378,1,OP3,FIXED_OPPONENT,train,SCRIPTED:OP3,1,3,2,1,20,0.1599999964237213,1,0,2,12.0,11.063032531738282,1.5,0.5,-0.00251924991607666,0.014999999664723873,1.0,100.0,-0.019999999552965164,0.579987645149231
3245,60200,3,1381,2,OP3,FIXED_OPPONENT,train,SCRIPTED:OP3,1,3,1,2,16,0.1599999964237213,1,0,0,12.0,13.080207824707031,1.5,0.4000000059604645,-0.009193755686283112,0.029999999329447746,1.0,100.0,-0.019999999552965164,0.5651513338088989
3246,60216,3,1383,3,OP3,FIXED_OPPONENT,train,SCRIPTED:OP3,1,3,2,1,19,0.2800000011920929,1,0,3,12.0,10.47494908383018,1.5,0.5,-0.006099686026573181,0.029999999329447746,1.0,100.0,-0.019999999552965164,0.5801223516464233
3247,60248,3,1387,1,OP3,FIXED_OPPONENT,train,SCRIPTED:OP3,0,2,3,-1,17,0.3199999928474426,1,0,3,11.0,11.632909438189339,-1.2000000476837158,-0.4000000059604645,-0.01053890585899353,0.0,-1.0,-100.0,0.0,-0.5211848616600037
3248,60248,3,1387,1,OP3,FIXED_OPPONENT,train,SCRIPTED:OP3,1,3,2,1,19,0.2800000011920929,1,0,2,12.0,9.805542795281662,1.5,0.5,-0.028064876794815063,0.029999999329447746,1.0,100.0,0.0,0.5828056335449219
3249,60264,3,1389,2,OP3,FIXED_OPPONENT,train,SCRIPTED:OP3,1,3,2,1,17,0.1599999964237213,1,0,2,11.0,10.797535615808824,1.5,1.0,-0.009232178330421448,0.029999999329447746,2.0,200.0,0.0,0.7617491483688354
3250,60288,3,1392,3,OP3,FIXED_OPPONENT,train,SCRIPTED:OP3,0,2,3,-1,18,0.1599999964237213,1,0,1,11.0,11.761802673339844,-1.2000000476837158,-0.5,-0.004264384508132935,0.0,-1.0,-100.0,-0.019999999552965164,-0.5402582883834839
3251,60312,3,1395,3,OP3,FIXED_OPPONENT,train,SCRIPTED:OP3,0,2,3,-1,18,0.19999998807907104,1,0,3,11.0,11.301908704969618,-1.2000000476837158,-0.5,0.014402970671653748,0.019999999552965164,-1.0,-100.0,0.0,-0.5366142988204956
3252,60320,3,1396,2,OP3,FIXED_OPPONENT,train,SCRIPTED:OP3,1,3,2,1,18,0.2800000011920929,1,0,2,11.0,10.44075181749132,1.5,0.5,-0.005822524428367615,0.029999999329447746,1.0,100.0,0.0,0.5830667018890381
3253,60344,3,1399,0,OP3,FIXED_OPPONENT,train,SCRIPTED:OP3,1,3,2,1,18,0.2800000011920929,1,0,0,12.0,9.609248691134983,1.5,0.5,-0.011324018239974976,0.014999999664723873,1.0,100.0,-0.019999999552965164,0.5798838138580322
3254,60360,3,1401,2,OP3,FIXED_OPPONENT,train,SCRIPTED:OP3,0,2,3,-1,18,0.19999998807907104,1,0,2,11.0,12.647626241048178,-1.2000000476837158,-0.5,-0.0012729763984680176,0.019999999552965164,-1.0,-100.0,0.0,-0.5368127226829529
3255,60392,3,1405,3,OP3,FIXED_OPPONENT,train,SCRIPTED:OP3,1,3,2,1,18,0.11999999731779099,1,0,2,11.0,10.286530388726128,1.5,0.4000000059604645,-0.008854404091835022,0.029999999329447746,1.0,100.0,-0.019999999552965164,0.5651555061340332
3256,60400,3,1406,2,OP3,FIXED_OPPONENT,train,SCRIPTED:OP3,0,2,3,-1,19,0.2800000011920929,1,0,3,12.0,10.85384730288857,-1.2000000476837158,-0.5,-0.010603338479995728,0.0,-1.0,-100.0,0.0,-0.5371837019920349
3257,60416,3,1408,0,OP3,FIXED_OPPONENT,train,SCRIPTED:OP3,0,3,3,0,19,0.23999999463558197,1,0,1,12.0,11.140098973324424,-0.699999988079071,0.0,0.007264301180839539,0.0,0.0,0.0,-0.019999999552965164,-0.1585226058959961
3258,60432,3,1410,1,OP3,FIXED_OPPONENT,train,SCRIPTED:OP3,0,2,3,-1,15,0.2800000011920929,1,0,2,11.0,11.13857421875,-1.2000000476837158,-0.5,-0.003000393509864807,0.0,-1.0,-100.0,-0.019999999552965164,-0.5402423739433289
3259,60440,3,1411,1,OP3,FIXED_OPPONENT,train,SCRIPTED:OP3,1,3,2,1,19,0.2800000011920929,1,0,2,12.0,11.189058805766859,1.5,0.5,-0.020274236798286438,0.029999999329447746,1.0,100.0,0.0,0.5828971266746521
3260,60448,3,1412,0,OP3,FIXED_OPPONENT,train,SCRIPTED:OP3,1,3,1,2,16,0.23999999463558197,1,0,0,11.0,11.040679931640625,1.5,0.5,0.027063146233558655,0.014999999664723873,1.0,100.0,-0.019999999552965164,0.5803365111351013
3261,60488,3,1417,2,OP3,FIXED_OPPONENT,train,SCRIPTED:OP3,0,2,3,-1,18,0.19999998807907104,1,0,0,11.0,11.296839396158854,-1.2000000476837158,-0.5,0.011059924960136414,0.019999999552965164,-1.0,-100.0,-0.019999999552965164,-0.5398134589195251
3262,60496,3,1418,0,OP3,FIXED_OPPONENT,train,SCRIPTED:OP3,0,2,3,-1,17,0.11999999731779099,1,0,0,11.0,11.450385598575368,-1.2000000476837158,-0.4000000059604645,-0.010257437825202942,0.019999999552965164,-1.0,-100.0,0.0,-0.5209221839904785
3263,60544,3,1424,0,OP3,FIXED_OPPONENT,train,SCRIPTED:OP3,0,3,3,0,19,0.35999998450279236,1,0,0,11.0,10.44046422054893,-0.699999988079071,0.0,-0.010499566793441772,0.0,0.0,0.0,0.0,-0.15449510514736176
3264,60560,3,1426,1,OP3,FIXED_OPPONENT,train,SCRIPTED:OP3,1,3,2,1,20,0.1599999964237213,1,0,0,13.0,11.998068237304688,1.5,0.5,0.023234054446220398,0.029999999329447746,1.0,100.0,0.0,0.5834075212478638
3265,60568,3,1427,1,OP3,FIXED_OPPONENT,train,SCRIPTED:OP3,0,2,3,-1,19,0.23999999463558197,1,0,0,11.0,9.643631784539474,-1.2000000476837158,-0.5,0.009373843669891357,0.019999999552965164,-1.0,-100.0,-0.019999999552965164,-0.5398346781730652
3266,60576,3,1428,3,OP3,FIXED_OPPONENT,train,SCRIPTED:OP3,1,3,1,2,17,0.2800000011920929,1,0,0,12.0,9.209570492015166,1.5,0.5,-0.0013185590505599976,0.014999999664723873,1.0,100.0,0.0,0.5829435586929321
3267,60576,3,1428,2,OP3,FIXED_OPPONENT,train,SCRIPTED:OP3,0,2,3,-1,18,0.19999998807907104,1,0,1,11.0,10.297242906358507,-1.2000000476837158,-0.5,-0.0047261714935302734,0.019999999552965164,-1.0,-100.0,-0.019999999552965164,-0.5400123000144958
3268,60584,3,1429,1,OP3,FIXED_OPPONENT,train,SCRIPTED:OP3,0,2,3,-1,17,0.11999999731779099,1,0,3,11.0,8.540872910443474,-1.2000000476837158,-0.5,-0.00034956634044647217,0.019999999552965164,-1.0,-100.0,0.0,-0.5368010401725769
3269,60632,3,1435,1,OP3,FIXED_OPPONENT,train,SCRIPTED:OP3,1,3,2,1,18,0.11999999731779099,1,0,3,11.0,11.293548583984375,1.5,1.0,-0.04267066717147827,0.029999999329447746,2.0,200.0,-0.019999999552965164,0.759626030921936
3270,60680,3,1441,3,OP3,FIXED_OPPONENT,train,SCRIPTED:OP3,0,3,3,0,23,0.23999999463558197,0,1,5,15.0,10.626844323199728,-0.699999988079071,0.0,0.002937018871307373,0.0,0.0,0.0,0.0,-0.15426193177700043
3271,60696,3,1443,1,OP3,FIXED_OPPONENT,train,SCRIPTED:OP3,1,3,2,1,19,0.2800000011920929,1,0,4,12.0,10.327659205386514,1.5,0.5,0.0035590529441833496,0.029999999329447746,1.0,100.0,0.0,0.583176851272583
3272,60712,3,1445,0,OP3,FIXED_OPPONENT,train,SCRIPTED:OP3,0,2,3,-1,19,0.3199999928474426,1,0,2,12.0,9.997790687962583,-1.2000000476837158,0.0,-0.01173381507396698,0.019999999552965164,0.0,0.0,-0.019999999552965164,-0.2645217478275299
3273,60728,3,1447,0,OP3,FIXED_OPPONENT,train,SCRIPTED:OP3,1,3,2,1,18,0.23999999463558197,1,0,6,11.0,9.870153639051649,1.5,0.8999999761581421,-0.007945999503135681,0.029999999329447746,2.0,200.0,-0.019999999552965164,0.7503368854522705
3274,60728,3,1447,2,OP3,FIXED_OPPONENT,train,SCRIPTED:OP3,0,2,3,-1,19,0.35999998450279236,1,0,6,12.0,9.319474872789884,-1.2000000476837158,0.0,-0.008230254054069519,0.019999999552965164,0.0,0.0,-0.019999999552965164,-0.2644638121128082
3275,60736,3,1448,2,OP3,FIXED_OPPONENT,train,SCRIPTED:OP3,0,2,3,-1,20,0.23999999463558197,1,0,2,13.0,10.768765258789063,-1.2000000476837158,-0.5,-0.008410632610321045,0.0,-1.0,-100.0,-0.019999999552965164,-0.5403104424476624
3276,60744,3,1449,0,OP3,FIXED_OPPONENT,train,SCRIPTED:OP3,1,3,2,1,22,0.2800000011920929,1,0,4,15.0,9.414314963600852,1.5,0.5,-0.01794426143169403,0.029999999329447746,1.0,100.0,0.0,0.582924485206604
3277,60800,3,1456,3,OP3,FIXED_OPPONENT,train,SCRIPTED:OP3,1,3,2,1,21,0.19999998807907104,0,2,1,13.0,10.06258791968936,1.5,0.5,0.016272902488708496,0.029999999329447746,1.0,100.0,0.0,0.583325982093811
3278,60840,3,1461,3,OP3,FIXED_OPPONENT,train,SCRIPTED:OP3,1,3,2,1,20,0.2800000011920929,1,0,2,13.0,10.396363067626954,1.5,0.5,-0.011293426156044006,0.029999999329447746,1.0,100.0,-0.019999999552965164,0.580061137676239
3279,60840,3,1461,3,OP3,FIXED_OPPONENT,train,SCRIPTED:OP3,1,3,2,1,16,0.1599999964237213,1,0,8,11.0,8.788838386535645,1.5,0.8999999761581421,-0.007011666893959045,0.029999999329447746,2.0,200.0,-0.019999999552965164,0.7503440976142883
3280,60864,3,1464,3,OP3,FIXED_OPPONENT,train,SCRIPTED:OP3,1,3,2,1,21,0.19999998807907104,1,0,6,11.0,10.40455554780506,1.5,0.5,-0.02333933860063553,0.029999999329447746,1.0,100.0,0.0,0.582861065864563
3281,60872,3,1465,3,OP3,FIXED_OPPONENT,train,SCRIPTED:OP3,1,3,2,1,16,0.19999998807907104,1,0,0,11.0,10.360532760620117,1.5,0.5,0.012317702174186707,0.029999999329447746,1.0,100.0,0.0,0.5832794904708862
3282,60872,3,1465,2,OP3,FIXED_OPPONENT,train,SCRIPTED:OP3,1,3,2,1,18,0.19999998807907104,1,0,0,11.0,11.495763990614149,1.5,0.4000000059604645,-0.009039610624313354,0.029999999329447746,1.0,100.0,-0.019999999552965164,0.565153181552887
3283,60880,3,1466,2,OP3,FIXED_OPPONENT,train,SCRIPTED:OP3,0,2,3,-1,18,0.3199999928474426,1,0,1,12.0,9.882562425401476,-1.2000000476837158,-0.5,-0.004985436797142029,0.0,-1.0,-100.0,-0.019999999552965164,-0.5402673482894897
3284,60880,3,1466,1,OP3,FIXED_OPPONENT,train,SCRIPTED:OP3,0,2,3,-1,19,0.3199999928474426,1,0,1,12.0,11.173318160207648,-1.2000000476837158,-0.5,-0.0048537105321884155,0.0,-1.0,-100.0,-0.019999999552965164,-0.540265679359436
3285,60960,3,1476,2,OP3,FIXED_OPPONENT,train,SCRIPTED:OP3,0,3,3,0,20,0.23999999463558197,1,0,1,11.0,12.298452758789063,-0.699999988079071,0.0,0.0051802098751068115,0.0,0.0,0.0,0.0,-0.1542229950428009
3286,60992,3,1480,1,OP3,FIXED_OPPONENT,train,SCRIPTED:OP3,1,3,2,1,19,0.2800000011920929,1,0,3,12.0,10.569773623817845,1.5,0.4000000059604645,3.8117170333862305e-05,0.029999999329447746,1.0,100.0,0.0,0.5682797431945801
3287,61000,3,1481,1,OP3,FIXED_OPPONENT,train,SCRIPTED:OP3,0,2,3,-1,20,0.1599999964237213,1,0,4,13.0,9.875016784667968,-1.2000000476837158,-0.4000000059604645,-0.01015809178352356,0.019999999552965164,-1.0,-100.0,-0.019999999552965164,-0.5241518020629883
3288,61016,3,1483,3,OP3,FIXED_OPPONENT,train,SCRIPTED:OP3,0,2,3,-1,18,0.23999999463558197,1,0,1,11.0,10.526566399468315,-1.2000000476837158,-0.5,0.013101145625114441,0.019999999552965164,-1.0,-100.0,0.0,-0.5366307497024536
3289,61016,3,1483,2,OP3,FIXED_OPPONENT,train,SCRIPTED:OP3,1,3,2,1,18,0.23999999463558197,1,0,6,11.0,9.298018561469185,1.5,0.0,0.008264869451522827,0.0,0.0,0.0,-0.019999999552965164,0.3176541030406952
3290,61024,3,1484,1,OP3,FIXED_OPPONENT,train,SCRIPTED:OP3,0,3,3,0,20,0.23999999463558197,1,0,1,12.0,10.73373031616211,-0.699999988079071,0.0,-0.007112428545951843,0.0,0.0,0.0,-0.019999999552965164,-0.15877175331115723
3291,61032,3,1485,3,OP3,FIXED_OPPONENT,train,SCRIPTED:OP3,1,3,1,2,19,0.23999999463558197,1,0,3,12.0,9.362805015162417,1.5,0.5,-0.018195852637290955,0.029999999329447746,1.0,100.0,-0.019999999552965164,0.579979658126831
3292,61040,3,1486,2,OP3,FIXED_OPPONENT,train,SCRIPTED:OP3,0,2,3,-1,20,0.3199999928474426,1,0,2,12.0,11.056013488769532,-1.2000000476837158,0.0,-0.004626154899597168,0.019999999552965164,0.0,0.0,-0.019999999552965164,-0.2644042372703552
3293,61104,3,1494,0,OP3,FIXED_OPPONENT,train,SCRIPTED:OP3,1,3,1,2,18,0.3199999928474426,1,0,2,11.0,10.026688469780815,1.5,0.5,-0.0187365859746933,0.014999999664723873,1.0,100.0,0.0,0.5827391147613525
3294,61136,3,1498,1,OP3,FIXED_OPPONENT,train,SCRIPTED:OP3,0,2,3,-1,18,0.23999999463558197,0,1,3,11.0,10.698002285427517,-1.2000000476837158,-0.5,0.010554090142250061,0.019999999552965164,-1.0,-100.0,0.0,-0.5366629958152771
3295,61152,3,1500,0,OP3,FIXED_OPPONENT,train,SCRIPTED:OP3,1,3,2,1,19,0.23999999463558197,1,0,3,12.0,10.752655832391037,1.5,0.5,-0.022616803646087646,0.029999999329447746,1.0,100.0,0.0,0.5828696489334106
3296,61160,3,1501,1,OP3,FIXED_OPPONENT,train,SCRIPTED:OP3,1,3,2,1,18,0.2800000011920929,1,0,2,11.0,11.010080973307291,1.5,0.5,-0.02516208589076996,0.029999999329447746,1.0,100.0,-0.019999999552965164,0.5798975229263306
3297,61160,3,1501,3,OP3,FIXED_OPPONENT,train,SCRIPTED:OP3,0,2,3,-1,18,0.23999999463558197,1,0,9,11.0,9.57664065890842,-1.2000000476837158,-0.5,0.004791364073753357,0.019999999552965164,-1.0,-100.0,0.0,-0.5367359519004822
3298,61176,3,1503,2,OP3,FIXED_OPPONENT,train,SCRIPTED:OP3,0,2,3,-1,18,0.1599999964237213,1,0,8,11.0,10.028191460503471,-1.2000000476837158,-0.5,0.010240957140922546,0.019999999552965164,-1.0,-100.0,0.0,-0.536666989326477
3299,61176,3,1503,2,OP3,FIXED_OPPONENT,train,SCRIPTED:OP3,0,2,3,-1,17,0.23999999463558197,1,0,3,11.0,9.822226131663603,-1.2000000476837158,-0.5,-0.0058136433362960815,0.0,-1.0,-100.0,0.0,-0.5371231436729431
3300,61184,3,1504,1,OP3,FIXED_OPPONENT,train,SCRIPTED:OP3,0,2,3,-1,20,0.19999998807907104,1,0,3,13.0,10.020684051513673,-1.2000000476837158,-0.5,0.014554187655448914,0.0,-1.0,-100.0,-0.019999999552965164,-0.5400214195251465
3301,61264,3,1514,2,OP3,FIXED_OPPONENT,train,SCRIPTED:OP3,0,2,3,-1,20,0.23999999463558197,1,0,1,12.0,10.304863739013673,-1.2000000476837158,-0.5,0.01177796721458435,0.019999999552965164,-1.0,-100.0,0.0,-0.5366475582122803
3302,61288,3,1517,1,OP3,FIXED_OPPONENT,train,SCRIPTED:OP3,1,3,2,1,19,0.19999998807907104,1,0,2,11.0,11.657575105365954,1.5,0.5,-0.011752337217330933,0.029999999329447746,1.0,100.0,0.0,0.5829970836639404
3303,61296,3,1518,1,OP3,FIXED_OPPONENT,train,SCRIPTED:OP3,0,1,3,-2,15,0.23999999463558197,1,0,1,11.0,11.751040649414062,-1.2000000476837158,-0.5,-0.0038803964853286743,0.0,-1.0,-100.0,-0.019999999552965164,-0.5402534604072571
3304,61296,3,1518,2,OP3,FIXED_OPPONENT,train,SCRIPTED:OP3,0,2,3,-1,18,0.23999999463558197,1,0,4,12.0,10.23386976453993,-1.2000000476837158,-0.5,0.0010630935430526733,0.0,-1.0,-100.0,0.0,-0.5370361804962158
3305,61304,3,1519,2,OP3,FIXED_OPPONENT,train,SCRIPTED:OP3,0,3,3,0,18,0.19999998807907104,1,0,3,11.0,10.460958692762587,-0.699999988079071,0.0,-0.0005090385675430298,0.0,0.0,0.0,0.0,-0.15432174503803253
3306,61304,3,1519,1,OP3,FIXED_OPPONENT,train,SCRIPTED:OP3,0,3,3,0,18,0.2800000011920929,1,0,1,11.0,10.686975267198351,-0.699999988079071,0.0,-0.0007170736789703369,0.0,0.0,0.0,0.0,-0.15432535111904144
3307,61320,3,1521,1,OP3,FIXED_OPPONENT,train,SCRIPTED:OP3,1,3,2,1,17,0.23999999463558197,1,0,0,11.0,10.453983082490808,1.5,0.5,-0.01532001793384552,0.029999999329447746,1.0,100.0,0.0,0.5829552412033081
3308,61320,3,1521,0,OP3,FIXED_OPPONENT,train,SCRIPTED:OP3,0,2,3,-1,18,0.23999999463558197,1,0,4,11.0,11.000647650824654,-1.2000000476837158,0.0,0.0014878436923027039,0.0,0.0,0.0,0.0,-0.2604958117008209
3309,61408,3,1532,2,OP3,FIXED_OPPONENT,train,SCRIPTED:OP3,1,3,2,1,18,0.1599999964237213,1,0,0,11.0,9.813265482584635,1.5,0.5,-0.029108569025993347,0.029999999329447746,1.0,100.0,0.0,0.5827934741973877
3310,61432,3,1535,1,OP3,FIXED_OPPONENT,train,SCRIPTED:OP3,1,3,2,1,18,0.19999998807907104,1,0,1,11.0,10.751731872558594,1.5,0.5,-0.0008511096239089966,0.029999999329447746,1.0,100.0,0.0,0.5831250548362732
3311,61440,3,1536,0,OP3,FIXED_OPPONENT,train,SCRIPTED:OP3,0,2,3,-1,18,0.1599999964237213,1,0,0,12.0,11.2999267578125,-1.2000000476837158,-0.5,-0.00826890766620636,0.019999999552965164,-1.0,-100.0,0.0,-0.5369011759757996
3312,61456,3,1538,2,OP3,FIXED_OPPONENT,train,SCRIPTED:OP3,1,3,2,1,19,0.3199999928474426,1,0,2,12.0,9.612030832391037,1.5,0.5,0.010922402143478394,0.029999999329447746,1.0,100.0,0.0,0.5832631587982178
3313,61456,3,1538,3,OP3,FIXED_OPPONENT,train,SCRIPTED:OP3,0,2,3,-1,19,0.3199999928474426,1,0,4,12.0,10.017097071597451,-1.2000000476837158,-0.5,-0.008621171116828918,0.0,-1.0,-100.0,0.0,-0.5371586084365845
3314,61464,3,1539,0,OP3,FIXED_OPPONENT,train,SCRIPTED:OP3,0,3,3,0,21,0.1599999964237213,1,0,1,14.0,10.330324445452009,-0.699999988079071,0.0,-0.004411652684211731,0.0,0.0,0.0,0.0,-0.15438947081565857
3315,61464,3,1539,3,OP3,FIXED_OPPONENT,train,SCRIPTED:OP3,0,2,3,-1,18,0.2800000011920929,1,0,2,12.0,9.903260972764757,-1.2000000476837158,-0.5,0.00625215470790863,0.019999999552965164,-1.0,-100.0,0.0,-0.5367174744606018
3316,61480,3,1541,3,OP3,FIXED_OPPONENT,train,SCRIPTED:OP3,0,3,3,0,20,0.1599999964237213,1,0,0,12.0,11.666871643066406,-0.699999988079071,0.0,-0.009039752185344696,0.0,0.0,0.0,-0.019999999552965164,-0.15880517661571503
3317,61552,3,1550,1,OP3,FIXED_OPPONENT,train,SCRIPTED:OP3,1,3,2,1,18,0.3199999928474426,1,0,4,11.0,8.715661790635851,1.5,0.5,-0.000822022557258606,0.029999999329447746,1.0,100.0,0.0,0.5831254124641418
3318,61576,3,1553,3,OP3,FIXED_OPPONENT,train,SCRIPTED:OP3,1,3,1,2,15,0.35999998450279236,1,0,3,11.0,10.385428873697917,1.5,0.5,0.017705008387565613,0.014999999664723873,1.0,100.0,0.0,0.5831667184829712
3319,61592,3,1555,0,OP3,FIXED_OPPONENT,train,SCRIPTED:OP3,0,3,3,0,19,0.1599999964237213,1,0,1,12.0,10.06555818256579,-0.699999988079071,0.0,-0.002291351556777954,0.0,0.0,0.0,0.0,-0.15435266494750977
3320,61600,3,1556,3,OP3,FIXED_OPPONENT,train,SCRIPTED:OP3,1,3,1,2,18,0.35999998450279236,1,0,1,11.0,10.698925442165798,1.5,0.5,0.00917808711528778,0.014999999664723873,1.0,100.0,0.0,0.5830667018890381
3321,61600,3,1556,2,OP3,FIXED_OPPONENT,train,SCRIPTED:OP3,0,2,3,-1,21,0.1599999964237213,1,0,4,11.0,10.793292817615328,-1.2000000476837158,-0.5,-0.009072676301002502,0.019999999552965164,-1.0,-100.0,-0.019999999552965164,-0.5400669574737549
3322,61608,3,1557,1,OP3,FIXED_OPPONENT,train,SCRIPTED:OP3,0,3,3,0,18,0.2800000011920929,1,0,0,12.0,12.240179273817274,-0.699999988079071,0.0,0.00345592200756073,0.0,0.0,0.0,0.0,-0.15425293147563934
3323,61608,3,1557,1,OP3,FIXED_OPPONENT,train,SCRIPTED:OP3,1,3,1,2,18,0.35999998450279236,1,0,0,11.0,11.127254062228733,1.5,0.5,-0.009678229689598083,0.014999999664723873,1.0,100.0,0.0,0.5828454494476318
3324,61624,3,1559,1,OP3,FIXED_OPPONENT,train,SCRIPTED:OP3,1,3,2,1,18,0.19999998807907104,1,0,1,11.0,11.067705790201822,1.5,0.4000000059604645,-0.00949983298778534,0.029999999329447746,1.0,100.0,0.0,0.5681649446487427
3325,61696,3,1568,3,OP3,FIXED_OPPONENT,train,SCRIPTED:OP3,1,3,2,1,18,0.2800000011920929,1,0,1,11.0,11.081232706705729,1.5,0.4000000059604645,-0.008870966732501984,0.029999999329447746,1.0,100.0,-0.019999999552965164,0.5651552081108093
3326,61728,3,1572,0,OP3,FIXED_OPPONENT,train,SCRIPTED:OP3,1,3,2,1,19,0.23999999463558197,1,0,4,12.0,10.763592368678042,1.5,0.5,-0.0035880282521247864,0.029999999329447746,1.0,100.0,0.0,0.5830929279327393
3327,61744,3,1574,1,OP3,FIXED_OPPONENT,train,SCRIPTED:OP3,0,2,3,-1,18,0.2800000011920929,1,0,2,12.0,10.653834025065104,-1.2000000476837158,-0.5,0.0063927024602890015,0.0,-1.0,-100.0,-0.019999999552965164,-0.5401241779327393
3328,61744,3,1574,3,OP3,FIXED_OPPONENT,train,SCRIPTED:OP3,1,3,2,1,19,0.35999998450279236,1,0,2,12.0,9.027327688116776,1.5,0.0,-0.010136395692825317,0.0,0.0,0.0,-0.019999999552965164,0.317359983921051
3329,61744,3,1574,3,OP3,FIXED_OPPONENT,train,SCRIPTED:OP3,1,3,2,1,18,0.19999998807907104,1,0,2,13.0,10.925704108344185,1.5,0.5,-0.00720842182636261,0.029999999329447746,1.0,100.0,-0.019999999552965164,0.5801093578338623
3330,61752,3,1575,2,OP3,FIXED_OPPONENT,train,SCRIPTED:OP3,0,2,3,-1,18,0.19999998807907104,1,0,9,11.0,9.036441379123264,-1.2000000476837158,-0.4000000059604645,-0.002766236662864685,0.019999999552965164,-1.0,-100.0,0.0,-0.5208251476287842
3331,61760,3,1576,2,OP3,FIXED_OPPONENT,train,SCRIPTED:OP3,0,2,3,-1,19,0.2800000011920929,1,0,3,12.0,9.559917249177632,-1.2000000476837158,-0.5,-0.009550616145133972,0.019999999552965164,-1.0,-100.0,0.0,-0.5369174480438232
3332,61768,3,1577,0,OP3,FIXED_OPPONENT,train,SCRIPTED:OP3,0,2,3,-1,18,0.19999998807907104,1,0,1,11.0,10.292490641276041,-1.2000000476837158,-0.4000000059604645,-0.01059257984161377,0.0,-1.0,-100.0,0.0,-0.5211855173110962
3333,61824,3,1584,2,OP3,FIXED_OPPONENT,train,SCRIPTED:OP3,1,3,1,2,16,0.35999998450279236,1,0,2,11.0,9.532121658325195,1.5,0.5,0.014125645160675049,0.02499999850988388,1.0,100.0,-0.03999999910593033,0.5773465633392334
3334,61864,3,1589,3,OP3,FIXED_OPPONENT,train,SCRIPTED:OP3,1,3,2,1,17,0.3199999928474426,1,0,0,11.0,10.082380406996784,1.5,0.4000000059604645,0.006238013505935669,0.014999999664723873,1.0,100.0,0.0,0.568173885345459
3335,61872,3,1590,2,OP3,FIXED_OPPONENT,train,SCRIPTED:OP3,1,3,1,2,15,0.23999999463558197,1,0,1,11.0,9.856626383463542,1.5,0.5,0.01884816586971283,0.014999999664723873,1.0,100.0,-0.03999999910593033,0.5772839784622192
3336,61888,3,1592,3,OP3,FIXED_OPPONENT,train,SCRIPTED:OP3,1,3,2,1,18,0.3199999928474426,1,0,2,11.0,10.339634365505642,1.5,0.5,-0.015532076358795166,0.014999999664723873,1.0,100.0,0.0,0.582776665687561
3337,61896,3,1593,1,OP3,FIXED_OPPONENT,train,SCRIPTED:OP3,0,2,3,-1,16,0.2800000011920929,1,0,0,11.0,10.484806060791016,-1.2000000476837158,-0.4000000059604645,0.00833919644355774,0.0,-1.0,-100.0,-0.019999999552965164,-0.5241711735725403
3338,61896,3,1593,1,OP3,FIXED_OPPONENT,train,SCRIPTED:OP3,1,3,2,1,19,0.35999998450279236,1,0,1,12.0,9.97310999820107,1.5,0.4000000059604645,-0.009912505745887756,0.014999999664723873,1.0,100.0,0.0,0.5679793953895569
3339,61920,3,1596,2,OP3,FIXED_OPPONENT,train,SCRIPTED:OP3,0,3,3,0,20,0.3199999928474426,1,0,3,11.0,9.925870513916015,-0.699999988079071,0.0,0.007975757122039795,0.0,0.0,0.0,-0.019999999552965164,-0.15851028263568878
3340,61920,3,1596,1,OP3,FIXED_OPPONENT,train,SCRIPTED:OP3,1,3,2,1,22,0.35999998450279236,1,0,1,13.0,9.818946838378906,1.5,0.5,-0.008373469114303589,0.014999999664723873,1.0,100.0,0.0,0.5828607082366943
3341,61976,3,1603,2,OP3,FIXED_OPPONENT,train,SCRIPTED:OP3,1,3,2,1,19,0.23999999463558197,1,0,2,12.0,9.80771195261102,1.5,0.0,0.006419569253921509,0.0,0.0,0.0,0.0,0.3216150104999542
3342,62008,3,1607,2,OP3,FIXED_OPPONENT,train,SCRIPTED:OP3,1,3,2,1,18,0.2800000011920929,1,0,0,11.0,10.790157741970486,1.5,0.5,0.024250417947769165,0.014999999664723873,1.0,100.0,0.0,0.5832434892654419
3343,62032,3,1610,0,OP3,FIXED_OPPONENT,train,SCRIPTED:OP3,1,3,1,2,18,0.2800000011920929,1,0,0,11.0,11.019402398003471,1.5,0.5,0.009693041443824768,0.014999999664723873,1.0,100.0,-0.019999999552965164,0.5801317691802979
3344,62032,3,1610,1,OP3,FIXED_OPPONENT,train,SCRIPTED:OP3,1,3,2,1,20,0.2800000011920929,1,0,2,13.0,11.273918151855469,1.5,0.5,-0.008961603045463562,0.029999999329447746,1.0,100.0,-0.019999999552965164,0.5800886154174805
3345,62040,3,1611,1,OP3,FIXED_OPPONENT,train,SCRIPTED:OP3,1,3,2,1,18,0.23999999463558197,1,0,3,11.0,10.596993340386284,1.5,0.0,0.0047471970319747925,0.0,0.0,0.0,-0.019999999552965164,0.317597895860672
3346,62064,3,1614,0,OP3,FIXED_OPPONENT,train,SCRIPTED:OP3,0,2,3,-1,18,0.1599999964237213,1,0,3,11.0,11.326379564073351,-1.2000000476837158,-0.4000000059604645,-0.010617837309837341,0.019999999552965164,-1.0,-100.0,0.0,-0.520926833152771
3347,62072,3,1615,0,OP3,FIXED_OPPONENT,train,SCRIPTED:OP3,0,2,3,-1,19,0.1599999964237213,1,0,3,12.0,11.362654033460116,-1.2000000476837158,-0.5,-0.00800427794456482,0.019999999552965164,-1.0,-100.0,-0.019999999552965164,-0.5400536060333252
3348,62072,3,1615,3,OP3,FIXED_OPPONENT,train,SCRIPTED:OP3,0,3,3,0,22,0.2800000011920929,1,0,1,15.0,10.641341469504617,-0.699999988079071,0.0,-0.002513103187084198,0.0,0.0,0.0,-0.019999999552965164,-0.15869206190109253
3349,62120,3,1621,1,OP3,FIXED_OPPONENT,train,SCRIPTED:OP3,1,3,2,1,18,0.1599999964237213,1,0,0,11.0,12.641520182291666,1.5,0.5,-0.016763925552368164,0.029999999329447746,1.0,100.0,-0.019999999552965164,0.5799965858459473
3350,62152,3,1625,3,OP3,FIXED_OPPONENT,train,SCRIPTED:OP3,1,3,2,1,18,0.19999998807907104,1,0,1,11.0,12.61171383327908,1.5,0.4000000059604645,-0.002544775605201721,0.029999999329447746,1.0,100.0,-0.019999999552965164,0.5652318000793457
3351,62168,3,1627,3,OP3,FIXED_OPPONENT,train,SCRIPTED:OP3,1,3,2,1,16,0.11999999731779099,1,0,0,12.0,11.217281341552734,1.5,0.4000000059604645,-0.004619762301445007,0.029999999329447746,1.0,100.0,-0.019999999552965164,0.5652067065238953
3352,62176,3,1628,2,OP3,FIXED_OPPONENT,train,SCRIPTED:OP3,1,3,2,1,18,0.1599999964237213,1,0,1,11.0,11.654296875,1.5,0.4000000059604645,-0.002998918294906616,0.029999999329447746,1.0,100.0,0.0,0.5682432651519775
3353,62192,3,1630,2,OP3,FIXED_OPPONENT,train,SCRIPTED:OP3,0,2,3,-1,20,0.3999999761581421,1,0,1,14.0,10.211711883544922,-1.2000000476837158,-0.5,0.01313069462776184,0.019999999552965164,-1.0,-100.0,-0.03999999910593033,-0.5429292917251587
3354,62200,3,1631,0,OP3,FIXED_OPPONENT,train,SCRIPTED:OP3,1,3,2,1,17,0.2800000011920929,1,0,3,11.0,10.137392829446231,1.5,0.5,-0.035291776061058044,0.029999999329447746,1.0,100.0,0.0,0.5827207565307617
3355,62224,3,1634,0,OP3,FIXED_OPPONENT,train,SCRIPTED:OP3,1,3,2,1,19,0.23999999463558197,1,0,2,11.0,8.943290308902139,1.5,0.5,-0.0027722567319869995,0.014999999664723873,1.0,100.0,-0.019999999552965164,0.5799846649169922
3356,62240,3,1636,1,OP3,FIXED_OPPONENT,train,SCRIPTED:OP3,1,3,2,1,21,0.35999998450279236,1,0,7,11.0,9.65269760858445,1.5,0.5,-0.031807541847229004,0.014999999664723873,1.0,100.0,0.0,0.5825855731964111
3357,62288,3,1642,1,OP3,FIXED_OPPONENT,train,SCRIPTED:OP3,1,3,2,1,17,0.11999999731779099,1,0,1,11.0,10.707119212431067,1.5,1.0,0.023368477821350098,0.029999999329447746,2.0,200.0,0.0,0.761992335319519
3358,62296,3,1643,0,OP3,FIXED_OPPONENT,train,SCRIPTED:OP3,0,3,3,0,22,0.3199999928474426,1,0,6,15.0,9.294998168945312,-0.699999988079071,0.0,0.0010273903608322144,0.0,0.0,0.0,-0.019999999552965164,-0.15863069891929626
3359,62296,3,1643,0,OP3,FIXED_OPPONENT,train,SCRIPTED:OP3,0,1,3,-2,16,0.07999999821186066,1,0,0,12.0,10.865362167358398,-1.2000000476837158,-0.5,0.015436291694641113,0.019999999552965164,-1.0,-100.0,-0.019999999552965164,-0.5397582650184631
3360,62336,3,1648,1,OP3,FIXED_OPPONENT,train,SCRIPTED:OP3,0,2,3,-1,20,0.19999998807907104,1,0,4,12.0,8.82755126953125,-1.2000000476837158,-0.5,0.005942106246948242,0.0,-1.0,-100.0,-0.019999999552965164,-0.5401297807693481
3361,62336,3,1648,0,OP3,FIXED_OPPONENT,train,SCRIPTED:OP3,0,2,3,-1,18,0.1599999964237213,1,0,0,11.0,10.532675849066841,-1.2000000476837158,-0.5,-0.0077913254499435425,0.019999999552965164,-1.0,-100.0,0.0,-0.5368951559066772
3362,62352,3,1650,1,OP3,FIXED_OPPONENT,train,SCRIPTED:OP3,1,3,2,1,19,0.3199999928474426,1,0,3,12.0,9.98518853438528,1.5,0.0,-0.010346725583076477,0.0,0.0,0.0,0.0,0.32134774327278137
3363,62376,3,1653,3,OP3,FIXED_OPPONENT,train,SCRIPTED:OP3,1,3,2,1,17,0.19999998807907104,1,0,2,12.0,11.82153948615579,1.5,0.5,0.009598344564437866,0.029999999329447746,1.0,100.0,0.0,0.5832476019859314
3364,62392,3,1655,2,OP3,FIXED_OPPONENT,train,SCRIPTED:OP3,0,3,3,0,21,0.2800000011920929,1,0,2,11.0,10.357879638671875,-0.699999988079071,0.0,0.007685571908950806,0.0,0.0,0.0,0.0,-0.15417952835559845
3365,62432,3,1660,3,OP3,FIXED_OPPONENT,train,SCRIPTED:OP3,0,2,3,-1,18,0.1599999964237213,1,0,2,11.0,9.498662312825521,-1.2000000476837158,-0.5,-0.008727774024009705,0.0,-1.0,-100.0,0.0,-0.5371600389480591
3366,62440,3,1661,0,OP3,FIXED_OPPONENT,train,SCRIPTED:OP3,0,2,3,-1,18,0.19999998807907104,1,0,3,11.0,10.17860327826606,-1.2000000476837158,-0.4000000059604645,-0.010158762335777283,0.019999999552965164,-1.0,-100.0,0.0,-0.5209208726882935
3367,62464,3,1664,0,OP3,FIXED_OPPONENT,train,SCRIPTED:OP3,0,2,3,-1,21,0.23999999463558197,1,0,2,14.0,10.889205206008185,-1.2000000476837158,-0.5,0.011251598596572876,0.019999999552965164,-1.0,-100.0,0.0,-0.5366541743278503
3368,62488,3,1667,1,OP3,FIXED_OPPONENT,train,SCRIPTED:OP3,1,3,2,1,19,0.2800000011920929,1,0,9,12.0,10.094811690481086,1.5,0.5,-0.02052462100982666,0.029999999329447746,1.0,100.0,0.0,0.5828942060470581
3369,62496,3,1668,3,OP3,FIXED_OPPONENT,train,SCRIPTED:OP3,0,2,3,-1,15,0.19999998807907104,1,0,0,11.0,11.999505615234375,-1.2000000476837158,0.0,-0.007220849394798279,0.0,0.0,0.0,0.0,-0.26064011454582214
3370,62496,3,1668,1,OP3,FIXED_OPPONENT,train,SCRIPTED:OP3,1,3,2,1,18,0.11999999731779099,1,0,4,12.0,10.482460869683159,1.5,0.4000000059604645,0.007430166006088257,0.029999999329447746,1.0,100.0,0.0,0.5683687925338745
3371,62496,3,1668,2,OP3,FIXED_OPPONENT,train,SCRIPTED:OP3,0,3,3,0,20,0.23999999463558197,1,0,1,13.0,10.576889038085938,-0.699999988079071,0.0,-0.0019576624035835266,0.0,0.0,0.0,0.0,-0.15434688329696655
3372,62536,3,1673,1,OP3,FIXED_OPPONENT,train,SCRIPTED:OP3,0,2,3,-1,18,0.1599999964237213,1,0,5,11.0,9.91647677951389,-1.2000000476837158,0.0,-0.0037994086742401123,0.0,0.0,0.0,-0.019999999552965164,-0.26472121477127075
3373,62584,3,1679,2,OP3,FIXED_OPPONENT,train,SCRIPTED:OP3,1,3,2,1,18,0.2800000011920929,1,0,0,12.0,9.984232584635416,1.5,0.4000000059604645,0.006331339478492737,0.014999999664723873,1.0,100.0,0.0,0.5681750178337097
3374,62592,3,1680,1,OP3,FIXED_OPPONENT,train,SCRIPTED:OP3,0,2,3,-1,20,0.3199999928474426,1,0,2,13.0,10.463156127929688,-1.2000000476837158,-0.5,0.009970784187316895,0.0,-1.0,-100.0,-0.019999999552965164,-0.5400791168212891
3375,62624,3,1684,0,OP3,FIXED_OPPONENT,train,SCRIPTED:OP3,0,2,3,-1,20,0.11999999731779099,1,0,4,11.0,10.005602264404297,-1.2000000476837158,-0.5,0.0019985586404800415,0.019999999552965164,-1.0,-100.0,-0.019999999552965164,-0.53992760181427
3376,62632,3,1685,1,OP3,FIXED_OPPONENT,train,SCRIPTED:OP3,1,3,1,2,18,0.3999999761581421,1,0,3,11.0,9.201442294650608,1.5,0.5,-0.0016035139560699463,0.014999999664723873,1.0,100.0,0.0,0.5829401612281799
3377,62640,3,1686,0,OP3,FIXED_OPPONENT,train,SCRIPTED:OP3,1,3,2,1,18,0.19999998807907104,1,0,4,11.0,9.809285481770834,1.5,0.0,0.00866052508354187,0.0,0.0,0.0,-0.019999999552965164,0.31766045093536377
3378,62656,3,1688,3,OP3,FIXED_OPPONENT,train,SCRIPTED:OP3,0,2,3,-1,20,0.2800000011920929,1,0,1,13.0,11.077412414550782,-1.2000000476837158,-0.5,-0.0027756690979003906,0.0,-1.0,-100.0,0.0,-0.5370845794677734
3379,62656,3,1688,0,OP3,FIXED_OPPONENT,train,SCRIPTED:OP3,1,3,2,1,20,0.19999998807907104,1,0,10,13.0,9.651415252685547,1.5,0.5,-0.004553765058517456,0.029999999329447746,1.0,100.0,0.0,0.5830816030502319
3380,62688,3,1692,0,OP3,FIXED_OPPONENT,train,SCRIPTED:OP3,1,3,1,2,19,0.2800000011920929,1,0,2,12.0,10.292815359015213,1.5,0.5,-0.003840833902359009,0.02499999850988388,1.0,100.0,0.0,0.5830312967300415
3381,62728,3,1697,3,OP3,FIXED_OPPONENT,train,SCRIPTED:OP3,0,2,3,-1,18,0.11999999731779099,1,0,0,11.0,11.81581539577908,-1.2000000476837158,-0.4000000059604645,-0.005728960037231445,0.019999999552965164,-1.0,-100.0,-0.019999999552965164,-0.5240947008132935
3382,62744,3,1699,2,OP3,FIXED_OPPONENT,train,SCRIPTED:OP3,0,2,3,-1,19,0.19999998807907104,1,0,2,12.0,11.056969893606086,-1.2000000476837158,-0.5,-5.358457565307617e-05,0.019999999552965164,-1.0,-100.0,0.0,-0.536797285079956
3383,62744,3,1699,2,OP3,FIXED_OPPONENT,train,SCRIPTED:OP3,0,1,3,-2,15,0.3199999928474426,1,0,4,11.0,9.985697428385416,-1.2000000476837158,-0.5,0.007683396339416504,0.0,-1.0,-100.0,0.0,-0.5369524359703064
3384,62776,3,1703,2,OP3,FIXED_OPPONENT,train,SCRIPTED:OP3,1,3,2,1,17,0.19999998807907104,1,0,0,12.0,11.0805466595818,1.5,0.0,-0.009131163358688354,0.0,0.0,0.0,-0.019999999552965164,0.317376047372818
3385,62792,3,1705,0,OP3,FIXED_OPPONENT,train,SCRIPTED:OP3,1,3,2,1,20,0.19999998807907104,1,0,2,11.0,11.606311798095703,1.5,0.5,0.007214218378067017,0.029999999329447746,1.0,100.0,-0.03999999910593033,0.5773239135742188
3386,62800,3,1706,3,OP3,FIXED_OPPONENT,train,SCRIPTED:OP3,1,3,2,1,18,0.3199999928474426,1,0,2,11.0,9.001932779947916,1.5,0.5,0.01793786883354187,0.02499999850988388,1.0,100.0,0.0,0.5832868218421936
3387,62808,3,1707,3,OP3,FIXED_OPPONENT,train,SCRIPTED:OP3,0,2,3,-1,19,0.23999999463558197,0,1,2,12.0,10.452235171669408,-1.2000000476837158,-0.5,-0.0038735121488571167,0.019999999552965164,-1.0,-100.0,-0.019999999552965164,-0.5400015115737915
3388,62832,3,1710,3,OP3,FIXED_OPPONENT,train,SCRIPTED:OP3,0,2,3,-1,18,0.19999998807907104,1,0,4,11.0,10.703903198242188,-1.2000000476837158,-0.5,-0.008243054151535034,0.0,-1.0,-100.0,0.0,-0.5371538996696472
3389,62872,3,1715,0,OP3,FIXED_OPPONENT,train,SCRIPTED:OP3,0,3,3,0,18,0.1599999964237213,1,0,1,11.0,10.894848293728298,-0.699999988079071,0.0,0.00838586688041687,0.0,0.0,0.0,-0.019999999552965164,-0.15850317478179932
3390,62888,3,1717,3,OP3,FIXED_OPPONENT,train,SCRIPTED:OP3,1,3,2,1,18,0.19999998807907104,1,0,0,11.0,10.752388000488281,1.5,0.5,-0.016377009451389313,0.029999999329447746,1.0,100.0,0.0,0.5829428434371948
3391,62912,3,1720,0,OP3,FIXED_OPPONENT,train,SCRIPTED:OP3,0,3,3,0,21,0.2800000011920929,1,0,2,14.0,9.598773048037575,-0.699999988079071,0.0,-0.007276639342308044,0.0,0.0,0.0,0.0,-0.15443918108940125
3392,62928,3,1722,1,OP3,FIXED_OPPONENT,train,SCRIPTED:OP3,0,2,3,-1,17,0.3199999928474426,1,0,0,11.0,9.751511517693014,-1.2000000476837158,-0.5,0.0026471465826034546,0.0,-1.0,-100.0,0.0,-0.5370162129402161
3393,62936,3,1723,3,OP3,FIXED_OPPONENT,train,SCRIPTED:OP3,0,2,3,-1,20,0.1599999964237213,1,0,0,12.0,12.236328887939454,-1.2000000476837158,-0.5,0.005201935768127441,0.019999999552965164,-1.0,-100.0,-0.019999999552965164,-0.5398871898651123
3394,62944,3,1724,0,OP3,FIXED_OPPONENT,train,SCRIPTED:OP3,1,3,2,1,17,0.23999999463558197,1,0,2,11.0,10.0627243939568,1.5,0.5,-0.0010622888803482056,0.029999999329447746,1.0,100.0,0.0,0.5831225514411926
3395,62960,3,1726,2,OP3,FIXED_OPPONENT,train,SCRIPTED:OP3,0,2,3,-1,20,0.19999998807907104,1,0,3,13.0,10.950679779052734,-1.2000000476837158,-0.4000000059604645,-0.001350104808807373,0.019999999552965164,-1.0,-100.0,0.0,-0.5208067893981934
3396,62976,3,1728,2,OP3,FIXED_OPPONENT,train,SCRIPTED:OP3,1,3,2,1,18,0.2800000011920929,1,0,0,11.0,10.678322686089409,1.5,0.5,0.013641536235809326,0.014999999664723873,1.0,100.0,0.0,0.5831191539764404
3397,63016,3,1733,1,OP3,FIXED_OPPONENT,train,SCRIPTED:OP3,1,3,2,1,18,0.11999999731779099,1,0,6,11.0,10.468231201171875,1.5,0.5,-0.03131026029586792,0.029999999329447746,1.0,100.0,-0.019999999552965164,0.5798249244689941
3398,63032,3,1735,3,OP3,FIXED_OPPONENT,train,SCRIPTED:OP3,0,3,3,0,18,0.23999999463558197,1,0,0,11.0,10.55708228217231,-0.699999988079071,0.0,-0.003185838460922241,0.0,0.0,0.0,0.0,-0.15436817705631256
3399,63064,3,1739,2,OP3,FIXED_OPPONENT,train,SCRIPTED:OP3,0,3,3,0,19,0.2800000011920929,1,0,3,11.0,11.09565574244449,-0.699999988079071,0.5,5.646049976348877e-05,0.0,1.0,100.0,0.0,0.1759292632341385
3400,63072,3,1740,3,OP3,FIXED_OPPONENT,train,SCRIPTED:OP3,1,3,2,1,18,0.19999998807907104,1,0,3,11.0,10.166630215115017,1.5,0.4000000059604645,-0.01028655469417572,0.029999999329447746,1.0,100.0,0.0,0.5681555271148682
3401,63096,3,1743,1,OP3,FIXED_OPPONENT,train,SCRIPTED:OP3,0,3,3,0,19,0.11999999731779099,1,0,0,11.0,13.019643683182565,-0.699999988079071,0.0,0.0062393248081207275,0.0,0.0,0.0,0.0,-0.1542046219110489
3402,63096,3,1743,1,OP3,FIXED_OPPONENT,train,SCRIPTED:OP3,0,2,3,-1,20,0.1599999964237213,1,0,0,12.0,9.959780883789062,-1.2000000476837158,-0.5,0.01368771493434906,0.019999999552965164,-1.0,-100.0,-0.019999999552965164,-0.5397803783416748
3403,63104,3,1744,3,OP3,FIXED_OPPONENT,train,SCRIPTED:OP3,1,3,2,1,18,0.11999999731779099,1,0,3,11.0,12.01421864827474,1.5,1.0,0.01132185012102127,0.029999999329447746,2.0,200.0,0.0,0.7619024515151978
3404,63128,3,1747,0,OP3,FIXED_OPPONENT,train,SCRIPTED:OP3,1,3,2,1,19,0.19999998807907104,1,0,1,12.0,10.445854588558799,1.5,0.5,0.0032455921173095703,0.014999999664723873,1.0,100.0,0.0,0.5829970836639404
3405,63168,3,1752,3,OP3,FIXED_OPPONENT,train,SCRIPTED:OP3,0,3,3,0,19,0.1599999964237213,1,0,2,12.0,10.463445563065378,-0.699999988079071,0.0,0.0018005073070526123,0.0,0.0,0.0,0.0,-0.1542816460132599
3406,63176,3,1753,3,OP3,FIXED_OPPONENT,train,SCRIPTED:OP3,1,3,2,1,18,0.35999998450279236,1,0,1,11.0,9.62894778781467,1.5,0.5,0.0020117610692977905,0.029999999329447746,1.0,100.0,0.0,0.5831586122512817
3407,63216,3,1758,2,OP3,FIXED_OPPONENT,train,SCRIPTED:OP3,0,3,3,0,19,0.1599999964237213,1,0,1,12.0,10.144425241570724,-0.699999988079071,0.0,-0.009915351867675781,0.0,0.0,0.0,0.0,-0.15448497235774994
3408,63224,3,1759,1,OP3,FIXED_OPPONENT,train,SCRIPTED:OP3,1,3,2,1,19,0.1599999964237213,1,0,2,12.0,11.327198229337993,1.5,1.0,0.007668361067771912,0.029999999329447746,2.0,200.0,0.0,0.7618752717971802
3409,63248,3,1762,3,OP3,FIXED_OPPONENT,train,SCRIPTED:OP3,1,3,2,1,19,0.23999999463558197,1,0,0,11.0,12.333594874331826,1.5,0.5,-0.02274702489376068,0.029999999329447746,1.0,100.0,0.0,0.5828680992126465
3410,63248,3,1762,0,OP3,FIXED_OPPONENT,train,SCRIPTED:OP3,1,3,2,1,18,0.23999999463558197,1,0,0,11.0,10.070940653483072,1.5,0.4000000059604645,0.007848843932151794,0.02499999850988388,1.0,100.0,0.0,0.5683135986328125
3411,63256,3,1763,0,OP3,FIXED_OPPONENT,train,SCRIPTED:OP3,1,3,1,2,20,0.3999999761581421,1,0,5,13.0,10.044585418701171,1.5,0.5,-0.009376570582389832,0.02499999850988388,1.0,100.0,-0.019999999552965164,0.5800247192382812
3412,63296,3,1768,3,OP3,FIXED_OPPONENT,train,SCRIPTED:OP3,0,2,3,-1,21,0.19999998807907104,1,0,4,14.0,9.645711263020834,-1.2000000476837158,-0.5,-0.006021037697792053,0.019999999552965164,-1.0,-100.0,-0.019999999552965164,-0.5400285720825195
3413,63312,3,1770,0,OP3,FIXED_OPPONENT,train,SCRIPTED:OP3,1,3,2,1,18,0.1599999964237213,1,0,1,12.0,11.973129272460938,1.5,0.5,-0.0021011829376220703,0.014999999664723873,1.0,100.0,0.0,0.5829343795776367
3414,63320,3,1771,0,OP3,FIXED_OPPONENT,train,SCRIPTED:OP3,0,2,3,-1,18,0.19999998807907104,0,1,3,11.0,10.316235012478298,-1.2000000476837158,-0.5,0.01035754382610321,0.019999999552965164,-1.0,-100.0,0.0,-0.5366654992103577
3415,63352,3,1775,2,OP3,FIXED_OPPONENT,train,SCRIPTED:OP3,0,2,3,-1,17,0.3199999928474426,1,0,0,11.0,11.415136000689339,-1.2000000476837158,-0.5,0.010106682777404785,0.019999999552965164,-1.0,-100.0,0.0,-0.5366686582565308
3416,63368,3,1777,0,OP3,FIXED_OPPONENT,train,SCRIPTED:OP3,1,3,2,1,18,0.2800000011920929,1,0,0,11.0,11.966730753580729,1.5,0.5,0.012973129749298096,0.029999999329447746,1.0,100.0,0.0,0.583287239074707
3417,63392,3,1780,2,OP3,FIXED_OPPONENT,train,SCRIPTED:OP3,0,2,3,-1,18,0.1599999964237213,1,0,1,14.0,11.425663418240017,-1.2000000476837158,-0.5,-0.010483965277671814,0.019999999552965164,-1.0,-100.0,-0.019999999552965164,-0.5400847792625427
3418,63400,3,1781,1,OP3,FIXED_OPPONENT,train,SCRIPTED:OP3,0,2,3,-1,19,0.19999998807907104,1,0,2,12.0,10.876082570929276,-1.2000000476837158,-0.5,-0.0037899017333984375,0.019999999552965164,-1.0,-100.0,-0.019999999552965164,-0.5400004982948303
3419,63424,3,1784,3,OP3,FIXED_OPPONENT,train,SCRIPTED:OP3,0,3,3,0,21,0.3199999928474426,1,0,3,12.0,9.056182134719123,-0.699999988079071,0.0,-0.008247852325439453,0.0,0.0,0.0,-0.019999999552965164,-0.1587914377450943
3420,63432,3,1785,0,OP3,FIXED_OPPONENT,train,SCRIPTED:OP3,1,3,2,1,17,0.23999999463558197,1,0,0,11.0,12.064810360179228,1.5,0.5,0.0023899078369140625,0.014999999664723873,1.0,100.0,0.0,0.5829870104789734
3421,63464,3,1789,1,OP3,FIXED_OPPONENT,train,SCRIPTED:OP3,1,3,2,1,18,0.23999999463558197,1,0,2,11.0,11.510589599609375,1.5,0.5,-0.017711147665977478,0.029999999329447746,1.0,100.0,0.0,0.5829272270202637
3422,63464,3,1789,3,OP3,FIXED_OPPONENT,train,SCRIPTED:OP3,1,3,2,1,19,0.19999998807907104,1,0,4,12.0,10.29006556460732,1.5,0.5,0.014363974332809448,0.029999999329447746,1.0,100.0,-0.019999999552965164,0.5803636312484741
3423,63488,3,1792,1,OP3,FIXED_OPPONENT,train,SCRIPTED:OP3,1,3,1,2,17,0.2800000011920929,1,0,0,12.0,11.694356581744026,1.5,0.4000000059604645,-0.010314017534255981,0.029999999329447746,1.0,100.0,0.0,0.5681551694869995
3424,63496,3,1793,0,OP3,FIXED_OPPONENT,train,SCRIPTED:OP3,0,2,3,-1,16,0.1599999964237213,1,0,2,11.0,10.675167083740234,-1.2000000476837158,-0.4000000059604645,-0.003010392189025879,0.019999999552965164,-1.0,-100.0,-0.019999999552965164,-0.5240596532821655
3425,63536,3,1798,0,OP3,FIXED_OPPONENT,train,SCRIPTED:OP3,1,3,2,1,18,0.11999999731779099,1,0,2,11.0,9.000010172526041,1.5,1.0,-0.0030038803815841675,0.029999999329447746,2.0,200.0,0.0,0.7617956399917603
3426,63544,3,1799,0,OP3,FIXED_OPPONENT,train,SCRIPTED:OP3,1,3,2,1,18,0.23999999463558197,1,0,2,12.0,10.650211758083767,1.5,0.5,-0.0006985515356063843,0.014999999664723873,1.0,100.0,0.0,0.5829508304595947
3427,63568,3,1802,2,OP3,FIXED_OPPONENT,train,SCRIPTED:OP3,1,3,1,2,18,0.2800000011920929,1,0,1,11.0,9.737876044379341,1.5,0.5,-0.017611518502235413,0.02499999850988388,1.0,100.0,0.0,0.5828696489334106
3428,63576,3,1803,3,OP3,FIXED_OPPONENT,train,SCRIPTED:OP3,1,3,2,1,18,0.11999999731779099,1,0,1,12.0,11.426819695366753,1.5,0.5,0.026802584528923035,0.029999999329447746,1.0,100.0,0.0,0.5834493637084961
3429,63608,3,1807,3,OP3,FIXED_OPPONENT,train,SCRIPTED:OP3,0,2,3,-1,18,0.23999999463558197,1,0,0,14.0,10.274889628092447,-1.2000000476837158,-0.5,0.0035898536443710327,0.0,-1.0,-100.0,0.0,-0.5370042324066162
3430,63616,3,1808,3,OP3,FIXED_OPPONENT,train,SCRIPTED:OP3,1,3,2,1,19,0.2800000011920929,1,0,3,12.0,9.667708547491776,1.5,0.5,-0.005198627710342407,0.029999999329447746,1.0,100.0,0.0,0.5830740332603455
3431,63624,3,1809,0,OP3,FIXED_OPPONENT,train,SCRIPTED:OP3,1,3,1,2,17,0.3199999928474426,1,0,1,11.0,10.026766608743106,1.5,0.5,-0.021588608622550964,0.014999999664723873,1.0,100.0,0.0,0.582705557346344
3432,63656,3,1813,2,OP3,FIXED_OPPONENT,train,SCRIPTED:OP3,0,2,3,-1,20,0.35999998450279236,1,0,4,13.0,9.996025085449219,-1.2000000476837158,-0.5,0.0009199976921081543,0.0,-1.0,-100.0,0.0,-0.5370379686355591
3433,63696,3,1818,1,OP3,FIXED_OPPONENT,train,SCRIPTED:OP3,0,2,3,-1,19,0.1599999964237213,1,0,2,11.0,11.138064735814146,-1.2000000476837158,-0.5,-0.0029626786708831787,0.019999999552965164,-1.0,-100.0,0.0,-0.5368340611457825
3434,63696,3,1818,0,OP3,FIXED_OPPONENT,train,SCRIPTED:OP3,1,3,2,1,20,0.2800000011920929,1,0,5,13.0,10.282286071777344,1.5,0.5,-0.02097363770008087,0.029999999329447746,1.0,100.0,-0.019999999552965164,0.5799468755722046
3435,63712,3,1820,3,OP3,FIXED_OPPONENT,train,SCRIPTED:OP3,1,3,2,1,17,0.2800000011920929,1,0,2,11.0,9.860059850356159,1.5,0.4000000059604645,-0.004445925354957581,0.029999999329447746,1.0,100.0,0.0,0.5682257413864136
3436,63728,3,1822,2,OP3,FIXED_OPPONENT,train,SCRIPTED:OP3,1,3,2,1,20,0.35999998450279236,1,0,2,14.0,10.88373031616211,1.5,0.5,-0.030839666724205017,0.029999999329447746,1.0,100.0,-0.03999999910593033,0.5768726468086243
3437,63760,3,1826,1,OP3,FIXED_OPPONENT,train,SCRIPTED:OP3,1,3,2,1,19,0.19999998807907104,1,0,6,12.0,10.658680966025905,1.5,0.5,0.012025266885757446,0.029999999329447746,1.0,100.0,-0.019999999552965164,0.5803362131118774
3438,63768,3,1827,1,OP3,FIXED_OPPONENT,train,SCRIPTED:OP3,0,2,3,-1,19,0.19999998807907104,1,0,4,11.0,10.042105423776727,-1.2000000476837158,-0.5,-0.009994640946388245,0.019999999552965164,-1.0,-100.0,-0.019999999552965164,-0.5400786399841309
3439,63776,3,1828,2,OP3,FIXED_OPPONENT,train,SCRIPTED:OP3,1,3,2,1,19,0.2800000011920929,1,0,0,12.0,10.687288786235609,1.5,0.4000000059604645,0.007479414343833923,0.02499999850988388,1.0,100.0,0.0,0.5683091878890991
3440,63800,3,1831,0,OP3,FIXED_OPPONENT,train,SCRIPTED:OP3,1,3,2,1,18,0.2800000011920929,1,0,1,11.0,10.021348741319445,1.5,0.4000000059604645,-0.007609143853187561,0.014999999664723873,1.0,100.0,0.0,0.5680071711540222
3441,63840,3,1836,0,OP3,FIXED_OPPONENT,train,SCRIPTED:OP3,0,2,3,-1,18,0.11999999731779099,1,0,0,11.0,11.098949856228298,-1.2000000476837158,-0.5,0.008569180965423584,0.019999999552965164,-1.0,-100.0,-0.019999999552965164,-0.5398448705673218
3442,63840,3,1836,3,OP3,FIXED_OPPONENT,train,SCRIPTED:OP3,1,3,2,1,18,0.23999999463558197,1,0,0,11.0,11.032004462348091,1.5,0.4000000059604645,-0.00963979959487915,0.029999999329447746,1.0,100.0,-0.019999999552965164,0.5651459693908691
3443,63872,3,1840,1,OP3,FIXED_OPPONENT,train,SCRIPTED:OP3,1,3,2,1,20,0.2800000011920929,1,0,2,13.0,9.632422637939452,1.5,0.5,0.0005549490451812744,0.014999999664723873,1.0,100.0,-0.019999999552965164,0.5800238847732544
3444,63880,3,1841,1,OP3,FIXED_OPPONENT,train,SCRIPTED:OP3,0,2,3,-1,19,0.3199999928474426,1,0,0,12.0,12.005247417249178,-1.2000000476837158,-0.5,0.0013072341680526733,0.0,-1.0,-100.0,-0.019999999552965164,-0.5401880741119385
3445,63904,3,1844,1,OP3,FIXED_OPPONENT,train,SCRIPTED:OP3,0,3,3,0,18,0.19999998807907104,1,0,0,11.0,10.03989749484592,-0.699999988079071,0.0,-0.006284356117248535,0.0,0.0,0.0,0.0,-0.15442195534706116
3446,63912,3,1845,1,OP3,FIXED_OPPONENT,train,SCRIPTED:OP3,0,2,3,-1,18,0.19999998807907104,1,0,4,11.0,10.303404914008247,-1.2000000476837158,-0.30000001192092896,0.0005751550197601318,0.019999999552965164,-1.0,-100.0,-0.019999999552965164,-0.5077059268951416
3447,63920,3,1846,1,OP3,FIXED_OPPONENT,train,SCRIPTED:OP3,0,2,3,-1,18,0.2800000011920929,0,1,1,11.0,10.788599650065104,-1.2000000476837158,-0.5,0.015254274010658264,0.019999999552965164,-1.0,-100.0,0.0,-0.5366035103797913
3448,63968,3,1852,1,OP3,FIXED_OPPONENT,train,SCRIPTED:OP3,1,3,2,1,21,0.2800000011920929,1,0,5,15.0,9.81149655296689,1.5,1.0,0.003397643566131592,0.029999999329447746,2.0,200.0,0.0,0.7618434429168701
3449,63992,3,1855,1,OP3,FIXED_OPPONENT,train,SCRIPTED:OP3,0,2,3,-1,19,0.3199999928474426,1,0,0,11.0,11.126948306435033,-1.2000000476837158,-0.4000000059604645,-0.010463371872901917,0.0,-1.0,-100.0,0.0,-0.5211839079856873
3450,64000,3,1856,0,OP3,FIXED_OPPONENT,train,SCRIPTED:OP3,1,3,2,1,20,0.19999998807907104,1,0,1,13.0,12.001295471191407,1.5,1.0,-0.0016653388738632202,0.029999999329447746,2.0,200.0,0.0,0.7618056535720825
3451,64016,3,1858,3,OP3,FIXED_OPPONENT,train,SCRIPTED:OP3,1,3,2,1,18,0.19999998807907104,1,0,1,11.0,11.761144849989149,1.5,0.5,0.004753857851028442,0.029999999329447746,1.0,100.0,0.0,0.5831907987594604
3452,64040,3,1861,1,OP3,FIXED_OPPONENT,train,SCRIPTED:OP3,1,3,2,1,20,0.19999998807907104,1,0,2,13.0,9.45538330078125,1.5,0.5,0.0009784847497940063,0.014999999664723873,1.0,100.0,-0.019999999552965164,0.5800288915634155
3453,64056,3,1863,3,OP3,FIXED_OPPONENT,train,SCRIPTED:OP3,1,3,2,1,18,0.23999999463558197,1,0,1,11.0,11.142623901367188,1.5,0.5,-0.011954598128795624,0.029999999329447746,1.0,100.0,0.0,0.5829946994781494
3454,64064,3,1864,0,OP3,FIXED_OPPONENT,train,SCRIPTED:OP3,0,2,3,-1,20,0.3999999761581421,1,0,1,13.0,9.867723083496093,-1.2000000476837158,-0.5,-0.008306391537189484,0.0,-1.0,-100.0,-0.019999999552965164,-0.5403091907501221
3455,64072,3,1865,1,OP3,FIXED_OPPONENT,train,SCRIPTED:OP3,0,2,3,-1,19,0.19999998807907104,1,0,2,12.0,11.224540308902139,-1.2000000476837158,-0.4000000059604645,-0.009473085403442383,0.0,-1.0,-100.0,0.0,-0.5211710333824158
3456,64112,3,1870,1,OP3,FIXED_OPPONENT,train,SCRIPTED:OP3,1,3,2,1,18,0.23999999463558197,1,0,2,11.0,10.185613844129774,1.5,0.5,-0.03080940991640091,0.029999999329447746,1.0,100.0,0.0,0.5827734470367432
3457,64136,3,1873,1,OP3,FIXED_OPPONENT,train,SCRIPTED:OP3,0,3,3,0,18,0.19999998807907104,1,0,1,11.0,11.015983581542969,-0.699999988079071,0.0,-0.0008455067873001099,0.0,0.0,0.0,-0.019999999552965164,-0.15866316854953766
3458,64152,3,1875,0,OP3,FIXED_OPPONENT,train,SCRIPTED:OP3,1,3,2,1,19,0.1599999964237213,1,0,5,13.0,10.184775904605264,1.5,0.5,-0.001858338713645935,0.029999999329447746,1.0,100.0,0.0,0.5831133127212524
3459,64160,3,1876,3,OP3,FIXED_OPPONENT,train,SCRIPTED:OP3,0,2,3,-1,18,0.19999998807907104,1,0,0,11.0,8.961663140190971,-1.2000000476837158,-0.4000000059604645,0.0018214434385299683,0.019999999552965164,-1.0,-100.0,-0.019999999552965164,-0.5239973068237305
3460,64200,3,1881,3,OP3,FIXED_OPPONENT,train,SCRIPTED:OP3,1,3,2,1,20,0.23999999463558197,1,0,0,12.0,10.97722930908203,1.5,0.5,-0.00563812255859375,0.029999999329447746,1.0,100.0,-0.019999999552965164,0.5801278352737427
3461,64200,3,1881,0,OP3,FIXED_OPPONENT,train,SCRIPTED:OP3,0,2,3,-1,18,0.3199999928474426,1,0,2,11.0,9.424107869466146,-1.2000000476837158,-0.5,0.009222164750099182,0.0,-1.0,-100.0,0.0,-0.5369329452514648
3462,64208,3,1882,1,OP3,FIXED_OPPONENT,train,SCRIPTED:OP3,0,2,3,-1,18,0.3199999928474426,1,0,0,11.0,10.381169637044271,-1.2000000476837158,-0.4000000059604645,-0.0019798874855041504,0.0,-1.0,-100.0,0.0,-0.5210739970207214
3463,64216,3,1883,1,OP3,FIXED_OPPONENT,train,SCRIPTED:OP3,0,2,3,-1,18,0.2800000011920929,1,0,0,11.0,12.362353854709202,-1.2000000476837158,-0.5,-0.008970186114311218,0.019999999552965164,-1.0,-100.0,0.0,-0.5369101166725159
3464,64248,3,1887,1,OP3,FIXED_OPPONENT,train,SCRIPTED:OP3,1,3,2,1,17,0.19999998807907104,1,0,1,11.0,9.963124892290901,1.5,0.5,-0.019320331513881683,0.029999999329447746,1.0,100.0,0.0,0.5829083919525146
3465,64280,3,1891,2,OP3,FIXED_OPPONENT,train,SCRIPTED:OP3,0,2,3,-1,18,0.2800000011920929,1,0,2,11.0,9.995343526204428,-1.2000000476837158,-0.4000000059604645,-0.007487058639526367,0.0,-1.0,-100.0,0.0,-0.5211452841758728
3466,64296,3,1893,1,OP3,FIXED_OPPONENT,train,SCRIPTED:OP3,1,3,2,1,17,0.2800000011920929,1,0,1,12.0,10.506224688361673,1.5,0.5,-0.031065136194229126,0.029999999329447746,1.0,100.0,-0.019999999552965164,0.5798277854919434
3467,64296,3,1893,1,OP3,FIXED_OPPONENT,train,SCRIPTED:OP3,0,2,3,-1,18,0.23999999463558197,1,0,0,12.0,11.44366455078125,-1.2000000476837158,-0.5,-0.0007780194282531738,0.0,-1.0,-100.0,0.0,-0.5370594263076782
3468,64344,3,1899,3,OP3,FIXED_OPPONENT,train,SCRIPTED:OP3,1,3,2,1,18,0.3199999928474426,1,0,0,11.0,11.28792995876736,1.5,0.0,-0.005872562527656555,0.0,0.0,0.0,0.0,0.3214190900325775
3469,64352,3,1900,1,OP3,FIXED_OPPONENT,train,SCRIPTED:OP3,1,3,2,1,18,0.1599999964237213,1,0,0,11.0,10.37614271375868,1.5,0.5,-0.0006578713655471802,0.029999999329447746,1.0,100.0,0.0,0.5831273794174194
3470,64352,3,1900,3,OP3,FIXED_OPPONENT,train,SCRIPTED:OP3,1,3,2,1,19,0.19999998807907104,1,0,1,12.0,11.28226029245477,1.5,0.5,0.0045745521783828735,0.029999999329447746,1.0,100.0,0.0,0.5831886529922485
3471,64368,3,1902,2,OP3,FIXED_OPPONENT,train,SCRIPTED:OP3,1,3,2,1,19,0.2800000011920929,1,0,5,13.0,9.508331298828125,1.5,0.5,-0.0071190595626831055,0.029999999329447746,1.0,100.0,0.0,0.5830515623092651
3472,64392,3,1905,0,OP3,FIXED_OPPONENT,train,SCRIPTED:OP3,1,3,1,2,18,0.2800000011920929,1,0,2,11.0,10.033341301812065,1.5,0.5,-0.037943676114082336,0.029999999329447746,1.0,100.0,-0.019999999552965164,0.579746663570404
3473,64424,3,1909,1,OP3,FIXED_OPPONENT,train,SCRIPTED:OP3,0,2,3,-1,16,0.23999999463558197,1,0,3,11.0,9.83084487915039,-1.2000000476837158,-0.5,-0.0073958635330200195,0.0,-1.0,-100.0,-0.019999999552965164,-0.5402976870536804
3474,64432,3,1910,2,OP3,FIXED_OPPONENT,train,SCRIPTED:OP3,1,3,2,1,19,0.23999999463558197,1,0,2,12.0,10.647443269428454,1.5,0.5,-0.026893213391304016,0.014999999664723873,1.0,100.0,0.0,0.5826433897018433
3475,64440,3,1911,2,OP3,FIXED_OPPONENT,train,SCRIPTED:OP3,1,3,2,1,18,0.23999999463558197,1,0,1,11.0,10.255171881781685,1.5,0.5,-0.012485846877098083,0.02499999850988388,1.0,100.0,0.0,0.582929790019989
3476,64496,3,1918,3,OP3,FIXED_OPPONENT,train,SCRIPTED:OP3,1,3,2,1,18,0.23999999463558197,1,0,1,11.0,9.485984802246094,1.5,0.5,-0.013491109013557434,0.029999999329447746,1.0,100.0,0.0,0.5829766988754272
3477,64496,3,1918,1,OP3,FIXED_OPPONENT,train,SCRIPTED:OP3,0,3,3,0,18,0.3199999928474426,1,0,2,12.0,10.135712517632378,-0.699999988079071,0.0,-0.0036272257566452026,0.0,0.0,0.0,0.0,-0.1543758511543274
3478,64496,3,1918,0,OP3,FIXED_OPPONENT,train,SCRIPTED:OP3,0,2,3,-1,19,0.11999999731779099,1,0,1,11.0,10.869775872481497,-1.2000000476837158,-0.5,0.004516035318374634,0.019999999552965164,-1.0,-100.0,-0.019999999552965164,-0.5398958921432495
3479,64520,3,1921,0,OP3,FIXED_OPPONENT,train,SCRIPTED:OP3,0,2,3,-1,19,0.23999999463558197,1,0,2,12.0,10.179408023231908,-1.2000000476837158,-0.5,0.00887066125869751,0.019999999552965164,-1.0,-100.0,0.0,-0.5366843342781067
3480,64536,3,1923,0,OP3,FIXED_OPPONENT,train,SCRIPTED:OP3,1,3,1,2,18,0.2800000011920929,1,0,0,12.0,11.809282938639322,1.5,0.5,-0.03700694441795349,0.014999999664723873,1.0,100.0,0.0,0.5825245380401611
3481,64568,3,1927,2,OP3,FIXED_OPPONENT,train,SCRIPTED:OP3,0,3,3,0,18,0.1599999964237213,1,0,3,11.0,11.336101955837673,-0.699999988079071,0.0,-0.0040518417954444885,0.0,0.0,0.0,0.0,-0.15438321232795715
3482,64584,3,1929,3,OP3,FIXED_OPPONENT,train,SCRIPTED:OP3,0,2,3,-1,18,0.23999999463558197,1,0,2,11.0,10.824719746907553,-1.2000000476837158,-0.4000000059604645,0.0020635277032852173,0.0,-1.0,-100.0,0.0,-0.5210216045379639
3483,64584,3,1929,0,OP3,FIXED_OPPONENT,train,SCRIPTED:OP3,1,3,2,1,19,0.1599999964237213,1,0,1,12.0,10.917529457493833,1.5,0.5,0.00537090003490448,0.014999999664723873,1.0,100.0,0.0,0.5830219984054565
3484,64640,3,1936,0,OP3,FIXED_OPPONENT,train,SCRIPTED:OP3,0,2,3,-1,18,0.23999999463558197,1,0,4,11.0,10.568596733940971,-1.2000000476837158,-0.4000000059604645,-0.009771570563316345,0.019999999552965164,-1.0,-100.0,0.0,-0.5209158658981323
3485,64640,3,1936,1,OP3,FIXED_OPPONENT,train,SCRIPTED:OP3,0,2,3,-1,18,0.23999999463558197,1,0,3,11.0,10.96642812093099,-1.2000000476837158,-0.5,0.005829915404319763,0.019999999552965164,-1.0,-100.0,-0.019999999552965164,-0.539879322052002
3486,64664,3,1939,3,OP3,FIXED_OPPONENT,train,SCRIPTED:OP3,0,2,3,-1,18,0.19999998807907104,1,0,2,11.0,10.034507751464844,-1.2000000476837158,-0.5,-0.00876075029373169,0.0,-1.0,-100.0,-0.019999999552965164,-0.5403149127960205
3487,64664,3,1939,0,OP3,FIXED_OPPONENT,train,SCRIPTED:OP3,1,3,2,1,21,0.35999998450279236,1,0,3,14.0,9.404933384486608,1.5,0.0,-0.008426189422607422,0.0,0.0,0.0,0.0,0.3213783800601959
3488,64680,3,1941,0,OP3,FIXED_OPPONENT,train,SCRIPTED:OP3,0,3,3,0,18,0.23999999463558197,1,0,1,11.0,10.68747287326389,-0.699999988079071,0.0,-0.010077133774757385,0.0,0.0,0.0,0.0,-0.15448777377605438
3489,64712,3,1945,0,OP3,FIXED_OPPONENT,train,SCRIPTED:OP3,1,3,2,1,18,0.1599999964237213,1,0,2,12.0,10.148034837510851,1.5,0.5,-0.04049864411354065,0.029999999329447746,1.0,100.0,0.0,0.5826596617698669
3490,64728,3,1947,1,OP3,FIXED_OPPONENT,train,SCRIPTED:OP3,0,1,3,-2,18,0.11999999731779099,1,0,2,11.0,10.976968553331163,-1.2000000476837158,-0.5,0.0031016767024993896,0.019999999552965164,-1.0,-100.0,0.0,-0.5367573499679565
3491,64728,3,1947,0,OP3,FIXED_OPPONENT,train,SCRIPTED:OP3,0,2,3,-1,18,0.19999998807907104,1,0,3,11.0,9.865113152398003,-1.2000000476837158,-0.5,0.006009399890899658,0.019999999552965164,-1.0,-100.0,0.0,-0.5367205739021301
3492,64784,3,1954,1,OP3,FIXED_OPPONENT,train,SCRIPTED:OP3,1,3,2,1,18,0.2800000011920929,1,0,3,11.0,9.842707316080729,1.5,0.5,-0.030686646699905396,0.029999999329447746,1.0,100.0,0.0,0.5827748775482178
3493,64784,3,1954,0,OP3,FIXED_OPPONENT,train,SCRIPTED:OP3,0,2,3,-1,18,0.23999999463558197,1,0,0,11.0,12.932320488823784,-1.2000000476837158,-0.4000000059604645,-0.00964730978012085,0.019999999552965164,-1.0,-100.0,0.0,-0.5209142565727234
3494,64808,3,1957,2,OP3,FIXED_OPPONENT,train,SCRIPTED:OP3,1,3,2,1,18,0.2800000011920929,1,0,2,11.0,10.596501668294271,1.5,0.5,-0.021341323852539062,0.014999999664723873,1.0,100.0,-0.019999999552965164,0.5797655582427979
3495,64816,3,1958,2,OP3,FIXED_OPPONENT,train,SCRIPTED:OP3,0,2,3,-1,19,0.19999998807907104,1,0,7,12.0,9.181055972450658,-1.2000000476837158,-0.5,-0.0018705576658248901,0.0,-1.0,-100.0,0.0,-0.5370732545852661
3496,64824,3,1959,3,OP3,FIXED_OPPONENT,train,SCRIPTED:OP3,0,2,3,-1,18,0.23999999463558197,1,0,0,11.0,10.413642883300781,-1.2000000476837158,-0.5,0.01516251266002655,0.0,-1.0,-100.0,0.0,-0.5368578433990479
3497,64880,3,1966,2,OP3,FIXED_OPPONENT,train,SCRIPTED:OP3,0,3,3,0,21,0.2800000011920929,1,0,1,14.0,11.096375964936756,-0.699999988079071,0.0,0.006606787443161011,0.0,0.0,0.0,0.0,-0.15419825911521912
3498,64880,3,1966,2,OP3,FIXED_OPPONENT,train,SCRIPTED:OP3,0,3,3,0,19,0.2800000011920929,1,0,6,12.0,10.10770054867393,-0.699999988079071,0.0,0.0085221529006958,0.0,0.0,0.0,0.0,-0.15416499972343445
3499,64888,3,1967,3,OP3,FIXED_OPPONENT,train,SCRIPTED:OP3,1,3,2,1,20,0.11999999731779099,0,1,5,14.0,9.939330291748046,1.5,1.0,-0.02349957823753357,0.029999999329447746,2.0,200.0,-0.019999999552965164,0.7597701549530029
3500,64928,3,1972,2,OP3,FIXED_OPPONENT,train,SCRIPTED:OP3,1,3,2,1,18,0.19999998807907104,1,0,2,12.0,10.297425164116753,1.5,0.5,0.015511199831962585,0.029999999329447746,1.0,100.0,-0.019999999552965164,0.5803772211074829
3501,64944,3,1974,2,OP3,FIXED_OPPONENT,train,SCRIPTED:OP3,0,2,3,-1,20,0.2800000011920929,1,0,2,11.0,9.645029449462891,-1.2000000476837158,-0.5,-0.008821524679660797,0.0,-1.0,-100.0,-0.019999999552965164,-0.5403156280517578
3502,64944,3,1974,1,OP3,FIXED_OPPONENT,train,SCRIPTED:OP3,0,1,3,-2,15,0.19999998807907104,1,0,1,11.0,11.808462524414063,-1.2000000476837158,-0.5,0.0023698508739471436,0.019999999552965164,-1.0,-100.0,0.0,-0.5367665886878967
3503,64952,3,1975,0,OP3,FIXED_OPPONENT,train,SCRIPTED:OP3,0,2,3,-1,18,0.23999999463558197,1,0,2,11.0,11.507987976074219,-1.2000000476837158,0.0,0.002480342984199524,0.0,0.0,0.0,0.0,-0.2604793310165405
3504,64976,3,1978,2,OP3,FIXED_OPPONENT,train,SCRIPTED:OP3,1,3,2,1,20,0.19999998807907104,1,0,1,13.0,10.861459350585937,1.5,0.5,-0.011484503746032715,0.029999999329447746,1.0,100.0,-0.019999999552965164,0.5800588726997375
3505,65016,3,1983,2,OP3,FIXED_OPPONENT,train,SCRIPTED:OP3,1,3,2,1,17,0.19999998807907104,1,0,1,11.0,11.179430793313418,1.5,0.5,0.021354779601097107,0.029999999329447746,1.0,100.0,0.0,0.5833854675292969
3506,65024,3,1984,2,OP3,FIXED_OPPONENT,train,SCRIPTED:OP3,0,3,3,0,18,0.35999998450279236,1,0,2,11.0,10.083162943522135,-0.699999988079071,0.0,-0.009212762117385864,0.0,0.0,0.0,0.0,-0.15447278320789337
3507,65048,3,1987,2,OP3,FIXED_OPPONENT,train,SCRIPTED:OP3,0,2,3,-1,20,0.19999998807907104,1,0,1,13.0,11.07692642211914,-1.2000000476837158,-0.5,-0.002698346972465515,0.019999999552965164,-1.0,-100.0,-0.019999999552965164,-0.5399867296218872
3508,65064,3,1989,0,OP3,FIXED_OPPONENT,train,SCRIPTED:OP3,1,3,2,1,17,0.11999999731779099,1,0,5,11.0,10.154812083524817,1.5,0.0,0.008751600980758667,0.0,0.0,0.0,0.0,0.32165220379829407
3509,65064,3,1989,2,OP3,FIXED_OPPONENT,train,SCRIPTED:OP3,1,3,1,2,15,0.23999999463558197,1,0,1,11.0,9.144069417317708,1.5,0.0,-0.008965283632278442,0.0,0.0,0.0,-0.019999999552965164,0.3173787295818329
3510,65104,3,1994,3,OP3,FIXED_OPPONENT,train,SCRIPTED:OP3,0,2,3,-1,19,0.19999998807907104,1,0,0,12.0,12.421870181435033,-1.2000000476837158,-0.5,-0.00839032232761383,0.019999999552965164,-1.0,-100.0,0.0,-0.5369027853012085
3511,65112,3,1995,3,OP3,FIXED_OPPONENT,train,SCRIPTED:OP3,1,3,2,1,21,0.2800000011920929,1,0,0,14.0,10.0132322765532,1.5,0.4000000059604645,0.003791123628616333,0.014999999664723873,1.0,100.0,0.0,0.5681444406509399
3512,65120,3,1996,0,OP3,FIXED_OPPONENT,train,SCRIPTED:OP3,1,3,2,1,18,0.23999999463558197,1,0,0,11.0,10.707385592990452,1.5,0.5,-0.027344942092895508,0.029999999329447746,1.0,100.0,0.0,0.58281409740448
3513,65152,3,2000,0,OP3,FIXED_OPPONENT,train,SCRIPTED:OP3,0,2,3,-1,17,0.23999999463558197,1,0,0,11.0,10.986153995289522,-1.2000000476837158,-0.4000000059604645,-0.008831202983856201,0.0,-1.0,-100.0,0.0,-0.521162748336792
3514,65168,3,2002,1,OP3,FIXED_OPPONENT,train,SCRIPTED:OP3,0,2,3,-1,18,0.19999998807907104,1,0,1,11.0,11.917339748806423,-1.2000000476837158,-0.4000000059604645,-0.008196666836738586,0.019999999552965164,-1.0,-100.0,0.0,-0.5208954811096191
3515,65192,3,2005,1,OP3,FIXED_OPPONENT,train,SCRIPTED:OP3,0,2,3,-1,18,0.23999999463558197,1,0,2,11.0,10.782570732964409,-1.2000000476837158,-0.5,0.012961894273757935,0.019999999552965164,-1.0,-100.0,0.0,-0.5366325378417969
3516,65216,3,2008,0,OP3,FIXED_OPPONENT,train,SCRIPTED:OP3,0,2,3,-1,19,0.2800000011920929,1,0,0,11.0,11.667661164936266,-1.2000000476837158,-0.5,0.0009958446025848389,0.0,-1.0,-100.0,0.0,-0.5370370745658875
3517,65224,3,2009,0,OP3,FIXED_OPPONENT,train,SCRIPTED:OP3,0,2,3,-1,20,0.2800000011920929,1,0,2,12.0,10.218108367919921,-1.2000000476837158,-0.5,0.005877107381820679,0.019999999552965164,-1.0,-100.0,-0.019999999552965164,-0.5398787260055542
3518,65248,3,2012,2,OP3,FIXED_OPPONENT,train,SCRIPTED:OP3,1,3,2,1,18,0.19999998807907104,1,0,0,11.0,9.841009351942274,1.5,0.699999988079071,-0.00948447734117508,0.029999999329447746,1.0,100.0,0.0,0.6116014719009399
3519,65256,3,2013,1,OP3,FIXED_OPPONENT,train,SCRIPTED:OP3,1,3,2,1,17,0.19999998807907104,1,0,3,12.0,9.8574416216682,1.5,0.4000000059604645,-0.006949633359909058,0.029999999329447746,1.0,100.0,0.0,0.5681957006454468
3520,65264,3,2014,1,OP3,FIXED_OPPONENT,train,SCRIPTED:OP3,0,3,3,0,19,0.3199999928474426,1,0,0,11.0,11.044464914422287,-0.699999988079071,0.0,-0.008711084723472595,0.0,0.0,0.0,-0.019999999552965164,-0.15879946947097778
3521,65304,3,2019,0,OP3,FIXED_OPPONENT,train,SCRIPTED:OP3,1,3,2,1,19,0.23999999463558197,1,0,1,12.0,9.784411781712583,1.5,0.5,-0.023358814418315887,0.029999999329447746,1.0,100.0,-0.019999999552965164,0.5799187421798706
3522,65336,3,2023,0,OP3,FIXED_OPPONENT,train,SCRIPTED:OP3,0,3,3,0,21,0.19999998807907104,1,0,2,13.0,11.309191022600446,-0.699999988079071,0.0,0.004541754722595215,0.0,0.0,0.0,0.0,-0.15423408150672913
3523,65336,3,2023,3,OP3,FIXED_OPPONENT,train,SCRIPTED:OP3,0,2,3,-1,18,0.2800000011920929,1,0,0,11.0,11.551634894476997,-1.2000000476837158,-0.5,-0.013716697692871094,0.0,-1.0,-100.0,-0.019999999552965164,-0.5403772592544556
3524,65360,3,2026,3,OP3,FIXED_OPPONENT,train,SCRIPTED:OP3,1,3,2,1,17,0.19999998807907104,1,0,0,11.0,10.045296164119945,1.5,0.4000000059604645,0.0024855881929397583,0.029999999329447746,1.0,100.0,0.0,0.5683092474937439
3525,65360,3,2026,3,OP3,FIXED_OPPONENT,train,SCRIPTED:OP3,1,3,1,2,18,0.3999999761581421,1,0,1,11.0,9.597943623860678,1.5,0.5,0.021969914436340332,0.014999999664723873,1.0,100.0,0.0,0.5832167863845825
3526,65384,3,2029,3,OP3,FIXED_OPPONENT,train,SCRIPTED:OP3,0,1,3,-2,17,0.19999998807907104,1,0,0,11.0,10.562058392693014,-1.2000000476837158,-0.5,0.0030062496662139893,0.019999999552965164,-1.0,-100.0,-0.019999999552965164,-0.5399149060249329
3527,65424,3,2034,2,OP3,FIXED_OPPONENT,train,SCRIPTED:OP3,0,3,3,0,21,0.19999998807907104,1,0,6,11.0,11.491933186848959,-0.699999988079071,0.0,0.006689175963401794,0.0,0.0,0.0,0.0,-0.1541968137025833
3528,65440,3,2036,2,OP3,FIXED_OPPONENT,train,SCRIPTED:OP3,0,2,3,-1,22,0.3199999928474426,1,0,4,15.0,9.960790460759943,-1.2000000476837158,-0.4000000059604645,-0.003771856427192688,0.019999999552965164,-1.0,-100.0,0.0,-0.5208381414413452
3529,65448,3,2037,3,OP3,FIXED_OPPONENT,train,SCRIPTED:OP3,1,3,2,1,18,0.2800000011920929,1,0,1,11.0,9.909272935655382,1.5,0.4000000059604645,-0.005732931196689606,0.029999999329447746,1.0,100.0,-0.019999999552965164,0.5651931762695312
3530,65488,3,2042,1,OP3,FIXED_OPPONENT,train,SCRIPTED:OP3,0,2,3,-1,19,0.19999998807907104,1,0,1,12.0,10.477323030170641,-1.2000000476837158,-0.5,-0.0004743337631225586,0.019999999552965164,-1.0,-100.0,0.0,-0.5368026494979858
3531,65488,3,2042,2,OP3,FIXED_OPPONENT,train,SCRIPTED:OP3,1,3,2,1,19,0.23999999463558197,1,0,5,14.0,10.116018997995477,1.5,0.5,-0.020828917622566223,0.029999999329447746,1.0,100.0,-0.019999999552965164,0.5799486041069031
3532,65504,3,2044,0,OP3,FIXED_OPPONENT,train,SCRIPTED:OP3,0,2,3,-1,18,0.2800000011920929,1,0,0,11.0,10.188278198242188,-1.2000000476837158,-0.5,-0.002689540386199951,0.019999999552965164,-1.0,-100.0,0.0,-0.5368306040763855
3533,65512,3,2045,2,OP3,FIXED_OPPONENT,train,SCRIPTED:OP3,1,3,1,2,19,0.19999998807907104,1,0,1,12.0,9.79789894505551,1.5,0.5,-0.03211195766925812,0.014999999664723873,1.0,100.0,0.0,0.5825820565223694
3534,65536,3,2048,3,OP3,FIXED_OPPONENT,train,SCRIPTED:OP3,0,3,3,0,19,0.19999998807907104,1,0,3,12.0,10.934204904656662,-0.699999988079071,0.0,-0.00761006772518158,0.0,0.0,0.0,-0.019999999552965164,-0.15878039598464966
3535,65568,4,4,1,OP3,FIXED_OPPONENT,train,SCRIPTED:OP3,1,3,2,1,18,0.23999999463558197,1,0,2,11.0,10.128344217936197,1.5,0.0,-0.010434761643409729,0.0,0.0,0.0,-0.019999999552965164,0.3173551857471466
3536,65584,4,6,2,OP3,FIXED_OPPONENT,train,SCRIPTED:OP3,1,3,2,1,17,0.19999998807907104,1,0,4,11.0,9.600312176872702,1.5,0.5,-0.016927644610404968,0.029999999329447746,1.0,100.0,0.0,0.5829363465309143
3537,65584,4,6,1,OP3,FIXED_OPPONENT,train,SCRIPTED:OP3,0,2,3,-1,18,0.1599999964237213,1,0,0,11.0,10.884547763400608,-1.2000000476837158,-0.5,0.009932786226272583,0.019999999552965164,-1.0,-100.0,-0.019999999552965164,-0.5398275852203369
3538,65632,4,12,1,OP3,FIXED_OPPONENT,train,SCRIPTED:OP3,0,2,3,-1,18,0.19999998807907104,1,0,0,11.0,11.374564276801216,-1.2000000476837158,-0.5,-0.004090920090675354,0.0,-1.0,-100.0,0.0,-0.5371013283729553
3539,65632,4,12,1,OP3,FIXED_OPPONENT,train,SCRIPTED:OP3,1,3,2,1,18,0.2800000011920929,1,0,1,11.0,11.145846048990885,1.5,0.5,0.012217693030834198,0.029999999329447746,1.0,100.0,0.0,0.5832784175872803
3540,65648,4,14,0,OP3,FIXED_OPPONENT,train,SCRIPTED:OP3,0,2,3,-1,18,0.19999998807907104,1,0,2,12.0,10.639139811197916,-1.2000000476837158,-0.5,0.00847923755645752,0.019999999552965164,-1.0,-100.0,0.0,-0.536689281463623
3541,65664,4,16,0,OP3,FIXED_OPPONENT,train,SCRIPTED:OP3,0,3,3,0,19,0.2800000011920929,1,0,7,12.0,9.471947117855674,-0.699999988079071,0.0,-0.004695408046245575,0.0,0.0,0.0,0.0,-0.15439438819885254
3542,65688,4,19,2,OP3,FIXED_OPPONENT,train,SCRIPTED:OP3,0,2,3,-1,19,0.23999999463558197,1,0,5,12.0,10.531915765059622,-1.2000000476837158,-0.5,-0.0009191036224365234,0.019999999552965164,-1.0,-100.0,0.0,-0.53680819272995
3543,65712,4,22,0,OP3,FIXED_OPPONENT,train,SCRIPTED:OP3,1,3,2,1,18,0.19999998807907104,1,0,3,11.0,10.528473748101128,1.5,0.0,-0.0027324259281158447,0.0,0.0,0.0,0.0,0.32146915793418884
3544,65728,4,24,3,OP3,FIXED_OPPONENT,train,SCRIPTED:OP3,0,2,3,-1,18,0.1599999964237213,1,0,5,11.0,11.194259643554688,-1.2000000476837158,-0.5,0.0046199411153793335,0.019999999552965164,-1.0,-100.0,0.0,-0.5367381572723389
3545,65752,4,27,1,OP3,FIXED_OPPONENT,train,SCRIPTED:OP3,1,3,2,1,21,0.35999998450279236,1,0,2,14.0,9.914919898623513,1.5,0.5,-0.016439467668533325,0.014999999664723873,1.0,100.0,0.0,0.582766056060791
3546,65776,4,30,1,OP3,FIXED_OPPONENT,train,SCRIPTED:OP3,0,2,3,-1,18,0.23999999463558197,1,0,2,11.0,11.015026516384548,-1.2000000476837158,0.7000000476837158,0.005014687776565552,0.0,1.0,100.0,0.0,0.1107441633939743
3547,65784,4,31,2,OP3,FIXED_OPPONENT,train,SCRIPTED:OP3,0,1,3,-2,15,0.23999999463558197,1,0,0,11.0,11.838206990559895,-1.2000000476837158,-0.5,0.009108558297157288,0.019999999552965164,-1.0,-100.0,0.0,-0.5366812944412231
3548,65784,4,31,2,OP3,FIXED_OPPONENT,train,SCRIPTED:OP3,0,3,3,0,19,0.23999999463558197,1,0,3,12.0,10.05690564607319,-0.699999988079071,0.0,-0.005967229604721069,0.0,0.0,0.0,0.0,-0.15441645681858063
3549,65800,4,33,0,OP3,FIXED_OPPONENT,train,SCRIPTED:OP3,0,2,3,-1,19,0.23999999463558197,1,0,1,12.0,10.594955444335938,-1.2000000476837158,-0.5,0.003656730055809021,0.019999999552965164,-1.0,-100.0,0.0,-0.536750316619873
3550,65840,4,38,2,OP3,FIXED_OPPONENT,train,SCRIPTED:OP3,0,3,3,0,19,0.2800000011920929,1,0,4,11.0,9.129477249948602,-0.699999988079071,0.0,-0.009971335530281067,0.0,0.0,0.0,0.0,-0.15448594093322754
3551,65856,4,40,0,OP3,FIXED_OPPONENT,train,SCRIPTED:OP3,1,3,2,1,18,0.23999999463558197,1,0,1,12.0,10.865951538085938,1.5,0.4000000059604645,0.006022155284881592,0.029999999329447746,1.0,100.0,0.0,0.5683518052101135
3552,65888,4,44,1,OP3,FIXED_OPPONENT,train,SCRIPTED:OP3,1,3,2,1,20,0.23999999463558197,1,0,6,13.0,9.371492767333985,1.5,0.5,-0.019990891218185425,0.029999999329447746,1.0,100.0,-0.019999999552965164,0.579958438873291
3553,65896,4,45,0,OP3,FIXED_OPPONENT,train,SCRIPTED:OP3,0,2,3,-1,18,0.19999998807907104,1,0,4,12.0,10.705103556315104,-1.2000000476837158,-0.5,-0.011109039187431335,0.019999999552965164,-1.0,-100.0,0.0,-0.5369371771812439
3554,65920,4,48,2,OP3,FIXED_OPPONENT,train,SCRIPTED:OP3,0,2,3,-1,18,0.19999998807907104,1,0,5,12.0,8.78318871392144,-1.2000000476837158,-0.5,0.013392210006713867,0.019999999552965164,-1.0,-100.0,0.0,-0.5366271138191223
3555,65928,4,49,3,OP3,FIXED_OPPONENT,train,SCRIPTED:OP3,1,3,2,1,18,0.19999998807907104,1,0,2,11.0,9.507607354058159,1.5,0.4000000059604645,0.008719205856323242,0.014999999664723873,1.0,100.0,0.0,0.5682037472724915
3556,65944,4,51,2,OP3,FIXED_OPPONENT,train,SCRIPTED:OP3,0,2,3,-1,20,0.19999998807907104,1,0,3,13.0,10.722345733642578,-1.2000000476837158,-0.5,0.007940053939819336,0.019999999552965164,-1.0,-100.0,-0.019999999552965164,-0.5398527383804321
3557,65952,4,52,2,OP3,FIXED_OPPONENT,train,SCRIPTED:OP3,0,3,3,0,19,0.19999998807907104,1,0,2,12.0,10.823352211400083,-0.699999988079071,0.0,-0.0064945220947265625,0.0,0.0,0.0,0.0,-0.15442560613155365
3558,66000,4,58,2,OP3,FIXED_OPPONENT,train,SCRIPTED:OP3,1,3,2,1,18,0.23999999463558197,1,0,8,12.0,9.593421088324654,1.5,0.4000000059604645,0.007624804973602295,0.029999999329447746,1.0,100.0,0.0,0.568371057510376
3559,66008,4,59,3,OP3,FIXED_OPPONENT,train,SCRIPTED:OP3,1,3,2,1,21,0.1599999964237213,1,0,0,14.0,11.672773088727679,1.5,0.5,-0.011202529072761536,0.029999999329447746,1.0,100.0,0.0,0.5830035209655762
3560,66040,4,63,2,OP3,FIXED_OPPONENT,train,SCRIPTED:OP3,0,3,3,0,19,0.19999998807907104,1,0,5,12.0,10.584707159745065,-0.699999988079071,0.0,-0.0002549588680267334,0.0,0.0,0.0,-0.019999999552965164,-0.15865293145179749
3561,66072,4,67,0,OP3,FIXED_OPPONENT,train,SCRIPTED:OP3,0,2,3,-1,22,0.23999999463558197,1,0,10,15.0,9.115484757856889,-1.2000000476837158,-0.4000000059604645,-0.00737723708152771,0.019999999552965164,-1.0,-100.0,0.0,-0.5208848714828491
3562,66080,4,68,2,OP3,FIXED_OPPONENT,train,SCRIPTED:OP3,1,3,2,1,20,0.3199999928474426,1,0,2,12.0,9.766093444824218,1.5,0.5,0.0008279681205749512,0.02499999850988388,1.0,100.0,0.0,0.5830861330032349
3563,66080,4,68,2,OP3,FIXED_OPPONENT,train,SCRIPTED:OP3,0,2,3,-1,19,0.23999999463558197,1,0,4,12.0,10.763805188630757,-1.2000000476837158,-0.5,0.0021385997533798218,0.019999999552965164,-1.0,-100.0,-0.019999999552965164,-0.5399258136749268
3564,66088,4,69,0,OP3,FIXED_OPPONENT,train,SCRIPTED:OP3,1,3,2,1,18,0.19999998807907104,1,0,3,11.0,12.087610032823351,1.5,0.5,-0.014483615756034851,0.029999999329447746,1.0,100.0,0.0,0.5829650163650513
3565,66104,4,71,3,OP3,FIXED_OPPONENT,train,SCRIPTED:OP3,0,3,3,0,19,0.07999999821186066,1,0,3,12.0,11.12243009868421,-0.699999988079071,0.0,-0.004946023225784302,0.0,0.0,0.0,0.0,-0.15439872443675995
3566,66144,4,76,3,OP3,FIXED_OPPONENT,train,SCRIPTED:OP3,1,3,2,1,18,0.3199999928474426,1,0,2,12.0,10.80560048421224,1.5,0.0,0.008346110582351685,0.0,0.0,0.0,0.0,0.32164573669433594
3567,66152,4,77,2,OP3,FIXED_OPPONENT,train,SCRIPTED:OP3,0,2,3,-1,18,0.2800000011920929,1,0,5,11.0,10.652455647786459,-1.2000000476837158,-0.5,-0.008198067545890808,0.019999999552965164,-1.0,-100.0,0.0,-0.5369003415107727
3568,66184,4,81,3,OP3,FIXED_OPPONENT,train,SCRIPTED:OP3,0,2,3,-1,18,0.23999999463558197,1,0,2,11.0,10.182795206705729,-1.2000000476837158,-0.30000001192092896,-0.0042221397161483765,0.0,-1.0,-100.0,0.0,-0.5047282576560974
3569,66208,4,84,3,OP3,FIXED_OPPONENT,train,SCRIPTED:OP3,1,3,2,1,17,0.23999999463558197,1,0,0,13.0,12.005154777975644,1.5,0.0,-0.006032399833202362,0.0,0.0,0.0,0.0,0.32141655683517456
3570,66232,4,87,3,OP3,FIXED_OPPONENT,train,SCRIPTED:OP3,0,2,3,-1,19,0.23999999463558197,1,0,0,12.0,11.686806126644736,-1.2000000476837158,-0.5,0.006793096661567688,0.019999999552965164,-1.0,-100.0,0.0,-0.5367106199264526
3571,66232,4,87,0,OP3,FIXED_OPPONENT,train,SCRIPTED:OP3,0,2,3,-1,19,0.11999999731779099,1,0,1,12.0,10.203379580849095,-1.2000000476837158,-0.5,0.008584916591644287,0.019999999552965164,-1.0,-100.0,0.0,-0.536687970161438
3572,66232,4,87,0,OP3,FIXED_OPPONENT,train,SCRIPTED:OP3,1,3,2,1,18,0.23999999463558197,1,0,1,11.0,10.061685350206163,1.5,0.5,0.006425336003303528,0.014999999664723873,1.0,100.0,-0.019999999552965164,0.5800931453704834
3573,66256,4,90,1,OP3,FIXED_OPPONENT,train,SCRIPTED:OP3,0,3,3,0,19,0.2800000011920929,1,0,0,12.0,11.680950767115542,-0.699999988079071,0.0,-0.004858642816543579,0.0,0.0,0.0,0.0,-0.15439721941947937
3574,66296,4,95,3,OP3,FIXED_OPPONENT,train,SCRIPTED:OP3,0,2,3,-1,18,0.23999999463558197,1,0,1,11.0,9.870128207736546,-1.2000000476837158,-0.5,0.00860685110092163,0.019999999552965164,-1.0,-100.0,0.0,-0.5366876721382141
3575,66296,4,95,1,OP3,FIXED_OPPONENT,train,SCRIPTED:OP3,0,2,3,-1,19,0.19999998807907104,1,0,1,11.0,11.431113795230264,-1.2000000476837158,-0.5,0.002154931426048279,0.019999999552965164,-1.0,-100.0,0.0,-0.5367693305015564
3576,66312,4,97,1,OP3,FIXED_OPPONENT,train,SCRIPTED:OP3,0,2,3,-1,16,0.1599999964237213,1,0,2,11.0,10.809151649475098,-1.2000000476837158,-0.4000000059604645,-0.010570719838142395,0.0,-1.0,-100.0,-0.019999999552965164,-0.5244149565696716
3577,66360,4,103,0,OP3,FIXED_OPPONENT,train,SCRIPTED:OP3,0,2,3,-1,19,0.3999999761581421,1,0,5,11.0,9.50712103592722,-1.2000000476837158,-0.5,0.01129944622516632,0.0,-1.0,-100.0,0.0,-0.5369067192077637
3578,66376,4,105,0,OP3,FIXED_OPPONENT,train,SCRIPTED:OP3,0,2,3,-1,18,0.3199999928474426,1,0,3,11.0,9.117626614040798,-1.2000000476837158,-0.4000000059604645,-0.01052364706993103,0.0,-1.0,-100.0,0.0,-0.5211846828460693
3579,66376,4,105,1,OP3,FIXED_OPPONENT,train,SCRIPTED:OP3,0,2,3,-1,18,0.1599999964237213,1,0,2,11.0,11.385035196940104,-1.2000000476837158,0.0,-0.0039889514446258545,0.0,0.0,0.0,0.0,-0.26058655977249146
3580,66384,4,106,0,OP3,FIXED_OPPONENT,train,SCRIPTED:OP3,0,3,3,0,19,0.2800000011920929,1,0,2,12.0,10.114905106393914,-0.699999988079071,0.0,-0.005813904106616974,0.0,0.0,0.0,0.0,-0.15441380441188812
3581,66400,4,108,2,OP3,FIXED_OPPONENT,train,SCRIPTED:OP3,1,3,2,1,18,0.23999999463558197,1,0,2,11.0,10.156390719943577,1.5,0.5,-0.025233834981918335,0.029999999329447746,1.0,100.0,0.0,0.5828388929367065
3582,66448,4,114,2,OP3,FIXED_OPPONENT,train,SCRIPTED:OP3,0,2,3,-1,19,0.11999999731779099,1,0,5,12.0,9.62069300601357,-1.2000000476837158,-0.5,-0.0032496005296707153,0.019999999552965164,-1.0,-100.0,0.0,-0.5368376970291138
3583,66448,4,114,0,OP3,FIXED_OPPONENT,train,SCRIPTED:OP3,1,3,2,1,19,0.2800000011920929,1,0,2,12.0,9.97661711040296,1.5,0.5,-0.020400717854499817,0.029999999329447746,1.0,100.0,-0.019999999552965164,0.579953670501709
3584,66456,4,115,1,OP3,FIXED_OPPONENT,train,SCRIPTED:OP3,0,2,3,-1,18,0.19999998807907104,1,0,2,11.0,11.491608513726128,-1.2000000476837158,-0.4000000059604645,-0.008786752820014954,0.0,-1.0,-100.0,0.0,-0.521162211894989
3585,66512,4,122,2,OP3,FIXED_OPPONENT,train,SCRIPTED:OP3,0,2,3,-1,19,0.19999998807907104,1,0,0,14.0,10.117482235557155,-1.2000000476837158,-0.5,0.009699180722236633,0.0,-1.0,-100.0,0.0,-0.5369269251823425
3586,66520,4,123,0,OP3,FIXED_OPPONENT,train,SCRIPTED:OP3,0,2,3,-1,18,0.1599999964237213,1,0,5,11.0,10.086204528808594,-1.2000000476837158,-0.4000000059604645,0.0016276687383651733,0.019999999552965164,-1.0,-100.0,-0.019999999552965164,-0.5239998698234558
3587,66528,4,124,0,OP3,FIXED_OPPONENT,train,SCRIPTED:OP3,0,3,3,0,19,0.3199999928474426,1,0,3,11.0,9.138973035310444,-0.699999988079071,0.0,-0.010468751192092896,0.0,0.0,0.0,0.0,-0.15449456870555878
3588,66528,4,124,0,OP3,FIXED_OPPONENT,train,SCRIPTED:OP3,0,2,3,-1,18,0.2800000011920929,1,0,2,11.0,11.51979488796658,-1.2000000476837158,-0.4000000059604645,0.0009542107582092285,0.019999999552965164,-1.0,-100.0,0.0,-0.5207769274711609
3589,66568,4,129,1,OP3,FIXED_OPPONENT,train,SCRIPTED:OP3,1,3,2,1,21,0.19999998807907104,1,0,0,14.0,8.881365094866071,1.5,0.5,-0.02503335475921631,0.029999999329447746,1.0,100.0,0.0,0.5828412771224976
3590,66592,4,132,0,OP3,FIXED_OPPONENT,train,SCRIPTED:OP3,1,3,2,1,18,0.23999999463558197,1,0,2,11.0,10.728983561197916,1.5,0.5,0.028940334916114807,0.029999999329447746,1.0,100.0,0.0,0.5834744572639465
3591,66608,4,134,0,OP3,FIXED_OPPONENT,train,SCRIPTED:OP3,0,3,3,0,19,0.19999998807907104,1,0,3,12.0,10.9101417943051,-0.699999988079071,0.5,-0.010204285383224487,0.0,1.0,100.0,0.0,0.17575249075889587
3592,66616,4,135,0,OP3,FIXED_OPPONENT,train,SCRIPTED:OP3,0,3,3,0,21,0.1599999964237213,1,0,8,14.0,10.277657645089286,-0.699999988079071,0.0,0.008934110403060913,0.0,0.0,0.0,0.0,-0.1541578620672226
3593,66656,4,140,1,OP3,FIXED_OPPONENT,train,SCRIPTED:OP3,1,3,2,1,17,0.23999999463558197,1,0,2,11.0,10.806962854721966,1.5,0.4000000059604645,-0.007507219910621643,0.029999999329447746,1.0,100.0,0.0,0.5681890249252319
3594,66664,4,141,1,OP3,FIXED_OPPONENT,train,SCRIPTED:OP3,1,3,2,1,19,0.23999999463558197,1,0,4,12.0,10.478058664422287,1.5,0.5,-0.01441500335931778,0.029999999329447746,1.0,100.0,0.0,0.5829658508300781
3595,66672,4,142,2,OP3,FIXED_OPPONENT,train,SCRIPTED:OP3,0,2,3,-1,18,0.2800000011920929,1,0,1,11.0,10.974813673231337,-1.2000000476837158,-0.4000000059604645,-0.0015542060136795044,0.019999999552965164,-1.0,-100.0,-0.019999999552965164,-0.5240408182144165
3596,66672,4,142,2,OP3,FIXED_OPPONENT,train,SCRIPTED:OP3,1,3,2,1,18,0.1599999964237213,1,0,0,11.0,10.500936720106337,1.5,0.5,-0.037877023220062256,0.029999999329447746,1.0,100.0,0.0,0.5826904773712158
3597,66712,4,147,0,OP3,FIXED_OPPONENT,train,SCRIPTED:OP3,1,3,2,1,18,0.19999998807907104,1,0,3,11.0,10.016881306966146,1.5,0.5,-0.002632349729537964,0.014999999664723873,1.0,100.0,0.0,0.5829281806945801
3598,66744,4,151,1,OP3,FIXED_OPPONENT,train,SCRIPTED:OP3,0,3,3,0,19,0.3199999928474426,1,0,3,12.0,9.268952219109787,-0.699999988079071,0.0,-0.0034670233726501465,0.0,0.0,0.0,0.0,-0.15437306463718414
3599,66752,4,152,2,OP3,FIXED_OPPONENT,train,SCRIPTED:OP3,1,3,2,1,18,0.1599999964237213,1,0,5,11.0,10.33363766140408,1.5,0.5,0.0006126761436462402,0.029999999329447746,1.0,100.0,0.0,0.5831421613693237
3600,66776,4,155,2,OP3,FIXED_OPPONENT,train,SCRIPTED:OP3,0,3,3,0,20,0.23999999463558197,1,0,3,12.0,10.698258209228516,-0.699999988079071,0.0,-0.01048259437084198,0.0,0.0,0.0,-0.019999999552965164,-0.1588301658630371
3601,66792,4,157,0,OP3,FIXED_OPPONENT,train,SCRIPTED:OP3,1,3,1,2,15,0.23999999463558197,1,0,0,11.0,10.385306803385417,1.5,0.4000000059604645,-0.0076162368059158325,0.014999999664723873,1.0,100.0,0.0,0.5680071115493774
3602,66808,4,159,0,OP3,FIXED_OPPONENT,train,SCRIPTED:OP3,1,3,2,1,18,0.3199999928474426,1,0,0,11.0,12.266404893663195,1.5,0.5,-0.024579346179962158,0.029999999329447746,1.0,100.0,0.0,0.5828465819358826
3603,66808,4,159,2,OP3,FIXED_OPPONENT,train,SCRIPTED:OP3,1,3,2,1,19,0.3199999928474426,1,0,1,12.0,8.475380345394736,1.5,0.4000000059604645,-0.009624198079109192,0.029999999329447746,1.0,100.0,0.0,0.5681635141372681
3604,66808,4,159,3,OP3,FIXED_OPPONENT,train,SCRIPTED:OP3,0,2,3,-1,17,0.11999999731779099,1,0,8,11.0,9.61464287252987,-1.2000000476837158,-0.5,0.0020926594734191895,0.019999999552965164,-1.0,-100.0,0.0,-0.5367701053619385
3605,66856,4,165,0,OP3,FIXED_OPPONENT,train,SCRIPTED:OP3,1,3,2,1,18,0.2800000011920929,1,0,0,11.0,11.130465189615885,1.5,0.5,-0.025232091546058655,0.029999999329447746,1.0,100.0,-0.019999999552965164,0.5798966884613037
3606,66888,4,169,2,OP3,FIXED_OPPONENT,train,SCRIPTED:OP3,0,3,3,0,18,0.19999998807907104,1,0,3,11.0,10.829146491156685,-0.699999988079071,0.0,-0.008572056889533997,0.0,0.0,0.0,0.0,-0.15446165204048157
3607,66904,4,171,3,OP3,FIXED_OPPONENT,train,SCRIPTED:OP3,0,2,3,-1,19,0.23999999463558197,1,0,4,12.0,10.629586470754523,-1.2000000476837158,-0.5,-0.0015115439891815186,0.0,-1.0,-100.0,-0.019999999552965164,-0.5402235984802246
3608,66920,4,173,3,OP3,FIXED_OPPONENT,train,SCRIPTED:OP3,0,2,3,-1,18,0.19999998807907104,1,0,0,11.0,11.515741136338976,-1.2000000476837158,-0.4000000059604645,-0.009817004203796387,0.0,-1.0,-100.0,-0.019999999552965164,-0.5244052410125732
3609,66928,4,174,2,OP3,FIXED_OPPONENT,train,SCRIPTED:OP3,0,1,3,-2,15,0.3199999928474426,1,0,1,11.0,10.66563212076823,-1.2000000476837158,-0.5,-0.01021556556224823,0.0,-1.0,-100.0,0.0,-0.5371788144111633
3610,66936,4,175,0,OP3,FIXED_OPPONENT,train,SCRIPTED:OP3,0,2,3,-1,18,0.19999998807907104,1,0,2,11.0,11.157018025716146,-1.2000000476837158,0.10000002384185791,0.007466435432434082,0.019999999552965164,0.0,0.0,0.0,-0.2392290085554123
3611,66952,4,177,2,OP3,FIXED_OPPONENT,train,SCRIPTED:OP3,1,3,1,2,18,0.23999999463558197,1,0,1,11.0,11.021718343098959,1.5,0.5,0.0008019804954528809,0.014999999664723873,1.0,100.0,0.0,0.5829684734344482
3612,66976,4,180,2,OP3,FIXED_OPPONENT,train,SCRIPTED:OP3,1,3,2,1,21,0.19999998807907104,1,0,7,14.0,10.265566144670759,1.5,0.5,-0.03434847295284271,0.029999999329447746,1.0,100.0,-0.019999999552965164,0.5797891020774841
3613,67000,4,183,0,OP3,FIXED_OPPONENT,train,SCRIPTED:OP3,1,3,2,1,18,0.19999998807907104,1,0,5,11.0,9.967185126410591,1.5,0.5,-0.02625454217195511,0.029999999329447746,1.0,100.0,0.0,0.5828269124031067
3614,67016,4,185,2,OP3,FIXED_OPPONENT,train,SCRIPTED:OP3,1,3,2,1,16,0.19999998807907104,1,0,0,11.0,10.865957260131836,1.5,0.5,-0.02471671998500824,0.029999999329447746,1.0,100.0,-0.019999999552965164,0.5799027681350708
3615,67064,4,191,3,OP3,FIXED_OPPONENT,train,SCRIPTED:OP3,0,2,3,-1,20,0.19999998807907104,1,0,1,11.0,10.747733306884765,-1.2000000476837158,-0.5,-0.0072516947984695435,0.019999999552965164,-1.0,-100.0,-0.019999999552965164,-0.5400440692901611
3616,67064,4,191,2,OP3,FIXED_OPPONENT,train,SCRIPTED:OP3,1,3,2,1,17,0.23999999463558197,1,0,2,12.0,11.970273186178769,1.5,0.4000000059604645,0.00853922963142395,0.014999999664723873,1.0,100.0,0.0,0.5682016015052795
3617,67064,4,191,3,OP3,FIXED_OPPONENT,train,SCRIPTED:OP3,0,2,3,-1,18,0.2800000011920929,1,0,3,12.0,9.519785563151041,-1.2000000476837158,-0.5,0.014997974038124084,0.0,-1.0,-100.0,-0.019999999552965164,-0.540015697479248
3618,67104,4,196,1,OP3,FIXED_OPPONENT,train,SCRIPTED:OP3,0,3,3,0,21,0.1599999964237213,1,0,0,13.0,12.03666251046317,-0.699999988079071,0.0,0.007683664560317993,0.0,0.0,0.0,0.0,-0.15417954325675964
3619,67104,4,196,2,OP3,FIXED_OPPONENT,train,SCRIPTED:OP3,1,3,2,1,19,0.2800000011920929,1,0,2,12.0,11.643246299342104,1.5,0.5,0.008745431900024414,0.029999999329447746,1.0,100.0,0.0,0.5832376480102539
3620,67128,4,199,3,OP3,FIXED_OPPONENT,train,SCRIPTED:OP3,0,2,3,-1,19,0.23999999463558197,1,0,2,12.0,9.163939626593338,-1.2000000476837158,-0.5,0.010031357407569885,0.0,-1.0,-100.0,0.0,-0.5369227528572083
3621,67144,4,201,2,OP3,FIXED_OPPONENT,train,SCRIPTED:OP3,1,3,1,2,16,0.11999999731779099,1,0,2,12.0,10.535848617553711,1.5,0.5,-0.014828145503997803,0.029999999329447746,1.0,100.0,-0.019999999552965164,0.5800194144248962
3622,67152,4,202,2,OP3,FIXED_OPPONENT,train,SCRIPTED:OP3,0,3,3,0,19,0.2800000011920929,1,0,4,12.0,11.355446263363486,-0.699999988079071,0.0,0.003367707133293152,0.0,0.0,0.0,0.0,-0.1542544662952423
3623,67208,4,209,2,OP3,FIXED_OPPONENT,train,SCRIPTED:OP3,1,3,2,1,18,0.11999999731779099,1,0,1,11.0,11.075262281629774,1.5,0.5,0.009823784232139587,0.029999999329447746,1.0,100.0,0.0,0.5832502841949463
3624,67216,4,210,1,OP3,FIXED_OPPONENT,train,SCRIPTED:OP3,1,3,2,1,19,0.2800000011920929,1,0,0,12.0,10.383312024568257,1.5,0.5,-0.010696351528167725,0.014999999664723873,1.0,100.0,0.0,0.582833468914032
3625,67216,4,210,1,OP3,FIXED_OPPONENT,train,SCRIPTED:OP3,1,3,2,1,19,0.1599999964237213,1,0,3,12.0,9.672335172954359,1.5,0.5,0.008679136633872986,0.029999999329447746,1.0,100.0,0.0,0.5832368731498718
3626,67272,4,217,3,OP3,FIXED_OPPONENT,train,SCRIPTED:OP3,1,3,2,1,21,0.35999998450279236,0,2,5,14.0,9.367086501348586,1.5,1.0,-0.030153900384902954,0.029999999329447746,2.0,200.0,0.0,0.7615929841995239
3627,67280,4,218,2,OP3,FIXED_OPPONENT,train,SCRIPTED:OP3,1,3,2,1,22,0.35999998450279236,1,0,2,13.0,10.576589410955256,1.5,0.5,-0.018736988306045532,0.014999999664723873,1.0,100.0,0.0,0.5827391147613525
3628,67288,4,219,2,OP3,FIXED_OPPONENT,train,SCRIPTED:OP3,1,3,2,1,20,0.19999998807907104,1,0,0,13.0,12.102053833007812,1.5,0.5,0.014152765274047852,0.029999999329447746,1.0,100.0,0.0,0.5833010673522949
3629,67304,4,221,3,OP3,FIXED_OPPONENT,train,SCRIPTED:OP3,1,3,1,2,20,0.2800000011920929,1,0,1,13.0,11.916943359375,1.5,0.5,-0.0064182281494140625,0.014999999664723873,1.0,100.0,-0.019999999552965164,0.5799416303634644
3630,67320,4,223,2,OP3,FIXED_OPPONENT,train,SCRIPTED:OP3,0,3,3,0,21,0.1599999964237213,1,0,7,13.0,9.93780517578125,-0.699999988079071,0.0,0.00894021987915039,0.0,0.0,0.0,0.0,-0.15415775775909424
3631,67352,4,227,2,OP3,FIXED_OPPONENT,train,SCRIPTED:OP3,0,2,3,-1,18,0.2800000011920929,1,0,0,11.0,10.531962076822916,-1.2000000476837158,-0.4000000059604645,0.005143404006958008,0.0,-1.0,-100.0,0.0,-0.5209817290306091
3632,67360,4,228,1,OP3,FIXED_OPPONENT,train,SCRIPTED:OP3,1,3,2,1,18,0.23999999463558197,1,0,2,11.0,11.007189432779947,1.5,0.5,-0.03242865204811096,0.029999999329447746,1.0,100.0,-0.03999999910593033,0.57685387134552
3633,67360,4,228,1,OP3,FIXED_OPPONENT,train,SCRIPTED:OP3,1,3,2,1,18,0.19999998807907104,1,0,1,11.0,11.10716078016493,1.5,0.5,0.00768665224313736,0.029999999329447746,1.0,100.0,0.0,0.5832252502441406
3634,67424,4,236,3,OP3,FIXED_OPPONENT,train,SCRIPTED:OP3,1,3,2,1,18,0.19999998807907104,1,0,1,11.0,9.33378431532118,1.5,0.5,-0.008029848337173462,0.029999999329447746,1.0,100.0,0.0,0.5830408334732056
3635,67448,4,239,1,OP3,FIXED_OPPONENT,train,SCRIPTED:OP3,1,3,2,1,22,0.23999999463558197,1,0,5,12.0,10.154273293235086,1.5,0.5,-0.02529042959213257,0.029999999329447746,1.0,100.0,0.0,0.5828381776809692
3636,67464,4,241,0,OP3,FIXED_OPPONENT,train,SCRIPTED:OP3,0,1,3,-2,22,0.2800000011920929,0,1,7,15.0,9.166753595525568,-1.2000000476837158,-0.5,0.008206680417060852,0.019999999552965164,-1.0,-100.0,0.0,-0.53669273853302
3637,67472,4,242,3,OP3,FIXED_OPPONENT,train,SCRIPTED:OP3,0,2,3,-1,19,0.23999999463558197,1,0,1,12.0,10.94583451120477,-1.2000000476837158,-0.5,0.0153113454580307,0.0,-1.0,-100.0,0.0,-0.5368559956550598
3638,67472,4,242,3,OP3,FIXED_OPPONENT,train,SCRIPTED:OP3,0,2,3,-1,21,0.23999999463558197,1,0,0,14.0,12.451266334170388,-1.2000000476837158,-0.5,0.004048675298690796,0.019999999552965164,-1.0,-100.0,-0.019999999552965164,-0.5399017930030823
3639,67488,4,244,2,OP3,FIXED_OPPONENT,train,SCRIPTED:OP3,1,3,2,1,17,0.11999999731779099,1,0,1,11.0,11.484460269703584,1.5,0.4000000059604645,-6.888806819915771e-05,0.029999999329447746,1.0,100.0,-0.019999999552965164,0.565261721611023
3640,67504,4,246,3,OP3,FIXED_OPPONENT,train,SCRIPTED:OP3,0,2,3,-1,18,0.2800000011920929,1,0,4,11.0,10.478426615397135,-1.2000000476837158,-0.4000000059604645,-0.006817713379859924,0.0,-1.0,-100.0,0.0,-0.5211366415023804
3641,67504,4,246,3,OP3,FIXED_OPPONENT,train,SCRIPTED:OP3,1,3,2,1,18,0.19999998807907104,1,0,0,11.0,9.955425686306423,1.5,0.4000000059604645,0.0022196173667907715,0.029999999329447746,1.0,100.0,0.0,0.568306028842926
3642,67576,4,255,3,OP3,FIXED_OPPONENT,train,SCRIPTED:OP3,1,3,2,1,19,0.11999999731779099,1,0,1,12.0,11.82291613127056,1.5,0.5,0.015266194939613342,0.029999999329447746,1.0,100.0,0.0,0.5833141803741455
3643,67584,4,256,0,OP3,FIXED_OPPONENT,train,SCRIPTED:OP3,1,3,2,1,17,0.2800000011920929,1,0,4,11.0,10.272310144761029,1.5,0.4000000059604645,-0.007246926426887512,0.029999999329447746,1.0,100.0,0.0,0.5681921243667603
3644,67600,4,258,0,OP3,FIXED_OPPONENT,train,SCRIPTED:OP3,0,2,3,-1,17,0.23999999463558197,1,0,5,11.0,9.85740571863511,-1.2000000476837158,0.0,0.005309432744979858,0.0,0.0,0.0,0.0,-0.2604324519634247
3645,67608,4,259,2,OP3,FIXED_OPPONENT,train,SCRIPTED:OP3,1,3,1,2,15,0.19999998807907104,1,0,1,11.0,10.814573160807292,1.5,0.5,-0.017738357186317444,0.029999999329447746,1.0,100.0,0.0,0.582926869392395
3646,67616,4,260,3,OP3,FIXED_OPPONENT,train,SCRIPTED:OP3,0,2,3,-1,18,0.2800000011920929,1,0,0,11.0,10.722530788845486,-1.2000000476837158,-0.5,0.00951392948627472,0.0,-1.0,-100.0,0.0,-0.5369292497634888
3647,67616,4,260,0,OP3,FIXED_OPPONENT,train,SCRIPTED:OP3,1,3,2,1,18,0.2800000011920929,1,0,9,11.0,10.116311815049913,1.5,0.8999999761581421,-0.005948327481746674,0.029999999329447746,2.0,200.0,-0.019999999552965164,0.7503523230552673
3648,67648,4,264,3,OP3,FIXED_OPPONENT,train,SCRIPTED:OP3,0,3,3,0,18,0.1599999964237213,1,0,0,11.0,11.067713419596354,-0.699999988079071,0.0,-0.01025952398777008,0.0,0.0,0.0,0.0,-0.15449094772338867
3649,67656,4,265,3,OP3,FIXED_OPPONENT,train,SCRIPTED:OP3,1,3,2,1,19,0.23999999463558197,1,0,1,13.0,9.863339072779604,1.5,0.0,-0.010327085852622986,0.0,0.0,0.0,0.0,0.32134810090065
3650,67728,4,274,0,OP3,FIXED_OPPONENT,train,SCRIPTED:OP3,1,3,2,1,18,0.19999998807907104,1,0,0,11.0,13.56633080376519,1.5,0.5,0.006160706281661987,0.029999999329447746,1.0,100.0,0.0,0.5832073092460632
3651,67736,4,275,1,OP3,FIXED_OPPONENT,train,SCRIPTED:OP3,0,2,3,-1,20,0.2800000011920929,1,0,1,12.0,11.143318939208985,-1.2000000476837158,-0.5,-0.006161868572235107,0.0,-1.0,-100.0,-0.03999999910593033,-0.5434216260910034
3652,67744,4,276,0,OP3,FIXED_OPPONENT,train,SCRIPTED:OP3,1,3,2,1,18,0.19999998807907104,1,0,2,12.0,9.760503133138021,1.5,0.4000000059604645,-0.0031751245260238647,0.014999999664723873,1.0,100.0,0.0,0.5680605173110962
3653,67744,4,276,2,OP3,FIXED_OPPONENT,train,SCRIPTED:OP3,0,2,3,-1,16,0.1599999964237213,1,0,1,12.0,10.749055862426758,-1.2000000476837158,-0.5,-0.013609185814857483,0.019999999552965164,-1.0,-100.0,-0.03999999910593033,-0.5432644486427307
3654,67760,4,278,0,OP3,FIXED_OPPONENT,train,SCRIPTED:OP3,0,2,3,-1,19,0.19999998807907104,1,0,2,12.0,10.79747892680921,-1.2000000476837158,-0.5,-0.01099996268749237,0.019999999552965164,-1.0,-100.0,0.0,-0.5369357466697693
3655,67768,4,279,2,OP3,FIXED_OPPONENT,train,SCRIPTED:OP3,0,2,3,-1,19,0.1599999964237213,1,0,4,12.0,9.890396921258224,-1.2000000476837158,-0.5,0.00564064085483551,0.019999999552965164,-1.0,-100.0,0.0,-0.5367252230644226
3656,67792,4,282,2,OP3,FIXED_OPPONENT,train,SCRIPTED:OP3,1,3,2,1,18,0.19999998807907104,1,0,0,11.0,11.60653347439236,1.5,0.0,-0.009728312492370605,0.0,0.0,0.0,0.0,0.3213576078414917
3657,67800,4,283,3,OP3,FIXED_OPPONENT,train,SCRIPTED:OP3,0,2,3,-1,18,0.19999998807907104,1,0,0,11.0,9.421080695258247,-1.2000000476837158,-0.5,-0.011058568954467773,0.019999999552965164,-1.0,-100.0,-0.019999999552965164,-0.5400921106338501
3658,67872,4,292,0,OP3,FIXED_OPPONENT,train,SCRIPTED:OP3,0,2,3,-1,18,0.11999999731779099,1,0,4,11.0,10.397584703233507,-1.2000000476837158,-0.4000000059604645,-0.008477479219436646,0.019999999552965164,-1.0,-100.0,0.0,-0.5208991169929504
3659,67872,4,292,3,OP3,FIXED_OPPONENT,train,SCRIPTED:OP3,0,2,3,-1,16,0.3199999928474426,1,0,1,12.0,9.084275245666504,-1.2000000476837158,0.0,-0.006584659218788147,0.0,0.0,0.0,-0.03999999910593033,-0.2688952684402466
3660,67896,4,295,3,OP3,FIXED_OPPONENT,train,SCRIPTED:OP3,0,1,3,-2,19,0.23999999463558197,1,0,3,14.0,10.086404097707648,-1.2000000476837158,0.0,0.0004157125949859619,0.019999999552965164,0.0,0.0,0.0,-0.26018208265304565
3661,67896,4,295,1,OP3,FIXED_OPPONENT,train,SCRIPTED:OP3,1,3,2,1,20,0.1599999964237213,1,0,1,13.0,10.320890045166015,1.5,0.5,-0.006952047348022461,0.029999999329447746,1.0,100.0,-0.03999999910593033,0.5771559476852417
3662,67912,4,297,0,OP3,FIXED_OPPONENT,train,SCRIPTED:OP3,0,2,3,-1,19,0.23999999463558197,1,0,1,12.0,11.009258069490132,-1.2000000476837158,-0.5,0.015618517994880676,0.0,-1.0,-100.0,0.0,-0.5368520021438599
3663,67928,4,299,2,OP3,FIXED_OPPONENT,train,SCRIPTED:OP3,0,2,3,-1,20,0.2800000011920929,1,0,6,14.0,9.564794158935547,-1.2000000476837158,0.0,0.0008309409022331238,0.0,0.0,0.0,-0.019999999552965164,-0.26464468240737915
3664,67944,4,301,2,OP3,FIXED_OPPONENT,train,SCRIPTED:OP3,0,2,3,-1,18,0.23999999463558197,1,0,4,11.0,10.220557318793404,-1.2000000476837158,0.0,-0.0034472644329071045,0.019999999552965164,0.0,0.0,0.0,-0.2602461278438568
3665,67952,4,302,1,OP3,FIXED_OPPONENT,train,SCRIPTED:OP3,0,3,3,0,20,0.1599999964237213,1,0,5,12.0,9.988942718505859,-0.699999988079071,0.0,-0.004936307668685913,0.0,0.0,0.0,0.0,-0.15439856052398682
3666,68016,4,310,3,OP3,FIXED_OPPONENT,train,SCRIPTED:OP3,1,3,2,1,18,0.1599999964237213,1,0,1,11.0,9.405055575900608,1.5,1.0,-0.029105260968208313,0.029999999329447746,2.0,200.0,0.0,0.7616007924079895
3667,68016,4,310,0,OP3,FIXED_OPPONENT,train,SCRIPTED:OP3,1,3,2,1,18,0.3199999928474426,1,0,5,11.0,9.969813028971354,1.5,0.4000000059604645,0.007836863398551941,0.014999999664723873,1.0,100.0,0.0,0.5681931972503662
3668,68032,4,312,0,OP3,FIXED_OPPONENT,train,SCRIPTED:OP3,1,3,2,1,17,0.23999999463558197,1,0,1,11.0,9.286856258616728,1.5,0.0,0.008860334753990173,0.0,0.0,0.0,0.0,0.32165393233299255
3669,68064,4,316,0,OP3,FIXED_OPPONENT,train,SCRIPTED:OP3,0,3,3,0,19,0.19999998807907104,1,0,9,12.0,10.02452970805921,-0.699999988079071,0.0,0.008873611688613892,0.0,0.0,0.0,0.0,-0.15415890514850616
3670,68064,4,316,2,OP3,FIXED_OPPONENT,train,SCRIPTED:OP3,0,3,3,0,21,0.19999998807907104,1,0,5,14.0,8.679182506742931,-0.699999988079071,0.0,-0.005272567272186279,0.0,0.0,0.0,0.0,-0.1544044017791748
3671,68080,4,318,1,OP3,FIXED_OPPONENT,train,SCRIPTED:OP3,0,2,3,-1,19,0.1599999964237213,1,0,3,12.0,11.449615478515625,-1.2000000476837158,-0.5,-0.008180037140846252,0.019999999552965164,-1.0,-100.0,0.0,-0.5369001030921936
3672,68088,4,319,0,OP3,FIXED_OPPONENT,train,SCRIPTED:OP3,0,2,3,-1,18,0.11999999731779099,1,0,1,11.0,10.916082594129774,-1.2000000476837158,-0.5,0.011114999651908875,0.019999999552965164,-1.0,-100.0,0.0,-0.5366559028625488
3673,68112,4,322,2,OP3,FIXED_OPPONENT,train,SCRIPTED:OP3,0,2,3,-1,20,0.23999999463558197,1,0,6,13.0,10.447491455078126,-1.2000000476837158,-0.5,0.015388041734695435,0.019999999552965164,-1.0,-100.0,-0.019999999552965164,-0.5397589206695557
3674,68144,4,326,3,OP3,FIXED_OPPONENT,train,SCRIPTED:OP3,1,3,1,2,16,0.23999999463558197,1,0,1,11.0,11.231842994689941,1.5,0.4000000059604645,0.005188360810279846,0.014999999664723873,1.0,100.0,-0.03999999910593033,0.5621113777160645
3675,68160,4,328,3,OP3,FIXED_OPPONENT,train,SCRIPTED:OP3,0,2,3,-1,18,0.23999999463558197,1,0,0,11.0,11.906622992621529,-1.2000000476837158,-0.4000000059604645,0.007332742214202881,0.019999999552965164,-1.0,-100.0,0.0,-0.5206942558288574
3676,68184,4,331,0,OP3,FIXED_OPPONENT,train,SCRIPTED:OP3,1,3,2,1,19,0.2800000011920929,1,0,0,12.0,10.256163747687088,1.5,0.5,-0.00423683226108551,0.029999999329447746,1.0,100.0,0.0,0.5830853581428528
3677,68184,4,331,2,OP3,FIXED_OPPONENT,train,SCRIPTED:OP3,1,3,1,2,15,0.2800000011920929,1,0,0,11.0,11.210507202148438,1.5,0.5,0.011647611856460571,0.014999999664723873,1.0,100.0,-0.019999999552965164,0.5801547765731812
3678,68208,4,334,0,OP3,FIXED_OPPONENT,train,SCRIPTED:OP3,1,3,2,1,18,0.19999998807907104,1,0,0,11.0,10.78384060329861,1.5,0.4000000059604645,-0.008757665753364563,0.014999999664723873,1.0,100.0,0.0,0.5679932832717896
3679,68216,4,335,2,OP3,FIXED_OPPONENT,train,SCRIPTED:OP3,1,3,2,1,17,0.1599999964237213,1,0,4,11.0,10.873731725356159,1.5,1.0,0.010830894112586975,0.029999999329447746,2.0,200.0,0.0,0.7618988752365112
3680,68240,4,338,0,OP3,FIXED_OPPONENT,train,SCRIPTED:OP3,1,3,2,1,19,0.2800000011920929,1,0,2,11.0,9.393974705746299,1.5,0.4000000059604645,-0.010364994406700134,0.029999999329447746,1.0,100.0,0.0,0.5681545734405518
3681,68256,4,340,2,OP3,FIXED_OPPONENT,train,SCRIPTED:OP3,0,2,3,-1,18,0.3199999928474426,1,0,2,11.0,10.116093105740017,-1.2000000476837158,-0.5,0.015160903334617615,0.0,-1.0,-100.0,-0.019999999552965164,-0.5400136709213257
3682,68296,4,345,0,OP3,FIXED_OPPONENT,train,SCRIPTED:OP3,1,3,2,1,19,0.2800000011920929,1,0,4,13.0,10.393471165707236,1.5,0.5,-0.017870962619781494,0.014999999664723873,1.0,100.0,0.0,0.5827492475509644
3683,68320,4,348,2,OP3,FIXED_OPPONENT,train,SCRIPTED:OP3,1,3,2,1,20,0.19999998807907104,1,0,3,13.0,9.368367004394532,1.5,0.5,0.0038650333881378174,0.029999999329447746,1.0,100.0,0.0,0.58318030834198
3684,68336,4,350,0,OP3,FIXED_OPPONENT,train,SCRIPTED:OP3,1,3,2,1,16,0.1599999964237213,1,0,1,11.0,11.130759239196777,1.5,0.4000000059604645,5.3882598876953125e-05,0.029999999329447746,1.0,100.0,-0.019999999552965164,0.5652632117271423
3685,68352,4,352,1,OP3,FIXED_OPPONENT,train,SCRIPTED:OP3,1,3,2,1,21,0.23999999463558197,1,0,6,11.0,9.9208497546968,1.5,0.5,0.004566013813018799,0.029999999329447746,1.0,100.0,0.0,0.5831885933876038
3686,68360,4,353,0,OP3,FIXED_OPPONENT,train,SCRIPTED:OP3,0,2,3,-1,18,0.19999998807907104,1,0,3,12.0,9.863949245876736,-1.2000000476837158,-0.5,-0.006290122866630554,0.0,-1.0,-100.0,-0.019999999552965164,-0.5402838587760925
3687,68360,4,353,2,OP3,FIXED_OPPONENT,train,SCRIPTED:OP3,1,3,2,1,22,0.2800000011920929,1,0,1,15.0,10.386812383478338,1.5,0.5,-0.0027263984084129333,0.029999999329447746,1.0,100.0,0.0,0.5831030607223511
3688,68384,4,356,3,OP3,FIXED_OPPONENT,train,SCRIPTED:OP3,0,3,3,0,18,0.23999999463558197,1,0,2,11.0,11.564073350694445,-0.699999988079071,0.0,0.007799774408340454,0.0,0.0,0.0,0.0,-0.15417753159999847
3689,68408,4,359,0,OP3,FIXED_OPPONENT,train,SCRIPTED:OP3,1,3,2,1,19,0.23999999463558197,1,0,1,12.0,10.138988294099507,1.5,0.5,0.002979084849357605,0.029999999329447746,1.0,100.0,0.0,0.5831699371337891
3690,68440,4,363,1,OP3,FIXED_OPPONENT,train,SCRIPTED:OP3,0,2,3,-1,18,0.23999999463558197,1,0,2,11.0,11.616877237955729,-1.2000000476837158,-0.4000000059604645,-0.010357171297073364,0.0,-1.0,-100.0,0.0,-0.5211824774742126
3691,68464,4,366,3,OP3,FIXED_OPPONENT,train,SCRIPTED:OP3,1,3,2,1,18,0.2800000011920929,1,0,2,11.0,10.857081943088108,1.5,0.0,-0.0044640302658081055,0.0,0.0,0.0,0.0,0.32144156098365784
3692,68480,4,368,3,OP3,FIXED_OPPONENT,train,SCRIPTED:OP3,0,2,3,-1,18,0.23999999463558197,1,0,1,11.0,10.601231045193142,-1.2000000476837158,-0.5,0.015156373381614685,0.0,-1.0,-100.0,0.0,-0.5368579030036926
3693,68496,4,370,0,OP3,FIXED_OPPONENT,train,SCRIPTED:OP3,1,3,2,1,18,0.23999999463558197,1,0,0,11.0,11.777408175998264,1.5,0.4000000059604645,0.008946672081947327,0.014999999664723873,1.0,100.0,0.0,0.5682064294815063
3694,68504,4,371,1,OP3,FIXED_OPPONENT,train,SCRIPTED:OP3,1,3,2,1,18,0.23999999463558197,1,0,0,11.0,10.142784118652344,1.5,0.4000000059604645,-0.008941277861595154,0.014999999664723873,1.0,100.0,0.0,0.5679910182952881
3695,68512,4,372,1,OP3,FIXED_OPPONENT,train,SCRIPTED:OP3,1,3,2,1,19,0.1599999964237213,1,0,2,13.0,10.375465794613486,1.5,0.5,-0.0074240416288375854,0.029999999329447746,1.0,100.0,-0.019999999552965164,0.5801067352294922
3696,68528,4,374,1,OP3,FIXED_OPPONENT,train,SCRIPTED:OP3,1,3,2,1,18,0.07999999821186066,1,0,2,11.0,11.229703267415365,1.5,0.5,-0.018665388226509094,0.029999999329447746,1.0,100.0,0.0,0.5829159021377563
3697,68552,4,377,2,OP3,FIXED_OPPONENT,train,SCRIPTED:OP3,0,3,3,0,18,0.1599999964237213,1,0,4,11.0,9.837378607855904,-0.699999988079071,0.0,-0.010148167610168457,0.0,0.0,0.0,0.0,-0.15448901057243347
3698,68592,4,382,3,OP3,FIXED_OPPONENT,train,SCRIPTED:OP3,0,2,3,-1,19,0.23999999463558197,1,0,1,12.0,10.19613245913857,-1.2000000476837158,-0.5,-0.01035374402999878,0.0,-1.0,-100.0,0.0,-0.5371805429458618
3699,68624,4,386,1,OP3,FIXED_OPPONENT,train,SCRIPTED:OP3,1,3,2,1,20,0.23999999463558197,1,0,2,12.0,10.721222686767579,1.5,0.5,-0.036435723304748535,0.029999999329447746,1.0,100.0,-0.03999999910593033,0.5768063068389893
3700,68624,4,386,0,OP3,FIXED_OPPONENT,train,SCRIPTED:OP3,0,2,3,-1,18,0.19999998807907104,1,0,1,11.0,9.767359415690104,-1.2000000476837158,-0.5,0.014729544520378113,0.0,-1.0,-100.0,0.0,-0.5368632674217224
3701,68640,4,388,1,OP3,FIXED_OPPONENT,train,SCRIPTED:OP3,1,3,1,2,16,0.19999998807907104,1,0,0,12.0,9.148102760314941,1.5,0.4000000059604645,0.0010617822408676147,0.02499999850988388,1.0,100.0,-0.019999999552965164,0.5652148723602295
3702,68640,4,388,2,OP3,FIXED_OPPONENT,train,SCRIPTED:OP3,0,2,3,-1,18,0.2800000011920929,1,0,9,11.0,9.283587985568577,-1.2000000476837158,-0.4000000059604645,-0.00982820987701416,0.019999999552965164,-1.0,-100.0,0.0,-0.5209166407585144
3703,68648,4,389,2,OP3,FIXED_OPPONENT,train,SCRIPTED:OP3,0,2,3,-1,18,0.1599999964237213,1,0,7,11.0,9.341013590494791,-1.2000000476837158,-0.5,0.013736441731452942,0.019999999552965164,-1.0,-100.0,0.0,-0.5366227626800537
3704,68672,4,392,3,OP3,FIXED_OPPONENT,train,SCRIPTED:OP3,0,3,3,0,18,0.23999999463558197,1,0,2,11.0,9.737122429741753,-0.699999988079071,0.0,0.007824152708053589,0.0,0.0,0.0,0.0,-0.15417711436748505
3705,68696,4,395,1,OP3,FIXED_OPPONENT,train,SCRIPTED:OP3,1,3,2,1,18,0.2800000011920929,1,0,6,12.0,8.770913865831163,1.5,0.5,-0.011829562485218048,0.029999999329447746,1.0,100.0,0.0,0.5829962491989136
3706,68744,4,401,0,OP3,FIXED_OPPONENT,train,SCRIPTED:OP3,1,3,2,1,19,0.19999998807907104,1,0,2,11.0,9.999229832699424,1.5,0.5,-0.02233654260635376,0.014999999664723873,1.0,100.0,0.0,0.582696795463562
3707,68768,4,404,3,OP3,FIXED_OPPONENT,train,SCRIPTED:OP3,0,2,3,-1,18,0.11999999731779099,1,0,3,11.0,11.077228122287327,-1.2000000476837158,-0.4000000059604645,-0.010669350624084473,0.019999999552965164,-1.0,-100.0,-0.019999999552965164,-0.5241584181785583
3708,68768,4,404,2,OP3,FIXED_OPPONENT,train,SCRIPTED:OP3,0,3,3,0,18,0.2800000011920929,1,0,2,11.0,11.102709452311197,-0.699999988079071,0.0,0.006668902933597565,0.0,0.0,0.0,0.0,-0.15419715642929077
3709,68784,4,406,3,OP3,FIXED_OPPONENT,train,SCRIPTED:OP3,1,3,1,2,18,0.23999999463558197,1,0,1,11.0,10.071154276529947,1.5,0.5,-0.030042514204978943,0.014999999664723873,1.0,100.0,0.0,0.582606315612793
3710,68784,4,406,0,OP3,FIXED_OPPONENT,train,SCRIPTED:OP3,0,2,3,-1,17,0.2800000011920929,1,0,3,12.0,8.934142168830423,-1.2000000476837158,-0.5,0.010350018739700317,0.019999999552965164,-1.0,-100.0,0.0,-0.5366655588150024
3711,68792,4,407,2,OP3,FIXED_OPPONENT,train,SCRIPTED:OP3,0,2,3,-1,19,0.2800000011920929,1,0,5,12.0,9.137848703484787,-1.2000000476837158,-0.5,-0.012410253286361694,0.0,-1.0,-100.0,0.0,-0.5372065305709839
3712,68832,4,412,2,OP3,FIXED_OPPONENT,train,SCRIPTED:OP3,0,2,3,-1,20,0.35999998450279236,1,0,4,14.0,9.911788940429688,-1.2000000476837158,-0.5,0.014795392751693726,0.0,-1.0,-100.0,0.0,-0.5368624329566956
3713,68856,4,415,3,OP3,FIXED_OPPONENT,train,SCRIPTED:OP3,1,3,2,1,20,0.2800000011920929,1,0,0,13.0,11.400667572021485,1.5,0.5,-0.028590723872184753,0.029999999329447746,1.0,100.0,-0.019999999552965164,0.5798569917678833
3714,68904,4,421,2,OP3,FIXED_OPPONENT,train,SCRIPTED:OP3,0,2,3,-1,17,0.1599999964237213,1,0,8,11.0,8.819540584788603,-1.2000000476837158,-0.5,0.009318634867668152,0.019999999552965164,-1.0,-100.0,0.0,-0.536678671836853
3715,68912,4,422,1,OP3,FIXED_OPPONENT,train,SCRIPTED:OP3,0,3,3,0,21,0.3999999761581421,1,0,0,11.0,10.893900553385416,-0.699999988079071,0.0,-0.010094061493873596,0.0,0.0,0.0,0.0,-0.15448807179927826
3716,68912,4,422,3,OP3,FIXED_OPPONENT,train,SCRIPTED:OP3,1,3,2,1,18,0.19999998807907104,1,0,1,12.0,10.591148376464844,1.5,0.5,0.0005187392234802246,0.029999999329447746,1.0,100.0,0.0,0.5831410884857178
3717,68928,4,424,1,OP3,FIXED_OPPONENT,train,SCRIPTED:OP3,0,2,3,-1,18,0.2800000011920929,1,0,2,11.0,9.593801710340712,-1.2000000476837158,-0.5,-0.004500135779380798,0.019999999552965164,-1.0,-100.0,0.0,-0.536853551864624
3718,68944,4,426,2,OP3,FIXED_OPPONENT,train,SCRIPTED:OP3,0,2,3,-1,19,0.19999998807907104,1,0,2,12.0,10.280742444490132,-1.2000000476837158,-0.4000000059604645,-0.00838865339756012,0.019999999552965164,-1.0,-100.0,0.0,-0.5208979249000549
3719,68944,4,426,3,OP3,FIXED_OPPONENT,train,SCRIPTED:OP3,0,2,3,-1,20,0.23999999463558197,1,0,5,12.0,11.214112854003906,-1.2000000476837158,-0.5,0.011885762214660645,0.019999999552965164,-1.0,-100.0,-0.019999999552965164,-0.5398030281066895
3720,68976,4,430,2,OP3,FIXED_OPPONENT,train,SCRIPTED:OP3,0,2,3,-1,18,0.1599999964237213,1,0,1,11.0,10.072731865776909,-1.2000000476837158,-0.5,-0.0018597245216369629,0.019999999552965164,-1.0,-100.0,0.0,-0.536820113658905
3721,69016,4,435,3,OP3,FIXED_OPPONENT,train,SCRIPTED:OP3,1,3,2,1,20,0.19999998807907104,1,0,5,14.0,9.158988952636719,1.5,0.5,-0.03450465202331543,0.029999999329447746,1.0,100.0,-0.019999999552965164,0.5797871947288513
3722,69048,4,439,2,OP3,FIXED_OPPONENT,train,SCRIPTED:OP3,0,2,3,-1,18,0.1599999964237213,1,0,2,11.0,10.83951907687717,-1.2000000476837158,-0.4000000059604645,-0.009802863001823425,0.019999999552965164,-1.0,-100.0,0.0,-0.5209162831306458
3723,69056,4,440,1,OP3,FIXED_OPPONENT,train,SCRIPTED:OP3,0,2,3,-1,18,0.1599999964237213,1,0,3,11.0,10.92648654513889,-1.2000000476837158,-0.5,-0.004513680934906006,0.019999999552965164,-1.0,-100.0,-0.019999999552965164,-0.540009617805481
3724,69064,4,441,1,OP3,FIXED_OPPONENT,train,SCRIPTED:OP3,1,3,2,1,17,0.19999998807907104,1,0,0,11.0,11.904735789579505,1.5,0.5,-0.014693140983581543,0.029999999329447746,1.0,100.0,0.0,0.5829626321792603
3725,69072,4,442,3,OP3,FIXED_OPPONENT,train,SCRIPTED:OP3,0,2,3,-1,20,0.2800000011920929,1,0,5,13.0,9.221714782714844,-1.2000000476837158,-0.5,-0.004703938961029053,0.0,-1.0,-100.0,-0.019999999552965164,-0.540263831615448
3726,69096,4,445,1,OP3,FIXED_OPPONENT,train,SCRIPTED:OP3,0,2,3,-1,19,0.23999999463558197,1,0,5,12.0,9.953612478155838,-1.2000000476837158,-0.5,0.00039352476596832275,0.019999999552965164,-1.0,-100.0,0.0,-0.5367916226387024
3727,69096,4,445,1,OP3,FIXED_OPPONENT,train,SCRIPTED:OP3,0,2,3,-1,19,0.2800000011920929,1,0,5,12.0,10.52680888928865,-1.2000000476837158,-0.5,-0.0047646015882492065,0.019999999552965164,-1.0,-100.0,0.0,-0.5368568897247314
3728,69112,4,447,1,OP3,FIXED_OPPONENT,train,SCRIPTED:OP3,1,3,2,1,17,0.23999999463558197,1,0,0,12.0,8.6395066205193,1.5,0.4000000059604645,-0.010476097464561462,0.014999999664723873,1.0,100.0,0.0,0.5679726600646973
3729,69168,4,454,3,OP3,FIXED_OPPONENT,train,SCRIPTED:OP3,0,2,3,-1,15,0.1599999964237213,1,0,0,11.0,11.38328348795573,-1.2000000476837158,0.0,-0.004666648805141449,0.0,0.0,0.0,-0.03999999910593033,-0.26886361837387085
3730,69184,4,456,3,OP3,FIXED_OPPONENT,train,SCRIPTED:OP3,1,3,2,1,21,0.23999999463558197,1,0,0,14.0,11.059890747070312,1.5,0.5,0.016066819429397583,0.029999999329447746,1.0,100.0,0.0,0.5833234786987305
3731,69208,4,459,3,OP3,FIXED_OPPONENT,train,SCRIPTED:OP3,0,2,3,-1,18,0.1599999964237213,1,0,1,11.0,10.574039883083767,-1.2000000476837158,-0.4000000059604645,0.00021283328533172607,0.0,-1.0,-100.0,0.0,-0.5210456252098083
3732,69208,4,459,1,OP3,FIXED_OPPONENT,train,SCRIPTED:OP3,0,2,3,-1,19,0.11999999731779099,1,0,2,12.0,10.473237690172697,-1.2000000476837158,-0.4000000059604645,-0.008497238159179688,0.0,-1.0,-100.0,0.0,-0.5211583971977234
3733,69224,4,461,0,OP3,FIXED_OPPONENT,train,SCRIPTED:OP3,1,3,2,1,16,0.19999998807907104,1,0,0,12.0,9.81462574005127,1.5,0.0,-0.002092882990837097,0.0,0.0,0.0,-0.019999999552965164,0.31748855113983154
3734,69232,4,462,0,OP3,FIXED_OPPONENT,train,SCRIPTED:OP3,1,3,2,1,20,0.19999998807907104,1,0,0,13.0,9.695835876464844,1.5,0.5,-0.01947750151157379,0.029999999329447746,1.0,100.0,-0.019999999552965164,0.5799645781517029
3735,69248,4,464,3,OP3,FIXED_OPPONENT,train,SCRIPTED:OP3,0,3,3,0,19,0.23999999463558197,0,1,7,12.0,9.765228271484375,-0.699999988079071,0.0,-0.0010794997215270996,0.0,0.0,0.0,0.0,-0.15433163940906525
3736,69264,4,466,3,OP3,FIXED_OPPONENT,train,SCRIPTED:OP3,0,3,3,0,19,0.11999999731779099,0,1,2,12.0,10.006192659076891,-0.699999988079071,0.0,0.007196173071861267,0.0,0.0,0.0,0.0,-0.15418800711631775
3737,69312,4,472,1,OP3,FIXED_OPPONENT,train,SCRIPTED:OP3,1,3,2,1,18,0.11999999731779099,1,0,1,12.0,9.740799797905815,1.5,0.4000000059604645,-0.0005395561456680298,0.014999999664723873,1.0,100.0,0.0,0.5680923461914062
3738,69344,4,476,0,OP3,FIXED_OPPONENT,train,SCRIPTED:OP3,1,3,2,1,20,0.35999998450279236,1,0,1,12.0,9.874652862548828,1.5,0.0,-0.008283928036689758,0.0,0.0,0.0,0.0,0.3213806450366974
3739,69352,4,477,0,OP3,FIXED_OPPONENT,train,SCRIPTED:OP3,1,3,2,1,18,0.19999998807907104,1,0,2,11.0,10.475119696723091,1.5,0.5,-0.02861247956752777,0.029999999329447746,1.0,100.0,0.0,0.5827992558479309
3740,69360,4,478,1,OP3,FIXED_OPPONENT,train,SCRIPTED:OP3,0,2,3,-1,19,0.2800000011920929,1,0,1,11.0,11.303063643606086,-1.2000000476837158,-0.5,-0.005887091159820557,0.019999999552965164,-1.0,-100.0,0.0,-0.5368711352348328
3741,69376,4,480,3,OP3,FIXED_OPPONENT,train,SCRIPTED:OP3,0,2,3,-1,19,0.2800000011920929,1,0,7,11.0,9.069751137181333,-1.2000000476837158,-0.5,0.01114952564239502,0.019999999552965164,-1.0,-100.0,0.0,-0.5366554856300354
3742,69392,4,482,2,OP3,FIXED_OPPONENT,train,SCRIPTED:OP3,0,2,3,-1,20,0.1599999964237213,1,0,4,13.0,10.209143829345702,-1.2000000476837158,-0.4000000059604645,-0.01068297028541565,0.019999999552965164,-1.0,-100.0,-0.019999999552965164,-0.5241585373878479
3743,69408,4,484,2,OP3,FIXED_OPPONENT,train,SCRIPTED:OP3,1,3,1,2,18,0.23999999463558197,1,0,1,11.0,9.23449961344401,1.5,0.5,-0.02897004783153534,0.014999999664723873,1.0,100.0,-0.019999999552965164,0.5796754360198975
3744,69408,4,484,2,OP3,FIXED_OPPONENT,train,SCRIPTED:OP3,1,3,2,1,20,0.35999998450279236,1,0,3,13.0,9.991558837890626,1.5,0.4000000059604645,-0.005483180284500122,0.014999999664723873,1.0,100.0,0.0,0.5680327415466309
3745,69456,4,490,2,OP3,FIXED_OPPONENT,train,SCRIPTED:OP3,1,3,2,1,18,0.3199999928474426,1,0,0,11.0,10.886801825629341,1.5,0.4000000059604645,0.006053060293197632,0.029999999329447746,1.0,100.0,-0.019999999552965164,0.5653358697891235
3746,69488,4,494,0,OP3,FIXED_OPPONENT,train,SCRIPTED:OP3,0,2,3,-1,18,0.23999999463558197,1,0,3,11.0,10.11336941189236,-1.2000000476837158,-0.5,-0.0068208277225494385,0.019999999552965164,-1.0,-100.0,-0.019999999552965164,-0.5400387048721313
3747,69504,4,496,0,OP3,FIXED_OPPONENT,train,SCRIPTED:OP3,1,3,2,1,19,0.1599999964237213,1,0,0,12.0,11.533841584858141,1.5,0.4000000059604645,-0.006817638874053955,0.029999999329447746,1.0,100.0,0.0,0.5681972503662109
3748,69504,4,496,0,OP3,FIXED_OPPONENT,train,SCRIPTED:OP3,0,2,3,-1,18,0.2800000011920929,1,0,0,11.0,11.185999552408854,-1.2000000476837158,-0.4000000059604645,0.004810452461242676,0.019999999552965164,-1.0,-100.0,0.0,-0.5207269787788391
3749,69520,4,498,3,OP3,FIXED_OPPONENT,train,SCRIPTED:OP3,1,3,2,1,16,0.23999999463558197,1,0,2,12.0,12.024054527282715,1.5,0.4000000059604645,0.00316813588142395,0.014999999664723873,1.0,100.0,-0.019999999552965164,0.5651193857192993
3750,69528,4,499,2,OP3,FIXED_OPPONENT,train,SCRIPTED:OP3,1,3,2,1,19,0.2800000011920929,1,0,0,12.0,10.225000481856497,1.5,0.5,-0.005466893315315247,0.014999999664723873,1.0,100.0,0.0,0.5828948616981506
3751,69552,4,502,3,OP3,FIXED_OPPONENT,train,SCRIPTED:OP3,1,3,2,1,18,0.23999999463558197,1,0,0,11.0,12.01492648654514,1.5,0.5,0.010777845978736877,0.029999999329447746,1.0,100.0,0.0,0.5832614898681641
3752,69560,4,503,2,OP3,FIXED_OPPONENT,train,SCRIPTED:OP3,0,3,3,0,19,0.35999998450279236,1,0,7,12.0,9.284427040501646,-0.699999988079071,0.5,-0.00595034658908844,0.0,1.0,100.0,0.0,0.17582575976848602
3753,69608,4,509,0,OP3,FIXED_OPPONENT,train,SCRIPTED:OP3,0,2,3,-1,19,0.1599999964237213,1,0,5,12.0,10.375646490799753,-1.2000000476837158,-0.4000000059604645,0.007637649774551392,0.019999999552965164,-1.0,-100.0,0.0,-0.520690381526947
3754,69632,4,512,2,OP3,FIXED_OPPONENT,train,SCRIPTED:OP3,0,2,3,-1,18,0.1599999964237213,1,0,5,11.0,10.920956081814236,-1.2000000476837158,0.0,-0.005390182137489319,0.019999999552965164,0.0,0.0,0.0,-0.2602783143520355
3755,69648,4,514,2,OP3,FIXED_OPPONENT,train,SCRIPTED:OP3,1,3,2,1,18,0.1599999964237213,1,0,1,11.0,11.837806701660156,1.5,0.5,-0.02581048756837845,0.029999999329447746,1.0,100.0,0.0,0.5828321576118469
3756,69656,4,515,2,OP3,FIXED_OPPONENT,train,SCRIPTED:OP3,1,3,1,2,17,0.2800000011920929,1,0,0,12.0,10.715212653664981,1.5,0.5,-0.027239173650741577,0.014999999664723873,1.0,100.0,0.0,0.582639217376709
3757,69656,4,515,2,OP3,FIXED_OPPONENT,train,SCRIPTED:OP3,1,3,2,1,19,0.11999999731779099,1,0,0,11.0,11.104596589740954,1.5,0.4000000059604645,-0.0018222928047180176,0.029999999329447746,1.0,100.0,0.0,0.5682574510574341
3758,69680,4,518,3,OP3,FIXED_OPPONENT,train,SCRIPTED:OP3,1,3,2,1,19,0.19999998807907104,1,0,4,12.0,11.33692048725329,1.5,0.5,0.004168152809143066,0.029999999329447746,1.0,100.0,0.0,0.5831839442253113
3759,69696,4,520,0,OP3,FIXED_OPPONENT,train,SCRIPTED:OP3,0,2,3,-1,18,0.2800000011920929,1,0,1,11.0,11.505001491970486,-1.2000000476837158,-0.4000000059604645,-0.009117022156715393,0.019999999552965164,-1.0,-100.0,0.0,-0.5209074020385742
3760,69704,4,521,3,OP3,FIXED_OPPONENT,train,SCRIPTED:OP3,1,3,2,1,18,0.3199999928474426,1,0,3,11.0,9.047229342990452,1.5,0.4000000059604645,0.00678195059299469,0.014999999664723873,1.0,100.0,-0.019999999552965164,0.5651631355285645
3761,69760,4,528,0,OP3,FIXED_OPPONENT,train,SCRIPTED:OP3,0,2,3,-1,19,0.1599999964237213,0,1,6,12.0,10.507272820723685,-1.2000000476837158,-0.5,-0.00047832727432250977,0.019999999552965164,-1.0,-100.0,-0.019999999552965164,-0.5399587154388428
3762,69784,4,531,0,OP3,FIXED_OPPONENT,train,SCRIPTED:OP3,0,3,3,0,19,0.23999999463558197,1,0,0,12.0,10.357022737201891,-0.699999988079071,0.0,-0.0019237101078033447,0.0,0.0,0.0,0.0,-0.1543462872505188
3763,69792,4,532,2,OP3,FIXED_OPPONENT,train,SCRIPTED:OP3,1,3,2,1,18,0.1599999964237213,1,0,1,12.0,11.166269090440538,1.5,0.5,0.000634804368019104,0.029999999329447746,1.0,100.0,0.0,0.5831425189971924
3764,69800,4,533,2,OP3,FIXED_OPPONENT,train,SCRIPTED:OP3,1,3,2,1,18,0.23999999463558197,1,0,0,11.0,12.200330946180555,1.5,0.4000000059604645,0.00680948793888092,0.029999999329447746,1.0,100.0,-0.019999999552965164,0.5653449296951294
3765,69808,4,534,0,OP3,FIXED_OPPONENT,train,SCRIPTED:OP3,1,3,2,1,19,0.2800000011920929,1,0,3,12.0,11.17631611071135,1.5,0.5,-0.024779148399829865,0.029999999329447746,1.0,100.0,0.0,0.5828442573547363
3766,69840,4,538,2,OP3,FIXED_OPPONENT,train,SCRIPTED:OP3,0,2,3,-1,20,0.1599999964237213,1,0,1,11.0,11.483033752441406,-1.2000000476837158,-0.5,-6.349384784698486e-05,0.019999999552965164,-1.0,-100.0,-0.019999999552965164,-0.5399535894393921
3767,69848,4,539,1,OP3,FIXED_OPPONENT,train,SCRIPTED:OP3,1,3,2,1,18,0.2800000011920929,1,0,1,11.0,9.457238939073351,1.5,0.5,-0.043087273836135864,0.014999999664723873,1.0,100.0,0.0,0.5824531316757202
3768,69848,4,539,2,OP3,FIXED_OPPONENT,train,SCRIPTED:OP3,0,2,3,-1,19,0.1599999964237213,1,0,2,12.0,13.113446687397204,-1.2000000476837158,-0.5,0.001834779977798462,0.019999999552965164,-1.0,-100.0,0.0,-0.5367733836174011
3769,69912,4,547,0,OP3,FIXED_OPPONENT,train,SCRIPTED:OP3,0,1,3,-2,16,0.19999998807907104,1,0,1,12.0,10.617788314819336,-1.2000000476837158,-0.5,-0.01113136112689972,0.0,-1.0,-100.0,0.0,-0.537190318107605
3770,69912,4,547,0,OP3,FIXED_OPPONENT,train,SCRIPTED:OP3,0,2,3,-1,19,0.35999998450279236,1,0,3,12.0,9.886137309827303,-1.2000000476837158,-0.5,0.0016199350357055664,0.019999999552965164,-1.0,-100.0,-0.019999999552965164,-0.539932370185852
3771,69944,4,551,3,OP3,FIXED_OPPONENT,train,SCRIPTED:OP3,1,3,2,1,17,0.3199999928474426,1,0,4,11.0,9.783561257755055,1.5,0.5,-0.035190239548683167,0.029999999329447746,1.0,100.0,0.0,0.582722008228302
3772,69952,4,552,0,OP3,FIXED_OPPONENT,train,SCRIPTED:OP3,0,2,3,-1,19,0.11999999731779099,1,0,1,12.0,11.40209318462171,-1.2000000476837158,-0.5,-0.011059761047363281,0.019999999552965164,-1.0,-100.0,0.0,-0.5369365215301514
3773,69960,4,553,1,OP3,FIXED_OPPONENT,train,SCRIPTED:OP3,1,3,2,1,21,0.35999998450279236,1,0,3,14.0,9.541498819986979,1.5,0.4000000059604645,-0.010313361883163452,0.014999999664723873,1.0,100.0,0.0,0.5679745674133301
3774,69992,4,557,0,OP3,FIXED_OPPONENT,train,SCRIPTED:OP3,1,3,2,1,19,0.2800000011920929,1,0,1,12.0,9.96944146407278,1.5,0.5,-0.0187436044216156,0.029999999329447746,1.0,100.0,-0.019999999552965164,0.5799732208251953
3775,70000,4,558,0,OP3,FIXED_OPPONENT,train,SCRIPTED:OP3,1,3,2,1,19,0.23999999463558197,1,0,1,12.0,10.528166921515213,1.5,0.5,-0.018071353435516357,0.029999999329447746,1.0,100.0,0.0,0.5829229950904846
3776,70016,4,560,1,OP3,FIXED_OPPONENT,train,SCRIPTED:OP3,0,2,3,-1,21,0.35999998450279236,1,0,4,14.0,10.315619332449776,-1.2000000476837158,-0.5,0.006573200225830078,0.0,-1.0,-100.0,0.0,-0.5369665026664734
3777,70056,4,565,1,OP3,FIXED_OPPONENT,train,SCRIPTED:OP3,0,2,3,-1,18,0.19999998807907104,1,0,2,11.0,10.909816318088108,-1.2000000476837158,-0.4000000059604645,0.006882190704345703,0.019999999552965164,-1.0,-100.0,0.0,-0.5207001566886902
3778,70080,4,568,2,OP3,FIXED_OPPONENT,train,SCRIPTED:OP3,0,3,3,0,21,0.1599999964237213,1,0,1,13.0,11.430459158761161,-0.699999988079071,0.0,0.002617195248603821,0.0,0.0,0.0,0.0,-0.15426747500896454
3779,70080,4,568,2,OP3,FIXED_OPPONENT,train,SCRIPTED:OP3,0,2,3,-1,16,0.19999998807907104,1,0,3,12.0,10.007501602172852,-1.2000000476837158,-0.5,-0.011062070727348328,0.019999999552965164,-1.0,-100.0,-0.03999999910593033,-0.5432325005531311
3780,70088,4,569,2,OP3,FIXED_OPPONENT,train,SCRIPTED:OP3,1,3,2,1,16,0.19999998807907104,1,0,0,12.0,10.740090370178223,1.5,0.4000000059604645,0.004708200693130493,0.029999999329447746,1.0,100.0,0.0,0.568336009979248
3781,70112,4,572,2,OP3,FIXED_OPPONENT,train,SCRIPTED:OP3,0,2,3,-1,21,0.1599999964237213,1,0,10,12.0,10.287847609747024,-1.2000000476837158,-0.5,-0.009957194328308105,0.019999999552965164,-1.0,-100.0,0.0,-0.5369225740432739
3782,70136,4,575,3,OP3,FIXED_OPPONENT,train,SCRIPTED:OP3,1,3,2,1,18,0.23999999463558197,1,0,2,11.0,10.866749233669704,1.5,0.5,-0.027933038771152496,0.029999999329447746,1.0,100.0,0.0,0.5828072428703308
3783,70144,4,576,2,OP3,FIXED_OPPONENT,train,SCRIPTED:OP3,1,3,2,1,18,0.23999999463558197,1,0,2,11.0,11.010021633572048,1.5,0.4000000059604645,-0.009418383240699768,0.029999999329447746,1.0,100.0,0.0,0.5681660175323486
3784,70160,4,578,3,OP3,FIXED_OPPONENT,train,SCRIPTED:OP3,1,3,2,1,18,0.23999999463558197,1,0,4,11.0,9.908391316731771,1.5,0.5,0.0012999027967453003,0.029999999329447746,1.0,100.0,0.0,0.583150327205658
3785,70200,4,583,3,OP3,FIXED_OPPONENT,train,SCRIPTED:OP3,1,3,2,1,18,0.23999999463558197,1,0,0,11.0,11.491453382703993,1.5,0.5,-0.0163288414478302,0.029999999329447746,1.0,100.0,-0.019999999552965164,0.5800017714500427
3786,70232,4,587,1,OP3,FIXED_OPPONENT,train,SCRIPTED:OP3,0,2,3,-1,19,0.2800000011920929,1,0,4,12.0,9.311154014185854,-1.2000000476837158,-0.5,-0.006034091114997864,0.019999999552965164,-1.0,-100.0,-0.019999999552965164,-0.5400287508964539
3787,70240,4,588,1,OP3,FIXED_OPPONENT,train,SCRIPTED:OP3,0,3,3,0,19,0.2800000011920929,0,2,4,12.0,9.653586939761514,-0.699999988079071,0.0,0.008936509490013123,0.0,0.0,0.0,0.0,-0.154157817363739
3788,70240,4,588,0,OP3,FIXED_OPPONENT,train,SCRIPTED:OP3,0,3,3,0,20,0.35999998450279236,1,0,1,13.0,10.333650970458985,-0.699999988079071,0.0,0.0017261505126953125,0.0,0.0,0.0,-0.019999999552965164,-0.15861858427524567
3789,70264,4,591,1,OP3,FIXED_OPPONENT,train,SCRIPTED:OP3,0,2,3,-1,19,0.1599999964237213,1,0,0,12.0,11.648543508429276,-1.2000000476837158,-0.5,0.003608986735343933,0.0,-1.0,-100.0,-0.019999999552965164,-0.5401591658592224
3790,70288,4,594,1,OP3,FIXED_OPPONENT,train,SCRIPTED:OP3,1,3,2,1,19,0.19999998807907104,1,0,4,13.0,11.37411177785773,1.5,1.0,0.007450565695762634,0.029999999329447746,2.0,200.0,-0.019999999552965164,0.760002613067627
3791,70288,4,594,1,OP3,FIXED_OPPONENT,train,SCRIPTED:OP3,0,2,3,-1,18,0.19999998807907104,1,0,3,11.0,9.995791965060764,-1.2000000476837158,-0.4000000059604645,-0.00902719795703888,0.019999999552965164,-1.0,-100.0,0.0,-0.5209062099456787
3792,70328,4,599,2,OP3,FIXED_OPPONENT,train,SCRIPTED:OP3,0,3,3,0,21,0.23999999463558197,1,0,9,14.0,10.327039446149554,-0.699999988079071,0.0,-0.009587518870830536,0.0,0.0,0.0,0.0,-0.1544792801141739
3793,70360,4,603,0,OP3,FIXED_OPPONENT,train,SCRIPTED:OP3,1,3,2,1,20,0.23999999463558197,1,0,3,13.0,9.90384521484375,1.5,1.0,-0.010322213172912598,0.029999999329447746,2.0,200.0,-0.019999999552965164,0.7598691582679749
3794,70368,4,604,0,OP3,FIXED_OPPONENT,train,SCRIPTED:OP3,1,3,2,1,17,0.19999998807907104,1,0,0,12.0,12.473374310661764,1.5,0.5,-0.03505606949329376,0.029999999329447746,1.0,100.0,0.0,0.5827236175537109
3795,70368,4,604,1,OP3,FIXED_OPPONENT,train,SCRIPTED:OP3,1,3,1,2,16,0.1599999964237213,1,0,0,11.0,11.137812614440918,1.5,0.4000000059604645,-0.00387641042470932,0.029999999329447746,1.0,100.0,-0.019999999552965164,0.5652157068252563
3796,70392,4,607,3,OP3,FIXED_OPPONENT,train,SCRIPTED:OP3,0,2,3,-1,19,0.19999998807907104,1,0,3,12.0,10.493608976665296,-1.2000000476837158,0.0,-0.0027902722358703613,0.019999999552965164,0.0,0.0,0.0,-0.2602352499961853
3797,70432,4,612,0,OP3,FIXED_OPPONENT,train,SCRIPTED:OP3,1,3,2,1,21,0.19999998807907104,1,0,7,13.0,10.32855951218378,1.5,0.5,-0.006572552025318146,0.029999999329447746,1.0,100.0,0.0,0.5830578804016113
3798,70440,4,613,1,OP3,FIXED_OPPONENT,train,SCRIPTED:OP3,0,2,3,-1,19,0.23999999463558197,1,0,1,12.0,11.570913214432565,-1.2000000476837158,-0.5,0.005854412913322449,0.019999999552965164,-1.0,-100.0,-0.019999999552965164,-0.5398789644241333
3799,70448,4,614,2,OP3,FIXED_OPPONENT,train,SCRIPTED:OP3,0,2,3,-1,20,0.23999999463558197,1,0,1,13.0,11.70294647216797,-1.2000000476837158,-0.5,0.01526246964931488,0.019999999552965164,-1.0,-100.0,-0.019999999552965164,-0.5397605299949646
3800,70472,4,617,0,OP3,FIXED_OPPONENT,train,SCRIPTED:OP3,0,2,3,-1,18,0.23999999463558197,1,0,1,12.0,10.555130852593315,-1.2000000476837158,-0.4000000059604645,-0.010628670454025269,0.0,-1.0,-100.0,0.0,-0.5211859941482544
3801,70528,4,624,3,OP3,FIXED_OPPONENT,train,SCRIPTED:OP3,0,2,3,-1,20,0.2800000011920929,1,0,2,12.0,11.58751983642578,-1.2000000476837158,-0.5,-0.0035166293382644653,0.0,-1.0,-100.0,-0.019999999552965164,-0.5402488708496094
3802,70528,4,624,0,OP3,FIXED_OPPONENT,train,SCRIPTED:OP3,0,3,3,0,21,0.19999998807907104,1,0,2,13.0,10.944093250093006,-0.699999988079071,0.0,-0.007638320326805115,0.0,0.0,0.0,-0.019999999552965164,-0.15878088772296906
3803,70528,4,624,2,OP3,FIXED_OPPONENT,train,SCRIPTED:OP3,1,3,2,1,20,0.23999999463558197,1,0,4,11.0,10.671113586425781,1.5,0.5,-0.02236318588256836,0.029999999329447746,1.0,100.0,-0.019999999552965164,0.5799305438995361
3804,70544,4,626,1,OP3,FIXED_OPPONENT,train,SCRIPTED:OP3,0,3,3,0,19,0.3199999928474426,1,0,5,12.0,9.495676141036185,-0.699999988079071,0.0,-0.00020688772201538086,0.0,0.0,0.0,0.0,-0.1543164998292923
3805,70576,4,630,0,OP3,FIXED_OPPONENT,train,SCRIPTED:OP3,0,2,3,-1,18,0.1599999964237213,1,0,2,11.0,11.152996487087673,-1.2000000476837158,-0.30000001192092896,-0.010562717914581299,0.019999999552965164,-1.0,-100.0,0.0,-0.5045472979545593
3806,70584,4,631,3,OP3,FIXED_OPPONENT,train,SCRIPTED:OP3,0,2,3,-1,18,0.23999999463558197,1,0,2,11.0,11.721372816297743,-1.2000000476837158,-0.5,-0.008013248443603516,0.0,-1.0,-100.0,0.0,-0.5371509194374084
3807,70608,4,634,1,OP3,FIXED_OPPONENT,train,SCRIPTED:OP3,0,2,3,-1,20,0.23999999463558197,1,0,4,13.0,10.291537475585937,-1.2000000476837158,-0.5,0.014903619885444641,0.019999999552965164,-1.0,-100.0,-0.019999999552965164,-0.5397650003433228
3808,70624,4,636,1,OP3,FIXED_OPPONENT,train,SCRIPTED:OP3,0,3,3,0,19,0.35999998450279236,1,0,2,12.0,10.47025580155222,-0.699999988079071,0.0,0.006498157978057861,0.0,0.0,0.0,0.0,-0.15420012176036835
3809,70672,4,642,3,OP3,FIXED_OPPONENT,train,SCRIPTED:OP3,0,2,3,-1,18,0.2800000011920929,1,0,4,11.0,10.170804341634115,-1.2000000476837158,-0.4000000059604645,-0.010488823056221008,0.0,-1.0,-100.0,0.0,-0.5211842060089111
3810,70688,4,644,2,OP3,FIXED_OPPONENT,train,SCRIPTED:OP3,1,3,2,1,20,0.35999998450279236,1,0,3,13.0,9.878346252441407,1.5,0.4000000059604645,-0.010451212525367737,0.029999999329447746,1.0,100.0,-0.019999999552965164,0.5651361346244812
3811,70704,4,646,3,OP3,FIXED_OPPONENT,train,SCRIPTED:OP3,1,3,2,1,22,0.19999998807907104,1,0,6,14.0,9.47895674272017,1.5,0.5,-0.034444212913513184,0.029999999329447746,1.0,100.0,-0.019999999552965164,0.5797879695892334
3812,70712,4,647,3,OP3,FIXED_OPPONENT,train,SCRIPTED:OP3,1,3,2,1,21,0.23999999463558197,1,0,6,14.0,9.292711530412946,1.5,1.0,-0.017473801970481873,0.029999999329447746,2.0,200.0,0.0,0.761687695980072
3813,70728,4,649,3,OP3,FIXED_OPPONENT,train,SCRIPTED:OP3,1,3,2,1,18,0.1599999964237213,1,0,0,11.0,11.578145345052084,1.5,0.5,-0.019895732402801514,0.029999999329447746,1.0,100.0,-0.019999999552965164,0.5799596309661865
3814,70728,4,649,0,OP3,FIXED_OPPONENT,train,SCRIPTED:OP3,0,3,3,0,19,0.23999999463558197,1,0,1,12.0,10.578059146278783,-0.699999988079071,0.5,-0.009899988770484924,0.0,1.0,100.0,0.0,0.17575772106647491
3815,70768,4,654,3,OP3,FIXED_OPPONENT,train,SCRIPTED:OP3,0,3,3,0,20,0.19999998807907104,0,1,10,13.0,9.447228240966798,-0.699999988079071,0.0,-0.002729088068008423,0.0,0.0,0.0,0.0,-0.15436026453971863
3816,70784,4,656,1,OP3,FIXED_OPPONENT,train,SCRIPTED:OP3,0,3,3,0,20,0.23999999463558197,1,0,1,13.0,11.227694702148437,-0.699999988079071,0.0,-0.004938773810863495,0.0,0.0,0.0,0.0,-0.1543986201286316
3817,70832,4,662,0,OP3,FIXED_OPPONENT,train,SCRIPTED:OP3,0,1,3,-2,20,0.1599999964237213,1,0,7,13.0,11.074414825439453,-1.2000000476837158,-0.5,0.0018825232982635498,0.019999999552965164,-1.0,-100.0,-0.019999999552965164,-0.5399290323257446
3818,70848,4,664,3,OP3,FIXED_OPPONENT,train,SCRIPTED:OP3,1,3,2,1,18,0.2800000011920929,1,0,1,11.0,10.547526041666666,1.5,0.5,-0.012014582753181458,0.029999999329447746,1.0,100.0,0.0,0.5829941034317017
3819,70848,4,664,3,OP3,FIXED_OPPONENT,train,SCRIPTED:OP3,0,2,3,-1,20,0.19999998807907104,1,0,8,13.0,9.342876434326172,-1.2000000476837158,-0.5,-0.0024386942386627197,0.0,-1.0,-100.0,-0.019999999552965164,-0.5402352809906006
3820,70856,4,665,1,OP3,FIXED_OPPONENT,train,SCRIPTED:OP3,0,2,3,-1,18,0.23999999463558197,1,0,1,11.0,11.504887898763021,-1.2000000476837158,0.0,-0.0012685060501098633,0.019999999552965164,0.0,0.0,0.0,-0.2602100372314453
3821,70880,4,668,1,OP3,FIXED_OPPONENT,train,SCRIPTED:OP3,1,3,2,1,19,0.2800000011920929,1,0,4,12.0,10.1265724583676,1.5,0.0,0.0034933388233184814,0.0,0.0,0.0,0.0,0.3215683698654175
3822,70896,4,670,0,OP3,FIXED_OPPONENT,train,SCRIPTED:OP3,0,2,3,-1,21,0.23999999463558197,1,0,2,11.0,11.243901570638021,-1.2000000476837158,-0.5,0.006593823432922363,0.0,-1.0,-100.0,-0.019999999552965164,-0.5401215553283691
3823,70920,4,673,2,OP3,FIXED_OPPONENT,train,SCRIPTED:OP3,0,2,3,-1,19,0.23999999463558197,1,0,3,12.0,10.17001021535773,-1.2000000476837158,-0.5,0.011360004544258118,0.019999999552965164,-1.0,-100.0,-0.019999999552965164,-0.5398095846176147
3824,70928,4,674,2,OP3,FIXED_OPPONENT,train,SCRIPTED:OP3,0,2,3,-1,18,0.23999999463558197,1,0,0,11.0,11.238577948676216,-1.2000000476837158,-0.5,0.00952225923538208,0.0,-1.0,-100.0,-0.03999999910593033,-0.5432251691818237
3825,70992,4,682,3,OP3,FIXED_OPPONENT,train,SCRIPTED:OP3,1,3,2,1,20,0.23999999463558197,1,0,2,13.0,10.619178009033202,1.5,0.5,-0.0057856738567352295,0.029999999329447746,1.0,100.0,-0.019999999552965164,0.580126166343689
3826,70992,4,682,2,OP3,FIXED_OPPONENT,train,SCRIPTED:OP3,0,2,3,-1,18,0.23999999463558197,1,0,3,11.0,9.819936964246962,-1.2000000476837158,-0.5,0.015723615884780884,0.0,-1.0,-100.0,0.0,-0.5368506908416748
3827,70992,4,682,3,OP3,FIXED_OPPONENT,train,SCRIPTED:OP3,1,3,2,1,18,0.35999998450279236,1,0,2,11.0,9.958995395236546,1.5,0.5,-0.0014972835779190063,0.014999999664723873,1.0,100.0,0.0,0.5829414129257202
3828,71008,4,684,0,OP3,FIXED_OPPONENT,train,SCRIPTED:OP3,0,3,3,0,19,0.1599999964237213,1,0,7,12.0,9.614757337068257,-0.699999988079071,0.0,-0.006534934043884277,0.0,0.0,0.0,0.0,-0.15442630648612976
3829,71040,4,688,0,OP3,FIXED_OPPONENT,train,SCRIPTED:OP3,1,3,2,1,20,0.23999999463558197,1,0,5,13.0,9.553583526611328,1.5,1.0,-0.025738239288330078,0.029999999329447746,2.0,200.0,-0.019999999552965164,0.7597533464431763
3830,71048,4,689,3,OP3,FIXED_OPPONENT,train,SCRIPTED:OP3,1,3,2,1,19,0.19999998807907104,1,0,2,12.0,11.454450105365954,1.5,0.5,0.0047883540391922,0.029999999329447746,1.0,100.0,0.0,0.5831912755966187
3831,71056,4,690,3,OP3,FIXED_OPPONENT,train,SCRIPTED:OP3,1,3,2,1,17,0.23999999463558197,1,0,0,11.0,9.902028700884651,1.5,0.0,-0.008477136492729187,0.0,0.0,0.0,0.0,0.32137757539749146
3832,71072,4,692,2,OP3,FIXED_OPPONENT,train,SCRIPTED:OP3,0,3,3,0,18,0.19999998807907104,1,0,2,11.0,10.212492201063368,-0.699999988079071,0.0,-0.0021192729473114014,0.0,0.0,0.0,-0.019999999552965164,-0.15868523716926575
3833,71144,4,701,3,OP3,FIXED_OPPONENT,train,SCRIPTED:OP3,1,3,2,1,19,0.2800000011920929,1,0,7,12.0,9.840351305509868,1.5,0.5,-0.015693888068199158,0.029999999329447746,1.0,100.0,0.0,0.5829508304595947
3834,71144,4,701,2,OP3,FIXED_OPPONENT,train,SCRIPTED:OP3,1,3,2,1,17,0.1599999964237213,1,0,0,11.0,12.577217550838695,1.5,0.0,0.006134301424026489,0.0,0.0,0.0,0.0,0.3216104805469513
3835,71152,4,702,2,OP3,FIXED_OPPONENT,train,SCRIPTED:OP3,0,2,3,-1,20,0.23999999463558197,1,0,0,12.0,11.442830657958984,-1.2000000476837158,-0.5,0.014854446053504944,0.019999999552965164,-1.0,-100.0,0.0,-0.5366085767745972
3836,71160,4,703,2,OP3,FIXED_OPPONENT,train,SCRIPTED:OP3,1,3,2,1,21,0.3199999928474426,1,0,1,14.0,9.146959577287946,1.5,0.4000000059604645,0.0072655826807022095,0.02499999850988388,1.0,100.0,-0.019999999552965164,0.5652899742126465
3837,71192,4,707,3,OP3,FIXED_OPPONENT,train,SCRIPTED:OP3,1,3,2,1,18,0.23999999463558197,1,0,3,11.0,10.800084431966146,1.5,0.5,-0.001537315547466278,0.0,1.0,100.0,0.0,0.5827648639678955
3838,71200,4,708,1,OP3,FIXED_OPPONENT,train,SCRIPTED:OP3,0,2,3,-1,20,0.35999998450279236,1,0,5,11.0,9.08121337890625,-1.2000000476837158,-0.5,0.015339046716690063,0.019999999552965164,-1.0,-100.0,-0.019999999552965164,-0.5397595167160034
3839,71200,4,708,2,OP3,FIXED_OPPONENT,train,SCRIPTED:OP3,1,3,2,1,18,0.11999999731779099,1,0,7,11.0,10.004649692111546,1.5,0.5,-0.0014618784189224243,0.029999999329447746,1.0,100.0,0.0,0.5831178426742554
3840,71208,4,709,3,OP3,FIXED_OPPONENT,train,SCRIPTED:OP3,0,2,3,-1,17,0.3999999761581421,1,0,3,11.0,10.412971945369945,-1.2000000476837158,-0.4000000059604645,-0.010235980153083801,0.0,-1.0,-100.0,0.0,-0.5211809277534485
3841,71288,4,719,1,OP3,FIXED_OPPONENT,train,SCRIPTED:OP3,0,2,3,-1,18,0.19999998807907104,1,0,2,11.0,11.17291514078776,-1.2000000476837158,-0.5,0.009463414549827576,0.019999999552965164,-1.0,-100.0,0.0,-0.5366767644882202
3842,71288,4,719,1,OP3,FIXED_OPPONENT,train,SCRIPTED:OP3,0,2,3,-1,18,0.3999999761581421,1,0,0,11.0,10.135480244954428,-1.2000000476837158,-0.4000000059604645,-0.0006312727928161621,0.019999999552965164,-1.0,-100.0,0.0,-0.5207974910736084
3843,71296,4,720,1,OP3,FIXED_OPPONENT,train,SCRIPTED:OP3,1,3,1,2,18,0.23999999463558197,1,0,3,11.0,9.167600843641493,1.5,0.5,-0.0321575403213501,0.014999999664723873,1.0,100.0,0.0,0.5825814604759216
3844,71304,4,721,1,OP3,FIXED_OPPONENT,train,SCRIPTED:OP3,0,2,3,-1,18,0.2800000011920929,1,0,2,11.0,10.491451687282986,-1.2000000476837158,-0.5,0.0005919933319091797,0.0,-1.0,-100.0,-0.019999999552965164,-0.5401971340179443
3845,71336,4,725,1,OP3,FIXED_OPPONENT,train,SCRIPTED:OP3,1,3,2,1,18,0.3199999928474426,1,0,1,11.0,10.62845950656467,1.5,0.5,-0.019540727138519287,0.014999999664723873,1.0,100.0,0.0,0.5827296376228333
3846,71344,4,726,1,OP3,FIXED_OPPONENT,train,SCRIPTED:OP3,0,2,3,-1,18,0.2800000011920929,1,0,3,11.0,9.977403428819445,-1.2000000476837158,-0.4000000059604645,-0.009630531072616577,0.0,-1.0,-100.0,-0.019999999552965164,-0.5244028568267822
3847,71344,4,726,2,OP3,FIXED_OPPONENT,train,SCRIPTED:OP3,0,2,3,-1,18,0.11999999731779099,1,0,4,11.0,10.607343037923178,-1.2000000476837158,-0.5,-0.010839149355888367,0.019999999552965164,-1.0,-100.0,-0.019999999552965164,-0.5400892496109009
3848,71352,4,727,1,OP3,FIXED_OPPONENT,train,SCRIPTED:OP3,1,3,2,1,18,0.3199999928474426,1,0,1,11.0,10.65417226155599,1.5,0.5,-0.009955137968063354,0.029999999329447746,1.0,100.0,0.0,0.5830181837081909
3849,71448,4,739,2,OP3,FIXED_OPPONENT,train,SCRIPTED:OP3,1,3,2,1,20,0.23999999463558197,1,0,5,13.0,9.425657653808594,1.5,0.5,-0.035730987787246704,0.029999999329447746,1.0,100.0,-0.019999999552965164,0.5797727704048157
3850,71448,4,739,0,OP3,FIXED_OPPONENT,train,SCRIPTED:OP3,0,3,3,0,20,0.23999999463558197,1,0,6,13.0,9.735628509521485,-0.699999988079071,0.0,-0.009958550333976746,0.0,0.0,0.0,-0.019999999552965164,-0.15882109105587006
3851,71448,4,739,0,OP3,FIXED_OPPONENT,train,SCRIPTED:OP3,1,3,2,1,19,0.23999999463558197,1,0,0,12.0,9.872739289936266,1.5,0.4000000059604645,0.004008457064628601,0.014999999664723873,1.0,100.0,0.0,0.5681470036506653
3852,71456,4,740,2,OP3,FIXED_OPPONENT,train,SCRIPTED:OP3,0,2,3,-1,19,0.23999999463558197,1,0,4,12.0,9.537390457956414,-1.2000000476837158,-0.5,0.013005182147026062,0.019999999552965164,-1.0,-100.0,-0.019999999552965164,-0.5397889614105225
3853,71472,4,742,3,OP3,FIXED_OPPONENT,train,SCRIPTED:OP3,0,2,3,-1,15,0.19999998807907104,1,0,2,11.0,9.496840413411459,-1.2000000476837158,0.0,-0.009395584464073181,0.0,0.0,0.0,-0.019999999552965164,-0.26481372117996216
3854,71488,4,744,2,OP3,FIXED_OPPONENT,train,SCRIPTED:OP3,0,2,3,-1,19,0.1599999964237213,1,0,1,12.0,10.701702720240542,-1.2000000476837158,-0.5,-0.004926308989524841,0.0,-1.0,-100.0,0.0,-0.5371118783950806
3855,71496,4,745,1,OP3,FIXED_OPPONENT,train,SCRIPTED:OP3,0,2,3,-1,19,0.3199999928474426,1,0,7,12.0,9.70651566354852,-1.2000000476837158,-0.5,-0.008722677826881409,0.0,-1.0,-100.0,-0.019999999552965164,-0.5403144359588623
3856,71512,4,747,1,OP3,FIXED_OPPONENT,train,SCRIPTED:OP3,0,3,3,0,21,0.23999999463558197,1,0,4,14.0,9.445487612769718,-0.699999988079071,0.0,-0.001434236764907837,0.0,0.0,0.0,0.0,-0.1543377935886383
3857,71592,4,757,2,OP3,FIXED_OPPONENT,train,SCRIPTED:OP3,1,3,2,1,18,0.19999998807907104,1,0,2,11.0,10.145253499348959,1.5,0.4000000059604645,0.00861288607120514,0.029999999329447746,1.0,100.0,0.0,0.5683830380439758
3858,71592,4,757,2,OP3,FIXED_OPPONENT,train,SCRIPTED:OP3,0,2,3,-1,18,0.1599999964237213,1,0,1,11.0,9.855200873480904,-1.2000000476837158,-0.5,0.01445479691028595,0.019999999552965164,-1.0,-100.0,0.0,-0.5366136431694031
3859,71608,4,759,1,OP3,FIXED_OPPONENT,train,SCRIPTED:OP3,0,2,3,-1,19,0.19999998807907104,1,0,2,12.0,9.969661511872944,-1.2000000476837158,-0.5,0.0012428462505340576,0.0,-1.0,-100.0,0.0,-0.5370339155197144
3860,71608,4,759,3,OP3,FIXED_OPPONENT,train,SCRIPTED:OP3,1,3,2,1,15,0.23999999463558197,1,0,2,11.0,10.973856608072916,1.5,0.5,0.0071534663438797,0.029999999329447746,1.0,100.0,-0.019999999552965164,0.5802786350250244
3861,71616,4,760,2,OP3,FIXED_OPPONENT,train,SCRIPTED:OP3,1,3,2,1,18,0.2800000011920929,1,0,2,11.0,9.848017374674479,1.5,0.5,0.011982038617134094,0.014999999664723873,1.0,100.0,-0.019999999552965164,0.5801587104797363
3862,71616,4,760,0,OP3,FIXED_OPPONENT,train,SCRIPTED:OP3,1,3,2,1,21,0.1599999964237213,1,0,3,15.0,11.216783796037946,1.5,0.5,-0.020761214196681976,0.029999999329447746,1.0,100.0,0.0,0.5828914046287537
3863,71648,4,764,0,OP3,FIXED_OPPONENT,train,SCRIPTED:OP3,0,3,3,0,19,0.1599999964237213,0,1,4,11.0,9.724712974146792,-0.699999988079071,0.0,0.0086679607629776,0.0,0.0,0.0,-0.019999999552965164,-0.15849828720092773
3864,71672,4,767,0,OP3,FIXED_OPPONENT,train,SCRIPTED:OP3,0,3,3,0,20,0.23999999463558197,1,0,1,12.0,11.590066528320312,-0.699999988079071,0.0,-0.010004639625549316,0.0,0.0,0.0,0.0,-0.1544865220785141
3865,71736,4,775,1,OP3,FIXED_OPPONENT,train,SCRIPTED:OP3,1,3,1,2,18,0.35999998450279236,1,0,3,11.0,9.276465521918404,1.5,0.5,-0.02361653745174408,0.02499999850988388,1.0,100.0,0.0,0.5827991962432861
3866,71744,4,776,2,OP3,FIXED_OPPONENT,train,SCRIPTED:OP3,1,3,2,1,19,0.1599999964237213,1,0,4,12.0,10.035857351202713,1.5,0.4000000059604645,-0.002186998724937439,0.029999999329447746,1.0,100.0,-0.019999999552965164,0.5652360916137695
3867,71760,4,778,3,OP3,FIXED_OPPONENT,train,SCRIPTED:OP3,0,3,3,0,18,0.2800000011920929,1,0,5,11.0,9.883940802680122,-0.699999988079071,0.0,-0.006841704249382019,0.0,0.0,0.0,0.0,-0.15443164110183716
3868,71760,4,778,0,OP3,FIXED_OPPONENT,train,SCRIPTED:OP3,0,2,3,-1,18,0.11999999731779099,1,0,0,11.0,11.204008314344618,-1.2000000476837158,-0.5,-0.0023598670959472656,0.019999999552965164,-1.0,-100.0,0.0,-0.536826491355896
3869,71768,4,779,0,OP3,FIXED_OPPONENT,train,SCRIPTED:OP3,1,3,2,1,20,0.23999999463558197,1,0,4,12.0,9.660928344726562,1.5,0.5,-0.0048661381006240845,0.014999999664723873,1.0,100.0,0.0,0.5829018950462341
3870,71776,4,780,2,OP3,FIXED_OPPONENT,train,SCRIPTED:OP3,0,3,3,0,21,0.2800000011920929,1,0,2,14.0,9.596716017950149,-0.699999988079071,0.0,-0.010134592652320862,0.0,0.0,0.0,0.0,-0.15448877215385437
3871,71800,4,783,1,OP3,FIXED_OPPONENT,train,SCRIPTED:OP3,0,2,3,-1,19,0.1599999964237213,1,0,1,12.0,11.447716963918586,-1.2000000476837158,0.0,-0.0003849118947982788,0.0,0.0,0.0,-0.019999999552965164,-0.26466476917266846
3872,71816,4,785,2,OP3,FIXED_OPPONENT,train,SCRIPTED:OP3,1,3,2,1,18,0.1599999964237213,1,0,5,11.0,10.415218777126736,1.5,0.4000000059604645,-0.006033569574356079,0.029999999329447746,1.0,100.0,0.0,0.568206787109375
3873,71888,4,794,0,OP3,FIXED_OPPONENT,train,SCRIPTED:OP3,1,3,2,1,18,0.19999998807907104,1,0,3,11.0,9.704026963975695,1.5,0.5,-0.0048456937074661255,0.029999999329447746,1.0,100.0,0.0,0.583078145980835
3874,71888,4,794,3,OP3,FIXED_OPPONENT,train,SCRIPTED:OP3,1,3,2,1,19,0.2800000011920929,1,0,1,13.0,9.445885909231086,1.5,0.5,-0.019970089197158813,0.029999999329447746,1.0,100.0,-0.019999999552965164,0.5799587965011597
3875,71904,4,796,2,OP3,FIXED_OPPONENT,train,SCRIPTED:OP3,0,2,3,-1,18,0.19999998807907104,1,0,3,11.0,10.902322557237413,-1.2000000476837158,-0.5,-0.004932790994644165,0.0,-1.0,-100.0,0.0,-0.5371119379997253
3876,71912,4,797,0,OP3,FIXED_OPPONENT,train,SCRIPTED:OP3,1,3,2,1,18,0.2800000011920929,1,0,6,12.0,10.224037170410156,1.5,0.5,-0.003483101725578308,0.029999999329447746,1.0,100.0,0.0,0.5830941796302795
3877,71920,4,798,0,OP3,FIXED_OPPONENT,train,SCRIPTED:OP3,1,3,2,1,20,0.23999999463558197,1,0,1,12.0,11.017131805419922,1.5,0.5,-0.019151270389556885,0.014999999664723873,1.0,100.0,-0.019999999552965164,0.5797913670539856
3878,71920,4,798,3,OP3,FIXED_OPPONENT,train,SCRIPTED:OP3,1,3,2,1,18,0.1599999964237213,1,0,2,11.0,11.126920064290365,1.5,0.0,0.008629187941551208,0.0,0.0,0.0,-0.019999999552965164,0.3176599442958832
3879,71944,4,801,3,OP3,FIXED_OPPONENT,train,SCRIPTED:OP3,0,2,3,-1,18,0.2800000011920929,1,0,3,13.0,11.036608378092447,-1.2000000476837158,-0.4000000059604645,0.007034271955490112,0.019999999552965164,-1.0,-100.0,0.0,-0.5206981897354126
3880,71960,4,803,2,OP3,FIXED_OPPONENT,train,SCRIPTED:OP3,1,3,2,1,18,0.19999998807907104,1,0,1,11.0,10.683447943793404,1.5,0.4000000059604645,0.008134052157402039,0.029999999329447746,1.0,100.0,-0.019999999552965164,0.565360963344574
3881,72032,4,812,0,OP3,FIXED_OPPONENT,train,SCRIPTED:OP3,0,3,3,0,18,0.23999999463558197,1,0,1,11.0,9.295883178710938,-0.699999988079071,0.0,0.004174530506134033,0.0,0.0,0.0,0.0,-0.1542404592037201
3882,72032,4,812,1,OP3,FIXED_OPPONENT,train,SCRIPTED:OP3,1,3,2,1,18,0.19999998807907104,1,0,1,11.0,11.544220818413628,1.5,0.4000000059604645,0.007859736680984497,0.029999999329447746,1.0,100.0,0.0,0.5683739185333252
3883,72048,4,814,2,OP3,FIXED_OPPONENT,train,SCRIPTED:OP3,0,2,3,-1,18,0.1599999964237213,1,0,5,11.0,10.006756252712673,-1.2000000476837158,-0.4000000059604645,0.003361061215400696,0.019999999552965164,-1.0,-100.0,0.0,-0.5207457542419434
3884,72056,4,815,3,OP3,FIXED_OPPONENT,train,SCRIPTED:OP3,0,2,3,-1,18,0.23999999463558197,1,0,2,11.0,10.106365627712673,-1.2000000476837158,-0.5,-0.014152273535728455,0.019999999552965164,-1.0,-100.0,0.0,-0.5369756817817688
3885,72064,4,816,3,OP3,FIXED_OPPONENT,train,SCRIPTED:OP3,1,3,2,1,18,0.1599999964237213,1,0,5,12.0,10.437251620822483,1.5,0.5,-0.009454801678657532,0.029999999329447746,1.0,100.0,0.0,0.5830240845680237
3886,72088,4,819,0,OP3,FIXED_OPPONENT,train,SCRIPTED:OP3,0,3,3,0,18,0.23999999463558197,1,0,1,11.0,10.705923292371962,-0.699999988079071,0.0,-0.005667462944984436,0.0,0.0,0.0,0.0,-0.15441125631332397
3887,72088,4,819,1,OP3,FIXED_OPPONENT,train,SCRIPTED:OP3,0,2,3,-1,21,0.2800000011920929,1,0,0,11.0,9.307577950613839,-1.2000000476837158,-0.5,0.013971671462059021,0.019999999552965164,-1.0,-100.0,-0.019999999552965164,-0.5397768020629883
3888,72112,4,822,3,OP3,FIXED_OPPONENT,train,SCRIPTED:OP3,1,3,2,1,19,0.3199999928474426,1,0,0,12.0,9.927032470703125,1.5,0.4000000059604645,-0.004062041640281677,0.029999999329447746,1.0,100.0,0.0,0.5682304501533508
3889,72176,4,830,1,OP3,FIXED_OPPONENT,train,SCRIPTED:OP3,0,2,3,-1,18,0.35999998450279236,1,0,2,11.0,10.800098843044704,-1.2000000476837158,-0.4000000059604645,0.002513602375984192,0.019999999552965164,-1.0,-100.0,-0.019999999552965164,-0.5239884257316589
3890,72184,4,831,0,OP3,FIXED_OPPONENT,train,SCRIPTED:OP3,1,3,2,1,19,0.23999999463558197,1,0,3,12.0,10.407652202405428,1.5,0.4000000059604645,-0.010051146149635315,0.029999999329447746,1.0,100.0,0.0,0.5681582689285278
3891,72208,4,834,0,OP3,FIXED_OPPONENT,train,SCRIPTED:OP3,1,3,2,1,19,0.23999999463558197,1,0,3,12.0,10.591781616210938,1.5,0.5,0.007230475544929504,0.029999999329447746,1.0,100.0,0.0,0.5832198262214661
3892,72224,4,836,2,OP3,FIXED_OPPONENT,train,SCRIPTED:OP3,1,3,2,1,17,0.3199999928474426,1,0,4,11.0,9.709320068359375,1.5,0.4000000059604645,-0.010477691888809204,0.014999999664723873,1.0,100.0,0.0,0.5679726600646973
3893,72224,4,836,2,OP3,FIXED_OPPONENT,train,SCRIPTED:OP3,1,3,2,1,22,0.23999999463558197,1,0,4,14.0,10.963507218794389,1.5,0.5,-0.014180585741996765,0.029999999329447746,1.0,100.0,0.0,0.5829685926437378
3894,72240,4,838,0,OP3,FIXED_OPPONENT,train,SCRIPTED:OP3,1,3,2,1,22,0.2800000011920929,1,0,4,15.0,10.974386735395951,1.5,0.5,-0.025708988308906555,0.029999999329447746,1.0,100.0,0.0,0.5828332901000977
3895,72256,4,840,0,OP3,FIXED_OPPONENT,train,SCRIPTED:OP3,0,2,3,-1,18,0.19999998807907104,1,0,0,11.0,10.112411499023438,-1.2000000476837158,-0.5,-0.007342636585235596,0.0,-1.0,-100.0,0.0,-0.5371424555778503
3896,72256,4,840,2,OP3,FIXED_OPPONENT,train,SCRIPTED:OP3,1,3,2,1,21,0.4399999976158142,1,0,0,13.0,10.148646763392858,1.5,0.5,-0.02695782482624054,0.02499999850988388,1.0,100.0,0.0,0.5827599763870239
3897,72320,4,848,3,OP3,FIXED_OPPONENT,train,SCRIPTED:OP3,1,3,2,1,18,0.3999999761581421,1,0,4,11.0,10.578636169433594,1.5,0.5,-0.013663113117218018,0.014999999664723873,1.0,100.0,0.0,0.5827986598014832
3898,72344,4,851,2,OP3,FIXED_OPPONENT,train,SCRIPTED:OP3,1,3,2,1,17,0.11999999731779099,1,0,0,13.0,11.352226706112132,1.5,0.0,0.004944562911987305,0.0,0.0,0.0,-0.019999999552965164,0.3176010251045227
3899,72344,4,851,1,OP3,FIXED_OPPONENT,train,SCRIPTED:OP3,1,3,2,1,20,0.2800000011920929,1,0,4,13.0,9.754700469970704,1.5,0.5,-0.03392328321933746,0.029999999329447746,1.0,100.0,-0.019999999552965164,0.57979416847229
3900,72376,4,855,2,OP3,FIXED_OPPONENT,train,SCRIPTED:OP3,1,3,2,1,19,0.2800000011920929,1,0,0,12.0,10.901569567228618,1.5,0.5,-0.013872101902961731,0.029999999329447746,1.0,100.0,0.0,0.5829722881317139
3901,72384,4,856,1,OP3,FIXED_OPPONENT,train,SCRIPTED:OP3,0,2,3,-1,18,0.19999998807907104,1,0,2,11.0,10.969428168402779,-1.2000000476837158,-0.4000000059604645,-0.009369179606437683,0.019999999552965164,-1.0,-100.0,0.0,-0.5209107398986816
3902,72392,4,857,2,OP3,FIXED_OPPONENT,train,SCRIPTED:OP3,0,3,3,0,21,0.19999998807907104,1,0,3,14.0,10.546975998651414,-0.699999988079071,0.0,-0.005852013826370239,0.0,0.0,0.0,-0.019999999552965164,-0.15874990820884705
3903,72408,4,859,1,OP3,FIXED_OPPONENT,train,SCRIPTED:OP3,0,2,3,-1,19,0.19999998807907104,1,0,5,12.0,9.599969964278372,-1.2000000476837158,-0.5,0.012257978320121765,0.019999999552965164,-1.0,-100.0,0.0,-0.5366414785385132
3904,72408,4,859,2,OP3,FIXED_OPPONENT,train,SCRIPTED:OP3,0,3,3,0,19,0.23999999463558197,1,0,0,11.0,11.430481760125412,-0.699999988079071,0.0,-0.010078251361846924,0.0,0.0,0.0,0.0,-0.15448780357837677
3905,72472,4,867,0,OP3,FIXED_OPPONENT,train,SCRIPTED:OP3,0,1,3,-2,19,0.11999999731779099,1,0,4,12.0,11.106320029810854,-1.2000000476837158,-0.5,0.005154073238372803,0.019999999552965164,-1.0,-100.0,-0.019999999552965164,-0.5398877859115601
3906,72480,4,868,0,OP3,FIXED_OPPONENT,train,SCRIPTED:OP3,1,3,2,1,17,0.3199999928474426,1,0,2,12.0,11.746822581571692,1.5,0.0,-0.010381042957305908,0.0,0.0,0.0,0.0,0.3213472068309784
3907,72488,4,869,0,OP3,FIXED_OPPONENT,train,SCRIPTED:OP3,1,3,2,1,18,0.23999999463558197,1,0,0,11.0,11.56715562608507,1.5,0.0,4.838407039642334e-05,0.0,0.0,0.0,0.0,0.32151344418525696
3908,72528,4,874,3,OP3,FIXED_OPPONENT,train,SCRIPTED:OP3,0,2,3,-1,18,0.2800000011920929,1,0,0,11.0,11.105487399631077,-1.2000000476837158,-0.5,0.006382942199707031,0.019999999552965164,-1.0,-100.0,0.0,-0.5367158055305481
3909,72528,4,874,2,OP3,FIXED_OPPONENT,train,SCRIPTED:OP3,1,3,2,1,19,0.23999999463558197,1,0,3,12.0,9.23282261898643,1.5,0.5,0.029131263494491577,0.014999999664723873,1.0,100.0,-0.019999999552965164,0.5803609490394592
3910,72544,4,876,1,OP3,FIXED_OPPONENT,train,SCRIPTED:OP3,0,2,3,-1,19,0.19999998807907104,1,0,3,12.0,10.138280768143503,-1.2000000476837158,-0.5,0.01557151973247528,0.0,-1.0,-100.0,-0.019999999552965164,-0.540008544921875
3911,72544,4,876,0,OP3,FIXED_OPPONENT,train,SCRIPTED:OP3,1,3,2,1,17,0.2800000011920929,1,0,2,12.0,11.449111040900736,1.5,0.4000000059604645,0.006862014532089233,0.014999999664723873,1.0,100.0,0.0,0.5681813955307007
3912,72560,4,878,1,OP3,FIXED_OPPONENT,train,SCRIPTED:OP3,0,3,3,0,19,0.11999999731779099,1,0,4,12.0,11.225230166786595,-0.699999988079071,0.0,-8.526444435119629e-05,0.0,0.0,0.0,0.0,-0.15431438386440277
3913,72608,4,884,3,OP3,FIXED_OPPONENT,train,SCRIPTED:OP3,1,3,1,2,16,0.23999999463558197,1,0,5,11.0,10.303762435913086,1.5,0.4000000059604645,-0.003463432192802429,0.029999999329447746,1.0,100.0,-0.019999999552965164,0.5652207136154175
3914,72616,4,885,3,OP3,FIXED_OPPONENT,train,SCRIPTED:OP3,1,3,1,2,16,0.3199999928474426,1,0,0,11.0,10.659574508666992,1.5,0.5,-0.011777713894844055,0.014999999664723873,1.0,100.0,0.0,0.5828207731246948
3915,72616,4,885,1,OP3,FIXED_OPPONENT,train,SCRIPTED:OP3,1,3,2,1,18,0.35999998450279236,1,0,1,11.0,10.958416408962673,1.5,0.5,-0.00027733296155929565,0.014999999664723873,1.0,100.0,0.0,0.5829557180404663
3916,72680,4,893,3,OP3,FIXED_OPPONENT,train,SCRIPTED:OP3,1,3,2,1,19,0.23999999463558197,1,0,2,11.0,9.683291786595396,1.5,0.5,-0.0005548298358917236,0.014999999664723873,1.0,100.0,0.0,0.5829524993896484
3917,72688,4,894,3,OP3,FIXED_OPPONENT,train,SCRIPTED:OP3,1,3,2,1,18,0.2800000011920929,1,0,4,12.0,10.152889675564236,1.5,0.5,0.006701365113258362,0.02499999850988388,1.0,100.0,0.0,0.5831550359725952
3918,72696,4,895,0,OP3,FIXED_OPPONENT,train,SCRIPTED:OP3,0,3,3,0,21,0.4399999976158142,1,0,1,14.0,9.313289097377233,-0.699999988079071,0.0,-0.01008249819278717,0.0,0.0,0.0,0.0,-0.15448787808418274
3919,72704,4,896,2,OP3,FIXED_OPPONENT,train,SCRIPTED:OP3,0,2,3,-1,18,0.2800000011920929,1,0,4,11.0,10.353241814507378,-1.2000000476837158,-0.5,-0.007286146283149719,0.0,-1.0,-100.0,0.0,-0.537141740322113
3920,72704,4,896,1,OP3,FIXED_OPPONENT,train,SCRIPTED:OP3,0,3,3,0,20,0.3199999928474426,1,0,6,11.0,9.928192138671875,-0.699999988079071,0.0,-0.004634737968444824,0.0,0.0,0.0,0.0,-0.15439333021640778
3921,72744,4,901,3,OP3,FIXED_OPPONENT,train,SCRIPTED:OP3,1,3,2,1,16,0.35999998450279236,1,0,0,11.0,10.485246658325195,1.5,0.0,-0.009235024452209473,0.0,0.0,0.0,-0.019999999552965164,0.3173743784427643
3922,72760,4,903,1,OP3,FIXED_OPPONENT,train,SCRIPTED:OP3,1,3,2,1,19,0.2800000011920929,1,0,1,11.0,8.576195164730674,1.5,0.5,0.01020820438861847,0.014999999664723873,1.0,100.0,0.0,0.5830788016319275
3923,72768,4,904,3,OP3,FIXED_OPPONENT,train,SCRIPTED:OP3,1,3,2,1,19,0.23999999463558197,1,0,0,12.0,10.965551275956003,1.5,0.5,-0.03185610473155975,0.029999999329447746,1.0,100.0,0.0,0.5827611684799194
3924,72824,4,911,0,OP3,FIXED_OPPONENT,train,SCRIPTED:OP3,1,3,2,1,18,0.2800000011920929,1,0,0,11.0,11.232599894205729,1.5,0.5,-0.008253984153270721,0.029999999329447746,1.0,100.0,-0.019999999552965164,0.580096960067749
3925,72832,4,912,3,OP3,FIXED_OPPONENT,train,SCRIPTED:OP3,1,3,2,1,18,0.23999999463558197,1,0,2,11.0,10.566397772894966,1.5,0.5,0.008365735411643982,0.029999999329447746,1.0,100.0,0.0,0.583233118057251
3926,72832,4,912,2,OP3,FIXED_OPPONENT,train,SCRIPTED:OP3,0,2,3,-1,17,0.19999998807907104,1,0,3,11.0,9.9247849408318,-1.2000000476837158,0.10000002384185791,-0.007129371166229248,0.019999999552965164,0.0,0.0,0.0,-0.2394736260175705
3927,72848,4,914,0,OP3,FIXED_OPPONENT,train,SCRIPTED:OP3,1,3,1,2,18,0.23999999463558197,1,0,0,11.0,10.53030056423611,1.5,0.5,-0.008857980370521545,0.02499999850988388,1.0,100.0,0.0,0.5829724073410034
3928,72856,4,915,2,OP3,FIXED_OPPONENT,train,SCRIPTED:OP3,0,2,3,-1,19,0.19999998807907104,1,0,6,12.0,9.204181068821958,-1.2000000476837158,-0.5,-0.011974021792411804,0.0,-1.0,-100.0,0.0,-0.5372010469436646
3929,72888,4,919,0,OP3,FIXED_OPPONENT,train,SCRIPTED:OP3,1,3,2,1,18,0.19999998807907104,1,0,0,12.0,11.960766262478298,1.5,0.4000000059604645,0.001130715012550354,0.029999999329447746,1.0,100.0,0.0,0.5682929754257202
3930,72904,4,921,3,OP3,FIXED_OPPONENT,train,SCRIPTED:OP3,1,3,2,1,18,0.23999999463558197,1,0,3,11.0,10.031733194986979,1.5,0.5,0.005762234330177307,0.029999999329447746,1.0,100.0,0.0,0.583202600479126
3931,72936,4,925,2,OP3,FIXED_OPPONENT,train,SCRIPTED:OP3,1,3,2,1,21,0.23999999463558197,1,0,3,14.0,10.060217721121651,1.5,0.5,-0.03151027858257294,0.029999999329447746,1.0,100.0,0.0,0.5827651619911194
3932,72968,4,929,3,OP3,FIXED_OPPONENT,train,SCRIPTED:OP3,0,2,3,-1,18,0.3199999928474426,1,0,1,11.0,11.506232367621529,-1.2000000476837158,-0.5,0.012972041964530945,0.019999999552965164,-1.0,-100.0,0.0,-0.5366324186325073
3933,72976,4,930,1,OP3,FIXED_OPPONENT,train,SCRIPTED:OP3,0,2,3,-1,18,0.23999999463558197,1,0,0,11.0,11.037145826551649,-1.2000000476837158,-0.5,0.004296496510505676,0.019999999552965164,-1.0,-100.0,0.0,-0.5367422103881836
3934,72992,4,932,3,OP3,FIXED_OPPONENT,train,SCRIPTED:OP3,0,2,3,-1,20,0.2800000011920929,1,0,2,11.0,9.934860992431641,-1.2000000476837158,-0.5,-0.006524428725242615,0.0,-1.0,-100.0,-0.019999999552965164,-0.5402867197990417
3935,72992,4,932,3,OP3,FIXED_OPPONENT,train,SCRIPTED:OP3,1,3,2,1,17,0.19999998807907104,1,0,5,11.0,8.886147891773897,1.5,0.5,-0.02715429663658142,0.029999999329447746,1.0,100.0,0.0,0.5828163623809814
3936,72992,4,932,3,OP3,FIXED_OPPONENT,train,SCRIPTED:OP3,1,3,2,1,18,0.23999999463558197,1,0,0,11.0,9.855753580729166,1.5,0.5,-0.028529077768325806,0.029999999329447746,1.0,100.0,0.0,0.5828002095222473
3937,73032,4,937,2,OP3,FIXED_OPPONENT,train,SCRIPTED:OP3,0,2,3,-1,18,0.23999999463558197,1,0,0,11.0,12.105595058865017,-1.2000000476837158,-0.5,0.014867529273033142,0.019999999552965164,-1.0,-100.0,0.0,-0.5366084575653076
3938,73056,4,940,3,OP3,FIXED_OPPONENT,train,SCRIPTED:OP3,1,3,2,1,19,0.23999999463558197,1,0,3,12.0,10.156506990131579,1.5,0.5,-0.013512492179870605,0.029999999329447746,1.0,100.0,0.0,0.5829764604568481
3939,73080,4,943,2,OP3,FIXED_OPPONENT,train,SCRIPTED:OP3,0,3,3,0,18,0.3199999928474426,1,0,1,11.0,11.406361897786459,-0.699999988079071,0.0,0.006231218576431274,0.0,0.0,0.0,0.0,-0.15420477092266083
3940,73112,4,947,2,OP3,FIXED_OPPONENT,train,SCRIPTED:OP3,1,3,1,2,15,0.1599999964237213,1,0,1,11.0,10.275775146484374,1.5,0.5,0.0005605518817901611,0.029999999329447746,1.0,100.0,-0.019999999552965164,0.5802009105682373
3941,73120,4,948,2,OP3,FIXED_OPPONENT,train,SCRIPTED:OP3,1,3,2,1,18,0.1599999964237213,1,0,1,11.0,10.472564697265625,1.5,0.5,-0.015561036765575409,0.029999999329447746,1.0,100.0,0.0,0.5829523801803589
3942,73136,4,950,1,OP3,FIXED_OPPONENT,train,SCRIPTED:OP3,1,3,2,1,18,0.2800000011920929,1,0,0,11.0,11.435720655653212,1.5,0.5,-0.027148038148880005,0.029999999329447746,1.0,100.0,0.0,0.5828163623809814
3943,73136,4,950,3,OP3,FIXED_OPPONENT,train,SCRIPTED:OP3,1,3,2,1,21,0.2800000011920929,1,0,8,11.0,9.812642415364584,1.5,0.5,-0.03518363833427429,0.029999999329447746,1.0,100.0,-0.019999999552965164,0.5797792673110962
3944,73152,4,952,2,OP3,FIXED_OPPONENT,train,SCRIPTED:OP3,0,2,3,-1,20,0.23999999463558197,1,0,3,12.0,9.97539825439453,-1.2000000476837158,-0.5,0.00038802623748779297,0.019999999552965164,-1.0,-100.0,-0.019999999552965164,-0.5399478673934937
3945,73200,4,958,1,OP3,FIXED_OPPONENT,train,SCRIPTED:OP3,1,3,2,1,18,0.19999998807907104,1,0,6,12.0,9.985335456000435,1.5,0.4000000059604645,0.006309181451797485,0.014999999664723873,1.0,100.0,0.0,0.5681747198104858
3946,73208,4,959,1,OP3,FIXED_OPPONENT,train,SCRIPTED:OP3,1,3,2,1,22,0.2800000011920929,1,0,4,15.0,9.883383317427201,1.5,0.5,-0.02334728091955185,0.029999999329447746,1.0,100.0,0.0,0.582861065864563
3947,73248,4,964,1,OP3,FIXED_OPPONENT,train,SCRIPTED:OP3,1,3,2,1,17,0.1599999964237213,1,0,0,12.0,10.905172011431526,1.5,0.4000000059604645,-0.009948238730430603,0.014999999664723873,1.0,100.0,0.0,0.5679789781570435
3948,73256,4,965,2,OP3,FIXED_OPPONENT,train,SCRIPTED:OP3,1,3,2,1,22,0.19999998807907104,1,0,6,14.0,9.790441339666193,1.5,1.0,-0.013361416757106781,0.029999999329447746,2.0,200.0,0.0,0.7617183923721313
3949,73272,4,967,0,OP3,FIXED_OPPONENT,train,SCRIPTED:OP3,0,3,3,0,19,0.23999999463558197,1,0,1,12.0,11.915190044202303,-0.699999988079071,0.0,-0.0002777576446533203,0.0,0.0,0.0,0.0,-0.1543177217245102
3950,73280,4,968,0,OP3,FIXED_OPPONENT,train,SCRIPTED:OP3,1,3,2,1,16,0.2800000011920929,1,0,1,12.0,11.6460542678833,1.5,0.4000000059604645,-0.00400523841381073,0.014999999664723873,1.0,100.0,-0.03999999910593033,0.561999499797821
3951,73288,4,969,2,OP3,FIXED_OPPONENT,train,SCRIPTED:OP3,1,3,2,1,19,0.11999999731779099,1,0,2,13.0,10.979371723375822,1.5,0.5,0.01158316433429718,0.029999999329447746,1.0,100.0,0.0,0.5832709074020386
3952,73288,4,969,0,OP3,FIXED_OPPONENT,train,SCRIPTED:OP3,1,3,2,1,19,0.19999998807907104,1,0,0,12.0,10.873688547234787,1.5,0.5,-0.020808272063732147,0.029999999329447746,1.0,100.0,0.0,0.5828908681869507
3953,73352,4,977,0,OP3,FIXED_OPPONENT,train,SCRIPTED:OP3,1,3,2,1,18,0.23999999463558197,1,0,2,11.0,10.96971215142144,1.5,0.5,-0.006576403975486755,0.014999999664723873,1.0,100.0,0.0,0.5828818082809448
3954,73360,4,978,1,OP3,FIXED_OPPONENT,train,SCRIPTED:OP3,0,2,3,-1,20,0.11999999731779099,1,0,2,12.0,10.409980010986327,-1.2000000476837158,-0.5,7.452070713043213e-05,0.019999999552965164,-1.0,-100.0,0.0,-0.5367956161499023
3955,73392,4,982,1,OP3,FIXED_OPPONENT,train,SCRIPTED:OP3,0,2,3,-1,18,0.1599999964237213,1,0,0,11.0,11.159843444824219,-1.2000000476837158,-0.5,0.008732974529266357,0.019999999552965164,-1.0,-100.0,0.0,-0.5366860628128052
3956,73408,4,984,1,OP3,FIXED_OPPONENT,train,SCRIPTED:OP3,1,3,2,1,19,0.19999998807907104,1,0,4,12.0,9.304841694078947,1.5,0.5,-0.033162444829940796,0.029999999329447746,1.0,100.0,0.0,0.5827457904815674
3957,73424,4,986,1,OP3,FIXED_OPPONENT,train,SCRIPTED:OP3,0,2,3,-1,18,0.3199999928474426,1,0,0,11.0,9.694040086534288,-1.2000000476837158,-0.5,0.009439349174499512,0.019999999552965164,-1.0,-100.0,0.0,-0.5366771221160889
3958,73432,4,987,1,OP3,FIXED_OPPONENT,train,SCRIPTED:OP3,0,2,3,-1,20,0.35999998450279236,1,0,3,12.0,9.949207305908203,-1.2000000476837158,-0.5,0.009062662720680237,0.0,-1.0,-100.0,-0.019999999552965164,-0.5400904417037964
3959,73440,4,988,2,OP3,FIXED_OPPONENT,train,SCRIPTED:OP3,0,3,3,0,19,0.1599999964237213,1,0,3,12.0,9.267272146124588,-0.699999988079071,0.0,0.008568748831748962,0.0,0.0,0.0,-0.019999999552965164,-0.15850000083446503
3960,73456,4,990,0,OP3,FIXED_OPPONENT,train,SCRIPTED:OP3,1,3,2,1,21,0.35999998450279236,1,0,2,14.0,10.964864821661086,1.5,0.4000000059604645,0.006259739398956299,0.02499999850988388,1.0,100.0,0.0,0.5682945251464844
3961,73504,4,996,1,OP3,FIXED_OPPONENT,train,SCRIPTED:OP3,1,3,2,1,19,0.3999999761581421,1,0,0,12.0,10.708040739360609,1.5,0.5,-0.03140972554683685,0.014999999664723873,1.0,100.0,0.0,0.5825902819633484
3962,73504,4,996,1,OP3,FIXED_OPPONENT,train,SCRIPTED:OP3,0,3,3,0,18,0.23999999463558197,1,0,0,11.0,11.315785725911459,-0.699999988079071,0.0,-0.003379248082637787,0.0,-1.0,-100.0,0.0,-0.3608282804489136
3963,73544,4,1001,1,OP3,FIXED_OPPONENT,train,SCRIPTED:OP3,0,2,3,-1,19,0.23999999463558197,1,0,4,12.0,10.093813444438734,-1.2000000476837158,-0.5,0.00636504590511322,0.019999999552965164,-1.0,-100.0,0.0,-0.5367160439491272
3964,73552,4,1002,0,OP3,FIXED_OPPONENT,train,SCRIPTED:OP3,0,2,3,-1,18,0.19999998807907104,1,0,0,11.0,11.491160074869791,-1.2000000476837158,-0.5,0.010643094778060913,0.019999999552965164,-1.0,-100.0,0.0,-0.5366618633270264
3965,73576,4,1005,2,OP3,FIXED_OPPONENT,train,SCRIPTED:OP3,1,3,2,1,19,0.3199999928474426,1,0,0,12.0,10.778583727384868,1.5,0.5,-0.006840571761131287,0.02499999850988388,1.0,100.0,0.0,0.582996129989624
3966,73584,4,1006,2,OP3,FIXED_OPPONENT,train,SCRIPTED:OP3,1,3,2,1,18,0.11999999731779099,1,0,1,11.0,12.550198872884115,1.5,0.5,-0.015876732766628265,0.029999999329447746,1.0,100.0,-0.019999999552965164,0.5800070762634277
3967,73584,4,1006,1,OP3,FIXED_OPPONENT,train,SCRIPTED:OP3,0,2,3,-1,19,0.3199999928474426,1,0,0,11.0,11.13420988384046,-1.2000000476837158,-0.5,0.002930775284767151,0.019999999552965164,-1.0,-100.0,-0.03999999910593033,-0.5430571436882019
3968,73600,4,1008,0,OP3,FIXED_OPPONENT,train,SCRIPTED:OP3,1,3,2,1,18,0.1599999964237213,1,0,8,11.0,10.65868886311849,1.5,0.5,0.01730196923017502,0.029999999329447746,1.0,100.0,0.0,0.5833380222320557
3969,73632,4,1012,1,OP3,FIXED_OPPONENT,train,SCRIPTED:OP3,1,3,2,1,16,0.19999998807907104,1,0,2,11.0,10.885636329650879,1.5,0.0,-0.0057341307401657104,0.0,0.0,0.0,0.0,0.3214212954044342
3970,73656,4,1015,0,OP3,FIXED_OPPONENT,train,SCRIPTED:OP3,0,3,3,0,19,0.19999998807907104,1,0,4,11.0,10.724201403166118,-0.699999988079071,0.0,0.004359133541584015,0.0,0.0,0.0,-0.03999999910593033,-0.1629025638103485
3971,73688,4,1019,3,OP3,FIXED_OPPONENT,train,SCRIPTED:OP3,0,2,3,-1,18,0.2800000011920929,1,0,0,11.0,10.182303534613716,-1.2000000476837158,-0.4000000059604645,-0.0038825273513793945,0.019999999552965164,-1.0,-100.0,0.0,-0.5208395719528198
3972,73712,4,1022,0,OP3,FIXED_OPPONENT,train,SCRIPTED:OP3,1,3,2,1,20,0.19999998807907104,1,0,4,13.0,9.350521087646484,1.5,0.4000000059604645,-0.0012862086296081543,0.014999999664723873,1.0,100.0,0.0,0.5680832862854004
3973,73728,4,1024,3,OP3,FIXED_OPPONENT,train,SCRIPTED:OP3,0,2,3,-1,18,0.19999998807907104,1,0,4,11.0,9.806768629286024,-1.2000000476837158,0.0,0.003957077860832214,0.0,0.0,0.0,0.0,-0.26045486330986023
3974,73728,4,1024,0,OP3,FIXED_OPPONENT,train,SCRIPTED:OP3,1,3,2,1,19,0.2800000011920929,1,0,1,12.0,10.707770899722451,1.5,0.5,-0.013726264238357544,0.029999999329447746,1.0,100.0,0.0,0.5829740166664124
3975,73728,4,1024,1,OP3,FIXED_OPPONENT,train,SCRIPTED:OP3,1,3,2,1,18,0.1599999964237213,1,0,2,12.0,10.882509019639757,1.5,0.5,-0.03314933180809021,0.029999999329447746,1.0,100.0,-0.03999999910593033,0.5768452882766724
3976,73744,4,1026,3,OP3,FIXED_OPPONENT,train,SCRIPTED:OP3,0,2,3,-1,18,0.23999999463558197,1,0,5,11.0,9.18566640218099,-1.2000000476837158,-0.5,-0.0065053850412368774,0.019999999552965164,-1.0,-100.0,0.0,-0.5368789434432983
3977,73776,4,1030,2,OP3,FIXED_OPPONENT,train,SCRIPTED:OP3,1,3,2,1,18,0.1599999964237213,1,0,5,11.0,9.440608554416233,1.5,0.4000000059604645,0.006146132946014404,0.014999999664723873,1.0,100.0,0.0,0.568172812461853
3978,73808,4,1034,2,OP3,FIXED_OPPONENT,train,SCRIPTED:OP3,1,3,2,1,19,0.1599999964237213,1,0,1,12.0,11.466550325092516,1.5,0.5,-0.023354187607765198,0.029999999329447746,1.0,100.0,0.0,0.5828609466552734
3979,73840,4,1038,2,OP3,FIXED_OPPONENT,train,SCRIPTED:OP3,1,3,2,1,19,0.19999998807907104,1,0,1,12.0,11.333140323036595,1.5,0.5,-0.0038721710443496704,0.029999999329447746,1.0,100.0,0.0,0.5830895900726318
3980,73856,4,1040,3,OP3,FIXED_OPPONENT,train,SCRIPTED:OP3,1,3,2,1,18,0.19999998807907104,1,0,3,11.0,11.152025010850695,1.5,0.5,-0.013113290071487427,0.029999999329447746,1.0,100.0,-0.019999999552965164,0.5800396203994751
3981,73856,4,1040,1,OP3,FIXED_OPPONENT,train,SCRIPTED:OP3,0,1,3,-2,16,0.19999998807907104,1,0,0,12.0,10.785222053527832,-1.2000000476837158,-0.5,0.0028598904609680176,0.019999999552965164,-1.0,-100.0,-0.019999999552965164,-0.5399167537689209
3982,73872,4,1042,0,OP3,FIXED_OPPONENT,train,SCRIPTED:OP3,1,3,2,1,18,0.2800000011920929,1,0,1,11.0,10.779624091254341,1.5,0.4000000059604645,-0.000288352370262146,0.014999999664723873,1.0,100.0,0.0,0.568095326423645
3983,73880,4,1043,2,OP3,FIXED_OPPONENT,train,SCRIPTED:OP3,1,3,2,1,17,0.3199999928474426,1,0,0,11.0,12.041633157169118,1.5,0.5,-0.01497986912727356,0.014999999664723873,1.0,100.0,0.0,0.5827832221984863
3984,73880,4,1043,2,OP3,FIXED_OPPONENT,train,SCRIPTED:OP3,1,3,2,1,19,0.23999999463558197,1,0,1,13.0,9.809836939761514,1.5,0.5,-0.014692947268486023,0.029999999329447746,1.0,100.0,0.0,0.5829626321792603
3985,73952,4,1052,3,OP3,FIXED_OPPONENT,train,SCRIPTED:OP3,0,2,3,-1,22,0.19999998807907104,1,0,7,15.0,10.07484921542081,-1.2000000476837158,-0.5,0.012095600366592407,0.019999999552965164,-1.0,-100.0,-0.019999999552965164,-0.5398004055023193
3986,73952,4,1052,1,OP3,FIXED_OPPONENT,train,SCRIPTED:OP3,0,3,3,0,18,0.2800000011920929,1,0,2,11.0,10.254331800672743,-0.699999988079071,0.0,-0.00640299916267395,0.0,0.0,0.0,0.0,-0.1544240266084671
3987,73984,4,1056,0,OP3,FIXED_OPPONENT,train,SCRIPTED:OP3,0,1,3,-2,16,0.2800000011920929,1,0,2,12.0,10.594501495361328,-1.2000000476837158,-0.5,0.006448790431022644,0.0,-1.0,-100.0,-0.019999999552965164,-0.5401234030723572
3988,73992,4,1057,3,OP3,FIXED_OPPONENT,train,SCRIPTED:OP3,1,3,2,1,19,0.35999998450279236,1,0,3,11.0,10.737618697317023,1.5,0.5,-0.037294745445251465,0.014999999664723873,1.0,100.0,0.0,0.5825211405754089
3989,74000,4,1058,1,OP3,FIXED_OPPONENT,train,SCRIPTED:OP3,1,3,2,1,18,0.2800000011920929,1,0,0,11.0,12.718376159667969,1.5,0.5,-0.015176206827163696,0.014999999664723873,1.0,100.0,0.0,0.5827808380126953
3990,74016,4,1060,3,OP3,FIXED_OPPONENT,train,SCRIPTED:OP3,0,2,3,-1,17,0.2800000011920929,1,0,3,11.0,9.581155215992647,-1.2000000476837158,-0.4000000059604645,-0.007632926106452942,0.0,-1.0,-100.0,0.0,-0.5211472511291504
3991,74024,4,1061,0,OP3,FIXED_OPPONENT,train,SCRIPTED:OP3,1,3,2,1,18,0.23999999463558197,1,0,3,11.0,9.632539537217882,1.5,1.0,0.02836965024471283,0.029999999329447746,2.0,200.0,0.0,0.7620296478271484
3992,74024,4,1061,1,OP3,FIXED_OPPONENT,train,SCRIPTED:OP3,1,3,2,1,19,0.2800000011920929,1,0,4,12.0,10.5458839818051,1.5,1.0,-0.01944197714328766,0.029999999329447746,2.0,200.0,-0.019999999552965164,0.7598006129264832
3993,74088,4,1069,0,OP3,FIXED_OPPONENT,train,SCRIPTED:OP3,1,3,2,1,17,0.19999998807907104,1,0,0,11.0,11.354766845703125,1.5,0.5,-0.02210897207260132,0.029999999329447746,1.0,100.0,-0.019999999552965164,0.5799335241317749
3994,74088,4,1069,3,OP3,FIXED_OPPONENT,train,SCRIPTED:OP3,1,3,2,1,17,0.2800000011920929,1,0,4,11.0,10.449817433076745,1.5,0.0,-0.006870180368423462,0.0,0.0,0.0,0.0,0.3214032053947449
3995,74136,4,1075,0,OP3,FIXED_OPPONENT,train,SCRIPTED:OP3,1,3,2,1,19,0.19999998807907104,1,0,2,12.0,9.41021086040296,1.5,0.5,-0.004212662577629089,0.029999999329447746,1.0,100.0,0.0,0.5830855965614319
3996,74144,4,1076,3,OP3,FIXED_OPPONENT,train,SCRIPTED:OP3,0,2,3,-1,19,0.1599999964237213,1,0,0,12.0,10.87147361353824,-1.2000000476837158,-0.5,0.003317132592201233,0.019999999552965164,-2.0,-200.0,0.0,-0.6760525703430176
3997,74152,4,1077,3,OP3,FIXED_OPPONENT,train,SCRIPTED:OP3,0,2,3,-1,19,0.2800000011920929,1,0,1,11.0,10.015396921258224,-1.2000000476837158,-0.5,0.0010703802108764648,0.019999999552965164,-1.0,-100.0,0.0,-0.5367830395698547
3998,74152,4,1077,1,OP3,FIXED_OPPONENT,train,SCRIPTED:OP3,0,0,3,-3,16,0.19999998807907104,1,0,0,12.0,12.177154541015625,-1.2000000476837158,-0.5,-0.0034146010875701904,0.019999999552965164,-1.0,-100.0,-0.019999999552965164,-0.5399957895278931
3999,74168,4,1079,2,OP3,FIXED_OPPONENT,train,SCRIPTED:OP3,0,2,3,-1,19,0.19999998807907104,1,0,0,11.0,10.990868016293174,-1.2000000476837158,-0.5,-0.005318313837051392,0.019999999552965164,-1.0,-100.0,0.0,-0.5368638634681702
4000,74168,4,1079,3,OP3,FIXED_OPPONENT,train,SCRIPTED:OP3,0,2,3,-1,18,0.1599999964237213,1,0,5,11.0,10.018117268880209,-1.2000000476837158,-0.4000000059604645,-0.006817564368247986,0.019999999552965164,-1.0,-100.0,0.0,-0.5208775997161865
4001,74232,4,1087,3,OP3,FIXED_OPPONENT,train,SCRIPTED:OP3,0,2,3,-1,18,0.23999999463558197,1,0,2,11.0,10.726285298665365,-1.2000000476837158,-0.5,0.00930817425251007,0.019999999552965164,-1.0,-100.0,0.0,-0.5366787910461426
4002,74232,4,1087,3,OP3,FIXED_OPPONENT,train,SCRIPTED:OP3,1,3,2,1,18,0.23999999463558197,1,0,3,11.0,10.004400465223524,1.5,0.5,-0.021582305431365967,0.029999999329447746,1.0,100.0,0.0,0.5828818082809448
