episode_id,timesteps,policy_update,rollout_step,latent_z,curriculum_phase,mode,map_set,opponent,success,blue_score,red_score,win_margin,decision_steps,zone_coverage,collision_free_episode,collision_events_per_episode,near_misses_per_episode,time_to_first_score,mean_inter_robot_dist,reward_terminal,reward_offense,reward_pbrs,reward_team,reward_sparse,reward_sparse_points,reward_failure,reward_total
6730,628856,38,783,1,OP3,FIXED_OPPONENT,train,SCRIPTED:OP3,1,3,2,1,119,0.5600000023841858,1,0,29,39.0,5.502849162125788,1.5,0.5,0.007508009672164917,0.0,1.0,100.0,0.0,0.5828710794448853
6731,628960,38,796,1,OP3,FIXED_OPPONENT,train,SCRIPTED:OP3,1,3,2,1,79,0.5999999642372131,1,0,17,30.0,6.020328183717366,1.5,0.0,0.0032425224781036377,0.0,0.0,0.0,0.0,0.32156437635421753
6732,628976,38,798,0,OP3,FIXED_OPPONENT,train,SCRIPTED:OP3,1,3,2,1,92,0.5999999642372131,1,0,27,28.0,6.145904541015625,1.5,0.5,-0.004672303795814514,0.0,1.0,100.0,-0.019999999552965164,0.5797852277755737
6733,628992,38,800,3,OP3,FIXED_OPPONENT,train,SCRIPTED:OP3,1,3,1,2,75,0.5199999809265137,1,0,23,29.0,5.32646728515625,1.5,0.5,-0.013582408428192139,0.0,1.0,100.0,0.0,0.5826234221458435
6734,629104,38,814,1,OP3,FIXED_OPPONENT,train,SCRIPTED:OP3,1,3,2,1,82,0.5600000023841858,1,0,23,30.0,6.228660025247714,1.5,0.5,-0.010139763355255127,0.0,1.0,100.0,-0.019999999552965164,0.5797207355499268
6735,629232,38,830,0,OP3,FIXED_OPPONENT,train,SCRIPTED:OP3,1,3,1,2,84,0.5600000023841858,1,0,22,32.0,6.213102794828869,1.5,0.5,0.005625709891319275,0.0,1.0,100.0,0.0,0.5828490257263184
6736,629272,38,835,3,OP3,FIXED_OPPONENT,train,SCRIPTED:OP3,1,3,1,2,95,0.5600000023841858,1,0,24,41.0,6.086279296875,1.5,0.5,0.015488192439079285,0.014999999664723873,1.0,100.0,0.0,0.5831407904624939
6737,629488,38,862,1,OP3,FIXED_OPPONENT,train,SCRIPTED:OP3,1,3,1,2,85,0.4399999976158142,0,1,37,27.0,4.836122759650736,1.5,0.5,-0.008420959115028381,0.0,1.0,100.0,-0.019999999552965164,0.5797410011291504
1,720,0,90,3,OP3,FIXED_OPPONENT,train,SCRIPTED:OP3,1,3,2,1,90,0.4399999976158142,1,0,17,35.0,5.784268527560764,1.5,0.5,-0.009714365005493164,0.0,1.0,100.0,0.0,0.5826688408851624
6738,629680,38,886,0,OP3,FIXED_OPPONENT,train,SCRIPTED:OP3,1,3,2,1,103,0.5999999642372131,1,0,19,31.0,6.128843437120753,1.5,0.5,-0.010251656174659729,0.0,1.0,100.0,0.0,0.5826625823974609
6739,629688,38,887,3,OP3,FIXED_OPPONENT,train,SCRIPTED:OP3,1,3,2,1,91,0.5199999809265137,1,0,21,32.0,6.436143812242445,1.5,0.5,-0.004039660096168518,0.0,1.0,100.0,0.0,0.5827354192733765
2,744,0,93,2,OP3,FIXED_OPPONENT,train,SCRIPTED:OP3,1,3,1,2,93,0.3999999761581421,1,0,37,37.0,4.608542821740591,1.5,0.5,0.008714601397514343,0.0,1.0,100.0,0.0,0.5828852653503418
3,768,0,96,2,OP3,FIXED_OPPONENT,train,SCRIPTED:OP3,1,3,1,2,96,0.4399999976158142,1,0,42,28.0,4.360086123148601,1.5,0.5,-0.0014286935329437256,0.0,1.0,100.0,0.0,0.5827661752700806
6740,629784,38,899,3,OP3,FIXED_OPPONENT,train,SCRIPTED:OP3,1,3,2,1,99,0.5199999809265137,0,1,48,32.0,4.629101685803346,1.5,0.5,-0.00973336398601532,0.0,1.0,100.0,-0.019999999552965164,0.5797255039215088
6741,629792,38,900,3,OP3,FIXED_OPPONENT,train,SCRIPTED:OP3,1,3,2,1,102,0.5999999642372131,1,0,17,30.0,6.080455705231311,1.5,0.5,0.005389496684074402,0.0,1.0,100.0,-0.019999999552965164,0.5799039602279663
6742,629832,38,905,0,OP3,FIXED_OPPONENT,train,SCRIPTED:OP3,1,3,1,2,91,0.5600000023841858,1,0,14,30.0,6.238538804945055,1.5,0.5,-0.03190410137176514,0.014999999664723873,1.0,100.0,0.0,0.5825845003128052
4,928,0,116,3,OP3,FIXED_OPPONENT,train,SCRIPTED:OP3,0,3,3,0,116,0.5600000023841858,1,0,24,40.0,6.469353511415679,-0.699999988079071,0.0,-0.0001825094223022461,0.0,0.0,0.0,0.0,-0.15431606769561768
5,984,0,123,3,OP3,FIXED_OPPONENT,train,SCRIPTED:OP3,1,3,2,1,123,0.5999999642372131,1,0,23,46.0,6.074879716082317,1.5,0.5,-0.03221118450164795,0.02499999850988388,1.0,100.0,0.0,0.5826982855796814
6,1000,0,125,2,OP3,FIXED_OPPONENT,train,SCRIPTED:OP3,0,2,3,-1,125,0.5999999642372131,1,0,32,42.0,5.17168505859375,-1.2000000476837158,-0.5,-0.021253526210784912,0.0,-1.0,-100.0,-0.019999999552965164,-0.540472149848938
6743,630000,38,926,3,OP3,FIXED_OPPONENT,train,SCRIPTED:OP3,1,3,2,1,91,0.6399999856948853,1,0,9,32.0,6.1661873282967035,1.5,0.5,-0.006138443946838379,0.0,1.0,100.0,-0.019999999552965164,0.5797679424285889
6744,630016,38,928,2,OP3,FIXED_OPPONENT,train,SCRIPTED:OP3,1,3,1,2,98,0.6399999856948853,1,0,35,28.0,5.569882762675383,1.5,0.5,0.0059670209884643555,0.0,1.0,100.0,0.0,0.5828529596328735
7,1080,0,135,2,OP3,FIXED_OPPONENT,train,SCRIPTED:OP3,0,2,3,-1,135,0.5999999642372131,1,0,45,31.0,5.125066008391204,-1.2000000476837158,-0.5,0.016948670148849487,0.0,-1.0,-100.0,0.0,-0.5368351936340332
6745,630168,38,947,3,OP3,FIXED_OPPONENT,train,SCRIPTED:OP3,1,3,1,2,85,0.47999998927116394,0,1,23,29.0,5.002443201401654,1.5,0.5,0.007768407464027405,0.0,1.0,100.0,-0.019999999552965164,0.5799320936203003
8,1272,0,159,3,OP3,FIXED_OPPONENT,train,SCRIPTED:OP3,1,3,2,1,159,0.5600000023841858,1,0,37,25.0,5.955241269285574,1.5,0.5,-0.008118078112602234,0.0,1.0,100.0,0.0,0.5826876163482666
9,1344,0,168,1,OP3,FIXED_OPPONENT,train,SCRIPTED:OP3,1,3,1,2,78,0.5600000023841858,1,0,13,30.0,6.333141229091546,1.5,0.5,-0.009284690022468567,0.0,1.0,100.0,0.0,0.5826739072799683
6746,630320,38,966,0,OP3,FIXED_OPPONENT,train,SCRIPTED:OP3,1,3,2,1,79,0.47999998927116394,1,0,14,32.0,6.520184094392801,1.5,0.5,0.00854422152042389,0.0,1.0,100.0,-0.019999999552965164,0.5799412727355957
6747,630320,38,966,2,OP3,FIXED_OPPONENT,train,SCRIPTED:OP3,1,3,1,2,66,0.5199999809265137,1,0,16,27.0,5.563762780391809,1.5,0.5,0.007434770464897156,0.0,1.0,100.0,0.0,0.5828702449798584
6748,630376,38,973,1,OP3,FIXED_OPPONENT,train,SCRIPTED:OP3,1,3,2,1,87,0.5999999642372131,1,0,14,30.0,6.0848655262212645,1.5,0.0,0.003940701484680176,0.0,0.0,0.0,-0.019999999552965164,0.3175850212574005
10,1520,0,190,0,OP3,FIXED_OPPONENT,train,SCRIPTED:OP3,0,2,3,-1,97,0.5600000023841858,1,0,18,31.0,5.576471387725515,-1.2000000476837158,-0.5,0.004043251276016235,0.019999999552965164,-1.0,-100.0,0.0,-0.5367454290390015
11,1536,0,192,0,OP3,FIXED_OPPONENT,train,SCRIPTED:OP3,1,3,1,2,96,0.5999999642372131,1,0,52,28.0,5.2107493082682295,1.5,0.4000000059604645,0.0014887303113937378,0.04999999701976776,1.0,100.0,0.0,0.5685379505157471
6749,630488,38,987,1,OP3,FIXED_OPPONENT,train,SCRIPTED:OP3,1,3,1,2,82,0.5999999642372131,1,0,24,27.0,6.020387603015434,1.5,0.5,-0.000247761607170105,0.0,1.0,100.0,0.0,0.5827800035476685
12,1592,0,199,0,OP3,FIXED_OPPONENT,train,SCRIPTED:OP3,1,3,1,2,83,0.47999998927116394,1,0,29,26.0,5.306349788803652,1.5,0.5,-0.010125011205673218,0.0,1.0,100.0,0.0,0.5826640129089355
6750,630616,38,1003,0,OP3,FIXED_OPPONENT,train,SCRIPTED:OP3,1,3,1,2,104,0.3999999761581421,1,0,25,32.0,6.12718024620643,1.5,0.5,-0.004522755742073059,0.0,1.0,100.0,0.0,0.5827298164367676
13,1680,0,210,1,OP3,FIXED_OPPONENT,train,SCRIPTED:OP3,1,3,1,2,85,0.47999998927116394,1,0,17,29.0,5.070767391429228,1.5,0.5,-0.0025858283042907715,0.0,1.0,100.0,0.0,0.5827525854110718
6751,630688,38,1012,1,OP3,FIXED_OPPONENT,train,SCRIPTED:OP3,1,3,1,2,84,0.5199999809265137,1,0,18,32.0,6.231505621047247,1.5,0.5,-0.010444849729537964,0.0,1.0,100.0,0.0,0.5826603174209595
6752,630744,38,1019,2,OP3,FIXED_OPPONENT,train,SCRIPTED:OP3,1,3,1,2,72,0.5999999642372131,0,1,22,27.0,5.71940443250868,1.5,0.5,0.0073423832654953,0.0,1.0,100.0,-0.019999999552965164,0.5799270868301392
14,1848,0,231,1,OP3,FIXED_OPPONENT,train,SCRIPTED:OP3,1,3,2,1,96,0.5199999809265137,1,0,23,29.0,5.4268538157145185,1.5,0.5,-0.0098162442445755,0.0,1.0,100.0,0.0,0.5826677083969116
6753,630944,38,1044,3,OP3,FIXED_OPPONENT,train,SCRIPTED:OP3,1,3,2,1,118,0.6399999856948853,1,0,25,30.0,5.853336140260858,1.5,0.5,-0.001805633306503296,0.02499999850988388,1.0,100.0,-0.019999999552965164,0.5801140069961548
15,2024,0,253,2,OP3,FIXED_OPPONENT,train,SCRIPTED:OP3,1,3,2,1,130,0.6800000071525574,1,0,35,31.0,5.4137047400841345,1.5,0.5,-0.03293120861053467,0.029999999329447746,1.0,100.0,0.0,0.582748532295227
6754,631016,38,1053,2,OP3,FIXED_OPPONENT,train,SCRIPTED:OP3,1,3,1,2,87,0.47999998927116394,1,0,24,25.0,5.494955128636853,1.5,0.5,-0.013761341571807861,0.0,1.0,100.0,0.0,0.5826213359832764
6755,631040,38,1056,2,OP3,FIXED_OPPONENT,train,SCRIPTED:OP3,1,3,1,2,83,0.5600000023841858,1,0,16,31.0,5.907512986516378,1.5,0.5,-0.00690227746963501,0.0,1.0,100.0,-0.019999999552965164,0.5797589421272278
16,2136,0,267,1,OP3,FIXED_OPPONENT,train,SCRIPTED:OP3,1,3,1,2,108,0.5999999642372131,1,0,36,46.0,5.815400865342882,1.5,0.5,-0.02419237792491913,0.029999999329447746,1.0,100.0,0.0,0.5828511714935303
17,2216,0,277,1,OP3,FIXED_OPPONENT,train,SCRIPTED:OP3,1,3,1,2,85,0.4399999976158142,1,0,9,30.0,5.537781838809742,1.5,0.5,-0.009374603629112244,0.0,1.0,100.0,0.0,0.5826728343963623
18,2240,0,280,1,OP3,FIXED_OPPONENT,train,SCRIPTED:OP3,1,3,2,1,90,0.5199999809265137,1,0,18,37.0,6.006923421223958,1.5,0.5,0.004471376538276672,0.0,1.0,100.0,0.0,0.5828353762626648
6756,631280,38,1086,1,OP3,FIXED_OPPONENT,train,SCRIPTED:OP3,1,3,2,1,83,0.6399999856948853,1,0,14,27.0,6.667710637471762,1.5,0.0,-0.010032281279563904,0.0,0.0,0.0,-0.019999999552965164,0.31736162304878235
6757,631296,38,1088,3,OP3,FIXED_OPPONENT,train,SCRIPTED:OP3,1,3,1,2,101,0.5600000023841858,0,1,50,30.0,5.429602292504641,1.5,0.5,0.008386731147766113,0.0,1.0,100.0,0.0,0.5828813314437866
19,2376,0,297,0,OP3,FIXED_OPPONENT,train,SCRIPTED:OP3,0,1,3,-2,129,0.6399999856948853,1,0,23,38.0,6.4351825566254846,-1.2000000476837158,-0.5,0.01700673997402191,0.019999999552965164,-1.0,-100.0,-0.019999999552965164,-0.5397385358810425
6758,631320,38,1091,0,OP3,FIXED_OPPONENT,train,SCRIPTED:OP3,1,3,2,1,125,0.5999999642372131,1,0,44,27.0,5.5176494140625,1.5,0.5,0.0016353875398635864,0.0,1.0,100.0,0.0,0.5828021764755249
6759,631408,38,1102,1,OP3,FIXED_OPPONENT,train,SCRIPTED:OP3,1,3,2,1,90,0.5199999809265137,1,0,23,30.0,5.6226487901475695,1.5,0.5,-0.0012203305959701538,0.0,1.0,100.0,0.0,0.5827685594558716
20,2480,0,310,0,OP3,FIXED_OPPONENT,train,SCRIPTED:OP3,1,3,1,2,100,0.5199999809265137,0,1,40,32.0,5.371826171875,1.5,0.5,-0.007650613784790039,0.0,1.0,100.0,0.0,0.5826930999755859
21,2592,0,324,1,OP3,FIXED_OPPONENT,train,SCRIPTED:OP3,0,2,3,-1,125,0.5600000023841858,1,0,29,35.0,5.6102607421875,-1.2000000476837158,-0.5,0.01665899157524109,0.019999999552965164,-1.0,-100.0,0.0,-0.5365857481956482
6760,631592,38,1125,1,OP3,FIXED_OPPONENT,train,SCRIPTED:OP3,1,3,1,2,106,0.5999999642372131,1,0,44,31.0,6.1106290997199295,1.5,0.5,-0.006163686513900757,0.0,1.0,100.0,0.0,0.5827106237411499
6761,631624,38,1129,2,OP3,FIXED_OPPONENT,train,SCRIPTED:OP3,1,3,1,2,76,0.4399999976158142,1,0,10,32.0,5.910652963738692,1.5,0.5,0.0043809860944747925,0.0,1.0,100.0,0.0,0.5828343629837036
6762,631688,38,1137,2,OP3,FIXED_OPPONENT,train,SCRIPTED:OP3,1,3,1,2,93,0.5999999642372131,1,0,15,32.0,5.93964607484879,1.5,0.5,0.007159590721130371,0.0,1.0,100.0,0.0,0.5828670263290405
22,2808,0,351,1,OP3,FIXED_OPPONENT,train,SCRIPTED:OP3,1,3,2,1,98,0.5600000023841858,1,0,24,29.0,6.029527936662946,1.5,0.5,0.007142752408981323,0.0,1.0,100.0,-0.019999999552965164,0.5799246430397034
23,2824,0,353,2,OP3,FIXED_OPPONENT,train,SCRIPTED:OP3,0,2,3,-1,122,0.6399999856948853,1,0,35,32.0,5.594742571721311,-1.2000000476837158,-0.5,0.005933091044425964,0.019999999552965164,-1.0,-100.0,0.0,-0.5367215275764465
6763,631776,38,1148,0,OP3,FIXED_OPPONENT,train,SCRIPTED:OP3,1,3,1,2,92,0.5199999809265137,1,0,28,32.0,5.920378311820652,1.5,0.5,0.006750762462615967,0.0,1.0,100.0,-0.019999999552965164,0.5799200534820557
24,2888,0,361,1,OP3,FIXED_OPPONENT,train,SCRIPTED:OP3,1,3,2,1,94,0.47999998927116394,1,0,33,27.0,4.83898016747008,1.5,0.5,0.005932912230491638,0.0,1.0,100.0,-0.019999999552965164,0.579910397529602
25,2912,0,364,3,OP3,FIXED_OPPONENT,train,SCRIPTED:OP3,1,3,2,1,87,0.47999998927116394,1,0,26,29.0,5.3268046762751435,1.5,0.5,-0.010283872485160828,0.0,1.0,100.0,0.0,0.5826622247695923
6764,631888,38,1162,1,OP3,FIXED_OPPONENT,train,SCRIPTED:OP3,1,3,1,2,74,0.47999998927116394,1,0,23,34.0,5.973523526578336,1.5,0.5,-0.007749781012535095,0.014999999664723873,1.0,100.0,0.0,0.5828680396080017
26,3120,0,390,1,OP3,FIXED_OPPONENT,train,SCRIPTED:OP3,1,3,2,1,80,0.5600000023841858,1,0,21,31.0,5.654889297485352,1.5,0.5,-0.01033957302570343,0.0,1.0,100.0,0.0,0.582661509513855
6765,632040,38,1181,3,OP3,FIXED_OPPONENT,train,SCRIPTED:OP3,1,3,2,1,95,0.6800000071525574,1,0,19,35.0,5.806028346011513,1.5,0.5,0.007720142602920532,0.0,1.0,100.0,-0.019999999552965164,0.5799314975738525
6766,632064,38,1184,1,OP3,FIXED_OPPONENT,train,SCRIPTED:OP3,1,3,1,2,93,0.6399999856948853,1,0,22,34.0,6.238714402721774,1.5,0.5,-0.021682709455490112,0.029999999329447746,1.0,100.0,0.0,0.5828806161880493
27,3184,0,398,0,OP3,FIXED_OPPONENT,train,SCRIPTED:OP3,1,3,2,1,101,0.4399999976158142,1,0,50,34.0,5.3810116607363865,1.5,0.5,-0.010209843516349792,0.0,1.0,100.0,0.0,0.5826630592346191
28,3216,0,402,2,OP3,FIXED_OPPONENT,train,SCRIPTED:OP3,1,3,2,1,122,0.5199999809265137,0,2,40,27.0,4.665450299372439,1.5,0.5,0.007396385073661804,0.0,1.0,100.0,0.0,0.5828697681427002
6767,632160,38,1196,2,OP3,FIXED_OPPONENT,train,SCRIPTED:OP3,1,3,1,2,94,0.5600000023841858,0,1,21,40.0,5.466874142910572,1.5,0.5,-0.009691208600997925,0.0,1.0,100.0,0.0,0.5826691389083862
6768,632200,38,1201,0,OP3,FIXED_OPPONENT,train,SCRIPTED:OP3,1,3,1,2,72,0.4399999976158142,1,0,16,32.0,5.270958370632595,1.5,0.5,-0.008343100547790527,0.0,1.0,100.0,0.0,0.5826849937438965
6769,632248,38,1207,2,OP3,FIXED_OPPONENT,train,SCRIPTED:OP3,1,3,1,2,82,0.5199999809265137,1,0,13,28.0,6.243001426138529,1.5,0.5,-0.0008967071771621704,0.014999999664723873,1.0,100.0,-0.019999999552965164,0.5800068378448486
29,3520,0,440,3,OP3,FIXED_OPPONENT,train,SCRIPTED:OP3,1,3,1,2,116,0.5199999809265137,1,0,27,37.0,5.591008153455011,1.5,0.5,-0.010159194469451904,0.0,1.0,100.0,0.0,0.5826637148857117
6770,632432,38,1230,3,OP3,FIXED_OPPONENT,train,SCRIPTED:OP3,1,3,2,1,82,0.5199999809265137,1,0,23,29.0,6.193623984732279,1.5,0.0,-0.010255202651023865,0.0,0.0,0.0,-0.019999999552965164,0.3173580765724182
30,3536,0,442,2,OP3,FIXED_OPPONENT,train,SCRIPTED:OP3,1,3,1,2,89,0.47999998927116394,1,0,32,30.0,4.940008956394839,1.5,0.5,-0.006416842341423035,0.0,1.0,100.0,0.0,0.5827076435089111
6771,632440,38,1231,3,OP3,FIXED_OPPONENT,train,SCRIPTED:OP3,1,3,1,2,94,0.5600000023841858,1,0,26,28.0,6.059878085521942,1.5,0.5,-0.010236680507659912,0.0,1.0,100.0,0.0,0.5826627016067505
31,3576,0,447,1,OP3,FIXED_OPPONENT,train,SCRIPTED:OP3,1,3,1,2,96,0.5199999809265137,0,1,13,32.0,5.833144505818685,1.5,0.5,-0.023524001240730286,0.014999999664723873,1.0,100.0,0.0,0.5826828479766846
32,3576,0,447,3,OP3,FIXED_OPPONENT,train,SCRIPTED:OP3,1,3,2,1,83,0.5600000023841858,1,0,10,27.0,6.433273131588855,1.5,0.5,0.005388468503952026,0.0,1.0,100.0,0.0,0.5828462243080139
6772,632576,38,1248,2,OP3,FIXED_OPPONENT,train,SCRIPTED:OP3,1,3,1,2,86,0.6399999856948853,1,0,34,30.0,5.472890809524891,1.5,0.5,-0.029705524444580078,0.029999999329447746,1.0,100.0,0.0,0.5827864408493042
33,3712,0,464,3,OP3,FIXED_OPPONENT,train,SCRIPTED:OP3,1,3,2,1,103,0.47999998927116394,1,0,31,43.0,5.309154325318568,1.5,0.5,-0.010359346866607666,0.0,1.0,100.0,0.0,0.5826612710952759
6773,632624,38,1254,2,OP3,FIXED_OPPONENT,train,SCRIPTED:OP3,1,3,1,2,73,0.5199999809265137,1,0,17,30.0,5.777737970221533,1.5,0.5,0.006499573588371277,0.0,1.0,100.0,0.0,0.5828591585159302
34,3848,0,481,3,OP3,FIXED_OPPONENT,train,SCRIPTED:OP3,1,3,2,1,91,0.47999998927116394,1,0,18,39.0,5.632191416981456,1.5,0.5,-0.010417938232421875,0.0,1.0,100.0,-0.019999999552965164,0.5797173976898193
6774,632808,38,1277,1,OP3,FIXED_OPPONENT,train,SCRIPTED:OP3,1,3,1,2,70,0.5999999642372131,1,0,8,30.0,5.8947915213448665,1.5,0.5,0.008598342537879944,0.0,1.0,100.0,-0.019999999552965164,0.5799418687820435
6775,632848,38,1282,0,OP3,FIXED_OPPONENT,train,SCRIPTED:OP3,1,3,2,1,98,0.5600000023841858,1,0,30,28.0,6.836747772839605,1.5,0.5,-0.02351371943950653,0.029999999329447746,1.0,100.0,0.0,0.5828590393066406
35,3984,0,498,2,OP3,FIXED_OPPONENT,train,SCRIPTED:OP3,1,3,2,1,100,0.5999999642372131,0,1,29,29.0,5.2242333984375,1.5,0.5,-0.010214775800704956,0.0,1.0,100.0,0.0,0.5826629996299744
6776,632880,38,1286,1,OP3,FIXED_OPPONENT,train,SCRIPTED:OP3,1,3,1,2,85,0.5600000023841858,1,0,48,28.0,4.799237778607536,1.5,0.5,-0.033489517867565155,0.029999999329447746,1.0,100.0,-0.019999999552965164,0.579799234867096
36,4088,0,511,1,OP3,FIXED_OPPONENT,train,SCRIPTED:OP3,1,3,2,1,109,0.5999999642372131,1,0,31,28.0,5.220269719395069,1.5,0.5,-0.010289430618286133,0.0,1.0,100.0,0.0,0.5826621055603027
6777,633008,38,1302,2,OP3,FIXED_OPPONENT,train,SCRIPTED:OP3,0,2,3,-1,106,0.5199999809265137,1,0,24,28.0,5.508118827387972,-1.2000000476837158,-0.5,0.015840336680412292,0.0,-1.0,-100.0,0.0,-0.5368492007255554
6778,633120,38,1316,3,OP3,FIXED_OPPONENT,train,SCRIPTED:OP3,1,3,2,1,85,0.5199999809265137,1,0,38,29.0,4.906746897977941,1.5,0.5,-0.00970102846622467,0.0,1.0,100.0,0.0,0.5826690196990967
6779,633120,38,1316,2,OP3,FIXED_OPPONENT,train,SCRIPTED:OP3,1,3,1,2,86,0.5199999809265137,1,0,22,30.0,4.241902196130087,1.5,0.5,-0.008645042777061462,0.0,1.0,100.0,0.0,0.58268141746521
37,4312,0,539,1,OP3,FIXED_OPPONENT,train,SCRIPTED:OP3,1,3,2,1,92,0.47999998927116394,1,0,39,31.0,5.319470612899117,1.5,0.5,-0.009737089276313782,0.0,1.0,100.0,0.0,0.582668662071228
38,4312,0,539,1,OP3,FIXED_OPPONENT,train,SCRIPTED:OP3,0,2,3,-1,99,0.5600000023841858,1,0,21,33.0,5.662524907275884,-1.2000000476837158,-0.5,0.015026479959487915,0.019999999552965164,-1.0,-100.0,-0.019999999552965164,-0.5397634506225586
39,4376,0,547,3,OP3,FIXED_OPPONENT,train,SCRIPTED:OP3,0,2,3,-1,100,0.6800000071525574,1,0,19,33.0,6.238428955078125,-1.2000000476837158,-0.5,0.015877172350883484,0.019999999552965164,-1.0,-100.0,0.0,-0.5365956425666809
6780,633328,38,1342,3,OP3,FIXED_OPPONENT,train,SCRIPTED:OP3,1,3,1,2,88,0.4399999976158142,1,0,26,25.0,5.603767048228871,1.5,0.5,-0.00045052170753479004,0.014999999664723873,1.0,100.0,0.0,0.582953691482544
40,4448,0,556,0,OP3,FIXED_OPPONENT,train,SCRIPTED:OP3,1,3,2,1,114,0.5199999809265137,1,0,16,32.0,6.19647216796875,1.5,0.5,0.007752478122711182,0.0,1.0,100.0,0.0,0.5828739404678345
6781,633344,38,1344,0,OP3,FIXED_OPPONENT,train,SCRIPTED:OP3,1,3,1,2,96,0.47999998927116394,1,0,20,39.0,5.676464080810547,1.5,0.5,0.006038539111614227,0.0,1.0,100.0,0.0,0.5828537940979004
41,4528,0,566,3,OP3,FIXED_OPPONENT,train,SCRIPTED:OP3,1,3,1,2,102,0.7199999690055847,1,0,21,38.0,5.56117218615962,1.5,0.5,-0.020944297313690186,0.029999999329447746,1.0,100.0,0.0,0.582889199256897
6782,633464,38,1359,1,OP3,FIXED_OPPONENT,train,SCRIPTED:OP3,1,3,2,1,77,0.6800000071525574,1,0,12,35.0,7.158280013443588,1.5,0.0,0.0017619580030441284,0.0,0.0,0.0,-0.019999999552965164,0.3175501823425293
6783,633552,38,1370,1,OP3,FIXED_OPPONENT,train,SCRIPTED:OP3,1,3,1,2,93,0.6399999856948853,1,0,16,32.0,5.870167065692204,1.5,0.5,-0.0076878368854522705,0.0,1.0,100.0,0.0,0.5826926827430725
42,4792,0,599,1,OP3,FIXED_OPPONENT,train,SCRIPTED:OP3,0,3,3,0,118,0.5199999809265137,1,0,26,38.0,6.067731437036547,-0.699999988079071,0.0,-0.006755471229553223,0.0,0.0,0.0,0.0,-0.15443013608455658
6784,633792,38,1400,0,OP3,FIXED_OPPONENT,train,SCRIPTED:OP3,0,2,3,-1,114,0.5600000023841858,1,0,41,32.0,5.688390899122807,-1.2000000476837158,-0.5,0.01656004786491394,0.019999999552965164,-1.0,-100.0,-0.019999999552965164,-0.5397441387176514
6785,633832,38,1405,3,OP3,FIXED_OPPONENT,train,SCRIPTED:OP3,1,3,2,1,89,0.5199999809265137,1,0,9,32.0,5.48962128028441,1.5,0.5,0.006818681955337524,0.0,1.0,100.0,-0.019999999552965164,0.5799208879470825
43,4976,0,622,0,OP3,FIXED_OPPONENT,train,SCRIPTED:OP3,0,2,3,-1,124,0.6800000071525574,1,0,19,30.0,6.1376859603389615,-1.2000000476837158,-0.5,0.016289860010147095,0.019999999552965164,-1.0,-100.0,-0.019999999552965164,-0.5397474765777588
44,5104,0,638,1,OP3,FIXED_OPPONENT,train,SCRIPTED:OP3,0,2,3,-1,99,0.5999999642372131,1,0,24,32.0,6.076978278882576,-1.2000000476837158,-0.5,0.010021895170211792,0.019999999552965164,-1.0,-100.0,0.0,-0.5366697907447815
45,5112,0,639,3,OP3,FIXED_OPPONENT,train,SCRIPTED:OP3,1,3,2,1,100,0.6399999856948853,1,0,18,32.0,6.389135131835937,1.5,0.5,-0.008824646472930908,0.0,1.0,100.0,-0.019999999552965164,0.5797362327575684
46,5128,0,641,0,OP3,FIXED_OPPONENT,train,SCRIPTED:OP3,1,3,2,1,94,0.5199999809265137,1,0,16,31.0,5.7251457052027925,1.5,0.5,-0.017647534608840942,0.029999999329447746,1.0,100.0,0.0,0.582927942276001
6786,634008,38,1427,1,OP3,FIXED_OPPONENT,train,SCRIPTED:OP3,1,3,1,2,85,0.4399999976158142,1,0,22,27.0,5.379457720588236,1.5,0.5,0.0053855180740356445,0.0,1.0,100.0,0.0,0.5828461647033691
6787,634024,38,1429,2,OP3,FIXED_OPPONENT,train,SCRIPTED:OP3,1,3,2,1,127,0.6399999856948853,0,1,29,28.0,5.833420160248524,1.5,0.5,0.006700381636619568,0.0,1.0,100.0,0.0,0.582861602306366
47,5160,0,645,2,OP3,FIXED_OPPONENT,train,SCRIPTED:OP3,0,2,3,-1,134,0.5999999642372131,0,1,42,42.0,5.7454351168959885,-1.2000000476837158,-0.5,0.021656334400177002,0.0,-1.0,-100.0,0.0,-0.5367755889892578
6788,634040,38,1431,1,OP3,FIXED_OPPONENT,train,SCRIPTED:OP3,1,3,1,2,115,0.5999999642372131,1,0,41,28.0,5.120707901664402,1.5,0.5,0.004267483949661255,0.0,1.0,100.0,-0.019999999552965164,0.579890787601471
48,5264,0,658,0,OP3,FIXED_OPPONENT,train,SCRIPTED:OP3,1,3,2,1,92,0.5999999642372131,0,1,36,36.0,6.085542761761209,1.5,0.5,-0.010183975100517273,0.0,1.0,100.0,-0.019999999552965164,0.5797201991081238
49,5304,0,663,3,OP3,FIXED_OPPONENT,train,SCRIPTED:OP3,1,3,2,1,107,0.7199999690055847,1,0,25,26.0,5.127005603825935,1.5,0.5,-0.009972691535949707,0.0,1.0,100.0,0.0,0.5826658606529236
6789,634272,38,1460,2,OP3,FIXED_OPPONENT,train,SCRIPTED:OP3,1,3,1,2,116,0.5999999642372131,1,0,27,32.0,6.124619056438577,1.5,0.5,0.006551072001457214,0.0,1.0,100.0,0.0,0.5828598737716675
6790,634352,38,1470,1,OP3,FIXED_OPPONENT,train,SCRIPTED:OP3,1,3,2,1,100,0.5600000023841858,1,0,18,31.0,5.815926513671875,1.5,0.5,0.000214308500289917,0.014999999664723873,1.0,100.0,0.0,0.5829615592956543
6791,634424,38,1479,1,OP3,FIXED_OPPONENT,train,SCRIPTED:OP3,1,3,1,2,120,0.5999999642372131,0,3,40,37.0,5.299021911621094,1.5,0.5,0.00736546516418457,0.0,1.0,100.0,-0.019999999552965164,0.5799273252487183
50,5584,0,698,0,OP3,FIXED_OPPONENT,train,SCRIPTED:OP3,0,1,3,-2,99,0.5600000023841858,1,0,12,35.0,6.418812761403093,-1.2000000476837158,-0.5,0.017030194401741028,0.0,-1.0,-100.0,0.0,-0.536834180355072
6792,634448,38,1482,0,OP3,FIXED_OPPONENT,train,SCRIPTED:OP3,1,3,2,1,82,0.47999998927116394,0,1,28,28.0,4.927116952291349,1.5,0.5,0.008490145206451416,0.0,1.0,100.0,-0.019999999552965164,0.5799405574798584
6793,634456,38,1483,0,OP3,FIXED_OPPONENT,train,SCRIPTED:OP3,1,3,2,1,78,0.5600000023841858,1,0,19,33.0,5.8798280373597755,1.5,0.0,0.0059098005294799805,0.0,0.0,0.0,0.0,0.32160690426826477
51,5656,0,707,1,OP3,FIXED_OPPONENT,train,SCRIPTED:OP3,1,3,1,2,85,0.5999999642372131,0,1,23,29.0,5.165561810661765,1.5,0.5,-0.03464291989803314,0.029999999329447746,1.0,100.0,0.0,0.5827284455299377
6794,634592,38,1500,0,OP3,FIXED_OPPONENT,train,SCRIPTED:OP3,1,3,1,2,69,0.5999999642372131,1,0,13,26.0,5.772845724354619,1.5,0.5,0.005802080035209656,0.0,1.0,100.0,0.0,0.5828510522842407
6795,634600,38,1501,0,OP3,FIXED_OPPONENT,train,SCRIPTED:OP3,1,3,1,2,72,0.5999999642372131,1,0,25,29.0,5.535299936930339,1.5,0.5,-2.561509609222412e-05,0.0,1.0,100.0,0.0,0.5827826857566833
6796,634624,38,1504,0,OP3,FIXED_OPPONENT,train,SCRIPTED:OP3,1,3,1,2,77,0.4399999976158142,1,0,23,26.0,5.537618265523539,1.5,0.5,-1.3753771781921387e-05,0.0,1.0,100.0,0.0,0.5827827453613281
52,5880,0,735,0,OP3,FIXED_OPPONENT,train,SCRIPTED:OP3,1,3,2,1,90,0.5600000023841858,1,0,22,30.0,6.042791748046875,1.5,0.5,-0.010474368929862976,0.0,1.0,100.0,0.0,0.5826599597930908
53,5920,0,740,3,OP3,FIXED_OPPONENT,train,SCRIPTED:OP3,1,3,1,2,99,0.4399999976158142,1,0,22,28.0,5.471029262350063,1.5,0.5,-0.003608018159866333,0.0,1.0,100.0,-0.019999999552965164,0.5797978639602661
54,5920,0,740,2,OP3,FIXED_OPPONENT,train,SCRIPTED:OP3,0,1,3,-2,101,0.5199999809265137,1,0,16,34.0,6.1926329962097775,-1.2000000476837158,-0.5,0.017054438591003418,0.019999999552965164,-1.0,-100.0,0.0,-0.5365807414054871
55,5960,0,745,3,OP3,FIXED_OPPONENT,train,SCRIPTED:OP3,1,3,2,1,87,0.47999998927116394,1,0,24,31.0,5.560166983768858,1.5,0.5,0.004523336887359619,0.0,1.0,100.0,-0.019999999552965164,0.5798938274383545
56,6016,0,752,3,OP3,FIXED_OPPONENT,train,SCRIPTED:OP3,1,3,2,1,114,0.5999999642372131,1,0,39,38.0,5.540894090083608,1.5,0.5,-0.007391229271888733,0.0,1.0,100.0,0.0,0.5826961994171143
6797,635008,38,1552,1,OP3,FIXED_OPPONENT,train,SCRIPTED:OP3,1,3,2,1,92,0.47999998927116394,1,0,13,28.0,5.706854778787364,1.5,0.5,-0.010243266820907593,0.0,1.0,100.0,0.0,0.5826627016067505
57,6160,0,770,3,OP3,FIXED_OPPONENT,train,SCRIPTED:OP3,1,3,1,2,107,0.5600000023841858,0,1,41,52.0,5.506659677095502,1.5,0.5,0.007740974426269531,0.014999999664723873,1.0,100.0,0.0,0.5830498933792114
6798,635080,38,1561,2,OP3,FIXED_OPPONENT,train,SCRIPTED:OP3,1,3,1,2,82,0.5999999642372131,1,0,24,33.0,5.945880424685594,1.5,0.5,0.003718078136444092,0.0,1.0,100.0,-0.019999999552965164,0.5798842906951904
6799,635088,38,1562,3,OP3,FIXED_OPPONENT,train,SCRIPTED:OP3,1,3,1,2,92,0.47999998927116394,1,0,17,31.0,5.841800192128057,1.5,0.5,-0.009490206837654114,0.0,1.0,100.0,0.0,0.5826715230941772
6800,635136,38,1568,1,OP3,FIXED_OPPONENT,train,SCRIPTED:OP3,1,3,0,3,86,0.5199999809265137,1,0,40,29.0,4.8563349524209665,1.5,0.5,-0.00875389575958252,0.0,1.0,100.0,0.0,0.5826801061630249
6801,635176,38,1573,2,OP3,FIXED_OPPONENT,train,SCRIPTED:OP3,1,3,1,2,90,0.5600000023841858,1,0,11,33.0,6.322341579861111,1.5,0.5,0.010359719395637512,0.0,1.0,100.0,0.0,0.582904577255249
6802,635232,38,1580,3,OP3,FIXED_OPPONENT,train,SCRIPTED:OP3,1,3,1,2,76,0.5199999809265137,0,2,16,31.0,6.010182029322574,1.5,0.5,0.01146136224269867,0.0,1.0,100.0,0.0,0.5829174518585205
58,6408,0,801,3,OP3,FIXED_OPPONENT,train,SCRIPTED:OP3,0,2,3,-1,103,0.5199999809265137,1,0,33,34.0,5.884648887856493,-1.2000000476837158,-0.5,-0.004636034369468689,0.0,-1.0,-100.0,0.0,-0.5371081829071045
6803,635248,38,1582,1,OP3,FIXED_OPPONENT,train,SCRIPTED:OP3,1,3,2,1,82,0.5600000023841858,1,0,17,32.0,5.501726476157584,1.5,0.5,-0.0059797316789627075,0.0,1.0,100.0,0.0,0.5827127695083618
6804,635296,38,1588,3,OP3,FIXED_OPPONENT,train,SCRIPTED:OP3,1,3,1,2,87,0.5999999642372131,1,0,18,33.0,5.511245902927443,1.5,0.5,-0.029982388019561768,0.014999999664723873,1.0,100.0,0.0,0.5826069712638855
59,6472,0,809,3,OP3,FIXED_OPPONENT,train,SCRIPTED:OP3,1,3,1,2,69,0.47999998927116394,1,0,19,28.0,5.512882398522419,1.5,0.5,-0.00420418381690979,0.0,0.0,0.0,0.0,0.41725993156433105
60,6632,0,829,2,OP3,FIXED_OPPONENT,train,SCRIPTED:OP3,0,2,3,-1,122,0.6399999856948853,0,1,52,33.0,5.014808029424949,-1.2000000476837158,-0.5,0.009656444191932678,0.019999999552965164,-1.0,-100.0,0.0,-0.5366743803024292
61,6696,0,837,1,OP3,FIXED_OPPONENT,train,SCRIPTED:OP3,1,3,2,1,102,0.6399999856948853,1,0,18,36.0,6.283317416321998,1.5,0.5,-0.0004760324954986572,0.029999999329447746,1.0,100.0,0.0,0.5831294655799866
6805,635584,38,1624,3,OP3,FIXED_OPPONENT,train,SCRIPTED:OP3,1,3,1,2,72,0.4399999976158142,0,1,14,30.0,5.633025275336371,1.5,0.5,-0.007195010781288147,0.0,1.0,100.0,0.0,0.5826984643936157
62,6816,0,852,2,OP3,FIXED_OPPONENT,train,SCRIPTED:OP3,1,3,2,1,107,0.6399999856948853,1,0,25,34.0,5.632394380658586,1.5,0.5,-0.010280981659889221,0.0,1.0,100.0,0.0,0.5826622247695923
6806,635672,38,1635,0,OP3,FIXED_OPPONENT,train,SCRIPTED:OP3,1,3,1,2,73,0.7199999690055847,1,0,15,31.0,6.349872745879709,1.5,0.5,-0.008657097816467285,0.014999999664723873,1.0,100.0,0.0,0.5828573703765869
63,6840,0,855,1,OP3,FIXED_OPPONENT,train,SCRIPTED:OP3,1,3,2,1,115,0.5999999642372131,1,0,37,28.0,5.894400157099184,1.5,0.5,0.007833600044250488,0.0,1.0,100.0,0.0,0.5828749537467957
6807,635680,38,1636,2,OP3,FIXED_OPPONENT,train,SCRIPTED:OP3,1,3,1,2,68,0.6399999856948853,1,0,18,30.0,6.0113067626953125,1.5,0.5,-0.0023263245820999146,0.0,1.0,100.0,0.0,0.5827556252479553
64,6848,0,856,2,OP3,FIXED_OPPONENT,train,SCRIPTED:OP3,1,3,2,1,104,0.5199999809265137,1,0,24,40.0,6.011286222017729,1.5,0.5,-0.010343626141548157,0.0,1.0,100.0,-0.019999999552965164,0.5797183513641357
6808,635704,38,1639,2,OP3,FIXED_OPPONENT,train,SCRIPTED:OP3,1,3,1,2,78,0.47999998927116394,1,0,23,27.0,5.056164081280048,1.5,0.5,-0.008001014590263367,0.0,1.0,100.0,0.0,0.5826890468597412
6809,635824,38,1654,2,OP3,FIXED_OPPONENT,train,SCRIPTED:OP3,1,3,2,1,81,0.5999999642372131,1,0,34,30.0,4.958427900149498,1.5,0.5,-0.006078287959098816,0.0,1.0,100.0,0.0,0.5827115774154663
6810,635864,38,1659,3,OP3,FIXED_OPPONENT,train,SCRIPTED:OP3,1,3,1,2,79,0.6399999856948853,0,2,12,28.0,6.19641538209553,1.5,0.5,-0.007072672247886658,0.0,1.0,100.0,-0.019999999552965164,0.5797569155693054
65,7048,0,881,3,OP3,FIXED_OPPONENT,train,SCRIPTED:OP3,1,3,2,1,111,0.5600000023841858,0,1,12,36.0,5.555513949007602,1.5,0.5,-0.003901243209838867,0.0,1.0,100.0,-0.019999999552965164,0.5797943472862244
6811,635904,38,1664,1,OP3,FIXED_OPPONENT,train,SCRIPTED:OP3,1,3,2,1,82,0.5600000023841858,1,0,20,31.0,5.568850261409108,1.5,0.5,-0.010300427675247192,0.0,1.0,100.0,0.0,0.582662045955658
66,7080,0,885,2,OP3,FIXED_OPPONENT,train,SCRIPTED:OP3,1,3,1,2,76,0.5999999642372131,0,1,20,30.0,5.889941165321751,1.5,0.5,-0.03075750172138214,0.029999999329447746,1.0,100.0,0.0,0.5827740430831909
6812,635912,38,1665,0,OP3,FIXED_OPPONENT,train,SCRIPTED:OP3,1,3,1,2,77,0.47999998927116394,1,0,33,31.0,5.529143890777192,1.5,0.5,0.006180912256240845,0.0,1.0,100.0,0.0,0.5828554630279541
67,7216,0,902,3,OP3,FIXED_OPPONENT,train,SCRIPTED:OP3,1,3,2,1,101,0.5199999809265137,0,1,44,32.0,5.378477795289294,1.5,0.5,0.007979467511177063,0.0,1.0,100.0,0.0,0.5828765630722046
68,7352,0,919,0,OP3,FIXED_OPPONENT,train,SCRIPTED:OP3,1,3,2,1,82,0.7199999690055847,1,0,14,30.0,6.11545097537157,1.5,0.5,0.00019231438636779785,0.0,1.0,100.0,0.0,0.5827852487564087
69,7392,0,924,0,OP3,FIXED_OPPONENT,train,SCRIPTED:OP3,1,3,2,1,95,0.7599999904632568,0,1,19,31.0,5.840725868626644,1.5,0.5,-0.009929195046424866,0.0,1.0,100.0,0.0,0.5826663970947266
6813,636400,38,1726,1,OP3,FIXED_OPPONENT,train,SCRIPTED:OP3,1,3,2,1,87,0.5999999642372131,1,0,15,34.0,6.089730098329741,1.5,0.5,0.00871102511882782,0.0,1.0,100.0,-0.019999999552965164,0.5799431800842285
70,7648,0,956,1,OP3,FIXED_OPPONENT,train,SCRIPTED:OP3,1,3,2,1,101,0.6800000071525574,1,0,32,34.0,6.263094760403774,1.5,0.5,-0.0034047961235046387,0.0,1.0,100.0,0.0,0.5827429890632629
71,7664,0,958,0,OP3,FIXED_OPPONENT,train,SCRIPTED:OP3,1,3,1,2,106,0.5600000023841858,1,0,19,30.0,5.895423169405955,1.5,0.5,0.007113099098205566,0.0,1.0,100.0,0.0,0.5828664898872375
72,7664,0,958,0,OP3,FIXED_OPPONENT,train,SCRIPTED:OP3,1,3,1,2,102,0.47999998927116394,1,0,33,30.0,5.741526285807292,1.5,0.5,-0.03226250410079956,0.029999999329447746,1.0,100.0,0.0,0.5827564001083374
6814,636488,38,1737,1,OP3,FIXED_OPPONENT,train,SCRIPTED:OP3,0,2,3,-1,113,0.5600000023841858,0,1,27,31.0,6.362686562327157,-1.2000000476837158,-0.5,-0.0017696917057037354,0.0,-1.0,-100.0,0.0,-0.537071943283081
6815,636496,38,1738,0,OP3,FIXED_OPPONENT,train,SCRIPTED:OP3,1,3,2,1,102,0.5600000023841858,1,0,19,34.0,6.122172636144302,1.5,0.5,0.003381863236427307,0.0,1.0,100.0,0.0,0.5828226804733276
6816,636552,38,1745,0,OP3,FIXED_OPPONENT,train,SCRIPTED:OP3,1,3,1,2,86,0.5600000023841858,1,0,24,27.0,5.9259388058684594,1.5,0.5,-0.019755437970161438,0.014999999664723873,1.0,100.0,0.0,0.5827270746231079
6817,636576,38,1748,1,OP3,FIXED_OPPONENT,train,SCRIPTED:OP3,1,3,2,1,113,0.5600000023841858,1,0,31,29.0,5.841706132466814,1.5,0.5,-0.010519027709960938,0.0,1.0,100.0,0.0,0.5826594233512878
6818,636600,38,1751,1,OP3,FIXED_OPPONENT,train,SCRIPTED:OP3,1,3,2,1,86,0.5600000023841858,0,1,21,30.0,5.663786777230197,1.5,0.5,-0.008548259735107422,0.0,1.0,100.0,0.0,0.5826825499534607
6819,636600,38,1751,3,OP3,FIXED_OPPONENT,train,SCRIPTED:OP3,1,3,2,1,87,0.5999999642372131,1,0,14,30.0,6.331197804418103,1.5,0.5,0.005627065896987915,0.0,1.0,100.0,0.0,0.5828490257263184
73,7904,0,988,3,OP3,FIXED_OPPONENT,train,SCRIPTED:OP3,1,3,2,1,107,0.5600000023841858,1,0,43,42.0,5.912006128614194,1.5,0.5,-0.03388902544975281,0.029999999329447746,1.0,100.0,0.0,0.5827372670173645
6820,636728,38,1767,3,OP3,FIXED_OPPONENT,train,SCRIPTED:OP3,1,3,2,1,113,0.5199999809265137,1,0,33,29.0,5.217055059112279,1.5,0.5,0.0070545971393585205,0.0,1.0,100.0,0.0,0.5828657150268555
74,7936,0,992,2,OP3,FIXED_OPPONENT,train,SCRIPTED:OP3,1,3,2,1,90,0.5999999642372131,1,0,14,34.0,5.695353190104167,1.5,0.5,-0.008852511644363403,0.0,1.0,100.0,-0.019999999552965164,0.5797358751296997
75,8016,0,1002,3,OP3,FIXED_OPPONENT,train,SCRIPTED:OP3,1,3,2,1,117,0.4399999976158142,1,0,34,26.0,4.595747988448184,1.5,0.5,-0.03128112852573395,0.029999999329447746,1.0,100.0,0.0,0.582767903804779
76,8184,0,1023,1,OP3,FIXED_OPPONENT,train,SCRIPTED:OP3,0,2,3,-1,104,0.6399999856948853,1,0,20,36.0,5.968517010028545,-1.2000000476837158,-0.5,0.009286776185035706,0.019999999552965164,-1.0,-100.0,-0.019999999552965164,-0.5398358106613159
6821,637008,38,1802,3,OP3,FIXED_OPPONENT,train,SCRIPTED:OP3,1,3,1,2,76,0.5999999642372131,1,0,19,33.0,5.772400303890831,1.5,0.5,0.008717641234397888,0.0,1.0,100.0,0.0,0.5828852653503418
77,8240,0,1030,2,OP3,FIXED_OPPONENT,train,SCRIPTED:OP3,1,3,2,1,106,0.5999999642372131,0,1,51,32.0,4.690858085200472,1.5,0.4000000059604645,-0.007011696696281433,0.04999999701976776,1.0,100.0,-0.019999999552965164,0.5654196739196777
6822,637072,38,1810,0,OP3,FIXED_OPPONENT,train,SCRIPTED:OP3,1,3,1,2,73,0.5600000023841858,1,0,18,27.0,6.113597713104666,1.5,0.5,0.008636459708213806,0.0,1.0,100.0,0.0,0.5828843116760254
78,8288,0,1036,3,OP3,FIXED_OPPONENT,train,SCRIPTED:OP3,1,3,1,2,80,0.4399999976158142,1,0,14,30.0,5.202641296386719,1.5,0.5,0.005688861012458801,0.0,1.0,100.0,-0.019999999552965164,0.5799075365066528
6823,637112,38,1815,2,OP3,FIXED_OPPONENT,train,SCRIPTED:OP3,1,3,1,2,67,0.47999998927116394,1,0,9,28.0,5.800558517228311,1.5,0.5,-0.007421627640724182,0.0,1.0,100.0,0.0,0.5826958417892456
6824,637168,38,1822,0,OP3,FIXED_OPPONENT,train,SCRIPTED:OP3,1,3,2,1,84,0.4399999976158142,1,0,10,32.0,5.607336135137649,1.5,0.5,-0.0027783960103988647,0.0,1.0,100.0,0.0,0.5827503204345703
6825,637344,38,1844,3,OP3,FIXED_OPPONENT,train,SCRIPTED:OP3,1,3,2,1,99,0.5600000023841858,1,0,28,33.0,6.658802995778093,1.5,0.5,-0.00235004723072052,0.0,1.0,100.0,-0.019999999552965164,0.5798126459121704
79,8576,0,1072,2,OP3,FIXED_OPPONENT,train,SCRIPTED:OP3,1,3,2,1,114,0.5600000023841858,1,0,28,32.0,5.299333538925438,1.5,0.5,-0.007895424962043762,0.0,1.0,100.0,-0.019999999552965164,0.579747200012207
6826,637400,38,1851,0,OP3,FIXED_OPPONENT,train,SCRIPTED:OP3,1,3,1,2,84,0.47999998927116394,1,0,19,30.0,5.793852669852121,1.5,0.5,-0.009744420647621155,0.0,1.0,100.0,-0.019999999552965164,0.579725444316864
6827,637448,38,1857,1,OP3,FIXED_OPPONENT,train,SCRIPTED:OP3,1,3,0,3,106,0.5600000023841858,1,0,37,32.0,5.380869163657135,1.5,0.5,-0.005307629704475403,0.0,1.0,100.0,-0.019999999552965164,0.579777717590332
80,8720,0,1090,2,OP3,FIXED_OPPONENT,train,SCRIPTED:OP3,0,2,3,-1,132,0.7199999690055847,1,0,21,36.0,6.380044185754024,-1.2000000476837158,-0.5,0.0008643865585327148,0.0,-1.0,-100.0,0.0,-0.5370387434959412
81,8736,0,1092,2,OP3,FIXED_OPPONENT,train,SCRIPTED:OP3,1,3,2,1,104,0.5199999809265137,1,0,24,31.0,4.937967153695913,1.5,0.5,-0.007845714688301086,0.0,1.0,100.0,0.0,0.5826908349990845
82,8768,0,1096,2,OP3,FIXED_OPPONENT,train,SCRIPTED:OP3,1,3,1,2,104,0.6800000071525574,1,0,14,35.0,5.910638075608474,1.5,0.5,-0.001342862844467163,0.02499999850988388,1.0,100.0,-0.019999999552965164,0.5801194906234741
83,8824,0,1103,0,OP3,FIXED_OPPONENT,train,SCRIPTED:OP3,1,3,2,1,101,0.7199999690055847,1,0,19,32.0,6.571261264310024,1.5,0.5,-0.00833900272846222,0.0,1.0,100.0,-0.019999999552965164,0.5797419548034668
6828,637616,38,1878,2,OP3,FIXED_OPPONENT,train,SCRIPTED:OP3,1,3,2,1,127,0.5199999809265137,1,0,27,25.0,5.96857025867372,1.5,0.5,0.005505800247192383,0.0,1.0,100.0,-0.019999999552965164,0.5799053311347961
84,8976,0,1122,3,OP3,FIXED_OPPONENT,train,SCRIPTED:OP3,1,3,1,2,92,0.5199999809265137,1,0,26,32.0,6.42973924719769,1.5,0.0,-0.010098069906234741,0.0,0.0,0.0,0.0,0.3213517367839813
6829,637768,38,1897,1,OP3,FIXED_OPPONENT,train,SCRIPTED:OP3,1,3,1,2,95,0.5999999642372131,1,0,12,39.0,6.186379523026316,1.5,0.5,-0.014008820056915283,0.02499999850988388,1.0,100.0,0.0,0.5829119682312012
6830,637768,38,1897,3,OP3,FIXED_OPPONENT,train,SCRIPTED:OP3,1,3,1,2,87,0.5999999642372131,1,0,22,29.0,5.617573705212823,1.5,0.5,-0.008980527520179749,0.0,1.0,100.0,0.0,0.5826774835586548
85,9016,0,1127,2,OP3,FIXED_OPPONENT,train,SCRIPTED:OP3,1,3,2,1,91,0.5999999642372131,1,0,17,25.0,5.544584169492617,1.5,0.5,-0.00876837968826294,0.0,1.0,100.0,-0.019999999552965164,0.5797369480133057
6831,637872,38,1910,1,OP3,FIXED_OPPONENT,train,SCRIPTED:OP3,1,3,1,2,95,0.6399999856948853,1,0,18,43.0,5.776692280016447,1.5,0.5,0.006859079003334045,0.0,1.0,100.0,0.0,0.582863450050354
6832,637888,38,1912,0,OP3,FIXED_OPPONENT,train,SCRIPTED:OP3,1,3,2,1,90,0.5600000023841858,0,1,40,29.0,5.098776584201389,1.5,0.5,-0.007271856069564819,0.0,1.0,100.0,0.0,0.5826976299285889
86,9128,0,1141,3,OP3,FIXED_OPPONENT,train,SCRIPTED:OP3,0,2,3,-1,118,0.5999999642372131,0,3,49,35.0,4.945689055879237,-1.2000000476837158,0.0,0.013262182474136353,0.019999999552965164,0.0,0.0,0.0,-0.25996914505958557
6833,638000,38,1926,2,OP3,FIXED_OPPONENT,train,SCRIPTED:OP3,1,3,2,1,82,0.5199999809265137,1,0,29,33.0,5.924384884717988,1.5,0.5,-0.010035902261734009,0.0,1.0,100.0,-0.019999999552965164,0.579721987247467
87,9280,0,1160,3,OP3,FIXED_OPPONENT,train,SCRIPTED:OP3,1,3,2,1,88,0.5999999642372131,1,0,11,29.0,6.11718056418679,1.5,0.5,-0.006325460970401764,0.0,1.0,100.0,0.0,0.5827087163925171
6834,638080,38,1936,0,OP3,FIXED_OPPONENT,train,SCRIPTED:OP3,1,3,2,1,85,0.4399999976158142,0,1,16,30.0,5.949388571346508,1.5,0.5,0.007048875093460083,0.0,1.0,100.0,-0.019999999552965164,0.5799236297607422
88,9384,0,1173,0,OP3,FIXED_OPPONENT,train,SCRIPTED:OP3,1,3,2,1,77,0.7599999904632568,1,0,18,29.0,6.2372507863230515,1.5,0.0,0.008778169751167297,0.0,0.0,0.0,0.0,0.3216526210308075
6835,638208,38,1952,0,OP3,FIXED_OPPONENT,train,SCRIPTED:OP3,1,3,1,2,74,0.35999998450279236,1,0,23,29.0,5.677705094620988,1.5,0.5,0.0013093352317810059,0.029999999329447746,1.0,100.0,0.0,0.5831503868103027
89,9576,0,1197,2,OP3,FIXED_OPPONENT,train,SCRIPTED:OP3,1,3,1,2,94,0.47999998927116394,0,1,40,39.0,5.66891154837101,1.5,0.5,-0.006902024149894714,0.0,1.0,100.0,-0.019999999552965164,0.5797589421272278
90,9584,0,1198,3,OP3,FIXED_OPPONENT,train,SCRIPTED:OP3,1,3,1,2,106,0.7199999690055847,1,0,47,29.0,5.299447113612913,1.5,0.5,0.007652610540390015,0.0,1.0,100.0,0.0,0.582872748374939
91,9584,0,1198,3,OP3,FIXED_OPPONENT,train,SCRIPTED:OP3,1,3,2,1,108,0.5999999642372131,1,0,26,30.0,6.040551079644097,1.5,0.5,-0.010063603520393372,0.0,1.0,100.0,-0.019999999552965164,0.5797216296195984
92,9592,0,1199,2,OP3,FIXED_OPPONENT,train,SCRIPTED:OP3,1,3,1,2,77,0.4399999976158142,0,1,20,28.0,5.538695496398133,1.5,0.5,-0.010250285267829895,0.0,1.0,100.0,-0.019999999552965164,0.5797194242477417
6836,638528,38,1992,1,OP3,FIXED_OPPONENT,train,SCRIPTED:OP3,1,3,1,2,80,0.5600000023841858,1,0,18,31.0,6.270498657226563,1.5,0.5,-0.01802213490009308,0.029999999329447746,1.0,100.0,0.0,0.5829235315322876
6837,638536,38,1993,1,OP3,FIXED_OPPONENT,train,SCRIPTED:OP3,1,3,1,2,83,0.5600000023841858,1,0,21,30.0,5.6133790533226655,1.5,0.5,-0.015347287058830261,0.029999999329447746,1.0,100.0,0.0,0.5829549431800842
93,9760,0,1220,1,OP3,FIXED_OPPONENT,train,SCRIPTED:OP3,1,3,1,2,79,0.5199999809265137,1,0,24,27.0,5.80049886582773,1.5,0.5,-0.0074520111083984375,0.014999999664723873,1.0,100.0,-0.019999999552965164,0.5799294710159302
6838,638552,38,1995,2,OP3,FIXED_OPPONENT,train,SCRIPTED:OP3,1,3,1,2,98,0.5600000023841858,1,0,21,29.0,5.831096415617028,1.5,0.5,-0.01702369749546051,0.014999999664723873,1.0,100.0,0.0,0.5827592015266418
94,9784,0,1223,2,OP3,FIXED_OPPONENT,train,SCRIPTED:OP3,1,3,2,1,96,0.5199999809265137,1,0,36,32.0,5.6207021077473955,1.5,0.5,0.006671741604804993,0.0,1.0,100.0,-0.019999999552965164,0.5799190998077393
6839,638600,38,2001,0,OP3,FIXED_OPPONENT,train,SCRIPTED:OP3,1,3,2,1,144,0.4399999976158142,1,0,48,25.0,5.22432623969184,1.5,0.5,-0.01027478277683258,0.0,1.0,100.0,-0.019999999552965164,0.5797191858291626
6840,638632,38,2005,0,OP3,FIXED_OPPONENT,train,SCRIPTED:OP3,1,3,2,1,108,0.5199999809265137,1,0,31,39.0,6.148861355251736,1.5,0.5,-0.009960383176803589,0.0,1.0,100.0,0.0,0.5826660394668579
95,9968,0,1246,2,OP3,FIXED_OPPONENT,train,SCRIPTED:OP3,1,3,2,1,86,0.6399999856948853,1,0,17,31.0,5.297294439271439,1.5,0.5,0.005004331469535828,0.0,1.0,100.0,0.0,0.582841694355011
6841,638744,38,2019,1,OP3,FIXED_OPPONENT,train,SCRIPTED:OP3,1,3,1,2,83,0.5199999809265137,1,0,24,28.0,4.935943971197289,1.5,0.5,-0.003027305006980896,0.0,1.0,100.0,-0.019999999552965164,0.5798046588897705
96,10120,0,1265,1,OP3,FIXED_OPPONENT,train,SCRIPTED:OP3,1,3,1,2,92,0.5999999642372131,1,0,31,36.0,5.8168487548828125,1.5,0.5,-0.01029348373413086,0.0,1.0,100.0,0.0,0.5826621055603027
6842,638896,38,2038,1,OP3,FIXED_OPPONENT,train,SCRIPTED:OP3,1,3,2,1,86,0.7199999690055847,1,0,5,31.0,6.612481405568677,1.5,0.5,-0.00669475644826889,0.0,1.0,100.0,0.0,0.5827043056488037
6843,638904,38,2039,2,OP3,FIXED_OPPONENT,train,SCRIPTED:OP3,1,3,1,2,113,0.6399999856948853,1,0,18,28.0,5.930493920250276,1.5,1.0,-0.007890656590461731,0.029999999329447746,2.0,200.0,0.0,0.7617592215538025
97,10256,0,1282,3,OP3,FIXED_OPPONENT,train,SCRIPTED:OP3,1,3,2,1,83,0.47999998927116394,1,0,20,34.0,5.588484798569277,1.5,0.5,-0.009272709488868713,0.0,1.0,100.0,-0.019999999552965164,0.5797309875488281
98,10512,0,1314,1,OP3,FIXED_OPPONENT,train,SCRIPTED:OP3,0,2,3,-1,91,0.5600000023841858,1,0,14,29.0,5.9122327867445055,-1.2000000476837158,-0.5,0.014311909675598145,0.0,-1.0,-100.0,-0.019999999552965164,-0.5400243997573853
99,10520,0,1315,3,OP3,FIXED_OPPONENT,train,SCRIPTED:OP3,0,2,3,-1,117,0.7999999523162842,1,0,21,36.0,5.862624991653312,-1.2000000476837158,-0.5,0.017019912600517273,0.019999999552965164,-1.0,-100.0,0.0,-0.5365811586380005
100,10624,0,1328,1,OP3,FIXED_OPPONENT,train,SCRIPTED:OP3,0,2,3,-1,108,0.5999999642372131,1,0,24,33.0,6.443643075448495,-1.2000000476837158,-0.5,-0.000826030969619751,0.019999999552965164,-1.0,-100.0,-0.019999999552965164,-0.5399631261825562
101,10632,0,1329,1,OP3,FIXED_OPPONENT,train,SCRIPTED:OP3,1,3,1,2,83,0.4399999976158142,1,0,31,26.0,5.061413133000753,1.5,0.5,-0.010285884141921997,0.0,1.0,100.0,-0.019999999552965164,0.5797189474105835
102,10640,0,1330,1,OP3,FIXED_OPPONENT,train,SCRIPTED:OP3,0,2,3,-1,132,0.6800000071525574,1,0,28,33.0,5.467886260061553,-1.2000000476837158,-0.5,-0.00012771785259246826,0.0,-1.0,-100.0,0.0,-0.5370512008666992
103,10648,0,1331,3,OP3,FIXED_OPPONENT,train,SCRIPTED:OP3,0,2,3,-1,134,0.6399999856948853,1,0,20,35.0,6.218958612698228,-1.2000000476837158,-0.5,0.017101213335990906,0.0,-1.0,-100.0,0.0,-0.5368332862854004
104,10864,0,1358,1,OP3,FIXED_OPPONENT,train,SCRIPTED:OP3,1,3,1,2,93,0.6399999856948853,1,0,19,34.0,5.946567986601142,1.5,0.5,-0.03281864523887634,0.014999999664723873,1.0,100.0,0.0,0.5825737118721008
6844,639168,39,24,0,OP3,FIXED_OPPONENT,train,SCRIPTED:OP3,1,3,1,2,80,0.47999998927116394,1,0,19,27.0,5.64326057434082,1.5,0.5,-0.0029498934745788574,0.0,1.0,100.0,0.0,0.582748293876648
6845,639200,39,28,0,OP3,FIXED_OPPONENT,train,SCRIPTED:OP3,1,3,1,2,83,0.3999999761581421,1,0,19,31.0,5.847116493317018,1.5,0.5,0.0036402344703674316,0.014999999664723873,1.0,100.0,0.0,0.5830017924308777
6846,639248,39,34,2,OP3,FIXED_OPPONENT,train,SCRIPTED:OP3,1,3,2,1,81,0.5600000023841858,1,0,23,30.0,5.620473979431906,1.5,0.5,0.003912225365638733,0.0,1.0,100.0,0.0,0.5828288793563843
6847,639304,39,41,0,OP3,FIXED_OPPONENT,train,SCRIPTED:OP3,1,3,2,1,94,0.4399999976158142,1,0,50,32.0,5.361945618974402,1.5,0.5,-0.03280112147331238,0.029999999329447746,1.0,100.0,0.0,0.5827500820159912
105,11128,0,1391,0,OP3,FIXED_OPPONENT,train,SCRIPTED:OP3,1,3,2,1,109,0.47999998927116394,1,0,39,30.0,5.225416270964736,1.5,0.5,-0.007429242134094238,0.0,1.0,100.0,-0.019999999552965164,0.5797526836395264
6848,639360,39,48,2,OP3,FIXED_OPPONENT,train,SCRIPTED:OP3,1,3,2,1,77,0.6399999856948853,1,0,18,29.0,5.628874543425325,1.5,0.5,-0.0044300854206085205,0.0,1.0,100.0,0.0,0.5827310085296631
6849,639368,39,49,2,OP3,FIXED_OPPONENT,train,SCRIPTED:OP3,1,3,2,1,92,0.5600000023841858,1,0,21,30.0,5.763985011888587,1.5,0.0,-0.009393081068992615,0.0,0.0,0.0,-0.019999999552965164,0.31737184524536133
106,11304,0,1413,1,OP3,FIXED_OPPONENT,train,SCRIPTED:OP3,1,3,2,1,84,0.5600000023841858,0,1,24,32.0,5.389060974121094,1.5,0.5,0.003961473703384399,0.0,1.0,100.0,0.0,0.5828294157981873
107,11360,0,1420,1,OP3,FIXED_OPPONENT,train,SCRIPTED:OP3,1,3,2,1,106,0.6399999856948853,1,0,29,33.0,5.672826802955483,1.5,0.5,0.009431064128875732,0.014999999664723873,1.0,100.0,0.0,0.5830696821212769
108,11360,0,1420,2,OP3,FIXED_OPPONENT,train,SCRIPTED:OP3,1,3,2,1,90,0.5199999809265137,1,0,21,30.0,5.506595187717014,1.5,0.5,-0.010044127702713013,0.0,1.0,100.0,0.0,0.5826650261878967
109,11408,0,1426,3,OP3,FIXED_OPPONENT,train,SCRIPTED:OP3,1,3,2,1,111,0.6800000071525574,1,0,33,38.0,5.72052221899634,1.5,0.5,-0.005663245916366577,0.0,1.0,100.0,0.0,0.5827164649963379
6850,639656,39,85,0,OP3,FIXED_OPPONENT,train,SCRIPTED:OP3,1,3,1,2,94,0.6399999856948853,1,0,22,29.0,6.284308250914228,1.5,0.5,-0.00520990788936615,0.0,1.0,100.0,0.0,0.5827217102050781
110,11536,0,1442,1,OP3,FIXED_OPPONENT,train,SCRIPTED:OP3,1,3,2,1,114,0.5600000023841858,1,0,23,32.0,6.334014357182017,1.5,0.5,-0.007043495774269104,0.0,1.0,100.0,0.0,0.582700252532959
6851,639800,39,103,1,OP3,FIXED_OPPONENT,train,SCRIPTED:OP3,1,3,1,2,69,0.47999998927116394,1,0,19,25.0,5.281676803810009,1.5,0.5,-0.00038073956966400146,0.0,1.0,100.0,0.0,0.5827784538269043
111,11680,0,1460,1,OP3,FIXED_OPPONENT,train,SCRIPTED:OP3,1,3,2,1,129,0.6399999856948853,1,0,37,46.0,6.224851149921269,1.5,0.5,-0.02916783094406128,0.029999999329447746,1.0,100.0,0.0,0.5827927589416504
6852,639864,39,111,1,OP3,FIXED_OPPONENT,train,SCRIPTED:OP3,1,3,1,2,87,0.5199999809265137,1,0,11,32.0,6.365449050377155,1.5,0.5,0.008368805050849915,0.0,1.0,100.0,0.0,0.5828812122344971
6853,639928,39,119,0,OP3,FIXED_OPPONENT,train,SCRIPTED:OP3,1,3,2,1,91,0.5199999809265137,0,1,38,29.0,4.919299450549451,1.5,0.5,-0.009911492466926575,0.0,1.0,100.0,0.0,0.5826665163040161
112,11776,0,1472,2,OP3,FIXED_OPPONENT,train,SCRIPTED:OP3,0,2,3,-1,114,0.7599999904632568,1,0,37,34.0,5.873907791940789,-1.2000000476837158,-0.5,-0.0007947683334350586,0.0,-1.0,-100.0,-0.019999999552965164,-0.5402145981788635
6854,639944,39,121,3,OP3,FIXED_OPPONENT,train,SCRIPTED:OP3,0,2,3,-1,131,0.6399999856948853,1,0,48,30.0,5.566383420056059,-1.2000000476837158,-0.5,0.0171201229095459,0.019999999552965164,-1.0,-100.0,0.0,-0.5365799069404602
6855,639984,39,126,3,OP3,FIXED_OPPONENT,train,SCRIPTED:OP3,1,3,2,1,77,0.47999998927116394,1,0,18,30.0,5.417586685775162,1.5,0.5,0.00579833984375,0.0,1.0,100.0,0.0,0.5828510522842407
6856,640008,39,129,2,OP3,FIXED_OPPONENT,train,SCRIPTED:OP3,1,3,1,2,81,0.4399999976158142,1,0,19,29.0,5.672665066189236,1.5,0.5,-0.006376877427101135,0.0,1.0,100.0,0.0,0.5827080607414246
113,12000,0,1500,0,OP3,FIXED_OPPONENT,train,SCRIPTED:OP3,1,3,2,1,109,0.5999999642372131,1,0,28,41.0,6.086740476275803,1.5,0.5,-0.009777069091796875,0.0,1.0,100.0,-0.019999999552965164,0.5797250270843506
114,12000,0,1500,0,OP3,FIXED_OPPONENT,train,SCRIPTED:OP3,1,3,1,2,80,0.5199999809265137,0,1,25,30.0,5.781622695922851,1.5,0.5,-0.009786128997802734,0.0,1.0,100.0,-0.019999999552965164,0.579724907875061
6857,640224,39,156,2,OP3,FIXED_OPPONENT,train,SCRIPTED:OP3,1,3,1,2,115,0.5999999642372131,1,0,49,27.0,4.73350830078125,1.5,0.5,-0.0049253106117248535,0.0,1.0,100.0,-0.019999999552965164,0.579782247543335
115,12104,0,1513,2,OP3,FIXED_OPPONENT,train,SCRIPTED:OP3,1,3,2,1,100,0.7199999690055847,1,0,20,34.0,6.344476928710938,1.5,0.5,-0.02810855209827423,0.02499999850988388,1.0,100.0,0.0,0.5827465057373047
116,12192,0,1524,0,OP3,FIXED_OPPONENT,train,SCRIPTED:OP3,1,3,2,1,98,0.7199999690055847,1,0,27,31.0,5.953905378069196,1.5,0.5,-0.008746445178985596,0.029999999329447746,1.0,100.0,0.0,0.5830323696136475
6858,640360,39,173,0,OP3,FIXED_OPPONENT,train,SCRIPTED:OP3,1,3,1,2,88,0.5199999809265137,0,2,36,31.0,5.771012739701704,1.5,0.5,0.008720487356185913,0.0,1.0,100.0,0.0,0.5828853249549866
117,12256,0,1532,3,OP3,FIXED_OPPONENT,train,SCRIPTED:OP3,1,3,1,2,112,0.3999999761581421,1,0,23,29.0,5.000977107456753,1.5,0.5,-0.002290189266204834,0.0,1.0,100.0,0.0,0.5827560424804688
6859,640528,39,194,0,OP3,FIXED_OPPONENT,train,SCRIPTED:OP3,1,3,2,1,91,0.47999998927116394,1,0,21,32.0,5.4400061303442655,1.5,0.5,0.008347153663635254,0.0,1.0,100.0,0.0,0.582880973815918
6860,640544,39,196,3,OP3,FIXED_OPPONENT,train,SCRIPTED:OP3,1,3,1,2,85,0.5199999809265137,1,0,16,28.0,5.90946044921875,1.5,0.5,-0.018483057618141174,0.014999999664723873,1.0,100.0,0.0,0.5827420949935913
6861,640576,39,200,1,OP3,FIXED_OPPONENT,train,SCRIPTED:OP3,1,3,1,2,74,0.5199999809265137,1,0,18,28.0,5.628223316089527,1.5,0.5,0.003223210573196411,0.0,1.0,100.0,0.0,0.5828208327293396
118,12456,0,1557,2,OP3,FIXED_OPPONENT,train,SCRIPTED:OP3,1,3,2,1,97,0.5999999642372131,1,0,36,30.0,5.288623298566366,1.5,0.5,0.0011942386627197266,0.0,1.0,100.0,0.0,0.5827969312667847
119,12472,0,1559,3,OP3,FIXED_OPPONENT,train,SCRIPTED:OP3,0,3,3,0,117,0.47999998927116394,1,0,34,32.0,6.482914851262019,-0.699999988079071,0.0,-0.002522215247154236,0.0,0.0,0.0,0.0,-0.15435665845870972
6862,640640,39,208,0,OP3,FIXED_OPPONENT,train,SCRIPTED:OP3,1,3,1,2,79,0.47999998927116394,1,0,34,27.0,4.8651578879054584,1.5,0.0,-0.0021075457334518433,0.0,0.0,0.0,0.0,0.32147911190986633
6863,640672,39,212,3,OP3,FIXED_OPPONENT,train,SCRIPTED:OP3,1,3,2,1,91,0.5999999642372131,1,0,11,47.0,6.382416106842377,1.5,0.5,-0.002713307738304138,0.0,1.0,100.0,0.0,0.5827511548995972
6864,640688,39,214,2,OP3,FIXED_OPPONENT,train,SCRIPTED:OP3,1,3,1,2,95,0.5600000023841858,1,0,15,32.0,6.173684210526316,1.5,0.5,0.004061311483383179,0.014999999664723873,1.0,100.0,-0.019999999552965164,0.5800653100013733
120,12568,0,1571,2,OP3,FIXED_OPPONENT,train,SCRIPTED:OP3,0,1,3,-2,99,0.6399999856948853,1,0,15,29.0,6.565009839607008,-1.2000000476837158,-0.5,-0.0018782615661621094,0.0,-1.0,-100.0,0.0,-0.5370733141899109
121,12672,0,1584,0,OP3,FIXED_OPPONENT,train,SCRIPTED:OP3,1,3,1,2,84,0.6399999856948853,1,0,21,30.0,5.582654317220052,1.5,0.5,0.006884709000587463,0.0,1.0,100.0,0.0,0.5828637480735779
122,12752,0,1594,2,OP3,FIXED_OPPONENT,train,SCRIPTED:OP3,0,2,3,-1,94,0.5999999642372131,1,0,16,29.0,5.910530901969747,-1.2000000476837158,0.0,-0.00913652777671814,0.0,0.0,0.0,0.0,-0.26067182421684265
123,12800,0,1600,1,OP3,FIXED_OPPONENT,train,SCRIPTED:OP3,1,3,1,2,76,0.47999998927116394,1,0,22,26.0,5.153973629600124,1.5,0.5,-0.009902000427246094,0.0,1.0,100.0,0.0,0.5826666951179504
6865,640976,39,250,0,OP3,FIXED_OPPONENT,train,SCRIPTED:OP3,1,3,2,1,94,0.5999999642372131,1,0,31,31.0,5.666152629446476,1.5,0.5,0.008603990077972412,0.0,1.0,100.0,-0.019999999552965164,0.579941987991333
124,12928,0,1616,3,OP3,FIXED_OPPONENT,train,SCRIPTED:OP3,0,2,3,-1,103,0.5600000023841858,1,0,26,35.0,5.715572616429005,-1.2000000476837158,-0.5,0.017061099410057068,0.019999999552965164,-1.0,-100.0,-0.03999999910593033,-0.5428799390792847
6866,641088,39,264,1,OP3,FIXED_OPPONENT,train,SCRIPTED:OP3,1,3,2,1,91,0.5199999809265137,1,0,24,29.0,5.981160258198832,1.5,0.5,-0.009281367063522339,0.0,1.0,100.0,0.0,0.5826740264892578
6867,641160,39,273,0,OP3,FIXED_OPPONENT,train,SCRIPTED:OP3,1,3,1,2,77,0.47999998927116394,1,0,25,28.0,5.214116480443384,1.5,0.5,-0.002200514078140259,0.0,1.0,100.0,0.0,0.5827571153640747
125,13048,0,1631,0,OP3,FIXED_OPPONENT,train,SCRIPTED:OP3,1,3,2,1,99,0.5999999642372131,1,0,29,29.0,5.261844519412879,1.5,0.5,-0.0025291740894317627,0.0,1.0,100.0,0.0,0.5827533006668091
126,13072,0,1634,1,OP3,FIXED_OPPONENT,train,SCRIPTED:OP3,1,3,1,2,75,0.4399999976158142,0,1,29,27.0,5.363619791666666,1.5,0.5,-0.006761729717254639,0.0,1.0,100.0,-0.019999999552965164,0.5797606706619263
6868,641208,39,279,2,OP3,FIXED_OPPONENT,train,SCRIPTED:OP3,1,3,1,2,79,0.4399999976158142,1,0,21,29.0,5.9070353447636474,1.5,1.0,-8.311867713928223e-05,0.0,2.0,200.0,0.0,0.7615935206413269
6869,641248,39,284,1,OP3,FIXED_OPPONENT,train,SCRIPTED:OP3,1,3,2,1,90,0.47999998927116394,1,0,17,31.0,6.204830593532986,1.5,0.5,-0.005785942077636719,0.0,1.0,100.0,0.0,0.5827150344848633
6870,641264,39,286,0,OP3,FIXED_OPPONENT,train,SCRIPTED:OP3,1,3,2,1,78,0.5199999809265137,1,0,23,30.0,5.766697810246394,1.5,0.5,-0.0029438436031341553,0.0,1.0,100.0,0.0,0.5827484130859375
127,13232,0,1654,1,OP3,FIXED_OPPONENT,train,SCRIPTED:OP3,1,3,2,1,97,0.5199999809265137,0,1,24,32.0,5.616945247060245,1.5,0.5,0.007575869560241699,0.0,1.0,100.0,0.0,0.5828718543052673
6871,641352,39,297,1,OP3,FIXED_OPPONENT,train,SCRIPTED:OP3,1,3,1,2,85,0.5999999642372131,1,0,22,28.0,5.772869154986213,1.5,0.5,-0.026897147297859192,0.014999999664723873,1.0,100.0,0.0,0.5826432704925537
128,13344,0,1668,3,OP3,FIXED_OPPONENT,train,SCRIPTED:OP3,1,3,1,2,97,0.5199999809265137,1,0,29,36.0,5.60907234113241,1.5,0.5,-0.010317116975784302,0.0,1.0,100.0,-0.019999999552965164,0.5797185897827148
6872,641544,39,321,3,OP3,FIXED_OPPONENT,train,SCRIPTED:OP3,1,3,2,1,107,0.5600000023841858,1,0,20,29.0,5.544143819363318,1.5,0.5,-0.008576735854148865,0.0,1.0,100.0,0.0,0.5826822519302368
129,13448,0,1681,3,OP3,FIXED_OPPONENT,train,SCRIPTED:OP3,1,3,1,2,87,0.5199999809265137,1,0,9,32.0,6.795096561826509,1.5,0.5,-0.033406004309654236,0.029999999329447746,1.0,100.0,-0.019999999552965164,0.5798001289367676
6873,641608,39,329,3,OP3,FIXED_OPPONENT,train,SCRIPTED:OP3,1,3,1,2,79,0.47999998927116394,1,0,15,27.0,5.4765041689329506,1.5,0.5,-0.010169431567192078,0.0,1.0,100.0,-0.019999999552965164,0.5797203779220581
130,13560,0,1695,1,OP3,FIXED_OPPONENT,train,SCRIPTED:OP3,1,3,2,1,111,0.5999999642372131,1,0,22,35.0,5.503204620636262,1.5,0.5,0.007770165801048279,0.0,1.0,100.0,-0.019999999552965164,0.5799320936203003
6874,641744,39,346,3,OP3,FIXED_OPPONENT,train,SCRIPTED:OP3,1,3,2,1,82,0.5999999642372131,1,0,10,29.0,6.6252076683974845,1.5,0.5,0.0018092244863510132,0.0,1.0,100.0,0.0,0.5828042030334473
131,13640,0,1705,3,OP3,FIXED_OPPONENT,train,SCRIPTED:OP3,1,3,1,2,89,0.3999999761581421,0,1,18,31.0,5.726170572002283,1.5,0.5,0.008181735873222351,0.0,1.0,100.0,0.0,0.5828789472579956
132,13704,0,1713,1,OP3,FIXED_OPPONENT,train,SCRIPTED:OP3,1,3,2,1,79,0.4399999976158142,1,0,19,31.0,5.439862215066258,1.5,0.5,-0.005582794547080994,0.0,1.0,100.0,0.0,0.5827174186706543
6875,641848,39,359,1,OP3,FIXED_OPPONENT,train,SCRIPTED:OP3,1,3,1,2,86,0.6399999856948853,1,0,22,32.0,5.888067201126454,1.5,0.5,-0.008823633193969727,0.0,1.0,100.0,-0.019999999552965164,0.5797362923622131
6876,641856,39,360,1,OP3,FIXED_OPPONENT,train,SCRIPTED:OP3,1,3,1,2,76,0.5600000023841858,1,0,19,27.0,4.901981554533306,1.5,0.5,-0.009810462594032288,0.0,1.0,100.0,0.0,0.5826677680015564
6877,641904,39,366,1,OP3,FIXED_OPPONENT,train,SCRIPTED:OP3,1,3,1,2,87,0.5999999642372131,1,0,16,28.0,6.185678065508261,1.5,0.5,-0.000533759593963623,0.02499999850988388,1.0,100.0,0.0,0.5830701589584351
133,13824,0,1728,3,OP3,FIXED_OPPONENT,train,SCRIPTED:OP3,0,3,3,0,97,0.5999999642372131,1,0,26,31.0,5.878407271866946,-0.699999988079071,0.0,-0.009045496582984924,0.0,0.0,0.0,0.0,-0.15446989238262177
6878,641928,39,369,2,OP3,FIXED_OPPONENT,train,SCRIPTED:OP3,1,3,1,2,83,0.6800000071525574,1,0,14,31.0,6.652476850762425,1.5,0.5,-0.006126716732978821,0.0,1.0,100.0,0.0,0.5827109813690186
134,13840,0,1730,2,OP3,FIXED_OPPONENT,train,SCRIPTED:OP3,1,3,2,1,130,0.5600000023841858,0,1,31,29.0,6.084196120042067,1.5,0.5,-0.009214609861373901,0.0,1.0,100.0,0.0,0.5826747417449951
135,14008,0,1751,1,OP3,FIXED_OPPONENT,train,SCRIPTED:OP3,1,3,2,1,97,0.5600000023841858,0,1,31,28.0,4.925407488321521,1.5,0.5,-0.007038235664367676,0.0,1.0,100.0,0.0,0.582700252532959
136,14088,0,1761,1,OP3,FIXED_OPPONENT,train,SCRIPTED:OP3,1,3,2,1,93,0.5999999642372131,1,0,23,34.0,5.39141123781922,1.5,0.5,-0.008895456790924072,0.0,1.0,100.0,0.0,0.582678496837616
6879,642192,39,402,2,OP3,FIXED_OPPONENT,train,SCRIPTED:OP3,1,3,2,1,81,0.6399999856948853,1,0,16,31.0,5.7288950225453315,1.5,0.5,-0.010357514023780823,0.0,1.0,100.0,0.0,0.5826612710952759
6880,642208,39,404,2,OP3,FIXED_OPPONENT,train,SCRIPTED:OP3,1,3,2,1,75,0.5600000023841858,1,0,14,32.0,5.85626220703125,1.5,0.5,-0.010241806507110596,0.0,1.0,100.0,-0.019999999552965164,0.5797195434570312
6881,642280,39,413,2,OP3,FIXED_OPPONENT,train,SCRIPTED:OP3,0,2,3,-1,116,0.5999999642372131,1,0,19,32.0,5.768831976528825,-1.2000000476837158,-0.5,0.0031796246767044067,0.0,-1.0,-100.0,-0.019999999552965164,-0.540164589881897
137,14280,0,1785,0,OP3,FIXED_OPPONENT,train,SCRIPTED:OP3,1,3,1,2,90,0.5199999809265137,1,0,23,27.0,5.584159681532118,1.5,0.5,-0.0058586448431015015,0.0,1.0,100.0,0.0,0.5827140808105469
138,14344,0,1793,1,OP3,FIXED_OPPONENT,train,SCRIPTED:OP3,0,2,3,-1,112,0.5999999642372131,1,0,25,31.0,5.998104640415737,-1.2000000476837158,0.0,0.0031594187021255493,0.019999999552965164,0.0,0.0,0.0,-0.2601366341114044
6882,642488,39,439,0,OP3,FIXED_OPPONENT,train,SCRIPTED:OP3,1,3,1,2,73,0.6399999856948853,1,0,15,28.0,5.667762233786387,1.5,0.5,-0.01037636399269104,0.0,1.0,100.0,0.0,0.5826611518859863
139,14472,0,1809,2,OP3,FIXED_OPPONENT,train,SCRIPTED:OP3,1,3,2,1,104,0.5999999642372131,0,1,28,32.0,5.934786283052885,1.5,0.0,0.0015741139650344849,0.0,0.0,0.0,-0.019999999552965164,0.31754717230796814
6883,642608,39,454,3,OP3,FIXED_OPPONENT,train,SCRIPTED:OP3,1,3,2,1,95,0.6399999856948853,1,0,9,32.0,6.379248046875,1.5,0.5,-0.032009974122047424,0.029999999329447746,1.0,100.0,0.0,0.5827593803405762
140,14520,0,1815,0,OP3,FIXED_OPPONENT,train,SCRIPTED:OP3,1,3,1,2,102,0.5999999642372131,1,0,30,30.0,5.6279763614430145,1.5,0.5,-0.007927179336547852,0.0,1.0,100.0,0.0,0.5826898813247681
6884,642632,39,457,0,OP3,FIXED_OPPONENT,train,SCRIPTED:OP3,1,3,1,2,88,0.6800000071525574,1,0,28,30.0,5.7859018499201,1.5,0.5,-0.024650990962982178,0.02499999850988388,1.0,100.0,0.0,0.582787036895752
6885,642680,39,463,1,OP3,FIXED_OPPONENT,train,SCRIPTED:OP3,1,3,2,1,103,0.5999999642372131,1,0,26,33.0,6.950321530832828,1.5,0.5,-0.032958224415779114,0.029999999329447746,1.0,100.0,0.0,0.5827482342720032
141,14632,0,1829,0,OP3,FIXED_OPPONENT,train,SCRIPTED:OP3,1,3,2,1,101,0.5600000023841858,0,1,36,30.0,4.746369918974319,1.5,0.5,-0.01037779450416565,0.0,1.0,100.0,-0.019999999552965164,0.5797179341316223
142,14632,0,1829,0,OP3,FIXED_OPPONENT,train,SCRIPTED:OP3,1,3,2,1,99,0.5199999809265137,0,1,34,33.0,5.56948883364899,1.5,0.5,-0.0340677946805954,0.029999999329447746,1.0,100.0,-0.019999999552965164,0.5797923803329468
6886,642776,39,475,1,OP3,FIXED_OPPONENT,train,SCRIPTED:OP3,1,3,1,2,129,0.6800000071525574,1,0,25,29.0,6.18684328064438,1.5,0.5,-0.03837963938713074,0.02499999850988388,1.0,100.0,0.0,0.5826258659362793
6887,642848,39,484,0,OP3,FIXED_OPPONENT,train,SCRIPTED:OP3,1,3,1,2,80,0.5199999809265137,1,0,25,29.0,5.55310287475586,1.5,0.5,0.007584750652313232,0.0,1.0,100.0,-0.019999999552965164,0.5799299478530884
6888,642848,39,484,2,OP3,FIXED_OPPONENT,train,SCRIPTED:OP3,1,3,1,2,82,0.47999998927116394,1,0,16,29.0,5.727037383288872,1.5,0.5,0.005996271967887878,0.0,1.0,100.0,0.0,0.5828533172607422
143,14848,0,1856,1,OP3,FIXED_OPPONENT,train,SCRIPTED:OP3,1,3,2,1,95,0.47999998927116394,1,0,23,30.0,5.854378469366776,1.5,0.5,-0.010222554206848145,0.0,1.0,100.0,0.0,0.5826629400253296
144,14952,0,1869,0,OP3,FIXED_OPPONENT,train,SCRIPTED:OP3,1,3,2,1,118,0.5600000023841858,0,1,41,31.0,5.241430767511917,1.5,0.5,-0.009312376379966736,0.0,1.0,100.0,0.0,0.5826736688613892
145,14976,0,1872,2,OP3,FIXED_OPPONENT,train,SCRIPTED:OP3,1,3,2,1,87,0.6399999856948853,1,0,16,31.0,6.231467060659123,1.5,0.5,-0.007469087839126587,0.0,1.0,100.0,0.0,0.5826952457427979
6889,643136,39,520,0,OP3,FIXED_OPPONENT,train,SCRIPTED:OP3,1,3,1,2,81,0.5199999809265137,1,0,8,30.0,6.487381546585648,1.5,0.5,0.008523061871528625,0.0,1.0,100.0,0.0,0.5828830003738403
146,15112,0,1889,1,OP3,FIXED_OPPONENT,train,SCRIPTED:OP3,1,3,2,1,96,0.47999998927116394,1,0,27,28.0,4.844181378682454,1.5,0.5,-0.010275572538375854,0.0,1.0,100.0,0.0,0.5826622843742371
6890,643224,39,531,2,OP3,FIXED_OPPONENT,train,SCRIPTED:OP3,1,3,0,3,77,0.47999998927116394,1,0,18,28.0,5.818286053546063,1.5,0.5,0.008596211671829224,0.0,1.0,100.0,0.0,0.5828838348388672
6891,643288,39,539,2,OP3,FIXED_OPPONENT,train,SCRIPTED:OP3,1,3,1,2,82,0.47999998927116394,1,0,27,29.0,5.664712301114711,1.5,0.5,-0.005538254976272583,0.014999999664723873,1.0,100.0,0.0,0.582893967628479
6892,643312,39,542,1,OP3,FIXED_OPPONENT,train,SCRIPTED:OP3,1,3,1,2,79,0.47999998927116394,1,0,23,27.0,5.0532180206685124,1.5,0.5,-0.005812302231788635,0.0,1.0,100.0,0.0,0.5827146768569946
147,15272,0,1909,1,OP3,FIXED_OPPONENT,train,SCRIPTED:OP3,1,3,2,1,100,0.47999998927116394,1,0,31,30.0,5.55276611328125,1.5,0.5,0.007974371314048767,0.0,1.0,100.0,0.0,0.5828765630722046
148,15328,0,1916,2,OP3,FIXED_OPPONENT,train,SCRIPTED:OP3,1,3,2,1,87,0.5199999809265137,1,0,28,26.0,5.561561672166846,1.5,0.0,-0.010102927684783936,0.0,0.0,0.0,-0.019999999552965164,0.3173604905605316
149,15344,0,1918,1,OP3,FIXED_OPPONENT,train,SCRIPTED:OP3,0,2,3,-1,103,0.7199999690055847,1,0,21,31.0,6.074170158904733,-1.2000000476837158,-0.5,-0.009124696254730225,0.0,-1.0,-100.0,0.0,-0.5371650457382202
6893,643448,39,559,2,OP3,FIXED_OPPONENT,train,SCRIPTED:OP3,1,3,2,1,146,0.47999998927116394,0,2,50,30.0,5.455461475947132,1.5,0.5,-0.009638577699661255,0.0,1.0,100.0,-0.019999999552965164,0.5797266960144043
150,15392,0,1924,2,OP3,FIXED_OPPONENT,train,SCRIPTED:OP3,1,3,1,2,68,0.4399999976158142,0,1,12,28.0,5.909005557789522,1.5,0.5,0.006483003497123718,0.0,1.0,100.0,0.0,0.5828590393066406
151,15440,0,1930,3,OP3,FIXED_OPPONENT,train,SCRIPTED:OP3,0,1,3,-2,101,0.5999999642372131,1,0,33,34.0,5.691096239750928,-1.2000000476837158,-0.5,0.015673264861106873,0.019999999552965164,-1.0,-100.0,0.0,-0.5365982055664062
6894,643544,39,571,2,OP3,FIXED_OPPONENT,train,SCRIPTED:OP3,1,3,1,2,87,0.7199999690055847,1,0,25,30.0,5.185993063038793,1.5,0.5,0.007791683077812195,0.0,1.0,100.0,0.0,0.5828744173049927
6895,643592,39,577,3,OP3,FIXED_OPPONENT,train,SCRIPTED:OP3,1,3,1,2,93,0.47999998927116394,0,1,27,26.0,5.46904795656922,1.5,0.5,-0.008920237421989441,0.014999999664723873,1.0,100.0,0.0,0.5828542709350586
152,15624,0,1953,3,OP3,FIXED_OPPONENT,train,SCRIPTED:OP3,1,3,1,2,84,0.47999998927116394,1,0,29,33.0,4.768748692103794,1.5,0.5,-0.010049417614936829,0.0,1.0,100.0,0.0,0.582664966583252
153,15672,0,1959,3,OP3,FIXED_OPPONENT,train,SCRIPTED:OP3,1,3,2,1,87,0.5199999809265137,1,0,17,25.0,6.160600333378233,1.5,0.5,-0.005899146199226379,0.0,1.0,100.0,0.0,0.5827137231826782
6896,643776,39,600,0,OP3,FIXED_OPPONENT,train,SCRIPTED:OP3,1,3,1,2,69,0.47999998927116394,1,0,17,26.0,5.3817554418591484,1.5,0.5,-0.0050147175788879395,0.0,1.0,100.0,0.0,0.5827240943908691
6897,643832,39,607,0,OP3,FIXED_OPPONENT,train,SCRIPTED:OP3,1,3,1,2,87,0.4399999976158142,1,0,19,29.0,5.50103619454921,1.5,0.5,0.005180463194847107,0.0,1.0,100.0,0.0,0.5828437805175781
6898,643968,39,624,0,OP3,FIXED_OPPONENT,train,SCRIPTED:OP3,1,3,2,1,149,0.5999999642372131,1,0,46,28.0,5.421605052563968,1.5,0.5,-0.03589251637458801,0.029999999329447746,1.0,100.0,0.0,0.582713782787323
6899,644024,39,631,2,OP3,FIXED_OPPONENT,train,SCRIPTED:OP3,1,3,1,2,92,0.47999998927116394,1,0,30,42.0,5.25926805579144,1.5,0.5,-0.010232076048851013,0.0,1.0,100.0,0.0,0.58266282081604
6900,644112,39,642,2,OP3,FIXED_OPPONENT,train,SCRIPTED:OP3,1,3,1,2,83,0.5600000023841858,1,0,13,30.0,6.032821471432605,1.5,0.5,-0.0036550313234329224,0.0,1.0,100.0,0.0,0.582740068435669
6901,644176,39,650,3,OP3,FIXED_OPPONENT,train,SCRIPTED:OP3,1,3,1,2,79,0.6399999856948853,0,2,26,29.0,5.950085603738133,1.5,0.5,-0.010320648550987244,0.0,1.0,100.0,-0.019999999552965164,0.5797185897827148
154,16112,0,2014,1,OP3,FIXED_OPPONENT,train,SCRIPTED:OP3,1,3,2,1,98,0.47999998927116394,1,0,49,29.0,4.675454587352519,1.5,0.5,-0.0004409998655319214,0.0,1.0,100.0,0.0,0.5827777981758118
155,16144,0,2018,1,OP3,FIXED_OPPONENT,train,SCRIPTED:OP3,1,3,2,1,94,0.47999998927116394,0,1,40,27.0,4.335474217191655,1.5,0.5,-0.010295376181602478,0.0,1.0,100.0,0.0,0.5826621055603027
156,16152,0,2019,1,OP3,FIXED_OPPONENT,train,SCRIPTED:OP3,1,3,2,1,101,0.5999999642372131,1,0,18,31.0,5.445557849241956,1.5,0.5,-0.010306835174560547,0.0,1.0,100.0,0.0,0.5826619863510132
157,16168,0,2021,0,OP3,FIXED_OPPONENT,train,SCRIPTED:OP3,0,2,3,-1,132,0.47999998927116394,1,0,27,51.0,5.629650693951231,-1.2000000476837158,-0.5,0.00032185018062591553,0.019999999552965164,-1.0,-100.0,0.0,-0.536792516708374
6902,644256,39,660,1,OP3,FIXED_OPPONENT,train,SCRIPTED:OP3,1,3,2,1,118,0.6399999856948853,1,0,22,30.0,6.820084911281779,1.5,0.5,-0.006651774048805237,0.0,1.0,100.0,0.0,0.5827048420906067
158,16256,0,2032,1,OP3,FIXED_OPPONENT,train,SCRIPTED:OP3,1,3,2,1,102,0.5199999809265137,1,0,19,33.0,6.169202019186581,1.5,0.5,-0.006488397717475891,0.014999999664723873,1.0,100.0,-0.019999999552965164,0.5799408555030823
159,16304,0,2038,1,OP3,FIXED_OPPONENT,train,SCRIPTED:OP3,1,3,2,1,129,0.7199999690055847,0,1,31,27.0,5.853646684986677,1.5,0.5,-0.0061174482107162476,0.0,1.0,100.0,0.0,0.5827111601829529
6903,644424,39,681,0,OP3,FIXED_OPPONENT,train,SCRIPTED:OP3,1,3,2,1,104,0.5999999642372131,1,0,27,29.0,6.549774756798377,1.5,0.5,0.006102576851844788,0.0,1.0,100.0,-0.019999999552965164,0.5799124240875244
6904,644488,39,689,3,OP3,FIXED_OPPONENT,train,SCRIPTED:OP3,1,3,1,2,89,0.47999998927116394,1,0,35,40.0,5.007590304599719,1.5,0.5,-0.006289482116699219,0.0,1.0,100.0,0.0,0.5827091336250305
6905,644672,39,712,1,OP3,FIXED_OPPONENT,train,SCRIPTED:OP3,1,3,2,1,88,0.5199999809265137,1,0,18,31.0,6.064198580655185,1.5,0.5,-0.007351741194725037,0.0,1.0,100.0,0.0,0.5826965570449829
6906,644680,39,713,1,OP3,FIXED_OPPONENT,train,SCRIPTED:OP3,1,3,1,2,82,0.5999999642372131,1,0,12,26.0,5.657368729754192,1.5,0.5,-0.002037554979324341,0.0,1.0,100.0,-0.019999999552965164,0.5798163414001465
6907,644704,39,716,0,OP3,FIXED_OPPONENT,train,SCRIPTED:OP3,1,3,1,2,109,0.6399999856948853,1,0,12,52.0,6.177033310636468,1.5,0.5,-0.008677065372467041,0.014999999664723873,1.0,100.0,-0.019999999552965164,0.5799150466918945
6908,644848,39,734,0,OP3,FIXED_OPPONENT,train,SCRIPTED:OP3,1,3,1,2,74,0.47999998927116394,1,0,15,32.0,6.086007607949747,1.5,0.5,-0.01888170838356018,0.014999999664723873,1.0,100.0,-0.019999999552965164,0.5797946453094482
6909,644848,39,734,1,OP3,FIXED_OPPONENT,train,SCRIPTED:OP3,1,3,1,2,92,0.6399999856948853,1,0,18,26.0,6.029531064240829,1.5,0.5,-0.033549293875694275,0.029999999329447746,1.0,100.0,0.0,0.5827412605285645
6910,645040,39,758,1,OP3,FIXED_OPPONENT,train,SCRIPTED:OP3,1,3,2,1,108,0.47999998927116394,1,0,24,30.0,5.806009928385417,1.5,0.0,0.00571778416633606,0.0,0.0,0.0,-0.019999999552965164,0.317613422870636
160,16416,1,4,3,OP3,FIXED_OPPONENT,train,SCRIPTED:OP3,0,2,3,-1,99,0.6399999856948853,1,0,21,32.0,5.4582618173926765,-1.2000000476837158,-0.5,0.01693454384803772,0.019999999552965164,-1.0,-100.0,0.0,-0.5365822315216064
161,16448,1,8,0,OP3,FIXED_OPPONENT,train,SCRIPTED:OP3,0,2,3,-1,97,0.5199999809265137,1,0,19,30.0,5.532867746254833,-1.2000000476837158,-0.5,0.015443682670593262,0.019999999552965164,-1.0,-100.0,-0.019999999552965164,-0.5397582054138184
6911,645104,39,766,3,OP3,FIXED_OPPONENT,train,SCRIPTED:OP3,1,3,1,2,85,0.4399999976158142,0,1,37,29.0,5.343607105928309,1.5,0.5,0.008030295372009277,0.0,1.0,100.0,-0.019999999552965164,0.5799351334571838
6912,645280,39,788,2,OP3,FIXED_OPPONENT,train,SCRIPTED:OP3,1,3,1,2,75,0.47999998927116394,1,0,15,28.0,5.1922310384114585,1.5,0.5,-0.010290563106536865,0.0,1.0,100.0,0.0,0.5826621055603027
6913,645304,39,791,2,OP3,FIXED_OPPONENT,train,SCRIPTED:OP3,1,3,2,1,102,0.5999999642372131,1,0,20,28.0,5.766299977022059,1.5,0.5,0.011528462171554565,0.0,1.0,100.0,-0.019999999552965164,0.5799764394760132
6914,645368,39,799,2,OP3,FIXED_OPPONENT,train,SCRIPTED:OP3,1,3,2,1,87,0.5999999642372131,1,0,17,29.0,6.122423895474138,1.5,0.5,-0.005193203687667847,0.0,1.0,100.0,0.0,0.582722008228302
6915,645456,39,810,3,OP3,FIXED_OPPONENT,train,SCRIPTED:OP3,1,3,1,2,76,0.5600000023841858,1,0,17,29.0,5.832519129702919,1.5,0.5,-0.004887759685516357,0.0,1.0,100.0,0.0,0.5827255249023438
6916,645480,39,813,2,OP3,FIXED_OPPONENT,train,SCRIPTED:OP3,1,3,2,1,97,0.5999999642372131,1,0,21,29.0,5.416941219998389,1.5,0.5,-0.0016871243715286255,0.0,1.0,100.0,0.0,0.582763135433197
162,16888,1,63,3,OP3,FIXED_OPPONENT,train,SCRIPTED:OP3,1,3,1,2,90,0.5199999809265137,1,0,18,30.0,5.792472330729167,1.5,0.5,-0.02537652850151062,0.02499999850988388,1.0,100.0,0.0,0.5827785730361938
163,16920,1,67,2,OP3,FIXED_OPPONENT,train,SCRIPTED:OP3,1,3,2,1,97,0.5600000023841858,1,0,24,33.0,5.694145910518685,1.5,0.5,0.0014999806880950928,0.0,1.0,100.0,0.0,0.5828005075454712
164,16928,1,68,3,OP3,FIXED_OPPONENT,train,SCRIPTED:OP3,0,2,3,-1,102,0.5600000023841858,1,0,34,36.0,5.453282374961703,-1.2000000476837158,-0.5,0.017241254448890686,0.019999999552965164,-1.0,-100.0,0.0,-0.536578357219696
6917,645608,39,829,0,OP3,FIXED_OPPONENT,train,SCRIPTED:OP3,1,3,2,1,95,0.6800000071525574,1,0,18,26.0,6.1545673571134865,1.5,0.5,0.0051953792572021484,0.0,1.0,100.0,0.0,0.5828438997268677
6918,645680,39,838,1,OP3,FIXED_OPPONENT,train,SCRIPTED:OP3,1,3,2,1,80,0.5999999642372131,1,0,15,28.0,5.553428649902344,1.5,0.5,0.0064653754234313965,0.0,1.0,100.0,-0.019999999552965164,0.5799167156219482
165,17080,1,87,1,OP3,FIXED_OPPONENT,train,SCRIPTED:OP3,1,3,1,2,79,0.5999999642372131,1,0,14,34.0,6.170546905903876,1.5,0.5,0.00406801700592041,0.0,1.0,100.0,0.0,0.5828306674957275
166,17104,1,90,3,OP3,FIXED_OPPONENT,train,SCRIPTED:OP3,0,2,3,-1,119,0.5600000023841858,1,0,44,36.0,5.642959210051208,-1.2000000476837158,-0.5,0.01713356375694275,0.0,-1.0,-100.0,0.0,-0.536832869052887
167,17128,1,93,0,OP3,FIXED_OPPONENT,train,SCRIPTED:OP3,1,3,2,1,89,0.6399999856948853,0,1,32,30.0,6.31713318556882,1.5,0.5,-0.010098159313201904,0.0,1.0,100.0,-0.019999999552965164,0.579721212387085
168,17144,1,95,3,OP3,FIXED_OPPONENT,train,SCRIPTED:OP3,0,2,3,-1,111,0.4399999976158142,1,0,28,29.0,5.249295621304898,-1.2000000476837158,-0.5,0.017828762531280518,0.0,-1.0,-100.0,-0.019999999552965164,-0.5399800539016724
6919,645896,39,865,0,OP3,FIXED_OPPONENT,train,SCRIPTED:OP3,1,3,2,1,99,0.6399999856948853,1,0,26,29.0,5.779045336174242,1.5,0.5,0.007514938712120056,0.0,1.0,100.0,0.0,0.5828711986541748
169,17352,1,121,3,OP3,FIXED_OPPONENT,train,SCRIPTED:OP3,1,3,2,1,131,0.5999999642372131,1,0,40,38.0,5.312420328154818,1.5,0.5,-0.013802580535411835,0.0,1.0,100.0,0.0,0.5826208591461182
6920,646008,39,879,0,OP3,FIXED_OPPONENT,train,SCRIPTED:OP3,1,3,1,2,69,0.3999999761581421,0,1,9,26.0,4.940861356431159,1.5,0.5,-0.009954005479812622,0.0,1.0,100.0,-0.019999999552965164,0.5797229409217834
6921,646016,39,880,3,OP3,FIXED_OPPONENT,train,SCRIPTED:OP3,1,3,1,2,92,0.5999999642372131,1,0,17,30.0,5.821232007897419,1.5,0.5,-0.004791826009750366,0.0,1.0,100.0,0.0,0.5827266573905945
6922,646128,39,894,2,OP3,FIXED_OPPONENT,train,SCRIPTED:OP3,1,3,1,2,95,0.5999999642372131,1,0,11,29.0,6.07647126850329,1.5,0.5,0.005856186151504517,0.029999999329447746,1.0,100.0,0.0,0.5832036733627319
6923,646168,39,899,1,OP3,FIXED_OPPONENT,train,SCRIPTED:OP3,1,3,2,1,108,0.6399999856948853,1,0,14,28.0,6.895118995949074,1.5,0.5,-0.002270117402076721,0.0,1.0,100.0,0.0,0.5827562808990479
6924,646280,39,913,1,OP3,FIXED_OPPONENT,train,SCRIPTED:OP3,1,3,1,2,75,0.5199999809265137,0,1,10,30.0,5.9207145182291665,1.5,0.5,0.008382618427276611,0.0,1.0,100.0,0.0,0.5828813314437866
6925,646288,39,914,2,OP3,FIXED_OPPONENT,train,SCRIPTED:OP3,1,3,1,2,85,0.5600000023841858,0,1,34,30.0,5.799407958984375,1.5,0.5,-0.007029309868812561,0.0,1.0,100.0,-0.019999999552965164,0.5797574520111084
170,17672,1,161,0,OP3,FIXED_OPPONENT,train,SCRIPTED:OP3,1,3,2,1,93,0.5199999809265137,1,0,20,30.0,5.605108445690524,1.5,0.5,-0.009228184819221497,0.0,1.0,100.0,0.0,0.5826746225357056
171,17672,1,161,3,OP3,FIXED_OPPONENT,train,SCRIPTED:OP3,1,3,2,1,98,0.5999999642372131,1,0,26,33.0,5.44222337372449,1.5,0.5,-0.010020464658737183,0.0,1.0,100.0,0.0,0.5826653242111206
172,17696,1,164,0,OP3,FIXED_OPPONENT,train,SCRIPTED:OP3,0,0,3,-3,97,0.6800000071525574,1,0,17,32.0,6.311999763410116,-1.2000000476837158,-0.5,0.007787048816680908,0.0,-1.0,-100.0,-0.019999999552965164,-0.5401065349578857
6926,646336,39,920,3,OP3,FIXED_OPPONENT,train,SCRIPTED:OP3,1,3,2,1,107,0.47999998927116394,1,0,25,30.0,5.929486141026577,1.5,0.5,-0.002802148461341858,0.0,1.0,100.0,-0.019999999552965164,0.5798074007034302
173,17728,1,168,2,OP3,FIXED_OPPONENT,train,SCRIPTED:OP3,1,3,1,2,75,0.5600000023841858,1,0,15,32.0,5.7965690104166665,1.5,0.5,0.0021838992834091187,0.0,1.0,100.0,-0.019999999552965164,0.5798661708831787
174,17824,1,180,0,OP3,FIXED_OPPONENT,train,SCRIPTED:OP3,1,3,2,1,90,0.3999999761581421,0,1,33,29.0,4.91543952094184,1.5,0.5,-0.010552540421485901,0.0,1.0,100.0,0.0,0.5826590657234192
175,17848,1,183,0,OP3,FIXED_OPPONENT,train,SCRIPTED:OP3,1,3,2,1,88,0.47999998927116394,1,0,15,26.0,5.717329545454546,1.5,0.5,0.00645601749420166,0.0,1.0,100.0,-0.019999999552965164,0.5799165964126587
6927,646536,39,945,3,OP3,FIXED_OPPONENT,train,SCRIPTED:OP3,1,3,1,2,80,0.5199999809265137,1,0,20,31.0,5.779569625854492,1.5,1.0,-0.007785171270370483,0.0,2.0,200.0,0.0,0.7615360021591187
176,17944,1,195,3,OP3,FIXED_OPPONENT,train,SCRIPTED:OP3,1,3,1,2,108,0.5199999809265137,0,1,39,34.0,5.212503503870081,1.5,0.5,-0.01031598448753357,0.0,1.0,100.0,-0.019999999552965164,0.5797185897827148
177,18120,1,217,3,OP3,FIXED_OPPONENT,train,SCRIPTED:OP3,1,3,2,1,96,0.5999999642372131,1,0,23,32.0,6.2480417887369795,1.5,0.5,-0.031189188361167908,0.029999999329447746,1.0,100.0,-0.019999999552965164,0.5798263549804688
6928,646776,39,975,2,OP3,FIXED_OPPONENT,train,SCRIPTED:OP3,1,3,1,2,81,0.47999998927116394,1,0,15,30.0,5.332573784722222,1.5,0.5,-0.010377556085586548,0.0,1.0,100.0,-0.019999999552965164,0.5797179341316223
6929,646816,39,980,0,OP3,FIXED_OPPONENT,train,SCRIPTED:OP3,1,3,1,2,100,0.5999999642372131,1,0,21,41.0,6.112042236328125,1.5,0.5,-0.010439634323120117,0.0,1.0,100.0,0.0,0.5826603770256042
6930,646840,39,983,0,OP3,FIXED_OPPONENT,train,SCRIPTED:OP3,1,3,2,1,84,0.5199999809265137,1,0,17,29.0,5.439142499651227,1.5,0.5,-0.010039404034614563,0.0,1.0,100.0,0.0,0.5826650857925415
6931,646952,39,997,0,OP3,FIXED_OPPONENT,train,SCRIPTED:OP3,1,3,2,1,118,0.5199999809265137,0,1,41,29.0,5.604259426310911,1.5,0.5,-0.010268375277519226,0.0,1.0,100.0,0.0,0.5826623439788818
178,18360,1,247,3,OP3,FIXED_OPPONENT,train,SCRIPTED:OP3,1,3,1,2,83,0.47999998927116394,1,0,30,28.0,5.046079704560429,1.5,0.5,0.0035270601511001587,0.0,1.0,100.0,0.0,0.5828243494033813
6932,647016,39,1005,2,OP3,FIXED_OPPONENT,train,SCRIPTED:OP3,1,3,1,2,91,0.5999999642372131,0,1,38,29.0,5.379478035392342,1.5,0.5,0.007784411311149597,0.0,1.0,100.0,0.0,0.5828742980957031
179,18408,1,253,1,OP3,FIXED_OPPONENT,train,SCRIPTED:OP3,1,3,1,2,85,0.4399999976158142,1,0,26,28.0,5.728109202665441,1.5,0.5,-0.007813498377799988,0.0,1.0,100.0,-0.019999999552965164,0.5797481536865234
180,18456,1,259,1,OP3,FIXED_OPPONENT,train,SCRIPTED:OP3,1,3,2,1,98,0.5600000023841858,1,0,37,27.0,5.069581635144292,1.5,0.5,-0.010290473699569702,0.0,1.0,100.0,0.0,0.5826621055603027
181,18456,1,259,3,OP3,FIXED_OPPONENT,train,SCRIPTED:OP3,1,3,2,1,98,0.47999998927116394,1,0,29,31.0,5.6739203005420915,1.5,0.5,-0.009486749768257141,0.0,1.0,100.0,0.0,0.5826715230941772
6933,647088,39,1014,3,OP3,FIXED_OPPONENT,train,SCRIPTED:OP3,1,3,0,3,69,0.5199999809265137,1,0,9,29.0,6.136636042940443,1.5,0.5,0.003712192177772522,0.014999999664723873,1.0,100.0,0.0,0.5830025672912598
182,18576,1,274,0,OP3,FIXED_OPPONENT,train,SCRIPTED:OP3,1,3,2,1,91,0.5600000023841858,0,2,34,32.0,5.379738943917411,1.5,0.5,-0.00862237811088562,0.0,1.0,100.0,0.0,0.5826817154884338
6934,647256,39,1035,2,OP3,FIXED_OPPONENT,train,SCRIPTED:OP3,1,3,2,1,122,0.5999999642372131,0,2,52,27.0,5.016964771708504,1.5,0.5,0.0045426636934280396,0.0,1.0,100.0,0.0,0.5828362703323364
183,18656,1,284,0,OP3,FIXED_OPPONENT,train,SCRIPTED:OP3,1,3,1,2,89,0.5199999809265137,1,0,23,30.0,5.852951907040028,1.5,0.5,-0.024044007062911987,0.02499999850988388,1.0,100.0,-0.019999999552965164,0.5798517465591431
6935,647312,39,1042,0,OP3,FIXED_OPPONENT,train,SCRIPTED:OP3,1,3,2,1,122,0.5600000023841858,1,0,21,31.0,6.118002469422387,1.5,0.5,-0.007858872413635254,0.0,1.0,100.0,0.0,0.5826907157897949
184,18776,1,299,2,OP3,FIXED_OPPONENT,train,SCRIPTED:OP3,1,3,1,2,119,0.6399999856948853,1,0,27,33.0,6.107761928013393,1.5,0.5,0.0050413161516189575,0.0,1.0,100.0,-0.019999999552965164,0.5798999071121216
6936,647440,39,1058,3,OP3,FIXED_OPPONENT,train,SCRIPTED:OP3,1,3,1,2,78,0.5600000023841858,1,0,23,30.0,5.899101061698718,1.5,0.4000000059604645,-0.008573934435844421,0.04999999701976776,1.0,100.0,0.0,0.5684168338775635
6937,647496,39,1065,2,OP3,FIXED_OPPONENT,train,SCRIPTED:OP3,1,3,2,1,90,0.5199999809265137,1,0,14,33.0,6.521900770399306,1.5,0.5,-0.01005864143371582,0.0,1.0,100.0,0.0,0.5826648473739624
6938,647560,39,1073,1,OP3,FIXED_OPPONENT,train,SCRIPTED:OP3,1,3,2,1,76,0.5600000023841858,1,0,17,28.0,6.0416625173468335,1.5,0.0,-0.0009181946516036987,0.0,0.0,0.0,0.0,0.3214980661869049
6939,647592,39,1077,2,OP3,FIXED_OPPONENT,train,SCRIPTED:OP3,1,3,2,1,94,0.5199999809265137,1,0,9,32.0,7.27836771214262,1.5,1.5,0.00826697051525116,0.0,3.0,300.0,0.0,0.8700973987579346
185,18992,1,326,2,OP3,FIXED_OPPONENT,train,SCRIPTED:OP3,1,3,2,1,109,0.5999999642372131,0,1,17,32.0,6.051117783292718,1.5,0.5,-0.009975656867027283,0.0,1.0,100.0,0.0,0.5826658010482788
186,19040,1,332,2,OP3,FIXED_OPPONENT,train,SCRIPTED:OP3,1,3,1,2,79,0.6399999856948853,1,0,17,27.0,5.955178176300435,1.5,0.5,-0.015268385410308838,0.014999999664723873,1.0,100.0,0.0,0.5827798247337341
6940,647664,39,1086,3,OP3,FIXED_OPPONENT,train,SCRIPTED:OP3,1,3,1,2,81,0.5600000023841858,1,0,22,31.0,6.11050565743152,1.5,0.0,-0.007218033075332642,0.0,0.0,0.0,0.0,0.3213976323604584
187,19152,1,346,2,OP3,FIXED_OPPONENT,train,SCRIPTED:OP3,1,3,1,2,99,0.6399999856948853,1,0,31,32.0,5.378864326862374,1.5,0.5,-0.006796151399612427,0.0,1.0,100.0,0.0,0.5827031135559082
6941,647832,39,1107,0,OP3,FIXED_OPPONENT,train,SCRIPTED:OP3,1,3,0,3,72,0.5199999809265137,1,0,24,31.0,5.391021728515625,1.5,0.5,-0.009702786803245544,0.0,1.0,100.0,-0.019999999552965164,0.5797258615493774
6942,647896,39,1115,3,OP3,FIXED_OPPONENT,train,SCRIPTED:OP3,1,3,2,1,101,0.5199999809265137,0,1,21,45.0,5.537760215230508,1.5,0.5,-0.01028163731098175,0.0,1.0,100.0,-0.019999999552965164,0.579719066619873
188,19304,1,365,1,OP3,FIXED_OPPONENT,train,SCRIPTED:OP3,0,2,3,-1,106,0.7599999904632568,1,0,38,37.0,5.096231136681898,-1.2000000476837158,-0.5,-0.019873231649398804,0.0,-1.0,-100.0,-0.019999999552965164,-0.5404548048973083
189,19352,1,371,3,OP3,FIXED_OPPONENT,train,SCRIPTED:OP3,1,3,2,1,97,0.4399999976158142,1,0,26,28.0,5.645683367227771,1.5,0.5,-0.03603556752204895,0.029999999329447746,1.0,100.0,-0.019999999552965164,0.5797691345214844
6943,648008,39,1129,3,OP3,FIXED_OPPONENT,train,SCRIPTED:OP3,1,3,2,1,87,0.5199999809265137,1,0,25,33.0,5.935723666487069,1.5,0.5,-0.009075671434402466,0.0,1.0,100.0,0.0,0.5826762914657593
190,19440,1,382,2,OP3,FIXED_OPPONENT,train,SCRIPTED:OP3,0,2,3,-1,123,0.5199999809265137,0,2,28,31.0,5.4323144928226625,-1.2000000476837158,-0.5,0.005701333284378052,0.019999999552965164,-1.0,-100.0,0.0,-0.5367244482040405
191,19440,1,382,2,OP3,FIXED_OPPONENT,train,SCRIPTED:OP3,1,3,2,1,83,0.7199999690055847,1,0,20,29.0,6.03556400896555,1.5,0.5,-0.01027040183544159,0.0,1.0,100.0,-0.019999999552965164,0.5797191858291626
192,19504,1,390,2,OP3,FIXED_OPPONENT,train,SCRIPTED:OP3,1,3,2,1,106,0.5600000023841858,1,0,27,39.0,5.510727792415979,1.5,0.5,-0.010323509573936462,0.0,1.0,100.0,-0.019999999552965164,0.5797185301780701
6944,648160,39,1148,0,OP3,FIXED_OPPONENT,train,SCRIPTED:OP3,1,3,2,1,90,0.5199999809265137,1,0,20,31.0,5.534234619140625,1.5,0.5,-0.009676933288574219,0.0,1.0,100.0,0.0,0.5826693773269653
6945,648184,39,1151,3,OP3,FIXED_OPPONENT,train,SCRIPTED:OP3,1,3,1,2,78,0.47999998927116394,1,0,15,29.0,5.908922244340945,1.5,0.5,-0.0018850266933441162,0.0,1.0,100.0,0.0,0.5827608108520508
6946,648200,39,1153,2,OP3,FIXED_OPPONENT,train,SCRIPTED:OP3,1,3,1,2,88,0.5600000023841858,1,0,24,25.0,5.508146806196733,1.5,0.5,0.008540183305740356,0.0,1.0,100.0,0.0,0.5828831791877747
6947,648320,39,1168,1,OP3,FIXED_OPPONENT,train,SCRIPTED:OP3,1,3,1,2,91,0.6399999856948853,1,0,31,30.0,5.1810007619333796,1.5,0.5,0.0054293423891067505,0.0,1.0,100.0,0.0,0.5828466415405273
193,19752,1,421,1,OP3,FIXED_OPPONENT,train,SCRIPTED:OP3,1,3,1,2,89,0.5199999809265137,1,0,30,32.0,5.033145861679248,1.5,0.5,-0.009132474660873413,0.0,1.0,100.0,-0.019999999552965164,0.5797326564788818
6948,648336,39,1170,1,OP3,FIXED_OPPONENT,train,SCRIPTED:OP3,1,3,2,1,84,0.4399999976158142,1,0,35,30.0,5.3287335350399925,1.5,0.5,0.006953001022338867,0.0,1.0,100.0,0.0,0.5828645825386047
194,19880,1,437,0,OP3,FIXED_OPPONENT,train,SCRIPTED:OP3,0,2,3,-1,111,0.7199999690055847,1,0,28,34.0,5.618300979201858,-1.2000000476837158,-0.5,-0.002153754234313965,0.0,-1.0,-100.0,0.0,-0.5370768308639526
6949,648528,39,1194,0,OP3,FIXED_OPPONENT,train,SCRIPTED:OP3,1,3,1,2,79,0.5600000023841858,0,1,15,32.0,6.628389382664161,1.5,0.5,-0.005698442459106445,0.0,1.0,100.0,0.0,0.5827159881591797
195,19960,1,447,0,OP3,FIXED_OPPONENT,train,SCRIPTED:OP3,1,3,2,1,101,0.5199999809265137,1,0,17,31.0,5.513175133431312,1.5,0.5,-0.009814709424972534,0.0,1.0,100.0,0.0,0.5826677083969116
6950,648576,39,1200,0,OP3,FIXED_OPPONENT,train,SCRIPTED:OP3,1,3,0,3,93,0.5600000023841858,1,0,17,31.0,5.694735619329637,1.5,0.5,-0.0007710307836532593,0.014999999664723873,1.0,100.0,0.0,0.5829499959945679
6951,648712,39,1217,2,OP3,FIXED_OPPONENT,train,SCRIPTED:OP3,1,3,1,2,88,0.5199999809265137,1,0,17,47.0,5.863598216663707,1.5,0.5,-0.0073975324630737305,0.014999999664723873,1.0,100.0,0.0,0.5828721523284912
196,20168,1,473,3,OP3,FIXED_OPPONENT,train,SCRIPTED:OP3,1,3,2,1,91,0.47999998927116394,1,0,25,28.0,5.2767649220896296,1.5,0.5,0.0007347464561462402,0.0,1.0,100.0,-0.019999999552965164,0.5798490047454834
197,20200,1,477,0,OP3,FIXED_OPPONENT,train,SCRIPTED:OP3,1,3,2,1,95,0.6800000071525574,1,0,18,35.0,5.628184107730263,1.5,0.5,-0.010373339056968689,0.0,1.0,100.0,-0.019999999552965164,0.5797179937362671
6952,648776,39,1225,0,OP3,FIXED_OPPONENT,train,SCRIPTED:OP3,1,3,1,2,74,0.7199999690055847,1,0,12,30.0,6.368525737040752,1.5,0.5,-0.0022657662630081177,0.0,1.0,100.0,-0.019999999552965164,0.5798137187957764
198,20216,1,479,1,OP3,FIXED_OPPONENT,train,SCRIPTED:OP3,1,3,2,1,114,0.5999999642372131,1,0,10,31.0,6.555793628358004,1.5,0.5,-0.008457675576210022,0.0,1.0,100.0,0.0,0.5826836228370667
199,20272,1,486,1,OP3,FIXED_OPPONENT,train,SCRIPTED:OP3,1,3,2,1,115,0.5600000023841858,0,1,10,36.0,6.427607528023098,1.5,0.5,-0.009489566087722778,0.0,1.0,100.0,0.0,0.5826715230941772
6953,648880,39,1238,0,OP3,FIXED_OPPONENT,train,SCRIPTED:OP3,1,3,2,1,85,0.47999998927116394,1,0,25,27.0,5.777421659581801,1.5,0.5,0.007229641079902649,0.0,1.0,100.0,0.0,0.5828678607940674
6954,648928,39,1244,0,OP3,FIXED_OPPONENT,train,SCRIPTED:OP3,1,3,1,2,96,0.5600000023841858,1,0,37,30.0,5.097284317016602,1.5,0.5,0.007001280784606934,0.0,1.0,100.0,-0.019999999552965164,0.5799229741096497
6955,649072,39,1262,2,OP3,FIXED_OPPONENT,train,SCRIPTED:OP3,1,3,1,2,94,0.4399999976158142,1,0,14,48.0,6.285066645196143,1.5,0.5,0.008007779717445374,0.014999999664723873,1.0,100.0,0.0,0.5830529928207397
200,20520,1,517,0,OP3,FIXED_OPPONENT,train,SCRIPTED:OP3,1,3,2,1,96,0.47999998927116394,1,0,27,34.0,5.796801884969075,1.5,0.5,-0.0026426464319229126,0.0,1.0,100.0,0.0,0.5827519297599792
201,20528,1,518,0,OP3,FIXED_OPPONENT,train,SCRIPTED:OP3,0,2,3,-1,128,0.5999999642372131,1,0,33,35.0,5.4301300048828125,-1.2000000476837158,-0.5,0.008951157331466675,0.019999999552965164,-1.0,-100.0,0.0,-0.5366832613945007
6956,649104,39,1266,0,OP3,FIXED_OPPONENT,train,SCRIPTED:OP3,1,3,2,1,96,0.7199999690055847,1,0,19,27.0,5.625995635986328,1.5,0.5,-0.00018545985221862793,0.0,1.0,100.0,0.0,0.5827807784080505
6957,649136,39,1270,0,OP3,FIXED_OPPONENT,train,SCRIPTED:OP3,1,3,1,2,76,0.5199999809265137,1,0,12,30.0,5.285310845626028,1.5,0.5,-0.009635180234909058,0.0,1.0,100.0,0.0,0.5826698541641235
202,20640,1,532,3,OP3,FIXED_OPPONENT,train,SCRIPTED:OP3,1,3,2,1,95,0.5999999642372131,1,0,14,34.0,5.586705900493421,1.5,1.0,-0.00862741470336914,0.0,2.0,200.0,-0.019999999552965164,0.7596564292907715
203,20744,1,545,1,OP3,FIXED_OPPONENT,train,SCRIPTED:OP3,1,3,1,2,98,0.4399999976158142,1,0,38,36.0,4.896293795838648,1.5,0.5,-0.010061725974082947,0.0,1.0,100.0,-0.019999999552965164,0.5797216892242432
6958,649328,39,1294,0,OP3,FIXED_OPPONENT,train,SCRIPTED:OP3,1,3,0,3,69,0.5199999809265137,1,0,27,28.0,5.378760296365489,1.5,0.5,-0.010254889726638794,0.029999999329447746,1.0,100.0,0.0,0.583014726638794
6959,649384,39,1301,0,OP3,FIXED_OPPONENT,train,SCRIPTED:OP3,1,3,1,2,101,0.5600000023841858,1,0,26,26.0,5.868489180461014,1.5,0.5,-0.007455021142959595,0.0,1.0,100.0,0.0,0.5826954245567322
204,20856,1,559,3,OP3,FIXED_OPPONENT,train,SCRIPTED:OP3,1,3,1,2,82,0.4399999976158142,1,0,24,30.0,5.618902811189977,1.5,0.5,-0.03402116894721985,0.029999999329447746,1.0,100.0,-0.019999999552965164,0.579792857170105
6960,649424,39,1306,1,OP3,FIXED_OPPONENT,train,SCRIPTED:OP3,1,3,2,1,89,0.5600000023841858,0,1,37,30.0,5.11941665477967,1.5,0.5,-0.00903882086277008,0.0,1.0,100.0,-0.019999999552965164,0.5797337293624878
6961,649504,39,1316,3,OP3,FIXED_OPPONENT,train,SCRIPTED:OP3,1,3,1,2,78,0.4399999976158142,0,3,23,26.0,5.335529425205329,1.5,0.5,-0.00033770501613616943,0.0,1.0,100.0,0.0,0.5827789306640625
205,20952,1,571,2,OP3,FIXED_OPPONENT,train,SCRIPTED:OP3,1,3,2,1,92,0.5199999809265137,1,0,21,34.0,5.655749113663383,1.5,0.5,-0.010529831051826477,0.0,1.0,100.0,0.0,0.5826593041419983
206,20984,1,575,1,OP3,FIXED_OPPONENT,train,SCRIPTED:OP3,1,3,1,2,102,0.5999999642372131,1,0,45,30.0,5.085445628446691,1.5,0.5,0.007999211549758911,0.0,1.0,100.0,0.0,0.5828768610954285
6962,649592,39,1327,3,OP3,FIXED_OPPONENT,train,SCRIPTED:OP3,1,3,1,2,83,0.5199999809265137,0,1,36,30.0,4.965208490210843,1.5,0.5,-0.007791891694068909,0.0,1.0,100.0,0.0,0.5826914310455322
207,21088,1,588,0,OP3,FIXED_OPPONENT,train,SCRIPTED:OP3,1,3,1,2,70,0.4399999976158142,1,0,21,28.0,5.4267037527901785,1.5,0.5,0.0053595006465911865,0.0,1.0,100.0,-0.019999999552965164,0.5799036622047424
208,21096,1,589,0,OP3,FIXED_OPPONENT,train,SCRIPTED:OP3,1,3,2,1,103,0.5999999642372131,1,0,21,47.0,7.133323891648969,1.5,0.5,-0.008742064237594604,0.0,1.0,100.0,-0.019999999552965164,0.5797371864318848
6963,649720,39,1343,2,OP3,FIXED_OPPONENT,train,SCRIPTED:OP3,1,3,0,3,81,0.6800000071525574,1,0,13,29.0,6.2748134283371915,1.5,0.5,0.0015127211809158325,0.0,1.0,100.0,-0.019999999552965164,0.5798582434654236
209,21200,1,602,1,OP3,FIXED_OPPONENT,train,SCRIPTED:OP3,1,3,1,2,85,0.4399999976158142,0,1,35,27.0,4.779463106043199,1.5,0.5,-0.010526075959205627,0.0,1.0,100.0,0.0,0.5826593637466431
6964,649800,39,1353,1,OP3,FIXED_OPPONENT,train,SCRIPTED:OP3,1,3,1,2,87,0.47999998927116394,1,0,14,32.0,6.506883643139368,1.5,0.5,-0.005418881773948669,0.0,1.0,100.0,-0.019999999552965164,0.5797764658927917
6965,649848,39,1359,3,OP3,FIXED_OPPONENT,train,SCRIPTED:OP3,1,3,1,2,89,0.47999998927116394,1,0,24,31.0,5.920582974894663,1.5,0.0,0.008557140827178955,0.0,0.0,0.0,0.0,0.32164910435676575
6966,649848,39,1359,2,OP3,FIXED_OPPONENT,train,SCRIPTED:OP3,1,3,0,3,65,0.4399999976158142,1,0,13,27.0,5.436351600060096,1.5,0.5,-0.0349881649017334,0.02499999850988388,1.0,100.0,0.0,0.5826656818389893
6967,649992,39,1377,0,OP3,FIXED_OPPONENT,train,SCRIPTED:OP3,1,3,1,2,76,0.3999999761581421,1,0,28,30.0,5.571585805792558,1.5,0.5,0.0030384361743927,0.0,1.0,100.0,0.0,0.5828186273574829
210,21504,1,640,3,OP3,FIXED_OPPONENT,train,SCRIPTED:OP3,1,3,2,1,108,0.6399999856948853,1,0,14,37.0,6.399158053927952,1.5,0.5,-0.0087595134973526,0.02499999850988388,1.0,100.0,-0.019999999552965164,0.5800320506095886
6968,650056,39,1385,3,OP3,FIXED_OPPONENT,train,SCRIPTED:OP3,1,3,0,3,79,0.5199999809265137,1,0,19,30.0,5.928180936016614,1.5,0.5,-0.03661612421274185,0.029999999329447746,1.0,100.0,0.0,0.5827052593231201
6969,650056,39,1385,0,OP3,FIXED_OPPONENT,train,SCRIPTED:OP3,1,3,1,2,69,0.3999999761581421,1,0,22,28.0,5.801674220872962,1.5,0.5,-0.00421847403049469,0.0,1.0,100.0,0.0,0.5827333927154541
211,21600,1,652,1,OP3,FIXED_OPPONENT,train,SCRIPTED:OP3,1,3,2,1,107,0.47999998927116394,1,0,32,39.0,5.275191547714662,1.5,0.5,-0.010244220495223999,0.0,1.0,100.0,0.0,0.5826625823974609
212,21616,1,654,0,OP3,FIXED_OPPONENT,train,SCRIPTED:OP3,1,3,1,2,83,0.47999998927116394,1,0,29,35.0,5.214967291039157,1.5,0.5,-0.031148090958595276,0.029999999329447746,1.0,100.0,0.0,0.582769513130188
6970,650248,39,1409,0,OP3,FIXED_OPPONENT,train,SCRIPTED:OP3,1,3,1,2,82,0.5600000023841858,1,0,26,28.0,5.256878364376906,1.5,0.5,-0.007300257682800293,0.0,1.0,100.0,-0.019999999552965164,0.5797542333602905
213,21712,1,666,0,OP3,FIXED_OPPONENT,train,SCRIPTED:OP3,1,3,2,1,91,0.5999999642372131,1,0,36,34.0,5.459131932520604,1.5,0.5,0.0037911683320999146,0.0,1.0,100.0,0.0,0.5828274488449097
214,21728,1,668,0,OP3,FIXED_OPPONENT,train,SCRIPTED:OP3,1,3,1,2,109,0.5600000023841858,1,0,47,54.0,5.073016525408543,1.5,0.5,-0.010412648320198059,0.0,1.0,100.0,0.0,0.5826606750488281
215,21840,1,682,1,OP3,FIXED_OPPONENT,train,SCRIPTED:OP3,1,3,2,1,93,0.5999999642372131,1,0,18,30.0,5.733668173513105,1.5,0.5,-0.025960370898246765,0.014999999664723873,1.0,100.0,0.0,0.5826542377471924
6971,650496,39,1440,3,OP3,FIXED_OPPONENT,train,SCRIPTED:OP3,1,3,2,1,81,0.5199999809265137,1,0,13,29.0,6.193314917293596,1.5,0.0,-0.0021189451217651367,0.0,0.0,0.0,-0.019999999552965164,0.3174881339073181
6972,650512,39,1442,2,OP3,FIXED_OPPONENT,train,SCRIPTED:OP3,1,3,2,1,89,0.5600000023841858,1,0,23,35.0,5.552142539720856,1.5,0.5,-0.009368151426315308,0.0,1.0,100.0,0.0,0.5826729536056519
6973,650512,39,1442,0,OP3,FIXED_OPPONENT,train,SCRIPTED:OP3,1,3,1,2,83,0.4399999976158142,1,0,16,26.0,5.119609786803464,1.5,0.5,0.0023514479398727417,0.0,1.0,100.0,0.0,0.5828105211257935
216,21976,1,699,2,OP3,FIXED_OPPONENT,train,SCRIPTED:OP3,0,2,3,-1,111,0.5999999642372131,1,0,33,34.0,6.74499731665259,-1.2000000476837158,-0.5,0.00838160514831543,0.019999999552965164,-1.0,-100.0,-0.019999999552965164,-0.539847195148468
6974,650544,39,1446,0,OP3,FIXED_OPPONENT,train,SCRIPTED:OP3,1,3,2,1,103,0.5999999642372131,1,0,24,34.0,5.495534359830097,1.5,0.5,-0.008313089609146118,0.0,1.0,100.0,0.0,0.5826852917671204
217,22056,1,709,0,OP3,FIXED_OPPONENT,train,SCRIPTED:OP3,1,3,2,1,107,0.6399999856948853,0,1,30,38.0,6.134973258615654,1.5,0.5,-0.010528743267059326,0.0,1.0,100.0,-0.019999999552965164,0.5797160863876343
6975,650680,39,1463,1,OP3,FIXED_OPPONENT,train,SCRIPTED:OP3,1,3,1,2,78,0.5600000023841858,1,0,18,29.0,5.883579351963141,1.5,0.5,-0.010021001100540161,0.0,1.0,100.0,0.0,0.5826653242111206
6976,650768,39,1474,0,OP3,FIXED_OPPONENT,train,SCRIPTED:OP3,1,3,2,1,89,0.5199999809265137,1,0,17,31.0,6.636425918407655,1.5,0.5,0.008711397647857666,0.0,1.0,100.0,-0.019999999552965164,0.5799431800842285
218,22368,1,748,3,OP3,FIXED_OPPONENT,train,SCRIPTED:OP3,1,3,1,2,80,0.5600000023841858,0,1,21,26.0,5.509165954589844,1.5,0.5,-0.009333819150924683,0.0,1.0,100.0,-0.019999999552965164,0.5797302722930908
219,22368,1,748,1,OP3,FIXED_OPPONENT,train,SCRIPTED:OP3,1,3,2,1,108,0.5199999809265137,1,0,15,35.0,5.885325113932292,1.5,0.5,-0.006944432854652405,0.0,1.0,100.0,-0.019999999552965164,0.5797584056854248
220,22400,1,752,3,OP3,FIXED_OPPONENT,train,SCRIPTED:OP3,1,3,1,2,98,0.5600000023841858,1,0,21,40.0,5.886027433434311,1.5,0.5,-0.02487899363040924,0.014999999664723873,1.0,100.0,-0.019999999552965164,0.5797238349914551
6977,650960,39,1498,3,OP3,FIXED_OPPONENT,train,SCRIPTED:OP3,1,3,2,1,121,0.6399999856948853,0,1,35,31.0,5.497666035801911,1.5,0.5,0.008757442235946655,0.0,1.0,100.0,0.0,0.5828857421875
221,22480,1,762,3,OP3,FIXED_OPPONENT,train,SCRIPTED:OP3,1,3,2,1,96,0.47999998927116394,0,1,30,31.0,5.417643864949544,1.5,0.5,0.008432582020759583,0.0,1.0,100.0,0.0,0.5828819274902344
222,22488,1,763,2,OP3,FIXED_OPPONENT,train,SCRIPTED:OP3,1,3,2,1,111,0.5600000023841858,1,0,20,31.0,5.924776094453829,1.5,0.5,-0.009715437889099121,0.0,1.0,100.0,0.0,0.5826688408851624
6978,651056,39,1510,1,OP3,FIXED_OPPONENT,train,SCRIPTED:OP3,1,3,1,2,101,0.5999999642372131,1,0,19,29.0,5.879818755801361,1.5,0.5,-0.01016409695148468,0.014999999664723873,1.0,100.0,0.0,0.5828397274017334
6979,651152,39,1522,2,OP3,FIXED_OPPONENT,train,SCRIPTED:OP3,1,3,1,2,76,0.5999999642372131,1,0,18,30.0,6.027742084703948,1.5,0.5,0.0025000274181365967,0.0,1.0,100.0,0.0,0.5828123092651367
6980,651184,39,1526,2,OP3,FIXED_OPPONENT,train,SCRIPTED:OP3,1,3,2,1,84,0.5600000023841858,1,0,20,30.0,6.021123976934524,1.5,0.5,-0.010039538145065308,0.0,1.0,100.0,0.0,0.5826650857925415
6981,651192,39,1527,3,OP3,FIXED_OPPONENT,train,SCRIPTED:OP3,1,3,2,1,85,0.47999998927116394,1,0,13,29.0,6.151059139476103,1.5,0.5,0.005481719970703125,0.0,1.0,100.0,0.0,0.5828472375869751
6982,651192,39,1527,1,OP3,FIXED_OPPONENT,train,SCRIPTED:OP3,1,3,2,1,87,0.5199999809265137,1,0,21,31.0,6.237503928699713,1.5,0.5,-0.010296717286109924,0.0,1.0,100.0,-0.019999999552965164,0.579718828201294
223,22712,1,791,1,OP3,FIXED_OPPONENT,train,SCRIPTED:OP3,1,3,2,1,109,0.47999998927116394,1,0,35,29.0,5.2481588661123855,1.5,0.5,-0.009083792567253113,0.0,1.0,100.0,0.0,0.5826762318611145
224,22728,1,793,3,OP3,FIXED_OPPONENT,train,SCRIPTED:OP3,1,3,2,1,84,0.47999998927116394,1,0,29,29.0,4.893218994140625,1.5,0.5,-0.01031126081943512,0.0,1.0,100.0,0.0,0.5826618671417236
225,22832,1,806,0,OP3,FIXED_OPPONENT,train,SCRIPTED:OP3,0,2,3,-1,107,0.6800000071525574,1,0,26,35.0,5.60424234265479,-1.2000000476837158,-0.5,0.01605309545993805,0.019999999552965164,-1.0,-100.0,-0.019999999552965164,-0.5397505760192871
6983,651384,39,1551,1,OP3,FIXED_OPPONENT,train,SCRIPTED:OP3,1,3,2,1,88,0.47999998927116394,1,0,14,30.0,5.884271795099432,1.5,0.5,0.0034675300121307373,0.0,1.0,100.0,0.0,0.5828236937522888
6984,651568,39,1574,3,OP3,FIXED_OPPONENT,train,SCRIPTED:OP3,1,3,2,1,100,0.47999998927116394,1,0,14,39.0,6.379650268554688,1.5,0.5,-0.03721091151237488,0.029999999329447746,1.0,100.0,0.0,0.5826982855796814
226,23064,1,835,3,OP3,FIXED_OPPONENT,train,SCRIPTED:OP3,1,3,1,2,87,0.5999999642372131,1,0,15,32.0,5.92547467111171,1.5,0.5,-0.010210812091827393,0.0,1.0,100.0,-0.019999999552965164,0.5797199010848999
227,23072,1,836,0,OP3,FIXED_OPPONENT,train,SCRIPTED:OP3,1,3,2,1,88,0.5199999809265137,0,2,21,33.0,5.318127372048118,1.5,0.5,-0.014517366886138916,0.0,1.0,100.0,-0.019999999552965164,0.5796691179275513
228,23136,1,844,1,OP3,FIXED_OPPONENT,train,SCRIPTED:OP3,1,3,2,1,92,0.6399999856948853,1,0,14,31.0,5.796405294667119,1.5,0.0,-0.007019609212875366,0.0,0.0,0.0,0.0,0.32140079140663147
6985,651688,39,1589,3,OP3,FIXED_OPPONENT,train,SCRIPTED:OP3,1,3,1,2,91,0.7199999690055847,1,0,13,39.0,5.934570983216003,1.5,0.5,-0.009150430560112,0.0,1.0,100.0,0.0,0.5826754570007324
229,23200,1,852,1,OP3,FIXED_OPPONENT,train,SCRIPTED:OP3,1,3,1,2,89,0.47999998927116394,1,0,27,26.0,5.607622468069698,1.5,0.5,-0.030974164605140686,0.014999999664723873,1.0,100.0,-0.019999999552965164,0.5796518921852112
6986,651752,39,1597,2,OP3,FIXED_OPPONENT,train,SCRIPTED:OP3,1,3,1,2,75,0.5199999809265137,1,0,32,29.0,5.486897786458333,1.5,0.5,-0.008365616202354431,0.0,1.0,100.0,0.0,0.5826847553253174
6987,651792,39,1602,0,OP3,FIXED_OPPONENT,train,SCRIPTED:OP3,1,3,2,1,92,0.4399999976158142,1,0,16,32.0,6.232137928838315,1.5,0.5,-0.005359083414077759,0.0,1.0,100.0,0.0,0.5827200412750244
6988,651856,39,1610,3,OP3,FIXED_OPPONENT,train,SCRIPTED:OP3,1,3,1,2,84,0.5999999642372131,1,0,10,33.0,6.232635498046875,1.5,0.5,0.008558094501495361,0.0,1.0,100.0,0.0,0.5828834176063538
230,23320,1,867,3,OP3,FIXED_OPPONENT,train,SCRIPTED:OP3,1,3,1,2,105,0.47999998927116394,1,0,40,52.0,4.781020682198661,1.5,0.5,-0.008756935596466064,0.0,1.0,100.0,-0.019999999552965164,0.5797370672225952
6989,651928,39,1619,0,OP3,FIXED_OPPONENT,train,SCRIPTED:OP3,1,3,1,2,92,0.5199999809265137,1,0,14,39.0,6.868675563646399,1.5,0.0,0.007263541221618652,0.0,0.0,0.0,0.0,0.3216284513473511
231,23392,1,876,0,OP3,FIXED_OPPONENT,train,SCRIPTED:OP3,1,3,2,1,85,0.5999999642372131,1,0,17,29.0,5.416085276884191,1.5,0.5,-0.00787980854511261,0.0,1.0,100.0,-0.019999999552965164,0.5797474384307861
6990,651984,39,1626,1,OP3,FIXED_OPPONENT,train,SCRIPTED:OP3,1,3,2,1,99,0.6800000071525574,1,0,15,30.0,6.465952863596907,1.5,0.5,-0.00990237295627594,0.0,1.0,100.0,0.0,0.5826666951179504
6991,652112,39,1642,2,OP3,FIXED_OPPONENT,train,SCRIPTED:OP3,1,3,1,2,91,0.5999999642372131,1,0,15,28.0,6.367488651485234,1.5,0.5,0.0020281821489334106,0.014999999664723873,1.0,100.0,-0.019999999552965164,0.5800412893295288
232,23584,1,900,2,OP3,FIXED_OPPONENT,train,SCRIPTED:OP3,1,3,2,1,107,0.47999998927116394,1,0,36,28.0,5.378970707688376,1.5,0.5,-0.010307744145393372,0.0,1.0,100.0,0.0,0.5826619863510132
233,23760,1,922,1,OP3,FIXED_OPPONENT,train,SCRIPTED:OP3,0,2,3,-1,116,0.6800000071525574,1,0,21,39.0,5.308965748754041,-1.2000000476837158,-0.5,0.0071862488985061646,0.019999999552965164,-1.0,-100.0,0.0,-0.5367056131362915
6992,652320,39,1668,0,OP3,FIXED_OPPONENT,train,SCRIPTED:OP3,1,3,1,2,94,0.5999999642372131,1,0,24,30.0,6.173116481050532,1.5,0.5,0.00614561140537262,0.0,1.0,100.0,0.0,0.5828551054000854
234,23832,1,931,3,OP3,FIXED_OPPONENT,train,SCRIPTED:OP3,1,3,2,1,87,0.4399999976158142,1,0,24,31.0,5.587857651984555,1.5,0.5,-0.005598843097686768,0.0,1.0,100.0,0.0,0.5827171802520752
235,23904,1,940,2,OP3,FIXED_OPPONENT,train,SCRIPTED:OP3,0,1,3,-2,105,0.5600000023841858,1,0,27,32.0,6.094216773623512,-1.2000000476837158,-0.5,-0.0034074634313583374,0.0,-1.0,-100.0,-0.019999999552965164,-0.5402474403381348
6993,652440,39,1683,2,OP3,FIXED_OPPONENT,train,SCRIPTED:OP3,1,3,2,1,86,0.47999998927116394,1,0,16,25.0,5.478989357172057,1.5,0.5,-0.0016216039657592773,0.0,1.0,100.0,0.0,0.5827639102935791
6994,652456,39,1685,2,OP3,FIXED_OPPONENT,train,SCRIPTED:OP3,1,3,1,2,83,0.5999999642372131,1,0,24,35.0,6.188229480421687,1.5,0.5,-0.010214060544967651,0.0,1.0,100.0,-0.019999999552965164,0.5797197818756104
236,23952,1,946,1,OP3,FIXED_OPPONENT,train,SCRIPTED:OP3,0,2,3,-1,110,0.5199999809265137,1,0,22,30.0,5.4917225230823865,-1.2000000476837158,-0.5,0.017065182328224182,0.019999999552965164,-1.0,-100.0,0.0,-0.5365806221961975
6995,652480,39,1688,3,OP3,FIXED_OPPONENT,train,SCRIPTED:OP3,1,3,1,2,99,0.5600000023841858,1,0,19,32.0,6.0425026633522725,1.5,0.5,-0.0008472949266433716,0.02499999850988388,1.0,100.0,-0.019999999552965164,0.5801253318786621
237,23968,1,948,0,OP3,FIXED_OPPONENT,train,SCRIPTED:OP3,0,2,3,-1,96,0.5199999809265137,1,0,13,31.0,6.281014760335286,-1.2000000476837158,-0.5,0.0065198540687561035,0.019999999552965164,-1.0,-100.0,0.0,-0.5367140769958496
6996,652600,39,1703,3,OP3,FIXED_OPPONENT,train,SCRIPTED:OP3,1,3,0,3,84,0.5600000023841858,1,0,20,33.0,5.564493451799665,1.5,0.5,0.0046154409646987915,0.0,1.0,100.0,0.0,0.5828371644020081
6997,652600,39,1703,2,OP3,FIXED_OPPONENT,train,SCRIPTED:OP3,1,3,1,2,77,0.4399999976158142,1,0,21,29.0,5.4819098138189934,1.5,0.5,0.00570814311504364,0.0,1.0,100.0,-0.019999999552965164,0.5799077749252319
238,24168,1,973,2,OP3,FIXED_OPPONENT,train,SCRIPTED:OP3,1,3,2,1,97,0.5600000023841858,1,0,34,34.0,5.661553137081185,1.5,0.5,-0.007863610982894897,0.0,1.0,100.0,0.0,0.5826906561851501
6998,652744,39,1721,2,OP3,FIXED_OPPONENT,train,SCRIPTED:OP3,1,3,1,2,79,0.5600000023841858,1,0,26,28.0,5.387381251854233,1.5,0.5,-0.00474683940410614,0.0,1.0,100.0,0.0,0.5827271938323975
239,24280,1,987,1,OP3,FIXED_OPPONENT,train,SCRIPTED:OP3,1,3,2,1,120,0.5600000023841858,1,0,31,29.0,6.012422180175781,1.5,0.5,-0.037602901458740234,0.029999999329447746,1.0,100.0,0.0,0.5826936960220337
240,24296,1,989,0,OP3,FIXED_OPPONENT,train,SCRIPTED:OP3,1,3,0,3,89,0.5600000023841858,0,1,50,29.0,4.702652148986131,1.5,0.5,0.00881698727607727,0.0,1.0,100.0,0.0,0.5828864574432373
6999,652848,39,1734,2,OP3,FIXED_OPPONENT,train,SCRIPTED:OP3,0,3,3,0,124,0.47999998927116394,1,0,14,35.0,6.4913758308656755,-0.699999988079071,0.0,-0.008501842617988586,0.0,0.0,0.0,-0.019999999552965164,-0.15879584848880768
7000,653048,39,1759,3,OP3,FIXED_OPPONENT,train,SCRIPTED:OP3,1,3,2,1,91,0.5199999809265137,1,0,10,30.0,6.309815123841003,1.5,0.5,-0.006938666105270386,0.0,1.0,100.0,-0.019999999552965164,0.5797585248947144
7001,653064,39,1761,2,OP3,FIXED_OPPONENT,train,SCRIPTED:OP3,1,3,2,1,76,0.5999999642372131,1,0,11,29.0,6.140947040758635,1.5,0.5,0.008214235305786133,0.0,1.0,100.0,0.0,0.582879364490509
7002,653096,39,1765,3,OP3,FIXED_OPPONENT,train,SCRIPTED:OP3,1,3,1,2,82,0.5600000023841858,1,0,34,30.0,5.722199974990472,1.5,0.5,-0.0055769383907318115,0.0,1.0,100.0,-0.019999999552965164,0.5797744989395142
241,24600,1,1027,3,OP3,FIXED_OPPONENT,train,SCRIPTED:OP3,1,3,1,2,105,0.5600000023841858,1,0,39,28.0,5.154142833891369,1.5,0.5,-0.017546266317367554,0.014999999664723873,1.0,100.0,0.0,0.58275306224823
7003,653240,39,1783,2,OP3,FIXED_OPPONENT,train,SCRIPTED:OP3,1,3,1,2,95,0.47999998927116394,1,0,24,29.0,6.308187063116776,1.5,0.5,-0.021740660071372986,0.014999999664723873,1.0,100.0,-0.019999999552965164,0.5797608494758606
7004,653296,39,1790,2,OP3,FIXED_OPPONENT,train,SCRIPTED:OP3,1,3,2,1,87,0.7199999690055847,1,0,8,34.0,6.085162984913793,1.5,0.5,-0.009968116879463196,0.0,1.0,100.0,0.0,0.5826659202575684
242,24784,1,1050,1,OP3,FIXED_OPPONENT,train,SCRIPTED:OP3,1,3,2,1,110,0.5999999642372131,1,0,16,37.0,6.585918079723012,1.5,0.5,-0.010277166962623596,0.0,1.0,100.0,0.0,0.5826622843742371
243,24792,1,1051,2,OP3,FIXED_OPPONENT,train,SCRIPTED:OP3,0,2,3,-1,120,0.6399999856948853,1,0,36,38.0,5.139141337076823,-1.2000000476837158,-0.5,0.002410411834716797,0.019999999552965164,-1.0,-100.0,0.0,-0.5367661118507385
244,24800,1,1052,0,OP3,FIXED_OPPONENT,train,SCRIPTED:OP3,1,3,2,1,104,0.5999999642372131,1,0,30,37.0,5.124366173377404,1.5,0.5,-0.006665781140327454,0.0,1.0,100.0,0.0,0.5827046632766724
245,24936,1,1069,1,OP3,FIXED_OPPONENT,train,SCRIPTED:OP3,0,2,3,-1,123,0.5999999642372131,1,0,26,33.0,5.333245006034045,-1.2000000476837158,-0.5,-0.01178288459777832,0.0,-1.0,-100.0,0.0,-0.5371986627578735
7005,653464,39,1811,1,OP3,FIXED_OPPONENT,train,SCRIPTED:OP3,1,3,1,2,90,0.5999999642372131,1,0,28,33.0,5.700211588541666,1.5,0.5,0.007501378655433655,0.0,1.0,100.0,0.0,0.5828709602355957
246,24976,1,1074,0,OP3,FIXED_OPPONENT,train,SCRIPTED:OP3,1,3,2,1,85,0.4399999976158142,0,1,40,30.0,5.280864401424632,1.5,0.0,-0.010296657681465149,0.0,0.0,0.0,-0.019999999552965164,0.3173574209213257
7006,653504,39,1816,2,OP3,FIXED_OPPONENT,train,SCRIPTED:OP3,1,3,1,2,82,0.5999999642372131,1,0,23,30.0,5.894234261861661,1.5,0.5,-0.0037838220596313477,0.0,1.0,100.0,0.0,0.5827385187149048
7007,653576,39,1825,1,OP3,FIXED_OPPONENT,train,SCRIPTED:OP3,0,2,3,-1,122,0.6399999856948853,1,0,24,31.0,6.396350798059682,-1.2000000476837158,-0.5,0.016960784792900085,0.019999999552965164,-1.0,-100.0,0.0,-0.5365819334983826
247,25064,1,1085,0,OP3,FIXED_OPPONENT,train,SCRIPTED:OP3,0,2,3,-1,98,0.7199999690055847,1,0,25,30.0,5.894269047951211,-1.2000000476837158,0.0,0.006843581795692444,0.0,0.0,0.0,0.0,-0.260407030582428
248,25216,1,1104,1,OP3,FIXED_OPPONENT,train,SCRIPTED:OP3,1,3,1,2,131,0.5600000023841858,1,0,34,29.0,5.8700221403864505,1.5,0.5,-0.013133421540260315,0.02499999850988388,1.0,100.0,0.0,0.5829222202301025
7008,653744,39,1846,3,OP3,FIXED_OPPONENT,train,SCRIPTED:OP3,1,3,1,2,81,0.6800000071525574,1,0,16,29.0,5.697380536868248,1.5,0.5,-0.009862467646598816,0.0,1.0,100.0,-0.019999999552965164,0.5797240138053894
7009,653792,39,1852,2,OP3,FIXED_OPPONENT,train,SCRIPTED:OP3,1,3,2,1,93,0.6399999856948853,1,0,21,34.0,6.331459619665659,1.5,0.5,-0.034609124064445496,0.029999999329447746,1.0,100.0,-0.019999999552965164,0.5797860622406006
7010,653800,39,1853,2,OP3,FIXED_OPPONENT,train,SCRIPTED:OP3,1,3,2,1,92,0.5199999809265137,1,0,21,35.0,5.679010142450747,1.5,0.5,-0.00547441840171814,0.0,1.0,100.0,0.0,0.5827186703681946
7011,653888,39,1864,2,OP3,FIXED_OPPONENT,train,SCRIPTED:OP3,1,3,1,2,74,0.5199999809265137,1,0,14,29.0,6.146588299725507,1.5,0.5,-0.008233770728111267,0.0,1.0,100.0,0.0,0.5826863050460815
7012,653904,39,1866,0,OP3,FIXED_OPPONENT,train,SCRIPTED:OP3,1,3,1,2,83,0.5600000023841858,1,0,16,33.0,6.404448359845633,1.5,0.5,0.004864349961280823,0.0,1.0,100.0,0.0,0.5828400254249573
249,25432,1,1131,3,OP3,FIXED_OPPONENT,train,SCRIPTED:OP3,1,3,1,2,80,0.5600000023841858,1,0,24,31.0,6.370227813720703,1.5,0.5,0.000799521803855896,0.0,1.0,100.0,0.0,0.5827922821044922
250,25480,1,1137,2,OP3,FIXED_OPPONENT,train,SCRIPTED:OP3,0,2,3,-1,110,0.6800000071525574,1,0,30,37.0,5.5524830211292615,-1.2000000476837158,-0.5,0.007586121559143066,0.019999999552965164,-1.0,-100.0,0.0,-0.5367005467414856
251,25480,1,1137,1,OP3,FIXED_OPPONENT,train,SCRIPTED:OP3,1,3,2,1,85,0.47999998927116394,1,0,24,29.0,6.200736012178309,1.5,0.5,0.008689209818840027,0.0,1.0,100.0,0.0,0.5828850269317627
7013,654056,39,1885,0,OP3,FIXED_OPPONENT,train,SCRIPTED:OP3,1,3,0,3,69,0.5199999809265137,1,0,12,28.0,5.909594107365263,1.5,0.5,-0.02368423342704773,0.014999999664723873,1.0,100.0,0.0,0.5826810598373413
7014,654080,39,1888,1,OP3,FIXED_OPPONENT,train,SCRIPTED:OP3,1,3,2,1,77,0.6399999856948853,1,0,22,30.0,6.18946580762987,1.5,0.5,-0.010534733533859253,0.0,1.0,100.0,0.0,0.5826592445373535
252,25576,1,1149,3,OP3,FIXED_OPPONENT,train,SCRIPTED:OP3,1,3,2,1,99,0.5600000023841858,1,0,43,33.0,5.258708298808396,1.5,0.5,-0.010304629802703857,0.0,1.0,100.0,0.0,0.5826619863510132
253,25632,1,1156,3,OP3,FIXED_OPPONENT,train,SCRIPTED:OP3,1,3,1,2,87,0.5199999809265137,1,0,25,34.0,5.490303828798491,1.5,0.5,-0.011243000626564026,0.0,1.0,100.0,-0.019999999552965164,0.5797077417373657
7015,654224,39,1906,2,OP3,FIXED_OPPONENT,train,SCRIPTED:OP3,1,3,1,2,81,0.5600000023841858,1,0,19,30.0,5.177872269241898,1.5,0.5,-0.0032696276903152466,0.0,1.0,100.0,0.0,0.5827445983886719
254,25752,1,1171,3,OP3,FIXED_OPPONENT,train,SCRIPTED:OP3,1,3,2,1,97,0.5999999642372131,1,0,15,35.0,5.940280560365657,1.5,0.5,-0.009822890162467957,0.0,1.0,100.0,-0.019999999552965164,0.5797244310379028
7016,654400,39,1928,2,OP3,FIXED_OPPONENT,train,SCRIPTED:OP3,1,3,1,2,76,0.5199999809265137,1,0,17,28.0,6.123931884765625,1.5,0.5,-0.005305856466293335,0.0,1.0,100.0,0.0,0.5827206373214722
7017,654456,39,1935,1,OP3,FIXED_OPPONENT,train,SCRIPTED:OP3,1,3,1,2,89,0.5600000023841858,1,0,22,28.0,6.139288398656952,1.5,0.5,-0.02371285855770111,0.029999999329447746,1.0,100.0,-0.019999999552965164,0.5799145698547363
7018,654480,39,1938,2,OP3,FIXED_OPPONENT,train,SCRIPTED:OP3,1,3,2,1,85,0.5600000023841858,0,1,26,30.0,5.282091926125919,1.5,0.5,-0.0026685893535614014,0.0,1.0,100.0,0.0,0.5827515125274658
255,26024,1,1205,3,OP3,FIXED_OPPONENT,train,SCRIPTED:OP3,1,3,1,2,101,0.5199999809265137,1,0,22,37.0,6.315043534382736,1.5,0.5,-0.00366935133934021,0.014999999664723873,1.0,100.0,-0.019999999552965164,0.5799740552902222
256,26048,1,1208,1,OP3,FIXED_OPPONENT,train,SCRIPTED:OP3,1,3,2,1,123,0.47999998927116394,1,0,45,39.0,5.650340010480183,1.5,0.5,-0.03580985963344574,0.029999999329447746,1.0,100.0,0.0,0.5827146768569946
7019,654568,39,1949,2,OP3,FIXED_OPPONENT,train,SCRIPTED:OP3,1,3,2,1,85,0.47999998927116394,1,0,20,31.0,5.311474968405331,1.5,0.5,0.007208645343780518,0.0,1.0,100.0,-0.019999999552965164,0.5799254179000854
7020,654632,39,1957,1,OP3,FIXED_OPPONENT,train,SCRIPTED:OP3,1,3,1,2,91,0.5199999809265137,1,0,19,29.0,5.80864002940419,1.5,0.5,0.0070340633392333984,0.0,1.0,100.0,0.0,0.5828654766082764
257,26184,1,1225,0,OP3,FIXED_OPPONENT,train,SCRIPTED:OP3,1,3,2,1,88,0.47999998927116394,0,1,27,29.0,5.387155012650923,1.5,0.5,-0.007846757769584656,0.0,1.0,100.0,0.0,0.5826907753944397
258,26192,1,1226,1,OP3,FIXED_OPPONENT,train,SCRIPTED:OP3,1,3,1,2,95,0.47999998927116394,1,0,13,35.0,5.586301783511513,1.5,0.5,-0.026232987642288208,0.014999999664723873,1.0,100.0,0.0,0.5826510787010193
7021,654728,39,1969,2,OP3,FIXED_OPPONENT,train,SCRIPTED:OP3,1,3,1,2,81,0.5600000023841858,0,1,32,30.0,5.371073028187693,1.5,0.5,0.00860491394996643,0.0,1.0,100.0,0.0,0.5828839540481567
7022,654736,39,1970,0,OP3,FIXED_OPPONENT,train,SCRIPTED:OP3,1,3,2,1,85,0.47999998927116394,1,0,18,27.0,5.098419907513787,1.5,0.5,-0.0010517537593841553,0.0,1.0,100.0,0.0,0.582770586013794
259,26328,1,1243,3,OP3,FIXED_OPPONENT,train,SCRIPTED:OP3,1,3,1,2,94,0.4399999976158142,1,0,16,37.0,5.638431630236037,1.5,0.5,-0.01763792335987091,0.014999999664723873,1.0,100.0,-0.019999999552965164,0.579809308052063
260,26352,1,1246,3,OP3,FIXED_OPPONENT,train,SCRIPTED:OP3,0,2,3,-1,109,0.5600000023841858,1,0,28,34.0,5.569785021860665,-1.2000000476837158,-0.5,0.02138286828994751,0.019999999552965164,-1.0,-100.0,-0.019999999552965164,-0.5396833419799805
7023,654856,39,1985,2,OP3,FIXED_OPPONENT,train,SCRIPTED:OP3,1,3,2,1,79,0.5999999642372131,1,0,10,28.0,6.586946511570411,1.5,0.5,-0.009627938270568848,0.0,1.0,100.0,0.0,0.5826699733734131
261,26504,1,1265,1,OP3,FIXED_OPPONENT,train,SCRIPTED:OP3,1,3,1,2,109,0.5999999642372131,0,1,21,35.0,5.662692848695528,1.5,0.5,0.003511667251586914,0.014999999664723873,1.0,100.0,0.0,0.5830001831054688
7024,655016,39,2005,1,OP3,FIXED_OPPONENT,train,SCRIPTED:OP3,1,3,1,2,77,0.5199999809265137,1,0,20,28.0,5.159683425705154,1.5,0.5,0.007041037082672119,0.0,1.0,100.0,0.0,0.5828655958175659
262,26528,1,1268,1,OP3,FIXED_OPPONENT,train,SCRIPTED:OP3,0,2,3,-1,97,0.5600000023841858,1,0,12,33.0,6.169706049653673,-1.2000000476837158,-0.5,-0.0044919997453689575,0.0,-1.0,-100.0,0.0,-0.5371063947677612
7025,655184,39,2026,1,OP3,FIXED_OPPONENT,train,SCRIPTED:OP3,1,3,1,2,91,0.5600000023841858,0,1,32,30.0,5.688505403288118,1.5,0.5,0.006351158022880554,0.0,1.0,100.0,0.0,0.5828574895858765
7026,655216,39,2030,0,OP3,FIXED_OPPONENT,train,SCRIPTED:OP3,1,3,1,2,92,0.5999999642372131,1,0,19,32.0,6.350972051205843,1.5,0.5,-0.023431047797203064,0.014999999664723873,1.0,100.0,-0.019999999552965164,0.5797409415245056
263,26792,1,1301,3,OP3,FIXED_OPPONENT,train,SCRIPTED:OP3,1,3,2,1,93,0.5999999642372131,0,1,31,31.0,5.051737467447917,1.5,0.5,-0.008966296911239624,0.0,1.0,100.0,0.0,0.5826776623725891
7027,655280,39,2038,2,OP3,FIXED_OPPONENT,train,SCRIPTED:OP3,1,3,2,1,89,0.5600000023841858,1,0,11,28.0,5.810646314299508,1.5,0.5,-0.006311237812042236,0.0,1.0,100.0,-0.019999999552965164,0.5797659158706665
7028,655296,39,2040,1,OP3,FIXED_OPPONENT,train,SCRIPTED:OP3,1,3,1,2,70,0.5600000023841858,1,0,17,29.0,5.621609497070312,1.5,0.5,0.003909677267074585,0.0,1.0,100.0,0.0,0.5828288197517395
264,26840,1,1307,3,OP3,FIXED_OPPONENT,train,SCRIPTED:OP3,1,3,1,2,81,0.47999998927116394,1,0,17,31.0,5.705223554446373,1.5,0.5,-0.02503874897956848,0.029999999329447746,1.0,100.0,0.0,0.582841157913208
7029,655336,39,2045,2,OP3,FIXED_OPPONENT,train,SCRIPTED:OP3,1,3,1,2,88,0.4399999976158142,1,0,16,26.0,6.049240805886009,1.5,0.5,-0.0291815847158432,0.029999999329447746,1.0,100.0,-0.019999999552965164,0.5798500776290894
7030,655352,39,2047,3,OP3,FIXED_OPPONENT,train,SCRIPTED:OP3,1,3,1,2,78,0.4399999976158142,1,0,30,27.0,4.846582266000601,1.5,0.5,-0.010263785719871521,0.0,1.0,100.0,0.0,0.5826624035835266
265,26896,1,1314,0,OP3,FIXED_OPPONENT,train,SCRIPTED:OP3,1,3,2,1,109,0.6399999856948853,1,0,27,33.0,6.448624637148796,1.5,0.5,-0.008867204189300537,0.0,1.0,100.0,0.0,0.5826787948608398
266,26960,1,1322,0,OP3,FIXED_OPPONENT,train,SCRIPTED:OP3,1,3,0,3,97,0.47999998927116394,1,0,28,27.0,4.074088499718106,1.5,0.5,-0.010410234332084656,0.0,1.0,100.0,0.0,0.5826606750488281
267,27224,1,1355,3,OP3,FIXED_OPPONENT,train,SCRIPTED:OP3,1,3,1,2,109,0.4399999976158142,1,0,39,35.0,4.990826807984519,1.5,0.5,-0.010168120265007019,0.0,1.0,100.0,0.0,0.5826635360717773
268,27256,1,1359,3,OP3,FIXED_OPPONENT,train,SCRIPTED:OP3,1,3,2,1,116,0.7199999690055847,1,0,22,29.0,5.616915998787715,1.5,0.5,-0.008941948413848877,0.0,1.0,100.0,0.0,0.582677960395813
269,27440,1,1382,3,OP3,FIXED_OPPONENT,train,SCRIPTED:OP3,1,3,2,1,114,0.6399999856948853,0,1,40,31.0,5.476321571751645,1.5,0.5,-0.010345891118049622,0.0,1.0,100.0,-0.019999999552965164,0.5797182321548462
270,27504,1,1390,3,OP3,FIXED_OPPONENT,train,SCRIPTED:OP3,1,3,1,2,83,0.5600000023841858,1,0,31,36.0,6.119244678910956,1.5,0.0,-0.009063735604286194,0.0,0.0,0.0,-0.019999999552965164,0.31737712025642395
271,27560,1,1397,1,OP3,FIXED_OPPONENT,train,SCRIPTED:OP3,1,3,2,1,96,0.5600000023841858,1,0,13,28.0,5.435259501139323,1.5,0.5,-0.008450686931610107,0.0,1.0,100.0,0.0,0.5826836824417114
272,27584,1,1400,3,OP3,FIXED_OPPONENT,train,SCRIPTED:OP3,1,3,2,1,135,0.7599999904632568,0,1,38,29.0,5.332627586082176,1.5,0.5,-0.010561361908912659,0.0,1.0,100.0,0.0,0.5826590061187744
273,27768,1,1423,3,OP3,FIXED_OPPONENT,train,SCRIPTED:OP3,0,2,3,-1,101,0.5600000023841858,1,0,27,35.0,6.25596029451578,-1.2000000476837158,-0.5,0.008457913994789124,0.0,-1.0,-100.0,-0.019999999552965164,-0.5400981307029724
274,27824,1,1430,0,OP3,FIXED_OPPONENT,train,SCRIPTED:OP3,1,3,2,1,116,0.5999999642372131,1,0,11,39.0,6.416649127828664,1.5,0.5,-0.029583126306533813,0.014999999664723873,1.0,100.0,-0.019999999552965164,0.5796682238578796
275,27856,1,1434,0,OP3,FIXED_OPPONENT,train,SCRIPTED:OP3,1,3,2,1,79,0.4399999976158142,1,0,24,31.0,4.990176430231409,1.5,0.5,-0.008164525032043457,0.0,1.0,100.0,0.0,0.5826870203018188
276,28192,1,1476,2,OP3,FIXED_OPPONENT,train,SCRIPTED:OP3,1,3,2,1,94,0.5600000023841858,1,0,24,26.0,4.6775220505734705,1.5,0.5,-0.008623600006103516,0.0,1.0,100.0,0.0,0.5826816558837891
277,28216,1,1479,2,OP3,FIXED_OPPONENT,train,SCRIPTED:OP3,1,3,0,3,120,0.35999998450279236,1,0,40,32.0,5.665804545084636,1.5,0.5,-0.03609244525432587,0.029999999329447746,1.0,100.0,0.0,0.5827114582061768
278,28272,1,1486,2,OP3,FIXED_OPPONENT,train,SCRIPTED:OP3,1,3,2,1,89,0.5199999809265137,1,0,20,28.0,4.948642687851123,1.5,0.5,-0.0021419674158096313,0.0,1.0,100.0,0.0,0.582757830619812
279,28376,1,1499,3,OP3,FIXED_OPPONENT,train,SCRIPTED:OP3,1,3,2,1,99,0.6399999856948853,1,0,27,25.0,4.894983773279672,1.5,0.5,-0.009754657745361328,0.0,1.0,100.0,0.0,0.5826684236526489
280,28440,1,1507,3,OP3,FIXED_OPPONENT,train,SCRIPTED:OP3,0,2,3,-1,117,0.5600000023841858,1,0,33,48.0,5.165750617654915,-1.2000000476837158,-0.5,0.016587719321250916,0.019999999552965164,-1.0,-100.0,-0.019999999552965164,-0.5397437810897827
281,28456,1,1509,3,OP3,FIXED_OPPONENT,train,SCRIPTED:OP3,1,3,1,2,79,0.47999998927116394,1,0,22,29.0,5.520610181591179,1.5,0.5,-0.009013444185256958,0.0,1.0,100.0,0.0,0.5826771259307861
282,28512,1,1516,1,OP3,FIXED_OPPONENT,train,SCRIPTED:OP3,1,3,1,2,93,0.4399999976158142,1,0,29,29.0,5.190040178196405,1.5,0.5,-0.007119104266166687,0.0,1.0,100.0,0.0,0.5826992988586426
283,28560,1,1522,1,OP3,FIXED_OPPONENT,train,SCRIPTED:OP3,1,3,1,2,88,0.4399999976158142,1,0,34,27.0,5.007775046608665,1.5,0.5,-0.004176110029220581,0.0,1.0,100.0,0.0,0.5827338695526123
284,28928,1,1568,1,OP3,FIXED_OPPONENT,train,SCRIPTED:OP3,1,3,1,2,89,0.5199999809265137,0,1,28,33.0,6.035929133383076,1.5,0.5,-0.006057456135749817,0.0,1.0,100.0,0.0,0.5827118754386902
285,28936,1,1569,2,OP3,FIXED_OPPONENT,train,SCRIPTED:OP3,1,3,1,2,93,0.5600000023841858,1,0,30,38.0,5.238779047484039,1.5,0.5,-0.019384264945983887,0.029999999329447746,1.0,100.0,0.0,0.5829075574874878
286,29008,1,1578,1,OP3,FIXED_OPPONENT,train,SCRIPTED:OP3,1,3,2,1,92,0.6399999856948853,1,0,48,34.0,5.402199786642323,1.5,0.5,-0.010196015238761902,0.0,1.0,100.0,0.0,0.5826632380485535
287,29176,1,1599,1,OP3,FIXED_OPPONENT,train,SCRIPTED:OP3,1,3,2,1,100,0.5600000023841858,1,0,28,36.0,5.931113891601562,1.5,0.5,-0.008619114756584167,0.0,1.0,100.0,0.0,0.5826817154884338
288,29216,1,1604,3,OP3,FIXED_OPPONENT,train,SCRIPTED:OP3,1,3,1,2,82,0.5600000023841858,1,0,17,34.0,5.884267295279154,1.5,0.5,-0.02325071394443512,0.014999999664723873,1.0,100.0,0.0,0.5826860666275024
289,29304,1,1615,3,OP3,FIXED_OPPONENT,train,SCRIPTED:OP3,1,3,2,1,108,0.6800000071525574,0,1,18,38.0,5.641140407986111,1.5,0.5,-0.00946517288684845,0.0,1.0,100.0,-0.019999999552965164,0.5797286629676819
290,29352,1,1621,2,OP3,FIXED_OPPONENT,train,SCRIPTED:OP3,1,3,2,1,112,0.5600000023841858,1,0,21,32.0,5.545058114188058,1.5,0.5,-0.03256678581237793,0.029999999329447746,1.0,100.0,0.0,0.5827528238296509
291,29424,1,1630,0,OP3,FIXED_OPPONENT,train,SCRIPTED:OP3,1,3,2,1,114,0.6800000071525574,0,1,28,33.0,6.069431773403235,1.5,0.5,-0.007754668593406677,0.0,1.0,100.0,0.0,0.5826919078826904
292,29736,1,1669,1,OP3,FIXED_OPPONENT,train,SCRIPTED:OP3,1,3,1,2,101,0.5199999809265137,1,0,43,33.0,5.1275574334777225,1.5,0.5,-0.009732216596603394,0.0,1.0,100.0,0.0,0.582668662071228
293,29784,1,1675,0,OP3,FIXED_OPPONENT,train,SCRIPTED:OP3,1,3,2,1,97,0.5999999642372131,0,1,29,37.0,5.888347822366302,1.5,0.5,0.007537722587585449,0.0,1.0,100.0,-0.019999999552965164,0.5799293518066406
294,30040,1,1707,3,OP3,FIXED_OPPONENT,train,SCRIPTED:OP3,0,2,3,-1,103,0.5999999642372131,1,0,23,34.0,6.327551980620449,-1.2000000476837158,0.0,0.016931623220443726,0.019999999552965164,0.0,0.0,-0.019999999552965164,-0.2640477418899536
295,30064,1,1710,1,OP3,FIXED_OPPONENT,train,SCRIPTED:OP3,1,3,2,1,89,0.3999999761581421,1,0,29,28.0,5.056052904450492,1.5,0.5,-0.005402028560638428,0.0,1.0,100.0,0.0,0.5827195644378662
296,30072,1,1711,3,OP3,FIXED_OPPONENT,train,SCRIPTED:OP3,1,3,2,1,142,0.7999999523162842,0,1,54,43.0,5.322567362180898,1.5,0.5,-0.009188085794448853,0.0,1.0,100.0,0.0,0.5826750993728638
297,30112,1,1716,0,OP3,FIXED_OPPONENT,train,SCRIPTED:OP3,0,2,3,-1,117,0.5199999809265137,1,0,40,33.0,4.954655052250267,-1.2000000476837158,-0.5,0.014188259840011597,0.0,-1.0,-100.0,0.0,-0.5368701219558716
298,30120,1,1717,0,OP3,FIXED_OPPONENT,train,SCRIPTED:OP3,1,3,2,1,102,0.5999999642372131,1,0,23,35.0,5.728903377757353,1.5,0.5,-0.008875295519828796,0.0,1.0,100.0,0.0,0.5826787352561951
299,30304,1,1740,2,OP3,FIXED_OPPONENT,train,SCRIPTED:OP3,1,3,2,1,110,0.5999999642372131,0,1,47,32.0,5.122890403053978,1.5,0.4000000059604645,0.004324913024902344,0.04999999701976776,1.0,100.0,0.0,0.5685720443725586
300,30424,1,1755,2,OP3,FIXED_OPPONENT,train,SCRIPTED:OP3,1,3,1,2,86,0.4399999976158142,1,0,28,31.0,5.134657039198765,1.5,0.5,-0.009005188941955566,0.0,1.0,100.0,0.0,0.5826772451400757
301,30664,1,1785,2,OP3,FIXED_OPPONENT,train,SCRIPTED:OP3,0,2,3,-1,110,0.6800000071525574,1,0,23,37.0,5.8201377175071025,-1.2000000476837158,-0.5,0.0176534503698349,0.0,-1.0,-100.0,0.0,-0.5368263125419617
302,30712,1,1791,0,OP3,FIXED_OPPONENT,train,SCRIPTED:OP3,1,3,1,2,80,0.47999998927116394,1,0,24,28.0,5.529538345336914,1.5,0.5,-0.002360805869102478,0.0,1.0,100.0,0.0,0.5827552080154419
303,30744,1,1795,3,OP3,FIXED_OPPONENT,train,SCRIPTED:OP3,1,3,2,1,78,0.6399999856948853,1,0,12,32.0,5.764907445663061,1.5,1.0,-0.009222105145454407,0.0,2.0,200.0,0.0,0.7615252733230591
304,30848,1,1808,2,OP3,FIXED_OPPONENT,train,SCRIPTED:OP3,1,3,1,2,98,0.5199999809265137,0,1,49,29.0,4.891645781847895,1.5,0.5,-0.010216847062110901,0.0,1.0,100.0,-0.019999999552965164,0.5797197818756104
305,30864,1,1810,0,OP3,FIXED_OPPONENT,train,SCRIPTED:OP3,1,3,1,2,94,0.5199999809265137,1,0,24,29.0,5.625579833984375,1.5,0.5,-0.008949562907218933,0.0,1.0,100.0,-0.019999999552965164,0.5797348022460938
306,31000,1,1827,1,OP3,FIXED_OPPONENT,train,SCRIPTED:OP3,1,3,2,1,120,0.5199999809265137,1,0,63,27.0,4.803836568196615,1.5,0.5,-0.03137513995170593,0.029999999329447746,1.0,100.0,-0.019999999552965164,0.5798242092132568
307,31024,1,1830,1,OP3,FIXED_OPPONENT,train,SCRIPTED:OP3,1,3,2,1,90,0.5199999809265137,1,0,24,30.0,5.167694091796875,1.5,0.5,-0.01026923954486847,0.0,1.0,100.0,0.0,0.5826623439788818
