episode_id,timesteps,policy_update,rollout_step,latent_z,curriculum_phase,mode,map_set,opponent,success,blue_score,red_score,win_margin,decision_steps,zone_coverage,collision_free_episode,collision_events_per_episode,near_misses_per_episode,time_to_first_score,mean_inter_robot_dist,reward_terminal,reward_offense,reward_pbrs,reward_team,reward_sparse,reward_sparse_points,reward_failure,reward_total
1,184,0,23,1,OP3,FIXED_OPPONENT,train,SCRIPTED:OP3,1,3,0,3,23,0.3199999928474426,1,0,4,16.0,7.345264600670856,1.5,0.5,-0.009588882327079773,0.0,1.0,100.0,0.0,0.5826703310012817
2,208,0,26,1,OP3,FIXED_OPPONENT,train,SCRIPTED:OP3,1,3,0,3,26,0.23999999463558197,1,0,3,21.0,7.8698554405799275,1.5,0.5,0.001336127519607544,0.03999999910593033,1.0,100.0,0.0,0.5832680463790894
3,208,0,26,2,OP3,FIXED_OPPONENT,train,SCRIPTED:OP3,1,3,0,3,26,0.47999998927116394,1,0,9,19.0,6.228043189415565,1.5,0.5,0.00012576580047607422,0.02499999850988388,1.0,100.0,0.0,0.5830779075622559
4,216,0,27,0,OP3,FIXED_OPPONENT,train,SCRIPTED:OP3,1,3,0,3,27,0.4399999976158142,1,0,5,22.0,8.388837461118344,1.5,0.5,-0.0023336261510849,0.02499999850988388,1.0,100.0,0.0,0.5830489993095398
5,224,0,28,2,OP3,FIXED_OPPONENT,train,SCRIPTED:OP3,1,3,0,3,28,0.35999998450279236,1,0,9,21.0,6.287561144147601,1.5,0.5,-0.021711647510528564,0.014999999664723873,1.0,100.0,-0.03999999910593033,0.5768029689788818
6,232,0,29,3,OP3,FIXED_OPPONENT,train,SCRIPTED:OP3,1,3,0,3,29,0.3999999761581421,1,0,9,21.0,7.596189827754579,1.5,0.5,-0.0049592554569244385,0.02499999850988388,1.0,100.0,-0.019999999552965164,0.5800768136978149
7,240,0,30,1,OP3,FIXED_OPPONENT,train,SCRIPTED:OP3,1,3,1,2,30,0.2800000011920929,1,0,14,25.0,6.027194213867188,1.5,0.5,-0.015277162194252014,0.029999999329447746,1.0,100.0,0.0,0.5829557180404663
8,256,0,32,3,OP3,FIXED_OPPONENT,train,SCRIPTED:OP3,1,3,0,3,32,0.2800000011920929,1,0,11,25.0,7.601248741149902,1.5,0.5,-0.0289200097322464,0.029999999329447746,1.0,100.0,0.0,0.5827956199645996
9,336,0,42,0,OP3,FIXED_OPPONENT,train,SCRIPTED:OP3,1,3,2,1,19,0.3199999928474426,1,0,2,12.0,10.584144993832236,1.5,0.5,-0.023770049214363098,0.029999999329447746,1.0,100.0,0.0,0.5828560590744019
10,360,0,45,0,OP3,FIXED_OPPONENT,train,SCRIPTED:OP3,0,2,3,-1,19,0.23999999463558197,1,0,2,12.0,10.150022807874178,-1.2000000476837158,-0.5,0.015106290578842163,0.0,-1.0,-100.0,-0.019999999552965164,-0.540014386177063
11,360,0,45,3,OP3,FIXED_OPPONENT,train,SCRIPTED:OP3,1,3,2,1,19,0.2800000011920929,1,0,5,12.0,9.47614890650699,1.5,0.4000000059604645,-0.01037512719631195,0.029999999329447746,1.0,100.0,0.0,0.5681544542312622
12,368,0,46,2,OP3,FIXED_OPPONENT,train,SCRIPTED:OP3,1,3,2,1,18,0.3199999928474426,1,0,7,11.0,10.269417656792534,1.5,0.8999999761581421,-0.010211735963821411,0.029999999329447746,2.0,200.0,0.0,0.7522550821304321
13,368,0,46,0,OP3,FIXED_OPPONENT,train,SCRIPTED:OP3,0,2,3,-1,19,0.1599999964237213,1,0,5,12.0,10.340817100123354,-1.2000000476837158,0.0,0.00032372772693634033,0.0,0.0,0.0,0.0,-0.26051509380340576
14,384,0,48,1,OP3,FIXED_OPPONENT,train,SCRIPTED:OP3,1,3,2,1,19,0.23999999463558197,1,0,2,12.0,10.024417274876646,1.5,0.0,-0.009479835629463196,0.0,0.0,0.0,0.0,0.32136160135269165
15,392,0,49,3,OP3,FIXED_OPPONENT,train,SCRIPTED:OP3,1,3,1,2,19,0.3199999928474426,1,0,1,12.0,10.274295204564146,1.5,0.5,-0.02340693771839142,0.014999999664723873,1.0,100.0,0.0,0.5826842188835144
16,400,0,50,1,OP3,FIXED_OPPONENT,train,SCRIPTED:OP3,1,3,2,1,18,0.19999998807907104,1,0,0,11.0,11.588821411132812,1.5,0.4000000059604645,-0.0018002688884735107,0.029999999329447746,0.0,0.0,0.0,0.39922240376472473
17,472,0,59,0,OP3,FIXED_OPPONENT,train,SCRIPTED:OP3,1,3,2,1,17,0.35999998450279236,1,0,2,11.0,9.43776658002068,1.5,0.5,-0.04123339056968689,0.014999999664723873,1.0,100.0,0.0,0.582474946975708
18,512,0,64,1,OP3,FIXED_OPPONENT,train,SCRIPTED:OP3,0,1,3,-2,19,0.1599999964237213,1,0,4,12.0,10.260936536287007,-1.2000000476837158,-0.5,0.007562577724456787,0.019999999552965164,-1.0,-100.0,-0.019999999552965164,-0.5398575067520142
19,512,0,64,0,OP3,FIXED_OPPONENT,train,SCRIPTED:OP3,0,2,3,-1,19,0.2800000011920929,1,0,4,12.0,10.582825510125412,-1.2000000476837158,-0.5,-0.013161048293113708,0.019999999552965164,-1.0,-100.0,0.0,-0.5369631052017212
20,512,0,64,1,OP3,FIXED_OPPONENT,train,SCRIPTED:OP3,1,3,2,1,18,0.35999998450279236,1,0,0,11.0,10.424178229437935,1.5,0.4000000059604645,-0.006090864539146423,0.029999999329447746,1.0,100.0,0.0,0.5682060718536377
21,520,0,65,1,OP3,FIXED_OPPONENT,train,SCRIPTED:OP3,1,3,2,1,19,0.2800000011920929,1,0,0,15.0,11.778098658511514,1.5,0.5,-0.007355332374572754,0.029999999329447746,1.0,100.0,-0.019999999552965164,0.580107569694519
22,528,0,66,1,OP3,FIXED_OPPONENT,train,SCRIPTED:OP3,0,2,3,-1,18,0.19999998807907104,1,0,4,11.0,10.708527459038628,-1.2000000476837158,-0.4000000059604645,0.007883727550506592,0.019999999552965164,-1.0,-100.0,0.0,-0.5206871628761292
23,544,0,68,0,OP3,FIXED_OPPONENT,train,SCRIPTED:OP3,1,3,2,1,19,0.2800000011920929,1,0,3,13.0,10.63413439298931,1.5,0.5,-0.03811006247997284,0.029999999329447746,1.0,100.0,0.0,0.5826877355575562
24,560,0,70,2,OP3,FIXED_OPPONENT,train,SCRIPTED:OP3,1,3,2,1,20,0.2800000011920929,1,0,2,12.0,11.209161376953125,1.5,0.5,-0.030888915061950684,0.014999999664723873,1.0,100.0,0.0,0.5825963020324707
25,632,0,79,1,OP3,FIXED_OPPONENT,train,SCRIPTED:OP3,0,3,3,0,20,0.2800000011920929,1,0,4,13.0,8.954801177978515,-0.699999988079071,0.0,0.007106617093086243,0.0,0.0,0.0,-0.019999999552965164,-0.15852534770965576
26,648,0,81,3,OP3,FIXED_OPPONENT,train,SCRIPTED:OP3,1,3,2,1,17,0.1599999964237213,1,0,1,11.0,10.584625244140625,1.5,0.0,0.008560866117477417,0.0,0.0,0.0,0.0,0.32164913415908813
27,664,0,83,3,OP3,FIXED_OPPONENT,train,SCRIPTED:OP3,0,3,3,0,18,0.23999999463558197,1,0,6,11.0,10.375652737087673,-0.699999988079071,0.0,0.0051226019859313965,0.0,0.0,0.0,0.0,-0.1542239934206009
28,672,0,84,1,OP3,FIXED_OPPONENT,train,SCRIPTED:OP3,1,3,2,1,20,0.1599999964237213,1,0,5,13.0,10.869734191894532,1.5,0.5,0.01093408465385437,0.029999999329447746,1.0,100.0,-0.019999999552965164,0.5803232192993164
29,680,0,85,2,OP3,FIXED_OPPONENT,train,SCRIPTED:OP3,0,3,3,0,19,0.3199999928474426,1,0,2,11.0,11.424980565121299,-0.699999988079071,0.0,-0.008489817380905151,0.0,0.0,0.0,-0.019999999552965164,-0.15879563987255096
30,680,0,85,2,OP3,FIXED_OPPONENT,train,SCRIPTED:OP3,0,3,3,0,21,0.11999999731779099,1,0,5,13.0,10.156329926990328,-0.699999988079071,0.0,0.00901135802268982,0.0,0.0,0.0,-0.019999999552965164,-0.1584923416376114
31,704,0,88,1,OP3,FIXED_OPPONENT,train,SCRIPTED:OP3,1,3,2,1,18,0.19999998807907104,1,0,1,11.0,9.677950541178385,1.5,0.5,0.0038837939500808716,0.029999999329447746,1.0,100.0,-0.019999999552965164,0.5802401304244995
32,704,0,88,0,OP3,FIXED_OPPONENT,train,SCRIPTED:OP3,0,3,3,0,20,0.3999999761581421,1,0,4,11.0,9.605435943603515,-0.699999988079071,0.0,-0.0058000534772872925,0.0,0.0,0.0,-0.019999999552965164,-0.1587490290403366
33,784,0,98,1,OP3,FIXED_OPPONENT,train,SCRIPTED:OP3,1,3,2,1,17,0.2800000011920929,1,0,2,12.0,10.02942522834329,1.5,0.5,-0.02798844873905182,0.014999999664723873,1.0,100.0,0.0,0.5826303958892822
34,792,0,99,3,OP3,FIXED_OPPONENT,train,SCRIPTED:OP3,0,3,3,0,20,0.23999999463558197,1,0,2,12.0,11.045092010498047,-0.699999988079071,0.0,-0.005046755075454712,0.0,0.0,0.0,-0.03999999910593033,-0.1630653440952301
35,808,0,101,2,OP3,FIXED_OPPONENT,train,SCRIPTED:OP3,1,3,2,1,18,0.19999998807907104,1,0,0,11.0,11.267907884385851,1.5,0.4000000059604645,0.007051184773445129,0.014999999664723873,1.0,100.0,0.0,0.5681836605072021
36,816,0,102,3,OP3,FIXED_OPPONENT,train,SCRIPTED:OP3,1,3,2,1,17,0.11999999731779099,1,0,2,11.0,10.477403528550091,1.5,0.0,0.00220334529876709,0.0,0.0,0.0,-0.019999999552965164,0.3175572454929352
37,824,0,103,3,OP3,FIXED_OPPONENT,train,SCRIPTED:OP3,0,2,3,-1,19,0.23999999463558197,1,0,4,12.0,10.0705421849301,-1.2000000476837158,-0.5,0.00011451542377471924,0.019999999552965164,-1.0,-100.0,0.0,-0.5367951393127441
38,840,0,105,1,OP3,FIXED_OPPONENT,train,SCRIPTED:OP3,1,3,2,1,20,0.2800000011920929,1,0,3,12.0,9.75402603149414,1.5,0.5,-0.010822251439094543,0.02499999850988388,1.0,100.0,0.0,0.5829493999481201
39,880,0,110,1,OP3,FIXED_OPPONENT,train,SCRIPTED:OP3,0,3,3,0,22,0.11999999731779099,1,0,5,14.0,9.250971013849432,-0.699999988079071,0.0,-0.0017849057912826538,0.0,0.0,0.0,0.0,-0.1543438732624054
40,880,0,110,3,OP3,FIXED_OPPONENT,train,SCRIPTED:OP3,0,3,3,0,22,0.3199999928474426,1,0,7,15.0,9.773591475053268,-0.699999988079071,0.5,0.003839462995529175,0.0,1.0,100.0,0.0,0.175994411110878
41,928,0,116,2,OP3,FIXED_OPPONENT,train,SCRIPTED:OP3,1,3,2,1,18,0.2800000011920929,1,0,0,11.0,10.568905300564236,1.5,0.5,-0.017193853855133057,0.029999999329447746,1.0,100.0,0.0,0.5829333066940308
42,928,0,116,1,OP3,FIXED_OPPONENT,train,SCRIPTED:OP3,1,3,2,1,17,0.2800000011920929,1,0,1,11.0,9.24974957634421,1.5,0.4000000059604645,-0.009823068976402283,0.029999999329447746,1.0,100.0,0.0,0.568161129951477
43,936,0,117,1,OP3,FIXED_OPPONENT,train,SCRIPTED:OP3,1,3,2,1,16,0.3199999928474426,1,0,3,11.0,9.807211875915527,1.5,0.0,-0.008268356323242188,0.0,0.0,0.0,0.0,0.3213808834552765
44,968,0,121,0,OP3,FIXED_OPPONENT,train,SCRIPTED:OP3,1,3,2,1,19,0.23999999463558197,1,0,4,11.0,9.84530318410773,1.5,0.5,-0.04058292508125305,0.029999999329447746,1.0,100.0,0.0,0.5826586484909058
45,976,0,122,3,OP3,FIXED_OPPONENT,train,SCRIPTED:OP3,1,3,2,1,19,0.23999999463558197,1,0,0,12.0,13.54680754009046,1.5,0.5,-0.019427910447120667,0.029999999329447746,1.0,100.0,0.0,0.5829070806503296
46,992,0,124,3,OP3,FIXED_OPPONENT,train,SCRIPTED:OP3,0,2,3,-1,19,0.2800000011920929,1,0,5,12.0,9.557250173468338,-1.2000000476837158,-0.5,-0.013238683342933655,0.019999999552965164,-1.0,-100.0,0.0,-0.5369641184806824
47,1032,0,129,0,OP3,FIXED_OPPONENT,train,SCRIPTED:OP3,0,3,3,0,19,0.1599999964237213,1,0,4,12.0,10.655346519068667,-0.699999988079071,0.0,-0.0035759061574935913,0.0,0.0,0.0,-0.019999999552965164,-0.15871047973632812
48,1064,0,133,1,OP3,FIXED_OPPONENT,train,SCRIPTED:OP3,1,3,2,1,23,0.19999998807907104,1,0,8,15.0,10.369272646696672,1.5,0.5,-0.007844895124435425,0.029999999329447746,1.0,100.0,0.0,0.5830429792404175
49,1072,0,134,2,OP3,FIXED_OPPONENT,train,SCRIPTED:OP3,0,2,3,-1,18,0.3199999928474426,1,0,4,11.0,10.796058654785156,-1.2000000476837158,-0.4000000059604645,-0.0010006874799728394,0.019999999552965164,-1.0,-100.0,0.0,-0.5208023190498352
50,1080,0,135,2,OP3,FIXED_OPPONENT,train,SCRIPTED:OP3,0,3,3,0,19,0.1599999964237213,1,0,5,12.0,10.50443468595806,-0.699999988079071,0.5,-0.00971655547618866,0.0,1.0,100.0,0.0,0.1757608950138092
51,1080,0,135,1,OP3,FIXED_OPPONENT,train,SCRIPTED:OP3,1,3,2,1,18,0.19999998807907104,1,0,3,12.0,10.102589925130209,1.5,0.8999999761581421,-6.879866123199463e-05,0.029999999329447746,2.0,200.0,0.0,0.7523333430290222
52,1112,0,139,0,OP3,FIXED_OPPONENT,train,SCRIPTED:OP3,1,3,2,1,18,0.19999998807907104,1,0,3,11.0,9.914815266927084,1.5,0.4000000059604645,0.008618459105491638,0.014999999664723873,1.0,100.0,0.0,0.5682024955749512
53,1128,0,141,3,OP3,FIXED_OPPONENT,train,SCRIPTED:OP3,1,3,2,1,19,0.3199999928474426,1,0,0,12.0,10.75308629086143,1.5,0.5,-0.013423949480056763,0.014999999664723873,1.0,100.0,-0.019999999552965164,0.5798590183258057
54,1128,0,141,0,OP3,FIXED_OPPONENT,train,SCRIPTED:OP3,0,2,3,-1,17,0.23999999463558197,1,0,3,11.0,10.075302124023438,-1.2000000476837158,0.0,-0.0008144974708557129,0.019999999552965164,0.0,0.0,0.0,-0.2602024972438812
55,1184,0,148,0,OP3,FIXED_OPPONENT,train,SCRIPTED:OP3,0,3,3,0,19,0.2800000011920929,1,0,0,12.0,9.7353660181949,-0.699999988079071,0.0,-0.006341278553009033,0.0,0.0,0.0,-0.019999999552965164,-0.15875840187072754
56,1216,0,152,2,OP3,FIXED_OPPONENT,train,SCRIPTED:OP3,0,2,3,-1,18,0.23999999463558197,1,0,0,11.0,11.234283447265625,-1.2000000476837158,-0.5,0.008629932999610901,0.0,-1.0,-100.0,-0.019999999552965164,-0.5400959849357605
57,1216,0,152,3,OP3,FIXED_OPPONENT,train,SCRIPTED:OP3,1,3,2,1,19,0.35999998450279236,1,0,2,12.0,9.989098799856086,1.5,0.4000000059604645,-0.010438814759254456,0.029999999329447746,1.0,100.0,0.0,0.5681536793708801
58,1224,0,153,3,OP3,FIXED_OPPONENT,train,SCRIPTED:OP3,0,2,3,-1,18,0.2800000011920929,1,0,4,12.0,9.123897128634983,-1.2000000476837158,-0.5,-0.0035116374492645264,0.0,-1.0,-100.0,0.0,-0.537093997001648
59,1232,0,154,1,OP3,FIXED_OPPONENT,train,SCRIPTED:OP3,1,3,2,1,19,0.19999998807907104,1,0,3,12.0,9.798566316303454,1.5,0.5,-0.014118582010269165,0.029999999329447746,1.0,100.0,0.0,0.5829693675041199
60,1256,0,157,0,OP3,FIXED_OPPONENT,train,SCRIPTED:OP3,0,2,3,-1,18,0.19999998807907104,1,0,3,12.0,9.884925842285156,-1.2000000476837158,-0.5,0.01046396791934967,0.019999999552965164,-1.0,-100.0,0.0,-0.5366641879081726
61,1272,0,159,3,OP3,FIXED_OPPONENT,train,SCRIPTED:OP3,1,3,2,1,18,0.2800000011920929,1,0,2,12.0,9.57252671983507,1.5,0.4000000059604645,0.0009912550449371338,0.029999999329447746,1.0,100.0,0.0,0.5682913064956665
62,1272,0,159,0,OP3,FIXED_OPPONENT,train,SCRIPTED:OP3,1,3,2,1,18,0.2800000011920929,1,0,4,11.0,9.761438157823351,1.5,0.5,-0.031094178557395935,0.029999999329447746,1.0,100.0,0.0,0.5827701091766357
63,1328,0,166,3,OP3,FIXED_OPPONENT,train,SCRIPTED:OP3,1,3,2,1,18,0.11999999731779099,1,0,2,11.0,10.610569424099392,1.5,0.5,0.009875759482383728,0.029999999329447746,1.0,100.0,0.0,0.583250880241394
64,1360,0,170,3,OP3,FIXED_OPPONENT,train,SCRIPTED:OP3,0,2,3,-1,18,0.19999998807907104,1,0,0,11.0,10.712191263834635,-1.2000000476837158,-0.5,0.0005993247032165527,0.019999999552965164,-1.0,-100.0,0.0,-0.5367890000343323
65,1360,0,170,1,OP3,FIXED_OPPONENT,train,SCRIPTED:OP3,1,3,2,1,16,0.19999998807907104,1,0,0,12.0,12.756099700927734,1.5,0.0,4.941970109939575e-05,0.0,0.0,0.0,0.0,0.32151347398757935
66,1368,0,171,1,OP3,FIXED_OPPONENT,train,SCRIPTED:OP3,1,3,2,1,19,0.3999999761581421,1,0,4,11.0,9.551742553710938,1.5,0.5,-0.032054364681243896,0.02499999850988388,1.0,100.0,0.0,0.5827001333236694
67,1384,0,173,2,OP3,FIXED_OPPONENT,train,SCRIPTED:OP3,1,3,2,1,20,0.2800000011920929,1,0,2,13.0,11.989410400390625,1.5,0.5,0.007857933640480042,0.029999999329447746,1.0,100.0,0.0,0.5832271575927734
68,1408,0,176,1,OP3,FIXED_OPPONENT,train,SCRIPTED:OP3,1,3,2,1,19,0.23999999463558197,1,0,1,14.0,11.220226890162417,1.5,0.5,-0.013312146067619324,0.029999999329447746,1.0,100.0,-0.019999999552965164,0.5800373554229736
69,1416,0,177,2,OP3,FIXED_OPPONENT,train,SCRIPTED:OP3,0,2,3,-1,18,0.35999998450279236,1,0,2,12.0,10.37141842312283,-1.2000000476837158,0.10000002384185791,0.002849757671356201,0.019999999552965164,0.0,0.0,-0.019999999552965164,-0.24349181354045868
70,1416,0,177,2,OP3,FIXED_OPPONENT,train,SCRIPTED:OP3,1,3,2,1,18,0.19999998807907104,1,0,1,11.0,11.128086513943142,1.5,0.4000000059604645,0.0038789883255958557,0.029999999329447746,1.0,100.0,0.0,0.5683259963989258
71,1472,0,184,2,OP3,FIXED_OPPONENT,train,SCRIPTED:OP3,1,3,2,1,18,0.23999999463558197,1,0,4,11.0,10.129019843207466,1.5,0.4000000059604645,-0.005618870258331299,0.029999999329447746,1.0,100.0,0.0,0.5682116746902466
72,1504,0,188,3,OP3,FIXED_OPPONENT,train,SCRIPTED:OP3,0,2,3,-1,18,0.19999998807907104,1,0,0,11.0,10.334548950195312,-1.2000000476837158,-0.4000000059604645,0.0014975368976593018,0.019999999552965164,-1.0,-100.0,0.0,-0.5207698941230774
73,1504,0,188,0,OP3,FIXED_OPPONENT,train,SCRIPTED:OP3,0,2,3,-1,18,0.19999998807907104,1,0,0,11.0,11.939721001519096,-1.2000000476837158,-0.4000000059604645,-0.008744046092033386,0.019999999552965164,-1.0,-100.0,0.0,-0.5209025740623474
74,1520,0,190,3,OP3,FIXED_OPPONENT,train,SCRIPTED:OP3,0,2,3,-1,19,0.1599999964237213,1,0,0,12.0,11.098426417300576,-1.2000000476837158,-0.5,-0.004184722900390625,0.019999999552965164,-1.0,-100.0,-0.019999999552965164,-0.5400054454803467
75,1528,0,191,2,OP3,FIXED_OPPONENT,train,SCRIPTED:OP3,1,3,2,1,18,0.19999998807907104,1,0,0,11.0,12.040418836805555,1.5,0.4000000059604645,-0.006640620529651642,0.029999999329447746,1.0,100.0,-0.019999999552965164,0.5651822686195374
76,1552,0,194,0,OP3,FIXED_OPPONENT,train,SCRIPTED:OP3,0,2,3,-1,18,0.23999999463558197,1,0,3,11.0,10.432284037272135,-1.2000000476837158,-0.5,0.014867857098579407,0.019999999552965164,-1.0,-100.0,-0.019999999552965164,-0.539765477180481
77,1560,0,195,0,OP3,FIXED_OPPONENT,train,SCRIPTED:OP3,0,3,3,0,18,0.2800000011920929,1,0,1,11.0,10.147271898057726,-0.699999988079071,0.0,-0.010278269648551941,0.0,0.0,0.0,0.0,-0.15449127554893494
78,1560,0,195,0,OP3,FIXED_OPPONENT,train,SCRIPTED:OP3,0,2,3,-1,18,0.23999999463558197,1,0,0,11.0,11.555640326605904,-1.2000000476837158,-0.4000000059604645,0.0072358399629592896,0.0,-1.0,-100.0,0.0,-0.5209546089172363
79,1616,0,202,0,OP3,FIXED_OPPONENT,train,SCRIPTED:OP3,1,3,2,1,18,0.1599999964237213,1,0,4,11.0,10.770941840277779,1.5,0.5,-0.03238999843597412,0.029999999329447746,1.0,100.0,0.0,0.5827548503875732
80,1632,0,204,1,OP3,FIXED_OPPONENT,train,SCRIPTED:OP3,1,3,1,2,16,0.23999999463558197,1,0,2,11.0,10.225500106811523,1.5,0.5,-0.004466064274311066,0.029999999329447746,1.0,100.0,-0.019999999552965164,0.5801416635513306
81,1648,0,206,2,OP3,FIXED_OPPONENT,train,SCRIPTED:OP3,1,3,2,1,18,0.23999999463558197,1,0,5,11.0,9.06135728624132,1.5,0.5,-0.018352240324020386,0.014999999664723873,1.0,100.0,0.0,0.5827435851097107
82,1680,0,210,3,OP3,FIXED_OPPONENT,train,SCRIPTED:OP3,1,3,2,1,19,0.23999999463558197,1,0,3,13.0,9.105676751387747,1.5,0.0,-0.00012587010860443115,0.0,0.0,0.0,0.0,0.3215107023715973
83,1680,0,210,0,OP3,FIXED_OPPONENT,train,SCRIPTED:OP3,0,2,3,-1,20,0.2800000011920929,1,0,1,12.0,11.052400207519531,-1.2000000476837158,-0.5,-0.005464792251586914,0.019999999552965164,-1.0,-100.0,-0.019999999552965164,-0.540021538734436
84,1712,0,214,3,OP3,FIXED_OPPONENT,train,SCRIPTED:OP3,0,2,3,-1,20,0.23999999463558197,1,0,0,12.0,10.083226776123047,-1.2000000476837158,-0.5,-0.0015604346990585327,0.019999999552965164,-1.0,-100.0,-0.019999999552965164,-0.5399724245071411
85,1712,0,214,0,OP3,FIXED_OPPONENT,train,SCRIPTED:OP3,0,2,3,-1,19,0.2800000011920929,1,0,1,11.0,9.538956491570724,-1.2000000476837158,-0.5,-0.0028980374336242676,0.0,-1.0,-100.0,0.0,-0.5370862483978271
86,1720,0,215,2,OP3,FIXED_OPPONENT,train,SCRIPTED:OP3,0,2,3,-1,20,0.3199999928474426,0,1,3,12.0,11.250341796875,-1.2000000476837158,0.0,-0.004257261753082275,0.019999999552965164,0.0,0.0,0.0,-0.2602595388889313
87,1760,0,220,1,OP3,FIXED_OPPONENT,train,SCRIPTED:OP3,0,2,3,-1,18,0.19999998807907104,1,0,5,11.0,9.581008911132812,-1.2000000476837158,-0.5,-0.005882203578948975,0.0,-1.0,-100.0,0.0,-0.5371239185333252
88,1776,0,222,2,OP3,FIXED_OPPONENT,train,SCRIPTED:OP3,1,3,2,1,18,0.19999998807907104,1,0,1,11.0,10.535674201117622,1.5,0.5,-0.033364489674568176,0.029999999329447746,1.0,100.0,-0.019999999552965164,0.5798007249832153
89,1792,0,224,3,OP3,FIXED_OPPONENT,train,SCRIPTED:OP3,0,3,3,0,18,0.1599999964237213,1,0,0,11.0,10.426890055338541,-0.699999988079071,0.0,-0.0013000071048736572,0.0,0.0,0.0,0.0,-0.15433546900749207
90,1824,0,228,2,OP3,FIXED_OPPONENT,train,SCRIPTED:OP3,1,3,2,1,18,0.23999999463558197,1,0,3,11.0,10.17476314968533,1.5,0.4000000059604645,-0.009943872690200806,0.029999999329447746,1.0,100.0,0.0,0.5681596398353577
91,1824,0,228,2,OP3,FIXED_OPPONENT,train,SCRIPTED:OP3,0,3,3,0,18,0.23999999463558197,1,0,5,11.0,9.660820855034721,-0.699999988079071,0.5,-0.00579342246055603,0.0,1.0,100.0,0.0,0.1758284717798233
92,1856,0,232,2,OP3,FIXED_OPPONENT,train,SCRIPTED:OP3,1,3,2,1,17,0.19999998807907104,1,0,0,13.0,9.924072265625,1.5,0.4000000059604645,-0.0005736202001571655,0.014999999664723873,1.0,100.0,0.0,0.568091869354248
93,1864,0,233,2,OP3,FIXED_OPPONENT,train,SCRIPTED:OP3,1,3,1,2,19,0.35999998450279236,1,0,2,12.0,9.497405202765213,1.5,0.5,0.0030171722173690796,0.02499999850988388,1.0,100.0,0.0,0.5831117630004883
94,1872,0,234,1,OP3,FIXED_OPPONENT,train,SCRIPTED:OP3,1,3,2,1,20,0.3199999928474426,1,0,5,13.0,9.189531707763672,1.5,0.5,0.012313678860664368,0.014999999664723873,1.0,100.0,-0.019999999552965164,0.5801626443862915
95,1896,0,237,3,OP3,FIXED_OPPONENT,train,SCRIPTED:OP3,1,3,2,1,15,0.19999998807907104,1,0,0,11.0,11.105740356445313,1.5,0.4000000059604645,-0.005789056420326233,0.029999999329447746,1.0,100.0,-0.019999999552965164,0.5651925802230835
96,1912,0,239,0,OP3,FIXED_OPPONENT,train,SCRIPTED:OP3,0,3,3,0,19,0.23999999463558197,1,0,2,11.0,10.576717979029604,-0.699999988079071,0.0,-0.006688103079795837,0.0,0.0,0.0,-0.03999999910593033,-0.16309376060962677
97,1944,0,243,3,OP3,FIXED_OPPONENT,train,SCRIPTED:OP3,1,3,2,1,19,0.19999998807907104,1,0,3,12.0,11.042563990542764,1.5,0.5,-0.024152055382728577,0.014999999664723873,1.0,100.0,-0.019999999552965164,0.5797324180603027
98,1968,0,246,2,OP3,FIXED_OPPONENT,train,SCRIPTED:OP3,1,3,2,1,18,0.2800000011920929,1,0,3,11.0,9.459722730848524,1.5,0.5,-0.026159510016441345,0.029999999329447746,1.0,100.0,0.0,0.5828280448913574
99,1968,0,246,2,OP3,FIXED_OPPONENT,train,SCRIPTED:OP3,1,3,2,1,18,0.1599999964237213,1,0,1,13.0,9.790858798556858,1.5,0.5,-0.011366218328475952,0.029999999329447746,1.0,100.0,0.0,0.5830016136169434
100,2008,0,251,3,OP3,FIXED_OPPONENT,train,SCRIPTED:OP3,1,3,2,1,19,0.2800000011920929,1,0,3,12.0,11.311820582339639,1.5,0.5,-0.037955887615680695,0.029999999329447746,1.0,100.0,0.0,0.5826895236968994
101,2016,0,252,3,OP3,FIXED_OPPONENT,train,SCRIPTED:OP3,1,3,2,1,19,0.19999998807907104,1,0,4,12.0,10.0848533228824,1.5,0.5,-0.016347438097000122,0.029999999329447746,1.0,100.0,0.0,0.5829432010650635
102,2016,0,252,3,OP3,FIXED_OPPONENT,train,SCRIPTED:OP3,0,2,3,-1,18,0.2800000011920929,1,0,3,14.0,9.457057529025608,-1.2000000476837158,-0.5,-0.008084893226623535,0.0,-1.0,-100.0,0.0,-0.5371518135070801
103,2040,0,255,2,OP3,FIXED_OPPONENT,train,SCRIPTED:OP3,0,1,3,-2,16,0.3199999928474426,1,0,3,12.0,10.449936866760254,-1.2000000476837158,-0.5,0.015426307916641235,0.019999999552965164,-1.0,-100.0,-0.019999999552965164,-0.5397584438323975
104,2048,0,256,0,OP3,FIXED_OPPONENT,train,SCRIPTED:OP3,1,3,2,1,19,0.3999999761581421,1,0,2,12.0,9.80672173751028,1.5,0.4000000059604645,-0.005772486329078674,0.014999999664723873,1.0,100.0,-0.019999999552965164,0.5650112628936768
105,2088,0,261,2,OP3,FIXED_OPPONENT,train,SCRIPTED:OP3,1,3,2,1,18,0.19999998807907104,1,0,0,11.0,9.691793653700087,1.5,0.5,-0.023790761828422546,0.029999999329447746,1.0,100.0,0.0,0.5828558206558228
106,2088,0,261,3,OP3,FIXED_OPPONENT,train,SCRIPTED:OP3,1,3,1,2,15,0.2800000011920929,1,0,0,11.0,11.082177734375,1.5,0.5,0.01163281500339508,0.029999999329447746,1.0,100.0,0.0,0.5832715034484863
107,2112,0,264,2,OP3,FIXED_OPPONENT,train,SCRIPTED:OP3,0,2,3,-1,18,0.19999998807907104,1,0,3,11.0,11.161247253417969,-1.2000000476837158,-0.5,0.009629890322685242,0.019999999552965164,-1.0,-100.0,-0.019999999552965164,-0.5398315191268921
108,2160,0,270,2,OP3,FIXED_OPPONENT,train,SCRIPTED:OP3,1,3,2,1,18,0.19999998807907104,1,0,0,11.0,11.444488525390625,1.5,0.4000000059604645,-0.005818597972393036,0.029999999329447746,1.0,100.0,0.0,0.5682092905044556
109,2160,0,270,1,OP3,FIXED_OPPONENT,train,SCRIPTED:OP3,1,3,1,2,15,0.19999998807907104,1,0,1,11.0,11.35321756998698,1.5,0.4000000059604645,0.008735045790672302,0.029999999329447746,1.0,100.0,0.0,0.5683845281600952
110,2160,0,270,0,OP3,FIXED_OPPONENT,train,SCRIPTED:OP3,1,3,2,1,18,0.19999998807907104,1,0,2,12.0,11.04669189453125,1.5,0.5,-0.03361678123474121,0.029999999329447746,1.0,100.0,0.0,0.5827404856681824
111,2168,0,271,1,OP3,FIXED_OPPONENT,train,SCRIPTED:OP3,1,3,2,1,20,0.1599999964237213,1,0,3,13.0,11.877182006835938,1.5,0.5,-0.032449766993522644,0.029999999329447746,1.0,100.0,0.0,0.5827542543411255
112,2200,0,275,3,OP3,FIXED_OPPONENT,train,SCRIPTED:OP3,0,2,3,-1,19,0.2800000011920929,1,0,3,12.0,9.011973330849095,-1.2000000476837158,-0.5,0.010444298386573792,0.0,-1.0,-100.0,0.0,-0.536917507648468
113,2232,0,279,1,OP3,FIXED_OPPONENT,train,SCRIPTED:OP3,1,3,2,1,18,0.1599999964237213,1,0,1,11.0,11.393539428710938,1.5,0.0,0.0043616145849227905,0.0,0.0,0.0,0.0,0.32158222794532776
114,2248,0,281,3,OP3,FIXED_OPPONENT,train,SCRIPTED:OP3,0,3,3,0,20,0.19999998807907104,1,0,4,13.0,9.557962799072266,-0.699999988079071,0.0,-0.010344639420509338,0.0,0.0,0.0,-0.019999999552965164,-0.1588277667760849
115,2264,0,283,3,OP3,FIXED_OPPONENT,train,SCRIPTED:OP3,0,2,3,-1,19,0.19999998807907104,1,0,2,12.0,10.546911942331414,-1.2000000476837158,-0.5,0.008825331926345825,0.019999999552965164,-1.0,-100.0,-0.019999999552965164,-0.5398416519165039
116,2304,0,288,1,OP3,FIXED_OPPONENT,train,SCRIPTED:OP3,0,2,3,-1,18,0.19999998807907104,1,0,6,12.0,10.062247382269966,-1.2000000476837158,0.0,0.008176445960998535,0.0,0.0,0.0,0.0,-0.2603849470615387
117,2312,0,289,0,OP3,FIXED_OPPONENT,train,SCRIPTED:OP3,1,3,2,1,19,0.2800000011920929,1,0,2,12.0,10.482775236430921,1.5,0.0,-0.009726077318191528,0.0,0.0,0.0,0.0,0.3213576674461365
118,2320,0,290,1,OP3,FIXED_OPPONENT,train,SCRIPTED:OP3,1,3,2,1,19,0.2800000011920929,1,0,0,12.0,10.16751500179893,1.5,0.5,-0.002474069595336914,0.014999999664723873,1.0,100.0,0.0,0.5829299688339233
119,2328,0,291,0,OP3,FIXED_OPPONENT,train,SCRIPTED:OP3,0,2,3,-1,21,0.23999999463558197,1,0,1,14.0,10.170492263067336,-1.2000000476837158,-0.5,0.01238982379436493,0.0,-1.0,-100.0,0.0,-0.5368928909301758
120,2360,0,295,1,OP3,FIXED_OPPONENT,train,SCRIPTED:OP3,1,3,2,1,20,0.19999998807907104,0,1,4,13.0,11.267750549316407,1.5,0.5,-0.0018034428358078003,0.014999999664723873,1.0,100.0,-0.019999999552965164,0.5799961090087891
121,2376,0,297,1,OP3,FIXED_OPPONENT,train,SCRIPTED:OP3,0,1,3,-2,18,0.1599999964237213,1,0,5,11.0,10.466885884602865,-1.2000000476837158,-0.5,-0.0023301243782043457,0.019999999552965164,-1.0,-100.0,-0.019999999552965164,-0.5399821400642395
122,2392,0,299,0,OP3,FIXED_OPPONENT,train,SCRIPTED:OP3,0,2,3,-1,18,0.19999998807907104,1,0,0,12.0,12.36891343858507,-1.2000000476837158,-0.5,0.00652959942817688,0.019999999552965164,-1.0,-100.0,-0.019999999552965164,-0.5398705005645752
123,2408,0,301,1,OP3,FIXED_OPPONENT,train,SCRIPTED:OP3,1,3,2,1,18,0.23999999463558197,1,0,0,11.0,10.126157972547743,1.5,0.5,-0.026138439774513245,0.014999999664723873,1.0,100.0,0.0,0.5826521515846252
124,2464,0,308,1,OP3,FIXED_OPPONENT,train,SCRIPTED:OP3,1,3,2,1,18,0.3199999928474426,1,0,0,11.0,11.595511542426216,1.5,0.5,0.01314273476600647,0.014999999664723873,1.0,100.0,-0.019999999552965164,0.5801724195480347
125,2464,0,308,3,OP3,FIXED_OPPONENT,train,SCRIPTED:OP3,0,3,3,0,20,0.23999999463558197,1,0,2,12.0,10.949390411376953,-0.699999988079071,0.0,-0.011629030108451843,0.0,0.0,0.0,-0.03999999910593033,-0.16317924857139587
126,2464,0,308,1,OP3,FIXED_OPPONENT,train,SCRIPTED:OP3,1,3,2,1,19,0.23999999463558197,1,0,4,12.0,9.760825709292764,1.5,0.5,0.0013002753257751465,0.02499999850988388,1.0,100.0,0.0,0.5830916166305542
127,2480,0,310,2,OP3,FIXED_OPPONENT,train,SCRIPTED:OP3,0,2,3,-1,19,0.2800000011920929,1,0,0,11.0,10.870322779605264,-1.2000000476837158,-0.5,0.001601487398147583,0.0,-1.0,-100.0,0.0,-0.5370294451713562
128,2512,0,314,1,OP3,FIXED_OPPONENT,train,SCRIPTED:OP3,0,3,3,0,19,0.19999998807907104,1,0,1,12.0,11.450268394068667,-0.699999988079071,0.0,0.008658364415168762,0.0,0.0,0.0,0.0,-0.15416264533996582
129,2520,0,315,0,OP3,FIXED_OPPONENT,train,SCRIPTED:OP3,1,3,2,1,16,0.23999999463558197,1,0,2,11.0,10.92733383178711,1.5,0.5,-0.005132034420967102,0.014999999664723873,1.0,100.0,-0.03999999910593033,0.5769996643066406
130,2528,0,316,2,OP3,FIXED_OPPONENT,train,SCRIPTED:OP3,0,2,3,-1,19,0.23999999463558197,1,0,1,11.0,11.036874871504935,-1.2000000476837158,-0.5,0.0022098571062088013,0.019999999552965164,-1.0,-100.0,-0.019999999552965164,-0.5399249196052551
131,2544,0,318,2,OP3,FIXED_OPPONENT,train,SCRIPTED:OP3,0,3,3,0,17,0.1599999964237213,1,0,1,11.0,11.565433277803308,-0.699999988079071,0.0,0.00594870001077652,0.0,0.0,0.0,0.0,-0.1542096734046936
132,2600,0,325,0,OP3,FIXED_OPPONENT,train,SCRIPTED:OP3,1,3,2,1,17,0.19999998807907104,1,0,1,12.0,10.016735301298255,1.5,1.0,0.007532477378845215,0.029999999329447746,2.0,200.0,0.0,0.7618741989135742
133,2608,0,326,3,OP3,FIXED_OPPONENT,train,SCRIPTED:OP3,1,3,2,1,18,0.2800000011920929,1,0,3,11.0,9.22143300374349,1.5,0.5,0.02192223072052002,0.014999999664723873,1.0,100.0,0.0,0.5832161903381348
134,2608,0,326,3,OP3,FIXED_OPPONENT,train,SCRIPTED:OP3,1,3,1,2,18,0.2800000011920929,1,0,4,11.0,9.272634718153212,1.5,0.5,-0.014132723212242126,0.014999999664723873,1.0,100.0,-0.019999999552965164,0.5798506736755371
135,2624,0,328,0,OP3,FIXED_OPPONENT,train,SCRIPTED:OP3,0,3,3,0,18,0.11999999731779099,1,0,4,11.0,10.907033284505209,-0.699999988079071,0.0,-0.005082577466964722,0.0,0.0,0.0,0.0,-0.15440112352371216
136,2664,0,333,2,OP3,FIXED_OPPONENT,train,SCRIPTED:OP3,1,3,2,1,18,0.3199999928474426,1,0,0,11.0,9.378258599175346,1.5,0.4000000059604645,-0.010034576058387756,0.014999999664723873,1.0,100.0,0.0,0.5679779648780823
137,2672,0,334,3,OP3,FIXED_OPPONENT,train,SCRIPTED:OP3,0,3,3,0,20,0.23999999463558197,1,0,3,13.0,9.211255645751953,-0.699999988079071,0.0,0.008410051465034485,0.0,0.0,0.0,-0.03999999910593033,-0.16283246874809265
138,2688,0,336,0,OP3,FIXED_OPPONENT,train,SCRIPTED:OP3,0,2,3,-1,18,0.1599999964237213,1,0,0,12.0,10.509454515245226,-1.2000000476837158,-0.4000000059604645,-0.009767308831214905,0.019999999552965164,-1.0,-100.0,0.0,-0.5209158658981323
139,2688,0,336,2,OP3,FIXED_OPPONENT,train,SCRIPTED:OP3,1,3,2,1,20,0.1599999964237213,1,0,6,13.0,9.51062240600586,1.5,0.5,-0.03031495213508606,0.029999999329447746,1.0,100.0,-0.019999999552965164,0.5798366665840149
140,2744,0,343,3,OP3,FIXED_OPPONENT,train,SCRIPTED:OP3,0,3,3,0,18,0.23999999463558197,1,0,3,11.0,9.517739189995659,-0.699999988079071,0.0,0.0001282915472984314,0.0,0.0,0.0,0.0,-0.1543106883764267
141,2760,0,345,1,OP3,FIXED_OPPONENT,train,SCRIPTED:OP3,0,2,3,-1,19,0.07999999821186066,1,0,6,12.0,10.162395276521382,-1.2000000476837158,0.0,0.003948405385017395,0.0,0.0,0.0,0.0,-0.2604549825191498
142,2760,0,345,0,OP3,FIXED_OPPONENT,train,SCRIPTED:OP3,0,2,3,-1,19,0.23999999463558197,1,0,1,12.0,10.553133512798109,-1.2000000476837158,-0.5,0.004074946045875549,0.0,-1.0,-100.0,-0.019999999552965164,-0.5401532649993896
143,2768,0,346,0,OP3,FIXED_OPPONENT,train,SCRIPTED:OP3,1,3,2,1,18,0.23999999463558197,1,0,0,11.0,9.666346232096354,1.5,0.5,-0.02017313987016678,0.029999999329447746,1.0,100.0,0.0,0.5828982591629028
144,2808,0,351,1,OP3,FIXED_OPPONENT,train,SCRIPTED:OP3,0,2,3,-1,17,0.1599999964237213,1,0,0,11.0,10.103556015912224,-1.2000000476837158,-0.5,-0.005289539694786072,0.019999999552965164,-1.0,-100.0,-0.019999999552965164,-0.5400193929672241
145,2808,0,351,1,OP3,FIXED_OPPONENT,train,SCRIPTED:OP3,1,3,2,1,18,0.35999998450279236,1,0,3,11.0,10.252293904622396,1.5,0.5,-0.027291446924209595,0.014999999664723873,1.0,100.0,0.0,0.5826386213302612
146,2848,0,356,2,OP3,FIXED_OPPONENT,train,SCRIPTED:OP3,0,3,3,0,20,0.23999999463558197,1,0,4,12.0,11.486943817138672,-0.699999988079071,0.0,-0.0052037909626960754,0.0,0.0,0.0,0.0,-0.1544032096862793
147,2856,0,357,3,OP3,FIXED_OPPONENT,train,SCRIPTED:OP3,0,2,3,-1,21,0.1599999964237213,1,0,4,14.0,11.65883309500558,-1.2000000476837158,-0.4000000059604645,-0.009359970688819885,0.019999999552965164,-1.0,-100.0,0.0,-0.5209105610847473
148,2896,0,362,1,OP3,FIXED_OPPONENT,train,SCRIPTED:OP3,1,3,2,1,19,0.1599999964237213,1,0,2,13.0,10.18279386821546,1.5,0.5,-0.0004710778594017029,0.029999999329447746,1.0,100.0,-0.019999999552965164,0.5801887512207031
149,2912,0,364,3,OP3,FIXED_OPPONENT,train,SCRIPTED:OP3,0,2,3,-1,19,0.35999998450279236,1,0,0,12.0,10.130790308902139,-1.2000000476837158,-0.5,0.014943987131118774,0.019999999552965164,-1.0,-100.0,0.0,-0.5366074442863464
150,2920,0,365,0,OP3,FIXED_OPPONENT,train,SCRIPTED:OP3,0,3,3,0,20,0.1599999964237213,1,0,0,12.0,13.076223754882813,-0.699999988079071,0.0,-0.0025543123483657837,0.0,0.0,0.0,0.0,-0.15435722470283508
151,2928,0,366,2,OP3,FIXED_OPPONENT,train,SCRIPTED:OP3,0,3,3,0,20,0.19999998807907104,1,0,1,12.0,10.07891387939453,-0.699999988079071,0.0,0.007928729057312012,0.0,0.0,0.0,-0.019999999552965164,-0.15851108729839325
152,2952,0,369,3,OP3,FIXED_OPPONENT,train,SCRIPTED:OP3,0,2,3,-1,18,0.2800000011920929,1,0,0,12.0,10.097482469346788,-1.2000000476837158,-0.5,0.010861054062843323,0.019999999552965164,-1.0,-100.0,0.0,-0.5366591215133667
153,2952,0,369,0,OP3,FIXED_OPPONENT,train,SCRIPTED:OP3,0,3,3,0,18,0.2800000011920929,1,0,1,11.0,9.53393300374349,-0.699999988079071,0.0,0.005705446004867554,0.0,0.0,0.0,0.0,-0.15421387553215027
154,3000,0,375,2,OP3,FIXED_OPPONENT,train,SCRIPTED:OP3,0,2,3,-1,19,0.11999999731779099,1,0,4,12.0,11.078202097039474,-1.2000000476837158,-0.4000000059604645,-0.009855151176452637,0.019999999552965164,-1.0,-100.0,0.0,-0.5209169983863831
155,3032,0,379,0,OP3,FIXED_OPPONENT,train,SCRIPTED:OP3,0,3,3,0,22,0.2800000011920929,1,0,3,11.0,10.635340603915127,-0.699999988079071,0.0,-0.005028851330280304,0.0,0.0,0.0,0.0,-0.15440018475055695
156,3040,0,380,1,OP3,FIXED_OPPONENT,train,SCRIPTED:OP3,1,3,2,1,18,0.2800000011920929,1,0,4,11.0,10.037276373969185,1.5,0.4000000059604645,-0.008040443062782288,0.029999999329447746,1.0,100.0,-0.019999999552965164,0.5651652812957764
157,3064,0,383,1,OP3,FIXED_OPPONENT,train,SCRIPTED:OP3,1,3,2,1,19,0.23999999463558197,1,0,4,11.0,11.00606978567023,1.5,1.0,-0.007622182369232178,0.029999999329447746,2.0,200.0,0.0,0.7617611885070801
158,3064,0,383,1,OP3,FIXED_OPPONENT,train,SCRIPTED:OP3,1,3,2,1,18,0.23999999463558197,1,0,0,11.0,9.649621751573351,1.5,0.5,-0.03553880751132965,0.029999999329447746,1.0,100.0,0.0,0.5827178955078125
159,3080,0,385,0,OP3,FIXED_OPPONENT,train,SCRIPTED:OP3,1,3,2,1,19,0.1599999964237213,1,0,4,12.0,10.906395360043174,1.5,0.5,-0.033392682671546936,0.029999999329447746,1.0,100.0,-0.019999999552965164,0.5798003673553467
160,3096,0,387,2,OP3,FIXED_OPPONENT,train,SCRIPTED:OP3,0,2,3,-1,18,0.23999999463558197,1,0,1,11.0,10.322274949815538,-1.2000000476837158,-0.4000000059604645,0.008458226919174194,0.0,-1.0,-100.0,0.0,-0.5209388136863708
161,3104,0,388,2,OP3,FIXED_OPPONENT,train,SCRIPTED:OP3,1,3,2,1,19,0.19999998807907104,1,0,3,12.0,10.00705357601768,1.5,0.5,0.006049513816833496,0.029999999329447746,1.0,100.0,0.0,0.5832059979438782
162,3144,0,393,0,OP3,FIXED_OPPONENT,train,SCRIPTED:OP3,1,3,2,1,18,0.23999999463558197,1,0,2,11.0,9.110218471950954,1.5,0.5,-0.03134055435657501,0.014999999664723873,1.0,100.0,0.0,0.5825910568237305
163,3176,0,397,0,OP3,FIXED_OPPONENT,train,SCRIPTED:OP3,0,2,3,-1,18,0.19999998807907104,1,0,0,11.0,10.71049329969618,-1.2000000476837158,-0.5,-0.0032869577407836914,0.0,-1.0,-100.0,0.0,-0.5370911359786987
164,3184,0,398,0,OP3,FIXED_OPPONENT,train,SCRIPTED:OP3,0,3,3,0,18,0.19999998807907104,1,0,7,11.0,9.62589603000217,-0.699999988079071,0.0,0.00705130398273468,0.0,0.0,0.0,0.0,-0.1541905254125595
165,3200,0,400,1,OP3,FIXED_OPPONENT,train,SCRIPTED:OP3,1,3,2,1,17,0.1599999964237213,1,0,1,11.0,11.272350535673255,1.5,0.4000000059604645,-0.009204335510730743,0.029999999329447746,1.0,100.0,-0.019999999552965164,0.5651512145996094
166,3208,0,401,2,OP3,FIXED_OPPONENT,train,SCRIPTED:OP3,1,3,2,1,18,0.23999999463558197,1,0,2,11.0,10.439957512749565,1.5,0.5,0.017958343029022217,0.029999999329447746,1.0,100.0,0.0,0.5833456516265869
167,3232,0,404,2,OP3,FIXED_OPPONENT,train,SCRIPTED:OP3,0,2,3,-1,19,0.19999998807907104,1,0,0,12.0,11.633562589946546,-1.2000000476837158,-0.5,-0.009765863418579102,0.0,-1.0,-100.0,0.0,-0.5371730923652649
168,3248,0,406,1,OP3,FIXED_OPPONENT,train,SCRIPTED:OP3,1,3,2,1,19,0.1599999964237213,1,0,0,12.0,11.531892475328947,1.5,0.5,0.007076457142829895,0.029999999329447746,1.0,100.0,0.0,0.583217978477478
169,3264,0,408,1,OP3,FIXED_OPPONENT,train,SCRIPTED:OP3,1,3,2,1,20,0.1599999964237213,1,0,5,12.0,10.59686050415039,1.5,0.5,0.009953290224075317,0.029999999329447746,1.0,100.0,-0.019999999552965164,0.5803117156028748
170,3296,0,412,1,OP3,FIXED_OPPONENT,train,SCRIPTED:OP3,0,2,3,-1,19,0.35999998450279236,1,0,5,12.0,10.660771420127467,-1.2000000476837158,-0.4000000059604645,-0.0022899210453033447,0.0,-1.0,-100.0,-0.019999999552965164,-0.5243082046508789
171,3320,0,415,3,OP3,FIXED_OPPONENT,train,SCRIPTED:OP3,0,3,3,0,18,0.3199999928474426,1,0,5,11.0,9.454869588216146,-0.699999988079071,0.0,0.001812964677810669,0.0,0.0,0.0,0.0,-0.15428145229816437
172,3328,0,416,2,OP3,FIXED_OPPONENT,train,SCRIPTED:OP3,0,3,3,0,18,0.1599999964237213,1,0,6,11.0,10.994510226779514,-0.699999988079071,0.0,-0.009720191359519958,0.0,0.0,0.0,0.0,-0.15448158979415894
173,3336,0,417,3,OP3,FIXED_OPPONENT,train,SCRIPTED:OP3,1,3,2,1,17,0.23999999463558197,1,0,1,12.0,9.423523846794577,1.5,0.0,0.006990015506744385,0.0,0.0,0.0,0.0,0.32162413001060486
174,3360,0,420,3,OP3,FIXED_OPPONENT,train,SCRIPTED:OP3,0,2,3,-1,19,0.23999999463558197,1,0,2,12.0,10.375558150442023,-1.2000000476837158,-0.4000000059604645,-0.007533729076385498,0.0,-1.0,-100.0,0.0,-0.5211458802223206
175,3384,0,423,0,OP3,FIXED_OPPONENT,train,SCRIPTED:OP3,0,2,3,-1,19,0.19999998807907104,1,0,2,12.0,11.269079107987253,-1.2000000476837158,-0.5,0.004393622279167175,0.019999999552965164,-1.0,-100.0,0.0,-0.5367409586906433
176,3392,0,424,1,OP3,FIXED_OPPONENT,train,SCRIPTED:OP3,1,3,2,1,18,0.3199999928474426,1,0,2,11.0,10.883772956000435,1.5,0.4000000059604645,0.00528949499130249,0.014999999664723873,1.0,100.0,-0.019999999552965164,0.5651451349258423
177,3424,0,428,3,OP3,FIXED_OPPONENT,train,SCRIPTED:OP3,0,3,3,0,20,0.19999998807907104,1,0,6,12.0,9.978585815429687,-0.699999988079071,0.0,0.0048420727252960205,0.0,0.0,0.0,-0.019999999552965164,-0.15856459736824036
178,3448,0,431,1,OP3,FIXED_OPPONENT,train,SCRIPTED:OP3,0,2,3,-1,19,0.19999998807907104,1,0,1,12.0,9.981792249177632,-1.2000000476837158,-0.5,0.01531219482421875,0.019999999552965164,-1.0,-100.0,0.0,-0.5366027355194092
179,3464,0,433,1,OP3,FIXED_OPPONENT,train,SCRIPTED:OP3,0,2,3,-1,18,0.19999998807907104,1,0,1,11.0,11.163017272949219,-1.2000000476837158,-0.4000000059604645,0.007450848817825317,0.0,-1.0,-100.0,0.0,-0.5209518671035767
180,3472,0,434,1,OP3,FIXED_OPPONENT,train,SCRIPTED:OP3,1,3,2,1,18,0.2800000011920929,1,0,1,11.0,10.893738640679253,1.5,0.5,-0.02238142490386963,0.029999999329447746,1.0,100.0,-0.019999999552965164,0.5799302458763123
181,3480,0,435,3,OP3,FIXED_OPPONENT,train,SCRIPTED:OP3,1,3,2,1,18,0.23999999463558197,1,0,0,11.0,11.661902533637154,1.5,0.4000000059604645,0.006660342216491699,0.029999999329447746,1.0,100.0,-0.019999999552965164,0.5653431415557861
182,3512,0,439,0,OP3,FIXED_OPPONENT,train,SCRIPTED:OP3,1,3,2,1,19,0.23999999463558197,1,0,3,12.0,9.769576223273026,1.5,0.5,-0.016508474946022034,0.029999999329447746,1.0,100.0,0.0,0.5829412937164307
183,3528,0,441,3,OP3,FIXED_OPPONENT,train,SCRIPTED:OP3,1,3,2,1,18,0.3199999928474426,1,0,3,11.0,10.39422353108724,1.5,0.4000000059604645,-0.003923699259757996,0.029999999329447746,1.0,100.0,-0.019999999552965164,0.5652151703834534
184,3544,0,443,2,OP3,FIXED_OPPONENT,train,SCRIPTED:OP3,1,3,2,1,19,0.2800000011920929,1,0,3,12.0,9.873023585269326,1.5,0.4000000059604645,0.008485570549964905,0.014999999664723873,1.0,100.0,0.0,0.568200945854187
185,3576,0,447,3,OP3,FIXED_OPPONENT,train,SCRIPTED:OP3,0,2,3,-1,19,0.1599999964237213,1,0,1,11.0,12.03360306589227,-1.2000000476837158,-0.5,0.004416540265083313,0.019999999552965164,-1.0,-100.0,-0.019999999552965164,-0.5398971438407898
186,3600,0,450,3,OP3,FIXED_OPPONENT,train,SCRIPTED:OP3,0,2,3,-1,16,0.2800000011920929,1,0,3,11.0,11.707951545715332,-1.2000000476837158,0.0,-0.011372864246368408,0.0,0.0,0.0,-0.019999999552965164,-0.26484644412994385
187,3600,0,450,3,OP3,FIXED_OPPONENT,train,SCRIPTED:OP3,1,3,2,1,19,0.23999999463558197,1,0,2,12.0,10.599204615542764,1.5,0.5,-0.014978691935539246,0.014999999664723873,1.0,100.0,0.0,0.5827832221984863
188,3616,0,452,3,OP3,FIXED_OPPONENT,train,SCRIPTED:OP3,0,3,3,0,19,0.2800000011920929,1,0,0,11.0,10.683441162109375,-0.699999988079071,0.0,-0.008892551064491272,0.0,0.0,0.0,0.0,-0.15446721017360687
189,3632,0,454,0,OP3,FIXED_OPPONENT,train,SCRIPTED:OP3,0,2,3,-1,19,0.23999999463558197,1,0,1,12.0,10.50508679841694,-1.2000000476837158,-0.5,0.016201511025428772,0.0,-1.0,-100.0,0.0,-0.5368446707725525
190,3656,0,457,1,OP3,FIXED_OPPONENT,train,SCRIPTED:OP3,0,2,3,-1,18,0.35999998450279236,1,0,0,11.0,10.152431064181858,-1.2000000476837158,-0.4000000059604645,-0.0013375133275985718,0.0,-1.0,-100.0,0.0,-0.5210657119750977
191,3672,0,459,3,OP3,FIXED_OPPONENT,train,SCRIPTED:OP3,1,3,2,1,18,0.35999998450279236,1,0,5,11.0,9.03121609157986,1.5,0.5,0.008259817957878113,0.02499999850988388,1.0,100.0,-0.019999999552965164,0.5802327394485474
192,3688,0,461,0,OP3,FIXED_OPPONENT,train,SCRIPTED:OP3,0,3,3,0,18,0.2800000011920929,1,0,4,11.0,10.121075100368923,-0.699999988079071,0.0,-0.008301407098770142,0.0,0.0,0.0,0.0,-0.1544569730758667
193,3720,0,465,0,OP3,FIXED_OPPONENT,train,SCRIPTED:OP3,1,3,2,1,18,0.2800000011920929,1,0,4,11.0,8.99892849392361,1.5,0.4000000059604645,-0.008662089705467224,0.014999999664723873,1.0,100.0,-0.019999999552965164,0.5649763345718384
194,3744,0,468,3,OP3,FIXED_OPPONENT,train,SCRIPTED:OP3,1,3,2,1,18,0.11999999731779099,1,0,0,12.0,11.684581332736546,1.5,0.5,-0.018875330686569214,0.029999999329447746,1.0,100.0,0.0,0.5829135179519653
195,3752,0,469,2,OP3,FIXED_OPPONENT,train,SCRIPTED:OP3,1,3,2,1,19,0.1599999964237213,1,0,0,12.0,11.993743896484375,1.5,0.5,-0.0068655312061309814,0.029999999329447746,1.0,100.0,0.0,0.5830545425415039
196,3768,0,471,0,OP3,FIXED_OPPONENT,train,SCRIPTED:OP3,0,2,3,-1,19,0.19999998807907104,1,0,0,12.0,11.278643156352796,-1.2000000476837158,-0.5,0.007552653551101685,0.019999999552965164,-1.0,-100.0,0.0,-0.5367010235786438
197,3776,0,472,0,OP3,FIXED_OPPONENT,train,SCRIPTED:OP3,0,2,3,-1,15,0.19999998807907104,1,0,1,11.0,9.736664835611979,-1.2000000476837158,-0.5,-0.003024876117706299,0.0,-1.0,-100.0,0.0,-0.5370877981185913
198,3792,0,474,2,OP3,FIXED_OPPONENT,train,SCRIPTED:OP3,0,3,3,0,20,0.23999999463558197,1,0,2,13.0,9.732044219970703,-0.699999988079071,0.0,0.00520363450050354,0.0,0.0,0.0,-0.019999999552965164,-0.15855832397937775
199,3824,0,478,3,OP3,FIXED_OPPONENT,train,SCRIPTED:OP3,0,2,3,-1,19,0.19999998807907104,1,0,3,12.0,9.64279496042352,-1.2000000476837158,-0.5,0.008511513471603394,0.019999999552965164,-1.0,-100.0,-0.019999999552965164,-0.5398455858230591
200,3848,0,481,3,OP3,FIXED_OPPONENT,train,SCRIPTED:OP3,0,3,3,0,20,0.19999998807907104,1,0,5,12.0,9.95047836303711,-0.699999988079071,0.0,-0.00967341661453247,0.0,0.0,0.0,-0.03999999910593033,-0.16314542293548584
201,3880,0,485,3,OP3,FIXED_OPPONENT,train,SCRIPTED:OP3,0,3,3,0,20,0.23999999463558197,1,0,3,13.0,9.546702575683593,-0.699999988079071,0.0,-0.00687088817358017,0.0,0.0,0.0,-0.019999999552965164,-0.15876758098602295
202,3896,0,487,2,OP3,FIXED_OPPONENT,train,SCRIPTED:OP3,0,2,3,-1,18,0.35999998450279236,1,0,2,11.0,10.001538594563803,-1.2000000476837158,-0.4000000059604645,0.0025652050971984863,0.0,-1.0,-100.0,0.0,-0.5210151672363281
203,3904,0,488,1,OP3,FIXED_OPPONENT,train,SCRIPTED:OP3,0,2,3,-1,20,0.23999999463558197,1,0,5,13.0,9.643771362304687,-1.2000000476837158,-0.5,0.009439527988433838,0.019999999552965164,-1.0,-100.0,-0.019999999552965164,-0.5398338437080383
204,3920,0,490,2,OP3,FIXED_OPPONENT,train,SCRIPTED:OP3,1,3,2,1,16,0.23999999463558197,1,0,0,11.0,11.444454193115234,1.5,0.4000000059604645,-0.007306158542633057,0.029999999329447746,1.0,100.0,-0.019999999552965164,0.5651742219924927
205,3920,0,490,0,OP3,FIXED_OPPONENT,train,SCRIPTED:OP3,1,3,2,1,19,0.1599999964237213,1,0,5,12.0,9.493915758634868,1.5,0.5,-0.002930253744125366,0.029999999329447746,1.0,100.0,0.0,0.5831006765365601
206,3920,0,490,0,OP3,FIXED_OPPONENT,train,SCRIPTED:OP3,1,3,2,1,18,0.23999999463558197,1,0,0,11.0,11.674591064453125,1.5,0.4000000059604645,0.0046269893646240234,0.014999999664723873,1.0,100.0,0.0,0.5681544542312622
207,4000,0,500,0,OP3,FIXED_OPPONENT,train,SCRIPTED:OP3,0,3,3,0,22,0.2800000011920929,1,0,1,15.0,12.070478959517045,-0.699999988079071,0.0,-0.00141800194978714,0.0,0.0,0.0,0.0,-0.15433751046657562
208,4008,0,501,2,OP3,FIXED_OPPONENT,train,SCRIPTED:OP3,0,1,3,-2,20,0.19999998807907104,1,0,5,13.0,10.025581359863281,-1.2000000476837158,-0.5,-0.0031327158212661743,0.019999999552965164,-1.0,-100.0,-0.03999999910593033,-0.5431331396102905
209,4032,0,504,1,OP3,FIXED_OPPONENT,train,SCRIPTED:OP3,1,3,2,1,19,0.2800000011920929,1,0,2,13.0,9.388382761101974,1.5,0.5,-0.03503265976905823,0.029999999329447746,1.0,100.0,0.0,0.58272385597229
210,4040,0,505,3,OP3,FIXED_OPPONENT,train,SCRIPTED:OP3,1,3,2,1,18,0.2800000011920929,1,0,2,11.0,10.110529581705729,1.5,0.4000000059604645,0.0069094449281692505,0.029999999329447746,1.0,100.0,0.0,0.5683624744415283
211,4048,0,506,2,OP3,FIXED_OPPONENT,train,SCRIPTED:OP3,1,3,2,1,18,0.23999999463558197,1,0,0,11.0,11.343451605902779,1.5,0.0,0.004859060049057007,0.0,0.0,0.0,0.0,0.3215901553630829
212,4064,0,508,2,OP3,FIXED_OPPONENT,train,SCRIPTED:OP3,0,2,3,-1,18,0.2800000011920929,1,0,3,11.0,11.616832309299046,-1.2000000476837158,-0.5,-0.003767833113670349,0.019999999552965164,-1.0,-100.0,0.0,-0.5368442535400391
213,4064,0,508,3,OP3,FIXED_OPPONENT,train,SCRIPTED:OP3,1,3,2,1,18,0.1599999964237213,1,0,2,12.0,10.850122239854601,1.5,0.5,-0.026261307299137115,0.029999999329447746,1.0,100.0,0.0,0.5828267931938171
214,4072,0,509,2,OP3,FIXED_OPPONENT,train,SCRIPTED:OP3,1,3,2,1,19,0.19999998807907104,1,0,2,11.0,11.198426899157072,1.5,0.5,-0.02811788022518158,0.029999999329447746,1.0,100.0,-0.019999999552965164,0.5798625946044922
215,4144,0,518,1,OP3,FIXED_OPPONENT,train,SCRIPTED:OP3,0,2,3,-1,18,0.2800000011920929,1,0,7,11.0,9.192157321506077,-1.2000000476837158,-0.5,-0.0026157349348068237,0.019999999552965164,-1.0,-100.0,0.0,-0.5368297100067139
216,4152,0,519,0,OP3,FIXED_OPPONENT,train,SCRIPTED:OP3,0,2,3,-1,18,0.11999999731779099,1,0,1,11.0,11.414794921875,-1.2000000476837158,-0.4000000059604645,-0.0026830285787582397,0.019999999552965164,-1.0,-100.0,0.0,-0.5208240747451782
217,4168,0,521,1,OP3,FIXED_OPPONENT,train,SCRIPTED:OP3,1,3,2,1,17,0.1599999964237213,1,0,1,11.0,12.233308679917279,1.5,0.4000000059604645,-0.0033930689096450806,0.029999999329447746,1.0,100.0,0.0,0.5682384967803955
218,4192,0,524,0,OP3,FIXED_OPPONENT,train,SCRIPTED:OP3,1,3,2,1,18,0.2800000011920929,1,0,0,11.0,11.332922193739149,1.5,0.4000000059604645,0.006394505500793457,0.029999999329447746,1.0,100.0,0.0,0.5683563351631165
219,4200,0,525,1,OP3,FIXED_OPPONENT,train,SCRIPTED:OP3,0,2,3,-1,20,0.1599999964237213,1,0,1,14.0,10.508930206298828,-1.2000000476837158,-0.5,-0.0038297921419143677,0.019999999552965164,-1.0,-100.0,-0.019999999552965164,-0.5400010347366333
220,4208,0,526,0,OP3,FIXED_OPPONENT,train,SCRIPTED:OP3,1,3,2,1,17,0.19999998807907104,1,0,2,11.0,9.9090576171875,1.5,0.4000000059604645,-0.008848592638969421,0.029999999329447746,1.0,100.0,0.0,0.568172812461853
221,4216,0,527,0,OP3,FIXED_OPPONENT,train,SCRIPTED:OP3,0,3,3,0,19,0.1599999964237213,1,0,4,12.0,11.239499543842516,-0.699999988079071,0.0,-0.00966237485408783,0.0,0.0,0.0,0.0,-0.15448059141635895
222,4224,0,528,2,OP3,FIXED_OPPONENT,train,SCRIPTED:OP3,0,2,3,-1,20,0.3199999928474426,1,0,0,12.0,10.516867065429688,-1.2000000476837158,-0.5,-0.00596088171005249,0.019999999552965164,-1.0,-100.0,-0.019999999552965164,-0.5400278568267822
223,4296,0,537,1,OP3,FIXED_OPPONENT,train,SCRIPTED:OP3,0,2,3,-1,18,0.19999998807907104,1,0,2,11.0,10.49161868625217,-1.2000000476837158,0.0,0.014304503798484802,0.019999999552965164,0.0,0.0,-0.019999999552965164,-0.2640911936759949
224,4312,0,539,1,OP3,FIXED_OPPONENT,train,SCRIPTED:OP3,0,2,3,-1,21,0.19999998807907104,1,0,8,14.0,10.118330455961681,-1.2000000476837158,-0.5,0.00790482759475708,0.0,-1.0,-100.0,0.0,-0.536949634552002
225,4312,0,539,1,OP3,FIXED_OPPONENT,train,SCRIPTED:OP3,0,3,3,0,18,0.19999998807907104,1,0,5,11.0,9.744563632541233,-0.699999988079071,0.0,0.0072760432958602905,0.0,0.0,0.0,-0.019999999552965164,-0.15852241218090057
226,4344,0,543,3,OP3,FIXED_OPPONENT,train,SCRIPTED:OP3,0,2,3,-1,19,0.19999998807907104,1,0,6,12.0,9.425771612870065,-1.2000000476837158,-0.5,0.006615549325942993,0.019999999552965164,-1.0,-100.0,0.0,-0.5367128252983093
227,4352,0,544,0,OP3,FIXED_OPPONENT,train,SCRIPTED:OP3,0,1,3,-2,16,0.1599999964237213,1,0,2,12.0,11.158186912536621,-1.2000000476837158,-0.5,0.013959050178527832,0.019999999552965164,-1.0,-100.0,0.0,-0.5366199016571045
228,4352,0,544,2,OP3,FIXED_OPPONENT,train,SCRIPTED:OP3,0,3,3,0,19,0.1599999964237213,1,0,0,11.0,12.42379359195107,-0.699999988079071,0.0,-0.002592146396636963,0.0,0.0,0.0,0.0,-0.1543578803539276
229,4360,0,545,2,OP3,FIXED_OPPONENT,train,SCRIPTED:OP3,0,3,3,0,18,0.1599999964237213,1,0,8,11.0,10.799495273166233,-0.699999988079071,0.0,0.007925733923912048,0.0,0.0,0.0,0.0,-0.15417535603046417
230,4368,0,546,0,OP3,FIXED_OPPONENT,train,SCRIPTED:OP3,0,3,3,0,20,0.35999998450279236,1,0,2,11.0,9.708761596679688,-0.699999988079071,0.0,-0.0055687278509140015,0.0,0.0,0.0,-0.019999999552965164,-0.15874500572681427
231,4448,0,556,3,OP3,FIXED_OPPONENT,train,SCRIPTED:OP3,0,2,3,-1,19,0.23999999463558197,1,0,0,12.0,9.520483719675164,-1.2000000476837158,-0.5,0.014638617634773254,0.0,-1.0,-100.0,0.0,-0.5368644595146179
232,4456,0,557,0,OP3,FIXED_OPPONENT,train,SCRIPTED:OP3,0,2,3,-1,18,0.1599999964237213,1,0,1,11.0,10.805631001790365,-1.2000000476837158,-0.5,-0.012236624956130981,0.0,-1.0,-100.0,0.0,-0.537204384803772
233,4472,0,559,2,OP3,FIXED_OPPONENT,train,SCRIPTED:OP3,0,2,3,-1,20,0.23999999463558197,1,0,5,13.0,10.192945098876953,-1.2000000476837158,-0.5,-0.009311720728874207,0.0,-1.0,-100.0,-0.03999999910593033,-0.5434611439704895
234,4496,0,562,3,OP3,FIXED_OPPONENT,train,SCRIPTED:OP3,1,3,1,2,16,0.2800000011920929,1,0,0,11.0,11.765680313110352,1.5,0.5,-0.004196971654891968,0.029999999329447746,1.0,100.0,-0.019999999552965164,0.5801447629928589
235,4496,0,562,0,OP3,FIXED_OPPONENT,train,SCRIPTED:OP3,0,2,3,-1,19,0.19999998807907104,1,0,3,11.0,10.147824739155016,-1.2000000476837158,-0.5,-0.01434016227722168,0.019999999552965164,-1.0,-100.0,0.0,-0.5369780659675598
236,4504,0,563,0,OP3,FIXED_OPPONENT,train,SCRIPTED:OP3,1,3,2,1,19,0.19999998807907104,1,0,3,13.0,9.949515091745477,1.5,0.5,-0.009927056729793549,0.029999999329447746,1.0,100.0,0.0,0.5830185413360596
237,4512,0,564,2,OP3,FIXED_OPPONENT,train,SCRIPTED:OP3,1,3,2,1,19,0.19999998807907104,1,0,4,13.0,10.483799984580592,1.5,0.5,-0.017864525318145752,0.014999999664723873,1.0,100.0,0.0,0.5827493071556091
238,4520,0,565,1,OP3,FIXED_OPPONENT,train,SCRIPTED:OP3,0,2,3,-1,21,0.11999999731779099,1,0,5,14.0,11.329307919456845,-1.2000000476837158,0.0,-0.001723363995552063,0.0,0.0,0.0,0.0,-0.26054900884628296
239,4600,0,575,1,OP3,FIXED_OPPONENT,train,SCRIPTED:OP3,0,2,3,-1,18,0.2800000011920929,1,0,7,11.0,9.788797166612413,-1.2000000476837158,-0.5,-0.01501503586769104,0.0,-1.0,-100.0,-0.019999999552965164,-0.540393590927124
240,4608,0,576,2,OP3,FIXED_OPPONENT,train,SCRIPTED:OP3,1,3,2,1,20,0.1599999964237213,1,0,4,13.0,10.345257568359376,1.5,0.5,-0.0334189236164093,0.029999999329447746,1.0,100.0,-0.019999999552965164,0.579800009727478
241,4632,0,579,2,OP3,FIXED_OPPONENT,train,SCRIPTED:OP3,0,3,3,0,20,0.11999999731779099,1,0,4,13.0,11.160227203369141,-0.699999988079071,0.0,0.002102211117744446,0.0,0.0,0.0,-0.019999999552965164,-0.15861205756664276
242,4640,0,580,3,OP3,FIXED_OPPONENT,train,SCRIPTED:OP3,0,2,3,-1,18,0.11999999731779099,1,0,4,12.0,9.985527038574219,-1.2000000476837158,-0.4000000059604645,-0.006731927394866943,0.019999999552965164,-1.0,-100.0,0.0,-0.5208764672279358
243,4640,0,580,3,OP3,FIXED_OPPONENT,train,SCRIPTED:OP3,1,3,2,1,18,0.2800000011920929,1,0,0,13.0,10.731250339084202,1.5,0.4000000059604645,-0.00879303365945816,0.029999999329447746,1.0,100.0,-0.03999999910593033,0.5621237754821777
244,4648,0,581,2,OP3,FIXED_OPPONENT,train,SCRIPTED:OP3,1,3,1,2,17,0.3199999928474426,1,0,2,12.0,8.306880277745863,1.5,0.5,0.0034343451261520386,0.014999999664723873,1.0,100.0,0.0,0.5829992890357971
245,4664,0,583,3,OP3,FIXED_OPPONENT,train,SCRIPTED:OP3,1,3,2,1,20,0.3199999928474426,1,0,3,13.0,10.137362670898437,1.5,0.5,-0.026328355073928833,0.029999999329447746,1.0,100.0,-0.019999999552965164,0.5798836946487427
246,4664,0,583,1,OP3,FIXED_OPPONENT,train,SCRIPTED:OP3,1,3,2,1,18,0.3199999928474426,1,0,3,11.0,9.580887688530815,1.5,0.4000000059604645,0.004609629511833191,0.014999999664723873,1.0,100.0,0.0,0.5681543350219727
247,4728,0,591,0,OP3,FIXED_OPPONENT,train,SCRIPTED:OP3,1,3,2,1,16,0.2800000011920929,1,0,2,12.0,9.260180473327637,1.5,0.5,-0.015979617834091187,0.014999999664723873,1.0,100.0,-0.03999999910593033,0.5768710374832153
248,4752,0,594,2,OP3,FIXED_OPPONENT,train,SCRIPTED:OP3,1,3,1,2,18,0.23999999463558197,1,0,1,11.0,9.292808532714844,1.5,0.5,-0.03586094081401825,0.014999999664723873,1.0,100.0,0.0,0.5825380086898804
249,4776,0,597,2,OP3,FIXED_OPPONENT,train,SCRIPTED:OP3,0,2,3,-1,18,0.23999999463558197,1,0,1,11.0,11.83022732204861,-1.2000000476837158,-0.5,-0.0020483285188674927,0.019999999552965164,-1.0,-100.0,0.0,-0.5368225574493408
250,4784,0,598,2,OP3,FIXED_OPPONENT,train,SCRIPTED:OP3,1,3,2,1,18,0.2800000011920929,1,0,0,11.0,11.182457817925346,1.5,0.5,-0.019712448120117188,0.029999999329447746,1.0,100.0,0.0,0.5829036235809326
251,4784,0,598,2,OP3,FIXED_OPPONENT,train,SCRIPTED:OP3,0,2,3,-1,18,0.2800000011920929,1,0,3,11.0,9.880956861707899,-1.2000000476837158,-0.4000000059604645,0.007743865251541138,0.019999999552965164,-1.0,-100.0,0.0,-0.5206889510154724
252,4800,0,600,3,OP3,FIXED_OPPONENT,train,SCRIPTED:OP3,1,3,2,1,19,0.2800000011920929,1,0,3,11.0,9.903383756938734,1.5,0.5,-0.02094346284866333,0.014999999664723873,1.0,100.0,-0.019999999552965164,0.5797702670097351
253,4808,0,601,1,OP3,FIXED_OPPONENT,train,SCRIPTED:OP3,1,3,2,1,18,0.23999999463558197,1,0,0,11.0,10.89674546983507,1.5,0.5,-0.03188221901655197,0.029999999329447746,1.0,100.0,0.0,0.5827608108520508
254,4816,0,602,1,OP3,FIXED_OPPONENT,train,SCRIPTED:OP3,1,3,2,1,19,0.23999999463558197,1,0,5,14.0,9.97033048930921,1.5,0.5,-0.025676891207695007,0.029999999329447746,1.0,100.0,0.0,0.5828337669372559
255,4872,0,609,0,OP3,FIXED_OPPONENT,train,SCRIPTED:OP3,0,2,3,-1,18,0.1599999964237213,1,0,0,11.0,11.599010891384548,-1.2000000476837158,-0.4000000059604645,0.007946982979774475,0.019999999552965164,-1.0,-100.0,0.0,-0.5206863284111023
256,4896,0,612,2,OP3,FIXED_OPPONENT,train,SCRIPTED:OP3,0,3,3,0,18,0.1599999964237213,1,0,5,11.0,9.887154473198784,-0.699999988079071,0.0,0.001529395580291748,0.0,0.0,0.0,0.0,-0.15428635478019714
257,4928,0,616,1,OP3,FIXED_OPPONENT,train,SCRIPTED:OP3,0,3,3,0,19,0.23999999463558197,0,1,5,12.0,9.60445122969778,-0.699999988079071,0.0,-0.007705166935920715,0.0,0.0,0.0,0.0,-0.15444661676883698
258,4928,0,616,2,OP3,FIXED_OPPONENT,train,SCRIPTED:OP3,0,2,3,-1,18,0.11999999731779099,1,0,2,11.0,11.509245130750868,-1.2000000476837158,-0.4000000059604645,-0.005074054002761841,0.019999999552965164,-1.0,-100.0,0.0,-0.5208550095558167
259,4928,0,616,3,OP3,FIXED_OPPONENT,train,SCRIPTED:OP3,0,1,3,-2,18,0.19999998807907104,1,0,3,11.0,10.584704081217447,-1.2000000476837158,-0.5,-0.006533637642860413,0.019999999552965164,-1.0,-100.0,0.0,-0.5368792414665222
260,4944,0,618,1,OP3,FIXED_OPPONENT,train,SCRIPTED:OP3,1,3,2,1,18,0.1599999964237213,1,0,6,12.0,10.59961191813151,1.5,0.0,0.0057128071784973145,0.0,0.0,0.0,0.0,0.32160377502441406
261,4960,0,620,3,OP3,FIXED_OPPONENT,train,SCRIPTED:OP3,0,3,3,0,19,0.07999999821186066,1,0,5,12.0,10.45389195492393,-0.699999988079071,0.0,-0.0008033514022827148,0.0,0.0,0.0,0.0,-0.15432684123516083
262,4976,0,622,0,OP3,FIXED_OPPONENT,train,SCRIPTED:OP3,0,1,3,-2,20,0.1599999964237213,1,0,4,13.0,11.683364868164062,-1.2000000476837158,-0.5,0.0056743621826171875,0.019999999552965164,-1.0,-100.0,-0.019999999552965164,-0.5398813486099243
263,5016,0,627,2,OP3,FIXED_OPPONENT,train,SCRIPTED:OP3,0,2,3,-1,18,0.19999998807907104,1,0,1,11.0,10.849661085340712,-1.2000000476837158,0.0,0.010826736688613892,0.019999999552965164,0.0,0.0,0.0,-0.2600095570087433
264,5040,0,630,2,OP3,FIXED_OPPONENT,train,SCRIPTED:OP3,1,3,2,1,18,0.19999998807907104,1,0,2,11.0,11.534857008192274,1.5,0.0,-0.00177764892578125,0.0,0.0,0.0,-0.019999999552965164,0.31749361753463745
265,5048,0,631,2,OP3,FIXED_OPPONENT,train,SCRIPTED:OP3,1,3,1,2,15,0.19999998807907104,1,0,0,11.0,12.600429280598958,1.5,0.5,0.025225162506103516,0.029999999329447746,1.0,100.0,0.0,0.5834309458732605
266,5080,0,635,3,OP3,FIXED_OPPONENT,train,SCRIPTED:OP3,1,3,2,1,17,0.19999998807907104,1,0,6,11.0,10.630157470703125,1.5,0.5,-0.01013520359992981,0.029999999329447746,1.0,100.0,0.0,0.5830161571502686
267,5080,0,635,0,OP3,FIXED_OPPONENT,train,SCRIPTED:OP3,0,2,3,-1,19,0.3199999928474426,0,1,2,12.0,11.68879619397615,-1.2000000476837158,-0.4000000059604645,0.008302927017211914,0.019999999552965164,-1.0,-100.0,-0.019999999552965164,-0.5239137411117554
268,5080,0,635,2,OP3,FIXED_OPPONENT,train,SCRIPTED:OP3,0,2,3,-1,19,0.19999998807907104,1,0,7,12.0,9.220646105314556,-1.2000000476837158,-0.5,0.015956446528434753,0.0,-1.0,-100.0,0.0,-0.5368477702140808
269,5104,0,638,2,OP3,FIXED_OPPONENT,train,SCRIPTED:OP3,1,3,1,2,18,0.3199999928474426,1,0,2,13.0,8.574078877766928,1.5,0.5,-0.01118507981300354,0.02499999850988388,1.0,100.0,0.0,0.5829451084136963
270,5144,0,643,2,OP3,FIXED_OPPONENT,train,SCRIPTED:OP3,1,3,2,1,21,0.35999998450279236,1,0,6,14.0,9.214197794596354,1.5,0.5,0.0063704997301101685,0.014999999664723873,1.0,100.0,0.0,0.5830338001251221
271,5168,0,646,1,OP3,FIXED_OPPONENT,train,SCRIPTED:OP3,1,3,2,1,19,0.19999998807907104,1,0,8,11.0,9.59634078176398,1.5,0.5,0.012612059712409973,0.029999999329447746,1.0,100.0,0.0,0.5832829475402832
272,5200,0,650,1,OP3,FIXED_OPPONENT,train,SCRIPTED:OP3,1,3,2,1,19,0.23999999463558197,1,0,1,12.0,10.791948017321134,1.5,0.8999999761581421,0.007807552814483643,0.014999999664723873,2.0,200.0,0.0,0.7522783875465393
273,5208,0,651,2,OP3,FIXED_OPPONENT,train,SCRIPTED:OP3,1,3,2,1,21,0.3999999761581421,1,0,3,13.0,10.270865304129464,1.5,0.4000000059604645,-0.010198429226875305,0.02499999850988388,1.0,100.0,-0.019999999552965164,0.5650787353515625
274,5216,0,652,0,OP3,FIXED_OPPONENT,train,SCRIPTED:OP3,1,3,2,1,17,0.19999998807907104,1,0,1,12.0,8.887741986443014,1.5,0.4000000059604645,-0.007304444909095764,0.029999999329447746,1.0,100.0,0.0,0.568191409111023
275,5224,0,653,0,OP3,FIXED_OPPONENT,train,SCRIPTED:OP3,1,3,2,1,18,0.3199999928474426,1,0,1,12.0,10.43908437093099,1.5,0.5,-0.02611328661441803,0.029999999329447746,1.0,100.0,0.0,0.5828285813331604
276,5232,0,654,3,OP3,FIXED_OPPONENT,train,SCRIPTED:OP3,0,2,3,-1,19,0.1599999964237213,1,0,0,12.0,11.406429089997944,-1.2000000476837158,-0.5,-0.008004322648048401,0.0,-1.0,-100.0,0.0,-0.5371508598327637
277,5256,0,657,0,OP3,FIXED_OPPONENT,train,SCRIPTED:OP3,1,3,2,1,19,0.1599999964237213,1,0,6,12.0,10.528880872224507,1.5,0.5,-0.022385939955711365,0.029999999329447746,1.0,100.0,0.0,0.5828723907470703
278,5288,0,661,3,OP3,FIXED_OPPONENT,train,SCRIPTED:OP3,1,3,2,1,18,0.23999999463558197,1,0,3,12.0,10.279118855794271,1.5,0.5,-0.013656891882419586,0.029999999329447746,1.0,100.0,0.0,0.5829747915267944
279,5336,0,667,3,OP3,FIXED_OPPONENT,train,SCRIPTED:OP3,0,2,3,-1,21,0.3199999928474426,1,0,1,12.0,10.098983764648438,-1.2000000476837158,0.0,0.011318102478981018,0.0,0.0,0.0,-0.019999999552965164,-0.2644713222980499
280,5344,0,668,3,OP3,FIXED_OPPONENT,train,SCRIPTED:OP3,1,3,2,1,18,0.35999998450279236,1,0,1,11.0,9.510987175835503,1.5,0.5,0.014679953455924988,0.014999999664723873,1.0,100.0,0.0,0.5831312537193298
281,5368,0,671,3,OP3,FIXED_OPPONENT,train,SCRIPTED:OP3,1,3,2,1,19,0.19999998807907104,1,0,2,14.0,9.966073287160773,1.5,0.5,-0.02574990689754486,0.029999999329447746,1.0,100.0,0.0,0.5828328132629395
282,5368,0,671,3,OP3,FIXED_OPPONENT,train,SCRIPTED:OP3,0,2,3,-1,20,0.1599999964237213,1,0,3,12.0,9.54934310913086,-1.2000000476837158,-0.5,-0.010041698813438416,0.0,-1.0,-100.0,-0.019999999552965164,-0.5403310060501099
283,5376,0,672,3,OP3,FIXED_OPPONENT,train,SCRIPTED:OP3,0,2,3,-1,18,0.19999998807907104,1,0,1,12.0,10.113538106282553,-1.2000000476837158,-0.5,0.009034067392349243,0.019999999552965164,-1.0,-100.0,0.0,-0.5366822481155396
284,5376,0,672,1,OP3,FIXED_OPPONENT,train,SCRIPTED:OP3,0,3,3,0,19,0.23999999463558197,1,0,2,12.0,10.821570948550576,-0.699999988079071,0.0,-0.007797181606292725,0.0,0.0,0.0,0.0,-0.15444821119308472
285,5408,0,676,1,OP3,FIXED_OPPONENT,train,SCRIPTED:OP3,1,3,1,2,19,0.2800000011920929,1,0,1,11.0,11.285979421515213,1.5,0.5,-0.025771543383598328,0.029999999329447746,1.0,100.0,0.0,0.5828325748443604
286,5440,0,680,3,OP3,FIXED_OPPONENT,train,SCRIPTED:OP3,1,3,2,1,19,0.1599999964237213,1,0,3,12.0,10.46613191303454,1.5,0.8999999761581421,-0.009941346943378448,0.029999999329447746,2.0,200.0,0.0,0.7522571682929993
287,5488,0,686,1,OP3,FIXED_OPPONENT,train,SCRIPTED:OP3,0,2,3,-1,19,0.2800000011920929,1,0,0,12.0,10.139577765213815,-1.2000000476837158,-0.5,0.010962516069412231,0.019999999552965164,-1.0,-100.0,-0.019999999552965164,-0.5398147106170654
288,5488,0,686,2,OP3,FIXED_OPPONENT,train,SCRIPTED:OP3,1,3,2,1,18,0.3199999928474426,1,0,1,11.0,10.045236375596788,1.5,0.4000000059604645,0.00650767982006073,0.014999999664723873,1.0,100.0,-0.019999999552965164,0.565159797668457
289,5512,0,689,0,OP3,FIXED_OPPONENT,train,SCRIPTED:OP3,1,3,2,1,18,0.23999999463558197,1,0,0,11.0,10.488729688856337,1.5,0.5,-0.022271141409873962,0.029999999329447746,1.0,100.0,0.0,0.5828737020492554
290,5520,0,690,2,OP3,FIXED_OPPONENT,train,SCRIPTED:OP3,1,3,2,1,19,0.1599999964237213,1,0,3,12.0,12.124856246145148,1.5,0.5,0.006393373012542725,0.0,1.0,100.0,0.0,0.5828579664230347
291,5536,0,692,3,OP3,FIXED_OPPONENT,train,SCRIPTED:OP3,1,3,2,1,20,0.35999998450279236,1,0,2,13.0,10.367630004882812,1.5,0.5,0.01879112422466278,0.014999999664723873,1.0,100.0,-0.03999999910593033,0.5772833228111267
292,5544,0,693,2,OP3,FIXED_OPPONENT,train,SCRIPTED:OP3,1,3,2,1,21,0.2800000011920929,1,0,6,11.0,9.228599911644345,1.5,0.5,-0.02483394742012024,0.029999999329447746,1.0,100.0,-0.019999999552965164,0.579901397228241
293,5552,0,694,0,OP3,FIXED_OPPONENT,train,SCRIPTED:OP3,0,1,3,-2,18,0.07999999821186066,1,0,0,11.0,12.368379380967882,-1.2000000476837158,-0.5,-0.007186561822891235,0.019999999552965164,-1.0,-100.0,-0.019999999552965164,-0.5400432348251343
294,5576,0,697,3,OP3,FIXED_OPPONENT,train,SCRIPTED:OP3,0,2,3,-1,17,0.23999999463558197,1,0,0,11.0,11.197018791647519,-1.2000000476837158,-0.4000000059604645,-0.006172582507133484,0.0,-1.0,-100.0,0.0,-0.5211282968521118
295,5632,0,704,3,OP3,FIXED_OPPONENT,train,SCRIPTED:OP3,0,3,3,0,18,0.23999999463558197,1,0,0,11.0,11.341412862141928,-0.699999988079071,0.0,-0.009715601801872253,0.0,0.0,0.0,0.0,-0.15448151528835297
296,5632,0,704,2,OP3,FIXED_OPPONENT,train,SCRIPTED:OP3,0,2,3,-1,18,0.3199999928474426,1,0,1,11.0,10.464558919270834,-1.2000000476837158,-0.5,-0.014433234930038452,0.0,-1.0,-100.0,0.0,-0.5372321605682373
297,5664,0,708,3,OP3,FIXED_OPPONENT,train,SCRIPTED:OP3,1,3,2,1,19,0.3199999928474426,1,0,4,14.0,10.277589496813322,1.5,0.5,-0.003785066306591034,0.029999999329447746,1.0,100.0,0.0,0.5830905437469482
298,5664,0,708,3,OP3,FIXED_OPPONENT,train,SCRIPTED:OP3,0,2,3,-1,18,0.3199999928474426,1,0,4,11.0,8.88814968532986,-1.2000000476837158,-0.4000000059604645,-0.01050865650177002,0.019999999552965164,-1.0,-100.0,0.0,-0.5209254622459412
299,5688,0,711,1,OP3,FIXED_OPPONENT,train,SCRIPTED:OP3,0,2,3,-1,18,0.19999998807907104,1,0,5,11.0,10.980913798014322,-1.2000000476837158,-0.5,-0.0024624615907669067,0.0,-1.0,-100.0,-0.019999999552965164,-0.5402356386184692
300,5696,0,712,3,OP3,FIXED_OPPONENT,train,SCRIPTED:OP3,1,3,2,1,18,0.2800000011920929,1,0,1,11.0,9.814631991916233,1.5,0.4000000059604645,-0.002812415361404419,0.029999999329447746,1.0,100.0,0.0,0.568245530128479
301,5704,0,713,2,OP3,FIXED_OPPONENT,train,SCRIPTED:OP3,1,3,2,1,21,0.35999998450279236,1,0,1,14.0,10.89687747047061,1.5,0.5,-0.02958868443965912,0.014999999664723873,1.0,100.0,0.0,0.5826116800308228
302,5728,0,716,3,OP3,FIXED_OPPONENT,train,SCRIPTED:OP3,0,2,3,-1,19,0.11999999731779099,1,0,1,11.0,11.092194406609787,-1.2000000476837158,-0.5,0.010504886507987976,0.019999999552965164,-1.0,-100.0,-0.019999999552965164,-0.5398204326629639
303,5768,0,721,3,OP3,FIXED_OPPONENT,train,SCRIPTED:OP3,1,3,2,1,17,0.2800000011920929,1,0,4,11.0,9.332555434283089,1.5,0.0,-0.00401093065738678,0.0,0.0,0.0,0.0,0.32144877314567566
304,5776,0,722,3,OP3,FIXED_OPPONENT,train,SCRIPTED:OP3,1,3,2,1,18,0.11999999731779099,1,0,7,12.0,10.214726765950521,1.5,1.0,-0.018067434430122375,0.029999999329447746,2.0,200.0,-0.019999999552965164,0.7598109245300293
305,5832,0,729,3,OP3,FIXED_OPPONENT,train,SCRIPTED:OP3,0,3,3,0,21,0.23999999463558197,1,0,4,14.0,10.477687290736608,-0.699999988079071,0.0,-0.00997231900691986,0.0,0.0,0.0,0.0,-0.15448595583438873
306,5832,0,729,3,OP3,FIXED_OPPONENT,train,SCRIPTED:OP3,0,2,3,-1,21,0.1599999964237213,1,0,6,14.0,9.426603771391369,-1.2000000476837158,-0.5,0.015217587351799011,0.0,-1.0,-100.0,0.0,-0.5368571281433105
307,5848,0,731,3,OP3,FIXED_OPPONENT,train,SCRIPTED:OP3,0,2,3,-1,18,0.23999999463558197,1,0,1,11.0,10.413216484917534,-1.2000000476837158,-0.5,0.0024352073669433594,0.019999999552965164,-1.0,-100.0,0.0,-0.5367657542228699
308,5848,0,731,1,OP3,FIXED_OPPONENT,train,SCRIPTED:OP3,0,3,3,0,19,0.11999999731779099,1,0,1,12.0,10.42919279399671,-0.699999988079071,0.0,-0.01027040183544159,0.0,0.0,0.0,0.0,-0.1544911414384842
309,5856,0,732,1,OP3,FIXED_OPPONENT,train,SCRIPTED:OP3,1,3,2,1,21,0.3199999928474426,1,0,1,14.0,10.026157924107142,1.5,0.0,-6.0051679611206055e-05,0.0,0.0,0.0,0.0,0.32151174545288086
310,5880,0,735,2,OP3,FIXED_OPPONENT,train,SCRIPTED:OP3,1,3,2,1,19,0.2800000011920929,1,0,4,11.0,9.332337228875412,1.5,0.5,-0.021607011556625366,0.029999999329447746,1.0,100.0,0.0,0.5828814506530762
311,5912,0,739,3,OP3,FIXED_OPPONENT,train,SCRIPTED:OP3,0,3,3,0,18,0.1599999964237213,1,0,4,11.0,10.14031982421875,-0.699999988079071,0.5,-0.0032517611980438232,0.0,1.0,100.0,0.0,0.17587225139141083
312,5920,0,740,2,OP3,FIXED_OPPONENT,train,SCRIPTED:OP3,1,3,2,1,18,0.2800000011920929,1,0,2,11.0,10.411630418565538,1.5,0.5,-0.00944402813911438,0.029999999329447746,1.0,100.0,0.0,0.5830241441726685
313,5976,0,747,1,OP3,FIXED_OPPONENT,train,SCRIPTED:OP3,0,2,3,-1,18,0.19999998807907104,1,0,0,11.0,11.967269049750435,-1.2000000476837158,-0.4000000059604645,-0.007771819829940796,0.019999999552965164,-1.0,-100.0,0.0,-0.5208899974822998
314,5976,0,747,0,OP3,FIXED_OPPONENT,train,SCRIPTED:OP3,0,3,3,0,18,0.19999998807907104,1,0,2,11.0,11.349823845757378,-0.699999988079071,0.0,-0.00749601423740387,0.0,0.0,0.0,0.0,-0.15444299578666687
315,6000,0,750,2,OP3,FIXED_OPPONENT,train,SCRIPTED:OP3,1,3,2,1,19,0.23999999463558197,1,0,0,12.0,12.485539486533717,1.5,0.5,-0.021607741713523865,0.029999999329447746,1.0,100.0,0.0,0.5828814506530762
316,6000,0,750,3,OP3,FIXED_OPPONENT,train,SCRIPTED:OP3,1,3,2,1,19,0.23999999463558197,1,0,4,12.0,10.84543248226768,1.5,0.5,-0.00044311583042144775,0.014999999664723873,1.0,100.0,-0.019999999552965164,0.5800121426582336
317,6008,0,751,2,OP3,FIXED_OPPONENT,train,SCRIPTED:OP3,0,2,3,-1,19,0.3199999928474426,1,0,2,11.0,8.624793604800576,-1.2000000476837158,-0.5,0.0035380423069000244,0.019999999552965164,-1.0,-100.0,0.0,-0.5367518067359924
318,6032,0,754,2,OP3,FIXED_OPPONENT,train,SCRIPTED:OP3,0,1,3,-2,15,0.1599999964237213,1,0,0,11.0,11.96123046875,-1.2000000476837158,-0.5,-0.0032200515270233154,0.0,-1.0,-100.0,-0.03999999910593033,-0.5433849096298218
319,6040,0,755,2,OP3,FIXED_OPPONENT,train,SCRIPTED:OP3,0,3,3,0,20,0.23999999463558197,1,0,5,12.0,11.347347259521484,-0.699999988079071,0.0,-0.007015109062194824,0.0,0.0,0.0,-0.03999999910593033,-0.16309942305088043
320,6072,0,759,3,OP3,FIXED_OPPONENT,train,SCRIPTED:OP3,1,3,2,1,19,0.3199999928474426,1,0,1,12.0,9.213504188939146,1.5,0.4000000059604645,-0.003237396478652954,0.02499999850988388,1.0,100.0,0.0,0.5681802034378052
321,6096,0,762,2,OP3,FIXED_OPPONENT,train,SCRIPTED:OP3,0,2,3,-1,15,0.1599999964237213,1,0,0,11.0,12.477880859375,-1.2000000476837158,0.0,-0.008135661482810974,0.0,0.0,0.0,-0.019999999552965164,-0.26479291915893555
322,6128,0,766,2,OP3,FIXED_OPPONENT,train,SCRIPTED:OP3,0,3,3,0,19,0.23999999463558197,1,0,0,11.0,10.072832609477796,-0.699999988079071,0.0,-0.009085699915885925,0.0,0.0,0.0,-0.019999999552965164,-0.1588059663772583
323,6144,0,768,0,OP3,FIXED_OPPONENT,train,SCRIPTED:OP3,1,3,2,1,18,0.2800000011920929,1,0,0,11.0,11.753815544976128,1.5,0.5,-0.0010346323251724243,0.029999999329447746,1.0,100.0,0.0,0.5831228494644165
324,6152,0,769,1,OP3,FIXED_OPPONENT,train,SCRIPTED:OP3,1,3,1,2,15,0.11999999731779099,1,0,0,11.0,11.448874918619792,1.5,0.4000000059604645,-0.000595875084400177,0.029999999329447746,1.0,100.0,0.0,0.5682721734046936
325,6152,0,769,3,OP3,FIXED_OPPONENT,train,SCRIPTED:OP3,0,2,3,-1,18,0.23999999463558197,1,0,0,11.0,10.607296413845486,-1.2000000476837158,-0.5,0.009942740201950073,0.019999999552965164,-1.0,-100.0,0.0,-0.5366707444190979
326,6176,0,772,2,OP3,FIXED_OPPONENT,train,SCRIPTED:OP3,0,3,3,0,22,0.2800000011920929,1,0,5,14.0,10.02936484596946,-0.699999988079071,0.0,-0.010273396968841553,0.0,0.0,0.0,-0.019999999552965164,-0.158826544880867
327,6184,0,773,3,OP3,FIXED_OPPONENT,train,SCRIPTED:OP3,1,3,2,1,18,0.23999999463558197,1,0,4,12.0,10.516609191894531,1.5,0.5,-0.040193915367126465,0.029999999329447746,1.0,100.0,-0.019999999552965164,0.5797200798988342
328,6216,0,777,0,OP3,FIXED_OPPONENT,train,SCRIPTED:OP3,1,3,2,1,18,0.23999999463558197,1,0,3,11.0,9.603630065917969,1.5,0.0,-0.00037316977977752686,0.0,0.0,0.0,0.0,0.3215067684650421
329,6272,0,784,2,OP3,FIXED_OPPONENT,train,SCRIPTED:OP3,1,3,2,1,22,0.4399999976158142,1,0,2,14.0,10.216384887695312,1.5,0.5,-0.011326715350151062,0.014999999664723873,1.0,100.0,-0.019999999552965164,0.5798836946487427
330,6280,0,785,3,OP3,FIXED_OPPONENT,train,SCRIPTED:OP3,0,3,3,0,19,0.23999999463558197,1,0,5,11.0,10.815283524362664,-0.699999988079071,0.5,0.003415338695049286,0.0,1.0,100.0,0.0,0.1759871244430542
331,6288,0,786,0,OP3,FIXED_OPPONENT,train,SCRIPTED:OP3,1,3,2,1,18,0.2800000011920929,1,0,1,11.0,9.572255452473959,1.5,0.4000000059604645,-0.009265780448913574,0.02499999850988388,1.0,100.0,0.0,0.5681076049804688
332,6296,0,787,1,OP3,FIXED_OPPONENT,train,SCRIPTED:OP3,1,3,2,1,18,0.3199999928474426,1,0,4,11.0,9.90084499782986,1.5,0.4000000059604645,-0.0002910047769546509,0.014999999664723873,1.0,100.0,0.0,0.568095326423645
333,6296,0,787,1,OP3,FIXED_OPPONENT,train,SCRIPTED:OP3,0,1,3,-2,18,0.1599999964237213,1,0,3,11.0,9.747501797146267,-1.2000000476837158,-0.5,-0.0001769810914993286,0.019999999552965164,-1.0,-100.0,0.0,-0.5367988348007202
334,6304,0,788,2,OP3,FIXED_OPPONENT,train,SCRIPTED:OP3,0,2,3,-1,16,0.23999999463558197,1,0,1,11.0,9.90208911895752,-1.2000000476837158,0.0,-0.0017719417810440063,0.0,0.0,0.0,-0.019999999552965164,-0.264687716960907
335,6320,0,790,2,OP3,FIXED_OPPONENT,train,SCRIPTED:OP3,1,3,2,1,17,0.23999999463558197,1,0,1,11.0,12.216690063476562,1.5,0.0,-0.007052503526210785,0.0,0.0,0.0,0.0,0.3214002847671509
336,6368,0,796,1,OP3,FIXED_OPPONENT,train,SCRIPTED:OP3,0,2,3,-1,19,0.19999998807907104,1,0,2,12.0,12.655960886101974,-1.2000000476837158,-0.5,0.014848887920379639,0.019999999552965164,-1.0,-100.0,0.0,-0.5366086363792419
337,6424,0,803,0,OP3,FIXED_OPPONENT,train,SCRIPTED:OP3,1,3,1,2,18,0.3199999928474426,1,0,3,11.0,9.351748996310764,1.5,0.5,-0.002965584397315979,0.014999999664723873,1.0,100.0,0.0,0.5829241871833801
338,6424,0,803,0,OP3,FIXED_OPPONENT,train,SCRIPTED:OP3,1,3,2,1,19,0.19999998807907104,1,0,0,12.0,10.918202450400905,1.5,0.4000000059604645,-0.008243367075920105,0.029999999329447746,1.0,100.0,-0.019999999552965164,0.5651628971099854
339,6432,0,804,3,OP3,FIXED_OPPONENT,train,SCRIPTED:OP3,1,3,1,2,18,0.3199999928474426,1,0,0,11.0,11.16609107123481,1.5,0.5,-0.013662576675415039,0.014999999664723873,1.0,100.0,-0.019999999552965164,0.5798561573028564
340,6440,0,805,2,OP3,FIXED_OPPONENT,train,SCRIPTED:OP3,0,2,3,-1,18,0.19999998807907104,1,0,2,12.0,9.675101386176216,-1.2000000476837158,-0.5,0.01486387848854065,0.019999999552965164,-1.0,-100.0,0.0,-0.5366084575653076
341,6448,0,806,1,OP3,FIXED_OPPONENT,train,SCRIPTED:OP3,0,2,3,-1,18,0.11999999731779099,1,0,3,11.0,11.79660373263889,-1.2000000476837158,0.0,0.002946913242340088,0.0,0.0,0.0,0.0,-0.2604716122150421
342,6464,0,808,0,OP3,FIXED_OPPONENT,train,SCRIPTED:OP3,0,3,3,0,21,0.23999999463558197,1,0,4,14.0,9.670892624627976,-0.699999988079071,0.0,0.008061960339546204,0.0,0.0,0.0,0.0,-0.15417298674583435
343,6472,0,809,1,OP3,FIXED_OPPONENT,train,SCRIPTED:OP3,0,3,3,0,19,0.2800000011920929,1,0,1,13.0,10.516177528782896,-0.699999988079071,0.0,0.006275057792663574,0.0,0.0,0.0,0.0,-0.15420399606227875
344,6512,0,814,1,OP3,FIXED_OPPONENT,train,SCRIPTED:OP3,1,3,2,1,18,0.19999998807907104,1,0,0,11.0,11.176044040256077,1.5,0.5,-0.021036654710769653,0.029999999329447746,1.0,100.0,0.0,0.5828881859779358
345,6552,0,819,3,OP3,FIXED_OPPONENT,train,SCRIPTED:OP3,0,2,3,-1,16,0.1599999964237213,1,0,1,12.0,10.23043441772461,-1.2000000476837158,0.0,-0.009974837303161621,0.0,0.0,0.0,-0.019999999552965164,-0.264823317527771
346,6568,0,821,3,OP3,FIXED_OPPONENT,train,SCRIPTED:OP3,0,2,3,-1,18,0.1599999964237213,1,0,0,11.0,11.273949517144096,-1.2000000476837158,-0.5,0.011660575866699219,0.019999999552965164,-1.0,-100.0,-0.019999999552965164,-0.5398059487342834
347,6584,0,823,2,OP3,FIXED_OPPONENT,train,SCRIPTED:OP3,1,3,2,1,19,0.23999999463558197,1,0,2,12.0,9.472326178299753,1.5,0.4000000059604645,0.008404165506362915,0.029999999329447746,1.0,100.0,0.0,0.5683804750442505
348,6584,0,823,0,OP3,FIXED_OPPONENT,train,SCRIPTED:OP3,0,3,3,0,18,0.19999998807907104,1,0,0,11.0,9.274515787760416,-0.699999988079071,0.0,-0.0019092857837677002,0.0,0.0,0.0,-0.019999999552965164,-0.15868160128593445
349,6600,0,825,2,OP3,FIXED_OPPONENT,train,SCRIPTED:OP3,1,3,2,1,19,0.23999999463558197,1,0,3,12.0,10.846308657997533,1.5,0.5,0.013901546597480774,0.014999999664723873,1.0,100.0,0.0,0.5831221342086792
350,6616,0,827,0,OP3,FIXED_OPPONENT,train,SCRIPTED:OP3,1,3,2,1,19,0.23999999463558197,1,0,2,13.0,8.649189196134868,1.5,0.0,-0.00969664752483368,0.0,0.0,0.0,0.0,0.3213581442832947
351,6624,0,828,1,OP3,FIXED_OPPONENT,train,SCRIPTED:OP3,0,2,3,-1,19,0.23999999463558197,1,0,5,12.0,11.257276033100329,-1.2000000476837158,0.0,-0.002685949206352234,0.019999999552965164,0.0,0.0,0.0,-0.2602335214614868
352,6672,0,834,1,OP3,FIXED_OPPONENT,train,SCRIPTED:OP3,1,3,2,1,20,0.11999999731779099,1,0,1,13.0,11.959003448486328,1.5,0.5,-0.02704256772994995,0.029999999329447746,1.0,100.0,0.0,0.5828176736831665
353,6696,0,837,2,OP3,FIXED_OPPONENT,train,SCRIPTED:OP3,0,2,3,-1,18,0.19999998807907104,1,0,1,11.0,10.618841383192274,-1.2000000476837158,-0.5,-0.004320204257965088,0.0,-1.0,-100.0,-0.019999999552965164,-0.5402589440345764
354,6712,0,839,2,OP3,FIXED_OPPONENT,train,SCRIPTED:OP3,1,3,2,1,16,0.2800000011920929,1,0,0,11.0,9.236589431762695,1.5,0.0,-0.00841890275478363,0.0,0.0,0.0,-0.019999999552965164,0.3173874318599701
355,6720,0,840,1,OP3,FIXED_OPPONENT,train,SCRIPTED:OP3,0,3,3,0,19,0.19999998807907104,1,0,0,12.0,10.50118617007607,-0.699999988079071,0.0,-0.008915230631828308,0.0,0.0,0.0,0.0,-0.1544676125049591
356,6728,0,841,2,OP3,FIXED_OPPONENT,train,SCRIPTED:OP3,1,3,2,1,18,0.19999998807907104,1,0,3,12.0,10.156383090549046,1.5,0.8999999761581421,-0.0077180564403533936,0.029999999329447746,2.0,200.0,-0.019999999552965164,0.7503385543823242
357,6760,0,845,2,OP3,FIXED_OPPONENT,train,SCRIPTED:OP3,0,2,3,-1,20,0.3199999928474426,1,0,3,13.0,10.026679229736327,-1.2000000476837158,-0.5,-0.0026009976863861084,0.0,-1.0,-100.0,-0.019999999552965164,-0.540237307548523
358,6768,0,846,2,OP3,FIXED_OPPONENT,train,SCRIPTED:OP3,1,3,2,1,18,0.2800000011920929,1,0,1,11.0,11.449009365505642,1.5,0.4000000059604645,0.005758032202720642,0.014999999664723873,1.0,100.0,-0.019999999552965164,0.5651507377624512
359,6776,0,847,3,OP3,FIXED_OPPONENT,train,SCRIPTED:OP3,0,2,3,-1,20,0.2800000011920929,1,0,1,13.0,11.350887298583984,-1.2000000476837158,-0.5,-0.002177804708480835,0.0,-1.0,-100.0,-0.019999999552965164,-0.5402320623397827
360,6840,0,855,1,OP3,FIXED_OPPONENT,train,SCRIPTED:OP3,0,2,3,-1,21,0.35999998450279236,1,0,7,12.0,9.2339354015532,-1.2000000476837158,-0.5,0.009754016995429993,0.0,-1.0,-100.0,-0.019999999552965164,-0.540081799030304
361,6848,0,856,0,OP3,FIXED_OPPONENT,train,SCRIPTED:OP3,0,2,3,-1,19,0.19999998807907104,1,0,1,12.0,9.835674085115132,-1.2000000476837158,-0.5,-0.014118686318397522,0.0,-1.0,-100.0,0.0,-0.5372281074523926
362,6856,0,857,3,OP3,FIXED_OPPONENT,train,SCRIPTED:OP3,0,2,3,-1,18,0.1599999964237213,1,0,0,12.0,11.766518486870659,-1.2000000476837158,-0.5,0.002281859517097473,0.019999999552965164,-1.0,-100.0,0.0,-0.5367677211761475
363,6872,0,859,0,OP3,FIXED_OPPONENT,train,SCRIPTED:OP3,0,2,3,-1,19,0.11999999731779099,1,0,5,12.0,10.136970118472451,-1.2000000476837158,-0.5,-0.0005937367677688599,0.019999999552965164,-1.0,-100.0,-0.019999999552965164,-0.5399602651596069
364,6872,0,859,3,OP3,FIXED_OPPONENT,train,SCRIPTED:OP3,0,2,3,-1,18,0.2800000011920929,1,0,6,12.0,9.639088100857204,-1.2000000476837158,-0.5,0.013598576188087463,0.0,-1.0,-100.0,0.0,-0.5368776321411133
365,6896,0,862,0,OP3,FIXED_OPPONENT,train,SCRIPTED:OP3,1,3,2,1,17,0.19999998807907104,1,0,3,13.0,9.71128755457261,1.5,0.0,0.0017467737197875977,0.0,0.0,0.0,0.0,0.32154056429862976
366,6920,0,865,0,OP3,FIXED_OPPONENT,train,SCRIPTED:OP3,0,3,3,0,19,0.1599999964237213,1,0,3,12.0,8.56387650339227,-0.699999988079071,0.0,-0.009401828050613403,0.0,0.0,0.0,0.0,-0.15447606146335602
367,6928,0,866,1,OP3,FIXED_OPPONENT,train,SCRIPTED:OP3,0,3,3,0,19,0.23999999463558197,1,0,0,11.0,10.264487015573602,-0.699999988079071,0.0,-0.0044282302260398865,0.0,0.0,0.0,-0.019999999552965164,-0.15872524678707123
368,6992,0,874,0,OP3,FIXED_OPPONENT,train,SCRIPTED:OP3,1,3,2,1,19,0.1599999964237213,1,0,2,12.0,11.514362535978618,1.5,0.5,0.008800715208053589,0.029999999329447746,1.0,100.0,0.0,0.5832382440567017
369,6992,0,874,1,OP3,FIXED_OPPONENT,train,SCRIPTED:OP3,0,3,3,0,17,0.23999999463558197,1,0,0,11.0,11.205918255974264,-0.699999988079071,0.0,0.007889874279499054,0.0,0.0,0.0,0.0,-0.15417596697807312
370,6992,0,874,2,OP3,FIXED_OPPONENT,train,SCRIPTED:OP3,0,1,3,-2,18,0.2800000011920929,1,0,5,14.0,10.37646484375,-1.2000000476837158,-0.5,0.013674378395080566,0.019999999552965164,-1.0,-100.0,0.0,-0.5366235375404358
371,7016,0,877,3,OP3,FIXED_OPPONENT,train,SCRIPTED:OP3,1,3,2,1,18,0.2800000011920929,1,0,0,11.0,11.41379123263889,1.5,0.5,0.015482217073440552,0.014999999664723873,1.0,100.0,0.0,0.5831407308578491
372,7016,0,877,2,OP3,FIXED_OPPONENT,train,SCRIPTED:OP3,1,3,2,1,15,0.19999998807907104,1,0,0,11.0,11.139567057291666,1.5,0.0,0.007526218891143799,0.0,0.0,0.0,0.0,0.3216326832771301
373,7016,0,877,1,OP3,FIXED_OPPONENT,train,SCRIPTED:OP3,0,2,3,-1,18,0.35999998450279236,1,0,3,11.0,9.738513522677952,-1.2000000476837158,-0.4000000059604645,-0.009431496262550354,0.0,-1.0,-100.0,0.0,-0.5211704969406128
374,7072,0,884,3,OP3,FIXED_OPPONENT,train,SCRIPTED:OP3,1,3,2,1,18,0.2800000011920929,1,0,6,11.0,10.564226786295572,1.5,0.4000000059604645,-0.008636578917503357,0.029999999329447746,1.0,100.0,0.0,0.5681753754615784
375,7088,0,886,2,OP3,FIXED_OPPONENT,train,SCRIPTED:OP3,0,3,3,0,21,0.23999999463558197,1,0,5,14.0,10.626888456798735,-0.699999988079071,0.5,0.0003728047013282776,0.0,1.0,100.0,-0.019999999552965164,0.17162448167800903
376,7136,0,892,0,OP3,FIXED_OPPONENT,train,SCRIPTED:OP3,1,3,2,1,18,0.1599999964237213,1,0,1,11.0,11.034000820583767,1.5,0.5,-0.016815125942230225,0.029999999329447746,1.0,100.0,0.0,0.5829377174377441
377,7136,0,892,0,OP3,FIXED_OPPONENT,train,SCRIPTED:OP3,0,2,3,-1,18,0.11999999731779099,1,0,2,11.0,11.131640964084202,-1.2000000476837158,-0.4000000059604645,0.006850525736808777,0.019999999552965164,-1.0,-100.0,0.0,-0.5207005143165588
378,7160,0,895,1,OP3,FIXED_OPPONENT,train,SCRIPTED:OP3,1,3,2,1,21,0.2800000011920929,1,0,8,11.0,9.305419921875,1.5,1.0,-0.02001650631427765,0.029999999329447746,2.0,200.0,0.0,0.7616686820983887
379,7168,0,896,1,OP3,FIXED_OPPONENT,train,SCRIPTED:OP3,1,3,2,1,19,0.1599999964237213,1,0,3,12.0,10.597292448344984,1.5,0.5,0.009976521134376526,0.029999999329447746,1.0,100.0,0.0,0.5832520723342896
380,7176,0,897,2,OP3,FIXED_OPPONENT,train,SCRIPTED:OP3,1,3,2,1,20,0.2800000011920929,1,0,5,13.0,9.836921691894531,1.5,0.4000000059604645,-0.008730009198188782,0.014999999664723873,1.0,100.0,0.0,0.5679936408996582
381,7184,0,898,0,OP3,FIXED_OPPONENT,train,SCRIPTED:OP3,0,2,3,-1,21,0.3199999928474426,1,0,1,14.0,11.394050961449032,-1.2000000476837158,-0.5,-0.004535242915153503,0.0,-1.0,-100.0,0.0,-0.537106990814209
382,7224,0,903,0,OP3,FIXED_OPPONENT,train,SCRIPTED:OP3,1,3,2,1,17,0.19999998807907104,1,0,3,11.0,11.062851849724264,1.5,1.0,-0.014935702085494995,0.029999999329447746,2.0,200.0,0.0,0.7617066502571106
383,7224,0,903,0,OP3,FIXED_OPPONENT,train,SCRIPTED:OP3,1,3,2,1,19,0.19999998807907104,1,0,1,12.0,11.007856670178866,1.5,0.5,0.018568910658359528,0.029999999329447746,1.0,100.0,-0.019999999552965164,0.5804132223129272
384,7296,0,912,3,OP3,FIXED_OPPONENT,train,SCRIPTED:OP3,1,3,2,1,20,0.2800000011920929,1,0,6,12.0,9.401007843017577,1.5,0.5,-0.016150012612342834,0.029999999329447746,1.0,100.0,-0.019999999552965164,0.5800038576126099
385,7304,0,913,1,OP3,FIXED_OPPONENT,train,SCRIPTED:OP3,0,2,3,-1,18,0.11999999731779099,1,0,0,11.0,10.990668402777779,-1.2000000476837158,-0.5,-0.009735077619552612,0.019999999552965164,-1.0,-100.0,0.0,-0.5369197726249695
386,7312,0,914,0,OP3,FIXED_OPPONENT,train,SCRIPTED:OP3,1,3,2,1,22,0.35999998450279236,1,0,3,14.0,8.612946943803268,1.5,0.5,-0.03348621726036072,0.014999999664723873,1.0,100.0,0.0,0.5825658440589905
387,7320,0,915,0,OP3,FIXED_OPPONENT,train,SCRIPTED:OP3,0,2,3,-1,19,0.23999999463558197,1,0,1,12.0,10.20357955129523,-1.2000000476837158,-0.5,-0.004421710968017578,0.0,-1.0,-100.0,-0.019999999552965164,-0.5402601957321167
388,7328,0,916,2,OP3,FIXED_OPPONENT,train,SCRIPTED:OP3,0,2,3,-1,18,0.3199999928474426,1,0,2,11.0,9.911830478244358,-1.2000000476837158,-0.5,-0.01386001706123352,0.0,-1.0,-100.0,0.0,-0.5372248888015747
389,7344,0,918,0,OP3,FIXED_OPPONENT,train,SCRIPTED:OP3,0,3,3,0,21,0.1599999964237213,1,0,7,12.0,11.122992379324776,-0.699999988079071,0.0,0.0013206079602241516,0.0,0.0,0.0,-0.019999999552965164,-0.15862563252449036
390,7376,0,922,0,OP3,FIXED_OPPONENT,train,SCRIPTED:OP3,1,3,2,1,19,0.3199999928474426,1,0,3,12.0,10.44058629086143,1.5,0.0,0.005138829350471497,0.0,0.0,0.0,0.0,0.32159462571144104
391,7376,0,922,2,OP3,FIXED_OPPONENT,train,SCRIPTED:OP3,1,3,2,1,19,0.23999999463558197,1,0,1,12.0,11.036564074064556,1.5,0.5,-0.022988930344581604,0.029999999329447746,1.0,100.0,0.0,0.5828652381896973
392,7448,0,931,2,OP3,FIXED_OPPONENT,train,SCRIPTED:OP3,0,2,3,-1,18,0.19999998807907104,1,0,2,11.0,10.755623711480034,-1.2000000476837158,-0.5,0.010502457618713379,0.0,-1.0,-100.0,0.0,-0.5369167923927307
393,7456,0,932,1,OP3,FIXED_OPPONENT,train,SCRIPTED:OP3,0,2,3,-1,20,0.2800000011920929,1,0,0,13.0,10.96298828125,-1.2000000476837158,-0.5,0.008763089776039124,0.019999999552965164,-1.0,-100.0,0.0,-0.5366857051849365
394,7472,0,934,3,OP3,FIXED_OPPONENT,train,SCRIPTED:OP3,1,3,2,1,16,0.23999999463558197,1,0,1,11.0,10.397757530212402,1.5,0.5,-0.02332514524459839,0.014999999664723873,1.0,100.0,-0.019999999552965164,0.5797420740127563
395,7472,0,934,1,OP3,FIXED_OPPONENT,train,SCRIPTED:OP3,0,2,3,-1,18,0.1599999964237213,1,0,0,11.0,10.273466322157118,-1.2000000476837158,-0.4000000059604645,-0.006557390093803406,0.019999999552965164,-1.0,-100.0,-0.019999999552965164,-0.5241053700447083
396,7480,0,935,0,OP3,FIXED_OPPONENT,train,SCRIPTED:OP3,0,3,3,0,20,0.23999999463558197,0,1,3,11.0,9.85726318359375,-0.699999988079071,0.0,0.008386105298995972,0.0,0.0,0.0,-0.03999999910593033,-0.16283288598060608
397,7480,0,935,3,OP3,FIXED_OPPONENT,train,SCRIPTED:OP3,1,3,2,1,21,0.3199999928474426,1,0,0,14.0,10.289707728794642,1.5,0.5,-0.019221484661102295,0.029999999329447746,1.0,100.0,0.0,0.5829094648361206
398,7520,0,940,0,OP3,FIXED_OPPONENT,train,SCRIPTED:OP3,0,2,3,-1,18,0.2800000011920929,1,0,4,11.0,10.724566989474827,-1.2000000476837158,-0.5,0.014595955610275269,0.019999999552965164,-1.0,-100.0,-0.019999999552965164,-0.5397689342498779
399,7520,0,940,0,OP3,FIXED_OPPONENT,train,SCRIPTED:OP3,0,2,3,-1,18,0.2800000011920929,1,0,3,11.0,9.439827813042534,-1.2000000476837158,-0.5,0.0015431344509124756,0.0,-1.0,-100.0,0.0,-0.5370301008224487
400,7600,0,950,3,OP3,FIXED_OPPONENT,train,SCRIPTED:OP3,0,2,3,-1,15,0.23999999463558197,1,0,0,11.0,11.14556172688802,-1.2000000476837158,-0.5,0.004570364952087402,0.0,-1.0,-100.0,-0.019999999552965164,-0.540147066116333
401,7600,0,950,1,OP3,FIXED_OPPONENT,train,SCRIPTED:OP3,1,3,2,1,19,0.1599999964237213,0,1,5,15.0,10.407609638414884,1.5,0.5,-0.017589673399925232,0.029999999329447746,1.0,100.0,0.0,0.5829286575317383
402,7616,0,952,2,OP3,FIXED_OPPONENT,train,SCRIPTED:OP3,1,3,2,1,18,0.2800000011920929,1,0,0,11.0,9.95611317952474,1.5,0.4000000059604645,-0.006877243518829346,0.014999999664723873,1.0,100.0,0.0,0.5680159330368042
403,7616,0,952,3,OP3,FIXED_OPPONENT,train,SCRIPTED:OP3,0,2,3,-1,20,0.19999998807907104,1,0,9,13.0,9.07948989868164,-1.2000000476837158,-0.5,0.008903980255126953,0.019999999552965164,-1.0,-100.0,-0.019999999552965164,-0.539840579032898
404,7640,0,955,3,OP3,FIXED_OPPONENT,train,SCRIPTED:OP3,1,3,2,1,20,0.3999999761581421,1,0,2,13.0,9.32637710571289,1.5,0.4000000059604645,-0.005049854516983032,0.014999999664723873,1.0,100.0,-0.019999999552965164,0.565019965171814
405,7640,0,955,1,OP3,FIXED_OPPONENT,train,SCRIPTED:OP3,1,3,2,1,21,0.23999999463558197,1,0,3,15.0,10.976612636021205,1.5,0.5,-0.03004126250743866,0.029999999329447746,1.0,100.0,-0.019999999552965164,0.5798399448394775
406,7664,0,958,0,OP3,FIXED_OPPONENT,train,SCRIPTED:OP3,0,2,3,-1,18,0.1599999964237213,1,0,0,11.0,12.03187730577257,-1.2000000476837158,-0.4000000059604645,-0.0074558258056640625,0.019999999552965164,-1.0,-100.0,0.0,-0.5208859443664551
407,7672,0,959,0,OP3,FIXED_OPPONENT,train,SCRIPTED:OP3,1,3,2,1,19,0.3199999928474426,1,0,7,11.0,9.050152427271792,1.5,0.5,-0.0013916343450546265,0.014999999664723873,1.0,100.0,0.0,0.5829426646232605
408,7720,0,965,3,OP3,FIXED_OPPONENT,train,SCRIPTED:OP3,0,2,3,-1,15,0.23999999463558197,1,0,0,11.0,9.886562093098958,-1.2000000476837158,-0.4000000059604645,-0.010354071855545044,0.0,-1.0,-100.0,0.0,-0.5211824774742126
409,7752,0,969,1,OP3,FIXED_OPPONENT,train,SCRIPTED:OP3,1,3,2,1,19,0.11999999731779099,1,0,3,12.0,9.870928312602796,1.5,0.5,-0.015515163540840149,0.029999999329447746,1.0,100.0,0.0,0.5829529762268066
410,7760,0,970,3,OP3,FIXED_OPPONENT,train,SCRIPTED:OP3,0,2,3,-1,18,0.19999998807907104,1,0,0,11.0,10.673009236653646,-1.2000000476837158,-0.4000000059604645,0.008009195327758789,0.019999999552965164,-1.0,-100.0,0.0,-0.5206855535507202
411,7776,0,972,3,OP3,FIXED_OPPONENT,train,SCRIPTED:OP3,0,3,3,0,20,0.2800000011920929,1,0,5,12.0,9.406113433837891,-0.699999988079071,0.0,-0.010385453701019287,0.0,0.0,0.0,-0.019999999552965164,-0.1588284820318222
412,7784,0,973,3,OP3,FIXED_OPPONENT,train,SCRIPTED:OP3,1,3,2,1,18,0.23999999463558197,1,0,2,11.0,10.366601732042101,1.5,0.5,-0.029652312397956848,0.029999999329447746,1.0,100.0,0.0,0.582787036895752
413,7808,0,976,2,OP3,FIXED_OPPONENT,train,SCRIPTED:OP3,0,2,3,-1,21,0.3199999928474426,1,0,1,14.0,11.148157755533854,-1.2000000476837158,-0.5,0.015717774629592896,0.0,-1.0,-100.0,0.0,-0.5368508100509644
414,7808,0,976,2,OP3,FIXED_OPPONENT,train,SCRIPTED:OP3,0,2,3,-1,18,0.19999998807907104,1,0,4,11.0,9.382130093044704,-1.2000000476837158,-0.5,0.011084794998168945,0.019999999552965164,-1.0,-100.0,0.0,-0.5366562604904175
415,7832,0,979,3,OP3,FIXED_OPPONENT,train,SCRIPTED:OP3,0,3,3,0,20,0.23999999463558197,1,0,0,12.0,12.261582183837891,-0.699999988079071,0.0,-0.004069209098815918,0.0,0.0,0.0,0.0,-0.15438352525234222
416,7872,0,984,0,OP3,FIXED_OPPONENT,train,SCRIPTED:OP3,1,3,2,1,19,0.2800000011920929,1,0,0,12.0,10.837848864103618,1.5,0.4000000059604645,-0.010446518659591675,0.014999999664723873,1.0,100.0,-0.019999999552965164,0.5649546980857849
417,7888,0,986,0,OP3,FIXED_OPPONENT,train,SCRIPTED:OP3,1,3,2,1,17,0.23999999463558197,1,0,0,11.0,10.014914119944853,1.5,0.4000000059604645,-0.01025623083114624,0.014999999664723873,1.0,100.0,0.0,0.5679752230644226
418,7904,0,988,2,OP3,FIXED_OPPONENT,train,SCRIPTED:OP3,0,3,3,0,18,0.23999999463558197,1,0,3,11.0,10.242203606499565,-0.699999988079071,0.0,-0.0003366917371749878,0.0,0.0,0.0,0.0,-0.15431873500347137
419,7912,0,989,0,OP3,FIXED_OPPONENT,train,SCRIPTED:OP3,1,3,2,1,17,0.1599999964237213,1,0,3,12.0,10.69989013671875,1.5,0.0,-0.001423656940460205,0.0,0.0,0.0,0.0,0.32149001955986023
420,7928,0,991,3,OP3,FIXED_OPPONENT,train,SCRIPTED:OP3,0,2,3,-1,15,0.23999999463558197,1,0,0,11.0,10.929857381184895,-1.2000000476837158,0.0,-0.007256701588630676,0.0,0.0,0.0,0.0,-0.2606407105922699
421,7936,0,992,1,OP3,FIXED_OPPONENT,train,SCRIPTED:OP3,1,3,2,1,19,0.2800000011920929,1,0,3,12.0,8.897814298930921,1.5,0.5,-0.021239563822746277,0.029999999329447746,1.0,100.0,0.0,0.5828858017921448
422,7960,0,995,0,OP3,FIXED_OPPONENT,train,SCRIPTED:OP3,0,2,3,-1,19,0.3999999761581421,1,0,2,12.0,10.428535059878701,-1.2000000476837158,-0.5,-0.010805100202560425,0.0,-1.0,-100.0,0.0,-0.5371862649917603
423,7968,0,996,0,OP3,FIXED_OPPONENT,train,SCRIPTED:OP3,0,2,3,-1,17,0.19999998807907104,1,0,1,11.0,11.788318409639245,-1.2000000476837158,0.0,-0.010137766599655151,0.0,0.0,0.0,0.0,-0.2606884241104126
424,8016,0,1002,3,OP3,FIXED_OPPONENT,train,SCRIPTED:OP3,0,3,3,0,18,0.19999998807907104,1,0,6,12.0,8.501821729871962,-0.699999988079071,0.0,-0.00031760334968566895,0.0,0.0,0.0,-0.019999999552965164,-0.15865401923656464
425,8032,0,1004,2,OP3,FIXED_OPPONENT,train,SCRIPTED:OP3,0,2,3,-1,18,0.23999999463558197,1,0,0,11.0,10.413185967339409,-1.2000000476837158,-0.4000000059604645,-0.0011003166437149048,0.0,-1.0,-100.0,0.0,-0.5210626125335693
426,8048,0,1006,1,OP3,FIXED_OPPONENT,train,SCRIPTED:OP3,1,3,2,1,18,0.2800000011920929,1,0,2,11.0,10.727080451117622,1.5,0.5,-0.01004740595817566,0.014999999664723873,1.0,100.0,0.0,0.5828410983085632
427,8056,0,1007,0,OP3,FIXED_OPPONENT,train,SCRIPTED:OP3,1,3,1,2,16,0.35999998450279236,1,0,0,11.0,10.523076057434082,1.5,0.4000000059604645,-0.009699895977973938,0.029999999329447746,1.0,100.0,-0.019999999552965164,0.5651452541351318
428,8064,0,1008,1,OP3,FIXED_OPPONENT,train,SCRIPTED:OP3,0,2,3,-1,19,0.23999999463558197,1,0,0,12.0,11.087297941509046,-1.2000000476837158,-0.5,0.010409966111183167,0.019999999552965164,-1.0,-100.0,-0.019999999552965164,-0.5398216247558594
429,8096,0,1012,0,OP3,FIXED_OPPONENT,train,SCRIPTED:OP3,0,3,3,0,20,0.19999998807907104,1,0,3,12.0,10.76073760986328,-0.699999988079071,0.5,-0.005622059106826782,0.0,1.0,100.0,-0.019999999552965164,0.17152105271816254
430,8104,0,1013,0,OP3,FIXED_OPPONENT,train,SCRIPTED:OP3,1,3,2,1,18,0.19999998807907104,1,0,2,11.0,9.965894911024305,1.5,0.4000000059604645,0.00624924898147583,0.014999999664723873,1.0,100.0,0.0,0.5681740045547485
431,8112,0,1014,1,OP3,FIXED_OPPONENT,train,SCRIPTED:OP3,1,3,2,1,18,0.1599999964237213,1,0,0,11.0,11.438187493218315,1.5,0.4000000059604645,0.002069428563117981,0.014999999664723873,1.0,100.0,0.0,0.5681236982345581
432,8160,0,1020,1,OP3,FIXED_OPPONENT,train,SCRIPTED:OP3,1,3,2,1,18,0.19999998807907104,1,0,0,11.0,10.457175360785591,1.5,0.5,-0.023148730397224426,0.029999999329447746,1.0,100.0,0.0,0.5828633308410645
433,8184,0,1023,1,OP3,FIXED_OPPONENT,train,SCRIPTED:OP3,0,2,3,-1,19,0.19999998807907104,1,0,1,12.0,9.900493421052632,-1.2000000476837158,-0.5,0.014678850769996643,0.019999999552965164,-1.0,-100.0,0.0,-0.5366107821464539
434,8192,0,1024,2,OP3,FIXED_OPPONENT,train,SCRIPTED:OP3,0,2,3,-1,18,0.19999998807907104,1,0,5,11.0,8.573204040527344,-1.2000000476837158,-0.4000000059604645,-0.0019345730543136597,0.019999999552965164,-1.0,-100.0,0.0,-0.5208143591880798
435,8200,0,1025,1,OP3,FIXED_OPPONENT,train,SCRIPTED:OP3,0,3,3,0,18,0.11999999731779099,1,0,1,11.0,10.91485850016276,-0.699999988079071,0.0,0.008531689643859863,0.0,0.0,0.0,0.0,-0.15416483581066132
436,8208,0,1026,1,OP3,FIXED_OPPONENT,train,SCRIPTED:OP3,1,3,2,1,18,0.19999998807907104,1,0,1,11.0,9.46615261501736,1.5,0.4000000059604645,-0.0067041367292404175,0.014999999664723873,1.0,100.0,0.0,0.5680180191993713
437,8240,0,1030,3,OP3,FIXED_OPPONENT,train,SCRIPTED:OP3,1,3,2,1,16,0.19999998807907104,1,0,0,11.0,10.497817993164062,1.5,0.4000000059604645,2.0459294319152832e-05,0.029999999329447746,1.0,100.0,-0.03999999910593033,0.5622308254241943
438,8248,0,1031,3,OP3,FIXED_OPPONENT,train,SCRIPTED:OP3,1,3,2,1,19,0.19999998807907104,1,0,5,11.0,11.432527240953947,1.5,0.5,0.01981988549232483,0.029999999329447746,1.0,100.0,0.0,0.5833675265312195
439,8256,0,1032,0,OP3,FIXED_OPPONENT,train,SCRIPTED:OP3,1,3,2,1,19,0.2800000011920929,1,0,2,12.0,8.911482961554276,1.5,0.5,-0.017795071005821228,0.014999999664723873,1.0,100.0,-0.019999999552965164,0.5798074007034302
440,8304,0,1038,0,OP3,FIXED_OPPONENT,train,SCRIPTED:OP3,0,3,3,0,18,0.3199999928474426,1,0,0,11.0,9.675741407606337,-0.699999988079071,0.0,-0.007894068956375122,0.0,0.0,0.0,0.0,-0.15444989502429962
441,8328,0,1041,3,OP3,FIXED_OPPONENT,train,SCRIPTED:OP3,0,2,3,-1,18,0.23999999463558197,1,0,7,11.0,8.956904093424479,-1.2000000476837158,-0.5,-0.004809513688087463,0.019999999552965164,-1.0,-100.0,0.0,-0.5368574261665344
442,8344,0,1043,1,OP3,FIXED_OPPONENT,train,SCRIPTED:OP3,0,2,3,-1,19,0.19999998807907104,1,0,2,12.0,10.37285011693051,-1.2000000476837158,-0.5,-0.014750674366950989,0.019999999552965164,-1.0,-100.0,-0.019999999552965164,-0.5401385426521301
443,8360,0,1045,0,OP3,FIXED_OPPONENT,train,SCRIPTED:OP3,1,3,2,1,19,0.1599999964237213,1,0,1,12.0,11.859041715923109,1.5,0.5,0.007345929741859436,0.029999999329447746,1.0,100.0,0.0,0.5832211971282959
444,8368,0,1046,1,OP3,FIXED_OPPONENT,train,SCRIPTED:OP3,0,2,3,-1,21,0.19999998807907104,1,0,5,14.0,10.36079842703683,-1.2000000476837158,-0.4000000059604645,-0.010307475924491882,0.019999999552965164,-1.0,-100.0,0.0,-0.520922839641571
445,8392,0,1049,3,OP3,FIXED_OPPONENT,train,SCRIPTED:OP3,1,3,2,1,18,0.2800000011920929,1,0,2,11.0,11.28544192843967,1.5,0.8999999761581421,-0.003410257399082184,0.029999999329447746,2.0,200.0,0.0,0.7523075342178345
446,8400,0,1050,1,OP3,FIXED_OPPONENT,train,SCRIPTED:OP3,1,3,2,1,20,0.23999999463558197,1,0,3,13.0,9.982103729248047,1.5,0.4000000059604645,-0.010052308440208435,0.029999999329447746,1.0,100.0,-0.019999999552965164,0.565140962600708
447,8424,0,1053,0,OP3,FIXED_OPPONENT,train,SCRIPTED:OP3,1,3,2,1,21,0.23999999463558197,1,0,5,14.0,10.825711204892112,1.5,0.5,0.017221584916114807,0.029999999329447746,1.0,100.0,-0.019999999552965164,0.580397367477417
448,8456,0,1057,0,OP3,FIXED_OPPONENT,train,SCRIPTED:OP3,0,3,3,0,19,0.23999999463558197,1,0,6,12.0,10.83584915964227,-0.699999988079071,0.0,-0.0039025992155075073,0.0,0.0,0.0,0.0,-0.15438063442707062
449,8472,0,1059,0,OP3,FIXED_OPPONENT,train,SCRIPTED:OP3,0,3,3,0,18,0.2800000011920929,1,0,2,11.0,10.645117865668404,-0.699999988079071,0.0,-0.005186125636100769,0.0,0.0,0.0,0.0,-0.15440291166305542
450,8496,0,1062,3,OP3,FIXED_OPPONENT,train,SCRIPTED:OP3,1,3,2,1,19,0.23999999463558197,1,0,1,13.0,9.43216906095806,1.5,0.5,0.01120033860206604,0.029999999329447746,1.0,100.0,-0.019999999552965164,0.5803263187408447
451,8512,0,1064,2,OP3,FIXED_OPPONENT,train,SCRIPTED:OP3,0,2,3,-1,18,0.23999999463558197,1,0,0,11.0,9.66925303141276,-1.2000000476837158,-0.5,-0.012795954942703247,0.019999999552965164,-1.0,-100.0,0.0,-0.5369585156440735
452,8520,0,1065,0,OP3,FIXED_OPPONENT,train,SCRIPTED:OP3,0,2,3,-1,20,0.19999998807907104,1,0,6,13.0,9.37329330444336,-1.2000000476837158,-0.5,0.014046147465705872,0.019999999552965164,-1.0,-100.0,-0.019999999552965164,-0.5397758483886719
453,8544,0,1068,3,OP3,FIXED_OPPONENT,train,SCRIPTED:OP3,1,3,2,1,18,0.23999999463558197,1,0,7,11.0,9.943760342068142,1.5,0.4000000059604645,-0.005732625722885132,0.029999999329447746,1.0,100.0,0.0,0.5682103037834167
454,8544,0,1068,3,OP3,FIXED_OPPONENT,train,SCRIPTED:OP3,0,2,3,-1,19,0.23999999463558197,1,0,0,12.0,11.343019987407484,-1.2000000476837158,-0.5,0.014282628893852234,0.0,-1.0,-100.0,0.0,-0.5368689298629761
455,8584,0,1073,0,OP3,FIXED_OPPONENT,train,SCRIPTED:OP3,1,3,2,1,20,0.23999999463558197,1,0,2,13.0,10.36429443359375,1.5,0.5,-0.009672611951828003,0.014999999664723873,1.0,100.0,-0.019999999552965164,0.579903244972229
456,8608,0,1076,0,OP3,FIXED_OPPONENT,train,SCRIPTED:OP3,0,3,3,0,19,0.2800000011920929,1,0,2,12.0,9.768529791581003,-0.699999988079071,0.0,-0.009877070784568787,0.0,0.0,0.0,-0.019999999552965164,-0.15881967544555664
457,8632,0,1079,1,OP3,FIXED_OPPONENT,train,SCRIPTED:OP3,0,3,3,0,20,0.2800000011920929,1,0,4,13.0,9.840452575683594,-0.699999988079071,0.0,0.006796702742576599,0.0,0.0,0.0,0.0,-0.15419495105743408
458,8648,0,1081,3,OP3,FIXED_OPPONENT,train,SCRIPTED:OP3,1,3,2,1,19,0.11999999731779099,0,1,3,12.0,9.451787045127467,1.5,1.0,-0.03809309005737305,0.029999999329447746,2.0,200.0,0.0,0.7615337371826172
459,8672,0,1084,1,OP3,FIXED_OPPONENT,train,SCRIPTED:OP3,1,3,2,1,19,0.3199999928474426,1,0,3,12.0,10.737814652292352,1.5,0.5,-0.010780110955238342,0.029999999329447746,1.0,100.0,0.0,0.5830085277557373
460,8688,0,1086,1,OP3,FIXED_OPPONENT,train,SCRIPTED:OP3,1,3,2,1,22,0.35999998450279236,1,0,5,14.0,8.887169577858664,1.5,0.5,-0.009272560477256775,0.02499999850988388,1.0,100.0,0.0,0.5829675197601318
461,8688,0,1086,3,OP3,FIXED_OPPONENT,train,SCRIPTED:OP3,1,3,2,1,18,0.2800000011920929,1,0,1,11.0,8.843562655978733,1.5,0.4000000059604645,-0.010179102420806885,0.029999999329447746,1.0,100.0,0.0,0.5681567788124084
462,8704,0,1088,2,OP3,FIXED_OPPONENT,train,SCRIPTED:OP3,0,3,3,0,20,0.19999998807907104,1,0,5,13.0,9.675995635986329,-0.699999988079071,0.0,-0.0020659416913986206,0.0,0.0,0.0,-0.019999999552965164,-0.15868431329727173
463,8712,0,1089,0,OP3,FIXED_OPPONENT,train,SCRIPTED:OP3,1,3,2,1,16,0.19999998807907104,1,0,0,11.0,12.222938537597656,1.5,0.0,0.002863749861717224,0.0,0.0,0.0,0.0,0.3215583562850952
464,8760,0,1095,2,OP3,FIXED_OPPONENT,train,SCRIPTED:OP3,0,2,3,-1,19,0.19999998807907104,1,0,4,11.0,9.55117396304482,-1.2000000476837158,-0.5,0.010389536619186401,0.019999999552965164,-1.0,-100.0,0.0,-0.5366650819778442
465,8776,0,1097,0,OP3,FIXED_OPPONENT,train,SCRIPTED:OP3,1,3,1,2,18,0.23999999463558197,1,0,2,11.0,10.192708333333334,1.5,0.5,-0.010557830333709717,0.014999999664723873,1.0,100.0,-0.019999999552965164,0.5798928141593933
466,8792,0,1099,0,OP3,FIXED_OPPONENT,train,SCRIPTED:OP3,0,2,3,-1,18,0.1599999964237213,1,0,2,11.0,11.024422539605034,-1.2000000476837158,-0.5,0.005344614386558533,0.019999999552965164,-1.0,-100.0,-0.019999999552965164,-0.539885401725769
467,8824,0,1103,1,OP3,FIXED_OPPONENT,train,SCRIPTED:OP3,0,3,3,0,19,0.19999998807907104,1,0,0,11.0,13.115034404553866,-0.699999988079071,0.0,-0.0016382783651351929,0.0,0.0,0.0,0.0,-0.15434132516384125
468,8832,0,1104,1,OP3,FIXED_OPPONENT,train,SCRIPTED:OP3,0,2,3,-1,18,0.23999999463558197,1,0,0,11.0,10.749866909450954,-1.2000000476837158,-0.4000000059604645,-0.010508134961128235,0.0,-1.0,-100.0,-0.019999999552965164,-0.5244141221046448
469,8840,0,1105,2,OP3,FIXED_OPPONENT,train,SCRIPTED:OP3,1,3,1,2,19,0.19999998807907104,1,0,0,14.0,9.822932996247944,1.5,0.5,-0.02589389681816101,0.029999999329447746,1.0,100.0,0.0,0.5828311443328857
470,8840,0,1105,3,OP3,FIXED_OPPONENT,train,SCRIPTED:OP3,0,2,3,-1,17,0.3199999928474426,1,0,5,11.0,9.441028370576745,-1.2000000476837158,-0.5,0.002528369426727295,0.019999999552965164,-1.0,-100.0,0.0,-0.5367646217346191
471,8864,0,1108,1,OP3,FIXED_OPPONENT,train,SCRIPTED:OP3,0,2,3,-1,19,0.19999998807907104,1,0,3,12.0,11.500970940840872,-1.2000000476837158,-0.5,0.002800881862640381,0.019999999552965164,-1.0,-100.0,-0.019999999552965164,-0.5399174690246582
472,8896,0,1112,2,OP3,FIXED_OPPONENT,train,SCRIPTED:OP3,0,1,3,-2,15,0.2800000011920929,1,0,0,11.0,11.51251932779948,-1.2000000476837158,0.0,-0.00815621018409729,0.0,0.0,0.0,0.0,-0.26065561175346375
473,8904,0,1113,2,OP3,FIXED_OPPONENT,train,SCRIPTED:OP3,0,3,3,0,18,0.23999999463558197,1,0,3,11.0,9.627404106987846,-0.699999988079071,0.0,-0.008876636624336243,0.0,0.0,0.0,0.0,-0.15446695685386658
474,8936,0,1117,0,OP3,FIXED_OPPONENT,train,SCRIPTED:OP3,1,3,2,1,18,0.19999998807907104,1,0,2,11.0,10.49695078531901,1.5,0.4000000059604645,0.0031770169734954834,0.029999999329447746,1.0,100.0,0.0,0.5683175921440125
475,8984,0,1123,3,OP3,FIXED_OPPONENT,train,SCRIPTED:OP3,1,3,2,1,18,0.23999999463558197,1,0,3,11.0,10.671100192599827,1.5,0.5,0.007019363343715668,0.029999999329447746,1.0,100.0,0.0,0.5832173824310303
476,8992,0,1124,1,OP3,FIXED_OPPONENT,train,SCRIPTED:OP3,0,2,3,-1,20,0.2800000011920929,0,1,5,12.0,10.275858306884766,-1.2000000476837158,-0.5,0.00613345205783844,0.019999999552965164,-1.0,-100.0,0.0,-0.5367189645767212
477,8992,0,1124,1,OP3,FIXED_OPPONENT,train,SCRIPTED:OP3,1,3,2,1,21,0.1599999964237213,0,1,1,14.0,9.503247942243304,1.5,0.5,-0.0015900135040283203,0.014999999664723873,1.0,100.0,0.0,0.5829403400421143
478,9000,0,1125,0,OP3,FIXED_OPPONENT,train,SCRIPTED:OP3,1,3,2,1,20,0.1599999964237213,1,0,1,13.0,11.173552703857421,1.5,0.5,-0.01773059368133545,0.029999999329447746,1.0,100.0,-0.019999999552965164,0.5799852013587952
479,9008,0,1126,2,OP3,FIXED_OPPONENT,train,SCRIPTED:OP3,0,3,3,0,18,0.23999999463558197,1,0,0,11.0,11.502266777886284,-0.699999988079071,0.0,-0.0025566667318344116,0.0,0.0,0.0,0.0,-0.15435725450515747
480,9048,0,1131,2,OP3,FIXED_OPPONENT,train,SCRIPTED:OP3,0,2,3,-1,18,0.2800000011920929,1,0,7,11.0,9.204010009765625,-1.2000000476837158,-0.5,-0.00949820876121521,0.019999999552965164,-1.0,-100.0,0.0,-0.5369167923927307
481,9048,0,1131,0,OP3,FIXED_OPPONENT,train,SCRIPTED:OP3,0,1,3,-2,19,0.23999999463558197,1,0,5,12.0,9.32009566457648,-1.2000000476837158,-0.5,0.009632214903831482,0.019999999552965164,-1.0,-100.0,-0.019999999552965164,-0.5398313999176025
482,9096,0,1137,0,OP3,FIXED_OPPONENT,train,SCRIPTED:OP3,1,3,2,1,20,0.1599999964237213,1,0,3,14.0,10.349375152587891,1.5,0.5,-0.001354992389678955,0.014999999664723873,1.0,100.0,-0.019999999552965164,0.5800014138221741
483,9120,0,1140,2,OP3,FIXED_OPPONENT,train,SCRIPTED:OP3,0,2,3,-1,17,0.1599999964237213,1,0,0,11.0,12.327906889073988,-1.2000000476837158,-0.5,-0.00279080867767334,0.019999999552965164,-1.0,-100.0,-0.019999999552965164,-0.5399879217147827
484,9120,0,1140,3,OP3,FIXED_OPPONENT,train,SCRIPTED:OP3,1,3,1,2,15,0.1599999964237213,1,0,0,11.0,12.447057088216146,1.5,0.5,-0.0049623847007751465,0.029999999329447746,1.0,100.0,-0.019999999552965164,0.5801358222961426
485,9136,0,1142,3,OP3,FIXED_OPPONENT,train,SCRIPTED:OP3,0,1,3,-2,18,0.23999999463558197,1,0,1,11.0,11.040729098849827,-1.2000000476837158,-0.5,0.0009219050407409668,0.019999999552965164,-1.0,-100.0,0.0,-0.5367849469184875
486,9136,0,1142,2,OP3,FIXED_OPPONENT,train,SCRIPTED:OP3,0,2,3,-1,18,0.23999999463558197,1,0,1,11.0,10.854985555013021,-1.2000000476837158,-0.4000000059604645,0.008323073387145996,0.019999999552965164,-1.0,-100.0,0.0,-0.5206814408302307
487,9144,0,1143,3,OP3,FIXED_OPPONENT,train,SCRIPTED:OP3,1,3,2,1,17,0.19999998807907104,1,0,0,11.0,10.658975937787224,1.5,0.0,-0.004273951053619385,0.0,0.0,0.0,0.0,0.321444571018219
488,9184,0,1148,3,OP3,FIXED_OPPONENT,train,SCRIPTED:OP3,1,3,2,1,17,0.23999999463558197,1,0,2,12.0,10.05181884765625,1.5,0.5,0.012644872069358826,0.014999999664723873,1.0,100.0,-0.019999999552965164,0.5801665782928467
489,9192,0,1149,3,OP3,FIXED_OPPONENT,train,SCRIPTED:OP3,1,3,2,1,18,0.35999998450279236,1,0,0,11.0,10.145428975423178,1.5,0.0,-0.007777288556098938,0.0,0.0,0.0,0.0,0.32138875126838684
490,9256,0,1157,1,OP3,FIXED_OPPONENT,train,SCRIPTED:OP3,0,2,3,-1,20,0.3199999928474426,1,0,2,13.0,10.165579223632813,-1.2000000476837158,-0.5,0.015900954604148865,0.019999999552965164,-1.0,-100.0,0.0,-0.5365952849388123
491,9264,0,1158,1,OP3,FIXED_OPPONENT,train,SCRIPTED:OP3,0,3,3,0,18,0.2800000011920929,1,0,2,11.0,9.966805352105034,-0.699999988079071,0.0,0.006007835268974304,0.0,0.0,0.0,0.0,-0.15420864522457123
492,9272,0,1159,3,OP3,FIXED_OPPONENT,train,SCRIPTED:OP3,1,3,2,1,19,0.1599999964237213,1,0,4,12.0,11.141714798776727,1.5,0.5,-0.02989378571510315,0.029999999329447746,1.0,100.0,0.0,0.5827841758728027
493,9288,0,1161,1,OP3,FIXED_OPPONENT,train,SCRIPTED:OP3,0,2,3,-1,19,0.23999999463558197,1,0,1,11.0,11.98090242084704,-1.2000000476837158,-0.5,0.003438100218772888,0.019999999552965164,-1.0,-100.0,-0.019999999552965164,-0.5399094820022583
494,9288,0,1161,2,OP3,FIXED_OPPONENT,train,SCRIPTED:OP3,1,3,2,1,19,0.19999998807907104,1,0,4,12.0,9.447079307154604,1.5,0.4000000059604645,-0.002896316349506378,0.029999999329447746,1.0,100.0,-0.019999999552965164,0.5652275085449219
495,9296,0,1162,3,OP3,FIXED_OPPONENT,train,SCRIPTED:OP3,0,2,3,-1,19,0.1599999964237213,1,0,4,12.0,9.93388527318051,-1.2000000476837158,0.0,0.008727312088012695,0.0,0.0,0.0,0.0,-0.26037582755088806
496,9320,0,1165,0,OP3,FIXED_OPPONENT,train,SCRIPTED:OP3,0,2,3,-1,16,0.1599999964237213,1,0,0,12.0,11.814343452453613,-1.2000000476837158,-0.5,0.0014275908470153809,0.019999999552965164,-1.0,-100.0,0.0,-0.5367785096168518
497,9328,0,1166,0,OP3,FIXED_OPPONENT,train,SCRIPTED:OP3,1,3,2,1,18,0.3199999928474426,1,0,0,11.0,10.407254536946615,1.5,0.0,-0.003414943814277649,0.0,0.0,0.0,-0.019999999552965164,0.31746742129325867
498,9400,0,1175,2,OP3,FIXED_OPPONENT,train,SCRIPTED:OP3,0,3,3,0,18,0.3199999928474426,1,0,2,11.0,11.202321370442709,-0.699999988079071,0.0,-0.004270002245903015,0.0,0.0,0.0,0.0,-0.15438701212406158
499,9416,0,1177,2,OP3,FIXED_OPPONENT,train,SCRIPTED:OP3,0,3,3,0,19,0.23999999463558197,1,0,2,12.0,10.114403172543174,-0.699999988079071,0.0,-0.005483880639076233,0.0,0.0,0.0,-0.019999999552965164,-0.15874353051185608
500,9424,0,1178,0,OP3,FIXED_OPPONENT,train,SCRIPTED:OP3,0,2,3,-1,17,0.23999999463558197,1,0,3,11.0,10.521376665900736,-1.2000000476837158,0.5,0.007280945777893066,0.0,1.0,100.0,0.0,0.06669693440198898
501,9424,0,1178,1,OP3,FIXED_OPPONENT,train,SCRIPTED:OP3,1,3,1,2,17,0.23999999463558197,1,0,0,12.0,11.190910788143382,1.5,0.5,-0.023398980498313904,0.014999999664723873,1.0,100.0,-0.019999999552965164,0.5797412991523743
502,9424,0,1178,1,OP3,FIXED_OPPONENT,train,SCRIPTED:OP3,1,3,2,1,19,0.19999998807907104,1,0,4,13.0,11.833117033305921,1.5,0.5,-0.03734762966632843,0.029999999329447746,1.0,100.0,0.0,0.5826966762542725
503,9440,0,1180,0,OP3,FIXED_OPPONENT,train,SCRIPTED:OP3,1,3,2,1,18,0.23999999463558197,1,0,2,11.0,10.143714057074654,1.5,0.5,-0.0187477245926857,0.029999999329447746,1.0,100.0,0.0,0.5829150676727295
504,9464,0,1183,3,OP3,FIXED_OPPONENT,train,SCRIPTED:OP3,1,3,2,1,17,0.23999999463558197,1,0,0,12.0,10.463210161994486,1.5,0.4000000059604645,-0.008270621299743652,0.014999999664723873,1.0,100.0,0.0,0.5679991245269775
505,9472,0,1184,0,OP3,FIXED_OPPONENT,train,SCRIPTED:OP3,1,3,2,1,19,0.19999998807907104,1,0,5,12.0,10.87055085834704,1.5,1.0,-0.009907074272632599,0.029999999329447746,2.0,200.0,0.0,0.7617441415786743
506,9560,0,1195,2,OP3,FIXED_OPPONENT,train,SCRIPTED:OP3,1,3,2,1,17,0.3199999928474426,1,0,0,11.0,11.00889228372013,1.5,0.4000000059604645,-0.00041222572326660156,0.014999999664723873,1.0,100.0,0.0,0.5680937767028809
507,9568,0,1196,3,OP3,FIXED_OPPONENT,train,SCRIPTED:OP3,0,2,3,-1,18,0.23999999463558197,1,0,1,11.0,11.20823499891493,-1.2000000476837158,-0.4000000059604645,-0.010376378893852234,0.0,-1.0,-100.0,0.0,-0.5211827158927917
508,9568,0,1196,0,OP3,FIXED_OPPONENT,train,SCRIPTED:OP3,0,2,3,-1,21,0.35999998450279236,1,0,4,11.0,9.487577892485119,-1.2000000476837158,-0.5,0.002177029848098755,0.0,-1.0,-100.0,-0.019999999552965164,-0.5401771068572998
509,9568,0,1196,1,OP3,FIXED_OPPONENT,train,SCRIPTED:OP3,1,3,2,1,19,0.2800000011920929,1,0,1,12.0,11.808285361842104,1.5,0.5,-0.03024432063102722,0.029999999329447746,1.0,100.0,0.0,0.582780122756958
510,9576,0,1197,2,OP3,FIXED_OPPONENT,train,SCRIPTED:OP3,1,3,2,1,19,0.23999999463558197,1,0,1,13.0,9.171112863641037,1.5,0.0,-0.009344696998596191,0.0,0.0,0.0,0.0,0.32136374711990356
511,9576,0,1197,3,OP3,FIXED_OPPONENT,train,SCRIPTED:OP3,1,3,1,2,17,0.2800000011920929,1,0,3,11.0,11.006588206571692,1.5,0.5,-0.007436588406562805,0.014999999664723873,1.0,100.0,0.0,0.5828717350959778
512,9608,0,1201,0,OP3,FIXED_OPPONENT,train,SCRIPTED:OP3,0,2,3,-1,18,0.23999999463558197,1,0,2,11.0,10.250755310058594,-1.2000000476837158,-0.5,0.005458533763885498,0.019999999552965164,-1.0,-100.0,0.0,-0.5367274880409241
513,9616,0,1202,0,OP3,FIXED_OPPONENT,train,SCRIPTED:OP3,1,3,2,1,18,0.19999998807907104,1,0,8,12.0,9.198314242892796,1.5,0.5,-0.03875555098056793,0.029999999329447746,1.0,100.0,0.0,0.5826801061630249
514,9704,0,1213,3,OP3,FIXED_OPPONENT,train,SCRIPTED:OP3,1,3,2,1,18,0.3199999928474426,1,0,4,11.0,10.358096652560764,1.5,0.4000000059604645,0.0075293779373168945,0.014999999664723873,1.0,100.0,-0.019999999552965164,0.5651721954345703
515,9712,0,1214,3,OP3,FIXED_OPPONENT,train,SCRIPTED:OP3,0,2,3,-1,18,0.2800000011920929,1,0,1,11.0,11.111307779947916,-1.2000000476837158,-0.5,0.0035856515169143677,0.019999999552965164,-1.0,-100.0,-0.019999999552965164,-0.539907693862915
516,9720,0,1215,0,OP3,FIXED_OPPONENT,train,SCRIPTED:OP3,0,2,3,-1,19,0.11999999731779099,1,0,0,12.0,12.648827000668174,-1.2000000476837158,-0.5,-0.006460294127464294,0.019999999552965164,-1.0,-100.0,-0.019999999552965164,-0.5400340557098389
517,9720,0,1215,0,OP3,FIXED_OPPONENT,train,SCRIPTED:OP3,1,3,2,1,19,0.19999998807907104,1,0,5,12.0,9.624472367136102,1.5,0.5,-0.015784509479999542,0.029999999329447746,1.0,100.0,-0.03999999910593033,0.5770512819290161
518,9736,0,1217,3,OP3,FIXED_OPPONENT,train,SCRIPTED:OP3,0,3,3,0,20,0.23999999463558197,1,0,2,13.0,9.332916259765625,-0.699999988079071,0.0,0.0013251304626464844,0.0,0.0,0.0,-0.019999999552965164,-0.1586255431175232
519,9744,0,1218,2,OP3,FIXED_OPPONENT,train,SCRIPTED:OP3,1,3,2,1,17,0.23999999463558197,1,0,4,11.0,10.592392865349264,1.5,0.5,0.0190839022397995,0.014999999664723873,1.0,100.0,0.0,0.5831829309463501
520,9744,0,1218,3,OP3,FIXED_OPPONENT,train,SCRIPTED:OP3,1,3,2,1,21,0.3199999928474426,1,0,2,14.0,9.444955008370536,1.5,0.5,-0.01914133131504059,0.014999999664723873,1.0,100.0,0.0,0.5827342867851257
521,9760,0,1220,1,OP3,FIXED_OPPONENT,train,SCRIPTED:OP3,0,2,3,-1,18,0.23999999463558197,0,1,2,11.0,11.112437778049046,-1.2000000476837158,0.5,0.002240106463432312,0.0,1.0,100.0,0.0,0.06660772114992142
522,9840,0,1230,1,OP3,FIXED_OPPONENT,train,SCRIPTED:OP3,1,3,2,1,16,0.23999999463558197,1,0,0,12.0,10.942679405212402,1.5,0.5,-0.01429884135723114,0.029999999329447746,1.0,100.0,-0.03999999910593033,0.5770688056945801
523,9856,0,1232,3,OP3,FIXED_OPPONENT,train,SCRIPTED:OP3,1,3,2,1,19,0.23999999463558197,1,0,4,12.0,11.459095201994243,1.5,1.0,-0.02022913098335266,0.029999999329447746,2.0,200.0,-0.019999999552965164,0.7597947120666504
524,9864,0,1233,0,OP3,FIXED_OPPONENT,train,SCRIPTED:OP3,0,2,3,-1,18,0.23999999463558197,1,0,4,11.0,9.130436367458767,-1.2000000476837158,-0.4000000059604645,0.0021178871393203735,0.019999999552965164,-1.0,-100.0,0.0,-0.5207618474960327
525,9872,0,1234,0,OP3,FIXED_OPPONENT,train,SCRIPTED:OP3,0,2,3,-1,19,0.23999999463558197,1,0,2,12.0,10.457488210577713,-1.2000000476837158,-0.5,0.0016819685697555542,0.0,-1.0,-100.0,0.0,-0.5370283722877502
526,9880,0,1235,3,OP3,FIXED_OPPONENT,train,SCRIPTED:OP3,1,3,2,1,18,0.3999999761581421,1,0,0,11.0,10.891814337836372,1.5,0.5,-0.01890455186367035,0.029999999329447746,1.0,100.0,0.0,0.5829132199287415
527,9896,0,1237,3,OP3,FIXED_OPPONENT,train,SCRIPTED:OP3,0,3,3,0,19,0.23999999463558197,0,1,9,12.0,9.066980462325247,-0.699999988079071,0.0,-0.0067284852266311646,0.0,0.0,0.0,0.0,-0.15442967414855957
528,9904,0,1238,3,OP3,FIXED_OPPONENT,train,SCRIPTED:OP3,1,3,2,1,20,0.23999999463558197,1,0,3,12.0,9.668444061279297,1.5,0.5,-0.03411397337913513,0.014999999664723873,1.0,100.0,0.0,0.5825584530830383
529,9904,0,1238,0,OP3,FIXED_OPPONENT,train,SCRIPTED:OP3,1,3,2,1,18,0.19999998807907104,1,0,6,11.0,10.923921373155382,1.5,1.0,-0.013803541660308838,0.029999999329447746,2.0,200.0,0.0,0.7617151141166687
530,9984,0,1248,0,OP3,FIXED_OPPONENT,train,SCRIPTED:OP3,0,2,3,-1,18,0.19999998807907104,1,0,6,11.0,10.788232591417101,-1.2000000476837158,-0.5,-0.0025435537099838257,0.019999999552965164,-1.0,-100.0,0.0,-0.5368288159370422
531,10000,0,1250,2,OP3,FIXED_OPPONENT,train,SCRIPTED:OP3,0,2,3,-1,17,0.19999998807907104,1,0,0,11.0,12.009032305549173,-1.2000000476837158,-0.5,0.015292227268218994,0.019999999552965164,-1.0,-100.0,0.0,-0.5366030335426331
532,10024,0,1253,3,OP3,FIXED_OPPONENT,train,SCRIPTED:OP3,1,3,2,1,19,0.3199999928474426,1,0,0,12.0,9.377537777549342,1.5,0.0,-0.01024414598941803,0.0,0.0,0.0,0.0,0.3213494122028351
533,10024,0,1253,2,OP3,FIXED_OPPONENT,train,SCRIPTED:OP3,0,2,3,-1,21,0.19999998807907104,1,0,5,13.0,10.93702625093006,-1.2000000476837158,0.0,0.006107881665229797,0.019999999552965164,0.0,0.0,0.0,-0.2600877583026886
534,10032,0,1254,2,OP3,FIXED_OPPONENT,train,SCRIPTED:OP3,1,3,1,2,16,0.23999999463558197,1,0,2,12.0,10.148595809936523,1.5,0.4000000059604645,0.0010528415441513062,0.014999999664723873,1.0,100.0,-0.019999999552965164,0.5650938153266907
535,10032,0,1254,0,OP3,FIXED_OPPONENT,train,SCRIPTED:OP3,1,3,2,1,19,0.19999998807907104,1,0,3,12.0,10.15582275390625,1.5,0.0,-0.009893625974655151,0.0,0.0,0.0,0.0,0.3213549852371216
536,10048,0,1256,1,OP3,FIXED_OPPONENT,train,SCRIPTED:OP3,1,3,2,1,18,0.2800000011920929,1,0,1,11.0,11.60817125108507,1.5,0.4000000059604645,-0.010284706950187683,0.029999999329447746,1.0,100.0,0.0,0.5681555271148682
537,10048,0,1256,1,OP3,FIXED_OPPONENT,train,SCRIPTED:OP3,1,3,2,1,19,0.1599999964237213,1,0,3,12.0,10.755910773026315,1.5,0.5,-0.019090205430984497,0.029999999329447746,1.0,100.0,0.0,0.5829110145568848
538,10128,0,1266,3,OP3,FIXED_OPPONENT,train,SCRIPTED:OP3,1,3,2,1,18,0.1599999964237213,1,0,0,11.0,10.290667215983072,1.5,0.4000000059604645,0.004980906844139099,0.02499999850988388,1.0,100.0,0.0,0.5682791471481323
539,10144,0,1268,3,OP3,FIXED_OPPONENT,train,SCRIPTED:OP3,0,3,3,0,18,0.1599999964237213,1,0,1,11.0,11.108890957302517,-0.699999988079071,0.0,-0.0076734572649002075,0.0,0.0,0.0,-0.019999999552965164,-0.158781498670578
540,10176,0,1272,3,OP3,FIXED_OPPONENT,train,SCRIPTED:OP3,1,3,2,1,19,0.1599999964237213,1,0,0,12.0,11.373456453022204,1.5,0.5,0.005883142352104187,0.029999999329447746,1.0,100.0,-0.019999999552965164,0.5802637338638306
541,10176,0,1272,2,OP3,FIXED_OPPONENT,train,SCRIPTED:OP3,1,3,2,1,19,0.2800000011920929,1,0,6,15.0,10.319826628032484,1.5,0.5,0.010047078132629395,0.029999999329447746,1.0,100.0,0.0,0.5832529067993164
542,10184,0,1273,0,OP3,FIXED_OPPONENT,train,SCRIPTED:OP3,0,3,3,0,19,0.23999999463558197,1,0,5,12.0,10.00435357344778,-0.699999988079071,0.0,-0.0025830119848251343,0.0,0.0,0.0,0.0,-0.15435773134231567
543,10192,0,1274,0,OP3,FIXED_OPPONENT,train,SCRIPTED:OP3,0,2,3,-1,20,0.23999999463558197,1,0,4,14.0,11.17548828125,-1.2000000476837158,-0.4000000059604645,-0.008426189422607422,0.019999999552965164,-1.0,-100.0,-0.019999999552965164,-0.5241294503211975
544,10192,0,1274,3,OP3,FIXED_OPPONENT,train,SCRIPTED:OP3,1,3,2,1,18,0.11999999731779099,1,0,4,12.0,11.106438530815971,1.5,0.5,-0.023281298577785492,0.029999999329447746,1.0,100.0,0.0,0.5828617811203003
545,10200,0,1275,1,OP3,FIXED_OPPONENT,train,SCRIPTED:OP3,1,3,2,1,19,0.3199999928474426,1,0,1,11.0,10.045643053556743,1.5,0.5,-0.03289470076560974,0.014999999664723873,1.0,100.0,-0.019999999552965164,0.5796291828155518
546,10272,0,1284,0,OP3,FIXED_OPPONENT,train,SCRIPTED:OP3,1,3,2,1,18,0.3199999928474426,1,0,1,11.0,11.08833736843533,1.5,0.0,-0.009747281670570374,0.0,0.0,0.0,0.0,0.3213573396205902
547,10280,0,1285,0,OP3,FIXED_OPPONENT,train,SCRIPTED:OP3,1,3,2,1,17,0.19999998807907104,1,0,1,11.0,11.952643899356618,1.5,0.0,-0.0016502365469932556,0.0,0.0,0.0,0.0,0.3214864134788513
548,10320,0,1290,2,OP3,FIXED_OPPONENT,train,SCRIPTED:OP3,1,3,2,1,17,0.3199999928474426,1,0,1,11.0,10.50087693158318,1.5,0.5,-0.03472554683685303,0.014999999664723873,1.0,100.0,0.0,0.5825513005256653
549,10320,0,1290,0,OP3,FIXED_OPPONENT,train,SCRIPTED:OP3,0,3,3,0,18,0.19999998807907104,1,0,0,12.0,11.638920254177517,-0.699999988079071,0.0,-0.010110236704349518,0.0,0.0,0.0,0.0,-0.15448835492134094
550,10328,0,1291,0,OP3,FIXED_OPPONENT,train,SCRIPTED:OP3,1,3,2,1,16,0.07999999821186066,1,0,0,11.0,12.632028579711914,1.5,0.0,-0.007119707763195038,0.0,0.0,0.0,-0.019999999552965164,0.3174082040786743
551,10328,0,1291,0,OP3,FIXED_OPPONENT,train,SCRIPTED:OP3,1,3,2,1,19,0.1599999964237213,1,0,1,12.0,10.607295789216694,1.5,0.5,-0.012311592698097229,0.014999999664723873,1.0,100.0,0.0,0.5828145146369934
552,10336,0,1292,2,OP3,FIXED_OPPONENT,train,SCRIPTED:OP3,1,3,2,1,18,0.35999998450279236,1,0,3,11.0,10.758887396918404,1.5,0.4000000059604645,-0.00035241246223449707,0.014999999664723873,1.0,100.0,-0.019999999552965164,0.5650768280029297
553,10344,0,1293,3,OP3,FIXED_OPPONENT,train,SCRIPTED:OP3,0,2,3,-1,19,0.23999999463558197,1,0,1,12.0,10.697673596833882,-1.2000000476837158,-0.5,0.007333427667617798,0.019999999552965164,-1.0,-100.0,0.0,-0.5367038249969482
554,10416,0,1302,1,OP3,FIXED_OPPONENT,train,SCRIPTED:OP3,0,3,3,0,18,0.1599999964237213,1,0,2,11.0,10.783356560601128,-0.699999988079071,0.0,0.006784573197364807,0.0,0.0,0.0,0.0,-0.1541951596736908
555,10432,0,1304,3,OP3,FIXED_OPPONENT,train,SCRIPTED:OP3,0,2,3,-1,19,0.23999999463558197,1,0,1,12.0,10.824512682462993,-1.2000000476837158,-0.5,-0.0005630701780319214,0.019999999552965164,-1.0,-100.0,0.0,-0.5368037223815918
556,10480,0,1310,1,OP3,FIXED_OPPONENT,train,SCRIPTED:OP3,1,3,2,1,18,0.23999999463558197,1,0,0,11.0,9.858723958333334,1.5,0.5,-0.008503079414367676,0.014999999664723873,1.0,100.0,0.0,0.5828591585159302
557,10480,0,1310,1,OP3,FIXED_OPPONENT,train,SCRIPTED:OP3,1,3,2,1,19,0.1599999964237213,1,0,3,12.0,10.767433568050986,1.5,0.4000000059604645,0.003651946783065796,0.029999999329447746,1.0,100.0,0.0,0.5683232545852661
558,10480,0,1310,3,OP3,FIXED_OPPONENT,train,SCRIPTED:OP3,1,3,2,1,20,0.1599999964237213,1,0,0,13.0,11.801606750488281,1.5,0.5,-0.011051654815673828,0.029999999329447746,1.0,100.0,0.0,0.5830053091049194
559,10480,0,1310,0,OP3,FIXED_OPPONENT,train,SCRIPTED:OP3,0,2,3,-1,19,0.19999998807907104,1,0,0,11.0,10.680554841694079,-1.2000000476837158,-0.5,-0.007354468107223511,0.0,-1.0,-100.0,0.0,-0.5371426343917847
560,10488,0,1311,1,OP3,FIXED_OPPONENT,train,SCRIPTED:OP3,0,2,3,-1,18,0.2800000011920929,1,0,3,13.0,9.47906239827474,-1.2000000476837158,-0.5,-0.005957663059234619,0.0,-1.0,-100.0,0.0,-0.5371249914169312
561,10488,0,1311,1,OP3,FIXED_OPPONENT,train,SCRIPTED:OP3,0,3,3,0,21,0.3199999928474426,1,0,4,14.0,10.274515787760416,-0.699999988079071,0.0,-0.009499728679656982,0.0,0.0,0.0,0.0,-0.15447776019573212
562,10576,0,1322,2,OP3,FIXED_OPPONENT,train,SCRIPTED:OP3,1,3,2,1,20,0.19999998807907104,1,0,3,13.0,9.770411682128906,1.5,0.5,-0.01816388964653015,0.029999999329447746,1.0,100.0,-0.019999999552965164,0.5799800157546997
563,10592,0,1324,2,OP3,FIXED_OPPONENT,train,SCRIPTED:OP3,0,2,3,-1,20,0.4399999976158142,1,0,1,12.0,9.409407806396484,-1.2000000476837158,-0.5,0.016126573085784912,0.0,-1.0,-100.0,-0.019999999552965164,-0.5400015115737915
564,10624,0,1328,3,OP3,FIXED_OPPONENT,train,SCRIPTED:OP3,0,2,3,-1,18,0.19999998807907104,1,0,2,11.0,11.158650716145834,-1.2000000476837158,-0.4000000059604645,0.002006441354751587,0.019999999552965164,-1.0,-100.0,-0.019999999552965164,-0.5239949226379395
565,10632,0,1329,3,OP3,FIXED_OPPONENT,train,SCRIPTED:OP3,1,3,2,1,18,0.19999998807907104,1,0,1,11.0,11.942651536729601,1.5,0.0,-0.01017029583454132,0.0,0.0,0.0,0.0,0.3213505744934082
566,10632,0,1329,3,OP3,FIXED_OPPONENT,train,SCRIPTED:OP3,0,2,3,-1,19,0.23999999463558197,1,0,3,13.0,10.458331459446958,-1.2000000476837158,-0.5,0.008495956659317017,0.0,-1.0,-100.0,0.0,-0.536942183971405
567,10632,0,1329,1,OP3,FIXED_OPPONENT,train,SCRIPTED:OP3,1,3,2,1,19,0.2800000011920929,1,0,6,12.0,9.055871260793586,1.5,0.4000000059604645,-0.010212495923042297,0.029999999329447746,1.0,100.0,-0.019999999552965164,0.5651389956474304
568,10640,0,1330,3,OP3,FIXED_OPPONENT,train,SCRIPTED:OP3,0,2,3,-1,19,0.3199999928474426,1,0,1,12.0,10.761472200092516,-1.2000000476837158,-0.5,-0.013006314635276794,0.0,-1.0,-100.0,0.0,-0.5372140407562256
569,10648,0,1331,1,OP3,FIXED_OPPONENT,train,SCRIPTED:OP3,0,2,3,-1,21,0.35999998450279236,1,0,6,15.0,10.146730695452009,-1.2000000476837158,-0.5,-0.007649555802345276,0.0,-1.0,-100.0,0.0,-0.5371463298797607
570,10704,0,1338,2,OP3,FIXED_OPPONENT,train,SCRIPTED:OP3,1,3,1,2,16,0.19999998807907104,1,0,5,11.0,9.601078987121582,1.5,0.4000000059604645,-0.010272681713104248,0.029999999329447746,1.0,100.0,-0.019999999552965164,0.5651382803916931
571,10744,0,1343,1,OP3,FIXED_OPPONENT,train,SCRIPTED:OP3,1,3,2,1,19,0.1599999964237213,1,0,5,12.0,10.994356657329359,1.5,0.5,-0.027909040451049805,0.029999999329447746,1.0,100.0,0.0,0.5828075408935547
572,10784,0,1348,0,OP3,FIXED_OPPONENT,train,SCRIPTED:OP3,1,3,2,1,19,0.11999999731779099,1,0,1,12.0,12.132891203227796,1.5,0.5,-0.011554576456546783,0.029999999329447746,1.0,100.0,0.0,0.5829994082450867
573,10784,0,1348,3,OP3,FIXED_OPPONENT,train,SCRIPTED:OP3,1,3,2,1,19,0.19999998807907104,1,0,1,13.0,11.72465595446135,1.5,0.5,0.0032558441162109375,0.029999999329447746,1.0,100.0,0.0,0.5831732153892517
574,10784,0,1348,1,OP3,FIXED_OPPONENT,train,SCRIPTED:OP3,0,3,3,0,19,0.19999998807907104,1,0,0,12.0,10.871627807617188,-0.699999988079071,0.0,0.006685405969619751,0.0,0.0,0.0,-0.019999999552965164,-0.15853264927864075
575,10792,0,1349,0,OP3,FIXED_OPPONENT,train,SCRIPTED:OP3,1,3,2,1,18,0.1599999964237213,1,0,0,11.0,11.559691535101997,1.5,0.699999988079071,0.02402310073375702,0.029999999329447746,1.0,100.0,0.0,0.6119742393493652
576,10792,0,1349,3,OP3,FIXED_OPPONENT,train,SCRIPTED:OP3,0,3,3,0,19,0.23999999463558197,1,0,8,11.0,8.73149992290296,-0.699999988079071,0.0,-0.007496334612369537,0.0,0.0,0.0,0.0,-0.15444299578666687
577,10800,0,1350,1,OP3,FIXED_OPPONENT,train,SCRIPTED:OP3,0,3,3,0,22,0.23999999463558197,1,0,3,13.0,10.11762792413885,-0.699999988079071,0.0,-0.007757991552352905,0.0,0.0,0.0,0.0,-0.154447540640831
578,10848,0,1356,2,OP3,FIXED_OPPONENT,train,SCRIPTED:OP3,1,3,2,1,18,0.2800000011920929,1,0,3,11.0,10.600828382703993,1.5,0.0,-0.008021280169487,0.0,0.0,0.0,0.0,0.32138484716415405
579,10888,0,1361,3,OP3,FIXED_OPPONENT,train,SCRIPTED:OP3,0,2,3,-1,18,0.23999999463558197,1,0,2,11.0,10.806285434299046,-1.2000000476837158,-0.5,0.010910987854003906,0.0,-1.0,-100.0,0.0,-0.5369116067886353
580,10928,0,1366,3,OP3,FIXED_OPPONENT,train,SCRIPTED:OP3,1,3,2,1,18,0.23999999463558197,1,0,4,11.0,9.843074374728733,1.5,0.5,-0.0004689842462539673,0.029999999329447746,1.0,100.0,-0.019999999552965164,0.5801887512207031
581,10936,0,1367,0,OP3,FIXED_OPPONENT,train,SCRIPTED:OP3,0,2,3,-1,19,0.23999999463558197,1,0,13,12.0,9.134086207339639,-1.2000000476837158,-0.5,-0.002179160714149475,0.019999999552965164,-1.0,-100.0,0.0,-0.5368241667747498
582,10944,0,1368,1,OP3,FIXED_OPPONENT,train,SCRIPTED:OP3,1,3,2,1,19,0.23999999463558197,1,0,3,12.0,10.039610210217928,1.5,1.0,-0.018540531396865845,0.029999999329447746,2.0,200.0,0.0,0.7616797089576721
583,10952,0,1369,0,OP3,FIXED_OPPONENT,train,SCRIPTED:OP3,0,3,3,0,19,0.19999998807907104,1,0,0,12.0,13.616228605571546,-0.699999988079071,0.0,0.0045946091413497925,0.0,0.0,0.0,0.0,-0.1542331576347351
584,10952,0,1369,2,OP3,FIXED_OPPONENT,train,SCRIPTED:OP3,0,2,3,-1,20,0.3199999928474426,1,0,9,11.0,9.982283020019532,-1.2000000476837158,-0.5,0.003712475299835205,0.019999999552965164,-1.0,-100.0,-0.03999999910593033,-0.543047308921814
585,10960,0,1370,1,OP3,FIXED_OPPONENT,train,SCRIPTED:OP3,0,3,3,0,22,0.4399999976158142,1,0,6,12.0,10.28790213844993,-0.699999988079071,0.0,-0.009503915905952454,0.0,0.0,0.0,-0.019999999552965164,-0.1588132232427597
586,11000,0,1375,2,OP3,FIXED_OPPONENT,train,SCRIPTED:OP3,0,2,3,-1,19,0.19999998807907104,1,0,7,12.0,10.179764597039474,-1.2000000476837158,-0.5,-0.00751398503780365,0.019999999552965164,-1.0,-100.0,-0.019999999552965164,-0.5400474071502686
587,11064,0,1383,0,OP3,FIXED_OPPONENT,train,SCRIPTED:OP3,0,3,3,0,22,0.35999998450279236,1,0,2,11.0,9.71924521706321,-0.699999988079071,0.0,-0.008510604500770569,0.0,0.0,0.0,0.0,-0.1544605940580368
588,11072,0,1384,3,OP3,FIXED_OPPONENT,train,SCRIPTED:OP3,1,3,2,1,17,0.23999999463558197,1,0,0,11.0,10.346650067497702,1.5,0.5,0.01997007429599762,0.029999999329447746,1.0,100.0,0.0,0.583369255065918
589,11088,0,1386,3,OP3,FIXED_OPPONENT,train,SCRIPTED:OP3,0,2,3,-1,18,0.11999999731779099,1,0,5,11.0,10.52670627170139,-1.2000000476837158,0.0,-0.0017946287989616394,0.0,0.0,0.0,0.0,-0.2605501711368561
590,11096,0,1387,3,OP3,FIXED_OPPONENT,train,SCRIPTED:OP3,1,3,2,1,18,0.1599999964237213,1,0,2,11.0,9.497056749131945,1.5,0.5,-0.004418358206748962,0.029999999329447746,1.0,100.0,0.0,0.5830831527709961
591,11096,0,1387,1,OP3,FIXED_OPPONENT,train,SCRIPTED:OP3,1,3,2,1,21,0.23999999463558197,1,0,4,14.0,10.809623354957218,1.5,0.5,-0.010377049446105957,0.029999999329447746,1.0,100.0,-0.019999999552965164,0.5800719261169434
592,11104,0,1388,0,OP3,FIXED_OPPONENT,train,SCRIPTED:OP3,0,3,3,0,19,0.1599999964237213,1,0,1,11.0,11.333663940429688,-0.699999988079071,0.0,0.007569730281829834,0.0,0.0,0.0,0.0,-0.15418152511119843
593,11112,0,1389,0,OP3,FIXED_OPPONENT,train,SCRIPTED:OP3,1,3,2,1,19,0.23999999463558197,1,0,5,12.0,9.944434718081826,1.5,0.4000000059604645,-0.005891889333724976,0.029999999329447746,1.0,100.0,0.0,0.5682083964347839
594,11144,0,1393,2,OP3,FIXED_OPPONENT,train,SCRIPTED:OP3,0,2,3,-1,18,0.23999999463558197,1,0,0,11.0,10.775619506835938,-1.2000000476837158,-0.5,0.0030968785285949707,0.019999999552965164,-1.0,-100.0,0.0,-0.5367574095726013
595,11200,0,1400,3,OP3,FIXED_OPPONENT,train,SCRIPTED:OP3,1,3,2,1,17,0.1599999964237213,1,0,2,11.0,10.677148257984834,1.5,0.5,-0.0311175137758255,0.029999999329447746,1.0,100.0,-0.019999999552965164,0.5798271894454956
596,11216,0,1402,3,OP3,FIXED_OPPONENT,train,SCRIPTED:OP3,0,2,3,-1,18,0.19999998807907104,1,0,0,11.0,11.10147433810764,-1.2000000476837158,-0.5,-0.00650806725025177,0.019999999552965164,-1.0,-100.0,-0.03999999910593033,-0.543175458908081
597,11240,0,1405,2,OP3,FIXED_OPPONENT,train,SCRIPTED:OP3,0,2,3,-1,18,0.3199999928474426,1,0,3,11.0,10.20979732937283,-1.2000000476837158,-0.4000000059604645,0.008362263441085815,0.0,-1.0,-100.0,0.0,-0.5209400653839111
598,11240,0,1405,3,OP3,FIXED_OPPONENT,train,SCRIPTED:OP3,1,3,2,1,17,0.23999999463558197,1,0,4,11.0,10.467462876263786,1.5,0.5,0.00015295296907424927,0.029999999329447746,1.0,100.0,0.0,0.5831368565559387
599,11248,0,1406,1,OP3,FIXED_OPPONENT,train,SCRIPTED:OP3,0,2,3,-1,17,0.2800000011920929,1,0,1,11.0,11.047607421875,-1.2000000476837158,-0.4000000059604645,-0.004446893930435181,0.0,-1.0,-100.0,0.0,-0.521105945110321
600,11248,0,1406,3,OP3,FIXED_OPPONENT,train,SCRIPTED:OP3,0,3,3,0,19,0.3199999928474426,1,0,2,12.0,10.443314401726974,-0.699999988079071,0.0,-0.010436803102493286,0.0,0.0,0.0,0.0,-0.1544940173625946
601,11248,0,1406,2,OP3,FIXED_OPPONENT,train,SCRIPTED:OP3,1,3,2,1,20,0.3199999928474426,1,0,1,13.0,10.479045104980468,1.5,0.5,-0.0020290762186050415,0.029999999329447746,1.0,100.0,-0.03999999910593033,0.5772143602371216
602,11280,0,1410,1,OP3,FIXED_OPPONENT,train,SCRIPTED:OP3,0,2,3,-1,17,0.1599999964237213,1,0,0,11.0,10.267749561982995,-1.2000000476837158,-0.5,-0.0003120154142379761,0.019999999552965164,-1.0,-100.0,0.0,-0.5368005633354187
603,11352,0,1419,0,OP3,FIXED_OPPONENT,train,SCRIPTED:OP3,0,2,3,-1,19,0.11999999731779099,1,0,3,12.0,11.320941322728208,-1.2000000476837158,-0.4000000059604645,-0.010678112506866455,0.019999999552965164,-1.0,-100.0,0.0,-0.5209276080131531
604,11368,0,1421,0,OP3,FIXED_OPPONENT,train,SCRIPTED:OP3,1,3,2,1,19,0.3199999928474426,1,0,0,12.0,9.601655658922697,1.5,0.5,-0.03915983438491821,0.029999999329447746,1.0,100.0,-0.019999999552965164,0.5797322988510132
605,11368,0,1421,3,OP3,FIXED_OPPONENT,train,SCRIPTED:OP3,0,2,3,-1,16,0.23999999463558197,1,0,0,11.0,12.6925048828125,-1.2000000476837158,-0.5,0.006173059344291687,0.019999999552965164,-1.0,-100.0,0.0,-0.536718487739563
606,11392,0,1424,2,OP3,FIXED_OPPONENT,train,SCRIPTED:OP3,0,3,3,0,18,0.3199999928474426,1,0,3,11.0,9.714330885145399,-0.699999988079071,0.0,0.0013815909624099731,0.0,0.0,0.0,0.0,-0.15428893268108368
607,11400,0,1425,2,OP3,FIXED_OPPONENT,train,SCRIPTED:OP3,0,2,3,-1,20,0.2800000011920929,1,0,4,12.0,9.847148895263672,-1.2000000476837158,-0.5,0.005757391452789307,0.0,-1.0,-100.0,0.0,-0.5369768142700195
608,11400,0,1425,1,OP3,FIXED_OPPONENT,train,SCRIPTED:OP3,0,2,3,-1,19,0.23999999463558197,1,0,0,12.0,11.408770109477796,-1.2000000476837158,-0.5,0.012327298521995544,0.019999999552965164,-1.0,-100.0,0.0,-0.5366405844688416
609,11416,0,1427,3,OP3,FIXED_OPPONENT,train,SCRIPTED:OP3,1,3,2,1,21,0.2800000011920929,1,0,4,14.0,10.554751441592263,1.5,0.5,-0.013695158064365387,0.029999999329447746,1.0,100.0,0.0,0.5829743146896362
610,11416,0,1427,1,OP3,FIXED_OPPONENT,train,SCRIPTED:OP3,0,2,3,-1,17,0.3199999928474426,1,0,1,12.0,9.789016723632812,-1.2000000476837158,-0.5,0.00424666702747345,0.0,-1.0,-100.0,-0.019999999552965164,-0.5401511192321777
611,11496,0,1437,2,OP3,FIXED_OPPONENT,train,SCRIPTED:OP3,1,3,1,2,18,0.2800000011920929,1,0,5,12.0,8.53272925482856,1.5,0.5,-0.016708359122276306,0.014999999664723873,1.0,100.0,0.0,0.5827628374099731
612,11512,0,1439,1,OP3,FIXED_OPPONENT,train,SCRIPTED:OP3,0,2,3,-1,18,0.3199999928474426,1,0,0,11.0,10.165779961480034,-1.2000000476837158,-0.5,-0.006856769323348999,0.0,-1.0,-100.0,-0.019999999552965164,-0.540290892124176
613,11520,0,1440,3,OP3,FIXED_OPPONENT,train,SCRIPTED:OP3,0,3,3,0,19,0.19999998807907104,1,0,1,11.0,10.52188431589227,-0.699999988079071,0.0,0.008217185735702515,0.0,0.0,0.0,0.0,-0.15417028963565826
614,11544,0,1443,1,OP3,FIXED_OPPONENT,train,SCRIPTED:OP3,0,3,3,0,19,0.23999999463558197,1,0,2,12.0,9.69675084164268,-0.699999988079071,0.0,-0.0025468915700912476,0.0,0.0,0.0,0.0,-0.15435710549354553
615,11552,0,1444,3,OP3,FIXED_OPPONENT,train,SCRIPTED:OP3,1,3,2,1,19,0.23999999463558197,1,0,2,12.0,9.217987060546875,1.5,0.5,0.0004729330539703369,0.029999999329447746,1.0,100.0,0.0,0.5831406116485596
616,11560,0,1445,2,OP3,FIXED_OPPONENT,train,SCRIPTED:OP3,1,3,2,1,18,0.23999999463558197,1,0,0,11.0,10.105237325032553,1.5,0.4000000059604645,0.007692933082580566,0.014999999664723873,1.0,100.0,0.0,0.568191409111023
617,11560,0,1445,3,OP3,FIXED_OPPONENT,train,SCRIPTED:OP3,0,2,3,-1,20,0.3999999761581421,1,0,4,14.0,8.837422943115234,-1.2000000476837158,-0.5,0.012036263942718506,0.019999999552965164,-1.0,-100.0,-0.019999999552965164,-0.5398011803627014
618,11560,0,1445,2,OP3,FIXED_OPPONENT,train,SCRIPTED:OP3,0,2,3,-1,18,0.3199999928474426,1,0,0,11.0,11.40010494656033,-1.2000000476837158,-0.4000000059604645,-0.01055784523487091,0.0,-1.0,-100.0,0.0,-0.5211851000785828
619,11640,0,1455,3,OP3,FIXED_OPPONENT,train,SCRIPTED:OP3,0,2,3,-1,18,0.1599999964237213,1,0,4,11.0,10.292936537000868,-1.2000000476837158,-0.5,0.0011927783489227295,0.019999999552965164,-1.0,-100.0,0.0,-0.5367814898490906
620,11672,0,1459,3,OP3,FIXED_OPPONENT,train,SCRIPTED:OP3,0,2,3,-1,20,0.23999999463558197,1,0,3,13.0,9.591271209716798,-1.2000000476837158,-0.5,-0.0018608123064041138,0.0,-1.0,-100.0,-0.019999999552965164,-0.5402280688285828
621,11688,0,1461,3,OP3,FIXED_OPPONENT,train,SCRIPTED:OP3,0,2,3,-1,18,0.19999998807907104,1,0,1,11.0,9.969889322916666,-1.2000000476837158,-0.5,0.009218886494636536,0.019999999552965164,-1.0,-100.0,-0.019999999552965164,-0.5398366451263428
622,11688,0,1461,0,OP3,FIXED_OPPONENT,train,SCRIPTED:OP3,0,2,3,-1,21,0.23999999463558197,1,0,3,14.0,11.002446492513021,-1.2000000476837158,0.0,-0.002234041690826416,0.019999999552965164,0.0,0.0,0.0,-0.2602260112762451
623,11696,0,1462,0,OP3,FIXED_OPPONENT,train,SCRIPTED:OP3,0,2,3,-1,18,0.11999999731779099,1,0,2,11.0,10.033321804470486,-1.2000000476837158,0.0,-9.390711784362793e-05,0.0,0.0,0.0,0.0,-0.2605220079421997
624,11704,0,1463,2,OP3,FIXED_OPPONENT,train,SCRIPTED:OP3,1,3,2,1,18,0.2800000011920929,1,0,3,11.0,9.884665595160591,1.5,0.4000000059604645,-0.004234611988067627,0.014999999664723873,1.0,100.0,0.0,0.568047821521759
625,11704,0,1463,1,OP3,FIXED_OPPONENT,train,SCRIPTED:OP3,1,3,2,1,18,0.2800000011920929,1,0,1,11.0,10.120729234483507,1.5,1.0,-0.014731653034687042,0.029999999329447746,2.0,200.0,0.0,0.76170814037323
626,11712,0,1464,2,OP3,FIXED_OPPONENT,train,SCRIPTED:OP3,0,1,3,-2,19,0.19999998807907104,1,0,1,12.0,12.65297417891653,-1.2000000476837158,-0.5,-0.0045849233865737915,0.019999999552965164,-1.0,-100.0,0.0,-0.53685462474823
627,11784,0,1473,1,OP3,FIXED_OPPONENT,train,SCRIPTED:OP3,0,2,3,-1,18,0.1599999964237213,1,0,2,12.0,9.419654846191406,-1.2000000476837158,0.0,-0.011683866381645203,0.019999999552965164,0.0,0.0,0.0,-0.26038262248039246
628,11816,0,1477,2,OP3,FIXED_OPPONENT,train,SCRIPTED:OP3,1,3,2,1,18,0.19999998807907104,1,0,0,11.0,10.879481845431858,1.5,0.5,-0.021132290363311768,0.029999999329447746,1.0,100.0,0.0,0.5828870534896851
629,11832,0,1479,1,OP3,FIXED_OPPONENT,train,SCRIPTED:OP3,1,3,2,1,18,0.35999998450279236,1,0,3,11.0,9.698447333441841,1.5,0.5,-0.019873932003974915,0.029999999329447746,1.0,100.0,0.0,0.5829018354415894
630,11848,0,1481,0,OP3,FIXED_OPPONENT,train,SCRIPTED:OP3,1,3,2,1,18,0.23999999463558197,1,0,4,11.0,10.105938381618923,1.5,0.4000000059604645,-0.0010052472352981567,0.029999999329447746,1.0,100.0,0.0,0.5682672262191772
631,11848,0,1481,3,OP3,FIXED_OPPONENT,train,SCRIPTED:OP3,1,3,2,1,17,0.23999999463558197,1,0,0,11.0,11.226626227883731,1.5,0.0,0.008101627230644226,0.0,0.0,0.0,0.0,0.32164186239242554
632,11848,0,1481,2,OP3,FIXED_OPPONENT,train,SCRIPTED:OP3,0,2,3,-1,18,0.3999999761581421,1,0,2,12.0,9.665960523817274,-1.2000000476837158,0.0,-0.010414794087409973,0.0,0.0,0.0,0.0,-0.2606930136680603
633,11856,0,1482,2,OP3,FIXED_OPPONENT,train,SCRIPTED:OP3,1,3,2,1,20,0.3999999761581421,1,0,4,12.0,9.703479766845703,1.5,0.5,-0.03192739188671112,0.029999999329447746,1.0,100.0,-0.019999999552965164,0.5798176527023315
634,11864,0,1483,0,OP3,FIXED_OPPONENT,train,SCRIPTED:OP3,1,3,2,1,22,0.23999999463558197,1,0,7,12.0,9.982812361283736,1.5,0.5,-0.010587573051452637,0.014999999664723873,1.0,100.0,-0.019999999552965164,0.5798924565315247
635,11928,0,1491,1,OP3,FIXED_OPPONENT,train,SCRIPTED:OP3,1,3,2,1,18,0.3199999928474426,1,0,2,11.0,9.938858032226562,1.5,0.5,-0.028268933296203613,0.029999999329447746,1.0,100.0,0.0,0.5828032493591309
636,11960,0,1495,0,OP3,FIXED_OPPONENT,train,SCRIPTED:OP3,0,2,3,-1,18,0.23999999463558197,1,0,0,11.0,10.717818366156685,-1.2000000476837158,-0.5,0.00983351469039917,0.0,-1.0,-100.0,-0.019999999552965164,-0.5400807857513428
637,11984,0,1498,0,OP3,FIXED_OPPONENT,train,SCRIPTED:OP3,1,3,1,2,19,0.3199999928474426,1,0,0,12.0,11.716629028320312,1.5,0.5,0.019490867853164673,0.02499999850988388,1.0,100.0,0.0,0.5833050012588501
638,11992,0,1499,3,OP3,FIXED_OPPONENT,train,SCRIPTED:OP3,0,2,3,-1,18,0.19999998807907104,1,0,0,11.0,12.80845726860894,-1.2000000476837158,-0.4000000059604645,0.00234125554561615,0.019999999552965164,-1.0,-100.0,0.0,-0.5207589268684387
639,12000,0,1500,3,OP3,FIXED_OPPONENT,train,SCRIPTED:OP3,1,3,1,2,18,0.3199999928474426,1,0,1,12.0,10.215266757541233,1.5,0.5,-0.0409950315952301,0.014999999664723873,1.0,100.0,-0.019999999552965164,0.579533576965332
640,12000,0,1500,2,OP3,FIXED_OPPONENT,train,SCRIPTED:OP3,1,3,2,1,19,0.23999999463558197,1,0,0,12.0,12.3026267603824,1.5,0.5,0.013863056898117065,0.029999999329447746,1.0,100.0,0.0,0.583297610282898
641,12008,0,1501,0,OP3,FIXED_OPPONENT,train,SCRIPTED:OP3,1,3,2,1,20,0.3999999761581421,1,0,6,11.0,9.250972747802734,1.5,0.5,-0.022431284189224243,0.014999999664723873,1.0,100.0,-0.019999999552965164,0.5797526836395264
642,12016,0,1502,2,OP3,FIXED_OPPONENT,train,SCRIPTED:OP3,0,2,3,-1,19,0.2800000011920929,1,0,4,12.0,9.47683314273232,-1.2000000476837158,-0.5,0.004792317748069763,0.0,-1.0,-100.0,-0.019999999552965164,-0.5401442050933838
643,12096,0,1512,0,OP3,FIXED_OPPONENT,train,SCRIPTED:OP3,0,2,3,-1,21,0.35999998450279236,1,0,4,14.0,10.279870169503349,-1.2000000476837158,-0.5,0.015160158276557922,0.019999999552965164,-1.0,-100.0,-0.019999999552965164,-0.5397617816925049
644,12104,0,1513,1,OP3,FIXED_OPPONENT,train,SCRIPTED:OP3,0,2,3,-1,18,0.1599999964237213,1,0,0,12.0,12.430864969889322,-1.2000000476837158,-0.5,-0.006633535027503967,0.0,-1.0,-100.0,0.0,-0.537133514881134
645,12136,0,1517,3,OP3,FIXED_OPPONENT,train,SCRIPTED:OP3,1,3,2,1,18,0.3199999928474426,1,0,3,11.0,10.052200317382812,1.5,1.0,-0.02822662889957428,0.029999999329447746,2.0,200.0,0.0,0.7616074085235596
646,12144,0,1518,2,OP3,FIXED_OPPONENT,train,SCRIPTED:OP3,1,3,2,1,20,0.1599999964237213,1,0,4,11.0,9.887872314453125,1.5,0.5,-0.03248049318790436,0.014999999664723873,1.0,100.0,-0.019999999552965164,0.5796340703964233
647,12152,0,1519,2,OP3,FIXED_OPPONENT,train,SCRIPTED:OP3,0,2,3,-1,18,0.3199999928474426,1,0,2,11.0,10.203241136338976,-1.2000000476837158,-0.5,0.006726473569869995,0.019999999552965164,-1.0,-100.0,0.0,-0.5367114543914795
648,12152,0,1519,3,OP3,FIXED_OPPONENT,train,SCRIPTED:OP3,0,2,3,-1,19,0.3199999928474426,1,0,1,11.0,9.279861450195312,-1.2000000476837158,-0.5,0.01489342749118805,0.0,-1.0,-100.0,-0.019999999552965164,-0.5400170087814331
649,12152,0,1519,3,OP3,FIXED_OPPONENT,train,SCRIPTED:OP3,1,3,2,1,19,0.3199999928474426,1,0,5,12.0,9.737445228978208,1.5,0.5,-0.019073039293289185,0.029999999329447746,1.0,100.0,0.0,0.5829111337661743
650,12176,0,1522,0,OP3,FIXED_OPPONENT,train,SCRIPTED:OP3,1,3,2,1,20,0.1599999964237213,1,0,2,13.0,11.074048614501953,1.5,0.5,0.018482670187950134,0.014999999664723873,1.0,100.0,-0.019999999552965164,0.5802353620529175
651,12240,0,1530,3,OP3,FIXED_OPPONENT,train,SCRIPTED:OP3,1,3,2,1,18,0.2800000011920929,1,0,2,11.0,9.718422783745659,1.5,0.5,-0.007373631000518799,0.014999999664723873,1.0,100.0,-0.019999999552965164,0.5799303650856018
652,12256,0,1532,2,OP3,FIXED_OPPONENT,train,SCRIPTED:OP3,0,2,3,-1,19,0.19999998807907104,1,0,2,12.0,11.05252396432977,-1.2000000476837158,0.0,-0.007181547582149506,0.0,0.0,0.0,0.0,-0.2606394588947296
653,12288,0,1536,1,OP3,FIXED_OPPONENT,train,SCRIPTED:OP3,0,2,3,-1,19,0.3199999928474426,1,0,2,12.0,11.023380480314556,-1.2000000476837158,-0.5,-0.004557356238365173,0.019999999552965164,-1.0,-100.0,-0.019999999552965164,-0.5400102138519287
654,12288,0,1536,3,OP3,FIXED_OPPONENT,train,SCRIPTED:OP3,1,3,2,1,18,0.19999998807907104,1,0,1,11.0,10.505914476182726,1.5,0.5,-0.0015215873718261719,0.014999999664723873,1.0,100.0,0.0,0.5829411745071411
655,12296,0,1537,2,OP3,FIXED_OPPONENT,train,SCRIPTED:OP3,0,2,3,-1,18,0.23999999463558197,1,0,4,11.0,9.383335537380642,-1.2000000476837158,-0.5,0.0027544796466827393,0.019999999552965164,-1.0,-100.0,-0.019999999552965164,-0.539918065071106
656,12296,0,1537,3,OP3,FIXED_OPPONENT,train,SCRIPTED:OP3,0,3,3,0,18,0.07999999821186066,1,0,0,11.0,10.329959445529514,-0.699999988079071,0.0,-0.004253894090652466,0.0,0.0,0.0,0.0,-0.1543867141008377
657,12296,0,1537,0,OP3,FIXED_OPPONENT,train,SCRIPTED:OP3,1,3,2,1,18,0.3199999928474426,1,0,1,12.0,10.307585822211372,1.5,0.4000000059604645,-0.01026509702205658,0.014999999664723873,1.0,100.0,0.0,0.5679751634597778
658,12328,0,1541,3,OP3,FIXED_OPPONENT,train,SCRIPTED:OP3,0,3,3,0,19,0.19999998807907104,1,0,0,12.0,10.750402350174753,-0.699999988079071,0.0,-0.00817975401878357,0.0,0.0,0.0,-0.019999999552965164,-0.15879026055335999
659,12392,0,1549,1,OP3,FIXED_OPPONENT,train,SCRIPTED:OP3,1,3,2,1,19,0.19999998807907104,1,0,4,12.0,9.797482942280016,1.5,0.5,0.013177216053009033,0.029999999329447746,1.0,100.0,0.0,0.583289623260498
660,12408,0,1551,0,OP3,FIXED_OPPONENT,train,SCRIPTED:OP3,0,2,3,-1,19,0.1599999964237213,1,0,0,12.0,10.703876696134868,-1.2000000476837158,-0.4000000059604645,-0.0002569258213043213,0.019999999552965164,-1.0,-100.0,0.0,-0.5207926034927368
661,12424,0,1553,0,OP3,FIXED_OPPONENT,train,SCRIPTED:OP3,0,2,3,-1,16,0.1599999964237213,1,0,0,11.0,10.488419532775879,-1.2000000476837158,-0.4000000059604645,-0.009454160928726196,0.019999999552965164,-1.0,-100.0,-0.03999999910593033,-0.5273586511611938
662,12440,0,1555,1,OP3,FIXED_OPPONENT,train,SCRIPTED:OP3,0,2,3,-1,18,0.19999998807907104,1,0,0,11.0,12.423521253797743,-1.2000000476837158,-0.4000000059604645,-0.009748131036758423,0.019999999552965164,-1.0,-100.0,0.0,-0.5209155678749084
663,12456,0,1557,3,OP3,FIXED_OPPONENT,train,SCRIPTED:OP3,1,3,2,1,21,0.19999998807907104,1,0,2,14.0,10.85018557593936,1.5,0.5,-0.01501394808292389,0.029999999329447746,1.0,100.0,0.0,0.5829588174819946
664,12456,0,1557,1,OP3,FIXED_OPPONENT,train,SCRIPTED:OP3,0,2,3,-1,20,0.19999998807907104,1,0,6,13.0,9.921382904052734,-1.2000000476837158,-0.5,0.008443847298622131,0.019999999552965164,-1.0,-100.0,0.0,-0.5366896986961365
665,12464,0,1558,2,OP3,FIXED_OPPONENT,train,SCRIPTED:OP3,1,3,2,1,22,0.23999999463558197,1,0,2,15.0,9.470711447975852,1.5,0.5,0.007244408130645752,0.029999999329447746,1.0,100.0,0.0,0.5832200050354004
666,12472,0,1559,3,OP3,FIXED_OPPONENT,train,SCRIPTED:OP3,1,3,2,1,18,0.2800000011920929,1,0,2,11.0,8.830161200629341,1.5,0.5,0.011529847979545593,0.029999999329447746,1.0,100.0,0.0,0.583270251750946
667,12528,0,1566,0,OP3,FIXED_OPPONENT,train,SCRIPTED:OP3,1,3,2,1,17,0.11999999731779099,1,0,3,12.0,9.977137846105238,1.5,0.5,-0.022687077522277832,0.029999999329447746,1.0,100.0,0.0,0.5828688144683838
668,12552,0,1569,2,OP3,FIXED_OPPONENT,train,SCRIPTED:OP3,1,3,2,1,18,0.23999999463558197,1,0,2,12.0,9.716668023003471,1.5,0.5,-0.019401460886001587,0.029999999329447746,1.0,100.0,0.0,0.5829074382781982
669,12584,0,1573,0,OP3,FIXED_OPPONENT,train,SCRIPTED:OP3,0,2,3,-1,20,0.2800000011920929,1,0,0,13.0,10.712908172607422,-1.2000000476837158,-0.5,0.009328663349151611,0.019999999552965164,-1.0,-100.0,-0.019999999552965164,-0.5398352742195129
670,12584,0,1573,2,OP3,FIXED_OPPONENT,train,SCRIPTED:OP3,1,3,2,1,18,0.23999999463558197,1,0,0,12.0,10.373112148708767,1.5,0.5,0.011643439531326294,0.014999999664723873,1.0,100.0,0.0,0.5830956101417542
671,12592,0,1574,3,OP3,FIXED_OPPONENT,train,SCRIPTED:OP3,1,3,2,1,17,0.3199999928474426,1,0,1,11.0,11.194798189051012,1.5,0.0,-0.007724493741989136,0.0,0.0,0.0,0.0,0.3213895857334137
672,12608,0,1576,2,OP3,FIXED_OPPONENT,train,SCRIPTED:OP3,0,2,3,-1,19,0.2800000011920929,1,0,3,12.0,9.860565988641037,-1.2000000476837158,0.0,0.004707023501396179,0.019999999552965164,0.0,0.0,0.0,-0.2601109445095062
673,12616,0,1577,1,OP3,FIXED_OPPONENT,train,SCRIPTED:OP3,0,2,3,-1,19,0.23999999463558197,1,0,4,12.0,10.075369583932977,-1.2000000476837158,-0.5,0.0009260773658752441,0.0,-1.0,-100.0,-0.019999999552965164,-0.5401929616928101
674,12640,0,1580,2,OP3,FIXED_OPPONENT,train,SCRIPTED:OP3,0,3,3,0,21,0.19999998807907104,1,0,1,14.0,10.651938302176339,-0.699999988079071,0.0,0.008147329092025757,0.0,0.0,0.0,0.0,-0.15417151153087616
675,12672,0,1584,3,OP3,FIXED_OPPONENT,train,SCRIPTED:OP3,1,3,2,1,18,0.3999999761581421,1,0,3,13.0,10.277138604058159,1.5,0.0,-0.010502219200134277,0.0,0.0,0.0,-0.019999999552965164,0.31735411286354065
676,12696,0,1587,2,OP3,FIXED_OPPONENT,train,SCRIPTED:OP3,1,3,2,1,18,0.2800000011920929,1,0,1,11.0,9.439949035644531,1.5,0.4000000059604645,-0.0018616169691085815,0.029999999329447746,1.0,100.0,-0.019999999552965164,0.5652400255203247
677,12728,0,1591,1,OP3,FIXED_OPPONENT,train,SCRIPTED:OP3,0,2,3,-1,18,0.1599999964237213,1,0,1,11.0,11.500434875488281,-1.2000000476837158,-0.5,-0.007900863885879517,0.019999999552965164,-1.0,-100.0,0.0,-0.5368965864181519
678,12736,0,1592,1,OP3,FIXED_OPPONENT,train,SCRIPTED:OP3,1,3,2,1,19,0.1599999964237213,1,0,5,13.0,10.001611809981497,1.5,0.5,0.006114929914474487,0.029999999329447746,1.0,100.0,0.0,0.5832067728042603
679,12744,0,1593,1,OP3,FIXED_OPPONENT,train,SCRIPTED:OP3,1,3,2,1,19,0.23999999463558197,1,0,1,12.0,10.599567614103618,1.5,0.5,-0.03051978349685669,0.014999999664723873,1.0,100.0,0.0,0.5826006531715393
680,12760,0,1595,2,OP3,FIXED_OPPONENT,train,SCRIPTED:OP3,0,2,3,-1,19,0.2800000011920929,1,0,2,12.0,11.112861231753701,-1.2000000476837158,-0.5,0.01227220892906189,0.019999999552965164,-1.0,-100.0,0.0,-0.5366412401199341
681,12768,0,1596,1,OP3,FIXED_OPPONENT,train,SCRIPTED:OP3,1,3,2,1,19,0.11999999731779099,1,0,0,11.0,11.872074327970806,1.5,0.5,-0.006482601165771484,0.029999999329447746,1.0,100.0,0.0,0.5830589532852173
682,12784,0,1598,2,OP3,FIXED_OPPONENT,train,SCRIPTED:OP3,1,3,2,1,18,0.1599999964237213,1,0,2,12.0,10.329910278320312,1.5,1.0,-0.015281900763511658,0.029999999329447746,2.0,200.0,-0.019999999552965164,0.7598319053649902
683,12832,0,1604,1,OP3,FIXED_OPPONENT,train,SCRIPTED:OP3,0,2,3,-1,20,0.2800000011920929,1,0,2,12.0,10.886639404296876,-1.2000000476837158,-0.5,-0.009224340319633484,0.0,-1.0,-100.0,0.0,-0.5371662378311157
684,12840,0,1605,2,OP3,FIXED_OPPONENT,train,SCRIPTED:OP3,0,2,3,-1,18,0.23999999463558197,1,0,3,11.0,10.682149251302084,-1.2000000476837158,-0.5,0.009689435362815857,0.019999999552965164,-1.0,-100.0,0.0,-0.5366739630699158
685,12880,0,1610,3,OP3,FIXED_OPPONENT,train,SCRIPTED:OP3,0,2,3,-1,19,0.1599999964237213,1,0,1,12.0,11.726564106188322,-1.2000000476837158,-0.5,0.013069644570350647,0.019999999552965164,-1.0,-100.0,0.0,-0.536631166934967
686,12888,0,1611,3,OP3,FIXED_OPPONENT,train,SCRIPTED:OP3,0,2,3,-1,19,0.19999998807907104,1,0,0,12.0,11.377687956157484,-1.2000000476837158,-0.5,-0.0014682561159133911,0.0,-1.0,-100.0,0.0,-0.5370681285858154
687,12888,0,1611,2,OP3,FIXED_OPPONENT,train,SCRIPTED:OP3,1,3,2,1,18,0.1599999964237213,1,0,1,11.0,10.187430487738716,1.5,0.4000000059604645,-0.002912558615207672,0.029999999329447746,1.0,100.0,0.0,0.5682442784309387
688,12920,0,1615,1,OP3,FIXED_OPPONENT,train,SCRIPTED:OP3,1,3,2,1,19,0.19999998807907104,1,0,3,13.0,10.223929154245477,1.5,0.5,-0.031577326357364655,0.029999999329447746,1.0,100.0,-0.019999999552965164,0.579821765422821
689,12928,0,1616,2,OP3,FIXED_OPPONENT,train,SCRIPTED:OP3,0,3,3,0,18,0.23999999463558197,1,0,2,11.0,10.499136182996962,-0.699999988079071,0.0,-0.004188992083072662,0.0,0.0,0.0,0.0,-0.15438559651374817
690,12936,0,1617,2,OP3,FIXED_OPPONENT,train,SCRIPTED:OP3,1,3,2,1,22,0.23999999463558197,1,0,3,14.0,8.96089727228338,1.5,0.5,-0.002261340618133545,0.02499999850988388,1.0,100.0,0.0,0.5830498933792114
691,12976,0,1622,2,OP3,FIXED_OPPONENT,train,SCRIPTED:OP3,1,3,2,1,17,0.11999999731779099,1,0,0,12.0,10.632413078756894,1.5,0.0,-0.0020724087953567505,0.0,0.0,0.0,0.0,0.3214796483516693
692,12984,0,1623,0,OP3,FIXED_OPPONENT,train,SCRIPTED:OP3,1,3,2,1,19,0.3199999928474426,0,1,2,14.0,10.383521632144326,1.5,1.0,-0.023952677845954895,0.029999999329447746,2.0,200.0,0.0,0.7616392374038696
693,13032,0,1629,0,OP3,FIXED_OPPONENT,train,SCRIPTED:OP3,1,3,2,1,19,0.2800000011920929,1,0,0,12.0,11.9038230494449,1.5,0.5,-0.006429240107536316,0.029999999329447746,1.0,100.0,-0.019999999552965164,0.5801184773445129
694,13032,0,1629,2,OP3,FIXED_OPPONENT,train,SCRIPTED:OP3,1,3,2,1,18,0.23999999463558197,1,0,2,11.0,10.880140516493055,1.5,0.5,0.02872277796268463,0.029999999329447746,1.0,100.0,0.0,0.5834718942642212
695,13040,0,1630,0,OP3,FIXED_OPPONENT,train,SCRIPTED:OP3,1,3,2,1,19,0.3199999928474426,1,0,5,12.0,9.423270777652139,1.5,0.4000000059604645,0.0050248801708221436,0.02499999850988388,1.0,100.0,0.0,0.5682796239852905
696,13064,0,1633,3,OP3,FIXED_OPPONENT,train,SCRIPTED:OP3,0,2,3,-1,18,0.2800000011920929,1,0,4,12.0,10.138086954752604,-1.2000000476837158,-0.4000000059604645,-0.004560232162475586,0.019999999552965164,-1.0,-100.0,0.0,-0.5208483934402466
697,13072,0,1634,0,OP3,FIXED_OPPONENT,train,SCRIPTED:OP3,1,3,2,1,18,0.23999999463558197,1,0,0,11.0,11.500450981987846,1.5,0.4000000059604645,-0.004674926400184631,0.029999999329447746,1.0,100.0,-0.019999999552965164,0.5652060508728027
698,13088,0,1636,1,OP3,FIXED_OPPONENT,train,SCRIPTED:OP3,0,3,3,0,19,0.23999999463558197,1,0,0,12.0,10.521791156969572,-0.699999988079071,0.0,-0.007691994309425354,0.0,0.0,0.0,0.0,-0.15444637835025787
699,13112,0,1639,2,OP3,FIXED_OPPONENT,train,SCRIPTED:OP3,1,3,2,1,17,0.23999999463558197,1,0,0,12.0,11.789737477022058,1.5,0.5,-0.016527950763702393,0.029999999329447746,1.0,100.0,0.0,0.5829410552978516
700,13128,0,1641,3,OP3,FIXED_OPPONENT,train,SCRIPTED:OP3,1,3,2,1,18,0.3199999928474426,1,0,2,11.0,9.995987786187065,1.5,0.5,-0.020497485995292664,0.02499999850988388,1.0,100.0,0.0,0.5828357934951782
701,13176,0,1647,0,OP3,FIXED_OPPONENT,train,SCRIPTED:OP3,0,2,3,-1,18,0.1599999964237213,1,0,3,11.0,9.268683539496529,-1.2000000476837158,-0.5,-0.01328296959400177,0.0,-1.0,-100.0,0.0,-0.5372176170349121
702,13192,0,1649,2,OP3,FIXED_OPPONENT,train,SCRIPTED:OP3,1,3,2,1,19,0.2800000011920929,1,0,1,12.0,9.70106345728824,1.5,0.5,0.011146113276481628,0.014999999664723873,1.0,100.0,-0.019999999552965164,0.5801489353179932
703,13192,0,1649,0,OP3,FIXED_OPPONENT,train,SCRIPTED:OP3,0,3,3,0,20,0.23999999463558197,1,0,3,13.0,9.142615509033202,-0.699999988079071,0.0,-0.002910301089286804,0.0,0.0,0.0,-0.019999999552965164,-0.1586989462375641
704,13216,0,1652,3,OP3,FIXED_OPPONENT,train,SCRIPTED:OP3,1,3,2,1,19,0.2800000011920929,1,0,2,12.0,9.477786415501646,1.5,0.5,-0.010088078677654266,0.029999999329447746,1.0,100.0,-0.019999999552965164,0.5800753831863403
705,13240,0,1655,3,OP3,FIXED_OPPONENT,train,SCRIPTED:OP3,1,3,2,1,21,0.19999998807907104,1,0,2,15.0,9.883271716889881,1.5,0.5,-0.017308056354522705,0.029999999329447746,1.0,100.0,-0.019999999552965164,0.5799901485443115
706,13248,0,1656,3,OP3,FIXED_OPPONENT,train,SCRIPTED:OP3,0,2,3,-1,20,0.3199999928474426,1,0,1,12.0,10.377139282226562,-1.2000000476837158,-0.5,0.009444817900657654,0.019999999552965164,-1.0,-100.0,0.0,-0.5366770625114441
707,13272,0,1659,3,OP3,FIXED_OPPONENT,train,SCRIPTED:OP3,0,2,3,-1,20,0.19999998807907104,1,0,1,13.0,8.836780548095703,-1.2000000476837158,-0.5,0.015763774514198303,0.0,-1.0,-100.0,-0.019999999552965164,-0.540006160736084
708,13288,0,1661,3,OP3,FIXED_OPPONENT,train,SCRIPTED:OP3,0,2,3,-1,20,0.19999998807907104,1,0,7,13.0,10.25662612915039,-1.2000000476837158,-0.5,0.005520567297935486,0.019999999552965164,-1.0,-100.0,0.0,-0.536726713180542
709,13328,0,1666,3,OP3,FIXED_OPPONENT,train,SCRIPTED:OP3,0,2,3,-1,19,0.2800000011920929,1,0,0,11.0,10.604513871042352,-1.2000000476837158,-0.5,-0.006393641233444214,0.0,-1.0,-100.0,0.0,-0.5371304750442505
710,13344,0,1668,2,OP3,FIXED_OPPONENT,train,SCRIPTED:OP3,0,1,3,-2,19,0.2800000011920929,1,0,6,12.0,9.145378514340049,-1.2000000476837158,-0.5,0.000978231430053711,0.019999999552965164,-1.0,-100.0,0.0,-0.5367842316627502
711,13352,0,1669,2,OP3,FIXED_OPPONENT,train,SCRIPTED:OP3,0,2,3,-1,20,0.23999999463558197,1,0,1,13.0,10.996411895751953,-1.2000000476837158,-0.5,-0.011004075407981873,0.019999999552965164,-1.0,-100.0,-0.019999999552965164,-0.540091335773468
712,13360,0,1670,2,OP3,FIXED_OPPONENT,train,SCRIPTED:OP3,0,2,3,-1,18,0.2800000011920929,1,0,0,11.0,11.165228949652779,-1.2000000476837158,-0.5,0.015462309122085571,0.0,-1.0,-100.0,0.0,-0.5368539690971375
713,13376,0,1672,3,OP3,FIXED_OPPONENT,train,SCRIPTED:OP3,0,2,3,-1,17,0.1599999964237213,1,0,0,11.0,12.824910780962776,-1.2000000476837158,-0.5,-0.00019359588623046875,0.019999999552965164,-1.0,-100.0,0.0,-0.5367990136146545
714,13392,0,1674,0,OP3,FIXED_OPPONENT,train,SCRIPTED:OP3,0,2,3,-1,18,0.2800000011920929,1,0,2,11.0,9.371438768174913,-1.2000000476837158,-0.5,0.012793019413948059,0.019999999552965164,-1.0,-100.0,0.0,-0.5366346836090088
715,13424,0,1678,3,OP3,FIXED_OPPONENT,train,SCRIPTED:OP3,1,3,2,1,17,0.1599999964237213,1,0,0,11.0,13.338106043198529,1.5,0.5,-0.023843295872211456,0.029999999329447746,1.0,100.0,0.0,0.582855224609375
716,13440,0,1680,0,OP3,FIXED_OPPONENT,train,SCRIPTED:OP3,0,2,3,-1,21,0.2800000011920929,1,0,2,14.0,9.707400367373513,-1.2000000476837158,-0.5,0.01359914243221283,0.0,-1.0,-100.0,0.0,-0.5368776321411133
717,13448,0,1681,2,OP3,FIXED_OPPONENT,train,SCRIPTED:OP3,1,3,1,2,15,0.3199999928474426,1,0,0,11.0,10.496990966796876,1.5,0.5,-0.02284601330757141,0.029999999329447746,1.0,100.0,0.0,0.582866907119751
718,13488,0,1686,3,OP3,FIXED_OPPONENT,train,SCRIPTED:OP3,1,3,2,1,18,0.1599999964237213,1,0,0,11.0,11.917960272894966,1.5,0.4000000059604645,0.008361101150512695,0.029999999329447746,1.0,100.0,0.0,0.5683799982070923
719,13512,0,1689,0,OP3,FIXED_OPPONENT,train,SCRIPTED:OP3,0,2,3,-1,19,0.23999999463558197,1,0,4,12.0,10.222692389237253,-1.2000000476837158,-0.5,-0.014117315411567688,0.019999999552965164,-1.0,-100.0,0.0,-0.5369752049446106
720,13520,0,1690,3,OP3,FIXED_OPPONENT,train,SCRIPTED:OP3,0,2,3,-1,21,0.4399999976158142,1,0,4,14.0,10.170325869605655,-1.2000000476837158,-0.5,0.0022017061710357666,0.0,-1.0,-100.0,0.0,-0.537021815776825
721,13520,0,1690,3,OP3,FIXED_OPPONENT,train,SCRIPTED:OP3,0,2,3,-1,18,0.19999998807907104,1,0,5,11.0,9.734051174587673,-1.2000000476837158,-0.5,0.01454131305217743,0.019999999552965164,-1.0,-100.0,0.0,-0.5366125702857971
722,13536,0,1692,2,OP3,FIXED_OPPONENT,train,SCRIPTED:OP3,0,2,3,-1,18,0.23999999463558197,1,0,2,11.0,10.944591946072048,-1.2000000476837158,-0.5,0.012964025139808655,0.019999999552965164,-1.0,-100.0,-0.019999999552965164,-0.5397894382476807
723,13568,0,1696,3,OP3,FIXED_OPPONENT,train,SCRIPTED:OP3,0,2,3,-1,18,0.3199999928474426,1,0,0,11.0,10.17065175374349,-1.2000000476837158,-0.5,0.011308461427688599,0.0,-1.0,-100.0,0.0,-0.5369065999984741
724,13584,0,1698,3,OP3,FIXED_OPPONENT,train,SCRIPTED:OP3,0,3,3,0,18,0.19999998807907104,1,0,3,11.0,11.105214436848959,-0.699999988079071,0.0,-0.00890175998210907,0.0,0.0,0.0,0.0,-0.1544673889875412
725,13592,0,1699,0,OP3,FIXED_OPPONENT,train,SCRIPTED:OP3,1,3,2,1,18,0.35999998450279236,1,0,1,11.0,9.756457858615452,1.5,0.5,0.015455320477485657,0.014999999664723873,1.0,100.0,-0.019999999552965164,0.580199658870697
726,13632,0,1704,1,OP3,FIXED_OPPONENT,train,SCRIPTED:OP3,0,2,3,-1,18,0.23999999463558197,1,0,0,11.0,10.76475355360243,-1.2000000476837158,-0.5,0.0012081414461135864,0.0,-1.0,-100.0,-0.019999999552965164,-0.5401893854141235
727,13656,0,1707,3,OP3,FIXED_OPPONENT,train,SCRIPTED:OP3,0,2,3,-1,18,0.23999999463558197,1,0,0,12.0,10.952367994520399,-1.2000000476837158,-0.5,-0.010820075869560242,0.019999999552965164,-1.0,-100.0,0.0,-0.5369334816932678
728,13664,0,1708,1,OP3,FIXED_OPPONENT,train,SCRIPTED:OP3,1,3,2,1,18,0.2800000011920929,1,0,1,12.0,11.473109775119358,1.5,0.5,0.0064255595207214355,0.014999999664723873,1.0,100.0,0.0,0.5830343961715698
729,13680,0,1710,2,OP3,FIXED_OPPONENT,train,SCRIPTED:OP3,1,3,2,1,18,0.23999999463558197,1,0,2,12.0,8.98069593641493,1.5,0.4000000059604645,0.007936745882034302,0.014999999664723873,1.0,100.0,0.0,0.5681942701339722
730,13680,0,1710,3,OP3,FIXED_OPPONENT,train,SCRIPTED:OP3,1,3,2,1,20,0.3199999928474426,1,0,4,13.0,10.580667114257812,1.5,0.5,-0.00989001989364624,0.014999999664723873,1.0,100.0,-0.019999999552965164,0.5799007415771484
731,13712,0,1714,0,OP3,FIXED_OPPONENT,train,SCRIPTED:OP3,0,2,3,-1,18,0.23999999463558197,1,0,3,11.0,9.668880886501736,-1.2000000476837158,-0.5,0.0027179867029190063,0.019999999552965164,-1.0,-100.0,0.0,-0.5367621779441833
732,13728,0,1716,3,OP3,FIXED_OPPONENT,train,SCRIPTED:OP3,1,3,2,1,18,0.2800000011920929,1,0,0,11.0,10.971480475531685,1.5,0.5,-0.003644302487373352,0.014999999664723873,1.0,100.0,-0.019999999552965164,0.5799744129180908
733,13736,0,1717,3,OP3,FIXED_OPPONENT,train,SCRIPTED:OP3,0,2,3,-1,18,0.23999999463558197,1,0,1,12.0,10.07594468858507,-1.2000000476837158,-0.4000000059604645,0.008075252175331116,0.019999999552965164,-1.0,-100.0,0.0,-0.5206846594810486
734,13776,0,1722,1,OP3,FIXED_OPPONENT,train,SCRIPTED:OP3,1,3,2,1,18,0.35999998450279236,1,0,2,11.0,10.508108350965712,1.5,0.0,-0.0068213194608688354,0.0,0.0,0.0,0.0,0.32140395045280457
735,13784,0,1723,2,OP3,FIXED_OPPONENT,train,SCRIPTED:OP3,1,3,2,1,16,0.11999999731779099,1,0,2,12.0,10.337023735046387,1.5,0.5,-0.008305639028549194,0.029999999329447746,1.0,100.0,-0.019999999552965164,0.5800963640213013
736,13800,0,1725,1,OP3,FIXED_OPPONENT,train,SCRIPTED:OP3,1,3,2,1,17,0.19999998807907104,1,0,0,11.0,10.9686476763557,1.5,0.5,-0.019782543182373047,0.029999999329447746,1.0,100.0,0.0,0.5829029083251953
737,13824,0,1728,1,OP3,FIXED_OPPONENT,train,SCRIPTED:OP3,1,3,2,1,18,0.1599999964237213,1,0,0,12.0,10.679101732042101,1.5,0.5,-0.012356355786323547,0.029999999329447746,1.0,100.0,0.0,0.5829900503158569
738,13840,0,1730,3,OP3,FIXED_OPPONENT,train,SCRIPTED:OP3,0,2,3,-1,16,0.1599999964237213,1,0,1,12.0,10.474876403808594,-1.2000000476837158,0.0,0.008739084005355835,0.0,0.0,0.0,-0.019999999552965164,-0.26451390981674194
739,13856,0,1732,0,OP3,FIXED_OPPONENT,train,SCRIPTED:OP3,0,3,3,0,22,0.2800000011920929,1,0,4,13.0,9.944289467551492,-0.699999988079071,0.0,0.0061978548765182495,0.0,0.0,0.0,0.0,-0.1542053371667862
740,13864,0,1733,1,OP3,FIXED_OPPONENT,train,SCRIPTED:OP3,1,3,2,1,17,0.19999998807907104,1,0,0,11.0,9.905017628389245,1.5,0.0,0.00833939015865326,0.0,0.0,0.0,-0.019999999552965164,0.3176552951335907
741,13896,0,1737,2,OP3,FIXED_OPPONENT,train,SCRIPTED:OP3,0,2,3,-1,20,0.19999998807907104,1,0,0,12.0,11.804824066162109,-1.2000000476837158,-0.5,0.0003510117530822754,0.019999999552965164,-1.0,-100.0,0.0,-0.5367921590805054
742,13928,0,1741,2,OP3,FIXED_OPPONENT,train,SCRIPTED:OP3,1,3,2,1,19,0.19999998807907104,1,0,0,13.0,10.619224146792764,1.5,0.5,0.018251895904541016,0.014999999664723873,1.0,100.0,0.0,0.5831731557846069
743,13936,0,1742,1,OP3,FIXED_OPPONENT,train,SCRIPTED:OP3,1,3,2,1,17,0.19999998807907104,1,0,6,11.0,8.939782535328584,1.5,0.0,-0.009853728115558624,0.0,0.0,0.0,0.0,0.3213556408882141
744,13944,0,1743,1,OP3,FIXED_OPPONENT,train,SCRIPTED:OP3,0,2,3,-1,20,0.3199999928474426,1,0,4,12.0,8.453761291503906,-1.2000000476837158,-0.5,-0.0074241310358047485,0.0,-1.0,-100.0,-0.019999999552965164,-0.5402980446815491
745,13984,0,1748,3,OP3,FIXED_OPPONENT,train,SCRIPTED:OP3,0,3,3,0,18,0.19999998807907104,1,0,2,11.0,9.191252814398872,-0.699999988079071,0.0,-0.00974532961845398,0.0,0.0,0.0,-0.019999999552965164,-0.15881739556789398
746,13984,0,1748,2,OP3,FIXED_OPPONENT,train,SCRIPTED:OP3,1,3,2,1,20,0.23999999463558197,1,0,3,13.0,10.727279663085938,1.5,0.5,0.0038283169269561768,0.029999999329447746,1.0,100.0,0.0,0.5831799507141113
747,14000,0,1750,2,OP3,FIXED_OPPONENT,train,SCRIPTED:OP3,0,2,3,-1,18,0.3199999928474426,1,0,3,11.0,10.992491828070747,-1.2000000476837158,-0.4000000059604645,-0.0012944191694259644,0.0,-1.0,-100.0,0.0,-0.5210651159286499
748,14016,0,1752,3,OP3,FIXED_OPPONENT,train,SCRIPTED:OP3,1,3,2,1,19,0.19999998807907104,1,0,0,12.0,14.298622532894736,1.5,0.5,0.021664440631866455,0.029999999329447746,1.0,100.0,0.0,0.583389163017273
749,14024,0,1753,3,OP3,FIXED_OPPONENT,train,SCRIPTED:OP3,0,1,3,-2,16,0.19999998807907104,1,0,1,12.0,10.894668579101562,-1.2000000476837158,-0.5,0.014791905879974365,0.019999999552965164,-1.0,-100.0,-0.019999999552965164,-0.5397664308547974
750,14056,0,1757,0,OP3,FIXED_OPPONENT,train,SCRIPTED:OP3,1,3,2,1,16,0.23999999463558197,1,0,0,12.0,9.568971633911133,1.5,0.4000000059604645,0.002175644040107727,0.029999999329447746,1.0,100.0,-0.019999999552965164,0.5652889013290405
751,14080,0,1760,3,OP3,FIXED_OPPONENT,train,SCRIPTED:OP3,0,2,3,-1,18,0.19999998807907104,1,0,0,11.0,11.23355441623264,-1.2000000476837158,-0.5,-0.0005212575197219849,0.019999999552965164,-1.0,-100.0,-0.019999999552965164,-0.5399593114852905
752,14088,0,1761,2,OP3,FIXED_OPPONENT,train,SCRIPTED:OP3,1,3,1,2,18,0.2800000011920929,1,0,5,11.0,9.247344122992622,1.5,0.5,0.0002858191728591919,0.014999999664723873,1.0,100.0,0.0,0.5829623937606812
753,14128,0,1766,1,OP3,FIXED_OPPONENT,train,SCRIPTED:OP3,0,3,3,0,18,0.19999998807907104,1,0,1,11.0,11.965884738498264,-0.699999988079071,0.19999998807907104,0.003623165190219879,0.0,0.0,0.0,0.0,-0.11059249192476273
754,14128,0,1766,1,OP3,FIXED_OPPONENT,train,SCRIPTED:OP3,1,3,2,1,18,0.23999999463558197,1,0,0,12.0,11.842686123318142,1.5,0.4000000059604645,0.00898154079914093,0.029999999329447746,1.0,100.0,0.0,0.568387508392334
755,14144,0,1768,0,OP3,FIXED_OPPONENT,train,SCRIPTED:OP3,1,3,2,1,18,0.2800000011920929,1,0,2,14.0,10.080104404025608,1.5,0.4000000059604645,0.004587873816490173,0.029999999329447746,1.0,100.0,0.0,0.5683345794677734
756,14168,0,1771,2,OP3,FIXED_OPPONENT,train,SCRIPTED:OP3,1,3,2,1,19,0.1599999964237213,1,0,0,12.0,11.510203311317845,1.5,0.5,-0.002929598093032837,0.029999999329447746,1.0,100.0,0.0,0.5831006765365601
757,14176,0,1772,2,OP3,FIXED_OPPONENT,train,SCRIPTED:OP3,1,3,2,1,19,0.23999999463558197,1,0,4,12.0,10.323124935752467,1.5,0.5,-0.02006629854440689,0.029999999329447746,1.0,100.0,0.0,0.5828995108604431
758,14192,0,1774,3,OP3,FIXED_OPPONENT,train,SCRIPTED:OP3,0,2,3,-1,17,0.11999999731779099,1,0,2,11.0,10.7701218548943,-1.2000000476837158,-0.5,0.004399284720420837,0.0,-1.0,-100.0,0.0,-0.5369939804077148
759,14224,0,1778,3,OP3,FIXED_OPPONENT,train,SCRIPTED:OP3,1,3,2,1,18,0.19999998807907104,1,0,2,11.0,9.847401936848959,1.5,1.0,-0.00987783819437027,0.029999999329447746,2.0,200.0,0.0,0.7617443799972534
760,14240,0,1780,1,OP3,FIXED_OPPONENT,train,SCRIPTED:OP3,0,2,3,-1,19,0.19999998807907104,1,0,5,11.0,9.69357701351768,-1.2000000476837158,-0.5,-0.0008415132761001587,0.019999999552965164,-1.0,-100.0,0.0,-0.5368072390556335
761,14272,0,1784,2,OP3,FIXED_OPPONENT,train,SCRIPTED:OP3,1,3,2,1,18,0.23999999463558197,1,0,1,11.0,11.429241604275173,1.5,0.5,-0.001526758074760437,0.029999999329447746,1.0,100.0,0.0,0.5831171274185181
762,14280,0,1785,1,OP3,FIXED_OPPONENT,train,SCRIPTED:OP3,1,3,2,1,19,0.19999998807907104,1,0,4,12.0,9.198136982164884,1.5,0.5,0.01286613941192627,0.029999999329447746,1.0,100.0,0.0,0.583285927772522
763,14296,0,1787,0,OP3,FIXED_OPPONENT,train,SCRIPTED:OP3,1,3,2,1,19,0.11999999731779099,1,0,2,12.0,10.562992296720806,1.5,0.5,0.0017016828060150146,0.029999999329447746,1.0,100.0,-0.019999999552965164,0.5802143812179565
764,14312,0,1789,0,OP3,FIXED_OPPONENT,train,SCRIPTED:OP3,0,2,3,-1,17,0.19999998807907104,1,0,2,11.0,9.817159316119026,-1.2000000476837158,0.0,-0.00842517614364624,0.0,0.0,0.0,-0.019999999552965164,-0.2647976875305176
765,14328,0,1791,1,OP3,FIXED_OPPONENT,train,SCRIPTED:OP3,0,2,3,-1,17,0.19999998807907104,1,0,2,11.0,10.712615069221048,-1.2000000476837158,-0.5,0.01090693473815918,0.0,-1.0,-100.0,0.0,-0.53691166639328
766,14336,0,1792,2,OP3,FIXED_OPPONENT,train,SCRIPTED:OP3,0,2,3,-1,21,0.3199999928474426,1,0,3,14.0,8.995662870861235,-1.2000000476837158,-0.5,0.008544981479644775,0.0,-1.0,-100.0,0.0,-0.5369415283203125
767,14384,0,1798,2,OP3,FIXED_OPPONENT,train,SCRIPTED:OP3,1,3,2,1,20,0.2800000011920929,1,0,3,13.0,9.578731536865234,1.5,0.5,-0.0219295471906662,0.029999999329447746,1.0,100.0,-0.019999999552965164,0.5799356698989868
768,14408,0,1801,2,OP3,FIXED_OPPONENT,train,SCRIPTED:OP3,1,3,2,1,21,0.23999999463558197,1,0,3,14.0,10.436960129510789,1.5,0.5,0.004513844847679138,0.029999999329447746,1.0,100.0,-0.019999999552965164,0.5802475214004517
769,14408,0,1801,0,OP3,FIXED_OPPONENT,train,SCRIPTED:OP3,1,3,1,2,16,0.1599999964237213,1,0,0,12.0,12.028017044067383,1.5,0.5,0.02260252833366394,0.029999999329447746,1.0,100.0,-0.019999999552965164,0.580460786819458
770,14416,0,1802,1,OP3,FIXED_OPPONENT,train,SCRIPTED:OP3,0,2,3,-1,18,0.23999999463558197,1,0,5,11.0,10.19734107123481,-1.2000000476837158,-0.5,0.015034377574920654,0.019999999552965164,-1.0,-100.0,0.0,-0.5366063117980957
771,14448,0,1806,2,OP3,FIXED_OPPONENT,train,SCRIPTED:OP3,1,3,2,1,17,0.23999999463558197,1,0,1,12.0,11.196588852826286,1.5,0.5,-0.004823550581932068,0.029999999329447746,1.0,100.0,-0.019999999552965164,0.5801374912261963
772,14448,0,1806,2,OP3,FIXED_OPPONENT,train,SCRIPTED:OP3,0,2,3,-1,19,0.2800000011920929,1,0,0,11.0,9.864654541015625,-1.2000000476837158,-0.5,0.001274988055229187,0.0,-1.0,-100.0,-0.019999999552965164,-0.5401885509490967
773,14472,0,1809,2,OP3,FIXED_OPPONENT,train,SCRIPTED:OP3,1,3,2,1,18,0.19999998807907104,1,0,1,11.0,10.728374905056423,1.5,0.5,-0.011743180453777313,0.029999999329447746,1.0,100.0,0.0,0.58299720287323
774,14488,0,1811,0,OP3,FIXED_OPPONENT,train,SCRIPTED:OP3,0,3,3,0,19,0.19999998807907104,1,0,2,12.0,10.27071822317023,-0.699999988079071,0.0,0.0061592161655426025,0.0,0.0,0.0,-0.019999999552965164,-0.1585417538881302
775,14528,0,1816,2,OP3,FIXED_OPPONENT,train,SCRIPTED:OP3,1,3,2,1,18,0.3199999928474426,1,0,0,11.0,9.55051761203342,1.5,0.0,-0.005123764276504517,0.0,0.0,0.0,0.0,0.321431040763855
776,14560,0,1820,2,OP3,FIXED_OPPONENT,train,SCRIPTED:OP3,0,2,3,-1,19,0.19999998807907104,1,0,3,12.0,10.132642244037829,-1.2000000476837158,-0.5,-0.00019353628158569336,0.019999999552965164,-1.0,-100.0,0.0,-0.5367990136146545
777,14560,0,1820,1,OP3,FIXED_OPPONENT,train,SCRIPTED:OP3,0,2,3,-1,19,0.35999998450279236,1,0,5,12.0,10.065182334498354,-1.2000000476837158,-0.5,-0.0004999339580535889,0.0,-1.0,-100.0,0.0,-0.5370559096336365
778,14576,0,1822,2,OP3,FIXED_OPPONENT,train,SCRIPTED:OP3,0,3,3,0,20,0.1599999964237213,1,0,4,12.0,10.20127182006836,-0.699999988079071,0.0,0.007534787058830261,0.0,0.0,0.0,0.0,-0.15418213605880737
779,14592,0,1824,3,OP3,FIXED_OPPONENT,train,SCRIPTED:OP3,1,3,2,1,18,0.2800000011920929,1,0,0,11.0,9.787993537055122,1.5,0.0,-0.00993819534778595,0.0,0.0,0.0,0.0,0.32135429978370667
780,14608,0,1826,1,OP3,FIXED_OPPONENT,train,SCRIPTED:OP3,1,3,2,1,20,0.1599999964237213,1,0,4,13.0,10.384529113769531,1.5,0.5,-0.020694434642791748,0.029999999329447746,1.0,100.0,-0.019999999552965164,0.579950213432312
781,14616,0,1827,0,OP3,FIXED_OPPONENT,train,SCRIPTED:OP3,0,2,3,-1,18,0.23999999463558197,1,0,0,11.0,10.934326171875,-1.2000000476837158,-0.5,0.003114253282546997,0.019999999552965164,-1.0,-100.0,0.0,-0.5367571711540222
782,14632,0,1829,3,OP3,FIXED_OPPONENT,train,SCRIPTED:OP3,0,2,3,-1,18,0.2800000011920929,1,0,3,11.0,10.566613939073351,-1.2000000476837158,-0.5,-0.004089340567588806,0.0,-1.0,-100.0,0.0,-0.5371012687683105
783,14672,0,1834,3,OP3,FIXED_OPPONENT,train,SCRIPTED:OP3,0,3,3,0,18,0.1599999964237213,1,0,1,11.0,10.37018076578776,-0.699999988079071,0.0,-0.008182480931282043,0.0,0.0,0.0,0.0,-0.15445488691329956
784,14696,0,1837,0,OP3,FIXED_OPPONENT,train,SCRIPTED:OP3,1,3,1,2,17,0.2800000011920929,1,0,1,11.0,10.033863740808824,1.5,0.5,-0.003737404942512512,0.014999999664723873,1.0,100.0,0.0,0.5829151272773743
785,14712,0,1839,0,OP3,FIXED_OPPONENT,train,SCRIPTED:OP3,0,2,3,-1,19,0.1599999964237213,1,0,7,11.0,9.639134457236842,-1.2000000476837158,-0.5,0.0037599503993988037,0.019999999552965164,-1.0,-100.0,0.0,-0.536749005317688
786,14720,0,1840,0,OP3,FIXED_OPPONENT,train,SCRIPTED:OP3,0,3,3,0,18,0.23999999463558197,1,0,1,11.0,10.835687425401476,-0.699999988079071,0.0,0.008445382118225098,0.0,0.0,0.0,0.0,-0.1541663408279419
787,14752,0,1844,0,OP3,FIXED_OPPONENT,train,SCRIPTED:OP3,0,2,3,-1,18,0.23999999463558197,1,0,7,11.0,11.294942220052084,-1.2000000476837158,0.10000002384185791,-0.006669595837593079,0.019999999552965164,0.0,0.0,0.0,-0.23946590721607208
788,14760,0,1845,3,OP3,FIXED_OPPONENT,train,SCRIPTED:OP3,0,2,3,-1,18,0.11999999731779099,1,0,5,11.0,11.186914232042101,-1.2000000476837158,0.5,-0.0027600079774856567,0.0,1.0,100.0,0.0,0.06651922315359116
789,14768,0,1846,0,OP3,FIXED_OPPONENT,train,SCRIPTED:OP3,0,3,3,0,22,0.1599999964237213,1,0,5,11.0,10.607522444291549,-0.699999988079071,0.0,-0.006732255220413208,0.0,0.0,0.0,-0.019999999552965164,-0.15876518189907074
790,14776,0,1847,2,OP3,FIXED_OPPONENT,train,SCRIPTED:OP3,1,3,2,1,18,0.2800000011920929,1,0,6,11.0,11.21765391031901,1.5,0.5,-0.005023270845413208,0.029999999329447746,1.0,100.0,0.0,0.5830761194229126
791,14816,0,1852,0,OP3,FIXED_OPPONENT,train,SCRIPTED:OP3,1,3,2,1,18,0.23999999463558197,1,0,2,11.0,9.880162556966146,1.5,0.4000000059604645,0.0051925331354141235,0.029999999329447746,1.0,100.0,-0.019999999552965164,0.5653253793716431
792,14848,0,1856,3,OP3,FIXED_OPPONENT,train,SCRIPTED:OP3,1,3,2,1,17,0.1599999964237213,1,0,4,11.0,10.105640186982995,1.5,0.5,-0.019079938530921936,0.029999999329447746,1.0,100.0,-0.019999999552965164,0.5799691677093506
793,14856,0,1857,0,OP3,FIXED_OPPONENT,train,SCRIPTED:OP3,1,3,2,1,20,0.35999998450279236,1,0,2,13.0,10.436634826660157,1.5,0.4000000059604645,-0.010395780205726624,0.014999999664723873,1.0,100.0,-0.019999999552965164,0.5649552345275879
794,14888,0,1861,0,OP3,FIXED_OPPONENT,train,SCRIPTED:OP3,1,3,2,1,17,0.19999998807907104,1,0,1,11.0,8.680761000689339,1.5,0.5,-0.019493132829666138,0.029999999329447746,1.0,100.0,0.0,0.5829063653945923
795,14896,0,1862,3,OP3,FIXED_OPPONENT,train,SCRIPTED:OP3,1,3,2,1,22,0.5199999809265137,1,0,4,14.0,9.427400762384588,1.5,0.5,-0.0342116504907608,0.014999999664723873,1.0,100.0,0.0,0.5825573801994324
796,14920,0,1865,0,OP3,FIXED_OPPONENT,train,SCRIPTED:OP3,1,3,2,1,20,0.3199999928474426,1,0,1,11.0,10.596918487548828,1.5,0.5,-0.02363203465938568,0.014999999664723873,1.0,100.0,-0.019999999552965164,0.5797385573387146
797,14920,0,1865,3,OP3,FIXED_OPPONENT,train,SCRIPTED:OP3,1,3,2,1,19,0.1599999964237213,1,0,2,11.0,11.704231663754111,1.5,0.5,-0.027568072080612183,0.029999999329447746,1.0,100.0,0.0,0.5828114748001099
798,14928,0,1866,2,OP3,FIXED_OPPONENT,train,SCRIPTED:OP3,1,3,2,1,19,0.2800000011920929,1,0,3,12.0,9.898618999280428,1.5,0.5,-0.008992105722427368,0.014999999664723873,1.0,100.0,0.0,0.5828534364700317
799,14968,0,1871,2,OP3,FIXED_OPPONENT,train,SCRIPTED:OP3,1,3,2,1,19,0.23999999463558197,1,0,2,13.0,10.842592741313734,1.5,0.5,-0.008373081684112549,0.014999999664723873,1.0,100.0,0.0,0.5828607678413391
800,14992,0,1874,0,OP3,FIXED_OPPONENT,train,SCRIPTED:OP3,1,3,2,1,18,0.19999998807907104,1,0,1,11.0,10.772682189941406,1.5,0.5,-0.02046363055706024,0.029999999329447746,1.0,100.0,0.0,0.5828948616981506
801,15008,0,1876,1,OP3,FIXED_OPPONENT,train,SCRIPTED:OP3,1,3,2,1,19,0.1599999964237213,1,0,3,12.0,10.152244166324014,1.5,0.5,-0.03564395010471344,0.029999999329447746,1.0,100.0,0.0,0.582716703414917
802,15032,0,1879,2,OP3,FIXED_OPPONENT,train,SCRIPTED:OP3,0,3,3,0,18,0.23999999463558197,1,0,3,11.0,10.400988260904947,-0.699999988079071,0.0,-0.0004778653383255005,0.0,0.0,0.0,-0.019999999552965164,-0.1586567908525467
803,15048,0,1881,1,OP3,FIXED_OPPONENT,train,SCRIPTED:OP3,0,3,3,0,19,0.35999998450279236,1,0,0,11.0,10.793065121299342,-0.699999988079071,0.0,0.005548045039176941,0.0,0.0,0.0,-0.019999999552965164,-0.1585523635149002
804,15056,0,1882,2,OP3,FIXED_OPPONENT,train,SCRIPTED:OP3,0,2,3,-1,17,0.11999999731779099,1,0,2,11.0,11.05905959185432,-1.2000000476837158,-0.5,-0.004263564944267273,0.019999999552965164,-1.0,-100.0,-0.019999999552965164,-0.5400064587593079
805,15072,0,1884,3,OP3,FIXED_OPPONENT,train,SCRIPTED:OP3,0,3,3,0,19,0.1599999964237213,1,0,4,12.0,10.289834273488898,-0.699999988079071,0.0,0.005687683820724487,0.0,0.0,0.0,0.0,-0.15421418845653534
806,15080,0,1885,3,OP3,FIXED_OPPONENT,train,SCRIPTED:OP3,0,2,3,-1,19,0.1599999964237213,1,0,3,13.0,11.602609734786185,-1.2000000476837158,-0.5,0.00732092559337616,0.019999999552965164,-1.0,-100.0,-0.03999999910593033,-0.5430021286010742
807,15120,0,1890,2,OP3,FIXED_OPPONENT,train,SCRIPTED:OP3,1,3,2,1,19,0.07999999821186066,1,0,1,12.0,11.434196070620889,1.5,0.5,0.0024441182613372803,0.029999999329447746,1.0,100.0,0.0,0.5831637382507324
808,15136,0,1892,0,OP3,FIXED_OPPONENT,train,SCRIPTED:OP3,1,3,2,1,18,0.19999998807907104,1,0,0,11.0,10.662033081054688,1.5,0.0,-0.008208632469177246,0.0,0.0,0.0,0.0,0.3213818371295929
809,15152,0,1894,1,OP3,FIXED_OPPONENT,train,SCRIPTED:OP3,0,1,3,-2,15,0.19999998807907104,1,0,0,11.0,11.644107055664062,-1.2000000476837158,-0.5,-0.0023283809423446655,0.0,-1.0,-100.0,0.0,-0.5370789766311646
810,15160,0,1895,2,OP3,FIXED_OPPONENT,train,SCRIPTED:OP3,0,2,3,-1,19,0.3199999928474426,1,0,1,12.0,8.906877216539884,-1.2000000476837158,-0.5,-0.008420050144195557,0.0,-1.0,-100.0,0.0,-0.5371561050415039
811,15216,0,1902,3,OP3,FIXED_OPPONENT,train,SCRIPTED:OP3,0,3,3,0,21,0.2800000011920929,1,0,4,14.0,10.637246994745164,-0.699999988079071,0.0,-0.0019733235239982605,0.0,0.0,0.0,0.0,-0.15434715151786804
812,15224,0,1903,2,OP3,FIXED_OPPONENT,train,SCRIPTED:OP3,1,3,2,1,21,0.23999999463558197,1,0,0,14.0,12.095519292922248,1.5,0.5,-0.0012448504567146301,0.029999999329447746,1.0,100.0,0.0,0.5831204652786255
813,15224,0,1903,0,OP3,FIXED_OPPONENT,train,SCRIPTED:OP3,1,3,2,1,18,0.23999999463558197,1,0,0,11.0,10.441413031684029,1.5,0.4000000059604645,-0.00343497097492218,0.014999999664723873,1.0,100.0,0.0,0.5680574178695679
814,15232,0,1904,0,OP3,FIXED_OPPONENT,train,SCRIPTED:OP3,0,2,3,-1,20,0.19999998807907104,1,0,0,13.0,11.356092071533203,-1.2000000476837158,-0.5,-0.003328755497932434,0.019999999552965164,-1.0,-100.0,-0.019999999552965164,-0.5399947166442871
815,15264,0,1908,2,OP3,FIXED_OPPONENT,train,SCRIPTED:OP3,1,3,2,1,18,0.23999999463558197,1,0,1,11.0,9.312950981987846,1.5,0.5,-0.01562623679637909,0.029999999329447746,1.0,100.0,0.0,0.5829516649246216
816,15280,0,1910,2,OP3,FIXED_OPPONENT,train,SCRIPTED:OP3,0,2,3,-1,18,0.2800000011920929,1,0,13,11.0,8.779304504394531,-1.2000000476837158,0.10000002384185791,0.00314156711101532,0.019999999552965164,0.0,0.0,0.0,-0.23930150270462036
817,15296,0,1912,2,OP3,FIXED_OPPONENT,train,SCRIPTED:OP3,0,2,3,-1,18,0.23999999463558197,1,0,1,11.0,10.806916978624132,-1.2000000476837158,-0.5,0.008686184883117676,0.019999999552965164,-1.0,-100.0,0.0,-0.5366866588592529
818,15320,0,1915,1,OP3,FIXED_OPPONENT,train,SCRIPTED:OP3,1,3,2,1,20,0.19999998807907104,1,0,2,13.0,10.548536682128907,1.5,0.5,-0.02301015704870224,0.029999999329447746,1.0,100.0,-0.019999999552965164,0.5799229145050049
819,15360,0,1920,1,OP3,FIXED_OPPONENT,train,SCRIPTED:OP3,0,2,3,-1,18,0.3199999928474426,1,0,2,11.0,10.558367411295572,-1.2000000476837158,-0.4000000059604645,-0.009479761123657227,0.0,-1.0,-100.0,0.0,-0.5211711525917053
820,15368,0,1921,0,OP3,FIXED_OPPONENT,train,SCRIPTED:OP3,0,2,3,-1,18,0.19999998807907104,1,0,4,11.0,9.509737650553385,-1.2000000476837158,-0.5,0.009980738162994385,0.0,-1.0,-100.0,0.0,-0.536923348903656
821,15384,0,1923,3,OP3,FIXED_OPPONENT,train,SCRIPTED:OP3,0,2,3,-1,19,0.1599999964237213,1,0,0,11.0,12.099346763209292,-1.2000000476837158,-0.5,-0.004644110798835754,0.019999999552965164,-1.0,-100.0,-0.019999999552965164,-0.5400111675262451
822,15392,0,1924,1,OP3,FIXED_OPPONENT,train,SCRIPTED:OP3,0,2,3,-1,21,0.23999999463558197,1,0,5,14.0,9.17201160249256,-1.2000000476837158,-0.5,0.015530675649642944,0.019999999552965164,-1.0,-100.0,0.0,-0.5366000533103943
823,15416,0,1927,3,OP3,FIXED_OPPONENT,train,SCRIPTED:OP3,0,2,3,-1,19,0.19999998807907104,1,0,0,12.0,10.690929212068257,-1.2000000476837158,-0.5,0.0035689324140548706,0.0,-1.0,-100.0,0.0,-0.5370045304298401
824,15424,0,1928,3,OP3,FIXED_OPPONENT,train,SCRIPTED:OP3,0,2,3,-1,18,0.11999999731779099,1,0,0,11.0,10.927780151367188,-1.2000000476837158,-0.5,0.009066775441169739,0.019999999552965164,-1.0,-100.0,-0.019999999552965164,-0.5398386120796204
825,15448,0,1931,3,OP3,FIXED_OPPONENT,train,SCRIPTED:OP3,1,3,1,2,19,0.19999998807907104,1,0,2,14.0,9.244969418174342,1.5,0.5,-0.025157257914543152,0.029999999329447746,1.0,100.0,0.0,0.5828397870063782
826,15472,0,1934,2,OP3,FIXED_OPPONENT,train,SCRIPTED:OP3,1,3,2,1,19,0.11999999731779099,1,0,2,13.0,11.925000642475329,1.5,0.5,-0.007597938179969788,0.029999999329447746,1.0,100.0,0.0,0.5830458998680115
827,15504,0,1938,1,OP3,FIXED_OPPONENT,train,SCRIPTED:OP3,0,2,3,-1,18,0.11999999731779099,1,0,2,11.0,11.743386162651909,-1.2000000476837158,0.0,-0.0009882450103759766,0.0,0.0,0.0,0.0,-0.2605368196964264
828,15528,0,1941,0,OP3,FIXED_OPPONENT,train,SCRIPTED:OP3,1,3,2,1,18,0.1599999964237213,1,0,0,11.0,12.125181410047743,1.5,0.0,0.005442813038825989,0.0,0.0,0.0,-0.03999999910593033,0.3136073052883148
829,15536,0,1942,2,OP3,FIXED_OPPONENT,train,SCRIPTED:OP3,0,1,3,-2,18,0.2800000011920929,1,0,3,11.0,10.43490261501736,-1.2000000476837158,-0.5,-0.000824853777885437,0.019999999552965164,-1.0,-100.0,0.0,-0.5368070602416992
830,15536,0,1942,3,OP3,FIXED_OPPONENT,train,SCRIPTED:OP3,0,3,3,0,21,0.3199999928474426,1,0,2,11.0,9.6102294921875,-0.699999988079071,0.0,-0.01014643907546997,0.0,0.0,0.0,0.0,-0.1544889658689499
831,15568,0,1946,2,OP3,FIXED_OPPONENT,train,SCRIPTED:OP3,1,3,2,1,19,0.35999998450279236,1,0,0,12.0,10.289562024568257,1.5,0.5,-0.020273342728614807,0.014999999664723873,1.0,100.0,-0.019999999552965164,0.5797781348228455
832,15576,0,1947,3,OP3,FIXED_OPPONENT,train,SCRIPTED:OP3,0,2,3,-1,19,0.2800000011920929,1,0,2,12.0,11.986332140470806,-1.2000000476837158,-0.5,0.016256079077720642,0.019999999552965164,-1.0,-100.0,-0.019999999552965164,-0.5397480130195618
833,15616,0,1952,1,OP3,FIXED_OPPONENT,train,SCRIPTED:OP3,0,2,3,-1,21,0.23999999463558197,1,0,7,12.0,10.591482979910714,-1.2000000476837158,-0.5,-0.003974810242652893,0.0,-1.0,-100.0,-0.019999999552965164,-0.5402545928955078
834,15624,0,1953,3,OP3,FIXED_OPPONENT,train,SCRIPTED:OP3,0,2,3,-1,19,0.2800000011920929,1,0,0,12.0,10.842025756835938,-1.2000000476837158,-0.5,-0.005674824118614197,0.0,-1.0,-100.0,0.0,-0.5371213555335999
835,15648,0,1956,1,OP3,FIXED_OPPONENT,train,SCRIPTED:OP3,1,3,2,1,18,0.1599999964237213,1,0,1,11.0,10.96604749891493,1.5,0.4000000059604645,0.004588492214679718,0.029999999329447746,1.0,100.0,0.0,0.5683345794677734
836,15664,0,1958,2,OP3,FIXED_OPPONENT,train,SCRIPTED:OP3,1,3,2,1,16,0.2800000011920929,1,0,0,11.0,12.388115882873535,1.5,0.0,0.0070687830448150635,0.0,0.0,0.0,-0.03999999910593033,0.31363335251808167
837,15672,0,1959,3,OP3,FIXED_OPPONENT,train,SCRIPTED:OP3,1,3,2,1,18,0.2800000011920929,1,0,0,11.0,11.455265469021267,1.5,0.5,0.018645823001861572,0.014999999664723873,1.0,100.0,0.0,0.5831778049468994
838,15680,0,1960,3,OP3,FIXED_OPPONENT,train,SCRIPTED:OP3,1,3,1,2,18,0.19999998807907104,1,0,1,11.0,11.177663167317709,1.5,0.5,0.023720279335975647,0.014999999664723873,1.0,100.0,0.0,0.5832372903823853
839,15712,0,1964,1,OP3,FIXED_OPPONENT,train,SCRIPTED:OP3,1,3,2,1,18,0.1599999964237213,1,0,0,11.0,10.609464857313368,1.5,0.4000000059604645,0.004425764083862305,0.029999999329447746,1.0,100.0,0.0,0.5683326125144958
840,15728,0,1966,1,OP3,FIXED_OPPONENT,train,SCRIPTED:OP3,1,3,1,2,19,0.1599999964237213,1,0,1,12.0,10.60711669921875,1.5,0.5,-0.02158169448375702,0.029999999329447746,1.0,100.0,0.0,0.5828818082809448
841,15752,0,1969,0,OP3,FIXED_OPPONENT,train,SCRIPTED:OP3,1,3,2,1,17,0.3199999928474426,1,0,1,11.0,10.71067451028263,1.5,0.5,-0.017060354351997375,0.029999999329447746,1.0,100.0,0.0,0.5829348564147949
842,15760,0,1970,1,OP3,FIXED_OPPONENT,train,SCRIPTED:OP3,1,3,2,1,17,0.23999999463558197,1,0,1,11.0,10.689193725585938,1.5,0.4000000059604645,-0.006946459412574768,0.029999999329447746,1.0,100.0,0.0,0.5681957006454468
843,15808,0,1976,0,OP3,FIXED_OPPONENT,train,SCRIPTED:OP3,1,3,2,1,20,0.23999999463558197,1,0,5,13.0,9.723618316650391,1.5,0.5,-0.02094295620918274,0.029999999329447746,1.0,100.0,-0.019999999552965164,0.5799472332000732
844,15824,0,1978,2,OP3,FIXED_OPPONENT,train,SCRIPTED:OP3,0,2,3,-1,19,0.19999998807907104,1,0,1,12.0,10.475277549342104,-1.2000000476837158,-0.5,0.0010895133018493652,0.019999999552965164,-1.0,-100.0,-0.019999999552965164,-0.5399390459060669
845,15824,0,1978,3,OP3,FIXED_OPPONENT,train,SCRIPTED:OP3,1,3,2,1,20,0.3199999928474426,1,0,2,13.0,10.212371826171875,1.5,0.5,-0.02095264196395874,0.029999999329447746,1.0,100.0,-0.019999999552965164,0.5799471735954285
846,15840,0,1980,1,OP3,FIXED_OPPONENT,train,SCRIPTED:OP3,0,2,3,-1,20,0.2800000011920929,1,0,1,12.0,10.46637191772461,-1.2000000476837158,-0.5,-0.003188028931617737,0.0,-1.0,-100.0,0.0,-0.5370898842811584
847,15856,0,1982,1,OP3,FIXED_OPPONENT,train,SCRIPTED:OP3,1,3,2,1,18,0.23999999463558197,1,0,1,11.0,11.212259928385416,1.5,0.0,0.006096094846725464,0.0,0.0,0.0,0.0,0.32160985469818115
848,15880,0,1985,1,OP3,FIXED_OPPONENT,train,SCRIPTED:OP3,0,3,3,0,19,0.3199999928474426,1,0,4,11.0,9.61746537057977,-0.699999988079071,0.0,-0.010176852345466614,0.0,0.0,0.0,-0.019999999552965164,-0.1588248610496521
849,15888,0,1986,2,OP3,FIXED_OPPONENT,train,SCRIPTED:OP3,0,2,3,-1,16,0.19999998807907104,1,0,1,12.0,11.045805931091309,-1.2000000476837158,-0.5,-0.005789414048194885,0.019999999552965164,-1.0,-100.0,0.0,-0.5368698239326477
850,15904,0,1988,0,OP3,FIXED_OPPONENT,train,SCRIPTED:OP3,1,3,2,1,19,0.3999999761581421,1,0,0,11.0,9.633417229903372,1.5,0.5,-0.037408247590065,0.014999999664723873,1.0,100.0,0.0,0.5825197696685791
851,15944,0,1993,3,OP3,FIXED_OPPONENT,train,SCRIPTED:OP3,0,2,3,-1,17,0.23999999463558197,1,0,0,11.0,10.853505751665901,-1.2000000476837158,-0.4000000059604645,-0.0035452991724014282,0.0,-1.0,-100.0,-0.019999999552965164,-0.524324357509613
852,15968,0,1996,2,OP3,FIXED_OPPONENT,train,SCRIPTED:OP3,1,3,2,1,18,0.2800000011920929,1,0,1,11.0,11.349669562445747,1.5,0.4000000059604645,0.005804523825645447,0.014999999664723873,1.0,100.0,-0.019999999552965164,0.5651513338088989
853,15968,0,1996,0,OP3,FIXED_OPPONENT,train,SCRIPTED:OP3,1,3,2,1,18,0.3199999928474426,1,0,7,11.0,9.46784888373481,1.5,0.5,-0.020725898444652557,0.029999999329447746,1.0,100.0,0.0,0.5828918218612671
854,15992,0,1999,3,OP3,FIXED_OPPONENT,train,SCRIPTED:OP3,1,3,2,1,19,0.3199999928474426,0,1,3,12.0,8.138995521946958,1.5,0.5,-0.03268498182296753,0.029999999329447746,1.0,100.0,0.0,0.5827513933181763
855,16016,0,2002,2,OP3,FIXED_OPPONENT,train,SCRIPTED:OP3,1,3,2,1,20,0.3199999928474426,1,0,5,13.0,9.71646957397461,1.5,0.0,-0.008055567741394043,0.0,0.0,0.0,-0.019999999552965164,0.3173932433128357
856,16032,0,2004,0,OP3,FIXED_OPPONENT,train,SCRIPTED:OP3,1,3,2,1,16,0.23999999463558197,1,0,3,12.0,10.556676864624023,1.5,0.0,-0.008148238062858582,0.0,0.0,0.0,0.0,0.3213828206062317
857,16040,0,2005,0,OP3,FIXED_OPPONENT,train,SCRIPTED:OP3,1,3,2,1,19,0.19999998807907104,1,0,4,12.0,9.449656436317845,1.5,0.5,-0.0053741782903671265,0.014999999664723873,1.0,100.0,0.0,0.5828959941864014
858,16064,0,2008,1,OP3,FIXED_OPPONENT,train,SCRIPTED:OP3,0,3,3,0,23,0.19999998807907104,1,0,3,12.0,9.704764988111412,-0.699999988079071,0.0,0.008465945720672607,0.0,0.0,0.0,0.0,-0.15416596829891205
859,16096,0,2012,3,OP3,FIXED_OPPONENT,train,SCRIPTED:OP3,1,3,2,1,19,0.19999998807907104,1,0,10,12.0,9.46844482421875,1.5,0.4000000059604645,-0.009623110294342041,0.029999999329447746,1.0,100.0,-0.019999999552965164,0.5651461482048035
860,16120,0,2015,0,OP3,FIXED_OPPONENT,train,SCRIPTED:OP3,0,3,3,0,19,0.23999999463558197,1,0,6,11.0,9.508841263620477,-0.699999988079071,0.0,0.006654232740402222,0.0,0.0,0.0,-0.019999999552965164,-0.15853318572044373
861,16120,0,2015,0,OP3,FIXED_OPPONENT,train,SCRIPTED:OP3,1,3,2,1,19,0.19999998807907104,1,0,1,12.0,10.43312634919819,1.5,0.5,-0.0030458271503448486,0.029999999329447746,1.0,100.0,0.0,0.5830992460250854
862,16136,0,2017,0,OP3,FIXED_OPPONENT,train,SCRIPTED:OP3,1,3,2,1,18,0.2800000011920929,1,0,3,11.0,12.07221900092231,1.5,0.4000000059604645,-0.0042410194873809814,0.029999999329447746,1.0,100.0,0.0,0.5682283043861389
863,16136,0,2017,1,OP3,FIXED_OPPONENT,train,SCRIPTED:OP3,0,1,3,-2,15,0.1599999964237213,1,0,1,11.0,9.662677001953124,-1.2000000476837158,-0.5,0.011542588472366333,0.019999999552965164,-1.0,-100.0,0.0,-0.5366504788398743
864,16168,0,2021,0,OP3,FIXED_OPPONENT,train,SCRIPTED:OP3,1,3,2,1,17,0.1599999964237213,1,0,2,11.0,10.712846643784466,1.5,0.5,-0.0005028843879699707,0.0,1.0,100.0,-0.019999999552965164,0.5798344612121582
865,16184,0,2023,0,OP3,FIXED_OPPONENT,train,SCRIPTED:OP3,1,3,2,1,18,0.3199999928474426,1,0,3,11.0,9.543360392252604,1.5,0.5,-0.01517767459154129,0.029999999329447746,1.0,100.0,0.0,0.5829569101333618
866,16208,0,2026,0,OP3,FIXED_OPPONENT,train,SCRIPTED:OP3,1,3,2,1,18,0.23999999463558197,1,0,0,11.0,10.146325005425346,1.5,0.5,0.0020409226417541504,0.014999999664723873,1.0,100.0,0.0,0.5829829573631287
867,16224,0,2028,2,OP3,FIXED_OPPONENT,train,SCRIPTED:OP3,0,2,3,-1,16,0.1599999964237213,1,0,0,11.0,11.503652572631836,-1.2000000476837158,-0.4000000059604645,-0.0002141892910003662,0.0,-1.0,-100.0,-0.019999999552965164,-0.5242814421653748
868,16264,0,2033,2,OP3,FIXED_OPPONENT,train,SCRIPTED:OP3,0,2,3,-1,18,0.1599999964237213,1,0,2,11.0,9.352484809027779,-1.2000000476837158,0.10000002384185791,-0.004770264029502869,0.019999999552965164,0.0,0.0,0.0,-0.23943407833576202
869,16264,0,2033,3,OP3,FIXED_OPPONENT,train,SCRIPTED:OP3,1,3,2,1,18,0.35999998450279236,1,0,1,11.0,10.735437181260851,1.5,0.4000000059604645,-0.006489425897598267,0.029999999329447746,1.0,100.0,0.0,0.5682012438774109
870,16272,0,2034,0,OP3,FIXED_OPPONENT,train,SCRIPTED:OP3,0,2,3,-1,17,0.2800000011920929,1,0,4,13.0,11.090661441578584,-1.2000000476837158,0.0,-0.0010003894567489624,0.0,0.0,0.0,0.0,-0.2605369985103607
871,16280,0,2035,1,OP3,FIXED_OPPONENT,train,SCRIPTED:OP3,0,2,3,-1,18,0.19999998807907104,1,0,3,12.0,8.509194268120659,-1.2000000476837158,-0.5,0.012383028864860535,0.019999999552965164,-1.0,-100.0,0.0,-0.5366398692131042
872,16312,0,2039,1,OP3,FIXED_OPPONENT,train,SCRIPTED:OP3,1,3,1,2,16,0.2800000011920929,1,0,0,11.0,11.043509483337402,1.5,0.5,-0.0013452470302581787,0.02499999850988388,1.0,100.0,-0.019999999552965164,0.5801194906234741
873,16320,0,2040,1,OP3,FIXED_OPPONENT,train,SCRIPTED:OP3,0,2,3,-1,19,0.2800000011920929,1,0,2,12.0,11.479359676963405,-1.2000000476837158,-0.5,0.0008847415447235107,0.019999999552965164,-1.0,-100.0,0.0,-0.5367854237556458
874,16336,0,2042,2,OP3,FIXED_OPPONENT,train,SCRIPTED:OP3,0,2,3,-1,16,0.11999999731779099,1,0,4,11.0,10.482515335083008,-1.2000000476837158,0.0,0.004141911864280701,0.019999999552965164,0.0,0.0,-0.019999999552965164,-0.2642592489719391
875,16384,0,2048,1,OP3,FIXED_OPPONENT,train,SCRIPTED:OP3,0,3,3,0,20,0.2800000011920929,1,0,9,12.0,9.47505874633789,-0.699999988079071,0.0,0.001838982105255127,0.0,0.0,0.0,-0.019999999552965164,-0.15861663222312927
876,16408,1,3,0,OP3,FIXED_OPPONENT,train,SCRIPTED:OP3,0,2,3,-1,18,0.2800000011920929,1,0,0,11.0,10.162225511338976,-1.2000000476837158,-0.5,0.0034207701683044434,0.019999999552965164,-1.0,-100.0,-0.019999999552965164,-0.5399096608161926
877,16408,1,3,2,OP3,FIXED_OPPONENT,train,SCRIPTED:OP3,1,3,2,1,17,0.19999998807907104,1,0,0,11.0,11.127223295323988,1.5,0.4000000059604645,0.008708864450454712,0.029999999329447746,1.0,100.0,0.0,0.5683841705322266
878,16416,1,4,0,OP3,FIXED_OPPONENT,train,SCRIPTED:OP3,0,2,3,-1,19,0.23999999463558197,1,0,7,12.0,8.65350984272204,-1.2000000476837158,-0.5,0.0043686628341674805,0.019999999552965164,-1.0,-100.0,0.0,-0.5367412567138672
879,16424,1,5,2,OP3,FIXED_OPPONENT,train,SCRIPTED:OP3,1,3,2,1,18,0.2800000011920929,1,0,2,11.0,9.369820488823784,1.5,0.5,-0.01724541187286377,0.014999999664723873,1.0,100.0,0.0,0.5827566385269165
880,16448,1,8,0,OP3,FIXED_OPPONENT,train,SCRIPTED:OP3,1,3,1,2,17,0.23999999463558197,1,0,5,11.0,8.663747450884651,1.5,0.5,-0.010432824492454529,0.029999999329447746,1.0,100.0,0.0,0.5830126404762268
881,16456,1,9,2,OP3,FIXED_OPPONENT,train,SCRIPTED:OP3,1,3,2,1,17,0.3199999928474426,1,0,2,11.0,10.361118092256433,1.5,0.0,-0.010503441095352173,0.0,0.0,0.0,0.0,0.3213452696800232
882,16480,1,12,3,OP3,FIXED_OPPONENT,train,SCRIPTED:OP3,0,1,3,-2,18,0.3199999928474426,1,0,3,11.0,10.344129774305555,-1.2000000476837158,-0.5,0.006941065192222595,0.019999999552965164,-1.0,-100.0,0.0,-0.5367087125778198
883,16528,1,18,1,OP3,FIXED_OPPONENT,train,SCRIPTED:OP3,0,2,3,-1,18,0.23999999463558197,1,0,1,14.0,12.284875657823351,-1.2000000476837158,-0.5,0.0031910985708236694,0.019999999552965164,-1.0,-100.0,-0.019999999552965164,-0.5399125814437866
884,16544,1,20,0,OP3,FIXED_OPPONENT,train,SCRIPTED:OP3,1,3,2,1,17,0.1599999964237213,1,0,0,11.0,11.753868551815257,1.5,0.0,0.007453992962837219,0.0,0.0,0.0,0.0,0.321631520986557
885,16560,1,22,3,OP3,FIXED_OPPONENT,train,SCRIPTED:OP3,0,2,3,-1,18,0.23999999463558197,1,0,2,11.0,10.4163818359375,-1.2000000476837158,-0.4000000059604645,-0.006111770868301392,0.0,-1.0,-100.0,0.0,-0.5211275219917297
886,16560,1,22,0,OP3,FIXED_OPPONENT,train,SCRIPTED:OP3,0,2,3,-1,19,0.2800000011920929,1,0,5,12.0,9.089140239514803,-1.2000000476837158,-0.5,0.006111025810241699,0.0,-1.0,-100.0,0.0,-0.5369723439216614
887,16576,1,24,0,OP3,FIXED_OPPONENT,train,SCRIPTED:OP3,1,3,2,1,19,0.19999998807907104,1,0,1,12.0,10.083761917917352,1.5,0.5,-0.02482171356678009,0.029999999329447746,1.0,100.0,0.0,0.5828437805175781
888,16600,1,27,2,OP3,FIXED_OPPONENT,train,SCRIPTED:OP3,1,3,2,1,18,0.23999999463558197,1,0,2,11.0,9.551765441894531,1.5,0.4000000059604645,-0.01020801067352295,0.029999999329447746,1.0,100.0,0.0,0.5681564211845398
889,16600,1,27,3,OP3,FIXED_OPPONENT,train,SCRIPTED:OP3,0,3,3,0,19,0.19999998807907104,1,0,4,12.0,10.457333213404604,-0.699999988079071,0.0,0.00884401798248291,0.0,0.0,0.0,0.0,-0.15415941178798676
890,16656,1,34,1,OP3,FIXED_OPPONENT,train,SCRIPTED:OP3,1,3,2,1,22,0.19999998807907104,0,1,7,12.0,10.222245649857955,1.5,0.5,-0.00919465720653534,0.029999999329447746,1.0,100.0,0.0,0.5830271244049072
891,16672,1,36,1,OP3,FIXED_OPPONENT,train,SCRIPTED:OP3,0,2,3,-1,18,0.3199999928474426,1,0,2,12.0,9.94966295030382,-1.2000000476837158,-0.4000000059604645,-0.010462388396263123,0.0,-1.0,-100.0,0.0,-0.5211838483810425
892,16688,1,38,2,OP3,FIXED_OPPONENT,train,SCRIPTED:OP3,1,3,2,1,18,0.35999998450279236,1,0,3,11.0,10.770139906141493,1.5,0.4000000059604645,-8.985400199890137e-05,0.029999999329447746,1.0,100.0,0.0,0.5682783126831055
893,16704,1,40,0,OP3,FIXED_OPPONENT,train,SCRIPTED:OP3,0,3,3,0,18,0.19999998807907104,1,0,1,11.0,10.483600192599827,-0.699999988079071,0.0,0.002131059765815735,0.0,0.0,0.0,0.0,-0.15427592396736145
894,16704,1,40,0,OP3,FIXED_OPPONENT,train,SCRIPTED:OP3,0,2,3,-1,18,0.23999999463558197,1,0,3,11.0,9.633332146538628,-1.2000000476837158,-0.5,0.01432141661643982,0.0,-1.0,-100.0,0.0,-0.5368685126304626
895,16728,1,43,1,OP3,FIXED_OPPONENT,train,SCRIPTED:OP3,1,3,2,1,19,0.23999999463558197,1,0,1,12.0,9.12624720523232,1.5,0.5,-0.01162002980709076,0.014999999664723873,1.0,100.0,0.0,0.5828225612640381
896,16744,1,45,0,OP3,FIXED_OPPONENT,train,SCRIPTED:OP3,0,2,3,-1,18,0.35999998450279236,1,0,0,11.0,10.441531711154514,-1.2000000476837158,-0.5,0.01484563946723938,0.0,-1.0,-100.0,0.0,-0.5368618369102478
897,16752,1,46,0,OP3,FIXED_OPPONENT,train,SCRIPTED:OP3,1,3,2,1,19,0.23999999463558197,1,0,3,12.0,10.552912661903783,1.5,0.5,-0.019840434193611145,0.029999999329447746,1.0,100.0,0.0,0.582902193069458
898,16816,1,54,0,OP3,FIXED_OPPONENT,train,SCRIPTED:OP3,0,3,3,0,20,0.19999998807907104,1,0,0,12.0,11.522857666015625,-0.699999988079071,0.0,-0.0036704540252685547,0.0,0.0,0.0,-0.019999999552965164,-0.15871211886405945
899,16816,1,54,3,OP3,FIXED_OPPONENT,train,SCRIPTED:OP3,0,2,3,-1,18,0.19999998807907104,1,0,3,11.0,10.930536905924479,-1.2000000476837158,-0.5,-0.0001090317964553833,0.019999999552965164,-1.0,-100.0,0.0,-0.5367979407310486
900,16832,1,56,0,OP3,FIXED_OPPONENT,train,SCRIPTED:OP3,0,2,3,-1,18,0.23999999463558197,1,0,2,11.0,11.390734354654947,-1.2000000476837158,-0.4000000059604645,-0.0001840144395828247,0.019999999552965164,-1.0,-100.0,0.0,-0.5207917094230652
901,16848,1,58,0,OP3,FIXED_OPPONENT,train,SCRIPTED:OP3,1,3,2,1,18,0.2800000011920929,1,0,0,11.0,11.671154446072048,1.5,0.0,0.003253757953643799,0.0,0.0,0.0,0.0,0.32156458497047424
902,16864,1,60,2,OP3,FIXED_OPPONENT,train,SCRIPTED:OP3,1,3,2,1,20,0.2800000011920929,1,0,0,12.0,10.433529663085938,1.5,0.5,-0.04085208475589752,0.014999999664723873,1.0,100.0,-0.019999999552965164,0.5795352458953857
903,16888,1,63,2,OP3,FIXED_OPPONENT,train,SCRIPTED:OP3,0,2,3,-1,18,0.19999998807907104,1,0,1,11.0,9.555578443739149,-1.2000000476837158,-0.4000000059604645,-0.004560142755508423,0.019999999552965164,-1.0,-100.0,0.0,-0.5208483934402466
904,16896,1,64,2,OP3,FIXED_OPPONENT,train,SCRIPTED:OP3,0,2,3,-1,18,0.23999999463558197,1,0,1,11.0,10.809103224012587,-1.2000000476837158,-0.5,-0.0030091553926467896,0.0,-1.0,-100.0,-0.019999999552965164,-0.5402424335479736
905,16896,1,64,3,OP3,FIXED_OPPONENT,train,SCRIPTED:OP3,0,2,3,-1,21,0.23999999463558197,1,0,6,14.0,9.779027303059896,-1.2000000476837158,-0.5,-0.0029096901416778564,0.019999999552965164,-1.0,-100.0,0.0,-0.5368334054946899
906,16968,1,73,3,OP3,FIXED_OPPONENT,train,SCRIPTED:OP3,1,3,2,1,19,0.2800000011920929,1,0,4,12.0,10.001034385279604,1.5,0.5,-0.029437333345413208,0.029999999329447746,1.0,100.0,0.0,0.5827895402908325
907,16968,1,73,3,OP3,FIXED_OPPONENT,train,SCRIPTED:OP3,0,3,3,0,19,0.1599999964237213,1,0,3,12.0,10.403811003032484,-0.699999988079071,0.0,0.0027362480759620667,0.0,0.0,0.0,0.0,-0.1542654186487198
908,16968,1,73,2,OP3,FIXED_OPPONENT,train,SCRIPTED:OP3,1,3,2,1,17,0.2800000011920929,1,0,1,11.0,9.475918040556067,1.5,0.0,0.0018624812364578247,0.0,0.0,0.0,0.0,0.3215424120426178
909,16992,1,76,0,OP3,FIXED_OPPONENT,train,SCRIPTED:OP3,1,3,2,1,18,0.35999998450279236,1,0,1,11.0,10.068060980902779,1.5,0.5,-0.03688138723373413,0.014999999664723873,1.0,100.0,0.0,0.5825260281562805
910,17000,1,77,1,OP3,FIXED_OPPONENT,train,SCRIPTED:OP3,1,3,2,1,17,0.1599999964237213,1,0,0,11.0,12.164205214556526,1.5,0.4000000059604645,-0.006756231188774109,0.029999999329447746,1.0,100.0,0.0,0.5681980848312378
911,17032,1,81,3,OP3,FIXED_OPPONENT,train,SCRIPTED:OP3,0,2,3,-1,18,0.23999999463558197,1,0,0,12.0,12.21509043375651,-1.2000000476837158,-0.5,0.010693371295928955,0.019999999552965164,-1.0,-100.0,0.0,-0.5366612672805786
912,17048,1,83,0,OP3,FIXED_OPPONENT,train,SCRIPTED:OP3,0,2,3,-1,19,0.1599999964237213,1,0,3,11.0,10.642573306435033,-1.2000000476837158,-0.5,0.0015012919902801514,0.019999999552965164,-1.0,-100.0,0.0,-0.5367776155471802
913,17048,1,83,3,OP3,FIXED_OPPONENT,train,SCRIPTED:OP3,0,2,3,-1,19,0.3199999928474426,1,0,2,12.0,9.785453394839639,-1.2000000476837158,-0.5,-0.0021982342004776,0.0,-1.0,-100.0,-0.019999999552965164,-0.540232241153717
914,17104,1,90,1,OP3,FIXED_OPPONENT,train,SCRIPTED:OP3,1,3,2,1,17,0.19999998807907104,1,0,7,11.0,8.96781562356388,1.5,0.4000000059604645,-0.00964471697807312,0.029999999329447746,1.0,100.0,0.0,0.568163275718689
915,17112,1,91,1,OP3,FIXED_OPPONENT,train,SCRIPTED:OP3,1,3,2,1,18,0.19999998807907104,1,0,0,11.0,11.656381395128038,1.5,0.5999999642372131,0.005436316132545471,0.029999999329447746,1.0,100.0,0.0,0.5976727604866028
916,17112,1,91,3,OP3,FIXED_OPPONENT,train,SCRIPTED:OP3,1,3,2,1,18,0.19999998807907104,1,0,7,11.0,10.775618659125435,1.5,0.4000000059604645,-0.00648101419210434,0.029999999329447746,1.0,100.0,-0.019999999552965164,0.5651841163635254
917,17136,1,94,2,OP3,FIXED_OPPONENT,train,SCRIPTED:OP3,0,2,3,-1,18,0.3199999928474426,1,0,4,11.0,9.451676262749565,-1.2000000476837158,-0.4000000059604645,-0.009585082530975342,0.0,-1.0,-100.0,0.0,-0.5211724638938904
918,17144,1,95,0,OP3,FIXED_OPPONENT,train,SCRIPTED:OP3,0,3,3,0,18,0.1599999964237213,1,0,2,11.0,10.675959269205729,-0.699999988079071,0.0,-0.009363889694213867,0.0,0.0,0.0,0.0,-0.1544754058122635
919,17192,1,101,2,OP3,FIXED_OPPONENT,train,SCRIPTED:OP3,0,2,3,-1,18,0.1599999964237213,1,0,3,11.0,10.34089830186632,-1.2000000476837158,0.0,-0.0035966336727142334,0.0,0.0,0.0,0.0,-0.26058006286621094
920,17192,1,101,1,OP3,FIXED_OPPONENT,train,SCRIPTED:OP3,1,3,2,1,20,0.1599999964237213,1,0,3,12.0,9.77539291381836,1.5,0.5,-0.002682983875274658,0.029999999329447746,1.0,100.0,0.0,0.5831035375595093
921,17192,1,101,1,OP3,FIXED_OPPONENT,train,SCRIPTED:OP3,0,2,3,-1,18,0.19999998807907104,1,0,2,11.0,10.581304762098524,-1.2000000476837158,-0.4000000059604645,-0.010546311736106873,0.0,-1.0,-100.0,-0.019999999552965164,-0.5244146585464478
922,17232,1,106,0,OP3,FIXED_OPPONENT,train,SCRIPTED:OP3,0,1,3,-2,16,0.2800000011920929,1,0,0,12.0,10.926420211791992,-1.2000000476837158,-0.5,0.013651266694068909,0.019999999552965164,-1.0,-100.0,-0.019999999552965164,-0.539780855178833
923,17256,1,109,3,OP3,FIXED_OPPONENT,train,SCRIPTED:OP3,0,2,3,-1,18,0.3199999928474426,1,0,1,11.0,10.289344787597656,-1.2000000476837158,-0.4000000059604645,-0.003344208002090454,0.019999999552965164,-1.0,-100.0,-0.019999999552965164,-0.5240640044212341
924,17264,1,110,1,OP3,FIXED_OPPONENT,train,SCRIPTED:OP3,0,3,3,0,19,0.11999999731779099,1,0,3,12.0,10.942202919407896,-0.699999988079071,0.0,0.0017720907926559448,0.0,0.0,0.0,-0.019999999552965164,-0.1586177945137024
925,17288,1,113,2,OP3,FIXED_OPPONENT,train,SCRIPTED:OP3,1,3,2,1,19,0.19999998807907104,1,0,8,11.0,8.934186433490954,1.5,0.5,-0.006477251648902893,0.029999999329447746,1.0,100.0,-0.019999999552965164,0.5801178812980652
926,17288,1,113,0,OP3,FIXED_OPPONENT,train,SCRIPTED:OP3,1,3,2,1,18,0.23999999463558197,1,0,1,12.0,9.434537251790365,1.5,0.4000000059604645,0.004618629813194275,0.014999999664723873,1.0,100.0,0.0,0.5681543946266174
927,17328,1,118,3,OP3,FIXED_OPPONENT,train,SCRIPTED:OP3,1,3,2,1,17,0.23999999463558197,1,0,2,11.0,9.46590019674862,1.5,0.5,-0.018123909831047058,0.014999999664723873,1.0,100.0,0.0,0.5827462673187256
928,17336,1,119,3,OP3,FIXED_OPPONENT,train,SCRIPTED:OP3,0,3,3,0,18,0.2800000011920929,1,0,1,11.0,9.449974060058594,-0.699999988079071,0.0,0.004058018326759338,0.0,0.0,0.0,-0.019999999552965164,-0.15857817232608795
929,17344,1,120,2,OP3,FIXED_OPPONENT,train,SCRIPTED:OP3,1,3,2,1,19,0.19999998807907104,1,0,1,12.0,10.712588661595396,1.5,0.5,-0.030671775341033936,0.029999999329447746,1.0,100.0,0.0,0.5827750563621521
930,17384,1,125,3,OP3,FIXED_OPPONENT,train,SCRIPTED:OP3,0,2,3,-1,19,0.2800000011920929,1,0,3,13.0,10.104209498355264,-1.2000000476837158,-0.5,-0.010280311107635498,0.019999999552965164,-1.0,-100.0,0.0,-0.5369266867637634
931,17400,1,127,2,OP3,FIXED_OPPONENT,train,SCRIPTED:OP3,0,3,3,0,18,0.1599999964237213,1,0,0,11.0,10.59441884358724,-0.699999988079071,0.0,-0.0003698021173477173,0.0,0.0,0.0,0.0,-0.15431931614875793
932,17408,1,128,0,OP3,FIXED_OPPONENT,train,SCRIPTED:OP3,1,3,1,2,15,0.1599999964237213,1,0,0,11.0,9.690132649739583,1.5,0.4000000059604645,-0.004934623837471008,0.02499999850988388,1.0,100.0,0.0,0.5681596994400024
933,17408,1,128,3,OP3,FIXED_OPPONENT,train,SCRIPTED:OP3,1,3,2,1,18,0.1599999964237213,1,0,3,12.0,10.187416924370659,1.5,0.5,-0.0129128098487854,0.029999999329447746,1.0,100.0,0.0,0.5829835534095764
934,17432,1,131,1,OP3,FIXED_OPPONENT,train,SCRIPTED:OP3,0,2,3,-1,18,0.2800000011920929,1,0,4,11.0,10.660284254286024,-1.2000000476837158,-0.4000000059604645,-0.010600492358207703,0.0,-1.0,-100.0,0.0,-0.5211856961250305
935,17464,1,135,2,OP3,FIXED_OPPONENT,train,SCRIPTED:OP3,0,1,3,-2,16,0.1599999964237213,1,0,0,12.0,10.326313018798828,-1.2000000476837158,-0.5,0.0155448317527771,0.0,-1.0,-100.0,0.0,-0.5368529558181763
936,17472,1,136,1,OP3,FIXED_OPPONENT,train,SCRIPTED:OP3,0,2,3,-1,18,0.11999999731779099,0,1,6,11.0,10.161755032009548,-1.2000000476837158,-0.5,-0.0012422353029251099,0.019999999552965164,-1.0,-100.0,0.0,-0.5368123054504395
937,17512,1,141,0,OP3,FIXED_OPPONENT,train,SCRIPTED:OP3,0,2,3,-1,21,0.3199999928474426,1,0,8,14.0,10.673583984375,-1.2000000476837158,-0.5,0.0033566802740097046,0.0,-1.0,-100.0,0.0,-0.5370071530342102
938,17512,1,141,2,OP3,FIXED_OPPONENT,train,SCRIPTED:OP3,1,3,2,1,16,0.19999998807907104,1,0,0,11.0,11.340487480163574,1.5,0.5,-0.03161928057670593,0.029999999329447746,1.0,100.0,-0.03999999910593033,0.5768634080886841
939,17536,1,144,3,OP3,FIXED_OPPONENT,train,SCRIPTED:OP3,1,3,2,1,17,0.19999998807907104,1,0,3,11.0,10.014499439912683,1.5,0.4000000059604645,0.00707988440990448,0.014999999664723873,1.0,100.0,0.0,0.5681840181350708
940,17552,1,146,0,OP3,FIXED_OPPONENT,train,SCRIPTED:OP3,1,3,2,1,18,0.19999998807907104,1,0,0,12.0,11.177865770128038,1.5,0.5,-0.003014668822288513,0.029999999329447746,1.0,100.0,0.0,0.5830997228622437
941,17560,1,147,2,OP3,FIXED_OPPONENT,train,SCRIPTED:OP3,1,3,2,1,19,0.1599999964237213,1,0,8,12.0,9.347482781661185,1.5,1.0,-0.014434993267059326,0.029999999329447746,2.0,200.0,-0.019999999552965164,0.7598382234573364
942,17584,1,150,1,OP3,FIXED_OPPONENT,train,SCRIPTED:OP3,0,2,3,-1,19,0.23999999463558197,1,0,3,11.0,10.196073833264803,-1.2000000476837158,-0.5,-0.011445432901382446,0.019999999552965164,-1.0,-100.0,0.0,-0.536941409111023
943,17616,1,154,2,OP3,FIXED_OPPONENT,train,SCRIPTED:OP3,1,3,2,1,18,0.19999998807907104,1,0,0,11.0,11.162946065266928,1.5,0.5,0.02251449227333069,0.029999999329447746,1.0,100.0,0.0,0.5833991765975952
944,17616,1,154,2,OP3,FIXED_OPPONENT,train,SCRIPTED:OP3,1,3,1,2,19,0.3199999928474426,1,0,2,12.0,9.740252043071546,1.5,0.5,-0.020966753363609314,0.014999999664723873,1.0,100.0,0.0,0.5827128887176514
945,17656,1,159,0,OP3,FIXED_OPPONENT,train,SCRIPTED:OP3,1,3,1,2,18,0.35999998450279236,1,0,0,11.0,9.564222547743055,1.5,0.5,-0.007059365510940552,0.014999999664723873,1.0,100.0,-0.019999999552965164,0.5799340009689331
946,17680,1,162,1,OP3,FIXED_OPPONENT,train,SCRIPTED:OP3,0,3,3,0,21,0.23999999463558197,1,0,0,12.0,11.306419735863095,-0.699999988079071,0.0,-0.010739676654338837,0.0,0.0,0.0,-0.019999999552965164,-0.15883462131023407
947,17680,1,162,3,OP3,FIXED_OPPONENT,train,SCRIPTED:OP3,1,3,2,1,18,0.3199999928474426,1,0,2,11.0,9.48288302951389,1.5,0.5,0.00019556283950805664,0.014999999664723873,1.0,100.0,0.0,0.5829613208770752
948,17696,1,164,0,OP3,FIXED_OPPONENT,train,SCRIPTED:OP3,0,3,3,0,18,0.11999999731779099,1,0,3,11.0,10.124262491861979,-0.699999988079071,0.0,-0.00010025501251220703,0.0,0.0,0.0,0.0,-0.15431465208530426
949,17712,1,166,3,OP3,FIXED_OPPONENT,train,SCRIPTED:OP3,1,3,2,1,19,0.23999999463558197,1,0,2,12.0,10.709297581722861,1.5,0.5,0.0018839985132217407,0.014999999664723873,1.0,100.0,0.0,0.5829811096191406
950,17728,1,168,1,OP3,FIXED_OPPONENT,train,SCRIPTED:OP3,0,3,3,0,18,0.2800000011920929,1,0,1,11.0,10.924752129448784,-0.699999988079071,0.0,0.008742883801460266,0.0,0.0,0.0,-0.019999999552965164,-0.15849699079990387
951,17760,1,172,2,OP3,FIXED_OPPONENT,train,SCRIPTED:OP3,1,3,2,1,18,0.19999998807907104,1,0,1,11.0,11.681766086154514,1.5,0.0,0.0072938501834869385,0.0,0.0,0.0,-0.019999999552965164,0.3176386058330536
952,17768,1,173,0,OP3,FIXED_OPPONENT,train,SCRIPTED:OP3,0,2,3,-1,19,0.1599999964237213,1,0,3,11.0,11.57381158126028,-1.2000000476837158,-0.5,0.002874895930290222,0.019999999552965164,-1.0,-100.0,0.0,-0.5367602705955505
953,17808,1,178,1,OP3,FIXED_OPPONENT,train,SCRIPTED:OP3,1,3,2,1,19,0.23999999463558197,1,0,1,11.0,10.498454846833882,1.5,0.5,-0.019206181168556213,0.029999999329447746,1.0,100.0,0.0,0.5829096436500549
954,17832,1,181,0,OP3,FIXED_OPPONENT,train,SCRIPTED:OP3,1,3,2,1,19,0.23999999463558197,1,0,0,12.0,9.972955804122122,1.5,0.0,0.008470430970191956,0.0,0.0,0.0,-0.019999999552965164,0.3176574110984802
955,17832,1,181,2,OP3,FIXED_OPPONENT,train,SCRIPTED:OP3,1,3,2,1,19,0.3999999761581421,1,0,0,12.0,10.100756193462171,1.5,0.5,-0.0043981075286865234,0.014999999664723873,1.0,100.0,0.0,0.5829074382781982
956,17840,1,182,3,OP3,FIXED_OPPONENT,train,SCRIPTED:OP3,1,3,2,1,18,0.1599999964237213,1,0,1,11.0,12.131903754340279,1.5,0.5,0.01711147278547287,0.029999999329447746,1.0,100.0,0.0,0.5833357572555542
957,17864,1,185,2,OP3,FIXED_OPPONENT,train,SCRIPTED:OP3,1,3,2,1,19,0.1599999964237213,1,0,4,12.0,11.218419125205592,1.5,1.0,-0.002145208418369293,0.029999999329447746,2.0,200.0,0.0,0.761802077293396
958,17864,1,185,0,OP3,FIXED_OPPONENT,train,SCRIPTED:OP3,1,3,2,1,17,0.23999999463558197,1,0,0,11.0,10.488957124597887,1.5,0.4000000059604645,0.0006724894046783447,0.029999999329447746,1.0,100.0,-0.019999999552965164,0.565270721912384
959,17896,1,189,2,OP3,FIXED_OPPONENT,train,SCRIPTED:OP3,0,2,3,-1,17,0.3199999928474426,1,0,0,11.0,11.732603185317096,-1.2000000476837158,0.0,0.007536992430686951,0.0,0.0,0.0,0.0,-0.2603955566883087
960,17944,1,195,3,OP3,FIXED_OPPONENT,train,SCRIPTED:OP3,0,3,3,0,22,0.35999998450279236,1,0,2,12.0,9.523610201748935,-0.699999988079071,0.0,0.002501353621482849,0.0,0.0,0.0,0.0,-0.1542695015668869
961,17960,1,197,3,OP3,FIXED_OPPONENT,train,SCRIPTED:OP3,0,2,3,-1,19,0.3999999761581421,1,0,2,12.0,11.141013697574014,-1.2000000476837158,-0.5,-0.0005804151296615601,0.0,-1.0,-100.0,-0.03999999910593033,-0.5433517694473267
962,17976,1,199,1,OP3,FIXED_OPPONENT,train,SCRIPTED:OP3,0,2,3,-1,18,0.19999998807907104,1,0,1,11.0,9.664983961317274,-1.2000000476837158,0.0,0.005922824144363403,0.0,0.0,0.0,-0.019999999552965164,-0.2645604908466339
963,17984,1,200,1,OP3,FIXED_OPPONENT,train,SCRIPTED:OP3,0,2,3,-1,18,0.2800000011920929,1,0,5,11.0,10.064282735188803,-1.2000000476837158,0.10000002384185791,-0.004860028624534607,0.019999999552965164,0.0,0.0,0.0,-0.2394355982542038
964,17984,1,200,3,OP3,FIXED_OPPONENT,train,SCRIPTED:OP3,0,2,3,-1,19,0.2800000011920929,1,0,0,11.0,11.734305933902139,-1.2000000476837158,-0.5,-0.006077557802200317,0.019999999552965164,-1.0,-100.0,0.0,-0.5368735194206238
965,18008,1,203,0,OP3,FIXED_OPPONENT,train,SCRIPTED:OP3,0,2,3,-1,18,0.2800000011920929,1,0,3,11.0,9.627725389268663,-1.2000000476837158,-0.4000000059604645,0.0022867172956466675,0.019999999552965164,-1.0,-100.0,0.0,-0.520759642124176
966,18016,1,204,2,OP3,FIXED_OPPONENT,train,SCRIPTED:OP3,1,3,1,2,19,0.35999998450279236,1,0,1,13.0,9.457589400442023,1.5,0.5,-0.025974005460739136,0.02499999850988388,1.0,100.0,0.0,0.5827714800834656
967,18040,1,207,2,OP3,FIXED_OPPONENT,train,SCRIPTED:OP3,0,2,3,-1,18,0.3199999928474426,1,0,3,11.0,10.018532647026909,-1.2000000476837158,-0.4000000059604645,-0.007252231240272522,0.0,-1.0,-100.0,0.0,-0.521142303943634
968,18088,1,213,2,OP3,FIXED_OPPONENT,train,SCRIPTED:OP3,1,3,2,1,18,0.1599999964237213,1,0,3,13.0,10.704603407118055,1.5,0.4000000059604645,-0.010172232985496521,0.029999999329447746,1.0,100.0,-0.019999999552965164,0.5651395320892334
969,18112,1,216,3,OP3,FIXED_OPPONENT,train,SCRIPTED:OP3,1,3,2,1,17,0.2800000011920929,1,0,4,11.0,9.541780359604779,1.5,0.0,-0.010355144739151001,0.0,0.0,0.0,0.0,0.3213476538658142
970,18112,1,216,2,OP3,FIXED_OPPONENT,train,SCRIPTED:OP3,0,2,3,-1,19,0.2800000011920929,1,0,2,11.0,12.03432906301398,-1.2000000476837158,-0.5,-0.007455557584762573,0.0,-1.0,-100.0,-0.019999999552965164,-0.5402984619140625
971,18128,1,218,2,OP3,FIXED_OPPONENT,train,SCRIPTED:OP3,0,3,3,0,18,0.1599999964237213,1,0,1,11.0,12.01522488064236,-0.699999988079071,0.0,0.00831817090511322,0.0,0.0,0.0,0.0,-0.15416854619979858
972,18136,1,219,3,OP3,FIXED_OPPONENT,train,SCRIPTED:OP3,1,3,2,1,19,0.3199999928474426,1,0,3,12.0,8.804546958521792,1.5,0.5,-0.022170156240463257,0.029999999329447746,1.0,100.0,0.0,0.5828748941421509
973,18152,1,221,0,OP3,FIXED_OPPONENT,train,SCRIPTED:OP3,1,3,2,1,18,0.1599999964237213,1,0,4,11.0,9.95438724093967,1.5,0.4000000059604645,0.007622748613357544,0.029999999329447746,1.0,100.0,0.0,0.568371057510376
974,18168,1,223,0,OP3,FIXED_OPPONENT,train,SCRIPTED:OP3,1,3,2,1,19,0.19999998807907104,1,0,1,12.0,11.38625054610403,1.5,0.5,-0.02460581064224243,0.029999999329447746,1.0,100.0,0.0,0.5828462839126587
975,18192,1,226,1,OP3,FIXED_OPPONENT,train,SCRIPTED:OP3,1,3,2,1,19,0.2800000011920929,1,0,2,12.0,10.595386705900493,1.5,0.5,0.0044096410274505615,0.014999999664723873,1.0,100.0,-0.019999999552965164,0.5800694227218628
976,18248,1,233,0,OP3,FIXED_OPPONENT,train,SCRIPTED:OP3,1,3,2,1,15,0.19999998807907104,1,0,1,11.0,11.1274658203125,1.5,0.5,-0.01238974928855896,0.029999999329447746,1.0,100.0,-0.019999999552965164,0.5800482034683228
977,18248,1,233,0,OP3,FIXED_OPPONENT,train,SCRIPTED:OP3,0,2,3,-1,17,0.1599999964237213,1,0,0,11.0,11.715130974264707,-1.2000000476837158,0.0,-0.00602857768535614,0.0,0.0,0.0,0.0,-0.2606203258037567
978,18256,1,234,2,OP3,FIXED_OPPONENT,train,SCRIPTED:OP3,0,2,3,-1,21,0.2800000011920929,1,0,1,14.0,11.311894008091517,-1.2000000476837158,-0.5,0.01032082736492157,0.0,-1.0,-100.0,0.0,-0.536919116973877
979,18256,1,234,0,OP3,FIXED_OPPONENT,train,SCRIPTED:OP3,0,2,3,-1,18,0.19999998807907104,1,0,0,11.0,11.984690348307291,-1.2000000476837158,-0.5,0.01308402419090271,0.019999999552965164,-1.0,-100.0,-0.019999999552965164,-0.539788007736206
980,18288,1,238,2,OP3,FIXED_OPPONENT,train,SCRIPTED:OP3,0,2,3,-1,19,0.11999999731779099,1,0,3,14.0,11.21749556692023,-1.2000000476837158,0.0,0.0025641024112701416,0.0,0.0,0.0,0.0,-0.2604779303073883
981,18304,1,240,1,OP3,FIXED_OPPONENT,train,SCRIPTED:OP3,0,2,3,-1,17,0.19999998807907104,1,0,2,11.0,10.440887451171875,-1.2000000476837158,0.0,0.008716925978660583,0.0,0.0,0.0,0.0,-0.2603759765625
982,18320,1,242,3,OP3,FIXED_OPPONENT,train,SCRIPTED:OP3,1,3,2,1,21,0.2800000011920929,1,0,2,11.0,8.827428181966146,1.5,0.5,-0.027670562267303467,0.029999999329447746,1.0,100.0,0.0,0.5828102827072144
983,18336,1,244,2,OP3,FIXED_OPPONENT,train,SCRIPTED:OP3,0,3,3,0,18,0.1599999964237213,1,0,0,11.0,11.073613484700521,-0.699999988079071,0.0,-0.008871518075466156,0.0,0.0,0.0,-0.019999999552965164,-0.15880225598812103
984,18392,1,251,1,OP3,FIXED_OPPONENT,train,SCRIPTED:OP3,1,3,2,1,18,0.3199999928474426,1,0,2,11.0,10.643561469184029,1.5,0.5,-0.020081162452697754,0.02499999850988388,1.0,100.0,0.0,0.5828406810760498
985,18400,1,252,3,OP3,FIXED_OPPONENT,train,SCRIPTED:OP3,0,2,3,-1,18,0.19999998807907104,1,0,2,11.0,11.285018920898438,-1.2000000476837158,-0.4000000059604645,-0.010596856474876404,0.019999999552965164,-1.0,-100.0,0.0,-0.5209265947341919
986,18400,1,252,0,OP3,FIXED_OPPONENT,train,SCRIPTED:OP3,0,1,3,-2,18,0.19999998807907104,1,0,3,11.0,10.965906778971354,-1.2000000476837158,0.0,-0.007943406701087952,0.019999999552965164,0.0,0.0,0.0,-0.26032063364982605
987,18400,1,252,3,OP3,FIXED_OPPONENT,train,SCRIPTED:OP3,1,3,2,1,19,0.2800000011920929,1,0,5,12.0,10.405793842516447,1.5,0.4000000059604645,-0.0102987140417099,0.029999999329447746,1.0,100.0,0.0,0.5681554079055786
988,18416,1,254,3,OP3,FIXED_OPPONENT,train,SCRIPTED:OP3,1,3,2,1,16,0.23999999463558197,1,0,1,12.0,12.333874702453613,1.5,0.0,0.0062279850244522095,0.0,0.0,0.0,-0.03999999910593033,0.3136198818683624
989,18448,1,258,1,OP3,FIXED_OPPONENT,train,SCRIPTED:OP3,1,3,2,1,18,0.3199999928474426,1,0,2,11.0,10.741321987575954,1.5,0.4000000059604645,-0.005164630711078644,0.029999999329447746,1.0,100.0,-0.019999999552965164,0.5652000904083252
990,18456,1,259,1,OP3,FIXED_OPPONENT,train,SCRIPTED:OP3,1,3,1,2,17,0.23999999463558197,1,0,2,11.0,10.372119679170495,1.5,0.5,-0.020438894629478455,0.029999999329447746,1.0,100.0,0.0,0.5828951597213745
991,18496,1,264,3,OP3,FIXED_OPPONENT,train,SCRIPTED:OP3,0,2,3,-1,20,0.11999999731779099,1,0,1,12.0,10.952021026611328,-1.2000000476837158,-0.5,-0.004108920693397522,0.0,-1.0,-100.0,-0.019999999552965164,-0.5402563214302063
992,18520,1,267,3,OP3,FIXED_OPPONENT,train,SCRIPTED:OP3,1,3,2,1,15,0.1599999964237213,1,0,0,11.0,11.791408284505208,1.5,0.4000000059604645,-0.007935993373394012,0.029999999329447746,1.0,100.0,0.0,0.5681837797164917
993,18544,1,270,0,OP3,FIXED_OPPONENT,train,SCRIPTED:OP3,0,2,3,-1,19,0.2800000011920929,1,0,4,12.0,9.253351311934622,-1.2000000476837158,-0.5,0.00034512579441070557,0.019999999552965164,-1.0,-100.0,0.0,-0.5367922186851501
994,18552,1,271,1,OP3,FIXED_OPPONENT,train,SCRIPTED:OP3,0,2,3,-1,19,0.23999999463558197,1,0,1,12.0,10.504935816714639,-1.2000000476837158,-0.5,-0.007093742489814758,0.019999999552965164,-1.0,-100.0,0.0,-0.5368863344192505
995,18552,1,271,3,OP3,FIXED_OPPONENT,train,SCRIPTED:OP3,0,2,3,-1,19,0.19999998807907104,1,0,2,12.0,11.669283415141859,-1.2000000476837158,-0.4000000059604645,-0.007899045944213867,0.019999999552965164,-1.0,-100.0,0.0,-0.5208916068077087
996,18560,1,272,3,OP3,FIXED_OPPONENT,train,SCRIPTED:OP3,0,3,3,0,18,0.23999999463558197,1,0,2,11.0,10.06791263156467,-0.699999988079071,0.0,-0.005353271961212158,0.0,0.0,0.0,-0.019999999552965164,-0.1587412804365158
997,18584,1,275,0,OP3,FIXED_OPPONENT,train,SCRIPTED:OP3,1,3,2,1,17,0.19999998807907104,1,0,1,11.0,10.070607802447151,1.5,0.5,0.024070262908935547,0.014999999664723873,1.0,100.0,0.0,0.5832414627075195
998,18616,1,279,3,OP3,FIXED_OPPONENT,train,SCRIPTED:OP3,0,2,3,-1,20,0.11999999731779099,1,0,2,13.0,10.228678894042968,-1.2000000476837158,-0.4000000059604645,-0.007822245359420776,0.019999999552965164,-1.0,-100.0,-0.019999999552965164,-0.5241217017173767
999,18632,1,281,0,OP3,FIXED_OPPONENT,train,SCRIPTED:OP3,0,2,3,-1,17,0.19999998807907104,1,0,0,13.0,11.28581148035386,-1.2000000476837158,-0.5,0.004372686147689819,0.019999999552965164,-1.0,-100.0,-0.019999999552965164,-0.5398976802825928
1000,18688,1,288,0,OP3,FIXED_OPPONENT,train,SCRIPTED:OP3,1,3,2,1,21,0.23999999463558197,1,0,3,11.0,10.668114798409599,1.5,0.5,-0.012014061212539673,0.02499999850988388,1.0,100.0,0.0,0.5829353332519531
1001,18696,1,289,2,OP3,FIXED_OPPONENT,train,SCRIPTED:OP3,1,3,2,1,18,0.2800000011920929,1,0,2,12.0,9.415423075358072,1.5,0.5,0.005085945129394531,0.014999999664723873,1.0,100.0,0.0,0.5830186605453491
1002,18704,1,290,1,OP3,FIXED_OPPONENT,train,SCRIPTED:OP3,0,2,3,-1,20,0.23999999463558197,1,0,10,13.0,9.863362121582032,-1.2000000476837158,-0.5,0.015156760811805725,0.019999999552965164,-1.0,-100.0,-0.019999999552965164,-0.5397618412971497
1003,18712,1,291,2,OP3,FIXED_OPPONENT,train,SCRIPTED:OP3,1,3,2,1,20,0.23999999463558197,1,0,5,13.0,9.509109497070312,1.5,0.5,0.00412692129611969,0.014999999664723873,1.0,100.0,-0.019999999552965164,0.5800660848617554
1004,18720,1,292,0,OP3,FIXED_OPPONENT,train,SCRIPTED:OP3,0,2,3,-1,20,0.1599999964237213,1,0,0,13.0,12.626866149902344,-1.2000000476837158,-0.5,0.0037589073181152344,0.019999999552965164,-2.0,-200.0,0.0,-0.6760483384132385
1005,18736,1,294,0,OP3,FIXED_OPPONENT,train,SCRIPTED:OP3,1,3,2,1,19,0.23999999463558197,1,0,5,12.0,9.5054787083676,1.5,0.5,-0.028403088450431824,0.029999999329447746,1.0,100.0,0.0,0.5828016996383667
1006,18768,1,298,0,OP3,FIXED_OPPONENT,train,SCRIPTED:OP3,0,2,3,-1,17,0.23999999463558197,1,0,2,12.0,10.170947804170495,-1.2000000476837158,-0.4000000059604645,0.0028001368045806885,0.0,-1.0,-100.0,0.0,-0.5210121273994446
1007,18768,1,298,0,OP3,FIXED_OPPONENT,train,SCRIPTED:OP3,1,3,2,1,19,0.19999998807907104,1,0,1,11.0,11.264589811626234,1.5,0.5,-0.0029296875,0.029999999329447746,1.0,100.0,-0.019999999552965164,0.5801597833633423
1008,18840,1,307,1,OP3,FIXED_OPPONENT,train,SCRIPTED:OP3,1,3,2,1,19,0.2800000011920929,1,0,4,12.0,10.866280003597861,1.5,0.5,0.035326987504959106,0.029999999329447746,1.0,100.0,0.0,0.5835493803024292
1009,18848,1,308,1,OP3,FIXED_OPPONENT,train,SCRIPTED:OP3,0,2,3,-1,19,0.2800000011920929,1,0,4,12.0,10.678058021946958,-1.2000000476837158,-0.5,0.0042388588190078735,0.019999999552965164,-1.0,-100.0,-0.019999999552965164,-0.5398993492126465
1010,18856,1,309,1,OP3,FIXED_OPPONENT,train,SCRIPTED:OP3,0,2,3,-1,19,0.3199999928474426,1,0,1,12.0,11.262804533305921,-1.2000000476837158,-0.5,0.00269414484500885,0.019999999552965164,-1.0,-100.0,0.0,-0.5367624759674072
1011,18856,1,309,2,OP3,FIXED_OPPONENT,train,SCRIPTED:OP3,1,3,1,2,15,0.11999999731779099,1,0,0,11.0,12.074142456054688,1.5,0.4000000059604645,-0.0005173534154891968,0.029999999329447746,1.0,100.0,-0.019999999552965164,0.5652563571929932
1012,18872,1,311,0,OP3,FIXED_OPPONENT,train,SCRIPTED:OP3,1,3,2,1,20,0.1599999964237213,1,0,4,13.0,9.759233856201172,1.5,0.5,0.01987069845199585,0.029999999329447746,1.0,100.0,0.0,0.5833681225776672
1013,18872,1,311,1,OP3,FIXED_OPPONENT,train,SCRIPTED:OP3,0,2,3,-1,19,0.1599999964237213,1,0,2,12.0,10.49421611585115,-1.2000000476837158,-0.5,0.01572549343109131,0.0,-1.0,-100.0,0.0,-0.53685063123703
1014,18936,1,319,0,OP3,FIXED_OPPONENT,train,SCRIPTED:OP3,0,2,3,-1,21,0.23999999463558197,1,0,3,14.0,10.127405802408854,-1.2000000476837158,-0.5,0.008523061871528625,0.019999999552965164,-1.0,-100.0,0.0,-0.5366886854171753
1015,18944,1,320,1,OP3,FIXED_OPPONENT,train,SCRIPTED:OP3,0,2,3,-1,22,0.3199999928474426,1,0,5,12.0,8.749644886363637,-1.2000000476837158,-0.5,0.010922878980636597,0.019999999552965164,-1.0,-100.0,-0.019999999552965164,-0.5398151874542236
1016,18976,1,324,0,OP3,FIXED_OPPONENT,train,SCRIPTED:OP3,0,2,3,-1,17,0.1599999964237213,1,0,0,12.0,11.479732737821692,-1.2000000476837158,-0.5,0.010869249701499939,0.019999999552965164,-1.0,-100.0,-0.03999999910593033,-0.5429575443267822
1017,19000,1,327,0,OP3,FIXED_OPPONENT,train,SCRIPTED:OP3,0,3,3,0,18,0.23999999463558197,1,0,1,11.0,9.98558129204644,-0.699999988079071,0.0,-0.00550408661365509,0.0,0.0,0.0,-0.019999999552965164,-0.15874388813972473
1018,19000,1,327,0,OP3,FIXED_OPPONENT,train,SCRIPTED:OP3,1,3,2,1,16,0.1599999964237213,1,0,1,12.0,12.058601379394531,1.5,0.5,-0.003959402441978455,0.029999999329447746,1.0,100.0,0.0,0.5830885767936707
1019,19000,1,327,2,OP3,FIXED_OPPONENT,train,SCRIPTED:OP3,0,2,3,-1,19,0.07999999821186066,1,0,1,12.0,11.928167242752878,-1.2000000476837158,-0.5,0.008632153272628784,0.019999999552965164,-1.0,-100.0,0.0,-0.5366873741149902
1020,19000,1,327,3,OP3,FIXED_OPPONENT,train,SCRIPTED:OP3,0,2,3,-1,18,0.2800000011920929,1,0,0,11.0,10.706790500217014,-1.2000000476837158,-0.5,0.004427552223205566,0.0,-1.0,-100.0,0.0,-0.536993682384491
1021,19024,1,330,3,OP3,FIXED_OPPONENT,train,SCRIPTED:OP3,1,3,2,1,19,0.3199999928474426,1,0,0,12.0,11.538196764494243,1.5,0.4000000059604645,-0.010071709752082825,0.014999999664723873,1.0,100.0,0.0,0.5679774284362793
1022,19080,1,337,1,OP3,FIXED_OPPONENT,train,SCRIPTED:OP3,1,3,2,1,18,0.23999999463558197,1,0,0,11.0,12.749140421549479,1.5,0.5,-0.023874253034591675,0.029999999329447746,1.0,100.0,0.0,0.5828548669815063
1023,19104,1,340,0,OP3,FIXED_OPPONENT,train,SCRIPTED:OP3,0,2,3,-1,20,0.23999999463558197,1,0,0,12.0,11.54939956665039,-1.2000000476837158,-0.5,0.013444721698760986,0.019999999552965164,-1.0,-100.0,-0.019999999552965164,-0.5397834181785583
1024,19120,1,342,1,OP3,FIXED_OPPONENT,train,SCRIPTED:OP3,0,2,3,-1,18,0.35999998450279236,1,0,3,11.0,9.94958750406901,-1.2000000476837158,-0.5,-0.004005879163742065,0.0,-1.0,-100.0,-0.019999999552965164,-0.5402550101280212
1025,19144,1,345,0,OP3,FIXED_OPPONENT,train,SCRIPTED:OP3,0,2,3,-1,18,0.19999998807907104,1,0,0,11.0,11.01985337999132,-1.2000000476837158,-0.5,0.014903485774993896,0.019999999552965164,-1.0,-100.0,-0.019999999552965164,-0.5397650003433228
1026,19144,1,345,2,OP3,FIXED_OPPONENT,train,SCRIPTED:OP3,1,3,2,1,18,0.1599999964237213,1,0,1,11.0,11.391487969292534,1.5,0.4000000059604645,0.006853267550468445,0.029999999329447746,1.0,100.0,0.0,0.5683618783950806
1027,19152,1,346,3,OP3,FIXED_OPPONENT,train,SCRIPTED:OP3,0,3,3,0,19,0.23999999463558197,1,0,3,12.0,10.72933638723273,-0.699999988079071,0.5,0.006769895553588867,0.0,1.0,100.0,0.0,0.17604491114616394
1028,19160,1,347,1,OP3,FIXED_OPPONENT,train,SCRIPTED:OP3,1,3,2,1,20,0.23999999463558197,1,0,3,13.0,8.778544616699218,1.5,0.5,0.0269995778799057,0.014999999664723873,1.0,100.0,-0.019999999552965164,0.580335795879364
1029,19160,1,347,3,OP3,FIXED_OPPONENT,train,SCRIPTED:OP3,1,3,2,1,17,0.23999999463558197,1,0,0,12.0,10.824796788832721,1.5,0.4000000059604645,0.007712572813034058,0.014999999664723873,1.0,100.0,0.0,0.5681915283203125
1030,19224,1,355,2,OP3,FIXED_OPPONENT,train,SCRIPTED:OP3,1,3,1,2,18,0.35999998450279236,1,0,1,11.0,10.306694878472221,1.5,0.5,-0.03004695475101471,0.029999999329447746,1.0,100.0,0.0,0.5827823877334595
1031,19264,1,360,2,OP3,FIXED_OPPONENT,train,SCRIPTED:OP3,0,2,3,-1,18,0.23999999463558197,1,0,2,11.0,10.871569315592447,-1.2000000476837158,-0.4000000059604645,-0.01052825152873993,0.0,-1.0,-100.0,0.0,-0.5211847424507141
1032,19264,1,360,3,OP3,FIXED_OPPONENT,train,SCRIPTED:OP3,0,2,3,-1,20,0.19999998807907104,1,0,1,13.0,10.482269287109375,-1.2000000476837158,-0.5,0.015158936381340027,0.019999999552965164,-1.0,-100.0,0.0,-0.5366047620773315
1033,19288,1,363,3,OP3,FIXED_OPPONENT,train,SCRIPTED:OP3,0,2,3,-1,18,0.23999999463558197,1,0,4,11.0,9.139121161566841,-1.2000000476837158,-0.5,-0.006963267922401428,0.019999999552965164,-1.0,-100.0,0.0,-0.5368846654891968
1034,19288,1,363,3,OP3,FIXED_OPPONENT,train,SCRIPTED:OP3,1,3,2,1,18,0.3199999928474426,1,0,3,11.0,9.959637112087673,1.5,0.0,-0.010109707713127136,0.0,0.0,0.0,0.0,0.321351557970047
1035,19304,1,365,2,OP3,FIXED_OPPONENT,train,SCRIPTED:OP3,1,3,2,1,18,0.19999998807907104,1,0,3,11.0,9.830101013183594,1.5,0.8999999761581421,0.001933172345161438,0.029999999329447746,2.0,200.0,0.0,0.752348780632019
1036,19304,1,365,0,OP3,FIXED_OPPONENT,train,SCRIPTED:OP3,1,3,2,1,19,0.1599999964237213,1,0,4,11.0,10.489763761821546,1.5,0.5,-0.010425269603729248,0.029999999329447746,1.0,100.0,0.0,0.5830127000808716
1037,19304,1,365,2,OP3,FIXED_OPPONENT,train,SCRIPTED:OP3,1,3,2,1,18,0.1599999964237213,1,0,3,11.0,11.243520100911459,1.5,0.5,-0.010593995451927185,0.029999999329447746,1.0,100.0,-0.019999999552965164,0.580069363117218
1038,19368,1,373,1,OP3,FIXED_OPPONENT,train,SCRIPTED:OP3,1,3,2,1,18,0.11999999731779099,1,0,0,11.0,12.150054931640625,1.5,0.4000000059604645,0.00901583582162857,0.029999999329447746,1.0,100.0,0.0,0.5683878660202026
1039,19416,1,379,1,OP3,FIXED_OPPONENT,train,SCRIPTED:OP3,0,2,3,-1,19,0.23999999463558197,1,0,2,12.0,10.248160914370889,-1.2000000476837158,-0.5,-0.0008535087108612061,0.019999999552965164,-1.0,-100.0,-0.03999999910593033,-0.5431045293807983
1040,19424,1,380,3,OP3,FIXED_OPPONENT,train,SCRIPTED:OP3,1,3,2,1,20,0.1599999964237213,1,0,3,13.0,10.315254974365235,1.5,0.5,-0.032848164439201355,0.029999999329447746,1.0,100.0,-0.019999999552965164,0.5798068046569824
1041,19432,1,381,0,OP3,FIXED_OPPONENT,train,SCRIPTED:OP3,0,3,3,0,18,0.19999998807907104,1,0,0,11.0,11.773842705620659,-0.699999988079071,0.0,0.008527830243110657,0.0,0.0,0.0,0.0,-0.1541648954153061
1042,19432,1,381,3,OP3,FIXED_OPPONENT,train,SCRIPTED:OP3,1,3,2,1,18,0.19999998807907104,1,0,0,11.0,10.577178107367622,1.5,0.5,-0.02740764617919922,0.014999999664723873,1.0,100.0,0.0,0.5826371908187866
1043,19448,1,383,1,OP3,FIXED_OPPONENT,train,SCRIPTED:OP3,1,3,2,1,18,0.3999999761581421,1,0,1,11.0,9.38303714328342,1.5,0.0,-0.009726956486701965,0.0,0.0,0.0,0.0,0.3213576376438141
1044,19456,1,384,1,OP3,FIXED_OPPONENT,train,SCRIPTED:OP3,1,3,2,1,19,0.23999999463558197,1,0,3,12.0,10.422807392321134,1.5,0.5,-0.02706579864025116,0.029999999329447746,1.0,100.0,0.0,0.5828173756599426
1045,19456,1,384,0,OP3,FIXED_OPPONENT,train,SCRIPTED:OP3,1,3,2,1,19,0.2800000011920929,1,0,0,12.0,11.158151726973685,1.5,0.5,-0.02947227656841278,0.014999999664723873,1.0,100.0,0.0,0.5826129913330078
1046,19504,1,390,1,OP3,FIXED_OPPONENT,train,SCRIPTED:OP3,0,2,3,-1,17,0.19999998807907104,1,0,0,12.0,11.576081219841452,-1.2000000476837158,-0.5,0.008119016885757446,0.019999999552965164,-1.0,-100.0,0.0,-0.536693811416626
1047,19552,1,396,2,OP3,FIXED_OPPONENT,train,SCRIPTED:OP3,1,3,1,2,15,0.23999999463558197,1,0,1,11.0,10.725974527994792,1.5,0.4000000059604645,0.007052510976791382,0.014999999664723873,1.0,100.0,0.0,0.5681836605072021
1048,19560,1,397,3,OP3,FIXED_OPPONENT,train,SCRIPTED:OP3,1,3,2,1,18,0.2800000011920929,1,0,2,11.0,10.372801886664497,1.5,0.4000000059604645,-0.00022171437740325928,0.029999999329447746,1.0,100.0,0.0,0.5682767033576965
1049,19576,1,399,0,OP3,FIXED_OPPONENT,train,SCRIPTED:OP3,0,2,3,-1,19,0.19999998807907104,1,0,2,13.0,10.663734034488076,-1.2000000476837158,-0.5,0.009947434067726135,0.019999999552965164,-1.0,-100.0,0.0,-0.5366706848144531
1050,19584,1,400,0,OP3,FIXED_OPPONENT,train,SCRIPTED:OP3,0,2,3,-1,19,0.11999999731779099,1,0,3,11.0,11.61094103361431,-1.2000000476837158,0.0,0.005530625581741333,0.019999999552965164,0.0,0.0,0.0,-0.26009732484817505
1051,19592,1,401,1,OP3,FIXED_OPPONENT,train,SCRIPTED:OP3,0,2,3,-1,18,0.23999999463558197,1,0,1,11.0,8.746341281467014,-1.2000000476837158,-0.5,-0.002239033579826355,0.0,-1.0,-100.0,0.0,-0.5370779037475586
1052,19600,1,402,2,OP3,FIXED_OPPONENT,train,SCRIPTED:OP3,1,3,2,1,18,0.19999998807907104,1,0,1,11.0,11.674214680989584,1.5,0.5,0.01612842082977295,0.029999999329447746,1.0,100.0,-0.019999999552965164,0.5803844928741455
1053,19608,1,403,3,OP3,FIXED_OPPONENT,train,SCRIPTED:OP3,1,3,2,1,19,0.07999999821186066,1,0,5,11.0,8.818427638003701,1.5,0.5,-0.026603087782859802,0.029999999329447746,1.0,100.0,0.0,0.582822859287262
1054,19656,1,409,3,OP3,FIXED_OPPONENT,train,SCRIPTED:OP3,1,3,2,1,19,0.19999998807907104,1,0,2,12.0,10.10420146741365,1.5,0.4000000059604645,0.005516067147254944,0.014999999664723873,1.0,100.0,0.0,0.5681651830673218
1055,19688,1,413,0,OP3,FIXED_OPPONENT,train,SCRIPTED:OP3,0,3,3,0,17,0.11999999731779099,1,0,6,11.0,9.448611988740808,-0.699999988079071,0.0,-0.014261528849601746,0.0,0.0,0.0,-0.019999999552965164,-0.15889564156532288
1056,19704,1,415,3,OP3,FIXED_OPPONENT,train,SCRIPTED:OP3,1,3,2,1,18,0.3199999928474426,1,0,1,11.0,10.416180928548178,1.5,0.5,-0.005664616823196411,0.014999999664723873,1.0,100.0,0.0,0.5828925371170044
1057,19720,1,417,3,OP3,FIXED_OPPONENT,train,SCRIPTED:OP3,1,3,1,2,16,0.11999999731779099,1,0,5,11.0,8.840810775756836,1.5,0.5,-0.03396977484226227,0.029999999329447746,1.0,100.0,-0.019999999552965164,0.5797935724258423
1058,19728,1,418,3,OP3,FIXED_OPPONENT,train,SCRIPTED:OP3,1,3,2,1,18,0.2800000011920929,1,0,0,11.0,9.929844326443142,1.5,0.5,-0.030157148838043213,0.029999999329447746,1.0,100.0,0.0,0.5827811360359192
1059,19728,1,418,0,OP3,FIXED_OPPONENT,train,SCRIPTED:OP3,1,3,2,1,19,0.19999998807907104,1,0,0,12.0,10.79133525647615,1.5,0.5,0.005939602851867676,0.029999999329447746,1.0,100.0,0.0,0.5832047462463379
1060,19752,1,421,0,OP3,FIXED_OPPONENT,train,SCRIPTED:OP3,1,3,2,1,19,0.19999998807907104,1,0,5,12.0,10.043386358963815,1.5,0.5,-0.019802525639533997,0.029999999329447746,1.0,100.0,0.0,0.5829026699066162
1061,19760,1,422,3,OP3,FIXED_OPPONENT,train,SCRIPTED:OP3,1,3,1,2,19,0.35999998450279236,1,0,0,13.0,10.956309268349095,1.5,0.5,0.00026476383209228516,0.014999999664723873,1.0,100.0,-0.019999999552965164,0.580020546913147
1062,19800,1,427,3,OP3,FIXED_OPPONENT,train,SCRIPTED:OP3,1,3,2,1,18,0.19999998807907104,1,0,1,11.0,11.129099527994791,1.5,0.5,-0.011027202010154724,0.029999999329447746,1.0,100.0,0.0,0.5830056071281433
1063,19840,1,432,2,OP3,FIXED_OPPONENT,train,SCRIPTED:OP3,1,3,2,1,19,0.1599999964237213,1,0,0,12.0,11.20744404039885,1.5,0.5,-0.00045302510261535645,0.029999999329447746,1.0,100.0,0.0,0.5831296443939209
1064,19856,1,434,3,OP3,FIXED_OPPONENT,train,SCRIPTED:OP3,1,3,1,2,16,0.1599999964237213,1,0,0,12.0,11.77505111694336,1.5,0.5,-0.004434153437614441,0.029999999329447746,1.0,100.0,0.0,0.5830830335617065
1065,19864,1,435,2,OP3,FIXED_OPPONENT,train,SCRIPTED:OP3,0,2,3,-1,18,0.2800000011920929,0,1,1,11.0,11.48112063937717,-1.2000000476837158,0.0,-0.004819005727767944,0.019999999552965164,0.0,0.0,0.0,-0.2602688670158386
1066,19864,1,435,2,OP3,FIXED_OPPONENT,train,SCRIPTED:OP3,0,2,3,-1,17,0.19999998807907104,1,0,2,12.0,10.377377678366269,-1.2000000476837158,0.0,-0.00475938618183136,0.0,0.0,0.0,0.0,-0.2605993151664734
1067,19872,1,436,2,OP3,FIXED_OPPONENT,train,SCRIPTED:OP3,1,3,2,1,21,0.2800000011920929,1,0,4,14.0,10.926156180245536,1.5,0.5,-0.02386970818042755,0.029999999329447746,1.0,100.0,0.0,0.5828548669815063
1068,19904,1,440,0,OP3,FIXED_OPPONENT,train,SCRIPTED:OP3,1,3,2,1,19,0.23999999463558197,1,0,0,14.0,10.816455238743833,1.5,0.5,-0.0006740838289260864,0.029999999329447746,1.0,100.0,0.0,0.5831271409988403
1069,19912,1,441,2,OP3,FIXED_OPPONENT,train,SCRIPTED:OP3,1,3,2,1,19,0.2800000011920929,1,0,1,12.0,10.530200355931333,1.5,0.5,1.551210880279541e-05,0.014999999664723873,1.0,100.0,-0.019999999552965164,0.5800175666809082
1070,19944,1,445,2,OP3,FIXED_OPPONENT,train,SCRIPTED:OP3,1,3,2,1,18,0.23999999463558197,1,0,1,11.0,9.111626519097221,1.5,0.5,-0.0221758633852005,0.014999999664723873,1.0,100.0,0.0,0.5826987028121948
1071,19992,1,451,3,OP3,FIXED_OPPONENT,train,SCRIPTED:OP3,1,3,2,1,19,0.23999999463558197,1,0,4,12.0,9.79668546977796,1.5,1.0,-0.03641657531261444,0.029999999329447746,2.0,200.0,0.0,0.76154625415802
1072,20000,1,452,3,OP3,FIXED_OPPONENT,train,SCRIPTED:OP3,0,3,3,0,18,0.1599999964237213,1,0,1,11.0,11.627295600043404,-0.699999988079071,0.0,-0.0007684975862503052,0.0,0.0,0.0,-0.019999999552965164,-0.15866181254386902
1073,20008,1,453,2,OP3,FIXED_OPPONENT,train,SCRIPTED:OP3,0,2,3,-1,18,0.23999999463558197,1,0,1,11.0,10.332127888997396,-1.2000000476837158,-0.4000000059604645,-0.007268652319908142,0.0,-1.0,-100.0,0.0,-0.5211425423622131
1074,20016,1,454,0,OP3,FIXED_OPPONENT,train,SCRIPTED:OP3,0,2,3,-1,19,0.3199999928474426,1,0,0,12.0,11.262683266087583,-1.2000000476837158,-0.5,0.00927405059337616,0.0,-1.0,-100.0,-0.019999999552965164,-0.5400878190994263
1075,20024,1,455,3,OP3,FIXED_OPPONENT,train,SCRIPTED:OP3,0,3,3,0,19,0.3199999928474426,1,0,2,12.0,9.78280318410773,-0.699999988079071,0.0,-0.008001819252967834,0.0,0.0,0.0,-0.019999999552965164,-0.15878719091415405
1076,20056,1,459,1,OP3,FIXED_OPPONENT,train,SCRIPTED:OP3,1,3,2,1,19,0.23999999463558197,0,1,3,12.0,10.442724127518503,1.5,1.0,-0.006756141781806946,0.029999999329447746,2.0,200.0,0.0,0.7617676854133606
1077,20064,1,460,2,OP3,FIXED_OPPONENT,train,SCRIPTED:OP3,1,3,2,1,19,0.19999998807907104,1,0,5,13.0,10.070580733449836,1.5,0.5,0.002858877182006836,0.029999999329447746,1.0,100.0,0.0,0.583168625831604
1078,20112,1,466,1,OP3,FIXED_OPPONENT,train,SCRIPTED:OP3,1,3,2,1,21,0.2800000011920929,1,0,2,13.0,10.06212652297247,1.5,0.5,-0.02914099395275116,0.014999999664723873,1.0,100.0,0.0,0.582616925239563
1079,20136,1,469,3,OP3,FIXED_OPPONENT,train,SCRIPTED:OP3,1,3,2,1,18,0.2800000011920929,1,0,2,11.0,10.236596849229601,1.5,0.699999988079071,0.014778107404708862,0.029999999329447746,1.0,100.0,0.0,0.6118714809417725
1080,20144,1,470,1,OP3,FIXED_OPPONENT,train,SCRIPTED:OP3,0,3,3,0,18,0.23999999463558197,1,0,1,11.0,11.17863040500217,-0.699999988079071,0.0,-0.008417576551437378,0.0,0.0,0.0,0.0,-0.15445898473262787
1081,20160,1,472,0,OP3,FIXED_OPPONENT,train,SCRIPTED:OP3,0,2,3,-1,18,0.19999998807907104,1,0,2,12.0,10.261621263292101,-1.2000000476837158,-0.5,0.010191559791564941,0.019999999552965164,-1.0,-100.0,0.0,-0.5366675853729248
1082,20160,1,472,1,OP3,FIXED_OPPONENT,train,SCRIPTED:OP3,1,3,2,1,19,0.3999999761581421,1,0,8,12.0,9.645633095189146,1.5,0.5,-0.018229782581329346,0.029999999329447746,1.0,100.0,-0.019999999552965164,0.5799793004989624
1083,20184,1,475,1,OP3,FIXED_OPPONENT,train,SCRIPTED:OP3,0,2,3,-1,20,0.35999998450279236,1,0,3,12.0,9.44060821533203,-1.2000000476837158,-0.5,-0.008425816893577576,0.0,-1.0,-100.0,-0.019999999552965164,-0.5403106212615967
1084,20200,1,477,2,OP3,FIXED_OPPONENT,train,SCRIPTED:OP3,0,2,3,-1,18,0.2800000011920929,1,0,1,11.0,11.642523023817274,-1.2000000476837158,-0.5,-0.005421862006187439,0.0,-1.0,-100.0,0.0,-0.537118136882782
1085,20224,1,480,3,OP3,FIXED_OPPONENT,train,SCRIPTED:OP3,1,3,2,1,20,0.1599999964237213,1,0,2,13.0,10.516834259033203,1.5,0.5,-0.026657119393348694,0.029999999329447746,1.0,100.0,-0.019999999552965164,0.579879879951477
1086,20264,1,485,3,OP3,FIXED_OPPONENT,train,SCRIPTED:OP3,1,3,2,1,19,0.19999998807907104,1,0,3,12.0,10.380503604286595,1.5,0.5,-0.018604621291160583,0.029999999329447746,1.0,100.0,0.0,0.5829167366027832
1087,20280,1,487,3,OP3,FIXED_OPPONENT,train,SCRIPTED:OP3,1,3,2,1,17,0.2800000011920929,1,0,1,11.0,10.887453864602481,1.5,0.5,-0.022591620683670044,0.029999999329447746,1.0,100.0,0.0,0.5828699469566345
1088,20288,1,488,0,OP3,FIXED_OPPONENT,train,SCRIPTED:OP3,1,3,2,1,19,0.2800000011920929,1,0,0,12.0,10.35151511744449,1.5,0.5,0.013146191835403442,0.029999999329447746,1.0,100.0,-0.019999999552965164,0.580349326133728
1089,20328,1,493,2,OP3,FIXED_OPPONENT,train,SCRIPTED:OP3,0,2,3,-1,18,0.2800000011920929,1,0,1,11.0,10.11694081624349,-1.2000000476837158,-0.4000000059604645,-0.0009265691041946411,0.0,-1.0,-100.0,0.0,-0.5210604071617126
1090,20328,1,493,3,OP3,FIXED_OPPONENT,train,SCRIPTED:OP3,0,2,3,-1,21,0.2800000011920929,1,0,1,13.0,11.950062343052455,-1.2000000476837158,-0.5,0.012454122304916382,0.0,-1.0,-100.0,-0.019999999552965164,-0.540047824382782
1091,20328,1,493,1,OP3,FIXED_OPPONENT,train,SCRIPTED:OP3,1,3,2,1,21,0.3199999928474426,1,0,5,12.0,9.570818219866071,1.5,0.5,-0.02704980969429016,0.014999999664723873,1.0,100.0,0.0,0.5826414823532104
1092,20352,1,496,2,OP3,FIXED_OPPONENT,train,SCRIPTED:OP3,1,3,2,1,19,0.1599999964237213,1,0,2,12.0,11.867495888157896,1.5,0.5,-0.005434483289718628,0.014999999664723873,1.0,100.0,0.0,0.5828952193260193
1093,20376,1,499,3,OP3,FIXED_OPPONENT,train,SCRIPTED:OP3,1,3,2,1,19,0.35999998450279236,1,0,1,12.0,10.449725502415708,1.5,0.5,-0.017254486680030823,0.029999999329447746,1.0,100.0,0.0,0.5829325914382935
1094,20432,1,506,0,OP3,FIXED_OPPONENT,train,SCRIPTED:OP3,0,2,3,-1,19,0.2800000011920929,1,0,4,12.0,9.475955360814146,-1.2000000476837158,-0.5,-0.0002646446228027344,0.019999999552965164,-1.0,-100.0,-0.019999999552965164,-0.5399560928344727
1095,20432,1,506,2,OP3,FIXED_OPPONENT,train,SCRIPTED:OP3,0,3,3,0,21,0.3199999928474426,0,1,9,14.0,9.436006091889881,-0.699999988079071,0.5,0.006088972091674805,0.0,1.0,100.0,0.0,0.17603318393230438
1096,20432,1,506,2,OP3,FIXED_OPPONENT,train,SCRIPTED:OP3,0,2,3,-1,18,0.19999998807907104,1,0,0,11.0,11.348357306586372,-1.2000000476837158,-0.4000000059604645,0.004266873002052307,0.019999999552965164,-1.0,-100.0,0.0,-0.5207340121269226
1097,20456,1,509,1,OP3,FIXED_OPPONENT,train,SCRIPTED:OP3,1,3,1,2,16,0.35999998450279236,1,0,0,11.0,10.78211784362793,1.5,0.699999988079071,0.0024822205305099487,0.029999999329447746,1.0,100.0,-0.019999999552965164,0.6089457869529724
1098,20480,1,512,2,OP3,FIXED_OPPONENT,train,SCRIPTED:OP3,1,3,1,2,16,0.19999998807907104,1,0,2,12.0,11.36862564086914,1.5,0.0,0.00821995735168457,0.0,0.0,0.0,-0.019999999552965164,0.3176533877849579
1099,20480,1,512,0,OP3,FIXED_OPPONENT,train,SCRIPTED:OP3,0,2,3,-1,19,0.2800000011920929,1,0,3,12.0,9.733449032432155,-1.2000000476837158,-0.5,0.013783589005470276,0.0,-1.0,-100.0,0.0,-0.5368752479553223
1100,20496,1,514,1,OP3,FIXED_OPPONENT,train,SCRIPTED:OP3,1,3,2,1,21,0.35999998450279236,1,0,7,13.0,9.132712954566593,1.5,0.5,0.012827783823013306,0.02499999850988388,1.0,100.0,0.0,0.5832268595695496
1101,20544,1,520,1,OP3,FIXED_OPPONENT,train,SCRIPTED:OP3,0,2,3,-1,21,0.2800000011920929,1,0,7,14.0,9.298538208007812,-1.2000000476837158,-0.4000000059604645,-0.010479643940925598,0.0,-1.0,-100.0,-0.019999999552965164,-0.5244137644767761
1102,20584,1,525,1,OP3,FIXED_OPPONENT,train,SCRIPTED:OP3,1,3,2,1,19,0.19999998807907104,1,0,2,12.0,11.377896760639391,1.5,0.5,-0.01061759889125824,0.029999999329447746,1.0,100.0,0.0,0.5830104351043701
1103,20584,1,525,0,OP3,FIXED_OPPONENT,train,SCRIPTED:OP3,1,3,2,1,19,0.3199999928474426,1,0,0,11.0,11.72224988435444,1.5,0.5,0.0035697966814041138,0.014999999664723873,1.0,100.0,0.0,0.583000898361206
1104,20584,1,525,2,OP3,FIXED_OPPONENT,train,SCRIPTED:OP3,0,3,3,0,19,0.2800000011920929,1,0,1,12.0,11.22322564376028,-0.699999988079071,0.0,-0.010050848126411438,0.0,0.0,0.0,0.0,-0.15448732674121857
1105,20600,1,527,0,OP3,FIXED_OPPONENT,train,SCRIPTED:OP3,0,2,3,-1,18,0.3199999928474426,1,0,4,11.0,9.70314195421007,-1.2000000476837158,-0.4000000059604645,-0.008156120777130127,0.019999999552965164,-1.0,-100.0,0.0,-0.5208949446678162
1106,20624,1,530,0,OP3,FIXED_OPPONENT,train,SCRIPTED:OP3,1,3,2,1,18,0.23999999463558197,1,0,0,11.0,10.670062594943577,1.5,0.5,-0.00981082022190094,0.014999999664723873,1.0,100.0,0.0,0.5828438401222229
1107,20624,1,530,0,OP3,FIXED_OPPONENT,train,SCRIPTED:OP3,0,2,3,-1,18,0.1599999964237213,1,0,3,11.0,10.401377360026041,-1.2000000476837158,-0.5,0.008835002779960632,0.0,-1.0,-100.0,-0.019999999552965164,-0.5400933623313904
1108,20648,1,533,3,OP3,FIXED_OPPONENT,train,SCRIPTED:OP3,1,3,2,1,19,0.2800000011920929,1,0,3,12.0,9.286196256938734,1.5,0.5,-0.019912973046302795,0.029999999329447746,1.0,100.0,0.0,0.5829013586044312
1109,20704,1,540,0,OP3,FIXED_OPPONENT,train,SCRIPTED:OP3,0,3,3,0,20,0.2800000011920929,1,0,2,13.0,9.192427062988282,-0.699999988079071,0.0,-0.00943845510482788,0.0,0.0,0.0,0.0,-0.15447670221328735
1110,20712,1,541,0,OP3,FIXED_OPPONENT,train,SCRIPTED:OP3,1,3,1,2,16,0.23999999463558197,1,0,1,12.0,11.02280044555664,1.5,0.5,-0.002207741141319275,0.014999999664723873,1.0,100.0,-0.019999999552965164,0.579991340637207
1111,20736,1,544,2,OP3,FIXED_OPPONENT,train,SCRIPTED:OP3,0,2,3,-1,19,0.1599999964237213,1,0,0,11.0,11.111866198087993,-1.2000000476837158,-0.5,-0.007237181067466736,0.019999999552965164,-1.0,-100.0,0.0,-0.5368881821632385
1112,20736,1,544,0,OP3,FIXED_OPPONENT,train,SCRIPTED:OP3,1,3,2,1,19,0.3199999928474426,1,0,0,12.0,10.489097996761924,1.5,0.4000000059604645,-0.005332767963409424,0.014999999664723873,1.0,100.0,0.0,0.5680345296859741
1113,20744,1,545,0,OP3,FIXED_OPPONENT,train,SCRIPTED:OP3,1,3,1,2,18,0.19999998807907104,1,0,1,11.0,10.062894185384115,1.5,0.5,-0.02345818281173706,0.014999999664723873,1.0,100.0,0.0,0.5826836228370667
1114,20752,1,546,3,OP3,FIXED_OPPONENT,train,SCRIPTED:OP3,1,3,2,1,16,0.19999998807907104,1,0,2,11.0,11.912965774536133,1.5,0.4000000059604645,0.008869960904121399,0.029999999329447746,1.0,100.0,0.0,0.5683860778808594
1115,20768,1,548,2,OP3,FIXED_OPPONENT,train,SCRIPTED:OP3,1,3,2,1,18,0.23999999463558197,1,0,0,11.0,11.044822692871094,1.5,0.5,-0.005647584795951843,0.014999999664723873,1.0,100.0,0.0,0.5828927159309387
1116,20784,1,550,3,OP3,FIXED_OPPONENT,train,SCRIPTED:OP3,0,3,3,0,17,0.19999998807907104,1,0,2,11.0,10.98583356071921,-0.699999988079071,0.0,0.008281663060188293,0.0,0.0,0.0,0.0,-0.15416918694972992
1117,20832,1,556,1,OP3,FIXED_OPPONENT,train,SCRIPTED:OP3,1,3,2,1,16,0.2800000011920929,1,0,2,11.0,10.794401168823242,1.5,0.5,0.004295527935028076,0.029999999329447746,1.0,100.0,0.0,0.5831854343414307
1118,20872,1,561,2,OP3,FIXED_OPPONENT,train,SCRIPTED:OP3,1,3,2,1,17,0.23999999463558197,1,0,2,13.0,10.389480590820312,1.5,0.4000000059604645,-0.009930789470672607,0.029999999329447746,1.0,100.0,-0.019999999552965164,0.5651425123214722
1119,20888,1,563,3,OP3,FIXED_OPPONENT,train,SCRIPTED:OP3,1,3,2,1,22,0.3199999928474426,1,0,4,14.0,9.455913196910512,1.5,0.5,-0.015684232115745544,0.014999999664723873,1.0,100.0,0.0,0.5827748775482178
1120,20896,1,564,0,OP3,FIXED_OPPONENT,train,SCRIPTED:OP3,0,2,3,-1,20,0.19999998807907104,1,0,0,13.0,10.977297973632812,-1.2000000476837158,-0.5,-0.00016614794731140137,0.0,-1.0,-100.0,-0.019999999552965164,-0.5402066707611084
1121,20896,1,564,0,OP3,FIXED_OPPONENT,train,SCRIPTED:OP3,1,3,2,1,19,0.1599999964237213,1,0,2,12.0,10.695457056949014,1.5,0.5,0.011210650205612183,0.029999999329447746,1.0,100.0,-0.019999999552965164,0.5803265571594238
1122,20912,1,566,0,OP3,FIXED_OPPONENT,train,SCRIPTED:OP3,1,3,2,1,20,0.23999999463558197,1,0,6,13.0,9.523644256591798,1.5,0.5,0.0021864622831344604,0.014999999664723873,1.0,100.0,-0.019999999552965164,0.5800431966781616
1123,20928,1,568,2,OP3,FIXED_OPPONENT,train,SCRIPTED:OP3,0,3,3,0,20,0.19999998807907104,1,0,0,12.0,11.721039581298829,-0.699999988079071,0.0,0.0024861693382263184,0.0,0.0,0.0,-0.019999999552965164,-0.1586054265499115
1124,20944,1,570,3,OP3,FIXED_OPPONENT,train,SCRIPTED:OP3,1,3,2,1,20,0.2800000011920929,1,0,5,12.0,9.111892700195312,1.5,0.5,-0.0035043060779571533,0.014999999664723873,1.0,100.0,0.0,0.5829178094863892
1125,20984,1,575,0,OP3,FIXED_OPPONENT,train,SCRIPTED:OP3,1,3,2,1,19,0.35999998450279236,1,0,2,12.0,10.273063258120889,1.5,0.5,0.016181156039237976,0.014999999664723873,1.0,100.0,0.0,0.5831488966941833
1126,21024,1,580,1,OP3,FIXED_OPPONENT,train,SCRIPTED:OP3,1,3,2,1,19,0.19999998807907104,1,0,6,12.0,9.493844283254523,1.5,0.5,-0.024406105279922485,0.029999999329447746,1.0,100.0,0.0,0.5828486084938049
1127,21032,1,581,3,OP3,FIXED_OPPONENT,train,SCRIPTED:OP3,1,3,1,2,17,0.3199999928474426,1,0,0,12.0,10.522659301757812,1.5,0.5,-0.02509753406047821,0.014999999664723873,1.0,100.0,0.0,0.5826643705368042
1128,21032,1,581,1,OP3,FIXED_OPPONENT,train,SCRIPTED:OP3,0,2,3,-1,18,0.19999998807907104,1,0,4,11.0,10.213018629286024,-1.2000000476837158,-0.5,-0.0015018880367279053,0.019999999552965164,-1.0,-100.0,0.0,-0.5368156433105469
1129,21040,1,582,2,OP3,FIXED_OPPONENT,train,SCRIPTED:OP3,0,2,3,-1,18,0.1599999964237213,1,0,2,11.0,10.93189917670356,-1.2000000476837158,0.0,0.002803586423397064,0.0,0.0,0.0,0.0,-0.26047399640083313
1130,21048,1,583,1,OP3,FIXED_OPPONENT,train,SCRIPTED:OP3,0,2,3,-1,17,0.1599999964237213,1,0,2,11.0,9.742753870346966,-1.2000000476837158,-0.4000000059604645,-0.010208114981651306,0.019999999552965164,-1.0,-100.0,0.0,-0.520921528339386
1131,21064,1,585,0,OP3,FIXED_OPPONENT,train,SCRIPTED:OP3,1,3,2,1,17,0.19999998807907104,1,0,1,11.0,9.962346694048714,1.5,0.4000000059604645,-0.002553090453147888,0.014999999664723873,1.0,100.0,0.0,0.5680680274963379
1132,21072,1,586,0,OP3,FIXED_OPPONENT,train,SCRIPTED:OP3,0,2,3,-1,16,0.1599999964237213,1,0,0,12.0,10.807052612304688,-1.2000000476837158,0.0,-0.00959363579750061,0.0,0.0,0.0,0.0,-0.2606794238090515
1133,21128,1,593,0,OP3,FIXED_OPPONENT,train,SCRIPTED:OP3,0,3,3,0,18,0.1599999964237213,1,0,1,11.0,10.701210021972656,-0.699999988079071,0.0,0.00022815167903900146,0.0,0.0,0.0,0.0,-0.15430894494056702
1134,21176,1,599,1,OP3,FIXED_OPPONENT,train,SCRIPTED:OP3,0,3,3,0,19,0.23999999463558197,1,0,5,12.0,9.90713099429482,-0.699999988079071,0.0,0.007893502712249756,0.0,0.0,0.0,-0.019999999552965164,-0.1585117131471634
1135,21176,1,599,1,OP3,FIXED_OPPONENT,train,SCRIPTED:OP3,1,3,1,2,18,0.3199999928474426,1,0,1,11.0,10.302566528320312,1.5,0.5,-0.003018900752067566,0.02499999850988388,1.0,100.0,0.0,0.5830409526824951
1136,21192,1,601,3,OP3,FIXED_OPPONENT,train,SCRIPTED:OP3,0,2,3,-1,20,0.23999999463558197,1,0,0,13.0,11.369966888427735,-1.2000000476837158,-0.5,0.00787895917892456,0.019999999552965164,-1.0,-100.0,-0.019999999552965164,-0.539853572845459
1137,21192,1,601,3,OP3,FIXED_OPPONENT,train,SCRIPTED:OP3,1,3,2,1,19,0.2800000011920929,1,0,1,12.0,11.454181871916118,1.5,0.5,-0.034048087894916534,0.029999999329447746,1.0,100.0,0.0,0.5827354192733765
1138,21200,1,602,3,OP3,FIXED_OPPONENT,train,SCRIPTED:OP3,1,3,2,1,19,0.3199999928474426,1,0,1,11.0,9.541413156609787,1.5,0.5,-0.014274820685386658,0.014999999664723873,1.0,100.0,0.0,0.5827914476394653
1139,21208,1,603,3,OP3,FIXED_OPPONENT,train,SCRIPTED:OP3,0,3,3,0,18,0.19999998807907104,1,0,3,11.0,10.917064242892796,-0.699999988079071,0.0,0.00606941431760788,0.0,0.0,0.0,0.0,-0.15420757234096527
1140,21232,1,606,3,OP3,FIXED_OPPONENT,train,SCRIPTED:OP3,1,3,2,1,20,0.19999998807907104,1,0,8,13.0,9.658184051513672,1.5,0.5,0.0056031569838523865,0.014999999664723873,1.0,100.0,0.0,0.583024799823761
1141,21280,1,612,1,OP3,FIXED_OPPONENT,train,SCRIPTED:OP3,0,2,3,-1,19,0.2800000011920929,1,0,3,12.0,10.569714194849917,-1.2000000476837158,-0.5,-0.008977890014648438,0.019999999552965164,-1.0,-100.0,0.0,-0.5369101762771606
1142,21312,1,616,2,OP3,FIXED_OPPONENT,train,SCRIPTED:OP3,0,3,3,0,17,0.19999998807907104,1,0,0,11.0,11.529263664694394,-0.699999988079071,0.0,0.008393019437789917,0.0,0.0,0.0,-0.019999999552965164,-0.15850305557250977
1143,21320,1,617,1,OP3,FIXED_OPPONENT,train,SCRIPTED:OP3,1,3,2,1,15,0.23999999463558197,1,0,0,11.0,11.669840494791666,1.5,0.0,-0.009028613567352295,0.0,0.0,0.0,0.0,0.3213687837123871
1144,21328,1,618,3,OP3,FIXED_OPPONENT,train,SCRIPTED:OP3,1,3,2,1,19,0.3999999761581421,1,0,5,12.0,10.25423230622944,1.5,0.4000000059604645,-0.009575530886650085,0.029999999329447746,1.0,100.0,0.0,0.5681641101837158
1145,21336,1,619,2,OP3,FIXED_OPPONENT,train,SCRIPTED:OP3,0,2,3,-1,18,0.19999998807907104,1,0,3,11.0,9.899191962348091,-1.2000000476837158,-0.4000000059604645,-0.004759669303894043,0.019999999552965164,-1.0,-100.0,0.0,-0.5208509564399719
1146,21336,1,619,3,OP3,FIXED_OPPONENT,train,SCRIPTED:OP3,1,3,2,1,18,0.2800000011920929,1,0,0,11.0,10.912998623318142,1.5,0.5,-0.008828133344650269,0.029999999329447746,1.0,100.0,-0.019999999552965164,0.5800901651382446
1147,21360,1,622,2,OP3,FIXED_OPPONENT,train,SCRIPTED:OP3,1,3,2,1,19,0.23999999463558197,1,0,1,12.0,9.289772435238486,1.5,0.5,0.013425260782241821,0.02499999850988388,1.0,100.0,-0.03999999910593033,0.5773382782936096
1148,21376,1,624,3,OP3,FIXED_OPPONENT,train,SCRIPTED:OP3,0,2,3,-1,18,0.19999998807907104,1,0,0,11.0,11.204749213324654,-1.2000000476837158,-0.5,-0.0011034458875656128,0.019999999552965164,-1.0,-100.0,-0.019999999552965164,-0.5399667024612427
1149,21424,1,630,2,OP3,FIXED_OPPONENT,train,SCRIPTED:OP3,0,2,3,-1,18,0.1599999964237213,1,0,1,11.0,10.849206712510851,-1.2000000476837158,-0.5,0.002514973282814026,0.019999999552965164,-1.0,-100.0,0.0,-0.5367647409439087
1150,21432,1,631,3,OP3,FIXED_OPPONENT,train,SCRIPTED:OP3,1,3,1,2,15,0.23999999463558197,1,0,0,11.0,13.150677490234376,1.5,0.0,0.003802955150604248,0.0,0.0,0.0,0.0,0.32157331705093384
1151,21472,1,636,0,OP3,FIXED_OPPONENT,train,SCRIPTED:OP3,1,3,2,1,19,0.2800000011920929,1,0,1,12.0,11.275731136924342,1.5,0.5,-0.029236428439617157,0.029999999329447746,1.0,100.0,0.0,0.5827919244766235
1152,21480,1,637,1,OP3,FIXED_OPPONENT,train,SCRIPTED:OP3,0,3,3,0,18,0.3199999928474426,1,0,3,12.0,10.461142645941841,-0.699999988079071,0.0,-0.00954890251159668,0.0,0.0,0.0,0.0,-0.15447860956192017
1153,21480,1,637,2,OP3,FIXED_OPPONENT,train,SCRIPTED:OP3,1,3,2,1,18,0.35999998450279236,1,0,4,11.0,9.51310306125217,1.5,0.4000000059604645,-0.006632037460803986,0.029999999329447746,1.0,100.0,0.0,0.5681995153427124
1154,21480,1,637,2,OP3,FIXED_OPPONENT,train,SCRIPTED:OP3,1,3,2,1,19,0.23999999463558197,1,0,3,12.0,10.467784680818257,1.5,0.0,-0.009509101510047913,0.0,0.0,0.0,0.0,0.32136112451553345
1155,21504,1,640,0,OP3,FIXED_OPPONENT,train,SCRIPTED:OP3,1,3,2,1,18,0.23999999463558197,1,0,1,11.0,9.47072262234158,1.5,0.4000000059604645,-0.009461626410484314,0.014999999664723873,1.0,100.0,-0.019999999552965164,0.56496661901474
1156,21504,1,640,1,OP3,FIXED_OPPONENT,train,SCRIPTED:OP3,0,1,3,-2,16,0.1599999964237213,1,0,0,12.0,11.600674629211426,-1.2000000476837158,-0.5,0.002188652753829956,0.019999999552965164,-1.0,-100.0,-0.019999999552965164,-0.539925217628479
1157,21544,1,645,2,OP3,FIXED_OPPONENT,train,SCRIPTED:OP3,1,3,1,2,15,0.07999999821186066,1,0,2,11.0,10.156050618489584,1.5,0.5,0.012388169765472412,0.029999999329447746,1.0,100.0,0.0,0.5832803249359131
1158,21576,1,649,0,OP3,FIXED_OPPONENT,train,SCRIPTED:OP3,0,2,3,-1,18,0.23999999463558197,1,0,2,12.0,9.683182610405815,-1.2000000476837158,-0.4000000059604645,-0.010626554489135742,0.019999999552965164,-1.0,-100.0,0.0,-0.5209270119667053
1159,21600,1,652,0,OP3,FIXED_OPPONENT,train,SCRIPTED:OP3,1,3,2,1,15,0.11999999731779099,1,0,4,11.0,9.890662638346354,1.5,0.5,-0.0051078349351882935,0.0,1.0,100.0,0.0,0.5827229619026184
1160,21600,1,652,0,OP3,FIXED_OPPONENT,train,SCRIPTED:OP3,1,3,2,1,16,0.3999999761581421,1,0,0,11.0,11.035748481750488,1.5,0.5,-0.019230350852012634,0.014999999664723873,1.0,100.0,-0.03999999910593033,0.5768324136734009
1161,21616,1,654,2,OP3,FIXED_OPPONENT,train,SCRIPTED:OP3,1,3,2,1,17,0.3199999928474426,1,0,0,11.0,12.071149938246784,1.5,0.5,0.0053474679589271545,0.029999999329447746,1.0,100.0,0.0,0.583197832107544
1162,21624,1,655,2,OP3,FIXED_OPPONENT,train,SCRIPTED:OP3,1,3,2,1,18,0.2800000011920929,1,0,2,11.0,9.973268296983507,1.5,0.4000000059604645,-0.010252892971038818,0.014999999664723873,1.0,100.0,-0.019999999552965164,0.5649570226669312
1163,21656,1,659,1,OP3,FIXED_OPPONENT,train,SCRIPTED:OP3,1,3,2,1,19,0.2800000011920929,1,0,3,12.0,10.665604440789474,1.5,0.5,-0.008123978972434998,0.029999999329447746,1.0,100.0,0.0,0.5830396413803101
1164,21656,1,659,1,OP3,FIXED_OPPONENT,train,SCRIPTED:OP3,0,2,3,-1,19,0.35999998450279236,1,0,1,12.0,10.235200580797697,-1.2000000476837158,-0.5,-0.004728183150291443,0.0,-1.0,-100.0,0.0,-0.5371094346046448
1165,21696,1,664,2,OP3,FIXED_OPPONENT,train,SCRIPTED:OP3,0,3,3,0,19,0.1599999964237213,1,0,2,12.0,10.24076281095806,-0.699999988079071,0.0,-0.0033369213342666626,0.0,0.0,0.0,0.0,-0.15437081456184387
1166,21712,1,666,2,OP3,FIXED_OPPONENT,train,SCRIPTED:OP3,0,3,3,0,17,0.2800000011920929,1,0,0,11.0,12.386136223288144,-0.699999988079071,0.0,0.00789305567741394,0.0,0.0,0.0,-0.019999999552965164,-0.1585117131471634
1167,21744,1,670,2,OP3,FIXED_OPPONENT,train,SCRIPTED:OP3,0,2,3,-1,18,0.1599999964237213,1,0,3,11.0,9.30707041422526,-1.2000000476837158,-0.5,-0.002876847982406616,0.0,-1.0,-100.0,0.0,-0.5370859503746033
1168,21744,1,670,1,OP3,FIXED_OPPONENT,train,SCRIPTED:OP3,0,3,3,0,18,0.3199999928474426,1,0,0,11.0,10.460020277235243,-0.699999988079071,0.0,-0.009251639246940613,0.0,0.0,0.0,0.0,-0.1544734537601471
1169,21760,1,672,3,OP3,FIXED_OPPONENT,train,SCRIPTED:OP3,0,2,3,-1,18,0.19999998807907104,1,0,0,11.0,11.934955173068577,-1.2000000476837158,0.0,-0.008117064833641052,0.0,0.0,0.0,0.0,-0.2606549561023712
1170,21768,1,673,1,OP3,FIXED_OPPONENT,train,SCRIPTED:OP3,0,2,3,-1,18,0.1599999964237213,1,0,0,11.0,11.177542792426216,-1.2000000476837158,-0.5,0.0034544169902801514,0.019999999552965164,-1.0,-100.0,0.0,-0.5367528796195984
1171,21800,1,677,1,OP3,FIXED_OPPONENT,train,SCRIPTED:OP3,0,2,3,-1,18,0.23999999463558197,1,0,0,11.0,13.00787353515625,-1.2000000476837158,-0.4000000059604645,0.007729098200798035,0.019999999552965164,-1.0,-100.0,-0.019999999552965164,-0.5239211320877075
1172,21808,1,678,3,OP3,FIXED_OPPONENT,train,SCRIPTED:OP3,0,2,3,-1,19,0.1599999964237213,1,0,2,12.0,10.916826750102796,-1.2000000476837158,-0.5,0.01261170208454132,0.019999999552965164,-1.0,-100.0,0.0,-0.5366369485855103
1173,21840,1,682,0,OP3,FIXED_OPPONENT,train,SCRIPTED:OP3,0,3,3,0,18,0.19999998807907104,1,0,3,11.0,9.859041849772135,-0.699999988079071,0.0,-0.0013899803161621094,0.0,0.0,0.0,0.0,-0.15433703362941742
1174,21856,1,684,1,OP3,FIXED_OPPONENT,train,SCRIPTED:OP3,0,2,3,-1,18,0.1599999964237213,1,0,0,11.0,9.959886338975695,-1.2000000476837158,-0.5,0.00045450031757354736,0.019999999552965164,-1.0,-100.0,-0.019999999552965164,-0.5399470329284668
1175,21888,1,688,2,OP3,FIXED_OPPONENT,train,SCRIPTED:OP3,0,2,3,-1,18,0.23999999463558197,1,0,5,11.0,9.97656504313151,-1.2000000476837158,-0.4000000059604645,0.007245346903800964,0.019999999552965164,-1.0,-100.0,0.0,-0.5206953883171082
1176,21888,1,688,1,OP3,FIXED_OPPONENT,train,SCRIPTED:OP3,1,3,2,1,18,0.23999999463558197,1,0,2,11.0,10.81596459282769,1.5,0.4000000059604645,-0.009174451231956482,0.029999999329447746,1.0,100.0,0.0,0.5681689977645874
1177,21904,1,690,0,OP3,FIXED_OPPONENT,train,SCRIPTED:OP3,0,2,3,-1,17,0.1599999964237213,1,0,5,11.0,9.093090281767005,-1.2000000476837158,0.0,-0.010249584913253784,0.0,0.0,0.0,0.0,-0.26069027185440063
1178,21936,1,694,2,OP3,FIXED_OPPONENT,train,SCRIPTED:OP3,1,3,2,1,22,0.3999999761581421,1,0,5,14.0,9.64172293923118,1.5,0.5,-0.04079298675060272,0.014999999664723873,1.0,100.0,0.0,0.5824800729751587
1179,21960,1,697,0,OP3,FIXED_OPPONENT,train,SCRIPTED:OP3,0,3,3,0,19,0.23999999463558197,1,0,1,12.0,9.082725123355264,-0.699999988079071,0.0,-0.009916439652442932,0.0,0.0,0.0,0.0,-0.15448500216007233
1180,21976,1,699,1,OP3,FIXED_OPPONENT,train,SCRIPTED:OP3,0,3,3,0,22,0.3199999928474426,1,0,7,15.0,10.285320628773082,-0.699999988079071,0.0,9.253621101379395e-05,0.0,0.0,0.0,0.0,-0.15431129932403564
1181,21976,1,699,3,OP3,FIXED_OPPONENT,train,SCRIPTED:OP3,1,3,1,2,17,0.19999998807907104,1,0,3,11.0,10.93982561896829,1.5,0.4000000059604645,0.006544560194015503,0.029999999329447746,1.0,100.0,0.0,0.5683580636978149
1182,22000,1,702,1,OP3,FIXED_OPPONENT,train,SCRIPTED:OP3,1,3,2,1,18,0.23999999463558197,1,0,2,11.0,10.638658311631945,1.5,0.5,-0.013360604643821716,0.014999999664723873,1.0,100.0,0.0,0.5828021764755249
1183,22040,1,707,1,OP3,FIXED_OPPONENT,train,SCRIPTED:OP3,1,3,2,1,19,0.3199999928474426,1,0,0,12.0,10.664823030170641,1.5,0.5,-0.010846167802810669,0.029999999329447746,1.0,100.0,-0.019999999552965164,0.5800663232803345
1184,22048,1,708,3,OP3,FIXED_OPPONENT,train,SCRIPTED:OP3,1,3,2,1,20,0.2800000011920929,1,0,6,13.0,8.717923736572265,1.5,1.0,-0.0069107115268707275,0.029999999329447746,2.0,200.0,-0.019999999552965164,0.7598947286605835
1185,22056,1,709,2,OP3,FIXED_OPPONENT,train,SCRIPTED:OP3,0,2,3,-1,19,0.1599999964237213,0,1,5,12.0,10.76919957211143,-1.2000000476837158,0.0,0.0022138655185699463,0.019999999552965164,0.0,0.0,0.0,-0.26015231013298035
1186,22080,1,712,2,OP3,FIXED_OPPONENT,train,SCRIPTED:OP3,0,2,3,-1,18,0.2800000011920929,1,0,0,11.0,11.756939358181423,-1.2000000476837158,-0.4000000059604645,0.0070542991161346436,0.019999999552965164,-1.0,-100.0,0.0,-0.5206978917121887
1187,22112,1,716,3,OP3,FIXED_OPPONENT,train,SCRIPTED:OP3,0,2,3,-1,19,0.19999998807907104,1,0,0,12.0,10.129686857524671,-1.2000000476837158,-0.5,-0.00238625705242157,0.0,-1.0,-100.0,0.0,-0.5370797514915466
1188,22144,1,720,3,OP3,FIXED_OPPONENT,train,SCRIPTED:OP3,0,3,3,0,21,0.2800000011920929,1,0,1,14.0,12.017187209356399,-0.699999988079071,0.0,0.008209213614463806,0.0,0.0,0.0,0.0,-0.1541704386472702
1189,22144,1,720,3,OP3,FIXED_OPPONENT,train,SCRIPTED:OP3,0,2,3,-1,21,0.23999999463558197,1,0,4,14.0,9.43693615141369,-1.2000000476837158,-0.5,0.00029565393924713135,0.019999999552965164,-1.0,-100.0,0.0,-0.5367928743362427
1190,22160,1,722,0,OP3,FIXED_OPPONENT,train,SCRIPTED:OP3,0,1,3,-2,20,0.1599999964237213,0,1,4,13.0,9.378109741210938,-1.2000000476837158,-0.5,0.0013143569231033325,0.019999999552965164,-1.0,-100.0,-0.03999999910593033,-0.5430773496627808
1191,22184,1,725,1,OP3,FIXED_OPPONENT,train,SCRIPTED:OP3,0,2,3,-1,18,0.19999998807907104,1,0,4,11.0,9.729387919108072,-1.2000000476837158,0.0,-0.0038007497787475586,0.0,0.0,0.0,0.0,-0.26058346033096313
1192,22200,1,727,1,OP3,FIXED_OPPONENT,train,SCRIPTED:OP3,1,3,2,1,19,0.2800000011920929,1,0,1,12.0,10.74519187525699,1.5,0.4000000059604645,0.0067535340785980225,0.029999999329447746,1.0,100.0,0.0,0.5683605670928955
1193,22200,1,727,2,OP3,FIXED_OPPONENT,train,SCRIPTED:OP3,1,3,2,1,18,0.35999998450279236,1,0,6,11.0,9.17870839436849,1.5,0.4000000059604645,0.008776336908340454,0.029999999329447746,1.0,100.0,0.0,0.5683849453926086
1194,22248,1,733,2,OP3,FIXED_OPPONENT,train,SCRIPTED:OP3,0,2,3,-1,21,0.2800000011920929,1,0,1,14.0,9.392057872953869,-1.2000000476837158,-0.5,0.014768794178962708,0.019999999552965164,-1.0,-100.0,0.0,-0.5366096496582031
1195,22264,1,735,2,OP3,FIXED_OPPONENT,train,SCRIPTED:OP3,1,3,2,1,19,0.2800000011920929,1,0,1,12.0,10.71987593801398,1.5,0.5,-0.0010425150394439697,0.029999999329447746,1.0,100.0,0.0,0.5831228494644165
1196,22288,1,738,2,OP3,FIXED_OPPONENT,train,SCRIPTED:OP3,1,3,2,1,18,0.23999999463558197,1,0,6,11.0,10.336803860134548,1.5,0.5,-0.03107069432735443,0.029999999329447746,1.0,100.0,0.0,0.5827703475952148
1197,22288,1,738,2,OP3,FIXED_OPPONENT,train,SCRIPTED:OP3,0,2,3,-1,18,0.2800000011920929,1,0,1,11.0,10.358363681369358,-1.2000000476837158,-0.4000000059604645,0.0028949975967407227,0.0,-1.0,-100.0,0.0,-0.5210108757019043
1198,22304,1,740,1,OP3,FIXED_OPPONENT,train,SCRIPTED:OP3,0,3,3,0,18,0.1599999964237213,1,0,3,11.0,12.632903205023872,-0.699999988079071,0.0,0.008770376443862915,0.0,0.0,0.0,-0.019999999552965164,-0.15849651396274567
1199,22328,1,743,3,OP3,FIXED_OPPONENT,train,SCRIPTED:OP3,1,3,2,1,18,0.3199999928474426,1,0,6,11.0,9.461891174316406,1.5,0.0,-0.007732689380645752,0.0,0.0,0.0,0.0,0.32138943672180176
1200,22352,1,746,2,OP3,FIXED_OPPONENT,train,SCRIPTED:OP3,0,3,3,0,19,0.2800000011920929,1,0,3,12.0,10.93325484426398,-0.699999988079071,0.0,-0.007675096392631531,0.0,0.0,0.0,0.0,-0.1544460952281952
1201,22352,1,746,0,OP3,FIXED_OPPONENT,train,SCRIPTED:OP3,1,3,2,1,19,0.3199999928474426,1,0,2,12.0,9.097625732421875,1.5,0.0,-0.0030752569437026978,0.0,0.0,0.0,0.0,0.3214636743068695
1202,22416,1,754,0,OP3,FIXED_OPPONENT,train,SCRIPTED:OP3,1,3,2,1,19,0.3199999928474426,1,0,4,11.0,9.690803126284951,1.5,0.5,-0.0027625709772109985,0.02499999850988388,1.0,100.0,0.0,0.5830439925193787
1203,22416,1,754,3,OP3,FIXED_OPPONENT,train,SCRIPTED:OP3,0,2,3,-1,21,0.3999999761581421,1,0,5,13.0,9.081198556082589,-1.2000000476837158,-0.5,0.012491360306739807,0.0,-1.0,-100.0,0.0,-0.5368916392326355
1204,22424,1,755,0,OP3,FIXED_OPPONENT,train,SCRIPTED:OP3,1,3,2,1,17,0.19999998807907104,1,0,3,13.0,10.922948500689339,1.5,0.5,-0.0026331543922424316,0.029999999329447746,1.0,100.0,-0.019999999552965164,0.5801632404327393
1205,22432,1,756,0,OP3,FIXED_OPPONENT,train,SCRIPTED:OP3,0,2,3,-1,18,0.2800000011920929,1,0,2,11.0,10.437313503689236,-1.2000000476837158,-0.4000000059604645,0.0010269880294799805,0.019999999552965164,-1.0,-100.0,0.0,-0.5207759737968445
1206,22448,1,758,0,OP3,FIXED_OPPONENT,train,SCRIPTED:OP3,0,2,3,-1,18,0.23999999463558197,1,0,2,11.0,10.556631300184462,-1.2000000476837158,-0.5,0.009848445653915405,0.019999999552965164,-1.0,-100.0,0.0,-0.5366719961166382
1207,22472,1,761,2,OP3,FIXED_OPPONENT,train,SCRIPTED:OP3,0,2,3,-1,18,0.23999999463558197,1,0,2,11.0,10.207514444986979,-1.2000000476837158,-0.5,-0.0027147233486175537,0.0,-1.0,-100.0,0.0,-0.5370839834213257
1208,22496,1,764,3,OP3,FIXED_OPPONENT,train,SCRIPTED:OP3,1,3,1,2,18,0.2800000011920929,1,0,3,11.0,8.505488925509983,1.5,0.5,-0.012603044509887695,0.014999999664723873,1.0,100.0,0.0,0.5828110575675964
1209,22528,1,768,0,OP3,FIXED_OPPONENT,train,SCRIPTED:OP3,1,3,2,1,22,0.3999999761581421,1,0,4,12.0,9.290281122381037,1.5,0.5,-0.017354890704154968,0.02499999850988388,1.0,100.0,0.0,0.5828726887702942
1210,22536,1,769,1,OP3,FIXED_OPPONENT,train,SCRIPTED:OP3,0,2,3,-1,15,0.23999999463558197,1,0,1,11.0,12.574002075195313,-1.2000000476837158,0.0,0.007555708289146423,0.0,0.0,0.0,-0.019999999552965164,-0.26453348994255066
1211,22560,1,772,0,OP3,FIXED_OPPONENT,train,SCRIPTED:OP3,1,3,2,1,18,0.1599999964237213,1,0,0,11.0,11.48924340142144,1.5,0.5,-0.014565497636795044,0.029999999329447746,1.0,100.0,0.0,0.5829641222953796
1212,22576,1,774,0,OP3,FIXED_OPPONENT,train,SCRIPTED:OP3,0,2,3,-1,18,0.3199999928474426,1,0,6,11.0,9.840178595648872,-1.2000000476837158,-0.4000000059604645,0.0022312700748443604,0.019999999552965164,-1.0,-100.0,0.0,-0.5207604169845581
1213,22576,1,774,3,OP3,FIXED_OPPONENT,train,SCRIPTED:OP3,1,3,2,1,19,0.19999998807907104,1,0,4,12.0,11.615111501593338,1.5,0.5,-0.014091446995735168,0.029999999329447746,1.0,100.0,0.0,0.5829696655273438
1214,22600,1,777,1,OP3,FIXED_OPPONENT,train,SCRIPTED:OP3,0,2,3,-1,19,0.19999998807907104,0,1,6,12.0,10.536375346936678,-1.2000000476837158,-0.4000000059604645,0.0019331872463226318,0.019999999552965164,-1.0,-100.0,0.0,-0.5207642316818237
1215,22616,1,779,2,OP3,FIXED_OPPONENT,train,SCRIPTED:OP3,0,2,3,-1,18,0.1599999964237213,1,0,3,11.0,11.159363640679253,-1.2000000476837158,0.5,0.0025136172771453857,0.0,1.0,100.0,0.0,0.06661255657672882
1216,22648,1,783,3,OP3,FIXED_OPPONENT,train,SCRIPTED:OP3,0,2,3,-1,19,0.23999999463558197,1,0,0,12.0,10.70910002055921,-1.2000000476837158,-0.5,0.009205758571624756,0.019999999552965164,-1.0,-100.0,0.0,-0.5366801023483276
1217,22680,1,787,0,OP3,FIXED_OPPONENT,train,SCRIPTED:OP3,0,2,3,-1,18,0.19999998807907104,1,0,0,11.0,10.419720119900173,-1.2000000476837158,-0.5,0.009377852082252502,0.019999999552965164,-1.0,-100.0,0.0,-0.536677896976471
1218,22680,1,787,0,OP3,FIXED_OPPONENT,train,SCRIPTED:OP3,0,3,3,0,19,0.1599999964237213,1,0,1,11.0,11.358854594983553,-0.699999988079071,0.0,-0.0004997029900550842,0.0,0.0,0.0,0.0,-0.1543215811252594
1219,22712,1,791,1,OP3,FIXED_OPPONENT,train,SCRIPTED:OP3,1,3,2,1,19,0.11999999731779099,1,0,6,12.0,10.032652202405428,1.5,0.5,-0.01612168550491333,0.029999999329447746,1.0,100.0,0.0,0.5829458236694336
1220,22720,1,792,0,OP3,FIXED_OPPONENT,train,SCRIPTED:OP3,1,3,1,2,15,0.19999998807907104,1,0,1,11.0,11.47871602376302,1.5,0.0,0.004123106598854065,0.0,0.0,0.0,-0.019999999552965164,0.3175879418849945
1221,22728,1,793,1,OP3,FIXED_OPPONENT,train,SCRIPTED:OP3,0,2,3,-1,19,0.19999998807907104,1,0,5,12.0,9.197272852847451,-1.2000000476837158,0.0,0.009611383080482483,0.019999999552965164,0.0,0.0,-0.019999999552965164,-0.26416879892349243
1222,22728,1,793,0,OP3,FIXED_OPPONENT,train,SCRIPTED:OP3,1,3,2,1,19,0.1599999964237213,1,0,0,12.0,11.894235711348685,1.5,0.4000000059604645,-0.0007221177220344543,0.029999999329447746,1.0,100.0,0.0,0.5682706832885742
1223,22768,1,798,1,OP3,FIXED_OPPONENT,train,SCRIPTED:OP3,1,3,2,1,19,0.2800000011920929,1,0,0,12.0,10.831579107987253,1.5,0.5,0.007699504494667053,0.029999999329447746,1.0,100.0,0.0,0.5832253694534302
1224,22792,1,801,0,OP3,FIXED_OPPONENT,train,SCRIPTED:OP3,0,2,3,-1,18,0.23999999463558197,1,0,1,12.0,11.841922336154514,-1.2000000476837158,-0.5,-0.012832269072532654,0.019999999552965164,-1.0,-100.0,-0.019999999552965164,-0.5401143431663513
1225,22832,1,806,1,OP3,FIXED_OPPONENT,train,SCRIPTED:OP3,0,2,3,-1,19,0.19999998807907104,1,0,0,12.0,11.923600849352384,-1.2000000476837158,-0.5,0.015467137098312378,0.019999999552965164,-1.0,-100.0,0.0,-0.5366008281707764
1226,22840,1,807,2,OP3,FIXED_OPPONENT,train,SCRIPTED:OP3,0,2,3,-1,20,0.3199999928474426,1,0,1,13.0,10.051769256591797,-1.2000000476837158,-0.5,5.319714546203613e-05,0.0,-1.0,-100.0,0.0,-0.5370489954948425
1227,22864,1,810,1,OP3,FIXED_OPPONENT,train,SCRIPTED:OP3,0,2,3,-1,19,0.19999998807907104,1,0,0,12.0,10.877694380910773,-1.2000000476837158,-0.5,0.016226261854171753,0.019999999552965164,-1.0,-100.0,0.0,-0.5365912318229675
1228,22872,1,811,2,OP3,FIXED_OPPONENT,train,SCRIPTED:OP3,0,2,3,-1,18,0.2800000011920929,1,0,2,11.0,11.81378173828125,-1.2000000476837158,-0.5,-0.012672796845436096,0.019999999552965164,-1.0,-100.0,0.0,-0.5369569063186646
1229,22880,1,812,2,OP3,FIXED_OPPONENT,train,SCRIPTED:OP3,1,3,2,1,19,0.1599999964237213,1,0,4,12.0,11.4185646458676,1.5,0.4000000059604645,-0.008024036884307861,0.029999999329447746,1.0,100.0,0.0,0.5681827664375305
1230,22888,1,813,2,OP3,FIXED_OPPONENT,train,SCRIPTED:OP3,0,2,3,-1,21,0.1599999964237213,1,0,2,13.0,11.22728038969494,-1.2000000476837158,-0.5,-0.0034144073724746704,0.019999999552965164,-1.0,-100.0,0.0,-0.5368397831916809
1231,22944,1,820,1,OP3,FIXED_OPPONENT,train,SCRIPTED:OP3,0,3,3,0,22,0.1599999964237213,1,0,2,14.0,11.61983212557706,-0.699999988079071,0.0,-0.0009972453117370605,0.0,0.0,0.0,-0.019999999552965164,-0.15866577625274658
1232,22952,1,821,2,OP3,FIXED_OPPONENT,train,SCRIPTED:OP3,0,3,3,0,20,0.1599999964237213,1,0,2,12.0,10.076628112792969,-0.699999988079071,0.0,-0.009979352355003357,0.0,0.0,0.0,-0.019999999552965164,-0.1588214486837387
1233,22968,1,823,2,OP3,FIXED_OPPONENT,train,SCRIPTED:OP3,1,3,2,1,17,0.2800000011920929,1,0,2,11.0,9.137536441578584,1.5,0.0,-0.009980380535125732,0.0,0.0,0.0,0.0,0.32135361433029175
1234,22984,1,825,2,OP3,FIXED_OPPONENT,train,SCRIPTED:OP3,0,2,3,-1,18,0.19999998807907104,1,0,2,11.0,10.649726019965279,-1.2000000476837158,-0.4000000059604645,-0.004767820239067078,0.019999999552965164,-1.0,-100.0,0.0,-0.5208510756492615
1235,23016,1,829,0,OP3,FIXED_OPPONENT,train,SCRIPTED:OP3,0,2,3,-1,19,0.07999999821186066,1,0,2,12.0,11.706738923725329,-1.2000000476837158,-0.4000000059604645,-0.002976641058921814,0.019999999552965164,-1.0,-100.0,0.0,-0.5208278298377991
1236,23016,1,829,0,OP3,FIXED_OPPONENT,train,SCRIPTED:OP3,0,2,3,-1,18,0.23999999463558197,1,0,0,11.0,11.004270765516493,-1.2000000476837158,-0.4000000059604645,0.007844135165214539,0.019999999552965164,-1.0,-100.0,0.0,-0.5206876397132874
1237,23032,1,831,2,OP3,FIXED_OPPONENT,train,SCRIPTED:OP3,0,2,3,-1,19,0.3199999928474426,1,0,5,12.0,9.535602770353618,-1.2000000476837158,-0.5,0.004218697547912598,0.019999999552965164,-1.0,-100.0,0.0,-0.5367431640625
1238,23040,1,832,2,OP3,FIXED_OPPONENT,train,SCRIPTED:OP3,1,3,1,2,19,0.35999998450279236,1,0,0,15.0,10.382361161081414,1.5,0.5,-0.0173913836479187,0.014999999664723873,1.0,100.0,-0.03999999910593033,0.5768542885780334
1239,23072,1,836,2,OP3,FIXED_OPPONENT,train,SCRIPTED:OP3,1,3,2,1,16,0.2800000011920929,1,0,1,11.0,11.985276222229004,1.5,0.5,0.013440638780593872,0.029999999329447746,1.0,100.0,0.0,0.5832927227020264
1240,23096,1,839,1,OP3,FIXED_OPPONENT,train,SCRIPTED:OP3,1,3,2,1,18,0.19999998807907104,1,0,2,11.0,10.762841118706596,1.5,0.0,-0.005050450563430786,0.0,0.0,0.0,0.0,0.3214322030544281
1241,23120,1,842,2,OP3,FIXED_OPPONENT,train,SCRIPTED:OP3,1,3,2,1,19,0.23999999463558197,1,0,1,12.0,11.087297941509046,1.5,0.4000000059604645,-0.009027555584907532,0.029999999329447746,1.0,100.0,0.0,0.5681706666946411
1242,23128,1,843,1,OP3,FIXED_OPPONENT,train,SCRIPTED:OP3,0,2,3,-1,18,0.23999999463558197,1,0,1,11.0,9.901082356770834,-1.2000000476837158,-0.5,0.009916320443153381,0.0,-1.0,-100.0,0.0,-0.5369242429733276
1243,23152,1,846,1,OP3,FIXED_OPPONENT,train,SCRIPTED:OP3,0,2,3,-1,17,0.23999999463558197,1,0,0,13.0,11.682712330537683,-1.2000000476837158,-0.5,-0.0023644864559173584,0.019999999552965164,-1.0,-100.0,0.0,-0.536826491355896
1244,23160,1,847,1,OP3,FIXED_OPPONENT,train,SCRIPTED:OP3,0,3,3,0,18,0.23999999463558197,1,0,4,11.0,11.239064534505209,-0.699999988079071,0.0,-0.009350612759590149,0.0,0.0,0.0,0.0,-0.1544751673936844
1245,23176,1,849,2,OP3,FIXED_OPPONENT,train,SCRIPTED:OP3,1,3,2,1,18,0.11999999731779099,1,0,0,12.0,11.129163106282553,1.5,0.5,0.0017284005880355835,0.029999999329447746,1.0,100.0,0.0,0.5831552743911743
1246,23200,1,852,3,OP3,FIXED_OPPONENT,train,SCRIPTED:OP3,0,2,3,-1,20,0.19999998807907104,1,0,8,12.0,10.196458435058593,-1.2000000476837158,-0.5,-0.004057928919792175,0.019999999552965164,-1.0,-100.0,-0.019999999552965164,-0.5400038957595825
1247,23224,1,855,3,OP3,FIXED_OPPONENT,train,SCRIPTED:OP3,1,3,2,1,19,0.19999998807907104,1,0,2,12.0,11.262080142372533,1.5,0.5,0.001949399709701538,0.029999999329447746,1.0,100.0,0.0,0.5831578969955444
1248,23240,1,857,2,OP3,FIXED_OPPONENT,train,SCRIPTED:OP3,1,3,1,2,15,0.23999999463558197,1,0,0,11.0,12.076322428385417,1.5,0.0,-0.009379714727401733,0.0,0.0,0.0,-0.019999999552965164,0.31737208366394043
1249,23272,1,861,3,OP3,FIXED_OPPONENT,train,SCRIPTED:OP3,1,3,2,1,22,0.3199999928474426,1,0,4,14.0,9.45686132257635,1.5,0.5,-0.02113892138004303,0.02499999850988388,1.0,100.0,0.0,0.5828282833099365
1250,23288,1,863,2,OP3,FIXED_OPPONENT,train,SCRIPTED:OP3,0,2,3,-1,17,0.11999999731779099,1,0,5,11.0,9.83994966394761,-1.2000000476837158,-0.5,-0.004132688045501709,0.019999999552965164,-1.0,-100.0,0.0,-0.5368489027023315
1251,23304,1,865,1,OP3,FIXED_OPPONENT,train,SCRIPTED:OP3,0,2,3,-1,22,0.23999999463558197,1,0,6,14.0,9.585504011674361,-1.2000000476837158,-0.4000000059604645,0.001349419355392456,0.019999999552965164,-1.0,-100.0,0.0,-0.5207718014717102
1252,23312,1,866,0,OP3,FIXED_OPPONENT,train,SCRIPTED:OP3,1,3,2,1,19,0.1599999964237213,1,0,0,12.0,12.257882369192023,1.5,0.5,0.006071463227272034,0.029999999329447746,1.0,100.0,0.0,0.583206295967102
1253,23328,1,868,1,OP3,FIXED_OPPONENT,train,SCRIPTED:OP3,1,3,2,1,19,0.2800000011920929,1,0,6,11.0,9.494775069387336,1.5,0.5,0.006652653217315674,0.014999999664723873,1.0,100.0,-0.019999999552965164,0.5800958871841431
1254,23352,1,871,3,OP3,FIXED_OPPONENT,train,SCRIPTED:OP3,1,3,2,1,19,0.19999998807907104,1,0,2,12.0,10.315791882966694,1.5,0.5,-0.02743092179298401,0.029999999329447746,1.0,100.0,-0.019999999552965164,0.5798707604408264
1255,23392,1,876,1,OP3,FIXED_OPPONENT,train,SCRIPTED:OP3,0,2,3,-1,19,0.1599999964237213,1,0,3,12.0,9.40300148411801,-1.2000000476837158,-0.5,0.0002757608890533447,0.019999999552965164,-1.0,-100.0,0.0,-0.5367931127548218
1256,23392,1,876,3,OP3,FIXED_OPPONENT,train,SCRIPTED:OP3,0,3,3,0,21,0.1599999964237213,1,0,4,14.0,10.589881533668155,-0.699999988079071,0.0,-0.007036417722702026,0.0,0.0,0.0,0.0,-0.15443500876426697
1257,23424,1,880,2,OP3,FIXED_OPPONENT,train,SCRIPTED:OP3,1,3,2,1,17,0.3999999761581421,1,0,1,11.0,10.232949649586397,1.5,0.5,-0.028697311878204346,0.029999999329447746,1.0,100.0,0.0,0.5827982425689697
1258,23432,1,881,0,OP3,FIXED_OPPONENT,train,SCRIPTED:OP3,1,3,2,1,20,0.23999999463558197,1,0,1,13.0,10.193140411376953,1.5,0.5,-0.01643279194831848,0.014999999664723873,1.0,100.0,-0.019999999552965164,0.5798234939575195
1259,23448,1,883,2,OP3,FIXED_OPPONENT,train,SCRIPTED:OP3,1,3,2,1,18,0.2800000011920929,1,0,0,11.0,11.489614698621962,1.5,0.0,-0.008537143468856812,0.0,0.0,0.0,0.0,0.32137662172317505
1260,23456,1,884,0,OP3,FIXED_OPPONENT,train,SCRIPTED:OP3,1,3,2,1,18,0.23999999463558197,1,0,2,11.0,9.522004021538628,1.5,0.0,-0.007572703063488007,0.0,0.0,0.0,0.0,0.3213919699192047
1261,23488,1,888,0,OP3,FIXED_OPPONENT,train,SCRIPTED:OP3,1,3,2,1,20,0.2800000011920929,1,0,3,13.0,10.209626007080079,1.5,0.5,-0.009793564677238464,0.014999999664723873,1.0,100.0,-0.019999999552965164,0.5799018144607544
1262,23496,1,889,3,OP3,FIXED_OPPONENT,train,SCRIPTED:OP3,1,3,2,1,18,0.1599999964237213,1,0,1,13.0,9.885208129882812,1.5,0.0,-0.008149310946464539,0.0,0.0,0.0,0.0,0.3213827908039093
1263,23536,1,894,2,OP3,FIXED_OPPONENT,train,SCRIPTED:OP3,1,3,2,1,18,0.23999999463558197,1,0,0,11.0,9.650314331054688,1.5,0.4000000059604645,-0.010304257273674011,0.014999999664723873,1.0,100.0,0.0,0.5679746866226196
1264,23568,1,898,0,OP3,FIXED_OPPONENT,train,SCRIPTED:OP3,0,2,3,-1,17,0.3999999761581421,1,0,9,11.0,8.681752821978401,-1.2000000476837158,0.10000002384185791,-0.001928076148033142,0.019999999552965164,0.0,0.0,0.0,-0.2393864542245865
1265,23568,1,898,3,OP3,FIXED_OPPONENT,train,SCRIPTED:OP3,0,3,3,0,18,0.2800000011920929,1,0,0,11.0,11.902728610568577,-0.699999988079071,0.0,-0.006805256009101868,0.0,0.0,0.0,0.0,-0.15443101525306702
1266,23568,1,898,2,OP3,FIXED_OPPONENT,train,SCRIPTED:OP3,1,3,2,1,22,0.3999999761581421,1,0,2,14.0,10.408723310990768,1.5,0.5,-0.03615257143974304,0.014999999664723873,1.0,100.0,0.0,0.5825345516204834
1267,23608,1,903,1,OP3,FIXED_OPPONENT,train,SCRIPTED:OP3,0,2,3,-1,19,0.2800000011920929,1,0,2,11.0,9.561806929738898,-1.2000000476837158,-0.5,0.003944292664527893,0.0,-1.0,-100.0,0.0,-0.5369997620582581
1268,23608,1,903,2,OP3,FIXED_OPPONENT,train,SCRIPTED:OP3,1,3,1,2,20,0.1599999964237213,1,0,2,13.0,8.787786102294922,1.5,0.5,-0.01663300395011902,0.029999999329447746,1.0,100.0,0.0,0.582939863204956
1269,23640,1,907,3,OP3,FIXED_OPPONENT,train,SCRIPTED:OP3,0,2,3,-1,18,0.19999998807907104,1,0,1,11.0,10.899047003851997,-1.2000000476837158,-0.4000000059604645,-0.01064726710319519,0.0,-1.0,-100.0,-0.019999999552965164,-0.5244159698486328
1270,23648,1,908,2,OP3,FIXED_OPPONENT,train,SCRIPTED:OP3,0,2,3,-1,20,0.23999999463558197,1,0,3,12.0,9.809358215332031,-1.2000000476837158,-0.5,-0.009522959589958191,0.0,-1.0,-100.0,0.0,-0.5371700525283813
1271,23680,1,912,2,OP3,FIXED_OPPONENT,train,SCRIPTED:OP3,1,3,2,1,18,0.23999999463558197,1,0,0,11.0,10.664066738552517,1.5,0.5,-0.022492341697216034,0.029999999329447746,1.0,100.0,-0.019999999552965164,0.579928994178772
1272,23712,1,916,2,OP3,FIXED_OPPONENT,train,SCRIPTED:OP3,1,3,2,1,18,0.1599999964237213,1,0,6,11.0,9.34505123562283,1.5,0.4000000059604645,-0.009936138987541199,0.029999999329447746,1.0,100.0,0.0,0.5681596994400024
1273,23720,1,917,1,OP3,FIXED_OPPONENT,train,SCRIPTED:OP3,0,2,3,-1,19,0.3199999928474426,1,0,6,12.0,10.036341616981908,-1.2000000476837158,0.0,-0.0025723129510879517,0.0,0.0,0.0,0.0,-0.26056304574012756
1274,23736,1,919,0,OP3,FIXED_OPPONENT,train,SCRIPTED:OP3,0,3,3,0,21,0.23999999463558197,1,0,4,14.0,9.488089425223214,-0.699999988079071,0.0,0.007797062397003174,0.0,0.0,0.0,0.0,-0.15417757630348206
1275,23752,1,921,3,OP3,FIXED_OPPONENT,train,SCRIPTED:OP3,0,3,3,0,18,0.23999999463558197,1,0,1,11.0,11.586983574761284,-0.699999988079071,0.0,0.004434913396835327,0.0,0.0,0.0,0.0,-0.15423594415187836
1276,23752,1,921,2,OP3,FIXED_OPPONENT,train,SCRIPTED:OP3,1,3,2,1,18,0.23999999463558197,1,0,3,11.0,9.441124810112846,1.5,0.5,-0.027644187211990356,0.029999999329447746,1.0,100.0,0.0,0.5828105807304382
1277,23776,1,924,0,OP3,FIXED_OPPONENT,train,SCRIPTED:OP3,0,2,3,-1,17,0.23999999463558197,1,0,2,11.0,10.831957648782168,-1.2000000476837158,-0.5,0.01569560170173645,0.019999999552965164,-1.0,-100.0,0.0,-0.5365979671478271
1278,23800,1,927,0,OP3,FIXED_OPPONENT,train,SCRIPTED:OP3,0,2,3,-1,19,0.11999999731779099,1,0,1,11.0,11.22563251696135,-1.2000000476837158,-0.5,0.003066509962081909,0.019999999552965164,-1.0,-100.0,-0.019999999552965164,-0.5399141311645508
1279,23832,1,931,2,OP3,FIXED_OPPONENT,train,SCRIPTED:OP3,0,3,3,0,19,0.23999999463558197,1,0,0,11.0,10.959089580335116,-0.699999988079071,0.0,-0.009462997317314148,0.0,0.0,0.0,0.0,-0.15447711944580078
1280,23856,1,934,0,OP3,FIXED_OPPONENT,train,SCRIPTED:OP3,0,2,3,-1,18,0.19999998807907104,1,0,1,11.0,10.99638197157118,-1.2000000476837158,-0.4000000059604645,-0.006643638014793396,0.019999999552965164,-1.0,-100.0,0.0,-0.5208753943443298
1281,23872,1,936,3,OP3,FIXED_OPPONENT,train,SCRIPTED:OP3,1,3,2,1,17,0.2800000011920929,1,0,2,11.0,8.778517779181986,1.5,0.0,-0.0016044974327087402,0.0,0.0,0.0,0.0,0.32148709893226624
1282,23872,1,936,1,OP3,FIXED_OPPONENT,train,SCRIPTED:OP3,0,2,3,-1,19,0.11999999731779099,1,0,4,12.0,12.438688579358553,-1.2000000476837158,0.0,-0.0004002898931503296,0.0,0.0,0.0,0.0,-0.2605270743370056
1283,23888,1,938,3,OP3,FIXED_OPPONENT,train,SCRIPTED:OP3,1,3,2,1,17,0.23999999463558197,1,0,2,11.0,10.102261711569394,1.5,0.4000000059604645,-0.008397102355957031,0.029999999329447746,1.0,100.0,0.0,0.5681782960891724
1284,23896,1,939,3,OP3,FIXED_OPPONENT,train,SCRIPTED:OP3,0,2,3,-1,18,0.19999998807907104,1,0,4,11.0,9.457645840115017,-1.2000000476837158,-0.5,0.008768156170845032,0.019999999552965164,-1.0,-100.0,0.0,-0.536685585975647
1285,23920,1,942,3,OP3,FIXED_OPPONENT,train,SCRIPTED:OP3,1,3,2,1,18,0.35999998450279236,1,0,2,11.0,9.914933098687065,1.5,0.5,0.012231603264808655,0.014999999664723873,1.0,100.0,0.0,0.5831025838851929
1286,23960,1,947,3,OP3,FIXED_OPPONENT,train,SCRIPTED:OP3,1,3,1,2,16,0.23999999463558197,1,0,0,11.0,9.96530818939209,1.5,0.5,0.02806706726551056,0.014999999664723873,1.0,100.0,-0.019999999552965164,0.5803483724594116
1287,23960,1,947,1,OP3,FIXED_OPPONENT,train,SCRIPTED:OP3,1,3,2,1,20,0.3199999928474426,1,0,2,13.0,9.725945281982423,1.5,0.5,0.010004565119743347,0.014999999664723873,1.0,100.0,-0.03999999910593033,0.5771791934967041
1288,24000,1,952,2,OP3,FIXED_OPPONENT,train,SCRIPTED:OP3,1,3,1,2,16,0.19999998807907104,1,0,0,11.0,13.589396476745605,1.5,0.5,-0.02352285385131836,0.029999999329447746,1.0,100.0,-0.03999999910593033,0.576959490776062
1289,24024,1,955,2,OP3,FIXED_OPPONENT,train,SCRIPTED:OP3,0,3,3,0,21,0.23999999463558197,1,0,5,14.0,8.451655069986979,-0.699999988079071,0.0,-0.0009469985961914062,0.0,0.0,0.0,0.0,-0.1543293297290802
1290,24032,1,956,0,OP3,FIXED_OPPONENT,train,SCRIPTED:OP3,0,2,3,-1,20,0.19999998807907104,1,0,1,13.0,10.553881072998047,-1.2000000476837158,-0.5,-0.003675505518913269,0.019999999552965164,-1.0,-100.0,-0.019999999552965164,-0.5399991273880005
1291,24032,1,956,0,OP3,FIXED_OPPONENT,train,SCRIPTED:OP3,1,3,2,1,18,0.3199999928474426,1,0,2,12.0,10.946380615234375,1.5,0.4000000059604645,-0.009741201996803284,0.029999999329447746,1.0,100.0,-0.019999999552965164,0.5651447772979736
1292,24040,1,957,2,OP3,FIXED_OPPONENT,train,SCRIPTED:OP3,1,3,2,1,18,0.23999999463558197,1,0,0,11.0,10.27154541015625,1.5,0.5,-0.011504478752613068,0.029999999329447746,1.0,100.0,0.0,0.5830000638961792
1293,24072,1,961,3,OP3,FIXED_OPPONENT,train,SCRIPTED:OP3,1,3,2,1,19,0.19999998807907104,1,0,3,12.0,9.094722547029194,1.5,0.5,-0.03001934289932251,0.029999999329447746,1.0,100.0,0.0,0.5827826857566833
1294,24104,1,965,0,OP3,FIXED_OPPONENT,train,SCRIPTED:OP3,1,3,2,1,18,0.19999998807907104,1,0,0,11.0,11.991093953450521,1.5,0.5,0.014632418751716614,0.029999999329447746,1.0,100.0,0.0,0.5833066701889038
1295,24120,1,967,2,OP3,FIXED_OPPONENT,train,SCRIPTED:OP3,0,2,3,-1,20,0.3199999928474426,1,0,3,13.0,10.71911163330078,-1.2000000476837158,-0.5,0.01074264943599701,0.0,-1.0,-100.0,-0.03999999910593033,-0.5432097911834717
1296,24144,1,970,3,OP3,FIXED_OPPONENT,train,SCRIPTED:OP3,1,3,1,2,18,0.2800000011920929,1,0,1,11.0,9.67988501654731,1.5,0.5,-0.03009176254272461,0.014999999664723873,1.0,100.0,0.0,0.5826057195663452
1297,24168,1,973,3,OP3,FIXED_OPPONENT,train,SCRIPTED:OP3,1,3,2,1,17,0.1599999964237213,1,0,1,11.0,9.555998858283548,1.5,0.4000000059604645,-0.0079108327627182,0.029999999329447746,1.0,100.0,0.0,0.5681841373443604
1298,24184,1,975,2,OP3,FIXED_OPPONENT,train,SCRIPTED:OP3,1,3,2,1,19,0.19999998807907104,1,0,1,12.0,11.797588147615132,1.5,0.4000000059604645,-0.005558952689170837,0.029999999329447746,1.0,100.0,0.0,0.5682123899459839
1299,24192,1,976,2,OP3,FIXED_OPPONENT,train,SCRIPTED:OP3,1,3,2,1,21,0.19999998807907104,1,0,3,14.0,9.929853166852679,1.5,0.5,0.013799384236335754,0.029999999329447746,1.0,100.0,0.0,0.5832968950271606
1300,24192,1,976,0,OP3,FIXED_OPPONENT,train,SCRIPTED:OP3,0,3,3,0,19,0.1599999964237213,1,0,3,11.0,11.26460105494449,-0.699999988079071,0.0,-0.005829319357872009,0.0,0.0,0.0,0.0,-0.15441405773162842
1301,24216,1,979,1,OP3,FIXED_OPPONENT,train,SCRIPTED:OP3,0,2,3,-1,18,0.23999999463558197,1,0,1,11.0,10.399109734429253,-1.2000000476837158,-0.5,-0.007440388202667236,0.0,-1.0,-100.0,0.0,-0.5371437072753906
1302,24240,1,982,3,OP3,FIXED_OPPONENT,train,SCRIPTED:OP3,1,3,2,1,17,0.23999999463558197,1,0,0,11.0,10.110960118910846,1.5,0.0,-0.006162717938423157,0.0,0.0,0.0,0.0,0.32141444087028503
1303,24272,1,986,0,OP3,FIXED_OPPONENT,train,SCRIPTED:OP3,1,3,2,1,19,0.3999999761581421,1,0,4,14.0,9.771644190738076,1.5,0.0,-0.008689656853675842,0.0,0.0,0.0,-0.019999999552965164,0.3173830807209015
1304,24288,1,988,2,OP3,FIXED_OPPONENT,train,SCRIPTED:OP3,1,3,2,1,18,0.35999998450279236,1,0,3,11.0,9.635214063856337,1.5,0.5,-0.024143725633621216,0.029999999329447746,1.0,100.0,-0.019999999552965164,0.5799095034599304
1305,24312,1,991,0,OP3,FIXED_OPPONENT,train,SCRIPTED:OP3,1,3,2,1,18,0.35999998450279236,1,0,3,11.0,9.579243977864584,1.5,0.4000000059604645,0.005213707685470581,0.02499999850988388,1.0,100.0,0.0,0.5682819485664368
1306,24328,1,993,1,OP3,FIXED_OPPONENT,train,SCRIPTED:OP3,0,2,3,-1,18,0.19999998807907104,1,0,0,11.0,10.935914781358507,-1.2000000476837158,-0.5,-0.005633741617202759,0.0,-1.0,-100.0,0.0,-0.5371208786964417
1307,24336,1,994,3,OP3,FIXED_OPPONENT,train,SCRIPTED:OP3,0,3,3,0,18,0.19999998807907104,1,0,1,11.0,10.284740871853298,-0.699999988079071,0.0,-0.008769720792770386,0.0,0.0,0.0,0.0,-0.15446510910987854
1308,24344,1,995,2,OP3,FIXED_OPPONENT,train,SCRIPTED:OP3,1,3,2,1,19,0.23999999463558197,1,0,0,12.0,11.898080926192435,1.5,0.5,0.005732133984565735,0.029999999329447746,1.0,100.0,0.0,0.5832023024559021
1309,24392,1,1001,2,OP3,FIXED_OPPONENT,train,SCRIPTED:OP3,1,3,2,1,22,0.3199999928474426,1,0,2,14.0,9.924991954456676,1.5,0.5,-0.043673306703567505,0.014999999664723873,1.0,100.0,0.0,0.5824462175369263
1310,24408,1,1003,2,OP3,FIXED_OPPONENT,train,SCRIPTED:OP3,1,3,2,1,21,0.3199999928474426,1,0,1,13.0,10.695230393182664,1.5,0.5,-0.0360022634267807,0.02499999850988388,1.0,100.0,0.0,0.5826537609100342
1311,24408,1,1003,1,OP3,FIXED_OPPONENT,train,SCRIPTED:OP3,0,3,3,0,17,0.19999998807907104,1,0,5,11.0,11.011933270622702,-0.699999988079071,0.0,0.000612601637840271,0.0,0.0,0.0,-0.019999999552965164,-0.1586378961801529
1312,24448,1,1008,0,OP3,FIXED_OPPONENT,train,SCRIPTED:OP3,1,3,2,1,20,0.2800000011920929,1,0,1,13.0,11.885955810546875,1.5,0.5,-0.0038435757160186768,0.029999999329447746,1.0,100.0,0.0,0.5830899477005005
1313,24472,1,1011,1,OP3,FIXED_OPPONENT,train,SCRIPTED:OP3,0,3,3,0,18,0.3199999928474426,1,0,2,11.0,9.84591335720486,-0.699999988079071,0.0,-0.00908912718296051,0.0,0.0,0.0,-0.019999999552965164,-0.15880601108074188
1314,24472,1,1011,3,OP3,FIXED_OPPONENT,train,SCRIPTED:OP3,0,2,3,-1,20,0.2800000011920929,1,0,3,13.0,10.446216583251953,-1.2000000476837158,-0.5,0.01149420440196991,0.019999999552965164,-1.0,-100.0,-0.019999999552965164,-0.5398080348968506
1315,24480,1,1012,1,OP3,FIXED_OPPONENT,train,SCRIPTED:OP3,1,3,2,1,18,0.2800000011920929,1,0,9,11.0,9.661326938205296,1.5,0.4000000059604645,0.008965030312538147,0.029999999329447746,1.0,100.0,0.0,0.5683872699737549
1316,24496,1,1014,2,OP3,FIXED_OPPONENT,train,SCRIPTED:OP3,1,3,2,1,19,0.23999999463558197,1,0,1,11.0,9.342709993061266,1.5,0.5,-0.02041524648666382,0.014999999664723873,1.0,100.0,0.0,0.5827193856239319
1317,24544,1,1020,3,OP3,FIXED_OPPONENT,train,SCRIPTED:OP3,1,3,2,1,19,0.23999999463558197,1,0,1,11.0,11.819731862921463,1.5,0.5,-0.015950113534927368,0.029999999329447746,1.0,100.0,-0.019999999552965164,0.5800061225891113
1318,24560,1,1022,0,OP3,FIXED_OPPONENT,train,SCRIPTED:OP3,1,3,2,1,19,0.2800000011920929,1,0,0,12.0,9.625750089946546,1.5,0.0,-0.008448526263237,0.0,0.0,0.0,0.0,0.32137802243232727
1319,24560,1,1022,1,OP3,FIXED_OPPONENT,train,SCRIPTED:OP3,0,2,3,-1,19,0.23999999463558197,1,0,2,12.0,10.301939311780428,-1.2000000476837158,-0.5,0.010469555854797363,0.019999999552965164,-1.0,-100.0,-0.019999999552965164,-0.5398209095001221
1320,24592,1,1026,2,OP3,FIXED_OPPONENT,train,SCRIPTED:OP3,1,3,2,1,18,0.2800000011920929,1,0,2,11.0,10.856781005859375,1.5,0.4000000059604645,-0.004449024796485901,0.029999999329447746,1.0,100.0,-0.03999999910593033,0.5621765851974487
1321,24632,1,1031,3,OP3,FIXED_OPPONENT,train,SCRIPTED:OP3,0,2,3,-1,20,0.19999998807907104,1,0,1,13.0,10.262395477294922,-1.2000000476837158,-0.5,0.014362141489982605,0.019999999552965164,-1.0,-100.0,0.0,-0.5366148352622986
1322,24632,1,1031,2,OP3,FIXED_OPPONENT,train,SCRIPTED:OP3,1,3,2,1,20,0.1599999964237213,1,0,7,13.0,10.881939697265626,1.5,1.0,-0.025668367743492126,0.029999999329447746,2.0,200.0,-0.019999999552965164,0.7597538232803345
1323,24632,1,1031,3,OP3,FIXED_OPPONENT,train,SCRIPTED:OP3,0,2,3,-1,19,0.19999998807907104,1,0,1,12.0,10.615554809570312,-1.2000000476837158,-0.5,-0.005121558904647827,0.019999999552965164,-1.0,-100.0,0.0,-0.5368614196777344
1324,24648,1,1033,1,OP3,FIXED_OPPONENT,train,SCRIPTED:OP3,1,3,2,1,19,0.23999999463558197,1,0,1,11.0,11.35314298930921,1.5,0.4000000059604645,0.0021656453609466553,0.02499999850988388,1.0,100.0,0.0,0.5682451725006104
1325,24704,1,1040,2,OP3,FIXED_OPPONENT,train,SCRIPTED:OP3,1,3,1,2,20,0.3199999928474426,1,0,5,11.0,9.137322998046875,1.5,0.4000000059604645,-0.010373279452323914,0.03999999910593033,1.0,100.0,-0.019999999552965164,0.5652580261230469
1326,24720,1,1042,2,OP3,FIXED_OPPONENT,train,SCRIPTED:OP3,1,3,0,3,20,0.1599999964237213,1,0,5,13.0,8.415587615966796,1.5,0.5,-0.016899198293685913,0.029999999329447746,1.0,100.0,-0.019999999552965164,0.5799949765205383
1327,24728,1,1043,2,OP3,FIXED_OPPONENT,train,SCRIPTED:OP3,1,3,0,3,21,0.2800000011920929,1,0,3,12.0,8.745676676432291,1.5,0.5,-0.007050365209579468,0.03999999910593033,1.0,100.0,0.0,0.5831695795059204
1328,24736,1,1044,2,OP3,FIXED_OPPONENT,train,SCRIPTED:OP3,1,3,0,3,18,0.19999998807907104,1,0,3,12.0,9.001530965169271,1.5,0.5,-0.007382646203041077,0.029999999329447746,1.0,100.0,0.0,0.5830484628677368
1329,24776,1,1049,0,OP3,FIXED_OPPONENT,train,SCRIPTED:OP3,1,3,0,3,18,0.23999999463558197,1,0,2,12.0,7.722696092393663,1.5,0.5,-0.03298752009868622,0.029999999329447746,1.0,100.0,-0.019999999552965164,0.5798051357269287
1330,24784,1,1050,2,OP3,FIXED_OPPONENT,train,SCRIPTED:OP3,1,3,0,3,19,0.2800000011920929,1,0,4,14.0,7.725803576017681,1.5,0.5,-0.02940008044242859,0.029999999329447746,1.0,100.0,0.0,0.5827900171279907
1331,24800,1,1052,2,OP3,FIXED_OPPONENT,train,SCRIPTED:OP3,1,3,2,1,19,0.19999998807907104,1,0,5,13.0,8.066386975740132,1.5,0.5,0.012795642018318176,0.029999999329447746,1.0,100.0,0.0,0.5832851529121399
1332,24808,1,1053,3,OP3,FIXED_OPPONENT,train,SCRIPTED:OP3,0,3,3,0,22,0.19999998807907104,1,0,8,15.0,7.94970009543679,-0.699999988079071,0.0,0.006853267550468445,0.0,0.0,0.0,0.0,-0.15419398248195648
1333,24856,1,1059,3,OP3,FIXED_OPPONENT,train,SCRIPTED:OP3,1,3,2,1,19,0.2800000011920929,1,0,0,11.0,10.40376201428865,1.5,0.5,-0.007843270897865295,0.014999999664723873,1.0,100.0,-0.019999999552965164,0.5799249410629272
1334,24880,1,1062,1,OP3,FIXED_OPPONENT,train,SCRIPTED:OP3,0,3,3,0,19,0.1599999964237213,1,0,3,12.0,10.331024973016037,-0.699999988079071,0.0,-0.00679585337638855,0.0,0.0,0.0,0.0,-0.1544308364391327
1335,24888,1,1063,2,OP3,FIXED_OPPONENT,train,SCRIPTED:OP3,0,2,3,-1,19,0.07999999821186066,1,0,1,12.0,10.168672260485197,-1.2000000476837158,-0.4000000059604645,-0.007948532700538635,0.0,-1.0,-100.0,0.0,-0.5211513042449951
1336,24888,1,1063,0,OP3,FIXED_OPPONENT,train,SCRIPTED:OP3,0,2,3,-1,21,0.35999998450279236,1,0,1,13.0,9.390939621698289,-1.2000000476837158,-0.5,0.004475846886634827,0.0,-1.0,-100.0,0.0,-0.5369930267333984
1337,24920,1,1067,0,OP3,FIXED_OPPONENT,train,SCRIPTED:OP3,0,2,3,-1,18,0.23999999463558197,1,0,1,11.0,9.794423421223959,-1.2000000476837158,-0.5,-0.006750449538230896,0.019999999552965164,-1.0,-100.0,-0.019999999552965164,-0.5400377511978149
1338,24928,1,1068,1,OP3,FIXED_OPPONENT,train,SCRIPTED:OP3,0,2,3,-1,18,0.19999998807907104,1,0,2,11.0,10.797312418619791,-1.2000000476837158,0.0,-0.014279782772064209,0.019999999552965164,0.0,0.0,0.0,-0.2604256570339203
1339,24952,1,1071,1,OP3,FIXED_OPPONENT,train,SCRIPTED:OP3,0,2,3,-1,19,0.1599999964237213,1,0,3,12.0,9.627435784590872,-1.2000000476837158,-0.4000000059604645,-0.010634079575538635,0.019999999552965164,-1.0,-100.0,0.0,-0.5209270715713501
1340,24960,1,1072,2,OP3,FIXED_OPPONENT,train,SCRIPTED:OP3,1,3,2,1,19,0.3999999761581421,1,0,0,12.0,10.438223587839227,1.5,0.0,-0.009563490748405457,0.0,0.0,0.0,0.0,0.3213602602481842
1341,25000,1,1077,3,OP3,FIXED_OPPONENT,train,SCRIPTED:OP3,1,3,2,1,18,0.07999999821186066,1,0,0,12.0,11.255724589029947,1.5,0.4000000059604645,-0.0024095475673675537,0.029999999329447746,1.0,100.0,0.0,0.568250298500061
1342,25008,1,1078,2,OP3,FIXED_OPPONENT,train,SCRIPTED:OP3,1,3,2,1,16,0.19999998807907104,1,0,1,11.0,11.382247924804688,1.5,0.5,0.0009801387786865234,0.029999999329447746,1.0,100.0,-0.019999999552965164,0.5802059173583984
1343,25032,1,1081,2,OP3,FIXED_OPPONENT,train,SCRIPTED:OP3,1,3,2,1,18,0.2800000011920929,1,0,0,11.0,11.884750366210938,1.5,0.0,0.0017714425921440125,0.0,0.0,0.0,0.0,0.3215409517288208
1344,25056,1,1084,3,OP3,FIXED_OPPONENT,train,SCRIPTED:OP3,1,3,2,1,21,0.19999998807907104,1,0,7,14.0,10.813926333472843,1.5,1.0,-0.0011329203844070435,0.029999999329447746,2.0,200.0,0.0,0.7618095874786377
1345,25056,1,1084,3,OP3,FIXED_OPPONENT,train,SCRIPTED:OP3,0,2,3,-1,17,0.11999999731779099,1,0,0,13.0,11.691501393037683,-1.2000000476837158,-0.5,-0.013825610280036926,0.0,-1.0,-100.0,-0.019999999552965164,-0.5403786897659302
1346,25072,1,1086,2,OP3,FIXED_OPPONENT,train,SCRIPTED:OP3,1,3,2,1,18,0.23999999463558197,1,0,0,11.0,10.11051517062717,1.5,0.4000000059604645,2.562999725341797e-06,0.029999999329447746,1.0,100.0,0.0,0.5682793855667114
1347,25096,1,1089,0,OP3,FIXED_OPPONENT,train,SCRIPTED:OP3,1,3,1,2,18,0.2800000011920929,1,0,0,11.0,11.164310879177517,1.5,0.5,0.0187806636095047,0.02499999850988388,1.0,100.0,0.0,0.5832966566085815
1348,25104,1,1090,1,OP3,FIXED_OPPONENT,train,SCRIPTED:OP3,0,3,3,0,18,0.23999999463558197,1,0,7,11.0,11.546639336480034,-0.699999988079071,0.0,-0.009354427456855774,0.0,0.0,0.0,-0.019999999552965164,-0.15881061553955078
1349,25144,1,1095,2,OP3,FIXED_OPPONENT,train,SCRIPTED:OP3,1,3,2,1,18,0.3199999928474426,1,0,0,11.0,9.001112196180555,1.5,0.4000000059604645,-0.0104561448097229,0.014999999664723873,1.0,100.0,0.0,0.5679728984832764
1350,25184,1,1100,3,OP3,FIXED_OPPONENT,train,SCRIPTED:OP3,0,2,3,-1,22,0.1599999964237213,0,1,4,15.0,10.716590187766336,-1.2000000476837158,-0.5,0.0007261335849761963,0.019999999552965164,-1.0,-100.0,0.0,-0.5367873907089233
1351,25184,1,1100,3,OP3,FIXED_OPPONENT,train,SCRIPTED:OP3,0,2,3,-1,19,0.23999999463558197,1,0,3,12.0,9.666725560238486,-1.2000000476837158,-0.5,0.005114153027534485,0.019999999552965164,-1.0,-100.0,0.0,-0.5367318391799927
1352,25200,1,1102,1,OP3,FIXED_OPPONENT,train,SCRIPTED:OP3,1,3,2,1,18,0.1599999964237213,1,0,2,11.0,11.524612426757812,1.5,1.0,0.0028907209634780884,0.029999999329447746,2.0,200.0,0.0,0.7618395686149597
1353,25208,1,1103,3,OP3,FIXED_OPPONENT,train,SCRIPTED:OP3,1,3,2,1,17,0.19999998807907104,1,0,1,11.0,9.906280517578125,1.5,0.5,-0.012315884232521057,0.014999999664723873,1.0,100.0,0.0,0.5828144550323486
1354,25224,1,1105,1,OP3,FIXED_OPPONENT,train,SCRIPTED:OP3,1,3,2,1,21,0.2800000011920929,1,0,8,14.0,9.142879667736235,1.5,1.0,-0.02446231245994568,0.029999999329447746,2.0,200.0,-0.019999999552965164,0.7597628831863403
1355,25248,1,1108,0,OP3,FIXED_OPPONENT,train,SCRIPTED:OP3,0,2,3,-1,19,0.19999998807907104,1,0,0,12.0,10.432173879523026,-1.2000000476837158,-0.5,-0.011990651488304138,0.019999999552965164,-1.0,-100.0,-0.019999999552965164,-0.5401037931442261
1356,25256,1,1109,3,OP3,FIXED_OPPONENT,train,SCRIPTED:OP3,0,3,3,0,19,0.2800000011920929,1,0,3,12.0,9.391082763671875,-0.699999988079071,0.0,-0.008719928562641144,0.0,0.0,0.0,0.0,-0.1544642299413681
1357,25288,1,1113,1,OP3,FIXED_OPPONENT,train,SCRIPTED:OP3,1,3,2,1,18,0.23999999463558197,1,0,10,12.0,9.247886657714844,1.5,0.4000000059604645,-0.004043594002723694,0.029999999329447746,1.0,100.0,0.0,0.5682306289672852
1358,25336,1,1119,3,OP3,FIXED_OPPONENT,train,SCRIPTED:OP3,0,3,3,0,19,0.1599999964237213,1,0,4,12.0,11.652440924393503,-0.699999988079071,0.0,-0.009574174880981445,0.0,0.0,0.0,0.0,-0.15447905659675598
1359,25336,1,1119,0,OP3,FIXED_OPPONENT,train,SCRIPTED:OP3,0,3,3,0,19,0.23999999463558197,1,0,3,12.0,10.249869095651727,-0.699999988079071,0.5,0.0001261383295059204,0.0,1.0,100.0,0.0,0.175930455327034
1360,25352,1,1121,0,OP3,FIXED_OPPONENT,train,SCRIPTED:OP3,0,2,3,-1,19,0.1599999964237213,1,0,6,12.0,9.27179597553454,-1.2000000476837158,0.0,0.011995911598205566,0.019999999552965164,0.0,0.0,0.0,-0.2599901556968689
1361,25352,1,1121,0,OP3,FIXED_OPPONENT,train,SCRIPTED:OP3,0,2,3,-1,18,0.19999998807907104,1,0,5,11.0,10.992253621419271,-1.2000000476837158,-0.5,0.010783374309539795,0.019999999552965164,-1.0,-100.0,0.0,-0.5366601347923279
1362,25376,1,1124,0,OP3,FIXED_OPPONENT,train,SCRIPTED:OP3,0,2,3,-1,19,0.19999998807907104,1,0,0,12.0,11.474158036081414,-1.2000000476837158,-0.5,-0.002874821424484253,0.019999999552965164,-1.0,-100.0,-0.019999999552965164,-0.5399888753890991
1363,25384,1,1125,0,OP3,FIXED_OPPONENT,train,SCRIPTED:OP3,1,3,2,1,17,0.23999999463558197,1,0,3,12.0,10.092666625976562,1.5,0.0,-0.010378584265708923,0.0,0.0,0.0,-0.019999999552965164,0.3173561096191406
1364,25416,1,1129,2,OP3,FIXED_OPPONENT,train,SCRIPTED:OP3,0,2,3,-1,20,0.1599999964237213,1,0,3,13.0,10.26017074584961,-1.2000000476837158,-0.5,0.00016044080257415771,0.019999999552965164,-1.0,-100.0,-0.03999999910593033,-0.5430917739868164
1365,25456,1,1134,3,OP3,FIXED_OPPONENT,train,SCRIPTED:OP3,0,3,3,0,21,0.23999999463558197,1,0,7,14.0,9.788455054873513,-0.699999988079071,0.0,-0.006107807159423828,0.0,0.0,0.0,0.0,-0.15441890060901642
1366,25480,1,1137,1,OP3,FIXED_OPPONENT,train,SCRIPTED:OP3,0,2,3,-1,18,0.2800000011920929,1,0,1,11.0,11.156705220540365,-1.2000000476837158,-0.4000000059604645,0.0015849322080612183,0.019999999552965164,-1.0,-100.0,-0.019999999552965164,-0.524000346660614
1367,25480,1,1137,1,OP3,FIXED_OPPONENT,train,SCRIPTED:OP3,0,2,3,-1,16,0.23999999463558197,1,0,0,11.0,11.027246475219727,-1.2000000476837158,0.0,0.007378444075584412,0.0,0.0,0.0,0.0,-0.26039814949035645
1368,25488,1,1138,0,OP3,FIXED_OPPONENT,train,SCRIPTED:OP3,0,2,3,-1,17,0.1599999964237213,1,0,2,11.0,10.877975463867188,-1.2000000476837158,-0.4000000059604645,-0.0024682581424713135,0.0,-1.0,-100.0,0.0,-0.5210803151130676
1369,25488,1,1138,1,OP3,FIXED_OPPONENT,train,SCRIPTED:OP3,0,3,3,0,19,0.23999999463558197,1,0,1,12.0,11.409543489155016,-0.699999988079071,0.0,0.00823301076889038,0.0,0.0,0.0,0.0,-0.15417002141475677
1370,25520,1,1142,0,OP3,FIXED_OPPONENT,train,SCRIPTED:OP3,0,3,3,0,18,0.35999998450279236,1,0,2,11.0,10.855395846896702,-0.699999988079071,0.0,0.007599771022796631,0.0,0.0,0.0,0.0,-0.15418101847171783
1371,25528,1,1143,3,OP3,FIXED_OPPONENT,train,SCRIPTED:OP3,1,3,2,1,18,0.3199999928474426,1,0,1,11.0,10.200659857855904,1.5,0.5,0.00035484135150909424,0.014999999664723873,1.0,100.0,-0.019999999552965164,0.5800215601921082
1372,25560,1,1147,2,OP3,FIXED_OPPONENT,train,SCRIPTED:OP3,0,2,3,-1,18,0.1599999964237213,1,0,0,11.0,12.393099466959635,-1.2000000476837158,-0.5,-0.0014924854040145874,0.019999999552965164,-1.0,-100.0,0.0,-0.5368154644966125
1373,25608,1,1153,0,OP3,FIXED_OPPONENT,train,SCRIPTED:OP3,1,3,1,2,15,0.3199999928474426,1,0,1,11.0,9.474403889973958,1.5,0.5,-0.022954106330871582,0.029999999329447746,1.0,100.0,0.0,0.5828655958175659
1374,25616,1,1154,3,OP3,FIXED_OPPONENT,train,SCRIPTED:OP3,1,3,2,1,20,0.23999999463558197,1,0,3,13.0,9.893887329101563,1.5,0.5,-0.036434948444366455,0.029999999329447746,1.0,100.0,0.0,0.582707405090332
1375,25616,1,1154,1,OP3,FIXED_OPPONENT,train,SCRIPTED:OP3,0,2,3,-1,17,0.2800000011920929,1,0,2,11.0,10.244884715360755,-1.2000000476837158,-0.4000000059604645,-0.0006609708070755005,0.019999999552965164,-1.0,-100.0,-0.019999999552965164,-0.5240293741226196
1376,25632,1,1156,3,OP3,FIXED_OPPONENT,train,SCRIPTED:OP3,1,3,2,1,19,0.1599999964237213,1,0,0,12.0,12.05111373098273,1.5,0.5,-0.03257085382938385,0.014999999664723873,1.0,100.0,0.0,0.5825766324996948
1377,25640,1,1157,2,OP3,FIXED_OPPONENT,train,SCRIPTED:OP3,1,3,2,1,19,0.23999999463558197,1,0,5,12.0,9.55387316252056,1.5,0.5,-0.009025245904922485,0.029999999329447746,1.0,100.0,-0.019999999552965164,0.5800879001617432
1378,25648,1,1158,1,OP3,FIXED_OPPONENT,train,SCRIPTED:OP3,1,3,2,1,15,0.19999998807907104,1,0,0,11.0,11.857183837890625,1.5,0.5,0.006378874182701111,0.029999999329447746,1.0,100.0,-0.019999999552965164,0.580269455909729
1379,25664,1,1160,2,OP3,FIXED_OPPONENT,train,SCRIPTED:OP3,0,3,3,0,18,0.35999998450279236,1,0,1,11.0,10.45287831624349,-0.699999988079071,0.0,0.0013599693775177002,0.0,0.0,0.0,-0.019999999552965164,-0.15862494707107544
1380,25680,1,1162,2,OP3,FIXED_OPPONENT,train,SCRIPTED:OP3,1,3,1,2,15,0.19999998807907104,1,0,0,11.0,13.183992513020833,1.5,0.5,0.003540351986885071,0.029999999329447746,1.0,100.0,0.0,0.5831765532493591
1381,25752,1,1171,0,OP3,FIXED_OPPONENT,train,SCRIPTED:OP3,1,3,2,1,18,0.1599999964237213,1,0,0,12.0,11.156611124674479,1.5,0.4000000059604645,-0.0072314441204071045,0.029999999329447746,1.0,100.0,-0.019999999552965164,0.5651751756668091
1382,25760,1,1172,2,OP3,FIXED_OPPONENT,train,SCRIPTED:OP3,1,3,2,1,18,0.2800000011920929,1,0,0,12.0,10.519995795355904,1.5,0.4000000059604645,-0.007707536220550537,0.029999999329447746,1.0,100.0,0.0,0.5681865811347961
1383,25760,1,1172,2,OP3,FIXED_OPPONENT,train,SCRIPTED:OP3,0,2,3,-1,18,0.1599999964237213,1,0,2,11.0,11.136741638183594,-1.2000000476837158,-0.4000000059604645,0.000604778528213501,0.019999999552965164,-1.0,-100.0,0.0,-0.5207814574241638
1384,25776,1,1174,1,OP3,FIXED_OPPONENT,train,SCRIPTED:OP3,1,3,2,1,18,0.19999998807907104,1,0,0,11.0,11.776507907443577,1.5,0.0,-0.009631358087062836,0.0,0.0,0.0,-0.019999999552965164,0.3173680603504181
1385,25784,1,1175,0,OP3,FIXED_OPPONENT,train,SCRIPTED:OP3,0,3,3,0,18,0.23999999463558197,1,0,0,11.0,12.29691653781467,-0.699999988079071,0.0,-0.0013840273022651672,0.0,0.0,0.0,0.0,-0.15433692932128906
1386,25792,1,1176,1,OP3,FIXED_OPPONENT,train,SCRIPTED:OP3,1,3,2,1,18,0.2800000011920929,1,0,1,11.0,10.223234388563368,1.5,0.4000000059604645,0.008646532893180847,0.029999999329447746,1.0,100.0,0.0,0.5683833360671997
1387,25808,1,1178,0,OP3,FIXED_OPPONENT,train,SCRIPTED:OP3,0,2,3,-1,18,0.23999999463558197,1,0,6,11.0,10.370349460177952,-1.2000000476837158,-0.4000000059604645,-0.010368585586547852,0.019999999552965164,-1.0,-100.0,0.0,-0.5209235548973083
1388,25840,1,1182,2,OP3,FIXED_OPPONENT,train,SCRIPTED:OP3,0,3,3,0,20,0.3199999928474426,1,0,2,11.0,9.406837463378906,-0.699999988079071,0.0,-0.007717922329902649,0.0,0.0,0.0,-0.019999999552965164,-0.1587822586297989
1389,25904,1,1190,1,OP3,FIXED_OPPONENT,train,SCRIPTED:OP3,0,2,3,-1,18,0.19999998807907104,1,0,3,11.0,10.188059488932291,-1.2000000476837158,-0.5,0.013562425971031189,0.019999999552965164,-1.0,-100.0,-0.019999999552965164,-0.539781928062439
1390,25904,1,1190,0,OP3,FIXED_OPPONENT,train,SCRIPTED:OP3,0,3,3,0,18,0.3199999928474426,1,0,0,11.0,11.098203870985243,-0.699999988079071,0.0,0.003464415669441223,0.0,0.0,0.0,0.0,-0.1542527675628662
1391,25904,1,1190,2,OP3,FIXED_OPPONENT,train,SCRIPTED:OP3,1,3,2,1,19,0.23999999463558197,1,0,1,12.0,10.725862201891447,1.5,0.4000000059604645,-0.008281901478767395,0.014999999664723873,1.0,100.0,0.0,0.5679990649223328
1392,25920,1,1192,3,OP3,FIXED_OPPONENT,train,SCRIPTED:OP3,0,2,3,-1,18,0.23999999463558197,1,0,2,11.0,10.738751729329428,-1.2000000476837158,-0.5,-0.006306499242782593,0.019999999552965164,-1.0,-100.0,0.0,-0.536876380443573
1393,25936,1,1194,1,OP3,FIXED_OPPONENT,train,SCRIPTED:OP3,1,3,2,1,19,0.19999998807907104,1,0,2,12.0,11.001222309313322,1.5,0.5,-0.026109367609024048,0.029999999329447746,1.0,100.0,-0.019999999552965164,0.5798863172531128
1394,25944,1,1195,0,OP3,FIXED_OPPONENT,train,SCRIPTED:OP3,0,2,3,-1,19,0.3199999928474426,1,0,1,12.0,9.973621569181743,-1.2000000476837158,-0.5,0.014975965023040771,0.0,-1.0,-100.0,-0.019999999552965164,-0.5400160551071167
1395,25960,1,1197,2,OP3,FIXED_OPPONENT,train,SCRIPTED:OP3,0,3,3,0,19,0.19999998807907104,1,0,4,12.0,10.01682562577097,-0.699999988079071,0.0,0.003800824284553528,0.0,0.0,0.0,0.0,-0.15424694120883942
1396,25992,1,1201,2,OP3,FIXED_OPPONENT,train,SCRIPTED:OP3,0,3,3,0,19,0.3199999928474426,1,0,0,12.0,10.448054263466283,-0.699999988079071,0.0,-0.010113611817359924,0.0,0.0,0.0,0.0,-0.15448839962482452
1397,26048,1,1208,0,OP3,FIXED_OPPONENT,train,SCRIPTED:OP3,0,3,3,0,18,0.23999999463558197,1,0,2,11.0,11.413416544596354,-0.699999988079071,0.5,-0.009229987859725952,0.0,1.0,100.0,0.0,0.17576926946640015
1398,26048,1,1208,2,OP3,FIXED_OPPONENT,train,SCRIPTED:OP3,1,3,2,1,18,0.1599999964237213,1,0,0,13.0,11.256573147243923,1.5,0.5,-0.020888790488243103,0.029999999329447746,1.0,100.0,0.0,0.5828899145126343
1399,26056,1,1209,1,OP3,FIXED_OPPONENT,train,SCRIPTED:OP3,0,2,3,-1,19,0.11999999731779099,1,0,6,11.0,10.725108096474095,-1.2000000476837158,0.0,0.005534559488296509,0.019999999552965164,0.0,0.0,0.0,-0.2600972652435303
1400,26064,1,1210,3,OP3,FIXED_OPPONENT,train,SCRIPTED:OP3,0,2,3,-1,18,0.19999998807907104,1,0,1,11.0,11.546912299262154,-1.2000000476837158,-0.4000000059604645,-0.010031014680862427,0.0,-1.0,-100.0,-0.019999999552965164,-0.5244079828262329
1401,26080,1,1212,3,OP3,FIXED_OPPONENT,train,SCRIPTED:OP3,0,3,3,0,18,0.2800000011920929,1,0,4,11.0,10.064815097384983,-0.699999988079071,0.0,-0.010070674121379852,0.0,0.0,0.0,0.0,-0.15448768436908722
1402,26104,1,1215,1,OP3,FIXED_OPPONENT,train,SCRIPTED:OP3,0,2,3,-1,18,0.3199999928474426,1,0,0,11.0,11.089095221625435,-1.2000000476837158,-0.5,-0.006830260157585144,0.0,-1.0,-100.0,-0.019999999552965164,-0.5402905941009521
1403,26112,1,1216,1,OP3,FIXED_OPPONENT,train,SCRIPTED:OP3,1,3,2,1,21,0.23999999463558197,1,0,0,14.0,9.958841233026414,1.5,0.5,-0.016387417912483215,0.029999999329447746,1.0,100.0,0.0,0.5829427242279053
1404,26136,1,1219,1,OP3,FIXED_OPPONENT,train,SCRIPTED:OP3,1,3,2,1,18,0.11999999731779099,1,0,1,11.0,11.439683702256945,1.5,0.4000000059604645,0.004584595561027527,0.029999999329447746,1.0,100.0,0.0,0.5683345198631287
1405,26176,1,1224,0,OP3,FIXED_OPPONENT,train,SCRIPTED:OP3,1,3,2,1,16,0.11999999731779099,1,0,0,12.0,11.529071807861328,1.5,0.0,-0.0024108141660690308,0.0,0.0,0.0,-0.019999999552965164,0.31748348474502563
1406,26192,1,1226,3,OP3,FIXED_OPPONENT,train,SCRIPTED:OP3,1,3,2,1,18,0.23999999463558197,1,0,0,12.0,11.344292534722221,1.5,0.0,0.006872013211250305,0.0,0.0,0.0,-0.019999999552965164,0.31763187050819397
1407,26208,1,1228,1,OP3,FIXED_OPPONENT,train,SCRIPTED:OP3,0,3,3,0,18,0.2800000011920929,1,0,1,11.0,10.844060262044271,-0.699999988079071,0.0,0.008944600820541382,0.0,0.0,0.0,0.0,-0.15415766835212708
1408,26208,1,1228,1,OP3,FIXED_OPPONENT,train,SCRIPTED:OP3,1,3,2,1,19,0.2800000011920929,1,0,1,12.0,10.104737934313322,1.5,0.5,-0.01357695460319519,0.029999999329447746,1.0,100.0,0.0,0.5829757452011108
1409,26232,1,1231,1,OP3,FIXED_OPPONENT,train,SCRIPTED:OP3,0,2,3,-1,19,0.19999998807907104,1,0,4,12.0,9.964818050986842,-1.2000000476837158,0.0,0.008853763341903687,0.0,0.0,0.0,0.0,-0.26037371158599854
1410,26256,1,1234,3,OP3,FIXED_OPPONENT,train,SCRIPTED:OP3,1,3,2,1,18,0.1599999964237213,1,0,3,11.0,10.473718431260851,1.5,0.5,-0.019775614142417908,0.029999999329447746,1.0,100.0,0.0,0.5829030275344849
1411,26272,1,1236,0,OP3,FIXED_OPPONENT,train,SCRIPTED:OP3,0,2,3,-1,21,0.19999998807907104,1,0,6,14.0,11.0663328624907,-1.2000000476837158,-0.5,0.007400929927825928,0.019999999552965164,-1.0,-100.0,0.0,-0.5367029309272766
1412,26280,1,1237,0,OP3,FIXED_OPPONENT,train,SCRIPTED:OP3,0,2,3,-1,18,0.23999999463558197,1,0,3,11.0,8.902431064181858,-1.2000000476837158,-0.4000000059604645,0.0010770559310913086,0.019999999552965164,-1.0,-100.0,0.0,-0.520775318145752
1413,26328,1,1243,2,OP3,FIXED_OPPONENT,train,SCRIPTED:OP3,1,3,2,1,19,0.19999998807907104,1,0,1,12.0,10.465690211245889,1.5,0.5,-0.04419495910406113,0.029999999329447746,1.0,100.0,0.0,0.5826162695884705
1414,26344,1,1245,1,OP3,FIXED_OPPONENT,train,SCRIPTED:OP3,1,3,2,1,19,0.23999999463558197,1,0,2,12.0,8.751419870476974,1.5,0.4000000059604645,-0.009370163083076477,0.029999999329447746,1.0,100.0,0.0,0.5681665539741516
1415,26352,1,1246,0,OP3,FIXED_OPPONENT,train,SCRIPTED:OP3,0,3,3,0,18,0.3199999928474426,1,0,1,12.0,9.695724487304688,-0.699999988079071,0.0,0.008767753839492798,0.0,0.0,0.0,0.0,-0.154160737991333
1416,26392,1,1251,2,OP3,FIXED_OPPONENT,train,SCRIPTED:OP3,0,3,3,0,23,0.35999998450279236,1,0,10,15.0,8.76536162003227,-0.699999988079071,0.0,-0.010380595922470093,0.0,0.0,0.0,0.0,-0.154493048787117
1417,26408,1,1253,3,OP3,FIXED_OPPONENT,train,SCRIPTED:OP3,0,2,3,-1,22,0.35999998450279236,1,0,3,15.0,9.827353737571023,-1.2000000476837158,-0.5,-0.00660376250743866,0.0,-1.0,-100.0,0.0,-0.5371331572532654
1418,26416,1,1254,1,OP3,FIXED_OPPONENT,train,SCRIPTED:OP3,1,3,2,1,20,0.1599999964237213,1,0,2,12.0,10.744797515869141,1.5,0.5,-0.025518998503684998,0.029999999329447746,1.0,100.0,-0.019999999552965164,0.5798933506011963
1419,26416,1,1254,2,OP3,FIXED_OPPONENT,train,SCRIPTED:OP3,1,3,2,1,18,0.1599999964237213,1,0,0,11.0,11.660850524902344,1.5,0.5,0.014233268797397614,0.029999999329447746,1.0,100.0,0.0,0.5833020210266113
1420,26456,1,1259,2,OP3,FIXED_OPPONENT,train,SCRIPTED:OP3,1,3,2,1,22,0.19999998807907104,1,0,2,15.0,10.40490029074929,1.5,0.5,-0.020237118005752563,0.029999999329447746,1.0,100.0,0.0,0.5828975439071655
1421,26488,1,1263,2,OP3,FIXED_OPPONENT,train,SCRIPTED:OP3,0,2,3,-1,20,0.19999998807907104,1,0,7,13.0,9.496695709228515,-1.2000000476837158,-0.5,0.015608459711074829,0.019999999552965164,-1.0,-100.0,-0.019999999552965164,-0.539756178855896
1422,26496,1,1264,3,OP3,FIXED_OPPONENT,train,SCRIPTED:OP3,1,3,2,1,19,0.2800000011920929,1,0,2,12.0,11.04939109400699,1.5,0.0,-0.010006770491600037,0.0,0.0,0.0,0.0,0.3213531970977783
1423,26496,1,1264,1,OP3,FIXED_OPPONENT,train,SCRIPTED:OP3,0,3,3,0,18,0.19999998807907104,1,0,5,11.0,10.19596947564019,-0.699999988079071,0.0,0.006974160671234131,0.0,0.0,0.0,0.0,-0.15419186651706696
1424,26536,1,1269,2,OP3,FIXED_OPPONENT,train,SCRIPTED:OP3,1,3,2,1,18,0.19999998807907104,1,0,1,11.0,10.3372802734375,1.5,0.5,0.0034983456134796143,0.029999999329447746,1.0,100.0,0.0,0.5831760764122009
1425,26552,1,1271,2,OP3,FIXED_OPPONENT,train,SCRIPTED:OP3,1,3,2,1,18,0.23999999463558197,1,0,0,11.0,10.245741102430555,1.5,0.0,-0.006954222917556763,0.0,0.0,0.0,-0.019999999552965164,0.3174108564853668
1426,26560,1,1272,3,OP3,FIXED_OPPONENT,train,SCRIPTED:OP3,1,3,1,2,18,0.35999998450279236,1,0,1,11.0,9.624696519639757,1.5,0.5,-0.011042028665542603,0.014999999664723873,1.0,100.0,0.0,0.5828294157981873
1427,26576,1,1274,2,OP3,FIXED_OPPONENT,train,SCRIPTED:OP3,0,2,3,-1,20,0.2800000011920929,1,0,0,11.0,10.74866943359375,-1.2000000476837158,-0.5,0.01603122055530548,0.0,-1.0,-100.0,0.0,-0.5368468165397644
1428,26616,1,1279,1,OP3,FIXED_OPPONENT,train,SCRIPTED:OP3,1,3,2,1,20,0.19999998807907104,1,0,1,13.0,10.81438980102539,1.5,0.5,-0.003431059420108795,0.029999999329447746,1.0,100.0,-0.019999999552965164,0.5801538228988647
1429,26624,1,1280,2,OP3,FIXED_OPPONENT,train,SCRIPTED:OP3,1,3,2,1,17,0.2800000011920929,1,0,4,12.0,9.759972067440257,1.5,0.5,0.0026428401470184326,0.014999999664723873,1.0,100.0,0.0,0.5829900503158569
1430,26640,1,1282,1,OP3,FIXED_OPPONENT,train,SCRIPTED:OP3,0,3,3,0,18,0.1599999964237213,1,0,2,11.0,10.195867750379774,-0.699999988079071,0.0,0.0036749541759490967,0.0,0.0,0.0,0.0,-0.1542491316795349
1431,26656,1,1284,2,OP3,FIXED_OPPONENT,train,SCRIPTED:OP3,0,3,3,0,20,0.3199999928474426,1,0,4,13.0,10.407718658447266,-0.699999988079071,0.0,0.008242934942245483,0.0,0.0,0.0,-0.019999999552965164,-0.1585056632757187
1432,26656,1,1284,3,OP3,FIXED_OPPONENT,train,SCRIPTED:OP3,1,3,1,2,15,0.23999999463558197,1,0,1,11.0,10.566321818033854,1.5,0.5,-0.014588713645935059,0.014999999664723873,1.0,100.0,-0.019999999552965164,0.5798452496528625
1433,26696,1,1289,1,OP3,FIXED_OPPONENT,train,SCRIPTED:OP3,0,2,3,-1,18,0.23999999463558197,1,0,2,11.0,10.905771891276041,-1.2000000476837158,-0.5,0.010915309190750122,0.0,-1.0,-100.0,0.0,-0.5369115471839905
1434,26720,1,1292,0,OP3,FIXED_OPPONENT,train,SCRIPTED:OP3,1,3,2,1,20,0.3199999928474426,1,0,2,13.0,9.943025970458985,1.5,0.5,-0.012331858277320862,0.029999999329447746,1.0,100.0,0.0,0.5829903483390808
1435,26744,1,1295,1,OP3,FIXED_OPPONENT,train,SCRIPTED:OP3,1,3,2,1,21,0.2800000011920929,1,0,0,15.0,12.065470377604166,1.5,0.5,0.020886927843093872,0.014999999664723873,1.0,100.0,0.0,0.5832041501998901
1436,26768,1,1298,3,OP3,FIXED_OPPONENT,train,SCRIPTED:OP3,0,3,3,0,19,0.1599999964237213,1,0,5,12.0,9.442982723838405,-0.699999988079071,0.0,0.007385626435279846,0.0,0.0,0.0,0.0,-0.1541847288608551
1437,26776,1,1299,3,OP3,FIXED_OPPONENT,train,SCRIPTED:OP3,1,3,2,1,19,0.19999998807907104,1,0,2,12.0,11.394758525647616,1.5,0.5,-0.00649552047252655,0.02499999850988388,1.0,100.0,0.0,0.583000123500824
1438,26800,1,1302,0,OP3,FIXED_OPPONENT,train,SCRIPTED:OP3,1,3,2,1,20,0.2800000011920929,1,0,3,13.0,10.136776733398438,1.5,0.4000000059604645,0.006250888109207153,0.02499999850988388,1.0,100.0,-0.019999999552965164,0.5652776956558228
1439,26800,1,1302,3,OP3,FIXED_OPPONENT,train,SCRIPTED:OP3,0,2,3,-1,18,0.19999998807907104,1,0,0,11.0,11.810963100857204,-1.2000000476837158,0.0,0.00023436546325683594,0.0,0.0,0.0,0.0,-0.26051655411720276
1440,26800,1,1302,0,OP3,FIXED_OPPONENT,train,SCRIPTED:OP3,0,2,3,-1,18,0.1599999964237213,1,0,0,11.0,11.108870612250435,-1.2000000476837158,-0.4000000059604645,-0.010544955730438232,0.019999999552965164,-1.0,-100.0,0.0,-0.5209259390830994
1441,26840,1,1307,3,OP3,FIXED_OPPONENT,train,SCRIPTED:OP3,0,2,3,-1,18,0.2800000011920929,1,0,6,11.0,9.327233208550346,-1.2000000476837158,-0.4000000059604645,-0.0012855380773544312,0.019999999552965164,-1.0,-100.0,0.0,-0.5208059549331665
1442,26856,1,1309,3,OP3,FIXED_OPPONENT,train,SCRIPTED:OP3,1,3,1,2,17,0.19999998807907104,1,0,0,12.0,10.802158131318933,1.5,0.5,-0.012049198150634766,0.014999999664723873,1.0,100.0,0.0,0.5828176140785217
1443,26888,1,1313,2,OP3,FIXED_OPPONENT,train,SCRIPTED:OP3,0,2,3,-1,18,0.19999998807907104,1,0,4,11.0,10.155292087131077,-1.2000000476837158,-0.4000000059604645,0.003013789653778076,0.019999999552965164,-1.0,-100.0,0.0,-0.5207502245903015
1444,26904,1,1315,2,OP3,FIXED_OPPONENT,train,SCRIPTED:OP3,1,3,1,2,17,0.23999999463558197,1,0,0,11.0,12.24519437902114,1.5,0.5,0.012256637215614319,0.029999999329447746,1.0,100.0,0.0,0.5832787752151489
1445,26928,1,1318,3,OP3,FIXED_OPPONENT,train,SCRIPTED:OP3,0,2,3,-1,19,0.23999999463558197,1,0,4,13.0,9.846778468081826,-1.2000000476837158,-0.5,-0.004090666770935059,0.0,-1.0,-100.0,0.0,-0.5371013283729553
1446,26944,1,1320,3,OP3,FIXED_OPPONENT,train,SCRIPTED:OP3,1,3,1,2,18,0.35999998450279236,1,0,0,12.0,10.209845648871529,1.5,0.5,-0.03480269014835358,0.02499999850988388,1.0,100.0,0.0,0.5826678276062012
1447,26944,1,1320,0,OP3,FIXED_OPPONENT,train,SCRIPTED:OP3,0,2,3,-1,18,0.19999998807907104,1,0,0,11.0,11.679960462782118,-1.2000000476837158,-0.4000000059604645,-0.010773047804832458,0.019999999552965164,-1.0,-100.0,0.0,-0.5209288597106934
1448,26968,1,1323,2,OP3,FIXED_OPPONENT,train,SCRIPTED:OP3,0,3,3,0,21,0.1599999964237213,1,0,4,11.0,11.149252755301339,-0.699999988079071,0.0,0.008187741041183472,0.0,0.0,0.0,-0.019999999552965164,-0.1585066169500351
1449,27000,1,1327,0,OP3,FIXED_OPPONENT,train,SCRIPTED:OP3,1,3,2,1,18,0.3199999928474426,1,0,0,12.0,11.393908182779947,1.5,0.5,-0.008865982294082642,0.029999999329447746,1.0,100.0,0.0,0.5830309391021729
1450,27008,1,1328,1,OP3,FIXED_OPPONENT,train,SCRIPTED:OP3,0,2,3,-1,21,0.19999998807907104,1,0,4,12.0,9.23765127999442,-1.2000000476837158,-0.5,0.007438644766807556,0.019999999552965164,-1.0,-100.0,0.0,-0.5367024540901184
1451,27032,1,1331,2,OP3,FIXED_OPPONENT,train,SCRIPTED:OP3,1,3,2,1,18,0.3199999928474426,1,0,1,11.0,11.681175231933594,1.5,0.4000000059604645,-0.005780667066574097,0.014999999664723873,1.0,100.0,0.0,0.5680291652679443
1452,27048,1,1333,0,OP3,FIXED_OPPONENT,train,SCRIPTED:OP3,1,3,2,1,18,0.23999999463558197,1,0,0,11.0,10.92118920220269,1.5,0.4000000059604645,0.00801318883895874,0.014999999664723873,1.0,100.0,0.0,0.5681952238082886
1453,27104,1,1340,2,OP3,FIXED_OPPONENT,train,SCRIPTED:OP3,1,3,2,1,22,0.3199999928474426,1,0,6,14.0,9.6560190374201,1.5,0.5,-0.0324086993932724,0.014999999664723873,1.0,100.0,0.0,0.5825785398483276
1454,27104,1,1340,3,OP3,FIXED_OPPONENT,train,SCRIPTED:OP3,0,2,3,-1,20,0.23999999463558197,1,0,6,12.0,9.380587768554687,-1.2000000476837158,-0.5,-0.007153898477554321,0.0,-1.0,-100.0,-0.019999999552965164,-0.5402946472167969
1455,27112,1,1341,2,OP3,FIXED_OPPONENT,train,SCRIPTED:OP3,1,3,2,1,21,0.1599999964237213,1,0,0,14.0,11.519326346261161,1.5,0.5,0.012503981590270996,0.029999999329447746,1.0,100.0,0.0,0.5832816958427429
1456,27120,1,1342,0,OP3,FIXED_OPPONENT,train,SCRIPTED:OP3,0,2,3,-1,19,0.23999999463558197,1,0,1,12.0,9.948026958264803,-1.2000000476837158,-0.5,-0.012801647186279297,0.0,-1.0,-100.0,0.0,-0.537211537361145
1457,27144,1,1345,0,OP3,FIXED_OPPONENT,train,SCRIPTED:OP3,0,2,3,-1,18,0.19999998807907104,1,0,4,11.0,9.64257558186849,-1.2000000476837158,-0.5,-0.0015408992767333984,0.019999999552965164,-1.0,-100.0,0.0,-0.5368160605430603
1458,27176,1,1349,3,OP3,FIXED_OPPONENT,train,SCRIPTED:OP3,1,3,2,1,18,0.19999998807907104,1,0,1,11.0,10.179629855685764,1.5,0.4000000059604645,0.002533048391342163,0.029999999329447746,1.0,100.0,0.0,0.5683099031448364
1459,27184,1,1350,3,OP3,FIXED_OPPONENT,train,SCRIPTED:OP3,1,3,2,1,22,0.3199999928474426,1,0,2,14.0,9.505246249112217,1.5,0.5,-0.04079051315784454,0.014999999664723873,1.0,100.0,0.0,0.5824800729751587
1460,27192,1,1351,2,OP3,FIXED_OPPONENT,train,SCRIPTED:OP3,1,3,2,1,18,0.19999998807907104,1,0,1,11.0,8.986590915256077,1.5,0.4000000059604645,-0.00991685688495636,0.029999999329447746,1.0,100.0,0.0,0.5681599378585815
1461,27248,1,1358,1,OP3,FIXED_OPPONENT,train,SCRIPTED:OP3,0,2,3,-1,17,0.19999998807907104,1,0,0,12.0,11.657277724322151,-1.2000000476837158,0.0,-0.0047417134046554565,0.0,0.0,0.0,0.0,-0.2605990171432495
1462,27256,1,1359,3,OP3,FIXED_OPPONENT,train,SCRIPTED:OP3,1,3,2,1,19,0.1599999964237213,1,0,3,12.0,10.289884065326891,1.5,0.5,0.016789212822914124,0.029999999329447746,1.0,100.0,0.0,0.5833319425582886
1463,27272,1,1361,2,OP3,FIXED_OPPONENT,train,SCRIPTED:OP3,1,3,2,1,21,0.23999999463558197,1,0,5,14.0,8.969526745024181,1.5,0.4000000059604645,-0.002910628914833069,0.029999999329447746,1.0,100.0,0.0,0.5682442784309387
1464,27280,1,1362,1,OP3,FIXED_OPPONENT,train,SCRIPTED:OP3,0,2,3,-1,20,0.35999998450279236,1,0,2,12.0,8.981008911132813,-1.2000000476837158,-0.5,0.006843775510787964,0.0,-1.0,-100.0,-0.019999999552965164,-0.5401184558868408
1465,27288,1,1363,0,OP3,FIXED_OPPONENT,train,SCRIPTED:OP3,0,2,3,-1,18,0.3199999928474426,1,0,1,11.0,9.079937405056423,-1.2000000476837158,-0.5,-0.008168905973434448,0.0,-1.0,-100.0,0.0,-0.537152886390686
1466,27312,1,1366,2,OP3,FIXED_OPPONENT,train,SCRIPTED:OP3,1,3,2,1,17,0.1599999964237213,1,0,0,11.0,11.610674689797793,1.5,0.4000000059604645,-0.010324329137802124,0.029999999329447746,1.0,100.0,0.0,0.5681551098823547
1467,27336,1,1369,0,OP3,FIXED_OPPONENT,train,SCRIPTED:OP3,0,3,3,0,19,0.11999999731779099,1,0,3,12.0,11.129124691611842,-0.699999988079071,0.0,-9.523332118988037e-05,0.0,0.0,0.0,0.0,-0.1543145477771759
1468,27336,1,1369,2,OP3,FIXED_OPPONENT,train,SCRIPTED:OP3,0,2,3,-1,18,0.1599999964237213,1,0,1,13.0,10.22363535563151,-1.2000000476837158,-0.4000000059604645,-0.010410487651824951,0.0,-1.0,-100.0,0.0,-0.52118319272995
1469,27400,1,1377,3,OP3,FIXED_OPPONENT,train,SCRIPTED:OP3,0,3,3,0,19,0.07999999821186066,1,0,5,11.0,10.101087068256579,-0.699999988079071,0.0,-0.005740933120250702,0.0,0.0,0.0,-0.019999999552965164,-0.15874800086021423
1470,27400,1,1377,3,OP3,FIXED_OPPONENT,train,SCRIPTED:OP3,0,2,3,-1,18,0.2800000011920929,1,0,5,11.0,10.690359327528212,-1.2000000476837158,-0.5,0.008698076009750366,0.019999999552965164,-1.0,-100.0,0.0,-0.5366865396499634
1471,27416,1,1379,0,OP3,FIXED_OPPONENT,train,SCRIPTED:OP3,0,2,3,-1,18,0.19999998807907104,1,0,3,11.0,10.19181399875217,-1.2000000476837158,-0.5,0.007548496127128601,0.019999999552965164,-1.0,-100.0,0.0,-0.5367010831832886
1472,27432,1,1381,1,OP3,FIXED_OPPONENT,train,SCRIPTED:OP3,0,2,3,-1,19,0.1599999964237213,1,0,6,12.0,11.237021998355264,-1.2000000476837158,-0.5,0.003902420401573181,0.019999999552965164,-1.0,-100.0,0.0,-0.5367471575737
1473,27440,1,1382,3,OP3,FIXED_OPPONENT,train,SCRIPTED:OP3,1,3,2,1,19,0.1599999964237213,1,0,1,12.0,11.434276380037007,1.5,0.5,-0.027770057320594788,0.029999999329447746,1.0,100.0,0.0,0.5828091502189636
1474,27456,1,1384,0,OP3,FIXED_OPPONENT,train,SCRIPTED:OP3,1,3,1,2,18,0.23999999463558197,1,0,0,11.0,10.724168565538195,1.5,0.5,0.0009149163961410522,0.014999999664723873,1.0,100.0,-0.019999999552965164,0.5800281763076782
1475,27480,1,1387,2,OP3,FIXED_OPPONENT,train,SCRIPTED:OP3,0,2,3,-1,18,0.19999998807907104,1,0,0,11.0,11.191093444824219,-1.2000000476837158,-0.4000000059604645,0.007124707102775574,0.019999999552965164,-1.0,-100.0,-0.019999999552965164,-0.5239289402961731
1476,27496,1,1389,3,OP3,FIXED_OPPONENT,train,SCRIPTED:OP3,1,3,2,1,20,0.35999998450279236,1,0,2,13.0,9.869752502441406,1.5,0.5,-0.035834938287734985,0.014999999664723873,1.0,100.0,-0.03999999910593033,0.576635479927063
1477,27552,1,1396,3,OP3,FIXED_OPPONENT,train,SCRIPTED:OP3,1,3,2,1,19,0.19999998807907104,1,0,6,12.0,10.256403872841283,1.5,0.5,-0.024768218398094177,0.029999999329447746,1.0,100.0,0.0,0.5828443765640259
1478,27552,1,1396,0,OP3,FIXED_OPPONENT,train,SCRIPTED:OP3,0,3,3,0,19,0.19999998807907104,1,0,2,12.0,12.137447959498354,-0.699999988079071,0.0,-0.005426064133644104,0.0,0.0,0.0,0.0,-0.1544070690870285
1479,27576,1,1399,0,OP3,FIXED_OPPONENT,train,SCRIPTED:OP3,1,3,2,1,18,0.23999999463558197,1,0,0,12.0,12.965153164333767,1.5,0.0,-0.009811028838157654,0.0,0.0,0.0,0.0,0.32135629653930664
1480,27576,1,1399,0,OP3,FIXED_OPPONENT,train,SCRIPTED:OP3,0,2,3,-1,17,0.23999999463558197,1,0,0,11.0,12.320339427274817,-1.2000000476837158,-0.5,0.013049185276031494,0.019999999552965164,-1.0,-100.0,-0.019999999552965164,-0.5397884249687195
1481,27584,1,1400,1,OP3,FIXED_OPPONENT,train,SCRIPTED:OP3,0,2,3,-1,21,0.2800000011920929,1,0,6,14.0,10.418826148623513,-1.2000000476837158,-0.5,0.015109226107597351,0.019999999552965164,-1.0,-100.0,0.0,-0.5366053581237793
1482,27600,1,1402,1,OP3,FIXED_OPPONENT,train,SCRIPTED:OP3,0,2,3,-1,18,0.11999999731779099,1,0,7,11.0,9.312321980794271,-1.2000000476837158,0.10000002384185791,0.0060028135776519775,0.019999999552965164,0.0,0.0,0.0,-0.23925353586673737
1483,27624,1,1405,0,OP3,FIXED_OPPONENT,train,SCRIPTED:OP3,0,3,3,0,18,0.19999998807907104,1,0,1,11.0,10.401540968153212,-0.699999988079071,0.0,-0.0002110600471496582,0.0,0.0,0.0,0.0,-0.15431655943393707
1484,27632,1,1406,2,OP3,FIXED_OPPONENT,train,SCRIPTED:OP3,0,2,3,-1,17,0.23999999463558197,1,0,2,11.0,11.357137343462776,-1.2000000476837158,-0.4000000059604645,-0.00779685378074646,0.019999999552965164,-1.0,-100.0,0.0,-0.5208902955055237
1485,27704,1,1415,3,OP3,FIXED_OPPONENT,train,SCRIPTED:OP3,1,3,2,1,19,0.11999999731779099,1,0,2,11.0,11.466768766704359,1.5,0.5,0.0032483935356140137,0.029999999329447746,1.0,100.0,0.0,0.5831730961799622
1486,27704,1,1415,3,OP3,FIXED_OPPONENT,train,SCRIPTED:OP3,0,3,3,0,19,0.19999998807907104,1,0,0,12.0,11.592277125308389,-0.699999988079071,0.0,-0.009735897183418274,0.0,0.0,0.0,0.0,-0.15448185801506042
1487,27720,1,1417,1,OP3,FIXED_OPPONENT,train,SCRIPTED:OP3,0,2,3,-1,18,0.19999998807907104,1,0,4,11.0,10.076635572645399,-1.2000000476837158,-0.5,-0.0023588240146636963,0.0,-1.0,-100.0,0.0,-0.537079393863678
1488,27728,1,1418,1,OP3,FIXED_OPPONENT,train,SCRIPTED:OP3,1,3,2,1,19,0.1599999964237213,1,0,2,12.0,10.239758943256579,1.5,0.5,-0.004689261317253113,0.014999999664723873,1.0,100.0,-0.019999999552965164,0.5799620151519775
1489,27736,1,1419,0,OP3,FIXED_OPPONENT,train,SCRIPTED:OP3,0,3,3,0,19,0.2800000011920929,1,0,1,12.0,10.543658607884458,-0.699999988079071,0.0,0.006921857595443726,0.0,0.0,0.0,0.0,-0.15419279038906097
1490,27744,1,1420,3,OP3,FIXED_OPPONENT,train,SCRIPTED:OP3,0,3,3,0,18,0.3199999928474426,1,0,1,11.0,10.004923502604166,-0.699999988079071,0.0,-0.0033847391605377197,0.0,0.0,0.0,0.0,-0.15437164902687073
1491,27760,1,1422,0,OP3,FIXED_OPPONENT,train,SCRIPTED:OP3,1,3,2,1,17,0.23999999463558197,1,0,0,11.0,10.603587431066176,1.5,0.4000000059604645,0.007484316825866699,0.02499999850988388,1.0,100.0,0.0,0.5683092474937439
1492,27800,1,1427,0,OP3,FIXED_OPPONENT,train,SCRIPTED:OP3,0,3,3,0,21,0.19999998807907104,1,0,6,14.0,11.583175659179688,-0.699999988079071,0.0,-0.0082135871052742,0.0,0.0,0.0,0.0,-0.15445543825626373
1493,27856,1,1434,0,OP3,FIXED_OPPONENT,train,SCRIPTED:OP3,0,2,3,-1,19,0.3199999928474426,1,0,4,13.0,9.441658421566611,-1.2000000476837158,-0.5,-0.0061579495668411255,0.019999999552965164,-1.0,-100.0,-0.019999999552965164,-0.5400302410125732
1494,27864,1,1435,2,OP3,FIXED_OPPONENT,train,SCRIPTED:OP3,0,3,3,0,20,0.23999999463558197,0,1,3,13.0,10.441622161865235,-0.699999988079071,0.5,-0.006401494145393372,0.0,1.0,100.0,-0.019999999552965164,0.1715075969696045
1495,27864,1,1435,3,OP3,FIXED_OPPONENT,train,SCRIPTED:OP3,0,2,3,-1,18,0.2800000011920929,1,0,0,11.0,12.88619656032986,-1.2000000476837158,-0.4000000059604645,-0.009408071637153625,0.0,-1.0,-100.0,0.0,-0.5211701989173889
1496,27872,1,1436,2,OP3,FIXED_OPPONENT,train,SCRIPTED:OP3,0,2,3,-1,18,0.19999998807907104,1,0,2,11.0,10.15673828125,-1.2000000476837158,-0.5,0.008548915386199951,0.019999999552965164,-1.0,-100.0,0.0,-0.5366883873939514
1497,27880,1,1437,0,OP3,FIXED_OPPONENT,train,SCRIPTED:OP3,0,2,3,-1,18,0.2800000011920929,1,0,4,11.0,9.311177571614584,-1.2000000476837158,0.0,-0.009943291544914246,0.0,0.0,0.0,-0.019999999552965164,-0.264822781085968
1498,27888,1,1438,3,OP3,FIXED_OPPONENT,train,SCRIPTED:OP3,0,3,3,0,18,0.2800000011920929,0,1,3,11.0,11.126135084364149,-0.699999988079071,0.5,-0.0034696459770202637,0.0,1.0,100.0,0.0,0.17586849629878998
1499,27904,1,1440,1,OP3,FIXED_OPPONENT,train,SCRIPTED:OP3,1,3,2,1,18,0.23999999463558197,1,0,3,11.0,9.027034335666233,1.5,0.5,-0.02080582082271576,0.029999999329447746,1.0,100.0,-0.019999999552965164,0.579948902130127
1500,27944,1,1445,2,OP3,FIXED_OPPONENT,train,SCRIPTED:OP3,0,2,3,-1,18,0.2800000011920929,1,0,2,12.0,9.970442877875435,-1.2000000476837158,-0.5,0.015712931752204895,0.0,-1.0,-100.0,-0.019999999552965164,-0.5400067567825317
1501,28000,1,1452,1,OP3,FIXED_OPPONENT,train,SCRIPTED:OP3,1,3,2,1,18,0.19999998807907104,1,0,1,11.0,11.89370388454861,1.5,0.4000000059604645,-0.006330274045467377,0.029999999329447746,1.0,100.0,0.0,0.5682031512260437
1502,28008,1,1453,2,OP3,FIXED_OPPONENT,train,SCRIPTED:OP3,1,3,2,1,18,0.07999999821186066,1,0,1,11.0,10.852595011393229,1.5,0.5,0.009807124733924866,0.029999999329447746,1.0,100.0,0.0,0.583250105381012
1503,28016,1,1454,0,OP3,FIXED_OPPONENT,train,SCRIPTED:OP3,0,2,3,-1,19,0.19999998807907104,1,0,1,12.0,11.22989293148643,-1.2000000476837158,-0.5,-0.005297452211380005,0.0,-1.0,-100.0,0.0,-0.537116527557373
1504,28024,1,1455,2,OP3,FIXED_OPPONENT,train,SCRIPTED:OP3,0,2,3,-1,19,0.1599999964237213,1,0,3,11.0,11.065641704358553,-1.2000000476837158,-0.5,-7.742643356323242e-05,0.019999999552965164,-1.0,-100.0,0.0,-0.5367975831031799
1505,28040,1,1457,2,OP3,FIXED_OPPONENT,train,SCRIPTED:OP3,1,3,2,1,20,0.19999998807907104,1,0,0,13.0,12.046027374267577,1.5,0.5,-0.0010075271129608154,0.029999999329447746,1.0,100.0,0.0,0.5831232070922852
1506,28040,1,1457,2,OP3,FIXED_OPPONENT,train,SCRIPTED:OP3,0,3,3,0,19,0.11999999731779099,1,0,0,12.0,10.12179244192023,-0.699999988079071,0.0,-0.009666383266448975,0.0,0.0,0.0,-0.019999999552965164,-0.15881602466106415
1507,28064,1,1460,0,OP3,FIXED_OPPONENT,train,SCRIPTED:OP3,0,3,3,0,20,0.19999998807907104,1,0,4,12.0,9.133384704589844,-0.699999988079071,0.0,-0.002065107226371765,0.0,0.0,0.0,0.0,-0.15434874594211578
1508,28088,1,1463,1,OP3,FIXED_OPPONENT,train,SCRIPTED:OP3,1,3,2,1,18,0.19999998807907104,1,0,0,11.0,11.084851582845053,1.5,0.5,-0.03377727419137955,0.029999999329447746,1.0,100.0,0.0,0.5827386379241943
1509,28152,1,1471,1,OP3,FIXED_OPPONENT,train,SCRIPTED:OP3,1,3,2,1,19,0.23999999463558197,1,0,6,12.0,10.20187056692023,1.5,0.5,0.01433543860912323,0.029999999329447746,1.0,100.0,0.0,0.5833032131195068
1510,28168,1,1473,3,OP3,FIXED_OPPONENT,train,SCRIPTED:OP3,0,2,3,-1,19,0.23999999463558197,1,0,2,11.0,9.774073550575658,-1.2000000476837158,-0.5,0.015082880854606628,0.019999999552965164,-1.0,-100.0,0.0,-0.536605715751648
1511,28168,1,1473,1,OP3,FIXED_OPPONENT,train,SCRIPTED:OP3,0,2,3,-1,18,0.1599999964237213,1,0,0,12.0,11.011010911729601,-1.2000000476837158,-0.5,0.014967843890190125,0.019999999552965164,-1.0,-100.0,0.0,-0.5366071462631226
1512,28168,1,1473,0,OP3,FIXED_OPPONENT,train,SCRIPTED:OP3,1,3,2,1,20,0.2800000011920929,1,0,6,13.0,9.602821350097656,1.5,0.0,-0.009052857756614685,0.0,0.0,0.0,-0.019999999552965164,0.3173772990703583
1513,28176,1,1474,3,OP3,FIXED_OPPONENT,train,SCRIPTED:OP3,1,3,1,2,17,0.2800000011920929,1,0,0,11.0,10.128691729377298,1.5,0.5,-0.00701923668384552,0.02499999850988388,1.0,100.0,0.0,0.5829939842224121
1514,28184,1,1475,0,OP3,FIXED_OPPONENT,train,SCRIPTED:OP3,0,2,3,-1,18,0.23999999463558197,1,0,2,11.0,10.781099955240885,-1.2000000476837158,-0.5,-0.0014923512935638428,0.019999999552965164,-1.0,-100.0,0.0,-0.5368154644966125
1515,28224,1,1480,1,OP3,FIXED_OPPONENT,train,SCRIPTED:OP3,1,3,2,1,20,0.4399999976158142,1,0,4,12.0,9.039169311523438,1.5,0.5,-0.006713554263114929,0.02499999850988388,1.0,100.0,-0.019999999552965164,0.5800561904907227
1516,28232,1,1481,0,OP3,FIXED_OPPONENT,train,SCRIPTED:OP3,0,2,3,-1,18,0.3199999928474426,1,0,0,11.0,10.388164944118923,-1.2000000476837158,-0.5,-0.0045973509550094604,0.0,-1.0,-100.0,0.0,-0.5371077060699463
1517,28304,1,1490,2,OP3,FIXED_OPPONENT,train,SCRIPTED:OP3,0,3,3,0,19,0.19999998807907104,1,0,2,12.0,10.242333663137336,-0.699999988079071,0.0,-0.009729310870170593,0.0,0.0,0.0,0.0,-0.15448173880577087
1518,28312,1,1491,0,OP3,FIXED_OPPONENT,train,SCRIPTED:OP3,0,2,3,-1,18,0.2800000011920929,1,0,1,11.0,11.627465142144096,-1.2000000476837158,-0.5,0.015461042523384094,0.0,-1.0,-100.0,0.0,-0.5368540287017822
1519,28312,1,1491,0,OP3,FIXED_OPPONENT,train,SCRIPTED:OP3,0,2,3,-1,18,0.3199999928474426,1,0,0,11.0,11.085369533962673,-1.2000000476837158,-0.4000000059604645,-0.006863981485366821,0.0,-1.0,-100.0,0.0,-0.5211372375488281
1520,28320,1,1492,3,OP3,FIXED_OPPONENT,train,SCRIPTED:OP3,0,2,3,-1,19,0.19999998807907104,1,0,5,12.0,9.871869538959704,-1.2000000476837158,-0.5,0.009737074375152588,0.019999999552965164,-1.0,-100.0,0.0,-0.536673367023468
1521,28328,1,1493,0,OP3,FIXED_OPPONENT,train,SCRIPTED:OP3,0,3,3,0,19,0.2800000011920929,1,0,3,12.0,10.467962164627878,-0.699999988079071,0.0,-0.010355696082115173,0.0,0.0,0.0,0.0,-0.1544926017522812
1522,28328,1,1493,0,OP3,FIXED_OPPONENT,train,SCRIPTED:OP3,0,2,3,-1,18,0.3199999928474426,1,0,8,11.0,9.62245347764757,-1.2000000476837158,0.10000002384185791,0.005674809217453003,0.019999999552965164,0.0,0.0,0.0,-0.2392590343952179
1523,28376,1,1499,1,OP3,FIXED_OPPONENT,train,SCRIPTED:OP3,0,3,3,0,19,0.19999998807907104,1,0,3,12.0,10.97692228618421,-0.699999988079071,0.0,-0.008073471486568451,0.0,0.0,0.0,-0.019999999552965164,-0.15878842771053314
1524,28384,1,1500,1,OP3,FIXED_OPPONENT,train,SCRIPTED:OP3,1,3,2,1,19,0.23999999463558197,1,0,3,12.0,9.489724410207648,1.5,0.5,0.014038130640983582,0.014999999664723873,1.0,100.0,-0.019999999552965164,0.5801830291748047
1525,28440,1,1507,1,OP3,FIXED_OPPONENT,train,SCRIPTED:OP3,1,3,2,1,17,0.3199999928474426,1,0,3,11.0,9.537721521714154,1.5,0.0,-0.001331821084022522,0.0,0.0,0.0,0.0,0.3214914798736572
1526,28440,1,1507,1,OP3,FIXED_OPPONENT,train,SCRIPTED:OP3,0,2,3,-1,16,0.2800000011920929,1,0,0,12.0,12.257810592651367,-1.2000000476837158,-0.5,-0.0064073652029037476,0.019999999552965164,-1.0,-100.0,-0.03999999910593033,-0.543174147605896
1527,28464,1,1510,0,OP3,FIXED_OPPONENT,train,SCRIPTED:OP3,1,3,2,1,18,0.2800000011920929,1,0,0,11.0,11.35058848063151,1.5,0.5,-0.01109248399734497,0.029999999329447746,1.0,100.0,0.0,0.5830048322677612
1528,28464,1,1510,0,OP3,FIXED_OPPONENT,train,SCRIPTED:OP3,1,3,2,1,19,0.23999999463558197,1,0,2,12.0,10.239726819490132,1.5,0.5,-0.038081929087638855,0.029999999329447746,1.0,100.0,0.0,0.58268803358078
1529,28472,1,1511,3,OP3,FIXED_OPPONENT,train,SCRIPTED:OP3,1,3,2,1,18,0.2800000011920929,1,0,2,11.0,11.466010199652779,1.5,0.5,0.0036318153142929077,0.014999999664723873,1.0,100.0,0.0,0.5830016136169434
1530,28480,1,1512,2,OP3,FIXED_OPPONENT,train,SCRIPTED:OP3,0,3,3,0,19,0.19999998807907104,1,0,6,12.0,9.881312320106908,-0.699999988079071,0.0,-0.0062852948904037476,0.0,0.0,0.0,0.0,-0.15442197024822235
1531,28520,1,1517,2,OP3,FIXED_OPPONENT,train,SCRIPTED:OP3,0,2,3,-1,18,0.2800000011920929,1,0,3,11.0,10.384441799587673,-1.2000000476837158,-0.4000000059604645,-0.0015039443969726562,0.019999999552965164,-1.0,-100.0,0.0,-0.520808756351471
1532,28552,1,1521,3,OP3,FIXED_OPPONENT,train,SCRIPTED:OP3,1,3,2,1,21,0.2800000011920929,0,1,6,14.0,9.384373256138392,1.5,0.5,-0.00010496377944946289,0.029999999329447746,1.0,100.0,0.0,0.5831338167190552
1533,28560,1,1522,0,OP3,FIXED_OPPONENT,train,SCRIPTED:OP3,0,2,3,-1,15,0.23999999463558197,1,0,0,11.0,11.749539184570313,-1.2000000476837158,-0.4000000059604645,-0.005573928356170654,0.019999999552965164,-1.0,-100.0,0.0,-0.5208615064620972
1534,28608,1,1528,2,OP3,FIXED_OPPONENT,train,SCRIPTED:OP3,0,2,3,-1,21,0.19999998807907104,1,0,4,12.0,10.086856660388765,-1.2000000476837158,-0.5,0.003852158784866333,0.0,-1.0,-100.0,0.0,-0.5370008945465088
1535,28616,1,1529,0,OP3,FIXED_OPPONENT,train,SCRIPTED:OP3,1,3,2,1,19,0.2800000011920929,1,0,2,12.0,10.407671476665296,1.5,0.5,-0.015842527151107788,0.014999999664723873,1.0,100.0,-0.019999999552965164,0.5798304677009583
1536,28616,1,1529,2,OP3,FIXED_OPPONENT,train,SCRIPTED:OP3,0,3,3,0,18,0.23999999463558197,1,0,2,11.0,10.64556630452474,-0.699999988079071,0.0,0.00880482792854309,0.0,0.0,0.0,-0.019999999552965164,-0.15849590301513672
1537,28632,1,1531,0,OP3,FIXED_OPPONENT,train,SCRIPTED:OP3,1,3,2,1,21,0.3199999928474426,1,0,3,12.0,10.08104015531994,1.5,0.5,-0.029118701815605164,0.014999999664723873,1.0,100.0,-0.019999999552965164,0.5796737670898438
1538,28632,1,1531,2,OP3,FIXED_OPPONENT,train,SCRIPTED:OP3,1,3,2,1,19,0.2800000011920929,1,0,1,12.0,11.188387419048109,1.5,1.0,-0.0011990070343017578,0.029999999329447746,2.0,200.0,0.0,0.7618090510368347
1539,28672,1,1536,3,OP3,FIXED_OPPONENT,train,SCRIPTED:OP3,1,3,2,1,19,0.1599999964237213,1,0,0,12.0,12.007546675832648,1.5,0.4000000059604645,0.008734047412872314,0.029999999329447746,1.0,100.0,0.0,0.5683844089508057
1540,28696,1,1539,0,OP3,FIXED_OPPONENT,train,SCRIPTED:OP3,0,2,3,-1,18,0.3199999928474426,1,0,2,11.0,10.029390970865885,-1.2000000476837158,-0.4000000059604645,-0.010503008961677551,0.0,-1.0,-100.0,-0.019999999552965164,-0.5244140625
1541,28712,1,1541,2,OP3,FIXED_OPPONENT,train,SCRIPTED:OP3,1,3,2,1,19,0.19999998807907104,1,0,2,12.0,9.813026026675576,1.5,0.5,-0.018931657075881958,0.029999999329447746,1.0,100.0,-0.019999999552965164,0.5799710154533386
1542,28744,1,1545,2,OP3,FIXED_OPPONENT,train,SCRIPTED:OP3,1,3,2,1,17,0.1599999964237213,1,0,1,11.0,12.674304737764245,1.5,0.0,-0.003177456557750702,0.0,0.0,0.0,0.0,0.32146206498146057
1543,28760,1,1547,0,OP3,FIXED_OPPONENT,train,SCRIPTED:OP3,1,3,1,2,18,0.3199999928474426,1,0,0,14.0,9.506883409288195,1.5,0.5,-0.002420172095298767,0.014999999664723873,1.0,100.0,-0.019999999552965164,0.5799888372421265
1544,28776,1,1549,0,OP3,FIXED_OPPONENT,train,SCRIPTED:OP3,0,2,3,-1,18,0.1599999964237213,1,0,0,11.0,10.69088406032986,-1.2000000476837158,-0.5,0.00831998884677887,0.019999999552965164,-1.0,-100.0,0.0,-0.5366913080215454
1545,28784,1,1550,3,OP3,FIXED_OPPONENT,train,SCRIPTED:OP3,0,2,3,-1,21,0.19999998807907104,1,0,3,14.0,10.477533249627976,-1.2000000476837158,-0.5,0.008132845163345337,0.019999999552965164,-1.0,-100.0,0.0,-0.5366936922073364
1546,28784,1,1550,0,OP3,FIXED_OPPONENT,train,SCRIPTED:OP3,0,3,3,0,19,0.2800000011920929,1,0,1,12.0,10.022700259560033,-0.699999988079071,0.0,-0.0016993135213851929,0.0,0.0,0.0,0.0,-0.1543423980474472
1547,28824,1,1555,3,OP3,FIXED_OPPONENT,train,SCRIPTED:OP3,1,3,2,1,19,0.2800000011920929,1,0,5,12.0,9.275571321186266,1.5,0.4000000059604645,0.00677897036075592,0.02499999850988388,1.0,100.0,-0.019999999552965164,0.5652841329574585
1548,28832,1,1556,0,OP3,FIXED_OPPONENT,train,SCRIPTED:OP3,1,3,2,1,17,0.11999999731779099,1,0,2,12.0,11.610061645507812,1.5,0.0,-0.010319888591766357,0.0,0.0,0.0,0.0,0.3213481903076172
1549,28872,1,1561,0,OP3,FIXED_OPPONENT,train,SCRIPTED:OP3,1,3,2,1,20,0.2800000011920929,1,0,0,12.0,9.569608306884765,1.5,0.5,-0.014457829296588898,0.029999999329447746,1.0,100.0,-0.019999999552965164,0.5800237655639648
1550,28872,1,1561,2,OP3,FIXED_OPPONENT,train,SCRIPTED:OP3,1,3,2,1,16,0.2800000011920929,1,0,0,11.0,9.178467750549316,1.5,0.0,-0.010111525654792786,0.0,0.0,0.0,-0.019999999552965164,0.31736037135124207
1551,28928,1,1568,2,OP3,FIXED_OPPONENT,train,SCRIPTED:OP3,0,2,3,-1,21,0.35999998450279236,1,0,5,12.0,10.110491798037575,-1.2000000476837158,-0.5,0.011945977807044983,0.019999999552965164,-1.0,-100.0,0.0,-0.5366454124450684
1552,28928,1,1568,2,OP3,FIXED_OPPONENT,train,SCRIPTED:OP3,0,2,3,-1,19,0.2800000011920929,1,0,0,12.0,11.751396580746299,-1.2000000476837158,-0.5,0.015204444527626038,0.019999999552965164,-1.0,-100.0,-0.019999999552965164,-0.5397612452507019
1553,28936,1,1569,2,OP3,FIXED_OPPONENT,train,SCRIPTED:OP3,0,3,3,0,19,0.2800000011920929,1,0,3,11.0,11.324512682462993,-0.699999988079071,0.0,-0.009366780519485474,0.0,0.0,0.0,0.0,-0.15447546541690826
1554,28936,1,1569,2,OP3,FIXED_OPPONENT,train,SCRIPTED:OP3,0,2,3,-1,19,0.23999999463558197,1,0,3,12.0,9.038346140008224,-1.2000000476837158,-0.5,0.008753135800361633,0.019999999552965164,-1.0,-100.0,-0.019999999552965164,-0.5398424863815308
1555,28968,1,1573,1,OP3,FIXED_OPPONENT,train,SCRIPTED:OP3,1,3,2,1,18,0.1599999964237213,1,0,3,11.0,10.291155497233072,1.5,0.5,0.008654296398162842,0.029999999329447746,1.0,100.0,0.0,0.583236575126648
1556,28976,1,1574,1,OP3,FIXED_OPPONENT,train,SCRIPTED:OP3,1,3,2,1,18,0.19999998807907104,1,0,2,11.0,11.103051927354601,1.5,0.5,-0.003420218825340271,0.014999999664723873,1.0,100.0,0.0,0.5829188823699951
1557,29016,1,1579,1,OP3,FIXED_OPPONENT,train,SCRIPTED:OP3,0,3,3,0,18,0.19999998807907104,1,0,0,11.0,11.92240736219618,-0.699999988079071,0.0,-0.00939924269914627,0.0,0.0,0.0,0.0,-0.15447601675987244
1558,29032,1,1581,2,OP3,FIXED_OPPONENT,train,SCRIPTED:OP3,0,2,3,-1,20,0.2800000011920929,1,0,4,13.0,10.979353332519532,-1.2000000476837158,0.0,-0.013587847352027893,0.019999999552965164,0.0,0.0,-0.019999999552965164,-0.26455241441726685
1559,29080,1,1587,1,OP3,FIXED_OPPONENT,train,SCRIPTED:OP3,0,2,3,-1,18,0.2800000011920929,1,0,0,11.0,11.362044440375435,-1.2000000476837158,-0.4000000059604645,-0.011264592409133911,0.019999999552965164,-1.0,-100.0,0.0,-0.5209352374076843
1560,29080,1,1587,1,OP3,FIXED_OPPONENT,train,SCRIPTED:OP3,1,3,2,1,19,0.2800000011920929,1,0,0,12.0,11.59310591848273,1.5,0.5,-0.005458027124404907,0.014999999664723873,1.0,100.0,0.0,0.5828949213027954
1561,29080,1,1587,0,OP3,FIXED_OPPONENT,train,SCRIPTED:OP3,1,3,2,1,19,0.19999998807907104,0,1,6,12.0,9.133664582905016,1.5,0.5,-0.01291085034608841,0.029999999329447746,1.0,100.0,0.0,0.5829835534095764
1562,29104,1,1590,0,OP3,FIXED_OPPONENT,train,SCRIPTED:OP3,0,2,3,-1,21,0.35999998450279236,1,0,1,11.0,10.128497169131325,-1.2000000476837158,-0.5,0.0013649016618728638,0.0,-1.0,-100.0,-0.019999999552965164,-0.5401873588562012
1563,29120,1,1592,2,OP3,FIXED_OPPONENT,train,SCRIPTED:OP3,0,2,3,-1,18,0.19999998807907104,1,0,1,11.0,11.476634555392796,-1.2000000476837158,-0.4000000059604645,0.007519572973251343,0.019999999552965164,-1.0,-100.0,0.0,-0.5206918120384216
1564,29128,1,1593,3,OP3,FIXED_OPPONENT,train,SCRIPTED:OP3,1,3,2,1,20,0.23999999463558197,1,0,2,12.0,11.626670837402344,1.5,0.5,-0.028415031731128693,0.029999999329447746,1.0,100.0,-0.019999999552965164,0.5798591375350952
1565,29144,1,1595,3,OP3,FIXED_OPPONENT,train,SCRIPTED:OP3,0,2,3,-1,16,0.1599999964237213,1,0,1,11.0,11.002184867858887,-1.2000000476837158,0.0,0.00812704861164093,0.0,0.0,0.0,-0.03999999910593033,-0.26865261793136597
1566,29176,1,1599,3,OP3,FIXED_OPPONENT,train,SCRIPTED:OP3,1,3,2,1,18,0.2800000011920929,1,0,2,11.0,9.873641967773438,1.5,0.5,-0.0034746527671813965,0.014999999664723873,1.0,100.0,0.0,0.5829182267189026
1567,29216,1,1604,1,OP3,FIXED_OPPONENT,train,SCRIPTED:OP3,1,3,2,1,17,0.3199999928474426,1,0,1,11.0,9.951233807732077,1.5,0.0,-0.00965815782546997,0.0,0.0,0.0,-0.019999999552965164,0.3173676133155823
1568,29224,1,1605,2,OP3,FIXED_OPPONENT,train,SCRIPTED:OP3,0,2,3,-1,18,0.23999999463558197,1,0,2,11.0,10.99772474500868,-1.2000000476837158,-0.4000000059604645,0.007091596722602844,0.019999999552965164,-1.0,-100.0,0.0,-0.5206974148750305
1569,29232,1,1606,1,OP3,FIXED_OPPONENT,train,SCRIPTED:OP3,0,2,3,-1,19,0.23999999463558197,1,0,3,12.0,9.26936179713199,-1.2000000476837158,-0.5,-0.0021033436059951782,0.019999999552965164,-1.0,-100.0,0.0,-0.5368232131004333
1570,29256,1,1609,1,OP3,FIXED_OPPONENT,train,SCRIPTED:OP3,0,2,3,-1,19,0.23999999463558197,1,0,0,12.0,11.259171335320724,-1.2000000476837158,-0.5,0.00934213399887085,0.019999999552965164,-1.0,-100.0,0.0,-0.5366783738136292
1571,29264,1,1610,0,OP3,FIXED_OPPONENT,train,SCRIPTED:OP3,0,3,3,0,18,0.19999998807907104,1,0,1,11.0,12.015543619791666,-0.699999988079071,0.0,0.007298976182937622,0.0,0.0,0.0,-0.019999999552965164,-0.15852199494838715
1572,29288,1,1613,0,OP3,FIXED_OPPONENT,train,SCRIPTED:OP3,0,3,3,0,18,0.23999999463558197,1,0,3,11.0,9.815825568305122,-0.699999988079071,0.0,-0.00949917733669281,0.0,0.0,0.0,-0.019999999552965164,-0.15881313383579254
1573,29296,1,1614,2,OP3,FIXED_OPPONENT,train,SCRIPTED:OP3,1,3,2,1,21,0.23999999463558197,1,0,7,14.0,9.953459966750373,1.5,0.5,-0.004841379821300507,0.029999999329447746,1.0,100.0,0.0,0.5830782055854797
1574,29304,1,1615,3,OP3,FIXED_OPPONENT,train,SCRIPTED:OP3,1,3,1,2,16,0.35999998450279236,1,0,0,12.0,10.177913665771484,1.5,0.4000000059604645,-0.0017473697662353516,0.014999999664723873,1.0,100.0,-0.019999999552965164,0.5650599002838135
1575,29368,1,1623,1,OP3,FIXED_OPPONENT,train,SCRIPTED:OP3,0,3,3,0,19,0.1599999964237213,1,0,4,12.0,9.612156918174342,-0.699999988079071,0.0,-0.010317489504814148,0.0,0.0,0.0,0.0,-0.15449196100234985
1576,29376,1,1624,3,OP3,FIXED_OPPONENT,train,SCRIPTED:OP3,1,3,1,2,19,0.2800000011920929,1,0,1,12.0,10.840951216848273,1.5,0.5,-0.02613721787929535,0.029999999329447746,1.0,100.0,-0.03999999910593033,0.5769284963607788
1577,29392,1,1626,0,OP3,FIXED_OPPONENT,train,SCRIPTED:OP3,1,3,2,1,20,0.23999999463558197,1,0,8,13.0,9.390478515625,1.5,0.5,-0.014759711921215057,0.029999999329447746,1.0,100.0,-0.019999999552965164,0.5800201892852783
1578,29408,1,1628,1,OP3,FIXED_OPPONENT,train,SCRIPTED:OP3,0,3,3,0,19,0.2800000011920929,1,0,0,12.0,11.096886885793586,-0.699999988079071,0.0,0.008470326662063599,0.0,0.0,0.0,0.0,-0.15416589379310608
1579,29416,1,1629,0,OP3,FIXED_OPPONENT,train,SCRIPTED:OP3,0,2,3,-1,19,0.23999999463558197,1,0,2,12.0,11.5302589818051,-1.2000000476837158,-0.5,-0.010435596108436584,0.019999999552965164,-1.0,-100.0,0.0,-0.536928653717041
1580,29432,1,1631,3,OP3,FIXED_OPPONENT,train,SCRIPTED:OP3,1,3,2,1,18,0.19999998807907104,1,0,2,11.0,9.371266682942709,1.5,0.5,-0.025741830468177795,0.014999999664723873,1.0,100.0,0.0,0.5826568007469177
1581,29440,1,1632,0,OP3,FIXED_OPPONENT,train,SCRIPTED:OP3,0,3,3,0,18,0.3999999761581421,1,0,1,11.0,10.731457180447048,-0.699999988079071,0.0,0.005553498864173889,0.0,0.0,0.0,0.0,-0.15421652793884277
1582,29472,1,1636,2,OP3,FIXED_OPPONENT,train,SCRIPTED:OP3,0,3,3,0,21,0.2800000011920929,1,0,8,14.0,9.21349371047247,-0.699999988079071,0.5,-0.006588950753211975,0.0,1.0,100.0,0.0,0.17581477761268616
1583,29528,1,1643,2,OP3,FIXED_OPPONENT,train,SCRIPTED:OP3,1,3,2,1,20,0.2800000011920929,1,0,5,13.0,9.41919403076172,1.5,0.4000000059604645,-0.009508505463600159,0.029999999329447746,1.0,100.0,-0.019999999552965164,0.5651476383209229
1584,29528,1,1643,0,OP3,FIXED_OPPONENT,train,SCRIPTED:OP3,0,2,3,-1,19,0.19999998807907104,1,0,2,11.0,10.062334562602796,-1.2000000476837158,-0.5,0.008632063865661621,0.0,-1.0,-100.0,0.0,-0.5369404554367065
1585,29544,1,1645,3,OP3,FIXED_OPPONENT,train,SCRIPTED:OP3,1,3,2,1,19,0.2800000011920929,1,0,4,12.0,9.093149285567435,1.5,1.0,-0.016770780086517334,0.014999999664723873,2.0,200.0,0.0,0.7615809440612793
1586,29552,1,1646,2,OP3,FIXED_OPPONENT,train,SCRIPTED:OP3,1,3,2,1,18,0.23999999463558197,1,0,0,11.0,11.92795901828342,1.5,0.4000000059604645,0.0030760765075683594,0.029999999329447746,1.0,100.0,0.0,0.5683163404464722
1587,29560,1,1647,2,OP3,FIXED_OPPONENT,train,SCRIPTED:OP3,1,3,2,1,18,0.23999999463558197,1,0,0,11.0,11.518664889865452,1.5,0.4000000059604645,0.007187306880950928,0.014999999664723873,1.0,100.0,0.0,0.5681853294372559
1588,29576,1,1649,3,OP3,FIXED_OPPONENT,train,SCRIPTED:OP3,0,2,3,-1,18,0.19999998807907104,1,0,0,11.0,12.45155249701606,-1.2000000476837158,-0.5,-0.0020165741443634033,0.019999999552965164,-1.0,-100.0,-0.019999999552965164,-0.5399782061576843
1589,29608,1,1653,2,OP3,FIXED_OPPONENT,train,SCRIPTED:OP3,1,3,2,1,21,0.2800000011920929,1,0,4,14.0,9.400171189081101,1.5,0.5,0.002871677279472351,0.014999999664723873,1.0,100.0,0.0,0.5829927325248718
1590,29616,1,1654,2,OP3,FIXED_OPPONENT,train,SCRIPTED:OP3,0,2,3,-1,18,0.2800000011920929,1,0,4,11.0,10.705001831054688,-1.2000000476837158,-0.4000000059604645,-0.010496094822883606,0.019999999552965164,-1.0,-100.0,0.0,-0.5209252834320068
1591,29672,1,1661,3,OP3,FIXED_OPPONENT,train,SCRIPTED:OP3,0,2,3,-1,18,0.1599999964237213,1,0,1,11.0,10.614302741156685,-1.2000000476837158,-0.5,0.00032067298889160156,0.019999999552965164,-1.0,-100.0,-0.019999999552965164,-0.5399487018585205
1592,29672,1,1661,3,OP3,FIXED_OPPONENT,train,SCRIPTED:OP3,0,2,3,-1,18,0.19999998807907104,1,0,2,11.0,10.975430806477865,-1.2000000476837158,-0.5,-0.0026401132345199585,0.019999999552965164,-1.0,-100.0,0.0,-0.5368300080299377
1593,29688,1,1663,3,OP3,FIXED_OPPONENT,train,SCRIPTED:OP3,1,3,2,1,16,0.19999998807907104,1,0,0,11.0,11.152524948120117,1.5,0.4000000059604645,-0.005078256130218506,0.029999999329447746,1.0,100.0,-0.019999999552965164,0.5652011632919312
1594,29696,1,1664,0,OP3,FIXED_OPPONENT,train,SCRIPTED:OP3,1,3,2,1,19,0.23999999463558197,1,0,4,12.0,9.996576409590872,1.5,0.5,-0.040658414363861084,0.029999999329447746,1.0,100.0,0.0,0.5826578140258789
1595,29704,1,1665,3,OP3,FIXED_OPPONENT,train,SCRIPTED:OP3,1,3,2,1,19,0.1599999964237213,1,0,3,12.0,10.033476177014803,1.5,0.5,0.0022503435611724854,0.029999999329447746,1.0,100.0,0.0,0.5831614136695862
1596,29720,1,1667,2,OP3,FIXED_OPPONENT,train,SCRIPTED:OP3,1,3,2,1,18,0.19999998807907104,1,0,1,11.0,10.902960883246529,1.5,0.5,0.01887674629688263,0.014999999664723873,1.0,100.0,0.0,0.5831805467605591
1597,29768,1,1673,0,OP3,FIXED_OPPONENT,train,SCRIPTED:OP3,1,3,2,1,20,0.19999998807907104,1,0,1,14.0,11.299720001220702,1.5,0.5,-0.008857712149620056,0.029999999329447746,1.0,100.0,-0.019999999552965164,0.580089807510376
1598,29784,1,1675,3,OP3,FIXED_OPPONENT,train,SCRIPTED:OP3,0,3,3,0,21,0.1599999964237213,1,0,12,13.0,9.086736043294271,-0.699999988079071,0.0,0.00403246283531189,0.0,0.0,0.0,0.0,-0.15424293279647827
1599,29816,1,1679,3,OP3,FIXED_OPPONENT,train,SCRIPTED:OP3,0,2,3,-1,18,0.1599999964237213,1,0,1,11.0,11.226247151692709,-1.2000000476837158,-0.4000000059604645,-0.009959906339645386,0.019999999552965164,-1.0,-100.0,0.0,-0.5209183692932129
1600,29816,1,1679,1,OP3,FIXED_OPPONENT,train,SCRIPTED:OP3,1,3,2,1,18,0.3199999928474426,1,0,1,11.0,9.853766547309029,1.5,0.0,-0.008672922849655151,0.0,0.0,0.0,0.0,0.32137444615364075
1601,29840,1,1682,0,OP3,FIXED_OPPONENT,train,SCRIPTED:OP3,0,2,3,-1,19,0.3199999928474426,1,0,1,11.0,9.581071552477384,-1.2000000476837158,-0.5,-0.0033010244369506836,0.0,-1.0,-100.0,0.0,-0.5370913743972778
1602,29864,1,1685,1,OP3,FIXED_OPPONENT,train,SCRIPTED:OP3,0,2,3,-1,18,0.23999999463558197,1,0,2,11.0,11.099097357855904,-1.2000000476837158,-0.5,-0.007598400115966797,0.019999999552965164,-1.0,-100.0,-0.019999999552965164,-0.5400484800338745
1603,29864,1,1685,2,OP3,FIXED_OPPONENT,train,SCRIPTED:OP3,0,2,3,-1,21,0.2800000011920929,1,0,0,14.0,12.071051461356026,-1.2000000476837158,-0.5,0.00467526912689209,0.019999999552965164,-1.0,-100.0,-0.019999999552965164,-0.5398939251899719
1604,29864,1,1685,2,OP3,FIXED_OPPONENT,train,SCRIPTED:OP3,1,3,2,1,20,0.19999998807907104,1,0,3,13.0,10.771729278564454,1.5,0.5,-0.03992125391960144,0.029999999329447746,1.0,100.0,-0.019999999552965164,0.5797232985496521
1605,29912,1,1691,0,OP3,FIXED_OPPONENT,train,SCRIPTED:OP3,0,3,3,0,18,0.11999999731779099,1,0,5,11.0,9.761205037434896,-0.699999988079071,0.5,0.0035673975944519043,0.0,1.0,100.0,-0.019999999552965164,0.17167961597442627
1606,29928,1,1693,3,OP3,FIXED_OPPONENT,train,SCRIPTED:OP3,0,2,3,-1,18,0.2800000011920929,1,0,0,11.0,10.452150132921007,-1.2000000476837158,-0.5,0.008753985166549683,0.0,-1.0,-100.0,-0.019999999552965164,-0.5400943756103516
1607,29960,1,1697,3,OP3,FIXED_OPPONENT,train,SCRIPTED:OP3,1,3,2,1,18,0.1599999964237213,1,0,0,11.0,12.471531338161892,1.5,0.5,-0.004482433199882507,0.029999999329447746,1.0,100.0,-0.019999999552965164,0.5801414251327515
1608,29976,1,1699,1,OP3,FIXED_OPPONENT,train,SCRIPTED:OP3,1,3,2,1,20,0.23999999463558197,1,0,3,14.0,11.207564544677734,1.5,0.5,-0.015095189213752747,0.029999999329447746,1.0,100.0,-0.019999999552965164,0.5800162553787231
1609,29984,1,1700,0,OP3,FIXED_OPPONENT,train,SCRIPTED:OP3,1,3,2,1,18,0.1599999964237213,1,0,3,12.0,10.672966003417969,1.5,0.4000000059604645,-0.0009245947003364563,0.029999999329447746,1.0,100.0,0.0,0.5682682394981384
1610,29992,1,1701,0,OP3,FIXED_OPPONENT,train,SCRIPTED:OP3,1,3,2,1,16,0.2800000011920929,1,0,1,11.0,11.34878921508789,1.5,0.5,0.01893623173236847,0.029999999329447746,1.0,100.0,-0.019999999552965164,0.5804175734519958
1611,29992,1,1701,0,OP3,FIXED_OPPONENT,train,SCRIPTED:OP3,1,3,1,2,16,0.19999998807907104,1,0,0,11.0,10.856245994567871,1.5,0.5,0.027063176035881042,0.014999999664723873,1.0,100.0,-0.019999999552965164,0.5803365111351013
1612,30000,1,1702,0,OP3,FIXED_OPPONENT,train,SCRIPTED:OP3,0,2,3,-1,17,0.23999999463558197,1,0,1,11.0,12.077662748448988,-1.2000000476837158,0.0,0.007175549864768982,0.0,0.0,0.0,0.0,-0.26040154695510864
1613,30040,1,1707,2,OP3,FIXED_OPPONENT,train,SCRIPTED:OP3,0,2,3,-1,16,0.1599999964237213,1,0,0,12.0,11.189936637878418,-1.2000000476837158,0.0,-0.00884959101676941,0.0,0.0,0.0,-0.03999999910593033,-0.26893261075019836
1614,30096,1,1714,0,OP3,FIXED_OPPONENT,train,SCRIPTED:OP3,1,3,2,1,21,0.23999999463558197,1,0,1,14.0,11.116040910993304,1.5,0.5,0.006581783294677734,0.029999999329447746,1.0,100.0,-0.019999999552965164,0.5802719593048096
1615,30112,1,1716,3,OP3,FIXED_OPPONENT,train,SCRIPTED:OP3,1,3,2,1,19,0.23999999463558197,1,0,6,12.0,10.287768715306333,1.5,0.5,-0.015171483159065247,0.029999999329447746,1.0,100.0,0.0,0.5829570293426514
1616,30120,1,1717,0,OP3,FIXED_OPPONENT,train,SCRIPTED:OP3,1,3,2,1,16,0.2800000011920929,1,0,0,12.0,9.544462203979492,1.5,0.0,0.0009621083736419678,0.0,0.0,0.0,-0.019999999552965164,0.317537397146225
1617,30128,1,1718,1,OP3,FIXED_OPPONENT,train,SCRIPTED:OP3,1,3,2,1,19,0.3999999761581421,1,0,0,11.0,11.105132253546463,1.5,0.4000000059604645,-0.0058163851499557495,0.029999999329447746,1.0,100.0,0.0,0.5682092905044556
1618,30128,1,1718,3,OP3,FIXED_OPPONENT,train,SCRIPTED:OP3,0,2,3,-1,18,0.19999998807907104,1,0,1,11.0,10.84586927625868,-1.2000000476837158,0.0,0.006763264536857605,0.0,0.0,0.0,0.0,-0.26040834188461304
1619,30136,1,1719,1,OP3,FIXED_OPPONENT,train,SCRIPTED:OP3,1,3,2,1,18,0.3199999928474426,1,0,1,12.0,11.613671196831596,1.5,0.4000000059604645,-0.00028546154499053955,0.029999999329447746,1.0,100.0,0.0,0.5682759284973145
1620,30160,1,1722,2,OP3,FIXED_OPPONENT,train,SCRIPTED:OP3,0,2,3,-1,20,0.2800000011920929,1,0,1,13.0,9.090090942382812,-1.2000000476837158,-0.5,-0.00533825159072876,0.019999999552965164,-1.0,-100.0,-0.019999999552965164,-0.5400199890136719
1621,30200,1,1727,2,OP3,FIXED_OPPONENT,train,SCRIPTED:OP3,1,3,2,1,20,0.3199999928474426,1,0,4,11.0,9.888349914550782,1.5,0.5,-0.01646973192691803,0.014999999664723873,1.0,100.0,0.0,0.5827656984329224
1622,30240,1,1732,2,OP3,FIXED_OPPONENT,train,SCRIPTED:OP3,1,3,2,1,18,0.2800000011920929,1,0,2,11.0,11.374064127604166,1.5,0.4000000059604645,-0.009111613035202026,0.029999999329447746,1.0,100.0,0.0,0.5681695938110352
1623,30264,1,1735,2,OP3,FIXED_OPPONENT,train,SCRIPTED:OP3,0,2,3,-1,18,0.23999999463558197,1,0,3,11.0,9.900351630316841,-1.2000000476837158,-0.4000000059604645,0.0038078725337982178,0.0,-1.0,-100.0,0.0,-0.5209990739822388
1624,30264,1,1735,2,OP3,FIXED_OPPONENT,train,SCRIPTED:OP3,0,3,3,0,19,0.1599999964237213,1,0,3,12.0,10.678828189247533,-0.699999988079071,0.0,-0.009802781045436859,0.0,0.0,0.0,0.0,-0.15448302030563354
1625,30272,1,1736,1,OP3,FIXED_OPPONENT,train,SCRIPTED:OP3,1,3,2,1,18,0.35999998450279236,1,0,2,11.0,10.266061570909288,1.5,0.5,-0.016341179609298706,0.029999999329447746,1.0,100.0,0.0,0.582943320274353
1626,30280,1,1737,0,OP3,FIXED_OPPONENT,train,SCRIPTED:OP3,1,3,2,1,18,0.19999998807907104,1,0,5,11.0,9.961460537380642,1.5,0.5,-0.0003733634948730469,0.029999999329447746,1.0,100.0,0.0,0.5831305980682373
1627,30280,1,1737,2,OP3,FIXED_OPPONENT,train,SCRIPTED:OP3,0,2,3,-1,19,0.23999999463558197,1,0,2,12.0,10.69674281070107,-1.2000000476837158,0.0,0.008878633379936218,0.0,0.0,0.0,0.0,-0.2603733241558075
1628,30320,1,1742,1,OP3,FIXED_OPPONENT,train,SCRIPTED:OP3,0,2,3,-1,20,0.1599999964237213,1,0,9,12.0,10.108548736572265,-1.2000000476837158,-0.4000000059604645,-0.010705098509788513,0.019999999552965164,-1.0,-100.0,-0.019999999552965164,-0.5241588950157166
1629,30360,1,1747,0,OP3,FIXED_OPPONENT,train,SCRIPTED:OP3,1,3,2,1,20,0.19999998807907104,1,0,3,13.0,12.047994995117188,1.5,0.5,0.00760062038898468,0.029999999329447746,1.0,100.0,0.0,0.5832241773605347
1630,30376,1,1749,2,OP3,FIXED_OPPONENT,train,SCRIPTED:OP3,0,1,3,-2,17,0.23999999463558197,1,0,4,12.0,9.7547409955193,-1.2000000476837158,-0.5,-0.004363611340522766,0.019999999552965164,-1.0,-100.0,0.0,-0.5368518233299255
1631,30408,1,1753,3,OP3,FIXED_OPPONENT,train,SCRIPTED:OP3,0,2,3,-1,18,0.1599999964237213,1,0,1,11.0,11.596739027235243,-1.2000000476837158,-0.5,-0.00041487812995910645,0.019999999552965164,-1.0,-100.0,0.0,-0.5368018746376038
1632,30416,1,1754,3,OP3,FIXED_OPPONENT,train,SCRIPTED:OP3,0,2,3,-1,18,0.19999998807907104,1,0,3,11.0,10.97825453016493,-1.2000000476837158,-0.5,0.009672850370407104,0.019999999552965164,-1.0,-100.0,-0.03999999910593033,-0.5429725646972656
1633,30432,1,1756,0,OP3,FIXED_OPPONENT,train,SCRIPTED:OP3,0,2,3,-1,19,0.1599999964237213,1,0,0,12.0,11.247380306846217,-1.2000000476837158,-0.5,0.006459161639213562,0.019999999552965164,-1.0,-100.0,0.0,-0.5367148518562317
1634,30432,1,1756,0,OP3,FIXED_OPPONENT,train,SCRIPTED:OP3,1,3,2,1,19,0.23999999463558197,1,0,1,11.0,9.984721936677632,1.5,0.5,-0.005215436220169067,0.029999999329447746,1.0,100.0,0.0,0.5830738544464111
1635,30432,1,1756,2,OP3,FIXED_OPPONENT,train,SCRIPTED:OP3,0,3,3,0,21,0.23999999463558197,1,0,4,11.0,9.851189749581474,-0.699999988079071,0.0,-0.010290831327438354,0.0,0.0,0.0,0.0,-0.15449148416519165
1636,30448,1,1758,0,OP3,FIXED_OPPONENT,train,SCRIPTED:OP3,0,2,3,-1,16,0.1599999964237213,1,0,2,11.0,10.088666915893555,-1.2000000476837158,-0.4000000059604645,0.008430898189544678,0.019999999552965164,-1.0,-100.0,-0.019999999552965164,-0.5239120721817017
1637,30512,1,1766,0,OP3,FIXED_OPPONENT,train,SCRIPTED:OP3,1,3,2,1,19,0.1599999964237213,1,0,3,12.0,9.045792429070724,1.5,0.5,-0.009730994701385498,0.014999999664723873,1.0,100.0,0.0,0.5828447937965393
1638,30528,1,1768,0,OP3,FIXED_OPPONENT,train,SCRIPTED:OP3,0,2,3,-1,19,0.2800000011920929,1,0,4,12.0,10.966767160516037,-1.2000000476837158,-0.5,0.003849208354949951,0.0,-1.0,-100.0,0.0,-0.5370009541511536
1639,30560,1,1772,0,OP3,FIXED_OPPONENT,train,SCRIPTED:OP3,0,3,3,0,19,0.2800000011920929,1,0,2,12.0,9.503193102384868,-0.699999988079071,0.0,-0.010390296578407288,0.0,0.0,0.0,0.0,-0.15449321269989014
1640,30568,1,1773,0,OP3,FIXED_OPPONENT,train,SCRIPTED:OP3,0,2,3,-1,19,0.19999998807907104,1,0,2,12.0,10.993622629266037,-1.2000000476837158,0.0,-0.0019401013851165771,0.0,0.0,0.0,0.0,-0.2605525851249695
1641,30576,1,1774,1,OP3,FIXED_OPPONENT,train,SCRIPTED:OP3,1,3,2,1,18,0.1599999964237213,1,0,0,11.0,12.08949449327257,1.5,0.5,-0.0001714080572128296,0.029999999329447746,1.0,100.0,0.0,0.5831330418586731
1642,30576,1,1774,2,OP3,FIXED_OPPONENT,train,SCRIPTED:OP3,1,3,2,1,16,0.11999999731779099,1,0,1,12.0,12.173556327819824,1.5,0.4000000059604645,0.0008565336465835571,0.029999999329447746,1.0,100.0,-0.019999999552965164,0.5652729272842407
1643,30584,1,1775,3,OP3,FIXED_OPPONENT,train,SCRIPTED:OP3,1,3,2,1,19,0.23999999463558197,1,0,2,12.0,10.013822053608141,1.5,0.5,-0.007775247097015381,0.029999999329447746,1.0,100.0,0.0,0.5830438137054443
1644,30600,1,1777,0,OP3,FIXED_OPPONENT,train,SCRIPTED:OP3,0,2,3,-1,21,0.23999999463558197,1,0,2,11.0,10.29155040922619,-1.2000000476837158,-0.5,0.007223084568977356,0.0,-1.0,-100.0,0.0,-0.5369582772254944
1645,30656,1,1784,1,OP3,FIXED_OPPONENT,train,SCRIPTED:OP3,0,3,3,0,18,0.19999998807907104,1,0,5,11.0,9.850231594509548,-0.699999988079071,0.0,-0.005784809589385986,0.0,0.0,0.0,0.0,-0.15441329777240753
1646,30680,1,1787,0,OP3,FIXED_OPPONENT,train,SCRIPTED:OP3,1,3,2,1,19,0.35999998450279236,1,0,4,11.0,9.311737060546875,1.5,0.5,0.010271146893501282,0.014999999664723873,1.0,100.0,0.0,0.5830795764923096
1647,30696,1,1789,0,OP3,FIXED_OPPONENT,train,SCRIPTED:OP3,1,3,1,2,16,0.23999999463558197,1,0,3,11.0,10.895024299621582,1.5,0.5,-0.005813464522361755,0.029999999329447746,1.0,100.0,-0.03999999910593033,0.5771694183349609
1648,30728,1,1793,1,OP3,FIXED_OPPONENT,train,SCRIPTED:OP3,1,3,2,1,18,0.19999998807907104,1,0,2,11.0,10.762669033474392,1.5,0.4000000059604645,-0.003379352390766144,0.029999999329447746,1.0,100.0,-0.019999999552965164,0.5652216672897339
1649,30728,1,1793,3,OP3,FIXED_OPPONENT,train,SCRIPTED:OP3,0,2,3,-1,19,0.23999999463558197,1,0,5,13.0,8.344233462685033,-1.2000000476837158,-0.5,0.016864418983459473,0.019999999552965164,-1.0,-100.0,0.0,-0.5365831255912781
1650,30728,1,1793,3,OP3,FIXED_OPPONENT,train,SCRIPTED:OP3,1,3,2,1,21,0.1599999964237213,1,0,4,12.0,10.058888026646205,1.5,0.5,-0.021356776356697083,0.014999999664723873,1.0,100.0,0.0,0.5827082991600037
1651,30744,1,1795,0,OP3,FIXED_OPPONENT,train,SCRIPTED:OP3,0,3,3,0,21,0.19999998807907104,1,0,5,13.0,9.303239368257069,-0.699999988079071,0.0,0.006697505712509155,0.0,0.0,0.0,-0.019999999552965164,-0.15853244066238403
1652,30752,1,1796,3,OP3,FIXED_OPPONENT,train,SCRIPTED:OP3,0,3,3,0,19,0.2800000011920929,1,0,2,12.0,10.63593974866365,-0.699999988079071,0.0,-0.010413587093353271,0.0,0.0,0.0,-0.019999999552965164,-0.1588289737701416
1653,30792,1,1801,0,OP3,FIXED_OPPONENT,train,SCRIPTED:OP3,1,3,2,1,17,0.1599999964237213,1,0,2,11.0,9.337438246783089,1.5,0.5,0.010895848274230957,0.029999999329447746,1.0,100.0,0.0,0.5832628607749939
1654,30824,1,1805,1,OP3,FIXED_OPPONENT,train,SCRIPTED:OP3,1,3,2,1,18,0.19999998807907104,1,0,0,11.0,11.140323215060764,1.5,0.5,0.00916232168674469,0.029999999329447746,1.0,100.0,0.0,0.5832425355911255
1655,30848,1,1808,2,OP3,FIXED_OPPONENT,train,SCRIPTED:OP3,1,3,2,1,19,0.11999999731779099,1,0,2,12.0,10.00191859195107,1.5,0.4000000059604645,0.008542120456695557,0.014999999664723873,1.0,100.0,0.0,0.5682016015052795
1656,30880,1,1812,0,OP3,FIXED_OPPONENT,train,SCRIPTED:OP3,1,3,2,1,19,0.19999998807907104,0,1,6,12.0,9.690318860505757,1.5,1.0,-0.004129663109779358,0.029999999329447746,2.0,200.0,-0.019999999552965164,0.7599156498908997
1657,30880,1,1812,0,OP3,FIXED_OPPONENT,train,SCRIPTED:OP3,0,3,3,0,19,0.1599999964237213,1,0,3,12.0,9.872711181640625,-0.699999988079071,0.0,-0.008426927030086517,0.0,0.0,0.0,0.0,-0.1544591337442398
1658,30880,1,1812,0,OP3,FIXED_OPPONENT,train,SCRIPTED:OP3,1,3,2,1,19,0.3199999928474426,1,0,2,11.0,9.728118093390213,1.5,0.5,-0.03713865578174591,0.014999999664723873,1.0,100.0,0.0,0.582522988319397
1659,30896,1,1814,1,OP3,FIXED_OPPONENT,train,SCRIPTED:OP3,1,3,2,1,18,0.23999999463558197,1,0,3,11.0,10.231136745876736,1.5,0.5,-0.002682521939277649,0.029999999329447746,1.0,100.0,0.0,0.5831035375595093
1660,30896,1,1814,2,OP3,FIXED_OPPONENT,train,SCRIPTED:OP3,0,3,3,0,19,0.23999999463558197,1,0,3,12.0,10.71674949244449,-0.699999988079071,0.0,0.0022203922271728516,0.0,0.0,0.0,0.0,-0.1542743742465973
1661,30936,1,1819,2,OP3,FIXED_OPPONENT,train,SCRIPTED:OP3,0,2,3,-1,18,0.11999999731779099,1,0,0,11.0,11.188362121582031,-1.2000000476837158,-0.5,-0.002142965793609619,0.019999999552965164,-1.0,-100.0,0.0,-0.5368237495422363
1662,30968,1,1823,3,OP3,FIXED_OPPONENT,train,SCRIPTED:OP3,0,2,3,-1,18,0.19999998807907104,1,0,5,11.0,9.996642218695747,-1.2000000476837158,-0.5,-0.006031796336174011,0.019999999552965164,-1.0,-100.0,-0.019999999552965164,-0.5400286912918091
1663,31008,1,1828,1,OP3,FIXED_OPPONENT,train,SCRIPTED:OP3,0,2,3,-1,20,0.3199999928474426,1,0,7,12.0,8.764912414550782,-1.2000000476837158,-0.5,0.007154121994972229,0.019999999552965164,-1.0,-100.0,-0.019999999552965164,-0.5398626923561096
1664,31024,1,1830,3,OP3,FIXED_OPPONENT,train,SCRIPTED:OP3,1,3,2,1,18,0.19999998807907104,1,0,1,11.0,12.496214972601997,1.5,0.4000000059604645,-1.3574957847595215e-05,0.029999999329447746,1.0,100.0,-0.019999999552965164,0.5652624368667603
1665,31024,1,1830,2,OP3,FIXED_OPPONENT,train,SCRIPTED:OP3,1,3,2,1,18,0.19999998807907104,1,0,2,11.0,9.251255459255642,1.5,0.4000000059604645,0.005216941237449646,0.029999999329447746,1.0,100.0,0.0,0.5683420896530151
1666,31032,1,1831,0,OP3,FIXED_OPPONENT,train,SCRIPTED:OP3,0,3,3,0,19,0.2800000011920929,1,0,2,11.0,11.277963738692435,-0.699999988079071,0.0,0.002521425485610962,0.0,0.0,0.0,0.0,-0.15426915884017944
1667,31048,1,1833,3,OP3,FIXED_OPPONENT,train,SCRIPTED:OP3,1,3,2,1,19,0.2800000011920929,1,0,5,12.0,10.68899937679893,1.5,0.5,-0.019629880785942078,0.029999999329447746,1.0,100.0,0.0,0.5829046964645386
1668,31072,1,1836,1,OP3,FIXED_OPPONENT,train,SCRIPTED:OP3,1,3,2,1,22,0.19999998807907104,1,0,4,14.0,9.512840964577414,1.5,0.5,-0.017874158918857574,0.029999999329447746,1.0,100.0,0.0,0.5829253196716309
1669,31112,1,1841,1,OP3,FIXED_OPPONENT,train,SCRIPTED:OP3,1,3,2,1,18,0.2800000011920929,1,0,1,11.0,10.344982571072048,1.5,0.4000000059604645,-0.0037276893854141235,0.014999999664723873,1.0,100.0,0.0,0.5680538415908813
1670,31112,1,1841,1,OP3,FIXED_OPPONENT,train,SCRIPTED:OP3,0,3,3,0,22,0.3199999928474426,1,0,7,15.0,10.385056235573508,-0.699999988079071,0.0,0.007869035005569458,0.0,0.0,0.0,0.0,-0.15417632460594177
1671,31160,1,1847,3,OP3,FIXED_OPPONENT,train,SCRIPTED:OP3,0,2,3,-1,19,0.23999999463558197,1,0,0,12.0,11.549759714226974,-1.2000000476837158,-0.5,-0.0004202425479888916,0.0,-1.0,-100.0,0.0,-0.5370548963546753
1672,31160,1,1847,3,OP3,FIXED_OPPONENT,train,SCRIPTED:OP3,1,3,2,1,17,0.19999998807907104,1,0,0,11.0,10.297718721277574,1.5,0.5,-0.034813836216926575,0.029999999329447746,1.0,100.0,-0.019999999552965164,0.57978355884552
1673,31176,1,1849,1,OP3,FIXED_OPPONENT,train,SCRIPTED:OP3,0,2,3,-1,19,0.19999998807907104,1,0,5,12.0,10.185976530376234,-1.2000000476837158,-0.5,-0.008177563548088074,0.0,-1.0,-100.0,-0.019999999552965164,-0.5403075218200684
1674,31176,1,1849,1,OP3,FIXED_OPPONENT,train,SCRIPTED:OP3,0,2,3,-1,18,0.3199999928474426,1,0,3,11.0,9.042115953233507,-1.2000000476837158,-0.4000000059604645,-0.0101003497838974,0.0,-1.0,-100.0,0.0,-0.52117919921875
1675,31208,1,1853,1,OP3,FIXED_OPPONENT,train,SCRIPTED:OP3,1,3,2,1,20,0.23999999463558197,1,0,5,13.0,11.460337066650391,1.5,1.0,-0.019171565771102905,0.029999999329447746,2.0,200.0,-0.019999999552965164,0.7598026990890503
1676,31224,1,1855,3,OP3,FIXED_OPPONENT,train,SCRIPTED:OP3,1,3,2,1,19,0.3199999928474426,1,0,2,12.0,9.734996594880757,1.5,0.5,-0.03203804790973663,0.014999999664723873,1.0,100.0,0.0,0.5825828909873962
1677,31232,1,1856,1,OP3,FIXED_OPPONENT,train,SCRIPTED:OP3,1,3,2,1,15,0.2800000011920929,1,0,3,11.0,10.143721516927084,1.5,0.5,-0.002875998616218567,0.029999999329447746,1.0,100.0,-0.019999999552965164,0.58016037940979
1678,31280,1,1862,2,OP3,FIXED_OPPONENT,train,SCRIPTED:OP3,0,2,3,-1,21,0.3199999928474426,0,1,2,14.0,10.319464547293526,-1.2000000476837158,-0.4000000059604645,-0.01004984974861145,0.019999999552965164,-1.0,-100.0,-0.019999999552965164,-0.5241504311561584
1679,31304,1,1865,2,OP3,FIXED_OPPONENT,train,SCRIPTED:OP3,0,2,3,-1,18,0.3199999928474426,1,0,1,11.0,10.86283959282769,-1.2000000476837158,-0.4000000059604645,-0.00925774872303009,0.0,-1.0,-100.0,0.0,-0.5211682319641113
1680,31312,1,1866,2,OP3,FIXED_OPPONENT,train,SCRIPTED:OP3,0,2,3,-1,17,0.19999998807907104,1,0,1,11.0,11.891405890969668,-1.2000000476837158,0.0,-0.004157274961471558,0.0,0.0,0.0,0.0,-0.2605893313884735
1681,31320,1,1867,3,OP3,FIXED_OPPONENT,train,SCRIPTED:OP3,0,3,3,0,18,0.19999998807907104,1,0,0,11.0,11.22512478298611,-0.699999988079071,0.0,0.008584156632423401,0.0,0.0,0.0,0.0,-0.15416394174098969
1682,31328,1,1868,0,OP3,FIXED_OPPONENT,train,SCRIPTED:OP3,0,2,3,-1,21,0.3999999761581421,1,0,8,14.0,9.466615949358259,-1.2000000476837158,-0.5,0.010729581117630005,0.0,-1.0,-100.0,0.0,-0.5369139313697815
1683,31352,1,1871,2,OP3,FIXED_OPPONENT,train,SCRIPTED:OP3,0,2,3,-1,18,0.19999998807907104,1,0,1,11.0,11.424224005805122,-1.2000000476837158,-0.4000000059604645,-0.013910174369812012,0.019999999552965164,-1.0,-100.0,0.0,-0.5209694504737854
1684,31368,1,1873,0,OP3,FIXED_OPPONENT,train,SCRIPTED:OP3,0,2,3,-1,18,0.19999998807907104,1,0,1,11.0,11.11051517062717,-1.2000000476837158,-0.5,-0.0035169869661331177,0.019999999552965164,-1.0,-100.0,-0.019999999552965164,-0.5399971008300781
1685,31368,1,1873,3,OP3,FIXED_OPPONENT,train,SCRIPTED:OP3,0,2,3,-1,17,0.19999998807907104,1,0,0,11.0,11.056297751034007,-1.2000000476837158,-0.5,0.010649129748344421,0.019999999552965164,-1.0,-100.0,0.0,-0.5366618633270264
1686,31432,1,1881,1,OP3,FIXED_OPPONENT,train,SCRIPTED:OP3,1,3,2,1,19,0.35999998450279236,1,0,3,12.0,11.27010144685444,1.5,0.5,0.010506466031074524,0.029999999329447746,1.0,100.0,0.0,0.583258330821991
1687,31456,1,1884,0,OP3,FIXED_OPPONENT,train,SCRIPTED:OP3,1,3,2,1,17,0.1599999964237213,1,0,0,11.0,11.38596747903263,1.5,0.0,0.0012495964765548706,0.0,0.0,0.0,0.0,0.32153263688087463
1688,31456,1,1884,2,OP3,FIXED_OPPONENT,train,SCRIPTED:OP3,0,2,3,-1,19,0.2800000011920929,1,0,4,13.0,8.644864534076891,-1.2000000476837158,-0.5,0.015110358595848083,0.0,-1.0,-100.0,0.0,-0.5368584990501404
1689,31472,1,1886,1,OP3,FIXED_OPPONENT,train,SCRIPTED:OP3,1,3,2,1,20,0.35999998450279236,1,0,2,11.0,9.2961181640625,1.5,0.5,-0.000535130500793457,0.014999999664723873,1.0,100.0,-0.019999999552965164,0.5800111293792725
1690,31488,1,1888,3,OP3,FIXED_OPPONENT,train,SCRIPTED:OP3,0,2,3,-1,20,0.19999998807907104,1,0,0,12.0,11.690702819824219,-1.2000000476837158,-0.5,0.006548583507537842,0.019999999552965164,-1.0,-100.0,-0.019999999552965164,-0.5398702621459961
1691,31496,1,1889,2,OP3,FIXED_OPPONENT,train,SCRIPTED:OP3,1,3,2,1,18,0.3199999928474426,1,0,2,11.0,10.633872138129341,1.5,0.5,-0.03700913488864899,0.029999999329447746,1.0,100.0,-0.019999999552965164,0.5797576904296875
1692,31496,1,1889,2,OP3,FIXED_OPPONENT,train,SCRIPTED:OP3,1,3,2,1,16,0.2800000011920929,1,0,0,11.0,10.676931381225586,1.5,0.0,-0.007148608565330505,0.0,0.0,0.0,-0.019999999552965164,0.3174077272415161
1693,31512,1,1891,0,OP3,FIXED_OPPONENT,train,SCRIPTED:OP3,0,2,3,-1,18,0.19999998807907104,1,0,8,11.0,9.316411336263021,-1.2000000476837158,-0.5,0.003143712878227234,0.019999999552965164,-1.0,-100.0,-0.019999999552965164,-0.5399131774902344
1694,31576,1,1899,2,OP3,FIXED_OPPONENT,train,SCRIPTED:OP3,0,2,3,-1,18,0.3199999928474426,1,0,3,11.0,9.591937594943577,-1.2000000476837158,-0.5,0.0015576183795928955,0.0,-1.0,-100.0,0.0,-0.5370299220085144
1695,31600,1,1902,3,OP3,FIXED_OPPONENT,train,SCRIPTED:OP3,0,2,3,-1,18,0.19999998807907104,1,0,2,12.0,10.03881581624349,-1.2000000476837158,-0.5,0.00028705596923828125,0.0,-1.0,-100.0,-0.019999999552965164,-0.54020094871521
1696,31608,1,1903,1,OP3,FIXED_OPPONENT,train,SCRIPTED:OP3,0,2,3,-1,19,0.2800000011920929,1,0,3,12.0,10.321444059673109,-1.2000000476837158,-0.5,-0.016374319791793823,0.019999999552965164,-1.0,-100.0,-0.03999999910593033,-0.5432990789413452
1697,31616,1,1904,1,OP3,FIXED_OPPONENT,train,SCRIPTED:OP3,1,3,1,2,18,0.35999998450279236,1,0,5,12.0,10.074982537163628,1.5,0.5,0.0007365792989730835,0.014999999664723873,1.0,100.0,-0.019999999552965164,0.5800260305404663
1698,31632,1,1906,3,OP3,FIXED_OPPONENT,train,SCRIPTED:OP3,1,3,2,1,18,0.23999999463558197,1,0,2,12.0,10.558790418836805,1.5,0.4000000059604645,0.00412142276763916,0.029999999329447746,1.0,100.0,0.0,0.5683289766311646
1699,31640,1,1907,0,OP3,FIXED_OPPONENT,train,SCRIPTED:OP3,0,2,3,-1,18,0.2800000011920929,1,0,1,11.0,10.857025994194878,-1.2000000476837158,-0.5,-0.015279039740562439,0.0,-1.0,-100.0,-0.019999999552965164,-0.5403969883918762
1700,31648,1,1908,3,OP3,FIXED_OPPONENT,train,SCRIPTED:OP3,1,3,1,2,17,0.23999999463558197,1,0,1,12.0,10.858738618738512,1.5,0.4000000059604645,-0.005825027823448181,0.029999999329447746,1.0,100.0,-0.019999999552965164,0.5651921033859253
1701,31664,1,1910,2,OP3,FIXED_OPPONENT,train,SCRIPTED:OP3,1,3,2,1,21,0.3199999928474426,1,0,8,11.0,8.687569754464286,1.5,0.5,-0.01480954885482788,0.029999999329447746,1.0,100.0,-0.019999999552965164,0.5800195932388306
1702,31720,1,1917,1,OP3,FIXED_OPPONENT,train,SCRIPTED:OP3,1,3,2,1,18,0.1599999964237213,1,0,0,11.0,12.964442782931858,1.5,0.4000000059604645,-0.0005568861961364746,0.029999999329447746,1.0,100.0,-0.019999999552965164,0.5652558207511902
1703,31744,1,1920,0,OP3,FIXED_OPPONENT,train,SCRIPTED:OP3,0,2,3,-1,18,0.19999998807907104,1,0,2,11.0,11.308700561523438,-1.2000000476837158,0.0,0.008729591965675354,0.0,0.0,0.0,0.0,-0.2603757977485657
1704,31752,1,1921,0,OP3,FIXED_OPPONENT,train,SCRIPTED:OP3,1,3,2,1,18,0.2800000011920929,1,0,2,11.0,10.737327575683594,1.5,0.4000000059604645,0.006038948893547058,0.014999999664723873,1.0,100.0,0.0,0.568171501159668
1705,31760,1,1922,0,OP3,FIXED_OPPONENT,train,SCRIPTED:OP3,0,3,3,0,18,0.3199999928474426,1,0,1,11.0,9.439548916286892,-0.699999988079071,0.0,0.003257572650909424,0.0,0.0,0.0,0.0,-0.15425637364387512
1706,31776,1,1924,2,OP3,FIXED_OPPONENT,train,SCRIPTED:OP3,0,2,3,-1,18,0.3199999928474426,1,0,1,11.0,9.863872951931423,-1.2000000476837158,-0.5,-0.007622316479682922,0.0,-1.0,-100.0,0.0,-0.5371459722518921
1707,31784,1,1925,3,OP3,FIXED_OPPONENT,train,SCRIPTED:OP3,1,3,2,1,18,0.1599999964237213,1,0,6,11.0,10.31515842013889,1.5,0.5,-0.00170212984085083,0.029999999329447746,1.0,100.0,0.0,0.5831151008605957
1708,31792,1,1926,3,OP3,FIXED_OPPONENT,train,SCRIPTED:OP3,0,2,3,-1,18,0.23999999463558197,1,0,1,11.0,10.024731953938803,-1.2000000476837158,-0.5,0.008190065622329712,0.0,-1.0,-100.0,0.0,-0.5369460582733154
1709,31808,1,1928,0,OP3,FIXED_OPPONENT,train,SCRIPTED:OP3,0,2,3,-1,18,0.19999998807907104,1,0,4,11.0,10.161407470703125,-1.2000000476837158,-0.4000000059604645,-0.0003516972064971924,0.019999999552965164,-1.0,-100.0,-0.03999999910593033,-0.5272418260574341
1710,31864,1,1935,0,OP3,FIXED_OPPONENT,train,SCRIPTED:OP3,0,2,3,-1,18,0.3199999928474426,1,0,0,11.0,10.403313530815971,-1.2000000476837158,-0.4000000059604645,0.006931573152542114,0.0,-1.0,-100.0,0.0,-0.5209586024284363
1711,31872,1,1936,1,OP3,FIXED_OPPONENT,train,SCRIPTED:OP3,1,3,2,1,15,0.19999998807907104,1,0,0,11.0,10.912779744466146,1.5,0.5,0.008558690547943115,0.014999999664723873,1.0,100.0,0.0,0.5830594301223755
1712,31888,1,1938,2,OP3,FIXED_OPPONENT,train,SCRIPTED:OP3,1,3,2,1,18,0.3999999761581421,1,0,0,11.0,11.644119262695312,1.5,0.5,0.018559277057647705,0.029999999329447746,1.0,100.0,0.0,0.5833526849746704
1713,31888,1,1938,1,OP3,FIXED_OPPONENT,train,SCRIPTED:OP3,1,3,1,2,16,0.23999999463558197,1,0,1,12.0,10.727874755859375,1.5,0.5,0.013739079236984253,0.02499999850988388,1.0,100.0,-0.019999999552965164,0.5802973508834839
1714,31920,1,1942,3,OP3,FIXED_OPPONENT,train,SCRIPTED:OP3,0,2,3,-1,18,0.19999998807907104,1,0,1,11.0,10.27925279405382,-1.2000000476837158,-0.4000000059604645,-0.0050433725118637085,0.019999999552965164,-1.0,-100.0,0.0,-0.520854651927948
1715,31928,1,1943,3,OP3,FIXED_OPPONENT,train,SCRIPTED:OP3,0,2,3,-1,18,0.11999999731779099,1,0,1,11.0,11.54781765407986,-1.2000000476837158,0.0,0.007914558053016663,0.019999999552965164,0.0,0.0,0.0,-0.26005780696868896
1716,31952,1,1946,0,OP3,FIXED_OPPONENT,train,SCRIPTED:OP3,1,3,2,1,18,0.23999999463558197,1,0,5,11.0,9.055248684353298,1.5,0.5,-0.012868963181972504,0.029999999329447746,1.0,100.0,0.0,0.5829840302467346
1717,31952,1,1946,1,OP3,FIXED_OPPONENT,train,SCRIPTED:OP3,1,3,2,1,20,0.19999998807907104,1,0,4,13.0,9.916611480712891,1.5,0.5,-0.029728174209594727,0.029999999329447746,1.0,100.0,-0.03999999910593033,0.5768858194351196
1718,32016,1,1954,3,OP3,FIXED_OPPONENT,train,SCRIPTED:OP3,1,3,2,1,19,0.2800000011920929,1,0,1,12.0,10.089049489874588,1.5,0.5,-0.005298912525177002,0.029999999329447746,1.0,100.0,0.0,0.58307284116745
1719,32024,1,1955,0,OP3,FIXED_OPPONENT,train,SCRIPTED:OP3,1,3,2,1,19,0.19999998807907104,1,0,1,12.0,9.504100598787007,1.5,0.0,0.00756034255027771,0.0,0.0,0.0,0.0,0.3216332197189331
1720,32040,1,1957,2,OP3,FIXED_OPPONENT,train,SCRIPTED:OP3,0,2,3,-1,19,0.1599999964237213,1,0,1,12.0,11.178200169613486,-1.2000000476837158,0.0,-0.0027817413210868835,0.0,0.0,0.0,0.0,-0.2605665624141693
1721,32056,1,1959,0,OP3,FIXED_OPPONENT,train,SCRIPTED:OP3,1,3,2,1,21,0.23999999463558197,1,0,2,14.0,10.556894938151041,1.5,0.5,-0.009790867567062378,0.029999999329447746,1.0,100.0,-0.019999999552965164,0.5800788402557373
1722,32064,1,1960,0,OP3,FIXED_OPPONENT,train,SCRIPTED:OP3,0,1,3,-2,18,0.11999999731779099,1,0,0,11.0,12.261113484700521,-1.2000000476837158,-0.5,0.008085459470748901,0.019999999552965164,-1.0,-100.0,-0.019999999552965164,-0.5398509502410889
1723,32072,1,1961,2,OP3,FIXED_OPPONENT,train,SCRIPTED:OP3,1,3,2,1,18,0.1599999964237213,1,0,1,11.0,10.854539659288195,1.5,0.5,-0.021768055856227875,0.029999999329447746,1.0,100.0,-0.019999999552965164,0.5799375176429749
1724,32104,1,1965,1,OP3,FIXED_OPPONENT,train,SCRIPTED:OP3,0,2,3,-1,19,0.11999999731779099,1,0,1,12.0,11.438609876130757,-1.2000000476837158,-0.5,0.007597103714942932,0.019999999552965164,-1.0,-100.0,0.0,-0.536700427532196
1725,32112,1,1966,3,OP3,FIXED_OPPONENT,train,SCRIPTED:OP3,1,3,2,1,20,0.11999999731779099,0,1,3,11.0,11.254186248779297,1.5,0.5,-0.028079330921173096,0.029999999329447746,1.0,100.0,-0.019999999552965164,0.5798630714416504
1726,32160,1,1972,3,OP3,FIXED_OPPONENT,train,SCRIPTED:OP3,0,2,3,-1,18,0.23999999463558197,1,0,4,12.0,9.307877434624565,-1.2000000476837158,0.5,-0.008125841617584229,0.0,1.0,100.0,0.0,0.06642425060272217
1727,32176,1,1974,1,OP3,FIXED_OPPONENT,train,SCRIPTED:OP3,1,3,2,1,19,0.3199999928474426,1,0,3,12.0,8.98482312654194,1.5,0.4000000059604645,-0.010058775544166565,0.029999999329447746,1.0,100.0,-0.03999999910593033,0.5621083378791809
1728,32192,1,1976,0,OP3,FIXED_OPPONENT,train,SCRIPTED:OP3,1,3,1,2,15,0.23999999463558197,1,0,0,11.0,11.048926798502604,1.5,0.5,0.0032879263162612915,0.029999999329447746,1.0,100.0,-0.019999999552965164,0.580233097076416
1729,32192,1,1976,0,OP3,FIXED_OPPONENT,train,SCRIPTED:OP3,0,3,3,0,19,0.1599999964237213,1,0,5,12.0,11.025287828947368,-0.699999988079071,0.0,-0.00010699033737182617,0.0,0.0,0.0,0.0,-0.1543147712945938
1730,32216,1,1979,0,OP3,FIXED_OPPONENT,train,SCRIPTED:OP3,1,3,2,1,19,0.35999998450279236,1,0,4,12.0,10.38675247995477,1.5,0.0,0.007995069026947021,0.0,0.0,0.0,0.0,0.32164013385772705
1731,32216,1,1979,0,OP3,FIXED_OPPONENT,train,SCRIPTED:OP3,0,3,3,0,20,0.1599999964237213,1,0,3,13.0,10.683486938476562,-0.699999988079071,0.0,-0.008593261241912842,0.0,0.0,0.0,-0.03999999910593033,-0.16312673687934875
1732,32256,1,1984,0,OP3,FIXED_OPPONENT,train,SCRIPTED:OP3,1,3,2,1,18,0.3199999928474426,1,0,4,11.0,10.172925313313803,1.5,1.0,-0.02606061100959778,0.029999999329447746,2.0,200.0,0.0,0.7616235613822937
1733,32264,1,1985,3,OP3,FIXED_OPPONENT,train,SCRIPTED:OP3,0,2,3,-1,20,0.11999999731779099,1,0,4,13.0,11.527456665039063,-1.2000000476837158,0.0,0.00661642849445343,0.0,0.0,0.0,-0.03999999910593033,-0.26867756247520447
1734,32320,1,1992,2,OP3,FIXED_OPPONENT,train,SCRIPTED:OP3,0,2,3,-1,18,0.11999999731779099,1,0,2,11.0,11.087506612141928,-1.2000000476837158,0.10000002384185791,0.005743041634559631,0.019999999552965164,0.0,0.0,0.0,-0.23925788700580597
1735,32320,1,1992,1,OP3,FIXED_OPPONENT,train,SCRIPTED:OP3,1,3,2,1,20,0.19999998807907104,1,0,0,13.0,11.343045806884765,1.5,0.5,-0.007677897810935974,0.029999999329447746,1.0,100.0,0.0,0.5830450057983398
1736,32336,1,1994,1,OP3,FIXED_OPPONENT,train,SCRIPTED:OP3,1,3,2,1,18,0.2800000011920929,1,0,2,11.0,10.583855523003471,1.5,0.5,-0.016801953315734863,0.029999999329447746,1.0,100.0,0.0,0.5829378962516785
1737,32336,1,1994,0,OP3,FIXED_OPPONENT,train,SCRIPTED:OP3,1,3,2,1,15,0.19999998807907104,1,0,0,11.0,12.710982259114584,1.5,0.5,0.01884688436985016,0.029999999329447746,1.0,100.0,0.0,0.5833561420440674
1738,32344,1,1995,3,OP3,FIXED_OPPONENT,train,SCRIPTED:OP3,1,3,2,1,19,0.19999998807907104,1,0,2,12.0,10.624278821443257,1.5,0.5,-0.02589370310306549,0.029999999329447746,1.0,100.0,0.0,0.5828311443328857
1739,32376,1,1999,2,OP3,FIXED_OPPONENT,train,SCRIPTED:OP3,1,3,2,1,20,0.19999998807907104,1,0,3,13.0,10.170382690429687,1.5,0.5,-0.024267032742500305,0.029999999329447746,1.0,100.0,-0.019999999552965164,0.5799080729484558
1740,32400,1,2002,0,OP3,FIXED_OPPONENT,train,SCRIPTED:OP3,1,3,2,1,18,0.3199999928474426,1,0,0,11.0,11.233563741048178,1.5,0.0,-0.0037720203399658203,0.0,0.0,0.0,-0.019999999552965164,0.31746169924736023
1741,32408,1,2003,0,OP3,FIXED_OPPONENT,train,SCRIPTED:OP3,0,2,3,-1,18,0.19999998807907104,1,0,0,11.0,10.001413133409288,-1.2000000476837158,-0.5,0.003916487097740173,0.019999999552965164,-1.0,-100.0,0.0,-0.5367470383644104
1742,32464,1,2010,2,OP3,FIXED_OPPONENT,train,SCRIPTED:OP3,1,3,2,1,18,0.11999999731779099,1,0,1,11.0,11.109220716688368,1.5,0.5,-0.02255043387413025,0.029999999329447746,1.0,100.0,-0.019999999552965164,0.5799282789230347
1743,32472,1,2011,3,OP3,FIXED_OPPONENT,train,SCRIPTED:OP3,0,2,3,-1,19,0.1599999964237213,1,0,3,11.0,10.847396850585938,-1.2000000476837158,-0.5,0.0011419057846069336,0.019999999552965164,-1.0,-100.0,0.0,-0.5367821455001831
1744,32488,1,2013,1,OP3,FIXED_OPPONENT,train,SCRIPTED:OP3,1,3,1,2,19,0.23999999463558197,1,0,1,12.0,9.749285246196546,1.5,0.5,-0.02560490369796753,0.014999999664723873,1.0,100.0,0.0,0.5826584696769714
1745,32496,1,2014,0,OP3,FIXED_OPPONENT,train,SCRIPTED:OP3,1,3,2,1,19,0.2800000011920929,1,0,0,12.0,12.393949809827303,1.5,0.5,-0.010197430849075317,0.029999999329447746,1.0,100.0,0.0,0.5830153822898865
1746,32504,1,2015,3,OP3,FIXED_OPPONENT,train,SCRIPTED:OP3,1,3,2,1,21,0.23999999463558197,1,0,5,14.0,9.221086774553571,1.5,0.5,0.02052357792854309,0.014999999664723873,1.0,100.0,0.0,0.5831998586654663
1747,32512,1,2016,1,OP3,FIXED_OPPONENT,train,SCRIPTED:OP3,1,3,2,1,17,0.23999999463558197,1,0,0,11.0,11.128982543945312,1.5,0.0,-0.0044438838958740234,0.0,0.0,0.0,0.0,0.3214418590068817
1748,32544,1,2020,3,OP3,FIXED_OPPONENT,train,SCRIPTED:OP3,0,2,3,-1,18,0.23999999463558197,1,0,0,11.0,11.464886135525173,-1.2000000476837158,-0.5,0.003028392791748047,0.0,-1.0,-100.0,0.0,-0.5370113849639893
1749,32576,1,2024,3,OP3,FIXED_OPPONENT,train,SCRIPTED:OP3,1,3,2,1,21,0.1599999964237213,1,0,0,12.0,11.466284615652901,1.5,0.5,0.02004420757293701,0.029999999329447746,1.0,100.0,0.0,0.5833701491355896
1750,32616,1,2029,0,OP3,FIXED_OPPONENT,train,SCRIPTED:OP3,0,2,3,-1,18,0.23999999463558197,1,0,1,11.0,12.007957458496094,-1.2000000476837158,-0.5,0.003470808267593384,0.0,-1.0,-100.0,0.0,-0.5370057225227356
1751,32624,1,2030,1,OP3,FIXED_OPPONENT,train,SCRIPTED:OP3,1,3,2,1,20,0.11999999731779099,1,0,4,12.0,11.270285034179688,1.5,0.5,0.008726179599761963,0.029999999329447746,1.0,100.0,-0.019999999552965164,0.5802972316741943
1752,32632,1,2031,2,OP3,FIXED_OPPONENT,train,SCRIPTED:OP3,1,3,2,1,18,0.19999998807907104,1,0,0,11.0,10.414371066623264,1.5,0.5,-0.02115868777036667,0.029999999329447746,1.0,100.0,-0.019999999552965164,0.5799447298049927
1753,32640,1,2032,1,OP3,FIXED_OPPONENT,train,SCRIPTED:OP3,1,3,2,1,18,0.19999998807907104,1,0,0,11.0,11.831848992241753,1.5,0.5,-0.01705189049243927,0.014999999664723873,1.0,100.0,-0.019999999552965164,0.5798162221908569
1754,32648,1,2033,2,OP3,FIXED_OPPONENT,train,SCRIPTED:OP3,1,3,2,1,18,0.3999999761581421,1,0,0,11.0,10.181705050998264,1.5,0.0,-0.0013487786054611206,0.0,0.0,0.0,0.0,0.32149121165275574
1755,32664,1,2035,1,OP3,FIXED_OPPONENT,train,SCRIPTED:OP3,0,3,3,0,19,0.19999998807907104,1,0,2,11.0,11.334531282123766,-0.699999988079071,0.5,-0.009119823575019836,0.0,1.0,100.0,0.0,0.17577116191387177
1756,32688,1,2038,0,OP3,FIXED_OPPONENT,train,SCRIPTED:OP3,1,3,2,1,18,0.23999999463558197,1,0,0,11.0,11.536794874403212,1.5,0.4000000059604645,0.008776456117630005,0.029999999329447746,1.0,100.0,-0.03999999910593033,0.5623373985290527
1757,32728,1,2043,2,OP3,FIXED_OPPONENT,train,SCRIPTED:OP3,0,2,3,-1,19,0.3199999928474426,1,0,0,12.0,10.050647936369243,-1.2000000476837158,-0.5,0.011002212762832642,0.0,-1.0,-100.0,0.0,-0.5369104743003845
1758,32744,1,2045,0,OP3,FIXED_OPPONENT,train,SCRIPTED:OP3,0,1,3,-2,16,0.23999999463558197,1,0,0,11.0,11.661615371704102,-1.2000000476837158,-0.4000000059604645,-0.007827207446098328,0.019999999552965164,-1.0,-100.0,-0.019999999552965164,-0.5241217613220215
1759,32744,1,2045,2,OP3,FIXED_OPPONENT,train,SCRIPTED:OP3,1,3,1,2,15,0.1599999964237213,1,0,0,11.0,11.064288330078124,1.5,0.5,-0.014384537935256958,0.029999999329447746,1.0,100.0,0.0,0.5829663276672363
1760,32760,1,2047,0,OP3,FIXED_OPPONENT,train,SCRIPTED:OP3,0,3,3,0,16,0.3199999928474426,1,0,0,12.0,10.968232154846191,-0.699999988079071,0.0,0.003502875566482544,0.0,0.0,0.0,-0.019999999552965164,-0.15858779847621918
1761,32784,2,2,0,OP3,FIXED_OPPONENT,train,SCRIPTED:OP3,1,3,2,1,18,0.19999998807907104,1,0,0,14.0,10.307779100206163,1.5,0.5,-0.01841789484024048,0.029999999329447746,1.0,100.0,0.0,0.5829188823699951
1762,32808,2,5,0,OP3,FIXED_OPPONENT,train,SCRIPTED:OP3,0,3,3,0,20,0.35999998450279236,1,0,3,13.0,10.906446838378907,-0.699999988079071,0.0,-0.00998234748840332,0.0,0.0,0.0,-0.03999999910593033,-0.16315075755119324
1763,32832,2,8,1,OP3,FIXED_OPPONENT,train,SCRIPTED:OP3,0,2,3,-1,21,0.1599999964237213,1,0,3,14.0,11.897463117327009,-1.2000000476837158,-0.5,0.004546642303466797,0.0,-1.0,-100.0,0.0,-0.5369921326637268
1764,32856,2,11,2,OP3,FIXED_OPPONENT,train,SCRIPTED:OP3,0,2,3,-1,21,0.23999999463558197,1,0,6,12.0,10.940281459263392,-1.2000000476837158,-0.5,0.0033639222383499146,0.019999999552965164,-1.0,-100.0,0.0,-0.5367540717124939
1765,32864,2,12,3,OP3,FIXED_OPPONENT,train,SCRIPTED:OP3,1,3,2,1,15,0.3999999761581421,1,0,0,11.0,10.479776000976562,1.5,0.5,0.005309641361236572,0.014999999664723873,1.0,100.0,0.0,0.583021342754364
1766,32880,2,14,3,OP3,FIXED_OPPONENT,train,SCRIPTED:OP3,0,2,3,-1,17,0.19999998807907104,1,0,1,11.0,10.669804292566637,-1.2000000476837158,-0.4000000059604645,-0.010733827948570251,0.019999999552965164,-1.0,-100.0,0.0,-0.5209283828735352
1767,32888,2,15,0,OP3,FIXED_OPPONENT,train,SCRIPTED:OP3,0,2,3,-1,20,0.19999998807907104,1,0,6,12.0,10.892481231689453,-1.2000000476837158,-0.5,0.006001219153404236,0.019999999552965164,-1.0,-100.0,-0.019999999552965164,-0.53987717628479
1768,32904,2,17,2,OP3,FIXED_OPPONENT,train,SCRIPTED:OP3,1,3,2,1,18,0.19999998807907104,1,0,0,11.0,10.707012600368923,1.5,0.5,-0.0024316683411598206,0.029999999329447746,1.0,100.0,0.0,0.583106517791748
1769,32952,2,23,2,OP3,FIXED_OPPONENT,train,SCRIPTED:OP3,1,3,2,1,18,0.3999999761581421,1,0,2,11.0,10.155800713433159,1.5,0.5,-0.0038600414991378784,0.014999999664723873,1.0,100.0,0.0,0.5829136967658997
1770,32952,2,23,3,OP3,FIXED_OPPONENT,train,SCRIPTED:OP3,0,2,3,-1,21,0.3199999928474426,1,0,8,14.0,9.879522414434524,-1.2000000476837158,-0.5,0.012007072567939758,0.019999999552965164,-1.0,-100.0,0.0,-0.5366445779800415
1771,32984,2,27,2,OP3,FIXED_OPPONENT,train,SCRIPTED:OP3,0,2,3,-1,19,0.23999999463558197,1,0,2,12.0,10.829667743883634,-1.2000000476837158,0.0,0.01572290062904358,0.019999999552965164,0.0,0.0,0.0,-0.2599284052848816
1772,32984,2,27,3,OP3,FIXED_OPPONENT,train,SCRIPTED:OP3,0,1,3,-2,15,0.19999998807907104,1,0,0,11.0,9.913485717773437,-1.2000000476837158,-0.5,-0.013917356729507446,0.019999999552965164,-1.0,-100.0,0.0,-0.53697270154953
1773,33008,2,30,1,OP3,FIXED_OPPONENT,train,SCRIPTED:OP3,0,2,3,-1,19,0.35999998450279236,1,0,3,12.0,9.44345414011102,-1.2000000476837158,-0.5,-0.002731025218963623,0.0,-1.0,-100.0,-0.019999999552965164,-0.5402389764785767
1774,33040,2,34,2,OP3,FIXED_OPPONENT,train,SCRIPTED:OP3,0,2,3,-1,20,0.23999999463558197,1,0,1,13.0,9.900567626953125,-1.2000000476837158,-0.5,0.009319797158241272,0.0,-1.0,-100.0,0.0,-0.5369317531585693
1775,33040,2,34,0,OP3,FIXED_OPPONENT,train,SCRIPTED:OP3,1,3,2,1,19,0.3199999928474426,1,0,3,12.0,9.54144929584704,1.5,0.5,0.0016152411699295044,0.029999999329447746,1.0,100.0,0.0,0.5831539630889893
1776,33056,2,36,0,OP3,FIXED_OPPONENT,train,SCRIPTED:OP3,0,2,3,-1,19,0.2800000011920929,1,0,1,12.0,9.665740163702713,-1.2000000476837158,-0.5,0.012160032987594604,0.0,-1.0,-100.0,0.0,-0.5368958115577698
1777,33104,2,42,1,OP3,FIXED_OPPONENT,train,SCRIPTED:OP3,0,2,3,-1,19,0.3199999928474426,1,0,2,12.0,10.746228669819079,-1.2000000476837158,-0.5,0.015772074460983276,0.0,-1.0,-100.0,0.0,-0.536850094795227
1778,33112,2,43,2,OP3,FIXED_OPPONENT,train,SCRIPTED:OP3,0,3,3,0,20,0.23999999463558197,1,0,2,12.0,9.537593841552734,-0.699999988079071,0.0,-0.009812653064727783,0.0,0.0,0.0,-0.019999999552965164,-0.1588185578584671
1779,33136,2,46,3,OP3,FIXED_OPPONENT,train,SCRIPTED:OP3,1,3,2,1,19,0.3199999928474426,1,0,4,12.0,10.264989752518503,1.5,0.4000000059604645,-0.010327965021133423,0.029999999329447746,1.0,100.0,-0.019999999552965164,0.5651376247406006
1780,33136,2,46,2,OP3,FIXED_OPPONENT,train,SCRIPTED:OP3,0,2,3,-1,19,0.19999998807907104,1,0,4,11.0,9.771759033203125,-1.2000000476837158,-0.5,0.011489525437355042,0.0,-1.0,-100.0,0.0,-0.5369042754173279
1781,33176,2,51,2,OP3,FIXED_OPPONENT,train,SCRIPTED:OP3,0,2,3,-1,21,0.35999998450279236,1,0,2,11.0,9.417876470656623,-1.2000000476837158,-0.5,-0.0016291886568069458,0.0,-1.0,-100.0,0.0,-0.5370702147483826
1782,33184,2,52,0,OP3,FIXED_OPPONENT,train,SCRIPTED:OP3,0,3,3,0,18,0.23999999463558197,1,0,1,11.0,9.948400709364149,-0.699999988079071,0.0,-0.009943932294845581,0.0,0.0,0.0,0.0,-0.15448547899723053
1783,33192,2,53,2,OP3,FIXED_OPPONENT,train,SCRIPTED:OP3,0,2,3,-1,19,0.23999999463558197,1,0,2,12.0,10.3325339869449,-1.2000000476837158,-0.5,-0.0103350430727005,0.0,-1.0,-100.0,0.0,-0.5371803045272827
1784,33224,2,57,3,OP3,FIXED_OPPONENT,train,SCRIPTED:OP3,0,2,3,-1,21,0.19999998807907104,1,0,0,14.0,12.080481392996651,-1.2000000476837158,-0.5,0.014645248651504517,0.019999999552965164,-1.0,-100.0,0.0,-0.5366112589836121
1785,33256,2,61,0,OP3,FIXED_OPPONENT,train,SCRIPTED:OP3,1,3,2,1,18,0.3199999928474426,1,0,0,11.0,11.70725843641493,1.5,0.4000000059604645,-0.005180254578590393,0.029999999329447746,1.0,100.0,0.0,0.5682170391082764
1786,33272,2,63,3,OP3,FIXED_OPPONENT,train,SCRIPTED:OP3,1,3,1,2,17,0.19999998807907104,1,0,2,11.0,10.221427468692555,1.5,0.5,0.004069223999977112,0.029999999329447746,1.0,100.0,0.0,0.5831828117370605
1787,33280,2,64,2,OP3,FIXED_OPPONENT,train,SCRIPTED:OP3,0,2,3,-1,22,0.1599999964237213,1,0,2,12.0,10.301117636940695,-1.2000000476837158,-0.5,0.0019393116235733032,0.019999999552965164,-1.0,-100.0,0.0,-0.5367720723152161
1788,33280,2,64,1,OP3,FIXED_OPPONENT,train,SCRIPTED:OP3,0,2,3,-1,18,0.2800000011920929,1,0,0,11.0,10.670974731445312,-1.2000000476837158,-0.4000000059604645,-0.009006008505821228,0.0,-1.0,-100.0,-0.019999999552965164,-0.5243947505950928
1789,33320,2,69,2,OP3,FIXED_OPPONENT,train,SCRIPTED:OP3,0,1,3,-2,17,0.23999999463558197,1,0,2,13.0,10.128528370576745,-1.2000000476837158,-0.5,-0.004770293831825256,0.019999999552965164,-1.0,-100.0,0.0,-0.536857008934021
1790,33328,2,70,3,OP3,FIXED_OPPONENT,train,SCRIPTED:OP3,0,2,3,-1,19,0.11999999731779099,1,0,5,12.0,9.693152176706414,-1.2000000476837158,-0.5,-0.0031594932079315186,0.019999999552965164,-1.0,-100.0,0.0,-0.536836564540863
1791,33344,2,72,2,OP3,FIXED_OPPONENT,train,SCRIPTED:OP3,0,3,3,0,19,0.11999999731779099,1,0,0,11.0,11.213423879523026,-0.699999988079071,0.0,0.006330564618110657,0.0,0.0,0.0,0.0,-0.15420304238796234
1792,33384,2,77,2,OP3,FIXED_OPPONENT,train,SCRIPTED:OP3,0,3,3,0,20,0.19999998807907104,1,0,4,13.0,10.980453491210938,-0.699999988079071,0.0,0.007745817303657532,0.0,0.0,0.0,0.0,-0.15417848527431488
1793,33408,2,80,2,OP3,FIXED_OPPONENT,train,SCRIPTED:OP3,0,2,3,-1,19,0.35999998450279236,1,0,1,12.0,9.136933979235197,-1.2000000476837158,-0.5,0.0031222403049468994,0.0,-1.0,-100.0,-0.03999999910593033,-0.5433053970336914
1794,33424,2,82,0,OP3,FIXED_OPPONENT,train,SCRIPTED:OP3,0,2,3,-1,19,0.2800000011920929,1,0,2,12.0,10.031924599095396,-1.2000000476837158,-0.5,0.00425952672958374,0.0,-1.0,-100.0,0.0,-0.5369957685470581
1795,33432,2,83,1,OP3,FIXED_OPPONENT,train,SCRIPTED:OP3,0,3,3,0,19,0.23999999463558197,1,0,7,11.0,10.119802374588815,-0.699999988079071,0.5,-0.006243079900741577,0.0,1.0,100.0,0.0,0.1758207380771637
1796,33448,2,85,2,OP3,FIXED_OPPONENT,train,SCRIPTED:OP3,0,2,3,-1,21,0.11999999731779099,1,0,4,13.0,11.486238025483631,-1.2000000476837158,-0.4000000059604645,-0.00990268588066101,0.019999999552965164,-1.0,-100.0,0.0,-0.5209175944328308
1797,33472,2,88,3,OP3,FIXED_OPPONENT,train,SCRIPTED:OP3,1,3,2,1,19,0.19999998807907104,1,0,3,12.0,9.825244301243833,1.5,0.5,-0.003510288894176483,0.029999999329447746,1.0,100.0,0.0,0.5830937623977661
1798,33480,2,89,3,OP3,FIXED_OPPONENT,train,SCRIPTED:OP3,1,3,2,1,17,0.11999999731779099,1,0,0,11.0,10.594727460075827,1.5,0.4000000059604645,-0.010333731770515442,0.029999999329447746,1.0,100.0,-0.019999999552965164,0.565137505531311
1799,33480,2,89,2,OP3,FIXED_OPPONENT,train,SCRIPTED:OP3,1,3,2,1,19,0.2800000011920929,1,0,0,12.0,10.825834575452303,1.5,0.5,-0.01399335265159607,0.014999999664723873,1.0,100.0,0.0,0.5827947854995728
1800,33512,2,93,3,OP3,FIXED_OPPONENT,train,SCRIPTED:OP3,1,3,1,2,16,0.23999999463558197,1,0,0,11.0,12.040735244750977,1.5,0.4000000059604645,-0.005916476249694824,0.029999999329447746,1.0,100.0,-0.019999999552965164,0.5651909708976746
1801,33568,2,100,1,OP3,FIXED_OPPONENT,train,SCRIPTED:OP3,1,3,2,1,20,0.35999998450279236,1,0,3,13.0,9.565042114257812,1.5,0.5,0.01147577166557312,0.02499999850988388,1.0,100.0,-0.019999999552965164,0.5802707076072693
1802,33568,2,100,2,OP3,FIXED_OPPONENT,train,SCRIPTED:OP3,0,2,3,-1,17,0.35999998450279236,1,0,2,11.0,9.200942095588236,-1.2000000476837158,0.0,-0.008269056677818298,0.0,0.0,0.0,0.0,-0.2606574594974518
1803,33576,2,101,3,OP3,FIXED_OPPONENT,train,SCRIPTED:OP3,0,2,3,-1,19,0.23999999463558197,1,0,2,12.0,11.207292255602384,-1.2000000476837158,-0.5,-0.00012274086475372314,0.019999999552965164,-1.0,-100.0,0.0,-0.5367981791496277
1804,33608,2,105,1,OP3,FIXED_OPPONENT,train,SCRIPTED:OP3,0,2,3,-1,20,0.11999999731779099,1,0,2,12.0,11.58232421875,-1.2000000476837158,-0.4000000059604645,-0.00977577269077301,0.019999999552965164,-1.0,-100.0,-0.019999999552965164,-0.5241469144821167
1805,33624,2,107,2,OP3,FIXED_OPPONENT,train,SCRIPTED:OP3,1,3,2,1,18,0.23999999463558197,1,0,0,12.0,10.818524678548178,1.5,0.5,-0.02776108682155609,0.029999999329447746,1.0,100.0,0.0,0.5828092098236084
1806,33632,2,108,3,OP3,FIXED_OPPONENT,train,SCRIPTED:OP3,1,3,2,1,19,0.07999999821186066,1,0,2,13.0,10.01152118883635,1.5,0.5,-0.02920539677143097,0.029999999329447746,1.0,100.0,0.0,0.5827922821044922
1807,33632,2,108,0,OP3,FIXED_OPPONENT,train,SCRIPTED:OP3,0,2,3,-1,20,0.3199999928474426,1,0,3,13.0,10.397381591796876,-1.2000000476837158,-0.5,0.005589738488197327,0.0,-1.0,-100.0,-0.019999999552965164,-0.5401342511177063
1808,33656,2,111,3,OP3,FIXED_OPPONENT,train,SCRIPTED:OP3,1,3,2,1,18,0.2800000011920929,1,0,3,11.0,8.911690606011284,1.5,0.5,0.0011535584926605225,0.029999999329447746,1.0,100.0,0.0,0.5831485390663147
1809,33712,2,118,2,OP3,FIXED_OPPONENT,train,SCRIPTED:OP3,1,3,2,1,18,0.23999999463558197,1,0,1,11.0,9.704586452907986,1.5,0.5,-0.021134868264198303,0.029999999329447746,1.0,100.0,0.0,0.5828869938850403
1810,33712,2,118,0,OP3,FIXED_OPPONENT,train,SCRIPTED:OP3,1,3,2,1,17,0.1599999964237213,1,0,0,11.0,10.634403004365808,1.5,0.5,-0.015378668904304504,0.014999999664723873,1.0,100.0,0.0,0.5827784538269043
1811,33720,2,119,3,OP3,FIXED_OPPONENT,train,SCRIPTED:OP3,0,2,3,-1,19,0.2800000011920929,1,0,1,12.0,10.418363069233141,-1.2000000476837158,-0.5,-0.011870130896568298,0.019999999552965164,-1.0,-100.0,-0.03999999910593033,-0.5432426929473877
1812,33752,2,123,2,OP3,FIXED_OPPONENT,train,SCRIPTED:OP3,1,3,2,1,18,0.23999999463558197,1,0,2,11.0,10.580362955729166,1.5,0.5,-0.004495903849601746,0.029999999329447746,1.0,100.0,-0.019999999552965164,0.5801413059234619
1813,33768,2,125,0,OP3,FIXED_OPPONENT,train,SCRIPTED:OP3,1,3,2,1,18,0.23999999463558197,1,0,2,11.0,9.222245110405815,1.5,0.4000000059604645,0.0079507976770401,0.014999999664723873,1.0,100.0,0.0,0.5681945085525513
1814,33776,2,126,3,OP3,FIXED_OPPONENT,train,SCRIPTED:OP3,0,2,3,-1,18,0.19999998807907104,1,0,1,11.0,10.771214803059896,-1.2000000476837158,-0.5,0.0060683488845825195,0.019999999552965164,-1.0,-100.0,0.0,-0.536719799041748
1815,33784,2,127,3,OP3,FIXED_OPPONENT,train,SCRIPTED:OP3,0,2,3,-1,16,0.23999999463558197,1,0,0,12.0,12.577434539794922,-1.2000000476837158,-0.5,-0.00672246515750885,0.0,-1.0,-100.0,-0.019999999552965164,-0.5402891635894775
1816,33784,2,127,0,OP3,FIXED_OPPONENT,train,SCRIPTED:OP3,0,3,3,0,19,0.19999998807907104,1,0,2,12.0,11.479460866827713,-0.699999988079071,0.0,-0.009194955229759216,0.0,0.0,0.0,0.0,-0.1544724702835083
1817,33856,2,136,2,OP3,FIXED_OPPONENT,train,SCRIPTED:OP3,1,3,2,1,18,0.4399999976158142,1,0,2,11.0,10.935679117838541,1.5,0.5,-0.013967186212539673,0.029999999329447746,1.0,100.0,0.0,0.5829711556434631
1818,33872,2,138,3,OP3,FIXED_OPPONENT,train,SCRIPTED:OP3,0,2,3,-1,20,0.23999999463558197,1,0,6,12.0,10.14078369140625,-1.2000000476837158,-0.5,0.010238692164421082,0.0,-1.0,-100.0,-0.03999999910593033,-0.5432162284851074
1819,33872,2,138,0,OP3,FIXED_OPPONENT,train,SCRIPTED:OP3,1,3,2,1,19,0.23999999463558197,1,0,1,12.0,9.838464837325247,1.5,0.4000000059604645,-0.009953409433364868,0.029999999329447746,1.0,100.0,0.0,0.5681595802307129
1820,33896,2,141,1,OP3,FIXED_OPPONENT,train,SCRIPTED:OP3,1,3,2,1,18,0.19999998807907104,1,0,0,11.0,11.091183132595486,1.5,0.5,-0.028342977166175842,0.029999999329447746,1.0,100.0,0.0,0.582802414894104
1821,33904,2,142,0,OP3,FIXED_OPPONENT,train,SCRIPTED:OP3,0,3,3,0,16,0.19999998807907104,1,0,1,12.0,11.709724426269531,-0.699999988079071,0.0,-0.004355110228061676,0.0,0.0,0.0,0.0,-0.15438847243785858
1822,33912,2,143,0,OP3,FIXED_OPPONENT,train,SCRIPTED:OP3,0,2,3,-1,18,0.2800000011920929,1,0,0,11.0,11.021036783854166,-1.2000000476837158,-0.5,0.014831647276878357,0.0,-1.0,-100.0,0.0,-0.5368620157241821
1823,33928,2,145,3,OP3,FIXED_OPPONENT,train,SCRIPTED:OP3,0,2,3,-1,18,0.2800000011920929,1,0,2,12.0,10.642293294270834,-1.2000000476837158,-0.4000000059604645,-0.009107694029808044,0.0,-1.0,-100.0,-0.019999999552965164,-0.5243960618972778
1824,33952,2,148,1,OP3,FIXED_OPPONENT,train,SCRIPTED:OP3,0,2,3,-1,21,0.2800000011920929,1,0,4,14.0,10.168170747302828,-1.2000000476837158,-0.5,0.010585039854049683,0.019999999552965164,-1.0,-100.0,0.0,-0.5366625785827637
1825,34008,2,155,2,OP3,FIXED_OPPONENT,train,SCRIPTED:OP3,1,3,2,1,19,0.19999998807907104,1,0,6,12.0,10.13200458727385,1.5,0.5,-0.019380025565624237,0.029999999329447746,1.0,100.0,0.0,0.5829075574874878
1826,34008,2,155,1,OP3,FIXED_OPPONENT,train,SCRIPTED:OP3,1,3,2,1,17,0.19999998807907104,1,0,1,13.0,10.949808457318474,1.5,0.4000000059604645,0.007263407111167908,0.029999978840351105,1.0,100.0,0.0,0.5683667659759521
1827,34016,2,156,0,OP3,FIXED_OPPONENT,train,SCRIPTED:OP3,1,3,2,1,18,0.23999999463558197,1,0,1,11.0,10.798631456163195,1.5,0.5,0.007834196090698242,0.014999999664723873,1.0,100.0,0.0,0.5830509662628174
1828,34048,2,160,3,OP3,FIXED_OPPONENT,train,SCRIPTED:OP3,1,3,2,1,19,0.23999999463558197,1,0,2,13.0,10.456352635433799,1.5,0.4000000059604645,0.006592884659767151,0.02499999850988388,1.0,100.0,0.0,0.5682984590530396
1829,34056,2,161,2,OP3,FIXED_OPPONENT,train,SCRIPTED:OP3,0,2,3,-1,16,0.3199999928474426,1,0,0,11.0,10.83106803894043,-1.2000000476837158,-0.5,-0.0046230703592300415,0.0,-1.0,-100.0,-0.019999999552965164,-0.5402628183364868
1830,34064,2,162,1,OP3,FIXED_OPPONENT,train,SCRIPTED:OP3,1,3,2,1,20,0.19999998807907104,1,0,2,13.0,10.641594696044923,1.5,0.5,0.001986891031265259,0.014999999664723873,1.0,100.0,-0.019999999552965164,0.5800408124923706
1831,34072,2,163,3,OP3,FIXED_OPPONENT,train,SCRIPTED:OP3,1,3,2,1,20,0.2800000011920929,1,0,4,14.0,8.028498077392578,1.5,0.0,0.008400529623031616,0.0,0.0,0.0,-0.019999999552965164,0.3176563084125519
1832,34080,2,164,0,OP3,FIXED_OPPONENT,train,SCRIPTED:OP3,1,3,2,1,16,0.19999998807907104,1,0,0,11.0,13.009214401245117,1.5,0.4000000059604645,-0.001849055290222168,0.029999999329447746,1.0,100.0,-0.019999999552965164,0.5652402639389038
1833,34152,2,173,0,OP3,FIXED_OPPONENT,train,SCRIPTED:OP3,0,2,3,-1,18,0.23999999463558197,1,0,3,11.0,9.080893622504341,-1.2000000476837158,-0.5,0.009277045726776123,0.019999999552965164,-1.0,-100.0,0.0,-0.536679208278656
1834,34168,2,175,3,OP3,FIXED_OPPONENT,train,SCRIPTED:OP3,0,3,3,0,20,0.1599999964237213,1,0,0,12.0,12.444417572021484,-0.699999988079071,0.0,-0.00215960294008255,0.0,0.0,0.0,-0.019999999552965164,-0.15868593752384186
1835,34168,2,175,2,OP3,FIXED_OPPONENT,train,SCRIPTED:OP3,1,3,2,1,19,0.3199999928474426,1,0,1,12.0,9.397444072522616,1.5,0.4000000059604645,0.002620488405227661,0.014999999664723873,1.0,100.0,0.0,0.5681302547454834
1836,34192,2,178,0,OP3,FIXED_OPPONENT,train,SCRIPTED:OP3,0,2,3,-1,18,0.19999998807907104,1,0,2,11.0,11.260386149088541,-1.2000000476837158,-0.4000000059604645,-0.000814974308013916,0.019999999552965164,-2.0,-200.0,0.0,-0.6638460159301758
1837,34208,2,180,2,OP3,FIXED_OPPONENT,train,SCRIPTED:OP3,1,3,2,1,19,0.3199999928474426,1,0,7,12.0,9.4482421875,1.5,0.5,-0.006992816925048828,0.014999999664723873,1.0,100.0,0.0,0.5828769207000732
1838,34208,2,180,1,OP3,FIXED_OPPONENT,train,SCRIPTED:OP3,1,3,2,1,18,0.23999999463558197,1,0,0,11.0,10.672704060872396,1.5,0.5,0.012688502669334412,0.014999999664723873,1.0,100.0,-0.019999999552965164,0.5801670551300049
1839,34216,2,181,2,OP3,FIXED_OPPONENT,train,SCRIPTED:OP3,1,3,2,1,18,0.2800000011920929,1,0,0,11.0,11.62582058376736,1.5,0.5,-0.008162900805473328,0.014999999664723873,1.0,100.0,0.0,0.5828632116317749
1840,34232,2,183,3,OP3,FIXED_OPPONENT,train,SCRIPTED:OP3,1,3,2,1,19,0.3199999928474426,1,0,1,12.0,10.13644810726768,1.5,0.5,0.02289488911628723,0.014999999664723873,1.0,100.0,0.0,0.5832276344299316
1841,34304,2,192,1,OP3,FIXED_OPPONENT,train,SCRIPTED:OP3,1,3,2,1,17,0.2800000011920929,1,0,0,11.0,10.121275957892923,1.5,0.5,-0.012167751789093018,0.014999999664723873,1.0,100.0,0.0,0.5828161835670471
1842,34304,2,192,3,OP3,FIXED_OPPONENT,train,SCRIPTED:OP3,0,3,3,0,19,0.23999999463558197,1,0,0,11.0,11.61327482524671,-0.699999988079071,0.0,-0.0037688612937927246,0.0,0.0,0.0,-0.019999999552965164,-0.15871381759643555
1843,34312,2,193,1,OP3,FIXED_OPPONENT,train,SCRIPTED:OP3,1,3,2,1,18,0.3199999928474426,1,0,3,11.0,10.416650560167101,1.5,0.0,-0.009513378143310547,0.0,0.0,0.0,0.0,0.32136106491088867
1844,34344,2,197,0,OP3,FIXED_OPPONENT,train,SCRIPTED:OP3,1,3,2,1,19,0.2800000011920929,1,0,2,11.0,9.686181319387336,1.5,0.5,-0.03496462106704712,0.029999999329447746,1.0,100.0,0.0,0.5827246904373169
1845,34344,2,197,2,OP3,FIXED_OPPONENT,train,SCRIPTED:OP3,1,3,2,1,16,0.1599999964237213,1,0,3,11.0,10.352777481079102,1.5,0.5,0.011950284242630005,0.029999999329447746,1.0,100.0,-0.019999999552965164,0.5803351402282715
1846,34352,2,198,0,OP3,FIXED_OPPONENT,train,SCRIPTED:OP3,0,3,3,0,18,0.19999998807907104,1,0,2,11.0,10.010528564453125,-0.699999988079071,0.0,-0.013432174921035767,0.0,0.0,0.0,0.0,-0.15454599261283875
1847,34360,2,199,3,OP3,FIXED_OPPONENT,train,SCRIPTED:OP3,0,2,3,-1,19,0.11999999731779099,1,0,4,12.0,10.238653082596628,-1.2000000476837158,-0.4000000059604645,-0.010131478309631348,0.019999999552965164,-1.0,-100.0,0.0,-0.5209205150604248
1848,34384,2,202,2,OP3,FIXED_OPPONENT,train,SCRIPTED:OP3,0,3,3,0,19,0.2800000011920929,1,0,2,12.0,10.071307533665708,-0.699999988079071,0.0,-0.0018089190125465393,0.0,0.0,0.0,0.0,-0.15434430539608002
1849,34448,2,210,0,OP3,FIXED_OPPONENT,train,SCRIPTED:OP3,0,1,3,-2,18,0.23999999463558197,1,0,0,11.0,11.67836168077257,-1.2000000476837158,-0.5,-0.003040894865989685,0.019999999552965164,-1.0,-100.0,0.0,-0.5368350744247437
1850,34456,2,211,0,OP3,FIXED_OPPONENT,train,SCRIPTED:OP3,0,2,3,-1,19,0.2800000011920929,1,0,4,12.0,10.95344463147615,-1.2000000476837158,-0.5,-0.011698722839355469,0.019999999552965164,-1.0,-100.0,0.0,-0.5369446277618408
1851,34464,2,212,1,OP3,FIXED_OPPONENT,train,SCRIPTED:OP3,0,3,3,0,19,0.3199999928474426,1,0,3,11.0,8.721356843647204,-0.699999988079071,0.0,-0.00928013026714325,0.0,0.0,0.0,0.0,-0.15447396039962769
1852,34488,2,215,0,OP3,FIXED_OPPONENT,train,SCRIPTED:OP3,1,3,2,1,17,0.1599999964237213,1,0,1,12.0,11.24577241785386,1.5,0.5,-0.01781304180622101,0.029999999329447746,1.0,100.0,0.0,0.5829259753227234
1853,34488,2,215,3,OP3,FIXED_OPPONENT,train,SCRIPTED:OP3,0,2,3,-1,18,0.19999998807907104,0,1,5,12.0,10.051890903049046,-1.2000000476837158,-0.4000000059604645,-0.008325248956680298,0.019999999552965164,-1.0,-100.0,-0.019999999552965164,-0.5241281986236572
1854,34496,2,216,3,OP3,FIXED_OPPONENT,train,SCRIPTED:OP3,0,3,3,0,19,0.19999998807907104,1,0,2,12.0,9.937722457082648,-0.699999988079071,0.0,0.008842170238494873,0.0,0.0,0.0,-0.019999999552965164,-0.15849526226520538
1855,34520,2,219,3,OP3,FIXED_OPPONENT,train,SCRIPTED:OP3,1,3,2,1,20,0.19999998807907104,1,0,2,13.0,10.021345520019532,1.5,0.5,-0.023525729775428772,0.029999999329447746,1.0,100.0,-0.019999999552965164,0.579916775226593
1856,34528,2,220,2,OP3,FIXED_OPPONENT,train,SCRIPTED:OP3,1,3,2,1,18,0.35999998450279236,1,0,0,11.0,11.29771508110894,1.5,0.0,-0.009819403290748596,0.0,0.0,0.0,-0.03999999910593033,0.31336262822151184
1857,34592,2,228,1,OP3,FIXED_OPPONENT,train,SCRIPTED:OP3,0,2,3,-1,18,0.35999998450279236,1,0,2,11.0,9.578611585828993,-1.2000000476837158,-0.5,0.01530793309211731,0.0,-1.0,-100.0,-0.019999999552965164,-0.5400117635726929
1858,34600,2,229,0,OP3,FIXED_OPPONENT,train,SCRIPTED:OP3,0,2,3,-1,18,0.23999999463558197,1,0,2,11.0,11.535815768771702,-1.2000000476837158,-0.4000000059604645,-0.007785528898239136,0.0,-1.0,-100.0,-0.019999999552965164,-0.5243790149688721
1859,34624,2,232,0,OP3,FIXED_OPPONENT,train,SCRIPTED:OP3,1,3,2,1,17,0.2800000011920929,0,1,3,11.0,10.160641838522519,1.5,1.0,-0.03818367421627045,0.029999999329447746,2.0,200.0,0.0,0.7615330219268799
1860,34632,2,233,3,OP3,FIXED_OPPONENT,train,SCRIPTED:OP3,1,3,2,1,18,0.1599999964237213,1,0,6,11.0,9.233313666449654,1.5,0.5,-0.027034401893615723,0.029999999329447746,1.0,100.0,-0.019999999552965164,0.5798753499984741
1861,34640,2,234,2,OP3,FIXED_OPPONENT,train,SCRIPTED:OP3,1,3,2,1,22,0.2800000011920929,1,0,3,12.0,10.216665094549006,1.5,0.5,-0.03822757303714752,0.014999999664723873,1.0,100.0,0.0,0.5825101733207703
1862,34648,2,235,2,OP3,FIXED_OPPONENT,train,SCRIPTED:OP3,0,2,3,-1,19,0.2800000011920929,1,0,2,12.0,9.915403667249178,-1.2000000476837158,-0.5,0.008198723196983337,0.0,-1.0,-100.0,0.0,-0.5369459390640259
1863,34672,2,238,0,OP3,FIXED_OPPONENT,train,SCRIPTED:OP3,0,2,3,-1,18,0.2800000011920929,1,0,3,11.0,10.892533196343315,-1.2000000476837158,-0.5,-0.01378263533115387,0.0,-1.0,-100.0,-0.019999999552965164,-0.5403780937194824
1864,34672,2,238,3,OP3,FIXED_OPPONENT,train,SCRIPTED:OP3,1,3,2,1,19,0.3199999928474426,1,0,2,12.0,10.543903551603618,1.5,0.5,-0.032931312918663025,0.014999999664723873,1.0,100.0,0.0,0.582572340965271
1865,34744,2,247,1,OP3,FIXED_OPPONENT,train,SCRIPTED:OP3,1,3,2,1,19,0.19999998807907104,1,0,6,12.0,10.03855414139597,1.5,0.5,-0.008268699049949646,0.029999999329447746,1.0,100.0,0.0,0.5830379724502563
1866,34752,2,248,3,OP3,FIXED_OPPONENT,train,SCRIPTED:OP3,0,2,3,-1,19,0.11999999731779099,1,0,4,12.0,10.306814093338815,-1.2000000476837158,-0.4000000059604645,0.0007735639810562134,0.019999999552965164,-1.0,-100.0,-0.019999999552965164,-0.5240108370780945
1867,34768,2,250,3,OP3,FIXED_OPPONENT,train,SCRIPTED:OP3,0,2,3,-1,18,0.19999998807907104,1,0,2,11.0,9.847355312771267,-1.2000000476837158,-0.5,-0.011946037411689758,0.019999999552965164,-1.0,-100.0,0.0,-0.5369477272033691
1868,34776,2,251,2,OP3,FIXED_OPPONENT,train,SCRIPTED:OP3,0,2,3,-1,18,0.23999999463558197,1,0,2,11.0,11.040655348036024,-1.2000000476837158,-0.5,-0.013317614793777466,0.019999999552965164,-1.0,-100.0,-0.019999999552965164,-0.5401204228401184
1869,34784,2,252,2,OP3,FIXED_OPPONENT,train,SCRIPTED:OP3,0,2,3,-1,18,0.35999998450279236,1,0,2,11.0,10.844091627332899,-1.2000000476837158,-0.4000000059604645,-0.010374188423156738,0.0,-1.0,-100.0,0.0,-0.5211827158927917
1870,34808,2,255,2,OP3,FIXED_OPPONENT,train,SCRIPTED:OP3,0,3,3,0,20,0.19999998807907104,0,1,4,11.0,10.72506103515625,-0.699999988079071,0.0,0.007038623094558716,0.0,0.0,0.0,-0.03999999910593033,-0.16285620629787445
1871,34816,2,256,1,OP3,FIXED_OPPONENT,train,SCRIPTED:OP3,1,3,2,1,18,0.2800000011920929,1,0,0,11.0,10.92869144015842,1.5,0.5,-0.0005788952112197876,0.014999999664723873,1.0,100.0,0.0,0.5829522013664246
1872,34832,2,258,0,OP3,FIXED_OPPONENT,train,SCRIPTED:OP3,0,2,3,-1,20,0.23999999463558197,1,0,3,13.0,10.042945861816406,-1.2000000476837158,-0.5,0.011708319187164307,0.019999999552965164,-1.0,-100.0,-0.019999999552965164,-0.5398052930831909
1873,34896,2,266,0,OP3,FIXED_OPPONENT,train,SCRIPTED:OP3,0,1,3,-2,18,0.23999999463558197,1,0,0,11.0,8.994393242730034,-1.2000000476837158,-0.5,-0.012908309698104858,0.019999999552965164,-1.0,-100.0,0.0,-0.5369599461555481
1874,34896,2,266,0,OP3,FIXED_OPPONENT,train,SCRIPTED:OP3,1,3,2,1,19,0.2800000011920929,1,0,2,12.0,9.40911222759046,1.5,0.5,-0.017899826169013977,0.029999999329447746,1.0,100.0,0.0,0.5829249620437622
1875,34920,2,269,2,OP3,FIXED_OPPONENT,train,SCRIPTED:OP3,0,2,3,-1,18,0.23999999463558197,1,0,0,11.0,10.080017937554253,-1.2000000476837158,-0.30000001192092896,0.0020626336336135864,0.019999999552965164,-1.0,-100.0,0.0,-0.5043799877166748
1876,34928,2,270,2,OP3,FIXED_OPPONENT,train,SCRIPTED:OP3,0,2,3,-1,20,0.23999999463558197,1,0,4,13.0,9.763782501220703,-1.2000000476837158,-0.5,0.014898121356964111,0.019999999552965164,-1.0,-100.0,0.0,-0.5366080403327942
1877,34936,2,271,0,OP3,FIXED_OPPONENT,train,SCRIPTED:OP3,0,2,3,-1,19,0.47999998927116394,1,0,2,12.0,9.873315911543997,-1.2000000476837158,-0.5,0.0030586570501327515,0.0,-1.0,-100.0,-0.019999999552965164,-0.5401660203933716
1878,34952,2,273,2,OP3,FIXED_OPPONENT,train,SCRIPTED:OP3,0,3,3,0,18,0.23999999463558197,1,0,0,11.0,11.655933803982204,-0.699999988079071,0.0,-0.00967542827129364,0.0,0.0,0.0,0.0,-0.15448081493377686
1879,34968,2,275,2,OP3,FIXED_OPPONENT,train,SCRIPTED:OP3,1,3,2,1,19,0.23999999463558197,1,0,2,11.0,10.907234593441611,1.5,0.5,-0.0003254711627960205,0.029999999329447746,1.0,100.0,0.0,0.5831311941146851
1880,34984,2,277,2,OP3,FIXED_OPPONENT,train,SCRIPTED:OP3,1,3,2,1,19,0.23999999463558197,1,0,2,12.0,10.256233616879111,1.5,0.0,-0.009432420134544373,0.0,0.0,0.0,-0.019999999552965164,0.3173712193965912
1881,35040,2,284,1,OP3,FIXED_OPPONENT,train,SCRIPTED:OP3,1,3,1,2,18,0.3199999928474426,1,0,2,11.0,10.570764329698351,1.5,0.5,-0.013897508382797241,0.029999999329447746,1.0,100.0,0.0,0.5829719305038452
1882,35048,2,285,2,OP3,FIXED_OPPONENT,train,SCRIPTED:OP3,0,2,3,-1,19,0.19999998807907104,1,0,4,12.0,10.09565654553865,-1.2000000476837158,-0.5,0.0019057095050811768,0.019999999552965164,-1.0,-100.0,0.0,-0.5367724895477295
1883,35072,2,288,3,OP3,FIXED_OPPONENT,train,SCRIPTED:OP3,0,2,3,-1,18,0.23999999463558197,1,0,5,12.0,10.07464599609375,-1.2000000476837158,-0.5,0.002781420946121216,0.0,-1.0,-100.0,0.0,-0.5370144844055176
1884,35080,2,289,0,OP3,FIXED_OPPONENT,train,SCRIPTED:OP3,1,3,2,1,18,0.19999998807907104,1,0,0,11.0,11.102761162651909,1.5,0.5,0.013821437954902649,0.029999999329447746,1.0,100.0,0.0,0.5832971334457397
1885,35088,2,290,1,OP3,FIXED_OPPONENT,train,SCRIPTED:OP3,0,3,3,0,21,0.2800000011920929,1,0,6,11.0,9.694808959960938,-0.699999988079071,0.0,-0.009222432971000671,0.0,0.0,0.0,0.0,-0.1544729471206665
1886,35112,2,293,1,OP3,FIXED_OPPONENT,train,SCRIPTED:OP3,1,3,2,1,20,0.23999999463558197,1,0,1,13.0,9.663494873046876,1.5,0.4000000059604645,-0.010430917143821716,0.029999999329447746,1.0,100.0,-0.019999999552965164,0.5651363730430603
1887,35128,2,295,3,OP3,FIXED_OPPONENT,train,SCRIPTED:OP3,0,2,3,-1,20,0.23999999463558197,1,0,4,13.0,11.894366455078124,-1.2000000476837158,0.0,0.008846014738082886,0.0,0.0,0.0,-0.019999999552965164,-0.26451218128204346
1888,35144,2,297,0,OP3,FIXED_OPPONENT,train,SCRIPTED:OP3,0,2,3,-1,20,0.23999999463558197,1,0,3,12.0,9.530967712402344,-1.2000000476837158,-0.5,0.005028709769248962,0.019999999552965164,-1.0,-100.0,-0.019999999552965164,-0.539889395236969
1889,35192,2,303,2,OP3,FIXED_OPPONENT,train,SCRIPTED:OP3,0,2,3,-1,19,0.1599999964237213,1,0,3,12.0,11.900034051192435,-1.2000000476837158,-0.5,0.008516401052474976,0.019999999552965164,-1.0,-100.0,-0.019999999552965164,-0.5398454666137695
1890,35208,2,305,3,OP3,FIXED_OPPONENT,train,SCRIPTED:OP3,1,3,1,2,17,0.2800000011920929,1,0,1,11.0,9.640870038200827,1.5,0.5,-0.03238442540168762,0.014999999664723873,1.0,100.0,0.0,0.5825787782669067
1891,35216,2,306,3,OP3,FIXED_OPPONENT,train,SCRIPTED:OP3,0,2,3,-1,21,0.3999999761581421,1,0,3,11.0,10.113980974469866,-1.2000000476837158,-0.5,0.015551745891571045,0.0,-1.0,-100.0,0.0,-0.5368528962135315
1892,35224,2,307,0,OP3,FIXED_OPPONENT,train,SCRIPTED:OP3,0,3,3,0,18,0.1599999964237213,1,0,3,11.0,10.341552734375,-0.699999988079071,0.0,-0.0012549236416816711,0.0,0.0,0.0,0.0,-0.1543346643447876
1893,35232,2,308,1,OP3,FIXED_OPPONENT,train,SCRIPTED:OP3,0,2,3,-1,18,0.23999999463558197,1,0,2,11.0,10.363231235080296,-1.2000000476837158,-0.5,-0.0018503367900848389,0.0,-1.0,-100.0,0.0,-0.537073016166687
1894,35232,2,308,3,OP3,FIXED_OPPONENT,train,SCRIPTED:OP3,0,1,3,-2,15,0.2800000011920929,1,0,0,11.0,10.12157491048177,-1.2000000476837158,-0.5,0.011008381843566895,0.019999999552965164,-1.0,-100.0,0.0,-0.5366572737693787
1895,35272,2,313,3,OP3,FIXED_OPPONENT,train,SCRIPTED:OP3,0,3,3,0,18,0.23999999463558197,1,0,3,11.0,10.128015306260851,-0.699999988079071,0.0,-0.010086894035339355,0.0,0.0,0.0,0.0,-0.15448793768882751
1896,35288,2,315,1,OP3,FIXED_OPPONENT,train,SCRIPTED:OP3,1,3,2,1,18,0.19999998807907104,1,0,1,11.0,11.049229939778646,1.5,0.4000000059604645,-0.0070196837186813354,0.014999999664723873,1.0,100.0,0.0,0.5680142641067505
1897,35336,2,321,1,OP3,FIXED_OPPONENT,train,SCRIPTED:OP3,0,3,3,0,18,0.1599999964237213,1,0,2,11.0,11.872393290201822,-0.699999988079071,0.0,0.007151886820793152,0.0,0.0,0.0,0.0,-0.15418878197669983
1898,35360,2,324,1,OP3,FIXED_OPPONENT,train,SCRIPTED:OP3,0,3,3,0,18,0.1599999964237213,1,0,0,11.0,10.948560926649305,-0.699999988079071,0.0,-0.0047399625182151794,0.0,0.0,0.0,0.0,-0.15439516305923462
1899,35360,2,324,3,OP3,FIXED_OPPONENT,train,SCRIPTED:OP3,1,3,1,2,19,0.3199999928474426,1,0,3,12.0,9.322778802168997,1.5,0.5,-0.03506779670715332,0.014999999664723873,1.0,100.0,0.0,0.5825473070144653
1900,35376,2,326,3,OP3,FIXED_OPPONENT,train,SCRIPTED:OP3,1,3,2,1,18,0.23999999463558197,1,0,1,11.0,8.434152391221788,1.5,0.4000000059604645,-0.009949013590812683,0.029999999329447746,1.0,100.0,0.0,0.5681596398353577
1901,35376,2,326,1,OP3,FIXED_OPPONENT,train,SCRIPTED:OP3,1,3,2,1,19,0.19999998807907104,1,0,1,11.0,9.178143149928042,1.5,0.5,0.023763880133628845,0.02499999850988388,1.0,100.0,-0.019999999552965164,0.5804154872894287
1902,35384,2,327,2,OP3,FIXED_OPPONENT,train,SCRIPTED:OP3,1,3,1,2,19,0.2800000011920929,1,0,0,12.0,9.525310315583882,1.5,0.5,-0.015290260314941406,0.014999999664723873,1.0,100.0,0.0,0.5827795267105103
1903,35440,2,334,3,OP3,FIXED_OPPONENT,train,SCRIPTED:OP3,0,3,3,0,21,0.23999999463558197,1,0,4,14.0,9.302312941778274,-0.699999988079071,0.0,0.008750036358833313,0.0,0.0,0.0,0.0,-0.15416103601455688
1904,35456,2,336,0,OP3,FIXED_OPPONENT,train,SCRIPTED:OP3,0,2,3,-1,21,0.19999998807907104,1,0,3,14.0,10.454072498139881,-1.2000000476837158,-0.5,-0.0016563087701797485,0.019999999552965164,-1.0,-100.0,0.0,-0.5368175506591797
1905,35488,2,340,3,OP3,FIXED_OPPONENT,train,SCRIPTED:OP3,1,3,2,1,16,0.19999998807907104,1,0,0,12.0,10.800495147705078,1.5,0.4000000059604645,-0.010196149349212646,0.029999999329447746,1.0,100.0,-0.03999999910593033,0.5621066093444824
1906,35496,2,341,3,OP3,FIXED_OPPONENT,train,SCRIPTED:OP3,0,2,3,-1,20,0.35999998450279236,0,1,5,13.0,9.537201690673829,-1.2000000476837158,-0.5,-0.005621612071990967,0.019999999552965164,-1.0,-100.0,-0.03999999910593033,-0.5431643128395081
1907,35504,2,342,2,OP3,FIXED_OPPONENT,train,SCRIPTED:OP3,1,3,2,1,18,0.3199999928474426,1,0,6,11.0,10.77647484673394,1.5,1.0,-0.013515189290046692,0.029999999329447746,2.0,200.0,0.0,0.7617172598838806
1908,35520,2,344,3,OP3,FIXED_OPPONENT,train,SCRIPTED:OP3,0,3,3,0,18,0.3199999928474426,1,0,0,11.0,11.157446119520399,-0.699999988079071,0.0,-0.0011633187532424927,0.0,0.0,0.0,0.0,-0.15433308482170105
1909,35520,2,344,2,OP3,FIXED_OPPONENT,train,SCRIPTED:OP3,0,3,3,0,18,0.19999998807907104,1,0,7,11.0,10.180237664116753,-0.699999988079071,0.5,-0.009076565504074097,0.0,1.0,100.0,0.0,0.17577192187309265
1910,35536,2,346,3,OP3,FIXED_OPPONENT,train,SCRIPTED:OP3,0,2,3,-1,19,0.23999999463558197,0,1,4,12.0,10.277448152240954,-1.2000000476837158,-0.5,0.016286194324493408,0.019999999552965164,-1.0,-100.0,0.0,-0.5365905165672302
1911,35576,2,351,2,OP3,FIXED_OPPONENT,train,SCRIPTED:OP3,1,3,1,2,17,0.23999999463558197,1,0,0,11.0,10.373707490808824,1.5,0.4000000059604645,-0.00798778235912323,0.029999999329447746,1.0,100.0,0.0,0.568183183670044
1912,35600,2,354,3,OP3,FIXED_OPPONENT,train,SCRIPTED:OP3,0,2,3,-1,18,0.23999999463558197,1,0,2,11.0,10.912789238823784,-1.2000000476837158,-0.5,0.011441156268119812,0.019999999552965164,-1.0,-100.0,0.0,-0.5366517901420593
1913,35624,2,357,2,OP3,FIXED_OPPONENT,train,SCRIPTED:OP3,0,2,3,-1,17,0.1599999964237213,1,0,1,11.0,10.665564144358916,-1.2000000476837158,-0.5,-0.003951862454414368,0.019999999552965164,-1.0,-100.0,0.0,-0.5368465781211853
1914,35640,2,359,2,OP3,FIXED_OPPONENT,train,SCRIPTED:OP3,0,2,3,-1,18,0.19999998807907104,1,0,3,11.0,10.535237630208334,-1.2000000476837158,-0.5,-0.0032378733158111572,0.0,-1.0,-100.0,0.0,-0.537090539932251
1915,35664,2,362,3,OP3,FIXED_OPPONENT,train,SCRIPTED:OP3,0,3,3,0,20,0.23999999463558197,1,0,0,12.0,11.079662322998047,-0.699999988079071,0.0,-0.009004443883895874,0.0,0.0,0.0,0.0,-0.15446917712688446
1916,35672,2,363,2,OP3,FIXED_OPPONENT,train,SCRIPTED:OP3,0,2,3,-1,19,0.23999999463558197,1,0,0,11.0,10.37579988178454,-1.2000000476837158,-0.5,0.012667655944824219,0.019999999552965164,-1.0,-100.0,-0.019999999552965164,-0.5397932529449463
1917,35680,2,364,0,OP3,FIXED_OPPONENT,train,SCRIPTED:OP3,0,1,3,-2,20,0.2800000011920929,1,0,4,13.0,10.375825500488281,-1.2000000476837158,-0.5,0.007010728120803833,0.019999999552965164,-1.0,-100.0,-0.03999999910593033,-0.5430059432983398
1918,35688,2,365,0,OP3,FIXED_OPPONENT,train,SCRIPTED:OP3,1,3,2,1,19,0.23999999463558197,1,0,0,12.0,12.11185093929893,1.5,0.5,-0.02630615234375,0.029999999329447746,1.0,100.0,-0.019999999552965164,0.5798839926719666
1919,35720,2,369,2,OP3,FIXED_OPPONENT,train,SCRIPTED:OP3,1,3,2,1,18,0.11999999731779099,1,0,0,11.0,12.230000813802084,1.5,0.5,0.012378215789794922,0.029999999329447746,1.0,100.0,0.0,0.5832802653312683
1920,35736,2,371,1,OP3,FIXED_OPPONENT,train,SCRIPTED:OP3,1,3,2,1,17,0.1599999964237213,1,0,0,12.0,11.809073953067555,1.5,0.0,0.0040730684995651245,0.0,0.0,0.0,0.0,0.32157760858535767
1921,35760,2,374,1,OP3,FIXED_OPPONENT,train,SCRIPTED:OP3,0,2,3,-1,17,0.19999998807907104,1,0,1,11.0,10.813158820657168,-1.2000000476837158,0.0,0.0035900920629501343,0.0,0.0,0.0,0.0,-0.2604609727859497
1922,35784,2,377,0,OP3,FIXED_OPPONENT,train,SCRIPTED:OP3,1,3,2,1,18,0.2800000011920929,1,0,1,12.0,10.299072265625,1.5,0.5,-0.02795185148715973,0.029999999329447746,1.0,100.0,0.0,0.5828069448471069
1923,35800,2,379,3,OP3,FIXED_OPPONENT,train,SCRIPTED:OP3,1,3,2,1,17,0.19999998807907104,1,0,1,11.0,12.03385476505055,1.5,0.4000000059604645,0.005842655897140503,0.029999999329447746,1.0,100.0,0.0,0.5683496594429016
1924,35824,2,382,2,OP3,FIXED_OPPONENT,train,SCRIPTED:OP3,1,3,2,1,19,0.23999999463558197,1,0,0,12.0,11.731821963661595,1.5,0.5,-0.03525669872760773,0.014999999664723873,1.0,100.0,0.0,0.5825450420379639
1925,35832,2,383,0,OP3,FIXED_OPPONENT,train,SCRIPTED:OP3,0,3,3,0,19,0.07999999821186066,1,0,2,11.0,11.075339066354852,-0.699999988079071,0.0,-0.0029293596744537354,0.0,0.0,0.0,0.0,-0.154363751411438
1926,35848,2,385,2,OP3,FIXED_OPPONENT,train,SCRIPTED:OP3,1,3,2,1,20,0.2800000011920929,1,0,7,13.0,9.534870910644532,1.5,0.5,-0.009815961122512817,0.029999999329447746,1.0,100.0,-0.019999999552965164,0.5800785422325134
1927,35872,2,388,2,OP3,FIXED_OPPONENT,train,SCRIPTED:OP3,0,2,3,-1,19,0.07999999821186066,1,0,7,13.0,9.7957908228824,-1.2000000476837158,-0.4000000059604645,-0.010566368699073792,0.019999999552965164,-1.0,-100.0,0.0,-0.5209261775016785
1928,35896,2,391,3,OP3,FIXED_OPPONENT,train,SCRIPTED:OP3,1,3,2,1,20,0.19999998807907104,1,0,1,11.0,9.498526000976563,1.5,0.5,0.02038559317588806,0.014999999664723873,1.0,100.0,-0.019999999552965164,0.5802578926086426
1929,35928,2,395,1,OP3,FIXED_OPPONENT,train,SCRIPTED:OP3,1,3,2,1,21,0.3199999928474426,1,0,3,15.0,9.86436535063244,1.5,0.0,-0.008997976779937744,0.0,0.0,0.0,0.0,0.3213692903518677
1930,35944,2,397,2,OP3,FIXED_OPPONENT,train,SCRIPTED:OP3,1,3,2,1,20,0.2800000011920929,1,0,2,13.0,10.453014373779297,1.5,0.5,-0.01556849479675293,0.029999999329447746,1.0,100.0,-0.019999999552965164,0.5800106525421143
1931,35944,2,397,2,OP3,FIXED_OPPONENT,train,SCRIPTED:OP3,0,3,3,0,18,0.19999998807907104,1,0,1,11.0,11.392687479654947,-0.699999988079071,0.0,0.0086202472448349,0.0,0.0,0.0,-0.019999999552965164,-0.1584991067647934
1932,35968,2,400,0,OP3,FIXED_OPPONENT,train,SCRIPTED:OP3,0,2,3,-1,18,0.35999998450279236,1,0,0,11.0,11.047014872233072,-1.2000000476837158,-0.5,-0.008281722664833069,0.0,-1.0,-100.0,0.0,-0.5371543169021606
1933,35976,2,401,0,OP3,FIXED_OPPONENT,train,SCRIPTED:OP3,0,2,3,-1,18,0.23999999463558197,1,0,5,11.0,10.240310668945312,-1.2000000476837158,0.0,-0.002225533127784729,0.019999999552965164,0.0,0.0,0.0,-0.2602258622646332
1934,35992,2,403,3,OP3,FIXED_OPPONENT,train,SCRIPTED:OP3,0,1,3,-2,15,0.3199999928474426,1,0,0,11.0,11.198673502604167,-1.2000000476837158,-0.5,0.015035316348075867,0.019999999552965164,-1.0,-100.0,0.0,-0.5366063117980957
1935,36008,2,405,1,OP3,FIXED_OPPONENT,train,SCRIPTED:OP3,1,3,2,1,20,0.19999998807907104,1,0,1,13.0,9.753485870361327,1.5,0.5,-0.005308851599693298,0.014999999664723873,1.0,100.0,-0.019999999552965164,0.5799547433853149
1936,36056,2,411,2,OP3,FIXED_OPPONENT,train,SCRIPTED:OP3,1,3,2,1,20,0.2800000011920929,1,0,0,11.0,10.398761749267578,1.5,0.5,-0.015322893857955933,0.014999999664723873,1.0,100.0,0.0,0.5827791690826416
1937,36080,2,414,2,OP3,FIXED_OPPONENT,train,SCRIPTED:OP3,0,2,3,-1,19,0.19999998807907104,1,0,3,12.0,11.929873817845396,-1.2000000476837158,-0.5,0.006676912307739258,0.019999999552965164,-1.0,-100.0,-0.019999999552965164,-0.5398687124252319
1938,36088,2,415,1,OP3,FIXED_OPPONENT,train,SCRIPTED:OP3,0,1,3,-2,18,0.23999999463558197,1,0,3,11.0,10.390474955240885,-1.2000000476837158,-0.5,0.003071606159210205,0.019999999552965164,-1.0,-100.0,-0.019999999552965164,-0.5399141311645508
1939,36112,2,418,1,OP3,FIXED_OPPONENT,train,SCRIPTED:OP3,1,3,2,1,21,0.19999998807907104,1,0,5,12.0,10.00010245186942,1.5,0.5,-0.0446476936340332,0.014999999664723873,1.0,100.0,0.0,0.5824347734451294
1940,36120,2,419,3,OP3,FIXED_OPPONENT,train,SCRIPTED:OP3,1,3,2,1,18,0.23999999463558197,1,0,2,12.0,11.307264539930555,1.5,0.4000000059604645,-4.395842552185059e-06,0.029999999329447746,1.0,100.0,0.0,0.5682792663574219
1941,36128,2,420,3,OP3,FIXED_OPPONENT,train,SCRIPTED:OP3,1,3,2,1,17,0.2800000011920929,1,0,5,11.0,8.957552741555606,1.5,0.5,-0.011198446154594421,0.029999999329447746,1.0,100.0,0.0,0.5830036401748657
1942,36128,2,420,3,OP3,FIXED_OPPONENT,train,SCRIPTED:OP3,1,3,2,1,20,0.19999998807907104,1,0,0,12.0,11.435916137695312,1.5,0.5,-0.028034590184688568,0.029999999329447746,1.0,100.0,-0.019999999552965164,0.5798636078834534
1943,36152,2,423,0,OP3,FIXED_OPPONENT,train,SCRIPTED:OP3,1,3,2,1,18,0.23999999463558197,1,0,6,11.0,10.164754231770834,1.5,0.5,-0.023683801293373108,0.029999999329447746,1.0,100.0,0.0,0.5828570127487183
1944,36192,2,428,1,OP3,FIXED_OPPONENT,train,SCRIPTED:OP3,1,3,2,1,17,0.19999998807907104,1,0,2,11.0,10.479327033547793,1.5,0.0,0.00022809207439422607,0.0,0.0,0.0,0.0,0.32151633501052856
1945,36224,2,432,3,OP3,FIXED_OPPONENT,train,SCRIPTED:OP3,1,3,2,1,18,0.19999998807907104,0,1,4,11.0,9.664188808865017,1.5,0.0,-0.009402930736541748,0.0,0.0,0.0,0.0,0.32136282324790955
1946,36232,2,433,3,OP3,FIXED_OPPONENT,train,SCRIPTED:OP3,1,3,2,1,18,0.2800000011920929,1,0,1,11.0,10.468213399251303,1.5,0.5,-0.023717224597930908,0.014999999664723873,1.0,100.0,-0.019999999552965164,0.5797374844551086
1947,36264,2,437,0,OP3,FIXED_OPPONENT,train,SCRIPTED:OP3,0,1,3,-2,19,0.1599999964237213,1,0,4,12.0,10.714462280273438,-1.2000000476837158,0.0,-0.0012540370225906372,0.019999999552965164,0.0,0.0,0.0,-0.2602097988128662
1948,36264,2,437,0,OP3,FIXED_OPPONENT,train,SCRIPTED:OP3,1,3,2,1,18,0.1599999964237213,1,0,0,12.0,10.324148390028212,1.5,0.4000000059604645,-0.00037288665771484375,0.014999999664723873,1.0,100.0,-0.019999999552965164,0.5650765895843506
1949,36280,2,439,1,OP3,FIXED_OPPONENT,train,SCRIPTED:OP3,1,3,2,1,19,0.07999999821186066,1,0,4,12.0,11.32729700991982,1.5,0.5,0.007119230926036835,0.029999999329447746,1.0,100.0,0.0,0.5832185745239258
1950,36296,2,441,1,OP3,FIXED_OPPONENT,train,SCRIPTED:OP3,0,2,3,-1,21,0.23999999463558197,1,0,5,12.0,8.877184186662946,-1.2000000476837158,-0.5,0.009063169360160828,0.0,-1.0,-100.0,-0.019999999552965164,-0.5400904417037964
1951,36304,2,442,3,OP3,FIXED_OPPONENT,train,SCRIPTED:OP3,1,3,2,1,19,0.19999998807907104,1,0,3,12.0,11.759453221371299,1.5,0.5,-0.017394043505191803,0.029999999329447746,1.0,100.0,0.0,0.5829309225082397
1952,36352,2,448,0,OP3,FIXED_OPPONENT,train,SCRIPTED:OP3,1,3,2,1,20,0.2800000011920929,1,0,1,14.0,11.030361938476563,1.5,0.5,0.014886796474456787,0.014999999664723873,1.0,100.0,-0.019999999552965164,0.5801929235458374
1953,36376,2,451,0,OP3,FIXED_OPPONENT,train,SCRIPTED:OP3,1,3,2,1,19,0.3199999928474426,1,0,2,12.0,9.863904451069079,1.5,0.4000000059604645,-0.00546632707118988,0.014999999664723873,1.0,100.0,0.0,0.56803297996521
1954,36376,2,451,2,OP3,FIXED_OPPONENT,train,SCRIPTED:OP3,1,3,2,1,18,0.2800000011920929,1,0,3,11.0,10.300909254286024,1.5,0.5,0.004280656576156616,0.014999999664723873,1.0,100.0,-0.019999999552965164,0.5800679326057434
1955,36408,2,455,3,OP3,FIXED_OPPONENT,train,SCRIPTED:OP3,1,3,2,1,18,0.23999999463558197,1,0,0,11.0,10.569864908854166,1.5,0.5,0.010977447032928467,0.029999999329447746,1.0,100.0,0.0,0.5832638144493103
1956,36432,2,458,2,OP3,FIXED_OPPONENT,train,SCRIPTED:OP3,1,3,2,1,21,0.2800000011920929,1,0,5,14.0,9.319829305013021,1.5,0.5,0.025715693831443787,0.029999999329447746,1.0,100.0,0.0,0.5834367275238037
1957,36440,2,459,3,OP3,FIXED_OPPONENT,train,SCRIPTED:OP3,0,2,3,-1,20,0.2800000011920929,1,0,1,12.0,12.353495788574218,-1.2000000476837158,-0.5,-0.00953035056591034,0.0,-1.0,-100.0,-0.019999999552965164,-0.5403245687484741
1958,36448,2,460,1,OP3,FIXED_OPPONENT,train,SCRIPTED:OP3,0,2,3,-1,19,0.1599999964237213,1,0,1,12.0,11.587635241056743,-1.2000000476837158,-0.5,-0.008333072066307068,0.019999999552965164,-1.0,-100.0,-0.019999999552965164,-0.5400576591491699
1959,36448,2,460,1,OP3,FIXED_OPPONENT,train,SCRIPTED:OP3,1,3,1,2,18,0.2800000011920929,1,0,1,12.0,9.33416493733724,1.5,0.5,0.01267249882221222,0.014999999664723873,1.0,100.0,0.0,0.5831077098846436
1960,36496,2,466,0,OP3,FIXED_OPPONENT,train,SCRIPTED:OP3,1,3,2,1,18,0.19999998807907104,1,0,1,11.0,11.010887993706596,1.5,0.4000000059604645,-0.004833914339542389,0.029999999329447746,1.0,100.0,0.0,0.5682211518287659
1961,36520,2,469,0,OP3,FIXED_OPPONENT,train,SCRIPTED:OP3,1,3,2,1,18,0.19999998807907104,1,0,4,11.0,9.865820142957899,1.5,0.5,-0.0029230862855911255,0.029999999329447746,1.0,100.0,0.0,0.5831007957458496
1962,36528,2,470,2,OP3,FIXED_OPPONENT,train,SCRIPTED:OP3,0,3,3,0,19,0.23999999463558197,1,0,4,11.0,10.482292576840049,-0.699999988079071,0.5,0.004936568439006805,0.0,1.0,100.0,0.0,0.17601333558559418
1963,36560,2,474,3,OP3,FIXED_OPPONENT,train,SCRIPTED:OP3,1,3,2,1,19,0.19999998807907104,1,0,2,12.0,10.004833823756167,1.5,0.5,0.008590593934059143,0.029999999329447746,1.0,100.0,0.0,0.5832358002662659
1964,36584,2,477,0,OP3,FIXED_OPPONENT,train,SCRIPTED:OP3,1,3,2,1,18,0.3999999761581421,1,0,0,11.0,10.241572909884983,1.5,0.5,-0.027018770575523376,0.029999999329447746,1.0,100.0,0.0,0.5828179121017456
1965,36584,2,477,0,OP3,FIXED_OPPONENT,train,SCRIPTED:OP3,1,3,2,1,17,0.3199999928474426,1,0,4,11.0,10.371434828814339,1.5,0.4000000059604645,-0.009976863861083984,0.029999999329447746,1.0,100.0,0.0,0.5681592226028442
1966,36592,2,478,3,OP3,FIXED_OPPONENT,train,SCRIPTED:OP3,1,3,2,1,20,0.19999998807907104,1,0,0,13.0,12.127428436279297,1.5,0.5,-0.011629655957221985,0.029999999329447746,1.0,100.0,0.0,0.582998514175415
1967,36616,2,481,0,OP3,FIXED_OPPONENT,train,SCRIPTED:OP3,1,3,2,1,21,0.19999998807907104,1,0,2,14.0,10.374593098958334,1.5,0.5,0.009997233748435974,0.029999999329447746,1.0,100.0,-0.019999999552965164,0.580312192440033
1968,36640,2,484,1,OP3,FIXED_OPPONENT,train,SCRIPTED:OP3,1,3,2,1,18,0.19999998807907104,1,0,3,11.0,10.491497463650173,1.5,0.4000000059604645,-0.00734439492225647,0.029999999329447746,1.0,100.0,0.0,0.5681909322738647
1969,36680,2,489,1,OP3,FIXED_OPPONENT,train,SCRIPTED:OP3,1,3,2,1,20,0.23999999463558197,1,0,2,12.0,9.827583312988281,1.5,0.5,-0.036454543471336365,0.014999999664723873,1.0,100.0,-0.019999999552965164,0.5795871615409851
1970,36680,2,489,3,OP3,FIXED_OPPONENT,train,SCRIPTED:OP3,0,1,3,-2,15,0.23999999463558197,1,0,5,11.0,11.341318766276041,-1.2000000476837158,-0.5,0.011433854699134827,0.019999999552965164,-1.0,-100.0,0.0,-0.5366519093513489
1971,36688,2,490,0,OP3,FIXED_OPPONENT,train,SCRIPTED:OP3,0,3,3,0,20,0.23999999463558197,1,0,1,12.0,11.197376251220703,-0.699999988079071,0.0,-0.0066880881786346436,0.0,0.0,0.0,-0.019999999552965164,-0.15876440703868866
1972,36728,2,495,2,OP3,FIXED_OPPONENT,train,SCRIPTED:OP3,1,3,2,1,18,0.23999999463558197,1,0,1,11.0,10.339637756347656,1.5,0.4000000059604645,0.005702108144760132,0.029999999329447746,1.0,100.0,0.0,0.5683479905128479
1973,36736,2,496,0,OP3,FIXED_OPPONENT,train,SCRIPTED:OP3,0,3,3,0,19,0.3199999928474426,1,0,2,11.0,10.089182803505345,-0.699999988079071,0.0,-0.002636462450027466,0.0,0.0,0.0,0.0,-0.1543586552143097
1974,36768,2,500,2,OP3,FIXED_OPPONENT,train,SCRIPTED:OP3,0,1,3,-2,16,0.2800000011920929,1,0,0,12.0,10.47549819946289,-1.2000000476837158,-0.4000000059604645,-0.009905800223350525,0.0,-1.0,-100.0,-0.019999999552965164,-0.524406373500824
1975,36768,2,500,0,OP3,FIXED_OPPONENT,train,SCRIPTED:OP3,1,3,2,1,22,0.3199999928474426,1,0,6,14.0,10.574685530229049,1.5,0.5,-0.03803683817386627,0.014999999664723873,1.0,100.0,0.0,0.582512378692627
1976,36776,2,501,1,OP3,FIXED_OPPONENT,train,SCRIPTED:OP3,1,3,2,1,20,0.3199999928474426,1,0,3,12.0,9.423703002929688,1.5,0.5,-0.030979037284851074,0.014999999664723873,1.0,100.0,-0.03999999910593033,0.576693058013916
1977,36824,2,507,0,OP3,FIXED_OPPONENT,train,SCRIPTED:OP3,1,3,2,1,18,0.1599999964237213,1,0,1,11.0,11.873173183865017,1.5,0.5,-0.0089193657040596,0.029999999329447746,1.0,100.0,0.0,0.5830303430557251
1978,36824,2,507,2,OP3,FIXED_OPPONENT,train,SCRIPTED:OP3,0,2,3,-1,18,0.1599999964237213,1,0,1,11.0,11.335325453016493,-1.2000000476837158,-0.5,-0.0033100545406341553,0.019999999552965164,-1.0,-100.0,-0.019999999552965164,-0.539994478225708
1979,36832,2,508,2,OP3,FIXED_OPPONENT,train,SCRIPTED:OP3,1,3,2,1,18,0.2800000011920929,1,0,0,11.0,11.804850260416666,1.5,0.4000000059604645,0.00612679123878479,0.029999999329447746,1.0,100.0,0.0,0.5683530569076538
1980,36888,2,515,2,OP3,FIXED_OPPONENT,train,SCRIPTED:OP3,0,3,3,0,19,0.3199999928474426,1,0,0,12.0,11.050987645199424,-0.699999988079071,0.0,-0.00816364586353302,0.0,0.0,0.0,0.0,-0.1544545739889145
1981,36888,2,515,0,OP3,FIXED_OPPONENT,train,SCRIPTED:OP3,1,3,2,1,20,0.2800000011920929,1,0,3,11.0,10.694756317138673,1.5,0.5,-0.012345701456069946,0.014999999664723873,1.0,100.0,-0.03999999910593033,0.5769140720367432
1982,36912,2,518,0,OP3,FIXED_OPPONENT,train,SCRIPTED:OP3,1,3,2,1,17,0.19999998807907104,1,0,2,11.0,9.584902595071231,1.5,0.0,0.006191283464431763,0.0,0.0,0.0,0.0,0.3216114044189453
1983,36920,2,519,3,OP3,FIXED_OPPONENT,train,SCRIPTED:OP3,1,3,2,1,19,0.19999998807907104,1,0,0,12.0,11.18380335757607,1.5,0.4000000059604645,0.008534103631973267,0.014999999664723873,1.0,100.0,0.0,0.5682015419006348
1984,36944,2,522,0,OP3,FIXED_OPPONENT,train,SCRIPTED:OP3,1,3,2,1,22,0.23999999463558197,1,0,5,15.0,10.129744789817117,1.5,0.5,-0.005088716745376587,0.029999999329447746,1.0,100.0,-0.019999999552965164,0.5801343321800232
1985,36968,2,525,0,OP3,FIXED_OPPONENT,train,SCRIPTED:OP3,1,3,2,1,18,0.2800000011920929,1,0,0,11.0,11.20161861843533,1.5,0.5,0.018086537718772888,0.014999999664723873,1.0,100.0,0.0,0.5831712484359741
1986,36968,2,525,1,OP3,FIXED_OPPONENT,train,SCRIPTED:OP3,0,2,3,-1,18,0.1599999964237213,1,0,3,11.0,9.957422044542101,-1.2000000476837158,-0.5,0.015218853950500488,0.019999999552965164,-1.0,-100.0,0.0,-0.5366039872169495
1987,36976,2,526,0,OP3,FIXED_OPPONENT,train,SCRIPTED:OP3,0,2,3,-1,18,0.19999998807907104,1,0,0,11.0,11.802340189615885,-1.2000000476837158,-0.5,-0.0038104653358459473,0.0,-1.0,-100.0,-0.019999999552965164,-0.5402525663375854
1988,37024,2,532,2,OP3,FIXED_OPPONENT,train,SCRIPTED:OP3,1,3,1,2,17,0.1599999964237213,1,0,1,11.0,9.271059821633731,1.5,0.5,-0.02805483341217041,0.029999999329447746,1.0,100.0,0.0,0.5828057527542114
1989,37032,2,533,3,OP3,FIXED_OPPONENT,train,SCRIPTED:OP3,1,3,2,1,18,0.23999999463558197,1,0,0,12.0,10.307673984103733,1.5,0.4000000059604645,-0.005899339914321899,0.014999999664723873,1.0,100.0,0.0,0.5680277347564697
1990,37056,2,536,0,OP3,FIXED_OPPONENT,train,SCRIPTED:OP3,0,3,3,0,18,0.1599999964237213,1,0,1,11.0,10.219885084364149,-0.699999988079071,0.0,0.001050800085067749,0.0,0.0,0.0,0.0,-0.1542946696281433
1991,37080,2,539,1,OP3,FIXED_OPPONENT,train,SCRIPTED:OP3,1,3,2,1,20,0.19999998807907104,1,0,4,13.0,10.829652404785156,1.5,0.5,-0.01819285750389099,0.029999999329447746,1.0,100.0,0.0,0.5829216241836548
1992,37096,2,541,2,OP3,FIXED_OPPONENT,train,SCRIPTED:OP3,0,2,3,-1,19,0.3199999928474426,1,0,2,12.0,10.326897069027549,-1.2000000476837158,-0.5,-0.005087345838546753,0.0,-1.0,-100.0,-0.019999999552965164,-0.5402686595916748
1993,37112,2,543,1,OP3,FIXED_OPPONENT,train,SCRIPTED:OP3,1,3,2,1,18,0.3199999928474426,1,0,4,12.0,10.819986979166666,1.5,0.5,-0.007804006338119507,0.029999999329447746,1.0,100.0,0.0,0.5830434560775757
1994,37112,2,543,2,OP3,FIXED_OPPONENT,train,SCRIPTED:OP3,1,3,2,1,17,0.2800000011920929,1,0,0,11.0,8.98954324161305,1.5,0.0,-0.010506048798561096,0.0,0.0,0.0,0.0,0.3213452398777008
1995,37128,2,545,3,OP3,FIXED_OPPONENT,train,SCRIPTED:OP3,1,3,2,1,20,0.35999998450279236,1,0,7,13.0,9.714161682128907,1.5,0.5,-0.030570581555366516,0.014999999664723873,1.0,100.0,0.0,0.5826001167297363
1996,37144,2,547,0,OP3,FIXED_OPPONENT,train,SCRIPTED:OP3,1,3,1,2,15,0.19999998807907104,1,0,2,11.0,9.256732177734374,1.5,0.5,-0.026820167899131775,0.014999999664723873,1.0,100.0,0.0,0.5826441049575806
1997,37152,2,548,1,OP3,FIXED_OPPONENT,train,SCRIPTED:OP3,1,3,1,2,15,0.23999999463558197,1,0,6,11.0,9.356160481770834,1.5,0.4000000059604645,-0.004294648766517639,0.029999999329447746,1.0,100.0,0.0,0.5682276487350464
1998,37224,2,557,0,OP3,FIXED_OPPONENT,train,SCRIPTED:OP3,1,3,2,1,21,0.19999998807907104,1,0,2,14.0,10.813152494884672,1.5,0.5,0.011859044432640076,0.029999999329447746,1.0,100.0,0.0,0.5832741260528564
1999,37232,2,558,2,OP3,FIXED_OPPONENT,train,SCRIPTED:OP3,0,2,3,-1,17,0.23999999463558197,1,0,0,11.0,12.637205236098346,-1.2000000476837158,-0.5,0.0011933296918869019,0.019999999552965164,-1.0,-100.0,-0.019999999552965164,-0.5399377346038818
2000,37232,2,558,3,OP3,FIXED_OPPONENT,train,SCRIPTED:OP3,1,3,2,1,19,0.23999999463558197,1,0,0,12.0,10.875588668020148,1.5,0.4000000059604645,0.0022797435522079468,0.029999999329447746,1.0,100.0,0.0,0.5683068037033081
2001,37256,2,561,2,OP3,FIXED_OPPONENT,train,SCRIPTED:OP3,1,3,2,1,18,0.23999999463558197,1,0,1,11.0,10.270508660210503,1.5,0.5,0.017087727785110474,0.014999999664723873,1.0,100.0,0.0,0.5831595063209534
2002,37272,2,563,2,OP3,FIXED_OPPONENT,train,SCRIPTED:OP3,1,3,2,1,20,0.23999999463558197,1,0,2,13.0,9.429575347900391,1.5,0.5,-0.02358877658843994,0.029999999329447746,1.0,100.0,-0.019999999552965164,0.5799160003662109
2003,37288,2,565,3,OP3,FIXED_OPPONENT,train,SCRIPTED:OP3,1,3,2,1,18,0.11999999731779099,1,0,4,11.0,11.058724297417534,1.5,0.5,-0.018098384141921997,0.029999999329447746,1.0,100.0,0.0,0.5829226970672607
2004,37288,2,565,1,OP3,FIXED_OPPONENT,train,SCRIPTED:OP3,0,3,3,0,20,0.3199999928474426,1,0,1,13.0,9.881217956542969,-0.699999988079071,0.0,-0.004804700613021851,0.0,0.0,0.0,-0.019999999552965164,-0.15873177349567413
2005,37312,2,568,3,OP3,FIXED_OPPONENT,train,SCRIPTED:OP3,1,3,2,1,20,0.1599999964237213,1,0,4,12.0,10.448844909667969,1.5,0.5,-0.021863043308258057,0.029999999329447746,1.0,100.0,-0.019999999552965164,0.5799363851547241
2006,37376,2,576,2,OP3,FIXED_OPPONENT,train,SCRIPTED:OP3,0,2,3,-1,19,0.23999999463558197,1,0,1,12.0,9.609318783408717,-1.2000000476837158,-0.5,0.0037511736154556274,0.0,-1.0,-100.0,0.0,-0.5370022058486938
2007,37384,2,577,1,OP3,FIXED_OPPONENT,train,SCRIPTED:OP3,0,2,3,-1,19,0.23999999463558197,1,0,3,12.0,10.716011448910361,-1.2000000476837158,-0.5,0.010691985487937927,0.019999999552965164,-1.0,-100.0,0.0,-0.5366612672805786
2008,37408,2,580,1,OP3,FIXED_OPPONENT,train,SCRIPTED:OP3,1,3,2,1,19,0.3199999928474426,1,0,5,12.0,9.317950600071958,1.5,0.5,-0.03224538266658783,0.029999999329447746,1.0,100.0,0.0,0.5827566385269165
2009,37408,2,580,1,OP3,FIXED_OPPONENT,train,SCRIPTED:OP3,1,3,2,1,17,0.19999998807907104,1,0,0,11.0,12.135754753561582,1.5,0.5,-0.007415860891342163,0.029999999329447746,1.0,100.0,0.0,0.5830480456352234
2010,37408,2,580,2,OP3,FIXED_OPPONENT,train,SCRIPTED:OP3,1,3,2,1,22,0.3199999928474426,1,0,4,13.0,8.957116560502486,1.5,0.5,-0.025009989738464355,0.014999999664723873,1.0,100.0,0.0,0.5826654434204102
2011,37440,2,584,3,OP3,FIXED_OPPONENT,train,SCRIPTED:OP3,0,2,3,-1,19,0.23999999463558197,1,0,5,12.0,10.382462350945724,-1.2000000476837158,0.0,-0.0030568987131118774,0.019999999552965164,0.0,0.0,0.0,-0.2602396607398987
2012,37440,2,584,2,OP3,FIXED_OPPONENT,train,SCRIPTED:OP3,0,2,3,-1,19,0.35999998450279236,1,0,0,12.0,10.693815532483553,-1.2000000476837158,-0.5,0.006085246801376343,0.019999999552965164,-1.0,-100.0,0.0,-0.536719560623169
2013,37464,2,587,2,OP3,FIXED_OPPONENT,train,SCRIPTED:OP3,0,2,3,-1,19,0.23999999463558197,1,0,2,12.0,9.993549547697368,-1.2000000476837158,-0.5,0.001385226845741272,0.0,-1.0,-100.0,0.0,-0.5370321273803711
2014,37520,2,594,0,OP3,FIXED_OPPONENT,train,SCRIPTED:OP3,0,2,3,-1,18,0.35999998450279236,1,0,1,11.0,10.29807874891493,-1.2000000476837158,-0.4000000059604645,0.0014569759368896484,0.019999999552965164,-1.0,-100.0,0.0,-0.5207703709602356
2015,37528,2,595,0,OP3,FIXED_OPPONENT,train,SCRIPTED:OP3,1,3,2,1,18,0.23999999463558197,1,0,6,11.0,9.468944973415798,1.5,0.5,-0.003662899136543274,0.029999999329447746,1.0,100.0,0.0,0.5830920934677124
2016,37552,2,598,2,OP3,FIXED_OPPONENT,train,SCRIPTED:OP3,0,2,3,-1,18,0.1599999964237213,1,0,0,11.0,11.69079844156901,-1.2000000476837158,-0.5,0.009186998009681702,0.019999999552965164,-1.0,-100.0,0.0,-0.5366803407669067
2017,37560,2,599,3,OP3,FIXED_OPPONENT,train,SCRIPTED:OP3,1,3,2,1,19,0.11999999731779099,1,0,0,12.0,11.58805285002056,1.5,0.5,0.002110123634338379,0.029999999329447746,1.0,100.0,0.0,0.5831598043441772
2018,37568,2,600,3,OP3,FIXED_OPPONENT,train,SCRIPTED:OP3,1,3,1,2,16,0.2800000011920929,1,0,0,12.0,12.056774139404297,1.5,0.5,0.029520303010940552,0.014999999664723873,1.0,100.0,-0.019999999552965164,0.5803655385971069
2019,37568,2,600,0,OP3,FIXED_OPPONENT,train,SCRIPTED:OP3,1,3,2,1,16,0.2800000011920929,1,0,0,11.0,10.716582298278809,1.5,0.0,-0.0028305649757385254,0.0,0.0,0.0,-0.019999999552965164,0.317476749420166
2020,37576,2,601,1,OP3,FIXED_OPPONENT,train,SCRIPTED:OP3,1,3,2,1,21,0.23999999463558197,1,0,1,12.0,8.850166684105282,1.5,0.5,-0.029084593057632446,0.014999999664723873,1.0,100.0,0.0,0.5826175212860107
2021,37616,2,606,0,OP3,FIXED_OPPONENT,train,SCRIPTED:OP3,0,2,3,-1,19,0.23999999463558197,1,0,0,12.0,11.529755441766037,-1.2000000476837158,-0.5,0.00594697892665863,0.0,-1.0,-100.0,0.0,-0.5369744300842285
2022,37664,2,612,0,OP3,FIXED_OPPONENT,train,SCRIPTED:OP3,0,2,3,-1,17,0.19999998807907104,1,0,0,12.0,11.599268296185661,-1.2000000476837158,-0.4000000059604645,-0.006802812218666077,0.0,-1.0,-100.0,0.0,-0.521136462688446
2023,37664,2,612,2,OP3,FIXED_OPPONENT,train,SCRIPTED:OP3,1,3,2,1,18,0.2800000011920929,1,0,4,11.0,10.847335815429688,1.5,0.4000000059604645,-0.0003434419631958008,0.014999999664723873,1.0,100.0,0.0,0.5680946707725525
2024,37696,2,616,0,OP3,FIXED_OPPONENT,train,SCRIPTED:OP3,1,3,2,1,18,0.23999999463558197,1,0,1,12.0,9.537545945909288,1.5,0.5,-0.022578313946723938,0.014999999664723873,1.0,100.0,0.0,0.5826939344406128
2025,37704,2,617,3,OP3,FIXED_OPPONENT,train,SCRIPTED:OP3,0,2,3,-1,18,0.1599999964237213,1,0,0,11.0,13.459645589192709,-1.2000000476837158,-0.5,0.003207877278327942,0.019999999552965164,-1.0,-100.0,0.0,-0.5367559790611267
2026,37712,2,618,2,OP3,FIXED_OPPONENT,train,SCRIPTED:OP3,1,3,2,1,18,0.1599999964237213,1,0,3,11.0,10.61306423611111,1.5,0.5,-0.031121432781219482,0.014999999664723873,1.0,100.0,0.0,0.5825936794281006
2027,37728,2,620,0,OP3,FIXED_OPPONENT,train,SCRIPTED:OP3,0,2,3,-1,19,0.23999999463558197,1,0,0,12.0,10.91237439607319,-1.2000000476837158,-0.5,0.013491302728652954,0.019999999552965164,-1.0,-100.0,0.0,-0.536625862121582
2028,37728,2,620,1,OP3,FIXED_OPPONENT,train,SCRIPTED:OP3,1,3,2,1,20,0.23999999463558197,1,0,1,13.0,10.567281341552734,1.5,0.5,0.008280426263809204,0.014999999664723873,1.0,100.0,0.0,0.5830562114715576
2029,37760,2,624,0,OP3,FIXED_OPPONENT,train,SCRIPTED:OP3,0,2,3,-1,18,0.19999998807907104,1,0,5,11.0,9.777821858723959,-1.2000000476837158,-0.5,0.002535223960876465,0.019999999552965164,-1.0,-100.0,0.0,-0.5367645621299744
2030,37808,2,630,2,OP3,FIXED_OPPONENT,train,SCRIPTED:OP3,1,3,2,1,18,0.2800000011920929,1,0,0,11.0,11.41897922092014,1.5,0.5,0.002214983105659485,0.014999999664723873,1.0,100.0,0.0,0.582984983921051
2031,37824,2,632,0,OP3,FIXED_OPPONENT,train,SCRIPTED:OP3,0,2,3,-1,20,0.2800000011920929,1,0,2,13.0,10.155374908447266,-1.2000000476837158,-0.5,-0.004678025841712952,0.019999999552965164,-1.0,-100.0,-0.019999999552965164,-0.5400117039680481
2032,37832,2,633,2,OP3,FIXED_OPPONENT,train,SCRIPTED:OP3,1,3,2,1,16,0.2800000011920929,1,0,1,11.0,10.793947219848633,1.5,0.4000000059604645,-0.010401099920272827,0.029999999329447746,1.0,100.0,-0.019999999552965164,0.565136730670929
2033,37848,2,635,3,OP3,FIXED_OPPONENT,train,SCRIPTED:OP3,0,2,3,-1,19,0.2800000011920929,1,0,4,12.0,10.867895829050164,-1.2000000476837158,0.0,0.0027373433113098145,0.019999999552965164,0.0,0.0,0.0,-0.26014360785484314
2034,37856,2,636,1,OP3,FIXED_OPPONENT,train,SCRIPTED:OP3,1,3,2,1,18,0.2800000011920929,1,0,2,13.0,9.578959147135416,1.5,0.5,-0.030902564525604248,0.029999999329447746,1.0,100.0,0.0,0.5827723145484924
2035,37872,2,638,0,OP3,FIXED_OPPONENT,train,SCRIPTED:OP3,0,2,3,-1,18,0.19999998807907104,1,0,1,11.0,10.219704522026909,-1.2000000476837158,-0.5,0.009855568408966064,0.019999999552965164,-1.0,-100.0,-0.019999999552965164,-0.5398285984992981
2036,37880,2,639,0,OP3,FIXED_OPPONENT,train,SCRIPTED:OP3,0,2,3,-1,19,0.23999999463558197,1,0,2,11.0,10.397733989514803,-1.2000000476837158,-0.5,-0.010630428791046143,0.019999999552965164,-1.0,-100.0,0.0,-0.5369310975074768
2037,37904,2,642,3,OP3,FIXED_OPPONENT,train,SCRIPTED:OP3,0,3,3,0,18,0.2800000011920929,1,0,0,11.0,10.370120578342014,-0.699999988079071,0.0,-0.0013768374919891357,0.0,0.0,0.0,-0.019999999552965164,-0.15867237746715546
2038,37968,2,650,1,OP3,FIXED_OPPONENT,train,SCRIPTED:OP3,1,3,2,1,20,0.1599999964237213,1,0,1,13.0,11.466669464111328,1.5,0.5,0.033210545778274536,0.029999999329447746,1.0,100.0,-0.019999999552965164,0.5805858373641968
2039,37976,2,651,3,OP3,FIXED_OPPONENT,train,SCRIPTED:OP3,1,3,2,1,19,0.23999999463558197,1,0,2,12.0,9.781946282637747,1.5,0.5,0.003906682133674622,0.014999999664723873,1.0,100.0,0.0,0.5830048322677612
2040,37992,2,653,3,OP3,FIXED_OPPONENT,train,SCRIPTED:OP3,0,3,3,0,20,0.3199999928474426,1,0,6,11.0,9.813689422607421,-0.699999988079071,0.0,-0.006009846925735474,0.0,0.0,0.0,-0.019999999552965164,-0.1587526649236679
2041,38000,2,654,3,OP3,FIXED_OPPONENT,train,SCRIPTED:OP3,1,3,2,1,18,0.19999998807907104,1,0,3,12.0,10.876642015245226,1.5,1.0,0.003320038318634033,0.014999999664723873,2.0,200.0,-0.019999999552965164,0.7598589062690735
2042,38000,2,654,3,OP3,FIXED_OPPONENT,train,SCRIPTED:OP3,1,3,2,1,19,0.2800000011920929,1,0,6,11.0,9.33308892501028,1.5,0.5,-0.0337662398815155,0.014999999664723873,1.0,100.0,0.0,0.5825625658035278
2043,38040,2,659,0,OP3,FIXED_OPPONENT,train,SCRIPTED:OP3,1,3,2,1,20,0.19999998807907104,1,0,0,13.0,9.736268615722656,1.5,0.5,-0.026996508240699768,0.029999999329447746,1.0,100.0,-0.019999999552965164,0.5798758268356323
2044,38040,2,659,2,OP3,FIXED_OPPONENT,train,SCRIPTED:OP3,1,3,2,1,21,0.3199999928474426,1,0,1,14.0,9.520052955264138,1.5,0.4000000059604645,-0.009306177496910095,0.029999999329447746,1.0,100.0,0.0,0.5681673288345337
2045,38048,2,660,3,OP3,FIXED_OPPONENT,train,SCRIPTED:OP3,1,3,2,1,18,0.2800000011920929,1,0,0,13.0,10.707108391655815,1.5,0.5,-0.035734884440898895,0.029999999329447746,1.0,100.0,0.0,0.582715630531311
2046,38120,2,669,0,OP3,FIXED_OPPONENT,train,SCRIPTED:OP3,0,2,3,-1,19,0.3199999928474426,1,0,5,12.0,10.19156847502056,-1.2000000476837158,-0.5,-0.01574915647506714,0.019999999552965164,-1.0,-100.0,-0.019999999552965164,-0.5401511192321777
2047,38128,2,670,1,OP3,FIXED_OPPONENT,train,SCRIPTED:OP3,0,2,3,-1,19,0.3199999928474426,1,0,0,11.0,11.327519467002467,-1.2000000476837158,-0.5,0.011756658554077148,0.0,-1.0,-100.0,0.0,-0.5369008779525757
2048,38144,2,672,2,OP3,FIXED_OPPONENT,train,SCRIPTED:OP3,0,3,3,0,18,0.1599999964237213,1,0,4,11.0,11.110443962944878,-0.699999988079071,0.0,0.008365422487258911,0.0,0.0,0.0,0.0,-0.15416771173477173
2049,38152,2,673,0,OP3,FIXED_OPPONENT,train,SCRIPTED:OP3,1,3,2,1,19,0.1599999964237213,0,1,4,13.0,9.439013832493833,1.5,0.5,-0.0028049498796463013,0.029999999329447746,1.0,100.0,-0.019999999552965164,0.5801612734794617
2050,38168,2,675,1,OP3,FIXED_OPPONENT,train,SCRIPTED:OP3,0,3,3,0,22,0.2800000011920929,1,0,2,15.0,10.846139387650924,-0.699999988079071,0.0,-0.005640938878059387,0.0,0.0,0.0,0.0,-0.15441079437732697
2051,38184,2,677,1,OP3,FIXED_OPPONENT,train,SCRIPTED:OP3,1,3,2,1,18,0.1599999964237213,1,0,1,11.0,12.619450039333767,1.5,0.699999988079071,-0.017032481729984283,0.029999999329447746,1.0,100.0,0.0,0.6115174293518066
2052,38192,2,678,1,OP3,FIXED_OPPONENT,train,SCRIPTED:OP3,0,2,3,-1,19,0.23999999463558197,1,0,0,11.0,10.819465235659951,-1.2000000476837158,-0.5,0.004334807395935059,0.0,-1.0,-100.0,0.0,-0.5369948148727417
2053,38192,2,678,1,OP3,FIXED_OPPONENT,train,SCRIPTED:OP3,1,3,2,1,18,0.23999999463558197,1,0,6,11.0,9.325807359483507,1.5,0.5,-0.01746296137571335,0.029999999329447746,1.0,100.0,0.0,0.5829300880432129
2054,38256,2,686,2,OP3,FIXED_OPPONENT,train,SCRIPTED:OP3,0,2,3,-1,17,0.19999998807907104,1,0,0,11.0,9.903900146484375,-1.2000000476837158,0.0,-0.0037295520305633545,0.0,0.0,0.0,0.0,-0.26058223843574524
2055,38272,2,688,1,OP3,FIXED_OPPONENT,train,SCRIPTED:OP3,0,2,3,-1,18,0.23999999463558197,1,0,2,12.0,11.121459113226997,-1.2000000476837158,-0.5,-0.0016620457172393799,0.019999999552965164,-1.0,-100.0,0.0,-0.5368176698684692
2056,38288,2,690,1,OP3,FIXED_OPPONENT,train,SCRIPTED:OP3,0,2,3,-1,18,0.3999999761581421,1,0,2,14.0,9.972067091200087,-1.2000000476837158,-0.5,0.0025817304849624634,0.0,-1.0,-100.0,0.0,-0.5370169281959534
2057,38296,2,691,2,OP3,FIXED_OPPONENT,train,SCRIPTED:OP3,0,2,3,-1,18,0.23999999463558197,1,0,1,11.0,10.443226284450954,-1.2000000476837158,-0.5,0.0037473589181900024,0.0,-1.0,-100.0,0.0,-0.5370022654533386
2058,38320,2,694,1,OP3,FIXED_OPPONENT,train,SCRIPTED:OP3,0,2,3,-1,17,0.19999998807907104,1,0,2,11.0,10.151001874138327,-1.2000000476837158,-0.4000000059604645,-0.008577808737754822,0.0,-1.0,-100.0,0.0,-0.5211594700813293
2059,38320,2,694,3,OP3,FIXED_OPPONENT,train,SCRIPTED:OP3,0,3,3,0,19,0.11999999731779099,1,0,2,12.0,10.351300691303454,-0.699999988079071,0.0,-0.0047871023416519165,0.0,0.0,0.0,-0.019999999552965164,-0.15873146057128906
2060,38344,2,697,0,OP3,FIXED_OPPONENT,train,SCRIPTED:OP3,1,3,2,1,19,0.23999999463558197,1,0,6,13.0,9.856972142269736,1.5,0.5,-0.017390191555023193,0.029999999329447746,1.0,100.0,0.0,0.5829309225082397
2061,38344,2,697,0,OP3,FIXED_OPPONENT,train,SCRIPTED:OP3,0,2,3,-1,19,0.23999999463558197,1,0,5,12.0,9.36416304738898,-1.2000000476837158,-0.5,-0.011037424206733704,0.019999999552965164,-1.0,-100.0,0.0,-0.5369362831115723
2062,38392,2,703,3,OP3,FIXED_OPPONENT,train,SCRIPTED:OP3,1,3,2,1,17,0.1599999964237213,1,0,1,11.0,10.543002857881433,1.5,0.5,-0.0054252296686172485,0.029999999329447746,1.0,100.0,0.0,0.5830714106559753
2063,38432,2,708,1,OP3,FIXED_OPPONENT,train,SCRIPTED:OP3,1,3,2,1,20,0.3199999928474426,1,0,3,13.0,10.267271423339844,1.5,0.5,-0.013523876667022705,0.014999999664723873,1.0,100.0,0.0,0.5828002691268921
2064,38432,2,708,3,OP3,FIXED_OPPONENT,train,SCRIPTED:OP3,0,2,3,-1,18,0.1599999964237213,1,0,1,12.0,11.035764906141493,-1.2000000476837158,-0.4000000059604645,0.006784453988075256,0.019999999552965164,-1.0,-100.0,0.0,-0.5207014083862305
2065,38472,2,713,1,OP3,FIXED_OPPONENT,train,SCRIPTED:OP3,0,2,3,-1,22,0.1599999964237213,1,0,7,13.0,10.088984402743252,-1.2000000476837158,-0.5,0.0046327561140060425,0.019999999552965164,-1.0,-100.0,-0.019999999552965164,-0.5398944616317749
2066,38472,2,713,2,OP3,FIXED_OPPONENT,train,SCRIPTED:OP3,0,2,3,-1,19,0.19999998807907104,1,0,4,12.0,9.20967583907278,-1.2000000476837158,-0.5,-0.004636913537979126,0.0,-1.0,-100.0,-0.019999999552965164,-0.5402629971504211
2067,38480,2,714,0,OP3,FIXED_OPPONENT,train,SCRIPTED:OP3,0,2,3,-1,20,0.35999998450279236,1,0,4,11.0,10.608292388916016,-1.2000000476837158,-0.5,0.008197754621505737,0.0,-1.0,-100.0,-0.019999999552965164,-0.5401014089584351
2068,38488,2,715,3,OP3,FIXED_OPPONENT,train,SCRIPTED:OP3,1,3,2,1,18,0.19999998807907104,1,0,1,11.0,10.812736511230469,1.5,0.4000000059604645,0.007724091410636902,0.014999999664723873,1.0,100.0,-0.019999999552965164,0.5651745796203613
2069,38496,2,716,1,OP3,FIXED_OPPONENT,train,SCRIPTED:OP3,0,1,3,-2,19,0.19999998807907104,1,0,5,12.0,11.26153564453125,-1.2000000476837158,-0.5,-0.008782356977462769,0.019999999552965164,-1.0,-100.0,0.0,-0.5369077324867249
2070,38536,2,721,2,OP3,FIXED_OPPONENT,train,SCRIPTED:OP3,0,2,3,-1,18,0.19999998807907104,1,0,1,11.0,11.20552486843533,-1.2000000476837158,-0.4000000059604645,-0.0016847401857376099,0.019999999552965164,-1.0,-100.0,0.0,-0.520811140537262
2071,38576,2,726,3,OP3,FIXED_OPPONENT,train,SCRIPTED:OP3,0,3,3,0,18,0.19999998807907104,1,0,5,11.0,11.260389539930555,-0.699999988079071,0.5,-0.0028701797127723694,0.0,1.0,100.0,0.0,0.1758788377046585
2072,38576,2,726,3,OP3,FIXED_OPPONENT,train,SCRIPTED:OP3,1,3,2,1,18,0.11999999731779099,1,0,2,11.0,11.751410590277779,1.5,0.5,-0.009200379252433777,0.029999999329447746,1.0,100.0,0.0,0.5830270648002625
2073,38616,2,731,3,OP3,FIXED_OPPONENT,train,SCRIPTED:OP3,0,2,3,-1,18,0.1599999964237213,1,0,4,11.0,10.213094923231337,-1.2000000476837158,-0.5,-0.00644490122795105,0.0,-1.0,-100.0,0.0,-0.5371310710906982
2074,38616,2,731,3,OP3,FIXED_OPPONENT,train,SCRIPTED:OP3,1,3,2,1,18,0.19999998807907104,1,0,3,11.0,11.020008511013454,1.5,0.5,-0.028028056025505066,0.029999999329447746,1.0,100.0,0.0,0.5828061103820801
2075,38632,2,733,2,OP3,FIXED_OPPONENT,train,SCRIPTED:OP3,0,1,3,-2,19,0.11999999731779099,1,0,2,12.0,12.260828921669408,-1.2000000476837158,-0.5,0.004121705889701843,0.019999999552965164,-1.0,-100.0,-0.019999999552965164,-0.5399008989334106
2076,38632,2,733,2,OP3,FIXED_OPPONENT,train,SCRIPTED:OP3,1,3,2,1,18,0.2800000011920929,1,0,1,11.0,11.030029296875,1.5,0.5,-0.026634186506271362,0.029999999329447746,1.0,100.0,-0.019999999552965164,0.5798801183700562
2077,38640,2,734,3,OP3,FIXED_OPPONENT,train,SCRIPTED:OP3,0,2,3,-1,18,0.19999998807907104,1,0,3,11.0,10.664877149793837,-1.2000000476837158,0.0,0.008272945880889893,0.019999999552965164,0.0,0.0,-0.019999999552965164,-0.2641909122467041
2078,38688,2,740,2,OP3,FIXED_OPPONENT,train,SCRIPTED:OP3,0,2,3,-1,19,0.23999999463558197,1,0,0,12.0,10.644386693050986,-1.2000000476837158,-0.5,-0.0038720667362213135,0.019999999552965164,-1.0,-100.0,0.0,-0.5368456244468689
2079,38728,2,745,3,OP3,FIXED_OPPONENT,train,SCRIPTED:OP3,1,3,2,1,19,0.23999999463558197,1,0,4,12.0,9.312034205386514,1.5,0.5,-0.04025232791900635,0.029999999329447746,1.0,100.0,0.0,0.5826625823974609
2080,38744,2,747,3,OP3,FIXED_OPPONENT,train,SCRIPTED:OP3,1,3,2,1,21,0.23999999463558197,1,0,0,14.0,11.044378371465774,1.5,0.5,-0.027297809720039368,0.029999999329447746,1.0,100.0,0.0,0.5828146934509277
2081,38768,2,750,2,OP3,FIXED_OPPONENT,train,SCRIPTED:OP3,0,2,3,-1,19,0.19999998807907104,1,0,1,12.0,9.978920384457236,-1.2000000476837158,-0.5,0.008661985397338867,0.0,-1.0,-100.0,0.0,-0.5369400382041931
2082,38776,2,751,0,OP3,FIXED_OPPONENT,train,SCRIPTED:OP3,0,2,3,-1,18,0.35999998450279236,1,0,3,11.0,10.356656392415365,-1.2000000476837158,-0.4000000059604645,-0.010601192712783813,0.019999999552965164,-1.0,-100.0,0.0,-0.5209266543388367
2083,38784,2,752,2,OP3,FIXED_OPPONENT,train,SCRIPTED:OP3,0,2,3,-1,18,0.1599999964237213,1,0,3,11.0,10.326177808973524,-1.2000000476837158,0.10000002384185791,-0.006743967533111572,0.019999999552965164,0.0,0.0,0.0,-0.23946715891361237
2084,38784,2,752,1,OP3,FIXED_OPPONENT,train,SCRIPTED:OP3,0,2,3,-1,19,0.19999998807907104,1,0,8,12.0,10.16520128752056,-1.2000000476837158,-0.5,0.0005286335945129395,0.019999999552965164,-1.0,-100.0,0.0,-0.5367898941040039
2085,38784,2,752,2,OP3,FIXED_OPPONENT,train,SCRIPTED:OP3,1,3,2,1,21,0.2800000011920929,1,0,3,14.0,10.082768031529017,1.5,0.5,-0.025915369391441345,0.029999999329447746,1.0,100.0,0.0,0.5828309059143066
2086,38832,2,758,0,OP3,FIXED_OPPONENT,train,SCRIPTED:OP3,0,2,3,-1,18,0.19999998807907104,1,0,2,11.0,10.00714365641276,-1.2000000476837158,-0.5,0.009258314967155457,0.019999999552965164,-1.0,-100.0,0.0,-0.5366794466972351
2087,38880,2,764,3,OP3,FIXED_OPPONENT,train,SCRIPTED:OP3,1,3,2,1,19,0.1599999964237213,1,0,2,12.0,10.35709581877056,1.5,0.4000000059604645,0.006335727870464325,0.029999999329447746,1.0,100.0,0.0,0.5683556199073792
2088,38888,2,765,3,OP3,FIXED_OPPONENT,train,SCRIPTED:OP3,0,2,3,-1,18,0.1599999964237213,1,0,3,11.0,10.16709984673394,-1.2000000476837158,-0.5,-0.01093253493309021,0.019999999552965164,-1.0,-100.0,0.0,-0.5369349122047424
2089,38912,2,768,1,OP3,FIXED_OPPONENT,train,SCRIPTED:OP3,1,3,2,1,18,0.19999998807907104,1,0,1,11.0,11.377874586317274,1.5,0.4000000059604645,0.010189846158027649,0.029999999329447746,1.0,100.0,0.0,0.5684019923210144
2090,38920,2,769,3,OP3,FIXED_OPPONENT,train,SCRIPTED:OP3,1,3,2,1,18,0.1599999964237213,1,0,0,11.0,11.147082010904947,1.5,0.4000000059604645,-0.002358555793762207,0.029999999329447746,1.0,100.0,0.0,0.5682508945465088
2091,38928,2,770,0,OP3,FIXED_OPPONENT,train,SCRIPTED:OP3,1,3,2,1,18,0.23999999463558197,1,0,0,11.0,10.767832438151041,1.5,0.4000000059604645,-0.004247575998306274,0.029999999329447746,1.0,100.0,-0.019999999552965164,0.5652111768722534
2092,38928,2,770,2,OP3,FIXED_OPPONENT,train,SCRIPTED:OP3,0,2,3,-1,18,0.3999999761581421,1,0,3,11.0,9.754305521647135,-1.2000000476837158,-0.5,0.009977921843528748,0.0,-1.0,-100.0,0.0,-0.5369234085083008
2093,38936,2,771,0,OP3,FIXED_OPPONENT,train,SCRIPTED:OP3,0,2,3,-1,19,0.2800000011920929,1,0,3,11.0,9.72434435392681,-1.2000000476837158,-0.5,-0.013992950320243835,0.0,-1.0,-100.0,0.0,-0.5372265577316284
2094,38992,2,778,2,OP3,FIXED_OPPONENT,train,SCRIPTED:OP3,1,3,2,1,20,0.1599999964237213,1,0,3,13.0,10.36730499267578,1.5,0.5,-0.009257331490516663,0.029999999329447746,1.0,100.0,0.0,0.5830264091491699
2095,39024,2,782,1,OP3,FIXED_OPPONENT,train,SCRIPTED:OP3,0,2,3,-1,17,0.23999999463558197,1,0,0,11.0,10.540071375229779,-1.2000000476837158,-0.4000000059604645,-0.010294854640960693,0.0,-1.0,-100.0,0.0,-0.5211817026138306
2096,39032,2,783,2,OP3,FIXED_OPPONENT,train,SCRIPTED:OP3,1,3,2,1,19,0.1599999964237213,1,0,7,12.0,9.165107325503701,1.5,0.4000000059604645,0.007024243474006653,0.029999999329447746,1.0,100.0,0.0,0.5683639049530029
2097,39056,2,786,1,OP3,FIXED_OPPONENT,train,SCRIPTED:OP3,1,3,2,1,18,0.3199999928474426,1,0,0,12.0,10.93330807156033,1.5,0.4000000059604645,0.007088750600814819,0.014999999664723873,1.0,100.0,0.0,0.5681841373443604
2098,39064,2,787,2,OP3,FIXED_OPPONENT,train,SCRIPTED:OP3,1,3,2,1,17,0.1599999964237213,1,0,0,12.0,11.465649773092832,1.5,0.5,-0.02772808074951172,0.029999999329447746,1.0,100.0,0.0,0.582809567451477
2099,39072,2,788,0,OP3,FIXED_OPPONENT,train,SCRIPTED:OP3,1,3,2,1,19,0.2800000011920929,1,0,2,12.0,11.142963610197368,1.5,0.5,-0.01871006190776825,0.029999999329447746,1.0,100.0,0.0,0.5829154253005981
2100,39080,2,789,3,OP3,FIXED_OPPONENT,train,SCRIPTED:OP3,0,2,3,-1,18,0.19999998807907104,1,0,0,11.0,11.206286112467447,-1.2000000476837158,-0.5,0.011538490653038025,0.019999999552965164,-1.0,-100.0,0.0,-0.536650538444519
2101,39080,2,789,0,OP3,FIXED_OPPONENT,train,SCRIPTED:OP3,1,3,2,1,19,0.19999998807907104,1,0,1,12.0,11.472360711348685,1.5,0.5,-0.029578372836112976,0.029999999329447746,1.0,100.0,0.0,0.5827878713607788
2102,39136,2,796,1,OP3,FIXED_OPPONENT,train,SCRIPTED:OP3,1,3,2,1,18,0.23999999463558197,1,0,1,11.0,10.940346611870659,1.5,0.5,-0.017067164182662964,0.029999999329447746,1.0,100.0,0.0,0.5829347372055054
2103,39168,2,800,3,OP3,FIXED_OPPONENT,train,SCRIPTED:OP3,0,2,3,-1,18,0.35999998450279236,1,0,1,11.0,10.664437188042534,-1.2000000476837158,-0.4000000059604645,-0.010313943028450012,0.0,-1.0,-100.0,0.0,-0.5211820006370544
2104,39176,2,801,2,OP3,FIXED_OPPONENT,train,SCRIPTED:OP3,0,3,3,0,18,0.23999999463558197,1,0,1,11.0,11.00066884358724,-0.699999988079071,0.0,0.006318926811218262,0.0,0.0,0.0,0.0,-0.15420323610305786
2105,39200,2,804,3,OP3,FIXED_OPPONENT,train,SCRIPTED:OP3,1,3,1,2,15,0.23999999463558197,1,0,3,11.0,11.154175821940104,1.5,0.5,0.012674733996391296,0.029999999329447746,1.0,100.0,0.0,0.5832837224006653
2106,39208,2,805,2,OP3,FIXED_OPPONENT,train,SCRIPTED:OP3,1,3,2,1,17,0.19999998807907104,1,0,0,12.0,11.031946518841911,1.5,0.0,-0.004861652851104736,0.0,0.0,0.0,0.0,0.32143518328666687
2107,39216,2,806,0,OP3,FIXED_OPPONENT,train,SCRIPTED:OP3,1,3,2,1,20,0.3199999928474426,1,0,4,11.0,10.478465270996093,1.5,0.5,-0.01117447018623352,0.014999999664723873,1.0,100.0,-0.019999999552965164,0.5798856019973755
2108,39224,2,807,2,OP3,FIXED_OPPONENT,train,SCRIPTED:OP3,1,3,2,1,20,0.19999998807907104,1,0,2,13.0,10.822862243652343,1.5,0.5,0.02839946746826172,0.014999999664723873,1.0,100.0,-0.03999999910593033,0.5773972272872925
2109,39232,2,808,3,OP3,FIXED_OPPONENT,train,SCRIPTED:OP3,0,3,3,0,19,0.19999998807907104,1,0,0,12.0,10.939629002621299,-0.699999988079071,0.0,-0.006201252341270447,0.0,0.0,0.0,0.0,-0.15442052483558655
2110,39280,2,814,2,OP3,FIXED_OPPONENT,train,SCRIPTED:OP3,1,3,2,1,18,0.2800000011920929,1,0,2,12.0,9.885480244954428,1.5,0.4000000059604645,-0.010468199849128723,0.029999999329447746,1.0,100.0,0.0,0.5681533813476562
2111,39328,2,820,0,OP3,FIXED_OPPONENT,train,SCRIPTED:OP3,0,2,3,-1,20,0.2800000011920929,1,0,3,11.0,10.599320983886718,-1.2000000476837158,-0.5,-0.0042518675327301025,0.019999999552965164,-1.0,-100.0,-0.03999999910593033,-0.5431471467018127
2112,39336,2,821,0,OP3,FIXED_OPPONENT,train,SCRIPTED:OP3,0,3,3,0,20,0.19999998807907104,1,0,5,12.0,9.659110260009765,-0.699999988079071,0.0,-0.004965431988239288,0.0,0.0,0.0,-0.019999999552965164,-0.1587345451116562
2113,39336,2,821,2,OP3,FIXED_OPPONENT,train,SCRIPTED:OP3,0,2,3,-1,17,0.23999999463558197,1,0,2,12.0,10.546464807846966,-1.2000000476837158,-0.5,-0.005154907703399658,0.0,-1.0,-100.0,0.0,-0.5371147394180298
2114,39352,2,823,0,OP3,FIXED_OPPONENT,train,SCRIPTED:OP3,0,2,3,-1,15,0.19999998807907104,1,0,0,11.0,11.393359375,-1.2000000476837158,-0.5,0.001806303858757019,0.019999999552965164,-1.0,-100.0,0.0,-0.5367737412452698
2115,39360,2,824,1,OP3,FIXED_OPPONENT,train,SCRIPTED:OP3,1,3,2,1,18,0.23999999463558197,1,0,1,11.0,11.001129998101128,1.5,0.5,-0.009314775466918945,0.029999999329447746,1.0,100.0,0.0,0.5830257534980774
2116,39368,2,825,2,OP3,FIXED_OPPONENT,train,SCRIPTED:OP3,0,3,3,0,18,0.1599999964237213,1,0,2,11.0,9.770662095811632,-0.699999988079071,0.0,-0.0008970797061920166,0.0,0.0,0.0,0.0,-0.15432848036289215
2117,39376,2,826,3,OP3,FIXED_OPPONENT,train,SCRIPTED:OP3,1,3,2,1,21,0.3199999928474426,1,0,3,14.0,9.441297985258556,1.5,0.5,0.01352381706237793,0.014999999664723873,1.0,100.0,0.0,0.583117663860321
2118,39424,2,832,1,OP3,FIXED_OPPONENT,train,SCRIPTED:OP3,1,3,2,1,18,0.1599999964237213,1,0,0,11.0,12.088000827365452,1.5,0.4000000059604645,-0.010163187980651855,0.029999999329447746,1.0,100.0,0.0,0.5681570768356323
2119,39472,2,838,3,OP3,FIXED_OPPONENT,train,SCRIPTED:OP3,0,2,3,-1,18,0.11999999731779099,1,0,1,11.0,10.16695064968533,-1.2000000476837158,-0.4000000059604645,0.007855668663978577,0.0,-1.0,-100.0,0.0,-0.5209466218948364
2120,39480,2,839,2,OP3,FIXED_OPPONENT,train,SCRIPTED:OP3,1,3,2,1,18,0.23999999463558197,1,0,2,11.0,11.668114556206596,1.5,0.5,-0.04064303636550903,0.029999999329447746,1.0,100.0,0.0,0.582658052444458
2121,39488,2,840,0,OP3,FIXED_OPPONENT,train,SCRIPTED:OP3,1,3,2,1,19,0.1599999964237213,0,1,3,12.0,11.268816496196546,1.5,1.0,-0.032611675560474396,0.029999999329447746,2.0,200.0,0.0,0.7615746855735779
2122,39504,2,842,0,OP3,FIXED_OPPONENT,train,SCRIPTED:OP3,0,2,3,-1,19,0.19999998807907104,1,0,5,12.0,10.253632394891037,-1.2000000476837158,-0.5,-0.006501555442810059,0.0,-1.0,-100.0,-0.019999999552965164,-0.5402864217758179
2123,39520,2,844,3,OP3,FIXED_OPPONENT,train,SCRIPTED:OP3,1,3,2,1,19,0.11999999731779099,1,0,1,12.0,11.212099577251234,1.5,0.4000000059604645,0.00743316113948822,0.029999999329447746,1.0,100.0,0.0,0.5683687925338745
2124,39520,2,844,2,OP3,FIXED_OPPONENT,train,SCRIPTED:OP3,0,2,3,-1,18,0.19999998807907104,1,0,1,11.0,10.590567694769966,-1.2000000476837158,-0.4000000059604645,6.254017353057861e-05,0.019999999552965164,-1.0,-100.0,-0.019999999552965164,-0.5240200161933899
2125,39528,2,845,2,OP3,FIXED_OPPONENT,train,SCRIPTED:OP3,0,2,3,-1,21,0.19999998807907104,1,0,10,14.0,10.228488013857888,-1.2000000476837158,-0.5,0.006256863474845886,0.019999999552965164,-1.0,-100.0,-0.019999999552965164,-0.5398739576339722
2126,39568,2,850,0,OP3,FIXED_OPPONENT,train,SCRIPTED:OP3,1,3,2,1,18,0.19999998807907104,1,0,4,11.0,10.574121263292101,1.5,0.5,-0.03462633490562439,0.014999999664723873,1.0,100.0,0.0,0.582552433013916
2127,39624,2,857,1,OP3,FIXED_OPPONENT,train,SCRIPTED:OP3,1,3,2,1,19,0.19999998807907104,1,0,1,12.0,11.017648797286185,1.5,0.5,-0.00014078617095947266,0.029999999329447746,1.0,100.0,0.0,0.5831333994865417
2128,39632,2,858,3,OP3,FIXED_OPPONENT,train,SCRIPTED:OP3,0,2,3,-1,19,0.35999998450279236,1,0,7,12.0,9.1309669896176,-1.2000000476837158,-0.5,0.0042345523834228516,0.0,-1.0,-100.0,0.0,-0.536996066570282
2129,39640,2,859,0,OP3,FIXED_OPPONENT,train,SCRIPTED:OP3,1,3,2,1,19,0.19999998807907104,1,0,3,11.0,9.731738441868833,1.5,0.5,-0.019719481468200684,0.02499999850988388,1.0,100.0,0.0,0.5828449130058289
2130,39648,2,860,0,OP3,FIXED_OPPONENT,train,SCRIPTED:OP3,0,2,3,-1,18,0.19999998807907104,1,0,0,11.0,12.177660624186197,-1.2000000476837158,-0.4000000059604645,0.001859918236732483,0.019999999552965164,-1.0,-100.0,0.0,-0.5207651853561401
2131,39664,2,862,3,OP3,FIXED_OPPONENT,train,SCRIPTED:OP3,0,2,3,-1,18,0.23999999463558197,1,0,3,11.0,9.329480489095053,-1.2000000476837158,-0.5,0.0019911378622055054,0.019999999552965164,-1.0,-100.0,0.0,-0.5367714166641235
2132,39664,2,862,1,OP3,FIXED_OPPONENT,train,SCRIPTED:OP3,1,3,1,2,18,0.23999999463558197,1,0,1,11.0,9.45719485812717,1.5,0.5,-0.004823729395866394,0.014999999664723873,1.0,100.0,0.0,0.5829024314880371
2133,39680,2,864,2,OP3,FIXED_OPPONENT,train,SCRIPTED:OP3,1,3,1,2,19,0.2800000011920929,1,0,3,12.0,9.8755958958676,1.5,0.5,-0.021724700927734375,0.014999999664723873,1.0,100.0,-0.019999999552965164,0.5797610282897949
2134,39720,2,869,3,OP3,FIXED_OPPONENT,train,SCRIPTED:OP3,1,3,2,1,19,0.1599999964237213,1,0,6,12.0,9.512820595189146,1.5,1.0,-0.03157563507556915,0.029999999329447746,2.0,200.0,0.0,0.7615824341773987
2135,39776,2,876,0,OP3,FIXED_OPPONENT,train,SCRIPTED:OP3,0,3,3,0,18,0.35999998450279236,1,0,2,11.0,10.228011237250435,-0.699999988079071,0.0,0.006816789507865906,0.0,0.0,0.0,0.0,-0.15419460833072662
2136,39776,2,876,1,OP3,FIXED_OPPONENT,train,SCRIPTED:OP3,0,3,3,0,19,0.23999999463558197,1,0,1,12.0,9.636115626284951,-0.699999988079071,0.0,0.0071991682052612305,0.0,0.0,0.0,-0.019999999552965164,-0.15852373838424683
2137,39784,2,877,2,OP3,FIXED_OPPONENT,train,SCRIPTED:OP3,1,3,2,1,18,0.2800000011920929,1,0,5,11.0,9.62744140625,1.5,0.4000000059604645,0.005003288388252258,0.02499999850988388,1.0,100.0,0.0,0.5682793855667114
2138,39808,2,880,2,OP3,FIXED_OPPONENT,train,SCRIPTED:OP3,0,2,3,-1,18,0.1599999964237213,1,0,0,11.0,11.25929684109158,-1.2000000476837158,-0.4000000059604645,-0.00017656385898590088,0.019999999552965164,-1.0,-100.0,-0.019999999552965164,-0.5240231156349182
2139,39808,2,880,3,OP3,FIXED_OPPONENT,train,SCRIPTED:OP3,0,3,3,0,20,0.1599999964237213,1,0,3,14.0,10.462319946289062,-0.699999988079071,0.5,0.0052561163902282715,0.0,1.0,100.0,-0.019999999552965164,0.17170876264572144
2140,39816,2,881,3,OP3,FIXED_OPPONENT,train,SCRIPTED:OP3,0,2,3,-1,19,0.3199999928474426,1,0,3,12.0,10.479339599609375,-1.2000000476837158,-0.5,0.015291228890419006,0.0,-1.0,-100.0,0.0,-0.5368561744689941
2141,39840,2,884,2,OP3,FIXED_OPPONENT,train,SCRIPTED:OP3,0,2,3,-1,20,0.23999999463558197,1,0,3,12.0,9.816206359863282,-1.2000000476837158,-0.5,0.002910807728767395,0.019999999552965164,-1.0,-100.0,-0.03999999910593033,-0.5430574417114258
2142,39856,2,886,1,OP3,FIXED_OPPONENT,train,SCRIPTED:OP3,1,3,2,1,17,0.23999999463558197,1,0,1,11.0,10.588297226849724,1.5,0.5,-0.008905798196792603,0.014999999664723873,1.0,100.0,-0.019999999552965164,0.5799123048782349
2143,39904,2,892,3,OP3,FIXED_OPPONENT,train,SCRIPTED:OP3,0,1,3,-2,16,0.23999999463558197,1,0,2,12.0,9.627116203308105,-1.2000000476837158,-0.5,0.009325802326202393,0.019999999552965164,-1.0,-100.0,-0.019999999552965164,-0.5398353338241577
2144,39912,2,893,3,OP3,FIXED_OPPONENT,train,SCRIPTED:OP3,1,3,1,2,16,0.2800000011920929,1,0,4,12.0,9.275378227233887,1.5,0.5,0.013036772608757019,0.014999999664723873,1.0,100.0,0.0,0.5831120014190674
2145,39928,2,895,1,OP3,FIXED_OPPONENT,train,SCRIPTED:OP3,0,2,3,-1,19,0.19999998807907104,1,0,4,12.0,10.817349885639391,-1.2000000476837158,0.0,0.008299455046653748,0.019999999552965164,0.0,0.0,0.0,-0.260051429271698
2146,39952,2,898,3,OP3,FIXED_OPPONENT,train,SCRIPTED:OP3,1,3,2,1,18,0.3199999928474426,1,0,0,12.0,11.979378594292534,1.5,0.0,-0.002909615635871887,0.0,0.0,0.0,-0.019999999552965164,0.31747549772262573
2147,39960,2,899,3,OP3,FIXED_OPPONENT,train,SCRIPTED:OP3,0,2,3,-1,19,0.2800000011920929,1,0,3,12.0,9.64750751696135,-1.2000000476837158,-0.5,0.007173553109169006,0.019999999552965164,-1.0,-100.0,0.0,-0.5367057919502258
2148,39960,2,899,3,OP3,FIXED_OPPONENT,train,SCRIPTED:OP3,0,2,3,-1,18,0.23999999463558197,1,0,3,11.0,9.859118991427952,-1.2000000476837158,0.10000002384185791,-0.0008487999439239502,0.019999999552965164,0.0,0.0,0.0,-0.23936836421489716
2149,39992,2,903,2,OP3,FIXED_OPPONENT,train,SCRIPTED:OP3,1,3,2,1,19,0.19999998807907104,1,0,1,12.0,9.412773533871299,1.5,0.5,-0.01585260033607483,0.029999999329447746,1.0,100.0,-0.019999999552965164,0.5800073146820068
2150,40008,2,905,2,OP3,FIXED_OPPONENT,train,SCRIPTED:OP3,0,2,3,-1,19,0.3199999928474426,1,0,1,12.0,10.471919812654194,-1.2000000476837158,-0.5,-0.00560818612575531,0.0,-1.0,-100.0,0.0,-0.537120521068573
2151,40040,2,909,3,OP3,FIXED_OPPONENT,train,SCRIPTED:OP3,1,3,2,1,17,0.1599999964237213,1,0,2,12.0,11.013084860409007,1.5,0.0,-0.0011096745729446411,0.0,0.0,0.0,-0.019999999552965164,0.31750425696372986
2152,40056,2,911,2,OP3,FIXED_OPPONENT,train,SCRIPTED:OP3,0,3,3,0,18,0.1599999964237213,1,0,0,11.0,12.049575805664062,-0.699999988079071,0.0,0.007849648594856262,0.0,0.0,0.0,0.0,-0.15417666733264923
2153,40064,2,912,0,OP3,FIXED_OPPONENT,train,SCRIPTED:OP3,1,3,1,2,17,0.19999998807907104,1,0,2,11.0,10.215154311236214,1.5,0.5,0.019923225045204163,0.029999999329447746,1.0,100.0,0.0,0.5833687782287598
2154,40080,2,914,2,OP3,FIXED_OPPONENT,train,SCRIPTED:OP3,0,2,3,-1,15,0.1599999964237213,1,0,1,11.0,10.599635823567708,-1.2000000476837158,0.0,-0.004919759929180145,0.0,0.0,0.0,0.0,-0.2606019675731659
2155,40096,2,916,1,OP3,FIXED_OPPONENT,train,SCRIPTED:OP3,0,2,3,-1,18,0.1599999964237213,1,0,1,11.0,11.227143181694878,-1.2000000476837158,-0.5,-0.00661042332649231,0.0,-1.0,-100.0,0.0,-0.5371331572532654
2156,40096,2,916,0,OP3,FIXED_OPPONENT,train,SCRIPTED:OP3,0,2,3,-1,17,0.19999998807907104,1,0,0,11.0,10.491197473862591,-1.2000000476837158,-0.4000000059604645,0.0001862943172454834,0.019999999552965164,-1.0,-100.0,0.0,-0.5207868814468384
2157,40152,2,923,3,OP3,FIXED_OPPONENT,train,SCRIPTED:OP3,0,2,3,-1,20,0.3199999928474426,1,0,0,13.0,10.808164978027344,-1.2000000476837158,-0.5,0.0002686530351638794,0.0,-1.0,-100.0,0.0,-0.5370462536811829
2158,40160,2,924,1,OP3,FIXED_OPPONENT,train,SCRIPTED:OP3,1,3,2,1,19,0.23999999463558197,1,0,2,13.0,10.041249325400905,1.5,0.5,0.014379948377609253,0.02499999850988388,1.0,100.0,0.0,0.5832450985908508
2159,40184,2,927,2,OP3,FIXED_OPPONENT,train,SCRIPTED:OP3,1,3,2,1,15,0.23999999463558197,1,0,1,11.0,11.569891357421875,1.5,0.4000000059604645,0.008057072758674622,0.029999999329447746,1.0,100.0,0.0,0.5683763027191162
2160,40192,2,928,3,OP3,FIXED_OPPONENT,train,SCRIPTED:OP3,0,3,3,0,19,0.2800000011920929,1,0,1,11.0,10.547076576634458,-0.699999988079071,0.0,0.006614029407501221,0.0,0.0,0.0,-0.019999999552965164,-0.15853388607501984
2161,40200,2,929,2,OP3,FIXED_OPPONENT,train,SCRIPTED:OP3,0,3,3,0,18,0.19999998807907104,1,0,1,11.0,12.43579355875651,-0.699999988079071,0.0,0.0025091618299484253,0.0,0.0,0.0,0.0,-0.15426935255527496
2162,40232,2,933,0,OP3,FIXED_OPPONENT,train,SCRIPTED:OP3,0,3,3,0,19,0.2800000011920929,1,0,1,11.0,11.209925601356908,-0.699999988079071,0.0,-0.009796008467674255,0.0,0.0,0.0,0.0,-0.154482901096344
2163,40240,2,934,3,OP3,FIXED_OPPONENT,train,SCRIPTED:OP3,0,2,3,-1,18,0.23999999463558197,1,0,1,12.0,10.902486165364584,-1.2000000476837158,-0.4000000059604645,7.666647434234619e-05,0.019999999552965164,-1.0,-100.0,0.0,-0.520788311958313
2164,40240,2,934,3,OP3,FIXED_OPPONENT,train,SCRIPTED:OP3,0,2,3,-1,18,0.3199999928474426,1,0,3,11.0,9.878286573621962,-1.2000000476837158,-0.4000000059604645,-0.006079778075218201,0.019999999552965164,-1.0,-100.0,0.0,-0.5208680629730225
2165,40304,2,942,0,OP3,FIXED_OPPONENT,train,SCRIPTED:OP3,1,3,2,1,19,0.23999999463558197,1,0,4,12.0,10.403783697831003,1.5,0.4000000059604645,-0.0002884715795516968,0.029999999329447746,1.0,100.0,0.0,0.5682758092880249
2166,40312,2,943,2,OP3,FIXED_OPPONENT,train,SCRIPTED:OP3,0,2,3,-1,19,0.23999999463558197,1,0,2,12.0,10.108035438939146,-1.2000000476837158,-0.4000000059604645,-0.010391861200332642,0.019999999552965164,-1.0,-100.0,0.0,-0.520923912525177
2167,40336,2,946,1,OP3,FIXED_OPPONENT,train,SCRIPTED:OP3,0,2,3,-1,19,0.19999998807907104,1,0,5,12.0,9.442859047337583,-1.2000000476837158,-0.5,-0.0015158355236053467,0.019999999552965164,-1.0,-100.0,-0.019999999552965164,-0.5399718284606934
2168,40352,2,948,0,OP3,FIXED_OPPONENT,train,SCRIPTED:OP3,0,3,3,0,19,0.19999998807907104,1,0,0,11.0,11.650364925986842,-0.699999988079071,0.0,0.008854255080223083,0.0,0.0,0.0,0.0,-0.15415923297405243
2169,40376,2,951,3,OP3,FIXED_OPPONENT,train,SCRIPTED:OP3,0,3,3,0,23,0.35999998450279236,1,0,6,15.0,9.30077262546705,-0.699999988079071,0.0,-0.005449056625366211,0.0,0.0,0.0,0.0,-0.15440747141838074
2170,40376,2,951,3,OP3,FIXED_OPPONENT,train,SCRIPTED:OP3,0,3,3,0,18,0.2800000011920929,1,0,0,12.0,10.707226223415798,-0.699999988079071,0.0,-0.00408405065536499,0.0,0.0,0.0,0.0,-0.15438377857208252
2171,40384,2,952,1,OP3,FIXED_OPPONENT,train,SCRIPTED:OP3,0,2,3,-1,18,0.19999998807907104,1,0,5,11.0,9.245682610405815,-1.2000000476837158,-0.4000000059604645,-0.010608449578285217,0.0,-1.0,-100.0,0.0,-0.5211857557296753
2172,40392,2,953,2,OP3,FIXED_OPPONENT,train,SCRIPTED:OP3,1,3,2,1,19,0.2800000011920929,1,0,3,12.0,9.445064343904194,1.5,0.4000000059604645,-0.010405808687210083,0.029999999329447746,1.0,100.0,0.0,0.5681540966033936
2173,40448,2,960,1,OP3,FIXED_OPPONENT,train,SCRIPTED:OP3,0,2,3,-1,18,0.19999998807907104,1,0,0,11.0,9.922209845648872,-1.2000000476837158,-0.5,0.006801024079322815,0.019999999552965164,-1.0,-100.0,0.0,-0.5367105007171631
2174,40456,2,961,3,OP3,FIXED_OPPONENT,train,SCRIPTED:OP3,1,3,1,2,15,0.19999998807907104,1,0,1,11.0,10.199400838216146,1.5,0.4000000059604645,-0.005201324820518494,0.014999999664723873,1.0,100.0,0.0,0.5680361986160278
2175,40480,2,964,1,OP3,FIXED_OPPONENT,train,SCRIPTED:OP3,0,3,3,0,21,0.23999999463558197,1,0,4,14.0,8.856731596447172,-0.699999988079071,0.0,-0.007950648665428162,0.0,0.0,0.0,0.0,-0.15445087850093842
2176,40496,2,966,3,OP3,FIXED_OPPONENT,train,SCRIPTED:OP3,0,2,3,-1,18,0.11999999731779099,1,0,2,12.0,10.67582533094618,-1.2000000476837158,-0.5,-0.005307286977767944,0.019999999552965164,-1.0,-100.0,-0.019999999552965164,-0.5400195717811584
2177,40528,2,970,1,OP3,FIXED_OPPONENT,train,SCRIPTED:OP3,1,3,2,1,19,0.23999999463558197,1,0,4,12.0,10.851312737715872,1.5,0.5,-0.0037233680486679077,0.014999999664723873,1.0,100.0,0.0,0.5829153060913086
2178,40536,2,971,3,OP3,FIXED_OPPONENT,train,SCRIPTED:OP3,1,3,2,1,18,0.1599999964237213,1,0,3,11.0,9.94826931423611,1.5,0.4000000059604645,-0.008431769907474518,0.029999999329447746,1.0,100.0,0.0,0.5681778192520142
2179,40544,2,972,0,OP3,FIXED_OPPONENT,train,SCRIPTED:OP3,1,3,2,1,21,0.23999999463558197,1,0,4,14.0,9.307157970610119,1.5,0.5,-0.01598486304283142,0.029999999329447746,1.0,100.0,0.0,0.5829474925994873
2180,40544,2,972,2,OP3,FIXED_OPPONENT,train,SCRIPTED:OP3,1,3,2,1,20,0.23999999463558197,1,0,4,13.0,10.575139617919922,1.5,0.5,-0.021436840295791626,0.029999999329447746,1.0,100.0,-0.03999999910593033,0.5769842863082886
2181,40600,2,979,0,OP3,FIXED_OPPONENT,train,SCRIPTED:OP3,1,3,1,2,19,0.3199999928474426,1,0,1,12.0,9.247548153525905,1.5,0.5,-0.02942851185798645,0.014999999664723873,1.0,100.0,0.0,0.5826135277748108
2182,40608,2,980,0,OP3,FIXED_OPPONENT,train,SCRIPTED:OP3,0,3,3,0,19,0.23999999463558197,1,0,4,12.0,9.705720600328947,-0.699999988079071,0.0,0.008823275566101074,0.0,0.0,0.0,0.0,-0.1541597694158554
2183,40608,2,980,0,OP3,FIXED_OPPONENT,train,SCRIPTED:OP3,1,3,2,1,16,0.1599999964237213,1,0,0,11.0,11.241890907287598,1.5,0.4000000059604645,0.012004628777503967,0.029999999329447746,1.0,100.0,-0.019999999552965164,0.5654078125953674
2184,40648,2,985,3,OP3,FIXED_OPPONENT,train,SCRIPTED:OP3,0,3,3,0,19,0.19999998807907104,1,0,1,11.0,11.219439857884458,-0.699999988079071,0.0,0.007635772228240967,0.0,0.0,0.0,0.0,-0.1541803777217865
2185,40680,2,989,0,OP3,FIXED_OPPONENT,train,SCRIPTED:OP3,1,3,2,1,19,0.1599999964237213,1,0,2,13.0,11.32664007889597,1.5,0.5,-0.005514040589332581,0.029999999329447746,1.0,100.0,0.0,0.5830703377723694
2186,40680,2,989,3,OP3,FIXED_OPPONENT,train,SCRIPTED:OP3,1,3,2,1,18,0.23999999463558197,1,0,0,11.0,12.103947109646267,1.5,0.4000000059604645,0.008425474166870117,0.029999999329447746,1.0,100.0,0.0,0.5683807730674744
2187,40696,2,991,1,OP3,FIXED_OPPONENT,train,SCRIPTED:OP3,0,2,3,-1,19,0.3199999928474426,1,0,6,11.0,9.79696334035773,-1.2000000476837158,0.0,0.003483816981315613,0.019999999552965164,0.0,0.0,-0.019999999552965164,-0.2642701268196106
2188,40696,2,991,2,OP3,FIXED_OPPONENT,train,SCRIPTED:OP3,1,3,2,1,19,0.3199999928474426,1,0,0,12.0,10.701958104183799,1.5,0.5,-0.006902933120727539,0.014999999664723873,1.0,100.0,0.0,0.5828779935836792
2189,40752,2,998,3,OP3,FIXED_OPPONENT,train,SCRIPTED:OP3,1,3,2,1,19,0.23999999463558197,1,0,0,12.0,10.523638273540296,1.5,0.5,-0.030981630086898804,0.029999999329447746,1.0,100.0,0.0,0.5827714204788208
2190,40752,2,998,3,OP3,FIXED_OPPONENT,train,SCRIPTED:OP3,0,2,3,-1,18,0.2800000011920929,1,0,1,11.0,9.573971218532986,-1.2000000476837158,-0.5,-0.012078016996383667,0.0,-1.0,-100.0,0.0,-0.5372024178504944
2191,40776,2,1001,0,OP3,FIXED_OPPONENT,train,SCRIPTED:OP3,0,2,3,-1,21,0.23999999463558197,1,0,4,14.0,8.705362229120164,-1.2000000476837158,-0.5,0.01470327377319336,0.0,-1.0,-100.0,0.0,-0.5368636250495911
2192,40808,2,1005,0,OP3,FIXED_OPPONENT,train,SCRIPTED:OP3,1,3,2,1,20,0.19999998807907104,0,1,7,13.0,9.593550872802734,1.5,0.5,-0.004815086722373962,0.029999999329447746,1.0,100.0,-0.019999999552965164,0.5801375508308411
2193,40824,2,1007,1,OP3,FIXED_OPPONENT,train,SCRIPTED:OP3,0,2,3,-1,18,0.23999999463558197,1,0,5,11.0,9.989897833930122,-1.2000000476837158,-0.5,0.0024172216653823853,0.019999999552965164,-1.0,-100.0,-0.019999999552965164,-0.539922297000885
2194,40824,2,1007,0,OP3,FIXED_OPPONENT,train,SCRIPTED:OP3,1,3,2,1,16,0.1599999964237213,1,0,0,11.0,11.870985984802246,1.5,0.0,-0.01015443354845047,0.0,0.0,0.0,-0.019999999552965164,0.31735965609550476
2195,40824,2,1007,2,OP3,FIXED_OPPONENT,train,SCRIPTED:OP3,0,3,3,0,18,0.19999998807907104,1,0,6,11.0,9.554894341362846,-0.699999988079071,0.0,0.005857601761817932,0.0,0.0,0.0,-0.019999999552965164,-0.15854698419570923
2196,40840,2,1009,0,OP3,FIXED_OPPONENT,train,SCRIPTED:OP3,1,3,2,1,18,0.1599999964237213,1,0,0,11.0,13.315134684244791,1.5,0.5,-0.005394831299781799,0.029999999329447746,1.0,100.0,-0.019999999552965164,0.5801306962966919
2197,40896,2,1016,3,OP3,FIXED_OPPONENT,train,SCRIPTED:OP3,0,2,3,-1,18,0.23999999463558197,1,0,3,11.0,11.199486626519096,-1.2000000476837158,-0.5,-0.011402919888496399,0.019999999552965164,-1.0,-100.0,0.0,-0.53694087266922
2198,40904,2,1017,2,OP3,FIXED_OPPONENT,train,SCRIPTED:OP3,1,3,2,1,19,0.3999999761581421,1,0,0,12.0,9.763966610557155,1.5,0.5,-0.0360151082277298,0.014999999664723873,1.0,100.0,-0.019999999552965164,0.5795923471450806
2199,40920,2,1019,1,OP3,FIXED_OPPONENT,train,SCRIPTED:OP3,0,2,3,-1,18,0.2800000011920929,1,0,0,11.0,11.646738688151041,-1.2000000476837158,-0.4000000059604645,-0.006569117307662964,0.019999999552965164,-1.0,-100.0,-0.019999999552965164,-0.5241055488586426
2200,40952,2,1023,0,OP3,FIXED_OPPONENT,train,SCRIPTED:OP3,1,3,2,1,18,0.2800000011920929,1,0,6,11.0,10.449219597710503,1.5,0.5,0.005274966359138489,0.029999999329447746,1.0,100.0,-0.019999999552965164,0.5802565217018127
2201,40968,2,1025,3,OP3,FIXED_OPPONENT,train,SCRIPTED:OP3,0,2,3,-1,18,0.11999999731779099,1,0,2,11.0,10.518865797254774,-1.2000000476837158,-0.5,0.00043548643589019775,0.0,-1.0,-100.0,0.0,-0.5370441675186157
2202,40968,2,1025,3,OP3,FIXED_OPPONENT,train,SCRIPTED:OP3,1,3,2,1,18,0.2800000011920929,1,0,0,12.0,9.886418660481771,1.5,0.5,0.00015713274478912354,0.029999999329447746,1.0,100.0,0.0,0.5831368565559387
2203,40976,2,1026,0,OP3,FIXED_OPPONENT,train,SCRIPTED:OP3,0,1,3,-2,19,0.11999999731779099,1,0,1,12.0,12.278515464381167,-1.2000000476837158,-0.5,0.002559840679168701,0.019999999552965164,-1.0,-100.0,0.0,-0.5367642045021057
2204,40984,2,1027,1,OP3,FIXED_OPPONENT,train,SCRIPTED:OP3,1,3,2,1,18,0.19999998807907104,1,0,1,11.0,9.787504408094618,1.5,0.0,-0.009796857833862305,0.0,0.0,0.0,0.0,0.32135650515556335
2205,41024,2,1032,3,OP3,FIXED_OPPONENT,train,SCRIPTED:OP3,1,3,2,1,16,0.23999999463558197,1,0,2,11.0,10.762604713439941,1.5,0.0,0.0030375272035598755,0.0,0.0,0.0,-0.019999999552965164,0.3175705671310425
2206,41048,2,1035,2,OP3,FIXED_OPPONENT,train,SCRIPTED:OP3,1,3,2,1,18,0.23999999463558197,1,0,1,11.0,11.303690592447916,1.5,0.4000000059604645,-0.0005454272031784058,0.029999999329447746,1.0,100.0,-0.019999999552965164,0.5652559995651245
2207,41072,2,1038,3,OP3,FIXED_OPPONENT,train,SCRIPTED:OP3,0,2,3,-1,19,0.2800000011920929,1,0,2,12.0,10.030323229337993,-1.2000000476837158,-0.5,-0.008779510855674744,0.0,-1.0,-100.0,0.0,-0.5371606349945068
2208,41104,2,1042,1,OP3,FIXED_OPPONENT,train,SCRIPTED:OP3,0,2,3,-1,19,0.35999998450279236,1,0,1,11.0,10.70285355417352,-1.2000000476837158,-0.5,0.003725960850715637,0.0,-1.0,-100.0,0.0,-0.5370025038719177
2209,41112,2,1043,1,OP3,FIXED_OPPONENT,train,SCRIPTED:OP3,0,2,3,-1,18,0.23999999463558197,1,0,3,11.0,10.316546969943577,-1.2000000476837158,-0.4000000059604645,-0.0037924200296401978,0.019999999552965164,-1.0,-100.0,0.0,-0.5208384394645691
2210,41112,2,1043,3,OP3,FIXED_OPPONENT,train,SCRIPTED:OP3,1,3,2,1,18,0.11999999731779099,1,0,0,11.0,12.315972222222221,1.5,0.4000000059604645,0.005693510174751282,0.029999999329447746,1.0,100.0,0.0,0.5683478116989136
2211,41120,2,1044,2,OP3,FIXED_OPPONENT,train,SCRIPTED:OP3,0,2,3,-1,18,0.23999999463558197,1,0,1,11.0,10.669261508517796,-1.2000000476837158,-0.4000000059604645,-0.009222134947776794,0.019999999552965164,-1.0,-100.0,0.0,-0.520908772945404
2212,41144,2,1047,2,OP3,FIXED_OPPONENT,train,SCRIPTED:OP3,0,2,3,-1,20,0.1599999964237213,1,0,6,12.0,10.724501037597657,-1.2000000476837158,-0.5,0.01359616219997406,0.019999999552965164,-1.0,-100.0,-0.019999999552965164,-0.5397815108299255
2213,41176,2,1051,0,OP3,FIXED_OPPONENT,train,SCRIPTED:OP3,0,3,3,0,19,0.2800000011920929,1,0,2,12.0,10.004708541067023,-0.699999988079071,0.0,-0.009184733033180237,0.0,0.0,0.0,0.0,-0.15447230637073517
2214,41184,2,1052,3,OP3,FIXED_OPPONENT,train,SCRIPTED:OP3,0,2,3,-1,17,0.2800000011920929,1,0,1,11.0,9.711967917049632,-1.2000000476837158,-0.5,0.008449018001556396,0.0,-1.0,-100.0,0.0,-0.5369427800178528
2215,41216,2,1056,3,OP3,FIXED_OPPONENT,train,SCRIPTED:OP3,1,3,2,1,18,0.11999999731779099,1,0,0,12.0,11.531033833821615,1.5,0.4000000059604645,-0.007370695471763611,0.029999999329447746,1.0,100.0,0.0,0.5681905746459961
2216,41232,2,1058,2,OP3,FIXED_OPPONENT,train,SCRIPTED:OP3,1,3,2,1,16,0.07999999821186066,1,0,1,11.0,10.718626022338867,1.5,0.0,-0.00831519067287445,0.0,0.0,0.0,-0.019999999552965164,0.3173891007900238
2217,41256,2,1061,2,OP3,FIXED_OPPONENT,train,SCRIPTED:OP3,1,3,2,1,18,0.23999999463558197,1,0,1,11.0,10.146436055501303,1.5,0.0,-0.0070455968379974365,0.0,0.0,0.0,0.0,0.32140040397644043
2218,41272,2,1063,0,OP3,FIXED_OPPONENT,train,SCRIPTED:OP3,0,2,3,-1,19,0.23999999463558197,1,0,0,11.0,11.517892134817023,-1.2000000476837158,-0.5,-0.0023132413625717163,0.019999999552965164,-1.0,-100.0,0.0,-0.5368258357048035
2219,41272,2,1063,3,OP3,FIXED_OPPONENT,train,SCRIPTED:OP3,1,3,2,1,20,0.19999998807907104,1,0,1,14.0,10.071515655517578,1.5,0.5,-0.007716216146945953,0.029999999329447746,1.0,100.0,-0.03999999910593033,0.5771468877792358
2220,41296,2,1066,1,OP3,FIXED_OPPONENT,train,SCRIPTED:OP3,1,3,1,2,19,0.4399999976158142,1,0,4,12.0,9.341214631733141,1.5,0.5,9.2238187789917e-06,0.02499999850988388,1.0,100.0,0.0,0.5830764770507812
2221,41344,2,1072,2,OP3,FIXED_OPPONENT,train,SCRIPTED:OP3,0,3,3,0,20,0.2800000011920929,1,0,3,13.0,10.061894989013672,-0.699999988079071,0.0,-0.00983092188835144,0.0,0.0,0.0,0.0,-0.15448349714279175
2222,41352,2,1073,1,OP3,FIXED_OPPONENT,train,SCRIPTED:OP3,1,3,2,1,22,0.2800000011920929,1,0,6,13.0,9.185616233132102,1.5,0.5,-0.015627101063728333,0.014999999664723873,1.0,100.0,0.0,0.5827755928039551
2223,41360,2,1074,3,OP3,FIXED_OPPONENT,train,SCRIPTED:OP3,1,3,2,1,18,0.23999999463558197,1,0,0,12.0,11.342284308539497,1.5,0.699999988079071,0.012946277856826782,0.029999999329447746,1.0,100.0,0.0,0.6118509769439697
2224,41392,2,1078,3,OP3,FIXED_OPPONENT,train,SCRIPTED:OP3,0,2,3,-1,20,0.2800000011920929,0,1,3,13.0,10.264917755126953,-1.2000000476837158,-0.5,0.009629026055335999,0.019999999552965164,-1.0,-100.0,-0.019999999552965164,-0.5398315191268921
2225,41400,2,1079,1,OP3,FIXED_OPPONENT,train,SCRIPTED:OP3,0,2,3,-1,18,0.2800000011920929,1,0,5,11.0,9.948435465494791,-1.2000000476837158,-0.4000000059604645,-0.010474935173988342,0.019999999552965164,-1.0,-100.0,0.0,-0.520924985408783
2226,41416,2,1081,3,OP3,FIXED_OPPONENT,train,SCRIPTED:OP3,0,2,3,-1,18,0.23999999463558197,1,0,0,11.0,10.79317898220486,-1.2000000476837158,-0.5,0.00027823448181152344,0.019999999552965164,-1.0,-100.0,-0.019999999552965164,-0.5399492383003235
2227,41424,2,1082,3,OP3,FIXED_OPPONENT,train,SCRIPTED:OP3,1,3,2,1,19,0.19999998807907104,0,1,3,12.0,10.782306068821958,1.5,0.5,-0.020523831248283386,0.029999999329447746,1.0,100.0,0.0,0.5828942060470581
2228,41440,2,1084,3,OP3,FIXED_OPPONENT,train,SCRIPTED:OP3,0,2,3,-1,18,0.1599999964237213,1,0,0,11.0,10.947229173448351,-1.2000000476837158,-0.4000000059604645,0.006100714206695557,0.019999999552965164,-1.0,-100.0,-0.019999999552965164,-0.5239421129226685
2229,41488,2,1090,3,OP3,FIXED_OPPONENT,train,SCRIPTED:OP3,1,3,2,1,18,0.1599999964237213,1,0,4,12.0,9.422537061903212,1.5,0.4000000059604645,0.008882619440555573,0.029999999329447746,1.0,100.0,0.0,0.5683862566947937
2230,41504,2,1092,2,OP3,FIXED_OPPONENT,train,SCRIPTED:OP3,1,3,2,1,18,0.2800000011920929,1,0,3,11.0,10.84052954779731,1.5,0.5,-0.00616869330406189,0.014999999664723873,1.0,100.0,0.0,0.5828865766525269
2231,41520,2,1094,2,OP3,FIXED_OPPONENT,train,SCRIPTED:OP3,0,2,3,-1,21,0.1599999964237213,1,0,7,14.0,10.740785144624256,-1.2000000476837158,-0.4000000059604645,-0.010549604892730713,0.019999999552965164,-1.0,-100.0,0.0,-0.5209259986877441
2232,41528,2,1095,3,OP3,FIXED_OPPONENT,train,SCRIPTED:OP3,1,3,2,1,17,0.23999999463558197,1,0,0,11.0,10.453418507295495,1.5,0.0,-0.009492956101894379,0.0,0.0,0.0,0.0,0.32136139273643494
2233,41544,2,1097,3,OP3,FIXED_OPPONENT,train,SCRIPTED:OP3,1,3,2,1,18,0.23999999463558197,1,0,0,11.0,13.463436550564236,1.5,0.0,0.0015981793403625488,0.0,0.0,0.0,0.0,0.32153820991516113
2234,41552,2,1098,3,OP3,FIXED_OPPONENT,train,SCRIPTED:OP3,1,3,2,1,17,0.19999998807907104,1,0,3,13.0,11.4456589642693,1.5,0.5,0.009841427206993103,0.029999999329447746,1.0,100.0,0.0,0.5832504630088806
2235,41576,2,1101,2,OP3,FIXED_OPPONENT,train,SCRIPTED:OP3,1,3,1,2,17,0.23999999463558197,1,0,2,11.0,9.559305527630974,1.5,0.5,0.006399780511856079,0.02499999850988388,1.0,100.0,-0.019999999552965164,0.58021080493927
2236,41584,2,1102,0,OP3,FIXED_OPPONENT,train,SCRIPTED:OP3,0,2,3,-1,20,0.1599999964237213,1,0,2,13.0,10.61682586669922,-1.2000000476837158,-0.5,0.002302497625350952,0.019999999552965164,-1.0,-100.0,-0.019999999552965164,-0.5399237871170044
2237,41648,2,1110,3,OP3,FIXED_OPPONENT,train,SCRIPTED:OP3,0,2,3,-1,18,0.23999999463558197,1,0,1,11.0,10.199671427408854,-1.2000000476837158,-0.5,0.00022307038307189941,0.0,-1.0,-100.0,-0.019999999552965164,-0.5402017831802368
2238,41664,2,1112,2,OP3,FIXED_OPPONENT,train,SCRIPTED:OP3,0,3,3,0,22,0.35999998450279236,1,0,4,11.0,9.144013838334518,-0.699999988079071,0.0,0.00458119809627533,0.0,0.0,0.0,0.0,-0.1542333960533142
2239,41672,2,1113,1,OP3,FIXED_OPPONENT,train,SCRIPTED:OP3,0,2,3,-1,16,0.19999998807907104,1,0,3,11.0,10.248298645019531,-1.2000000476837158,0.0,-0.010099664330482483,0.0,0.0,0.0,0.0,-0.26068779826164246
2240,41672,2,1113,3,OP3,FIXED_OPPONENT,train,SCRIPTED:OP3,0,2,3,-1,19,0.1599999964237213,0,1,5,12.0,10.045228656969572,-1.2000000476837158,0.5,0.008650511503219604,0.0,1.0,100.0,0.0,0.06672117859125137
2241,41672,2,1113,0,OP3,FIXED_OPPONENT,train,SCRIPTED:OP3,0,2,3,-1,18,0.19999998807907104,1,0,1,11.0,10.68851810031467,-1.2000000476837158,-0.4000000059604645,-0.007723003625869751,0.0,-1.0,-100.0,0.0,-0.5211483836174011
2242,41696,2,1116,1,OP3,FIXED_OPPONENT,train,SCRIPTED:OP3,1,3,2,1,18,0.1599999964237213,1,0,3,11.0,10.662198384602865,1.5,0.4000000059604645,0.008896514773368835,0.029999999329447746,1.0,100.0,-0.019999999552965164,0.5653702020645142
2243,41728,2,1120,2,OP3,FIXED_OPPONENT,train,SCRIPTED:OP3,1,3,2,1,19,0.23999999463558197,1,0,0,12.0,12.120496247944079,1.5,0.5,-0.0020759999752044678,0.029999999329447746,1.0,100.0,-0.019999999552965164,0.5801697969436646
2244,41728,2,1120,0,OP3,FIXED_OPPONENT,train,SCRIPTED:OP3,1,3,2,1,18,0.23999999463558197,1,0,3,11.0,9.924198574490017,1.5,0.4000000059604645,-0.007743343710899353,0.029999999329447746,1.0,100.0,0.0,0.5681861639022827
2245,41792,2,1128,1,OP3,FIXED_OPPONENT,train,SCRIPTED:OP3,1,3,2,1,15,0.2800000011920929,1,0,1,11.0,10.195452880859374,1.5,0.0,-7.922947406768799e-05,0.0,0.0,0.0,-0.019999999552965164,0.31752073764801025
2246,41800,2,1129,3,OP3,FIXED_OPPONENT,train,SCRIPTED:OP3,1,3,2,1,19,0.2800000011920929,1,0,4,12.0,9.7490234375,1.5,1.0,-0.027146875858306885,0.029999999329447746,2.0,200.0,-0.019999999552965164,0.7597427368164062
2247,41816,2,1131,3,OP3,FIXED_OPPONENT,train,SCRIPTED:OP3,0,3,3,0,19,0.1599999964237213,1,0,4,11.0,10.056788394325658,-0.699999988079071,0.0,-0.008547008037567139,0.0,0.0,0.0,0.0,-0.15446123480796814
2248,41824,2,1132,1,OP3,FIXED_OPPONENT,train,SCRIPTED:OP3,1,3,2,1,19,0.23999999463558197,1,0,9,12.0,8.05200837787829,1.5,0.4000000059604645,-0.010461583733558655,0.029999999329447746,1.0,100.0,0.0,0.568153440952301
2249,41832,2,1133,2,OP3,FIXED_OPPONENT,train,SCRIPTED:OP3,1,3,2,1,20,0.19999998807907104,1,0,4,13.0,10.0048828125,1.5,0.5,-0.009790629148483276,0.029999999329447746,1.0,100.0,0.0,0.5830200910568237
2250,41856,2,1136,2,OP3,FIXED_OPPONENT,train,SCRIPTED:OP3,0,2,3,-1,20,0.2800000011920929,1,0,1,13.0,9.897512817382813,-1.2000000476837158,-0.5,0.01505899429321289,0.019999999552965164,-1.0,-100.0,-0.019999999552965164,-0.5397630929946899
2251,41872,2,1138,1,OP3,FIXED_OPPONENT,train,SCRIPTED:OP3,0,2,3,-1,18,0.11999999731779099,1,0,0,11.0,11.501180013020834,-1.2000000476837158,-0.5,0.010529756546020508,0.019999999552965164,-1.0,-100.0,0.0,-0.5366633534431458
2252,41888,2,1140,2,OP3,FIXED_OPPONENT,train,SCRIPTED:OP3,0,3,3,0,20,0.23999999463558197,1,0,2,13.0,10.307089233398438,-0.699999988079071,0.0,-0.0027822405099868774,0.0,0.0,0.0,0.0,-0.15436118841171265
2253,41936,2,1146,2,OP3,FIXED_OPPONENT,train,SCRIPTED:OP3,1,3,2,1,18,0.1599999964237213,1,0,0,11.0,10.760277642144096,1.5,0.4000000059604645,-0.0011676326394081116,0.029999999329447746,1.0,100.0,0.0,0.5682652592658997
2254,41968,2,1150,2,OP3,FIXED_OPPONENT,train,SCRIPTED:OP3,1,3,2,1,21,0.23999999463558197,0,2,3,11.0,10.22688729422433,1.5,0.5,0.013534381985664368,0.029999999329447746,1.0,100.0,0.0,0.5832938551902771
2255,41968,2,1150,3,OP3,FIXED_OPPONENT,train,SCRIPTED:OP3,1,3,2,1,18,0.3999999761581421,1,0,6,11.0,9.282360500759548,1.5,0.0,-0.010561823844909668,0.0,0.0,0.0,0.0,0.3213443160057068
2256,41976,2,1151,0,OP3,FIXED_OPPONENT,train,SCRIPTED:OP3,1,3,2,1,20,0.19999998807907104,1,0,8,13.0,10.154483795166016,1.5,0.5,-0.01808995008468628,0.029999999329447746,1.0,100.0,0.0,0.5829227566719055
2257,41976,2,1151,3,OP3,FIXED_OPPONENT,train,SCRIPTED:OP3,0,2,3,-1,18,0.2800000011920929,1,0,0,11.0,11.302627563476562,-1.2000000476837158,-0.5,0.006248071789741516,0.019999999552965164,-1.0,-100.0,0.0,-0.5367175340652466
2258,42000,2,1154,0,OP3,FIXED_OPPONENT,train,SCRIPTED:OP3,0,3,3,0,18,0.2800000011920929,1,0,2,11.0,11.140936109754774,-0.699999988079071,0.0,-0.007445827126502991,0.0,0.0,0.0,0.0,-0.15444211661815643
2259,42016,2,1156,2,OP3,FIXED_OPPONENT,train,SCRIPTED:OP3,0,2,3,-1,18,0.1599999964237213,1,0,1,11.0,11.285487704806858,-1.2000000476837158,-0.4000000059604645,0.008420124650001526,0.019999999552965164,-1.0,-100.0,0.0,-0.5206801891326904
2260,42024,2,1157,1,OP3,FIXED_OPPONENT,train,SCRIPTED:OP3,1,3,1,2,17,0.19999998807907104,1,0,4,13.0,9.867535759420957,1.5,0.4000000059604645,0.008671149611473083,0.029999999329447746,1.0,100.0,0.0,0.5683836936950684
2261,42088,2,1165,0,OP3,FIXED_OPPONENT,train,SCRIPTED:OP3,0,2,3,-1,19,0.35999998450279236,1,0,3,12.0,10.099668000873766,-1.2000000476837158,-0.5,-0.013859227299690247,0.019999999552965164,-1.0,-100.0,0.0,-0.536971926689148
2262,42112,2,1168,2,OP3,FIXED_OPPONENT,train,SCRIPTED:OP3,1,3,1,2,18,0.3199999928474426,1,0,2,11.0,9.571373833550346,1.5,0.5,-0.04357008635997772,0.014999999664723873,1.0,100.0,0.0,0.5824475288391113
2263,42120,2,1169,2,OP3,FIXED_OPPONENT,train,SCRIPTED:OP3,0,2,3,-1,18,0.19999998807907104,1,0,1,11.0,10.982415941026476,-1.2000000476837158,-0.5,0.008093014359474182,0.0,-1.0,-100.0,0.0,-0.5369473099708557
2264,42120,2,1169,1,OP3,FIXED_OPPONENT,train,SCRIPTED:OP3,0,1,3,-2,18,0.11999999731779099,1,0,1,11.0,11.250890096028646,-1.2000000476837158,-0.5,0.0031928569078445435,0.019999999552965164,-1.0,-100.0,-0.019999999552965164,-0.5399125814437866
2265,42120,2,1169,1,OP3,FIXED_OPPONENT,train,SCRIPTED:OP3,1,3,2,1,19,0.19999998807907104,1,0,0,12.0,10.254384091025905,1.5,0.5,0.0016002804040908813,0.029999999329447746,1.0,100.0,0.0,0.5831537842750549
2266,42160,2,1174,0,OP3,FIXED_OPPONENT,train,SCRIPTED:OP3,0,3,3,0,20,0.23999999463558197,1,0,2,12.0,11.496352386474609,-0.699999988079071,0.0,-0.009490668773651123,0.0,0.0,0.0,0.0,-0.15447759628295898
2267,42160,2,1174,3,OP3,FIXED_OPPONENT,train,SCRIPTED:OP3,0,1,3,-2,18,0.2800000011920929,1,0,1,11.0,9.301783243815104,-1.2000000476837158,-0.5,0.005717873573303223,0.019999999552965164,-1.0,-100.0,0.0,-0.5367242693901062
2268,42176,2,1176,1,OP3,FIXED_OPPONENT,train,SCRIPTED:OP3,0,2,3,-1,19,0.11999999731779099,1,0,0,11.0,12.000052201120477,-1.2000000476837158,-0.5,-0.0006910264492034912,0.019999999552965164,-1.0,-100.0,-0.019999999552965164,-0.5399614572525024
2269,42232,2,1183,3,OP3,FIXED_OPPONENT,train,SCRIPTED:OP3,1,3,2,1,18,0.35999998450279236,1,0,0,11.0,10.505103217230904,1.5,0.4000000059604645,0.0036637187004089355,0.02499999850988388,1.0,100.0,0.0,0.5682632327079773
2270,42232,2,1183,0,OP3,FIXED_OPPONENT,train,SCRIPTED:OP3,0,1,3,-2,15,0.19999998807907104,1,0,0,11.0,10.655666097005208,-1.2000000476837158,-0.5,-0.0038737356662750244,0.0,-1.0,-100.0,-0.019999999552965164,-0.5402534008026123
2271,42256,2,1186,2,OP3,FIXED_OPPONENT,train,SCRIPTED:OP3,1,3,2,1,17,0.3199999928474426,1,0,1,11.0,9.378185496610755,1.5,0.0,-0.006170555949211121,0.0,0.0,0.0,0.0,0.32141435146331787
2272,42264,2,1187,1,OP3,FIXED_OPPONENT,train,SCRIPTED:OP3,1,3,2,1,18,0.23999999463558197,1,0,2,11.0,9.381768968370226,1.5,0.5,0.011547118425369263,0.029999999329447746,1.0,100.0,0.0,0.5832705497741699
2273,42280,2,1189,2,OP3,FIXED_OPPONENT,train,SCRIPTED:OP3,1,3,2,1,20,0.3199999928474426,1,0,4,13.0,10.110691833496094,1.5,0.5,-0.015024617314338684,0.029999999329447746,1.0,100.0,-0.019999999552965164,0.58001708984375
2274,42288,2,1190,3,OP3,FIXED_OPPONENT,train,SCRIPTED:OP3,0,2,3,-1,16,0.19999998807907104,1,0,1,11.0,9.626178741455078,-1.2000000476837158,0.0,-0.00965641438961029,0.0,0.0,0.0,0.0,-0.2606804370880127
2275,42304,2,1192,2,OP3,FIXED_OPPONENT,train,SCRIPTED:OP3,0,2,3,-1,18,0.19999998807907104,1,0,3,11.0,9.420952690972221,-1.2000000476837158,-0.5,-0.003468543291091919,0.019999999552965164,-1.0,-100.0,0.0,-0.5368404984474182
2276,42328,2,1195,1,OP3,FIXED_OPPONENT,train,SCRIPTED:OP3,0,3,3,0,19,0.3199999928474426,1,0,3,12.0,10.975616455078125,-0.699999988079071,0.0,0.008119821548461914,0.0,0.0,0.0,-0.03999999910593033,-0.16283749043941498
2277,42376,2,1201,0,OP3,FIXED_OPPONENT,train,SCRIPTED:OP3,1,3,2,1,18,0.19999998807907104,1,0,0,11.0,10.648839314778646,1.5,0.4000000059604645,-0.007855072617530823,0.029999999329447746,1.0,100.0,0.0,0.5681847929954529
2278,42384,2,1202,3,OP3,FIXED_OPPONENT,train,SCRIPTED:OP3,0,2,3,-1,19,0.23999999463558197,0,1,2,12.0,10.656180933902139,-1.2000000476837158,0.10000002384185791,-0.007824093103408813,0.019999999552965164,0.0,0.0,-0.019999999552965164,-0.24367032945156097
2279,42400,2,1204,3,OP3,FIXED_OPPONENT,train,SCRIPTED:OP3,1,3,2,1,18,0.2800000011920929,1,0,2,11.0,10.100680033365885,1.5,0.0,-0.00955994427204132,0.0,0.0,0.0,0.0,0.321360319852829
2280,42400,2,1204,3,OP3,FIXED_OPPONENT,train,SCRIPTED:OP3,0,2,3,-1,15,0.1599999964237213,1,0,0,11.0,11.784880574544271,-1.2000000476837158,-0.5,0.00269414484500885,0.019999999552965164,-1.0,-100.0,0.0,-0.5367624759674072
2281,42408,2,1205,0,OP3,FIXED_OPPONENT,train,SCRIPTED:OP3,1,3,2,1,18,0.19999998807907104,1,0,4,12.0,10.251434326171875,1.5,0.4000000059604645,-0.00968506932258606,0.029999999329447746,1.0,100.0,0.0,0.568162739276886
2282,42416,2,1206,3,OP3,FIXED_OPPONENT,train,SCRIPTED:OP3,0,2,3,-1,16,0.19999998807907104,1,0,2,12.0,11.355724334716797,-1.2000000476837158,-0.5,-0.004252806305885315,0.0,-1.0,-100.0,0.0,-0.5371033549308777
2283,42448,2,1210,0,OP3,FIXED_OPPONENT,train,SCRIPTED:OP3,1,3,2,1,18,0.19999998807907104,1,0,3,11.0,10.385384453667534,1.5,0.4000000059604645,-0.009096398949623108,0.029999999329447746,1.0,100.0,0.0,0.5681698322296143
2284,42456,2,1211,2,OP3,FIXED_OPPONENT,train,SCRIPTED:OP3,0,1,3,-2,16,0.11999999731779099,1,0,0,12.0,11.612581253051758,-1.2000000476837158,-0.5,0.015205278992652893,0.019999999552965164,-1.0,-100.0,-0.019999999552965164,-0.5397612452507019
2285,42520,2,1219,1,OP3,FIXED_OPPONENT,train,SCRIPTED:OP3,0,2,3,-1,18,0.1599999964237213,1,0,4,11.0,10.406434800889757,-1.2000000476837158,-0.4000000059604645,-0.009393483400344849,0.019999999552965164,-1.0,-100.0,0.0,-0.5209110379219055
2286,42536,2,1221,0,OP3,FIXED_OPPONENT,train,SCRIPTED:OP3,0,2,3,-1,17,0.23999999463558197,1,0,0,11.0,11.016489365521599,-1.2000000476837158,-0.5,-0.002972424030303955,0.0,-1.0,-100.0,0.0,-0.5370872020721436
2287,42544,2,1222,3,OP3,FIXED_OPPONENT,train,SCRIPTED:OP3,1,3,2,1,18,0.23999999463558197,1,0,1,11.0,9.76042005750868,1.5,0.5,-0.04088115692138672,0.029999999329447746,1.0,100.0,0.0,0.5826551914215088
2288,42544,2,1222,0,OP3,FIXED_OPPONENT,train,SCRIPTED:OP3,1,3,2,1,20,0.2800000011920929,1,0,2,11.0,10.597386932373047,1.5,0.5,-0.012906596064567566,0.014999999664723873,1.0,100.0,0.0,0.5828075408935547
2289,42560,2,1224,3,OP3,FIXED_OPPONENT,train,SCRIPTED:OP3,0,2,3,-1,19,0.2800000011920929,1,0,0,12.0,10.787735788445724,-1.2000000476837158,-0.5,-0.006971642374992371,0.0,-1.0,-100.0,0.0,-0.5371377468109131
2290,42568,2,1225,0,OP3,FIXED_OPPONENT,train,SCRIPTED:OP3,1,3,2,1,19,0.1599999964237213,1,0,4,12.0,10.249987150493421,1.5,0.5,-0.0328684002161026,0.029999999329447746,1.0,100.0,-0.019999999552965164,0.5798065662384033
2291,42608,2,1230,2,OP3,FIXED_OPPONENT,train,SCRIPTED:OP3,1,3,2,1,19,0.2800000011920929,1,0,3,12.0,10.12632189298931,1.5,0.5,-0.018732592463493347,0.029999999329447746,1.0,100.0,-0.019999999552965164,0.5799733400344849
2292,42624,2,1232,1,OP3,FIXED_OPPONENT,train,SCRIPTED:OP3,0,3,3,0,22,0.19999998807907104,1,0,7,14.0,9.76299355246804,-0.699999988079071,0.0,0.00826314091682434,0.0,0.0,0.0,0.0,-0.154169499874115
2293,42672,2,1238,0,OP3,FIXED_OPPONENT,train,SCRIPTED:OP3,1,3,1,2,17,0.3199999928474426,1,0,2,13.0,9.795944213867188,1.5,0.5,-0.02231438457965851,0.014999999664723873,1.0,100.0,0.0,0.5826970338821411
2294,42680,2,1239,1,OP3,FIXED_OPPONENT,train,SCRIPTED:OP3,1,3,2,1,20,0.19999998807907104,1,0,1,13.0,11.450147247314453,1.5,0.5,-0.02240198850631714,0.029999999329447746,1.0,100.0,-0.019999999552965164,0.5799300670623779
2295,42696,2,1241,2,OP3,FIXED_OPPONENT,train,SCRIPTED:OP3,1,3,2,1,19,0.11999999731779099,1,0,5,11.0,10.88705845883018,1.5,1.0,-0.019693151116371155,0.029999999329447746,2.0,200.0,0.0,0.7616710662841797
2296,42696,2,1241,3,OP3,FIXED_OPPONENT,train,SCRIPTED:OP3,1,3,2,1,19,0.19999998807907104,1,0,2,12.0,11.255632902446546,1.5,0.5,0.0035401582717895508,0.029999999329447746,1.0,100.0,0.0,0.5831765532493591
2297,42712,2,1243,2,OP3,FIXED_OPPONENT,train,SCRIPTED:OP3,0,2,3,-1,19,0.2800000011920929,1,0,2,15.0,10.432892648797287,-1.2000000476837158,0.0,-0.001815006136894226,0.019999999552965164,0.0,0.0,-0.019999999552965164,-0.2643577456474304
2298,42736,2,1246,3,OP3,FIXED_OPPONENT,train,SCRIPTED:OP3,1,3,2,1,21,0.2800000011920929,1,0,2,14.0,10.327476864769345,1.5,0.5,-0.019259735941886902,0.014999999664723873,1.0,100.0,0.0,0.5827329158782959
2299,42752,2,1248,2,OP3,FIXED_OPPONENT,train,SCRIPTED:OP3,1,3,2,1,18,0.19999998807907104,1,0,0,12.0,11.89396497938368,1.5,0.5,0.021789252758026123,0.029999999329447746,1.0,100.0,0.0,0.5833905935287476
2300,42768,2,1250,3,OP3,FIXED_OPPONENT,train,SCRIPTED:OP3,1,3,2,1,18,0.11999999731779099,1,0,4,11.0,10.139510260687935,1.5,1.0,-0.013187766075134277,0.029999999329447746,2.0,200.0,0.0,0.7617196440696716
2301,42816,2,1256,2,OP3,FIXED_OPPONENT,train,SCRIPTED:OP3,1,3,2,1,18,0.19999998807907104,1,0,5,11.0,9.684025234646267,1.5,0.5,-0.011404745280742645,0.029999999329447746,1.0,100.0,0.0,0.5830011963844299
2302,42840,2,1259,1,OP3,FIXED_OPPONENT,train,SCRIPTED:OP3,1,3,2,1,18,0.11999999731779099,1,0,2,11.0,10.549009535047743,1.5,0.5,-0.021425798535346985,0.029999999329447746,1.0,100.0,0.0,0.5828835964202881
2303,42848,2,1260,0,OP3,FIXED_OPPONENT,train,SCRIPTED:OP3,1,3,2,1,19,0.2800000011920929,1,0,2,12.0,10.126717818410773,1.5,0.5,-0.031050264835357666,0.029999999329447746,1.0,100.0,0.0,0.5827706456184387
2304,42856,2,1261,2,OP3,FIXED_OPPONENT,train,SCRIPTED:OP3,0,3,3,0,22,0.3199999928474426,1,0,3,12.0,9.645097905939275,-0.699999988079071,0.0,-0.006179153919219971,0.0,0.0,0.0,0.0,-0.1544201374053955
2305,42856,2,1261,2,OP3,FIXED_OPPONENT,train,SCRIPTED:OP3,0,3,3,0,18,0.3199999928474426,1,0,1,11.0,10.339118957519531,-0.699999988079071,0.0,-0.007160350680351257,0.0,0.0,0.0,0.0,-0.15443715453147888
2306,42896,2,1266,1,OP3,FIXED_OPPONENT,train,SCRIPTED:OP3,1,3,2,1,20,0.19999998807907104,1,0,5,13.0,8.745659637451173,1.5,0.5,-0.025614701211452484,0.029999999329447746,1.0,100.0,-0.019999999552965164,0.5798921585083008
2307,42904,2,1267,1,OP3,FIXED_OPPONENT,train,SCRIPTED:OP3,0,1,3,-2,19,0.1599999964237213,1,0,2,12.0,10.359102751079359,-1.2000000476837158,-0.5,-0.005295872688293457,0.019999999552965164,-1.0,-100.0,-0.019999999552965164,-0.5400193929672241
2308,42912,2,1268,2,OP3,FIXED_OPPONENT,train,SCRIPTED:OP3,1,3,2,1,18,0.19999998807907104,1,0,1,11.0,11.367375691731771,1.5,0.5,0.01585926115512848,0.029999999329447746,1.0,100.0,0.0,0.5833210945129395
2309,42960,2,1274,2,OP3,FIXED_OPPONENT,train,SCRIPTED:OP3,1,3,2,1,18,0.2800000011920929,1,0,3,11.0,10.41777123345269,1.5,0.4000000059604645,-0.009755998849868774,0.029999999329447746,1.0,100.0,0.0,0.5681618452072144
2310,42992,2,1278,3,OP3,FIXED_OPPONENT,train,SCRIPTED:OP3,1,3,2,1,19,0.3199999928474426,1,0,2,11.0,9.857194599352384,1.5,0.5,-0.03212922811508179,0.014999999664723873,1.0,100.0,0.0,0.5825817584991455
2311,43008,2,1280,1,OP3,FIXED_OPPONENT,train,SCRIPTED:OP3,1,3,2,1,19,0.19999998807907104,1,0,2,12.0,11.030712730006167,1.5,0.5,-0.034930162131786346,0.029999999329447746,1.0,100.0,0.0,0.5827250480651855
2312,43008,2,1280,1,OP3,FIXED_OPPONENT,train,SCRIPTED:OP3,1,3,2,1,19,0.19999998807907104,1,0,9,12.0,10.730283235248766,1.5,0.5,-0.03863528370857239,0.029999999329447746,1.0,100.0,0.0,0.5826815366744995
2313,43016,2,1281,1,OP3,FIXED_OPPONENT,train,SCRIPTED:OP3,0,2,3,-1,21,0.3199999928474426,1,0,4,11.0,9.959708077566964,-1.2000000476837158,-0.5,0.015247702598571777,0.0,-1.0,-100.0,0.0,-0.5368567109107971
2314,43040,2,1284,2,OP3,FIXED_OPPONENT,train,SCRIPTED:OP3,1,3,2,1,18,0.19999998807907104,1,0,0,11.0,11.297614203559029,1.5,0.5,0.010788992047309875,0.029999999329447746,1.0,100.0,0.0,0.5832616090774536
2315,43040,2,1284,3,OP3,FIXED_OPPONENT,train,SCRIPTED:OP3,1,3,2,1,17,0.19999998807907104,1,0,0,12.0,10.847938088809743,1.5,0.0,0.0053094178438186646,0.0,0.0,0.0,0.0,0.3215973377227783
2316,43048,2,1285,1,OP3,FIXED_OPPONENT,train,SCRIPTED:OP3,0,2,3,-1,17,0.11999999731779099,1,0,0,11.0,11.34070452521829,-1.2000000476837158,-0.4000000059604645,0.0029894262552261353,0.019999999552965164,-1.0,-100.0,0.0,-0.5207505226135254
2317,43104,2,1292,1,OP3,FIXED_OPPONENT,train,SCRIPTED:OP3,0,3,3,0,18,0.1599999964237213,1,0,3,11.0,10.86295912000868,-0.699999988079071,0.0,-0.006198897957801819,0.0,0.0,0.0,0.0,-0.15442048013210297
2318,43128,2,1295,3,OP3,FIXED_OPPONENT,train,SCRIPTED:OP3,0,2,3,-1,17,0.1599999964237213,1,0,4,11.0,9.911257575539981,-1.2000000476837158,-0.4000000059604645,-0.010580509901046753,0.019999999552965164,-1.0,-100.0,0.0,-0.5209263563156128
2319,43168,2,1300,0,OP3,FIXED_OPPONENT,train,SCRIPTED:OP3,0,2,3,-1,20,0.19999998807907104,1,0,2,13.0,10.546621704101563,-1.2000000476837158,-0.5,0.010562404990196228,0.019999999552965164,-1.0,-100.0,-0.019999999552965164,-0.5398197174072266
2320,43176,2,1301,1,OP3,FIXED_OPPONENT,train,SCRIPTED:OP3,1,3,2,1,20,0.2800000011920929,1,0,2,13.0,10.611511993408204,1.5,0.5,-0.019019216299057007,0.029999999329447746,1.0,100.0,0.0,0.5829118490219116
2321,43176,2,1301,2,OP3,FIXED_OPPONENT,train,SCRIPTED:OP3,0,2,3,-1,21,0.23999999463558197,1,0,1,14.0,10.829820178803944,-1.2000000476837158,-0.5,0.004927888512611389,0.019999999552965164,-1.0,-100.0,0.0,-0.5367341637611389
2322,43184,2,1302,2,OP3,FIXED_OPPONENT,train,SCRIPTED:OP3,0,2,3,-1,18,0.19999998807907104,1,0,0,11.0,10.36813015407986,-1.2000000476837158,-0.5,0.010715276002883911,0.0,-1.0,-100.0,0.0,-0.5369141101837158
2323,43192,2,1303,3,OP3,FIXED_OPPONENT,train,SCRIPTED:OP3,0,3,3,0,19,0.19999998807907104,1,0,4,12.0,10.308357640316611,-0.699999988079071,0.0,0.006083391606807709,0.0,0.0,0.0,0.0,-0.15420733392238617
2324,43192,2,1303,0,OP3,FIXED_OPPONENT,train,SCRIPTED:OP3,1,3,2,1,18,0.19999998807907104,1,0,1,11.0,10.413831922743055,1.5,0.5,0.012909531593322754,0.029999999329447746,1.0,100.0,0.0,0.5832865238189697
2325,43248,2,1310,1,OP3,FIXED_OPPONENT,train,SCRIPTED:OP3,1,3,2,1,18,0.23999999463558197,1,0,0,12.0,11.764122009277344,1.5,0.4000000059604645,0.008343607187271118,0.029999999329447746,1.0,100.0,0.0,0.5683797597885132
2326,43272,2,1313,3,OP3,FIXED_OPPONENT,train,SCRIPTED:OP3,0,2,3,-1,18,0.19999998807907104,1,0,3,11.0,11.501116434733072,-1.2000000476837158,-0.5,0.008412688970565796,0.019999999552965164,-1.0,-100.0,-0.019999999552965164,-0.5398467779159546
2327,43320,2,1319,1,OP3,FIXED_OPPONENT,train,SCRIPTED:OP3,0,3,3,0,18,0.23999999463558197,1,0,1,11.0,10.33366224500868,-0.699999988079071,0.0,0.007408708333969116,0.0,0.0,0.0,0.0,-0.15418431162834167
2328,43328,2,1320,2,OP3,FIXED_OPPONENT,train,SCRIPTED:OP3,1,3,2,1,17,0.2800000011920929,1,0,0,12.0,11.063810460707721,1.5,0.5,-0.03713063895702362,0.029999999329447746,1.0,100.0,0.0,0.5826992392539978
2329,43328,2,1320,2,OP3,FIXED_OPPONENT,train,SCRIPTED:OP3,1,3,2,1,20,0.1599999964237213,1,0,2,13.0,11.269854736328124,1.5,0.5,0.013220235705375671,0.014999999664723873,1.0,100.0,-0.019999999552965164,0.5801732540130615
2330,43336,2,1321,2,OP3,FIXED_OPPONENT,train,SCRIPTED:OP3,0,2,3,-1,18,0.23999999463558197,1,0,4,11.0,10.05415513780382,-1.2000000476837158,-0.5,0.014488503336906433,0.0,-1.0,-100.0,0.0,-0.5368663668632507
2331,43336,2,1321,2,OP3,FIXED_OPPONENT,train,SCRIPTED:OP3,0,2,3,-1,20,0.19999998807907104,1,0,1,13.0,11.294036865234375,-1.2000000476837158,-0.5,-0.005278661847114563,0.019999999552965164,-1.0,-100.0,-0.03999999910593033,-0.5431600213050842
2332,43336,2,1321,0,OP3,FIXED_OPPONENT,train,SCRIPTED:OP3,1,3,2,1,19,0.1599999964237213,1,0,0,12.0,11.486394781815378,1.5,0.5,-0.014528810977935791,0.014999999664723873,1.0,100.0,0.0,0.5827884674072266
2333,43400,2,1329,0,OP3,FIXED_OPPONENT,train,SCRIPTED:OP3,1,3,2,1,19,0.19999998807907104,1,0,0,12.0,11.070758217259458,1.5,0.5,-0.016150683164596558,0.014999999664723873,1.0,100.0,0.0,0.5827694535255432
2334,43416,2,1331,1,OP3,FIXED_OPPONENT,train,SCRIPTED:OP3,0,2,3,-1,18,0.1599999964237213,1,0,5,11.0,9.76110585530599,-1.2000000476837158,-0.5,0.004607707262039185,0.0,-1.0,-100.0,-0.019999999552965164,-0.5401465892791748
2335,43456,2,1336,2,OP3,FIXED_OPPONENT,train,SCRIPTED:OP3,1,3,1,2,17,0.3199999928474426,1,0,0,11.0,11.861376594094668,1.5,0.5,0.019820258021354675,0.014999999664723873,1.0,100.0,0.0,0.5831916332244873
2336,43456,2,1336,1,OP3,FIXED_OPPONENT,train,SCRIPTED:OP3,1,3,1,2,16,0.07999999821186066,1,0,0,11.0,12.490812301635742,1.5,0.4000000059604645,-0.006091386079788208,0.029999999329447746,1.0,100.0,-0.03999999910593033,0.562156617641449
2337,43472,2,1338,2,OP3,FIXED_OPPONENT,train,SCRIPTED:OP3,0,2,3,-1,18,0.23999999463558197,0,1,2,11.0,10.08062998453776,-1.2000000476837158,-0.5,-0.010107100009918213,0.019999999552965164,-1.0,-100.0,-0.019999999552965164,-0.5400800704956055
2338,43480,2,1339,2,OP3,FIXED_OPPONENT,train,SCRIPTED:OP3,1,3,2,1,18,0.2800000011920929,1,0,2,11.0,10.484784444173178,1.5,0.5,-0.036173783242702484,0.029999999329447746,1.0,100.0,0.0,0.5827104449272156
2339,43480,2,1339,2,OP3,FIXED_OPPONENT,train,SCRIPTED:OP3,1,3,2,1,18,0.23999999463558197,1,0,0,11.0,11.743927001953125,1.5,0.4000000059604645,0.006827220320701599,0.029999999329447746,1.0,100.0,0.0,0.5683615207672119
2340,43488,2,1340,2,OP3,FIXED_OPPONENT,train,SCRIPTED:OP3,1,3,2,1,19,0.23999999463558197,1,0,3,12.0,10.124140689247533,1.5,0.5,0.00398852676153183,0.029999999329447746,1.0,100.0,0.0,0.5831818580627441
2341,43544,2,1347,3,OP3,FIXED_OPPONENT,train,SCRIPTED:OP3,1,3,1,2,16,0.19999998807907104,1,0,0,11.0,11.513734817504883,1.5,0.5,-0.003844022750854492,0.029999999329447746,1.0,100.0,-0.019999999552965164,0.5801489353179932
2342,43552,2,1348,2,OP3,FIXED_OPPONENT,train,SCRIPTED:OP3,0,2,3,-1,19,0.19999998807907104,1,0,4,12.0,10.7674705103824,-1.2000000476837158,-0.5,0.012576088309288025,0.019999999552965164,-1.0,-100.0,-0.019999999552965164,-0.539794385433197
2343,43576,2,1351,0,OP3,FIXED_OPPONENT,train,SCRIPTED:OP3,0,2,3,-1,15,0.07999999821186066,1,0,0,11.0,11.076908365885417,-1.2000000476837158,-0.5,-0.015180215239524841,0.019999999552965164,-1.0,-100.0,0.0,-0.5369887351989746
2344,43608,2,1355,2,OP3,FIXED_OPPONENT,train,SCRIPTED:OP3,1,3,1,2,19,0.3199999928474426,1,0,1,12.0,9.500730815686678,1.5,0.5,-0.005095973610877991,0.02499999850988388,1.0,100.0,0.0,0.583016574382782
2345,43632,2,1358,3,OP3,FIXED_OPPONENT,train,SCRIPTED:OP3,1,3,2,1,19,0.35999998450279236,1,0,1,13.0,11.56215466951069,1.5,0.5,-0.004629746079444885,0.014999999664723873,1.0,100.0,0.0,0.5829046964645386
2346,43632,2,1358,2,OP3,FIXED_OPPONENT,train,SCRIPTED:OP3,0,2,3,-1,19,0.1599999964237213,1,0,5,12.0,9.809062756990132,-1.2000000476837158,-0.5,-0.007993802428245544,0.019999999552965164,-1.0,-100.0,0.0,-0.5368977785110474
2347,43632,2,1358,3,OP3,FIXED_OPPONENT,train,SCRIPTED:OP3,0,3,3,0,20,0.19999998807907104,1,0,1,13.0,11.361732482910156,-0.699999988079071,0.0,-0.004310227930545807,0.0,0.0,0.0,-0.03999999910593033,-0.16305260360240936
2348,43664,2,1362,1,OP3,FIXED_OPPONENT,train,SCRIPTED:OP3,0,3,3,0,22,0.19999998807907104,1,0,5,13.0,10.852869207208807,-0.699999988079071,0.5,-0.006750233471393585,0.0,1.0,100.0,0.0,0.1758119910955429
2349,43696,2,1366,3,OP3,FIXED_OPPONENT,train,SCRIPTED:OP3,1,3,2,1,19,0.3199999928474426,1,0,1,12.0,9.976494236996299,1.5,0.4000000059604645,0.007287442684173584,0.014999999664723873,1.0,100.0,0.0,0.5681865215301514
2350,43704,2,1367,3,OP3,FIXED_OPPONENT,train,SCRIPTED:OP3,1,3,2,1,19,0.19999998807907104,1,0,1,12.0,9.812718441611842,1.5,0.5,-0.014254122972488403,0.029999999329447746,1.0,100.0,0.0,0.5829677581787109
2351,43728,2,1370,2,OP3,FIXED_OPPONENT,train,SCRIPTED:OP3,0,2,3,-1,19,0.2800000011920929,1,0,5,11.0,10.581342998303866,-1.2000000476837158,-0.5,0.01513102650642395,0.019999999552965164,-1.0,-100.0,0.0,-0.5366051197052002
2352,43752,2,1373,1,OP3,FIXED_OPPONENT,train,SCRIPTED:OP3,0,2,3,-1,18,0.3199999928474426,1,0,2,11.0,9.722831726074219,-1.2000000476837158,-0.5,-0.006133615970611572,0.019999999552965164,-1.0,-100.0,-0.019999999552965164,-0.5400299429893494
2353,43776,2,1376,3,OP3,FIXED_OPPONENT,train,SCRIPTED:OP3,1,3,2,1,18,0.23999999463558197,1,0,4,12.0,9.809371948242188,1.5,1.0,-0.03434649109840393,0.029999999329447746,2.0,200.0,-0.019999999552965164,0.7596886157989502
2354,43776,2,1376,2,OP3,FIXED_OPPONENT,train,SCRIPTED:OP3,0,2,3,-1,18,0.19999998807907104,1,0,2,11.0,10.796554565429688,-1.2000000476837158,0.10000002384185791,-0.0019377470016479492,0.019999999552965164,0.0,0.0,0.0,-0.23938661813735962
2355,43800,2,1379,3,OP3,FIXED_OPPONENT,train,SCRIPTED:OP3,1,3,2,1,21,0.23999999463558197,1,0,6,13.0,10.024835495721726,1.5,0.5,-0.008135318756103516,0.029999999329447746,1.0,100.0,0.0,0.5830395817756653
2356,43808,2,1380,2,OP3,FIXED_OPPONENT,train,SCRIPTED:OP3,1,3,2,1,18,0.1599999964237213,0,1,3,11.0,9.481936984592014,1.5,0.5,-0.01109226793050766,0.029999999329447746,1.0,100.0,0.0,0.5830048322677612
2357,43856,2,1386,0,OP3,FIXED_OPPONENT,train,SCRIPTED:OP3,0,2,3,-1,19,0.3199999928474426,1,0,2,11.0,10.363978335731908,-1.2000000476837158,-0.5,0.005507707595825195,0.019999999552965164,-1.0,-100.0,0.0,-0.5367268919944763
2358,43872,2,1388,2,OP3,FIXED_OPPONENT,train,SCRIPTED:OP3,0,3,3,0,22,0.3999999761581421,1,0,2,12.0,10.324835343794389,-0.699999988079071,0.0,-0.007796198129653931,0.0,0.0,0.0,-0.019999999552965164,-0.15878361463546753
2359,43888,2,1390,2,OP3,FIXED_OPPONENT,train,SCRIPTED:OP3,1,3,2,1,17,0.23999999463558197,1,0,0,11.0,11.533624985638786,1.5,0.5,-0.008189879357814789,0.029999999329447746,1.0,100.0,0.0,0.5830389261245728
2360,43888,2,1390,2,OP3,FIXED_OPPONENT,train,SCRIPTED:OP3,1,3,2,1,20,0.2800000011920929,1,0,3,13.0,8.955789947509766,1.5,0.5,0.00610409677028656,0.029999999329447746,1.0,100.0,-0.03999999910593033,0.5773107409477234
2361,43912,2,1393,3,OP3,FIXED_OPPONENT,train,SCRIPTED:OP3,1,3,2,1,17,0.23999999463558197,1,0,0,13.0,11.185326968922334,1.5,0.5,0.024751603603363037,0.029999999329447746,1.0,100.0,0.0,0.5834253430366516
2362,43912,2,1393,1,OP3,FIXED_OPPONENT,train,SCRIPTED:OP3,0,2,3,-1,17,0.19999998807907104,1,0,3,13.0,10.6996872845818,-1.2000000476837158,0.0,-0.006613150238990784,0.019999999552965164,0.0,0.0,-0.019999999552965164,-0.26443707942962646
2363,43944,2,1397,2,OP3,FIXED_OPPONENT,train,SCRIPTED:OP3,1,3,2,1,18,0.2800000011920929,1,0,1,11.0,10.843546549479166,1.5,0.5,-0.034267812967300415,0.029999999329447746,1.0,100.0,-0.019999999552965164,0.5797900557518005
2364,43976,2,1401,2,OP3,FIXED_OPPONENT,train,SCRIPTED:OP3,1,3,2,1,21,0.1599999964237213,1,0,8,12.0,10.036209833054315,1.5,0.5,0.0012017935514450073,0.014999999664723873,1.0,100.0,0.0,0.5829731225967407
2365,44000,2,1404,3,OP3,FIXED_OPPONENT,train,SCRIPTED:OP3,0,2,3,-1,18,0.1599999964237213,1,0,0,11.0,10.861096700032553,-1.2000000476837158,-0.4000000059604645,0.0023423880338668823,0.019999999552965164,-1.0,-100.0,0.0,-0.5207589268684387
2366,44016,2,1406,1,OP3,FIXED_OPPONENT,train,SCRIPTED:OP3,1,3,2,1,18,0.19999998807907104,1,0,1,11.0,10.519415113661024,1.5,0.4000000059604645,-0.00472453236579895,0.029999999329447746,1.0,100.0,-0.019999999552965164,0.565205454826355
2367,44032,2,1408,0,OP3,FIXED_OPPONENT,train,SCRIPTED:OP3,0,3,3,0,18,0.23999999463558197,1,0,1,11.0,9.865123324924046,-0.699999988079071,0.0,-0.0011579394340515137,0.0,0.0,0.0,0.0,-0.1543329954147339
2368,44040,2,1409,3,OP3,FIXED_OPPONENT,train,SCRIPTED:OP3,1,3,2,1,19,0.35999998450279236,1,0,2,11.0,10.074226780941611,1.5,0.5,-0.021770820021629333,0.029999999329447746,1.0,100.0,0.0,0.5828795433044434
2369,44048,2,1410,0,OP3,FIXED_OPPONENT,train,SCRIPTED:OP3,1,3,2,1,17,0.3199999928474426,1,0,1,11.0,10.075036441578584,1.5,0.5,-0.017239421606063843,0.029999999329447746,1.0,100.0,0.0,0.582932710647583
2370,44048,2,1410,3,OP3,FIXED_OPPONENT,train,SCRIPTED:OP3,0,2,3,-1,17,0.2800000011920929,1,0,3,11.0,10.88224433450138,-1.2000000476837158,-0.5,0.0026488304138183594,0.019999999552965164,-1.0,-100.0,0.0,-0.536763072013855
2371,44088,2,1415,3,OP3,FIXED_OPPONENT,train,SCRIPTED:OP3,1,3,2,1,18,0.23999999463558197,1,0,0,11.0,11.305636088053385,1.5,0.5,0.004342079162597656,0.014999999664723873,1.0,100.0,-0.019999999552965164,0.5800685882568359
2372,44128,2,1420,2,OP3,FIXED_OPPONENT,train,SCRIPTED:OP3,0,3,3,0,19,0.19999998807907104,1,0,1,12.0,10.918519672594572,-0.699999988079071,0.0,0.003725588321685791,0.0,0.0,0.0,0.0,-0.15424825251102448
2373,44136,2,1421,2,OP3,FIXED_OPPONENT,train,SCRIPTED:OP3,1,3,1,2,17,0.19999998807907104,1,0,1,11.0,10.836183435776654,1.5,0.5,0.021686464548110962,0.02499999850988388,1.0,100.0,0.0,0.5833307504653931
2374,44160,2,1424,2,OP3,FIXED_OPPONENT,train,SCRIPTED:OP3,0,1,3,-2,16,0.1599999964237213,1,0,1,12.0,11.320311546325684,-1.2000000476837158,-0.5,-0.000963941216468811,0.0,-1.0,-100.0,-0.019999999552965164,-0.5402166843414307
2375,44192,2,1428,3,OP3,FIXED_OPPONENT,train,SCRIPTED:OP3,0,3,3,0,22,0.1599999964237213,1,0,8,14.0,9.642208446155895,-0.699999988079071,0.0,2.969801425933838e-05,0.0,0.0,0.0,0.0,-0.1543123871088028
2376,44192,2,1428,3,OP3,FIXED_OPPONENT,train,SCRIPTED:OP3,1,3,2,1,18,0.19999998807907104,1,0,0,11.0,11.174473232693142,1.5,0.4000000059604645,0.00354979932308197,0.029999999329447746,1.0,100.0,-0.019999999552965164,0.5653055906295776
2377,44192,2,1428,3,OP3,FIXED_OPPONENT,train,SCRIPTED:OP3,1,3,2,1,19,0.23999999463558197,1,0,0,12.0,9.621078491210938,1.5,0.5,-0.029168710112571716,0.014999999664723873,1.0,100.0,0.0,0.5826165676116943
2378,44224,2,1432,2,OP3,FIXED_OPPONENT,train,SCRIPTED:OP3,1,3,2,1,22,0.1599999964237213,1,0,10,12.0,9.015199141068893,1.5,0.5,-0.020366765558719635,0.029999999329447746,1.0,100.0,-0.019999999552965164,0.5799540281295776
2379,44240,2,1434,2,OP3,FIXED_OPPONENT,train,SCRIPTED:OP3,0,3,3,0,19,0.19999998807907104,1,0,4,13.0,9.921540912828947,-0.699999988079071,0.0,-0.005035758018493652,0.0,0.0,0.0,0.0,-0.1544003039598465
2380,44280,2,1439,2,OP3,FIXED_OPPONENT,train,SCRIPTED:OP3,1,3,2,1,19,0.2800000011920929,1,0,0,12.0,13.819103040193257,1.5,0.4000000059604645,0.003554046154022217,0.014999999664723873,1.0,100.0,-0.019999999552965164,0.5651241540908813
2381,44304,2,1442,2,OP3,FIXED_OPPONENT,train,SCRIPTED:OP3,1,3,2,1,18,0.1599999964237213,1,0,2,11.0,9.052380032009548,1.5,0.5,-0.03542107343673706,0.029999999329447746,1.0,100.0,0.0,0.5827193260192871
2382,44304,2,1442,0,OP3,FIXED_OPPONENT,train,SCRIPTED:OP3,1,3,2,1,21,0.2800000011920929,1,0,4,14.0,8.978871663411459,1.5,0.5,0.01821593940258026,0.014999999664723873,1.0,100.0,0.0,0.5831726789474487
2383,44328,2,1445,2,OP3,FIXED_OPPONENT,train,SCRIPTED:OP3,1,3,2,1,17,0.23999999463558197,1,0,1,11.0,10.88334296731388,1.5,0.5,-0.011777058243751526,0.014999999664723873,1.0,100.0,0.0,0.5828207731246948
2384,44360,2,1449,2,OP3,FIXED_OPPONENT,train,SCRIPTED:OP3,0,3,3,0,21,0.2800000011920929,1,0,3,11.0,9.584559849330358,-0.699999988079071,0.0,0.001859322190284729,0.0,0.0,0.0,0.0,-0.1542806327342987
2385,44360,2,1449,2,OP3,FIXED_OPPONENT,train,SCRIPTED:OP3,0,3,3,0,21,0.35999998450279236,1,0,5,15.0,8.78084237234933,-0.699999988079071,0.0,-0.007218226790428162,0.0,0.0,0.0,-0.019999999552965164,-0.15877358615398407
2386,44376,2,1451,2,OP3,FIXED_OPPONENT,train,SCRIPTED:OP3,0,2,3,-1,19,0.23999999463558197,1,0,1,12.0,10.172798558285361,-1.2000000476837158,-0.5,-0.0014266818761825562,0.019999999552965164,-1.0,-100.0,0.0,-0.5368146300315857
2387,44400,2,1454,3,OP3,FIXED_OPPONENT,train,SCRIPTED:OP3,1,3,2,1,20,0.23999999463558197,1,0,0,14.0,12.045103454589844,1.5,0.5,-0.008132413029670715,0.029999999329447746,1.0,100.0,-0.03999999910593033,0.5771420001983643
2388,44424,2,1457,2,OP3,FIXED_OPPONENT,train,SCRIPTED:OP3,1,3,2,1,18,0.19999998807907104,1,0,0,11.0,9.962253994411892,1.5,0.0,0.007905006408691406,0.0,0.0,0.0,0.0,0.32163870334625244
2389,44440,2,1459,2,OP3,FIXED_OPPONENT,train,SCRIPTED:OP3,0,2,3,-1,17,0.23999999463558197,1,0,1,11.0,10.471658145680147,-1.2000000476837158,-0.4000000059604645,-0.006156444549560547,0.0,-1.0,-100.0,0.0,-0.5211281180381775
2390,44456,2,1461,0,OP3,FIXED_OPPONENT,train,SCRIPTED:OP3,1,3,2,1,16,0.3199999928474426,1,0,1,11.0,11.78726577758789,1.5,0.0,0.002551332116127014,0.0,0.0,0.0,-0.019999999552965164,0.3175627887248993
2391,44456,2,1461,2,OP3,FIXED_OPPONENT,train,SCRIPTED:OP3,0,2,3,-1,19,0.1599999964237213,1,0,1,12.0,10.094123438784951,-1.2000000476837158,-0.5,0.004208207130432129,0.019999999552965164,-1.0,-100.0,0.0,-0.5367433428764343
2392,44504,2,1467,1,OP3,FIXED_OPPONENT,train,SCRIPTED:OP3,0,2,3,-1,18,0.11999999731779099,1,0,0,11.0,11.28646511501736,-1.2000000476837158,0.0,-0.00010782480239868164,0.0,0.0,0.0,0.0,-0.2605222165584564
2393,44512,2,1468,3,OP3,FIXED_OPPONENT,train,SCRIPTED:OP3,1,3,2,1,19,0.3199999928474426,1,0,2,12.0,11.361200433028372,1.5,0.4000000059604645,-0.009267061948776245,0.029999999329447746,1.0,100.0,0.0,0.5681678056716919
2394,44528,2,1470,3,OP3,FIXED_OPPONENT,train,SCRIPTED:OP3,1,3,2,1,19,0.3199999928474426,1,0,1,12.0,10.541241294459292,1.5,0.5,-0.01909545063972473,0.029999999329447746,1.0,100.0,-0.019999999552965164,0.579969048500061
2395,44552,2,1473,2,OP3,FIXED_OPPONENT,train,SCRIPTED:OP3,0,2,3,-1,19,0.19999998807907104,1,0,1,12.0,9.056028667249178,-1.2000000476837158,-0.5,-0.0013326704502105713,0.019999999552965164,-1.0,-100.0,-0.019999999552965164,-0.5399695634841919
2396,44560,2,1474,1,OP3,FIXED_OPPONENT,train,SCRIPTED:OP3,1,3,2,1,15,0.1599999964237213,1,0,2,11.0,9.417842610677083,1.5,0.4000000059604645,-0.0018046796321868896,0.029999999329447746,1.0,100.0,0.0,0.5682575702667236
2397,44576,2,1476,0,OP3,FIXED_OPPONENT,train,SCRIPTED:OP3,1,3,2,1,19,0.19999998807907104,1,0,2,13.0,10.8031150416324,1.5,0.5,-0.006081491708755493,0.029999999329447746,1.0,100.0,0.0,0.5830636620521545
2398,44592,2,1478,1,OP3,FIXED_OPPONENT,train,SCRIPTED:OP3,1,3,2,1,17,0.1599999964237213,1,0,1,11.0,10.662691004136029,1.5,0.5,-0.009063392877578735,0.029999999329447746,1.0,100.0,0.0,0.5830286741256714
2399,44624,2,1482,1,OP3,FIXED_OPPONENT,train,SCRIPTED:OP3,1,3,2,1,21,0.11999999731779099,1,0,5,13.0,10.539669945126487,1.5,0.5,0.00675472617149353,0.029999999329447746,1.0,100.0,-0.019999999552965164,0.5802739858627319
2400,44640,2,1484,0,OP3,FIXED_OPPONENT,train,SCRIPTED:OP3,0,2,3,-1,17,0.1599999964237213,1,0,2,11.0,10.240853702320772,-1.2000000476837158,-0.4000000059604645,3.121793270111084e-05,0.019999999552965164,-1.0,-100.0,0.0,-0.5207889080047607
2401,44664,2,1487,2,OP3,FIXED_OPPONENT,train,SCRIPTED:OP3,1,3,2,1,17,0.1599999964237213,1,0,0,13.0,12.003064323874082,1.5,0.5,0.025729507207870483,0.014999999664723873,1.0,100.0,-0.019999999552965164,0.5803208351135254
2402,44664,2,1487,1,OP3,FIXED_OPPONENT,train,SCRIPTED:OP3,1,3,2,1,19,0.19999998807907104,1,0,0,12.0,12.316500212016859,1.5,0.5,0.012137725949287415,0.029999999329447746,1.0,100.0,0.0,0.5832774639129639
2403,44696,2,1491,3,OP3,FIXED_OPPONENT,train,SCRIPTED:OP3,1,3,1,2,18,0.2800000011920929,1,0,0,11.0,10.491538153754341,1.5,0.5,-0.03282374143600464,0.014999999664723873,1.0,100.0,0.0,0.582573652267456
2404,44704,2,1492,3,OP3,FIXED_OPPONENT,train,SCRIPTED:OP3,0,2,3,-1,18,0.19999998807907104,1,0,5,12.0,9.514642503526476,-1.2000000476837158,-0.5,-0.003067299723625183,0.019999999552965164,-1.0,-100.0,0.0,-0.5368354320526123
2405,44728,2,1495,3,OP3,FIXED_OPPONENT,train,SCRIPTED:OP3,1,3,2,1,19,0.2800000011920929,1,0,4,12.0,9.609294690583882,1.5,0.5,-0.01198403537273407,0.029999999329447746,1.0,100.0,0.0,0.5829944014549255
2406,44736,2,1496,2,OP3,FIXED_OPPONENT,train,SCRIPTED:OP3,0,2,3,-1,18,0.19999998807907104,0,1,4,11.0,9.734664916992188,-1.2000000476837158,-0.5,-0.009551435708999634,0.019999999552965164,-1.0,-100.0,0.0,-0.5369174480438232
2407,44792,2,1503,0,OP3,FIXED_OPPONENT,train,SCRIPTED:OP3,0,3,3,0,21,0.3199999928474426,1,0,1,14.0,9.78474862234933,-0.699999988079071,0.0,-0.0028800368309020996,0.0,0.0,0.0,0.0,-0.15436288714408875
2408,44792,2,1503,2,OP3,FIXED_OPPONENT,train,SCRIPTED:OP3,0,3,3,0,19,0.3999999761581421,1,0,3,12.0,10.908251310649671,-0.699999988079071,0.0,-0.009825795888900757,0.0,0.0,0.0,0.0,-0.15448342263698578
2409,44816,2,1506,0,OP3,FIXED_OPPONENT,train,SCRIPTED:OP3,1,3,2,1,19,0.23999999463558197,1,0,2,12.0,10.456763819644326,1.5,0.5,-0.014882281422615051,0.029999999329447746,1.0,100.0,0.0,0.5829603672027588
2410,44832,2,1508,2,OP3,FIXED_OPPONENT,train,SCRIPTED:OP3,0,2,3,-1,16,0.1599999964237213,1,0,0,11.0,10.699807167053223,-1.2000000476837158,-0.4000000059604645,-0.004594847559928894,0.019999999552965164,-1.0,-100.0,-0.019999999552965164,-0.5240800976753235
2411,44840,2,1509,2,OP3,FIXED_OPPONENT,train,SCRIPTED:OP3,0,3,3,0,22,0.19999998807907104,0,1,4,14.0,9.907052473588424,-0.699999988079071,0.0,0.008452638983726501,0.0,0.0,0.0,0.0,-0.15416620671749115
2412,44856,2,1511,3,OP3,FIXED_OPPONENT,train,SCRIPTED:OP3,1,3,2,1,20,0.19999998807907104,1,0,5,12.0,9.956251525878907,1.5,0.5,0.0031863003969192505,0.029999999329447746,1.0,100.0,-0.019999999552965164,0.5802319049835205
2413,44880,2,1514,3,OP3,FIXED_OPPONENT,train,SCRIPTED:OP3,1,3,2,1,19,0.2800000011920929,1,0,0,12.0,9.806248715049342,1.5,0.4000000059604645,0.00751902163028717,0.014999999664723873,1.0,100.0,0.0,0.5681893229484558
2414,44880,2,1514,2,OP3,FIXED_OPPONENT,train,SCRIPTED:OP3,0,2,3,-1,18,0.19999998807907104,1,0,7,11.0,9.898649427625868,-1.2000000476837158,-0.5,-0.003365159034729004,0.019999999552965164,-1.0,-100.0,0.0,-0.5368391871452332
2415,44936,2,1521,0,OP3,FIXED_OPPONENT,train,SCRIPTED:OP3,0,2,3,-1,18,0.1599999964237213,1,0,0,11.0,11.893883599175346,-1.2000000476837158,-0.5,0.002222597599029541,0.019999999552965164,-1.0,-100.0,0.0,-0.5367684364318848
2416,44944,2,1522,1,OP3,FIXED_OPPONENT,train,SCRIPTED:OP3,0,2,3,-1,19,0.19999998807907104,1,0,6,12.0,9.610285708778783,-1.2000000476837158,-0.5,-0.006864577531814575,0.019999999552965164,-1.0,-100.0,0.0,-0.5368834733963013
2417,44968,2,1525,0,OP3,FIXED_OPPONENT,train,SCRIPTED:OP3,0,3,3,0,19,0.1599999964237213,1,0,3,12.0,10.059235422234787,-0.699999988079071,0.0,0.008808299899101257,0.0,0.0,0.0,0.0,-0.1541600376367569
2418,44968,2,1525,1,OP3,FIXED_OPPONENT,train,SCRIPTED:OP3,1,3,2,1,17,0.3199999928474426,1,0,2,11.0,11.562515258789062,1.5,0.5,0.01967790722846985,0.014999999664723873,1.0,100.0,0.0,0.5831899046897888
2419,45000,2,1529,2,OP3,FIXED_OPPONENT,train,SCRIPTED:OP3,0,2,3,-1,20,0.1599999964237213,1,0,0,13.0,11.425716400146484,-1.2000000476837158,-0.5,0.003758758306503296,0.019999999552965164,-1.0,-100.0,-0.019999999552965164,-0.5399054288864136
2420,45000,2,1529,3,OP3,FIXED_OPPONENT,train,SCRIPTED:OP3,0,2,3,-1,18,0.19999998807907104,1,0,0,11.0,11.409398396809896,-1.2000000476837158,-0.5,0.009342983365058899,0.019999999552965164,-1.0,-100.0,0.0,-0.5366783738136292
2421,45024,2,1532,0,OP3,FIXED_OPPONENT,train,SCRIPTED:OP3,1,3,2,1,18,0.2800000011920929,1,0,5,11.0,10.672913445366753,1.5,0.5,-0.03650344908237457,0.029999999329447746,1.0,100.0,0.0,0.5827065706253052
2422,45032,2,1533,3,OP3,FIXED_OPPONENT,train,SCRIPTED:OP3,1,3,2,1,19,0.1599999964237213,1,0,2,12.0,11.088246395713405,1.5,0.4000000059604645,-0.007088787853717804,0.029999999329447746,1.0,100.0,0.0,0.5681940317153931
2423,45080,2,1539,2,OP3,FIXED_OPPONENT,train,SCRIPTED:OP3,0,2,3,-1,18,0.1599999964237213,1,0,0,11.0,12.22135755750868,-1.2000000476837158,0.0,0.006863191723823547,0.0,0.0,0.0,0.0,-0.2604067027568817
2424,45096,2,1541,3,OP3,FIXED_OPPONENT,train,SCRIPTED:OP3,0,3,3,0,19,0.19999998807907104,1,0,2,11.0,10.51205765573602,-0.699999988079071,0.0,0.001959696412086487,0.0,0.0,0.0,0.0,-0.15427890419960022
2425,45112,2,1543,0,OP3,FIXED_OPPONENT,train,SCRIPTED:OP3,1,3,2,1,18,0.23999999463558197,1,0,2,11.0,10.2022705078125,1.5,0.4000000059604645,-0.009338587522506714,0.029999999329447746,1.0,100.0,0.0,0.5681669116020203
2426,45128,2,1545,3,OP3,FIXED_OPPONENT,train,SCRIPTED:OP3,1,3,2,1,20,0.35999998450279236,1,0,2,12.0,9.982221221923828,1.5,0.5,-0.034411922097206116,0.014999999664723873,1.0,100.0,-0.019999999552965164,0.5796113014221191
2427,45144,2,1547,2,OP3,FIXED_OPPONENT,train,SCRIPTED:OP3,1,3,2,1,18,0.11999999731779099,1,0,0,12.0,9.972383287217882,1.5,0.5,-0.03795801103115082,0.029999999329447746,1.0,100.0,0.0,0.5826895236968994
2428,45160,2,1549,2,OP3,FIXED_OPPONENT,train,SCRIPTED:OP3,1,3,2,1,20,0.19999998807907104,1,0,5,14.0,9.589247131347657,1.5,0.5,-0.015426993370056152,0.029999999329447746,1.0,100.0,0.0,0.5829540491104126
2429,45168,2,1550,2,OP3,FIXED_OPPONENT,train,SCRIPTED:OP3,1,3,2,1,17,0.2800000011920929,1,0,0,11.0,10.051055010627298,1.5,0.4000000059604645,0.006872251629829407,0.014999999664723873,1.0,100.0,0.0,0.5681815147399902
2430,45184,2,1552,1,OP3,FIXED_OPPONENT,train,SCRIPTED:OP3,0,2,3,-1,20,0.1599999964237213,1,0,3,12.0,10.4322509765625,-1.2000000476837158,-0.5,0.005615845322608948,0.019999999552965164,-1.0,-100.0,-0.019999999552965164,-0.5398820042610168
2431,45224,2,1557,2,OP3,FIXED_OPPONENT,train,SCRIPTED:OP3,0,2,3,-1,18,0.23999999463558197,1,0,1,11.0,10.353407118055555,-1.2000000476837158,-0.5,-0.014919251203536987,0.0,-1.0,-100.0,-0.019999999552965164,-0.5403923988342285
2432,45248,2,1560,1,OP3,FIXED_OPPONENT,train,SCRIPTED:OP3,0,3,3,0,19,0.1599999964237213,1,0,3,12.0,10.686526649876646,-0.699999988079071,0.0,-0.004138454794883728,0.0,0.0,0.0,-0.019999999552965164,-0.1587202399969101
2433,45256,2,1561,1,OP3,FIXED_OPPONENT,train,SCRIPTED:OP3,1,3,2,1,18,0.2800000011920929,1,0,2,11.0,10.191705491807726,1.5,0.0,-0.010352090001106262,0.0,0.0,0.0,0.0,0.3213476836681366
2434,45296,2,1566,0,OP3,FIXED_OPPONENT,train,SCRIPTED:OP3,0,2,3,-1,21,0.23999999463558197,1,0,1,11.0,11.466237386067709,-1.2000000476837158,-0.5,0.013387367129325867,0.0,-1.0,-100.0,-0.019999999552965164,-0.5400360226631165
2435,45296,2,1566,0,OP3,FIXED_OPPONENT,train,SCRIPTED:OP3,0,3,3,0,19,0.23999999463558197,1,0,2,12.0,10.465944792094984,-0.699999988079071,0.0,-0.010286524891853333,0.0,0.0,0.0,-0.019999999552965164,-0.1588267683982849
2436,45304,2,1567,3,OP3,FIXED_OPPONENT,train,SCRIPTED:OP3,0,2,3,-1,18,0.3199999928474426,1,0,0,11.0,11.284311930338541,-1.2000000476837158,-0.4000000059604645,-0.010127931833267212,0.019999999552965164,-1.0,-100.0,-0.019999999552965164,-0.5241514444351196
2437,45320,2,1569,2,OP3,FIXED_OPPONENT,train,SCRIPTED:OP3,0,2,3,-1,19,0.19999998807907104,1,0,4,11.0,10.670439870733963,-1.2000000476837158,-0.5,0.000463142991065979,0.019999999552965164,-1.0,-100.0,0.0,-0.5367907285690308
2438,45320,2,1569,0,OP3,FIXED_OPPONENT,train,SCRIPTED:OP3,1,3,2,1,17,0.11999999731779099,1,0,0,11.0,11.21351982565487,1.5,0.0,0.008415162563323975,0.0,0.0,0.0,0.0,0.3216468095779419
2439,45376,2,1576,3,OP3,FIXED_OPPONENT,train,SCRIPTED:OP3,0,2,3,-1,19,0.3199999928474426,1,0,2,11.0,10.371980365953947,-1.2000000476837158,-0.5,-0.013750702142715454,0.0,-1.0,-100.0,-0.019999999552965164,-0.5403777360916138
2440,45376,2,1576,0,OP3,FIXED_OPPONENT,train,SCRIPTED:OP3,1,3,2,1,16,0.11999999731779099,1,0,0,12.0,11.758230209350586,1.5,0.0,-0.009076610207557678,0.0,0.0,0.0,-0.019999999552965164,0.31737691164016724
2441,45392,2,1578,3,OP3,FIXED_OPPONENT,train,SCRIPTED:OP3,0,2,3,-1,17,0.3199999928474426,1,0,2,11.0,10.548434986787683,-1.2000000476837158,-0.4000000059604645,-0.004139885306358337,0.019999999552965164,-1.0,-100.0,0.0,-0.5208429098129272
2442,45440,2,1584,3,OP3,FIXED_OPPONENT,train,SCRIPTED:OP3,1,3,2,1,18,0.2800000011920929,1,0,0,11.0,10.878023783365885,1.5,0.4000000059604645,-0.004893757402896881,0.029999999329447746,1.0,100.0,0.0,0.5682204365730286
2443,45440,2,1584,2,OP3,FIXED_OPPONENT,train,SCRIPTED:OP3,1,3,2,1,17,0.19999998807907104,1,0,4,11.0,8.891300874597887,1.5,0.0,-0.00807797908782959,0.0,0.0,0.0,0.0,0.32138392329216003
2444,45448,2,1585,3,OP3,FIXED_OPPONENT,train,SCRIPTED:OP3,1,3,1,2,16,0.19999998807907104,1,0,0,12.0,12.3908052444458,1.5,0.4000000059604645,0.0001587793231010437,0.029999999329447746,1.0,100.0,-0.019999999552965164,0.5652644634246826
2445,45448,2,1585,2,OP3,FIXED_OPPONENT,train,SCRIPTED:OP3,1,3,2,1,19,0.19999998807907104,1,0,3,12.0,10.052956028988486,1.5,0.5,-0.01883798837661743,0.014999999664723873,1.0,100.0,0.0,0.5827378630638123
2446,45464,2,1587,2,OP3,FIXED_OPPONENT,train,SCRIPTED:OP3,0,2,3,-1,18,0.35999998450279236,1,0,2,11.0,10.664281209309896,-1.2000000476837158,-0.5,-0.01266065239906311,0.0,-1.0,-100.0,-0.019999999552965164,-0.5403639078140259
2447,45520,2,1594,1,OP3,FIXED_OPPONENT,train,SCRIPTED:OP3,1,3,1,2,18,0.23999999463558197,1,0,1,11.0,9.978129069010416,1.5,0.5,-0.02922886610031128,0.029999999329447746,1.0,100.0,0.0,0.5827919840812683
2448,45528,2,1595,0,OP3,FIXED_OPPONENT,train,SCRIPTED:OP3,0,1,3,-2,19,0.19999998807907104,1,0,3,12.0,10.267160516036185,-1.2000000476837158,-0.5,-0.009858652949333191,0.019999999552965164,-1.0,-100.0,-0.03999999910593033,-0.5432174205780029
2449,45544,2,1597,0,OP3,FIXED_OPPONENT,train,SCRIPTED:OP3,0,3,3,0,19,0.2800000011920929,1,0,8,12.0,9.06657489977385,-0.699999988079071,0.0,0.006156072020530701,0.0,0.0,0.0,0.0,-0.1542060673236847
2450,45576,2,1601,3,OP3,FIXED_OPPONENT,train,SCRIPTED:OP3,0,2,3,-1,16,0.23999999463558197,1,0,0,11.0,10.147010803222656,-1.2000000476837158,0.0,-0.009213477373123169,0.0,0.0,0.0,0.0,-0.2606731057167053
2451,45592,2,1603,2,OP3,FIXED_OPPONENT,train,SCRIPTED:OP3,1,3,2,1,18,0.23999999463558197,1,0,0,12.0,11.976708306206596,1.5,0.4000000059604645,-0.006329275667667389,0.029999999329447746,1.0,100.0,0.0,0.5682031512260437
2452,45600,2,1604,2,OP3,FIXED_OPPONENT,train,SCRIPTED:OP3,1,3,2,1,20,0.23999999463558197,1,0,0,13.0,12.521067810058593,1.5,0.5,-0.009548082947731018,0.029999999329447746,1.0,100.0,-0.019999999552965164,0.5800817012786865
2453,45608,2,1605,3,OP3,FIXED_OPPONENT,train,SCRIPTED:OP3,0,2,3,-1,21,0.19999998807907104,1,0,6,12.0,9.594278971354166,-1.2000000476837158,-0.5,0.004821106791496277,0.019999999552965164,-1.0,-100.0,-0.019999999552965164,-0.5398920178413391
2454,45624,2,1607,3,OP3,FIXED_OPPONENT,train,SCRIPTED:OP3,0,2,3,-1,20,0.23999999463558197,1,0,4,14.0,9.824843597412109,-1.2000000476837158,-0.5,0.00494934618473053,0.019999999552965164,-1.0,-100.0,-0.019999999552965164,-0.5398904085159302
2455,45672,2,1613,1,OP3,FIXED_OPPONENT,train,SCRIPTED:OP3,0,3,3,0,18,0.23999999463558197,1,0,1,11.0,11.049780103895399,-0.699999988079071,0.5,-0.0033953040838241577,0.0,1.0,100.0,0.0,0.17586979269981384
2456,45680,2,1614,3,OP3,FIXED_OPPONENT,train,SCRIPTED:OP3,1,3,2,1,20,0.2800000011920929,1,0,1,14.0,9.757066345214843,1.5,0.5,-0.013231262564659119,0.02499999850988388,1.0,100.0,0.0,0.5829210877418518
2457,45712,2,1618,2,OP3,FIXED_OPPONENT,train,SCRIPTED:OP3,0,2,3,-1,21,0.11999999731779099,1,0,0,13.0,11.799346923828125,-1.2000000476837158,-0.5,0.003394216299057007,0.019999999552965164,-1.0,-100.0,-0.019999999552965164,-0.5399099588394165
2458,45720,2,1619,2,OP3,FIXED_OPPONENT,train,SCRIPTED:OP3,1,3,2,1,18,0.19999998807907104,1,0,1,13.0,10.701822068956163,1.5,0.5,0.00781463086605072,0.029999999329447746,1.0,100.0,-0.019999999552965164,0.5802865028381348
2459,45728,2,1620,2,OP3,FIXED_OPPONENT,train,SCRIPTED:OP3,1,3,1,2,17,0.11999999731779099,1,0,4,12.0,11.213521620806526,1.5,0.5,0.02058625966310501,0.029999999329447746,1.0,100.0,-0.019999999552965164,0.5804370045661926
2460,45744,2,1622,3,OP3,FIXED_OPPONENT,train,SCRIPTED:OP3,0,2,3,-1,18,0.1599999964237213,1,0,0,11.0,11.747068617078993,-1.2000000476837158,-0.5,0.0005465149879455566,0.019999999552965164,-1.0,-100.0,-0.019999999552965164,-0.5399458408355713
2461,45768,2,1625,1,OP3,FIXED_OPPONENT,train,SCRIPTED:OP3,0,2,3,-1,20,0.23999999463558197,1,0,2,11.0,10.239211273193359,-1.2000000476837158,0.0,0.0006932914257049561,0.019999999552965164,0.0,0.0,-0.019999999552965164,-0.26431629061698914
2462,45776,2,1626,1,OP3,FIXED_OPPONENT,train,SCRIPTED:OP3,0,2,3,-1,19,0.1599999964237213,1,0,0,12.0,12.282570286800986,-1.2000000476837158,-0.5,0.015449166297912598,0.019999999552965164,-1.0,-100.0,0.0,-0.5366010665893555
2463,45832,2,1633,0,OP3,FIXED_OPPONENT,train,SCRIPTED:OP3,1,3,2,1,19,0.19999998807907104,1,0,4,12.0,10.835731104800576,1.5,0.5,-0.01971375197172165,0.029999999329447746,1.0,100.0,-0.019999999552965164,0.5799617767333984
2464,45840,2,1634,2,OP3,FIXED_OPPONENT,train,SCRIPTED:OP3,0,2,3,-1,21,0.19999998807907104,1,0,6,12.0,10.203616914295015,-1.2000000476837158,-0.5,0.010335192084312439,0.019999999552965164,-1.0,-100.0,0.0,-0.5366657972335815
2465,45856,2,1636,3,OP3,FIXED_OPPONENT,train,SCRIPTED:OP3,1,3,2,1,18,0.23999999463558197,1,0,0,14.0,10.461875915527344,1.5,0.4000000059604645,-0.008588209748268127,0.029999999329447746,1.0,100.0,-0.019999999552965164,0.5651587247848511
2466,45872,2,1638,0,OP3,FIXED_OPPONENT,train,SCRIPTED:OP3,0,2,3,-1,19,0.23999999463558197,1,0,5,12.0,10.770322297748766,-1.2000000476837158,-0.4000000059604645,-0.008629724383354187,0.019999999552965164,-1.0,-100.0,-0.019999999552965164,-0.5241321325302124
2467,45880,2,1639,3,OP3,FIXED_OPPONENT,train,SCRIPTED:OP3,0,2,3,-1,19,0.2800000011920929,1,0,3,12.0,8.910835667660361,-1.2000000476837158,-0.5,-0.0004833489656448364,0.019999999552965164,-1.0,-100.0,-0.019999999552965164,-0.5399588346481323
2468,45896,2,1641,0,OP3,FIXED_OPPONENT,train,SCRIPTED:OP3,1,3,2,1,19,0.23999999463558197,1,0,3,12.0,10.532415289627878,1.5,1.0,-0.006403818726539612,0.029999999329447746,2.0,200.0,0.0,0.7617702484130859
2469,45912,2,1643,2,OP3,FIXED_OPPONENT,train,SCRIPTED:OP3,1,3,2,1,18,0.3199999928474426,1,0,0,11.0,11.140357123480904,1.5,0.5,0.0058689117431640625,0.029999999329447746,1.0,100.0,0.0,0.583203911781311
2470,45928,2,1645,1,OP3,FIXED_OPPONENT,train,SCRIPTED:OP3,0,2,3,-1,19,0.19999998807907104,1,0,3,12.0,11.468238429019326,-1.2000000476837158,0.0,0.012463733553886414,0.019999999552965164,0.0,0.0,0.0,-0.2599824070930481
2471,45984,2,1652,3,OP3,FIXED_OPPONENT,train,SCRIPTED:OP3,1,3,2,1,19,0.19999998807907104,1,0,2,12.0,10.857507806075247,1.5,0.5,-0.002786673605442047,0.029999999329447746,1.0,100.0,0.0,0.5831023454666138
2472,45992,2,1653,1,OP3,FIXED_OPPONENT,train,SCRIPTED:OP3,0,2,3,-1,19,0.1599999964237213,1,0,0,12.0,11.699450041118421,-1.2000000476837158,-0.5,0.01250322163105011,0.019999999552965164,-1.0,-100.0,-0.019999999552965164,-0.5397952198982239
2473,46000,2,1654,1,OP3,FIXED_OPPONENT,train,SCRIPTED:OP3,1,3,2,1,18,0.19999998807907104,1,0,3,11.0,10.225128173828125,1.5,0.5,0.0009492933750152588,0.029999999329447746,1.0,100.0,0.0,0.5831462144851685
2474,46016,2,1656,0,OP3,FIXED_OPPONENT,train,SCRIPTED:OP3,1,3,2,1,17,0.19999998807907104,1,0,3,11.0,10.957348094267005,1.5,0.0,-0.00618058443069458,0.0,0.0,0.0,0.0,0.32141417264938354
2475,46024,2,1657,0,OP3,FIXED_OPPONENT,train,SCRIPTED:OP3,1,3,2,1,19,0.19999998807907104,1,0,1,12.0,9.502485576428866,1.5,0.5,-0.032766759395599365,0.014999999664723873,1.0,100.0,0.0,0.5825743079185486
2476,46040,2,1659,3,OP3,FIXED_OPPONENT,train,SCRIPTED:OP3,0,3,3,0,18,0.2800000011920929,1,0,2,11.0,11.391328599717882,-0.699999988079071,0.0,-0.0058989375829696655,0.0,0.0,0.0,0.0,-0.15441526472568512
2477,46056,2,1661,0,OP3,FIXED_OPPONENT,train,SCRIPTED:OP3,1,3,2,1,18,0.35999998450279236,1,0,0,11.0,9.236118740505642,1.5,0.0,-0.01033388078212738,0.0,0.0,0.0,0.0,0.3213479518890381
2478,46072,2,1663,1,OP3,FIXED_OPPONENT,train,SCRIPTED:OP3,0,2,3,-1,18,0.19999998807907104,1,0,1,11.0,10.479992336697048,-1.2000000476837158,-0.5,0.00452035665512085,0.0,-1.0,-100.0,0.0,-0.5369924306869507
2479,46128,2,1670,0,OP3,FIXED_OPPONENT,train,SCRIPTED:OP3,1,3,2,1,17,0.23999999463558197,1,0,3,11.0,9.689599429859834,1.5,0.4000000059604645,0.0082913339138031,0.029999999329447746,1.0,100.0,0.0,0.5683791637420654
2480,46136,2,1671,0,OP3,FIXED_OPPONENT,train,SCRIPTED:OP3,0,2,3,-1,19,0.2800000011920929,1,0,1,12.0,10.012292159231086,-1.2000000476837158,-0.5,0.006748616695404053,0.019999999552965164,-1.0,-100.0,0.0,-0.5367112159729004
2481,46136,2,1671,1,OP3,FIXED_OPPONENT,train,SCRIPTED:OP3,1,3,1,2,17,0.2800000011920929,1,0,1,11.0,9.795180376838236,1.5,0.5,-0.025165647268295288,0.014999999664723873,1.0,100.0,0.0,0.5826636552810669
2482,46160,2,1674,2,OP3,FIXED_OPPONENT,train,SCRIPTED:OP3,1,3,2,1,18,0.2800000011920929,1,0,1,11.0,10.239144219292534,1.5,0.5,-0.00590486079454422,0.029999999329447746,1.0,100.0,0.0,0.5830656886100769
2483,46176,2,1676,3,OP3,FIXED_OPPONENT,train,SCRIPTED:OP3,0,2,3,-1,19,0.19999998807907104,1,0,1,12.0,10.493003443667764,-1.2000000476837158,-0.5,0.009492963552474976,0.019999999552965164,-1.0,-100.0,0.0,-0.5366764664649963
2484,46200,2,1679,0,OP3,FIXED_OPPONENT,train,SCRIPTED:OP3,1,3,2,1,18,0.23999999463558197,1,0,3,12.0,10.00430636935764,1.5,0.4000000059604645,-0.006730437278747559,0.014999999664723873,1.0,100.0,0.0,0.5680177211761475
2485,46200,2,1679,1,OP3,FIXED_OPPONENT,train,SCRIPTED:OP3,1,3,2,1,20,0.1599999964237213,1,0,3,13.0,9.564573669433594,1.5,0.5,-0.027916476130485535,0.029999999329447746,1.0,100.0,-0.019999999552965164,0.579865038394928
2486,46216,2,1681,3,OP3,FIXED_OPPONENT,train,SCRIPTED:OP3,0,3,3,0,18,0.23999999463558197,1,0,1,11.0,11.87452867296007,-0.699999988079071,0.0,-0.0016660243272781372,0.0,0.0,0.0,0.0,-0.15434181690216064
2487,46264,2,1687,0,OP3,FIXED_OPPONENT,train,SCRIPTED:OP3,0,2,3,-1,17,0.23999999463558197,1,0,3,11.0,10.115292717428769,-1.2000000476837158,0.0,0.007692500948905945,0.0,0.0,0.0,0.0,-0.2603929936885834
2488,46288,2,1690,1,OP3,FIXED_OPPONENT,train,SCRIPTED:OP3,0,1,3,-2,19,0.1599999964237213,1,0,6,12.0,10.239720394736842,-1.2000000476837158,-0.5,0.011047720909118652,0.019999999552965164,-1.0,-100.0,-0.03999999910593033,-0.5429553985595703
2489,46296,2,1691,3,OP3,FIXED_OPPONENT,train,SCRIPTED:OP3,1,3,2,1,20,0.23999999463558197,0,1,1,12.0,11.007608032226562,1.5,0.5,-0.004719167947769165,0.029999999329447746,1.0,100.0,-0.019999999552965164,0.5801386833190918
2490,46320,2,1694,1,OP3,FIXED_OPPONENT,train,SCRIPTED:OP3,0,2,3,-1,18,0.19999998807907104,1,0,1,11.0,11.044376797146267,-1.2000000476837158,-0.4000000059604645,-0.008739173412322998,0.019999999552965164,-1.0,-100.0,-0.019999999552965164,-0.5241335034370422
2491,46320,2,1694,0,OP3,FIXED_OPPONENT,train,SCRIPTED:OP3,1,3,2,1,20,0.2800000011920929,1,0,1,13.0,10.338885498046874,1.5,0.5,-0.018740013241767883,0.029999999329447746,1.0,100.0,0.0,0.5829151272773743
2492,46344,2,1697,0,OP3,FIXED_OPPONENT,train,SCRIPTED:OP3,1,3,2,1,16,0.19999998807907104,1,0,1,11.0,10.693819046020508,1.5,0.4000000059604645,0.0021132230758666992,0.029999999329447746,1.0,100.0,-0.03999999910593033,0.5622563362121582
2493,46344,2,1697,1,OP3,FIXED_OPPONENT,train,SCRIPTED:OP3,0,2,3,-1,18,0.1599999964237213,1,0,1,11.0,11.228203667534721,-1.2000000476837158,-0.5,-0.0050474852323532104,0.019999999552965164,-1.0,-100.0,0.0,-0.536860466003418
2494,46352,2,1698,3,OP3,FIXED_OPPONENT,train,SCRIPTED:OP3,0,2,3,-1,19,0.11999999731779099,1,0,4,12.0,10.163177490234375,-1.2000000476837158,-0.5,0.005834415555000305,0.019999999552965164,-1.0,-100.0,0.0,-0.536722719669342
2495,46408,2,1705,1,OP3,FIXED_OPPONENT,train,SCRIPTED:OP3,1,3,2,1,18,0.19999998807907104,1,0,0,11.0,11.411538865831163,1.5,0.4000000059604645,-0.009181901812553406,0.029999999329447746,1.0,100.0,0.0,0.5681687593460083
2496,46440,2,1709,1,OP3,FIXED_OPPONENT,train,SCRIPTED:OP3,0,3,3,0,19,0.19999998807907104,1,0,2,12.0,10.531281320672287,-0.699999988079071,0.0,0.002229347825050354,0.0,0.0,0.0,0.0,-0.15427421033382416
2497,46440,2,1709,1,OP3,FIXED_OPPONENT,train,SCRIPTED:OP3,0,2,3,-1,18,0.3199999928474426,1,0,4,12.0,10.274735344780815,-1.2000000476837158,-0.4000000059604645,-0.002055823802947998,0.019999999552965164,-1.0,-100.0,0.0,-0.5208159685134888
2498,46472,2,1713,2,OP3,FIXED_OPPONENT,train,SCRIPTED:OP3,0,2,3,-1,19,0.2800000011920929,1,0,0,11.0,10.870956420898438,-1.2000000476837158,-0.5,0.015166893601417542,0.019999999552965164,-1.0,-100.0,0.0,-0.536604642868042
2499,46488,2,1715,2,OP3,FIXED_OPPONENT,train,SCRIPTED:OP3,0,2,3,-1,17,0.2800000011920929,1,0,2,11.0,11.545270134420957,-1.2000000476837158,-0.4000000059604645,0.001747623085975647,0.019999999552965164,-1.0,-100.0,0.0,-0.5207666158676147
2500,46488,2,1715,1,OP3,FIXED_OPPONENT,train,SCRIPTED:OP3,0,2,3,-1,18,0.2800000011920929,1,0,4,11.0,10.487475077311197,-1.2000000476837158,-0.5,0.008566796779632568,0.0,-1.0,-100.0,0.0,-0.5369412302970886
2501,46488,2,1715,1,OP3,FIXED_OPPONENT,train,SCRIPTED:OP3,0,2,3,-1,21,0.11999999731779099,1,0,4,14.0,9.737775530133929,-1.2000000476837158,-0.4000000059604645,-0.00870715081691742,0.019999999552965164,-1.0,-100.0,0.0,-0.5209020972251892
2502,46512,2,1718,3,OP3,FIXED_OPPONENT,train,SCRIPTED:OP3,1,3,2,1,21,0.19999998807907104,1,0,3,14.0,10.451013474237351,1.5,0.5,-0.01233460009098053,0.029999999329447746,1.0,100.0,0.0,0.5829903483390808
2503,46544,2,1722,2,OP3,FIXED_OPPONENT,train,SCRIPTED:OP3,0,2,3,-1,17,0.1599999964237213,1,0,0,11.0,11.071836583754596,-1.2000000476837158,-0.5,0.003060564398765564,0.019999999552965164,-1.0,-100.0,0.0,-0.5367578864097595
2504,46576,2,1726,3,OP3,FIXED_OPPONENT,train,SCRIPTED:OP3,1,3,1,2,17,0.23999999463558197,1,0,0,12.0,11.392248714671416,1.5,0.5,0.000340387225151062,0.029999999329447746,1.0,100.0,0.0,0.5831390619277954
2505,46584,2,1727,3,OP3,FIXED_OPPONENT,train,SCRIPTED:OP3,1,3,2,1,18,0.11999999731779099,1,0,0,11.0,12.259312099880642,1.5,0.4000000059604645,-0.001058034598827362,0.029999999329447746,1.0,100.0,0.0,0.5682665705680847
2506,46632,2,1733,0,OP3,FIXED_OPPONENT,train,SCRIPTED:OP3,0,2,3,-1,18,0.1599999964237213,1,0,0,11.0,10.58178456624349,-1.2000000476837158,-0.5,0.008271828293800354,0.0,-1.0,-100.0,-0.019999999552965164,-0.5401004552841187
2507,46632,2,1733,0,OP3,FIXED_OPPONENT,train,SCRIPTED:OP3,1,3,2,1,18,0.2800000011920929,1,0,0,11.0,12.459025065104166,1.5,0.5,-0.013485558331012726,0.029999999329447746,0.0,0.0,0.0,0.4175640940666199
2508,46632,2,1733,0,OP3,FIXED_OPPONENT,train,SCRIPTED:OP3,1,3,1,2,18,0.23999999463558197,1,0,1,13.0,11.129332648383247,1.5,0.5,-0.020522788166999817,0.014999999664723873,1.0,100.0,0.0,0.5827181339263916
2509,46640,2,1734,3,OP3,FIXED_OPPONENT,train,SCRIPTED:OP3,0,2,3,-1,21,0.2800000011920929,1,0,4,11.0,9.59343029203869,-1.2000000476837158,-0.5,0.01564900577068329,0.0,-1.0,-100.0,-0.019999999552965164,-0.5400075912475586
2510,46656,2,1736,1,OP3,FIXED_OPPONENT,train,SCRIPTED:OP3,0,2,3,-1,18,0.19999998807907104,1,0,5,11.0,10.003874037000868,-1.2000000476837158,-0.5,-0.001765817403793335,0.019999999552965164,-1.0,-100.0,0.0,-0.5368189215660095
2511,46696,2,1741,3,OP3,FIXED_OPPONENT,train,SCRIPTED:OP3,0,2,3,-1,19,0.2800000011920929,1,0,1,12.0,11.288624010587993,-1.2000000476837158,-0.5,0.0005405992269515991,0.0,-1.0,-100.0,0.0,-0.5370428562164307
2512,46736,2,1746,0,OP3,FIXED_OPPONENT,train,SCRIPTED:OP3,1,3,2,1,20,0.1599999964237213,1,0,4,12.0,10.067180633544922,1.5,0.5,-0.009904533624649048,0.029999999329447746,1.0,100.0,-0.019999999552965164,0.5800775289535522
2513,46736,2,1746,1,OP3,FIXED_OPPONENT,train,SCRIPTED:OP3,1,3,2,1,19,0.19999998807907104,1,0,1,12.0,9.01177336040296,1.5,0.0,-0.010214805603027344,0.0,0.0,0.0,0.0,0.3213498592376709
2514,46752,2,1748,2,OP3,FIXED_OPPONENT,train,SCRIPTED:OP3,1,3,1,2,15,0.23999999463558197,1,0,1,11.0,12.1827880859375,1.5,0.0,-0.005465328693389893,0.0,0.0,0.0,-0.019999999552965164,0.3174346387386322
2515,46760,2,1749,0,OP3,FIXED_OPPONENT,train,SCRIPTED:OP3,0,2,3,-1,16,0.23999999463558197,1,0,0,12.0,11.050896644592285,-1.2000000476837158,-0.5,-0.011071115732192993,0.0,-1.0,-100.0,-0.03999999910593033,-0.5434832572937012
2516,46768,2,1750,3,OP3,FIXED_OPPONENT,train,SCRIPTED:OP3,0,3,3,0,17,0.35999998450279236,1,0,4,11.0,10.22692242790671,-0.699999988079071,0.0,-0.010356783866882324,0.0,0.0,0.0,0.0,-0.15449263155460358
2517,46768,2,1750,2,OP3,FIXED_OPPONENT,train,SCRIPTED:OP3,1,3,1,2,16,0.1599999964237213,1,0,2,12.0,10.411656379699707,1.5,0.4000000059604645,-0.009639710187911987,0.029999999329447746,1.0,100.0,-0.019999999552965164,0.5651460289955139
2518,46800,2,1754,1,OP3,FIXED_OPPONENT,train,SCRIPTED:OP3,1,3,2,1,18,0.3199999928474426,1,0,2,11.0,9.964659796820747,1.5,0.4000000059604645,-0.007977649569511414,0.014999999664723873,1.0,100.0,0.0,0.5680027008056641
2519,46848,2,1760,3,OP3,FIXED_OPPONENT,train,SCRIPTED:OP3,1,3,2,1,19,0.2800000011920929,1,0,5,12.0,10.229760420949836,1.5,1.0,0.0012286007404327393,0.029999999329447746,2.0,200.0,0.0,0.7618272304534912
2520,46888,2,1765,3,OP3,FIXED_OPPONENT,train,SCRIPTED:OP3,1,3,2,1,17,0.19999998807907104,1,0,1,11.0,11.948861514820772,1.5,0.4000000059604645,0.004664257168769836,0.029999999329447746,1.0,100.0,0.0,0.5683355331420898
2521,46888,2,1765,1,OP3,FIXED_OPPONENT,train,SCRIPTED:OP3,0,3,3,0,19,0.11999999731779099,1,0,6,12.0,11.302960847553454,-0.699999988079071,0.0,-0.0007623583078384399,0.0,0.0,0.0,0.0,-0.15432612597942352
2522,46904,2,1767,1,OP3,FIXED_OPPONENT,train,SCRIPTED:OP3,0,2,3,-1,21,0.23999999463558197,1,0,7,14.0,10.379327683221726,-1.2000000476837158,-0.5,0.011568576097488403,0.019999999552965164,-1.0,-100.0,-0.019999999552965164,-0.5398069620132446
2523,46912,2,1768,0,OP3,FIXED_OPPONENT,train,SCRIPTED:OP3,1,3,2,1,19,0.23999999463558197,1,0,1,12.0,10.759882876747533,1.5,0.5,0.0030586421489715576,0.029999999329447746,1.0,100.0,0.0,0.5831708908081055
2524,46912,2,1768,0,OP3,FIXED_OPPONENT,train,SCRIPTED:OP3,1,3,2,1,18,0.19999998807907104,1,0,0,11.0,11.026502821180555,1.5,0.5,-0.011601418256759644,0.029999999329447746,1.0,100.0,0.0,0.5829989910125732
2525,46936,2,1771,2,OP3,FIXED_OPPONENT,train,SCRIPTED:OP3,0,3,3,0,21,0.2800000011920929,1,0,4,14.0,10.763110932849703,-0.699999988079071,0.0,-0.007848098874092102,0.0,0.0,0.0,0.0,-0.15444910526275635
2526,46936,2,1771,2,OP3,FIXED_OPPONENT,train,SCRIPTED:OP3,1,3,1,2,17,0.11999999731779099,1,0,1,12.0,10.542392506318933,1.5,0.4000000059604645,0.008283615112304688,0.029999999329447746,1.0,100.0,0.0,0.5683790445327759
2527,46976,2,1776,1,OP3,FIXED_OPPONENT,train,SCRIPTED:OP3,1,3,2,1,16,0.11999999731779099,1,0,0,11.0,11.20969295501709,1.5,0.5,-0.00424504280090332,0.029999999329447746,1.0,100.0,0.0,0.583085298538208
2528,47032,2,1783,3,OP3,FIXED_OPPONENT,train,SCRIPTED:OP3,1,3,2,1,18,0.23999999463558197,1,0,0,11.0,11.387171427408854,1.5,0.4000000059604645,0.00831758975982666,0.029999999329447746,1.0,100.0,0.0,0.5683794617652893
2529,47048,2,1785,2,OP3,FIXED_OPPONENT,train,SCRIPTED:OP3,0,2,3,-1,18,0.19999998807907104,1,0,4,11.0,10.612101236979166,-1.2000000476837158,-0.4000000059604645,-0.010569840669631958,0.0,-1.0,-100.0,0.0,-0.5211852192878723
2530,47056,2,1786,3,OP3,FIXED_OPPONENT,train,SCRIPTED:OP3,0,2,3,-1,21,0.23999999463558197,1,0,6,14.0,10.190580822172619,-1.2000000476837158,-0.5,0.010905936360359192,0.019999999552965164,-1.0,-100.0,0.0,-0.536658525466919
2531,47064,2,1787,3,OP3,FIXED_OPPONENT,train,SCRIPTED:OP3,1,3,2,1,19,0.23999999463558197,1,0,3,12.0,10.586490028782896,1.5,0.5,-0.014255069196224213,0.029999999329447746,1.0,100.0,0.0,0.5829677581787109
2532,47064,2,1787,3,OP3,FIXED_OPPONENT,train,SCRIPTED:OP3,0,2,3,-1,19,0.1599999964237213,1,0,2,11.0,11.093480160361842,-1.2000000476837158,-0.5,0.009281590580940247,0.019999999552965164,-1.0,-100.0,-0.019999999552965164,-0.5398358702659607
2533,47080,2,1789,2,OP3,FIXED_OPPONENT,train,SCRIPTED:OP3,0,2,3,-1,18,0.23999999463558197,1,0,0,12.0,9.823070949978298,-1.2000000476837158,-0.5,0.0051314979791641235,0.019999999552965164,-1.0,-100.0,0.0,-0.5367316603660583
2534,47088,2,1790,1,OP3,FIXED_OPPONENT,train,SCRIPTED:OP3,1,3,2,1,19,0.23999999463558197,1,0,3,12.0,10.495362131219162,1.5,0.5,-0.014959834516048431,0.029999999329447746,1.0,100.0,0.0,0.5829595327377319
2535,47144,2,1797,3,OP3,FIXED_OPPONENT,train,SCRIPTED:OP3,0,2,3,-1,21,0.19999998807907104,1,0,4,14.0,9.358620053245907,-1.2000000476837158,-0.4000000059604645,-0.010683536529541016,0.019999999552965164,-1.0,-100.0,-0.019999999552965164,-0.5241585373878479
2536,47168,2,1800,2,OP3,FIXED_OPPONENT,train,SCRIPTED:OP3,1,3,2,1,17,0.2800000011920929,1,0,1,11.0,11.462294634650736,1.5,0.4000000059604645,0.00886884331703186,0.014999999664723873,1.0,100.0,0.0,0.5682054758071899
2537,47184,2,1802,0,OP3,FIXED_OPPONENT,train,SCRIPTED:OP3,1,3,1,2,16,0.3199999928474426,1,0,0,11.0,9.163106918334961,1.5,0.5,-0.0012457817792892456,0.014999999664723873,1.0,100.0,-0.019999999552965164,0.5800026655197144
2538,47192,2,1803,1,OP3,FIXED_OPPONENT,train,SCRIPTED:OP3,1,3,2,1,18,0.2800000011920929,1,0,0,12.0,9.58939954969618,1.5,0.4000000059604645,-0.0024444162845611572,0.014999999664723873,1.0,100.0,-0.019999999552965164,0.5650514960289001
2539,47208,2,1805,3,OP3,FIXED_OPPONENT,train,SCRIPTED:OP3,1,3,2,1,18,0.19999998807907104,1,0,0,11.0,11.94967312282986,1.5,0.4000000059604645,-0.008984789252281189,0.029999999329447746,1.0,100.0,-0.019999999552965164,0.5651538372039795
2540,47216,2,1806,0,OP3,FIXED_OPPONENT,train,SCRIPTED:OP3,1,3,2,1,19,0.19999998807907104,1,0,1,12.0,11.152392738743833,1.5,0.5,-0.015272438526153564,0.029999999329447746,1.0,100.0,-0.019999999552965164,0.580014169216156
2541,47224,2,1807,2,OP3,FIXED_OPPONENT,train,SCRIPTED:OP3,1,3,1,2,18,0.1599999964237213,1,0,0,12.0,9.628108554416233,1.5,0.5,0.009052112698554993,0.014999999664723873,1.0,100.0,0.0,0.5830652713775635
2542,47256,2,1811,2,OP3,FIXED_OPPONENT,train,SCRIPTED:OP3,0,2,3,-1,21,0.3199999928474426,1,0,4,14.0,9.641507103329612,-1.2000000476837158,-0.5,0.0036797523498535156,0.0,-1.0,-100.0,0.0,-0.5370030999183655
2543,47280,2,1814,0,OP3,FIXED_OPPONENT,train,SCRIPTED:OP3,1,3,2,1,17,0.19999998807907104,1,0,0,11.0,10.423148660098805,1.5,0.0,-0.00947582721710205,0.0,0.0,0.0,0.0,0.3213616609573364
2544,47328,2,1820,1,OP3,FIXED_OPPONENT,train,SCRIPTED:OP3,0,2,3,-1,17,0.1599999964237213,1,0,0,12.0,11.254351447610293,-1.2000000476837158,0.0,-0.001981079578399658,0.0,0.0,0.0,0.0,-0.260553240776062
2545,47328,2,1820,0,OP3,FIXED_OPPONENT,train,SCRIPTED:OP3,0,2,3,-1,20,0.23999999463558197,1,0,1,13.0,9.67264633178711,-1.2000000476837158,-0.5,0.00920519232749939,0.0,-1.0,-100.0,-0.019999999552965164,-0.5400886535644531
2546,47336,2,1821,0,OP3,FIXED_OPPONENT,train,SCRIPTED:OP3,1,3,2,1,19,0.2800000011920929,1,0,2,12.0,10.577354832699424,1.5,0.5,-0.01672247052192688,0.029999999329447746,1.0,100.0,0.0,0.5829387903213501
2547,47344,2,1822,3,OP3,FIXED_OPPONENT,train,SCRIPTED:OP3,0,1,3,-2,16,0.23999999463558197,1,0,0,12.0,9.642515182495117,-1.2000000476837158,-0.5,0.011781319975852966,0.019999999552965164,-1.0,-100.0,-0.019999999552965164,-0.5398043394088745
2548,47368,2,1825,0,OP3,FIXED_OPPONENT,train,SCRIPTED:OP3,1,3,2,1,18,0.19999998807907104,1,0,4,11.0,8.91939205593533,1.5,0.5,0.015746906399726868,0.029999999329447746,1.0,100.0,0.0,0.5833197236061096
2549,47384,2,1827,1,OP3,FIXED_OPPONENT,train,SCRIPTED:OP3,0,2,3,-1,22,0.4399999976158142,1,0,7,12.0,9.33970919522372,-1.2000000476837158,-0.4000000059604645,0.0013444572687149048,0.0,-1.0,-100.0,-0.019999999552965164,-0.5242614150047302
2550,47400,2,1829,2,OP3,FIXED_OPPONENT,train,SCRIPTED:OP3,0,2,3,-1,18,0.23999999463558197,1,0,0,11.0,9.931861029730904,-1.2000000476837158,-0.5,0.015416085720062256,0.0,-1.0,-100.0,0.0,-0.53685462474823
2551,47432,2,1833,3,OP3,FIXED_OPPONENT,train,SCRIPTED:OP3,0,3,3,0,19,0.19999998807907104,1,0,1,11.0,10.355764288651315,-0.699999988079071,0.0,-0.0034654811024665833,0.0,0.0,0.0,0.0,-0.15437304973602295
2552,47480,2,1839,2,OP3,FIXED_OPPONENT,train,SCRIPTED:OP3,0,2,3,-1,18,0.23999999463558197,1,0,2,11.0,11.135491265190971,-1.2000000476837158,-0.5,0.009351298213005066,0.019999999552965164,-1.0,-100.0,-0.019999999552965164,-0.5398349761962891
2553,47488,2,1840,3,OP3,FIXED_OPPONENT,train,SCRIPTED:OP3,0,3,3,0,20,0.19999998807907104,1,0,3,13.0,10.59576187133789,-0.699999988079071,0.5,0.0055098757147789,0.0,1.0,100.0,-0.019999999552965164,0.17171312868595123
2554,47488,2,1840,1,OP3,FIXED_OPPONENT,train,SCRIPTED:OP3,1,3,2,1,20,0.3199999928474426,1,0,5,13.0,9.546239471435547,1.5,0.4000000059604645,-0.01050172746181488,0.014999999664723873,1.0,100.0,-0.019999999552965164,0.5649540424346924
2555,47488,2,1840,1,OP3,FIXED_OPPONENT,train,SCRIPTED:OP3,0,2,3,-1,18,0.11999999731779099,1,0,1,11.0,11.13816663953993,-1.2000000476837158,-0.4000000059604645,-0.005414530634880066,0.019999999552965164,-1.0,-100.0,0.0,-0.52085942029953
2556,47536,2,1846,2,OP3,FIXED_OPPONENT,train,SCRIPTED:OP3,0,2,3,-1,21,0.2800000011920929,1,0,4,14.0,10.265140351795015,-1.2000000476837158,-0.5,0.011132627725601196,0.019999999552965164,-1.0,-100.0,0.0,-0.5366556644439697
2557,47544,2,1847,2,OP3,FIXED_OPPONENT,train,SCRIPTED:OP3,0,3,3,0,20,0.2800000011920929,1,0,2,12.0,10.595964050292968,-0.699999988079071,0.0,-0.00989694893360138,0.0,0.0,0.0,-0.019999999552965164,-0.1588200181722641
2558,47560,2,1849,0,OP3,FIXED_OPPONENT,train,SCRIPTED:OP3,1,3,2,1,16,0.3199999928474426,1,0,2,12.0,10.222260475158691,1.5,0.5,0.007696017622947693,0.029999999329447746,1.0,100.0,0.0,0.5832252502441406
2559,47560,2,1849,3,OP3,FIXED_OPPONENT,train,SCRIPTED:OP3,1,3,2,1,20,0.23999999463558197,1,0,1,13.0,10.197266387939454,1.5,0.5,-0.0191652774810791,0.029999999329447746,1.0,100.0,-0.019999999552965164,0.5799682140350342
2560,47624,2,1857,1,OP3,FIXED_OPPONENT,train,SCRIPTED:OP3,1,3,1,2,17,0.1599999964237213,1,0,0,11.0,9.758961397058824,1.5,0.5,-0.019948601722717285,0.014999999664723873,1.0,100.0,-0.019999999552965164,0.5797820091247559
2561,47632,2,1858,1,OP3,FIXED_OPPONENT,train,SCRIPTED:OP3,1,3,2,1,19,0.19999998807907104,1,0,4,12.0,9.533770109477796,1.5,0.5,-0.013292670249938965,0.029999999329447746,1.0,100.0,0.0,0.5829790830612183
2562,47632,2,1858,2,OP3,FIXED_OPPONENT,train,SCRIPTED:OP3,0,2,3,-1,18,0.23999999463558197,1,0,5,11.0,10.500628153483072,-1.2000000476837158,-0.5,-0.008154034614562988,0.019999999552965164,-1.0,-100.0,0.0,-0.5368998050689697
2563,47640,2,1859,1,OP3,FIXED_OPPONENT,train,SCRIPTED:OP3,1,3,2,1,19,0.2800000011920929,1,0,3,12.0,9.511227256373354,1.5,0.5,0.020703479647636414,0.014999999664723873,1.0,100.0,0.0,0.5832019448280334
2564,47688,2,1865,3,OP3,FIXED_OPPONENT,train,SCRIPTED:OP3,1,3,2,1,19,0.19999998807907104,1,0,0,12.0,10.513784308182565,1.5,0.5,-0.0030251145362854004,0.014999999664723873,1.0,100.0,0.0,0.5829235315322876
2565,47696,2,1866,2,OP3,FIXED_OPPONENT,train,SCRIPTED:OP3,0,2,3,-1,19,0.11999999731779099,1,0,5,12.0,11.231536062140213,-1.2000000476837158,-0.5,-0.006193205714225769,0.019999999552965164,-1.0,-100.0,-0.019999999552965164,-0.5400307774543762
2566,47704,2,1867,1,OP3,FIXED_OPPONENT,train,SCRIPTED:OP3,1,3,2,1,18,0.23999999463558197,1,0,2,11.0,9.629773457845053,1.5,0.5,-0.0026246756315231323,0.02499999850988388,1.0,100.0,0.0,0.5830456018447876
2567,47704,2,1867,2,OP3,FIXED_OPPONENT,train,SCRIPTED:OP3,0,3,3,0,18,0.23999999463558197,1,0,0,11.0,11.188028971354166,-0.699999988079071,0.0,0.008048281073570251,0.0,0.0,0.0,0.0,-0.15417322516441345
2568,47768,2,1875,0,OP3,FIXED_OPPONENT,train,SCRIPTED:OP3,1,3,2,1,17,0.19999998807907104,1,0,1,11.0,10.186241598690257,1.5,0.0,-0.0002830326557159424,0.0,0.0,0.0,-0.019999999552965164,0.31751748919487
2569,47768,2,1875,2,OP3,FIXED_OPPONENT,train,SCRIPTED:OP3,0,2,3,-1,18,0.2800000011920929,1,0,0,11.0,10.766165839301216,-1.2000000476837158,-0.5,0.0029046237468719482,0.019999999552965164,-1.0,-100.0,0.0,-0.5367598533630371
2570,47768,2,1875,0,OP3,FIXED_OPPONENT,train,SCRIPTED:OP3,0,2,3,-1,17,0.11999999731779099,1,0,2,11.0,10.67564033059513,-1.2000000476837158,0.0,-0.010224536061286926,0.0,0.0,0.0,0.0,-0.2606898844242096
2571,47784,2,1877,3,OP3,FIXED_OPPONENT,train,SCRIPTED:OP3,0,2,3,-1,18,0.3199999928474426,1,0,2,11.0,9.253285725911459,-1.2000000476837158,-0.5,-0.003922104835510254,0.0,-1.0,-100.0,0.0,-0.5370992422103882
2572,47816,2,1881,2,OP3,FIXED_OPPONENT,train,SCRIPTED:OP3,1,3,1,2,15,0.19999998807907104,1,0,2,11.0,9.116324869791667,1.5,0.4000000059604645,-0.007424190640449524,0.029999999329447746,1.0,100.0,-0.019999999552965164,0.5651726722717285
2573,47848,2,1885,3,OP3,FIXED_OPPONENT,train,SCRIPTED:OP3,0,2,3,-1,18,0.3999999761581421,1,0,0,11.0,11.879703945583767,-1.2000000476837158,-0.5,-0.0047406405210494995,0.0,-1.0,-100.0,0.0,-0.5371095538139343
2574,47856,2,1886,0,OP3,FIXED_OPPONENT,train,SCRIPTED:OP3,0,2,3,-1,19,0.23999999463558197,1,0,5,12.0,9.528739527652139,-1.2000000476837158,-0.5,0.015106067061424255,0.019999999552965164,-1.0,-100.0,0.0,-0.5366054177284241
2575,47856,2,1886,3,OP3,FIXED_OPPONENT,train,SCRIPTED:OP3,1,3,2,1,21,0.19999998807907104,1,0,8,14.0,9.760851178850446,1.5,0.5,0.0071023255586624146,0.029999999329447746,1.0,100.0,-0.019999999552965164,0.5802780389785767
2576,47912,2,1893,2,OP3,FIXED_OPPONENT,train,SCRIPTED:OP3,0,2,3,-1,18,0.23999999463558197,1,0,0,11.0,10.051820543077257,-1.2000000476837158,-0.4000000059604645,-0.010594889521598816,0.0,-1.0,-100.0,0.0,-0.521185576915741
2577,47920,2,1894,0,OP3,FIXED_OPPONENT,train,SCRIPTED:OP3,0,2,3,-1,19,0.2800000011920929,1,0,6,12.0,10.249571147717928,-1.2000000476837158,-0.5,0.010040223598480225,0.019999999552965164,-1.0,-100.0,0.0,-0.5366694927215576
2578,47920,2,1894,0,OP3,FIXED_OPPONENT,train,SCRIPTED:OP3,1,3,2,1,19,0.19999998807907104,1,0,5,12.0,11.257940191971628,1.5,1.0,0.004859164357185364,0.029999999329447746,2.0,200.0,0.0,0.7618542909622192
2579,47936,2,1896,2,OP3,FIXED_OPPONENT,train,SCRIPTED:OP3,0,3,3,0,19,0.2800000011920929,1,0,3,12.0,9.363514147306743,-0.699999988079071,0.0,-0.010187163949012756,0.0,0.0,0.0,0.0,-0.1544896811246872
2580,47960,2,1899,1,OP3,FIXED_OPPONENT,train,SCRIPTED:OP3,0,3,3,0,18,0.3199999928474426,1,0,3,11.0,9.499507480197483,-0.699999988079071,0.0,-0.007964268326759338,0.0,0.0,0.0,0.0,-0.15445111691951752
2581,48000,2,1904,0,OP3,FIXED_OPPONENT,train,SCRIPTED:OP3,1,3,2,1,18,0.23999999463558197,1,0,4,11.0,10.122424655490452,1.5,0.5,-0.012273773550987244,0.029999999329447746,1.0,100.0,0.0,0.5829910039901733
2582,48008,2,1905,1,OP3,FIXED_OPPONENT,train,SCRIPTED:OP3,1,3,2,1,20,0.23999999463558197,1,0,1,13.0,9.395445251464844,1.5,0.5,0.007543705403804779,0.029999999329447746,1.0,100.0,-0.019999999552965164,0.5802832841873169
2583,48024,2,1907,3,OP3,FIXED_OPPONENT,train,SCRIPTED:OP3,1,3,2,1,21,0.3199999928474426,1,0,2,14.0,8.766836983816964,1.5,0.4000000059604645,-0.009181782603263855,0.014999999664723873,1.0,100.0,0.0,0.5679882168769836
2584,48056,2,1911,0,OP3,FIXED_OPPONENT,train,SCRIPTED:OP3,0,1,3,-2,18,0.3199999928474426,1,0,7,11.0,8.908592224121094,-1.2000000476837158,-0.5,0.010812357068061829,0.0,-1.0,-100.0,0.0,-0.5369128584861755
2585,48072,2,1913,2,OP3,FIXED_OPPONENT,train,SCRIPTED:OP3,0,2,3,-1,19,0.11999999731779099,1,0,1,12.0,11.562423706054688,-1.2000000476837158,-0.5,-0.004944354295730591,0.019999999552965164,-1.0,-100.0,-0.019999999552965164,-0.5400149822235107
2586,48080,2,1914,1,OP3,FIXED_OPPONENT,train,SCRIPTED:OP3,1,3,2,1,20,0.23999999463558197,1,0,2,13.0,9.538560485839843,1.5,0.5,-0.02162967622280121,0.029999999329447746,1.0,100.0,-0.019999999552965164,0.5799391269683838
2587,48088,2,1915,2,OP3,FIXED_OPPONENT,train,SCRIPTED:OP3,0,2,3,-1,19,0.3199999928474426,1,0,1,12.0,11.273011860094572,-1.2000000476837158,-0.5,0.001015886664390564,0.019999999552965164,-1.0,-100.0,0.0,-0.5367836952209473
2588,48112,2,1918,3,OP3,FIXED_OPPONENT,train,SCRIPTED:OP3,0,2,3,-1,19,0.23999999463558197,1,0,7,13.0,10.011823152240954,-1.2000000476837158,-0.5,0.0006914138793945312,0.019999999552965164,-1.0,-100.0,0.0,-0.5367878079414368
2589,48136,2,1921,3,OP3,FIXED_OPPONENT,train,SCRIPTED:OP3,0,2,3,-1,16,0.1599999964237213,1,0,0,11.0,11.380366325378418,-1.2000000476837158,0.0,-0.008090078830718994,0.0,0.0,0.0,-0.019999999552965164,-0.26479214429855347
2590,48144,2,1922,1,OP3,FIXED_OPPONENT,train,SCRIPTED:OP3,0,2,3,-1,18,0.23999999463558197,1,0,3,11.0,9.641056484646267,-1.2000000476837158,-0.5,0.013561859726905823,0.019999999552965164,-1.0,-100.0,0.0,-0.5366249680519104
2591,48192,2,1928,0,OP3,FIXED_OPPONENT,train,SCRIPTED:OP3,1,3,2,1,21,0.3199999928474426,1,0,4,13.0,8.918573288690476,1.5,0.5,-0.020467400550842285,0.014999999664723873,1.0,100.0,-0.019999999552965164,0.579775869846344
2592,48216,2,1931,1,OP3,FIXED_OPPONENT,train,SCRIPTED:OP3,0,3,3,0,20,0.1599999964237213,1,0,5,12.0,9.593925476074219,-0.699999988079071,0.0,0.006181240081787109,0.0,0.0,0.0,-0.019999999552965164,-0.15854139626026154
2593,48216,2,1931,3,OP3,FIXED_OPPONENT,train,SCRIPTED:OP3,1,3,2,1,18,0.19999998807907104,1,0,4,11.0,10.366168551974827,1.5,1.0,0.0012280791997909546,0.029999999329447746,2.0,200.0,0.0,0.7618272304534912
2594,48224,2,1932,1,OP3,FIXED_OPPONENT,train,SCRIPTED:OP3,1,3,2,1,18,0.11999999731779099,1,0,1,11.0,11.732154846191406,1.5,0.5,-0.00251847505569458,0.029999999329447746,1.0,100.0,0.0,0.5831054449081421
2595,48240,2,1934,0,OP3,FIXED_OPPONENT,train,SCRIPTED:OP3,0,2,3,-1,19,0.23999999463558197,1,0,1,12.0,10.286785728053042,-1.2000000476837158,-0.5,0.001957118511199951,0.019999999552965164,-1.0,-100.0,0.0,-0.536771833896637
2596,48256,2,1936,3,OP3,FIXED_OPPONENT,train,SCRIPTED:OP3,1,3,2,1,18,0.23999999463558197,1,0,3,11.0,9.460522121853298,1.5,0.4000000059604645,-0.007026597857475281,0.029999999329447746,1.0,100.0,-0.019999999552965164,0.5651775598526001
2597,48280,2,1939,3,OP3,FIXED_OPPONENT,train,SCRIPTED:OP3,0,3,3,0,18,0.1599999964237213,1,0,2,11.0,10.351036071777344,-0.699999988079071,0.0,0.006605908274650574,0.0,0.0,0.0,0.0,-0.1541982740163803
2598,48288,2,1940,0,OP3,FIXED_OPPONENT,train,SCRIPTED:OP3,0,2,3,-1,18,0.19999998807907104,1,0,0,11.0,9.956169128417969,-1.2000000476837158,-0.5,-0.003390371799468994,0.019999999552965164,-1.0,-100.0,0.0,-0.536839485168457
2599,48336,2,1946,2,OP3,FIXED_OPPONENT,train,SCRIPTED:OP3,1,3,2,1,18,0.19999998807907104,1,0,1,12.0,10.752747429741753,1.5,0.0,0.007307648658752441,0.0,0.0,0.0,-0.019999999552965164,0.3176388144493103
2600,48360,2,1949,2,OP3,FIXED_OPPONENT,train,SCRIPTED:OP3,1,3,2,1,18,0.23999999463558197,1,0,7,11.0,9.582678900824654,1.5,0.5,-0.01603613793849945,0.029999999329447746,1.0,100.0,-0.019999999552965164,0.5800051689147949
2601,48360,2,1949,3,OP3,FIXED_OPPONENT,train,SCRIPTED:OP3,0,2,3,-1,18,0.1599999964237213,1,0,0,11.0,11.520256890190971,-1.2000000476837158,-0.4000000059604645,-0.002045378088951111,0.019999999552965164,-1.0,-100.0,0.0,-0.5208157896995544
2602,48360,2,1949,3,OP3,FIXED_OPPONENT,train,SCRIPTED:OP3,0,2,3,-1,17,0.19999998807907104,1,0,1,11.0,11.160017125746784,-1.2000000476837158,-0.5,-0.006728768348693848,0.0,-1.0,-100.0,0.0,-0.5371346473693848
2603,48384,2,1952,3,OP3,FIXED_OPPONENT,train,SCRIPTED:OP3,0,2,3,-1,18,0.19999998807907104,1,0,1,11.0,10.327666388617622,-1.2000000476837158,-0.5,0.000391542911529541,0.0,-1.0,-100.0,0.0,-0.5370447039604187
2604,48400,2,1954,2,OP3,FIXED_OPPONENT,train,SCRIPTED:OP3,1,3,2,1,18,0.19999998807907104,1,0,2,11.0,11.352700127495659,1.5,0.5,0.007974743843078613,0.02499999850988388,1.0,100.0,-0.019999999552965164,0.5802294015884399
2605,48424,2,1957,2,OP3,FIXED_OPPONENT,train,SCRIPTED:OP3,1,3,2,1,18,0.11999999731779099,1,0,1,12.0,11.154644436306423,1.5,0.5,-0.004554823040962219,0.029999999329447746,1.0,100.0,0.0,0.5830816030502319
2606,48432,2,1958,3,OP3,FIXED_OPPONENT,train,SCRIPTED:OP3,0,2,3,-1,18,0.23999999463558197,1,0,0,11.0,10.762624952528212,-1.2000000476837158,-0.5,-0.002166748046875,0.0,-1.0,-100.0,0.0,-0.5370769500732422
2607,48480,2,1964,1,OP3,FIXED_OPPONENT,train,SCRIPTED:OP3,1,3,2,1,18,0.19999998807907104,1,0,0,11.0,10.653105841742622,1.5,0.5,-0.0006623640656471252,0.029999999329447746,1.0,100.0,0.0,0.5831272602081299
2608,48488,2,1965,2,OP3,FIXED_OPPONENT,train,SCRIPTED:OP3,1,3,1,2,16,0.2800000011920929,1,0,1,12.0,9.182419776916504,1.5,0.4000000059604645,-0.00994768738746643,0.014999999664723873,1.0,100.0,-0.019999999552965164,0.5649607181549072
2609,48512,2,1968,3,OP3,FIXED_OPPONENT,train,SCRIPTED:OP3,1,3,2,1,19,0.19999998807907104,1,0,3,12.0,10.994982267680921,1.5,1.0,0.000505492091178894,0.029999999329447746,2.0,200.0,0.0,0.7618218064308167
2610,48512,2,1968,1,OP3,FIXED_OPPONENT,train,SCRIPTED:OP3,0,2,3,-1,19,0.1599999964237213,1,0,0,12.0,12.261925948293586,-1.2000000476837158,-0.5,0.013410642743110657,0.019999999552965164,-1.0,-100.0,0.0,-0.5366268754005432
2611,48520,2,1969,0,OP3,FIXED_OPPONENT,train,SCRIPTED:OP3,0,2,3,-1,15,0.23999999463558197,1,0,0,11.0,12.437969970703126,-1.2000000476837158,-0.5,-0.004373446106910706,0.0,-1.0,-100.0,0.0,-0.5371048450469971
2612,48528,2,1970,0,OP3,FIXED_OPPONENT,train,SCRIPTED:OP3,0,2,3,-1,18,0.23999999463558197,1,0,5,12.0,9.719311184353298,-1.2000000476837158,-0.4000000059604645,-0.010538086295127869,0.0,-1.0,-100.0,-0.019999999552965164,-0.5244145393371582
2613,48584,2,1977,2,OP3,FIXED_OPPONENT,train,SCRIPTED:OP3,1,3,2,1,20,0.19999998807907104,1,0,1,12.0,10.722782135009766,1.5,0.5,-0.011015072464942932,0.02499999850988388,1.0,100.0,0.0,0.5829471349716187
2614,48592,2,1978,2,OP3,FIXED_OPPONENT,train,SCRIPTED:OP3,0,2,3,-1,20,0.23999999463558197,1,0,4,14.0,10.78951416015625,-1.2000000476837158,-0.5,0.0011071264743804932,0.019999999552965164,-1.0,-100.0,0.0,-0.5367825627326965
2615,48624,2,1982,1,OP3,FIXED_OPPONENT,train,SCRIPTED:OP3,0,2,3,-1,18,0.19999998807907104,1,0,2,11.0,10.897032843695747,-1.2000000476837158,-0.5,0.009268105030059814,0.019999999552965164,-1.0,-100.0,0.0,-0.5366792678833008
2616,48632,2,1983,0,OP3,FIXED_OPPONENT,train,SCRIPTED:OP3,1,3,2,1,18,0.23999999463558197,1,0,6,11.0,10.92525143093533,1.5,0.5,-0.03153640031814575,0.029999999329447746,1.0,100.0,0.0,0.5827648639678955
2617,48656,2,1986,3,OP3,FIXED_OPPONENT,train,SCRIPTED:OP3,1,3,1,2,18,0.3199999928474426,1,0,1,11.0,9.343328687879774,1.5,0.5,0.011594653129577637,0.014999999664723873,1.0,100.0,0.0,0.5830950736999512
2618,48672,2,1988,2,OP3,FIXED_OPPONENT,train,SCRIPTED:OP3,1,3,1,2,18,0.2800000011920929,1,0,0,12.0,8.824207729763454,1.5,0.5,-0.017073646187782288,0.02499999850988388,1.0,100.0,-0.019999999552965164,0.5799339413642883
2619,48680,2,1989,3,OP3,FIXED_OPPONENT,train,SCRIPTED:OP3,1,3,2,1,20,0.2800000011920929,1,0,3,13.0,9.231439971923828,1.5,0.5,-0.01512157917022705,0.029999999329447746,1.0,100.0,0.0,0.5829576253890991
2620,48696,2,1991,2,OP3,FIXED_OPPONENT,train,SCRIPTED:OP3,0,3,3,0,23,0.3199999928474426,1,0,8,12.0,8.950962895932404,-0.699999988079071,0.0,0.0036631226539611816,0.0,0.0,0.0,0.0,-0.15424932539463043
2621,48736,2,1996,1,OP3,FIXED_OPPONENT,train,SCRIPTED:OP3,0,2,3,-1,18,0.23999999463558197,1,0,0,11.0,9.467048645019531,-1.2000000476837158,-0.5,-0.0029845386743545532,0.0,-1.0,-100.0,0.0,-0.5370873212814331
2622,48744,2,1997,2,OP3,FIXED_OPPONENT,train,SCRIPTED:OP3,1,3,2,1,20,0.23999999463558197,1,0,2,13.0,10.127373504638673,1.5,0.5,-0.002167999744415283,0.014999999664723873,1.0,100.0,-0.019999999552965164,0.5799918174743652
2623,48776,2,2001,1,OP3,FIXED_OPPONENT,train,SCRIPTED:OP3,0,2,3,-1,18,0.1599999964237213,1,0,5,11.0,9.519553290473091,-1.2000000476837158,-0.5,-0.0018393248319625854,0.0,-1.0,-100.0,0.0,-0.5370728969573975
2624,48792,2,2003,3,OP3,FIXED_OPPONENT,train,SCRIPTED:OP3,0,2,3,-1,21,0.3199999928474426,1,0,3,14.0,11.20747811453683,-1.2000000476837158,-0.5,0.009196341037750244,0.0,-1.0,-100.0,-0.019999999552965164,-0.5400887727737427
2625,48808,2,2005,0,OP3,FIXED_OPPONENT,train,SCRIPTED:OP3,1,3,2,1,19,0.19999998807907104,1,0,5,12.0,10.936104222347861,1.5,0.5,-0.018813028931617737,0.029999999329447746,1.0,100.0,0.0,0.5829142928123474
2626,48816,2,2006,0,OP3,FIXED_OPPONENT,train,SCRIPTED:OP3,1,3,2,1,17,0.2800000011920929,1,0,6,11.0,8.527676750631894,1.5,0.4000000059604645,-0.010260090231895447,0.014999999664723873,1.0,100.0,-0.019999999552965164,0.5649569034576416
2627,48824,2,2007,0,OP3,FIXED_OPPONENT,train,SCRIPTED:OP3,0,2,3,-1,19,0.3199999928474426,1,0,0,12.0,10.74544886538857,-1.2000000476837158,-0.5,0.014868035912513733,0.0,-1.0,-100.0,0.0,-0.5368615388870239
2628,48840,2,2009,3,OP3,FIXED_OPPONENT,train,SCRIPTED:OP3,1,3,2,1,18,0.11999999731779099,1,0,0,11.0,13.147575378417969,1.5,0.5,0.011039115488529205,0.029999999329447746,1.0,100.0,0.0,0.5832645893096924
2629,48880,2,2014,3,OP3,FIXED_OPPONENT,train,SCRIPTED:OP3,1,3,2,1,17,0.19999998807907104,1,0,0,11.0,10.710500380572151,1.5,0.5,0.014996245503425598,0.014999999664723873,1.0,100.0,-0.019999999552965164,0.5801942944526672
2630,48888,2,2015,0,OP3,FIXED_OPPONENT,train,SCRIPTED:OP3,1,3,2,1,19,0.11999999731779099,1,0,5,12.0,10.355551468698602,1.5,0.5,-0.02091742306947708,0.029999999329447746,1.0,100.0,-0.019999999552965164,0.5799475908279419
2631,48920,2,2019,3,OP3,FIXED_OPPONENT,train,SCRIPTED:OP3,1,3,2,1,18,0.23999999463558197,1,0,3,11.0,10.867485894097221,1.5,0.5,-0.018667541444301605,0.029999999329447746,1.0,100.0,0.0,0.5829159021377563
2632,48936,2,2021,0,OP3,FIXED_OPPONENT,train,SCRIPTED:OP3,1,3,2,1,18,0.23999999463558197,1,0,1,11.0,10.927804734971788,1.5,0.5,-0.012751400470733643,0.029999999329447746,1.0,100.0,0.0,0.5829854607582092
2633,48968,2,2025,3,OP3,FIXED_OPPONENT,train,SCRIPTED:OP3,1,3,2,1,18,0.2800000011920929,1,0,1,11.0,10.806582980685764,1.5,0.5,0.009261436760425568,0.029999999329447746,1.0,100.0,0.0,0.5832436680793762
2634,48968,2,2025,1,OP3,FIXED_OPPONENT,train,SCRIPTED:OP3,0,2,3,-1,20,0.19999998807907104,1,0,2,13.0,10.891165924072265,-1.2000000476837158,-0.5,0.001076623797416687,0.019999999552965164,-1.0,-100.0,-0.019999999552965164,-0.5399391651153564
2635,48976,2,2026,3,OP3,FIXED_OPPONENT,train,SCRIPTED:OP3,0,2,3,-1,20,0.23999999463558197,1,0,1,12.0,9.684725952148437,-1.2000000476837158,-0.5,-0.0037910789251327515,0.0,-1.0,-100.0,-0.019999999552965164,-0.5402523279190063
2636,48992,2,2028,1,OP3,FIXED_OPPONENT,train,SCRIPTED:OP3,0,3,3,0,19,0.3199999928474426,1,0,3,12.0,9.986460635536595,-0.699999988079071,0.0,0.008752956986427307,0.0,0.0,0.0,0.0,-0.1541609913110733
2637,49048,2,2035,3,OP3,FIXED_OPPONENT,train,SCRIPTED:OP3,1,3,2,1,21,0.3199999928474426,1,0,4,14.0,9.458418346586681,1.5,0.5,-0.019637420773506165,0.029999999329447746,1.0,100.0,0.0,0.582904577255249
2638,49048,2,2035,3,OP3,FIXED_OPPONENT,train,SCRIPTED:OP3,0,2,3,-1,20,0.1599999964237213,1,0,2,12.0,10.670516967773438,-1.2000000476837158,-0.5,-0.0024701058864593506,0.019999999552965164,-1.0,-100.0,-0.019999999552965164,-0.539983868598938
2639,49064,2,2037,2,OP3,FIXED_OPPONENT,train,SCRIPTED:OP3,1,3,2,1,18,0.2800000011920929,1,0,0,11.0,11.667722913953993,1.5,0.4000000059604645,-0.005053035914897919,0.029999999329447746,1.0,100.0,0.0,0.568218469619751
2640,49088,2,2040,3,OP3,FIXED_OPPONENT,train,SCRIPTED:OP3,0,3,3,0,19,0.2800000011920929,1,0,1,12.0,10.245977301346628,-0.699999988079071,0.0,-0.0038924962282180786,0.0,0.0,0.0,-0.019999999552965164,-0.15871594846248627
2641,49112,2,2043,3,OP3,FIXED_OPPONENT,train,SCRIPTED:OP3,1,3,1,2,18,0.23999999463558197,1,0,0,11.0,10.949311150444878,1.5,0.5,-0.02741117775440216,0.014999999664723873,1.0,100.0,0.0,0.5826371908187866
2642,49120,2,2044,2,OP3,FIXED_OPPONENT,train,SCRIPTED:OP3,1,3,2,1,19,0.23999999463558197,1,0,4,12.0,9.47932273463199,1.5,0.5,-0.006129845976829529,0.02499999850988388,1.0,100.0,0.0,0.5830044746398926
2643,49120,2,2044,1,OP3,FIXED_OPPONENT,train,SCRIPTED:OP3,0,2,3,-1,18,0.19999998807907104,1,0,1,11.0,9.883476257324219,-1.2000000476837158,-0.4000000059604645,0.005744412541389465,0.019999999552965164,-1.0,-100.0,0.0,-0.5207148790359497
2644,49136,2,2046,1,OP3,FIXED_OPPONENT,train,SCRIPTED:OP3,0,3,3,0,18,0.1599999964237213,1,0,3,11.0,11.876882765028212,-0.699999988079071,0.0,-0.008305713534355164,0.0,0.0,0.0,0.0,-0.15445704758167267
2645,49200,3,6,2,OP3,FIXED_OPPONENT,train,SCRIPTED:OP3,0,2,3,-1,19,0.1599999964237213,1,0,3,12.0,10.67036277369449,-1.2000000476837158,-0.4000000059604645,-0.009631022810935974,0.019999999552965164,-1.0,-100.0,0.0,-0.5209140777587891
2646,49200,3,6,1,OP3,FIXED_OPPONENT,train,SCRIPTED:OP3,1,3,2,1,19,0.19999998807907104,1,0,5,12.0,9.820482755962171,1.5,0.5,0.00367775559425354,0.014999999664723873,1.0,100.0,0.0,0.5830021500587463
2647,49216,3,8,1,OP3,FIXED_OPPONENT,train,SCRIPTED:OP3,0,3,3,0,19,0.35999998450279236,1,0,1,13.0,10.74665752210115,-0.699999988079071,0.0,-0.00994117558002472,0.0,0.0,0.0,0.0,-0.15448541939258575
2648,49240,3,11,3,OP3,FIXED_OPPONENT,train,SCRIPTED:OP3,1,3,1,2,16,0.1599999964237213,1,0,0,11.0,10.93404483795166,1.5,0.4000000059604645,-0.0102032870054245,0.029999999329447746,1.0,100.0,-0.019999999552965164,0.5651391744613647
2649,49256,3,13,1,OP3,FIXED_OPPONENT,train,SCRIPTED:OP3,0,2,3,-1,21,0.2800000011920929,1,0,3,14.0,10.137480236235119,-1.2000000476837158,-0.5,-0.001489892601966858,0.019999999552965164,-1.0,-100.0,0.0,-0.5368154644966125
2650,49256,3,13,1,OP3,FIXED_OPPONENT,train,SCRIPTED:OP3,1,3,2,1,17,0.11999999731779099,1,0,2,13.0,10.726009593290442,1.5,0.0,-0.005928397178649902,0.0,0.0,0.0,-0.019999999552965164,0.31742724776268005
2651,49264,3,14,3,OP3,FIXED_OPPONENT,train,SCRIPTED:OP3,1,3,2,1,18,0.19999998807907104,1,0,1,11.0,12.122271219889322,1.5,0.5,-0.0023541897535324097,0.029999999329447746,1.0,100.0,0.0,0.5831073522567749
2652,49288,3,17,3,OP3,FIXED_OPPONENT,train,SCRIPTED:OP3,0,2,3,-1,19,0.23999999463558197,1,0,5,12.0,10.375391106856497,-1.2000000476837158,-0.5,-0.0021931827068328857,0.0,-1.0,-100.0,0.0,-0.5370773673057556
2653,49352,3,25,0,OP3,FIXED_OPPONENT,train,SCRIPTED:OP3,1,3,2,1,19,0.3199999928474426,1,0,4,12.0,9.52653021561472,1.5,0.5,-0.0017531216144561768,0.014999999664723873,1.0,100.0,0.0,0.5829384326934814
2654,49360,3,26,3,OP3,FIXED_OPPONENT,train,SCRIPTED:OP3,0,2,3,-1,18,0.2800000011920929,1,0,0,11.0,10.265767415364584,-1.2000000476837158,-0.5,0.014440283179283142,0.019999999552965164,-1.0,-100.0,-0.019999999552965164,-0.5397708415985107
2655,49360,3,26,2,OP3,FIXED_OPPONENT,train,SCRIPTED:OP3,0,3,3,0,20,0.23999999463558197,0,1,1,12.0,11.15204315185547,-0.699999988079071,0.0,-0.009202450513839722,0.0,0.0,0.0,-0.019999999552965164,-0.15880799293518066
2656,49392,3,30,3,OP3,FIXED_OPPONENT,train,SCRIPTED:OP3,0,2,3,-1,17,0.2800000011920929,1,0,0,11.0,9.241441614487591,-1.2000000476837158,-0.5,0.0022944360971450806,0.019999999552965164,-1.0,-100.0,0.0,-0.5367675423622131
2657,49392,3,30,2,OP3,FIXED_OPPONENT,train,SCRIPTED:OP3,1,3,2,1,19,0.23999999463558197,1,0,2,12.0,9.82210902163857,1.5,0.5,-0.04164379835128784,0.029999999329447746,1.0,100.0,0.0,0.5826462507247925
2658,49408,3,32,3,OP3,FIXED_OPPONENT,train,SCRIPTED:OP3,1,3,1,2,18,0.1599999964237213,1,0,0,12.0,8.665334065755209,1.5,1.0,-0.007235139608383179,0.029999999329447746,2.0,200.0,0.0,0.7617641091346741
2659,49416,3,33,1,OP3,FIXED_OPPONENT,train,SCRIPTED:OP3,1,3,2,1,20,0.2800000011920929,1,0,0,12.0,10.84990997314453,1.5,0.5,-0.004086494445800781,0.014999999664723873,1.0,100.0,-0.03999999910593033,0.5770120620727539
2660,49432,3,35,2,OP3,FIXED_OPPONENT,train,SCRIPTED:OP3,1,3,2,1,18,0.23999999463558197,1,0,0,11.0,12.173897637261284,1.5,0.5,-0.030361682176589966,0.029999999329447746,1.0,100.0,0.0,0.5827786922454834
2661,49496,3,43,1,OP3,FIXED_OPPONENT,train,SCRIPTED:OP3,1,3,2,1,18,0.23999999463558197,1,0,1,11.0,10.647405836317274,1.5,0.5,0.0049855709075927734,0.029999999329447746,1.0,100.0,0.0,0.5831934809684753
2662,49504,3,44,2,OP3,FIXED_OPPONENT,train,SCRIPTED:OP3,1,3,2,1,18,0.23999999463558197,1,0,2,11.0,10.210296630859375,1.5,0.5,-0.023817136883735657,0.029999999329447746,1.0,100.0,0.0,0.5828554630279541
2663,49528,3,47,1,OP3,FIXED_OPPONENT,train,SCRIPTED:OP3,1,3,2,1,21,0.3199999928474426,1,0,1,14.0,10.45200674874442,1.5,0.5,0.00881493091583252,0.014999999664723873,1.0,100.0,-0.019999999552965164,0.5801213979721069
2664,49536,3,48,2,OP3,FIXED_OPPONENT,train,SCRIPTED:OP3,0,2,3,-1,18,0.1599999964237213,1,0,0,11.0,11.820072597927517,-1.2000000476837158,-0.5,0.0016604512929916382,0.019999999552965164,-1.0,-100.0,0.0,-0.5367755889892578
2665,49544,3,49,1,OP3,FIXED_OPPONENT,train,SCRIPTED:OP3,0,2,3,-1,19,0.11999999731779099,1,0,3,12.0,9.713471262078537,-1.2000000476837158,-0.5,-0.0034996718168258667,0.019999999552965164,-1.0,-100.0,0.0,-0.5368408560752869
2666,49552,3,50,0,OP3,FIXED_OPPONENT,train,SCRIPTED:OP3,1,3,2,1,18,0.1599999964237213,1,0,3,11.0,10.050113254123264,1.5,0.4000000059604645,-0.0071418434381484985,0.029999999329447746,1.0,100.0,0.0,0.5681934356689453
2667,49568,3,52,2,OP3,FIXED_OPPONENT,train,SCRIPTED:OP3,0,3,3,0,19,0.1599999964237213,1,0,2,12.0,9.600126567639803,-0.699999988079071,0.5,-0.006540700793266296,0.0,1.0,100.0,0.0,0.17581559717655182
2668,49576,3,53,3,OP3,FIXED_OPPONENT,train,SCRIPTED:OP3,0,2,3,-1,18,0.19999998807907104,1,0,2,11.0,10.268021477593315,-1.2000000476837158,-0.4000000059604645,-0.01002684235572815,0.019999999552965164,-1.0,-100.0,0.0,-0.5209192037582397
2669,49640,3,61,0,OP3,FIXED_OPPONENT,train,SCRIPTED:OP3,0,1,3,-2,18,0.19999998807907104,1,0,0,11.0,10.167023552788628,-1.2000000476837158,-0.5,-0.010324910283088684,0.019999999552965164,-1.0,-100.0,-0.019999999552965164,-0.5400827527046204
2670,49656,3,63,1,OP3,FIXED_OPPONENT,train,SCRIPTED:OP3,1,3,2,1,19,0.1599999964237213,1,0,3,12.0,11.333593268143503,1.5,0.5,0.004278898239135742,0.029999999329447746,1.0,100.0,0.0,0.5831851959228516
2671,49688,3,67,3,OP3,FIXED_OPPONENT,train,SCRIPTED:OP3,1,3,2,1,20,0.1599999964237213,1,0,0,13.0,11.813811492919921,1.5,0.5,0.007542341947555542,0.029999999329447746,1.0,100.0,-0.03999999910593033,0.5773277282714844
2672,49688,3,67,2,OP3,FIXED_OPPONENT,train,SCRIPTED:OP3,0,2,3,-1,18,0.23999999463558197,1,0,0,12.0,10.56038072374132,-1.2000000476837158,-0.5,-0.008645102381706238,0.019999999552965164,-1.0,-100.0,0.0,-0.5369060039520264
2673,49696,3,68,0,OP3,FIXED_OPPONENT,train,SCRIPTED:OP3,1,3,2,1,20,0.19999998807907104,1,0,1,13.0,11.183956909179688,1.5,0.5,0.015611261129379272,0.014999999664723873,1.0,100.0,0.0,0.5831421613693237
2674,49712,3,70,3,OP3,FIXED_OPPONENT,train,SCRIPTED:OP3,0,2,3,-1,18,0.23999999463558197,1,0,2,11.0,10.826065911187065,-1.2000000476837158,-0.5,0.014909863471984863,0.0,-1.0,-100.0,0.0,-0.536861002445221
2675,49720,3,71,0,OP3,FIXED_OPPONENT,train,SCRIPTED:OP3,1,3,2,1,21,0.3999999761581421,1,0,3,14.0,10.103299095517112,1.5,0.5,-0.027666747570037842,0.029999999329447746,1.0,100.0,0.0,0.5828102827072144
2676,49752,3,75,0,OP3,FIXED_OPPONENT,train,SCRIPTED:OP3,0,2,3,-1,22,0.2800000011920929,1,0,6,12.0,9.945840315385299,-1.2000000476837158,-0.5,0.006568655371665955,0.019999999552965164,-1.0,-100.0,0.0,-0.5367134213447571
2677,49800,3,81,2,OP3,FIXED_OPPONENT,train,SCRIPTED:OP3,0,3,3,0,20,0.19999998807907104,1,0,0,12.0,12.096562957763672,-0.699999988079071,0.0,0.008170977234840393,0.0,0.0,0.0,-0.019999999552965164,-0.15850688517093658
2678,49808,3,82,3,OP3,FIXED_OPPONENT,train,SCRIPTED:OP3,1,3,2,1,19,0.23999999463558197,1,0,1,12.0,11.299461766293174,1.5,0.5,0.011196434497833252,0.014999999664723873,1.0,100.0,0.0,0.5830904245376587
2679,49816,3,83,0,OP3,FIXED_OPPONENT,train,SCRIPTED:OP3,0,2,3,-1,16,0.1599999964237213,1,0,4,12.0,9.623006820678711,-1.2000000476837158,-0.5,-0.011133790016174316,0.0,-1.0,-100.0,-0.019999999552965164,-0.5403447151184082
2680,49832,3,85,3,OP3,FIXED_OPPONENT,train,SCRIPTED:OP3,1,3,2,1,18,0.2800000011920929,1,0,5,11.0,10.397811889648438,1.5,0.5,-0.01746430993080139,0.029999999329447746,1.0,100.0,0.0,0.5829300880432129
2681,49840,3,86,0,OP3,FIXED_OPPONENT,train,SCRIPTED:OP3,0,3,3,0,18,0.19999998807907104,1,0,2,11.0,10.570151435004341,-0.699999988079071,0.0,-0.005453616380691528,0.0,0.0,0.0,-0.019999999552965164,-0.1587430238723755
2682,49856,3,88,3,OP3,FIXED_OPPONENT,train,SCRIPTED:OP3,0,2,3,-1,18,0.07999999821186066,1,0,4,11.0,9.364148457845053,-1.2000000476837158,-0.4000000059604645,-0.00969839096069336,0.019999999552965164,-1.0,-100.0,0.0,-0.5209149122238159
2683,49872,3,90,0,OP3,FIXED_OPPONENT,train,SCRIPTED:OP3,0,2,3,-1,19,0.23999999463558197,1,0,1,12.0,12.208091334292764,-1.2000000476837158,-0.5,0.01543879508972168,0.019999999552965164,-1.0,-100.0,0.0,-0.536601185798645
2684,49896,3,93,3,OP3,FIXED_OPPONENT,train,SCRIPTED:OP3,0,3,3,0,18,0.2800000011920929,1,0,1,11.0,11.06355455186632,-0.699999988079071,0.0,0.007450997829437256,0.0,0.0,0.0,0.0,-0.15418359637260437
2685,49960,3,101,2,OP3,FIXED_OPPONENT,train,SCRIPTED:OP3,0,3,3,0,19,0.35999998450279236,1,0,1,12.0,9.706106888620477,-0.699999988079071,0.0,-0.0037555694580078125,0.0,0.0,0.0,0.0,-0.15437807142734528
2686,49968,3,102,0,OP3,FIXED_OPPONENT,train,SCRIPTED:OP3,0,2,3,-1,19,0.1599999964237213,1,0,1,11.0,11.045176455849095,-1.2000000476837158,-0.5,-0.0016797780990600586,0.019999999552965164,-1.0,-100.0,0.0,-0.5368178486824036
2687,49968,3,102,3,OP3,FIXED_OPPONENT,train,SCRIPTED:OP3,1,3,2,1,21,0.19999998807907104,0,1,10,14.0,8.90937005905878,1.5,1.0,-0.023187637329101562,0.029999999329447746,2.0,200.0,-0.019999999552965164,0.7597724795341492
2688,49976,3,103,0,OP3,FIXED_OPPONENT,train,SCRIPTED:OP3,1,3,1,2,17,0.3199999928474426,1,0,4,11.0,9.304730583639707,1.5,0.5,-0.024305835366249084,0.029999999329447746,1.0,100.0,-0.019999999552965164,0.5799075365066528
2689,49992,3,105,0,OP3,FIXED_OPPONENT,train,SCRIPTED:OP3,0,2,3,-1,20,0.19999998807907104,1,0,1,11.0,9.891568756103515,-1.2000000476837158,-0.5,-0.012308970093727112,0.019999999552965164,-1.0,-100.0,-0.019999999552965164,-0.5401077270507812
2690,50000,3,106,1,OP3,FIXED_OPPONENT,train,SCRIPTED:OP3,0,3,3,0,16,0.19999998807907104,1,0,0,12.0,12.763029098510742,-0.699999988079071,0.0,-0.0017042383551597595,0.0,0.0,0.0,-0.03999999910593033,-0.16300749778747559
2691,50024,3,109,0,OP3,FIXED_OPPONENT,train,SCRIPTED:OP3,0,2,3,-1,21,0.23999999463558197,1,0,6,14.0,10.078190394810267,-1.2000000476837158,0.0,0.014596432447433472,0.019999999552965164,0.0,0.0,0.0,-0.2599470615386963
2692,50040,3,111,3,OP3,FIXED_OPPONENT,train,SCRIPTED:OP3,0,3,3,0,18,0.3199999928474426,1,0,2,11.0,10.181287977430555,-0.699999988079071,0.0,-0.009701922535896301,0.0,0.0,0.0,0.0,-0.15448127686977386
2693,50096,3,118,3,OP3,FIXED_OPPONENT,train,SCRIPTED:OP3,0,3,3,0,17,0.19999998807907104,1,0,1,12.0,11.41426804486443,-0.699999988079071,0.0,-0.007244691252708435,0.0,0.0,0.0,0.0,-0.15443862974643707
2694,50120,3,121,0,OP3,FIXED_OPPONENT,train,SCRIPTED:OP3,1,3,2,1,19,0.2800000011920929,1,0,1,12.0,9.00608343827097,1.5,0.0,-0.009563475847244263,0.0,0.0,0.0,0.0,0.3213602602481842
2695,50120,3,121,1,OP3,FIXED_OPPONENT,train,SCRIPTED:OP3,1,3,2,1,18,0.3199999928474426,1,0,3,11.0,9.942961798773872,1.5,0.5,0.009479805827140808,0.02499999850988388,1.0,100.0,-0.019999999552965164,0.580247163772583
2696,50120,3,121,0,OP3,FIXED_OPPONENT,train,SCRIPTED:OP3,1,3,2,1,19,0.23999999463558197,1,0,5,12.0,9.398877595600329,1.5,0.4000000059604645,-0.01018628478050232,0.029999999329447746,1.0,100.0,0.0,0.5681567192077637
2697,50144,3,124,3,OP3,FIXED_OPPONENT,train,SCRIPTED:OP3,0,2,3,-1,18,0.19999998807907104,1,0,0,11.0,10.366404215494791,-1.2000000476837158,-0.5,-0.007513359189033508,0.0,-1.0,-100.0,0.0,-0.5371446013450623
2698,50144,3,124,3,OP3,FIXED_OPPONENT,train,SCRIPTED:OP3,1,3,2,1,19,0.1599999964237213,1,0,0,12.0,10.860856708727384,1.5,0.5,-0.0005996525287628174,0.029999999329447746,1.0,100.0,0.0,0.583128035068512
2699,50160,3,126,0,OP3,FIXED_OPPONENT,train,SCRIPTED:OP3,1,3,1,2,15,0.1599999964237213,1,0,1,11.0,10.943271891276042,1.5,0.5,-0.011927083134651184,0.029999999329447746,1.0,100.0,0.0,0.5829950571060181
2700,50200,3,131,2,OP3,FIXED_OPPONENT,train,SCRIPTED:OP3,0,2,3,-1,22,0.1599999964237213,1,0,5,15.0,10.235817649147727,-1.2000000476837158,-0.5,0.009831517934799194,0.019999999552965164,-1.0,-100.0,0.0,-0.5366721749305725
2701,50240,3,136,2,OP3,FIXED_OPPONENT,train,SCRIPTED:OP3,1,3,2,1,18,0.3199999928474426,1,0,0,11.0,10.288996378580729,1.5,0.5,0.02152577042579651,0.014999999664723873,1.0,100.0,0.0,0.5832116603851318
2702,50240,3,136,0,OP3,FIXED_OPPONENT,train,SCRIPTED:OP3,1,3,2,1,15,0.19999998807907104,1,0,3,11.0,10.888768513997396,1.5,0.5,-0.017254561185836792,0.029999999329447746,1.0,100.0,0.0,0.5829325914382935
2703,50256,3,138,2,OP3,FIXED_OPPONENT,train,SCRIPTED:OP3,1,3,2,1,17,0.2800000011920929,1,0,3,12.0,9.880689733168659,1.5,0.5,-0.023295417428016663,0.029999999329447746,1.0,100.0,-0.019999999552965164,0.5799195170402527
2704,50264,3,139,3,OP3,FIXED_OPPONENT,train,SCRIPTED:OP3,1,3,2,1,18,0.23999999463558197,1,0,1,11.0,11.215584648980034,1.5,0.4000000059604645,-0.008904263377189636,0.029999999329447746,1.0,100.0,-0.019999999552965164,0.5651548504829407
2705,50280,3,141,0,OP3,FIXED_OPPONENT,train,SCRIPTED:OP3,0,2,3,-1,17,0.23999999463558197,1,0,1,11.0,9.739729039809284,-1.2000000476837158,-0.5,-0.012029677629470825,0.019999999552965164,-1.0,-100.0,0.0,-0.5369488000869751
2706,50288,3,142,2,OP3,FIXED_OPPONENT,train,SCRIPTED:OP3,1,3,2,1,18,0.2800000011920929,1,0,2,11.0,11.691771613226997,1.5,0.4000000059604645,-0.009817361831665039,0.029999999329447746,1.0,100.0,0.0,0.5681612491607666
2707,50312,3,145,3,OP3,FIXED_OPPONENT,train,SCRIPTED:OP3,0,2,3,-1,19,0.23999999463558197,1,0,3,12.0,11.886892218338815,-1.2000000476837158,-0.5,0.015847161412239075,0.019999999552965164,-1.0,-100.0,-0.019999999552965164,-0.5397530794143677
2708,50368,3,152,3,OP3,FIXED_OPPONENT,train,SCRIPTED:OP3,0,3,3,0,21,0.19999998807907104,1,0,0,13.0,11.426855904715401,-0.699999988079071,0.0,-0.0015590041875839233,0.0,0.0,0.0,0.0,-0.1543399542570114
2709,50392,3,155,2,OP3,FIXED_OPPONENT,train,SCRIPTED:OP3,0,3,3,0,19,0.23999999463558197,1,0,4,12.0,10.718673706054688,-0.699999988079071,0.5,0.006635233759880066,0.0,1.0,100.0,-0.019999999552965164,0.17173252999782562
2710,50408,3,157,2,OP3,FIXED_OPPONENT,train,SCRIPTED:OP3,1,3,2,1,21,0.19999998807907104,1,0,1,14.0,10.488810221354166,1.5,0.5,-0.01460905373096466,0.029999999329447746,1.0,100.0,0.0,0.5829635858535767
2711,50408,3,157,0,OP3,FIXED_OPPONENT,train,SCRIPTED:OP3,0,2,3,-1,19,0.3999999761581421,1,0,2,12.0,9.77591986405222,-1.2000000476837158,-0.5,-0.004671424627304077,0.0,-1.0,-100.0,0.0,-0.5371086597442627
2712,50408,3,157,1,OP3,FIXED_OPPONENT,train,SCRIPTED:OP3,0,2,3,-1,18,0.19999998807907104,1,0,2,11.0,9.578290303548178,-1.2000000476837158,-0.4000000059604645,0.00044555962085723877,0.0,-1.0,-100.0,0.0,-0.5210425853729248
2713,50432,3,160,3,OP3,FIXED_OPPONENT,train,SCRIPTED:OP3,1,3,2,1,18,0.2800000011920929,1,0,1,11.0,9.913096110026041,1.5,0.5,0.003719031810760498,0.029999999329447746,1.0,100.0,0.0,0.5831786394119263
2714,50440,3,161,1,OP3,FIXED_OPPONENT,train,SCRIPTED:OP3,1,3,2,1,20,0.23999999463558197,1,0,5,13.0,9.027790832519532,1.5,0.5,-0.03251457214355469,0.014999999664723873,1.0,100.0,-0.019999999552965164,0.5796337127685547
2715,50464,3,164,3,OP3,FIXED_OPPONENT,train,SCRIPTED:OP3,0,1,3,-2,19,0.23999999463558197,1,0,8,11.0,10.292558368883634,-1.2000000476837158,-0.5,0.0041619837284088135,0.019999999552965164,-1.0,-100.0,-0.019999999552965164,-0.5399004220962524
2716,50520,3,171,1,OP3,FIXED_OPPONENT,train,SCRIPTED:OP3,1,3,2,1,19,0.2800000011920929,1,0,3,12.0,10.054065905119243,1.5,0.5,0.0027907490730285645,0.014999999664723873,1.0,100.0,-0.019999999552965164,0.5800503492355347
2717,50544,3,174,1,OP3,FIXED_OPPONENT,train,SCRIPTED:OP3,0,1,3,-2,19,0.2800000011920929,0,1,3,12.0,10.553062840511924,-1.2000000476837158,-0.5,0.004584804177284241,0.019999999552965164,-1.0,-100.0,0.0,-0.5367385745048523
2718,50552,3,175,2,OP3,FIXED_OPPONENT,train,SCRIPTED:OP3,0,2,3,-1,18,0.19999998807907104,1,0,3,11.0,11.020824856228298,-1.2000000476837158,-0.4000000059604645,-0.010593444108963013,0.0,-1.0,-100.0,0.0,-0.5211855173110962
2719,50560,3,176,3,OP3,FIXED_OPPONENT,train,SCRIPTED:OP3,0,2,3,-1,19,0.11999999731779099,1,0,0,12.0,10.869567067999588,-1.2000000476837158,-0.5,0.01036621630191803,0.019999999552965164,-1.0,-100.0,-0.019999999552965164,-0.5398221015930176
2720,50576,3,178,2,OP3,FIXED_OPPONENT,train,SCRIPTED:OP3,1,3,2,1,21,0.11999999731779099,1,0,1,14.0,10.655568440755209,1.5,0.5,-0.030827686190605164,0.029999999329447746,1.0,100.0,-0.019999999552965164,0.5798305869102478
2721,50584,3,179,3,OP3,FIXED_OPPONENT,train,SCRIPTED:OP3,0,3,3,0,19,0.23999999463558197,1,0,3,12.0,9.236628482216283,-0.699999988079071,0.0,0.008259236812591553,0.0,0.0,0.0,-0.019999999552965164,-0.158505380153656
2722,50600,3,181,3,OP3,FIXED_OPPONENT,train,SCRIPTED:OP3,0,2,3,-1,20,0.2800000011920929,1,0,2,12.0,10.247374725341796,-1.2000000476837158,-0.5,0.009095102548599243,0.019999999552965164,-1.0,-100.0,0.0,-0.5366814732551575
2723,50608,3,182,1,OP3,FIXED_OPPONENT,train,SCRIPTED:OP3,1,3,2,1,18,0.19999998807907104,1,0,1,11.0,10.16632080078125,1.5,0.0,0.0013759136199951172,0.0,0.0,0.0,0.0,0.3215346336364746
2724,50680,3,191,3,OP3,FIXED_OPPONENT,train,SCRIPTED:OP3,1,3,2,1,20,0.2800000011920929,1,0,3,13.0,9.60081787109375,1.5,0.5,-0.02968883514404297,0.029999999329447746,1.0,100.0,-0.019999999552965164,0.579844057559967
2725,50696,3,193,2,OP3,FIXED_OPPONENT,train,SCRIPTED:OP3,1,3,2,1,19,0.2800000011920929,1,0,0,12.0,10.873192235043174,1.5,0.5,-0.0009609013795852661,0.014999999664723873,1.0,100.0,-0.019999999552965164,0.5800060033798218
2726,50704,3,194,3,OP3,FIXED_OPPONENT,train,SCRIPTED:OP3,0,2,3,-1,19,0.19999998807907104,1,0,4,12.0,10.965511924342104,-1.2000000476837158,-0.5,-0.013736918568611145,0.019999999552965164,-1.0,-100.0,-0.019999999552965164,-0.5401257872581482
2727,50704,3,194,3,OP3,FIXED_OPPONENT,train,SCRIPTED:OP3,0,2,3,-1,18,0.23999999463558197,1,0,4,11.0,11.937407599555122,-1.2000000476837158,-0.5,0.01268148422241211,0.019999999552965164,-1.0,-100.0,-0.019999999552965164,-0.539793074131012
2728,50720,3,196,1,OP3,FIXED_OPPONENT,train,SCRIPTED:OP3,1,3,2,1,18,0.2800000011920929,1,0,2,11.0,9.602816263834635,1.5,0.5,0.031251996755599976,0.014999999664723873,1.0,100.0,0.0,0.5833256244659424
2729,50728,3,197,2,OP3,FIXED_OPPONENT,train,SCRIPTED:OP3,1,3,2,1,18,0.1599999964237213,1,0,3,11.0,10.617609659830729,1.5,0.4000000059604645,-0.006801813840866089,0.029999999329447746,1.0,100.0,0.0,0.56819748878479
2730,50752,3,200,2,OP3,FIXED_OPPONENT,train,SCRIPTED:OP3,0,2,3,-1,19,0.11999999731779099,1,0,4,12.0,10.41848353335732,-1.2000000476837158,0.0,0.007486790418624878,0.0,0.0,0.0,0.0,-0.26039639115333557
2731,50768,3,202,1,OP3,FIXED_OPPONENT,train,SCRIPTED:OP3,1,3,2,1,20,0.23999999463558197,1,0,1,13.0,10.94732666015625,1.5,0.5,0.0001433342695236206,0.029999999329447746,1.0,100.0,-0.019999999552965164,0.580195963382721
2732,50824,3,209,3,OP3,FIXED_OPPONENT,train,SCRIPTED:OP3,0,2,3,-1,18,0.2800000011920929,1,0,5,11.0,9.642064412434896,-1.2000000476837158,-0.4000000059604645,-0.009815037250518799,0.0,-1.0,-100.0,0.0,-0.5211754441261292
2733,50848,3,212,3,OP3,FIXED_OPPONENT,train,SCRIPTED:OP3,1,3,2,1,18,0.1599999964237213,1,0,5,11.0,10.258533053927952,1.5,1.0,-0.024356409907341003,0.029999999329447746,2.0,200.0,0.0,0.7616362571716309
2734,50848,3,212,1,OP3,FIXED_OPPONENT,train,SCRIPTED:OP3,0,2,3,-1,19,0.1599999964237213,1,0,0,12.0,12.104897750051398,-1.2000000476837158,-0.5,-0.00030744075775146484,0.019999999552965164,-1.0,-100.0,-0.019999999552965164,-0.5399566888809204
2735,50856,3,213,3,OP3,FIXED_OPPONENT,train,SCRIPTED:OP3,1,3,2,1,19,0.2800000011920929,1,0,1,12.0,9.60339997944079,1.5,0.5,-0.037347212433815,0.029999999329447746,1.0,100.0,0.0,0.5826966762542725
2736,50864,3,214,0,OP3,FIXED_OPPONENT,train,SCRIPTED:OP3,0,2,3,-1,18,0.3199999928474426,1,0,7,11.0,9.38757069905599,-1.2000000476837158,-0.5,-0.013624072074890137,0.0,-1.0,-100.0,0.0,-0.5372219085693359
2737,50880,3,216,3,OP3,FIXED_OPPONENT,train,SCRIPTED:OP3,1,3,2,1,19,0.23999999463558197,1,0,1,11.0,10.650786550421463,1.5,0.5,-0.015397578477859497,0.014999999664723873,1.0,100.0,0.0,0.58277827501297
2738,50888,3,217,2,OP3,FIXED_OPPONENT,train,SCRIPTED:OP3,0,2,3,-1,17,0.19999998807907104,1,0,0,11.0,10.638478896197151,-1.2000000476837158,0.0,0.004085898399353027,0.0,0.0,0.0,-0.019999999552965164,-0.264590859413147
2739,50912,3,220,0,OP3,FIXED_OPPONENT,train,SCRIPTED:OP3,1,3,2,1,18,0.19999998807907104,1,0,6,11.0,10.120079888237846,1.5,0.5,-0.029510922729969025,0.029999999329447746,1.0,100.0,0.0,0.5827887058258057
2740,50968,3,227,3,OP3,FIXED_OPPONENT,train,SCRIPTED:OP3,1,3,2,1,18,0.23999999463558197,1,0,3,11.0,11.048351711697048,1.5,0.5,-0.002043589949607849,0.029999999329447746,1.0,100.0,0.0,0.583111047744751
2741,50992,3,230,3,OP3,FIXED_OPPONENT,train,SCRIPTED:OP3,0,2,3,-1,18,0.19999998807907104,1,0,6,11.0,9.80635494656033,-1.2000000476837158,-0.5,-0.00870940089225769,0.0,-1.0,-100.0,-0.019999999552965164,-0.5403143167495728
2742,51000,3,231,0,OP3,FIXED_OPPONENT,train,SCRIPTED:OP3,0,3,3,0,19,0.23999999463558197,1,0,0,11.0,12.176808407432155,-0.699999988079071,0.0,-0.010093018412590027,0.0,0.0,0.0,0.0,-0.15448805689811707
2743,51008,3,232,1,OP3,FIXED_OPPONENT,train,SCRIPTED:OP3,0,3,3,0,18,0.23999999463558197,1,0,0,11.0,10.462872823079428,-0.699999988079071,0.0,-0.004695430397987366,0.0,0.0,0.0,0.0,-0.15439438819885254
2744,51024,3,234,3,OP3,FIXED_OPPONENT,train,SCRIPTED:OP3,1,3,2,1,18,0.23999999463558197,1,0,0,11.0,10.047456529405382,1.5,0.4000000059604645,-0.007570400834083557,0.014999999664723873,1.0,100.0,0.0,0.5680075883865356
2745,51024,3,234,3,OP3,FIXED_OPPONENT,train,SCRIPTED:OP3,0,3,3,0,21,0.19999998807907104,1,0,1,13.0,9.757241385323661,-0.699999988079071,0.5,0.008518233895301819,0.0,1.0,100.0,0.0,0.1760750263929367
2746,51040,3,236,1,OP3,FIXED_OPPONENT,train,SCRIPTED:OP3,0,2,3,-1,19,0.23999999463558197,1,0,2,12.0,10.069231535259046,-1.2000000476837158,-0.5,0.01540537178516388,0.0,-1.0,-100.0,0.0,-0.5368547439575195
2747,51064,3,239,0,OP3,FIXED_OPPONENT,train,SCRIPTED:OP3,0,3,3,0,19,0.1599999964237213,1,0,3,12.0,9.708363583213405,-0.699999988079071,0.0,-0.009197220206260681,0.0,0.0,0.0,0.0,-0.1544725000858307
2748,51120,3,246,0,OP3,FIXED_OPPONENT,train,SCRIPTED:OP3,1,3,2,1,19,0.35999998450279236,1,0,2,11.0,9.263606021278783,1.5,0.5,-0.03431059420108795,0.014999999664723873,1.0,100.0,0.0,0.5825562477111816
2749,51144,3,249,3,OP3,FIXED_OPPONENT,train,SCRIPTED:OP3,1,3,2,1,18,0.3199999928474426,1,0,4,11.0,10.38151635064019,1.5,0.8999999761581421,0.007933393120765686,0.029999999329447746,2.0,200.0,0.0,0.7523950338363647
2750,51152,3,250,3,OP3,FIXED_OPPONENT,train,SCRIPTED:OP3,0,3,3,0,18,0.23999999463558197,1,0,1,11.0,10.785990397135416,-0.699999988079071,0.0,-0.004001244902610779,0.0,0.0,0.0,0.0,-0.15438233315944672
2751,51152,3,250,0,OP3,FIXED_OPPONENT,train,SCRIPTED:OP3,0,2,3,-1,20,0.1599999964237213,1,0,1,13.0,10.72644500732422,-1.2000000476837158,-0.5,0.015272393822669983,0.019999999552965164,-1.0,-100.0,-0.019999999552965164,-0.5397603511810303
2752,51176,3,253,2,OP3,FIXED_OPPONENT,train,SCRIPTED:OP3,0,2,3,-1,19,0.19999998807907104,1,0,6,12.0,9.673291658100329,-1.2000000476837158,-0.4000000059604645,-0.005946725606918335,0.0,-1.0,-100.0,0.0,-0.5211254358291626
2753,51184,3,254,1,OP3,FIXED_OPPONENT,train,SCRIPTED:OP3,0,1,3,-2,18,0.1599999964237213,0,1,4,11.0,9.235927157931858,-1.2000000476837158,-0.5,0.0043769776821136475,0.019999999552965164,-1.0,-100.0,0.0,-0.5367412567138672
2754,51200,3,256,3,OP3,FIXED_OPPONENT,train,SCRIPTED:OP3,0,3,3,0,22,0.3199999928474426,1,0,3,15.0,9.810936667702414,-0.699999988079071,0.0,-0.007088020443916321,0.0,0.0,0.0,0.0,-0.1544359028339386
2755,51208,3,257,3,OP3,FIXED_OPPONENT,train,SCRIPTED:OP3,1,3,2,1,18,0.1599999964237213,1,0,4,11.0,11.360431247287327,1.5,0.4000000059604645,-0.007017284631729126,0.029999999329447746,1.0,100.0,0.0,0.5681948661804199
2756,51264,3,264,0,OP3,FIXED_OPPONENT,train,SCRIPTED:OP3,1,3,2,1,18,0.19999998807907104,1,0,0,12.0,11.903091430664062,1.5,0.5,-0.022007666528224945,0.029999999329447746,1.0,100.0,0.0,0.5828768014907837
2757,51296,3,268,2,OP3,FIXED_OPPONENT,train,SCRIPTED:OP3,1,3,2,1,19,0.3199999928474426,1,0,8,15.0,8.802930329975329,1.5,0.4000000059604645,0.008384063839912415,0.029999999329447746,1.0,100.0,0.0,0.5683802366256714
2758,51304,3,269,1,OP3,FIXED_OPPONENT,train,SCRIPTED:OP3,1,3,2,1,19,0.1599999964237213,1,0,1,12.0,10.458282470703125,1.5,0.5,-0.01216752827167511,0.029999999329447746,1.0,100.0,0.0,0.5829923152923584
2759,51304,3,269,0,OP3,FIXED_OPPONENT,train,SCRIPTED:OP3,1,3,2,1,19,0.19999998807907104,1,0,0,12.0,10.992772955643503,1.5,0.5,0.004648566246032715,0.029999999329447746,1.0,100.0,-0.019999999552965164,0.5802491903305054
2760,51320,3,271,1,OP3,FIXED_OPPONENT,train,SCRIPTED:OP3,1,3,2,1,17,0.19999998807907104,1,0,1,11.0,10.391354729147519,1.5,0.5,0.005731821060180664,0.029999999329447746,1.0,100.0,0.0,0.5832023024559021
2761,51336,3,273,1,OP3,FIXED_OPPONENT,train,SCRIPTED:OP3,0,2,3,-1,20,0.1599999964237213,1,0,3,11.0,9.461019134521484,-1.2000000476837158,-0.5,0.009635761380195618,0.019999999552965164,-1.0,-100.0,0.0,-0.5366746783256531
2762,51336,3,273,1,OP3,FIXED_OPPONENT,train,SCRIPTED:OP3,1,3,2,1,17,0.23999999463558197,1,0,0,13.0,10.609549129710478,1.5,0.5,-0.03349833935499191,0.029999999329447746,1.0,100.0,0.0,0.5827418565750122
2763,51368,3,277,1,OP3,FIXED_OPPONENT,train,SCRIPTED:OP3,1,3,2,1,20,0.23999999463558197,1,0,1,13.0,9.760316467285156,1.5,0.5,-0.02158208191394806,0.029999999329447746,1.0,100.0,-0.019999999552965164,0.5799397230148315
2764,51400,3,281,0,OP3,FIXED_OPPONENT,train,SCRIPTED:OP3,1,3,2,1,17,0.1599999964237213,1,0,0,11.0,10.605831370634192,1.5,0.4000000059604645,-0.009835399687290192,0.029999999329447746,1.0,100.0,0.0,0.5681609511375427
2765,51440,3,286,2,OP3,FIXED_OPPONENT,train,SCRIPTED:OP3,1,3,2,1,17,0.19999998807907104,1,0,3,11.0,9.540085736443014,1.5,0.5,-0.032478779554367065,0.029999999329447746,1.0,100.0,0.0,0.5827538371086121
2766,51448,3,287,1,OP3,FIXED_OPPONENT,train,SCRIPTED:OP3,0,2,3,-1,19,0.2800000011920929,1,0,0,12.0,11.353727641858553,-1.2000000476837158,-0.5,0.0023715347051620483,0.019999999552965164,-1.0,-100.0,-0.019999999552965164,-0.5399228930473328
2767,51472,3,290,2,OP3,FIXED_OPPONENT,train,SCRIPTED:OP3,0,2,3,-1,19,0.3199999928474426,1,0,2,12.0,10.020627473530016,-1.2000000476837158,-0.5,-0.006544560194015503,0.019999999552965164,-2.0,-200.0,-0.019999999552965164,-0.67855304479599
2768,51472,3,290,2,OP3,FIXED_OPPONENT,train,SCRIPTED:OP3,0,3,3,0,21,0.19999998807907104,1,0,4,11.0,10.563372657412575,-0.699999988079071,0.0,-0.0012210458517074585,0.0,0.0,0.0,0.0,-0.15433408319950104
2769,51480,3,291,2,OP3,FIXED_OPPONENT,train,SCRIPTED:OP3,0,2,3,-1,18,0.23999999463558197,1,0,0,11.0,11.887449476453993,-1.2000000476837158,-0.5,0.005498290061950684,0.0,-1.0,-100.0,0.0,-0.5369800925254822
2770,51488,3,292,3,OP3,FIXED_OPPONENT,train,SCRIPTED:OP3,0,3,3,0,19,0.19999998807907104,1,0,4,12.0,10.257369995117188,-0.699999988079071,0.0,-0.0028700828552246094,0.0,0.0,0.0,0.0,-0.15436270833015442
2771,51504,3,294,3,OP3,FIXED_OPPONENT,train,SCRIPTED:OP3,0,2,3,-1,17,0.1599999964237213,1,0,1,12.0,10.861762551700368,-1.2000000476837158,0.0,-0.00510946661233902,0.0,0.0,0.0,-0.019999999552965164,-0.264742910861969
2772,51544,3,299,0,OP3,FIXED_OPPONENT,train,SCRIPTED:OP3,1,3,2,1,18,0.1599999964237213,1,0,0,11.0,11.59944322374132,1.5,0.5,-0.025602489709854126,0.029999999329447746,1.0,100.0,-0.019999999552965164,0.5798922777175903
2773,51576,3,303,2,OP3,FIXED_OPPONENT,train,SCRIPTED:OP3,0,2,3,-1,17,0.23999999463558197,1,0,7,11.0,9.553784538717832,-1.2000000476837158,-0.4000000059604645,-0.005467012524604797,0.019999999552965164,-1.0,-100.0,0.0,-0.5208601355552673
2774,51584,3,304,2,OP3,FIXED_OPPONENT,train,SCRIPTED:OP3,1,3,2,1,17,0.1599999964237213,1,0,1,11.0,11.526358211741728,1.5,0.5,-0.006098724901676178,0.029999999329447746,1.0,100.0,-0.019999999552965164,0.5801223516464233
2775,51608,3,307,2,OP3,FIXED_OPPONENT,train,SCRIPTED:OP3,0,1,3,-2,15,0.19999998807907104,1,0,2,11.0,9.939021809895833,-1.2000000476837158,-0.5,-0.004139989614486694,0.0,-1.0,-100.0,0.0,-0.5371019840240479
2776,51616,3,308,1,OP3,FIXED_OPPONENT,train,SCRIPTED:OP3,1,3,2,1,18,0.1599999964237213,1,0,0,11.0,12.52886962890625,1.5,0.5,-0.00390961766242981,0.029999999329447746,1.0,100.0,-0.019999999552965164,0.5801482200622559
2777,51616,3,308,3,OP3,FIXED_OPPONENT,train,SCRIPTED:OP3,1,3,2,1,18,0.3199999928474426,1,0,1,11.0,9.10015614827474,1.5,0.5,0.02096407115459442,0.014999999664723873,1.0,100.0,0.0,0.583204984664917
2778,51624,3,309,1,OP3,FIXED_OPPONENT,train,SCRIPTED:OP3,0,2,3,-1,18,0.11999999731779099,1,0,3,12.0,9.801001654730904,-1.2000000476837158,-0.5,0.008957847952842712,0.019999999552965164,-1.0,-100.0,0.0,-0.536683201789856
2779,51680,3,316,0,OP3,FIXED_OPPONENT,train,SCRIPTED:OP3,0,3,3,0,22,0.35999998450279236,1,0,5,15.0,8.982974659312855,-0.699999988079071,0.0,0.008658140897750854,0.0,0.0,0.0,0.0,-0.15416264533996582
2780,51688,3,317,2,OP3,FIXED_OPPONENT,train,SCRIPTED:OP3,0,3,3,0,18,0.23999999463558197,1,0,0,11.0,10.843614366319445,-0.699999988079071,0.0,0.008136257529258728,0.0,0.0,0.0,0.0,-0.15417170524597168
2781,51712,3,320,2,OP3,FIXED_OPPONENT,train,SCRIPTED:OP3,1,3,2,1,16,0.3199999928474426,1,0,1,11.0,11.122445106506348,1.5,0.5,-0.00742533802986145,0.014999999664723873,1.0,100.0,0.0,0.5828718543052673
2782,51720,3,321,2,OP3,FIXED_OPPONENT,train,SCRIPTED:OP3,1,3,1,2,18,0.2800000011920929,1,0,2,11.0,10.279320610894096,1.5,0.5,-0.02155447006225586,0.029999999329447746,1.0,100.0,0.0,0.5828821063041687
2783,51752,3,325,3,OP3,FIXED_OPPONENT,train,SCRIPTED:OP3,0,2,3,-1,18,0.2800000011920929,1,0,6,11.0,9.327321370442709,-1.2000000476837158,-0.4000000059604645,-0.002423703670501709,0.019999999552965164,-1.0,-100.0,0.0,-0.5208207368850708
2784,51760,3,326,3,OP3,FIXED_OPPONENT,train,SCRIPTED:OP3,1,3,2,1,18,0.23999999463558197,1,0,4,12.0,10.788642883300781,1.5,0.4000000059604645,0.006494730710983276,0.014999999664723873,1.0,100.0,-0.019999999552965164,0.5651596784591675
2785,51784,3,329,2,OP3,FIXED_OPPONENT,train,SCRIPTED:OP3,1,3,2,1,21,0.2800000011920929,1,0,1,14.0,9.741226922898065,1.5,0.4000000059604645,-0.004121348261833191,0.014999999664723873,1.0,100.0,0.0,0.5680491924285889
2786,51800,3,331,3,OP3,FIXED_OPPONENT,train,SCRIPTED:OP3,1,3,2,1,22,0.3199999928474426,1,0,7,13.0,9.355017922141336,1.5,0.5,-0.04183666408061981,0.014999999664723873,1.0,100.0,-0.019999999552965164,0.5795236229896545
2787,51832,3,335,0,OP3,FIXED_OPPONENT,train,SCRIPTED:OP3,1,3,2,1,18,0.23999999463558197,1,0,0,11.0,10.951614379882812,1.5,0.5,0.026106983423233032,0.029999999329447746,1.0,100.0,0.0,0.5834412574768066
2788,51840,3,336,3,OP3,FIXED_OPPONENT,train,SCRIPTED:OP3,1,3,2,1,15,0.19999998807907104,1,0,1,11.0,11.347964477539062,1.5,0.4000000059604645,0.002951309084892273,0.029999999329447746,1.0,100.0,-0.019999999552965164,0.5652982592582703
2789,51848,3,337,2,OP3,FIXED_OPPONENT,train,SCRIPTED:OP3,0,3,3,0,21,0.19999998807907104,1,0,5,14.0,9.93992687406994,-0.699999988079071,0.0,-0.00526534765958786,0.0,0.0,0.0,0.0,-0.15440426766872406
2790,51864,3,339,3,OP3,FIXED_OPPONENT,train,SCRIPTED:OP3,1,3,2,1,19,0.23999999463558197,1,0,5,12.0,9.601343255293997,1.5,0.4000000059604645,-0.005693718791007996,0.029999999329447746,1.0,100.0,0.0,0.5682108402252197
2791,51904,3,344,0,OP3,FIXED_OPPONENT,train,SCRIPTED:OP3,0,2,3,-1,18,0.3199999928474426,1,0,1,11.0,8.921390109592014,-1.2000000476837158,-0.4000000059604645,-0.001010894775390625,0.0,-1.0,-100.0,-0.019999999552965164,-0.5242917537689209
2792,51904,3,344,0,OP3,FIXED_OPPONENT,train,SCRIPTED:OP3,0,2,3,-1,19,0.2800000011920929,1,0,0,13.0,11.943972938939146,-1.2000000476837158,0.0,-0.004972308874130249,0.0,0.0,0.0,-0.019999999552965164,-0.26474061608314514
2793,51936,3,348,0,OP3,FIXED_OPPONENT,train,SCRIPTED:OP3,1,3,2,1,19,0.19999998807907104,1,0,7,12.0,10.486247815583882,1.5,0.5,0.006918713450431824,0.029999999329447746,1.0,100.0,0.0,0.5832161903381348
2794,51944,3,349,0,OP3,FIXED_OPPONENT,train,SCRIPTED:OP3,0,3,3,0,18,0.19999998807907104,1,0,5,11.0,10.450631035698784,-0.699999988079071,0.0,-0.010088726878166199,0.0,0.0,0.0,0.0,-0.1544879823923111
2795,51976,3,353,3,OP3,FIXED_OPPONENT,train,SCRIPTED:OP3,0,2,3,-1,18,0.1599999964237213,1,0,1,11.0,10.277014838324654,-1.2000000476837158,-0.30000001192092896,-0.00021405518054962158,0.0,-1.0,-100.0,0.0,-0.5046752095222473
2796,51992,3,355,2,OP3,FIXED_OPPONENT,train,SCRIPTED:OP3,1,3,1,2,18,0.2800000011920929,1,0,0,11.0,9.117121378580729,1.5,0.5,-0.01622796058654785,0.014999999664723873,1.0,100.0,0.0,0.5827685594558716
2797,52000,3,356,3,OP3,FIXED_OPPONENT,train,SCRIPTED:OP3,0,1,3,-2,20,0.1599999964237213,1,0,6,13.0,9.369135284423828,-1.2000000476837158,-0.5,-0.005570307374000549,0.019999999552965164,-1.0,-100.0,0.0,-0.536867082118988
2798,52008,3,357,3,OP3,FIXED_OPPONENT,train,SCRIPTED:OP3,1,3,2,1,18,0.11999999731779099,1,0,0,11.0,11.221341451009115,1.5,0.5,0.006468325853347778,0.029999999329447746,1.0,100.0,0.0,0.5832109451293945
2799,52048,3,362,0,OP3,FIXED_OPPONENT,train,SCRIPTED:OP3,1,3,2,1,18,0.23999999463558197,1,0,2,11.0,11.309282938639322,1.5,0.5,0.009568832814693451,0.029999999329447746,1.0,100.0,0.0,0.5832473039627075
2800,52064,3,364,0,OP3,FIXED_OPPONENT,train,SCRIPTED:OP3,1,3,2,1,20,0.35999998450279236,1,0,2,13.0,9.934251403808593,1.5,0.5,-0.010522648692131042,0.02499999850988388,1.0,100.0,-0.019999999552965164,0.580011248588562
2801,52088,3,367,3,OP3,FIXED_OPPONENT,train,SCRIPTED:OP3,0,3,3,0,18,0.35999998450279236,1,0,1,11.0,10.244373745388454,-0.699999988079071,0.0,-0.008450895547866821,0.0,0.0,0.0,-0.03999999910593033,-0.16312426328659058
2802,52096,3,368,3,OP3,FIXED_OPPONENT,train,SCRIPTED:OP3,0,2,3,-1,20,0.1599999964237213,1,0,7,13.0,9.882687377929688,-1.2000000476837158,-0.5,0.012405812740325928,0.019999999552965164,-1.0,-100.0,-0.019999999552965164,-0.5397964715957642
2803,52120,3,371,0,OP3,FIXED_OPPONENT,train,SCRIPTED:OP3,1,3,2,1,18,0.1599999964237213,1,0,2,11.0,11.370701260036892,1.5,0.5,-0.034335650503635406,0.029999999329447746,1.0,100.0,0.0,0.5827319622039795
2804,52136,3,373,2,OP3,FIXED_OPPONENT,train,SCRIPTED:OP3,0,2,3,-1,18,0.1599999964237213,1,0,4,11.0,9.672688802083334,-1.2000000476837158,-0.5,-0.011833742260932922,0.0,-1.0,-100.0,0.0,-0.5371992588043213
2805,52144,3,374,0,OP3,FIXED_OPPONENT,train,SCRIPTED:OP3,1,3,2,1,18,0.19999998807907104,1,0,0,12.0,10.82014889187283,1.5,0.4000000059604645,0.00042816996574401855,0.029999999329447746,1.0,100.0,0.0,0.5682845115661621
2806,52152,3,375,3,OP3,FIXED_OPPONENT,train,SCRIPTED:OP3,0,2,3,-1,18,0.19999998807907104,1,0,1,11.0,11.044579399956596,-1.2000000476837158,-0.4000000059604645,-0.007076874375343323,0.019999999552965164,-1.0,-100.0,0.0,-0.520880937576294
2807,52200,3,381,2,OP3,FIXED_OPPONENT,train,SCRIPTED:OP3,0,2,3,-1,19,0.19999998807907104,1,0,5,12.0,9.982054057874178,-1.2000000476837158,-0.5,-0.01349601149559021,0.019999999552965164,-1.0,-100.0,0.0,-0.5369673371315002
2808,52216,3,383,2,OP3,FIXED_OPPONENT,train,SCRIPTED:OP3,0,2,3,-1,19,0.23999999463558197,1,0,2,13.0,10.193901463558799,-1.2000000476837158,-0.5,0.006872162222862244,0.019999999552965164,-1.0,-100.0,-0.019999999552965164,-0.5398661494255066
2809,52240,3,386,3,OP3,FIXED_OPPONENT,train,SCRIPTED:OP3,1,3,1,2,19,0.2800000011920929,1,0,1,12.0,10.79060925935444,1.5,0.5,-0.029105648398399353,0.014999999664723873,1.0,100.0,0.0,0.5826173424720764
2810,52256,3,388,1,OP3,FIXED_OPPONENT,train,SCRIPTED:OP3,0,2,3,-1,20,0.23999999463558197,1,0,1,13.0,9.026547241210938,-1.2000000476837158,-0.5,0.0035056322813034058,0.0,-1.0,-100.0,-0.03999999910593033,-0.5433005094528198
2811,52264,3,389,3,OP3,FIXED_OPPONENT,train,SCRIPTED:OP3,1,3,2,1,18,0.23999999463558197,1,0,2,11.0,10.102651807996962,1.5,0.4000000059604645,-0.010302111506462097,0.029999999329447746,1.0,100.0,-0.019999999552965164,0.5651378631591797
2812,52296,3,393,3,OP3,FIXED_OPPONENT,train,SCRIPTED:OP3,1,3,2,1,19,0.2800000011920929,1,0,2,12.0,11.041935167814556,1.5,0.5,-0.03243175148963928,0.029999999329447746,1.0,100.0,0.0,0.582754373550415
2813,52304,3,394,2,OP3,FIXED_OPPONENT,train,SCRIPTED:OP3,0,2,3,-1,19,0.11999999731779099,1,0,4,12.0,11.812345805921053,-1.2000000476837158,0.5,-0.004918023943901062,0.0,1.0,100.0,-0.019999999552965164,0.06205494701862335
2814,52312,3,395,0,OP3,FIXED_OPPONENT,train,SCRIPTED:OP3,1,3,2,1,22,0.3199999928474426,1,0,2,15.0,11.192726135253906,1.5,0.5,-0.025190219283103943,0.029999999329447746,1.0,100.0,0.0,0.5828393697738647
2815,52328,3,397,2,OP3,FIXED_OPPONENT,train,SCRIPTED:OP3,0,3,3,0,16,0.19999998807907104,1,0,0,11.0,11.805737495422363,-0.699999988079071,0.0,-0.0043376535177230835,0.0,0.0,0.0,-0.019999999552965164,-0.15872368216514587
2816,52360,3,401,3,OP3,FIXED_OPPONENT,train,SCRIPTED:OP3,0,1,3,-2,15,0.2800000011920929,1,0,2,11.0,11.363154093424479,-1.2000000476837158,-0.5,-0.010559067130088806,0.019999999552965164,-1.0,-100.0,0.0,-0.5369302034378052
2817,52376,3,403,1,OP3,FIXED_OPPONENT,train,SCRIPTED:OP3,1,3,2,1,20,0.1599999964237213,1,0,4,14.0,11.381902313232422,1.5,0.5,-0.04245990514755249,0.029999999329447746,1.0,100.0,0.0,0.5826365947723389
2818,52400,3,406,2,OP3,FIXED_OPPONENT,train,SCRIPTED:OP3,1,3,2,1,18,0.23999999463558197,1,0,2,11.0,10.180880228678385,1.5,0.5,-0.009551629424095154,0.0,1.0,100.0,0.0,0.5826708078384399
2819,52416,3,408,0,OP3,FIXED_OPPONENT,train,SCRIPTED:OP3,1,3,2,1,19,0.2800000011920929,1,0,4,12.0,11.280119243421053,1.5,0.5,0.013249367475509644,0.014999999664723873,1.0,100.0,-0.019999999552965164,0.580173671245575
2820,52416,3,408,0,OP3,FIXED_OPPONENT,train,SCRIPTED:OP3,1,3,1,2,15,0.19999998807907104,1,0,2,11.0,10.493572998046876,1.5,0.4000000059604645,-0.008844181895256042,0.029999999329447746,1.0,100.0,0.0,0.568172812461853
2821,52440,3,411,0,OP3,FIXED_OPPONENT,train,SCRIPTED:OP3,1,3,1,2,16,0.19999998807907104,1,0,1,12.0,10.391862869262695,1.5,0.4000000059604645,0.0012886673212051392,0.014999999664723873,1.0,100.0,-0.019999999552965164,0.5650967359542847
2822,52440,3,411,2,OP3,FIXED_OPPONENT,train,SCRIPTED:OP3,1,3,2,1,17,0.1599999964237213,1,0,2,13.0,11.107748592601103,1.5,0.4000000059604645,0.008882537484169006,0.029999999329447746,1.0,100.0,0.0,0.5683862566947937
2823,52480,3,416,2,OP3,FIXED_OPPONENT,train,SCRIPTED:OP3,0,1,3,-2,19,0.19999998807907104,1,0,2,11.0,11.779631765265213,-1.2000000476837158,0.0,0.005019128322601318,0.019999999552965164,0.0,0.0,0.0,-0.26010581851005554
2824,52512,3,420,1,OP3,FIXED_OPPONENT,train,SCRIPTED:OP3,1,3,2,1,19,0.2800000011920929,1,0,3,12.0,10.027039377312912,1.5,0.0,-0.010323494672775269,0.0,0.0,0.0,-0.019999999552965164,0.31735697388648987
2825,52536,3,423,1,OP3,FIXED_OPPONENT,train,SCRIPTED:OP3,0,2,3,-1,20,0.19999998807907104,1,0,0,13.0,11.407155609130859,-1.2000000476837158,-0.5,0.012376725673675537,0.0,-1.0,-100.0,-0.019999999552965164,-0.5400487780570984
2826,52544,3,424,3,OP3,FIXED_OPPONENT,train,SCRIPTED:OP3,0,1,3,-2,16,0.1599999964237213,1,0,0,12.0,11.419158935546875,-1.2000000476837158,-0.5,0.010629579424858093,0.019999999552965164,-1.0,-100.0,-0.019999999552965164,-0.5398188829421997
2827,52568,3,427,2,OP3,FIXED_OPPONENT,train,SCRIPTED:OP3,1,3,2,1,19,0.2800000011920929,1,0,1,12.0,9.272093923468338,1.5,0.0,-0.007672995328903198,0.0,0.0,0.0,0.0,0.32139039039611816
2828,52568,3,427,0,OP3,FIXED_OPPONENT,train,SCRIPTED:OP3,0,3,3,0,21,0.19999998807907104,1,0,3,14.0,10.808144705636161,-0.699999988079071,0.0,0.004203349351882935,0.0,0.0,0.0,0.0,-0.1542399376630783
2829,52584,3,429,2,OP3,FIXED_OPPONENT,train,SCRIPTED:OP3,1,3,2,1,18,0.23999999463558197,1,0,1,11.0,9.962777031792534,1.5,0.4000000059604645,0.007702231407165527,0.029999999329447746,1.0,100.0,-0.019999999552965164,0.5653557777404785
2830,52600,3,431,3,OP3,FIXED_OPPONENT,train,SCRIPTED:OP3,0,2,3,-1,20,0.2800000011920929,1,0,1,13.0,10.315240478515625,-1.2000000476837158,-0.5,0.0015870630741119385,0.019999999552965164,-1.0,-100.0,-0.019999999552965164,-0.5399327874183655
2831,52624,3,434,0,OP3,FIXED_OPPONENT,train,SCRIPTED:OP3,0,2,3,-1,18,0.1599999964237213,1,0,3,11.0,9.650579664442274,-1.2000000476837158,-0.5,-0.009417593479156494,0.0,-1.0,-100.0,0.0,-0.5371687412261963
2832,52648,3,437,0,OP3,FIXED_OPPONENT,train,SCRIPTED:OP3,0,3,3,0,17,0.19999998807907104,1,0,2,11.0,11.203964233398438,-0.699999988079071,0.0,0.004371315240859985,0.0,0.0,0.0,0.0,-0.1542370319366455
2833,52680,3,441,3,OP3,FIXED_OPPONENT,train,SCRIPTED:OP3,1,3,2,1,17,0.1599999964237213,1,0,2,12.0,8.682671042049632,1.5,0.0,-0.010339781641960144,0.0,0.0,0.0,0.0,0.3213478922843933
2834,52688,3,442,2,OP3,FIXED_OPPONENT,train,SCRIPTED:OP3,0,3,3,0,19,0.19999998807907104,1,0,0,12.0,10.132897627981086,-0.699999988079071,0.0,-0.0055504292249679565,0.0,0.0,0.0,0.0,-0.1544092297554016
2835,52704,3,444,1,OP3,FIXED_OPPONENT,train,SCRIPTED:OP3,1,3,2,1,17,0.19999998807907104,1,0,0,11.0,11.234682868508731,1.5,0.5,-0.030055612325668335,0.029999999329447746,1.0,100.0,0.0,0.5827823877334595
2836,52720,3,446,2,OP3,FIXED_OPPONENT,train,SCRIPTED:OP3,0,3,3,0,19,0.1599999964237213,1,0,2,12.0,10.589850977847451,-0.699999988079071,0.0,-0.007210686802864075,0.0,0.0,0.0,0.0,-0.15443803369998932
2837,52736,3,448,1,OP3,FIXED_OPPONENT,train,SCRIPTED:OP3,0,3,3,0,19,0.23999999463558197,1,0,3,12.0,10.65574806614926,-0.699999988079071,0.0,0.004339784383773804,0.0,0.0,0.0,0.0,-0.15423758327960968
2838,52768,3,452,1,OP3,FIXED_OPPONENT,train,SCRIPTED:OP3,0,2,3,-1,21,0.3199999928474426,1,0,3,14.0,9.634753999255953,-1.2000000476837158,-0.5,0.018512874841690063,0.019999999552965164,-1.0,-100.0,-0.019999999552965164,-0.5397195219993591
2839,52784,3,454,3,OP3,FIXED_OPPONENT,train,SCRIPTED:OP3,0,2,3,-1,20,0.35999998450279236,1,0,6,13.0,10.40668182373047,-1.2000000476837158,-0.5,0.009806320071220398,0.0,-1.0,-100.0,-0.019999999552965164,-0.5400811433792114
2840,52792,3,455,1,OP3,FIXED_OPPONENT,train,SCRIPTED:OP3,0,2,3,-1,18,0.19999998807907104,1,0,1,11.0,8.502013312445747,-1.2000000476837158,-0.5,-4.336237907409668e-06,0.019999999552965164,-1.0,-100.0,0.0,-0.5367966294288635
2841,52840,3,461,1,OP3,FIXED_OPPONENT,train,SCRIPTED:OP3,0,2,3,-1,19,0.2800000011920929,1,0,2,12.0,10.922900551243833,-1.2000000476837158,-0.5,-0.009466096758842468,0.0,-1.0,-100.0,0.0,-0.537169337272644
2842,52848,3,462,1,OP3,FIXED_OPPONENT,train,SCRIPTED:OP3,0,2,3,-1,21,0.1599999964237213,1,0,5,12.0,9.896379743303571,-1.2000000476837158,-0.5,-0.005519703030586243,0.019999999552965164,-1.0,-100.0,0.0,-0.5368664264678955
2843,52864,3,464,2,OP3,FIXED_OPPONENT,train,SCRIPTED:OP3,1,3,2,1,20,0.19999998807907104,1,0,4,13.0,9.842105102539062,1.5,0.5,-0.00732576847076416,0.029999999329447746,1.0,100.0,-0.03999999910593033,0.5771515369415283
2844,52888,3,467,1,OP3,FIXED_OPPONENT,train,SCRIPTED:OP3,0,2,3,-1,19,0.1599999964237213,1,0,2,12.0,11.800672029194079,-1.2000000476837158,-0.5,-0.012005031108856201,0.019999999552965164,-1.0,-100.0,-0.019999999552965164,-0.5401039123535156
2845,52888,3,467,1,OP3,FIXED_OPPONENT,train,SCRIPTED:OP3,0,3,3,0,21,0.19999998807907104,1,0,2,14.0,10.074783325195312,-0.699999988079071,0.0,0.010467708110809326,0.0,0.0,0.0,-0.019999999552965164,-0.15846708416938782
2846,52920,3,471,1,OP3,FIXED_OPPONENT,train,SCRIPTED:OP3,1,3,2,1,16,0.1599999964237213,1,0,5,11.0,8.714974403381348,1.5,0.0,-0.004472970962524414,0.0,0.0,0.0,-0.019999999552965164,0.31745052337646484
2847,52936,3,473,0,OP3,FIXED_OPPONENT,train,SCRIPTED:OP3,0,2,3,-1,19,0.19999998807907104,1,0,2,12.0,10.854464079204359,-1.2000000476837158,-0.5,-0.0012712478637695312,0.0,-1.0,-100.0,0.0,-0.5370656251907349
2848,52936,3,473,0,OP3,FIXED_OPPONENT,train,SCRIPTED:OP3,1,3,2,1,21,0.23999999463558197,1,0,6,14.0,8.87466793968564,1.5,0.5,-0.021338313817977905,0.029999999329447746,1.0,100.0,0.0,0.582884669303894
2849,53000,3,481,3,OP3,FIXED_OPPONENT,train,SCRIPTED:OP3,0,2,3,-1,19,0.23999999463558197,1,0,2,12.0,9.953041478207236,-1.2000000476837158,-0.5,-0.0022159218788146973,0.0,-1.0,-100.0,0.0,-0.5370775461196899
2850,53000,3,481,3,OP3,FIXED_OPPONENT,train,SCRIPTED:OP3,0,2,3,-1,20,0.2800000011920929,1,0,0,13.0,9.908066558837891,-1.2000000476837158,-0.5,0.005276322364807129,0.0,-1.0,-100.0,0.0,-0.5369828939437866
2851,53008,3,482,0,OP3,FIXED_OPPONENT,train,SCRIPTED:OP3,1,3,2,1,18,0.2800000011920929,1,0,6,11.0,9.91654798719618,1.5,0.4000000059604645,0.008582577109336853,0.02499999850988388,1.0,100.0,0.0,0.568322479724884
2852,53032,3,485,3,OP3,FIXED_OPPONENT,train,SCRIPTED:OP3,0,2,3,-1,18,0.3199999928474426,1,0,2,11.0,11.18426513671875,-1.2000000476837158,-0.5,-0.003559008240699768,0.0,-1.0,-100.0,0.0,-0.5370945930480957
2853,53056,3,488,2,OP3,FIXED_OPPONENT,train,SCRIPTED:OP3,1,3,2,1,21,0.19999998807907104,1,0,3,14.0,10.294015793573289,1.5,0.5,-0.012988656759262085,0.029999999329447746,1.0,100.0,0.0,0.5829826593399048
2854,53080,3,491,3,OP3,FIXED_OPPONENT,train,SCRIPTED:OP3,1,3,2,1,18,0.23999999463558197,1,0,2,11.0,11.69667477077908,1.5,0.5,-0.035041242837905884,0.029999999329447746,1.0,100.0,0.0,0.5827237367630005
2855,53088,3,492,0,OP3,FIXED_OPPONENT,train,SCRIPTED:OP3,1,3,2,1,19,0.3199999928474426,1,0,1,14.0,10.788606342516447,1.5,0.5,-0.007162913680076599,0.029999999329447746,1.0,100.0,0.0,0.5830509662628174
2856,53088,3,492,0,OP3,FIXED_OPPONENT,train,SCRIPTED:OP3,1,3,2,1,21,0.23999999463558197,1,0,3,15.0,10.164912632533483,1.5,0.5,0.010763660073280334,0.014999999664723873,1.0,100.0,0.0,0.5830853581428528
2857,53136,3,498,3,OP3,FIXED_OPPONENT,train,SCRIPTED:OP3,1,3,2,1,17,0.19999998807907104,1,0,0,11.0,10.762796738568474,1.5,0.5,-0.002129286527633667,0.029999999329447746,1.0,100.0,0.0,0.5831100344657898
2858,53152,3,500,1,OP3,FIXED_OPPONENT,train,SCRIPTED:OP3,0,2,3,-1,19,0.23999999463558197,1,0,4,12.0,10.521028217516447,-1.2000000476837158,-0.5,-0.005037397146224976,0.019999999552965164,-1.0,-100.0,0.0,-0.5368603467941284
2859,53168,3,502,2,OP3,FIXED_OPPONENT,train,SCRIPTED:OP3,1,3,2,1,17,0.19999998807907104,1,0,0,12.0,11.852408914005055,1.5,0.5,-0.008882835507392883,0.029999999329447746,1.0,100.0,0.0,0.5830308198928833
2860,53168,3,502,3,OP3,FIXED_OPPONENT,train,SCRIPTED:OP3,0,2,3,-1,20,0.23999999463558197,1,0,2,12.0,10.12529296875,-1.2000000476837158,-0.5,0.010458141565322876,0.0,-1.0,-100.0,-0.019999999552965164,-0.5400729179382324
2861,53200,3,506,0,OP3,FIXED_OPPONENT,train,SCRIPTED:OP3,1,3,2,1,18,0.35999998450279236,1,0,1,11.0,9.345497979058159,1.5,0.5,-0.026519417762756348,0.014999999664723873,1.0,100.0,-0.019999999552965164,0.5797044038772583
2862,53232,3,510,0,OP3,FIXED_OPPONENT,train,SCRIPTED:OP3,1,3,2,1,18,0.23999999463558197,1,0,3,11.0,9.633639017740885,1.5,0.5,-0.013680532574653625,0.014999999664723873,1.0,100.0,0.0,0.5827984809875488
2863,53232,3,510,3,OP3,FIXED_OPPONENT,train,SCRIPTED:OP3,0,3,3,0,19,0.3199999928474426,1,0,3,11.0,10.68446912263569,-0.699999988079071,0.5,-0.009642079472541809,0.0,1.0,100.0,-0.019999999552965164,0.17145168781280518
2864,53232,3,510,3,OP3,FIXED_OPPONENT,train,SCRIPTED:OP3,1,3,1,2,18,0.23999999463558197,1,0,0,11.0,8.911200629340279,1.5,0.5,-0.03891149163246155,0.014999999664723873,1.0,100.0,0.0,0.5825021266937256
2865,53280,3,516,1,OP3,FIXED_OPPONENT,train,SCRIPTED:OP3,1,3,2,1,18,0.19999998807907104,1,0,1,14.0,9.999170939127604,1.5,0.5,0.0014549195766448975,0.014999999664723873,1.0,100.0,0.0,0.5829761028289795
2866,53312,3,520,1,OP3,FIXED_OPPONENT,train,SCRIPTED:OP3,1,3,2,1,18,0.1599999964237213,1,0,3,11.0,10.184339735243055,1.5,0.8999999761581421,-0.009636178612709045,0.029999999329447746,2.0,200.0,0.0,0.7522594928741455
2867,53312,3,520,1,OP3,FIXED_OPPONENT,train,SCRIPTED:OP3,0,2,3,-1,20,0.19999998807907104,1,0,6,13.0,9.787035369873047,-1.2000000476837158,-0.5,0.012852981686592102,0.019999999552965164,-1.0,-100.0,-0.019999999552965164,-0.5397908687591553
2868,53312,3,520,3,OP3,FIXED_OPPONENT,train,SCRIPTED:OP3,1,3,2,1,18,0.23999999463558197,1,0,2,11.0,9.023049248589409,1.5,0.4000000059604645,-0.009478822350502014,0.029999999329447746,1.0,100.0,0.0,0.5681652426719666
2869,53344,3,524,2,OP3,FIXED_OPPONENT,train,SCRIPTED:OP3,0,3,3,0,18,0.19999998807907104,1,0,3,11.0,11.32397715250651,-0.699999988079071,0.0,-0.0024011731147766113,0.0,0.0,0.0,0.0,-0.15435457229614258
2870,53368,3,527,0,OP3,FIXED_OPPONENT,train,SCRIPTED:OP3,0,2,3,-1,17,0.2800000011920929,1,0,2,12.0,9.145438699161305,-1.2000000476837158,0.0,-0.005414068698883057,0.0,0.0,0.0,0.0,-0.2606101334095001
2871,53376,3,528,1,OP3,FIXED_OPPONENT,train,SCRIPTED:OP3,1,3,2,1,18,0.19999998807907104,1,0,0,11.0,11.45553927951389,1.5,0.5,-0.016238629817962646,0.029999999329447746,1.0,100.0,0.0,0.5829445123672485
2872,53384,3,529,1,OP3,FIXED_OPPONENT,train,SCRIPTED:OP3,1,3,2,1,19,0.23999999463558197,1,0,1,12.0,10.181577983655428,1.5,0.5,-0.009616106748580933,0.029999999329447746,1.0,100.0,0.0,0.5830222368240356
2873,53432,3,535,0,OP3,FIXED_OPPONENT,train,SCRIPTED:OP3,1,3,2,1,19,0.2800000011920929,1,0,3,12.0,10.35086380807977,1.5,0.5,-0.010295256972312927,0.029999999329447746,1.0,100.0,0.0,0.5830142498016357
2874,53456,3,538,2,OP3,FIXED_OPPONENT,train,SCRIPTED:OP3,0,2,3,-1,18,0.1599999964237213,1,0,7,11.0,10.82774437798394,-1.2000000476837158,0.5,-0.004196971654891968,0.0,1.0,100.0,0.0,0.06649378687143326
2875,53456,3,538,2,OP3,FIXED_OPPONENT,train,SCRIPTED:OP3,0,2,3,-1,18,0.4399999976158142,1,0,0,11.0,10.498033311631945,-1.2000000476837158,-0.5,-0.002735644578933716,0.0,-1.0,-100.0,-0.019999999552965164,-0.5402389764785767
2876,53456,3,538,3,OP3,FIXED_OPPONENT,train,SCRIPTED:OP3,0,3,3,0,18,0.1599999964237213,1,0,4,11.0,9.50406222873264,-0.699999988079071,0.0,-0.00010637938976287842,0.0,0.0,0.0,0.0,-0.15431475639343262
2877,53504,3,544,2,OP3,FIXED_OPPONENT,train,SCRIPTED:OP3,1,3,2,1,17,0.2800000011920929,1,0,3,12.0,11.283195944393382,1.5,0.5,-0.005829229950904846,0.029999999329447746,1.0,100.0,0.0,0.5830666422843933
2878,53520,3,546,2,OP3,FIXED_OPPONENT,train,SCRIPTED:OP3,0,3,3,0,18,0.19999998807907104,1,0,0,11.0,11.556446499294704,-0.699999988079071,0.0,0.008877098560333252,0.0,0.0,0.0,0.0,-0.1541588306427002
2879,53520,3,546,2,OP3,FIXED_OPPONENT,train,SCRIPTED:OP3,1,3,2,1,22,0.35999998450279236,1,0,3,11.0,9.042401400479404,1.5,0.5,-0.029789790511131287,0.014999999664723873,1.0,100.0,0.0,0.5826092958450317
2880,53536,3,548,3,OP3,FIXED_OPPONENT,train,SCRIPTED:OP3,0,2,3,-1,19,0.19999998807907104,1,0,2,11.0,11.410951313219572,-1.2000000476837158,-0.5,0.004972100257873535,0.019999999552965164,-1.0,-100.0,0.0,-0.5367336869239807
2881,53568,3,552,3,OP3,FIXED_OPPONENT,train,SCRIPTED:OP3,1,3,2,1,17,0.23999999463558197,1,0,0,11.0,10.556831808651195,1.5,0.4000000059604645,-0.00161077082157135,0.029999999329447746,1.0,100.0,0.0,0.5682600140571594
2882,53584,3,554,2,OP3,FIXED_OPPONENT,train,SCRIPTED:OP3,0,2,3,-1,16,0.23999999463558197,1,0,1,12.0,9.552945137023926,-1.2000000476837158,-0.4000000059604645,0.0005242228507995605,0.019999999552965164,-1.0,-100.0,-0.019999999552965164,-0.5240140557289124
2883,53616,3,558,3,OP3,FIXED_OPPONENT,train,SCRIPTED:OP3,0,2,3,-1,20,0.2800000011920929,1,0,6,12.0,9.55135726928711,-1.2000000476837158,-0.5,-0.00671154260635376,0.0,-1.0,-100.0,-0.019999999552965164,-0.540289044380188
2884,53616,3,558,2,OP3,FIXED_OPPONENT,train,SCRIPTED:OP3,0,2,3,-1,20,0.2800000011920929,1,0,5,12.0,9.006476593017577,-1.2000000476837158,-0.5,0.007316276431083679,0.019999999552965164,-1.0,-100.0,-0.019999999552965164,-0.5398606061935425
2885,53648,3,562,0,OP3,FIXED_OPPONENT,train,SCRIPTED:OP3,1,3,2,1,18,0.1599999964237213,1,0,3,11.0,11.367019653320312,1.5,0.5,0.02758878469467163,0.029999999329447746,1.0,100.0,0.0,0.583458662033081
2886,53672,3,565,1,OP3,FIXED_OPPONENT,train,SCRIPTED:OP3,0,2,3,-1,19,0.23999999463558197,1,0,1,12.0,11.236682289525083,-1.2000000476837158,-0.5,0.0007814913988113403,0.019999999552965164,-1.0,-100.0,-0.019999999552965164,-0.5399429202079773
2887,53672,3,565,0,OP3,FIXED_OPPONENT,train,SCRIPTED:OP3,1,3,2,1,19,0.2800000011920929,1,0,2,12.0,11.462807906301398,1.5,0.5,0.0067953914403915405,0.029999999329447746,1.0,100.0,0.0,0.5832147598266602
2888,53680,3,566,0,OP3,FIXED_OPPONENT,train,SCRIPTED:OP3,1,3,2,1,18,0.19999998807907104,1,0,2,11.0,9.858044942220053,1.5,0.5,-0.007673218846321106,0.029999999329447746,1.0,100.0,0.0,0.5830450057983398
2889,53704,3,569,0,OP3,FIXED_OPPONENT,train,SCRIPTED:OP3,0,2,3,-1,17,0.19999998807907104,1,0,0,11.0,10.653833725873161,-1.2000000476837158,-0.5,0.008349403738975525,0.0,-1.0,-100.0,0.0,-0.5369440317153931
2890,53728,3,572,1,OP3,FIXED_OPPONENT,train,SCRIPTED:OP3,1,3,2,1,18,0.19999998807907104,1,0,0,12.0,11.416446261935764,1.5,0.4000000059604645,0.003675401210784912,0.029999999329447746,1.0,100.0,0.0,0.5683236122131348
2891,53768,3,577,0,OP3,FIXED_OPPONENT,train,SCRIPTED:OP3,1,3,2,1,19,0.11999999731779099,1,0,0,12.0,10.742437262284128,1.5,0.5,-0.017058618366718292,0.029999999329447746,1.0,100.0,0.0,0.5829348564147949
2892,53768,3,577,1,OP3,FIXED_OPPONENT,train,SCRIPTED:OP3,0,3,3,0,19,0.23999999463558197,1,0,1,11.0,10.488515753495065,-0.699999988079071,0.0,-0.010290488600730896,0.0,0.0,0.0,0.0,-0.15449148416519165
2893,53784,3,579,2,OP3,FIXED_OPPONENT,train,SCRIPTED:OP3,0,2,3,-1,17,0.3199999928474426,1,0,3,11.0,10.005344166475183,-1.2000000476837158,0.0,-0.004912063479423523,0.0,0.0,0.0,0.0,-0.26060184836387634
2894,53824,3,584,0,OP3,FIXED_OPPONENT,train,SCRIPTED:OP3,0,2,3,-1,19,0.19999998807907104,1,0,1,12.0,11.873567280016447,-1.2000000476837158,-0.5,0.01504284143447876,0.019999999552965164,-1.0,-100.0,0.0,-0.5366061329841614
2895,53832,3,585,3,OP3,FIXED_OPPONENT,train,SCRIPTED:OP3,0,3,3,0,20,0.23999999463558197,1,0,2,12.0,10.503807067871094,-0.699999988079071,0.0,-0.009674116969108582,0.0,0.0,0.0,-0.019999999552965164,-0.1588161438703537
2896,53840,3,586,1,OP3,FIXED_OPPONENT,train,SCRIPTED:OP3,1,3,2,1,20,0.2800000011920929,1,0,1,12.0,10.500155639648437,1.5,0.5,-0.03569410741329193,0.014999999664723873,1.0,100.0,-0.019999999552965164,0.5795961618423462
2897,53848,3,587,1,OP3,FIXED_OPPONENT,train,SCRIPTED:OP3,0,2,3,-1,18,0.19999998807907104,1,0,1,11.0,10.28706783718533,-1.2000000476837158,0.10000002384185791,0.001960247755050659,0.019999999552965164,0.0,0.0,0.0,-0.2393212914466858
2898,53880,3,591,2,OP3,FIXED_OPPONENT,train,SCRIPTED:OP3,0,2,3,-1,19,0.19999998807907104,1,0,1,12.0,10.762714586759868,-1.2000000476837158,-0.5,0.015246361494064331,0.0,-1.0,-100.0,0.0,-0.5368567109107971
2899,53920,3,596,1,OP3,FIXED_OPPONENT,train,SCRIPTED:OP3,0,2,3,-1,19,0.19999998807907104,1,0,2,12.0,10.892724288137336,-1.2000000476837158,-0.5,-0.0005360692739486694,0.019999999552965164,-1.0,-100.0,0.0,-0.5368034243583679
2900,53928,3,597,2,OP3,FIXED_OPPONENT,train,SCRIPTED:OP3,0,2,3,-1,18,0.19999998807907104,1,0,3,11.0,9.915014478895399,-1.2000000476837158,-0.5,-0.0007218718528747559,0.019999999552965164,-1.0,-100.0,-0.019999999552965164,-0.5399618148803711
2901,53928,3,597,2,OP3,FIXED_OPPONENT,train,SCRIPTED:OP3,1,3,1,2,20,0.19999998807907104,1,0,3,13.0,9.430918121337891,1.5,0.5,-0.024580374360084534,0.029999999329447746,1.0,100.0,-0.019999999552965164,0.579904317855835
2902,53968,3,602,3,OP3,FIXED_OPPONENT,train,SCRIPTED:OP3,0,2,3,-1,18,0.1599999964237213,1,0,0,11.0,12.658237881130642,-1.2000000476837158,-0.5,-0.002094253897666931,0.019999999552965164,-1.0,-100.0,-0.019999999552965164,-0.5399791598320007
2903,53984,3,604,3,OP3,FIXED_OPPONENT,train,SCRIPTED:OP3,0,2,3,-1,19,0.23999999463558197,1,0,7,12.0,10.681659096165708,-1.2000000476837158,-0.5,-0.0022237002849578857,0.019999999552965164,-1.0,-100.0,-0.019999999552965164,-0.5399807691574097
2904,53992,3,605,1,OP3,FIXED_OPPONENT,train,SCRIPTED:OP3,1,3,2,1,19,0.23999999463558197,1,0,0,12.0,12.645937467876234,1.5,0.5,-0.01464158296585083,0.029999999329447746,1.0,100.0,0.0,0.582963228225708
2905,54000,3,606,0,OP3,FIXED_OPPONENT,train,SCRIPTED:OP3,0,3,3,0,19,0.1599999964237213,1,0,3,12.0,10.121688039679276,-0.699999988079071,0.0,-0.005605459213256836,0.0,0.0,0.0,-0.019999999552965164,-0.1587456613779068
2906,54008,3,607,0,OP3,FIXED_OPPONENT,train,SCRIPTED:OP3,0,2,3,-1,16,0.19999998807907104,1,0,0,12.0,11.43762493133545,-1.2000000476837158,0.0,-0.009508207440376282,0.0,0.0,0.0,-0.019999999552965164,-0.26481562852859497
2907,54056,3,613,0,OP3,FIXED_OPPONENT,train,SCRIPTED:OP3,0,2,3,-1,17,0.2800000011920929,1,0,0,13.0,12.207359762752757,-1.2000000476837158,-0.5,-0.006006285548210144,0.0,-1.0,-100.0,0.0,-0.5371255278587341
2908,54072,3,615,1,OP3,FIXED_OPPONENT,train,SCRIPTED:OP3,1,3,2,1,18,0.1599999964237213,1,0,0,12.0,10.866895887586805,1.5,0.5,-0.008499547839164734,0.029999999329447746,1.0,100.0,-0.019999999552965164,0.580094039440155
2909,54072,3,615,2,OP3,FIXED_OPPONENT,train,SCRIPTED:OP3,0,2,3,-1,18,0.2800000011920929,1,0,0,11.0,9.563854641384548,-1.2000000476837158,-0.4000000059604645,-0.010743603110313416,0.019999999552965164,-1.0,-100.0,0.0,-0.5209284424781799
2910,54128,3,622,1,OP3,FIXED_OPPONENT,train,SCRIPTED:OP3,1,3,2,1,20,0.2800000011920929,1,0,1,12.0,10.567118072509766,1.5,0.5,0.020055577158927917,0.014999999664723873,1.0,100.0,-0.03999999910593033,0.5772982835769653
2911,54136,3,623,1,OP3,FIXED_OPPONENT,train,SCRIPTED:OP3,0,2,3,-1,18,0.11999999731779099,1,0,0,11.0,11.166253831651476,-1.2000000476837158,-0.4000000059604645,6.249547004699707e-05,0.019999999552965164,-1.0,-100.0,0.0,-0.5207884311676025
2912,54144,3,624,1,OP3,FIXED_OPPONENT,train,SCRIPTED:OP3,0,3,3,0,20,0.2800000011920929,1,0,1,13.0,10.533859252929688,-0.699999988079071,0.0,0.0033306479454040527,0.0,0.0,0.0,0.0,-0.15425510704517365
2913,54152,3,625,0,OP3,FIXED_OPPONENT,train,SCRIPTED:OP3,0,2,3,-1,18,0.1599999964237213,1,0,2,11.0,11.151468065049913,-1.2000000476837158,-0.5,0.007722482085227966,0.019999999552965164,-1.0,-100.0,0.0,-0.5366988182067871
2914,54152,3,625,0,OP3,FIXED_OPPONENT,train,SCRIPTED:OP3,1,3,2,1,19,0.2800000011920929,1,0,2,12.0,10.134590550472861,1.5,0.5,-0.01575908064842224,0.029999999329447746,1.0,100.0,0.0,0.5829501152038574
2915,54208,3,632,3,OP3,FIXED_OPPONENT,train,SCRIPTED:OP3,0,3,3,0,19,0.2800000011920929,1,0,4,12.0,9.714765046772204,-0.699999988079071,0.0,-0.008362874388694763,0.0,0.0,0.0,-0.019999999552965164,-0.15879343450069427
2916,54240,3,636,1,OP3,FIXED_OPPONENT,train,SCRIPTED:OP3,0,2,3,-1,21,0.23999999463558197,1,0,3,14.0,9.318846203031994,-1.2000000476837158,-0.5,-0.006527602672576904,0.019999999552965164,-1.0,-100.0,0.0,-0.5368791818618774
2917,54240,3,636,3,OP3,FIXED_OPPONENT,train,SCRIPTED:OP3,0,2,3,-1,21,0.23999999463558197,1,0,3,14.0,10.967815580822172,-1.2000000476837158,-0.4000000059604645,-0.007629603147506714,0.019999999552965164,-1.0,-100.0,0.0,-0.5208881497383118
2918,54272,3,640,3,OP3,FIXED_OPPONENT,train,SCRIPTED:OP3,1,3,2,1,18,0.23999999463558197,1,0,1,11.0,11.919407314724392,1.5,0.4000000059604645,-0.0003262758255004883,0.014999999664723873,1.0,100.0,0.0,0.5680948495864868
2919,54288,3,642,3,OP3,FIXED_OPPONENT,train,SCRIPTED:OP3,0,2,3,-1,19,0.23999999463558197,1,0,0,11.0,11.479936298571134,-1.2000000476837158,-0.5,-0.0002269446849822998,0.0,-1.0,-100.0,-0.019999999552965164,-0.5402074456214905
2920,54296,3,643,1,OP3,FIXED_OPPONENT,train,SCRIPTED:OP3,1,3,2,1,18,0.3999999761581421,1,0,0,11.0,10.228104485405815,1.5,0.4000000059604645,0.005293339490890503,0.014999999664723873,1.0,100.0,0.0,0.5681625604629517
2921,54304,3,644,0,OP3,FIXED_OPPONENT,train,SCRIPTED:OP3,0,2,3,-1,19,0.23999999463558197,1,0,1,12.0,11.452266492341694,-1.2000000476837158,-0.5,-0.005470439791679382,0.0,-1.0,-100.0,-0.019999999552965164,-0.5402734279632568
2922,54320,3,646,0,OP3,FIXED_OPPONENT,train,SCRIPTED:OP3,0,3,3,0,22,0.19999998807907104,1,0,2,15.0,10.648663607510654,-0.699999988079071,0.0,-0.005117639899253845,0.0,0.0,0.0,-0.019999999552965164,-0.1587371975183487
2923,54360,3,651,3,OP3,FIXED_OPPONENT,train,SCRIPTED:OP3,1,3,2,1,19,0.2800000011920929,1,0,2,12.0,10.20953369140625,1.5,0.0,-0.000590100884437561,0.0,0.0,0.0,-0.019999999552965164,0.317512571811676
2924,54392,3,655,0,OP3,FIXED_OPPONENT,train,SCRIPTED:OP3,1,3,2,1,19,0.19999998807907104,1,0,0,12.0,11.20999547054893,1.5,0.5,0.002701781690120697,0.029999999329447746,1.0,100.0,0.0,0.5831667184829712
2925,54392,3,655,3,OP3,FIXED_OPPONENT,train,SCRIPTED:OP3,0,2,3,-1,19,0.2800000011920929,1,0,5,12.0,10.366316945929276,-1.2000000476837158,-0.5,0.008187219500541687,0.019999999552965164,-1.0,-100.0,0.0,-0.5366929769515991
2926,54416,3,658,2,OP3,FIXED_OPPONENT,train,SCRIPTED:OP3,1,3,2,1,18,0.2800000011920929,1,0,1,11.0,10.242684258355034,1.5,0.4000000059604645,-0.0008773058652877808,0.02499999850988388,1.0,100.0,0.0,0.568208634853363
2927,54448,3,662,1,OP3,FIXED_OPPONENT,train,SCRIPTED:OP3,0,3,3,0,19,0.2800000011920929,1,0,0,11.0,10.399910374691611,-0.699999988079071,0.0,-0.002834603190422058,0.0,0.0,0.0,-0.019999999552965164,-0.15869763493537903
2928,54448,3,662,1,OP3,FIXED_OPPONENT,train,SCRIPTED:OP3,1,3,2,1,18,0.1599999964237213,1,0,2,11.0,9.895879109700521,1.5,0.5,0.013543128967285156,0.029999999329447746,1.0,100.0,0.0,0.5832939147949219
2929,54456,3,663,3,OP3,FIXED_OPPONENT,train,SCRIPTED:OP3,0,2,3,-1,21,0.3999999761581421,1,0,1,12.0,9.527943929036459,-1.2000000476837158,-0.5,0.0016413629055023193,0.019999999552965164,-1.0,-100.0,0.0,-0.5367758870124817
2930,54496,3,668,2,OP3,FIXED_OPPONENT,train,SCRIPTED:OP3,0,3,3,0,22,0.19999998807907104,1,0,3,11.0,10.527073946866123,-0.699999988079071,0.0,0.008651912212371826,0.0,0.0,0.0,0.0,-0.15416276454925537
2931,54504,3,669,3,OP3,FIXED_OPPONENT,train,SCRIPTED:OP3,1,3,2,1,18,0.3199999928474426,1,0,0,11.0,10.243450588650173,1.5,0.4000000059604645,-0.010429367423057556,0.029999999329447746,1.0,100.0,0.0,0.5681537985801697
2932,54528,3,672,3,OP3,FIXED_OPPONENT,train,SCRIPTED:OP3,1,3,1,2,17,0.23999999463558197,1,0,2,11.0,10.638483384076286,1.5,0.5,-0.022858083248138428,0.029999999329447746,1.0,100.0,0.0,0.5828667879104614
2933,54528,3,672,3,OP3,FIXED_OPPONENT,train,SCRIPTED:OP3,0,1,3,-2,17,0.11999999731779099,1,0,4,11.0,10.287956686580882,-1.2000000476837158,0.0,-0.00016626715660095215,0.019999999552965164,-1.0,-100.0,-0.019999999552965164,-0.4565790593624115
2934,54560,3,676,3,OP3,FIXED_OPPONENT,train,SCRIPTED:OP3,1,3,1,2,18,0.4399999976158142,1,0,2,11.0,9.190439012315538,1.5,0.5,-0.006812989711761475,0.014999999664723873,1.0,100.0,0.0,0.5828790664672852
2935,54592,3,680,1,OP3,FIXED_OPPONENT,train,SCRIPTED:OP3,0,2,3,-1,18,0.19999998807907104,1,0,3,11.0,10.490645514594185,-1.2000000476837158,-0.5,-0.004081785678863525,0.0,-1.0,-100.0,-0.019999999552965164,-0.5402559041976929
2936,54600,3,681,1,OP3,FIXED_OPPONENT,train,SCRIPTED:OP3,0,3,3,0,19,0.2800000011920929,1,0,1,12.0,9.984968486585116,-0.699999988079071,0.0,0.003925710916519165,0.0,0.0,0.0,0.0,-0.1542447805404663
2937,54608,3,682,2,OP3,FIXED_OPPONENT,train,SCRIPTED:OP3,0,2,3,-1,19,0.35999998450279236,1,0,1,12.0,10.282027395148026,-1.2000000476837158,-0.5,0.008593767881393433,0.019999999552965164,-1.0,-100.0,-0.019999999552965164,-0.5398444533348083
2938,54632,3,685,0,OP3,FIXED_OPPONENT,train,SCRIPTED:OP3,1,3,2,1,17,0.1599999964237213,1,0,2,11.0,11.175757913028493,1.5,0.5,0.017764821648597717,0.029999999329447746,1.0,100.0,0.0,0.5833433866500854
2939,54656,3,688,0,OP3,FIXED_OPPONENT,train,SCRIPTED:OP3,1,3,2,1,19,0.1599999964237213,1,0,3,12.0,10.286878083881579,1.5,1.0,0.004005149006843567,0.029999999329447746,2.0,200.0,0.0,0.7618479132652283
2940,54672,3,690,1,OP3,FIXED_OPPONENT,train,SCRIPTED:OP3,1,3,2,1,18,0.2800000011920929,1,0,2,11.0,9.885978698730469,1.5,0.4000000059604645,-0.010058775544166565,0.029999999329447746,1.0,100.0,0.0,0.5681582093238831
2941,54680,3,691,0,OP3,FIXED_OPPONENT,train,SCRIPTED:OP3,1,3,2,1,15,0.3199999928474426,1,0,2,11.0,10.96009521484375,1.5,0.5,-0.009568795561790466,0.014999999664723873,1.0,100.0,0.0,0.5828466415405273
2942,54680,3,691,2,OP3,FIXED_OPPONENT,train,SCRIPTED:OP3,1,3,2,1,19,0.3199999928474426,1,0,3,12.0,10.858277973375822,1.5,0.5,-0.0221431702375412,0.029999999329447746,1.0,100.0,-0.019999999552965164,0.5799331068992615
2943,54744,3,699,1,OP3,FIXED_OPPONENT,train,SCRIPTED:OP3,1,3,2,1,19,0.19999998807907104,1,0,2,12.0,11.195681120219984,1.5,0.5,-0.002071268856525421,0.029999999329447746,1.0,100.0,0.0,0.5831107497215271
2944,54760,3,701,3,OP3,FIXED_OPPONENT,train,SCRIPTED:OP3,1,3,2,1,19,0.35999998450279236,1,0,1,11.0,9.427149722450658,1.5,0.0,-0.007566332817077637,0.0,0.0,0.0,-0.019999999552965164,0.31740105152130127
2945,54768,3,702,0,OP3,FIXED_OPPONENT,train,SCRIPTED:OP3,0,3,3,0,21,0.23999999463558197,0,1,7,11.0,10.107729957217263,-0.699999988079071,0.0,0.0025440827012062073,0.0,0.0,0.0,0.0,-0.15426874160766602
2946,54784,3,704,2,OP3,FIXED_OPPONENT,train,SCRIPTED:OP3,1,3,2,1,19,0.3199999928474426,1,0,4,11.0,9.903501811780428,1.5,0.5,-0.015726789832115173,0.014999999664723873,1.0,100.0,-0.019999999552965164,0.5798318386077881
2947,54808,3,707,3,OP3,FIXED_OPPONENT,train,SCRIPTED:OP3,1,3,2,1,17,0.19999998807907104,1,0,0,12.0,10.609190099379596,1.5,0.0,-0.007447630167007446,0.0,0.0,0.0,-0.019999999552965164,0.3174029290676117
2948,54808,3,707,3,OP3,FIXED_OPPONENT,train,SCRIPTED:OP3,1,3,2,1,19,0.19999998807907104,1,0,2,12.0,10.556901630602384,1.5,0.5,-0.02438490092754364,0.029999999329447746,1.0,100.0,0.0,0.5828487873077393
2949,54824,3,709,1,OP3,FIXED_OPPONENT,train,SCRIPTED:OP3,0,2,3,-1,18,0.1599999964237213,1,0,1,11.0,11.183381822374132,-1.2000000476837158,-0.5,-0.0026925653219223022,0.019999999552965164,-1.0,-100.0,0.0,-0.5368306636810303
2950,54832,3,710,3,OP3,FIXED_OPPONENT,train,SCRIPTED:OP3,0,2,3,-1,19,0.2800000011920929,1,0,7,12.0,9.358857004266037,-1.2000000476837158,-0.5,0.00423857569694519,0.019999999552965164,-1.0,-100.0,0.0,-0.5367429852485657
2951,54912,3,720,1,OP3,FIXED_OPPONENT,train,SCRIPTED:OP3,0,3,3,0,21,0.19999998807907104,1,0,5,14.0,10.259099324544271,-0.699999988079071,0.0,0.008220955729484558,0.0,0.0,0.0,0.0,-0.1541702300310135
2952,54920,3,721,0,OP3,FIXED_OPPONENT,train,SCRIPTED:OP3,0,2,3,-1,19,0.35999998450279236,1,0,2,12.0,10.117767333984375,-1.2000000476837158,-0.5,0.009304225444793701,0.019999999552965164,-1.0,-100.0,-0.03999999910593033,-0.5429772138595581
2953,54928,3,722,2,OP3,FIXED_OPPONENT,train,SCRIPTED:OP3,0,3,3,0,21,0.2800000011920929,1,0,6,12.0,8.534112839471726,-0.699999988079071,0.0,-0.0013901293277740479,0.0,0.0,0.0,0.0,-0.15433703362941742
2954,54928,3,722,2,OP3,FIXED_OPPONENT,train,SCRIPTED:OP3,1,3,2,1,18,0.23999999463558197,1,0,3,11.0,10.427440219455296,1.5,0.5,-0.021946460008621216,0.029999999329447746,1.0,100.0,0.0,0.582877516746521
2955,54960,3,726,1,OP3,FIXED_OPPONENT,train,SCRIPTED:OP3,0,2,3,-1,19,0.19999998807907104,1,0,0,11.0,11.661919041683799,-1.2000000476837158,-0.5,0.011182844638824463,0.019999999552965164,-1.0,-100.0,0.0,-0.536655068397522
2956,54968,3,727,2,OP3,FIXED_OPPONENT,train,SCRIPTED:OP3,0,2,3,-1,20,0.23999999463558197,1,0,4,13.0,10.26846694946289,-1.2000000476837158,-0.5,5.5283308029174805e-05,0.019999999552965164,-1.0,-100.0,-0.019999999552965164,-0.5399520397186279
2957,54976,3,728,0,OP3,FIXED_OPPONENT,train,SCRIPTED:OP3,0,2,3,-1,18,0.23999999463558197,1,0,3,12.0,9.778592427571615,-1.2000000476837158,-0.4000000059604645,-0.0070171058177948,0.019999999552965164,-1.0,-100.0,0.0,-0.5208801627159119
2958,54984,3,729,2,OP3,FIXED_OPPONENT,train,SCRIPTED:OP3,1,3,2,1,20,0.23999999463558197,1,0,0,13.0,11.272703552246094,1.5,0.5,-0.020695194602012634,0.029999999329447746,1.0,100.0,0.0,0.5828921794891357
2959,55072,3,740,0,OP3,FIXED_OPPONENT,train,SCRIPTED:OP3,1,3,2,1,19,0.19999998807907104,1,0,5,11.0,9.535113686009458,1.5,0.5,-0.015327289700508118,0.014999999664723873,1.0,100.0,0.0,0.5827791094779968
2960,55072,3,740,2,OP3,FIXED_OPPONENT,train,SCRIPTED:OP3,0,2,3,-1,20,0.1599999964237213,1,0,1,12.0,11.550723266601562,-1.2000000476837158,-0.5,0.005624860525131226,0.019999999552965164,-1.0,-100.0,-0.019999999552965164,-0.5398819446563721
2961,55080,3,741,0,OP3,FIXED_OPPONENT,train,SCRIPTED:OP3,1,3,2,1,19,0.3999999761581421,1,0,1,11.0,9.591054815995065,1.5,0.5,-0.011834457516670227,0.02499999850988388,1.0,100.0,0.0,0.582937479019165
2962,55080,3,741,3,OP3,FIXED_OPPONENT,train,SCRIPTED:OP3,0,2,3,-1,19,0.23999999463558197,1,0,5,12.0,10.62270074141653,-1.2000000476837158,-0.5,-0.009342879056930542,0.0,-1.0,-100.0,-0.03999999910593033,-0.5434615015983582
2963,55104,3,744,2,OP3,FIXED_OPPONENT,train,SCRIPTED:OP3,1,3,1,2,17,0.2800000011920929,1,0,0,11.0,10.712379006778493,1.5,0.5,-0.009767353534698486,0.014999999664723873,1.0,100.0,0.0,0.5828443765640259
2964,55120,3,746,0,OP3,FIXED_OPPONENT,train,SCRIPTED:OP3,1,3,2,1,20,0.19999998807907104,1,0,1,13.0,11.750480651855469,1.5,0.5,0.002698451280593872,0.029999999329447746,1.0,100.0,-0.019999999552965164,0.5802261829376221
2965,55128,3,747,0,OP3,FIXED_OPPONENT,train,SCRIPTED:OP3,1,3,2,1,19,0.23999999463558197,1,0,0,12.0,11.491218165347451,1.5,0.5,-0.02391299605369568,0.029999999329447746,1.0,100.0,0.0,0.5828543901443481
2966,55128,3,747,0,OP3,FIXED_OPPONENT,train,SCRIPTED:OP3,1,3,2,1,18,0.35999998450279236,1,0,2,11.0,10.922448052300346,1.5,0.5,0.0011699944734573364,0.02499999850988388,1.0,100.0,0.0,0.58309006690979
2967,55208,3,757,1,OP3,FIXED_OPPONENT,train,SCRIPTED:OP3,0,2,3,-1,17,0.1599999964237213,1,0,1,11.0,11.128004186293659,-1.2000000476837158,0.0,0.0037383362650871277,0.0,0.0,0.0,0.0,-0.26045849919319153
2968,55216,3,758,0,OP3,FIXED_OPPONENT,train,SCRIPTED:OP3,0,3,3,0,18,0.23999999463558197,1,0,1,11.0,10.267082214355469,-0.699999988079071,0.5,-0.01031552255153656,0.0,1.0,100.0,0.0,0.17575056850910187
2969,55224,3,759,1,OP3,FIXED_OPPONENT,train,SCRIPTED:OP3,0,2,3,-1,18,0.23999999463558197,1,0,0,11.0,11.674112108018663,-1.2000000476837158,-0.4000000059604645,-0.0063067227602005005,0.0,-1.0,-100.0,0.0,-0.5211300253868103
2970,55224,3,759,3,OP3,FIXED_OPPONENT,train,SCRIPTED:OP3,0,2,3,-1,18,0.19999998807907104,1,0,6,12.0,8.933705647786459,-1.2000000476837158,-0.4000000059604645,-0.004071071743965149,0.019999999552965164,-1.0,-100.0,0.0,-0.5208420753479004
2971,55248,3,762,3,OP3,FIXED_OPPONENT,train,SCRIPTED:OP3,0,3,3,0,18,0.19999998807907104,1,0,2,11.0,11.501151190863716,-0.699999988079071,0.0,0.005998723208904266,0.0,0.0,0.0,0.0,-0.15420879423618317
2972,55256,3,763,1,OP3,FIXED_OPPONENT,train,SCRIPTED:OP3,1,3,2,1,17,0.19999998807907104,1,0,1,13.0,9.254807416130514,1.5,0.5,0.01929306983947754,0.029999999329447746,1.0,100.0,-0.019999999552965164,0.5804218053817749
2973,55256,3,763,0,OP3,FIXED_OPPONENT,train,SCRIPTED:OP3,1,3,1,2,16,0.1599999964237213,1,0,2,12.0,10.580438613891602,1.5,0.5,0.007937446236610413,0.014999999664723873,1.0,100.0,-0.03999999910593033,0.5771546363830566
2974,55272,3,765,1,OP3,FIXED_OPPONENT,train,SCRIPTED:OP3,0,2,3,-1,18,0.23999999463558197,1,0,1,11.0,11.412152608235678,-1.2000000476837158,-0.5,0.009071186184883118,0.019999999552965164,-1.0,-100.0,0.0,-0.5366817712783813
2975,55344,3,774,2,OP3,FIXED_OPPONENT,train,SCRIPTED:OP3,0,1,3,-2,15,0.23999999463558197,1,0,0,11.0,11.698679606119791,-1.2000000476837158,-0.5,0.01507556438446045,0.019999999552965164,-1.0,-100.0,-0.03999999910593033,-0.5429048538208008
2976,55360,3,776,3,OP3,FIXED_OPPONENT,train,SCRIPTED:OP3,0,2,3,-1,18,0.19999998807907104,1,0,3,11.0,10.403887430826822,-1.2000000476837158,-0.5,-0.007741034030914307,0.0,-1.0,-100.0,0.0,-0.5371474623680115
2977,55368,3,777,3,OP3,FIXED_OPPONENT,train,SCRIPTED:OP3,1,3,2,1,20,0.1599999964237213,1,0,4,13.0,9.355276489257813,1.5,1.0,-0.01728931814432144,0.029999999329447746,2.0,200.0,-0.019999999552965164,0.7598168253898621
2978,55368,3,777,3,OP3,FIXED_OPPONENT,train,SCRIPTED:OP3,0,2,3,-1,18,0.23999999463558197,1,0,2,11.0,9.738363477918837,-1.2000000476837158,-0.4000000059604645,-0.010502338409423828,0.019999999552965164,-1.0,-100.0,0.0,-0.5209253430366516
2979,55392,3,780,1,OP3,FIXED_OPPONENT,train,SCRIPTED:OP3,0,3,3,0,18,0.3199999928474426,1,0,3,11.0,10.975345187717014,-0.699999988079071,0.0,0.003867022693157196,0.0,0.0,0.0,0.0,-0.1542457938194275
2980,55408,3,782,3,OP3,FIXED_OPPONENT,train,SCRIPTED:OP3,1,3,2,1,19,0.1599999964237213,1,0,5,13.0,9.66957574141653,1.5,0.4000000059604645,-0.008357971906661987,0.029999999329447746,1.0,100.0,0.0,0.5681787729263306
2981,55408,3,782,3,OP3,FIXED_OPPONENT,train,SCRIPTED:OP3,0,2,3,-1,19,0.23999999463558197,1,0,0,12.0,11.439137508994655,-1.2000000476837158,-0.5,0.005509570240974426,0.019999999552965164,-1.0,-100.0,0.0,-0.5367268919944763
2982,55424,3,784,0,OP3,FIXED_OPPONENT,train,SCRIPTED:OP3,1,3,2,1,19,0.11999999731779099,1,0,3,11.0,11.300712986996299,1.5,0.5,-0.04247930645942688,0.029999999329447746,1.0,100.0,0.0,0.5826363563537598
2983,55496,3,793,3,OP3,FIXED_OPPONENT,train,SCRIPTED:OP3,1,3,1,2,19,0.3199999928474426,1,0,3,13.0,9.347749408922697,1.5,0.5,-0.017291486263275146,0.014999999664723873,1.0,100.0,0.0,0.5827560424804688
2984,55504,3,794,3,OP3,FIXED_OPPONENT,train,SCRIPTED:OP3,1,3,2,1,18,0.19999998807907104,1,0,1,11.0,9.292438083224827,1.5,0.4000000059604645,-0.005614764988422394,0.029999999329447746,1.0,100.0,-0.019999999552965164,0.5651947259902954
2985,55512,3,795,2,OP3,FIXED_OPPONENT,train,SCRIPTED:OP3,1,3,1,2,18,0.19999998807907104,1,0,3,11.0,9.923467848036024,1.5,0.5,-0.03192819654941559,0.014999999664723873,1.0,100.0,0.0,0.5825842022895813
2986,55520,3,796,0,OP3,FIXED_OPPONENT,train,SCRIPTED:OP3,1,3,2,1,19,0.19999998807907104,1,0,2,12.0,10.32992152163857,1.5,0.5,-0.01699642837047577,0.029999999329447746,1.0,100.0,0.0,0.5829355716705322
2987,55536,3,798,2,OP3,FIXED_OPPONENT,train,SCRIPTED:OP3,1,3,2,1,18,0.35999998450279236,1,0,2,11.0,10.246438768174913,1.5,0.5,-0.03095930814743042,0.029999999329447746,1.0,100.0,0.0,0.5827717185020447
2988,55552,3,800,2,OP3,FIXED_OPPONENT,train,SCRIPTED:OP3,1,3,2,1,18,0.19999998807907104,1,0,3,11.0,10.841435750325521,1.5,0.5,0.00035290420055389404,0.029999999329447746,1.0,100.0,0.0,0.583139181137085
2989,55560,3,801,1,OP3,FIXED_OPPONENT,train,SCRIPTED:OP3,1,3,2,1,19,0.2800000011920929,1,0,0,12.0,11.035772223221628,1.5,0.4000000059604645,0.005695506930351257,0.014999999664723873,1.0,100.0,0.0,0.5681673288345337
2990,55568,3,802,3,OP3,FIXED_OPPONENT,train,SCRIPTED:OP3,1,3,2,1,18,0.2800000011920929,1,0,0,12.0,11.07498508029514,1.5,0.5,0.005965486168861389,0.014999999664723873,1.0,100.0,0.0,0.58302903175354
2991,55632,3,810,3,OP3,FIXED_OPPONENT,train,SCRIPTED:OP3,0,2,3,-1,17,0.1599999964237213,1,0,2,11.0,11.427412145278034,-1.2000000476837158,-0.4000000059604645,-0.0014876127243041992,0.019999999552965164,-1.0,-100.0,0.0,-0.5208085775375366
2992,55656,3,813,1,OP3,FIXED_OPPONENT,train,SCRIPTED:OP3,1,3,2,1,19,0.19999998807907104,1,0,2,12.0,10.826909918534128,1.5,0.5,-0.017088964581489563,0.029999999329447746,1.0,100.0,0.0,0.5829344987869263
2993,55672,3,815,0,OP3,FIXED_OPPONENT,train,SCRIPTED:OP3,0,3,3,0,20,0.2800000011920929,1,0,0,12.0,11.083773040771485,-0.699999988079071,0.0,0.0013757050037384033,0.0,0.0,0.0,-0.019999999552965164,-0.15862467885017395
2994,55672,3,815,1,OP3,FIXED_OPPONENT,train,SCRIPTED:OP3,0,2,3,-1,19,0.19999998807907104,1,0,0,12.0,10.545291298314146,-1.2000000476837158,-0.5,0.011662706732749939,0.019999999552965164,-1.0,-100.0,0.0,-0.5366489887237549
2995,55680,3,816,1,OP3,FIXED_OPPONENT,train,SCRIPTED:OP3,1,3,2,1,18,0.19999998807907104,1,0,7,12.0,8.791894700792101,1.5,0.0,0.0053947120904922485,0.0,0.0,0.0,0.0,0.32159870862960815
2996,55704,3,819,1,OP3,FIXED_OPPONENT,train,SCRIPTED:OP3,0,2,3,-1,19,0.23999999463558197,1,0,1,12.0,10.578255904348273,-1.2000000476837158,-0.5,-0.005133897066116333,0.0,-1.0,-100.0,-0.019999999552965164,-0.5402692556381226
2997,55720,3,821,1,OP3,FIXED_OPPONENT,train,SCRIPTED:OP3,1,3,2,1,19,0.23999999463558197,1,0,0,13.0,10.678486071134868,1.5,0.4000000059604645,-0.00931788980960846,0.029999999329447746,1.0,100.0,0.0,0.5681672096252441
2998,55720,3,821,2,OP3,FIXED_OPPONENT,train,SCRIPTED:OP3,0,2,3,-1,20,0.2800000011920929,1,0,4,13.0,10.719400787353516,-1.2000000476837158,-0.5,-0.003393992781639099,0.0,-1.0,-100.0,-0.019999999552965164,-0.5402473211288452
2999,55776,3,828,2,OP3,FIXED_OPPONENT,train,SCRIPTED:OP3,0,3,3,0,18,0.23999999463558197,1,0,3,11.0,9.465987311469185,-0.699999988079071,0.0,-0.009875014424324036,0.0,0.0,0.0,0.0,-0.15448427200317383
3000,55800,3,831,0,OP3,FIXED_OPPONENT,train,SCRIPTED:OP3,1,3,2,1,18,0.23999999463558197,1,0,6,11.0,10.344292534722221,1.5,0.5,-0.019185692071914673,0.014999999664723873,1.0,100.0,0.0,0.5827338695526123
3001,55808,3,832,0,OP3,FIXED_OPPONENT,train,SCRIPTED:OP3,1,3,2,1,17,0.1599999964237213,1,0,2,12.0,10.951407937442555,1.5,0.5,-0.004542455077171326,0.029999999329447746,1.0,100.0,0.0,0.5830817818641663
3002,55840,3,836,3,OP3,FIXED_OPPONENT,train,SCRIPTED:OP3,0,3,3,0,21,0.3999999761581421,1,0,2,11.0,8.983926682245164,-0.699999988079071,0.0,-0.00600530207157135,0.0,0.0,0.0,-0.019999999552965164,-0.15875257551670074
3003,55848,3,837,3,OP3,FIXED_OPPONENT,train,SCRIPTED:OP3,0,3,3,0,21,0.35999998450279236,1,0,4,14.0,10.925759451729911,-0.699999988079071,0.0,-0.009040236473083496,0.0,0.0,0.0,0.0,-0.1544697880744934
3004,55856,3,838,0,OP3,FIXED_OPPONENT,train,SCRIPTED:OP3,0,2,3,-1,19,0.23999999463558197,1,0,2,12.0,10.95761509945518,-1.2000000476837158,-0.5,-0.006850570440292358,0.019999999552965164,-1.0,-100.0,0.0,-0.5368832945823669
3005,55872,3,840,1,OP3,FIXED_OPPONENT,train,SCRIPTED:OP3,1,3,2,1,19,0.19999998807907104,1,0,2,12.0,8.772778962787829,1.5,0.5,-0.03075435757637024,0.029999999329447746,1.0,100.0,0.0,0.5827741622924805
3006,55888,3,842,3,OP3,FIXED_OPPONENT,train,SCRIPTED:OP3,1,3,2,1,21,0.35999998450279236,1,0,4,14.0,9.049010503859748,1.5,0.5,-0.03133124113082886,0.014999999664723873,1.0,100.0,0.0,0.58259117603302
3007,55904,3,844,0,OP3,FIXED_OPPONENT,train,SCRIPTED:OP3,1,3,2,1,16,0.1599999964237213,1,0,0,11.0,11.213664054870605,1.5,0.0,-0.010017558932304382,0.0,0.0,0.0,-0.019999999552965164,0.31736186146736145
3008,55944,3,849,1,OP3,FIXED_OPPONENT,train,SCRIPTED:OP3,1,3,1,2,18,0.3199999928474426,1,0,4,11.0,9.485173543294271,1.5,0.5,-0.03062625229358673,0.029999999329447746,1.0,100.0,0.0,0.5827755928039551
3009,55952,3,850,3,OP3,FIXED_OPPONENT,train,SCRIPTED:OP3,0,2,3,-1,18,0.3199999928474426,1,0,4,11.0,10.613907708062065,-1.2000000476837158,-0.4000000059604645,-0.005468979477882385,0.019999999552965164,-1.0,-100.0,0.0,-0.5208601355552673
3010,55976,3,853,1,OP3,FIXED_OPPONENT,train,SCRIPTED:OP3,0,1,3,-2,15,0.3199999928474426,1,0,3,11.0,10.295745849609375,-1.2000000476837158,-0.5,0.011806309223175049,0.019999999552965164,-1.0,-100.0,0.0,-0.5366471409797668
3011,55984,3,854,0,OP3,FIXED_OPPONENT,train,SCRIPTED:OP3,1,3,2,1,18,0.23999999463558197,1,0,0,12.0,11.349049038357204,1.5,0.5,0.0005454868078231812,0.029999999329447746,1.0,100.0,0.0,0.5831414461135864
3012,56008,3,857,2,OP3,FIXED_OPPONENT,train,SCRIPTED:OP3,1,3,2,1,20,0.07999999821186066,1,0,3,12.0,11.101816558837891,1.5,0.5,-0.0076467543840408325,0.029999999329447746,1.0,100.0,0.0,0.5830453038215637
3013,56008,3,857,2,OP3,FIXED_OPPONENT,train,SCRIPTED:OP3,0,1,3,-2,15,0.2800000011920929,1,0,0,11.0,11.45587870279948,-1.2000000476837158,-0.5,0.014922812581062317,0.019999999552965164,-1.0,-100.0,0.0,-0.5366077423095703
3014,56024,3,859,0,OP3,FIXED_OPPONENT,train,SCRIPTED:OP3,0,3,3,0,19,0.19999998807907104,1,0,0,12.0,11.01125054610403,-0.699999988079071,0.0,0.008981548249721527,0.0,0.0,0.0,0.0,-0.15415702760219574
3015,56048,3,862,2,OP3,FIXED_OPPONENT,train,SCRIPTED:OP3,0,2,3,-1,18,0.23999999463558197,1,0,0,11.0,10.795258416069878,-1.2000000476837158,-0.5,0.003627598285675049,0.0,-1.0,-100.0,-0.019999999552965164,-0.5401589870452881
3016,56096,3,868,1,OP3,FIXED_OPPONENT,train,SCRIPTED:OP3,1,3,2,1,19,0.19999998807907104,1,0,4,12.0,11.450922915810033,1.5,0.4000000059604645,-0.009361878037452698,0.029999999329447746,1.0,100.0,0.0,0.5681666135787964
3017,56096,3,868,2,OP3,FIXED_OPPONENT,train,SCRIPTED:OP3,1,3,1,2,15,0.3199999928474426,1,0,0,11.0,9.522862752278646,1.5,0.5,-0.004224374890327454,0.029999999329447746,1.0,100.0,0.0,0.5830855369567871
3018,56112,3,870,2,OP3,FIXED_OPPONENT,train,SCRIPTED:OP3,0,2,3,-1,20,0.1599999964237213,1,0,0,12.0,11.206679534912109,-1.2000000476837158,-0.5,0.003173932433128357,0.019999999552965164,-1.0,-100.0,-0.019999999552965164,-0.5399128198623657
3019,56120,3,871,0,OP3,FIXED_OPPONENT,train,SCRIPTED:OP3,0,2,3,-1,17,0.2800000011920929,1,0,2,13.0,10.81877046472886,-1.2000000476837158,-0.5,0.0028382539749145508,0.019999999552965164,-1.0,-100.0,0.0,-0.536760687828064
3020,56152,3,875,0,OP3,FIXED_OPPONENT,train,SCRIPTED:OP3,0,2,3,-1,18,0.19999998807907104,1,0,1,11.0,11.348062303331163,-1.2000000476837158,-0.5,-0.0109223872423172,0.0,-1.0,-100.0,0.0,-0.5371877551078796
3021,56168,3,877,3,OP3,FIXED_OPPONENT,train,SCRIPTED:OP3,1,3,2,1,18,0.2800000011920929,1,0,1,11.0,10.969178941514757,1.5,0.5,0.023176461458206177,0.014999999664723873,1.0,100.0,0.0,0.5832309126853943
3022,56168,3,877,0,OP3,FIXED_OPPONENT,train,SCRIPTED:OP3,1,3,2,1,20,0.1599999964237213,1,0,2,12.0,9.544321441650391,1.5,0.5,0.026219233870506287,0.029999999329447746,1.0,100.0,0.0,0.5834425687789917
3023,56216,3,883,0,OP3,FIXED_OPPONENT,train,SCRIPTED:OP3,1,3,2,1,21,0.2800000011920929,1,0,2,11.0,9.432608468191964,1.5,0.5,-0.023184210062026978,0.014999999664723873,1.0,100.0,0.0,0.5826869010925293
3024,56248,3,887,3,OP3,FIXED_OPPONENT,train,SCRIPTED:OP3,1,3,2,1,19,0.19999998807907104,1,0,0,11.0,10.376915379574424,1.5,0.5,-0.032045334577560425,0.029999999329447746,1.0,100.0,0.0,0.582758903503418
3025,56248,3,887,0,OP3,FIXED_OPPONENT,train,SCRIPTED:OP3,1,3,1,2,19,0.2800000011920929,1,0,4,12.0,9.95705775210732,1.5,0.5,-0.03134801983833313,0.029999999329447746,1.0,100.0,0.0,0.582767128944397
3026,56272,3,890,0,OP3,FIXED_OPPONENT,train,SCRIPTED:OP3,1,3,2,1,20,0.19999998807907104,1,0,1,13.0,11.1565185546875,1.5,0.5,-0.012070946395397186,0.029999999329447746,1.0,100.0,-0.019999999552965164,0.5800519585609436
3027,56280,3,891,2,OP3,FIXED_OPPONENT,train,SCRIPTED:OP3,0,2,3,-1,20,0.3199999928474426,1,0,2,13.0,9.48218231201172,-1.2000000476837158,-0.5,-0.005007430911064148,0.0,-1.0,-100.0,-0.019999999552965164,-0.5402675867080688
3028,56296,3,893,2,OP3,FIXED_OPPONENT,train,SCRIPTED:OP3,0,2,3,-1,16,0.23999999463558197,1,0,1,11.0,10.980314254760742,-1.2000000476837158,-0.5,0.01328904926776886,0.0,-1.0,-100.0,-0.019999999552965164,-0.5400372743606567
3029,56304,3,894,1,OP3,FIXED_OPPONENT,train,SCRIPTED:OP3,1,3,2,1,19,0.23999999463558197,1,0,1,12.0,10.801834106445312,1.5,0.4000000059604645,-0.009859651327133179,0.029999999329447746,1.0,100.0,0.0,0.5681607127189636
3030,56320,3,896,2,OP3,FIXED_OPPONENT,train,SCRIPTED:OP3,0,2,3,-1,19,0.19999998807907104,1,0,2,12.0,11.343244050678454,-1.2000000476837158,0.0,-0.004709959030151367,0.019999999552965164,0.0,0.0,0.0,-0.260267049074173
3031,56368,3,902,3,OP3,FIXED_OPPONENT,train,SCRIPTED:OP3,0,2,3,-1,19,0.19999998807907104,1,0,3,12.0,9.365653590152139,-1.2000000476837158,0.0,0.007767662405967712,0.019999999552965164,0.0,0.0,0.0,-0.26006025075912476
3032,56384,3,904,0,OP3,FIXED_OPPONENT,train,SCRIPTED:OP3,0,2,3,-1,17,0.1599999964237213,1,0,0,13.0,10.312527824850644,-1.2000000476837158,-0.4000000059604645,-0.010448575019836426,0.0,-1.0,-100.0,-0.019999999552965164,-0.5244133472442627
3033,56392,3,905,2,OP3,FIXED_OPPONENT,train,SCRIPTED:OP3,1,3,2,1,18,0.19999998807907104,1,0,5,11.0,10.221260918511284,1.5,0.5,-0.03251691162586212,0.029999999329447746,1.0,100.0,0.0,0.5827534198760986
3034,56416,3,908,0,OP3,FIXED_OPPONENT,train,SCRIPTED:OP3,0,2,3,-1,18,0.3199999928474426,1,0,0,11.0,10.072215610080296,-1.2000000476837158,-0.4000000059604645,0.0007617026567459106,0.019999999552965164,-1.0,-100.0,0.0,-0.5207794308662415
3035,56448,3,912,2,OP3,FIXED_OPPONENT,train,SCRIPTED:OP3,0,2,3,-1,19,0.23999999463558197,1,0,0,12.0,11.537281237150493,-1.2000000476837158,-0.5,-0.014102041721343994,0.0,-1.0,-100.0,-0.019999999552965164,-0.5403820872306824
3036,56448,3,912,3,OP3,FIXED_OPPONENT,train,SCRIPTED:OP3,0,2,3,-1,21,0.19999998807907104,1,0,3,12.0,10.092532203311013,-1.2000000476837158,-0.5,-0.006411239504814148,0.019999999552965164,-1.0,-100.0,0.0,-0.5368777513504028
3037,56456,3,913,3,OP3,FIXED_OPPONENT,train,SCRIPTED:OP3,1,3,2,1,19,0.3999999761581421,1,0,3,11.0,9.297990497789884,1.5,0.5,-0.008583605289459229,0.014999999664723873,1.0,100.0,0.0,0.5828583240509033
3038,56464,3,914,3,OP3,FIXED_OPPONENT,train,SCRIPTED:OP3,0,2,3,-1,18,0.2800000011920929,1,0,1,11.0,9.424215528700087,-1.2000000476837158,-0.5,0.008171111345291138,0.0,-1.0,-100.0,-0.019999999552965164,-0.5401017665863037
3039,56528,3,922,2,OP3,FIXED_OPPONENT,train,SCRIPTED:OP3,1,3,2,1,18,0.1599999964237213,1,0,0,11.0,12.003921508789062,1.5,0.5,-0.003166504204273224,0.029999999329447746,1.0,100.0,0.0,0.5830978751182556
3040,56528,3,922,0,OP3,FIXED_OPPONENT,train,SCRIPTED:OP3,1,3,2,1,20,0.2800000011920929,1,0,2,13.0,10.596087646484374,1.5,0.5,-0.005839183926582336,0.014999999664723873,1.0,100.0,-0.019999999552965164,0.5799485445022583
3041,56544,3,924,2,OP3,FIXED_OPPONENT,train,SCRIPTED:OP3,1,3,1,2,19,0.23999999463558197,1,0,1,12.0,10.754152799907484,1.5,0.5,-0.019195333123207092,0.014999999664723873,1.0,100.0,0.0,0.582733690738678
3042,56568,3,927,3,OP3,FIXED_OPPONENT,train,SCRIPTED:OP3,0,3,3,0,19,0.1599999964237213,1,0,1,11.0,11.594579596268503,-0.699999988079071,0.0,-0.00582459568977356,0.0,0.0,0.0,-0.019999999552965164,-0.15874944627285004
3043,56592,3,930,1,OP3,FIXED_OPPONENT,train,SCRIPTED:OP3,1,3,2,1,18,0.3199999928474426,1,0,0,12.0,10.56877221001519,1.5,0.4000000059604645,-0.006611064076423645,0.02499999850988388,1.0,100.0,0.0,0.5681396126747131
3044,56600,3,931,1,OP3,FIXED_OPPONENT,train,SCRIPTED:OP3,0,2,3,-1,18,0.11999999731779099,1,0,5,11.0,9.196551005045572,-1.2000000476837158,0.0,0.007907196879386902,0.0,0.0,0.0,0.0,-0.26038941740989685
3045,56616,3,933,3,OP3,FIXED_OPPONENT,train,SCRIPTED:OP3,0,2,3,-1,21,0.35999998450279236,1,0,2,13.0,9.800455002557664,-1.2000000476837158,-0.5,-0.003629535436630249,0.019999999552965164,-1.0,-100.0,0.0,-0.5368425250053406
3046,56616,3,933,3,OP3,FIXED_OPPONENT,train,SCRIPTED:OP3,0,2,3,-1,19,0.1599999964237213,1,0,0,11.0,11.296139365748354,-1.2000000476837158,-0.5,0.007792845368385315,0.019999999552965164,-1.0,-100.0,0.0,-0.5366979837417603
3047,56672,3,940,3,OP3,FIXED_OPPONENT,train,SCRIPTED:OP3,0,3,3,0,18,0.1599999964237213,1,0,4,11.0,10.13255140516493,-0.699999988079071,0.0,-0.0018739476799964905,0.0,0.0,0.0,0.0,-0.15434542298316956
3048,56688,3,942,3,OP3,FIXED_OPPONENT,train,SCRIPTED:OP3,1,3,2,1,20,0.1599999964237213,1,0,4,13.0,10.982149505615235,1.5,0.5,-0.027753211557865143,0.029999999329447746,1.0,100.0,-0.019999999552965164,0.579866886138916
3049,56688,3,942,1,OP3,FIXED_OPPONENT,train,SCRIPTED:OP3,0,2,3,-1,18,0.3999999761581421,1,0,2,11.0,10.043600294325087,-1.2000000476837158,-0.4000000059604645,0.00039651989936828613,0.019999999552965164,-1.0,-100.0,0.0,-0.5207841396331787
3050,56728,3,947,2,OP3,FIXED_OPPONENT,train,SCRIPTED:OP3,1,3,2,1,20,0.19999998807907104,1,0,2,13.0,10.077532196044922,1.5,0.5,0.00950208306312561,0.029999999329447746,1.0,100.0,0.0,0.5832464694976807
3051,56736,3,948,0,OP3,FIXED_OPPONENT,train,SCRIPTED:OP3,1,3,2,1,18,0.23999999463558197,1,0,3,12.0,10.643004523383247,1.5,0.0,0.006665125489234924,0.0,0.0,0.0,0.0,0.3216189444065094
3052,56744,3,949,3,OP3,FIXED_OPPONENT,train,SCRIPTED:OP3,0,3,3,0,18,0.1599999964237213,1,0,3,11.0,11.711294386121962,-0.699999988079071,0.0,-0.01032683253288269,0.0,0.0,0.0,0.0,-0.1544921100139618
3053,56784,3,954,1,OP3,FIXED_OPPONENT,train,SCRIPTED:OP3,0,3,3,0,21,0.35999998450279236,1,0,5,11.0,9.786055791945685,-0.699999988079071,0.0,-0.008595496416091919,0.0,0.0,0.0,0.0,-0.1544620841741562
3054,56784,3,954,0,OP3,FIXED_OPPONENT,train,SCRIPTED:OP3,1,3,2,1,21,0.3199999928474426,1,0,3,14.0,9.368321010044642,1.5,0.5,-0.013298839330673218,0.02499999850988388,1.0,100.0,0.0,0.5829203128814697
3055,56816,3,958,3,OP3,FIXED_OPPONENT,train,SCRIPTED:OP3,1,3,2,1,18,0.19999998807907104,1,0,1,11.0,11.792759365505642,1.5,0.5,-0.032583922147750854,0.029999999329447746,1.0,100.0,0.0,0.5827526450157166
3056,56832,3,960,3,OP3,FIXED_OPPONENT,train,SCRIPTED:OP3,0,3,3,0,18,0.19999998807907104,1,0,4,11.0,10.315007527669271,-0.699999988079071,0.0,0.008715227246284485,0.0,0.0,0.0,0.0,-0.15416164696216583
3057,56840,3,961,3,OP3,FIXED_OPPONENT,train,SCRIPTED:OP3,0,1,3,-2,19,0.23999999463558197,0,1,6,12.0,9.397781372070312,-1.2000000476837158,-0.5,0.0007382780313491821,0.019999999552965164,-1.0,-100.0,-0.019999999552965164,-0.5399433374404907
3058,56880,3,966,3,OP3,FIXED_OPPONENT,train,SCRIPTED:OP3,1,3,2,1,19,0.19999998807907104,1,0,2,12.0,10.11018291272615,1.5,0.4000000059604645,-0.010483965277671814,0.014999999664723873,1.0,100.0,-0.019999999552965164,0.5649542808532715
3059,56888,3,967,2,OP3,FIXED_OPPONENT,train,SCRIPTED:OP3,1,3,2,1,19,0.11999999731779099,1,0,3,11.0,10.497540122584292,1.5,0.5,-0.000371783971786499,0.029999999329447746,1.0,100.0,0.0,0.5831307172775269
3060,56896,3,968,0,OP3,FIXED_OPPONENT,train,SCRIPTED:OP3,0,2,3,-1,19,0.11999999731779099,1,0,8,12.0,9.860685649671053,-1.2000000476837158,-0.5,-0.0006638169288635254,0.019999999552965164,-1.0,-100.0,-0.019999999552965164,-0.5399610996246338
3061,56928,3,972,1,OP3,FIXED_OPPONENT,train,SCRIPTED:OP3,1,3,2,1,18,0.23999999463558197,1,0,1,11.0,11.574600219726562,1.5,0.0,0.00658106803894043,0.0,0.0,0.0,0.0,0.32161760330200195
3062,56952,3,975,3,OP3,FIXED_OPPONENT,train,SCRIPTED:OP3,0,3,3,0,21,0.19999998807907104,0,2,3,13.0,10.666432698567709,-0.699999988079071,0.5,-0.004803001880645752,0.0,1.0,100.0,0.0,0.17584551870822906
3063,56968,3,977,0,OP3,FIXED_OPPONENT,train,SCRIPTED:OP3,1,3,2,1,19,0.1599999964237213,1,0,5,12.0,8.471303036338405,1.5,0.0,-0.010364919900894165,0.0,0.0,0.0,0.0,0.3213474750518799
3064,56976,3,978,3,OP3,FIXED_OPPONENT,train,SCRIPTED:OP3,0,2,3,-1,18,0.23999999463558197,1,0,0,11.0,11.782791985405815,-1.2000000476837158,-0.4000000059604645,-0.010522261261940002,0.019999999552965164,-1.0,-100.0,0.0,-0.5209256410598755
3065,57008,3,982,0,OP3,FIXED_OPPONENT,train,SCRIPTED:OP3,1,3,2,1,21,0.1599999964237213,1,0,0,14.0,13.288162958054315,1.5,0.5,-0.010020077228546143,0.029999999329447746,1.0,100.0,0.0,0.5830174684524536
3066,57024,3,984,2,OP3,FIXED_OPPONENT,train,SCRIPTED:OP3,1,3,2,1,17,0.19999998807907104,1,0,0,12.0,11.358121984145221,1.5,0.4000000059604645,-0.006651438772678375,0.029999999329447746,1.0,100.0,0.0,0.5681992769241333
3067,57032,3,985,3,OP3,FIXED_OPPONENT,train,SCRIPTED:OP3,0,2,3,-1,17,0.23999999463558197,1,0,0,11.0,9.433541690602022,-1.2000000476837158,0.0,-0.008761689066886902,0.0,0.0,0.0,-0.019999999552965164,-0.2648032605648041
3068,57040,3,986,3,OP3,FIXED_OPPONENT,train,SCRIPTED:OP3,0,2,3,-1,20,0.2800000011920929,1,0,1,11.0,11.092908477783203,-1.2000000476837158,-0.5,-0.0009136945009231567,0.019999999552965164,-1.0,-100.0,-0.019999999552965164,-0.5399641990661621
3069,57056,3,988,2,OP3,FIXED_OPPONENT,train,SCRIPTED:OP3,1,3,2,1,16,0.1599999964237213,1,0,0,11.0,10.618856430053711,1.5,0.0,-0.0010771900415420532,0.0,0.0,0.0,-0.019999999552965164,0.31750479340553284
3070,57096,3,993,3,OP3,FIXED_OPPONENT,train,SCRIPTED:OP3,1,3,2,1,18,0.2800000011920929,1,0,5,11.0,9.886929829915365,1.5,0.5,0.0028498470783233643,0.014999999664723873,1.0,100.0,0.0,0.582992434501648
3071,57112,3,995,1,OP3,FIXED_OPPONENT,train,SCRIPTED:OP3,1,3,2,1,18,0.3199999928474426,1,0,1,11.0,10.252297295464409,1.5,0.0,0.00029015541076660156,0.0,0.0,0.0,-0.019999999552965164,0.317526638507843
3072,57136,3,998,3,OP3,FIXED_OPPONENT,train,SCRIPTED:OP3,0,2,3,-1,20,0.4399999976158142,1,0,2,13.0,10.390348815917969,-1.2000000476837158,-0.5,-0.0052159130573272705,0.0,-1.0,-100.0,-0.019999999552965164,-0.5402703285217285
3073,57152,3,1000,3,OP3,FIXED_OPPONENT,train,SCRIPTED:OP3,1,3,2,1,18,0.19999998807907104,1,0,4,11.0,10.500986735026041,1.5,0.5,-0.012644454836845398,0.029999999329447746,1.0,100.0,0.0,0.5829867124557495
3074,57152,3,1000,3,OP3,FIXED_OPPONENT,train,SCRIPTED:OP3,0,1,3,-2,15,0.1599999964237213,1,0,0,11.0,10.46986592610677,-1.2000000476837158,-0.5,0.008981049060821533,0.019999999552965164,-1.0,-100.0,-0.019999999552965164,-0.5398396253585815
3075,57184,3,1004,2,OP3,FIXED_OPPONENT,train,SCRIPTED:OP3,0,2,3,-1,20,0.3199999928474426,1,0,1,13.0,10.231099700927734,-1.2000000476837158,-0.5,-0.005849123001098633,0.0,-1.0,-100.0,-0.019999999552965164,-0.5402781963348389
3076,57192,3,1005,3,OP3,FIXED_OPPONENT,train,SCRIPTED:OP3,1,3,2,1,19,0.19999998807907104,1,0,3,12.0,10.348954050164474,1.5,0.5,-0.014194026589393616,0.014999999664723873,1.0,100.0,0.0,0.5827924013137817
3077,57208,3,1007,3,OP3,FIXED_OPPONENT,train,SCRIPTED:OP3,1,3,2,1,19,0.23999999463558197,1,0,5,14.0,9.4651023463199,1.5,0.5,0.013886973261833191,0.029999999329447746,1.0,100.0,0.0,0.5832979679107666
3078,57240,3,1011,2,OP3,FIXED_OPPONENT,train,SCRIPTED:OP3,0,2,3,-1,18,0.1599999964237213,1,0,4,11.0,10.174487643771702,-1.2000000476837158,-0.5,0.006246238946914673,0.019999999552965164,-1.0,-100.0,-0.019999999552965164,-0.5398740768432617
3079,57240,3,1011,3,OP3,FIXED_OPPONENT,train,SCRIPTED:OP3,0,2,3,-1,16,0.1599999964237213,1,0,3,11.0,9.910216331481934,-1.2000000476837158,-0.4000000059604645,-0.008470356464385986,0.019999999552965164,-1.0,-100.0,-0.019999999552965164,-0.5241300463676453
3080,57272,3,1015,0,OP3,FIXED_OPPONENT,train,SCRIPTED:OP3,0,1,3,-2,15,0.19999998807907104,1,0,0,11.0,12.214588419596355,-1.2000000476837158,-0.5,-0.00922451913356781,0.0,-1.0,-100.0,-0.019999999552965164,-0.5403207540512085
3081,57296,3,1018,3,OP3,FIXED_OPPONENT,train,SCRIPTED:OP3,0,2,3,-1,20,0.1599999964237213,1,0,2,13.0,10.407539367675781,-1.2000000476837158,-0.4000000059604645,-0.010563924908638,0.0,-1.0,-100.0,-0.03999999910593033,-0.527629554271698
3082,57296,3,1018,2,OP3,FIXED_OPPONENT,train,SCRIPTED:OP3,0,3,3,0,18,0.23999999463558197,1,0,1,11.0,9.75863308376736,-0.699999988079071,0.0,-0.00024262070655822754,0.0,0.0,0.0,0.0,-0.15431711077690125
3083,57328,3,1022,2,OP3,FIXED_OPPONENT,train,SCRIPTED:OP3,0,2,3,-1,18,0.2800000011920929,1,0,1,11.0,9.956015692816841,-1.2000000476837158,-0.5,0.014373287558555603,0.0,-1.0,-100.0,0.0,-0.5368677973747253
3084,57352,3,1025,1,OP3,FIXED_OPPONENT,train,SCRIPTED:OP3,0,2,3,-1,20,0.19999998807907104,1,0,1,12.0,10.967218017578125,-1.2000000476837158,-0.5,-0.012482210993766785,0.019999999552965164,-2.0,-200.0,0.0,-0.676205039024353
3085,57360,3,1026,0,OP3,FIXED_OPPONENT,train,SCRIPTED:OP3,0,2,3,-1,19,0.3999999761581421,1,0,3,12.0,8.63173474763569,-1.2000000476837158,-0.5,-0.003705918788909912,0.0,-1.0,-100.0,0.0,-0.5370965003967285
3086,57384,3,1029,2,OP3,FIXED_OPPONENT,train,SCRIPTED:OP3,0,2,3,-1,18,0.3199999928474426,1,0,1,11.0,10.313112046983507,-1.2000000476837158,-0.4000000059604645,-0.009993627667427063,0.0,-1.0,-100.0,-0.019999999552965164,-0.5244075059890747
3087,57400,3,1031,2,OP3,FIXED_OPPONENT,train,SCRIPTED:OP3,0,3,3,0,20,0.23999999463558197,1,0,2,13.0,10.228010559082032,-0.699999988079071,0.0,-0.0050180405378341675,0.0,0.0,0.0,0.0,-0.15439997613430023
3088,57416,3,1033,1,OP3,FIXED_OPPONENT,train,SCRIPTED:OP3,1,3,2,1,18,0.19999998807907104,1,0,3,14.0,11.790383232964409,1.5,0.5,-0.006822437047958374,0.0,1.0,100.0,-0.019999999552965164,0.579759955406189
3089,57440,3,1036,2,OP3,FIXED_OPPONENT,train,SCRIPTED:OP3,0,2,3,-1,18,0.3199999928474426,1,0,0,11.0,10.571589999728733,-1.2000000476837158,-0.4000000059604645,-0.009448379278182983,0.019999999552965164,-1.0,-100.0,0.0,-0.520911693572998
3090,57456,3,1038,1,OP3,FIXED_OPPONENT,train,SCRIPTED:OP3,0,3,3,0,20,0.2800000011920929,1,0,4,13.0,10.976422882080078,-0.699999988079071,0.0,0.0009925365447998047,0.0,0.0,0.0,-0.019999999552965164,-0.1586313098669052
3091,57480,3,1041,0,OP3,FIXED_OPPONENT,train,SCRIPTED:OP3,0,2,3,-1,19,0.23999999463558197,1,0,4,12.0,9.77009502210115,-1.2000000476837158,-0.5,0.004020363092422485,0.019999999552965164,-1.0,-100.0,0.0,-0.5367456674575806
3092,57504,3,1044,1,OP3,FIXED_OPPONENT,train,SCRIPTED:OP3,1,3,2,1,18,0.19999998807907104,1,0,0,11.0,11.292860243055555,1.5,0.5,0.0011947304010391235,0.029999999329447746,1.0,100.0,0.0,0.5831490755081177
3093,57520,3,1046,1,OP3,FIXED_OPPONENT,train,SCRIPTED:OP3,1,3,2,1,21,0.2800000011920929,1,0,1,14.0,10.17630368187314,1.5,0.5,-0.031233951449394226,0.029999999329447746,1.0,100.0,0.0,0.5827684998512268
3094,57528,3,1047,3,OP3,FIXED_OPPONENT,train,SCRIPTED:OP3,0,2,3,-1,18,0.2800000011920929,1,0,3,11.0,10.637885199652779,-1.2000000476837158,-0.5,-0.013376131653785706,0.0,-1.0,-100.0,0.0,-0.5372188091278076
3095,57544,3,1049,2,OP3,FIXED_OPPONENT,train,SCRIPTED:OP3,0,2,3,-1,16,0.19999998807907104,0,1,0,11.0,11.694857597351074,-1.2000000476837158,0.0,0.006813615560531616,0.0,0.0,0.0,-0.019999999552965164,-0.2645457684993744
3096,57568,3,1052,0,OP3,FIXED_OPPONENT,train,SCRIPTED:OP3,0,2,3,-1,21,0.19999998807907104,0,1,4,14.0,11.035890851702009,-1.2000000476837158,0.0,-0.003959581255912781,0.0,0.0,0.0,0.0,-0.26058605313301086
3097,57584,3,1054,0,OP3,FIXED_OPPONENT,train,SCRIPTED:OP3,0,2,3,-1,18,0.2800000011920929,1,0,3,12.0,10.523465474446615,-1.2000000476837158,-0.4000000059604645,0.0084657222032547,0.019999999552965164,-1.0,-100.0,0.0,-0.5206796526908875
3098,57608,3,1057,2,OP3,FIXED_OPPONENT,train,SCRIPTED:OP3,1,3,2,1,19,0.23999999463558197,1,0,2,12.0,9.872552972090872,1.5,0.4000000059604645,0.0020135343074798584,0.02499999850988388,1.0,100.0,0.0,0.5682433843612671
3099,57616,3,1058,3,OP3,FIXED_OPPONENT,train,SCRIPTED:OP3,1,3,2,1,17,0.19999998807907104,1,0,6,11.0,10.995864868164062,1.5,0.5,-0.04073016345500946,0.029999999329447746,1.0,100.0,0.0,0.582656979560852
3100,57640,3,1061,1,OP3,FIXED_OPPONENT,train,SCRIPTED:OP3,1,3,2,1,17,0.2800000011920929,1,0,0,13.0,10.838790893554688,1.5,0.4000000059604645,-0.0031130611896514893,0.014999999664723873,1.0,100.0,0.0,0.5680612325668335
3101,57672,3,1065,1,OP3,FIXED_OPPONENT,train,SCRIPTED:OP3,0,3,3,0,18,0.3199999928474426,1,0,3,11.0,9.974149068196615,-0.699999988079071,0.0,0.0028764158487319946,0.0,0.0,0.0,0.0,-0.1542629897594452
3102,57680,3,1066,1,OP3,FIXED_OPPONENT,train,SCRIPTED:OP3,1,3,1,2,17,0.11999999731779099,1,0,0,11.0,10.581078922047334,1.5,0.4000000059604645,-0.01020299643278122,0.029999999329447746,1.0,100.0,0.0,0.5681564807891846
3103,57688,3,1067,2,OP3,FIXED_OPPONENT,train,SCRIPTED:OP3,0,3,3,0,21,0.2800000011920929,1,0,5,14.0,10.603080386207218,-0.699999988079071,0.0,-0.010487779974937439,0.0,0.0,0.0,-0.019999999552965164,-0.15883025527000427
3104,57712,3,1070,2,OP3,FIXED_OPPONENT,train,SCRIPTED:OP3,0,2,3,-1,18,0.23999999463558197,1,0,2,11.0,10.023533291286892,-1.2000000476837158,-0.5,0.011474087834358215,0.0,-1.0,-100.0,-0.019999999552965164,-0.5400601625442505
3105,57728,3,1072,2,OP3,FIXED_OPPONENT,train,SCRIPTED:OP3,0,2,3,-1,18,0.23999999463558197,1,0,3,11.0,9.898640950520834,-1.2000000476837158,-0.5,0.01444554328918457,0.0,-1.0,-100.0,-0.019999999552965164,-0.5400227308273315
3106,57760,3,1076,1,OP3,FIXED_OPPONENT,train,SCRIPTED:OP3,1,3,2,1,19,0.2800000011920929,1,0,2,12.0,8.982359233655428,1.5,0.5,-0.012227475643157959,0.014999999664723873,1.0,100.0,-0.019999999552965164,0.5798730850219727
3107,57760,3,1076,0,OP3,FIXED_OPPONENT,train,SCRIPTED:OP3,1,3,2,1,18,0.23999999463558197,1,0,2,12.0,11.260250515407986,1.5,0.4000000059604645,0.00465819239616394,0.014999999664723873,1.0,100.0,0.0,0.5681548118591309
3108,57792,3,1080,1,OP3,FIXED_OPPONENT,train,SCRIPTED:OP3,0,2,3,-1,19,0.23999999463558197,1,0,1,12.0,11.571942781147204,-1.2000000476837158,-0.5,-0.0035009384155273438,0.0,-1.0,-100.0,0.0,-0.5370938181877136
3109,57832,3,1085,3,OP3,FIXED_OPPONENT,train,SCRIPTED:OP3,1,3,2,1,19,0.11999999731779099,1,0,5,12.0,9.280665347450658,1.5,0.5,0.009094789624214172,0.029999999329447746,1.0,100.0,0.0,0.5832417011260986
3110,57832,3,1085,0,OP3,FIXED_OPPONENT,train,SCRIPTED:OP3,0,1,3,-2,18,0.2800000011920929,1,0,0,11.0,11.88057369656033,-1.2000000476837158,-0.5,-0.007054492831230164,0.019999999552965164,-1.0,-100.0,0.0,-0.5368858575820923
3111,57848,3,1087,1,OP3,FIXED_OPPONENT,train,SCRIPTED:OP3,1,3,2,1,22,0.2800000011920929,1,0,4,14.0,10.536548961292613,1.5,0.5,-0.03017820417881012,0.029999999329447746,1.0,100.0,0.0,0.5827808380126953
3112,57856,3,1088,0,OP3,FIXED_OPPONENT,train,SCRIPTED:OP3,1,3,1,2,16,0.23999999463558197,1,0,0,11.0,9.837822914123535,1.5,0.5,-0.041104331612586975,0.014999999664723873,1.0,100.0,-0.03999999910593033,0.5765728950500488
3113,57872,3,1090,1,OP3,FIXED_OPPONENT,train,SCRIPTED:OP3,1,3,2,1,20,0.1599999964237213,1,0,6,13.0,9.845765686035156,1.5,0.5,-0.02576518803834915,0.029999999329447746,1.0,100.0,-0.019999999552965164,0.5798903703689575
3114,57888,3,1092,1,OP3,FIXED_OPPONENT,train,SCRIPTED:OP3,1,3,1,2,16,0.11999999731779099,1,0,0,11.0,11.34407901763916,1.5,0.4000000059604645,-0.0038808807730674744,0.029999999329447746,1.0,100.0,0.0,0.5682326555252075
3115,57896,3,1093,3,OP3,FIXED_OPPONENT,train,SCRIPTED:OP3,0,2,3,-1,17,0.19999998807907104,1,0,0,11.0,8.371783088235293,-1.2000000476837158,-0.5,0.0150461345911026,0.019999999552965164,-1.0,-100.0,0.0,-0.5366061329841614
3116,57936,3,1098,1,OP3,FIXED_OPPONENT,train,SCRIPTED:OP3,1,3,2,1,18,0.23999999463558197,1,0,2,11.0,11.109295315212673,1.5,0.5,-0.03797276318073273,0.014999999664723873,1.0,100.0,0.0,0.5825132131576538
3117,57984,3,1104,3,OP3,FIXED_OPPONENT,train,SCRIPTED:OP3,0,2,3,-1,19,0.2800000011920929,1,0,5,12.0,10.348149349814967,-1.2000000476837158,-0.5,0.006235837936401367,0.019999999552965164,-1.0,-100.0,0.0,-0.5367176532745361
3118,57984,3,1104,1,OP3,FIXED_OPPONENT,train,SCRIPTED:OP3,1,3,2,1,19,0.19999998807907104,1,0,3,12.0,9.52066441586143,1.5,0.4000000059604645,0.000983506441116333,0.014999999664723873,1.0,100.0,0.0,0.5681105852127075
3119,58000,3,1106,3,OP3,FIXED_OPPONENT,train,SCRIPTED:OP3,1,3,2,1,19,0.23999999463558197,1,0,3,12.0,11.005195216128701,1.5,0.5,-0.022669851779937744,0.014999999664723873,1.0,100.0,0.0,0.5826928615570068
3120,58016,3,1108,1,OP3,FIXED_OPPONENT,train,SCRIPTED:OP3,1,3,2,1,18,0.2800000011920929,1,0,2,11.0,11.065894232855904,1.5,0.5,-0.027796253561973572,0.029999999329447746,1.0,100.0,0.0,0.5828088521957397
3121,58016,3,1108,0,OP3,FIXED_OPPONENT,train,SCRIPTED:OP3,1,3,2,1,20,0.3199999928474426,1,0,5,13.0,9.557994842529297,1.5,0.5,-0.02273094654083252,0.029999999329447746,1.0,100.0,-0.019999999552965164,0.5799261331558228
3122,58032,3,1110,0,OP3,FIXED_OPPONENT,train,SCRIPTED:OP3,0,2,3,-1,18,0.1599999964237213,1,0,0,11.0,11.845171610514322,-1.2000000476837158,-0.5,0.004225254058837891,0.019999999552965164,-1.0,-100.0,-0.019999999552965164,-0.539899468421936
3123,58048,3,1112,2,OP3,FIXED_OPPONENT,train,SCRIPTED:OP3,0,3,3,0,19,0.1599999964237213,1,0,0,11.0,11.968509071751646,-0.699999988079071,0.0,-0.00743354856967926,0.0,0.0,0.0,-0.019999999552965164,-0.15877732634544373
3124,58104,3,1119,1,OP3,FIXED_OPPONENT,train,SCRIPTED:OP3,1,3,2,1,21,0.3199999928474426,1,0,4,13.0,9.408102126348586,1.5,0.5,-0.024159908294677734,0.02499999850988388,1.0,100.0,0.0,0.5827928185462952
3125,58128,3,1122,1,OP3,FIXED_OPPONENT,train,SCRIPTED:OP3,0,3,3,0,18,0.19999998807907104,1,0,2,11.0,10.403711954752604,-0.699999988079071,0.0,-0.009517818689346313,0.0,0.0,0.0,0.0,-0.1544780731201172
3126,58136,3,1123,3,OP3,FIXED_OPPONENT,train,SCRIPTED:OP3,0,2,3,-1,19,0.11999999731779099,1,0,5,12.0,10.459532888312088,-1.2000000476837158,-0.5,0.009558036923408508,0.019999999552965164,-1.0,-100.0,0.0,-0.5366756319999695
3127,58152,3,1125,0,OP3,FIXED_OPPONENT,train,SCRIPTED:OP3,0,3,3,0,19,0.23999999463558197,0,1,3,12.0,10.95900525544819,-0.699999988079071,0.0,-0.006012395024299622,0.0,0.0,0.0,-0.019999999552965164,-0.1587527096271515
3128,58160,3,1126,3,OP3,FIXED_OPPONENT,train,SCRIPTED:OP3,0,2,3,-1,18,0.23999999463558197,1,0,3,11.0,9.449938456217447,-1.2000000476837158,-0.5,0.01340608298778534,0.019999999552965164,-1.0,-100.0,0.0,-0.536626935005188
3129,58176,3,1128,0,OP3,FIXED_OPPONENT,train,SCRIPTED:OP3,1,3,2,1,20,0.2800000011920929,1,0,4,13.0,9.075937652587891,1.5,0.4000000059604645,-0.010280594229698181,0.029999999329447746,1.0,100.0,-0.019999999552965164,0.5651382207870483
3130,58176,3,1128,1,OP3,FIXED_OPPONENT,train,SCRIPTED:OP3,1,3,2,1,18,0.23999999463558197,1,0,4,14.0,8.609937032063803,1.5,0.0,-0.010280042886734009,0.0,0.0,0.0,0.0,0.32134881615638733
3131,58192,3,1130,2,OP3,FIXED_OPPONENT,train,SCRIPTED:OP3,0,3,3,0,18,0.2800000011920929,1,0,1,11.0,11.231674194335938,-0.699999988079071,0.0,0.004353955388069153,0.0,0.0,0.0,0.0,-0.15423734486103058
3132,58256,3,1138,2,OP3,FIXED_OPPONENT,train,SCRIPTED:OP3,0,3,3,0,19,0.19999998807907104,1,0,5,12.0,9.68084716796875,-0.699999988079071,0.0,-0.003451108932495117,0.0,0.0,0.0,-0.019999999552965164,-0.15870831906795502
3133,58272,3,1140,2,OP3,FIXED_OPPONENT,train,SCRIPTED:OP3,1,3,1,2,18,0.35999998450279236,1,0,0,11.0,9.642967224121094,1.5,0.5,-0.025154337286949158,0.029999999329447746,1.0,100.0,0.0,0.582839846611023
3134,58288,3,1142,0,OP3,FIXED_OPPONENT,train,SCRIPTED:OP3,0,2,3,-1,19,0.1599999964237213,1,0,0,13.0,12.357582493832236,-1.2000000476837158,-0.5,0.0027428120374679565,0.019999999552965164,-1.0,-100.0,0.0,-0.5367618799209595
3135,58304,3,1144,2,OP3,FIXED_OPPONENT,train,SCRIPTED:OP3,1,3,2,1,18,0.23999999463558197,1,0,1,11.0,10.509351094563803,1.5,0.5,-0.015287034213542938,0.029999999329447746,1.0,100.0,0.0,0.5829557180404663
3136,58312,3,1145,2,OP3,FIXED_OPPONENT,train,SCRIPTED:OP3,1,3,2,1,17,0.2800000011920929,1,0,0,11.0,10.112530876608457,1.5,0.4000000059604645,0.007108807563781738,0.014999999664723873,1.0,100.0,0.0,0.5681843757629395
3137,58312,3,1145,0,OP3,FIXED_OPPONENT,train,SCRIPTED:OP3,0,2,3,-1,20,0.23999999463558197,1,0,4,12.0,10.672199249267578,-1.2000000476837158,-0.5,0.01540103554725647,0.019999999552965164,-1.0,-100.0,-0.019999999552965164,-0.5397586822509766
3138,58320,3,1146,3,OP3,FIXED_OPPONENT,train,SCRIPTED:OP3,1,3,2,1,18,0.2800000011920929,1,0,4,13.0,10.329960293240017,1.5,0.5,0.0022992491722106934,0.029999999329447746,1.0,100.0,-0.019999999552965164,0.58022141456604
3139,58328,3,1147,1,OP3,FIXED_OPPONENT,train,SCRIPTED:OP3,0,2,3,-1,17,0.1599999964237213,1,0,2,11.0,10.167528937844668,-1.2000000476837158,-0.5,0.01923668384552002,0.019999999552965164,-1.0,-100.0,0.0,-0.536553144454956
3140,58400,3,1156,0,OP3,FIXED_OPPONENT,train,SCRIPTED:OP3,0,2,3,-1,18,0.3199999928474426,1,0,2,11.0,9.444301181369358,-1.2000000476837158,-0.5,-0.003722637891769409,0.0,-1.0,-100.0,0.0,-0.5370966792106628
3141,58416,3,1158,3,OP3,FIXED_OPPONENT,train,SCRIPTED:OP3,1,3,2,1,18,0.23999999463558197,1,0,2,11.0,9.787607828776041,1.5,0.5,-0.0201607346534729,0.014999999664723873,1.0,100.0,0.0,0.5827223062515259
3142,58440,3,1161,1,OP3,FIXED_OPPONENT,train,SCRIPTED:OP3,1,3,2,1,17,0.19999998807907104,1,0,0,11.0,11.180816650390625,1.5,0.5,0.020377233624458313,0.029999999329447746,1.0,100.0,-0.019999999552965164,0.5804345607757568
3143,58440,3,1161,0,OP3,FIXED_OPPONENT,train,SCRIPTED:OP3,0,2,3,-1,19,0.23999999463558197,1,0,1,12.0,11.294809441817435,-1.2000000476837158,0.0,0.014613494277000427,0.019999999552965164,0.0,0.0,0.0,-0.2599467635154724
3144,58448,3,1162,1,OP3,FIXED_OPPONENT,train,SCRIPTED:OP3,1,3,2,1,17,0.23999999463558197,1,0,0,11.0,13.071990966796875,1.5,0.0,-0.009753063321113586,0.0,0.0,0.0,0.0,0.32135725021362305
3145,58456,3,1163,0,OP3,FIXED_OPPONENT,train,SCRIPTED:OP3,0,2,3,-1,18,0.35999998450279236,1,0,2,12.0,11.149691263834635,-1.2000000476837158,-0.4000000059604645,0.0019438713788986206,0.0,-1.0,-100.0,-0.019999999552965164,-0.5242536067962646
3146,58464,3,1164,3,OP3,FIXED_OPPONENT,train,SCRIPTED:OP3,0,2,3,-1,18,0.19999998807907104,1,0,2,11.0,10.092500474717882,-1.2000000476837158,-0.5,0.007281243801116943,0.019999999552965164,-1.0,-100.0,0.0,-0.536704421043396
3147,58504,3,1169,0,OP3,FIXED_OPPONENT,train,SCRIPTED:OP3,0,3,3,0,22,0.19999998807907104,1,0,1,14.0,9.933068708939986,-0.699999988079071,0.0,-0.003308631479740143,0.0,0.0,0.0,-0.019999999552965164,-0.15870584547519684
3148,58544,3,1174,2,OP3,FIXED_OPPONENT,train,SCRIPTED:OP3,1,3,2,1,18,0.3199999928474426,1,0,0,12.0,11.138994852701822,1.5,0.5,-0.029230251908302307,0.029999999329447746,1.0,100.0,-0.019999999552965164,0.5798494815826416
3149,58576,3,1178,2,OP3,FIXED_OPPONENT,train,SCRIPTED:OP3,0,2,3,-1,20,0.19999998807907104,1,0,2,13.0,10.857154846191406,-1.2000000476837158,0.0,0.015053674578666687,0.019999999552965164,0.0,0.0,-0.019999999552965164,-0.2640787959098816
3150,58584,3,1179,3,OP3,FIXED_OPPONENT,train,SCRIPTED:OP3,1,3,2,1,18,0.19999998807907104,1,0,0,11.0,10.713289896647135,1.5,0.4000000059604645,0.008371546864509583,0.029999999329447746,1.0,100.0,0.0,0.5683801174163818
3151,58584,3,1179,1,OP3,FIXED_OPPONENT,train,SCRIPTED:OP3,1,3,2,1,16,0.2800000011920929,1,0,2,11.0,10.51801586151123,1.5,0.4000000059604645,-0.010120362043380737,0.029999999329447746,1.0,100.0,-0.019999999552965164,0.5651401281356812
3152,58592,3,1180,0,OP3,FIXED_OPPONENT,train,SCRIPTED:OP3,0,2,3,-1,18,0.2800000011920929,1,0,3,11.0,10.989339192708334,-1.2000000476837158,-0.4000000059604645,-0.004863247275352478,0.019999999552965164,-1.0,-100.0,-0.019999999552965164,-0.5240835547447205
3153,58592,3,1180,3,OP3,FIXED_OPPONENT,train,SCRIPTED:OP3,0,2,3,-1,19,0.3199999928474426,1,0,1,12.0,11.418738917300576,-1.2000000476837158,-0.4000000059604645,-0.005754396319389343,0.0,-1.0,-100.0,0.0,-0.521122932434082
3154,58600,3,1181,2,OP3,FIXED_OPPONENT,train,SCRIPTED:OP3,1,3,2,1,17,0.23999999463558197,1,0,1,12.0,12.14644218893612,1.5,0.5,0.000540122389793396,0.029999999329447746,1.0,100.0,0.0,0.5831413269042969
3155,58648,3,1187,0,OP3,FIXED_OPPONENT,train,SCRIPTED:OP3,1,3,2,1,18,0.19999998807907104,1,0,1,12.0,8.394316779242622,1.5,0.0,-0.010273337364196777,0.0,0.0,0.0,0.0,0.32134896516799927
3156,58704,3,1194,3,OP3,FIXED_OPPONENT,train,SCRIPTED:OP3,1,3,2,1,20,0.1599999964237213,1,0,1,13.0,9.481887817382812,1.5,0.5,-0.02394406497478485,0.029999999329447746,1.0,100.0,-0.019999999552965164,0.5799118280410767
3157,58720,3,1196,1,OP3,FIXED_OPPONENT,train,SCRIPTED:OP3,0,3,3,0,18,0.23999999463558197,1,0,5,11.0,9.349319458007812,-0.699999988079071,0.0,0.0022053569555282593,0.0,0.0,0.0,-0.019999999552965164,-0.1586102843284607
3158,58736,3,1198,3,OP3,FIXED_OPPONENT,train,SCRIPTED:OP3,1,3,2,1,18,0.23999999463558197,1,0,3,11.0,10.590316772460938,1.5,0.5,-0.005914941430091858,0.029999999329447746,1.0,100.0,0.0,0.5830656290054321
3159,58736,3,1198,2,OP3,FIXED_OPPONENT,train,SCRIPTED:OP3,0,3,3,0,19,0.19999998807907104,1,0,11,11.0,8.646502846165708,-0.699999988079071,0.5,-0.009311899542808533,0.0,1.0,100.0,0.0,0.17576786875724792
3160,58736,3,1198,2,OP3,FIXED_OPPONENT,train,SCRIPTED:OP3,0,2,3,-1,18,0.19999998807907104,1,0,5,11.0,10.03330569797092,-1.2000000476837158,0.0,-0.0018144547939300537,0.019999999552965164,0.0,0.0,0.0,-0.2602190673351288
3161,58736,3,1198,1,OP3,FIXED_OPPONENT,train,SCRIPTED:OP3,1,3,2,1,19,0.3199999928474426,1,0,0,12.0,9.72692228618421,1.5,0.5,-0.021879486739635468,0.029999999329447746,1.0,100.0,0.0,0.5828782916069031
3162,58768,3,1202,3,OP3,FIXED_OPPONENT,train,SCRIPTED:OP3,1,3,2,1,21,0.35999998450279236,1,0,2,13.0,10.087147303989955,1.5,0.5,-0.018799811601638794,0.014999999664723873,1.0,100.0,0.0,0.5827382802963257
3163,58800,3,1206,0,OP3,FIXED_OPPONENT,train,SCRIPTED:OP3,0,2,3,-1,19,0.1599999964237213,1,0,3,12.0,11.647606297543174,-1.2000000476837158,-0.5,0.0032669156789779663,0.019999999552965164,-1.0,-100.0,-0.019999999552965164,-0.5399116277694702
3164,58824,3,1209,3,OP3,FIXED_OPPONENT,train,SCRIPTED:OP3,0,2,3,-1,15,0.1599999964237213,1,0,3,11.0,10.413552856445312,-1.2000000476837158,0.0,-0.004957079887390137,0.0,0.0,0.0,0.0,-0.26060259342193604
3165,58848,3,1212,3,OP3,FIXED_OPPONENT,train,SCRIPTED:OP3,0,1,3,-2,16,0.2800000011920929,1,0,0,12.0,9.162468910217285,-1.2000000476837158,-0.5,0.014125943183898926,0.019999999552965164,-1.0,-100.0,-0.03999999910593033,-0.5429167747497559
3166,58856,3,1213,3,OP3,FIXED_OPPONENT,train,SCRIPTED:OP3,1,3,2,1,15,0.23999999463558197,1,0,0,11.0,10.72990214029948,1.5,0.0,-0.00046584010124206543,0.0,0.0,0.0,0.0,0.32150527834892273
3167,58872,3,1215,0,OP3,FIXED_OPPONENT,train,SCRIPTED:OP3,1,3,1,2,17,0.1599999964237213,1,0,0,13.0,12.364406810087317,1.5,0.4000000059604645,0.00014925003051757812,0.029999999329447746,1.0,100.0,-0.019999999552965164,0.5652643442153931
3168,58888,3,1217,2,OP3,FIXED_OPPONENT,train,SCRIPTED:OP3,0,2,3,-1,19,0.23999999463558197,1,0,3,12.0,11.385616101716694,-1.2000000476837158,0.0,-0.014795944094657898,0.019999999552965164,0.0,0.0,0.0,-0.26043421030044556
3169,58896,3,1218,3,OP3,FIXED_OPPONENT,train,SCRIPTED:OP3,1,3,2,1,20,0.23999999463558197,1,0,5,13.0,9.837950897216796,1.5,0.4000000059604645,0.008031919598579407,0.02499999850988388,1.0,100.0,-0.03999999910593033,0.5622674822807312
3170,58928,3,1222,2,OP3,FIXED_OPPONENT,train,SCRIPTED:OP3,1,3,2,1,20,0.1599999964237213,1,0,5,13.0,10.74209976196289,1.5,1.0,-0.01987253874540329,0.029999999329447746,2.0,200.0,-0.019999999552965164,0.7597973346710205
3171,58944,3,1224,1,OP3,FIXED_OPPONENT,train,SCRIPTED:OP3,0,2,3,-1,18,0.3199999928474426,1,0,1,11.0,10.482134501139322,-1.2000000476837158,-0.4000000059604645,-0.0032631754875183105,0.0,-1.0,-100.0,0.0,-0.5210906863212585
3172,58992,3,1230,0,OP3,FIXED_OPPONENT,train,SCRIPTED:OP3,0,3,3,0,21,0.3199999928474426,1,0,2,14.0,9.880543300083705,-0.699999988079071,0.0,-0.001789584755897522,0.0,0.0,0.0,0.0,-0.15434396266937256
3173,58992,3,1230,0,OP3,FIXED_OPPONENT,train,SCRIPTED:OP3,0,2,3,-1,18,0.35999998450279236,1,0,2,11.0,9.930381774902344,-1.2000000476837158,-0.5,0.015654340386390686,0.0,-1.0,-100.0,0.0,-0.5368515849113464
3174,59000,3,1231,1,OP3,FIXED_OPPONENT,train,SCRIPTED:OP3,0,1,3,-2,16,0.1599999964237213,1,0,1,12.0,10.883899688720703,-1.2000000476837158,-0.5,0.01011243462562561,0.0,-1.0,-100.0,-0.019999999552965164,-0.540077269077301
3175,59008,3,1232,0,OP3,FIXED_OPPONENT,train,SCRIPTED:OP3,1,3,2,1,19,0.23999999463558197,1,0,2,12.0,11.02421007658306,1.5,0.5,0.01757146418094635,0.029999999329447746,1.0,100.0,0.0,0.583341121673584
3176,59040,3,1236,0,OP3,FIXED_OPPONENT,train,SCRIPTED:OP3,0,3,3,0,18,0.23999999463558197,1,0,0,11.0,11.980250040690104,-0.699999988079071,0.0,-0.008970580995082855,0.0,0.0,0.0,0.0,-0.1544685810804367
3177,59048,3,1237,3,OP3,FIXED_OPPONENT,train,SCRIPTED:OP3,1,3,2,1,20,0.23999999463558197,1,0,2,13.0,9.509432983398437,1.5,0.5,-0.034918516874313354,0.029999999329447746,1.0,100.0,-0.019999999552965164,0.5797823667526245
3178,59072,3,1240,0,OP3,FIXED_OPPONENT,train,SCRIPTED:OP3,1,3,2,1,18,0.2800000011920929,1,0,0,11.0,10.881162855360243,1.5,0.4000000059604645,0.003550097346305847,0.014999999664723873,1.0,100.0,-0.019999999552965164,0.5651240348815918
3179,59088,3,1242,0,OP3,FIXED_OPPONENT,train,SCRIPTED:OP3,0,1,3,-2,18,0.1599999964237213,1,0,6,12.0,10.641087849934896,-1.2000000476837158,-0.5,-0.004182979464530945,0.019999999552965164,-1.0,-100.0,-0.019999999552965164,-0.5400054454803467
3180,59128,3,1247,1,OP3,FIXED_OPPONENT,train,SCRIPTED:OP3,1,3,2,1,17,0.35999998450279236,1,0,0,11.0,11.297911700080423,1.5,0.0,0.0036099255084991455,0.0,0.0,0.0,0.0,0.3215702772140503
3181,59136,3,1248,1,OP3,FIXED_OPPONENT,train,SCRIPTED:OP3,0,2,3,-1,18,0.3199999928474426,1,0,4,11.0,9.48071543375651,-1.2000000476837158,-0.4000000059604645,0.006935417652130127,0.019999999552965164,-1.0,-100.0,0.0,-0.5206994414329529
3182,59152,3,1250,0,OP3,FIXED_OPPONENT,train,SCRIPTED:OP3,1,3,2,1,18,0.19999998807907104,1,0,1,11.0,10.915060255262587,1.5,0.4000000059604645,0.005884572863578796,0.029999999329447746,1.0,100.0,0.0,0.568350076675415
3183,59160,3,1251,2,OP3,FIXED_OPPONENT,train,SCRIPTED:OP3,1,3,1,2,20,0.3199999928474426,1,0,1,13.0,11.014913177490234,1.5,1.0,-0.03152887523174286,0.029999999329447746,2.0,200.0,-0.019999999552965164,0.7597097754478455
3184,59184,3,1254,1,OP3,FIXED_OPPONENT,train,SCRIPTED:OP3,0,2,3,-1,18,0.19999998807907104,1,0,0,11.0,11.113214280870226,-1.2000000476837158,-0.5,-0.0033451467752456665,0.0,-1.0,-100.0,-0.019999999552965164,-0.5402467250823975
3185,59192,3,1255,1,OP3,FIXED_OPPONENT,train,SCRIPTED:OP3,1,3,2,1,18,0.23999999463558197,1,0,4,12.0,9.396430121527779,1.5,0.5,-0.024147674441337585,0.029999999329447746,1.0,100.0,-0.019999999552965164,0.5799094438552856
3186,59216,3,1258,0,OP3,FIXED_OPPONENT,train,SCRIPTED:OP3,0,2,3,-1,16,0.19999998807907104,1,0,1,11.0,9.966877937316895,-1.2000000476837158,-0.5,-0.0034189075231552124,0.0,-1.0,-100.0,-0.019999999552965164,-0.5402476787567139
3187,59232,3,1260,0,OP3,FIXED_OPPONENT,train,SCRIPTED:OP3,1,3,2,1,20,0.23999999463558197,1,0,5,12.0,8.989100646972656,1.5,0.5,-0.00931936502456665,0.02499999850988388,1.0,100.0,-0.019999999552965164,0.5800254344940186
3188,59272,3,1265,2,OP3,FIXED_OPPONENT,train,SCRIPTED:OP3,1,3,2,1,17,0.11999999731779099,1,0,0,13.0,11.327671724207262,1.5,0.5,0.0027375221252441406,0.029999999329447746,1.0,100.0,-0.03999999910593033,0.5772708654403687
3189,59280,3,1266,3,OP3,FIXED_OPPONENT,train,SCRIPTED:OP3,1,3,2,1,19,0.11999999731779099,1,0,5,12.0,10.78698087993421,1.5,0.5,-0.03720875084400177,0.029999999329447746,1.0,100.0,0.0,0.5826983451843262
3190,59296,3,1268,3,OP3,FIXED_OPPONENT,train,SCRIPTED:OP3,0,3,3,0,18,0.2800000011920929,1,0,0,11.0,11.470555623372396,-0.699999988079071,0.0,-0.005118608474731445,0.0,0.0,0.0,0.0,-0.1544017344713211
3191,59304,3,1269,1,OP3,FIXED_OPPONENT,train,SCRIPTED:OP3,0,2,3,-1,18,0.23999999463558197,1,0,5,11.0,10.43503146701389,-1.2000000476837158,0.0,-0.004656508564949036,0.0,0.0,0.0,0.0,-0.2605976164340973
3192,59336,3,1273,3,OP3,FIXED_OPPONENT,train,SCRIPTED:OP3,0,2,3,-1,19,0.19999998807907104,1,0,2,12.0,10.35547517475329,-1.2000000476837158,-0.5,-0.004040047526359558,0.019999999552965164,-1.0,-100.0,0.0,-0.536847710609436
3193,59344,3,1274,3,OP3,FIXED_OPPONENT,train,SCRIPTED:OP3,0,2,3,-1,19,0.2800000011920929,1,0,2,12.0,10.347065172697368,-1.2000000476837158,-0.5,0.0023647695779800415,0.0,-1.0,-100.0,-0.019999999552965164,-0.5401748418807983
3194,59392,3,1280,1,OP3,FIXED_OPPONENT,train,SCRIPTED:OP3,0,3,3,0,22,0.23999999463558197,1,0,9,15.0,9.631621620871805,-0.699999988079071,0.0,0.011497721076011658,0.0,0.0,0.0,0.0,-0.15411335229873657
3195,59392,3,1280,3,OP3,FIXED_OPPONENT,train,SCRIPTED:OP3,1,3,2,1,20,0.4399999976158142,1,0,0,12.0,11.08297119140625,1.5,0.5,-0.020110920071601868,0.014999999664723873,1.0,100.0,0.0,0.5827229022979736
3196,59424,3,1284,3,OP3,FIXED_OPPONENT,train,SCRIPTED:OP3,0,2,3,-1,15,0.2800000011920929,1,0,3,11.0,10.709103393554688,-1.2000000476837158,-0.5,-0.0014516115188598633,0.019999999552965164,-1.0,-100.0,-0.019999999552965164,-0.5399709939956665
3197,59424,3,1284,0,OP3,FIXED_OPPONENT,train,SCRIPTED:OP3,0,3,3,0,19,0.1599999964237213,1,0,2,12.0,9.911280581825658,-0.699999988079071,0.0,0.005730129778385162,0.0,0.0,0.0,-0.019999999552965164,-0.15854918956756592
3198,59440,3,1286,3,OP3,FIXED_OPPONENT,train,SCRIPTED:OP3,1,3,2,1,18,0.3199999928474426,1,0,2,11.0,10.251798841688368,1.5,0.4000000059604645,0.003658771514892578,0.014999999664723873,1.0,100.0,0.0,0.568142831325531
3199,59440,3,1286,1,OP3,FIXED_OPPONENT,train,SCRIPTED:OP3,1,3,2,1,20,0.23999999463558197,1,0,1,14.0,9.83302001953125,1.5,0.0,0.0024586468935012817,0.0,0.0,0.0,0.0,0.3215518891811371
3200,59488,3,1292,2,OP3,FIXED_OPPONENT,train,SCRIPTED:OP3,0,2,3,-1,18,0.23999999463558197,1,0,0,11.0,11.114191691080729,-1.2000000476837158,-0.4000000059604645,-0.010531529784202576,0.0,-1.0,-100.0,-0.019999999552965164,-0.5244144201278687
3201,59496,3,1293,2,OP3,FIXED_OPPONENT,train,SCRIPTED:OP3,0,3,3,0,20,0.35999998450279236,1,0,2,12.0,11.19582290649414,-0.699999988079071,0.0,-0.0021112561225891113,0.0,0.0,0.0,0.0,-0.15434955060482025
3202,59520,3,1296,3,OP3,FIXED_OPPONENT,train,SCRIPTED:OP3,1,3,2,1,16,0.3199999928474426,1,0,3,11.0,9.414647102355957,1.5,0.4000000059604645,-0.010372146964073181,0.029999999329447746,1.0,100.0,-0.019999999552965164,0.5651370882987976
3203,59536,3,1298,1,OP3,FIXED_OPPONENT,train,SCRIPTED:OP3,1,3,2,1,18,0.3999999761581421,1,0,4,11.0,8.922369215223524,1.5,0.4000000059604645,-0.009687259793281555,0.029999999329447746,1.0,100.0,-0.019999999552965164,0.5651453733444214
3204,59568,3,1302,1,OP3,FIXED_OPPONENT,train,SCRIPTED:OP3,0,2,3,-1,18,0.3199999928474426,1,0,2,11.0,9.891786363389757,-1.2000000476837158,-0.5,0.005292728543281555,0.0,-1.0,-100.0,0.0,-0.5369826555252075
3205,59568,3,1302,3,OP3,FIXED_OPPONENT,train,SCRIPTED:OP3,1,3,2,1,18,0.2800000011920929,1,0,5,11.0,10.277665032280815,1.5,0.5,-0.014110863208770752,0.029999999329447746,1.0,100.0,0.0,0.5829694271087646
3206,59576,3,1303,3,OP3,FIXED_OPPONENT,train,SCRIPTED:OP3,0,2,3,-1,17,0.2800000011920929,1,0,0,11.0,9.693898818072151,-1.2000000476837158,-0.5,0.006683334708213806,0.0,-1.0,-100.0,-0.019999999552965164,-0.5401204228401184
3207,59584,3,1304,3,OP3,FIXED_OPPONENT,train,SCRIPTED:OP3,0,3,3,0,18,0.3199999928474426,1,0,2,11.0,9.828612433539497,-0.699999988079071,0.0,0.0012544691562652588,0.0,0.0,0.0,0.0,-0.15429113805294037
3208,59632,3,1310,2,OP3,FIXED_OPPONENT,train,SCRIPTED:OP3,0,2,3,-1,18,0.2800000011920929,1,0,7,11.0,9.206410725911459,-1.2000000476837158,-0.5,0.0011899173259735107,0.019999999552965164,-1.0,-100.0,0.0,-0.5367815494537354
3209,59672,3,1315,0,OP3,FIXED_OPPONENT,train,SCRIPTED:OP3,0,3,3,0,22,0.1599999964237213,1,0,3,11.0,11.081114335493607,-0.699999988079071,0.0,-0.006946444511413574,0.0,0.0,0.0,0.0,-0.1544334590435028
3210,59688,3,1317,3,OP3,FIXED_OPPONENT,train,SCRIPTED:OP3,0,2,3,-1,19,0.23999999463558197,1,0,3,12.0,11.16573695132607,-1.2000000476837158,-0.5,0.009177863597869873,0.019999999552965164,-1.0,-100.0,0.0,-0.5366804003715515
3211,59696,3,1318,3,OP3,FIXED_OPPONENT,train,SCRIPTED:OP3,1,3,2,1,22,0.35999998450279236,1,0,5,14.0,8.595239119096236,1.5,0.5,-0.02725173532962799,0.029999999329447746,1.0,100.0,-0.019999999552965164,0.5798728466033936
3212,59712,3,1320,2,OP3,FIXED_OPPONENT,train,SCRIPTED:OP3,0,2,3,-1,18,0.23999999463558197,0,1,4,11.0,9.427039252387154,-1.2000000476837158,-0.4000000059604645,-0.010668531060218811,0.019999999552965164,-1.0,-100.0,-0.019999999552965164,-0.5241584181785583
3213,59720,3,1321,1,OP3,FIXED_OPPONENT,train,SCRIPTED:OP3,1,3,2,1,19,0.1599999964237213,1,0,1,15.0,11.648323460629111,1.5,0.5,0.00472646951675415,0.029999999329447746,1.0,100.0,-0.019999999552965164,0.580250084400177
3214,59720,3,1321,3,OP3,FIXED_OPPONENT,train,SCRIPTED:OP3,0,2,3,-1,18,0.19999998807907104,1,0,2,14.0,11.379256354437935,-1.2000000476837158,-0.5,-0.007675096392631531,0.019999999552965164,-1.0,-100.0,0.0,-0.5368937253952026
3215,59728,3,1322,3,OP3,FIXED_OPPONENT,train,SCRIPTED:OP3,1,3,2,1,18,0.23999999463558197,1,0,0,11.0,12.459721883138021,1.5,0.5,-0.0004911422729492188,0.029999999329447746,1.0,100.0,-0.03999999910593033,0.5772325992584229
3216,59792,3,1330,2,OP3,FIXED_OPPONENT,train,SCRIPTED:OP3,0,3,3,0,20,0.19999998807907104,1,0,4,13.0,10.17705078125,-0.699999988079071,0.0,0.007864102721214294,0.0,0.0,0.0,-0.019999999552965164,-0.15851221978664398
3217,59816,3,1333,2,OP3,FIXED_OPPONENT,train,SCRIPTED:OP3,0,2,3,-1,18,0.19999998807907104,1,0,2,11.0,11.085657755533854,-1.2000000476837158,-0.4000000059604645,-0.010619938373565674,0.0,-1.0,-100.0,0.0,-0.5211858749389648
3218,59824,3,1334,0,OP3,FIXED_OPPONENT,train,SCRIPTED:OP3,1,3,2,1,17,0.23999999463558197,1,0,1,11.0,10.540259866153493,1.5,0.4000000059604645,-0.0030580908060073853,0.029999999329447746,1.0,100.0,0.0,0.5682425498962402
3219,59848,3,1337,0,OP3,FIXED_OPPONENT,train,SCRIPTED:OP3,1,3,2,1,16,0.19999998807907104,1,0,0,11.0,12.12343692779541,1.5,0.5,0.004758603870868683,0.029999999329447746,1.0,100.0,0.0,0.5831908583641052
3220,59848,3,1337,1,OP3,FIXED_OPPONENT,train,SCRIPTED:OP3,0,2,3,-1,19,0.19999998807907104,1,0,0,12.0,10.985157213712993,-1.2000000476837158,-0.5,-6.492435932159424e-05,0.019999999552965164,-1.0,-100.0,-0.019999999552965164,-0.5399535894393921
3221,59856,3,1338,1,OP3,FIXED_OPPONENT,train,SCRIPTED:OP3,1,3,1,2,18,0.2800000011920929,1,0,4,12.0,9.837844848632812,1.5,0.5,-0.025555074214935303,0.029999999329447746,1.0,100.0,0.0,0.5828351378440857
3222,59864,3,1339,3,OP3,FIXED_OPPONENT,train,SCRIPTED:OP3,1,3,2,1,18,0.1599999964237213,1,0,2,13.0,10.616253323025173,1.5,0.5,-0.023451760411262512,0.029999999329447746,1.0,100.0,0.0,0.5828598141670227
3223,59872,3,1340,2,OP3,FIXED_OPPONENT,train,SCRIPTED:OP3,1,3,2,1,18,0.19999998807907104,1,0,0,11.0,10.75756581624349,1.5,0.5,-0.022661298513412476,0.029999999329447746,1.0,100.0,-0.019999999552965164,0.5799269676208496
3224,59936,3,1348,0,OP3,FIXED_OPPONENT,train,SCRIPTED:OP3,1,3,2,1,18,0.19999998807907104,1,0,3,11.0,10.46858384874132,1.5,0.0,-0.0002574920654296875,0.0,0.0,0.0,0.0,0.32150858640670776
3225,59968,3,1352,1,OP3,FIXED_OPPONENT,train,SCRIPTED:OP3,1,3,2,1,18,0.19999998807907104,1,0,2,12.0,10.304537455240885,1.5,0.5,-0.010981932282447815,0.029999999329447746,1.0,100.0,-0.019999999552965164,0.5800648331642151
3226,59976,3,1353,0,OP3,FIXED_OPPONENT,train,SCRIPTED:OP3,1,3,2,1,20,0.3199999928474426,1,0,2,12.0,8.648638153076172,1.5,0.5,-0.028198406100273132,0.029999999329447746,1.0,100.0,0.0,0.5828040838241577
3227,59992,3,1355,0,OP3,FIXED_OPPONENT,train,SCRIPTED:OP3,0,3,3,0,18,0.1599999964237213,1,0,2,11.0,10.955062018500435,-0.699999988079071,0.5,0.008549034595489502,0.0,1.0,100.0,0.0,0.1760755479335785
3228,60000,3,1356,3,OP3,FIXED_OPPONENT,train,SCRIPTED:OP3,1,3,2,1,17,0.19999998807907104,1,0,3,13.0,10.244337194106159,1.5,0.0,-0.008761629462242126,0.0,0.0,0.0,0.0,0.32137301564216614
3229,60008,3,1357,2,OP3,FIXED_OPPONENT,train,SCRIPTED:OP3,1,3,2,1,19,0.23999999463558197,1,0,3,12.0,10.564394499126234,1.5,0.5,0.007111698389053345,0.029999999329447746,1.0,100.0,0.0,0.5832184553146362
3230,60016,3,1358,2,OP3,FIXED_OPPONENT,train,SCRIPTED:OP3,0,3,3,0,21,0.19999998807907104,1,0,3,14.0,10.599849155970983,-0.699999988079071,0.0,-0.00957190990447998,0.0,0.0,0.0,0.0,-0.1544790118932724
3231,60032,3,1360,1,OP3,FIXED_OPPONENT,train,SCRIPTED:OP3,0,3,3,0,20,0.19999998807907104,1,0,3,13.0,11.407727813720703,-0.699999988079071,0.0,0.006648331880569458,0.0,0.0,0.0,-0.03999999910593033,-0.16286297142505646
3232,60056,3,1363,1,OP3,FIXED_OPPONENT,train,SCRIPTED:OP3,1,3,2,1,15,0.35999998450279236,1,0,3,11.0,9.582227579752605,1.5,0.5,-0.015854865312576294,0.014999999664723873,1.0,100.0,0.0,0.5827728509902954
3233,60120,3,1371,0,OP3,FIXED_OPPONENT,train,SCRIPTED:OP3,0,3,3,0,19,0.23999999463558197,1,0,2,11.0,9.346803364000822,-0.699999988079071,0.0,-0.003400541841983795,0.0,0.0,0.0,-0.019999999552965164,-0.15870743989944458
3234,60144,3,1374,2,OP3,FIXED_OPPONENT,train,SCRIPTED:OP3,1,3,2,1,17,0.1599999964237213,1,0,0,11.0,11.117060044232536,1.5,0.5,0.009760618209838867,0.029999999329447746,1.0,100.0,0.0,0.5832495093345642
3235,60144,3,1374,2,OP3,FIXED_OPPONENT,train,SCRIPTED:OP3,0,3,3,0,21,0.2800000011920929,1,0,10,13.0,9.672387259347099,-0.699999988079071,0.0,-0.009911194443702698,0.0,0.0,0.0,0.0,-0.15448489785194397
3236,60144,3,1374,0,OP3,FIXED_OPPONENT,train,SCRIPTED:OP3,1,3,2,1,19,0.19999998807907104,1,0,2,12.0,10.973244114925986,1.5,0.5,-0.009367108345031738,0.029999999329447746,1.0,100.0,0.0,0.5830250978469849
3237,60152,3,1375,2,OP3,FIXED_OPPONENT,train,SCRIPTED:OP3,1,3,2,1,19,0.1599999964237213,1,0,0,14.0,10.169377377158717,1.5,0.5,0.013957187533378601,0.014999999664723873,1.0,100.0,-0.019999999552965164,0.5801820158958435
3238,60160,3,1376,0,OP3,FIXED_OPPONENT,train,SCRIPTED:OP3,1,3,2,1,18,0.35999998450279236,1,0,2,11.0,11.018551296657986,1.5,0.5,-0.0073143839836120605,0.014999999664723873,1.0,100.0,0.0,0.5828731060028076
3239,60192,3,1380,3,OP3,FIXED_OPPONENT,train,SCRIPTED:OP3,1,3,2,1,20,0.23999999463558197,1,0,7,13.0,9.70361328125,1.5,1.0,-0.0089491605758667,0.029999999329447746,2.0,200.0,-0.03999999910593033,0.7579950094223022
3240,60208,3,1382,3,OP3,FIXED_OPPONENT,train,SCRIPTED:OP3,0,2,3,-1,19,0.1599999964237213,1,0,3,12.0,10.327425504985609,-1.2000000476837158,-0.5,-0.011492669582366943,0.019999999552965164,-1.0,-100.0,-0.019999999552965164,-0.5400974750518799
3241,60264,3,1389,3,OP3,FIXED_OPPONENT,train,SCRIPTED:OP3,1,3,2,1,18,0.3199999928474426,1,0,0,11.0,9.581138610839844,1.5,0.5,-0.012173444032669067,0.014999999664723873,1.0,100.0,-0.019999999552965164,0.5798736810684204
3242,60288,3,1392,3,OP3,FIXED_OPPONENT,train,SCRIPTED:OP3,1,3,2,1,18,0.2800000011920929,1,0,1,11.0,10.079921298556858,1.5,0.5,0.005297958850860596,0.014999999664723873,1.0,100.0,0.0,0.5830211639404297
3243,60304,3,1394,2,OP3,FIXED_OPPONENT,train,SCRIPTED:OP3,0,2,3,-1,18,0.23999999463558197,1,0,0,11.0,11.809740702311197,-1.2000000476837158,-0.5,0.0008063167333602905,0.0,-1.0,-100.0,0.0,-0.5370394587516785
3244,60304,3,1394,1,OP3,FIXED_OPPONENT,train,SCRIPTED:OP3,0,2,3,-1,20,0.2800000011920929,1,0,0,13.0,10.315213012695313,-1.2000000476837158,-0.5,0.012128576636314392,0.0,-1.0,-100.0,-0.019999999552965164,-0.5400519371032715
3245,60304,3,1394,0,OP3,FIXED_OPPONENT,train,SCRIPTED:OP3,1,3,2,1,19,0.19999998807907104,1,0,7,13.0,8.909493697317023,1.5,1.0,-0.004822686314582825,0.029999999329447746,2.0,200.0,0.0,0.7617820501327515
3246,60312,3,1395,1,OP3,FIXED_OPPONENT,train,SCRIPTED:OP3,1,3,2,1,21,0.19999998807907104,0,1,4,14.0,10.684459141322545,1.5,0.5,-0.015485376119613647,0.029999999329447746,1.0,100.0,-0.019999999552965164,0.5800116062164307
3247,60336,3,1398,3,OP3,FIXED_OPPONENT,train,SCRIPTED:OP3,0,3,3,0,18,0.11999999731779099,1,0,4,11.0,10.464941236707899,-0.699999988079071,0.5,-0.008452273905277252,0.0,1.0,100.0,0.0,0.17578266561031342
3248,60352,3,1400,3,OP3,FIXED_OPPONENT,train,SCRIPTED:OP3,1,3,2,1,18,0.2800000011920929,1,0,0,11.0,9.596187167697483,1.5,0.5,-0.042453959584236145,0.014999999664723873,1.0,100.0,0.0,0.5824605226516724
3249,60408,3,1407,2,OP3,FIXED_OPPONENT,train,SCRIPTED:OP3,1,3,2,1,18,0.2800000011920929,1,0,0,11.0,10.557726542154947,1.5,0.4000000059604645,-0.0016768276691436768,0.014999999664723873,1.0,100.0,0.0,0.5680785179138184
3250,60432,3,1410,1,OP3,FIXED_OPPONENT,train,SCRIPTED:OP3,1,3,2,1,16,0.1599999964237213,1,0,2,11.0,10.032906532287598,1.5,0.5,-0.02911260724067688,0.014999999664723873,1.0,100.0,-0.03999999910593033,0.5767151713371277
3251,60440,3,1411,1,OP3,FIXED_OPPONENT,train,SCRIPTED:OP3,0,2,3,-1,19,0.1599999964237213,1,0,0,12.0,10.581799958881579,-1.2000000476837158,-0.5,-0.01495787501335144,0.019999999552965164,-1.0,-100.0,-0.019999999552965164,-0.5401411056518555
3252,60456,3,1413,1,OP3,FIXED_OPPONENT,train,SCRIPTED:OP3,1,3,2,1,18,0.2800000011920929,1,0,6,11.0,10.25893825954861,1.5,0.5,-0.03034694492816925,0.029999999329447746,1.0,100.0,-0.019999999552965164,0.579836368560791
3253,60456,3,1413,0,OP3,FIXED_OPPONENT,train,SCRIPTED:OP3,0,2,3,-1,19,0.23999999463558197,1,0,0,13.0,9.395396182411595,-1.2000000476837158,-0.5,0.009726017713546753,0.019999999552965164,-1.0,-100.0,0.0,-0.5366734862327576
3254,60464,3,1414,3,OP3,FIXED_OPPONENT,train,SCRIPTED:OP3,1,3,2,1,16,0.23999999463558197,1,0,1,11.0,10.376140594482422,1.5,0.0,0.0005994588136672974,0.0,0.0,0.0,-0.019999999552965164,0.3175315856933594
3255,60464,3,1414,0,OP3,FIXED_OPPONENT,train,SCRIPTED:OP3,1,3,2,1,20,0.1599999964237213,1,0,1,13.0,10.891093444824218,1.5,0.5,-0.01647002249956131,0.029999999329447746,1.0,100.0,-0.019999999552965164,0.5800000429153442
3256,60504,3,1419,3,OP3,FIXED_OPPONENT,train,SCRIPTED:OP3,0,2,3,-1,19,0.1599999964237213,1,0,2,12.0,10.435163799085116,-1.2000000476837158,-0.5,0.009174138307571411,0.0,-1.0,-100.0,-0.019999999552965164,-0.5400890707969666
3257,60544,3,1424,0,OP3,FIXED_OPPONENT,train,SCRIPTED:OP3,1,3,2,1,17,0.35999998450279236,1,0,0,11.0,12.101650462431067,1.5,0.0,-0.007383450865745544,0.0,0.0,0.0,0.0,0.32139500975608826
3258,60576,3,1428,1,OP3,FIXED_OPPONENT,train,SCRIPTED:OP3,0,2,3,-1,18,0.23999999463558197,1,0,1,11.0,11.630231221516928,-1.2000000476837158,-0.4000000059604645,0.005112782120704651,0.019999999552965164,-1.0,-100.0,0.0,-0.5207230448722839
3259,60592,3,1430,0,OP3,FIXED_OPPONENT,train,SCRIPTED:OP3,1,3,1,2,19,0.2800000011920929,1,0,0,12.0,10.378104762027139,1.5,0.5,-0.027329936623573303,0.014999999664723873,1.0,100.0,0.0,0.582638144493103
3260,60600,3,1431,3,OP3,FIXED_OPPONENT,train,SCRIPTED:OP3,0,2,3,-1,18,0.19999998807907104,1,0,1,11.0,11.291601392957899,-1.2000000476837158,-0.4000000059604645,-0.007348999381065369,0.019999999552965164,-1.0,-100.0,-0.019999999552965164,-0.5241156220436096
3261,60608,3,1432,0,OP3,FIXED_OPPONENT,train,SCRIPTED:OP3,0,2,3,-1,18,0.11999999731779099,1,0,0,11.0,12.017770555284288,-1.2000000476837158,-0.4000000059604645,-9.292364120483398e-05,0.019999999552965164,-1.0,-100.0,0.0,-0.5207904577255249
3262,60632,3,1435,1,OP3,FIXED_OPPONENT,train,SCRIPTED:OP3,0,2,3,-1,22,0.23999999463558197,1,0,6,11.0,10.637922807173295,-1.2000000476837158,-0.5,0.008475914597511292,0.019999999552965164,-1.0,-100.0,0.0,-0.5366893410682678
3263,60632,3,1435,1,OP3,FIXED_OPPONENT,train,SCRIPTED:OP3,0,2,3,-1,21,0.2800000011920929,1,0,4,14.0,9.6825685046968,-1.2000000476837158,0.0,-0.001969471573829651,0.0,0.0,0.0,0.0,-0.2605530917644501
3264,60640,3,1436,2,OP3,FIXED_OPPONENT,train,SCRIPTED:OP3,1,3,2,1,17,0.23999999463558197,1,0,1,12.0,10.769676657284007,1.5,0.5,-0.033596351742744446,0.029999999329447746,1.0,100.0,0.0,0.5827407836914062
3265,60680,3,1441,2,OP3,FIXED_OPPONENT,train,SCRIPTED:OP3,1,3,1,2,17,0.23999999463558197,1,0,5,11.0,9.627130845013786,1.5,0.4000000059604645,0.0020893067121505737,0.029999999329447746,1.0,100.0,0.0,0.5683045387268066
3266,60720,3,1446,2,OP3,FIXED_OPPONENT,train,SCRIPTED:OP3,1,3,2,1,18,0.2800000011920929,1,0,1,12.0,10.604656643337673,1.5,0.5,0.008937090635299683,0.014999999664723873,1.0,100.0,0.0,0.5830638408660889
3267,60736,3,1448,0,OP3,FIXED_OPPONENT,train,SCRIPTED:OP3,0,1,3,-2,18,0.1599999964237213,1,0,1,11.0,11.377232869466146,-1.2000000476837158,-0.5,-0.0005574673414230347,0.019999999552965164,-1.0,-100.0,-0.019999999552965164,-0.5399597883224487
3268,60744,3,1449,2,OP3,FIXED_OPPONENT,train,SCRIPTED:OP3,0,2,3,-1,18,0.3199999928474426,1,0,5,11.0,10.782647026909721,-1.2000000476837158,-0.4000000059604645,-0.006744503974914551,0.0,-1.0,-100.0,0.0,-0.5211357474327087
3269,60760,3,1451,2,OP3,FIXED_OPPONENT,train,SCRIPTED:OP3,0,2,3,-1,19,0.19999998807907104,1,0,3,11.0,10.29892931486431,-1.2000000476837158,-0.5,-0.0022268295288085938,0.019999999552965164,-1.0,-100.0,0.0,-0.5368247628211975
3270,60776,3,1453,2,OP3,FIXED_OPPONENT,train,SCRIPTED:OP3,1,3,2,1,18,0.19999998807907104,1,0,2,11.0,10.887928432888454,1.5,0.5,-0.022813916206359863,0.029999999329447746,1.0,100.0,0.0,0.5828673243522644
3271,60784,3,1454,1,OP3,FIXED_OPPONENT,train,SCRIPTED:OP3,0,3,3,0,18,0.23999999463558197,1,0,2,11.0,9.785558912489149,-0.699999988079071,0.0,-0.009560421109199524,0.0,0.0,0.0,0.0,-0.15447881817817688
3272,60800,3,1456,1,OP3,FIXED_OPPONENT,train,SCRIPTED:OP3,0,2,3,-1,21,0.23999999463558197,1,0,2,14.0,8.99955822172619,-1.2000000476837158,-0.5,0.008275508880615234,0.019999999552965164,-1.0,-100.0,-0.019999999552965164,-0.5398485064506531
3273,60840,3,1461,1,OP3,FIXED_OPPONENT,train,SCRIPTED:OP3,1,3,2,1,20,0.23999999463558197,1,0,0,14.0,11.194883728027344,1.5,0.5,-0.007714360952377319,0.014999999664723873,1.0,100.0,-0.019999999552965164,0.5799263715744019
3274,60872,3,1465,2,OP3,FIXED_OPPONENT,train,SCRIPTED:OP3,0,3,3,0,19,0.19999998807907104,1,0,4,11.0,10.309919658460116,-0.699999988079071,0.0,-0.0070218294858932495,0.0,0.0,0.0,0.0,-0.15443475544452667
3275,60880,3,1466,3,OP3,FIXED_OPPONENT,train,SCRIPTED:OP3,0,3,3,0,18,0.19999998807907104,1,0,0,11.0,11.209895663791233,-0.699999988079071,0.0,-0.00010640919208526611,0.0,0.0,0.0,0.0,-0.15431475639343262
3276,60880,3,1466,2,OP3,FIXED_OPPONENT,train,SCRIPTED:OP3,1,3,1,2,15,0.23999999463558197,1,0,0,11.0,11.337935384114584,1.5,0.4000000059604645,0.005346551537513733,0.029999999329447746,1.0,100.0,0.0,0.5683436393737793
3277,60888,3,1467,1,OP3,FIXED_OPPONENT,train,SCRIPTED:OP3,0,2,3,-1,18,0.19999998807907104,1,0,2,11.0,10.76987033420139,-1.2000000476837158,-0.5,0.0019281059503555298,0.019999999552965164,-1.0,-100.0,-0.03999999910593033,-0.5430697202682495
3278,60920,3,1471,0,OP3,FIXED_OPPONENT,train,SCRIPTED:OP3,1,3,2,1,18,0.19999998807907104,1,0,1,11.0,11.044993082682291,1.5,0.4000000059604645,-0.008076518774032593,0.014999999664723873,1.0,100.0,0.0,0.5680015087127686
3279,60936,3,1473,0,OP3,FIXED_OPPONENT,train,SCRIPTED:OP3,1,3,2,1,19,0.1599999964237213,1,0,2,12.0,10.235759534333882,1.5,0.5,-0.0003720968961715698,0.029999999329447746,1.0,100.0,0.0,0.5831305980682373
3280,60952,3,1475,1,OP3,FIXED_OPPONENT,train,SCRIPTED:OP3,1,3,2,1,19,0.1599999964237213,1,0,1,12.0,11.399014924701891,1.5,0.5,0.029504001140594482,0.029999999329447746,1.0,100.0,0.0,0.5834810733795166
3281,61016,3,1483,3,OP3,FIXED_OPPONENT,train,SCRIPTED:OP3,0,3,3,0,22,0.3199999928474426,1,0,4,14.0,9.696692726828836,-0.699999988079071,0.0,-0.010157391428947449,0.0,0.0,0.0,0.0,-0.1544891744852066
3282,61016,3,1483,0,OP3,FIXED_OPPONENT,train,SCRIPTED:OP3,0,2,3,-1,18,0.23999999463558197,1,0,0,11.0,10.62002902560764,-1.2000000476837158,-0.4000000059604645,0.0035919547080993652,0.019999999552965164,-1.0,-100.0,-0.019999999552965164,-0.5239744782447815
3283,61024,3,1484,2,OP3,FIXED_OPPONENT,train,SCRIPTED:OP3,0,3,3,0,18,0.11999999731779099,1,0,0,11.0,12.564505683051216,-0.699999988079071,0.0,0.007056891918182373,0.0,0.0,0.0,0.0,-0.15419042110443115
3284,61032,3,1485,2,OP3,FIXED_OPPONENT,train,SCRIPTED:OP3,1,3,2,1,18,0.1599999964237213,1,0,0,11.0,11.803805033365885,1.5,0.4000000059604645,0.003907144069671631,0.029999999329447746,1.0,100.0,0.0,0.5683263540267944
3285,61048,3,1487,1,OP3,FIXED_OPPONENT,train,SCRIPTED:OP3,0,3,3,0,21,0.23999999463558197,1,0,3,11.0,10.737144106910343,-0.699999988079071,0.0,-0.010219976305961609,0.0,0.0,0.0,0.0,-0.15449024736881256
3286,61072,3,1490,2,OP3,FIXED_OPPONENT,train,SCRIPTED:OP3,1,3,2,1,19,0.23999999463558197,1,0,0,12.0,10.099374871504935,1.5,0.5,-0.042504578828811646,0.014999999664723873,1.0,100.0,0.0,0.5824599266052246
3287,61096,3,1493,3,OP3,FIXED_OPPONENT,train,SCRIPTED:OP3,1,3,2,1,20,0.3199999928474426,1,0,1,13.0,9.592571258544922,1.5,0.0,-0.010097071528434753,0.0,0.0,0.0,0.0,0.3213517665863037
3288,61096,3,1493,2,OP3,FIXED_OPPONENT,train,SCRIPTED:OP3,0,2,3,-1,18,0.23999999463558197,1,0,6,11.0,8.24704318576389,-1.2000000476837158,-0.4000000059604645,-0.0033951997756958008,0.019999999552965164,-1.0,-100.0,0.0,-0.5208332538604736
3289,61160,3,1501,1,OP3,FIXED_OPPONENT,train,SCRIPTED:OP3,1,3,2,1,18,0.19999998807907104,1,0,3,11.0,10.785907321506077,1.5,0.4000000059604645,-0.00027245283126831055,0.029999999329447746,1.0,100.0,0.0,0.568276047706604
3290,61168,3,1502,3,OP3,FIXED_OPPONENT,train,SCRIPTED:OP3,1,3,2,1,19,0.1599999964237213,1,0,0,12.0,12.808142411081414,1.5,0.5,-0.01290624588727951,0.029999999329447746,1.0,100.0,0.0,0.5829836130142212
3291,61176,3,1503,2,OP3,FIXED_OPPONENT,train,SCRIPTED:OP3,1,3,2,1,19,0.23999999463558197,1,0,3,12.0,10.28670863101357,1.5,0.5,-0.042548924684524536,0.029999999329447746,1.0,100.0,-0.019999999552965164,0.5796923637390137
3292,61192,3,1505,2,OP3,FIXED_OPPONENT,train,SCRIPTED:OP3,0,3,3,0,20,0.2800000011920929,1,0,5,13.0,10.18230972290039,-0.699999988079071,0.0,0.004734456539154053,0.0,0.0,0.0,0.0,-0.1542307436466217
3293,61208,3,1507,2,OP3,FIXED_OPPONENT,train,SCRIPTED:OP3,1,3,2,1,20,0.23999999463558197,1,0,2,13.0,9.573551177978516,1.5,0.5,-0.03607165813446045,0.014999999664723873,1.0,100.0,-0.019999999552965164,0.5795917510986328
3294,61224,3,1509,2,OP3,FIXED_OPPONENT,train,SCRIPTED:OP3,0,2,3,-1,19,0.2800000011920929,1,0,1,12.0,10.310464156301398,-1.2000000476837158,-0.5,-0.002364113926887512,0.0,-1.0,-100.0,-0.019999999552965164,-0.5402343273162842
3295,61240,3,1511,1,OP3,FIXED_OPPONENT,train,SCRIPTED:OP3,0,2,3,-1,18,0.1599999964237213,1,0,2,11.0,9.354177686903212,-1.2000000476837158,-0.5,0.011521145701408386,0.019999999552965164,-1.0,-100.0,0.0,-0.5366507768630981
3296,61248,3,1512,1,OP3,FIXED_OPPONENT,train,SCRIPTED:OP3,0,2,3,-1,19,0.19999998807907104,1,0,4,12.0,10.021392822265625,-1.2000000476837158,-0.5,0.015015408396720886,0.019999999552965164,-1.0,-100.0,0.0,-0.5366065502166748
3297,61304,3,1519,0,OP3,FIXED_OPPONENT,train,SCRIPTED:OP3,0,2,3,-1,18,0.19999998807907104,1,0,2,12.0,10.805838690863716,-1.2000000476837158,-0.5,-0.012531965970993042,0.0,-1.0,-100.0,0.0,-0.537208080291748
3298,61320,3,1521,1,OP3,FIXED_OPPONENT,train,SCRIPTED:OP3,1,3,2,1,18,0.23999999463558197,1,0,0,11.0,10.304708692762587,1.5,0.5,0.0008749142289161682,0.029999999329447746,1.0,100.0,0.0,0.5831453800201416
3299,61328,3,1522,1,OP3,FIXED_OPPONENT,train,SCRIPTED:OP3,1,3,2,1,20,0.23999999463558197,1,0,3,11.0,10.28658447265625,1.5,0.5,-0.029127269983291626,0.029999999329447746,1.0,100.0,-0.019999999552965164,0.5798507332801819
3300,61336,3,1523,0,OP3,FIXED_OPPONENT,train,SCRIPTED:OP3,1,3,2,1,18,0.23999999463558197,1,0,2,11.0,9.551576402452257,1.5,0.5,-0.00466475635766983,0.029999999329447746,1.0,100.0,0.0,0.5830802917480469
3301,61352,3,1525,1,OP3,FIXED_OPPONENT,train,SCRIPTED:OP3,0,2,3,-1,18,0.2800000011920929,1,0,2,11.0,9.970633612738716,-1.2000000476837158,-0.4000000059604645,-0.01048634946346283,0.0,-1.0,-100.0,0.0,-0.5211841464042664
3302,61360,3,1526,3,OP3,FIXED_OPPONENT,train,SCRIPTED:OP3,0,2,3,-1,17,0.3199999928474426,1,0,0,11.0,11.885528564453125,-1.2000000476837158,0.0,-0.009595364332199097,0.0,0.0,0.0,0.0,-0.2606794536113739
3303,61384,3,1529,3,OP3,FIXED_OPPONENT,train,SCRIPTED:OP3,1,3,2,1,17,0.2800000011920929,1,0,0,11.0,11.201875574448529,1.5,0.5,-0.0014686286449432373,0.029999999329447746,1.0,100.0,-0.019999999552965164,0.5801770091056824
3304,61384,3,1529,2,OP3,FIXED_OPPONENT,train,SCRIPTED:OP3,1,3,2,1,18,0.1599999964237213,1,0,0,11.0,11.557840135362413,1.5,0.5,-0.013403579592704773,0.029999999329447746,1.0,100.0,0.0,0.5829777717590332
3305,61464,3,1539,2,OP3,FIXED_OPPONENT,train,SCRIPTED:OP3,0,3,3,0,20,0.23999999463558197,1,0,0,12.0,12.242684936523437,-0.699999988079071,0.0,0.0035227760672569275,0.0,0.0,0.0,0.0,-0.15425176918506622
3306,61464,3,1539,0,OP3,FIXED_OPPONENT,train,SCRIPTED:OP3,1,3,2,1,17,0.2800000011920929,1,0,3,12.0,9.666675343232995,1.5,0.5,-0.025492891669273376,0.029999999329447746,1.0,100.0,-0.019999999552965164,0.5798935890197754
3307,61464,3,1539,0,OP3,FIXED_OPPONENT,train,SCRIPTED:OP3,0,3,3,0,18,0.3199999928474426,1,0,3,11.0,9.246255662706163,-0.699999988079071,0.0,-0.005683787167072296,0.0,0.0,0.0,-0.019999999552965164,-0.15874700248241425
3308,61480,3,1541,1,OP3,FIXED_OPPONENT,train,SCRIPTED:OP3,0,2,3,-1,18,0.23999999463558197,1,0,1,11.0,11.335843404134115,-1.2000000476837158,-0.4000000059604645,-0.00928737223148346,0.019999999552965164,-1.0,-100.0,-0.019999999552965164,-0.5241405963897705
3309,61488,3,1542,1,OP3,FIXED_OPPONENT,train,SCRIPTED:OP3,1,3,2,1,17,0.23999999463558197,1,0,1,12.0,11.844487807329964,1.5,0.5,-0.024272188544273376,0.029999999329447746,1.0,100.0,-0.019999999552965164,0.579908013343811
3310,61512,3,1545,0,OP3,FIXED_OPPONENT,train,SCRIPTED:OP3,1,3,2,1,19,0.19999998807907104,1,0,4,12.0,10.464377955386514,1.5,0.5,0.006863489747047424,0.029999999329447746,1.0,100.0,0.0,0.5832154750823975
3311,61520,3,1546,0,OP3,FIXED_OPPONENT,train,SCRIPTED:OP3,1,3,2,1,17,0.2800000011920929,1,0,3,11.0,10.904606538660387,1.5,0.0,0.00480574369430542,0.0,0.0,0.0,0.0,0.32158929109573364
3312,61536,3,1548,1,OP3,FIXED_OPPONENT,train,SCRIPTED:OP3,0,2,3,-1,19,0.2800000011920929,1,0,4,12.0,10.12361064710115,-1.2000000476837158,-0.5,-0.009798556566238403,0.019999999552965164,-1.0,-100.0,-0.03999999910593033,-0.5432167053222656
3313,61608,3,1557,0,OP3,FIXED_OPPONENT,train,SCRIPTED:OP3,1,3,2,1,18,0.3199999928474426,1,0,0,11.0,9.766309950086805,1.5,0.5,-0.0074206143617630005,0.014999999664723873,1.0,100.0,0.0,0.5828719139099121
3314,61616,3,1558,0,OP3,FIXED_OPPONENT,train,SCRIPTED:OP3,1,3,2,1,19,0.1599999964237213,1,0,0,12.0,10.789512232730264,1.5,0.4000000059604645,-0.00981321930885315,0.029999999329447746,1.0,100.0,0.0,0.5681612491607666
