update,timesteps,episodes_completed,wins,losses,draws,win_rate,rolling_win_rate_50ep,rolling_win_rate_200ep,rollout_reward_mean,rollout_reward_std,rollout_return_mean,rollout_return_std,rollout_episodes,rollout_wins,rollout_losses,rollout_draws,rollout_win_rate,rollout_win_margin_mean,rollout_blue_score_mean,rollout_red_score_mean,explained_variance,reward_terminal_mean,reward_offense_mean,reward_pbrs_mean,reward_team_mean,reward_sparse_mean,reward_sparse_points_mean,reward_failure_mean,reward_total_mean,reward_outcome_mean,reward_shaping_mean,reward_shaping_to_outcome_abs_ratio,reward_shaping_coef,reward_failure_to_outcome_abs,policy_loss,value_loss,value_loss_min,value_loss_std,value_loss_p10,value_loss_p50,value_loss_p90,value_loss_max,return_norm_mean,return_norm_std,return_norm_count,entropy,approx_kl,clip_fraction,grad_norm,learning_rate,strategy_entropy,strategy_policy_loss,strategy_approx_kl,strategy_clip_fraction,strategy_ratio_std,strategy_q_loss,strategy_persist_loss,strategy_grad_norm,strategy_resample_count,strategy_resample_fraction,strategy_unique_count,strategy_dominant,strategy_switch_count,strategy_switch_fraction,strategy_resample_fraction_rollout,rollout_adv_std,rollout_adv_std_at_z_switch,rollout_adv_std_not_z_switch,curriculum_phase,curriculum_phase_idx,curriculum_phase_episodes,curriculum_phase_win_rate,strategy_kl,strategy_occupancy_0,strategy_occupancy_1,strategy_occupancy_2,strategy_occupancy_3,episode_z_0_count,episode_z_0_win_rate,episode_z_0_blue_score_mean,episode_z_0_red_score_mean,episode_z_0_win_margin_mean,episode_z_1_count,episode_z_1_win_rate,episode_z_1_blue_score_mean,episode_z_1_red_score_mean,episode_z_1_win_margin_mean,episode_z_2_count,episode_z_2_win_rate,episode_z_2_blue_score_mean,episode_z_2_red_score_mean,episode_z_2_win_margin_mean,episode_z_3_count,episode_z_3_win_rate,episode_z_3_blue_score_mean,episode_z_3_red_score_mean,episode_z_3_win_margin_mean,strategy_resample_adv_mean_z0,strategy_resample_adv_std_z0,strategy_resample_adv_n_z0,strategy_resample_adv_mean_z1,strategy_resample_adv_std_z1,strategy_resample_adv_n_z1,strategy_resample_adv_mean_z2,strategy_resample_adv_std_z2,strategy_resample_adv_n_z2,strategy_resample_adv_mean_z3,strategy_resample_adv_std_z3,strategy_resample_adv_n_z3
5,81920,4415,2139,1660,616,0.48448471121177805,0.4,0.49,0.004152774345129728,0.20884786546230316,0.09285076707601547,0.46705493330955505,881,422,328,131,0.4790011350737798,0.12031782065834279,2.5993189557321226,2.47900113507378,0.03286927938461304,0.00901489146053791,0.00929073616862297,0.0011520326370373368,0.02555810660123825,0.01055908203125,1.055908203125,-0.007618407718837261,0.004152774345129728,0.01957397349178791,0.011427547307685018,0.583783539348296,0.885312,0.3891912151009213,-0.0468795338390821,0.8979012428912346,0.7611873149871826,0.05438839644193649,0.8277954459190369,0.8961814641952515,0.9727620482444763,1.0548385381698608,0.09018502075392071,0.4719544331001576,81920.0001,2.9721073772875184,0.01656731434433717,0.25122617713004486,1.2395303067605057,0.00016525440000000001,1.3832152825299935,-0.004622121040425305,0.003967380987630029,0.030867586104458222,0.07908929181997951,0.9729863842239295,0.6956491591951772,0.8933452157963552,960.0,0.05862002522421525,4.0,0.0,61.0,0.7721518874168396,0.05859375,0.4593149423599243,0.526337206363678,0.45588186383247375,,,,,0.0,0.265625,0.2412109375,0.2569580078125,0.2362060546875,232,0.521551724137931,2.6293103448275863,2.4482758620689653,0.1810344827586207,224,0.45535714285714285,2.5669642857142856,2.5044642857142856,0.0625,222,0.45495495495495497,2.630630630630631,2.4954954954954953,0.13513513513513514,203,0.4827586206896552,2.5665024630541873,2.4679802955665027,0.09852216748768473,0.047128476202487946,0.5260942578315735,251.0,-0.035933371633291245,0.5105893611907959,237.0,0.06720978021621704,0.5182834267616272,247.0,0.01912263222038746,0.5201416611671448,225.0
1,16384,156,112,39,5,0.717948717948718,0.7,0.717948717948718,-0.0007664503064006567,0.09086433798074722,-0.02527778223156929,0.2943505346775055,156,112,39,5,0.717948717948718,0.7051282051282052,2.7243589743589745,2.019230769230769,-0.01616060733795166,0.007183837704360485,0.0016908778343349695,0.006154373288154602,0.010773510672152042,-0.0020751953125,-0.20751953125,-0.010152587667107582,-0.0007664503064006567,0.005108642391860485,0.003045108551159501,0.5959533598692293,0.9770624,1.9869468132017154,-0.013142628612513363,0.9074361964594573,0.7314377427101135,0.07342904061079025,0.8104856014251709,0.9122877717018127,1.0065433979034424,1.0836745500564575,-0.02527778207728595,0.29435055384129255,16384.0001,2.744629587046802,0.0038174887763489096,0.0692291259765625,1.0230722911655903,0.00017705088000000003,1.3801616681739688,-0.007078014820065162,0.002920654334165107,0.03232806454616366,0.06639754624322933,0.8963234870461747,0.7217839640798047,0.9848157769301906,898.0,0.0548095703125,4.0,3.0,530.0,0.7220708727836609,0.0548095703125,0.2967194616794586,0.327243834733963,0.2953939139842987,,,,,0.0,0.22979736328125,0.24237060546875,0.2403564453125,0.2874755859375,37,0.7297297297297297,2.675675675675676,1.945945945945946,0.7297297297297297,29,0.8275862068965517,2.8620689655172415,1.8275862068965518,1.0344827586206897,35,0.5428571428571428,2.5714285714285716,2.257142857142857,0.3142857142857143,55,0.7636363636363637,2.7818181818181817,2.018181818181818,0.7636363636363637,-0.007471864577382803,0.32387685775756836,209.0,0.005208020564168692,0.3346458971500397,215.0,-0.05475917458534241,0.3320147395133972,214.0,-0.008047239854931831,0.341471403837204,260.0
6,98304,5298,2585,1976,737,0.4879199697999245,0.34,0.435,0.006954727694392204,0.20694324374198914,0.11597890406847,0.47405579686164856,883,446,316,121,0.5050962627406569,0.1664779161947905,2.608154020385051,2.4416761041902606,0.042674899101257324,0.01251830905675888,0.012392133474349976,0.0010650928597897291,0.024622756987810135,0.01715087890625,1.715087890625,-0.007596435025334358,0.006954727694392204,0.02966918796300888,0.014447161462157965,0.48692517486474546,0.8623744,0.2560292181096111,-0.0395505924001578,0.921863519139104,0.7890926599502563,0.05268716812133789,0.8540658354759216,0.9197141528129578,0.9861549735069275,1.0593218803405762,0.09448400130197245,0.47240312390295464,98304.0001,2.9790311153832967,0.016111522226582294,0.22734882305194806,1.3037684130204188,0.00016230528000000003,1.3836289040454022,-0.001765362111822515,0.001638889913184127,0.0,0.04932052773599326,0.9952312673067117,0.7434446542681038,0.9497514127136825,966.0,0.05911373782467533,4.0,2.0,65.0,0.792682945728302,0.0589599609375,0.4638303816318512,0.5214927792549133,0.4610224664211273,,,,,0.0,0.26287841796875,0.19464111328125,0.29656982421875,0.24591064453125,241,0.4896265560165975,2.5850622406639006,2.4647302904564317,0.12033195020746888,158,0.5063291139240507,2.6139240506329116,2.4430379746835444,0.17088607594936708,259,0.555984555984556,2.6486486486486487,2.370656370656371,0.277992277992278,225,0.4622222222222222,2.582222222222222,2.497777777777778,0.08444444444444445,0.04931158572435379,0.5363131761550903,261.0,0.06541889160871506,0.49492841958999634,182.0,0.07969363033771515,0.5344930291175842,285.0,0.030973952263593674,0.5419756174087524,238.0
2,32768,315,230,77,8,0.7301587301587301,0.72,0.73,0.0003019360883627087,0.09104052931070328,-0.02009045146405697,0.2767828404903412,159,118,38,3,0.7421383647798742,0.7861635220125787,2.7358490566037736,1.949685534591195,0.1253635287284851,0.007891845889389515,0.003225784283131361,0.006083330139517784,0.010685538873076439,0.00067138671875,0.067138671875,-0.009891357272863388,0.0003019360883627087,0.008563232608139515,0.004567293804138899,0.5332986635367781,0.9541248,1.1549613054020234,-0.023718782009382267,0.7380861283745617,0.5806632041931152,0.06807278841733932,0.6604528427124023,0.7337265014648438,0.8359153866767883,0.9370706081390381,-0.0226841167785867,0.2857135301049301,32768.000100000005,2.6991607267409563,0.0059805060882354155,0.11371612548828125,1.3588155109900981,0.00017410176000000002,1.3715589051134884,-0.005283350262536714,0.0037544784577963064,0.04019952798989834,0.07965877287082099,0.749277395196259,0.7492281338199973,1.2953709021676332,898.0,0.0548095703125,4.0,1.0,554.0,0.7496616840362549,0.0548095703125,0.25885283946990967,0.3053549528121948,0.2566554546356201,,,,,0.0,0.2581787109375,0.27166748046875,0.2164306640625,0.25372314453125,34,0.7647058823529411,2.7058823529411766,2.0,0.7058823529411765,46,0.6521739130434783,2.652173913043478,2.108695652173913,0.5434782608695652,28,0.7142857142857143,2.7142857142857144,2.0,0.7142857142857143,51,0.8235294117647058,2.843137254901961,1.7450980392156863,1.0980392156862746,0.010664477944374084,0.3027314245700836,226.0,0.0054560755379498005,0.29571014642715454,246.0,-0.01412081066519022,0.2830124497413635,191.0,0.06052744388580322,0.31004613637924194,235.0
7,114688,6183,3030,2286,867,0.490053372149442,0.58,0.54,0.004254317842423916,0.20634892582893372,0.10112744569778442,0.4605426490306854,885,445,310,130,0.5028248587570622,0.17966101694915254,2.631638418079096,2.4519774011299433,0.030568182468414307,0.012481688521802425,0.008191238157451153,0.0011305207153782248,0.02375287562608719,0.0089111328125,0.89111328125,-0.007625732570886612,0.004254317842423916,0.021392821334302425,0.010181909864768387,0.4759275916940989,0.8394368,0.3564455574217433,-0.02895754826540994,0.8993498275775721,0.7831177711486816,0.05274083465337753,0.8295032978057861,0.8986288905143738,0.979332685470581,1.0228941440582275,0.09543306478626093,0.47073280810813184,114688.0001,2.9526148007647826,0.013039127940837626,0.185546875,1.3108692381641653,0.00015935616,1.3846731091489886,-0.0033133033585235425,0.001486851754348231,0.0,0.04655317906897351,0.9894590286335142,0.6876001930472875,0.9755060817345534,962.0,0.05857441212871287,4.0,2.0,58.0,0.7532467246055603,0.0587158203125,0.4534490406513214,0.5195225477218628,0.45022574067115784,,,,,0.0,0.21783447265625,0.2669677734375,0.2890625,0.22613525390625,192,0.5052083333333334,2.6145833333333335,2.4427083333333335,0.171875,241,0.4896265560165975,2.5933609958506225,2.4771784232365146,0.11618257261410789,250,0.536,2.636,2.404,0.232,202,0.4752475247524752,2.6881188118811883,2.49009900990099,0.19801980198019803,-7.770072988932952e-05,0.492123007774353,211.0,-0.012980961240828037,0.5292373299598694,259.0,-0.028966475278139114,0.5586715340614319,276.0,0.05397573113441467,0.5012392401695251,216.0
3,49152,478,361,108,9,0.7552301255230126,0.78,0.78,0.0009509549709036946,0.0912262424826622,-0.002124305348843336,0.27969250082969666,163,131,31,1,0.803680981595092,0.9079754601226994,2.8098159509202456,1.901840490797546,0.2015666365623474,0.00968017615377903,0.003920266404747963,0.006352323107421398,0.010458249598741531,0.001495361328125,0.1495361328125,-0.009916991926729679,0.0009509549709036946,0.01117553748190403,0.0052651122212409975,0.4710861686605319,0.9311872,0.8873044932552963,-0.030224060897126037,0.7009733049198985,0.5426144599914551,0.06308463215827942,0.616555392742157,0.7005192637443542,0.7779273986816406,0.9030473232269287,-0.015830846315948593,0.2838862090063996,49152.000100000005,2.690169172361493,0.007958662047258258,0.14844512939453125,1.6066083256155252,0.00017115264,1.3793665175326169,-0.006538163186649272,0.008337690631591954,0.14058191630465444,0.11857434770831721,0.7498895694734529,0.7130403205519542,1.4869854107964784,897.0,0.05474853515625,4.0,3.0,523.0,0.7125340700149536,0.05474853515625,0.24991950392723083,0.29036110639572144,0.24812324345111847,,,,,0.0,0.24627685546875,0.2420654296875,0.2056884765625,0.30596923828125,33,0.7878787878787878,2.787878787878788,1.878787878787879,0.9090909090909091,45,0.7777777777777778,2.7777777777777777,1.8888888888888888,0.8888888888888888,25,0.8,2.84,1.84,1.0,60,0.8333333333333334,2.8333333333333335,1.95,0.8833333333333333,0.05404498055577278,0.2539443075656891,216.0,0.03578530624508858,0.306188702583313,222.0,0.037315335124731064,0.2671062648296356,179.0,0.03956512361764908,0.31791752576828003,280.0
8,131072,7068,3456,2626,986,0.48896434634974534,0.54,0.465,0.0037760541308671236,0.20395150780677795,0.07960453629493713,0.4548603594303131,885,426,340,119,0.48135593220338985,0.10056497175141244,2.593220338983051,2.4926553672316385,0.03631556034088135,0.00901489146053791,0.008192215114831924,0.0010537472553551197,0.023370573297142982,0.0096435546875,0.96435546875,-0.007739257533103228,0.0037760541308671236,0.01865844614803791,0.010146160759031773,0.543754658018007,0.8164992,0.4147635182578573,-0.0372486819704885,0.8772771209478378,0.7705386877059937,0.05185851827263832,0.8083701133728027,0.875795841217041,0.9468320608139038,0.998124897480011,0.09345449872635499,0.46880737050966914,131072.0001,2.890084398143432,0.016267429577590732,0.22173713235294118,1.229900144478854,0.00015640704,1.3844999714809305,-0.0028104197031671276,0.001261104785650205,0.0,0.04526965359606314,0.9176042261807358,0.6921918812920066,0.9187754611758625,963.0,0.058837890625,4.0,0.0,57.0,0.7307692170143127,0.05877685546875,0.4465247392654419,0.5070846080780029,0.44352835416793823,,,,,0.0,0.30743408203125,0.21966552734375,0.2337646484375,0.2391357421875,280,0.45,2.55,2.5214285714285714,0.02857142857142857,199,0.4371859296482412,2.5728643216080402,2.5477386934673367,0.02512562814070352,205,0.5073170731707317,2.6097560975609757,2.4634146341463414,0.14634146341463414,201,0.5422885572139303,2.656716417910448,2.427860696517413,0.22885572139303484,0.01258470956236124,0.5346587300300598,292.0,-0.037252023816108704,0.485831081867218,218.0,-0.02530733495950699,0.4912148416042328,226.0,0.05111388862133026,0.4861218333244324,227.0
4,65536,643,499,134,10,0.776049766718507,0.92,0.825,0.001409462420269847,0.08942416310310364,0.016012147068977356,0.2825847268104553,165,138,26,1,0.8363636363636363,1.0424242424242425,2.824242424242424,1.7818181818181817,0.2694709300994873,0.01068725623190403,0.004151535220444202,0.006241325289011002,0.010003477334976196,0.002410888671875,0.2410888671875,-0.009847411885857582,0.001409462420269847,0.01309814490377903,0.005451119430363178,0.41614315059531565,0.9082496,0.7517599017487515,-0.034689529350544035,0.652013348415494,0.4913976192474365,0.06459826976060867,0.5810105204582214,0.6405545473098755,0.7392436861991882,0.8511990308761597,-0.007870097981864244,0.28389643554365246,65536.0001,2.65915360301733,0.010231246958483098,0.17894744873046875,1.673625596333295,0.00016820352,1.380185704678297,-0.0034259053277949647,0.0023116842457284736,0.005760118103353307,0.06176528020034444,0.7246793482918292,0.7617204627022147,1.452876996831037,899.0,0.05487060546875,4.0,3.0,559.0,0.7615804076194763,0.05487060546875,0.2415279746055603,0.2845155894756317,0.23947793245315552,,,,,0.0,0.25244140625,0.2403564453125,0.237060546875,0.2701416015625,37,0.8378378378378378,2.8378378378378377,1.7027027027027026,1.135135135135135,56,0.8571428571428571,2.8214285714285716,1.8214285714285714,1.0,32,0.75,2.78125,2.0,0.78125,40,0.875,2.85,1.625,1.225,0.029522357508540154,0.3127182424068451,225.0,0.051571719348430634,0.27617132663726807,224.0,0.05398324877023697,0.2505340278148651,209.0,0.06265848875045776,0.28380319476127625,241.0
9,147456,7952,3875,2947,1130,0.48729879275653926,0.52,0.485,0.002860001055523753,0.20191340148448944,0.0765673816204071,0.4508657157421112,884,419,321,144,0.47398190045248867,0.12895927601809956,2.6108597285067874,2.481900452488688,0.04674530029296875,0.008697508834302425,0.006765010766685009,0.0009784142021089792,0.022566020488739014,0.00726318359375,0.726318359375,-0.007685546763241291,0.002860001055523753,0.015960692428052425,0.008648565541952848,0.5418326146137942,0.7935616,0.4814994899747637,-0.036359939684499375,0.8621949234674143,0.749491810798645,0.047611646354198456,0.8004588484764099,0.8562397360801697,0.9255832433700562,1.0180436372756958,0.09157815238252215,0.46687807013762056,147456.0001,2.8900875657103784,0.01694715184217333,0.22382206879844962,1.2672734898190166,0.00015345792,1.3828043993129286,-0.00028620889992476403,0.0003508167769564881,0.0,0.023164317193738602,0.894544322130292,0.7248984907948693,0.9236167528370555,970.0,0.05932049418604651,4.0,3.0,66.0,0.7674418687820435,0.0592041015625,0.44020166993141174,0.4918157160282135,0.4376516342163086,,,,,0.0,0.2373046875,0.23004150390625,0.2581787109375,0.27447509765625,207,0.4251207729468599,2.5458937198067635,2.526570048309179,0.01932367149758454,203,0.43349753694581283,2.605911330049261,2.5369458128078817,0.06896551724137931,223,0.4977578475336323,2.6278026905829597,2.4618834080717487,0.16591928251121077,251,0.5258964143426295,2.653386454183267,2.4183266932270917,0.2350597609561753,-0.001970856450498104,0.5127440094947815,229.0,0.0005053276545368135,0.472812682390213,225.0,-0.0325147919356823,0.5211625695228577,243.0,0.032474417239427567,0.4713536202907562,273.0
5,81920,812,647,152,13,0.7967980295566502,0.82,0.885,0.002803665352985263,0.09127037972211838,0.06290222704410553,0.2868294417858124,169,148,18,3,0.8757396449704142,1.1242603550295858,2.8816568047337277,1.757396449704142,0.3129614591598511,0.012103271670639515,0.005540139973163605,0.006281957030296326,0.01047485787421465,0.00653076171875,0.653076171875,-0.009958495385944843,0.002803665352985263,0.018634033389389515,0.006880685165524482,0.369233852268933,0.885312,0.5343964337415702,-0.03709946042908996,0.629500865470618,0.48437219858169556,0.06043953821063042,0.5558525919914246,0.6301182508468628,0.7091188430786133,0.815781831741333,0.006284367006051311,0.28589048635322467,81920.0001,2.6582191372290254,0.011706573106948781,0.1979827880859375,1.8573182625696063,0.00016525440000000001,1.3793758009560406,-0.003966319009822951,0.001522471283348814,0.006481789125245996,0.04859777035887136,0.6656249592779204,0.7275795103050768,1.6111793818417937,897.0,0.05474853515625,4.0,2.0,529.0,0.7266483306884766,0.05474853515625,0.23774658143520355,0.2736891806125641,0.23610617220401764,,,,,0.0,0.23773193359375,0.23974609375,0.26513671875,0.25738525390625,37,0.8918918918918919,2.891891891891892,1.7567567567567568,1.135135135135135,44,0.8863636363636364,2.8636363636363638,1.7272727272727273,1.1363636363636365,41,0.8536585365853658,2.8536585365853657,1.7560975609756098,1.0975609756097562,47,0.8723404255319149,2.9148936170212765,1.7872340425531914,1.127659574468085,0.04835592582821846,0.2596587836742401,210.0,0.06548956781625748,0.26617833971977234,214.0,0.07851250469684601,0.2687559425830841,239.0,0.08800958842039108,0.2843188941478729,234.0
6,98304,985,799,173,13,0.8111675126903554,0.88,0.865,0.0031216719653457403,0.09091489017009735,0.09062740206718445,0.27549028396606445,173,152,21,0,0.8786127167630058,1.2138728323699421,2.8728323699421967,1.6589595375722543,0.3693169951438904,0.012377929873764515,0.005915558431297541,0.00632848497480154,0.010157959535717964,0.007293701171875,0.7293701171875,-0.00986938364803791,0.0031216719653457403,0.019671631045639515,0.007234473992139101,0.3677430830352831,0.8623744,0.5016809203172385,-0.03882924077879579,0.5255023305071518,0.42010098695755005,0.049454621970653534,0.4658973515033722,0.5207213163375854,0.5905457139015198,0.6813575625419617,0.02034153950194047,0.28591661550257874,98304.0001,2.642930897884071,0.0141603646970907,0.22260284423828125,1.8520252651069313,0.00016230528000000003,1.3792731296271086,-0.007052061794899103,0.0034972649965414604,0.04325623170734616,0.07902142807705595,0.6483089118264616,0.7735540170688182,1.6017314794007689,900.0,0.054931640625,4.0,3.0,563.0,0.7744154334068298,0.054931640625,0.21878212690353394,0.266294002532959,0.2164059430360794,,,,,0.0,0.24664306640625,0.20526123046875,0.27392578125,0.274169921875,46,0.8478260869565217,2.847826086956522,1.6304347826086956,1.2173913043478262,29,0.9310344827586207,2.9310344827586206,1.6551724137931034,1.2758620689655173,44,0.8636363636363636,2.8636363636363638,1.6363636363636365,1.2272727272727273,54,0.8888888888888888,2.8703703703703702,1.7037037037037037,1.1666666666666667,0.04515862837433815,0.27152150869369507,226.0,0.04349621385335922,0.23476462066173553,184.0,0.09393037855625153,0.2626116871833801,245.0,0.048828814178705215,0.27927812933921814,245.0
10,163840,8837,4322,3256,1259,0.489080004526423,0.36,0.455,0.005586010869592428,0.2021694779396057,0.1075647622346878,0.45109209418296814,885,447,309,129,0.5050847457627119,0.18531073446327684,2.631638418079096,2.446327683615819,0.04525554180145264,0.012780760414898396,0.009476756677031517,0.0008811781881377101,0.022051185369491577,0.01373291015625,1.373291015625,-0.007700194604694843,0.005586010869592428,0.026513670571148396,0.01131134576164186,0.42660706386260583,0.770624,0.2904126070143867,-0.03951392804784392,0.8677950998805216,0.7483663558959961,0.0507531613111496,0.8071334362030029,0.8670937418937683,0.9316327571868896,0.9934628009796143,0.09317681336676296,0.4653482866836384,163840.0001,2.8992562625581857,0.017459464629507617,0.2336247930463576,1.3156655833421165,0.00015050880000000002,1.3828005964392858,-0.002097283327953432,0.001713600507625885,0.0006032656902903753,0.05171959340062591,0.908117943646892,0.7193077926998896,0.9622488233032606,961.0,0.05851614238410596,4.0,3.0,61.0,0.8026315569877625,0.05865478515625,0.44076669216156006,0.48656705021858215,0.43849578499794006,,,,,0.0,0.26763916015625,0.2440185546875,0.21478271484375,0.2735595703125,226,0.4911504424778761,2.588495575221239,2.4690265486725664,0.11946902654867257,220,0.5227272727272727,2.6545454545454548,2.4272727272727272,0.22727272727272727,197,0.5279187817258884,2.649746192893401,2.416243654822335,0.233502538071066,242,0.4834710743801653,2.6363636363636362,2.4669421487603307,0.16942148760330578,0.03237270191311836,0.5078815221786499,249.0,0.08796927332878113,0.48853394389152527,238.0,0.06857047975063324,0.4846328794956207,209.0,0.04007851704955101,0.48586219549179077,265.0
7,114688,1154,938,201,15,0.8128249566724437,0.88,0.83,0.0025131311267614365,0.08926792442798615,0.10107698291540146,0.2833509147167206,169,139,28,2,0.8224852071005917,1.0769230769230769,2.828402366863905,1.7514792899408285,0.3326825499534607,0.010589599609375,0.005114465486258268,0.006170196924358606,0.009666914120316505,0.00677490234375,0.677490234375,-0.009885253384709358,0.0025131311267614365,0.017364501953125,0.006381434369832278,0.36747768000359526,0.8394368,0.5692466253721196,-0.035711817510891704,0.5967172099649907,0.46114829182624817,0.05651228874921799,0.529473066329956,0.5930087566375732,0.675559401512146,0.7414343357086182,0.031875174265235506,0.2869456523730527,114688.0001,2.6177017557621003,0.01411146648635622,0.211748046875,2.0221024030447006,0.00015935616,1.3810964101552963,-0.006219075874799334,0.0058916725694962225,0.1328535034507513,0.10127677836217447,0.7096687299013138,0.7485043698549271,1.6711848828196525,897.0,0.054677734375,4.0,2.0,542.0,0.7445054650306702,0.05474853515625,0.23146796226501465,0.2665768265724182,0.22985529899597168,,,,,0.0,0.20269775390625,0.2451171875,0.293212890625,0.25897216796875,27,0.8518518518518519,2.8518518518518516,1.5925925925925926,1.2592592592592593,51,0.8627450980392157,2.8627450980392157,1.6666666666666667,1.196078431372549,37,0.7837837837837838,2.810810810810811,1.8918918918918919,0.918918918918919,54,0.7962962962962963,2.7962962962962963,1.8148148148148149,0.9814814814814815,0.03421297296881676,0.26618891954421997,179.0,0.07820864766836166,0.27114424109458923,222.0,0.02624744363129139,0.25327634811401367,256.0,0.042311202734708786,0.27844297885894775,240.0
11,180224,9723,4774,3560,1389,0.49100071994240463,0.48,0.475,0.004341389983892441,0.1993558406829834,0.10764973610639572,0.45382481813430786,886,452,304,130,0.510158013544018,0.17832957110609482,2.625282167042889,2.4469525959367946,0.04771435260772705,0.01356201060116291,0.007000969722867012,0.0008706538937985897,0.021291133016347885,0.0096435546875,0.96435546875,-0.007680663838982582,0.004341389983892441,0.02320556528866291,0.00877391267567873,0.3780788999380724,0.7476864000000001,0.3309694365988237,-0.03725351590120534,0.8781767468752824,0.7694088220596313,0.05236424133181572,0.8088125586509705,0.8741363286972046,0.9496978521347046,1.0036447048187256,0.09449253361509044,0.4643311580855517,180224.0001,2.856361284030704,0.017458911643246203,0.22091843011811024,1.3665856963067542,0.00014755968,1.3841532337383962,-0.0015037283449460073,0.0007761943875337911,0.0,0.033669603105721,0.9227497460335259,0.7123359598982053,1.0224121520369072,960.0,0.05851685531496063,4.0,2.0,61.0,0.8243243098258972,0.05859375,0.4428655207157135,0.4955831468105316,0.4402298629283905,,,,,0.0,0.220458984375,0.2391357421875,0.27392578125,0.2664794921875,195,0.48205128205128206,2.635897435897436,2.4923076923076923,0.14358974358974358,210,0.5,2.6,2.4380952380952383,0.1619047619047619,231,0.5541125541125541,2.653679653679654,2.4155844155844157,0.23809523809523808,250,0.5,2.612,2.448,0.164,0.024443848058581352,0.47050586342811584,211.0,0.026282571256160736,0.5302675366401672,231.0,0.011842889711260796,0.5016157031059265,256.0,-0.029066335409879684,0.5005958080291748,262.0
8,131072,1329,1093,220,16,0.8224228743416102,0.94,0.885,0.003284357488155365,0.09062693268060684,0.13817162811756134,0.28010451793670654,175,155,19,1,0.8857142857142857,1.1942857142857144,2.874285714285714,1.68,0.3566409945487976,0.01275634765625,0.005935319699347019,0.00620538555085659,0.009758848696947098,0.00762939453125,0.762939453125,-0.009891357272863388,0.003284357488155365,0.0203857421875,0.0072124584391713145,0.3537818045098734,0.8164992,0.48518577327809687,-0.04081726480217185,0.541771846008487,0.3947492241859436,0.053505558520555496,0.48218172788619995,0.5383753776550293,0.6163583993911743,0.7144889235496521,0.04516223098663902,0.28825114236289623,131072.0001,2.6125722900032997,0.017059627503840602,0.2425384521484375,1.8379619943443686,0.00015640704,1.379958569072187,-0.009087573112872312,0.007354807736579261,0.1220819705267786,0.11000924988757052,0.6131550189165864,0.7174689113162458,1.526851266156882,902.0,0.0550537109375,4.0,1.0,520.0,0.7152682542800903,0.0550537109375,0.2246708869934082,0.25842443108558655,0.22313711047172546,,,,,0.0,0.2584228515625,0.2646484375,0.23333740234375,0.24359130859375,48,0.875,2.8541666666666665,1.7083333333333333,1.1458333333333333,48,0.875,2.8333333333333335,1.6458333333333333,1.1875,43,0.8837209302325582,2.9069767441860463,1.6511627906976745,1.255813953488372,36,0.9166666666666666,2.9166666666666665,1.7222222222222223,1.1944444444444444,0.061890047043561935,0.25813138484954834,234.0,0.023871300742030144,0.2744594216346741,241.0,0.03835376352071762,0.2627352178096771,213.0,0.07484090328216553,0.21472862362861633,214.0
12,196608,10610,5222,3876,1512,0.49217719132893495,0.36,0.435,0.00437992624938488,0.20123912394046783,0.10371033847332001,0.45522409677505493,887,448,316,123,0.5050732807215332,0.1826381059751973,2.62119503945885,2.4385569334836528,0.04366135597229004,0.01261596567928791,0.007950258441269398,0.0010279876878485084,0.02069406397640705,0.01025390625,1.025390625,-0.007725829724222422,0.00437992624938488,0.02286987192928791,0.009688022574409842,0.4235965556697287,0.7247488,0.33780215061800517,-0.029601999284872383,0.8959827109710458,0.7845592498779297,0.04909456521272659,0.8269323110580444,0.8964489102363586,0.9593397974967957,1.0094300508499146,0.0952606840195522,0.4635860710931415,196608.0001,2.8510742801980875,0.01588684742785414,0.20401095360824742,1.3586551067755395,0.00014461056,1.384870366951854,-0.0010300740415032966,0.0006977865136146769,0.0,0.03212238424141647,0.9450996174025781,0.6946735428166144,0.9891712880626167,962.0,0.0586742912371134,4.0,2.0,57.0,0.75,0.0587158203125,0.4451753497123718,0.5023858547210693,0.44238799810409546,,,,,0.0,0.24566650390625,0.24737548828125,0.29058837890625,0.21636962890625,218,0.518348623853211,2.6926605504587156,2.408256880733945,0.28440366972477066,224,0.45535714285714285,2.5580357142857144,2.517857142857143,0.04017857142857143,254,0.515748031496063,2.590551181102362,2.425196850393701,0.16535433070866143,191,0.5340314136125655,2.654450261780105,2.397905759162304,0.25654450261780104,-0.001748351496644318,0.502307653427124,237.0,-0.0402190238237381,0.5044456720352173,239.0,-0.012937813997268677,0.5405018329620361,278.0,0.009692201390862465,0.48550543189048767,208.0
9,147456,1506,1254,234,18,0.8326693227091634,0.96,0.905,0.004123651888221502,0.09046018123626709,0.18691778182983398,0.2678208351135254,177,161,14,2,0.9096045197740112,1.2994350282485876,2.92090395480226,1.6214689265536724,0.35500168800354004,0.01362914964556694,0.006590058095753193,0.0061691636219620705,0.009538471698760986,0.0101318359375,1.01318359375,-0.009885253384709358,0.004123651888221502,0.02376098558306694,0.007846668921411037,0.33021941259835885,0.7935616,0.4160112525172855,-0.02511682897067267,0.5168507707513068,0.4133411645889282,0.05420761927962303,0.44950270652770996,0.5145303010940552,0.5917136669158936,0.683364987373352,0.06091284773631245,0.28950142313597677,147456.0001,2.5954403759034212,0.014935971566760712,0.19818569214876033,1.7981310028675175,0.00015345792,1.382525670626932,-0.0021042229998516453,0.0029091557143647714,0.01281178487110729,0.06753085907297213,0.5958914915638521,0.7322002587732205,1.484640618001134,904.0,0.05543001033057851,4.0,3.0,532.0,0.7317743897438049,0.05517578125,0.21509170532226562,0.25185534358024597,0.21333260834217072,,,,,0.0,0.265380859375,0.2176513671875,0.24285888671875,0.27410888671875,44,0.9772727272727273,2.977272727272727,1.5909090909090908,1.3863636363636365,47,0.8723404255319149,2.893617021276596,1.5957446808510638,1.297872340425532,35,0.9428571428571428,2.942857142857143,1.6,1.3428571428571427,51,0.8627450980392157,2.8823529411764706,1.6862745098039216,1.196078431372549,0.04712342098355293,0.23398111760616302,238.0,0.05672008544206619,0.2591293156147003,201.0,0.06360597163438797,0.2290046364068985,216.0,0.04141193628311157,0.2786666452884674,249.0
13,212992,11496,5683,4167,1646,0.49434585942936676,0.58,0.56,0.006000034511089325,0.1979745775461197,0.12545566260814667,0.44869059324264526,886,461,291,134,0.5203160270880361,0.22573363431151242,2.650112866817156,2.4243792325056432,0.05459707975387573,0.015167235396802425,0.008442429825663567,0.0008506376761943102,0.01963389292359352,0.01446533203125,1.446533203125,-0.007634276989847422,0.006000034511089325,0.029632567428052425,0.010081192273646592,0.34019502707943616,0.7018112000000001,0.2576226101829536,-0.0322304024937607,0.8652873862357366,0.7348976731300354,0.0457737036049366,0.8122347593307495,0.8645839095115662,0.9267141819000244,0.9675043225288391,0.09758337467912281,0.4625272871682214,212992.0001,2.8668407440185546,0.015200322781068584,0.20498511904761904,1.4415572251592363,0.00014166144000000001,1.384370630128043,-0.0034842324677592036,0.0013520457311446963,0.0,0.044492358229750346,0.8982609368505932,0.7861451262519473,1.0804478236607142,961.0,0.058854166666666666,4.0,0.0,62.0,0.837837815284729,0.05865478515625,0.4362700879573822,0.4913444221019745,0.43346914649009705,,,,,0.0,0.26666259765625,0.2344970703125,0.257080078125,0.24176025390625,236,0.4915254237288136,2.6186440677966103,2.461864406779661,0.15677966101694915,213,0.5774647887323944,2.723004694835681,2.3708920187793425,0.352112676056338,222,0.527027027027027,2.6486486486486487,2.418918918918919,0.22972972972972974,215,0.4883720930232558,2.613953488372093,2.441860465116279,0.17209302325581396,-0.035824596881866455,0.5007708072662354,252.0,0.08172806352376938,0.4898432493209839,226.0,0.02404632978141308,0.4909188747406006,249.0,0.0016814334085211158,0.47092100977897644,234.0
10,163840,1677,1412,245,20,0.8419797257006559,0.86,0.93,0.00348843727260828,0.08872415870428085,0.19915881752967834,0.2650444805622101,171,158,11,2,0.9239766081871345,1.409356725146199,2.9239766081871346,1.5146198830409356,0.36003220081329346,0.01357421837747097,0.005699682980775833,0.005690594203770161,0.008666906505823135,0.0084228515625,0.84228515625,-0.010054931044578552,0.00348843727260828,0.02199706993997097,0.006848283037543297,0.3113129040970916,0.770624,0.45708242004943006,-0.03360438704414413,0.4926275265844245,0.3718929886817932,0.05027800425887108,0.42799699306488037,0.4920366406440735,0.5568032264709473,0.659284770488739,0.07473744470721118,0.2901291080441472,163840.0001,2.6052886226720977,0.01612844665627382,0.21814464546783627,1.7836439449187609,0.00015050880000000002,1.3798485541204264,-0.01143976528500379,0.004907781713759624,0.05342262093391684,0.09065382277972092,0.555432483728169,0.752237010594697,1.45703107955163,901.0,0.05506441885964912,4.0,1.0,549.0,0.7520548105239868,0.05499267578125,0.21203024685382843,0.23807471990585327,0.21079997718334198,,,,,0.0,0.22247314453125,0.27667236328125,0.24505615234375,0.25579833984375,47,0.9361702127659575,2.9148936170212765,1.5319148936170213,1.3829787234042554,45,0.9777777777777777,2.9555555555555557,1.3333333333333333,1.6222222222222222,39,0.8461538461538461,2.8974358974358974,1.6153846153846154,1.2820512820512822,40,0.925,2.925,1.6,1.325,0.025065284222364426,0.24517419934272766,202.0,0.0730379968881607,0.22759877145290375,249.0,-0.001252399873919785,0.23543275892734528,221.0,0.0480160117149353,0.24060699343681335,229.0
11,180224,1848,1565,259,24,0.8468614718614719,0.9,0.89,0.0026508476585149765,0.08919256180524826,0.2055046558380127,0.27611595392227173,171,153,14,4,0.8947368421052632,1.2339181286549707,2.9064327485380117,1.672514619883041,0.3389415740966797,0.01281127892434597,0.004700387828052044,0.005553180351853371,0.008678451180458069,0.00628662109375,0.628662109375,-0.010256347246468067,0.0026508476585149765,0.01909790001809597,0.005838918350636959,0.30572013807625864,0.7476864000000001,0.5370124581389664,-0.033458249853560475,0.5471222827710757,0.37536120414733887,0.06506825238466263,0.45951732993125916,0.5458472967147827,0.6254020929336548,0.7243002653121948,0.0866253729852333,0.2913190259415282,180224.0001,2.6462257184633393,0.016341759395223428,0.2174876143292683,1.977625871576914,0.00014755968,1.382036344307225,-0.0037081328132991457,0.003806889319729574,0.00620588730657246,0.07591338000190172,0.6897301963734918,0.7663465694683355,1.7012177324149667,907.0,0.055211509146341466,4.0,1.0,563.0,0.7649456262588501,0.05535888671875,0.224497452378273,0.2694548964500427,0.22234214842319489,,,,,0.0,0.24188232421875,0.28668212890625,0.224365234375,0.2470703125,35,0.9714285714285714,2.9714285714285715,1.7428571428571429,1.2285714285714286,54,0.9259259259259259,2.962962962962963,1.5740740740740742,1.3888888888888888,33,0.7878787878787878,2.787878787878788,1.8181818181818181,0.9696969696969697,49,0.8775510204081632,2.877551020408163,1.6326530612244898,1.2448979591836735,0.02673298865556717,0.2617994248867035,218.0,0.003390394151210785,0.2636202573776245,262.0,0.027610598132014275,0.27904292941093445,201.0,0.020782778039574623,0.2500644028186798,226.0
14,229376,12384,6156,4458,1770,0.49709302325581395,0.38,0.505,0.006635395344346762,0.19721001386642456,0.13357394933700562,0.4507960379123688,888,473,291,124,0.5326576576576577,0.23536036036036037,2.652027027027027,2.4166666666666665,0.044603586196899414,0.01669311337172985,0.008778425864875317,0.0007956178742460907,0.019300544634461403,0.01629638671875,1.629638671875,-0.007744139991700649,0.006635395344346762,0.03298950009047985,0.010386118865571916,0.31482150428417005,0.6788736,0.23473848442616954,-0.03370715145302831,0.887686311074023,0.7630054354667664,0.04527394846081734,0.8298380970954895,0.8856587409973145,0.9476286172866821,0.9908403158187866,0.10015413001070797,0.4617922573871475,229376.0001,2.8271863707956277,0.016114784194868198,0.2099056603773585,1.3371231246669337,0.00013871232,1.383407323990228,-0.0016743265857091128,0.0006320528229543539,0.0,0.030731678538787523,0.8811440214795886,0.6938230043874597,0.9833740479541275,964.0,0.058999115566037735,4.0,2.0,58.0,0.7631579041481018,0.058837890625,0.440627783536911,0.4905567467212677,0.4381607472896576,,,,,0.0,0.25604248046875,0.252197265625,0.25775146484375,0.2340087890625,223,0.49327354260089684,2.618834080717489,2.4573991031390134,0.16143497757847533,228,0.5087719298245614,2.6359649122807016,2.4473684210526314,0.18859649122807018,230,0.5739130434782609,2.6695652173913045,2.356521739130435,0.3130434782608696,207,0.5555555555555556,2.685990338164251,2.4057971014492754,0.28019323671497587,0.028850534930825233,0.46082520484924316,243.0,-0.02424393594264984,0.512936532497406,248.0,0.0056812698021531105,0.4755895733833313,250.0,0.0723123624920845,0.4893577992916107,223.0
12,196608,2024,1729,270,25,0.8542490118577075,0.94,0.925,0.0035034087486565113,0.0906091034412384,0.2280876189470291,0.2511182725429535,176,164,11,1,0.9318181818181818,1.2727272727272727,2.9318181818181817,1.6590909090909092,0.335424542427063,0.01416626013815403,0.005619555711746216,0.005515516735613346,0.008377417922019958,0.007965087890625,0.7965087890625,-0.009921874850988388,0.0035034087486565113,0.02213134802877903,0.00673099048435688,0.30412455450295967,0.7247488,0.4482974349620213,-0.02991098701192515,0.4568961525920534,0.3467491567134857,0.0456044040620327,0.3991985023021698,0.4535853862762451,0.5121601223945618,0.5943217873573303,0.09841389347605367,0.29082337718368456,196608.0001,2.5854479970723174,0.0173377415061636,0.2170962591240876,1.7487118540019015,0.00014461056,1.382145690221856,-0.0028830557172008315,0.0019009063107826006,0.021738071701604956,0.055890928653641064,0.5470388256502847,0.7601604496475554,1.4658605351935339,903.0,0.05477303832116788,4.0,3.0,553.0,0.7596153616905212,0.05511474609375,0.20471535623073578,0.244249626994133,0.2028258889913559,,,,,0.0,0.241455078125,0.22528076171875,0.259033203125,0.27423095703125,41,0.8780487804878049,2.8536585365853657,1.8048780487804879,1.048780487804878,42,0.9523809523809523,2.9523809523809526,1.5952380952380953,1.3571428571428572,44,0.9772727272727273,3.0,1.5227272727272727,1.4772727272727273,49,0.9183673469387755,2.9183673469387754,1.7142857142857142,1.2040816326530612,0.006347466725856066,0.23916128277778625,215.0,0.0311855711042881,0.24194590747356415,208.0,0.015822993591427803,0.22609661519527435,232.0,0.019031481817364693,0.2599194347858429,248.0
15,245760,13269,6629,4753,1887,0.4995855000376818,0.62,0.565,0.005507840774953365,0.19659703969955444,0.1218859925866127,0.44058099389076233,885,473,295,117,0.5344632768361582,0.21807909604519773,2.6440677966101696,2.4259887005649716,0.043295204639434814,0.01669921725988388,0.006964400876313448,0.0008631788659840822,0.018742786720395088,0.01263427734375,1.263427734375,-0.007817382924258709,0.005507840774953365,0.02933349460363388,0.008532878123223783,0.2908820567226255,0.6559360000000001,0.266491140545858,-0.030647117326188147,0.8531337289177642,0.7662910223007202,0.04144582152366638,0.7973396182060242,0.8558281660079956,0.9085214138031006,0.9334926605224609,0.10160292084851211,0.4604404873025764,245760.0001,2.795236665375379,0.014202214446042341,0.1949736926020408,1.444076736362613,0.00013576320000000002,1.3836882953741112,-0.0008369181039048241,0.000294710620828343,0.0,0.021176188990373882,0.8878607482326274,0.642006806268984,1.0856096294461464,955.0,0.05835459183673469,4.0,1.0,52.0,0.7428571581840515,0.05828857421875,0.43093791604042053,0.49633926153182983,0.42776206135749817,,,,,0.0,0.23394775390625,0.27294921875,0.2435302734375,0.24957275390625,199,0.5628140703517588,2.6683417085427137,2.4170854271356785,0.25125628140703515,246,0.4959349593495935,2.597560975609756,2.467479674796748,0.13008130081300814,213,0.5305164319248826,2.6666666666666665,2.4178403755868545,0.24882629107981222,227,0.5550660792951542,2.6519823788546257,2.39647577092511,0.2555066079295154,0.04276631772518158,0.508258044719696,224.0,-0.0130375437438488,0.47667405009269714,257.0,-0.0035610157065093517,0.49039843678474426,231.0,-0.027078617364168167,0.4957138001918793,243.0
13,212992,2192,1879,285,28,0.8572080291970803,0.94,0.9,0.002755032619461417,0.08790896832942963,0.22497619688510895,0.27389228343963623,168,150,15,3,0.8928571428571429,1.1726190476190477,2.8988095238095237,1.7261904761904763,0.331682026386261,0.012506104074418545,0.004720740020275116,0.005133921280503273,0.008144117891788483,0.00701904296875,0.701904296875,-0.010087890550494194,0.002755032619461417,0.019525147043168545,0.005782983154058456,0.2961661172208422,0.7018112000000001,0.5166349781240412,-0.03416611207365172,0.5482005178928375,0.40329957008361816,0.054128557443618774,0.481824666261673,0.5468994975090027,0.6181557774543762,0.6972923874855042,0.10814945527217937,0.29151351433469924,212992.0001,2.585827971377024,0.017926296642300013,0.22395436356707318,1.8816599409754684,0.00014166144000000001,1.381557022652975,-0.00538793844499935,0.002763650381203528,0.03045528439986633,0.06751592655136752,0.6507950236157674,0.7484494071544671,1.6135884817780517,901.0,0.05506859756097561,4.0,1.0,549.0,0.75,0.05499267578125,0.2239089012145996,0.2491515874862671,0.22275063395500183,,,,,0.0,0.2305908203125,0.2772216796875,0.243896484375,0.248291015625,34,0.9411764705882353,2.9411764705882355,1.6176470588235294,1.3235294117647058,58,0.9137931034482759,2.9310344827586206,1.7758620689655173,1.1551724137931034,37,0.7567567567567568,2.7567567567567566,1.864864864864865,0.8918918918918919,39,0.9487179487179487,2.948717948717949,1.6153846153846154,1.3333333333333333,0.0262900423258543,0.24137763679027557,205.0,0.008957301266491413,0.2646368145942688,253.0,-0.024713298305869102,0.29161980748176575,218.0,0.008514825254678726,0.23036499321460724,225.0
16,262144,14153,7062,5065,2026,0.49897548222991595,0.48,0.465,0.00298118544742465,0.19290009140968323,0.09779219329357147,0.4421820342540741,884,433,312,139,0.48981900452488686,0.15610859728506787,2.6210407239819005,2.4649321266968327,0.046691715717315674,0.01085205003619194,0.00534290773794055,0.0007553462637588382,0.01788824237883091,0.0076904296875,0.76904296875,-0.007796630263328552,0.00298118544742465,0.01854247972369194,0.00683439482934773,0.3685605361660258,0.6329984,0.42045130576907014,-0.0330884634771929,0.8637746780548455,0.7389166355133057,0.045914508402347565,0.8075040578842163,0.8666508197784424,0.9175522327423096,0.9941401481628418,0.10136475037641918,0.4593215247797431,262144.0001,2.7828566825614787,0.015978661336154096,0.20203788325471697,1.4257327368799246,0.00013281408,1.3850692139481597,-0.0014719366819398356,0.00047000544246519947,0.0,0.026934210529723106,0.88545752752502,0.6683400751284834,1.0641130774088625,961.0,0.05846477004716981,4.0,2.0,60.0,0.7692307829856873,0.05865478515625,0.4317355453968048,0.4859827160835266,0.42912909388542175,,,,,0.0,0.23712158203125,0.260986328125,0.2786865234375,0.22320556640625,213,0.5164319248826291,2.6338028169014085,2.4178403755868545,0.215962441314554,222,0.5,2.6396396396396398,2.4774774774774775,0.16216216216216217,243,0.48148148148148145,2.6090534979423867,2.4650205761316872,0.1440329218106996,206,0.46116504854368934,2.6019417475728157,2.5,0.10194174757281553,-0.05658802017569542,0.47771766781806946,230.0,-0.0003018388815689832,0.4959040582180023,248.0,-0.0717487558722496,0.4801957309246063,260.0,-0.07816959172487259,0.4759739339351654,223.0
14,229376,2363,2032,301,30,0.8599238256453661,0.94,0.895,0.0029816848691552877,0.08659231662750244,0.24631524085998535,0.25317201018333435,171,153,16,2,0.8947368421052632,1.263157894736842,2.9005847953216373,1.6374269005847952,0.3548933267593384,0.01275024376809597,0.004752534441649914,0.004989693406969309,0.0080898841843009,0.00750732421875,0.750732421875,-0.009929198771715164,0.0029816848691552877,0.02025756798684597,0.005798900648951531,0.2862443511662225,0.6788736,0.49012342719200397,-0.02533873004498533,0.4577879773882719,0.33078935742378235,0.04502246156334877,0.40178483724594116,0.46319830417633057,0.5150989294052124,0.5552453994750977,0.11801843995272011,0.2911263810775258,229376.0001,2.5633340775966644,0.015371810123234844,0.1900353064903846,1.8231374082657008,0.00013871232,1.381378907423753,-0.0029281557588638142,0.0014149099552779577,0.0006710966475881063,0.046865935503991304,0.5754469088636912,0.7545421238128955,1.5408400681156378,896.0,0.054856520432692304,4.0,0.0,543.0,0.7489655017852783,0.0546875,0.20334406197071075,0.2427729070186615,0.20149153470993042,,,,,0.0,0.2867431640625,0.23724365234375,0.2169189453125,0.25909423828125,46,0.8695652173913043,2.869565217391304,1.7391304347826086,1.1304347826086956,48,0.8958333333333334,2.9166666666666665,1.625,1.2916666666666667,32,1.0,3.0,1.375,1.625,45,0.8444444444444444,2.8444444444444446,1.7333333333333334,1.1111111111111112,0.015495948493480682,0.25495094060897827,255.0,0.03884809836745262,0.23078155517578125,218.0,0.007000362034887075,0.2306046485900879,192.0,-0.011080463416874409,0.24314437806606293,231.0
15,245760,2535,2188,313,34,0.8631163708086785,0.88,0.91,0.003064781194552779,0.0862916111946106,0.25316083431243896,0.25397706031799316,172,156,12,4,0.9069767441860465,1.255813953488372,2.9186046511627906,1.6627906976744187,0.3477681875228882,0.01323242112994194,0.004432532005012035,0.004606609232723713,0.007833707146346569,0.007781982421875,0.7781982421875,-0.010028076358139515,0.003064781194552779,0.02101440355181694,0.005427757315337658,0.2582751885755906,0.6559360000000001,0.47717743479984287,-0.03974490462744658,0.4557008199987158,0.33162441849708557,0.0474357046186924,0.39522287249565125,0.45653581619262695,0.516007661819458,0.5752214193344116,0.12702793290636874,0.29075926201087354,245760.0001,2.5614377386802065,0.019948118572345876,0.251322248340708,1.7972699912775933,0.00013576320000000002,1.3834549858506802,-0.007329085208795247,0.00624850102997721,0.13198848216242232,0.10340510658513086,0.5348898198422605,0.7412499300146524,1.5493656304557766,899.0,0.054920837942477874,4.0,0.0,538.0,0.7400274872779846,0.05487060546875,0.20511409640312195,0.2399546205997467,0.20350614190101624,,,,,0.0,0.2911376953125,0.27020263671875,0.212158203125,0.22650146484375,58,0.9137931034482759,2.913793103448276,1.603448275862069,1.3103448275862069,54,0.8518518518518519,2.9074074074074074,1.8333333333333333,1.0740740740740742,30,0.9666666666666667,2.966666666666667,1.5666666666666667,1.4,30,0.9333333333333333,2.9,1.5666666666666667,1.3333333333333333,-0.0005329603445716202,0.23845337331295013,264.0,-0.0292176753282547,0.2574176490306854,247.0,0.027160417288541794,0.21493376791477203,187.0,-0.006981154438108206,0.2304658591747284,201.0
17,278528,15041,7512,5382,2147,0.499434878000133,0.48,0.525,0.0046585616655647755,0.19500885903835297,0.10341808199882507,0.45094895362854004,888,450,317,121,0.5067567567567568,0.17792792792792791,2.6137387387387387,2.435810810810811,0.06901204586029053,0.012811277993023396,0.006727932021021843,0.0007451009005308151,0.017295941710472107,0.01220703125,1.220703125,-0.00776000926271081,0.0046585616655647755,0.025018309243023396,0.008171215429902077,0.3265963640535204,0.6100608000000001,0.310160811688863,-0.035830915909383663,0.8769460379584761,0.766936719417572,0.04926341399550438,0.8128570318222046,0.8785864114761353,0.9466263651847839,0.9882931113243103,0.10148553458945851,0.458833503885848,278528.0001,2.7772896053377263,0.016532601052625797,0.21400439049586778,1.455397854659183,0.00012986496,1.3832036404570272,-0.0017858505335513195,0.000729829967065425,0.0,0.03233411250599549,0.9318204088644548,0.7436639146863921,1.1258335002690307,965.0,0.05938468491735537,4.0,0.0,62.0,0.8157894611358643,0.05889892578125,0.43511033058166504,0.49479663372039795,0.43214625120162964,,,,,0.0,0.2662353515625,0.22723388671875,0.25189208984375,0.254638671875,237,0.48945147679324896,2.607594936708861,2.459915611814346,0.14767932489451477,202,0.5495049504950495,2.618811881188119,2.381188118811881,0.2376237623762376,225,0.4488888888888889,2.577777777777778,2.471111111111111,0.10666666666666667,224,0.5446428571428571,2.6517857142857144,2.424107142857143,0.22767857142857142,0.03301265463232994,0.46462640166282654,256.0,0.02949473448097706,0.5187053680419922,219.0,-0.05057436600327492,0.4863807260990143,243.0,-0.0036252278368920088,0.5224567651748657,247.0
16,262144,2710,2349,326,35,0.866789667896679,0.88,0.915,0.0038257630076259375,0.08687679469585419,0.2759566903114319,0.24800173938274384,175,161,13,1,0.92,1.3314285714285714,2.9257142857142857,1.5942857142857143,0.3374065160751343,0.01374511606991291,0.005321992561221123,0.004722796380519867,0.007400020491331816,0.0098876953125,0.98876953125,-0.009816894307732582,0.0038257630076259375,0.02363281138241291,0.006291817910969257,0.266221042774815,0.6329984,0.41537499597029953,-0.02554160873100997,0.45920652541044715,0.35531294345855713,0.04791877418756485,0.39641764760017395,0.4572635889053345,0.5155413150787354,0.6245198249816895,0.13633598024063445,0.2905181389575368,262144.0001,2.504217112175772,0.015251074618416204,0.18729921144859812,1.807602377138405,0.00013281408,1.3815195649583762,-0.001400409897286978,0.0008040241444094934,0.0,0.03669137770961437,0.5267905645838408,0.7435044044646147,1.5284232915004836,898.0,0.054523218457943924,4.0,1.0,541.0,0.748271107673645,0.0548095703125,0.2018730342388153,0.2151785045862198,0.2012859582901001,,,,,0.0,0.20111083984375,0.26934814453125,0.2681884765625,0.2613525390625,47,0.9574468085106383,2.9574468085106385,1.446808510638298,1.5106382978723405,46,0.8695652173913043,2.891304347826087,1.7391304347826086,1.1521739130434783,48,0.9583333333333334,2.9583333333333335,1.5416666666666667,1.4166666666666667,34,0.8823529411764706,2.8823529411764706,1.6764705882352942,1.2058823529411764,-0.005480910651385784,0.22866319119930267,188.0,-0.0049699884839355946,0.23218831419944763,240.0,0.0166860893368721,0.2193271517753601,240.0,-0.008574267849326134,0.22470872104167938,230.0
18,294912,15923,7942,5697,2284,0.49877535640268794,0.58,0.475,0.003971044439822435,0.19264666736125946,0.08620472997426987,0.43970292806625366,882,430,315,137,0.4875283446712018,0.15079365079365079,2.6099773242630384,2.4591836734693877,0.06819570064544678,0.01044311374425888,0.006332912482321262,0.0006600075867027044,0.016345888376235962,0.01141357421875,1.141357421875,-0.0077844238840043545,0.003971044439822435,0.02185668796300888,0.0076933841593563555,0.351976118076914,0.5871232,0.3561412303615285,-0.03835456661887072,0.8346046304160898,0.7472276091575623,0.04324880242347717,0.7844434976577759,0.8278684020042419,0.8923921585083008,0.95976722240448,0.10063660100001368,0.4578050486282869,294912.0001,2.7711049607305815,0.017023738940197014,0.2226858428030303,1.4864105464834156,0.00012691584,1.383767155083743,-0.0024069548169179306,0.0013850762143562503,0.004410093170449589,0.045439719715234916,0.8820567941575339,0.7337031073190949,1.1340973381743287,968.0,0.05894886363636364,4.0,0.0,68.0,0.7906976938247681,0.05908203125,0.4244453012943268,0.46975308656692505,0.42212140560150146,,,,,0.0,0.27447509765625,0.24481201171875,0.23138427734375,0.24932861328125,231,0.49783549783549785,2.619047619047619,2.4415584415584415,0.1774891774891775,213,0.4647887323943662,2.568075117370892,2.492957746478873,0.07511737089201878,198,0.5303030303030303,2.6313131313131315,2.409090909090909,0.2222222222222222,240,0.4625,2.620833333333333,2.4875,0.13333333333333333,-0.008443428203463554,0.48161789774894714,259.0,-0.01977461390197277,0.4759255647659302,241.0,0.047553155571222305,0.46962279081344604,217.0,-0.029560545459389687,0.4875534772872925,251.0
17,278528,2886,2515,336,35,0.8714483714483714,0.9,0.935,0.0037118964828550816,0.0869448110461235,0.28308290243148804,0.2466614544391632,176,166,10,0,0.9431818181818182,1.375,2.9431818181818183,1.5681818181818181,0.3476288318634033,0.01446533203125,0.004895821679383516,0.004480368457734585,0.007316205650568008,0.009521484375,0.9521484375,-0.010035399347543716,0.0037118964828550816,0.02398681640625,0.005839547608047724,0.24343806493892606,0.6100608000000001,0.4183540167886646,-0.03662202736956465,0.44292315945290683,0.3201647996902466,0.04636545851826668,0.3804894685745239,0.4425860047340393,0.5028303265571594,0.5998748540878296,0.14496815213111486,0.2901847696466952,278528.0001,2.540274831983778,0.018981944007815367,0.23098273026315788,1.8381890340855247,0.00012986496,1.3839660778380276,-0.0051831374173578635,0.004448802601101148,0.0617378266713424,0.08400665011669035,0.587490434970772,0.7194089893012019,1.5802430029500996,902.0,0.055281432748538015,4.0,2.0,522.0,0.7190082669258118,0.0550537109375,0.1992272138595581,0.2385183572769165,0.19743794202804565,,,,,0.0,0.22650146484375,0.22869873046875,0.3116455078125,0.233154296875,34,0.9705882352941176,2.9705882352941178,1.6176470588235294,1.3529411764705883,39,0.9230769230769231,2.923076923076923,1.5897435897435896,1.3333333333333333,58,0.9137931034482759,2.913793103448276,1.5517241379310345,1.3620689655172413,45,0.9777777777777777,2.977777777777778,1.5333333333333334,1.4444444444444444,-0.012685094028711319,0.221976637840271,203.0,-0.007958590984344482,0.2488315850496292,204.0,-0.018408212810754776,0.256700336933136,283.0,0.02050124481320381,0.2154833823442459,212.0
19,311296,16807,8398,6007,2402,0.49967275539953593,0.54,0.55,0.0058197202160954475,0.18975982069969177,0.10686355829238892,0.4376428723335266,884,456,310,118,0.5158371040723982,0.19796380090497737,2.6255656108597285,2.427601809954751,0.050444841384887695,0.01400146447122097,0.00771170761436224,0.0006666580447927117,0.015756050124764442,0.015625,1.5625,-0.007869872264564037,0.0058197202160954475,0.02962646447122097,0.009025524267926813,0.30463370487521385,0.5641856000000001,0.2656275994258146,-0.030699776653200388,0.8496656066179276,0.7562885880470276,0.04573578014969826,0.791610598564148,0.8540149331092834,0.9029785394668579,0.9593188762664795,0.10096433559424393,0.4567681855249801,311296.0001,2.7416978883743286,0.014445253668818624,0.188671875,1.5374927866458892,0.00012396672,1.3848274517059327,-0.0030081220651054074,0.0010859756150466636,0.0,0.038595824894868826,0.8612889912724495,0.693547623604536,1.1615836536884308,969.0,0.05904296875,4.0,2.0,63.0,0.7325581312179565,0.05914306640625,0.4264616072177887,0.47797080874443054,0.4237461984157562,,,,,0.0,0.25921630859375,0.2554931640625,0.2830810546875,0.20220947265625,230,0.5173913043478261,2.617391304347826,2.4478260869565216,0.16956521739130434,231,0.5108225108225108,2.632034632034632,2.432900432900433,0.19913419913419914,244,0.5,2.6024590163934427,2.4344262295081966,0.1680327868852459,179,0.5418994413407822,2.659217877094972,2.3854748603351954,0.2737430167597765,0.02358120307326317,0.47064587473869324,253.0,0.05595683678984642,0.452400267124176,249.0,-0.0016368123469874263,0.506576418876648,270.0,0.11230795085430145,0.4963144063949585,197.0
18,294912,3059,2672,350,37,0.8734880679960771,0.84,0.905,0.0031514058355242014,0.08502327650785446,0.26748189330101013,0.24422526359558105,173,157,14,2,0.9075144508670521,1.2716763005780347,2.9190751445086707,1.6473988439306357,0.31948167085647583,0.01326293870806694,0.004341732710599899,0.004319085739552975,0.006919165141880512,0.00823974609375,0.823974609375,-0.00982055626809597,0.0031514058355242014,0.02150268480181694,0.005240792781114579,0.24371603422459767,0.5871232,0.45669178834253504,-0.02859092667570402,0.4547833877390829,0.34869086742401123,0.05183921009302139,0.3897749185562134,0.455923855304718,0.5047248601913452,0.6860016584396362,0.15177447108269002,0.28918891702534555,294912.0001,2.492339391132881,0.016576215953983623,0.19908405172413793,1.808911190978412,0.00012691584,1.382996024756596,-0.006550294013162991,0.0036018731850068937,0.008534976698715111,0.07267161328902699,0.5384176581584174,0.7521005565750187,1.5257563436853474,902.0,0.05494005926724138,4.0,3.0,548.0,0.7517147064208984,0.0550537109375,0.2014700472354889,0.23378045856952667,0.19995231926441193,,,,,0.0,0.2740478515625,0.2005615234375,0.24163818359375,0.28375244140625,41,0.926829268292683,2.951219512195122,1.5365853658536586,1.4146341463414633,34,0.8823529411764706,2.8823529411764706,1.6470588235294117,1.2352941176470589,38,0.8947368421052632,2.9210526315789473,1.6842105263157894,1.236842105263158,60,0.9166666666666666,2.9166666666666665,1.7,1.2166666666666666,0.004619141109287739,0.2478889375925064,243.0,0.015603520907461643,0.23320017755031586,182.0,-0.029120786115527153,0.24070264399051666,217.0,-0.0358714759349823,0.2117534875869751,260.0
19,311296,3235,2831,364,40,0.8751159196290572,0.88,0.9,0.00363403488881886,0.08520175516605377,0.29037952423095703,0.23874270915985107,176,159,14,3,0.9034090909090909,1.3465909090909092,2.9204545454545454,1.5738636363636365,0.30514150857925415,0.01340332068502903,0.004862612579017878,0.003977796528488398,0.006461435928940773,0.009979248046875,0.9979248046875,-0.009822998195886612,0.00363403488881886,0.02338256873190403,0.0056977511756122114,0.24366473915670211,0.5641856000000001,0.42008122491945926,-0.039265830346848815,0.43723437130451204,0.32889455556869507,0.04323658347129822,0.3799440562725067,0.4370386600494385,0.48905259370803833,0.5544025897979736,0.1590694738776238,0.28842060381873424,311296.0001,2.4923941040039064,0.019017575580510312,0.235751953125,1.7944688791036605,0.00012396672,1.3816506499052048,-0.005934976847626787,0.002980064507811733,0.017390177622437476,0.06943774044866988,0.5173883870989084,0.7304765756428242,1.5540401297807693,904.0,0.0553125,4.0,0.0,530.0,0.7280219793319702,0.05517578125,0.19901154935359955,0.2354891002178192,0.1973215788602829,,,,,0.0,0.2886962890625,0.26226806640625,0.24725341796875,0.2017822265625,63,0.9365079365079365,2.9523809523809526,1.4444444444444444,1.507936507936508,43,0.8604651162790697,2.86046511627907,1.697674418604651,1.1627906976744187,36,0.9166666666666666,2.9444444444444446,1.5555555555555556,1.3888888888888888,34,0.8823529411764706,2.911764705882353,1.6764705882352942,1.2352941176470589,-0.02471882849931717,0.2196475714445114,269.0,0.010923070833086967,0.2603965103626251,236.0,-0.02075188234448433,0.214927539229393,219.0,0.011486178264021873,0.20810085535049438,180.0
20,327680,17691,8838,6338,2515,0.4995760556215025,0.56,0.48,0.004372517578303814,0.19186581671237946,0.08927798271179199,0.44356703758239746,884,440,331,113,0.497737556561086,0.13574660633484162,2.590497737556561,2.4547511312217196,0.061282575130462646,0.01121215708553791,0.006580779794603586,0.0006694633048027754,0.01563987508416176,0.0123291015625,1.23291015625,-0.007807617075741291,0.004372517578303814,0.02354125864803791,0.007885526865720749,0.3349520104936046,0.541248,0.3316426513049122,-0.03144129640057537,0.8749483835463431,0.7664905786514282,0.044932618737220764,0.8094218373298645,0.882512092590332,0.9306672811508179,0.9808623790740967,0.10038001795029966,0.4561243142941887,327680.0001,2.7351305297776762,0.013972458507244786,0.1889361213235294,1.543322648487839,0.00012101760000000001,1.3850996389108545,0.00018962349648428002,5.7605645057982854e-05,0.0,0.009530392390517037,0.8869222057800666,0.6536648019271738,1.1326559682687123,964.0,0.05911075367647059,4.0,2.0,61.0,0.7721518874168396,0.058837890625,0.42976072430610657,0.48307451605796814,0.42714130878448486,,,,,0.0,0.248291015625,0.2374267578125,0.274169921875,0.2401123046875,228,0.5043859649122807,2.6052631578947367,2.460526315789474,0.14473684210526316,196,0.49489795918367346,2.5408163265306123,2.4489795918367347,0.09183673469387756,246,0.491869918699187,2.573170731707317,2.451219512195122,0.12195121951219512,214,0.5,2.6401869158878504,2.457943925233645,0.1822429906542056,0.020270682871341705,0.4863363802433014,244.0,0.006544781383126974,0.4695802628993988,217.0,-0.0024782882537692785,0.47410568594932556,266.0,0.009159904904663563,0.4932308793067932,237.0
20,327680,3411,2997,373,41,0.8786279683377308,0.92,0.94,0.0037338503170758486,0.08543521165847778,0.30993521213531494,0.23095442354679108,176,166,9,1,0.9431818181818182,1.375,2.9488636363636362,1.5738636363636365,0.3024619221687317,0.014495849609375,0.0046333265490829945,0.004061233717948198,0.006237637717276812,0.009796142578125,0.9796142578125,-0.009879149496555328,0.0037338503170758486,0.0242919921875,0.0054572362639009955,0.22464240805663394,0.541248,0.4066666395109064,-0.024457435598691003,0.4240753954709178,0.3115161955356598,0.038792453706264496,0.37994277477264404,0.4224121868610382,0.4729578495025635,0.5459010004997253,0.16661276078820633,0.2877068681974547,327680.0001,2.4857194664502384,0.015832439704675867,0.1902422664141414,1.7893109466090347,0.00012101760000000001,1.384596060020755,-0.006105977254577223,0.003819992118746536,0.04619765985343191,0.07422829958870804,0.5105593534130038,0.7270998894566237,1.4959851172235277,904.0,0.055022885101010104,4.0,1.0,530.0,0.7280219793319702,0.05517578125,0.1928902268409729,0.22276023030281067,0.19151164591312408,,,,,0.0,0.23883056640625,0.28973388671875,0.23638916015625,0.23504638671875,34,0.9117647058823529,2.911764705882353,1.5294117647058822,1.3823529411764706,51,0.9019607843137255,2.9215686274509802,1.6666666666666667,1.2549019607843137,32,0.96875,2.96875,1.5625,1.40625,59,0.9830508474576272,2.983050847457627,1.5254237288135593,1.4576271186440677,0.017073361203074455,0.23068629205226898,209.0,-0.042996056377887726,0.24446344375610352,263.0,-0.0065348707139492035,0.19805292785167694,210.0,-0.0003652776649687439,0.21403561532497406,222.0
21,344064,18576,9298,6636,2642,0.5005383290267011,0.48,0.515,0.006469461135566235,0.1878952831029892,0.12026842683553696,0.44059258699417114,885,460,298,127,0.519774011299435,0.22033898305084745,2.6429378531073446,2.4225988700564973,0.052993834018707275,0.014862059615552425,0.007324418053030968,0.0005286948289722204,0.014417077414691448,0.01837158203125,1.837158203125,-0.007845459505915642,0.006469461135566235,0.033233641646802425,0.008520079832524062,0.25636141719445305,0.5183104000000001,0.2360627079807996,-0.023781709443730644,0.8680102787440336,0.7814140915870667,0.03939411789178848,0.8126063346862793,0.8696090579032898,0.9140270948410034,0.9599469900131226,0.10132708503979761,0.45541641529254195,344064.0001,2.7172374061391324,0.012555194476360007,0.17249307753164558,1.5959128035774715,0.00011806848000000002,1.3838867039620122,-0.0023056758539366684,0.0005575658342379513,0.0,0.029221001800496214,0.848873420229441,0.6708860789673238,1.218938804125484,955.0,0.058272349683544306,4.0,1.0,54.0,0.7714285850524902,0.05828857421875,0.4287593364715576,0.4695188105106354,0.4268225431442261,,,,,0.0,0.23114013671875,0.26983642578125,0.24951171875,0.24951171875,204,0.5,2.5833333333333335,2.4313725490196076,0.15196078431372548,234,0.5213675213675214,2.641025641025641,2.4316239316239314,0.2094017094017094,223,0.45739910313901344,2.6367713004484306,2.475336322869955,0.16143497757847533,224,0.5982142857142857,2.705357142857143,2.3526785714285716,0.35267857142857145,0.020804530009627342,0.48111480474472046,220.0,0.019104840233922005,0.47586876153945923,252.0,-0.007323287893086672,0.4769127666950226,245.0,0.08118657022714615,0.4639923870563507,238.0
21,344064,3589,3162,386,41,0.8810253552521594,0.94,0.93,0.0034066461957991123,0.08496904373168945,0.3023872375488281,0.24842308461666107,178,165,13,0,0.9269662921348315,1.4269662921348314,2.9269662921348316,1.5,0.3192952275276184,0.01415405236184597,0.004230000078678131,0.0036345887929201126,0.005831046961247921,0.009002685546875,0.9002685546875,-0.0098876953125,0.0034066461957991123,0.02315673790872097,0.004987250939011574,0.215360021720145,0.5183104000000001,0.42697155272563964,-0.03923693802538635,0.4738640062094945,0.37359756231307983,0.045395057648420334,0.41452693939208984,0.4728792905807495,0.5317018032073975,0.6155550479888916,0.1730782120606425,0.2874167155757269,344064.0001,2.4902322134995822,0.017061021135822127,0.22309248096446702,1.8594241299605005,0.00011806848000000002,1.3826900151780415,-0.010401802737105718,0.004768994501508243,0.05467018227891873,0.0853529503422285,0.5478669527520988,0.6890980766206829,1.6123649677649368,899.0,0.0549056154822335,4.0,2.0,499.0,0.6911357045173645,0.05487060546875,0.20496106147766113,0.23120149970054626,0.20382638275623322,,,,,0.0,0.26287841796875,0.2091064453125,0.2911376953125,0.23687744140625,48,0.9375,2.9375,1.6041666666666667,1.3333333333333333,37,1.0,3.0,1.4054054054054055,1.5945945945945945,50,0.82,2.82,1.58,1.24,43,0.9767441860465116,2.9767441860465116,1.372093023255814,1.6046511627906976,-0.04653998091816902,0.2258189618587494,239.0,-0.022791121155023575,0.24064992368221283,186.0,-0.020447975024580956,0.25027087330818176,261.0,0.010021422989666462,0.20798642933368683,213.0
22,360448,3765,3330,392,43,0.8844621513944223,0.96,0.955,0.004180946387350559,0.08304434269666672,0.31068500876426697,0.22324486076831818,176,168,6,2,0.9545454545454546,1.4375,2.965909090909091,1.5284090909090908,0.3120182156562805,0.01485595665872097,0.004555004648864269,0.003591134212911129,0.005843484308570623,0.01129150390625,1.129150390625,-0.009748535230755806,0.004180946387350559,0.02614746056497097,0.00530977413058281,0.20306259014329492,0.49537280000000006,0.3728148816460404,-0.02678133012204055,0.4015963140286897,0.2921900153160095,0.04692940413951874,0.34320691227912903,0.40053945779800415,0.4590062201023102,0.5500078201293945,0.17933306645452649,0.28625234604294464,360448.0001,2.4493908150154247,0.015187397722783907,0.18808251096491227,1.8289948968510878,0.00011511936,1.379638185626582,-0.0056391462120365405,0.0025442309606420934,0.02601214789115546,0.06253871435321669,0.48721418425179364,0.7453690874471999,1.5722870497327102,896.0,0.05504728618421053,4.0,3.0,535.0,0.7440890073776245,0.0546875,0.18516971170902252,0.20552612841129303,0.18427865207195282,,,,,0.0,0.20574951171875,0.25128173828125,0.2584228515625,0.2845458984375,43,0.9767441860465116,2.9767441860465116,1.4651162790697674,1.5116279069767442,49,0.9183673469387755,2.9591836734693877,1.530612244897959,1.4285714285714286,35,0.9142857142857143,2.914285714285714,1.5714285714285714,1.3428571428571427,49,1.0,3.0,1.5510204081632653,1.4489795918367347,-0.020935803651809692,0.1925840526819229,186.0,-0.0031462423503398895,0.23398993909358978,227.0,0.02804412879049778,0.2200269103050232,226.0,-0.014801518991589546,0.20572815835475922,257.0
22,360448,19463,9738,6959,2766,0.5003339670143349,0.5,0.535,0.004497969057410955,0.18763116002082825,0.10809984803199768,0.43182381987571716,887,440,323,124,0.496054114994363,0.16798196166854565,2.6110484780157837,2.443066516347238,0.05903327465057373,0.01132812350988388,0.005929430481046438,0.0006982762133702636,0.01382166426628828,0.01361083984375,1.361083984375,-0.007883301004767418,0.004497969057410955,0.02493896335363388,0.007091025719419122,0.28432382272870993,0.49537280000000006,0.3160911222276828,-0.03870487888868814,0.8250322781111065,0.6888628602027893,0.04270235449075699,0.7750294804573059,0.8234049081802368,0.8789136409759521,0.9418144822120667,0.10163493790299402,0.45437279162217264,360448.0001,2.6900373060900464,0.016847528452473812,0.2209968280075188,1.5346608251557314,0.00011511936,1.381869293693313,-0.004573142482644687,0.0022350442277367533,0.014138517719238325,0.05835982752493926,0.8206587348665509,0.6593268934945414,1.174017466100535,965.0,0.05868186090225564,4.0,3.0,59.0,0.7564102411270142,0.05889892578125,0.4188839793205261,0.4641374349594116,0.4167366623878479,,,,,0.0,0.263916015625,0.24017333984375,0.21490478515625,0.281005859375,228,0.4868421052631579,2.5921052631578947,2.4473684210526314,0.14473684210526316,213,0.5305164319248826,2.6619718309859155,2.3943661971830985,0.2676056338028169,182,0.510989010989011,2.598901098901099,2.456043956043956,0.14285714285714285,264,0.4659090909090909,2.5946969696969697,2.4696969696969697,0.125,-0.028422707691788673,0.44116324186325073,253.0,0.050148993730545044,0.43901047110557556,230.0,-0.03290943056344986,0.4614122807979584,203.0,-0.038761988282203674,0.5029406547546387,279.0
23,376832,3946,3505,397,44,0.8882412569690826,0.94,0.96,0.004644050262868404,0.0833020880818367,0.3252503275871277,0.20723088085651398,181,175,5,1,0.9668508287292817,1.4917127071823204,2.972375690607735,1.4806629834254144,0.30393409729003906,0.01561279222369194,0.004642637912184,0.0034061484038829803,0.005237050354480743,0.012786865234375,1.2786865234375,-0.009664305485785007,0.004644050262868404,0.02839965745806694,0.005334093812853098,0.18781585675362591,0.47243520000000006,0.34028456911795724,0.00043712412672383444,0.3662567692143576,0.29420706629753113,0.0364675372838974,0.32895171642303467,0.3607584536075592,0.41415631771087646,0.4742587208747864,0.18567729519773862,0.2848340232236202,376832.0001,2.442348166874477,0.007693596510216593,0.11456473214285715,1.7343426261629378,0.00011217024,1.3772822380065919,-0.00032542208662526156,7.308782496206082e-05,0.0,0.009733675950587082,0.40440941814865383,0.7444895846503121,1.3813371300697326,908.0,0.055412946428571426,4.0,2.0,544.0,0.7482805848121643,0.055419921875,0.17289389669895172,0.1976412832736969,0.17170286178588867,,,,,0.0,0.215087890625,0.242431640625,0.2822265625,0.26025390625,37,0.972972972972973,2.972972972972973,1.4864864864864864,1.4864864864864864,48,0.9375,2.9375,1.4166666666666667,1.5208333333333333,45,0.9777777777777777,2.977777777777778,1.488888888888889,1.488888888888889,51,0.9803921568627451,3.0,1.5294117647058822,1.4705882352941178,0.0059858765453100204,0.2199569046497345,194.0,0.012615242972970009,0.195759579539299,222.0,0.005346288438886404,0.19360914826393127,254.0,-0.005840767174959183,0.18398043513298035,238.0
23,376832,20349,10235,7239,2875,0.5029731190721903,0.62,0.585,0.00713531207293272,0.18797242641448975,0.1417708843946457,0.4268052875995636,886,497,280,109,0.5609480812641083,0.28216704288939054,2.6636568848758464,2.381489841986456,0.06891846656799316,0.02033691480755806,0.006382066290825605,0.0005235784919932485,0.013092647306621075,0.01727294921875,1.727294921875,-0.007878417149186134,0.00713531207293272,0.03760986402630806,0.007471364354714752,0.19864910174593914,0.47243520000000006,0.20947184684923315,-0.03330025493421338,0.8059450761838393,0.7018939256668091,0.04480302333831787,0.7474810481071472,0.8043056726455688,0.8596212863922119,0.9369502067565918,0.10337997905434188,0.45328297836710807,376832.0001,2.6711065790869974,0.015049071636431936,0.19984019886363635,1.5774137431924993,0.00011217024,1.3827635385773398,-0.0019574923702342676,0.0013493628317467648,0.0,0.04506040015806376,0.8484786876223304,0.7797402636571364,1.2031501119787043,968.0,0.059534801136363634,4.0,1.0,68.0,0.8292682766914368,0.05908203125,0.41183537244796753,0.46641814708709717,0.40911802649497986,,,,,0.0,0.247802734375,0.26104736328125,0.25140380859375,0.23974609375,225,0.5688888888888889,2.6977777777777776,2.3733333333333335,0.3244444444444444,234,0.5427350427350427,2.6324786324786325,2.388888888888889,0.24358974358974358,217,0.5806451612903226,2.672811059907834,2.3824884792626726,0.2903225806451613,210,0.5523809523809524,2.6523809523809523,2.380952380952381,0.2714285714285714,0.06233984977006912,0.4644841253757477,244.0,-0.006736286915838718,0.47388955950737,258.0,0.05044011399149895,0.41262710094451904,238.0,0.020764417946338654,0.47997355461120605,228.0
24,393216,4122,3666,409,47,0.8893740902474527,0.94,0.91,0.0038162595592439175,0.08178223669528961,0.30675172805786133,0.21824797987937927,176,161,12,3,0.9147727272727273,1.3522727272727273,2.9318181818181817,1.5795454545454546,0.33107757568359375,0.01373291015625,0.004040238913148642,0.003126922994852066,0.005101318471133709,0.011260986328125,1.1260986328125,-0.00969848595559597,0.0038162595592439175,0.024993896484375,0.004698498230427504,0.18797830322540704,0.44949760000000005,0.3880186485932743,-0.036500186724140044,0.3670148384124837,0.2698395848274231,0.03675127401947975,0.3249722123146057,0.3627994656562805,0.42004862427711487,0.478210985660553,0.19072206323229413,0.2834078397983934,393216.0001,2.423667690970681,0.01771000821397386,0.22412892713903743,1.656058367879633,0.00010922112000000001,1.3837458940750775,-0.01023676845424122,0.006276630907793946,0.15559508854692633,0.1034980422789754,0.4584525717611619,0.7582972613885441,1.4460488175325852,904.0,0.055209725935828874,4.0,2.0,553.0,0.7596153616905212,0.05517578125,0.1784999519586563,0.2066977322101593,0.17713789641857147,,,,,0.0,0.2381591796875,0.2296142578125,0.28973388671875,0.24249267578125,35,0.9714285714285714,2.9714285714285715,1.6857142857142857,1.2857142857142858,42,0.8809523809523809,2.880952380952381,1.5952380952380953,1.2857142857142858,47,0.8936170212765957,2.9148936170212765,1.6382978723404256,1.2765957446808511,52,0.9230769230769231,2.9615384615384617,1.4423076923076923,1.5192307692307692,0.029634548351168633,0.18919068574905396,212.0,-0.02499386854469776,0.1998104453086853,207.0,-0.03612019866704941,0.21073122322559357,264.0,-0.0069642383605241776,0.22258739173412323,221.0
24,393216,21230,10728,7510,2992,0.5053226566179934,0.52,0.58,0.006397499702870846,0.1860511749982834,0.14693611860275269,0.4181230366230011,881,493,271,117,0.5595913734392736,0.2996594778660613,2.677639046538025,2.3779795686719636,0.0776013731956482,0.02028808556497097,0.005900461692363024,0.0005045796860940754,0.012209751643240452,0.01446533203125,1.446533203125,-0.007838134653866291,0.006397499702870846,0.03475341759622097,0.006917608198709786,0.19904255853396818,0.44949760000000005,0.22552916135526244,-0.030674944096244872,0.7732478958368302,0.6822785139083862,0.04599151015281677,0.7150527238845825,0.7685843706130981,0.838495135307312,0.895675539970398,0.1051948182017308,0.45195641890842836,393216.0001,2.647231719493866,0.013852713612141087,0.1905859375,1.5307112687826157,0.00010922112000000001,1.3824923753738403,-0.0024968869517835836,0.0007642579319484355,0.0,0.031121410571265856,0.7850480890274047,0.6258766277134419,1.1326820147037506,969.0,0.05912109375,4.0,3.0,62.0,0.7045454382896423,0.05914306640625,0.40157198905944824,0.44671571254730225,0.39938032627105713,,,,,0.0,0.24212646484375,0.252197265625,0.234619140625,0.27105712890625,205,0.5658536585365853,2.702439024390244,2.3560975609756096,0.3463414634146341,226,0.5796460176991151,2.685840707964602,2.3761061946902653,0.30973451327433627,209,0.5358851674641149,2.674641148325359,2.430622009569378,0.24401913875598086,241,0.5560165975103735,2.6514522821576763,2.3526970954356847,0.2987551867219917,0.06094512343406677,0.46857950091362,231.0,0.05194025859236717,0.438229501247406,244.0,-0.0381021574139595,0.45937541127204895,228.0,-0.0022887520026415586,0.43804386258125305,266.0
25,409600,4298,3834,416,48,0.8920428106095859,0.92,0.95,0.0038133286871016026,0.08223132789134979,0.3134256601333618,0.21903741359710693,176,168,7,1,0.9545454545454546,1.4431818181818181,2.960227272727273,1.5170454545454546,0.2971830368041992,0.01482543908059597,0.003841498401015997,0.002974380739033222,0.004977922886610031,0.010498046875,1.0498046875,-0.009730223566293716,0.0038133286871016026,0.02532348595559597,0.004477682691067457,0.17681238225007367,0.42656000000000005,0.3842219574902614,-0.021756672856016932,0.4056828154081648,0.2937425374984741,0.04196946695446968,0.3535635769367218,0.4033467769622803,0.4656763970851898,0.4929617643356323,0.19563020710713855,0.2821426167908911,409600.0001,2.418798506259918,0.012851987531493332,0.16648171164772727,1.786898454481905,0.00010627200000000002,1.3838045231320641,-0.0005775767134728857,0.0002274489789173954,0.0,0.01843342435438638,0.4787224390628663,0.741602725264701,1.4821150980212472,901.0,0.055353338068181816,4.0,3.0,541.0,0.7462068796157837,0.05499267578125,0.18362821638584137,0.21018154919147491,0.182399183511734,,,,,0.0,0.23388671875,0.2470703125,0.24639892578125,0.27264404296875,40,0.9,2.925,1.575,1.35,46,0.9782608695652174,2.9782608695652173,1.4782608695652173,1.5,38,1.0,3.0,1.5,1.5,52,0.9423076923076923,2.9423076923076925,1.5192307692307692,1.4230769230769231,-0.008439462631940842,0.22666411101818085,211.0,-0.025869283825159073,0.19561176002025604,222.0,-0.02416200377047062,0.2223072052001953,221.0,0.01363686379045248,0.20073086023330688,247.0
26,425984,4479,4008,422,49,0.8948425987943738,0.98,0.96,0.0044697863049805164,0.08257761597633362,0.32582521438598633,0.19897139072418213,181,174,6,1,0.9613259668508287,1.4751381215469612,2.9668508287292816,1.4917127071823204,0.340878427028656,0.01544799841940403,0.003966154530644417,0.0029510094318538904,0.004732010420411825,0.0128173828125,1.28173828125,-0.009755859151482582,0.0044697863049805164,0.02826538123190403,0.004580796118825674,0.1620581029189321,0.40362240000000005,0.3451400117844312,-0.031303705462023504,0.3091792699537779,0.23352156579494476,0.029290327802300453,0.27617147564888,0.3051506280899048,0.3425661027431488,0.4034004807472229,0.2006377073859187,0.28052147917947273,425984.0001,2.411585463617081,0.015708383809971183,0.1958999060150376,1.596661895289457,0.00010332288000000002,1.3807512082551654,-0.007675156917001114,0.002625925090390075,0.00417351963600718,0.061988699218138085,0.3880746383640103,0.755544708635574,1.3747438400759733,905.0,0.05515742481203008,4.0,0.0,545.0,0.7527624368667603,0.05523681640625,0.1615375131368637,0.18965241312980652,0.16018973290920258,,,,,0.0,0.25830078125,0.2332763671875,0.25164794921875,0.25677490234375,41,0.9512195121951219,2.951219512195122,1.5121951219512195,1.4390243902439024,43,0.9302325581395349,2.9302325581395348,1.558139534883721,1.372093023255814,53,0.9622641509433962,2.981132075471698,1.5660377358490567,1.4150943396226414,44,1.0,3.0,1.3181818181818181,1.6818181818181819,-0.036187466233968735,0.18953844904899597,231.0,0.008042393252253532,0.1772734522819519,211.0,-0.00901813618838787,0.20496071875095367,231.0,0.026846013963222504,0.18251067399978638,232.0
25,409600,22112,11204,7792,3116,0.5066931982633864,0.52,0.59,0.006438538432121277,0.18368960916996002,0.13028278946876526,0.41214242577552795,882,476,282,124,0.5396825396825397,0.2709750566893424,2.6678004535147393,2.3968253968253967,0.057310402393341064,0.01762695237994194,0.0061510419473052025,0.0004958418430760503,0.01175057515501976,0.0169677734375,1.69677734375,-0.00791015662252903,0.006438538432121277,0.03459472581744194,0.007130755307152867,0.20611665570426602,0.42656000000000005,0.2286454882973147,-0.0307612186113354,0.7722562439370864,0.6914743781089783,0.044089220464229584,0.7201521396636963,0.7663663625717163,0.836950957775116,0.8847872614860535,0.10619833705216718,0.4504582613945898,409600.0001,2.6274309229142596,0.014919999782872008,0.1932820235148515,1.4662910086093563,0.00010627200000000002,1.382557211535992,-0.002048003655726502,0.0015503778453682406,0.0,0.046715909562256734,0.775046967043735,0.6688118845519453,1.0701778117973026,959.0,0.058361695544554455,4.0,1.0,58.0,0.7532467246055603,0.05853271484375,0.400158166885376,0.43887248635292053,0.3981933295726776,,,,,0.0,0.2462158203125,0.27197265625,0.2479248046875,0.23388671875,219,0.5068493150684932,2.6392694063926943,2.4474885844748857,0.1917808219178082,239,0.5481171548117155,2.6820083682008367,2.397489539748954,0.28451882845188287,223,0.5381165919282511,2.6457399103139014,2.376681614349776,0.26905829596412556,201,0.5671641791044776,2.7064676616915424,2.36318407960199,0.34328358208955223,-0.003887874074280262,0.4287456274032593,236.0,-0.022852862253785133,0.4220975935459137,261.0,0.0400208979845047,0.4835926294326782,235.0,0.03966637700796127,0.4312025308609009,227.0
27,442368,4659,4176,431,52,0.8963296844816484,0.94,0.935,0.0031666606664657593,0.08137168735265732,0.30313965678215027,0.21064424514770508,180,168,9,3,0.9333333333333333,1.4444444444444444,2.9444444444444446,1.5,0.3247239589691162,0.014593505300581455,0.0031475708819925785,0.0027078487910330296,0.004471560940146446,0.008544921875,0.8544921875,-0.009890136308968067,0.0031666606664657593,0.023138427175581455,0.0037219236604869367,0.16084770086333872,0.38068480000000005,0.4274149154135033,-0.03565148326036121,0.3617269934926714,0.252537339925766,0.04153727367520332,0.3158974051475525,0.3611604571342468,0.4121316969394684,0.49256521463394165,0.20443407588121723,0.27891909881542537,442368.0001,2.411743245806013,0.016114514622438167,0.20895089285714286,1.7194995999336242,0.00010037376000000001,1.382259406362261,-0.005740631009594799,0.004087852305713438,0.037317048311233524,0.08023594655737237,0.47297273418733055,0.7640493057455335,1.503284159387861,909.0,0.05559151785714286,4.0,3.0,556.0,0.7626886367797852,0.05548095703125,0.17309729754924774,0.2054721713066101,0.1714973896741867,,,,,0.0,0.21826171875,0.2144775390625,0.25335693359375,0.31390380859375,35,0.9714285714285714,2.9714285714285715,1.3714285714285714,1.6,45,0.8888888888888888,2.888888888888889,1.5555555555555556,1.3333333333333333,31,0.9032258064516129,2.935483870967742,1.6129032258064515,1.3225806451612903,69,0.9565217391304348,2.971014492753623,1.4782608695652173,1.4927536231884058,-0.015163510106503963,0.21451504528522491,196.0,-0.03099185787141323,0.20022691786289215,199.0,-0.03926924243569374,0.21163396537303925,225.0,-0.04833836108446121,0.2077692151069641,289.0
26,425984,22996,11687,8087,3222,0.5082188206644633,0.54,0.56,0.005252204369753599,0.18438312411308289,0.1223418116569519,0.41875985264778137,884,483,295,106,0.5463800904977375,0.2647058823529412,2.6504524886877827,2.3857466063348416,0.08090227842330933,0.01808471605181694,0.004635035526007414,0.0004479624913074076,0.010943499393761158,0.01239013671875,1.239013671875,-0.008070068433880806,0.005252204369753599,0.03047485277056694,0.005546352476812899,0.18199170728930256,0.40362240000000005,0.26480205474921903,-0.036828300824626944,0.7811817248961083,0.7012636661529541,0.0398123599588871,0.7277746200561523,0.7818235158920288,0.8330886960029602,0.8739140033721924,0.10681923992143622,0.4492911740078028,425984.0001,2.572662435976186,0.01598829152745272,0.20541588345864661,1.5182968812777584,0.00010332288000000002,1.3846686442095535,-0.0013312078697667808,0.0004969987728500875,0.0,0.027349660223078553,0.7914955640645852,0.6991586142912843,1.1634609555839597,968.0,0.059034304511278196,4.0,2.0,64.0,0.761904776096344,0.05908203125,0.4014633297920227,0.456064373254776,0.39871102571487427,,,,,0.0,0.25,0.2396240234375,0.26239013671875,0.24798583984375,220,0.5409090909090909,2.6545454545454548,2.390909090909091,0.2636363636363636,210,0.49523809523809526,2.619047619047619,2.433333333333333,0.18571428571428572,233,0.592274678111588,2.6738197424892705,2.3390557939914163,0.33476394849785407,221,0.5520361990950227,2.6515837104072397,2.3846153846153846,0.2669683257918552,0.0041434369049966335,0.41244348883628845,243.0,-0.05877766013145447,0.4627627432346344,231.0,0.0017543628346174955,0.46956703066825867,251.0,-0.011505541391670704,0.4358418881893158,243.0
28,458752,4842,4352,437,53,0.8988021478727798,0.94,0.96,0.004453485831618309,0.08144514262676239,0.32587695121765137,0.20093393325805664,183,176,6,1,0.9617486338797814,1.5573770491803278,2.9672131147540983,1.4098360655737705,0.32182884216308594,0.01563110388815403,0.003802830819040537,0.0026173898950219154,0.004096620250493288,0.012847900390625,1.2847900390625,-0.009791259653866291,0.004453485831618309,0.02847900427877903,0.004339951630681753,0.15238591919438474,0.35774720000000004,0.34379417776850324,-0.02472470178662871,0.3411775208436526,0.26328182220458984,0.03552385792136192,0.2986815869808197,0.3381388187408447,0.3912479877471924,0.4242921471595764,0.2087713214280016,0.2774298116212279,458752.0001,2.3818739560934215,0.014716121769966915,0.1819786658653846,1.673970067157195,9.742464e-05,1.3840159934300642,-0.0010263245172988506,0.0003205783702716539,0.0,0.02202668988062017,0.40200751246168065,0.7255070774027934,1.4035197588113637,904.0,0.055269681490384616,4.0,3.0,524.0,0.7267683744430542,0.05517578125,0.1654714047908783,0.19141137599945068,0.164262056350708,,,,,0.0,0.26519775390625,0.20806884765625,0.23175048828125,0.29498291015625,56,0.9285714285714286,2.9464285714285716,1.5892857142857142,1.3571428571428572,40,1.0,3.0,1.2,1.8,44,0.9772727272727273,2.977272727272727,1.3636363636363635,1.6136363636363635,43,0.9534883720930233,2.953488372093023,1.4186046511627908,1.5348837209302326,-0.011936066672205925,0.20687486231327057,242.0,0.009931299835443497,0.17361454665660858,190.0,0.00998255331069231,0.19000299274921417,209.0,-0.010179967619478703,0.18694046139717102,263.0
29,475136,5025,4534,438,53,0.9022885572139303,0.98,0.995,0.00524923438206315,0.08136474341154099,0.3480583429336548,0.18396249413490295,183,182,1,0,0.994535519125683,1.6557377049180328,2.9945355191256833,1.3387978142076502,0.3105546832084656,0.01658935472369194,0.003934250213205814,0.0025218508671969175,0.0038003490772098303,0.01544189453125,1.544189453125,-0.009732665494084358,0.00524923438206315,0.03203124925494194,0.004440026208758354,0.1386111282233278,0.33480960000000004,0.30383959042722547,-0.02252991360822512,0.2933488638811214,0.21755434572696686,0.030187837779521942,0.2576810121536255,0.28977298736572266,0.3363787829875946,0.37300723791122437,0.21357432216856498,0.2759096858595048,475136.0001,2.366138212142452,0.01421731008186696,0.17359711021505375,1.5881605994316839,9.447552e-05,1.384010043195499,-0.0005137683045614315,0.00016040323096051427,0.0,0.016144094958923966,0.35127981631986555,0.7407152389967313,1.3084460208492894,902.0,0.05512852822580645,4.0,0.0,532.0,0.7399165630340576,0.0550537109375,0.15274928510189056,0.18764138221740723,0.15107813477516174,,,,,0.0,0.26904296875,0.236572265625,0.25421142578125,0.24017333984375,55,1.0,3.0,1.3636363636363635,1.6363636363636365,39,1.0,3.0,1.2820512820512822,1.7179487179487178,40,0.975,2.975,1.35,1.625,49,1.0,3.0,1.346938775510204,1.653061224489796,-0.013917745091021061,0.2036064863204956,246.0,0.014912760816514492,0.1873164027929306,215.0,0.01119676697999239,0.16779041290283203,225.0,0.01819556951522827,0.16358549892902374,216.0
27,442368,23881,12182,8356,3343,0.5101126418491688,0.54,0.555,0.006469346582889557,0.18110932409763336,0.1455390751361847,0.413085401058197,885,495,269,121,0.559322033898305,0.3254237288135593,2.689265536723164,2.3638418079096044,0.08211028575897217,0.02044677734375,0.005154706537723541,0.0004580303793773055,0.01019984856247902,0.015869140625,1.5869140625,-0.008061523549258709,0.006469346582889557,0.03631591796875,0.006007336853072047,0.16541428042548223,0.38068480000000005,0.22197708396388408,-0.03659549131779406,0.7624266846735674,0.6814525127410889,0.0362633652985096,0.7112174034118652,0.7618489861488342,0.8111006617546082,0.8556176424026489,0.10825330789202865,0.4480620738027312,442368.0001,2.545454362281283,0.015495412631128403,0.20284598214285715,1.5239634065699756,0.00010037376000000001,1.3839318913624699,-0.0014888825524640812,0.00044116909637102796,0.0,0.025032421888608655,0.76251553996165,0.6920426095786848,1.157882177964189,967.0,0.059181156015037595,4.0,0.0,60.0,0.7317073345184326,0.05902099609375,0.39576292037963867,0.4298710227012634,0.3941121995449066,,,,,0.0,0.27569580078125,0.1962890625,0.26513671875,0.26287841796875,252,0.5634920634920635,2.7063492063492065,2.3531746031746033,0.3531746031746032,171,0.5263157894736842,2.6608187134502925,2.426900584795322,0.23391812865497075,227,0.5506607929515418,2.696035242290749,2.3656387665198237,0.3303964757709251,235,0.5872340425531914,2.6851063829787236,2.3276595744680852,0.3574468085106383,0.048201825469732285,0.4500579833984375,272.0,0.016525963321328163,0.42702579498291016,191.0,0.001099086832255125,0.42494022846221924,250.0,-0.005773593205958605,0.4485885798931122,254.0
30,491520,5206,4705,447,54,0.9037648866692278,0.9,0.945,0.0037370682694017887,0.07947496324777603,0.32858145236968994,0.20352573692798615,181,171,9,1,0.9447513812154696,1.4917127071823204,2.9502762430939224,1.4585635359116023,0.31456393003463745,0.01495361328125,0.00296420743688941,0.002227924531325698,0.003586140926927328,0.010894775390625,1.0894775390625,-0.009793700650334358,0.0037370682694017887,0.025848388671875,0.003429332673549652,0.13266591009484416,0.31187200000000004,0.378875522924464,-0.012870005463370152,0.3664340025955631,0.26869770884513855,0.036355044692754745,0.32935139536857605,0.36294126510620117,0.4133002460002899,0.43865132331848145,0.2174078931744892,0.2745825294580355,491520.0001,2.372810225332937,0.009038079599474346,0.12383442540322581,1.8226770854765368,9.152640000000002e-05,1.3844712741913334,-0.002278272088666023,0.0004293866083343339,0.0,0.023976398819891595,0.44322461514703687,0.7448216186415765,1.4993723390563842,903.0,0.05525453629032258,4.0,3.0,539.0,0.7465373873710632,0.05511474609375,0.1685011237859726,0.1938713937997818,0.1673130989074707,,,,,0.0,0.23028564453125,0.2532958984375,0.2386474609375,0.27777099609375,44,0.9545454545454546,2.9545454545454546,1.4772727272727273,1.4772727272727273,41,0.926829268292683,2.951219512195122,1.5365853658536586,1.4146341463414633,37,1.0,3.0,1.3243243243243243,1.6756756756756757,59,0.9152542372881356,2.9152542372881354,1.4745762711864407,1.4406779661016949,0.007952946238219738,0.18087349832057953,211.0,-0.04192023724317551,0.21518045663833618,227.0,-0.02487117238342762,0.18007057905197144,212.0,-0.04550767317414284,0.20285144448280334,253.0
31,507904,5384,4879,451,54,0.9062035661218425,0.98,0.975,0.003735360922291875,0.07824292778968811,0.3214064836502075,0.19116811454296112,178,174,4,0,0.9775280898876404,1.4887640449438202,2.9775280898876404,1.4887640449438202,0.32936471700668335,0.01563720777630806,0.0026553457137197256,0.002059146063402295,0.003392147598788142,0.0106201171875,1.06201171875,-0.009720458649098873,0.003735360922291875,0.02625732496380806,0.0030914492066949606,0.11773215583842137,0.30000000000000004,0.37018578536508384,-0.04172482250788408,0.3059424121860459,0.21864564716815948,0.03367428481578827,0.2673475444316864,0.3041655421257019,0.3527781367301941,0.4465630352497101,0.22076268641498087,0.2729101839968416,507904.0001,2.342847995136095,0.019134523633687128,0.24457293725296442,1.5014316286494138,8.857728e-05,1.3848975011011357,-0.003221990973205228,0.000659559221477676,0.0,0.03262031305089147,0.372547085223933,0.7280973478739441,1.3210080558132278,904.0,0.0553128087944664,4.0,1.0,528.0,0.7272727489471436,0.05517578125,0.1565520167350769,0.17680318653583527,0.1556226760149002,,,,,0.0,0.25823974609375,0.2694091796875,0.21478271484375,0.257568359375,37,0.9459459459459459,2.945945945945946,1.4054054054054055,1.5405405405405406,49,0.9795918367346939,2.979591836734694,1.6326530612244898,1.346938775510204,47,1.0,3.0,1.4042553191489362,1.5957446808510638,45,0.9777777777777777,2.977777777777778,1.488888888888889,1.488888888888889,-0.041501548141241074,0.17960819602012634,229.0,-0.026645265519618988,0.16937871277332306,244.0,-0.023342695087194443,0.18432869017124176,199.0,-0.010299701243638992,0.19557537138462067,232.0
28,458752,24766,12665,8636,3465,0.5113865783735767,0.44,0.53,0.005869255401194096,0.18050232529640198,0.12783542275428772,0.4156712591648102,885,483,280,122,0.5457627118644067,0.2711864406779661,2.663276836158192,2.392090395480226,0.0686255693435669,0.01849975436925888,0.004463070072233677,0.0004282245063222945,0.009547408670186996,0.01513671875,1.513671875,-0.008039550855755806,0.005869255401194096,0.03363647311925888,0.00526112072635442,0.1564065382587316,0.35774720000000004,0.2390057905732765,-0.040703102270918376,0.7792859006401719,0.6857174038887024,0.03977365419268608,0.7295663952827454,0.7806191444396973,0.8294351100921631,0.8803675174713135,0.10895266913695688,0.446960454576721,458752.0001,2.5200238180476306,0.01654200316622656,0.2163959023178808,1.5403503112445605,9.742464e-05,1.3835749815631386,-0.0009437808544209714,0.00046284589869101286,0.0,0.026294961807087475,0.8116998727747936,0.6609271561467884,1.1948224262685965,958.0,0.05838679635761589,4.0,0.0,53.0,0.7162162065505981,0.0584716796875,0.40115493535995483,0.45934242010116577,0.39825889468193054,,,,,0.0,0.285400390625,0.2265625,0.24395751953125,0.24407958984375,259,0.5366795366795367,2.664092664092664,2.4247104247104247,0.23938223938223938,196,0.5612244897959183,2.688775510204082,2.357142857142857,0.33163265306122447,215,0.5209302325581395,2.646511627906977,2.4139534883720932,0.23255813953488372,215,0.5674418604651162,2.655813953488372,2.3627906976744186,0.2930232558139535,-0.002560222987085581,0.47052520513534546,277.0,0.03540809452533722,0.4564833343029022,215.0,-0.010005401447415352,0.43276283144950867,231.0,-0.00023121731646824628,0.4626924693584442,235.0
32,524288,5566,5055,454,57,0.9081925979159181,0.98,0.965,0.004216417670249939,0.07924655079841614,0.32336121797561646,0.17996416985988617,182,176,3,3,0.967032967032967,1.5494505494505495,2.9835164835164836,1.434065934065934,0.35525965690612793,0.01576538197696209,0.0029699706938117743,0.0020540424156934023,0.0033548579085618258,0.012359619140625,1.2359619140625,-0.009632567875087261,0.004216417670249939,0.02812500111758709,0.0034026827197521925,0.1209799681627868,0.30000000000000004,0.3424791115813492,-0.035405396253653715,0.2658173614604907,0.19399802386760712,0.033021364361047745,0.22020640969276428,0.26382023096084595,0.30347567796707153,0.37750086188316345,0.2239688905256392,0.2710779195761718,524288.0001000001,2.3080437860705634,0.016304917219465344,0.2099609375,1.5687959790229797,8.562816000000001e-05,1.3834594582969493,-0.0055866756147243575,0.0016732384386636571,0.0,0.05134319356610579,0.3671281960454177,0.7435560182414271,1.363763554868373,906.0,0.05538662997159091,4.0,2.0,538.0,0.7430939078330994,0.0552978515625,0.14450351893901825,0.18260957300662994,0.14261652529239655,,,,,0.0,0.24139404296875,0.22503662109375,0.27435302734375,0.25921630859375,43,0.9534883720930233,2.9767441860465116,1.4186046511627908,1.558139534883721,48,0.9375,2.9791666666666665,1.625,1.3541666666666667,42,0.9761904761904762,2.9761904761904763,1.3571428571428572,1.619047619047619,49,1.0,3.0,1.3265306122448979,1.6734693877551021,-0.03639990836381912,0.19285191595554352,220.0,-0.0009973390260711312,0.17814084887504578,204.0,0.010418422520160675,0.17362594604492188,243.0,-0.018543312326073647,0.17504824697971344,239.0
29,475136,25650,13168,8892,3590,0.5133723196881091,0.4,0.535,0.006832840386778116,0.17937105894088745,0.1421874761581421,0.41398799419403076,884,503,256,125,0.5690045248868778,0.3404977375565611,2.6923076923076925,2.3518099547511313,0.07712489366531372,0.02196044847369194,0.004472625441849232,0.00037120480556041,0.008858967572450638,0.01654052734375,1.654052734375,-0.008041991852223873,0.006832840386778116,0.03850097581744194,0.005211039232090115,0.13534472248381188,0.33480960000000004,0.20887218594586351,-0.033757286309673076,0.7730456177602735,0.67156982421875,0.04533961042761803,0.7132142186164856,0.7713111639022827,0.8291900753974915,0.8735439777374268,0.11009869696503241,0.4459053036680484,475136.0001,2.494636347419337,0.014743694368741688,0.19006990131578946,1.6451050032649124,9.447552e-05,1.3835282430314182,-0.0004058837643876834,0.000203345243394294,0.0,0.01750540599418256,0.7945302698695869,0.7345655848059738,1.2358829554235726,966.0,0.05898780153508772,4.0,0.0,65.0,0.7831325531005859,0.0589599609375,0.39770328998565674,0.45014649629592896,0.39506199955940247,,,,,0.0,0.27655029296875,0.24462890625,0.21478271484375,0.2640380859375,244,0.5983606557377049,2.6885245901639343,2.30327868852459,0.38524590163934425,231,0.5367965367965368,2.6796536796536796,2.393939393939394,0.2857142857142857,175,0.5942857142857143,2.76,2.3085714285714287,0.4514285714285714,234,0.5512820512820513,2.658119658119658,2.393162393162393,0.26495726495726496,0.04125049710273743,0.4477035701274872,270.0,0.032904382795095444,0.4349414110183716,243.0,0.04759861156344414,0.45071375370025635,199.0,0.008381105959415436,0.4586995542049408,254.0
33,540672,5748,5230,460,58,0.9098816979819068,0.98,0.965,0.003814569441601634,0.0793144479393959,0.31521329283714294,0.18918369710445404,182,175,6,1,0.9615384615384616,1.4725274725274726,2.967032967032967,1.4945054945054945,0.3257609009742737,0.01553955115377903,0.0026477051433175802,0.0019870407413691282,0.003323181066662073,0.011077880859375,1.1077880859375,-0.00969238206744194,0.003814569441601634,0.02661743201315403,0.0030725228879600764,0.11542839512266266,0.30000000000000004,0.3641229529467497,-0.04131218851216545,0.3088747995789163,0.23328350484371185,0.032603669911623,0.265362024307251,0.30841195583343506,0.3504960238933563,0.395516574382782,0.2267338724133552,0.26941729223664845,540672.0001000001,2.309109736699611,0.017139436395609664,0.23741912841796875,1.5709152347408235,8.267904e-05,1.38372465595603,-0.0021361502279679256,0.0008707925264428429,0.0,0.0369791168826297,0.3936473033390939,0.7633152254857123,1.3886036849580705,906.0,0.0552978515625,4.0,2.0,554.0,0.7651933431625366,0.0552978515625,0.15534263849258423,0.18009549379348755,0.15418262779712677,,,,,0.0,0.22589111328125,0.27020263671875,0.2794189453125,0.2244873046875,38,0.9736842105263158,3.0,1.631578947368421,1.368421052631579,51,0.9215686274509803,2.9215686274509802,1.607843137254902,1.3137254901960784,52,0.9807692307692307,2.980769230769231,1.3846153846153846,1.5961538461538463,41,0.975609756097561,2.975609756097561,1.3658536585365855,1.6097560975609757,-0.02269972860813141,0.16903504729270935,202.0,-0.025570446625351906,0.1613575667142868,247.0,-0.015369683504104614,0.20162492990493774,253.0,-0.0163344144821167,0.19592387974262238,204.0
34,557056,5933,5407,467,59,0.9113433338951626,0.98,0.955,0.004820595029741526,0.07962928712368011,0.3309975862503052,0.1913335770368576,185,177,7,1,0.9567567567567568,1.6,2.962162162162162,1.3621621621621622,0.36425960063934326,0.01564941368997097,0.0033270264975726604,0.002037087921053171,0.00327639770694077,0.01470947265625,1.470947265625,-0.00946655124425888,0.004820595029741526,0.03035888634622097,0.0037521053478121757,0.1235875953231036,0.30000000000000004,0.3118111555591256,-0.02927792980153754,0.3067092739511281,0.23951686918735504,0.03528224304318428,0.2641080915927887,0.3008545935153961,0.3542746603488922,0.42595043778419495,0.2298004522315385,0.26802584825419373,557056.0001000001,2.2742271069437265,0.01444827073100896,0.1795196533203125,1.6536139100790024,7.972992e-05,1.3851289106532931,-0.0007154435210109666,0.0002430712399275059,0.0,0.018197009084171822,0.40532850683666766,0.7619569888338447,1.3978328183293343,909.0,0.05548095703125,4.0,2.0,551.0,0.761049747467041,0.05548095703125,0.1525566428899765,0.18628403544425964,0.15088851749897003,,,,,0.0,0.2486572265625,0.2322998046875,0.270751953125,0.248291015625,39,0.9743589743589743,2.9743589743589745,1.3076923076923077,1.6666666666666667,41,0.975609756097561,2.975609756097561,1.4390243902439024,1.5365853658536586,49,0.9591836734693877,2.9591836734693877,1.3061224489795917,1.653061224489796,56,0.9285714285714286,2.9464285714285716,1.3928571428571428,1.5535714285714286,0.004468382336199284,0.19857563078403473,223.0,0.007616299204528332,0.18089936673641205,211.0,5.1221395551692694e-05,0.17685699462890625,244.0,0.0044725327752530575,0.18187059462070465,231.0
30,491520,26534,13625,9196,3713,0.5134921233134846,0.42,0.505,0.003978480584919453,0.17657101154327393,0.10308511555194855,0.41524145007133484,884,457,304,123,0.5169683257918553,0.21040723981900453,2.6312217194570136,2.420814479638009,0.08873879909515381,0.014318847097456455,0.003314489033073187,0.0003399052657186985,0.00820987205952406,0.0113525390625,1.13525390625,-0.008118895813822746,0.003978480584919453,0.025671386159956455,0.003998471219092608,0.15574988605186163,0.31187200000000004,0.3162501437628935,-0.04294970873743296,0.7703091627842671,0.6607541441917419,0.03893943130970001,0.7233627438545227,0.7720364332199097,0.816076397895813,0.9100075364112854,0.10986491091797718,0.44491900647898186,491520.0001,2.4631652793368777,0.01729129701034745,0.22931798986486487,1.5425293706558847,9.152640000000002e-05,1.3842918634414674,-0.0007229038414533076,0.00030823715238416545,0.0,0.021517222268531446,0.7934129320286416,0.6722265175065478,1.20158772871301,973.0,0.05942778716216216,4.0,0.0,61.0,0.6931818127632141,0.05938720703125,0.39638951420783997,0.4477607011795044,0.39394184947013855,,,,,0.0,0.2650146484375,0.24261474609375,0.25421142578125,0.2381591796875,238,0.5168067226890757,2.642857142857143,2.411764705882353,0.23109243697478993,219,0.5114155251141552,2.625570776255708,2.4246575342465753,0.2009132420091324,216,0.5324074074074074,2.625,2.4074074074074074,0.2175925925925926,211,0.5071090047393365,2.6303317535545023,2.440758293838863,0.1895734597156398,-0.05402706563472748,0.4476833641529083,263.0,-0.016346940770745277,0.4624939560890198,238.0,-0.0332365445792675,0.437770277261734,243.0,-0.0220643300563097,0.4218738079071045,229.0
35,573440,6111,5573,478,60,0.9119620356733759,0.92,0.94,0.003201413433998823,0.07914993166923523,0.30972540378570557,0.22192329168319702,178,166,11,1,0.9325842696629213,1.4606741573033708,2.9269662921348316,1.4662921348314606,0.34314799308776855,0.014349364675581455,0.0025708009488880634,0.0018490210641175508,0.003214026801288128,0.00946044921875,0.946044921875,-0.009782714769244194,0.003201413433998823,0.023809813894331455,0.0029758447781205177,0.12497870888944981,0.30000000000000004,0.4108517588965376,-0.04081893028160266,0.42352526169270277,0.3081773519515991,0.06660666316747665,0.3441011607646942,0.4123314619064331,0.5217152237892151,0.6575179100036621,0.23208402227554506,0.26715124191741774,573440.0001000001,2.315530749037862,0.015947950900681462,0.2272491455078125,1.866591902449727,7.678080000000001e-05,1.3832230996340513,-0.007079604312905784,0.0028782668348649176,0.00976229503430659,0.06534938461535772,0.5348105448647402,0.7606866052374244,1.656813693465665,899.0,0.05487060546875,4.0,2.0,548.0,0.7600554823875427,0.05487060546875,0.17986084520816803,0.21971561014652252,0.17792288959026337,,,,,0.0,0.24615478515625,0.2364501953125,0.26483154296875,0.2525634765625,47,0.9361702127659575,2.9361702127659575,1.5106382978723405,1.425531914893617,42,0.9285714285714286,2.9285714285714284,1.380952380952381,1.5476190476190477,51,0.9607843137254902,2.9607843137254903,1.4313725490196079,1.5294117647058822,38,0.8947368421052632,2.8684210526315788,1.5526315789473684,1.3157894736842106,-0.009530010633170605,0.19532518088817596,221.0,-0.02285856194794178,0.1949262171983719,213.0,-0.02059479057788849,0.20677316188812256,242.0,-0.06980225443840027,0.2630213797092438,223.0
31,507904,27415,14122,9458,3835,0.5151194601495531,0.54,0.58,0.005778019316494465,0.17638003826141357,0.13308125734329224,0.4050636887550354,881,497,262,122,0.5641316685584563,0.3166855845629966,2.6901248581157775,2.3734392735527807,0.08677411079406738,0.02109985239803791,0.0034631905145943165,0.0003067160723730922,0.007726450450718403,0.0133056640625,1.33056640625,-0.008043212816119194,0.005778019316494465,0.03440551646053791,0.004105843836441636,0.11933331992940285,0.30000000000000004,0.23377004252506203,-0.041203482525556216,0.7425917667292413,0.6331290006637573,0.04452219232916832,0.6859230399131775,0.7438042163848877,0.794079601764679,0.8521268367767334,0.11061382531864634,0.4437081966853076,507904.0001,2.45119314960071,0.017186698749096,0.21968005952380953,1.616945963885103,8.857728e-05,1.3843027644214176,-0.0030280666511760587,0.0012404207305294452,0.006750678122487096,0.04324485000667939,0.7854549746428218,0.6550453562466871,1.2827810496091843,971.0,0.059384300595238096,4.0,1.0,63.0,0.699999988079071,0.05926513671875,0.38709041476249695,0.43925440311431885,0.38453006744384766,,,,,0.0,0.24481201171875,0.26025390625,0.25640869140625,0.238525390625,217,0.5529953917050692,2.6820276497695854,2.3824884792626726,0.2995391705069124,232,0.5301724137931034,2.6810344827586206,2.4267241379310347,0.2543103448275862,227,0.6167400881057269,2.7180616740088106,2.303964757709251,0.41409691629955947,205,0.5560975609756098,2.678048780487805,2.3804878048780487,0.2975609756097561,-0.034506309777498245,0.46220967173576355,237.0,-0.01325964368879795,0.432259202003479,255.0,0.0359860435128212,0.41785570979118347,254.0,0.022353151813149452,0.44642722606658936,225.0
36,589824,6292,5745,484,63,0.913064208518754,0.98,0.935,0.0036733525339514017,0.07934033870697021,0.31192171573638916,0.20225174725055695,181,172,6,3,0.9502762430939227,1.4751381215469612,2.9613259668508287,1.4861878453038675,0.3433735966682434,0.015179443173110485,0.0027557373978197575,0.001987389987334609,0.0033143004402518272,0.01055908203125,1.055908203125,-0.009648436680436134,0.0036733525339514017,0.025738525204360485,0.0031798726320266726,0.12354045409850746,0.30000000000000004,0.37484905427865506,-0.04049378424315364,0.35536071087699383,0.2610931992530823,0.03775174915790558,0.30779141187667847,0.3540154993534088,0.40342116355895996,0.47475188970565796,0.23430173598241474,0.26588663426455467,589824.0001000001,2.264023179654032,0.017272924819280888,0.23604583740234375,1.7204501060768962,7.383168e-05,1.3842516979202628,-0.003866551217749944,0.0030257995950597333,0.040686407817702275,0.0698518231090669,0.44399262918159366,0.717027744743973,1.5042353097815067,911.0,0.05560302734375,4.0,0.0,523.0,0.716438353061676,0.05560302734375,0.16388961672782898,0.19457502663135529,0.16247552633285522,,,,,0.0,0.2818603515625,0.2493896484375,0.260498046875,0.208251953125,38,0.9736842105263158,2.9473684210526314,1.3421052631578947,1.605263157894737,60,0.95,2.95,1.5,1.45,49,0.9183673469387755,2.9591836734693877,1.5714285714285714,1.3877551020408163,34,0.9705882352941176,3.0,1.5,1.5,-0.03546162322163582,0.19085876643657684,250.0,-0.011793676763772964,0.21491649746894836,233.0,-0.021781079471111298,0.18762052059173584,239.0,-0.006096075288951397,0.17508815228939056,189.0
37,606208,6477,5920,492,65,0.9140033966342442,0.98,0.95,0.005015459842979908,0.07951074093580246,0.327737033367157,0.20167803764343262,185,175,8,2,0.9459459459459459,1.5891891891891892,2.9567567567567568,1.3675675675675676,0.3880968689918518,0.015350341796875,0.003493652446195483,0.0020403217058628798,0.0032142335548996925,0.0157470703125,1.57470703125,-0.009437255561351776,0.005015459842979908,0.031097412109375,0.003914016867056489,0.1258590584397253,0.30000000000000004,0.3034642260241576,-0.04002724894598941,0.3255268009379506,0.24692903459072113,0.0346233993768692,0.28104034066200256,0.32511016726493835,0.37095242738723755,0.43888750672340393,0.2368270142896939,0.2647902544519672,606208.0001000001,2.210981150623411,0.017966219146273943,0.23484039306640625,1.6756501630879939,7.088256000000002e-05,1.3853303147479892,-0.00239761545751499,0.0008947713062941731,0.0,0.0381020996389593,0.42713198249111883,0.7525645554997027,1.4577295682393014,904.0,0.05517578125,4.0,1.0,541.0,0.7524339556694031,0.05517578125,0.1577611118555069,0.1888258457183838,0.15629886090755463,,,,,0.0,0.2344970703125,0.2677001953125,0.2359619140625,0.2618408203125,45,0.9333333333333333,2.933333333333333,1.288888888888889,1.6444444444444444,49,0.9387755102040817,2.938775510204082,1.3061224489795917,1.6326530612244898,41,0.9512195121951219,2.975609756097561,1.4390243902439024,1.5365853658536586,50,0.96,2.98,1.44,1.54,0.01880497857928276,0.18555079400539398,212.0,0.005053350701928139,0.19865542650222778,242.0,-0.001657108892686665,0.18827775120735168,209.0,0.011414754204452038,0.176626518368721,241.0
32,524288,28296,14594,9743,3959,0.5157619451512582,0.44,0.505,0.004652467556297779,0.17621365189552307,0.11514638364315033,0.4141238331794739,881,472,285,124,0.5357548240635641,0.27128263337116915,2.6628830874006812,2.3916004540295117,0.07307201623916626,0.01704101450741291,0.003429565578699112,0.0002906579175032675,0.007619568146765232,0.01214599609375,1.214599609375,-0.008137206546962261,0.004652467556297779,0.02918701060116291,0.004062383663840592,0.13917987489283487,0.30000000000000004,0.2787859254319326,-0.04356660701250289,0.7837711929601464,0.6681321859359741,0.04003380239009857,0.7359804511070251,0.7807876467704773,0.8404660820960999,0.8848881125450134,0.11075546776626008,0.44281430635228963,524288.0001000001,2.432302745722108,0.01713445898747903,0.2288135593220339,1.5826331222124692,8.562816000000001e-05,1.38379793315284,-0.0012593763307773111,0.00023176015839636025,0.0,0.018191431108090822,0.7747231699989341,0.7242937882741293,1.230632097539255,968.0,0.0591013418079096,4.0,2.0,67.0,0.7701149582862854,0.05908203125,0.3987064063549042,0.42561429738998413,0.39741119742393494,,,,,0.0,0.2376708984375,0.22705078125,0.29180908203125,0.24346923828125,225,0.47555555555555556,2.6444444444444444,2.4133333333333336,0.2311111111111111,195,0.5435897435897435,2.6564102564102563,2.41025641025641,0.24615384615384617,255,0.5647058823529412,2.6745098039215685,2.3607843137254902,0.3137254901960784,206,0.558252427184466,2.674757281553398,2.3883495145631066,0.28640776699029125,-0.06124050170183182,0.4551835358142853,239.0,-0.02017194591462612,0.41405126452445984,217.0,-0.005657026078552008,0.44871702790260315,281.0,0.012921718880534172,0.4222828447818756,231.0
38,622592,6660,6098,496,66,0.9156156156156157,0.94,0.975,0.004489743150770664,0.07938772439956665,0.3352857232093811,0.18719172477722168,183,178,4,1,0.9726775956284153,1.5737704918032787,2.978142076502732,1.4043715846994536,0.3514929413795471,0.015960693359375,0.0030139160808175802,0.0019218239467591047,0.00323602301068604,0.0133056640625,1.33056640625,-0.00963134691119194,0.004489743150770664,0.029266357421875,0.003426543837413192,0.11707732228848668,0.30000000000000004,0.32908153518476807,-0.03926094160660317,0.3051132365669075,0.23081937432289124,0.03451915085315704,0.26512622833251953,0.3029066324234009,0.35287395119667053,0.39942818880081177,0.23941803294505898,0.2635133706030303,622592.0001000001,2.2266098914439216,0.017290780817060487,0.2285498903508772,1.660863730468248,6.793343999999999e-05,1.3842552994426929,-0.005170750225473501,0.0017942370647251284,0.0,0.05220087533267117,0.38279064581321,0.76743473034156,1.4243244136634625,909.0,0.05556126644736842,4.0,0.0,558.0,0.7685950398445129,0.05548095703125,0.15074537694454193,0.17494888603687286,0.14956164360046387,,,,,0.0,0.28106689453125,0.2281494140625,0.23004150390625,0.2607421875,41,0.9512195121951219,2.951219512195122,1.5853658536585367,1.3658536585365855,61,1.0,3.0,1.2459016393442623,1.7540983606557377,36,1.0,3.0,1.3333333333333333,1.6666666666666667,45,0.9333333333333333,2.9555555555555557,1.511111111111111,1.4444444444444444,-0.034732721745967865,0.1882152110338211,248.0,0.004812960512936115,0.16403186321258545,216.0,-0.0019433250417932868,0.16668415069580078,207.0,-0.011174900457262993,0.17858876287937164,238.0
