exp2_n_ppo_actor_updates,exp2_n_teacher_updates,exp2_teacher_to_ppo_ratio,exp2_teacher_loss,exp2_teacher_kl,exp2_teacher_kl_z0,exp2_teacher_kl_z1,exp2_teacher_agreement_z0,exp2_teacher_agreement_z1,exp2_teacher_rows_z0,exp2_teacher_rows_z1,exp2_teacher_active_heads,exp2_teacher_active_heads_z0,exp2_teacher_active_heads_z1,exp2_cell_count_z0_A,exp2_cell_count_z0_B,exp2_cell_count_z1_A,exp2_cell_count_z1_B,exp2_cell_steps_z0_A,exp2_cell_steps_z0_B,exp2_cell_steps_z1_A,exp2_cell_steps_z1_B,exp2b_gradient_cosine_last,exp2b_gradient_cosine_mean,exp2b_gradient_cosine_p10,exp2b_gradient_cosine_p50,exp2b_gradient_cosine_p90,exp2b_gradient_cosine_count,exp2c_private_heads_active,exp2c_private_head_count,exp2c_head0_max_abs_delta,exp2c_head1_max_abs_delta,exp2c_head0_teacher_grad_norm,exp2c_head1_teacher_grad_norm,sappo_n_ppo_actor_updates,sappo_n_anchor_updates,sappo_anchor_to_ppo_ratio,sappo_anchor_loss,sppo_n_ppo_actor_updates,sppo_n_rank_updates,sppo_rank_to_ppo_ratio,sppo_rank_loss,sppo_rank_activation_rate,sppo_delta_A,sppo_delta_B,sppo_lambda_rank,sppo_margin,update,run_id,run_pid,timesteps,episodes_completed,wins,losses,draws,win_rate,rolling_win_rate_50ep,rolling_win_rate_200ep,rollout_reward_mean,rollout_reward_std,rollout_return_mean,rollout_return_std,rollout_episodes,rollout_wins,rollout_losses,rollout_draws,rollout_win_rate,rollout_win_margin_mean,rollout_blue_score_mean,rollout_red_score_mean,explained_variance,reward_terminal_mean,reward_offense_mean,reward_pbrs_mean,reward_team_mean,reward_sparse_mean,reward_sparse_points_mean,reward_failure_mean,reward_behavior_contrast_mean,reward_outcome_diversity_mean,reward_csia_mean,reward_contract_specialist_mean,reward_total_mean,reward_outcome_mean,reward_shaping_mean,reward_shaping_to_outcome_abs_ratio,reward_shaping_coef,reward_failure_to_outcome_abs,policy_loss,value_loss,value_loss_min,value_loss_std,value_loss_p10,value_loss_p50,value_loss_p90,value_loss_max,return_norm_mean,return_norm_std,return_norm_count,entropy,approx_kl,clip_fraction,grad_norm,learning_rate,latent_lam_h,strategy_entropy,strategy_entropy_frac,strategy_policy_loss,strategy_approx_kl,strategy_clip_fraction,strategy_ratio_std,strategy_aux_return_loss,strategy_persist_loss,strategy_grad_norm,strategy_resample_count,strategy_resample_fraction,latent_episode_pg_loss,latent_episode_v_loss,latent_episode_entropy,latent_episode_adv_mean,latent_episode_adv_std,latent_episode_return_mean,latent_episode_return_std,latent_episode_ratio_mean,latent_episode_ratio_max,latent_episode_ratio_min,latent_episode_ratio_std,latent_episode_approx_kl,latent_episode_clip_fraction,latent_episode_count,latent_episode_loss,strategy_bucket_best_match_frac,strategy_experience_records,strategy_experience_buckets,strategy_unique_count,strategy_dominant,strategy_switch_count,strategy_switch_fraction,strategy_wr_spread,strategy_resample_fraction_rollout,rollout_adv_std,rollout_adv_std_at_z_switch,rollout_adv_std_not_z_switch,curriculum_phase,curriculum_phase_idx,curriculum_phase_episodes,curriculum_phase_win_rate,csia_interaction_strength,centered_advantage_matrix,oracle_best_z_per_opponent,router_oracle_gap,routing_gain,regret_weighted_routing_score,gate_A_pass,gate_B_pass,gate_C_pass,csia_bonus_active,csia_payoff_cells,csia_total_count,csia_behavior_spread_max,csia_bonus_mean,csia_last_refresh_update,csia_reward_coef
,,,,,,,,,,,,,,,,,,,,,,,,,,,,,,,,,,,,,,,,,,,,,,,1,4640-1790503479789325400,4640,2048,0,0,0,0,0.0,0.0,0.0,0.002391471527516842,0.03493146225810051,0.27739816904067993,2.1175906658172607,0,0,0,0,0.0,0.0,0.0,0.0,0.752763032913208,0.0,0.0035156249068677425,0.0022805347107350826,0.0209797453135252,0.00341796875,0.341796875,-0.002960937563329935,0.0,0.0,0.0,0.0,0.002391471527516842,0.00341796875,0.009330694912932813,2.7290962846422078,1.0,0.8660323564905164,-0.0016925949603319168,1.1031251192092895,1.0478127002716064,0.03785720840096474,1.058772325515747,1.114255666732788,1.14264976978302,1.1565576791763306,0.0,0.0,0.0,0.679546058177948,0.02072412511333823,0.071875,1.9233429908752442,0.00049488,0.005,0.0,0.0,0.0,0.0,0.0,0.0,0.0,0.0,0.0,,0.0,0.0,0.0,0.0,0.0,0.0,0.0,0.0,0.0,0.0,0.0,0.0,0.0,0.0,0.0,0.0,0.0,0.0,0.0,,,,,0.0,,1.05292809009552,,,,,,,0.0,{},{},0.0,0.0,0.0,0.0,0.0,0.0,0.0,0,0,0.0,0.0,,0.0
,,,,,,,,,,,,,,,,,,,,,,,,,,,,,,,,,,,,,,,,,,,,,,,2,4640-1790503479789325400,4640,4096,16,6,1,9,0.375,0.375,0.375,0.002847537398338318,0.02308889664709568,0.12308984994888306,4.046596050262451,16,6,1,9,0.375,0.5,0.875,0.375,0.9898808002471924,0.000244140625,0.001953125,0.00020112626953050494,0.04033356532454491,0.00146484375,0.146484375,-0.002171874977648258,0.0,0.0,0.0,0.0,0.002847537398338318,0.001708984375,0.012086797898518853,7.0683674513218016,1.0,1.2701139316832988,-0.006578835705295205,0.14880092293024064,0.09003956615924835,0.03127741441130638,0.10407823324203491,0.14985069632530212,0.18197019398212433,0.19433507323265076,0.0,0.0,0.0,0.9811392784118652,0.0192059354390949,0.06796875,1.0200704276561736,0.00048976,0.005,0.0,0.0,0.0,0.0,0.0,0.0,0.0,0.0,0.0,,0.0,0.0,0.0,0.0,0.0,0.0,0.0,0.0,0.0,0.0,0.0,0.0,0.0,0.0,0.0,0.0,0.0,0.0,0.0,,,,,0.0,,0.40706467628479004,,,,,,,0.0,{},{},0.0,0.0,0.0,0.0,0.0,0.0,0.0,0,0,0.0,0.0,,0.0
,,,,,,,,,,,,,,,,,,,,,,,,,,,,,,,,,,,,,,,,,,,,,,,3,4640-1790503479789325400,4640,6144,17,7,1,9,0.4117647058823529,0.4117647058823529,0.4117647058823529,0.002318713115528226,0.02507704496383667,0.6918994188308716,2.8575358390808105,1,1,0,0,1.0,2.0,2.0,0.0,0.8688834309577942,0.00048828125,0.002978515811264515,-0.00020986338495276868,0.02425296977162361,0.0030761719681322575,0.3076171875,-0.0030468751210719347,0.0,0.0,0.0,0.0,0.002318713115528226,0.0035644532181322575,0.008989292407932226,2.5212201248965527,1.0,0.8545547885965596,-0.0040574813261628154,1.0486913681030274,0.8429666757583618,0.11644229292869568,0.955101728439331,1.0404560565948486,1.2220876216888428,1.2703564167022705,0.0,0.0,0.0,0.9376415252685547,0.011889890674501658,0.0568359375,2.78029807806015,0.00048464000000000005,0.005,0.0,0.0,0.0,0.0,0.0,0.0,0.0,0.0,0.0,,0.0,0.0,0.0,0.0,0.0,0.0,0.0,0.0,0.0,0.0,0.0,0.0,0.0,0.0,0.0,0.0,0.0,0.0,0.0,,,,,0.0,,1.0347143411636353,,,,,,,0.0,{},{},0.0,0.0,0.0,0.0,0.0,0.0,0.0,0,0,0.0,0.0,,0.0
,,,,,,,,,,,,,,,,,,,,,,,,,,,,,,,,,,,,,,,,,,,,,,,4,4640-1790503479789325400,4640,8192,33,14,1,18,0.42424242424242425,0.42424242424242425,0.42424242424242425,0.0024519143626093864,0.025956301018595695,0.15441197156906128,4.156822681427002,16,7,0,9,0.4375,0.5625,0.6875,0.125,0.9876452684402466,0.001220703125,0.002197265625,-0.000321290543070063,0.032773666083812714,0.0011230468517169356,0.1123046875,-0.0025976563338190317,0.0,0.0,0.0,0.0,0.0024519143626093864,0.0023437499767169356,0.010310359510185663,4.397210624828318,1.0,1.1078606928727683,-0.0122270641149953,0.2082619071006775,0.14898085594177246,0.03743697330355644,0.16192622482776642,0.21549230813980103,0.24846519529819489,0.2794545590877533,0.0,0.0,0.0,1.055859034260114,0.012674431816170303,0.039225260416666664,1.2348722865184147,0.00047952,0.005,0.0,0.0,0.0,0.0,0.0,0.0,0.0,0.0,0.0,,0.0,0.0,0.0,0.0,0.0,0.0,0.0,0.0,0.0,0.0,0.0,0.0,0.0,0.0,0.0,0.0,0.0,0.0,0.0,,,,,0.0,,0.4620380401611328,,,,,,,0.0,{},{},0.0,0.0,0.0,0.0,0.0,0.0,0.0,0,0,0.0,0.0,,0.0
,,,,,,,,,,,,,,,,,,,,,,,,,,,,,,,,,,,,,,,,,,,,,,,5,4640-1790503479789325400,4640,10240,33,14,1,18,0.42424242424242425,0.42424242424242425,0.42424242424242425,0.0028814140241593122,0.03200004622340202,1.3013436794281006,2.8911328315734863,0,0,0,0,0.0,0.0,0.0,0.0,0.8998918533325195,0.0,0.0032714842818677425,0.0003953030682168901,0.02574942260980606,0.0048828125,0.48828125,-0.002843750175088644,0.0,0.0,0.0,0.0,0.0028814140241593122,0.0048828125,0.00980766570137348,2.008198656556426,1.0,0.5822807847534368,-0.0040241957642138,0.9513529598712921,0.7992542386054993,0.08515147864818573,0.8658390641212463,0.9473787546157837,1.0075496435165405,1.1491403579711914,0.0,0.0,0.0,1.0373250603675843,0.008432319850544445,0.0427734375,4.557558822631836,0.0004744,0.005,0.0,0.0,0.0,0.0,0.0,0.0,0.0,0.0,0.0,,0.0,0.0,0.0,0.0,0.0,0.0,0.0,0.0,0.0,0.0,0.0,0.0,0.0,0.0,0.0,0.0,0.0,0.0,0.0,,,,,0.0,,0.9147507548332214,,,,,,,0.0,{},{},0.0,0.0,0.0,0.0,0.0,0.0,0.0,0,0,0.0,0.0,,0.0
,,,,,,,,,,,,,,,,,,,,,,,,,,,,,,,,,,,,,,,,,,,,,,,6,4640-1790503479789325400,4640,12288,49,24,2,23,0.4897959183673469,0.4897959183673469,0.4897959183673469,0.002843861933797598,0.025195809081196785,2.1110289096832275,4.307079315185547,16,10,1,5,0.625,0.75,0.9375,0.1875,0.9783408641815186,0.003173828125,0.00244140625,8.198299474315718e-05,0.027121998369693756,0.001953125,0.1953125,-0.0027714844327419996,0.0,0.0,0.0,0.0,0.002843861933797598,0.005126953125,0.009242401591109228,1.8023568792098168,1.0,0.5404660232228623,-0.009107306998755251,0.41115202222551617,0.33988577127456665,0.046556614339351654,0.348040372133255,0.4172327220439911,0.46355369687080383,0.4996876120567322,0.0,0.0,0.0,1.1431602069309779,0.012256372088034238,0.07114955357142858,2.9566000444548473,0.00046928,0.005,0.0,0.0,0.0,0.0,0.0,0.0,0.0,0.0,0.0,,0.0,0.0,0.0,0.0,0.0,0.0,0.0,0.0,0.0,0.0,0.0,0.0,0.0,0.0,0.0,0.0,0.0,0.0,0.0,,,,,0.0,,0.6338745951652527,,,,,,,0.0,{},{},0.0,0.0,0.0,0.0,0.0,0.0,0.0,0,0,0.0,0.0,,0.0
,,,,,,,,,,,,,,,,,,,,,,,,,,,,,,,,,,,,,,,,,,,,,,,7,4640-1790503479789325400,4640,14336,51,26,2,23,0.5098039215686274,0.5,0.5098039215686274,0.0030656971503049135,0.03567110747098923,0.6268497705459595,3.239239454269409,2,2,0,0,1.0,2.5,3.0,0.5,0.875149667263031,0.0009765625,0.0035644532181322575,0.00015608436660841107,0.02450140379369259,0.0050292969681322575,0.5029296875,-0.00291210925206542,0.0,0.0,0.0,0.0,0.0030656971503049135,0.0060058594681322575,0.009728825258207507,1.619619255256614,1.0,0.4847973000724947,-0.0153682556313773,1.2888688047726948,1.1509426832199097,0.11548401415348053,1.1842350959777832,1.273691177368164,1.4685763120651245,1.5201151371002197,0.0,0.0,0.0,1.1328694770733516,0.008711090127083784,0.0478515625,2.9746667941411338,0.00046416000000000003,0.005,0.0,0.0,0.0,0.0,0.0,0.0,0.0,0.0,0.0,,0.0,0.0,0.0,0.0,0.0,0.0,0.0,0.0,0.0,0.0,0.0,0.0,0.0,0.0,0.0,0.0,0.0,0.0,0.0,,,,,0.0,,1.144558310508728,,,,,,,0.0,{},{},0.0,0.0,0.0,0.0,0.0,0.0,0.0,0,0,0.0,0.0,,0.0
,,,,,,,,,,,,,,,,,,,,,,,,,,,,,,,,,,,,,,,,,,,,,,,8,4640-1790503479789325400,4640,16384,65,32,3,30,0.49230769230769234,0.54,0.49230769230769234,0.001640221569687128,0.026418808847665787,0.5676102638244629,4.178396701812744,14,6,1,7,0.42857142857142855,0.6428571428571429,0.7857142857142857,0.14285714285714285,0.9464101791381836,0.000732421875,0.001953125,-4.004227230325341e-05,0.02568214386701584,0.0004394531424622983,0.0439453125,-0.002749999985098839,0.0,0.0,0.0,0.0,0.001640221569687128,0.0011718750174622983,0.008363650398678146,7.130896535569693,1.0,2.3446658374981006,-0.010757657652720808,0.9458147943019867,0.7806310057640076,0.09275148808956146,0.8228373527526855,0.9501900672912598,1.0621148347854614,1.1054314374923706,0.0,0.0,0.0,1.1888340950012206,0.010418472858145834,0.0328125,2.488362205028534,0.00045904,0.005,0.0,0.0,0.0,0.0,0.0,0.0,0.0,0.0,0.0,,0.0,0.0,0.0,0.0,0.0,0.0,0.0,0.0,0.0,0.0,0.0,0.0,0.0,0.0,0.0,0.0,0.0,0.0,0.0,,,,,0.0,,0.9672766327857971,,,,,,,0.0,{},{},0.0,0.0,0.0,0.0,0.0,0.0,0.0,0,0,0.0,0.0,,0.0
,,,,,,,,,,,,,,,,,,,,,,,,,,,,,,,,,,,,,,,,,,,,,,,9,4640-1790503479789325400,4640,18432,67,33,3,31,0.4925373134328358,0.52,0.4925373134328358,0.001324839424341917,0.02138781175017357,-0.3951707184314728,3.3829257488250732,2,1,0,1,0.5,0.5,0.5,0.0,0.9118131399154663,0.000244140625,0.001416015555150807,-0.0012781393015757203,0.025212451815605164,0.0006347656017169356,0.0634765625,-0.0029101562686264515,0.0,0.0,0.0,0.0,0.001324839424341917,0.0008789062267169356,0.007399593683658168,8.40952530960848,1.0,3.3073481926417188,-0.01678741244333131,1.0071954045976912,0.7860473394393921,0.1378221958875656,0.8556260466575623,0.9905935525894165,1.2151962518692017,1.2633548974990845,0.0,0.0,0.0,1.3726321629115514,0.01526673321911533,0.07603236607142858,2.9484309468950545,0.00045392,0.005,0.0,0.0,0.0,0.0,0.0,0.0,0.0,0.0,0.0,,0.0,0.0,0.0,0.0,0.0,0.0,0.0,0.0,0.0,0.0,0.0,0.0,0.0,0.0,0.0,0.0,0.0,0.0,0.0,,,,,0.0,,1.0046027898788452,,,,,,,0.0,{},{},0.0,0.0,0.0,0.0,0.0,0.0,0.0,0,0,0.0,0.0,,0.0
,,,,,,,,,,,,,,,,,,,,,,,,,,,,,,,,,,,,,,,,,,,,,,,10,4640-1790503479789325400,4640,20480,81,36,4,41,0.4444444444444444,0.46,0.4444444444444444,0.001047421945258975,0.030393512919545174,-0.5237838625907898,3.4378929138183594,14,3,1,10,0.21428571428571427,0.21428571428571427,0.5,0.2857142857142857,0.9013780355453491,-0.00146484375,0.002197265625,0.00027277879416942596,0.020832359790802002,0.0011230468517169356,0.1123046875,-0.0028417969588190317,0.0,0.0,0.0,0.0,0.001047421945258975,-0.00034179689828306437,0.007473550271242857,21.801685804845224,1.0,8.29003113228994,-0.01717691782687325,1.1562631577253342,0.974332332611084,0.07908018678426743,1.0763888359069824,1.1565592288970947,1.262264370918274,1.2914800643920898,0.0,0.0,0.0,1.377498872578144,0.008377663449209649,0.0537109375,2.5326110795140266,0.0004488,0.005,0.0,0.0,0.0,0.0,0.0,0.0,0.0,0.0,0.0,,0.0,0.0,0.0,0.0,0.0,0.0,0.0,0.0,0.0,0.0,0.0,0.0,0.0,0.0,0.0,0.0,0.0,0.0,0.0,,,,,0.0,,1.0796403884887695,,,,,,,0.0,{},{},0.0,0.0,0.0,0.0,0.0,0.0,0.0,0,0,0.0,0.0,,0.0
,,,,,,,,,,,,,,,,,,,,,,,,,,,,,,,,,,,,,,,,,,,,,,,11,4640-1790503479789325400,4640,22528,84,37,4,43,0.44047619047619047,0.44,0.44047619047619047,0.0022134347818791866,0.023396769538521767,0.9657807946205139,3.862870931625366,3,1,0,2,0.3333333333333333,0.6666666666666666,1.0,0.3333333333333333,0.9737020134925842,0.0,0.002294922014698386,-0.0012214924208819866,0.03206552565097809,0.0015624999068677425,0.15625,-0.0024316406343132257,0.0,0.0,0.0,0.0,0.0022134347818791866,0.0015624999068677425,0.010005930322222412,6.399699979687188,1.0,1.5552547356300674,-0.019355274067493156,0.3752658814191818,0.3057211637496948,0.04177115112543106,0.32140040397644043,0.378762811422348,0.41464781761169434,0.4611520767211914,0.0,0.0,0.0,1.1829307451844215,0.010822010759511613,0.0736083984375,1.542699195444584,0.00044368,0.005,0.0,0.0,0.0,0.0,0.0,0.0,0.0,0.0,0.0,,0.0,0.0,0.0,0.0,0.0,0.0,0.0,0.0,0.0,0.0,0.0,0.0,0.0,0.0,0.0,0.0,0.0,0.0,0.0,,,,,0.0,,0.6264282464981079,,,,,,,0.0,{},{},0.0,0.0,0.0,0.0,0.0,0.0,0.0,0,0,0.0,0.0,,0.0
,,,,,,,,,,,,,,,,,,,,,,,,,,,,,,,,,,,,,,,,,,,,,,,12,4640-1790503479789325400,4640,24576,98,44,4,50,0.4489795918367347,0.42,0.4489795918367347,0.002367486013099551,0.035543546080589294,1.424740195274353,3.521843671798706,14,7,0,7,0.5,0.5714285714285714,0.7142857142857143,0.14285714285714285,0.9310815930366516,0.001708984375,0.0027343749534338713,0.0008294677827507257,0.020196497440338135,0.0029296875,0.29296875,-0.002894531236961484,0.0,0.0,0.0,0.0,0.002367486013099551,0.004638671875,0.007990866259206086,1.722291246987393,1.0,0.6238655049203202,-0.018679140135645866,0.9031197343553815,0.8153668642044067,0.046712737530469894,0.8298580646514893,0.919028639793396,0.9550233483314514,0.9698619246482849,0.0,0.0,0.0,1.3461400440761022,0.008746686927874439,0.05357142857142857,2.658752066748483,0.00043856,0.005,0.0,0.0,0.0,0.0,0.0,0.0,0.0,0.0,0.0,,0.0,0.0,0.0,0.0,0.0,0.0,0.0,0.0,0.0,0.0,0.0,0.0,0.0,0.0,0.0,0.0,0.0,0.0,0.0,,,,,0.0,,0.9245656132698059,,,,,,,0.0,{},{},0.0,0.0,0.0,0.0,0.0,0.0,0.0,0,0,0.0,0.0,,0.0
,,,,,,,,,,,,,,,,,,,,,,,,,,,,,,,,,,,,,,,,,,,,,,,13,4640-1790503479789325400,4640,26624,101,45,4,52,0.44554455445544555,0.38,0.44554455445544555,0.001514834351837635,0.023069582879543304,0.9590083360671997,3.91100811958313,3,1,0,2,0.3333333333333333,0.3333333333333333,1.0,0.6666666666666666,0.9415369033813477,0.0,0.0005371093866415322,-0.001375827006995678,0.03394290804862976,-0.00019531254656612873,-0.01953125,-0.0023925781715661287,0.0,0.0,0.0,0.0,0.001514834351837635,-0.00019531254656612873,0.008678879647050053,44.20950060940977,1.0,12.187596836864314,-0.020159361243713647,0.8614340424537659,0.7006469368934631,0.07772603631019592,0.7539244890213013,0.8745433688163757,0.944504976272583,0.9679819345474243,0.0,0.0,0.0,1.0995159968733788,0.011791237979196012,0.078369140625,2.6938157975673676,0.00043344,0.005,0.0,0.0,0.0,0.0,0.0,0.0,0.0,0.0,0.0,,0.0,0.0,0.0,0.0,0.0,0.0,0.0,0.0,0.0,0.0,0.0,0.0,0.0,0.0,0.0,0.0,0.0,0.0,0.0,,,,,0.0,,0.9456480145454407,,,,,,,0.0,{},{},0.0,0.0,0.0,0.0,0.0,0.0,0.0,0,0,0.0,0.0,,0.0
,,,,,,,,,,,,,,,,,,,,,,,,,,,,,,,,,,,,,,,,,,,,,,,14,4640-1790503479789325400,4640,28672,115,51,5,59,0.4434782608695652,0.38,0.4434782608695652,0.002539274748414755,0.03521529585123062,0.8638075590133667,3.0993940830230713,14,6,1,7,0.42857142857142855,0.5,0.9285714285714286,0.42857142857142855,0.8743435144424438,0.000732421875,0.003515625139698386,0.00047969812294468284,0.022927936166524887,0.0032226562034338713,0.322265625,-0.0027792968321591616,0.0,0.0,0.0,0.0,0.002539274748414755,0.003955078078433871,0.009367533712065779,2.3678839310912156,1.0,0.7025384173558645,-0.02306527118863804,1.1751765012741089,1.0208845138549805,0.08954396098852158,1.067594289779663,1.1692042350769043,1.2552872896194458,1.3594969511032104,0.0,0.0,0.0,1.3884021043777466,0.012321484449785203,0.08231026785714286,1.8667835422924586,0.00042832000000000005,0.005,0.0,0.0,0.0,0.0,0.0,0.0,0.0,0.0,0.0,,0.0,0.0,0.0,0.0,0.0,0.0,0.0,0.0,0.0,0.0,0.0,0.0,0.0,0.0,0.0,0.0,0.0,0.0,0.0,,,,,0.0,,1.0986748933792114,,,,,,,0.0,{},{},0.0,0.0,0.0,0.0,0.0,0.0,0.0,0,0,0.0,0.0,,0.0
,,,,,,,,,,,,,,,,,,,,,,,,,,,,,,,,,,,,,,,,,,,,,,,15,4640-1790503479789325400,4640,30720,128,57,6,65,0.4453125,0.42,0.4453125,0.001902941381558776,0.029232755303382874,0.9045952558517456,4.15436315536499,13,6,1,6,0.46153846153846156,0.38461538461538464,0.7692307692307693,0.38461538461538464,0.9641488194465637,0.0009765625,0.0014160156715661287,-0.0018139260355383158,0.02998506650328636,0.0007812499534338713,0.078125,-0.0024746092967689037,0.0,0.0,0.0,0.0,0.001902941381558776,0.0017578124534338713,0.00845880078850314,4.809381905380726,1.0,1.4069773567599688,-0.02083351812325418,0.5908947307616472,0.4301615059375763,0.07914675772190094,0.5088405013084412,0.5757700204849243,0.6917648911476135,0.7000675201416016,0.0,0.0,0.0,1.2221523001790047,0.009137824366916902,0.0589599609375,2.4049028158187866,0.00042320000000000004,0.005,0.0,0.0,0.0,0.0,0.0,0.0,0.0,0.0,0.0,,0.0,0.0,0.0,0.0,0.0,0.0,0.0,0.0,0.0,0.0,0.0,0.0,0.0,0.0,0.0,0.0,0.0,0.0,0.0,,,,,0.0,,0.7866042256355286,,,,,,,0.0,{},{},0.0,0.0,0.0,0.0,0.0,0.0,0.0,0,0,0.0,0.0,,0.0
,,,,,,,,,,,,,,,,,,,,,,,,,,,,,,,,,,,,,,,,,,,,,,,16,4640-1790503479789325400,4640,32768,131,59,6,66,0.45038167938931295,0.46,0.45038167938931295,0.000997929833829403,0.02123684622347355,-0.28728607296943665,2.912738084793091,3,2,0,1,0.6666666666666666,1.0,1.0,0.0,0.8985596895217896,0.000732421875,0.0010253905784338713,-0.0005409648874774575,0.022834233939647675,-0.0005371093866415322,-0.0537109375,-0.0027617185842245817,0.0,0.0,0.0,0.0,0.000997929833829403,0.00019531248835846782,0.0065987078414764255,33.61328612689756,1.0,14.067971973243324,-0.009778170303131143,0.9723202735185623,0.8411144614219666,0.11024794727563858,0.8736393451690674,0.9279378652572632,1.1459481716156006,1.2088017463684082,0.0,0.0,0.0,1.3830285370349884,0.008457376936955066,0.0634765625,3.0018749932448068,0.00041808000000000004,0.005,0.0,0.0,0.0,0.0,0.0,0.0,0.0,0.0,0.0,,0.0,0.0,0.0,0.0,0.0,0.0,0.0,0.0,0.0,0.0,0.0,0.0,0.0,0.0,0.0,0.0,0.0,0.0,0.0,,,,,0.0,,0.9276981353759766,,,,,,,0.0,{},{},0.0,0.0,0.0,0.0,0.0,0.0,0.0,0,0,0.0,0.0,,0.0
,,,,,,,,,,,,,,,,,,,,,,,,,,,,,,,,,,,,,,,,,,,,,,,17,4640-1790503479789325400,4640,34816,144,61,7,76,0.4236111111111111,0.4,0.4236111111111111,2.4072214728221297e-05,0.0237737949937582,-1.8248788118362427,2.776580810546875,13,2,1,10,0.15384615384615385,0.07692307692307693,0.3076923076923077,0.23076923076923078,0.9485998749732971,-0.001953125,-0.0004394531424622983,-0.001363013288937509,0.02974832057952881,-0.0022949217818677425,-0.2294921875,-0.002449218649417162,0.0,0.0,0.0,0.0,2.4072214728221297e-05,-0.0042480467818677425,0.006656873680185527,1.5666746030175223,1.0,0.5764160234405715,-0.01164466660702601,0.40153312869369984,0.2848590910434723,0.06581617146730423,0.3226146399974823,0.4200763702392578,0.4940586984157562,0.509350061416626,0.0,0.0,0.0,1.258925437927246,0.00817371240555076,0.060546875,2.741990089416504,0.00041296,0.005,0.0,0.0,0.0,0.0,0.0,0.0,0.0,0.0,0.0,,0.0,0.0,0.0,0.0,0.0,0.0,0.0,0.0,0.0,0.0,0.0,0.0,0.0,0.0,0.0,0.0,0.0,0.0,0.0,,,,,0.0,,0.6294952034950256,,,,,,,0.0,{},{},0.0,0.0,0.0,0.0,0.0,0.0,0.0,0,0,0.0,0.0,,0.0
,,,,,,,,,,,,,,,,,,,,,,,,,,,,,,,,,,,,,,,,,,,,,,,18,4640-1790503479789325400,4640,36864,147,61,7,79,0.41496598639455784,0.36,0.41496598639455784,-0.00019525906827766448,0.026033930480480194,-1.5915908813476562,1.9206880331039429,3,0,0,3,0.0,0.0,0.6666666666666666,0.6666666666666666,0.7837599515914917,-0.000732421875,9.765627328306437e-05,-0.0011742387432605028,0.01625121757388115,-0.0009765625,-0.09765625,-0.0030097656417638063,0.0,0.0,0.0,0.0,-0.00019525906827766448,-0.001708984375,0.003866900980938226,2.261366265956802,1.0,1.760112949431954,-0.013834065350238234,0.8092201724648476,0.6842674016952515,0.11585790663957596,0.6955526471138,0.7776726484298706,0.9998860359191895,1.037174940109253,0.0,0.0,0.0,1.4609402194619179,0.007725545656285249,0.061767578125,2.581302773207426,0.00040783999999999997,0.005,0.0,0.0,0.0,0.0,0.0,0.0,0.0,0.0,0.0,,0.0,0.0,0.0,0.0,0.0,0.0,0.0,0.0,0.0,0.0,0.0,0.0,0.0,0.0,0.0,0.0,0.0,0.0,0.0,,,,,0.0,,0.8931509852409363,,,,,,,0.0,{},{},0.0,0.0,0.0,0.0,0.0,0.0,0.0,0,0,0.0,0.0,,0.0
,,,,,,,,,,,,,,,,,,,,,,,,,,,,,,,,,,,,,,,,,,,,,,,19,4640-1790503479789325400,4640,38912,161,63,12,86,0.391304347826087,0.28,0.391304347826087,0.0006870222860015929,0.03112601861357689,-0.7474660873413086,3.396423101425171,14,2,5,7,0.14285714285714285,-0.21428571428571427,0.42857142857142855,0.6428571428571429,0.8926571011543274,-0.003173828125,0.0022949217818677425,-0.0002860428940039128,0.0169004425406456,0.00244140625,0.244140625,-0.0028457031585276127,0.0,0.0,0.0,0.0,0.0006870222860015929,-0.000732421875,0.006448521693528164,8.792377093372302,1.0,3.8800358368471253,-0.006153113208711147,1.2539963523546855,1.0624160766601562,0.12678262591362,1.1002718210220337,1.2234089374542236,1.4331114292144775,1.4583920240402222,0.0,0.0,0.0,1.41508882244428,0.0061756633028077585,0.043294270833333336,3.956193745136261,0.00040271999999999997,0.005,0.0,0.0,0.0,0.0,0.0,0.0,0.0,0.0,0.0,,0.0,0.0,0.0,0.0,0.0,0.0,0.0,0.0,0.0,0.0,0.0,0.0,0.0,0.0,0.0,0.0,0.0,0.0,0.0,,,,,0.0,,1.1127777099609375,,,,,,,0.0,{},{},0.0,0.0,0.0,0.0,0.0,0.0,0.0,0,0,0.0,0.0,,0.0
,,,,,,,,,,,,,,,,,,,,,,,,,,,,,,,,,,,,,,,,,,,,,,,20,4640-1790503479789325400,4640,40960,165,65,12,88,0.3939393939393939,0.28,0.3939393939393939,-3.9942908188095316e-05,0.030167002230882645,-0.691865086555481,2.6917128562927246,4,2,0,2,0.5,0.75,1.25,0.5,0.7951728701591492,0.00048828125,9.765624417923391e-05,-0.001655754866078496,0.01797877997159958,-0.0018554687267169356,-0.185546875,-0.0029101562686264515,0.0,0.0,0.0,0.0,-3.9942908188095316e-05,-0.0013671874767169356,0.004178412520559505,3.0539765870287794,1.0,2.1270157183499303,-0.010511384549317881,1.6186773404479027,1.2974869012832642,0.19136802852153778,1.4295563697814941,1.5626388788223267,1.8563793897628784,2.08978271484375,0.0,0.0,0.0,1.305712640285492,0.00807978717784863,0.068359375,3.7090261802077293,0.0003976,0.005,0.0,0.0,0.0,0.0,0.0,0.0,0.0,0.0,0.0,,0.0,0.0,0.0,0.0,0.0,0.0,0.0,0.0,0.0,0.0,0.0,0.0,0.0,0.0,0.0,0.0,0.0,0.0,0.0,,,,,0.0,,1.2182108163833618,,,,,,,0.0,{},{},0.0,0.0,0.0,0.0,0.0,0.0,0.0,0,0,0.0,0.0,,0.0
,,,,,,,,,,,,,,,,,,,,,,,,,,,,,,,,,,,,,,,,,,,,,,,21,4640-1790503479789325400,4640,43008,177,67,13,97,0.3785310734463277,0.2,0.3785310734463277,0.0009216355392709374,0.028487524017691612,-0.615537166595459,3.442640781402588,12,2,1,9,0.16666666666666666,0.08333333333333333,0.5833333333333334,0.5,0.8893103003501892,-0.001708984375,0.0012695312034338713,-0.00045280822087079287,0.02191360667347908,0.0016113281017169356,0.1611328125,-0.0027265625540167093,0.0,0.0,0.0,0.0,0.0009216355392709374,-9.765627328306437e-05,0.006634730816585943,67.25097751817148,1.0,27.63699117433376,-0.012661550601478666,1.2644066512584686,1.0882585048675537,0.1648072600364685,1.1033276319503784,1.230209231376648,1.4275258779525757,1.7238743305206299,0.0,0.0,0.0,1.2453422993421555,0.009652279215515591,0.0716552734375,2.9669350534677505,0.00039248,0.005,0.0,0.0,0.0,0.0,0.0,0.0,0.0,0.0,0.0,,0.0,0.0,0.0,0.0,0.0,0.0,0.0,0.0,0.0,0.0,0.0,0.0,0.0,0.0,0.0,0.0,0.0,0.0,0.0,,,,,0.0,,1.1453685760498047,,,,,,,0.0,{},{},0.0,0.0,0.0,0.0,0.0,0.0,0.0,0,0,0.0,0.0,,0.0
,,,,,,,,,,,,,,,,,,,,,,,,,,,,,,,,,,,,,,,,,,,,,,,22,4640-1790503479789325400,4640,45056,182,70,14,98,0.38461538461538464,0.22,0.38461538461538464,0.000730615109205246,0.03655112162232399,-0.8911923170089722,2.831312656402588,5,3,1,1,0.6,0.8,1.4,0.6,0.6784448623657227,0.000732421875,0.00043945317156612873,-0.0011049690656363964,0.01977141574025154,0.0,0.0,-0.0028066406957805157,0.0,0.0,0.0,0.0,0.000730615109205246,0.000732421875,0.005106064840219915,6.9619751118275754,1.0,3.826775272799868,-0.0048518459079787135,2.4622970521450043,1.994518756866455,0.23189513385295868,2.128270387649536,2.4745125770568848,2.728532314300537,2.7879672050476074,0.0,0.0,0.0,1.1697991639375687,0.008873659404343925,0.0660400390625,4.303612723946571,0.00038736,0.005,0.0,0.0,0.0,0.0,0.0,0.0,0.0,0.0,0.0,,0.0,0.0,0.0,0.0,0.0,0.0,0.0,0.0,0.0,0.0,0.0,0.0,0.0,0.0,0.0,0.0,0.0,0.0,0.0,,,,,0.0,,1.605519413948059,,,,,,,0.0,{},{},0.0,0.0,0.0,0.0,0.0,0.0,0.0,0,0,0.0,0.0,,0.0
,,,,,,,,,,,,,,,,,,,,,,,,,,,,,,,,,,,,,,,,,,,,,,,23,4640-1790503479789325400,4640,47104,194,72,17,105,0.3711340206185567,0.22,0.3711340206185567,-0.000988963176496327,0.03905899077653885,-0.7853707075119019,2.6772730350494385,12,2,3,7,0.16666666666666666,-0.4166666666666667,0.8333333333333334,1.25,0.5794894695281982,-0.002197265625,0.00029296870343387127,-0.0007544500986114144,0.015080016106367111,-0.003173828125,-0.3173828125,-0.002847656374797225,0.0,0.0,0.0,0.0,-0.000988963176496327,-0.00537109375,0.0038743602053727955,0.7212011527856891,1.0,0.5300831495722175,-0.0021106678371628127,2.9623684883117676,2.2962234020233154,0.343802273273468,2.5030670166015625,2.957213878631592,3.426508903503418,3.6075830459594727,0.0,0.0,0.0,1.1261674215396245,0.007336055442768459,0.054850260416666664,7.2526344656944275,0.00038224000000000005,0.005,0.0,0.0,0.0,0.0,0.0,0.0,0.0,0.0,0.0,,0.0,0.0,0.0,0.0,0.0,0.0,0.0,0.0,0.0,0.0,0.0,0.0,0.0,0.0,0.0,0.0,0.0,0.0,0.0,,,,,0.0,,1.7361253499984741,,,,,,,0.0,{},{},0.0,0.0,0.0,0.0,0.0,0.0,0.0,0,0,0.0,0.0,,0.0
,,,,,,,,,,,,,,,,,,,,,,,,,,,,,,,,,,,,,,,,,,,,,,,24,4640-1790503479789325400,4640,49152,200,76,17,107,0.38,0.3,0.38,0.0014925877330824733,0.03757117688655853,-0.6160706281661987,2.6707019805908203,6,4,0,2,0.6666666666666666,1.3333333333333333,1.8333333333333333,0.5,0.708362340927124,0.00146484375,0.0019042969215661287,-0.0015181294875219464,0.014346969313919544,0.0027343749534338713,0.2734375,-0.0028007812798023224,0.0,0.0,0.0,0.0,0.0014925877330824733,0.004199218703433871,0.005111506878165528,1.2169620772334158,1.0,0.6668179629581087,-0.002332695643417537,2.015790194272995,1.5330297946929932,0.33097219467163086,1.6931750774383545,1.939485788345337,2.4343299865722656,2.687389373779297,0.0,0.0,0.0,0.9259511008858681,0.00842029725026805,0.056884765625,5.339740872383118,0.00037712,0.005,0.0,0.0,0.0,0.0,0.0,0.0,0.0,0.0,0.0,,0.0,0.0,0.0,0.0,0.0,0.0,0.0,0.0,0.0,0.0,0.0,0.0,0.0,0.0,0.0,0.0,0.0,0.0,0.0,,,,,0.0,,1.4422721862792969,,,,,,,0.0,{},{},0.0,0.0,0.0,0.0,0.0,0.0,0.0,0,0,0.0,0.0,,0.0
,,,,,,,,,,,,,,,,,,,,,,,,,,,,,,,,,,,,,,,,,,,,,,,25,4640-1790503479789325400,4640,51200,211,80,20,111,0.3791469194312796,0.34,0.385,-0.001654351595789194,0.04012249782681465,-0.16193217039108276,2.540034770965576,11,4,3,4,0.36363636363636365,0.09090909090909091,0.8181818181818182,0.7272727272727273,0.8045217990875244,-0.00048828125,0.0006835937965661287,-0.0013340150471776724,0.011395499110221863,-0.0068359375,-0.68359375,-0.0026523438282310963,0.0,0.0,0.0,0.0,-0.001654351595789194,-0.00732421875,0.0031989648123271763,0.43670570415759613,1.0,0.3620839074916495,-0.009371189691592008,1.2217029705643654,0.9556777477264404,0.16349750757217407,1.0710413455963135,1.2209819555282593,1.427957534790039,1.5964241027832031,0.0,0.0,0.0,0.808989267796278,0.008434135859715752,0.0474853515625,2.4136195108294487,0.000372,0.005,0.0,0.0,0.0,0.0,0.0,0.0,0.0,0.0,0.0,,0.0,0.0,0.0,0.0,0.0,0.0,0.0,0.0,0.0,0.0,0.0,0.0,0.0,0.0,0.0,0.0,0.0,0.0,0.0,,,,,0.0,,1.123023509979248,,,,,,,0.0,{},{},0.0,0.0,0.0,0.0,0.0,0.0,0.0,0,0,0.0,0.0,,0.0
,,,,,,,,,,,,,,,,,,,,,,,,,,,,,,,,,,,,,,,,,,,,,,,26,4640-1790503479789325400,4640,53248,217,83,21,113,0.3824884792626728,0.34,0.38,0.0010305071482434869,0.031675420701503754,0.16682478785514832,2.8162450790405273,6,3,1,2,0.5,0.3333333333333333,1.0,0.6666666666666666,0.7177262306213379,0.00048828125,0.0026367190293967724,-0.0013405471108853817,0.011208713985979557,0.001513671944849193,0.1513671875,-0.002732421737164259,0.0,0.0,0.0,0.0,0.0010305071482434869,0.002001953194849193,0.005103760748170316,2.548117829860018,1.0,1.3641964995442588,-0.005099470145069063,2.526688203215599,2.209907293319702,0.2181415557861328,2.258054256439209,2.519700527191162,2.8268816471099854,2.9139046669006348,0.0,0.0,0.0,0.8397415317595005,0.007438670771080069,0.0711669921875,6.18400502204895,0.00036688,0.005,0.0,0.0,0.0,0.0,0.0,0.0,0.0,0.0,0.0,,0.0,0.0,0.0,0.0,0.0,0.0,0.0,0.0,0.0,0.0,0.0,0.0,0.0,0.0,0.0,0.0,0.0,0.0,0.0,,,,,0.0,,1.4962552785873413,,,,,,,0.0,{},{},0.0,0.0,0.0,0.0,0.0,0.0,0.0,0,0,0.0,0.0,,0.0
,,,,,,,,,,,,,,,,,,,,,,,,,,,,,,,,,,,,,,,,,,,,,,,27,4640-1790503479789325400,4640,55296,228,89,23,116,0.39035087719298245,0.42,0.385,4.478218033909798e-05,0.040874749422073364,0.22868847846984863,2.5310449600219727,11,6,2,3,0.5454545454545454,0.6363636363636364,1.1818181818181819,0.5454545454545454,0.8120269179344177,0.001220703125,0.000927734246943146,-0.0005423363763839006,0.009463369846343994,-0.0015624999068677425,-0.15625,-0.002558593638241291,0.0,0.0,0.0,0.0,4.478218033909798e-05,-0.00034179678186774254,0.0031579926144331694,9.212433667628718,1.0,7.463878815608148,-0.010905050963629037,1.1373370289802551,0.9458891153335571,0.09513187408447266,1.0593268871307373,1.1304271221160889,1.2487624883651733,1.3558290004730225,0.0,0.0,0.0,0.7875819057226181,0.006447758380090818,0.0518798828125,2.259691186249256,0.00036176,0.005,0.0,0.0,0.0,0.0,0.0,0.0,0.0,0.0,0.0,,0.0,0.0,0.0,0.0,0.0,0.0,0.0,0.0,0.0,0.0,0.0,0.0,0.0,0.0,0.0,0.0,0.0,0.0,0.0,,,,,0.0,,1.0973563194274902,,,,,,,0.0,{},{},0.0,0.0,0.0,0.0,0.0,0.0,0.0,0,0,0.0,0.0,,0.0
,,,,,,,,,,,,,,,,,,,,,,,,,,,,,,,,,,,,,,,,,,,,,,,28,4640-1790503479789325400,4640,57344,236,93,25,118,0.3940677966101695,0.46,0.385,-0.00032372752320952713,0.045084770768880844,0.13075466454029083,2.8000192642211914,8,4,2,2,0.5,0.5,1.375,0.875,0.8603547811508179,0.00048828125,0.0026855471078306437,-0.0008712884737178683,0.011762901209294796,-0.004443359561264515,-0.4443359375,-0.0024921875447034836,0.0,0.0,0.0,0.0,-0.00032372752320952713,-0.003955078311264515,0.005408450291724876,1.3671241735344026,1.0,0.6299641585979839,-0.00877899702754803,1.0642543248832226,0.8800368309020996,0.09951785206794739,0.9706807136535645,1.0515239238739014,1.202867031097412,1.2797874212265015,0.0,0.0,0.0,0.7342305444180965,0.008015316227101721,0.07177734375,2.9513131082057953,0.00035664000000000003,0.005,0.0,0.0,0.0,0.0,0.0,0.0,0.0,0.0,0.0,,0.0,0.0,0.0,0.0,0.0,0.0,0.0,0.0,0.0,0.0,0.0,0.0,0.0,0.0,0.0,0.0,0.0,0.0,0.0,,,,,0.0,,1.0463428497314453,,,,,,,0.0,{},{},0.0,0.0,0.0,0.0,0.0,0.0,0.0,0,0,0.0,0.0,,0.0
,,,,,,,,,,,,,,,,,,,,,,,,,,,,,,,,,,,,,,,,,,,,,,,29,4640-1790503479789325400,4640,59392,245,96,27,122,0.39183673469387753,0.48,0.375,-0.0004108267603442073,0.04087076708674431,0.5109763145446777,2.01668643951416,9,3,2,4,0.3333333333333333,0.5555555555555556,1.2222222222222223,0.6666666666666666,0.7129877805709839,-0.00048828125,0.00244140625,-0.000611067982390523,0.0065614753402769566,-0.0023437500931322575,-0.234375,-0.002529297024011612,0.0,0.0,0.0,0.0,-0.0004108267603442073,-0.0028320313431322575,0.003929008089471608,1.386856555257033,1.0,0.8927882249319449,-0.008637150865979493,1.1550209373235703,1.0202295780181885,0.07532971352338791,1.0793343782424927,1.1385502815246582,1.254077672958374,1.3176203966140747,0.0,0.0,0.0,0.8193702772259712,0.005336335489118937,0.042724609375,3.083805300295353,0.00035152,0.005,0.0,0.0,0.0,0.0,0.0,0.0,0.0,0.0,0.0,,0.0,0.0,0.0,0.0,0.0,0.0,0.0,0.0,0.0,0.0,0.0,0.0,0.0,0.0,0.0,0.0,0.0,0.0,0.0,,,,,0.0,,1.0804100036621094,,,,,,,0.0,{},{},0.0,0.0,0.0,0.0,0.0,0.0,0.0,0,0,0.0,0.0,,0.0
,,,,,,,,,,,,,,,,,,,,,,,,,,,,,,,,,,,,,,,,,,,,,,,30,4640-1790503479789325400,4640,61440,257,104,29,124,0.4046692607003891,0.52,0.375,0.0005261357873678207,0.04939313605427742,0.2854801416397095,1.8932844400405884,12,8,2,2,0.6666666666666666,0.8333333333333334,1.75,0.9166666666666666,0.37940895557403564,0.00244140625,0.002001953311264515,-0.0007829278474673629,0.008709993213415146,-0.0016601565293967724,-0.166015625,-0.0024882813449949026,0.0,0.0,0.0,0.0,0.0005261357873678207,0.0007812497206032276,0.003983719652751461,5.092644391971706,1.0,3.1809296692059896,-0.007173774938564748,2.0684987381100655,1.4572703838348389,0.3116309344768524,1.6212213039398193,2.026200294494629,2.4563848972320557,2.532475709915161,0.0,0.0,0.0,0.8128549717366695,0.004065955254191067,0.03125,4.206528022885323,0.00034640000000000007,0.005,0.0,0.0,0.0,0.0,0.0,0.0,0.0,0.0,0.0,,0.0,0.0,0.0,0.0,0.0,0.0,0.0,0.0,0.0,0.0,0.0,0.0,0.0,0.0,0.0,0.0,0.0,0.0,0.0,,,,,0.0,,1.4914840459823608,,,,,,,0.0,{},{},0.0,0.0,0.0,0.0,0.0,0.0,0.0,0,0,0.0,0.0,,0.0
,,,,,,,,,,,,,,,,,,,,,,,,,,,,,,,,,,,,,,,,,,,,,,,31,4640-1790503479789325400,4640,63488,262,105,31,126,0.40076335877862596,0.48,0.375,-8.49839998409152e-05,0.042675379663705826,0.07878478616476059,1.9262691736221313,5,1,2,2,0.2,-0.2,1.4,1.6,0.6845502853393555,-0.0009765625,0.0015136718284338713,-0.0006492624524980783,0.008994526229798794,-0.0002929689362645149,-0.029296875,-0.0025527342222630978,0.0,0.0,0.0,0.0,-8.49839998409152e-05,-0.001269531436264515,0.00359998777275905,2.8334503736037906,1.0,2.009186195162855,-0.011064445308875293,1.1069949828088284,0.9283639192581177,0.09177816659212112,0.9974367618560791,1.0946203470230103,1.211174726486206,1.2949388027191162,0.0,0.0,0.0,0.835556898266077,0.005387199358665384,0.044189453125,2.5225383043289185,0.00034128,0.005,0.0,0.0,0.0,0.0,0.0,0.0,0.0,0.0,0.0,,0.0,0.0,0.0,0.0,0.0,0.0,0.0,0.0,0.0,0.0,0.0,0.0,0.0,0.0,0.0,0.0,0.0,0.0,0.0,,,,,0.0,,1.0818872451782227,,,,,,,0.0,{},{},0.0,0.0,0.0,0.0,0.0,0.0,0.0,0,0,0.0,0.0,,0.0
,,,,,,,,,,,,,,,,,,,,,,,,,,,,,,,,,,,,,,,,,,,,,,,32,4640-1790503479789325400,4640,65536,275,113,33,129,0.4109090909090909,0.52,0.39,0.0005925535224378109,0.040027398616075516,0.43158912658691406,2.3905842304229736,13,8,2,3,0.6153846153846154,0.6153846153846154,1.5384615384615385,0.9230769230769231,0.7673891186714172,0.002197265625,0.0018066407646983862,-0.0009967740625143051,0.008456840179860592,-0.0005859376396983862,-0.05859375,-0.0025898439344018698,0.0,0.0,0.0,0.0,0.0005925535224378109,0.0016113279853016138,0.003671657294034958,2.2772396978199887,1.0,1.6062761162812633,-0.007760994543787092,1.333021193742752,1.1319291591644287,0.12827564775943756,1.175339698791504,1.3452184200286865,1.4918535947799683,1.6065326929092407,0.0,0.0,0.0,0.8637207671999931,0.005873461304872762,0.043212890625,2.595161482691765,0.00033616,0.005,0.0,0.0,0.0,0.0,0.0,0.0,0.0,0.0,0.0,,0.0,0.0,0.0,0.0,0.0,0.0,0.0,0.0,0.0,0.0,0.0,0.0,0.0,0.0,0.0,0.0,0.0,0.0,0.0,,,,,0.0,,1.1529728174209595,,,,,,,0.0,{},{},0.0,0.0,0.0,0.0,0.0,0.0,0.0,0,0,0.0,0.0,,0.0
,,,,,,,,,,,,,,,,,,,,,,,,,,,,,,,,,,,,,,,,,,,,,,,33,4640-1790503479789325400,4640,67584,279,114,34,131,0.40860215053763443,0.5,0.39,-0.000601431995164603,0.03983704745769501,0.15361955761909485,2.247626304626465,4,1,1,2,0.25,0.25,1.5,1.25,0.7503641843795776,-0.00048828125,0.0020507811568677425,-0.0007458339096046984,0.00773827638477087,-0.0030273436568677425,-0.302734375,-0.0024902343284338713,0.0,0.0,0.0,0.0,-0.000601431995164603,-0.0035156249068677425,0.0037988917756592855,1.0802664134694302,1.0,0.7081319146578878,-0.010030147997895256,1.2301971912384033,1.0422909259796143,0.10949510335922241,1.1044442653656006,1.216454029083252,1.3919919729232788,1.4357186555862427,0.0,0.0,0.0,0.9177278317511082,0.008105504901323002,0.0704345703125,2.5135861709713936,0.00033104,0.005,0.0,0.0,0.0,0.0,0.0,0.0,0.0,0.0,0.0,,0.0,0.0,0.0,0.0,0.0,0.0,0.0,0.0,0.0,0.0,0.0,0.0,0.0,0.0,0.0,0.0,0.0,0.0,0.0,,,,,0.0,,1.122994303703308,,,,,,,0.0,{},{},0.0,0.0,0.0,0.0,0.0,0.0,0.0,0,0,0.0,0.0,,0.0
,,,,,,,,,,,,,,,,,,,,,,,,,,,,,,,,,,,,,,,,,,,,,,,34,4640-1790503479789325400,4640,69632,291,120,37,134,0.41237113402061853,0.5,0.405,0.001088297925889492,0.03380195423960686,0.9408103227615356,2.495009422302246,12,6,3,3,0.5,0.4166666666666667,1.0,0.5833333333333334,0.8953876495361328,0.000732421875,0.0023925781715661287,-0.0005826465785503387,0.009583145380020142,0.0018554688431322575,0.185546875,-0.0026132813654839993,0.0,0.0,0.0,0.0,0.001088297925889492,0.0025878907181322575,0.0046427028719335794,1.7933174387843742,1.0,1.009421273436114,-0.01110689336201176,0.6594100929796696,0.5624257326126099,0.07499092817306519,0.5779327750205994,0.6539297103881836,0.7126352787017822,0.8895331025123596,0.0,0.0,0.0,0.953163854777813,0.007457290186721366,0.0650634765625,2.15670408308506,0.00032592,0.005,0.0,0.0,0.0,0.0,0.0,0.0,0.0,0.0,0.0,,0.0,0.0,0.0,0.0,0.0,0.0,0.0,0.0,0.0,0.0,0.0,0.0,0.0,0.0,0.0,0.0,0.0,0.0,0.0,,,,,0.0,,0.8069815039634705,,,,,,,0.0,{},{},0.0,0.0,0.0,0.0,0.0,0.0,0.0,0,0,0.0,0.0,,0.0
,,,,,,,,,,,,,,,,,,,,,,,,,,,,,,,,,,,,,,,,,,,,,,,35,4640-1790503479789325400,4640,71680,297,124,37,136,0.4175084175084175,0.52,0.405,-0.00012147176312282681,0.04278820380568504,1.0354920625686646,2.0643668174743652,6,4,0,2,0.6666666666666666,0.8333333333333334,1.5,0.6666666666666666,0.710729718208313,0.00146484375,0.0015136718284338713,-0.0007530353032052517,0.006518772803246975,-0.0022949217818677425,-0.2294921875,-0.0024355468340218067,0.0,0.0,0.0,0.0,-0.00012147176312282681,-0.0008300780318677425,0.002955106203444302,3.555750591557661,1.0,2.9305874305788397,-0.010355564387282357,1.1806325018405914,1.0565757751464844,0.07433781027793884,1.1052470207214355,1.1644699573516846,1.2801392078399658,1.344460129737854,0.0,0.0,0.0,0.8605746626853943,0.004947758425259963,0.041259765625,2.387737914919853,0.0003208,0.005,0.0,0.0,0.0,0.0,0.0,0.0,0.0,0.0,0.0,,0.0,0.0,0.0,0.0,0.0,0.0,0.0,0.0,0.0,0.0,0.0,0.0,0.0,0.0,0.0,0.0,0.0,0.0,0.0,,,,,0.0,,1.1102960109710693,,,,,,,0.0,{},{},0.0,0.0,0.0,0.0,0.0,0.0,0.0,0,0,0.0,0.0,,0.0
,,,,,,,,,,,,,,,,,,,,,,,,,,,,,,,,,,,,,,,,,,,,,,,36,4640-1790503479789325400,4640,73728,308,131,39,138,0.4253246753246753,0.54,0.41,0.00120509450789541,0.0404568649828434,0.2018662691116333,2.369274616241455,11,7,2,2,0.6363636363636364,0.5454545454545454,1.5454545454545454,1.0,0.8666908740997314,0.001953125,0.0016113281017169356,-0.00080403673928231,0.010030979290604591,0.001757812569849193,0.17578125,-0.0024179688189178705,0.0,0.0,0.0,0.0,0.00120509450789541,0.003710937569849193,0.003918063739547506,1.0555306132766362,1.0,0.651403417600072,-0.014998173923231661,0.7165883965790272,0.6035031676292419,0.07147551327943802,0.6250617504119873,0.714928150177002,0.8132025599479675,0.8504828810691833,0.0,0.0,0.0,0.9851779118180275,0.005339583884051535,0.0401611328125,1.514188751578331,0.00031568,0.005,0.0,0.0,0.0,0.0,0.0,0.0,0.0,0.0,0.0,,0.0,0.0,0.0,0.0,0.0,0.0,0.0,0.0,0.0,0.0,0.0,0.0,0.0,0.0,0.0,0.0,0.0,0.0,0.0,,,,,0.0,,0.8650581240653992,,,,,,,0.0,{},{},0.0,0.0,0.0,0.0,0.0,0.0,0.0,0,0,0.0,0.0,,0.0
,,,,,,,,,,,,,,,,,,,,,,,,,,,,,,,,,,,,,,,,,,,,,,,37,4640-1790503479789325400,4640,75776,316,135,41,140,0.4272151898734177,0.56,0.415,0.0005442986730486155,0.042084816843271255,0.19798266887664795,2.529963731765747,8,4,2,2,0.5,0.875,1.25,0.375,0.8945654630661011,0.00048828125,0.0023925781715661287,-0.00038220096030272543,0.007987480610609055,0.00019531231373548508,0.01953125,-0.0024511716328561306,0.0,0.0,0.0,0.0,0.0005442986730486155,0.0006835935637354851,0.004293898084142711,6.2721858802076,1.0,3.580477180476707,-0.014981640910264105,0.6347928494215012,0.5652995109558105,0.060992781072854996,0.5695424675941467,0.6180639863014221,0.7124950885772705,0.7851047515869141,0.0,0.0,0.0,0.9922440461814404,0.006006632087519392,0.050048828125,1.2747738808393478,0.00031056000000000004,0.005,0.0,0.0,0.0,0.0,0.0,0.0,0.0,0.0,0.0,,0.0,0.0,0.0,0.0,0.0,0.0,0.0,0.0,0.0,0.0,0.0,0.0,0.0,0.0,0.0,0.0,0.0,0.0,0.0,,,,,0.0,,0.8214966058731079,,,,,,,0.0,{},{},0.0,0.0,0.0,0.0,0.0,0.0,0.0,0,0,0.0,0.0,,0.0
,,,,,,,,,,,,,,,,,,,,,,,,,,,,,,,,,,,,,,,,,,,,,,,38,4640-1790503479789325400,4640,77824,324,138,42,144,0.42592592592592593,0.52,0.405,-0.0005892573390156031,0.04204954952001572,0.6291351318359375,2.1859233379364014,8,3,1,4,0.375,0.375,1.5,1.125,0.7463372945785522,0.0,0.0006347657181322575,-0.00048620207235217094,0.005779455881565809,-0.0019042969215661287,-0.1904296875,-0.002451172098517418,0.0,0.0,0.0,0.0,-0.0005892573390156031,-0.0019042969215661287,0.001958079170435667,1.0277028993602488,1.0,1.2865039935626343,-0.00856039673089981,1.1950701996684074,0.939087986946106,0.16277040541172028,0.9895199537277222,1.2156424522399902,1.3943004608154297,1.5100123882293701,0.0,0.0,0.0,0.9331786930561066,0.002501883565855678,0.01513671875,2.2770492173731327,0.00030544,0.005,0.0,0.0,0.0,0.0,0.0,0.0,0.0,0.0,0.0,,0.0,0.0,0.0,0.0,0.0,0.0,0.0,0.0,0.0,0.0,0.0,0.0,0.0,0.0,0.0,0.0,0.0,0.0,0.0,,,,,0.0,,1.1009390354156494,,,,,,,0.0,{},{},0.0,0.0,0.0,0.0,0.0,0.0,0.0,0,0,0.0,0.0,,0.0
,,,,,,,,,,,,,,,,,,,,,,,,,,,,,,,,,,,,,,,,,,,,,,,39,4640-1790503479789325400,4640,79872,332,142,45,145,0.42771084337349397,0.54,0.415,0.0009919903241097927,0.03981450945138931,0.48951011896133423,2.879822015762329,8,4,3,1,0.5,0.375,1.375,1.0,0.8863363265991211,0.000244140625,0.003222656436264515,-8.345919195562601e-05,0.00548942806199193,0.002001953311264515,0.2001953125,-0.002480468712747097,0.0,0.0,0.0,0.0,0.0009919903241097927,0.002246093936264515,0.004574148653773591,2.0355840848280176,1.0,1.103856261955179,-0.008576240419643,0.9316243454813957,0.8382115960121155,0.056456394493579865,0.8675183057785034,0.9206032752990723,1.0113708972930908,1.0416631698608398,0.0,0.0,0.0,0.9173685573041439,0.00371958345931489,0.0323486328125,3.0312379747629166,0.00030032,0.005,0.0,0.0,0.0,0.0,0.0,0.0,0.0,0.0,0.0,,0.0,0.0,0.0,0.0,0.0,0.0,0.0,0.0,0.0,0.0,0.0,0.0,0.0,0.0,0.0,0.0,0.0,0.0,0.0,,,,,0.0,,0.970904529094696,,,,,,,0.0,{},{},0.0,0.0,0.0,0.0,0.0,0.0,0.0,0,0,0.0,0.0,,0.0
,,,,,,,,,,,,,,,,,,,,,,,,,,,,,,,,,,,,,,,,,,,,,,,40,4640-1790503479789325400,4640,81920,342,147,48,147,0.4298245614035088,0.54,0.435,0.001521028345450759,0.046346668154001236,0.40383002161979675,2.1663076877593994,10,5,3,2,0.5,1.1,1.9,0.8,0.6365818977355957,0.00048828125,0.003808594075962901,7.065857062116265e-05,0.008406644687056541,0.002783203264698386,0.2783203125,-0.002359375124797225,0.0,0.0,0.0,0.0,0.001521028345450759,0.003271484514698386,0.005927919890382327,1.8114432211235942,1.0,0.7209736560097002,-0.008230683743022382,1.6551756039261818,1.389479160308838,0.2019876092672348,1.4287530183792114,1.6682713031768799,1.8571813106536865,2.1121702194213867,0.0,0.0,0.0,1.0058901868760586,0.004044144356157631,0.035888671875,4.010713391005993,0.0002952,0.005,0.0,0.0,0.0,0.0,0.0,0.0,0.0,0.0,0.0,,0.0,0.0,0.0,0.0,0.0,0.0,0.0,0.0,0.0,0.0,0.0,0.0,0.0,0.0,0.0,0.0,0.0,0.0,0.0,,,,,0.0,,1.3059405088424683,,,,,,,0.0,{},{},0.0,0.0,0.0,0.0,0.0,0.0,0.0,0,0,0.0,0.0,,0.0
,,,,,,,,,,,,,,,,,,,,,,,,,,,,,,,,,,,,,,,,,,,,,,,41,4640-1790503479789325400,4640,83968,352,153,51,148,0.4346590909090909,0.52,0.46,0.0009551399853080511,0.04377364367246628,0.7371970415115356,2.2408862113952637,10,6,3,1,0.6,1.0,1.7,0.7,0.5947952270507812,0.001220703125,0.002734375186264515,-0.0006737927906215191,0.007643020711839199,0.0011718750465661287,0.1171875,-0.00257226568646729,0.0,0.0,0.0,0.0,0.0009551399853080511,0.0023925781715661287,0.004476682166568935,1.8702886831725332,1.0,1.0746528845490955,-0.006906661146786064,1.9268608540296555,1.486140489578247,0.20452383160591125,1.6146572828292847,2.0085384845733643,2.1359610557556152,2.1457221508026123,0.0,0.0,0.0,1.0156430080533028,0.005840340301801916,0.0462646484375,4.7877663522958755,0.00029008,0.005,0.0,0.0,0.0,0.0,0.0,0.0,0.0,0.0,0.0,,0.0,0.0,0.0,0.0,0.0,0.0,0.0,0.0,0.0,0.0,0.0,0.0,0.0,0.0,0.0,0.0,0.0,0.0,0.0,,,,,0.0,,1.4264518022537231,,,,,,,0.0,{},{},0.0,0.0,0.0,0.0,0.0,0.0,0.0,0,0,0.0,0.0,,0.0
,,,,,,,,,,,,,,,,,,,,,,,,,,,,,,,,,,,,,,,,,,,,,,,42,4640-1790503479789325400,4640,86016,361,158,53,150,0.4376731301939058,0.52,0.475,-0.00025627482682466507,0.04920859634876251,1.0323631763458252,1.6210682392120361,9,5,2,2,0.5555555555555556,0.7777777777777778,1.7777777777777777,1.0,0.4478381276130676,0.0009765625,0.0031738283578306437,-8.391724259126931e-05,0.00616545882076025,-0.0038085938431322575,-0.380859375,-0.0024648436810821295,0.0,0.0,0.0,0.0,-0.00025627482682466507,-0.0028320313431322575,0.004694213752372889,1.6569579308582127,1.0,0.8700375613765529,-0.006210442050360143,1.4195322468876839,1.297424554824829,0.11404982209205627,1.3137335777282715,1.383296012878418,1.573623538017273,1.7205467224121094,0.0,0.0,0.0,0.9389329925179482,0.0033323230818496086,0.0267333984375,3.4717867597937584,0.00028496,0.005,0.0,0.0,0.0,0.0,0.0,0.0,0.0,0.0,0.0,,0.0,0.0,0.0,0.0,0.0,0.0,0.0,0.0,0.0,0.0,0.0,0.0,0.0,0.0,0.0,0.0,0.0,0.0,0.0,,,,,0.0,,1.204576849937439,,,,,,,0.0,{},{},0.0,0.0,0.0,0.0,0.0,0.0,0.0,0,0,0.0,0.0,,0.0
,,,,,,,,,,,,,,,,,,,,,,,,,,,,,,,,,,,,,,,,,,,,,,,43,4640-1790503479789325400,4640,88064,370,163,53,154,0.44054054054054054,0.52,0.485,-0.0008434803457930684,0.04031538590788841,0.9077339768409729,1.7577990293502808,9,5,0,4,0.5555555555555556,0.6666666666666666,1.5555555555555556,0.8888888888888888,0.789280891418457,0.00146484375,0.0006835936801508069,-0.001579507370479405,0.008465454913675785,-0.004589843563735485,-0.458984375,-0.0025917969178408384,0.0,0.0,0.0,0.0,-0.0008434803457930684,-0.003124999813735485,0.002405080565949902,0.7693796254824135,1.0,0.8291097480084976,-0.009934325673384592,0.6288759186863899,0.5334557294845581,0.045254897326231,0.5694698095321655,0.6386821269989014,0.6693986058235168,0.7032149434089661,0.0,0.0,0.0,1.0165238715708256,0.004397954638989177,0.0374755859375,2.5853983014822006,0.00027984,0.005,0.0,0.0,0.0,0.0,0.0,0.0,0.0,0.0,0.0,,0.0,0.0,0.0,0.0,0.0,0.0,0.0,0.0,0.0,0.0,0.0,0.0,0.0,0.0,0.0,0.0,0.0,0.0,0.0,,,,,0.0,,0.8069027066230774,,,,,,,0.0,{},{},0.0,0.0,0.0,0.0,0.0,0.0,0.0,0,0,0.0,0.0,,0.0
,,,,,,,,,,,,,,,,,,,,,,,,,,,,,,,,,,,,,,,,,,,,,,,44,4640-1790503479789325400,4640,90112,380,168,56,156,0.4421052631578947,0.54,0.495,0.00023985732696019113,0.04324273765087128,0.18302100896835327,1.5892612934112549,10,5,3,2,0.5,0.5,1.4,0.9,0.7775694131851196,0.00048828125,0.002490234561264515,-0.0008472676854580641,0.006797495298087597,-0.0006835939711891115,-0.068359375,-0.0024277344346046448,0.0,0.0,0.0,0.0,0.00023985732696019113,-0.00019531272118911147,0.003977791464421898,20.26252522163361,1.0,12.366668955018794,-0.010596714215353131,0.5379714779555798,0.4779081344604492,0.04153898358345032,0.4915073812007904,0.5309767127037048,0.5930012464523315,0.6433424353599548,0.0,0.0,0.0,0.9065129235386848,0.004265835348633118,0.0379638671875,1.7451234944164753,0.00027471999999999994,0.005,0.0,0.0,0.0,0.0,0.0,0.0,0.0,0.0,0.0,,0.0,0.0,0.0,0.0,0.0,0.0,0.0,0.0,0.0,0.0,0.0,0.0,0.0,0.0,0.0,0.0,0.0,0.0,0.0,,,,,0.0,,0.7495361566543579,,,,,,,0.0,{},{},0.0,0.0,0.0,0.0,0.0,0.0,0.0,0,0,0.0,0.0,,0.0
,,,,,,,,,,,,,,,,,,,,,,,,,,,,,,,,,,,,,,,,,,,,,,,45,4640-1790503479789325400,4640,92160,388,172,59,157,0.44329896907216493,0.54,0.51,0.000593881995882839,0.04308344051241875,0.7311409711837769,1.9867855310440063,8,4,3,1,0.5,0.5,1.25,0.75,0.8243079781532288,0.000244140625,0.003027343889698386,8.414926560362801e-05,0.006050031632184982,0.0002929689362645149,0.029296875,-0.0022734375670552254,0.0,0.0,0.0,0.0,0.000593881995882839,0.0005371095612645149,0.004560889114145539,8.475763008982426,1.0,4.224860011245343,-0.009556893550325185,0.6441763304173946,0.46888577938079834,0.07873371243476868,0.5623767971992493,0.6426687836647034,0.7426379919052124,0.798985481262207,0.0,0.0,0.0,0.8804514445364475,0.006124293206084985,0.0518798828125,1.9274464547634125,0.0002696,0.005,0.0,0.0,0.0,0.0,0.0,0.0,0.0,0.0,0.0,,0.0,0.0,0.0,0.0,0.0,0.0,0.0,0.0,0.0,0.0,0.0,0.0,0.0,0.0,0.0,0.0,0.0,0.0,0.0,,,,,0.0,,0.832773745059967,,,,,,,0.0,{},{},0.0,0.0,0.0,0.0,0.0,0.0,0.0,0,0,0.0,0.0,,0.0
,,,,,,,,,,,,,,,,,,,,,,,,,,,,,,,,,,,,,,,,,,,,,,,46,4640-1790503479789325400,4640,94208,396,180,59,157,0.45454545454545453,0.6,0.535,0.002055254764854908,0.04267135262489319,1.4128204584121704,1.1638363599777222,8,8,0,0,1.0,1.25,1.875,0.625,0.6103310585021973,0.00390625,0.004687500186264515,0.0001953601895365864,0.005722444970160723,0.0010253905784338713,0.1025390625,-0.0023046876303851604,0.0,0.0,0.0,0.0,0.002055254764854908,0.004931640578433871,0.006166951476188842,1.2502332935327853,1.0,0.4672320218224588,-0.009537070902297273,0.4860955011099577,0.3649183213710785,0.07257873564958572,0.4028410315513611,0.47168979048728943,0.5914644002914429,0.6119174361228943,0.0,0.0,0.0,0.8257989548146725,0.006111863076512236,0.05126953125,1.945616241544485,0.00026448,0.005,0.0,0.0,0.0,0.0,0.0,0.0,0.0,0.0,0.0,,0.0,0.0,0.0,0.0,0.0,0.0,0.0,0.0,0.0,0.0,0.0,0.0,0.0,0.0,0.0,0.0,0.0,0.0,0.0,,,,,0.0,,0.7265070676803589,,,,,,,0.0,{},{},0.0,0.0,0.0,0.0,0.0,0.0,0.0,0,0,0.0,0.0,,0.0
,,,,,,,,,,,,,,,,,,,,,,,,,,,,,,,,,,,,,,,,,,,,,,,47,4640-1790503479789325400,4640,96256,406,186,59,161,0.458128078817734,0.62,0.54,0.00045852255425415933,0.039765287190675735,0.944185197353363,1.518103837966919,10,6,0,4,0.6,1.3,1.6,0.3,0.7590700387954712,0.001953125,0.002001953311264515,-0.0008264599018730223,0.005426463205367327,-0.0004394531424622983,-0.0439453125,-0.0024824219290167093,0.0,0.0,0.0,0.0,0.00045852255425415933,0.0015136718575377017,0.003151954137138091,2.0809485047553515,1.0,1.6389173118012588,-0.0064275136101059616,0.563211016356945,0.47696375846862793,0.05221373960375786,0.5087375640869141,0.5559095144271851,0.6332663297653198,0.6640800833702087,0.0,0.0,0.0,0.8544617034494877,0.007093759995768778,0.0638427734375,2.6342301964759827,0.00025936000000000004,0.005,0.0,0.0,0.0,0.0,0.0,0.0,0.0,0.0,0.0,,0.0,0.0,0.0,0.0,0.0,0.0,0.0,0.0,0.0,0.0,0.0,0.0,0.0,0.0,0.0,0.0,0.0,0.0,0.0,,,,,0.0,,0.7451554536819458,,,,,,,0.0,{},{},0.0,0.0,0.0,0.0,0.0,0.0,0.0,0,0,0.0,0.0,,0.0
,,,,,,,,,,,,,,,,,,,,,,,,,,,,,,,,,,,,,,,,,,,,,,,48,4640-1790503479789325400,4640,98304,413,190,61,162,0.4600484261501211,0.62,0.54,0.0011738678440451622,0.043930523097515106,0.8661307096481323,1.6226457357406616,7,4,2,1,0.5714285714285714,0.5714285714285714,1.5714285714285714,1.0,0.8707820773124695,0.000732421875,0.0036132812965661287,-0.00031585662509314716,0.0067923832684755325,0.0016113282181322575,0.1611328125,-0.0023574219085276127,0.0,0.0,0.0,0.0,0.0011738678440451622,0.0023437500931322575,0.005232412957411725,2.2315439810568276,1.0,1.0054043351709296,-0.012255106586962938,0.33033034950494766,0.237443208694458,0.04011332243680954,0.287229061126709,0.3312808871269226,0.373771607875824,0.405771940946579,0.0,0.0,0.0,0.8531662672758102,0.00504293978883652,0.0389404296875,1.2805231250822544,0.00025424000000000003,0.005,0.0,0.0,0.0,0.0,0.0,0.0,0.0,0.0,0.0,,0.0,0.0,0.0,0.0,0.0,0.0,0.0,0.0,0.0,0.0,0.0,0.0,0.0,0.0,0.0,0.0,0.0,0.0,0.0,,,,,0.0,,0.5832907557487488,,,,,,,0.0,{},{},0.0,0.0,0.0,0.0,0.0,0.0,0.0,0,0,0.0,0.0,,0.0
,,,,,,,,,,,,,,,,,,,,,,,,,,,,,,,,,,,,,,,,,,,,,,,49,4640-1790503479789325400,4640,100352,424,199,61,164,0.4693396226415094,0.68,0.56,0.0007151683093979955,0.04727774113416672,0.6697461605072021,1.9750880002975464,11,9,0,2,0.8181818181818182,1.0909090909090908,1.5454545454545454,0.45454545454545453,0.9181903004646301,0.00390625,0.002832031575962901,-0.00013058289187029004,0.009028853848576546,-0.0032714842818677425,-0.3271484375,-0.0023691405076533556,0.0,0.0,0.0,0.0,0.0007151683093979955,0.0006347657181322575,0.005056599315139465,7.9535576878770105,1.0,3.7264363901428648,-0.012222233548527583,0.31656371988356113,0.27170172333717346,0.027224937453866005,0.28665030002593994,0.31310907006263733,0.35744234919548035,0.3638400435447693,0.0,0.0,0.0,0.8973801955580711,0.004602220025844872,0.0379638671875,1.4167052619159222,0.00024912000000000003,0.005,0.0,0.0,0.0,0.0,0.0,0.0,0.0,0.0,0.0,,0.0,0.0,0.0,0.0,0.0,0.0,0.0,0.0,0.0,0.0,0.0,0.0,0.0,0.0,0.0,0.0,0.0,0.0,0.0,,,,,0.0,,0.5649225115776062,,,,,,,0.0,{},{},0.0,0.0,0.0,0.0,0.0,0.0,0.0,0,0,0.0,0.0,,0.0
,,,,,,,,,,,,,,,,,,,,,,,,,,,,,,,,,,,,,,,,,,,,,,,50,4640-1790503479789325400,4640,102400,433,204,65,164,0.47113163972286376,0.7,0.565,0.0004917786573059857,0.046184223145246506,0.3536491394042969,1.929907202720642,9,5,4,0,0.5555555555555556,0.7777777777777778,1.8888888888888888,1.1111111111111112,0.9301442503929138,0.00048828125,0.0020996094681322575,-0.0010457643074914813,0.010506488382816315,-0.00019531254656612873,-0.01953125,-0.002472656313329935,0.0,0.0,0.0,0.0,0.0004917786573059857,0.00029296870343387127,0.004464790486963466,15.187978974666013,1.0,8.411291013113452,-0.015090230794157833,0.24467783886939287,0.22044557332992554,0.01842258870601654,0.22539576888084412,0.2395530492067337,0.27084067463874817,0.2838137149810791,0.0,0.0,0.0,0.9026954881846905,0.008472764275211375,0.08447265625,1.0252843759953976,0.000244,0.005,0.0,0.0,0.0,0.0,0.0,0.0,0.0,0.0,0.0,,0.0,0.0,0.0,0.0,0.0,0.0,0.0,0.0,0.0,0.0,0.0,0.0,0.0,0.0,0.0,0.0,0.0,0.0,0.0,,,,,0.0,,0.5100789666175842,,,,,,,0.0,{},{},0.0,0.0,0.0,0.0,0.0,0.0,0.0,0,0,0.0,0.0,,0.0
,,,,,,,,,,,,,,,,,,,,,,,,,,,,,,,,,,,,,,,,,,,,,,,51,4640-1790503479789325400,4640,104448,441,209,65,167,0.47392290249433106,0.68,0.57,0.00023021230299491435,0.03641213849186897,0.7817797660827637,1.8134961128234863,8,5,0,3,0.625,0.625,1.25,0.625,0.6187810897827148,0.001708984375,0.0021484375465661287,-0.0008968457113951445,0.007881405763328075,-0.0020019528456032276,-0.2001953125,-0.002519531175494194,0.0,0.0,0.0,0.0,0.00023021230299491435,-0.0002929684706032276,0.0038945775595493615,13.2482832310473,1.0,8.57075308220667,-0.008947694208472967,1.2199527695775032,0.9782944917678833,0.11908810585737228,1.0579278469085693,1.2377700805664062,1.3367871046066284,1.4203426837921143,0.0,0.0,0.0,0.8883275203406811,0.004137863048526924,0.0360107421875,3.0632705241441727,0.00023888,0.005,0.0,0.0,0.0,0.0,0.0,0.0,0.0,0.0,0.0,,0.0,0.0,0.0,0.0,0.0,0.0,0.0,0.0,0.0,0.0,0.0,0.0,0.0,0.0,0.0,0.0,0.0,0.0,0.0,,,,,0.0,,1.1197056770324707,,,,,,,0.0,{},{},0.0,0.0,0.0,0.0,0.0,0.0,0.0,0,0,0.0,0.0,,0.0
,,,,,,,,,,,,,,,,,,,,,,,,,,,,,,,,,,,,,,,,,,,,,,,52,4640-1790503479789325400,4640,106496,450,216,65,169,0.48,0.64,0.585,0.0017020313534885645,0.04604653641581535,0.4200384020805359,1.402984619140625,9,7,0,2,0.7777777777777778,1.4444444444444444,1.8888888888888888,0.4444444444444444,0.5920929312705994,0.0029296875,0.004101562779396772,0.00012316429638303816,0.006632734555751085,0.0010742186568677425,0.107421875,-0.002292968798428774,0.0,0.0,0.0,0.0,0.0017020313534885645,0.0040039061568677425,0.005790537492430303,1.4458609679281753,1.0,0.5725399568967969,-0.009110630955547094,0.7595084831118584,0.6692602634429932,0.06465267390012741,0.6840398907661438,0.76446932554245,0.8490983247756958,0.8867900371551514,0.0,0.0,0.0,0.8270684257149696,0.004752552318677772,0.04443359375,2.2685380205512047,0.00023376000000000004,0.005,0.0,0.0,0.0,0.0,0.0,0.0,0.0,0.0,0.0,,0.0,0.0,0.0,0.0,0.0,0.0,0.0,0.0,0.0,0.0,0.0,0.0,0.0,0.0,0.0,0.0,0.0,0.0,0.0,,,,,0.0,,0.8960526585578918,,,,,,,0.0,{},{},0.0,0.0,0.0,0.0,0.0,0.0,0.0,0,0,0.0,0.0,,0.0
,,,,,,,,,,,,,,,,,,,,,,,,,,,,,,,,,,,,,,,,,,,,,,,53,4640-1790503479789325400,4640,108544,460,222,66,172,0.4826086956521739,0.66,0.59,0.0004059491620864719,0.04270729795098305,0.45787957310676575,1.3950679302215576,10,6,1,3,0.6,0.8,1.6,0.8,0.5811600685119629,0.001708984375,0.00244140625,-0.0006795270019210875,0.007243226282298565,-0.0013671873603016138,-0.13671875,-0.002484374912455678,0.0,0.0,0.0,0.0,0.0004059491620864719,0.0003417970146983862,0.004082331070094369,11.908887461246575,1.0,7.2473644924871445,-0.007254896088852547,0.7865295968949795,0.6074209809303284,0.10484285652637482,0.6644350290298462,0.7628389596939087,0.9281521439552307,0.9965758323669434,0.0,0.0,0.0,0.8418411873281002,0.003786396046052687,0.030517578125,3.076140195131302,0.00022864,0.005,0.0,0.0,0.0,0.0,0.0,0.0,0.0,0.0,0.0,,0.0,0.0,0.0,0.0,0.0,0.0,0.0,0.0,0.0,0.0,0.0,0.0,0.0,0.0,0.0,0.0,0.0,0.0,0.0,,,,,0.0,,0.9028578996658325,,,,,,,0.0,{},{},0.0,0.0,0.0,0.0,0.0,0.0,0.0,0,0,0.0,0.0,,0.0
,,,,,,,,,,,,,,,,,,,,,,,,,,,,,,,,,,,,,,,,,,,,,,,54,4640-1790503479789325400,4640,110592,467,224,67,176,0.4796573875802998,0.62,0.58,-0.0020915817003697157,0.044608306139707565,0.632889986038208,1.4062966108322144,7,2,1,4,0.2857142857142857,-0.14285714285714285,0.7142857142857143,0.8571428571428571,0.7821820974349976,-0.00048828125,0.0014160156715661287,-0.0007704362506046891,0.00713464617729187,-0.008496093563735485,-0.849609375,-0.0024296874180436134,0.0,0.0,0.0,0.0,-0.0020915817003697157,-0.008984374813735485,0.003007068153237924,0.33466251720976314,1.0,0.2704046818758717,-0.012913716869661584,0.4104861840605736,0.33671486377716064,0.046086326241493225,0.35720524191856384,0.40834474563598633,0.4667145311832428,0.5132876634597778,0.0,0.0,0.0,0.823009729385376,0.004816221058717929,0.040771484375,1.387607678771019,0.00022352,0.005,0.0,0.0,0.0,0.0,0.0,0.0,0.0,0.0,0.0,,0.0,0.0,0.0,0.0,0.0,0.0,0.0,0.0,0.0,0.0,0.0,0.0,0.0,0.0,0.0,0.0,0.0,0.0,0.0,,,,,0.0,,0.65633225440979,,,,,,,0.0,{},{},0.0,0.0,0.0,0.0,0.0,0.0,0.0,0,0,0.0,0.0,,0.0
,,,,,,,,,,,,,,,,,,,,,,,,,,,,,,,,,,,,,,,,,,,,,,,55,4640-1790503479789325400,4640,112640,476,231,68,177,0.4852941176470588,0.62,0.59,3.071688115596771e-05,0.04726027324795723,0.5455849766731262,1.3249831199645996,9,7,1,1,0.7777777777777778,1.0,1.7777777777777777,0.7777777777777778,0.7516172528266907,0.002685546875,0.0021972658578306437,-0.000420712458435446,0.006191598251461983,-0.0035644532181322575,-0.3564453125,-0.00236132787540555,0.0,0.0,0.0,0.0,3.071688115596771e-05,-0.0008789063431322575,0.003639987306087278,4.136789482764481,1.0,2.683612743374237,-0.010412557108793408,0.40980906784534454,0.3089402914047241,0.06612578779459,0.32448089122772217,0.41413769125938416,0.4994828999042511,0.537265419960022,0.0,0.0,0.0,0.826285433024168,0.00552285630692495,0.0501708984375,1.476852722465992,0.0002184,0.005,0.0,0.0,0.0,0.0,0.0,0.0,0.0,0.0,0.0,,0.0,0.0,0.0,0.0,0.0,0.0,0.0,0.0,0.0,0.0,0.0,0.0,0.0,0.0,0.0,0.0,0.0,0.0,0.0,,,,,0.0,,0.660345196723938,,,,,,,0.0,{},{},0.0,0.0,0.0,0.0,0.0,0.0,0.0,0,0,0.0,0.0,,0.0
,,,,,,,,,,,,,,,,,,,,,,,,,,,,,,,,,,,,,,,,,,,,,,,56,4640-1790503479789325400,4640,114688,486,236,69,181,0.48559670781893005,0.62,0.59,0.0001959272485692054,0.04350457340478897,0.33836060762405396,1.0588592290878296,10,5,1,4,0.5,0.9,2.0,1.1,0.7466230392456055,0.0009765625,0.0022949217818677425,-0.0004184687859378755,0.005305615719407797,-0.0008300782064907253,-0.0830078125,-0.0024316406343132257,0.0,0.0,0.0,0.0,0.0001959272485692054,0.00014648429350927472,0.003516708515235223,23.844630716653707,1.0,16.487454877087025,-0.012784748716512695,0.2828791840001941,0.2390861213207245,0.02071862295269966,0.2558786869049072,0.28520384430885315,0.3077012896537781,0.3092823922634125,0.0,0.0,0.0,0.8191139698028564,0.004990719273337163,0.036865234375,1.2207541726529598,0.00021328000000000002,0.005,0.0,0.0,0.0,0.0,0.0,0.0,0.0,0.0,0.0,,0.0,0.0,0.0,0.0,0.0,0.0,0.0,0.0,0.0,0.0,0.0,0.0,0.0,0.0,0.0,0.0,0.0,0.0,0.0,,,,,0.0,,0.5329933166503906,,,,,,,0.0,{},{},0.0,0.0,0.0,0.0,0.0,0.0,0.0,0,0,0.0,0.0,,0.0
,,,,,,,,,,,,,,,,,,,,,,,,,,,,,,,,,,,,,,,,,,,,,,,57,4640-1790503479789325400,4640,116736,495,239,71,185,0.48282828282828283,0.54,0.58,-0.0014689976815134287,0.044341374188661575,0.2945472002029419,1.552647352218628,9,3,2,4,0.3333333333333333,0.2222222222222222,1.2222222222222223,1.0,0.904498815536499,-0.00048828125,0.001513671944849193,-0.00025561320944689214,0.006502291187644005,-0.006054687313735485,-0.60546875,-0.0023867187555879354,0.0,0.0,0.0,0.0,-0.0014689976815134287,-0.006542968563735485,0.0030753414393984713,0.4699505215292443,1.0,0.36472038829989856,-0.012282616255106404,0.24068836402148008,0.19334550201892853,0.030182775110006332,0.1994321346282959,0.23859797418117523,0.28545984625816345,0.28935229778289795,0.0,0.0,0.0,0.8136586807668209,0.006014165213855449,0.054443359375,1.3884422779083252,0.00020816,0.005,0.0,0.0,0.0,0.0,0.0,0.0,0.0,0.0,0.0,,0.0,0.0,0.0,0.0,0.0,0.0,0.0,0.0,0.0,0.0,0.0,0.0,0.0,0.0,0.0,0.0,0.0,0.0,0.0,,,,,0.0,,0.47981876134872437,,,,,,,0.0,{},{},0.0,0.0,0.0,0.0,0.0,0.0,0.0,0,0,0.0,0.0,,0.0
,,,,,,,,,,,,,,,,,,,,,,,,,,,,,,,,,,,,,,,,,,,,,,,58,4640-1790503479789325400,4640,118784,504,244,73,187,0.48412698412698413,0.52,0.575,-6.541007314808667e-05,0.04493694007396698,1.0328580141067505,0.8447112441062927,9,5,2,2,0.5555555555555556,0.6666666666666666,1.8888888888888888,1.2222222222222223,0.5230032205581665,0.0009765625,0.0035644532181322575,-0.00048490051995031536,0.004961718805134296,-0.003124999813735485,-0.3125,-0.0024687498807907104,0.0,0.0,0.0,0.0,-6.541007314808667e-05,-0.002148437313735485,0.004683657789428253,2.179015763566778,1.0,1.148556352406619,-0.013713657797779888,0.32395580410957336,0.2841879725456238,0.02419920824468136,0.3003019094467163,0.3160898983478546,0.3599938154220581,0.36393582820892334,0.0,0.0,0.0,0.8169263452291489,0.0051143979508196935,0.046630859375,1.0192115493118763,0.00020304,0.005,0.0,0.0,0.0,0.0,0.0,0.0,0.0,0.0,0.0,,0.0,0.0,0.0,0.0,0.0,0.0,0.0,0.0,0.0,0.0,0.0,0.0,0.0,0.0,0.0,0.0,0.0,0.0,0.0,,,,,0.0,,0.5833994746208191,,,,,,,0.0,{},{},0.0,0.0,0.0,0.0,0.0,0.0,0.0,0,0,0.0,0.0,,0.0
,,,,,,,,,,,,,,,,,,,,,,,,,,,,,,,,,,,,,,,,,,,,,,,59,4640-1790503479789325400,4640,120832,514,252,74,188,0.490272373540856,0.58,0.595,0.001966324169188738,0.04699103906750679,0.8616072535514832,1.1927518844604492,10,8,1,1,0.8,1.5,1.9,0.4,0.8088167905807495,0.003173828125,0.0047363280318677425,0.00048694288125261664,0.00541943684220314,0.001513672061264515,0.1513671875,-0.0023125000298023224,0.0,0.0,0.0,0.0,0.001966324169188738,0.004687500186264515,0.006212922962731682,1.3251408160189764,1.0,0.4932280980977775,-0.012346504023298621,0.25835503078997135,0.22156590223312378,0.02060430310666561,0.22810956835746765,0.2694321274757385,0.278159499168396,0.2916926145553589,0.0,0.0,0.0,0.8660794943571091,0.005107876371766906,0.0367431640625,1.3066358268260956,0.00019792,0.005,0.0,0.0,0.0,0.0,0.0,0.0,0.0,0.0,0.0,,0.0,0.0,0.0,0.0,0.0,0.0,0.0,0.0,0.0,0.0,0.0,0.0,0.0,0.0,0.0,0.0,0.0,0.0,0.0,,,,,0.0,,0.5215248465538025,,,,,,,0.0,{},{},0.0,0.0,0.0,0.0,0.0,0.0,0.0,0,0,0.0,0.0,,0.0
,,,,,,,,,,,,,,,,,,,,,,,,,,,,,,,,,,,,,,,,,,,,,,,60,4640-1790503479789325400,4640,122880,521,257,74,190,0.4932821497120921,0.6,0.6,0.0016891916748136282,0.04523858428001404,0.7121339440345764,1.0780290365219116,7,5,0,2,0.7142857142857143,1.2857142857142858,1.8571428571428572,0.5714285714285714,0.5696437358856201,0.001953125,0.004443359561264515,0.00019563347450457513,0.005355390254408121,0.0019042964559048414,0.1904296875,-0.002316406462341547,0.0,0.0,0.0,0.0,0.0016891916748136282,0.0038574214559048414,0.005831115493492689,1.5112697148645804,1.0,0.6003508141384012,-0.01169936591759324,0.4853720758110285,0.3905598521232605,0.06819340586662292,0.4007323682308197,0.4847336411476135,0.548815131187439,0.6586431264877319,0.0,0.0,0.0,0.8383125066757202,0.004135978437261656,0.0323486328125,1.3850233145058155,0.00019280000000000002,0.005,0.0,0.0,0.0,0.0,0.0,0.0,0.0,0.0,0.0,,0.0,0.0,0.0,0.0,0.0,0.0,0.0,0.0,0.0,0.0,0.0,0.0,0.0,0.0,0.0,0.0,0.0,0.0,0.0,,,,,0.0,,0.70720374584198,,,,,,,0.0,{},{},0.0,0.0,0.0,0.0,0.0,0.0,0.0,0,0,0.0,0.0,,0.0
,,,,,,,,,,,,,,,,,,,,,,,,,,,,,,,,,,,,,,,,,,,,,,,61,4640-1790503479789325400,4640,124928,532,266,75,191,0.5,0.66,0.62,0.00070242490619421,0.046570926904678345,0.6743614077568054,1.124477744102478,11,9,1,1,0.8181818181818182,1.4545454545454546,2.272727272727273,0.8181818181818182,0.053696274757385254,0.003662109375,0.002978515811264515,-0.0002713424910325557,0.005374203436076641,-0.00205078162252903,-0.205078125,-0.002335937460884452,0.0,0.0,0.0,0.0,0.00070242490619421,0.0016113277524709702,0.004254231047525536,2.6385646721057316,1.0,1.4487981474638236,-0.008142468141159043,1.1430759988725185,0.8437156677246094,0.2121053785085678,0.9197162389755249,1.122551441192627,1.4423719644546509,1.6071780920028687,0.0,0.0,0.0,0.8971747308969498,0.003064309283217881,0.02490234375,3.1278508082032204,0.00018768000000000002,0.005,0.0,0.0,0.0,0.0,0.0,0.0,0.0,0.0,0.0,,0.0,0.0,0.0,0.0,0.0,0.0,0.0,0.0,0.0,0.0,0.0,0.0,0.0,0.0,0.0,0.0,0.0,0.0,0.0,,,,,0.0,,1.0938711166381836,,,,,,,0.0,{},{},0.0,0.0,0.0,0.0,0.0,0.0,0.0,0,0,0.0,0.0,,0.0
,,,,,,,,,,,,,,,,,,,,,,,,,,,,,,,,,,,,,,,,,,,,,,,62,4640-1790503479789325400,4640,126976,537,268,76,193,0.49906890130353815,0.64,0.615,0.0005817740457132459,0.04365553334355354,0.6149437427520752,1.2456989288330078,5,2,1,2,0.4,0.4,1.0,0.6,0.7924827933311462,0.0,0.004443359561264515,-5.3011171985417604e-06,0.005065069533884525,-0.0004882814828306437,-0.048828125,-0.0024511718656867743,0.0,0.0,0.0,0.0,0.0005817740457132459,-0.0004882814828306437,0.005708301665436011,11.666702840278631,1.0,5.009737649391496,-0.01102749991696328,0.3034298038110137,0.23921950161457062,0.039937108755111694,0.2503824234008789,0.30581340193748474,0.35377588868141174,0.3813096284866333,0.0,0.0,0.0,0.875128984451294,0.0035790771289612167,0.026123046875,1.244383316487074,0.00018256000000000001,0.005,0.0,0.0,0.0,0.0,0.0,0.0,0.0,0.0,0.0,,0.0,0.0,0.0,0.0,0.0,0.0,0.0,0.0,0.0,0.0,0.0,0.0,0.0,0.0,0.0,0.0,0.0,0.0,0.0,,,,,0.0,,0.5674663782119751,,,,,,,0.0,{},{},0.0,0.0,0.0,0.0,0.0,0.0,0.0,0,0,0.0,0.0,,0.0
,,,,,,,,,,,,,,,,,,,,,,,,,,,,,,,,,,,,,,,,,,,,,,,63,4640-1790503479789325400,4640,129024,550,277,77,196,0.5036363636363637,0.7,0.625,0.000831967277918011,0.043241191655397415,0.7409837245941162,0.9162178635597229,13,9,1,3,0.6923076923076923,1.0769230769230769,1.6923076923076923,0.6153846153846154,0.7856253385543823,0.003173828125,0.0027832030318677425,-0.00028355789254419506,0.006472807377576828,-0.001220703125,-0.1220703125,-0.0023886719718575478,0.0,0.0,0.0,0.0,0.000831967277918011,0.001953125,0.004330515403125901,2.216089248705124,1.0,1.2223741940037345,-0.019119454023893923,0.1685127578675747,0.14556002616882324,0.015539917163550854,0.14774787425994873,0.1704515516757965,0.18690624833106995,0.20063112676143646,0.0,0.0,0.0,0.8593028038740158,0.007636859474587254,0.0611572265625,0.7318474277853966,0.00017743999999999998,0.005,0.0,0.0,0.0,0.0,0.0,0.0,0.0,0.0,0.0,,0.0,0.0,0.0,0.0,0.0,0.0,0.0,0.0,0.0,0.0,0.0,0.0,0.0,0.0,0.0,0.0,0.0,0.0,0.0,,,,,0.0,,0.4242144823074341,,,,,,,0.0,{},{},0.0,0.0,0.0,0.0,0.0,0.0,0.0,0,0,0.0,0.0,,0.0
,,,,,,,,,,,,,,,,,,,,,,,,,,,,,,,,,,,,,,,,,,,,,,,64,4640-1790503479789325400,4640,131072,557,284,77,196,0.5098743267504489,0.74,0.64,0.0012835352681577206,0.04391873627901077,0.826991081237793,1.0859878063201904,7,7,0,0,1.0,1.5714285714285714,2.0,0.42857142857142855,0.7167166471481323,0.00341796875,0.003515625139698386,-0.0004281410947442055,0.006432227324694395,-0.0002441410324536264,-0.0244140625,-0.002527343574911356,0.0,0.0,0.0,0.0,0.0012835352681577206,0.0031738277175463736,0.005016646697185934,1.5801319452581153,1.0,0.7960569201734771,-0.008671806135680526,0.32556060515344143,0.27367064356803894,0.025526368990540504,0.29882296919822693,0.32674211263656616,0.3479160666465759,0.3856441378593445,0.0,0.0,0.0,0.8764226101338863,0.004774546352564357,0.03759765625,1.5529638677835464,0.00017231999999999998,0.005,0.0,0.0,0.0,0.0,0.0,0.0,0.0,0.0,0.0,,0.0,0.0,0.0,0.0,0.0,0.0,0.0,0.0,0.0,0.0,0.0,0.0,0.0,0.0,0.0,0.0,0.0,0.0,0.0,,,,,0.0,,0.5780102014541626,,,,,,,0.0,{},{},0.0,0.0,0.0,0.0,0.0,0.0,0.0,0,0,0.0,0.0,,0.0
,,,,,,,,,,,,,,,,,,,,,,,,,,,,,,,,,,,,,,,,,,,,,,,65,4640-1790503479789325400,4640,133120,568,292,78,198,0.5140845070422535,0.72,0.655,9.357475209981203e-05,0.04404868558049202,0.5638369917869568,1.1836405992507935,11,8,1,2,0.7272727272727273,1.0,1.6363636363636365,0.6363636363636364,0.7640113830566406,0.0029296875,0.0019042969215661287,-0.0004510299186222255,0.007027576677501202,-0.003222656436264515,-0.322265625,-0.0024941405281424522,0.0,0.0,0.0,0.0,9.357475209981203e-05,-0.0002929689362645149,0.0035484336112858728,12.070777465048115,1.0,8.48436763365436,-0.014678017527330667,0.32027928717434406,0.28038543462753296,0.03121880255639553,0.2851856052875519,0.31263023614883423,0.35318151116371155,0.4011443853378296,0.0,0.0,0.0,0.8898168951272964,0.0059485522215254605,0.0528564453125,0.935136754065752,0.00016720000000000003,0.005,0.0,0.0,0.0,0.0,0.0,0.0,0.0,0.0,0.0,,0.0,0.0,0.0,0.0,0.0,0.0,0.0,0.0,0.0,0.0,0.0,0.0,0.0,0.0,0.0,0.0,0.0,0.0,0.0,,,,,0.0,,0.574996829032898,,,,,,,0.0,{},{},0.0,0.0,0.0,0.0,0.0,0.0,0.0,0,0,0.0,0.0,,0.0
,,,,,,,,,,,,,,,,,,,,,,,,,,,,,,,,,,,,,,,,,,,,,,,66,4640-1790503479789325400,4640,135168,576,297,80,199,0.515625,0.74,0.65,0.0011622136225923896,0.04120238497853279,0.43493396043777466,1.5496628284454346,8,5,2,1,0.625,1.0,1.625,0.625,0.8997654914855957,0.001220703125,0.0030273436568677425,-0.00012967793736606836,0.0073084901086986065,0.0016113282181322575,0.1611328125,-0.002464843913912773,0.0,0.0,0.0,0.0,0.0011622136225923896,0.0028320313431322575,0.004822046699700877,1.7020802510322823,1.0,0.8700376435608337,-0.012249046034412459,0.22886197362095118,0.19664810597896576,0.020066099241375923,0.20597532391548157,0.22710531949996948,0.25463244318962097,0.26790472865104675,0.0,0.0,0.0,0.8521327823400497,0.0049785900409915484,0.046875,1.2220162749290466,0.00016208,0.005,0.0,0.0,0.0,0.0,0.0,0.0,0.0,0.0,0.0,,0.0,0.0,0.0,0.0,0.0,0.0,0.0,0.0,0.0,0.0,0.0,0.0,0.0,0.0,0.0,0.0,0.0,0.0,0.0,,,,,0.0,,0.4906206727027893,,,,,,,0.0,{},{},0.0,0.0,0.0,0.0,0.0,0.0,0.0,0,0,0.0,0.0,,0.0
,,,,,,,,,,,,,,,,,,,,,,,,,,,,,,,,,,,,,,,,,,,,,,,67,4640-1790503479789325400,4640,137216,585,304,82,199,0.5196581196581197,0.74,0.67,0.0023100797552615404,0.04418456181883812,0.6842937469482422,1.1262083053588867,9,7,2,0,0.7777777777777778,1.1111111111111112,1.5555555555555556,0.4444444444444444,0.900177538394928,0.00244140625,0.005126953125,0.0002571616496425122,0.006070338189601898,0.003027343889698386,0.302734375,-0.002355468925088644,0.0,0.0,0.0,0.0,0.0023100797552615404,0.005468750139698386,0.006708828084811103,1.2265328238889248,1.0,0.4306355619415057,-0.015322315157391131,0.12463536858558655,0.10427725315093994,0.010811161249876022,0.11267638206481934,0.12475085258483887,0.13865156471729279,0.14445136487483978,0.0,0.0,0.0,0.8689262270927429,0.004557493113679811,0.0361328125,0.9397444427013397,0.00015696,0.005,0.0,0.0,0.0,0.0,0.0,0.0,0.0,0.0,0.0,,0.0,0.0,0.0,0.0,0.0,0.0,0.0,0.0,0.0,0.0,0.0,0.0,0.0,0.0,0.0,0.0,0.0,0.0,0.0,,,,,0.0,,0.35582205653190613,,,,,,,0.0,{},{},0.0,0.0,0.0,0.0,0.0,0.0,0.0,0,0,0.0,0.0,,0.0
,,,,,,,,,,,,,,,,,,,,,,,,,,,,,,,,,,,,,,,,,,,,,,,68,4640-1790503479789325400,4640,139264,594,312,82,200,0.5252525252525253,0.74,0.67,0.0015566295478492975,0.04839453846216202,0.7855170965194702,1.0576000213623047,9,8,0,1,0.8888888888888888,1.5555555555555556,2.111111111111111,0.5555555555555556,0.5530240535736084,0.003662109375,0.0034179689828306437,-0.00018461926083546132,0.009342225268483162,-9.765641880221665e-05,-0.009765625,-0.0023671872913837433,0.0,0.0,0.0,0.0,0.0015566295478492975,0.0035644529561977834,0.005707370484742569,1.6007420529336998,1.0,0.6639232996382383,-0.007492903823731467,0.4716227110475302,0.3546614944934845,0.052406203001737595,0.42132246494293213,0.4654625654220581,0.5466890335083008,0.5566417574882507,0.0,0.0,0.0,0.9035779051482677,0.002607017937407363,0.0186767578125,1.8770705051720142,0.00015183999999999998,0.005,0.0,0.0,0.0,0.0,0.0,0.0,0.0,0.0,0.0,,0.0,0.0,0.0,0.0,0.0,0.0,0.0,0.0,0.0,0.0,0.0,0.0,0.0,0.0,0.0,0.0,0.0,0.0,0.0,,,,,0.0,,0.7070717811584473,,,,,,,0.0,{},{},0.0,0.0,0.0,0.0,0.0,0.0,0.0,0,0,0.0,0.0,,0.0
,,,,,,,,,,,,,,,,,,,,,,,,,,,,,,,,,,,,,,,,,,,,,,,69,4640-1790503479789325400,4640,141312,602,318,82,202,0.5282392026578073,0.78,0.665,0.0005158060812391341,0.037622395902872086,0.33095782995224,1.1769071817398071,8,6,0,2,0.75,1.25,2.25,1.0,0.8054767847061157,0.00244140625,0.0013671875931322575,-0.0012980983592569828,0.008897428400814533,-0.0006347656017169356,-0.0634765625,-0.0026386717800050974,0.0,0.0,0.0,0.0,0.0005158060812391341,0.0018066406482830644,0.003267020103521645,1.8073393661648018,1.0,1.4597324874893494,-0.01461085511255078,0.2625018013641238,0.21811705827713013,0.025576302781701088,0.22998261451721191,0.26776307821273804,0.29040899872779846,0.3149302005767822,0.0,0.0,0.0,0.8094040974974632,0.007223004911793396,0.06494140625,0.9221151992678642,0.00014672000000000003,0.005,0.0,0.0,0.0,0.0,0.0,0.0,0.0,0.0,0.0,,0.0,0.0,0.0,0.0,0.0,0.0,0.0,0.0,0.0,0.0,0.0,0.0,0.0,0.0,0.0,0.0,0.0,0.0,0.0,,,,,0.0,,0.519072413444519,,,,,,,0.0,{},{},0.0,0.0,0.0,0.0,0.0,0.0,0.0,0,0,0.0,0.0,,0.0
,,,,,,,,,,,,,,,,,,,,,,,,,,,,,,,,,,,,,,,,,,,,,,,70,4640-1790503479789325400,4640,143360,611,322,82,207,0.5270049099836334,0.72,0.665,0.0009645386599004269,0.03474356606602669,0.6682875156402588,1.6095527410507202,9,4,0,5,0.4444444444444444,0.6666666666666666,0.8888888888888888,0.2222222222222222,0.7939378619194031,0.000732421875,0.003710937686264515,-0.0005488042370416224,0.008795022033154964,0.00024414050858467817,0.0244140625,-0.0025527344550937414,0.0,0.0,0.0,0.0,0.0009645386599004269,0.0009765623835846782,0.0057724921352928504,5.9049859448615205,1.0,2.611326395081792,-0.008326707291416824,0.5276028495281935,0.39645475149154663,0.062013935297727585,0.45792484283447266,0.5148493051528931,0.608014702796936,0.6166983842849731,0.0,0.0,0.0,0.8165017776191235,0.003988113094237633,0.037109375,2.5551672130823135,0.0001416,0.005,0.0,0.0,0.0,0.0,0.0,0.0,0.0,0.0,0.0,,0.0,0.0,0.0,0.0,0.0,0.0,0.0,0.0,0.0,0.0,0.0,0.0,0.0,0.0,0.0,0.0,0.0,0.0,0.0,,,,,0.0,,0.7306414842605591,,,,,,,0.0,{},{},0.0,0.0,0.0,0.0,0.0,0.0,0.0,0,0,0.0,0.0,,0.0
,,,,,,,,,,,,,,,,,,,,,,,,,,,,,,,,,,,,,,,,,,,,,,,71,4640-1790503479789325400,4640,145408,620,328,83,209,0.5290322580645161,0.7,0.665,-0.0005979668931104243,0.043493568897247314,0.6899616718292236,1.271811604499817,9,6,1,2,0.6666666666666666,1.0,1.3333333333333333,0.3333333333333333,0.8609212040901184,0.001953125,0.0021484377793967724,-0.0004627487505786121,0.006491115316748619,-0.005419922061264515,-0.5419921875,-0.0024511718656867743,0.0,0.0,0.0,0.0,-0.0005979668931104243,-0.003466797061264515,0.003655529420939274,1.054135912903249,1.0,0.7068383248450434,-0.013470905250869691,0.21655852813273668,0.19151300191879272,0.013427600264549255,0.19996806979179382,0.2143714427947998,0.23722347617149353,0.23861408233642578,0.0,0.0,0.0,0.7715680040419102,0.0032450357903144322,0.0250244140625,0.8898818641901016,0.00013648,0.005,0.0,0.0,0.0,0.0,0.0,0.0,0.0,0.0,0.0,,0.0,0.0,0.0,0.0,0.0,0.0,0.0,0.0,0.0,0.0,0.0,0.0,0.0,0.0,0.0,0.0,0.0,0.0,0.0,,,,,0.0,,0.4743001163005829,,,,,,,0.0,{},{},0.0,0.0,0.0,0.0,0.0,0.0,0.0,0,0,0.0,0.0,,0.0
,,,,,,,,,,,,,,,,,,,,,,,,,,,,,,,,,,,,,,,,,,,,,,,72,4640-1790503479789325400,4640,147456,631,334,86,211,0.5293185419968305,0.68,0.655,2.3767293896526098e-05,0.04436422884464264,1.0411951541900635,1.2679221630096436,11,6,3,2,0.5454545454545454,0.36363636363636365,1.4545454545454546,1.0909090909090908,0.8683769106864929,0.0009765625,0.0025390624068677425,6.545575160998851e-05,0.006504290737211704,-0.0025390624068677425,-0.25390625,-0.0024550780653953552,0.0,0.0,0.0,0.0,2.3767293896526098e-05,-0.0015624999068677425,0.004181499029073166,2.6744478913658685,1.0,1.570245098583835,-0.013999409537063912,0.21212883945554495,0.18938717246055603,0.01486125122755766,0.1944582164287567,0.20715975761413574,0.23051676154136658,0.2443038821220398,0.0,0.0,0.0,0.8173235319554806,0.0038123250706121325,0.02978515625,0.9585897475481033,0.00013136,0.005,0.0,0.0,0.0,0.0,0.0,0.0,0.0,0.0,0.0,,0.0,0.0,0.0,0.0,0.0,0.0,0.0,0.0,0.0,0.0,0.0,0.0,0.0,0.0,0.0,0.0,0.0,0.0,0.0,,,,,0.0,,0.4600009024143219,,,,,,,0.0,{},{},0.0,0.0,0.0,0.0,0.0,0.0,0.0,0,0,0.0,0.0,,0.0
,,,,,,,,,,,,,,,,,,,,,,,,,,,,,,,,,,,,,,,,,,,,,,,73,4640-1790503479789325400,4640,149504,636,338,86,212,0.5314465408805031,0.66,0.665,0.0012501151068136096,0.03876179829239845,0.9145837426185608,1.129263162612915,5,4,0,1,0.8,1.0,1.4,0.4,0.70195072889328,0.001708984375,0.0030273436568677425,-0.0005235632415860891,0.008193768560886383,0.0011230468517169356,0.1123046875,-0.0023574219085276127,0.0,0.0,0.0,0.0,0.0012501151068136096,0.0028320312267169356,0.004944894986692816,1.745443163513315,1.0,0.8321199873463859,-0.01174756363616325,0.36464184522628784,0.25942766666412354,0.04623056948184967,0.3111952543258667,0.3631924092769623,0.4145332872867584,0.4477367103099823,0.0,0.0,0.0,0.7706855908036232,0.0032832845536177047,0.025634765625,1.3984430395066738,0.00012624,0.005,0.0,0.0,0.0,0.0,0.0,0.0,0.0,0.0,0.0,,0.0,0.0,0.0,0.0,0.0,0.0,0.0,0.0,0.0,0.0,0.0,0.0,0.0,0.0,0.0,0.0,0.0,0.0,0.0,,,,,0.0,,0.6165086627006531,,,,,,,0.0,{},{},0.0,0.0,0.0,0.0,0.0,0.0,0.0,0,0,0.0,0.0,,0.0
,,,,,,,,,,,,,,,,,,,,,,,,,,,,,,,,,,,,,,,,,,,,,,,74,4640-1790503479789325400,4640,151552,649,347,87,215,0.5346687211093991,0.64,0.66,0.0011870639864355326,0.04389842972159386,0.9122897982597351,1.0560752153396606,13,9,1,3,0.6923076923076923,1.1538461538461537,1.6923076923076923,0.5384615384615384,0.7901566028594971,0.003173828125,0.003515625139698386,-3.276372444815934e-05,0.007025741506367922,-0.000732421875,-0.0732421875,-0.0023574219085276127,0.0,0.0,0.0,0.0,0.0011870639864355326,0.00244140625,0.005263869585178327,2.155198212901038,1.0,0.9652046659017568,-0.011652429355308414,0.22373089846223593,0.1741005778312683,0.02920190617442131,0.18518896400928497,0.22361129522323608,0.259956419467926,0.2768649160861969,0.0,0.0,0.0,0.7857591584324837,0.003302187498775311,0.0228271484375,1.2858926504850388,0.00012112,0.005,0.0,0.0,0.0,0.0,0.0,0.0,0.0,0.0,0.0,,0.0,0.0,0.0,0.0,0.0,0.0,0.0,0.0,0.0,0.0,0.0,0.0,0.0,0.0,0.0,0.0,0.0,0.0,0.0,,,,,0.0,,0.48377397656440735,,,,,,,0.0,{},{},0.0,0.0,0.0,0.0,0.0,0.0,0.0,0,0,0.0,0.0,,0.0
,,,,,,,,,,,,,,,,,,,,,,,,,,,,,,,,,,,,,,,,,,,,,,,75,4640-1790503479789325400,4640,153600,656,352,87,217,0.5365853658536586,0.66,0.665,0.0011276829754933715,0.03482140600681305,0.7322984933853149,1.2931352853775024,7,5,0,2,0.7142857142857143,1.2857142857142858,1.5714285714285714,0.2857142857142857,0.881000816822052,0.001953125,0.002490234561264515,-0.0007296446710824966,0.008491942659020424,0.0010253905784338713,0.1025390625,-0.00245898449793458,0.0,0.0,0.0,0.0,0.0011276829754933715,0.0029785155784338713,0.004430809058248997,1.4870904150727655,1.0,0.825296741434425,-0.008998044533655047,0.1856386475265026,0.16233639419078827,0.015914225950837135,0.16761869192123413,0.18457600474357605,0.20467764139175415,0.2190399467945099,0.0,0.0,0.0,0.7116287797689438,0.0029134424767107703,0.02001953125,1.467459261417389,0.000116,0.005,0.0,0.0,0.0,0.0,0.0,0.0,0.0,0.0,0.0,,0.0,0.0,0.0,0.0,0.0,0.0,0.0,0.0,0.0,0.0,0.0,0.0,0.0,0.0,0.0,0.0,0.0,0.0,0.0,,,,,0.0,,0.44608330726623535,,,,,,,0.0,{},{},0.0,0.0,0.0,0.0,0.0,0.0,0.0,0,0,0.0,0.0,,0.0
,,,,,,,,,,,,,,,,,,,,,,,,,,,,,,,,,,,,,,,,,,,,,,,76,4640-1790503479789325400,4640,155648,665,356,89,220,0.5353383458646617,0.62,0.665,-2.8026930522173643e-05,0.03479112312197685,0.430475652217865,1.5162147283554077,9,4,2,3,0.4444444444444444,0.3333333333333333,0.6666666666666666,0.3333333333333333,0.8742656111717224,0.000244140625,0.002246093936264515,-0.0003500137245282531,0.00685042655095458,-0.0016601562965661287,-0.166015625,-0.0024316406343132257,0.0,0.0,0.0,0.0,-2.8026930522173643e-05,-0.0014160156715661287,0.0038711971428710967,2.731936717815218,1.0,1.7160294576175736,-0.008365518471691757,0.2595316357910633,0.21563176810741425,0.024380844086408615,0.2393549382686615,0.25594449043273926,0.29315653443336487,0.3150242567062378,0.0,0.0,0.0,0.725743692368269,0.002460854513628874,0.018310546875,1.5023497268557549,0.00011087999999999998,0.005,0.0,0.0,0.0,0.0,0.0,0.0,0.0,0.0,0.0,,0.0,0.0,0.0,0.0,0.0,0.0,0.0,0.0,0.0,0.0,0.0,0.0,0.0,0.0,0.0,0.0,0.0,0.0,0.0,,,,,0.0,,0.5376352667808533,,,,,,,0.0,{},{},0.0,0.0,0.0,0.0,0.0,0.0,0.0,0,0,0.0,0.0,,0.0
,,,,,,,,,,,,,,,,,,,,,,,,,,,,,,,,,,,,,,,,,,,,,,,77,4640-1790503479789325400,4640,157696,675,361,91,223,0.5348148148148149,0.6,0.655,0.000810664554592222,0.05031413584947586,0.4510319232940674,1.6173945665359497,10,5,2,3,0.5,0.5,1.5,1.0,0.8931529521942139,0.000732421875,0.0034179689828306437,3.0662427889183164e-05,0.008130863308906555,-0.00024414085783064365,-0.0244140625,-0.0022421875037252903,0.0,0.0,0.0,0.0,0.000810664554592222,0.00048828101716935635,0.005458350417029578,11.155859772790372,1.0,4.582616993189407,-0.009667381178587675,0.2673611780628562,0.2294679880142212,0.032256778329610825,0.23061682283878326,0.260711133480072,0.31223028898239136,0.3265121579170227,0.0,0.0,0.0,0.704450536519289,0.0033425531000830233,0.025634765625,1.3722516484558582,0.00010576000000000002,0.005,0.0,0.0,0.0,0.0,0.0,0.0,0.0,0.0,0.0,,0.0,0.0,0.0,0.0,0.0,0.0,0.0,0.0,0.0,0.0,0.0,0.0,0.0,0.0,0.0,0.0,0.0,0.0,0.0,,,,,0.0,,0.5286852717399597,,,,,,,0.0,{},{},0.0,0.0,0.0,0.0,0.0,0.0,0.0,0,0,0.0,0.0,,0.0
,,,,,,,,,,,,,,,,,,,,,,,,,,,,,,,,,,,,,,,,,,,,,,,78,4640-1790503479789325400,4640,159744,683,368,91,224,0.5387994143484627,0.64,0.675,0.0011734402505680919,0.046658411622047424,0.444002240896225,0.8849818706512451,8,7,0,1,0.875,1.875,2.5,0.625,0.8332956433296204,0.003173828125,0.003173828125,-0.0002609109506011009,0.005744676571339369,9.765636059455574e-05,0.009765625,-0.0024042967706918716,0.0,0.0,0.0,0.0,0.0011734402505680919,0.0032714844855945557,0.004544769530184567,1.3887826054456782,1.0,0.7347007392320918,-0.01083517400547862,0.13182385498657823,0.09945887327194214,0.014319218695163727,0.113753542304039,0.13712096214294434,0.1462579220533371,0.15329872071743011,0.0,0.0,0.0,0.7129754684865475,0.0024785794521449134,0.0185546875,0.9989782422780991,0.00010064000000000001,0.005,0.0,0.0,0.0,0.0,0.0,0.0,0.0,0.0,0.0,,0.0,0.0,0.0,0.0,0.0,0.0,0.0,0.0,0.0,0.0,0.0,0.0,0.0,0.0,0.0,0.0,0.0,0.0,0.0,,,,,0.0,,0.3613332211971283,,,,,,,0.0,{},{},0.0,0.0,0.0,0.0,0.0,0.0,0.0,0,0,0.0,0.0,,0.0
,,,,,,,,,,,,,,,,,,,,,,,,,,,,,,,,,,,,,,,,,,,,,,,79,4640-1790503479789325400,4640,161792,695,374,92,229,0.5381294964028777,0.58,0.675,0.0021260916255414486,0.04574555531144142,0.4504011869430542,0.9906262159347534,12,6,1,5,0.5,0.8333333333333334,1.6666666666666667,0.8333333333333334,0.38539284467697144,0.001220703125,0.00449218787252903,0.0006332116900011897,0.005195412784814835,0.00429687462747097,0.4296875,-0.002236328087747097,0.0,0.0,0.0,0.0,0.0021260916255414486,0.00551757775247097,0.005949343991233036,1.078057473878879,1.0,0.40523631052326303,-0.006381851766491309,0.6042695343494415,0.44682008028030396,0.09852191060781479,0.49449649453163147,0.6107670664787292,0.7429486513137817,0.7644975781440735,0.0,0.0,0.0,0.66244712844491,0.0040791229184833355,0.0338134765625,2.169589474797249,9.552e-05,0.005,0.0,0.0,0.0,0.0,0.0,0.0,0.0,0.0,0.0,,0.0,0.0,0.0,0.0,0.0,0.0,0.0,0.0,0.0,0.0,0.0,0.0,0.0,0.0,0.0,0.0,0.0,0.0,0.0,,,,,0.0,,0.776620090007782,,,,,,,0.0,{},{},0.0,0.0,0.0,0.0,0.0,0.0,0.0,0,0,0.0,0.0,,0.0
,,,,,,,,,,,,,,,,,,,,,,,,,,,,,,,,,,,,,,,,,,,,,,,80,4640-1790503479789325400,4640,163840,700,378,92,230,0.54,0.62,0.68,0.0003292898472864181,0.049075983464717865,0.5288486480712891,0.9956219792366028,5,4,0,1,0.8,1.6,2.2,0.6,0.7433688640594482,0.001708984375,0.0028808596543967724,-0.00022579246433451772,0.005354402586817741,-0.001757812569849193,-0.17578125,-0.0022460937034338713,0.0,0.0,0.0,0.0,0.0003292898472864181,-4.8828194849193096e-05,0.004163012185017578,83.54732090169213,1.0,45.07676246815198,-0.00738452110090293,0.25486315321177244,0.21290874481201172,0.017219331115484238,0.24087081849575043,0.25465232133865356,0.2747271656990051,0.28829148411750793,0.0,0.0,0.0,0.6198145598173141,0.0021202037096372806,0.018798828125,1.2081964761018753,9.039999999999999e-05,0.005,0.0,0.0,0.0,0.0,0.0,0.0,0.0,0.0,0.0,,0.0,0.0,0.0,0.0,0.0,0.0,0.0,0.0,0.0,0.0,0.0,0.0,0.0,0.0,0.0,0.0,0.0,0.0,0.0,,,,,0.0,,0.504369854927063,,,,,,,0.0,{},{},0.0,0.0,0.0,0.0,0.0,0.0,0.0,0,0,0.0,0.0,,0.0
,,,,,,,,,,,,,,,,,,,,,,,,,,,,,,,,,,,,,,,,,,,,,,,81,4640-1790503479789325400,4640,165888,711,386,94,231,0.5428973277074542,0.64,0.68,0.001735680503770709,0.040828485041856766,0.8817411661148071,1.1899152994155884,11,8,2,1,0.7272727272727273,0.7272727272727273,1.8181818181818181,1.0909090909090908,0.8298359513282776,0.002685546875,0.0030273436568677425,-0.0007286879699677229,0.0087759243324399,0.0020019530784338713,0.2001953125,-0.0023632810916751623,0.0,0.0,0.0,0.0,0.001735680503770709,0.004687499953433871,0.005039152747485787,1.0747899749460583,1.0,0.5040591052889503,-0.008241720672231168,0.23671759385615587,0.17800593376159668,0.044497571885585785,0.1944488286972046,0.21959221363067627,0.298025518655777,0.3371708393096924,0.0,0.0,0.0,0.6470116600394249,0.002920865787018556,0.0228271484375,1.20005302131176,8.528000000000002e-05,0.005,0.0,0.0,0.0,0.0,0.0,0.0,0.0,0.0,0.0,,0.0,0.0,0.0,0.0,0.0,0.0,0.0,0.0,0.0,0.0,0.0,0.0,0.0,0.0,0.0,0.0,0.0,0.0,0.0,,,,,0.0,,0.49085134267807007,,,,,,,0.0,{},{},0.0,0.0,0.0,0.0,0.0,0.0,0.0,0,0,0.0,0.0,,0.0
,,,,,,,,,,,,,,,,,,,,,,,,,,,,,,,,,,,,,,,,,,,,,,,82,4640-1790503479789325400,4640,167936,721,392,95,234,0.5436893203883495,0.66,0.675,0.0013353594113141298,0.04816685989499092,0.8527291417121887,1.1688413619995117,10,6,1,3,0.6,1.1,1.7,0.6,0.8368526697158813,0.001708984375,0.0035644532181322575,0.00014745535736437887,0.005629647523164749,0.0014648435171693563,0.146484375,-0.002218750072643161,0.0,0.0,0.0,0.0,0.0013353594113141298,0.0031738278921693563,0.0050087289382645395,1.577637940821441,1.0,0.6988568035815923,-0.00696243072161451,0.22072236705571413,0.1949380785226822,0.024446096271276474,0.19713547825813293,0.21319958567619324,0.25925883650779724,0.2790154814720154,0.0,0.0,0.0,0.6264667585492134,0.0015944959450280294,0.00927734375,1.5645723715424538,8.016e-05,0.005,0.0,0.0,0.0,0.0,0.0,0.0,0.0,0.0,0.0,,0.0,0.0,0.0,0.0,0.0,0.0,0.0,0.0,0.0,0.0,0.0,0.0,0.0,0.0,0.0,0.0,0.0,0.0,0.0,,,,,0.0,,0.47211262583732605,,,,,,,0.0,{},{},0.0,0.0,0.0,0.0,0.0,0.0,0.0,0,0,0.0,0.0,,0.0
,,,,,,,,,,,,,,,,,,,,,,,,,,,,,,,,,,,,,,,,,,,,,,,83,4640-1790503479789325400,4640,169984,728,398,96,234,0.5467032967032966,0.68,0.68,0.0013353076064959168,0.040360938757658005,0.6658899784088135,1.0828192234039307,7,6,1,0,0.8571428571428571,1.1428571428571428,1.8571428571428572,0.7142857142857143,0.712065577507019,0.00244140625,0.002148437313735485,-0.0003127235104329884,0.004807660821825266,0.0022460937034338713,0.224609375,-0.0023828125558793545,0.0,0.0,0.0,0.0,0.0013353076064959168,0.004687499953433871,0.0032721716415835544,0.6979144020652077,1.0,0.50822492898484,-0.010066663788165897,0.3323497548699379,0.30709004402160645,0.019330022856593132,0.3155985474586487,0.3268134593963623,0.3618627190589905,0.37513992190361023,0.0,0.0,0.0,0.5919245593249798,0.002259849126858171,0.017333984375,0.9152195043861866,7.504e-05,0.005,0.0,0.0,0.0,0.0,0.0,0.0,0.0,0.0,0.0,,0.0,0.0,0.0,0.0,0.0,0.0,0.0,0.0,0.0,0.0,0.0,0.0,0.0,0.0,0.0,0.0,0.0,0.0,0.0,,,,,0.0,,0.5810356736183167,,,,,,,0.0,{},{},0.0,0.0,0.0,0.0,0.0,0.0,0.0,0,0,0.0,0.0,,0.0
,,,,,,,,,,,,,,,,,,,,,,,,,,,,,,,,,,,,,,,,,,,,,,,84,4640-1790503479789325400,4640,172032,739,404,97,238,0.5466847090663058,0.64,0.67,0.001356372027657926,0.03917727619409561,0.8339861631393433,1.2245055437088013,11,6,1,4,0.5454545454545454,0.8181818181818182,1.3636363636363635,0.5454545454545454,0.7553045153617859,0.00146484375,0.0031250000465661287,-0.0003501464962027967,0.00553585309535265,0.002343749860301614,0.234375,-0.0023125000298023224,0.0,0.0,0.0,0.0,0.001356372027657926,0.003808593610301614,0.004421426696353592,1.1606032424029444,1.0,0.607020135572738,-0.004964448569808155,0.35763360746204853,0.3075449466705322,0.023741140961647034,0.33125704526901245,0.3575303852558136,0.38798344135284424,0.39628955721855164,0.0,0.0,0.0,0.5650819055736065,0.0008443809128948487,0.003173828125,1.4334503300487995,6.991999999999998e-05,0.005,0.0,0.0,0.0,0.0,0.0,0.0,0.0,0.0,0.0,,0.0,0.0,0.0,0.0,0.0,0.0,0.0,0.0,0.0,0.0,0.0,0.0,0.0,0.0,0.0,0.0,0.0,0.0,0.0,,,,,0.0,,0.6057225465774536,,,,,,,0.0,{},{},0.0,0.0,0.0,0.0,0.0,0.0,0.0,0,0,0.0,0.0,,0.0
,,,,,,,,,,,,,,,,,,,,,,,,,,,,,,,,,,,,,,,,,,,,,,,85,4640-1790503479789325400,4640,174080,747,410,99,238,0.5488621151271754,0.68,0.67,0.001700689666904509,0.04019585996866226,1.0855989456176758,1.0888590812683105,8,6,2,0,0.75,0.625,1.5,0.875,0.7688691020011902,0.001953125,0.0033691409043967724,-0.0007263619918376207,0.007579387165606022,0.002539062639698386,0.25390625,-0.0023906249552965164,0.0,0.0,0.0,0.0,0.001700689666904509,0.004492187639698386,0.005082397197838873,1.1311339755621774,1.0,0.532055446377261,-0.004957253637257963,0.28404401149600744,0.22390739619731903,0.04240264371037483,0.23775601387023926,0.2867731750011444,0.3389495611190796,0.3828237056732178,0.0,0.0,0.0,0.5687725767493248,0.0011617672571446747,0.00537109375,1.8746706247329712,6.480000000000003e-05,0.005,0.0,0.0,0.0,0.0,0.0,0.0,0.0,0.0,0.0,,0.0,0.0,0.0,0.0,0.0,0.0,0.0,0.0,0.0,0.0,0.0,0.0,0.0,0.0,0.0,0.0,0.0,0.0,0.0,,,,,0.0,,0.5234807133674622,,,,,,,0.0,{},{},0.0,0.0,0.0,0.0,0.0,0.0,0.0,0,0,0.0,0.0,,0.0
,,,,,,,,,,,,,,,,,,,,,,,,,,,,,,,,,,,,,,,,,,,,,,,86,4640-1790503479789325400,4640,176128,757,418,99,240,0.5521796565389696,0.72,0.67,0.0015289243310689926,0.041621074080467224,1.0426143407821655,1.0335557460784912,10,8,0,2,0.8,1.3,1.7,0.4,0.8195000886917114,0.00341796875,0.003173828125,-0.00013859658793080598,0.004796943627297878,0.0011230469681322575,0.1123046875,-0.002306640613824129,0.0,0.0,0.0,0.0,0.0015289243310689926,0.0045410157181322575,0.004338414884841768,0.955173903851171,1.0,0.5078451412256788,-0.007460862572770566,0.19729398377239704,0.1583051085472107,0.020184384658932686,0.17660269141197205,0.19469019770622253,0.2204221487045288,0.2449294924736023,0.0,0.0,0.0,0.5693180933594704,0.003296205817605369,0.0279541015625,1.4299853891134262,5.968000000000001e-05,0.005,0.0,0.0,0.0,0.0,0.0,0.0,0.0,0.0,0.0,,0.0,0.0,0.0,0.0,0.0,0.0,0.0,0.0,0.0,0.0,0.0,0.0,0.0,0.0,0.0,0.0,0.0,0.0,0.0,,,,,0.0,,0.43910905718803406,,,,,,,0.0,{},{},0.0,0.0,0.0,0.0,0.0,0.0,0.0,0,0,0.0,0.0,,0.0
,,,,,,,,,,,,,,,,,,,,,,,,,,,,,,,,,,,,,,,,,,,,,,,87,4640-1790503479789325400,4640,178176,766,425,100,241,0.5548302872062664,0.72,0.675,0.0005886913859285414,0.048658523708581924,0.9022563695907593,1.0279319286346436,9,7,1,1,0.7777777777777778,1.0,1.6666666666666667,0.6666666666666666,0.7211668491363525,0.002685546875,0.001708984375,-0.000466628436697647,0.005601187702268362,-0.0009277343633584678,-0.0927734375,-0.002171874977648258,0.0,0.0,0.0,0.0,0.0005886913859285414,0.0017578125116415322,0.0029926241913926788,1.7015026738692047,1.0,1.2348530404876454,-0.006220454495633021,0.28532012458890676,0.23170976340770721,0.03774731978774071,0.23966683447360992,0.28870633244514465,0.3258701264858246,0.35996294021606445,0.0,0.0,0.0,0.5410831049084663,0.0018941874368465506,0.0103759765625,1.2672500163316727,5.456e-05,0.005,0.0,0.0,0.0,0.0,0.0,0.0,0.0,0.0,0.0,,0.0,0.0,0.0,0.0,0.0,0.0,0.0,0.0,0.0,0.0,0.0,0.0,0.0,0.0,0.0,0.0,0.0,0.0,0.0,,,,,0.0,,0.5427959561347961,,,,,,,0.0,{},{},0.0,0.0,0.0,0.0,0.0,0.0,0.0,0,0,0.0,0.0,,0.0
,,,,,,,,,,,,,,,,,,,,,,,,,,,,,,,,,,,,,,,,,,,,,,,88,4640-1790503479789325400,4640,180224,775,430,101,244,0.5548387096774193,0.68,0.67,0.0005704985815100372,0.04366679489612579,0.718034029006958,1.291496753692627,9,5,1,3,0.5555555555555556,0.6666666666666666,1.8888888888888888,1.2222222222222223,0.8322391510009766,0.001220703125,0.001269531319849193,-0.00025394055410288274,0.0065882401540875435,0.0005859374068677425,0.05859375,-0.002228515688329935,0.0,0.0,0.0,0.0,0.0005704985815100372,0.0018066405318677425,0.0028531062198453583,1.5783592863440552,1.0,1.2328312233778713,-0.007092319487128407,0.2779769478365779,0.24769718945026398,0.014861397445201874,0.2610591650009155,0.27991241216659546,0.2890685796737671,0.31281131505966187,0.0,0.0,0.0,0.513483565300703,0.0021787060395581648,0.016357421875,0.9610169008374214,5e-05,0.005,0.0,0.0,0.0,0.0,0.0,0.0,0.0,0.0,0.0,,0.0,0.0,0.0,0.0,0.0,0.0,0.0,0.0,0.0,0.0,0.0,0.0,0.0,0.0,0.0,0.0,0.0,0.0,0.0,,,,,0.0,,0.5289793014526367,,,,,,,0.0,{},{},0.0,0.0,0.0,0.0,0.0,0.0,0.0,0,0,0.0,0.0,,0.0
,,,,,,,,,,,,,,,,,,,,,,,,,,,,,,,,,,,,,,,,,,,,,,,89,4640-1790503479789325400,4640,182272,782,433,103,246,0.5537084398976982,0.68,0.66,0.0014865858247503638,0.03746345639228821,0.9424663782119751,1.4116004705429077,7,3,2,2,0.42857142857142855,0.2857142857142857,1.2857142857142858,1.0,0.908073365688324,0.0,0.0028808594215661287,-0.00043483791523613036,0.006750322878360748,0.004199218936264515,0.419921875,-0.0022949217818677425,0.0,0.0,0.0,0.0,0.0014865858247503638,0.004199218936264515,0.004459730662347283,1.0617852854864671,1.0,0.5463814664643987,-0.005804498854558915,0.18395166471600533,0.16738662123680115,0.011134329251945019,0.17001928389072418,0.18345054984092712,0.19738680124282837,0.2086627036333084,0.0,0.0,0.0,0.5285929348319769,0.0015548111259704456,0.0108642578125,0.9560464844107628,5e-05,0.005,0.0,0.0,0.0,0.0,0.0,0.0,0.0,0.0,0.0,,0.0,0.0,0.0,0.0,0.0,0.0,0.0,0.0,0.0,0.0,0.0,0.0,0.0,0.0,0.0,0.0,0.0,0.0,0.0,,,,,0.0,,0.42798879742622375,,,,,,,0.0,{},{},0.0,0.0,0.0,0.0,0.0,0.0,0.0,0,0,0.0,0.0,,0.0
,,,,,,,,,,,,,,,,,,,,,,,,,,,,,,,,,,,,,,,,,,,,,,,90,4640-1790503479789325400,4640,184320,793,440,104,249,0.5548549810844893,0.66,0.645,0.002012847689911723,0.042450446635484695,0.8375575542449951,1.2412210702896118,11,7,1,3,0.6363636363636364,1.0909090909090908,1.8181818181818181,0.7272727272727273,0.7781758308410645,0.002197265625,0.0028320313431322575,-0.0002254327409900725,0.008997715078294277,0.0037109374534338713,0.37109375,-0.002257812535390258,0.0,0.0,0.0,0.0,0.002012847689911723,0.005908203078433871,0.005025101927458309,0.8503857221962529,1.0,0.38208409922995074,-0.004432210611412302,0.3507719598710537,0.29625648260116577,0.025133706629276276,0.32586532831192017,0.34986910223960876,0.37697768211364746,0.40657684206962585,0.0,0.0,0.0,0.5520797222852707,0.0010176654104725458,0.00439453125,1.616120420396328,5e-05,0.005,0.0,0.0,0.0,0.0,0.0,0.0,0.0,0.0,0.0,,0.0,0.0,0.0,0.0,0.0,0.0,0.0,0.0,0.0,0.0,0.0,0.0,0.0,0.0,0.0,0.0,0.0,0.0,0.0,,,,,0.0,,0.5845929384231567,,,,,,,0.0,{},{},0.0,0.0,0.0,0.0,0.0,0.0,0.0,0,0,0.0,0.0,,0.0
,,,,,,,,,,,,,,,,,,,,,,,,,,,,,,,,,,,,,,,,,,,,,,,91,4640-1790503479789325400,4640,186368,802,445,105,252,0.5548628428927681,0.6,0.635,0.0024711713194847107,0.0418950654566288,0.7403973340988159,1.3417549133300781,9,5,1,3,0.5555555555555556,1.2222222222222223,1.7777777777777777,0.5555555555555556,0.574670672416687,0.001220703125,0.004101562779396772,-0.0005630238447338343,0.010173602029681206,0.00546875037252903,0.546875,-0.0024531250819563866,0.0,0.0,0.0,0.0,0.0024711713194847107,0.00668945349752903,0.006504207325633615,0.9721623994600365,1.0,0.36666050856827476,-0.002710873377509415,0.75773611292243,0.582916259765625,0.09927491843700409,0.6686620116233826,0.7476701140403748,0.8637761473655701,1.0211091041564941,0.0,0.0,0.0,0.5548241548240185,0.0006071102834539488,0.00146484375,3.7704709470272064,5e-05,0.005,0.0,0.0,0.0,0.0,0.0,0.0,0.0,0.0,0.0,,0.0,0.0,0.0,0.0,0.0,0.0,0.0,0.0,0.0,0.0,0.0,0.0,0.0,0.0,0.0,0.0,0.0,0.0,0.0,,,,,0.0,,0.8750559687614441,,,,,,,0.0,{},{},0.0,0.0,0.0,0.0,0.0,0.0,0.0,0,0,0.0,0.0,,0.0
,,,,,,,,,,,,,,,,,,,,,,,,,,,,,,,,,,,,,,,,,,,,,,,92,4640-1790503479789325400,4640,188416,812,452,107,253,0.5566502463054187,0.62,0.645,0.0014130152994766831,0.03813996911048889,1.2481467723846436,1.2018567323684692,10,7,2,1,0.7,0.7,1.3,0.6,0.8754937052726746,0.002197265625,0.0030273436568677425,-0.00040627268026582897,0.005649481900036335,0.0015624999068677425,0.15625,-0.0022109374403953552,0.0,0.0,0.0,0.0,0.0014130152994766831,0.0037597655318677425,0.004338145961810369,1.153527366981551,1.0,0.5878955818065364,-0.005005666316719726,0.1819690465927124,0.15258286893367767,0.016249900683760643,0.16202710568904877,0.1805720031261444,0.2008310854434967,0.21935917437076569,0.0,0.0,0.0,0.5306489914655685,0.0007016854142420925,0.003173828125,1.1944853067398071,5e-05,0.005,0.0,0.0,0.0,0.0,0.0,0.0,0.0,0.0,0.0,,0.0,0.0,0.0,0.0,0.0,0.0,0.0,0.0,0.0,0.0,0.0,0.0,0.0,0.0,0.0,0.0,0.0,0.0,0.0,,,,,0.0,,0.42408058047294617,,,,,,,0.0,{},{},0.0,0.0,0.0,0.0,0.0,0.0,0.0,0,0,0.0,0.0,,0.0
,,,,,,,,,,,,,,,,,,,,,,,,,,,,,,,,,,,,,,,,,,,,,,,93,4640-1790503479789325400,4640,190464,819,458,107,254,0.5592185592185592,0.66,0.655,0.0009959234157577157,0.03728732466697693,1.1812152862548828,1.3648288249969482,7,6,0,1,0.8571428571428571,1.0,1.4285714285714286,0.42857142857142855,0.8927808403968811,0.002685546875,0.0016601564129814506,-0.000666984764393419,0.007199179846793413,0.0005859374068677425,0.05859375,-0.0024082032032310963,0.0,0.0,0.0,0.0,0.0009959234157577157,0.0032714842818677425,0.003293205183581449,1.0063318567574235,1.0,0.7358945057657037,-0.00726829725317657,0.19866633974015713,0.15877702832221985,0.014443465508520603,0.18474137783050537,0.20036602020263672,0.21387632191181183,0.22056768834590912,0.0,0.0,0.0,0.5584563128650188,0.002179891052946914,0.016357421875,1.041816096752882,5e-05,0.005,0.0,0.0,0.0,0.0,0.0,0.0,0.0,0.0,0.0,,0.0,0.0,0.0,0.0,0.0,0.0,0.0,0.0,0.0,0.0,0.0,0.0,0.0,0.0,0.0,0.0,0.0,0.0,0.0,,,,,0.0,,0.44690418243408203,,,,,,,0.0,{},{},0.0,0.0,0.0,0.0,0.0,0.0,0.0,0,0,0.0,0.0,,0.0
,,,,,,,,,,,,,,,,,,,,,,,,,,,,,,,,,,,,,,,,,,,,,,,94,4640-1790503479789325400,4640,192512,828,462,109,257,0.5579710144927537,0.62,0.65,0.0008138436824083328,0.04260751232504845,0.7639482021331787,0.794609010219574,9,4,2,3,0.4444444444444444,0.4444444444444444,1.2222222222222223,0.7777777777777778,0.6346908807754517,0.000244140625,0.002294922014698386,-0.00015032726514618844,0.004230526741594076,0.0022460937034338713,0.224609375,-0.0022519531194120646,0.0,0.0,0.0,0.0,0.0008138436824083328,0.0024902343284338713,0.003314971883810358,1.3306543852477877,1.0,0.9039507418909757,-0.005343183176591992,0.22765171248465776,0.1887195110321045,0.01913129910826683,0.21214617788791656,0.2265576720237732,0.24422557651996613,0.27886924147605896,0.0,0.0,0.0,0.5480973105877638,0.001198314901557751,0.0069580078125,1.1088810488581657,5e-05,0.005,0.0,0.0,0.0,0.0,0.0,0.0,0.0,0.0,0.0,,0.0,0.0,0.0,0.0,0.0,0.0,0.0,0.0,0.0,0.0,0.0,0.0,0.0,0.0,0.0,0.0,0.0,0.0,0.0,,,,,0.0,,0.48026812076568604,,,,,,,0.0,{},{},0.0,0.0,0.0,0.0,0.0,0.0,0.0,0,0,0.0,0.0,,0.0
,,,,,,,,,,,,,,,,,,,,,,,,,,,,,,,,,,,,,,,,,,,,,,,95,4640-1790503479789325400,4640,194560,837,468,111,258,0.5591397849462365,0.62,0.645,0.0015685837715864182,0.048392925411462784,0.8300156593322754,0.9521769881248474,9,6,2,1,0.6666666666666666,1.2222222222222223,2.2222222222222223,1.0,0.7844363451004028,0.001708984375,0.00439453125,-2.5719200493767858e-05,0.0047644455917179585,0.002099609235301614,0.2099609375,-0.0022499999031424522,0.0,0.0,0.0,0.0,0.0015685837715864182,0.003808593610301614,0.005579212847806048,1.4645165386457926,1.0,0.5906141529264889,-0.005755092191975564,0.18886981531977654,0.16869375109672546,0.014457705430686474,0.1727188527584076,0.1858762800693512,0.20430584251880646,0.22724485397338867,0.0,0.0,0.0,0.5652182139456272,0.0007483298541046679,0.0040283203125,1.042945396155119,5e-05,0.005,0.0,0.0,0.0,0.0,0.0,0.0,0.0,0.0,0.0,,0.0,0.0,0.0,0.0,0.0,0.0,0.0,0.0,0.0,0.0,0.0,0.0,0.0,0.0,0.0,0.0,0.0,0.0,0.0,,,,,0.0,,0.4420846998691559,,,,,,,0.0,{},{},0.0,0.0,0.0,0.0,0.0,0.0,0.0,0,0,0.0,0.0,,0.0
,,,,,,,,,,,,,,,,,,,,,,,,,,,,,,,,,,,,,,,,,,,,,,,96,4640-1790503479789325400,4640,196608,847,474,113,260,0.5596221959858324,0.64,0.635,0.0006345933652482927,0.04707655683159828,0.4516623020172119,1.3307057619094849,10,6,2,2,0.6,0.5,1.7,1.2,0.8649246096611023,0.00146484375,0.002490234561264515,-0.0002903080312535167,0.006049775518476963,-0.00024414085783064365,-0.0244140625,-0.0022109374403953552,0.0,0.0,0.0,0.0,0.0006345933652482927,0.0012207028921693563,0.0039301014330703765,3.2169044194466667,1.0,1.80971777554642,-0.004437087307451293,0.23941586818546057,0.2139926552772522,0.015322203747928143,0.22241972386837006,0.23916983604431152,0.2536439299583435,0.2803197503089905,0.0,0.0,0.0,0.5489117205142975,0.0009268479407182895,0.0050048828125,1.375087134540081,5e-05,0.005,0.0,0.0,0.0,0.0,0.0,0.0,0.0,0.0,0.0,,0.0,0.0,0.0,0.0,0.0,0.0,0.0,0.0,0.0,0.0,0.0,0.0,0.0,0.0,0.0,0.0,0.0,0.0,0.0,,,,,0.0,,0.48906901478767395,,,,,,,0.0,{},{},0.0,0.0,0.0,0.0,0.0,0.0,0.0,0,0,0.0,0.0,,0.0
,,,,,,,,,,,,,,,,,,,,,,,,,,,,,,,,,,,,,,,,,,,,,,,97,4640-1790503479789325400,4640,198656,857,482,115,260,0.5624270711785297,0.68,0.65,0.0019952794536948204,0.048356372863054276,1.0272560119628906,1.166794776916504,10,8,2,0,0.8,1.1,1.8,0.7,0.9105791449546814,0.0029296875,0.003857421688735485,0.0004622042761184275,0.00556827150285244,0.0024902343284338713,0.2490234375,-0.0021601561456918716,0.0,0.0,0.0,0.0,0.0019952794536948204,0.005419921828433871,0.005365040633478202,0.989691569676847,1.0,0.3984850204556354,-0.006255588057683781,0.12457605637609959,0.10736117511987686,0.013187345117330551,0.10805057734251022,0.12197394669055939,0.14519457519054413,0.14914461970329285,0.0,0.0,0.0,0.5551091562956572,0.0010261402057949454,0.005615234375,0.9575755968689919,5e-05,0.005,0.0,0.0,0.0,0.0,0.0,0.0,0.0,0.0,0.0,,0.0,0.0,0.0,0.0,0.0,0.0,0.0,0.0,0.0,0.0,0.0,0.0,0.0,0.0,0.0,0.0,0.0,0.0,0.0,,,,,0.0,,0.3489103615283966,,,,,,,0.0,{},{},0.0,0.0,0.0,0.0,0.0,0.0,0.0,0,0,0.0,0.0,,0.0
,,,,,,,,,,,,,,,,,,,,,,,,,,,,,,,,,,,,,,,,,,,,,,,98,4640-1790503479789325400,4640,200704,867,487,117,263,0.5617070357554786,0.62,0.655,0.0018906235927715898,0.04419397562742233,0.7503666877746582,0.7772013545036316,10,5,2,3,0.5,1.1,2.1,1.0,0.6493966579437256,0.000732421875,0.0037597655318677425,-0.0002312098367838189,0.005478475242853165,0.004687500186264515,0.46875,-0.002173827961087227,0.0,0.0,0.0,0.0,0.0018906235927715898,0.005419922061264515,0.005071581883385079,0.9355570558050142,1.0,0.40100704945020876,-0.006338514998788014,0.21161209791898727,0.17847204208374023,0.01883864961564541,0.18943282961845398,0.2108728289604187,0.23426657915115356,0.24829281866550446,0.0,0.0,0.0,0.5424384064972401,0.00142418152972823,0.00634765625,1.019726362079382,5e-05,0.005,0.0,0.0,0.0,0.0,0.0,0.0,0.0,0.0,0.0,,0.0,0.0,0.0,0.0,0.0,0.0,0.0,0.0,0.0,0.0,0.0,0.0,0.0,0.0,0.0,0.0,0.0,0.0,0.0,,,,,0.0,,0.4601946771144867,,,,,,,0.0,{},{},0.0,0.0,0.0,0.0,0.0,0.0,0.0,0,0,0.0,0.0,,0.0
