episode_id,success,time_to_first_score,time_to_game_over,collisions_per_episode,near_misses_per_episode,collision_free_episode,mean_inter_robot_dist,std_inter_robot_dist,zone_coverage,phase_name,opponent_kind,scripted_tag,blue_score,red_score,opponent_switch_count,vec_schema_version
1,1,,,0,0,1,,,0,OP1,scripted,OP1,3,0,0,2
2,1,,,0,0,1,,,0,OP1,scripted,OP1,3,0,0,2
3,1,,,0,0,1,,,0,OP1,scripted,OP1,3,0,0,2
4,1,,,0,0,1,,,0,OP1,scripted,OP1,3,0,0,2
5,1,,,0,0,1,,,0,OP1,scripted,OP1,3,0,0,2
6,1,,,0,0,1,,,0,OP1,scripted,OP1,3,0,0,2
7,1,,,0,0,1,,,0,OP1,scripted,OP1,3,0,0,2
8,1,,,0,0,1,,,0,OP1,scripted,OP1,3,0,0,2
9,1,,,0,0,1,,,0,OP1,scripted,OP1,3,0,0,2
10,1,,,0,0,1,,,0,OP1,scripted,OP1,3,0,0,2
11,1,,,0,0,1,,,0,OP1,scripted,OP1,3,0,0,2
12,1,,,0,0,1,,,0,OP1,scripted,OP1,3,0,0,2
13,1,,,0,0,1,,,0,OP1,scripted,OP1,3,0,0,2
14,1,,,0,0,1,,,0,OP1,scripted,OP1,3,0,0,2
15,1,,,0,0,1,,,0,OP1,scripted,OP1,3,0,0,2
16,1,,,0,0,1,,,0,OP1,scripted,OP1,3,0,0,2
17,1,,,0,0,1,,,0,OP1,scripted,OP1,3,0,0,2
18,1,,,0,0,1,,,0,OP1,scripted,OP1,3,0,0,2
19,1,,,0,0,1,,,0,OP1,scripted,OP1,3,0,0,2
20,1,,,0,0,1,,,0,OP1,scripted,OP1,3,0,0,2
21,1,,,0,0,1,,,0,OP1,scripted,OP1,3,0,0,2
22,1,,,0,0,1,,,0,OP1,scripted,OP1,3,0,0,2
23,1,,,0,0,1,,,0,OP1,scripted,OP1,3,0,0,2
24,1,,,0,0,1,,,0,OP1,scripted,OP1,3,0,0,2
25,1,,,0,0,1,,,0,OP1,scripted,OP1,3,0,0,2
26,1,,,0,0,1,,,0,OP1,scripted,OP1,3,0,0,2
27,1,,,0,0,1,,,0,OP1,scripted,OP1,3,0,0,2
28,1,,,0,0,1,,,0,OP1,scripted,OP1,3,0,0,2
29,1,,,0,0,1,,,0,OP1,scripted,OP1,3,0,0,2
30,1,,,0,0,1,,,0,OP1,scripted,OP1,3,0,0,2
31,1,,,0,0,1,,,0,OP1,scripted,OP1,3,0,0,2
32,1,,,0,0,1,,,0,OP1,scripted,OP1,3,0,0,2
33,1,,,0,0,1,,,0,OP1,scripted,OP1,3,0,0,2
34,1,,,0,0,1,,,0,OP1,scripted,OP1,3,0,0,2
35,1,,,0,0,1,,,0,OP1,scripted,OP1,3,0,0,2
36,1,,,0,0,1,,,0,OP1,scripted,OP1,3,0,0,2
37,1,,,0,0,1,,,0,OP1,scripted,OP1,3,0,0,2
38,1,,,0,0,1,,,0,OP1,scripted,OP1,3,0,0,2
39,1,,,0,0,1,,,0,OP1,scripted,OP1,3,0,0,2
40,1,,,0,0,1,,,0,OP1,scripted,OP1,3,0,0,2
41,1,,,0,0,1,,,0,OP1,scripted,OP1,3,0,0,2
42,1,,,0,0,1,,,0,OP1,scripted,OP1,3,0,0,2
43,1,,,0,0,1,,,0,OP1,scripted,OP1,3,0,0,2
44,1,,,0,0,1,,,0,OP1,scripted,OP1,3,0,0,2
45,1,,,0,0,1,,,0,OP1,scripted,OP1,3,0,0,2
46,1,,,0,0,1,,,0,OP1,scripted,OP1,3,0,0,2
47,1,,,0,0,1,,,0,OP1,scripted,OP1,3,0,0,2
48,1,,,0,0,1,,,0,OP1,scripted,OP1,3,0,0,2
49,1,,,0,0,1,,,0,OP1,scripted,OP1,3,0,0,2
50,1,,,0,0,1,,,0,OP1,scripted,OP1,3,0,0,2
51,1,,,0,0,1,,,0,OP1,scripted,OP1,3,0,0,2
52,1,,,0,0,1,,,0,OP1,scripted,OP1,3,0,0,2
53,1,,,0,0,1,,,0,OP1,scripted,OP1,3,0,0,2
54,1,,,0,0,1,,,0,OP1,scripted,OP1,3,0,0,2
55,1,,,0,0,1,,,0,OP1,scripted,OP1,3,0,0,2
56,1,,,0,0,1,,,0,OP1,scripted,OP1,3,0,0,2
57,1,,,0,0,1,,,0,OP1,scripted,OP1,3,0,0,2
58,1,,,0,0,1,,,0,OP1,scripted,OP1,3,0,0,2
59,1,,,0,0,1,,,0,OP1,scripted,OP1,3,0,0,2
60,1,,,0,0,1,,,0,OP1,scripted,OP1,3,0,0,2
61,1,,,0,0,1,,,0,OP1,scripted,OP1,3,0,0,2
62,1,,,0,0,1,,,0,OP1,scripted,OP1,3,0,0,2
63,1,,,0,0,1,,,0,OP1,scripted,OP1,3,0,0,2
64,1,,,0,0,1,,,0,OP1,scripted,OP1,3,0,0,2
65,1,,,0,0,1,,,0,OP1,scripted,OP1,3,0,0,2
66,1,,,0,0,1,,,0,OP1,scripted,OP1,3,0,0,2
67,1,,,0,0,1,,,0,OP1,scripted,OP1,3,0,0,2
68,1,,,0,0,1,,,0,OP1,scripted,OP1,3,0,0,2
69,1,,,0,0,1,,,0,OP1,scripted,OP1,3,0,0,2
70,1,,,0,0,1,,,0,OP1,scripted,OP1,3,0,0,2
71,1,,,0,0,1,,,0,OP1,scripted,OP1,3,0,0,2
72,1,,,0,0,1,,,0,OP1,scripted,OP1,3,0,0,2
73,1,,,0,0,1,,,0,OP1,scripted,OP1,3,0,0,2
74,1,,,0,0,1,,,0,OP1,scripted,OP1,3,0,0,2
75,1,,,0,0,1,,,0,OP1,scripted,OP1,3,0,0,2
76,1,,,0,0,1,,,0,OP1,scripted,OP1,3,0,0,2
77,1,,,0,0,1,,,0,OP1,scripted,OP1,3,0,0,2
78,1,,,0,0,1,,,0,OP1,scripted,OP1,3,0,0,2
79,1,,,0,0,1,,,0,OP1,scripted,OP1,3,0,0,2
80,1,,,0,0,1,,,0,OP1,scripted,OP1,3,0,0,2
81,1,,,0,0,1,,,0,OP1,scripted,OP1,3,0,0,2
82,1,,,0,0,1,,,0,OP1,scripted,OP1,3,0,0,2
83,1,,,0,0,1,,,0,OP1,scripted,OP1,3,0,0,2
84,1,,,0,0,1,,,0,OP1,scripted,OP1,3,0,0,2
85,1,,,0,0,1,,,0,OP1,scripted,OP1,3,0,0,2
86,1,,,0,0,1,,,0,OP1,scripted,OP1,3,0,0,2
87,1,,,0,0,1,,,0,OP1,scripted,OP1,3,0,0,2
88,1,,,0,0,1,,,0,OP1,scripted,OP1,3,0,0,2
89,1,,,0,0,1,,,0,OP1,scripted,OP1,3,0,0,2
90,1,,,0,0,1,,,0,OP1,scripted,OP1,3,0,0,2
91,1,,,0,0,1,,,0,OP1,scripted,OP1,3,0,0,2
92,1,,,0,0,1,,,0,OP1,scripted,OP1,3,0,0,2
93,1,,,0,0,1,,,0,OP1,scripted,OP1,3,0,0,2
94,1,,,0,0,1,,,0,OP1,scripted,OP1,3,0,0,2
95,1,,,0,0,1,,,0,OP1,scripted,OP1,3,0,0,2
96,1,,,0,0,1,,,0,OP1,scripted,OP1,3,0,0,2
97,1,,,0,0,1,,,0,OP1,scripted,OP1,3,0,0,2
98,1,,,0,0,1,,,0,OP1,scripted,OP1,3,0,0,2
99,1,,,0,0,1,,,0,OP1,scripted,OP1,3,0,0,2
100,1,,,0,0,1,,,0,OP1,scripted,OP1,3,0,0,2
101,1,,,0,0,1,,,0,OP1,scripted,OP1,3,0,0,2
102,1,,,0,0,1,,,0,OP1,scripted,OP1,3,0,0,2
103,1,,,0,0,1,,,0,OP1,scripted,OP1,3,0,0,2
104,1,,,0,0,1,,,0,OP1,scripted,OP1,3,0,0,2
105,1,,,0,0,1,,,0,OP1,scripted,OP1,3,0,0,2
106,1,,,0,0,1,,,0,OP1,scripted,OP1,3,0,0,2
107,1,,,0,0,1,,,0,OP1,scripted,OP1,3,0,0,2
108,1,,,0,0,1,,,0,OP1,scripted,OP1,3,0,0,2
109,1,,,0,0,1,,,0,OP1,scripted,OP1,3,0,0,2
110,1,,,0,0,1,,,0,OP1,scripted,OP1,3,0,0,2
111,1,,,0,0,1,,,0,OP1,scripted,OP1,3,0,0,2
112,1,,,0,0,1,,,0,OP1,scripted,OP1,3,0,0,2
113,1,,,0,0,1,,,0,OP1,scripted,OP1,3,0,0,2
114,1,,,0,0,1,,,0,OP1,scripted,OP1,3,0,0,2
115,1,,,0,0,1,,,0,OP1,scripted,OP1,3,0,0,2
116,1,,,0,0,1,,,0,OP1,scripted,OP1,3,0,0,2
117,1,,,0,0,1,,,0,OP1,scripted,OP1,3,0,0,2
118,1,,,0,0,1,,,0,OP1,scripted,OP1,3,0,0,2
119,1,,,0,0,1,,,0,OP1,scripted,OP1,3,0,0,2
120,1,,,0,0,1,,,0,OP1,scripted,OP1,3,0,0,2
121,1,,,0,0,1,,,0,OP1,scripted,OP1,3,0,0,2
122,1,,,0,0,1,,,0,OP1,scripted,OP1,3,0,0,2
123,1,,,0,0,1,,,0,OP1,scripted,OP1,3,0,0,2
124,1,,,0,0,1,,,0,OP1,scripted,OP1,3,0,0,2
125,1,,,0,0,1,,,0,OP1,scripted,OP1,3,0,0,2
126,1,,,0,0,1,,,0,OP1,scripted,OP1,3,0,0,2
127,1,,,0,0,1,,,0,OP1,scripted,OP1,3,0,0,2
128,1,,,0,0,1,,,0,OP1,scripted,OP1,3,0,0,2
129,1,,,0,0,1,,,0,OP1,scripted,OP1,3,0,0,2
130,1,,,0,0,1,,,0,OP1,scripted,OP1,3,0,0,2
131,1,,,0,0,1,,,0,OP1,scripted,OP1,3,0,0,2
132,1,,,0,0,1,,,0,OP1,scripted,OP1,3,0,0,2
133,1,,,0,0,1,,,0,OP1,scripted,OP1,3,0,0,2
134,1,,,0,0,1,,,0,OP1,scripted,OP1,3,0,0,2
135,1,,,0,0,1,,,0,OP1,scripted,OP1,3,0,0,2
136,1,,,0,0,1,,,0,OP1,scripted,OP1,3,0,0,2
137,1,,,0,0,1,,,0,OP1,scripted,OP1,3,0,0,2
138,1,,,0,0,1,,,0,OP1,scripted,OP1,3,0,0,2
139,1,,,0,0,1,,,0,OP1,scripted,OP1,3,0,0,2
140,1,,,0,0,1,,,0,OP1,scripted,OP1,3,0,0,2
141,1,,,0,0,1,,,0,OP1,scripted,OP1,3,0,0,2
142,1,,,0,0,1,,,0,OP1,scripted,OP1,3,0,0,2
143,1,,,0,0,1,,,0,OP1,scripted,OP1,3,0,0,2
144,1,,,0,0,1,,,0,OP1,scripted,OP1,3,0,0,2
145,1,,,0,0,1,,,0,OP1,scripted,OP1,3,0,0,2
146,1,,,0,0,1,,,0,OP1,scripted,OP1,3,0,0,2
147,1,,,0,0,1,,,0,OP1,scripted,OP1,3,0,0,2
148,1,,,0,0,1,,,0,OP1,scripted,OP1,3,0,0,2
149,1,,,0,0,1,,,0,OP1,scripted,OP1,3,0,0,2
150,1,,,0,0,1,,,0,OP1,scripted,OP1,3,0,0,2
151,1,,,0,0,1,,,0,OP1,scripted,OP1,3,0,0,2
152,1,,,0,0,1,,,0,OP1,scripted,OP1,3,0,0,2
153,1,,,0,0,1,,,0,OP1,scripted,OP1,3,0,0,2
154,1,,,0,0,1,,,0,OP1,scripted,OP1,3,0,0,2
155,1,,,0,0,1,,,0,OP1,scripted,OP1,3,0,0,2
156,1,,,0,0,1,,,0,OP1,scripted,OP1,3,0,0,2
157,1,,,0,0,1,,,0,OP1,scripted,OP1,3,0,0,2
158,1,,,0,0,1,,,0,OP1,scripted,OP1,3,0,0,2
159,1,,,0,0,1,,,0,OP1,scripted,OP1,3,0,0,2
160,1,,,0,0,1,,,0,OP1,scripted,OP1,3,0,0,2
161,1,,,0,0,1,,,0,OP1,scripted,OP1,3,0,0,2
162,1,,,0,0,1,,,0,OP1,scripted,OP1,3,0,0,2
163,1,,,0,0,1,,,0,OP1,scripted,OP1,3,0,0,2
164,1,,,0,0,1,,,0,OP1,scripted,OP1,3,0,0,2
165,1,,,0,0,1,,,0,OP1,scripted,OP1,3,0,0,2
166,1,,,0,0,1,,,0,OP1,scripted,OP1,3,0,0,2
167,1,,,0,0,1,,,0,OP1,scripted,OP1,3,0,0,2
168,1,,,0,0,1,,,0,OP1,scripted,OP1,3,0,0,2
169,1,,,0,0,1,,,0,OP1,scripted,OP1,3,0,0,2
170,1,,,0,0,1,,,0,OP1,scripted,OP1,3,0,0,2
171,1,,,0,0,1,,,0,OP1,scripted,OP1,3,0,0,2
172,1,,,0,0,1,,,0,OP1,scripted,OP1,3,0,0,2
173,1,,,0,0,1,,,0,OP1,scripted,OP1,3,0,0,2
174,1,,,0,0,1,,,0,OP1,scripted,OP1,3,0,0,2
175,1,,,0,0,1,,,0,OP1,scripted,OP1,3,0,0,2
176,1,,,0,0,1,,,0,OP1,scripted,OP1,3,0,0,2
177,1,,,0,0,1,,,0,OP1,scripted,OP1,3,0,0,2
178,1,,,0,0,1,,,0,OP1,scripted,OP1,3,0,0,2
179,1,,,0,0,1,,,0,OP1,scripted,OP1,3,0,0,2
180,1,,,0,0,1,,,0,OP1,scripted,OP1,3,0,0,2
181,1,,,0,0,1,,,0,OP1,scripted,OP1,3,0,0,2
182,1,,,0,0,1,,,0,OP1,scripted,OP1,3,0,0,2
183,1,,,0,0,1,,,0,OP1,scripted,OP1,3,0,0,2
184,1,,,0,0,1,,,0,OP1,scripted,OP1,3,0,0,2
185,1,,,0,0,1,,,0,OP1,scripted,OP1,3,0,0,2
186,1,,,0,0,1,,,0,OP1,scripted,OP1,3,0,0,2
187,1,,,0,0,1,,,0,OP1,scripted,OP1,3,0,0,2
188,1,,,0,0,1,,,0,OP1,scripted,OP1,3,0,0,2
189,1,,,0,0,1,,,0,OP1,scripted,OP1,3,0,0,2
190,1,,,0,0,1,,,0,OP1,scripted,OP1,3,0,0,2
191,1,,,0,0,1,,,0,OP1,scripted,OP1,3,0,0,2
192,1,,,0,0,1,,,0,OP1,scripted,OP1,3,0,0,2
193,1,,,0,0,1,,,0,OP1,scripted,OP1,3,0,0,2
194,1,,,0,0,1,,,0,OP1,scripted,OP1,3,0,0,2
195,1,,,0,0,1,,,0,OP1,scripted,OP1,3,0,0,2
196,1,,,0,0,1,,,0,OP1,scripted,OP1,3,0,0,2
197,1,,,0,0,1,,,0,OP1,scripted,OP1,3,0,0,2
198,1,,,0,0,1,,,0,OP1,scripted,OP1,3,0,0,2
199,1,,,0,0,1,,,0,OP1,scripted,OP1,3,0,0,2
200,1,,,0,0,1,,,0,OP1,scripted,OP1,3,0,0,2
201,1,,,0,0,1,,,0,OP1,scripted,OP1,3,0,0,2
202,1,,,0,0,1,,,0,OP1,scripted,OP1,3,0,0,2
203,1,,,0,0,1,,,0,OP1,scripted,OP1,3,0,0,2
204,1,,,0,0,1,,,0,OP1,scripted,OP1,3,0,0,2
205,1,,,0,0,1,,,0,OP1,scripted,OP1,3,0,0,2
206,1,,,0,0,1,,,0,OP1,scripted,OP1,3,0,0,2
207,1,,,0,0,1,,,0,OP1,scripted,OP1,3,0,0,2
208,1,,,0,0,1,,,0,OP2,scripted,OP2,3,0,1,2
209,1,,,0,0,1,,,0,OP2,scripted,OP2,3,0,1,2
210,1,,,0,0,1,,,0,OP2,scripted,OP2,3,0,1,2
211,1,,,0,0,1,,,0,OP2,scripted,OP2,3,0,1,2
212,1,,,0,0,1,,,0,OP2,scripted,OP2,3,0,1,2
213,1,,,0,0,1,,,0,OP2,scripted,OP2,3,0,1,2
214,1,,,0,0,1,,,0,OP2,scripted,OP2,3,0,1,2
215,1,,,0,0,1,,,0,OP2,scripted,OP2,3,0,1,2
216,1,,,0,0,1,,,0,OP2,scripted,OP2,3,0,1,2
217,1,,,0,0,1,,,0,OP2,scripted,OP2,3,0,1,2
218,1,,,0,0,1,,,0,OP2,scripted,OP2,3,0,1,2
219,1,,,0,0,1,,,0,OP2,scripted,OP2,3,0,1,2
220,1,,,0,0,1,,,0,OP2,scripted,OP2,3,0,1,2
221,1,,,0,0,1,,,0,OP2,scripted,OP2,3,0,1,2
222,1,,,0,0,1,,,0,OP2,scripted,OP2,3,0,1,2
223,1,,,0,0,1,,,0,OP2,scripted,OP2,3,0,1,2
224,1,,,0,0,1,,,0,OP2,scripted,OP2,3,0,1,2
225,1,,,0,0,1,,,0,OP2,scripted,OP2,3,0,1,2
226,1,,,0,0,1,,,0,OP2,scripted,OP2,3,0,1,2
227,1,,,0,0,1,,,0,OP2,scripted,OP2,3,0,1,2
228,1,,,0,0,1,,,0,OP2,scripted,OP2,3,0,1,2
229,1,,,0,0,1,,,0,OP2,scripted,OP2,3,0,1,2
230,1,,,0,0,1,,,0,OP2,scripted,OP2,3,0,1,2
231,1,,,0,0,1,,,0,OP2,scripted,OP2,3,0,1,2
232,1,,,0,0,1,,,0,OP2,scripted,OP2,3,0,1,2
233,1,,,0,0,1,,,0,OP2,scripted,OP2,3,0,1,2
234,1,,,0,0,1,,,0,OP2,scripted,OP2,3,0,1,2
235,1,,,0,0,1,,,0,OP2,scripted,OP2,3,0,1,2
236,1,,,0,0,1,,,0,OP2,scripted,OP2,3,0,1,2
237,1,,,0,0,1,,,0,OP2,scripted,OP2,3,0,1,2
238,1,,,0,0,1,,,0,OP2,scripted,OP2,3,0,1,2
239,1,,,0,0,1,,,0,OP2,scripted,OP2,3,0,1,2
240,1,,,0,0,1,,,0,OP2,scripted,OP2,3,0,1,2
241,1,,,0,0,1,,,0,OP2,scripted,OP2,3,0,1,2
242,1,,,0,0,1,,,0,OP2,scripted,OP2,3,0,1,2
243,1,,,0,0,1,,,0,OP2,scripted,OP2,3,0,1,2
244,1,,,0,0,1,,,0,OP2,scripted,OP2,3,0,1,2
245,1,,,0,0,1,,,0,OP2,scripted,OP2,3,0,1,2
246,1,,,0,0,1,,,0,OP2,scripted,OP2,3,0,1,2
247,1,,,0,0,1,,,0,OP2,scripted,OP2,3,0,1,2
248,1,,,0,0,1,,,0,OP2,scripted,OP2,3,0,1,2
249,1,,,0,0,1,,,0,OP2,scripted,OP2,3,0,1,2
250,1,,,0,0,1,,,0,OP2,scripted,OP2,3,0,1,2
251,1,,,0,0,1,,,0,OP2,scripted,OP2,3,0,1,2
252,1,,,0,0,1,,,0,OP2,scripted,OP2,3,0,1,2
253,1,,,0,0,1,,,0,OP2,scripted,OP2,3,0,1,2
254,1,,,0,0,1,,,0,OP2,scripted,OP2,3,0,1,2
255,1,,,0,0,1,,,0,OP2,scripted,OP2,3,0,1,2
256,1,,,0,0,1,,,0,OP2,scripted,OP2,3,0,1,2
257,1,,,0,0,1,,,0,OP2,scripted,OP2,3,0,1,2
258,1,,,0,0,1,,,0,OP2,scripted,OP2,3,0,1,2
259,1,,,0,0,1,,,0,OP2,scripted,OP2,3,0,1,2
260,1,,,0,0,1,,,0,OP2,scripted,OP2,3,0,1,2
261,1,,,0,0,1,,,0,OP2,scripted,OP2,3,0,1,2
262,1,,,0,0,1,,,0,OP2,scripted,OP2,3,0,1,2
263,1,,,0,0,1,,,0,OP2,scripted,OP2,3,0,1,2
264,1,,,0,0,1,,,0,OP2,scripted,OP2,3,0,1,2
265,1,,,0,0,1,,,0,OP2,scripted,OP2,3,0,1,2
266,1,,,0,0,1,,,0,OP2,scripted,OP2,3,0,1,2
267,1,,,0,0,1,,,0,OP2,scripted,OP2,3,0,1,2
268,1,,,0,0,1,,,0,OP2,scripted,OP2,3,0,1,2
269,1,,,0,0,1,,,0,OP2,scripted,OP2,3,0,1,2
270,1,,,0,0,1,,,0,OP2,scripted,OP2,3,0,1,2
271,1,,,0,0,1,,,0,OP2,scripted,OP2,3,0,1,2
272,1,,,0,0,1,,,0,OP2,scripted,OP2,3,0,1,2
273,1,,,0,0,1,,,0,OP2,scripted,OP2,3,0,1,2
274,1,,,0,0,1,,,0,OP2,scripted,OP2,3,0,1,2
275,1,,,0,0,1,,,0,OP2,scripted,OP2,3,0,1,2
276,1,,,0,0,1,,,0,OP2,scripted,OP2,3,0,1,2
277,1,,,0,0,1,,,0,OP2,scripted,OP2,3,0,1,2
278,1,,,0,0,1,,,0,OP2,scripted,OP2,3,0,1,2
279,1,,,0,0,1,,,0,OP2,scripted,OP2,3,0,1,2
280,1,,,0,0,1,,,0,OP2,scripted,OP2,3,0,1,2
281,1,,,0,0,1,,,0,OP2,scripted,OP2,3,0,1,2
282,1,,,0,0,1,,,0,OP2,scripted,OP2,3,0,1,2
283,1,,,0,0,1,,,0,OP2,scripted,OP2,3,0,1,2
284,1,,,0,0,1,,,0,OP2,scripted,OP2,3,0,1,2
285,1,,,0,0,1,,,0,OP2,scripted,OP2,3,0,1,2
286,1,,,0,0,1,,,0,OP2,scripted,OP2,3,0,1,2
287,1,,,0,0,1,,,0,OP2,scripted,OP2,3,0,1,2
288,1,,,0,0,1,,,0,OP2,scripted,OP2,3,0,1,2
289,1,,,0,0,1,,,0,OP2,scripted,OP2,3,0,1,2
290,1,,,0,0,1,,,0,OP2,scripted,OP2,3,0,1,2
291,1,,,0,0,1,,,0,OP2,scripted,OP2,3,0,1,2
292,1,,,0,0,1,,,0,OP2,scripted,OP2,3,0,1,2
293,1,,,0,0,1,,,0,OP2,scripted,OP2,3,0,1,2
294,1,,,0,0,1,,,0,OP2,scripted,OP2,3,0,1,2
295,1,,,0,0,1,,,0,OP2,scripted,OP2,3,0,1,2
296,1,,,0,0,1,,,0,OP2,scripted,OP2,3,0,1,2
297,1,,,0,0,1,,,0,OP2,scripted,OP2,3,0,1,2
298,1,,,0,0,1,,,0,OP2,scripted,OP2,3,0,1,2
299,1,,,0,0,1,,,0,OP2,scripted,OP2,3,0,1,2
300,1,,,0,0,1,,,0,OP2,scripted,OP2,3,0,1,2
301,1,,,0,0,1,,,0,OP2,scripted,OP2,3,0,1,2
302,1,,,0,0,1,,,0,OP2,scripted,OP2,3,0,1,2
303,1,,,0,0,1,,,0,OP2,scripted,OP2,3,0,1,2
304,1,,,0,0,1,,,0,OP2,scripted,OP2,3,0,1,2
305,1,,,0,0,1,,,0,OP2,scripted,OP2,3,0,1,2
306,1,,,0,0,1,,,0,OP2,scripted,OP2,3,0,1,2
307,1,,,0,0,1,,,0,OP2,scripted,OP2,3,0,1,2
308,1,,,0,0,1,,,0,OP2,scripted,OP2,3,0,1,2
309,1,,,0,0,1,,,0,OP2,scripted,OP2,3,0,1,2
310,1,,,0,0,1,,,0,OP2,scripted,OP2,3,0,1,2
311,1,,,0,0,1,,,0,OP2,scripted,OP2,3,0,1,2
312,1,,,0,0,1,,,0,OP2,scripted,OP2,3,0,1,2
313,1,,,0,0,1,,,0,OP2,scripted,OP2,3,0,1,2
314,1,,,0,0,1,,,0,OP2,scripted,OP2,3,0,1,2
315,1,,,0,0,1,,,0,OP2,scripted,OP2,3,0,1,2
316,1,,,0,0,1,,,0,OP2,scripted,OP2,3,0,1,2
317,1,,,0,0,1,,,0,OP2,scripted,OP2,3,0,1,2
318,1,,,0,0,1,,,0,OP2,scripted,OP2,3,0,1,2
319,1,,,0,0,1,,,0,OP2,scripted,OP2,3,0,1,2
320,1,,,0,0,1,,,0,OP2,scripted,OP2,3,0,1,2
321,1,,,0,0,1,,,0,OP2,scripted,OP2,3,0,1,2
322,1,,,0,0,1,,,0,OP2,scripted,OP2,3,0,1,2
323,1,,,0,0,1,,,0,OP2,scripted,OP2,3,0,1,2
324,1,,,0,0,1,,,0,OP2,scripted,OP2,3,0,1,2
325,1,,,0,0,1,,,0,OP2,scripted,OP2,3,0,1,2
326,1,,,0,0,1,,,0,OP2,scripted,OP2,3,0,1,2
327,1,,,0,0,1,,,0,OP2,scripted,OP2,3,0,1,2
328,1,,,0,0,1,,,0,OP2,scripted,OP2,3,0,1,2
329,1,,,0,0,1,,,0,OP2,scripted,OP2,3,0,1,2
330,1,,,0,0,1,,,0,OP2,scripted,OP2,3,0,1,2
331,1,,,0,0,1,,,0,OP2,scripted,OP2,3,0,1,2
332,1,,,0,0,1,,,0,OP2,scripted,OP2,3,0,1,2
333,1,,,0,0,1,,,0,OP2,scripted,OP2,3,0,1,2
334,1,,,0,0,1,,,0,OP2,scripted,OP2,3,0,1,2
335,1,,,0,0,1,,,0,OP2,scripted,OP2,3,0,1,2
336,1,,,0,0,1,,,0,OP2,scripted,OP2,3,0,1,2
337,1,,,0,0,1,,,0,OP2,scripted,OP2,3,0,1,2
338,1,,,0,0,1,,,0,OP2,scripted,OP2,3,0,1,2
339,1,,,0,0,1,,,0,OP2,scripted,OP2,3,0,1,2
340,1,,,0,0,1,,,0,OP2,scripted,OP2,3,0,1,2
341,1,,,0,0,1,,,0,OP2,scripted,OP2,3,0,1,2
342,1,,,0,0,1,,,0,OP2,scripted,OP2,3,0,1,2
343,1,,,0,0,1,,,0,OP2,scripted,OP2,3,0,1,2
344,1,,,0,0,1,,,0,OP2,scripted,OP2,3,0,1,2
345,1,,,0,0,1,,,0,OP2,scripted,OP2,3,0,1,2
346,1,,,0,0,1,,,0,OP2,scripted,OP2,3,0,1,2
347,1,,,0,0,1,,,0,OP2,scripted,OP2,3,0,1,2
348,1,,,0,0,1,,,0,OP2,scripted,OP2,3,0,1,2
349,1,,,0,0,1,,,0,OP2,scripted,OP2,3,0,1,2
350,1,,,0,0,1,,,0,OP2,scripted,OP2,3,0,1,2
351,1,,,0,0,1,,,0,OP2,scripted,OP2,3,0,1,2
352,1,,,0,0,1,,,0,OP2,scripted,OP2,3,0,1,2
353,1,,,0,0,1,,,0,OP2,scripted,OP2,3,0,1,2
354,1,,,0,0,1,,,0,OP2,scripted,OP2,3,0,1,2
355,1,,,0,0,1,,,0,OP2,scripted,OP2,3,0,1,2
356,1,,,0,0,1,,,0,OP2,scripted,OP2,3,0,1,2
357,1,,,0,0,1,,,0,OP2,scripted,OP2,3,0,1,2
358,1,,,0,0,1,,,0,OP2,scripted,OP2,3,0,1,2
359,1,,,0,0,1,,,0,OP2,scripted,OP2,3,0,1,2
360,1,,,0,0,1,,,0,OP2,scripted,OP2,3,0,1,2
361,1,,,0,0,1,,,0,OP2,scripted,OP2,3,0,1,2
362,1,,,0,0,1,,,0,OP2,scripted,OP2,3,0,1,2
363,1,,,0,0,1,,,0,OP2,scripted,OP2,3,0,1,2
364,1,,,0,0,1,,,0,OP2,scripted,OP2,3,0,1,2
365,1,,,0,0,1,,,0,OP2,scripted,OP2,3,0,1,2
366,1,,,0,0,1,,,0,OP2,scripted,OP2,3,0,1,2
367,1,,,0,0,1,,,0,OP2,scripted,OP2,3,0,1,2
368,1,,,0,0,1,,,0,OP2,scripted,OP2,3,0,1,2
369,1,,,0,0,1,,,0,OP2,scripted,OP2,3,0,1,2
370,1,,,0,0,1,,,0,OP2,scripted,OP2,3,0,1,2
371,1,,,0,0,1,,,0,OP2,scripted,OP2,3,0,1,2
372,1,,,0,0,1,,,0,OP2,scripted,OP2,3,0,1,2
373,1,,,0,0,1,,,0,OP2,scripted,OP2,3,0,1,2
374,1,,,0,0,1,,,0,OP2,scripted,OP2,3,0,1,2
375,1,,,0,0,1,,,0,OP2,scripted,OP2,3,0,1,2
376,1,,,0,0,1,,,0,OP2,scripted,OP2,3,0,1,2
377,1,,,0,0,1,,,0,OP2,scripted,OP2,3,0,1,2
378,1,,,0,0,1,,,0,OP2,scripted,OP2,3,0,1,2
379,1,,,0,0,1,,,0,OP2,scripted,OP2,3,0,1,2
380,1,,,0,0,1,,,0,OP2,scripted,OP2,3,0,1,2
381,1,,,0,0,1,,,0,OP2,scripted,OP2,3,0,1,2
382,1,,,0,0,1,,,0,OP2,scripted,OP2,3,0,1,2
383,1,,,0,0,1,,,0,OP2,scripted,OP2,3,0,1,2
384,1,,,0,0,1,,,0,OP2,scripted,OP2,3,0,1,2
385,1,,,0,0,1,,,0,OP2,scripted,OP2,3,0,1,2
386,1,,,0,0,1,,,0,OP2,scripted,OP2,3,0,1,2
387,1,,,0,0,1,,,0,OP2,scripted,OP2,3,0,1,2
388,1,,,0,0,1,,,0,OP2,scripted,OP2,3,0,1,2
389,1,,,0,0,1,,,0,OP2,scripted,OP2,3,0,1,2
390,1,,,0,0,1,,,0,OP2,scripted,OP2,3,0,1,2
391,1,,,0,0,1,,,0,OP2,scripted,OP2,3,0,1,2
392,1,,,0,0,1,,,0,OP2,scripted,OP2,3,0,1,2
393,1,,,0,0,1,,,0,OP2,scripted,OP2,3,0,1,2
394,1,,,0,0,1,,,0,OP2,scripted,OP2,3,0,1,2
395,1,,,0,0,1,,,0,OP2,scripted,OP2,3,0,1,2
396,1,,,0,0,1,,,0,OP2,scripted,OP2,3,0,1,2
397,1,,,0,0,1,,,0,OP2,scripted,OP2,3,0,1,2
398,1,,,0,0,1,,,0,OP2,scripted,OP2,3,0,1,2
399,1,,,0,0,1,,,0,OP2,scripted,OP2,3,0,1,2
400,1,,,0,0,1,,,0,OP2,scripted,OP2,3,0,1,2
401,1,,,0,0,1,,,0,OP2,scripted,OP2,3,0,1,2
402,1,,,0,0,1,,,0,OP2,scripted,OP2,3,0,1,2
403,1,,,0,0,1,,,0,OP2,scripted,OP2,3,0,1,2
404,1,,,0,0,1,,,0,OP2,scripted,OP2,3,0,1,2
405,1,,,0,0,1,,,0,OP2,scripted,OP2,3,0,1,2
406,1,,,0,0,1,,,0,OP2,scripted,OP2,3,0,1,2
407,1,,,0,0,1,,,0,OP3,scripted,OP3,3,1,2,2
408,1,,,0,0,1,,,0,OP2,scripted,OP2,3,0,3,2
409,1,,,0,0,1,,,0,OP3,scripted,OP3,3,2,4,2
410,0,,,0,0,1,,,0,OP3,scripted,OP3,2,3,4,2
411,1,,,0,0,1,,,0,OP3,scripted,OP3,3,2,4,2
412,1,,,0,0,1,,,0,OP3,scripted,OP3,3,2,4,2
413,1,,,0,0,1,,,0,OP3,scripted,OP3,3,2,4,2
414,0,,,0,0,1,,,0,OP3,scripted,OP3,3,3,4,2
415,0,,,0,0,1,,,0,OP3,scripted,OP3,2,3,4,2
416,0,,,0,0,1,,,0,OP3,scripted,OP3,2,3,4,2
417,0,,,0,0,1,,,0,OP3,scripted,OP3,3,3,4,2
418,0,,,0,0,1,,,0,OP3,scripted,OP3,2,3,4,2
419,1,,,0,0,1,,,0,OP3,scripted,OP3,3,2,4,2
420,0,,,0,0,1,,,0,OP3,scripted,OP3,2,3,4,2
421,0,,,0,0,1,,,0,OP3,scripted,OP3,2,3,4,2
422,1,,,0,0,1,,,0,OP3,scripted,OP3,3,2,4,2
423,0,,,0,0,1,,,0,OP3,scripted,OP3,2,3,4,2
424,0,,,0,0,1,,,0,OP3,scripted,OP3,2,3,4,2
425,0,,,0,0,1,,,0,OP3,scripted,OP3,2,3,4,2
426,0,,,0,0,1,,,0,OP3,scripted,OP3,2,3,4,2
427,0,,,0,0,1,,,0,OP3,scripted,OP3,2,3,4,2
428,1,,,0,0,1,,,0,OP3,scripted,OP3,3,2,4,2
429,1,,,0,0,1,,,0,OP3,scripted,OP3,3,1,4,2
430,1,,,0,0,1,,,0,OP3,scripted,OP3,3,2,4,2
431,0,,,0,0,1,,,0,OP3,scripted,OP3,3,3,4,2
432,0,,,0,0,1,,,0,OP3,scripted,OP3,2,3,4,2
433,0,,,0,0,1,,,0,OP3,scripted,OP3,2,3,4,2
434,1,,,0,0,1,,,0,OP3,scripted,OP3,3,2,4,2
435,0,,,0,0,1,,,0,OP3,scripted,OP3,3,3,4,2
436,0,,,0,0,1,,,0,OP3,scripted,OP3,2,3,4,2
437,0,,,0,0,1,,,0,OP3,scripted,OP3,2,3,4,2
438,1,,,0,0,1,,,0,OP3,scripted,OP3,3,2,4,2
439,0,,,0,0,1,,,0,OP3,scripted,OP3,2,3,4,2
440,1,,,0,0,1,,,0,OP3,scripted,OP3,3,2,4,2
441,1,,,0,0,1,,,0,OP3,scripted,OP3,3,1,4,2
442,1,,,0,0,1,,,0,OP3,scripted,OP3,3,2,4,2
443,1,,,0,0,1,,,0,OP3,scripted,OP3,3,2,4,2
444,0,,,0,0,1,,,0,OP3,scripted,OP3,3,3,4,2
445,1,,,0,0,1,,,0,OP3,scripted,OP3,3,2,4,2
446,1,,,0,0,1,,,0,OP3,scripted,OP3,3,2,4,2
447,1,,,0,0,1,,,0,OP3,scripted,OP3,3,2,4,2
448,1,,,0,0,1,,,0,OP3,scripted,OP3,3,2,4,2
449,1,,,0,0,1,,,0,OP3,scripted,OP3,3,2,4,2
450,0,,,0,0,1,,,0,OP3,scripted,OP3,2,3,4,2
451,0,,,0,0,1,,,0,OP3,scripted,OP3,2,3,4,2
452,1,,,0,0,1,,,0,OP3,scripted,OP3,3,2,4,2
453,1,,,0,0,1,,,0,OP3,scripted,OP3,3,2,4,2
454,0,,,0,0,1,,,0,OP3,scripted,OP3,2,3,4,2
455,1,,,0,0,1,,,0,OP3,scripted,OP3,3,2,4,2
456,0,,,0,0,1,,,0,OP3,scripted,OP3,3,3,4,2
457,0,,,0,0,1,,,0,OP3,scripted,OP3,3,3,4,2
458,0,,,0,0,1,,,0,OP3,scripted,OP3,2,3,4,2
459,1,,,0,0,1,,,0,OP3,scripted,OP3,3,2,4,2
460,1,,,0,0,1,,,0,OP3,scripted,OP3,3,2,4,2
461,0,,,0,0,1,,,0,OP3,scripted,OP3,3,3,4,2
462,1,,,0,0,1,,,0,OP3,scripted,OP3,3,2,4,2
463,0,,,0,0,1,,,0,OP3,scripted,OP3,2,3,4,2
464,1,,,0,0,1,,,0,OP3,scripted,OP3,3,2,4,2
465,1,,,0,0,1,,,0,OP3,scripted,OP3,3,2,4,2
466,1,,,0,0,1,,,0,OP3,scripted,OP3,3,2,4,2
467,1,,,0,0,1,,,0,OP3,scripted,OP3,3,2,4,2
468,0,,,0,0,1,,,0,OP3,scripted,OP3,2,3,4,2
469,1,,,0,0,1,,,0,OP3,scripted,OP3,3,2,4,2
470,0,,,0,0,1,,,0,OP3,scripted,OP3,2,3,4,2
471,0,,,0,0,1,,,0,OP3,scripted,OP3,2,3,4,2
472,0,,,0,0,1,,,0,OP3,scripted,OP3,2,3,4,2
473,1,,,0,0,1,,,0,OP3,scripted,OP3,3,2,4,2
474,1,,,0,0,1,,,0,OP3,scripted,OP3,3,2,4,2
475,0,,,0,0,1,,,0,OP3,scripted,OP3,2,3,4,2
476,1,,,0,0,1,,,0,OP3,scripted,OP3,3,2,4,2
477,1,,,0,0,1,,,0,OP3,scripted,OP3,3,2,4,2
478,0,,,0,0,1,,,0,OP3,scripted,OP3,2,3,4,2
479,0,,,0,0,1,,,0,OP3,scripted,OP3,3,3,4,2
480,0,,,0,0,1,,,0,OP3,scripted,OP3,2,3,4,2
481,1,,,0,0,1,,,0,OP3,scripted,OP3,3,2,4,2
482,1,,,0,0,1,,,0,OP3,scripted,OP3,3,2,4,2
483,1,,,0,0,1,,,0,OP3,scripted,OP3,3,1,4,2
484,1,,,0,0,1,,,0,OP3,scripted,OP3,3,2,4,2
485,1,,,0,0,1,,,0,OP3,scripted,OP3,3,2,4,2
486,1,,,0,0,1,,,0,OP3,scripted,OP3,3,2,4,2
487,0,,,0,0,1,,,0,OP3,scripted,OP3,1,3,4,2
488,0,,,0,0,1,,,0,OP3,scripted,OP3,3,3,4,2
489,1,,,0,0,1,,,0,OP3,scripted,OP3,3,1,4,2
490,1,,,0,0,1,,,0,OP3,scripted,OP3,3,1,4,2
491,1,,,0,0,1,,,0,OP3,scripted,OP3,3,1,4,2
492,1,,,0,0,1,,,0,OP3,scripted,OP3,3,2,4,2
493,0,,,0,0,1,,,0,OP3,scripted,OP3,2,3,4,2
494,1,,,0,0,1,,,0,OP3,scripted,OP3,3,2,4,2
495,1,,,0,0,1,,,0,OP3,scripted,OP3,3,2,4,2
496,1,,,0,0,1,,,0,OP3,scripted,OP3,3,2,4,2
497,1,,,0,0,1,,,0,OP3,scripted,OP3,3,1,4,2
498,1,,,0,0,1,,,0,OP3,scripted,OP3,3,1,4,2
499,1,,,0,0,1,,,0,OP3,scripted,OP3,3,2,4,2
500,0,,,0,0,1,,,0,OP3,scripted,OP3,3,3,4,2
501,1,,,0,0,1,,,0,OP3,scripted,OP3,3,1,4,2
502,1,,,0,0,1,,,0,OP3,scripted,OP3,3,2,4,2
503,0,,,0,0,1,,,0,OP3,scripted,OP3,2,3,4,2
504,1,,,0,0,1,,,0,OP3,scripted,OP3,3,2,4,2
505,1,,,0,0,1,,,0,OP3,scripted,OP3,3,2,4,2
506,1,,,0,0,1,,,0,OP3,scripted,OP3,3,2,4,2
507,1,,,0,0,1,,,0,OP3,scripted,OP3,3,2,4,2
508,1,,,0,0,1,,,0,OP3,scripted,OP3,3,2,4,2
509,0,,,0,0,1,,,0,OP3,scripted,OP3,2,3,4,2
510,0,,,0,0,1,,,0,OP3,scripted,OP3,2,3,4,2
511,0,,,0,0,1,,,0,OP3,scripted,OP3,3,3,4,2
512,0,,,0,0,1,,,0,OP3,scripted,OP3,3,3,4,2
513,1,,,0,0,1,,,0,OP3,scripted,OP3,3,2,4,2
514,0,,,0,0,1,,,0,OP3,scripted,OP3,2,3,4,2
515,1,,,0,0,1,,,0,OP3,scripted,OP3,3,2,4,2
516,0,,,0,0,1,,,0,OP3,scripted,OP3,1,3,4,2
517,1,,,0,0,1,,,0,OP3,scripted,OP3,3,2,4,2
518,0,,,0,0,1,,,0,OP3,scripted,OP3,1,3,4,2
519,0,,,0,0,1,,,0,OP3,scripted,OP3,2,3,4,2
520,1,,,0,0,1,,,0,OP3,scripted,OP3,3,2,4,2
521,1,,,0,0,1,,,0,OP3,scripted,OP3,3,2,4,2
522,0,,,0,0,1,,,0,OP3,scripted,OP3,2,3,4,2
523,0,,,0,0,1,,,0,OP3,scripted,OP3,3,3,4,2
524,1,,,0,0,1,,,0,OP3,scripted,OP3,3,1,4,2
525,1,,,0,0,1,,,0,OP3,scripted,OP3,3,1,4,2
526,0,,,0,0,1,,,0,OP3,scripted,OP3,2,3,4,2
527,1,,,0,0,1,,,0,OP3,scripted,OP3,3,2,4,2
528,1,,,0,0,1,,,0,OP3,scripted,OP3,3,2,4,2
529,0,,,0,0,1,,,0,OP3,scripted,OP3,2,3,4,2
530,1,,,0,0,1,,,0,OP3,scripted,OP3,3,2,4,2
531,0,,,0,0,1,,,0,OP3,scripted,OP3,3,3,4,2
532,1,,,0,0,1,,,0,OP3,scripted,OP3,3,2,4,2
533,0,,,0,0,1,,,0,OP3,scripted,OP3,2,3,4,2
534,0,,,0,0,1,,,0,OP3,scripted,OP3,2,3,4,2
535,0,,,0,0,1,,,0,OP3,scripted,OP3,3,3,4,2
536,1,,,0,0,1,,,0,OP3,scripted,OP3,3,1,4,2
537,0,,,0,0,1,,,0,OP3,scripted,OP3,2,3,4,2
538,0,,,0,0,1,,,0,OP3,scripted,OP3,3,3,4,2
539,1,,,0,0,1,,,0,OP3,scripted,OP3,3,2,4,2
540,1,,,0,0,1,,,0,OP3,scripted,OP3,3,1,4,2
541,0,,,0,0,1,,,0,OP3,scripted,OP3,2,3,4,2
542,0,,,0,0,1,,,0,OP3,scripted,OP3,2,3,4,2
543,1,,,0,0,1,,,0,OP3,scripted,OP3,3,1,4,2
544,0,,,0,0,1,,,0,OP3,scripted,OP3,3,3,4,2
545,0,,,0,0,1,,,0,OP3,scripted,OP3,2,3,4,2
546,0,,,0,0,1,,,0,OP3,scripted,OP3,2,3,4,2
547,1,,,0,0,1,,,0,OP3,scripted,OP3,3,2,4,2
548,0,,,0,0,1,,,0,OP3,scripted,OP3,2,3,4,2
549,0,,,0,0,1,,,0,OP3,scripted,OP3,3,3,4,2
550,0,,,0,0,1,,,0,OP3,scripted,OP3,3,3,4,2
551,1,,,0,0,1,,,0,OP3,scripted,OP3,3,2,4,2
552,1,,,0,0,1,,,0,OP3,scripted,OP3,3,2,4,2
553,1,,,0,0,1,,,0,OP3,scripted,OP3,3,2,4,2
554,0,,,0,0,1,,,0,OP3,scripted,OP3,2,3,4,2
555,1,,,0,0,1,,,0,OP3,scripted,OP3,3,2,4,2
556,0,,,0,0,1,,,0,OP3,scripted,OP3,2,3,4,2
557,1,,,0,0,1,,,0,OP3,scripted,OP3,3,2,4,2
558,1,,,0,0,1,,,0,OP3,scripted,OP3,3,2,4,2
559,1,,,0,0,1,,,0,OP3,scripted,OP3,3,2,4,2
560,0,,,0,0,1,,,0,OP3,scripted,OP3,2,3,4,2
561,1,,,0,0,1,,,0,OP3,scripted,OP3,3,2,4,2
562,1,,,0,0,1,,,0,OP3,scripted,OP3,3,2,4,2
563,0,,,0,0,1,,,0,OP3,scripted,OP3,2,3,4,2
564,0,,,0,0,1,,,0,OP3,scripted,OP3,2,3,4,2
565,1,,,0,0,1,,,0,OP3,scripted,OP3,3,1,4,2
566,1,,,0,0,1,,,0,OP3,scripted,OP3,3,2,4,2
567,1,,,0,0,1,,,0,OP3,scripted,OP3,3,1,4,2
568,1,,,0,0,1,,,0,OP3,scripted,OP3,3,2,4,2
569,0,,,0,0,1,,,0,OP3,scripted,OP3,3,3,4,2
570,1,,,0,0,1,,,0,OP3,scripted,OP3,3,2,4,2
571,1,,,0,0,1,,,0,OP3,scripted,OP3,3,2,4,2
572,1,,,0,0,1,,,0,OP3,scripted,OP3,3,2,4,2
573,1,,,0,0,1,,,0,OP3,scripted,OP3,3,2,4,2
574,0,,,0,0,1,,,0,OP3,scripted,OP3,1,3,4,2
575,0,,,0,0,1,,,0,OP3,scripted,OP3,3,3,4,2
576,1,,,0,0,1,,,0,OP3,scripted,OP3,3,2,4,2
577,1,,,0,0,1,,,0,OP3,scripted,OP3,3,2,4,2
578,0,,,0,0,1,,,0,OP3,scripted,OP3,2,3,4,2
579,0,,,0,0,1,,,0,OP3,scripted,OP3,2,3,4,2
580,1,,,0,0,1,,,0,OP3,scripted,OP3,3,1,4,2
581,0,,,0,0,1,,,0,OP3,scripted,OP3,3,3,4,2
582,1,,,0,0,1,,,0,OP3,scripted,OP3,3,2,4,2
583,0,,,0,0,1,,,0,OP3,scripted,OP3,3,3,4,2
584,1,,,0,0,1,,,0,OP3,scripted,OP3,3,2,4,2
585,1,,,0,0,1,,,0,OP3,scripted,OP3,3,2,4,2
586,1,,,0,0,1,,,0,OP3,scripted,OP3,3,1,4,2
587,1,,,0,0,1,,,0,OP3,scripted,OP3,3,1,4,2
588,1,,,0,0,1,,,0,OP3,scripted,OP3,3,2,4,2
589,0,,,0,0,1,,,0,OP3,scripted,OP3,1,3,4,2
590,0,,,0,0,1,,,0,OP3,scripted,OP3,3,3,4,2
591,0,,,0,0,1,,,0,OP3,scripted,OP3,2,3,4,2
592,1,,,0,0,1,,,0,OP3,scripted,OP3,3,2,4,2
593,1,,,0,0,1,,,0,OP3,scripted,OP3,3,2,4,2
594,0,,,0,0,1,,,0,OP3,scripted,OP3,3,3,4,2
595,0,,,0,0,1,,,0,OP3,scripted,OP3,2,3,4,2
596,0,,,0,0,1,,,0,OP3,scripted,OP3,2,3,4,2
597,1,,,0,0,1,,,0,OP3,scripted,OP3,3,2,4,2
598,1,,,0,0,1,,,0,OP3,scripted,OP3,3,1,4,2
599,0,,,0,0,1,,,0,OP3,scripted,OP3,2,3,4,2
600,0,,,0,0,1,,,0,OP3,scripted,OP3,2,3,4,2
601,1,,,0,0,1,,,0,OP3,scripted,OP3,3,2,4,2
602,0,,,0,0,1,,,0,OP3,scripted,OP3,3,3,4,2
603,1,,,0,0,1,,,0,OP3,scripted,OP3,3,2,4,2
604,1,,,0,0,1,,,0,OP3,scripted,OP3,3,2,4,2
605,1,,,0,0,1,,,0,OP3,scripted,OP3,3,2,4,2
606,1,,,0,0,1,,,0,OP3,scripted,OP3,3,2,4,2
607,0,,,0,0,1,,,0,OP3,scripted,OP3,3,3,4,2
608,0,,,0,0,1,,,0,OP3,scripted,OP3,1,3,4,2
609,1,,,0,0,1,,,0,OP3,scripted,OP3,3,2,4,2
610,1,,,0,0,1,,,0,OP3,scripted,OP3,3,2,4,2
611,1,,,0,0,1,,,0,OP3,scripted,OP3,3,2,4,2
612,1,,,0,0,1,,,0,OP3,scripted,OP3,3,2,4,2
613,0,,,0,0,1,,,0,OP3,scripted,OP3,3,3,4,2
614,1,,,0,0,1,,,0,OP3,scripted,OP3,3,1,4,2
615,1,,,0,0,1,,,0,OP3,scripted,OP3,3,1,4,2
616,0,,,0,0,1,,,0,OP3,scripted,OP3,2,3,4,2
617,0,,,0,0,1,,,0,OP3,scripted,OP3,2,3,4,2
618,0,,,0,0,1,,,0,OP3,scripted,OP3,2,3,4,2
619,0,,,0,0,1,,,0,OP3,scripted,OP3,2,3,4,2
620,1,,,0,0,1,,,0,OP3,scripted,OP3,3,1,4,2
621,1,,,0,0,1,,,0,OP3,scripted,OP3,3,1,4,2
622,1,,,0,0,1,,,0,OP3,scripted,OP3,3,2,4,2
623,1,,,0,0,1,,,0,OP3,scripted,OP3,3,2,4,2
624,1,,,0,0,1,,,0,OP3,scripted,OP3,3,2,4,2
625,0,,,0,0,1,,,0,OP3,scripted,OP3,2,3,4,2
626,1,,,0,0,1,,,0,OP3,scripted,OP3,3,2,4,2
627,0,,,0,0,1,,,0,OP3,scripted,OP3,2,3,4,2
628,1,,,0,0,1,,,0,OP3,scripted,OP3,3,2,4,2
629,1,,,0,0,1,,,0,OP3,scripted,OP3,3,2,4,2
630,1,,,0,0,1,,,0,OP3,scripted,OP3,3,2,4,2
631,1,,,0,0,1,,,0,OP3,scripted,OP3,3,2,4,2
632,1,,,0,0,1,,,0,OP3,scripted,OP3,3,2,4,2
633,1,,,0,0,1,,,0,OP3,scripted,OP3,3,2,4,2
634,0,,,0,0,1,,,0,OP3,scripted,OP3,3,3,4,2
635,1,,,0,0,1,,,0,OP3,scripted,OP3,3,2,4,2
636,0,,,0,0,1,,,0,OP3,scripted,OP3,3,3,4,2
637,1,,,0,0,1,,,0,OP3,scripted,OP3,3,2,4,2
638,1,,,0,0,1,,,0,OP3,scripted,OP3,3,2,4,2
639,1,,,0,0,1,,,0,OP3,scripted,OP3,3,2,4,2
640,1,,,0,0,1,,,0,OP3,scripted,OP3,3,2,4,2
641,0,,,0,0,1,,,0,OP3,scripted,OP3,1,3,4,2
642,0,,,0,0,1,,,0,OP3,scripted,OP3,3,3,4,2
643,0,,,0,0,1,,,0,OP3,scripted,OP3,3,3,4,2
644,0,,,0,0,1,,,0,OP3,scripted,OP3,2,3,4,2
645,1,,,0,0,1,,,0,OP3,scripted,OP3,3,2,4,2
646,1,,,0,0,1,,,0,OP3,scripted,OP3,3,2,4,2
647,1,,,0,0,1,,,0,OP3,scripted,OP3,3,2,4,2
648,1,,,0,0,1,,,0,OP3,scripted,OP3,3,2,4,2
649,0,,,0,0,1,,,0,OP3,scripted,OP3,2,3,4,2
650,0,,,0,0,1,,,0,OP3,scripted,OP3,3,3,4,2
651,0,,,0,0,1,,,0,OP3,scripted,OP3,3,3,4,2
652,0,,,0,0,1,,,0,OP3,scripted,OP3,2,3,4,2
653,0,,,0,0,1,,,0,OP3,scripted,OP3,2,3,4,2
654,0,,,0,0,1,,,0,OP3,scripted,OP3,2,3,4,2
655,0,,,0,0,1,,,0,OP3,scripted,OP3,3,3,4,2
656,1,,,0,0,1,,,0,OP3,scripted,OP3,3,2,4,2
657,0,,,0,0,1,,,0,OP3,scripted,OP3,2,3,4,2
658,0,,,0,0,1,,,0,OP3,scripted,OP3,3,3,4,2
659,1,,,0,0,1,,,0,OP3,scripted,OP3,3,2,4,2
660,1,,,0,0,1,,,0,OP3,scripted,OP3,3,2,4,2
661,0,,,0,0,1,,,0,OP3,scripted,OP3,2,3,4,2
662,1,,,0,0,1,,,0,OP3,scripted,OP3,3,2,4,2
663,1,,,0,0,1,,,0,OP3,scripted,OP3,3,2,4,2
664,1,,,0,0,1,,,0,OP3,scripted,OP3,3,2,4,2
665,0,,,0,0,1,,,0,OP3,scripted,OP3,3,3,4,2
666,1,,,0,0,1,,,0,OP3,scripted,OP3,3,2,4,2
667,0,,,0,0,1,,,0,OP3,scripted,OP3,3,3,4,2
668,1,,,0,0,1,,,0,OP3,scripted,OP3,3,2,4,2
669,0,,,0,0,1,,,0,OP3,scripted,OP3,3,3,4,2
670,0,,,0,0,1,,,0,OP3,scripted,OP3,2,3,4,2
671,1,,,0,0,1,,,0,OP3,scripted,OP3,3,2,4,2
672,0,,,0,0,1,,,0,OP3,scripted,OP3,1,3,4,2
673,1,,,0,0,1,,,0,OP3,scripted,OP3,3,2,4,2
674,1,,,0,0,1,,,0,OP3,scripted,OP3,3,2,4,2
675,1,,,0,0,1,,,0,OP3,scripted,OP3,3,2,4,2
676,1,,,0,0,1,,,0,OP3,scripted,OP3,3,2,4,2
677,1,,,0,0,1,,,0,OP3,scripted,OP3,3,2,4,2
678,0,,,0,0,1,,,0,OP3,scripted,OP3,3,3,4,2
679,0,,,0,0,1,,,0,OP3,scripted,OP3,2,3,4,2
680,0,,,0,0,1,,,0,OP3,scripted,OP3,2,3,4,2
681,1,,,0,0,1,,,0,OP3,scripted,OP3,3,1,4,2
682,1,,,0,0,1,,,0,OP3,scripted,OP3,3,2,4,2
683,0,,,0,0,1,,,0,OP3,scripted,OP3,2,3,4,2
684,0,,,0,0,1,,,0,OP3,scripted,OP3,2,3,4,2
685,0,,,0,0,1,,,0,OP3,scripted,OP3,2,3,4,2
686,1,,,0,0,1,,,0,OP3,scripted,OP3,3,2,4,2
687,1,,,0,0,1,,,0,OP3,scripted,OP3,3,2,4,2
688,1,,,0,0,1,,,0,OP3,scripted,OP3,3,2,4,2
689,0,,,0,0,1,,,0,OP3,scripted,OP3,2,3,4,2
690,1,,,0,0,1,,,0,OP3,scripted,OP3,3,2,4,2
691,1,,,0,0,1,,,0,OP3,scripted,OP3,3,2,4,2
692,1,,,0,0,1,,,0,OP3,scripted,OP3,3,2,4,2
693,1,,,0,0,1,,,0,OP3,scripted,OP3,3,0,4,2
694,0,,,0,0,1,,,0,OP3,scripted,OP3,3,3,4,2
695,1,,,0,0,1,,,0,OP3,scripted,OP3,3,2,4,2
696,0,,,0,0,1,,,0,OP3,scripted,OP3,3,3,4,2
697,0,,,0,0,1,,,0,OP3,scripted,OP3,2,3,4,2
698,0,,,0,0,1,,,0,OP3,scripted,OP3,3,3,4,2
699,1,,,0,0,1,,,0,OP3,scripted,OP3,3,2,4,2
700,1,,,0,0,1,,,0,OP3,scripted,OP3,3,1,4,2
701,1,,,0,0,1,,,0,OP3,scripted,OP3,3,2,4,2
702,0,,,0,0,1,,,0,OP3,scripted,OP3,2,3,4,2
703,0,,,0,0,1,,,0,OP3,scripted,OP3,2,3,4,2
704,1,,,0,0,1,,,0,OP3,scripted,OP3,3,2,4,2
705,0,,,0,0,1,,,0,OP3,scripted,OP3,3,3,4,2
706,1,,,0,0,1,,,0,OP3,scripted,OP3,3,2,4,2
707,1,,,0,0,1,,,0,OP3,scripted,OP3,3,2,4,2
708,1,,,0,0,1,,,0,OP3,scripted,OP3,3,2,4,2
709,0,,,0,0,1,,,0,OP3,scripted,OP3,2,3,4,2
710,0,,,0,0,1,,,0,OP3,scripted,OP3,3,3,4,2
711,0,,,0,0,1,,,0,OP3,scripted,OP3,2,3,4,2
712,1,,,0,0,1,,,0,OP3,scripted,OP3,3,2,4,2
713,0,,,0,0,1,,,0,OP3,scripted,OP3,2,3,4,2
714,1,,,0,0,1,,,0,OP3,scripted,OP3,3,2,4,2
715,1,,,0,0,1,,,0,OP3,scripted,OP3,3,2,4,2
716,1,,,0,0,1,,,0,OP3,scripted,OP3,3,2,4,2
717,0,,,0,0,1,,,0,OP3,scripted,OP3,2,3,4,2
718,1,,,0,0,1,,,0,OP3,scripted,OP3,3,2,4,2
719,0,,,0,0,1,,,0,OP3,scripted,OP3,3,3,4,2
720,0,,,0,0,1,,,0,OP3,scripted,OP3,2,3,4,2
721,1,,,0,0,1,,,0,OP3,scripted,OP3,3,2,4,2
722,0,,,0,0,1,,,0,OP3,scripted,OP3,2,3,4,2
723,1,,,0,0,1,,,0,OP3,scripted,OP3,3,1,4,2
724,0,,,0,0,1,,,0,OP3,scripted,OP3,3,3,4,2
725,1,,,0,0,1,,,0,OP3,scripted,OP3,3,1,4,2
726,0,,,0,0,1,,,0,OP3,scripted,OP3,2,3,4,2
727,0,,,0,0,1,,,0,OP3,scripted,OP3,3,3,4,2
728,1,,,0,0,1,,,0,OP3,scripted,OP3,3,1,4,2
729,0,,,0,0,1,,,0,OP3,scripted,OP3,3,3,4,2
730,0,,,0,0,1,,,0,OP3,scripted,OP3,2,3,4,2
731,1,,,0,0,1,,,0,OP3,scripted,OP3,3,2,4,2
732,0,,,0,0,1,,,0,OP3,scripted,OP3,3,3,4,2
733,1,,,0,0,1,,,0,OP3,scripted,OP3,3,2,4,2
734,0,,,0,0,1,,,0,OP3,scripted,OP3,3,3,4,2
735,1,,,0,0,1,,,0,OP3,scripted,OP3,3,2,4,2
736,1,,,0,0,1,,,0,OP3,scripted,OP3,3,2,4,2
737,1,,,0,0,1,,,0,OP3,scripted,OP3,3,1,4,2
738,0,,,0,0,1,,,0,OP3,scripted,OP3,2,3,4,2
739,0,,,0,0,1,,,0,OP3,scripted,OP3,2,3,4,2
740,1,,,0,0,1,,,0,OP3,scripted,OP3,3,2,4,2
741,1,,,0,0,1,,,0,OP3,scripted,OP3,3,1,4,2
742,0,,,0,0,1,,,0,OP3,scripted,OP3,2,3,4,2
743,1,,,0,0,1,,,0,OP3,scripted,OP3,3,2,4,2
744,1,,,0,0,1,,,0,OP3,scripted,OP3,3,2,4,2
745,1,,,0,0,1,,,0,OP3,scripted,OP3,3,2,4,2
746,1,,,0,0,1,,,0,OP3,scripted,OP3,3,2,4,2
747,1,,,0,0,1,,,0,OP3,scripted,OP3,3,2,4,2
748,0,,,0,0,1,,,0,OP3,scripted,OP3,2,3,4,2
749,0,,,0,0,1,,,0,OP3,scripted,OP3,3,3,4,2
750,1,,,0,0,1,,,0,OP3,scripted,OP3,3,2,4,2
751,1,,,0,0,1,,,0,OP3,scripted,OP3,3,2,4,2
752,1,,,0,0,1,,,0,OP3,scripted,OP3,3,2,4,2
753,1,,,0,0,1,,,0,OP3,scripted,OP3,3,2,4,2
754,1,,,0,0,1,,,0,OP3,scripted,OP3,3,2,4,2
755,0,,,0,0,1,,,0,OP3,scripted,OP3,2,3,4,2
756,1,,,0,0,1,,,0,OP3,scripted,OP3,3,2,4,2
757,0,,,0,0,1,,,0,OP3,scripted,OP3,2,3,4,2
758,0,,,0,0,1,,,0,OP3,scripted,OP3,2,3,4,2
759,1,,,0,0,1,,,0,OP3,scripted,OP3,3,2,4,2
760,1,,,0,0,1,,,0,OP3,scripted,OP3,3,2,4,2
761,1,,,0,0,1,,,0,OP3,scripted,OP3,3,2,4,2
762,0,,,0,0,1,,,0,OP3,scripted,OP3,2,3,4,2
763,0,,,0,0,1,,,0,OP3,scripted,OP3,2,3,4,2
764,1,,,0,0,1,,,0,OP3,scripted,OP3,3,2,4,2
765,1,,,0,0,1,,,0,OP3,scripted,OP3,3,2,4,2
766,1,,,0,0,1,,,0,OP3,scripted,OP3,3,2,4,2
767,1,,,0,0,1,,,0,OP3,scripted,OP3,3,2,4,2
768,1,,,0,0,1,,,0,OP3,scripted,OP3,3,1,4,2
769,0,,,0,0,1,,,0,OP3,scripted,OP3,2,3,4,2
770,0,,,0,0,1,,,0,OP3,scripted,OP3,3,3,4,2
771,1,,,0,0,1,,,0,OP3,scripted,OP3,3,2,4,2
772,0,,,0,0,1,,,0,OP3,scripted,OP3,2,3,4,2
773,1,,,0,0,1,,,0,OP3,scripted,OP3,3,2,4,2
774,1,,,0,0,1,,,0,OP3,scripted,OP3,3,2,4,2
775,1,,,0,0,1,,,0,OP3,scripted,OP3,3,2,4,2
776,0,,,0,0,1,,,0,OP3,scripted,OP3,2,3,4,2
777,1,,,0,0,1,,,0,OP3,scripted,OP3,3,2,4,2
778,1,,,0,0,1,,,0,OP3,scripted,OP3,3,2,4,2
779,1,,,0,0,1,,,0,OP3,scripted,OP3,3,2,4,2
780,1,,,0,0,1,,,0,OP3,scripted,OP3,3,2,4,2
781,0,,,0,0,1,,,0,OP3,scripted,OP3,3,3,4,2
782,0,,,0,0,1,,,0,OP3,scripted,OP3,2,3,4,2
783,0,,,0,0,1,,,0,OP3,scripted,OP3,2,3,4,2
784,0,,,0,0,1,,,0,OP3,scripted,OP3,1,3,4,2
785,1,,,0,0,1,,,0,OP3,scripted,OP3,3,2,4,2
786,0,,,0,0,1,,,0,OP3,scripted,OP3,3,3,4,2
787,0,,,0,0,1,,,0,OP3,scripted,OP3,2,3,4,2
788,0,,,0,0,1,,,0,OP3,scripted,OP3,2,3,4,2
789,1,,,0,0,1,,,0,OP3,scripted,OP3,3,2,4,2
790,0,,,0,0,1,,,0,OP3,scripted,OP3,2,3,4,2
791,0,,,0,0,1,,,0,OP3,scripted,OP3,2,3,4,2
792,1,,,0,0,1,,,0,OP3,scripted,OP3,3,2,4,2
793,1,,,0,0,1,,,0,OP3,scripted,OP3,3,2,4,2
794,1,,,0,0,1,,,0,OP3,scripted,OP3,3,2,4,2
795,0,,,0,0,1,,,0,OP3,scripted,OP3,2,3,4,2
796,0,,,0,0,1,,,0,OP3,scripted,OP3,2,3,4,2
797,1,,,0,0,1,,,0,OP3,scripted,OP3,3,2,4,2
798,1,,,0,0,1,,,0,OP3,scripted,OP3,3,2,4,2
799,1,,,0,0,1,,,0,OP3,scripted,OP3,3,2,4,2
800,0,,,0,0,1,,,0,OP3,scripted,OP3,2,3,4,2
801,1,,,0,0,1,,,0,OP3,scripted,OP3,3,1,4,2
802,1,,,0,0,1,,,0,OP3,scripted,OP3,3,1,4,2
803,0,,,0,0,1,,,0,OP3,scripted,OP3,2,3,4,2
804,0,,,0,0,1,,,0,OP3,scripted,OP3,2,3,4,2
805,0,,,0,0,1,,,0,OP3,scripted,OP3,3,3,4,2
806,0,,,0,0,1,,,0,OP3,scripted,OP3,3,3,4,2
807,1,,,0,0,1,,,0,OP3,scripted,OP3,3,2,4,2
808,1,,,0,0,1,,,0,OP3,scripted,OP3,3,1,4,2
809,1,,,0,0,1,,,0,OP3,scripted,OP3,3,2,4,2
810,1,,,0,0,1,,,0,OP3,scripted,OP3,3,2,4,2
811,0,,,0,0,1,,,0,OP3,scripted,OP3,2,3,4,2
812,1,,,0,0,1,,,0,OP3,scripted,OP3,3,2,4,2
813,0,,,0,0,1,,,0,OP3,scripted,OP3,2,3,4,2
814,0,,,0,0,1,,,0,OP3,scripted,OP3,2,3,4,2
815,1,,,0,0,1,,,0,OP3,scripted,OP3,3,2,4,2
816,1,,,0,0,1,,,0,OP3,scripted,OP3,3,2,4,2
817,1,,,0,0,1,,,0,OP3,scripted,OP3,3,1,4,2
818,0,,,0,0,1,,,0,OP3,scripted,OP3,2,3,4,2
819,1,,,0,0,1,,,0,OP3,scripted,OP3,3,2,4,2
820,1,,,0,0,1,,,0,OP3,scripted,OP3,3,2,4,2
821,0,,,0,0,1,,,0,OP3,scripted,OP3,3,3,4,2
822,1,,,0,0,1,,,0,OP3,scripted,OP3,3,2,4,2
823,1,,,0,0,1,,,0,OP3,scripted,OP3,3,2,4,2
824,1,,,0,0,1,,,0,OP3,scripted,OP3,3,1,4,2
825,1,,,0,0,1,,,0,OP3,scripted,OP3,3,2,4,2
826,0,,,0,0,1,,,0,OP3,scripted,OP3,2,3,4,2
827,1,,,0,0,1,,,0,OP3,scripted,OP3,3,2,4,2
828,1,,,0,0,1,,,0,OP3,scripted,OP3,3,2,4,2
829,1,,,0,0,1,,,0,OP3,scripted,OP3,3,2,4,2
830,1,,,0,0,1,,,0,OP3,scripted,OP3,3,2,4,2
831,1,,,0,0,1,,,0,OP3,scripted,OP3,3,2,4,2
832,0,,,0,0,1,,,0,OP3,scripted,OP3,2,3,4,2
833,0,,,0,0,1,,,0,OP3,scripted,OP3,2,3,4,2
834,1,,,0,0,1,,,0,OP3,scripted,OP3,3,2,4,2
835,1,,,0,0,1,,,0,OP3,scripted,OP3,3,2,4,2
836,1,,,0,0,1,,,0,OP3,scripted,OP3,3,1,4,2
837,0,,,0,0,1,,,0,OP3,scripted,OP3,2,3,4,2
838,0,,,0,0,1,,,0,OP3,scripted,OP3,2,3,4,2
839,0,,,0,0,1,,,0,OP3,scripted,OP3,2,3,4,2
840,0,,,0,0,1,,,0,OP3,scripted,OP3,3,3,4,2
841,0,,,0,0,1,,,0,OP3,scripted,OP3,3,3,4,2
842,1,,,0,0,1,,,0,OP3,scripted,OP3,3,1,4,2
843,1,,,0,0,1,,,0,OP3,scripted,OP3,3,2,4,2
844,1,,,0,0,1,,,0,OP3,scripted,OP3,3,2,4,2
845,0,,,0,0,1,,,0,OP3,scripted,OP3,2,3,4,2
846,0,,,0,0,1,,,0,OP3,scripted,OP3,3,3,4,2
847,0,,,0,0,1,,,0,OP3,scripted,OP3,2,3,4,2
848,1,,,0,0,1,,,0,OP3,scripted,OP3,3,2,4,2
849,1,,,0,0,1,,,0,OP3,scripted,OP3,3,2,4,2
850,1,,,0,0,1,,,0,OP3,scripted,OP3,3,2,4,2
851,0,,,0,0,1,,,0,OP3,scripted,OP3,2,3,4,2
852,1,,,0,0,1,,,0,OP3,scripted,OP3,3,2,4,2
853,1,,,0,0,1,,,0,OP3,scripted,OP3,3,1,4,2
854,0,,,0,0,1,,,0,OP3,scripted,OP3,2,3,4,2
855,1,,,0,0,1,,,0,OP3,scripted,OP3,3,2,4,2
856,1,,,0,0,1,,,0,OP3,scripted,OP3,3,2,4,2
857,1,,,0,0,1,,,0,OP3,scripted,OP3,3,2,4,2
858,0,,,0,0,1,,,0,OP3,scripted,OP3,3,3,4,2
859,1,,,0,0,1,,,0,OP3,scripted,OP3,3,2,4,2
860,1,,,0,0,1,,,0,OP3,scripted,OP3,3,2,4,2
861,0,,,0,0,1,,,0,OP3,scripted,OP3,3,3,4,2
862,0,,,0,0,1,,,0,OP3,scripted,OP3,2,3,4,2
863,1,,,0,0,1,,,0,OP3,scripted,OP3,3,2,4,2
864,1,,,0,0,1,,,0,OP3,scripted,OP3,3,2,4,2
865,1,,,0,0,1,,,0,OP3,scripted,OP3,3,2,4,2
866,1,,,0,0,1,,,0,OP3,scripted,OP3,3,2,4,2
867,1,,,0,0,1,,,0,OP3,scripted,OP3,3,2,4,2
868,0,,,0,0,1,,,0,OP3,scripted,OP3,2,3,4,2
869,1,,,0,0,1,,,0,OP3,scripted,OP3,3,2,4,2
870,1,,,0,0,1,,,0,OP3,scripted,OP3,3,2,4,2
871,1,,,0,0,1,,,0,OP3,scripted,OP3,3,2,4,2
872,1,,,0,0,1,,,0,OP3,scripted,OP3,3,2,4,2
873,0,,,0,0,1,,,0,OP3,scripted,OP3,2,3,4,2
874,0,,,0,0,1,,,0,OP3,scripted,OP3,2,3,4,2
875,1,,,0,0,1,,,0,OP3,scripted,OP3,3,2,4,2
876,0,,,0,0,1,,,0,OP3,scripted,OP3,3,3,4,2
877,1,,,0,0,1,,,0,OP3,scripted,OP3,3,2,4,2
878,0,,,0,0,1,,,0,OP3,scripted,OP3,2,3,4,2
879,1,,,0,0,1,,,0,OP3,scripted,OP3,3,2,4,2
880,0,,,0,0,1,,,0,OP3,scripted,OP3,2,3,4,2
881,1,,,0,0,1,,,0,OP3,scripted,OP3,3,2,4,2
882,1,,,0,0,1,,,0,OP3,scripted,OP3,3,2,4,2
883,0,,,0,0,1,,,0,OP3,scripted,OP3,2,3,4,2
884,1,,,0,0,1,,,0,OP3,scripted,OP3,3,2,4,2
885,0,,,0,0,1,,,0,OP3,scripted,OP3,2,3,4,2
886,0,,,0,0,1,,,0,OP3,scripted,OP3,2,3,4,2
887,1,,,0,0,1,,,0,OP3,scripted,OP3,3,2,4,2
888,0,,,0,0,1,,,0,OP3,scripted,OP3,2,3,4,2
889,1,,,0,0,1,,,0,OP3,scripted,OP3,3,2,4,2
890,0,,,0,0,1,,,0,OP3,scripted,OP3,2,3,4,2
891,1,,,0,0,1,,,0,OP3,scripted,OP3,3,2,4,2
892,0,,,0,0,1,,,0,OP3,scripted,OP3,2,3,4,2
893,0,,,0,0,1,,,0,OP3,scripted,OP3,2,3,4,2
894,0,,,0,0,1,,,0,OP3,scripted,OP3,1,3,4,2
895,1,,,0,0,1,,,0,OP3,scripted,OP3,3,1,4,2
896,1,,,0,0,1,,,0,OP3,scripted,OP3,3,2,4,2
897,1,,,0,0,1,,,0,OP3,scripted,OP3,3,2,4,2
898,0,,,0,0,1,,,0,OP3,scripted,OP3,2,3,4,2
899,0,,,0,0,1,,,0,OP3,scripted,OP3,2,3,4,2
900,0,,,0,0,1,,,0,OP3,scripted,OP3,3,3,4,2
901,1,,,0,0,1,,,0,OP3,scripted,OP3,3,2,4,2
902,1,,,0,0,1,,,0,OP3,scripted,OP3,3,2,4,2
903,1,,,0,0,1,,,0,OP3,scripted,OP3,3,2,4,2
904,1,,,0,0,1,,,0,OP3,scripted,OP3,3,2,4,2
905,0,,,0,0,1,,,0,OP3,scripted,OP3,3,3,4,2
906,1,,,0,0,1,,,0,OP3,scripted,OP3,3,2,4,2
907,1,,,0,0,1,,,0,OP3,scripted,OP3,3,2,4,2
908,1,,,0,0,1,,,0,OP3,scripted,OP3,3,2,4,2
909,0,,,0,0,1,,,0,OP3,scripted,OP3,2,3,4,2
910,0,,,0,0,1,,,0,OP3,scripted,OP3,2,3,4,2
911,1,,,0,0,1,,,0,OP3,scripted,OP3,3,1,4,2
912,1,,,0,0,1,,,0,OP3,scripted,OP3,3,2,4,2
913,0,,,0,0,1,,,0,OP3,scripted,OP3,2,3,4,2
914,1,,,0,0,1,,,0,OP3,scripted,OP3,3,2,4,2
915,1,,,0,0,1,,,0,OP3,scripted,OP3,3,2,4,2
916,1,,,0,0,1,,,0,OP3,scripted,OP3,3,2,4,2
917,0,,,0,0,1,,,0,OP3,scripted,OP3,3,3,4,2
918,0,,,0,0,1,,,0,OP3,scripted,OP3,2,3,4,2
919,1,,,0,0,1,,,0,OP3,scripted,OP3,3,2,4,2
920,0,,,0,0,1,,,0,OP3,scripted,OP3,3,3,4,2
921,1,,,0,0,1,,,0,OP3,scripted,OP3,3,2,4,2
922,1,,,0,0,1,,,0,OP3,scripted,OP3,3,2,4,2
923,0,,,0,0,1,,,0,OP3,scripted,OP3,2,3,4,2
924,1,,,0,0,1,,,0,OP3,scripted,OP3,3,2,4,2
925,0,,,0,0,1,,,0,OP3,scripted,OP3,2,3,4,2
926,0,,,0,0,1,,,0,OP3,scripted,OP3,2,3,4,2
927,0,,,0,0,1,,,0,OP3,scripted,OP3,3,3,4,2
928,1,,,0,0,1,,,0,OP3,scripted,OP3,3,2,4,2
929,0,,,0,0,1,,,0,OP3,scripted,OP3,3,3,4,2
930,0,,,0,0,1,,,0,OP3,scripted,OP3,2,3,4,2
931,1,,,0,0,1,,,0,OP3,scripted,OP3,3,2,4,2
932,1,,,0,0,1,,,0,OP3,scripted,OP3,3,2,4,2
933,1,,,0,0,1,,,0,OP3,scripted,OP3,3,2,4,2
934,0,,,0,0,1,,,0,OP3,scripted,OP3,2,3,4,2
935,1,,,0,0,1,,,0,OP3,scripted,OP3,3,2,4,2
936,1,,,0,0,1,,,0,OP3,scripted,OP3,3,2,4,2
937,1,,,0,0,1,,,0,OP3,scripted,OP3,3,2,4,2
938,1,,,0,0,1,,,0,OP3,scripted,OP3,3,2,4,2
939,0,,,0,0,1,,,0,OP3,scripted,OP3,2,3,4,2
940,1,,,0,0,1,,,0,OP3,scripted,OP3,3,2,4,2
941,0,,,0,0,1,,,0,OP3,scripted,OP3,3,3,4,2
942,0,,,0,0,1,,,0,OP3,scripted,OP3,2,3,4,2
943,0,,,0,0,1,,,0,OP3,scripted,OP3,2,3,4,2
944,1,,,0,0,1,,,0,OP3,scripted,OP3,3,2,4,2
945,0,,,0,0,1,,,0,OP3,scripted,OP3,2,3,4,2
946,0,,,0,0,1,,,0,OP3,scripted,OP3,1,3,4,2
947,0,,,0,0,1,,,0,OP3,scripted,OP3,3,3,4,2
948,0,,,0,0,1,,,0,OP3,scripted,OP3,3,3,4,2
949,0,,,0,0,1,,,0,OP3,scripted,OP3,3,3,4,2
950,0,,,0,0,1,,,0,OP3,scripted,OP3,2,3,4,2
951,1,,,0,0,1,,,0,OP3,scripted,OP3,3,1,4,2
952,1,,,0,0,1,,,0,OP3,scripted,OP3,3,2,4,2
953,1,,,0,0,1,,,0,OP3,scripted,OP3,3,1,4,2
954,0,,,0,0,1,,,0,OP3,scripted,OP3,2,3,4,2
955,0,,,0,0,1,,,0,OP3,scripted,OP3,3,3,4,2
956,0,,,0,0,1,,,0,OP3,scripted,OP3,2,3,4,2
957,0,,,0,0,1,,,0,OP3,scripted,OP3,2,3,4,2
958,0,,,0,0,1,,,0,OP3,scripted,OP3,2,3,4,2
959,1,,,0,0,1,,,0,OP3,scripted,OP3,3,2,4,2
960,1,,,0,0,1,,,0,OP3,scripted,OP3,3,2,4,2
961,1,,,0,0,1,,,0,OP3,scripted,OP3,3,2,4,2
962,0,,,0,0,1,,,0,OP3,scripted,OP3,2,3,4,2
963,0,,,0,0,1,,,0,OP3,scripted,OP3,3,3,4,2
964,0,,,0,0,1,,,0,OP3,scripted,OP3,2,3,4,2
965,0,,,0,0,1,,,0,OP3,scripted,OP3,2,3,4,2
966,1,,,0,0,1,,,0,OP3,scripted,OP3,3,2,4,2
967,0,,,0,0,1,,,0,OP3,scripted,OP3,3,3,4,2
968,0,,,0,0,1,,,0,OP3,scripted,OP3,2,3,4,2
969,1,,,0,0,1,,,0,OP3,scripted,OP3,3,2,4,2
970,0,,,0,0,1,,,0,OP3,scripted,OP3,3,3,4,2
971,0,,,0,0,1,,,0,OP3,scripted,OP3,2,3,4,2
972,0,,,0,0,1,,,0,OP3,scripted,OP3,2,3,4,2
973,1,,,0,0,1,,,0,OP3,scripted,OP3,3,1,4,2
974,1,,,0,0,1,,,0,OP3,scripted,OP3,3,2,4,2
975,0,,,0,0,1,,,0,OP3,scripted,OP3,2,3,4,2
976,1,,,0,0,1,,,0,OP3,scripted,OP3,3,2,4,2
977,1,,,0,0,1,,,0,OP3,scripted,OP3,3,1,4,2
978,1,,,0,0,1,,,0,OP3,scripted,OP3,3,2,4,2
979,0,,,0,0,1,,,0,OP3,scripted,OP3,3,3,4,2
980,1,,,0,0,1,,,0,OP3,scripted,OP3,3,2,4,2
981,1,,,0,0,1,,,0,OP3,scripted,OP3,3,1,4,2
982,1,,,0,0,1,,,0,OP3,scripted,OP3,3,2,4,2
983,0,,,0,0,1,,,0,OP3,scripted,OP3,2,3,4,2
984,0,,,0,0,1,,,0,OP3,scripted,OP3,3,3,4,2
985,1,,,0,0,1,,,0,OP3,scripted,OP3,3,2,4,2
986,0,,,0,0,1,,,0,OP3,scripted,OP3,2,3,4,2
987,1,,,0,0,1,,,0,OP3,scripted,OP3,3,2,4,2
988,1,,,0,0,1,,,0,OP3,scripted,OP3,3,2,4,2
989,1,,,0,0,1,,,0,OP3,scripted,OP3,3,1,4,2
990,1,,,0,0,1,,,0,OP3,scripted,OP3,3,1,4,2
991,1,,,0,0,1,,,0,OP3,scripted,OP3,3,2,4,2
992,1,,,0,0,1,,,0,OP3,scripted,OP3,3,2,4,2
993,1,,,0,0,1,,,0,OP3,scripted,OP3,3,2,4,2
994,0,,,0,0,1,,,0,OP3,scripted,OP3,2,3,4,2
995,0,,,0,0,1,,,0,OP3,scripted,OP3,2,3,4,2
996,0,,,0,0,1,,,0,OP3,scripted,OP3,2,3,4,2
997,0,,,0,0,1,,,0,OP3,scripted,OP3,1,3,4,2
998,0,,,0,0,1,,,0,OP3,scripted,OP3,1,3,4,2
999,0,,,0,0,1,,,0,OP3,scripted,OP3,2,3,4,2
1000,0,,,0,0,1,,,0,OP3,scripted,OP3,2,3,4,2
1001,0,,,0,0,1,,,0,OP3,scripted,OP3,3,3,4,2
1002,1,,,0,0,1,,,0,OP3,scripted,OP3,3,2,4,2
1003,1,,,0,0,1,,,0,OP3,scripted,OP3,3,2,4,2
1004,1,,,0,0,1,,,0,OP3,scripted,OP3,3,2,4,2
1005,1,,,0,0,1,,,0,OP3,scripted,OP3,3,2,4,2
1006,0,,,0,0,1,,,0,OP3,scripted,OP3,3,3,4,2
1007,0,,,0,0,1,,,0,OP3,scripted,OP3,2,3,4,2
1008,0,,,0,0,1,,,0,OP3,scripted,OP3,3,3,4,2
1009,0,,,0,0,1,,,0,OP3,scripted,OP3,3,3,4,2
1010,0,,,0,0,1,,,0,OP3,scripted,OP3,3,3,4,2
1011,1,,,0,0,1,,,0,OP3,scripted,OP3,3,2,4,2
1012,1,,,0,0,1,,,0,OP3,scripted,OP3,3,1,4,2
1013,0,,,0,0,1,,,0,OP3,scripted,OP3,3,3,4,2
1014,1,,,0,0,1,,,0,OP3,scripted,OP3,3,1,4,2
1015,0,,,0,0,1,,,0,OP3,scripted,OP3,2,3,4,2
1016,0,,,0,0,1,,,0,OP3,scripted,OP3,3,3,4,2
1017,1,,,0,0,1,,,0,OP3,scripted,OP3,3,2,4,2
1018,0,,,0,0,1,,,0,OP3,scripted,OP3,3,3,4,2
1019,0,,,0,0,1,,,0,OP3,scripted,OP3,3,3,4,2
1020,0,,,0,0,1,,,0,OP3,scripted,OP3,3,3,4,2
1021,0,,,0,0,1,,,0,OP3,scripted,OP3,2,3,4,2
1022,1,,,0,0,1,,,0,OP3,scripted,OP3,3,2,4,2
1023,0,,,0,0,1,,,0,OP3,scripted,OP3,2,3,4,2
1024,0,,,0,0,1,,,0,OP3,scripted,OP3,2,3,4,2
1025,1,,,0,0,1,,,0,OP3,scripted,OP3,3,2,4,2
1026,1,,,0,0,1,,,0,OP3,scripted,OP3,3,2,4,2
1027,1,,,0,0,1,,,0,OP3,scripted,OP3,3,2,4,2
1028,0,,,0,0,1,,,0,OP3,scripted,OP3,3,3,4,2
1029,0,,,0,0,1,,,0,OP3,scripted,OP3,3,3,4,2
1030,0,,,0,0,1,,,0,OP3,scripted,OP3,2,3,4,2
1031,1,,,0,0,1,,,0,OP3,scripted,OP3,3,2,4,2
1032,0,,,0,0,1,,,0,OP3,scripted,OP3,2,3,4,2
1033,0,,,0,0,1,,,0,OP3,scripted,OP3,2,3,4,2
1034,0,,,0,0,1,,,0,OP3,scripted,OP3,2,3,4,2
1035,0,,,0,0,1,,,0,OP3,scripted,OP3,2,3,4,2
1036,1,,,0,0,1,,,0,OP3,scripted,OP3,3,1,4,2
1037,0,,,0,0,1,,,0,OP3,scripted,OP3,3,3,4,2
1038,1,,,0,0,1,,,0,OP3,scripted,OP3,3,2,4,2
1039,1,,,0,0,1,,,0,OP3,scripted,OP3,3,2,4,2
1040,1,,,0,0,1,,,0,OP3,scripted,OP3,3,2,4,2
1041,0,,,0,0,1,,,0,OP3,scripted,OP3,2,3,4,2
1042,1,,,0,0,1,,,0,OP3,scripted,OP3,3,2,4,2
1043,0,,,0,0,1,,,0,OP3,scripted,OP3,2,3,4,2
1044,0,,,0,0,1,,,0,OP3,scripted,OP3,2,3,4,2
1045,1,,,0,0,1,,,0,OP3,scripted,OP3,3,2,4,2
1046,1,,,0,0,1,,,0,OP3,scripted,OP3,3,2,4,2
1047,1,,,0,0,1,,,0,OP3,scripted,OP3,3,2,4,2
1048,1,,,0,0,1,,,0,OP3,scripted,OP3,3,2,4,2
1049,1,,,0,0,1,,,0,OP3,scripted,OP3,3,1,4,2
1050,1,,,0,0,1,,,0,OP3,scripted,OP3,3,2,4,2
1051,1,,,0,0,1,,,0,OP3,scripted,OP3,3,2,4,2
1052,1,,,0,0,1,,,0,OP3,scripted,OP3,3,1,4,2
1053,1,,,0,0,1,,,0,OP3,scripted,OP3,3,2,4,2
1054,1,,,0,0,1,,,0,OP3,scripted,OP3,3,1,4,2
1055,1,,,0,0,1,,,0,OP3,scripted,OP3,3,2,4,2
1056,1,,,0,0,1,,,0,OP3,scripted,OP3,3,2,4,2
1057,0,,,0,0,1,,,0,OP3,scripted,OP3,1,3,4,2
1058,1,,,0,0,1,,,0,OP3,scripted,OP3,3,2,4,2
1059,1,,,0,0,1,,,0,OP3,scripted,OP3,3,2,4,2
1060,1,,,0,0,1,,,0,OP3,scripted,OP3,3,2,4,2
1061,0,,,0,0,1,,,0,OP3,scripted,OP3,3,3,4,2
1062,1,,,0,0,1,,,0,OP3,scripted,OP3,3,2,4,2
1063,1,,,0,0,1,,,0,OP3,scripted,OP3,3,1,4,2
1064,0,,,0,0,1,,,0,OP3,scripted,OP3,2,3,4,2
1065,1,,,0,0,1,,,0,OP3,scripted,OP3,3,2,4,2
1066,1,,,0,0,1,,,0,OP3,scripted,OP3,3,2,4,2
1067,0,,,0,0,1,,,0,OP3,scripted,OP3,3,3,4,2
1068,1,,,0,0,1,,,0,OP3,scripted,OP3,3,2,4,2
1069,1,,,0,0,1,,,0,OP3,scripted,OP3,3,2,4,2
1070,0,,,0,0,1,,,0,OP3,scripted,OP3,3,3,4,2
1071,1,,,0,0,1,,,0,OP3,scripted,OP3,3,2,4,2
1072,1,,,0,0,1,,,0,OP3,scripted,OP3,3,2,4,2
1073,0,,,0,0,1,,,0,OP3,scripted,OP3,2,3,4,2
1074,1,,,0,0,1,,,0,OP3,scripted,OP3,3,2,4,2
1075,1,,,0,0,1,,,0,OP3,scripted,OP3,3,2,4,2
1076,1,,,0,0,1,,,0,OP3,scripted,OP3,3,2,4,2
1077,0,,,0,0,1,,,0,OP3,scripted,OP3,2,3,4,2
1078,1,,,0,0,1,,,0,OP3,scripted,OP3,3,2,4,2
1079,1,,,0,0,1,,,0,OP3,scripted,OP3,3,2,4,2
1080,1,,,0,0,1,,,0,OP3,scripted,OP3,3,1,4,2
1081,0,,,0,0,1,,,0,OP3,scripted,OP3,3,3,4,2
1082,1,,,0,0,1,,,0,OP3,scripted,OP3,3,1,4,2
1083,0,,,0,0,1,,,0,OP3,scripted,OP3,3,3,4,2
1084,1,,,0,0,1,,,0,OP3,scripted,OP3,3,2,4,2
1085,1,,,0,0,1,,,0,OP3,scripted,OP3,3,2,4,2
1086,1,,,0,0,1,,,0,OP3,scripted,OP3,3,2,4,2
1087,0,,,0,0,1,,,0,OP3,scripted,OP3,2,3,4,2
1088,0,,,0,0,1,,,0,OP3,scripted,OP3,2,3,4,2
1089,0,,,0,0,1,,,0,OP3,scripted,OP3,3,3,4,2
1090,0,,,0,0,1,,,0,OP3,scripted,OP3,3,3,4,2
1091,1,,,0,0,1,,,0,OP3,scripted,OP3,3,2,4,2
1092,1,,,0,0,1,,,0,OP3,scripted,OP3,3,2,4,2
1093,0,,,0,0,1,,,0,OP3,scripted,OP3,2,3,4,2
1094,1,,,0,0,1,,,0,OP3,scripted,OP3,3,2,4,2
1095,1,,,0,0,1,,,0,OP3,scripted,OP3,3,2,4,2
1096,0,,,0,0,1,,,0,OP3,scripted,OP3,2,3,4,2
1097,0,,,0,0,1,,,0,OP3,scripted,OP3,2,3,4,2
1098,1,,,0,0,1,,,0,OP3,scripted,OP3,3,2,4,2
1099,1,,,0,0,1,,,0,OP3,scripted,OP3,3,2,4,2
1100,1,,,0,0,1,,,0,OP3,scripted,OP3,3,2,4,2
1101,0,,,0,0,1,,,0,OP3,scripted,OP3,2,3,4,2
1102,0,,,0,0,1,,,0,OP3,scripted,OP3,3,3,4,2
1103,0,,,0,0,1,,,0,OP3,scripted,OP3,3,3,4,2
1104,0,,,0,0,1,,,0,OP3,scripted,OP3,3,3,4,2
1105,1,,,0,0,1,,,0,OP3,scripted,OP3,3,2,4,2
1106,1,,,0,0,1,,,0,OP3,scripted,OP3,3,2,4,2
1107,0,,,0,0,1,,,0,OP3,scripted,OP3,3,3,4,2
1108,1,,,0,0,1,,,0,OP3,scripted,OP3,3,2,4,2
1109,1,,,0,0,1,,,0,OP3,scripted,OP3,3,2,4,2
1110,1,,,0,0,1,,,0,OP3,scripted,OP3,3,2,4,2
1111,0,,,0,0,1,,,0,OP3,scripted,OP3,2,3,4,2
1112,0,,,0,0,1,,,0,OP3,scripted,OP3,2,3,4,2
1113,1,,,0,0,1,,,0,OP3,scripted,OP3,3,2,4,2
1114,0,,,0,0,1,,,0,OP3,scripted,OP3,3,3,4,2
1115,1,,,0,0,1,,,0,OP3,scripted,OP3,3,2,4,2
1116,0,,,0,0,1,,,0,OP3,scripted,OP3,2,3,4,2
1117,1,,,0,0,1,,,0,OP3,scripted,OP3,3,2,4,2
1118,0,,,0,0,1,,,0,OP3,scripted,OP3,2,3,4,2
1119,0,,,0,0,1,,,0,OP3,scripted,OP3,2,3,4,2
1120,0,,,0,0,1,,,0,OP3,scripted,OP3,3,3,4,2
1121,1,,,0,0,1,,,0,OP3,scripted,OP3,3,2,4,2
1122,0,,,0,0,1,,,0,OP3,scripted,OP3,3,3,4,2
1123,1,,,0,0,1,,,0,OP3,scripted,OP3,3,2,4,2
1124,1,,,0,0,1,,,0,OP3,scripted,OP3,3,2,4,2
1125,1,,,0,0,1,,,0,OP3,scripted,OP3,3,2,4,2
1126,0,,,0,0,1,,,0,OP3,scripted,OP3,2,3,4,2
1127,0,,,0,0,1,,,0,OP3,scripted,OP3,3,3,4,2
1128,1,,,0,0,1,,,0,OP3,scripted,OP3,3,2,4,2
1129,0,,,0,0,1,,,0,OP3,scripted,OP3,2,3,4,2
1130,1,,,0,0,1,,,0,OP3,scripted,OP3,3,1,4,2
1131,0,,,0,0,1,,,0,OP3,scripted,OP3,3,3,4,2
1132,1,,,0,0,1,,,0,OP3,scripted,OP3,3,2,4,2
1133,0,,,0,0,1,,,0,OP3,scripted,OP3,2,3,4,2
1134,1,,,0,0,1,,,0,OP3,scripted,OP3,3,2,4,2
1135,1,,,0,0,1,,,0,OP3,scripted,OP3,3,2,4,2
1136,0,,,0,0,1,,,0,OP3,scripted,OP3,3,3,4,2
1137,0,,,0,0,1,,,0,OP3,scripted,OP3,2,3,4,2
1138,1,,,0,0,1,,,0,OP3,scripted,OP3,3,2,4,2
1139,1,,,0,0,1,,,0,OP3,scripted,OP3,3,2,4,2
1140,1,,,0,0,1,,,0,OP3,scripted,OP3,3,2,4,2
1141,0,,,0,0,1,,,0,OP3,scripted,OP3,2,3,4,2
1142,0,,,0,0,1,,,0,OP3,scripted,OP3,3,3,4,2
1143,0,,,0,0,1,,,0,OP3,scripted,OP3,3,3,4,2
1144,0,,,0,0,1,,,0,OP3,scripted,OP3,2,3,4,2
1145,0,,,0,0,1,,,0,OP3,scripted,OP3,2,3,4,2
1146,1,,,0,0,1,,,0,OP3,scripted,OP3,3,1,4,2
1147,0,,,0,0,1,,,0,OP3,scripted,OP3,2,3,4,2
1148,0,,,0,0,1,,,0,OP3,scripted,OP3,2,3,4,2
1149,1,,,0,0,1,,,0,OP3,scripted,OP3,3,2,4,2
1150,0,,,0,0,1,,,0,OP3,scripted,OP3,2,3,4,2
1151,1,,,0,0,1,,,0,OP3,scripted,OP3,3,2,4,2
1152,0,,,0,0,1,,,0,OP3,scripted,OP3,2,3,4,2
1153,1,,,0,0,1,,,0,OP3,scripted,OP3,3,2,4,2
1154,0,,,0,0,1,,,0,OP3,scripted,OP3,2,3,4,2
1155,1,,,0,0,1,,,0,OP3,scripted,OP3,3,2,4,2
1156,1,,,0,0,1,,,0,OP3,scripted,OP3,3,2,4,2
1157,0,,,0,0,1,,,0,OP3,scripted,OP3,2,3,4,2
1158,1,,,0,0,1,,,0,OP3,scripted,OP3,3,1,4,2
1159,1,,,0,0,1,,,0,OP3,scripted,OP3,3,2,4,2
1160,0,,,0,0,1,,,0,OP3,scripted,OP3,3,3,4,2
1161,1,,,0,0,1,,,0,OP3,scripted,OP3,3,2,4,2
1162,0,,,0,0,1,,,0,OP3,scripted,OP3,2,3,4,2
1163,0,,,0,0,1,,,0,OP3,scripted,OP3,3,3,4,2
1164,0,,,0,0,1,,,0,OP3,scripted,OP3,2,3,4,2
1165,1,,,0,0,1,,,0,OP3,scripted,OP3,3,2,4,2
1166,1,,,0,0,1,,,0,OP3,scripted,OP3,3,2,4,2
1167,0,,,0,0,1,,,0,OP3,scripted,OP3,3,3,4,2
1168,1,,,0,0,1,,,0,OP3,scripted,OP3,3,2,4,2
1169,1,,,0,0,1,,,0,OP3,scripted,OP3,3,2,4,2
1170,0,,,0,0,1,,,0,OP3,scripted,OP3,2,3,4,2
1171,1,,,0,0,1,,,0,OP3,scripted,OP3,3,1,4,2
1172,1,,,0,0,1,,,0,OP3,scripted,OP3,3,2,4,2
1173,1,,,0,0,1,,,0,OP3,scripted,OP3,3,2,4,2
1174,0,,,0,0,1,,,0,OP3,scripted,OP3,3,3,4,2
1175,1,,,0,0,1,,,0,OP3,scripted,OP3,3,2,4,2
1176,1,,,0,0,1,,,0,OP3,scripted,OP3,3,2,4,2
1177,0,,,0,0,1,,,0,OP3,scripted,OP3,3,3,4,2
1178,1,,,0,0,1,,,0,OP3,scripted,OP3,3,2,4,2
1179,1,,,0,0,1,,,0,OP3,scripted,OP3,3,2,4,2
1180,1,,,0,0,1,,,0,OP3,scripted,OP3,3,2,4,2
1181,1,,,0,0,1,,,0,OP3,scripted,OP3,3,2,4,2
1182,1,,,0,0,1,,,0,OP3,scripted,OP3,3,2,4,2
1183,0,,,0,0,1,,,0,OP3,scripted,OP3,2,3,4,2
1184,1,,,0,0,1,,,0,OP3,scripted,OP3,3,2,4,2
1185,1,,,0,0,1,,,0,OP3,scripted,OP3,3,2,4,2
1186,0,,,0,0,1,,,0,OP3,scripted,OP3,3,3,4,2
1187,0,,,0,0,1,,,0,OP3,scripted,OP3,3,3,4,2
1188,1,,,0,0,1,,,0,OP3,scripted,OP3,3,2,4,2
1189,0,,,0,0,1,,,0,OP3,scripted,OP3,3,3,4,2
1190,1,,,0,0,1,,,0,OP3,scripted,OP3,3,1,4,2
1191,0,,,0,0,1,,,0,OP3,scripted,OP3,2,3,4,2
1192,0,,,0,0,1,,,0,OP3,scripted,OP3,2,3,4,2
1193,1,,,0,0,1,,,0,OP3,scripted,OP3,3,2,4,2
1194,0,,,0,0,1,,,0,OP3,scripted,OP3,2,3,4,2
1195,1,,,0,0,1,,,0,OP3,scripted,OP3,3,2,4,2
1196,1,,,0,0,1,,,0,OP3,scripted,OP3,3,2,4,2
1197,0,,,0,0,1,,,0,OP3,scripted,OP3,2,3,4,2
1198,1,,,0,0,1,,,0,OP3,scripted,OP3,3,2,4,2
1199,0,,,0,0,1,,,0,OP3,scripted,OP3,2,3,4,2
1200,1,,,0,0,1,,,0,OP3,scripted,OP3,3,2,4,2
1201,0,,,0,0,1,,,0,OP3,scripted,OP3,2,3,4,2
1202,1,,,0,0,1,,,0,OP3,scripted,OP3,3,2,4,2
1203,1,,,0,0,1,,,0,OP3,scripted,OP3,3,2,4,2
1204,0,,,0,0,1,,,0,OP3,scripted,OP3,3,3,4,2
1205,0,,,0,0,1,,,0,OP3,scripted,OP3,2,3,4,2
1206,0,,,0,0,1,,,0,OP3,scripted,OP3,2,3,4,2
1207,0,,,0,0,1,,,0,OP3,scripted,OP3,2,3,4,2
1208,0,,,0,0,1,,,0,OP3,scripted,OP3,2,3,4,2
1209,0,,,0,0,1,,,0,OP3,scripted,OP3,3,3,4,2
1210,1,,,0,0,1,,,0,OP3,scripted,OP3,3,2,4,2
1211,1,,,0,0,1,,,0,OP3,scripted,OP3,3,2,4,2
1212,1,,,0,0,1,,,0,OP3,scripted,OP3,3,2,4,2
1213,0,,,0,0,1,,,0,OP3,scripted,OP3,2,3,4,2
1214,0,,,0,0,1,,,0,OP3,scripted,OP3,3,3,4,2
1215,0,,,0,0,1,,,0,OP3,scripted,OP3,2,3,4,2
1216,0,,,0,0,1,,,0,OP3,scripted,OP3,2,3,4,2
1217,0,,,0,0,1,,,0,OP3,scripted,OP3,2,3,4,2
1218,1,,,0,0,1,,,0,OP3,scripted,OP3,3,2,4,2
1219,0,,,0,0,1,,,0,OP3,scripted,OP3,2,3,4,2
1220,1,,,0,0,1,,,0,OP3,scripted,OP3,3,2,4,2
1221,0,,,0,0,1,,,0,OP3,scripted,OP3,2,3,4,2
1222,1,,,0,0,1,,,0,OP3,scripted,OP3,3,2,4,2
1223,1,,,0,0,1,,,0,OP3,scripted,OP3,3,2,4,2
1224,1,,,0,0,1,,,0,OP3,scripted,OP3,3,2,4,2
1225,0,,,0,0,1,,,0,OP3,scripted,OP3,3,3,4,2
1226,1,,,0,0,1,,,0,OP3,scripted,OP3,3,2,4,2
1227,0,,,0,0,1,,,0,OP3,scripted,OP3,2,3,4,2
1228,1,,,0,0,1,,,0,OP3,scripted,OP3,3,2,4,2
1229,1,,,0,0,1,,,0,OP3,scripted,OP3,3,2,4,2
1230,1,,,0,0,1,,,0,OP3,scripted,OP3,3,2,4,2
1231,1,,,0,0,1,,,0,OP3,scripted,OP3,3,2,4,2
1232,0,,,0,0,1,,,0,OP3,scripted,OP3,2,3,4,2
1233,0,,,0,0,1,,,0,OP3,scripted,OP3,3,3,4,2
1234,0,,,0,0,1,,,0,OP3,scripted,OP3,2,3,4,2
1235,0,,,0,0,1,,,0,OP3,scripted,OP3,3,3,4,2
1236,0,,,0,0,1,,,0,OP3,scripted,OP3,3,3,4,2
1237,1,,,0,0,1,,,0,OP3,scripted,OP3,3,2,4,2
1238,1,,,0,0,1,,,0,OP3,scripted,OP3,3,2,4,2
1239,1,,,0,0,1,,,0,OP3,scripted,OP3,3,2,4,2
1240,1,,,0,0,1,,,0,OP3,scripted,OP3,3,2,4,2
1241,1,,,0,0,1,,,0,OP3,scripted,OP3,3,2,4,2
1242,0,,,0,0,1,,,0,OP3,scripted,OP3,2,3,4,2
1243,0,,,0,0,1,,,0,OP3,scripted,OP3,2,3,4,2
1244,1,,,0,0,1,,,0,OP3,scripted,OP3,3,1,4,2
1245,0,,,0,0,1,,,0,OP3,scripted,OP3,3,3,4,2
1246,0,,,0,0,1,,,0,OP3,scripted,OP3,1,3,4,2
1247,0,,,0,0,1,,,0,OP3,scripted,OP3,2,3,4,2
1248,1,,,0,0,1,,,0,OP3,scripted,OP3,3,2,4,2
1249,1,,,0,0,1,,,0,OP3,scripted,OP3,3,2,4,2
1250,1,,,0,0,1,,,0,OP3,scripted,OP3,3,2,4,2
1251,1,,,0,0,1,,,0,OP3,scripted,OP3,3,2,4,2
1252,1,,,0,0,1,,,0,OP3,scripted,OP3,3,2,4,2
1253,0,,,0,0,1,,,0,OP3,scripted,OP3,1,3,4,2
1254,1,,,0,0,1,,,0,OP3,scripted,OP3,3,2,4,2
1255,0,,,0,0,1,,,0,OP3,scripted,OP3,2,3,4,2
1256,0,,,0,0,1,,,0,OP3,scripted,OP3,2,3,4,2
1257,1,,,0,0,1,,,0,OP3,scripted,OP3,3,2,4,2
1258,0,,,0,0,1,,,0,OP3,scripted,OP3,3,3,4,2
1259,0,,,0,0,1,,,0,OP3,scripted,OP3,2,3,4,2
1260,0,,,0,0,1,,,0,OP3,scripted,OP3,2,3,4,2
1261,0,,,0,0,1,,,0,OP3,scripted,OP3,2,3,4,2
1262,1,,,0,0,1,,,0,OP3,scripted,OP3,3,2,4,2
1263,1,,,0,0,1,,,0,OP3,scripted,OP3,3,2,4,2
1264,0,,,0,0,1,,,0,OP3,scripted,OP3,2,3,4,2
1265,1,,,0,0,1,,,0,OP3,scripted,OP3,3,2,4,2
1266,1,,,0,0,1,,,0,OP3,scripted,OP3,3,2,4,2
1267,1,,,0,0,1,,,0,OP3,scripted,OP3,3,1,4,2
1268,0,,,0,0,1,,,0,OP3,scripted,OP3,2,3,4,2
1269,0,,,0,0,1,,,0,OP3,scripted,OP3,2,3,4,2
1270,1,,,0,0,1,,,0,OP3,scripted,OP3,3,2,4,2
1271,0,,,0,0,1,,,0,OP3,scripted,OP3,2,3,4,2
1272,0,,,0,0,1,,,0,OP3,scripted,OP3,3,3,4,2
1273,1,,,0,0,1,,,0,OP3,scripted,OP3,3,2,4,2
1274,1,,,0,0,1,,,0,OP3,scripted,OP3,3,2,4,2
1275,1,,,0,0,1,,,0,OP3,scripted,OP3,3,1,4,2
1276,1,,,0,0,1,,,0,OP3,scripted,OP3,3,2,4,2
1277,1,,,0,0,1,,,0,OP3,scripted,OP3,3,2,4,2
1278,0,,,0,0,1,,,0,OP3,scripted,OP3,2,3,4,2
1279,0,,,0,0,1,,,0,OP3,scripted,OP3,2,3,4,2
1280,1,,,0,0,1,,,0,OP3,scripted,OP3,3,2,4,2
1281,1,,,0,0,1,,,0,OP3,scripted,OP3,3,1,4,2
1282,1,,,0,0,1,,,0,OP3,scripted,OP3,3,2,4,2
1283,1,,,0,0,1,,,0,OP3,scripted,OP3,3,2,4,2
1284,0,,,0,0,1,,,0,OP3,scripted,OP3,2,3,4,2
1285,1,,,0,0,1,,,0,OP3,scripted,OP3,3,2,4,2
1286,0,,,0,0,1,,,0,OP3,scripted,OP3,3,3,4,2
1287,1,,,0,0,1,,,0,OP3,scripted,OP3,3,2,4,2
1288,0,,,0,0,1,,,0,OP3,scripted,OP3,2,3,4,2
1289,0,,,0,0,1,,,0,OP3,scripted,OP3,3,3,4,2
1290,1,,,0,0,1,,,0,OP3,scripted,OP3,3,1,4,2
1291,0,,,0,0,1,,,0,OP3,scripted,OP3,2,3,4,2
1292,1,,,0,0,1,,,0,OP3,scripted,OP3,3,2,4,2
1293,1,,,0,0,1,,,0,OP3,scripted,OP3,3,2,4,2
1294,1,,,0,0,1,,,0,OP3,scripted,OP3,3,2,4,2
1295,1,,,0,0,1,,,0,OP3,scripted,OP3,3,2,4,2
1296,1,,,0,0,1,,,0,OP3,scripted,OP3,3,2,4,2
1297,1,,,0,0,1,,,0,OP3,scripted,OP3,3,2,4,2
1298,0,,,0,0,1,,,0,OP3,scripted,OP3,3,3,4,2
1299,0,,,0,0,1,,,0,OP3,scripted,OP3,2,3,4,2
1300,1,,,0,0,1,,,0,OP3,scripted,OP3,3,2,4,2
1301,0,,,0,0,1,,,0,OP3,scripted,OP3,1,3,4,2
1302,1,,,0,0,1,,,0,OP3,scripted,OP3,3,1,4,2
1303,1,,,0,0,1,,,0,OP3,scripted,OP3,3,2,4,2
1304,0,,,0,0,1,,,0,OP3,scripted,OP3,1,3,4,2
1305,1,,,0,0,1,,,0,OP3,scripted,OP3,3,2,4,2
1306,1,,,0,0,1,,,0,OP3,scripted,OP3,3,1,4,2
1307,0,,,0,0,1,,,0,OP3,scripted,OP3,2,3,4,2
1308,1,,,0,0,1,,,0,OP3,scripted,OP3,3,2,4,2
1309,0,,,0,0,1,,,0,OP3,scripted,OP3,3,3,4,2
1310,0,,,0,0,1,,,0,OP3,scripted,OP3,2,3,4,2
1311,0,,,0,0,1,,,0,OP3,scripted,OP3,3,3,4,2
1312,0,,,0,0,1,,,0,OP3,scripted,OP3,2,3,4,2
1313,0,,,0,0,1,,,0,OP3,scripted,OP3,2,3,4,2
1314,1,,,0,0,1,,,0,OP3,scripted,OP3,3,2,4,2
1315,0,,,0,0,1,,,0,OP3,scripted,OP3,3,3,4,2
1316,1,,,0,0,1,,,0,OP3,scripted,OP3,3,2,4,2
1317,1,,,0,0,1,,,0,OP3,scripted,OP3,3,2,4,2
1318,0,,,0,0,1,,,0,OP3,scripted,OP3,3,3,4,2
1319,0,,,0,0,1,,,0,OP3,scripted,OP3,3,3,4,2
1320,1,,,0,0,1,,,0,OP3,scripted,OP3,3,2,4,2
1321,1,,,0,0,1,,,0,OP3,scripted,OP3,3,2,4,2
1322,1,,,0,0,1,,,0,OP3,scripted,OP3,3,2,4,2
1323,1,,,0,0,1,,,0,OP3,scripted,OP3,3,2,4,2
1324,0,,,0,0,1,,,0,OP3,scripted,OP3,2,3,4,2
1325,0,,,0,0,1,,,0,OP3,scripted,OP3,1,3,4,2
1326,0,,,0,0,1,,,0,OP3,scripted,OP3,3,3,4,2
1327,1,,,0,0,1,,,0,OP3,scripted,OP3,3,1,4,2
1328,0,,,0,0,1,,,0,OP3,scripted,OP3,2,3,4,2
1329,1,,,0,0,1,,,0,OP3,scripted,OP3,3,2,4,2
1330,1,,,0,0,1,,,0,OP3,scripted,OP3,3,2,4,2
1331,1,,,0,0,1,,,0,OP3,scripted,OP3,3,2,4,2
1332,0,,,0,0,1,,,0,OP3,scripted,OP3,2,3,4,2
1333,0,,,0,0,1,,,0,OP3,scripted,OP3,2,3,4,2
1334,0,,,0,0,1,,,0,OP3,scripted,OP3,2,3,4,2
1335,1,,,0,0,1,,,0,OP3,scripted,OP3,3,2,4,2
1336,1,,,0,0,1,,,0,OP3,scripted,OP3,3,2,4,2
1337,1,,,0,0,1,,,0,OP3,scripted,OP3,3,2,4,2
1338,1,,,0,0,1,,,0,OP3,scripted,OP3,3,2,4,2
1339,0,,,0,0,1,,,0,OP3,scripted,OP3,2,3,4,2
1340,1,,,0,0,1,,,0,OP3,scripted,OP3,3,2,4,2
1341,0,,,0,0,1,,,0,OP3,scripted,OP3,2,3,4,2
1342,0,,,0,0,1,,,0,OP3,scripted,OP3,2,3,4,2
1343,1,,,0,0,1,,,0,OP3,scripted,OP3,3,2,4,2
1344,1,,,0,0,1,,,0,OP3,scripted,OP3,3,2,4,2
1345,1,,,0,0,1,,,0,OP3,scripted,OP3,3,2,4,2
1346,0,,,0,0,1,,,0,OP3,scripted,OP3,2,3,4,2
1347,1,,,0,0,1,,,0,OP3,scripted,OP3,3,2,4,2
1348,1,,,0,0,1,,,0,OP3,scripted,OP3,3,1,4,2
1349,1,,,0,0,1,,,0,OP3,scripted,OP3,3,2,4,2
1350,0,,,0,0,1,,,0,OP3,scripted,OP3,3,3,4,2
1351,0,,,0,0,1,,,0,OP3,scripted,OP3,2,3,4,2
1352,1,,,0,0,1,,,0,OP3,scripted,OP3,3,2,4,2
1353,0,,,0,0,1,,,0,OP3,scripted,OP3,2,3,4,2
1354,1,,,0,0,1,,,0,OP3,scripted,OP3,3,2,4,2
1355,1,,,0,0,1,,,0,OP3,scripted,OP3,3,2,4,2
1356,1,,,0,0,1,,,0,OP3,scripted,OP3,3,2,4,2
1357,0,,,0,0,1,,,0,OP3,scripted,OP3,2,3,4,2
1358,1,,,0,0,1,,,0,OP3,scripted,OP3,3,2,4,2
1359,1,,,0,0,1,,,0,OP3,scripted,OP3,3,2,4,2
1360,1,,,0,0,1,,,0,OP3,scripted,OP3,3,2,4,2
1361,1,,,0,0,1,,,0,OP3,scripted,OP3,3,2,4,2
1362,0,,,0,0,1,,,0,OP3,scripted,OP3,3,3,4,2
1363,0,,,0,0,1,,,0,OP3,scripted,OP3,3,3,4,2
1364,0,,,0,0,1,,,0,OP3,scripted,OP3,2,3,4,2
1365,0,,,0,0,1,,,0,OP3,scripted,OP3,2,3,4,2
1366,0,,,0,0,1,,,0,OP3,scripted,OP3,2,3,4,2
1367,0,,,0,0,1,,,0,OP3,scripted,OP3,2,3,4,2
1368,1,,,0,0,1,,,0,OP3,scripted,OP3,3,2,4,2
1369,1,,,0,0,1,,,0,OP3,scripted,OP3,3,1,4,2
1370,1,,,0,0,1,,,0,OP3,scripted,OP3,3,2,4,2
1371,0,,,0,0,1,,,0,OP3,scripted,OP3,2,3,4,2
1372,0,,,0,0,1,,,0,OP3,scripted,OP3,2,3,4,2
1373,0,,,0,0,1,,,0,OP3,scripted,OP3,2,3,4,2
1374,1,,,0,0,1,,,0,OP3,scripted,OP3,3,1,4,2
1375,1,,,0,0,1,,,0,OP3,scripted,OP3,3,2,4,2
1376,1,,,0,0,1,,,0,OP3,scripted,OP3,3,2,4,2
1377,0,,,0,0,1,,,0,OP3,scripted,OP3,2,3,4,2
1378,1,,,0,0,1,,,0,OP3,scripted,OP3,3,2,4,2
1379,1,,,0,0,1,,,0,OP3,scripted,OP3,3,2,4,2
1380,0,,,0,0,1,,,0,OP3,scripted,OP3,3,3,4,2
1381,0,,,0,0,1,,,0,OP3,scripted,OP3,2,3,4,2
1382,1,,,0,0,1,,,0,OP3,scripted,OP3,3,2,4,2
1383,0,,,0,0,1,,,0,OP3,scripted,OP3,2,3,4,2
1384,0,,,0,0,1,,,0,OP3,scripted,OP3,2,3,4,2
1385,0,,,0,0,1,,,0,OP3,scripted,OP3,3,3,4,2
1386,1,,,0,0,1,,,0,OP3,scripted,OP3,3,2,4,2
1387,0,,,0,0,1,,,0,OP3,scripted,OP3,2,3,4,2
1388,0,,,0,0,1,,,0,OP3,scripted,OP3,3,3,4,2
1389,1,,,0,0,1,,,0,OP3,scripted,OP3,3,2,4,2
1390,0,,,0,0,1,,,0,OP3,scripted,OP3,2,3,4,2
1391,0,,,0,0,1,,,0,OP3,scripted,OP3,2,3,4,2
1392,0,,,0,0,1,,,0,OP3,scripted,OP3,2,3,4,2
1393,0,,,0,0,1,,,0,OP3,scripted,OP3,2,3,4,2
1394,1,,,0,0,1,,,0,OP3,scripted,OP3,3,2,4,2
1395,0,,,0,0,1,,,0,OP3,scripted,OP3,2,3,4,2
1396,0,,,0,0,1,,,0,OP3,scripted,OP3,3,3,4,2
1397,1,,,0,0,1,,,0,OP3,scripted,OP3,3,2,4,2
1398,1,,,0,0,1,,,0,OP3,scripted,OP3,3,2,4,2
1399,0,,,0,0,1,,,0,OP3,scripted,OP3,2,3,4,2
1400,0,,,0,0,1,,,0,OP3,scripted,OP3,2,3,4,2
1401,0,,,0,0,1,,,0,OP3,scripted,OP3,3,3,4,2
1402,1,,,0,0,1,,,0,OP3,scripted,OP3,3,2,4,2
1403,1,,,0,0,1,,,0,OP3,scripted,OP3,3,2,4,2
1404,0,,,0,0,1,,,0,OP3,scripted,OP3,3,3,4,2
1405,0,,,0,0,1,,,0,OP3,scripted,OP3,3,3,4,2
1406,1,,,0,0,1,,,0,OP3,scripted,OP3,3,2,4,2
1407,1,,,0,0,1,,,0,OP3,scripted,OP3,3,2,4,2
1408,0,,,0,0,1,,,0,OP3,scripted,OP3,3,3,4,2
1409,0,,,0,0,1,,,0,OP3,scripted,OP3,2,3,4,2
1410,0,,,0,0,1,,,0,OP3,scripted,OP3,2,3,4,2
1411,0,,,0,0,1,,,0,OP3,scripted,OP3,3,3,4,2
1412,0,,,0,0,1,,,0,OP3,scripted,OP3,3,3,4,2
1413,1,,,0,0,1,,,0,OP3,scripted,OP3,3,2,4,2
1414,1,,,0,0,1,,,0,OP3,scripted,OP3,3,2,4,2
1415,0,,,0,0,1,,,0,OP3,scripted,OP3,1,3,4,2
1416,1,,,0,0,1,,,0,OP3,scripted,OP3,3,2,4,2
1417,1,,,0,0,1,,,0,OP3,scripted,OP3,3,1,4,2
1418,0,,,0,0,1,,,0,OP3,scripted,OP3,2,3,4,2
1419,0,,,0,0,1,,,0,OP3,scripted,OP3,3,3,4,2
1420,0,,,0,0,1,,,0,OP3,scripted,OP3,3,3,4,2
1421,0,,,0,0,1,,,0,OP3,scripted,OP3,2,3,4,2
1422,1,,,0,0,1,,,0,OP3,scripted,OP3,3,1,4,2
1423,1,,,0,0,1,,,0,OP3,scripted,OP3,3,2,4,2
1424,1,,,0,0,1,,,0,OP3,scripted,OP3,3,2,4,2
1425,1,,,0,0,1,,,0,OP3,scripted,OP3,3,2,4,2
1426,1,,,0,0,1,,,0,OP3,scripted,OP3,3,2,4,2
1427,1,,,0,0,1,,,0,OP3,scripted,OP3,3,1,4,2
1428,0,,,0,0,1,,,0,OP3,scripted,OP3,2,3,4,2
1429,1,,,0,0,1,,,0,OP3,scripted,OP3,3,2,4,2
1430,1,,,0,0,1,,,0,OP3,scripted,OP3,3,2,4,2
1431,1,,,0,0,1,,,0,OP3,scripted,OP3,3,2,4,2
1432,1,,,0,0,1,,,0,OP3,scripted,OP3,3,1,4,2
1433,1,,,0,0,1,,,0,OP3,scripted,OP3,3,2,4,2
1434,0,,,0,0,1,,,0,OP3,scripted,OP3,2,3,4,2
1435,1,,,0,0,1,,,0,OP3,scripted,OP3,3,2,4,2
1436,0,,,0,0,1,,,0,OP3,scripted,OP3,2,3,4,2
1437,0,,,0,0,1,,,0,OP3,scripted,OP3,2,3,4,2
1438,1,,,0,0,1,,,0,OP3,scripted,OP3,3,1,4,2
1439,0,,,0,0,1,,,0,OP3,scripted,OP3,2,3,4,2
1440,1,,,0,0,1,,,0,OP3,scripted,OP3,3,2,4,2
1441,0,,,0,0,1,,,0,OP3,scripted,OP3,2,3,4,2
1442,0,,,0,0,1,,,0,OP3,scripted,OP3,2,3,4,2
1443,1,,,0,0,1,,,0,OP3,scripted,OP3,3,2,4,2
1444,0,,,0,0,1,,,0,OP3,scripted,OP3,1,3,4,2
1445,1,,,0,0,1,,,0,OP3,scripted,OP3,3,2,4,2
1446,0,,,0,0,1,,,0,OP3,scripted,OP3,2,3,4,2
1447,0,,,0,0,1,,,0,OP3,scripted,OP3,3,3,4,2
1448,0,,,0,0,1,,,0,OP3,scripted,OP3,2,3,4,2
1449,1,,,0,0,1,,,0,OP3,scripted,OP3,3,2,4,2
1450,0,,,0,0,1,,,0,OP3,scripted,OP3,2,3,4,2
1451,0,,,0,0,1,,,0,OP3,scripted,OP3,2,3,4,2
1452,1,,,0,0,1,,,0,OP3,scripted,OP3,3,2,4,2
1453,0,,,0,0,1,,,0,OP3,scripted,OP3,2,3,4,2
1454,0,,,0,0,1,,,0,OP3,scripted,OP3,3,3,4,2
1455,0,,,0,0,1,,,0,OP3,scripted,OP3,2,3,4,2
1456,1,,,0,0,1,,,0,OP3,scripted,OP3,3,2,4,2
1457,1,,,0,0,1,,,0,OP3,scripted,OP3,3,2,4,2
1458,0,,,0,0,1,,,0,OP3,scripted,OP3,1,3,4,2
1459,1,,,0,0,1,,,0,OP3,scripted,OP3,3,2,4,2
1460,0,,,0,0,1,,,0,OP3,scripted,OP3,2,3,4,2
1461,1,,,0,0,1,,,0,OP3,scripted,OP3,3,2,4,2
1462,1,,,0,0,1,,,0,OP3,scripted,OP3,3,2,4,2
1463,1,,,0,0,1,,,0,OP3,scripted,OP3,3,1,4,2
1464,1,,,0,0,1,,,0,OP3,scripted,OP3,3,2,4,2
1465,0,,,0,0,1,,,0,OP3,scripted,OP3,3,3,4,2
1466,0,,,0,0,1,,,0,OP3,scripted,OP3,2,3,4,2
1467,0,,,0,0,1,,,0,OP3,scripted,OP3,2,3,4,2
1468,1,,,0,0,1,,,0,OP3,scripted,OP3,3,2,4,2
1469,0,,,0,0,1,,,0,OP3,scripted,OP3,2,3,4,2
1470,1,,,0,0,1,,,0,OP3,scripted,OP3,3,2,4,2
1471,0,,,0,0,1,,,0,OP3,scripted,OP3,2,3,4,2
1472,0,,,0,0,1,,,0,OP3,scripted,OP3,1,3,4,2
1473,1,,,0,0,1,,,0,OP3,scripted,OP3,3,2,4,2
1474,1,,,0,0,1,,,0,OP3,scripted,OP3,3,1,4,2
1475,0,,,0,0,1,,,0,OP3,scripted,OP3,3,3,4,2
1476,0,,,0,0,1,,,0,OP3,scripted,OP3,2,3,4,2
1477,0,,,0,0,1,,,0,OP3,scripted,OP3,2,3,4,2
1478,1,,,0,0,1,,,0,OP3,scripted,OP3,3,2,4,2
1479,0,,,0,0,1,,,0,OP3,scripted,OP3,3,3,4,2
1480,1,,,0,0,1,,,0,OP3,scripted,OP3,3,2,4,2
1481,1,,,0,0,1,,,0,OP3,scripted,OP3,3,2,4,2
1482,0,,,0,0,1,,,0,OP3,scripted,OP3,3,3,4,2
1483,1,,,0,0,1,,,0,OP3,scripted,OP3,3,1,4,2
1484,0,,,0,0,1,,,0,OP3,scripted,OP3,1,3,4,2
1485,1,,,0,0,1,,,0,OP3,scripted,OP3,3,2,4,2
1486,0,,,0,0,1,,,0,OP3,scripted,OP3,3,3,4,2
1487,1,,,0,0,1,,,0,OP3,scripted,OP3,3,2,4,2
1488,0,,,0,0,1,,,0,OP3,scripted,OP3,3,3,4,2
1489,0,,,0,0,1,,,0,OP3,scripted,OP3,3,3,4,2
1490,1,,,0,0,1,,,0,OP3,scripted,OP3,3,2,4,2
1491,1,,,0,0,1,,,0,OP3,scripted,OP3,3,2,4,2
1492,1,,,0,0,1,,,0,OP3,scripted,OP3,3,2,4,2
1493,1,,,0,0,1,,,0,OP3,scripted,OP3,3,2,4,2
1494,0,,,0,0,1,,,0,OP3,scripted,OP3,3,3,4,2
1495,1,,,0,0,1,,,0,OP3,scripted,OP3,3,2,4,2
1496,1,,,0,0,1,,,0,OP3,scripted,OP3,3,1,4,2
1497,0,,,0,0,1,,,0,OP3,scripted,OP3,3,3,4,2
1498,1,,,0,0,1,,,0,OP3,scripted,OP3,3,2,4,2
1499,1,,,0,0,1,,,0,OP3,scripted,OP3,3,2,4,2
1500,0,,,0,0,1,,,0,OP3,scripted,OP3,2,3,4,2
1501,1,,,0,0,1,,,0,OP3,scripted,OP3,3,2,4,2
1502,1,,,0,0,1,,,0,OP3,scripted,OP3,3,2,4,2
1503,0,,,0,0,1,,,0,OP3,scripted,OP3,2,3,4,2
1504,0,,,0,0,1,,,0,OP3,scripted,OP3,3,3,4,2
1505,0,,,0,0,1,,,0,OP3,scripted,OP3,2,3,4,2
1506,1,,,0,0,1,,,0,OP3,scripted,OP3,3,1,4,2
1507,0,,,0,0,1,,,0,OP3,scripted,OP3,2,3,4,2
1508,1,,,0,0,1,,,0,OP3,scripted,OP3,3,2,4,2
1509,1,,,0,0,1,,,0,OP3,scripted,OP3,3,2,4,2
1510,0,,,0,0,1,,,0,OP3,scripted,OP3,3,3,4,2
1511,0,,,0,0,1,,,0,OP3,scripted,OP3,2,3,4,2
1512,1,,,0,0,1,,,0,OP3,scripted,OP3,3,2,4,2
1513,1,,,0,0,1,,,0,OP3,scripted,OP3,3,2,4,2
1514,1,,,0,0,1,,,0,OP3,scripted,OP3,3,2,4,2
1515,1,,,0,0,1,,,0,OP3,scripted,OP3,3,1,4,2
1516,0,,,0,0,1,,,0,OP3,scripted,OP3,3,3,4,2
1517,0,,,0,0,1,,,0,OP3,scripted,OP3,2,3,4,2
1518,1,,,0,0,1,,,0,OP3,scripted,OP3,3,2,4,2
1519,1,,,0,0,1,,,0,OP3,scripted,OP3,3,2,4,2
1520,0,,,0,0,1,,,0,OP3,scripted,OP3,3,3,4,2
1521,1,,,0,0,1,,,0,OP3,scripted,OP3,3,2,4,2
1522,0,,,0,0,1,,,0,OP3,scripted,OP3,1,3,4,2
1523,1,,,0,0,1,,,0,OP3,scripted,OP3,3,1,4,2
1524,0,,,0,0,1,,,0,OP3,scripted,OP3,2,3,4,2
1525,1,,,0,0,1,,,0,OP3,scripted,OP3,3,2,4,2
1526,1,,,0,0,1,,,0,OP3,scripted,OP3,3,2,4,2
1527,1,,,0,0,1,,,0,OP3,scripted,OP3,3,2,4,2
1528,0,,,0,0,1,,,0,OP3,scripted,OP3,3,3,4,2
1529,1,,,0,0,1,,,0,OP3,scripted,OP3,3,2,4,2
1530,0,,,0,0,1,,,0,OP3,scripted,OP3,2,3,4,2
1531,0,,,0,0,1,,,0,OP3,scripted,OP3,2,3,4,2
1532,1,,,0,0,1,,,0,OP3,scripted,OP3,3,2,4,2
1533,1,,,0,0,1,,,0,OP3,scripted,OP3,3,1,4,2
1534,1,,,0,0,1,,,0,OP3,scripted,OP3,3,2,4,2
1535,1,,,0,0,1,,,0,OP3,scripted,OP3,3,2,4,2
1536,1,,,0,0,1,,,0,OP3,scripted,OP3,3,2,4,2
1537,1,,,0,0,1,,,0,OP3,scripted,OP3,3,2,4,2
1538,0,,,0,0,1,,,0,OP3,scripted,OP3,1,3,4,2
1539,1,,,0,0,1,,,0,OP3,scripted,OP3,3,2,4,2
1540,1,,,0,0,1,,,0,OP3,scripted,OP3,3,2,4,2
1541,0,,,0,0,1,,,0,OP3,scripted,OP3,2,3,4,2
1542,1,,,0,0,1,,,0,OP3,scripted,OP3,3,2,4,2
1543,0,,,0,0,1,,,0,OP3,scripted,OP3,2,3,4,2
1544,1,,,0,0,1,,,0,OP3,scripted,OP3,3,0,4,2
1545,1,,,0,0,1,,,0,OP3,scripted,OP3,3,2,4,2
1546,0,,,0,0,1,,,0,OP3,scripted,OP3,1,3,4,2
1547,1,,,0,0,1,,,0,OP3,scripted,OP3,3,2,4,2
1548,0,,,0,0,1,,,0,OP3,scripted,OP3,3,3,4,2
1549,1,,,0,0,1,,,0,OP3,scripted,OP3,3,2,4,2
1550,1,,,0,0,1,,,0,OP3,scripted,OP3,3,2,4,2
1551,1,,,0,0,1,,,0,OP3,scripted,OP3,3,2,4,2
1552,0,,,0,0,1,,,0,OP3,scripted,OP3,1,3,4,2
1553,1,,,0,0,1,,,0,OP3,scripted,OP3,3,2,4,2
1554,1,,,0,0,1,,,0,OP3,scripted,OP3,3,2,4,2
1555,0,,,0,0,1,,,0,OP3,scripted,OP3,2,3,4,2
1556,1,,,0,0,1,,,0,OP3,scripted,OP3,3,2,4,2
1557,0,,,0,0,1,,,0,OP3,scripted,OP3,2,3,4,2
1558,1,,,0,0,1,,,0,OP3,scripted,OP3,3,2,4,2
1559,1,,,0,0,1,,,0,OP3,scripted,OP3,3,1,4,2
1560,0,,,0,0,1,,,0,OP3,scripted,OP3,2,3,4,2
1561,0,,,0,0,1,,,0,OP3,scripted,OP3,3,3,4,2
1562,0,,,0,0,1,,,0,OP3,scripted,OP3,2,3,4,2
1563,1,,,0,0,1,,,0,OP3,scripted,OP3,3,2,4,2
1564,1,,,0,0,1,,,0,OP3,scripted,OP3,3,1,4,2
1565,1,,,0,0,1,,,0,OP3,scripted,OP3,3,2,4,2
1566,1,,,0,0,1,,,0,OP3,scripted,OP3,3,2,4,2
1567,0,,,0,0,1,,,0,OP3,scripted,OP3,2,3,4,2
1568,1,,,0,0,1,,,0,OP3,scripted,OP3,3,2,4,2
1569,0,,,0,0,1,,,0,OP3,scripted,OP3,2,3,4,2
1570,0,,,0,0,1,,,0,OP3,scripted,OP3,2,3,4,2
1571,0,,,0,0,1,,,0,OP3,scripted,OP3,2,3,4,2
1572,0,,,0,0,1,,,0,OP3,scripted,OP3,3,3,4,2
1573,0,,,0,0,1,,,0,OP3,scripted,OP3,3,3,4,2
1574,0,,,0,0,1,,,0,OP3,scripted,OP3,2,3,4,2
1575,1,,,0,0,1,,,0,OP3,scripted,OP3,3,2,4,2
1576,1,,,0,0,1,,,0,OP3,scripted,OP3,3,1,4,2
1577,1,,,0,0,1,,,0,OP3,scripted,OP3,3,2,4,2
1578,1,,,0,0,1,,,0,OP3,scripted,OP3,3,2,4,2
1579,1,,,0,0,1,,,0,OP3,scripted,OP3,3,2,4,2
1580,0,,,0,0,1,,,0,OP3,scripted,OP3,3,3,4,2
1581,1,,,0,0,1,,,0,OP3,scripted,OP3,3,2,4,2
1582,1,,,0,0,1,,,0,OP3,scripted,OP3,3,1,4,2
1583,1,,,0,0,1,,,0,OP3,scripted,OP3,3,2,4,2
1584,0,,,0,0,1,,,0,OP3,scripted,OP3,2,3,4,2
1585,1,,,0,0,1,,,0,OP3,scripted,OP3,3,2,4,2
1586,0,,,0,0,1,,,0,OP3,scripted,OP3,3,3,4,2
1587,1,,,0,0,1,,,0,OP3,scripted,OP3,3,2,4,2
1588,1,,,0,0,1,,,0,OP3,scripted,OP3,3,2,4,2
1589,0,,,0,0,1,,,0,OP3,scripted,OP3,2,3,4,2
1590,0,,,0,0,1,,,0,OP3,scripted,OP3,3,3,4,2
1591,1,,,0,0,1,,,0,OP3,scripted,OP3,3,2,4,2
1592,0,,,0,0,1,,,0,OP3,scripted,OP3,3,3,4,2
1593,1,,,0,0,1,,,0,OP3,scripted,OP3,3,2,4,2
1594,0,,,0,0,1,,,0,OP3,scripted,OP3,3,3,4,2
1595,1,,,0,0,1,,,0,OP3,scripted,OP3,3,2,4,2
1596,1,,,0,0,1,,,0,OP3,scripted,OP3,3,2,4,2
1597,1,,,0,0,1,,,0,OP3,scripted,OP3,3,2,4,2
1598,0,,,0,0,1,,,0,OP3,scripted,OP3,3,3,4,2
1599,0,,,0,0,1,,,0,OP3,scripted,OP3,2,3,4,2
1600,1,,,0,0,1,,,0,OP3,scripted,OP3,3,2,4,2
1601,1,,,0,0,1,,,0,OP3,scripted,OP3,3,2,4,2
1602,1,,,0,0,1,,,0,OP3,scripted,OP3,3,1,4,2
1603,0,,,0,0,1,,,0,OP3,scripted,OP3,2,3,4,2
1604,1,,,0,0,1,,,0,OP3,scripted,OP3,3,2,4,2
1605,1,,,0,0,1,,,0,OP3,scripted,OP3,3,2,4,2
1606,0,,,0,0,1,,,0,OP3,scripted,OP3,2,3,4,2
1607,1,,,0,0,1,,,0,OP3,scripted,OP3,3,2,4,2
1608,1,,,0,0,1,,,0,OP3,scripted,OP3,3,1,4,2
1609,0,,,0,0,1,,,0,OP3,scripted,OP3,2,3,4,2
1610,0,,,0,0,1,,,0,OP3,scripted,OP3,2,3,4,2
1611,0,,,0,0,1,,,0,OP3,scripted,OP3,2,3,4,2
1612,1,,,0,0,1,,,0,OP3,scripted,OP3,3,2,4,2
1613,0,,,0,0,1,,,0,OP3,scripted,OP3,2,3,4,2
1614,0,,,0,0,1,,,0,OP3,scripted,OP3,2,3,4,2
1615,1,,,0,0,1,,,0,OP3,scripted,OP3,3,2,4,2
1616,1,,,0,0,1,,,0,OP3,scripted,OP3,3,1,4,2
1617,1,,,0,0,1,,,0,OP3,scripted,OP3,3,2,4,2
1618,1,,,0,0,1,,,0,OP3,scripted,OP3,3,2,4,2
1619,0,,,0,0,1,,,0,OP3,scripted,OP3,2,3,4,2
1620,1,,,0,0,1,,,0,OP3,scripted,OP3,3,2,4,2
1621,1,,,0,0,1,,,0,OP3,scripted,OP3,3,2,4,2
1622,1,,,0,0,1,,,0,OP3,scripted,OP3,3,2,4,2
1623,0,,,0,0,1,,,0,OP3,scripted,OP3,2,3,4,2
1624,1,,,0,0,1,,,0,OP3,scripted,OP3,3,2,4,2
1625,1,,,0,0,1,,,0,OP3,scripted,OP3,3,2,4,2
1626,1,,,0,0,1,,,0,OP3,scripted,OP3,3,2,4,2
1627,1,,,0,0,1,,,0,OP3,scripted,OP3,3,2,4,2
1628,0,,,0,0,1,,,0,OP3,scripted,OP3,2,3,4,2
1629,0,,,0,0,1,,,0,OP3,scripted,OP3,2,3,4,2
1630,1,,,0,0,1,,,0,OP3,scripted,OP3,3,2,4,2
1631,0,,,0,0,1,,,0,OP3,scripted,OP3,2,3,4,2
1632,0,,,0,0,1,,,0,OP3,scripted,OP3,2,3,4,2
1633,1,,,0,0,1,,,0,OP3,scripted,OP3,3,2,4,2
1634,0,,,0,0,1,,,0,OP3,scripted,OP3,2,3,4,2
1635,0,,,0,0,1,,,0,OP3,scripted,OP3,3,3,4,2
1636,0,,,0,0,1,,,0,OP3,scripted,OP3,3,3,4,2
1637,1,,,0,0,1,,,0,OP3,scripted,OP3,3,2,4,2
1638,0,,,0,0,1,,,0,OP3,scripted,OP3,2,3,4,2
1639,1,,,0,0,1,,,0,OP3,scripted,OP3,3,2,4,2
1640,1,,,0,0,1,,,0,OP3,scripted,OP3,3,1,4,2
1641,0,,,0,0,1,,,0,OP3,scripted,OP3,3,3,4,2
1642,1,,,0,0,1,,,0,OP3,scripted,OP3,3,2,4,2
1643,1,,,0,0,1,,,0,OP3,scripted,OP3,3,2,4,2
1644,1,,,0,0,1,,,0,OP3,scripted,OP3,3,2,4,2
1645,0,,,0,0,1,,,0,OP3,scripted,OP3,2,3,4,2
1646,0,,,0,0,1,,,0,OP3,scripted,OP3,2,3,4,2
1647,0,,,0,0,1,,,0,OP3,scripted,OP3,1,3,4,2
1648,1,,,0,0,1,,,0,OP3,scripted,OP3,3,2,4,2
1649,1,,,0,0,1,,,0,OP3,scripted,OP3,3,2,4,2
1650,0,,,0,0,1,,,0,OP3,scripted,OP3,3,3,4,2
1651,0,,,0,0,1,,,0,OP3,scripted,OP3,2,3,4,2
1652,0,,,0,0,1,,,0,OP3,scripted,OP3,2,3,4,2
1653,1,,,0,0,1,,,0,OP3,scripted,OP3,3,2,4,2
1654,1,,,0,0,1,,,0,OP3,scripted,OP3,3,2,4,2
1655,1,,,0,0,1,,,0,OP3,scripted,OP3,3,2,4,2
1656,0,,,0,0,1,,,0,OP3,scripted,OP3,2,3,4,2
1657,0,,,0,0,1,,,0,OP3,scripted,OP3,2,3,4,2
1658,0,,,0,0,1,,,0,OP3,scripted,OP3,2,3,4,2
1659,0,,,0,0,1,,,0,OP3,scripted,OP3,3,3,4,2
1660,0,,,0,0,1,,,0,OP3,scripted,OP3,2,3,4,2
1661,0,,,0,0,1,,,0,OP3,scripted,OP3,3,3,4,2
1662,0,,,0,0,1,,,0,OP3,scripted,OP3,3,3,4,2
1663,0,,,0,0,1,,,0,OP3,scripted,OP3,3,3,4,2
1664,1,,,0,0,1,,,0,OP3,scripted,OP3,3,2,4,2
1665,0,,,0,0,1,,,0,OP3,scripted,OP3,2,3,4,2
1666,0,,,0,0,1,,,0,OP3,scripted,OP3,2,3,4,2
1667,1,,,0,0,1,,,0,OP3,scripted,OP3,3,2,4,2
1668,1,,,0,0,1,,,0,OP3,scripted,OP3,3,2,4,2
1669,0,,,0,0,1,,,0,OP3,scripted,OP3,3,3,4,2
1670,0,,,0,0,1,,,0,OP3,scripted,OP3,2,3,4,2
1671,0,,,0,0,1,,,0,OP3,scripted,OP3,2,3,4,2
1672,1,,,0,0,1,,,0,OP3,scripted,OP3,3,2,4,2
1673,0,,,0,0,1,,,0,OP3,scripted,OP3,3,3,4,2
1674,0,,,0,0,1,,,0,OP3,scripted,OP3,2,3,4,2
1675,1,,,0,0,1,,,0,OP3,scripted,OP3,3,2,4,2
1676,1,,,0,0,1,,,0,OP3,scripted,OP3,3,2,4,2
1677,1,,,0,0,1,,,0,OP3,scripted,OP3,3,2,4,2
1678,1,,,0,0,1,,,0,OP3,scripted,OP3,3,2,4,2
1679,0,,,0,0,1,,,0,OP3,scripted,OP3,3,3,4,2
1680,1,,,0,0,1,,,0,OP3,scripted,OP3,3,2,4,2
1681,1,,,0,0,1,,,0,OP3,scripted,OP3,3,1,4,2
1682,1,,,0,0,1,,,0,OP3,scripted,OP3,3,2,4,2
1683,1,,,0,0,1,,,0,OP3,scripted,OP3,3,2,4,2
1684,1,,,0,0,1,,,0,OP3,scripted,OP3,3,2,4,2
1685,1,,,0,0,1,,,0,OP3,scripted,OP3,3,2,4,2
1686,1,,,0,0,1,,,0,OP3,scripted,OP3,3,2,4,2
1687,1,,,0,0,1,,,0,OP3,scripted,OP3,3,2,4,2
1688,1,,,0,0,1,,,0,OP3,scripted,OP3,3,2,4,2
1689,1,,,0,0,1,,,0,OP3,scripted,OP3,3,2,4,2
1690,0,,,0,0,1,,,0,OP3,scripted,OP3,2,3,4,2
1691,0,,,0,0,1,,,0,OP3,scripted,OP3,2,3,4,2
1692,0,,,0,0,1,,,0,OP3,scripted,OP3,2,3,4,2
1693,1,,,0,0,1,,,0,OP3,scripted,OP3,3,2,4,2
1694,0,,,0,0,1,,,0,OP3,scripted,OP3,2,3,4,2
1695,0,,,0,0,1,,,0,OP3,scripted,OP3,2,3,4,2
1696,0,,,0,0,1,,,0,OP3,scripted,OP3,3,3,4,2
1697,1,,,0,0,1,,,0,OP3,scripted,OP3,3,1,4,2
1698,0,,,0,0,1,,,0,OP3,scripted,OP3,2,3,4,2
1699,0,,,0,0,1,,,0,OP3,scripted,OP3,2,3,4,2
1700,1,,,0,0,1,,,0,OP3,scripted,OP3,3,2,4,2
1701,1,,,0,0,1,,,0,OP3,scripted,OP3,3,2,4,2
1702,0,,,0,0,1,,,0,OP3,scripted,OP3,3,3,4,2
1703,1,,,0,0,1,,,0,OP3,scripted,OP3,3,2,4,2
1704,1,,,0,0,1,,,0,OP3,scripted,OP3,3,2,4,2
1705,1,,,0,0,1,,,0,OP3,scripted,OP3,3,1,4,2
1706,1,,,0,0,1,,,0,OP3,scripted,OP3,3,2,4,2
1707,0,,,0,0,1,,,0,OP3,scripted,OP3,3,3,4,2
1708,1,,,0,0,1,,,0,OP3,scripted,OP3,3,2,4,2
1709,0,,,0,0,1,,,0,OP3,scripted,OP3,2,3,4,2
1710,1,,,0,0,1,,,0,OP3,scripted,OP3,3,1,4,2
1711,0,,,0,0,1,,,0,OP3,scripted,OP3,2,3,4,2
1712,0,,,0,0,1,,,0,OP3,scripted,OP3,2,3,4,2
1713,0,,,0,0,1,,,0,OP3,scripted,OP3,2,3,4,2
1714,1,,,0,0,1,,,0,OP3,scripted,OP3,3,2,4,2
1715,0,,,0,0,1,,,0,OP3,scripted,OP3,2,3,4,2
1716,0,,,0,0,1,,,0,OP3,scripted,OP3,2,3,4,2
1717,0,,,0,0,1,,,0,OP3,scripted,OP3,2,3,4,2
1718,0,,,0,0,1,,,0,OP3,scripted,OP3,2,3,4,2
1719,0,,,0,0,1,,,0,OP3,scripted,OP3,2,3,4,2
1720,1,,,0,0,1,,,0,OP3,scripted,OP3,3,2,4,2
1721,0,,,0,0,1,,,0,OP3,scripted,OP3,3,3,4,2
1722,0,,,0,0,1,,,0,OP3,scripted,OP3,2,3,4,2
1723,0,,,0,0,1,,,0,OP3,scripted,OP3,1,3,4,2
1724,1,,,0,0,1,,,0,OP3,scripted,OP3,3,2,4,2
1725,0,,,0,0,1,,,0,OP3,scripted,OP3,3,3,4,2
1726,1,,,0,0,1,,,0,OP3,scripted,OP3,3,2,4,2
1727,0,,,0,0,1,,,0,OP3,scripted,OP3,2,3,4,2
1728,1,,,0,0,1,,,0,OP3,scripted,OP3,3,2,4,2
1729,1,,,0,0,1,,,0,OP3,scripted,OP3,3,2,4,2
1730,0,,,0,0,1,,,0,OP3,scripted,OP3,2,3,4,2
1731,1,,,0,0,1,,,0,OP3,scripted,OP3,3,2,4,2
1732,0,,,0,0,1,,,0,OP3,scripted,OP3,2,3,4,2
1733,1,,,0,0,1,,,0,OP3,scripted,OP3,3,2,4,2
1734,0,,,0,0,1,,,0,OP3,scripted,OP3,2,3,4,2
1735,0,,,0,0,1,,,0,OP3,scripted,OP3,2,3,4,2
1736,1,,,0,0,1,,,0,OP3,scripted,OP3,3,2,4,2
1737,1,,,0,0,1,,,0,OP3,scripted,OP3,3,2,4,2
1738,0,,,0,0,1,,,0,OP3,scripted,OP3,3,3,4,2
1739,1,,,0,0,1,,,0,OP3,scripted,OP3,3,2,4,2
1740,1,,,0,0,1,,,0,OP3,scripted,OP3,3,2,4,2
1741,1,,,0,0,1,,,0,OP3,scripted,OP3,3,2,4,2
1742,0,,,0,0,1,,,0,OP3,scripted,OP3,3,3,4,2
1743,0,,,0,0,1,,,0,OP3,scripted,OP3,2,3,4,2
1744,0,,,0,0,1,,,0,OP3,scripted,OP3,2,3,4,2
1745,0,,,0,0,1,,,0,OP3,scripted,OP3,2,3,4,2
1746,1,,,0,0,1,,,0,OP3,scripted,OP3,3,2,4,2
1747,0,,,0,0,1,,,0,OP3,scripted,OP3,2,3,4,2
1748,1,,,0,0,1,,,0,OP3,scripted,OP3,3,1,4,2
1749,0,,,0,0,1,,,0,OP3,scripted,OP3,3,3,4,2
1750,1,,,0,0,1,,,0,OP3,scripted,OP3,3,1,4,2
1751,0,,,0,0,1,,,0,OP3,scripted,OP3,2,3,4,2
1752,1,,,0,0,1,,,0,OP3,scripted,OP3,3,2,4,2
1753,1,,,0,0,1,,,0,OP3,scripted,OP3,3,2,4,2
1754,1,,,0,0,1,,,0,OP3,scripted,OP3,3,2,4,2
1755,0,,,0,0,1,,,0,OP3,scripted,OP3,3,3,4,2
1756,0,,,0,0,1,,,0,OP3,scripted,OP3,2,3,4,2
1757,0,,,0,0,1,,,0,OP3,scripted,OP3,2,3,4,2
1758,0,,,0,0,1,,,0,OP3,scripted,OP3,2,3,4,2
1759,0,,,0,0,1,,,0,OP3,scripted,OP3,3,3,4,2
1760,0,,,0,0,1,,,0,OP3,scripted,OP3,2,3,4,2
1761,1,,,0,0,1,,,0,OP3,scripted,OP3,3,2,4,2
1762,1,,,0,0,1,,,0,OP3,scripted,OP3,3,2,4,2
1763,1,,,0,0,1,,,0,OP3,scripted,OP3,3,2,4,2
1764,1,,,0,0,1,,,0,OP3,scripted,OP3,3,2,4,2
1765,0,,,0,0,1,,,0,OP3,scripted,OP3,2,3,4,2
1766,0,,,0,0,1,,,0,OP3,scripted,OP3,3,3,4,2
1767,1,,,0,0,1,,,0,OP3,scripted,OP3,3,2,4,2
1768,0,,,0,0,1,,,0,OP3,scripted,OP3,2,3,4,2
1769,0,,,0,0,1,,,0,OP3,scripted,OP3,3,3,4,2
1770,1,,,0,0,1,,,0,OP3,scripted,OP3,3,2,4,2
1771,0,,,0,0,1,,,0,OP3,scripted,OP3,3,3,4,2
1772,0,,,0,0,1,,,0,OP3,scripted,OP3,2,3,4,2
1773,0,,,0,0,1,,,0,OP3,scripted,OP3,2,3,4,2
1774,0,,,0,0,1,,,0,OP3,scripted,OP3,3,3,4,2
1775,1,,,0,0,1,,,0,OP3,scripted,OP3,3,2,4,2
1776,0,,,0,0,1,,,0,OP3,scripted,OP3,2,3,4,2
1777,0,,,0,0,1,,,0,OP3,scripted,OP3,1,3,4,2
1778,1,,,0,0,1,,,0,OP3,scripted,OP3,3,2,4,2
1779,0,,,0,0,1,,,0,OP3,scripted,OP3,3,3,4,2
1780,0,,,0,0,1,,,0,OP3,scripted,OP3,2,3,4,2
1781,0,,,0,0,1,,,0,OP3,scripted,OP3,2,3,4,2
1782,0,,,0,0,1,,,0,OP3,scripted,OP3,2,3,4,2
1783,0,,,0,0,1,,,0,OP3,scripted,OP3,3,3,4,2
1784,1,,,0,0,1,,,0,OP3,scripted,OP3,3,1,4,2
1785,0,,,0,0,1,,,0,OP3,scripted,OP3,3,3,4,2
1786,1,,,0,0,1,,,0,OP3,scripted,OP3,3,2,4,2
1787,1,,,0,0,1,,,0,OP3,scripted,OP3,3,2,4,2
1788,1,,,0,0,1,,,0,OP3,scripted,OP3,3,2,4,2
1789,1,,,0,0,1,,,0,OP3,scripted,OP3,3,2,4,2
1790,1,,,0,0,1,,,0,OP3,scripted,OP3,3,2,4,2
1791,0,,,0,0,1,,,0,OP3,scripted,OP3,2,3,4,2
1792,1,,,0,0,1,,,0,OP3,scripted,OP3,3,2,4,2
1793,1,,,0,0,1,,,0,OP3,scripted,OP3,3,2,4,2
1794,1,,,0,0,1,,,0,OP3,scripted,OP3,3,2,4,2
1795,0,,,0,0,1,,,0,OP3,scripted,OP3,2,3,4,2
1796,1,,,0,0,1,,,0,OP3,scripted,OP3,3,2,4,2
1797,0,,,0,0,1,,,0,OP3,scripted,OP3,2,3,4,2
1798,0,,,0,0,1,,,0,OP3,scripted,OP3,2,3,4,2
1799,0,,,0,0,1,,,0,OP3,scripted,OP3,2,3,4,2
1800,1,,,0,0,1,,,0,OP3,scripted,OP3,3,2,4,2
1801,1,,,0,0,1,,,0,OP3,scripted,OP3,3,2,4,2
1802,0,,,0,0,1,,,0,OP3,scripted,OP3,3,3,4,2
1803,1,,,0,0,1,,,0,OP3,scripted,OP3,3,1,4,2
1804,0,,,0,0,1,,,0,OP3,scripted,OP3,2,3,4,2
1805,0,,,0,0,1,,,0,OP3,scripted,OP3,2,3,4,2
1806,1,,,0,0,1,,,0,OP3,scripted,OP3,3,2,4,2
1807,1,,,0,0,1,,,0,OP3,scripted,OP3,3,2,4,2
1808,1,,,0,0,1,,,0,OP3,scripted,OP3,3,1,4,2
1809,1,,,0,0,1,,,0,OP3,scripted,OP3,3,2,4,2
1810,1,,,0,0,1,,,0,OP3,scripted,OP3,3,2,4,2
1811,1,,,0,0,1,,,0,OP3,scripted,OP3,3,2,4,2
1812,0,,,0,0,1,,,0,OP3,scripted,OP3,2,3,4,2
1813,0,,,0,0,1,,,0,OP3,scripted,OP3,2,3,4,2
1814,1,,,0,0,1,,,0,OP3,scripted,OP3,3,2,4,2
1815,0,,,0,0,1,,,0,OP3,scripted,OP3,3,3,4,2
1816,0,,,0,0,1,,,0,OP3,scripted,OP3,3,3,4,2
1817,0,,,0,0,1,,,0,OP3,scripted,OP3,3,3,4,2
1818,1,,,0,0,1,,,0,OP3,scripted,OP3,3,2,4,2
1819,0,,,0,0,1,,,0,OP3,scripted,OP3,3,3,4,2
1820,1,,,0,0,1,,,0,OP3,scripted,OP3,3,1,4,2
1821,1,,,0,0,1,,,0,OP3,scripted,OP3,3,2,4,2
1822,0,,,0,0,1,,,0,OP3,scripted,OP3,2,3,4,2
1823,1,,,0,0,1,,,0,OP3,scripted,OP3,3,1,4,2
1824,0,,,0,0,1,,,0,OP3,scripted,OP3,2,3,4,2
1825,1,,,0,0,1,,,0,OP3,scripted,OP3,3,2,4,2
1826,1,,,0,0,1,,,0,OP3,scripted,OP3,3,2,4,2
1827,1,,,0,0,1,,,0,OP3,scripted,OP3,3,2,4,2
1828,0,,,0,0,1,,,0,OP3,scripted,OP3,2,3,4,2
1829,1,,,0,0,1,,,0,OP3,scripted,OP3,3,2,4,2
1830,0,,,0,0,1,,,0,OP3,scripted,OP3,1,3,4,2
1831,1,,,0,0,1,,,0,OP3,scripted,OP3,3,2,4,2
1832,1,,,0,0,1,,,0,OP3,scripted,OP3,3,2,4,2
1833,1,,,0,0,1,,,0,OP3,scripted,OP3,3,2,4,2
1834,0,,,0,0,1,,,0,OP3,scripted,OP3,2,3,4,2
1835,0,,,0,0,1,,,0,OP3,scripted,OP3,3,3,4,2
1836,1,,,0,0,1,,,0,OP3,scripted,OP3,3,1,4,2
1837,1,,,0,0,1,,,0,OP3,scripted,OP3,3,2,4,2
1838,0,,,0,0,1,,,0,OP3,scripted,OP3,2,3,4,2
1839,1,,,0,0,1,,,0,OP3,scripted,OP3,3,1,4,2
1840,1,,,0,0,1,,,0,OP3,scripted,OP3,3,2,4,2
1841,1,,,0,0,1,,,0,OP3,scripted,OP3,3,2,4,2
1842,1,,,0,0,1,,,0,OP3,scripted,OP3,3,2,4,2
1843,0,,,0,0,1,,,0,OP3,scripted,OP3,2,3,4,2
1844,1,,,0,0,1,,,0,OP3,scripted,OP3,3,2,4,2
1845,0,,,0,0,1,,,0,OP3,scripted,OP3,2,3,4,2
1846,0,,,0,0,1,,,0,OP3,scripted,OP3,2,3,4,2
1847,1,,,0,0,1,,,0,OP3,scripted,OP3,3,2,4,2
1848,1,,,0,0,1,,,0,OP3,scripted,OP3,3,2,4,2
1849,1,,,0,0,1,,,0,OP3,scripted,OP3,3,1,4,2
1850,0,,,0,0,1,,,0,OP3,scripted,OP3,3,3,4,2
1851,0,,,0,0,1,,,0,OP3,scripted,OP3,3,3,4,2
1852,0,,,0,0,1,,,0,OP3,scripted,OP3,3,3,4,2
1853,0,,,0,0,1,,,0,OP3,scripted,OP3,2,3,4,2
1854,0,,,0,0,1,,,0,OP3,scripted,OP3,2,3,4,2
1855,1,,,0,0,1,,,0,OP3,scripted,OP3,3,2,4,2
1856,1,,,0,0,1,,,0,OP3,scripted,OP3,3,2,4,2
1857,1,,,0,0,1,,,0,OP3,scripted,OP3,3,2,4,2
1858,0,,,0,0,1,,,0,OP3,scripted,OP3,3,3,4,2
1859,0,,,0,0,1,,,0,OP3,scripted,OP3,2,3,4,2
1860,0,,,0,0,1,,,0,OP3,scripted,OP3,3,3,4,2
1861,0,,,0,0,1,,,0,OP3,scripted,OP3,2,3,4,2
1862,0,,,0,0,1,,,0,OP3,scripted,OP3,3,3,4,2
1863,0,,,0,0,1,,,0,OP3,scripted,OP3,3,3,4,2
1864,1,,,0,0,1,,,0,OP3,scripted,OP3,3,2,4,2
1865,1,,,0,0,1,,,0,OP3,scripted,OP3,3,2,4,2
1866,1,,,0,0,1,,,0,OP3,scripted,OP3,3,1,4,2
1867,1,,,0,0,1,,,0,OP3,scripted,OP3,3,1,4,2
1868,1,,,0,0,1,,,0,OP3,scripted,OP3,3,1,4,2
1869,0,,,0,0,1,,,0,OP3,scripted,OP3,2,3,4,2
1870,0,,,0,0,1,,,0,OP3,scripted,OP3,3,3,4,2
1871,1,,,0,0,1,,,0,OP3,scripted,OP3,3,2,4,2
1872,1,,,0,0,1,,,0,OP3,scripted,OP3,3,2,4,2
1873,0,,,0,0,1,,,0,OP3,scripted,OP3,2,3,4,2
1874,1,,,0,0,1,,,0,OP3,scripted,OP3,3,1,4,2
1875,1,,,0,0,1,,,0,OP3,scripted,OP3,3,2,4,2
1876,0,,,0,0,1,,,0,OP3,scripted,OP3,2,3,4,2
1877,0,,,0,0,1,,,0,OP3,scripted,OP3,3,3,4,2
1878,1,,,0,0,1,,,0,OP3,scripted,OP3,3,2,4,2
1879,0,,,0,0,1,,,0,OP3,scripted,OP3,3,3,4,2
1880,0,,,0,0,1,,,0,OP3,scripted,OP3,1,3,4,2
1881,1,,,0,0,1,,,0,OP3,scripted,OP3,3,2,4,2
1882,1,,,0,0,1,,,0,OP3,scripted,OP3,3,2,4,2
1883,1,,,0,0,1,,,0,OP3,scripted,OP3,3,2,4,2
1884,0,,,0,0,1,,,0,OP3,scripted,OP3,2,3,4,2
1885,1,,,0,0,1,,,0,OP3,scripted,OP3,3,2,4,2
1886,0,,,0,0,1,,,0,OP3,scripted,OP3,2,3,4,2
1887,1,,,0,0,1,,,0,OP3,scripted,OP3,3,2,4,2
1888,1,,,0,0,1,,,0,OP3,scripted,OP3,3,2,4,2
1889,0,,,0,0,1,,,0,OP3,scripted,OP3,2,3,4,2
1890,0,,,0,0,1,,,0,OP3,scripted,OP3,2,3,4,2
1891,0,,,0,0,1,,,0,OP3,scripted,OP3,2,3,4,2
1892,0,,,0,0,1,,,0,OP3,scripted,OP3,3,3,4,2
1893,0,,,0,0,1,,,0,OP3,scripted,OP3,2,3,4,2
1894,0,,,0,0,1,,,0,OP3,scripted,OP3,2,3,4,2
1895,0,,,0,0,1,,,0,OP3,scripted,OP3,3,3,4,2
1896,0,,,0,0,1,,,0,OP3,scripted,OP3,2,3,4,2
1897,0,,,0,0,1,,,0,OP3,scripted,OP3,3,3,4,2
1898,1,,,0,0,1,,,0,OP3,scripted,OP3,3,2,4,2
1899,1,,,0,0,1,,,0,OP3,scripted,OP3,3,2,4,2
1900,1,,,0,0,1,,,0,OP3,scripted,OP3,3,2,4,2
1901,1,,,0,0,1,,,0,OP3,scripted,OP3,3,2,4,2
1902,0,,,0,0,1,,,0,OP3,scripted,OP3,2,3,4,2
1903,0,,,0,0,1,,,0,OP3,scripted,OP3,2,3,4,2
1904,1,,,0,0,1,,,0,OP3,scripted,OP3,3,1,4,2
1905,1,,,0,0,1,,,0,OP3,scripted,OP3,3,2,4,2
1906,1,,,0,0,1,,,0,OP3,scripted,OP3,3,2,4,2
1907,0,,,0,0,1,,,0,OP3,scripted,OP3,2,3,4,2
1908,1,,,0,0,1,,,0,OP3,scripted,OP3,3,1,4,2
1909,0,,,0,0,1,,,0,OP3,scripted,OP3,2,3,4,2
1910,1,,,0,0,1,,,0,OP3,scripted,OP3,3,2,4,2
1911,1,,,0,0,1,,,0,OP3,scripted,OP3,3,2,4,2
1912,1,,,0,0,1,,,0,OP3,scripted,OP3,3,2,4,2
1913,1,,,0,0,1,,,0,OP3,scripted,OP3,3,2,4,2
1914,0,,,0,0,1,,,0,OP3,scripted,OP3,2,3,4,2
1915,1,,,0,0,1,,,0,OP3,scripted,OP3,3,1,4,2
1916,1,,,0,0,1,,,0,OP3,scripted,OP3,3,2,4,2
1917,0,,,0,0,1,,,0,OP3,scripted,OP3,2,3,4,2
1918,1,,,0,0,1,,,0,OP3,scripted,OP3,3,2,4,2
1919,1,,,0,0,1,,,0,OP3,scripted,OP3,3,2,4,2
1920,0,,,0,0,1,,,0,OP3,scripted,OP3,2,3,4,2
1921,1,,,0,0,1,,,0,OP3,scripted,OP3,3,2,4,2
1922,1,,,0,0,1,,,0,OP3,scripted,OP3,3,2,4,2
1923,1,,,0,0,1,,,0,OP3,scripted,OP3,3,2,4,2
1924,0,,,0,0,1,,,0,OP3,scripted,OP3,2,3,4,2
1925,1,,,0,0,1,,,0,OP3,scripted,OP3,3,2,4,2
1926,0,,,0,0,1,,,0,OP3,scripted,OP3,2,3,4,2
1927,1,,,0,0,1,,,0,OP3,scripted,OP3,3,2,4,2
1928,0,,,0,0,1,,,0,OP3,scripted,OP3,3,3,4,2
1929,0,,,0,0,1,,,0,OP3,scripted,OP3,2,3,4,2
1930,1,,,0,0,1,,,0,OP3,scripted,OP3,3,2,4,2
1931,0,,,0,0,1,,,0,OP3,scripted,OP3,2,3,4,2
1932,0,,,0,0,1,,,0,OP3,scripted,OP3,2,3,4,2
1933,0,,,0,0,1,,,0,OP3,scripted,OP3,2,3,4,2
1934,0,,,0,0,1,,,0,OP3,scripted,OP3,2,3,4,2
1935,1,,,0,0,1,,,0,OP3,scripted,OP3,3,2,4,2
1936,1,,,0,0,1,,,0,OP3,scripted,OP3,3,2,4,2
1937,0,,,0,0,1,,,0,OP3,scripted,OP3,2,3,4,2
1938,1,,,0,0,1,,,0,OP3,scripted,OP3,3,2,4,2
1939,1,,,0,0,1,,,0,OP3,scripted,OP3,3,2,4,2
1940,1,,,0,0,1,,,0,OP3,scripted,OP3,3,2,4,2
1941,0,,,0,0,1,,,0,OP3,scripted,OP3,3,3,4,2
1942,0,,,0,0,1,,,0,OP3,scripted,OP3,2,3,4,2
1943,1,,,0,0,1,,,0,OP3,scripted,OP3,3,1,4,2
1944,0,,,0,0,1,,,0,OP3,scripted,OP3,3,3,4,2
1945,0,,,0,0,1,,,0,OP3,scripted,OP3,2,3,4,2
1946,1,,,0,0,1,,,0,OP3,scripted,OP3,3,2,4,2
1947,1,,,0,0,1,,,0,OP3,scripted,OP3,3,2,4,2
1948,0,,,0,0,1,,,0,OP3,scripted,OP3,2,3,4,2
1949,1,,,0,0,1,,,0,OP3,scripted,OP3,3,2,4,2
1950,1,,,0,0,1,,,0,OP3,scripted,OP3,3,2,4,2
1951,0,,,0,0,1,,,0,OP3,scripted,OP3,2,3,4,2
1952,0,,,0,0,1,,,0,OP3,scripted,OP3,2,3,4,2
1953,1,,,0,0,1,,,0,OP3,scripted,OP3,3,2,4,2
1954,0,,,0,0,1,,,0,OP3,scripted,OP3,2,3,4,2
1955,1,,,0,0,1,,,0,OP3,scripted,OP3,3,2,4,2
1956,0,,,0,0,1,,,0,OP3,scripted,OP3,2,3,4,2
1957,1,,,0,0,1,,,0,OP3,scripted,OP3,3,2,4,2
1958,1,,,0,0,1,,,0,OP3,scripted,OP3,3,2,4,2
1959,1,,,0,0,1,,,0,OP3,scripted,OP3,3,2,4,2
1960,1,,,0,0,1,,,0,OP3,scripted,OP3,3,2,4,2
1961,0,,,0,0,1,,,0,OP3,scripted,OP3,2,3,4,2
1962,1,,,0,0,1,,,0,OP3,scripted,OP3,3,2,4,2
1963,1,,,0,0,1,,,0,OP3,scripted,OP3,3,1,4,2
1964,1,,,0,0,1,,,0,OP3,scripted,OP3,3,1,4,2
1965,1,,,0,0,1,,,0,OP3,scripted,OP3,3,2,4,2
1966,1,,,0,0,1,,,0,OP3,scripted,OP3,3,2,4,2
1967,1,,,0,0,1,,,0,OP3,scripted,OP3,3,2,4,2
1968,0,,,0,0,1,,,0,OP3,scripted,OP3,2,3,4,2
1969,1,,,0,0,1,,,0,OP3,scripted,OP3,3,2,4,2
1970,1,,,0,0,1,,,0,OP3,scripted,OP3,3,2,4,2
1971,1,,,0,0,1,,,0,OP3,scripted,OP3,3,2,4,2
1972,0,,,0,0,1,,,0,OP3,scripted,OP3,2,3,4,2
1973,0,,,0,0,1,,,0,OP3,scripted,OP3,2,3,4,2
1974,1,,,0,0,1,,,0,OP3,scripted,OP3,3,2,4,2
1975,1,,,0,0,1,,,0,OP3,scripted,OP3,3,2,4,2
1976,0,,,0,0,1,,,0,OP3,scripted,OP3,2,3,4,2
1977,0,,,0,0,1,,,0,OP3,scripted,OP3,1,3,4,2
1978,0,,,0,0,1,,,0,OP3,scripted,OP3,3,3,4,2
1979,1,,,0,0,1,,,0,OP3,scripted,OP3,3,1,4,2
1980,1,,,0,0,1,,,0,OP3,scripted,OP3,3,2,4,2
1981,1,,,0,0,1,,,0,OP3,scripted,OP3,3,2,4,2
1982,1,,,0,0,1,,,0,OP3,scripted,OP3,3,2,4,2
1983,0,,,0,0,1,,,0,OP3,scripted,OP3,3,3,4,2
1984,1,,,0,0,1,,,0,OP3,scripted,OP3,3,2,4,2
1985,1,,,0,0,1,,,0,OP3,scripted,OP3,3,1,4,2
1986,1,,,0,0,1,,,0,OP3,scripted,OP3,3,2,4,2
1987,0,,,0,0,1,,,0,OP3,scripted,OP3,3,3,4,2
1988,0,,,0,0,1,,,0,OP3,scripted,OP3,3,3,4,2
1989,1,,,0,0,1,,,0,OP3,scripted,OP3,3,2,4,2
1990,1,,,0,0,1,,,0,OP3,scripted,OP3,3,2,4,2
1991,1,,,0,0,1,,,0,OP3,scripted,OP3,3,1,4,2
1992,1,,,0,0,1,,,0,OP3,scripted,OP3,3,1,4,2
1993,0,,,0,0,1,,,0,OP3,scripted,OP3,2,3,4,2
1994,0,,,0,0,1,,,0,OP3,scripted,OP3,2,3,4,2
1995,1,,,0,0,1,,,0,OP3,scripted,OP3,3,1,4,2
1996,1,,,0,0,1,,,0,OP3,scripted,OP3,3,2,4,2
1997,1,,,0,0,1,,,0,OP3,scripted,OP3,3,2,4,2
1998,1,,,0,0,1,,,0,OP3,scripted,OP3,3,1,4,2
1999,1,,,0,0,1,,,0,OP3,scripted,OP3,3,2,4,2
2000,0,,,0,0,1,,,0,OP3,scripted,OP3,2,3,4,2
2001,0,,,0,0,1,,,0,OP3,scripted,OP3,2,3,4,2
2002,1,,,0,0,1,,,0,OP3,scripted,OP3,3,2,4,2
2003,0,,,0,0,1,,,0,OP3,scripted,OP3,2,3,4,2
2004,1,,,0,0,1,,,0,OP3,scripted,OP3,3,2,4,2
2005,1,,,0,0,1,,,0,OP3,scripted,OP3,3,2,4,2
2006,1,,,0,0,1,,,0,OP3,scripted,OP3,3,2,4,2
2007,1,,,0,0,1,,,0,OP3,scripted,OP3,3,2,4,2
2008,1,,,0,0,1,,,0,OP3,scripted,OP3,3,2,4,2
2009,0,,,0,0,1,,,0,OP3,scripted,OP3,3,3,4,2
2010,1,,,0,0,1,,,0,OP3,scripted,OP3,3,2,4,2
2011,0,,,0,0,1,,,0,OP3,scripted,OP3,2,3,4,2
2012,0,,,0,0,1,,,0,OP3,scripted,OP3,2,3,4,2
2013,0,,,0,0,1,,,0,OP3,scripted,OP3,2,3,4,2
2014,0,,,0,0,1,,,0,OP3,scripted,OP3,2,3,4,2
2015,1,,,0,0,1,,,0,OP3,scripted,OP3,3,2,4,2
2016,1,,,0,0,1,,,0,OP3,scripted,OP3,3,2,4,2
2017,1,,,0,0,1,,,0,OP3,scripted,OP3,3,2,4,2
2018,0,,,0,0,1,,,0,OP3,scripted,OP3,2,3,4,2
2019,0,,,0,0,1,,,0,OP3,scripted,OP3,2,3,4,2
2020,0,,,0,0,1,,,0,OP3,scripted,OP3,2,3,4,2
2021,0,,,0,0,1,,,0,OP3,scripted,OP3,2,3,4,2
2022,0,,,0,0,1,,,0,OP3,scripted,OP3,2,3,4,2
2023,1,,,0,0,1,,,0,OP3,scripted,OP3,3,2,4,2
2024,1,,,0,0,1,,,0,OP3,scripted,OP3,3,2,4,2
2025,0,,,0,0,1,,,0,OP3,scripted,OP3,2,3,4,2
2026,1,,,0,0,1,,,0,OP3,scripted,OP3,3,1,4,2
2027,1,,,0,0,1,,,0,OP3,scripted,OP3,3,2,4,2
2028,1,,,0,0,1,,,0,OP3,scripted,OP3,3,2,4,2
2029,1,,,0,0,1,,,0,OP3,scripted,OP3,3,2,4,2
2030,1,,,0,0,1,,,0,OP3,scripted,OP3,3,2,4,2
2031,0,,,0,0,1,,,0,OP3,scripted,OP3,2,3,4,2
2032,0,,,0,0,1,,,0,OP3,scripted,OP3,2,3,4,2
2033,1,,,0,0,1,,,0,OP3,scripted,OP3,3,1,4,2
2034,0,,,0,0,1,,,0,OP3,scripted,OP3,2,3,4,2
2035,1,,,0,0,1,,,0,OP3,scripted,OP3,3,1,4,2
2036,1,,,0,0,1,,,0,OP3,scripted,OP3,3,2,4,2
2037,0,,,0,0,1,,,0,OP3,scripted,OP3,2,3,4,2
2038,1,,,0,0,1,,,0,OP3,scripted,OP3,3,2,4,2
2039,1,,,0,0,1,,,0,OP3,scripted,OP3,3,2,4,2
2040,1,,,0,0,1,,,0,OP3,scripted,OP3,3,1,4,2
2041,1,,,0,0,1,,,0,OP3,scripted,OP3,3,2,4,2
2042,1,,,0,0,1,,,0,OP3,scripted,OP3,3,2,4,2
2043,1,,,0,0,1,,,0,OP3,scripted,OP3,3,2,4,2
2044,0,,,0,0,1,,,0,OP3,scripted,OP3,2,3,4,2
2045,1,,,0,0,1,,,0,OP3,scripted,OP3,3,2,4,2
2046,1,,,0,0,1,,,0,OP3,scripted,OP3,3,2,4,2
2047,0,,,0,0,1,,,0,OP3,scripted,OP3,2,3,4,2
2048,0,,,0,0,1,,,0,OP3,scripted,OP3,2,3,4,2
2049,0,,,0,0,1,,,0,OP3,scripted,OP3,2,3,4,2
2050,0,,,0,0,1,,,0,OP3,scripted,OP3,3,3,4,2
2051,1,,,0,0,1,,,0,OP3,scripted,OP3,3,0,4,2
2052,1,,,0,0,1,,,0,OP3,scripted,OP3,3,2,4,2
2053,1,,,0,0,1,,,0,OP3,scripted,OP3,3,2,4,2
2054,0,,,0,0,1,,,0,OP3,scripted,OP3,2,3,4,2
2055,1,,,0,0,1,,,0,OP3,scripted,OP3,3,2,4,2
2056,1,,,0,0,1,,,0,OP3,scripted,OP3,3,2,4,2
2057,0,,,0,0,1,,,0,OP3,scripted,OP3,2,3,4,2
2058,0,,,0,0,1,,,0,OP3,scripted,OP3,3,3,4,2
2059,0,,,0,0,1,,,0,OP3,scripted,OP3,3,3,4,2
2060,0,,,0,0,1,,,0,OP3,scripted,OP3,2,3,4,2
2061,1,,,0,0,1,,,0,OP3,scripted,OP3,3,1,4,2
2062,1,,,0,0,1,,,0,OP3,scripted,OP3,3,1,4,2
2063,1,,,0,0,1,,,0,OP3,scripted,OP3,3,2,4,2
2064,1,,,0,0,1,,,0,OP3,scripted,OP3,3,2,4,2
2065,1,,,0,0,1,,,0,OP3,scripted,OP3,3,1,4,2
2066,1,,,0,0,1,,,0,OP3,scripted,OP3,3,2,4,2
2067,1,,,0,0,1,,,0,OP3,scripted,OP3,3,1,4,2
2068,1,,,0,0,1,,,0,OP3,scripted,OP3,3,1,4,2
2069,0,,,0,0,1,,,0,OP3,scripted,OP3,2,3,4,2
2070,1,,,0,0,1,,,0,OP3,scripted,OP3,3,2,4,2
2071,0,,,0,0,1,,,0,OP3,scripted,OP3,1,3,4,2
2072,0,,,0,0,1,,,0,OP3,scripted,OP3,3,3,4,2
2073,0,,,0,0,1,,,0,OP3,scripted,OP3,3,3,4,2
2074,1,,,0,0,1,,,0,OP3,scripted,OP3,3,2,4,2
2075,1,,,0,0,1,,,0,OP3,scripted,OP3,3,2,4,2
2076,0,,,0,0,1,,,0,OP3,scripted,OP3,2,3,4,2
2077,1,,,0,0,1,,,0,OP3,scripted,OP3,3,2,4,2
2078,0,,,0,0,1,,,0,OP3,scripted,OP3,2,3,4,2
2079,0,,,0,0,1,,,0,OP3,scripted,OP3,2,3,4,2
2080,1,,,0,0,1,,,0,OP3,scripted,OP3,3,2,4,2
2081,1,,,0,0,1,,,0,OP3,scripted,OP3,3,1,4,2
2082,0,,,0,0,1,,,0,OP3,scripted,OP3,3,3,4,2
2083,1,,,0,0,1,,,0,OP3,scripted,OP3,3,2,4,2
2084,0,,,0,0,1,,,0,OP3,scripted,OP3,3,3,4,2
2085,0,,,0,0,1,,,0,OP3,scripted,OP3,2,3,4,2
2086,1,,,0,0,1,,,0,OP3,scripted,OP3,3,2,4,2
2087,0,,,0,0,1,,,0,OP3,scripted,OP3,3,3,4,2
2088,1,,,0,0,1,,,0,OP3,scripted,OP3,3,2,4,2
2089,0,,,0,0,1,,,0,OP3,scripted,OP3,2,3,4,2
2090,0,,,0,0,1,,,0,OP3,scripted,OP3,2,3,4,2
2091,0,,,0,0,1,,,0,OP3,scripted,OP3,3,3,4,2
2092,1,,,0,0,1,,,0,OP3,scripted,OP3,3,2,4,2
2093,1,,,0,0,1,,,0,OP3,scripted,OP3,3,2,4,2
2094,0,,,0,0,1,,,0,OP3,scripted,OP3,2,3,4,2
2095,0,,,0,0,1,,,0,OP3,scripted,OP3,2,3,4,2
2096,1,,,0,0,1,,,0,OP3,scripted,OP3,3,2,4,2
2097,1,,,0,0,1,,,0,OP3,scripted,OP3,3,1,4,2
2098,1,,,0,0,1,,,0,OP3,scripted,OP3,3,2,4,2
2099,0,,,0,0,1,,,0,OP3,scripted,OP3,2,3,4,2
2100,1,,,0,0,1,,,0,OP3,scripted,OP3,3,2,4,2
2101,1,,,0,0,1,,,0,OP3,scripted,OP3,3,2,4,2
2102,1,,,0,0,1,,,0,OP3,scripted,OP3,3,1,4,2
2103,1,,,0,0,1,,,0,OP3,scripted,OP3,3,2,4,2
2104,1,,,0,0,1,,,0,OP3,scripted,OP3,3,2,4,2
2105,0,,,0,0,1,,,0,OP3,scripted,OP3,2,3,4,2
2106,0,,,0,0,1,,,0,OP3,scripted,OP3,2,3,4,2
2107,1,,,0,0,1,,,0,OP3,scripted,OP3,3,2,4,2
2108,0,,,0,0,1,,,0,OP3,scripted,OP3,2,3,4,2
2109,0,,,0,0,1,,,0,OP3,scripted,OP3,3,3,4,2
2110,1,,,0,0,1,,,0,OP3,scripted,OP3,3,2,4,2
2111,0,,,0,0,1,,,0,OP3,scripted,OP3,2,3,4,2
2112,1,,,0,0,1,,,0,OP3,scripted,OP3,3,2,4,2
2113,0,,,0,0,1,,,0,OP3,scripted,OP3,3,3,4,2
2114,0,,,0,0,1,,,0,OP3,scripted,OP3,3,3,4,2
2115,1,,,0,0,1,,,0,OP3,scripted,OP3,3,2,4,2
2116,1,,,0,0,1,,,0,OP3,scripted,OP3,3,2,4,2
2117,1,,,0,0,1,,,0,OP3,scripted,OP3,3,2,4,2
2118,1,,,0,0,1,,,0,OP3,scripted,OP3,3,2,4,2
2119,0,,,0,0,1,,,0,OP3,scripted,OP3,2,3,4,2
2120,1,,,0,0,1,,,0,OP3,scripted,OP3,3,2,4,2
2121,1,,,0,0,1,,,0,OP3,scripted,OP3,3,2,4,2
2122,0,,,0,0,1,,,0,OP3,scripted,OP3,3,3,4,2
2123,1,,,0,0,1,,,0,OP3,scripted,OP3,3,1,4,2
2124,0,,,0,0,1,,,0,OP3,scripted,OP3,2,3,4,2
2125,1,,,0,0,1,,,0,OP3,scripted,OP3,3,2,4,2
2126,1,,,0,0,1,,,0,OP3,scripted,OP3,3,2,4,2
2127,1,,,0,0,1,,,0,OP3,scripted,OP3,3,2,4,2
2128,0,,,0,0,1,,,0,OP3,scripted,OP3,2,3,4,2
2129,1,,,0,0,1,,,0,OP3,scripted,OP3,3,2,4,2
2130,1,,,0,0,1,,,0,OP3,scripted,OP3,3,1,4,2
2131,1,,,0,0,1,,,0,OP3,scripted,OP3,3,2,4,2
2132,0,,,0,0,1,,,0,OP3,scripted,OP3,1,3,4,2
2133,1,,,0,0,1,,,0,OP3,scripted,OP3,3,2,4,2
2134,1,,,0,0,1,,,0,OP3,scripted,OP3,3,2,4,2
2135,1,,,0,0,1,,,0,OP3,scripted,OP3,3,2,4,2
2136,0,,,0,0,1,,,0,OP3,scripted,OP3,3,3,4,2
2137,0,,,0,0,1,,,0,OP3,scripted,OP3,2,3,4,2
2138,0,,,0,0,1,,,0,OP3,scripted,OP3,2,3,4,2
2139,0,,,0,0,1,,,0,OP3,scripted,OP3,3,3,4,2
2140,1,,,0,0,1,,,0,OP3,scripted,OP3,3,1,4,2
2141,1,,,0,0,1,,,0,OP3,scripted,OP3,3,2,4,2
2142,1,,,0,0,1,,,0,OP3,scripted,OP3,3,2,4,2
2143,1,,,0,0,1,,,0,OP3,scripted,OP3,3,2,4,2
2144,1,,,0,0,1,,,0,OP3,scripted,OP3,3,2,4,2
2145,0,,,0,0,1,,,0,OP3,scripted,OP3,3,3,4,2
2146,0,,,0,0,1,,,0,OP3,scripted,OP3,2,3,4,2
2147,1,,,0,0,1,,,0,OP3,scripted,OP3,3,2,4,2
2148,1,,,0,0,1,,,0,OP3,scripted,OP3,3,2,4,2
2149,1,,,0,0,1,,,0,OP3,scripted,OP3,3,2,4,2
2150,1,,,0,0,1,,,0,OP3,scripted,OP3,3,2,4,2
2151,1,,,0,0,1,,,0,OP3,scripted,OP3,3,2,4,2
2152,0,,,0,0,1,,,0,OP3,scripted,OP3,2,3,4,2
2153,0,,,0,0,1,,,0,OP3,scripted,OP3,2,3,4,2
2154,0,,,0,0,1,,,0,OP3,scripted,OP3,2,3,4,2
2155,0,,,0,0,1,,,0,OP3,scripted,OP3,2,3,4,2
2156,0,,,0,0,1,,,0,OP3,scripted,OP3,2,3,4,2
2157,1,,,0,0,1,,,0,OP3,scripted,OP3,3,1,4,2
2158,0,,,0,0,1,,,0,OP3,scripted,OP3,2,3,4,2
2159,1,,,0,0,1,,,0,OP3,scripted,OP3,3,2,4,2
2160,0,,,0,0,1,,,0,OP3,scripted,OP3,2,3,4,2
2161,1,,,0,0,1,,,0,OP3,scripted,OP3,3,2,4,2
2162,1,,,0,0,1,,,0,OP3,scripted,OP3,3,1,4,2
2163,1,,,0,0,1,,,0,OP3,scripted,OP3,3,2,4,2
2164,0,,,0,0,1,,,0,OP3,scripted,OP3,2,3,4,2
2165,0,,,0,0,1,,,0,OP3,scripted,OP3,3,3,4,2
2166,1,,,0,0,1,,,0,OP3,scripted,OP3,3,2,4,2
2167,0,,,0,0,1,,,0,OP3,scripted,OP3,3,3,4,2
2168,0,,,0,0,1,,,0,OP3,scripted,OP3,2,3,4,2
2169,0,,,0,0,1,,,0,OP3,scripted,OP3,3,3,4,2
2170,0,,,0,0,1,,,0,OP3,scripted,OP3,2,3,4,2
2171,1,,,0,0,1,,,0,OP3,scripted,OP3,3,2,4,2
2172,0,,,0,0,1,,,0,OP3,scripted,OP3,1,3,4,2
2173,0,,,0,0,1,,,0,OP3,scripted,OP3,3,3,4,2
2174,1,,,0,0,1,,,0,OP3,scripted,OP3,3,2,4,2
2175,0,,,0,0,1,,,0,OP3,scripted,OP3,3,3,4,2
2176,0,,,0,0,1,,,0,OP3,scripted,OP3,3,3,4,2
2177,0,,,0,0,1,,,0,OP3,scripted,OP3,2,3,4,2
2178,0,,,0,0,1,,,0,OP3,scripted,OP3,2,3,4,2
2179,0,,,0,0,1,,,0,OP3,scripted,OP3,2,3,4,2
2180,0,,,0,0,1,,,0,OP3,scripted,OP3,2,3,4,2
2181,0,,,0,0,1,,,0,OP3,scripted,OP3,2,3,4,2
2182,1,,,0,0,1,,,0,OP3,scripted,OP3,3,2,4,2
2183,0,,,0,0,1,,,0,OP3,scripted,OP3,1,3,4,2
2184,1,,,0,0,1,,,0,OP3,scripted,OP3,3,1,4,2
2185,1,,,0,0,1,,,0,OP3,scripted,OP3,3,2,4,2
2186,0,,,0,0,1,,,0,OP3,scripted,OP3,2,3,4,2
2187,1,,,0,0,1,,,0,OP3,scripted,OP3,3,2,4,2
2188,1,,,0,0,1,,,0,OP3,scripted,OP3,3,2,4,2
2189,0,,,0,0,1,,,0,OP3,scripted,OP3,2,3,4,2
2190,1,,,0,0,1,,,0,OP3,scripted,OP3,3,1,4,2
2191,1,,,0,0,1,,,0,OP3,scripted,OP3,3,2,4,2
2192,1,,,0,0,1,,,0,OP3,scripted,OP3,3,2,4,2
2193,1,,,0,0,1,,,0,OP3,scripted,OP3,3,1,4,2
2194,1,,,0,0,1,,,0,OP3,scripted,OP3,3,2,4,2
2195,1,,,0,0,1,,,0,OP3,scripted,OP3,3,2,4,2
2196,1,,,0,0,1,,,0,OP3,scripted,OP3,3,1,4,2
2197,1,,,0,0,1,,,0,OP3,scripted,OP3,3,2,4,2
2198,0,,,0,0,1,,,0,OP3,scripted,OP3,2,3,4,2
2199,1,,,0,0,1,,,0,OP3,scripted,OP3,3,2,4,2
2200,0,,,0,0,1,,,0,OP3,scripted,OP3,2,3,4,2
2201,0,,,0,0,1,,,0,OP3,scripted,OP3,3,3,4,2
2202,0,,,0,0,1,,,0,OP3,scripted,OP3,1,3,4,2
2203,1,,,0,0,1,,,0,OP3,scripted,OP3,3,2,4,2
2204,0,,,0,0,1,,,0,OP3,scripted,OP3,2,3,4,2
2205,1,,,0,0,1,,,0,OP3,scripted,OP3,3,2,4,2
2206,0,,,0,0,1,,,0,OP3,scripted,OP3,2,3,4,2
2207,1,,,0,0,1,,,0,OP3,scripted,OP3,3,2,4,2
2208,0,,,0,0,1,,,0,OP3,scripted,OP3,3,3,4,2
2209,0,,,0,0,1,,,0,OP3,scripted,OP3,2,3,4,2
2210,1,,,0,0,1,,,0,OP3,scripted,OP3,3,2,4,2
2211,1,,,0,0,1,,,0,OP3,scripted,OP3,3,2,4,2
2212,0,,,0,0,1,,,0,OP3,scripted,OP3,2,3,4,2
2213,1,,,0,0,1,,,0,OP3,scripted,OP3,3,2,4,2
2214,1,,,0,0,1,,,0,OP3,scripted,OP3,3,2,4,2
2215,1,,,0,0,1,,,0,OP3,scripted,OP3,3,2,4,2
2216,1,,,0,0,1,,,0,OP3,scripted,OP3,3,2,4,2
2217,1,,,0,0,1,,,0,OP3,scripted,OP3,3,2,4,2
2218,0,,,0,0,1,,,0,OP3,scripted,OP3,2,3,4,2
2219,1,,,0,0,1,,,0,OP3,scripted,OP3,3,1,4,2
2220,0,,,0,0,1,,,0,OP3,scripted,OP3,2,3,4,2
2221,0,,,0,0,1,,,0,OP3,scripted,OP3,2,3,4,2
2222,1,,,0,0,1,,,0,OP3,scripted,OP3,3,2,4,2
2223,0,,,0,0,1,,,0,OP3,scripted,OP3,2,3,4,2
2224,1,,,0,0,1,,,0,OP3,scripted,OP3,3,2,4,2
2225,0,,,0,0,1,,,0,OP3,scripted,OP3,2,3,4,2
2226,0,,,0,0,1,,,0,OP3,scripted,OP3,3,3,4,2
2227,0,,,0,0,1,,,0,OP3,scripted,OP3,2,3,4,2
2228,0,,,0,0,1,,,0,OP3,scripted,OP3,3,3,4,2
2229,1,,,0,0,1,,,0,OP3,scripted,OP3,3,2,4,2
2230,1,,,0,0,1,,,0,OP3,scripted,OP3,3,2,4,2
2231,1,,,0,0,1,,,0,OP3,scripted,OP3,3,2,4,2
2232,0,,,0,0,1,,,0,OP3,scripted,OP3,3,3,4,2
2233,1,,,0,0,1,,,0,OP3,scripted,OP3,3,2,4,2
2234,0,,,0,0,1,,,0,OP3,scripted,OP3,3,3,4,2
2235,1,,,0,0,1,,,0,OP3,scripted,OP3,3,2,4,2
2236,0,,,0,0,1,,,0,OP3,scripted,OP3,2,3,4,2
2237,0,,,0,0,1,,,0,OP3,scripted,OP3,2,3,4,2
2238,1,,,0,0,1,,,0,OP3,scripted,OP3,3,1,4,2
2239,0,,,0,0,1,,,0,OP3,scripted,OP3,2,3,4,2
2240,1,,,0,0,1,,,0,OP3,scripted,OP3,3,2,4,2
2241,1,,,0,0,1,,,0,OP3,scripted,OP3,3,2,4,2
2242,1,,,0,0,1,,,0,OP3,scripted,OP3,3,2,4,2
2243,1,,,0,0,1,,,0,OP3,scripted,OP3,3,2,4,2
2244,0,,,0,0,1,,,0,OP3,scripted,OP3,2,3,4,2
2245,1,,,0,0,1,,,0,OP3,scripted,OP3,3,2,4,2
2246,1,,,0,0,1,,,0,OP3,scripted,OP3,3,1,4,2
2247,1,,,0,0,1,,,0,OP3,scripted,OP3,3,2,4,2
2248,0,,,0,0,1,,,0,OP3,scripted,OP3,1,3,4,2
2249,1,,,0,0,1,,,0,OP3,scripted,OP3,3,2,4,2
2250,0,,,0,0,1,,,0,OP3,scripted,OP3,2,3,4,2
2251,0,,,0,0,1,,,0,OP3,scripted,OP3,2,3,4,2
2252,1,,,0,0,1,,,0,OP3,scripted,OP3,3,2,4,2
2253,1,,,0,0,1,,,0,OP3,scripted,OP3,3,1,4,2
2254,1,,,0,0,1,,,0,OP3,scripted,OP3,3,2,4,2
2255,1,,,0,0,1,,,0,OP3,scripted,OP3,3,2,4,2
2256,0,,,0,0,1,,,0,OP3,scripted,OP3,2,3,4,2
2257,0,,,0,0,1,,,0,OP3,scripted,OP3,2,3,4,2
2258,0,,,0,0,1,,,0,OP3,scripted,OP3,2,3,4,2
2259,1,,,0,0,1,,,0,OP3,scripted,OP3,3,2,4,2
2260,0,,,0,0,1,,,0,OP3,scripted,OP3,2,3,4,2
2261,0,,,0,0,1,,,0,OP3,scripted,OP3,3,3,4,2
2262,0,,,0,0,1,,,0,OP3,scripted,OP3,2,3,4,2
2263,0,,,0,0,1,,,0,OP3,scripted,OP3,2,3,4,2
2264,1,,,0,0,1,,,0,OP3,scripted,OP3,3,1,4,2
2265,0,,,0,0,1,,,0,OP3,scripted,OP3,2,3,4,2
2266,1,,,0,0,1,,,0,OP3,scripted,OP3,3,2,4,2
2267,1,,,0,0,1,,,0,OP3,scripted,OP3,3,2,4,2
2268,1,,,0,0,1,,,0,OP3,scripted,OP3,3,2,4,2
2269,0,,,0,0,1,,,0,OP3,scripted,OP3,3,3,4,2
2270,1,,,0,0,1,,,0,OP3,scripted,OP3,3,2,4,2
2271,1,,,0,0,1,,,0,OP3,scripted,OP3,3,2,4,2
2272,1,,,0,0,1,,,0,OP3,scripted,OP3,3,2,4,2
2273,0,,,0,0,1,,,0,OP3,scripted,OP3,3,3,4,2
2274,1,,,0,0,1,,,0,OP3,scripted,OP3,3,2,4,2
2275,0,,,0,0,1,,,0,OP3,scripted,OP3,3,3,4,2
2276,0,,,0,0,1,,,0,OP3,scripted,OP3,3,3,4,2
2277,1,,,0,0,1,,,0,OP3,scripted,OP3,3,2,4,2
2278,1,,,0,0,1,,,0,OP3,scripted,OP3,3,2,4,2
2279,1,,,0,0,1,,,0,OP3,scripted,OP3,3,2,4,2
2280,0,,,0,0,1,,,0,OP3,scripted,OP3,2,3,4,2
2281,1,,,0,0,1,,,0,OP3,scripted,OP3,3,2,4,2
2282,1,,,0,0,1,,,0,OP3,scripted,OP3,3,2,4,2
2283,1,,,0,0,1,,,0,OP3,scripted,OP3,3,2,4,2
2284,1,,,0,0,1,,,0,OP3,scripted,OP3,3,2,4,2
2285,1,,,0,0,1,,,0,OP3,scripted,OP3,3,2,4,2
2286,1,,,0,0,1,,,0,OP3,scripted,OP3,3,2,4,2
2287,0,,,0,0,1,,,0,OP3,scripted,OP3,3,3,4,2
2288,0,,,0,0,1,,,0,OP3,scripted,OP3,1,3,4,2
2289,0,,,0,0,1,,,0,OP3,scripted,OP3,2,3,4,2
2290,1,,,0,0,1,,,0,OP3,scripted,OP3,3,2,4,2
2291,1,,,0,0,1,,,0,OP3,scripted,OP3,3,2,4,2
2292,1,,,0,0,1,,,0,OP3,scripted,OP3,3,1,4,2
2293,1,,,0,0,1,,,0,OP3,scripted,OP3,3,2,4,2
2294,0,,,0,0,1,,,0,OP3,scripted,OP3,2,3,4,2
2295,0,,,0,0,1,,,0,OP3,scripted,OP3,2,3,4,2
2296,0,,,0,0,1,,,0,OP3,scripted,OP3,2,3,4,2
2297,0,,,0,0,1,,,0,OP3,scripted,OP3,2,3,4,2
2298,0,,,0,0,1,,,0,OP3,scripted,OP3,3,3,4,2
2299,0,,,0,0,1,,,0,OP3,scripted,OP3,2,3,4,2
2300,0,,,0,0,1,,,0,OP3,scripted,OP3,3,3,4,2
2301,1,,,0,0,1,,,0,OP3,scripted,OP3,3,2,4,2
2302,0,,,0,0,1,,,0,OP3,scripted,OP3,3,3,4,2
2303,1,,,0,0,1,,,0,OP3,scripted,OP3,3,2,4,2
2304,0,,,0,0,1,,,0,OP3,scripted,OP3,2,3,4,2
2305,1,,,0,0,1,,,0,OP3,scripted,OP3,3,1,4,2
2306,1,,,0,0,1,,,0,OP3,scripted,OP3,3,2,4,2
2307,1,,,0,0,1,,,0,OP3,scripted,OP3,3,2,4,2
2308,1,,,0,0,1,,,0,OP3,scripted,OP3,3,2,4,2
2309,1,,,0,0,1,,,0,OP3,scripted,OP3,3,2,4,2
2310,0,,,0,0,1,,,0,OP3,scripted,OP3,2,3,4,2
2311,1,,,0,0,1,,,0,OP3,scripted,OP3,3,2,4,2
2312,0,,,0,0,1,,,0,OP3,scripted,OP3,3,3,4,2
2313,0,,,0,0,1,,,0,OP3,scripted,OP3,3,3,4,2
2314,1,,,0,0,1,,,0,OP3,scripted,OP3,3,2,4,2
2315,1,,,0,0,1,,,0,OP3,scripted,OP3,3,2,4,2
2316,0,,,0,0,1,,,0,OP3,scripted,OP3,3,3,4,2
2317,1,,,0,0,1,,,0,OP3,scripted,OP3,3,2,4,2
2318,1,,,0,0,1,,,0,OP3,scripted,OP3,3,2,4,2
2319,1,,,0,0,1,,,0,OP3,scripted,OP3,3,1,4,2
2320,0,,,0,0,1,,,0,OP3,scripted,OP3,3,3,4,2
2321,0,,,0,0,1,,,0,OP3,scripted,OP3,2,3,4,2
2322,0,,,0,0,1,,,0,OP3,scripted,OP3,1,3,4,2
2323,1,,,0,0,1,,,0,OP3,scripted,OP3,3,2,4,2
2324,1,,,0,0,1,,,0,OP3,scripted,OP3,3,2,4,2
2325,0,,,0,0,1,,,0,OP3,scripted,OP3,3,3,4,2
2326,1,,,0,0,1,,,0,OP3,scripted,OP3,3,2,4,2
2327,0,,,0,0,1,,,0,OP3,scripted,OP3,3,3,4,2
2328,0,,,0,0,1,,,0,OP3,scripted,OP3,2,3,4,2
2329,0,,,0,0,1,,,0,OP3,scripted,OP3,2,3,4,2
2330,1,,,0,0,1,,,0,OP3,scripted,OP3,3,2,4,2
2331,1,,,0,0,1,,,0,OP3,scripted,OP3,3,2,4,2
2332,0,,,0,0,1,,,0,OP3,scripted,OP3,2,3,4,2
2333,1,,,0,0,1,,,0,OP3,scripted,OP3,3,1,4,2
2334,0,,,0,0,1,,,0,OP3,scripted,OP3,2,3,4,2
2335,0,,,0,0,1,,,0,OP3,scripted,OP3,2,3,4,2
2336,0,,,0,0,1,,,0,OP3,scripted,OP3,2,3,4,2
2337,1,,,0,0,1,,,0,OP3,scripted,OP3,3,2,4,2
2338,0,,,0,0,1,,,0,OP3,scripted,OP3,3,3,4,2
2339,0,,,0,0,1,,,0,OP3,scripted,OP3,3,3,4,2
2340,0,,,0,0,1,,,0,OP3,scripted,OP3,3,3,4,2
2341,1,,,0,0,1,,,0,OP3,scripted,OP3,3,1,4,2
2342,1,,,0,0,1,,,0,OP3,scripted,OP3,3,2,4,2
2343,1,,,0,0,1,,,0,OP3,scripted,OP3,3,2,4,2
2344,1,,,0,0,1,,,0,OP3,scripted,OP3,3,2,4,2
2345,1,,,0,0,1,,,0,OP3,scripted,OP3,3,2,4,2
2346,0,,,0,0,1,,,0,OP3,scripted,OP3,3,3,4,2
2347,1,,,0,0,1,,,0,OP3,scripted,OP3,3,2,4,2
2348,1,,,0,0,1,,,0,OP3,scripted,OP3,3,2,4,2
2349,1,,,0,0,1,,,0,OP3,scripted,OP3,3,2,4,2
2350,1,,,0,0,1,,,0,OP3,scripted,OP3,3,1,4,2
2351,0,,,0,0,1,,,0,OP3,scripted,OP3,2,3,4,2
2352,0,,,0,0,1,,,0,OP3,scripted,OP3,2,3,4,2
2353,0,,,0,0,1,,,0,OP3,scripted,OP3,2,3,4,2
2354,1,,,0,0,1,,,0,OP3,scripted,OP3,3,2,4,2
2355,1,,,0,0,1,,,0,OP3,scripted,OP3,3,2,4,2
2356,0,,,0,0,1,,,0,OP3,scripted,OP3,2,3,4,2
2357,1,,,0,0,1,,,0,OP3,scripted,OP3,3,2,4,2
2358,1,,,0,0,1,,,0,OP3,scripted,OP3,3,2,4,2
2359,1,,,0,0,1,,,0,OP3,scripted,OP3,3,2,4,2
2360,1,,,0,0,1,,,0,OP3,scripted,OP3,3,2,4,2
2361,0,,,0,0,1,,,0,OP3,scripted,OP3,2,3,4,2
2362,1,,,0,0,1,,,0,OP3,scripted,OP3,3,2,4,2
2363,0,,,0,0,1,,,0,OP3,scripted,OP3,2,3,4,2
2364,1,,,0,0,1,,,0,OP3,scripted,OP3,3,2,4,2
2365,0,,,0,0,1,,,0,OP3,scripted,OP3,2,3,4,2
2366,1,,,0,0,1,,,0,OP3,scripted,OP3,3,2,4,2
2367,1,,,0,0,1,,,0,OP3,scripted,OP3,3,2,4,2
2368,1,,,0,0,1,,,0,OP3,scripted,OP3,3,2,4,2
2369,1,,,0,0,1,,,0,OP3,scripted,OP3,3,2,4,2
2370,0,,,0,0,1,,,0,OP3,scripted,OP3,2,3,4,2
2371,1,,,0,0,1,,,0,OP3,scripted,OP3,3,2,4,2
2372,1,,,0,0,1,,,0,OP3,scripted,OP3,3,2,4,2
2373,1,,,0,0,1,,,0,OP3,scripted,OP3,3,2,4,2
2374,0,,,0,0,1,,,0,OP3,scripted,OP3,2,3,4,2
2375,1,,,0,0,1,,,0,OP3,scripted,OP3,3,2,4,2
2376,0,,,0,0,1,,,0,OP3,scripted,OP3,2,3,4,2
2377,1,,,0,0,1,,,0,OP3,scripted,OP3,3,2,4,2
2378,1,,,0,0,1,,,0,OP3,scripted,OP3,3,2,4,2
2379,0,,,0,0,1,,,0,OP3,scripted,OP3,2,3,4,2
2380,1,,,0,0,1,,,0,OP3,scripted,OP3,3,2,4,2
2381,0,,,0,0,1,,,0,OP3,scripted,OP3,2,3,4,2
2382,1,,,0,0,1,,,0,OP3,scripted,OP3,3,1,4,2
2383,1,,,0,0,1,,,0,OP3,scripted,OP3,3,2,4,2
2384,0,,,0,0,1,,,0,OP3,scripted,OP3,3,3,4,2
2385,1,,,0,0,1,,,0,OP3,scripted,OP3,3,2,4,2
2386,1,,,0,0,1,,,0,OP3,scripted,OP3,3,2,4,2
2387,1,,,0,0,1,,,0,OP3,scripted,OP3,3,2,4,2
2388,1,,,0,0,1,,,0,OP3,scripted,OP3,3,0,4,2
2389,0,,,0,0,1,,,0,OP3,scripted,OP3,2,3,4,2
2390,1,,,0,0,1,,,0,OP3,scripted,OP3,3,2,4,2
2391,0,,,0,0,1,,,0,OP3,scripted,OP3,2,3,4,2
2392,0,,,0,0,1,,,0,OP3,scripted,OP3,2,3,4,2
2393,0,,,0,0,1,,,0,OP3,scripted,OP3,2,3,4,2
2394,0,,,0,0,1,,,0,OP3,scripted,OP3,2,3,4,2
2395,0,,,0,0,1,,,0,OP3,scripted,OP3,2,3,4,2
2396,0,,,0,0,1,,,0,OP3,scripted,OP3,2,3,4,2
2397,1,,,0,0,1,,,0,OP3,scripted,OP3,3,2,4,2
2398,0,,,0,0,1,,,0,OP3,scripted,OP3,2,3,4,2
2399,0,,,0,0,1,,,0,OP3,scripted,OP3,2,3,4,2
2400,1,,,0,0,1,,,0,OP3,scripted,OP3,3,2,4,2
2401,0,,,0,0,1,,,0,OP3,scripted,OP3,2,3,4,2
2402,0,,,0,0,1,,,0,OP3,scripted,OP3,2,3,4,2
2403,0,,,0,0,1,,,0,OP3,scripted,OP3,2,3,4,2
2404,1,,,0,0,1,,,0,OP3,scripted,OP3,3,2,4,2
2405,1,,,0,0,1,,,0,OP3,scripted,OP3,3,2,4,2
2406,0,,,0,0,1,,,0,OP3,scripted,OP3,2,3,4,2
2407,1,,,0,0,1,,,0,OP3,scripted,OP3,3,2,4,2
2408,0,,,0,0,1,,,0,OP3,scripted,OP3,2,3,4,2
2409,1,,,0,0,1,,,0,OP3,scripted,OP3,3,2,4,2
2410,0,,,0,0,1,,,0,OP3,scripted,OP3,2,3,4,2
2411,1,,,0,0,1,,,0,OP3,scripted,OP3,3,2,4,2
2412,0,,,0,0,1,,,0,OP3,scripted,OP3,2,3,4,2
2413,1,,,0,0,1,,,0,OP3,scripted,OP3,3,2,4,2
2414,1,,,0,0,1,,,0,OP3,scripted,OP3,3,2,4,2
2415,1,,,0,0,1,,,0,OP3,scripted,OP3,3,2,4,2
2416,0,,,0,0,1,,,0,OP3,scripted,OP3,2,3,4,2
2417,1,,,0,0,1,,,0,OP3,scripted,OP3,3,2,4,2
2418,1,,,0,0,1,,,0,OP3,scripted,OP3,3,2,4,2
2419,1,,,0,0,1,,,0,OP3,scripted,OP3,3,2,4,2
2420,0,,,0,0,1,,,0,OP3,scripted,OP3,2,3,4,2
2421,1,,,0,0,1,,,0,OP3,scripted,OP3,3,2,4,2
2422,0,,,0,0,1,,,0,OP3,scripted,OP3,2,3,4,2
2423,0,,,0,0,1,,,0,OP3,scripted,OP3,2,3,4,2
2424,0,,,0,0,1,,,0,OP3,scripted,OP3,2,3,4,2
2425,1,,,0,0,1,,,0,OP3,scripted,OP3,3,2,4,2
2426,1,,,0,0,1,,,0,OP3,scripted,OP3,3,1,4,2
2427,0,,,0,0,1,,,0,OP3,scripted,OP3,2,3,4,2
2428,1,,,0,0,1,,,0,OP3,scripted,OP3,3,1,4,2
2429,1,,,0,0,1,,,0,OP3,scripted,OP3,3,2,4,2
2430,1,,,0,0,1,,,0,OP3,scripted,OP3,3,2,4,2
2431,1,,,0,0,1,,,0,OP3,scripted,OP3,3,2,4,2
2432,0,,,0,0,1,,,0,OP3,scripted,OP3,3,3,4,2
2433,0,,,0,0,1,,,0,OP3,scripted,OP3,2,3,4,2
2434,1,,,0,0,1,,,0,OP3,scripted,OP3,3,1,4,2
2435,0,,,0,0,1,,,0,OP3,scripted,OP3,3,3,4,2
2436,1,,,0,0,1,,,0,OP3,scripted,OP3,3,2,4,2
2437,0,,,0,0,1,,,0,OP3,scripted,OP3,2,3,4,2
2438,1,,,0,0,1,,,0,OP3,scripted,OP3,3,2,4,2
2439,1,,,0,0,1,,,0,OP3,scripted,OP3,3,2,4,2
2440,0,,,0,0,1,,,0,OP3,scripted,OP3,2,3,4,2
2441,0,,,0,0,1,,,0,OP3,scripted,OP3,2,3,4,2
2442,0,,,0,0,1,,,0,OP3,scripted,OP3,3,3,4,2
2443,1,,,0,0,1,,,0,OP3,scripted,OP3,3,1,4,2
2444,1,,,0,0,1,,,0,OP3,scripted,OP3,3,2,4,2
2445,0,,,0,0,1,,,0,OP3,scripted,OP3,1,3,4,2
2446,1,,,0,0,1,,,0,OP3,scripted,OP3,3,2,4,2
2447,1,,,0,0,1,,,0,OP3,scripted,OP3,3,2,4,2
2448,0,,,0,0,1,,,0,OP3,scripted,OP3,3,3,4,2
2449,0,,,0,0,1,,,0,OP3,scripted,OP3,2,3,4,2
2450,1,,,0,0,1,,,0,OP3,scripted,OP3,3,2,4,2
2451,1,,,0,0,1,,,0,OP3,scripted,OP3,3,2,4,2
2452,1,,,0,0,1,,,0,OP3,scripted,OP3,3,2,4,2
2453,0,,,0,0,1,,,0,OP3,scripted,OP3,2,3,4,2
2454,0,,,0,0,1,,,0,OP3,scripted,OP3,2,3,4,2
2455,0,,,0,0,1,,,0,OP3,scripted,OP3,2,3,4,2
2456,1,,,0,0,1,,,0,OP3,scripted,OP3,3,1,4,2
2457,1,,,0,0,1,,,0,OP3,scripted,OP3,3,2,4,2
2458,1,,,0,0,1,,,0,OP3,scripted,OP3,3,2,4,2
2459,0,,,0,0,1,,,0,OP3,scripted,OP3,1,3,4,2
2460,1,,,0,0,1,,,0,OP3,scripted,OP3,3,2,4,2
2461,0,,,0,0,1,,,0,OP3,scripted,OP3,2,3,4,2
2462,0,,,0,0,1,,,0,OP3,scripted,OP3,2,3,4,2
2463,0,,,0,0,1,,,0,OP3,scripted,OP3,3,3,4,2
2464,1,,,0,0,1,,,0,OP3,scripted,OP3,3,2,4,2
2465,0,,,0,0,1,,,0,OP3,scripted,OP3,2,3,4,2
2466,1,,,0,0,1,,,0,OP3,scripted,OP3,3,2,4,2
2467,1,,,0,0,1,,,0,OP3,scripted,OP3,3,2,4,2
2468,1,,,0,0,1,,,0,OP3,scripted,OP3,3,1,4,2
2469,1,,,0,0,1,,,0,OP3,scripted,OP3,3,2,4,2
2470,1,,,0,0,1,,,0,OP3,scripted,OP3,3,2,4,2
2471,1,,,0,0,1,,,0,OP3,scripted,OP3,3,2,4,2
2472,0,,,0,0,1,,,0,OP3,scripted,OP3,2,3,4,2
2473,1,,,0,0,1,,,0,OP3,scripted,OP3,3,2,4,2
2474,1,,,0,0,1,,,0,OP3,scripted,OP3,3,2,4,2
2475,1,,,0,0,1,,,0,OP3,scripted,OP3,3,1,4,2
2476,1,,,0,0,1,,,0,OP3,scripted,OP3,3,1,4,2
2477,0,,,0,0,1,,,0,OP3,scripted,OP3,2,3,4,2
2478,1,,,0,0,1,,,0,OP3,scripted,OP3,3,2,4,2
2479,1,,,0,0,1,,,0,OP3,scripted,OP3,3,2,4,2
2480,1,,,0,0,1,,,0,OP3,scripted,OP3,3,2,4,2
2481,1,,,0,0,1,,,0,OP3,scripted,OP3,3,2,4,2
2482,1,,,0,0,1,,,0,OP3,scripted,OP3,3,2,4,2
2483,1,,,0,0,1,,,0,OP3,scripted,OP3,3,2,4,2
2484,0,,,0,0,1,,,0,OP3,scripted,OP3,2,3,4,2
2485,0,,,0,0,1,,,0,OP3,scripted,OP3,3,3,4,2
2486,1,,,0,0,1,,,0,OP3,scripted,OP3,3,2,4,2
2487,0,,,0,0,1,,,0,OP3,scripted,OP3,2,3,4,2
2488,0,,,0,0,1,,,0,OP3,scripted,OP3,2,3,4,2
2489,1,,,0,0,1,,,0,OP3,scripted,OP3,3,2,4,2
2490,0,,,0,0,1,,,0,OP3,scripted,OP3,2,3,4,2
2491,0,,,0,0,1,,,0,OP3,scripted,OP3,2,3,4,2
2492,1,,,0,0,1,,,0,OP3,scripted,OP3,3,2,4,2
2493,1,,,0,0,1,,,0,OP3,scripted,OP3,3,2,4,2
2494,1,,,0,0,1,,,0,OP3,scripted,OP3,3,2,4,2
2495,1,,,0,0,1,,,0,OP3,scripted,OP3,3,2,4,2
2496,1,,,0,0,1,,,0,OP3,scripted,OP3,3,1,4,2
2497,0,,,0,0,1,,,0,OP3,scripted,OP3,2,3,4,2
2498,0,,,0,0,1,,,0,OP3,scripted,OP3,3,3,4,2
2499,0,,,0,0,1,,,0,OP3,scripted,OP3,3,3,4,2
2500,0,,,0,0,1,,,0,OP3,scripted,OP3,3,3,4,2
2501,0,,,0,0,1,,,0,OP3,scripted,OP3,2,3,4,2
2502,1,,,0,0,1,,,0,OP3,scripted,OP3,3,2,4,2
2503,0,,,0,0,1,,,0,OP3,scripted,OP3,2,3,4,2
2504,0,,,0,0,1,,,0,OP3,scripted,OP3,2,3,4,2
2505,1,,,0,0,1,,,0,OP3,scripted,OP3,3,2,4,2
2506,0,,,0,0,1,,,0,OP3,scripted,OP3,3,3,4,2
2507,1,,,0,0,1,,,0,OP3,scripted,OP3,3,2,4,2
2508,1,,,0,0,1,,,0,OP3,scripted,OP3,3,2,4,2
2509,1,,,0,0,1,,,0,OP3,scripted,OP3,3,2,4,2
2510,1,,,0,0,1,,,0,OP3,scripted,OP3,3,2,4,2
2511,1,,,0,0,1,,,0,OP3,scripted,OP3,3,2,4,2
2512,0,,,0,0,1,,,0,OP3,scripted,OP3,3,3,4,2
2513,0,,,0,0,1,,,0,OP3,scripted,OP3,3,3,4,2
2514,1,,,0,0,1,,,0,OP3,scripted,OP3,3,2,4,2
2515,1,,,0,0,1,,,0,OP3,scripted,OP3,3,2,4,2
2516,1,,,0,0,1,,,0,OP3,scripted,OP3,3,2,4,2
2517,0,,,0,0,1,,,0,OP3,scripted,OP3,2,3,4,2
2518,0,,,0,0,1,,,0,OP3,scripted,OP3,2,3,4,2
2519,0,,,0,0,1,,,0,OP3,scripted,OP3,2,3,4,2
2520,0,,,0,0,1,,,0,OP3,scripted,OP3,2,3,4,2
2521,1,,,0,0,1,,,0,OP3,scripted,OP3,3,1,4,2
2522,0,,,0,0,1,,,0,OP3,scripted,OP3,2,3,4,2
2523,1,,,0,0,1,,,0,OP3,scripted,OP3,3,2,4,2
2524,1,,,0,0,1,,,0,OP3,scripted,OP3,3,2,4,2
2525,0,,,0,0,1,,,0,OP3,scripted,OP3,2,3,4,2
2526,1,,,0,0,1,,,0,OP3,scripted,OP3,3,1,4,2
2527,1,,,0,0,1,,,0,OP3,scripted,OP3,3,2,4,2
2528,1,,,0,0,1,,,0,OP3,scripted,OP3,3,1,4,2
2529,1,,,0,0,1,,,0,OP3,scripted,OP3,3,2,4,2
2530,1,,,0,0,1,,,0,OP3,scripted,OP3,3,2,4,2
2531,1,,,0,0,1,,,0,OP3,scripted,OP3,3,2,4,2
2532,0,,,0,0,1,,,0,OP3,scripted,OP3,2,3,4,2
2533,0,,,0,0,1,,,0,OP3,scripted,OP3,3,3,4,2
2534,1,,,0,0,1,,,0,OP3,scripted,OP3,3,2,4,2
2535,0,,,0,0,1,,,0,OP3,scripted,OP3,2,3,4,2
2536,1,,,0,0,1,,,0,OP3,scripted,OP3,3,2,4,2
2537,1,,,0,0,1,,,0,OP3,scripted,OP3,3,1,4,2
2538,1,,,0,0,1,,,0,OP3,scripted,OP3,3,2,4,2
2539,1,,,0,0,1,,,0,OP3,scripted,OP3,3,2,4,2
2540,0,,,0,0,1,,,0,OP3,scripted,OP3,3,3,4,2
2541,1,,,0,0,1,,,0,OP3,scripted,OP3,3,2,4,2
2542,0,,,0,0,1,,,0,OP3,scripted,OP3,3,3,4,2
2543,0,,,0,0,1,,,0,OP3,scripted,OP3,3,3,4,2
2544,1,,,0,0,1,,,0,OP3,scripted,OP3,3,2,4,2
2545,1,,,0,0,1,,,0,OP3,scripted,OP3,3,2,4,2
2546,0,,,0,0,1,,,0,OP3,scripted,OP3,2,3,4,2
2547,0,,,0,0,1,,,0,OP3,scripted,OP3,2,3,4,2
2548,0,,,0,0,1,,,0,OP3,scripted,OP3,2,3,4,2
2549,1,,,0,0,1,,,0,OP3,scripted,OP3,3,2,4,2
2550,0,,,0,0,1,,,0,OP3,scripted,OP3,3,3,4,2
2551,0,,,0,0,1,,,0,OP3,scripted,OP3,3,3,4,2
2552,1,,,0,0,1,,,0,OP3,scripted,OP3,3,2,4,2
2553,0,,,0,0,1,,,0,OP3,scripted,OP3,2,3,4,2
2554,0,,,0,0,1,,,0,OP3,scripted,OP3,2,3,4,2
2555,1,,,0,0,1,,,0,OP3,scripted,OP3,3,1,4,2
2556,0,,,0,0,1,,,0,OP3,scripted,OP3,2,3,4,2
2557,0,,,0,0,1,,,0,OP3,scripted,OP3,3,3,4,2
2558,0,,,0,0,1,,,0,OP3,scripted,OP3,3,3,4,2
2559,1,,,0,0,1,,,0,OP3,scripted,OP3,3,2,4,2
2560,1,,,0,0,1,,,0,OP3,scripted,OP3,3,1,4,2
2561,0,,,0,0,1,,,0,OP3,scripted,OP3,3,3,4,2
2562,1,,,0,0,1,,,0,OP3,scripted,OP3,3,2,4,2
2563,0,,,0,0,1,,,0,OP3,scripted,OP3,1,3,4,2
2564,1,,,0,0,1,,,0,OP3,scripted,OP3,3,2,4,2
2565,0,,,0,0,1,,,0,OP3,scripted,OP3,2,3,4,2
2566,0,,,0,0,1,,,0,OP3,scripted,OP3,2,3,4,2
2567,1,,,0,0,1,,,0,OP3,scripted,OP3,3,2,4,2
2568,1,,,0,0,1,,,0,OP3,scripted,OP3,3,2,4,2
2569,1,,,0,0,1,,,0,OP3,scripted,OP3,3,2,4,2
2570,0,,,0,0,1,,,0,OP3,scripted,OP3,2,3,4,2
2571,1,,,0,0,1,,,0,OP3,scripted,OP3,3,2,4,2
2572,0,,,0,0,1,,,0,OP3,scripted,OP3,2,3,4,2
2573,1,,,0,0,1,,,0,OP3,scripted,OP3,3,2,4,2
2574,1,,,0,0,1,,,0,OP3,scripted,OP3,3,2,4,2
2575,1,,,0,0,1,,,0,OP3,scripted,OP3,3,2,4,2
2576,0,,,0,0,1,,,0,OP3,scripted,OP3,3,3,4,2
2577,1,,,0,0,1,,,0,OP3,scripted,OP3,3,1,4,2
2578,0,,,0,0,1,,,0,OP3,scripted,OP3,3,3,4,2
2579,1,,,0,0,1,,,0,OP3,scripted,OP3,3,2,4,2
2580,0,,,0,0,1,,,0,OP3,scripted,OP3,2,3,4,2
2581,0,,,0,0,1,,,0,OP3,scripted,OP3,2,3,4,2
2582,1,,,0,0,1,,,0,OP3,scripted,OP3,3,2,4,2
2583,0,,,0,0,1,,,0,OP3,scripted,OP3,2,3,4,2
2584,0,,,0,0,1,,,0,OP3,scripted,OP3,3,3,4,2
2585,1,,,0,0,1,,,0,OP3,scripted,OP3,3,2,4,2
2586,1,,,0,0,1,,,0,OP3,scripted,OP3,3,2,4,2
2587,1,,,0,0,1,,,0,OP3,scripted,OP3,3,2,4,2
2588,1,,,0,0,1,,,0,OP3,scripted,OP3,3,2,4,2
2589,0,,,0,0,1,,,0,OP3,scripted,OP3,2,3,4,2
2590,1,,,0,0,1,,,0,OP3,scripted,OP3,3,2,4,2
2591,1,,,0,0,1,,,0,OP3,scripted,OP3,3,2,4,2
2592,1,,,0,0,1,,,0,OP3,scripted,OP3,3,2,4,2
2593,0,,,0,0,1,,,0,OP3,scripted,OP3,3,3,4,2
2594,0,,,0,0,1,,,0,OP3,scripted,OP3,3,3,4,2
2595,0,,,0,0,1,,,0,OP3,scripted,OP3,2,3,4,2
2596,1,,,0,0,1,,,0,OP3,scripted,OP3,3,2,4,2
2597,1,,,0,0,1,,,0,OP3,scripted,OP3,3,2,4,2
2598,1,,,0,0,1,,,0,OP3,scripted,OP3,3,2,4,2
2599,0,,,0,0,1,,,0,OP3,scripted,OP3,3,3,4,2
2600,1,,,0,0,1,,,0,OP3,scripted,OP3,3,2,4,2
2601,1,,,0,0,1,,,0,OP3,scripted,OP3,3,2,4,2
2602,0,,,0,0,1,,,0,OP3,scripted,OP3,3,3,4,2
2603,0,,,0,0,1,,,0,OP3,scripted,OP3,2,3,4,2
2604,1,,,0,0,1,,,0,OP3,scripted,OP3,3,2,4,2
2605,0,,,0,0,1,,,0,OP3,scripted,OP3,2,3,4,2
2606,1,,,0,0,1,,,0,OP3,scripted,OP3,3,1,4,2
2607,1,,,0,0,1,,,0,OP3,scripted,OP3,3,1,4,2
2608,0,,,0,0,1,,,0,OP3,scripted,OP3,2,3,4,2
2609,0,,,0,0,1,,,0,OP3,scripted,OP3,2,3,4,2
2610,1,,,0,0,1,,,0,OP3,scripted,OP3,3,2,4,2
2611,1,,,0,0,1,,,0,OP3,scripted,OP3,3,2,4,2
2612,1,,,0,0,1,,,0,OP3,scripted,OP3,3,2,4,2
2613,1,,,0,0,1,,,0,OP3,scripted,OP3,3,1,4,2
2614,1,,,0,0,1,,,0,OP3,scripted,OP3,3,2,4,2
2615,1,,,0,0,1,,,0,OP3,scripted,OP3,3,2,4,2
2616,1,,,0,0,1,,,0,OP3,scripted,OP3,3,2,4,2
2617,0,,,0,0,1,,,0,OP3,scripted,OP3,3,3,4,2
2618,0,,,0,0,1,,,0,OP3,scripted,OP3,2,3,4,2
2619,0,,,0,0,1,,,0,OP3,scripted,OP3,2,3,4,2
2620,1,,,0,0,1,,,0,OP3,scripted,OP3,3,1,4,2
2621,1,,,0,0,1,,,0,OP3,scripted,OP3,3,1,4,2
2622,0,,,0,0,1,,,0,OP3,scripted,OP3,2,3,4,2
2623,0,,,0,0,1,,,0,OP3,scripted,OP3,3,3,4,2
2624,1,,,0,0,1,,,0,OP3,scripted,OP3,3,2,4,2
2625,1,,,0,0,1,,,0,OP3,scripted,OP3,3,2,4,2
2626,1,,,0,0,1,,,0,OP3,scripted,OP3,3,2,4,2
2627,1,,,0,0,1,,,0,OP3,scripted,OP3,3,2,4,2
2628,1,,,0,0,1,,,0,OP3,scripted,OP3,3,2,4,2
2629,1,,,0,0,1,,,0,OP3,scripted,OP3,3,2,4,2
2630,0,,,0,0,1,,,0,OP3,scripted,OP3,1,3,4,2
2631,0,,,0,0,1,,,0,OP3,scripted,OP3,2,3,4,2
2632,1,,,0,0,1,,,0,OP3,scripted,OP3,3,2,4,2
2633,0,,,0,0,1,,,0,OP3,scripted,OP3,2,3,4,2
2634,0,,,0,0,1,,,0,OP3,scripted,OP3,2,3,4,2
2635,0,,,0,0,1,,,0,OP3,scripted,OP3,2,3,4,2
2636,1,,,0,0,1,,,0,OP3,scripted,OP3,3,2,4,2
2637,1,,,0,0,1,,,0,OP3,scripted,OP3,3,2,4,2
2638,1,,,0,0,1,,,0,OP3,scripted,OP3,3,2,4,2
2639,0,,,0,0,1,,,0,OP3,scripted,OP3,3,3,4,2
2640,0,,,0,0,1,,,0,OP3,scripted,OP3,2,3,4,2
2641,1,,,0,0,1,,,0,OP3,scripted,OP3,3,2,4,2
2642,1,,,0,0,1,,,0,OP3,scripted,OP3,3,2,4,2
2643,1,,,0,0,1,,,0,OP3,scripted,OP3,3,2,4,2
2644,1,,,0,0,1,,,0,OP3,scripted,OP3,3,2,4,2
2645,1,,,0,0,1,,,0,OP3,scripted,OP3,3,2,4,2
2646,1,,,0,0,1,,,0,OP3,scripted,OP3,3,2,4,2
2647,0,,,0,0,1,,,0,OP3,scripted,OP3,3,3,4,2
2648,0,,,0,0,1,,,0,OP3,scripted,OP3,2,3,4,2
2649,0,,,0,0,1,,,0,OP3,scripted,OP3,2,3,4,2
2650,0,,,0,0,1,,,0,OP3,scripted,OP3,2,3,4,2
2651,0,,,0,0,1,,,0,OP3,scripted,OP3,3,3,4,2
2652,0,,,0,0,1,,,0,OP3,scripted,OP3,3,3,4,2
2653,0,,,0,0,1,,,0,OP3,scripted,OP3,2,3,4,2
2654,0,,,0,0,1,,,0,OP3,scripted,OP3,2,3,4,2
2655,0,,,0,0,1,,,0,OP3,scripted,OP3,3,3,4,2
2656,0,,,0,0,1,,,0,OP3,scripted,OP3,2,3,4,2
2657,1,,,0,0,1,,,0,OP3,scripted,OP3,3,2,4,2
2658,0,,,0,0,1,,,0,OP3,scripted,OP3,2,3,4,2
2659,1,,,0,0,1,,,0,OP3,scripted,OP3,3,2,4,2
2660,0,,,0,0,1,,,0,OP3,scripted,OP3,2,3,4,2
2661,0,,,0,0,1,,,0,OP3,scripted,OP3,3,3,4,2
2662,0,,,0,0,1,,,0,OP3,scripted,OP3,3,3,4,2
2663,0,,,0,0,1,,,0,OP3,scripted,OP3,3,3,4,2
2664,0,,,0,0,1,,,0,OP3,scripted,OP3,3,3,4,2
2665,0,,,0,0,1,,,0,OP3,scripted,OP3,2,3,4,2
2666,0,,,0,0,1,,,0,OP3,scripted,OP3,3,3,4,2
2667,0,,,0,0,1,,,0,OP3,scripted,OP3,3,3,4,2
2668,1,,,0,0,1,,,0,OP3,scripted,OP3,3,2,4,2
2669,0,,,0,0,1,,,0,OP3,scripted,OP3,3,3,4,2
2670,1,,,0,0,1,,,0,OP3,scripted,OP3,3,1,4,2
2671,1,,,0,0,1,,,0,OP3,scripted,OP3,3,2,4,2
2672,1,,,0,0,1,,,0,OP3,scripted,OP3,3,2,4,2
2673,1,,,0,0,1,,,0,OP3,scripted,OP3,3,2,4,2
2674,0,,,0,0,1,,,0,OP3,scripted,OP3,3,3,4,2
2675,1,,,0,0,1,,,0,OP3,scripted,OP3,3,2,4,2
2676,0,,,0,0,1,,,0,OP3,scripted,OP3,2,3,4,2
2677,1,,,0,0,1,,,0,OP3,scripted,OP3,3,2,4,2
2678,1,,,0,0,1,,,0,OP3,scripted,OP3,3,2,4,2
2679,0,,,0,0,1,,,0,OP3,scripted,OP3,3,3,4,2
2680,1,,,0,0,1,,,0,OP3,scripted,OP3,3,2,4,2
2681,0,,,0,0,1,,,0,OP3,scripted,OP3,2,3,4,2
2682,1,,,0,0,1,,,0,OP3,scripted,OP3,3,2,4,2
2683,1,,,0,0,1,,,0,OP3,scripted,OP3,3,2,4,2
2684,1,,,0,0,1,,,0,OP3,scripted,OP3,3,1,4,2
2685,1,,,0,0,1,,,0,OP3,scripted,OP3,3,2,4,2
2686,0,,,0,0,1,,,0,OP3,scripted,OP3,2,3,4,2
2687,0,,,0,0,1,,,0,OP3,scripted,OP3,3,3,4,2
2688,1,,,0,0,1,,,0,OP3,scripted,OP3,3,2,4,2
2689,1,,,0,0,1,,,0,OP3,scripted,OP3,3,1,4,2
2690,0,,,0,0,1,,,0,OP3,scripted,OP3,2,3,4,2
2691,1,,,0,0,1,,,0,OP3,scripted,OP3,3,2,4,2
2692,1,,,0,0,1,,,0,OP3,scripted,OP3,3,2,4,2
2693,1,,,0,0,1,,,0,OP3,scripted,OP3,3,2,4,2
2694,0,,,0,0,1,,,0,OP3,scripted,OP3,2,3,4,2
2695,1,,,0,0,1,,,0,OP3,scripted,OP3,3,2,4,2
2696,1,,,0,0,1,,,0,OP3,scripted,OP3,3,2,4,2
2697,1,,,0,0,1,,,0,OP3,scripted,OP3,3,2,4,2
2698,0,,,0,0,1,,,0,OP3,scripted,OP3,2,3,4,2
2699,0,,,0,0,1,,,0,OP3,scripted,OP3,3,3,4,2
2700,0,,,0,0,1,,,0,OP3,scripted,OP3,2,3,4,2
2701,1,,,0,0,1,,,0,OP3,scripted,OP3,3,2,4,2
2702,0,,,0,0,1,,,0,OP3,scripted,OP3,2,3,4,2
2703,1,,,0,0,1,,,0,OP3,scripted,OP3,3,2,4,2
2704,0,,,0,0,1,,,0,OP3,scripted,OP3,2,3,4,2
2705,1,,,0,0,1,,,0,OP3,scripted,OP3,3,2,4,2
2706,1,,,0,0,1,,,0,OP3,scripted,OP3,3,2,4,2
2707,1,,,0,0,1,,,0,OP3,scripted,OP3,3,2,4,2
2708,0,,,0,0,1,,,0,OP3,scripted,OP3,2,3,4,2
2709,1,,,0,0,1,,,0,OP3,scripted,OP3,3,2,4,2
2710,0,,,0,0,1,,,0,OP3,scripted,OP3,2,3,4,2
2711,1,,,0,0,1,,,0,OP3,scripted,OP3,3,2,4,2
2712,1,,,0,0,1,,,0,OP3,scripted,OP3,3,2,4,2
2713,0,,,0,0,1,,,0,OP3,scripted,OP3,3,3,4,2
2714,1,,,0,0,1,,,0,OP3,scripted,OP3,3,2,4,2
2715,1,,,0,0,1,,,0,OP3,scripted,OP3,3,2,4,2
2716,1,,,0,0,1,,,0,OP3,scripted,OP3,3,2,4,2
2717,1,,,0,0,1,,,0,OP3,scripted,OP3,3,1,4,2
2718,0,,,0,0,1,,,0,OP3,scripted,OP3,3,3,4,2
2719,1,,,0,0,1,,,0,OP3,scripted,OP3,3,2,4,2
2720,0,,,0,0,1,,,0,OP3,scripted,OP3,2,3,4,2
2721,1,,,0,0,1,,,0,OP3,scripted,OP3,3,2,4,2
2722,1,,,0,0,1,,,0,OP3,scripted,OP3,3,2,4,2
2723,1,,,0,0,1,,,0,OP3,scripted,OP3,3,2,4,2
2724,1,,,0,0,1,,,0,OP3,scripted,OP3,3,2,4,2
2725,1,,,0,0,1,,,0,OP3,scripted,OP3,3,2,4,2
2726,1,,,0,0,1,,,0,OP3,scripted,OP3,3,2,4,2
2727,1,,,0,0,1,,,0,OP3,scripted,OP3,3,2,4,2
2728,1,,,0,0,1,,,0,OP3,scripted,OP3,3,2,4,2
2729,1,,,0,0,1,,,0,OP3,scripted,OP3,3,2,4,2
2730,0,,,0,0,1,,,0,OP3,scripted,OP3,2,3,4,2
2731,0,,,0,0,1,,,0,OP3,scripted,OP3,2,3,4,2
2732,1,,,0,0,1,,,0,OP3,scripted,OP3,3,2,4,2
2733,1,,,0,0,1,,,0,OP3,scripted,OP3,3,1,4,2
2734,1,,,0,0,1,,,0,OP3,scripted,OP3,3,2,4,2
2735,0,,,0,0,1,,,0,OP3,scripted,OP3,3,3,4,2
2736,1,,,0,0,1,,,0,OP3,scripted,OP3,3,2,4,2
2737,0,,,0,0,1,,,0,OP3,scripted,OP3,3,3,4,2
2738,0,,,0,0,1,,,0,OP3,scripted,OP3,1,3,4,2
2739,1,,,0,0,1,,,0,OP3,scripted,OP3,3,2,4,2
2740,1,,,0,0,1,,,0,OP3,scripted,OP3,3,1,4,2
2741,0,,,0,0,1,,,0,OP3,scripted,OP3,1,3,4,2
2742,1,,,0,0,1,,,0,OP3,scripted,OP3,3,2,4,2
2743,0,,,0,0,1,,,0,OP3,scripted,OP3,1,3,4,2
2744,1,,,0,0,1,,,0,OP3,scripted,OP3,3,1,4,2
2745,0,,,0,0,1,,,0,OP3,scripted,OP3,3,3,4,2
2746,1,,,0,0,1,,,0,OP3,scripted,OP3,3,2,4,2
2747,0,,,0,0,1,,,0,OP3,scripted,OP3,2,3,4,2
2748,1,,,0,0,1,,,0,OP3,scripted,OP3,3,2,4,2
2749,0,,,0,0,1,,,0,OP3,scripted,OP3,2,3,4,2
2750,0,,,0,0,1,,,0,OP3,scripted,OP3,2,3,4,2
2751,1,,,0,0,1,,,0,OP3,scripted,OP3,3,2,4,2
2752,0,,,0,0,1,,,0,OP3,scripted,OP3,3,3,4,2
2753,0,,,0,0,1,,,0,OP3,scripted,OP3,3,3,4,2
2754,1,,,0,0,1,,,0,OP3,scripted,OP3,3,2,4,2
2755,0,,,0,0,1,,,0,OP3,scripted,OP3,2,3,4,2
2756,1,,,0,0,1,,,0,OP3,scripted,OP3,3,2,4,2
2757,0,,,0,0,1,,,0,OP3,scripted,OP3,1,3,4,2
2758,0,,,0,0,1,,,0,OP3,scripted,OP3,3,3,4,2
2759,1,,,0,0,1,,,0,OP3,scripted,OP3,3,1,4,2
2760,0,,,0,0,1,,,0,OP3,scripted,OP3,3,3,4,2
2761,0,,,0,0,1,,,0,OP3,scripted,OP3,2,3,4,2
2762,1,,,0,0,1,,,0,OP3,scripted,OP3,3,2,4,2
2763,1,,,0,0,1,,,0,OP3,scripted,OP3,3,1,4,2
2764,1,,,0,0,1,,,0,OP3,scripted,OP3,3,2,4,2
2765,1,,,0,0,1,,,0,OP3,scripted,OP3,3,2,4,2
2766,1,,,0,0,1,,,0,OP3,scripted,OP3,3,2,4,2
2767,0,,,0,0,1,,,0,OP3,scripted,OP3,2,3,4,2
2768,1,,,0,0,1,,,0,OP3,scripted,OP3,3,2,4,2
2769,0,,,0,0,1,,,0,OP3,scripted,OP3,2,3,4,2
2770,0,,,0,0,1,,,0,OP3,scripted,OP3,2,3,4,2
2771,1,,,0,0,1,,,0,OP3,scripted,OP3,3,2,4,2
2772,0,,,0,0,1,,,0,OP3,scripted,OP3,3,3,4,2
2773,0,,,0,0,1,,,0,OP3,scripted,OP3,3,3,4,2
2774,1,,,0,0,1,,,0,OP3,scripted,OP3,3,2,4,2
2775,1,,,0,0,1,,,0,OP3,scripted,OP3,3,2,4,2
2776,0,,,0,0,1,,,0,OP3,scripted,OP3,3,3,4,2
2777,0,,,0,0,1,,,0,OP3,scripted,OP3,2,3,4,2
2778,1,,,0,0,1,,,0,OP3,scripted,OP3,3,1,4,2
2779,0,,,0,0,1,,,0,OP3,scripted,OP3,1,3,4,2
2780,1,,,0,0,1,,,0,OP3,scripted,OP3,3,2,4,2
2781,0,,,0,0,1,,,0,OP3,scripted,OP3,2,3,4,2
2782,1,,,0,0,1,,,0,OP3,scripted,OP3,3,2,4,2
2783,0,,,0,0,1,,,0,OP3,scripted,OP3,2,3,4,2
2784,1,,,0,0,1,,,0,OP3,scripted,OP3,3,2,4,2
2785,1,,,0,0,1,,,0,OP3,scripted,OP3,3,2,4,2
2786,1,,,0,0,1,,,0,OP3,scripted,OP3,3,2,4,2
2787,1,,,0,0,1,,,0,OP3,scripted,OP3,3,2,4,2
2788,1,,,0,0,1,,,0,OP3,scripted,OP3,3,2,4,2
2789,0,,,0,0,1,,,0,OP3,scripted,OP3,2,3,4,2
2790,1,,,0,0,1,,,0,OP3,scripted,OP3,3,1,4,2
2791,1,,,0,0,1,,,0,OP3,scripted,OP3,3,2,4,2
2792,0,,,0,0,1,,,0,OP3,scripted,OP3,2,3,4,2
2793,0,,,0,0,1,,,0,OP3,scripted,OP3,2,3,4,2
2794,1,,,0,0,1,,,0,OP3,scripted,OP3,3,1,4,2
2795,0,,,0,0,1,,,0,OP3,scripted,OP3,2,3,4,2
2796,0,,,0,0,1,,,0,OP3,scripted,OP3,3,3,4,2
2797,1,,,0,0,1,,,0,OP3,scripted,OP3,3,2,4,2
2798,1,,,0,0,1,,,0,OP3,scripted,OP3,3,2,4,2
2799,0,,,0,0,1,,,0,OP3,scripted,OP3,1,3,4,2
2800,0,,,0,0,1,,,0,OP3,scripted,OP3,2,3,4,2
2801,1,,,0,0,1,,,0,OP3,scripted,OP3,3,2,4,2
2802,1,,,0,0,1,,,0,OP3,scripted,OP3,3,2,4,2
2803,0,,,0,0,1,,,0,OP3,scripted,OP3,2,3,4,2
2804,1,,,0,0,1,,,0,OP3,scripted,OP3,3,2,4,2
2805,0,,,0,0,1,,,0,OP3,scripted,OP3,1,3,4,2
2806,0,,,0,0,1,,,0,OP3,scripted,OP3,3,3,4,2
2807,1,,,0,0,1,,,0,OP3,scripted,OP3,3,2,4,2
2808,1,,,0,0,1,,,0,OP3,scripted,OP3,3,2,4,2
2809,1,,,0,0,1,,,0,OP3,scripted,OP3,3,2,4,2
2810,0,,,0,0,1,,,0,OP3,scripted,OP3,1,3,4,2
2811,1,,,0,0,1,,,0,OP3,scripted,OP3,3,2,4,2
2812,0,,,0,0,1,,,0,OP3,scripted,OP3,3,3,4,2
2813,1,,,0,0,1,,,0,OP3,scripted,OP3,3,2,4,2
2814,1,,,0,0,1,,,0,OP3,scripted,OP3,3,2,4,2
2815,1,,,0,0,1,,,0,OP3,scripted,OP3,3,2,4,2
2816,0,,,0,0,1,,,0,OP3,scripted,OP3,2,3,4,2
2817,1,,,0,0,1,,,0,OP3,scripted,OP3,3,2,4,2
2818,0,,,0,0,1,,,0,OP3,scripted,OP3,2,3,4,2
2819,0,,,0,0,1,,,0,OP3,scripted,OP3,2,3,4,2
2820,1,,,0,0,1,,,0,OP3,scripted,OP3,3,2,4,2
2821,0,,,0,0,1,,,0,OP3,scripted,OP3,3,3,4,2
2822,0,,,0,0,1,,,0,OP3,scripted,OP3,2,3,4,2
2823,0,,,0,0,1,,,0,OP3,scripted,OP3,3,3,4,2
2824,1,,,0,0,1,,,0,OP3,scripted,OP3,3,2,4,2
2825,0,,,0,0,1,,,0,OP3,scripted,OP3,2,3,4,2
2826,0,,,0,0,1,,,0,OP3,scripted,OP3,2,3,4,2
2827,1,,,0,0,1,,,0,OP3,scripted,OP3,3,2,4,2
2828,0,,,0,0,1,,,0,OP3,scripted,OP3,3,3,4,2
2829,0,,,0,0,1,,,0,OP3,scripted,OP3,3,3,4,2
2830,0,,,0,0,1,,,0,OP3,scripted,OP3,2,3,4,2
2831,1,,,0,0,1,,,0,OP3,scripted,OP3,3,2,4,2
2832,0,,,0,0,1,,,0,OP3,scripted,OP3,3,3,4,2
2833,1,,,0,0,1,,,0,OP3,scripted,OP3,3,2,4,2
2834,1,,,0,0,1,,,0,OP3,scripted,OP3,3,2,4,2
2835,0,,,0,0,1,,,0,OP3,scripted,OP3,2,3,4,2
2836,0,,,0,0,1,,,0,OP3,scripted,OP3,3,3,4,2
2837,1,,,0,0,1,,,0,OP3,scripted,OP3,3,2,4,2
2838,1,,,0,0,1,,,0,OP3,scripted,OP3,3,2,4,2
2839,0,,,0,0,1,,,0,OP3,scripted,OP3,3,3,4,2
2840,1,,,0,0,1,,,0,OP3,scripted,OP3,3,2,4,2
2841,1,,,0,0,1,,,0,OP3,scripted,OP3,3,2,4,2
2842,1,,,0,0,1,,,0,OP3,scripted,OP3,3,2,4,2
2843,0,,,0,0,1,,,0,OP3,scripted,OP3,2,3,4,2
2844,0,,,0,0,1,,,0,OP3,scripted,OP3,2,3,4,2
2845,0,,,0,0,1,,,0,OP3,scripted,OP3,2,3,4,2
2846,0,,,0,0,1,,,0,OP3,scripted,OP3,3,3,4,2
2847,1,,,0,0,1,,,0,OP3,scripted,OP3,3,2,4,2
2848,1,,,0,0,1,,,0,OP3,scripted,OP3,3,2,4,2
2849,1,,,0,0,1,,,0,OP3,scripted,OP3,3,2,4,2
2850,1,,,0,0,1,,,0,OP3,scripted,OP3,3,2,4,2
2851,0,,,0,0,1,,,0,OP3,scripted,OP3,3,3,4,2
2852,0,,,0,0,1,,,0,OP3,scripted,OP3,2,3,4,2
2853,1,,,0,0,1,,,0,OP3,scripted,OP3,3,2,4,2
2854,1,,,0,0,1,,,0,OP3,scripted,OP3,3,2,4,2
2855,0,,,0,0,1,,,0,OP3,scripted,OP3,3,3,4,2
2856,1,,,0,0,1,,,0,OP3,scripted,OP3,3,1,4,2
2857,0,,,0,0,1,,,0,OP3,scripted,OP3,3,3,4,2
2858,1,,,0,0,1,,,0,OP3,scripted,OP3,3,2,4,2
2859,1,,,0,0,1,,,0,OP3,scripted,OP3,3,2,4,2
2860,1,,,0,0,1,,,0,OP3,scripted,OP3,3,1,4,2
2861,0,,,0,0,1,,,0,OP3,scripted,OP3,2,3,4,2
2862,1,,,0,0,1,,,0,OP3,scripted,OP3,3,2,4,2
2863,1,,,0,0,1,,,0,OP3,scripted,OP3,3,2,4,2
2864,0,,,0,0,1,,,0,OP3,scripted,OP3,2,3,4,2
2865,0,,,0,0,1,,,0,OP3,scripted,OP3,2,3,4,2
2866,0,,,0,0,1,,,0,OP3,scripted,OP3,2,3,4,2
2867,1,,,0,0,1,,,0,OP3,scripted,OP3,3,2,4,2
2868,0,,,0,0,1,,,0,OP3,scripted,OP3,3,3,4,2
2869,1,,,0,0,1,,,0,OP3,scripted,OP3,3,2,4,2
2870,1,,,0,0,1,,,0,OP3,scripted,OP3,3,2,4,2
2871,1,,,0,0,1,,,0,OP3,scripted,OP3,3,2,4,2
2872,0,,,0,0,1,,,0,OP3,scripted,OP3,3,3,4,2
2873,1,,,0,0,1,,,0,OP3,scripted,OP3,3,2,4,2
2874,0,,,0,0,1,,,0,OP3,scripted,OP3,2,3,4,2
2875,0,,,0,0,1,,,0,OP3,scripted,OP3,2,3,4,2
2876,1,,,0,0,1,,,0,OP3,scripted,OP3,3,1,4,2
2877,1,,,0,0,1,,,0,OP3,scripted,OP3,3,2,4,2
2878,0,,,0,0,1,,,0,OP3,scripted,OP3,2,3,4,2
2879,0,,,0,0,1,,,0,OP3,scripted,OP3,2,3,4,2
2880,0,,,0,0,1,,,0,OP3,scripted,OP3,2,3,4,2
2881,0,,,0,0,1,,,0,OP3,scripted,OP3,2,3,4,2
2882,1,,,0,0,1,,,0,OP3,scripted,OP3,3,2,4,2
2883,0,,,0,0,1,,,0,OP3,scripted,OP3,2,3,4,2
2884,1,,,0,0,1,,,0,OP3,scripted,OP3,3,2,4,2
2885,0,,,0,0,1,,,0,OP3,scripted,OP3,2,3,4,2
2886,0,,,0,0,1,,,0,OP3,scripted,OP3,3,3,4,2
2887,0,,,0,0,1,,,0,OP3,scripted,OP3,2,3,4,2
2888,0,,,0,0,1,,,0,OP3,scripted,OP3,2,3,4,2
2889,1,,,0,0,1,,,0,OP3,scripted,OP3,3,2,4,2
2890,1,,,0,0,1,,,0,OP3,scripted,OP3,3,2,4,2
2891,0,,,0,0,1,,,0,OP3,scripted,OP3,3,3,4,2
2892,1,,,0,0,1,,,0,OP3,scripted,OP3,3,2,4,2
2893,1,,,0,0,1,,,0,OP3,scripted,OP3,3,1,4,2
2894,1,,,0,0,1,,,0,OP3,scripted,OP3,3,2,4,2
2895,0,,,0,0,1,,,0,OP3,scripted,OP3,2,3,4,2
2896,0,,,0,0,1,,,0,OP3,scripted,OP3,2,3,4,2
2897,1,,,0,0,1,,,0,OP3,scripted,OP3,3,2,4,2
2898,1,,,0,0,1,,,0,OP3,scripted,OP3,3,1,4,2
2899,0,,,0,0,1,,,0,OP3,scripted,OP3,2,3,4,2
2900,1,,,0,0,1,,,0,OP3,scripted,OP3,3,2,4,2
2901,1,,,0,0,1,,,0,OP3,scripted,OP3,3,1,4,2
2902,1,,,0,0,1,,,0,OP3,scripted,OP3,3,2,4,2
2903,0,,,0,0,1,,,0,OP3,scripted,OP3,2,3,4,2
2904,1,,,0,0,1,,,0,OP3,scripted,OP3,3,1,4,2
2905,1,,,0,0,1,,,0,OP3,scripted,OP3,3,2,4,2
2906,1,,,0,0,1,,,0,OP3,scripted,OP3,3,2,4,2
2907,0,,,0,0,1,,,0,OP3,scripted,OP3,1,3,4,2
2908,0,,,0,0,1,,,0,OP3,scripted,OP3,2,3,4,2
2909,0,,,0,0,1,,,0,OP3,scripted,OP3,3,3,4,2
2910,1,,,0,0,1,,,0,OP3,scripted,OP3,3,2,4,2
2911,0,,,0,0,1,,,0,OP3,scripted,OP3,3,3,4,2
2912,0,,,0,0,1,,,0,OP3,scripted,OP3,2,3,4,2
2913,1,,,0,0,1,,,0,OP3,scripted,OP3,3,2,4,2
2914,1,,,0,0,1,,,0,OP3,scripted,OP3,3,2,4,2
2915,0,,,0,0,1,,,0,OP3,scripted,OP3,2,3,4,2
2916,1,,,0,0,1,,,0,OP3,scripted,OP3,3,2,4,2
2917,0,,,0,0,1,,,0,OP3,scripted,OP3,2,3,4,2
2918,1,,,0,0,1,,,0,OP3,scripted,OP3,3,2,4,2
2919,0,,,0,0,1,,,0,OP3,scripted,OP3,2,3,4,2
2920,1,,,0,0,1,,,0,OP3,scripted,OP3,3,1,4,2
2921,1,,,0,0,1,,,0,OP3,scripted,OP3,3,2,4,2
2922,1,,,0,0,1,,,0,OP3,scripted,OP3,3,2,4,2
2923,0,,,0,0,1,,,0,OP3,scripted,OP3,1,3,4,2
2924,1,,,0,0,1,,,0,OP3,scripted,OP3,3,2,4,2
2925,1,,,0,0,1,,,0,OP3,scripted,OP3,3,2,4,2
2926,1,,,0,0,1,,,0,OP3,scripted,OP3,3,1,4,2
2927,1,,,0,0,1,,,0,OP3,scripted,OP3,3,2,4,2
2928,0,,,0,0,1,,,0,OP3,scripted,OP3,3,3,4,2
2929,1,,,0,0,1,,,0,OP3,scripted,OP3,3,2,4,2
2930,0,,,0,0,1,,,0,OP3,scripted,OP3,2,3,4,2
2931,1,,,0,0,1,,,0,OP3,scripted,OP3,3,2,4,2
2932,0,,,0,0,1,,,0,OP3,scripted,OP3,2,3,4,2
2933,1,,,0,0,1,,,0,OP3,scripted,OP3,3,2,4,2
2934,1,,,0,0,1,,,0,OP3,scripted,OP3,3,1,4,2
2935,1,,,0,0,1,,,0,OP3,scripted,OP3,3,2,4,2
2936,0,,,0,0,1,,,0,OP3,scripted,OP3,2,3,4,2
2937,0,,,0,0,1,,,0,OP3,scripted,OP3,2,3,4,2
2938,0,,,0,0,1,,,0,OP3,scripted,OP3,3,3,4,2
2939,1,,,0,0,1,,,0,OP3,scripted,OP3,3,2,4,2
2940,0,,,0,0,1,,,0,OP3,scripted,OP3,3,3,4,2
2941,0,,,0,0,1,,,0,OP3,scripted,OP3,2,3,4,2
2942,1,,,0,0,1,,,0,OP3,scripted,OP3,3,2,4,2
2943,0,,,0,0,1,,,0,OP3,scripted,OP3,3,3,4,2
2944,1,,,0,0,1,,,0,OP3,scripted,OP3,3,2,4,2
2945,1,,,0,0,1,,,0,OP3,scripted,OP3,3,2,4,2
2946,0,,,0,0,1,,,0,OP3,scripted,OP3,3,3,4,2
2947,1,,,0,0,1,,,0,OP3,scripted,OP3,3,2,4,2
2948,0,,,0,0,1,,,0,OP3,scripted,OP3,2,3,4,2
2949,1,,,0,0,1,,,0,OP3,scripted,OP3,3,2,4,2
2950,0,,,0,0,1,,,0,OP3,scripted,OP3,2,3,4,2
2951,0,,,0,0,1,,,0,OP3,scripted,OP3,1,3,4,2
2952,1,,,0,0,1,,,0,OP3,scripted,OP3,3,2,4,2
2953,0,,,0,0,1,,,0,OP3,scripted,OP3,2,3,4,2
2954,0,,,0,0,1,,,0,OP3,scripted,OP3,2,3,4,2
2955,0,,,0,0,1,,,0,OP3,scripted,OP3,2,3,4,2
2956,0,,,0,0,1,,,0,OP3,scripted,OP3,2,3,4,2
2957,0,,,0,0,1,,,0,OP3,scripted,OP3,2,3,4,2
2958,0,,,0,0,1,,,0,OP3,scripted,OP3,2,3,4,2
2959,1,,,0,0,1,,,0,OP3,scripted,OP3,3,2,4,2
2960,0,,,0,0,1,,,0,OP3,scripted,OP3,2,3,4,2
2961,1,,,0,0,1,,,0,OP3,scripted,OP3,3,2,4,2
2962,1,,,0,0,1,,,0,OP3,scripted,OP3,3,2,4,2
2963,1,,,0,0,1,,,0,OP3,scripted,OP3,3,1,4,2
2964,1,,,0,0,1,,,0,OP3,scripted,OP3,3,2,4,2
2965,1,,,0,0,1,,,0,OP3,scripted,OP3,3,2,4,2
2966,0,,,0,0,1,,,0,OP3,scripted,OP3,2,3,4,2
2967,0,,,0,0,1,,,0,OP3,scripted,OP3,3,3,4,2
2968,1,,,0,0,1,,,0,OP3,scripted,OP3,3,1,4,2
2969,1,,,0,0,1,,,0,OP3,scripted,OP3,3,2,4,2
2970,0,,,0,0,1,,,0,OP3,scripted,OP3,2,3,4,2
2971,1,,,0,0,1,,,0,OP3,scripted,OP3,3,1,4,2
2972,0,,,0,0,1,,,0,OP3,scripted,OP3,3,3,4,2
2973,1,,,0,0,1,,,0,OP3,scripted,OP3,3,2,4,2
2974,0,,,0,0,1,,,0,OP3,scripted,OP3,2,3,4,2
2975,0,,,0,0,1,,,0,OP3,scripted,OP3,2,3,4,2
2976,1,,,0,0,1,,,0,OP3,scripted,OP3,3,2,4,2
2977,0,,,0,0,1,,,0,OP3,scripted,OP3,2,3,4,2
2978,0,,,0,0,1,,,0,OP3,scripted,OP3,3,3,4,2
2979,0,,,0,0,1,,,0,OP3,scripted,OP3,3,3,4,2
2980,0,,,0,0,1,,,0,OP3,scripted,OP3,2,3,4,2
2981,1,,,0,0,1,,,0,OP3,scripted,OP3,3,2,4,2
2982,0,,,0,0,1,,,0,OP3,scripted,OP3,3,3,4,2
2983,0,,,0,0,1,,,0,OP3,scripted,OP3,2,3,4,2
2984,1,,,0,0,1,,,0,OP3,scripted,OP3,3,2,4,2
2985,1,,,0,0,1,,,0,OP3,scripted,OP3,3,2,4,2
2986,1,,,0,0,1,,,0,OP3,scripted,OP3,3,2,4,2
2987,0,,,0,0,1,,,0,OP3,scripted,OP3,2,3,4,2
2988,0,,,0,0,1,,,0,OP3,scripted,OP3,2,3,4,2
2989,1,,,0,0,1,,,0,OP3,scripted,OP3,3,2,4,2
2990,1,,,0,0,1,,,0,OP3,scripted,OP3,3,1,4,2
2991,0,,,0,0,1,,,0,OP3,scripted,OP3,2,3,4,2
2992,1,,,0,0,1,,,0,OP3,scripted,OP3,3,2,4,2
2993,0,,,0,0,1,,,0,OP3,scripted,OP3,2,3,4,2
2994,0,,,0,0,1,,,0,OP3,scripted,OP3,3,3,4,2
2995,0,,,0,0,1,,,0,OP3,scripted,OP3,3,3,4,2
2996,0,,,0,0,1,,,0,OP3,scripted,OP3,2,3,4,2
2997,1,,,0,0,1,,,0,OP3,scripted,OP3,3,2,4,2
2998,0,,,0,0,1,,,0,OP3,scripted,OP3,2,3,4,2
2999,0,,,0,0,1,,,0,OP3,scripted,OP3,3,3,4,2
3000,0,,,0,0,1,,,0,OP3,scripted,OP3,3,3,4,2
3001,0,,,0,0,1,,,0,OP3,scripted,OP3,2,3,4,2
3002,0,,,0,0,1,,,0,OP3,scripted,OP3,1,3,4,2
3003,1,,,0,0,1,,,0,OP3,scripted,OP3,3,2,4,2
3004,0,,,0,0,1,,,0,OP3,scripted,OP3,2,3,4,2
3005,1,,,0,0,1,,,0,OP3,scripted,OP3,3,2,4,2
3006,1,,,0,0,1,,,0,OP3,scripted,OP3,3,2,4,2
3007,0,,,0,0,1,,,0,OP3,scripted,OP3,2,3,4,2
3008,0,,,0,0,1,,,0,OP3,scripted,OP3,2,3,4,2
3009,0,,,0,0,1,,,0,OP3,scripted,OP3,2,3,4,2
3010,1,,,0,0,1,,,0,OP3,scripted,OP3,3,2,4,2
3011,0,,,0,0,1,,,0,OP3,scripted,OP3,2,3,4,2
3012,1,,,0,0,1,,,0,OP3,scripted,OP3,3,2,4,2
3013,1,,,0,0,1,,,0,OP3,scripted,OP3,3,2,4,2
3014,1,,,0,0,1,,,0,OP3,scripted,OP3,3,2,4,2
3015,0,,,0,0,1,,,0,OP3,scripted,OP3,2,3,4,2
3016,1,,,0,0,1,,,0,OP3,scripted,OP3,3,2,4,2
3017,1,,,0,0,1,,,0,OP3,scripted,OP3,3,0,4,2
3018,1,,,0,0,1,,,0,OP3,scripted,OP3,3,2,4,2
3019,1,,,0,0,1,,,0,OP3,scripted,OP3,3,2,4,2
3020,1,,,0,0,1,,,0,OP3,scripted,OP3,3,2,4,2
3021,1,,,0,0,1,,,0,OP3,scripted,OP3,3,2,4,2
3022,1,,,0,0,1,,,0,OP3,scripted,OP3,3,2,4,2
3023,1,,,0,0,1,,,0,OP3,scripted,OP3,3,2,4,2
3024,0,,,0,0,1,,,0,OP3,scripted,OP3,2,3,4,2
3025,1,,,0,0,1,,,0,OP3,scripted,OP3,3,2,4,2
3026,1,,,0,0,1,,,0,OP3,scripted,OP3,3,2,4,2
3027,1,,,0,0,1,,,0,OP3,scripted,OP3,3,2,4,2
3028,1,,,0,0,1,,,0,OP3,scripted,OP3,3,2,4,2
3029,0,,,0,0,1,,,0,OP3,scripted,OP3,2,3,4,2
3030,1,,,0,0,1,,,0,OP3,scripted,OP3,3,2,4,2
3031,0,,,0,0,1,,,0,OP3,scripted,OP3,2,3,4,2
3032,0,,,0,0,1,,,0,OP3,scripted,OP3,3,3,4,2
3033,0,,,0,0,1,,,0,OP3,scripted,OP3,3,3,4,2
3034,1,,,0,0,1,,,0,OP3,scripted,OP3,3,2,4,2
3035,1,,,0,0,1,,,0,OP3,scripted,OP3,3,2,4,2
3036,0,,,0,0,1,,,0,OP3,scripted,OP3,3,3,4,2
3037,0,,,0,0,1,,,0,OP3,scripted,OP3,3,3,4,2
3038,1,,,0,0,1,,,0,OP3,scripted,OP3,3,2,4,2
3039,1,,,0,0,1,,,0,OP3,scripted,OP3,3,2,4,2
3040,1,,,0,0,1,,,0,OP3,scripted,OP3,3,2,4,2
3041,0,,,0,0,1,,,0,OP3,scripted,OP3,2,3,4,2
3042,1,,,0,0,1,,,0,OP3,scripted,OP3,3,2,4,2
3043,1,,,0,0,1,,,0,OP3,scripted,OP3,3,2,4,2
3044,0,,,0,0,1,,,0,OP3,scripted,OP3,2,3,4,2
3045,0,,,0,0,1,,,0,OP3,scripted,OP3,3,3,4,2
3046,1,,,0,0,1,,,0,OP3,scripted,OP3,3,2,4,2
3047,0,,,0,0,1,,,0,OP3,scripted,OP3,2,3,4,2
3048,1,,,0,0,1,,,0,OP3,scripted,OP3,3,2,4,2
3049,1,,,0,0,1,,,0,OP3,scripted,OP3,3,2,4,2
3050,0,,,0,0,1,,,0,OP3,scripted,OP3,2,3,4,2
3051,1,,,0,0,1,,,0,OP3,scripted,OP3,3,2,4,2
3052,1,,,0,0,1,,,0,OP3,scripted,OP3,3,2,4,2
3053,1,,,0,0,1,,,0,OP3,scripted,OP3,3,2,4,2
3054,0,,,0,0,1,,,0,OP3,scripted,OP3,2,3,4,2
3055,1,,,0,0,1,,,0,OP3,scripted,OP3,3,2,4,2
3056,1,,,0,0,1,,,0,OP3,scripted,OP3,3,2,4,2
3057,0,,,0,0,1,,,0,OP3,scripted,OP3,2,3,4,2
3058,1,,,0,0,1,,,0,OP3,scripted,OP3,3,2,4,2
3059,0,,,0,0,1,,,0,OP3,scripted,OP3,2,3,4,2
3060,1,,,0,0,1,,,0,OP3,scripted,OP3,3,2,4,2
3061,1,,,0,0,1,,,0,OP3,scripted,OP3,3,2,4,2
3062,0,,,0,0,1,,,0,OP3,scripted,OP3,2,3,4,2
3063,0,,,0,0,1,,,0,OP3,scripted,OP3,2,3,4,2
3064,1,,,0,0,1,,,0,OP3,scripted,OP3,3,2,4,2
3065,1,,,0,0,1,,,0,OP3,scripted,OP3,3,2,4,2
3066,1,,,0,0,1,,,0,OP3,scripted,OP3,3,2,4,2
3067,0,,,0,0,1,,,0,OP3,scripted,OP3,2,3,4,2
3068,1,,,0,0,1,,,0,OP3,scripted,OP3,3,2,4,2
3069,1,,,0,0,1,,,0,OP3,scripted,OP3,3,2,4,2
3070,1,,,0,0,1,,,0,OP3,scripted,OP3,3,2,4,2
3071,1,,,0,0,1,,,0,OP3,scripted,OP3,3,1,4,2
3072,0,,,0,0,1,,,0,OP3,scripted,OP3,2,3,4,2
3073,0,,,0,0,1,,,0,OP3,scripted,OP3,2,3,4,2
3074,1,,,0,0,1,,,0,OP3,scripted,OP3,3,2,4,2
3075,0,,,0,0,1,,,0,OP3,scripted,OP3,3,3,4,2
3076,0,,,0,0,1,,,0,OP3,scripted,OP3,3,3,4,2
3077,0,,,0,0,1,,,0,OP3,scripted,OP3,3,3,4,2
3078,0,,,0,0,1,,,0,OP3,scripted,OP3,2,3,4,2
3079,0,,,0,0,1,,,0,OP3,scripted,OP3,2,3,4,2
3080,1,,,0,0,1,,,0,OP3,scripted,OP3,3,2,4,2
3081,0,,,0,0,1,,,0,OP3,scripted,OP3,2,3,4,2
3082,1,,,0,0,1,,,0,OP3,scripted,OP3,3,2,4,2
3083,1,,,0,0,1,,,0,OP3,scripted,OP3,3,2,4,2
3084,1,,,0,0,1,,,0,OP3,scripted,OP3,3,2,4,2
3085,1,,,0,0,1,,,0,OP3,scripted,OP3,3,1,4,2
3086,1,,,0,0,1,,,0,OP3,scripted,OP3,3,1,4,2
3087,0,,,0,0,1,,,0,OP3,scripted,OP3,2,3,4,2
3088,0,,,0,0,1,,,0,OP3,scripted,OP3,2,3,4,2
3089,1,,,0,0,1,,,0,OP3,scripted,OP3,3,2,4,2
3090,1,,,0,0,1,,,0,OP3,scripted,OP3,3,2,4,2
3091,1,,,0,0,1,,,0,OP3,scripted,OP3,3,2,4,2
3092,0,,,0,0,1,,,0,OP3,scripted,OP3,3,3,4,2
3093,1,,,0,0,1,,,0,OP3,scripted,OP3,3,2,4,2
3094,0,,,0,0,1,,,0,OP3,scripted,OP3,2,3,4,2
3095,0,,,0,0,1,,,0,OP3,scripted,OP3,3,3,4,2
3096,0,,,0,0,1,,,0,OP3,scripted,OP3,3,3,4,2
3097,0,,,0,0,1,,,0,OP3,scripted,OP3,2,3,4,2
3098,0,,,0,0,1,,,0,OP3,scripted,OP3,2,3,4,2
3099,0,,,0,0,1,,,0,OP3,scripted,OP3,2,3,4,2
3100,1,,,0,0,1,,,0,OP3,scripted,OP3,3,2,4,2
3101,0,,,0,0,1,,,0,OP3,scripted,OP3,2,3,4,2
3102,1,,,0,0,1,,,0,OP3,scripted,OP3,3,2,4,2
3103,0,,,0,0,1,,,0,OP3,scripted,OP3,3,3,4,2
3104,1,,,0,0,1,,,0,OP3,scripted,OP3,3,2,4,2
3105,1,,,0,0,1,,,0,OP3,scripted,OP3,3,2,4,2
3106,0,,,0,0,1,,,0,OP3,scripted,OP3,1,3,4,2
3107,1,,,0,0,1,,,0,OP3,scripted,OP3,3,2,4,2
3108,0,,,0,0,1,,,0,OP3,scripted,OP3,3,3,4,2
3109,0,,,0,0,1,,,0,OP3,scripted,OP3,2,3,4,2
3110,0,,,0,0,1,,,0,OP3,scripted,OP3,2,3,4,2
3111,0,,,0,0,1,,,0,OP3,scripted,OP3,3,3,4,2
3112,1,,,0,0,1,,,0,OP3,scripted,OP3,3,2,4,2
3113,0,,,0,0,1,,,0,OP3,scripted,OP3,2,3,4,2
3114,0,,,0,0,1,,,0,OP3,scripted,OP3,2,3,4,2
3115,1,,,0,0,1,,,0,OP3,scripted,OP3,3,2,4,2
3116,1,,,0,0,1,,,0,OP3,scripted,OP3,3,1,4,2
3117,1,,,0,0,1,,,0,OP3,scripted,OP3,3,2,4,2
3118,1,,,0,0,1,,,0,OP3,scripted,OP3,3,2,4,2
3119,0,,,0,0,1,,,0,OP3,scripted,OP3,2,3,4,2
3120,0,,,0,0,1,,,0,OP3,scripted,OP3,2,3,4,2
3121,0,,,0,0,1,,,0,OP3,scripted,OP3,2,3,4,2
3122,1,,,0,0,1,,,0,OP3,scripted,OP3,3,2,4,2
3123,1,,,0,0,1,,,0,OP3,scripted,OP3,3,2,4,2
3124,1,,,0,0,1,,,0,OP3,scripted,OP3,3,2,4,2
3125,0,,,0,0,1,,,0,OP3,scripted,OP3,2,3,4,2
3126,1,,,0,0,1,,,0,OP3,scripted,OP3,3,2,4,2
3127,0,,,0,0,1,,,0,OP3,scripted,OP3,2,3,4,2
3128,1,,,0,0,1,,,0,OP3,scripted,OP3,3,2,4,2
3129,0,,,0,0,1,,,0,OP3,scripted,OP3,1,3,4,2
3130,1,,,0,0,1,,,0,OP3,scripted,OP3,3,2,4,2
3131,1,,,0,0,1,,,0,OP3,scripted,OP3,3,2,4,2
3132,1,,,0,0,1,,,0,OP3,scripted,OP3,3,1,4,2
3133,0,,,0,0,1,,,0,OP3,scripted,OP3,2,3,4,2
3134,1,,,0,0,1,,,0,OP3,scripted,OP3,3,2,4,2
3135,1,,,0,0,1,,,0,OP3,scripted,OP3,3,1,4,2
3136,0,,,0,0,1,,,0,OP3,scripted,OP3,2,3,4,2
3137,0,,,0,0,1,,,0,OP3,scripted,OP3,1,3,4,2
3138,0,,,0,0,1,,,0,OP3,scripted,OP3,1,3,4,2
3139,0,,,0,0,1,,,0,OP3,scripted,OP3,2,3,4,2
3140,1,,,0,0,1,,,0,OP3,scripted,OP3,3,2,4,2
3141,1,,,0,0,1,,,0,OP3,scripted,OP3,3,2,4,2
3142,0,,,0,0,1,,,0,OP3,scripted,OP3,2,3,4,2
3143,1,,,0,0,1,,,0,OP3,scripted,OP3,3,2,4,2
3144,1,,,0,0,1,,,0,OP3,scripted,OP3,3,2,4,2
3145,1,,,0,0,1,,,0,OP3,scripted,OP3,3,2,4,2
3146,0,,,0,0,1,,,0,OP3,scripted,OP3,2,3,4,2
3147,1,,,0,0,1,,,0,OP3,scripted,OP3,3,2,4,2
3148,1,,,0,0,1,,,0,OP3,scripted,OP3,3,2,4,2
3149,0,,,0,0,1,,,0,OP3,scripted,OP3,2,3,4,2
3150,0,,,0,0,1,,,0,OP3,scripted,OP3,2,3,4,2
3151,0,,,0,0,1,,,0,OP3,scripted,OP3,2,3,4,2
3152,0,,,0,0,1,,,0,OP3,scripted,OP3,2,3,4,2
3153,0,,,0,0,1,,,0,OP3,scripted,OP3,2,3,4,2
3154,0,,,0,0,1,,,0,OP3,scripted,OP3,2,3,4,2
3155,1,,,0,0,1,,,0,OP3,scripted,OP3,3,1,4,2
3156,1,,,0,0,1,,,0,OP3,scripted,OP3,3,2,4,2
3157,1,,,0,0,1,,,0,OP3,scripted,OP3,3,2,4,2
3158,1,,,0,0,1,,,0,OP3,scripted,OP3,3,2,4,2
3159,1,,,0,0,1,,,0,OP3,scripted,OP3,3,2,4,2
3160,0,,,0,0,1,,,0,OP3,scripted,OP3,2,3,4,2
3161,1,,,0,0,1,,,0,OP3,scripted,OP3,3,2,4,2
3162,1,,,0,0,1,,,0,OP3,scripted,OP3,3,2,4,2
3163,0,,,0,0,1,,,0,OP3,scripted,OP3,3,3,4,2
3164,1,,,0,0,1,,,0,OP3,scripted,OP3,3,2,4,2
3165,0,,,0,0,1,,,0,OP3,scripted,OP3,2,3,4,2
3166,1,,,0,0,1,,,0,OP3,scripted,OP3,3,2,4,2
3167,1,,,0,0,1,,,0,OP3,scripted,OP3,3,2,4,2
3168,1,,,0,0,1,,,0,OP3,scripted,OP3,3,2,4,2
3169,0,,,0,0,1,,,0,OP3,scripted,OP3,3,3,4,2
3170,1,,,0,0,1,,,0,OP3,scripted,OP3,3,2,4,2
3171,0,,,0,0,1,,,0,OP3,scripted,OP3,2,3,4,2
3172,0,,,0,0,1,,,0,OP3,scripted,OP3,2,3,4,2
3173,1,,,0,0,1,,,0,OP3,scripted,OP3,3,2,4,2
3174,1,,,0,0,1,,,0,OP3,scripted,OP3,3,2,4,2
3175,0,,,0,0,1,,,0,OP3,scripted,OP3,1,3,4,2
3176,0,,,0,0,1,,,0,OP3,scripted,OP3,3,3,4,2
3177,0,,,0,0,1,,,0,OP3,scripted,OP3,2,3,4,2
3178,1,,,0,0,1,,,0,OP3,scripted,OP3,3,2,4,2
3179,1,,,0,0,1,,,0,OP3,scripted,OP3,3,2,4,2
3180,0,,,0,0,1,,,0,OP3,scripted,OP3,3,3,4,2
3181,1,,,0,0,1,,,0,OP3,scripted,OP3,3,2,4,2
3182,1,,,0,0,1,,,0,OP3,scripted,OP3,3,2,4,2
3183,1,,,0,0,1,,,0,OP3,scripted,OP3,3,2,4,2
3184,0,,,0,0,1,,,0,OP3,scripted,OP3,2,3,4,2
3185,1,,,0,0,1,,,0,OP3,scripted,OP3,3,2,4,2
3186,1,,,0,0,1,,,0,OP3,scripted,OP3,3,1,4,2
3187,1,,,0,0,1,,,0,OP3,scripted,OP3,3,2,4,2
3188,0,,,0,0,1,,,0,OP3,scripted,OP3,2,3,4,2
3189,1,,,0,0,1,,,0,OP3,scripted,OP3,3,1,4,2
3190,1,,,0,0,1,,,0,OP3,scripted,OP3,3,0,4,2
3191,1,,,0,0,1,,,0,OP3,scripted,OP3,3,2,4,2
3192,0,,,0,0,1,,,0,OP3,scripted,OP3,2,3,4,2
3193,0,,,0,0,1,,,0,OP3,scripted,OP3,2,3,4,2
3194,0,,,0,0,1,,,0,OP3,scripted,OP3,2,3,4,2
3195,1,,,0,0,1,,,0,OP3,scripted,OP3,3,2,4,2
3196,0,,,0,0,1,,,0,OP3,scripted,OP3,2,3,4,2
3197,1,,,0,0,1,,,0,OP3,scripted,OP3,3,2,4,2
3198,0,,,0,0,1,,,0,OP3,scripted,OP3,2,3,4,2
3199,0,,,0,0,1,,,0,OP3,scripted,OP3,2,3,4,2
3200,0,,,0,0,1,,,0,OP3,scripted,OP3,3,3,4,2
3201,0,,,0,0,1,,,0,OP3,scripted,OP3,2,3,4,2
3202,0,,,0,0,1,,,0,OP3,scripted,OP3,2,3,4,2
3203,0,,,0,0,1,,,0,OP3,scripted,OP3,2,3,4,2
3204,0,,,0,0,1,,,0,OP3,scripted,OP3,3,3,4,2
3205,1,,,0,0,1,,,0,OP3,scripted,OP3,3,2,4,2
3206,1,,,0,0,1,,,0,OP3,scripted,OP3,3,2,4,2
3207,1,,,0,0,1,,,0,OP3,scripted,OP3,3,2,4,2
3208,1,,,0,0,1,,,0,OP3,scripted,OP3,3,2,4,2
3209,1,,,0,0,1,,,0,OP3,scripted,OP3,3,2,4,2
3210,1,,,0,0,1,,,0,OP3,scripted,OP3,3,2,4,2
3211,0,,,0,0,1,,,0,OP3,scripted,OP3,2,3,4,2
3212,1,,,0,0,1,,,0,OP3,scripted,OP3,3,1,4,2
3213,0,,,0,0,1,,,0,OP3,scripted,OP3,3,3,4,2
3214,0,,,0,0,1,,,0,OP3,scripted,OP3,2,3,4,2
3215,0,,,0,0,1,,,0,OP3,scripted,OP3,3,3,4,2
3216,1,,,0,0,1,,,0,OP3,scripted,OP3,3,2,4,2
3217,1,,,0,0,1,,,0,OP3,scripted,OP3,3,2,4,2
3218,1,,,0,0,1,,,0,OP3,scripted,OP3,3,2,4,2
3219,1,,,0,0,1,,,0,OP3,scripted,OP3,3,2,4,2
3220,0,,,0,0,1,,,0,OP3,scripted,OP3,2,3,4,2
3221,0,,,0,0,1,,,0,OP3,scripted,OP3,2,3,4,2
3222,0,,,0,0,1,,,0,OP3,scripted,OP3,2,3,4,2
3223,1,,,0,0,1,,,0,OP3,scripted,OP3,3,2,4,2
3224,1,,,0,0,1,,,0,OP3,scripted,OP3,3,2,4,2
3225,0,,,0,0,1,,,0,OP3,scripted,OP3,3,3,4,2
3226,0,,,0,0,1,,,0,OP3,scripted,OP3,2,3,4,2
3227,0,,,0,0,1,,,0,OP3,scripted,OP3,3,3,4,2
3228,1,,,0,0,1,,,0,OP3,scripted,OP3,3,2,4,2
3229,0,,,0,0,1,,,0,OP3,scripted,OP3,2,3,4,2
3230,1,,,0,0,1,,,0,OP3,scripted,OP3,3,2,4,2
3231,1,,,0,0,1,,,0,OP3,scripted,OP3,3,2,4,2
3232,0,,,0,0,1,,,0,OP3,scripted,OP3,2,3,4,2
3233,0,,,0,0,1,,,0,OP3,scripted,OP3,2,3,4,2
3234,1,,,0,0,1,,,0,OP3,scripted,OP3,3,2,4,2
3235,1,,,0,0,1,,,0,OP3,scripted,OP3,3,2,4,2
3236,1,,,0,0,1,,,0,OP3,scripted,OP3,3,2,4,2
3237,1,,,0,0,1,,,0,OP3,scripted,OP3,3,2,4,2
3238,0,,,0,0,1,,,0,OP3,scripted,OP3,3,3,4,2
3239,1,,,0,0,1,,,0,OP3,scripted,OP3,3,2,4,2
3240,1,,,0,0,1,,,0,OP3,scripted,OP3,3,2,4,2
3241,1,,,0,0,1,,,0,OP3,scripted,OP3,3,1,4,2
3242,1,,,0,0,1,,,0,OP3,scripted,OP3,3,2,4,2
3243,0,,,0,0,1,,,0,OP3,scripted,OP3,3,3,4,2
3244,0,,,0,0,1,,,0,OP3,scripted,OP3,2,3,4,2
3245,0,,,0,0,1,,,0,OP3,scripted,OP3,2,3,4,2
3246,1,,,0,0,1,,,0,OP3,scripted,OP3,3,1,4,2
3247,1,,,0,0,1,,,0,OP3,scripted,OP3,3,2,4,2
3248,1,,,0,0,1,,,0,OP3,scripted,OP3,3,2,4,2
3249,1,,,0,0,1,,,0,OP3,scripted,OP3,3,2,4,2
3250,1,,,0,0,1,,,0,OP3,scripted,OP3,3,2,4,2
3251,1,,,0,0,1,,,0,OP3,scripted,OP3,3,2,4,2
3252,1,,,0,0,1,,,0,OP3,scripted,OP3,3,2,4,2
3253,1,,,0,0,1,,,0,OP3,scripted,OP3,3,2,4,2
3254,1,,,0,0,1,,,0,OP3,scripted,OP3,3,2,4,2
3255,1,,,0,0,1,,,0,OP3,scripted,OP3,3,2,4,2
3256,1,,,0,0,1,,,0,OP3,scripted,OP3,3,2,4,2
3257,0,,,0,0,1,,,0,OP3,scripted,OP3,2,3,4,2
3258,0,,,0,0,1,,,0,OP3,scripted,OP3,3,3,4,2
3259,0,,,0,0,1,,,0,OP3,scripted,OP3,2,3,4,2
3260,1,,,0,0,1,,,0,OP3,scripted,OP3,3,2,4,2
3261,1,,,0,0,1,,,0,OP3,scripted,OP3,3,2,4,2
3262,1,,,0,0,1,,,0,OP3,scripted,OP3,3,2,4,2
3263,1,,,0,0,1,,,0,OP3,scripted,OP3,3,1,4,2
3264,1,,,0,0,1,,,0,OP3,scripted,OP3,3,2,4,2
3265,0,,,0,0,1,,,0,OP3,scripted,OP3,2,3,4,2
3266,0,,,0,0,1,,,0,OP3,scripted,OP3,3,3,4,2
3267,1,,,0,0,1,,,0,OP3,scripted,OP3,3,2,4,2
3268,0,,,0,0,1,,,0,OP3,scripted,OP3,2,3,4,2
3269,1,,,0,0,1,,,0,OP3,scripted,OP3,3,2,4,2
3270,0,,,0,0,1,,,0,OP3,scripted,OP3,2,3,4,2
3271,1,,,0,0,1,,,0,OP3,scripted,OP3,3,2,4,2
3272,1,,,0,0,1,,,0,OP3,scripted,OP3,3,1,4,2
3273,0,,,0,0,1,,,0,OP3,scripted,OP3,3,3,4,2
3274,0,,,0,0,1,,,0,OP3,scripted,OP3,3,3,4,2
3275,0,,,0,0,1,,,0,OP3,scripted,OP3,2,3,4,2
3276,0,,,0,0,1,,,0,OP3,scripted,OP3,2,3,4,2
3277,1,,,0,0,1,,,0,OP3,scripted,OP3,3,2,4,2
3278,1,,,0,0,1,,,0,OP3,scripted,OP3,3,2,4,2
3279,0,,,0,0,1,,,0,OP3,scripted,OP3,3,3,4,2
3280,0,,,0,0,1,,,0,OP3,scripted,OP3,2,3,4,2
3281,0,,,0,0,1,,,0,OP3,scripted,OP3,3,3,4,2
3282,0,,,0,0,1,,,0,OP3,scripted,OP3,2,3,4,2
3283,1,,,0,0,1,,,0,OP3,scripted,OP3,3,1,4,2
3284,1,,,0,0,1,,,0,OP3,scripted,OP3,3,2,4,2
3285,0,,,0,0,1,,,0,OP3,scripted,OP3,2,3,4,2
3286,1,,,0,0,1,,,0,OP3,scripted,OP3,3,2,4,2
3287,0,,,0,0,1,,,0,OP3,scripted,OP3,3,3,4,2
3288,1,,,0,0,1,,,0,OP3,scripted,OP3,3,1,4,2
3289,0,,,0,0,1,,,0,OP3,scripted,OP3,2,3,4,2
3290,1,,,0,0,1,,,0,OP3,scripted,OP3,3,2,4,2
3291,1,,,0,0,1,,,0,OP3,scripted,OP3,3,2,4,2
3292,0,,,0,0,1,,,0,OP3,scripted,OP3,2,3,4,2
3293,0,,,0,0,1,,,0,OP3,scripted,OP3,3,3,4,2
3294,0,,,0,0,1,,,0,OP3,scripted,OP3,3,3,4,2
3295,0,,,0,0,1,,,0,OP3,scripted,OP3,2,3,4,2
3296,1,,,0,0,1,,,0,OP3,scripted,OP3,3,2,4,2
3297,1,,,0,0,1,,,0,OP3,scripted,OP3,3,0,4,2
3298,1,,,0,0,1,,,0,OP3,scripted,OP3,3,2,4,2
3299,1,,,0,0,1,,,0,OP3,scripted,OP3,3,2,4,2
3300,1,,,0,0,1,,,0,OP3,scripted,OP3,3,2,4,2
3301,1,,,0,0,1,,,0,OP3,scripted,OP3,3,2,4,2
3302,0,,,0,0,1,,,0,OP3,scripted,OP3,2,3,4,2
3303,1,,,0,0,1,,,0,OP3,scripted,OP3,3,2,4,2
3304,0,,,0,0,1,,,0,OP3,scripted,OP3,3,3,4,2
3305,1,,,0,0,1,,,0,OP3,scripted,OP3,3,2,4,2
3306,0,,,0,0,1,,,0,OP3,scripted,OP3,2,3,4,2
3307,0,,,0,0,1,,,0,OP3,scripted,OP3,2,3,4,2
3308,0,,,0,0,1,,,0,OP3,scripted,OP3,2,3,4,2
3309,0,,,0,0,1,,,0,OP3,scripted,OP3,3,3,4,2
3310,0,,,0,0,1,,,0,OP3,scripted,OP3,2,3,4,2
3311,0,,,0,0,1,,,0,OP3,scripted,OP3,3,3,4,2
3312,1,,,0,0,1,,,0,OP3,scripted,OP3,3,2,4,2
3313,1,,,0,0,1,,,0,OP3,scripted,OP3,3,2,4,2
3314,0,,,0,0,1,,,0,OP3,scripted,OP3,2,3,4,2
3315,1,,,0,0,1,,,0,OP3,scripted,OP3,3,1,4,2
3316,1,,,0,0,1,,,0,OP3,scripted,OP3,3,2,4,2
3317,0,,,0,0,1,,,0,OP3,scripted,OP3,2,3,4,2
3318,0,,,0,0,1,,,0,OP3,scripted,OP3,2,3,4,2
3319,0,,,0,0,1,,,0,OP3,scripted,OP3,3,3,4,2
3320,1,,,0,0,1,,,0,OP3,scripted,OP3,3,2,4,2
3321,0,,,0,0,1,,,0,OP3,scripted,OP3,1,3,4,2
3322,1,,,0,0,1,,,0,OP3,scripted,OP3,3,2,4,2
3323,1,,,0,0,1,,,0,OP3,scripted,OP3,3,2,4,2
3324,0,,,0,0,1,,,0,OP3,scripted,OP3,2,3,4,2
3325,1,,,0,0,1,,,0,OP3,scripted,OP3,3,2,4,2
3326,1,,,0,0,1,,,0,OP3,scripted,OP3,3,2,4,2
3327,0,,,0,0,1,,,0,OP3,scripted,OP3,3,3,4,2
3328,0,,,0,0,1,,,0,OP3,scripted,OP3,2,3,4,2
3329,1,,,0,0,1,,,0,OP3,scripted,OP3,3,1,4,2
3330,1,,,0,0,1,,,0,OP3,scripted,OP3,3,2,4,2
3331,0,,,0,0,1,,,0,OP3,scripted,OP3,2,3,4,2
3332,1,,,0,0,1,,,0,OP3,scripted,OP3,3,2,4,2
3333,1,,,0,0,1,,,0,OP3,scripted,OP3,3,1,4,2
3334,1,,,0,0,1,,,0,OP3,scripted,OP3,3,2,4,2
3335,1,,,0,0,1,,,0,OP3,scripted,OP3,3,2,4,2
3336,1,,,0,0,1,,,0,OP3,scripted,OP3,3,1,4,2
3337,1,,,0,0,1,,,0,OP3,scripted,OP3,3,2,4,2
3338,0,,,0,0,1,,,0,OP3,scripted,OP3,2,3,4,2
3339,1,,,0,0,1,,,0,OP3,scripted,OP3,3,2,4,2
3340,0,,,0,0,1,,,0,OP3,scripted,OP3,3,3,4,2
3341,0,,,0,0,1,,,0,OP3,scripted,OP3,3,3,4,2
3342,1,,,0,0,1,,,0,OP3,scripted,OP3,3,2,4,2
3343,0,,,0,0,1,,,0,OP3,scripted,OP3,2,3,4,2
3344,1,,,0,0,1,,,0,OP3,scripted,OP3,3,2,4,2
3345,1,,,0,0,1,,,0,OP3,scripted,OP3,3,2,4,2
3346,0,,,0,0,1,,,0,OP3,scripted,OP3,2,3,4,2
3347,0,,,0,0,1,,,0,OP3,scripted,OP3,2,3,4,2
3348,1,,,0,0,1,,,0,OP3,scripted,OP3,3,2,4,2
3349,1,,,0,0,1,,,0,OP3,scripted,OP3,3,2,4,2
3350,0,,,0,0,1,,,0,OP3,scripted,OP3,2,3,4,2
3351,0,,,0,0,1,,,0,OP3,scripted,OP3,3,3,4,2
3352,0,,,0,0,1,,,0,OP3,scripted,OP3,3,3,4,2
3353,1,,,0,0,1,,,0,OP3,scripted,OP3,3,2,4,2
3354,1,,,0,0,1,,,0,OP3,scripted,OP3,3,2,4,2
3355,1,,,0,0,1,,,0,OP3,scripted,OP3,3,2,4,2
3356,0,,,0,0,1,,,0,OP3,scripted,OP3,3,3,4,2
3357,1,,,0,0,1,,,0,OP3,scripted,OP3,3,2,4,2
3358,0,,,0,0,1,,,0,OP3,scripted,OP3,2,3,4,2
3359,1,,,0,0,1,,,0,OP3,scripted,OP3,3,1,4,2
3360,0,,,0,0,1,,,0,OP3,scripted,OP3,3,3,4,2
3361,1,,,0,0,1,,,0,OP3,scripted,OP3,3,1,4,2
3362,0,,,0,0,1,,,0,OP3,scripted,OP3,2,3,4,2
3363,0,,,0,0,1,,,0,OP3,scripted,OP3,3,3,4,2
3364,0,,,0,0,1,,,0,OP3,scripted,OP3,3,3,4,2
3365,1,,,0,0,1,,,0,OP3,scripted,OP3,3,1,4,2
3366,0,,,0,0,1,,,0,OP3,scripted,OP3,2,3,4,2
3367,1,,,0,0,1,,,0,OP3,scripted,OP3,3,2,4,2
3368,1,,,0,0,1,,,0,OP3,scripted,OP3,3,1,4,2
3369,1,,,0,0,1,,,0,OP3,scripted,OP3,3,2,4,2
3370,0,,,0,0,1,,,0,OP3,scripted,OP3,2,3,4,2
3371,0,,,0,0,1,,,0,OP3,scripted,OP3,3,3,4,2
3372,1,,,0,0,1,,,0,OP3,scripted,OP3,3,2,4,2
3373,1,,,0,0,1,,,0,OP3,scripted,OP3,3,2,4,2
3374,1,,,0,0,1,,,0,OP3,scripted,OP3,3,2,4,2
3375,0,,,0,0,1,,,0,OP3,scripted,OP3,2,3,4,2
3376,1,,,0,0,1,,,0,OP3,scripted,OP3,3,2,4,2
3377,1,,,0,0,1,,,0,OP3,scripted,OP3,3,2,4,2
3378,1,,,0,0,1,,,0,OP3,scripted,OP3,3,2,4,2
3379,1,,,0,0,1,,,0,OP3,scripted,OP3,3,1,4,2
3380,0,,,0,0,1,,,0,OP3,scripted,OP3,3,3,4,2
3381,1,,,0,0,1,,,0,OP3,scripted,OP3,3,2,4,2
3382,1,,,0,0,1,,,0,OP3,scripted,OP3,3,2,4,2
3383,1,,,0,0,1,,,0,OP3,scripted,OP3,3,1,4,2
3384,1,,,0,0,1,,,0,OP3,scripted,OP3,3,2,4,2
3385,0,,,0,0,1,,,0,OP3,scripted,OP3,2,3,4,2
3386,0,,,0,0,1,,,0,OP3,scripted,OP3,2,3,4,2
3387,0,,,0,0,1,,,0,OP3,scripted,OP3,2,3,4,2
3388,1,,,0,0,1,,,0,OP3,scripted,OP3,3,2,4,2
3389,0,,,0,0,1,,,0,OP3,scripted,OP3,2,3,4,2
3390,1,,,0,0,1,,,0,OP3,scripted,OP3,3,2,4,2
3391,1,,,0,0,1,,,0,OP3,scripted,OP3,3,2,4,2
3392,1,,,0,0,1,,,0,OP3,scripted,OP3,3,2,4,2
3393,1,,,0,0,1,,,0,OP3,scripted,OP3,3,2,4,2
3394,0,,,0,0,1,,,0,OP3,scripted,OP3,2,3,4,2
3395,0,,,0,0,1,,,0,OP3,scripted,OP3,2,3,4,2
3396,1,,,0,0,1,,,0,OP3,scripted,OP3,3,2,4,2
3397,0,,,0,0,1,,,0,OP3,scripted,OP3,2,3,4,2
3398,1,,,0,0,1,,,0,OP3,scripted,OP3,3,2,4,2
3399,0,,,0,0,1,,,0,OP3,scripted,OP3,2,3,4,2
3400,1,,,0,0,1,,,0,OP3,scripted,OP3,3,2,4,2
3401,1,,,0,0,1,,,0,OP3,scripted,OP3,3,2,4,2
3402,0,,,0,0,1,,,0,OP3,scripted,OP3,2,3,4,2
3403,1,,,0,0,1,,,0,OP3,scripted,OP3,3,1,4,2
3404,0,,,0,0,1,,,0,OP3,scripted,OP3,2,3,4,2
3405,1,,,0,0,1,,,0,OP3,scripted,OP3,3,1,4,2
3406,0,,,0,0,1,,,0,OP3,scripted,OP3,2,3,4,2
3407,1,,,0,0,1,,,0,OP3,scripted,OP3,3,2,4,2
3408,0,,,0,0,1,,,0,OP3,scripted,OP3,3,3,4,2
3409,0,,,0,0,1,,,0,OP3,scripted,OP3,2,3,4,2
3410,0,,,0,0,1,,,0,OP3,scripted,OP3,2,3,4,2
3411,1,,,0,0,1,,,0,OP3,scripted,OP3,3,2,4,2
3412,0,,,0,0,1,,,0,OP3,scripted,OP3,2,3,4,2
3413,1,,,0,0,1,,,0,OP3,scripted,OP3,3,2,4,2
3414,0,,,0,0,1,,,0,OP3,scripted,OP3,2,3,4,2
3415,1,,,0,0,1,,,0,OP3,scripted,OP3,3,2,4,2
3416,0,,,0,0,1,,,0,OP3,scripted,OP3,2,3,4,2
3417,1,,,0,0,1,,,0,OP3,scripted,OP3,3,2,4,2
3418,1,,,0,0,1,,,0,OP3,scripted,OP3,3,1,4,2
3419,1,,,0,0,1,,,0,OP3,scripted,OP3,3,2,4,2
3420,1,,,0,0,1,,,0,OP3,scripted,OP3,3,2,4,2
3421,0,,,0,0,1,,,0,OP3,scripted,OP3,2,3,4,2
3422,1,,,0,0,1,,,0,OP3,scripted,OP3,3,2,4,2
3423,0,,,0,0,1,,,0,OP3,scripted,OP3,2,3,4,2
3424,0,,,0,0,1,,,0,OP3,scripted,OP3,2,3,4,2
3425,0,,,0,0,1,,,0,OP3,scripted,OP3,3,3,4,2
3426,0,,,0,0,1,,,0,OP3,scripted,OP3,2,3,4,2
3427,1,,,0,0,1,,,0,OP3,scripted,OP3,3,1,4,2
3428,0,,,0,0,1,,,0,OP3,scripted,OP3,2,3,4,2
3429,1,,,0,0,1,,,0,OP3,scripted,OP3,3,1,4,2
3430,0,,,0,0,1,,,0,OP3,scripted,OP3,3,3,4,2
3431,1,,,0,0,1,,,0,OP3,scripted,OP3,3,2,4,2
3432,0,,,0,0,1,,,0,OP3,scripted,OP3,2,3,4,2
3433,1,,,0,0,1,,,0,OP3,scripted,OP3,3,2,4,2
3434,0,,,0,0,1,,,0,OP3,scripted,OP3,2,3,4,2
3435,1,,,0,0,1,,,0,OP3,scripted,OP3,3,2,4,2
3436,1,,,0,0,1,,,0,OP3,scripted,OP3,3,2,4,2
3437,1,,,0,0,1,,,0,OP3,scripted,OP3,3,1,4,2
3438,0,,,0,0,1,,,0,OP3,scripted,OP3,2,3,4,2
3439,1,,,0,0,1,,,0,OP3,scripted,OP3,3,2,4,2
3440,0,,,0,0,1,,,0,OP3,scripted,OP3,2,3,4,2
3441,0,,,0,0,1,,,0,OP3,scripted,OP3,2,3,4,2
3442,0,,,0,0,1,,,0,OP3,scripted,OP3,2,3,4,2
3443,1,,,0,0,1,,,0,OP3,scripted,OP3,3,2,4,2
3444,0,,,0,0,1,,,0,OP3,scripted,OP3,2,3,4,2
3445,1,,,0,0,1,,,0,OP3,scripted,OP3,3,1,4,2
3446,0,,,0,0,1,,,0,OP3,scripted,OP3,2,3,4,2
3447,0,,,0,0,1,,,0,OP3,scripted,OP3,2,3,4,2
3448,1,,,0,0,1,,,0,OP3,scripted,OP3,3,1,4,2
3449,1,,,0,0,1,,,0,OP3,scripted,OP3,3,2,4,2
3450,0,,,0,0,1,,,0,OP3,scripted,OP3,2,3,4,2
3451,1,,,0,0,1,,,0,OP3,scripted,OP3,3,2,4,2
3452,0,,,0,0,1,,,0,OP3,scripted,OP3,2,3,4,2
3453,0,,,0,0,1,,,0,OP3,scripted,OP3,2,3,4,2
3454,0,,,0,0,1,,,0,OP3,scripted,OP3,1,3,4,2
3455,0,,,0,0,1,,,0,OP3,scripted,OP3,2,3,4,2
3456,1,,,0,0,1,,,0,OP3,scripted,OP3,3,2,4,2
3457,1,,,0,0,1,,,0,OP3,scripted,OP3,3,2,4,2
3458,1,,,0,0,1,,,0,OP3,scripted,OP3,3,1,4,2
3459,1,,,0,0,1,,,0,OP3,scripted,OP3,3,2,4,2
3460,1,,,0,0,1,,,0,OP3,scripted,OP3,3,2,4,2
3461,0,,,0,0,1,,,0,OP3,scripted,OP3,2,3,4,2
3462,1,,,0,0,1,,,0,OP3,scripted,OP3,3,1,4,2
3463,1,,,0,0,1,,,0,OP3,scripted,OP3,3,2,4,2
3464,1,,,0,0,1,,,0,OP3,scripted,OP3,3,0,4,2
3465,1,,,0,0,1,,,0,OP3,scripted,OP3,3,2,4,2
3466,1,,,0,0,1,,,0,OP3,scripted,OP3,3,2,4,2
3467,0,,,0,0,1,,,0,OP3,scripted,OP3,2,3,4,2
3468,1,,,0,0,1,,,0,OP3,scripted,OP3,3,2,4,2
3469,0,,,0,0,1,,,0,OP3,scripted,OP3,2,3,4,2
3470,1,,,0,0,1,,,0,OP3,scripted,OP3,3,1,4,2
3471,0,,,0,0,1,,,0,OP3,scripted,OP3,3,3,4,2
3472,1,,,0,0,1,,,0,OP3,scripted,OP3,3,2,4,2
3473,1,,,0,0,1,,,0,OP3,scripted,OP3,3,2,4,2
3474,1,,,0,0,1,,,0,OP3,scripted,OP3,3,2,4,2
3475,0,,,0,0,1,,,0,OP3,scripted,OP3,1,3,4,2
3476,1,,,0,0,1,,,0,OP3,scripted,OP3,3,1,4,2
3477,1,,,0,0,1,,,0,OP3,scripted,OP3,3,2,4,2
3478,1,,,0,0,1,,,0,OP3,scripted,OP3,3,2,4,2
3479,0,,,0,0,1,,,0,OP3,scripted,OP3,2,3,4,2
3480,0,,,0,0,1,,,0,OP3,scripted,OP3,1,3,4,2
3481,1,,,0,0,1,,,0,OP3,scripted,OP3,3,2,4,2
3482,0,,,0,0,1,,,0,OP3,scripted,OP3,1,3,4,2
3483,0,,,0,0,1,,,0,OP3,scripted,OP3,3,3,4,2
3484,1,,,0,0,1,,,0,OP3,scripted,OP3,3,2,4,2
3485,0,,,0,0,1,,,0,OP3,scripted,OP3,2,3,4,2
3486,1,,,0,0,1,,,0,OP3,scripted,OP3,3,1,4,2
3487,0,,,0,0,1,,,0,OP3,scripted,OP3,2,3,4,2
3488,0,,,0,0,1,,,0,OP3,scripted,OP3,1,3,4,2
3489,1,,,0,0,1,,,0,OP3,scripted,OP3,3,2,4,2
3490,1,,,0,0,1,,,0,OP3,scripted,OP3,3,1,4,2
3491,1,,,0,0,1,,,0,OP3,scripted,OP3,3,2,4,2
3492,1,,,0,0,1,,,0,OP3,scripted,OP3,3,2,4,2
3493,0,,,0,0,1,,,0,OP3,scripted,OP3,2,3,4,2
3494,0,,,0,0,1,,,0,OP3,scripted,OP3,3,3,4,2
3495,0,,,0,0,1,,,0,OP3,scripted,OP3,2,3,4,2
3496,1,,,0,0,1,,,0,OP3,scripted,OP3,3,2,4,2
3497,1,,,0,0,1,,,0,OP3,scripted,OP3,3,2,4,2
3498,0,,,0,0,1,,,0,OP3,scripted,OP3,2,3,4,2
3499,1,,,0,0,1,,,0,OP3,scripted,OP3,3,2,4,2
3500,1,,,0,0,1,,,0,OP3,scripted,OP3,3,1,4,2
3501,1,,,0,0,1,,,0,OP3,scripted,OP3,3,1,4,2
3502,0,,,0,0,1,,,0,OP3,scripted,OP3,2,3,4,2
3503,0,,,0,0,1,,,0,OP3,scripted,OP3,2,3,4,2
3504,0,,,0,0,1,,,0,OP3,scripted,OP3,3,3,4,2
3505,1,,,0,0,1,,,0,OP3,scripted,OP3,3,2,4,2
3506,0,,,0,0,1,,,0,OP3,scripted,OP3,2,3,4,2
3507,0,,,0,0,1,,,0,OP3,scripted,OP3,2,3,4,2
3508,0,,,0,0,1,,,0,OP3,scripted,OP3,2,3,4,2
3509,0,,,0,0,1,,,0,OP3,scripted,OP3,2,3,4,2
3510,1,,,0,0,1,,,0,OP3,scripted,OP3,3,2,4,2
3511,0,,,0,0,1,,,0,OP3,scripted,OP3,2,3,4,2
3512,1,,,0,0,1,,,0,OP3,scripted,OP3,3,1,4,2
3513,1,,,0,0,1,,,0,OP3,scripted,OP3,3,2,4,2
3514,0,,,0,0,1,,,0,OP3,scripted,OP3,2,3,4,2
3515,0,,,0,0,1,,,0,OP3,scripted,OP3,2,3,4,2
3516,0,,,0,0,1,,,0,OP3,scripted,OP3,3,3,4,2
3517,0,,,0,0,1,,,0,OP3,scripted,OP3,2,3,4,2
3518,0,,,0,0,1,,,0,OP3,scripted,OP3,2,3,4,2
3519,1,,,0,0,1,,,0,OP3,scripted,OP3,3,2,4,2
3520,0,,,0,0,1,,,0,OP3,scripted,OP3,3,3,4,2
3521,1,,,0,0,1,,,0,OP3,scripted,OP3,3,2,4,2
3522,0,,,0,0,1,,,0,OP3,scripted,OP3,2,3,4,2
3523,1,,,0,0,1,,,0,OP3,scripted,OP3,3,2,4,2
3524,1,,,0,0,1,,,0,OP3,scripted,OP3,3,2,4,2
3525,1,,,0,0,1,,,0,OP3,scripted,OP3,3,2,4,2
3526,0,,,0,0,1,,,0,OP3,scripted,OP3,2,3,4,2
3527,1,,,0,0,1,,,0,OP3,scripted,OP3,3,2,4,2
3528,1,,,0,0,1,,,0,OP3,scripted,OP3,3,2,4,2
3529,1,,,0,0,1,,,0,OP3,scripted,OP3,3,2,4,2
3530,1,,,0,0,1,,,0,OP3,scripted,OP3,3,2,4,2
3531,0,,,0,0,1,,,0,OP3,scripted,OP3,2,3,4,2
3532,1,,,0,0,1,,,0,OP3,scripted,OP3,3,2,4,2
3533,0,,,0,0,1,,,0,OP3,scripted,OP3,3,3,4,2
3534,1,,,0,0,1,,,0,OP3,scripted,OP3,3,2,4,2
3535,0,,,0,0,1,,,0,OP3,scripted,OP3,2,3,4,2
3536,1,,,0,0,1,,,0,OP3,scripted,OP3,3,2,4,2
3537,1,,,0,0,1,,,0,OP3,scripted,OP3,3,2,4,2
3538,0,,,0,0,1,,,0,OP3,scripted,OP3,2,3,4,2
3539,1,,,0,0,1,,,0,OP3,scripted,OP3,3,2,4,2
3540,1,,,0,0,1,,,0,OP3,scripted,OP3,3,2,4,2
3541,1,,,0,0,1,,,0,OP3,scripted,OP3,3,2,4,2
3542,0,,,0,0,1,,,0,OP3,scripted,OP3,3,3,4,2
3543,1,,,0,0,1,,,0,OP3,scripted,OP3,3,2,4,2
3544,0,,,0,0,1,,,0,OP3,scripted,OP3,2,3,4,2
3545,1,,,0,0,1,,,0,OP3,scripted,OP3,3,2,4,2
3546,0,,,0,0,1,,,0,OP3,scripted,OP3,3,3,4,2
3547,1,,,0,0,1,,,0,OP3,scripted,OP3,3,2,4,2
3548,0,,,0,0,1,,,0,OP3,scripted,OP3,2,3,4,2
3549,1,,,0,0,1,,,0,OP3,scripted,OP3,3,1,4,2
3550,0,,,0,0,1,,,0,OP3,scripted,OP3,3,3,4,2
3551,1,,,0,0,1,,,0,OP3,scripted,OP3,3,2,4,2
3552,1,,,0,0,1,,,0,OP3,scripted,OP3,3,2,4,2
3553,0,,,0,0,1,,,0,OP3,scripted,OP3,2,3,4,2
3554,1,,,0,0,1,,,0,OP3,scripted,OP3,3,2,4,2
3555,0,,,0,0,1,,,0,OP3,scripted,OP3,2,3,4,2
3556,1,,,0,0,1,,,0,OP3,scripted,OP3,3,1,4,2
3557,0,,,0,0,1,,,0,OP3,scripted,OP3,2,3,4,2
3558,0,,,0,0,1,,,0,OP3,scripted,OP3,3,3,4,2
3559,0,,,0,0,1,,,0,OP3,scripted,OP3,2,3,4,2
3560,0,,,0,0,1,,,0,OP3,scripted,OP3,2,3,4,2
3561,1,,,0,0,1,,,0,OP3,scripted,OP3,3,2,4,2
3562,0,,,0,0,1,,,0,OP3,scripted,OP3,2,3,4,2
3563,1,,,0,0,1,,,0,OP3,scripted,OP3,3,2,4,2
3564,1,,,0,0,1,,,0,OP3,scripted,OP3,3,2,4,2
3565,1,,,0,0,1,,,0,OP3,scripted,OP3,3,2,4,2
3566,1,,,0,0,1,,,0,OP3,scripted,OP3,3,2,4,2
3567,1,,,0,0,1,,,0,OP3,scripted,OP3,3,2,4,2
3568,1,,,0,0,1,,,0,OP3,scripted,OP3,3,2,4,2
3569,1,,,0,0,1,,,0,OP3,scripted,OP3,3,2,4,2
3570,1,,,0,0,1,,,0,OP3,scripted,OP3,3,2,4,2
3571,1,,,0,0,1,,,0,OP3,scripted,OP3,3,2,4,2
3572,1,,,0,0,1,,,0,OP3,scripted,OP3,3,2,4,2
3573,1,,,0,0,1,,,0,OP3,scripted,OP3,3,2,4,2
3574,0,,,0,0,1,,,0,OP3,scripted,OP3,1,3,4,2
3575,1,,,0,0,1,,,0,OP3,scripted,OP3,3,2,4,2
3576,1,,,0,0,1,,,0,OP3,scripted,OP3,3,2,4,2
3577,0,,,0,0,1,,,0,OP3,scripted,OP3,2,3,4,2
3578,1,,,0,0,1,,,0,OP3,scripted,OP3,3,2,4,2
3579,1,,,0,0,1,,,0,OP3,scripted,OP3,3,2,4,2
3580,0,,,0,0,1,,,0,OP3,scripted,OP3,2,3,4,2
3581,1,,,0,0,1,,,0,OP3,scripted,OP3,3,1,4,2
3582,1,,,0,0,1,,,0,OP3,scripted,OP3,3,2,4,2
3583,1,,,0,0,1,,,0,OP3,scripted,OP3,3,2,4,2
3584,1,,,0,0,1,,,0,OP3,scripted,OP3,3,2,4,2
3585,1,,,0,0,1,,,0,OP3,scripted,OP3,3,2,4,2
3586,0,,,0,0,1,,,0,OP3,scripted,OP3,2,3,4,2
3587,0,,,0,0,1,,,0,OP3,scripted,OP3,1,3,4,2
3588,0,,,0,0,1,,,0,OP3,scripted,OP3,3,3,4,2
3589,0,,,0,0,1,,,0,OP3,scripted,OP3,2,3,4,2
3590,1,,,0,0,1,,,0,OP3,scripted,OP3,3,1,4,2
3591,0,,,0,0,1,,,0,OP3,scripted,OP3,2,3,4,2
3592,0,,,0,0,1,,,0,OP3,scripted,OP3,3,3,4,2
3593,0,,,0,0,1,,,0,OP3,scripted,OP3,2,3,4,2
3594,0,,,0,0,1,,,0,OP3,scripted,OP3,3,3,4,2
3595,0,,,0,0,1,,,0,OP3,scripted,OP3,2,3,4,2
3596,0,,,0,0,1,,,0,OP3,scripted,OP3,3,3,4,2
3597,1,,,0,0,1,,,0,OP3,scripted,OP3,3,2,4,2
3598,1,,,0,0,1,,,0,OP3,scripted,OP3,3,2,4,2
3599,1,,,0,0,1,,,0,OP3,scripted,OP3,3,2,4,2
3600,0,,,0,0,1,,,0,OP3,scripted,OP3,2,3,4,2
3601,0,,,0,0,1,,,0,OP3,scripted,OP3,2,3,4,2
3602,1,,,0,0,1,,,0,OP3,scripted,OP3,3,2,4,2
3603,1,,,0,0,1,,,0,OP3,scripted,OP3,3,2,4,2
3604,1,,,0,0,1,,,0,OP3,scripted,OP3,3,2,4,2
3605,0,,,0,0,1,,,0,OP3,scripted,OP3,3,3,4,2
3606,0,,,0,0,1,,,0,OP3,scripted,OP3,2,3,4,2
3607,1,,,0,0,1,,,0,OP3,scripted,OP3,3,2,4,2
3608,0,,,0,0,1,,,0,OP3,scripted,OP3,3,3,4,2
3609,0,,,0,0,1,,,0,OP3,scripted,OP3,3,3,4,2
3610,0,,,0,0,1,,,0,OP3,scripted,OP3,2,3,4,2
3611,0,,,0,0,1,,,0,OP3,scripted,OP3,2,3,4,2
3612,0,,,0,0,1,,,0,OP3,scripted,OP3,2,3,4,2
3613,1,,,0,0,1,,,0,OP3,scripted,OP3,3,2,4,2
3614,1,,,0,0,1,,,0,OP3,scripted,OP3,3,2,4,2
3615,1,,,0,0,1,,,0,OP3,scripted,OP3,3,2,4,2
3616,1,,,0,0,1,,,0,OP3,scripted,OP3,3,2,4,2
3617,1,,,0,0,1,,,0,OP3,scripted,OP3,3,2,4,2
3618,1,,,0,0,1,,,0,OP3,scripted,OP3,3,2,4,2
3619,1,,,0,0,1,,,0,OP3,scripted,OP3,3,2,4,2
3620,1,,,0,0,1,,,0,OP3,scripted,OP3,3,2,4,2
3621,1,,,0,0,1,,,0,OP3,scripted,OP3,3,2,4,2
3622,0,,,0,0,1,,,0,OP3,scripted,OP3,2,3,4,2
3623,1,,,0,0,1,,,0,OP3,scripted,OP3,3,1,4,2
3624,1,,,0,0,1,,,0,OP3,scripted,OP3,3,2,4,2
3625,1,,,0,0,1,,,0,OP3,scripted,OP3,3,1,4,2
3626,0,,,0,0,1,,,0,OP3,scripted,OP3,2,3,4,2
3627,1,,,0,0,1,,,0,OP3,scripted,OP3,3,2,4,2
3628,1,,,0,0,1,,,0,OP3,scripted,OP3,3,1,4,2
3629,0,,,0,0,1,,,0,OP3,scripted,OP3,2,3,4,2
3630,0,,,0,0,1,,,0,OP3,scripted,OP3,3,3,4,2
3631,1,,,0,0,1,,,0,OP3,scripted,OP3,3,2,4,2
3632,0,,,0,0,1,,,0,OP3,scripted,OP3,2,3,4,2
3633,1,,,0,0,1,,,0,OP3,scripted,OP3,3,2,4,2
3634,1,,,0,0,1,,,0,OP3,scripted,OP3,3,2,4,2
3635,0,,,0,0,1,,,0,OP3,scripted,OP3,3,3,4,2
3636,0,,,0,0,1,,,0,OP3,scripted,OP3,3,3,4,2
3637,1,,,0,0,1,,,0,OP3,scripted,OP3,3,1,4,2
3638,1,,,0,0,1,,,0,OP3,scripted,OP3,3,2,4,2
3639,1,,,0,0,1,,,0,OP3,scripted,OP3,3,2,4,2
3640,1,,,0,0,1,,,0,OP3,scripted,OP3,3,2,4,2
3641,1,,,0,0,1,,,0,OP3,scripted,OP3,3,2,4,2
3642,1,,,0,0,1,,,0,OP3,scripted,OP3,3,2,4,2
3643,0,,,0,0,1,,,0,OP3,scripted,OP3,3,3,4,2
3644,0,,,0,0,1,,,0,OP3,scripted,OP3,2,3,4,2
3645,1,,,0,0,1,,,0,OP3,scripted,OP3,3,2,4,2
3646,1,,,0,0,1,,,0,OP3,scripted,OP3,3,2,4,2
3647,0,,,0,0,1,,,0,OP3,scripted,OP3,2,3,4,2
3648,0,,,0,0,1,,,0,OP3,scripted,OP3,3,3,4,2
3649,0,,,0,0,1,,,0,OP3,scripted,OP3,2,3,4,2
3650,1,,,0,0,1,,,0,OP3,scripted,OP3,3,2,4,2
3651,0,,,0,0,1,,,0,OP3,scripted,OP3,2,3,4,2
3652,0,,,0,0,1,,,0,OP3,scripted,OP3,3,3,4,2
3653,0,,,0,0,1,,,0,OP3,scripted,OP3,2,3,4,2
3654,1,,,0,0,1,,,0,OP3,scripted,OP3,3,1,4,2
3655,0,,,0,0,1,,,0,OP3,scripted,OP3,3,3,4,2
3656,0,,,0,0,1,,,0,OP3,scripted,OP3,2,3,4,2
3657,1,,,0,0,1,,,0,OP3,scripted,OP3,3,2,4,2
3658,1,,,0,0,1,,,0,OP3,scripted,OP3,3,2,4,2
3659,1,,,0,0,1,,,0,OP3,scripted,OP3,3,2,4,2
3660,0,,,0,0,1,,,0,OP3,scripted,OP3,2,3,4,2
3661,1,,,0,0,1,,,0,OP3,scripted,OP3,3,2,4,2
3662,1,,,0,0,1,,,0,OP3,scripted,OP3,3,2,4,2
3663,0,,,0,0,1,,,0,OP3,scripted,OP3,2,3,4,2
3664,0,,,0,0,1,,,0,OP3,scripted,OP3,2,3,4,2
3665,1,,,0,0,1,,,0,OP3,scripted,OP3,3,2,4,2
3666,1,,,0,0,1,,,0,OP3,scripted,OP3,3,2,4,2
3667,0,,,0,0,1,,,0,OP3,scripted,OP3,2,3,4,2
3668,0,,,0,0,1,,,0,OP3,scripted,OP3,2,3,4,2
3669,0,,,0,0,1,,,0,OP3,scripted,OP3,2,3,4,2
3670,0,,,0,0,1,,,0,OP3,scripted,OP3,2,3,4,2
3671,0,,,0,0,1,,,0,OP3,scripted,OP3,2,3,4,2
3672,0,,,0,0,1,,,0,OP3,scripted,OP3,1,3,4,2
3673,0,,,0,0,1,,,0,OP3,scripted,OP3,2,3,4,2
3674,1,,,0,0,1,,,0,OP3,scripted,OP3,3,2,4,2
3675,0,,,0,0,1,,,0,OP3,scripted,OP3,2,3,4,2
3676,1,,,0,0,1,,,0,OP3,scripted,OP3,3,1,4,2
3677,0,,,0,0,1,,,0,OP3,scripted,OP3,3,3,4,2
3678,1,,,0,0,1,,,0,OP3,scripted,OP3,3,2,4,2
3679,0,,,0,0,1,,,0,OP3,scripted,OP3,3,3,4,2
3680,0,,,0,0,1,,,0,OP3,scripted,OP3,2,3,4,2
3681,1,,,0,0,1,,,0,OP3,scripted,OP3,3,2,4,2
3682,1,,,0,0,1,,,0,OP3,scripted,OP3,3,1,4,2
3683,0,,,0,0,1,,,0,OP3,scripted,OP3,3,3,4,2
3684,0,,,0,0,1,,,0,OP3,scripted,OP3,2,3,4,2
3685,1,,,0,0,1,,,0,OP3,scripted,OP3,3,2,4,2
3686,0,,,0,0,1,,,0,OP3,scripted,OP3,1,3,4,2
3687,1,,,0,0,1,,,0,OP3,scripted,OP3,3,2,4,2
3688,1,,,0,0,1,,,0,OP3,scripted,OP3,3,2,4,2
3689,1,,,0,0,1,,,0,OP3,scripted,OP3,3,2,4,2
3690,0,,,0,0,1,,,0,OP3,scripted,OP3,3,3,4,2
3691,1,,,0,0,1,,,0,OP3,scripted,OP3,3,2,4,2
3692,1,,,0,0,1,,,0,OP3,scripted,OP3,3,2,4,2
3693,1,,,0,0,1,,,0,OP3,scripted,OP3,3,2,4,2
3694,1,,,0,0,1,,,0,OP3,scripted,OP3,3,2,4,2
3695,1,,,0,0,1,,,0,OP3,scripted,OP3,3,2,4,2
3696,1,,,0,0,1,,,0,OP3,scripted,OP3,3,2,4,2
3697,1,,,0,0,1,,,0,OP3,scripted,OP3,3,2,4,2
3698,0,,,0,0,1,,,0,OP3,scripted,OP3,3,3,4,2
3699,1,,,0,0,1,,,0,OP3,scripted,OP3,3,2,4,2
3700,1,,,0,0,1,,,0,OP3,scripted,OP3,3,2,4,2
3701,1,,,0,0,1,,,0,OP3,scripted,OP3,3,2,4,2
3702,1,,,0,0,1,,,0,OP3,scripted,OP3,3,2,4,2
3703,1,,,0,0,1,,,0,OP3,scripted,OP3,3,2,4,2
3704,1,,,0,0,1,,,0,OP3,scripted,OP3,3,2,4,2
3705,1,,,0,0,1,,,0,OP3,scripted,OP3,3,1,4,2
3706,0,,,0,0,1,,,0,OP3,scripted,OP3,2,3,4,2
3707,0,,,0,0,1,,,0,OP3,scripted,OP3,2,3,4,2
3708,1,,,0,0,1,,,0,OP3,scripted,OP3,3,2,4,2
3709,0,,,0,0,1,,,0,OP3,scripted,OP3,3,3,4,2
3710,1,,,0,0,1,,,0,OP3,scripted,OP3,3,2,4,2
3711,0,,,0,0,1,,,0,OP3,scripted,OP3,2,3,4,2
3712,1,,,0,0,1,,,0,OP3,scripted,OP3,3,1,4,2
3713,1,,,0,0,1,,,0,OP3,scripted,OP3,3,2,4,2
3714,1,,,0,0,1,,,0,OP3,scripted,OP3,3,2,4,2
3715,1,,,0,0,1,,,0,OP3,scripted,OP3,3,2,4,2
3716,1,,,0,0,1,,,0,OP3,scripted,OP3,3,2,4,2
3717,1,,,0,0,1,,,0,OP3,scripted,OP3,3,1,4,2
3718,0,,,0,0,1,,,0,OP3,scripted,OP3,1,3,4,2
3719,0,,,0,0,1,,,0,OP3,scripted,OP3,2,3,4,2
3720,1,,,0,0,1,,,0,OP3,scripted,OP3,3,1,4,2
3721,0,,,0,0,1,,,0,OP3,scripted,OP3,3,3,4,2
3722,0,,,0,0,1,,,0,OP3,scripted,OP3,3,3,4,2
3723,0,,,0,0,1,,,0,OP3,scripted,OP3,1,3,4,2
3724,1,,,0,0,1,,,0,OP3,scripted,OP3,3,2,4,2
3725,1,,,0,0,1,,,0,OP3,scripted,OP3,3,2,4,2
3726,0,,,0,0,1,,,0,OP3,scripted,OP3,2,3,4,2
3727,0,,,0,0,1,,,0,OP3,scripted,OP3,2,3,4,2
3728,0,,,0,0,1,,,0,OP3,scripted,OP3,3,3,4,2
3729,0,,,0,0,1,,,0,OP3,scripted,OP3,1,3,4,2
3730,1,,,0,0,1,,,0,OP3,scripted,OP3,3,2,4,2
3731,0,,,0,0,1,,,0,OP3,scripted,OP3,2,3,4,2
3732,0,,,0,0,1,,,0,OP3,scripted,OP3,3,3,4,2
3733,1,,,0,0,1,,,0,OP3,scripted,OP3,3,2,4,2
3734,1,,,0,0,1,,,0,OP3,scripted,OP3,3,2,4,2
3735,0,,,0,0,1,,,0,OP3,scripted,OP3,3,3,4,2
3736,1,,,0,0,1,,,0,OP3,scripted,OP3,3,2,4,2
3737,1,,,0,0,1,,,0,OP3,scripted,OP3,3,2,4,2
3738,0,,,0,0,1,,,0,OP3,scripted,OP3,3,3,4,2
3739,0,,,0,0,1,,,0,OP3,scripted,OP3,2,3,4,2
3740,1,,,0,0,1,,,0,OP3,scripted,OP3,3,1,4,2
3741,0,,,0,0,1,,,0,OP3,scripted,OP3,2,3,4,2
3742,1,,,0,0,1,,,0,OP3,scripted,OP3,3,2,4,2
3743,1,,,0,0,1,,,0,OP3,scripted,OP3,3,2,4,2
3744,1,,,0,0,1,,,0,OP3,scripted,OP3,3,2,4,2
3745,0,,,0,0,1,,,0,OP3,scripted,OP3,3,3,4,2
3746,0,,,0,0,1,,,0,OP3,scripted,OP3,3,3,4,2
3747,0,,,0,0,1,,,0,OP3,scripted,OP3,3,3,4,2
3748,1,,,0,0,1,,,0,OP3,scripted,OP3,3,2,4,2
3749,0,,,0,0,1,,,0,OP3,scripted,OP3,2,3,4,2
3750,1,,,0,0,1,,,0,OP3,scripted,OP3,3,2,4,2
3751,1,,,0,0,1,,,0,OP3,scripted,OP3,3,2,4,2
3752,0,,,0,0,1,,,0,OP3,scripted,OP3,2,3,4,2
3753,1,,,0,0,1,,,0,OP3,scripted,OP3,3,1,4,2
3754,1,,,0,0,1,,,0,OP3,scripted,OP3,3,2,4,2
3755,1,,,0,0,1,,,0,OP3,scripted,OP3,3,2,4,2
3756,0,,,0,0,1,,,0,OP3,scripted,OP3,2,3,4,2
3757,0,,,0,0,1,,,0,OP3,scripted,OP3,2,3,4,2
3758,0,,,0,0,1,,,0,OP3,scripted,OP3,2,3,4,2
3759,1,,,0,0,1,,,0,OP3,scripted,OP3,3,2,4,2
3760,0,,,0,0,1,,,0,OP3,scripted,OP3,3,3,4,2
3761,1,,,0,0,1,,,0,OP3,scripted,OP3,3,2,4,2
3762,0,,,0,0,1,,,0,OP3,scripted,OP3,3,3,4,2
3763,1,,,0,0,1,,,0,OP3,scripted,OP3,3,2,4,2
3764,0,,,0,0,1,,,0,OP3,scripted,OP3,3,3,4,2
3765,0,,,0,0,1,,,0,OP3,scripted,OP3,2,3,4,2
3766,1,,,0,0,1,,,0,OP3,scripted,OP3,3,2,4,2
3767,0,,,0,0,1,,,0,OP3,scripted,OP3,3,3,4,2
3768,1,,,0,0,1,,,0,OP3,scripted,OP3,3,2,4,2
3769,1,,,0,0,1,,,0,OP3,scripted,OP3,3,2,4,2
3770,1,,,0,0,1,,,0,OP3,scripted,OP3,3,2,4,2
3771,1,,,0,0,1,,,0,OP3,scripted,OP3,3,2,4,2
3772,1,,,0,0,1,,,0,OP3,scripted,OP3,3,2,4,2
3773,0,,,0,0,1,,,0,OP3,scripted,OP3,2,3,4,2
3774,0,,,0,0,1,,,0,OP3,scripted,OP3,3,3,4,2
3775,1,,,0,0,1,,,0,OP3,scripted,OP3,3,2,4,2
3776,1,,,0,0,1,,,0,OP3,scripted,OP3,3,2,4,2
3777,0,,,0,0,1,,,0,OP3,scripted,OP3,3,3,4,2
3778,0,,,0,0,1,,,0,OP3,scripted,OP3,3,3,4,2
3779,1,,,0,0,1,,,0,OP3,scripted,OP3,3,1,4,2
3780,0,,,0,0,1,,,0,OP3,scripted,OP3,2,3,4,2
3781,0,,,0,0,1,,,0,OP3,scripted,OP3,3,3,4,2
3782,1,,,0,0,1,,,0,OP3,scripted,OP3,3,2,4,2
3783,0,,,0,0,1,,,0,OP3,scripted,OP3,2,3,4,2
3784,1,,,0,0,1,,,0,OP3,scripted,OP3,3,2,4,2
3785,1,,,0,0,1,,,0,OP3,scripted,OP3,3,2,4,2
3786,0,,,0,0,1,,,0,OP3,scripted,OP3,3,3,4,2
3787,1,,,0,0,1,,,0,OP3,scripted,OP3,3,2,4,2
3788,1,,,0,0,1,,,0,OP3,scripted,OP3,3,2,4,2
3789,1,,,0,0,1,,,0,OP3,scripted,OP3,3,2,4,2
3790,1,,,0,0,1,,,0,OP3,scripted,OP3,3,2,4,2
3791,1,,,0,0,1,,,0,OP3,scripted,OP3,3,2,4,2
3792,1,,,0,0,1,,,0,OP3,scripted,OP3,3,2,4,2
3793,1,,,0,0,1,,,0,OP3,scripted,OP3,3,2,4,2
3794,1,,,0,0,1,,,0,OP3,scripted,OP3,3,2,4,2
3795,1,,,0,0,1,,,0,OP3,scripted,OP3,3,2,4,2
3796,1,,,0,0,1,,,0,OP3,scripted,OP3,3,2,4,2
3797,0,,,0,0,1,,,0,OP3,scripted,OP3,1,3,4,2
3798,1,,,0,0,1,,,0,OP3,scripted,OP3,3,2,4,2
3799,0,,,0,0,1,,,0,OP3,scripted,OP3,2,3,4,2
3800,1,,,0,0,1,,,0,OP3,scripted,OP3,3,2,4,2
3801,1,,,0,0,1,,,0,OP3,scripted,OP3,3,2,4,2
3802,0,,,0,0,1,,,0,OP3,scripted,OP3,2,3,4,2
3803,1,,,0,0,1,,,0,OP3,scripted,OP3,3,2,4,2
3804,1,,,0,0,1,,,0,OP3,scripted,OP3,3,2,4,2
3805,1,,,0,0,1,,,0,OP3,scripted,OP3,3,2,4,2
3806,0,,,0,0,1,,,0,OP3,scripted,OP3,2,3,4,2
3807,0,,,0,0,1,,,0,OP3,scripted,OP3,2,3,4,2
3808,1,,,0,0,1,,,0,OP3,scripted,OP3,3,2,4,2
3809,0,,,0,0,1,,,0,OP3,scripted,OP3,2,3,4,2
3810,1,,,0,0,1,,,0,OP3,scripted,OP3,3,2,4,2
3811,1,,,0,0,1,,,0,OP3,scripted,OP3,3,2,4,2
3812,0,,,0,0,1,,,0,OP3,scripted,OP3,2,3,4,2
3813,0,,,0,0,1,,,0,OP3,scripted,OP3,2,3,4,2
3814,0,,,0,0,1,,,0,OP3,scripted,OP3,2,3,4,2
3815,1,,,0,0,1,,,0,OP3,scripted,OP3,3,2,4,2
3816,0,,,0,0,1,,,0,OP3,scripted,OP3,2,3,4,2
3817,1,,,0,0,1,,,0,OP3,scripted,OP3,3,2,4,2
3818,1,,,0,0,1,,,0,OP3,scripted,OP3,3,2,4,2
3819,1,,,0,0,1,,,0,OP3,scripted,OP3,3,2,4,2
3820,1,,,0,0,1,,,0,OP3,scripted,OP3,3,1,4,2
3821,0,,,0,0,1,,,0,OP3,scripted,OP3,3,3,4,2
3822,1,,,0,0,1,,,0,OP3,scripted,OP3,3,2,4,2
3823,1,,,0,0,1,,,0,OP3,scripted,OP3,3,2,4,2
3824,1,,,0,0,1,,,0,OP3,scripted,OP3,3,2,4,2
3825,0,,,0,0,1,,,0,OP3,scripted,OP3,2,3,4,2
3826,0,,,0,0,1,,,0,OP3,scripted,OP3,3,3,4,2
3827,0,,,0,0,1,,,0,OP3,scripted,OP3,2,3,4,2
3828,1,,,0,0,1,,,0,OP3,scripted,OP3,3,2,4,2
3829,1,,,0,0,1,,,0,OP3,scripted,OP3,3,2,4,2
3830,1,,,0,0,1,,,0,OP3,scripted,OP3,3,2,4,2
3831,1,,,0,0,1,,,0,OP3,scripted,OP3,3,1,4,2
3832,1,,,0,0,1,,,0,OP3,scripted,OP3,3,1,4,2
3833,0,,,0,0,1,,,0,OP3,scripted,OP3,3,3,4,2
3834,1,,,0,0,1,,,0,OP3,scripted,OP3,3,2,4,2
3835,1,,,0,0,1,,,0,OP3,scripted,OP3,3,2,4,2
3836,1,,,0,0,1,,,0,OP3,scripted,OP3,3,2,4,2
3837,1,,,0,0,1,,,0,OP3,scripted,OP3,3,2,4,2
3838,0,,,0,0,1,,,0,OP3,scripted,OP3,2,3,4,2
3839,1,,,0,0,1,,,0,OP3,scripted,OP3,3,2,4,2
3840,1,,,0,0,1,,,0,OP3,scripted,OP3,3,2,4,2
3841,0,,,0,0,1,,,0,OP3,scripted,OP3,2,3,4,2
3842,0,,,0,0,1,,,0,OP3,scripted,OP3,1,3,4,2
3843,1,,,0,0,1,,,0,OP3,scripted,OP3,3,2,4,2
3844,1,,,0,0,1,,,0,OP3,scripted,OP3,3,2,4,2
3845,1,,,0,0,1,,,0,OP3,scripted,OP3,3,1,4,2
3846,0,,,0,0,1,,,0,OP3,scripted,OP3,2,3,4,2
3847,0,,,0,0,1,,,0,OP3,scripted,OP3,3,3,4,2
3848,1,,,0,0,1,,,0,OP3,scripted,OP3,3,1,4,2
3849,0,,,0,0,1,,,0,OP3,scripted,OP3,3,3,4,2
3850,1,,,0,0,1,,,0,OP3,scripted,OP3,3,2,4,2
3851,0,,,0,0,1,,,0,OP3,scripted,OP3,3,3,4,2
3852,0,,,0,0,1,,,0,OP3,scripted,OP3,2,3,4,2
3853,1,,,0,0,1,,,0,OP3,scripted,OP3,3,2,4,2
3854,1,,,0,0,1,,,0,OP3,scripted,OP3,3,1,4,2
3855,1,,,0,0,1,,,0,OP3,scripted,OP3,3,2,4,2
3856,0,,,0,0,1,,,0,OP3,scripted,OP3,2,3,4,2
3857,0,,,0,0,1,,,0,OP3,scripted,OP3,3,3,4,2
3858,1,,,0,0,1,,,0,OP3,scripted,OP3,3,1,4,2
3859,0,,,0,0,1,,,0,OP3,scripted,OP3,2,3,4,2
3860,0,,,0,0,1,,,0,OP3,scripted,OP3,2,3,4,2
3861,1,,,0,0,1,,,0,OP3,scripted,OP3,3,2,4,2
3862,0,,,0,0,1,,,0,OP3,scripted,OP3,3,3,4,2
3863,1,,,0,0,1,,,0,OP3,scripted,OP3,3,2,4,2
3864,1,,,0,0,1,,,0,OP3,scripted,OP3,3,2,4,2
3865,1,,,0,0,1,,,0,OP3,scripted,OP3,3,2,4,2
3866,1,,,0,0,1,,,0,OP3,scripted,OP3,3,2,4,2
3867,0,,,0,0,1,,,0,OP3,scripted,OP3,2,3,4,2
3868,0,,,0,0,1,,,0,OP3,scripted,OP3,3,3,4,2
3869,0,,,0,0,1,,,0,OP3,scripted,OP3,1,3,4,2
3870,0,,,0,0,1,,,0,OP3,scripted,OP3,3,3,4,2
3871,1,,,0,0,1,,,0,OP3,scripted,OP3,3,2,4,2
3872,1,,,0,0,1,,,0,OP3,scripted,OP3,3,2,4,2
3873,0,,,0,0,1,,,0,OP3,scripted,OP3,2,3,4,2
3874,1,,,0,0,1,,,0,OP3,scripted,OP3,3,2,4,2
3875,0,,,0,0,1,,,0,OP3,scripted,OP3,3,3,4,2
3876,0,,,0,0,1,,,0,OP3,scripted,OP3,2,3,4,2
3877,1,,,0,0,1,,,0,OP3,scripted,OP3,3,2,4,2
3878,0,,,0,0,1,,,0,OP3,scripted,OP3,2,3,4,2
3879,1,,,0,0,1,,,0,OP3,scripted,OP3,3,2,4,2
3880,1,,,0,0,1,,,0,OP3,scripted,OP3,3,2,4,2
3881,1,,,0,0,1,,,0,OP3,scripted,OP3,3,2,4,2
3882,0,,,0,0,1,,,0,OP3,scripted,OP3,3,3,4,2
3883,1,,,0,0,1,,,0,OP3,scripted,OP3,3,2,4,2
3884,0,,,0,0,1,,,0,OP3,scripted,OP3,2,3,4,2
3885,1,,,0,0,1,,,0,OP3,scripted,OP3,3,1,4,2
3886,1,,,0,0,1,,,0,OP3,scripted,OP3,3,2,4,2
3887,0,,,0,0,1,,,0,OP3,scripted,OP3,2,3,4,2
3888,1,,,0,0,1,,,0,OP3,scripted,OP3,3,2,4,2
3889,1,,,0,0,1,,,0,OP3,scripted,OP3,3,2,4,2
3890,0,,,0,0,1,,,0,OP3,scripted,OP3,1,3,4,2
3891,0,,,0,0,1,,,0,OP3,scripted,OP3,3,3,4,2
3892,1,,,0,0,1,,,0,OP3,scripted,OP3,3,2,4,2
3893,0,,,0,0,1,,,0,OP3,scripted,OP3,3,3,4,2
3894,1,,,0,0,1,,,0,OP3,scripted,OP3,3,2,4,2
3895,0,,,0,0,1,,,0,OP3,scripted,OP3,2,3,4,2
3896,0,,,0,0,1,,,0,OP3,scripted,OP3,2,3,4,2
3897,1,,,0,0,1,,,0,OP3,scripted,OP3,3,2,4,2
3898,1,,,0,0,1,,,0,OP3,scripted,OP3,3,2,4,2
3899,1,,,0,0,1,,,0,OP3,scripted,OP3,3,2,4,2
3900,0,,,0,0,1,,,0,OP3,scripted,OP3,2,3,4,2
3901,0,,,0,0,1,,,0,OP3,scripted,OP3,2,3,4,2
3902,1,,,0,0,1,,,0,OP3,scripted,OP3,3,2,4,2
3903,0,,,0,0,1,,,0,OP3,scripted,OP3,2,3,4,2
3904,1,,,0,0,1,,,0,OP3,scripted,OP3,3,2,4,2
3905,1,,,0,0,1,,,0,OP3,scripted,OP3,3,2,4,2
3906,1,,,0,0,1,,,0,OP3,scripted,OP3,3,2,4,2
3907,1,,,0,0,1,,,0,OP3,scripted,OP3,3,2,4,2
3908,0,,,0,0,1,,,0,OP3,scripted,OP3,2,3,4,2
3909,0,,,0,0,1,,,0,OP3,scripted,OP3,2,3,4,2
3910,1,,,0,0,1,,,0,OP3,scripted,OP3,3,2,4,2
3911,1,,,0,0,1,,,0,OP3,scripted,OP3,3,2,4,2
3912,0,,,0,0,1,,,0,OP3,scripted,OP3,3,3,4,2
3913,0,,,0,0,1,,,0,OP3,scripted,OP3,2,3,4,2
3914,0,,,0,0,1,,,0,OP3,scripted,OP3,3,3,4,2
3915,1,,,0,0,1,,,0,OP3,scripted,OP3,3,2,4,2
3916,1,,,0,0,1,,,0,OP3,scripted,OP3,3,2,4,2
3917,0,,,0,0,1,,,0,OP3,scripted,OP3,3,3,4,2
3918,0,,,0,0,1,,,0,OP3,scripted,OP3,3,3,4,2
3919,1,,,0,0,1,,,0,OP3,scripted,OP3,3,2,4,2
3920,0,,,0,0,1,,,0,OP3,scripted,OP3,2,3,4,2
3921,0,,,0,0,1,,,0,OP3,scripted,OP3,2,3,4,2
3922,1,,,0,0,1,,,0,OP3,scripted,OP3,3,2,4,2
3923,1,,,0,0,1,,,0,OP3,scripted,OP3,3,2,4,2
3924,1,,,0,0,1,,,0,OP3,scripted,OP3,3,2,4,2
3925,1,,,0,0,1,,,0,OP3,scripted,OP3,3,2,4,2
3926,0,,,0,0,1,,,0,OP3,scripted,OP3,2,3,4,2
3927,1,,,0,0,1,,,0,OP3,scripted,OP3,3,2,4,2
3928,1,,,0,0,1,,,0,OP3,scripted,OP3,3,2,4,2
3929,1,,,0,0,1,,,0,OP3,scripted,OP3,3,2,4,2
3930,1,,,0,0,1,,,0,OP3,scripted,OP3,3,2,4,2
3931,0,,,0,0,1,,,0,OP3,scripted,OP3,2,3,4,2
3932,1,,,0,0,1,,,0,OP3,scripted,OP3,3,1,4,2
3933,0,,,0,0,1,,,0,OP3,scripted,OP3,3,3,4,2
3934,0,,,0,0,1,,,0,OP3,scripted,OP3,2,3,4,2
3935,0,,,0,0,1,,,0,OP3,scripted,OP3,2,3,4,2
3936,0,,,0,0,1,,,0,OP3,scripted,OP3,3,3,4,2
3937,0,,,0,0,1,,,0,OP3,scripted,OP3,2,3,4,2
3938,1,,,0,0,1,,,0,OP3,scripted,OP3,3,1,4,2
3939,0,,,0,0,1,,,0,OP3,scripted,OP3,2,3,4,2
3940,0,,,0,0,1,,,0,OP3,scripted,OP3,3,3,4,2
3941,1,,,0,0,1,,,0,OP3,scripted,OP3,3,2,4,2
3942,1,,,0,0,1,,,0,OP3,scripted,OP3,3,2,4,2
3943,0,,,0,0,1,,,0,OP3,scripted,OP3,2,3,4,2
3944,1,,,0,0,1,,,0,OP3,scripted,OP3,3,2,4,2
3945,1,,,0,0,1,,,0,OP3,scripted,OP3,3,2,4,2
3946,1,,,0,0,1,,,0,OP3,scripted,OP3,3,2,4,2
3947,0,,,0,0,1,,,0,OP3,scripted,OP3,3,3,4,2
3948,0,,,0,0,1,,,0,OP3,scripted,OP3,2,3,4,2
3949,1,,,0,0,1,,,0,OP3,scripted,OP3,3,2,4,2
3950,0,,,0,0,1,,,0,OP3,scripted,OP3,3,3,4,2
3951,1,,,0,0,1,,,0,OP3,scripted,OP3,3,2,4,2
3952,1,,,0,0,1,,,0,OP3,scripted,OP3,3,2,4,2
3953,0,,,0,0,1,,,0,OP3,scripted,OP3,3,3,4,2
3954,1,,,0,0,1,,,0,OP3,scripted,OP3,3,2,4,2
3955,0,,,0,0,1,,,0,OP3,scripted,OP3,2,3,4,2
3956,1,,,0,0,1,,,0,OP3,scripted,OP3,3,2,4,2
3957,0,,,0,0,1,,,0,OP3,scripted,OP3,2,3,4,2
3958,1,,,0,0,1,,,0,OP3,scripted,OP3,3,2,4,2
3959,0,,,0,0,1,,,0,OP3,scripted,OP3,2,3,4,2
3960,1,,,0,0,1,,,0,OP3,scripted,OP3,3,2,4,2
3961,1,,,0,0,1,,,0,OP3,scripted,OP3,3,1,4,2
3962,1,,,0,0,1,,,0,OP3,scripted,OP3,3,2,4,2
3963,0,,,0,0,1,,,0,OP3,scripted,OP3,2,3,4,2
3964,1,,,0,0,1,,,0,OP3,scripted,OP3,3,2,4,2
3965,0,,,0,0,1,,,0,OP3,scripted,OP3,3,3,4,2
3966,0,,,0,0,1,,,0,OP3,scripted,OP3,2,3,4,2
3967,1,,,0,0,1,,,0,OP3,scripted,OP3,3,2,4,2
3968,1,,,0,0,1,,,0,OP3,scripted,OP3,3,2,4,2
3969,0,,,0,0,1,,,0,OP3,scripted,OP3,2,3,4,2
3970,0,,,0,0,1,,,0,OP3,scripted,OP3,2,3,4,2
3971,1,,,0,0,1,,,0,OP3,scripted,OP3,3,2,4,2
3972,0,,,0,0,1,,,0,OP3,scripted,OP3,2,3,4,2
3973,1,,,0,0,1,,,0,OP3,scripted,OP3,3,2,4,2
3974,0,,,0,0,1,,,0,OP3,scripted,OP3,3,3,4,2
3975,0,,,0,0,1,,,0,OP3,scripted,OP3,2,3,4,2
3976,0,,,0,0,1,,,0,OP3,scripted,OP3,3,3,4,2
3977,1,,,0,0,1,,,0,OP3,scripted,OP3,3,2,4,2
3978,0,,,0,0,1,,,0,OP3,scripted,OP3,2,3,4,2
3979,1,,,0,0,1,,,0,OP3,scripted,OP3,3,2,4,2
3980,1,,,0,0,1,,,0,OP3,scripted,OP3,3,2,4,2
3981,0,,,0,0,1,,,0,OP3,scripted,OP3,2,3,4,2
3982,0,,,0,0,1,,,0,OP3,scripted,OP3,2,3,4,2
3983,1,,,0,0,1,,,0,OP3,scripted,OP3,3,1,4,2
3984,1,,,0,0,1,,,0,OP3,scripted,OP3,3,2,4,2
3985,1,,,0,0,1,,,0,OP3,scripted,OP3,3,2,4,2
3986,0,,,0,0,1,,,0,OP3,scripted,OP3,2,3,4,2
3987,0,,,0,0,1,,,0,OP3,scripted,OP3,3,3,4,2
3988,0,,,0,0,1,,,0,OP3,scripted,OP3,3,3,4,2
3989,1,,,0,0,1,,,0,OP3,scripted,OP3,3,1,4,2
3990,1,,,0,0,1,,,0,OP3,scripted,OP3,3,2,4,2
3991,0,,,0,0,1,,,0,OP3,scripted,OP3,3,3,4,2
3992,1,,,0,0,1,,,0,OP3,scripted,OP3,3,2,4,2
3993,1,,,0,0,1,,,0,OP3,scripted,OP3,3,2,4,2
3994,0,,,0,0,1,,,0,OP3,scripted,OP3,2,3,4,2
3995,1,,,0,0,1,,,0,OP3,scripted,OP3,3,1,4,2
3996,1,,,0,0,1,,,0,OP3,scripted,OP3,3,2,4,2
3997,1,,,0,0,1,,,0,OP3,scripted,OP3,3,2,4,2
3998,0,,,0,0,1,,,0,OP3,scripted,OP3,2,3,4,2
3999,1,,,0,0,1,,,0,OP3,scripted,OP3,3,2,4,2
4000,0,,,0,0,1,,,0,OP3,scripted,OP3,2,3,4,2
4001,1,,,0,0,1,,,0,OP3,scripted,OP3,3,1,4,2
4002,1,,,0,0,1,,,0,OP3,scripted,OP3,3,2,4,2
4003,1,,,0,0,1,,,0,OP3,scripted,OP3,3,2,4,2
4004,1,,,0,0,1,,,0,OP3,scripted,OP3,3,2,4,2
4005,0,,,0,0,1,,,0,OP3,scripted,OP3,3,3,4,2
4006,1,,,0,0,1,,,0,OP3,scripted,OP3,3,2,4,2
4007,0,,,0,0,1,,,0,OP3,scripted,OP3,3,3,4,2
4008,0,,,0,0,1,,,0,OP3,scripted,OP3,3,3,4,2
4009,0,,,0,0,1,,,0,OP3,scripted,OP3,2,3,4,2
4010,0,,,0,0,1,,,0,OP3,scripted,OP3,2,3,4,2
4011,1,,,0,0,1,,,0,OP3,scripted,OP3,3,2,4,2
4012,1,,,0,0,1,,,0,OP3,scripted,OP3,3,2,4,2
4013,1,,,0,0,1,,,0,OP3,scripted,OP3,3,2,4,2
4014,0,,,0,0,1,,,0,OP3,scripted,OP3,2,3,4,2
4015,1,,,0,0,1,,,0,OP3,scripted,OP3,3,2,4,2
4016,0,,,0,0,1,,,0,OP3,scripted,OP3,1,3,4,2
4017,1,,,0,0,1,,,0,OP3,scripted,OP3,3,1,4,2
4018,0,,,0,0,1,,,0,OP3,scripted,OP3,3,3,4,2
4019,0,,,0,0,1,,,0,OP3,scripted,OP3,3,3,4,2
4020,1,,,0,0,1,,,0,OP3,scripted,OP3,3,2,4,2
4021,1,,,0,0,1,,,0,OP3,scripted,OP3,3,2,4,2
4022,0,,,0,0,1,,,0,OP3,scripted,OP3,2,3,4,2
4023,0,,,0,0,1,,,0,OP3,scripted,OP3,2,3,4,2
4024,1,,,0,0,1,,,0,OP3,scripted,OP3,3,2,4,2
4025,1,,,0,0,1,,,0,OP3,scripted,OP3,3,2,4,2
4026,1,,,0,0,1,,,0,OP3,scripted,OP3,3,2,4,2
4027,1,,,0,0,1,,,0,OP3,scripted,OP3,3,2,4,2
4028,0,,,0,0,1,,,0,OP3,scripted,OP3,3,3,4,2
4029,1,,,0,0,1,,,0,OP3,scripted,OP3,3,2,4,2
4030,1,,,0,0,1,,,0,OP3,scripted,OP3,3,2,4,2
4031,0,,,0,0,1,,,0,OP3,scripted,OP3,3,3,4,2
4032,0,,,0,0,1,,,0,OP3,scripted,OP3,3,3,4,2
4033,1,,,0,0,1,,,0,OP3,scripted,OP3,3,2,4,2
4034,1,,,0,0,1,,,0,OP3,scripted,OP3,3,2,4,2
4035,0,,,0,0,1,,,0,OP3,scripted,OP3,2,3,4,2
4036,0,,,0,0,1,,,0,OP3,scripted,OP3,3,3,4,2
4037,0,,,0,0,1,,,0,OP3,scripted,OP3,2,3,4,2
4038,1,,,0,0,1,,,0,OP3,scripted,OP3,3,1,4,2
4039,1,,,0,0,1,,,0,OP3,scripted,OP3,3,2,4,2
4040,0,,,0,0,1,,,0,OP3,scripted,OP3,1,3,4,2
4041,1,,,0,0,1,,,0,OP3,scripted,OP3,3,2,4,2
4042,0,,,0,0,1,,,0,OP3,scripted,OP3,2,3,4,2
4043,0,,,0,0,1,,,0,OP3,scripted,OP3,3,3,4,2
4044,1,,,0,0,1,,,0,OP3,scripted,OP3,3,2,4,2
4045,1,,,0,0,1,,,0,OP3,scripted,OP3,3,2,4,2
4046,0,,,0,0,1,,,0,OP3,scripted,OP3,3,3,4,2
4047,0,,,0,0,1,,,0,OP3,scripted,OP3,2,3,4,2
4048,0,,,0,0,1,,,0,OP3,scripted,OP3,2,3,4,2
4049,0,,,0,0,1,,,0,OP3,scripted,OP3,2,3,4,2
4050,0,,,0,0,1,,,0,OP3,scripted,OP3,2,3,4,2
4051,1,,,0,0,1,,,0,OP3,scripted,OP3,3,2,4,2
4052,1,,,0,0,1,,,0,OP3,scripted,OP3,3,2,4,2
4053,1,,,0,0,1,,,0,OP3,scripted,OP3,3,2,4,2
4054,0,,,0,0,1,,,0,OP3,scripted,OP3,3,3,4,2
4055,0,,,0,0,1,,,0,OP3,scripted,OP3,1,3,4,2
4056,1,,,0,0,1,,,0,OP3,scripted,OP3,3,2,4,2
4057,0,,,0,0,1,,,0,OP3,scripted,OP3,2,3,4,2
4058,1,,,0,0,1,,,0,OP3,scripted,OP3,3,2,4,2
4059,0,,,0,0,1,,,0,OP3,scripted,OP3,2,3,4,2
4060,0,,,0,0,1,,,0,OP3,scripted,OP3,3,3,4,2
4061,1,,,0,0,1,,,0,OP3,scripted,OP3,3,2,4,2
4062,0,,,0,0,1,,,0,OP3,scripted,OP3,2,3,4,2
4063,1,,,0,0,1,,,0,OP3,scripted,OP3,3,2,4,2
4064,1,,,0,0,1,,,0,OP3,scripted,OP3,3,1,4,2
4065,1,,,0,0,1,,,0,OP3,scripted,OP3,3,2,4,2
4066,1,,,0,0,1,,,0,OP3,scripted,OP3,3,2,4,2
4067,0,,,0,0,1,,,0,OP3,scripted,OP3,1,3,4,2
4068,0,,,0,0,1,,,0,OP3,scripted,OP3,2,3,4,2
4069,0,,,0,0,1,,,0,OP3,scripted,OP3,3,3,4,2
4070,0,,,0,0,1,,,0,OP3,scripted,OP3,2,3,4,2
4071,1,,,0,0,1,,,0,OP3,scripted,OP3,3,2,4,2
4072,1,,,0,0,1,,,0,OP3,scripted,OP3,3,2,4,2
4073,1,,,0,0,1,,,0,OP3,scripted,OP3,3,2,4,2
4074,0,,,0,0,1,,,0,OP3,scripted,OP3,2,3,4,2
4075,1,,,0,0,1,,,0,OP3,scripted,OP3,3,2,4,2
4076,0,,,0,0,1,,,0,OP3,scripted,OP3,2,3,4,2
4077,0,,,0,0,1,,,0,OP3,scripted,OP3,3,3,4,2
4078,0,,,0,0,1,,,0,OP3,scripted,OP3,2,3,4,2
4079,0,,,0,0,1,,,0,OP3,scripted,OP3,2,3,4,2
4080,0,,,0,0,1,,,0,OP3,scripted,OP3,2,3,4,2
4081,0,,,0,0,1,,,0,OP3,scripted,OP3,2,3,4,2
4082,0,,,0,0,1,,,0,OP3,scripted,OP3,3,3,4,2
4083,0,,,0,0,1,,,0,OP3,scripted,OP3,3,3,4,2
4084,1,,,0,0,1,,,0,OP3,scripted,OP3,3,2,4,2
4085,0,,,0,0,1,,,0,OP3,scripted,OP3,2,3,4,2
4086,0,,,0,0,1,,,0,OP3,scripted,OP3,2,3,4,2
4087,0,,,0,0,1,,,0,OP3,scripted,OP3,2,3,4,2
4088,1,,,0,0,1,,,0,OP3,scripted,OP3,3,2,4,2
4089,1,,,0,0,1,,,0,OP3,scripted,OP3,3,1,4,2
4090,0,,,0,0,1,,,0,OP3,scripted,OP3,3,3,4,2
4091,1,,,0,0,1,,,0,OP3,scripted,OP3,3,2,4,2
4092,1,,,0,0,1,,,0,OP3,scripted,OP3,3,2,4,2
4093,1,,,0,0,1,,,0,OP3,scripted,OP3,3,2,4,2
4094,1,,,0,0,1,,,0,OP3,scripted,OP3,3,2,4,2
4095,1,,,0,0,1,,,0,OP3,scripted,OP3,3,2,4,2
4096,1,,,0,0,1,,,0,OP3,scripted,OP3,3,2,4,2
4097,1,,,0,0,1,,,0,OP3,scripted,OP3,3,2,4,2
4098,0,,,0,0,1,,,0,OP3,scripted,OP3,3,3,4,2
4099,0,,,0,0,1,,,0,OP3,scripted,OP3,2,3,4,2
4100,0,,,0,0,1,,,0,OP3,scripted,OP3,3,3,4,2
4101,0,,,0,0,1,,,0,OP3,scripted,OP3,2,3,4,2
4102,1,,,0,0,1,,,0,OP3,scripted,OP3,3,2,4,2
4103,0,,,0,0,1,,,0,OP3,scripted,OP3,2,3,4,2
4104,0,,,0,0,1,,,0,OP3,scripted,OP3,3,3,4,2
4105,1,,,0,0,1,,,0,OP3,scripted,OP3,3,2,4,2
4106,0,,,0,0,1,,,0,OP3,scripted,OP3,2,3,4,2
4107,1,,,0,0,1,,,0,OP3,scripted,OP3,3,2,4,2
4108,0,,,0,0,1,,,0,OP3,scripted,OP3,2,3,4,2
4109,0,,,0,0,1,,,0,OP3,scripted,OP3,1,3,4,2
4110,1,,,0,0,1,,,0,OP3,scripted,OP3,3,2,4,2
4111,0,,,0,0,1,,,0,OP3,scripted,OP3,2,3,4,2
4112,0,,,0,0,1,,,0,OP3,scripted,OP3,2,3,4,2
4113,1,,,0,0,1,,,0,OP3,scripted,OP3,3,1,4,2
4114,1,,,0,0,1,,,0,OP3,scripted,OP3,3,2,4,2
4115,1,,,0,0,1,,,0,OP3,scripted,OP3,3,1,4,2
4116,1,,,0,0,1,,,0,OP3,scripted,OP3,3,2,4,2
4117,1,,,0,0,1,,,0,OP3,scripted,OP3,3,2,4,2
4118,0,,,0,0,1,,,0,OP3,scripted,OP3,3,3,4,2
4119,0,,,0,0,1,,,0,OP3,scripted,OP3,3,3,4,2
4120,0,,,0,0,1,,,0,OP3,scripted,OP3,2,3,4,2
4121,1,,,0,0,1,,,0,OP3,scripted,OP3,3,2,4,2
4122,0,,,0,0,1,,,0,OP3,scripted,OP3,3,3,4,2
4123,0,,,0,0,1,,,0,OP3,scripted,OP3,3,3,4,2
4124,0,,,0,0,1,,,0,OP3,scripted,OP3,2,3,4,2
4125,1,,,0,0,1,,,0,OP3,scripted,OP3,3,2,4,2
4126,1,,,0,0,1,,,0,OP3,scripted,OP3,3,2,4,2
4127,1,,,0,0,1,,,0,OP3,scripted,OP3,3,2,4,2
4128,1,,,0,0,1,,,0,OP3,scripted,OP3,3,2,4,2
4129,0,,,0,0,1,,,0,OP3,scripted,OP3,3,3,4,2
4130,0,,,0,0,1,,,0,OP3,scripted,OP3,1,3,4,2
4131,1,,,0,0,1,,,0,OP3,scripted,OP3,3,2,4,2
4132,0,,,0,0,1,,,0,OP3,scripted,OP3,2,3,4,2
4133,1,,,0,0,1,,,0,OP3,scripted,OP3,3,2,4,2
4134,1,,,0,0,1,,,0,OP3,scripted,OP3,3,2,4,2
4135,1,,,0,0,1,,,0,OP3,scripted,OP3,3,2,4,2
4136,0,,,0,0,1,,,0,OP3,scripted,OP3,3,3,4,2
4137,1,,,0,0,1,,,0,OP3,scripted,OP3,3,2,4,2
4138,0,,,0,0,1,,,0,OP3,scripted,OP3,2,3,4,2
4139,0,,,0,0,1,,,0,OP3,scripted,OP3,2,3,4,2
4140,0,,,0,0,1,,,0,OP3,scripted,OP3,3,3,4,2
4141,0,,,0,0,1,,,0,OP3,scripted,OP3,2,3,4,2
4142,1,,,0,0,1,,,0,OP3,scripted,OP3,3,2,4,2
4143,0,,,0,0,1,,,0,OP3,scripted,OP3,3,3,4,2
4144,0,,,0,0,1,,,0,OP3,scripted,OP3,2,3,4,2
4145,1,,,0,0,1,,,0,OP3,scripted,OP3,3,2,4,2
4146,0,,,0,0,1,,,0,OP3,scripted,OP3,3,3,4,2
4147,1,,,0,0,1,,,0,OP3,scripted,OP3,3,2,4,2
4148,1,,,0,0,1,,,0,OP3,scripted,OP3,3,2,4,2
4149,0,,,0,0,1,,,0,OP3,scripted,OP3,2,3,4,2
4150,0,,,0,0,1,,,0,OP3,scripted,OP3,3,3,4,2
4151,1,,,0,0,1,,,0,OP3,scripted,OP3,3,1,4,2
4152,0,,,0,0,1,,,0,OP3,scripted,OP3,3,3,4,2
4153,1,,,0,0,1,,,0,OP3,scripted,OP3,3,2,4,2
4154,1,,,0,0,1,,,0,OP3,scripted,OP3,3,1,4,2
4155,0,,,0,0,1,,,0,OP3,scripted,OP3,2,3,4,2
4156,0,,,0,0,1,,,0,OP3,scripted,OP3,3,3,4,2
4157,1,,,0,0,1,,,0,OP3,scripted,OP3,3,2,4,2
4158,0,,,0,0,1,,,0,OP3,scripted,OP3,2,3,4,2
4159,1,,,0,0,1,,,0,OP3,scripted,OP3,3,2,4,2
4160,0,,,0,0,1,,,0,OP3,scripted,OP3,2,3,4,2
4161,0,,,0,0,1,,,0,OP3,scripted,OP3,2,3,4,2
4162,1,,,0,0,1,,,0,OP3,scripted,OP3,3,2,4,2
4163,0,,,0,0,1,,,0,OP3,scripted,OP3,3,3,4,2
4164,1,,,0,0,1,,,0,OP3,scripted,OP3,3,2,4,2
4165,1,,,0,0,1,,,0,OP3,scripted,OP3,3,1,4,2
4166,1,,,0,0,1,,,0,OP3,scripted,OP3,3,1,4,2
4167,0,,,0,0,1,,,0,OP3,scripted,OP3,2,3,4,2
4168,1,,,0,0,1,,,0,OP3,scripted,OP3,3,2,4,2
4169,1,,,0,0,1,,,0,OP3,scripted,OP3,3,2,4,2
4170,0,,,0,0,1,,,0,OP3,scripted,OP3,2,3,4,2
4171,1,,,0,0,1,,,0,OP3,scripted,OP3,3,2,4,2
4172,0,,,0,0,1,,,0,OP3,scripted,OP3,3,3,4,2
4173,0,,,0,0,1,,,0,OP3,scripted,OP3,3,3,4,2
4174,1,,,0,0,1,,,0,OP3,scripted,OP3,3,2,4,2
4175,1,,,0,0,1,,,0,OP3,scripted,OP3,3,2,4,2
4176,0,,,0,0,1,,,0,OP3,scripted,OP3,3,3,4,2
4177,0,,,0,0,1,,,0,OP3,scripted,OP3,3,3,4,2
4178,1,,,0,0,1,,,0,OP3,scripted,OP3,3,2,4,2
4179,0,,,0,0,1,,,0,OP3,scripted,OP3,2,3,4,2
4180,0,,,0,0,1,,,0,OP3,scripted,OP3,3,3,4,2
4181,1,,,0,0,1,,,0,OP3,scripted,OP3,3,2,4,2
4182,0,,,0,0,1,,,0,OP3,scripted,OP3,2,3,4,2
4183,1,,,0,0,1,,,0,OP3,scripted,OP3,3,2,4,2
4184,1,,,0,0,1,,,0,OP3,scripted,OP3,3,1,4,2
4185,1,,,0,0,1,,,0,OP3,scripted,OP3,3,2,4,2
4186,1,,,0,0,1,,,0,OP3,scripted,OP3,3,2,4,2
4187,1,,,0,0,1,,,0,OP3,scripted,OP3,3,2,4,2
4188,1,,,0,0,1,,,0,OP3,scripted,OP3,3,1,4,2
4189,1,,,0,0,1,,,0,OP3,scripted,OP3,3,2,4,2
4190,0,,,0,0,1,,,0,OP3,scripted,OP3,3,3,4,2
4191,1,,,0,0,1,,,0,OP3,scripted,OP3,3,2,4,2
4192,0,,,0,0,1,,,0,OP3,scripted,OP3,2,3,4,2
4193,1,,,0,0,1,,,0,OP3,scripted,OP3,3,2,4,2
4194,1,,,0,0,1,,,0,OP3,scripted,OP3,3,2,4,2
4195,1,,,0,0,1,,,0,OP3,scripted,OP3,3,2,4,2
4196,1,,,0,0,1,,,0,OP3,scripted,OP3,3,2,4,2
4197,1,,,0,0,1,,,0,OP3,scripted,OP3,3,2,4,2
4198,0,,,0,0,1,,,0,OP3,scripted,OP3,2,3,4,2
4199,0,,,0,0,1,,,0,OP3,scripted,OP3,3,3,4,2
4200,0,,,0,0,1,,,0,OP3,scripted,OP3,2,3,4,2
4201,1,,,0,0,1,,,0,OP3,scripted,OP3,3,2,4,2
4202,1,,,0,0,1,,,0,OP3,scripted,OP3,3,2,4,2
4203,1,,,0,0,1,,,0,OP3,scripted,OP3,3,2,4,2
4204,1,,,0,0,1,,,0,OP3,scripted,OP3,3,2,4,2
4205,1,,,0,0,1,,,0,OP3,scripted,OP3,3,1,4,2
4206,1,,,0,0,1,,,0,OP3,scripted,OP3,3,2,4,2
4207,0,,,0,0,1,,,0,OP3,scripted,OP3,3,3,4,2
4208,0,,,0,0,1,,,0,OP3,scripted,OP3,3,3,4,2
4209,0,,,0,0,1,,,0,OP3,scripted,OP3,2,3,4,2
4210,1,,,0,0,1,,,0,OP3,scripted,OP3,3,2,4,2
4211,0,,,0,0,1,,,0,OP3,scripted,OP3,2,3,4,2
4212,1,,,0,0,1,,,0,OP3,scripted,OP3,3,2,4,2
4213,1,,,0,0,1,,,0,OP3,scripted,OP3,3,2,4,2
4214,1,,,0,0,1,,,0,OP3,scripted,OP3,3,2,4,2
4215,1,,,0,0,1,,,0,OP3,scripted,OP3,3,2,4,2
4216,0,,,0,0,1,,,0,OP3,scripted,OP3,2,3,4,2
4217,1,,,0,0,1,,,0,OP3,scripted,OP3,3,2,4,2
4218,1,,,0,0,1,,,0,OP3,scripted,OP3,3,2,4,2
4219,0,,,0,0,1,,,0,OP3,scripted,OP3,2,3,4,2
4220,1,,,0,0,1,,,0,OP3,scripted,OP3,3,2,4,2
4221,1,,,0,0,1,,,0,OP3,scripted,OP3,3,1,4,2
4222,1,,,0,0,1,,,0,OP3,scripted,OP3,3,2,4,2
4223,1,,,0,0,1,,,0,OP3,scripted,OP3,3,1,4,2
4224,1,,,0,0,1,,,0,OP3,scripted,OP3,3,2,4,2
4225,1,,,0,0,1,,,0,OP3,scripted,OP3,3,2,4,2
4226,1,,,0,0,1,,,0,OP3,scripted,OP3,3,2,4,2
4227,1,,,0,0,1,,,0,OP3,scripted,OP3,3,2,4,2
4228,1,,,0,0,1,,,0,OP3,scripted,OP3,3,2,4,2
4229,1,,,0,0,1,,,0,OP3,scripted,OP3,3,2,4,2
4230,1,,,0,0,1,,,0,OP3,scripted,OP3,3,2,4,2
4231,1,,,0,0,1,,,0,OP3,scripted,OP3,3,2,4,2
4232,1,,,0,0,1,,,0,OP3,scripted,OP3,3,2,4,2
4233,1,,,0,0,1,,,0,OP3,scripted,OP3,3,2,4,2
4234,1,,,0,0,1,,,0,OP3,scripted,OP3,3,2,4,2
4235,0,,,0,0,1,,,0,OP3,scripted,OP3,3,3,4,2
4236,1,,,0,0,1,,,0,OP3,scripted,OP3,3,2,4,2
4237,1,,,0,0,1,,,0,OP3,scripted,OP3,3,2,4,2
4238,0,,,0,0,1,,,0,OP3,scripted,OP3,3,3,4,2
4239,1,,,0,0,1,,,0,OP3,scripted,OP3,3,2,4,2
4240,1,,,0,0,1,,,0,OP3,scripted,OP3,3,2,4,2
4241,1,,,0,0,1,,,0,OP3,scripted,OP3,3,2,4,2
4242,1,,,0,0,1,,,0,OP3,scripted,OP3,3,2,4,2
4243,0,,,0,0,1,,,0,OP3,scripted,OP3,1,3,4,2
4244,0,,,0,0,1,,,0,OP3,scripted,OP3,2,3,4,2
4245,1,,,0,0,1,,,0,OP3,scripted,OP3,3,2,4,2
4246,1,,,0,0,1,,,0,OP3,scripted,OP3,3,1,4,2
4247,0,,,0,0,1,,,0,OP3,scripted,OP3,3,3,4,2
4248,1,,,0,0,1,,,0,OP3,scripted,OP3,3,2,4,2
4249,1,,,0,0,1,,,0,OP3,scripted,OP3,3,2,4,2
4250,1,,,0,0,1,,,0,OP3,scripted,OP3,3,2,4,2
4251,0,,,0,0,1,,,0,OP3,scripted,OP3,2,3,4,2
4252,1,,,0,0,1,,,0,OP3,scripted,OP3,3,2,4,2
4253,1,,,0,0,1,,,0,OP3,scripted,OP3,3,2,4,2
4254,1,,,0,0,1,,,0,OP3,scripted,OP3,3,2,4,2
4255,1,,,0,0,1,,,0,OP3,scripted,OP3,3,2,4,2
4256,0,,,0,0,1,,,0,OP3,scripted,OP3,3,3,4,2
4257,0,,,0,0,1,,,0,OP3,scripted,OP3,2,3,4,2
4258,1,,,0,0,1,,,0,OP3,scripted,OP3,3,2,4,2
4259,0,,,0,0,1,,,0,OP3,scripted,OP3,2,3,4,2
4260,1,,,0,0,1,,,0,OP3,scripted,OP3,3,2,4,2
4261,0,,,0,0,1,,,0,OP3,scripted,OP3,1,3,4,2
4262,1,,,0,0,1,,,0,OP3,scripted,OP3,3,2,4,2
4263,1,,,0,0,1,,,0,OP3,scripted,OP3,3,2,4,2
4264,0,,,0,0,1,,,0,OP3,scripted,OP3,3,3,4,2
4265,0,,,0,0,1,,,0,OP3,scripted,OP3,3,3,4,2
4266,1,,,0,0,1,,,0,OP3,scripted,OP3,3,2,4,2
4267,0,,,0,0,1,,,0,OP3,scripted,OP3,2,3,4,2
4268,0,,,0,0,1,,,0,OP3,scripted,OP3,3,3,4,2
4269,0,,,0,0,1,,,0,OP3,scripted,OP3,2,3,4,2
4270,1,,,0,0,1,,,0,OP3,scripted,OP3,3,2,4,2
4271,1,,,0,0,1,,,0,OP3,scripted,OP3,3,2,4,2
4272,1,,,0,0,1,,,0,OP3,scripted,OP3,3,1,4,2
4273,1,,,0,0,1,,,0,OP3,scripted,OP3,3,2,4,2
4274,1,,,0,0,1,,,0,OP3,scripted,OP3,3,2,4,2
4275,0,,,0,0,1,,,0,OP3,scripted,OP3,2,3,4,2
4276,1,,,0,0,1,,,0,OP3,scripted,OP3,3,2,4,2
4277,0,,,0,0,1,,,0,OP3,scripted,OP3,2,3,4,2
4278,1,,,0,0,1,,,0,OP3,scripted,OP3,3,2,4,2
4279,1,,,0,0,1,,,0,OP3,scripted,OP3,3,2,4,2
4280,0,,,0,0,1,,,0,OP3,scripted,OP3,2,3,4,2
4281,0,,,0,0,1,,,0,OP3,scripted,OP3,2,3,4,2
4282,0,,,0,0,1,,,0,OP3,scripted,OP3,3,3,4,2
4283,1,,,0,0,1,,,0,OP3,scripted,OP3,3,2,4,2
4284,0,,,0,0,1,,,0,OP3,scripted,OP3,3,3,4,2
4285,0,,,0,0,1,,,0,OP3,scripted,OP3,1,3,4,2
4286,1,,,0,0,1,,,0,OP3,scripted,OP3,3,2,4,2
4287,0,,,0,0,1,,,0,OP3,scripted,OP3,2,3,4,2
4288,1,,,0,0,1,,,0,OP3,scripted,OP3,3,2,4,2
4289,0,,,0,0,1,,,0,OP3,scripted,OP3,3,3,4,2
4290,1,,,0,0,1,,,0,OP3,scripted,OP3,3,2,4,2
4291,0,,,0,0,1,,,0,OP3,scripted,OP3,2,3,4,2
4292,1,,,0,0,1,,,0,OP3,scripted,OP3,3,2,4,2
4293,1,,,0,0,1,,,0,OP3,scripted,OP3,3,2,4,2
4294,0,,,0,0,1,,,0,OP3,scripted,OP3,2,3,4,2
4295,1,,,0,0,1,,,0,OP3,scripted,OP3,3,2,4,2
4296,0,,,0,0,1,,,0,OP3,scripted,OP3,2,3,4,2
4297,1,,,0,0,1,,,0,OP3,scripted,OP3,3,2,4,2
4298,0,,,0,0,1,,,0,OP3,scripted,OP3,3,3,4,2
4299,1,,,0,0,1,,,0,OP3,scripted,OP3,3,2,4,2
4300,1,,,0,0,1,,,0,OP3,scripted,OP3,3,2,4,2
4301,1,,,0,0,1,,,0,OP3,scripted,OP3,3,2,4,2
4302,0,,,0,0,1,,,0,OP3,scripted,OP3,3,3,4,2
4303,1,,,0,0,1,,,0,OP3,scripted,OP3,3,2,4,2
4304,0,,,0,0,1,,,0,OP3,scripted,OP3,2,3,4,2
4305,0,,,0,0,1,,,0,OP3,scripted,OP3,3,3,4,2
4306,1,,,0,0,1,,,0,OP3,scripted,OP3,3,1,4,2
4307,1,,,0,0,1,,,0,OP3,scripted,OP3,3,2,4,2
4308,1,,,0,0,1,,,0,OP3,scripted,OP3,3,2,4,2
4309,1,,,0,0,1,,,0,OP3,scripted,OP3,3,2,4,2
4310,1,,,0,0,1,,,0,OP3,scripted,OP3,3,2,4,2
4311,0,,,0,0,1,,,0,OP3,scripted,OP3,2,3,4,2
4312,0,,,0,0,1,,,0,OP3,scripted,OP3,2,3,4,2
4313,1,,,0,0,1,,,0,OP3,scripted,OP3,3,1,4,2
4314,1,,,0,0,1,,,0,OP3,scripted,OP3,3,2,4,2
4315,1,,,0,0,1,,,0,OP3,scripted,OP3,3,2,4,2
4316,0,,,0,0,1,,,0,OP3,scripted,OP3,2,3,4,2
4317,1,,,0,0,1,,,0,OP3,scripted,OP3,3,2,4,2
4318,1,,,0,0,1,,,0,OP3,scripted,OP3,3,2,4,2
4319,0,,,0,0,1,,,0,OP3,scripted,OP3,2,3,4,2
4320,1,,,0,0,1,,,0,OP3,scripted,OP3,3,2,4,2
4321,1,,,0,0,1,,,0,OP3,scripted,OP3,3,2,4,2
4322,1,,,0,0,1,,,0,OP3,scripted,OP3,3,2,4,2
4323,0,,,0,0,1,,,0,OP3,scripted,OP3,3,3,4,2
4324,1,,,0,0,1,,,0,OP3,scripted,OP3,3,2,4,2
4325,1,,,0,0,1,,,0,OP3,scripted,OP3,3,2,4,2
4326,0,,,0,0,1,,,0,OP3,scripted,OP3,1,3,4,2
4327,0,,,0,0,1,,,0,OP3,scripted,OP3,3,3,4,2
4328,1,,,0,0,1,,,0,OP3,scripted,OP3,3,1,4,2
4329,0,,,0,0,1,,,0,OP3,scripted,OP3,2,3,4,2
4330,0,,,0,0,1,,,0,OP3,scripted,OP3,3,3,4,2
4331,1,,,0,0,1,,,0,OP3,scripted,OP3,3,2,4,2
4332,0,,,0,0,1,,,0,OP3,scripted,OP3,3,3,4,2
4333,0,,,0,0,1,,,0,OP3,scripted,OP3,2,3,4,2
4334,0,,,0,0,1,,,0,OP3,scripted,OP3,2,3,4,2
4335,0,,,0,0,1,,,0,OP3,scripted,OP3,2,3,4,2
4336,0,,,0,0,1,,,0,OP3,scripted,OP3,2,3,4,2
4337,1,,,0,0,1,,,0,OP3,scripted,OP3,3,2,4,2
4338,0,,,0,0,1,,,0,OP3,scripted,OP3,3,3,4,2
4339,1,,,0,0,1,,,0,OP3,scripted,OP3,3,1,4,2
4340,0,,,0,0,1,,,0,OP3,scripted,OP3,3,3,4,2
4341,0,,,0,0,1,,,0,OP3,scripted,OP3,2,3,4,2
4342,1,,,0,0,1,,,0,OP3,scripted,OP3,3,2,4,2
4343,1,,,0,0,1,,,0,OP3,scripted,OP3,3,2,4,2
4344,0,,,0,0,1,,,0,OP3,scripted,OP3,1,3,4,2
4345,1,,,0,0,1,,,0,OP3,scripted,OP3,3,1,4,2
4346,0,,,0,0,1,,,0,OP3,scripted,OP3,3,3,4,2
4347,1,,,0,0,1,,,0,OP3,scripted,OP3,3,1,4,2
4348,1,,,0,0,1,,,0,OP3,scripted,OP3,3,1,4,2
4349,1,,,0,0,1,,,0,OP3,scripted,OP3,3,2,4,2
4350,1,,,0,0,1,,,0,OP3,scripted,OP3,3,2,4,2
4351,0,,,0,0,1,,,0,OP3,scripted,OP3,2,3,4,2
4352,1,,,0,0,1,,,0,OP3,scripted,OP3,3,1,4,2
4353,1,,,0,0,1,,,0,OP3,scripted,OP3,3,1,4,2
4354,1,,,0,0,1,,,0,OP3,scripted,OP3,3,2,4,2
4355,0,,,0,0,1,,,0,OP3,scripted,OP3,2,3,4,2
4356,1,,,0,0,1,,,0,OP3,scripted,OP3,3,2,4,2
4357,1,,,0,0,1,,,0,OP3,scripted,OP3,3,1,4,2
4358,0,,,0,0,1,,,0,OP3,scripted,OP3,2,3,4,2
4359,1,,,0,0,1,,,0,OP3,scripted,OP3,3,2,4,2
4360,1,,,0,0,1,,,0,OP3,scripted,OP3,3,2,4,2
4361,1,,,0,0,1,,,0,OP3,scripted,OP3,3,2,4,2
4362,1,,,0,0,1,,,0,OP3,scripted,OP3,3,2,4,2
4363,1,,,0,0,1,,,0,OP3,scripted,OP3,3,2,4,2
4364,0,,,0,0,1,,,0,OP3,scripted,OP3,2,3,4,2
4365,1,,,0,0,1,,,0,OP3,scripted,OP3,3,2,4,2
4366,1,,,0,0,1,,,0,OP3,scripted,OP3,3,2,4,2
4367,0,,,0,0,1,,,0,OP3,scripted,OP3,1,3,4,2
4368,1,,,0,0,1,,,0,OP3,scripted,OP3,3,2,4,2
4369,0,,,0,0,1,,,0,OP3,scripted,OP3,2,3,4,2
4370,1,,,0,0,1,,,0,OP3,scripted,OP3,3,2,4,2
4371,1,,,0,0,1,,,0,OP3,scripted,OP3,3,2,4,2
4372,0,,,0,0,1,,,0,OP3,scripted,OP3,3,3,4,2
4373,0,,,0,0,1,,,0,OP3,scripted,OP3,2,3,4,2
4374,1,,,0,0,1,,,0,OP3,scripted,OP3,3,2,4,2
4375,1,,,0,0,1,,,0,OP3,scripted,OP3,3,2,4,2
4376,1,,,0,0,1,,,0,OP3,scripted,OP3,3,2,4,2
4377,1,,,0,0,1,,,0,OP3,scripted,OP3,3,2,4,2
4378,0,,,0,0,1,,,0,OP3,scripted,OP3,2,3,4,2
4379,0,,,0,0,1,,,0,OP3,scripted,OP3,2,3,4,2
4380,0,,,0,0,1,,,0,OP3,scripted,OP3,2,3,4,2
4381,0,,,0,0,1,,,0,OP3,scripted,OP3,2,3,4,2
4382,1,,,0,0,1,,,0,OP3,scripted,OP3,3,2,4,2
4383,0,,,0,0,1,,,0,OP3,scripted,OP3,2,3,4,2
4384,1,,,0,0,1,,,0,OP3,scripted,OP3,3,2,4,2
4385,0,,,0,0,1,,,0,OP3,scripted,OP3,2,3,4,2
4386,1,,,0,0,1,,,0,OP3,scripted,OP3,3,1,4,2
4387,1,,,0,0,1,,,0,OP3,scripted,OP3,3,2,4,2
4388,0,,,0,0,1,,,0,OP3,scripted,OP3,3,3,4,2
4389,0,,,0,0,1,,,0,OP3,scripted,OP3,2,3,4,2
4390,0,,,0,0,1,,,0,OP3,scripted,OP3,3,3,4,2
4391,1,,,0,0,1,,,0,OP3,scripted,OP3,3,2,4,2
4392,0,,,0,0,1,,,0,OP3,scripted,OP3,2,3,4,2
4393,0,,,0,0,1,,,0,OP3,scripted,OP3,1,3,4,2
4394,0,,,0,0,1,,,0,OP3,scripted,OP3,2,3,4,2
4395,0,,,0,0,1,,,0,OP3,scripted,OP3,3,3,4,2
4396,1,,,0,0,1,,,0,OP3,scripted,OP3,3,2,4,2
4397,1,,,0,0,1,,,0,OP3,scripted,OP3,3,2,4,2
4398,1,,,0,0,1,,,0,OP3,scripted,OP3,3,2,4,2
4399,1,,,0,0,1,,,0,OP3,scripted,OP3,3,2,4,2
4400,0,,,0,0,1,,,0,OP3,scripted,OP3,3,3,4,2
4401,1,,,0,0,1,,,0,OP3,scripted,OP3,3,2,4,2
4402,0,,,0,0,1,,,0,OP3,scripted,OP3,2,3,4,2
4403,0,,,0,0,1,,,0,OP3,scripted,OP3,2,3,4,2
4404,0,,,0,0,1,,,0,OP3,scripted,OP3,3,3,4,2
4405,0,,,0,0,1,,,0,OP3,scripted,OP3,3,3,4,2
4406,0,,,0,0,1,,,0,OP3,scripted,OP3,2,3,4,2
4407,0,,,0,0,1,,,0,OP3,scripted,OP3,2,3,4,2
4408,1,,,0,0,1,,,0,OP3,scripted,OP3,3,2,4,2
4409,1,,,0,0,1,,,0,OP3,scripted,OP3,3,2,4,2
4410,0,,,0,0,1,,,0,OP3,scripted,OP3,3,3,4,2
4411,1,,,0,0,1,,,0,OP3,scripted,OP3,3,2,4,2
4412,1,,,0,0,1,,,0,OP3,scripted,OP3,3,2,4,2
4413,0,,,0,0,1,,,0,OP3,scripted,OP3,3,3,4,2
4414,0,,,0,0,1,,,0,OP3,scripted,OP3,2,3,4,2
4415,0,,,0,0,1,,,0,OP3,scripted,OP3,2,3,4,2
4416,0,,,0,0,1,,,0,OP3,scripted,OP3,2,3,4,2
4417,1,,,0,0,1,,,0,OP3,scripted,OP3,3,2,4,2
4418,1,,,0,0,1,,,0,OP3,scripted,OP3,3,2,4,2
4419,0,,,0,0,1,,,0,OP3,scripted,OP3,2,3,4,2
4420,1,,,0,0,1,,,0,OP3,scripted,OP3,3,2,4,2
4421,1,,,0,0,1,,,0,OP3,scripted,OP3,3,2,4,2
4422,0,,,0,0,1,,,0,OP3,scripted,OP3,3,3,4,2
4423,1,,,0,0,1,,,0,OP3,scripted,OP3,3,2,4,2
4424,0,,,0,0,1,,,0,OP3,scripted,OP3,2,3,4,2
4425,1,,,0,0,1,,,0,OP3,scripted,OP3,3,2,4,2
4426,0,,,0,0,1,,,0,OP3,scripted,OP3,2,3,4,2
4427,1,,,0,0,1,,,0,OP3,scripted,OP3,3,2,4,2
4428,1,,,0,0,1,,,0,OP3,scripted,OP3,3,2,4,2
4429,0,,,0,0,1,,,0,OP3,scripted,OP3,2,3,4,2
4430,1,,,0,0,1,,,0,OP3,scripted,OP3,3,2,4,2
4431,1,,,0,0,1,,,0,OP3,scripted,OP3,3,2,4,2
4432,1,,,0,0,1,,,0,OP3,scripted,OP3,3,2,4,2
4433,1,,,0,0,1,,,0,OP3,scripted,OP3,3,2,4,2
4434,0,,,0,0,1,,,0,OP3,scripted,OP3,1,3,4,2
4435,1,,,0,0,1,,,0,OP3,scripted,OP3,3,2,4,2
4436,1,,,0,0,1,,,0,OP3,scripted,OP3,3,2,4,2
4437,0,,,0,0,1,,,0,OP3,scripted,OP3,3,3,4,2
4438,1,,,0,0,1,,,0,OP3,scripted,OP3,3,2,4,2
4439,0,,,0,0,1,,,0,OP3,scripted,OP3,2,3,4,2
4440,1,,,0,0,1,,,0,OP3,scripted,OP3,3,2,4,2
4441,0,,,0,0,1,,,0,OP3,scripted,OP3,3,3,4,2
4442,1,,,0,0,1,,,0,OP3,scripted,OP3,3,1,4,2
4443,1,,,0,0,1,,,0,OP3,scripted,OP3,3,2,4,2
4444,0,,,0,0,1,,,0,OP3,scripted,OP3,2,3,4,2
4445,1,,,0,0,1,,,0,OP3,scripted,OP3,3,1,4,2
4446,1,,,0,0,1,,,0,OP3,scripted,OP3,3,2,4,2
4447,1,,,0,0,1,,,0,OP3,scripted,OP3,3,2,4,2
4448,0,,,0,0,1,,,0,OP3,scripted,OP3,2,3,4,2
4449,1,,,0,0,1,,,0,OP3,scripted,OP3,3,2,4,2
4450,0,,,0,0,1,,,0,OP3,scripted,OP3,2,3,4,2
4451,0,,,0,0,1,,,0,OP3,scripted,OP3,2,3,4,2
4452,1,,,0,0,1,,,0,OP3,scripted,OP3,3,2,4,2
4453,1,,,0,0,1,,,0,OP3,scripted,OP3,3,2,4,2
4454,1,,,0,0,1,,,0,OP3,scripted,OP3,3,2,4,2
4455,0,,,0,0,1,,,0,OP3,scripted,OP3,2,3,4,2
4456,0,,,0,0,1,,,0,OP3,scripted,OP3,3,3,4,2
4457,1,,,0,0,1,,,0,OP3,scripted,OP3,3,2,4,2
4458,1,,,0,0,1,,,0,OP3,scripted,OP3,3,2,4,2
4459,1,,,0,0,1,,,0,OP3,scripted,OP3,3,1,4,2
4460,1,,,0,0,1,,,0,OP3,scripted,OP3,3,2,4,2
4461,1,,,0,0,1,,,0,OP3,scripted,OP3,3,2,4,2
4462,1,,,0,0,1,,,0,OP3,scripted,OP3,3,2,4,2
4463,0,,,0,0,1,,,0,OP3,scripted,OP3,3,3,4,2
4464,1,,,0,0,1,,,0,OP3,scripted,OP3,3,2,4,2
4465,1,,,0,0,1,,,0,OP3,scripted,OP3,3,2,4,2
4466,1,,,0,0,1,,,0,OP3,scripted,OP3,3,1,4,2
4467,1,,,0,0,1,,,0,OP3,scripted,OP3,3,2,4,2
4468,0,,,0,0,1,,,0,OP3,scripted,OP3,3,3,4,2
4469,1,,,0,0,1,,,0,OP3,scripted,OP3,3,2,4,2
4470,0,,,0,0,1,,,0,OP3,scripted,OP3,2,3,4,2
4471,0,,,0,0,1,,,0,OP3,scripted,OP3,2,3,4,2
4472,1,,,0,0,1,,,0,OP3,scripted,OP3,3,2,4,2
4473,1,,,0,0,1,,,0,OP3,scripted,OP3,3,2,4,2
4474,1,,,0,0,1,,,0,OP3,scripted,OP3,3,2,4,2
4475,0,,,0,0,1,,,0,OP3,scripted,OP3,3,3,4,2
4476,1,,,0,0,1,,,0,OP3,scripted,OP3,3,2,4,2
4477,0,,,0,0,1,,,0,OP3,scripted,OP3,2,3,4,2
4478,0,,,0,0,1,,,0,OP3,scripted,OP3,2,3,4,2
4479,0,,,0,0,1,,,0,OP3,scripted,OP3,2,3,4,2
4480,1,,,0,0,1,,,0,OP3,scripted,OP3,3,2,4,2
4481,0,,,0,0,1,,,0,OP3,scripted,OP3,1,3,4,2
4482,0,,,0,0,1,,,0,OP3,scripted,OP3,2,3,4,2
4483,1,,,0,0,1,,,0,OP3,scripted,OP3,3,2,4,2
4484,0,,,0,0,1,,,0,OP3,scripted,OP3,3,3,4,2
4485,0,,,0,0,1,,,0,OP3,scripted,OP3,3,3,4,2
4486,0,,,0,0,1,,,0,OP3,scripted,OP3,3,3,4,2
4487,1,,,0,0,1,,,0,OP3,scripted,OP3,3,2,4,2
4488,1,,,0,0,1,,,0,OP3,scripted,OP3,3,2,4,2
4489,0,,,0,0,1,,,0,OP3,scripted,OP3,2,3,4,2
4490,1,,,0,0,1,,,0,OP3,scripted,OP3,3,2,4,2
4491,1,,,0,0,1,,,0,OP3,scripted,OP3,3,2,4,2
4492,1,,,0,0,1,,,0,OP3,scripted,OP3,3,2,4,2
4493,0,,,0,0,1,,,0,OP3,scripted,OP3,3,3,4,2
4494,0,,,0,0,1,,,0,OP3,scripted,OP3,2,3,4,2
4495,1,,,0,0,1,,,0,OP3,scripted,OP3,3,2,4,2
4496,0,,,0,0,1,,,0,OP3,scripted,OP3,2,3,4,2
4497,0,,,0,0,1,,,0,OP3,scripted,OP3,2,3,4,2
4498,0,,,0,0,1,,,0,OP3,scripted,OP3,2,3,4,2
4499,0,,,0,0,1,,,0,OP3,scripted,OP3,3,3,4,2
4500,1,,,0,0,1,,,0,OP3,scripted,OP3,3,1,4,2
4501,1,,,0,0,1,,,0,OP3,scripted,OP3,3,2,4,2
4502,1,,,0,0,1,,,0,OP3,scripted,OP3,3,2,4,2
4503,1,,,0,0,1,,,0,OP3,scripted,OP3,3,2,4,2
4504,1,,,0,0,1,,,0,OP3,scripted,OP3,3,2,4,2
4505,0,,,0,0,1,,,0,OP3,scripted,OP3,1,3,4,2
4506,1,,,0,0,1,,,0,OP3,scripted,OP3,3,2,4,2
4507,1,,,0,0,1,,,0,OP3,scripted,OP3,3,2,4,2
4508,1,,,0,0,1,,,0,OP3,scripted,OP3,3,1,4,2
4509,0,,,0,0,1,,,0,OP3,scripted,OP3,3,3,4,2
4510,0,,,0,0,1,,,0,OP3,scripted,OP3,3,3,4,2
4511,0,,,0,0,1,,,0,OP3,scripted,OP3,2,3,4,2
4512,1,,,0,0,1,,,0,OP3,scripted,OP3,3,2,4,2
4513,0,,,0,0,1,,,0,OP3,scripted,OP3,3,3,4,2
4514,1,,,0,0,1,,,0,OP3,scripted,OP3,3,2,4,2
4515,1,,,0,0,1,,,0,OP3,scripted,OP3,3,2,4,2
4516,1,,,0,0,1,,,0,OP3,scripted,OP3,3,1,4,2
4517,0,,,0,0,1,,,0,OP3,scripted,OP3,2,3,4,2
4518,1,,,0,0,1,,,0,OP3,scripted,OP3,3,2,4,2
4519,0,,,0,0,1,,,0,OP3,scripted,OP3,1,3,4,2
4520,1,,,0,0,1,,,0,OP3,scripted,OP3,3,2,4,2
4521,0,,,0,0,1,,,0,OP3,scripted,OP3,2,3,4,2
4522,0,,,0,0,1,,,0,OP3,scripted,OP3,2,3,4,2
4523,0,,,0,0,1,,,0,OP3,scripted,OP3,3,3,4,2
4524,1,,,0,0,1,,,0,OP3,scripted,OP3,3,2,4,2
4525,1,,,0,0,1,,,0,OP3,scripted,OP3,3,2,4,2
4526,0,,,0,0,1,,,0,OP3,scripted,OP3,2,3,4,2
4527,1,,,0,0,1,,,0,OP3,scripted,OP3,3,2,4,2
4528,1,,,0,0,1,,,0,OP3,scripted,OP3,3,2,4,2
4529,1,,,0,0,1,,,0,OP3,scripted,OP3,3,2,4,2
4530,0,,,0,0,1,,,0,OP3,scripted,OP3,2,3,4,2
4531,1,,,0,0,1,,,0,OP3,scripted,OP3,3,2,4,2
4532,0,,,0,0,1,,,0,OP3,scripted,OP3,2,3,4,2
4533,0,,,0,0,1,,,0,OP3,scripted,OP3,3,3,4,2
4534,1,,,0,0,1,,,0,OP3,scripted,OP3,3,2,4,2
4535,0,,,0,0,1,,,0,OP3,scripted,OP3,3,3,4,2
4536,1,,,0,0,1,,,0,OP3,scripted,OP3,3,1,4,2
4537,0,,,0,0,1,,,0,OP3,scripted,OP3,2,3,4,2
4538,1,,,0,0,1,,,0,OP3,scripted,OP3,3,2,4,2
4539,0,,,0,0,1,,,0,OP3,scripted,OP3,3,3,4,2
4540,1,,,0,0,1,,,0,OP3,scripted,OP3,3,2,4,2
4541,1,,,0,0,1,,,0,OP3,scripted,OP3,3,2,4,2
4542,1,,,0,0,1,,,0,OP3,scripted,OP3,3,2,4,2
4543,0,,,0,0,1,,,0,OP3,scripted,OP3,3,3,4,2
4544,0,,,0,0,1,,,0,OP3,scripted,OP3,1,3,4,2
4545,0,,,0,0,1,,,0,OP3,scripted,OP3,2,3,4,2
4546,1,,,0,0,1,,,0,OP3,scripted,OP3,3,2,4,2
4547,1,,,0,0,1,,,0,OP3,scripted,OP3,3,1,4,2
4548,1,,,0,0,1,,,0,OP3,scripted,OP3,3,2,4,2
4549,1,,,0,0,1,,,0,OP3,scripted,OP3,3,2,4,2
4550,1,,,0,0,1,,,0,OP3,scripted,OP3,3,2,4,2
4551,0,,,0,0,1,,,0,OP3,scripted,OP3,2,3,4,2
4552,0,,,0,0,1,,,0,OP3,scripted,OP3,3,3,4,2
4553,0,,,0,0,1,,,0,OP3,scripted,OP3,2,3,4,2
4554,1,,,0,0,1,,,0,OP3,scripted,OP3,3,1,4,2
4555,0,,,0,0,1,,,0,OP3,scripted,OP3,1,3,4,2
4556,0,,,0,0,1,,,0,OP3,scripted,OP3,3,3,4,2
4557,0,,,0,0,1,,,0,OP3,scripted,OP3,2,3,4,2
4558,0,,,0,0,1,,,0,OP3,scripted,OP3,3,3,4,2
4559,0,,,0,0,1,,,0,OP3,scripted,OP3,3,3,4,2
4560,0,,,0,0,1,,,0,OP3,scripted,OP3,2,3,4,2
4561,1,,,0,0,1,,,0,OP3,scripted,OP3,3,2,4,2
4562,1,,,0,0,1,,,0,OP3,scripted,OP3,3,2,4,2
4563,0,,,0,0,1,,,0,OP3,scripted,OP3,3,3,4,2
4564,1,,,0,0,1,,,0,OP3,scripted,OP3,3,1,4,2
4565,1,,,0,0,1,,,0,OP3,scripted,OP3,3,2,4,2
4566,0,,,0,0,1,,,0,OP3,scripted,OP3,2,3,4,2
4567,0,,,0,0,1,,,0,OP3,scripted,OP3,3,3,4,2
4568,0,,,0,0,1,,,0,OP3,scripted,OP3,2,3,4,2
4569,0,,,0,0,1,,,0,OP3,scripted,OP3,2,3,4,2
4570,0,,,0,0,1,,,0,OP3,scripted,OP3,3,3,4,2
4571,1,,,0,0,1,,,0,OP3,scripted,OP3,3,2,4,2
4572,1,,,0,0,1,,,0,OP3,scripted,OP3,3,2,4,2
4573,0,,,0,0,1,,,0,OP3,scripted,OP3,3,3,4,2
4574,0,,,0,0,1,,,0,OP3,scripted,OP3,1,3,4,2
4575,0,,,0,0,1,,,0,OP3,scripted,OP3,3,3,4,2
4576,1,,,0,0,1,,,0,OP3,scripted,OP3,3,2,4,2
4577,0,,,0,0,1,,,0,OP3,scripted,OP3,3,3,4,2
4578,1,,,0,0,1,,,0,OP3,scripted,OP3,3,2,4,2
4579,1,,,0,0,1,,,0,OP3,scripted,OP3,3,2,4,2
4580,1,,,0,0,1,,,0,OP3,scripted,OP3,3,2,4,2
4581,0,,,0,0,1,,,0,OP3,scripted,OP3,2,3,4,2
4582,0,,,0,0,1,,,0,OP3,scripted,OP3,3,3,4,2
4583,0,,,0,0,1,,,0,OP3,scripted,OP3,3,3,4,2
4584,0,,,0,0,1,,,0,OP3,scripted,OP3,2,3,4,2
4585,1,,,0,0,1,,,0,OP3,scripted,OP3,3,2,4,2
4586,1,,,0,0,1,,,0,OP3,scripted,OP3,3,2,4,2
4587,0,,,0,0,1,,,0,OP3,scripted,OP3,2,3,4,2
4588,1,,,0,0,1,,,0,OP3,scripted,OP3,3,1,4,2
4589,1,,,0,0,1,,,0,OP3,scripted,OP3,3,1,4,2
4590,1,,,0,0,1,,,0,OP3,scripted,OP3,3,2,4,2
4591,0,,,0,0,1,,,0,OP3,scripted,OP3,2,3,4,2
4592,0,,,0,0,1,,,0,OP3,scripted,OP3,3,3,4,2
4593,1,,,0,0,1,,,0,OP3,scripted,OP3,3,2,4,2
4594,1,,,0,0,1,,,0,OP3,scripted,OP3,3,2,4,2
4595,1,,,0,0,1,,,0,OP3,scripted,OP3,3,2,4,2
4596,0,,,0,0,1,,,0,OP3,scripted,OP3,2,3,4,2
4597,1,,,0,0,1,,,0,OP3,scripted,OP3,3,2,4,2
4598,0,,,0,0,1,,,0,OP3,scripted,OP3,2,3,4,2
4599,0,,,0,0,1,,,0,OP3,scripted,OP3,3,3,4,2
4600,1,,,0,0,1,,,0,OP3,scripted,OP3,3,2,4,2
4601,1,,,0,0,1,,,0,OP3,scripted,OP3,3,1,4,2
4602,0,,,0,0,1,,,0,OP3,scripted,OP3,2,3,4,2
4603,0,,,0,0,1,,,0,OP3,scripted,OP3,2,3,4,2
4604,0,,,0,0,1,,,0,OP3,scripted,OP3,3,3,4,2
4605,1,,,0,0,1,,,0,OP3,scripted,OP3,3,2,4,2
4606,1,,,0,0,1,,,0,OP3,scripted,OP3,3,2,4,2
4607,1,,,0,0,1,,,0,OP3,scripted,OP3,3,2,4,2
4608,1,,,0,0,1,,,0,OP3,scripted,OP3,3,2,4,2
4609,0,,,0,0,1,,,0,OP3,scripted,OP3,2,3,4,2
4610,1,,,0,0,1,,,0,OP3,scripted,OP3,3,2,4,2
4611,0,,,0,0,1,,,0,OP3,scripted,OP3,2,3,4,2
4612,1,,,0,0,1,,,0,OP3,scripted,OP3,3,1,4,2
4613,0,,,0,0,1,,,0,OP3,scripted,OP3,2,3,4,2
4614,1,,,0,0,1,,,0,OP3,scripted,OP3,3,1,4,2
4615,1,,,0,0,1,,,0,OP3,scripted,OP3,3,2,4,2
4616,1,,,0,0,1,,,0,OP3,scripted,OP3,3,2,4,2
4617,0,,,0,0,1,,,0,OP3,scripted,OP3,3,3,4,2
4618,0,,,0,0,1,,,0,OP3,scripted,OP3,3,3,4,2
4619,1,,,0,0,1,,,0,OP3,scripted,OP3,3,2,4,2
4620,1,,,0,0,1,,,0,OP3,scripted,OP3,3,1,4,2
4621,0,,,0,0,1,,,0,OP3,scripted,OP3,2,3,4,2
4622,0,,,0,0,1,,,0,OP3,scripted,OP3,2,3,4,2
4623,0,,,0,0,1,,,0,OP3,scripted,OP3,3,3,4,2
4624,0,,,0,0,1,,,0,OP3,scripted,OP3,2,3,4,2
4625,1,,,0,0,1,,,0,OP3,scripted,OP3,3,2,4,2
4626,0,,,0,0,1,,,0,OP3,scripted,OP3,2,3,4,2
4627,1,,,0,0,1,,,0,OP3,scripted,OP3,3,2,4,2
4628,1,,,0,0,1,,,0,OP3,scripted,OP3,3,2,4,2
4629,1,,,0,0,1,,,0,OP3,scripted,OP3,3,2,4,2
4630,0,,,0,0,1,,,0,OP3,scripted,OP3,3,3,4,2
4631,0,,,0,0,1,,,0,OP3,scripted,OP3,3,3,4,2
4632,1,,,0,0,1,,,0,OP3,scripted,OP3,3,2,4,2
4633,1,,,0,0,1,,,0,OP3,scripted,OP3,3,1,4,2
4634,1,,,0,0,1,,,0,OP3,scripted,OP3,3,1,4,2
4635,1,,,0,0,1,,,0,OP3,scripted,OP3,3,1,4,2
4636,1,,,0,0,1,,,0,OP3,scripted,OP3,3,1,4,2
4637,0,,,0,0,1,,,0,OP3,scripted,OP3,2,3,4,2
4638,0,,,0,0,1,,,0,OP3,scripted,OP3,2,3,4,2
4639,0,,,0,0,1,,,0,OP3,scripted,OP3,2,3,4,2
4640,0,,,0,0,1,,,0,OP3,scripted,OP3,2,3,4,2
4641,0,,,0,0,1,,,0,OP3,scripted,OP3,2,3,4,2
4642,0,,,0,0,1,,,0,OP3,scripted,OP3,2,3,4,2
4643,0,,,0,0,1,,,0,OP3,scripted,OP3,1,3,4,2
4644,0,,,0,0,1,,,0,OP3,scripted,OP3,2,3,4,2
4645,0,,,0,0,1,,,0,OP3,scripted,OP3,2,3,4,2
4646,1,,,0,0,1,,,0,OP3,scripted,OP3,3,1,4,2
4647,1,,,0,0,1,,,0,OP3,scripted,OP3,3,2,4,2
4648,1,,,0,0,1,,,0,OP3,scripted,OP3,3,2,4,2
4649,1,,,0,0,1,,,0,OP3,scripted,OP3,3,2,4,2
4650,1,,,0,0,1,,,0,OP3,scripted,OP3,3,2,4,2
4651,1,,,0,0,1,,,0,OP3,scripted,OP3,3,1,4,2
4652,0,,,0,0,1,,,0,OP3,scripted,OP3,2,3,4,2
4653,1,,,0,0,1,,,0,OP3,scripted,OP3,3,2,4,2
4654,1,,,0,0,1,,,0,OP3,scripted,OP3,3,2,4,2
4655,1,,,0,0,1,,,0,OP3,scripted,OP3,3,2,4,2
4656,1,,,0,0,1,,,0,OP3,scripted,OP3,3,2,4,2
4657,0,,,0,0,1,,,0,OP3,scripted,OP3,2,3,4,2
4658,1,,,0,0,1,,,0,OP3,scripted,OP3,3,2,4,2
4659,0,,,0,0,1,,,0,OP3,scripted,OP3,2,3,4,2
4660,1,,,0,0,1,,,0,OP3,scripted,OP3,3,2,4,2
4661,0,,,0,0,1,,,0,OP3,scripted,OP3,2,3,4,2
4662,0,,,0,0,1,,,0,OP3,scripted,OP3,3,3,4,2
4663,1,,,0,0,1,,,0,OP3,scripted,OP3,3,2,4,2
4664,0,,,0,0,1,,,0,OP3,scripted,OP3,2,3,4,2
4665,1,,,0,0,1,,,0,OP3,scripted,OP3,3,2,4,2
4666,1,,,0,0,1,,,0,OP3,scripted,OP3,3,1,4,2
4667,1,,,0,0,1,,,0,OP3,scripted,OP3,3,1,4,2
4668,0,,,0,0,1,,,0,OP3,scripted,OP3,2,3,4,2
4669,1,,,0,0,1,,,0,OP3,scripted,OP3,3,2,4,2
4670,1,,,0,0,1,,,0,OP3,scripted,OP3,3,2,4,2
4671,1,,,0,0,1,,,0,OP3,scripted,OP3,3,2,4,2
4672,1,,,0,0,1,,,0,OP3,scripted,OP3,3,2,4,2
4673,1,,,0,0,1,,,0,OP3,scripted,OP3,3,2,4,2
4674,1,,,0,0,1,,,0,OP3,scripted,OP3,3,2,4,2
4675,1,,,0,0,1,,,0,OP3,scripted,OP3,3,2,4,2
4676,1,,,0,0,1,,,0,OP3,scripted,OP3,3,1,4,2
4677,0,,,0,0,1,,,0,OP3,scripted,OP3,3,3,4,2
4678,1,,,0,0,1,,,0,OP3,scripted,OP3,3,2,4,2
4679,1,,,0,0,1,,,0,OP3,scripted,OP3,3,1,4,2
4680,1,,,0,0,1,,,0,OP3,scripted,OP3,3,2,4,2
4681,1,,,0,0,1,,,0,OP3,scripted,OP3,3,2,4,2
4682,1,,,0,0,1,,,0,OP3,scripted,OP3,3,2,4,2
4683,1,,,0,0,1,,,0,OP3,scripted,OP3,3,2,4,2
4684,1,,,0,0,1,,,0,OP3,scripted,OP3,3,2,4,2
4685,0,,,0,0,1,,,0,OP3,scripted,OP3,2,3,4,2
4686,1,,,0,0,1,,,0,OP3,scripted,OP3,3,2,4,2
4687,1,,,0,0,1,,,0,OP3,scripted,OP3,3,2,4,2
4688,0,,,0,0,1,,,0,OP3,scripted,OP3,3,3,4,2
4689,1,,,0,0,1,,,0,OP3,scripted,OP3,3,2,4,2
4690,1,,,0,0,1,,,0,OP3,scripted,OP3,3,2,4,2
4691,1,,,0,0,1,,,0,OP3,scripted,OP3,3,2,4,2
4692,1,,,0,0,1,,,0,OP3,scripted,OP3,3,2,4,2
4693,0,,,0,0,1,,,0,OP3,scripted,OP3,2,3,4,2
4694,1,,,0,0,1,,,0,OP3,scripted,OP3,3,2,4,2
4695,1,,,0,0,1,,,0,OP3,scripted,OP3,3,2,4,2
4696,1,,,0,0,1,,,0,OP3,scripted,OP3,3,2,4,2
4697,1,,,0,0,1,,,0,OP3,scripted,OP3,3,1,4,2
4698,0,,,0,0,1,,,0,OP3,scripted,OP3,2,3,4,2
4699,0,,,0,0,1,,,0,OP3,scripted,OP3,2,3,4,2
4700,0,,,0,0,1,,,0,OP3,scripted,OP3,2,3,4,2
4701,1,,,0,0,1,,,0,OP3,scripted,OP3,3,2,4,2
4702,0,,,0,0,1,,,0,OP3,scripted,OP3,3,3,4,2
4703,1,,,0,0,1,,,0,OP3,scripted,OP3,3,2,4,2
4704,0,,,0,0,1,,,0,OP3,scripted,OP3,2,3,4,2
4705,0,,,0,0,1,,,0,OP3,scripted,OP3,1,3,4,2
4706,0,,,0,0,1,,,0,OP3,scripted,OP3,3,3,4,2
4707,1,,,0,0,1,,,0,OP3,scripted,OP3,3,1,4,2
4708,1,,,0,0,1,,,0,OP3,scripted,OP3,3,2,4,2
4709,0,,,0,0,1,,,0,OP3,scripted,OP3,2,3,4,2
4710,1,,,0,0,1,,,0,OP3,scripted,OP3,3,2,4,2
4711,0,,,0,0,1,,,0,OP3,scripted,OP3,2,3,4,2
4712,0,,,0,0,1,,,0,OP3,scripted,OP3,2,3,4,2
4713,1,,,0,0,1,,,0,OP3,scripted,OP3,3,1,4,2
4714,0,,,0,0,1,,,0,OP3,scripted,OP3,2,3,4,2
4715,1,,,0,0,1,,,0,OP3,scripted,OP3,3,2,4,2
4716,1,,,0,0,1,,,0,OP3,scripted,OP3,3,2,4,2
4717,1,,,0,0,1,,,0,OP3,scripted,OP3,3,2,4,2
4718,0,,,0,0,1,,,0,OP3,scripted,OP3,2,3,4,2
4719,0,,,0,0,1,,,0,OP3,scripted,OP3,3,3,4,2
4720,1,,,0,0,1,,,0,OP3,scripted,OP3,3,2,4,2
4721,0,,,0,0,1,,,0,OP3,scripted,OP3,2,3,4,2
4722,0,,,0,0,1,,,0,OP3,scripted,OP3,1,3,4,2
4723,0,,,0,0,1,,,0,OP3,scripted,OP3,3,3,4,2
4724,1,,,0,0,1,,,0,OP3,scripted,OP3,3,2,4,2
4725,0,,,0,0,1,,,0,OP3,scripted,OP3,2,3,4,2
4726,0,,,0,0,1,,,0,OP3,scripted,OP3,2,3,4,2
4727,0,,,0,0,1,,,0,OP3,scripted,OP3,3,3,4,2
4728,0,,,0,0,1,,,0,OP3,scripted,OP3,2,3,4,2
4729,0,,,0,0,1,,,0,OP3,scripted,OP3,3,3,4,2
4730,0,,,0,0,1,,,0,OP3,scripted,OP3,3,3,4,2
4731,1,,,0,0,1,,,0,OP3,scripted,OP3,3,2,4,2
4732,0,,,0,0,1,,,0,OP3,scripted,OP3,2,3,4,2
4733,1,,,0,0,1,,,0,OP3,scripted,OP3,3,2,4,2
4734,1,,,0,0,1,,,0,OP3,scripted,OP3,3,1,4,2
4735,0,,,0,0,1,,,0,OP3,scripted,OP3,2,3,4,2
4736,0,,,0,0,1,,,0,OP3,scripted,OP3,2,3,4,2
4737,1,,,0,0,1,,,0,OP3,scripted,OP3,3,1,4,2
4738,1,,,0,0,1,,,0,OP3,scripted,OP3,3,2,4,2
4739,1,,,0,0,1,,,0,OP3,scripted,OP3,3,2,4,2
4740,1,,,0,0,1,,,0,OP3,scripted,OP3,3,1,4,2
4741,1,,,0,0,1,,,0,OP3,scripted,OP3,3,2,4,2
4742,1,,,0,0,1,,,0,OP3,scripted,OP3,3,2,4,2
4743,0,,,0,0,1,,,0,OP3,scripted,OP3,3,3,4,2
4744,0,,,0,0,1,,,0,OP3,scripted,OP3,3,3,4,2
4745,1,,,0,0,1,,,0,OP3,scripted,OP3,3,2,4,2
4746,1,,,0,0,1,,,0,OP3,scripted,OP3,3,2,4,2
4747,1,,,0,0,1,,,0,OP3,scripted,OP3,3,2,4,2
4748,0,,,0,0,1,,,0,OP3,scripted,OP3,3,3,4,2
4749,1,,,0,0,1,,,0,OP3,scripted,OP3,3,2,4,2
4750,1,,,0,0,1,,,0,OP3,scripted,OP3,3,2,4,2
4751,1,,,0,0,1,,,0,OP3,scripted,OP3,3,2,4,2
4752,0,,,0,0,1,,,0,OP3,scripted,OP3,3,3,4,2
4753,1,,,0,0,1,,,0,OP3,scripted,OP3,3,2,4,2
4754,1,,,0,0,1,,,0,OP3,scripted,OP3,3,2,4,2
4755,1,,,0,0,1,,,0,OP3,scripted,OP3,3,2,4,2
4756,0,,,0,0,1,,,0,OP3,scripted,OP3,3,3,4,2
4757,0,,,0,0,1,,,0,OP3,scripted,OP3,2,3,4,2
4758,0,,,0,0,1,,,0,OP3,scripted,OP3,2,3,4,2
4759,1,,,0,0,1,,,0,OP3,scripted,OP3,3,2,4,2
4760,1,,,0,0,1,,,0,OP3,scripted,OP3,3,2,4,2
4761,1,,,0,0,1,,,0,OP3,scripted,OP3,3,2,4,2
4762,1,,,0,0,1,,,0,OP3,scripted,OP3,3,2,4,2
4763,1,,,0,0,1,,,0,OP3,scripted,OP3,3,2,4,2
4764,0,,,0,0,1,,,0,OP3,scripted,OP3,2,3,4,2
4765,0,,,0,0,1,,,0,OP3,scripted,OP3,3,3,4,2
4766,0,,,0,0,1,,,0,OP3,scripted,OP3,3,3,4,2
4767,1,,,0,0,1,,,0,OP3,scripted,OP3,3,2,4,2
4768,1,,,0,0,1,,,0,OP3,scripted,OP3,3,2,4,2
4769,0,,,0,0,1,,,0,OP3,scripted,OP3,2,3,4,2
4770,0,,,0,0,1,,,0,OP3,scripted,OP3,2,3,4,2
4771,0,,,0,0,1,,,0,OP3,scripted,OP3,2,3,4,2
4772,1,,,0,0,1,,,0,OP3,scripted,OP3,3,2,4,2
4773,1,,,0,0,1,,,0,OP3,scripted,OP3,3,2,4,2
4774,1,,,0,0,1,,,0,OP3,scripted,OP3,3,2,4,2
4775,1,,,0,0,1,,,0,OP3,scripted,OP3,3,2,4,2
4776,1,,,0,0,1,,,0,OP3,scripted,OP3,3,2,4,2
4777,1,,,0,0,1,,,0,OP3,scripted,OP3,3,2,4,2
4778,1,,,0,0,1,,,0,OP3,scripted,OP3,3,2,4,2
4779,1,,,0,0,1,,,0,OP3,scripted,OP3,3,2,4,2
4780,1,,,0,0,1,,,0,OP3,scripted,OP3,3,1,4,2
4781,0,,,0,0,1,,,0,OP3,scripted,OP3,2,3,4,2
4782,1,,,0,0,1,,,0,OP3,scripted,OP3,3,2,4,2
4783,1,,,0,0,1,,,0,OP3,scripted,OP3,3,2,4,2
4784,1,,,0,0,1,,,0,OP3,scripted,OP3,3,1,4,2
4785,1,,,0,0,1,,,0,OP3,scripted,OP3,3,2,4,2
4786,1,,,0,0,1,,,0,OP3,scripted,OP3,3,2,4,2
4787,0,,,0,0,1,,,0,OP3,scripted,OP3,1,3,4,2
4788,0,,,0,0,1,,,0,OP3,scripted,OP3,2,3,4,2
4789,1,,,0,0,1,,,0,OP3,scripted,OP3,3,2,4,2
4790,0,,,0,0,1,,,0,OP3,scripted,OP3,3,3,4,2
4791,1,,,0,0,1,,,0,OP3,scripted,OP3,3,2,4,2
4792,0,,,0,0,1,,,0,OP3,scripted,OP3,2,3,4,2
4793,1,,,0,0,1,,,0,OP3,scripted,OP3,3,2,4,2
4794,1,,,0,0,1,,,0,OP3,scripted,OP3,3,2,4,2
4795,0,,,0,0,1,,,0,OP3,scripted,OP3,2,3,4,2
4796,1,,,0,0,1,,,0,OP3,scripted,OP3,3,2,4,2
4797,0,,,0,0,1,,,0,OP3,scripted,OP3,2,3,4,2
4798,0,,,0,0,1,,,0,OP3,scripted,OP3,2,3,4,2
4799,1,,,0,0,1,,,0,OP3,scripted,OP3,3,2,4,2
4800,0,,,0,0,1,,,0,OP3,scripted,OP3,2,3,4,2
4801,0,,,0,0,1,,,0,OP3,scripted,OP3,3,3,4,2
4802,0,,,0,0,1,,,0,OP3,scripted,OP3,3,3,4,2
4803,0,,,0,0,1,,,0,OP3,scripted,OP3,2,3,4,2
4804,0,,,0,0,1,,,0,OP3,scripted,OP3,2,3,4,2
4805,0,,,0,0,1,,,0,OP3,scripted,OP3,2,3,4,2
4806,0,,,0,0,1,,,0,OP3,scripted,OP3,3,3,4,2
4807,0,,,0,0,1,,,0,OP3,scripted,OP3,2,3,4,2
4808,1,,,0,0,1,,,0,OP3,scripted,OP3,3,1,4,2
4809,0,,,0,0,1,,,0,OP3,scripted,OP3,3,3,4,2
4810,1,,,0,0,1,,,0,OP3,scripted,OP3,3,2,4,2
4811,1,,,0,0,1,,,0,OP3,scripted,OP3,3,2,4,2
4812,0,,,0,0,1,,,0,OP3,scripted,OP3,2,3,4,2
4813,0,,,0,0,1,,,0,OP3,scripted,OP3,3,3,4,2
4814,0,,,0,0,1,,,0,OP3,scripted,OP3,2,3,4,2
4815,0,,,0,0,1,,,0,OP3,scripted,OP3,2,3,4,2
4816,1,,,0,0,1,,,0,OP3,scripted,OP3,3,2,4,2
4817,1,,,0,0,1,,,0,OP3,scripted,OP3,3,1,4,2
4818,1,,,0,0,1,,,0,OP3,scripted,OP3,3,2,4,2
4819,1,,,0,0,1,,,0,OP3,scripted,OP3,3,2,4,2
4820,1,,,0,0,1,,,0,OP3,scripted,OP3,3,2,4,2
4821,1,,,0,0,1,,,0,OP3,scripted,OP3,3,1,4,2
4822,0,,,0,0,1,,,0,OP3,scripted,OP3,3,3,4,2
4823,0,,,0,0,1,,,0,OP3,scripted,OP3,2,3,4,2
4824,0,,,0,0,1,,,0,OP3,scripted,OP3,3,3,4,2
4825,0,,,0,0,1,,,0,OP3,scripted,OP3,3,3,4,2
4826,1,,,0,0,1,,,0,OP3,scripted,OP3,3,2,4,2
4827,0,,,0,0,1,,,0,OP3,scripted,OP3,2,3,4,2
4828,0,,,0,0,1,,,0,OP3,scripted,OP3,3,3,4,2
4829,1,,,0,0,1,,,0,OP3,scripted,OP3,3,2,4,2
4830,1,,,0,0,1,,,0,OP3,scripted,OP3,3,2,4,2
4831,1,,,0,0,1,,,0,OP3,scripted,OP3,3,2,4,2
4832,1,,,0,0,1,,,0,OP3,scripted,OP3,3,2,4,2
4833,0,,,0,0,1,,,0,OP3,scripted,OP3,2,3,4,2
4834,0,,,0,0,1,,,0,OP3,scripted,OP3,2,3,4,2
4835,0,,,0,0,1,,,0,OP3,scripted,OP3,3,3,4,2
4836,1,,,0,0,1,,,0,OP3,scripted,OP3,3,2,4,2
4837,1,,,0,0,1,,,0,OP3,scripted,OP3,3,2,4,2
4838,0,,,0,0,1,,,0,OP3,scripted,OP3,3,3,4,2
4839,0,,,0,0,1,,,0,OP3,scripted,OP3,3,3,4,2
4840,1,,,0,0,1,,,0,OP3,scripted,OP3,3,2,4,2
4841,0,,,0,0,1,,,0,OP3,scripted,OP3,2,3,4,2
4842,0,,,0,0,1,,,0,OP3,scripted,OP3,3,3,4,2
4843,0,,,0,0,1,,,0,OP3,scripted,OP3,2,3,4,2
4844,0,,,0,0,1,,,0,OP3,scripted,OP3,2,3,4,2
4845,0,,,0,0,1,,,0,OP3,scripted,OP3,2,3,4,2
4846,1,,,0,0,1,,,0,OP3,scripted,OP3,3,1,4,2
4847,1,,,0,0,1,,,0,OP3,scripted,OP3,3,2,4,2
4848,0,,,0,0,1,,,0,OP3,scripted,OP3,3,3,4,2
4849,1,,,0,0,1,,,0,OP3,scripted,OP3,3,2,4,2
4850,0,,,0,0,1,,,0,OP3,scripted,OP3,3,3,4,2
4851,1,,,0,0,1,,,0,OP3,scripted,OP3,3,1,4,2
4852,1,,,0,0,1,,,0,OP3,scripted,OP3,3,2,4,2
4853,0,,,0,0,1,,,0,OP3,scripted,OP3,3,3,4,2
4854,1,,,0,0,1,,,0,OP3,scripted,OP3,3,2,4,2
4855,0,,,0,0,1,,,0,OP3,scripted,OP3,2,3,4,2
4856,1,,,0,0,1,,,0,OP3,scripted,OP3,3,1,4,2
4857,0,,,0,0,1,,,0,OP3,scripted,OP3,3,3,4,2
4858,1,,,0,0,1,,,0,OP3,scripted,OP3,3,2,4,2
4859,0,,,0,0,1,,,0,OP3,scripted,OP3,2,3,4,2
4860,0,,,0,0,1,,,0,OP3,scripted,OP3,1,3,4,2
4861,1,,,0,0,1,,,0,OP3,scripted,OP3,3,2,4,2
4862,0,,,0,0,1,,,0,OP3,scripted,OP3,2,3,4,2
4863,1,,,0,0,1,,,0,OP3,scripted,OP3,3,2,4,2
4864,0,,,0,0,1,,,0,OP3,scripted,OP3,2,3,4,2
4865,1,,,0,0,1,,,0,OP3,scripted,OP3,3,2,4,2
4866,1,,,0,0,1,,,0,OP3,scripted,OP3,3,2,4,2
4867,0,,,0,0,1,,,0,OP3,scripted,OP3,3,3,4,2
4868,1,,,0,0,1,,,0,OP3,scripted,OP3,3,2,4,2
4869,1,,,0,0,1,,,0,OP3,scripted,OP3,3,2,4,2
4870,1,,,0,0,1,,,0,OP3,scripted,OP3,3,2,4,2
4871,0,,,0,0,1,,,0,OP3,scripted,OP3,1,3,4,2
4872,1,,,0,0,1,,,0,OP3,scripted,OP3,3,2,4,2
4873,1,,,0,0,1,,,0,OP3,scripted,OP3,3,1,4,2
4874,0,,,0,0,1,,,0,OP3,scripted,OP3,3,3,4,2
4875,0,,,0,0,1,,,0,OP3,scripted,OP3,2,3,4,2
4876,0,,,0,0,1,,,0,OP3,scripted,OP3,3,3,4,2
4877,1,,,0,0,1,,,0,OP3,scripted,OP3,3,2,4,2
4878,1,,,0,0,1,,,0,OP3,scripted,OP3,3,2,4,2
4879,1,,,0,0,1,,,0,OP3,scripted,OP3,3,2,4,2
4880,0,,,0,0,1,,,0,OP3,scripted,OP3,3,3,4,2
4881,0,,,0,0,1,,,0,OP3,scripted,OP3,3,3,4,2
4882,0,,,0,0,1,,,0,OP3,scripted,OP3,3,3,4,2
4883,0,,,0,0,1,,,0,OP3,scripted,OP3,2,3,4,2
4884,0,,,0,0,1,,,0,OP3,scripted,OP3,3,3,4,2
4885,1,,,0,0,1,,,0,OP3,scripted,OP3,3,2,4,2
4886,1,,,0,0,1,,,0,OP3,scripted,OP3,3,2,4,2
4887,1,,,0,0,1,,,0,OP3,scripted,OP3,3,2,4,2
4888,0,,,0,0,1,,,0,OP3,scripted,OP3,3,3,4,2
4889,1,,,0,0,1,,,0,OP3,scripted,OP3,3,2,4,2
4890,1,,,0,0,1,,,0,OP3,scripted,OP3,3,2,4,2
4891,0,,,0,0,1,,,0,OP3,scripted,OP3,3,3,4,2
4892,0,,,0,0,1,,,0,OP3,scripted,OP3,2,3,4,2
4893,1,,,0,0,1,,,0,OP3,scripted,OP3,3,2,4,2
4894,1,,,0,0,1,,,0,OP3,scripted,OP3,3,2,4,2
4895,1,,,0,0,1,,,0,OP3,scripted,OP3,3,2,4,2
4896,0,,,0,0,1,,,0,OP3,scripted,OP3,3,3,4,2
4897,1,,,0,0,1,,,0,OP3,scripted,OP3,3,2,4,2
4898,1,,,0,0,1,,,0,OP3,scripted,OP3,3,2,4,2
4899,1,,,0,0,1,,,0,OP3,scripted,OP3,3,2,4,2
4900,1,,,0,0,1,,,0,OP3,scripted,OP3,3,2,4,2
4901,0,,,0,0,1,,,0,OP3,scripted,OP3,3,3,4,2
4902,0,,,0,0,1,,,0,OP3,scripted,OP3,2,3,4,2
4903,0,,,0,0,1,,,0,OP3,scripted,OP3,2,3,4,2
4904,1,,,0,0,1,,,0,OP3,scripted,OP3,3,2,4,2
4905,1,,,0,0,1,,,0,OP3,scripted,OP3,3,2,4,2
4906,0,,,0,0,1,,,0,OP3,scripted,OP3,3,3,4,2
4907,0,,,0,0,1,,,0,OP3,scripted,OP3,2,3,4,2
4908,0,,,0,0,1,,,0,OP3,scripted,OP3,3,3,4,2
4909,0,,,0,0,1,,,0,OP3,scripted,OP3,2,3,4,2
4910,1,,,0,0,1,,,0,OP3,scripted,OP3,3,2,4,2
4911,0,,,0,0,1,,,0,OP3,scripted,OP3,2,3,4,2
4912,1,,,0,0,1,,,0,OP3,scripted,OP3,3,2,4,2
4913,1,,,0,0,1,,,0,OP3,scripted,OP3,3,2,4,2
4914,1,,,0,0,1,,,0,OP3,scripted,OP3,3,2,4,2
4915,0,,,0,0,1,,,0,OP3,scripted,OP3,2,3,4,2
4916,1,,,0,0,1,,,0,OP3,scripted,OP3,3,1,4,2
4917,1,,,0,0,1,,,0,OP3,scripted,OP3,3,1,4,2
4918,1,,,0,0,1,,,0,OP3,scripted,OP3,3,2,4,2
4919,1,,,0,0,1,,,0,OP3,scripted,OP3,3,2,4,2
4920,0,,,0,0,1,,,0,OP3,scripted,OP3,2,3,4,2
4921,0,,,0,0,1,,,0,OP3,scripted,OP3,2,3,4,2
4922,1,,,0,0,1,,,0,OP3,scripted,OP3,3,2,4,2
4923,1,,,0,0,1,,,0,OP3,scripted,OP3,3,2,4,2
4924,0,,,0,0,1,,,0,OP3,scripted,OP3,2,3,4,2
4925,0,,,0,0,1,,,0,OP3,scripted,OP3,2,3,4,2
4926,0,,,0,0,1,,,0,OP3,scripted,OP3,2,3,4,2
4927,0,,,0,0,1,,,0,OP3,scripted,OP3,2,3,4,2
4928,1,,,0,0,1,,,0,OP3,scripted,OP3,3,2,4,2
4929,0,,,0,0,1,,,0,OP3,scripted,OP3,2,3,4,2
4930,1,,,0,0,1,,,0,OP3,scripted,OP3,3,2,4,2
4931,1,,,0,0,1,,,0,OP3,scripted,OP3,3,2,4,2
4932,0,,,0,0,1,,,0,OP3,scripted,OP3,2,3,4,2
4933,0,,,0,0,1,,,0,OP3,scripted,OP3,3,3,4,2
4934,0,,,0,0,1,,,0,OP3,scripted,OP3,2,3,4,2
4935,0,,,0,0,1,,,0,OP3,scripted,OP3,3,3,4,2
4936,1,,,0,0,1,,,0,OP3,scripted,OP3,3,2,4,2
4937,1,,,0,0,1,,,0,OP3,scripted,OP3,3,2,4,2
4938,0,,,0,0,1,,,0,OP3,scripted,OP3,2,3,4,2
4939,1,,,0,0,1,,,0,OP3,scripted,OP3,3,2,4,2
4940,1,,,0,0,1,,,0,OP3,scripted,OP3,3,2,4,2
4941,0,,,0,0,1,,,0,OP3,scripted,OP3,2,3,4,2
4942,0,,,0,0,1,,,0,OP3,scripted,OP3,2,3,4,2
4943,1,,,0,0,1,,,0,OP3,scripted,OP3,3,2,4,2
4944,0,,,0,0,1,,,0,OP3,scripted,OP3,2,3,4,2
4945,0,,,0,0,1,,,0,OP3,scripted,OP3,2,3,4,2
4946,1,,,0,0,1,,,0,OP3,scripted,OP3,3,2,4,2
4947,1,,,0,0,1,,,0,OP3,scripted,OP3,3,2,4,2
4948,0,,,0,0,1,,,0,OP3,scripted,OP3,2,3,4,2
4949,0,,,0,0,1,,,0,OP3,scripted,OP3,2,3,4,2
4950,0,,,0,0,1,,,0,OP3,scripted,OP3,3,3,4,2
4951,0,,,0,0,1,,,0,OP3,scripted,OP3,3,3,4,2
4952,1,,,0,0,1,,,0,OP3,scripted,OP3,3,2,4,2
4953,0,,,0,0,1,,,0,OP3,scripted,OP3,3,3,4,2
4954,0,,,0,0,1,,,0,OP3,scripted,OP3,2,3,4,2
4955,1,,,0,0,1,,,0,OP3,scripted,OP3,3,1,4,2
4956,0,,,0,0,1,,,0,OP3,scripted,OP3,2,3,4,2
4957,0,,,0,0,1,,,0,OP3,scripted,OP3,2,3,4,2
4958,1,,,0,0,1,,,0,OP3,scripted,OP3,3,2,4,2
4959,0,,,0,0,1,,,0,OP3,scripted,OP3,1,3,4,2
4960,0,,,0,0,1,,,0,OP3,scripted,OP3,3,3,4,2
4961,1,,,0,0,1,,,0,OP3,scripted,OP3,3,2,4,2
4962,1,,,0,0,1,,,0,OP3,scripted,OP3,3,2,4,2
4963,0,,,0,0,1,,,0,OP3,scripted,OP3,2,3,4,2
4964,0,,,0,0,1,,,0,OP3,scripted,OP3,2,3,4,2
4965,1,,,0,0,1,,,0,OP3,scripted,OP3,3,1,4,2
4966,1,,,0,0,1,,,0,OP3,scripted,OP3,3,1,4,2
4967,1,,,0,0,1,,,0,OP3,scripted,OP3,3,2,4,2
4968,1,,,0,0,1,,,0,OP3,scripted,OP3,3,2,4,2
4969,0,,,0,0,1,,,0,OP3,scripted,OP3,2,3,4,2
4970,0,,,0,0,1,,,0,OP3,scripted,OP3,2,3,4,2
4971,1,,,0,0,1,,,0,OP3,scripted,OP3,3,2,4,2
4972,0,,,0,0,1,,,0,OP3,scripted,OP3,3,3,4,2
4973,0,,,0,0,1,,,0,OP3,scripted,OP3,3,3,4,2
4974,1,,,0,0,1,,,0,OP3,scripted,OP3,3,2,4,2
4975,0,,,0,0,1,,,0,OP3,scripted,OP3,2,3,4,2
4976,1,,,0,0,1,,,0,OP3,scripted,OP3,3,2,4,2
4977,1,,,0,0,1,,,0,OP3,scripted,OP3,3,2,4,2
4978,1,,,0,0,1,,,0,OP3,scripted,OP3,3,2,4,2
4979,1,,,0,0,1,,,0,OP3,scripted,OP3,3,2,4,2
4980,1,,,0,0,1,,,0,OP3,scripted,OP3,3,2,4,2
4981,1,,,0,0,1,,,0,OP3,scripted,OP3,3,2,4,2
4982,0,,,0,0,1,,,0,OP3,scripted,OP3,2,3,4,2
4983,1,,,0,0,1,,,0,OP3,scripted,OP3,3,2,4,2
4984,1,,,0,0,1,,,0,OP3,scripted,OP3,3,2,4,2
4985,1,,,0,0,1,,,0,OP3,scripted,OP3,3,1,4,2
4986,0,,,0,0,1,,,0,OP3,scripted,OP3,3,3,4,2
4987,0,,,0,0,1,,,0,OP3,scripted,OP3,2,3,4,2
4988,1,,,0,0,1,,,0,OP3,scripted,OP3,3,2,4,2
4989,1,,,0,0,1,,,0,OP3,scripted,OP3,3,2,4,2
4990,1,,,0,0,1,,,0,OP3,scripted,OP3,3,2,4,2
4991,1,,,0,0,1,,,0,OP3,scripted,OP3,3,2,4,2
4992,1,,,0,0,1,,,0,OP3,scripted,OP3,3,2,4,2
4993,0,,,0,0,1,,,0,OP3,scripted,OP3,2,3,4,2
4994,1,,,0,0,1,,,0,OP3,scripted,OP3,3,2,4,2
4995,1,,,0,0,1,,,0,OP3,scripted,OP3,3,2,4,2
4996,1,,,0,0,1,,,0,OP3,scripted,OP3,3,1,4,2
4997,1,,,0,0,1,,,0,OP3,scripted,OP3,3,2,4,2
4998,0,,,0,0,1,,,0,OP3,scripted,OP3,3,3,4,2
4999,0,,,0,0,1,,,0,OP3,scripted,OP3,2,3,4,2
5000,1,,,0,0,1,,,0,OP3,scripted,OP3,3,2,4,2
5001,1,,,0,0,1,,,0,OP3,scripted,OP3,3,2,4,2
5002,0,,,0,0,1,,,0,OP3,scripted,OP3,2,3,4,2
5003,0,,,0,0,1,,,0,OP3,scripted,OP3,2,3,4,2
5004,0,,,0,0,1,,,0,OP3,scripted,OP3,3,3,4,2
5005,1,,,0,0,1,,,0,OP3,scripted,OP3,3,2,4,2
5006,0,,,0,0,1,,,0,OP3,scripted,OP3,2,3,4,2
5007,1,,,0,0,1,,,0,OP3,scripted,OP3,3,2,4,2
5008,1,,,0,0,1,,,0,OP3,scripted,OP3,3,2,4,2
5009,0,,,0,0,1,,,0,OP3,scripted,OP3,2,3,4,2
5010,0,,,0,0,1,,,0,OP3,scripted,OP3,1,3,4,2
5011,1,,,0,0,1,,,0,OP3,scripted,OP3,3,1,4,2
5012,0,,,0,0,1,,,0,OP3,scripted,OP3,2,3,4,2
5013,1,,,0,0,1,,,0,OP3,scripted,OP3,3,2,4,2
5014,1,,,0,0,1,,,0,OP3,scripted,OP3,3,2,4,2
5015,0,,,0,0,1,,,0,OP3,scripted,OP3,2,3,4,2
5016,0,,,0,0,1,,,0,OP3,scripted,OP3,1,3,4,2
5017,0,,,0,0,1,,,0,OP3,scripted,OP3,3,3,4,2
5018,1,,,0,0,1,,,0,OP3,scripted,OP3,3,2,4,2
5019,0,,,0,0,1,,,0,OP3,scripted,OP3,2,3,4,2
5020,1,,,0,0,1,,,0,OP3,scripted,OP3,3,1,4,2
5021,0,,,0,0,1,,,0,OP3,scripted,OP3,2,3,4,2
5022,1,,,0,0,1,,,0,OP3,scripted,OP3,3,1,4,2
5023,0,,,0,0,1,,,0,OP3,scripted,OP3,1,3,4,2
5024,1,,,0,0,1,,,0,OP3,scripted,OP3,3,2,4,2
5025,0,,,0,0,1,,,0,OP3,scripted,OP3,2,3,4,2
5026,1,,,0,0,1,,,0,OP3,scripted,OP3,3,2,4,2
5027,0,,,0,0,1,,,0,OP3,scripted,OP3,3,3,4,2
5028,0,,,0,0,1,,,0,OP3,scripted,OP3,2,3,4,2
5029,1,,,0,0,1,,,0,OP3,scripted,OP3,3,2,4,2
5030,1,,,0,0,1,,,0,OP3,scripted,OP3,3,2,4,2
5031,1,,,0,0,1,,,0,OP3,scripted,OP3,3,2,4,2
5032,0,,,0,0,1,,,0,OP3,scripted,OP3,3,3,4,2
5033,1,,,0,0,1,,,0,OP3,scripted,OP3,3,2,4,2
5034,1,,,0,0,1,,,0,OP3,scripted,OP3,3,2,4,2
5035,1,,,0,0,1,,,0,OP3,scripted,OP3,3,2,4,2
5036,1,,,0,0,1,,,0,OP3,scripted,OP3,3,2,4,2
5037,1,,,0,0,1,,,0,OP3,scripted,OP3,3,2,4,2
5038,1,,,0,0,1,,,0,OP3,scripted,OP3,3,2,4,2
5039,0,,,0,0,1,,,0,OP3,scripted,OP3,2,3,4,2
5040,0,,,0,0,1,,,0,OP3,scripted,OP3,3,3,4,2
5041,1,,,0,0,1,,,0,OP3,scripted,OP3,3,2,4,2
5042,1,,,0,0,1,,,0,OP3,scripted,OP3,3,2,4,2
5043,0,,,0,0,1,,,0,OP3,scripted,OP3,3,3,4,2
5044,1,,,0,0,1,,,0,OP3,scripted,OP3,3,2,4,2
5045,1,,,0,0,1,,,0,OP3,scripted,OP3,3,2,4,2
5046,1,,,0,0,1,,,0,OP3,scripted,OP3,3,2,4,2
5047,0,,,0,0,1,,,0,OP3,scripted,OP3,2,3,4,2
5048,0,,,0,0,1,,,0,OP3,scripted,OP3,2,3,4,2
5049,0,,,0,0,1,,,0,OP3,scripted,OP3,2,3,4,2
5050,0,,,0,0,1,,,0,OP3,scripted,OP3,2,3,4,2
5051,0,,,0,0,1,,,0,OP3,scripted,OP3,2,3,4,2
5052,1,,,0,0,1,,,0,OP3,scripted,OP3,3,2,4,2
5053,0,,,0,0,1,,,0,OP3,scripted,OP3,2,3,4,2
5054,1,,,0,0,1,,,0,OP3,scripted,OP3,3,1,4,2
5055,0,,,0,0,1,,,0,OP3,scripted,OP3,2,3,4,2
5056,0,,,0,0,1,,,0,OP3,scripted,OP3,3,3,4,2
5057,1,,,0,0,1,,,0,OP3,scripted,OP3,3,2,4,2
5058,1,,,0,0,1,,,0,OP3,scripted,OP3,3,2,4,2
5059,0,,,0,0,1,,,0,OP3,scripted,OP3,3,3,4,2
5060,0,,,0,0,1,,,0,OP3,scripted,OP3,3,3,4,2
5061,0,,,0,0,1,,,0,OP3,scripted,OP3,3,3,4,2
5062,0,,,0,0,1,,,0,OP3,scripted,OP3,3,3,4,2
5063,0,,,0,0,1,,,0,OP3,scripted,OP3,2,3,4,2
5064,1,,,0,0,1,,,0,OP3,scripted,OP3,3,2,4,2
5065,1,,,0,0,1,,,0,OP3,scripted,OP3,3,1,4,2
5066,1,,,0,0,1,,,0,OP3,scripted,OP3,3,2,4,2
5067,0,,,0,0,1,,,0,OP3,scripted,OP3,2,3,4,2
5068,0,,,0,0,1,,,0,OP3,scripted,OP3,2,3,4,2
5069,0,,,0,0,1,,,0,OP3,scripted,OP3,2,3,4,2
5070,1,,,0,0,1,,,0,OP3,scripted,OP3,3,2,4,2
5071,1,,,0,0,1,,,0,OP3,scripted,OP3,3,2,4,2
5072,0,,,0,0,1,,,0,OP3,scripted,OP3,2,3,4,2
5073,1,,,0,0,1,,,0,OP3,scripted,OP3,3,2,4,2
5074,0,,,0,0,1,,,0,OP3,scripted,OP3,2,3,4,2
5075,1,,,0,0,1,,,0,OP3,scripted,OP3,3,2,4,2
5076,0,,,0,0,1,,,0,OP3,scripted,OP3,3,3,4,2
5077,1,,,0,0,1,,,0,OP3,scripted,OP3,3,2,4,2
5078,1,,,0,0,1,,,0,OP3,scripted,OP3,3,2,4,2
5079,0,,,0,0,1,,,0,OP3,scripted,OP3,2,3,4,2
5080,1,,,0,0,1,,,0,OP3,scripted,OP3,3,2,4,2
5081,1,,,0,0,1,,,0,OP3,scripted,OP3,3,2,4,2
5082,0,,,0,0,1,,,0,OP3,scripted,OP3,2,3,4,2
5083,0,,,0,0,1,,,0,OP3,scripted,OP3,3,3,4,2
5084,1,,,0,0,1,,,0,OP3,scripted,OP3,3,2,4,2
5085,1,,,0,0,1,,,0,OP3,scripted,OP3,3,2,4,2
5086,0,,,0,0,1,,,0,OP3,scripted,OP3,2,3,4,2
5087,0,,,0,0,1,,,0,OP3,scripted,OP3,3,3,4,2
5088,1,,,0,0,1,,,0,OP3,scripted,OP3,3,2,4,2
5089,0,,,0,0,1,,,0,OP3,scripted,OP3,1,3,4,2
5090,0,,,0,0,1,,,0,OP3,scripted,OP3,2,3,4,2
5091,0,,,0,0,1,,,0,OP3,scripted,OP3,3,3,4,2
5092,1,,,0,0,1,,,0,OP3,scripted,OP3,3,2,4,2
5093,0,,,0,0,1,,,0,OP3,scripted,OP3,2,3,4,2
5094,1,,,0,0,1,,,0,OP3,scripted,OP3,3,2,4,2
5095,0,,,0,0,1,,,0,OP3,scripted,OP3,2,3,4,2
5096,0,,,0,0,1,,,0,OP3,scripted,OP3,2,3,4,2
5097,0,,,0,0,1,,,0,OP3,scripted,OP3,2,3,4,2
5098,0,,,0,0,1,,,0,OP3,scripted,OP3,2,3,4,2
5099,1,,,0,0,1,,,0,OP3,scripted,OP3,3,2,4,2
5100,1,,,0,0,1,,,0,OP3,scripted,OP3,3,1,4,2
5101,0,,,0,0,1,,,0,OP3,scripted,OP3,2,3,4,2
5102,1,,,0,0,1,,,0,OP3,scripted,OP3,3,2,4,2
5103,0,,,0,0,1,,,0,OP3,scripted,OP3,1,3,4,2
5104,0,,,0,0,1,,,0,OP3,scripted,OP3,2,3,4,2
5105,1,,,0,0,1,,,0,OP3,scripted,OP3,3,2,4,2
5106,1,,,0,0,1,,,0,OP3,scripted,OP3,3,2,4,2
5107,1,,,0,0,1,,,0,OP3,scripted,OP3,3,2,4,2
5108,1,,,0,0,1,,,0,OP3,scripted,OP3,3,2,4,2
5109,1,,,0,0,1,,,0,OP3,scripted,OP3,3,2,4,2
5110,0,,,0,0,1,,,0,OP3,scripted,OP3,3,3,4,2
5111,1,,,0,0,1,,,0,OP3,scripted,OP3,3,2,4,2
5112,0,,,0,0,1,,,0,OP3,scripted,OP3,2,3,4,2
5113,1,,,0,0,1,,,0,OP3,scripted,OP3,3,2,4,2
5114,1,,,0,0,1,,,0,OP3,scripted,OP3,3,2,4,2
5115,1,,,0,0,1,,,0,OP3,scripted,OP3,3,2,4,2
5116,0,,,0,0,1,,,0,OP3,scripted,OP3,2,3,4,2
5117,1,,,0,0,1,,,0,OP3,scripted,OP3,3,2,4,2
5118,1,,,0,0,1,,,0,OP3,scripted,OP3,3,2,4,2
5119,1,,,0,0,1,,,0,OP3,scripted,OP3,3,2,4,2
5120,0,,,0,0,1,,,0,OP3,scripted,OP3,2,3,4,2
5121,1,,,0,0,1,,,0,OP3,scripted,OP3,3,2,4,2
5122,1,,,0,0,1,,,0,OP3,scripted,OP3,3,2,4,2
5123,1,,,0,0,1,,,0,OP3,scripted,OP3,3,1,4,2
5124,1,,,0,0,1,,,0,OP3,scripted,OP3,3,2,4,2
5125,1,,,0,0,1,,,0,OP3,scripted,OP3,3,2,4,2
5126,1,,,0,0,1,,,0,OP3,scripted,OP3,3,2,4,2
5127,0,,,0,0,1,,,0,OP3,scripted,OP3,2,3,4,2
5128,1,,,0,0,1,,,0,OP3,scripted,OP3,3,2,4,2
5129,1,,,0,0,1,,,0,OP3,scripted,OP3,3,1,4,2
5130,1,,,0,0,1,,,0,OP3,scripted,OP3,3,2,4,2
5131,0,,,0,0,1,,,0,OP3,scripted,OP3,3,3,4,2
5132,0,,,0,0,1,,,0,OP3,scripted,OP3,2,3,4,2
5133,1,,,0,0,1,,,0,OP3,scripted,OP3,3,2,4,2
5134,0,,,0,0,1,,,0,OP3,scripted,OP3,3,3,4,2
5135,1,,,0,0,1,,,0,OP3,scripted,OP3,3,2,4,2
5136,0,,,0,0,1,,,0,OP3,scripted,OP3,2,3,4,2
5137,0,,,0,0,1,,,0,OP3,scripted,OP3,2,3,4,2
5138,1,,,0,0,1,,,0,OP3,scripted,OP3,3,1,4,2
5139,1,,,0,0,1,,,0,OP3,scripted,OP3,3,2,4,2
5140,0,,,0,0,1,,,0,OP3,scripted,OP3,2,3,4,2
5141,0,,,0,0,1,,,0,OP3,scripted,OP3,2,3,4,2
5142,1,,,0,0,1,,,0,OP3,scripted,OP3,3,1,4,2
5143,0,,,0,0,1,,,0,OP3,scripted,OP3,2,3,4,2
5144,1,,,0,0,1,,,0,OP3,scripted,OP3,3,2,4,2
5145,0,,,0,0,1,,,0,OP3,scripted,OP3,2,3,4,2
5146,0,,,0,0,1,,,0,OP3,scripted,OP3,2,3,4,2
5147,1,,,0,0,1,,,0,OP3,scripted,OP3,3,2,4,2
5148,1,,,0,0,1,,,0,OP3,scripted,OP3,3,1,4,2
5149,1,,,0,0,1,,,0,OP3,scripted,OP3,3,2,4,2
5150,1,,,0,0,1,,,0,OP3,scripted,OP3,3,2,4,2
5151,0,,,0,0,1,,,0,OP3,scripted,OP3,2,3,4,2
5152,1,,,0,0,1,,,0,OP3,scripted,OP3,3,1,4,2
5153,0,,,0,0,1,,,0,OP3,scripted,OP3,2,3,4,2
5154,1,,,0,0,1,,,0,OP3,scripted,OP3,3,2,4,2
5155,0,,,0,0,1,,,0,OP3,scripted,OP3,2,3,4,2
5156,1,,,0,0,1,,,0,OP3,scripted,OP3,3,2,4,2
5157,0,,,0,0,1,,,0,OP3,scripted,OP3,3,3,4,2
5158,1,,,0,0,1,,,0,OP3,scripted,OP3,3,2,4,2
5159,1,,,0,0,1,,,0,OP3,scripted,OP3,3,2,4,2
5160,0,,,0,0,1,,,0,OP3,scripted,OP3,2,3,4,2
5161,0,,,0,0,1,,,0,OP3,scripted,OP3,2,3,4,2
5162,0,,,0,0,1,,,0,OP3,scripted,OP3,2,3,4,2
5163,1,,,0,0,1,,,0,OP3,scripted,OP3,3,2,4,2
5164,0,,,0,0,1,,,0,OP3,scripted,OP3,3,3,4,2
5165,1,,,0,0,1,,,0,OP3,scripted,OP3,3,2,4,2
5166,0,,,0,0,1,,,0,OP3,scripted,OP3,2,3,4,2
5167,0,,,0,0,1,,,0,OP3,scripted,OP3,2,3,4,2
5168,1,,,0,0,1,,,0,OP3,scripted,OP3,3,2,4,2
5169,0,,,0,0,1,,,0,OP3,scripted,OP3,3,3,4,2
5170,1,,,0,0,1,,,0,OP3,scripted,OP3,3,2,4,2
5171,0,,,0,0,1,,,0,OP3,scripted,OP3,2,3,4,2
5172,1,,,0,0,1,,,0,OP3,scripted,OP3,3,1,4,2
5173,0,,,0,0,1,,,0,OP3,scripted,OP3,3,3,4,2
5174,1,,,0,0,1,,,0,OP3,scripted,OP3,3,2,4,2
5175,0,,,0,0,1,,,0,OP3,scripted,OP3,3,3,4,2
5176,0,,,0,0,1,,,0,OP3,scripted,OP3,1,3,4,2
5177,1,,,0,0,1,,,0,OP3,scripted,OP3,3,2,4,2
5178,1,,,0,0,1,,,0,OP3,scripted,OP3,3,2,4,2
5179,0,,,0,0,1,,,0,OP3,scripted,OP3,3,3,4,2
5180,0,,,0,0,1,,,0,OP3,scripted,OP3,3,3,4,2
5181,1,,,0,0,1,,,0,OP3,scripted,OP3,3,2,4,2
5182,0,,,0,0,1,,,0,OP3,scripted,OP3,3,3,4,2
5183,0,,,0,0,1,,,0,OP3,scripted,OP3,2,3,4,2
5184,1,,,0,0,1,,,0,OP3,scripted,OP3,3,2,4,2
5185,0,,,0,0,1,,,0,OP3,scripted,OP3,2,3,4,2
5186,1,,,0,0,1,,,0,OP3,scripted,OP3,3,2,4,2
5187,0,,,0,0,1,,,0,OP3,scripted,OP3,3,3,4,2
5188,1,,,0,0,1,,,0,OP3,scripted,OP3,3,2,4,2
5189,1,,,0,0,1,,,0,OP3,scripted,OP3,3,1,4,2
5190,1,,,0,0,1,,,0,OP3,scripted,OP3,3,2,4,2
5191,0,,,0,0,1,,,0,OP3,scripted,OP3,3,3,4,2
5192,1,,,0,0,1,,,0,OP3,scripted,OP3,3,2,4,2
5193,1,,,0,0,1,,,0,OP3,scripted,OP3,3,2,4,2
5194,1,,,0,0,1,,,0,OP3,scripted,OP3,3,2,4,2
5195,1,,,0,0,1,,,0,OP3,scripted,OP3,3,2,4,2
5196,0,,,0,0,1,,,0,OP3,scripted,OP3,2,3,4,2
5197,1,,,0,0,1,,,0,OP3,scripted,OP3,3,2,4,2
5198,0,,,0,0,1,,,0,OP3,scripted,OP3,2,3,4,2
5199,1,,,0,0,1,,,0,OP3,scripted,OP3,3,2,4,2
5200,1,,,0,0,1,,,0,OP3,scripted,OP3,3,2,4,2
5201,1,,,0,0,1,,,0,OP3,scripted,OP3,3,2,4,2
5202,1,,,0,0,1,,,0,OP3,scripted,OP3,3,1,4,2
5203,0,,,0,0,1,,,0,OP3,scripted,OP3,2,3,4,2
5204,1,,,0,0,1,,,0,OP3,scripted,OP3,3,2,4,2
5205,1,,,0,0,1,,,0,OP3,scripted,OP3,3,2,4,2
5206,1,,,0,0,1,,,0,OP3,scripted,OP3,3,1,4,2
5207,0,,,0,0,1,,,0,OP3,scripted,OP3,3,3,4,2
5208,1,,,0,0,1,,,0,OP3,scripted,OP3,3,2,4,2
5209,0,,,0,0,1,,,0,OP3,scripted,OP3,2,3,4,2
5210,0,,,0,0,1,,,0,OP3,scripted,OP3,3,3,4,2
5211,1,,,0,0,1,,,0,OP3,scripted,OP3,3,2,4,2
5212,0,,,0,0,1,,,0,OP3,scripted,OP3,3,3,4,2
5213,0,,,0,0,1,,,0,OP3,scripted,OP3,2,3,4,2
5214,0,,,0,0,1,,,0,OP3,scripted,OP3,2,3,4,2
5215,1,,,0,0,1,,,0,OP3,scripted,OP3,3,2,4,2
5216,1,,,0,0,1,,,0,OP3,scripted,OP3,3,1,4,2
5217,0,,,0,0,1,,,0,OP3,scripted,OP3,1,3,4,2
5218,0,,,0,0,1,,,0,OP3,scripted,OP3,2,3,4,2
5219,0,,,0,0,1,,,0,OP3,scripted,OP3,2,3,4,2
5220,1,,,0,0,1,,,0,OP3,scripted,OP3,3,2,4,2
5221,1,,,0,0,1,,,0,OP3,scripted,OP3,3,2,4,2
5222,1,,,0,0,1,,,0,OP3,scripted,OP3,3,2,4,2
5223,0,,,0,0,1,,,0,OP3,scripted,OP3,2,3,4,2
5224,1,,,0,0,1,,,0,OP3,scripted,OP3,3,2,4,2
5225,0,,,0,0,1,,,0,OP3,scripted,OP3,2,3,4,2
5226,0,,,0,0,1,,,0,OP3,scripted,OP3,2,3,4,2
5227,1,,,0,0,1,,,0,OP3,scripted,OP3,3,1,4,2
5228,0,,,0,0,1,,,0,OP3,scripted,OP3,2,3,4,2
5229,0,,,0,0,1,,,0,OP3,scripted,OP3,2,3,4,2
5230,1,,,0,0,1,,,0,OP3,scripted,OP3,3,2,4,2
5231,1,,,0,0,1,,,0,OP3,scripted,OP3,3,1,4,2
5232,0,,,0,0,1,,,0,OP3,scripted,OP3,2,3,4,2
5233,1,,,0,0,1,,,0,OP3,scripted,OP3,3,2,4,2
5234,1,,,0,0,1,,,0,OP3,scripted,OP3,3,2,4,2
5235,0,,,0,0,1,,,0,OP3,scripted,OP3,3,3,4,2
5236,0,,,0,0,1,,,0,OP3,scripted,OP3,2,3,4,2
5237,1,,,0,0,1,,,0,OP3,scripted,OP3,3,2,4,2
5238,1,,,0,0,1,,,0,OP3,scripted,OP3,3,2,4,2
5239,1,,,0,0,1,,,0,OP3,scripted,OP3,3,2,4,2
5240,0,,,0,0,1,,,0,OP3,scripted,OP3,3,3,4,2
5241,0,,,0,0,1,,,0,OP3,scripted,OP3,2,3,4,2
5242,0,,,0,0,1,,,0,OP3,scripted,OP3,2,3,4,2
5243,1,,,0,0,1,,,0,OP3,scripted,OP3,3,2,4,2
5244,1,,,0,0,1,,,0,OP3,scripted,OP3,3,2,4,2
5245,1,,,0,0,1,,,0,OP3,scripted,OP3,3,2,4,2
5246,1,,,0,0,1,,,0,OP3,scripted,OP3,3,2,4,2
5247,0,,,0,0,1,,,0,OP3,scripted,OP3,2,3,4,2
5248,1,,,0,0,1,,,0,OP3,scripted,OP3,3,2,4,2
5249,1,,,0,0,1,,,0,OP3,scripted,OP3,3,0,4,2
5250,0,,,0,0,1,,,0,OP3,scripted,OP3,2,3,4,2
5251,1,,,0,0,1,,,0,OP3,scripted,OP3,3,2,4,2
5252,0,,,0,0,1,,,0,OP3,scripted,OP3,2,3,4,2
5253,0,,,0,0,1,,,0,OP3,scripted,OP3,2,3,4,2
5254,0,,,0,0,1,,,0,OP3,scripted,OP3,3,3,4,2
5255,0,,,0,0,1,,,0,OP3,scripted,OP3,3,3,4,2
5256,1,,,0,0,1,,,0,OP3,scripted,OP3,3,2,4,2
5257,0,,,0,0,1,,,0,OP3,scripted,OP3,3,3,4,2
5258,1,,,0,0,1,,,0,OP3,scripted,OP3,3,2,4,2
5259,1,,,0,0,1,,,0,OP3,scripted,OP3,3,2,4,2
5260,1,,,0,0,1,,,0,OP3,scripted,OP3,3,2,4,2
5261,1,,,0,0,1,,,0,OP3,scripted,OP3,3,2,4,2
5262,0,,,0,0,1,,,0,OP3,scripted,OP3,3,3,4,2
5263,0,,,0,0,1,,,0,OP3,scripted,OP3,2,3,4,2
5264,1,,,0,0,1,,,0,OP3,scripted,OP3,3,2,4,2
5265,0,,,0,0,1,,,0,OP3,scripted,OP3,3,3,4,2
5266,1,,,0,0,1,,,0,OP3,scripted,OP3,3,2,4,2
5267,0,,,0,0,1,,,0,OP3,scripted,OP3,2,3,4,2
5268,1,,,0,0,1,,,0,OP3,scripted,OP3,3,1,4,2
5269,1,,,0,0,1,,,0,OP3,scripted,OP3,3,2,4,2
5270,0,,,0,0,1,,,0,OP3,scripted,OP3,3,3,4,2
5271,0,,,0,0,1,,,0,OP3,scripted,OP3,2,3,4,2
5272,1,,,0,0,1,,,0,OP3,scripted,OP3,3,1,4,2
5273,1,,,0,0,1,,,0,OP3,scripted,OP3,3,2,4,2
5274,0,,,0,0,1,,,0,OP3,scripted,OP3,2,3,4,2
5275,1,,,0,0,1,,,0,OP3,scripted,OP3,3,2,4,2
5276,1,,,0,0,1,,,0,OP3,scripted,OP3,3,2,4,2
5277,1,,,0,0,1,,,0,OP3,scripted,OP3,3,2,4,2
5278,0,,,0,0,1,,,0,OP3,scripted,OP3,1,3,4,2
5279,0,,,0,0,1,,,0,OP3,scripted,OP3,2,3,4,2
5280,0,,,0,0,1,,,0,OP3,scripted,OP3,3,3,4,2
5281,0,,,0,0,1,,,0,OP3,scripted,OP3,2,3,4,2
5282,1,,,0,0,1,,,0,OP3,scripted,OP3,3,1,4,2
5283,0,,,0,0,1,,,0,OP3,scripted,OP3,3,3,4,2
5284,0,,,0,0,1,,,0,OP3,scripted,OP3,3,3,4,2
5285,0,,,0,0,1,,,0,OP3,scripted,OP3,1,3,4,2
5286,1,,,0,0,1,,,0,OP3,scripted,OP3,3,2,4,2
5287,1,,,0,0,1,,,0,OP3,scripted,OP3,3,1,4,2
5288,0,,,0,0,1,,,0,OP3,scripted,OP3,2,3,4,2
5289,0,,,0,0,1,,,0,OP3,scripted,OP3,3,3,4,2
5290,1,,,0,0,1,,,0,OP3,scripted,OP3,3,1,4,2
5291,1,,,0,0,1,,,0,OP3,scripted,OP3,3,2,4,2
5292,1,,,0,0,1,,,0,OP3,scripted,OP3,3,1,4,2
5293,0,,,0,0,1,,,0,OP3,scripted,OP3,3,3,4,2
5294,0,,,0,0,1,,,0,OP3,scripted,OP3,2,3,4,2
5295,1,,,0,0,1,,,0,OP3,scripted,OP3,3,2,4,2
5296,0,,,0,0,1,,,0,OP3,scripted,OP3,2,3,4,2
5297,1,,,0,0,1,,,0,OP3,scripted,OP3,3,2,4,2
5298,0,,,0,0,1,,,0,OP3,scripted,OP3,2,3,4,2
5299,1,,,0,0,1,,,0,OP3,scripted,OP3,3,2,4,2
5300,1,,,0,0,1,,,0,OP3,scripted,OP3,3,2,4,2
5301,0,,,0,0,1,,,0,OP3,scripted,OP3,2,3,4,2
5302,0,,,0,0,1,,,0,OP3,scripted,OP3,1,3,4,2
5303,1,,,0,0,1,,,0,OP3,scripted,OP3,3,2,4,2
5304,0,,,0,0,1,,,0,OP3,scripted,OP3,2,3,4,2
5305,1,,,0,0,1,,,0,OP3,scripted,OP3,3,2,4,2
5306,0,,,0,0,1,,,0,OP3,scripted,OP3,3,3,4,2
5307,1,,,0,0,1,,,0,OP3,scripted,OP3,3,2,4,2
5308,0,,,0,0,1,,,0,OP3,scripted,OP3,2,3,4,2
5309,1,,,0,0,1,,,0,OP3,scripted,OP3,3,2,4,2
5310,0,,,0,0,1,,,0,OP3,scripted,OP3,2,3,4,2
5311,1,,,0,0,1,,,0,OP3,scripted,OP3,3,2,4,2
5312,1,,,0,0,1,,,0,OP3,scripted,OP3,3,2,4,2
5313,0,,,0,0,1,,,0,OP3,scripted,OP3,2,3,4,2
5314,1,,,0,0,1,,,0,OP3,scripted,OP3,3,2,4,2
5315,1,,,0,0,1,,,0,OP3,scripted,OP3,3,2,4,2
5316,0,,,0,0,1,,,0,OP3,scripted,OP3,2,3,4,2
5317,1,,,0,0,1,,,0,OP3,scripted,OP3,3,2,4,2
5318,1,,,0,0,1,,,0,OP3,scripted,OP3,3,2,4,2
5319,1,,,0,0,1,,,0,OP3,scripted,OP3,3,1,4,2
5320,1,,,0,0,1,,,0,OP3,scripted,OP3,3,2,4,2
5321,1,,,0,0,1,,,0,OP3,scripted,OP3,3,2,4,2
5322,0,,,0,0,1,,,0,OP3,scripted,OP3,2,3,4,2
5323,0,,,0,0,1,,,0,OP3,scripted,OP3,2,3,4,2
5324,1,,,0,0,1,,,0,OP3,scripted,OP3,3,2,4,2
5325,0,,,0,0,1,,,0,OP3,scripted,OP3,2,3,4,2
5326,1,,,0,0,1,,,0,OP3,scripted,OP3,3,2,4,2
5327,1,,,0,0,1,,,0,OP3,scripted,OP3,3,2,4,2
5328,1,,,0,0,1,,,0,OP3,scripted,OP3,3,2,4,2
5329,1,,,0,0,1,,,0,OP3,scripted,OP3,3,2,4,2
5330,1,,,0,0,1,,,0,OP3,scripted,OP3,3,2,4,2
5331,1,,,0,0,1,,,0,OP3,scripted,OP3,3,2,4,2
5332,1,,,0,0,1,,,0,OP3,scripted,OP3,3,1,4,2
5333,0,,,0,0,1,,,0,OP3,scripted,OP3,2,3,4,2
5334,1,,,0,0,1,,,0,OP3,scripted,OP3,3,2,4,2
5335,0,,,0,0,1,,,0,OP3,scripted,OP3,3,3,4,2
5336,0,,,0,0,1,,,0,OP3,scripted,OP3,2,3,4,2
5337,0,,,0,0,1,,,0,OP3,scripted,OP3,3,3,4,2
5338,0,,,0,0,1,,,0,OP3,scripted,OP3,3,3,4,2
5339,0,,,0,0,1,,,0,OP3,scripted,OP3,3,3,4,2
5340,0,,,0,0,1,,,0,OP3,scripted,OP3,2,3,4,2
5341,1,,,0,0,1,,,0,OP3,scripted,OP3,3,2,4,2
5342,1,,,0,0,1,,,0,OP3,scripted,OP3,3,2,4,2
5343,1,,,0,0,1,,,0,OP3,scripted,OP3,3,2,4,2
5344,0,,,0,0,1,,,0,OP3,scripted,OP3,3,3,4,2
5345,1,,,0,0,1,,,0,OP3,scripted,OP3,3,2,4,2
5346,1,,,0,0,1,,,0,OP3,scripted,OP3,3,2,4,2
5347,0,,,0,0,1,,,0,OP3,scripted,OP3,3,3,4,2
5348,1,,,0,0,1,,,0,OP3,scripted,OP3,3,2,4,2
5349,0,,,0,0,1,,,0,OP3,scripted,OP3,2,3,4,2
5350,1,,,0,0,1,,,0,OP3,scripted,OP3,3,2,4,2
5351,1,,,0,0,1,,,0,OP3,scripted,OP3,3,2,4,2
5352,0,,,0,0,1,,,0,OP3,scripted,OP3,2,3,4,2
5353,1,,,0,0,1,,,0,OP3,scripted,OP3,3,2,4,2
5354,1,,,0,0,1,,,0,OP3,scripted,OP3,3,2,4,2
5355,1,,,0,0,1,,,0,OP3,scripted,OP3,3,2,4,2
5356,0,,,0,0,1,,,0,OP3,scripted,OP3,3,3,4,2
5357,1,,,0,0,1,,,0,OP3,scripted,OP3,3,2,4,2
5358,0,,,0,0,1,,,0,OP3,scripted,OP3,2,3,4,2
5359,0,,,0,0,1,,,0,OP3,scripted,OP3,2,3,4,2
5360,1,,,0,0,1,,,0,OP3,scripted,OP3,3,2,4,2
5361,1,,,0,0,1,,,0,OP3,scripted,OP3,3,1,4,2
5362,1,,,0,0,1,,,0,OP3,scripted,OP3,3,2,4,2
5363,1,,,0,0,1,,,0,OP3,scripted,OP3,3,2,4,2
5364,0,,,0,0,1,,,0,OP3,scripted,OP3,2,3,4,2
5365,1,,,0,0,1,,,0,OP3,scripted,OP3,3,2,4,2
5366,0,,,0,0,1,,,0,OP3,scripted,OP3,2,3,4,2
5367,1,,,0,0,1,,,0,OP3,scripted,OP3,3,2,4,2
5368,1,,,0,0,1,,,0,OP3,scripted,OP3,3,2,4,2
5369,1,,,0,0,1,,,0,OP3,scripted,OP3,3,2,4,2
5370,1,,,0,0,1,,,0,OP3,scripted,OP3,3,2,4,2
5371,1,,,0,0,1,,,0,OP3,scripted,OP3,3,1,4,2
5372,0,,,0,0,1,,,0,OP3,scripted,OP3,1,3,4,2
5373,1,,,0,0,1,,,0,OP3,scripted,OP3,3,2,4,2
5374,0,,,0,0,1,,,0,OP3,scripted,OP3,1,3,4,2
5375,1,,,0,0,1,,,0,OP3,scripted,OP3,3,2,4,2
5376,1,,,0,0,1,,,0,OP3,scripted,OP3,3,2,4,2
5377,1,,,0,0,1,,,0,OP3,scripted,OP3,3,2,4,2
5378,1,,,0,0,1,,,0,OP3,scripted,OP3,3,1,4,2
5379,1,,,0,0,1,,,0,OP3,scripted,OP3,3,2,4,2
5380,0,,,0,0,1,,,0,OP3,scripted,OP3,2,3,4,2
5381,1,,,0,0,1,,,0,OP3,scripted,OP3,3,2,4,2
5382,1,,,0,0,1,,,0,OP3,scripted,OP3,3,2,4,2
5383,1,,,0,0,1,,,0,OP3,scripted,OP3,3,2,4,2
5384,0,,,0,0,1,,,0,OP3,scripted,OP3,2,3,4,2
5385,0,,,0,0,1,,,0,OP3,scripted,OP3,2,3,4,2
5386,0,,,0,0,1,,,0,OP3,scripted,OP3,2,3,4,2
5387,1,,,0,0,1,,,0,OP3,scripted,OP3,3,2,4,2
5388,0,,,0,0,1,,,0,OP3,scripted,OP3,2,3,4,2
5389,1,,,0,0,1,,,0,OP3,scripted,OP3,3,2,4,2
5390,1,,,0,0,1,,,0,OP3,scripted,OP3,3,2,4,2
5391,1,,,0,0,1,,,0,OP3,scripted,OP3,3,2,4,2
5392,1,,,0,0,1,,,0,OP3,scripted,OP3,3,2,4,2
5393,0,,,0,0,1,,,0,OP3,scripted,OP3,3,3,4,2
5394,0,,,0,0,1,,,0,OP3,scripted,OP3,3,3,4,2
5395,1,,,0,0,1,,,0,OP3,scripted,OP3,3,1,4,2
5396,1,,,0,0,1,,,0,OP3,scripted,OP3,3,2,4,2
5397,1,,,0,0,1,,,0,OP3,scripted,OP3,3,2,4,2
5398,1,,,0,0,1,,,0,OP3,scripted,OP3,3,2,4,2
5399,0,,,0,0,1,,,0,OP3,scripted,OP3,2,3,4,2
5400,0,,,0,0,1,,,0,OP3,scripted,OP3,2,3,4,2
5401,0,,,0,0,1,,,0,OP3,scripted,OP3,3,3,4,2
5402,1,,,0,0,1,,,0,OP3,scripted,OP3,3,2,4,2
5403,1,,,0,0,1,,,0,OP3,scripted,OP3,3,1,4,2
5404,1,,,0,0,1,,,0,OP3,scripted,OP3,3,2,4,2
5405,1,,,0,0,1,,,0,OP3,scripted,OP3,3,2,4,2
5406,1,,,0,0,1,,,0,OP3,scripted,OP3,3,2,4,2
5407,1,,,0,0,1,,,0,OP3,scripted,OP3,3,2,4,2
5408,1,,,0,0,1,,,0,OP3,scripted,OP3,3,2,4,2
5409,0,,,0,0,1,,,0,OP3,scripted,OP3,2,3,4,2
5410,1,,,0,0,1,,,0,OP3,scripted,OP3,3,2,4,2
5411,1,,,0,0,1,,,0,OP3,scripted,OP3,3,2,4,2
5412,1,,,0,0,1,,,0,OP3,scripted,OP3,3,2,4,2
5413,0,,,0,0,1,,,0,OP3,scripted,OP3,2,3,4,2
5414,1,,,0,0,1,,,0,OP3,scripted,OP3,3,1,4,2
5415,1,,,0,0,1,,,0,OP3,scripted,OP3,3,2,4,2
5416,0,,,0,0,1,,,0,OP3,scripted,OP3,2,3,4,2
5417,0,,,0,0,1,,,0,OP3,scripted,OP3,1,3,4,2
5418,0,,,0,0,1,,,0,OP3,scripted,OP3,2,3,4,2
5419,0,,,0,0,1,,,0,OP3,scripted,OP3,3,3,4,2
5420,1,,,0,0,1,,,0,OP3,scripted,OP3,3,2,4,2
5421,0,,,0,0,1,,,0,OP3,scripted,OP3,2,3,4,2
5422,1,,,0,0,1,,,0,OP3,scripted,OP3,3,2,4,2
5423,0,,,0,0,1,,,0,OP3,scripted,OP3,2,3,4,2
5424,1,,,0,0,1,,,0,OP3,scripted,OP3,3,2,4,2
5425,0,,,0,0,1,,,0,OP3,scripted,OP3,2,3,4,2
5426,1,,,0,0,1,,,0,OP3,scripted,OP3,3,2,4,2
5427,1,,,0,0,1,,,0,OP3,scripted,OP3,3,2,4,2
5428,1,,,0,0,1,,,0,OP3,scripted,OP3,3,2,4,2
5429,1,,,0,0,1,,,0,OP3,scripted,OP3,3,2,4,2
5430,0,,,0,0,1,,,0,OP3,scripted,OP3,2,3,4,2
5431,0,,,0,0,1,,,0,OP3,scripted,OP3,1,3,4,2
5432,0,,,0,0,1,,,0,OP3,scripted,OP3,2,3,4,2
5433,0,,,0,0,1,,,0,OP3,scripted,OP3,3,3,4,2
5434,0,,,0,0,1,,,0,OP3,scripted,OP3,2,3,4,2
5435,0,,,0,0,1,,,0,OP3,scripted,OP3,2,3,4,2
5436,0,,,0,0,1,,,0,OP3,scripted,OP3,2,3,4,2
5437,0,,,0,0,1,,,0,OP3,scripted,OP3,2,3,4,2
5438,0,,,0,0,1,,,0,OP3,scripted,OP3,3,3,4,2
5439,0,,,0,0,1,,,0,OP3,scripted,OP3,2,3,4,2
5440,0,,,0,0,1,,,0,OP3,scripted,OP3,2,3,4,2
5441,1,,,0,0,1,,,0,OP3,scripted,OP3,3,2,4,2
5442,1,,,0,0,1,,,0,OP3,scripted,OP3,3,2,4,2
5443,1,,,0,0,1,,,0,OP3,scripted,OP3,3,2,4,2
5444,1,,,0,0,1,,,0,OP3,scripted,OP3,3,2,4,2
5445,0,,,0,0,1,,,0,OP3,scripted,OP3,2,3,4,2
5446,1,,,0,0,1,,,0,OP3,scripted,OP3,3,2,4,2
5447,1,,,0,0,1,,,0,OP3,scripted,OP3,3,2,4,2
5448,0,,,0,0,1,,,0,OP3,scripted,OP3,2,3,4,2
5449,0,,,0,0,1,,,0,OP3,scripted,OP3,2,3,4,2
5450,1,,,0,0,1,,,0,OP3,scripted,OP3,3,2,4,2
5451,1,,,0,0,1,,,0,OP3,scripted,OP3,3,2,4,2
5452,0,,,0,0,1,,,0,OP3,scripted,OP3,2,3,4,2
5453,1,,,0,0,1,,,0,OP3,scripted,OP3,3,2,4,2
5454,1,,,0,0,1,,,0,OP3,scripted,OP3,3,1,4,2
5455,1,,,0,0,1,,,0,OP3,scripted,OP3,3,2,4,2
5456,1,,,0,0,1,,,0,OP3,scripted,OP3,3,2,4,2
5457,0,,,0,0,1,,,0,OP3,scripted,OP3,2,3,4,2
5458,0,,,0,0,1,,,0,OP3,scripted,OP3,3,3,4,2
5459,0,,,0,0,1,,,0,OP3,scripted,OP3,3,3,4,2
5460,0,,,0,0,1,,,0,OP3,scripted,OP3,2,3,4,2
5461,1,,,0,0,1,,,0,OP3,scripted,OP3,3,2,4,2
5462,1,,,0,0,1,,,0,OP3,scripted,OP3,3,2,4,2
5463,0,,,0,0,1,,,0,OP3,scripted,OP3,2,3,4,2
5464,1,,,0,0,1,,,0,OP3,scripted,OP3,3,2,4,2
5465,1,,,0,0,1,,,0,OP3,scripted,OP3,3,2,4,2
5466,0,,,0,0,1,,,0,OP3,scripted,OP3,2,3,4,2
5467,1,,,0,0,1,,,0,OP3,scripted,OP3,3,2,4,2
5468,0,,,0,0,1,,,0,OP3,scripted,OP3,2,3,4,2
5469,1,,,0,0,1,,,0,OP3,scripted,OP3,3,2,4,2
5470,1,,,0,0,1,,,0,OP3,scripted,OP3,3,2,4,2
5471,0,,,0,0,1,,,0,OP3,scripted,OP3,3,3,4,2
5472,1,,,0,0,1,,,0,OP3,scripted,OP3,3,2,4,2
5473,0,,,0,0,1,,,0,OP3,scripted,OP3,2,3,4,2
5474,1,,,0,0,1,,,0,OP3,scripted,OP3,3,2,4,2
5475,0,,,0,0,1,,,0,OP3,scripted,OP3,2,3,4,2
5476,1,,,0,0,1,,,0,OP3,scripted,OP3,3,1,4,2
5477,1,,,0,0,1,,,0,OP3,scripted,OP3,3,2,4,2
5478,1,,,0,0,1,,,0,OP3,scripted,OP3,3,2,4,2
5479,1,,,0,0,1,,,0,OP3,scripted,OP3,3,2,4,2
5480,1,,,0,0,1,,,0,OP3,scripted,OP3,3,2,4,2
5481,1,,,0,0,1,,,0,OP3,scripted,OP3,3,2,4,2
5482,1,,,0,0,1,,,0,OP3,scripted,OP3,3,2,4,2
5483,0,,,0,0,1,,,0,OP3,scripted,OP3,2,3,4,2
5484,0,,,0,0,1,,,0,OP3,scripted,OP3,2,3,4,2
5485,0,,,0,0,1,,,0,OP3,scripted,OP3,3,3,4,2
5486,1,,,0,0,1,,,0,OP3,scripted,OP3,3,2,4,2
5487,0,,,0,0,1,,,0,OP3,scripted,OP3,2,3,4,2
5488,1,,,0,0,1,,,0,OP3,scripted,OP3,3,1,4,2
5489,1,,,0,0,1,,,0,OP3,scripted,OP3,3,2,4,2
5490,1,,,0,0,1,,,0,OP3,scripted,OP3,3,0,4,2
5491,0,,,0,0,1,,,0,OP3,scripted,OP3,3,3,4,2
5492,1,,,0,0,1,,,0,OP3,scripted,OP3,3,1,4,2
5493,0,,,0,0,1,,,0,OP3,scripted,OP3,2,3,4,2
5494,1,,,0,0,1,,,0,OP3,scripted,OP3,3,2,4,2
5495,1,,,0,0,1,,,0,OP3,scripted,OP3,3,2,4,2
5496,1,,,0,0,1,,,0,OP3,scripted,OP3,3,2,4,2
5497,0,,,0,0,1,,,0,OP3,scripted,OP3,2,3,4,2
5498,1,,,0,0,1,,,0,OP3,scripted,OP3,3,2,4,2
5499,0,,,0,0,1,,,0,OP3,scripted,OP3,2,3,4,2
5500,1,,,0,0,1,,,0,OP3,scripted,OP3,3,2,4,2
5501,1,,,0,0,1,,,0,OP3,scripted,OP3,3,2,4,2
5502,0,,,0,0,1,,,0,OP3,scripted,OP3,2,3,4,2
5503,1,,,0,0,1,,,0,OP3,scripted,OP3,3,2,4,2
5504,0,,,0,0,1,,,0,OP3,scripted,OP3,1,3,4,2
5505,1,,,0,0,1,,,0,OP3,scripted,OP3,3,2,4,2
5506,0,,,0,0,1,,,0,OP3,scripted,OP3,2,3,4,2
5507,1,,,0,0,1,,,0,OP3,scripted,OP3,3,2,4,2
5508,0,,,0,0,1,,,0,OP3,scripted,OP3,3,3,4,2
5509,1,,,0,0,1,,,0,OP3,scripted,OP3,3,2,4,2
5510,1,,,0,0,1,,,0,OP3,scripted,OP3,3,2,4,2
5511,1,,,0,0,1,,,0,OP3,scripted,OP3,3,2,4,2
5512,1,,,0,0,1,,,0,OP3,scripted,OP3,3,2,4,2
5513,0,,,0,0,1,,,0,OP3,scripted,OP3,2,3,4,2
5514,1,,,0,0,1,,,0,OP3,scripted,OP3,3,2,4,2
5515,1,,,0,0,1,,,0,OP3,scripted,OP3,3,2,4,2
5516,1,,,0,0,1,,,0,OP3,scripted,OP3,3,2,4,2
5517,1,,,0,0,1,,,0,OP3,scripted,OP3,3,2,4,2
5518,1,,,0,0,1,,,0,OP3,scripted,OP3,3,2,4,2
5519,1,,,0,0,1,,,0,OP3,scripted,OP3,3,2,4,2
5520,1,,,0,0,1,,,0,OP3,scripted,OP3,3,2,4,2
5521,1,,,0,0,1,,,0,OP3,scripted,OP3,3,2,4,2
5522,1,,,0,0,1,,,0,OP3,scripted,OP3,3,2,4,2
5523,1,,,0,0,1,,,0,OP3,scripted,OP3,3,2,4,2
5524,0,,,0,0,1,,,0,OP3,scripted,OP3,2,3,4,2
5525,0,,,0,0,1,,,0,OP3,scripted,OP3,2,3,4,2
5526,0,,,0,0,1,,,0,OP3,scripted,OP3,3,3,4,2
5527,1,,,0,0,1,,,0,OP3,scripted,OP3,3,2,4,2
5528,1,,,0,0,1,,,0,OP3,scripted,OP3,3,2,4,2
5529,1,,,0,0,1,,,0,OP3,scripted,OP3,3,2,4,2
5530,1,,,0,0,1,,,0,OP3,scripted,OP3,3,2,4,2
5531,0,,,0,0,1,,,0,OP3,scripted,OP3,2,3,4,2
5532,0,,,0,0,1,,,0,OP3,scripted,OP3,2,3,4,2
5533,0,,,0,0,1,,,0,OP3,scripted,OP3,3,3,4,2
5534,1,,,0,0,1,,,0,OP3,scripted,OP3,3,2,4,2
5535,1,,,0,0,1,,,0,OP3,scripted,OP3,3,2,4,2
5536,1,,,0,0,1,,,0,OP3,scripted,OP3,3,1,4,2
5537,0,,,0,0,1,,,0,OP3,scripted,OP3,2,3,4,2
5538,0,,,0,0,1,,,0,OP3,scripted,OP3,3,3,4,2
5539,0,,,0,0,1,,,0,OP3,scripted,OP3,2,3,4,2
5540,0,,,0,0,1,,,0,OP3,scripted,OP3,2,3,4,2
5541,1,,,0,0,1,,,0,OP3,scripted,OP3,3,2,4,2
5542,0,,,0,0,1,,,0,OP3,scripted,OP3,2,3,4,2
5543,1,,,0,0,1,,,0,OP3,scripted,OP3,3,2,4,2
5544,1,,,0,0,1,,,0,OP3,scripted,OP3,3,1,4,2
5545,0,,,0,0,1,,,0,OP3,scripted,OP3,2,3,4,2
5546,0,,,0,0,1,,,0,OP3,scripted,OP3,1,3,4,2
5547,1,,,0,0,1,,,0,OP3,scripted,OP3,3,2,4,2
5548,1,,,0,0,1,,,0,OP3,scripted,OP3,3,2,4,2
5549,1,,,0,0,1,,,0,OP3,scripted,OP3,3,2,4,2
5550,1,,,0,0,1,,,0,OP3,scripted,OP3,3,2,4,2
5551,0,,,0,0,1,,,0,OP3,scripted,OP3,3,3,4,2
5552,0,,,0,0,1,,,0,OP3,scripted,OP3,1,3,4,2
5553,1,,,0,0,1,,,0,OP3,scripted,OP3,3,1,4,2
5554,0,,,0,0,1,,,0,OP3,scripted,OP3,3,3,4,2
5555,0,,,0,0,1,,,0,OP3,scripted,OP3,1,3,4,2
5556,1,,,0,0,1,,,0,OP3,scripted,OP3,3,2,4,2
5557,1,,,0,0,1,,,0,OP3,scripted,OP3,3,2,4,2
5558,0,,,0,0,1,,,0,OP3,scripted,OP3,2,3,4,2
5559,1,,,0,0,1,,,0,OP3,scripted,OP3,3,2,4,2
5560,0,,,0,0,1,,,0,OP3,scripted,OP3,1,3,4,2
5561,1,,,0,0,1,,,0,OP3,scripted,OP3,3,2,4,2
5562,0,,,0,0,1,,,0,OP3,scripted,OP3,2,3,4,2
5563,0,,,0,0,1,,,0,OP3,scripted,OP3,2,3,4,2
5564,0,,,0,0,1,,,0,OP3,scripted,OP3,3,3,4,2
5565,0,,,0,0,1,,,0,OP3,scripted,OP3,2,3,4,2
5566,0,,,0,0,1,,,0,OP3,scripted,OP3,2,3,4,2
5567,0,,,0,0,1,,,0,OP3,scripted,OP3,3,3,4,2
5568,0,,,0,0,1,,,0,OP3,scripted,OP3,2,3,4,2
5569,1,,,0,0,1,,,0,OP3,scripted,OP3,3,2,4,2
5570,0,,,0,0,1,,,0,OP3,scripted,OP3,2,3,4,2
5571,1,,,0,0,1,,,0,OP3,scripted,OP3,3,2,4,2
5572,0,,,0,0,1,,,0,OP3,scripted,OP3,3,3,4,2
5573,0,,,0,0,1,,,0,OP3,scripted,OP3,1,3,4,2
5574,1,,,0,0,1,,,0,OP3,scripted,OP3,3,2,4,2
5575,1,,,0,0,1,,,0,OP3,scripted,OP3,3,2,4,2
5576,1,,,0,0,1,,,0,OP3,scripted,OP3,3,2,4,2
5577,0,,,0,0,1,,,0,OP3,scripted,OP3,3,3,4,2
5578,1,,,0,0,1,,,0,OP3,scripted,OP3,3,2,4,2
5579,0,,,0,0,1,,,0,OP3,scripted,OP3,2,3,4,2
5580,1,,,0,0,1,,,0,OP3,scripted,OP3,3,2,4,2
5581,0,,,0,0,1,,,0,OP3,scripted,OP3,3,3,4,2
5582,1,,,0,0,1,,,0,OP3,scripted,OP3,3,2,4,2
5583,1,,,0,0,1,,,0,OP3,scripted,OP3,3,2,4,2
5584,1,,,0,0,1,,,0,OP3,scripted,OP3,3,2,4,2
5585,1,,,0,0,1,,,0,OP3,scripted,OP3,3,2,4,2
5586,1,,,0,0,1,,,0,OP3,scripted,OP3,3,2,4,2
5587,1,,,0,0,1,,,0,OP3,scripted,OP3,3,2,4,2
5588,1,,,0,0,1,,,0,OP3,scripted,OP3,3,2,4,2
5589,0,,,0,0,1,,,0,OP3,scripted,OP3,2,3,4,2
5590,0,,,0,0,1,,,0,OP3,scripted,OP3,2,3,4,2
5591,0,,,0,0,1,,,0,OP3,scripted,OP3,3,3,4,2
5592,1,,,0,0,1,,,0,OP3,scripted,OP3,3,2,4,2
5593,0,,,0,0,1,,,0,OP3,scripted,OP3,2,3,4,2
5594,1,,,0,0,1,,,0,OP3,scripted,OP3,3,2,4,2
5595,0,,,0,0,1,,,0,OP3,scripted,OP3,2,3,4,2
5596,0,,,0,0,1,,,0,OP3,scripted,OP3,3,3,4,2
5597,1,,,0,0,1,,,0,OP3,scripted,OP3,3,2,4,2
5598,1,,,0,0,1,,,0,OP3,scripted,OP3,3,2,4,2
5599,1,,,0,0,1,,,0,OP3,scripted,OP3,3,1,4,2
5600,1,,,0,0,1,,,0,OP3,scripted,OP3,3,2,4,2
5601,0,,,0,0,1,,,0,OP3,scripted,OP3,2,3,4,2
5602,1,,,0,0,1,,,0,OP3,scripted,OP3,3,2,4,2
5603,0,,,0,0,1,,,0,OP3,scripted,OP3,2,3,4,2
5604,0,,,0,0,1,,,0,OP3,scripted,OP3,2,3,4,2
5605,0,,,0,0,1,,,0,OP3,scripted,OP3,2,3,4,2
5606,0,,,0,0,1,,,0,OP3,scripted,OP3,2,3,4,2
5607,1,,,0,0,1,,,0,OP3,scripted,OP3,3,1,4,2
5608,1,,,0,0,1,,,0,OP3,scripted,OP3,3,2,4,2
5609,0,,,0,0,1,,,0,OP3,scripted,OP3,2,3,4,2
5610,1,,,0,0,1,,,0,OP3,scripted,OP3,3,2,4,2
5611,1,,,0,0,1,,,0,OP3,scripted,OP3,3,2,4,2
5612,1,,,0,0,1,,,0,OP3,scripted,OP3,3,2,4,2
5613,0,,,0,0,1,,,0,OP3,scripted,OP3,2,3,4,2
5614,1,,,0,0,1,,,0,OP3,scripted,OP3,3,2,4,2
5615,0,,,0,0,1,,,0,OP3,scripted,OP3,3,3,4,2
5616,0,,,0,0,1,,,0,OP3,scripted,OP3,2,3,4,2
5617,1,,,0,0,1,,,0,OP3,scripted,OP3,3,2,4,2
5618,1,,,0,0,1,,,0,OP3,scripted,OP3,3,2,4,2
5619,1,,,0,0,1,,,0,OP3,scripted,OP3,3,2,4,2
5620,1,,,0,0,1,,,0,OP3,scripted,OP3,3,2,4,2
5621,0,,,0,0,1,,,0,OP3,scripted,OP3,2,3,4,2
5622,1,,,0,0,1,,,0,OP3,scripted,OP3,3,2,4,2
5623,0,,,0,0,1,,,0,OP3,scripted,OP3,3,3,4,2
5624,1,,,0,0,1,,,0,OP3,scripted,OP3,3,2,4,2
5625,0,,,0,0,1,,,0,OP3,scripted,OP3,2,3,4,2
5626,1,,,0,0,1,,,0,OP3,scripted,OP3,3,2,4,2
5627,0,,,0,0,1,,,0,OP3,scripted,OP3,2,3,4,2
5628,0,,,0,0,1,,,0,OP3,scripted,OP3,2,3,4,2
5629,1,,,0,0,1,,,0,OP3,scripted,OP3,3,2,4,2
5630,1,,,0,0,1,,,0,OP3,scripted,OP3,3,2,4,2
5631,1,,,0,0,1,,,0,OP3,scripted,OP3,3,2,4,2
5632,1,,,0,0,1,,,0,OP3,scripted,OP3,3,2,4,2
5633,1,,,0,0,1,,,0,OP3,scripted,OP3,3,2,4,2
5634,0,,,0,0,1,,,0,OP3,scripted,OP3,1,3,4,2
5635,0,,,0,0,1,,,0,OP3,scripted,OP3,3,3,4,2
5636,1,,,0,0,1,,,0,OP3,scripted,OP3,3,2,4,2
5637,1,,,0,0,1,,,0,OP3,scripted,OP3,3,2,4,2
5638,0,,,0,0,1,,,0,OP3,scripted,OP3,3,3,4,2
5639,0,,,0,0,1,,,0,OP3,scripted,OP3,3,3,4,2
5640,1,,,0,0,1,,,0,OP3,scripted,OP3,3,2,4,2
5641,0,,,0,0,1,,,0,OP3,scripted,OP3,3,3,4,2
5642,1,,,0,0,1,,,0,OP3,scripted,OP3,3,2,4,2
5643,0,,,0,0,1,,,0,OP3,scripted,OP3,3,3,4,2
5644,1,,,0,0,1,,,0,OP3,scripted,OP3,3,2,4,2
5645,0,,,0,0,1,,,0,OP3,scripted,OP3,2,3,4,2
5646,0,,,0,0,1,,,0,OP3,scripted,OP3,3,3,4,2
5647,1,,,0,0,1,,,0,OP3,scripted,OP3,3,2,4,2
5648,1,,,0,0,1,,,0,OP3,scripted,OP3,3,1,4,2
5649,1,,,0,0,1,,,0,OP3,scripted,OP3,3,2,4,2
5650,0,,,0,0,1,,,0,OP3,scripted,OP3,3,3,4,2
5651,1,,,0,0,1,,,0,OP3,scripted,OP3,3,2,4,2
5652,1,,,0,0,1,,,0,OP3,scripted,OP3,3,2,4,2
5653,1,,,0,0,1,,,0,OP3,scripted,OP3,3,2,4,2
5654,0,,,0,0,1,,,0,OP3,scripted,OP3,2,3,4,2
5655,1,,,0,0,1,,,0,OP3,scripted,OP3,3,2,4,2
5656,0,,,0,0,1,,,0,OP3,scripted,OP3,3,3,4,2
5657,1,,,0,0,1,,,0,OP3,scripted,OP3,3,2,4,2
5658,1,,,0,0,1,,,0,OP3,scripted,OP3,3,2,4,2
5659,1,,,0,0,1,,,0,OP3,scripted,OP3,3,2,4,2
5660,0,,,0,0,1,,,0,OP3,scripted,OP3,3,3,4,2
5661,0,,,0,0,1,,,0,OP3,scripted,OP3,3,3,4,2
5662,1,,,0,0,1,,,0,OP3,scripted,OP3,3,2,4,2
5663,0,,,0,0,1,,,0,OP3,scripted,OP3,3,3,4,2
5664,1,,,0,0,1,,,0,OP3,scripted,OP3,3,2,4,2
5665,0,,,0,0,1,,,0,OP3,scripted,OP3,2,3,4,2
5666,1,,,0,0,1,,,0,OP3,scripted,OP3,3,1,4,2
5667,1,,,0,0,1,,,0,OP3,scripted,OP3,3,2,4,2
5668,0,,,0,0,1,,,0,OP3,scripted,OP3,2,3,4,2
5669,1,,,0,0,1,,,0,OP3,scripted,OP3,3,2,4,2
5670,0,,,0,0,1,,,0,OP3,scripted,OP3,2,3,4,2
5671,1,,,0,0,1,,,0,OP3,scripted,OP3,3,2,4,2
5672,0,,,0,0,1,,,0,OP3,scripted,OP3,2,3,4,2
5673,0,,,0,0,1,,,0,OP3,scripted,OP3,2,3,4,2
5674,0,,,0,0,1,,,0,OP3,scripted,OP3,3,3,4,2
5675,0,,,0,0,1,,,0,OP3,scripted,OP3,2,3,4,2
5676,1,,,0,0,1,,,0,OP3,scripted,OP3,3,2,4,2
5677,1,,,0,0,1,,,0,OP3,scripted,OP3,3,1,4,2
5678,0,,,0,0,1,,,0,OP3,scripted,OP3,2,3,4,2
5679,0,,,0,0,1,,,0,OP3,scripted,OP3,2,3,4,2
5680,1,,,0,0,1,,,0,OP3,scripted,OP3,3,2,4,2
5681,0,,,0,0,1,,,0,OP3,scripted,OP3,2,3,4,2
5682,1,,,0,0,1,,,0,OP3,scripted,OP3,3,2,4,2
5683,0,,,0,0,1,,,0,OP3,scripted,OP3,3,3,4,2
5684,1,,,0,0,1,,,0,OP3,scripted,OP3,3,1,4,2
5685,1,,,0,0,1,,,0,OP3,scripted,OP3,3,2,4,2
5686,0,,,0,0,1,,,0,OP3,scripted,OP3,2,3,4,2
5687,1,,,0,0,1,,,0,OP3,scripted,OP3,3,2,4,2
5688,0,,,0,0,1,,,0,OP3,scripted,OP3,1,3,4,2
5689,1,,,0,0,1,,,0,OP3,scripted,OP3,3,2,4,2
5690,0,,,0,0,1,,,0,OP3,scripted,OP3,2,3,4,2
5691,1,,,0,0,1,,,0,OP3,scripted,OP3,3,2,4,2
5692,1,,,0,0,1,,,0,OP3,scripted,OP3,3,2,4,2
5693,0,,,0,0,1,,,0,OP3,scripted,OP3,2,3,4,2
5694,1,,,0,0,1,,,0,OP3,scripted,OP3,3,2,4,2
5695,1,,,0,0,1,,,0,OP3,scripted,OP3,3,2,4,2
5696,1,,,0,0,1,,,0,OP3,scripted,OP3,3,2,4,2
5697,0,,,0,0,1,,,0,OP3,scripted,OP3,2,3,4,2
5698,0,,,0,0,1,,,0,OP3,scripted,OP3,2,3,4,2
5699,1,,,0,0,1,,,0,OP3,scripted,OP3,3,2,4,2
5700,1,,,0,0,1,,,0,OP3,scripted,OP3,3,1,4,2
5701,0,,,0,0,1,,,0,OP3,scripted,OP3,3,3,4,2
5702,1,,,0,0,1,,,0,OP3,scripted,OP3,3,2,4,2
5703,1,,,0,0,1,,,0,OP3,scripted,OP3,3,2,4,2
5704,1,,,0,0,1,,,0,OP3,scripted,OP3,3,2,4,2
5705,0,,,0,0,1,,,0,OP3,scripted,OP3,2,3,4,2
5706,0,,,0,0,1,,,0,OP3,scripted,OP3,2,3,4,2
5707,0,,,0,0,1,,,0,OP3,scripted,OP3,2,3,4,2
5708,1,,,0,0,1,,,0,OP3,scripted,OP3,3,2,4,2
5709,1,,,0,0,1,,,0,OP3,scripted,OP3,3,2,4,2
5710,1,,,0,0,1,,,0,OP3,scripted,OP3,3,2,4,2
5711,1,,,0,0,1,,,0,OP3,scripted,OP3,3,2,4,2
5712,1,,,0,0,1,,,0,OP3,scripted,OP3,3,2,4,2
5713,1,,,0,0,1,,,0,OP3,scripted,OP3,3,2,4,2
5714,1,,,0,0,1,,,0,OP3,scripted,OP3,3,2,4,2
5715,1,,,0,0,1,,,0,OP3,scripted,OP3,3,2,4,2
5716,1,,,0,0,1,,,0,OP3,scripted,OP3,3,2,4,2
5717,0,,,0,0,1,,,0,OP3,scripted,OP3,3,3,4,2
5718,0,,,0,0,1,,,0,OP3,scripted,OP3,2,3,4,2
5719,1,,,0,0,1,,,0,OP3,scripted,OP3,3,2,4,2
5720,0,,,0,0,1,,,0,OP3,scripted,OP3,2,3,4,2
5721,1,,,0,0,1,,,0,OP3,scripted,OP3,3,2,4,2
5722,1,,,0,0,1,,,0,OP3,scripted,OP3,3,2,4,2
5723,0,,,0,0,1,,,0,OP3,scripted,OP3,2,3,4,2
5724,1,,,0,0,1,,,0,OP3,scripted,OP3,3,1,4,2
5725,1,,,0,0,1,,,0,OP3,scripted,OP3,3,2,4,2
5726,1,,,0,0,1,,,0,OP3,scripted,OP3,3,2,4,2
5727,0,,,0,0,1,,,0,OP3,scripted,OP3,2,3,4,2
5728,0,,,0,0,1,,,0,OP3,scripted,OP3,3,3,4,2
5729,0,,,0,0,1,,,0,OP3,scripted,OP3,3,3,4,2
5730,0,,,0,0,1,,,0,OP3,scripted,OP3,2,3,4,2
5731,1,,,0,0,1,,,0,OP3,scripted,OP3,3,2,4,2
5732,0,,,0,0,1,,,0,OP3,scripted,OP3,2,3,4,2
5733,1,,,0,0,1,,,0,OP3,scripted,OP3,3,1,4,2
5734,1,,,0,0,1,,,0,OP3,scripted,OP3,3,2,4,2
5735,1,,,0,0,1,,,0,OP3,scripted,OP3,3,2,4,2
5736,0,,,0,0,1,,,0,OP3,scripted,OP3,1,3,4,2
5737,0,,,0,0,1,,,0,OP3,scripted,OP3,1,3,4,2
5738,0,,,0,0,1,,,0,OP3,scripted,OP3,2,3,4,2
5739,1,,,0,0,1,,,0,OP3,scripted,OP3,3,2,4,2
5740,0,,,0,0,1,,,0,OP3,scripted,OP3,2,3,4,2
5741,1,,,0,0,1,,,0,OP3,scripted,OP3,3,2,4,2
5742,0,,,0,0,1,,,0,OP3,scripted,OP3,2,3,4,2
5743,1,,,0,0,1,,,0,OP3,scripted,OP3,3,2,4,2
5744,1,,,0,0,1,,,0,OP3,scripted,OP3,3,2,4,2
5745,0,,,0,0,1,,,0,OP3,scripted,OP3,2,3,4,2
5746,0,,,0,0,1,,,0,OP3,scripted,OP3,2,3,4,2
5747,0,,,0,0,1,,,0,OP3,scripted,OP3,2,3,4,2
5748,0,,,0,0,1,,,0,OP3,scripted,OP3,2,3,4,2
5749,1,,,0,0,1,,,0,OP3,scripted,OP3,3,2,4,2
5750,0,,,0,0,1,,,0,OP3,scripted,OP3,2,3,4,2
5751,0,,,0,0,1,,,0,OP3,scripted,OP3,3,3,4,2
5752,1,,,0,0,1,,,0,OP3,scripted,OP3,3,2,4,2
5753,0,,,0,0,1,,,0,OP3,scripted,OP3,2,3,4,2
5754,1,,,0,0,1,,,0,OP3,scripted,OP3,3,2,4,2
5755,1,,,0,0,1,,,0,OP3,scripted,OP3,3,2,4,2
5756,0,,,0,0,1,,,0,OP3,scripted,OP3,2,3,4,2
5757,1,,,0,0,1,,,0,OP3,scripted,OP3,3,2,4,2
5758,0,,,0,0,1,,,0,OP3,scripted,OP3,3,3,4,2
5759,1,,,0,0,1,,,0,OP3,scripted,OP3,3,1,4,2
5760,1,,,0,0,1,,,0,OP3,scripted,OP3,3,2,4,2
5761,1,,,0,0,1,,,0,OP3,scripted,OP3,3,2,4,2
5762,1,,,0,0,1,,,0,OP3,scripted,OP3,3,2,4,2
5763,1,,,0,0,1,,,0,OP3,scripted,OP3,3,1,4,2
5764,1,,,0,0,1,,,0,OP3,scripted,OP3,3,2,4,2
5765,0,,,0,0,1,,,0,OP3,scripted,OP3,1,3,4,2
5766,1,,,0,0,1,,,0,OP3,scripted,OP3,3,2,4,2
5767,1,,,0,0,1,,,0,OP3,scripted,OP3,3,2,4,2
5768,0,,,0,0,1,,,0,OP3,scripted,OP3,3,3,4,2
5769,0,,,0,0,1,,,0,OP3,scripted,OP3,2,3,4,2
5770,0,,,0,0,1,,,0,OP3,scripted,OP3,3,3,4,2
5771,1,,,0,0,1,,,0,OP3,scripted,OP3,3,2,4,2
5772,1,,,0,0,1,,,0,OP3,scripted,OP3,3,1,4,2
5773,1,,,0,0,1,,,0,OP3,scripted,OP3,3,2,4,2
5774,0,,,0,0,1,,,0,OP3,scripted,OP3,2,3,4,2
5775,0,,,0,0,1,,,0,OP3,scripted,OP3,3,3,4,2
5776,1,,,0,0,1,,,0,OP3,scripted,OP3,3,1,4,2
5777,1,,,0,0,1,,,0,OP3,scripted,OP3,3,2,4,2
5778,0,,,0,0,1,,,0,OP3,scripted,OP3,2,3,4,2
5779,0,,,0,0,1,,,0,OP3,scripted,OP3,2,3,4,2
5780,0,,,0,0,1,,,0,OP3,scripted,OP3,3,3,4,2
5781,0,,,0,0,1,,,0,OP3,scripted,OP3,2,3,4,2
5782,0,,,0,0,1,,,0,OP3,scripted,OP3,2,3,4,2
5783,1,,,0,0,1,,,0,OP3,scripted,OP3,3,2,4,2
5784,0,,,0,0,1,,,0,OP3,scripted,OP3,2,3,4,2
5785,1,,,0,0,1,,,0,OP3,scripted,OP3,3,2,4,2
5786,0,,,0,0,1,,,0,OP3,scripted,OP3,2,3,4,2
5787,1,,,0,0,1,,,0,OP3,scripted,OP3,3,2,4,2
5788,1,,,0,0,1,,,0,OP3,scripted,OP3,3,2,4,2
5789,0,,,0,0,1,,,0,OP3,scripted,OP3,3,3,4,2
5790,1,,,0,0,1,,,0,OP3,scripted,OP3,3,2,4,2
5791,0,,,0,0,1,,,0,OP3,scripted,OP3,2,3,4,2
5792,1,,,0,0,1,,,0,OP3,scripted,OP3,3,2,4,2
5793,1,,,0,0,1,,,0,OP3,scripted,OP3,3,2,4,2
5794,1,,,0,0,1,,,0,OP3,scripted,OP3,3,2,4,2
5795,1,,,0,0,1,,,0,OP3,scripted,OP3,3,2,4,2
5796,0,,,0,0,1,,,0,OP3,scripted,OP3,2,3,4,2
5797,1,,,0,0,1,,,0,OP3,scripted,OP3,3,1,4,2
5798,0,,,0,0,1,,,0,OP3,scripted,OP3,2,3,4,2
5799,1,,,0,0,1,,,0,OP3,scripted,OP3,3,2,4,2
5800,1,,,0,0,1,,,0,OP3,scripted,OP3,3,1,4,2
5801,0,,,0,0,1,,,0,OP3,scripted,OP3,2,3,4,2
5802,1,,,0,0,1,,,0,OP3,scripted,OP3,3,1,4,2
5803,0,,,0,0,1,,,0,OP3,scripted,OP3,2,3,4,2
5804,1,,,0,0,1,,,0,OP3,scripted,OP3,3,2,4,2
5805,1,,,0,0,1,,,0,OP3,scripted,OP3,3,2,4,2
5806,1,,,0,0,1,,,0,OP3,scripted,OP3,3,2,4,2
5807,0,,,0,0,1,,,0,OP3,scripted,OP3,2,3,4,2
5808,1,,,0,0,1,,,0,OP3,scripted,OP3,3,2,4,2
5809,1,,,0,0,1,,,0,OP3,scripted,OP3,3,2,4,2
5810,1,,,0,0,1,,,0,OP3,scripted,OP3,3,1,4,2
5811,1,,,0,0,1,,,0,OP3,scripted,OP3,3,1,4,2
5812,1,,,0,0,1,,,0,OP3,scripted,OP3,3,2,4,2
5813,1,,,0,0,1,,,0,OP3,scripted,OP3,3,2,4,2
5814,0,,,0,0,1,,,0,OP3,scripted,OP3,2,3,4,2
5815,0,,,0,0,1,,,0,OP3,scripted,OP3,2,3,4,2
5816,1,,,0,0,1,,,0,OP3,scripted,OP3,3,2,4,2
5817,0,,,0,0,1,,,0,OP3,scripted,OP3,3,3,4,2
5818,1,,,0,0,1,,,0,OP3,scripted,OP3,3,2,4,2
5819,1,,,0,0,1,,,0,OP3,scripted,OP3,3,2,4,2
5820,1,,,0,0,1,,,0,OP3,scripted,OP3,3,2,4,2
5821,0,,,0,0,1,,,0,OP3,scripted,OP3,2,3,4,2
5822,0,,,0,0,1,,,0,OP3,scripted,OP3,2,3,4,2
5823,1,,,0,0,1,,,0,OP3,scripted,OP3,3,2,4,2
5824,0,,,0,0,1,,,0,OP3,scripted,OP3,3,3,4,2
5825,0,,,0,0,1,,,0,OP3,scripted,OP3,2,3,4,2
5826,0,,,0,0,1,,,0,OP3,scripted,OP3,2,3,4,2
5827,1,,,0,0,1,,,0,OP3,scripted,OP3,3,2,4,2
5828,0,,,0,0,1,,,0,OP3,scripted,OP3,2,3,4,2
5829,1,,,0,0,1,,,0,OP3,scripted,OP3,3,2,4,2
5830,0,,,0,0,1,,,0,OP3,scripted,OP3,2,3,4,2
5831,0,,,0,0,1,,,0,OP3,scripted,OP3,3,3,4,2
5832,0,,,0,0,1,,,0,OP3,scripted,OP3,2,3,4,2
5833,1,,,0,0,1,,,0,OP3,scripted,OP3,3,2,4,2
5834,0,,,0,0,1,,,0,OP3,scripted,OP3,3,3,4,2
5835,0,,,0,0,1,,,0,OP3,scripted,OP3,2,3,4,2
5836,1,,,0,0,1,,,0,OP3,scripted,OP3,3,1,4,2
5837,1,,,0,0,1,,,0,OP3,scripted,OP3,3,2,4,2
5838,1,,,0,0,1,,,0,OP3,scripted,OP3,3,2,4,2
5839,0,,,0,0,1,,,0,OP3,scripted,OP3,2,3,4,2
5840,1,,,0,0,1,,,0,OP3,scripted,OP3,3,1,4,2
5841,0,,,0,0,1,,,0,OP3,scripted,OP3,2,3,4,2
5842,0,,,0,0,1,,,0,OP3,scripted,OP3,2,3,4,2
5843,1,,,0,0,1,,,0,OP3,scripted,OP3,3,2,4,2
5844,0,,,0,0,1,,,0,OP3,scripted,OP3,2,3,4,2
5845,1,,,0,0,1,,,0,OP3,scripted,OP3,3,2,4,2
5846,0,,,0,0,1,,,0,OP3,scripted,OP3,2,3,4,2
5847,0,,,0,0,1,,,0,OP3,scripted,OP3,3,3,4,2
5848,0,,,0,0,1,,,0,OP3,scripted,OP3,2,3,4,2
5849,0,,,0,0,1,,,0,OP3,scripted,OP3,3,3,4,2
5850,1,,,0,0,1,,,0,OP3,scripted,OP3,3,2,4,2
5851,0,,,0,0,1,,,0,OP3,scripted,OP3,2,3,4,2
5852,1,,,0,0,1,,,0,OP3,scripted,OP3,3,2,4,2
5853,0,,,0,0,1,,,0,OP3,scripted,OP3,2,3,4,2
5854,1,,,0,0,1,,,0,OP3,scripted,OP3,3,2,4,2
5855,1,,,0,0,1,,,0,OP3,scripted,OP3,3,2,4,2
5856,0,,,0,0,1,,,0,OP3,scripted,OP3,3,3,4,2
5857,0,,,0,0,1,,,0,OP3,scripted,OP3,2,3,4,2
5858,0,,,0,0,1,,,0,OP3,scripted,OP3,3,3,4,2
5859,0,,,0,0,1,,,0,OP3,scripted,OP3,3,3,4,2
5860,1,,,0,0,1,,,0,OP3,scripted,OP3,3,2,4,2
5861,1,,,0,0,1,,,0,OP3,scripted,OP3,3,2,4,2
5862,1,,,0,0,1,,,0,OP3,scripted,OP3,3,2,4,2
5863,0,,,0,0,1,,,0,OP3,scripted,OP3,3,3,4,2
5864,1,,,0,0,1,,,0,OP3,scripted,OP3,3,2,4,2
5865,1,,,0,0,1,,,0,OP3,scripted,OP3,3,2,4,2
5866,0,,,0,0,1,,,0,OP3,scripted,OP3,3,3,4,2
5867,0,,,0,0,1,,,0,OP3,scripted,OP3,2,3,4,2
5868,0,,,0,0,1,,,0,OP3,scripted,OP3,3,3,4,2
5869,1,,,0,0,1,,,0,OP3,scripted,OP3,3,2,4,2
5870,0,,,0,0,1,,,0,OP3,scripted,OP3,3,3,4,2
5871,1,,,0,0,1,,,0,OP3,scripted,OP3,3,2,4,2
5872,0,,,0,0,1,,,0,OP3,scripted,OP3,2,3,4,2
5873,0,,,0,0,1,,,0,OP3,scripted,OP3,2,3,4,2
5874,1,,,0,0,1,,,0,OP3,scripted,OP3,3,1,4,2
5875,1,,,0,0,1,,,0,OP3,scripted,OP3,3,2,4,2
5876,0,,,0,0,1,,,0,OP3,scripted,OP3,2,3,4,2
5877,1,,,0,0,1,,,0,OP3,scripted,OP3,3,2,4,2
5878,1,,,0,0,1,,,0,OP3,scripted,OP3,3,2,4,2
5879,0,,,0,0,1,,,0,OP3,scripted,OP3,2,3,4,2
5880,1,,,0,0,1,,,0,OP3,scripted,OP3,3,2,4,2
5881,1,,,0,0,1,,,0,OP3,scripted,OP3,3,2,4,2
5882,0,,,0,0,1,,,0,OP3,scripted,OP3,2,3,4,2
5883,0,,,0,0,1,,,0,OP3,scripted,OP3,2,3,4,2
5884,1,,,0,0,1,,,0,OP3,scripted,OP3,3,2,4,2
5885,1,,,0,0,1,,,0,OP3,scripted,OP3,3,2,4,2
5886,0,,,0,0,1,,,0,OP3,scripted,OP3,3,3,4,2
5887,1,,,0,0,1,,,0,OP3,scripted,OP3,3,2,4,2
5888,1,,,0,0,1,,,0,OP3,scripted,OP3,3,1,4,2
5889,0,,,0,0,1,,,0,OP3,scripted,OP3,2,3,4,2
5890,1,,,0,0,1,,,0,OP3,scripted,OP3,3,2,4,2
5891,1,,,0,0,1,,,0,OP3,scripted,OP3,3,2,4,2
5892,1,,,0,0,1,,,0,OP3,scripted,OP3,3,2,4,2
5893,1,,,0,0,1,,,0,OP3,scripted,OP3,3,2,4,2
5894,1,,,0,0,1,,,0,OP3,scripted,OP3,3,2,4,2
5895,1,,,0,0,1,,,0,OP3,scripted,OP3,3,2,4,2
5896,1,,,0,0,1,,,0,OP3,scripted,OP3,3,2,4,2
5897,1,,,0,0,1,,,0,OP3,scripted,OP3,3,2,4,2
5898,0,,,0,0,1,,,0,OP3,scripted,OP3,2,3,4,2
5899,0,,,0,0,1,,,0,OP3,scripted,OP3,2,3,4,2
5900,0,,,0,0,1,,,0,OP3,scripted,OP3,3,3,4,2
5901,0,,,0,0,1,,,0,OP3,scripted,OP3,2,3,4,2
5902,1,,,0,0,1,,,0,OP3,scripted,OP3,3,2,4,2
5903,1,,,0,0,1,,,0,OP3,scripted,OP3,3,2,4,2
5904,1,,,0,0,1,,,0,OP3,scripted,OP3,3,2,4,2
5905,0,,,0,0,1,,,0,OP3,scripted,OP3,3,3,4,2
5906,0,,,0,0,1,,,0,OP3,scripted,OP3,2,3,4,2
5907,0,,,0,0,1,,,0,OP3,scripted,OP3,2,3,4,2
5908,0,,,0,0,1,,,0,OP3,scripted,OP3,3,3,4,2
5909,1,,,0,0,1,,,0,OP3,scripted,OP3,3,1,4,2
5910,1,,,0,0,1,,,0,OP3,scripted,OP3,3,2,4,2
5911,0,,,0,0,1,,,0,OP3,scripted,OP3,3,3,4,2
5912,0,,,0,0,1,,,0,OP3,scripted,OP3,3,3,4,2
5913,1,,,0,0,1,,,0,OP3,scripted,OP3,3,2,4,2
5914,0,,,0,0,1,,,0,OP3,scripted,OP3,2,3,4,2
5915,0,,,0,0,1,,,0,OP3,scripted,OP3,2,3,4,2
5916,1,,,0,0,1,,,0,OP3,scripted,OP3,3,1,4,2
5917,0,,,0,0,1,,,0,OP3,scripted,OP3,3,3,4,2
5918,1,,,0,0,1,,,0,OP3,scripted,OP3,3,2,4,2
5919,1,,,0,0,1,,,0,OP3,scripted,OP3,3,2,4,2
5920,1,,,0,0,1,,,0,OP3,scripted,OP3,3,2,4,2
5921,0,,,0,0,1,,,0,OP3,scripted,OP3,3,3,4,2
5922,0,,,0,0,1,,,0,OP3,scripted,OP3,2,3,4,2
5923,1,,,0,0,1,,,0,OP3,scripted,OP3,3,2,4,2
5924,0,,,0,0,1,,,0,OP3,scripted,OP3,2,3,4,2
5925,0,,,0,0,1,,,0,OP3,scripted,OP3,2,3,4,2
5926,1,,,0,0,1,,,0,OP3,scripted,OP3,3,2,4,2
5927,1,,,0,0,1,,,0,OP3,scripted,OP3,3,2,4,2
5928,0,,,0,0,1,,,0,OP3,scripted,OP3,2,3,4,2
5929,1,,,0,0,1,,,0,OP3,scripted,OP3,3,2,4,2
5930,0,,,0,0,1,,,0,OP3,scripted,OP3,2,3,4,2
5931,1,,,0,0,1,,,0,OP3,scripted,OP3,3,2,4,2
5932,0,,,0,0,1,,,0,OP3,scripted,OP3,2,3,4,2
5933,1,,,0,0,1,,,0,OP3,scripted,OP3,3,2,4,2
5934,1,,,0,0,1,,,0,OP3,scripted,OP3,3,2,4,2
5935,0,,,0,0,1,,,0,OP3,scripted,OP3,2,3,4,2
5936,1,,,0,0,1,,,0,OP3,scripted,OP3,3,2,4,2
5937,1,,,0,0,1,,,0,OP3,scripted,OP3,3,2,4,2
5938,1,,,0,0,1,,,0,OP3,scripted,OP3,3,2,4,2
5939,0,,,0,0,1,,,0,OP3,scripted,OP3,2,3,4,2
5940,1,,,0,0,1,,,0,OP3,scripted,OP3,3,1,4,2
5941,0,,,0,0,1,,,0,OP3,scripted,OP3,2,3,4,2
5942,0,,,0,0,1,,,0,OP3,scripted,OP3,2,3,4,2
5943,1,,,0,0,1,,,0,OP3,scripted,OP3,3,2,4,2
5944,0,,,0,0,1,,,0,OP3,scripted,OP3,3,3,4,2
5945,1,,,0,0,1,,,0,OP3,scripted,OP3,3,2,4,2
5946,0,,,0,0,1,,,0,OP3,scripted,OP3,2,3,4,2
5947,0,,,0,0,1,,,0,OP3,scripted,OP3,2,3,4,2
5948,1,,,0,0,1,,,0,OP3,scripted,OP3,3,1,4,2
5949,0,,,0,0,1,,,0,OP3,scripted,OP3,2,3,4,2
5950,0,,,0,0,1,,,0,OP3,scripted,OP3,2,3,4,2
5951,1,,,0,0,1,,,0,OP3,scripted,OP3,3,2,4,2
5952,1,,,0,0,1,,,0,OP3,scripted,OP3,3,2,4,2
5953,1,,,0,0,1,,,0,OP3,scripted,OP3,3,2,4,2
5954,1,,,0,0,1,,,0,OP3,scripted,OP3,3,2,4,2
5955,0,,,0,0,1,,,0,OP3,scripted,OP3,3,3,4,2
5956,1,,,0,0,1,,,0,OP3,scripted,OP3,3,2,4,2
5957,1,,,0,0,1,,,0,OP3,scripted,OP3,3,2,4,2
5958,0,,,0,0,1,,,0,OP3,scripted,OP3,2,3,4,2
5959,1,,,0,0,1,,,0,OP3,scripted,OP3,3,2,4,2
5960,0,,,0,0,1,,,0,OP3,scripted,OP3,2,3,4,2
5961,0,,,0,0,1,,,0,OP3,scripted,OP3,3,3,4,2
5962,0,,,0,0,1,,,0,OP3,scripted,OP3,2,3,4,2
5963,1,,,0,0,1,,,0,OP3,scripted,OP3,3,2,4,2
5964,0,,,0,0,1,,,0,OP3,scripted,OP3,1,3,4,2
5965,1,,,0,0,1,,,0,OP3,scripted,OP3,3,2,4,2
5966,1,,,0,0,1,,,0,OP3,scripted,OP3,3,2,4,2
5967,1,,,0,0,1,,,0,OP3,scripted,OP3,3,2,4,2
5968,0,,,0,0,1,,,0,OP3,scripted,OP3,2,3,4,2
5969,1,,,0,0,1,,,0,OP3,scripted,OP3,3,2,4,2
5970,1,,,0,0,1,,,0,OP3,scripted,OP3,3,2,4,2
5971,1,,,0,0,1,,,0,OP3,scripted,OP3,3,2,4,2
5972,0,,,0,0,1,,,0,OP3,scripted,OP3,2,3,4,2
5973,0,,,0,0,1,,,0,OP3,scripted,OP3,2,3,4,2
5974,1,,,0,0,1,,,0,OP3,scripted,OP3,3,1,4,2
5975,1,,,0,0,1,,,0,OP3,scripted,OP3,3,2,4,2
5976,1,,,0,0,1,,,0,OP3,scripted,OP3,3,2,4,2
5977,1,,,0,0,1,,,0,OP3,scripted,OP3,3,2,4,2
5978,0,,,0,0,1,,,0,OP3,scripted,OP3,3,3,4,2
5979,1,,,0,0,1,,,0,OP3,scripted,OP3,3,2,4,2
5980,0,,,0,0,1,,,0,OP3,scripted,OP3,3,3,4,2
5981,1,,,0,0,1,,,0,OP3,scripted,OP3,3,2,4,2
5982,1,,,0,0,1,,,0,OP3,scripted,OP3,3,1,4,2
5983,1,,,0,0,1,,,0,OP3,scripted,OP3,3,2,4,2
5984,1,,,0,0,1,,,0,OP3,scripted,OP3,3,2,4,2
5985,0,,,0,0,1,,,0,OP3,scripted,OP3,2,3,4,2
5986,0,,,0,0,1,,,0,OP3,scripted,OP3,2,3,4,2
5987,1,,,0,0,1,,,0,OP3,scripted,OP3,3,2,4,2
5988,0,,,0,0,1,,,0,OP3,scripted,OP3,2,3,4,2
5989,0,,,0,0,1,,,0,OP3,scripted,OP3,3,3,4,2
5990,0,,,0,0,1,,,0,OP3,scripted,OP3,2,3,4,2
5991,0,,,0,0,1,,,0,OP3,scripted,OP3,2,3,4,2
5992,0,,,0,0,1,,,0,OP3,scripted,OP3,2,3,4,2
5993,0,,,0,0,1,,,0,OP3,scripted,OP3,2,3,4,2
5994,1,,,0,0,1,,,0,OP3,scripted,OP3,3,2,4,2
5995,0,,,0,0,1,,,0,OP3,scripted,OP3,2,3,4,2
5996,0,,,0,0,1,,,0,OP3,scripted,OP3,2,3,4,2
5997,1,,,0,0,1,,,0,OP3,scripted,OP3,3,1,4,2
5998,1,,,0,0,1,,,0,OP3,scripted,OP3,3,2,4,2
5999,1,,,0,0,1,,,0,OP3,scripted,OP3,3,1,4,2
6000,1,,,0,0,1,,,0,OP3,scripted,OP3,3,1,4,2
6001,0,,,0,0,1,,,0,OP3,scripted,OP3,1,3,4,2
6002,1,,,0,0,1,,,0,OP3,scripted,OP3,3,2,4,2
6003,0,,,0,0,1,,,0,OP3,scripted,OP3,2,3,4,2
6004,1,,,0,0,1,,,0,OP3,scripted,OP3,3,2,4,2
6005,0,,,0,0,1,,,0,OP3,scripted,OP3,2,3,4,2
6006,1,,,0,0,1,,,0,OP3,scripted,OP3,3,2,4,2
6007,1,,,0,0,1,,,0,OP3,scripted,OP3,3,1,4,2
6008,0,,,0,0,1,,,0,OP3,scripted,OP3,3,3,4,2
6009,1,,,0,0,1,,,0,OP3,scripted,OP3,3,2,4,2
6010,1,,,0,0,1,,,0,OP3,scripted,OP3,3,2,4,2
6011,1,,,0,0,1,,,0,OP3,scripted,OP3,3,2,4,2
6012,0,,,0,0,1,,,0,OP3,scripted,OP3,2,3,4,2
6013,1,,,0,0,1,,,0,OP3,scripted,OP3,3,1,4,2
6014,0,,,0,0,1,,,0,OP3,scripted,OP3,3,3,4,2
6015,1,,,0,0,1,,,0,OP3,scripted,OP3,3,2,4,2
6016,0,,,0,0,1,,,0,OP3,scripted,OP3,3,3,4,2
6017,1,,,0,0,1,,,0,OP3,scripted,OP3,3,2,4,2
6018,0,,,0,0,1,,,0,OP3,scripted,OP3,2,3,4,2
6019,0,,,0,0,1,,,0,OP3,scripted,OP3,3,3,4,2
6020,0,,,0,0,1,,,0,OP3,scripted,OP3,3,3,4,2
6021,1,,,0,0,1,,,0,OP3,scripted,OP3,3,2,4,2
6022,1,,,0,0,1,,,0,OP3,scripted,OP3,3,2,4,2
6023,1,,,0,0,1,,,0,OP3,scripted,OP3,3,2,4,2
6024,0,,,0,0,1,,,0,OP3,scripted,OP3,2,3,4,2
6025,0,,,0,0,1,,,0,OP3,scripted,OP3,2,3,4,2
6026,1,,,0,0,1,,,0,OP3,scripted,OP3,3,2,4,2
6027,0,,,0,0,1,,,0,OP3,scripted,OP3,2,3,4,2
6028,0,,,0,0,1,,,0,OP3,scripted,OP3,2,3,4,2
6029,1,,,0,0,1,,,0,OP3,scripted,OP3,3,2,4,2
6030,1,,,0,0,1,,,0,OP3,scripted,OP3,3,2,4,2
6031,1,,,0,0,1,,,0,OP3,scripted,OP3,3,0,4,2
6032,0,,,0,0,1,,,0,OP3,scripted,OP3,2,3,4,2
6033,1,,,0,0,1,,,0,OP3,scripted,OP3,3,2,4,2
6034,1,,,0,0,1,,,0,OP3,scripted,OP3,3,2,4,2
6035,0,,,0,0,1,,,0,OP3,scripted,OP3,2,3,4,2
6036,1,,,0,0,1,,,0,OP3,scripted,OP3,3,2,4,2
6037,0,,,0,0,1,,,0,OP3,scripted,OP3,2,3,4,2
6038,1,,,0,0,1,,,0,OP3,scripted,OP3,3,2,4,2
6039,0,,,0,0,1,,,0,OP3,scripted,OP3,2,3,4,2
6040,0,,,0,0,1,,,0,OP3,scripted,OP3,2,3,4,2
6041,1,,,0,0,1,,,0,OP3,scripted,OP3,3,2,4,2
6042,0,,,0,0,1,,,0,OP3,scripted,OP3,2,3,4,2
6043,1,,,0,0,1,,,0,OP3,scripted,OP3,3,2,4,2
6044,1,,,0,0,1,,,0,OP3,scripted,OP3,3,2,4,2
6045,1,,,0,0,1,,,0,OP3,scripted,OP3,3,2,4,2
6046,1,,,0,0,1,,,0,OP3,scripted,OP3,3,2,4,2
6047,0,,,0,0,1,,,0,OP3,scripted,OP3,2,3,4,2
6048,1,,,0,0,1,,,0,OP3,scripted,OP3,3,2,4,2
6049,0,,,0,0,1,,,0,OP3,scripted,OP3,3,3,4,2
6050,1,,,0,0,1,,,0,OP3,scripted,OP3,3,2,4,2
6051,0,,,0,0,1,,,0,OP3,scripted,OP3,3,3,4,2
6052,1,,,0,0,1,,,0,OP3,scripted,OP3,3,2,4,2
6053,0,,,0,0,1,,,0,OP3,scripted,OP3,3,3,4,2
6054,1,,,0,0,1,,,0,OP3,scripted,OP3,3,2,4,2
6055,1,,,0,0,1,,,0,OP3,scripted,OP3,3,2,4,2
6056,0,,,0,0,1,,,0,OP3,scripted,OP3,3,3,4,2
6057,0,,,0,0,1,,,0,OP3,scripted,OP3,3,3,4,2
6058,0,,,0,0,1,,,0,OP3,scripted,OP3,3,3,4,2
6059,1,,,0,0,1,,,0,OP3,scripted,OP3,3,2,4,2
6060,1,,,0,0,1,,,0,OP3,scripted,OP3,3,2,4,2
6061,1,,,0,0,1,,,0,OP3,scripted,OP3,3,2,4,2
6062,1,,,0,0,1,,,0,OP3,scripted,OP3,3,2,4,2
6063,0,,,0,0,1,,,0,OP3,scripted,OP3,2,3,4,2
6064,1,,,0,0,1,,,0,OP3,scripted,OP3,3,2,4,2
6065,0,,,0,0,1,,,0,OP3,scripted,OP3,1,3,4,2
6066,1,,,0,0,1,,,0,OP3,scripted,OP3,3,2,4,2
6067,0,,,0,0,1,,,0,OP3,scripted,OP3,2,3,4,2
6068,1,,,0,0,1,,,0,OP3,scripted,OP3,3,2,4,2
6069,0,,,0,0,1,,,0,OP3,scripted,OP3,3,3,4,2
6070,1,,,0,0,1,,,0,OP3,scripted,OP3,3,2,4,2
6071,1,,,0,0,1,,,0,OP3,scripted,OP3,3,1,4,2
6072,1,,,0,0,1,,,0,OP3,scripted,OP3,3,2,4,2
6073,1,,,0,0,1,,,0,OP3,scripted,OP3,3,2,4,2
6074,1,,,0,0,1,,,0,OP3,scripted,OP3,3,2,4,2
6075,0,,,0,0,1,,,0,OP3,scripted,OP3,3,3,4,2
6076,0,,,0,0,1,,,0,OP3,scripted,OP3,2,3,4,2
6077,1,,,0,0,1,,,0,OP3,scripted,OP3,3,2,4,2
6078,0,,,0,0,1,,,0,OP3,scripted,OP3,2,3,4,2
6079,0,,,0,0,1,,,0,OP3,scripted,OP3,2,3,4,2
6080,0,,,0,0,1,,,0,OP3,scripted,OP3,3,3,4,2
6081,1,,,0,0,1,,,0,OP3,scripted,OP3,3,2,4,2
6082,0,,,0,0,1,,,0,OP3,scripted,OP3,3,3,4,2
6083,1,,,0,0,1,,,0,OP3,scripted,OP3,3,1,4,2
6084,0,,,0,0,1,,,0,OP3,scripted,OP3,2,3,4,2
6085,1,,,0,0,1,,,0,OP3,scripted,OP3,3,1,4,2
6086,0,,,0,0,1,,,0,OP3,scripted,OP3,3,3,4,2
6087,1,,,0,0,1,,,0,OP3,scripted,OP3,3,2,4,2
6088,0,,,0,0,1,,,0,OP3,scripted,OP3,2,3,4,2
6089,0,,,0,0,1,,,0,OP3,scripted,OP3,2,3,4,2
6090,0,,,0,0,1,,,0,OP3,scripted,OP3,2,3,4,2
6091,1,,,0,0,1,,,0,OP3,scripted,OP3,3,2,4,2
6092,0,,,0,0,1,,,0,OP3,scripted,OP3,2,3,4,2
6093,1,,,0,0,1,,,0,OP3,scripted,OP3,3,2,4,2
6094,1,,,0,0,1,,,0,OP3,scripted,OP3,3,2,4,2
6095,1,,,0,0,1,,,0,OP3,scripted,OP3,3,2,4,2
6096,1,,,0,0,1,,,0,OP3,scripted,OP3,3,2,4,2
6097,1,,,0,0,1,,,0,OP3,scripted,OP3,3,2,4,2
6098,0,,,0,0,1,,,0,OP3,scripted,OP3,2,3,4,2
6099,1,,,0,0,1,,,0,OP3,scripted,OP3,3,2,4,2
6100,0,,,0,0,1,,,0,OP3,scripted,OP3,2,3,4,2
6101,0,,,0,0,1,,,0,OP3,scripted,OP3,3,3,4,2
6102,1,,,0,0,1,,,0,OP3,scripted,OP3,3,2,4,2
6103,0,,,0,0,1,,,0,OP3,scripted,OP3,2,3,4,2
6104,1,,,0,0,1,,,0,OP3,scripted,OP3,3,1,4,2
6105,1,,,0,0,1,,,0,OP3,scripted,OP3,3,2,4,2
6106,0,,,0,0,1,,,0,OP3,scripted,OP3,3,3,4,2
6107,1,,,0,0,1,,,0,OP3,scripted,OP3,3,2,4,2
6108,0,,,0,0,1,,,0,OP3,scripted,OP3,2,3,4,2
6109,1,,,0,0,1,,,0,OP3,scripted,OP3,3,2,4,2
6110,1,,,0,0,1,,,0,OP3,scripted,OP3,3,1,4,2
6111,1,,,0,0,1,,,0,OP3,scripted,OP3,3,1,4,2
6112,0,,,0,0,1,,,0,OP3,scripted,OP3,3,3,4,2
6113,0,,,0,0,1,,,0,OP3,scripted,OP3,2,3,4,2
6114,0,,,0,0,1,,,0,OP3,scripted,OP3,2,3,4,2
6115,0,,,0,0,1,,,0,OP3,scripted,OP3,2,3,4,2
6116,1,,,0,0,1,,,0,OP3,scripted,OP3,3,2,4,2
6117,1,,,0,0,1,,,0,OP3,scripted,OP3,3,2,4,2
6118,1,,,0,0,1,,,0,OP3,scripted,OP3,3,2,4,2
6119,1,,,0,0,1,,,0,OP3,scripted,OP3,3,1,4,2
6120,1,,,0,0,1,,,0,OP3,scripted,OP3,3,2,4,2
6121,1,,,0,0,1,,,0,OP3,scripted,OP3,3,2,4,2
6122,0,,,0,0,1,,,0,OP3,scripted,OP3,1,3,4,2
6123,0,,,0,0,1,,,0,OP3,scripted,OP3,3,3,4,2
6124,1,,,0,0,1,,,0,OP3,scripted,OP3,3,2,4,2
6125,0,,,0,0,1,,,0,OP3,scripted,OP3,2,3,4,2
6126,0,,,0,0,1,,,0,OP3,scripted,OP3,2,3,4,2
6127,1,,,0,0,1,,,0,OP3,scripted,OP3,3,2,4,2
6128,0,,,0,0,1,,,0,OP3,scripted,OP3,3,3,4,2
6129,1,,,0,0,1,,,0,OP3,scripted,OP3,3,2,4,2
6130,1,,,0,0,1,,,0,OP3,scripted,OP3,3,2,4,2
6131,1,,,0,0,1,,,0,OP3,scripted,OP3,3,2,4,2
6132,1,,,0,0,1,,,0,OP3,scripted,OP3,3,2,4,2
6133,0,,,0,0,1,,,0,OP3,scripted,OP3,2,3,4,2
6134,0,,,0,0,1,,,0,OP3,scripted,OP3,2,3,4,2
6135,0,,,0,0,1,,,0,OP3,scripted,OP3,3,3,4,2
6136,1,,,0,0,1,,,0,OP3,scripted,OP3,3,2,4,2
6137,0,,,0,0,1,,,0,OP3,scripted,OP3,3,3,4,2
6138,1,,,0,0,1,,,0,OP3,scripted,OP3,3,2,4,2
6139,1,,,0,0,1,,,0,OP3,scripted,OP3,3,2,4,2
6140,1,,,0,0,1,,,0,OP3,scripted,OP3,3,2,4,2
6141,0,,,0,0,1,,,0,OP3,scripted,OP3,2,3,4,2
6142,1,,,0,0,1,,,0,OP3,scripted,OP3,3,1,4,2
6143,1,,,0,0,1,,,0,OP3,scripted,OP3,3,2,4,2
6144,0,,,0,0,1,,,0,OP3,scripted,OP3,3,3,4,2
6145,0,,,0,0,1,,,0,OP3,scripted,OP3,3,3,4,2
6146,1,,,0,0,1,,,0,OP3,scripted,OP3,3,2,4,2
6147,0,,,0,0,1,,,0,OP3,scripted,OP3,3,3,4,2
6148,1,,,0,0,1,,,0,OP3,scripted,OP3,3,2,4,2
6149,1,,,0,0,1,,,0,OP3,scripted,OP3,3,2,4,2
6150,1,,,0,0,1,,,0,OP3,scripted,OP3,3,2,4,2
6151,1,,,0,0,1,,,0,OP3,scripted,OP3,3,2,4,2
6152,1,,,0,0,1,,,0,OP3,scripted,OP3,3,2,4,2
6153,1,,,0,0,1,,,0,OP3,scripted,OP3,3,1,4,2
6154,1,,,0,0,1,,,0,OP3,scripted,OP3,3,2,4,2
6155,0,,,0,0,1,,,0,OP3,scripted,OP3,2,3,4,2
6156,0,,,0,0,1,,,0,OP3,scripted,OP3,2,3,4,2
6157,0,,,0,0,1,,,0,OP3,scripted,OP3,3,3,4,2
6158,0,,,0,0,1,,,0,OP3,scripted,OP3,2,3,4,2
6159,0,,,0,0,1,,,0,OP3,scripted,OP3,3,3,4,2
6160,1,,,0,0,1,,,0,OP3,scripted,OP3,3,2,4,2
6161,0,,,0,0,1,,,0,OP3,scripted,OP3,2,3,4,2
6162,0,,,0,0,1,,,0,OP3,scripted,OP3,3,3,4,2
6163,1,,,0,0,1,,,0,OP3,scripted,OP3,3,2,4,2
6164,1,,,0,0,1,,,0,OP3,scripted,OP3,3,2,4,2
6165,0,,,0,0,1,,,0,OP3,scripted,OP3,2,3,4,2
6166,0,,,0,0,1,,,0,OP3,scripted,OP3,2,3,4,2
6167,0,,,0,0,1,,,0,OP3,scripted,OP3,3,3,4,2
6168,1,,,0,0,1,,,0,OP3,scripted,OP3,3,2,4,2
6169,1,,,0,0,1,,,0,OP3,scripted,OP3,3,2,4,2
6170,0,,,0,0,1,,,0,OP3,scripted,OP3,2,3,4,2
6171,1,,,0,0,1,,,0,OP3,scripted,OP3,3,2,4,2
6172,0,,,0,0,1,,,0,OP3,scripted,OP3,2,3,4,2
6173,1,,,0,0,1,,,0,OP3,scripted,OP3,3,1,4,2
6174,1,,,0,0,1,,,0,OP3,scripted,OP3,3,1,4,2
6175,1,,,0,0,1,,,0,OP3,scripted,OP3,3,2,4,2
6176,1,,,0,0,1,,,0,OP3,scripted,OP3,3,2,4,2
6177,1,,,0,0,1,,,0,OP3,scripted,OP3,3,2,4,2
6178,0,,,0,0,1,,,0,OP3,scripted,OP3,2,3,4,2
6179,0,,,0,0,1,,,0,OP3,scripted,OP3,2,3,4,2
6180,1,,,0,0,1,,,0,OP3,scripted,OP3,3,2,4,2
6181,0,,,0,0,1,,,0,OP3,scripted,OP3,2,3,4,2
6182,1,,,0,0,1,,,0,OP3,scripted,OP3,3,1,4,2
6183,1,,,0,0,1,,,0,OP3,scripted,OP3,3,2,4,2
6184,1,,,0,0,1,,,0,OP3,scripted,OP3,3,2,4,2
6185,0,,,0,0,1,,,0,OP3,scripted,OP3,3,3,4,2
6186,0,,,0,0,1,,,0,OP3,scripted,OP3,2,3,4,2
6187,1,,,0,0,1,,,0,OP3,scripted,OP3,3,2,4,2
6188,1,,,0,0,1,,,0,OP3,scripted,OP3,3,2,4,2
6189,1,,,0,0,1,,,0,OP3,scripted,OP3,3,2,4,2
6190,0,,,0,0,1,,,0,OP3,scripted,OP3,3,3,4,2
6191,1,,,0,0,1,,,0,OP3,scripted,OP3,3,2,4,2
6192,1,,,0,0,1,,,0,OP3,scripted,OP3,3,2,4,2
6193,1,,,0,0,1,,,0,OP3,scripted,OP3,3,2,4,2
6194,1,,,0,0,1,,,0,OP3,scripted,OP3,3,2,4,2
6195,1,,,0,0,1,,,0,OP3,scripted,OP3,3,2,4,2
6196,1,,,0,0,1,,,0,OP3,scripted,OP3,3,2,4,2
6197,1,,,0,0,1,,,0,OP3,scripted,OP3,3,2,4,2
6198,1,,,0,0,1,,,0,OP3,scripted,OP3,3,1,4,2
6199,1,,,0,0,1,,,0,OP3,scripted,OP3,3,2,4,2
6200,1,,,0,0,1,,,0,OP3,scripted,OP3,3,2,4,2
6201,0,,,0,0,1,,,0,OP3,scripted,OP3,2,3,4,2
6202,0,,,0,0,1,,,0,OP3,scripted,OP3,3,3,4,2
6203,0,,,0,0,1,,,0,OP3,scripted,OP3,2,3,4,2
6204,0,,,0,0,1,,,0,OP3,scripted,OP3,3,3,4,2
6205,1,,,0,0,1,,,0,OP3,scripted,OP3,3,2,4,2
6206,1,,,0,0,1,,,0,OP3,scripted,OP3,3,2,4,2
6207,1,,,0,0,1,,,0,OP3,scripted,OP3,3,2,4,2
6208,1,,,0,0,1,,,0,OP3,scripted,OP3,3,2,4,2
6209,1,,,0,0,1,,,0,OP3,scripted,OP3,3,2,4,2
6210,0,,,0,0,1,,,0,OP3,scripted,OP3,2,3,4,2
6211,0,,,0,0,1,,,0,OP3,scripted,OP3,2,3,4,2
6212,1,,,0,0,1,,,0,OP3,scripted,OP3,3,2,4,2
6213,1,,,0,0,1,,,0,OP3,scripted,OP3,3,2,4,2
6214,1,,,0,0,1,,,0,OP3,scripted,OP3,3,2,4,2
6215,0,,,0,0,1,,,0,OP3,scripted,OP3,2,3,4,2
6216,0,,,0,0,1,,,0,OP3,scripted,OP3,2,3,4,2
6217,1,,,0,0,1,,,0,OP3,scripted,OP3,3,2,4,2
6218,1,,,0,0,1,,,0,OP3,scripted,OP3,3,2,4,2
6219,0,,,0,0,1,,,0,OP3,scripted,OP3,2,3,4,2
6220,1,,,0,0,1,,,0,OP3,scripted,OP3,3,2,4,2
6221,1,,,0,0,1,,,0,OP3,scripted,OP3,3,2,4,2
6222,0,,,0,0,1,,,0,OP3,scripted,OP3,3,3,4,2
6223,1,,,0,0,1,,,0,OP3,scripted,OP3,3,1,4,2
6224,1,,,0,0,1,,,0,OP3,scripted,OP3,3,2,4,2
6225,1,,,0,0,1,,,0,OP3,scripted,OP3,3,2,4,2
6226,1,,,0,0,1,,,0,OP3,scripted,OP3,3,2,4,2
6227,0,,,0,0,1,,,0,OP3,scripted,OP3,2,3,4,2
6228,1,,,0,0,1,,,0,OP3,scripted,OP3,3,2,4,2
6229,0,,,0,0,1,,,0,OP3,scripted,OP3,2,3,4,2
6230,1,,,0,0,1,,,0,OP3,scripted,OP3,3,2,4,2
6231,0,,,0,0,1,,,0,OP3,scripted,OP3,2,3,4,2
6232,1,,,0,0,1,,,0,OP3,scripted,OP3,3,2,4,2
6233,0,,,0,0,1,,,0,OP3,scripted,OP3,3,3,4,2
6234,0,,,0,0,1,,,0,OP3,scripted,OP3,3,3,4,2
6235,0,,,0,0,1,,,0,OP3,scripted,OP3,2,3,4,2
6236,1,,,0,0,1,,,0,OP3,scripted,OP3,3,2,4,2
6237,0,,,0,0,1,,,0,OP3,scripted,OP3,2,3,4,2
6238,1,,,0,0,1,,,0,OP3,scripted,OP3,3,2,4,2
6239,0,,,0,0,1,,,0,OP3,scripted,OP3,2,3,4,2
6240,1,,,0,0,1,,,0,OP3,scripted,OP3,3,2,4,2
6241,0,,,0,0,1,,,0,OP3,scripted,OP3,2,3,4,2
6242,1,,,0,0,1,,,0,OP3,scripted,OP3,3,2,4,2
6243,0,,,0,0,1,,,0,OP3,scripted,OP3,3,3,4,2
6244,1,,,0,0,1,,,0,OP3,scripted,OP3,3,2,4,2
6245,0,,,0,0,1,,,0,OP3,scripted,OP3,2,3,4,2
6246,1,,,0,0,1,,,0,OP3,scripted,OP3,3,2,4,2
6247,1,,,0,0,1,,,0,OP3,scripted,OP3,3,2,4,2
6248,1,,,0,0,1,,,0,OP3,scripted,OP3,3,1,4,2
6249,1,,,0,0,1,,,0,OP3,scripted,OP3,3,2,4,2
6250,1,,,0,0,1,,,0,OP3,scripted,OP3,3,2,4,2
6251,0,,,0,0,1,,,0,OP3,scripted,OP3,3,3,4,2
6252,1,,,0,0,1,,,0,OP3,scripted,OP3,3,2,4,2
6253,1,,,0,0,1,,,0,OP3,scripted,OP3,3,2,4,2
6254,0,,,0,0,1,,,0,OP3,scripted,OP3,2,3,4,2
6255,0,,,0,0,1,,,0,OP3,scripted,OP3,2,3,4,2
6256,1,,,0,0,1,,,0,OP3,scripted,OP3,3,2,4,2
6257,0,,,0,0,1,,,0,OP3,scripted,OP3,2,3,4,2
6258,0,,,0,0,1,,,0,OP3,scripted,OP3,2,3,4,2
6259,0,,,0,0,1,,,0,OP3,scripted,OP3,2,3,4,2
6260,1,,,0,0,1,,,0,OP3,scripted,OP3,3,1,4,2
6261,1,,,0,0,1,,,0,OP3,scripted,OP3,3,2,4,2
6262,1,,,0,0,1,,,0,OP3,scripted,OP3,3,2,4,2
6263,0,,,0,0,1,,,0,OP3,scripted,OP3,2,3,4,2
6264,1,,,0,0,1,,,0,OP3,scripted,OP3,3,2,4,2
6265,0,,,0,0,1,,,0,OP3,scripted,OP3,2,3,4,2
6266,0,,,0,0,1,,,0,OP3,scripted,OP3,3,3,4,2
6267,0,,,0,0,1,,,0,OP3,scripted,OP3,2,3,4,2
6268,0,,,0,0,1,,,0,OP3,scripted,OP3,2,3,4,2
6269,0,,,0,0,1,,,0,OP3,scripted,OP3,3,3,4,2
6270,1,,,0,0,1,,,0,OP3,scripted,OP3,3,2,4,2
6271,1,,,0,0,1,,,0,OP3,scripted,OP3,3,2,4,2
6272,1,,,0,0,1,,,0,OP3,scripted,OP3,3,2,4,2
6273,1,,,0,0,1,,,0,OP3,scripted,OP3,3,2,4,2
6274,0,,,0,0,1,,,0,OP3,scripted,OP3,3,3,4,2
6275,0,,,0,0,1,,,0,OP3,scripted,OP3,2,3,4,2
6276,0,,,0,0,1,,,0,OP3,scripted,OP3,2,3,4,2
6277,0,,,0,0,1,,,0,OP3,scripted,OP3,2,3,4,2
6278,0,,,0,0,1,,,0,OP3,scripted,OP3,2,3,4,2
6279,1,,,0,0,1,,,0,OP3,scripted,OP3,3,2,4,2
6280,1,,,0,0,1,,,0,OP3,scripted,OP3,3,2,4,2
6281,1,,,0,0,1,,,0,OP3,scripted,OP3,3,2,4,2
6282,0,,,0,0,1,,,0,OP3,scripted,OP3,2,3,4,2
6283,1,,,0,0,1,,,0,OP3,scripted,OP3,3,2,4,2
6284,1,,,0,0,1,,,0,OP3,scripted,OP3,3,1,4,2
6285,0,,,0,0,1,,,0,OP3,scripted,OP3,2,3,4,2
6286,0,,,0,0,1,,,0,OP3,scripted,OP3,2,3,4,2
6287,1,,,0,0,1,,,0,OP3,scripted,OP3,3,2,4,2
6288,0,,,0,0,1,,,0,OP3,scripted,OP3,2,3,4,2
6289,1,,,0,0,1,,,0,OP3,scripted,OP3,3,2,4,2
6290,1,,,0,0,1,,,0,OP3,scripted,OP3,3,1,4,2
6291,0,,,0,0,1,,,0,OP3,scripted,OP3,3,3,4,2
6292,1,,,0,0,1,,,0,OP3,scripted,OP3,3,2,4,2
6293,1,,,0,0,1,,,0,OP3,scripted,OP3,3,2,4,2
6294,0,,,0,0,1,,,0,OP3,scripted,OP3,2,3,4,2
6295,1,,,0,0,1,,,0,OP3,scripted,OP3,3,2,4,2
6296,0,,,0,0,1,,,0,OP3,scripted,OP3,2,3,4,2
6297,1,,,0,0,1,,,0,OP3,scripted,OP3,3,2,4,2
6298,1,,,0,0,1,,,0,OP3,scripted,OP3,3,2,4,2
6299,1,,,0,0,1,,,0,OP3,scripted,OP3,3,2,4,2
6300,1,,,0,0,1,,,0,OP3,scripted,OP3,3,2,4,2
6301,1,,,0,0,1,,,0,OP3,scripted,OP3,3,2,4,2
6302,1,,,0,0,1,,,0,OP3,scripted,OP3,3,2,4,2
6303,0,,,0,0,1,,,0,OP3,scripted,OP3,3,3,4,2
6304,1,,,0,0,1,,,0,OP3,scripted,OP3,3,2,4,2
6305,0,,,0,0,1,,,0,OP3,scripted,OP3,3,3,4,2
6306,0,,,0,0,1,,,0,OP3,scripted,OP3,3,3,4,2
6307,1,,,0,0,1,,,0,OP3,scripted,OP3,3,1,4,2
6308,0,,,0,0,1,,,0,OP3,scripted,OP3,2,3,4,2
6309,1,,,0,0,1,,,0,OP3,scripted,OP3,3,2,4,2
6310,0,,,0,0,1,,,0,OP3,scripted,OP3,2,3,4,2
6311,1,,,0,0,1,,,0,OP3,scripted,OP3,3,2,4,2
6312,0,,,0,0,1,,,0,OP3,scripted,OP3,2,3,4,2
6313,1,,,0,0,1,,,0,OP3,scripted,OP3,3,2,4,2
6314,1,,,0,0,1,,,0,OP3,scripted,OP3,3,2,4,2
6315,0,,,0,0,1,,,0,OP3,scripted,OP3,1,3,4,2
6316,0,,,0,0,1,,,0,OP3,scripted,OP3,2,3,4,2
6317,0,,,0,0,1,,,0,OP3,scripted,OP3,2,3,4,2
6318,0,,,0,0,1,,,0,OP3,scripted,OP3,2,3,4,2
6319,1,,,0,0,1,,,0,OP3,scripted,OP3,3,2,4,2
6320,0,,,0,0,1,,,0,OP3,scripted,OP3,2,3,4,2
6321,0,,,0,0,1,,,0,OP3,scripted,OP3,2,3,4,2
6322,0,,,0,0,1,,,0,OP3,scripted,OP3,2,3,4,2
6323,0,,,0,0,1,,,0,OP3,scripted,OP3,3,3,4,2
6324,0,,,0,0,1,,,0,OP3,scripted,OP3,2,3,4,2
6325,1,,,0,0,1,,,0,OP3,scripted,OP3,3,2,4,2
6326,0,,,0,0,1,,,0,OP3,scripted,OP3,2,3,4,2
6327,0,,,0,0,1,,,0,OP3,scripted,OP3,2,3,4,2
6328,0,,,0,0,1,,,0,OP3,scripted,OP3,2,3,4,2
6329,0,,,0,0,1,,,0,OP3,scripted,OP3,2,3,4,2
6330,1,,,0,0,1,,,0,OP3,scripted,OP3,3,2,4,2
6331,1,,,0,0,1,,,0,OP3,scripted,OP3,3,2,4,2
6332,0,,,0,0,1,,,0,OP3,scripted,OP3,2,3,4,2
6333,1,,,0,0,1,,,0,OP3,scripted,OP3,3,2,4,2
6334,0,,,0,0,1,,,0,OP3,scripted,OP3,3,3,4,2
6335,1,,,0,0,1,,,0,OP3,scripted,OP3,3,2,4,2
6336,1,,,0,0,1,,,0,OP3,scripted,OP3,3,2,4,2
6337,0,,,0,0,1,,,0,OP3,scripted,OP3,2,3,4,2
6338,0,,,0,0,1,,,0,OP3,scripted,OP3,3,3,4,2
6339,0,,,0,0,1,,,0,OP3,scripted,OP3,2,3,4,2
6340,1,,,0,0,1,,,0,OP3,scripted,OP3,3,2,4,2
6341,0,,,0,0,1,,,0,OP3,scripted,OP3,2,3,4,2
6342,1,,,0,0,1,,,0,OP3,scripted,OP3,3,2,4,2
6343,1,,,0,0,1,,,0,OP3,scripted,OP3,3,1,4,2
6344,1,,,0,0,1,,,0,OP3,scripted,OP3,3,2,4,2
6345,1,,,0,0,1,,,0,OP3,scripted,OP3,3,2,4,2
6346,0,,,0,0,1,,,0,OP3,scripted,OP3,2,3,4,2
6347,0,,,0,0,1,,,0,OP3,scripted,OP3,2,3,4,2
6348,0,,,0,0,1,,,0,OP3,scripted,OP3,3,3,4,2
6349,0,,,0,0,1,,,0,OP3,scripted,OP3,2,3,4,2
6350,0,,,0,0,1,,,0,OP3,scripted,OP3,3,3,4,2
6351,0,,,0,0,1,,,0,OP3,scripted,OP3,3,3,4,2
6352,1,,,0,0,1,,,0,OP3,scripted,OP3,3,2,4,2
6353,0,,,0,0,1,,,0,OP3,scripted,OP3,3,3,4,2
6354,1,,,0,0,1,,,0,OP3,scripted,OP3,3,2,4,2
6355,0,,,0,0,1,,,0,OP3,scripted,OP3,2,3,4,2
6356,0,,,0,0,1,,,0,OP3,scripted,OP3,3,3,4,2
6357,0,,,0,0,1,,,0,OP3,scripted,OP3,2,3,4,2
6358,0,,,0,0,1,,,0,OP3,scripted,OP3,2,3,4,2
6359,0,,,0,0,1,,,0,OP3,scripted,OP3,2,3,4,2
6360,0,,,0,0,1,,,0,OP3,scripted,OP3,3,3,4,2
6361,1,,,0,0,1,,,0,OP3,scripted,OP3,3,2,4,2
6362,0,,,0,0,1,,,0,OP3,scripted,OP3,2,3,4,2
6363,0,,,0,0,1,,,0,OP3,scripted,OP3,2,3,4,2
6364,0,,,0,0,1,,,0,OP3,scripted,OP3,3,3,4,2
6365,0,,,0,0,1,,,0,OP3,scripted,OP3,2,3,4,2
6366,1,,,0,0,1,,,0,OP3,scripted,OP3,3,2,4,2
6367,1,,,0,0,1,,,0,OP3,scripted,OP3,3,2,4,2
6368,0,,,0,0,1,,,0,OP3,scripted,OP3,3,3,4,2
6369,1,,,0,0,1,,,0,OP3,scripted,OP3,3,0,4,2
6370,1,,,0,0,1,,,0,OP3,scripted,OP3,3,2,4,2
6371,1,,,0,0,1,,,0,OP3,scripted,OP3,3,2,4,2
6372,1,,,0,0,1,,,0,OP3,scripted,OP3,3,2,4,2
6373,1,,,0,0,1,,,0,OP3,scripted,OP3,3,2,4,2
6374,1,,,0,0,1,,,0,OP3,scripted,OP3,3,2,4,2
6375,1,,,0,0,1,,,0,OP3,scripted,OP3,3,1,4,2
6376,1,,,0,0,1,,,0,OP3,scripted,OP3,3,2,4,2
6377,0,,,0,0,1,,,0,OP3,scripted,OP3,2,3,4,2
6378,1,,,0,0,1,,,0,OP3,scripted,OP3,3,1,4,2
6379,1,,,0,0,1,,,0,OP3,scripted,OP3,3,1,4,2
6380,0,,,0,0,1,,,0,OP3,scripted,OP3,2,3,4,2
6381,0,,,0,0,1,,,0,OP3,scripted,OP3,3,3,4,2
6382,0,,,0,0,1,,,0,OP3,scripted,OP3,3,3,4,2
6383,1,,,0,0,1,,,0,OP3,scripted,OP3,3,1,4,2
6384,1,,,0,0,1,,,0,OP3,scripted,OP3,3,2,4,2
6385,0,,,0,0,1,,,0,OP3,scripted,OP3,2,3,4,2
6386,1,,,0,0,1,,,0,OP3,scripted,OP3,3,2,4,2
6387,0,,,0,0,1,,,0,OP3,scripted,OP3,2,3,4,2
6388,1,,,0,0,1,,,0,OP3,scripted,OP3,3,2,4,2
6389,1,,,0,0,1,,,0,OP3,scripted,OP3,3,2,4,2
6390,0,,,0,0,1,,,0,OP3,scripted,OP3,2,3,4,2
6391,1,,,0,0,1,,,0,OP3,scripted,OP3,3,2,4,2
6392,0,,,0,0,1,,,0,OP3,scripted,OP3,3,3,4,2
6393,0,,,0,0,1,,,0,OP3,scripted,OP3,2,3,4,2
6394,1,,,0,0,1,,,0,OP3,scripted,OP3,3,2,4,2
6395,0,,,0,0,1,,,0,OP3,scripted,OP3,2,3,4,2
6396,0,,,0,0,1,,,0,OP3,scripted,OP3,2,3,4,2
6397,0,,,0,0,1,,,0,OP3,scripted,OP3,2,3,4,2
6398,1,,,0,0,1,,,0,OP3,scripted,OP3,3,1,4,2
6399,1,,,0,0,1,,,0,OP3,scripted,OP3,3,2,4,2
6400,1,,,0,0,1,,,0,OP3,scripted,OP3,3,2,4,2
6401,0,,,0,0,1,,,0,OP3,scripted,OP3,1,3,4,2
6402,1,,,0,0,1,,,0,OP3,scripted,OP3,3,2,4,2
6403,0,,,0,0,1,,,0,OP3,scripted,OP3,2,3,4,2
6404,0,,,0,0,1,,,0,OP3,scripted,OP3,2,3,4,2
6405,1,,,0,0,1,,,0,OP3,scripted,OP3,3,2,4,2
6406,1,,,0,0,1,,,0,OP3,scripted,OP3,3,2,4,2
6407,0,,,0,0,1,,,0,OP3,scripted,OP3,2,3,4,2
6408,0,,,0,0,1,,,0,OP3,scripted,OP3,3,3,4,2
6409,0,,,0,0,1,,,0,OP3,scripted,OP3,3,3,4,2
6410,0,,,0,0,1,,,0,OP3,scripted,OP3,2,3,4,2
6411,1,,,0,0,1,,,0,OP3,scripted,OP3,3,2,4,2
6412,1,,,0,0,1,,,0,OP3,scripted,OP3,3,2,4,2
6413,1,,,0,0,1,,,0,OP3,scripted,OP3,3,2,4,2
6414,1,,,0,0,1,,,0,OP3,scripted,OP3,3,2,4,2
6415,1,,,0,0,1,,,0,OP3,scripted,OP3,3,2,4,2
6416,0,,,0,0,1,,,0,OP3,scripted,OP3,3,3,4,2
6417,1,,,0,0,1,,,0,OP3,scripted,OP3,3,2,4,2
6418,0,,,0,0,1,,,0,OP3,scripted,OP3,2,3,4,2
6419,0,,,0,0,1,,,0,OP3,scripted,OP3,3,3,4,2
6420,0,,,0,0,1,,,0,OP3,scripted,OP3,3,3,4,2
6421,0,,,0,0,1,,,0,OP3,scripted,OP3,3,3,4,2
6422,0,,,0,0,1,,,0,OP3,scripted,OP3,2,3,4,2
6423,0,,,0,0,1,,,0,OP3,scripted,OP3,3,3,4,2
6424,0,,,0,0,1,,,0,OP3,scripted,OP3,2,3,4,2
6425,0,,,0,0,1,,,0,OP3,scripted,OP3,2,3,4,2
6426,1,,,0,0,1,,,0,OP3,scripted,OP3,3,2,4,2
6427,0,,,0,0,1,,,0,OP3,scripted,OP3,3,3,4,2
6428,1,,,0,0,1,,,0,OP3,scripted,OP3,3,2,4,2
6429,0,,,0,0,1,,,0,OP3,scripted,OP3,3,3,4,2
6430,1,,,0,0,1,,,0,OP3,scripted,OP3,3,2,4,2
6431,1,,,0,0,1,,,0,OP3,scripted,OP3,3,2,4,2
6432,1,,,0,0,1,,,0,OP3,scripted,OP3,3,2,4,2
6433,1,,,0,0,1,,,0,OP3,scripted,OP3,3,2,4,2
6434,1,,,0,0,1,,,0,OP3,scripted,OP3,3,2,4,2
6435,1,,,0,0,1,,,0,OP3,scripted,OP3,3,1,4,2
6436,1,,,0,0,1,,,0,OP3,scripted,OP3,3,2,4,2
6437,0,,,0,0,1,,,0,OP3,scripted,OP3,2,3,4,2
6438,1,,,0,0,1,,,0,OP3,scripted,OP3,3,2,4,2
6439,1,,,0,0,1,,,0,OP3,scripted,OP3,3,2,4,2
6440,1,,,0,0,1,,,0,OP3,scripted,OP3,3,2,4,2
6441,1,,,0,0,1,,,0,OP3,scripted,OP3,3,2,4,2
6442,0,,,0,0,1,,,0,OP3,scripted,OP3,2,3,4,2
6443,1,,,0,0,1,,,0,OP3,scripted,OP3,3,1,4,2
6444,0,,,0,0,1,,,0,OP3,scripted,OP3,3,3,4,2
6445,0,,,0,0,1,,,0,OP3,scripted,OP3,2,3,4,2
6446,0,,,0,0,1,,,0,OP3,scripted,OP3,2,3,4,2
6447,1,,,0,0,1,,,0,OP3,scripted,OP3,3,2,4,2
6448,0,,,0,0,1,,,0,OP3,scripted,OP3,2,3,4,2
6449,0,,,0,0,1,,,0,OP3,scripted,OP3,2,3,4,2
6450,1,,,0,0,1,,,0,OP3,scripted,OP3,3,2,4,2
6451,1,,,0,0,1,,,0,OP3,scripted,OP3,3,2,4,2
6452,1,,,0,0,1,,,0,OP3,scripted,OP3,3,2,4,2
6453,1,,,0,0,1,,,0,OP3,scripted,OP3,3,2,4,2
6454,0,,,0,0,1,,,0,OP3,scripted,OP3,1,3,4,2
6455,1,,,0,0,1,,,0,OP3,scripted,OP3,3,2,4,2
6456,1,,,0,0,1,,,0,OP3,scripted,OP3,3,2,4,2
6457,1,,,0,0,1,,,0,OP3,scripted,OP3,3,2,4,2
6458,1,,,0,0,1,,,0,OP3,scripted,OP3,3,1,4,2
6459,1,,,0,0,1,,,0,OP3,scripted,OP3,3,2,4,2
6460,0,,,0,0,1,,,0,OP3,scripted,OP3,2,3,4,2
6461,0,,,0,0,1,,,0,OP3,scripted,OP3,2,3,4,2
6462,0,,,0,0,1,,,0,OP3,scripted,OP3,2,3,4,2
6463,1,,,0,0,1,,,0,OP3,scripted,OP3,3,2,4,2
6464,0,,,0,0,1,,,0,OP3,scripted,OP3,2,3,4,2
6465,1,,,0,0,1,,,0,OP3,scripted,OP3,3,2,4,2
6466,0,,,0,0,1,,,0,OP3,scripted,OP3,2,3,4,2
6467,0,,,0,0,1,,,0,OP3,scripted,OP3,2,3,4,2
6468,0,,,0,0,1,,,0,OP3,scripted,OP3,2,3,4,2
6469,1,,,0,0,1,,,0,OP3,scripted,OP3,3,2,4,2
6470,0,,,0,0,1,,,0,OP3,scripted,OP3,2,3,4,2
6471,0,,,0,0,1,,,0,OP3,scripted,OP3,2,3,4,2
6472,1,,,0,0,1,,,0,OP3,scripted,OP3,3,2,4,2
6473,1,,,0,0,1,,,0,OP3,scripted,OP3,3,2,4,2
6474,1,,,0,0,1,,,0,OP3,scripted,OP3,3,2,4,2
6475,0,,,0,0,1,,,0,OP3,scripted,OP3,3,3,4,2
6476,0,,,0,0,1,,,0,OP3,scripted,OP3,2,3,4,2
6477,1,,,0,0,1,,,0,OP3,scripted,OP3,3,1,4,2
6478,1,,,0,0,1,,,0,OP3,scripted,OP3,3,2,4,2
6479,1,,,0,0,1,,,0,OP3,scripted,OP3,3,2,4,2
6480,1,,,0,0,1,,,0,OP3,scripted,OP3,3,2,4,2
6481,0,,,0,0,1,,,0,OP3,scripted,OP3,3,3,4,2
6482,0,,,0,0,1,,,0,OP3,scripted,OP3,2,3,4,2
6483,1,,,0,0,1,,,0,OP3,scripted,OP3,3,1,4,2
6484,1,,,0,0,1,,,0,OP3,scripted,OP3,3,2,4,2
6485,1,,,0,0,1,,,0,OP3,scripted,OP3,3,2,4,2
6486,1,,,0,0,1,,,0,OP3,scripted,OP3,3,2,4,2
6487,0,,,0,0,1,,,0,OP3,scripted,OP3,2,3,4,2
6488,1,,,0,0,1,,,0,OP3,scripted,OP3,3,1,4,2
6489,0,,,0,0,1,,,0,OP3,scripted,OP3,2,3,4,2
6490,0,,,0,0,1,,,0,OP3,scripted,OP3,3,3,4,2
6491,0,,,0,0,1,,,0,OP3,scripted,OP3,2,3,4,2
6492,0,,,0,0,1,,,0,OP3,scripted,OP3,3,3,4,2
6493,1,,,0,0,1,,,0,OP3,scripted,OP3,3,2,4,2
6494,1,,,0,0,1,,,0,OP3,scripted,OP3,3,2,4,2
6495,1,,,0,0,1,,,0,OP3,scripted,OP3,3,2,4,2
6496,1,,,0,0,1,,,0,OP3,scripted,OP3,3,2,4,2
6497,1,,,0,0,1,,,0,OP3,scripted,OP3,3,2,4,2
6498,0,,,0,0,1,,,0,OP3,scripted,OP3,3,3,4,2
6499,0,,,0,0,1,,,0,OP3,scripted,OP3,3,3,4,2
6500,0,,,0,0,1,,,0,OP3,scripted,OP3,3,3,4,2
6501,1,,,0,0,1,,,0,OP3,scripted,OP3,3,2,4,2
6502,1,,,0,0,1,,,0,OP3,scripted,OP3,3,2,4,2
6503,0,,,0,0,1,,,0,OP3,scripted,OP3,3,3,4,2
6504,0,,,0,0,1,,,0,OP3,scripted,OP3,2,3,4,2
6505,0,,,0,0,1,,,0,OP3,scripted,OP3,2,3,4,2
6506,0,,,0,0,1,,,0,OP3,scripted,OP3,2,3,4,2
6507,1,,,0,0,1,,,0,OP3,scripted,OP3,3,2,4,2
6508,1,,,0,0,1,,,0,OP3,scripted,OP3,3,2,4,2
6509,0,,,0,0,1,,,0,OP3,scripted,OP3,3,3,4,2
6510,0,,,0,0,1,,,0,OP3,scripted,OP3,2,3,4,2
6511,1,,,0,0,1,,,0,OP3,scripted,OP3,3,1,4,2
6512,0,,,0,0,1,,,0,OP3,scripted,OP3,3,3,4,2
6513,0,,,0,0,1,,,0,OP3,scripted,OP3,2,3,4,2
6514,0,,,0,0,1,,,0,OP3,scripted,OP3,1,3,4,2
6515,1,,,0,0,1,,,0,OP3,scripted,OP3,3,2,4,2
6516,1,,,0,0,1,,,0,OP3,scripted,OP3,3,1,4,2
6517,1,,,0,0,1,,,0,OP3,scripted,OP3,3,2,4,2
6518,1,,,0,0,1,,,0,OP3,scripted,OP3,3,2,4,2
6519,0,,,0,0,1,,,0,OP3,scripted,OP3,2,3,4,2
6520,1,,,0,0,1,,,0,OP3,scripted,OP3,3,2,4,2
6521,0,,,0,0,1,,,0,OP3,scripted,OP3,3,3,4,2
6522,0,,,0,0,1,,,0,OP3,scripted,OP3,3,3,4,2
6523,1,,,0,0,1,,,0,OP3,scripted,OP3,3,2,4,2
6524,0,,,0,0,1,,,0,OP3,scripted,OP3,2,3,4,2
6525,0,,,0,0,1,,,0,OP3,scripted,OP3,3,3,4,2
6526,1,,,0,0,1,,,0,OP3,scripted,OP3,3,2,4,2
6527,0,,,0,0,1,,,0,OP3,scripted,OP3,2,3,4,2
6528,0,,,0,0,1,,,0,OP3,scripted,OP3,2,3,4,2
6529,1,,,0,0,1,,,0,OP3,scripted,OP3,3,1,4,2
6530,1,,,0,0,1,,,0,OP3,scripted,OP3,3,2,4,2
6531,0,,,0,0,1,,,0,OP3,scripted,OP3,2,3,4,2
6532,1,,,0,0,1,,,0,OP3,scripted,OP3,3,1,4,2
6533,0,,,0,0,1,,,0,OP3,scripted,OP3,2,3,4,2
6534,0,,,0,0,1,,,0,OP3,scripted,OP3,3,3,4,2
6535,0,,,0,0,1,,,0,OP3,scripted,OP3,2,3,4,2
6536,1,,,0,0,1,,,0,OP3,scripted,OP3,3,2,4,2
6537,0,,,0,0,1,,,0,OP3,scripted,OP3,3,3,4,2
6538,1,,,0,0,1,,,0,OP3,scripted,OP3,3,2,4,2
6539,1,,,0,0,1,,,0,OP3,scripted,OP3,3,2,4,2
6540,1,,,0,0,1,,,0,OP3,scripted,OP3,3,1,4,2
6541,0,,,0,0,1,,,0,OP3,scripted,OP3,2,3,4,2
6542,1,,,0,0,1,,,0,OP3,scripted,OP3,3,2,4,2
6543,1,,,0,0,1,,,0,OP3,scripted,OP3,3,2,4,2
6544,0,,,0,0,1,,,0,OP3,scripted,OP3,3,3,4,2
6545,1,,,0,0,1,,,0,OP3,scripted,OP3,3,1,4,2
6546,0,,,0,0,1,,,0,OP3,scripted,OP3,3,3,4,2
6547,0,,,0,0,1,,,0,OP3,scripted,OP3,2,3,4,2
6548,0,,,0,0,1,,,0,OP3,scripted,OP3,2,3,4,2
6549,1,,,0,0,1,,,0,OP3,scripted,OP3,3,1,4,2
6550,1,,,0,0,1,,,0,OP3,scripted,OP3,3,2,4,2
6551,1,,,0,0,1,,,0,OP3,scripted,OP3,3,2,4,2
6552,0,,,0,0,1,,,0,OP3,scripted,OP3,2,3,4,2
6553,1,,,0,0,1,,,0,OP3,scripted,OP3,3,2,4,2
6554,1,,,0,0,1,,,0,OP3,scripted,OP3,3,2,4,2
6555,1,,,0,0,1,,,0,OP3,scripted,OP3,3,2,4,2
6556,1,,,0,0,1,,,0,OP3,scripted,OP3,3,2,4,2
6557,0,,,0,0,1,,,0,OP3,scripted,OP3,2,3,4,2
6558,1,,,0,0,1,,,0,OP3,scripted,OP3,3,2,4,2
6559,1,,,0,0,1,,,0,OP3,scripted,OP3,3,2,4,2
6560,1,,,0,0,1,,,0,OP3,scripted,OP3,3,2,4,2
6561,0,,,0,0,1,,,0,OP3,scripted,OP3,2,3,4,2
6562,1,,,0,0,1,,,0,OP3,scripted,OP3,3,2,4,2
6563,1,,,0,0,1,,,0,OP3,scripted,OP3,3,2,4,2
6564,1,,,0,0,1,,,0,OP3,scripted,OP3,3,2,4,2
6565,1,,,0,0,1,,,0,OP3,scripted,OP3,3,2,4,2
6566,1,,,0,0,1,,,0,OP3,scripted,OP3,3,2,4,2
6567,0,,,0,0,1,,,0,OP3,scripted,OP3,2,3,4,2
6568,1,,,0,0,1,,,0,OP3,scripted,OP3,3,2,4,2
6569,1,,,0,0,1,,,0,OP3,scripted,OP3,3,1,4,2
6570,1,,,0,0,1,,,0,OP3,scripted,OP3,3,2,4,2
6571,0,,,0,0,1,,,0,OP3,scripted,OP3,2,3,4,2
6572,0,,,0,0,1,,,0,OP3,scripted,OP3,3,3,4,2
6573,0,,,0,0,1,,,0,OP3,scripted,OP3,3,3,4,2
6574,1,,,0,0,1,,,0,OP3,scripted,OP3,3,1,4,2
6575,0,,,0,0,1,,,0,OP3,scripted,OP3,2,3,4,2
6576,1,,,0,0,1,,,0,OP3,scripted,OP3,3,2,4,2
6577,1,,,0,0,1,,,0,OP3,scripted,OP3,3,2,4,2
6578,0,,,0,0,1,,,0,OP3,scripted,OP3,3,3,4,2
6579,1,,,0,0,1,,,0,OP3,scripted,OP3,3,1,4,2
6580,0,,,0,0,1,,,0,OP3,scripted,OP3,2,3,4,2
6581,1,,,0,0,1,,,0,OP3,scripted,OP3,3,2,4,2
6582,1,,,0,0,1,,,0,OP3,scripted,OP3,3,2,4,2
6583,1,,,0,0,1,,,0,OP3,scripted,OP3,3,2,4,2
6584,0,,,0,0,1,,,0,OP3,scripted,OP3,3,3,4,2
6585,0,,,0,0,1,,,0,OP3,scripted,OP3,2,3,4,2
6586,1,,,0,0,1,,,0,OP3,scripted,OP3,3,1,4,2
6587,1,,,0,0,1,,,0,OP3,scripted,OP3,3,1,4,2
6588,1,,,0,0,1,,,0,OP3,scripted,OP3,3,1,4,2
6589,1,,,0,0,1,,,0,OP3,scripted,OP3,3,2,4,2
6590,0,,,0,0,1,,,0,OP3,scripted,OP3,2,3,4,2
6591,1,,,0,0,1,,,0,OP3,scripted,OP3,3,2,4,2
6592,1,,,0,0,1,,,0,OP3,scripted,OP3,3,2,4,2
6593,0,,,0,0,1,,,0,OP3,scripted,OP3,2,3,4,2
6594,0,,,0,0,1,,,0,OP3,scripted,OP3,2,3,4,2
6595,1,,,0,0,1,,,0,OP3,scripted,OP3,3,2,4,2
6596,1,,,0,0,1,,,0,OP3,scripted,OP3,3,2,4,2
6597,0,,,0,0,1,,,0,OP3,scripted,OP3,2,3,4,2
6598,1,,,0,0,1,,,0,OP3,scripted,OP3,3,2,4,2
6599,0,,,0,0,1,,,0,OP3,scripted,OP3,2,3,4,2
6600,1,,,0,0,1,,,0,OP3,scripted,OP3,3,2,4,2
6601,0,,,0,0,1,,,0,OP3,scripted,OP3,3,3,4,2
6602,0,,,0,0,1,,,0,OP3,scripted,OP3,3,3,4,2
6603,1,,,0,0,1,,,0,OP3,scripted,OP3,3,2,4,2
6604,1,,,0,0,1,,,0,OP3,scripted,OP3,3,2,4,2
6605,0,,,0,0,1,,,0,OP3,scripted,OP3,2,3,4,2
6606,0,,,0,0,1,,,0,OP3,scripted,OP3,3,3,4,2
6607,0,,,0,0,1,,,0,OP3,scripted,OP3,2,3,4,2
6608,1,,,0,0,1,,,0,OP3,scripted,OP3,3,2,4,2
6609,1,,,0,0,1,,,0,OP3,scripted,OP3,3,2,4,2
6610,0,,,0,0,1,,,0,OP3,scripted,OP3,1,3,4,2
6611,1,,,0,0,1,,,0,OP3,scripted,OP3,3,1,4,2
6612,0,,,0,0,1,,,0,OP3,scripted,OP3,2,3,4,2
6613,1,,,0,0,1,,,0,OP3,scripted,OP3,3,2,4,2
6614,1,,,0,0,1,,,0,OP3,scripted,OP3,3,2,4,2
6615,1,,,0,0,1,,,0,OP3,scripted,OP3,3,2,4,2
6616,1,,,0,0,1,,,0,OP3,scripted,OP3,3,2,4,2
6617,1,,,0,0,1,,,0,OP3,scripted,OP3,3,0,4,2
6618,0,,,0,0,1,,,0,OP3,scripted,OP3,2,3,4,2
6619,1,,,0,0,1,,,0,OP3,scripted,OP3,3,2,4,2
6620,1,,,0,0,1,,,0,OP3,scripted,OP3,3,2,4,2
6621,1,,,0,0,1,,,0,OP3,scripted,OP3,3,2,4,2
6622,1,,,0,0,1,,,0,OP3,scripted,OP3,3,2,4,2
6623,0,,,0,0,1,,,0,OP3,scripted,OP3,2,3,4,2
6624,0,,,0,0,1,,,0,OP3,scripted,OP3,2,3,4,2
6625,0,,,0,0,1,,,0,OP3,scripted,OP3,3,3,4,2
6626,1,,,0,0,1,,,0,OP3,scripted,OP3,3,2,4,2
6627,0,,,0,0,1,,,0,OP3,scripted,OP3,2,3,4,2
6628,0,,,0,0,1,,,0,OP3,scripted,OP3,2,3,4,2
6629,1,,,0,0,1,,,0,OP3,scripted,OP3,3,1,4,2
6630,0,,,0,0,1,,,0,OP3,scripted,OP3,2,3,4,2
6631,1,,,0,0,1,,,0,OP3,scripted,OP3,3,2,4,2
6632,1,,,0,0,1,,,0,OP3,scripted,OP3,3,2,4,2
6633,1,,,0,0,1,,,0,OP3,scripted,OP3,3,2,4,2
6634,1,,,0,0,1,,,0,OP3,scripted,OP3,3,2,4,2
6635,0,,,0,0,1,,,0,OP3,scripted,OP3,2,3,4,2
6636,0,,,0,0,1,,,0,OP3,scripted,OP3,3,3,4,2
6637,1,,,0,0,1,,,0,OP3,scripted,OP3,3,2,4,2
6638,1,,,0,0,1,,,0,OP3,scripted,OP3,3,2,4,2
6639,0,,,0,0,1,,,0,OP3,scripted,OP3,2,3,4,2
6640,1,,,0,0,1,,,0,OP3,scripted,OP3,3,2,4,2
6641,1,,,0,0,1,,,0,OP3,scripted,OP3,3,2,4,2
6642,0,,,0,0,1,,,0,OP3,scripted,OP3,3,3,4,2
6643,1,,,0,0,1,,,0,OP3,scripted,OP3,3,2,4,2
6644,1,,,0,0,1,,,0,OP3,scripted,OP3,3,2,4,2
6645,0,,,0,0,1,,,0,OP3,scripted,OP3,2,3,4,2
6646,1,,,0,0,1,,,0,OP3,scripted,OP3,3,1,4,2
6647,0,,,0,0,1,,,0,OP3,scripted,OP3,3,3,4,2
6648,1,,,0,0,1,,,0,OP3,scripted,OP3,3,2,4,2
6649,0,,,0,0,1,,,0,OP3,scripted,OP3,2,3,4,2
6650,1,,,0,0,1,,,0,OP3,scripted,OP3,3,2,4,2
6651,1,,,0,0,1,,,0,OP3,scripted,OP3,3,2,4,2
6652,1,,,0,0,1,,,0,OP3,scripted,OP3,3,2,4,2
6653,0,,,0,0,1,,,0,OP3,scripted,OP3,3,3,4,2
6654,0,,,0,0,1,,,0,OP3,scripted,OP3,3,3,4,2
6655,1,,,0,0,1,,,0,OP3,scripted,OP3,3,2,4,2
6656,1,,,0,0,1,,,0,OP3,scripted,OP3,3,2,4,2
6657,1,,,0,0,1,,,0,OP3,scripted,OP3,3,2,4,2
6658,1,,,0,0,1,,,0,OP3,scripted,OP3,3,1,4,2
6659,1,,,0,0,1,,,0,OP3,scripted,OP3,3,2,4,2
6660,1,,,0,0,1,,,0,OP3,scripted,OP3,3,2,4,2
6661,1,,,0,0,1,,,0,OP3,scripted,OP3,3,2,4,2
6662,1,,,0,0,1,,,0,OP3,scripted,OP3,3,1,4,2
6663,1,,,0,0,1,,,0,OP3,scripted,OP3,3,2,4,2
6664,1,,,0,0,1,,,0,OP3,scripted,OP3,3,2,4,2
6665,1,,,0,0,1,,,0,OP3,scripted,OP3,3,2,4,2
6666,1,,,0,0,1,,,0,OP3,scripted,OP3,3,2,4,2
6667,1,,,0,0,1,,,0,OP3,scripted,OP3,3,2,4,2
6668,0,,,0,0,1,,,0,OP3,scripted,OP3,2,3,4,2
6669,0,,,0,0,1,,,0,OP3,scripted,OP3,2,3,4,2
6670,1,,,0,0,1,,,0,OP3,scripted,OP3,3,2,4,2
6671,1,,,0,0,1,,,0,OP3,scripted,OP3,3,1,4,2
6672,0,,,0,0,1,,,0,OP3,scripted,OP3,3,3,4,2
6673,1,,,0,0,1,,,0,OP3,scripted,OP3,3,2,4,2
6674,0,,,0,0,1,,,0,OP3,scripted,OP3,2,3,4,2
6675,1,,,0,0,1,,,0,OP3,scripted,OP3,3,2,4,2
6676,1,,,0,0,1,,,0,OP3,scripted,OP3,3,2,4,2
6677,1,,,0,0,1,,,0,OP3,scripted,OP3,3,2,4,2
6678,0,,,0,0,1,,,0,OP3,scripted,OP3,3,3,4,2
6679,1,,,0,0,1,,,0,OP3,scripted,OP3,3,2,4,2
6680,0,,,0,0,1,,,0,OP3,scripted,OP3,2,3,4,2
6681,1,,,0,0,1,,,0,OP3,scripted,OP3,3,2,4,2
6682,1,,,0,0,1,,,0,OP3,scripted,OP3,3,2,4,2
6683,0,,,0,0,1,,,0,OP3,scripted,OP3,2,3,4,2
6684,1,,,0,0,1,,,0,OP3,scripted,OP3,3,2,4,2
6685,0,,,0,0,1,,,0,OP3,scripted,OP3,2,3,4,2
6686,1,,,0,0,1,,,0,OP3,scripted,OP3,3,2,4,2
6687,1,,,0,0,1,,,0,OP3,scripted,OP3,3,1,4,2
6688,1,,,0,0,1,,,0,OP3,scripted,OP3,3,2,4,2
6689,1,,,0,0,1,,,0,OP3,scripted,OP3,3,2,4,2
6690,1,,,0,0,1,,,0,OP3,scripted,OP3,3,2,4,2
6691,0,,,0,0,1,,,0,OP3,scripted,OP3,3,3,4,2
6692,1,,,0,0,1,,,0,OP3,scripted,OP3,3,2,4,2
6693,1,,,0,0,1,,,0,OP3,scripted,OP3,3,2,4,2
6694,1,,,0,0,1,,,0,OP3,scripted,OP3,3,2,4,2
6695,1,,,0,0,1,,,0,OP3,scripted,OP3,3,2,4,2
6696,0,,,0,0,1,,,0,OP3,scripted,OP3,2,3,4,2
6697,1,,,0,0,1,,,0,OP3,scripted,OP3,3,2,4,2
6698,1,,,0,0,1,,,0,OP3,scripted,OP3,3,2,4,2
6699,0,,,0,0,1,,,0,OP3,scripted,OP3,2,3,4,2
6700,0,,,0,0,1,,,0,OP3,scripted,OP3,2,3,4,2
6701,1,,,0,0,1,,,0,OP3,scripted,OP3,3,2,4,2
6702,1,,,0,0,1,,,0,OP3,scripted,OP3,3,2,4,2
6703,1,,,0,0,1,,,0,OP3,scripted,OP3,3,2,4,2
6704,1,,,0,0,1,,,0,OP3,scripted,OP3,3,2,4,2
6705,1,,,0,0,1,,,0,OP3,scripted,OP3,3,2,4,2
6706,0,,,0,0,1,,,0,OP3,scripted,OP3,3,3,4,2
6707,1,,,0,0,1,,,0,OP3,scripted,OP3,3,2,4,2
6708,1,,,0,0,1,,,0,OP3,scripted,OP3,3,1,4,2
6709,1,,,0,0,1,,,0,OP3,scripted,OP3,3,2,4,2
6710,1,,,0,0,1,,,0,OP3,scripted,OP3,3,2,4,2
6711,1,,,0,0,1,,,0,OP3,scripted,OP3,3,2,4,2
6712,1,,,0,0,1,,,0,OP3,scripted,OP3,3,2,4,2
6713,1,,,0,0,1,,,0,OP3,scripted,OP3,3,2,4,2
6714,0,,,0,0,1,,,0,OP3,scripted,OP3,3,3,4,2
6715,0,,,0,0,1,,,0,OP3,scripted,OP3,2,3,4,2
6716,1,,,0,0,1,,,0,OP3,scripted,OP3,3,2,4,2
6717,0,,,0,0,1,,,0,OP3,scripted,OP3,2,3,4,2
6718,1,,,0,0,1,,,0,OP3,scripted,OP3,3,2,4,2
6719,1,,,0,0,1,,,0,OP3,scripted,OP3,3,2,4,2
6720,0,,,0,0,1,,,0,OP3,scripted,OP3,3,3,4,2
6721,1,,,0,0,1,,,0,OP3,scripted,OP3,3,2,4,2
6722,0,,,0,0,1,,,0,OP3,scripted,OP3,2,3,4,2
6723,1,,,0,0,1,,,0,OP3,scripted,OP3,3,2,4,2
6724,1,,,0,0,1,,,0,OP3,scripted,OP3,3,1,4,2
6725,1,,,0,0,1,,,0,OP3,scripted,OP3,3,2,4,2
6726,1,,,0,0,1,,,0,OP3,scripted,OP3,3,2,4,2
6727,0,,,0,0,1,,,0,OP3,scripted,OP3,2,3,4,2
6728,0,,,0,0,1,,,0,OP3,scripted,OP3,2,3,4,2
6729,1,,,0,0,1,,,0,OP3,scripted,OP3,3,2,4,2
6730,1,,,0,0,1,,,0,OP3,scripted,OP3,3,2,4,2
6731,0,,,0,0,1,,,0,OP3,scripted,OP3,2,3,4,2
6732,1,,,0,0,1,,,0,OP3,scripted,OP3,3,2,4,2
6733,1,,,0,0,1,,,0,OP3,scripted,OP3,3,1,4,2
6734,0,,,0,0,1,,,0,OP3,scripted,OP3,3,3,4,2
6735,1,,,0,0,1,,,0,OP3,scripted,OP3,3,1,4,2
6736,0,,,0,0,1,,,0,OP3,scripted,OP3,3,3,4,2
6737,1,,,0,0,1,,,0,OP3,scripted,OP3,3,2,4,2
6738,1,,,0,0,1,,,0,OP3,scripted,OP3,3,2,4,2
6739,1,,,0,0,1,,,0,OP3,scripted,OP3,3,2,4,2
6740,1,,,0,0,1,,,0,OP3,scripted,OP3,3,1,4,2
6741,1,,,0,0,1,,,0,OP3,scripted,OP3,3,1,4,2
6742,0,,,0,0,1,,,0,OP3,scripted,OP3,2,3,4,2
6743,0,,,0,0,1,,,0,OP3,scripted,OP3,2,3,4,2
6744,0,,,0,0,1,,,0,OP3,scripted,OP3,2,3,4,2
6745,1,,,0,0,1,,,0,OP3,scripted,OP3,3,2,4,2
6746,0,,,0,0,1,,,0,OP3,scripted,OP3,2,3,4,2
6747,0,,,0,0,1,,,0,OP3,scripted,OP3,3,3,4,2
6748,0,,,0,0,1,,,0,OP3,scripted,OP3,2,3,4,2
6749,1,,,0,0,1,,,0,OP3,scripted,OP3,3,2,4,2
6750,0,,,0,0,1,,,0,OP3,scripted,OP3,2,3,4,2
6751,1,,,0,0,1,,,0,OP3,scripted,OP3,3,2,4,2
6752,1,,,0,0,1,,,0,OP3,scripted,OP3,3,2,4,2
6753,1,,,0,0,1,,,0,OP3,scripted,OP3,3,2,4,2
6754,0,,,0,0,1,,,0,OP3,scripted,OP3,2,3,4,2
6755,1,,,0,0,1,,,0,OP3,scripted,OP3,3,2,4,2
6756,0,,,0,0,1,,,0,OP3,scripted,OP3,2,3,4,2
6757,1,,,0,0,1,,,0,OP3,scripted,OP3,3,2,4,2
6758,0,,,0,0,1,,,0,OP3,scripted,OP3,2,3,4,2
6759,0,,,0,0,1,,,0,OP3,scripted,OP3,2,3,4,2
6760,1,,,0,0,1,,,0,OP3,scripted,OP3,3,2,4,2
6761,1,,,0,0,1,,,0,OP3,scripted,OP3,3,2,4,2
6762,1,,,0,0,1,,,0,OP3,scripted,OP3,3,2,4,2
6763,0,,,0,0,1,,,0,OP3,scripted,OP3,3,3,4,2
6764,1,,,0,0,1,,,0,OP3,scripted,OP3,3,2,4,2
6765,1,,,0,0,1,,,0,OP3,scripted,OP3,3,2,4,2
6766,0,,,0,0,1,,,0,OP3,scripted,OP3,3,3,4,2
6767,0,,,0,0,1,,,0,OP3,scripted,OP3,2,3,4,2
6768,0,,,0,0,1,,,0,OP3,scripted,OP3,2,3,4,2
6769,0,,,0,0,1,,,0,OP3,scripted,OP3,2,3,4,2
6770,0,,,0,0,1,,,0,OP3,scripted,OP3,2,3,4,2
6771,1,,,0,0,1,,,0,OP3,scripted,OP3,3,2,4,2
6772,0,,,0,0,1,,,0,OP3,scripted,OP3,3,3,4,2
6773,0,,,0,0,1,,,0,OP3,scripted,OP3,2,3,4,2
6774,1,,,0,0,1,,,0,OP3,scripted,OP3,3,2,4,2
6775,1,,,0,0,1,,,0,OP3,scripted,OP3,3,2,4,2
6776,0,,,0,0,1,,,0,OP3,scripted,OP3,1,3,4,2
6777,0,,,0,0,1,,,0,OP3,scripted,OP3,3,3,4,2
6778,1,,,0,0,1,,,0,OP3,scripted,OP3,3,2,4,2
6779,1,,,0,0,1,,,0,OP3,scripted,OP3,3,2,4,2
6780,0,,,0,0,1,,,0,OP3,scripted,OP3,3,3,4,2
6781,1,,,0,0,1,,,0,OP3,scripted,OP3,3,2,4,2
6782,1,,,0,0,1,,,0,OP3,scripted,OP3,3,2,4,2
6783,0,,,0,0,1,,,0,OP3,scripted,OP3,3,3,4,2
6784,1,,,0,0,1,,,0,OP3,scripted,OP3,3,2,4,2
6785,0,,,0,0,1,,,0,OP3,scripted,OP3,3,3,4,2
6786,1,,,0,0,1,,,0,OP3,scripted,OP3,3,2,4,2
6787,0,,,0,0,1,,,0,OP3,scripted,OP3,2,3,4,2
6788,0,,,0,0,1,,,0,OP3,scripted,OP3,2,3,4,2
6789,1,,,0,0,1,,,0,OP3,scripted,OP3,3,2,4,2
6790,0,,,0,0,1,,,0,OP3,scripted,OP3,2,3,4,2
6791,0,,,0,0,1,,,0,OP3,scripted,OP3,2,3,4,2
6792,0,,,0,0,1,,,0,OP3,scripted,OP3,2,3,4,2
6793,0,,,0,0,1,,,0,OP3,scripted,OP3,2,3,4,2
6794,0,,,0,0,1,,,0,OP3,scripted,OP3,3,3,4,2
6795,0,,,0,0,1,,,0,OP3,scripted,OP3,2,3,4,2
6796,0,,,0,0,1,,,0,OP3,scripted,OP3,1,3,4,2
6797,0,,,0,0,1,,,0,OP3,scripted,OP3,3,3,4,2
6798,0,,,0,0,1,,,0,OP3,scripted,OP3,2,3,4,2
6799,1,,,0,0,1,,,0,OP3,scripted,OP3,3,2,4,2
6800,1,,,0,0,1,,,0,OP3,scripted,OP3,3,2,4,2
6801,0,,,0,0,1,,,0,OP3,scripted,OP3,3,3,4,2
6802,1,,,0,0,1,,,0,OP3,scripted,OP3,3,2,4,2
6803,1,,,0,0,1,,,0,OP3,scripted,OP3,3,2,4,2
6804,1,,,0,0,1,,,0,OP3,scripted,OP3,3,1,4,2
6805,1,,,0,0,1,,,0,OP3,scripted,OP3,3,2,4,2
6806,0,,,0,0,1,,,0,OP3,scripted,OP3,2,3,4,2
6807,0,,,0,0,1,,,0,OP3,scripted,OP3,2,3,4,2
6808,0,,,0,0,1,,,0,OP3,scripted,OP3,2,3,4,2
6809,1,,,0,0,1,,,0,OP3,scripted,OP3,3,2,4,2
6810,0,,,0,0,1,,,0,OP3,scripted,OP3,2,3,4,2
6811,1,,,0,0,1,,,0,OP3,scripted,OP3,3,2,4,2
6812,1,,,0,0,1,,,0,OP3,scripted,OP3,3,2,4,2
6813,1,,,0,0,1,,,0,OP3,scripted,OP3,3,2,4,2
6814,0,,,0,0,1,,,0,OP3,scripted,OP3,3,3,4,2
6815,0,,,0,0,1,,,0,OP3,scripted,OP3,2,3,4,2
6816,0,,,0,0,1,,,0,OP3,scripted,OP3,3,3,4,2
6817,1,,,0,0,1,,,0,OP3,scripted,OP3,3,2,4,2
6818,1,,,0,0,1,,,0,OP3,scripted,OP3,3,2,4,2
6819,1,,,0,0,1,,,0,OP3,scripted,OP3,3,2,4,2
6820,0,,,0,0,1,,,0,OP3,scripted,OP3,2,3,4,2
6821,1,,,0,0,1,,,0,OP3,scripted,OP3,3,2,4,2
6822,0,,,0,0,1,,,0,OP3,scripted,OP3,2,3,4,2
6823,0,,,0,0,1,,,0,OP3,scripted,OP3,2,3,4,2
6824,1,,,0,0,1,,,0,OP3,scripted,OP3,3,1,4,2
6825,1,,,0,0,1,,,0,OP3,scripted,OP3,3,2,4,2
6826,0,,,0,0,1,,,0,OP3,scripted,OP3,2,3,4,2
6827,0,,,0,0,1,,,0,OP3,scripted,OP3,3,3,4,2
6828,1,,,0,0,1,,,0,OP3,scripted,OP3,3,2,4,2
6829,1,,,0,0,1,,,0,OP3,scripted,OP3,3,2,4,2
6830,1,,,0,0,1,,,0,OP3,scripted,OP3,3,2,4,2
6831,0,,,0,0,1,,,0,OP3,scripted,OP3,2,3,4,2
6832,1,,,0,0,1,,,0,OP3,scripted,OP3,3,1,4,2
6833,1,,,0,0,1,,,0,OP3,scripted,OP3,3,2,4,2
6834,0,,,0,0,1,,,0,OP3,scripted,OP3,2,3,4,2
6835,0,,,0,0,1,,,0,OP3,scripted,OP3,3,3,4,2
6836,0,,,0,0,1,,,0,OP3,scripted,OP3,2,3,4,2
6837,0,,,0,0,1,,,0,OP3,scripted,OP3,3,3,4,2
6838,0,,,0,0,1,,,0,OP3,scripted,OP3,3,3,4,2
6839,1,,,0,0,1,,,0,OP3,scripted,OP3,3,2,4,2
6840,1,,,0,0,1,,,0,OP3,scripted,OP3,3,2,4,2
6841,1,,,0,0,1,,,0,OP3,scripted,OP3,3,2,4,2
6842,1,,,0,0,1,,,0,OP3,scripted,OP3,3,2,4,2
6843,1,,,0,0,1,,,0,OP3,scripted,OP3,3,2,4,2
6844,0,,,0,0,1,,,0,OP3,scripted,OP3,2,3,4,2
6845,1,,,0,0,1,,,0,OP3,scripted,OP3,3,2,4,2
6846,0,,,0,0,1,,,0,OP3,scripted,OP3,2,3,4,2
6847,1,,,0,0,1,,,0,OP3,scripted,OP3,3,2,4,2
6848,0,,,0,0,1,,,0,OP3,scripted,OP3,3,3,4,2
6849,0,,,0,0,1,,,0,OP3,scripted,OP3,2,3,4,2
6850,1,,,0,0,1,,,0,OP3,scripted,OP3,3,2,4,2
6851,0,,,0,0,1,,,0,OP3,scripted,OP3,2,3,4,2
6852,1,,,0,0,1,,,0,OP3,scripted,OP3,3,2,4,2
6853,0,,,0,0,1,,,0,OP3,scripted,OP3,2,3,4,2
6854,1,,,0,0,1,,,0,OP3,scripted,OP3,3,2,4,2
6855,0,,,0,0,1,,,0,OP3,scripted,OP3,2,3,4,2
6856,1,,,0,0,1,,,0,OP3,scripted,OP3,3,2,4,2
6857,1,,,0,0,1,,,0,OP3,scripted,OP3,3,2,4,2
6858,1,,,0,0,1,,,0,OP3,scripted,OP3,3,2,4,2
6859,1,,,0,0,1,,,0,OP3,scripted,OP3,3,2,4,2
6860,0,,,0,0,1,,,0,OP3,scripted,OP3,2,3,4,2
6861,0,,,0,0,1,,,0,OP3,scripted,OP3,2,3,4,2
6862,1,,,0,0,1,,,0,OP3,scripted,OP3,3,2,4,2
6863,0,,,0,0,1,,,0,OP3,scripted,OP3,3,3,4,2
6864,1,,,0,0,1,,,0,OP3,scripted,OP3,3,1,4,2
6865,1,,,0,0,1,,,0,OP3,scripted,OP3,3,2,4,2
6866,1,,,0,0,1,,,0,OP3,scripted,OP3,3,2,4,2
6867,1,,,0,0,1,,,0,OP3,scripted,OP3,3,2,4,2
6868,0,,,0,0,1,,,0,OP3,scripted,OP3,2,3,4,2
6869,1,,,0,0,1,,,0,OP3,scripted,OP3,3,2,4,2
6870,0,,,0,0,1,,,0,OP3,scripted,OP3,3,3,4,2
6871,0,,,0,0,1,,,0,OP3,scripted,OP3,3,3,4,2
6872,0,,,0,0,1,,,0,OP3,scripted,OP3,3,3,4,2
6873,1,,,0,0,1,,,0,OP3,scripted,OP3,3,2,4,2
6874,0,,,0,0,1,,,0,OP3,scripted,OP3,2,3,4,2
6875,0,,,0,0,1,,,0,OP3,scripted,OP3,3,3,4,2
6876,1,,,0,0,1,,,0,OP3,scripted,OP3,3,2,4,2
6877,1,,,0,0,1,,,0,OP3,scripted,OP3,3,1,4,2
6878,1,,,0,0,1,,,0,OP3,scripted,OP3,3,1,4,2
6879,1,,,0,0,1,,,0,OP3,scripted,OP3,3,2,4,2
6880,0,,,0,0,1,,,0,OP3,scripted,OP3,1,3,4,2
6881,0,,,0,0,1,,,0,OP3,scripted,OP3,2,3,4,2
6882,1,,,0,0,1,,,0,OP3,scripted,OP3,3,2,4,2
6883,0,,,0,0,1,,,0,OP3,scripted,OP3,2,3,4,2
6884,1,,,0,0,1,,,0,OP3,scripted,OP3,3,1,4,2
6885,0,,,0,0,1,,,0,OP3,scripted,OP3,3,3,4,2
6886,1,,,0,0,1,,,0,OP3,scripted,OP3,3,2,4,2
6887,0,,,0,0,1,,,0,OP3,scripted,OP3,2,3,4,2
6888,1,,,0,0,1,,,0,OP3,scripted,OP3,3,2,4,2
6889,1,,,0,0,1,,,0,OP3,scripted,OP3,3,2,4,2
6890,1,,,0,0,1,,,0,OP3,scripted,OP3,3,2,4,2
6891,0,,,0,0,1,,,0,OP3,scripted,OP3,2,3,4,2
6892,1,,,0,0,1,,,0,OP3,scripted,OP3,3,2,4,2
6893,1,,,0,0,1,,,0,OP3,scripted,OP3,3,1,4,2
6894,0,,,0,0,1,,,0,OP3,scripted,OP3,2,3,4,2
6895,0,,,0,0,1,,,0,OP3,scripted,OP3,2,3,4,2
6896,0,,,0,0,1,,,0,OP3,scripted,OP3,2,3,4,2
6897,1,,,0,0,1,,,0,OP3,scripted,OP3,3,2,4,2
6898,1,,,0,0,1,,,0,OP3,scripted,OP3,3,2,4,2
6899,0,,,0,0,1,,,0,OP3,scripted,OP3,1,3,4,2
6900,1,,,0,0,1,,,0,OP3,scripted,OP3,3,2,4,2
6901,0,,,0,0,1,,,0,OP3,scripted,OP3,2,3,4,2
6902,1,,,0,0,1,,,0,OP3,scripted,OP3,3,2,4,2
6903,0,,,0,0,1,,,0,OP3,scripted,OP3,3,3,4,2
6904,1,,,0,0,1,,,0,OP3,scripted,OP3,3,1,4,2
6905,1,,,0,0,1,,,0,OP3,scripted,OP3,3,2,4,2
6906,1,,,0,0,1,,,0,OP3,scripted,OP3,3,2,4,2
6907,1,,,0,0,1,,,0,OP3,scripted,OP3,3,2,4,2
6908,0,,,0,0,1,,,0,OP3,scripted,OP3,2,3,4,2
6909,0,,,0,0,1,,,0,OP3,scripted,OP3,2,3,4,2
6910,1,,,0,0,1,,,0,OP3,scripted,OP3,3,2,4,2
6911,1,,,0,0,1,,,0,OP3,scripted,OP3,3,2,4,2
6912,1,,,0,0,1,,,0,OP3,scripted,OP3,3,1,4,2
6913,0,,,0,0,1,,,0,OP3,scripted,OP3,2,3,4,2
6914,0,,,0,0,1,,,0,OP3,scripted,OP3,3,3,4,2
6915,0,,,0,0,1,,,0,OP3,scripted,OP3,2,3,4,2
6916,0,,,0,0,1,,,0,OP3,scripted,OP3,2,3,4,2
6917,1,,,0,0,1,,,0,OP3,scripted,OP3,3,2,4,2
6918,0,,,0,0,1,,,0,OP3,scripted,OP3,2,3,4,2
6919,1,,,0,0,1,,,0,OP3,scripted,OP3,3,2,4,2
6920,0,,,0,0,1,,,0,OP3,scripted,OP3,3,3,4,2
6921,1,,,0,0,1,,,0,OP3,scripted,OP3,3,2,4,2
6922,1,,,0,0,1,,,0,OP3,scripted,OP3,3,2,4,2
6923,0,,,0,0,1,,,0,OP3,scripted,OP3,3,3,4,2
6924,1,,,0,0,1,,,0,OP3,scripted,OP3,3,2,4,2
6925,1,,,0,0,1,,,0,OP3,scripted,OP3,3,2,4,2
6926,1,,,0,0,1,,,0,OP3,scripted,OP3,3,2,4,2
6927,1,,,0,0,1,,,0,OP3,scripted,OP3,3,2,4,2
6928,1,,,0,0,1,,,0,OP3,scripted,OP3,3,2,4,2
6929,0,,,0,0,1,,,0,OP3,scripted,OP3,2,3,4,2
6930,1,,,0,0,1,,,0,OP3,scripted,OP3,3,2,4,2
6931,1,,,0,0,1,,,0,OP3,scripted,OP3,3,2,4,2
6932,0,,,0,0,1,,,0,OP3,scripted,OP3,2,3,4,2
6933,0,,,0,0,1,,,0,OP3,scripted,OP3,2,3,4,2
6934,0,,,0,0,1,,,0,OP3,scripted,OP3,2,3,4,2
6935,1,,,0,0,1,,,0,OP3,scripted,OP3,3,2,4,2
6936,1,,,0,0,1,,,0,OP3,scripted,OP3,3,2,4,2
6937,1,,,0,0,1,,,0,OP3,scripted,OP3,3,2,4,2
6938,0,,,0,0,1,,,0,OP3,scripted,OP3,2,3,4,2
6939,1,,,0,0,1,,,0,OP3,scripted,OP3,3,2,4,2
6940,1,,,0,0,1,,,0,OP3,scripted,OP3,3,2,4,2
6941,0,,,0,0,1,,,0,OP3,scripted,OP3,2,3,4,2
6942,0,,,0,0,1,,,0,OP3,scripted,OP3,3,3,4,2
6943,1,,,0,0,1,,,0,OP3,scripted,OP3,3,2,4,2
6944,1,,,0,0,1,,,0,OP3,scripted,OP3,3,2,4,2
6945,0,,,0,0,1,,,0,OP3,scripted,OP3,3,3,4,2
6946,1,,,0,0,1,,,0,OP3,scripted,OP3,3,2,4,2
6947,0,,,0,0,1,,,0,OP3,scripted,OP3,2,3,4,2
6948,1,,,0,0,1,,,0,OP3,scripted,OP3,3,1,4,2
6949,0,,,0,0,1,,,0,OP3,scripted,OP3,3,3,4,2
6950,1,,,0,0,1,,,0,OP3,scripted,OP3,3,2,4,2
6951,0,,,0,0,1,,,0,OP3,scripted,OP3,2,3,4,2
6952,0,,,0,0,1,,,0,OP3,scripted,OP3,2,3,4,2
6953,1,,,0,0,1,,,0,OP3,scripted,OP3,3,2,4,2
6954,0,,,0,0,1,,,0,OP3,scripted,OP3,3,3,4,2
6955,0,,,0,0,1,,,0,OP3,scripted,OP3,2,3,4,2
6956,1,,,0,0,1,,,0,OP3,scripted,OP3,3,2,4,2
6957,1,,,0,0,1,,,0,OP3,scripted,OP3,3,2,4,2
6958,1,,,0,0,1,,,0,OP3,scripted,OP3,3,2,4,2
6959,1,,,0,0,1,,,0,OP3,scripted,OP3,3,2,4,2
6960,1,,,0,0,1,,,0,OP3,scripted,OP3,3,2,4,2
6961,0,,,0,0,1,,,0,OP3,scripted,OP3,3,3,4,2
6962,0,,,0,0,1,,,0,OP3,scripted,OP3,2,3,4,2
6963,1,,,0,0,1,,,0,OP3,scripted,OP3,3,1,4,2
6964,1,,,0,0,1,,,0,OP3,scripted,OP3,3,2,4,2
6965,1,,,0,0,1,,,0,OP3,scripted,OP3,3,1,4,2
6966,1,,,0,0,1,,,0,OP3,scripted,OP3,3,2,4,2
6967,0,,,0,0,1,,,0,OP3,scripted,OP3,3,3,4,2
6968,0,,,0,0,1,,,0,OP3,scripted,OP3,3,3,4,2
6969,1,,,0,0,1,,,0,OP3,scripted,OP3,3,2,4,2
6970,1,,,0,0,1,,,0,OP3,scripted,OP3,3,2,4,2
6971,0,,,0,0,1,,,0,OP3,scripted,OP3,2,3,4,2
6972,1,,,0,0,1,,,0,OP3,scripted,OP3,3,2,4,2
6973,1,,,0,0,1,,,0,OP3,scripted,OP3,3,2,4,2
6974,1,,,0,0,1,,,0,OP3,scripted,OP3,3,2,4,2
6975,0,,,0,0,1,,,0,OP3,scripted,OP3,2,3,4,2
6976,0,,,0,0,1,,,0,OP3,scripted,OP3,2,3,4,2
6977,1,,,0,0,1,,,0,OP3,scripted,OP3,3,1,4,2
6978,1,,,0,0,1,,,0,OP3,scripted,OP3,3,2,4,2
6979,1,,,0,0,1,,,0,OP3,scripted,OP3,3,2,4,2
6980,1,,,0,0,1,,,0,OP3,scripted,OP3,3,2,4,2
6981,0,,,0,0,1,,,0,OP3,scripted,OP3,2,3,4,2
6982,1,,,0,0,1,,,0,OP3,scripted,OP3,3,1,4,2
6983,0,,,0,0,1,,,0,OP3,scripted,OP3,2,3,4,2
6984,1,,,0,0,1,,,0,OP3,scripted,OP3,3,2,4,2
6985,0,,,0,0,1,,,0,OP3,scripted,OP3,3,3,4,2
6986,0,,,0,0,1,,,0,OP3,scripted,OP3,2,3,4,2
6987,1,,,0,0,1,,,0,OP3,scripted,OP3,3,2,4,2
6988,0,,,0,0,1,,,0,OP3,scripted,OP3,3,3,4,2
6989,1,,,0,0,1,,,0,OP3,scripted,OP3,3,2,4,2
6990,0,,,0,0,1,,,0,OP3,scripted,OP3,3,3,4,2
6991,0,,,0,0,1,,,0,OP3,scripted,OP3,1,3,4,2
6992,1,,,0,0,1,,,0,OP3,scripted,OP3,3,2,4,2
6993,0,,,0,0,1,,,0,OP3,scripted,OP3,2,3,4,2
6994,1,,,0,0,1,,,0,OP3,scripted,OP3,3,2,4,2
6995,0,,,0,0,1,,,0,OP3,scripted,OP3,2,3,4,2
6996,1,,,0,0,1,,,0,OP3,scripted,OP3,3,2,4,2
6997,1,,,0,0,1,,,0,OP3,scripted,OP3,3,2,4,2
6998,0,,,0,0,1,,,0,OP3,scripted,OP3,2,3,4,2
6999,0,,,0,0,1,,,0,OP3,scripted,OP3,2,3,4,2
7000,0,,,0,0,1,,,0,OP3,scripted,OP3,2,3,4,2
7001,1,,,0,0,1,,,0,OP3,scripted,OP3,3,2,4,2
7002,1,,,0,0,1,,,0,OP3,scripted,OP3,3,2,4,2
7003,1,,,0,0,1,,,0,OP3,scripted,OP3,3,2,4,2
7004,0,,,0,0,1,,,0,OP3,scripted,OP3,2,3,4,2
7005,1,,,0,0,1,,,0,OP3,scripted,OP3,3,2,4,2
7006,1,,,0,0,1,,,0,OP3,scripted,OP3,3,1,4,2
7007,0,,,0,0,1,,,0,OP3,scripted,OP3,3,3,4,2
7008,1,,,0,0,1,,,0,OP3,scripted,OP3,3,1,4,2
7009,0,,,0,0,1,,,0,OP3,scripted,OP3,2,3,4,2
7010,0,,,0,0,1,,,0,OP3,scripted,OP3,3,3,4,2
7011,0,,,0,0,1,,,0,OP3,scripted,OP3,3,3,4,2
7012,0,,,0,0,1,,,0,OP3,scripted,OP3,2,3,4,2
7013,0,,,0,0,1,,,0,OP3,scripted,OP3,2,3,4,2
7014,0,,,0,0,1,,,0,OP3,scripted,OP3,3,3,4,2
7015,1,,,0,0,1,,,0,OP3,scripted,OP3,3,1,4,2
7016,1,,,0,0,1,,,0,OP3,scripted,OP3,3,2,4,2
7017,1,,,0,0,1,,,0,OP3,scripted,OP3,3,2,4,2
7018,1,,,0,0,1,,,0,OP3,scripted,OP3,3,1,4,2
7019,1,,,0,0,1,,,0,OP3,scripted,OP3,3,2,4,2
7020,1,,,0,0,1,,,0,OP3,scripted,OP3,3,2,4,2
7021,0,,,0,0,1,,,0,OP3,scripted,OP3,2,3,4,2
7022,0,,,0,0,1,,,0,OP3,scripted,OP3,2,3,4,2
7023,0,,,0,0,1,,,0,OP3,scripted,OP3,2,3,4,2
7024,1,,,0,0,1,,,0,OP3,scripted,OP3,3,2,4,2
7025,1,,,0,0,1,,,0,OP3,scripted,OP3,3,2,4,2
7026,1,,,0,0,1,,,0,OP3,scripted,OP3,3,1,4,2
7027,1,,,0,0,1,,,0,OP3,scripted,OP3,3,2,4,2
7028,1,,,0,0,1,,,0,OP3,scripted,OP3,3,2,4,2
7029,0,,,0,0,1,,,0,OP3,scripted,OP3,1,3,4,2
7030,0,,,0,0,1,,,0,OP3,scripted,OP3,3,3,4,2
7031,1,,,0,0,1,,,0,OP3,scripted,OP3,3,2,4,2
7032,0,,,0,0,1,,,0,OP3,scripted,OP3,2,3,4,2
7033,1,,,0,0,1,,,0,OP3,scripted,OP3,3,1,4,2
7034,0,,,0,0,1,,,0,OP3,scripted,OP3,1,3,4,2
7035,1,,,0,0,1,,,0,OP3,scripted,OP3,3,2,4,2
7036,1,,,0,0,1,,,0,OP3,scripted,OP3,3,2,4,2
7037,0,,,0,0,1,,,0,OP3,scripted,OP3,3,3,4,2
7038,0,,,0,0,1,,,0,OP3,scripted,OP3,2,3,4,2
7039,0,,,0,0,1,,,0,OP3,scripted,OP3,2,3,4,2
7040,0,,,0,0,1,,,0,OP3,scripted,OP3,2,3,4,2
7041,0,,,0,0,1,,,0,OP3,scripted,OP3,2,3,4,2
7042,1,,,0,0,1,,,0,OP3,scripted,OP3,3,2,4,2
7043,0,,,0,0,1,,,0,OP3,scripted,OP3,2,3,4,2
7044,0,,,0,0,1,,,0,OP3,scripted,OP3,1,3,4,2
7045,1,,,0,0,1,,,0,OP3,scripted,OP3,3,2,4,2
7046,0,,,0,0,1,,,0,OP3,scripted,OP3,2,3,4,2
7047,1,,,0,0,1,,,0,OP3,scripted,OP3,3,2,4,2
7048,0,,,0,0,1,,,0,OP3,scripted,OP3,3,3,4,2
7049,1,,,0,0,1,,,0,OP3,scripted,OP3,3,2,4,2
7050,0,,,0,0,1,,,0,OP3,scripted,OP3,1,3,4,2
7051,1,,,0,0,1,,,0,OP3,scripted,OP3,3,1,4,2
7052,1,,,0,0,1,,,0,OP3,scripted,OP3,3,2,4,2
7053,1,,,0,0,1,,,0,OP3,scripted,OP3,3,2,4,2
7054,1,,,0,0,1,,,0,OP3,scripted,OP3,3,2,4,2
7055,0,,,0,0,1,,,0,OP3,scripted,OP3,3,3,4,2
7056,1,,,0,0,1,,,0,OP3,scripted,OP3,3,2,4,2
7057,1,,,0,0,1,,,0,OP3,scripted,OP3,3,2,4,2
7058,0,,,0,0,1,,,0,OP3,scripted,OP3,2,3,4,2
7059,1,,,0,0,1,,,0,OP3,scripted,OP3,3,2,4,2
7060,1,,,0,0,1,,,0,OP3,scripted,OP3,3,2,4,2
7061,0,,,0,0,1,,,0,OP3,scripted,OP3,2,3,4,2
7062,0,,,0,0,1,,,0,OP3,scripted,OP3,2,3,4,2
7063,1,,,0,0,1,,,0,OP3,scripted,OP3,3,2,4,2
7064,1,,,0,0,1,,,0,OP3,scripted,OP3,3,2,4,2
7065,1,,,0,0,1,,,0,OP3,scripted,OP3,3,2,4,2
7066,0,,,0,0,1,,,0,OP3,scripted,OP3,3,3,4,2
7067,1,,,0,0,1,,,0,OP3,scripted,OP3,3,2,4,2
7068,1,,,0,0,1,,,0,OP3,scripted,OP3,3,2,4,2
7069,0,,,0,0,1,,,0,OP3,scripted,OP3,2,3,4,2
7070,1,,,0,0,1,,,0,OP3,scripted,OP3,3,2,4,2
7071,0,,,0,0,1,,,0,OP3,scripted,OP3,3,3,4,2
7072,1,,,0,0,1,,,0,OP3,scripted,OP3,3,2,4,2
7073,0,,,0,0,1,,,0,OP3,scripted,OP3,2,3,4,2
7074,0,,,0,0,1,,,0,OP3,scripted,OP3,2,3,4,2
7075,1,,,0,0,1,,,0,OP3,scripted,OP3,3,2,4,2
7076,0,,,0,0,1,,,0,OP3,scripted,OP3,2,3,4,2
7077,1,,,0,0,1,,,0,OP3,scripted,OP3,3,2,4,2
7078,1,,,0,0,1,,,0,OP3,scripted,OP3,3,2,4,2
7079,1,,,0,0,1,,,0,OP3,scripted,OP3,3,2,4,2
7080,1,,,0,0,1,,,0,OP3,scripted,OP3,3,2,4,2
7081,0,,,0,0,1,,,0,OP3,scripted,OP3,3,3,4,2
7082,0,,,0,0,1,,,0,OP3,scripted,OP3,2,3,4,2
7083,1,,,0,0,1,,,0,OP3,scripted,OP3,3,2,4,2
7084,0,,,0,0,1,,,0,OP3,scripted,OP3,2,3,4,2
7085,1,,,0,0,1,,,0,OP3,scripted,OP3,3,2,4,2
7086,1,,,0,0,1,,,0,OP3,scripted,OP3,3,1,4,2
7087,1,,,0,0,1,,,0,OP3,scripted,OP3,3,2,4,2
7088,1,,,0,0,1,,,0,OP3,scripted,OP3,3,1,4,2
7089,1,,,0,0,1,,,0,OP3,scripted,OP3,3,2,4,2
7090,1,,,0,0,1,,,0,OP3,scripted,OP3,3,2,4,2
7091,1,,,0,0,1,,,0,OP3,scripted,OP3,3,2,4,2
7092,1,,,0,0,1,,,0,OP3,scripted,OP3,3,2,4,2
7093,1,,,0,0,1,,,0,OP3,scripted,OP3,3,2,4,2
7094,1,,,0,0,1,,,0,OP3,scripted,OP3,3,2,4,2
7095,1,,,0,0,1,,,0,OP3,scripted,OP3,3,2,4,2
7096,1,,,0,0,1,,,0,OP3,scripted,OP3,3,2,4,2
7097,1,,,0,0,1,,,0,OP3,scripted,OP3,3,2,4,2
7098,1,,,0,0,1,,,0,OP3,scripted,OP3,3,2,4,2
7099,1,,,0,0,1,,,0,OP3,scripted,OP3,3,2,4,2
7100,0,,,0,0,1,,,0,OP3,scripted,OP3,3,3,4,2
7101,1,,,0,0,1,,,0,OP3,scripted,OP3,3,2,4,2
7102,0,,,0,0,1,,,0,OP3,scripted,OP3,2,3,4,2
7103,0,,,0,0,1,,,0,OP3,scripted,OP3,2,3,4,2
7104,1,,,0,0,1,,,0,OP3,scripted,OP3,3,2,4,2
7105,0,,,0,0,1,,,0,OP3,scripted,OP3,2,3,4,2
7106,0,,,0,0,1,,,0,OP3,scripted,OP3,2,3,4,2
7107,0,,,0,0,1,,,0,OP3,scripted,OP3,3,3,4,2
7108,1,,,0,0,1,,,0,OP3,scripted,OP3,3,2,4,2
7109,0,,,0,0,1,,,0,OP3,scripted,OP3,2,3,4,2
7110,0,,,0,0,1,,,0,OP3,scripted,OP3,2,3,4,2
7111,0,,,0,0,1,,,0,OP3,scripted,OP3,3,3,4,2
7112,1,,,0,0,1,,,0,OP3,scripted,OP3,3,2,4,2
7113,0,,,0,0,1,,,0,OP3,scripted,OP3,2,3,4,2
7114,0,,,0,0,1,,,0,OP3,scripted,OP3,2,3,4,2
7115,0,,,0,0,1,,,0,OP3,scripted,OP3,2,3,4,2
7116,0,,,0,0,1,,,0,OP3,scripted,OP3,2,3,4,2
7117,1,,,0,0,1,,,0,OP3,scripted,OP3,3,1,4,2
7118,0,,,0,0,1,,,0,OP3,scripted,OP3,2,3,4,2
7119,0,,,0,0,1,,,0,OP3,scripted,OP3,3,3,4,2
7120,1,,,0,0,1,,,0,OP3,scripted,OP3,3,2,4,2
7121,0,,,0,0,1,,,0,OP3,scripted,OP3,2,3,4,2
7122,1,,,0,0,1,,,0,OP3,scripted,OP3,3,2,4,2
7123,1,,,0,0,1,,,0,OP3,scripted,OP3,3,2,4,2
7124,0,,,0,0,1,,,0,OP3,scripted,OP3,2,3,4,2
7125,0,,,0,0,1,,,0,OP3,scripted,OP3,2,3,4,2
7126,0,,,0,0,1,,,0,OP3,scripted,OP3,3,3,4,2
7127,1,,,0,0,1,,,0,OP3,scripted,OP3,3,2,4,2
7128,1,,,0,0,1,,,0,OP3,scripted,OP3,3,2,4,2
7129,0,,,0,0,1,,,0,OP3,scripted,OP3,3,3,4,2
7130,0,,,0,0,1,,,0,OP3,scripted,OP3,3,3,4,2
7131,1,,,0,0,1,,,0,OP3,scripted,OP3,3,2,4,2
7132,0,,,0,0,1,,,0,OP3,scripted,OP3,2,3,4,2
7133,0,,,0,0,1,,,0,OP3,scripted,OP3,2,3,4,2
7134,1,,,0,0,1,,,0,OP3,scripted,OP3,3,2,4,2
7135,0,,,0,0,1,,,0,OP3,scripted,OP3,2,3,4,2
7136,1,,,0,0,1,,,0,OP3,scripted,OP3,3,1,4,2
7137,1,,,0,0,1,,,0,OP3,scripted,OP3,3,2,4,2
7138,1,,,0,0,1,,,0,OP3,scripted,OP3,3,2,4,2
7139,1,,,0,0,1,,,0,OP3,scripted,OP3,3,2,4,2
7140,1,,,0,0,1,,,0,OP3,scripted,OP3,3,1,4,2
7141,0,,,0,0,1,,,0,OP3,scripted,OP3,2,3,4,2
7142,1,,,0,0,1,,,0,OP3,scripted,OP3,3,2,4,2
7143,0,,,0,0,1,,,0,OP3,scripted,OP3,2,3,4,2
7144,1,,,0,0,1,,,0,OP3,scripted,OP3,3,2,4,2
7145,1,,,0,0,1,,,0,OP3,scripted,OP3,3,2,4,2
7146,0,,,0,0,1,,,0,OP3,scripted,OP3,3,3,4,2
7147,1,,,0,0,1,,,0,OP3,scripted,OP3,3,2,4,2
7148,0,,,0,0,1,,,0,OP3,scripted,OP3,3,3,4,2
7149,1,,,0,0,1,,,0,OP3,scripted,OP3,3,2,4,2
7150,1,,,0,0,1,,,0,OP3,scripted,OP3,3,2,4,2
7151,0,,,0,0,1,,,0,OP3,scripted,OP3,2,3,4,2
7152,0,,,0,0,1,,,0,OP3,scripted,OP3,3,3,4,2
7153,1,,,0,0,1,,,0,OP3,scripted,OP3,3,1,4,2
7154,0,,,0,0,1,,,0,OP3,scripted,OP3,2,3,4,2
7155,1,,,0,0,1,,,0,OP3,scripted,OP3,3,1,4,2
7156,1,,,0,0,1,,,0,OP3,scripted,OP3,3,2,4,2
7157,1,,,0,0,1,,,0,OP3,scripted,OP3,3,2,4,2
7158,0,,,0,0,1,,,0,OP3,scripted,OP3,2,3,4,2
7159,1,,,0,0,1,,,0,OP3,scripted,OP3,3,2,4,2
7160,0,,,0,0,1,,,0,OP3,scripted,OP3,2,3,4,2
7161,1,,,0,0,1,,,0,OP3,scripted,OP3,3,2,4,2
7162,1,,,0,0,1,,,0,OP3,scripted,OP3,3,2,4,2
7163,0,,,0,0,1,,,0,OP3,scripted,OP3,3,3,4,2
7164,1,,,0,0,1,,,0,OP3,scripted,OP3,3,2,4,2
7165,1,,,0,0,1,,,0,OP3,scripted,OP3,3,2,4,2
7166,0,,,0,0,1,,,0,OP3,scripted,OP3,2,3,4,2
7167,1,,,0,0,1,,,0,OP3,scripted,OP3,3,2,4,2
7168,1,,,0,0,1,,,0,OP3,scripted,OP3,3,2,4,2
7169,1,,,0,0,1,,,0,OP3,scripted,OP3,3,1,4,2
7170,1,,,0,0,1,,,0,OP3,scripted,OP3,3,2,4,2
7171,1,,,0,0,1,,,0,OP3,scripted,OP3,3,2,4,2
7172,0,,,0,0,1,,,0,OP3,scripted,OP3,2,3,4,2
7173,0,,,0,0,1,,,0,OP3,scripted,OP3,2,3,4,2
7174,1,,,0,0,1,,,0,OP3,scripted,OP3,3,2,4,2
7175,1,,,0,0,1,,,0,OP3,scripted,OP3,3,2,4,2
7176,0,,,0,0,1,,,0,OP3,scripted,OP3,3,3,4,2
7177,1,,,0,0,1,,,0,OP3,scripted,OP3,3,2,4,2
7178,0,,,0,0,1,,,0,OP3,scripted,OP3,3,3,4,2
7179,1,,,0,0,1,,,0,OP3,scripted,OP3,3,2,4,2
7180,0,,,0,0,1,,,0,OP3,scripted,OP3,3,3,4,2
7181,0,,,0,0,1,,,0,OP3,scripted,OP3,3,3,4,2
7182,1,,,0,0,1,,,0,OP3,scripted,OP3,3,2,4,2
7183,1,,,0,0,1,,,0,OP3,scripted,OP3,3,2,4,2
7184,0,,,0,0,1,,,0,OP3,scripted,OP3,2,3,4,2
7185,1,,,0,0,1,,,0,OP3,scripted,OP3,3,2,4,2
7186,0,,,0,0,1,,,0,OP3,scripted,OP3,3,3,4,2
7187,1,,,0,0,1,,,0,OP3,scripted,OP3,3,2,4,2
7188,0,,,0,0,1,,,0,OP3,scripted,OP3,2,3,4,2
7189,1,,,0,0,1,,,0,OP3,scripted,OP3,3,2,4,2
7190,0,,,0,0,1,,,0,OP3,scripted,OP3,2,3,4,2
7191,0,,,0,0,1,,,0,OP3,scripted,OP3,2,3,4,2
7192,0,,,0,0,1,,,0,OP3,scripted,OP3,3,3,4,2
7193,0,,,0,0,1,,,0,OP3,scripted,OP3,2,3,4,2
7194,1,,,0,0,1,,,0,OP3,scripted,OP3,3,2,4,2
7195,0,,,0,0,1,,,0,OP3,scripted,OP3,2,3,4,2
7196,1,,,0,0,1,,,0,OP3,scripted,OP3,3,2,4,2
7197,0,,,0,0,1,,,0,OP3,scripted,OP3,2,3,4,2
7198,0,,,0,0,1,,,0,OP3,scripted,OP3,3,3,4,2
7199,1,,,0,0,1,,,0,OP3,scripted,OP3,3,2,4,2
7200,1,,,0,0,1,,,0,OP3,scripted,OP3,3,2,4,2
7201,0,,,0,0,1,,,0,OP3,scripted,OP3,2,3,4,2
7202,0,,,0,0,1,,,0,OP3,scripted,OP3,2,3,4,2
7203,0,,,0,0,1,,,0,OP3,scripted,OP3,2,3,4,2
7204,1,,,0,0,1,,,0,OP3,scripted,OP3,3,2,4,2
7205,0,,,0,0,1,,,0,OP3,scripted,OP3,2,3,4,2
7206,0,,,0,0,1,,,0,OP3,scripted,OP3,3,3,4,2
7207,0,,,0,0,1,,,0,OP3,scripted,OP3,2,3,4,2
7208,1,,,0,0,1,,,0,OP3,scripted,OP3,3,2,4,2
7209,0,,,0,0,1,,,0,OP3,scripted,OP3,3,3,4,2
7210,0,,,0,0,1,,,0,OP3,scripted,OP3,2,3,4,2
7211,1,,,0,0,1,,,0,OP3,scripted,OP3,3,2,4,2
7212,0,,,0,0,1,,,0,OP3,scripted,OP3,3,3,4,2
7213,0,,,0,0,1,,,0,OP3,scripted,OP3,3,3,4,2
7214,1,,,0,0,1,,,0,OP3,scripted,OP3,3,2,4,2
7215,1,,,0,0,1,,,0,OP3,scripted,OP3,3,2,4,2
7216,1,,,0,0,1,,,0,OP3,scripted,OP3,3,2,4,2
7217,0,,,0,0,1,,,0,OP3,scripted,OP3,2,3,4,2
7218,0,,,0,0,1,,,0,OP3,scripted,OP3,2,3,4,2
7219,0,,,0,0,1,,,0,OP3,scripted,OP3,2,3,4,2
7220,1,,,0,0,1,,,0,OP3,scripted,OP3,3,2,4,2
7221,1,,,0,0,1,,,0,OP3,scripted,OP3,3,2,4,2
7222,1,,,0,0,1,,,0,OP3,scripted,OP3,3,2,4,2
7223,1,,,0,0,1,,,0,OP3,scripted,OP3,3,2,4,2
7224,1,,,0,0,1,,,0,OP3,scripted,OP3,3,2,4,2
7225,1,,,0,0,1,,,0,OP3,scripted,OP3,3,2,4,2
7226,0,,,0,0,1,,,0,OP3,scripted,OP3,2,3,4,2
7227,0,,,0,0,1,,,0,OP3,scripted,OP3,3,3,4,2
7228,0,,,0,0,1,,,0,OP3,scripted,OP3,3,3,4,2
7229,1,,,0,0,1,,,0,OP3,scripted,OP3,3,1,4,2
7230,1,,,0,0,1,,,0,OP3,scripted,OP3,3,2,4,2
7231,1,,,0,0,1,,,0,OP3,scripted,OP3,3,2,4,2
7232,0,,,0,0,1,,,0,OP3,scripted,OP3,3,3,4,2
7233,0,,,0,0,1,,,0,OP3,scripted,OP3,2,3,4,2
7234,1,,,0,0,1,,,0,OP3,scripted,OP3,3,2,4,2
7235,0,,,0,0,1,,,0,OP3,scripted,OP3,3,3,4,2
7236,0,,,0,0,1,,,0,OP3,scripted,OP3,3,3,4,2
7237,0,,,0,0,1,,,0,OP3,scripted,OP3,2,3,4,2
7238,1,,,0,0,1,,,0,OP3,scripted,OP3,3,2,4,2
7239,0,,,0,0,1,,,0,OP3,scripted,OP3,2,3,4,2
7240,1,,,0,0,1,,,0,OP3,scripted,OP3,3,2,4,2
7241,0,,,0,0,1,,,0,OP3,scripted,OP3,3,3,4,2
7242,1,,,0,0,1,,,0,OP3,scripted,OP3,3,2,4,2
7243,1,,,0,0,1,,,0,OP3,scripted,OP3,3,2,4,2
7244,1,,,0,0,1,,,0,OP3,scripted,OP3,3,2,4,2
7245,1,,,0,0,1,,,0,OP3,scripted,OP3,3,1,4,2
7246,0,,,0,0,1,,,0,OP3,scripted,OP3,1,3,4,2
7247,1,,,0,0,1,,,0,OP3,scripted,OP3,3,2,4,2
7248,0,,,0,0,1,,,0,OP3,scripted,OP3,3,3,4,2
7249,0,,,0,0,1,,,0,OP3,scripted,OP3,2,3,4,2
7250,1,,,0,0,1,,,0,OP3,scripted,OP3,3,2,4,2
7251,1,,,0,0,1,,,0,OP3,scripted,OP3,3,1,4,2
7252,1,,,0,0,1,,,0,OP3,scripted,OP3,3,2,4,2
7253,0,,,0,0,1,,,0,OP3,scripted,OP3,2,3,4,2
7254,1,,,0,0,1,,,0,OP3,scripted,OP3,3,2,4,2
7255,0,,,0,0,1,,,0,OP3,scripted,OP3,2,3,4,2
7256,1,,,0,0,1,,,0,OP3,scripted,OP3,3,2,4,2
7257,0,,,0,0,1,,,0,OP3,scripted,OP3,3,3,4,2
7258,1,,,0,0,1,,,0,OP3,scripted,OP3,3,2,4,2
7259,1,,,0,0,1,,,0,OP3,scripted,OP3,3,2,4,2
7260,1,,,0,0,1,,,0,OP3,scripted,OP3,3,2,4,2
7261,1,,,0,0,1,,,0,OP3,scripted,OP3,3,2,4,2
7262,0,,,0,0,1,,,0,OP3,scripted,OP3,2,3,4,2
7263,1,,,0,0,1,,,0,OP3,scripted,OP3,3,2,4,2
7264,1,,,0,0,1,,,0,OP3,scripted,OP3,3,2,4,2
7265,0,,,0,0,1,,,0,OP3,scripted,OP3,2,3,4,2
7266,1,,,0,0,1,,,0,OP3,scripted,OP3,3,2,4,2
7267,1,,,0,0,1,,,0,OP3,scripted,OP3,3,2,4,2
7268,0,,,0,0,1,,,0,OP3,scripted,OP3,3,3,4,2
7269,1,,,0,0,1,,,0,OP3,scripted,OP3,3,2,4,2
7270,1,,,0,0,1,,,0,OP3,scripted,OP3,3,2,4,2
7271,1,,,0,0,1,,,0,OP3,scripted,OP3,3,2,4,2
7272,1,,,0,0,1,,,0,OP3,scripted,OP3,3,2,4,2
7273,0,,,0,0,1,,,0,OP3,scripted,OP3,2,3,4,2
7274,1,,,0,0,1,,,0,OP3,scripted,OP3,3,2,4,2
7275,0,,,0,0,1,,,0,OP3,scripted,OP3,2,3,4,2
7276,0,,,0,0,1,,,0,OP3,scripted,OP3,2,3,4,2
7277,0,,,0,0,1,,,0,OP3,scripted,OP3,3,3,4,2
7278,0,,,0,0,1,,,0,OP3,scripted,OP3,2,3,4,2
7279,0,,,0,0,1,,,0,OP3,scripted,OP3,3,3,4,2
7280,1,,,0,0,1,,,0,OP3,scripted,OP3,3,1,4,2
7281,0,,,0,0,1,,,0,OP3,scripted,OP3,2,3,4,2
7282,1,,,0,0,1,,,0,OP3,scripted,OP3,3,2,4,2
7283,0,,,0,0,1,,,0,OP3,scripted,OP3,1,3,4,2
7284,0,,,0,0,1,,,0,OP3,scripted,OP3,2,3,4,2
7285,1,,,0,0,1,,,0,OP3,scripted,OP3,3,2,4,2
7286,0,,,0,0,1,,,0,OP3,scripted,OP3,2,3,4,2
7287,1,,,0,0,1,,,0,OP3,scripted,OP3,3,1,4,2
7288,1,,,0,0,1,,,0,OP3,scripted,OP3,3,2,4,2
7289,1,,,0,0,1,,,0,OP3,scripted,OP3,3,2,4,2
7290,1,,,0,0,1,,,0,OP3,scripted,OP3,3,2,4,2
7291,0,,,0,0,1,,,0,OP3,scripted,OP3,2,3,4,2
7292,1,,,0,0,1,,,0,OP3,scripted,OP3,3,2,4,2
7293,0,,,0,0,1,,,0,OP3,scripted,OP3,3,3,4,2
7294,1,,,0,0,1,,,0,OP3,scripted,OP3,3,2,4,2
7295,0,,,0,0,1,,,0,OP3,scripted,OP3,3,3,4,2
7296,0,,,0,0,1,,,0,OP3,scripted,OP3,2,3,4,2
7297,0,,,0,0,1,,,0,OP3,scripted,OP3,2,3,4,2
7298,1,,,0,0,1,,,0,OP3,scripted,OP3,3,2,4,2
7299,1,,,0,0,1,,,0,OP3,scripted,OP3,3,2,4,2
7300,1,,,0,0,1,,,0,OP3,scripted,OP3,3,1,4,2
7301,1,,,0,0,1,,,0,OP3,scripted,OP3,3,2,4,2
7302,0,,,0,0,1,,,0,OP3,scripted,OP3,2,3,4,2
7303,1,,,0,0,1,,,0,OP3,scripted,OP3,3,2,4,2
7304,1,,,0,0,1,,,0,OP3,scripted,OP3,3,1,4,2
7305,0,,,0,0,1,,,0,OP3,scripted,OP3,2,3,4,2
7306,1,,,0,0,1,,,0,OP3,scripted,OP3,3,2,4,2
7307,1,,,0,0,1,,,0,OP3,scripted,OP3,3,1,4,2
7308,1,,,0,0,1,,,0,OP3,scripted,OP3,3,2,4,2
7309,1,,,0,0,1,,,0,OP3,scripted,OP3,3,2,4,2
7310,1,,,0,0,1,,,0,OP3,scripted,OP3,3,2,4,2
7311,1,,,0,0,1,,,0,OP3,scripted,OP3,3,2,4,2
7312,0,,,0,0,1,,,0,OP3,scripted,OP3,2,3,4,2
7313,0,,,0,0,1,,,0,OP3,scripted,OP3,2,3,4,2
7314,0,,,0,0,1,,,0,OP3,scripted,OP3,2,3,4,2
7315,1,,,0,0,1,,,0,OP3,scripted,OP3,3,2,4,2
7316,1,,,0,0,1,,,0,OP3,scripted,OP3,3,2,4,2
7317,0,,,0,0,1,,,0,OP3,scripted,OP3,2,3,4,2
7318,0,,,0,0,1,,,0,OP3,scripted,OP3,3,3,4,2
7319,1,,,0,0,1,,,0,OP3,scripted,OP3,3,2,4,2
7320,1,,,0,0,1,,,0,OP3,scripted,OP3,3,2,4,2
7321,1,,,0,0,1,,,0,OP3,scripted,OP3,3,2,4,2
7322,0,,,0,0,1,,,0,OP3,scripted,OP3,2,3,4,2
7323,1,,,0,0,1,,,0,OP3,scripted,OP3,3,2,4,2
7324,0,,,0,0,1,,,0,OP3,scripted,OP3,3,3,4,2
7325,1,,,0,0,1,,,0,OP3,scripted,OP3,3,2,4,2
7326,1,,,0,0,1,,,0,OP3,scripted,OP3,3,1,4,2
7327,0,,,0,0,1,,,0,OP3,scripted,OP3,2,3,4,2
7328,0,,,0,0,1,,,0,OP3,scripted,OP3,2,3,4,2
7329,1,,,0,0,1,,,0,OP3,scripted,OP3,3,2,4,2
7330,0,,,0,0,1,,,0,OP3,scripted,OP3,3,3,4,2
7331,0,,,0,0,1,,,0,OP3,scripted,OP3,3,3,4,2
7332,0,,,0,0,1,,,0,OP3,scripted,OP3,2,3,4,2
7333,0,,,0,0,1,,,0,OP3,scripted,OP3,3,3,4,2
7334,0,,,0,0,1,,,0,OP3,scripted,OP3,2,3,4,2
7335,0,,,0,0,1,,,0,OP3,scripted,OP3,2,3,4,2
7336,0,,,0,0,1,,,0,OP3,scripted,OP3,3,3,4,2
7337,1,,,0,0,1,,,0,OP3,scripted,OP3,3,2,4,2
7338,0,,,0,0,1,,,0,OP3,scripted,OP3,3,3,4,2
7339,0,,,0,0,1,,,0,OP3,scripted,OP3,2,3,4,2
7340,0,,,0,0,1,,,0,OP3,scripted,OP3,2,3,4,2
7341,0,,,0,0,1,,,0,OP3,scripted,OP3,2,3,4,2
7342,1,,,0,0,1,,,0,OP3,scripted,OP3,3,2,4,2
7343,0,,,0,0,1,,,0,OP3,scripted,OP3,2,3,4,2
7344,1,,,0,0,1,,,0,OP3,scripted,OP3,3,1,4,2
7345,0,,,0,0,1,,,0,OP3,scripted,OP3,3,3,4,2
7346,1,,,0,0,1,,,0,OP3,scripted,OP3,3,2,4,2
7347,1,,,0,0,1,,,0,OP3,scripted,OP3,3,2,4,2
7348,1,,,0,0,1,,,0,OP3,scripted,OP3,3,2,4,2
7349,0,,,0,0,1,,,0,OP3,scripted,OP3,3,3,4,2
7350,1,,,0,0,1,,,0,OP3,scripted,OP3,3,2,4,2
7351,1,,,0,0,1,,,0,OP3,scripted,OP3,3,2,4,2
7352,0,,,0,0,1,,,0,OP3,scripted,OP3,2,3,4,2
7353,0,,,0,0,1,,,0,OP3,scripted,OP3,3,3,4,2
7354,1,,,0,0,1,,,0,OP3,scripted,OP3,3,2,4,2
7355,1,,,0,0,1,,,0,OP3,scripted,OP3,3,1,4,2
7356,1,,,0,0,1,,,0,OP3,scripted,OP3,3,2,4,2
7357,1,,,0,0,1,,,0,OP3,scripted,OP3,3,1,4,2
7358,0,,,0,0,1,,,0,OP3,scripted,OP3,2,3,4,2
7359,1,,,0,0,1,,,0,OP3,scripted,OP3,3,2,4,2
7360,1,,,0,0,1,,,0,OP3,scripted,OP3,3,2,4,2
7361,1,,,0,0,1,,,0,OP3,scripted,OP3,3,2,4,2
7362,1,,,0,0,1,,,0,OP3,scripted,OP3,3,2,4,2
7363,1,,,0,0,1,,,0,OP3,scripted,OP3,3,2,4,2
7364,0,,,0,0,1,,,0,OP3,scripted,OP3,3,3,4,2
7365,0,,,0,0,1,,,0,OP3,scripted,OP3,3,3,4,2
7366,1,,,0,0,1,,,0,OP3,scripted,OP3,3,2,4,2
7367,1,,,0,0,1,,,0,OP3,scripted,OP3,3,2,4,2
7368,0,,,0,0,1,,,0,OP3,scripted,OP3,3,3,4,2
7369,0,,,0,0,1,,,0,OP3,scripted,OP3,2,3,4,2
7370,1,,,0,0,1,,,0,OP3,scripted,OP3,3,2,4,2
7371,1,,,0,0,1,,,0,OP3,scripted,OP3,3,2,4,2
7372,1,,,0,0,1,,,0,OP3,scripted,OP3,3,2,4,2
7373,1,,,0,0,1,,,0,OP3,scripted,OP3,3,2,4,2
7374,1,,,0,0,1,,,0,OP3,scripted,OP3,3,1,4,2
7375,0,,,0,0,1,,,0,OP3,scripted,OP3,2,3,4,2
7376,0,,,0,0,1,,,0,OP3,scripted,OP3,2,3,4,2
7377,1,,,0,0,1,,,0,OP3,scripted,OP3,3,2,4,2
7378,0,,,0,0,1,,,0,OP3,scripted,OP3,3,3,4,2
7379,0,,,0,0,1,,,0,OP3,scripted,OP3,2,3,4,2
7380,0,,,0,0,1,,,0,OP3,scripted,OP3,2,3,4,2
7381,1,,,0,0,1,,,0,OP3,scripted,OP3,3,1,4,2
7382,0,,,0,0,1,,,0,OP3,scripted,OP3,2,3,4,2
7383,0,,,0,0,1,,,0,OP3,scripted,OP3,3,3,4,2
7384,0,,,0,0,1,,,0,OP3,scripted,OP3,2,3,4,2
7385,0,,,0,0,1,,,0,OP3,scripted,OP3,2,3,4,2
7386,1,,,0,0,1,,,0,OP3,scripted,OP3,3,2,4,2
7387,1,,,0,0,1,,,0,OP3,scripted,OP3,3,2,4,2
7388,1,,,0,0,1,,,0,OP3,scripted,OP3,3,1,4,2
7389,1,,,0,0,1,,,0,OP3,scripted,OP3,3,2,4,2
7390,0,,,0,0,1,,,0,OP3,scripted,OP3,2,3,4,2
7391,0,,,0,0,1,,,0,OP3,scripted,OP3,2,3,4,2
7392,0,,,0,0,1,,,0,OP3,scripted,OP3,3,3,4,2
7393,1,,,0,0,1,,,0,OP3,scripted,OP3,3,2,4,2
7394,1,,,0,0,1,,,0,OP3,scripted,OP3,3,2,4,2
7395,0,,,0,0,1,,,0,OP3,scripted,OP3,1,3,4,2
7396,1,,,0,0,1,,,0,OP3,scripted,OP3,3,2,4,2
7397,1,,,0,0,1,,,0,OP3,scripted,OP3,3,2,4,2
7398,1,,,0,0,1,,,0,OP3,scripted,OP3,3,1,4,2
7399,0,,,0,0,1,,,0,OP3,scripted,OP3,3,3,4,2
7400,1,,,0,0,1,,,0,OP3,scripted,OP3,3,2,4,2
7401,1,,,0,0,1,,,0,OP3,scripted,OP3,3,2,4,2
7402,1,,,0,0,1,,,0,OP3,scripted,OP3,3,2,4,2
7403,0,,,0,0,1,,,0,OP3,scripted,OP3,2,3,4,2
7404,1,,,0,0,1,,,0,OP3,scripted,OP3,3,2,4,2
7405,1,,,0,0,1,,,0,OP3,scripted,OP3,3,2,4,2
7406,1,,,0,0,1,,,0,OP3,scripted,OP3,3,2,4,2
7407,1,,,0,0,1,,,0,OP3,scripted,OP3,3,2,4,2
7408,0,,,0,0,1,,,0,OP3,scripted,OP3,2,3,4,2
7409,0,,,0,0,1,,,0,OP3,scripted,OP3,3,3,4,2
7410,1,,,0,0,1,,,0,OP3,scripted,OP3,3,2,4,2
7411,0,,,0,0,1,,,0,OP3,scripted,OP3,2,3,4,2
7412,1,,,0,0,1,,,0,OP3,scripted,OP3,3,2,4,2
7413,0,,,0,0,1,,,0,OP3,scripted,OP3,2,3,4,2
7414,0,,,0,0,1,,,0,OP3,scripted,OP3,3,3,4,2
7415,0,,,0,0,1,,,0,OP3,scripted,OP3,3,3,4,2
7416,1,,,0,0,1,,,0,OP3,scripted,OP3,3,2,4,2
7417,1,,,0,0,1,,,0,OP3,scripted,OP3,3,2,4,2
7418,0,,,0,0,1,,,0,OP3,scripted,OP3,2,3,4,2
7419,1,,,0,0,1,,,0,OP3,scripted,OP3,3,2,4,2
7420,0,,,0,0,1,,,0,OP3,scripted,OP3,2,3,4,2
7421,1,,,0,0,1,,,0,OP3,scripted,OP3,3,2,4,2
7422,0,,,0,0,1,,,0,OP3,scripted,OP3,2,3,4,2
7423,1,,,0,0,1,,,0,OP3,scripted,OP3,3,2,4,2
7424,1,,,0,0,1,,,0,OP3,scripted,OP3,3,2,4,2
7425,0,,,0,0,1,,,0,OP3,scripted,OP3,2,3,4,2
7426,1,,,0,0,1,,,0,OP3,scripted,OP3,3,2,4,2
7427,0,,,0,0,1,,,0,OP3,scripted,OP3,3,3,4,2
7428,1,,,0,0,1,,,0,OP3,scripted,OP3,3,1,4,2
7429,1,,,0,0,1,,,0,OP3,scripted,OP3,3,2,4,2
7430,1,,,0,0,1,,,0,OP3,scripted,OP3,3,2,4,2
7431,0,,,0,0,1,,,0,OP3,scripted,OP3,2,3,4,2
7432,1,,,0,0,1,,,0,OP3,scripted,OP3,3,2,4,2
7433,0,,,0,0,1,,,0,OP3,scripted,OP3,2,3,4,2
7434,0,,,0,0,1,,,0,OP3,scripted,OP3,2,3,4,2
7435,1,,,0,0,1,,,0,OP3,scripted,OP3,3,2,4,2
7436,0,,,0,0,1,,,0,OP3,scripted,OP3,2,3,4,2
7437,1,,,0,0,1,,,0,OP3,scripted,OP3,3,2,4,2
7438,1,,,0,0,1,,,0,OP3,scripted,OP3,3,2,4,2
7439,0,,,0,0,1,,,0,OP3,scripted,OP3,2,3,4,2
7440,1,,,0,0,1,,,0,OP3,scripted,OP3,3,1,4,2
7441,1,,,0,0,1,,,0,OP3,scripted,OP3,3,2,4,2
7442,0,,,0,0,1,,,0,OP3,scripted,OP3,3,3,4,2
7443,0,,,0,0,1,,,0,OP3,scripted,OP3,2,3,4,2
7444,1,,,0,0,1,,,0,OP3,scripted,OP3,3,1,4,2
7445,1,,,0,0,1,,,0,OP3,scripted,OP3,3,2,4,2
7446,1,,,0,0,1,,,0,OP3,scripted,OP3,3,2,4,2
7447,1,,,0,0,1,,,0,OP3,scripted,OP3,3,1,4,2
7448,1,,,0,0,1,,,0,OP3,scripted,OP3,3,2,4,2
7449,1,,,0,0,1,,,0,OP3,scripted,OP3,3,2,4,2
7450,0,,,0,0,1,,,0,OP3,scripted,OP3,2,3,4,2
7451,1,,,0,0,1,,,0,OP3,scripted,OP3,3,2,4,2
7452,0,,,0,0,1,,,0,OP3,scripted,OP3,3,3,4,2
7453,0,,,0,0,1,,,0,OP3,scripted,OP3,2,3,4,2
7454,0,,,0,0,1,,,0,OP3,scripted,OP3,2,3,4,2
7455,0,,,0,0,1,,,0,OP3,scripted,OP3,2,3,4,2
7456,0,,,0,0,1,,,0,OP3,scripted,OP3,3,3,4,2
7457,0,,,0,0,1,,,0,OP3,scripted,OP3,2,3,4,2
7458,1,,,0,0,1,,,0,OP3,scripted,OP3,3,2,4,2
7459,1,,,0,0,1,,,0,OP3,scripted,OP3,3,2,4,2
7460,0,,,0,0,1,,,0,OP3,scripted,OP3,2,3,4,2
7461,1,,,0,0,1,,,0,OP3,scripted,OP3,3,2,4,2
7462,0,,,0,0,1,,,0,OP3,scripted,OP3,2,3,4,2
7463,1,,,0,0,1,,,0,OP3,scripted,OP3,3,2,4,2
7464,0,,,0,0,1,,,0,OP3,scripted,OP3,3,3,4,2
7465,1,,,0,0,1,,,0,OP3,scripted,OP3,3,2,4,2
7466,1,,,0,0,1,,,0,OP3,scripted,OP3,3,2,4,2
7467,0,,,0,0,1,,,0,OP3,scripted,OP3,2,3,4,2
7468,0,,,0,0,1,,,0,OP3,scripted,OP3,2,3,4,2
7469,0,,,0,0,1,,,0,OP3,scripted,OP3,3,3,4,2
7470,1,,,0,0,1,,,0,OP3,scripted,OP3,3,2,4,2
7471,0,,,0,0,1,,,0,OP3,scripted,OP3,2,3,4,2
7472,1,,,0,0,1,,,0,OP3,scripted,OP3,3,2,4,2
7473,1,,,0,0,1,,,0,OP3,scripted,OP3,3,2,4,2
7474,1,,,0,0,1,,,0,OP3,scripted,OP3,3,1,4,2
7475,1,,,0,0,1,,,0,OP3,scripted,OP3,3,2,4,2
7476,1,,,0,0,1,,,0,OP3,scripted,OP3,3,1,4,2
7477,0,,,0,0,1,,,0,OP3,scripted,OP3,2,3,4,2
7478,1,,,0,0,1,,,0,OP3,scripted,OP3,3,2,4,2
7479,1,,,0,0,1,,,0,OP3,scripted,OP3,3,2,4,2
7480,0,,,0,0,1,,,0,OP3,scripted,OP3,3,3,4,2
7481,1,,,0,0,1,,,0,OP3,scripted,OP3,3,1,4,2
7482,1,,,0,0,1,,,0,OP3,scripted,OP3,3,2,4,2
7483,1,,,0,0,1,,,0,OP3,scripted,OP3,3,2,4,2
7484,0,,,0,0,1,,,0,OP3,scripted,OP3,3,3,4,2
7485,0,,,0,0,1,,,0,OP3,scripted,OP3,3,3,4,2
7486,1,,,0,0,1,,,0,OP3,scripted,OP3,3,2,4,2
7487,0,,,0,0,1,,,0,OP3,scripted,OP3,2,3,4,2
7488,0,,,0,0,1,,,0,OP3,scripted,OP3,2,3,4,2
7489,0,,,0,0,1,,,0,OP3,scripted,OP3,1,3,4,2
7490,0,,,0,0,1,,,0,OP3,scripted,OP3,2,3,4,2
7491,0,,,0,0,1,,,0,OP3,scripted,OP3,2,3,4,2
7492,1,,,0,0,1,,,0,OP3,scripted,OP3,3,2,4,2
7493,1,,,0,0,1,,,0,OP3,scripted,OP3,3,2,4,2
7494,0,,,0,0,1,,,0,OP3,scripted,OP3,2,3,4,2
7495,1,,,0,0,1,,,0,OP3,scripted,OP3,3,1,4,2
7496,1,,,0,0,1,,,0,OP3,scripted,OP3,3,2,4,2
7497,0,,,0,0,1,,,0,OP3,scripted,OP3,2,3,4,2
7498,1,,,0,0,1,,,0,OP3,scripted,OP3,3,2,4,2
7499,0,,,0,0,1,,,0,OP3,scripted,OP3,2,3,4,2
7500,1,,,0,0,1,,,0,OP3,scripted,OP3,3,2,4,2
7501,1,,,0,0,1,,,0,OP3,scripted,OP3,3,2,4,2
7502,1,,,0,0,1,,,0,OP3,scripted,OP3,3,2,4,2
7503,0,,,0,0,1,,,0,OP3,scripted,OP3,2,3,4,2
7504,1,,,0,0,1,,,0,OP3,scripted,OP3,3,1,4,2
7505,0,,,0,0,1,,,0,OP3,scripted,OP3,2,3,4,2
7506,1,,,0,0,1,,,0,OP3,scripted,OP3,3,2,4,2
7507,0,,,0,0,1,,,0,OP3,scripted,OP3,2,3,4,2
7508,1,,,0,0,1,,,0,OP3,scripted,OP3,3,1,4,2
7509,0,,,0,0,1,,,0,OP3,scripted,OP3,2,3,4,2
7510,0,,,0,0,1,,,0,OP3,scripted,OP3,3,3,4,2
7511,1,,,0,0,1,,,0,OP3,scripted,OP3,3,1,4,2
7512,0,,,0,0,1,,,0,OP3,scripted,OP3,2,3,4,2
7513,0,,,0,0,1,,,0,OP3,scripted,OP3,3,3,4,2
7514,1,,,0,0,1,,,0,OP3,scripted,OP3,3,2,4,2
7515,0,,,0,0,1,,,0,OP3,scripted,OP3,3,3,4,2
7516,1,,,0,0,1,,,0,OP3,scripted,OP3,3,2,4,2
7517,0,,,0,0,1,,,0,OP3,scripted,OP3,2,3,4,2
7518,0,,,0,0,1,,,0,OP3,scripted,OP3,2,3,4,2
7519,0,,,0,0,1,,,0,OP3,scripted,OP3,2,3,4,2
7520,0,,,0,0,1,,,0,OP3,scripted,OP3,3,3,4,2
7521,0,,,0,0,1,,,0,OP3,scripted,OP3,2,3,4,2
7522,0,,,0,0,1,,,0,OP3,scripted,OP3,2,3,4,2
7523,1,,,0,0,1,,,0,OP3,scripted,OP3,3,2,4,2
7524,1,,,0,0,1,,,0,OP3,scripted,OP3,3,2,4,2
7525,1,,,0,0,1,,,0,OP3,scripted,OP3,3,2,4,2
7526,1,,,0,0,1,,,0,OP3,scripted,OP3,3,0,4,2
7527,1,,,0,0,1,,,0,OP3,scripted,OP3,3,1,4,2
7528,0,,,0,0,1,,,0,OP3,scripted,OP3,2,3,4,2
7529,0,,,0,0,1,,,0,OP3,scripted,OP3,2,3,4,2
7530,0,,,0,0,1,,,0,OP3,scripted,OP3,2,3,4,2
7531,1,,,0,0,1,,,0,OP3,scripted,OP3,3,2,4,2
7532,1,,,0,0,1,,,0,OP3,scripted,OP3,3,2,4,2
7533,0,,,0,0,1,,,0,OP3,scripted,OP3,2,3,4,2
7534,0,,,0,0,1,,,0,OP3,scripted,OP3,2,3,4,2
7535,1,,,0,0,1,,,0,OP3,scripted,OP3,3,2,4,2
7536,0,,,0,0,1,,,0,OP3,scripted,OP3,2,3,4,2
7537,1,,,0,0,1,,,0,OP3,scripted,OP3,3,2,4,2
7538,0,,,0,0,1,,,0,OP3,scripted,OP3,3,3,4,2
7539,1,,,0,0,1,,,0,OP3,scripted,OP3,3,2,4,2
7540,0,,,0,0,1,,,0,OP3,scripted,OP3,3,3,4,2
7541,1,,,0,0,1,,,0,OP3,scripted,OP3,3,2,4,2
7542,1,,,0,0,1,,,0,OP3,scripted,OP3,3,2,4,2
7543,1,,,0,0,1,,,0,OP3,scripted,OP3,3,1,4,2
7544,1,,,0,0,1,,,0,OP3,scripted,OP3,3,2,4,2
7545,1,,,0,0,1,,,0,OP3,scripted,OP3,3,2,4,2
7546,0,,,0,0,1,,,0,OP3,scripted,OP3,2,3,4,2
7547,1,,,0,0,1,,,0,OP3,scripted,OP3,3,2,4,2
7548,1,,,0,0,1,,,0,OP3,scripted,OP3,3,2,4,2
7549,0,,,0,0,1,,,0,OP3,scripted,OP3,2,3,4,2
7550,1,,,0,0,1,,,0,OP3,scripted,OP3,3,2,4,2
7551,1,,,0,0,1,,,0,OP3,scripted,OP3,3,2,4,2
7552,1,,,0,0,1,,,0,OP3,scripted,OP3,3,2,4,2
7553,1,,,0,0,1,,,0,OP3,scripted,OP3,3,2,4,2
7554,0,,,0,0,1,,,0,OP3,scripted,OP3,1,3,4,2
7555,0,,,0,0,1,,,0,OP3,scripted,OP3,3,3,4,2
7556,0,,,0,0,1,,,0,OP3,scripted,OP3,2,3,4,2
7557,1,,,0,0,1,,,0,OP3,scripted,OP3,3,2,4,2
7558,1,,,0,0,1,,,0,OP3,scripted,OP3,3,2,4,2
7559,0,,,0,0,1,,,0,OP3,scripted,OP3,3,3,4,2
7560,0,,,0,0,1,,,0,OP3,scripted,OP3,2,3,4,2
7561,0,,,0,0,1,,,0,OP3,scripted,OP3,2,3,4,2
7562,0,,,0,0,1,,,0,OP3,scripted,OP3,2,3,4,2
7563,0,,,0,0,1,,,0,OP3,scripted,OP3,1,3,4,2
7564,1,,,0,0,1,,,0,OP3,scripted,OP3,3,2,4,2
7565,0,,,0,0,1,,,0,OP3,scripted,OP3,2,3,4,2
7566,1,,,0,0,1,,,0,OP3,scripted,OP3,3,2,4,2
7567,0,,,0,0,1,,,0,OP3,scripted,OP3,3,3,4,2
7568,1,,,0,0,1,,,0,OP3,scripted,OP3,3,2,4,2
7569,0,,,0,0,1,,,0,OP3,scripted,OP3,2,3,4,2
7570,0,,,0,0,1,,,0,OP3,scripted,OP3,3,3,4,2
7571,0,,,0,0,1,,,0,OP3,scripted,OP3,2,3,4,2
7572,0,,,0,0,1,,,0,OP3,scripted,OP3,3,3,4,2
7573,0,,,0,0,1,,,0,OP3,scripted,OP3,2,3,4,2
7574,1,,,0,0,1,,,0,OP3,scripted,OP3,3,2,4,2
7575,0,,,0,0,1,,,0,OP3,scripted,OP3,2,3,4,2
7576,0,,,0,0,1,,,0,OP3,scripted,OP3,2,3,4,2
7577,1,,,0,0,1,,,0,OP3,scripted,OP3,3,2,4,2
7578,0,,,0,0,1,,,0,OP3,scripted,OP3,3,3,4,2
7579,0,,,0,0,1,,,0,OP3,scripted,OP3,2,3,4,2
7580,1,,,0,0,1,,,0,OP3,scripted,OP3,3,1,4,2
7581,1,,,0,0,1,,,0,OP3,scripted,OP3,3,2,4,2
7582,1,,,0,0,1,,,0,OP3,scripted,OP3,3,2,4,2
7583,0,,,0,0,1,,,0,OP3,scripted,OP3,3,3,4,2
7584,1,,,0,0,1,,,0,OP3,scripted,OP3,3,2,4,2
7585,0,,,0,0,1,,,0,OP3,scripted,OP3,2,3,4,2
7586,1,,,0,0,1,,,0,OP3,scripted,OP3,3,2,4,2
7587,1,,,0,0,1,,,0,OP3,scripted,OP3,3,2,4,2
7588,0,,,0,0,1,,,0,OP3,scripted,OP3,2,3,4,2
7589,0,,,0,0,1,,,0,OP3,scripted,OP3,2,3,4,2
7590,0,,,0,0,1,,,0,OP3,scripted,OP3,3,3,4,2
7591,0,,,0,0,1,,,0,OP3,scripted,OP3,2,3,4,2
7592,1,,,0,0,1,,,0,OP3,scripted,OP3,3,2,4,2
7593,0,,,0,0,1,,,0,OP3,scripted,OP3,2,3,4,2
7594,1,,,0,0,1,,,0,OP3,scripted,OP3,3,1,4,2
7595,1,,,0,0,1,,,0,OP3,scripted,OP3,3,2,4,2
7596,1,,,0,0,1,,,0,OP3,scripted,OP3,3,2,4,2
7597,1,,,0,0,1,,,0,OP3,scripted,OP3,3,2,4,2
7598,1,,,0,0,1,,,0,OP3,scripted,OP3,3,2,4,2
7599,1,,,0,0,1,,,0,OP3,scripted,OP3,3,2,4,2
7600,0,,,0,0,1,,,0,OP3,scripted,OP3,2,3,4,2
7601,1,,,0,0,1,,,0,OP3,scripted,OP3,3,2,4,2
7602,1,,,0,0,1,,,0,OP3,scripted,OP3,3,2,4,2
7603,1,,,0,0,1,,,0,OP3,scripted,OP3,3,2,4,2
7604,1,,,0,0,1,,,0,OP3,scripted,OP3,3,2,4,2
7605,0,,,0,0,1,,,0,OP3,scripted,OP3,3,3,4,2
7606,0,,,0,0,1,,,0,OP3,scripted,OP3,3,3,4,2
7607,1,,,0,0,1,,,0,OP3,scripted,OP3,3,2,4,2
7608,0,,,0,0,1,,,0,OP3,scripted,OP3,2,3,4,2
7609,0,,,0,0,1,,,0,OP3,scripted,OP3,1,3,4,2
7610,1,,,0,0,1,,,0,OP3,scripted,OP3,3,2,4,2
7611,1,,,0,0,1,,,0,OP3,scripted,OP3,3,2,4,2
7612,0,,,0,0,1,,,0,OP3,scripted,OP3,3,3,4,2
7613,1,,,0,0,1,,,0,OP3,scripted,OP3,3,2,4,2
7614,0,,,0,0,1,,,0,OP3,scripted,OP3,2,3,4,2
7615,0,,,0,0,1,,,0,OP3,scripted,OP3,2,3,4,2
7616,0,,,0,0,1,,,0,OP3,scripted,OP3,2,3,4,2
7617,1,,,0,0,1,,,0,OP3,scripted,OP3,3,2,4,2
7618,1,,,0,0,1,,,0,OP3,scripted,OP3,3,1,4,2
7619,1,,,0,0,1,,,0,OP3,scripted,OP3,3,2,4,2
7620,0,,,0,0,1,,,0,OP3,scripted,OP3,1,3,4,2
7621,1,,,0,0,1,,,0,OP3,scripted,OP3,3,2,4,2
7622,1,,,0,0,1,,,0,OP3,scripted,OP3,3,2,4,2
7623,1,,,0,0,1,,,0,OP3,scripted,OP3,3,2,4,2
7624,1,,,0,0,1,,,0,OP3,scripted,OP3,3,2,4,2
7625,0,,,0,0,1,,,0,OP3,scripted,OP3,2,3,4,2
7626,1,,,0,0,1,,,0,OP3,scripted,OP3,3,2,4,2
7627,0,,,0,0,1,,,0,OP3,scripted,OP3,2,3,4,2
7628,0,,,0,0,1,,,0,OP3,scripted,OP3,3,3,4,2
7629,1,,,0,0,1,,,0,OP3,scripted,OP3,3,2,4,2
7630,1,,,0,0,1,,,0,OP3,scripted,OP3,3,2,4,2
7631,0,,,0,0,1,,,0,OP3,scripted,OP3,2,3,4,2
7632,1,,,0,0,1,,,0,OP3,scripted,OP3,3,1,4,2
7633,1,,,0,0,1,,,0,OP3,scripted,OP3,3,2,4,2
7634,1,,,0,0,1,,,0,OP3,scripted,OP3,3,2,4,2
7635,1,,,0,0,1,,,0,OP3,scripted,OP3,3,1,4,2
7636,1,,,0,0,1,,,0,OP3,scripted,OP3,3,2,4,2
7637,0,,,0,0,1,,,0,OP3,scripted,OP3,2,3,4,2
7638,0,,,0,0,1,,,0,OP3,scripted,OP3,2,3,4,2
7639,1,,,0,0,1,,,0,OP3,scripted,OP3,3,2,4,2
7640,0,,,0,0,1,,,0,OP3,scripted,OP3,3,3,4,2
7641,1,,,0,0,1,,,0,OP3,scripted,OP3,3,2,4,2
7642,1,,,0,0,1,,,0,OP3,scripted,OP3,3,2,4,2
7643,0,,,0,0,1,,,0,OP3,scripted,OP3,2,3,4,2
7644,0,,,0,0,1,,,0,OP3,scripted,OP3,2,3,4,2
7645,0,,,0,0,1,,,0,OP3,scripted,OP3,3,3,4,2
7646,1,,,0,0,1,,,0,OP3,scripted,OP3,3,2,4,2
7647,0,,,0,0,1,,,0,OP3,scripted,OP3,3,3,4,2
7648,0,,,0,0,1,,,0,OP3,scripted,OP3,2,3,4,2
7649,0,,,0,0,1,,,0,OP3,scripted,OP3,3,3,4,2
7650,1,,,0,0,1,,,0,OP3,scripted,OP3,3,2,4,2
7651,1,,,0,0,1,,,0,OP3,scripted,OP3,3,1,4,2
7652,0,,,0,0,1,,,0,OP3,scripted,OP3,2,3,4,2
7653,1,,,0,0,1,,,0,OP3,scripted,OP3,3,2,4,2
7654,0,,,0,0,1,,,0,OP3,scripted,OP3,2,3,4,2
7655,0,,,0,0,1,,,0,OP3,scripted,OP3,2,3,4,2
7656,0,,,0,0,1,,,0,OP3,scripted,OP3,2,3,4,2
7657,1,,,0,0,1,,,0,OP3,scripted,OP3,3,2,4,2
7658,1,,,0,0,1,,,0,OP3,scripted,OP3,3,2,4,2
7659,0,,,0,0,1,,,0,OP3,scripted,OP3,2,3,4,2
7660,1,,,0,0,1,,,0,OP3,scripted,OP3,3,2,4,2
7661,0,,,0,0,1,,,0,OP3,scripted,OP3,2,3,4,2
7662,0,,,0,0,1,,,0,OP3,scripted,OP3,2,3,4,2
7663,0,,,0,0,1,,,0,OP3,scripted,OP3,2,3,4,2
7664,0,,,0,0,1,,,0,OP3,scripted,OP3,2,3,4,2
7665,0,,,0,0,1,,,0,OP3,scripted,OP3,2,3,4,2
7666,0,,,0,0,1,,,0,OP3,scripted,OP3,2,3,4,2
7667,1,,,0,0,1,,,0,OP3,scripted,OP3,3,2,4,2
7668,0,,,0,0,1,,,0,OP3,scripted,OP3,2,3,4,2
7669,0,,,0,0,1,,,0,OP3,scripted,OP3,1,3,4,2
7670,1,,,0,0,1,,,0,OP3,scripted,OP3,3,2,4,2
7671,0,,,0,0,1,,,0,OP3,scripted,OP3,3,3,4,2
7672,1,,,0,0,1,,,0,OP3,scripted,OP3,3,2,4,2
7673,0,,,0,0,1,,,0,OP3,scripted,OP3,2,3,4,2
7674,0,,,0,0,1,,,0,OP3,scripted,OP3,2,3,4,2
7675,0,,,0,0,1,,,0,OP3,scripted,OP3,2,3,4,2
7676,1,,,0,0,1,,,0,OP3,scripted,OP3,3,0,4,2
7677,1,,,0,0,1,,,0,OP3,scripted,OP3,3,2,4,2
7678,0,,,0,0,1,,,0,OP3,scripted,OP3,2,3,4,2
7679,0,,,0,0,1,,,0,OP3,scripted,OP3,2,3,4,2
7680,1,,,0,0,1,,,0,OP3,scripted,OP3,3,2,4,2
7681,1,,,0,0,1,,,0,OP3,scripted,OP3,3,2,4,2
7682,0,,,0,0,1,,,0,OP3,scripted,OP3,2,3,4,2
7683,0,,,0,0,1,,,0,OP3,scripted,OP3,3,3,4,2
7684,0,,,0,0,1,,,0,OP3,scripted,OP3,2,3,4,2
7685,0,,,0,0,1,,,0,OP3,scripted,OP3,3,3,4,2
7686,0,,,0,0,1,,,0,OP3,scripted,OP3,2,3,4,2
7687,1,,,0,0,1,,,0,OP3,scripted,OP3,3,2,4,2
7688,1,,,0,0,1,,,0,OP3,scripted,OP3,3,2,4,2
7689,1,,,0,0,1,,,0,OP3,scripted,OP3,3,2,4,2
7690,1,,,0,0,1,,,0,OP3,scripted,OP3,3,1,4,2
7691,1,,,0,0,1,,,0,OP3,scripted,OP3,3,2,4,2
7692,1,,,0,0,1,,,0,OP3,scripted,OP3,3,2,4,2
7693,0,,,0,0,1,,,0,OP3,scripted,OP3,1,3,4,2
7694,1,,,0,0,1,,,0,OP3,scripted,OP3,3,2,4,2
7695,0,,,0,0,1,,,0,OP3,scripted,OP3,3,3,4,2
7696,1,,,0,0,1,,,0,OP3,scripted,OP3,3,2,4,2
7697,1,,,0,0,1,,,0,OP3,scripted,OP3,3,2,4,2
7698,0,,,0,0,1,,,0,OP3,scripted,OP3,3,3,4,2
7699,0,,,0,0,1,,,0,OP3,scripted,OP3,2,3,4,2
7700,0,,,0,0,1,,,0,OP3,scripted,OP3,2,3,4,2
7701,1,,,0,0,1,,,0,OP3,scripted,OP3,3,2,4,2
7702,1,,,0,0,1,,,0,OP3,scripted,OP3,3,2,4,2
7703,0,,,0,0,1,,,0,OP3,scripted,OP3,2,3,4,2
7704,1,,,0,0,1,,,0,OP3,scripted,OP3,3,2,4,2
7705,0,,,0,0,1,,,0,OP3,scripted,OP3,2,3,4,2
7706,0,,,0,0,1,,,0,OP3,scripted,OP3,2,3,4,2
7707,0,,,0,0,1,,,0,OP3,scripted,OP3,1,3,4,2
7708,0,,,0,0,1,,,0,OP3,scripted,OP3,2,3,4,2
7709,1,,,0,0,1,,,0,OP3,scripted,OP3,3,2,4,2
7710,1,,,0,0,1,,,0,OP3,scripted,OP3,3,2,4,2
7711,1,,,0,0,1,,,0,OP3,scripted,OP3,3,2,4,2
7712,0,,,0,0,1,,,0,OP3,scripted,OP3,2,3,4,2
7713,0,,,0,0,1,,,0,OP3,scripted,OP3,2,3,4,2
7714,1,,,0,0,1,,,0,OP3,scripted,OP3,3,2,4,2
7715,1,,,0,0,1,,,0,OP3,scripted,OP3,3,2,4,2
7716,0,,,0,0,1,,,0,OP3,scripted,OP3,2,3,4,2
7717,0,,,0,0,1,,,0,OP3,scripted,OP3,2,3,4,2
7718,1,,,0,0,1,,,0,OP3,scripted,OP3,3,2,4,2
7719,1,,,0,0,1,,,0,OP3,scripted,OP3,3,2,4,2
7720,0,,,0,0,1,,,0,OP3,scripted,OP3,2,3,4,2
7721,1,,,0,0,1,,,0,OP3,scripted,OP3,3,2,4,2
7722,1,,,0,0,1,,,0,OP3,scripted,OP3,3,2,4,2
7723,1,,,0,0,1,,,0,OP3,scripted,OP3,3,2,4,2
7724,1,,,0,0,1,,,0,OP3,scripted,OP3,3,2,4,2
7725,0,,,0,0,1,,,0,OP3,scripted,OP3,3,3,4,2
7726,0,,,0,0,1,,,0,OP3,scripted,OP3,2,3,4,2
7727,0,,,0,0,1,,,0,OP3,scripted,OP3,2,3,4,2
7728,0,,,0,0,1,,,0,OP3,scripted,OP3,3,3,4,2
7729,0,,,0,0,1,,,0,OP3,scripted,OP3,2,3,4,2
7730,0,,,0,0,1,,,0,OP3,scripted,OP3,2,3,4,2
7731,0,,,0,0,1,,,0,OP3,scripted,OP3,2,3,4,2
7732,0,,,0,0,1,,,0,OP3,scripted,OP3,2,3,4,2
7733,1,,,0,0,1,,,0,OP3,scripted,OP3,3,2,4,2
7734,0,,,0,0,1,,,0,OP3,scripted,OP3,3,3,4,2
7735,1,,,0,0,1,,,0,OP3,scripted,OP3,3,2,4,2
7736,1,,,0,0,1,,,0,OP3,scripted,OP3,3,2,4,2
7737,1,,,0,0,1,,,0,OP3,scripted,OP3,3,2,4,2
7738,1,,,0,0,1,,,0,OP3,scripted,OP3,3,2,4,2
7739,0,,,0,0,1,,,0,OP3,scripted,OP3,1,3,4,2
7740,1,,,0,0,1,,,0,OP3,scripted,OP3,3,2,4,2
7741,1,,,0,0,1,,,0,OP3,scripted,OP3,3,2,4,2
7742,1,,,0,0,1,,,0,OP3,scripted,OP3,3,2,4,2
7743,0,,,0,0,1,,,0,OP3,scripted,OP3,3,3,4,2
7744,0,,,0,0,1,,,0,OP3,scripted,OP3,3,3,4,2
7745,0,,,0,0,1,,,0,OP3,scripted,OP3,1,3,4,2
7746,0,,,0,0,1,,,0,OP3,scripted,OP3,2,3,4,2
7747,1,,,0,0,1,,,0,OP3,scripted,OP3,3,2,4,2
7748,1,,,0,0,1,,,0,OP3,scripted,OP3,3,2,4,2
7749,1,,,0,0,1,,,0,OP3,scripted,OP3,3,2,4,2
7750,0,,,0,0,1,,,0,OP3,scripted,OP3,2,3,4,2
7751,0,,,0,0,1,,,0,OP3,scripted,OP3,2,3,4,2
7752,0,,,0,0,1,,,0,OP3,scripted,OP3,3,3,4,2
7753,0,,,0,0,1,,,0,OP3,scripted,OP3,3,3,4,2
7754,1,,,0,0,1,,,0,OP3,scripted,OP3,3,2,4,2
7755,1,,,0,0,1,,,0,OP3,scripted,OP3,3,1,4,2
7756,0,,,0,0,1,,,0,OP3,scripted,OP3,2,3,4,2
7757,1,,,0,0,1,,,0,OP3,scripted,OP3,3,2,4,2
7758,1,,,0,0,1,,,0,OP3,scripted,OP3,3,2,4,2
7759,1,,,0,0,1,,,0,OP3,scripted,OP3,3,2,4,2
7760,1,,,0,0,1,,,0,OP3,scripted,OP3,3,2,4,2
7761,0,,,0,0,1,,,0,OP3,scripted,OP3,2,3,4,2
7762,1,,,0,0,1,,,0,OP3,scripted,OP3,3,2,4,2
7763,0,,,0,0,1,,,0,OP3,scripted,OP3,3,3,4,2
7764,0,,,0,0,1,,,0,OP3,scripted,OP3,2,3,4,2
7765,0,,,0,0,1,,,0,OP3,scripted,OP3,3,3,4,2
7766,1,,,0,0,1,,,0,OP3,scripted,OP3,3,2,4,2
7767,1,,,0,0,1,,,0,OP3,scripted,OP3,3,2,4,2
7768,0,,,0,0,1,,,0,OP3,scripted,OP3,2,3,4,2
7769,0,,,0,0,1,,,0,OP3,scripted,OP3,2,3,4,2
7770,1,,,0,0,1,,,0,OP3,scripted,OP3,3,1,4,2
7771,1,,,0,0,1,,,0,OP3,scripted,OP3,3,2,4,2
7772,0,,,0,0,1,,,0,OP3,scripted,OP3,3,3,4,2
7773,0,,,0,0,1,,,0,OP3,scripted,OP3,2,3,4,2
7774,1,,,0,0,1,,,0,OP3,scripted,OP3,3,2,4,2
7775,1,,,0,0,1,,,0,OP3,scripted,OP3,3,2,4,2
7776,1,,,0,0,1,,,0,OP3,scripted,OP3,3,2,4,2
7777,0,,,0,0,1,,,0,OP3,scripted,OP3,2,3,4,2
7778,1,,,0,0,1,,,0,OP3,scripted,OP3,3,2,4,2
7779,0,,,0,0,1,,,0,OP3,scripted,OP3,2,3,4,2
7780,1,,,0,0,1,,,0,OP3,scripted,OP3,3,1,4,2
7781,1,,,0,0,1,,,0,OP3,scripted,OP3,3,2,4,2
7782,0,,,0,0,1,,,0,OP3,scripted,OP3,1,3,4,2
7783,1,,,0,0,1,,,0,OP3,scripted,OP3,3,2,4,2
7784,0,,,0,0,1,,,0,OP3,scripted,OP3,3,3,4,2
7785,0,,,0,0,1,,,0,OP3,scripted,OP3,2,3,4,2
7786,1,,,0,0,1,,,0,OP3,scripted,OP3,3,2,4,2
7787,0,,,0,0,1,,,0,OP3,scripted,OP3,1,3,4,2
7788,0,,,0,0,1,,,0,OP3,scripted,OP3,3,3,4,2
7789,1,,,0,0,1,,,0,OP3,scripted,OP3,3,1,4,2
7790,1,,,0,0,1,,,0,OP3,scripted,OP3,3,2,4,2
7791,0,,,0,0,1,,,0,OP3,scripted,OP3,2,3,4,2
7792,1,,,0,0,1,,,0,OP3,scripted,OP3,3,2,4,2
7793,0,,,0,0,1,,,0,OP3,scripted,OP3,2,3,4,2
7794,0,,,0,0,1,,,0,OP3,scripted,OP3,1,3,4,2
7795,1,,,0,0,1,,,0,OP3,scripted,OP3,3,1,4,2
7796,1,,,0,0,1,,,0,OP3,scripted,OP3,3,1,4,2
7797,1,,,0,0,1,,,0,OP3,scripted,OP3,3,2,4,2
7798,0,,,0,0,1,,,0,OP3,scripted,OP3,3,3,4,2
7799,0,,,0,0,1,,,0,OP3,scripted,OP3,3,3,4,2
7800,1,,,0,0,1,,,0,OP3,scripted,OP3,3,1,4,2
7801,1,,,0,0,1,,,0,OP3,scripted,OP3,3,2,4,2
7802,1,,,0,0,1,,,0,OP3,scripted,OP3,3,2,4,2
7803,0,,,0,0,1,,,0,OP3,scripted,OP3,2,3,4,2
7804,0,,,0,0,1,,,0,OP3,scripted,OP3,2,3,4,2
7805,0,,,0,0,1,,,0,OP3,scripted,OP3,2,3,4,2
7806,1,,,0,0,1,,,0,OP3,scripted,OP3,3,2,4,2
7807,1,,,0,0,1,,,0,OP3,scripted,OP3,3,2,4,2
7808,0,,,0,0,1,,,0,OP3,scripted,OP3,3,3,4,2
7809,0,,,0,0,1,,,0,OP3,scripted,OP3,2,3,4,2
7810,0,,,0,0,1,,,0,OP3,scripted,OP3,2,3,4,2
7811,1,,,0,0,1,,,0,OP3,scripted,OP3,3,2,4,2
7812,1,,,0,0,1,,,0,OP3,scripted,OP3,3,2,4,2
7813,0,,,0,0,1,,,0,OP3,scripted,OP3,2,3,4,2
7814,1,,,0,0,1,,,0,OP3,scripted,OP3,3,2,4,2
7815,0,,,0,0,1,,,0,OP3,scripted,OP3,2,3,4,2
7816,1,,,0,0,1,,,0,OP3,scripted,OP3,3,2,4,2
7817,0,,,0,0,1,,,0,OP3,scripted,OP3,2,3,4,2
7818,0,,,0,0,1,,,0,OP3,scripted,OP3,3,3,4,2
7819,1,,,0,0,1,,,0,OP3,scripted,OP3,3,2,4,2
7820,1,,,0,0,1,,,0,OP3,scripted,OP3,3,2,4,2
7821,0,,,0,0,1,,,0,OP3,scripted,OP3,2,3,4,2
7822,1,,,0,0,1,,,0,OP3,scripted,OP3,3,2,4,2
7823,1,,,0,0,1,,,0,OP3,scripted,OP3,3,2,4,2
7824,0,,,0,0,1,,,0,OP3,scripted,OP3,2,3,4,2
7825,0,,,0,0,1,,,0,OP3,scripted,OP3,2,3,4,2
7826,0,,,0,0,1,,,0,OP3,scripted,OP3,3,3,4,2
7827,1,,,0,0,1,,,0,OP3,scripted,OP3,3,2,4,2
7828,1,,,0,0,1,,,0,OP3,scripted,OP3,3,2,4,2
7829,1,,,0,0,1,,,0,OP3,scripted,OP3,3,2,4,2
7830,1,,,0,0,1,,,0,OP3,scripted,OP3,3,1,4,2
7831,0,,,0,0,1,,,0,OP3,scripted,OP3,2,3,4,2
7832,1,,,0,0,1,,,0,OP3,scripted,OP3,3,2,4,2
7833,0,,,0,0,1,,,0,OP3,scripted,OP3,3,3,4,2
7834,0,,,0,0,1,,,0,OP3,scripted,OP3,3,3,4,2
7835,1,,,0,0,1,,,0,OP3,scripted,OP3,3,2,4,2
7836,1,,,0,0,1,,,0,OP3,scripted,OP3,3,2,4,2
7837,1,,,0,0,1,,,0,OP3,scripted,OP3,3,1,4,2
7838,0,,,0,0,1,,,0,OP3,scripted,OP3,2,3,4,2
7839,0,,,0,0,1,,,0,OP3,scripted,OP3,2,3,4,2
7840,1,,,0,0,1,,,0,OP3,scripted,OP3,3,2,4,2
7841,0,,,0,0,1,,,0,OP3,scripted,OP3,2,3,4,2
7842,1,,,0,0,1,,,0,OP3,scripted,OP3,3,2,4,2
7843,1,,,0,0,1,,,0,OP3,scripted,OP3,3,2,4,2
7844,0,,,0,0,1,,,0,OP3,scripted,OP3,2,3,4,2
7845,1,,,0,0,1,,,0,OP3,scripted,OP3,3,1,4,2
7846,1,,,0,0,1,,,0,OP3,scripted,OP3,3,1,4,2
7847,1,,,0,0,1,,,0,OP3,scripted,OP3,3,2,4,2
7848,1,,,0,0,1,,,0,OP3,scripted,OP3,3,2,4,2
7849,0,,,0,0,1,,,0,OP3,scripted,OP3,2,3,4,2
7850,1,,,0,0,1,,,0,OP3,scripted,OP3,3,1,4,2
7851,0,,,0,0,1,,,0,OP3,scripted,OP3,2,3,4,2
7852,1,,,0,0,1,,,0,OP3,scripted,OP3,3,2,4,2
7853,0,,,0,0,1,,,0,OP3,scripted,OP3,2,3,4,2
7854,0,,,0,0,1,,,0,OP3,scripted,OP3,2,3,4,2
7855,0,,,0,0,1,,,0,OP3,scripted,OP3,3,3,4,2
7856,0,,,0,0,1,,,0,OP3,scripted,OP3,2,3,4,2
7857,0,,,0,0,1,,,0,OP3,scripted,OP3,1,3,4,2
7858,0,,,0,0,1,,,0,OP3,scripted,OP3,3,3,4,2
7859,1,,,0,0,1,,,0,OP3,scripted,OP3,3,1,4,2
7860,0,,,0,0,1,,,0,OP3,scripted,OP3,2,3,4,2
7861,0,,,0,0,1,,,0,OP3,scripted,OP3,2,3,4,2
7862,1,,,0,0,1,,,0,OP3,scripted,OP3,3,2,4,2
7863,0,,,0,0,1,,,0,OP3,scripted,OP3,2,3,4,2
7864,1,,,0,0,1,,,0,OP3,scripted,OP3,3,2,4,2
7865,1,,,0,0,1,,,0,OP3,scripted,OP3,3,2,4,2
7866,0,,,0,0,1,,,0,OP3,scripted,OP3,2,3,4,2
7867,1,,,0,0,1,,,0,OP3,scripted,OP3,3,2,4,2
7868,1,,,0,0,1,,,0,OP3,scripted,OP3,3,2,4,2
7869,1,,,0,0,1,,,0,OP3,scripted,OP3,3,2,4,2
7870,1,,,0,0,1,,,0,OP3,scripted,OP3,3,1,4,2
7871,0,,,0,0,1,,,0,OP3,scripted,OP3,3,3,4,2
7872,0,,,0,0,1,,,0,OP3,scripted,OP3,2,3,4,2
7873,1,,,0,0,1,,,0,OP3,scripted,OP3,3,2,4,2
7874,1,,,0,0,1,,,0,OP3,scripted,OP3,3,2,4,2
7875,1,,,0,0,1,,,0,OP3,scripted,OP3,3,2,4,2
7876,0,,,0,0,1,,,0,OP3,scripted,OP3,2,3,4,2
7877,1,,,0,0,1,,,0,OP3,scripted,OP3,3,2,4,2
7878,0,,,0,0,1,,,0,OP3,scripted,OP3,2,3,4,2
7879,1,,,0,0,1,,,0,OP3,scripted,OP3,3,2,4,2
7880,0,,,0,0,1,,,0,OP3,scripted,OP3,3,3,4,2
7881,0,,,0,0,1,,,0,OP3,scripted,OP3,2,3,4,2
7882,1,,,0,0,1,,,0,OP3,scripted,OP3,3,2,4,2
7883,1,,,0,0,1,,,0,OP3,scripted,OP3,3,2,4,2
7884,1,,,0,0,1,,,0,OP3,scripted,OP3,3,2,4,2
7885,1,,,0,0,1,,,0,OP3,scripted,OP3,3,2,4,2
7886,0,,,0,0,1,,,0,OP3,scripted,OP3,2,3,4,2
7887,0,,,0,0,1,,,0,OP3,scripted,OP3,2,3,4,2
7888,1,,,0,0,1,,,0,OP3,scripted,OP3,3,2,4,2
7889,0,,,0,0,1,,,0,OP3,scripted,OP3,2,3,4,2
7890,0,,,0,0,1,,,0,OP3,scripted,OP3,2,3,4,2
7891,1,,,0,0,1,,,0,OP3,scripted,OP3,3,2,4,2
7892,0,,,0,0,1,,,0,OP3,scripted,OP3,2,3,4,2
7893,0,,,0,0,1,,,0,OP3,scripted,OP3,2,3,4,2
7894,0,,,0,0,1,,,0,OP3,scripted,OP3,2,3,4,2
7895,0,,,0,0,1,,,0,OP3,scripted,OP3,2,3,4,2
7896,0,,,0,0,1,,,0,OP3,scripted,OP3,2,3,4,2
7897,0,,,0,0,1,,,0,OP3,scripted,OP3,1,3,4,2
7898,1,,,0,0,1,,,0,OP3,scripted,OP3,3,2,4,2
7899,0,,,0,0,1,,,0,OP3,scripted,OP3,3,3,4,2
7900,1,,,0,0,1,,,0,OP3,scripted,OP3,3,2,4,2
7901,1,,,0,0,1,,,0,OP3,scripted,OP3,3,2,4,2
7902,0,,,0,0,1,,,0,OP3,scripted,OP3,3,3,4,2
7903,0,,,0,0,1,,,0,OP3,scripted,OP3,2,3,4,2
7904,1,,,0,0,1,,,0,OP3,scripted,OP3,3,2,4,2
7905,0,,,0,0,1,,,0,OP3,scripted,OP3,3,3,4,2
7906,0,,,0,0,1,,,0,OP3,scripted,OP3,2,3,4,2
7907,0,,,0,0,1,,,0,OP3,scripted,OP3,1,3,4,2
7908,1,,,0,0,1,,,0,OP3,scripted,OP3,3,2,4,2
7909,1,,,0,0,1,,,0,OP3,scripted,OP3,3,2,4,2
7910,0,,,0,0,1,,,0,OP3,scripted,OP3,2,3,4,2
7911,1,,,0,0,1,,,0,OP3,scripted,OP3,3,2,4,2
7912,0,,,0,0,1,,,0,OP3,scripted,OP3,2,3,4,2
7913,0,,,0,0,1,,,0,OP3,scripted,OP3,2,3,4,2
7914,1,,,0,0,1,,,0,OP3,scripted,OP3,3,2,4,2
7915,1,,,0,0,1,,,0,OP3,scripted,OP3,3,2,4,2
7916,0,,,0,0,1,,,0,OP3,scripted,OP3,2,3,4,2
7917,0,,,0,0,1,,,0,OP3,scripted,OP3,3,3,4,2
7918,1,,,0,0,1,,,0,OP3,scripted,OP3,3,2,4,2
7919,0,,,0,0,1,,,0,OP3,scripted,OP3,2,3,4,2
7920,1,,,0,0,1,,,0,OP3,scripted,OP3,3,2,4,2
7921,0,,,0,0,1,,,0,OP3,scripted,OP3,2,3,4,2
7922,0,,,0,0,1,,,0,OP3,scripted,OP3,2,3,4,2
7923,1,,,0,0,1,,,0,OP3,scripted,OP3,3,2,4,2
7924,1,,,0,0,1,,,0,OP3,scripted,OP3,3,2,4,2
7925,0,,,0,0,1,,,0,OP3,scripted,OP3,2,3,4,2
7926,1,,,0,0,1,,,0,OP3,scripted,OP3,3,2,4,2
7927,0,,,0,0,1,,,0,OP3,scripted,OP3,2,3,4,2
7928,0,,,0,0,1,,,0,OP3,scripted,OP3,3,3,4,2
7929,0,,,0,0,1,,,0,OP3,scripted,OP3,3,3,4,2
7930,0,,,0,0,1,,,0,OP3,scripted,OP3,2,3,4,2
7931,1,,,0,0,1,,,0,OP3,scripted,OP3,3,2,4,2
7932,0,,,0,0,1,,,0,OP3,scripted,OP3,3,3,4,2
7933,1,,,0,0,1,,,0,OP3,scripted,OP3,3,2,4,2
7934,1,,,0,0,1,,,0,OP3,scripted,OP3,3,2,4,2
7935,0,,,0,0,1,,,0,OP3,scripted,OP3,3,3,4,2
7936,1,,,0,0,1,,,0,OP3,scripted,OP3,3,2,4,2
7937,1,,,0,0,1,,,0,OP3,scripted,OP3,3,2,4,2
7938,0,,,0,0,1,,,0,OP3,scripted,OP3,2,3,4,2
7939,0,,,0,0,1,,,0,OP3,scripted,OP3,2,3,4,2
7940,1,,,0,0,1,,,0,OP3,scripted,OP3,3,2,4,2
7941,0,,,0,0,1,,,0,OP3,scripted,OP3,1,3,4,2
7942,1,,,0,0,1,,,0,OP3,scripted,OP3,3,1,4,2
7943,1,,,0,0,1,,,0,OP3,scripted,OP3,3,2,4,2
7944,0,,,0,0,1,,,0,OP3,scripted,OP3,2,3,4,2
7945,1,,,0,0,1,,,0,OP3,scripted,OP3,3,2,4,2
7946,1,,,0,0,1,,,0,OP3,scripted,OP3,3,1,4,2
7947,1,,,0,0,1,,,0,OP3,scripted,OP3,3,2,4,2
7948,0,,,0,0,1,,,0,OP3,scripted,OP3,2,3,4,2
7949,0,,,0,0,1,,,0,OP3,scripted,OP3,2,3,4,2
7950,1,,,0,0,1,,,0,OP3,scripted,OP3,3,2,4,2
7951,0,,,0,0,1,,,0,OP3,scripted,OP3,2,3,4,2
7952,1,,,0,0,1,,,0,OP3,scripted,OP3,3,2,4,2
7953,1,,,0,0,1,,,0,OP3,scripted,OP3,3,2,4,2
7954,0,,,0,0,1,,,0,OP3,scripted,OP3,2,3,4,2
7955,1,,,0,0,1,,,0,OP3,scripted,OP3,3,2,4,2
7956,0,,,0,0,1,,,0,OP3,scripted,OP3,3,3,4,2
7957,1,,,0,0,1,,,0,OP3,scripted,OP3,3,2,4,2
7958,0,,,0,0,1,,,0,OP3,scripted,OP3,2,3,4,2
7959,0,,,0,0,1,,,0,OP3,scripted,OP3,3,3,4,2
7960,0,,,0,0,1,,,0,OP3,scripted,OP3,2,3,4,2
7961,1,,,0,0,1,,,0,OP3,scripted,OP3,3,2,4,2
7962,0,,,0,0,1,,,0,OP3,scripted,OP3,1,3,4,2
7963,0,,,0,0,1,,,0,OP3,scripted,OP3,3,3,4,2
7964,1,,,0,0,1,,,0,OP3,scripted,OP3,3,2,4,2
7965,1,,,0,0,1,,,0,OP3,scripted,OP3,3,2,4,2
7966,0,,,0,0,1,,,0,OP3,scripted,OP3,3,3,4,2
7967,1,,,0,0,1,,,0,OP3,scripted,OP3,3,2,4,2
7968,1,,,0,0,1,,,0,OP3,scripted,OP3,3,1,4,2
7969,1,,,0,0,1,,,0,OP3,scripted,OP3,3,2,4,2
7970,1,,,0,0,1,,,0,OP3,scripted,OP3,3,2,4,2
7971,1,,,0,0,1,,,0,OP3,scripted,OP3,3,2,4,2
7972,1,,,0,0,1,,,0,OP3,scripted,OP3,3,2,4,2
7973,1,,,0,0,1,,,0,OP3,scripted,OP3,3,1,4,2
7974,0,,,0,0,1,,,0,OP3,scripted,OP3,2,3,4,2
7975,1,,,0,0,1,,,0,OP3,scripted,OP3,3,2,4,2
7976,0,,,0,0,1,,,0,OP3,scripted,OP3,3,3,4,2
7977,0,,,0,0,1,,,0,OP3,scripted,OP3,1,3,4,2
7978,0,,,0,0,1,,,0,OP3,scripted,OP3,2,3,4,2
7979,1,,,0,0,1,,,0,OP3,scripted,OP3,3,2,4,2
7980,1,,,0,0,1,,,0,OP3,scripted,OP3,3,2,4,2
7981,1,,,0,0,1,,,0,OP3,scripted,OP3,3,2,4,2
7982,1,,,0,0,1,,,0,OP3,scripted,OP3,3,2,4,2
7983,1,,,0,0,1,,,0,OP3,scripted,OP3,3,2,4,2
7984,1,,,0,0,1,,,0,OP3,scripted,OP3,3,1,4,2
7985,1,,,0,0,1,,,0,OP3,scripted,OP3,3,2,4,2
7986,0,,,0,0,1,,,0,OP3,scripted,OP3,1,3,4,2
7987,1,,,0,0,1,,,0,OP3,scripted,OP3,3,2,4,2
7988,0,,,0,0,1,,,0,OP3,scripted,OP3,2,3,4,2
7989,1,,,0,0,1,,,0,OP3,scripted,OP3,3,2,4,2
7990,1,,,0,0,1,,,0,OP3,scripted,OP3,3,2,4,2
7991,0,,,0,0,1,,,0,OP3,scripted,OP3,2,3,4,2
7992,0,,,0,0,1,,,0,OP3,scripted,OP3,2,3,4,2
7993,0,,,0,0,1,,,0,OP3,scripted,OP3,2,3,4,2
7994,0,,,0,0,1,,,0,OP3,scripted,OP3,2,3,4,2
7995,1,,,0,0,1,,,0,OP3,scripted,OP3,3,2,4,2
7996,1,,,0,0,1,,,0,OP3,scripted,OP3,3,2,4,2
7997,1,,,0,0,1,,,0,OP3,scripted,OP3,3,2,4,2
7998,1,,,0,0,1,,,0,OP3,scripted,OP3,3,2,4,2
7999,1,,,0,0,1,,,0,OP3,scripted,OP3,3,2,4,2
8000,1,,,0,0,1,,,0,OP3,scripted,OP3,3,2,4,2
8001,1,,,0,0,1,,,0,OP3,scripted,OP3,3,2,4,2
8002,1,,,0,0,1,,,0,OP3,scripted,OP3,3,2,4,2
8003,1,,,0,0,1,,,0,OP3,scripted,OP3,3,2,4,2
8004,0,,,0,0,1,,,0,OP3,scripted,OP3,2,3,4,2
8005,1,,,0,0,1,,,0,OP3,scripted,OP3,3,2,4,2
8006,1,,,0,0,1,,,0,OP3,scripted,OP3,3,2,4,2
8007,0,,,0,0,1,,,0,OP3,scripted,OP3,3,3,4,2
8008,0,,,0,0,1,,,0,OP3,scripted,OP3,3,3,4,2
8009,1,,,0,0,1,,,0,OP3,scripted,OP3,3,1,4,2
8010,1,,,0,0,1,,,0,OP3,scripted,OP3,3,1,4,2
8011,1,,,0,0,1,,,0,OP3,scripted,OP3,3,2,4,2
8012,1,,,0,0,1,,,0,OP3,scripted,OP3,3,2,4,2
8013,0,,,0,0,1,,,0,OP3,scripted,OP3,2,3,4,2
8014,1,,,0,0,1,,,0,OP3,scripted,OP3,3,2,4,2
8015,1,,,0,0,1,,,0,OP3,scripted,OP3,3,1,4,2
8016,0,,,0,0,1,,,0,OP3,scripted,OP3,2,3,4,2
8017,1,,,0,0,1,,,0,OP3,scripted,OP3,3,2,4,2
8018,0,,,0,0,1,,,0,OP3,scripted,OP3,2,3,4,2
8019,1,,,0,0,1,,,0,OP3,scripted,OP3,3,2,4,2
8020,0,,,0,0,1,,,0,OP3,scripted,OP3,2,3,4,2
8021,0,,,0,0,1,,,0,OP3,scripted,OP3,3,3,4,2
8022,1,,,0,0,1,,,0,OP3,scripted,OP3,3,2,4,2
8023,0,,,0,0,1,,,0,OP3,scripted,OP3,2,3,4,2
8024,1,,,0,0,1,,,0,OP3,scripted,OP3,3,2,4,2
8025,1,,,0,0,1,,,0,OP3,scripted,OP3,3,2,4,2
8026,0,,,0,0,1,,,0,OP3,scripted,OP3,2,3,4,2
8027,1,,,0,0,1,,,0,OP3,scripted,OP3,3,2,4,2
8028,0,,,0,0,1,,,0,OP3,scripted,OP3,2,3,4,2
8029,1,,,0,0,1,,,0,OP3,scripted,OP3,3,2,4,2
8030,1,,,0,0,1,,,0,OP3,scripted,OP3,3,2,4,2
8031,1,,,0,0,1,,,0,OP3,scripted,OP3,3,1,4,2
8032,0,,,0,0,1,,,0,OP3,scripted,OP3,2,3,4,2
8033,1,,,0,0,1,,,0,OP3,scripted,OP3,3,1,4,2
8034,1,,,0,0,1,,,0,OP3,scripted,OP3,3,2,4,2
8035,1,,,0,0,1,,,0,OP3,scripted,OP3,3,2,4,2
8036,1,,,0,0,1,,,0,OP3,scripted,OP3,3,2,4,2
8037,1,,,0,0,1,,,0,OP3,scripted,OP3,3,2,4,2
8038,0,,,0,0,1,,,0,OP3,scripted,OP3,2,3,4,2
8039,0,,,0,0,1,,,0,OP3,scripted,OP3,1,3,4,2
8040,0,,,0,0,1,,,0,OP3,scripted,OP3,2,3,4,2
8041,0,,,0,0,1,,,0,OP3,scripted,OP3,2,3,4,2
8042,0,,,0,0,1,,,0,OP3,scripted,OP3,3,3,4,2
8043,0,,,0,0,1,,,0,OP3,scripted,OP3,3,3,4,2
8044,1,,,0,0,1,,,0,OP3,scripted,OP3,3,1,4,2
8045,0,,,0,0,1,,,0,OP3,scripted,OP3,2,3,4,2
8046,0,,,0,0,1,,,0,OP3,scripted,OP3,3,3,4,2
8047,1,,,0,0,1,,,0,OP3,scripted,OP3,3,2,4,2
8048,1,,,0,0,1,,,0,OP3,scripted,OP3,3,1,4,2
8049,1,,,0,0,1,,,0,OP3,scripted,OP3,3,2,4,2
8050,1,,,0,0,1,,,0,OP3,scripted,OP3,3,2,4,2
8051,0,,,0,0,1,,,0,OP3,scripted,OP3,2,3,4,2
8052,1,,,0,0,1,,,0,OP3,scripted,OP3,3,2,4,2
8053,0,,,0,0,1,,,0,OP3,scripted,OP3,3,3,4,2
8054,0,,,0,0,1,,,0,OP3,scripted,OP3,2,3,4,2
8055,0,,,0,0,1,,,0,OP3,scripted,OP3,3,3,4,2
8056,0,,,0,0,1,,,0,OP3,scripted,OP3,2,3,4,2
8057,0,,,0,0,1,,,0,OP3,scripted,OP3,3,3,4,2
8058,0,,,0,0,1,,,0,OP3,scripted,OP3,3,3,4,2
8059,0,,,0,0,1,,,0,OP3,scripted,OP3,3,3,4,2
8060,1,,,0,0,1,,,0,OP3,scripted,OP3,3,2,4,2
8061,1,,,0,0,1,,,0,OP3,scripted,OP3,3,2,4,2
8062,1,,,0,0,1,,,0,OP3,scripted,OP3,3,1,4,2
8063,0,,,0,0,1,,,0,OP3,scripted,OP3,3,3,4,2
8064,0,,,0,0,1,,,0,OP3,scripted,OP3,3,3,4,2
8065,1,,,0,0,1,,,0,OP3,scripted,OP3,3,2,4,2
8066,1,,,0,0,1,,,0,OP3,scripted,OP3,3,2,4,2
8067,1,,,0,0,1,,,0,OP3,scripted,OP3,3,2,4,2
8068,1,,,0,0,1,,,0,OP3,scripted,OP3,3,2,4,2
8069,0,,,0,0,1,,,0,OP3,scripted,OP3,2,3,4,2
8070,0,,,0,0,1,,,0,OP3,scripted,OP3,3,3,4,2
8071,1,,,0,0,1,,,0,OP3,scripted,OP3,3,2,4,2
8072,0,,,0,0,1,,,0,OP3,scripted,OP3,3,3,4,2
8073,1,,,0,0,1,,,0,OP3,scripted,OP3,3,2,4,2
8074,0,,,0,0,1,,,0,OP3,scripted,OP3,3,3,4,2
8075,0,,,0,0,1,,,0,OP3,scripted,OP3,2,3,4,2
8076,1,,,0,0,1,,,0,OP3,scripted,OP3,3,1,4,2
8077,1,,,0,0,1,,,0,OP3,scripted,OP3,3,2,4,2
8078,1,,,0,0,1,,,0,OP3,scripted,OP3,3,2,4,2
8079,1,,,0,0,1,,,0,OP3,scripted,OP3,3,2,4,2
8080,1,,,0,0,1,,,0,OP3,scripted,OP3,3,2,4,2
8081,0,,,0,0,1,,,0,OP3,scripted,OP3,2,3,4,2
8082,1,,,0,0,1,,,0,OP3,scripted,OP3,3,2,4,2
8083,1,,,0,0,1,,,0,OP3,scripted,OP3,3,2,4,2
8084,1,,,0,0,1,,,0,OP3,scripted,OP3,3,2,4,2
8085,0,,,0,0,1,,,0,OP3,scripted,OP3,2,3,4,2
8086,1,,,0,0,1,,,0,OP3,scripted,OP3,3,2,4,2
8087,0,,,0,0,1,,,0,OP3,scripted,OP3,3,3,4,2
8088,0,,,0,0,1,,,0,OP3,scripted,OP3,2,3,4,2
8089,1,,,0,0,1,,,0,OP3,scripted,OP3,3,2,4,2
8090,0,,,0,0,1,,,0,OP3,scripted,OP3,3,3,4,2
8091,1,,,0,0,1,,,0,OP3,scripted,OP3,3,2,4,2
8092,0,,,0,0,1,,,0,OP3,scripted,OP3,1,3,4,2
8093,0,,,0,0,1,,,0,OP3,scripted,OP3,3,3,4,2
8094,0,,,0,0,1,,,0,OP3,scripted,OP3,3,3,4,2
8095,0,,,0,0,1,,,0,OP3,scripted,OP3,2,3,4,2
8096,0,,,0,0,1,,,0,OP3,scripted,OP3,2,3,4,2
8097,1,,,0,0,1,,,0,OP3,scripted,OP3,3,2,4,2
8098,1,,,0,0,1,,,0,OP3,scripted,OP3,3,2,4,2
8099,0,,,0,0,1,,,0,OP3,scripted,OP3,2,3,4,2
8100,0,,,0,0,1,,,0,OP3,scripted,OP3,2,3,4,2
8101,0,,,0,0,1,,,0,OP3,scripted,OP3,2,3,4,2
8102,1,,,0,0,1,,,0,OP3,scripted,OP3,3,2,4,2
8103,0,,,0,0,1,,,0,OP3,scripted,OP3,2,3,4,2
8104,1,,,0,0,1,,,0,OP3,scripted,OP3,3,2,4,2
8105,1,,,0,0,1,,,0,OP3,scripted,OP3,3,2,4,2
8106,0,,,0,0,1,,,0,OP3,scripted,OP3,2,3,4,2
8107,1,,,0,0,1,,,0,OP3,scripted,OP3,3,2,4,2
8108,1,,,0,0,1,,,0,OP3,scripted,OP3,3,2,4,2
8109,0,,,0,0,1,,,0,OP3,scripted,OP3,2,3,4,2
8110,1,,,0,0,1,,,0,OP3,scripted,OP3,3,2,4,2
8111,0,,,0,0,1,,,0,OP3,scripted,OP3,2,3,4,2
8112,1,,,0,0,1,,,0,OP3,scripted,OP3,3,1,4,2
8113,0,,,0,0,1,,,0,OP3,scripted,OP3,2,3,4,2
8114,1,,,0,0,1,,,0,OP3,scripted,OP3,3,2,4,2
8115,0,,,0,0,1,,,0,OP3,scripted,OP3,3,3,4,2
8116,1,,,0,0,1,,,0,OP3,scripted,OP3,3,2,4,2
8117,1,,,0,0,1,,,0,OP3,scripted,OP3,3,1,4,2
8118,0,,,0,0,1,,,0,OP3,scripted,OP3,2,3,4,2
8119,0,,,0,0,1,,,0,OP3,scripted,OP3,1,3,4,2
8120,1,,,0,0,1,,,0,OP3,scripted,OP3,3,2,4,2
8121,1,,,0,0,1,,,0,OP3,scripted,OP3,3,2,4,2
8122,0,,,0,0,1,,,0,OP3,scripted,OP3,2,3,4,2
8123,1,,,0,0,1,,,0,OP3,scripted,OP3,3,2,4,2
8124,0,,,0,0,1,,,0,OP3,scripted,OP3,2,3,4,2
8125,0,,,0,0,1,,,0,OP3,scripted,OP3,2,3,4,2
8126,1,,,0,0,1,,,0,OP3,scripted,OP3,3,2,4,2
8127,0,,,0,0,1,,,0,OP3,scripted,OP3,3,3,4,2
8128,1,,,0,0,1,,,0,OP3,scripted,OP3,3,2,4,2
8129,0,,,0,0,1,,,0,OP3,scripted,OP3,1,3,4,2
8130,1,,,0,0,1,,,0,OP3,scripted,OP3,3,2,4,2
8131,1,,,0,0,1,,,0,OP3,scripted,OP3,3,0,4,2
8132,1,,,0,0,1,,,0,OP3,scripted,OP3,3,2,4,2
8133,1,,,0,0,1,,,0,OP3,scripted,OP3,3,0,4,2
8134,0,,,0,0,1,,,0,OP3,scripted,OP3,3,3,4,2
8135,1,,,0,0,1,,,0,OP3,scripted,OP3,3,1,4,2
8136,0,,,0,0,1,,,0,OP3,scripted,OP3,2,3,4,2
8137,1,,,0,0,1,,,0,OP3,scripted,OP3,3,2,4,2
8138,0,,,0,0,1,,,0,OP3,scripted,OP3,2,3,4,2
8139,1,,,0,0,1,,,0,OP3,scripted,OP3,3,2,4,2
8140,0,,,0,0,1,,,0,OP3,scripted,OP3,3,3,4,2
8141,1,,,0,0,1,,,0,OP3,scripted,OP3,3,2,4,2
8142,0,,,0,0,1,,,0,OP3,scripted,OP3,1,3,4,2
8143,0,,,0,0,1,,,0,OP3,scripted,OP3,2,3,4,2
8144,1,,,0,0,1,,,0,OP3,scripted,OP3,3,2,4,2
8145,1,,,0,0,1,,,0,OP3,scripted,OP3,3,2,4,2
8146,1,,,0,0,1,,,0,OP3,scripted,OP3,3,1,4,2
8147,1,,,0,0,1,,,0,OP3,scripted,OP3,3,2,4,2
8148,1,,,0,0,1,,,0,OP3,scripted,OP3,3,2,4,2
8149,0,,,0,0,1,,,0,OP3,scripted,OP3,3,3,4,2
8150,0,,,0,0,1,,,0,OP3,scripted,OP3,2,3,4,2
8151,0,,,0,0,1,,,0,OP3,scripted,OP3,2,3,4,2
8152,0,,,0,0,1,,,0,OP3,scripted,OP3,3,3,4,2
8153,1,,,0,0,1,,,0,OP3,scripted,OP3,3,2,4,2
8154,0,,,0,0,1,,,0,OP3,scripted,OP3,2,3,4,2
8155,0,,,0,0,1,,,0,OP3,scripted,OP3,2,3,4,2
8156,0,,,0,0,1,,,0,OP3,scripted,OP3,3,3,4,2
8157,0,,,0,0,1,,,0,OP3,scripted,OP3,3,3,4,2
8158,0,,,0,0,1,,,0,OP3,scripted,OP3,3,3,4,2
8159,0,,,0,0,1,,,0,OP3,scripted,OP3,3,3,4,2
8160,1,,,0,0,1,,,0,OP3,scripted,OP3,3,2,4,2
8161,1,,,0,0,1,,,0,OP3,scripted,OP3,3,2,4,2
8162,1,,,0,0,1,,,0,OP3,scripted,OP3,3,2,4,2
8163,0,,,0,0,1,,,0,OP3,scripted,OP3,3,3,4,2
8164,0,,,0,0,1,,,0,OP3,scripted,OP3,2,3,4,2
8165,1,,,0,0,1,,,0,OP3,scripted,OP3,3,2,4,2
8166,0,,,0,0,1,,,0,OP3,scripted,OP3,2,3,4,2
8167,1,,,0,0,1,,,0,OP3,scripted,OP3,3,2,4,2
8168,0,,,0,0,1,,,0,OP3,scripted,OP3,3,3,4,2
8169,1,,,0,0,1,,,0,OP3,scripted,OP3,3,2,4,2
8170,1,,,0,0,1,,,0,OP3,scripted,OP3,3,2,4,2
8171,1,,,0,0,1,,,0,OP3,scripted,OP3,3,2,4,2
8172,0,,,0,0,1,,,0,OP3,scripted,OP3,3,3,4,2
8173,1,,,0,0,1,,,0,OP3,scripted,OP3,3,2,4,2
8174,0,,,0,0,1,,,0,OP3,scripted,OP3,1,3,4,2
8175,0,,,0,0,1,,,0,OP3,scripted,OP3,2,3,4,2
8176,1,,,0,0,1,,,0,OP3,scripted,OP3,3,2,4,2
8177,0,,,0,0,1,,,0,OP3,scripted,OP3,2,3,4,2
8178,1,,,0,0,1,,,0,OP3,scripted,OP3,3,2,4,2
8179,1,,,0,0,1,,,0,OP3,scripted,OP3,3,2,4,2
8180,1,,,0,0,1,,,0,OP3,scripted,OP3,3,2,4,2
8181,1,,,0,0,1,,,0,OP3,scripted,OP3,3,2,4,2
8182,0,,,0,0,1,,,0,OP3,scripted,OP3,2,3,4,2
8183,1,,,0,0,1,,,0,OP3,scripted,OP3,3,2,4,2
8184,1,,,0,0,1,,,0,OP3,scripted,OP3,3,2,4,2
8185,0,,,0,0,1,,,0,OP3,scripted,OP3,3,3,4,2
8186,0,,,0,0,1,,,0,OP3,scripted,OP3,2,3,4,2
8187,0,,,0,0,1,,,0,OP3,scripted,OP3,2,3,4,2
8188,1,,,0,0,1,,,0,OP3,scripted,OP3,3,2,4,2
8189,0,,,0,0,1,,,0,OP3,scripted,OP3,2,3,4,2
8190,1,,,0,0,1,,,0,OP3,scripted,OP3,3,2,4,2
8191,0,,,0,0,1,,,0,OP3,scripted,OP3,2,3,4,2
8192,1,,,0,0,1,,,0,OP3,scripted,OP3,3,2,4,2
8193,1,,,0,0,1,,,0,OP3,scripted,OP3,3,2,4,2
8194,1,,,0,0,1,,,0,OP3,scripted,OP3,3,1,4,2
8195,0,,,0,0,1,,,0,OP3,scripted,OP3,2,3,4,2
8196,1,,,0,0,1,,,0,OP3,scripted,OP3,3,2,4,2
8197,1,,,0,0,1,,,0,OP3,scripted,OP3,3,2,4,2
8198,1,,,0,0,1,,,0,OP3,scripted,OP3,3,2,4,2
8199,0,,,0,0,1,,,0,OP3,scripted,OP3,3,3,4,2
8200,1,,,0,0,1,,,0,OP3,scripted,OP3,3,2,4,2
8201,1,,,0,0,1,,,0,OP3,scripted,OP3,3,2,4,2
8202,1,,,0,0,1,,,0,OP3,scripted,OP3,3,1,4,2
8203,0,,,0,0,1,,,0,OP3,scripted,OP3,2,3,4,2
8204,1,,,0,0,1,,,0,OP3,scripted,OP3,3,2,4,2
8205,0,,,0,0,1,,,0,OP3,scripted,OP3,3,3,4,2
8206,1,,,0,0,1,,,0,OP3,scripted,OP3,3,2,4,2
8207,1,,,0,0,1,,,0,OP3,scripted,OP3,3,1,4,2
8208,0,,,0,0,1,,,0,OP3,scripted,OP3,3,3,4,2
8209,1,,,0,0,1,,,0,OP3,scripted,OP3,3,2,4,2
8210,1,,,0,0,1,,,0,OP3,scripted,OP3,3,2,4,2
8211,0,,,0,0,1,,,0,OP3,scripted,OP3,2,3,4,2
8212,0,,,0,0,1,,,0,OP3,scripted,OP3,2,3,4,2
8213,1,,,0,0,1,,,0,OP3,scripted,OP3,3,2,4,2
8214,0,,,0,0,1,,,0,OP3,scripted,OP3,2,3,4,2
8215,1,,,0,0,1,,,0,OP3,scripted,OP3,3,2,4,2
8216,1,,,0,0,1,,,0,OP3,scripted,OP3,3,2,4,2
8217,0,,,0,0,1,,,0,OP3,scripted,OP3,2,3,4,2
8218,0,,,0,0,1,,,0,OP3,scripted,OP3,2,3,4,2
8219,1,,,0,0,1,,,0,OP3,scripted,OP3,3,2,4,2
8220,1,,,0,0,1,,,0,OP3,scripted,OP3,3,2,4,2
8221,1,,,0,0,1,,,0,OP3,scripted,OP3,3,1,4,2
8222,1,,,0,0,1,,,0,OP3,scripted,OP3,3,2,4,2
8223,0,,,0,0,1,,,0,OP3,scripted,OP3,2,3,4,2
8224,0,,,0,0,1,,,0,OP3,scripted,OP3,2,3,4,2
8225,0,,,0,0,1,,,0,OP3,scripted,OP3,2,3,4,2
8226,0,,,0,0,1,,,0,OP3,scripted,OP3,3,3,4,2
8227,0,,,0,0,1,,,0,OP3,scripted,OP3,2,3,4,2
8228,1,,,0,0,1,,,0,OP3,scripted,OP3,3,1,4,2
8229,0,,,0,0,1,,,0,OP3,scripted,OP3,2,3,4,2
8230,1,,,0,0,1,,,0,OP3,scripted,OP3,3,2,4,2
8231,0,,,0,0,1,,,0,OP3,scripted,OP3,3,3,4,2
8232,0,,,0,0,1,,,0,OP3,scripted,OP3,3,3,4,2
8233,1,,,0,0,1,,,0,OP3,scripted,OP3,3,2,4,2
8234,0,,,0,0,1,,,0,OP3,scripted,OP3,3,3,4,2
8235,1,,,0,0,1,,,0,OP3,scripted,OP3,3,2,4,2
8236,1,,,0,0,1,,,0,OP3,scripted,OP3,3,2,4,2
8237,1,,,0,0,1,,,0,OP3,scripted,OP3,3,2,4,2
8238,0,,,0,0,1,,,0,OP3,scripted,OP3,2,3,4,2
8239,1,,,0,0,1,,,0,OP3,scripted,OP3,3,2,4,2
8240,1,,,0,0,1,,,0,OP3,scripted,OP3,3,2,4,2
8241,0,,,0,0,1,,,0,OP3,scripted,OP3,2,3,4,2
8242,1,,,0,0,1,,,0,OP3,scripted,OP3,3,2,4,2
8243,0,,,0,0,1,,,0,OP3,scripted,OP3,2,3,4,2
8244,1,,,0,0,1,,,0,OP3,scripted,OP3,3,2,4,2
8245,1,,,0,0,1,,,0,OP3,scripted,OP3,3,2,4,2
8246,1,,,0,0,1,,,0,OP3,scripted,OP3,3,2,4,2
8247,0,,,0,0,1,,,0,OP3,scripted,OP3,2,3,4,2
8248,1,,,0,0,1,,,0,OP3,scripted,OP3,3,2,4,2
8249,1,,,0,0,1,,,0,OP3,scripted,OP3,3,1,4,2
8250,1,,,0,0,1,,,0,OP3,scripted,OP3,3,2,4,2
8251,0,,,0,0,1,,,0,OP3,scripted,OP3,2,3,4,2
8252,1,,,0,0,1,,,0,OP3,scripted,OP3,3,1,4,2
8253,1,,,0,0,1,,,0,OP3,scripted,OP3,3,2,4,2
8254,1,,,0,0,1,,,0,OP3,scripted,OP3,3,2,4,2
8255,1,,,0,0,1,,,0,OP3,scripted,OP3,3,2,4,2
8256,0,,,0,0,1,,,0,OP3,scripted,OP3,2,3,4,2
8257,0,,,0,0,1,,,0,OP3,scripted,OP3,2,3,4,2
8258,1,,,0,0,1,,,0,OP3,scripted,OP3,3,2,4,2
8259,1,,,0,0,1,,,0,OP3,scripted,OP3,3,2,4,2
8260,1,,,0,0,1,,,0,OP3,scripted,OP3,3,2,4,2
8261,1,,,0,0,1,,,0,OP3,scripted,OP3,3,2,4,2
8262,0,,,0,0,1,,,0,OP3,scripted,OP3,2,3,4,2
8263,0,,,0,0,1,,,0,OP3,scripted,OP3,3,3,4,2
8264,1,,,0,0,1,,,0,OP3,scripted,OP3,3,2,4,2
8265,1,,,0,0,1,,,0,OP3,scripted,OP3,3,2,4,2
8266,0,,,0,0,1,,,0,OP3,scripted,OP3,2,3,4,2
8267,1,,,0,0,1,,,0,OP3,scripted,OP3,3,1,4,2
8268,1,,,0,0,1,,,0,OP3,scripted,OP3,3,2,4,2
8269,1,,,0,0,1,,,0,OP3,scripted,OP3,3,2,4,2
8270,0,,,0,0,1,,,0,OP3,scripted,OP3,2,3,4,2
8271,1,,,0,0,1,,,0,OP3,scripted,OP3,3,2,4,2
8272,0,,,0,0,1,,,0,OP3,scripted,OP3,2,3,4,2
8273,1,,,0,0,1,,,0,OP3,scripted,OP3,3,2,4,2
8274,1,,,0,0,1,,,0,OP3,scripted,OP3,3,1,4,2
8275,1,,,0,0,1,,,0,OP3,scripted,OP3,3,2,4,2
8276,1,,,0,0,1,,,0,OP3,scripted,OP3,3,1,4,2
8277,1,,,0,0,1,,,0,OP3,scripted,OP3,3,2,4,2
8278,1,,,0,0,1,,,0,OP3,scripted,OP3,3,2,4,2
8279,1,,,0,0,1,,,0,OP3,scripted,OP3,3,2,4,2
8280,0,,,0,0,1,,,0,OP3,scripted,OP3,2,3,4,2
8281,0,,,0,0,1,,,0,OP3,scripted,OP3,2,3,4,2
8282,0,,,0,0,1,,,0,OP3,scripted,OP3,2,3,4,2
8283,0,,,0,0,1,,,0,OP3,scripted,OP3,3,3,4,2
8284,1,,,0,0,1,,,0,OP3,scripted,OP3,3,2,4,2
8285,1,,,0,0,1,,,0,OP3,scripted,OP3,3,2,4,2
8286,1,,,0,0,1,,,0,OP3,scripted,OP3,3,2,4,2
8287,0,,,0,0,1,,,0,OP3,scripted,OP3,2,3,4,2
8288,0,,,0,0,1,,,0,OP3,scripted,OP3,2,3,4,2
8289,1,,,0,0,1,,,0,OP3,scripted,OP3,3,2,4,2
8290,0,,,0,0,1,,,0,OP3,scripted,OP3,2,3,4,2
8291,1,,,0,0,1,,,0,OP3,scripted,OP3,3,2,4,2
8292,0,,,0,0,1,,,0,OP3,scripted,OP3,2,3,4,2
8293,1,,,0,0,1,,,0,OP3,scripted,OP3,3,2,4,2
8294,1,,,0,0,1,,,0,OP3,scripted,OP3,3,2,4,2
8295,1,,,0,0,1,,,0,OP3,scripted,OP3,3,2,4,2
8296,0,,,0,0,1,,,0,OP3,scripted,OP3,3,3,4,2
8297,1,,,0,0,1,,,0,OP3,scripted,OP3,3,2,4,2
8298,0,,,0,0,1,,,0,OP3,scripted,OP3,2,3,4,2
8299,1,,,0,0,1,,,0,OP3,scripted,OP3,3,2,4,2
8300,1,,,0,0,1,,,0,OP3,scripted,OP3,3,2,4,2
8301,0,,,0,0,1,,,0,OP3,scripted,OP3,2,3,4,2
8302,0,,,0,0,1,,,0,OP3,scripted,OP3,2,3,4,2
8303,0,,,0,0,1,,,0,OP3,scripted,OP3,1,3,4,2
8304,0,,,0,0,1,,,0,OP3,scripted,OP3,2,3,4,2
8305,0,,,0,0,1,,,0,OP3,scripted,OP3,3,3,4,2
8306,1,,,0,0,1,,,0,OP3,scripted,OP3,3,2,4,2
8307,0,,,0,0,1,,,0,OP3,scripted,OP3,3,3,4,2
8308,1,,,0,0,1,,,0,OP3,scripted,OP3,3,1,4,2
8309,0,,,0,0,1,,,0,OP3,scripted,OP3,2,3,4,2
8310,1,,,0,0,1,,,0,OP3,scripted,OP3,3,2,4,2
8311,0,,,0,0,1,,,0,OP3,scripted,OP3,2,3,4,2
8312,1,,,0,0,1,,,0,OP3,scripted,OP3,3,2,4,2
8313,1,,,0,0,1,,,0,OP3,scripted,OP3,3,0,4,2
8314,1,,,0,0,1,,,0,OP3,scripted,OP3,3,2,4,2
8315,1,,,0,0,1,,,0,OP3,scripted,OP3,3,2,4,2
8316,0,,,0,0,1,,,0,OP3,scripted,OP3,1,3,4,2
8317,0,,,0,0,1,,,0,OP3,scripted,OP3,3,3,4,2
8318,1,,,0,0,1,,,0,OP3,scripted,OP3,3,2,4,2
8319,1,,,0,0,1,,,0,OP3,scripted,OP3,3,2,4,2
8320,1,,,0,0,1,,,0,OP3,scripted,OP3,3,2,4,2
8321,1,,,0,0,1,,,0,OP3,scripted,OP3,3,2,4,2
8322,1,,,0,0,1,,,0,OP3,scripted,OP3,3,1,4,2
8323,1,,,0,0,1,,,0,OP3,scripted,OP3,3,2,4,2
8324,1,,,0,0,1,,,0,OP3,scripted,OP3,3,2,4,2
8325,1,,,0,0,1,,,0,OP3,scripted,OP3,3,2,4,2
8326,1,,,0,0,1,,,0,OP3,scripted,OP3,3,1,4,2
8327,1,,,0,0,1,,,0,OP3,scripted,OP3,3,2,4,2
8328,1,,,0,0,1,,,0,OP3,scripted,OP3,3,2,4,2
8329,0,,,0,0,1,,,0,OP3,scripted,OP3,2,3,4,2
8330,0,,,0,0,1,,,0,OP3,scripted,OP3,2,3,4,2
8331,1,,,0,0,1,,,0,OP3,scripted,OP3,3,2,4,2
8332,1,,,0,0,1,,,0,OP3,scripted,OP3,3,2,4,2
8333,1,,,0,0,1,,,0,OP3,scripted,OP3,3,2,4,2
8334,0,,,0,0,1,,,0,OP3,scripted,OP3,3,3,4,2
8335,0,,,0,0,1,,,0,OP3,scripted,OP3,3,3,4,2
8336,1,,,0,0,1,,,0,OP3,scripted,OP3,3,2,4,2
8337,0,,,0,0,1,,,0,OP3,scripted,OP3,2,3,4,2
8338,0,,,0,0,1,,,0,OP3,scripted,OP3,3,3,4,2
8339,0,,,0,0,1,,,0,OP3,scripted,OP3,2,3,4,2
8340,1,,,0,0,1,,,0,OP3,scripted,OP3,3,2,4,2
8341,0,,,0,0,1,,,0,OP3,scripted,OP3,2,3,4,2
8342,0,,,0,0,1,,,0,OP3,scripted,OP3,2,3,4,2
8343,1,,,0,0,1,,,0,OP3,scripted,OP3,3,2,4,2
8344,1,,,0,0,1,,,0,OP3,scripted,OP3,3,2,4,2
8345,0,,,0,0,1,,,0,OP3,scripted,OP3,2,3,4,2
8346,1,,,0,0,1,,,0,OP3,scripted,OP3,3,2,4,2
8347,1,,,0,0,1,,,0,OP3,scripted,OP3,3,2,4,2
8348,1,,,0,0,1,,,0,OP3,scripted,OP3,3,2,4,2
8349,1,,,0,0,1,,,0,OP3,scripted,OP3,3,2,4,2
8350,1,,,0,0,1,,,0,OP3,scripted,OP3,3,2,4,2
8351,1,,,0,0,1,,,0,OP3,scripted,OP3,3,2,4,2
8352,1,,,0,0,1,,,0,OP3,scripted,OP3,3,2,4,2
8353,1,,,0,0,1,,,0,OP3,scripted,OP3,3,2,4,2
8354,1,,,0,0,1,,,0,OP3,scripted,OP3,3,2,4,2
8355,1,,,0,0,1,,,0,OP3,scripted,OP3,3,2,4,2
8356,0,,,0,0,1,,,0,OP3,scripted,OP3,3,3,4,2
8357,1,,,0,0,1,,,0,OP3,scripted,OP3,3,1,4,2
8358,0,,,0,0,1,,,0,OP3,scripted,OP3,2,3,4,2
8359,0,,,0,0,1,,,0,OP3,scripted,OP3,3,3,4,2
8360,0,,,0,0,1,,,0,OP3,scripted,OP3,2,3,4,2
8361,0,,,0,0,1,,,0,OP3,scripted,OP3,2,3,4,2
8362,0,,,0,0,1,,,0,OP3,scripted,OP3,1,3,4,2
8363,0,,,0,0,1,,,0,OP3,scripted,OP3,3,3,4,2
8364,1,,,0,0,1,,,0,OP3,scripted,OP3,3,2,4,2
8365,0,,,0,0,1,,,0,OP3,scripted,OP3,2,3,4,2
8366,1,,,0,0,1,,,0,OP3,scripted,OP3,3,2,4,2
8367,0,,,0,0,1,,,0,OP3,scripted,OP3,2,3,4,2
8368,0,,,0,0,1,,,0,OP3,scripted,OP3,2,3,4,2
8369,1,,,0,0,1,,,0,OP3,scripted,OP3,3,1,4,2
8370,0,,,0,0,1,,,0,OP3,scripted,OP3,2,3,4,2
8371,0,,,0,0,1,,,0,OP3,scripted,OP3,3,3,4,2
8372,0,,,0,0,1,,,0,OP3,scripted,OP3,2,3,4,2
8373,0,,,0,0,1,,,0,OP3,scripted,OP3,2,3,4,2
8374,0,,,0,0,1,,,0,OP3,scripted,OP3,2,3,4,2
8375,0,,,0,0,1,,,0,OP3,scripted,OP3,2,3,4,2
8376,0,,,0,0,1,,,0,OP3,scripted,OP3,2,3,4,2
8377,1,,,0,0,1,,,0,OP3,scripted,OP3,3,1,4,2
8378,1,,,0,0,1,,,0,OP3,scripted,OP3,3,2,4,2
8379,1,,,0,0,1,,,0,OP3,scripted,OP3,3,2,4,2
8380,1,,,0,0,1,,,0,OP3,scripted,OP3,3,2,4,2
8381,1,,,0,0,1,,,0,OP3,scripted,OP3,3,2,4,2
8382,0,,,0,0,1,,,0,OP3,scripted,OP3,2,3,4,2
8383,0,,,0,0,1,,,0,OP3,scripted,OP3,2,3,4,2
8384,0,,,0,0,1,,,0,OP3,scripted,OP3,2,3,4,2
8385,0,,,0,0,1,,,0,OP3,scripted,OP3,2,3,4,2
8386,1,,,0,0,1,,,0,OP3,scripted,OP3,3,1,4,2
8387,1,,,0,0,1,,,0,OP3,scripted,OP3,3,1,4,2
8388,1,,,0,0,1,,,0,OP3,scripted,OP3,3,1,4,2
8389,1,,,0,0,1,,,0,OP3,scripted,OP3,3,2,4,2
8390,0,,,0,0,1,,,0,OP3,scripted,OP3,2,3,4,2
8391,1,,,0,0,1,,,0,OP3,scripted,OP3,3,2,4,2
8392,1,,,0,0,1,,,0,OP3,scripted,OP3,3,2,4,2
8393,0,,,0,0,1,,,0,OP3,scripted,OP3,2,3,4,2
8394,1,,,0,0,1,,,0,OP3,scripted,OP3,3,2,4,2
8395,1,,,0,0,1,,,0,OP3,scripted,OP3,3,2,4,2
8396,1,,,0,0,1,,,0,OP3,scripted,OP3,3,2,4,2
8397,0,,,0,0,1,,,0,OP3,scripted,OP3,3,3,4,2
8398,1,,,0,0,1,,,0,OP3,scripted,OP3,3,2,4,2
8399,0,,,0,0,1,,,0,OP3,scripted,OP3,3,3,4,2
8400,1,,,0,0,1,,,0,OP3,scripted,OP3,3,2,4,2
8401,1,,,0,0,1,,,0,OP3,scripted,OP3,3,2,4,2
8402,0,,,0,0,1,,,0,OP3,scripted,OP3,2,3,4,2
8403,1,,,0,0,1,,,0,OP3,scripted,OP3,3,2,4,2
8404,0,,,0,0,1,,,0,OP3,scripted,OP3,1,3,4,2
8405,1,,,0,0,1,,,0,OP3,scripted,OP3,3,2,4,2
8406,0,,,0,0,1,,,0,OP3,scripted,OP3,2,3,4,2
8407,1,,,0,0,1,,,0,OP3,scripted,OP3,3,1,4,2
8408,0,,,0,0,1,,,0,OP3,scripted,OP3,2,3,4,2
8409,1,,,0,0,1,,,0,OP3,scripted,OP3,3,2,4,2
8410,0,,,0,0,1,,,0,OP3,scripted,OP3,3,3,4,2
8411,1,,,0,0,1,,,0,OP3,scripted,OP3,3,2,4,2
8412,0,,,0,0,1,,,0,OP3,scripted,OP3,2,3,4,2
8413,0,,,0,0,1,,,0,OP3,scripted,OP3,2,3,4,2
8414,0,,,0,0,1,,,0,OP3,scripted,OP3,2,3,4,2
8415,1,,,0,0,1,,,0,OP3,scripted,OP3,3,2,4,2
8416,0,,,0,0,1,,,0,OP3,scripted,OP3,3,3,4,2
8417,1,,,0,0,1,,,0,OP3,scripted,OP3,3,2,4,2
8418,0,,,0,0,1,,,0,OP3,scripted,OP3,2,3,4,2
8419,1,,,0,0,1,,,0,OP3,scripted,OP3,3,2,4,2
8420,0,,,0,0,1,,,0,OP3,scripted,OP3,2,3,4,2
8421,1,,,0,0,1,,,0,OP3,scripted,OP3,3,1,4,2
8422,1,,,0,0,1,,,0,OP3,scripted,OP3,3,2,4,2
8423,0,,,0,0,1,,,0,OP3,scripted,OP3,3,3,4,2
8424,0,,,0,0,1,,,0,OP3,scripted,OP3,3,3,4,2
8425,1,,,0,0,1,,,0,OP3,scripted,OP3,3,2,4,2
8426,1,,,0,0,1,,,0,OP3,scripted,OP3,3,2,4,2
8427,1,,,0,0,1,,,0,OP3,scripted,OP3,3,2,4,2
8428,1,,,0,0,1,,,0,OP3,scripted,OP3,3,1,4,2
8429,1,,,0,0,1,,,0,OP3,scripted,OP3,3,2,4,2
8430,1,,,0,0,1,,,0,OP3,scripted,OP3,3,2,4,2
8431,0,,,0,0,1,,,0,OP3,scripted,OP3,3,3,4,2
8432,0,,,0,0,1,,,0,OP3,scripted,OP3,2,3,4,2
8433,0,,,0,0,1,,,0,OP3,scripted,OP3,3,3,4,2
8434,1,,,0,0,1,,,0,OP3,scripted,OP3,3,2,4,2
8435,1,,,0,0,1,,,0,OP3,scripted,OP3,3,2,4,2
8436,1,,,0,0,1,,,0,OP3,scripted,OP3,3,2,4,2
8437,1,,,0,0,1,,,0,OP3,scripted,OP3,3,2,4,2
8438,1,,,0,0,1,,,0,OP3,scripted,OP3,3,2,4,2
8439,1,,,0,0,1,,,0,OP3,scripted,OP3,3,2,4,2
8440,1,,,0,0,1,,,0,OP3,scripted,OP3,3,2,4,2
8441,1,,,0,0,1,,,0,OP3,scripted,OP3,3,2,4,2
8442,1,,,0,0,1,,,0,OP3,scripted,OP3,3,2,4,2
8443,1,,,0,0,1,,,0,OP3,scripted,OP3,3,2,4,2
8444,1,,,0,0,1,,,0,OP3,scripted,OP3,3,2,4,2
8445,1,,,0,0,1,,,0,OP3,scripted,OP3,3,2,4,2
8446,0,,,0,0,1,,,0,OP3,scripted,OP3,2,3,4,2
8447,1,,,0,0,1,,,0,OP3,scripted,OP3,3,2,4,2
8448,1,,,0,0,1,,,0,OP3,scripted,OP3,3,2,4,2
8449,1,,,0,0,1,,,0,OP3,scripted,OP3,3,1,4,2
8450,1,,,0,0,1,,,0,OP3,scripted,OP3,3,2,4,2
8451,0,,,0,0,1,,,0,OP3,scripted,OP3,3,3,4,2
8452,0,,,0,0,1,,,0,OP3,scripted,OP3,3,3,4,2
8453,1,,,0,0,1,,,0,OP3,scripted,OP3,3,1,4,2
8454,1,,,0,0,1,,,0,OP3,scripted,OP3,3,2,4,2
8455,1,,,0,0,1,,,0,OP3,scripted,OP3,3,1,4,2
8456,1,,,0,0,1,,,0,OP3,scripted,OP3,3,2,4,2
8457,1,,,0,0,1,,,0,OP3,scripted,OP3,3,2,4,2
8458,1,,,0,0,1,,,0,OP3,scripted,OP3,3,2,4,2
8459,1,,,0,0,1,,,0,OP3,scripted,OP3,3,2,4,2
8460,0,,,0,0,1,,,0,OP3,scripted,OP3,2,3,4,2
8461,1,,,0,0,1,,,0,OP3,scripted,OP3,3,2,4,2
8462,1,,,0,0,1,,,0,OP3,scripted,OP3,3,2,4,2
8463,1,,,0,0,1,,,0,OP3,scripted,OP3,3,2,4,2
8464,0,,,0,0,1,,,0,OP3,scripted,OP3,2,3,4,2
8465,1,,,0,0,1,,,0,OP3,scripted,OP3,3,2,4,2
8466,1,,,0,0,1,,,0,OP3,scripted,OP3,3,2,4,2
8467,1,,,0,0,1,,,0,OP3,scripted,OP3,3,2,4,2
8468,1,,,0,0,1,,,0,OP3,scripted,OP3,3,1,4,2
8469,1,,,0,0,1,,,0,OP3,scripted,OP3,3,2,4,2
8470,0,,,0,0,1,,,0,OP3,scripted,OP3,2,3,4,2
8471,1,,,0,0,1,,,0,OP3,scripted,OP3,3,2,4,2
8472,0,,,0,0,1,,,0,OP3,scripted,OP3,3,3,4,2
8473,1,,,0,0,1,,,0,OP3,scripted,OP3,3,2,4,2
8474,1,,,0,0,1,,,0,OP3,scripted,OP3,3,2,4,2
8475,0,,,0,0,1,,,0,OP3,scripted,OP3,3,3,4,2
8476,1,,,0,0,1,,,0,OP3,scripted,OP3,3,2,4,2
8477,0,,,0,0,1,,,0,OP3,scripted,OP3,1,3,4,2
8478,0,,,0,0,1,,,0,OP3,scripted,OP3,3,3,4,2
8479,1,,,0,0,1,,,0,OP3,scripted,OP3,3,1,4,2
8480,1,,,0,0,1,,,0,OP3,scripted,OP3,3,2,4,2
8481,0,,,0,0,1,,,0,OP3,scripted,OP3,2,3,4,2
8482,1,,,0,0,1,,,0,OP3,scripted,OP3,3,2,4,2
8483,0,,,0,0,1,,,0,OP3,scripted,OP3,2,3,4,2
8484,1,,,0,0,1,,,0,OP3,scripted,OP3,3,2,4,2
8485,1,,,0,0,1,,,0,OP3,scripted,OP3,3,2,4,2
8486,0,,,0,0,1,,,0,OP3,scripted,OP3,2,3,4,2
8487,0,,,0,0,1,,,0,OP3,scripted,OP3,2,3,4,2
8488,0,,,0,0,1,,,0,OP3,scripted,OP3,1,3,4,2
8489,1,,,0,0,1,,,0,OP3,scripted,OP3,3,2,4,2
8490,1,,,0,0,1,,,0,OP3,scripted,OP3,3,2,4,2
8491,0,,,0,0,1,,,0,OP3,scripted,OP3,2,3,4,2
8492,1,,,0,0,1,,,0,OP3,scripted,OP3,3,2,4,2
8493,1,,,0,0,1,,,0,OP3,scripted,OP3,3,2,4,2
8494,1,,,0,0,1,,,0,OP3,scripted,OP3,3,2,4,2
8495,1,,,0,0,1,,,0,OP3,scripted,OP3,3,2,4,2
8496,1,,,0,0,1,,,0,OP3,scripted,OP3,3,2,4,2
8497,0,,,0,0,1,,,0,OP3,scripted,OP3,3,3,4,2
8498,1,,,0,0,1,,,0,OP3,scripted,OP3,3,2,4,2
8499,1,,,0,0,1,,,0,OP3,scripted,OP3,3,2,4,2
8500,0,,,0,0,1,,,0,OP3,scripted,OP3,2,3,4,2
8501,0,,,0,0,1,,,0,OP3,scripted,OP3,3,3,4,2
8502,0,,,0,0,1,,,0,OP3,scripted,OP3,2,3,4,2
8503,1,,,0,0,1,,,0,OP3,scripted,OP3,3,2,4,2
8504,0,,,0,0,1,,,0,OP3,scripted,OP3,2,3,4,2
8505,0,,,0,0,1,,,0,OP3,scripted,OP3,3,3,4,2
8506,0,,,0,0,1,,,0,OP3,scripted,OP3,1,3,4,2
8507,1,,,0,0,1,,,0,OP3,scripted,OP3,3,2,4,2
8508,1,,,0,0,1,,,0,OP3,scripted,OP3,3,2,4,2
8509,1,,,0,0,1,,,0,OP3,scripted,OP3,3,2,4,2
8510,1,,,0,0,1,,,0,OP3,scripted,OP3,3,2,4,2
8511,1,,,0,0,1,,,0,OP3,scripted,OP3,3,2,4,2
8512,0,,,0,0,1,,,0,OP3,scripted,OP3,1,3,4,2
8513,1,,,0,0,1,,,0,OP3,scripted,OP3,3,2,4,2
8514,0,,,0,0,1,,,0,OP3,scripted,OP3,3,3,4,2
8515,0,,,0,0,1,,,0,OP3,scripted,OP3,1,3,4,2
8516,1,,,0,0,1,,,0,OP3,scripted,OP3,3,2,4,2
8517,1,,,0,0,1,,,0,OP3,scripted,OP3,3,2,4,2
8518,1,,,0,0,1,,,0,OP3,scripted,OP3,3,2,4,2
8519,1,,,0,0,1,,,0,OP3,scripted,OP3,3,1,4,2
8520,1,,,0,0,1,,,0,OP3,scripted,OP3,3,2,4,2
8521,1,,,0,0,1,,,0,OP3,scripted,OP3,3,2,4,2
8522,0,,,0,0,1,,,0,OP3,scripted,OP3,3,3,4,2
8523,1,,,0,0,1,,,0,OP3,scripted,OP3,3,2,4,2
8524,0,,,0,0,1,,,0,OP3,scripted,OP3,3,3,4,2
8525,1,,,0,0,1,,,0,OP3,scripted,OP3,3,2,4,2
8526,1,,,0,0,1,,,0,OP3,scripted,OP3,3,2,4,2
8527,1,,,0,0,1,,,0,OP3,scripted,OP3,3,2,4,2
8528,1,,,0,0,1,,,0,OP3,scripted,OP3,3,1,4,2
8529,1,,,0,0,1,,,0,OP3,scripted,OP3,3,2,4,2
8530,1,,,0,0,1,,,0,OP3,scripted,OP3,3,2,4,2
8531,1,,,0,0,1,,,0,OP3,scripted,OP3,3,2,4,2
8532,0,,,0,0,1,,,0,OP3,scripted,OP3,1,3,4,2
8533,0,,,0,0,1,,,0,OP3,scripted,OP3,2,3,4,2
8534,1,,,0,0,1,,,0,OP3,scripted,OP3,3,2,4,2
8535,1,,,0,0,1,,,0,OP3,scripted,OP3,3,2,4,2
8536,1,,,0,0,1,,,0,OP3,scripted,OP3,3,2,4,2
8537,0,,,0,0,1,,,0,OP3,scripted,OP3,2,3,4,2
8538,1,,,0,0,1,,,0,OP3,scripted,OP3,3,2,4,2
8539,1,,,0,0,1,,,0,OP3,scripted,OP3,3,2,4,2
8540,0,,,0,0,1,,,0,OP3,scripted,OP3,2,3,4,2
8541,1,,,0,0,1,,,0,OP3,scripted,OP3,3,0,4,2
8542,0,,,0,0,1,,,0,OP3,scripted,OP3,3,3,4,2
8543,0,,,0,0,1,,,0,OP3,scripted,OP3,2,3,4,2
8544,0,,,0,0,1,,,0,OP3,scripted,OP3,2,3,4,2
8545,0,,,0,0,1,,,0,OP3,scripted,OP3,3,3,4,2
8546,1,,,0,0,1,,,0,OP3,scripted,OP3,3,2,4,2
8547,1,,,0,0,1,,,0,OP3,scripted,OP3,3,1,4,2
8548,1,,,0,0,1,,,0,OP3,scripted,OP3,3,2,4,2
8549,1,,,0,0,1,,,0,OP3,scripted,OP3,3,2,4,2
8550,0,,,0,0,1,,,0,OP3,scripted,OP3,2,3,4,2
8551,1,,,0,0,1,,,0,OP3,scripted,OP3,3,2,4,2
8552,0,,,0,0,1,,,0,OP3,scripted,OP3,2,3,4,2
8553,0,,,0,0,1,,,0,OP3,scripted,OP3,3,3,4,2
8554,1,,,0,0,1,,,0,OP3,scripted,OP3,3,2,4,2
8555,0,,,0,0,1,,,0,OP3,scripted,OP3,2,3,4,2
8556,1,,,0,0,1,,,0,OP3,scripted,OP3,3,1,4,2
8557,1,,,0,0,1,,,0,OP3,scripted,OP3,3,1,4,2
8558,1,,,0,0,1,,,0,OP3,scripted,OP3,3,2,4,2
8559,0,,,0,0,1,,,0,OP3,scripted,OP3,2,3,4,2
8560,0,,,0,0,1,,,0,OP3,scripted,OP3,2,3,4,2
8561,1,,,0,0,1,,,0,OP3,scripted,OP3,3,2,4,2
8562,0,,,0,0,1,,,0,OP3,scripted,OP3,1,3,4,2
8563,0,,,0,0,1,,,0,OP3,scripted,OP3,3,3,4,2
8564,0,,,0,0,1,,,0,OP3,scripted,OP3,2,3,4,2
8565,0,,,0,0,1,,,0,OP3,scripted,OP3,2,3,4,2
8566,0,,,0,0,1,,,0,OP3,scripted,OP3,0,3,4,2
8567,0,,,0,0,1,,,0,OP3,scripted,OP3,0,3,4,2
8568,0,,,0,0,1,,,0,OP3,scripted,OP3,1,3,4,2
8569,1,,,0,0,1,,,0,OP3,scripted,OP3,3,1,4,2
8570,0,,,0,0,1,,,0,OP3,scripted,OP3,2,3,4,2
8571,0,,,0,0,1,,,0,OP3,scripted,OP3,3,3,4,2
8572,1,,,0,0,1,,,0,OP3,scripted,OP3,3,2,4,2
8573,0,,,0,0,1,,,0,OP3,scripted,OP3,2,3,4,2
8574,1,,,0,0,1,,,0,OP3,scripted,OP3,3,2,4,2
8575,0,,,0,0,1,,,0,OP3,scripted,OP3,3,3,4,2
8576,1,,,0,0,1,,,0,OP3,scripted,OP3,3,2,4,2
8577,1,,,0,0,1,,,0,OP3,scripted,OP3,3,2,4,2
8578,1,,,0,0,1,,,0,OP3,scripted,OP3,3,1,4,2
8579,0,,,0,0,1,,,0,OP3,scripted,OP3,3,3,4,2
8580,1,,,0,0,1,,,0,OP3,scripted,OP3,3,2,4,2
8581,1,,,0,0,1,,,0,OP3,scripted,OP3,3,2,4,2
8582,1,,,0,0,1,,,0,OP3,scripted,OP3,3,2,4,2
8583,0,,,0,0,1,,,0,OP3,scripted,OP3,2,3,4,2
8584,1,,,0,0,1,,,0,OP3,scripted,OP3,3,2,4,2
8585,1,,,0,0,1,,,0,OP3,scripted,OP3,3,2,4,2
8586,1,,,0,0,1,,,0,OP3,scripted,OP3,3,2,4,2
8587,0,,,0,0,1,,,0,OP3,scripted,OP3,2,3,4,2
8588,1,,,0,0,1,,,0,OP3,scripted,OP3,3,2,4,2
8589,1,,,0,0,1,,,0,OP3,scripted,OP3,3,2,4,2
8590,0,,,0,0,1,,,0,OP3,scripted,OP3,2,3,4,2
8591,1,,,0,0,1,,,0,OP3,scripted,OP3,3,2,4,2
8592,1,,,0,0,1,,,0,OP3,scripted,OP3,3,2,4,2
8593,0,,,0,0,1,,,0,OP3,scripted,OP3,2,3,4,2
8594,0,,,0,0,1,,,0,OP3,scripted,OP3,2,3,4,2
8595,1,,,0,0,1,,,0,OP3,scripted,OP3,3,2,4,2
8596,0,,,0,0,1,,,0,OP3,scripted,OP3,3,3,4,2
8597,1,,,0,0,1,,,0,OP3,scripted,OP3,3,2,4,2
8598,1,,,0,0,1,,,0,OP3,scripted,OP3,3,2,4,2
8599,1,,,0,0,1,,,0,OP3,scripted,OP3,3,2,4,2
8600,0,,,0,0,1,,,0,OP3,scripted,OP3,2,3,4,2
8601,1,,,0,0,1,,,0,OP3,scripted,OP3,3,1,4,2
8602,1,,,0,0,1,,,0,OP3,scripted,OP3,3,2,4,2
8603,1,,,0,0,1,,,0,OP3,scripted,OP3,3,2,4,2
8604,1,,,0,0,1,,,0,OP3,scripted,OP3,3,2,4,2
8605,1,,,0,0,1,,,0,OP3,scripted,OP3,3,2,4,2
8606,0,,,0,0,1,,,0,OP3,scripted,OP3,2,3,4,2
8607,1,,,0,0,1,,,0,OP3,scripted,OP3,3,2,4,2
8608,0,,,0,0,1,,,0,OP3,scripted,OP3,2,3,4,2
8609,1,,,0,0,1,,,0,OP3,scripted,OP3,3,2,4,2
8610,0,,,0,0,1,,,0,OP3,scripted,OP3,2,3,4,2
8611,1,,,0,0,1,,,0,OP3,scripted,OP3,3,2,4,2
8612,0,,,0,0,1,,,0,OP3,scripted,OP3,3,3,4,2
8613,0,,,0,0,1,,,0,OP3,scripted,OP3,2,3,4,2
8614,0,,,0,0,1,,,0,OP3,scripted,OP3,2,3,4,2
8615,0,,,0,0,1,,,0,OP3,scripted,OP3,2,3,4,2
8616,0,,,0,0,1,,,0,OP3,scripted,OP3,2,3,4,2
8617,0,,,0,0,1,,,0,OP3,scripted,OP3,2,3,4,2
8618,1,,,0,0,1,,,0,OP3,scripted,OP3,3,2,4,2
8619,1,,,0,0,1,,,0,OP3,scripted,OP3,3,1,4,2
8620,1,,,0,0,1,,,0,OP3,scripted,OP3,3,2,4,2
8621,1,,,0,0,1,,,0,OP3,scripted,OP3,3,2,4,2
8622,1,,,0,0,1,,,0,OP3,scripted,OP3,3,2,4,2
8623,0,,,0,0,1,,,0,OP3,scripted,OP3,3,3,4,2
8624,1,,,0,0,1,,,0,OP3,scripted,OP3,3,2,4,2
8625,0,,,0,0,1,,,0,OP3,scripted,OP3,2,3,4,2
8626,0,,,0,0,1,,,0,OP3,scripted,OP3,2,3,4,2
8627,0,,,0,0,1,,,0,OP3,scripted,OP3,2,3,4,2
8628,0,,,0,0,1,,,0,OP3,scripted,OP3,1,3,4,2
8629,0,,,0,0,1,,,0,OP3,scripted,OP3,2,3,4,2
8630,0,,,0,0,1,,,0,OP3,scripted,OP3,3,3,4,2
8631,1,,,0,0,1,,,0,OP3,scripted,OP3,3,2,4,2
8632,0,,,0,0,1,,,0,OP3,scripted,OP3,3,3,4,2
8633,1,,,0,0,1,,,0,OP3,scripted,OP3,3,2,4,2
8634,0,,,0,0,1,,,0,OP3,scripted,OP3,2,3,4,2
8635,1,,,0,0,1,,,0,OP3,scripted,OP3,3,2,4,2
8636,0,,,0,0,1,,,0,OP3,scripted,OP3,2,3,4,2
8637,0,,,0,0,1,,,0,OP3,scripted,OP3,2,3,4,2
8638,1,,,0,0,1,,,0,OP3,scripted,OP3,3,2,4,2
8639,0,,,0,0,1,,,0,OP3,scripted,OP3,2,3,4,2
8640,1,,,0,0,1,,,0,OP3,scripted,OP3,3,1,4,2
8641,1,,,0,0,1,,,0,OP3,scripted,OP3,3,2,4,2
8642,0,,,0,0,1,,,0,OP3,scripted,OP3,3,3,4,2
8643,1,,,0,0,1,,,0,OP3,scripted,OP3,3,2,4,2
8644,0,,,0,0,1,,,0,OP3,scripted,OP3,2,3,4,2
8645,0,,,0,0,1,,,0,OP3,scripted,OP3,3,3,4,2
8646,0,,,0,0,1,,,0,OP3,scripted,OP3,3,3,4,2
8647,1,,,0,0,1,,,0,OP3,scripted,OP3,3,2,4,2
8648,0,,,0,0,1,,,0,OP3,scripted,OP3,2,3,4,2
8649,1,,,0,0,1,,,0,OP3,scripted,OP3,3,2,4,2
8650,1,,,0,0,1,,,0,OP3,scripted,OP3,3,2,4,2
8651,0,,,0,0,1,,,0,OP3,scripted,OP3,2,3,4,2
8652,1,,,0,0,1,,,0,OP3,scripted,OP3,3,2,4,2
8653,0,,,0,0,1,,,0,OP3,scripted,OP3,2,3,4,2
8654,1,,,0,0,1,,,0,OP3,scripted,OP3,3,2,4,2
8655,1,,,0,0,1,,,0,OP3,scripted,OP3,3,1,4,2
8656,1,,,0,0,1,,,0,OP3,scripted,OP3,3,2,4,2
8657,1,,,0,0,1,,,0,OP3,scripted,OP3,3,2,4,2
8658,0,,,0,0,1,,,0,OP3,scripted,OP3,2,3,4,2
8659,1,,,0,0,1,,,0,OP3,scripted,OP3,3,2,4,2
8660,0,,,0,0,1,,,0,OP3,scripted,OP3,2,3,4,2
8661,1,,,0,0,1,,,0,OP3,scripted,OP3,3,1,4,2
8662,0,,,0,0,1,,,0,OP3,scripted,OP3,3,3,4,2
8663,1,,,0,0,1,,,0,OP3,scripted,OP3,3,2,4,2
8664,0,,,0,0,1,,,0,OP3,scripted,OP3,1,3,4,2
8665,0,,,0,0,1,,,0,OP3,scripted,OP3,2,3,4,2
8666,1,,,0,0,1,,,0,OP3,scripted,OP3,3,2,4,2
8667,0,,,0,0,1,,,0,OP3,scripted,OP3,2,3,4,2
8668,0,,,0,0,1,,,0,OP3,scripted,OP3,3,3,4,2
8669,1,,,0,0,1,,,0,OP3,scripted,OP3,3,2,4,2
8670,1,,,0,0,1,,,0,OP3,scripted,OP3,3,2,4,2
8671,0,,,0,0,1,,,0,OP3,scripted,OP3,3,3,4,2
8672,0,,,0,0,1,,,0,OP3,scripted,OP3,3,3,4,2
8673,1,,,0,0,1,,,0,OP3,scripted,OP3,3,2,4,2
8674,1,,,0,0,1,,,0,OP3,scripted,OP3,3,2,4,2
8675,1,,,0,0,1,,,0,OP3,scripted,OP3,3,2,4,2
8676,0,,,0,0,1,,,0,OP3,scripted,OP3,2,3,4,2
8677,1,,,0,0,1,,,0,OP3,scripted,OP3,3,2,4,2
8678,1,,,0,0,1,,,0,OP3,scripted,OP3,3,2,4,2
8679,0,,,0,0,1,,,0,OP3,scripted,OP3,3,3,4,2
8680,1,,,0,0,1,,,0,OP3,scripted,OP3,3,1,4,2
8681,1,,,0,0,1,,,0,OP3,scripted,OP3,3,2,4,2
8682,1,,,0,0,1,,,0,OP3,scripted,OP3,3,2,4,2
8683,0,,,0,0,1,,,0,OP3,scripted,OP3,2,3,4,2
8684,1,,,0,0,1,,,0,OP3,scripted,OP3,3,2,4,2
8685,0,,,0,0,1,,,0,OP3,scripted,OP3,3,3,4,2
8686,0,,,0,0,1,,,0,OP3,scripted,OP3,2,3,4,2
8687,1,,,0,0,1,,,0,OP3,scripted,OP3,3,1,4,2
8688,1,,,0,0,1,,,0,OP3,scripted,OP3,3,2,4,2
8689,1,,,0,0,1,,,0,OP3,scripted,OP3,3,2,4,2
8690,0,,,0,0,1,,,0,OP3,scripted,OP3,2,3,4,2
8691,1,,,0,0,1,,,0,OP3,scripted,OP3,3,2,4,2
8692,1,,,0,0,1,,,0,OP3,scripted,OP3,3,2,4,2
8693,1,,,0,0,1,,,0,OP3,scripted,OP3,3,2,4,2
8694,0,,,0,0,1,,,0,OP3,scripted,OP3,2,3,4,2
8695,1,,,0,0,1,,,0,OP3,scripted,OP3,3,2,4,2
8696,1,,,0,0,1,,,0,OP3,scripted,OP3,3,2,4,2
8697,0,,,0,0,1,,,0,OP3,scripted,OP3,3,3,4,2
8698,1,,,0,0,1,,,0,OP3,scripted,OP3,3,2,4,2
8699,0,,,0,0,1,,,0,OP3,scripted,OP3,2,3,4,2
8700,1,,,0,0,1,,,0,OP3,scripted,OP3,3,1,4,2
8701,0,,,0,0,1,,,0,OP3,scripted,OP3,2,3,4,2
8702,1,,,0,0,1,,,0,OP3,scripted,OP3,3,2,4,2
8703,1,,,0,0,1,,,0,OP3,scripted,OP3,3,2,4,2
8704,1,,,0,0,1,,,0,OP3,scripted,OP3,3,2,4,2
8705,0,,,0,0,1,,,0,OP3,scripted,OP3,2,3,4,2
8706,1,,,0,0,1,,,0,OP3,scripted,OP3,3,2,4,2
8707,1,,,0,0,1,,,0,OP3,scripted,OP3,3,2,4,2
8708,1,,,0,0,1,,,0,OP3,scripted,OP3,3,1,4,2
8709,0,,,0,0,1,,,0,OP3,scripted,OP3,2,3,4,2
8710,1,,,0,0,1,,,0,OP3,scripted,OP3,3,2,4,2
8711,0,,,0,0,1,,,0,OP3,scripted,OP3,2,3,4,2
8712,1,,,0,0,1,,,0,OP3,scripted,OP3,3,2,4,2
8713,1,,,0,0,1,,,0,OP3,scripted,OP3,3,2,4,2
8714,1,,,0,0,1,,,0,OP3,scripted,OP3,3,2,4,2
8715,0,,,0,0,1,,,0,OP3,scripted,OP3,3,3,4,2
8716,0,,,0,0,1,,,0,OP3,scripted,OP3,2,3,4,2
8717,0,,,0,0,1,,,0,OP3,scripted,OP3,2,3,4,2
8718,1,,,0,0,1,,,0,OP3,scripted,OP3,3,2,4,2
8719,1,,,0,0,1,,,0,OP3,scripted,OP3,3,2,4,2
8720,1,,,0,0,1,,,0,OP3,scripted,OP3,3,1,4,2
8721,0,,,0,0,1,,,0,OP3,scripted,OP3,2,3,4,2
8722,1,,,0,0,1,,,0,OP3,scripted,OP3,3,2,4,2
8723,1,,,0,0,1,,,0,OP3,scripted,OP3,3,2,4,2
8724,1,,,0,0,1,,,0,OP3,scripted,OP3,3,1,4,2
8725,0,,,0,0,1,,,0,OP3,scripted,OP3,3,3,4,2
8726,0,,,0,0,1,,,0,OP3,scripted,OP3,3,3,4,2
8727,0,,,0,0,1,,,0,OP3,scripted,OP3,3,3,4,2
8728,1,,,0,0,1,,,0,OP3,scripted,OP3,3,1,4,2
8729,0,,,0,0,1,,,0,OP3,scripted,OP3,2,3,4,2
8730,1,,,0,0,1,,,0,OP3,scripted,OP3,3,2,4,2
8731,0,,,0,0,1,,,0,OP3,scripted,OP3,2,3,4,2
8732,1,,,0,0,1,,,0,OP3,scripted,OP3,3,2,4,2
8733,0,,,0,0,1,,,0,OP3,scripted,OP3,3,3,4,2
8734,1,,,0,0,1,,,0,OP3,scripted,OP3,3,2,4,2
8735,1,,,0,0,1,,,0,OP3,scripted,OP3,3,2,4,2
8736,0,,,0,0,1,,,0,OP3,scripted,OP3,2,3,4,2
8737,1,,,0,0,1,,,0,OP3,scripted,OP3,3,2,4,2
8738,0,,,0,0,1,,,0,OP3,scripted,OP3,1,3,4,2
8739,0,,,0,0,1,,,0,OP3,scripted,OP3,2,3,4,2
8740,1,,,0,0,1,,,0,OP3,scripted,OP3,3,2,4,2
8741,1,,,0,0,1,,,0,OP3,scripted,OP3,3,1,4,2
8742,1,,,0,0,1,,,0,OP3,scripted,OP3,3,2,4,2
8743,0,,,0,0,1,,,0,OP3,scripted,OP3,2,3,4,2
8744,0,,,0,0,1,,,0,OP3,scripted,OP3,2,3,4,2
8745,0,,,0,0,1,,,0,OP3,scripted,OP3,2,3,4,2
8746,0,,,0,0,1,,,0,OP3,scripted,OP3,3,3,4,2
8747,1,,,0,0,1,,,0,OP3,scripted,OP3,3,2,4,2
8748,1,,,0,0,1,,,0,OP3,scripted,OP3,3,2,4,2
8749,1,,,0,0,1,,,0,OP3,scripted,OP3,3,2,4,2
8750,0,,,0,0,1,,,0,OP3,scripted,OP3,2,3,4,2
8751,1,,,0,0,1,,,0,OP3,scripted,OP3,3,2,4,2
8752,1,,,0,0,1,,,0,OP3,scripted,OP3,3,2,4,2
8753,1,,,0,0,1,,,0,OP3,scripted,OP3,3,2,4,2
8754,0,,,0,0,1,,,0,OP3,scripted,OP3,2,3,4,2
8755,1,,,0,0,1,,,0,OP3,scripted,OP3,3,2,4,2
8756,1,,,0,0,1,,,0,OP3,scripted,OP3,3,2,4,2
8757,0,,,0,0,1,,,0,OP3,scripted,OP3,2,3,4,2
8758,0,,,0,0,1,,,0,OP3,scripted,OP3,3,3,4,2
8759,1,,,0,0,1,,,0,OP3,scripted,OP3,3,2,4,2
8760,1,,,0,0,1,,,0,OP3,scripted,OP3,3,2,4,2
8761,0,,,0,0,1,,,0,OP3,scripted,OP3,3,3,4,2
8762,0,,,0,0,1,,,0,OP3,scripted,OP3,2,3,4,2
8763,0,,,0,0,1,,,0,OP3,scripted,OP3,2,3,4,2
8764,0,,,0,0,1,,,0,OP3,scripted,OP3,1,3,4,2
8765,1,,,0,0,1,,,0,OP3,scripted,OP3,3,2,4,2
8766,0,,,0,0,1,,,0,OP3,scripted,OP3,3,3,4,2
8767,0,,,0,0,1,,,0,OP3,scripted,OP3,2,3,4,2
8768,1,,,0,0,1,,,0,OP3,scripted,OP3,3,1,4,2
8769,1,,,0,0,1,,,0,OP3,scripted,OP3,3,1,4,2
8770,0,,,0,0,1,,,0,OP3,scripted,OP3,3,3,4,2
8771,0,,,0,0,1,,,0,OP3,scripted,OP3,2,3,4,2
8772,1,,,0,0,1,,,0,OP3,scripted,OP3,3,2,4,2
8773,0,,,0,0,1,,,0,OP3,scripted,OP3,3,3,4,2
8774,0,,,0,0,1,,,0,OP3,scripted,OP3,3,3,4,2
8775,0,,,0,0,1,,,0,OP3,scripted,OP3,2,3,4,2
8776,1,,,0,0,1,,,0,OP3,scripted,OP3,3,2,4,2
8777,0,,,0,0,1,,,0,OP3,scripted,OP3,2,3,4,2
8778,0,,,0,0,1,,,0,OP3,scripted,OP3,2,3,4,2
8779,0,,,0,0,1,,,0,OP3,scripted,OP3,2,3,4,2
8780,0,,,0,0,1,,,0,OP3,scripted,OP3,2,3,4,2
8781,1,,,0,0,1,,,0,OP3,scripted,OP3,3,2,4,2
8782,1,,,0,0,1,,,0,OP3,scripted,OP3,3,1,4,2
8783,1,,,0,0,1,,,0,OP3,scripted,OP3,3,2,4,2
8784,0,,,0,0,1,,,0,OP3,scripted,OP3,2,3,4,2
8785,1,,,0,0,1,,,0,OP3,scripted,OP3,3,2,4,2
8786,0,,,0,0,1,,,0,OP3,scripted,OP3,2,3,4,2
8787,0,,,0,0,1,,,0,OP3,scripted,OP3,3,3,4,2
8788,1,,,0,0,1,,,0,OP3,scripted,OP3,3,1,4,2
8789,0,,,0,0,1,,,0,OP3,scripted,OP3,2,3,4,2
8790,0,,,0,0,1,,,0,OP3,scripted,OP3,2,3,4,2
8791,1,,,0,0,1,,,0,OP3,scripted,OP3,3,2,4,2
8792,0,,,0,0,1,,,0,OP3,scripted,OP3,2,3,4,2
8793,0,,,0,0,1,,,0,OP3,scripted,OP3,2,3,4,2
8794,0,,,0,0,1,,,0,OP3,scripted,OP3,3,3,4,2
8795,1,,,0,0,1,,,0,OP3,scripted,OP3,3,2,4,2
8796,1,,,0,0,1,,,0,OP3,scripted,OP3,3,1,4,2
8797,0,,,0,0,1,,,0,OP3,scripted,OP3,2,3,4,2
8798,0,,,0,0,1,,,0,OP3,scripted,OP3,3,3,4,2
8799,1,,,0,0,1,,,0,OP3,scripted,OP3,3,2,4,2
8800,1,,,0,0,1,,,0,OP3,scripted,OP3,3,2,4,2
8801,1,,,0,0,1,,,0,OP3,scripted,OP3,3,2,4,2
8802,1,,,0,0,1,,,0,OP3,scripted,OP3,3,2,4,2
8803,0,,,0,0,1,,,0,OP3,scripted,OP3,3,3,4,2
8804,0,,,0,0,1,,,0,OP3,scripted,OP3,3,3,4,2
8805,1,,,0,0,1,,,0,OP3,scripted,OP3,3,2,4,2
8806,0,,,0,0,1,,,0,OP3,scripted,OP3,2,3,4,2
8807,0,,,0,0,1,,,0,OP3,scripted,OP3,2,3,4,2
8808,0,,,0,0,1,,,0,OP3,scripted,OP3,2,3,4,2
8809,0,,,0,0,1,,,0,OP3,scripted,OP3,2,3,4,2
8810,1,,,0,0,1,,,0,OP3,scripted,OP3,3,2,4,2
8811,0,,,0,0,1,,,0,OP3,scripted,OP3,2,3,4,2
8812,1,,,0,0,1,,,0,OP3,scripted,OP3,3,2,4,2
8813,0,,,0,0,1,,,0,OP3,scripted,OP3,3,3,4,2
8814,1,,,0,0,1,,,0,OP3,scripted,OP3,3,2,4,2
8815,1,,,0,0,1,,,0,OP3,scripted,OP3,3,2,4,2
8816,1,,,0,0,1,,,0,OP3,scripted,OP3,3,1,4,2
8817,0,,,0,0,1,,,0,OP3,scripted,OP3,3,3,4,2
8818,1,,,0,0,1,,,0,OP3,scripted,OP3,3,2,4,2
8819,1,,,0,0,1,,,0,OP3,scripted,OP3,3,2,4,2
8820,1,,,0,0,1,,,0,OP3,scripted,OP3,3,2,4,2
8821,0,,,0,0,1,,,0,OP3,scripted,OP3,2,3,4,2
8822,1,,,0,0,1,,,0,OP3,scripted,OP3,3,2,4,2
8823,1,,,0,0,1,,,0,OP3,scripted,OP3,3,2,4,2
8824,1,,,0,0,1,,,0,OP3,scripted,OP3,3,2,4,2
8825,0,,,0,0,1,,,0,OP3,scripted,OP3,2,3,4,2
8826,1,,,0,0,1,,,0,OP3,scripted,OP3,3,2,4,2
8827,1,,,0,0,1,,,0,OP3,scripted,OP3,3,2,4,2
8828,1,,,0,0,1,,,0,OP3,scripted,OP3,3,2,4,2
8829,1,,,0,0,1,,,0,OP3,scripted,OP3,3,1,4,2
8830,0,,,0,0,1,,,0,OP3,scripted,OP3,2,3,4,2
8831,1,,,0,0,1,,,0,OP3,scripted,OP3,3,2,4,2
8832,1,,,0,0,1,,,0,OP3,scripted,OP3,3,2,4,2
8833,0,,,0,0,1,,,0,OP3,scripted,OP3,2,3,4,2
8834,1,,,0,0,1,,,0,OP3,scripted,OP3,3,2,4,2
8835,1,,,0,0,1,,,0,OP3,scripted,OP3,3,2,4,2
8836,1,,,0,0,1,,,0,OP3,scripted,OP3,3,2,4,2
8837,1,,,0,0,1,,,0,OP3,scripted,OP3,3,2,4,2
8838,1,,,0,0,1,,,0,OP3,scripted,OP3,3,2,4,2
8839,0,,,0,0,1,,,0,OP3,scripted,OP3,2,3,4,2
8840,1,,,0,0,1,,,0,OP3,scripted,OP3,3,2,4,2
8841,1,,,0,0,1,,,0,OP3,scripted,OP3,3,2,4,2
8842,0,,,0,0,1,,,0,OP3,scripted,OP3,2,3,4,2
8843,1,,,0,0,1,,,0,OP3,scripted,OP3,3,2,4,2
8844,1,,,0,0,1,,,0,OP3,scripted,OP3,3,2,4,2
8845,0,,,0,0,1,,,0,OP3,scripted,OP3,3,3,4,2
8846,1,,,0,0,1,,,0,OP3,scripted,OP3,3,2,4,2
8847,1,,,0,0,1,,,0,OP3,scripted,OP3,3,1,4,2
8848,0,,,0,0,1,,,0,OP3,scripted,OP3,2,3,4,2
8849,1,,,0,0,1,,,0,OP3,scripted,OP3,3,2,4,2
8850,1,,,0,0,1,,,0,OP3,scripted,OP3,3,2,4,2
8851,0,,,0,0,1,,,0,OP3,scripted,OP3,2,3,4,2
8852,1,,,0,0,1,,,0,OP3,scripted,OP3,3,2,4,2
8853,0,,,0,0,1,,,0,OP3,scripted,OP3,1,3,4,2
8854,0,,,0,0,1,,,0,OP3,scripted,OP3,3,3,4,2
8855,1,,,0,0,1,,,0,OP3,scripted,OP3,3,2,4,2
8856,1,,,0,0,1,,,0,OP3,scripted,OP3,3,2,4,2
8857,1,,,0,0,1,,,0,OP3,scripted,OP3,3,2,4,2
8858,1,,,0,0,1,,,0,OP3,scripted,OP3,3,2,4,2
8859,0,,,0,0,1,,,0,OP3,scripted,OP3,2,3,4,2
8860,1,,,0,0,1,,,0,OP3,scripted,OP3,3,2,4,2
8861,0,,,0,0,1,,,0,OP3,scripted,OP3,2,3,4,2
8862,0,,,0,0,1,,,0,OP3,scripted,OP3,3,3,4,2
8863,0,,,0,0,1,,,0,OP3,scripted,OP3,2,3,4,2
8864,1,,,0,0,1,,,0,OP3,scripted,OP3,3,2,4,2
8865,0,,,0,0,1,,,0,OP3,scripted,OP3,2,3,4,2
8866,0,,,0,0,1,,,0,OP3,scripted,OP3,3,3,4,2
8867,0,,,0,0,1,,,0,OP3,scripted,OP3,2,3,4,2
8868,1,,,0,0,1,,,0,OP3,scripted,OP3,3,2,4,2
8869,1,,,0,0,1,,,0,OP3,scripted,OP3,3,2,4,2
8870,1,,,0,0,1,,,0,OP3,scripted,OP3,3,2,4,2
8871,0,,,0,0,1,,,0,OP3,scripted,OP3,2,3,4,2
8872,0,,,0,0,1,,,0,OP3,scripted,OP3,2,3,4,2
8873,1,,,0,0,1,,,0,OP3,scripted,OP3,3,2,4,2
8874,1,,,0,0,1,,,0,OP3,scripted,OP3,3,1,4,2
8875,0,,,0,0,1,,,0,OP3,scripted,OP3,3,3,4,2
8876,0,,,0,0,1,,,0,OP3,scripted,OP3,2,3,4,2
8877,1,,,0,0,1,,,0,OP3,scripted,OP3,3,2,4,2
8878,1,,,0,0,1,,,0,OP3,scripted,OP3,3,2,4,2
8879,1,,,0,0,1,,,0,OP3,scripted,OP3,3,2,4,2
8880,0,,,0,0,1,,,0,OP3,scripted,OP3,3,3,4,2
8881,1,,,0,0,1,,,0,OP3,scripted,OP3,3,1,4,2
8882,0,,,0,0,1,,,0,OP3,scripted,OP3,3,3,4,2
8883,1,,,0,0,1,,,0,OP3,scripted,OP3,3,2,4,2
8884,0,,,0,0,1,,,0,OP3,scripted,OP3,2,3,4,2
8885,0,,,0,0,1,,,0,OP3,scripted,OP3,2,3,4,2
8886,1,,,0,0,1,,,0,OP3,scripted,OP3,3,2,4,2
8887,1,,,0,0,1,,,0,OP3,scripted,OP3,3,1,4,2
8888,1,,,0,0,1,,,0,OP3,scripted,OP3,3,2,4,2
8889,0,,,0,0,1,,,0,OP3,scripted,OP3,2,3,4,2
8890,0,,,0,0,1,,,0,OP3,scripted,OP3,2,3,4,2
8891,0,,,0,0,1,,,0,OP3,scripted,OP3,2,3,4,2
8892,0,,,0,0,1,,,0,OP3,scripted,OP3,2,3,4,2
8893,1,,,0,0,1,,,0,OP3,scripted,OP3,3,2,4,2
8894,0,,,0,0,1,,,0,OP3,scripted,OP3,3,3,4,2
8895,0,,,0,0,1,,,0,OP3,scripted,OP3,3,3,4,2
8896,0,,,0,0,1,,,0,OP3,scripted,OP3,2,3,4,2
8897,0,,,0,0,1,,,0,OP3,scripted,OP3,2,3,4,2
8898,1,,,0,0,1,,,0,OP3,scripted,OP3,3,1,4,2
8899,0,,,0,0,1,,,0,OP3,scripted,OP3,2,3,4,2
8900,1,,,0,0,1,,,0,OP3,scripted,OP3,3,2,4,2
8901,0,,,0,0,1,,,0,OP3,scripted,OP3,2,3,4,2
8902,1,,,0,0,1,,,0,OP3,scripted,OP3,3,2,4,2
8903,0,,,0,0,1,,,0,OP3,scripted,OP3,2,3,4,2
8904,0,,,0,0,1,,,0,OP3,scripted,OP3,2,3,4,2
8905,0,,,0,0,1,,,0,OP3,scripted,OP3,2,3,4,2
8906,0,,,0,0,1,,,0,OP3,scripted,OP3,2,3,4,2
8907,0,,,0,0,1,,,0,OP3,scripted,OP3,2,3,4,2
8908,1,,,0,0,1,,,0,OP3,scripted,OP3,3,1,4,2
8909,1,,,0,0,1,,,0,OP3,scripted,OP3,3,2,4,2
8910,1,,,0,0,1,,,0,OP3,scripted,OP3,3,2,4,2
8911,1,,,0,0,1,,,0,OP3,scripted,OP3,3,2,4,2
8912,0,,,0,0,1,,,0,OP3,scripted,OP3,3,3,4,2
8913,1,,,0,0,1,,,0,OP3,scripted,OP3,3,2,4,2
8914,1,,,0,0,1,,,0,OP3,scripted,OP3,3,2,4,2
8915,0,,,0,0,1,,,0,OP3,scripted,OP3,3,3,4,2
8916,0,,,0,0,1,,,0,OP3,scripted,OP3,2,3,4,2
8917,0,,,0,0,1,,,0,OP3,scripted,OP3,2,3,4,2
8918,0,,,0,0,1,,,0,OP3,scripted,OP3,2,3,4,2
8919,1,,,0,0,1,,,0,OP3,scripted,OP3,3,2,4,2
8920,1,,,0,0,1,,,0,OP3,scripted,OP3,3,2,4,2
8921,0,,,0,0,1,,,0,OP3,scripted,OP3,3,3,4,2
8922,1,,,0,0,1,,,0,OP3,scripted,OP3,3,2,4,2
8923,1,,,0,0,1,,,0,OP3,scripted,OP3,3,2,4,2
8924,1,,,0,0,1,,,0,OP3,scripted,OP3,3,2,4,2
8925,1,,,0,0,1,,,0,OP3,scripted,OP3,3,2,4,2
8926,0,,,0,0,1,,,0,OP3,scripted,OP3,2,3,4,2
8927,0,,,0,0,1,,,0,OP3,scripted,OP3,2,3,4,2
8928,0,,,0,0,1,,,0,OP3,scripted,OP3,3,3,4,2
8929,0,,,0,0,1,,,0,OP3,scripted,OP3,2,3,4,2
8930,0,,,0,0,1,,,0,OP3,scripted,OP3,2,3,4,2
8931,1,,,0,0,1,,,0,OP3,scripted,OP3,3,2,4,2
8932,0,,,0,0,1,,,0,OP3,scripted,OP3,3,3,4,2
8933,1,,,0,0,1,,,0,OP3,scripted,OP3,3,2,4,2
8934,0,,,0,0,1,,,0,OP3,scripted,OP3,2,3,4,2
8935,1,,,0,0,1,,,0,OP3,scripted,OP3,3,2,4,2
8936,0,,,0,0,1,,,0,OP3,scripted,OP3,3,3,4,2
8937,0,,,0,0,1,,,0,OP3,scripted,OP3,2,3,4,2
8938,1,,,0,0,1,,,0,OP3,scripted,OP3,3,2,4,2
8939,0,,,0,0,1,,,0,OP3,scripted,OP3,2,3,4,2
8940,1,,,0,0,1,,,0,OP3,scripted,OP3,3,2,4,2
8941,0,,,0,0,1,,,0,OP3,scripted,OP3,2,3,4,2
8942,0,,,0,0,1,,,0,OP3,scripted,OP3,3,3,4,2
8943,0,,,0,0,1,,,0,OP3,scripted,OP3,3,3,4,2
8944,1,,,0,0,1,,,0,OP3,scripted,OP3,3,1,4,2
8945,1,,,0,0,1,,,0,OP3,scripted,OP3,3,2,4,2
8946,1,,,0,0,1,,,0,OP3,scripted,OP3,3,2,4,2
8947,0,,,0,0,1,,,0,OP3,scripted,OP3,3,3,4,2
8948,0,,,0,0,1,,,0,OP3,scripted,OP3,2,3,4,2
8949,0,,,0,0,1,,,0,OP3,scripted,OP3,1,3,4,2
8950,0,,,0,0,1,,,0,OP3,scripted,OP3,2,3,4,2
8951,1,,,0,0,1,,,0,OP3,scripted,OP3,3,2,4,2
8952,1,,,0,0,1,,,0,OP3,scripted,OP3,3,2,4,2
8953,1,,,0,0,1,,,0,OP3,scripted,OP3,3,2,4,2
8954,1,,,0,0,1,,,0,OP3,scripted,OP3,3,2,4,2
8955,0,,,0,0,1,,,0,OP3,scripted,OP3,2,3,4,2
8956,1,,,0,0,1,,,0,OP3,scripted,OP3,3,2,4,2
8957,0,,,0,0,1,,,0,OP3,scripted,OP3,3,3,4,2
8958,1,,,0,0,1,,,0,OP3,scripted,OP3,3,1,4,2
8959,1,,,0,0,1,,,0,OP3,scripted,OP3,3,2,4,2
8960,1,,,0,0,1,,,0,OP3,scripted,OP3,3,2,4,2
8961,0,,,0,0,1,,,0,OP3,scripted,OP3,3,3,4,2
8962,0,,,0,0,1,,,0,OP3,scripted,OP3,2,3,4,2
8963,0,,,0,0,1,,,0,OP3,scripted,OP3,2,3,4,2
8964,1,,,0,0,1,,,0,OP3,scripted,OP3,3,2,4,2
8965,0,,,0,0,1,,,0,OP3,scripted,OP3,3,3,4,2
8966,0,,,0,0,1,,,0,OP3,scripted,OP3,3,3,4,2
8967,1,,,0,0,1,,,0,OP3,scripted,OP3,3,1,4,2
8968,1,,,0,0,1,,,0,OP3,scripted,OP3,3,2,4,2
8969,1,,,0,0,1,,,0,OP3,scripted,OP3,3,2,4,2
8970,1,,,0,0,1,,,0,OP3,scripted,OP3,3,2,4,2
8971,0,,,0,0,1,,,0,OP3,scripted,OP3,3,3,4,2
8972,1,,,0,0,1,,,0,OP3,scripted,OP3,3,2,4,2
8973,0,,,0,0,1,,,0,OP3,scripted,OP3,2,3,4,2
8974,1,,,0,0,1,,,0,OP3,scripted,OP3,3,2,4,2
8975,1,,,0,0,1,,,0,OP3,scripted,OP3,3,2,4,2
8976,1,,,0,0,1,,,0,OP3,scripted,OP3,3,2,4,2
8977,0,,,0,0,1,,,0,OP3,scripted,OP3,3,3,4,2
8978,0,,,0,0,1,,,0,OP3,scripted,OP3,3,3,4,2
8979,1,,,0,0,1,,,0,OP3,scripted,OP3,3,2,4,2
8980,0,,,0,0,1,,,0,OP3,scripted,OP3,3,3,4,2
8981,1,,,0,0,1,,,0,OP3,scripted,OP3,3,2,4,2
8982,0,,,0,0,1,,,0,OP3,scripted,OP3,2,3,4,2
8983,1,,,0,0,1,,,0,OP3,scripted,OP3,3,2,4,2
8984,0,,,0,0,1,,,0,OP3,scripted,OP3,3,3,4,2
8985,1,,,0,0,1,,,0,OP3,scripted,OP3,3,2,4,2
8986,1,,,0,0,1,,,0,OP3,scripted,OP3,3,2,4,2
8987,1,,,0,0,1,,,0,OP3,scripted,OP3,3,1,4,2
8988,1,,,0,0,1,,,0,OP3,scripted,OP3,3,2,4,2
8989,1,,,0,0,1,,,0,OP3,scripted,OP3,3,2,4,2
8990,1,,,0,0,1,,,0,OP3,scripted,OP3,3,2,4,2
8991,1,,,0,0,1,,,0,OP3,scripted,OP3,3,2,4,2
8992,1,,,0,0,1,,,0,OP3,scripted,OP3,3,2,4,2
8993,0,,,0,0,1,,,0,OP3,scripted,OP3,3,3,4,2
8994,0,,,0,0,1,,,0,OP3,scripted,OP3,3,3,4,2
8995,1,,,0,0,1,,,0,OP3,scripted,OP3,3,2,4,2
8996,1,,,0,0,1,,,0,OP3,scripted,OP3,3,2,4,2
8997,0,,,0,0,1,,,0,OP3,scripted,OP3,2,3,4,2
8998,1,,,0,0,1,,,0,OP3,scripted,OP3,3,2,4,2
8999,1,,,0,0,1,,,0,OP3,scripted,OP3,3,2,4,2
9000,1,,,0,0,1,,,0,OP3,scripted,OP3,3,2,4,2
9001,1,,,0,0,1,,,0,OP3,scripted,OP3,3,2,4,2
9002,1,,,0,0,1,,,0,OP3,scripted,OP3,3,2,4,2
9003,1,,,0,0,1,,,0,OP3,scripted,OP3,3,2,4,2
9004,1,,,0,0,1,,,0,OP3,scripted,OP3,3,2,4,2
9005,0,,,0,0,1,,,0,OP3,scripted,OP3,2,3,4,2
9006,1,,,0,0,1,,,0,OP3,scripted,OP3,3,2,4,2
9007,0,,,0,0,1,,,0,OP3,scripted,OP3,2,3,4,2
9008,0,,,0,0,1,,,0,OP3,scripted,OP3,1,3,4,2
9009,0,,,0,0,1,,,0,OP3,scripted,OP3,3,3,4,2
9010,1,,,0,0,1,,,0,OP3,scripted,OP3,3,2,4,2
9011,1,,,0,0,1,,,0,OP3,scripted,OP3,3,2,4,2
9012,0,,,0,0,1,,,0,OP3,scripted,OP3,3,3,4,2
9013,1,,,0,0,1,,,0,OP3,scripted,OP3,3,2,4,2
9014,1,,,0,0,1,,,0,OP3,scripted,OP3,3,2,4,2
9015,0,,,0,0,1,,,0,OP3,scripted,OP3,2,3,4,2
9016,0,,,0,0,1,,,0,OP3,scripted,OP3,2,3,4,2
9017,0,,,0,0,1,,,0,OP3,scripted,OP3,2,3,4,2
9018,0,,,0,0,1,,,0,OP3,scripted,OP3,2,3,4,2
9019,1,,,0,0,1,,,0,OP3,scripted,OP3,3,2,4,2
9020,1,,,0,0,1,,,0,OP3,scripted,OP3,3,2,4,2
9021,0,,,0,0,1,,,0,OP3,scripted,OP3,2,3,4,2
9022,1,,,0,0,1,,,0,OP3,scripted,OP3,3,2,4,2
9023,0,,,0,0,1,,,0,OP3,scripted,OP3,1,3,4,2
9024,0,,,0,0,1,,,0,OP3,scripted,OP3,2,3,4,2
9025,1,,,0,0,1,,,0,OP3,scripted,OP3,3,2,4,2
9026,0,,,0,0,1,,,0,OP3,scripted,OP3,2,3,4,2
9027,1,,,0,0,1,,,0,OP3,scripted,OP3,3,2,4,2
9028,1,,,0,0,1,,,0,OP3,scripted,OP3,3,2,4,2
9029,1,,,0,0,1,,,0,OP3,scripted,OP3,3,2,4,2
9030,0,,,0,0,1,,,0,OP3,scripted,OP3,1,3,4,2
9031,1,,,0,0,1,,,0,OP3,scripted,OP3,3,2,4,2
9032,1,,,0,0,1,,,0,OP3,scripted,OP3,3,2,4,2
9033,1,,,0,0,1,,,0,OP3,scripted,OP3,3,2,4,2
9034,1,,,0,0,1,,,0,OP3,scripted,OP3,3,1,4,2
9035,1,,,0,0,1,,,0,OP3,scripted,OP3,3,2,4,2
9036,0,,,0,0,1,,,0,OP3,scripted,OP3,3,3,4,2
9037,0,,,0,0,1,,,0,OP3,scripted,OP3,2,3,4,2
9038,0,,,0,0,1,,,0,OP3,scripted,OP3,3,3,4,2
9039,0,,,0,0,1,,,0,OP3,scripted,OP3,2,3,4,2
9040,0,,,0,0,1,,,0,OP3,scripted,OP3,2,3,4,2
9041,1,,,0,0,1,,,0,OP3,scripted,OP3,3,2,4,2
9042,1,,,0,0,1,,,0,OP3,scripted,OP3,3,2,4,2
9043,1,,,0,0,1,,,0,OP3,scripted,OP3,3,2,4,2
9044,1,,,0,0,1,,,0,OP3,scripted,OP3,3,2,4,2
9045,1,,,0,0,1,,,0,OP3,scripted,OP3,3,2,4,2
9046,1,,,0,0,1,,,0,OP3,scripted,OP3,3,2,4,2
9047,0,,,0,0,1,,,0,OP3,scripted,OP3,2,3,4,2
9048,0,,,0,0,1,,,0,OP3,scripted,OP3,2,3,4,2
9049,0,,,0,0,1,,,0,OP3,scripted,OP3,3,3,4,2
9050,1,,,0,0,1,,,0,OP3,scripted,OP3,3,2,4,2
9051,1,,,0,0,1,,,0,OP3,scripted,OP3,3,2,4,2
9052,1,,,0,0,1,,,0,OP3,scripted,OP3,3,2,4,2
9053,1,,,0,0,1,,,0,OP3,scripted,OP3,3,2,4,2
9054,1,,,0,0,1,,,0,OP3,scripted,OP3,3,2,4,2
9055,0,,,0,0,1,,,0,OP3,scripted,OP3,3,3,4,2
9056,1,,,0,0,1,,,0,OP3,scripted,OP3,3,2,4,2
9057,1,,,0,0,1,,,0,OP3,scripted,OP3,3,2,4,2
9058,1,,,0,0,1,,,0,OP3,scripted,OP3,3,2,4,2
9059,0,,,0,0,1,,,0,OP3,scripted,OP3,2,3,4,2
9060,1,,,0,0,1,,,0,OP3,scripted,OP3,3,2,4,2
9061,1,,,0,0,1,,,0,OP3,scripted,OP3,3,2,4,2
9062,0,,,0,0,1,,,0,OP3,scripted,OP3,2,3,4,2
9063,0,,,0,0,1,,,0,OP3,scripted,OP3,2,3,4,2
9064,1,,,0,0,1,,,0,OP3,scripted,OP3,3,2,4,2
9065,0,,,0,0,1,,,0,OP3,scripted,OP3,2,3,4,2
9066,0,,,0,0,1,,,0,OP3,scripted,OP3,2,3,4,2
9067,0,,,0,0,1,,,0,OP3,scripted,OP3,2,3,4,2
9068,1,,,0,0,1,,,0,OP3,scripted,OP3,3,2,4,2
9069,0,,,0,0,1,,,0,OP3,scripted,OP3,2,3,4,2
9070,1,,,0,0,1,,,0,OP3,scripted,OP3,3,1,4,2
9071,0,,,0,0,1,,,0,OP3,scripted,OP3,2,3,4,2
9072,0,,,0,0,1,,,0,OP3,scripted,OP3,3,3,4,2
9073,0,,,0,0,1,,,0,OP3,scripted,OP3,3,3,4,2
9074,0,,,0,0,1,,,0,OP3,scripted,OP3,3,3,4,2
9075,1,,,0,0,1,,,0,OP3,scripted,OP3,3,2,4,2
9076,1,,,0,0,1,,,0,OP3,scripted,OP3,3,2,4,2
9077,1,,,0,0,1,,,0,OP3,scripted,OP3,3,2,4,2
9078,0,,,0,0,1,,,0,OP3,scripted,OP3,2,3,4,2
9079,0,,,0,0,1,,,0,OP3,scripted,OP3,3,3,4,2
9080,1,,,0,0,1,,,0,OP3,scripted,OP3,3,1,4,2
9081,0,,,0,0,1,,,0,OP3,scripted,OP3,2,3,4,2
9082,0,,,0,0,1,,,0,OP3,scripted,OP3,3,3,4,2
9083,1,,,0,0,1,,,0,OP3,scripted,OP3,3,2,4,2
9084,0,,,0,0,1,,,0,OP3,scripted,OP3,3,3,4,2
9085,1,,,0,0,1,,,0,OP3,scripted,OP3,3,2,4,2
9086,0,,,0,0,1,,,0,OP3,scripted,OP3,2,3,4,2
9087,0,,,0,0,1,,,0,OP3,scripted,OP3,2,3,4,2
9088,0,,,0,0,1,,,0,OP3,scripted,OP3,2,3,4,2
9089,0,,,0,0,1,,,0,OP3,scripted,OP3,1,3,4,2
9090,0,,,0,0,1,,,0,OP3,scripted,OP3,3,3,4,2
9091,1,,,0,0,1,,,0,OP3,scripted,OP3,3,2,4,2
9092,1,,,0,0,1,,,0,OP3,scripted,OP3,3,2,4,2
9093,1,,,0,0,1,,,0,OP3,scripted,OP3,3,2,4,2
9094,1,,,0,0,1,,,0,OP3,scripted,OP3,3,1,4,2
9095,1,,,0,0,1,,,0,OP3,scripted,OP3,3,2,4,2
9096,0,,,0,0,1,,,0,OP3,scripted,OP3,2,3,4,2
9097,0,,,0,0,1,,,0,OP3,scripted,OP3,3,3,4,2
9098,0,,,0,0,1,,,0,OP3,scripted,OP3,2,3,4,2
9099,1,,,0,0,1,,,0,OP3,scripted,OP3,3,2,4,2
9100,0,,,0,0,1,,,0,OP3,scripted,OP3,2,3,4,2
9101,1,,,0,0,1,,,0,OP3,scripted,OP3,3,2,4,2
9102,1,,,0,0,1,,,0,OP3,scripted,OP3,3,2,4,2
9103,1,,,0,0,1,,,0,OP3,scripted,OP3,3,2,4,2
9104,0,,,0,0,1,,,0,OP3,scripted,OP3,2,3,4,2
9105,1,,,0,0,1,,,0,OP3,scripted,OP3,3,1,4,2
9106,1,,,0,0,1,,,0,OP3,scripted,OP3,3,1,4,2
9107,1,,,0,0,1,,,0,OP3,scripted,OP3,3,2,4,2
9108,0,,,0,0,1,,,0,OP3,scripted,OP3,2,3,4,2
9109,1,,,0,0,1,,,0,OP3,scripted,OP3,3,1,4,2
9110,1,,,0,0,1,,,0,OP3,scripted,OP3,3,2,4,2
9111,1,,,0,0,1,,,0,OP3,scripted,OP3,3,2,4,2
9112,1,,,0,0,1,,,0,OP3,scripted,OP3,3,2,4,2
9113,1,,,0,0,1,,,0,OP3,scripted,OP3,3,2,4,2
9114,1,,,0,0,1,,,0,OP3,scripted,OP3,3,2,4,2
9115,1,,,0,0,1,,,0,OP3,scripted,OP3,3,2,4,2
9116,1,,,0,0,1,,,0,OP3,scripted,OP3,3,2,4,2
9117,1,,,0,0,1,,,0,OP3,scripted,OP3,3,1,4,2
9118,1,,,0,0,1,,,0,OP3,scripted,OP3,3,2,4,2
9119,0,,,0,0,1,,,0,OP3,scripted,OP3,2,3,4,2
9120,1,,,0,0,1,,,0,OP3,scripted,OP3,3,2,4,2
9121,1,,,0,0,1,,,0,OP3,scripted,OP3,3,2,4,2
9122,0,,,0,0,1,,,0,OP3,scripted,OP3,2,3,4,2
9123,1,,,0,0,1,,,0,OP3,scripted,OP3,3,2,4,2
9124,0,,,0,0,1,,,0,OP3,scripted,OP3,2,3,4,2
9125,0,,,0,0,1,,,0,OP3,scripted,OP3,2,3,4,2
9126,1,,,0,0,1,,,0,OP3,scripted,OP3,3,2,4,2
9127,0,,,0,0,1,,,0,OP3,scripted,OP3,2,3,4,2
9128,1,,,0,0,1,,,0,OP3,scripted,OP3,3,0,4,2
9129,1,,,0,0,1,,,0,OP3,scripted,OP3,3,2,4,2
9130,1,,,0,0,1,,,0,OP3,scripted,OP3,3,2,4,2
9131,0,,,0,0,1,,,0,OP3,scripted,OP3,2,3,4,2
9132,1,,,0,0,1,,,0,OP3,scripted,OP3,3,2,4,2
9133,1,,,0,0,1,,,0,OP3,scripted,OP3,3,1,4,2
9134,1,,,0,0,1,,,0,OP3,scripted,OP3,3,2,4,2
9135,0,,,0,0,1,,,0,OP3,scripted,OP3,2,3,4,2
9136,0,,,0,0,1,,,0,OP3,scripted,OP3,2,3,4,2
9137,1,,,0,0,1,,,0,OP3,scripted,OP3,3,2,4,2
9138,0,,,0,0,1,,,0,OP3,scripted,OP3,2,3,4,2
9139,0,,,0,0,1,,,0,OP3,scripted,OP3,2,3,4,2
9140,0,,,0,0,1,,,0,OP3,scripted,OP3,2,3,4,2
9141,0,,,0,0,1,,,0,OP3,scripted,OP3,3,3,4,2
9142,0,,,0,0,1,,,0,OP3,scripted,OP3,2,3,4,2
9143,1,,,0,0,1,,,0,OP3,scripted,OP3,3,2,4,2
9144,0,,,0,0,1,,,0,OP3,scripted,OP3,3,3,4,2
9145,1,,,0,0,1,,,0,OP3,scripted,OP3,3,2,4,2
9146,1,,,0,0,1,,,0,OP3,scripted,OP3,3,2,4,2
9147,0,,,0,0,1,,,0,OP3,scripted,OP3,3,3,4,2
9148,0,,,0,0,1,,,0,OP3,scripted,OP3,2,3,4,2
9149,0,,,0,0,1,,,0,OP3,scripted,OP3,2,3,4,2
9150,0,,,0,0,1,,,0,OP3,scripted,OP3,2,3,4,2
9151,0,,,0,0,1,,,0,OP3,scripted,OP3,2,3,4,2
9152,1,,,0,0,1,,,0,OP3,scripted,OP3,3,2,4,2
9153,0,,,0,0,1,,,0,OP3,scripted,OP3,2,3,4,2
9154,0,,,0,0,1,,,0,OP3,scripted,OP3,3,3,4,2
9155,1,,,0,0,1,,,0,OP3,scripted,OP3,3,2,4,2
9156,0,,,0,0,1,,,0,OP3,scripted,OP3,2,3,4,2
9157,0,,,0,0,1,,,0,OP3,scripted,OP3,2,3,4,2
9158,1,,,0,0,1,,,0,OP3,scripted,OP3,3,2,4,2
9159,1,,,0,0,1,,,0,OP3,scripted,OP3,3,2,4,2
9160,0,,,0,0,1,,,0,OP3,scripted,OP3,3,3,4,2
9161,0,,,0,0,1,,,0,OP3,scripted,OP3,2,3,4,2
9162,0,,,0,0,1,,,0,OP3,scripted,OP3,2,3,4,2
9163,1,,,0,0,1,,,0,OP3,scripted,OP3,3,2,4,2
9164,1,,,0,0,1,,,0,OP3,scripted,OP3,3,2,4,2
9165,0,,,0,0,1,,,0,OP3,scripted,OP3,1,3,4,2
9166,1,,,0,0,1,,,0,OP3,scripted,OP3,3,2,4,2
9167,1,,,0,0,1,,,0,OP3,scripted,OP3,3,1,4,2
9168,1,,,0,0,1,,,0,OP3,scripted,OP3,3,2,4,2
9169,1,,,0,0,1,,,0,OP3,scripted,OP3,3,2,4,2
9170,1,,,0,0,1,,,0,OP3,scripted,OP3,3,2,4,2
9171,1,,,0,0,1,,,0,OP3,scripted,OP3,3,2,4,2
9172,1,,,0,0,1,,,0,OP3,scripted,OP3,3,2,4,2
9173,1,,,0,0,1,,,0,OP3,scripted,OP3,3,2,4,2
9174,1,,,0,0,1,,,0,OP3,scripted,OP3,3,1,4,2
9175,1,,,0,0,1,,,0,OP3,scripted,OP3,3,2,4,2
9176,1,,,0,0,1,,,0,OP3,scripted,OP3,3,2,4,2
9177,0,,,0,0,1,,,0,OP3,scripted,OP3,3,3,4,2
9178,1,,,0,0,1,,,0,OP3,scripted,OP3,3,2,4,2
9179,0,,,0,0,1,,,0,OP3,scripted,OP3,2,3,4,2
9180,1,,,0,0,1,,,0,OP3,scripted,OP3,3,2,4,2
9181,0,,,0,0,1,,,0,OP3,scripted,OP3,2,3,4,2
9182,1,,,0,0,1,,,0,OP3,scripted,OP3,3,1,4,2
9183,0,,,0,0,1,,,0,OP3,scripted,OP3,2,3,4,2
9184,1,,,0,0,1,,,0,OP3,scripted,OP3,3,2,4,2
9185,1,,,0,0,1,,,0,OP3,scripted,OP3,3,2,4,2
9186,0,,,0,0,1,,,0,OP3,scripted,OP3,3,3,4,2
9187,1,,,0,0,1,,,0,OP3,scripted,OP3,3,2,4,2
9188,0,,,0,0,1,,,0,OP3,scripted,OP3,2,3,4,2
9189,0,,,0,0,1,,,0,OP3,scripted,OP3,2,3,4,2
9190,1,,,0,0,1,,,0,OP3,scripted,OP3,3,2,4,2
9191,1,,,0,0,1,,,0,OP3,scripted,OP3,3,2,4,2
9192,0,,,0,0,1,,,0,OP3,scripted,OP3,2,3,4,2
9193,1,,,0,0,1,,,0,OP3,scripted,OP3,3,1,4,2
9194,1,,,0,0,1,,,0,OP3,scripted,OP3,3,2,4,2
9195,1,,,0,0,1,,,0,OP3,scripted,OP3,3,2,4,2
9196,1,,,0,0,1,,,0,OP3,scripted,OP3,3,2,4,2
9197,0,,,0,0,1,,,0,OP3,scripted,OP3,2,3,4,2
9198,1,,,0,0,1,,,0,OP3,scripted,OP3,3,1,4,2
9199,0,,,0,0,1,,,0,OP3,scripted,OP3,3,3,4,2
9200,0,,,0,0,1,,,0,OP3,scripted,OP3,2,3,4,2
9201,1,,,0,0,1,,,0,OP3,scripted,OP3,3,2,4,2
9202,0,,,0,0,1,,,0,OP3,scripted,OP3,2,3,4,2
9203,0,,,0,0,1,,,0,OP3,scripted,OP3,3,3,4,2
9204,0,,,0,0,1,,,0,OP3,scripted,OP3,1,3,4,2
9205,1,,,0,0,1,,,0,OP3,scripted,OP3,3,1,4,2
9206,0,,,0,0,1,,,0,OP3,scripted,OP3,3,3,4,2
9207,1,,,0,0,1,,,0,OP3,scripted,OP3,3,1,4,2
9208,0,,,0,0,1,,,0,OP3,scripted,OP3,2,3,4,2
9209,0,,,0,0,1,,,0,OP3,scripted,OP3,2,3,4,2
9210,1,,,0,0,1,,,0,OP3,scripted,OP3,3,2,4,2
9211,0,,,0,0,1,,,0,OP3,scripted,OP3,3,3,4,2
9212,0,,,0,0,1,,,0,OP3,scripted,OP3,3,3,4,2
9213,0,,,0,0,1,,,0,OP3,scripted,OP3,2,3,4,2
9214,0,,,0,0,1,,,0,OP3,scripted,OP3,2,3,4,2
9215,1,,,0,0,1,,,0,OP3,scripted,OP3,3,1,4,2
9216,0,,,0,0,1,,,0,OP3,scripted,OP3,2,3,4,2
9217,0,,,0,0,1,,,0,OP3,scripted,OP3,2,3,4,2
9218,1,,,0,0,1,,,0,OP3,scripted,OP3,3,2,4,2
9219,1,,,0,0,1,,,0,OP3,scripted,OP3,3,2,4,2
9220,1,,,0,0,1,,,0,OP3,scripted,OP3,3,2,4,2
9221,0,,,0,0,1,,,0,OP3,scripted,OP3,3,3,4,2
9222,0,,,0,0,1,,,0,OP3,scripted,OP3,3,3,4,2
9223,0,,,0,0,1,,,0,OP3,scripted,OP3,2,3,4,2
9224,1,,,0,0,1,,,0,OP3,scripted,OP3,3,2,4,2
9225,0,,,0,0,1,,,0,OP3,scripted,OP3,2,3,4,2
9226,0,,,0,0,1,,,0,OP3,scripted,OP3,2,3,4,2
9227,0,,,0,0,1,,,0,OP3,scripted,OP3,2,3,4,2
9228,1,,,0,0,1,,,0,OP3,scripted,OP3,3,2,4,2
9229,0,,,0,0,1,,,0,OP3,scripted,OP3,2,3,4,2
9230,0,,,0,0,1,,,0,OP3,scripted,OP3,2,3,4,2
9231,1,,,0,0,1,,,0,OP3,scripted,OP3,3,2,4,2
9232,0,,,0,0,1,,,0,OP3,scripted,OP3,2,3,4,2
9233,1,,,0,0,1,,,0,OP3,scripted,OP3,3,2,4,2
9234,1,,,0,0,1,,,0,OP3,scripted,OP3,3,2,4,2
9235,1,,,0,0,1,,,0,OP3,scripted,OP3,3,2,4,2
9236,1,,,0,0,1,,,0,OP3,scripted,OP3,3,2,4,2
9237,0,,,0,0,1,,,0,OP3,scripted,OP3,2,3,4,2
9238,0,,,0,0,1,,,0,OP3,scripted,OP3,2,3,4,2
9239,0,,,0,0,1,,,0,OP3,scripted,OP3,2,3,4,2
9240,0,,,0,0,1,,,0,OP3,scripted,OP3,3,3,4,2
9241,0,,,0,0,1,,,0,OP3,scripted,OP3,1,3,4,2
9242,1,,,0,0,1,,,0,OP3,scripted,OP3,3,2,4,2
9243,1,,,0,0,1,,,0,OP3,scripted,OP3,3,2,4,2
9244,1,,,0,0,1,,,0,OP3,scripted,OP3,3,2,4,2
9245,0,,,0,0,1,,,0,OP3,scripted,OP3,1,3,4,2
9246,1,,,0,0,1,,,0,OP3,scripted,OP3,3,2,4,2
9247,0,,,0,0,1,,,0,OP3,scripted,OP3,2,3,4,2
9248,0,,,0,0,1,,,0,OP3,scripted,OP3,2,3,4,2
9249,0,,,0,0,1,,,0,OP3,scripted,OP3,3,3,4,2
9250,0,,,0,0,1,,,0,OP3,scripted,OP3,2,3,4,2
9251,0,,,0,0,1,,,0,OP3,scripted,OP3,3,3,4,2
9252,1,,,0,0,1,,,0,OP3,scripted,OP3,3,2,4,2
9253,0,,,0,0,1,,,0,OP3,scripted,OP3,3,3,4,2
9254,1,,,0,0,1,,,0,OP3,scripted,OP3,3,1,4,2
9255,1,,,0,0,1,,,0,OP3,scripted,OP3,3,2,4,2
9256,1,,,0,0,1,,,0,OP3,scripted,OP3,3,2,4,2
9257,0,,,0,0,1,,,0,OP3,scripted,OP3,2,3,4,2
9258,1,,,0,0,1,,,0,OP3,scripted,OP3,3,2,4,2
9259,1,,,0,0,1,,,0,OP3,scripted,OP3,3,2,4,2
9260,1,,,0,0,1,,,0,OP3,scripted,OP3,3,2,4,2
9261,0,,,0,0,1,,,0,OP3,scripted,OP3,2,3,4,2
9262,1,,,0,0,1,,,0,OP3,scripted,OP3,3,2,4,2
9263,0,,,0,0,1,,,0,OP3,scripted,OP3,3,3,4,2
9264,0,,,0,0,1,,,0,OP3,scripted,OP3,2,3,4,2
9265,1,,,0,0,1,,,0,OP3,scripted,OP3,3,2,4,2
9266,0,,,0,0,1,,,0,OP3,scripted,OP3,3,3,4,2
9267,1,,,0,0,1,,,0,OP3,scripted,OP3,3,2,4,2
9268,0,,,0,0,1,,,0,OP3,scripted,OP3,2,3,4,2
9269,0,,,0,0,1,,,0,OP3,scripted,OP3,2,3,4,2
9270,1,,,0,0,1,,,0,OP3,scripted,OP3,3,1,4,2
9271,0,,,0,0,1,,,0,OP3,scripted,OP3,3,3,4,2
9272,1,,,0,0,1,,,0,OP3,scripted,OP3,3,2,4,2
9273,1,,,0,0,1,,,0,OP3,scripted,OP3,3,2,4,2
9274,0,,,0,0,1,,,0,OP3,scripted,OP3,2,3,4,2
9275,1,,,0,0,1,,,0,OP3,scripted,OP3,3,2,4,2
9276,0,,,0,0,1,,,0,OP3,scripted,OP3,2,3,4,2
9277,1,,,0,0,1,,,0,OP3,scripted,OP3,3,2,4,2
9278,0,,,0,0,1,,,0,OP3,scripted,OP3,3,3,4,2
9279,0,,,0,0,1,,,0,OP3,scripted,OP3,2,3,4,2
9280,0,,,0,0,1,,,0,OP3,scripted,OP3,2,3,4,2
9281,0,,,0,0,1,,,0,OP3,scripted,OP3,1,3,4,2
9282,1,,,0,0,1,,,0,OP3,scripted,OP3,3,2,4,2
9283,1,,,0,0,1,,,0,OP3,scripted,OP3,3,2,4,2
9284,1,,,0,0,1,,,0,OP3,scripted,OP3,3,2,4,2
9285,0,,,0,0,1,,,0,OP3,scripted,OP3,3,3,4,2
9286,1,,,0,0,1,,,0,OP3,scripted,OP3,3,2,4,2
9287,0,,,0,0,1,,,0,OP3,scripted,OP3,2,3,4,2
9288,1,,,0,0,1,,,0,OP3,scripted,OP3,3,2,4,2
9289,1,,,0,0,1,,,0,OP3,scripted,OP3,3,2,4,2
9290,0,,,0,0,1,,,0,OP3,scripted,OP3,3,3,4,2
9291,0,,,0,0,1,,,0,OP3,scripted,OP3,2,3,4,2
9292,0,,,0,0,1,,,0,OP3,scripted,OP3,3,3,4,2
9293,0,,,0,0,1,,,0,OP3,scripted,OP3,2,3,4,2
9294,0,,,0,0,1,,,0,OP3,scripted,OP3,2,3,4,2
9295,1,,,0,0,1,,,0,OP3,scripted,OP3,3,2,4,2
9296,0,,,0,0,1,,,0,OP3,scripted,OP3,2,3,4,2
9297,1,,,0,0,1,,,0,OP3,scripted,OP3,3,2,4,2
9298,1,,,0,0,1,,,0,OP3,scripted,OP3,3,2,4,2
9299,0,,,0,0,1,,,0,OP3,scripted,OP3,2,3,4,2
9300,0,,,0,0,1,,,0,OP3,scripted,OP3,3,3,4,2
9301,0,,,0,0,1,,,0,OP3,scripted,OP3,2,3,4,2
9302,1,,,0,0,1,,,0,OP3,scripted,OP3,3,2,4,2
9303,1,,,0,0,1,,,0,OP3,scripted,OP3,3,1,4,2
9304,0,,,0,0,1,,,0,OP3,scripted,OP3,2,3,4,2
9305,0,,,0,0,1,,,0,OP3,scripted,OP3,3,3,4,2
9306,1,,,0,0,1,,,0,OP3,scripted,OP3,3,2,4,2
9307,0,,,0,0,1,,,0,OP3,scripted,OP3,3,3,4,2
9308,1,,,0,0,1,,,0,OP3,scripted,OP3,3,2,4,2
9309,0,,,0,0,1,,,0,OP3,scripted,OP3,2,3,4,2
9310,0,,,0,0,1,,,0,OP3,scripted,OP3,2,3,4,2
9311,1,,,0,0,1,,,0,OP3,scripted,OP3,3,2,4,2
9312,1,,,0,0,1,,,0,OP3,scripted,OP3,3,2,4,2
9313,0,,,0,0,1,,,0,OP3,scripted,OP3,3,3,4,2
9314,0,,,0,0,1,,,0,OP3,scripted,OP3,2,3,4,2
9315,0,,,0,0,1,,,0,OP3,scripted,OP3,2,3,4,2
9316,0,,,0,0,1,,,0,OP3,scripted,OP3,3,3,4,2
9317,0,,,0,0,1,,,0,OP3,scripted,OP3,2,3,4,2
9318,0,,,0,0,1,,,0,OP3,scripted,OP3,3,3,4,2
9319,0,,,0,0,1,,,0,OP3,scripted,OP3,2,3,4,2
9320,1,,,0,0,1,,,0,OP3,scripted,OP3,3,2,4,2
9321,0,,,0,0,1,,,0,OP3,scripted,OP3,2,3,4,2
9322,0,,,0,0,1,,,0,OP3,scripted,OP3,2,3,4,2
9323,1,,,0,0,1,,,0,OP3,scripted,OP3,3,1,4,2
9324,1,,,0,0,1,,,0,OP3,scripted,OP3,3,1,4,2
9325,1,,,0,0,1,,,0,OP3,scripted,OP3,3,2,4,2
9326,0,,,0,0,1,,,0,OP3,scripted,OP3,3,3,4,2
9327,0,,,0,0,1,,,0,OP3,scripted,OP3,2,3,4,2
9328,1,,,0,0,1,,,0,OP3,scripted,OP3,3,2,4,2
9329,0,,,0,0,1,,,0,OP3,scripted,OP3,2,3,4,2
9330,1,,,0,0,1,,,0,OP3,scripted,OP3,3,2,4,2
9331,0,,,0,0,1,,,0,OP3,scripted,OP3,3,3,4,2
9332,1,,,0,0,1,,,0,OP3,scripted,OP3,3,2,4,2
9333,1,,,0,0,1,,,0,OP3,scripted,OP3,3,2,4,2
9334,0,,,0,0,1,,,0,OP3,scripted,OP3,3,3,4,2
9335,1,,,0,0,1,,,0,OP3,scripted,OP3,3,2,4,2
9336,1,,,0,0,1,,,0,OP3,scripted,OP3,3,2,4,2
9337,0,,,0,0,1,,,0,OP3,scripted,OP3,2,3,4,2
9338,0,,,0,0,1,,,0,OP3,scripted,OP3,2,3,4,2
9339,0,,,0,0,1,,,0,OP3,scripted,OP3,2,3,4,2
9340,0,,,0,0,1,,,0,OP3,scripted,OP3,3,3,4,2
9341,0,,,0,0,1,,,0,OP3,scripted,OP3,3,3,4,2
9342,0,,,0,0,1,,,0,OP3,scripted,OP3,2,3,4,2
9343,0,,,0,0,1,,,0,OP3,scripted,OP3,2,3,4,2
9344,1,,,0,0,1,,,0,OP3,scripted,OP3,3,2,4,2
9345,1,,,0,0,1,,,0,OP3,scripted,OP3,3,2,4,2
9346,0,,,0,0,1,,,0,OP3,scripted,OP3,2,3,4,2
9347,1,,,0,0,1,,,0,OP3,scripted,OP3,3,2,4,2
9348,0,,,0,0,1,,,0,OP3,scripted,OP3,2,3,4,2
9349,1,,,0,0,1,,,0,OP3,scripted,OP3,3,2,4,2
9350,1,,,0,0,1,,,0,OP3,scripted,OP3,3,2,4,2
9351,0,,,0,0,1,,,0,OP3,scripted,OP3,3,3,4,2
9352,1,,,0,0,1,,,0,OP3,scripted,OP3,3,1,4,2
9353,0,,,0,0,1,,,0,OP3,scripted,OP3,3,3,4,2
9354,1,,,0,0,1,,,0,OP3,scripted,OP3,3,2,4,2
9355,1,,,0,0,1,,,0,OP3,scripted,OP3,3,1,4,2
9356,0,,,0,0,1,,,0,OP3,scripted,OP3,2,3,4,2
9357,1,,,0,0,1,,,0,OP3,scripted,OP3,3,2,4,2
9358,0,,,0,0,1,,,0,OP3,scripted,OP3,2,3,4,2
9359,1,,,0,0,1,,,0,OP3,scripted,OP3,3,2,4,2
9360,1,,,0,0,1,,,0,OP3,scripted,OP3,3,2,4,2
9361,0,,,0,0,1,,,0,OP3,scripted,OP3,2,3,4,2
9362,0,,,0,0,1,,,0,OP3,scripted,OP3,1,3,4,2
9363,0,,,0,0,1,,,0,OP3,scripted,OP3,2,3,4,2
9364,1,,,0,0,1,,,0,OP3,scripted,OP3,3,2,4,2
9365,1,,,0,0,1,,,0,OP3,scripted,OP3,3,2,4,2
9366,1,,,0,0,1,,,0,OP3,scripted,OP3,3,2,4,2
9367,1,,,0,0,1,,,0,OP3,scripted,OP3,3,2,4,2
9368,1,,,0,0,1,,,0,OP3,scripted,OP3,3,2,4,2
9369,1,,,0,0,1,,,0,OP3,scripted,OP3,3,2,4,2
9370,0,,,0,0,1,,,0,OP3,scripted,OP3,3,3,4,2
9371,1,,,0,0,1,,,0,OP3,scripted,OP3,3,2,4,2
9372,0,,,0,0,1,,,0,OP3,scripted,OP3,2,3,4,2
9373,1,,,0,0,1,,,0,OP3,scripted,OP3,3,2,4,2
9374,1,,,0,0,1,,,0,OP3,scripted,OP3,3,2,4,2
9375,1,,,0,0,1,,,0,OP3,scripted,OP3,3,2,4,2
9376,0,,,0,0,1,,,0,OP3,scripted,OP3,2,3,4,2
9377,1,,,0,0,1,,,0,OP3,scripted,OP3,3,2,4,2
9378,1,,,0,0,1,,,0,OP3,scripted,OP3,3,2,4,2
9379,0,,,0,0,1,,,0,OP3,scripted,OP3,3,3,4,2
9380,1,,,0,0,1,,,0,OP3,scripted,OP3,3,1,4,2
9381,1,,,0,0,1,,,0,OP3,scripted,OP3,3,2,4,2
9382,1,,,0,0,1,,,0,OP3,scripted,OP3,3,2,4,2
9383,0,,,0,0,1,,,0,OP3,scripted,OP3,3,3,4,2
9384,1,,,0,0,1,,,0,OP3,scripted,OP3,3,1,4,2
9385,1,,,0,0,1,,,0,OP3,scripted,OP3,3,2,4,2
9386,1,,,0,0,1,,,0,OP3,scripted,OP3,3,1,4,2
9387,1,,,0,0,1,,,0,OP3,scripted,OP3,3,1,4,2
9388,0,,,0,0,1,,,0,OP3,scripted,OP3,2,3,4,2
9389,0,,,0,0,1,,,0,OP3,scripted,OP3,2,3,4,2
9390,1,,,0,0,1,,,0,OP3,scripted,OP3,3,2,4,2
9391,1,,,0,0,1,,,0,OP3,scripted,OP3,3,2,4,2
9392,0,,,0,0,1,,,0,OP3,scripted,OP3,3,3,4,2
9393,0,,,0,0,1,,,0,OP3,scripted,OP3,2,3,4,2
9394,0,,,0,0,1,,,0,OP3,scripted,OP3,3,3,4,2
9395,0,,,0,0,1,,,0,OP3,scripted,OP3,3,3,4,2
9396,1,,,0,0,1,,,0,OP3,scripted,OP3,3,2,4,2
9397,0,,,0,0,1,,,0,OP3,scripted,OP3,2,3,4,2
9398,0,,,0,0,1,,,0,OP3,scripted,OP3,2,3,4,2
9399,1,,,0,0,1,,,0,OP3,scripted,OP3,3,2,4,2
9400,1,,,0,0,1,,,0,OP3,scripted,OP3,3,2,4,2
9401,0,,,0,0,1,,,0,OP3,scripted,OP3,2,3,4,2
9402,1,,,0,0,1,,,0,OP3,scripted,OP3,3,2,4,2
9403,0,,,0,0,1,,,0,OP3,scripted,OP3,2,3,4,2
9404,1,,,0,0,1,,,0,OP3,scripted,OP3,3,2,4,2
9405,0,,,0,0,1,,,0,OP3,scripted,OP3,3,3,4,2
9406,0,,,0,0,1,,,0,OP3,scripted,OP3,2,3,4,2
9407,0,,,0,0,1,,,0,OP3,scripted,OP3,3,3,4,2
9408,1,,,0,0,1,,,0,OP3,scripted,OP3,3,2,4,2
9409,1,,,0,0,1,,,0,OP3,scripted,OP3,3,2,4,2
9410,0,,,0,0,1,,,0,OP3,scripted,OP3,2,3,4,2
9411,0,,,0,0,1,,,0,OP3,scripted,OP3,2,3,4,2
9412,0,,,0,0,1,,,0,OP3,scripted,OP3,2,3,4,2
9413,0,,,0,0,1,,,0,OP3,scripted,OP3,3,3,4,2
9414,1,,,0,0,1,,,0,OP3,scripted,OP3,3,2,4,2
9415,1,,,0,0,1,,,0,OP3,scripted,OP3,3,2,4,2
9416,1,,,0,0,1,,,0,OP3,scripted,OP3,3,2,4,2
9417,0,,,0,0,1,,,0,OP3,scripted,OP3,2,3,4,2
9418,1,,,0,0,1,,,0,OP3,scripted,OP3,3,2,4,2
9419,0,,,0,0,1,,,0,OP3,scripted,OP3,3,3,4,2
9420,1,,,0,0,1,,,0,OP3,scripted,OP3,3,2,4,2
9421,0,,,0,0,1,,,0,OP3,scripted,OP3,1,3,4,2
9422,0,,,0,0,1,,,0,OP3,scripted,OP3,2,3,4,2
9423,0,,,0,0,1,,,0,OP3,scripted,OP3,2,3,4,2
9424,1,,,0,0,1,,,0,OP3,scripted,OP3,3,2,4,2
9425,1,,,0,0,1,,,0,OP3,scripted,OP3,3,2,4,2
9426,1,,,0,0,1,,,0,OP3,scripted,OP3,3,2,4,2
9427,1,,,0,0,1,,,0,OP3,scripted,OP3,3,2,4,2
9428,0,,,0,0,1,,,0,OP3,scripted,OP3,2,3,4,2
9429,0,,,0,0,1,,,0,OP3,scripted,OP3,1,3,4,2
9430,0,,,0,0,1,,,0,OP3,scripted,OP3,2,3,4,2
9431,1,,,0,0,1,,,0,OP3,scripted,OP3,3,2,4,2
9432,0,,,0,0,1,,,0,OP3,scripted,OP3,3,3,4,2
9433,1,,,0,0,1,,,0,OP3,scripted,OP3,3,2,4,2
9434,1,,,0,0,1,,,0,OP3,scripted,OP3,3,2,4,2
9435,0,,,0,0,1,,,0,OP3,scripted,OP3,2,3,4,2
9436,0,,,0,0,1,,,0,OP3,scripted,OP3,2,3,4,2
9437,1,,,0,0,1,,,0,OP3,scripted,OP3,3,2,4,2
9438,0,,,0,0,1,,,0,OP3,scripted,OP3,2,3,4,2
9439,0,,,0,0,1,,,0,OP3,scripted,OP3,2,3,4,2
9440,0,,,0,0,1,,,0,OP3,scripted,OP3,2,3,4,2
9441,0,,,0,0,1,,,0,OP3,scripted,OP3,2,3,4,2
9442,0,,,0,0,1,,,0,OP3,scripted,OP3,2,3,4,2
9443,1,,,0,0,1,,,0,OP3,scripted,OP3,3,2,4,2
9444,1,,,0,0,1,,,0,OP3,scripted,OP3,3,2,4,2
9445,1,,,0,0,1,,,0,OP3,scripted,OP3,3,2,4,2
9446,0,,,0,0,1,,,0,OP3,scripted,OP3,2,3,4,2
9447,0,,,0,0,1,,,0,OP3,scripted,OP3,2,3,4,2
9448,1,,,0,0,1,,,0,OP3,scripted,OP3,3,2,4,2
9449,0,,,0,0,1,,,0,OP3,scripted,OP3,2,3,4,2
9450,1,,,0,0,1,,,0,OP3,scripted,OP3,3,2,4,2
9451,0,,,0,0,1,,,0,OP3,scripted,OP3,2,3,4,2
9452,0,,,0,0,1,,,0,OP3,scripted,OP3,3,3,4,2
9453,1,,,0,0,1,,,0,OP3,scripted,OP3,3,2,4,2
9454,0,,,0,0,1,,,0,OP3,scripted,OP3,2,3,4,2
9455,1,,,0,0,1,,,0,OP3,scripted,OP3,3,2,4,2
9456,1,,,0,0,1,,,0,OP3,scripted,OP3,3,2,4,2
9457,0,,,0,0,1,,,0,OP3,scripted,OP3,3,3,4,2
9458,1,,,0,0,1,,,0,OP3,scripted,OP3,3,2,4,2
9459,0,,,0,0,1,,,0,OP3,scripted,OP3,2,3,4,2
9460,0,,,0,0,1,,,0,OP3,scripted,OP3,2,3,4,2
9461,0,,,0,0,1,,,0,OP3,scripted,OP3,2,3,4,2
9462,1,,,0,0,1,,,0,OP3,scripted,OP3,3,2,4,2
9463,1,,,0,0,1,,,0,OP3,scripted,OP3,3,2,4,2
9464,1,,,0,0,1,,,0,OP3,scripted,OP3,3,2,4,2
9465,1,,,0,0,1,,,0,OP3,scripted,OP3,3,2,4,2
9466,0,,,0,0,1,,,0,OP3,scripted,OP3,2,3,4,2
9467,0,,,0,0,1,,,0,OP3,scripted,OP3,2,3,4,2
9468,1,,,0,0,1,,,0,OP3,scripted,OP3,3,2,4,2
9469,0,,,0,0,1,,,0,OP3,scripted,OP3,2,3,4,2
9470,1,,,0,0,1,,,0,OP3,scripted,OP3,3,2,4,2
9471,0,,,0,0,1,,,0,OP3,scripted,OP3,2,3,4,2
9472,1,,,0,0,1,,,0,OP3,scripted,OP3,3,2,4,2
9473,1,,,0,0,1,,,0,OP3,scripted,OP3,3,2,4,2
9474,1,,,0,0,1,,,0,OP3,scripted,OP3,3,2,4,2
9475,0,,,0,0,1,,,0,OP3,scripted,OP3,2,3,4,2
9476,1,,,0,0,1,,,0,OP3,scripted,OP3,3,2,4,2
9477,0,,,0,0,1,,,0,OP3,scripted,OP3,3,3,4,2
9478,0,,,0,0,1,,,0,OP3,scripted,OP3,2,3,4,2
9479,0,,,0,0,1,,,0,OP3,scripted,OP3,2,3,4,2
9480,1,,,0,0,1,,,0,OP3,scripted,OP3,3,1,4,2
9481,1,,,0,0,1,,,0,OP3,scripted,OP3,3,2,4,2
9482,1,,,0,0,1,,,0,OP3,scripted,OP3,3,2,4,2
9483,0,,,0,0,1,,,0,OP3,scripted,OP3,2,3,4,2
9484,1,,,0,0,1,,,0,OP3,scripted,OP3,3,2,4,2
9485,1,,,0,0,1,,,0,OP3,scripted,OP3,3,2,4,2
9486,0,,,0,0,1,,,0,OP3,scripted,OP3,2,3,4,2
9487,0,,,0,0,1,,,0,OP3,scripted,OP3,2,3,4,2
9488,1,,,0,0,1,,,0,OP3,scripted,OP3,3,1,4,2
9489,1,,,0,0,1,,,0,OP3,scripted,OP3,3,2,4,2
9490,0,,,0,0,1,,,0,OP3,scripted,OP3,2,3,4,2
9491,1,,,0,0,1,,,0,OP3,scripted,OP3,3,2,4,2
9492,1,,,0,0,1,,,0,OP3,scripted,OP3,3,2,4,2
9493,1,,,0,0,1,,,0,OP3,scripted,OP3,3,2,4,2
9494,0,,,0,0,1,,,0,OP3,scripted,OP3,2,3,4,2
9495,1,,,0,0,1,,,0,OP3,scripted,OP3,3,1,4,2
9496,1,,,0,0,1,,,0,OP3,scripted,OP3,3,2,4,2
9497,1,,,0,0,1,,,0,OP3,scripted,OP3,3,2,4,2
9498,1,,,0,0,1,,,0,OP3,scripted,OP3,3,2,4,2
9499,0,,,0,0,1,,,0,OP3,scripted,OP3,2,3,4,2
9500,0,,,0,0,1,,,0,OP3,scripted,OP3,3,3,4,2
9501,1,,,0,0,1,,,0,OP3,scripted,OP3,3,2,4,2
9502,1,,,0,0,1,,,0,OP3,scripted,OP3,3,2,4,2
9503,1,,,0,0,1,,,0,OP3,scripted,OP3,3,2,4,2
9504,0,,,0,0,1,,,0,OP3,scripted,OP3,3,3,4,2
9505,1,,,0,0,1,,,0,OP3,scripted,OP3,3,2,4,2
9506,1,,,0,0,1,,,0,OP3,scripted,OP3,3,2,4,2
9507,0,,,0,0,1,,,0,OP3,scripted,OP3,3,3,4,2
9508,1,,,0,0,1,,,0,OP3,scripted,OP3,3,2,4,2
9509,0,,,0,0,1,,,0,OP3,scripted,OP3,2,3,4,2
9510,1,,,0,0,1,,,0,OP3,scripted,OP3,3,1,4,2
9511,0,,,0,0,1,,,0,OP3,scripted,OP3,2,3,4,2
9512,1,,,0,0,1,,,0,OP3,scripted,OP3,3,2,4,2
9513,1,,,0,0,1,,,0,OP3,scripted,OP3,3,2,4,2
9514,1,,,0,0,1,,,0,OP3,scripted,OP3,3,2,4,2
9515,1,,,0,0,1,,,0,OP3,scripted,OP3,3,2,4,2
9516,1,,,0,0,1,,,0,OP3,scripted,OP3,3,1,4,2
9517,1,,,0,0,1,,,0,OP3,scripted,OP3,3,2,4,2
9518,0,,,0,0,1,,,0,OP3,scripted,OP3,2,3,4,2
9519,1,,,0,0,1,,,0,OP3,scripted,OP3,3,2,4,2
9520,0,,,0,0,1,,,0,OP3,scripted,OP3,2,3,4,2
9521,1,,,0,0,1,,,0,OP3,scripted,OP3,3,2,4,2
9522,1,,,0,0,1,,,0,OP3,scripted,OP3,3,2,4,2
9523,0,,,0,0,1,,,0,OP3,scripted,OP3,3,3,4,2
9524,1,,,0,0,1,,,0,OP3,scripted,OP3,3,2,4,2
9525,0,,,0,0,1,,,0,OP3,scripted,OP3,2,3,4,2
9526,0,,,0,0,1,,,0,OP3,scripted,OP3,3,3,4,2
9527,1,,,0,0,1,,,0,OP3,scripted,OP3,3,2,4,2
9528,0,,,0,0,1,,,0,OP3,scripted,OP3,2,3,4,2
9529,1,,,0,0,1,,,0,OP3,scripted,OP3,3,2,4,2
9530,0,,,0,0,1,,,0,OP3,scripted,OP3,2,3,4,2
9531,1,,,0,0,1,,,0,OP3,scripted,OP3,3,2,4,2
9532,0,,,0,0,1,,,0,OP3,scripted,OP3,2,3,4,2
9533,1,,,0,0,1,,,0,OP3,scripted,OP3,3,1,4,2
9534,0,,,0,0,1,,,0,OP3,scripted,OP3,2,3,4,2
9535,0,,,0,0,1,,,0,OP3,scripted,OP3,2,3,4,2
9536,1,,,0,0,1,,,0,OP3,scripted,OP3,3,2,4,2
9537,1,,,0,0,1,,,0,OP3,scripted,OP3,3,2,4,2
9538,1,,,0,0,1,,,0,OP3,scripted,OP3,3,2,4,2
9539,0,,,0,0,1,,,0,OP3,scripted,OP3,2,3,4,2
9540,1,,,0,0,1,,,0,OP3,scripted,OP3,3,1,4,2
9541,1,,,0,0,1,,,0,OP3,scripted,OP3,3,2,4,2
9542,0,,,0,0,1,,,0,OP3,scripted,OP3,2,3,4,2
9543,0,,,0,0,1,,,0,OP3,scripted,OP3,3,3,4,2
9544,0,,,0,0,1,,,0,OP3,scripted,OP3,3,3,4,2
9545,0,,,0,0,1,,,0,OP3,scripted,OP3,2,3,4,2
9546,0,,,0,0,1,,,0,OP3,scripted,OP3,2,3,4,2
9547,1,,,0,0,1,,,0,OP3,scripted,OP3,3,2,4,2
9548,1,,,0,0,1,,,0,OP3,scripted,OP3,3,1,4,2
9549,0,,,0,0,1,,,0,OP3,scripted,OP3,2,3,4,2
9550,1,,,0,0,1,,,0,OP3,scripted,OP3,3,2,4,2
9551,0,,,0,0,1,,,0,OP3,scripted,OP3,2,3,4,2
9552,0,,,0,0,1,,,0,OP3,scripted,OP3,3,3,4,2
9553,1,,,0,0,1,,,0,OP3,scripted,OP3,3,2,4,2
9554,1,,,0,0,1,,,0,OP3,scripted,OP3,3,2,4,2
9555,0,,,0,0,1,,,0,OP3,scripted,OP3,2,3,4,2
9556,1,,,0,0,1,,,0,OP3,scripted,OP3,3,1,4,2
9557,1,,,0,0,1,,,0,OP3,scripted,OP3,3,2,4,2
9558,0,,,0,0,1,,,0,OP3,scripted,OP3,3,3,4,2
9559,0,,,0,0,1,,,0,OP3,scripted,OP3,3,3,4,2
9560,1,,,0,0,1,,,0,OP3,scripted,OP3,3,2,4,2
9561,1,,,0,0,1,,,0,OP3,scripted,OP3,3,2,4,2
9562,0,,,0,0,1,,,0,OP3,scripted,OP3,2,3,4,2
9563,1,,,0,0,1,,,0,OP3,scripted,OP3,3,2,4,2
9564,1,,,0,0,1,,,0,OP3,scripted,OP3,3,2,4,2
9565,1,,,0,0,1,,,0,OP3,scripted,OP3,3,2,4,2
9566,1,,,0,0,1,,,0,OP3,scripted,OP3,3,1,4,2
9567,1,,,0,0,1,,,0,OP3,scripted,OP3,3,2,4,2
9568,0,,,0,0,1,,,0,OP3,scripted,OP3,3,3,4,2
9569,0,,,0,0,1,,,0,OP3,scripted,OP3,2,3,4,2
9570,0,,,0,0,1,,,0,OP3,scripted,OP3,2,3,4,2
9571,1,,,0,0,1,,,0,OP3,scripted,OP3,3,1,4,2
9572,1,,,0,0,1,,,0,OP3,scripted,OP3,3,2,4,2
9573,0,,,0,0,1,,,0,OP3,scripted,OP3,3,3,4,2
9574,0,,,0,0,1,,,0,OP3,scripted,OP3,3,3,4,2
9575,1,,,0,0,1,,,0,OP3,scripted,OP3,3,2,4,2
9576,0,,,0,0,1,,,0,OP3,scripted,OP3,3,3,4,2
9577,0,,,0,0,1,,,0,OP3,scripted,OP3,2,3,4,2
9578,0,,,0,0,1,,,0,OP3,scripted,OP3,3,3,4,2
9579,0,,,0,0,1,,,0,OP3,scripted,OP3,3,3,4,2
9580,1,,,0,0,1,,,0,OP3,scripted,OP3,3,2,4,2
9581,0,,,0,0,1,,,0,OP3,scripted,OP3,2,3,4,2
9582,0,,,0,0,1,,,0,OP3,scripted,OP3,3,3,4,2
9583,1,,,0,0,1,,,0,OP3,scripted,OP3,3,2,4,2
9584,0,,,0,0,1,,,0,OP3,scripted,OP3,3,3,4,2
9585,1,,,0,0,1,,,0,OP3,scripted,OP3,3,2,4,2
9586,0,,,0,0,1,,,0,OP3,scripted,OP3,2,3,4,2
9587,0,,,0,0,1,,,0,OP3,scripted,OP3,3,3,4,2
9588,1,,,0,0,1,,,0,OP3,scripted,OP3,3,2,4,2
9589,1,,,0,0,1,,,0,OP3,scripted,OP3,3,1,4,2
9590,0,,,0,0,1,,,0,OP3,scripted,OP3,1,3,4,2
9591,0,,,0,0,1,,,0,OP3,scripted,OP3,3,3,4,2
9592,1,,,0,0,1,,,0,OP3,scripted,OP3,3,2,4,2
9593,1,,,0,0,1,,,0,OP3,scripted,OP3,3,2,4,2
9594,0,,,0,0,1,,,0,OP3,scripted,OP3,2,3,4,2
9595,0,,,0,0,1,,,0,OP3,scripted,OP3,3,3,4,2
9596,0,,,0,0,1,,,0,OP3,scripted,OP3,3,3,4,2
9597,1,,,0,0,1,,,0,OP3,scripted,OP3,3,1,4,2
9598,0,,,0,0,1,,,0,OP3,scripted,OP3,2,3,4,2
9599,1,,,0,0,1,,,0,OP3,scripted,OP3,3,2,4,2
9600,1,,,0,0,1,,,0,OP3,scripted,OP3,3,1,4,2
9601,0,,,0,0,1,,,0,OP3,scripted,OP3,2,3,4,2
9602,0,,,0,0,1,,,0,OP3,scripted,OP3,3,3,4,2
9603,1,,,0,0,1,,,0,OP3,scripted,OP3,3,2,4,2
9604,0,,,0,0,1,,,0,OP3,scripted,OP3,2,3,4,2
9605,1,,,0,0,1,,,0,OP3,scripted,OP3,3,2,4,2
9606,0,,,0,0,1,,,0,OP3,scripted,OP3,3,3,4,2
9607,0,,,0,0,1,,,0,OP3,scripted,OP3,2,3,4,2
9608,1,,,0,0,1,,,0,OP3,scripted,OP3,3,2,4,2
9609,0,,,0,0,1,,,0,OP3,scripted,OP3,2,3,4,2
9610,1,,,0,0,1,,,0,OP3,scripted,OP3,3,2,4,2
9611,0,,,0,0,1,,,0,OP3,scripted,OP3,2,3,4,2
9612,1,,,0,0,1,,,0,OP3,scripted,OP3,3,2,4,2
9613,0,,,0,0,1,,,0,OP3,scripted,OP3,2,3,4,2
9614,1,,,0,0,1,,,0,OP3,scripted,OP3,3,2,4,2
9615,0,,,0,0,1,,,0,OP3,scripted,OP3,2,3,4,2
9616,0,,,0,0,1,,,0,OP3,scripted,OP3,2,3,4,2
9617,1,,,0,0,1,,,0,OP3,scripted,OP3,3,1,4,2
9618,0,,,0,0,1,,,0,OP3,scripted,OP3,2,3,4,2
9619,0,,,0,0,1,,,0,OP3,scripted,OP3,2,3,4,2
9620,1,,,0,0,1,,,0,OP3,scripted,OP3,3,2,4,2
9621,0,,,0,0,1,,,0,OP3,scripted,OP3,3,3,4,2
9622,0,,,0,0,1,,,0,OP3,scripted,OP3,2,3,4,2
9623,1,,,0,0,1,,,0,OP3,scripted,OP3,3,2,4,2
9624,0,,,0,0,1,,,0,OP3,scripted,OP3,2,3,4,2
9625,1,,,0,0,1,,,0,OP3,scripted,OP3,3,2,4,2
9626,0,,,0,0,1,,,0,OP3,scripted,OP3,3,3,4,2
9627,1,,,0,0,1,,,0,OP3,scripted,OP3,3,2,4,2
9628,0,,,0,0,1,,,0,OP3,scripted,OP3,2,3,4,2
9629,0,,,0,0,1,,,0,OP3,scripted,OP3,2,3,4,2
9630,1,,,0,0,1,,,0,OP3,scripted,OP3,3,2,4,2
9631,0,,,0,0,1,,,0,OP3,scripted,OP3,3,3,4,2
9632,0,,,0,0,1,,,0,OP3,scripted,OP3,2,3,4,2
9633,0,,,0,0,1,,,0,OP3,scripted,OP3,2,3,4,2
9634,1,,,0,0,1,,,0,OP3,scripted,OP3,3,2,4,2
9635,1,,,0,0,1,,,0,OP3,scripted,OP3,3,2,4,2
9636,1,,,0,0,1,,,0,OP3,scripted,OP3,3,1,4,2
9637,0,,,0,0,1,,,0,OP3,scripted,OP3,2,3,4,2
9638,1,,,0,0,1,,,0,OP3,scripted,OP3,3,2,4,2
9639,0,,,0,0,1,,,0,OP3,scripted,OP3,2,3,4,2
9640,1,,,0,0,1,,,0,OP3,scripted,OP3,3,1,4,2
9641,1,,,0,0,1,,,0,OP3,scripted,OP3,3,2,4,2
9642,1,,,0,0,1,,,0,OP3,scripted,OP3,3,2,4,2
9643,0,,,0,0,1,,,0,OP3,scripted,OP3,3,3,4,2
9644,1,,,0,0,1,,,0,OP3,scripted,OP3,3,1,4,2
9645,1,,,0,0,1,,,0,OP3,scripted,OP3,3,2,4,2
9646,1,,,0,0,1,,,0,OP3,scripted,OP3,3,2,4,2
9647,1,,,0,0,1,,,0,OP3,scripted,OP3,3,2,4,2
9648,1,,,0,0,1,,,0,OP3,scripted,OP3,3,2,4,2
9649,1,,,0,0,1,,,0,OP3,scripted,OP3,3,2,4,2
9650,0,,,0,0,1,,,0,OP3,scripted,OP3,2,3,4,2
9651,1,,,0,0,1,,,0,OP3,scripted,OP3,3,2,4,2
9652,0,,,0,0,1,,,0,OP3,scripted,OP3,3,3,4,2
9653,0,,,0,0,1,,,0,OP3,scripted,OP3,2,3,4,2
9654,0,,,0,0,1,,,0,OP3,scripted,OP3,2,3,4,2
9655,0,,,0,0,1,,,0,OP3,scripted,OP3,2,3,4,2
9656,0,,,0,0,1,,,0,OP3,scripted,OP3,2,3,4,2
9657,0,,,0,0,1,,,0,OP3,scripted,OP3,2,3,4,2
9658,1,,,0,0,1,,,0,OP3,scripted,OP3,3,2,4,2
9659,1,,,0,0,1,,,0,OP3,scripted,OP3,3,2,4,2
9660,1,,,0,0,1,,,0,OP3,scripted,OP3,3,2,4,2
9661,1,,,0,0,1,,,0,OP3,scripted,OP3,3,1,4,2
9662,0,,,0,0,1,,,0,OP3,scripted,OP3,3,3,4,2
9663,1,,,0,0,1,,,0,OP3,scripted,OP3,3,1,4,2
9664,1,,,0,0,1,,,0,OP3,scripted,OP3,3,2,4,2
9665,1,,,0,0,1,,,0,OP3,scripted,OP3,3,2,4,2
9666,1,,,0,0,1,,,0,OP3,scripted,OP3,3,2,4,2
9667,0,,,0,0,1,,,0,OP3,scripted,OP3,2,3,4,2
9668,1,,,0,0,1,,,0,OP3,scripted,OP3,3,2,4,2
9669,1,,,0,0,1,,,0,OP3,scripted,OP3,3,1,4,2
9670,0,,,0,0,1,,,0,OP3,scripted,OP3,3,3,4,2
9671,0,,,0,0,1,,,0,OP3,scripted,OP3,2,3,4,2
9672,0,,,0,0,1,,,0,OP3,scripted,OP3,2,3,4,2
9673,1,,,0,0,1,,,0,OP3,scripted,OP3,3,2,4,2
9674,1,,,0,0,1,,,0,OP3,scripted,OP3,3,2,4,2
9675,0,,,0,0,1,,,0,OP3,scripted,OP3,2,3,4,2
9676,1,,,0,0,1,,,0,OP3,scripted,OP3,3,2,4,2
9677,1,,,0,0,1,,,0,OP3,scripted,OP3,3,1,4,2
9678,1,,,0,0,1,,,0,OP3,scripted,OP3,3,2,4,2
9679,0,,,0,0,1,,,0,OP3,scripted,OP3,3,3,4,2
9680,0,,,0,0,1,,,0,OP3,scripted,OP3,2,3,4,2
9681,0,,,0,0,1,,,0,OP3,scripted,OP3,3,3,4,2
9682,1,,,0,0,1,,,0,OP3,scripted,OP3,3,2,4,2
9683,1,,,0,0,1,,,0,OP3,scripted,OP3,3,1,4,2
9684,0,,,0,0,1,,,0,OP3,scripted,OP3,2,3,4,2
9685,0,,,0,0,1,,,0,OP3,scripted,OP3,3,3,4,2
9686,0,,,0,0,1,,,0,OP3,scripted,OP3,2,3,4,2
9687,0,,,0,0,1,,,0,OP3,scripted,OP3,2,3,4,2
9688,1,,,0,0,1,,,0,OP3,scripted,OP3,3,2,4,2
9689,1,,,0,0,1,,,0,OP3,scripted,OP3,3,2,4,2
9690,0,,,0,0,1,,,0,OP3,scripted,OP3,2,3,4,2
9691,1,,,0,0,1,,,0,OP3,scripted,OP3,3,2,4,2
9692,0,,,0,0,1,,,0,OP3,scripted,OP3,2,3,4,2
9693,1,,,0,0,1,,,0,OP3,scripted,OP3,3,2,4,2
9694,1,,,0,0,1,,,0,OP3,scripted,OP3,3,2,4,2
9695,0,,,0,0,1,,,0,OP3,scripted,OP3,3,3,4,2
9696,1,,,0,0,1,,,0,OP3,scripted,OP3,3,2,4,2
9697,1,,,0,0,1,,,0,OP3,scripted,OP3,3,2,4,2
9698,1,,,0,0,1,,,0,OP3,scripted,OP3,3,2,4,2
9699,1,,,0,0,1,,,0,OP3,scripted,OP3,3,2,4,2
9700,1,,,0,0,1,,,0,OP3,scripted,OP3,3,2,4,2
9701,1,,,0,0,1,,,0,OP3,scripted,OP3,3,1,4,2
9702,1,,,0,0,1,,,0,OP3,scripted,OP3,3,2,4,2
9703,1,,,0,0,1,,,0,OP3,scripted,OP3,3,2,4,2
9704,1,,,0,0,1,,,0,OP3,scripted,OP3,3,2,4,2
9705,1,,,0,0,1,,,0,OP3,scripted,OP3,3,2,4,2
9706,0,,,0,0,1,,,0,OP3,scripted,OP3,2,3,4,2
9707,1,,,0,0,1,,,0,OP3,scripted,OP3,3,2,4,2
9708,0,,,0,0,1,,,0,OP3,scripted,OP3,2,3,4,2
9709,1,,,0,0,1,,,0,OP3,scripted,OP3,3,2,4,2
9710,0,,,0,0,1,,,0,OP3,scripted,OP3,3,3,4,2
9711,1,,,0,0,1,,,0,OP3,scripted,OP3,3,2,4,2
9712,1,,,0,0,1,,,0,OP3,scripted,OP3,3,1,4,2
9713,0,,,0,0,1,,,0,OP3,scripted,OP3,2,3,4,2
9714,0,,,0,0,1,,,0,OP3,scripted,OP3,2,3,4,2
9715,0,,,0,0,1,,,0,OP3,scripted,OP3,1,3,4,2
9716,0,,,0,0,1,,,0,OP3,scripted,OP3,2,3,4,2
9717,1,,,0,0,1,,,0,OP3,scripted,OP3,3,2,4,2
9718,0,,,0,0,1,,,0,OP3,scripted,OP3,2,3,4,2
9719,0,,,0,0,1,,,0,OP3,scripted,OP3,2,3,4,2
9720,1,,,0,0,1,,,0,OP3,scripted,OP3,3,2,4,2
9721,0,,,0,0,1,,,0,OP3,scripted,OP3,2,3,4,2
9722,1,,,0,0,1,,,0,OP3,scripted,OP3,3,2,4,2
9723,1,,,0,0,1,,,0,OP3,scripted,OP3,3,2,4,2
9724,0,,,0,0,1,,,0,OP3,scripted,OP3,3,3,4,2
9725,1,,,0,0,1,,,0,OP3,scripted,OP3,3,2,4,2
9726,0,,,0,0,1,,,0,OP3,scripted,OP3,3,3,4,2
9727,0,,,0,0,1,,,0,OP3,scripted,OP3,3,3,4,2
9728,0,,,0,0,1,,,0,OP3,scripted,OP3,2,3,4,2
9729,0,,,0,0,1,,,0,OP3,scripted,OP3,2,3,4,2
9730,0,,,0,0,1,,,0,OP3,scripted,OP3,2,3,4,2
9731,1,,,0,0,1,,,0,OP3,scripted,OP3,3,2,4,2
9732,1,,,0,0,1,,,0,OP3,scripted,OP3,3,2,4,2
9733,0,,,0,0,1,,,0,OP3,scripted,OP3,2,3,4,2
9734,0,,,0,0,1,,,0,OP3,scripted,OP3,3,3,4,2
9735,1,,,0,0,1,,,0,OP3,scripted,OP3,3,2,4,2
9736,1,,,0,0,1,,,0,OP3,scripted,OP3,3,2,4,2
9737,1,,,0,0,1,,,0,OP3,scripted,OP3,3,2,4,2
9738,0,,,0,0,1,,,0,OP3,scripted,OP3,2,3,4,2
9739,1,,,0,0,1,,,0,OP3,scripted,OP3,3,2,4,2
9740,1,,,0,0,1,,,0,OP3,scripted,OP3,3,2,4,2
9741,1,,,0,0,1,,,0,OP3,scripted,OP3,3,2,4,2
9742,0,,,0,0,1,,,0,OP3,scripted,OP3,3,3,4,2
9743,1,,,0,0,1,,,0,OP3,scripted,OP3,3,1,4,2
9744,0,,,0,0,1,,,0,OP3,scripted,OP3,2,3,4,2
9745,0,,,0,0,1,,,0,OP3,scripted,OP3,2,3,4,2
9746,0,,,0,0,1,,,0,OP3,scripted,OP3,3,3,4,2
9747,1,,,0,0,1,,,0,OP3,scripted,OP3,3,1,4,2
9748,1,,,0,0,1,,,0,OP3,scripted,OP3,3,2,4,2
9749,0,,,0,0,1,,,0,OP3,scripted,OP3,2,3,4,2
9750,0,,,0,0,1,,,0,OP3,scripted,OP3,3,3,4,2
9751,1,,,0,0,1,,,0,OP3,scripted,OP3,3,2,4,2
9752,0,,,0,0,1,,,0,OP3,scripted,OP3,2,3,4,2
9753,1,,,0,0,1,,,0,OP3,scripted,OP3,3,1,4,2
9754,1,,,0,0,1,,,0,OP3,scripted,OP3,3,2,4,2
9755,1,,,0,0,1,,,0,OP3,scripted,OP3,3,2,4,2
9756,1,,,0,0,1,,,0,OP3,scripted,OP3,3,2,4,2
9757,1,,,0,0,1,,,0,OP3,scripted,OP3,3,2,4,2
9758,1,,,0,0,1,,,0,OP3,scripted,OP3,3,2,4,2
9759,1,,,0,0,1,,,0,OP3,scripted,OP3,3,2,4,2
9760,1,,,0,0,1,,,0,OP3,scripted,OP3,3,2,4,2
9761,1,,,0,0,1,,,0,OP3,scripted,OP3,3,1,4,2
9762,1,,,0,0,1,,,0,OP3,scripted,OP3,3,2,4,2
9763,0,,,0,0,1,,,0,OP3,scripted,OP3,1,3,4,2
9764,0,,,0,0,1,,,0,OP3,scripted,OP3,2,3,4,2
9765,0,,,0,0,1,,,0,OP3,scripted,OP3,2,3,4,2
9766,1,,,0,0,1,,,0,OP3,scripted,OP3,3,2,4,2
9767,1,,,0,0,1,,,0,OP3,scripted,OP3,3,1,4,2
9768,1,,,0,0,1,,,0,OP3,scripted,OP3,3,2,4,2
9769,1,,,0,0,1,,,0,OP3,scripted,OP3,3,2,4,2
9770,1,,,0,0,1,,,0,OP3,scripted,OP3,3,2,4,2
9771,0,,,0,0,1,,,0,OP3,scripted,OP3,2,3,4,2
9772,0,,,0,0,1,,,0,OP3,scripted,OP3,2,3,4,2
9773,0,,,0,0,1,,,0,OP3,scripted,OP3,2,3,4,2
9774,0,,,0,0,1,,,0,OP3,scripted,OP3,2,3,4,2
9775,0,,,0,0,1,,,0,OP3,scripted,OP3,2,3,4,2
9776,1,,,0,0,1,,,0,OP3,scripted,OP3,3,2,4,2
9777,1,,,0,0,1,,,0,OP3,scripted,OP3,3,2,4,2
9778,0,,,0,0,1,,,0,OP3,scripted,OP3,2,3,4,2
9779,0,,,0,0,1,,,0,OP3,scripted,OP3,3,3,4,2
9780,0,,,0,0,1,,,0,OP3,scripted,OP3,2,3,4,2
9781,0,,,0,0,1,,,0,OP3,scripted,OP3,3,3,4,2
9782,0,,,0,0,1,,,0,OP3,scripted,OP3,2,3,4,2
9783,1,,,0,0,1,,,0,OP3,scripted,OP3,3,2,4,2
9784,0,,,0,0,1,,,0,OP3,scripted,OP3,2,3,4,2
9785,1,,,0,0,1,,,0,OP3,scripted,OP3,3,2,4,2
9786,0,,,0,0,1,,,0,OP3,scripted,OP3,2,3,4,2
9787,1,,,0,0,1,,,0,OP3,scripted,OP3,3,1,4,2
9788,0,,,0,0,1,,,0,OP3,scripted,OP3,3,3,4,2
9789,0,,,0,0,1,,,0,OP3,scripted,OP3,3,3,4,2
9790,1,,,0,0,1,,,0,OP3,scripted,OP3,3,2,4,2
9791,0,,,0,0,1,,,0,OP3,scripted,OP3,3,3,4,2
9792,0,,,0,0,1,,,0,OP3,scripted,OP3,2,3,4,2
9793,1,,,0,0,1,,,0,OP3,scripted,OP3,3,2,4,2
9794,1,,,0,0,1,,,0,OP3,scripted,OP3,3,2,4,2
9795,1,,,0,0,1,,,0,OP3,scripted,OP3,3,2,4,2
9796,1,,,0,0,1,,,0,OP3,scripted,OP3,3,2,4,2
9797,1,,,0,0,1,,,0,OP3,scripted,OP3,3,2,4,2
9798,1,,,0,0,1,,,0,OP3,scripted,OP3,3,2,4,2
9799,1,,,0,0,1,,,0,OP3,scripted,OP3,3,2,4,2
9800,1,,,0,0,1,,,0,OP3,scripted,OP3,3,2,4,2
9801,0,,,0,0,1,,,0,OP3,scripted,OP3,2,3,4,2
9802,1,,,0,0,1,,,0,OP3,scripted,OP3,3,2,4,2
9803,1,,,0,0,1,,,0,OP3,scripted,OP3,3,2,4,2
9804,1,,,0,0,1,,,0,OP3,scripted,OP3,3,2,4,2
9805,0,,,0,0,1,,,0,OP3,scripted,OP3,2,3,4,2
9806,1,,,0,0,1,,,0,OP3,scripted,OP3,3,2,4,2
9807,0,,,0,0,1,,,0,OP3,scripted,OP3,2,3,4,2
9808,1,,,0,0,1,,,0,OP3,scripted,OP3,3,2,4,2
9809,1,,,0,0,1,,,0,OP3,scripted,OP3,3,2,4,2
9810,1,,,0,0,1,,,0,OP3,scripted,OP3,3,2,4,2
9811,1,,,0,0,1,,,0,OP3,scripted,OP3,3,2,4,2
9812,0,,,0,0,1,,,0,OP3,scripted,OP3,2,3,4,2
9813,1,,,0,0,1,,,0,OP3,scripted,OP3,3,2,4,2
9814,0,,,0,0,1,,,0,OP3,scripted,OP3,3,3,4,2
9815,0,,,0,0,1,,,0,OP3,scripted,OP3,2,3,4,2
9816,0,,,0,0,1,,,0,OP3,scripted,OP3,2,3,4,2
9817,0,,,0,0,1,,,0,OP3,scripted,OP3,2,3,4,2
9818,1,,,0,0,1,,,0,OP3,scripted,OP3,3,2,4,2
9819,1,,,0,0,1,,,0,OP3,scripted,OP3,3,2,4,2
9820,0,,,0,0,1,,,0,OP3,scripted,OP3,2,3,4,2
9821,1,,,0,0,1,,,0,OP3,scripted,OP3,3,2,4,2
9822,0,,,0,0,1,,,0,OP3,scripted,OP3,2,3,4,2
9823,1,,,0,0,1,,,0,OP3,scripted,OP3,3,2,4,2
9824,0,,,0,0,1,,,0,OP3,scripted,OP3,2,3,4,2
9825,1,,,0,0,1,,,0,OP3,scripted,OP3,3,2,4,2
9826,1,,,0,0,1,,,0,OP3,scripted,OP3,3,2,4,2
9827,0,,,0,0,1,,,0,OP3,scripted,OP3,3,3,4,2
9828,1,,,0,0,1,,,0,OP3,scripted,OP3,3,2,4,2
9829,1,,,0,0,1,,,0,OP3,scripted,OP3,3,2,4,2
9830,1,,,0,0,1,,,0,OP3,scripted,OP3,3,2,4,2
9831,0,,,0,0,1,,,0,OP3,scripted,OP3,3,3,4,2
9832,1,,,0,0,1,,,0,OP3,scripted,OP3,3,2,4,2
9833,1,,,0,0,1,,,0,OP3,scripted,OP3,3,2,4,2
9834,0,,,0,0,1,,,0,OP3,scripted,OP3,2,3,4,2
9835,0,,,0,0,1,,,0,OP3,scripted,OP3,2,3,4,2
9836,1,,,0,0,1,,,0,OP3,scripted,OP3,3,2,4,2
9837,0,,,0,0,1,,,0,OP3,scripted,OP3,3,3,4,2
9838,1,,,0,0,1,,,0,OP3,scripted,OP3,3,1,4,2
9839,1,,,0,0,1,,,0,OP3,scripted,OP3,3,1,4,2
9840,1,,,0,0,1,,,0,OP3,scripted,OP3,3,2,4,2
9841,1,,,0,0,1,,,0,OP3,scripted,OP3,3,2,4,2
9842,0,,,0,0,1,,,0,OP3,scripted,OP3,3,3,4,2
9843,1,,,0,0,1,,,0,OP3,scripted,OP3,3,2,4,2
9844,0,,,0,0,1,,,0,OP3,scripted,OP3,2,3,4,2
9845,1,,,0,0,1,,,0,OP3,scripted,OP3,3,1,4,2
9846,1,,,0,0,1,,,0,OP3,scripted,OP3,3,1,4,2
9847,0,,,0,0,1,,,0,OP3,scripted,OP3,2,3,4,2
9848,1,,,0,0,1,,,0,OP3,scripted,OP3,3,2,4,2
9849,0,,,0,0,1,,,0,OP3,scripted,OP3,2,3,4,2
9850,1,,,0,0,1,,,0,OP3,scripted,OP3,3,2,4,2
9851,1,,,0,0,1,,,0,OP3,scripted,OP3,3,1,4,2
9852,1,,,0,0,1,,,0,OP3,scripted,OP3,3,1,4,2
9853,0,,,0,0,1,,,0,OP3,scripted,OP3,2,3,4,2
9854,0,,,0,0,1,,,0,OP3,scripted,OP3,2,3,4,2
9855,0,,,0,0,1,,,0,OP3,scripted,OP3,2,3,4,2
9856,1,,,0,0,1,,,0,OP3,scripted,OP3,3,2,4,2
9857,1,,,0,0,1,,,0,OP3,scripted,OP3,3,1,4,2
9858,0,,,0,0,1,,,0,OP3,scripted,OP3,2,3,4,2
9859,0,,,0,0,1,,,0,OP3,scripted,OP3,3,3,4,2
9860,1,,,0,0,1,,,0,OP3,scripted,OP3,3,2,4,2
9861,1,,,0,0,1,,,0,OP3,scripted,OP3,3,1,4,2
9862,1,,,0,0,1,,,0,OP3,scripted,OP3,3,2,4,2
9863,0,,,0,0,1,,,0,OP3,scripted,OP3,3,3,4,2
9864,0,,,0,0,1,,,0,OP3,scripted,OP3,3,3,4,2
9865,0,,,0,0,1,,,0,OP3,scripted,OP3,2,3,4,2
9866,1,,,0,0,1,,,0,OP3,scripted,OP3,3,2,4,2
9867,1,,,0,0,1,,,0,OP3,scripted,OP3,3,2,4,2
9868,0,,,0,0,1,,,0,OP3,scripted,OP3,2,3,4,2
9869,1,,,0,0,1,,,0,OP3,scripted,OP3,3,2,4,2
9870,1,,,0,0,1,,,0,OP3,scripted,OP3,3,2,4,2
9871,1,,,0,0,1,,,0,OP3,scripted,OP3,3,2,4,2
9872,1,,,0,0,1,,,0,OP3,scripted,OP3,3,2,4,2
9873,1,,,0,0,1,,,0,OP3,scripted,OP3,3,2,4,2
9874,0,,,0,0,1,,,0,OP3,scripted,OP3,2,3,4,2
9875,0,,,0,0,1,,,0,OP3,scripted,OP3,2,3,4,2
9876,0,,,0,0,1,,,0,OP3,scripted,OP3,2,3,4,2
9877,1,,,0,0,1,,,0,OP3,scripted,OP3,3,2,4,2
9878,0,,,0,0,1,,,0,OP3,scripted,OP3,2,3,4,2
9879,0,,,0,0,1,,,0,OP3,scripted,OP3,2,3,4,2
9880,0,,,0,0,1,,,0,OP3,scripted,OP3,2,3,4,2
9881,0,,,0,0,1,,,0,OP3,scripted,OP3,2,3,4,2
9882,1,,,0,0,1,,,0,OP3,scripted,OP3,3,2,4,2
9883,1,,,0,0,1,,,0,OP3,scripted,OP3,3,2,4,2
9884,0,,,0,0,1,,,0,OP3,scripted,OP3,2,3,4,2
9885,1,,,0,0,1,,,0,OP3,scripted,OP3,3,2,4,2
9886,0,,,0,0,1,,,0,OP3,scripted,OP3,3,3,4,2
9887,0,,,0,0,1,,,0,OP3,scripted,OP3,3,3,4,2
9888,0,,,0,0,1,,,0,OP3,scripted,OP3,3,3,4,2
9889,0,,,0,0,1,,,0,OP3,scripted,OP3,2,3,4,2
9890,0,,,0,0,1,,,0,OP3,scripted,OP3,3,3,4,2
9891,1,,,0,0,1,,,0,OP3,scripted,OP3,3,2,4,2
9892,1,,,0,0,1,,,0,OP3,scripted,OP3,3,2,4,2
9893,0,,,0,0,1,,,0,OP3,scripted,OP3,2,3,4,2
9894,1,,,0,0,1,,,0,OP3,scripted,OP3,3,1,4,2
9895,1,,,0,0,1,,,0,OP3,scripted,OP3,3,2,4,2
9896,1,,,0,0,1,,,0,OP3,scripted,OP3,3,2,4,2
9897,1,,,0,0,1,,,0,OP3,scripted,OP3,3,2,4,2
9898,0,,,0,0,1,,,0,OP3,scripted,OP3,3,3,4,2
9899,0,,,0,0,1,,,0,OP3,scripted,OP3,2,3,4,2
9900,0,,,0,0,1,,,0,OP3,scripted,OP3,3,3,4,2
9901,1,,,0,0,1,,,0,OP3,scripted,OP3,3,2,4,2
9902,1,,,0,0,1,,,0,OP3,scripted,OP3,3,2,4,2
9903,0,,,0,0,1,,,0,OP3,scripted,OP3,2,3,4,2
9904,0,,,0,0,1,,,0,OP3,scripted,OP3,2,3,4,2
9905,1,,,0,0,1,,,0,OP3,scripted,OP3,3,2,4,2
9906,1,,,0,0,1,,,0,OP3,scripted,OP3,3,1,4,2
9907,1,,,0,0,1,,,0,OP3,scripted,OP3,3,2,4,2
9908,1,,,0,0,1,,,0,OP3,scripted,OP3,3,1,4,2
9909,0,,,0,0,1,,,0,OP3,scripted,OP3,3,3,4,2
9910,0,,,0,0,1,,,0,OP3,scripted,OP3,3,3,4,2
9911,0,,,0,0,1,,,0,OP3,scripted,OP3,3,3,4,2
9912,0,,,0,0,1,,,0,OP3,scripted,OP3,2,3,4,2
9913,1,,,0,0,1,,,0,OP3,scripted,OP3,3,2,4,2
9914,1,,,0,0,1,,,0,OP3,scripted,OP3,3,2,4,2
9915,0,,,0,0,1,,,0,OP3,scripted,OP3,3,3,4,2
9916,0,,,0,0,1,,,0,OP3,scripted,OP3,2,3,4,2
9917,1,,,0,0,1,,,0,OP3,scripted,OP3,3,2,4,2
9918,0,,,0,0,1,,,0,OP3,scripted,OP3,2,3,4,2
9919,1,,,0,0,1,,,0,OP3,scripted,OP3,3,2,4,2
9920,1,,,0,0,1,,,0,OP3,scripted,OP3,3,2,4,2
9921,0,,,0,0,1,,,0,OP3,scripted,OP3,2,3,4,2
9922,0,,,0,0,1,,,0,OP3,scripted,OP3,2,3,4,2
9923,0,,,0,0,1,,,0,OP3,scripted,OP3,2,3,4,2
9924,1,,,0,0,1,,,0,OP3,scripted,OP3,3,1,4,2
9925,1,,,0,0,1,,,0,OP3,scripted,OP3,3,2,4,2
9926,0,,,0,0,1,,,0,OP3,scripted,OP3,2,3,4,2
9927,0,,,0,0,1,,,0,OP3,scripted,OP3,2,3,4,2
9928,0,,,0,0,1,,,0,OP3,scripted,OP3,2,3,4,2
9929,0,,,0,0,1,,,0,OP3,scripted,OP3,3,3,4,2
9930,1,,,0,0,1,,,0,OP3,scripted,OP3,3,2,4,2
9931,0,,,0,0,1,,,0,OP3,scripted,OP3,2,3,4,2
9932,1,,,0,0,1,,,0,OP3,scripted,OP3,3,2,4,2
9933,1,,,0,0,1,,,0,OP3,scripted,OP3,3,2,4,2
9934,0,,,0,0,1,,,0,OP3,scripted,OP3,3,3,4,2
9935,1,,,0,0,1,,,0,OP3,scripted,OP3,3,2,4,2
9936,0,,,0,0,1,,,0,OP3,scripted,OP3,2,3,4,2
9937,1,,,0,0,1,,,0,OP3,scripted,OP3,3,2,4,2
9938,1,,,0,0,1,,,0,OP3,scripted,OP3,3,2,4,2
9939,0,,,0,0,1,,,0,OP3,scripted,OP3,3,3,4,2
9940,0,,,0,0,1,,,0,OP3,scripted,OP3,2,3,4,2
9941,0,,,0,0,1,,,0,OP3,scripted,OP3,2,3,4,2
9942,0,,,0,0,1,,,0,OP3,scripted,OP3,3,3,4,2
9943,0,,,0,0,1,,,0,OP3,scripted,OP3,3,3,4,2
9944,1,,,0,0,1,,,0,OP3,scripted,OP3,3,2,4,2
9945,0,,,0,0,1,,,0,OP3,scripted,OP3,3,3,4,2
9946,1,,,0,0,1,,,0,OP3,scripted,OP3,3,2,4,2
9947,0,,,0,0,1,,,0,OP3,scripted,OP3,3,3,4,2
9948,1,,,0,0,1,,,0,OP3,scripted,OP3,3,1,4,2
9949,1,,,0,0,1,,,0,OP3,scripted,OP3,3,2,4,2
9950,1,,,0,0,1,,,0,OP3,scripted,OP3,3,2,4,2
9951,0,,,0,0,1,,,0,OP3,scripted,OP3,2,3,4,2
9952,0,,,0,0,1,,,0,OP3,scripted,OP3,1,3,4,2
9953,0,,,0,0,1,,,0,OP3,scripted,OP3,2,3,4,2
9954,1,,,0,0,1,,,0,OP3,scripted,OP3,3,2,4,2
9955,1,,,0,0,1,,,0,OP3,scripted,OP3,3,1,4,2
9956,0,,,0,0,1,,,0,OP3,scripted,OP3,1,3,4,2
9957,1,,,0,0,1,,,0,OP3,scripted,OP3,3,2,4,2
9958,1,,,0,0,1,,,0,OP3,scripted,OP3,3,1,4,2
9959,1,,,0,0,1,,,0,OP3,scripted,OP3,3,2,4,2
9960,0,,,0,0,1,,,0,OP3,scripted,OP3,2,3,4,2
9961,1,,,0,0,1,,,0,OP3,scripted,OP3,3,2,4,2
9962,1,,,0,0,1,,,0,OP3,scripted,OP3,3,2,4,2
9963,0,,,0,0,1,,,0,OP3,scripted,OP3,3,3,4,2
9964,1,,,0,0,1,,,0,OP3,scripted,OP3,3,2,4,2
9965,0,,,0,0,1,,,0,OP3,scripted,OP3,2,3,4,2
9966,1,,,0,0,1,,,0,OP3,scripted,OP3,3,2,4,2
9967,1,,,0,0,1,,,0,OP3,scripted,OP3,3,2,4,2
9968,1,,,0,0,1,,,0,OP3,scripted,OP3,3,2,4,2
9969,0,,,0,0,1,,,0,OP3,scripted,OP3,3,3,4,2
9970,1,,,0,0,1,,,0,OP3,scripted,OP3,3,2,4,2
9971,0,,,0,0,1,,,0,OP3,scripted,OP3,2,3,4,2
9972,1,,,0,0,1,,,0,OP3,scripted,OP3,3,2,4,2
9973,1,,,0,0,1,,,0,OP3,scripted,OP3,3,2,4,2
9974,1,,,0,0,1,,,0,OP3,scripted,OP3,3,2,4,2
9975,0,,,0,0,1,,,0,OP3,scripted,OP3,3,3,4,2
9976,0,,,0,0,1,,,0,OP3,scripted,OP3,2,3,4,2
9977,1,,,0,0,1,,,0,OP3,scripted,OP3,3,2,4,2
9978,0,,,0,0,1,,,0,OP3,scripted,OP3,3,3,4,2
9979,1,,,0,0,1,,,0,OP3,scripted,OP3,3,1,4,2
9980,0,,,0,0,1,,,0,OP3,scripted,OP3,2,3,4,2
9981,1,,,0,0,1,,,0,OP3,scripted,OP3,3,2,4,2
9982,1,,,0,0,1,,,0,OP3,scripted,OP3,3,2,4,2
9983,1,,,0,0,1,,,0,OP3,scripted,OP3,3,1,4,2
9984,1,,,0,0,1,,,0,OP3,scripted,OP3,3,2,4,2
9985,1,,,0,0,1,,,0,OP3,scripted,OP3,3,2,4,2
9986,0,,,0,0,1,,,0,OP3,scripted,OP3,3,3,4,2
9987,1,,,0,0,1,,,0,OP3,scripted,OP3,3,2,4,2
9988,0,,,0,0,1,,,0,OP3,scripted,OP3,3,3,4,2
9989,0,,,0,0,1,,,0,OP3,scripted,OP3,2,3,4,2
9990,0,,,0,0,1,,,0,OP3,scripted,OP3,3,3,4,2
9991,1,,,0,0,1,,,0,OP3,scripted,OP3,3,1,4,2
9992,0,,,0,0,1,,,0,OP3,scripted,OP3,2,3,4,2
9993,1,,,0,0,1,,,0,OP3,scripted,OP3,3,2,4,2
9994,0,,,0,0,1,,,0,OP3,scripted,OP3,3,3,4,2
9995,0,,,0,0,1,,,0,OP3,scripted,OP3,3,3,4,2
9996,0,,,0,0,1,,,0,OP3,scripted,OP3,2,3,4,2
9997,1,,,0,0,1,,,0,OP3,scripted,OP3,3,2,4,2
9998,1,,,0,0,1,,,0,OP3,scripted,OP3,3,2,4,2
9999,1,,,0,0,1,,,0,OP3,scripted,OP3,3,2,4,2
10000,1,,,0,0,1,,,0,OP3,scripted,OP3,3,2,4,2
10001,0,,,0,0,1,,,0,OP3,scripted,OP3,2,3,4,2
10002,0,,,0,0,1,,,0,OP3,scripted,OP3,3,3,4,2
10003,1,,,0,0,1,,,0,OP3,scripted,OP3,3,2,4,2
10004,1,,,0,0,1,,,0,OP3,scripted,OP3,3,2,4,2
10005,1,,,0,0,1,,,0,OP3,scripted,OP3,3,2,4,2
10006,1,,,0,0,1,,,0,OP3,scripted,OP3,3,2,4,2
10007,1,,,0,0,1,,,0,OP3,scripted,OP3,3,2,4,2
10008,0,,,0,0,1,,,0,OP3,scripted,OP3,3,3,4,2
10009,1,,,0,0,1,,,0,OP3,scripted,OP3,3,1,4,2
10010,1,,,0,0,1,,,0,OP3,scripted,OP3,3,2,4,2
10011,1,,,0,0,1,,,0,OP3,scripted,OP3,3,2,4,2
10012,0,,,0,0,1,,,0,OP3,scripted,OP3,2,3,4,2
10013,0,,,0,0,1,,,0,OP3,scripted,OP3,2,3,4,2
10014,1,,,0,0,1,,,0,OP3,scripted,OP3,3,2,4,2
10015,1,,,0,0,1,,,0,OP3,scripted,OP3,3,2,4,2
10016,1,,,0,0,1,,,0,OP3,scripted,OP3,3,2,4,2
10017,1,,,0,0,1,,,0,OP3,scripted,OP3,3,2,4,2
10018,0,,,0,0,1,,,0,OP3,scripted,OP3,2,3,4,2
10019,0,,,0,0,1,,,0,OP3,scripted,OP3,3,3,4,2
10020,1,,,0,0,1,,,0,OP3,scripted,OP3,3,2,4,2
10021,0,,,0,0,1,,,0,OP3,scripted,OP3,3,3,4,2
10022,0,,,0,0,1,,,0,OP3,scripted,OP3,3,3,4,2
10023,1,,,0,0,1,,,0,OP3,scripted,OP3,3,2,4,2
10024,0,,,0,0,1,,,0,OP3,scripted,OP3,2,3,4,2
10025,1,,,0,0,1,,,0,OP3,scripted,OP3,3,2,4,2
10026,1,,,0,0,1,,,0,OP3,scripted,OP3,3,1,4,2
10027,0,,,0,0,1,,,0,OP3,scripted,OP3,3,3,4,2
10028,1,,,0,0,1,,,0,OP3,scripted,OP3,3,1,4,2
10029,1,,,0,0,1,,,0,OP3,scripted,OP3,3,2,4,2
10030,1,,,0,0,1,,,0,OP3,scripted,OP3,3,2,4,2
10031,1,,,0,0,1,,,0,OP3,scripted,OP3,3,1,4,2
10032,1,,,0,0,1,,,0,OP3,scripted,OP3,3,2,4,2
10033,1,,,0,0,1,,,0,OP3,scripted,OP3,3,2,4,2
10034,1,,,0,0,1,,,0,OP3,scripted,OP3,3,2,4,2
10035,1,,,0,0,1,,,0,OP3,scripted,OP3,3,2,4,2
10036,1,,,0,0,1,,,0,OP3,scripted,OP3,3,2,4,2
10037,0,,,0,0,1,,,0,OP3,scripted,OP3,2,3,4,2
10038,0,,,0,0,1,,,0,OP3,scripted,OP3,2,3,4,2
10039,0,,,0,0,1,,,0,OP3,scripted,OP3,2,3,4,2
10040,0,,,0,0,1,,,0,OP3,scripted,OP3,3,3,4,2
10041,0,,,0,0,1,,,0,OP3,scripted,OP3,2,3,4,2
10042,0,,,0,0,1,,,0,OP3,scripted,OP3,3,3,4,2
10043,1,,,0,0,1,,,0,OP3,scripted,OP3,3,2,4,2
10044,0,,,0,0,1,,,0,OP3,scripted,OP3,3,3,4,2
10045,0,,,0,0,1,,,0,OP3,scripted,OP3,3,3,4,2
10046,0,,,0,0,1,,,0,OP3,scripted,OP3,3,3,4,2
10047,1,,,0,0,1,,,0,OP3,scripted,OP3,3,2,4,2
10048,1,,,0,0,1,,,0,OP3,scripted,OP3,3,2,4,2
10049,1,,,0,0,1,,,0,OP3,scripted,OP3,3,1,4,2
10050,1,,,0,0,1,,,0,OP3,scripted,OP3,3,2,4,2
10051,1,,,0,0,1,,,0,OP3,scripted,OP3,3,1,4,2
10052,0,,,0,0,1,,,0,OP3,scripted,OP3,3,3,4,2
10053,0,,,0,0,1,,,0,OP3,scripted,OP3,2,3,4,2
10054,0,,,0,0,1,,,0,OP3,scripted,OP3,2,3,4,2
10055,0,,,0,0,1,,,0,OP3,scripted,OP3,2,3,4,2
10056,1,,,0,0,1,,,0,OP3,scripted,OP3,3,1,4,2
10057,0,,,0,0,1,,,0,OP3,scripted,OP3,3,3,4,2
10058,0,,,0,0,1,,,0,OP3,scripted,OP3,2,3,4,2
10059,0,,,0,0,1,,,0,OP3,scripted,OP3,2,3,4,2
10060,1,,,0,0,1,,,0,OP3,scripted,OP3,3,2,4,2
10061,0,,,0,0,1,,,0,OP3,scripted,OP3,3,3,4,2
10062,0,,,0,0,1,,,0,OP3,scripted,OP3,2,3,4,2
10063,1,,,0,0,1,,,0,OP3,scripted,OP3,3,2,4,2
10064,1,,,0,0,1,,,0,OP3,scripted,OP3,3,2,4,2
10065,1,,,0,0,1,,,0,OP3,scripted,OP3,3,2,4,2
10066,1,,,0,0,1,,,0,OP3,scripted,OP3,3,2,4,2
10067,1,,,0,0,1,,,0,OP3,scripted,OP3,3,2,4,2
10068,1,,,0,0,1,,,0,OP3,scripted,OP3,3,2,4,2
10069,1,,,0,0,1,,,0,OP3,scripted,OP3,3,2,4,2
10070,0,,,0,0,1,,,0,OP3,scripted,OP3,3,3,4,2
10071,1,,,0,0,1,,,0,OP3,scripted,OP3,3,2,4,2
10072,1,,,0,0,1,,,0,OP3,scripted,OP3,3,2,4,2
10073,0,,,0,0,1,,,0,OP3,scripted,OP3,1,3,4,2
10074,1,,,0,0,1,,,0,OP3,scripted,OP3,3,2,4,2
10075,0,,,0,0,1,,,0,OP3,scripted,OP3,3,3,4,2
10076,1,,,0,0,1,,,0,OP3,scripted,OP3,3,1,4,2
10077,1,,,0,0,1,,,0,OP3,scripted,OP3,3,2,4,2
10078,1,,,0,0,1,,,0,OP3,scripted,OP3,3,2,4,2
10079,0,,,0,0,1,,,0,OP3,scripted,OP3,2,3,4,2
10080,1,,,0,0,1,,,0,OP3,scripted,OP3,3,2,4,2
10081,1,,,0,0,1,,,0,OP3,scripted,OP3,3,2,4,2
10082,0,,,0,0,1,,,0,OP3,scripted,OP3,3,3,4,2
10083,0,,,0,0,1,,,0,OP3,scripted,OP3,2,3,4,2
10084,1,,,0,0,1,,,0,OP3,scripted,OP3,3,2,4,2
10085,0,,,0,0,1,,,0,OP3,scripted,OP3,3,3,4,2
10086,1,,,0,0,1,,,0,OP3,scripted,OP3,3,2,4,2
10087,1,,,0,0,1,,,0,OP3,scripted,OP3,3,2,4,2
10088,1,,,0,0,1,,,0,OP3,scripted,OP3,3,2,4,2
10089,1,,,0,0,1,,,0,OP3,scripted,OP3,3,2,4,2
10090,0,,,0,0,1,,,0,OP3,scripted,OP3,2,3,4,2
10091,0,,,0,0,1,,,0,OP3,scripted,OP3,3,3,4,2
10092,0,,,0,0,1,,,0,OP3,scripted,OP3,2,3,4,2
10093,1,,,0,0,1,,,0,OP3,scripted,OP3,3,2,4,2
10094,1,,,0,0,1,,,0,OP3,scripted,OP3,3,2,4,2
10095,1,,,0,0,1,,,0,OP3,scripted,OP3,3,1,4,2
10096,0,,,0,0,1,,,0,OP3,scripted,OP3,2,3,4,2
10097,0,,,0,0,1,,,0,OP3,scripted,OP3,2,3,4,2
10098,0,,,0,0,1,,,0,OP3,scripted,OP3,3,3,4,2
10099,1,,,0,0,1,,,0,OP3,scripted,OP3,3,2,4,2
10100,1,,,0,0,1,,,0,OP3,scripted,OP3,3,2,4,2
10101,0,,,0,0,1,,,0,OP3,scripted,OP3,3,3,4,2
10102,0,,,0,0,1,,,0,OP3,scripted,OP3,2,3,4,2
10103,0,,,0,0,1,,,0,OP3,scripted,OP3,2,3,4,2
10104,0,,,0,0,1,,,0,OP3,scripted,OP3,2,3,4,2
10105,0,,,0,0,1,,,0,OP3,scripted,OP3,3,3,4,2
10106,0,,,0,0,1,,,0,OP3,scripted,OP3,2,3,4,2
10107,0,,,0,0,1,,,0,OP3,scripted,OP3,3,3,4,2
10108,1,,,0,0,1,,,0,OP3,scripted,OP3,3,2,4,2
10109,0,,,0,0,1,,,0,OP3,scripted,OP3,2,3,4,2
10110,0,,,0,0,1,,,0,OP3,scripted,OP3,3,3,4,2
10111,1,,,0,0,1,,,0,OP3,scripted,OP3,3,1,4,2
10112,1,,,0,0,1,,,0,OP3,scripted,OP3,3,1,4,2
10113,1,,,0,0,1,,,0,OP3,scripted,OP3,3,2,4,2
10114,0,,,0,0,1,,,0,OP3,scripted,OP3,2,3,4,2
10115,0,,,0,0,1,,,0,OP3,scripted,OP3,2,3,4,2
10116,1,,,0,0,1,,,0,OP3,scripted,OP3,3,2,4,2
10117,1,,,0,0,1,,,0,OP3,scripted,OP3,3,2,4,2
10118,0,,,0,0,1,,,0,OP3,scripted,OP3,3,3,4,2
10119,1,,,0,0,1,,,0,OP3,scripted,OP3,3,2,4,2
10120,0,,,0,0,1,,,0,OP3,scripted,OP3,2,3,4,2
10121,1,,,0,0,1,,,0,OP3,scripted,OP3,3,2,4,2
10122,1,,,0,0,1,,,0,OP3,scripted,OP3,3,2,4,2
10123,1,,,0,0,1,,,0,OP3,scripted,OP3,3,2,4,2
10124,0,,,0,0,1,,,0,OP3,scripted,OP3,2,3,4,2
10125,1,,,0,0,1,,,0,OP3,scripted,OP3,3,2,4,2
10126,0,,,0,0,1,,,0,OP3,scripted,OP3,3,3,4,2
10127,1,,,0,0,1,,,0,OP3,scripted,OP3,3,2,4,2
10128,0,,,0,0,1,,,0,OP3,scripted,OP3,2,3,4,2
10129,0,,,0,0,1,,,0,OP3,scripted,OP3,2,3,4,2
10130,0,,,0,0,1,,,0,OP3,scripted,OP3,3,3,4,2
10131,1,,,0,0,1,,,0,OP3,scripted,OP3,3,2,4,2
10132,0,,,0,0,1,,,0,OP3,scripted,OP3,3,3,4,2
10133,0,,,0,0,1,,,0,OP3,scripted,OP3,2,3,4,2
10134,1,,,0,0,1,,,0,OP3,scripted,OP3,3,1,4,2
10135,1,,,0,0,1,,,0,OP3,scripted,OP3,3,2,4,2
10136,1,,,0,0,1,,,0,OP3,scripted,OP3,3,2,4,2
10137,1,,,0,0,1,,,0,OP3,scripted,OP3,3,2,4,2
10138,0,,,0,0,1,,,0,OP3,scripted,OP3,2,3,4,2
10139,1,,,0,0,1,,,0,OP3,scripted,OP3,3,2,4,2
10140,0,,,0,0,1,,,0,OP3,scripted,OP3,1,3,4,2
10141,0,,,0,0,1,,,0,OP3,scripted,OP3,2,3,4,2
10142,0,,,0,0,1,,,0,OP3,scripted,OP3,2,3,4,2
10143,0,,,0,0,1,,,0,OP3,scripted,OP3,3,3,4,2
10144,1,,,0,0,1,,,0,OP3,scripted,OP3,3,2,4,2
10145,0,,,0,0,1,,,0,OP3,scripted,OP3,2,3,4,2
10146,0,,,0,0,1,,,0,OP3,scripted,OP3,3,3,4,2
10147,1,,,0,0,1,,,0,OP3,scripted,OP3,3,2,4,2
10148,1,,,0,0,1,,,0,OP3,scripted,OP3,3,2,4,2
10149,1,,,0,0,1,,,0,OP3,scripted,OP3,3,1,4,2
10150,1,,,0,0,1,,,0,OP3,scripted,OP3,3,2,4,2
10151,0,,,0,0,1,,,0,OP3,scripted,OP3,2,3,4,2
10152,0,,,0,0,1,,,0,OP3,scripted,OP3,3,3,4,2
10153,1,,,0,0,1,,,0,OP3,scripted,OP3,3,2,4,2
10154,1,,,0,0,1,,,0,OP3,scripted,OP3,3,1,4,2
10155,1,,,0,0,1,,,0,OP3,scripted,OP3,3,2,4,2
10156,0,,,0,0,1,,,0,OP3,scripted,OP3,2,3,4,2
10157,0,,,0,0,1,,,0,OP3,scripted,OP3,3,3,4,2
10158,1,,,0,0,1,,,0,OP3,scripted,OP3,3,1,4,2
10159,1,,,0,0,1,,,0,OP3,scripted,OP3,3,1,4,2
10160,1,,,0,0,1,,,0,OP3,scripted,OP3,3,1,4,2
10161,1,,,0,0,1,,,0,OP3,scripted,OP3,3,2,4,2
10162,0,,,0,0,1,,,0,OP3,scripted,OP3,2,3,4,2
10163,1,,,0,0,1,,,0,OP3,scripted,OP3,3,2,4,2
10164,1,,,0,0,1,,,0,OP3,scripted,OP3,3,2,4,2
10165,0,,,0,0,1,,,0,OP3,scripted,OP3,2,3,4,2
10166,0,,,0,0,1,,,0,OP3,scripted,OP3,2,3,4,2
10167,1,,,0,0,1,,,0,OP3,scripted,OP3,3,2,4,2
10168,1,,,0,0,1,,,0,OP3,scripted,OP3,3,2,4,2
10169,0,,,0,0,1,,,0,OP3,scripted,OP3,3,3,4,2
10170,1,,,0,0,1,,,0,OP3,scripted,OP3,3,2,4,2
10171,1,,,0,0,1,,,0,OP3,scripted,OP3,3,2,4,2
10172,0,,,0,0,1,,,0,OP3,scripted,OP3,2,3,4,2
10173,0,,,0,0,1,,,0,OP3,scripted,OP3,3,3,4,2
10174,1,,,0,0,1,,,0,OP3,scripted,OP3,3,2,4,2
10175,1,,,0,0,1,,,0,OP3,scripted,OP3,3,2,4,2
10176,0,,,0,0,1,,,0,OP3,scripted,OP3,2,3,4,2
10177,0,,,0,0,1,,,0,OP3,scripted,OP3,2,3,4,2
10178,0,,,0,0,1,,,0,OP3,scripted,OP3,2,3,4,2
10179,1,,,0,0,1,,,0,OP3,scripted,OP3,3,2,4,2
10180,1,,,0,0,1,,,0,OP3,scripted,OP3,3,2,4,2
10181,1,,,0,0,1,,,0,OP3,scripted,OP3,3,2,4,2
10182,1,,,0,0,1,,,0,OP3,scripted,OP3,3,2,4,2
10183,0,,,0,0,1,,,0,OP3,scripted,OP3,2,3,4,2
10184,1,,,0,0,1,,,0,OP3,scripted,OP3,3,1,4,2
10185,1,,,0,0,1,,,0,OP3,scripted,OP3,3,2,4,2
10186,1,,,0,0,1,,,0,OP3,scripted,OP3,3,1,4,2
10187,1,,,0,0,1,,,0,OP3,scripted,OP3,3,2,4,2
10188,1,,,0,0,1,,,0,OP3,scripted,OP3,3,2,4,2
10189,0,,,0,0,1,,,0,OP3,scripted,OP3,3,3,4,2
10190,1,,,0,0,1,,,0,OP3,scripted,OP3,3,2,4,2
10191,0,,,0,0,1,,,0,OP3,scripted,OP3,2,3,4,2
10192,1,,,0,0,1,,,0,OP3,scripted,OP3,3,2,4,2
10193,1,,,0,0,1,,,0,OP3,scripted,OP3,3,1,4,2
10194,1,,,0,0,1,,,0,OP3,scripted,OP3,3,2,4,2
10195,0,,,0,0,1,,,0,OP3,scripted,OP3,2,3,4,2
10196,1,,,0,0,1,,,0,OP3,scripted,OP3,3,1,4,2
10197,1,,,0,0,1,,,0,OP3,scripted,OP3,3,2,4,2
10198,1,,,0,0,1,,,0,OP3,scripted,OP3,3,2,4,2
10199,0,,,0,0,1,,,0,OP3,scripted,OP3,2,3,4,2
10200,0,,,0,0,1,,,0,OP3,scripted,OP3,3,3,4,2
10201,1,,,0,0,1,,,0,OP3,scripted,OP3,3,2,4,2
10202,1,,,0,0,1,,,0,OP3,scripted,OP3,3,2,4,2
10203,0,,,0,0,1,,,0,OP3,scripted,OP3,2,3,4,2
10204,0,,,0,0,1,,,0,OP3,scripted,OP3,3,3,4,2
10205,0,,,0,0,1,,,0,OP3,scripted,OP3,1,3,4,2
10206,1,,,0,0,1,,,0,OP3,scripted,OP3,3,1,4,2
10207,0,,,0,0,1,,,0,OP3,scripted,OP3,2,3,4,2
10208,0,,,0,0,1,,,0,OP3,scripted,OP3,2,3,4,2
10209,1,,,0,0,1,,,0,OP3,scripted,OP3,3,2,4,2
10210,0,,,0,0,1,,,0,OP3,scripted,OP3,3,3,4,2
10211,0,,,0,0,1,,,0,OP3,scripted,OP3,3,3,4,2
10212,1,,,0,0,1,,,0,OP3,scripted,OP3,3,2,4,2
10213,0,,,0,0,1,,,0,OP3,scripted,OP3,2,3,4,2
10214,1,,,0,0,1,,,0,OP3,scripted,OP3,3,2,4,2
10215,0,,,0,0,1,,,0,OP3,scripted,OP3,3,3,4,2
10216,0,,,0,0,1,,,0,OP3,scripted,OP3,2,3,4,2
10217,1,,,0,0,1,,,0,OP3,scripted,OP3,3,1,4,2
10218,1,,,0,0,1,,,0,OP3,scripted,OP3,3,2,4,2
10219,0,,,0,0,1,,,0,OP3,scripted,OP3,2,3,4,2
10220,0,,,0,0,1,,,0,OP3,scripted,OP3,2,3,4,2
10221,0,,,0,0,1,,,0,OP3,scripted,OP3,2,3,4,2
10222,1,,,0,0,1,,,0,OP3,scripted,OP3,3,2,4,2
10223,1,,,0,0,1,,,0,OP3,scripted,OP3,3,2,4,2
10224,1,,,0,0,1,,,0,OP3,scripted,OP3,3,2,4,2
10225,0,,,0,0,1,,,0,OP3,scripted,OP3,2,3,4,2
10226,1,,,0,0,1,,,0,OP3,scripted,OP3,3,2,4,2
10227,0,,,0,0,1,,,0,OP3,scripted,OP3,3,3,4,2
10228,1,,,0,0,1,,,0,OP3,scripted,OP3,3,2,4,2
10229,1,,,0,0,1,,,0,OP3,scripted,OP3,3,2,4,2
10230,1,,,0,0,1,,,0,OP3,scripted,OP3,3,2,4,2
10231,1,,,0,0,1,,,0,OP3,scripted,OP3,3,2,4,2
10232,0,,,0,0,1,,,0,OP3,scripted,OP3,2,3,4,2
10233,0,,,0,0,1,,,0,OP3,scripted,OP3,2,3,4,2
10234,1,,,0,0,1,,,0,OP3,scripted,OP3,3,2,4,2
10235,1,,,0,0,1,,,0,OP3,scripted,OP3,3,2,4,2
10236,1,,,0,0,1,,,0,OP3,scripted,OP3,3,2,4,2
10237,0,,,0,0,1,,,0,OP3,scripted,OP3,2,3,4,2
10238,1,,,0,0,1,,,0,OP3,scripted,OP3,3,2,4,2
10239,1,,,0,0,1,,,0,OP3,scripted,OP3,3,2,4,2
10240,0,,,0,0,1,,,0,OP3,scripted,OP3,2,3,4,2
10241,1,,,0,0,1,,,0,OP3,scripted,OP3,3,2,4,2
10242,1,,,0,0,1,,,0,OP3,scripted,OP3,3,2,4,2
10243,1,,,0,0,1,,,0,OP3,scripted,OP3,3,2,4,2
10244,0,,,0,0,1,,,0,OP3,scripted,OP3,2,3,4,2
10245,1,,,0,0,1,,,0,OP3,scripted,OP3,3,2,4,2
10246,0,,,0,0,1,,,0,OP3,scripted,OP3,2,3,4,2
10247,1,,,0,0,1,,,0,OP3,scripted,OP3,3,2,4,2
10248,1,,,0,0,1,,,0,OP3,scripted,OP3,3,2,4,2
10249,1,,,0,0,1,,,0,OP3,scripted,OP3,3,2,4,2
10250,1,,,0,0,1,,,0,OP3,scripted,OP3,3,2,4,2
10251,1,,,0,0,1,,,0,OP3,scripted,OP3,3,2,4,2
10252,1,,,0,0,1,,,0,OP3,scripted,OP3,3,2,4,2
10253,0,,,0,0,1,,,0,OP3,scripted,OP3,2,3,4,2
10254,1,,,0,0,1,,,0,OP3,scripted,OP3,3,1,4,2
10255,0,,,0,0,1,,,0,OP3,scripted,OP3,3,3,4,2
10256,0,,,0,0,1,,,0,OP3,scripted,OP3,2,3,4,2
10257,1,,,0,0,1,,,0,OP3,scripted,OP3,3,2,4,2
10258,0,,,0,0,1,,,0,OP3,scripted,OP3,2,3,4,2
10259,1,,,0,0,1,,,0,OP3,scripted,OP3,3,1,4,2
10260,1,,,0,0,1,,,0,OP3,scripted,OP3,3,2,4,2
10261,0,,,0,0,1,,,0,OP3,scripted,OP3,2,3,4,2
10262,0,,,0,0,1,,,0,OP3,scripted,OP3,3,3,4,2
10263,0,,,0,0,1,,,0,OP3,scripted,OP3,2,3,4,2
10264,1,,,0,0,1,,,0,OP3,scripted,OP3,3,1,4,2
10265,1,,,0,0,1,,,0,OP3,scripted,OP3,3,2,4,2
10266,1,,,0,0,1,,,0,OP3,scripted,OP3,3,2,4,2
10267,1,,,0,0,1,,,0,OP3,scripted,OP3,3,2,4,2
10268,0,,,0,0,1,,,0,OP3,scripted,OP3,1,3,4,2
10269,0,,,0,0,1,,,0,OP3,scripted,OP3,3,3,4,2
10270,0,,,0,0,1,,,0,OP3,scripted,OP3,2,3,4,2
10271,0,,,0,0,1,,,0,OP3,scripted,OP3,2,3,4,2
10272,0,,,0,0,1,,,0,OP3,scripted,OP3,2,3,4,2
10273,1,,,0,0,1,,,0,OP3,scripted,OP3,3,2,4,2
10274,0,,,0,0,1,,,0,OP3,scripted,OP3,2,3,4,2
10275,0,,,0,0,1,,,0,OP3,scripted,OP3,2,3,4,2
10276,0,,,0,0,1,,,0,OP3,scripted,OP3,2,3,4,2
10277,0,,,0,0,1,,,0,OP3,scripted,OP3,3,3,4,2
10278,1,,,0,0,1,,,0,OP3,scripted,OP3,3,1,4,2
10279,0,,,0,0,1,,,0,OP3,scripted,OP3,2,3,4,2
10280,0,,,0,0,1,,,0,OP3,scripted,OP3,2,3,4,2
10281,0,,,0,0,1,,,0,OP3,scripted,OP3,2,3,4,2
10282,0,,,0,0,1,,,0,OP3,scripted,OP3,2,3,4,2
10283,1,,,0,0,1,,,0,OP3,scripted,OP3,3,2,4,2
10284,0,,,0,0,1,,,0,OP3,scripted,OP3,2,3,4,2
10285,1,,,0,0,1,,,0,OP3,scripted,OP3,3,1,4,2
10286,1,,,0,0,1,,,0,OP3,scripted,OP3,3,2,4,2
10287,1,,,0,0,1,,,0,OP3,scripted,OP3,3,2,4,2
10288,0,,,0,0,1,,,0,OP3,scripted,OP3,2,3,4,2
10289,0,,,0,0,1,,,0,OP3,scripted,OP3,3,3,4,2
10290,1,,,0,0,1,,,0,OP3,scripted,OP3,3,2,4,2
10291,1,,,0,0,1,,,0,OP3,scripted,OP3,3,2,4,2
10292,1,,,0,0,1,,,0,OP3,scripted,OP3,3,2,4,2
10293,1,,,0,0,1,,,0,OP3,scripted,OP3,3,2,4,2
10294,1,,,0,0,1,,,0,OP3,scripted,OP3,3,2,4,2
10295,1,,,0,0,1,,,0,OP3,scripted,OP3,3,2,4,2
10296,1,,,0,0,1,,,0,OP3,scripted,OP3,3,2,4,2
10297,0,,,0,0,1,,,0,OP3,scripted,OP3,3,3,4,2
10298,1,,,0,0,1,,,0,OP3,scripted,OP3,3,2,4,2
10299,1,,,0,0,1,,,0,OP3,scripted,OP3,3,2,4,2
10300,1,,,0,0,1,,,0,OP3,scripted,OP3,3,2,4,2
10301,1,,,0,0,1,,,0,OP3,scripted,OP3,3,2,4,2
10302,1,,,0,0,1,,,0,OP3,scripted,OP3,3,2,4,2
10303,1,,,0,0,1,,,0,OP3,scripted,OP3,3,2,4,2
10304,0,,,0,0,1,,,0,OP3,scripted,OP3,1,3,4,2
10305,0,,,0,0,1,,,0,OP3,scripted,OP3,2,3,4,2
10306,0,,,0,0,1,,,0,OP3,scripted,OP3,2,3,4,2
10307,1,,,0,0,1,,,0,OP3,scripted,OP3,3,2,4,2
10308,0,,,0,0,1,,,0,OP3,scripted,OP3,2,3,4,2
10309,0,,,0,0,1,,,0,OP3,scripted,OP3,2,3,4,2
10310,0,,,0,0,1,,,0,OP3,scripted,OP3,2,3,4,2
10311,0,,,0,0,1,,,0,OP3,scripted,OP3,2,3,4,2
10312,0,,,0,0,1,,,0,OP3,scripted,OP3,3,3,4,2
10313,1,,,0,0,1,,,0,OP3,scripted,OP3,3,1,4,2
10314,0,,,0,0,1,,,0,OP3,scripted,OP3,2,3,4,2
10315,0,,,0,0,1,,,0,OP3,scripted,OP3,3,3,4,2
10316,1,,,0,0,1,,,0,OP3,scripted,OP3,3,2,4,2
10317,0,,,0,0,1,,,0,OP3,scripted,OP3,2,3,4,2
10318,1,,,0,0,1,,,0,OP3,scripted,OP3,3,2,4,2
10319,1,,,0,0,1,,,0,OP3,scripted,OP3,3,2,4,2
10320,1,,,0,0,1,,,0,OP3,scripted,OP3,3,1,4,2
10321,1,,,0,0,1,,,0,OP3,scripted,OP3,3,1,4,2
10322,0,,,0,0,1,,,0,OP3,scripted,OP3,2,3,4,2
10323,1,,,0,0,1,,,0,OP3,scripted,OP3,3,1,4,2
10324,0,,,0,0,1,,,0,OP3,scripted,OP3,2,3,4,2
10325,1,,,0,0,1,,,0,OP3,scripted,OP3,3,2,4,2
10326,0,,,0,0,1,,,0,OP3,scripted,OP3,3,3,4,2
10327,0,,,0,0,1,,,0,OP3,scripted,OP3,2,3,4,2
10328,1,,,0,0,1,,,0,OP3,scripted,OP3,3,2,4,2
10329,1,,,0,0,1,,,0,OP3,scripted,OP3,3,2,4,2
10330,0,,,0,0,1,,,0,OP3,scripted,OP3,2,3,4,2
10331,1,,,0,0,1,,,0,OP3,scripted,OP3,3,2,4,2
10332,0,,,0,0,1,,,0,OP3,scripted,OP3,2,3,4,2
10333,1,,,0,0,1,,,0,OP3,scripted,OP3,3,2,4,2
10334,0,,,0,0,1,,,0,OP3,scripted,OP3,3,3,4,2
10335,0,,,0,0,1,,,0,OP3,scripted,OP3,3,3,4,2
10336,1,,,0,0,1,,,0,OP3,scripted,OP3,3,2,4,2
10337,0,,,0,0,1,,,0,OP3,scripted,OP3,2,3,4,2
10338,0,,,0,0,1,,,0,OP3,scripted,OP3,2,3,4,2
10339,0,,,0,0,1,,,0,OP3,scripted,OP3,3,3,4,2
10340,1,,,0,0,1,,,0,OP3,scripted,OP3,3,2,4,2
10341,0,,,0,0,1,,,0,OP3,scripted,OP3,3,3,4,2
10342,1,,,0,0,1,,,0,OP3,scripted,OP3,3,2,4,2
10343,1,,,0,0,1,,,0,OP3,scripted,OP3,3,2,4,2
10344,0,,,0,0,1,,,0,OP3,scripted,OP3,2,3,4,2
10345,1,,,0,0,1,,,0,OP3,scripted,OP3,3,2,4,2
10346,1,,,0,0,1,,,0,OP3,scripted,OP3,3,2,4,2
10347,1,,,0,0,1,,,0,OP3,scripted,OP3,3,2,4,2
10348,1,,,0,0,1,,,0,OP3,scripted,OP3,3,2,4,2
10349,1,,,0,0,1,,,0,OP3,scripted,OP3,3,2,4,2
10350,0,,,0,0,1,,,0,OP3,scripted,OP3,2,3,4,2
10351,1,,,0,0,1,,,0,OP3,scripted,OP3,3,2,4,2
10352,1,,,0,0,1,,,0,OP3,scripted,OP3,3,2,4,2
10353,1,,,0,0,1,,,0,OP3,scripted,OP3,3,2,4,2
10354,1,,,0,0,1,,,0,OP3,scripted,OP3,3,2,4,2
10355,1,,,0,0,1,,,0,OP3,scripted,OP3,3,2,4,2
10356,0,,,0,0,1,,,0,OP3,scripted,OP3,2,3,4,2
10357,0,,,0,0,1,,,0,OP3,scripted,OP3,3,3,4,2
10358,1,,,0,0,1,,,0,OP3,scripted,OP3,3,2,4,2
10359,0,,,0,0,1,,,0,OP3,scripted,OP3,2,3,4,2
10360,1,,,0,0,1,,,0,OP3,scripted,OP3,3,2,4,2
10361,1,,,0,0,1,,,0,OP3,scripted,OP3,3,2,4,2
10362,1,,,0,0,1,,,0,OP3,scripted,OP3,3,2,4,2
10363,1,,,0,0,1,,,0,OP3,scripted,OP3,3,2,4,2
10364,0,,,0,0,1,,,0,OP3,scripted,OP3,2,3,4,2
10365,0,,,0,0,1,,,0,OP3,scripted,OP3,3,3,4,2
10366,1,,,0,0,1,,,0,OP3,scripted,OP3,3,1,4,2
10367,1,,,0,0,1,,,0,OP3,scripted,OP3,3,2,4,2
10368,0,,,0,0,1,,,0,OP3,scripted,OP3,2,3,4,2
10369,0,,,0,0,1,,,0,OP3,scripted,OP3,3,3,4,2
10370,1,,,0,0,1,,,0,OP3,scripted,OP3,3,1,4,2
10371,1,,,0,0,1,,,0,OP3,scripted,OP3,3,2,4,2
10372,1,,,0,0,1,,,0,OP3,scripted,OP3,3,2,4,2
10373,1,,,0,0,1,,,0,OP3,scripted,OP3,3,2,4,2
10374,1,,,0,0,1,,,0,OP3,scripted,OP3,3,2,4,2
10375,1,,,0,0,1,,,0,OP3,scripted,OP3,3,1,4,2
10376,1,,,0,0,1,,,0,OP3,scripted,OP3,3,2,4,2
10377,0,,,0,0,1,,,0,OP3,scripted,OP3,2,3,4,2
10378,0,,,0,0,1,,,0,OP3,scripted,OP3,2,3,4,2
10379,1,,,0,0,1,,,0,OP3,scripted,OP3,3,2,4,2
10380,0,,,0,0,1,,,0,OP3,scripted,OP3,2,3,4,2
10381,0,,,0,0,1,,,0,OP3,scripted,OP3,3,3,4,2
10382,1,,,0,0,1,,,0,OP3,scripted,OP3,3,2,4,2
10383,0,,,0,0,1,,,0,OP3,scripted,OP3,2,3,4,2
10384,1,,,0,0,1,,,0,OP3,scripted,OP3,3,2,4,2
10385,0,,,0,0,1,,,0,OP3,scripted,OP3,2,3,4,2
10386,0,,,0,0,1,,,0,OP3,scripted,OP3,2,3,4,2
10387,0,,,0,0,1,,,0,OP3,scripted,OP3,2,3,4,2
10388,1,,,0,0,1,,,0,OP3,scripted,OP3,3,2,4,2
10389,1,,,0,0,1,,,0,OP3,scripted,OP3,3,1,4,2
10390,1,,,0,0,1,,,0,OP3,scripted,OP3,3,1,4,2
10391,1,,,0,0,1,,,0,OP3,scripted,OP3,3,2,4,2
10392,1,,,0,0,1,,,0,OP3,scripted,OP3,3,1,4,2
10393,1,,,0,0,1,,,0,OP3,scripted,OP3,3,2,4,2
10394,1,,,0,0,1,,,0,OP3,scripted,OP3,3,2,4,2
10395,0,,,0,0,1,,,0,OP3,scripted,OP3,2,3,4,2
10396,0,,,0,0,1,,,0,OP3,scripted,OP3,1,3,4,2
10397,1,,,0,0,1,,,0,OP3,scripted,OP3,3,2,4,2
10398,1,,,0,0,1,,,0,OP3,scripted,OP3,3,2,4,2
10399,1,,,0,0,1,,,0,OP3,scripted,OP3,3,2,4,2
10400,0,,,0,0,1,,,0,OP3,scripted,OP3,2,3,4,2
10401,1,,,0,0,1,,,0,OP3,scripted,OP3,3,2,4,2
10402,0,,,0,0,1,,,0,OP3,scripted,OP3,3,3,4,2
10403,0,,,0,0,1,,,0,OP3,scripted,OP3,2,3,4,2
10404,0,,,0,0,1,,,0,OP3,scripted,OP3,2,3,4,2
10405,0,,,0,0,1,,,0,OP3,scripted,OP3,2,3,4,2
10406,1,,,0,0,1,,,0,OP3,scripted,OP3,3,2,4,2
10407,1,,,0,0,1,,,0,OP3,scripted,OP3,3,2,4,2
10408,1,,,0,0,1,,,0,OP3,scripted,OP3,3,2,4,2
10409,0,,,0,0,1,,,0,OP3,scripted,OP3,2,3,4,2
10410,1,,,0,0,1,,,0,OP3,scripted,OP3,3,2,4,2
10411,1,,,0,0,1,,,0,OP3,scripted,OP3,3,2,4,2
10412,0,,,0,0,1,,,0,OP3,scripted,OP3,2,3,4,2
10413,0,,,0,0,1,,,0,OP3,scripted,OP3,2,3,4,2
10414,0,,,0,0,1,,,0,OP3,scripted,OP3,3,3,4,2
10415,1,,,0,0,1,,,0,OP3,scripted,OP3,3,2,4,2
10416,0,,,0,0,1,,,0,OP3,scripted,OP3,3,3,4,2
10417,1,,,0,0,1,,,0,OP3,scripted,OP3,3,2,4,2
10418,1,,,0,0,1,,,0,OP3,scripted,OP3,3,1,4,2
10419,0,,,0,0,1,,,0,OP3,scripted,OP3,3,3,4,2
10420,0,,,0,0,1,,,0,OP3,scripted,OP3,2,3,4,2
10421,0,,,0,0,1,,,0,OP3,scripted,OP3,2,3,4,2
10422,1,,,0,0,1,,,0,OP3,scripted,OP3,3,2,4,2
10423,1,,,0,0,1,,,0,OP3,scripted,OP3,3,2,4,2
10424,1,,,0,0,1,,,0,OP3,scripted,OP3,3,2,4,2
10425,1,,,0,0,1,,,0,OP3,scripted,OP3,3,2,4,2
10426,0,,,0,0,1,,,0,OP3,scripted,OP3,3,3,4,2
10427,1,,,0,0,1,,,0,OP3,scripted,OP3,3,1,4,2
10428,0,,,0,0,1,,,0,OP3,scripted,OP3,2,3,4,2
10429,0,,,0,0,1,,,0,OP3,scripted,OP3,2,3,4,2
10430,0,,,0,0,1,,,0,OP3,scripted,OP3,2,3,4,2
10431,0,,,0,0,1,,,0,OP3,scripted,OP3,1,3,4,2
10432,0,,,0,0,1,,,0,OP3,scripted,OP3,2,3,4,2
10433,1,,,0,0,1,,,0,OP3,scripted,OP3,3,2,4,2
10434,0,,,0,0,1,,,0,OP3,scripted,OP3,2,3,4,2
10435,0,,,0,0,1,,,0,OP3,scripted,OP3,2,3,4,2
10436,1,,,0,0,1,,,0,OP3,scripted,OP3,3,1,4,2
10437,1,,,0,0,1,,,0,OP3,scripted,OP3,3,2,4,2
10438,0,,,0,0,1,,,0,OP3,scripted,OP3,3,3,4,2
10439,0,,,0,0,1,,,0,OP3,scripted,OP3,3,3,4,2
10440,1,,,0,0,1,,,0,OP3,scripted,OP3,3,2,4,2
10441,1,,,0,0,1,,,0,OP3,scripted,OP3,3,2,4,2
10442,1,,,0,0,1,,,0,OP3,scripted,OP3,3,2,4,2
10443,0,,,0,0,1,,,0,OP3,scripted,OP3,2,3,4,2
10444,0,,,0,0,1,,,0,OP3,scripted,OP3,2,3,4,2
10445,0,,,0,0,1,,,0,OP3,scripted,OP3,3,3,4,2
10446,0,,,0,0,1,,,0,OP3,scripted,OP3,2,3,4,2
10447,1,,,0,0,1,,,0,OP3,scripted,OP3,3,2,4,2
10448,1,,,0,0,1,,,0,OP3,scripted,OP3,3,2,4,2
10449,1,,,0,0,1,,,0,OP3,scripted,OP3,3,2,4,2
10450,0,,,0,0,1,,,0,OP3,scripted,OP3,3,3,4,2
10451,0,,,0,0,1,,,0,OP3,scripted,OP3,2,3,4,2
10452,0,,,0,0,1,,,0,OP3,scripted,OP3,2,3,4,2
10453,0,,,0,0,1,,,0,OP3,scripted,OP3,2,3,4,2
10454,0,,,0,0,1,,,0,OP3,scripted,OP3,2,3,4,2
10455,0,,,0,0,1,,,0,OP3,scripted,OP3,2,3,4,2
10456,1,,,0,0,1,,,0,OP3,scripted,OP3,3,2,4,2
10457,0,,,0,0,1,,,0,OP3,scripted,OP3,2,3,4,2
10458,1,,,0,0,1,,,0,OP3,scripted,OP3,3,2,4,2
10459,0,,,0,0,1,,,0,OP3,scripted,OP3,2,3,4,2
10460,0,,,0,0,1,,,0,OP3,scripted,OP3,1,3,4,2
10461,0,,,0,0,1,,,0,OP3,scripted,OP3,2,3,4,2
10462,0,,,0,0,1,,,0,OP3,scripted,OP3,3,3,4,2
10463,1,,,0,0,1,,,0,OP3,scripted,OP3,3,2,4,2
10464,1,,,0,0,1,,,0,OP3,scripted,OP3,3,1,4,2
10465,0,,,0,0,1,,,0,OP3,scripted,OP3,2,3,4,2
10466,1,,,0,0,1,,,0,OP3,scripted,OP3,3,2,4,2
10467,0,,,0,0,1,,,0,OP3,scripted,OP3,2,3,4,2
10468,1,,,0,0,1,,,0,OP3,scripted,OP3,3,2,4,2
10469,1,,,0,0,1,,,0,OP3,scripted,OP3,3,2,4,2
10470,1,,,0,0,1,,,0,OP3,scripted,OP3,3,2,4,2
10471,1,,,0,0,1,,,0,OP3,scripted,OP3,3,2,4,2
10472,1,,,0,0,1,,,0,OP3,scripted,OP3,3,2,4,2
10473,0,,,0,0,1,,,0,OP3,scripted,OP3,2,3,4,2
10474,1,,,0,0,1,,,0,OP3,scripted,OP3,3,2,4,2
10475,0,,,0,0,1,,,0,OP3,scripted,OP3,3,3,4,2
10476,0,,,0,0,1,,,0,OP3,scripted,OP3,3,3,4,2
10477,1,,,0,0,1,,,0,OP3,scripted,OP3,3,2,4,2
10478,0,,,0,0,1,,,0,OP3,scripted,OP3,2,3,4,2
10479,0,,,0,0,1,,,0,OP3,scripted,OP3,2,3,4,2
10480,0,,,0,0,1,,,0,OP3,scripted,OP3,2,3,4,2
10481,0,,,0,0,1,,,0,OP3,scripted,OP3,2,3,4,2
10482,1,,,0,0,1,,,0,OP3,scripted,OP3,3,2,4,2
10483,0,,,0,0,1,,,0,OP3,scripted,OP3,2,3,4,2
10484,0,,,0,0,1,,,0,OP3,scripted,OP3,1,3,4,2
10485,0,,,0,0,1,,,0,OP3,scripted,OP3,2,3,4,2
10486,0,,,0,0,1,,,0,OP3,scripted,OP3,2,3,4,2
10487,1,,,0,0,1,,,0,OP3,scripted,OP3,3,2,4,2
10488,1,,,0,0,1,,,0,OP3,scripted,OP3,3,2,4,2
10489,0,,,0,0,1,,,0,OP3,scripted,OP3,2,3,4,2
10490,0,,,0,0,1,,,0,OP3,scripted,OP3,2,3,4,2
10491,1,,,0,0,1,,,0,OP3,scripted,OP3,3,2,4,2
10492,0,,,0,0,1,,,0,OP3,scripted,OP3,2,3,4,2
10493,1,,,0,0,1,,,0,OP3,scripted,OP3,3,1,4,2
10494,0,,,0,0,1,,,0,OP3,scripted,OP3,2,3,4,2
10495,1,,,0,0,1,,,0,OP3,scripted,OP3,3,2,4,2
10496,1,,,0,0,1,,,0,OP3,scripted,OP3,3,2,4,2
10497,1,,,0,0,1,,,0,OP3,scripted,OP3,3,2,4,2
10498,1,,,0,0,1,,,0,OP3,scripted,OP3,3,2,4,2
10499,1,,,0,0,1,,,0,OP3,scripted,OP3,3,2,4,2
10500,1,,,0,0,1,,,0,OP3,scripted,OP3,3,2,4,2
10501,1,,,0,0,1,,,0,OP3,scripted,OP3,3,2,4,2
10502,0,,,0,0,1,,,0,OP3,scripted,OP3,3,3,4,2
10503,0,,,0,0,1,,,0,OP3,scripted,OP3,2,3,4,2
10504,0,,,0,0,1,,,0,OP3,scripted,OP3,2,3,4,2
10505,1,,,0,0,1,,,0,OP3,scripted,OP3,3,2,4,2
10506,0,,,0,0,1,,,0,OP3,scripted,OP3,2,3,4,2
10507,1,,,0,0,1,,,0,OP3,scripted,OP3,3,2,4,2
10508,0,,,0,0,1,,,0,OP3,scripted,OP3,3,3,4,2
10509,1,,,0,0,1,,,0,OP3,scripted,OP3,3,2,4,2
10510,1,,,0,0,1,,,0,OP3,scripted,OP3,3,2,4,2
10511,0,,,0,0,1,,,0,OP3,scripted,OP3,3,3,4,2
10512,0,,,0,0,1,,,0,OP3,scripted,OP3,2,3,4,2
10513,0,,,0,0,1,,,0,OP3,scripted,OP3,3,3,4,2
10514,0,,,0,0,1,,,0,OP3,scripted,OP3,2,3,4,2
10515,0,,,0,0,1,,,0,OP3,scripted,OP3,2,3,4,2
10516,1,,,0,0,1,,,0,OP3,scripted,OP3,3,2,4,2
10517,1,,,0,0,1,,,0,OP3,scripted,OP3,3,2,4,2
10518,0,,,0,0,1,,,0,OP3,scripted,OP3,3,3,4,2
10519,1,,,0,0,1,,,0,OP3,scripted,OP3,3,2,4,2
10520,1,,,0,0,1,,,0,OP3,scripted,OP3,3,2,4,2
10521,1,,,0,0,1,,,0,OP3,scripted,OP3,3,2,4,2
10522,1,,,0,0,1,,,0,OP3,scripted,OP3,3,2,4,2
10523,0,,,0,0,1,,,0,OP3,scripted,OP3,3,3,4,2
10524,0,,,0,0,1,,,0,OP3,scripted,OP3,3,3,4,2
10525,0,,,0,0,1,,,0,OP3,scripted,OP3,3,3,4,2
10526,0,,,0,0,1,,,0,OP3,scripted,OP3,2,3,4,2
10527,0,,,0,0,1,,,0,OP3,scripted,OP3,2,3,4,2
10528,0,,,0,0,1,,,0,OP3,scripted,OP3,3,3,4,2
10529,0,,,0,0,1,,,0,OP3,scripted,OP3,2,3,4,2
10530,1,,,0,0,1,,,0,OP3,scripted,OP3,3,1,4,2
10531,0,,,0,0,1,,,0,OP3,scripted,OP3,2,3,4,2
10532,0,,,0,0,1,,,0,OP3,scripted,OP3,2,3,4,2
10533,0,,,0,0,1,,,0,OP3,scripted,OP3,2,3,4,2
10534,1,,,0,0,1,,,0,OP3,scripted,OP3,3,1,4,2
10535,0,,,0,0,1,,,0,OP3,scripted,OP3,3,3,4,2
10536,1,,,0,0,1,,,0,OP3,scripted,OP3,3,2,4,2
10537,0,,,0,0,1,,,0,OP3,scripted,OP3,2,3,4,2
10538,0,,,0,0,1,,,0,OP3,scripted,OP3,2,3,4,2
10539,0,,,0,0,1,,,0,OP3,scripted,OP3,2,3,4,2
10540,0,,,0,0,1,,,0,OP3,scripted,OP3,2,3,4,2
10541,1,,,0,0,1,,,0,OP3,scripted,OP3,3,1,4,2
10542,1,,,0,0,1,,,0,OP3,scripted,OP3,3,1,4,2
10543,0,,,0,0,1,,,0,OP3,scripted,OP3,2,3,4,2
10544,1,,,0,0,1,,,0,OP3,scripted,OP3,3,2,4,2
10545,1,,,0,0,1,,,0,OP3,scripted,OP3,3,1,4,2
10546,1,,,0,0,1,,,0,OP3,scripted,OP3,3,2,4,2
10547,1,,,0,0,1,,,0,OP3,scripted,OP3,3,2,4,2
10548,1,,,0,0,1,,,0,OP3,scripted,OP3,3,2,4,2
10549,0,,,0,0,1,,,0,OP3,scripted,OP3,2,3,4,2
10550,0,,,0,0,1,,,0,OP3,scripted,OP3,3,3,4,2
10551,0,,,0,0,1,,,0,OP3,scripted,OP3,3,3,4,2
10552,1,,,0,0,1,,,0,OP3,scripted,OP3,3,2,4,2
10553,0,,,0,0,1,,,0,OP3,scripted,OP3,2,3,4,2
10554,1,,,0,0,1,,,0,OP3,scripted,OP3,3,1,4,2
10555,0,,,0,0,1,,,0,OP3,scripted,OP3,3,3,4,2
10556,0,,,0,0,1,,,0,OP3,scripted,OP3,2,3,4,2
10557,0,,,0,0,1,,,0,OP3,scripted,OP3,3,3,4,2
10558,0,,,0,0,1,,,0,OP3,scripted,OP3,3,3,4,2
10559,1,,,0,0,1,,,0,OP3,scripted,OP3,3,2,4,2
10560,1,,,0,0,1,,,0,OP3,scripted,OP3,3,2,4,2
10561,0,,,0,0,1,,,0,OP3,scripted,OP3,2,3,4,2
10562,1,,,0,0,1,,,0,OP3,scripted,OP3,3,2,4,2
10563,0,,,0,0,1,,,0,OP3,scripted,OP3,3,3,4,2
10564,0,,,0,0,1,,,0,OP3,scripted,OP3,2,3,4,2
10565,1,,,0,0,1,,,0,OP3,scripted,OP3,3,2,4,2
10566,1,,,0,0,1,,,0,OP3,scripted,OP3,3,1,4,2
10567,0,,,0,0,1,,,0,OP3,scripted,OP3,2,3,4,2
10568,0,,,0,0,1,,,0,OP3,scripted,OP3,3,3,4,2
10569,0,,,0,0,1,,,0,OP3,scripted,OP3,2,3,4,2
10570,0,,,0,0,1,,,0,OP3,scripted,OP3,2,3,4,2
10571,1,,,0,0,1,,,0,OP3,scripted,OP3,3,2,4,2
10572,1,,,0,0,1,,,0,OP3,scripted,OP3,3,2,4,2
10573,0,,,0,0,1,,,0,OP3,scripted,OP3,2,3,4,2
10574,1,,,0,0,1,,,0,OP3,scripted,OP3,3,2,4,2
10575,1,,,0,0,1,,,0,OP3,scripted,OP3,3,2,4,2
10576,1,,,0,0,1,,,0,OP3,scripted,OP3,3,1,4,2
10577,1,,,0,0,1,,,0,OP3,scripted,OP3,3,2,4,2
10578,1,,,0,0,1,,,0,OP3,scripted,OP3,3,2,4,2
10579,1,,,0,0,1,,,0,OP3,scripted,OP3,3,2,4,2
10580,1,,,0,0,1,,,0,OP3,scripted,OP3,3,2,4,2
10581,1,,,0,0,1,,,0,OP3,scripted,OP3,3,2,4,2
10582,0,,,0,0,1,,,0,OP3,scripted,OP3,3,3,4,2
10583,1,,,0,0,1,,,0,OP3,scripted,OP3,3,2,4,2
10584,1,,,0,0,1,,,0,OP3,scripted,OP3,3,2,4,2
10585,0,,,0,0,1,,,0,OP3,scripted,OP3,2,3,4,2
10586,0,,,0,0,1,,,0,OP3,scripted,OP3,3,3,4,2
10587,1,,,0,0,1,,,0,OP3,scripted,OP3,3,2,4,2
10588,0,,,0,0,1,,,0,OP3,scripted,OP3,2,3,4,2
10589,0,,,0,0,1,,,0,OP3,scripted,OP3,3,3,4,2
10590,1,,,0,0,1,,,0,OP3,scripted,OP3,3,2,4,2
10591,0,,,0,0,1,,,0,OP3,scripted,OP3,2,3,4,2
10592,0,,,0,0,1,,,0,OP3,scripted,OP3,2,3,4,2
10593,0,,,0,0,1,,,0,OP3,scripted,OP3,3,3,4,2
10594,0,,,0,0,1,,,0,OP3,scripted,OP3,1,3,4,2
10595,1,,,0,0,1,,,0,OP3,scripted,OP3,3,2,4,2
10596,0,,,0,0,1,,,0,OP3,scripted,OP3,2,3,4,2
10597,0,,,0,0,1,,,0,OP3,scripted,OP3,2,3,4,2
10598,1,,,0,0,1,,,0,OP3,scripted,OP3,3,2,4,2
10599,0,,,0,0,1,,,0,OP3,scripted,OP3,2,3,4,2
10600,0,,,0,0,1,,,0,OP3,scripted,OP3,2,3,4,2
10601,0,,,0,0,1,,,0,OP3,scripted,OP3,2,3,4,2
10602,1,,,0,0,1,,,0,OP3,scripted,OP3,3,2,4,2
10603,0,,,0,0,1,,,0,OP3,scripted,OP3,2,3,4,2
10604,0,,,0,0,1,,,0,OP3,scripted,OP3,2,3,4,2
10605,1,,,0,0,1,,,0,OP3,scripted,OP3,3,2,4,2
10606,1,,,0,0,1,,,0,OP3,scripted,OP3,3,2,4,2
10607,1,,,0,0,1,,,0,OP3,scripted,OP3,3,1,4,2
10608,1,,,0,0,1,,,0,OP3,scripted,OP3,3,2,4,2
10609,0,,,0,0,1,,,0,OP3,scripted,OP3,2,3,4,2
10610,0,,,0,0,1,,,0,OP3,scripted,OP3,2,3,4,2
10611,1,,,0,0,1,,,0,OP3,scripted,OP3,3,2,4,2
10612,1,,,0,0,1,,,0,OP3,scripted,OP3,3,1,4,2
10613,1,,,0,0,1,,,0,OP3,scripted,OP3,3,2,4,2
10614,0,,,0,0,1,,,0,OP3,scripted,OP3,3,3,4,2
10615,0,,,0,0,1,,,0,OP3,scripted,OP3,2,3,4,2
10616,1,,,0,0,1,,,0,OP3,scripted,OP3,3,1,4,2
10617,1,,,0,0,1,,,0,OP3,scripted,OP3,3,2,4,2
10618,1,,,0,0,1,,,0,OP3,scripted,OP3,3,1,4,2
10619,0,,,0,0,1,,,0,OP3,scripted,OP3,3,3,4,2
10620,1,,,0,0,1,,,0,OP3,scripted,OP3,3,1,4,2
10621,1,,,0,0,1,,,0,OP3,scripted,OP3,3,2,4,2
10622,1,,,0,0,1,,,0,OP3,scripted,OP3,3,1,4,2
10623,0,,,0,0,1,,,0,OP3,scripted,OP3,3,3,4,2
10624,0,,,0,0,1,,,0,OP3,scripted,OP3,2,3,4,2
10625,1,,,0,0,1,,,0,OP3,scripted,OP3,3,2,4,2
10626,0,,,0,0,1,,,0,OP3,scripted,OP3,2,3,4,2
10627,0,,,0,0,1,,,0,OP3,scripted,OP3,2,3,4,2
10628,0,,,0,0,1,,,0,OP3,scripted,OP3,2,3,4,2
10629,1,,,0,0,1,,,0,OP3,scripted,OP3,3,2,4,2
10630,0,,,0,0,1,,,0,OP3,scripted,OP3,2,3,4,2
10631,1,,,0,0,1,,,0,OP3,scripted,OP3,3,2,4,2
10632,0,,,0,0,1,,,0,OP3,scripted,OP3,2,3,4,2
10633,0,,,0,0,1,,,0,OP3,scripted,OP3,3,3,4,2
10634,0,,,0,0,1,,,0,OP3,scripted,OP3,2,3,4,2
10635,1,,,0,0,1,,,0,OP3,scripted,OP3,3,2,4,2
10636,1,,,0,0,1,,,0,OP3,scripted,OP3,3,2,4,2
10637,0,,,0,0,1,,,0,OP3,scripted,OP3,2,3,4,2
10638,0,,,0,0,1,,,0,OP3,scripted,OP3,3,3,4,2
10639,0,,,0,0,1,,,0,OP3,scripted,OP3,2,3,4,2
10640,0,,,0,0,1,,,0,OP3,scripted,OP3,2,3,4,2
10641,1,,,0,0,1,,,0,OP3,scripted,OP3,3,1,4,2
10642,0,,,0,0,1,,,0,OP3,scripted,OP3,2,3,4,2
10643,1,,,0,0,1,,,0,OP3,scripted,OP3,3,2,4,2
10644,0,,,0,0,1,,,0,OP3,scripted,OP3,2,3,4,2
10645,1,,,0,0,1,,,0,OP3,scripted,OP3,3,2,4,2
10646,1,,,0,0,1,,,0,OP3,scripted,OP3,3,2,4,2
10647,1,,,0,0,1,,,0,OP3,scripted,OP3,3,2,4,2
10648,0,,,0,0,1,,,0,OP3,scripted,OP3,2,3,4,2
10649,0,,,0,0,1,,,0,OP3,scripted,OP3,2,3,4,2
10650,1,,,0,0,1,,,0,OP3,scripted,OP3,3,2,4,2
10651,1,,,0,0,1,,,0,OP3,scripted,OP3,3,2,4,2
10652,1,,,0,0,1,,,0,OP3,scripted,OP3,3,2,4,2
10653,0,,,0,0,1,,,0,OP3,scripted,OP3,2,3,4,2
10654,1,,,0,0,1,,,0,OP3,scripted,OP3,3,2,4,2
10655,0,,,0,0,1,,,0,OP3,scripted,OP3,3,3,4,2
10656,1,,,0,0,1,,,0,OP3,scripted,OP3,3,2,4,2
10657,0,,,0,0,1,,,0,OP3,scripted,OP3,2,3,4,2
10658,0,,,0,0,1,,,0,OP3,scripted,OP3,3,3,4,2
10659,1,,,0,0,1,,,0,OP3,scripted,OP3,3,2,4,2
10660,1,,,0,0,1,,,0,OP3,scripted,OP3,3,2,4,2
10661,0,,,0,0,1,,,0,OP3,scripted,OP3,2,3,4,2
10662,0,,,0,0,1,,,0,OP3,scripted,OP3,2,3,4,2
10663,1,,,0,0,1,,,0,OP3,scripted,OP3,3,2,4,2
10664,1,,,0,0,1,,,0,OP3,scripted,OP3,3,0,4,2
10665,1,,,0,0,1,,,0,OP3,scripted,OP3,3,2,4,2
10666,1,,,0,0,1,,,0,OP3,scripted,OP3,3,2,4,2
10667,1,,,0,0,1,,,0,OP3,scripted,OP3,3,2,4,2
