update,run_id,run_pid,timesteps,episodes_completed,wins,losses,draws,win_rate,rolling_win_rate_50ep,rolling_win_rate_200ep,rollout_reward_mean,rollout_reward_std,rollout_return_mean,rollout_return_std,rollout_episodes,rollout_wins,rollout_losses,rollout_draws,rollout_win_rate,rollout_win_margin_mean,rollout_blue_score_mean,rollout_red_score_mean,explained_variance,reward_terminal_mean,reward_offense_mean,reward_pbrs_mean,reward_team_mean,reward_sparse_mean,reward_sparse_points_mean,reward_failure_mean,reward_behavior_contrast_mean,reward_outcome_diversity_mean,reward_csia_mean,reward_contract_specialist_mean,reward_total_mean,reward_outcome_mean,reward_shaping_mean,reward_shaping_to_outcome_abs_ratio,reward_shaping_coef,reward_failure_to_outcome_abs,policy_loss,value_loss,value_loss_min,value_loss_std,value_loss_p10,value_loss_p50,value_loss_p90,value_loss_max,return_norm_mean,return_norm_std,return_norm_count,entropy,approx_kl,clip_fraction,grad_norm,learning_rate,latent_lam_h,strategy_entropy,strategy_entropy_frac,strategy_policy_loss,strategy_approx_kl,strategy_clip_fraction,strategy_ratio_std,strategy_aux_return_loss,strategy_persist_loss,strategy_grad_norm,strategy_resample_count,strategy_resample_fraction,latent_episode_pg_loss,latent_episode_v_loss,latent_episode_entropy,latent_episode_adv_mean,latent_episode_adv_std,latent_episode_return_mean,latent_episode_return_std,latent_episode_ratio_mean,latent_episode_ratio_max,latent_episode_ratio_min,latent_episode_ratio_std,latent_episode_approx_kl,latent_episode_clip_fraction,latent_episode_count,latent_episode_loss,strategy_bucket_best_match_frac,strategy_experience_records,strategy_experience_buckets,strategy_unique_count,strategy_dominant,strategy_switch_count,strategy_switch_fraction,strategy_wr_spread,strategy_resample_fraction_rollout,rollout_adv_std,rollout_adv_std_at_z_switch,rollout_adv_std_not_z_switch,curriculum_phase,curriculum_phase_idx,curriculum_phase_episodes,curriculum_phase_win_rate,csia_interaction_strength,centered_advantage_matrix,oracle_best_z_per_opponent,router_oracle_gap,routing_gain,regret_weighted_routing_score,gate_A_pass,gate_B_pass,gate_C_pass,csia_bonus_active,csia_payoff_cells,csia_total_count,csia_behavior_spread_max,csia_bonus_mean,csia_last_refresh_update,csia_reward_coef
1,50980-1785615758534789600,50980,2048,8,3,5,0,0.375,0.375,0.375,-0.036366671323776245,0.09151244908571243,-1.251452922821045,0.7991664409637451,8,3,5,0,0.375,-0.75,1.875,2.625,0.003984510898590088,-0.0009765625,-0.0026367187965661287,0.002321435371413827,0.008479002863168716,-0.00439453125,-0.439453125,-0.14179688692092896,0.0,0.0,0.0,0.0,-0.036366671323776245,-0.00537109375,6.339076207950711e-05,0.011800010392504248,1.0,26.395087933997605,-0.010846867837244645,2.1281252950429916,1.9025318622589111,0.18084736168384552,1.9724457263946533,2.076570510864258,2.331578254699707,2.62388014793396,0.0,0.0,0.0,3.578394666314125,0.004985918196325656,0.03564453125,1.9366042837500572,0.0004965866666666667,0.005,0.0,0.0,0.0,0.0,0.0,0.0,0.0,0.0,0.0,,0.0,0.0,0.0,0.0,0.0,0.0,0.0,0.0,0.0,0.0,0.0,0.0,0.0,0.0,0.0,0.0,0.0,0.0,0.0,,,,,0.0,,0.7975727319717407,,,,,,,0.0,{},{},0.0,0.0,0.0,0.0,0.0,0.0,0.0,0,0,0.0,0.0,,0.0
2,50980-1785615758534789600,50980,4096,19,8,11,0,0.42105263157894735,0.42105263157894735,0.42105263157894735,-0.03692687302827835,0.08290702849626541,-1.35563063621521,0.8994052410125732,11,5,6,0,0.45454545454545453,0.0,2.090909090909091,2.090909090909091,0.014552295207977295,-0.00048828125,-0.003613281063735485,0.0015448445919901133,0.004833984188735485,0.00439453125,0.439453125,-0.15068358182907104,0.0,0.0,0.0,0.0,-0.03692687302827835,0.00390625,-0.0020185738685540855,0.5166226549501787,1.0,38.56512427642742,-0.00628356053493917,1.80136326700449,1.508155345916748,0.171573206782341,1.6197357177734375,1.7985796928405762,1.9998652935028076,2.21193265914917,0.0,0.0,0.0,3.753148078918457,0.005785259134427179,0.047607421875,2.6753700422123075,0.0004931733333333333,0.005,0.0,0.0,0.0,0.0,0.0,0.0,0.0,0.0,0.0,,0.0,0.0,0.0,0.0,0.0,0.0,0.0,0.0,0.0,0.0,0.0,0.0,0.0,0.0,0.0,0.0,0.0,0.0,0.0,,,,,0.0,,0.8928370475769043,,,,,,,0.0,{},{},0.0,0.0,0.0,0.0,0.0,0.0,0.0,0,0,0.0,0.0,,0.0
3,50980-1785615758534789600,50980,6144,32,16,14,2,0.5,0.5,0.5,-0.03930684179067612,0.07795216143131256,-1.6314719915390015,1.00496506690979,13,8,3,2,0.6153846153846154,0.6153846153846154,1.6153846153846154,1.0,0.051803529262542725,0.001953125,-0.007373047526925802,0.0017980542033910751,0.0030664061196148396,0.0068359375,0.68359375,-0.16025391221046448,0.0,0.0,0.0,0.0,-0.03930684179067612,0.0087890625,-0.0061569324461743236,0.7004423968742343,1.0,18.23125969928706,-0.0050094471662305295,1.8185900524258614,1.5311827659606934,0.1693989485502243,1.6417036056518555,1.7806026935577393,2.0085270404815674,2.1532208919525146,0.0,0.0,0.0,3.9434819519519806,0.00541604380850913,0.04052734375,3.096429817378521,0.00048976,0.005,0.0,0.0,0.0,0.0,0.0,0.0,0.0,0.0,0.0,,0.0,0.0,0.0,0.0,0.0,0.0,0.0,0.0,0.0,0.0,0.0,0.0,0.0,0.0,0.0,0.0,0.0,0.0,0.0,,,,,0.0,,0.9785885810852051,,,,,,,0.0,{},{},0.0,0.0,0.0,0.0,0.0,0.0,0.0,0,0,0.0,0.0,,0.0
4,50980-1785615758534789600,50980,8192,41,24,14,3,0.5853658536585366,0.5853658536585366,0.5853658536585366,-0.04168616235256195,0.07679501920938492,-2.0585060119628906,1.0838828086853027,9,8,0,1,0.8888888888888888,1.5555555555555556,2.2222222222222223,0.6666666666666666,0.093417227268219,0.003662109375,-0.008349609561264515,0.0006236537592485547,0.003176269354298711,0.00537109375,0.537109375,-0.16855469346046448,0.0,0.0,0.0,0.0,-0.04168616235256195,0.009033203125,-0.0073996287828776985,0.8190682321942699,1.0,18.65739469528083,-0.0015236605540849268,2.130111649632454,1.9218995571136475,0.17867425084114075,1.9465512037277222,2.0654592514038086,2.3588035106658936,2.484039783477783,0.0,0.0,0.0,4.130267187952995,0.011646634506178088,0.1116943359375,4.638467283919454,0.00048634666666666666,0.005,0.0,0.0,0.0,0.0,0.0,0.0,0.0,0.0,0.0,,0.0,0.0,0.0,0.0,0.0,0.0,0.0,0.0,0.0,0.0,0.0,0.0,0.0,0.0,0.0,0.0,0.0,0.0,0.0,,,,,0.0,,1.032015085220337,,,,,,,0.0,{},{},0.0,0.0,0.0,0.0,0.0,0.0,0.0,0,0,0.0,0.0,,0.0
5,50980-1785615758534789600,50980,10240,52,27,17,8,0.5192307692307693,0.52,0.5192307692307693,-0.044505611062049866,0.07344335317611694,-2.3579177856445312,0.9548707008361816,11,3,3,5,0.2727272727272727,0.0,1.0,1.0,0.08404958248138428,-0.001220703125,-0.01259765587747097,0.0004400006146170199,0.002702636644244194,0.0,0.0,-0.166015625,0.0,0.0,0.0,0.0,-0.044505611062049866,-0.001220703125,-0.011811996562755667,9.668467175898947,1.0,135.88867999334946,-0.00177007656020578,1.789063222706318,1.556919813156128,0.1708449125289917,1.6281189918518066,1.6936352252960205,2.003568649291992,2.1525590419769287,0.0,0.0,0.0,4.1325424015522,0.0052350540208863094,0.0272216796875,4.829394888132811,0.0004829333333333333,0.005,0.0,0.0,0.0,0.0,0.0,0.0,0.0,0.0,0.0,,0.0,0.0,0.0,0.0,0.0,0.0,0.0,0.0,0.0,0.0,0.0,0.0,0.0,0.0,0.0,0.0,0.0,0.0,0.0,,,,,0.0,,0.913861870765686,,,,,,,0.0,{},{},0.0,0.0,0.0,0.0,0.0,0.0,0.0,0,0,0.0,0.0,,0.0
6,50980-1785615758534789600,50980,12288,60,30,21,9,0.5,0.54,0.5,-0.04667269438505173,0.07004282623529434,-2.7804765701293945,1.0865076780319214,8,3,4,1,0.375,-0.25,1.25,1.5,0.16375744342803955,-0.000732421875,-0.01499023474752903,-0.000525628391187638,0.0027880859561264515,0.00146484375,0.146484375,-0.17412108182907104,0.0,0.0,0.0,0.0,-0.04667269438505173,0.000732421875,-0.014424620356294326,19.667562214849845,1.0,237.40917439784712,-0.007006389292655513,2.223156549036503,1.9354166984558105,0.2157842218875885,1.9727537631988525,2.122328519821167,2.4651827812194824,2.6169817447662354,0.0,0.0,0.0,4.217168435454369,0.0068711636267835274,0.0484619140625,6.885372579097748,0.00047952,0.005,0.0,0.0,0.0,0.0,0.0,0.0,0.0,0.0,0.0,,0.0,0.0,0.0,0.0,0.0,0.0,0.0,0.0,0.0,0.0,0.0,0.0,0.0,0.0,0.0,0.0,0.0,0.0,0.0,,,,,0.0,,0.9935709834098816,,,,,,,0.0,{},{},0.0,0.0,0.0,0.0,0.0,0.0,0.0,0,0,0.0,0.0,,0.0
7,50980-1785615758534789600,50980,14336,69,30,23,16,0.43478260869565216,0.44,0.43478260869565216,-0.04464655742049217,0.06603577733039856,-2.9034180641174316,0.8166635036468506,9,0,2,7,0.0,-0.3333333333333333,0.2222222222222222,0.5555555555555556,0.12425446510314941,-0.002685546875,-0.01249999925494194,-0.0001430725969839841,0.0020288084633648396,0.00146484375,0.146484375,-0.16630859673023224,0.0,0.0,0.0,0.0,-0.04464655742049217,-0.001220703125,-0.012028565288346726,9.845735058054082,1.0,136.12848598568678,-0.003159927699016407,1.4574774876236916,1.2112805843353271,0.1717548668384552,1.2377521991729736,1.4211883544921875,1.6938831806182861,1.748415231704712,0.0,0.0,0.0,4.059669271111488,0.003347025267430581,0.0157470703125,5.799298414960504,0.0004761066666666667,0.005,0.0,0.0,0.0,0.0,0.0,0.0,0.0,0.0,0.0,,0.0,0.0,0.0,0.0,0.0,0.0,0.0,0.0,0.0,0.0,0.0,0.0,0.0,0.0,0.0,0.0,0.0,0.0,0.0,,,,,0.0,,0.7642441391944885,,,,,,,0.0,{},{},0.0,0.0,0.0,0.0,0.0,0.0,0.0,0,0,0.0,0.0,,0.0
8,50980-1785615758534789600,50980,16384,80,35,27,18,0.4375,0.42,0.4375,-0.043451253324747086,0.07248575240373611,-3.040328025817871,0.962130606174469,11,5,4,2,0.45454545454545453,0.2727272727272727,1.1818181818181819,0.9090909090909091,0.23195374011993408,0.0,-0.01015624962747097,9.31538816075772e-05,0.0020751948468387127,0.00390625,0.390625,-0.16884765028953552,0.0,0.0,0.0,0.0,-0.043451253324747086,0.00390625,-0.009614162445359398,2.4605956735195846,1.0,43.21393570658021,-0.0025460994511377066,1.2271047085523605,1.0776115655899048,0.12526553869247437,1.099410057067871,1.1689574718475342,1.4213565587997437,1.457344889640808,0.0,0.0,0.0,4.159645512700081,0.005825947308039758,0.0435791015625,5.352902431041002,0.00047269333333333337,0.005,0.0,0.0,0.0,0.0,0.0,0.0,0.0,0.0,0.0,,0.0,0.0,0.0,0.0,0.0,0.0,0.0,0.0,0.0,0.0,0.0,0.0,0.0,0.0,0.0,0.0,0.0,0.0,0.0,,,,,0.0,,0.8431943655014038,,,,,,,0.0,{},{},0.0,0.0,0.0,0.0,0.0,0.0,0.0,0,0,0.0,0.0,,0.0
9,50980-1785615758534789600,50980,18432,88,36,31,21,0.4090909090909091,0.3,0.4090909090909091,-0.042573314160108566,0.07353658229112625,-3.327805995941162,0.87144535779953,8,1,4,3,0.125,-0.625,0.875,1.5,0.1806616187095642,-0.002197265625,-0.0074218749068677425,0.00031808356288820505,0.0027001951821148396,0.0009765625,0.09765625,-0.16357421875,0.0,0.0,0.0,0.0,-0.042573314160108566,-0.001220703125,-0.006667305220616981,5.457385746326041,1.0,133.8903170522708,-0.0002772551088128239,1.3541461825370789,1.0894960165023804,0.1651609241962433,1.1586449146270752,1.344740390777588,1.5375537872314453,1.6558995246887207,0.0,0.0,0.0,3.964541330933571,0.002485460565367248,0.009521484375,7.161773223429918,0.00046928,0.005,0.0,0.0,0.0,0.0,0.0,0.0,0.0,0.0,0.0,,0.0,0.0,0.0,0.0,0.0,0.0,0.0,0.0,0.0,0.0,0.0,0.0,0.0,0.0,0.0,0.0,0.0,0.0,0.0,,,,,0.0,,0.7888089418411255,,,,,,,0.0,{},{},0.0,0.0,0.0,0.0,0.0,0.0,0.0,0,0,0.0,0.0,,0.0
10,50980-1785615758534789600,50980,20480,98,41,34,23,0.41836734693877553,0.32,0.41836734693877553,-0.04374808445572853,0.07084360718727112,-3.6954398155212402,1.056044101715088,10,5,3,2,0.5,0.4,1.3,0.9,0.19625884294509888,0.00048828125,-0.011474609375,0.00025678472593426704,0.0021679685451090336,0.00439453125,0.439453125,-0.16962891817092896,0.0,0.0,0.0,0.0,-0.04374808445572853,0.0048828125,-0.010868421057239175,2.2253968712433525,1.0,34.73288914570921,-0.0037545804807450622,1.463104747235775,1.3046625852584839,0.12091948837041855,1.3340487480163574,1.4281941652297974,1.6270794868469238,1.7103323936462402,0.0,0.0,0.0,4.093061730265617,0.004008776588307228,0.0203857421875,6.248977467417717,0.00046586666666666664,0.005,0.0,0.0,0.0,0.0,0.0,0.0,0.0,0.0,0.0,,0.0,0.0,0.0,0.0,0.0,0.0,0.0,0.0,0.0,0.0,0.0,0.0,0.0,0.0,0.0,0.0,0.0,0.0,0.0,,,,,0.0,,0.9467605352401733,,,,,,,0.0,{},{},0.0,0.0,0.0,0.0,0.0,0.0,0.0,0,0,0.0,0.0,,0.0
11,50980-1785615758534789600,50980,22528,106,44,34,28,0.41509433962264153,0.32,0.41509433962264153,-0.04066217318177223,0.07159734517335892,-3.6319687366485596,1.1013209819793701,8,3,0,5,0.375,0.625,0.875,0.25,0.2125225067138672,0.000244140625,-0.00634765625,0.00029403340886346996,0.0024072264786809683,0.0048828125,0.48828125,-0.16249999403953552,0.0,0.0,0.0,0.0,-0.04066217318177223,0.005126953125,-0.0056723412781138904,1.106160906670513,1.0,31.68905605772976,-0.0019502094364725053,1.3870581835508347,1.2113831043243408,0.1326819509267807,1.2491705417633057,1.336824655532837,1.5737802982330322,1.6058757305145264,0.0,0.0,0.0,3.873270660638809,0.002757490292424336,0.0106201171875,7.128300964832306,0.00046245333333333336,0.005,0.0,0.0,0.0,0.0,0.0,0.0,0.0,0.0,0.0,,0.0,0.0,0.0,0.0,0.0,0.0,0.0,0.0,0.0,0.0,0.0,0.0,0.0,0.0,0.0,0.0,0.0,0.0,0.0,,,,,0.0,,0.9773114323616028,,,,,,,0.0,{},{},0.0,0.0,0.0,0.0,0.0,0.0,0.0,0,0,0.0,0.0,,0.0
12,50980-1785615758534789600,50980,24576,116,51,36,29,0.4396551724137931,0.42,0.4396551724137931,-0.03750675544142723,0.0728670135140419,-3.666964054107666,1.115971565246582,10,7,2,1,0.7,0.9,1.7,0.8,0.33059632778167725,0.002197265625,-0.00747070275247097,0.0002939585247077048,0.002880859188735485,0.006103515625,0.6103515625,-0.15205079317092896,0.0,0.0,0.0,0.0,-0.03750675544142723,0.00830078125,-0.006676998324110173,0.8042850230617885,1.0,18.31544202287057,-0.0027460476849228144,1.030535813421011,0.8725460767745972,0.09926392138004303,0.9078407883644104,1.0101230144500732,1.149425745010376,1.2488789558410645,0.0,0.0,0.0,3.652562975883484,0.0016471480339532718,0.004638671875,5.110268257558346,0.00045904,0.005,0.0,0.0,0.0,0.0,0.0,0.0,0.0,0.0,0.0,,0.0,0.0,0.0,0.0,0.0,0.0,0.0,0.0,0.0,0.0,0.0,0.0,0.0,0.0,0.0,0.0,0.0,0.0,0.0,,,,,0.0,,0.913055419921875,,,,,,,0.0,{},{},0.0,0.0,0.0,0.0,0.0,0.0,0.0,0,0,0.0,0.0,,0.0
13,50980-1785615758534789600,50980,26624,126,54,39,33,0.42857142857142855,0.42,0.42857142857142855,-0.04448855668306351,0.06574632227420807,-4.335048675537109,0.911069393157959,10,3,3,4,0.3,0.0,1.2,1.2,0.30299681425094604,-0.0009765625,-0.013427734375,-0.0006439395947381854,0.0014868160942569375,-0.00244140625,-0.244140625,-0.16240234673023224,0.0,0.0,0.0,0.0,-0.04448855668306351,-0.00341796875,-0.013217015250120312,3.8657900134712584,1.0,47.5003893294527,-0.0016989203868433833,1.254582054913044,1.1002707481384277,0.14404268562793732,1.106505274772644,1.2125420570373535,1.5183380842208862,1.5309126377105713,0.0,0.0,0.0,3.8377431482076645,0.0038233485611272044,0.021240234375,7.020410690456629,0.0004556266666666667,0.005,0.0,0.0,0.0,0.0,0.0,0.0,0.0,0.0,0.0,,0.0,0.0,0.0,0.0,0.0,0.0,0.0,0.0,0.0,0.0,0.0,0.0,0.0,0.0,0.0,0.0,0.0,0.0,0.0,,,,,0.0,,0.7606219053268433,,,,,,,0.0,{},{},0.0,0.0,0.0,0.0,0.0,0.0,0.0,0,0,0.0,0.0,,0.0
14,50980-1785615758534789600,50980,28672,134,55,42,37,0.41044776119402987,0.4,0.41044776119402987,-0.04633784294128418,0.06734906882047653,-4.600629806518555,1.0482157468795776,8,1,3,4,0.125,-0.375,0.75,1.125,0.3858901262283325,-0.001953125,-0.01494140550494194,-0.0005686855874955654,0.0018295036861672997,-0.00048828125,-0.048828125,-0.16914063692092896,0.0,0.0,0.0,0.0,-0.04633784294128418,-0.00244140625,-0.014626200980274007,5.988439056882534,1.0,69.25163941130963,-0.0032707985083106905,1.175932914018631,0.9570461511611938,0.1487920582294464,1.005134105682373,1.139202356338501,1.3798632621765137,1.386162281036377,0.0,0.0,0.0,4.024325579404831,0.003694335711770691,0.0164794921875,8.41446203365922,0.00045221333333333335,0.005,0.0,0.0,0.0,0.0,0.0,0.0,0.0,0.0,0.0,,0.0,0.0,0.0,0.0,0.0,0.0,0.0,0.0,0.0,0.0,0.0,0.0,0.0,0.0,0.0,0.0,0.0,0.0,0.0,,,,,0.0,,0.8214359283447266,,,,,,,0.0,{},{},0.0,0.0,0.0,0.0,0.0,0.0,0.0,0,0,0.0,0.0,,0.0
15,50980-1785615758534789600,50980,30720,144,58,45,41,0.4027777777777778,0.34,0.4027777777777778,-0.04245884716510773,0.06683579832315445,-4.676229953765869,1.0429844856262207,10,3,3,4,0.3,0.1,0.7,0.6,0.3963213562965393,-0.0009765625,-0.008984374813735485,-0.0007170913158915937,0.0013024727813899517,0.002197265625,0.2197265625,-0.1630859375,0.0,0.0,0.0,0.0,-0.04245884716510773,0.001220703125,-0.008838029447360896,7.234187476896972,1.0,133.49064446405507,-0.0012113787233829498,0.9522986710071564,0.7907736897468567,0.12193640321493149,0.8089450597763062,0.924906313419342,1.1339788436889648,1.1814429759979248,0.0,0.0,0.0,3.909730464220047,0.002286389048094861,0.008056640625,7.262494653463364,0.0004488,0.005,0.0,0.0,0.0,0.0,0.0,0.0,0.0,0.0,0.0,,0.0,0.0,0.0,0.0,0.0,0.0,0.0,0.0,0.0,0.0,0.0,0.0,0.0,0.0,0.0,0.0,0.0,0.0,0.0,,,,,0.0,,0.8103650808334351,,,,,,,0.0,{},{},0.0,0.0,0.0,0.0,0.0,0.0,0.0,0,0,0.0,0.0,,0.0
16,50980-1785615758534789600,50980,32768,154,62,48,44,0.4025974025974026,0.38,0.4025974025974026,-0.0440123975276947,0.07096966356039047,-4.7209272384643555,1.1777793169021606,10,4,3,3,0.4,-0.2,0.8,1.0,0.3383963108062744,-0.000244140625,-0.012451171875,-0.0002314429439138621,0.002475585089996457,0.00048828125,0.048828125,-0.16582031548023224,0.0,0.0,0.0,0.0,-0.0440123975276947,0.000244140625,-0.011890136338479351,48.503328807615425,1.0,676.4293575584717,-0.0015698142815381289,1.0862385258078575,0.9608743190765381,0.10596394538879395,0.9690702557563782,1.0678175687789917,1.2127403020858765,1.35020911693573,0.0,0.0,0.0,4.0596466809511185,0.0014631618541898206,0.0035400390625,6.41165816411376,0.0004453866666666667,0.005,0.0,0.0,0.0,0.0,0.0,0.0,0.0,0.0,0.0,,0.0,0.0,0.0,0.0,0.0,0.0,0.0,0.0,0.0,0.0,0.0,0.0,0.0,0.0,0.0,0.0,0.0,0.0,0.0,,,,,0.0,,0.9579941630363464,,,,,,,0.0,{},{},0.0,0.0,0.0,0.0,0.0,0.0,0.0,0,0,0.0,0.0,,0.0
17,50980-1785615758534789600,50980,34816,162,64,50,48,0.3950617283950617,0.3,0.3950617283950617,-0.04146747663617134,0.06946148723363876,-4.512609481811523,1.590440273284912,8,2,2,4,0.25,0.125,0.875,0.75,0.5554255247116089,-0.0009765625,-0.00869140587747097,0.0005145467584952712,0.0023436404298990965,0.00390625,0.390625,-0.16123045980930328,0.0,0.0,0.0,0.0,-0.04146747663617134,0.0029296875,-0.007976859080372378,2.7218388451079747,1.0,55.014551981165944,-0.003034264867892489,1.1573316901922226,1.0622072219848633,0.06453488767147064,1.0787265300750732,1.1531579494476318,1.2422493696212769,1.2965035438537598,0.0,0.0,0.0,3.8653539270162582,0.006080730505345855,0.048828125,5.9245384484529495,0.00044197333333333334,0.005,0.0,0.0,0.0,0.0,0.0,0.0,0.0,0.0,0.0,,0.0,0.0,0.0,0.0,0.0,0.0,0.0,0.0,0.0,0.0,0.0,0.0,0.0,0.0,0.0,0.0,0.0,0.0,0.0,,,,,0.0,,1.0604485273361206,,,,,,,0.0,{},{},0.0,0.0,0.0,0.0,0.0,0.0,0.0,0,0,0.0,0.0,,0.0
18,50980-1785615758534789600,50980,36864,172,70,51,51,0.4069767441860465,0.34,0.4069767441860465,-0.044661808758974075,0.06292088329792023,-5.03584098815918,1.2467412948608398,10,6,1,3,0.6,0.7,1.2,0.5,0.5367952585220337,0.001708984375,-0.01357421837747097,-0.0004143819969613105,0.0007421874906867743,0.001953125,0.1953125,-0.16933594644069672,0.0,0.0,0.0,0.0,-0.044661808758974075,0.003662109375,-0.013492267004039604,3.6832825948691754,1.0,46.22737928503615,-0.003865156031679362,0.901794258505106,0.7634195685386658,0.0627894178032875,0.8459025025367737,0.8951389193534851,0.9710226058959961,1.05312180519104,0.0,0.0,0.0,4.120450049638748,0.005257589771645144,0.0389404296875,5.904269196093082,0.00043856,0.005,0.0,0.0,0.0,0.0,0.0,0.0,0.0,0.0,0.0,,0.0,0.0,0.0,0.0,0.0,0.0,0.0,0.0,0.0,0.0,0.0,0.0,0.0,0.0,0.0,0.0,0.0,0.0,0.0,,,,,0.0,,0.8485216498374939,,,,,,,0.0,{},{},0.0,0.0,0.0,0.0,0.0,0.0,0.0,0,0,0.0,0.0,,0.0
19,50980-1785615758534789600,50980,38912,180,73,52,55,0.40555555555555556,0.38,0.40555555555555556,-0.04627601057291031,0.06522835791110992,-5.347062587738037,1.3633654117584229,8,3,1,4,0.375,0.5,0.875,0.375,0.5468882322311401,0.0,-0.015039063058793545,-0.00032542337430641055,0.001203598571009934,0.00341796875,0.341796875,-0.17412109673023224,0.0,0.0,0.0,0.0,-0.04627601057291031,0.00341796875,-0.014819519259617664,4.334499769738365,1.0,50.92795794937647,-0.0029578177782241255,1.1076534241437912,1.0206575393676758,0.06611738353967667,1.0342864990234375,1.096368670463562,1.186973214149475,1.2831568717956543,0.0,0.0,0.0,4.151073306798935,0.0011557048419490457,0.0023193359375,8.446040999144316,0.00043514666666666667,0.005,0.0,0.0,0.0,0.0,0.0,0.0,0.0,0.0,0.0,,0.0,0.0,0.0,0.0,0.0,0.0,0.0,0.0,0.0,0.0,0.0,0.0,0.0,0.0,0.0,0.0,0.0,0.0,0.0,,,,,0.0,,0.9177300930023193,,,,,,,0.0,{},{},0.0,0.0,0.0,0.0,0.0,0.0,0.0,0,0,0.0,0.0,,0.0
20,50980-1785615758534789600,50980,40960,190,77,54,59,0.4052631578947368,0.42,0.4052631578947368,-0.04601198062300682,0.06756395101547241,-5.237691879272461,1.3496943712234497,10,4,2,4,0.4,0.3,0.7,0.4,0.5598326325416565,0.0,-0.01333007775247097,-0.00015168357640504837,0.0013085936661809683,0.003662109375,0.3662109375,-0.17568358778953552,0.0,0.0,0.0,0.0,-0.04601198062300682,0.003662109375,-0.01304085023002699,3.5600493719975232,1.0,47.96023536412574,-0.0022346175101120025,1.001762818545103,0.8792556524276733,0.06035645306110382,0.9335284233093262,1.0030094385147095,1.0762946605682373,1.0845149755477905,0.0,0.0,0.0,4.288951486349106,0.0008300058834720403,0.0009765625,7.5658760368824005,0.00043173333333333333,0.005,0.0,0.0,0.0,0.0,0.0,0.0,0.0,0.0,0.0,,0.0,0.0,0.0,0.0,0.0,0.0,0.0,0.0,0.0,0.0,0.0,0.0,0.0,0.0,0.0,0.0,0.0,0.0,0.0,,,,,0.0,,0.8954563140869141,,,,,,,0.0,{},{},0.0,0.0,0.0,0.0,0.0,0.0,0.0,0,0,0.0,0.0,,0.0
21,50980-1785615758534789600,50980,43008,198,82,54,62,0.41414141414141414,0.46,0.41414141414141414,-0.04062291979789734,0.07669711112976074,-4.545341491699219,1.9198225736618042,8,5,0,3,0.625,1.125,1.625,0.5,0.6432697772979736,0.001708984375,-0.009228515438735485,0.0012086492497473955,0.003886718535795808,0.001220703125,0.1220703125,-0.15800780057907104,0.0,0.0,0.0,0.0,-0.04062291979789734,0.0029296875,-0.007954673492349684,2.714268748322598,1.0,53.91492630281155,-0.0026895246119238436,1.298325002193451,1.0636242628097534,0.10235816240310669,1.1986745595932007,1.291857361793518,1.4368492364883423,1.4808809757232666,0.0,0.0,0.0,3.913583368062973,0.0002439162490190938,0.0,3.6378274634480476,0.00042832000000000005,0.005,0.0,0.0,0.0,0.0,0.0,0.0,0.0,0.0,0.0,,0.0,0.0,0.0,0.0,0.0,0.0,0.0,0.0,0.0,0.0,0.0,0.0,0.0,0.0,0.0,0.0,0.0,0.0,0.0,,,,,0.0,,1.1466504335403442,,,,,,,0.0,{},{},0.0,0.0,0.0,0.0,0.0,0.0,0.0,0,0,0.0,0.0,,0.0
22,50980-1785615758534789600,50980,45056,210,91,54,65,0.43333333333333335,0.56,0.44,-0.04268687590956688,0.07353225350379944,-4.993613243103027,1.7792516946792603,12,9,0,3,0.75,0.8333333333333334,1.5,0.6666666666666666,0.7513821125030518,0.003662109375,-0.008740234188735485,0.00023932151088956743,0.0029492187313735485,0.0048828125,0.48828125,-0.17167969048023224,0.0,0.0,0.0,0.0,-0.04268687590956688,0.008544921875,-0.007943099128169706,0.9294607702190943,1.0,20.089077924110118,-0.002988250198541209,0.8449960872530937,0.761321485042572,0.05923416092991829,0.7796317338943481,0.8315317630767822,0.9283260107040405,0.9756791591644287,0.0,0.0,0.0,4.221217289566994,0.0007851086047594436,0.00048828125,5.972834683954716,0.00042490666666666666,0.005,0.0,0.0,0.0,0.0,0.0,0.0,0.0,0.0,0.0,,0.0,0.0,0.0,0.0,0.0,0.0,0.0,0.0,0.0,0.0,0.0,0.0,0.0,0.0,0.0,0.0,0.0,0.0,0.0,,,,,0.0,,0.8871632814407349,,,,,,,0.0,{},{},0.0,0.0,0.0,0.0,0.0,0.0,0.0,0,0,0.0,0.0,,0.0
23,50980-1785615758534789600,50980,47104,218,93,56,69,0.42660550458715596,0.5,0.43,-0.04375377297401428,0.06862824410200119,-5.520179271697998,1.3295198678970337,8,2,2,4,0.25,-0.125,1.0,1.125,0.6743025183677673,-0.0009765625,-0.00883788987994194,-0.0002460243122186512,0.0014282118063420057,0.004150390625,0.4150390625,-0.17050781846046448,0.0,0.0,0.0,0.0,-0.04375377297401428,0.003173828125,-0.008542343006411102,2.6906473894271365,1.0,53.70615723031132,-0.0027878799592144787,0.6399730779230595,0.5505586862564087,0.04842210188508034,0.5942400693893433,0.6307819485664368,0.6916683912277222,0.7425856590270996,0.0,0.0,0.0,4.159072354435921,0.0006411750218831003,0.0003662109375,6.0779712945222855,0.0004214933333333333,0.005,0.0,0.0,0.0,0.0,0.0,0.0,0.0,0.0,0.0,,0.0,0.0,0.0,0.0,0.0,0.0,0.0,0.0,0.0,0.0,0.0,0.0,0.0,0.0,0.0,0.0,0.0,0.0,0.0,,,,,0.0,,0.7587558031082153,,,,,,,0.0,{},{},0.0,0.0,0.0,0.0,0.0,0.0,0.0,0,0,0.0,0.0,,0.0
24,50980-1785615758534789600,50980,49152,229,97,56,76,0.42358078602620086,0.5,0.42,-0.04489082843065262,0.07057125866413116,-5.251360893249512,1.866365671157837,11,4,0,7,0.36363636363636365,0.6363636363636364,0.9090909090909091,0.2727272727272727,0.7467973232269287,0.000244140625,-0.013281249441206455,0.0004754265828523785,0.0023998874239623547,0.0029296875,0.29296875,-0.17080079019069672,0.0,0.0,0.0,0.0,-0.04489082843065262,0.003173828125,-0.012562420939502772,3.9568822137427584,1.0,53.798436786462794,-0.005574526177952066,0.9211927987635136,0.8258383274078369,0.05489365756511688,0.8330601453781128,0.9257537722587585,0.976699948310852,1.0243407487869263,0.0,0.0,0.0,4.15501394867897,0.0025260497859562747,0.0126953125,5.966774251312017,0.00041808000000000004,0.005,0.0,0.0,0.0,0.0,0.0,0.0,0.0,0.0,0.0,,0.0,0.0,0.0,0.0,0.0,0.0,0.0,0.0,0.0,0.0,0.0,0.0,0.0,0.0,0.0,0.0,0.0,0.0,0.0,,,,,0.0,,0.9391412138938904,,,,,,,0.0,{},{},0.0,0.0,0.0,0.0,0.0,0.0,0.0,0,0,0.0,0.0,,0.0
25,50980-1785615758534789600,50980,51200,238,103,58,77,0.4327731092436975,0.52,0.41,-0.04288025200366974,0.0746409147977829,-5.370692253112793,2.079878330230713,9,6,2,1,0.6666666666666666,0.7777777777777778,1.8888888888888888,1.1111111111111112,0.7758415341377258,0.001708984375,-0.01079101487994194,0.000898005673661828,0.0030786131974309683,0.005859375,0.5859375,-0.16972658038139343,0.0,0.0,0.0,0.0,-0.04288025200366974,0.007568359375,-0.009796860162168741,1.2942786406106845,1.0,22.422846105307748,-0.00649304297985509,0.9241174720227718,0.7436034679412842,0.07546617090702057,0.8402606248855591,0.953152060508728,0.998149573802948,1.0102828741073608,0.0,0.0,0.0,4.138931170105934,0.0031030606478452682,0.0166015625,4.611095055937767,0.0004146666666666667,0.005,0.0,0.0,0.0,0.0,0.0,0.0,0.0,0.0,0.0,,0.0,0.0,0.0,0.0,0.0,0.0,0.0,0.0,0.0,0.0,0.0,0.0,0.0,0.0,0.0,0.0,0.0,0.0,0.0,,,,,0.0,,0.9847263693809509,,,,,,,0.0,{},{},0.0,0.0,0.0,0.0,0.0,0.0,0.0,0,0,0.0,0.0,,0.0
26,50980-1785615758534789600,50980,53248,249,109,58,82,0.43775100401606426,0.52,0.415,-0.04569270461797714,0.07191311568021774,-5.558705806732178,2.07089900970459,11,6,0,5,0.5454545454545454,0.7272727272727273,1.0909090909090908,0.36363636363636365,0.7924811840057373,0.001708984375,-0.01206054724752903,2.258176391478628e-05,0.002114257775247097,0.004150390625,0.4150390625,-0.17763671278953552,0.0,0.0,0.0,0.0,-0.04569270461797714,0.005859375,-0.011526337362738559,1.9668259049529353,1.0,30.311492488029437,-0.007379812770523131,0.8782772235572338,0.7888292074203491,0.05959749594330788,0.8040353059768677,0.8703924417495728,0.9651041030883789,0.9820093512535095,0.0,0.0,0.0,4.288761526346207,0.006870158125821035,0.058837890625,4.5025918409228325,0.00041125333333333336,0.005,0.0,0.0,0.0,0.0,0.0,0.0,0.0,0.0,0.0,,0.0,0.0,0.0,0.0,0.0,0.0,0.0,0.0,0.0,0.0,0.0,0.0,0.0,0.0,0.0,0.0,0.0,0.0,0.0,,,,,0.0,,0.9433821439743042,,,,,,,0.0,{},{},0.0,0.0,0.0,0.0,0.0,0.0,0.0,0,0,0.0,0.0,,0.0
27,50980-1785615758534789600,50980,55296,257,112,59,86,0.4357976653696498,0.46,0.415,-0.041688576340675354,0.08194947242736816,-5.376293182373047,2.26134991645813,8,3,1,4,0.375,0.375,1.5,1.125,0.7360247373580933,0.0,-0.009228515438735485,0.0008909236639738083,0.003237304277718067,0.008056640625,0.8056640625,-0.16738282144069672,0.0,0.0,0.0,0.0,-0.041688576340675354,0.008056640625,-0.008196458453312516,1.0172280987416855,1.0,20.77318029317009,-0.018937463057227433,1.2727509289979935,1.0885239839553833,0.09489710628986359,1.1875367164611816,1.273626685142517,1.3595616817474365,1.5091171264648438,0.0,0.0,0.0,4.056933552026749,0.0067020270944340155,0.0548095703125,1.2944624088704586,0.00040783999999999997,0.005,0.0,0.0,0.0,0.0,0.0,0.0,0.0,0.0,0.0,,0.0,0.0,0.0,0.0,0.0,0.0,0.0,0.0,0.0,0.0,0.0,0.0,0.0,0.0,0.0,0.0,0.0,0.0,0.0,,,,,0.0,,1.1618481874465942,,,,,,,0.0,{},{},0.0,0.0,0.0,0.0,0.0,0.0,0.0,0,0,0.0,0.0,,0.0
28,50980-1785615758534789600,50980,57344,270,120,60,90,0.4444444444444444,0.52,0.445,-0.038611046969890594,0.07462029904127121,-4.747323513031006,2.362229108810425,13,8,1,4,0.6153846153846154,0.7692307692307693,1.4615384615384615,0.6923076923076923,0.7704603672027588,0.00244140625,-0.005273438058793545,0.0016793415416032076,0.0029003904201090336,0.0078125,0.78125,-0.16054686903953552,0.0,0.0,0.0,0.0,-0.038611046969890594,0.01025390625,-0.0041285050683654845,0.40258827996262614,1.0,15.655615480593548,-0.01481397490715608,1.237646870315075,1.0870180130004883,0.07496786117553711,1.1333907842636108,1.2679591178894043,1.296802043914795,1.3806990385055542,0.0,0.0,0.0,3.9125846922397614,0.007500188425183296,0.0665283203125,2.908521194010973,0.0004044266666666667,0.005,0.0,0.0,0.0,0.0,0.0,0.0,0.0,0.0,0.0,,0.0,0.0,0.0,0.0,0.0,0.0,0.0,0.0,0.0,0.0,0.0,0.0,0.0,0.0,0.0,0.0,0.0,0.0,0.0,,,,,0.0,,1.1317509412765503,,,,,,,0.0,{},{},0.0,0.0,0.0,0.0,0.0,0.0,0.0,0,0,0.0,0.0,,0.0
29,50980-1785615758534789600,50980,59392,279,127,61,91,0.4551971326164875,0.6,0.465,-0.040794488042593,0.0779925063252449,-4.888835430145264,2.370279550552368,9,7,1,1,0.7777777777777778,1.3333333333333333,2.2222222222222223,0.8888888888888888,0.6991856694221497,0.002685546875,-0.0067382813431322575,0.0006890505319461226,0.002917340025305748,0.008544921875,0.8544921875,-0.16845703125,0.0,0.0,0.0,0.0,-0.040794488042593,0.01123046875,-0.00583668370381929,0.5196723450634442,1.0,14.998664466746614,-0.017723179247695953,1.6744812577962875,1.5307855606079102,0.07158813625574112,1.5480095148086548,1.7041172981262207,1.728247880935669,1.7741466760635376,0.0,0.0,0.0,4.084915831685066,0.008274293249996845,0.0660400390625,4.819103129208088,0.00040101333333333335,0.005,0.0,0.0,0.0,0.0,0.0,0.0,0.0,0.0,0.0,,0.0,0.0,0.0,0.0,0.0,0.0,0.0,0.0,0.0,0.0,0.0,0.0,0.0,0.0,0.0,0.0,0.0,0.0,0.0,,,,,0.0,,1.3000165224075317,,,,,,,0.0,{},{},0.0,0.0,0.0,0.0,0.0,0.0,0.0,0,0,0.0,0.0,,0.0
30,50980-1785615758534789600,50980,61440,289,135,61,93,0.4671280276816609,0.62,0.49,-0.04200669005513191,0.0740227922797203,-5.428704261779785,2.1807475090026855,10,8,0,2,0.8,1.1,1.5,0.4,0.7741144895553589,0.00341796875,-0.009179688058793545,0.0007373536936938763,0.002683396451175213,0.006103515625,0.6103515625,-0.16953124105930328,0.0,0.0,0.0,0.0,-0.04200669005513191,0.009521484375,-0.008324500522576272,0.8741941907965874,1.0,17.803257467597923,-0.013564320048317313,1.0630398280918598,0.9684748649597168,0.0683952122926712,0.9827452898025513,1.0513982772827148,1.1509885787963867,1.2004895210266113,0.0,0.0,0.0,4.07290107011795,0.004557556181680411,0.037109375,4.536644302308559,0.0003976,0.005,0.0,0.0,0.0,0.0,0.0,0.0,0.0,0.0,0.0,,0.0,0.0,0.0,0.0,0.0,0.0,0.0,0.0,0.0,0.0,0.0,0.0,0.0,0.0,0.0,0.0,0.0,0.0,0.0,,,,,0.0,,1.0364528894424438,,,,,,,0.0,{},{},0.0,0.0,0.0,0.0,0.0,0.0,0.0,0,0,0.0,0.0,,0.0
31,50980-1785615758534789600,50980,63488,298,143,61,94,0.4798657718120805,0.68,0.51,-0.04333215579390526,0.0735912024974823,-5.7210845947265625,2.4325575828552246,9,8,0,1,0.8888888888888888,1.5555555555555556,1.8888888888888888,0.3333333333333333,0.8032673597335815,0.003662109375,-0.00800781324505806,0.0008443468250334263,0.0021118163131177425,0.006591796875,0.6591796875,-0.17656248807907104,0.0,0.0,0.0,0.0,-0.04333215579390526,0.01025390625,-0.0072687724605202675,0.7088092551329046,1.0,17.217367353218958,-0.012652971723582596,1.1140161380171776,1.0257445573806763,0.04837141931056976,1.072993516921997,1.1139789819717407,1.1638827323913574,1.2440807819366455,0.0,0.0,0.0,4.192895889282227,0.008318529522512108,0.06591796875,3.977024585008621,0.0003941866666666667,0.005,0.0,0.0,0.0,0.0,0.0,0.0,0.0,0.0,0.0,,0.0,0.0,0.0,0.0,0.0,0.0,0.0,0.0,0.0,0.0,0.0,0.0,0.0,0.0,0.0,0.0,0.0,0.0,0.0,,,,,0.0,,1.0789501667022705,,,,,,,0.0,{},{},0.0,0.0,0.0,0.0,0.0,0.0,0.0,0,0,0.0,0.0,,0.0
32,50980-1785615758534789600,50980,65536,309,149,62,98,0.48220064724919093,0.72,0.51,-0.04427028447389603,0.07652400434017181,-5.400948524475098,2.7652509212493896,11,6,1,4,0.5454545454545454,0.7272727272727273,1.4545454545454546,0.7272727272727273,0.8086122274398804,0.00146484375,-0.012744140811264515,0.001215255237184465,0.003867187537252903,0.005615234375,0.5615234375,-0.17324219644069672,0.0,0.0,0.0,0.0,-0.04427028447389603,0.007080078125,-0.011473530117655173,1.6203083647880487,1.0,24.465511237485,-0.01133863630820997,1.438798502087593,1.3040776252746582,0.09507323801517487,1.3146635293960571,1.4379713535308838,1.5731514692306519,1.6051995754241943,0.0,0.0,0.0,4.155026495456696,0.003952004357415717,0.027587890625,4.305050976574421,0.0003907733333333333,0.005,0.0,0.0,0.0,0.0,0.0,0.0,0.0,0.0,0.0,,0.0,0.0,0.0,0.0,0.0,0.0,0.0,0.0,0.0,0.0,0.0,0.0,0.0,0.0,0.0,0.0,0.0,0.0,0.0,,,,,0.0,,1.2097389698028564,,,,,,,0.0,{},{},0.0,0.0,0.0,0.0,0.0,0.0,0.0,0,0,0.0,0.0,,0.0
33,50980-1785615758534789600,50980,67584,318,157,62,99,0.4937106918238994,0.76,0.525,-0.04049104079604149,0.07721369713544846,-5.006095886230469,2.681755304336548,9,8,0,1,0.8888888888888888,1.0,1.8888888888888888,0.8888888888888888,0.769519567489624,0.003662109375,-0.007958984933793545,0.0015611322596669197,0.0034106445964425802,0.0078125,0.78125,-0.16679687798023224,0.0,0.0,0.0,0.0,-0.04049104079604149,0.011474609375,-0.00671604071976617,0.5852448005416854,1.0,14.534903771089041,-0.017119338968768716,1.6319228932261467,1.475304365158081,0.08092047274112701,1.5224111080169678,1.6377627849578857,1.7214372158050537,1.7735904455184937,0.0,0.0,0.0,4.045396149158478,0.005987309086776804,0.047607421875,2.9975207149982452,0.00038736,0.005,0.0,0.0,0.0,0.0,0.0,0.0,0.0,0.0,0.0,,0.0,0.0,0.0,0.0,0.0,0.0,0.0,0.0,0.0,0.0,0.0,0.0,0.0,0.0,0.0,0.0,0.0,0.0,0.0,,,,,0.0,,1.2874672412872314,,,,,,,0.0,{},{},0.0,0.0,0.0,0.0,0.0,0.0,0.0,0,0,0.0,0.0,,0.0
34,50980-1785615758534789600,50980,69632,328,164,63,101,0.5,0.76,0.55,-0.04414542391896248,0.07440021634101868,-5.757226943969727,2.2776947021484375,10,7,1,2,0.7,1.2,1.9,0.7,0.722261905670166,0.00244140625,-0.010986328125,0.00024229564587585628,0.0020458982326090336,0.006103515625,0.6103515625,-0.17490234971046448,0.0,0.0,0.0,0.0,-0.04414542391896248,0.008544921875,-0.010414279655378778,1.2186256565069264,1.0,20.466176998659314,-0.0225941757671535,1.3950211852788925,1.2231489419937134,0.07970903813838959,1.3041801452636719,1.397925615310669,1.4817595481872559,1.5189883708953857,0.0,0.0,0.0,4.141684055328369,0.011127189834951423,0.0970458984375,2.6501362435519695,0.00038394666666666667,0.005,0.0,0.0,0.0,0.0,0.0,0.0,0.0,0.0,0.0,,0.0,0.0,0.0,0.0,0.0,0.0,0.0,0.0,0.0,0.0,0.0,0.0,0.0,0.0,0.0,0.0,0.0,0.0,0.0,,,,,0.0,,1.2003648281097412,,,,,,,0.0,{},{},0.0,0.0,0.0,0.0,0.0,0.0,0.0,0,0,0.0,0.0,,0.0
35,50980-1785615758534789600,50980,71680,338,171,63,104,0.5059171597633136,0.74,0.58,-0.04266580194234848,0.07181976735591888,-5.8778486251831055,1.9815921783447266,10,7,0,3,0.7,1.1,1.4,0.3,0.6722712516784668,0.002685546875,-0.01030273549258709,0.000553211139049381,0.0018505859188735485,0.00634765625,0.634765625,-0.17021486163139343,0.0,0.0,0.0,0.0,-0.04266580194234848,0.009033203125,-0.009701786228106357,1.0738950734081882,1.0,18.84115945548805,-0.01783929782686755,1.2660359293222427,1.1745493412017822,0.07460203766822815,1.1886396408081055,1.2424297332763672,1.3869142532348633,1.445366382598877,0.0,0.0,0.0,4.040723025798798,0.006630604293604847,0.0562744140625,3.2529726400971413,0.00038053333333333333,0.005,0.0,0.0,0.0,0.0,0.0,0.0,0.0,0.0,0.0,,0.0,0.0,0.0,0.0,0.0,0.0,0.0,0.0,0.0,0.0,0.0,0.0,0.0,0.0,0.0,0.0,0.0,0.0,0.0,,,,,0.0,,1.1344139575958252,,,,,,,0.0,{},{},0.0,0.0,0.0,0.0,0.0,0.0,0.0,0,0,0.0,0.0,,0.0
36,50980-1785615758534789600,50980,73728,347,176,65,106,0.5072046109510087,0.68,0.59,-0.04188530519604683,0.07263530790805817,-5.102102279663086,2.4072117805480957,9,5,2,2,0.5555555555555556,0.4444444444444444,1.3333333333333333,0.8888888888888888,0.7991478443145752,0.0009765625,-0.009033203125,0.0009298595832660794,0.002993163652718067,0.00341796875,0.341796875,-0.16455078125,0.0,0.0,0.0,0.0,-0.04188530519604683,0.00439453125,-0.008052447316003963,1.831962249387708,1.0,37.43592569157596,-0.02113804643830428,1.127667867220365,1.010598063468933,0.07089982181787491,1.0201637744903564,1.1502785682678223,1.2118133306503296,1.246009111404419,0.0,0.0,0.0,3.9199871099912205,0.01151339913933323,0.09735576923076923,1.6326660788976228,0.00037712,0.005,0.0,0.0,0.0,0.0,0.0,0.0,0.0,0.0,0.0,,0.0,0.0,0.0,0.0,0.0,0.0,0.0,0.0,0.0,0.0,0.0,0.0,0.0,0.0,0.0,0.0,0.0,0.0,0.0,,,,,0.0,,1.0788289308547974,,,,,,,0.0,{},{},0.0,0.0,0.0,0.0,0.0,0.0,0.0,0,0,0.0,0.0,,0.0
37,50980-1785615758534789600,50980,75776,356,183,66,107,0.5140449438202247,0.72,0.605,-0.03896113485097885,0.07339660823345184,-5.684000015258789,2.5868794918060303,9,7,1,1,0.7777777777777778,1.2222222222222223,2.111111111111111,0.8888888888888888,0.7914202213287354,0.002685546875,-0.0033691406715661287,0.0013179240049794316,0.002323853550478816,0.00927734375,0.927734375,-0.16523438692092896,0.0,0.0,0.0,0.0,-0.03896113485097885,0.011962890625,-0.002458696282701567,0.20550975930554088,1.0,13.8110913999541,-0.016440432111267,1.3772501274943352,1.2787673473358154,0.06735406070947647,1.297984004020691,1.3789288997650146,1.4448310136795044,1.5119361877441406,0.0,0.0,0.0,3.924498066306114,0.007411742291878909,0.0557861328125,5.498365178704262,0.00037370666666666666,0.005,0.0,0.0,0.0,0.0,0.0,0.0,0.0,0.0,0.0,,0.0,0.0,0.0,0.0,0.0,0.0,0.0,0.0,0.0,0.0,0.0,0.0,0.0,0.0,0.0,0.0,0.0,0.0,0.0,,,,,0.0,,1.1814417839050293,,,,,,,0.0,{},{},0.0,0.0,0.0,0.0,0.0,0.0,0.0,0,0,0.0,0.0,,0.0
38,50980-1785615758534789600,50980,77824,367,193,66,108,0.5258855585831063,0.74,0.63,-0.0408259779214859,0.07381048798561096,-5.931607246398926,2.474236011505127,11,10,0,1,0.9090909090909091,1.3636363636363635,1.7272727272727273,0.36363636363636365,0.7601379752159119,0.004638671875,-0.0071777342818677425,0.000801578164100647,0.002670898102223873,0.008056640625,0.8056640625,-0.16962891817092896,0.0,0.0,0.0,0.0,-0.0408259779214859,0.0126953125,-0.0063096152152866125,0.4969643914551263,1.0,13.36048700525676,-0.025802238145843148,1.4267684891819954,1.2441835403442383,0.10380423069000244,1.2680623531341553,1.434898853302002,1.5203125476837158,1.6264081001281738,0.0,0.0,0.0,4.015130922198296,0.007422890710586216,0.063720703125,2.8423335887491703,0.0003702933333333334,0.005,0.0,0.0,0.0,0.0,0.0,0.0,0.0,0.0,0.0,,0.0,0.0,0.0,0.0,0.0,0.0,0.0,0.0,0.0,0.0,0.0,0.0,0.0,0.0,0.0,0.0,0.0,0.0,0.0,,,,,0.0,,1.2117747068405151,,,,,,,0.0,{},{},0.0,0.0,0.0,0.0,0.0,0.0,0.0,0,0,0.0,0.0,,0.0
39,50980-1785615758534789600,50980,79872,376,198,67,111,0.526595744680851,0.7,0.635,-0.045233793556690216,0.07129016518592834,-6.4484405517578125,2.0197832584381104,9,5,1,3,0.5555555555555556,0.7777777777777778,1.3333333333333333,0.5555555555555556,0.6512285470962524,0.001220703125,-0.01064453087747097,5.111127393320203e-05,0.002026366302743554,0.004638671875,0.4638671875,-0.17714844644069672,0.0,0.0,0.0,0.0,-0.045233793556690216,0.005859375,-0.010125161483301781,1.7277326934371573,1.0,30.228175917189038,-0.009556977209285833,1.468998670578003,1.2590100765228271,0.12078721076250076,1.3084166049957275,1.5034215450286865,1.6048493385314941,1.6446716785430908,0.0,0.0,0.0,4.1001159101724625,0.011803474371845368,0.0977783203125,7.302183851599693,0.00036688,0.005,0.0,0.0,0.0,0.0,0.0,0.0,0.0,0.0,0.0,,0.0,0.0,0.0,0.0,0.0,0.0,0.0,0.0,0.0,0.0,0.0,0.0,0.0,0.0,0.0,0.0,0.0,0.0,0.0,,,,,0.0,,1.1928209066390991,,,,,,,0.0,{},{},0.0,0.0,0.0,0.0,0.0,0.0,0.0,0,0,0.0,0.0,,0.0
40,50980-1785615758534789600,50980,81920,389,205,69,115,0.5269922879177378,0.68,0.64,-0.043714139610528946,0.07251099497079849,-5.72542667388916,2.625774621963501,13,7,2,4,0.5384615384615384,0.38461538461538464,1.2307692307692308,0.8461538461538461,0.8262544274330139,0.00146484375,-0.011425781063735485,0.00019862886983901262,0.0031030159443616867,0.000732421875,0.0732421875,-0.16728515923023224,0.0,0.0,0.0,0.0,-0.043714139610528946,0.002197265625,-0.01060036986018531,4.822151490534867,1.0,76.09870132515593,-0.01800461462698877,1.2023529186844826,1.047762393951416,0.10572008043527603,1.0742719173431396,1.2251145839691162,1.3216108083724976,1.4278364181518555,0.0,0.0,0.0,3.9466720521450043,0.016848686056619044,0.1435546875,4.779522389173508,0.00036346666666666665,0.005,0.0,0.0,0.0,0.0,0.0,0.0,0.0,0.0,0.0,,0.0,0.0,0.0,0.0,0.0,0.0,0.0,0.0,0.0,0.0,0.0,0.0,0.0,0.0,0.0,0.0,0.0,0.0,0.0,,,,,0.0,,1.0944963693618774,,,,,,,0.0,{},{},0.0,0.0,0.0,0.0,0.0,0.0,0.0,0,0,0.0,0.0,,0.0
41,50980-1785615758534789600,50980,83968,396,210,71,115,0.5303030303030303,0.7,0.65,-0.04439930245280266,0.0708862915635109,-6.164760589599609,2.4596121311187744,7,5,2,0,0.7142857142857143,0.8571428571428571,1.5714285714285714,0.7142857142857143,0.78851318359375,0.00146484375,-0.01376953162252903,0.0006648098351433873,0.002626952948048711,0.005615234375,0.5615234375,-0.17236328125,0.0,0.0,0.0,0.0,-0.04439930245280266,0.007080078125,-0.012946590926731005,1.8283361231424071,1.0,24.341389574769025,-0.029683396103791893,1.2420699894428253,1.1426341533660889,0.05635591968894005,1.1852163076400757,1.2200427055358887,1.3251838684082031,1.3429017066955566,0.0,0.0,0.0,4.001821264624596,0.012719433463644236,0.110107421875,3.3419916667044163,0.00036005333333333336,0.005,0.0,0.0,0.0,0.0,0.0,0.0,0.0,0.0,0.0,,0.0,0.0,0.0,0.0,0.0,0.0,0.0,0.0,0.0,0.0,0.0,0.0,0.0,0.0,0.0,0.0,0.0,0.0,0.0,,,,,0.0,,1.1311190128326416,,,,,,,0.0,{},{},0.0,0.0,0.0,0.0,0.0,0.0,0.0,0,0,0.0,0.0,,0.0
42,50980-1785615758534789600,50980,86016,407,219,71,117,0.538083538083538,0.7,0.65,-0.0435706228017807,0.07329920679330826,-6.12913703918457,2.45285964012146,11,9,0,2,0.8181818181818182,1.1818181818181819,1.5454545454545454,0.36363636363636365,0.774303674697876,0.00390625,-0.01157226599752903,0.000689528591465205,0.002548827789723873,0.005615234375,0.5615234375,-0.17333984375,0.0,0.0,0.0,0.0,-0.0435706228017807,0.009521484375,-0.01076267690223176,1.1302383368029167,1.0,18.203216400657,0.00011045404244214296,1.4351891428232193,1.2380728721618652,0.10442527383565903,1.3142229318618774,1.4703946113586426,1.546557903289795,1.5560500621795654,0.0,0.0,0.0,4.045022398233414,0.015075749441166408,0.142578125,8.7609361410141,0.00035664000000000003,0.005,0.0,0.0,0.0,0.0,0.0,0.0,0.0,0.0,0.0,,0.0,0.0,0.0,0.0,0.0,0.0,0.0,0.0,0.0,0.0,0.0,0.0,0.0,0.0,0.0,0.0,0.0,0.0,0.0,,,,,0.0,,1.1652923822402954,,,,,,,0.0,{},{},0.0,0.0,0.0,0.0,0.0,0.0,0.0,0,0,0.0,0.0,,0.0
43,50980-1785615758534789600,50980,88064,416,222,74,120,0.5336538461538461,0.6,0.645,-0.041291333734989166,0.07111000269651413,-6.454734802246094,2.659414529800415,9,3,3,3,0.3333333333333333,0.3333333333333333,1.4444444444444444,1.1111111111111112,0.7547215223312378,-0.000732421875,-0.00742187537252903,0.0001096506166504696,0.002414550632238388,0.00439453125,0.439453125,-0.16269531846046448,0.0,0.0,0.0,0.0,-0.041291333734989166,0.003662109375,-0.006790825060306815,1.8538417407497736,1.0,44.41454016383676,-0.020451654214411974,1.710675723850727,1.4667372703552246,0.12364722043275833,1.5464481115341187,1.7310218811035156,1.82877779006958,1.984774112701416,0.0,0.0,0.0,3.781195193529129,0.006852836013422348,0.05126953125,6.508978925645351,0.0003532266666666667,0.005,0.0,0.0,0.0,0.0,0.0,0.0,0.0,0.0,0.0,,0.0,0.0,0.0,0.0,0.0,0.0,0.0,0.0,0.0,0.0,0.0,0.0,0.0,0.0,0.0,0.0,0.0,0.0,0.0,,,,,0.0,,1.3170909881591797,,,,,,,0.0,{},{},0.0,0.0,0.0,0.0,0.0,0.0,0.0,0,0,0.0,0.0,,0.0
44,50980-1785615758534789600,50980,90112,426,227,74,125,0.5328638497652582,0.58,0.655,-0.04154457151889801,0.07450851798057556,-6.421796798706055,2.2453951835632324,10,5,0,5,0.5,0.6,0.9,0.3,0.7793468832969666,0.001220703125,-0.01162109337747097,-7.033950532786548e-05,0.00250244140625,0.008544921875,0.8544921875,-0.16533203423023224,0.0,0.0,0.0,0.0,-0.04154457151889801,0.009765625,-0.011013067902240437,1.127622684626515,1.0,16.928266850650274,-0.03250862710410729,1.0722160302102566,0.9661490321159363,0.06711862981319427,0.9760910272598267,1.0676451921463013,1.158890962600708,1.166732668876648,0.0,0.0,0.0,3.8395749777555466,0.009603135491488501,0.0828857421875,2.7717024460434914,0.0003498133333333333,0.005,0.0,0.0,0.0,0.0,0.0,0.0,0.0,0.0,0.0,,0.0,0.0,0.0,0.0,0.0,0.0,0.0,0.0,0.0,0.0,0.0,0.0,0.0,0.0,0.0,0.0,0.0,0.0,0.0,,,,,0.0,,1.0547457933425903,,,,,,,0.0,{},{},0.0,0.0,0.0,0.0,0.0,0.0,0.0,0,0,0.0,0.0,,0.0
45,50980-1785615758534789600,50980,92160,436,231,79,126,0.5298165137614679,0.56,0.645,-0.04408816993236542,0.06964883208274841,-6.538496971130371,2.465350389480591,10,4,5,1,0.4,0.0,1.1,1.1,0.8445464968681335,-0.000732421875,-0.012744140811264515,0.00018326734425500035,0.002170410007238388,0.002197265625,0.2197265625,-0.16640624403953552,0.0,0.0,0.0,0.0,-0.04408816993236542,0.00146484375,-0.012155721473391168,8.292644747021072,1.0,113.5224979057526,-0.017809667449910194,0.9612333178520203,0.8055485486984253,0.07369881123304367,0.8921158909797668,0.9597342014312744,1.052396535873413,1.0707080364227295,0.0,0.0,0.0,3.9080248922109604,0.005895208028960042,0.0440673828125,5.437127485871315,0.00034640000000000007,0.005,0.0,0.0,0.0,0.0,0.0,0.0,0.0,0.0,0.0,,0.0,0.0,0.0,0.0,0.0,0.0,0.0,0.0,0.0,0.0,0.0,0.0,0.0,0.0,0.0,0.0,0.0,0.0,0.0,,,,,0.0,,0.9720282554626465,,,,,,,0.0,{},{},0.0,0.0,0.0,0.0,0.0,0.0,0.0,0,0,0.0,0.0,,0.0
46,50980-1785615758534789600,50980,94208,442,234,79,129,0.5294117647058824,0.52,0.64,-0.042746372520923615,0.06834416091442108,-6.510462760925293,2.575429916381836,6,3,0,3,0.5,0.6666666666666666,0.8333333333333334,0.16666666666666666,0.7704930305480957,0.000732421875,-0.008349609561264515,0.00047567463479936123,0.002641601487994194,0.003662109375,0.3662109375,-0.16835936903953552,0.0,0.0,0.0,0.0,-0.042746372520923615,0.00439453125,-0.007570290530566126,1.7222697553489412,1.0,38.302393832266695,-0.02213746338384226,1.5099947303533554,1.3136584758758545,0.10368518531322479,1.3532991409301758,1.5199326276779175,1.6221141815185547,1.6745320558547974,0.0,0.0,0.0,3.8898151516914368,0.008208534753066488,0.068115234375,5.468369919806719,0.0003429866666666667,0.005,0.0,0.0,0.0,0.0,0.0,0.0,0.0,0.0,0.0,,0.0,0.0,0.0,0.0,0.0,0.0,0.0,0.0,0.0,0.0,0.0,0.0,0.0,0.0,0.0,0.0,0.0,0.0,0.0,,,,,0.0,,1.2338082790374756,,,,,,,0.0,{},{},0.0,0.0,0.0,0.0,0.0,0.0,0.0,0,0,0.0,0.0,,0.0
47,50980-1785615758534789600,50980,96256,456,242,81,133,0.5307017543859649,0.48,0.65,-0.039963655173778534,0.0734313353896141,-5.871248722076416,2.5310676097869873,14,8,2,4,0.5714285714285714,0.6428571428571429,1.4285714285714286,0.7857142857142857,0.7874965071678162,0.001953125,-0.007275390438735485,0.0006830001366324723,0.0027490234933793545,0.004638671875,0.4638671875,-0.16044923663139343,0.0,0.0,0.0,0.0,-0.039963655173778534,0.006591796875,-0.006417384531232528,0.9733933341048867,1.0,24.337051432574803,-0.021583935886155814,1.3455815985798836,1.1838322877883911,0.07762845605611801,1.2658522129058838,1.332023024559021,1.4419190883636475,1.4951591491699219,0.0,0.0,0.0,3.7115484178066254,0.011565067965420894,0.101806640625,5.186518430709839,0.00033957333333333334,0.005,0.0,0.0,0.0,0.0,0.0,0.0,0.0,0.0,0.0,,0.0,0.0,0.0,0.0,0.0,0.0,0.0,0.0,0.0,0.0,0.0,0.0,0.0,0.0,0.0,0.0,0.0,0.0,0.0,,,,,0.0,,1.166774034500122,,,,,,,0.0,{},{},0.0,0.0,0.0,0.0,0.0,0.0,0.0,0,0,0.0,0.0,,0.0
48,50980-1785615758534789600,50980,98304,465,247,83,135,0.5311827956989247,0.52,0.655,-0.04081736505031586,0.07601861655712128,-6.165513515472412,2.6632344722747803,9,5,2,2,0.5555555555555556,0.3333333333333333,1.4444444444444444,1.1111111111111112,0.876711368560791,0.0009765625,-0.008886718191206455,0.000324703985825181,0.0025244138669222593,0.00927734375,0.927734375,-0.16611328721046448,0.0,0.0,0.0,0.0,-0.04081736505031586,0.01025390625,-0.008174438728019595,0.7971246668412592,1.0,16.198420849577683,-0.011822517844848335,0.923881784081459,0.8328564167022705,0.05209684371948242,0.8674904704093933,0.9281343817710876,0.9729576706886292,1.0574679374694824,0.0,0.0,0.0,3.8275256901979446,0.006814079351897817,0.0560302734375,6.376337096095085,0.00033616,0.005,0.0,0.0,0.0,0.0,0.0,0.0,0.0,0.0,0.0,,0.0,0.0,0.0,0.0,0.0,0.0,0.0,0.0,0.0,0.0,0.0,0.0,0.0,0.0,0.0,0.0,0.0,0.0,0.0,,,,,0.0,,0.9351277947425842,,,,,,,0.0,{},{},0.0,0.0,0.0,0.0,0.0,0.0,0.0,0,0,0.0,0.0,,0.0
49,50980-1785615758534789600,50980,100352,473,249,84,140,0.5264270613107822,0.46,0.635,-0.03933738172054291,0.0735650509595871,-5.758039474487305,2.5634124279022217,8,2,1,5,0.25,0.125,1.0,0.875,0.8355859518051147,-0.000732421875,-0.00537109375,0.0007601084653288126,0.0033984375186264515,0.006103515625,0.6103515625,-0.15898437798023224,0.0,0.0,0.0,0.0,-0.03933738172054291,0.00537109375,-0.004331457254011184,0.8062884706751784,1.0,29.594490598797208,-0.021026910457294434,1.0873553678393364,0.9518898129463196,0.07910071313381195,0.9924782514572144,1.0899505615234375,1.2058815956115723,1.208547592163086,0.0,0.0,0.0,3.7164693027734756,0.006454854956245981,0.0457763671875,5.637134239077568,0.0003327466666666666,0.005,0.0,0.0,0.0,0.0,0.0,0.0,0.0,0.0,0.0,,0.0,0.0,0.0,0.0,0.0,0.0,0.0,0.0,0.0,0.0,0.0,0.0,0.0,0.0,0.0,0.0,0.0,0.0,0.0,,,,,0.0,,1.0394123792648315,,,,,,,0.0,{},{},0.0,0.0,0.0,0.0,0.0,0.0,0.0,0,0,0.0,0.0,,0.0
50,50980-1785615758534789600,50980,102400,486,257,85,144,0.5288065843621399,0.52,0.625,-0.045264773070812225,0.07304714620113373,-6.529312610626221,2.5594871044158936,13,8,1,4,0.6153846153846154,0.6923076923076923,1.4615384615384615,0.7692307692307693,0.8627893328666687,0.00244140625,-0.013720703311264515,-0.000456765090348199,0.0027294920291751623,-0.0009765625,-0.09765625,-0.17060548067092896,0.0,0.0,0.0,0.0,-0.045264773070812225,0.00146484375,-0.013152521576557774,8.972662725176388,1.0,116.38722112839719,-0.019711722154170275,0.969524297863245,0.8200608491897583,0.07147838920354843,0.8969546556472778,0.9683892130851746,1.0410230159759521,1.107625961303711,0.0,0.0,0.0,3.8486353904008865,0.010450329158629756,0.083251953125,5.525430649518967,0.0003293333333333334,0.005,0.0,0.0,0.0,0.0,0.0,0.0,0.0,0.0,0.0,,0.0,0.0,0.0,0.0,0.0,0.0,0.0,0.0,0.0,0.0,0.0,0.0,0.0,0.0,0.0,0.0,0.0,0.0,0.0,,,,,0.0,,0.9480841159820557,,,,,,,0.0,{},{},0.0,0.0,0.0,0.0,0.0,0.0,0.0,0,0,0.0,0.0,,0.0
51,50980-1785615758534789600,50980,104448,492,259,88,145,0.5264227642276422,0.5,0.605,-0.04139198735356331,0.06981811672449112,-6.603447914123535,2.6295650005340576,6,2,3,1,0.3333333333333333,0.0,1.0,1.0,0.8837820291519165,-0.000732421875,-0.00859374925494194,-3.052459942409769e-05,0.0024951170198619366,0.004638671875,0.4638671875,-0.16220703721046448,0.0,0.0,0.0,0.0,-0.04139198735356331,0.00390625,-0.00797760114983248,2.0417432080958426,1.0,41.51437384617429,-0.016034603992011398,0.7968980818986893,0.638984203338623,0.06940509378910065,0.7306503653526306,0.8000871539115906,0.8850555419921875,0.9089666604995728,0.0,0.0,0.0,3.7227271050214767,0.01233292612596415,0.102294921875,4.685325086116791,0.00032592,0.005,0.0,0.0,0.0,0.0,0.0,0.0,0.0,0.0,0.0,,0.0,0.0,0.0,0.0,0.0,0.0,0.0,0.0,0.0,0.0,0.0,0.0,0.0,0.0,0.0,0.0,0.0,0.0,0.0,,,,,0.0,,0.8964385390281677,,,,,,,0.0,{},{},0.0,0.0,0.0,0.0,0.0,0.0,0.0,0,0,0.0,0.0,,0.0
52,50980-1785615758534789600,50980,106496,504,263,91,150,0.5218253968253969,0.44,0.59,-0.04362907260656357,0.06628595292568207,-7.376672744750977,1.9260796308517456,12,4,3,5,0.3333333333333333,0.25,0.8333333333333334,0.5833333333333334,0.7639499306678772,-0.000732421875,-0.01113281212747097,-0.0005545193562284112,0.001276855356991291,0.00244140625,0.244140625,-0.16582031548023224,0.0,0.0,0.0,0.0,-0.04362907260656357,0.001708984375,-0.01095222812728025,6.404870294373451,1.0,96.97183079829735,-0.022397136635845527,0.8814806453883648,0.7638087272644043,0.0693260207772255,0.8006832003593445,0.8841462135314941,0.9870262145996094,1.0134565830230713,0.0,0.0,0.0,3.7566704005002975,0.011113025524537079,0.08984375,5.04483187943697,0.00032250666666666666,0.005,0.0,0.0,0.0,0.0,0.0,0.0,0.0,0.0,0.0,,0.0,0.0,0.0,0.0,0.0,0.0,0.0,0.0,0.0,0.0,0.0,0.0,0.0,0.0,0.0,0.0,0.0,0.0,0.0,,,,,0.0,,0.9357854127883911,,,,,,,0.0,{},{},0.0,0.0,0.0,0.0,0.0,0.0,0.0,0,0,0.0,0.0,,0.0
53,50980-1785615758534789600,50980,108544,514,266,94,154,0.5175097276264592,0.4,0.565,-0.03972453624010086,0.0742107406258583,-7.152039051055908,2.10046648979187,10,3,3,4,0.3,0.1,0.8,0.7,0.5486489534378052,-0.0009765625,-0.0071777342818677425,0.0005671615363098681,0.001708984375,0.011474609375,1.1474609375,-0.16318358480930328,0.0,0.0,0.0,0.0,-0.03972453624010086,0.010498046875,-0.0066086978040402755,0.629456929064361,1.0,15.54270466187468,-0.021587700946838595,1.9608247429132462,1.6208291053771973,0.15847815573215485,1.755042552947998,1.983335256576538,2.1336100101470947,2.198335886001587,0.0,0.0,0.0,3.712601140141487,0.008574901650717948,0.079833984375,4.715851187705994,0.0003190933333333333,0.005,0.0,0.0,0.0,0.0,0.0,0.0,0.0,0.0,0.0,,0.0,0.0,0.0,0.0,0.0,0.0,0.0,0.0,0.0,0.0,0.0,0.0,0.0,0.0,0.0,0.0,0.0,0.0,0.0,,,,,0.0,,1.411149263381958,,,,,,,0.0,{},{},0.0,0.0,0.0,0.0,0.0,0.0,0.0,0,0,0.0,0.0,,0.0
54,50980-1785615758534789600,50980,110592,521,269,96,156,0.5163147792706334,0.42,0.545,-0.037238746881484985,0.06990744918584824,-6.597457408905029,2.2668848037719727,7,3,2,2,0.42857142857142855,0.2857142857142857,0.8571428571428571,0.5714285714285714,0.8066052794456482,0.0,-0.00351562537252903,0.0005443543195724487,0.002270506927743554,0.006103515625,0.6103515625,-0.15263672173023224,0.0,0.0,0.0,0.0,-0.037238746881484985,0.006103515625,-0.002811910060700029,0.4606278750740406,1.0,25.003903848674682,-0.022451617260230705,1.0330320037901402,0.8820056915283203,0.07149303704500198,0.9564246535301208,1.041167974472046,1.0975749492645264,1.2049012184143066,0.0,0.0,0.0,3.507582873106003,0.007695867432630621,0.065673828125,7.620330795645714,0.00031568,0.005,0.0,0.0,0.0,0.0,0.0,0.0,0.0,0.0,0.0,,0.0,0.0,0.0,0.0,0.0,0.0,0.0,0.0,0.0,0.0,0.0,0.0,0.0,0.0,0.0,0.0,0.0,0.0,0.0,,,,,0.0,,0.9969003796577454,,,,,,,0.0,{},{},0.0,0.0,0.0,0.0,0.0,0.0,0.0,0,0,0.0,0.0,,0.0
55,50980-1785615758534789600,50980,112640,533,276,97,160,0.5178236397748592,0.4,0.545,-0.037198055535554886,0.07628069072961807,-6.309502601623535,2.2357945442199707,12,7,1,4,0.5833333333333334,0.9166666666666666,1.4166666666666667,0.5,0.8024206161499023,0.001953125,-0.002392577938735485,0.0007191047770902514,0.0026135151274502277,0.005859375,0.5859375,-0.15537109971046448,0.0,0.0,0.0,0.0,-0.037198055535554886,0.0078125,-0.0015594229626003653,0.19958059289695596,1.0,19.88495548863691,-0.023657512210775167,1.0053369253873825,0.9184868931770325,0.05766991525888443,0.9412599802017212,1.0218327045440674,1.0740966796875,1.1145403385162354,0.0,0.0,0.0,3.494646966457367,0.011660087293421384,0.105224609375,6.382665008306503,0.0003122666666666667,0.005,0.0,0.0,0.0,0.0,0.0,0.0,0.0,0.0,0.0,,0.0,0.0,0.0,0.0,0.0,0.0,0.0,0.0,0.0,0.0,0.0,0.0,0.0,0.0,0.0,0.0,0.0,0.0,0.0,,,,,0.0,,0.993808388710022,,,,,,,0.0,{},{},0.0,0.0,0.0,0.0,0.0,0.0,0.0,0,0,0.0,0.0,,0.0
56,50980-1785615758534789600,50980,114688,543,281,99,163,0.5174953959484346,0.44,0.545,-0.04267234355211258,0.06973029673099518,-6.464164733886719,2.5344321727752686,10,5,2,3,0.5,0.5,1.2,0.7,0.7683353424072266,0.000732421875,-0.009960937313735485,-0.00014380594075191766,0.0021948241628706455,0.0009765625,0.09765625,-0.16376952826976776,0.0,0.0,0.0,0.0,-0.04267234355211258,0.001708984375,-0.009448182758205803,5.525303562031556,1.0,95.77252907341202,-0.017575806006789207,1.4482246115803719,1.2543864250183105,0.1386730968952179,1.2953808307647705,1.4481329917907715,1.5955092906951904,1.8104016780853271,0.0,0.0,0.0,3.6253775358200073,0.012109936564229429,0.1021728515625,4.559200301766396,0.0003088533333333333,0.005,0.0,0.0,0.0,0.0,0.0,0.0,0.0,0.0,0.0,,0.0,0.0,0.0,0.0,0.0,0.0,0.0,0.0,0.0,0.0,0.0,0.0,0.0,0.0,0.0,0.0,0.0,0.0,0.0,,,,,0.0,,1.219861626625061,,,,,,,0.0,{},{},0.0,0.0,0.0,0.0,0.0,0.0,0.0,0,0,0.0,0.0,,0.0
57,50980-1785615758534789600,50980,116736,552,283,101,168,0.5126811594202898,0.4,0.52,-0.038788557052612305,0.07114435732364655,-6.523962497711182,2.3747220039367676,9,2,2,5,0.2222222222222222,-0.1111111111111111,0.8888888888888888,1.0,0.8030424118041992,-0.001220703125,-0.00727539137005806,2.609172952361405e-05,0.002475539455190301,0.00634765625,0.634765625,-0.15439453721046448,0.0,0.0,0.0,0.0,-0.038788557052612305,0.005126953125,-0.006649983573879581,1.2968105229861244,1.0,30.10841430233715,-0.029225363105069846,1.0872411504387856,0.9742624759674072,0.08818462491035461,0.9923050403594971,1.0642077922821045,1.211808443069458,1.2690683603286743,0.0,0.0,0.0,3.4836132675409317,0.016857203263498377,0.13134765625,2.835004210472107,0.00030544,0.005,0.0,0.0,0.0,0.0,0.0,0.0,0.0,0.0,0.0,,0.0,0.0,0.0,0.0,0.0,0.0,0.0,0.0,0.0,0.0,0.0,0.0,0.0,0.0,0.0,0.0,0.0,0.0,0.0,,,,,0.0,,1.0538992881774902,,,,,,,0.0,{},{},0.0,0.0,0.0,0.0,0.0,0.0,0.0,0,0,0.0,0.0,,0.0
58,50980-1785615758534789600,50980,118784,564,289,104,171,0.5124113475177305,0.46,0.495,-0.040160443633794785,0.07595418393611908,-6.133027076721191,2.9699316024780273,12,6,3,3,0.5,0.5,1.25,0.75,0.8713254928588867,0.000732421875,-0.0064453124068677425,0.0006896672421135008,0.0029983187559992075,0.005126953125,0.5126953125,-0.16132813692092896,0.0,0.0,0.0,0.0,-0.040160443633794785,0.005859375,-0.0055233159073395655,0.9424850640683515,1.0,27.52863714709877,-0.005690925871022046,1.1646338179707527,0.9938346743583679,0.08638922870159149,1.086735486984253,1.1748387813568115,1.2385696172714233,1.3216137886047363,0.0,0.0,0.0,3.5554127991199493,0.014305565433460288,0.11865234375,7.532928287982941,0.0003020266666666667,0.005,0.0,0.0,0.0,0.0,0.0,0.0,0.0,0.0,0.0,,0.0,0.0,0.0,0.0,0.0,0.0,0.0,0.0,0.0,0.0,0.0,0.0,0.0,0.0,0.0,0.0,0.0,0.0,0.0,,,,,0.0,,1.065351128578186,,,,,,,0.0,{},{},0.0,0.0,0.0,0.0,0.0,0.0,0.0,0,0,0.0,0.0,,0.0
59,50980-1785615758534789600,50980,120832,573,296,106,171,0.5165794066317626,0.52,0.5,-0.04132043942809105,0.0787443146109581,-5.8236470222473145,3.1287355422973633,9,7,2,0,0.7777777777777778,1.2222222222222223,2.111111111111111,0.8888888888888888,0.8054310083389282,0.00244140625,-0.00649414025247097,0.0014294381253421307,0.0037719723768532276,0.0087890625,0.87890625,-0.17119140923023224,0.0,0.0,0.0,0.0,-0.04132043942809105,0.01123046875,-0.005193787626922131,0.4624317391189047,1.0,15.242121314741873,-0.03087173600215465,1.8097444996237755,1.6056296825408936,0.13712283968925476,1.6551356315612793,1.8262693881988525,1.984719157218933,2.074268341064453,0.0,0.0,0.0,3.70905564725399,0.011341579083818942,0.0960693359375,3.737977623939514,0.00029861333333333336,0.005,0.0,0.0,0.0,0.0,0.0,0.0,0.0,0.0,0.0,,0.0,0.0,0.0,0.0,0.0,0.0,0.0,0.0,0.0,0.0,0.0,0.0,0.0,0.0,0.0,0.0,0.0,0.0,0.0,,,,,0.0,,1.3800843954086304,,,,,,,0.0,{},{},0.0,0.0,0.0,0.0,0.0,0.0,0.0,0,0,0.0,0.0,,0.0
60,50980-1785615758534789600,50980,122880,584,302,106,176,0.5171232876712328,0.52,0.5,-0.044123776257038116,0.07544266432523727,-6.311593532562256,2.852243423461914,11,6,0,5,0.5454545454545454,0.7272727272727273,1.2727272727272727,0.5454545454545454,0.8572524785995483,0.001708984375,-0.008984374813735485,0.0007730944780632854,0.002480468712747097,0.007080078125,0.7080078125,-0.17734375596046448,0.0,0.0,0.0,0.0,-0.044123776257038116,0.0087890625,-0.00817098401603289,0.9295706391203578,1.0,20.17548293433232,-0.012287095945794135,1.3283610939979553,1.1221426725387573,0.1154361143708229,1.2094855308532715,1.3071215152740479,1.4725770950317383,1.5764511823654175,0.0,0.0,0.0,3.7141372859477997,0.00840707649331307,0.075439453125,8.958386041224003,0.0002952,0.005,0.0,0.0,0.0,0.0,0.0,0.0,0.0,0.0,0.0,,0.0,0.0,0.0,0.0,0.0,0.0,0.0,0.0,0.0,0.0,0.0,0.0,0.0,0.0,0.0,0.0,0.0,0.0,0.0,,,,,0.0,,1.077633023262024,,,,,,,0.0,{},{},0.0,0.0,0.0,0.0,0.0,0.0,0.0,0,0,0.0,0.0,,0.0
61,50980-1785615758534789600,50980,124928,592,307,106,179,0.518581081081081,0.52,0.495,-0.04634605348110199,0.07376208901405334,-6.296940326690674,2.6565029621124268,8,5,0,3,0.625,1.0,1.375,0.375,0.7747869491577148,0.001708984375,-0.0146484375,0.00034849863732233644,0.0028246967121958733,0.006103515625,0.6103515625,-0.17998048663139343,0.0,0.0,0.0,0.0,-0.04634605348110199,0.0078125,-0.013855138662620448,1.773230775276182,1.0,23.034553865923524,-0.023074469820130616,1.6108997613191605,1.3504581451416016,0.1217578798532486,1.4575107097625732,1.6108386516571045,1.7513867616653442,1.8084447383880615,0.0,0.0,0.0,3.85880383849144,0.008701399616256822,0.069091796875,7.248422101140022,0.00029178666666666663,0.005,0.0,0.0,0.0,0.0,0.0,0.0,0.0,0.0,0.0,,0.0,0.0,0.0,0.0,0.0,0.0,0.0,0.0,0.0,0.0,0.0,0.0,0.0,0.0,0.0,0.0,0.0,0.0,0.0,,,,,0.0,,1.2606863975524902,,,,,,,0.0,{},{},0.0,0.0,0.0,0.0,0.0,0.0,0.0,0,0,0.0,0.0,,0.0
62,50980-1785615758534789600,50980,126976,605,317,107,181,0.5239669421487604,0.64,0.5,-0.03808622062206268,0.07815844565629959,-5.579518795013428,3.167689323425293,13,10,1,2,0.7692307692307693,1.2307692307692308,1.8461538461538463,0.6153846153846154,0.8395383358001709,0.00390625,-0.004589843563735485,0.002239190973341465,0.0034322699066251516,0.01025390625,1.025390625,-0.16289062798023224,0.0,0.0,0.0,0.0,-0.03808622062206268,0.01416015625,-0.003171978343743831,0.2239914797736824,1.0,11.502636162229496,-0.030271096649812534,1.5711869969964027,1.3705029487609863,0.1051972508430481,1.4290189743041992,1.5638890266418457,1.7138429880142212,1.7382861375808716,0.0,0.0,0.0,3.524196058511734,0.01405026907013962,0.125732421875,3.802461802959442,0.0002883733333333334,0.005,0.0,0.0,0.0,0.0,0.0,0.0,0.0,0.0,0.0,,0.0,0.0,0.0,0.0,0.0,0.0,0.0,0.0,0.0,0.0,0.0,0.0,0.0,0.0,0.0,0.0,0.0,0.0,0.0,,,,,0.0,,1.2689025402069092,,,,,,,0.0,{},{},0.0,0.0,0.0,0.0,0.0,0.0,0.0,0,0,0.0,0.0,,0.0
63,50980-1785615758534789600,50980,129024,614,323,108,183,0.5260586319218241,0.68,0.515,-0.04299577325582504,0.07796142250299454,-5.625082969665527,3.121677875518799,9,6,1,2,0.6666666666666666,1.0,2.3333333333333335,1.3333333333333333,0.7916444540023804,0.001953125,-0.00766601599752903,0.0013335691764950752,0.003996581770479679,0.00439453125,0.439453125,-0.17216795682907104,0.0,0.0,0.0,0.0,-0.04299577325582504,0.00634765625,-0.006333478260785341,0.9976092595634456,1.0,27.11880279060172,-0.0013957984878548554,2.058853813580104,1.9261456727981567,0.09991692006587982,1.9355031251907349,2.048536777496338,2.1709439754486084,2.2423698902130127,0.0,0.0,0.0,3.5361030101776123,0.016344228127439107,0.14369419642857142,8.670958587101527,0.00028496,0.005,0.0,0.0,0.0,0.0,0.0,0.0,0.0,0.0,0.0,,0.0,0.0,0.0,0.0,0.0,0.0,0.0,0.0,0.0,0.0,0.0,0.0,0.0,0.0,0.0,0.0,0.0,0.0,0.0,,,,,0.0,,1.4249204397201538,,,,,,,0.0,{},{},0.0,0.0,0.0,0.0,0.0,0.0,0.0,0,0,0.0,0.0,,0.0
64,50980-1785615758534789600,50980,131072,625,331,110,184,0.5296,0.7,0.52,-0.04353397339582443,0.0735572874546051,-6.8925089836120605,2.509793758392334,11,8,2,1,0.7272727272727273,0.7272727272727273,1.2727272727272727,0.5454545454545454,0.7650416493415833,0.002685546875,-0.00830078125,0.0017190707148984075,0.0029516303911805153,0.01025390625,1.025390625,-0.18007811903953552,0.0,0.0,0.0,0.0,-0.04353397339582443,0.012939453125,-0.007133105973480269,0.5512253631752381,1.0,13.91590520826801,-0.016062199293325346,1.4573421279589336,1.2788512706756592,0.10993382334709167,1.343743085861206,1.4389832019805908,1.577128529548645,1.6437482833862305,0.0,0.0,0.0,3.624125599861145,0.010081973858177662,0.08561197916666667,3.533235768477122,0.00028154666666666667,0.005,0.0,0.0,0.0,0.0,0.0,0.0,0.0,0.0,0.0,,0.0,0.0,0.0,0.0,0.0,0.0,0.0,0.0,0.0,0.0,0.0,0.0,0.0,0.0,0.0,0.0,0.0,0.0,0.0,,,,,0.0,,1.2165597677230835,,,,,,,0.0,{},{},0.0,0.0,0.0,0.0,0.0,0.0,0.0,0,0,0.0,0.0,,0.0
65,50980-1785615758534789600,50980,133120,638,342,110,186,0.5360501567398119,0.74,0.545,-0.04401736706495285,0.08223041892051697,-5.391190528869629,3.0757315158843994,13,11,0,2,0.8461538461538461,1.6153846153846154,2.0,0.38461538461538464,0.6917080879211426,0.0048828125,-0.0087890625,0.0022264746949076653,0.00432860292494297,0.009033203125,0.9033203125,-0.18242187798023224,0.0,0.0,0.0,0.0,-0.04401736706495285,0.013916015625,-0.007150293095037341,0.5137806328386113,1.0,13.107830219902642,-0.023035763937514275,2.9251531064510345,2.6896114349365234,0.1250898391008377,2.7404913902282715,2.928391218185425,3.0777063369750977,3.1147844791412354,0.0,0.0,0.0,3.572118639945984,0.01245375833241269,0.1083984375,6.354278400540352,0.00027813333333333334,0.005,0.0,0.0,0.0,0.0,0.0,0.0,0.0,0.0,0.0,,0.0,0.0,0.0,0.0,0.0,0.0,0.0,0.0,0.0,0.0,0.0,0.0,0.0,0.0,0.0,0.0,0.0,0.0,0.0,,,,,0.0,,1.7077704668045044,,,,,,,0.0,{},{},0.0,0.0,0.0,0.0,0.0,0.0,0.0,0,0,0.0,0.0,,0.0
66,50980-1785615758534789600,50980,135168,645,349,110,186,0.5410852713178295,0.78,0.56,-0.04656754061579704,0.07529061287641525,-6.46565055847168,2.8789916038513184,7,7,0,0,1.0,1.8571428571428572,2.4285714285714284,0.5714285714285714,0.7489832639694214,0.00341796875,-0.01230468787252903,0.0009684175602160394,0.0030712890438735485,0.007080078125,0.7080078125,-0.18574219942092896,0.0,0.0,0.0,0.0,-0.04656754061579704,0.010498046875,-0.011294761221506633,1.075789198389176,1.0,17.691339188437425,-0.0040439685981255025,2.142636053264141,1.8914859294891357,0.1377914696931839,2.012300729751587,2.1307456493377686,2.3366401195526123,2.416252374649048,0.0,0.0,0.0,3.6317236125469208,0.013646990009874571,0.1064453125,9.935438141226768,0.00027471999999999994,0.005,0.0,0.0,0.0,0.0,0.0,0.0,0.0,0.0,0.0,,0.0,0.0,0.0,0.0,0.0,0.0,0.0,0.0,0.0,0.0,0.0,0.0,0.0,0.0,0.0,0.0,0.0,0.0,0.0,,,,,0.0,,1.4424198865890503,,,,,,,0.0,{},{},0.0,0.0,0.0,0.0,0.0,0.0,0.0,0,0,0.0,0.0,,0.0
67,50980-1785615758534789600,50980,137216,657,360,111,186,0.547945205479452,0.84,0.585,-0.0442599318921566,0.07355803996324539,-7.178995132446289,2.6342568397521973,12,11,1,0,0.9166666666666666,1.25,1.6666666666666667,0.4166666666666667,0.775782585144043,0.0048828125,-0.011523437686264515,0.0016320047434419394,0.0026733397971838713,0.008056640625,0.8056640625,-0.1796875,0.0,0.0,0.0,0.0,-0.0442599318921566,0.012939453125,-0.010447101551108062,0.8073211540734253,1.0,13.885719322521792,-0.022507687215693295,1.5448954701423645,1.4151545763015747,0.08658236265182495,1.436349868774414,1.539357304573059,1.6595020294189453,1.6958117485046387,0.0,0.0,0.0,3.553950145840645,0.009656892812927254,0.078857421875,6.563755266368389,0.0002713066666666667,0.005,0.0,0.0,0.0,0.0,0.0,0.0,0.0,0.0,0.0,,0.0,0.0,0.0,0.0,0.0,0.0,0.0,0.0,0.0,0.0,0.0,0.0,0.0,0.0,0.0,0.0,0.0,0.0,0.0,,,,,0.0,,1.247362732887268,,,,,,,0.0,{},{},0.0,0.0,0.0,0.0,0.0,0.0,0.0,0,0,0.0,0.0,,0.0
68,50980-1785615758534789600,50980,139264,669,369,112,188,0.5515695067264574,0.86,0.61,-0.04184237867593765,0.07951594889163971,-6.317975997924805,3.5589828491210938,12,9,1,2,0.75,1.3333333333333333,1.8333333333333333,0.5,0.8013482093811035,0.00341796875,-0.006054687313735485,0.002259654924273491,0.0035400388296693563,0.0107421875,1.07421875,-0.17666015028953552,0.0,0.0,0.0,0.0,-0.04184237867593765,0.01416015625,-0.004604763875249773,0.32516863693596865,1.0,12.474980656296022,-0.024247606575954705,2.4167008697986603,2.225583553314209,0.12353714555501938,2.2675695419311523,2.399421215057373,2.5672988891601562,2.650239944458008,0.0,0.0,0.0,3.5126926600933075,0.011973884640610777,0.099365234375,4.424321390688419,0.0002678933333333333,0.005,0.0,0.0,0.0,0.0,0.0,0.0,0.0,0.0,0.0,,0.0,0.0,0.0,0.0,0.0,0.0,0.0,0.0,0.0,0.0,0.0,0.0,0.0,0.0,0.0,0.0,0.0,0.0,0.0,,,,,0.0,,1.586251974105835,,,,,,,0.0,{},{},0.0,0.0,0.0,0.0,0.0,0.0,0.0,0,0,0.0,0.0,,0.0
69,50980-1785615758534789600,50980,141312,678,376,112,190,0.5545722713864307,0.84,0.61,-0.045097317546606064,0.07879109680652618,-6.94729471206665,3.018552541732788,9,7,0,2,0.7777777777777778,1.3333333333333333,1.7777777777777777,0.4444444444444444,0.7859933376312256,0.0029296875,-0.009716796688735485,0.002007056726142764,0.003369140438735485,0.00634765625,0.634765625,-0.181640625,0.0,0.0,0.0,0.0,-0.045097317546606064,0.00927734375,-0.008372747397515923,0.9023967663965806,1.0,19.576837191443786,-0.03173117357073352,1.9193696528673172,1.718212604522705,0.12705323100090027,1.744775414466858,1.9499568939208984,2.075160264968872,2.0967931747436523,0.0,0.0,0.0,3.58554308116436,0.014807805062446278,0.1298828125,3.3821988701820374,0.00026448,0.005,0.0,0.0,0.0,0.0,0.0,0.0,0.0,0.0,0.0,,0.0,0.0,0.0,0.0,0.0,0.0,0.0,0.0,0.0,0.0,0.0,0.0,0.0,0.0,0.0,0.0,0.0,0.0,0.0,,,,,0.0,,1.396408200263977,,,,,,,0.0,{},{},0.0,0.0,0.0,0.0,0.0,0.0,0.0,0,0,0.0,0.0,,0.0
70,50980-1785615758534789600,50980,143360,689,386,112,191,0.5602322206095791,0.86,0.645,-0.04642866924405098,0.07793746888637543,-6.593234062194824,3.1256744861602783,11,10,0,1,0.9090909090909091,1.6363636363636365,2.090909090909091,0.45454545454545453,0.7057278156280518,0.004638671875,-0.01572265662252903,0.0013606485445052385,0.003359374590218067,0.00830078125,0.830078125,-0.18427735567092896,0.0,0.0,0.0,0.0,-0.04642866924405098,0.012939453125,-0.014542650838848203,1.1238131074987534,1.0,14.240409813387346,-0.012130931136198342,2.922303408384323,2.6357555389404297,0.172840416431427,2.6954212188720703,2.9206409454345703,3.1737148761749268,3.1944215297698975,0.0,0.0,0.0,3.6415835916996,0.0032399011397501454,0.0211181640625,10.868180274963379,0.00026106666666666665,0.005,0.0,0.0,0.0,0.0,0.0,0.0,0.0,0.0,0.0,,0.0,0.0,0.0,0.0,0.0,0.0,0.0,0.0,0.0,0.0,0.0,0.0,0.0,0.0,0.0,0.0,0.0,0.0,0.0,,,,,0.0,,1.695580244064331,,,,,,,0.0,{},{},0.0,0.0,0.0,0.0,0.0,0.0,0.0,0,0,0.0,0.0,,0.0
71,50980-1785615758534789600,50980,145408,700,396,112,192,0.5657142857142857,0.84,0.67,-0.04481550678610802,0.0770401656627655,-6.796878814697266,3.062608003616333,11,10,0,1,0.9090909090909091,1.4545454545454546,1.9090909090909092,0.45454545454545453,0.7332165241241455,0.004638671875,-0.010986328125,0.0016598827205598354,0.002585449256002903,0.01025390625,1.025390625,-0.18417969346046448,0.0,0.0,0.0,0.0,-0.04481550678610802,0.014892578125,-0.009924995130859315,0.6663942705748768,1.0,12.366383142765734,-0.02837250812444836,2.4661168456077576,2.2642111778259277,0.13093724846839905,2.338395118713379,2.4382147789001465,2.6065163612365723,2.8261559009552,0.0,0.0,0.0,3.546441897749901,0.011905017076060176,0.099853515625,5.555662550032139,0.00025765333333333337,0.005,0.0,0.0,0.0,0.0,0.0,0.0,0.0,0.0,0.0,,0.0,0.0,0.0,0.0,0.0,0.0,0.0,0.0,0.0,0.0,0.0,0.0,0.0,0.0,0.0,0.0,0.0,0.0,0.0,,,,,0.0,,1.5818703174591064,,,,,,,0.0,{},{},0.0,0.0,0.0,0.0,0.0,0.0,0.0,0,0,0.0,0.0,,0.0
72,50980-1785615758534789600,50980,147456,708,403,112,193,0.5692090395480226,0.84,0.7,-0.04813426733016968,0.0747850239276886,-6.892305850982666,3.3901519775390625,8,7,0,1,0.875,1.5,1.75,0.25,0.7590385675430298,0.003173828125,-0.01469726487994194,0.0009870739886537194,0.003037109039723873,0.00537109375,0.537109375,-0.18789063394069672,0.0,0.0,0.0,0.0,-0.04813426733016968,0.008544921875,-0.013691219122847542,1.6020763263585935,1.0,21.985999484777263,-0.025032774166902527,2.672660782933235,2.41634464263916,0.19463270902633667,2.482091188430786,2.5997252464294434,2.9519083499908447,3.09165096282959,0.0,0.0,0.0,3.6282039880752563,0.011532592638104688,0.1038818359375,4.023203730583191,0.00025424000000000003,0.005,0.0,0.0,0.0,0.0,0.0,0.0,0.0,0.0,0.0,,0.0,0.0,0.0,0.0,0.0,0.0,0.0,0.0,0.0,0.0,0.0,0.0,0.0,0.0,0.0,0.0,0.0,0.0,0.0,,,,,0.0,,1.6641517877578735,,,,,,,0.0,{},{},0.0,0.0,0.0,0.0,0.0,0.0,0.0,0,0,0.0,0.0,,0.0
73,50980-1785615758534789600,50980,149504,722,412,112,198,0.5706371191135734,0.8,0.715,-0.04321999102830887,0.07968705892562866,-6.459964752197266,3.6458165645599365,14,9,0,5,0.6428571428571429,1.1428571428571428,1.8571428571428572,0.7142857142857143,0.8437850475311279,0.003173828125,-0.006835937034338713,0.0018631991697475314,0.003752441145479679,0.009033203125,0.9033203125,-0.17958983778953552,0.0,0.0,0.0,0.0,-0.04321999102830887,0.01220703125,-0.00543202695553191,0.4449551974673976,1.0,14.710794403441222,-0.0276160019982074,2.037474308695112,1.6439582109451294,0.24268364906311035,1.75325345993042,1.9856088161468506,2.3861005306243896,2.463798999786377,0.0,0.0,0.0,3.4840204886027744,0.014868555657033409,0.12709263392857142,3.5108152542795454,0.00025082666666666664,0.005,0.0,0.0,0.0,0.0,0.0,0.0,0.0,0.0,0.0,,0.0,0.0,0.0,0.0,0.0,0.0,0.0,0.0,0.0,0.0,0.0,0.0,0.0,0.0,0.0,0.0,0.0,0.0,0.0,,,,,0.0,,1.4409737586975098,,,,,,,0.0,{},{},0.0,0.0,0.0,0.0,0.0,0.0,0.0,0,0,0.0,0.0,,0.0
74,50980-1785615758534789600,50980,151552,729,418,113,198,0.5733882030178327,0.82,0.725,-0.044726185500621796,0.07957664132118225,-6.721714019775391,2.8337979316711426,7,6,1,0,0.8571428571428571,1.1428571428571428,2.0,0.8571428571428571,0.7306007146835327,0.00244140625,-0.0076660155318677425,0.0015128118684515357,0.003935546614229679,0.00927734375,0.927734375,-0.18476562201976776,0.0,0.0,0.0,0.0,-0.044726185500621796,0.01171875,-0.006303925911197439,0.5378891112180242,1.0,15.76532110495256,-0.009970936254831031,2.2458596974611282,2.025343418121338,0.1078207939863205,2.109196186065674,2.246493101119995,2.3721513748168945,2.4305455684661865,0.0,0.0,0.0,3.5095245391130447,0.009827092108025681,0.0789794921875,10.220196232199669,0.0002474133333333333,0.005,0.0,0.0,0.0,0.0,0.0,0.0,0.0,0.0,0.0,,0.0,0.0,0.0,0.0,0.0,0.0,0.0,0.0,0.0,0.0,0.0,0.0,0.0,0.0,0.0,0.0,0.0,0.0,0.0,,,,,0.0,,1.4708458185195923,,,,,,,0.0,{},{},0.0,0.0,0.0,0.0,0.0,0.0,0.0,0,0,0.0,0.0,,0.0
75,50980-1785615758534789600,50980,153600,745,431,114,200,0.5785234899328859,0.8,0.745,-0.04216096177697182,0.08409566432237625,-5.975090503692627,3.768261194229126,16,13,1,2,0.8125,1.375,2.1875,0.8125,0.7435214519500732,0.00537109375,-0.00844726525247097,0.002423865720629692,0.0049584959633648396,0.00732421875,0.732421875,-0.17500001192092896,0.0,0.0,0.0,0.0,-0.04216096177697182,0.0126953125,-0.006601674831472337,0.5199678907928847,1.0,13.78353060551471,-0.022298649477306753,3.590641587972641,2.955512046813965,0.24124452471733093,3.3347721099853516,3.619931221008301,3.819178819656372,3.897372245788574,0.0,0.0,0.0,3.3137530237436295,0.008970829279860482,0.077392578125,5.6213323920965195,0.000244,0.005,0.0,0.0,0.0,0.0,0.0,0.0,0.0,0.0,0.0,,0.0,0.0,0.0,0.0,0.0,0.0,0.0,0.0,0.0,0.0,0.0,0.0,0.0,0.0,0.0,0.0,0.0,0.0,0.0,,,,,0.0,,1.9083871841430664,,,,,,,0.0,{},{},0.0,0.0,0.0,0.0,0.0,0.0,0.0,0,0,0.0,0.0,,0.0
76,50980-1785615758534789600,50980,155648,751,436,114,201,0.5805592543275633,0.78,0.765,-0.047867484390735626,0.07377339899539948,-8.05937385559082,3.267360210418701,6,5,0,1,0.8333333333333334,1.8333333333333333,2.1666666666666665,0.3333333333333333,0.7252697944641113,0.002197265625,-0.012158202938735485,0.0012681058142334223,0.0022729490883648396,0.0068359375,0.68359375,-0.18935547769069672,0.0,0.0,0.0,0.0,-0.047867484390735626,0.009033203125,-0.01127293921308592,1.2478067027174486,1.0,20.959842840670767,-0.018094023515004665,2.9512971341609955,2.327953338623047,0.27856332063674927,2.673219680786133,2.9696574211120605,3.263237476348877,3.4733338356018066,0.0,0.0,0.0,3.5077171325683594,0.005216933066549245,0.0391845703125,10.98231951892376,0.00024058666666666669,0.005,0.0,0.0,0.0,0.0,0.0,0.0,0.0,0.0,0.0,,0.0,0.0,0.0,0.0,0.0,0.0,0.0,0.0,0.0,0.0,0.0,0.0,0.0,0.0,0.0,0.0,0.0,0.0,0.0,,,,,0.0,,1.71257746219635,,,,,,,0.0,{},{},0.0,0.0,0.0,0.0,0.0,0.0,0.0,0,0,0.0,0.0,,0.0
77,50980-1785615758534789600,50980,157696,764,445,114,205,0.5824607329842932,0.74,0.78,-0.04459754005074501,0.07653629034757614,-7.633618354797363,2.9220683574676514,13,9,0,4,0.6923076923076923,1.2307692307692308,1.3076923076923077,0.07692307692307693,0.7240591645240784,0.00341796875,-0.007421874441206455,0.0016251945635303855,0.0025439453311264515,0.0087890625,0.87890625,-0.18398436903953552,0.0,0.0,0.0,0.0,-0.04459754005074501,0.01220703125,-0.006379589467542246,0.5225731599877946,1.0,15.070764914656943,-0.03601489441643935,2.2934309393167496,2.0744028091430664,0.1595999002456665,2.089341163635254,2.2471325397491455,2.5081586837768555,2.5281574726104736,0.0,0.0,0.0,3.447531133890152,0.014418060905882157,0.1260986328125,3.046578012406826,0.00023717333333333335,0.005,0.0,0.0,0.0,0.0,0.0,0.0,0.0,0.0,0.0,,0.0,0.0,0.0,0.0,0.0,0.0,0.0,0.0,0.0,0.0,0.0,0.0,0.0,0.0,0.0,0.0,0.0,0.0,0.0,,,,,0.0,,1.5349645614624023,,,,,,,0.0,{},{},0.0,0.0,0.0,0.0,0.0,0.0,0.0,0,0,0.0,0.0,,0.0
78,50980-1785615758534789600,50980,159744,769,450,114,205,0.5851755526657998,0.8,0.785,-0.046344026923179626,0.07741320133209229,-7.424727916717529,3.0440831184387207,5,5,0,0,1.0,2.2,2.8,0.6,0.6424474716186523,0.00244140625,-0.00991210900247097,0.0006240964867174625,0.0030517578125,0.006591796875,0.6591796875,-0.18544922769069672,0.0,0.0,0.0,0.0,-0.046344026923179626,0.009033203125,-0.008993145427666605,0.9954553050484577,1.0,20.527458274378432,-0.01801435338954131,3.2661406993865967,3.012547254562378,0.16537868976593018,3.0969197750091553,3.242487907409668,3.4993603229522705,3.5533273220062256,0.0,0.0,0.0,3.3944082895914716,0.011600321267421047,0.09596354166666667,7.758358645439148,0.00023376000000000004,0.005,0.0,0.0,0.0,0.0,0.0,0.0,0.0,0.0,0.0,,0.0,0.0,0.0,0.0,0.0,0.0,0.0,0.0,0.0,0.0,0.0,0.0,0.0,0.0,0.0,0.0,0.0,0.0,0.0,,,,,0.0,,1.8202307224273682,,,,,,,0.0,{},{},0.0,0.0,0.0,0.0,0.0,0.0,0.0,0,0,0.0,0.0,,0.0
79,50980-1785615758534789600,50980,161792,782,458,114,210,0.5856777493606138,0.76,0.785,-0.04379954934120178,0.07527835667133331,-6.425333499908447,3.0588200092315674,13,8,0,5,0.6153846153846154,0.8461538461538461,1.3076923076923077,0.46153846153846156,0.7543289661407471,0.002685546875,-0.010205077938735485,0.0018016825197264552,0.0035180654376745224,0.006591796875,0.6591796875,-0.17597657442092896,0.0,0.0,0.0,0.0,-0.04379954934120178,0.00927734375,-0.00887514094938524,0.9565436664690551,1.0,18.966377961684053,-0.01833258999977261,2.241262175142765,1.9781609773635864,0.13218700885772705,2.0903775691986084,2.251978874206543,2.40166974067688,2.4767937660217285,0.0,0.0,0.0,3.38125778734684,0.007979073896422051,0.066650390625,7.206234633922577,0.00023034666666666665,0.005,0.0,0.0,0.0,0.0,0.0,0.0,0.0,0.0,0.0,,0.0,0.0,0.0,0.0,0.0,0.0,0.0,0.0,0.0,0.0,0.0,0.0,0.0,0.0,0.0,0.0,0.0,0.0,0.0,,,,,0.0,,1.5161107778549194,,,,,,,0.0,{},{},0.0,0.0,0.0,0.0,0.0,0.0,0.0,0,0,0.0,0.0,,0.0
80,50980-1785615758534789600,50980,163840,793,467,115,211,0.5889029003783102,0.76,0.795,-0.047428473830223083,0.07777070999145508,-7.339446067810059,3.780306100845337,11,9,1,1,0.8181818181818182,1.7272727272727273,2.5454545454545454,0.8181818181818182,0.77503502368927,0.003662109375,-0.01552734337747097,0.0007435838342644274,0.003200683742761612,0.008056640625,0.8056640625,-0.18632812798023224,0.0,0.0,0.0,0.0,-0.047428473830223083,0.01171875,-0.01454127648321446,1.2407497159252083,1.0,15.89864357006184,-0.004455811809748411,3.1951935440301895,2.6730918884277344,0.32487809658050537,2.7195839881896973,3.2837276458740234,3.566650867462158,3.714329957962036,0.0,0.0,0.0,3.5627816170454025,0.0114258269459242,0.0985107421875,14.523110747337341,0.00022693333333333334,0.005,0.0,0.0,0.0,0.0,0.0,0.0,0.0,0.0,0.0,,0.0,0.0,0.0,0.0,0.0,0.0,0.0,0.0,0.0,0.0,0.0,0.0,0.0,0.0,0.0,0.0,0.0,0.0,0.0,,,,,0.0,,1.7930171489715576,,,,,,,0.0,{},{},0.0,0.0,0.0,0.0,0.0,0.0,0.0,0,0,0.0,0.0,,0.0
81,50980-1785615758534789600,50980,165888,799,468,115,216,0.5857321652065082,0.68,0.78,-0.04647297412157059,0.0727059543132782,-8.237947463989258,2.18727445602417,6,1,0,5,0.16666666666666666,0.16666666666666666,0.3333333333333333,0.16666666666666666,0.5697684288024902,-0.000732421875,-0.01137695275247097,0.001227260916493833,0.002397460862994194,0.010009765625,1.0009765625,-0.18515625596046448,0.0,0.0,0.0,0.0,-0.04647297412157059,0.00927734375,-0.010470772307598963,1.128517393807377,1.0,19.95574436013588,-0.013976634887512773,2.07737198472023,1.8496177196502686,0.12856757640838623,1.9350950717926025,2.0760512351989746,2.221798896789551,2.401970148086548,0.0,0.0,0.0,3.4356944411993027,0.004089914422365837,0.024658203125,12.029286429286003,0.00022352,0.005,0.0,0.0,0.0,0.0,0.0,0.0,0.0,0.0,0.0,,0.0,0.0,0.0,0.0,0.0,0.0,0.0,0.0,0.0,0.0,0.0,0.0,0.0,0.0,0.0,0.0,0.0,0.0,0.0,,,,,0.0,,1.4346779584884644,,,,,,,0.0,{},{},0.0,0.0,0.0,0.0,0.0,0.0,0.0,0,0,0.0,0.0,,0.0
82,50980-1785615758534789600,50980,167936,812,478,116,218,0.5886699507389163,0.7,0.78,-0.04423436522483826,0.07913658767938614,-6.508706092834473,3.052116632461548,13,10,1,2,0.7692307692307693,1.1538461538461537,1.6153846153846154,0.46153846153846156,0.7149347066879272,0.00390625,-0.00966796837747097,0.001496190670877695,0.0030834958888590336,0.00634765625,0.634765625,-0.17929688096046448,0.0,0.0,0.0,0.0,-0.04423436522483826,0.01025390625,-0.008523046737536788,0.8311189327095787,1.0,17.484009759763964,-0.01654285885160789,2.7017099261283875,2.2772083282470703,0.20933635532855988,2.4745864868164062,2.6743621826171875,2.9701805114746094,3.007187604904175,0.0,0.0,0.0,3.3664418011903763,0.006025262155162636,0.05078125,8.335956379771233,0.00022010666666666666,0.005,0.0,0.0,0.0,0.0,0.0,0.0,0.0,0.0,0.0,,0.0,0.0,0.0,0.0,0.0,0.0,0.0,0.0,0.0,0.0,0.0,0.0,0.0,0.0,0.0,0.0,0.0,0.0,0.0,,,,,0.0,,1.6295710802078247,,,,,,,0.0,{},{},0.0,0.0,0.0,0.0,0.0,0.0,0.0,0,0,0.0,0.0,,0.0
83,50980-1785615758534789600,50980,169984,821,486,117,218,0.5919610231425091,0.7,0.79,-0.045278675854206085,0.07733765989542007,-7.37941837310791,2.766706943511963,9,8,1,0,0.8888888888888888,1.4444444444444444,2.111111111111111,0.6666666666666666,0.654418408870697,0.00341796875,-0.008837890811264515,0.0012102541513741016,0.0026831054128706455,0.007568359375,0.7568359375,-0.18437501788139343,0.0,0.0,0.0,0.0,-0.045278675854206085,0.010986328125,-0.007864550920203328,0.7157837493092369,1.0,16.780696433546574,-0.012569596263347194,2.723156303167343,2.465010166168213,0.1449601799249649,2.5640978813171387,2.7041823863983154,2.908874034881592,2.9773874282836914,0.0,0.0,0.0,3.370985120534897,0.003897945993230678,0.0238037109375,12.849047482013702,0.00021669333333333335,0.005,0.0,0.0,0.0,0.0,0.0,0.0,0.0,0.0,0.0,,0.0,0.0,0.0,0.0,0.0,0.0,0.0,0.0,0.0,0.0,0.0,0.0,0.0,0.0,0.0,0.0,0.0,0.0,0.0,,,,,0.0,,1.6264415979385376,,,,,,,0.0,{},{},0.0,0.0,0.0,0.0,0.0,0.0,0.0,0,0,0.0,0.0,,0.0
84,50980-1785615758534789600,50980,172032,832,493,117,222,0.5925480769230769,0.7,0.78,-0.04523424059152603,0.07531306892633438,-6.84202766418457,3.755147695541382,11,7,0,4,0.6363636363636364,1.1818181818181819,1.6363636363636365,0.45454545454545453,0.8390072584152222,0.00244140625,-0.01088867150247097,0.0015060213627293706,0.0030346678104251623,0.007568359375,0.7568359375,-0.18125000596046448,0.0,0.0,0.0,0.0,-0.04523424059152603,0.010009765625,-0.009753499209182337,0.9743010249710384,1.0,18.10550888413837,-0.017744557291734964,2.245254896581173,1.903952717781067,0.19156959652900696,2.0111782550811768,2.2863962650299072,2.4659085273742676,2.6132402420043945,0.0,0.0,0.0,3.309617057442665,0.006106073640694376,0.052490234375,7.39880345761776,0.00021328000000000002,0.005,0.0,0.0,0.0,0.0,0.0,0.0,0.0,0.0,0.0,,0.0,0.0,0.0,0.0,0.0,0.0,0.0,0.0,0.0,0.0,0.0,0.0,0.0,0.0,0.0,0.0,0.0,0.0,0.0,,,,,0.0,,1.506711721420288,,,,,,,0.0,{},{},0.0,0.0,0.0,0.0,0.0,0.0,0.0,0,0,0.0,0.0,,0.0
85,50980-1785615758534789600,50980,174080,843,504,117,222,0.597864768683274,0.74,0.785,-0.03944727033376694,0.08048540353775024,-6.549698829650879,3.6552324295043945,11,11,0,0,1.0,2.0,2.272727272727273,0.2727272727272727,0.7014336585998535,0.00537109375,-0.004833983723074198,0.002431997563689947,0.0034887695219367743,0.01123046875,1.123046875,-0.17021484673023224,0.0,0.0,0.0,0.0,-0.03944727033376694,0.0166015625,-0.0033537919516675174,0.20200447681901618,1.0,10.252323804246014,-0.011748356249881908,4.066868111491203,3.802159309387207,0.17495495080947876,3.8816938400268555,4.0067925453186035,4.295853614807129,4.427639961242676,0.0,0.0,0.0,3.277300000190735,0.005749606280005537,0.041748046875,10.332965686917305,0.00020986666666666665,0.005,0.0,0.0,0.0,0.0,0.0,0.0,0.0,0.0,0.0,,0.0,0.0,0.0,0.0,0.0,0.0,0.0,0.0,0.0,0.0,0.0,0.0,0.0,0.0,0.0,0.0,0.0,0.0,0.0,,,,,0.0,,1.9972636699676514,,,,,,,0.0,{},{},0.0,0.0,0.0,0.0,0.0,0.0,0.0,0,0,0.0,0.0,,0.0
86,50980-1785615758534789600,50980,176128,854,513,117,224,0.6007025761124122,0.82,0.775,-0.04053425043821335,0.08145177364349365,-6.76939582824707,3.422184467315674,11,9,0,2,0.8181818181818182,1.3636363636363635,1.7272727272727273,0.36363636363636365,0.8147777915000916,0.00390625,-0.00332031212747097,0.0022906663361936808,0.0035937498323619366,0.0107421875,1.07421875,-0.1748046875,0.0,0.0,0.0,0.0,-0.04053425043821335,0.0146484375,-0.0018492080853320658,0.12623065461264749,1.0,11.932518740054013,-0.02128331047424581,2.1370240822434425,1.894232988357544,0.15547074377536774,1.9348323345184326,2.1367149353027344,2.334315776824951,2.420992136001587,0.0,0.0,0.0,3.2747715562582016,0.009387440455611795,0.0791015625,5.5781082063913345,0.00020645333333333332,0.005,0.0,0.0,0.0,0.0,0.0,0.0,0.0,0.0,0.0,,0.0,0.0,0.0,0.0,0.0,0.0,0.0,0.0,0.0,0.0,0.0,0.0,0.0,0.0,0.0,0.0,0.0,0.0,0.0,,,,,0.0,,1.4728209972381592,,,,,,,0.0,{},{},0.0,0.0,0.0,0.0,0.0,0.0,0.0,0,0,0.0,0.0,,0.0
87,50980-1785615758534789600,50980,178176,863,519,117,227,0.6013904982618772,0.8,0.77,-0.04640311375260353,0.07388012856245041,-7.568171501159668,3.1590218544006348,9,6,0,3,0.6666666666666666,1.3333333333333333,1.8888888888888888,0.5555555555555556,0.8082060813903809,0.002197265625,-0.012695313431322575,0.0007358601433224976,0.0025219726376235485,0.0087890625,0.87890625,-0.18496093153953552,0.0,0.0,0.0,0.0,-0.04640311375260353,0.010986328125,-0.011880855236086063,1.0813234210283553,1.0,16.83402274286184,-0.01887552856351249,1.9131772369146347,1.7190308570861816,0.11350942403078079,1.7874300479888916,1.900282859802246,2.047961950302124,2.1538991928100586,0.0,0.0,0.0,3.5444288700819016,0.010518769195186906,0.08984375,6.5888494700193405,0.00020304,0.005,0.0,0.0,0.0,0.0,0.0,0.0,0.0,0.0,0.0,,0.0,0.0,0.0,0.0,0.0,0.0,0.0,0.0,0.0,0.0,0.0,0.0,0.0,0.0,0.0,0.0,0.0,0.0,0.0,,,,,0.0,,1.3834710121154785,,,,,,,0.0,{},{},0.0,0.0,0.0,0.0,0.0,0.0,0.0,0,0,0.0,0.0,,0.0
88,50980-1785615758534789600,50980,180224,877,531,117,229,0.6054732041049031,0.82,0.78,-0.041382141411304474,0.07807581126689911,-6.652873516082764,3.396407127380371,14,12,0,2,0.8571428571428571,1.5,1.7857142857142858,0.2857142857142857,0.7222437858581543,0.00537109375,-0.004687499720603228,0.002169226761907339,0.0026831054128706455,0.009765625,0.9765625,-0.17666015028953552,0.0,0.0,0.0,0.0,-0.041382141411304474,0.01513671875,-0.0034744166769087315,0.2295204934302754,1.0,11.670196362284477,-0.010272317420458421,3.3095346838235855,2.917605400085449,0.20373094081878662,3.0670347213745117,3.317728042602539,3.524343490600586,3.7695670127868652,0.0,0.0,0.0,3.281083717942238,0.00798346405645134,0.0714111328125,13.728474892675877,0.00019962666666666667,0.005,0.0,0.0,0.0,0.0,0.0,0.0,0.0,0.0,0.0,,0.0,0.0,0.0,0.0,0.0,0.0,0.0,0.0,0.0,0.0,0.0,0.0,0.0,0.0,0.0,0.0,0.0,0.0,0.0,,,,,0.0,,1.7899941205978394,,,,,,,0.0,{},{},0.0,0.0,0.0,0.0,0.0,0.0,0.0,0,0,0.0,0.0,,0.0
89,50980-1785615758534789600,50980,182272,884,538,117,229,0.6085972850678733,0.86,0.785,-0.04596412181854248,0.07696514576673508,-6.938897132873535,3.215705156326294,7,7,0,0,1.0,2.5714285714285716,2.857142857142857,0.2857142857142857,0.6275355219841003,0.00341796875,-0.01225585862994194,0.0010271266801282763,0.002985839731991291,0.009521484375,0.9521484375,-0.18535156548023224,0.0,0.0,0.0,0.0,-0.04596412181854248,0.012939453125,-0.011252617026912048,0.869569011086082,1.0,14.323421574948307,-0.011029274726752192,3.8553092926740646,3.438223361968994,0.25020942091941833,3.547738552093506,3.791430950164795,4.160523414611816,4.294897079467773,0.0,0.0,0.0,3.5176787078380585,0.005121443609823473,0.0372314453125,9.661558583378792,0.00019621333333333336,0.005,0.0,0.0,0.0,0.0,0.0,0.0,0.0,0.0,0.0,,0.0,0.0,0.0,0.0,0.0,0.0,0.0,0.0,0.0,0.0,0.0,0.0,0.0,0.0,0.0,0.0,0.0,0.0,0.0,,,,,0.0,,1.962540626525879,,,,,,,0.0,{},{},0.0,0.0,0.0,0.0,0.0,0.0,0.0,0,0,0.0,0.0,,0.0
90,50980-1785615758534789600,50980,184320,896,546,118,232,0.609375,0.8,0.77,-0.04204079508781433,0.07888682931661606,-5.885178565979004,3.6104979515075684,12,8,1,3,0.6666666666666666,1.0,1.4166666666666667,0.4166666666666667,0.7728913426399231,0.002685546875,-0.00839843787252903,0.0025199800729751587,0.004689941182732582,0.00732421875,0.732421875,-0.171875,0.0,0.0,0.0,0.0,-0.04204079508781433,0.010009765625,-0.006595957558602095,0.6588864234449695,1.0,17.169016480695003,-0.010085754794999957,3.174731820821762,2.798074960708618,0.23219333589076996,2.8391735553741455,3.2198195457458496,3.418729305267334,3.6969242095947266,0.0,0.0,0.0,3.2063406705856323,0.010189346590777859,0.0894775390625,12.895582556724548,0.00019280000000000002,0.005,0.0,0.0,0.0,0.0,0.0,0.0,0.0,0.0,0.0,,0.0,0.0,0.0,0.0,0.0,0.0,0.0,0.0,0.0,0.0,0.0,0.0,0.0,0.0,0.0,0.0,0.0,0.0,0.0,,,,,0.0,,1.7206159830093384,,,,,,,0.0,{},{},0.0,0.0,0.0,0.0,0.0,0.0,0.0,0,0,0.0,0.0,,0.0
91,50980-1785615758534789600,50980,186368,907,555,120,232,0.6119073869900772,0.8,0.765,-0.04143495112657547,0.08078624308109283,-6.197572708129883,3.299614906311035,11,9,2,0,0.8181818181818182,0.9090909090909091,2.1818181818181817,1.2727272727272727,0.7970468997955322,0.00341796875,-0.005468749441206455,0.001575758564285934,0.0042480467818677425,0.0078125,0.78125,-0.17324218153953552,0.0,0.0,0.0,0.0,-0.04143495112657547,0.01123046875,-0.004012798104668036,0.35728168719412023,1.0,15.4247129556885,-0.011268775735516101,2.2765787541866302,1.9529101848602295,0.15551187098026276,2.106037139892578,2.259993076324463,2.480591297149658,2.5580849647521973,0.0,0.0,0.0,3.355275973677635,0.004274205493857153,0.0302734375,10.162907987833023,0.00018938666666666666,0.005,0.0,0.0,0.0,0.0,0.0,0.0,0.0,0.0,0.0,,0.0,0.0,0.0,0.0,0.0,0.0,0.0,0.0,0.0,0.0,0.0,0.0,0.0,0.0,0.0,0.0,0.0,0.0,0.0,,,,,0.0,,1.4864870309829712,,,,,,,0.0,{},{},0.0,0.0,0.0,0.0,0.0,0.0,0.0,0,0,0.0,0.0,,0.0
92,50980-1785615758534789600,50980,188416,917,565,120,232,0.6161395856052344,0.86,0.785,-0.04702937602996826,0.0722336396574974,-7.241844177246094,2.762350559234619,10,10,0,0,1.0,1.4,1.8,0.4,0.6991236209869385,0.0048828125,-0.014111327938735485,0.0006624038796871901,0.0023242183960974216,0.005615234375,0.5615234375,-0.185546875,0.0,0.0,0.0,0.0,-0.04702937602996826,0.010498046875,-0.013364672369789332,1.27294148972826,1.0,17.672735173877392,-0.014674933510832489,2.4138464629650116,2.179058074951172,0.13066206872463226,2.25930118560791,2.4031715393066406,2.5620572566986084,2.6539905071258545,0.0,0.0,0.0,3.4235113859176636,0.005767246053437702,0.0413818359375,11.14278258383274,0.00018597333333333332,0.005,0.0,0.0,0.0,0.0,0.0,0.0,0.0,0.0,0.0,,0.0,0.0,0.0,0.0,0.0,0.0,0.0,0.0,0.0,0.0,0.0,0.0,0.0,0.0,0.0,0.0,0.0,0.0,0.0,,,,,0.0,,1.5152100324630737,,,,,,,0.0,{},{},0.0,0.0,0.0,0.0,0.0,0.0,0.0,0,0,0.0,0.0,,0.0
93,50980-1785615758534789600,50980,190464,926,572,120,234,0.6177105831533477,0.84,0.78,-0.04528150334954262,0.07701905816793442,-7.260047912597656,3.0063352584838867,9,7,0,2,0.7777777777777778,1.4444444444444444,1.7777777777777777,0.3333333333333333,0.6482996940612793,0.0029296875,-0.0087890625,0.0006059113657101989,0.002893065568059683,0.00634765625,0.634765625,-0.18281249701976776,0.0,0.0,0.0,0.0,-0.04528150334954262,0.00927734375,-0.00791431826655753,0.8529882573662493,1.0,19.703139045669413,-0.027076913276687264,3.13960562646389,2.5609333515167236,0.2755212187767029,2.8692197799682617,3.122516632080078,3.469968318939209,3.696639060974121,0.0,0.0,0.0,3.3111956268548965,0.010416314762551337,0.0889892578125,3.5330901592969894,0.00018256000000000001,0.005,0.0,0.0,0.0,0.0,0.0,0.0,0.0,0.0,0.0,,0.0,0.0,0.0,0.0,0.0,0.0,0.0,0.0,0.0,0.0,0.0,0.0,0.0,0.0,0.0,0.0,0.0,0.0,0.0,,,,,0.0,,1.7828868627548218,,,,,,,0.0,{},{},0.0,0.0,0.0,0.0,0.0,0.0,0.0,0,0,0.0,0.0,,0.0
94,50980-1785615758534789600,50980,192512,937,580,121,236,0.6189967982924226,0.78,0.775,-0.046944476664066315,0.07596539705991745,-7.363887786865234,2.6867737770080566,11,8,1,2,0.7272727272727273,0.7272727272727273,1.5454545454545454,0.8181818181818182,0.7338347434997559,0.0029296875,-0.01235351525247097,0.001174578326754272,0.002731933491304517,0.002197265625,0.2197265625,-0.18232423067092896,0.0,0.0,0.0,0.0,-0.046944476664066315,0.005126953125,-0.011376887297956273,2.218602046592669,1.0,35.554972174385654,-0.018066724645905197,1.9374896883964539,1.718297004699707,0.13464120030403137,1.7392961978912354,1.955660104751587,2.1180760860443115,2.1335229873657227,0.0,0.0,0.0,3.28038589656353,0.011604632796661463,0.0947265625,6.527860879898071,0.00017914666666666668,0.005,0.0,0.0,0.0,0.0,0.0,0.0,0.0,0.0,0.0,,0.0,0.0,0.0,0.0,0.0,0.0,0.0,0.0,0.0,0.0,0.0,0.0,0.0,0.0,0.0,0.0,0.0,0.0,0.0,,,,,0.0,,1.3861390352249146,,,,,,,0.0,{},{},0.0,0.0,0.0,0.0,0.0,0.0,0.0,0,0,0.0,0.0,,0.0
95,50980-1785615758534789600,50980,194560,946,586,122,238,0.6194503171247357,0.8,0.77,-0.04071715101599693,0.08043714612722397,-5.894754409790039,3.2729709148406982,9,6,1,2,0.6666666666666666,1.0,1.8888888888888888,0.8888888888888888,0.7626076340675354,0.001953125,-0.005419922061264515,0.0025286166928708553,0.005158691201359034,0.00830078125,0.830078125,-0.1699218899011612,0.0,0.0,0.0,0.0,-0.04071715101599693,0.01025390625,-0.0034980950877070427,0.3411142922644508,1.0,16.569814073255053,-0.008052007731748745,2.770471915602684,2.517496109008789,0.16455556452274323,2.5381195545196533,2.7680015563964844,2.987131118774414,3.0407047271728516,0.0,0.0,0.0,3.1285134851932526,0.0048503603975404985,0.0347900390625,14.366755962371826,0.00017573333333333337,0.005,0.0,0.0,0.0,0.0,0.0,0.0,0.0,0.0,0.0,,0.0,0.0,0.0,0.0,0.0,0.0,0.0,0.0,0.0,0.0,0.0,0.0,0.0,0.0,0.0,0.0,0.0,0.0,0.0,,,,,0.0,,1.5946872234344482,,,,,,,0.0,{},{},0.0,0.0,0.0,0.0,0.0,0.0,0.0,0,0,0.0,0.0,,0.0
96,50980-1785615758534789600,50980,196608,959,597,122,240,0.6225234619395204,0.8,0.78,-0.043242331594228745,0.07967032492160797,-6.097979545593262,3.18058705329895,13,11,0,2,0.8461538461538461,1.4615384615384615,2.076923076923077,0.6153846153846154,0.7664272785186768,0.0048828125,-0.00839843787252903,0.0019066277891397476,0.003994140308350325,0.007080078125,0.7080078125,-0.17792969942092896,0.0,0.0,0.0,0.0,-0.043242331594228745,0.011962890625,-0.006923245848156512,0.578678463817577,1.0,14.872227187460515,-0.027541672461666167,2.3432016372680664,2.1522655487060547,0.1186739057302475,2.195629596710205,2.322331190109253,2.5150303840637207,2.5369715690612793,0.0,0.0,0.0,3.283690392971039,0.007270067697390914,0.05859375,4.348808109760284,0.00017231999999999998,0.005,0.0,0.0,0.0,0.0,0.0,0.0,0.0,0.0,0.0,,0.0,0.0,0.0,0.0,0.0,0.0,0.0,0.0,0.0,0.0,0.0,0.0,0.0,0.0,0.0,0.0,0.0,0.0,0.0,,,,,0.0,,1.5371575355529785,,,,,,,0.0,{},{},0.0,0.0,0.0,0.0,0.0,0.0,0.0,0,0,0.0,0.0,,0.0
97,50980-1785615758534789600,50980,198656,967,603,123,241,0.6235780765253361,0.76,0.775,-0.04620303213596344,0.07714278250932693,-7.070061683654785,3.5141618251800537,8,6,1,1,0.75,1.125,2.0,0.875,0.7929666638374329,0.002197265625,-0.01313476637005806,0.0010573642794042826,0.0029907224234193563,0.009765625,0.9765625,-0.18466797471046448,0.0,0.0,0.0,0.0,-0.04620303213596344,0.011962890625,-0.01212274469435215,1.013277793514779,1.0,15.43544491493247,-0.014032595907337964,2.6340435296297073,2.3962619304656982,0.18398524820804596,2.43180513381958,2.592745065689087,2.8133838176727295,3.1174168586730957,0.0,0.0,0.0,3.3568058162927628,0.0041822166967904195,0.0294189453125,9.83512932062149,0.00016890666666666664,0.005,0.0,0.0,0.0,0.0,0.0,0.0,0.0,0.0,0.0,,0.0,0.0,0.0,0.0,0.0,0.0,0.0,0.0,0.0,0.0,0.0,0.0,0.0,0.0,0.0,0.0,0.0,0.0,0.0,,,,,0.0,,1.5989758968353271,,,,,,,0.0,{},{},0.0,0.0,0.0,0.0,0.0,0.0,0.0,0,0,0.0,0.0,,0.0
98,50980-1785615758534789600,50980,200704,976,609,123,244,0.6239754098360656,0.74,0.775,-0.04633712396025658,0.0751911848783493,-7.2247843742370605,3.068413734436035,9,6,0,3,0.6666666666666666,0.7777777777777778,1.3333333333333333,0.5555555555555556,0.8112907409667969,0.002197265625,-0.01430664025247097,0.001198971294797957,0.0028881835751235485,0.01025390625,1.025390625,-0.18476563692092896,0.0,0.0,0.0,0.0,-0.04633712396025658,0.012451171875,-0.013284851534990594,1.0668702350360542,1.0,14.838024946626346,-0.00978530800784938,1.8724804297089577,1.6339809894561768,0.12787190079689026,1.6956794261932373,1.8874866962432861,2.00382661819458,2.0869064331054688,0.0,0.0,0.0,3.3397762328386307,0.0027585651114350185,0.01220703125,11.50646311044693,0.00016549333333333333,0.005,0.0,0.0,0.0,0.0,0.0,0.0,0.0,0.0,0.0,,0.0,0.0,0.0,0.0,0.0,0.0,0.0,0.0,0.0,0.0,0.0,0.0,0.0,0.0,0.0,0.0,0.0,0.0,0.0,,,,,0.0,,1.332939863204956,,,,,,,0.0,{},{},0.0,0.0,0.0,0.0,0.0,0.0,0.0,0,0,0.0,0.0,,0.0
99,50980-1785615758534789600,50980,202752,988,620,123,245,0.6275303643724697,0.8,0.785,-0.04677988961338997,0.07338374853134155,-7.596290588378906,3.095520496368408,12,11,0,1,0.9166666666666666,1.3333333333333333,1.75,0.4166666666666667,0.7426314353942871,0.005126953125,-0.01499023474752903,0.00097795354668051,0.002058105543255806,0.00732421875,0.732421875,-0.18544921278953552,0.0,0.0,0.0,0.0,-0.04677988961338997,0.012451171875,-0.01423121997504495,1.1428705062782432,1.0,14.892921062377766,-0.015171135863056406,2.511838883161545,1.9885811805725098,0.253836065530777,2.2656848430633545,2.47670578956604,2.8487589359283447,2.902920722961426,0.0,0.0,0.0,3.490035206079483,0.006998303520958871,0.0528564453125,9.711263597011566,0.00016208,0.005,0.0,0.0,0.0,0.0,0.0,0.0,0.0,0.0,0.0,,0.0,0.0,0.0,0.0,0.0,0.0,0.0,0.0,0.0,0.0,0.0,0.0,0.0,0.0,0.0,0.0,0.0,0.0,0.0,,,,,0.0,,1.5704041719436646,,,,,,,0.0,{},{},0.0,0.0,0.0,0.0,0.0,0.0,0.0,0,0,0.0,0.0,,0.0
100,50980-1785615758534789600,50980,204800,996,626,123,247,0.6285140562248996,0.8,0.79,-0.04821077734231949,0.07092510908842087,-8.077035903930664,3.1514663696289062,8,6,0,2,0.75,1.125,1.375,0.25,0.8168814182281494,0.00244140625,-0.01430664025247097,0.000669955974444747,0.0023193359375,0.00439453125,0.439453125,-0.18671874701976776,0.0,0.0,0.0,0.0,-0.04821077734231949,0.0068359375,-0.013559317274484783,1.983244292416712,1.0,27.310290173015,-0.009702951356302947,1.8681092709302902,1.70794677734375,0.10881582647562027,1.7393808364868164,1.8501871824264526,1.9918532371520996,2.1473307609558105,0.0,0.0,0.0,3.426458925008774,0.0043020510784117505,0.0306396484375,10.793144851922989,0.00015866666666666668,0.005,0.0,0.0,0.0,0.0,0.0,0.0,0.0,0.0,0.0,,0.0,0.0,0.0,0.0,0.0,0.0,0.0,0.0,0.0,0.0,0.0,0.0,0.0,0.0,0.0,0.0,0.0,0.0,0.0,,,,,0.0,,1.3485865592956543,,,,,,,0.0,{},{},0.0,0.0,0.0,0.0,0.0,0.0,0.0,0,0,0.0,0.0,,0.0
101,50980-1785615758534789600,50980,206848,1007,633,123,251,0.6285998013902682,0.76,0.795,-0.04464711993932724,0.07696749269962311,-6.744600296020508,3.3898513317108154,11,7,0,4,0.6363636363636364,1.0,1.3636363636363635,0.36363636363636365,0.7568374872207642,0.00244140625,-0.01040039025247097,0.002180496696382761,0.004069823771715164,0.00830078125,0.830078125,-0.1806640625,0.0,0.0,0.0,0.0,-0.04464711993932724,0.0107421875,-0.008837810135446489,0.8226431992782859,1.0,16.816616344078515,-0.012194202718092129,2.8084364235401154,2.5646281242370605,0.14881812036037445,2.5686116218566895,2.8425345420837402,2.983107089996338,3.014594078063965,0.0,0.0,0.0,3.409819945693016,0.008790928346570581,0.0667724609375,7.821535252034664,0.00015525333333333335,0.005,0.0,0.0,0.0,0.0,0.0,0.0,0.0,0.0,0.0,,0.0,0.0,0.0,0.0,0.0,0.0,0.0,0.0,0.0,0.0,0.0,0.0,0.0,0.0,0.0,0.0,0.0,0.0,0.0,,,,,0.0,,1.6715869903564453,,,,,,,0.0,{},{},0.0,0.0,0.0,0.0,0.0,0.0,0.0,0,0,0.0,0.0,,0.0
102,50980-1785615758534789600,50980,208896,1017,641,123,253,0.6302851524090463,0.76,0.795,-0.044528134167194366,0.0817149430513382,-5.957559585571289,2.615682601928711,10,8,0,2,0.8,1.5,2.3,0.8,0.5909161567687988,0.00341796875,-0.007031249813735485,0.001158943516202271,0.003620604984462261,0.0068359375,0.68359375,-0.18232421576976776,0.0,0.0,0.0,0.0,-0.044528134167194366,0.01025390625,-0.005836362688569352,0.5691288195413149,1.0,17.779218193220224,-0.022382342809578404,2.718752443790436,2.4070487022399902,0.12783534824848175,2.5475289821624756,2.743802547454834,2.8509950637817383,2.884011745452881,0.0,0.0,0.0,3.219110831618309,0.009286358908866532,0.0762939453125,3.629436045885086,0.00015183999999999998,0.005,0.0,0.0,0.0,0.0,0.0,0.0,0.0,0.0,0.0,,0.0,0.0,0.0,0.0,0.0,0.0,0.0,0.0,0.0,0.0,0.0,0.0,0.0,0.0,0.0,0.0,0.0,0.0,0.0,,,,,0.0,,1.6729817390441895,,,,,,,0.0,{},{},0.0,0.0,0.0,0.0,0.0,0.0,0.0,0,0,0.0,0.0,,0.0
103,50980-1785615758534789600,50980,210944,1029,652,123,254,0.6336248785228377,0.8,0.8,-0.045727554708719254,0.0798453539609909,-6.322629451751709,2.965259075164795,12,11,0,1,0.9166666666666666,1.5,2.1666666666666665,0.6666666666666666,0.7752858400344849,0.005126953125,-0.01040039025247097,0.001165224239230156,0.0038378904573619366,0.007568359375,0.7568359375,-0.18662108480930328,0.0,0.0,0.0,0.0,-0.045727554708719254,0.0126953125,-0.009149611578322947,0.7206511007288886,1.0,14.698841479311673,-0.02112935486366041,1.9619165360927582,1.7995942831039429,0.11425802111625671,1.825796127319336,1.9506535530090332,2.1337952613830566,2.1829614639282227,0.0,0.0,0.0,3.3013688027858734,0.009855484000581782,0.0843505859375,4.499421909451485,0.00014842666666666665,0.005,0.0,0.0,0.0,0.0,0.0,0.0,0.0,0.0,0.0,,0.0,0.0,0.0,0.0,0.0,0.0,0.0,0.0,0.0,0.0,0.0,0.0,0.0,0.0,0.0,0.0,0.0,0.0,0.0,,,,,0.0,,1.4056521654129028,,,,,,,0.0,{},{},0.0,0.0,0.0,0.0,0.0,0.0,0.0,0,0,0.0,0.0,,0.0
104,50980-1785615758534789600,50980,212992,1038,659,123,256,0.6348747591522158,0.78,0.8,-0.0454525351524353,0.07623963057994843,-6.651250839233398,3.193237781524658,9,7,0,2,0.7777777777777778,1.5555555555555556,2.2222222222222223,0.6666666666666666,0.7319928407669067,0.0029296875,-0.009814453311264515,0.0015781670808792114,0.0032666015904396772,0.0078125,0.78125,-0.18408203125,0.0,0.0,0.0,0.0,-0.0454525351524353,0.0107421875,-0.008603261143434793,0.8008108527785439,1.0,17.134768545182705,-0.026720256311818957,2.6882652789354324,2.497796058654785,0.1480383276939392,2.5200533866882324,2.650423526763916,2.9006857872009277,2.934460401535034,0.0,0.0,0.0,3.1889041513204575,0.011480592722364236,0.1070556640625,3.3603383973240852,0.00014501333333333334,0.005,0.0,0.0,0.0,0.0,0.0,0.0,0.0,0.0,0.0,,0.0,0.0,0.0,0.0,0.0,0.0,0.0,0.0,0.0,0.0,0.0,0.0,0.0,0.0,0.0,0.0,0.0,0.0,0.0,,,,,0.0,,1.6531203985214233,,,,,,,0.0,{},{},0.0,0.0,0.0,0.0,0.0,0.0,0.0,0,0,0.0,0.0,,0.0
105,50980-1785615758534789600,50980,215040,1046,663,124,259,0.6338432122370937,0.74,0.785,-0.050257302820682526,0.07082614302635193,-7.938048362731934,3.001767873764038,8,4,1,3,0.5,0.75,1.375,0.625,0.7588507533073425,0.000732421875,-0.01787109300494194,0.000218493165448308,0.0021777343936264515,0.003662109375,0.3662109375,-0.18896484375,0.0,0.0,0.0,0.0,-0.050257302820682526,0.00439453125,-0.01727203611517325,3.929453604765806,1.0,42.990217337210375,-0.008271368686109781,2.2681867629289627,1.9993019104003906,0.16389523446559906,2.0386056900024414,2.2569329738616943,2.492403507232666,2.5366697311401367,0.0,0.0,0.0,3.2788496911525726,0.010956599820929114,0.0933837890625,11.591410651803017,0.0001416,0.005,0.0,0.0,0.0,0.0,0.0,0.0,0.0,0.0,0.0,,0.0,0.0,0.0,0.0,0.0,0.0,0.0,0.0,0.0,0.0,0.0,0.0,0.0,0.0,0.0,0.0,0.0,0.0,0.0,,,,,0.0,,1.4740766286849976,,,,,,,0.0,{},{},0.0,0.0,0.0,0.0,0.0,0.0,0.0,0,0,0.0,0.0,,0.0
106,50980-1785615758534789600,50980,217088,1054,669,124,261,0.6347248576850095,0.76,0.78,-0.04576297476887703,0.0750872865319252,-7.475761413574219,2.6204288005828857,8,6,0,2,0.75,1.0,1.125,0.125,0.6760931611061096,0.00244140625,-0.009960937313735485,0.0015220906352624297,0.002475585788488388,0.007568359375,0.7568359375,-0.18466795980930328,0.0,0.0,0.0,0.0,-0.04576297476887703,0.010009765625,-0.00896151820779778,0.89518809484642,1.0,18.44693670063855,-0.01099612336838618,2.1969637125730515,2.0209574699401855,0.13846144080162048,2.044464349746704,2.1844935417175293,2.3991663455963135,2.500976800918579,0.0,0.0,0.0,3.242154136300087,0.008456006471533328,0.075927734375,8.649252891540527,0.0001381866666666667,0.005,0.0,0.0,0.0,0.0,0.0,0.0,0.0,0.0,0.0,,0.0,0.0,0.0,0.0,0.0,0.0,0.0,0.0,0.0,0.0,0.0,0.0,0.0,0.0,0.0,0.0,0.0,0.0,0.0,,,,,0.0,,1.491359829902649,,,,,,,0.0,{},{},0.0,0.0,0.0,0.0,0.0,0.0,0.0,0,0,0.0,0.0,,0.0
107,50980-1785615758534789600,50980,219136,1069,682,125,262,0.6379794200187091,0.78,0.79,-0.039229363203048706,0.08384595811367035,-5.8886799812316895,3.593092918395996,15,13,1,1,0.8666666666666667,1.2666666666666666,2.1333333333333333,0.8666666666666667,0.8169287443161011,0.005615234375,-0.002343749860301614,0.0025657908990979195,0.004677734337747097,0.00927734375,0.927734375,-0.17119140923023224,0.0,0.0,0.0,0.0,-0.039229363203048706,0.014892578125,-0.0005328685510903597,0.035778410440933564,1.0,11.4943103526529,-0.013076458883006126,2.4504361897706985,2.205824375152588,0.15536613762378693,2.2571821212768555,2.4275333881378174,2.624441385269165,2.8390347957611084,0.0,0.0,0.0,3.0103752315044403,0.0024267049448098987,0.0118408203125,13.555075943470001,0.00013477333333333335,0.005,0.0,0.0,0.0,0.0,0.0,0.0,0.0,0.0,0.0,,0.0,0.0,0.0,0.0,0.0,0.0,0.0,0.0,0.0,0.0,0.0,0.0,0.0,0.0,0.0,0.0,0.0,0.0,0.0,,,,,0.0,,1.5373704433441162,,,,,,,0.0,{},{},0.0,0.0,0.0,0.0,0.0,0.0,0.0,0,0,0.0,0.0,,0.0
108,50980-1785615758534789600,50980,221184,1080,691,126,263,0.6398148148148148,0.76,0.785,-0.040433160960674286,0.08296335488557816,-6.200735092163086,3.291246175765991,11,9,1,1,0.8181818181818182,1.4545454545454546,2.1818181818181817,0.7272727272727273,0.8189808130264282,0.003662109375,-0.005859375,0.002629188820719719,0.004306640475988388,0.011962890625,1.1962890625,-0.17275390028953552,0.0,0.0,0.0,0.0,-0.040433160960674286,0.015625,-0.004125417675822973,0.2640098346232544,1.0,11.055542063838187,-0.026376667898148298,1.9409097731113434,1.7379543781280518,0.11900931596755981,1.7834481000900269,1.9624216556549072,2.0679726600646973,2.1665289402008057,0.0,0.0,0.0,3.027352347970009,0.008094586337392684,0.0693359375,2.959532670676708,0.00013136,0.005,0.0,0.0,0.0,0.0,0.0,0.0,0.0,0.0,0.0,,0.0,0.0,0.0,0.0,0.0,0.0,0.0,0.0,0.0,0.0,0.0,0.0,0.0,0.0,0.0,0.0,0.0,0.0,0.0,,,,,0.0,,1.4003050327301025,,,,,,,0.0,{},{},0.0,0.0,0.0,0.0,0.0,0.0,0.0,0,0,0.0,0.0,,0.0
109,50980-1785615758534789600,50980,223232,1090,701,126,263,0.6431192660550459,0.84,0.785,-0.0461859293282032,0.07883414626121521,-6.698958396911621,3.1024272441864014,10,10,0,0,1.0,2.0,2.5,0.5,0.7259377837181091,0.0048828125,-0.012255859561264515,0.001122151268646121,0.003124999813735485,0.01171875,1.171875,-0.19003906846046448,0.0,0.0,0.0,0.0,-0.0461859293282032,0.0166015625,-0.011194071790669113,0.6742375937852433,1.0,11.446369707113854,-0.017885991255752742,2.6216538101434708,2.374103546142578,0.1574024111032486,2.4027814865112305,2.6580357551574707,2.8033266067504883,2.8484437465667725,0.0,0.0,0.0,3.236085683107376,0.007058139868604485,0.0552978515625,4.533712789416313,0.00012794666666666665,0.005,0.0,0.0,0.0,0.0,0.0,0.0,0.0,0.0,0.0,,0.0,0.0,0.0,0.0,0.0,0.0,0.0,0.0,0.0,0.0,0.0,0.0,0.0,0.0,0.0,0.0,0.0,0.0,0.0,,,,,0.0,,1.624150276184082,,,,,,,0.0,{},{},0.0,0.0,0.0,0.0,0.0,0.0,0.0,0,0,0.0,0.0,,0.0
110,50980-1785615758534789600,50980,225280,1099,709,126,264,0.6451319381255687,0.88,0.8,-0.046994879841804504,0.07424043118953705,-6.924842357635498,2.8251545429229736,9,8,0,1,0.8888888888888888,1.3333333333333333,1.7777777777777777,0.4444444444444444,0.6500457525253296,0.003662109375,-0.01054687425494194,0.001219913363456726,0.0031787108164280653,0.0068359375,0.68359375,-0.18925780057907104,0.0,0.0,0.0,0.0,-0.046994879841804504,0.010498046875,-0.009447218209970742,0.899816747410297,1.0,18.026188741925306,-0.012967816088348627,2.7796685695648193,2.330970048904419,0.1853523999452591,2.588146209716797,2.78383731842041,2.9669127464294434,3.164025068283081,0.0,0.0,0.0,3.2037919759750366,0.005389283876866102,0.0379638671875,6.23612853884697,0.00012453333333333334,0.005,0.0,0.0,0.0,0.0,0.0,0.0,0.0,0.0,0.0,,0.0,0.0,0.0,0.0,0.0,0.0,0.0,0.0,0.0,0.0,0.0,0.0,0.0,0.0,0.0,0.0,0.0,0.0,0.0,,,,,0.0,,1.6712747812271118,,,,,,,0.0,{},{},0.0,0.0,0.0,0.0,0.0,0.0,0.0,0,0,0.0,0.0,,0.0
111,50980-1785615758534789600,50980,227328,1109,715,126,268,0.6447249774571686,0.84,0.79,-0.048911042511463165,0.074220210313797,-7.723364353179932,2.9877312183380127,10,6,0,4,0.6,1.2,1.6,0.4,0.7694506645202637,0.001953125,-0.01469726674258709,0.0009024234605021775,0.002580566331744194,0.0068359375,0.68359375,-0.19091796875,0.0,0.0,0.0,0.0,-0.048911042511463165,0.0087890625,-0.013826519294525497,1.5729716705115007,1.0,21.719750997219872,-0.010438465425977483,2.1528963074088097,1.9494044780731201,0.11334294825792313,1.995706558227539,2.1493356227874756,2.287919759750366,2.345627784729004,0.0,0.0,0.0,3.2250182181596756,0.00430649756162893,0.0279541015625,10.097637474536896,0.00012112,0.005,0.0,0.0,0.0,0.0,0.0,0.0,0.0,0.0,0.0,,0.0,0.0,0.0,0.0,0.0,0.0,0.0,0.0,0.0,0.0,0.0,0.0,0.0,0.0,0.0,0.0,0.0,0.0,0.0,,,,,0.0,,1.4345756769180298,,,,,,,0.0,{},{},0.0,0.0,0.0,0.0,0.0,0.0,0.0,0,0,0.0,0.0,,0.0
112,50980-1785615758534789600,50980,229376,1120,724,127,269,0.6464285714285715,0.82,0.78,-0.04463415592908859,0.07694936543703079,-7.605316162109375,3.4677298069000244,11,9,1,1,0.8181818181818182,1.5454545454545454,2.0,0.45454545454545453,0.7852252721786499,0.003662109375,-0.009472656063735485,0.0016063053626567125,0.002419433556497097,0.00830078125,0.830078125,-0.181640625,0.0,0.0,0.0,0.0,-0.04463415592908859,0.011962890625,-0.008466221333947033,0.7076478379245492,1.0,15.182404344322565,-0.017711191001581028,2.559407413005829,2.4147539138793945,0.0967312753200531,2.4377145767211914,2.5393118858337402,2.6935582160949707,2.7038841247558594,0.0,0.0,0.0,3.0181569308042526,0.005651532468618825,0.04296875,7.057685479521751,0.00011770666666666668,0.005,0.0,0.0,0.0,0.0,0.0,0.0,0.0,0.0,0.0,,0.0,0.0,0.0,0.0,0.0,0.0,0.0,0.0,0.0,0.0,0.0,0.0,0.0,0.0,0.0,0.0,0.0,0.0,0.0,,,,,0.0,,1.6070773601531982,,,,,,,0.0,{},{},0.0,0.0,0.0,0.0,0.0,0.0,0.0,0,0,0.0,0.0,,0.0
113,50980-1785615758534789600,50980,231424,1131,730,128,273,0.6454465075154731,0.76,0.765,-0.046215593814849854,0.0741758719086647,-7.4836578369140625,3.1740291118621826,11,6,1,4,0.5454545454545454,0.45454545454545453,1.2727272727272727,0.8181818181818182,0.8030855059623718,0.00146484375,-0.01411132887005806,0.0010274593951180577,0.003527830820530653,0.00537109375,0.537109375,-0.17939454317092896,0.0,0.0,0.0,0.0,-0.046215593814849854,0.0068359375,-0.012972506316145882,1.8974147878558028,1.0,26.239020492863794,-0.02193217779858969,1.9652722850441933,1.7537082433700562,0.11558444797992706,1.804655909538269,1.9798985719680786,2.098386287689209,2.1330952644348145,0.0,0.0,0.0,3.11144483089447,0.007886229490395635,0.06396484375,2.5397051721811295,0.00011429333333333336,0.005,0.0,0.0,0.0,0.0,0.0,0.0,0.0,0.0,0.0,,0.0,0.0,0.0,0.0,0.0,0.0,0.0,0.0,0.0,0.0,0.0,0.0,0.0,0.0,0.0,0.0,0.0,0.0,0.0,,,,,0.0,,1.4084769487380981,,,,,,,0.0,{},{},0.0,0.0,0.0,0.0,0.0,0.0,0.0,0,0,0.0,0.0,,0.0
114,50980-1785615758534789600,50980,233472,1144,739,128,277,0.6459790209790209,0.68,0.775,-0.04077695682644844,0.08182168006896973,-6.2685675621032715,3.552617311477661,13,9,0,4,0.6923076923076923,1.2307692307692308,1.7692307692307692,0.5384615384615384,0.7830082178115845,0.00341796875,-0.0060058594681322575,0.0023163878358900547,0.004548340104520321,0.010498046875,1.0498046875,-0.17255860567092896,0.0,0.0,0.0,0.0,-0.04077695682644844,0.013916015625,-0.0042896774830296636,0.30823256929623977,1.0,12.39910986094973,-0.008151461588568054,2.9014383107423782,2.684262275695801,0.1380903720855713,2.6968698501586914,2.9217529296875,3.0769357681274414,3.1089210510253906,0.0,0.0,0.0,2.9898190051317215,0.004783533040608745,0.0325927734375,11.150429546833038,0.00011087999999999998,0.005,0.0,0.0,0.0,0.0,0.0,0.0,0.0,0.0,0.0,,0.0,0.0,0.0,0.0,0.0,0.0,0.0,0.0,0.0,0.0,0.0,0.0,0.0,0.0,0.0,0.0,0.0,0.0,0.0,,,,,0.0,,1.654893398284912,,,,,,,0.0,{},{},0.0,0.0,0.0,0.0,0.0,0.0,0.0,0,0,0.0,0.0,,0.0
115,50980-1785615758534789600,50980,235520,1155,748,129,278,0.6476190476190476,0.72,0.775,-0.043581873178482056,0.08052971959114075,-5.961190223693848,3.333944082260132,11,9,1,1,0.8181818181818182,1.8181818181818181,2.5454545454545454,0.7272727272727273,0.7601740956306458,0.003662109375,-0.00893554650247097,0.002031890209764242,0.003918456844985485,0.00830078125,0.830078125,-0.1787109375,0.0,0.0,0.0,0.0,-0.043581873178482056,0.011962890625,-0.007447959738783538,0.6225365955135133,1.0,14.937526854898008,-0.01246286922832951,2.6619830280542374,2.487497329711914,0.10466623306274414,2.5380163192749023,2.645383358001709,2.7953906059265137,2.8471755981445312,0.0,0.0,0.0,3.034098967909813,0.005801270963274874,0.046630859375,6.855302728712559,0.00010746666666666666,0.005,0.0,0.0,0.0,0.0,0.0,0.0,0.0,0.0,0.0,,0.0,0.0,0.0,0.0,0.0,0.0,0.0,0.0,0.0,0.0,0.0,0.0,0.0,0.0,0.0,0.0,0.0,0.0,0.0,,,,,0.0,,1.6326998472213745,,,,,,,0.0,{},{},0.0,0.0,0.0,0.0,0.0,0.0,0.0,0,0,0.0,0.0,,0.0
116,50980-1785615758534789600,50980,237568,1161,752,130,279,0.6477174849267873,0.7,0.765,-0.04898247495293617,0.06983329355716705,-7.915556907653809,2.6802730560302734,6,4,1,1,0.6666666666666666,1.1666666666666667,1.6666666666666667,0.5,0.6362955570220947,0.001220703125,-0.01621093600988388,0.0005250053363852203,0.0019018553430214524,0.00634765625,0.634765625,-0.18857422471046448,0.0,0.0,0.0,0.0,-0.04898247495293617,0.007568359375,-0.015604220840032212,2.061498214970433,1.0,24.91283811061811,-0.01900127640692517,2.594303920865059,2.4757742881774902,0.07906099408864975,2.5053319931030273,2.5764217376708984,2.7028489112854004,2.766618251800537,0.0,0.0,0.0,3.1601634472608566,0.006220967494300567,0.0506591796875,5.099716544151306,0.00010405333333333334,0.005,0.0,0.0,0.0,0.0,0.0,0.0,0.0,0.0,0.0,,0.0,0.0,0.0,0.0,0.0,0.0,0.0,0.0,0.0,0.0,0.0,0.0,0.0,0.0,0.0,0.0,0.0,0.0,0.0,,,,,0.0,,1.6164166927337646,,,,,,,0.0,{},{},0.0,0.0,0.0,0.0,0.0,0.0,0.0,0,0,0.0,0.0,,0.0
117,50980-1785615758534789600,50980,239616,1175,761,132,282,0.6476595744680851,0.7,0.765,-0.040793269872665405,0.08246208727359772,-6.324250221252441,3.2417261600494385,14,9,2,3,0.6428571428571429,1.2142857142857142,1.6428571428571428,0.42857142857142855,0.7433229088783264,0.002685546875,-0.005322265438735485,0.0028421732131391764,0.003977050539106131,0.010986328125,1.0986328125,-0.17275391519069672,0.0,0.0,0.0,0.0,-0.040793269872665405,0.013671875,-0.0036174595006741583,0.2645719719279346,1.0,12.634790794964243,-0.02008300635498017,2.657585382461548,2.351503372192383,0.15867400169372559,2.4881398677825928,2.6799089908599854,2.833416223526001,2.9203033447265625,0.0,0.0,0.0,2.9131516069173813,0.0056513475719839334,0.042724609375,4.040068991482258,0.00010064000000000001,0.005,0.0,0.0,0.0,0.0,0.0,0.0,0.0,0.0,0.0,,0.0,0.0,0.0,0.0,0.0,0.0,0.0,0.0,0.0,0.0,0.0,0.0,0.0,0.0,0.0,0.0,0.0,0.0,0.0,,,,,0.0,,1.64236581325531,,,,,,,0.0,{},{},0.0,0.0,0.0,0.0,0.0,0.0,0.0,0,0,0.0,0.0,,0.0
118,50980-1785615758534789600,50980,241664,1182,767,132,283,0.6489001692047377,0.72,0.765,-0.049519479274749756,0.07139511406421661,-7.808295249938965,2.603665828704834,7,6,0,1,0.8571428571428571,1.4285714285714286,2.142857142857143,0.7142857142857143,0.6517820358276367,0.002685546875,-0.01430664025247097,0.0007597379735670984,0.002038574079051614,0.005615234375,0.5615234375,-0.19296875596046448,0.0,0.0,0.0,0.0,-0.049519479274749756,0.00830078125,-0.013607062239316292,1.6390533344053475,1.0,23.244259292000073,-0.01186152346781455,2.3929431438446045,2.148028612136841,0.166591614484787,2.238537311553955,2.357391834259033,2.5708348751068115,2.8621721267700195,0.0,0.0,0.0,3.162611186504364,0.004944075830280781,0.036376953125,7.2378851771354675,9.722666666666669e-05,0.005,0.0,0.0,0.0,0.0,0.0,0.0,0.0,0.0,0.0,,0.0,0.0,0.0,0.0,0.0,0.0,0.0,0.0,0.0,0.0,0.0,0.0,0.0,0.0,0.0,0.0,0.0,0.0,0.0,,,,,0.0,,1.5364232063293457,,,,,,,0.0,{},{},0.0,0.0,0.0,0.0,0.0,0.0,0.0,0,0,0.0,0.0,,0.0
119,50980-1785615758534789600,50980,243712,1194,777,132,285,0.6507537688442211,0.76,0.76,-0.042188793420791626,0.07997232675552368,-6.797110080718994,3.3947181701660156,12,10,0,2,0.8333333333333334,1.6666666666666667,1.9166666666666667,0.25,0.7627494931221008,0.00439453125,-0.006640624720603228,0.0023766765370965004,0.004152831621468067,0.009521484375,0.9521484375,-0.17753906548023224,0.0,0.0,0.0,0.0,-0.042188793420791626,0.013916015625,-0.005008247680962086,0.35986506129701107,1.0,12.756978239020425,-0.008921807864680886,2.737384721636772,2.38747239112854,0.1931413859128952,2.5355496406555176,2.7137093544006348,2.964144468307495,3.198997735977173,0.0,0.0,0.0,2.914223939180374,0.004528046403720509,0.03564453125,7.742925174534321,9.381333333333337e-05,0.005,0.0,0.0,0.0,0.0,0.0,0.0,0.0,0.0,0.0,,0.0,0.0,0.0,0.0,0.0,0.0,0.0,0.0,0.0,0.0,0.0,0.0,0.0,0.0,0.0,0.0,0.0,0.0,0.0,,,,,0.0,,1.6535117626190186,,,,,,,0.0,{},{},0.0,0.0,0.0,0.0,0.0,0.0,0.0,0,0,0.0,0.0,,0.0
120,50980-1785615758534789600,50980,245760,1202,783,132,287,0.651414309484193,0.76,0.765,-0.04782569780945778,0.07570675760507584,-7.306822776794434,2.43192982673645,8,6,0,2,0.75,1.375,2.0,0.625,0.6291539669036865,0.00244140625,-0.01308593712747097,0.0011403283569961786,0.0025341794826090336,0.00927734375,0.927734375,-0.19111327826976776,0.0,0.0,0.0,0.0,-0.04782569780945778,0.01171875,-0.012167310167569667,1.038188542210343,1.0,16.306941553340966,-0.012331124395132065,2.1825971454381943,2.0557332038879395,0.08477167785167694,2.078528881072998,2.18684983253479,2.304245710372925,2.3338794708251953,0.0,0.0,0.0,3.081097185611725,0.006826518663729075,0.052490234375,10.043611958622932,9.039999999999999e-05,0.005,0.0,0.0,0.0,0.0,0.0,0.0,0.0,0.0,0.0,,0.0,0.0,0.0,0.0,0.0,0.0,0.0,0.0,0.0,0.0,0.0,0.0,0.0,0.0,0.0,0.0,0.0,0.0,0.0,,,,,0.0,,1.4809755086898804,,,,,,,0.0,{},{},0.0,0.0,0.0,0.0,0.0,0.0,0.0,0,0,0.0,0.0,,0.0
121,50980-1785615758534789600,50980,247808,1211,790,132,289,0.652353426919901,0.76,0.775,-0.049772851169109344,0.0768989622592926,-7.050447463989258,3.006727695465088,9,7,0,2,0.7777777777777778,1.5555555555555556,1.7777777777777777,0.2222222222222222,0.6640613079071045,0.0029296875,-0.01582031324505806,0.000858622370287776,0.0033886716701090336,0.006103515625,0.6103515625,-0.19404296576976776,0.0,0.0,0.0,0.0,-0.049772851169109344,0.009033203125,-0.014758489734958857,1.6336238548941038,1.0,21.478703000688594,-0.007917304115835577,3.0658378899097443,2.779109477996826,0.115989089012146,2.960667610168457,3.0594723224639893,3.1997785568237305,3.298518180847168,0.0,0.0,0.0,3.0886260122060776,0.0023532332852482796,0.010498046875,12.4811302870512,8.698666666666667e-05,0.005,0.0,0.0,0.0,0.0,0.0,0.0,0.0,0.0,0.0,,0.0,0.0,0.0,0.0,0.0,0.0,0.0,0.0,0.0,0.0,0.0,0.0,0.0,0.0,0.0,0.0,0.0,0.0,0.0,,,,,0.0,,1.7427059412002563,,,,,,,0.0,{},{},0.0,0.0,0.0,0.0,0.0,0.0,0.0,0,0,0.0,0.0,,0.0
122,50980-1785615758534789600,50980,249856,1226,801,132,293,0.6533442088091354,0.8,0.755,-0.03961123526096344,0.08317410200834274,-5.723745346069336,3.423447608947754,15,11,0,4,0.7333333333333333,1.4666666666666666,2.066666666666667,0.6,0.7907046675682068,0.00439453125,-0.004345702938735485,0.0030719812493771315,0.005100097507238388,0.012451171875,1.2451171875,-0.17236328125,0.0,0.0,0.0,0.0,-0.03961123526096344,0.016845703125,-0.002302683249581605,0.13668450334145751,1.0,10.231276705661067,-0.007933267843327485,2.536786511540413,2.294210433959961,0.16296738386154175,2.3482015132904053,2.50844144821167,2.77769136428833,2.8214526176452637,0.0,0.0,0.0,2.755916655063629,0.0018012937434832565,0.009521484375,10.134458392858505,8.357333333333333e-05,0.005,0.0,0.0,0.0,0.0,0.0,0.0,0.0,0.0,0.0,,0.0,0.0,0.0,0.0,0.0,0.0,0.0,0.0,0.0,0.0,0.0,0.0,0.0,0.0,0.0,0.0,0.0,0.0,0.0,,,,,0.0,,1.5661864280700684,,,,,,,0.0,{},{},0.0,0.0,0.0,0.0,0.0,0.0,0.0,0,0,0.0,0.0,,0.0
123,50980-1785615758534789600,50980,251904,1235,808,133,294,0.654251012145749,0.76,0.755,-0.04842030256986618,0.08085044473409653,-6.888108253479004,3.1118109226226807,9,7,1,1,0.7777777777777778,1.5555555555555556,2.5555555555555554,1.0,0.6822041273117065,0.002685546875,-0.015625,0.001151960575953126,0.003474120981991291,0.009033203125,0.9033203125,-0.19072265923023224,0.0,0.0,0.0,0.0,-0.04842030256986618,0.01171875,-0.014468479610513896,1.2345382461668464,1.0,16.273611572792273,-0.005216718360316008,3.2179921865463257,2.9751126766204834,0.21200942993164062,2.9943437576293945,3.15950083732605,3.511488676071167,3.684304714202881,0.0,0.0,0.0,3.1077337861061096,0.0007274205345311202,0.0010986328125,12.289122372865677,8.016e-05,0.005,0.0,0.0,0.0,0.0,0.0,0.0,0.0,0.0,0.0,,0.0,0.0,0.0,0.0,0.0,0.0,0.0,0.0,0.0,0.0,0.0,0.0,0.0,0.0,0.0,0.0,0.0,0.0,0.0,,,,,0.0,,1.7542331218719482,,,,,,,0.0,{},{},0.0,0.0,0.0,0.0,0.0,0.0,0.0,0,0,0.0,0.0,,0.0
124,50980-1785615758534789600,50980,253952,1246,816,134,296,0.6548956661316212,0.78,0.765,-0.04759380221366882,0.0753176212310791,-8.019559860229492,3.1398768424987793,11,8,1,2,0.7272727272727273,1.0,1.5454545454545454,0.5454545454545454,0.7983136177062988,0.0029296875,-0.012744140811264515,0.0010837488807737827,0.002968749962747097,0.006591796875,0.6591796875,-0.18867187201976776,0.0,0.0,0.0,0.0,-0.04759380221366882,0.009521484375,-0.011731016100384295,1.2319281017863888,1.0,19.81330339749366,-0.006443145131925121,2.065721847116947,1.8508679866790771,0.1318245232105255,1.9214595556259155,2.047896385192871,2.2413458824157715,2.339001417160034,0.0,0.0,0.0,3.062519609928131,0.0012332747792243026,0.003173828125,11.38436570763588,7.674666666666668e-05,0.005,0.0,0.0,0.0,0.0,0.0,0.0,0.0,0.0,0.0,,0.0,0.0,0.0,0.0,0.0,0.0,0.0,0.0,0.0,0.0,0.0,0.0,0.0,0.0,0.0,0.0,0.0,0.0,0.0,,,,,0.0,,1.4101030826568604,,,,,,,0.0,{},{},0.0,0.0,0.0,0.0,0.0,0.0,0.0,0,0,0.0,0.0,,0.0
125,50980-1785615758534789600,50980,256000,1255,823,134,298,0.6557768924302789,0.76,0.77,-0.046672023832798004,0.07405809313058853,-8.086796760559082,3.2000834941864014,9,7,0,2,0.7777777777777778,1.3333333333333333,1.5555555555555556,0.2222222222222222,0.774544894695282,0.0029296875,-0.013671875,0.001334293745458126,0.002871093573048711,0.009033203125,0.9033203125,-0.18632812798023224,0.0,0.0,0.0,0.0,-0.046672023832798004,0.011962890625,-0.01262052817037329,1.0548849505528886,1.0,15.574208576504121,-0.018793893745169044,2.2792890071868896,2.0639772415161133,0.10844443738460541,2.1160974502563477,2.322211742401123,2.3749940395355225,2.430267572402954,0.0,0.0,0.0,2.98149074614048,0.004789651000464801,0.037353515625,3.2378697395324707,7.33333333333333e-05,0.005,0.0,0.0,0.0,0.0,0.0,0.0,0.0,0.0,0.0,,0.0,0.0,0.0,0.0,0.0,0.0,0.0,0.0,0.0,0.0,0.0,0.0,0.0,0.0,0.0,0.0,0.0,0.0,0.0,,,,,0.0,,1.5194671154022217,,,,,,,0.0,{},{},0.0,0.0,0.0,0.0,0.0,0.0,0.0,0,0,0.0,0.0,,0.0
126,50980-1785615758534789600,50980,258048,1264,831,134,299,0.6574367088607594,0.78,0.77,-0.04264719784259796,0.07911384105682373,-7.247198104858398,2.9240875244140625,9,8,0,1,0.8888888888888888,1.1111111111111112,1.5555555555555556,0.4444444444444444,0.7157891988754272,0.003662109375,-0.00551757775247097,0.0026203757151961327,0.004814452957361937,0.010986328125,1.0986328125,-0.181640625,0.0,0.0,0.0,0.0,-0.04264719784259796,0.0146484375,-0.003658870584331453,0.2497618481481936,1.0,12.399153551117578,-0.00956042273901403,2.4186035692691803,2.101923942565918,0.14321443438529968,2.24662446975708,2.4221110343933105,2.6123929023742676,2.62880802154541,0.0,0.0,0.0,2.834377631545067,0.003999082655354869,0.028076171875,7.078905522823334,6.991999999999998e-05,0.005,0.0,0.0,0.0,0.0,0.0,0.0,0.0,0.0,0.0,,0.0,0.0,0.0,0.0,0.0,0.0,0.0,0.0,0.0,0.0,0.0,0.0,0.0,0.0,0.0,0.0,0.0,0.0,0.0,,,,,0.0,,1.5588728189468384,,,,,,,0.0,{},{},0.0,0.0,0.0,0.0,0.0,0.0,0.0,0,0,0.0,0.0,,0.0
127,50980-1785615758534789600,50980,260096,1278,844,134,300,0.6604068857589984,0.82,0.775,-0.04206759110093117,0.08078356832265854,-6.518998146057129,3.554459810256958,14,13,0,1,0.9285714285714286,1.7142857142857142,2.142857142857143,0.42857142857142855,0.7638685703277588,0.006103515625,-0.00551757775247097,0.0023295434657484293,0.0036718747578561306,0.011474609375,1.1474609375,-0.18134766817092896,0.0,0.0,0.0,0.0,-0.04206759110093117,0.017578125,-0.00401722319656983,0.2285223636881716,1.0,10.316080474479188,-0.009778193634701893,3.001892000436783,2.652787923812866,0.17030858993530273,2.736513137817383,3.0514276027679443,3.1859960556030273,3.2101359367370605,0.0,0.0,0.0,2.8327293395996094,0.0015474660103791393,0.0059814453125,10.240709900856018,6.650666666666666e-05,0.005,0.0,0.0,0.0,0.0,0.0,0.0,0.0,0.0,0.0,,0.0,0.0,0.0,0.0,0.0,0.0,0.0,0.0,0.0,0.0,0.0,0.0,0.0,0.0,0.0,0.0,0.0,0.0,0.0,,,,,0.0,,1.727231502532959,,,,,,,0.0,{},{},0.0,0.0,0.0,0.0,0.0,0.0,0.0,0,0,0.0,0.0,,0.0
128,50980-1785615758534789600,50980,262144,1287,852,134,301,0.662004662004662,0.86,0.77,-0.0478556752204895,0.08060429990291595,-6.982138633728027,3.499798536300659,9,8,0,1,0.8888888888888888,2.111111111111111,2.5555555555555554,0.4444444444444444,0.6926950216293335,0.003662109375,-0.010498046875,0.001312420004978776,0.002941894344985485,0.00732421875,0.732421875,-0.19287109375,0.0,0.0,0.0,0.0,-0.0478556752204895,0.010986328125,-0.009434468287508935,0.8586681111345198,1.0,17.553957755311874,-0.011382716184016317,3.7283731400966644,3.329404354095459,0.22288917005062103,3.497448682785034,3.716651201248169,3.9963133335113525,4.2009501457214355,0.0,0.0,0.0,2.9137360006570816,0.0037253519403748214,0.022705078125,4.455508321523666,6.309333333333333e-05,0.005,0.0,0.0,0.0,0.0,0.0,0.0,0.0,0.0,0.0,,0.0,0.0,0.0,0.0,0.0,0.0,0.0,0.0,0.0,0.0,0.0,0.0,0.0,0.0,0.0,0.0,0.0,0.0,0.0,,,,,0.0,,1.9401167631149292,,,,,,,0.0,{},{},0.0,0.0,0.0,0.0,0.0,0.0,0.0,0,0,0.0,0.0,,0.0
129,50980-1785615758534789600,50980,264192,1297,859,134,304,0.6622976098689283,0.84,0.76,-0.046155158430337906,0.0801767036318779,-7.346289157867432,3.104584217071533,10,7,0,3,0.7,1.5,1.9,0.4,0.6976323127746582,0.002685546875,-0.00947265513241291,0.0016274421941488981,0.0033984375186264515,0.009033203125,0.9033203125,-0.18818359076976776,0.0,0.0,0.0,0.0,-0.046155158430337906,0.01171875,-0.008216185204219073,0.7010546474301136,1.0,16.05696288485401,-0.005662585579557344,3.0109243988990784,2.6359736919403076,0.21707755327224731,2.7064013481140137,3.075854778289795,3.2516984939575195,3.273026704788208,0.0,0.0,0.0,2.8853309005498886,0.0020843896927544847,0.007568359375,8.305360719561577,5.968000000000001e-05,0.005,0.0,0.0,0.0,0.0,0.0,0.0,0.0,0.0,0.0,,0.0,0.0,0.0,0.0,0.0,0.0,0.0,0.0,0.0,0.0,0.0,0.0,0.0,0.0,0.0,0.0,0.0,0.0,0.0,,,,,0.0,,1.7071478366851807,,,,,,,0.0,{},{},0.0,0.0,0.0,0.0,0.0,0.0,0.0,0,0,0.0,0.0,,0.0
130,50980-1785615758534789600,50980,266240,1305,866,135,304,0.6636015325670498,0.86,0.77,-0.04603505879640579,0.07793021947145462,-6.482822418212891,3.308664560317993,8,7,1,0,0.875,1.25,2.0,0.75,0.6819809675216675,0.0029296875,-0.01132812537252903,0.0016072355210781097,0.004194336012005806,0.005615234375,0.5615234375,-0.18349608778953552,0.0,0.0,0.0,0.0,-0.04603505879640579,0.008544921875,-0.009877732489258051,1.1558416556736955,1.0,21.471772205913776,-0.012711436007521115,3.479455828666687,3.1171152591705322,0.19006314873695374,3.2827048301696777,3.4503376483917236,3.6978750228881836,3.8718066215515137,0.0,0.0,0.0,2.8796654492616653,0.0030667373503092676,0.017578125,8.92258258163929,5.626666666666669e-05,0.005,0.0,0.0,0.0,0.0,0.0,0.0,0.0,0.0,0.0,,0.0,0.0,0.0,0.0,0.0,0.0,0.0,0.0,0.0,0.0,0.0,0.0,0.0,0.0,0.0,0.0,0.0,0.0,0.0,,,,,0.0,,1.865860939025879,,,,,,,0.0,{},{},0.0,0.0,0.0,0.0,0.0,0.0,0.0,0,0,0.0,0.0,,0.0
131,50980-1785615758534789600,50980,268288,1319,878,135,306,0.66565579984837,0.84,0.775,-0.04097062721848488,0.0821152999997139,-6.515692710876465,3.8516669273376465,14,12,0,2,0.8571428571428571,1.6428571428571428,2.2857142857142856,0.6428571428571429,0.8334243297576904,0.00537109375,-0.00429687462747097,0.0025783220771700144,0.003474120981991291,0.011474609375,1.1474609375,-0.17753906548023224,0.0,0.0,0.0,0.0,-0.04097062721848488,0.016845703125,-0.002783763862680644,0.16524086891218626,1.0,10.538505021600908,-0.012012096092803404,2.4489999935030937,1.978350281715393,0.2253240942955017,2.1526784896850586,2.5338480472564697,2.653745651245117,2.8730411529541016,0.0,0.0,0.0,2.807068482041359,0.0036290979842306115,0.0242919921875,4.44913424551487,5.285333333333331e-05,0.005,0.0,0.0,0.0,0.0,0.0,0.0,0.0,0.0,0.0,,0.0,0.0,0.0,0.0,0.0,0.0,0.0,0.0,0.0,0.0,0.0,0.0,0.0,0.0,0.0,0.0,0.0,0.0,0.0,,,,,0.0,,1.5720070600509644,,,,,,,0.0,{},{},0.0,0.0,0.0,0.0,0.0,0.0,0.0,0,0,0.0,0.0,,0.0
132,50980-1785615758534789600,50980,270336,1328,886,135,307,0.6671686746987951,0.84,0.79,-0.04561857879161835,0.0785914957523346,-7.294338226318359,3.5010836124420166,9,8,0,1,0.8888888888888888,1.6666666666666667,2.111111111111111,0.4444444444444444,0.7335196733474731,0.003662109375,-0.010742186568677425,0.0021008304320275784,0.003420409979298711,0.01025390625,1.025390625,-0.18662109971046448,0.0,0.0,0.0,0.0,-0.04561857879161835,0.013916015625,-0.009361876465845853,0.672692818496843,1.0,13.409563137604401,-0.012407383153913543,3.2547827512025833,2.94362211227417,0.22950415313243866,2.9908647537231445,3.191147565841675,3.559413433074951,3.7883307933807373,0.0,0.0,0.0,2.899116560816765,0.003914711429388262,0.027099609375,3.7322768718004227,5e-05,0.005,0.0,0.0,0.0,0.0,0.0,0.0,0.0,0.0,0.0,,0.0,0.0,0.0,0.0,0.0,0.0,0.0,0.0,0.0,0.0,0.0,0.0,0.0,0.0,0.0,0.0,0.0,0.0,0.0,,,,,0.0,,1.8073198795318604,,,,,,,0.0,{},{},0.0,0.0,0.0,0.0,0.0,0.0,0.0,0,0,0.0,0.0,,0.0
133,50980-1785615758534789600,50980,272384,1337,894,135,308,0.668661181750187,0.84,0.795,-0.04972956329584122,0.07045606523752213,-8.517997741699219,2.107240676879883,9,8,0,1,0.8888888888888888,1.3333333333333333,1.3333333333333333,0.0,0.5762784481048584,0.003662109375,-0.01503906212747097,0.0010828269878402352,0.0021191404666751623,0.00732421875,0.732421875,-0.19619140028953552,0.0,0.0,0.0,0.0,-0.04972956329584122,0.010986328125,-0.01423857026384212,1.2959083502243292,1.0,17.856151928614178,-0.004447655286639929,2.0036670565605164,1.8216476440429688,0.10459393262863159,1.8676809072494507,2.0240464210510254,2.130465507507324,2.1879916191101074,0.0,0.0,0.0,3.072065457701683,0.001372081293084193,0.00341796875,11.540214039385319,5e-05,0.005,0.0,0.0,0.0,0.0,0.0,0.0,0.0,0.0,0.0,,0.0,0.0,0.0,0.0,0.0,0.0,0.0,0.0,0.0,0.0,0.0,0.0,0.0,0.0,0.0,0.0,0.0,0.0,0.0,,,,,0.0,,1.3716851472854614,,,,,,,0.0,{},{},0.0,0.0,0.0,0.0,0.0,0.0,0.0,0,0,0.0,0.0,,0.0
134,50980-1785615758534789600,50980,274432,1349,905,135,309,0.6708673091178651,0.9,0.81,-0.04488501697778702,0.07838032394647598,-7.402431488037109,3.3121178150177,12,11,0,1,0.9166666666666666,1.75,1.75,0.0,0.7131755948066711,0.005126953125,-0.00761718675494194,0.002237865002825856,0.0028051757253706455,0.010009765625,1.0009765625,-0.18828125298023224,0.0,0.0,0.0,0.0,-0.04488501697778702,0.01513671875,-0.006356426572892815,0.4199065049278191,1.0,12.437888171243255,-0.004260353030986153,3.206737458705902,2.917001724243164,0.1418491154909134,3.0527737140655518,3.20330548286438,3.4015746116638184,3.4703927040100098,0.0,0.0,0.0,2.9482289403676987,0.0007284076127689332,0.001220703125,11.439696371555328,5e-05,0.005,0.0,0.0,0.0,0.0,0.0,0.0,0.0,0.0,0.0,,0.0,0.0,0.0,0.0,0.0,0.0,0.0,0.0,0.0,0.0,0.0,0.0,0.0,0.0,0.0,0.0,0.0,0.0,0.0,,,,,0.0,,1.7738375663757324,,,,,,,0.0,{},{},0.0,0.0,0.0,0.0,0.0,0.0,0.0,0,0,0.0,0.0,,0.0
135,50980-1785615758534789600,50980,276480,1360,915,135,310,0.6727941176470589,0.9,0.82,-0.047123245894908905,0.08058524131774902,-6.2636566162109375,3.3976917266845703,11,10,0,1,0.9090909090909091,1.9090909090909092,2.090909090909091,0.18181818181818182,0.7378760576248169,0.004638671875,-0.01264648325741291,0.0017700840253382921,0.003857421688735485,0.008056640625,0.8056640625,-0.19013671576976776,0.0,0.0,0.0,0.0,-0.047123245894908905,0.0126953125,-0.011239606828894466,0.8852654523818996,1.0,14.975743214399282,-0.011717618210241199,3.015225127339363,2.746708393096924,0.16457486152648926,2.836123466491699,2.984015941619873,3.2664806842803955,3.329160690307617,0.0,0.0,0.0,3.0005585998296738,0.003620246810896788,0.023193359375,4.200560972094536,5e-05,0.005,0.0,0.0,0.0,0.0,0.0,0.0,0.0,0.0,0.0,,0.0,0.0,0.0,0.0,0.0,0.0,0.0,0.0,0.0,0.0,0.0,0.0,0.0,0.0,0.0,0.0,0.0,0.0,0.0,,,,,0.0,,1.7395517826080322,,,,,,,0.0,{},{},0.0,0.0,0.0,0.0,0.0,0.0,0.0,0,0,0.0,0.0,,0.0
136,50980-1785615758534789600,50980,278528,1369,923,136,310,0.6742147552958364,0.9,0.83,-0.044710103422403336,0.07969160377979279,-6.934927940368652,2.716658592224121,9,8,1,0,0.8888888888888888,1.0,2.0,1.0,0.6386016011238098,0.00341796875,-0.008789061568677425,0.002164323814213276,0.0033935545943677425,0.009765625,0.9765625,-0.18486326932907104,0.0,0.0,0.0,0.0,-0.044710103422403336,0.01318359375,-0.007399591966532171,0.5612301832608358,1.0,14.021157787214419,-0.006503372540464625,2.6279101818799973,2.4497287273406982,0.11462446302175522,2.4678730964660645,2.6360278129577637,2.750645160675049,2.8453731536865234,0.0,0.0,0.0,2.9539732933044434,0.0020635313630918972,0.007080078125,9.879260659217834,5e-05,0.005,0.0,0.0,0.0,0.0,0.0,0.0,0.0,0.0,0.0,,0.0,0.0,0.0,0.0,0.0,0.0,0.0,0.0,0.0,0.0,0.0,0.0,0.0,0.0,0.0,0.0,0.0,0.0,0.0,,,,,0.0,,1.6331578493118286,,,,,,,0.0,{},{},0.0,0.0,0.0,0.0,0.0,0.0,0.0,0,0,0.0,0.0,,0.0
137,50980-1785615758534789600,50980,280576,1379,932,136,311,0.6758520667150109,0.9,0.84,-0.04756901413202286,0.0767337754368782,-7.455839157104492,3.13047194480896,10,9,0,1,0.9,1.6,2.1,0.5,0.7493443489074707,0.004150390625,-0.01191406138241291,0.0016231662593781948,0.003393554827198386,0.0078125,0.78125,-0.19179688394069672,0.0,0.0,0.0,0.0,-0.04756901413202286,0.011962890625,-0.010659881110768765,0.8910045607148608,1.0,16.03131372163449,-0.009066655155038461,2.4650429487228394,2.037376642227173,0.19673287868499756,2.254150867462158,2.4901669025421143,2.6839704513549805,2.852940797805786,0.0,0.0,0.0,2.9760961681604385,0.0017354954979964532,0.00732421875,6.22399041056633,5e-05,0.005,0.0,0.0,0.0,0.0,0.0,0.0,0.0,0.0,0.0,,0.0,0.0,0.0,0.0,0.0,0.0,0.0,0.0,0.0,0.0,0.0,0.0,0.0,0.0,0.0,0.0,0.0,0.0,0.0,,,,,0.0,,1.5672873258590698,,,,,,,0.0,{},{},0.0,0.0,0.0,0.0,0.0,0.0,0.0,0,0,0.0,0.0,,0.0
138,50980-1785615758534789600,50980,282624,1389,941,136,312,0.6774658027357812,0.9,0.835,-0.047791630029678345,0.07997405529022217,-7.43109130859375,3.809166193008423,10,9,0,1,0.9,1.5,2.0,0.5,0.8011380434036255,0.004150390625,-0.014941406436264515,0.0022049907129257917,0.004575194790959358,0.0087890625,0.87890625,-0.19121094048023224,0.0,0.0,0.0,0.0,-0.047791630029678345,0.012939453125,-0.013246360060293227,1.0236395845136395,1.0,14.776216770247931,-0.007516865734942257,2.905542016029358,2.4965107440948486,0.18723274767398834,2.699575662612915,2.958156108856201,3.0960097312927246,3.243217706680298,0.0,0.0,0.0,2.9323361963033676,0.0015356294461525977,0.005859375,5.530673533678055,5e-05,0.005,0.0,0.0,0.0,0.0,0.0,0.0,0.0,0.0,0.0,,0.0,0.0,0.0,0.0,0.0,0.0,0.0,0.0,0.0,0.0,0.0,0.0,0.0,0.0,0.0,0.0,0.0,0.0,0.0,,,,,0.0,,1.6986571550369263,,,,,,,0.0,{},{},0.0,0.0,0.0,0.0,0.0,0.0,0.0,0,0,0.0,0.0,,0.0
139,50980-1785615758534789600,50980,284672,1402,952,137,313,0.6790299572039943,0.9,0.845,-0.04491477459669113,0.0805019959807396,-6.978511810302734,3.5550155639648438,13,11,1,1,0.8461538461538461,1.3076923076923077,2.0,0.6923076923076923,0.6865344047546387,0.004638671875,-0.005810546223074198,0.0018251790897920728,0.004216308705508709,0.009765625,0.9765625,-0.18984374403953552,0.0,0.0,0.0,0.0,-0.04491477459669113,0.014404296875,-0.004300174274249002,0.2985134087525706,1.0,13.178745685484913,-0.006636500940658152,4.103593125939369,3.7409286499023438,0.20100687444210052,3.903700351715088,4.080145359039307,4.418765068054199,4.462947845458984,0.0,0.0,0.0,2.855342537164688,0.0024321495948242955,0.0103759765625,13.483168959617615,5e-05,0.005,0.0,0.0,0.0,0.0,0.0,0.0,0.0,0.0,0.0,,0.0,0.0,0.0,0.0,0.0,0.0,0.0,0.0,0.0,0.0,0.0,0.0,0.0,0.0,0.0,0.0,0.0,0.0,0.0,,,,,0.0,,1.9903820753097534,,,,,,,0.0,{},{},0.0,0.0,0.0,0.0,0.0,0.0,0.0,0,0,0.0,0.0,,0.0
140,50980-1785615758534789600,50980,286720,1410,960,137,313,0.6808510638297872,0.9,0.855,-0.04533691704273224,0.07709401845932007,-7.248373985290527,3.1865041255950928,8,8,0,0,1.0,1.875,2.25,0.375,0.6670153141021729,0.00390625,-0.00986328162252903,0.0018465506145730615,0.003630370832979679,0.009521484375,0.9521484375,-0.18623046576976776,0.0,0.0,0.0,0.0,-0.04533691704273224,0.013427734375,-0.008494051260640845,0.6325280568847982,1.0,13.868057895051466,-0.010558421665336937,3.381938859820366,3.0938024520874023,0.1691063791513443,3.166954517364502,3.3691928386688232,3.6162469387054443,3.686199188232422,0.0,0.0,0.0,2.7931395769119263,0.0024139160523191094,0.0150146484375,6.219072371721268,5e-05,0.005,0.0,0.0,0.0,0.0,0.0,0.0,0.0,0.0,0.0,,0.0,0.0,0.0,0.0,0.0,0.0,0.0,0.0,0.0,0.0,0.0,0.0,0.0,0.0,0.0,0.0,0.0,0.0,0.0,,,,,0.0,,1.8387666940689087,,,,,,,0.0,{},{},0.0,0.0,0.0,0.0,0.0,0.0,0.0,0,0,0.0,0.0,,0.0
141,50980-1785615758534789600,50980,288768,1422,970,137,315,0.6821378340365682,0.9,0.86,-0.04682862013578415,0.07717224210500717,-6.832653999328613,3.47304368019104,12,10,0,2,0.8333333333333334,1.6666666666666667,2.0,0.3333333333333333,0.6683480739593506,0.00439453125,-0.011572265066206455,0.0017170142382383347,0.0026562500279396772,0.00732421875,0.732421875,-0.18837891519069672,0.0,0.0,0.0,0.0,-0.04682862013578415,0.01171875,-0.010478948999661952,0.8941273491040298,1.0,16.073629146585613,-0.0033869386097649112,4.277031481266022,3.6403632164001465,0.2877658009529114,3.954822063446045,4.318711757659912,4.608671188354492,4.809671401977539,0.0,0.0,0.0,2.83342082798481,0.001057641944498755,0.002197265625,17.0398990213871,5e-05,0.005,0.0,0.0,0.0,0.0,0.0,0.0,0.0,0.0,0.0,,0.0,0.0,0.0,0.0,0.0,0.0,0.0,0.0,0.0,0.0,0.0,0.0,0.0,0.0,0.0,0.0,0.0,0.0,0.0,,,,,0.0,,2.000098943710327,,,,,,,0.0,{},{},0.0,0.0,0.0,0.0,0.0,0.0,0.0,0,0,0.0,0.0,,0.0
142,50980-1785615758534789600,50980,290816,1431,977,137,317,0.6827393431167016,0.86,0.86,-0.04726753383874893,0.07436195015907288,-7.727362155914307,3.6426963806152344,9,7,0,2,0.7777777777777778,1.2222222222222223,1.8888888888888888,0.6666666666666666,0.8121334314346313,0.0029296875,-0.01123046875,0.0015998949529603124,0.002741699106991291,0.00732421875,0.732421875,-0.18925781548023224,0.0,0.0,0.0,0.0,-0.04726753383874893,0.01025390625,-0.0101450702350121,0.9892894179322312,1.0,18.455343312400565,-0.010187950450927019,2.4750252664089203,2.1883721351623535,0.15121540427207947,2.268709182739258,2.5030808448791504,2.6596009731292725,2.6893529891967773,0.0,0.0,0.0,2.9064429700374603,0.0030484404778690077,0.018798828125,4.213174596428871,5e-05,0.005,0.0,0.0,0.0,0.0,0.0,0.0,0.0,0.0,0.0,,0.0,0.0,0.0,0.0,0.0,0.0,0.0,0.0,0.0,0.0,0.0,0.0,0.0,0.0,0.0,0.0,0.0,0.0,0.0,,,,,0.0,,1.578874945640564,,,,,,,0.0,{},{},0.0,0.0,0.0,0.0,0.0,0.0,0.0,0,0,0.0,0.0,,0.0
143,50980-1785615758534789600,50980,292864,1443,985,138,320,0.6826056826056826,0.82,0.855,-0.04904662072658539,0.07936384528875351,-7.83571195602417,3.5080080032348633,12,8,1,3,0.6666666666666666,1.3333333333333333,1.5,0.16666666666666666,0.7330011129379272,0.002685546875,-0.014501952566206455,0.0011787544935941696,0.0034106443636119366,0.007568359375,0.7568359375,-0.19326171278953552,0.0,0.0,0.0,0.0,-0.04904662072658539,0.01025390625,-0.013354602851904929,1.3022647429765561,1.0,18.84578055401877,-0.009851174836512655,3.2913366854190826,2.8672492504119873,0.20278920233249664,3.0511717796325684,3.313462972640991,3.4512295722961426,3.7811543941497803,0.0,0.0,0.0,2.8575801700353622,0.0035613465079222806,0.0208740234375,5.014185518026352,5e-05,0.005,0.0,0.0,0.0,0.0,0.0,0.0,0.0,0.0,0.0,,0.0,0.0,0.0,0.0,0.0,0.0,0.0,0.0,0.0,0.0,0.0,0.0,0.0,0.0,0.0,0.0,0.0,0.0,0.0,,,,,0.0,,1.8126556873321533,,,,,,,0.0,{},{},0.0,0.0,0.0,0.0,0.0,0.0,0.0,0,0,0.0,0.0,,0.0
144,50980-1785615758534789600,50980,294912,1452,990,140,322,0.6818181818181818,0.76,0.845,-0.04418274015188217,0.0787522941827774,-6.333458423614502,3.5916452407836914,9,5,2,2,0.5555555555555556,0.5555555555555556,1.5555555555555556,1.0,0.7043110132217407,0.0009765625,-0.0060058594681322575,0.0024268277920782566,0.0044311522506177425,0.0078125,0.78125,-0.18144531548023224,0.0,0.0,0.0,0.0,-0.04418274015188217,0.0087890625,-0.004291364457458258,0.48820636456888195,1.0,20.642096171697556,-0.008676751866005361,3.7909461110830307,3.378592014312744,0.18160206079483032,3.5758042335510254,3.782029628753662,3.9663681983947754,4.179528713226318,0.0,0.0,0.0,2.722161501646042,0.003198336220521014,0.0201416015625,4.745471104979515,5e-05,0.005,0.0,0.0,0.0,0.0,0.0,0.0,0.0,0.0,0.0,,0.0,0.0,0.0,0.0,0.0,0.0,0.0,0.0,0.0,0.0,0.0,0.0,0.0,0.0,0.0,0.0,0.0,0.0,0.0,,,,,0.0,,1.9530394077301025,,,,,,,0.0,{},{},0.0,0.0,0.0,0.0,0.0,0.0,0.0,0,0,0.0,0.0,,0.0
145,50980-1785615758534789600,50980,296960,1467,1003,141,323,0.6837082481254261,0.76,0.845,-0.03794190660119057,0.08599808067083359,-5.298117637634277,3.681544780731201,15,13,1,1,0.8666666666666667,1.7333333333333334,2.466666666666667,0.7333333333333333,0.7607900500297546,0.005615234375,-0.0024414057843387127,0.0037717577069997787,0.006206054240465164,0.0126953125,1.26953125,-0.16982422769069672,0.0,0.0,0.0,0.0,-0.03794190660119057,0.018310546875,5.304720252752304e-05,0.002896926343232433,1.0,9.27416066212029,-0.0014755871379747987,3.718369171023369,3.35274600982666,0.2691158950328827,3.3975746631622314,3.6520369052886963,4.073046684265137,4.244964599609375,0.0,0.0,0.0,2.558295637369156,0.001037957270455081,0.0009765625,19.783855855464935,5e-05,0.005,0.0,0.0,0.0,0.0,0.0,0.0,0.0,0.0,0.0,,0.0,0.0,0.0,0.0,0.0,0.0,0.0,0.0,0.0,0.0,0.0,0.0,0.0,0.0,0.0,0.0,0.0,0.0,0.0,,,,,0.0,,1.8006103038787842,,,,,,,0.0,{},{},0.0,0.0,0.0,0.0,0.0,0.0,0.0,0,0,0.0,0.0,,0.0
146,50980-1785615758534789600,50980,299008,1473,1009,141,323,0.6849966055668704,0.76,0.845,-0.04591734707355499,0.07954837381839752,-7.6336669921875,2.9979100227355957,6,6,0,0,1.0,2.1666666666666665,2.6666666666666665,0.5,0.7445391416549683,0.0029296875,-0.00908203050494194,0.001353919506072998,0.002541503868997097,0.011962890625,1.1962890625,-0.19023437798023224,0.0,0.0,0.0,0.0,-0.04591734707355499,0.014892578125,-0.008108174661174417,0.5444074347429132,1.0,12.772913022217907,-0.0044878649059683084,2.393349438905716,2.0981950759887695,0.13219468295574188,2.234501838684082,2.420307159423828,2.547470808029175,2.596126079559326,0.0,0.0,0.0,2.808760091662407,0.0013061847857898101,0.00634765625,12.902944386005402,5e-05,0.005,0.0,0.0,0.0,0.0,0.0,0.0,0.0,0.0,0.0,,0.0,0.0,0.0,0.0,0.0,0.0,0.0,0.0,0.0,0.0,0.0,0.0,0.0,0.0,0.0,0.0,0.0,0.0,0.0,,,,,0.0,,1.515237808227539,,,,,,,0.0,{},{},0.0,0.0,0.0,0.0,0.0,0.0,0.0,0,0,0.0,0.0,,0.0
147,50980-1785615758534789600,50980,301056,1487,1022,141,324,0.6872898453261601,0.82,0.85,-0.04371284693479538,0.07869386672973633,-7.135826587677002,3.7506215572357178,14,13,0,1,0.9285714285714286,1.5714285714285714,1.7857142857142858,0.21428571428571427,0.8242254853248596,0.006103515625,-0.012646484188735485,0.0027896608226001263,0.004006347618997097,0.010986328125,1.0986328125,-0.18105468153953552,0.0,0.0,0.0,0.0,-0.04371284693479538,0.01708984375,-0.01094748207833618,0.6405466130562558,1.0,10.593665484744456,-0.00666258973069489,2.5301162898540497,2.135181427001953,0.16581284999847412,2.3836846351623535,2.500852584838867,2.713080406188965,2.862607479095459,0.0,0.0,0.0,2.760830983519554,0.0011759455519495532,0.00244140625,11.88978859782219,5e-05,0.005,0.0,0.0,0.0,0.0,0.0,0.0,0.0,0.0,0.0,,0.0,0.0,0.0,0.0,0.0,0.0,0.0,0.0,0.0,0.0,0.0,0.0,0.0,0.0,0.0,0.0,0.0,0.0,0.0,,,,,0.0,,1.5724658966064453,,,,,,,0.0,{},{},0.0,0.0,0.0,0.0,0.0,0.0,0.0,0,0,0.0,0.0,,0.0
