episode_id,run_id,run_pid,timesteps,policy_update,rollout_step,latent_z,curriculum_phase,mode,map_set,map_layout,map_id,map_vertical_mirror,opponent,opponent_id,success,blue_score,red_score,win_margin,decision_steps,zone_coverage,collision_free_episode,collision_events_per_episode,obstacle_collision_events_per_episode,near_misses_per_episode,blue_route_upper_crossings,blue_route_lower_crossings,red_route_upper_crossings,red_route_lower_crossings,blue_attack_upper_crossings,blue_attack_lower_crossings,blue_return_upper_crossings,blue_return_lower_crossings,blue_intercept_upper_crossings,blue_intercept_lower_crossings,red_attack_upper_crossings,red_attack_lower_crossings,red_return_upper_crossings,red_return_lower_crossings,red_intercept_upper_crossings,red_intercept_lower_crossings,time_to_first_score,mean_inter_robot_dist,reward_terminal,reward_offense,reward_pbrs,reward_team,reward_sparse,reward_sparse_points,reward_failure,reward_total,canonical_map,resolved_map,ruleset_id,ruleset_fingerprint,formal_result_eligible
1,sappo_pi_A_specialist_1p5M_seed7100001,48532,1003072,489,100,,OP3,OPPONENT_POOL,train,map_a_open,-1,0,SCRIPTED:OP6,5,1,3,0,3,100,0.47999998927116394,1,0,0,30,0,0,0,0,0,0,0,0,0,0,0,0,0,0,0,0,44.0,5.012328186035156,1.0,0.5,-0.009621962904930115,0.0,1.0,100.0,0.0,0.5541831851005554,map_a,map_a_open,RULESET_V3_M1_OWN_FLAG_HOME,73b77ac3a0efb2c33a4498544c96bb702a656cbbfe17af18ec859c6d6b4c2142,True
2,sappo_pi_A_specialist_1p5M_seed7100001,48532,1004256,490,46,,OP3,OPPONENT_POOL,train,map_a_open,-1,0,SCRIPTED:OP6,5,1,3,0,3,174,0.4399999976158142,1,0,0,101,0,0,0,0,0,0,0,0,0,0,0,0,0,0,0,0,68.0,4.268034836341595,1.0,0.5,-0.005513876676559448,0.0,1.0,100.0,0.0,0.5543610453605652,map_a,map_a_open,RULESET_V3_M1_OWN_FLAG_HOME,73b77ac3a0efb2c33a4498544c96bb702a656cbbfe17af18ec859c6d6b4c2142,True
3,sappo_pi_A_specialist_1p5M_seed7100001,48532,1005312,490,112,,OP3,OPPONENT_POOL,train,map_a_open,-1,0,SCRIPTED:OP6,5,0,0,0,0,240,0.5199999809265137,1,0,0,22,0,0,0,0,0,0,0,0,0,0,0,0,0,0,0,0,,11.921058146158854,-0.5,0.0,-0.006499171257019043,0.04999999701976776,0.0,0.0,-0.004000000189989805,-0.12266042828559875,map_a,map_a_open,RULESET_V3_M1_OWN_FLAG_HOME,73b77ac3a0efb2c33a4498544c96bb702a656cbbfe17af18ec859c6d6b4c2142,True
4,sappo_pi_A_specialist_1p5M_seed7100001,48532,1005312,490,112,,OP3,OPPONENT_POOL,train,map_a_open,-1,0,SCRIPTED:OP6,5,0,0,0,0,240,0.5600000023841858,1,0,0,13,0,0,0,0,0,0,0,0,0,0,0,0,0,0,0,0,,12.233937581380209,-0.5,0.0,-0.012824922800064087,0.04999999701976776,0.0,0.0,0.0,-0.12206483632326126,map_a,map_a_open,RULESET_V3_M1_OWN_FLAG_HOME,73b77ac3a0efb2c33a4498544c96bb702a656cbbfe17af18ec859c6d6b4c2142,True
5,sappo_pi_A_specialist_1p5M_seed7100001,48532,1005312,490,112,,OP3,OPPONENT_POOL,train,map_a_open,-1,0,SCRIPTED:OP6,5,0,0,0,0,240,0.3999999761581421,1,0,0,22,0,0,0,0,0,0,0,0,0,0,0,0,0,0,0,0,,12.725832112630208,-0.5,0.0,0.005370497703552246,0.04999999701976776,0.0,0.0,-0.004000000189989805,-0.12192966789007187,map_a,map_a_open,RULESET_V3_M1_OWN_FLAG_HOME,73b77ac3a0efb2c33a4498544c96bb702a656cbbfe17af18ec859c6d6b4c2142,True
6,sappo_pi_A_specialist_1p5M_seed7100001,48532,1005312,490,112,,OP3,OPPONENT_POOL,train,map_a_open,-1,0,SCRIPTED:OP6,5,0,1,1,0,240,0.5199999809265137,1,0,0,34,0,0,0,0,0,0,0,0,0,0,0,0,0,0,0,0,81.0,9.236551920572916,-0.5,0.0,-0.0029330402612686157,0.04999999701976776,0.0,0.0,0.0,-0.12145576626062393,map_a,map_a_open,RULESET_V3_M1_OWN_FLAG_HOME,73b77ac3a0efb2c33a4498544c96bb702a656cbbfe17af18ec859c6d6b4c2142,True
7,sappo_pi_A_specialist_1p5M_seed7100001,48532,1005312,490,112,,OP3,OPPONENT_POOL,train,map_a_open,-1,0,SCRIPTED:OP6,5,0,0,0,0,240,0.5999999642372131,1,0,0,15,0,0,0,0,0,0,0,0,0,0,0,0,0,0,0,0,,13.292878214518229,-0.5,0.0,-0.011504709720611572,0.04999999701976776,0.0,0.0,-0.004000000189989805,-0.12296855449676514,map_a,map_a_open,RULESET_V3_M1_OWN_FLAG_HOME,73b77ac3a0efb2c33a4498544c96bb702a656cbbfe17af18ec859c6d6b4c2142,True
8,sappo_pi_A_specialist_1p5M_seed7100001,48532,1005312,490,112,,OP3,OPPONENT_POOL,train,map_a_open,-1,0,SCRIPTED:OP6,5,1,1,0,1,240,0.35999998450279236,1,0,0,18,0,0,0,0,0,0,0,0,0,0,0,0,0,0,0,0,46.0,11.976485188802084,1.0,0.0,-0.006489783525466919,0.04999999701976776,0.0,0.0,-0.004000000189989805,0.24653421342372894,map_a,map_a_open,RULESET_V3_M1_OWN_FLAG_HOME,73b77ac3a0efb2c33a4498544c96bb702a656cbbfe17af18ec859c6d6b4c2142,True
9,sappo_pi_A_specialist_1p5M_seed7100001,48532,1005312,490,112,,OP3,OPPONENT_POOL,train,map_a_open,-1,0,SCRIPTED:OP6,5,1,1,0,1,240,0.5199999809265137,1,0,0,15,0,0,0,0,0,0,0,0,0,0,0,0,0,0,0,0,42.0,12.103787231445313,1.0,0.0,-0.024936139583587646,0.04999999701976776,0.0,0.0,0.0,0.24639062583446503,map_a,map_a_open,RULESET_V3_M1_OWN_FLAG_HOME,73b77ac3a0efb2c33a4498544c96bb702a656cbbfe17af18ec859c6d6b4c2142,True
10,sappo_pi_A_specialist_1p5M_seed7100001,48532,1005312,490,112,,OP3,OPPONENT_POOL,train,map_a_open,-1,0,SCRIPTED:OP6,5,0,0,0,0,240,0.35999998450279236,1,0,0,22,0,0,0,0,0,0,0,0,0,0,0,0,0,0,0,0,,12.543507893880209,-0.5,0.0,-0.007933244109153748,0.04999999701976776,0.0,0.0,0.0,-0.12176364660263062,map_a,map_a_open,RULESET_V3_M1_OWN_FLAG_HOME,73b77ac3a0efb2c33a4498544c96bb702a656cbbfe17af18ec859c6d6b4c2142,True
11,sappo_pi_A_specialist_1p5M_seed7100001,48532,1005312,490,112,,OP3,OPPONENT_POOL,train,map_a_open,-1,0,SCRIPTED:OP6,5,1,1,0,1,240,0.5199999809265137,1,0,0,16,0,0,0,0,0,0,0,0,0,0,0,0,0,0,0,0,29.0,12.482640584309896,1.0,0.0,7.575750350952148e-05,0.04999999701976776,0.0,0.0,-0.004000000189989805,0.24691958725452423,map_a,map_a_open,RULESET_V3_M1_OWN_FLAG_HOME,73b77ac3a0efb2c33a4498544c96bb702a656cbbfe17af18ec859c6d6b4c2142,True
12,sappo_pi_A_specialist_1p5M_seed7100001,48532,1005312,490,112,,OP3,OPPONENT_POOL,train,map_a_open,-1,0,SCRIPTED:OP6,5,0,0,0,0,240,0.3999999761581421,1,0,0,14,0,0,0,0,0,0,0,0,0,0,0,0,0,0,0,0,,12.868586222330729,-0.5,0.0,-0.009069159626960754,0.04999999701976776,0.0,0.0,0.0,-0.12183359265327454,map_a,map_a_open,RULESET_V3_M1_OWN_FLAG_HOME,73b77ac3a0efb2c33a4498544c96bb702a656cbbfe17af18ec859c6d6b4c2142,True
13,sappo_pi_A_specialist_1p5M_seed7100001,48532,1005312,490,112,,OP3,OPPONENT_POOL,train,map_a_open,-1,0,SCRIPTED:OP6,5,1,2,0,2,240,0.3999999761581421,1,0,0,52,0,0,0,0,0,0,0,0,0,0,0,0,0,0,0,0,38.0,9.281265258789062,1.0,0.0,-0.011364251375198364,0.04999999701976776,0.0,0.0,0.0,0.24718719720840454,map_a,map_a_open,RULESET_V3_M1_OWN_FLAG_HOME,73b77ac3a0efb2c33a4498544c96bb702a656cbbfe17af18ec859c6d6b4c2142,True
14,sappo_pi_A_specialist_1p5M_seed7100001,48532,1005312,490,112,,OP3,OPPONENT_POOL,train,map_a_open,-1,0,SCRIPTED:OP6,5,0,0,0,0,240,0.3999999761581421,1,0,0,9,0,0,0,0,0,0,0,0,0,0,0,0,0,0,0,0,,12.874422200520833,-0.5,0.0,-0.009143397212028503,0.04999999701976776,0.0,0.0,-0.004000000189989805,-0.12282320111989975,map_a,map_a_open,RULESET_V3_M1_OWN_FLAG_HOME,73b77ac3a0efb2c33a4498544c96bb702a656cbbfe17af18ec859c6d6b4c2142,True
15,sappo_pi_A_specialist_1p5M_seed7100001,48532,1005312,490,112,,OP3,OPPONENT_POOL,train,map_a_open,-1,0,SCRIPTED:OP6,5,1,1,0,1,240,0.47999998927116394,1,0,0,14,0,0,0,0,0,0,0,0,0,0,0,0,0,0,0,0,42.0,12.148317464192708,1.0,0.0,-0.00793282687664032,0.04999999701976776,0.0,0.0,0.0,0.2473885416984558,map_a,map_a_open,RULESET_V3_M1_OWN_FLAG_HOME,73b77ac3a0efb2c33a4498544c96bb702a656cbbfe17af18ec859c6d6b4c2142,True
16,sappo_pi_A_specialist_1p5M_seed7100001,48532,1005312,490,112,,OP3,OPPONENT_POOL,train,map_a_open,-1,0,SCRIPTED:OP6,5,1,1,0,1,240,0.5600000023841858,1,0,0,132,0,0,0,0,0,0,0,0,0,0,0,0,0,0,0,0,179.0,4.20322748819987,1.0,0.0,-0.0033149421215057373,0.029999999329447746,0.0,0.0,0.0,0.24648579955101013,map_a,map_a_open,RULESET_V3_M1_OWN_FLAG_HOME,73b77ac3a0efb2c33a4498544c96bb702a656cbbfe17af18ec859c6d6b4c2142,True
17,sappo_pi_A_specialist_1p5M_seed7100001,48532,1006912,491,84,,OP3,OPPONENT_POOL,train,map_a_open,-1,0,SCRIPTED:OP6,5,1,1,0,1,240,0.4399999976158142,1,0,0,44,0,0,0,0,0,0,0,0,0,0,0,0,0,0,0,0,77.0,9.984035237630208,1.0,0.0,-0.01002676784992218,0.04999999701976776,0.0,0.0,-0.004000000189989805,0.24632656574249268,map_a,map_a_open,RULESET_V3_M1_OWN_FLAG_HOME,73b77ac3a0efb2c33a4498544c96bb702a656cbbfe17af18ec859c6d6b4c2142,True
18,sappo_pi_A_specialist_1p5M_seed7100001,48532,1007920,492,19,,OP3,OPPONENT_POOL,train,map_a_open,-1,0,SCRIPTED:OP6,5,1,3,1,2,163,0.3999999761581421,0,1,0,83,0,0,0,0,0,0,0,0,0,0,0,0,0,0,0,0,39.0,4.81968267709931,1.0,0.5,-0.010318845510482788,0.0,1.0,100.0,-0.004000000189989805,0.5534597635269165,map_a,map_a_open,RULESET_V3_M1_OWN_FLAG_HOME,73b77ac3a0efb2c33a4498544c96bb702a656cbbfe17af18ec859c6d6b4c2142,True
19,sappo_pi_A_specialist_1p5M_seed7100001,48532,1008096,492,30,,OP3,OPPONENT_POOL,train,map_a_open,-1,0,SCRIPTED:OP6,5,0,0,0,0,240,0.3999999761581421,1,0,0,11,0,0,0,0,0,0,0,0,0,0,0,0,0,0,0,0,,12.936751302083334,-0.5,0.0,-0.012053638696670532,0.04999999701976776,0.0,0.0,0.0,-0.12201735377311707,map_a,map_a_open,RULESET_V3_M1_OWN_FLAG_HOME,73b77ac3a0efb2c33a4498544c96bb702a656cbbfe17af18ec859c6d6b4c2142,True
20,sappo_pi_A_specialist_1p5M_seed7100001,48532,1009152,492,96,,OP3,OPPONENT_POOL,train,map_a_open,-1,0,SCRIPTED:OP6,5,1,2,1,1,240,0.47999998927116394,1,0,0,77,0,0,0,0,0,0,0,0,0,0,0,0,0,0,0,0,47.0,6.175418090820313,1.0,0.0,-0.011055022478103638,0.04999999701976776,0.0,0.0,0.0,0.24720534682273865,map_a,map_a_open,RULESET_V3_M1_OWN_FLAG_HOME,73b77ac3a0efb2c33a4498544c96bb702a656cbbfe17af18ec859c6d6b4c2142,True
21,sappo_pi_A_specialist_1p5M_seed7100001,48532,1009152,492,96,,OP3,OPPONENT_POOL,train,map_a_open,-1,0,SCRIPTED:OP6,5,1,1,0,1,240,0.5199999809265137,1,0,0,57,0,0,0,0,0,0,0,0,0,0,0,0,0,0,0,0,75.0,9.722092692057291,1.0,0.0,-0.0006083846092224121,0.04999999701976776,0.0,0.0,0.0,0.247818261384964,map_a,map_a_open,RULESET_V3_M1_OWN_FLAG_HOME,73b77ac3a0efb2c33a4498544c96bb702a656cbbfe17af18ec859c6d6b4c2142,True
22,sappo_pi_A_specialist_1p5M_seed7100001,48532,1009152,492,96,,OP3,OPPONENT_POOL,train,map_a_open,-1,0,SCRIPTED:OP6,5,0,0,0,0,240,0.2800000011920929,1,0,0,3,0,0,0,0,0,0,0,0,0,0,0,0,0,0,0,0,,12.9186767578125,-0.5,0.0,-0.006366103887557983,0.04999999701976776,0.0,0.0,-0.004000000189989805,-0.12265223264694214,map_a,map_a_open,RULESET_V3_M1_OWN_FLAG_HOME,73b77ac3a0efb2c33a4498544c96bb702a656cbbfe17af18ec859c6d6b4c2142,True
23,sappo_pi_A_specialist_1p5M_seed7100001,48532,1009152,492,96,,OP3,OPPONENT_POOL,train,map_a_open,-1,0,SCRIPTED:OP6,5,1,2,0,2,240,0.47999998927116394,1,0,0,68,0,0,0,0,0,0,0,0,0,0,0,0,0,0,0,0,43.0,7.982183837890625,1.0,0.0,-0.008501693606376648,0.04999999701976776,0.0,0.0,0.0,0.2473551630973816,map_a,map_a_open,RULESET_V3_M1_OWN_FLAG_HOME,73b77ac3a0efb2c33a4498544c96bb702a656cbbfe17af18ec859c6d6b4c2142,True
24,sappo_pi_A_specialist_1p5M_seed7100001,48532,1009152,492,96,,OP3,OPPONENT_POOL,train,map_a_open,-1,0,SCRIPTED:OP6,5,1,1,0,1,240,0.5600000023841858,1,0,0,22,0,0,0,0,0,0,0,0,0,0,0,0,0,0,0,0,43.0,11.942079671223958,1.0,0.0,-0.0027901679277420044,0.04999999701976776,0.0,0.0,0.0,0.24769026041030884,map_a,map_a_open,RULESET_V3_M1_OWN_FLAG_HOME,73b77ac3a0efb2c33a4498544c96bb702a656cbbfe17af18ec859c6d6b4c2142,True
25,sappo_pi_A_specialist_1p5M_seed7100001,48532,1009152,492,96,,OP3,OPPONENT_POOL,train,map_a_open,-1,0,SCRIPTED:OP6,5,0,0,0,0,240,0.5999999642372131,1,0,0,38,0,0,0,0,0,0,0,0,0,0,0,0,0,0,0,0,,12.662288411458333,-0.5,0.0,0.014773145318031311,0.04999999701976776,0.0,0.0,0.0,-0.12036530673503876,map_a,map_a_open,RULESET_V3_M1_OWN_FLAG_HOME,73b77ac3a0efb2c33a4498544c96bb702a656cbbfe17af18ec859c6d6b4c2142,True
26,sappo_pi_A_specialist_1p5M_seed7100001,48532,1009152,492,96,,OP3,OPPONENT_POOL,train,map_a_open,-1,0,SCRIPTED:OP6,5,0,0,0,0,240,0.47999998927116394,0,1,0,90,0,0,0,0,0,0,0,0,0,0,0,0,0,0,0,0,,8.978041585286459,-0.5,0.0,-0.013524383306503296,0.04999999701976776,0.0,0.0,0.0,-0.12210790067911148,map_a,map_a_open,RULESET_V3_M1_OWN_FLAG_HOME,73b77ac3a0efb2c33a4498544c96bb702a656cbbfe17af18ec859c6d6b4c2142,True
27,sappo_pi_A_specialist_1p5M_seed7100001,48532,1009152,492,96,,OP3,OPPONENT_POOL,train,map_a_open,-1,0,SCRIPTED:OP6,5,1,1,0,1,240,0.35999998450279236,1,0,0,36,0,0,0,0,0,0,0,0,0,0,0,0,0,0,0,0,44.0,11.321121215820312,1.0,0.0,-0.0005510598421096802,0.04999999701976776,0.0,0.0,-0.004000000189989805,0.24688278138637543,map_a,map_a_open,RULESET_V3_M1_OWN_FLAG_HOME,73b77ac3a0efb2c33a4498544c96bb702a656cbbfe17af18ec859c6d6b4c2142,True
28,sappo_pi_A_specialist_1p5M_seed7100001,48532,1009152,492,96,,OP3,OPPONENT_POOL,train,map_a_open,-1,0,SCRIPTED:OP6,5,0,0,0,0,240,0.4399999976158142,1,0,0,52,0,0,0,0,0,0,0,0,0,0,0,0,0,0,0,0,,9.888825480143229,-0.5,0.0,-0.013073325157165527,0.04999720677733421,-0.699999988079071,-70.0,0.0,-0.28919926285743713,map_a,map_a_open,RULESET_V3_M1_OWN_FLAG_HOME,73b77ac3a0efb2c33a4498544c96bb702a656cbbfe17af18ec859c6d6b4c2142,True
29,sappo_pi_A_specialist_1p5M_seed7100001,48532,1009152,492,96,,OP3,OPPONENT_POOL,train,map_a_open,-1,0,SCRIPTED:OP6,5,0,0,1,-1,240,0.4399999976158142,1,0,0,113,0,0,0,0,0,0,0,0,0,0,0,0,0,0,0,0,172.0,5.73041737874349,-1.0,0.0,-0.011482059955596924,0.04999999701976776,0.0,0.0,0.0,-0.24265435338020325,map_a,map_a_open,RULESET_V3_M1_OWN_FLAG_HOME,73b77ac3a0efb2c33a4498544c96bb702a656cbbfe17af18ec859c6d6b4c2142,True
30,sappo_pi_A_specialist_1p5M_seed7100001,48532,1009152,492,96,,OP3,OPPONENT_POOL,train,map_a_open,-1,0,SCRIPTED:OP6,5,1,1,0,1,240,0.47999998927116394,1,0,0,32,0,0,0,0,0,0,0,0,0,0,0,0,0,0,0,0,56.0,11.401348876953126,1.0,0.0,-0.014438405632972717,0.04999999701976776,0.0,0.0,0.0,0.24700678884983063,map_a,map_a_open,RULESET_V3_M1_OWN_FLAG_HOME,73b77ac3a0efb2c33a4498544c96bb702a656cbbfe17af18ec859c6d6b4c2142,True
31,sappo_pi_A_specialist_1p5M_seed7100001,48532,1009152,492,96,,OP3,OPPONENT_POOL,train,map_a_open,-1,0,SCRIPTED:OP6,5,0,0,0,0,240,0.5600000023841858,0,1,0,22,0,0,0,0,0,0,0,0,0,0,0,0,0,0,0,0,,12.754588826497395,-0.5,0.0,-0.012890234589576721,0.04999999701976776,0.0,0.0,-0.004000000189989805,-0.12305384129285812,map_a,map_a_open,RULESET_V3_M1_OWN_FLAG_HOME,73b77ac3a0efb2c33a4498544c96bb702a656cbbfe17af18ec859c6d6b4c2142,True
32,sappo_pi_A_specialist_1p5M_seed7100001,48532,1009152,492,96,,OP3,OPPONENT_POOL,train,map_a_open,-1,0,SCRIPTED:OP6,5,0,0,0,0,240,0.4399999976158142,1,0,0,8,0,0,0,0,0,0,0,0,0,0,0,0,0,0,0,0,,13.030390421549479,-0.5,0.0,-0.02263590693473816,0.04999999701976776,0.0,0.0,0.0,-0.12266883999109268,map_a,map_a_open,RULESET_V3_M1_OWN_FLAG_HOME,73b77ac3a0efb2c33a4498544c96bb702a656cbbfe17af18ec859c6d6b4c2142,True
33,sappo_pi_A_specialist_1p5M_seed7100001,48532,1010752,493,68,,OP3,OPPONENT_POOL,train,map_a_open,-1,0,SCRIPTED:OP6,5,1,2,0,2,240,0.5199999809265137,0,1,0,102,0,0,0,0,0,0,0,0,0,0,0,0,0,0,0,0,28.0,7.643626912434896,1.0,0.0,0.0034359991550445557,0.04999999701976776,0.0,0.0,0.0,0.24805547297000885,map_a,map_a_open,RULESET_V3_M1_OWN_FLAG_HOME,73b77ac3a0efb2c33a4498544c96bb702a656cbbfe17af18ec859c6d6b4c2142,True
34,sappo_pi_A_specialist_1p5M_seed7100001,48532,1011760,494,3,,OP3,OPPONENT_POOL,train,map_a_open,-1,0,SCRIPTED:OP6,5,0,0,1,-1,240,0.3999999761581421,1,0,0,42,0,0,0,0,0,0,0,0,0,0,0,0,0,0,0,0,68.0,10.877337646484374,-1.0,0.0,0.013178423047065735,0.04999999701976776,0.0,0.0,0.0,-0.24120327830314636,map_a,map_a_open,RULESET_V3_M1_OWN_FLAG_HOME,73b77ac3a0efb2c33a4498544c96bb702a656cbbfe17af18ec859c6d6b4c2142,True
35,sappo_pi_A_specialist_1p5M_seed7100001,48532,1011936,494,14,,OP3,OPPONENT_POOL,train,map_a_open,-1,0,SCRIPTED:OP6,5,1,1,0,1,240,0.5600000023841858,0,1,0,84,0,0,0,0,0,0,0,0,0,0,0,0,0,0,0,0,51.0,8.417165120442709,1.0,0.0,-0.0031825751066207886,0.04999999701976776,0.0,0.0,-0.004000000189989805,0.24672836065292358,map_a,map_a_open,RULESET_V3_M1_OWN_FLAG_HOME,73b77ac3a0efb2c33a4498544c96bb702a656cbbfe17af18ec859c6d6b4c2142,True
36,sappo_pi_A_specialist_1p5M_seed7100001,48532,1012736,494,64,,OP3,OPPONENT_POOL,train,map_a_open,-1,0,SCRIPTED:OP6,5,1,3,0,3,224,0.35999998450279236,1,0,0,146,0,0,0,0,0,0,0,0,0,0,0,0,0,0,0,0,118.0,3.5379641396658763,1.0,0.5,-0.010077893733978271,0.0,1.0,100.0,0.0,0.5541634559631348,map_a,map_a_open,RULESET_V3_M1_OWN_FLAG_HOME,73b77ac3a0efb2c33a4498544c96bb702a656cbbfe17af18ec859c6d6b4c2142,True
37,sappo_pi_A_specialist_1p5M_seed7100001,48532,1012992,494,80,,OP3,OPPONENT_POOL,train,map_a_open,-1,0,SCRIPTED:OP6,5,0,0,0,0,240,0.47999998927116394,1,0,0,24,0,0,0,0,0,0,0,0,0,0,0,0,0,0,0,0,,11.912697347005208,-0.5,0.0,-0.0008284151554107666,0.04999999701976776,0.0,0.0,0.0,-0.12132616341114044,map_a,map_a_open,RULESET_V3_M1_OWN_FLAG_HOME,73b77ac3a0efb2c33a4498544c96bb702a656cbbfe17af18ec859c6d6b4c2142,True
38,sappo_pi_A_specialist_1p5M_seed7100001,48532,1012992,494,80,,OP3,OPPONENT_POOL,train,map_a_open,-1,0,SCRIPTED:OP6,5,1,1,0,1,240,0.5199999809265137,1,0,0,100,0,0,0,0,0,0,0,0,0,0,0,0,0,0,0,0,29.0,6.048386637369791,1.0,0.0,-0.008765608072280884,0.04999999701976776,0.0,0.0,0.0,0.24733968079090118,map_a,map_a_open,RULESET_V3_M1_OWN_FLAG_HOME,73b77ac3a0efb2c33a4498544c96bb702a656cbbfe17af18ec859c6d6b4c2142,True
39,sappo_pi_A_specialist_1p5M_seed7100001,48532,1012992,494,80,,OP3,OPPONENT_POOL,train,map_a_open,-1,0,SCRIPTED:OP6,5,0,0,0,0,240,0.5199999809265137,1,0,0,13,0,0,0,0,0,0,0,0,0,0,0,0,0,0,0,0,,13.089534505208333,-0.5,0.0,-0.020956605672836304,0.04999999701976776,0.0,0.0,0.0,-0.12256546318531036,map_a,map_a_open,RULESET_V3_M1_OWN_FLAG_HOME,73b77ac3a0efb2c33a4498544c96bb702a656cbbfe17af18ec859c6d6b4c2142,True
40,sappo_pi_A_specialist_1p5M_seed7100001,48532,1012992,494,80,,OP3,OPPONENT_POOL,train,map_a_open,-1,0,SCRIPTED:OP6,5,1,1,0,1,240,0.5199999809265137,0,2,0,87,0,0,0,0,0,0,0,0,0,0,0,0,0,0,0,0,164.0,6.46737060546875,1.0,0.0,0.006021603941917419,0.04999999701976776,0.0,0.0,0.0,0.24820715188980103,map_a,map_a_open,RULESET_V3_M1_OWN_FLAG_HOME,73b77ac3a0efb2c33a4498544c96bb702a656cbbfe17af18ec859c6d6b4c2142,True
41,sappo_pi_A_specialist_1p5M_seed7100001,48532,1012992,494,80,,OP3,OPPONENT_POOL,train,map_a_open,-1,0,SCRIPTED:OP6,5,0,0,0,0,240,0.5600000023841858,1,0,0,18,0,0,0,0,0,0,0,0,0,0,0,0,0,0,0,0,,12.69395751953125,-0.5,0.0,0.011171340942382812,0.04999999701976776,0.0,0.0,0.0,-0.12058714777231216,map_a,map_a_open,RULESET_V3_M1_OWN_FLAG_HOME,73b77ac3a0efb2c33a4498544c96bb702a656cbbfe17af18ec859c6d6b4c2142,True
42,sappo_pi_A_specialist_1p5M_seed7100001,48532,1012992,494,80,,OP3,OPPONENT_POOL,train,map_a_open,-1,0,SCRIPTED:OP6,5,0,0,0,0,240,0.5199999809265137,0,1,0,18,0,0,0,0,0,0,0,0,0,0,0,0,0,0,0,0,,13.163918050130208,-0.5,0.0,0.0028218328952789307,0.04999999701976776,0.0,0.0,0.0,-0.12110137194395065,map_a,map_a_open,RULESET_V3_M1_OWN_FLAG_HOME,73b77ac3a0efb2c33a4498544c96bb702a656cbbfe17af18ec859c6d6b4c2142,True
43,sappo_pi_A_specialist_1p5M_seed7100001,48532,1012992,494,80,,OP3,OPPONENT_POOL,train,map_a_open,-1,0,SCRIPTED:OP6,5,0,1,1,0,240,0.5999999642372131,0,1,0,99,0,0,0,0,0,0,0,0,0,0,0,0,0,0,0,0,53.0,6.0681706746419275,-0.5,0.0,-0.003183618187904358,0.04999999701976776,0.0,0.0,0.0,-0.12147118896245956,map_a,map_a_open,RULESET_V3_M1_OWN_FLAG_HOME,73b77ac3a0efb2c33a4498544c96bb702a656cbbfe17af18ec859c6d6b4c2142,True
44,sappo_pi_A_specialist_1p5M_seed7100001,48532,1012992,494,80,,OP3,OPPONENT_POOL,train,map_a_open,-1,0,SCRIPTED:OP6,5,0,0,0,0,240,0.6399999856948853,1,0,0,7,0,0,0,0,0,0,0,0,0,0,0,0,0,0,0,0,,13.179115804036458,-0.5,0.0,-0.007226735353469849,0.04999999701976776,0.0,0.0,0.0,-0.12172015011310577,map_a,map_a_open,RULESET_V3_M1_OWN_FLAG_HOME,73b77ac3a0efb2c33a4498544c96bb702a656cbbfe17af18ec859c6d6b4c2142,True
45,sappo_pi_A_specialist_1p5M_seed7100001,48532,1012992,494,80,,OP3,OPPONENT_POOL,train,map_a_open,-1,0,SCRIPTED:OP6,5,1,1,0,1,240,0.3199999928474426,1,0,0,71,0,0,0,0,0,0,0,0,0,0,0,0,0,0,0,0,87.0,9.781796264648438,1.0,0.0,0.011699721217155457,0.04999999701976776,0.0,0.0,0.0,0.24854013323783875,map_a,map_a_open,RULESET_V3_M1_OWN_FLAG_HOME,73b77ac3a0efb2c33a4498544c96bb702a656cbbfe17af18ec859c6d6b4c2142,True
46,sappo_pi_A_specialist_1p5M_seed7100001,48532,1012992,494,80,,OP3,OPPONENT_POOL,train,map_a_open,-1,0,SCRIPTED:OP6,5,0,0,0,0,240,0.4399999976158142,1,0,0,24,0,0,0,0,0,0,0,0,0,0,0,0,0,0,0,0,,12.100249226888021,-0.5,0.0,-0.005182921886444092,0.04999999701976776,0.0,0.0,-0.004000000189989805,-0.12257939577102661,map_a,map_a_open,RULESET_V3_M1_OWN_FLAG_HOME,73b77ac3a0efb2c33a4498544c96bb702a656cbbfe17af18ec859c6d6b4c2142,True
47,sappo_pi_A_specialist_1p5M_seed7100001,48532,1012992,494,80,,OP3,OPPONENT_POOL,train,map_a_open,-1,0,SCRIPTED:OP6,5,0,0,0,0,240,0.47999998927116394,1,0,0,60,0,0,0,0,0,0,0,0,0,0,0,0,0,0,0,0,,9.670287068684896,-0.5,0.0,-0.010237529873847961,0.04999999701976776,0.0,0.0,-0.00800000037997961,-0.12387532740831375,map_a,map_a_open,RULESET_V3_M1_OWN_FLAG_HOME,73b77ac3a0efb2c33a4498544c96bb702a656cbbfe17af18ec859c6d6b4c2142,True
48,sappo_pi_A_specialist_1p5M_seed7100001,48532,1012992,494,80,,OP3,OPPONENT_POOL,train,map_a_open,-1,0,SCRIPTED:OP6,5,1,1,0,1,240,0.47999998927116394,1,0,0,68,0,0,0,0,0,0,0,0,0,0,0,0,0,0,0,0,86.0,7.973863220214843,1.0,0.0,-9.47117805480957e-05,0.04999999701976776,0.0,0.0,-0.004000000189989805,0.24690957367420197,map_a,map_a_open,RULESET_V3_M1_OWN_FLAG_HOME,73b77ac3a0efb2c33a4498544c96bb702a656cbbfe17af18ec859c6d6b4c2142,True
49,sappo_pi_A_specialist_1p5M_seed7100001,48532,1014592,495,52,,OP3,OPPONENT_POOL,train,map_a_open,-1,0,SCRIPTED:OP6,5,0,0,0,0,240,0.4399999976158142,1,0,0,33,0,0,0,0,0,0,0,0,0,0,0,0,0,0,0,0,,11.244187418619791,-0.5,0.0,0.0038247108459472656,0.04999999701976776,0.0,0.0,0.0,-0.12103961408138275,map_a,map_a_open,RULESET_V3_M1_OWN_FLAG_HOME,73b77ac3a0efb2c33a4498544c96bb702a656cbbfe17af18ec859c6d6b4c2142,True
50,sappo_pi_A_specialist_1p5M_seed7100001,48532,1015056,495,81,,OP3,OPPONENT_POOL,train,map_a_open,-1,0,SCRIPTED:OP6,5,1,3,0,3,129,0.5199999809265137,1,0,0,42,0,0,0,0,0,0,0,0,0,0,0,0,0,0,0,0,45.0,5.3707152374031,1.0,0.5,0.0045037418603897095,0.0,1.0,100.0,-0.004000000189989805,0.5541020631790161,map_a,map_a_open,RULESET_V3_M1_OWN_FLAG_HOME,73b77ac3a0efb2c33a4498544c96bb702a656cbbfe17af18ec859c6d6b4c2142,True
51,sappo_pi_A_specialist_1p5M_seed7100001,48532,1015600,495,115,,OP3,OPPONENT_POOL,train,map_a_open,-1,0,SCRIPTED:OP6,5,1,2,1,1,240,0.47999998927116394,0,1,0,47,0,0,0,0,0,0,0,0,0,0,0,0,0,0,0,0,69.0,8.462115478515624,1.0,0.0,0.021828263998031616,0.04999999701976776,0.0,0.0,-0.004000000189989805,0.2481957972049713,map_a,map_a_open,RULESET_V3_M1_OWN_FLAG_HOME,73b77ac3a0efb2c33a4498544c96bb702a656cbbfe17af18ec859c6d6b4c2142,True
52,sappo_pi_A_specialist_1p5M_seed7100001,48532,1015744,495,124,,OP3,OPPONENT_POOL,train,map_a_open,-1,0,SCRIPTED:OP6,5,1,3,0,3,172,0.4399999976158142,0,1,0,81,0,0,0,0,0,0,0,0,0,0,0,0,0,0,0,0,71.0,4.491084608920785,1.0,0.5,-0.007631286978721619,0.0,1.0,100.0,-0.004000000189989805,0.5535762310028076,map_a,map_a_open,RULESET_V3_M1_OWN_FLAG_HOME,73b77ac3a0efb2c33a4498544c96bb702a656cbbfe17af18ec859c6d6b4c2142,True
53,sappo_pi_A_specialist_1p5M_seed7100001,48532,1015776,495,126,,OP3,OPPONENT_POOL,train,map_a_open,-1,0,SCRIPTED:OP6,5,0,0,0,0,240,0.3199999928474426,1,0,0,11,0,0,0,0,0,0,0,0,0,0,0,0,0,0,0,0,,12.974822998046875,-0.5,0.0,-0.010878205299377441,0.04999999701976776,0.0,0.0,-0.004000000189989805,-0.12292999029159546,map_a,map_a_open,RULESET_V3_M1_OWN_FLAG_HOME,73b77ac3a0efb2c33a4498544c96bb702a656cbbfe17af18ec859c6d6b4c2142,True
54,sappo_pi_A_specialist_1p5M_seed7100001,48532,1016576,496,48,,OP3,OPPONENT_POOL,train,map_a_open,-1,0,SCRIPTED:OP6,5,0,1,1,0,240,0.2800000011920929,1,0,0,64,0,0,0,0,0,0,0,0,0,0,0,0,0,0,0,0,29.0,9.035472615559895,-0.5,0.0,0.010253965854644775,0.04999999701976776,0.0,0.0,0.0,-0.12064364552497864,map_a,map_a_open,RULESET_V3_M1_OWN_FLAG_HOME,73b77ac3a0efb2c33a4498544c96bb702a656cbbfe17af18ec859c6d6b4c2142,True
55,sappo_pi_A_specialist_1p5M_seed7100001,48532,1016832,496,64,,OP3,OPPONENT_POOL,train,map_a_open,-1,0,SCRIPTED:OP6,5,1,1,0,1,240,0.6399999856948853,1,0,0,5,0,0,0,0,0,0,0,0,0,0,0,0,0,0,0,0,35.0,12.683434041341146,1.0,0.0,0.004075527191162109,0.04999999701976776,0.0,0.0,0.0,0.24809300899505615,map_a,map_a_open,RULESET_V3_M1_OWN_FLAG_HOME,73b77ac3a0efb2c33a4498544c96bb702a656cbbfe17af18ec859c6d6b4c2142,True
56,sappo_pi_A_specialist_1p5M_seed7100001,48532,1016832,496,64,,OP3,OPPONENT_POOL,train,map_a_open,-1,0,SCRIPTED:OP6,5,0,0,0,0,240,0.5199999809265137,0,1,0,22,0,0,0,0,0,0,0,0,0,0,0,0,0,0,0,0,,12.732499186197916,-0.5,0.0,0.003203853964805603,0.04999999701976776,0.0,0.0,0.0,-0.12107785046100616,map_a,map_a_open,RULESET_V3_M1_OWN_FLAG_HOME,73b77ac3a0efb2c33a4498544c96bb702a656cbbfe17af18ec859c6d6b4c2142,True
57,sappo_pi_A_specialist_1p5M_seed7100001,48532,1016832,496,64,,OP3,OPPONENT_POOL,train,map_a_open,-1,0,SCRIPTED:OP6,5,0,0,0,0,240,0.35999998450279236,1,0,0,8,0,0,0,0,0,0,0,0,0,0,0,0,0,0,0,0,,13.088242594401041,-0.5,0.0,-0.004199132323265076,0.04999999701976776,0.0,0.0,0.0,-0.12153372168540955,map_a,map_a_open,RULESET_V3_M1_OWN_FLAG_HOME,73b77ac3a0efb2c33a4498544c96bb702a656cbbfe17af18ec859c6d6b4c2142,True
58,sappo_pi_A_specialist_1p5M_seed7100001,48532,1016832,496,64,,OP3,OPPONENT_POOL,train,map_a_open,-1,0,SCRIPTED:OP6,5,1,1,0,1,240,0.47999998927116394,1,0,0,27,0,0,0,0,0,0,0,0,0,0,0,0,0,0,0,0,57.0,10.943482462565104,1.0,0.0,-0.02794073522090912,0.04999999701976776,0.0,0.0,-0.00800000037997961,0.24433453381061554,map_a,map_a_open,RULESET_V3_M1_OWN_FLAG_HOME,73b77ac3a0efb2c33a4498544c96bb702a656cbbfe17af18ec859c6d6b4c2142,True
59,sappo_pi_A_specialist_1p5M_seed7100001,48532,1016832,496,64,,OP3,OPPONENT_POOL,train,map_a_open,-1,0,SCRIPTED:OP6,5,1,1,0,1,240,0.5199999809265137,1,0,0,43,0,0,0,0,0,0,0,0,0,0,0,0,0,0,0,0,98.0,9.416078694661458,1.0,0.0,-0.007310330867767334,0.0499965138733387,0.0,0.0,-0.004000000189989805,0.2464858442544937,map_a,map_a_open,RULESET_V3_M1_OWN_FLAG_HOME,73b77ac3a0efb2c33a4498544c96bb702a656cbbfe17af18ec859c6d6b4c2142,True
60,sappo_pi_A_specialist_1p5M_seed7100001,48532,1016832,496,64,,OP3,OPPONENT_POOL,train,map_a_open,-1,0,SCRIPTED:OP6,5,0,0,0,0,240,0.3999999761581421,1,0,0,10,0,0,0,0,0,0,0,0,0,0,0,0,0,0,0,0,,12.615975952148437,-0.5,0.0,-0.005703866481781006,0.04999999701976776,0.0,0.0,0.0,-0.12162637710571289,map_a,map_a_open,RULESET_V3_M1_OWN_FLAG_HOME,73b77ac3a0efb2c33a4498544c96bb702a656cbbfe17af18ec859c6d6b4c2142,True
61,sappo_pi_A_specialist_1p5M_seed7100001,48532,1016832,496,64,,OP3,OPPONENT_POOL,train,map_a_open,-1,0,SCRIPTED:OP6,5,0,0,0,0,240,0.3199999928474426,1,0,0,15,0,0,0,0,0,0,0,0,0,0,0,0,0,0,0,0,,13.178841145833333,-0.5,0.0,-0.013173699378967285,0.04999999701976776,0.0,0.0,0.0,-0.12208631634712219,map_a,map_a_open,RULESET_V3_M1_OWN_FLAG_HOME,73b77ac3a0efb2c33a4498544c96bb702a656cbbfe17af18ec859c6d6b4c2142,True
62,sappo_pi_A_specialist_1p5M_seed7100001,48532,1016832,496,64,,OP3,OPPONENT_POOL,train,map_a_open,-1,0,SCRIPTED:OP6,5,1,1,0,1,240,0.5199999809265137,0,1,0,39,0,0,0,0,0,0,0,0,0,0,0,0,0,0,0,0,47.0,9.817312622070313,1.0,0.0,0.01063750684261322,0.04999999701976776,0.0,0.0,-0.004000000189989805,0.24753935635089874,map_a,map_a_open,RULESET_V3_M1_OWN_FLAG_HOME,73b77ac3a0efb2c33a4498544c96bb702a656cbbfe17af18ec859c6d6b4c2142,True
63,sappo_pi_A_specialist_1p5M_seed7100001,48532,1016832,496,64,,OP3,OPPONENT_POOL,train,map_a_open,-1,0,SCRIPTED:OP6,5,0,0,0,0,240,0.47999998927116394,1,0,0,97,0,0,0,0,0,0,0,0,0,0,0,0,0,0,0,0,,7.921528625488281,-0.5,0.0,-0.024090737104415894,0.04999999701976776,0.0,0.0,0.0,-0.1227583959698677,map_a,map_a_open,RULESET_V3_M1_OWN_FLAG_HOME,73b77ac3a0efb2c33a4498544c96bb702a656cbbfe17af18ec859c6d6b4c2142,True
64,sappo_pi_A_specialist_1p5M_seed7100001,48532,1016832,496,64,,OP3,OPPONENT_POOL,train,map_a_open,-1,0,SCRIPTED:OP6,5,0,0,0,0,240,0.3999999761581421,1,0,0,22,0,0,0,0,0,0,0,0,0,0,0,0,0,0,0,0,,11.977447509765625,-0.5,0.0,-0.004862889647483826,0.04999999701976776,0.0,0.0,0.0,-0.12157458811998367,map_a,map_a_open,RULESET_V3_M1_OWN_FLAG_HOME,73b77ac3a0efb2c33a4498544c96bb702a656cbbfe17af18ec859c6d6b4c2142,True
65,sappo_pi_A_specialist_1p5M_seed7100001,48532,1018432,497,36,,OP3,OPPONENT_POOL,train,map_a_open,-1,0,SCRIPTED:OP6,5,1,1,0,1,240,0.47999998927116394,1,0,0,33,0,0,0,0,0,0,0,0,0,0,0,0,0,0,0,0,74.0,9.949684651692708,1.0,0.0,0.02857917547225952,0.04999999701976776,0.0,0.0,0.0,0.2495296597480774,map_a,map_a_open,RULESET_V3_M1_OWN_FLAG_HOME,73b77ac3a0efb2c33a4498544c96bb702a656cbbfe17af18ec859c6d6b4c2142,True
66,sappo_pi_A_specialist_1p5M_seed7100001,48532,1018896,497,65,,OP3,OPPONENT_POOL,train,map_a_open,-1,0,SCRIPTED:OP6,5,1,1,0,1,240,0.4399999976158142,0,1,0,34,0,0,0,0,0,0,0,0,0,0,0,0,0,0,0,0,64.0,11.124668375651042,1.0,0.0,0.005723327398300171,0.04999999701976776,0.0,0.0,-0.00800000037997961,0.24631190299987793,map_a,map_a_open,RULESET_V3_M1_OWN_FLAG_HOME,73b77ac3a0efb2c33a4498544c96bb702a656cbbfe17af18ec859c6d6b4c2142,True
67,sappo_pi_A_specialist_1p5M_seed7100001,48532,1019168,497,82,,OP3,OPPONENT_POOL,train,map_a_open,-1,0,SCRIPTED:OP6,5,1,3,0,3,146,0.4399999976158142,1,0,0,52,0,0,0,0,0,0,0,0,0,0,0,0,0,0,0,0,46.0,5.2028917286494005,1.0,0.5,-0.009697571396827698,0.0,1.0,100.0,0.0,0.5541799068450928,map_a,map_a_open,RULESET_V3_M1_OWN_FLAG_HOME,73b77ac3a0efb2c33a4498544c96bb702a656cbbfe17af18ec859c6d6b4c2142,True
68,sappo_pi_A_specialist_1p5M_seed7100001,48532,1019440,497,99,,OP3,OPPONENT_POOL,train,map_a_open,-1,0,SCRIPTED:OP6,5,1,2,0,2,240,0.2800000011920929,0,3,0,90,0,0,0,0,0,0,0,0,0,0,0,0,0,0,0,0,88.0,6.394661458333333,1.0,0.0,-0.012115657329559326,0.04999999701976776,0.0,0.0,0.0,0.24714308977127075,map_a,map_a_open,RULESET_V3_M1_OWN_FLAG_HOME,73b77ac3a0efb2c33a4498544c96bb702a656cbbfe17af18ec859c6d6b4c2142,True
69,sappo_pi_A_specialist_1p5M_seed7100001,48532,1019584,497,108,,OP3,OPPONENT_POOL,train,map_a_open,-1,0,SCRIPTED:OP6,5,0,0,1,-1,240,0.3999999761581421,1,0,0,87,0,0,0,0,0,0,0,0,0,0,0,0,0,0,0,0,61.0,7.224913533528646,-1.0,0.0,-0.008520364761352539,0.04999999701976776,0.0,0.0,0.0,-0.24248014390468597,map_a,map_a_open,RULESET_V3_M1_OWN_FLAG_HOME,73b77ac3a0efb2c33a4498544c96bb702a656cbbfe17af18ec859c6d6b4c2142,True
70,sappo_pi_A_specialist_1p5M_seed7100001,48532,1019616,497,110,,OP3,OPPONENT_POOL,train,map_a_open,-1,0,SCRIPTED:OP6,5,0,0,0,0,240,0.35999998450279236,1,0,0,23,0,0,0,0,0,0,0,0,0,0,0,0,0,0,0,0,,12.927406819661458,-0.5,0.0,0.0021158158779144287,0.04999999701976776,0.0,0.0,0.0,-0.1211448535323143,map_a,map_a_open,RULESET_V3_M1_OWN_FLAG_HOME,73b77ac3a0efb2c33a4498544c96bb702a656cbbfe17af18ec859c6d6b4c2142,True
71,sappo_pi_A_specialist_1p5M_seed7100001,48532,1020416,498,32,,OP3,OPPONENT_POOL,train,map_a_open,-1,0,SCRIPTED:OP6,5,1,1,0,1,240,0.5199999809265137,1,0,0,34,0,0,0,0,0,0,0,0,0,0,0,0,0,0,0,0,74.0,10.409299723307292,1.0,0.0,0.002219274640083313,0.04999999701976776,0.0,0.0,-0.004000000189989805,0.2470453828573227,map_a,map_a_open,RULESET_V3_M1_OWN_FLAG_HOME,73b77ac3a0efb2c33a4498544c96bb702a656cbbfe17af18ec859c6d6b4c2142,True
72,sappo_pi_A_specialist_1p5M_seed7100001,48532,1020592,498,43,,OP3,OPPONENT_POOL,train,map_a_open,-1,0,SCRIPTED:OP6,5,1,3,0,3,235,0.5600000023841858,1,0,0,105,0,0,0,0,0,0,0,0,0,0,0,0,0,0,0,0,74.0,4.763042303856383,1.0,0.5,-0.009301245212554932,0.0,1.0,100.0,0.0,0.5541970729827881,map_a,map_a_open,RULESET_V3_M1_OWN_FLAG_HOME,73b77ac3a0efb2c33a4498544c96bb702a656cbbfe17af18ec859c6d6b4c2142,True
73,sappo_pi_A_specialist_1p5M_seed7100001,48532,1020672,498,48,,OP3,OPPONENT_POOL,train,map_a_open,-1,0,SCRIPTED:OP6,5,0,0,0,0,240,0.47999998927116394,1,0,0,25,0,0,0,0,0,0,0,0,0,0,0,0,0,0,0,0,,12.615011596679688,-0.5,0.0,-0.016055554151535034,0.04999999701976776,0.0,0.0,0.0,-0.12226373702287674,map_a,map_a_open,RULESET_V3_M1_OWN_FLAG_HOME,73b77ac3a0efb2c33a4498544c96bb702a656cbbfe17af18ec859c6d6b4c2142,True
74,sappo_pi_A_specialist_1p5M_seed7100001,48532,1020672,498,48,,OP3,OPPONENT_POOL,train,map_a_open,-1,0,SCRIPTED:OP6,5,1,1,0,1,240,0.5199999809265137,0,1,0,51,0,0,0,0,0,0,0,0,0,0,0,0,0,0,0,0,35.0,9.132510375976562,1.0,0.0,0.0010307729244232178,0.04999999701976776,0.0,0.0,-0.00800000037997961,0.24603639543056488,map_a,map_a_open,RULESET_V3_M1_OWN_FLAG_HOME,73b77ac3a0efb2c33a4498544c96bb702a656cbbfe17af18ec859c6d6b4c2142,True
75,sappo_pi_A_specialist_1p5M_seed7100001,48532,1020672,498,48,,OP3,OPPONENT_POOL,train,map_a_open,-1,0,SCRIPTED:OP6,5,1,1,0,1,240,0.5199999809265137,1,0,0,13,0,0,0,0,0,0,0,0,0,0,0,0,0,0,0,0,42.0,11.70463155110677,1.0,0.0,-0.002271890640258789,0.04999999701976776,0.0,0.0,0.0,0.2477206587791443,map_a,map_a_open,RULESET_V3_M1_OWN_FLAG_HOME,73b77ac3a0efb2c33a4498544c96bb702a656cbbfe17af18ec859c6d6b4c2142,True
76,sappo_pi_A_specialist_1p5M_seed7100001,48532,1020672,498,48,,OP3,OPPONENT_POOL,train,map_a_open,-1,0,SCRIPTED:OP6,5,0,0,0,0,240,0.35999998450279236,1,0,0,6,0,0,0,0,0,0,0,0,0,0,0,0,0,0,0,0,,13.480497233072917,-0.5,0.0,0.011904701590538025,0.04999999701976776,0.0,0.0,0.0,-0.12054198235273361,map_a,map_a_open,RULESET_V3_M1_OWN_FLAG_HOME,73b77ac3a0efb2c33a4498544c96bb702a656cbbfe17af18ec859c6d6b4c2142,True
77,sappo_pi_A_specialist_1p5M_seed7100001,48532,1020672,498,48,,OP3,OPPONENT_POOL,train,map_a_open,-1,0,SCRIPTED:OP6,5,1,1,0,1,240,0.5199999809265137,1,0,0,28,0,0,0,0,0,0,0,0,0,0,0,0,0,0,0,0,45.0,11.920084635416666,1.0,0.0,-0.01725466549396515,0.04999999701976776,0.0,0.0,-0.004000000189989805,0.2459021955728531,map_a,map_a_open,RULESET_V3_M1_OWN_FLAG_HOME,73b77ac3a0efb2c33a4498544c96bb702a656cbbfe17af18ec859c6d6b4c2142,True
78,sappo_pi_A_specialist_1p5M_seed7100001,48532,1020672,498,48,,OP3,OPPONENT_POOL,train,map_a_open,-1,0,SCRIPTED:OP6,5,1,1,0,1,240,0.5600000023841858,1,0,0,18,0,0,0,0,0,0,0,0,0,0,0,0,0,0,0,0,45.0,11.872163899739583,1.0,0.0,-0.0011280030012130737,0.04999999701976776,0.0,0.0,-0.004000000189989805,0.2468489557504654,map_a,map_a_open,RULESET_V3_M1_OWN_FLAG_HOME,73b77ac3a0efb2c33a4498544c96bb702a656cbbfe17af18ec859c6d6b4c2142,True
79,sappo_pi_A_specialist_1p5M_seed7100001,48532,1020672,498,48,,OP3,OPPONENT_POOL,train,map_a_open,-1,0,SCRIPTED:OP6,5,0,0,0,0,240,0.3199999928474426,1,0,0,18,0,0,0,0,0,0,0,0,0,0,0,0,0,0,0,0,,12.72810770670573,-0.5,0.0,0.018315494060516357,0.04999999701976776,0.0,0.0,-0.004000000189989805,-0.12113255262374878,map_a,map_a_open,RULESET_V3_M1_OWN_FLAG_HOME,73b77ac3a0efb2c33a4498544c96bb702a656cbbfe17af18ec859c6d6b4c2142,True
80,sappo_pi_A_specialist_1p5M_seed7100001,48532,1020672,498,48,,OP3,OPPONENT_POOL,train,map_a_open,-1,0,SCRIPTED:OP6,5,0,0,1,-1,240,0.4399999976158142,1,0,0,37,0,0,0,0,0,0,0,0,0,0,0,0,0,0,0,0,69.0,10.800356038411458,-1.0,0.0,0.005794897675514221,0.04999999701976776,0.0,0.0,-0.004000000189989805,-0.24257923662662506,map_a,map_a_open,RULESET_V3_M1_OWN_FLAG_HOME,73b77ac3a0efb2c33a4498544c96bb702a656cbbfe17af18ec859c6d6b4c2142,True
81,sappo_pi_A_specialist_1p5M_seed7100001,48532,1022272,499,20,,OP3,OPPONENT_POOL,train,map_a_open,-1,0,SCRIPTED:OP6,5,1,1,0,1,240,0.6800000071525574,1,0,0,12,0,0,0,0,0,0,0,0,0,0,0,0,0,0,0,0,51.0,11.764468383789062,1.0,0.0,-0.016721874475479126,0.04999999701976776,0.0,0.0,-0.004000000189989805,0.24593348801136017,map_a,map_a_open,RULESET_V3_M1_OWN_FLAG_HOME,73b77ac3a0efb2c33a4498544c96bb702a656cbbfe17af18ec859c6d6b4c2142,True
82,sappo_pi_A_specialist_1p5M_seed7100001,48532,1022736,499,49,,OP3,OPPONENT_POOL,train,map_a_open,-1,0,SCRIPTED:OP6,5,0,0,0,0,240,0.4399999976158142,1,0,0,31,0,0,0,0,0,0,0,0,0,0,0,0,0,0,0,0,,12.240706380208334,-0.5,0.0,-0.022488325834274292,0.04999999701976776,0.0,0.0,0.0,-0.12265975773334503,map_a,map_a_open,RULESET_V3_M1_OWN_FLAG_HOME,73b77ac3a0efb2c33a4498544c96bb702a656cbbfe17af18ec859c6d6b4c2142,True
83,sappo_pi_A_specialist_1p5M_seed7100001,48532,1023008,499,66,,OP3,OPPONENT_POOL,train,map_a_open,-1,0,SCRIPTED:OP6,5,0,0,0,0,240,0.3199999928474426,1,0,0,14,0,0,0,0,0,0,0,0,0,0,0,0,0,0,0,0,,12.972610473632812,-0.5,0.0,0.00696738064289093,0.04999999701976776,0.0,0.0,-0.00800000037997961,-0.12281638383865356,map_a,map_a_open,RULESET_V3_M1_OWN_FLAG_HOME,73b77ac3a0efb2c33a4498544c96bb702a656cbbfe17af18ec859c6d6b4c2142,True
84,sappo_pi_A_specialist_1p5M_seed7100001,48532,1023024,499,67,,OP3,OPPONENT_POOL,train,map_a_open,-1,0,SCRIPTED:OP6,5,1,3,0,3,147,0.5600000023841858,0,2,0,74,0,0,0,0,0,0,0,0,0,0,0,0,0,0,0,0,46.0,4.087386565954507,1.0,0.5,-0.009036526083946228,0.0,1.0,100.0,0.0,0.554208517074585,map_a,map_a_open,RULESET_V3_M1_OWN_FLAG_HOME,73b77ac3a0efb2c33a4498544c96bb702a656cbbfe17af18ec859c6d6b4c2142,True
85,sappo_pi_A_specialist_1p5M_seed7100001,48532,1023280,499,83,,OP3,OPPONENT_POOL,train,map_a_open,-1,0,SCRIPTED:OP6,5,1,1,0,1,240,0.5199999809265137,1,0,0,18,0,0,0,0,0,0,0,0,0,0,0,0,0,0,0,0,28.0,12.208963012695312,1.0,0.0,-0.019663631916046143,0.04999999701976776,0.0,0.0,0.0,0.24670010805130005,map_a,map_a_open,RULESET_V3_M1_OWN_FLAG_HOME,73b77ac3a0efb2c33a4498544c96bb702a656cbbfe17af18ec859c6d6b4c2142,True
86,sappo_pi_A_specialist_1p5M_seed7100001,48532,1023424,499,92,,OP3,OPPONENT_POOL,train,map_a_open,-1,0,SCRIPTED:OP6,5,1,1,0,1,240,0.47999998927116394,0,1,0,63,0,0,0,0,0,0,0,0,0,0,0,0,0,0,0,0,102.0,9.212082926432291,1.0,0.0,0.004749223589897156,0.04999999701976776,0.0,0.0,0.0,0.24813249707221985,map_a,map_a_open,RULESET_V3_M1_OWN_FLAG_HOME,73b77ac3a0efb2c33a4498544c96bb702a656cbbfe17af18ec859c6d6b4c2142,True
87,sappo_pi_A_specialist_1p5M_seed7100001,48532,1023456,499,94,,OP3,OPPONENT_POOL,train,map_a_open,-1,0,SCRIPTED:OP6,5,0,0,0,0,240,0.3999999761581421,1,0,0,11,0,0,0,0,0,0,0,0,0,0,0,0,0,0,0,0,,13.082700602213542,-0.5,0.0,-0.02374035120010376,0.04999999701976776,0.0,0.0,0.0,-0.12273682653903961,map_a,map_a_open,RULESET_V3_M1_OWN_FLAG_HOME,73b77ac3a0efb2c33a4498544c96bb702a656cbbfe17af18ec859c6d6b4c2142,True
88,sappo_pi_A_specialist_1p5M_seed7100001,48532,1024256,500,16,,OP3,OPPONENT_POOL,train,map_a_open,-1,0,SCRIPTED:OP6,5,1,2,0,2,240,0.5199999809265137,0,2,0,74,0,0,0,0,0,0,0,0,0,0,0,0,0,0,0,0,35.0,8.170843505859375,1.0,0.0,-0.006055310368537903,0.04999999701976776,0.0,0.0,-0.004000000189989805,0.2465597242116928,map_a,map_a_open,RULESET_V3_M1_OWN_FLAG_HOME,73b77ac3a0efb2c33a4498544c96bb702a656cbbfe17af18ec859c6d6b4c2142,True
89,sappo_pi_A_specialist_1p5M_seed7100001,48532,1024432,500,27,,OP3,OPPONENT_POOL,train,map_a_open,-1,0,SCRIPTED:OP6,5,0,0,0,0,240,0.5600000023841858,1,0,0,18,0,0,0,0,0,0,0,0,0,0,0,0,0,0,0,0,,12.749424235026042,-0.5,0.0,-0.021891385316848755,0.04999999701976776,0.0,0.0,0.0,-0.122623011469841,map_a,map_a_open,RULESET_V3_M1_OWN_FLAG_HOME,73b77ac3a0efb2c33a4498544c96bb702a656cbbfe17af18ec859c6d6b4c2142,True
90,sappo_pi_A_specialist_1p5M_seed7100001,48532,1024512,500,32,,OP3,OPPONENT_POOL,train,map_a_open,-1,0,SCRIPTED:OP6,5,1,1,0,1,240,0.4399999976158142,1,0,0,28,0,0,0,0,0,0,0,0,0,0,0,0,0,0,0,0,46.0,10.351503499348958,1.0,0.0,0.0043167173862457275,0.029999999329447746,0.0,0.0,0.0,0.2469337284564972,map_a,map_a_open,RULESET_V3_M1_OWN_FLAG_HOME,73b77ac3a0efb2c33a4498544c96bb702a656cbbfe17af18ec859c6d6b4c2142,True
91,sappo_pi_A_specialist_1p5M_seed7100001,48532,1024512,500,32,,OP3,OPPONENT_POOL,train,map_a_open,-1,0,SCRIPTED:OP6,5,0,0,0,0,240,0.4399999976158142,1,0,0,16,0,0,0,0,0,0,0,0,0,0,0,0,0,0,0,0,,12.154421997070312,-0.5,0.0,-0.008639499545097351,0.04999999701976776,0.0,0.0,0.0,-0.12180713564157486,map_a,map_a_open,RULESET_V3_M1_OWN_FLAG_HOME,73b77ac3a0efb2c33a4498544c96bb702a656cbbfe17af18ec859c6d6b4c2142,True
92,sappo_pi_A_specialist_1p5M_seed7100001,48532,1024512,500,32,,OP3,OPPONENT_POOL,train,map_a_open,-1,0,SCRIPTED:OP6,5,0,0,0,0,240,0.47999998927116394,1,0,0,10,0,0,0,0,0,0,0,0,0,0,0,0,0,0,0,0,,13.098881022135417,-0.5,0.0,-0.0069694072008132935,0.04999999701976776,0.0,0.0,-0.004000000189989805,-0.1226893737912178,map_a,map_a_open,RULESET_V3_M1_OWN_FLAG_HOME,73b77ac3a0efb2c33a4498544c96bb702a656cbbfe17af18ec859c6d6b4c2142,True
93,sappo_pi_A_specialist_1p5M_seed7100001,48532,1024512,500,32,,OP3,OPPONENT_POOL,train,map_a_open,-1,0,SCRIPTED:OP6,5,0,0,0,0,240,0.35999998450279236,1,0,0,9,0,0,0,0,0,0,0,0,0,0,0,0,0,0,0,0,,13.738998413085938,-0.5,0.0,-0.014186099171638489,0.04999999701976776,0.0,0.0,0.0,-0.12214864045381546,map_a,map_a_open,RULESET_V3_M1_OWN_FLAG_HOME,73b77ac3a0efb2c33a4498544c96bb702a656cbbfe17af18ec859c6d6b4c2142,True
94,sappo_pi_A_specialist_1p5M_seed7100001,48532,1024512,500,32,,OP3,OPPONENT_POOL,train,map_a_open,-1,0,SCRIPTED:OP6,5,1,1,0,1,240,0.5999999642372131,1,0,0,66,0,0,0,0,0,0,0,0,0,0,0,0,0,0,0,0,131.0,8.134407552083333,1.0,0.0,0.02540111541748047,0.04999999701976776,0.0,0.0,-0.004000000189989805,0.2484053373336792,map_a,map_a_open,RULESET_V3_M1_OWN_FLAG_HOME,73b77ac3a0efb2c33a4498544c96bb702a656cbbfe17af18ec859c6d6b4c2142,True
95,sappo_pi_A_specialist_1p5M_seed7100001,48532,1024512,500,32,,OP3,OPPONENT_POOL,train,map_a_open,-1,0,SCRIPTED:OP6,5,1,2,0,2,240,0.3999999761581421,0,1,0,143,0,0,0,0,0,0,0,0,0,0,0,0,0,0,0,0,31.0,4.1305384318033855,1.0,0.0,-0.01081952452659607,0.0,0.0,0.0,-0.004000000189989805,0.2433423399925232,map_a,map_a_open,RULESET_V3_M1_OWN_FLAG_HOME,73b77ac3a0efb2c33a4498544c96bb702a656cbbfe17af18ec859c6d6b4c2142,True
96,sappo_pi_A_specialist_1p5M_seed7100001,48532,1024512,500,32,,OP3,OPPONENT_POOL,train,map_a_open,-1,0,SCRIPTED:OP6,5,1,1,0,1,240,0.47999998927116394,1,0,0,27,0,0,0,0,0,0,0,0,0,0,0,0,0,0,0,0,32.0,12.29862060546875,1.0,0.0,0.017825081944465637,0.04999999701976776,0.0,0.0,-0.004000000189989805,0.24796099960803986,map_a,map_a_open,RULESET_V3_M1_OWN_FLAG_HOME,73b77ac3a0efb2c33a4498544c96bb702a656cbbfe17af18ec859c6d6b4c2142,True
97,sappo_pi_A_specialist_1p5M_seed7100001,48532,1025216,500,76,,OP3,OPPONENT_POOL,train,map_a_open,-1,0,SCRIPTED:OP6,5,1,3,1,2,137,0.4399999976158142,1,0,0,60,0,0,0,0,0,0,0,0,0,0,0,0,0,0,0,0,33.0,4.928099694913321,1.0,0.5,-0.003854110836982727,0.0,1.0,100.0,0.0,0.5544328689575195,map_a,map_a_open,RULESET_V3_M1_OWN_FLAG_HOME,73b77ac3a0efb2c33a4498544c96bb702a656cbbfe17af18ec859c6d6b4c2142,True
98,sappo_pi_A_specialist_1p5M_seed7100001,48532,1025536,500,96,,OP3,OPPONENT_POOL,train,map_a_open,-1,0,SCRIPTED:OP6,5,1,3,0,3,130,0.47999998927116394,1,0,0,66,0,0,0,0,0,0,0,0,0,0,0,0,0,0,0,0,27.0,4.144216214693509,1.0,0.5,-0.0091380774974823,0.0,1.0,100.0,0.0,0.5542041659355164,map_a,map_a_open,RULESET_V3_M1_OWN_FLAG_HOME,73b77ac3a0efb2c33a4498544c96bb702a656cbbfe17af18ec859c6d6b4c2142,True
99,sappo_pi_A_specialist_1p5M_seed7100001,48532,1025584,500,99,,OP3,OPPONENT_POOL,train,map_a_open,-1,0,SCRIPTED:OP6,5,1,3,0,3,207,0.5999999642372131,0,3,0,133,0,0,0,0,0,0,0,0,0,0,0,0,0,0,0,0,106.0,3.661780905608394,1.0,0.5,-0.006971590220928192,0.0,1.0,100.0,-0.004000000189989805,0.5536048412322998,map_a,map_a_open,RULESET_V3_M1_OWN_FLAG_HOME,73b77ac3a0efb2c33a4498544c96bb702a656cbbfe17af18ec859c6d6b4c2142,True
100,sappo_pi_A_specialist_1p5M_seed7100001,48532,1026576,501,33,,OP3,OPPONENT_POOL,train,map_a_open,-1,0,SCRIPTED:OP6,5,0,0,0,0,240,0.4399999976158142,0,1,0,9,0,0,0,0,0,0,0,0,0,0,0,0,0,0,0,0,,13.262723795572917,-0.5,0.0,0.011893272399902344,0.04999999701976776,0.0,0.0,-0.004000000189989805,-0.12152803689241409,map_a,map_a_open,RULESET_V3_M1_OWN_FLAG_HOME,73b77ac3a0efb2c33a4498544c96bb702a656cbbfe17af18ec859c6d6b4c2142,True
101,sappo_pi_A_specialist_1p5M_seed7100001,48532,1026736,501,43,,OP3,OPPONENT_POOL,train,map_a_open,-1,0,SCRIPTED:OP6,5,1,3,0,3,144,0.3999999761581421,0,1,0,61,0,0,0,0,0,0,0,0,0,0,0,0,0,0,0,0,42.0,5.033877478705512,1.0,0.5,-0.010599926114082336,0.0,1.0,100.0,-0.004000000189989805,0.5534474849700928,map_a,map_a_open,RULESET_V3_M1_OWN_FLAG_HOME,73b77ac3a0efb2c33a4498544c96bb702a656cbbfe17af18ec859c6d6b4c2142,True
102,sappo_pi_A_specialist_1p5M_seed7100001,48532,1026848,501,50,,OP3,OPPONENT_POOL,train,map_a_open,-1,0,SCRIPTED:OP6,5,0,0,0,0,240,0.5199999809265137,1,0,0,6,0,0,0,0,0,0,0,0,0,0,0,0,0,0,0,0,,12.604817708333334,-0.5,0.0,0.0002644360065460205,0.04999999701976776,0.0,0.0,-0.004000000189989805,-0.12224403768777847,map_a,map_a_open,RULESET_V3_M1_OWN_FLAG_HOME,73b77ac3a0efb2c33a4498544c96bb702a656cbbfe17af18ec859c6d6b4c2142,True
103,sappo_pi_A_specialist_1p5M_seed7100001,48532,1027120,501,67,,OP3,OPPONENT_POOL,train,map_a_open,-1,0,SCRIPTED:OP6,5,1,2,0,2,240,0.4399999976158142,1,0,0,70,0,0,0,0,0,0,0,0,0,0,0,0,0,0,0,0,64.0,9.194191487630208,1.0,0.0,-0.005281776189804077,0.04999999701976776,0.0,0.0,0.0,0.2475440949201584,map_a,map_a_open,RULESET_V3_M1_OWN_FLAG_HOME,73b77ac3a0efb2c33a4498544c96bb702a656cbbfe17af18ec859c6d6b4c2142,True
104,sappo_pi_A_specialist_1p5M_seed7100001,48532,1027264,501,76,,OP3,OPPONENT_POOL,train,map_a_open,-1,0,SCRIPTED:OP6,5,1,1,0,1,240,0.5600000023841858,1,0,0,58,0,0,0,0,0,0,0,0,0,0,0,0,0,0,0,0,89.0,9.629246012369792,1.0,0.0,0.012556672096252441,0.04999999701976776,0.0,0.0,0.0,0.2485903799533844,map_a,map_a_open,RULESET_V3_M1_OWN_FLAG_HOME,73b77ac3a0efb2c33a4498544c96bb702a656cbbfe17af18ec859c6d6b4c2142,True
105,sappo_pi_A_specialist_1p5M_seed7100001,48532,1028096,501,128,,OP3,OPPONENT_POOL,train,map_a_open,-1,0,SCRIPTED:OP6,5,1,2,0,2,240,0.47999998927116394,0,1,0,96,0,0,0,0,0,0,0,0,0,0,0,0,0,0,0,0,44.0,6.279005940755209,1.0,0.0,0.01635761559009552,0.04999999701976776,0.0,0.0,0.0,0.24881324172019958,map_a,map_a_open,RULESET_V3_M1_OWN_FLAG_HOME,73b77ac3a0efb2c33a4498544c96bb702a656cbbfe17af18ec859c6d6b4c2142,True
106,sappo_pi_A_specialist_1p5M_seed7100001,48532,1028352,502,16,,OP3,OPPONENT_POOL,train,map_a_open,-1,0,SCRIPTED:OP6,5,0,0,0,0,240,0.47999998927116394,1,0,0,14,0,0,0,0,0,0,0,0,0,0,0,0,0,0,0,0,,13.050035603841145,-0.5,0.0,-0.009081974625587463,0.04999999701976776,0.0,0.0,0.0,-0.12183438241481781,map_a,map_a_open,RULESET_V3_M1_OWN_FLAG_HOME,73b77ac3a0efb2c33a4498544c96bb702a656cbbfe17af18ec859c6d6b4c2142,True
107,sappo_pi_A_specialist_1p5M_seed7100001,48532,1028352,502,16,,OP3,OPPONENT_POOL,train,map_a_open,-1,0,SCRIPTED:OP6,5,1,2,1,1,240,0.4399999976158142,0,1,0,67,0,0,0,0,0,0,0,0,0,0,0,0,0,0,0,0,63.0,7.896061706542969,1.0,0.0,-0.006686404347419739,0.04999999701976776,0.0,0.0,0.0,0.24746167659759521,map_a,map_a_open,RULESET_V3_M1_OWN_FLAG_HOME,73b77ac3a0efb2c33a4498544c96bb702a656cbbfe17af18ec859c6d6b4c2142,True
108,sappo_pi_A_specialist_1p5M_seed7100001,48532,1028352,502,16,,OP3,OPPONENT_POOL,train,map_a_open,-1,0,SCRIPTED:OP6,5,0,0,0,0,240,0.5199999809265137,1,0,0,27,0,0,0,0,0,0,0,0,0,0,0,0,0,0,0,0,,12.797019449869792,-0.5,0.0,0.007500439882278442,0.049999311566352844,0.0,0.0,-0.00800000037997961,-0.1227836087346077,map_a,map_a_open,RULESET_V3_M1_OWN_FLAG_HOME,73b77ac3a0efb2c33a4498544c96bb702a656cbbfe17af18ec859c6d6b4c2142,True
109,sappo_pi_A_specialist_1p5M_seed7100001,48532,1028352,502,16,,OP3,OPPONENT_POOL,train,map_a_open,-1,0,SCRIPTED:OP6,5,1,1,0,1,240,0.5199999809265137,1,0,0,40,0,0,0,0,0,0,0,0,0,0,0,0,0,0,0,0,76.0,10.212184651692708,1.0,0.0,0.005436599254608154,0.04999999701976776,0.0,0.0,-0.004000000189989805,0.24723416566848755,map_a,map_a_open,RULESET_V3_M1_OWN_FLAG_HOME,73b77ac3a0efb2c33a4498544c96bb702a656cbbfe17af18ec859c6d6b4c2142,True
110,sappo_pi_A_specialist_1p5M_seed7100001,48532,1028352,502,16,,OP3,OPPONENT_POOL,train,map_a_open,-1,0,SCRIPTED:OP6,5,1,1,0,1,240,0.5199999809265137,1,0,0,31,0,0,0,0,0,0,0,0,0,0,0,0,0,0,0,0,75.0,10.864205932617187,1.0,0.0,-0.019606217741966248,0.04999999701976776,0.0,0.0,0.0,0.24670347571372986,map_a,map_a_open,RULESET_V3_M1_OWN_FLAG_HOME,73b77ac3a0efb2c33a4498544c96bb702a656cbbfe17af18ec859c6d6b4c2142,True
111,sappo_pi_A_specialist_1p5M_seed7100001,48532,1028352,502,16,,OP3,OPPONENT_POOL,train,map_a_open,-1,0,SCRIPTED:OP6,5,0,0,0,0,240,0.4399999976158142,1,0,0,15,0,0,0,0,0,0,0,0,0,0,0,0,0,0,0,0,,13.164029947916667,-0.5,0.0,0.0018578320741653442,0.04999999701976776,0.0,0.0,-0.004000000189989805,-0.12214594334363937,map_a,map_a_open,RULESET_V3_M1_OWN_FLAG_HOME,73b77ac3a0efb2c33a4498544c96bb702a656cbbfe17af18ec859c6d6b4c2142,True
112,sappo_pi_A_specialist_1p5M_seed7100001,48532,1028352,502,16,,OP3,OPPONENT_POOL,train,map_a_open,-1,0,SCRIPTED:OP6,5,0,0,0,0,240,0.4399999976158142,1,0,0,24,0,0,0,0,0,0,0,0,0,0,0,0,0,0,0,0,,11.819657389322916,-0.5,0.0,-0.012349158525466919,0.04999999701976776,0.0,0.0,0.0,-0.12203554809093475,map_a,map_a_open,RULESET_V3_M1_OWN_FLAG_HOME,73b77ac3a0efb2c33a4498544c96bb702a656cbbfe17af18ec859c6d6b4c2142,True
113,sappo_pi_A_specialist_1p5M_seed7100001,48532,1028544,502,28,,OP3,OPPONENT_POOL,train,map_a_open,-1,0,SCRIPTED:OP6,5,1,3,1,2,106,0.3999999761581421,1,0,0,27,0,0,0,0,0,0,0,0,0,0,0,0,0,0,0,0,46.0,6.023036165057488,1.0,0.5,-0.010271012783050537,0.0,1.0,100.0,0.0,0.5541551113128662,map_a,map_a_open,RULESET_V3_M1_OWN_FLAG_HOME,73b77ac3a0efb2c33a4498544c96bb702a656cbbfe17af18ec859c6d6b4c2142,True
114,sappo_pi_A_specialist_1p5M_seed7100001,48532,1029056,502,60,,OP3,OPPONENT_POOL,train,map_a_open,-1,0,SCRIPTED:OP6,5,0,0,0,0,240,0.5600000023841858,0,1,0,29,0,0,0,0,0,0,0,0,0,0,0,0,0,0,0,0,,11.01354268391927,-0.5,0.0,-0.02645169198513031,0.04999999701976776,0.0,0.0,0.0,-0.1229037269949913,map_a,map_a_open,RULESET_V3_M1_OWN_FLAG_HOME,73b77ac3a0efb2c33a4498544c96bb702a656cbbfe17af18ec859c6d6b4c2142,True
115,sappo_pi_A_specialist_1p5M_seed7100001,48532,1029376,502,80,,OP3,OPPONENT_POOL,train,map_a_open,-1,0,SCRIPTED:OP6,5,0,0,0,0,240,0.47999998927116394,1,0,0,29,0,0,0,0,0,0,0,0,0,0,0,0,0,0,0,0,,12.322019449869792,-0.5,0.0,-0.006289884448051453,0.04999999701976776,0.0,0.0,0.0,-0.12166246026754379,map_a,map_a_open,RULESET_V3_M1_OWN_FLAG_HOME,73b77ac3a0efb2c33a4498544c96bb702a656cbbfe17af18ec859c6d6b4c2142,True
116,sappo_pi_A_specialist_1p5M_seed7100001,48532,1029424,502,83,,OP3,OPPONENT_POOL,train,map_a_open,-1,0,SCRIPTED:OP6,5,0,0,0,0,240,0.4399999976158142,1,0,0,24,0,0,0,0,0,0,0,0,0,0,0,0,0,0,0,0,,12.168898518880209,-0.5,0.0,-0.007087618112564087,0.04999999701976776,0.0,0.0,-0.004000000189989805,-0.122696653008461,map_a,map_a_open,RULESET_V3_M1_OWN_FLAG_HOME,73b77ac3a0efb2c33a4498544c96bb702a656cbbfe17af18ec859c6d6b4c2142,True
117,sappo_pi_A_specialist_1p5M_seed7100001,48532,1030416,503,17,,OP3,OPPONENT_POOL,train,map_a_open,-1,0,SCRIPTED:OP6,5,0,0,0,0,240,0.5600000023841858,0,1,0,133,0,0,0,0,0,0,0,0,0,0,0,0,0,0,0,0,,6.541553751627604,-0.5,0.0,-0.0028397738933563232,0.04999999701976776,0.0,0.0,-0.004000000189989805,-0.12243514508008957,map_a,map_a_open,RULESET_V3_M1_OWN_FLAG_HOME,73b77ac3a0efb2c33a4498544c96bb702a656cbbfe17af18ec859c6d6b4c2142,True
118,sappo_pi_A_specialist_1p5M_seed7100001,48532,1030576,503,27,,OP3,OPPONENT_POOL,train,map_a_open,-1,0,SCRIPTED:OP6,5,0,0,0,0,240,0.3999999761581421,1,0,0,10,0,0,0,0,0,0,0,0,0,0,0,0,0,0,0,0,,13.125925699869791,-0.5,0.0,-0.010444536805152893,0.04999999701976776,0.0,0.0,-0.00800000037997961,-0.12388807535171509,map_a,map_a_open,RULESET_V3_M1_OWN_FLAG_HOME,73b77ac3a0efb2c33a4498544c96bb702a656cbbfe17af18ec859c6d6b4c2142,True
119,sappo_pi_A_specialist_1p5M_seed7100001,48532,1030960,503,51,,OP3,OPPONENT_POOL,train,map_a_open,-1,0,SCRIPTED:OP6,5,0,0,0,0,240,0.5600000023841858,0,1,0,80,0,0,0,0,0,0,0,0,0,0,0,0,0,0,0,0,,8.817433675130209,-0.5,0.0,0.0013070404529571533,0.04999999701976776,0.0,0.0,0.0,-0.12119465321302414,map_a,map_a_open,RULESET_V3_M1_OWN_FLAG_HOME,73b77ac3a0efb2c33a4498544c96bb702a656cbbfe17af18ec859c6d6b4c2142,True
120,sappo_pi_A_specialist_1p5M_seed7100001,48532,1031104,503,60,,OP3,OPPONENT_POOL,train,map_a_open,-1,0,SCRIPTED:OP6,5,0,0,1,-1,240,0.5199999809265137,1,0,0,36,0,0,0,0,0,0,0,0,0,0,0,0,0,0,0,0,62.0,11.084658813476562,-1.0,0.0,0.014278218150138855,0.04999999701976776,0.0,0.0,-0.004000000189989805,-0.24208016693592072,map_a,map_a_open,RULESET_V3_M1_OWN_FLAG_HOME,73b77ac3a0efb2c33a4498544c96bb702a656cbbfe17af18ec859c6d6b4c2142,True
121,sappo_pi_A_specialist_1p5M_seed7100001,48532,1031936,503,112,,OP3,OPPONENT_POOL,train,map_a_open,-1,0,SCRIPTED:OP6,5,0,0,1,-1,240,0.6800000071525574,0,1,0,30,0,0,0,0,0,0,0,0,0,0,0,0,0,0,0,0,54.0,11.978087361653646,-1.0,0.0,0.014325559139251709,0.04999999701976776,0.0,0.0,0.0,-0.24113576114177704,map_a,map_a_open,RULESET_V3_M1_OWN_FLAG_HOME,73b77ac3a0efb2c33a4498544c96bb702a656cbbfe17af18ec859c6d6b4c2142,True
122,sappo_pi_A_specialist_1p5M_seed7100001,48532,1032032,503,118,,OP3,OPPONENT_POOL,train,map_a_open,-1,0,SCRIPTED:OP6,5,1,3,2,1,166,0.47999998927116394,1,0,0,53,0,0,0,0,0,0,0,0,0,0,0,0,0,0,0,0,35.0,5.346102427287274,1.0,0.5,-0.008430376648902893,0.0,1.0,100.0,-0.004000000189989805,0.5535416007041931,map_a,map_a_open,RULESET_V3_M1_OWN_FLAG_HOME,73b77ac3a0efb2c33a4498544c96bb702a656cbbfe17af18ec859c6d6b4c2142,True
123,sappo_pi_A_specialist_1p5M_seed7100001,48532,1032192,503,128,,OP3,OPPONENT_POOL,train,map_a_open,-1,0,SCRIPTED:OP6,5,1,1,0,1,240,0.5199999809265137,1,0,0,29,0,0,0,0,0,0,0,0,0,0,0,0,0,0,0,0,43.0,11.624300130208333,1.0,0.0,-0.01035231351852417,0.04999999701976776,0.0,0.0,0.0,0.24724656343460083,map_a,map_a_open,RULESET_V3_M1_OWN_FLAG_HOME,73b77ac3a0efb2c33a4498544c96bb702a656cbbfe17af18ec859c6d6b4c2142,True
124,sappo_pi_A_specialist_1p5M_seed7100001,48532,1032192,503,128,,OP3,OPPONENT_POOL,train,map_a_open,-1,0,SCRIPTED:OP6,5,0,1,1,0,240,0.5600000023841858,1,0,0,102,0,0,0,0,0,0,0,0,0,0,0,0,0,0,0,0,46.0,4.54398447672526,-0.5,0.0,0.009017109870910645,0.009999999776482582,0.0,0.0,-0.004000000189989805,-0.12416735291481018,map_a,map_a_open,RULESET_V3_M1_OWN_FLAG_HOME,73b77ac3a0efb2c33a4498544c96bb702a656cbbfe17af18ec859c6d6b4c2142,True
125,sappo_pi_A_specialist_1p5M_seed7100001,48532,1032192,503,128,,OP3,OPPONENT_POOL,train,map_a_open,-1,0,SCRIPTED:OP6,5,0,0,1,-1,240,0.5199999809265137,1,0,0,33,0,0,0,0,0,0,0,0,0,0,0,0,0,0,0,0,56.0,11.512661743164063,-1.0,0.0,-0.016591951251029968,0.04999999701976776,0.0,0.0,0.0,-0.24295489490032196,map_a,map_a_open,RULESET_V3_M1_OWN_FLAG_HOME,73b77ac3a0efb2c33a4498544c96bb702a656cbbfe17af18ec859c6d6b4c2142,True
126,sappo_pi_A_specialist_1p5M_seed7100001,48532,1032192,503,128,,OP3,OPPONENT_POOL,train,map_a_open,-1,0,SCRIPTED:OP6,5,0,0,0,0,240,0.35999998450279236,1,0,0,20,0,0,0,0,0,0,0,0,0,0,0,0,0,0,0,0,,12.812348429361979,-0.5,0.0,-0.002423882484436035,0.04999958351254463,0.0,0.0,-0.004000000189989805,-0.12240956723690033,map_a,map_a_open,RULESET_V3_M1_OWN_FLAG_HOME,73b77ac3a0efb2c33a4498544c96bb702a656cbbfe17af18ec859c6d6b4c2142,True
127,sappo_pi_A_specialist_1p5M_seed7100001,48532,1032192,503,128,,OP3,OPPONENT_POOL,train,map_a_open,-1,0,SCRIPTED:OP6,5,0,0,0,0,240,0.6399999856948853,0,1,0,33,0,0,0,0,0,0,0,0,0,0,0,0,0,0,0,0,,12.710380045572917,-0.5,0.0,-0.006571367383003235,0.04999999701976776,0.0,0.0,0.0,-0.12167979031801224,map_a,map_a_open,RULESET_V3_M1_OWN_FLAG_HOME,73b77ac3a0efb2c33a4498544c96bb702a656cbbfe17af18ec859c6d6b4c2142,True
128,sappo_pi_A_specialist_1p5M_seed7100001,48532,1032192,503,128,,OP3,OPPONENT_POOL,train,map_a_open,-1,0,SCRIPTED:OP6,5,0,0,0,0,240,0.3999999761581421,1,0,0,8,0,0,0,0,0,0,0,0,0,0,0,0,0,0,0,0,,13.355497233072917,-0.5,0.0,-0.00646759569644928,0.04999999701976776,0.0,0.0,0.0,-0.12167340517044067,map_a,map_a_open,RULESET_V3_M1_OWN_FLAG_HOME,73b77ac3a0efb2c33a4498544c96bb702a656cbbfe17af18ec859c6d6b4c2142,True
129,sappo_pi_A_specialist_1p5M_seed7100001,48532,1032192,503,128,,OP3,OPPONENT_POOL,train,map_a_open,-1,0,SCRIPTED:OP6,5,1,1,0,1,240,0.5600000023841858,1,0,0,146,0,0,0,0,0,0,0,0,0,0,0,0,0,0,0,0,127.0,7.107377624511718,1.0,0.0,-0.01552717387676239,0.04999999701976776,0.0,0.0,0.0,0.2469429075717926,map_a,map_a_open,RULESET_V3_M1_OWN_FLAG_HOME,73b77ac3a0efb2c33a4498544c96bb702a656cbbfe17af18ec859c6d6b4c2142,True
130,sappo_pi_A_specialist_1p5M_seed7100001,48532,1032384,504,12,,OP3,OPPONENT_POOL,train,map_a_open,-1,0,SCRIPTED:OP6,5,1,1,0,1,240,0.4399999976158142,1,0,0,119,0,0,0,0,0,0,0,0,0,0,0,0,0,0,0,0,85.0,5.281485493977865,1.0,0.0,0.0038886964321136475,0.04999999701976776,0.0,0.0,-0.004000000189989805,0.24714334309101105,map_a,map_a_open,RULESET_V3_M1_OWN_FLAG_HOME,73b77ac3a0efb2c33a4498544c96bb702a656cbbfe17af18ec859c6d6b4c2142,True
131,sappo_pi_A_specialist_1p5M_seed7100001,48532,1032896,504,44,,OP3,OPPONENT_POOL,train,map_a_open,-1,0,SCRIPTED:OP6,5,1,1,0,1,240,0.3999999761581421,1,0,0,21,0,0,0,0,0,0,0,0,0,0,0,0,0,0,0,0,56.0,11.762116495768229,1.0,0.0,-0.011226072907447815,0.04999999701976776,0.0,0.0,0.0,0.247195303440094,map_a,map_a_open,RULESET_V3_M1_OWN_FLAG_HOME,73b77ac3a0efb2c33a4498544c96bb702a656cbbfe17af18ec859c6d6b4c2142,True
132,sappo_pi_A_specialist_1p5M_seed7100001,48532,1033264,504,67,,OP3,OPPONENT_POOL,train,map_a_open,-1,0,SCRIPTED:OP6,5,1,1,0,1,240,0.3999999761581421,1,0,0,18,0,0,0,0,0,0,0,0,0,0,0,0,0,0,0,0,35.0,12.698459879557292,1.0,0.0,-0.007550731301307678,0.04999999701976776,0.0,0.0,-0.004000000189989805,0.24647194147109985,map_a,map_a_open,RULESET_V3_M1_OWN_FLAG_HOME,73b77ac3a0efb2c33a4498544c96bb702a656cbbfe17af18ec859c6d6b4c2142,True
133,sappo_pi_A_specialist_1p5M_seed7100001,48532,1034256,505,1,,OP3,OPPONENT_POOL,train,map_a_open,-1,0,SCRIPTED:OP6,5,0,0,1,-1,240,0.5600000023841858,0,2,0,30,0,0,0,0,0,0,0,0,0,0,0,0,0,0,0,0,54.0,11.73387451171875,-1.0,0.0,0.00018249452114105225,0.04999999701976776,0.0,0.0,-0.004000000189989805,-0.24290934205055237,map_a,map_a_open,RULESET_V3_M1_OWN_FLAG_HOME,73b77ac3a0efb2c33a4498544c96bb702a656cbbfe17af18ec859c6d6b4c2142,True
134,sappo_pi_A_specialist_1p5M_seed7100001,48532,1034416,505,11,,OP3,OPPONENT_POOL,train,map_a_open,-1,0,SCRIPTED:OP6,5,0,0,0,0,240,0.3999999761581421,1,0,0,6,0,0,0,0,0,0,0,0,0,0,0,0,0,0,0,0,,13.059242757161458,-0.5,0.0,0.00466492772102356,0.04999999701976776,0.0,0.0,0.0,-0.12098786234855652,map_a,map_a_open,RULESET_V3_M1_OWN_FLAG_HOME,73b77ac3a0efb2c33a4498544c96bb702a656cbbfe17af18ec859c6d6b4c2142,True
135,sappo_pi_A_specialist_1p5M_seed7100001,48532,1034800,505,35,,OP3,OPPONENT_POOL,train,map_a_open,-1,0,SCRIPTED:OP6,5,0,0,0,0,240,0.3999999761581421,1,0,0,13,0,0,0,0,0,0,0,0,0,0,0,0,0,0,0,0,,13.157889811197917,-0.5,0.0,-0.01719324290752411,0.04999999701976776,0.0,0.0,0.0,-0.12233377993106842,map_a,map_a_open,RULESET_V3_M1_OWN_FLAG_HOME,73b77ac3a0efb2c33a4498544c96bb702a656cbbfe17af18ec859c6d6b4c2142,True
136,sappo_pi_A_specialist_1p5M_seed7100001,48532,1034944,505,44,,OP3,OPPONENT_POOL,train,map_a_open,-1,0,SCRIPTED:OP6,5,1,1,0,1,240,0.4399999976158142,0,2,0,26,0,0,0,0,0,0,0,0,0,0,0,0,0,0,0,0,53.0,11.562139892578125,1.0,0.0,-0.004618719220161438,0.04999999701976776,0.0,0.0,-0.00800000037997961,0.24570463597774506,map_a,map_a_open,RULESET_V3_M1_OWN_FLAG_HOME,73b77ac3a0efb2c33a4498544c96bb702a656cbbfe17af18ec859c6d6b4c2142,True
137,sappo_pi_A_specialist_1p5M_seed7100001,48532,1035776,505,96,,OP3,OPPONENT_POOL,train,map_a_open,-1,0,SCRIPTED:OP6,5,1,2,0,2,240,0.6800000071525574,0,1,0,60,0,0,0,0,0,0,0,0,0,0,0,0,0,0,0,0,55.0,7.830210367838542,1.0,0.0,0.010107681155204773,0.04999999701976776,0.0,0.0,0.0,0.2484467774629593,map_a,map_a_open,RULESET_V3_M1_OWN_FLAG_HOME,73b77ac3a0efb2c33a4498544c96bb702a656cbbfe17af18ec859c6d6b4c2142,True
138,sappo_pi_A_specialist_1p5M_seed7100001,48532,1035872,505,102,,OP3,OPPONENT_POOL,train,map_a_open,-1,0,SCRIPTED:OP6,5,0,0,0,0,240,0.35999998450279236,1,0,0,20,0,0,0,0,0,0,0,0,0,0,0,0,0,0,0,0,,12.297593180338541,-0.5,0.0,0.006839781999588013,0.049999989569187164,0.0,0.0,0.0,-0.12085392326116562,map_a,map_a_open,RULESET_V3_M1_OWN_FLAG_HOME,73b77ac3a0efb2c33a4498544c96bb702a656cbbfe17af18ec859c6d6b4c2142,True
139,sappo_pi_A_specialist_1p5M_seed7100001,48532,1036032,505,112,,OP3,OPPONENT_POOL,train,map_a_open,-1,0,SCRIPTED:OP6,5,0,1,1,0,240,0.4399999976158142,1,0,0,15,0,0,0,0,0,0,0,0,0,0,0,0,0,0,0,0,42.0,10.743222045898438,-0.5,0.0,-0.026655107736587524,0.04999999701976776,0.0,0.0,0.0,-0.12291625887155533,map_a,map_a_open,RULESET_V3_M1_OWN_FLAG_HOME,73b77ac3a0efb2c33a4498544c96bb702a656cbbfe17af18ec859c6d6b4c2142,True
140,sappo_pi_A_specialist_1p5M_seed7100001,48532,1036032,505,112,,OP3,OPPONENT_POOL,train,map_a_open,-1,0,SCRIPTED:OP6,5,0,0,0,0,240,0.5600000023841858,1,0,0,34,0,0,0,0,0,0,0,0,0,0,0,0,0,0,0,0,,11.47745869954427,-0.5,0.0,0.01774977147579193,0.04999999701976776,0.0,0.0,-0.004000000189989805,-0.12116739898920059,map_a,map_a_open,RULESET_V3_M1_OWN_FLAG_HOME,73b77ac3a0efb2c33a4498544c96bb702a656cbbfe17af18ec859c6d6b4c2142,True
141,sappo_pi_A_specialist_1p5M_seed7100001,48532,1036032,505,112,,OP3,OPPONENT_POOL,train,map_a_open,-1,0,SCRIPTED:OP6,5,0,0,0,0,240,0.4399999976158142,1,0,0,34,0,0,0,0,0,0,0,0,0,0,0,0,0,0,0,0,,10.818637084960937,-0.5,0.0,0.006318315863609314,0.04999999701976776,0.0,0.0,0.0,-0.12088604271411896,map_a,map_a_open,RULESET_V3_M1_OWN_FLAG_HOME,73b77ac3a0efb2c33a4498544c96bb702a656cbbfe17af18ec859c6d6b4c2142,True
142,sappo_pi_A_specialist_1p5M_seed7100001,48532,1036032,505,112,,OP3,OPPONENT_POOL,train,map_a_open,-1,0,SCRIPTED:OP6,5,0,0,1,-1,240,0.23999999463558197,1,0,0,23,0,0,0,0,0,0,0,0,0,0,0,0,0,0,0,0,55.0,11.714070638020834,-1.0,0.0,-0.013939157128334045,0.04999999701976776,0.0,0.0,0.0,-0.24279887974262238,map_a,map_a_open,RULESET_V3_M1_OWN_FLAG_HOME,73b77ac3a0efb2c33a4498544c96bb702a656cbbfe17af18ec859c6d6b4c2142,True
143,sappo_pi_A_specialist_1p5M_seed7100001,48532,1036032,505,112,,OP3,OPPONENT_POOL,train,map_a_open,-1,0,SCRIPTED:OP6,5,0,0,0,0,240,0.4399999976158142,1,0,0,12,0,0,0,0,0,0,0,0,0,0,0,0,0,0,0,0,,13.007925415039063,-0.5,0.0,0.004114434123039246,0.04999999701976776,0.0,0.0,0.0,-0.12102176249027252,map_a,map_a_open,RULESET_V3_M1_OWN_FLAG_HOME,73b77ac3a0efb2c33a4498544c96bb702a656cbbfe17af18ec859c6d6b4c2142,True
144,sappo_pi_A_specialist_1p5M_seed7100001,48532,1036032,505,112,,OP3,OPPONENT_POOL,train,map_a_open,-1,0,SCRIPTED:OP6,5,0,0,0,0,240,0.5999999642372131,1,0,0,14,0,0,0,0,0,0,0,0,0,0,0,0,0,0,0,0,,12.623726399739583,-0.5,0.0,0.006285801529884338,0.04999999701976776,0.0,0.0,0.0,-0.12088803946971893,map_a,map_a_open,RULESET_V3_M1_OWN_FLAG_HOME,73b77ac3a0efb2c33a4498544c96bb702a656cbbfe17af18ec859c6d6b4c2142,True
145,sappo_pi_A_specialist_1p5M_seed7100001,48532,1036032,505,112,,OP3,OPPONENT_POOL,train,map_a_open,-1,0,SCRIPTED:OP6,5,0,0,0,0,240,0.35999998450279236,1,0,0,21,0,0,0,0,0,0,0,0,0,0,0,0,0,0,0,0,,12.670486450195312,-0.5,0.0,0.013012662529945374,0.04999999701976776,0.0,0.0,0.0,-0.12047374248504639,map_a,map_a_open,RULESET_V3_M1_OWN_FLAG_HOME,73b77ac3a0efb2c33a4498544c96bb702a656cbbfe17af18ec859c6d6b4c2142,True
146,sappo_pi_A_specialist_1p5M_seed7100001,48532,1036224,505,124,,OP3,OPPONENT_POOL,train,map_a_open,-1,0,SCRIPTED:OP6,5,1,1,0,1,240,0.5999999642372131,1,0,0,29,0,0,0,0,0,0,0,0,0,0,0,0,0,0,0,0,58.0,11.00323486328125,1.0,0.0,-0.0015191137790679932,0.04999999701976776,0.0,0.0,-0.004000000189989805,0.24682597815990448,map_a,map_a_open,RULESET_V3_M1_OWN_FLAG_HOME,73b77ac3a0efb2c33a4498544c96bb702a656cbbfe17af18ec859c6d6b4c2142,True
147,sappo_pi_A_specialist_1p5M_seed7100001,48532,1036736,506,28,,OP3,OPPONENT_POOL,train,map_a_open,-1,0,SCRIPTED:OP6,5,1,1,0,1,240,0.35999998450279236,0,1,0,39,0,0,0,0,0,0,0,0,0,0,0,0,0,0,0,0,47.0,11.937514241536459,1.0,0.0,-0.016713246703147888,0.04999999701976776,0.0,0.0,-0.004000000189989805,0.24593399465084076,map_a,map_a_open,RULESET_V3_M1_OWN_FLAG_HOME,73b77ac3a0efb2c33a4498544c96bb702a656cbbfe17af18ec859c6d6b4c2142,True
148,sappo_pi_A_specialist_1p5M_seed7100001,48532,1037104,506,51,,OP3,OPPONENT_POOL,train,map_a_open,-1,0,SCRIPTED:OP6,5,1,1,0,1,240,0.35999998450279236,0,4,0,118,0,0,0,0,0,0,0,0,0,0,0,0,0,0,0,0,168.0,5.682728068033854,1.0,0.0,-0.00702117383480072,0.04999999701976776,0.0,0.0,-0.004000000189989805,0.2465030401945114,map_a,map_a_open,RULESET_V3_M1_OWN_FLAG_HOME,73b77ac3a0efb2c33a4498544c96bb702a656cbbfe17af18ec859c6d6b4c2142,True
149,sappo_pi_A_specialist_1p5M_seed7100001,48532,1037216,506,58,,OP3,OPPONENT_POOL,train,map_a_open,-1,0,SCRIPTED:OP6,5,1,3,0,3,151,0.5600000023841858,0,1,0,45,0,0,0,0,0,0,0,0,0,0,0,0,0,0,0,0,77.0,5.105807879113204,1.0,0.5,-0.010249331593513489,0.0,1.0,100.0,0.0,0.5541560649871826,map_a,map_a_open,RULESET_V3_M1_OWN_FLAG_HOME,73b77ac3a0efb2c33a4498544c96bb702a656cbbfe17af18ec859c6d6b4c2142,True
150,sappo_pi_A_specialist_1p5M_seed7100001,48532,1038096,506,113,,OP3,OPPONENT_POOL,train,map_a_open,-1,0,SCRIPTED:OP6,5,0,0,0,0,240,0.2800000011920929,1,0,0,62,0,0,0,0,0,0,0,0,0,0,0,0,0,0,0,0,,10.16190694173177,-0.5,0.0,0.009212911128997803,0.04999999701976776,0.0,0.0,-0.004000000189989805,-0.12169308215379715,map_a,map_a_open,RULESET_V3_M1_OWN_FLAG_HOME,73b77ac3a0efb2c33a4498544c96bb702a656cbbfe17af18ec859c6d6b4c2142,True
151,sappo_pi_A_specialist_1p5M_seed7100001,48532,1038256,506,123,,OP3,OPPONENT_POOL,train,map_a_open,-1,0,SCRIPTED:OP6,5,0,0,0,0,240,0.5600000023841858,1,0,0,34,0,0,0,0,0,0,0,0,0,0,0,0,0,0,0,0,,12.159760538736979,-0.5,0.0,0.006514325737953186,0.04999999701976776,0.0,0.0,-0.004000000189989805,-0.12185924500226974,map_a,map_a_open,RULESET_V3_M1_OWN_FLAG_HOME,73b77ac3a0efb2c33a4498544c96bb702a656cbbfe17af18ec859c6d6b4c2142,True
152,sappo_pi_A_specialist_1p5M_seed7100001,48532,1038784,507,28,,OP3,OPPONENT_POOL,train,map_a_open,-1,0,SCRIPTED:OP6,5,1,2,1,1,240,0.47999998927116394,1,0,0,66,0,0,0,0,0,0,0,0,0,0,0,0,0,0,0,0,30.0,8.586961873372395,1.0,0.0,-0.0073461830615997314,0.04999999701976776,0.0,0.0,-0.00800000037997961,0.24554447829723358,map_a,map_a_open,RULESET_V3_M1_OWN_FLAG_HOME,73b77ac3a0efb2c33a4498544c96bb702a656cbbfe17af18ec859c6d6b4c2142,True
153,sappo_pi_A_specialist_1p5M_seed7100001,48532,1039616,507,80,,OP3,OPPONENT_POOL,train,map_a_open,-1,0,SCRIPTED:OP6,5,1,1,0,1,240,0.5999999642372131,1,0,0,22,0,0,0,0,0,0,0,0,0,0,0,0,0,0,0,0,71.0,11.041275024414062,1.0,0.0,-0.011037155985832214,0.04999999701976776,0.0,0.0,0.0,0.24720638990402222,map_a,map_a_open,RULESET_V3_M1_OWN_FLAG_HOME,73b77ac3a0efb2c33a4498544c96bb702a656cbbfe17af18ec859c6d6b4c2142,True
154,sappo_pi_A_specialist_1p5M_seed7100001,48532,1039712,507,86,,OP3,OPPONENT_POOL,train,map_a_open,-1,0,SCRIPTED:OP6,5,1,2,0,2,240,0.3999999761581421,0,1,0,41,0,0,0,0,0,0,0,0,0,0,0,0,0,0,0,0,33.0,9.693438720703124,1.0,0.0,-0.002995327115058899,0.04999999701976776,0.0,0.0,0.0,0.2476782351732254,map_a,map_a_open,RULESET_V3_M1_OWN_FLAG_HOME,73b77ac3a0efb2c33a4498544c96bb702a656cbbfe17af18ec859c6d6b4c2142,True
155,sappo_pi_A_specialist_1p5M_seed7100001,48532,1039872,507,96,,OP3,OPPONENT_POOL,train,map_a_open,-1,0,SCRIPTED:OP6,5,1,1,0,1,240,0.4399999976158142,0,1,0,81,0,0,0,0,0,0,0,0,0,0,0,0,0,0,0,0,105.0,8.399127197265624,1.0,0.0,0.010002613067626953,0.04999999701976776,0.0,0.0,0.0,0.24844062328338623,map_a,map_a_open,RULESET_V3_M1_OWN_FLAG_HOME,73b77ac3a0efb2c33a4498544c96bb702a656cbbfe17af18ec859c6d6b4c2142,True
156,sappo_pi_A_specialist_1p5M_seed7100001,48532,1039872,507,96,,OP3,OPPONENT_POOL,train,map_a_open,-1,0,SCRIPTED:OP6,5,0,0,0,0,240,0.5999999642372131,1,0,0,43,0,0,0,0,0,0,0,0,0,0,0,0,0,0,0,0,,11.423297119140624,-0.5,0.0,-0.003807857632637024,0.04999999701976776,0.0,0.0,0.0,-0.1215096265077591,map_a,map_a_open,RULESET_V3_M1_OWN_FLAG_HOME,73b77ac3a0efb2c33a4498544c96bb702a656cbbfe17af18ec859c6d6b4c2142,True
157,sappo_pi_A_specialist_1p5M_seed7100001,48532,1039872,507,96,,OP3,OPPONENT_POOL,train,map_a_open,-1,0,SCRIPTED:OP6,5,0,0,0,0,240,0.4399999976158142,1,0,0,19,0,0,0,0,0,0,0,0,0,0,0,0,0,0,0,0,,13.055916341145833,-0.5,0.0,-0.001125052571296692,0.04999999701976776,0.0,0.0,0.0,-0.1213444247841835,map_a,map_a_open,RULESET_V3_M1_OWN_FLAG_HOME,73b77ac3a0efb2c33a4498544c96bb702a656cbbfe17af18ec859c6d6b4c2142,True
158,sappo_pi_A_specialist_1p5M_seed7100001,48532,1039872,507,96,,OP3,OPPONENT_POOL,train,map_a_open,-1,0,SCRIPTED:OP6,5,1,1,0,1,240,0.4399999976158142,1,0,0,10,0,0,0,0,0,0,0,0,0,0,0,0,0,0,0,0,29.0,12.733455403645833,1.0,0.0,0.004493162035942078,0.04999999701976776,0.0,0.0,0.0,0.24811747670173645,map_a,map_a_open,RULESET_V3_M1_OWN_FLAG_HOME,73b77ac3a0efb2c33a4498544c96bb702a656cbbfe17af18ec859c6d6b4c2142,True
159,sappo_pi_A_specialist_1p5M_seed7100001,48532,1039872,507,96,,OP3,OPPONENT_POOL,train,map_a_open,-1,0,SCRIPTED:OP6,5,1,1,0,1,240,0.5199999809265137,0,1,0,51,0,0,0,0,0,0,0,0,0,0,0,0,0,0,0,0,54.0,11.381223551432292,1.0,0.0,0.008620530366897583,0.04999999701976776,0.0,0.0,-0.004000000189989805,0.2474210113286972,map_a,map_a_open,RULESET_V3_M1_OWN_FLAG_HOME,73b77ac3a0efb2c33a4498544c96bb702a656cbbfe17af18ec859c6d6b4c2142,True
160,sappo_pi_A_specialist_1p5M_seed7100001,48532,1039872,507,96,,OP3,OPPONENT_POOL,train,map_a_open,-1,0,SCRIPTED:OP6,5,1,1,0,1,240,0.3999999761581421,1,0,0,9,0,0,0,0,0,0,0,0,0,0,0,0,0,0,0,0,44.0,12.167184448242187,1.0,0.0,-0.0031174272298812866,0.04999999701976776,0.0,0.0,0.0,0.24767106771469116,map_a,map_a_open,RULESET_V3_M1_OWN_FLAG_HOME,73b77ac3a0efb2c33a4498544c96bb702a656cbbfe17af18ec859c6d6b4c2142,True
161,sappo_pi_A_specialist_1p5M_seed7100001,48532,1039872,507,96,,OP3,OPPONENT_POOL,train,map_a_open,-1,0,SCRIPTED:OP6,5,0,0,1,-1,240,0.5999999642372131,1,0,0,27,0,0,0,0,0,0,0,0,0,0,0,0,0,0,0,0,50.0,11.439832560221355,-1.0,0.0,0.0030040740966796875,0.04999999701976776,0.0,0.0,0.0,-0.24180209636688232,map_a,map_a_open,RULESET_V3_M1_OWN_FLAG_HOME,73b77ac3a0efb2c33a4498544c96bb702a656cbbfe17af18ec859c6d6b4c2142,True
162,sappo_pi_A_specialist_1p5M_seed7100001,48532,1040064,507,108,,OP3,OPPONENT_POOL,train,map_a_open,-1,0,SCRIPTED:OP6,5,0,0,0,0,240,0.5999999642372131,1,0,0,82,0,0,0,0,0,0,0,0,0,0,0,0,0,0,0,0,,8.55027364095052,-0.5,0.0,-0.002552121877670288,0.04999999701976776,0.0,0.0,0.0,-0.12143230438232422,map_a,map_a_open,RULESET_V3_M1_OWN_FLAG_HOME,73b77ac3a0efb2c33a4498544c96bb702a656cbbfe17af18ec859c6d6b4c2142,True
163,sappo_pi_A_specialist_1p5M_seed7100001,48532,1040576,508,12,,OP3,OPPONENT_POOL,train,map_a_open,-1,0,SCRIPTED:OP6,5,0,0,0,0,240,0.3199999928474426,1,0,0,20,0,0,0,0,0,0,0,0,0,0,0,0,0,0,0,0,,12.521537272135417,-0.5,0.0,-0.015896454453468323,0.04999999701976776,0.0,0.0,-0.004000000189989805,-0.12323888391256332,map_a,map_a_open,RULESET_V3_M1_OWN_FLAG_HOME,73b77ac3a0efb2c33a4498544c96bb702a656cbbfe17af18ec859c6d6b4c2142,True
164,sappo_pi_A_specialist_1p5M_seed7100001,48532,1040944,508,35,,OP3,OPPONENT_POOL,train,map_a_open,-1,0,SCRIPTED:OP6,5,1,1,0,1,240,0.4399999976158142,1,0,0,57,0,0,0,0,0,0,0,0,0,0,0,0,0,0,0,0,106.0,9.36085917154948,1.0,0.0,0.008738294243812561,0.04999999701976776,0.0,0.0,0.0,0.24836646020412445,map_a,map_a_open,RULESET_V3_M1_OWN_FLAG_HOME,73b77ac3a0efb2c33a4498544c96bb702a656cbbfe17af18ec859c6d6b4c2142,True
165,sappo_pi_A_specialist_1p5M_seed7100001,48532,1041056,508,42,,OP3,OPPONENT_POOL,train,map_a_open,-1,0,SCRIPTED:OP6,5,0,0,0,0,240,0.5600000023841858,1,0,0,23,0,0,0,0,0,0,0,0,0,0,0,0,0,0,0,0,,11.168262736002605,-0.5,0.0,0.016190990805625916,0.04999999701976776,0.0,0.0,0.0,-0.12027797102928162,map_a,map_a_open,RULESET_V3_M1_OWN_FLAG_HOME,73b77ac3a0efb2c33a4498544c96bb702a656cbbfe17af18ec859c6d6b4c2142,True
166,sappo_pi_A_specialist_1p5M_seed7100001,48532,1041936,508,97,,OP3,OPPONENT_POOL,train,map_a_open,-1,0,SCRIPTED:OP6,5,1,1,0,1,240,0.3199999928474426,1,0,0,15,0,0,0,0,0,0,0,0,0,0,0,0,0,0,0,0,29.0,12.200813802083333,1.0,0.0,0.004469648003578186,0.04999999701976776,0.0,0.0,-0.004000000189989805,0.24717745184898376,map_a,map_a_open,RULESET_V3_M1_OWN_FLAG_HOME,73b77ac3a0efb2c33a4498544c96bb702a656cbbfe17af18ec859c6d6b4c2142,True
167,sappo_pi_A_specialist_1p5M_seed7100001,48532,1042032,508,103,,OP3,OPPONENT_POOL,train,map_a_open,-1,0,SCRIPTED:OP6,5,1,3,1,2,151,0.5600000023841858,1,0,0,64,0,0,0,0,0,0,0,0,0,0,0,0,0,0,0,0,44.0,4.743194782181291,1.0,0.5,-0.010458111763000488,0.0,1.0,100.0,-0.004000000189989805,0.5534536838531494,map_a,map_a_open,RULESET_V3_M1_OWN_FLAG_HOME,73b77ac3a0efb2c33a4498544c96bb702a656cbbfe17af18ec859c6d6b4c2142,True
168,sappo_pi_A_specialist_1p5M_seed7100001,48532,1042096,508,107,,OP3,OPPONENT_POOL,train,map_a_open,-1,0,SCRIPTED:OP6,5,0,0,0,0,240,0.47999998927116394,1,0,0,140,0,0,0,0,0,0,0,0,0,0,0,0,0,0,0,0,,4.203411865234375,-0.5,0.0,-0.008016400039196014,0.019999999552965164,0.0,0.0,-0.004000000189989805,-0.12460014224052429,map_a,map_a_open,RULESET_V3_M1_OWN_FLAG_HOME,73b77ac3a0efb2c33a4498544c96bb702a656cbbfe17af18ec859c6d6b4c2142,True
169,sappo_pi_A_specialist_1p5M_seed7100001,48532,1042624,509,12,,OP3,OPPONENT_POOL,train,map_a_open,-1,0,SCRIPTED:OP6,5,1,1,0,1,240,0.5999999642372131,1,0,0,54,0,0,0,0,0,0,0,0,0,0,0,0,0,0,0,0,104.0,8.399962361653646,1.0,0.0,-0.005535915493965149,0.04999999701976776,0.0,0.0,0.0,0.24752917885780334,map_a,map_a_open,RULESET_V3_M1_OWN_FLAG_HOME,73b77ac3a0efb2c33a4498544c96bb702a656cbbfe17af18ec859c6d6b4c2142,True
170,sappo_pi_A_specialist_1p5M_seed7100001,48532,1042896,509,29,,OP3,OPPONENT_POOL,train,map_a_open,-1,0,SCRIPTED:OP6,5,1,3,1,2,189,0.5600000023841858,0,1,0,97,0,0,0,0,0,0,0,0,0,0,0,0,0,0,0,0,48.0,4.86871822296627,1.0,0.5,-0.010353609919548035,0.0,1.0,100.0,-0.004000000189989805,0.5534581542015076,map_a,map_a_open,RULESET_V3_M1_OWN_FLAG_HOME,73b77ac3a0efb2c33a4498544c96bb702a656cbbfe17af18ec859c6d6b4c2142,True
171,sappo_pi_A_specialist_1p5M_seed7100001,48532,1043552,509,70,,OP3,OPPONENT_POOL,train,map_a_open,-1,0,SCRIPTED:OP6,5,0,0,1,-1,240,0.5600000023841858,0,1,0,41,0,0,0,0,0,0,0,0,0,0,0,0,0,0,0,0,80.0,10.172203572591146,-1.0,0.0,0.007068648934364319,0.04999999701976776,0.0,0.0,-0.004000000189989805,-0.2425043135881424,map_a,map_a_open,RULESET_V3_M1_OWN_FLAG_HOME,73b77ac3a0efb2c33a4498544c96bb702a656cbbfe17af18ec859c6d6b4c2142,True
172,sappo_pi_A_specialist_1p5M_seed7100001,48532,1043712,509,80,,OP3,OPPONENT_POOL,train,map_a_open,-1,0,SCRIPTED:OP6,5,1,2,1,1,240,0.47999998927116394,0,1,0,44,0,0,0,0,0,0,0,0,0,0,0,0,0,0,0,0,45.0,9.772449747721355,1.0,0.0,0.00938655436038971,0.04999999701976776,0.0,0.0,0.0,0.24840448796749115,map_a,map_a_open,RULESET_V3_M1_OWN_FLAG_HOME,73b77ac3a0efb2c33a4498544c96bb702a656cbbfe17af18ec859c6d6b4c2142,True
173,sappo_pi_A_specialist_1p5M_seed7100001,48532,1043712,509,80,,OP3,OPPONENT_POOL,train,map_a_open,-1,0,SCRIPTED:OP6,5,0,0,0,0,240,0.6399999856948853,1,0,0,10,0,0,0,0,0,0,0,0,0,0,0,0,0,0,0,0,,12.357822672526042,-0.5,0.0,0.009961798787117004,0.04999999701976776,0.0,0.0,-0.004000000189989805,-0.12164697051048279,map_a,map_a_open,RULESET_V3_M1_OWN_FLAG_HOME,73b77ac3a0efb2c33a4498544c96bb702a656cbbfe17af18ec859c6d6b4c2142,True
174,sappo_pi_A_specialist_1p5M_seed7100001,48532,1043712,509,80,,OP3,OPPONENT_POOL,train,map_a_open,-1,0,SCRIPTED:OP6,5,0,0,0,0,240,0.5199999809265137,1,0,0,4,0,0,0,0,0,0,0,0,0,0,0,0,0,0,0,0,,13.357095336914062,-0.5,0.0,0.018777042627334595,0.04999999701976776,0.0,0.0,0.0,-0.12011867761611938,map_a,map_a_open,RULESET_V3_M1_OWN_FLAG_HOME,73b77ac3a0efb2c33a4498544c96bb702a656cbbfe17af18ec859c6d6b4c2142,True
175,sappo_pi_A_specialist_1p5M_seed7100001,48532,1043712,509,80,,OP3,OPPONENT_POOL,train,map_a_open,-1,0,SCRIPTED:OP6,5,0,0,1,-1,240,0.47999998927116394,0,2,0,43,0,0,0,0,0,0,0,0,0,0,0,0,0,0,0,0,77.0,10.383140055338542,-1.0,0.0,0.004651233553886414,0.04999999701976776,0.0,0.0,-0.004000000189989805,-0.2426465004682541,map_a,map_a_open,RULESET_V3_M1_OWN_FLAG_HOME,73b77ac3a0efb2c33a4498544c96bb702a656cbbfe17af18ec859c6d6b4c2142,True
176,sappo_pi_A_specialist_1p5M_seed7100001,48532,1043712,509,80,,OP3,OPPONENT_POOL,train,map_a_open,-1,0,SCRIPTED:OP6,5,1,1,0,1,240,0.47999998927116394,1,0,0,36,0,0,0,0,0,0,0,0,0,0,0,0,0,0,0,0,82.0,10.454910278320312,1.0,0.0,0.004317194223403931,0.04999999701976776,0.0,0.0,-0.004000000189989805,0.24716849625110626,map_a,map_a_open,RULESET_V3_M1_OWN_FLAG_HOME,73b77ac3a0efb2c33a4498544c96bb702a656cbbfe17af18ec859c6d6b4c2142,True
177,sappo_pi_A_specialist_1p5M_seed7100001,48532,1043712,509,80,,OP3,OPPONENT_POOL,train,map_a_open,-1,0,SCRIPTED:OP6,5,0,0,1,-1,240,0.4399999976158142,1,0,0,14,0,0,0,0,0,0,0,0,0,0,0,0,0,0,0,0,42.0,12.002956136067708,-1.0,0.0,0.004680246114730835,0.0499880425632,0.0,0.0,0.0,-0.24170416593551636,map_a,map_a_open,RULESET_V3_M1_OWN_FLAG_HOME,73b77ac3a0efb2c33a4498544c96bb702a656cbbfe17af18ec859c6d6b4c2142,True
178,sappo_pi_A_specialist_1p5M_seed7100001,48532,1043904,509,92,,OP3,OPPONENT_POOL,train,map_a_open,-1,0,SCRIPTED:OP6,5,1,1,0,1,240,0.4399999976158142,1,0,0,11,0,0,0,0,0,0,0,0,0,0,0,0,0,0,0,0,42.0,12.139314778645833,1.0,0.0,0.009678542613983154,0.04999999701976776,0.0,0.0,-0.004000000189989805,0.24748307466506958,map_a,map_a_open,RULESET_V3_M1_OWN_FLAG_HOME,73b77ac3a0efb2c33a4498544c96bb702a656cbbfe17af18ec859c6d6b4c2142,True
179,sappo_pi_A_specialist_1p5M_seed7100001,48532,1044416,509,124,,OP3,OPPONENT_POOL,train,map_a_open,-1,0,SCRIPTED:OP6,5,0,0,0,0,240,0.47999998927116394,1,0,0,4,0,0,0,0,0,0,0,0,0,0,0,0,0,0,0,0,,13.501897176106771,-0.5,0.0,0.015342220664024353,0.04999999701976776,0.0,0.0,0.0,-0.12033025175333023,map_a,map_a_open,RULESET_V3_M1_OWN_FLAG_HOME,73b77ac3a0efb2c33a4498544c96bb702a656cbbfe17af18ec859c6d6b4c2142,True
180,sappo_pi_A_specialist_1p5M_seed7100001,48532,1044784,510,19,,OP3,OPPONENT_POOL,train,map_a_open,-1,0,SCRIPTED:OP6,5,1,1,0,1,240,0.35999998450279236,1,0,0,33,0,0,0,0,0,0,0,0,0,0,0,0,0,0,0,0,49.0,10.87683817545573,1.0,0.0,-0.006907373666763306,0.04999999701976776,0.0,0.0,-0.004000000189989805,0.24650970101356506,map_a,map_a_open,RULESET_V3_M1_OWN_FLAG_HOME,73b77ac3a0efb2c33a4498544c96bb702a656cbbfe17af18ec859c6d6b4c2142,True
181,sappo_pi_A_specialist_1p5M_seed7100001,48532,1044896,510,26,,OP3,OPPONENT_POOL,train,map_a_open,-1,0,SCRIPTED:OP6,5,1,1,0,1,240,0.4399999976158142,1,0,0,16,0,0,0,0,0,0,0,0,0,0,0,0,0,0,0,0,43.0,12.264635213216145,1.0,0.0,-0.0033912956714630127,0.04999999701976776,0.0,0.0,0.0,0.2476550042629242,map_a,map_a_open,RULESET_V3_M1_OWN_FLAG_HOME,73b77ac3a0efb2c33a4498544c96bb702a656cbbfe17af18ec859c6d6b4c2142,True
182,sappo_pi_A_specialist_1p5M_seed7100001,48532,1045776,510,81,,OP3,OPPONENT_POOL,train,map_a_open,-1,0,SCRIPTED:OP6,5,0,0,0,0,240,0.35999998450279236,1,0,0,13,0,0,0,0,0,0,0,0,0,0,0,0,0,0,0,0,,12.956968180338542,-0.5,0.0,0.000876888632774353,0.04999993368983269,0.0,0.0,-0.004000000189989805,-0.12220633774995804,map_a,map_a_open,RULESET_V3_M1_OWN_FLAG_HOME,73b77ac3a0efb2c33a4498544c96bb702a656cbbfe17af18ec859c6d6b4c2142,True
183,sappo_pi_A_specialist_1p5M_seed7100001,48532,1045872,510,87,,OP3,OPPONENT_POOL,train,map_a_open,-1,0,SCRIPTED:OP6,5,1,1,0,1,240,0.47999998927116394,1,0,0,17,0,0,0,0,0,0,0,0,0,0,0,0,0,0,0,0,35.0,12.300905354817708,1.0,0.0,-0.007695391774177551,0.04062499850988388,0.0,0.0,-0.004000000189989805,0.24591302871704102,map_a,map_a_open,RULESET_V3_M1_OWN_FLAG_HOME,73b77ac3a0efb2c33a4498544c96bb702a656cbbfe17af18ec859c6d6b4c2142,True
184,sappo_pi_A_specialist_1p5M_seed7100001,48532,1045920,510,90,,OP3,OPPONENT_POOL,train,map_a_open,-1,0,SCRIPTED:OP6,5,1,3,0,3,138,0.3199999928474426,1,0,0,81,0,0,0,0,0,0,0,0,0,0,0,0,0,0,0,0,61.0,4.44812940514606,1.0,0.5,0.005994156002998352,0.0,1.0,100.0,-0.004000000189989805,0.5541665554046631,map_a,map_a_open,RULESET_V3_M1_OWN_FLAG_HOME,73b77ac3a0efb2c33a4498544c96bb702a656cbbfe17af18ec859c6d6b4c2142,True
185,sappo_pi_A_specialist_1p5M_seed7100001,48532,1045936,510,91,,OP3,OPPONENT_POOL,train,map_a_open,-1,0,SCRIPTED:OP6,5,0,0,0,0,240,0.4399999976158142,1,0,0,18,0,0,0,0,0,0,0,0,0,0,0,0,0,0,0,0,,12.782574462890626,-0.5,0.0,-0.006188645958900452,0.04999999701976776,0.0,0.0,-0.004000000189989805,-0.12264131009578705,map_a,map_a_open,RULESET_V3_M1_OWN_FLAG_HOME,73b77ac3a0efb2c33a4498544c96bb702a656cbbfe17af18ec859c6d6b4c2142,True
186,sappo_pi_A_specialist_1p5M_seed7100001,48532,1046464,510,124,,OP3,OPPONENT_POOL,train,map_a_open,-1,0,SCRIPTED:OP6,5,1,1,0,1,240,0.4399999976158142,1,0,0,20,0,0,0,0,0,0,0,0,0,0,0,0,0,0,0,0,56.0,11.56275634765625,1.0,0.0,-0.0091409832239151,0.04999999701976776,0.0,0.0,-0.004000000189989805,0.2463785856962204,map_a,map_a_open,RULESET_V3_M1_OWN_FLAG_HOME,73b77ac3a0efb2c33a4498544c96bb702a656cbbfe17af18ec859c6d6b4c2142,True
187,sappo_pi_A_specialist_1p5M_seed7100001,48532,1046736,511,13,,OP3,OPPONENT_POOL,train,map_a_open,-1,0,SCRIPTED:OP6,5,1,1,0,1,240,0.4399999976158142,1,0,0,19,0,0,0,0,0,0,0,0,0,0,0,0,0,0,0,0,49.0,11.866590372721355,1.0,0.0,0.006337180733680725,0.04999999701976776,0.0,0.0,-0.004000000189989805,0.24728703498840332,map_a,map_a_open,RULESET_V3_M1_OWN_FLAG_HOME,73b77ac3a0efb2c33a4498544c96bb702a656cbbfe17af18ec859c6d6b4c2142,True
188,sappo_pi_A_specialist_1p5M_seed7100001,48532,1047392,511,54,,OP3,OPPONENT_POOL,train,map_a_open,-1,0,SCRIPTED:OP6,5,0,0,0,0,240,0.47999998927116394,0,2,0,23,0,0,0,0,0,0,0,0,0,0,0,0,0,0,0,0,,12.392145792643229,-0.5,0.0,-0.001292198896408081,0.04999999701976776,0.0,0.0,-0.004000000189989805,-0.1223398745059967,map_a,map_a_open,RULESET_V3_M1_OWN_FLAG_HOME,73b77ac3a0efb2c33a4498544c96bb702a656cbbfe17af18ec859c6d6b4c2142,True
189,sappo_pi_A_specialist_1p5M_seed7100001,48532,1047552,511,64,,OP3,OPPONENT_POOL,train,map_a_open,-1,0,SCRIPTED:OP6,5,0,0,0,0,240,0.3999999761581421,1,0,0,11,0,0,0,0,0,0,0,0,0,0,0,0,0,0,0,0,,13.067252604166667,-0.5,0.0,0.01355050504207611,0.04999999701976776,0.0,0.0,0.0,-0.12044060975313187,map_a,map_a_open,RULESET_V3_M1_OWN_FLAG_HOME,73b77ac3a0efb2c33a4498544c96bb702a656cbbfe17af18ec859c6d6b4c2142,True
190,sappo_pi_A_specialist_1p5M_seed7100001,48532,1047552,511,64,,OP3,OPPONENT_POOL,train,map_a_open,-1,0,SCRIPTED:OP6,5,1,2,0,2,240,0.5600000023841858,1,0,0,31,0,0,0,0,0,0,0,0,0,0,0,0,0,0,0,0,28.0,10.780812581380209,1.0,0.0,0.003738895058631897,0.04999999701976776,0.0,0.0,0.0,0.2480732649564743,map_a,map_a_open,RULESET_V3_M1_OWN_FLAG_HOME,73b77ac3a0efb2c33a4498544c96bb702a656cbbfe17af18ec859c6d6b4c2142,True
191,sappo_pi_A_specialist_1p5M_seed7100001,48532,1047552,511,64,,OP3,OPPONENT_POOL,train,map_a_open,-1,0,SCRIPTED:OP6,5,0,0,0,0,240,0.47999998927116394,0,1,0,101,0,0,0,0,0,0,0,0,0,0,0,0,0,0,0,0,,7.716412862141927,-0.5,0.0,0.005728289484977722,0.04999999701976776,0.0,0.0,0.0,-0.12092237919569016,map_a,map_a_open,RULESET_V3_M1_OWN_FLAG_HOME,73b77ac3a0efb2c33a4498544c96bb702a656cbbfe17af18ec859c6d6b4c2142,True
192,sappo_pi_A_specialist_1p5M_seed7100001,48532,1047552,511,64,,OP3,OPPONENT_POOL,train,map_a_open,-1,0,SCRIPTED:OP6,5,0,1,1,0,240,0.6399999856948853,1,0,0,82,0,0,0,0,0,0,0,0,0,0,0,0,0,0,0,0,93.0,7.567191060384115,-0.5,0.0,-0.006457492709159851,0.04999999701976776,0.0,0.0,0.0,-0.12167278677225113,map_a,map_a_open,RULESET_V3_M1_OWN_FLAG_HOME,73b77ac3a0efb2c33a4498544c96bb702a656cbbfe17af18ec859c6d6b4c2142,True
193,sappo_pi_A_specialist_1p5M_seed7100001,48532,1047552,511,64,,OP3,OPPONENT_POOL,train,map_a_open,-1,0,SCRIPTED:OP6,5,0,0,0,0,240,0.47999998927116394,1,0,0,13,0,0,0,0,0,0,0,0,0,0,0,0,0,0,0,0,,13.344724527994792,-0.5,0.0,0.007194638252258301,0.04999999701976776,0.0,0.0,-0.004000000189989805,-0.12181735783815384,map_a,map_a_open,RULESET_V3_M1_OWN_FLAG_HOME,73b77ac3a0efb2c33a4498544c96bb702a656cbbfe17af18ec859c6d6b4c2142,True
194,sappo_pi_A_specialist_1p5M_seed7100001,48532,1047744,511,76,,OP3,OPPONENT_POOL,train,map_a_open,-1,0,SCRIPTED:OP6,5,1,2,0,2,240,0.5199999809265137,1,0,0,98,0,0,0,0,0,0,0,0,0,0,0,0,0,0,0,0,49.0,7.249776713053385,1.0,0.0,0.011961504817008972,0.04999999701976776,0.0,0.0,0.0,0.2485554963350296,map_a,map_a_open,RULESET_V3_M1_OWN_FLAG_HOME,73b77ac3a0efb2c33a4498544c96bb702a656cbbfe17af18ec859c6d6b4c2142,True
195,sappo_pi_A_specialist_1p5M_seed7100001,48532,1048256,511,108,,OP3,OPPONENT_POOL,train,map_a_open,-1,0,SCRIPTED:OP6,5,0,0,0,0,240,0.5600000023841858,1,0,0,43,0,0,0,0,0,0,0,0,0,0,0,0,0,0,0,0,,11.385152180989584,-0.5,0.0,-0.0053123533725738525,0.04999999701976776,0.0,0.0,0.0,-0.12160227447748184,map_a,map_a_open,RULESET_V3_M1_OWN_FLAG_HOME,73b77ac3a0efb2c33a4498544c96bb702a656cbbfe17af18ec859c6d6b4c2142,True
196,sappo_pi_A_specialist_1p5M_seed7100001,48532,1048624,512,3,,OP3,OPPONENT_POOL,train,map_a_open,-1,0,SCRIPTED:OP6,5,1,1,0,1,240,0.3999999761581421,1,0,0,23,0,0,0,0,0,0,0,0,0,0,0,0,0,0,0,0,50.0,11.571385701497396,1.0,0.0,-0.0015195012092590332,0.04999999701976776,0.0,0.0,0.0,0.24776481091976166,map_a,map_a_open,RULESET_V3_M1_OWN_FLAG_HOME,73b77ac3a0efb2c33a4498544c96bb702a656cbbfe17af18ec859c6d6b4c2142,True
197,sappo_pi_A_specialist_1p5M_seed7100001,48532,1048736,512,10,,OP3,OPPONENT_POOL,train,map_a_open,-1,0,SCRIPTED:OP6,5,0,0,0,0,240,0.35999998450279236,0,1,0,15,0,0,0,0,0,0,0,0,0,0,0,0,0,0,0,0,,13.102045694986979,-0.5,0.0,-0.008874773979187012,0.04999999701976776,0.0,0.0,-0.004000000189989805,-0.12280666828155518,map_a,map_a_open,RULESET_V3_M1_OWN_FLAG_HOME,73b77ac3a0efb2c33a4498544c96bb702a656cbbfe17af18ec859c6d6b4c2142,True
198,sappo_pi_A_specialist_1p5M_seed7100001,48532,1049616,512,65,,OP3,OPPONENT_POOL,train,map_a_open,-1,0,SCRIPTED:OP6,5,1,1,0,1,240,0.5999999642372131,1,0,0,26,0,0,0,0,0,0,0,0,0,0,0,0,0,0,0,0,49.0,11.36443379720052,1.0,0.0,-0.015796080231666565,0.0499999113380909,0.0,0.0,-0.004000000189989805,0.24598784744739532,map_a,map_a_open,RULESET_V3_M1_OWN_FLAG_HOME,73b77ac3a0efb2c33a4498544c96bb702a656cbbfe17af18ec859c6d6b4c2142,True
199,sappo_pi_A_specialist_1p5M_seed7100001,48532,1049712,512,71,,OP3,OPPONENT_POOL,train,map_a_open,-1,0,SCRIPTED:OP6,5,1,1,0,1,240,0.3999999761581421,1,0,0,24,0,0,0,0,0,0,0,0,0,0,0,0,0,0,0,0,43.0,12.037073771158854,1.0,0.0,-0.020879581570625305,0.04999999701976776,0.0,0.0,0.0,0.2466287463903427,map_a,map_a_open,RULESET_V3_M1_OWN_FLAG_HOME,73b77ac3a0efb2c33a4498544c96bb702a656cbbfe17af18ec859c6d6b4c2142,True
200,sappo_pi_A_specialist_1p5M_seed7100001,48532,1049760,512,74,,OP3,OPPONENT_POOL,train,map_a_open,-1,0,SCRIPTED:OP6,5,0,0,0,0,240,0.47999998927116394,1,0,0,19,0,0,0,0,0,0,0,0,0,0,0,0,0,0,0,0,,12.515264892578125,-0.5,0.0,0.018675193190574646,0.04999999701976776,0.0,0.0,-0.004000000189989805,-0.12111040949821472,map_a,map_a_open,RULESET_V3_M1_OWN_FLAG_HOME,73b77ac3a0efb2c33a4498544c96bb702a656cbbfe17af18ec859c6d6b4c2142,True
201,sappo_pi_A_specialist_1p5M_seed7100001,48532,1049776,512,75,,OP3,OPPONENT_POOL,train,map_a_open,-1,0,SCRIPTED:OP6,5,1,1,0,1,240,0.3999999761581421,1,0,0,30,0,0,0,0,0,0,0,0,0,0,0,0,0,0,0,0,58.0,11.40788065592448,1.0,0.0,-0.01030363142490387,0.04999999329447746,0.0,0.0,-0.00800000037997961,0.2453707605600357,map_a,map_a_open,RULESET_V3_M1_OWN_FLAG_HOME,73b77ac3a0efb2c33a4498544c96bb702a656cbbfe17af18ec859c6d6b4c2142,True
202,sappo_pi_A_specialist_1p5M_seed7100001,48532,1050304,512,108,,OP3,OPPONENT_POOL,train,map_a_open,-1,0,SCRIPTED:OP6,5,0,1,1,0,240,0.3199999928474426,1,0,0,21,0,0,0,0,0,0,0,0,0,0,0,0,0,0,0,0,42.0,11.487940470377604,-0.5,0.0,0.0024424344301223755,0.04999999701976776,0.0,0.0,0.0,-0.1211247369647026,map_a,map_a_open,RULESET_V3_M1_OWN_FLAG_HOME,73b77ac3a0efb2c33a4498544c96bb702a656cbbfe17af18ec859c6d6b4c2142,True
203,sappo_pi_A_specialist_1p5M_seed7100001,48532,1050576,512,125,,OP3,OPPONENT_POOL,train,map_a_open,-1,0,SCRIPTED:OP6,5,0,0,0,0,240,0.3999999761581421,1,0,0,11,0,0,0,0,0,0,0,0,0,0,0,0,0,0,0,0,,12.7376220703125,-0.5,0.0,-0.0006729215383529663,0.04999999701976776,0.0,0.0,0.0,-0.1213165819644928,map_a,map_a_open,RULESET_V3_M1_OWN_FLAG_HOME,73b77ac3a0efb2c33a4498544c96bb702a656cbbfe17af18ec859c6d6b4c2142,True
204,sappo_pi_A_specialist_1p5M_seed7100001,48532,1051232,513,38,,OP3,OPPONENT_POOL,train,map_a_open,-1,0,SCRIPTED:OP6,5,1,1,0,1,240,0.4399999976158142,1,0,0,89,0,0,0,0,0,0,0,0,0,0,0,0,0,0,0,0,100.0,9.036647542317708,1.0,0.0,-0.002077937126159668,0.04999999701976776,0.0,0.0,-0.004000000189989805,0.24679318070411682,map_a,map_a_open,RULESET_V3_M1_OWN_FLAG_HOME,73b77ac3a0efb2c33a4498544c96bb702a656cbbfe17af18ec859c6d6b4c2142,True
205,sappo_pi_A_specialist_1p5M_seed7100001,48532,1051392,513,48,,OP3,OPPONENT_POOL,train,map_a_open,-1,0,SCRIPTED:OP6,5,1,2,0,2,240,0.4399999976158142,1,0,0,57,0,0,0,0,0,0,0,0,0,0,0,0,0,0,0,0,33.0,8.944436645507812,1.0,0.0,-0.010345086455345154,0.04999999701976776,0.0,0.0,0.0,0.24724698066711426,map_a,map_a_open,RULESET_V3_M1_OWN_FLAG_HOME,73b77ac3a0efb2c33a4498544c96bb702a656cbbfe17af18ec859c6d6b4c2142,True
206,sappo_pi_A_specialist_1p5M_seed7100001,48532,1051392,513,48,,OP3,OPPONENT_POOL,train,map_a_open,-1,0,SCRIPTED:OP6,5,1,1,0,1,240,0.3199999928474426,1,0,0,56,0,0,0,0,0,0,0,0,0,0,0,0,0,0,0,0,93.0,9.817230224609375,1.0,0.0,-0.017080679535865784,0.04999999701976776,0.0,0.0,0.0,0.24685172736644745,map_a,map_a_open,RULESET_V3_M1_OWN_FLAG_HOME,73b77ac3a0efb2c33a4498544c96bb702a656cbbfe17af18ec859c6d6b4c2142,True
207,sappo_pi_A_specialist_1p5M_seed7100001,48532,1051392,513,48,,OP3,OPPONENT_POOL,train,map_a_open,-1,0,SCRIPTED:OP6,5,0,0,0,0,240,0.47999998927116394,1,0,0,9,0,0,0,0,0,0,0,0,0,0,0,0,0,0,0,0,,12.92429707845052,-0.5,0.0,-0.013974979519844055,0.04999999701976776,0.0,0.0,0.0,-0.12213563919067383,map_a,map_a_open,RULESET_V3_M1_OWN_FLAG_HOME,73b77ac3a0efb2c33a4498544c96bb702a656cbbfe17af18ec859c6d6b4c2142,True
208,sappo_pi_A_specialist_1p5M_seed7100001,48532,1051392,513,48,,OP3,OPPONENT_POOL,train,map_a_open,-1,0,SCRIPTED:OP6,5,1,1,0,1,240,0.3199999928474426,1,0,0,65,0,0,0,0,0,0,0,0,0,0,0,0,0,0,0,0,131.0,7.32486317952474,1.0,0.0,0.015536189079284668,0.04999999701976776,0.0,0.0,-0.004000000189989805,0.2478267401456833,map_a,map_a_open,RULESET_V3_M1_OWN_FLAG_HOME,73b77ac3a0efb2c33a4498544c96bb702a656cbbfe17af18ec859c6d6b4c2142,True
209,sappo_pi_A_specialist_1p5M_seed7100001,48532,1051392,513,48,,OP3,OPPONENT_POOL,train,map_a_open,-1,0,SCRIPTED:OP6,5,1,1,0,1,240,0.5600000023841858,1,0,0,14,0,0,0,0,0,0,0,0,0,0,0,0,0,0,0,0,32.0,12.596421305338541,1.0,0.0,-0.002440512180328369,0.04999999701976776,0.0,0.0,0.0,0.24771076440811157,map_a,map_a_open,RULESET_V3_M1_OWN_FLAG_HOME,73b77ac3a0efb2c33a4498544c96bb702a656cbbfe17af18ec859c6d6b4c2142,True
210,sappo_pi_A_specialist_1p5M_seed7100001,48532,1051584,513,60,,OP3,OPPONENT_POOL,train,map_a_open,-1,0,SCRIPTED:OP6,5,1,1,0,1,240,0.5600000023841858,1,0,0,97,0,0,0,0,0,0,0,0,0,0,0,0,0,0,0,0,45.0,6.56658935546875,1.0,0.0,-0.02040618658065796,0.04999999701976776,0.0,0.0,-0.004000000189989805,0.2457171231508255,map_a,map_a_open,RULESET_V3_M1_OWN_FLAG_HOME,73b77ac3a0efb2c33a4498544c96bb702a656cbbfe17af18ec859c6d6b4c2142,True
211,sappo_pi_A_specialist_1p5M_seed7100001,48532,1052096,513,92,,OP3,OPPONENT_POOL,train,map_a_open,-1,0,SCRIPTED:OP6,5,1,1,0,1,240,0.47999998927116394,1,0,0,97,0,0,0,0,0,0,0,0,0,0,0,0,0,0,0,0,60.0,6.646355183919271,1.0,0.0,-0.012050658464431763,0.04999999701976776,0.0,0.0,-0.004000000189989805,0.24620775878429413,map_a,map_a_open,RULESET_V3_M1_OWN_FLAG_HOME,73b77ac3a0efb2c33a4498544c96bb702a656cbbfe17af18ec859c6d6b4c2142,True
212,sappo_pi_A_specialist_1p5M_seed7100001,48532,1052464,513,115,,OP3,OPPONENT_POOL,train,map_a_open,-1,0,SCRIPTED:OP6,5,1,1,0,1,240,0.3999999761581421,1,0,0,21,0,0,0,0,0,0,0,0,0,0,0,0,0,0,0,0,32.0,12.44694315592448,1.0,0.0,0.013560131192207336,0.04999999701976776,0.0,0.0,0.0,0.2486492097377777,map_a,map_a_open,RULESET_V3_M1_OWN_FLAG_HOME,73b77ac3a0efb2c33a4498544c96bb702a656cbbfe17af18ec859c6d6b4c2142,True
213,sappo_pi_A_specialist_1p5M_seed7100001,48532,1052576,513,122,,OP3,OPPONENT_POOL,train,map_a_open,-1,0,SCRIPTED:OP6,5,0,1,1,0,240,0.3999999761581421,1,0,0,67,0,0,0,0,0,0,0,0,0,0,0,0,0,0,0,0,67.0,8.460850524902344,-0.5,0.0,-0.020807430148124695,0.014999954961240292,0.0,0.0,-0.00800000037997961,-0.12667874991893768,map_a,map_a_open,RULESET_V3_M1_OWN_FLAG_HOME,73b77ac3a0efb2c33a4498544c96bb702a656cbbfe17af18ec859c6d6b4c2142,True
214,sappo_pi_A_specialist_1p5M_seed7100001,48532,1053456,514,49,,OP3,OPPONENT_POOL,train,map_a_open,-1,0,SCRIPTED:OP6,5,0,0,0,0,240,0.47999998927116394,1,0,0,12,0,0,0,0,0,0,0,0,0,0,0,0,0,0,0,0,,13.101219685872396,-0.5,0.0,-0.009155675768852234,0.04999999701976776,0.0,0.0,-0.004000000189989805,-0.12282395362854004,map_a,map_a_open,RULESET_V3_M1_OWN_FLAG_HOME,73b77ac3a0efb2c33a4498544c96bb702a656cbbfe17af18ec859c6d6b4c2142,True
215,sappo_pi_A_specialist_1p5M_seed7100001,48532,1053552,514,55,,OP3,OPPONENT_POOL,train,map_a_open,-1,0,SCRIPTED:OP6,5,1,1,0,1,240,0.47999998927116394,1,0,0,36,0,0,0,0,0,0,0,0,0,0,0,0,0,0,0,0,51.0,11.67329813639323,1.0,0.0,-0.02046586573123932,0.04999999701976776,0.0,0.0,0.0,0.24665303528308868,map_a,map_a_open,RULESET_V3_M1_OWN_FLAG_HOME,73b77ac3a0efb2c33a4498544c96bb702a656cbbfe17af18ec859c6d6b4c2142,True
216,sappo_pi_A_specialist_1p5M_seed7100001,48532,1053600,514,58,,OP3,OPPONENT_POOL,train,map_a_open,-1,0,SCRIPTED:OP6,5,1,2,0,2,240,0.5999999642372131,0,1,0,125,0,0,0,0,0,0,0,0,0,0,0,0,0,0,0,0,144.0,3.9520164489746095,1.0,0.10000000149011612,0.008630409836769104,0.0,0.0,0.0,0.0,0.2687716782093048,map_a,map_a_open,RULESET_V3_M1_OWN_FLAG_HOME,73b77ac3a0efb2c33a4498544c96bb702a656cbbfe17af18ec859c6d6b4c2142,True
217,sappo_pi_A_specialist_1p5M_seed7100001,48532,1053616,514,59,,OP3,OPPONENT_POOL,train,map_a_open,-1,0,SCRIPTED:OP6,5,1,2,0,2,240,0.4399999976158142,1,0,0,72,0,0,0,0,0,0,0,0,0,0,0,0,0,0,0,0,30.0,9.385127766927083,1.0,0.0,0.006139740347862244,0.04999999701976776,0.0,0.0,0.0,0.24821408092975616,map_a,map_a_open,RULESET_V3_M1_OWN_FLAG_HOME,73b77ac3a0efb2c33a4498544c96bb702a656cbbfe17af18ec859c6d6b4c2142,True
218,sappo_pi_A_specialist_1p5M_seed7100001,48532,1054016,514,84,,OP3,OPPONENT_POOL,train,map_a_open,-1,0,SCRIPTED:OP6,5,1,3,1,2,164,0.3999999761581421,0,2,0,94,0,0,0,0,0,0,0,0,0,0,0,0,0,0,0,0,40.0,4.254264273294589,1.0,0.5,-0.010194465517997742,0.0,1.0,100.0,0.0,0.5541583895683289,map_a,map_a_open,RULESET_V3_M1_OWN_FLAG_HOME,73b77ac3a0efb2c33a4498544c96bb702a656cbbfe17af18ec859c6d6b4c2142,True
219,sappo_pi_A_specialist_1p5M_seed7100001,48532,1054144,514,92,,OP3,OPPONENT_POOL,train,map_a_open,-1,0,SCRIPTED:OP6,5,0,0,0,0,240,0.3999999761581421,1,0,0,35,0,0,0,0,0,0,0,0,0,0,0,0,0,0,0,0,,12.639987182617187,-0.5,0.0,0.006428182125091553,0.04999999701976776,0.0,0.0,0.0,-0.12087927013635635,map_a,map_a_open,RULESET_V3_M1_OWN_FLAG_HOME,73b77ac3a0efb2c33a4498544c96bb702a656cbbfe17af18ec859c6d6b4c2142,True
220,sappo_pi_A_specialist_1p5M_seed7100001,48532,1054416,514,109,,OP3,OPPONENT_POOL,train,map_a_open,-1,0,SCRIPTED:OP6,5,1,1,0,1,240,0.4399999976158142,1,0,0,64,0,0,0,0,0,0,0,0,0,0,0,0,0,0,0,0,69.0,10.97166239420573,1.0,0.0,0.0012232810258865356,0.04999999701976776,0.0,0.0,0.0,0.24792569875717163,map_a,map_a_open,RULESET_V3_M1_OWN_FLAG_HOME,73b77ac3a0efb2c33a4498544c96bb702a656cbbfe17af18ec859c6d6b4c2142,True
221,sappo_pi_A_specialist_1p5M_seed7100001,48532,1055072,515,22,,OP3,OPPONENT_POOL,train,map_a_open,-1,0,SCRIPTED:OP6,5,1,1,0,1,240,0.5600000023841858,1,0,0,29,0,0,0,0,0,0,0,0,0,0,0,0,0,0,0,0,45.0,11.55089111328125,1.0,0.0,0.006865605711936951,0.04999999701976776,0.0,0.0,0.0,0.248256653547287,map_a,map_a_open,RULESET_V3_M1_OWN_FLAG_HOME,73b77ac3a0efb2c33a4498544c96bb702a656cbbfe17af18ec859c6d6b4c2142,True
222,sappo_pi_A_specialist_1p5M_seed7100001,48532,1055232,515,32,,OP3,OPPONENT_POOL,train,map_a_open,-1,0,SCRIPTED:OP6,5,1,1,0,1,240,0.5999999642372131,1,0,0,58,0,0,0,0,0,0,0,0,0,0,0,0,0,0,0,0,79.0,9.446196492513021,1.0,0.0,-0.00591963529586792,0.04999999701976776,0.0,0.0,-0.004000000189989805,0.24656769633293152,map_a,map_a_open,RULESET_V3_M1_OWN_FLAG_HOME,73b77ac3a0efb2c33a4498544c96bb702a656cbbfe17af18ec859c6d6b4c2142,True
223,sappo_pi_A_specialist_1p5M_seed7100001,48532,1055232,515,32,,OP3,OPPONENT_POOL,train,map_a_open,-1,0,SCRIPTED:OP6,5,1,1,0,1,240,0.5199999809265137,1,0,0,73,0,0,0,0,0,0,0,0,0,0,0,0,0,0,0,0,76.0,7.2890380859375,1.0,0.0,0.0005585700273513794,0.04999999701976776,0.0,0.0,0.0,0.24788670241832733,map_a,map_a_open,RULESET_V3_M1_OWN_FLAG_HOME,73b77ac3a0efb2c33a4498544c96bb702a656cbbfe17af18ec859c6d6b4c2142,True
224,sappo_pi_A_specialist_1p5M_seed7100001,48532,1055232,515,32,,OP3,OPPONENT_POOL,train,map_a_open,-1,0,SCRIPTED:OP6,5,1,1,0,1,240,0.47999998927116394,1,0,0,21,0,0,0,0,0,0,0,0,0,0,0,0,0,0,0,0,54.0,11.748776245117188,1.0,0.0,-0.015831857919692993,0.04999999701976776,0.0,0.0,0.0,0.2469250112771988,map_a,map_a_open,RULESET_V3_M1_OWN_FLAG_HOME,73b77ac3a0efb2c33a4498544c96bb702a656cbbfe17af18ec859c6d6b4c2142,True
225,sappo_pi_A_specialist_1p5M_seed7100001,48532,1055232,515,32,,OP3,OPPONENT_POOL,train,map_a_open,-1,0,SCRIPTED:OP6,5,0,1,1,0,240,0.5600000023841858,0,1,0,33,0,0,0,0,0,0,0,0,0,0,0,0,0,0,0,0,44.0,10.274626668294271,-0.5,0.0,-0.010812580585479736,0.04999999701976776,0.0,0.0,-0.004000000189989805,-0.12292595207691193,map_a,map_a_open,RULESET_V3_M1_OWN_FLAG_HOME,73b77ac3a0efb2c33a4498544c96bb702a656cbbfe17af18ec859c6d6b4c2142,True
226,sappo_pi_A_specialist_1p5M_seed7100001,48532,1055424,515,44,,OP3,OPPONENT_POOL,train,map_a_open,-1,0,SCRIPTED:OP6,5,1,1,0,1,240,0.5600000023841858,1,0,0,39,0,0,0,0,0,0,0,0,0,0,0,0,0,0,0,0,44.0,11.018766276041667,1.0,0.0,-0.010186120867729187,0.04999999701976776,0.0,0.0,-0.004000000189989805,0.24631722271442413,map_a,map_a_open,RULESET_V3_M1_OWN_FLAG_HOME,73b77ac3a0efb2c33a4498544c96bb702a656cbbfe17af18ec859c6d6b4c2142,True
227,sappo_pi_A_specialist_1p5M_seed7100001,48532,1055936,515,76,,OP3,OPPONENT_POOL,train,map_a_open,-1,0,SCRIPTED:OP6,5,1,1,0,1,240,0.3999999761581421,0,2,0,39,0,0,0,0,0,0,0,0,0,0,0,0,0,0,0,0,46.0,10.980605061848959,1.0,0.0,0.006766572594642639,0.04999999701976776,0.0,0.0,0.0,0.2482508271932602,map_a,map_a_open,RULESET_V3_M1_OWN_FLAG_HOME,73b77ac3a0efb2c33a4498544c96bb702a656cbbfe17af18ec859c6d6b4c2142,True
228,sappo_pi_A_specialist_1p5M_seed7100001,48532,1056304,515,99,,OP3,OPPONENT_POOL,train,map_a_open,-1,0,SCRIPTED:OP6,5,1,2,0,2,240,0.5600000023841858,1,0,0,55,0,0,0,0,0,0,0,0,0,0,0,0,0,0,0,0,83.0,7.844612630208333,1.0,0.0,-0.009586557745933533,0.04999999701976776,0.0,0.0,-0.004000000189989805,0.2463524341583252,map_a,map_a_open,RULESET_V3_M1_OWN_FLAG_HOME,73b77ac3a0efb2c33a4498544c96bb702a656cbbfe17af18ec859c6d6b4c2142,True
229,sappo_pi_A_specialist_1p5M_seed7100001,48532,1056416,515,106,,OP3,OPPONENT_POOL,train,map_a_open,-1,0,SCRIPTED:OP6,5,0,0,0,0,240,0.4399999976158142,1,0,0,11,0,0,0,0,0,0,0,0,0,0,0,0,0,0,0,0,,13.194163004557291,-0.5,0.0,-0.0011018067598342896,0.04999999701976776,0.0,0.0,-0.004000000189989805,-0.12232815474271774,map_a,map_a_open,RULESET_V3_M1_OWN_FLAG_HOME,73b77ac3a0efb2c33a4498544c96bb702a656cbbfe17af18ec859c6d6b4c2142,True
230,sappo_pi_A_specialist_1p5M_seed7100001,48532,1057296,516,33,,OP3,OPPONENT_POOL,train,map_a_open,-1,0,SCRIPTED:OP6,5,0,0,1,-1,240,0.5600000023841858,1,0,0,11,0,0,0,0,0,0,0,0,0,0,0,0,0,0,0,0,42.0,12.329718017578125,-1.0,0.0,-0.017528831958770752,0.04999999701976776,0.0,0.0,-0.004000000189989805,-0.24395069479942322,map_a,map_a_open,RULESET_V3_M1_OWN_FLAG_HOME,73b77ac3a0efb2c33a4498544c96bb702a656cbbfe17af18ec859c6d6b4c2142,True
231,sappo_pi_A_specialist_1p5M_seed7100001,48532,1057392,516,39,,OP3,OPPONENT_POOL,train,map_a_open,-1,0,SCRIPTED:OP6,5,1,1,0,1,240,0.3999999761581421,1,0,0,35,0,0,0,0,0,0,0,0,0,0,0,0,0,0,0,0,39.0,10.475431315104167,1.0,0.0,0.0025189071893692017,0.04999999701976776,0.0,0.0,0.0,0.24800169467926025,map_a,map_a_open,RULESET_V3_M1_OWN_FLAG_HOME,73b77ac3a0efb2c33a4498544c96bb702a656cbbfe17af18ec859c6d6b4c2142,True
232,sappo_pi_A_specialist_1p5M_seed7100001,48532,1057440,516,42,,OP3,OPPONENT_POOL,train,map_a_open,-1,0,SCRIPTED:OP6,5,0,0,0,0,240,0.47999998927116394,0,1,0,45,0,0,0,0,0,0,0,0,0,0,0,0,0,0,0,0,,11.792184448242187,-0.5,0.0,0.00306151807308197,0.04999999701976776,0.0,0.0,0.0,-0.12108661234378815,map_a,map_a_open,RULESET_V3_M1_OWN_FLAG_HOME,73b77ac3a0efb2c33a4498544c96bb702a656cbbfe17af18ec859c6d6b4c2142,True
233,sappo_pi_A_specialist_1p5M_seed7100001,48532,1057456,516,43,,OP3,OPPONENT_POOL,train,map_a_open,-1,0,SCRIPTED:OP6,5,0,1,1,0,240,0.4399999976158142,1,0,0,16,0,0,0,0,0,0,0,0,0,0,0,0,0,0,0,0,33.0,11.624593098958334,-0.5,0.0,0.003568097949028015,0.04999999701976776,0.0,0.0,0.0,-0.12105540931224823,map_a,map_a_open,RULESET_V3_M1_OWN_FLAG_HOME,73b77ac3a0efb2c33a4498544c96bb702a656cbbfe17af18ec859c6d6b4c2142,True
234,sappo_pi_A_specialist_1p5M_seed7100001,48532,1057856,516,68,,OP3,OPPONENT_POOL,train,map_a_open,-1,0,SCRIPTED:OP6,5,0,0,0,0,240,0.35999998450279236,1,0,0,15,0,0,0,0,0,0,0,0,0,0,0,0,0,0,0,0,,13.062862141927083,-0.5,0.0,-0.010929763317108154,0.04999999701976776,0.0,0.0,-0.004000000189989805,-0.12293316423892975,map_a,map_a_open,RULESET_V3_M1_OWN_FLAG_HOME,73b77ac3a0efb2c33a4498544c96bb702a656cbbfe17af18ec859c6d6b4c2142,True
235,sappo_pi_A_specialist_1p5M_seed7100001,48532,1057984,516,76,,OP3,OPPONENT_POOL,train,map_a_open,-1,0,SCRIPTED:OP6,5,0,0,0,0,240,0.5600000023841858,1,0,0,18,0,0,0,0,0,0,0,0,0,0,0,0,0,0,0,0,,13.225571695963541,-0.5,0.0,-0.006611257791519165,0.04999999701976776,0.0,0.0,0.0,-0.12168225646018982,map_a,map_a_open,RULESET_V3_M1_OWN_FLAG_HOME,73b77ac3a0efb2c33a4498544c96bb702a656cbbfe17af18ec859c6d6b4c2142,True
236,sappo_pi_A_specialist_1p5M_seed7100001,48532,1058256,516,93,,OP3,OPPONENT_POOL,train,map_a_open,-1,0,SCRIPTED:OP6,5,1,1,0,1,240,0.47999998927116394,1,0,0,23,0,0,0,0,0,0,0,0,0,0,0,0,0,0,0,0,35.0,12.115412394205729,1.0,0.0,-0.005256533622741699,0.04999999701976776,0.0,0.0,0.0,0.24754557013511658,map_a,map_a_open,RULESET_V3_M1_OWN_FLAG_HOME,73b77ac3a0efb2c33a4498544c96bb702a656cbbfe17af18ec859c6d6b4c2142,True
237,sappo_pi_A_specialist_1p5M_seed7100001,48532,1058912,517,6,,OP3,OPPONENT_POOL,train,map_a_open,-1,0,SCRIPTED:OP6,5,1,1,0,1,240,0.3999999761581421,1,0,0,37,0,0,0,0,0,0,0,0,0,0,0,0,0,0,0,0,33.0,11.369578043619791,1.0,0.0,-0.013913065195083618,0.04999999701976776,0.0,0.0,0.0,0.2470376193523407,map_a,map_a_open,RULESET_V3_M1_OWN_FLAG_HOME,73b77ac3a0efb2c33a4498544c96bb702a656cbbfe17af18ec859c6d6b4c2142,True
238,sappo_pi_A_specialist_1p5M_seed7100001,48532,1059072,517,16,,OP3,OPPONENT_POOL,train,map_a_open,-1,0,SCRIPTED:OP6,5,1,1,0,1,240,0.5199999809265137,1,0,0,38,0,0,0,0,0,0,0,0,0,0,0,0,0,0,0,0,51.0,11.279832967122395,1.0,0.0,0.0019313544034957886,0.04999999701976776,0.0,0.0,0.0,0.24796724319458008,map_a,map_a_open,RULESET_V3_M1_OWN_FLAG_HOME,73b77ac3a0efb2c33a4498544c96bb702a656cbbfe17af18ec859c6d6b4c2142,True
239,sappo_pi_A_specialist_1p5M_seed7100001,48532,1059072,517,16,,OP3,OPPONENT_POOL,train,map_a_open,-1,0,SCRIPTED:OP6,5,0,0,1,-1,240,0.47999998927116394,1,0,0,23,0,0,0,0,0,0,0,0,0,0,0,0,0,0,0,0,70.0,10.886328125,-1.0,0.0,-0.002137213945388794,0.04999999701976776,0.0,0.0,-0.004000000189989805,-0.24304576218128204,map_a,map_a_open,RULESET_V3_M1_OWN_FLAG_HOME,73b77ac3a0efb2c33a4498544c96bb702a656cbbfe17af18ec859c6d6b4c2142,True
240,sappo_pi_A_specialist_1p5M_seed7100001,48532,1059072,517,16,,OP3,OPPONENT_POOL,train,map_a_open,-1,0,SCRIPTED:OP6,5,1,1,0,1,240,0.4399999976158142,1,0,0,30,0,0,0,0,0,0,0,0,0,0,0,0,0,0,0,0,59.0,11.486506144205729,1.0,0.0,-0.0008476972579956055,0.04999999701976776,0.0,0.0,0.0,0.24780422449111938,map_a,map_a_open,RULESET_V3_M1_OWN_FLAG_HOME,73b77ac3a0efb2c33a4498544c96bb702a656cbbfe17af18ec859c6d6b4c2142,True
241,sappo_pi_A_specialist_1p5M_seed7100001,48532,1059072,517,16,,OP3,OPPONENT_POOL,train,map_a_open,-1,0,SCRIPTED:OP6,5,0,0,0,0,240,0.47999998927116394,1,0,0,12,0,0,0,0,0,0,0,0,0,0,0,0,0,0,0,0,,13.273875935872395,-0.5,0.0,-0.002428695559501648,0.04999999701976776,0.0,0.0,0.0,-0.12142470479011536,map_a,map_a_open,RULESET_V3_M1_OWN_FLAG_HOME,73b77ac3a0efb2c33a4498544c96bb702a656cbbfe17af18ec859c6d6b4c2142,True
242,sappo_pi_A_specialist_1p5M_seed7100001,48532,1059264,517,28,,OP3,OPPONENT_POOL,train,map_a_open,-1,0,SCRIPTED:OP6,5,1,1,0,1,240,0.47999998927116394,1,0,0,49,0,0,0,0,0,0,0,0,0,0,0,0,0,0,0,0,55.0,10.253212483723958,1.0,0.0,0.025688648223876953,0.04999999701976776,0.0,0.0,0.0,0.24936026334762573,map_a,map_a_open,RULESET_V3_M1_OWN_FLAG_HOME,73b77ac3a0efb2c33a4498544c96bb702a656cbbfe17af18ec859c6d6b4c2142,True
243,sappo_pi_A_specialist_1p5M_seed7100001,48532,1059776,517,60,,OP3,OPPONENT_POOL,train,map_a_open,-1,0,SCRIPTED:OP6,5,0,0,0,0,240,0.5600000023841858,1,0,0,17,0,0,0,0,0,0,0,0,0,0,0,0,0,0,0,0,,12.608367919921875,-0.5,0.0,-0.0018389075994491577,0.04999999701976776,0.0,0.0,-0.004000000189989805,-0.1223735362291336,map_a,map_a_open,RULESET_V3_M1_OWN_FLAG_HOME,73b77ac3a0efb2c33a4498544c96bb702a656cbbfe17af18ec859c6d6b4c2142,True
244,sappo_pi_A_specialist_1p5M_seed7100001,48532,1060144,517,83,,OP3,OPPONENT_POOL,train,map_a_open,-1,0,SCRIPTED:OP6,5,0,0,0,0,240,0.47999998927116394,1,0,0,31,0,0,0,0,0,0,0,0,0,0,0,0,0,0,0,0,,11.109471638997396,-0.5,0.0,-0.018811658024787903,0.04999999701976776,0.0,0.0,-0.004000000189989805,-0.12341830879449844,map_a,map_a_open,RULESET_V3_M1_OWN_FLAG_HOME,73b77ac3a0efb2c33a4498544c96bb702a656cbbfe17af18ec859c6d6b4c2142,True
245,sappo_pi_A_specialist_1p5M_seed7100001,48532,1060256,517,90,,OP3,OPPONENT_POOL,train,map_a_open,-1,0,SCRIPTED:OP6,5,1,2,0,2,240,0.35999998450279236,0,2,0,55,0,0,0,0,0,0,0,0,0,0,0,0,0,0,0,0,29.0,9.864083862304687,1.0,0.0,-0.013978242874145508,0.029999999329447746,0.0,0.0,-0.004000000189989805,0.24491994082927704,map_a,map_a_open,RULESET_V3_M1_OWN_FLAG_HOME,73b77ac3a0efb2c33a4498544c96bb702a656cbbfe17af18ec859c6d6b4c2142,True
246,sappo_pi_A_specialist_1p5M_seed7100001,48532,1061136,518,17,,OP3,OPPONENT_POOL,train,map_a_open,-1,0,SCRIPTED:OP6,5,0,0,0,0,240,0.5199999809265137,1,0,0,7,0,0,0,0,0,0,0,0,0,0,0,0,0,0,0,0,,12.913356526692708,-0.5,0.0,-0.0017147958278656006,0.04999999701976776,0.0,0.0,0.0,-0.12138073891401291,map_a,map_a_open,RULESET_V3_M1_OWN_FLAG_HOME,73b77ac3a0efb2c33a4498544c96bb702a656cbbfe17af18ec859c6d6b4c2142,True
247,sappo_pi_A_specialist_1p5M_seed7100001,48532,1061232,518,23,,OP3,OPPONENT_POOL,train,map_a_open,-1,0,SCRIPTED:OP6,5,1,2,0,2,240,0.47999998927116394,1,0,0,102,0,0,0,0,0,0,0,0,0,0,0,0,0,0,0,0,81.0,6.448130798339844,1.0,0.0,0.0026278793811798096,0.04999999701976776,0.0,0.0,0.0,0.2480081021785736,map_a,map_a_open,RULESET_V3_M1_OWN_FLAG_HOME,73b77ac3a0efb2c33a4498544c96bb702a656cbbfe17af18ec859c6d6b4c2142,True
248,sappo_pi_A_specialist_1p5M_seed7100001,48532,1061280,518,26,,OP3,OPPONENT_POOL,train,map_a_open,-1,0,SCRIPTED:OP6,5,1,2,1,1,240,0.3999999761581421,1,0,0,74,0,0,0,0,0,0,0,0,0,0,0,0,0,0,0,0,43.0,8.027630106608074,1.0,0.0,-0.007506281137466431,0.04999999701976776,0.0,0.0,-0.004000000189989805,0.24647454917430878,map_a,map_a_open,RULESET_V3_M1_OWN_FLAG_HOME,73b77ac3a0efb2c33a4498544c96bb702a656cbbfe17af18ec859c6d6b4c2142,True
249,sappo_pi_A_specialist_1p5M_seed7100001,48532,1061296,518,27,,OP3,OPPONENT_POOL,train,map_a_open,-1,0,SCRIPTED:OP6,5,0,1,1,0,240,0.5600000023841858,1,0,0,91,0,0,0,0,0,0,0,0,0,0,0,0,0,0,0,0,42.0,8.062106831868489,-0.5,0.0,-0.023132771253585815,0.04999999701976776,0.0,0.0,0.0,-0.12269942462444305,map_a,map_a_open,RULESET_V3_M1_OWN_FLAG_HOME,73b77ac3a0efb2c33a4498544c96bb702a656cbbfe17af18ec859c6d6b4c2142,True
250,sappo_pi_A_specialist_1p5M_seed7100001,48532,1061696,518,52,,OP3,OPPONENT_POOL,train,map_a_open,-1,0,SCRIPTED:OP6,5,0,0,0,0,240,0.47999998927116394,1,0,0,20,0,0,0,0,0,0,0,0,0,0,0,0,0,0,0,0,,12.332285563151041,-0.5,0.0,-0.00048248469829559326,0.04999999701976776,0.0,0.0,0.0,-0.12130485475063324,map_a,map_a_open,RULESET_V3_M1_OWN_FLAG_HOME,73b77ac3a0efb2c33a4498544c96bb702a656cbbfe17af18ec859c6d6b4c2142,True
251,sappo_pi_A_specialist_1p5M_seed7100001,48532,1061824,518,60,,OP3,OPPONENT_POOL,train,map_a_open,-1,0,SCRIPTED:OP6,5,1,1,0,1,240,0.3199999928474426,1,0,0,22,0,0,0,0,0,0,0,0,0,0,0,0,0,0,0,0,41.0,12.208603922526041,1.0,0.0,0.013969093561172485,0.04999999701976776,0.0,0.0,0.0,0.2486732006072998,map_a,map_a_open,RULESET_V3_M1_OWN_FLAG_HOME,73b77ac3a0efb2c33a4498544c96bb702a656cbbfe17af18ec859c6d6b4c2142,True
252,sappo_pi_A_specialist_1p5M_seed7100001,48532,1062096,518,77,,OP3,OPPONENT_POOL,train,map_a_open,-1,0,SCRIPTED:OP6,5,1,2,1,1,240,0.5600000023841858,1,0,0,48,0,0,0,0,0,0,0,0,0,0,0,0,0,0,0,0,44.0,8.957598876953124,1.0,0.0,-0.006650015711784363,0.04999999701976776,0.0,0.0,0.0,0.24746382236480713,map_a,map_a_open,RULESET_V3_M1_OWN_FLAG_HOME,73b77ac3a0efb2c33a4498544c96bb702a656cbbfe17af18ec859c6d6b4c2142,True
253,sappo_pi_A_specialist_1p5M_seed7100001,48532,1062752,518,118,,OP3,OPPONENT_POOL,train,map_a_open,-1,0,SCRIPTED:OP6,5,1,1,0,1,240,0.5199999809265137,1,0,0,27,0,0,0,0,0,0,0,0,0,0,0,0,0,0,0,0,47.0,11.35734354654948,1.0,0.0,-0.020604118704795837,0.04999999701976776,0.0,0.0,-0.00800000037997961,0.24476565420627594,map_a,map_a_open,RULESET_V3_M1_OWN_FLAG_HOME,73b77ac3a0efb2c33a4498544c96bb702a656cbbfe17af18ec859c6d6b4c2142,True
254,sappo_pi_A_specialist_1p5M_seed7100001,48532,1062912,518,128,,OP3,OPPONENT_POOL,train,map_a_open,-1,0,SCRIPTED:OP6,5,0,0,0,0,240,0.4399999976158142,1,0,0,42,0,0,0,0,0,0,0,0,0,0,0,0,0,0,0,0,,11.33268330891927,-0.5,0.0,0.006509661674499512,0.04999999701976776,0.0,0.0,0.0,-0.12087425589561462,map_a,map_a_open,RULESET_V3_M1_OWN_FLAG_HOME,73b77ac3a0efb2c33a4498544c96bb702a656cbbfe17af18ec859c6d6b4c2142,True
255,sappo_pi_A_specialist_1p5M_seed7100001,48532,1062912,518,128,,OP3,OPPONENT_POOL,train,map_a_open,-1,0,SCRIPTED:OP6,5,0,0,0,0,240,0.5199999809265137,1,0,0,6,0,0,0,0,0,0,0,0,0,0,0,0,0,0,0,0,,13.110177612304687,-0.5,0.0,0.01959344744682312,0.04999999701976776,0.0,0.0,-0.004000000189989805,-0.12105385214090347,map_a,map_a_open,RULESET_V3_M1_OWN_FLAG_HOME,73b77ac3a0efb2c33a4498544c96bb702a656cbbfe17af18ec859c6d6b4c2142,True
256,sappo_pi_A_specialist_1p5M_seed7100001,48532,1062912,518,128,,OP3,OPPONENT_POOL,train,map_a_open,-1,0,SCRIPTED:OP6,5,1,2,0,2,240,0.5199999809265137,0,1,0,60,0,0,0,0,0,0,0,0,0,0,0,0,0,0,0,0,31.0,8.537889607747395,1.0,0.0,0.004878982901573181,0.04999999701976776,0.0,0.0,0.0,0.2481401413679123,map_a,map_a_open,RULESET_V3_M1_OWN_FLAG_HOME,73b77ac3a0efb2c33a4498544c96bb702a656cbbfe17af18ec859c6d6b4c2142,True
257,sappo_pi_A_specialist_1p5M_seed7100001,48532,1062912,518,128,,OP3,OPPONENT_POOL,train,map_a_open,-1,0,SCRIPTED:OP6,5,1,2,1,1,240,0.3999999761581421,0,3,0,90,0,0,0,0,0,0,0,0,0,0,0,0,0,0,0,0,85.0,5.356686401367187,1.0,0.0,0.0034763365983963013,0.04999998211860657,0.0,0.0,0.0,0.24805785715579987,map_a,map_a_open,RULESET_V3_M1_OWN_FLAG_HOME,73b77ac3a0efb2c33a4498544c96bb702a656cbbfe17af18ec859c6d6b4c2142,True
258,sappo_pi_A_specialist_1p5M_seed7100001,48532,1063104,519,12,,OP3,OPPONENT_POOL,train,map_a_open,-1,0,SCRIPTED:OP6,5,0,1,1,0,240,0.5199999809265137,0,1,0,93,0,0,0,0,0,0,0,0,0,0,0,0,0,0,0,0,127.0,7.005218505859375,-0.5,0.0,0.018026351928710938,0.04999999701976776,0.0,0.0,0.0,-0.12016492336988449,map_a,map_a_open,RULESET_V3_M1_OWN_FLAG_HOME,73b77ac3a0efb2c33a4498544c96bb702a656cbbfe17af18ec859c6d6b4c2142,True
259,sappo_pi_A_specialist_1p5M_seed7100001,48532,1063472,519,35,,OP3,OPPONENT_POOL,train,map_a_open,-1,0,SCRIPTED:OP6,5,1,3,1,2,137,0.47999998927116394,1,0,0,57,0,0,0,0,0,0,0,0,0,0,0,0,0,0,0,0,45.0,5.382845913406706,1.0,0.5,-0.010320574045181274,0.0,1.0,100.0,-0.004000000189989805,0.553459644317627,map_a,map_a_open,RULESET_V3_M1_OWN_FLAG_HOME,73b77ac3a0efb2c33a4498544c96bb702a656cbbfe17af18ec859c6d6b4c2142,True
260,sappo_pi_A_specialist_1p5M_seed7100001,48532,1063616,519,44,,OP3,OPPONENT_POOL,train,map_a_open,-1,0,SCRIPTED:OP6,5,0,0,0,0,240,0.5199999809265137,1,0,0,17,0,0,0,0,0,0,0,0,0,0,0,0,0,0,0,0,,13.171556599934895,-0.5,0.0,-0.004495292901992798,0.04999999701976776,0.0,0.0,0.0,-0.12155196070671082,map_a,map_a_open,RULESET_V3_M1_OWN_FLAG_HOME,73b77ac3a0efb2c33a4498544c96bb702a656cbbfe17af18ec859c6d6b4c2142,True
261,sappo_pi_A_specialist_1p5M_seed7100001,48532,1063984,519,67,,OP3,OPPONENT_POOL,train,map_a_open,-1,0,SCRIPTED:OP6,5,0,0,0,0,240,0.5600000023841858,1,0,0,30,0,0,0,0,0,0,0,0,0,0,0,0,0,0,0,0,,12.088381958007812,-0.5,0.0,-0.006577283143997192,0.04999999701976776,0.0,0.0,0.0,-0.12168016284704208,map_a,map_a_open,RULESET_V3_M1_OWN_FLAG_HOME,73b77ac3a0efb2c33a4498544c96bb702a656cbbfe17af18ec859c6d6b4c2142,True
262,sappo_pi_A_specialist_1p5M_seed7100001,48532,1064096,519,74,,OP3,OPPONENT_POOL,train,map_a_open,-1,0,SCRIPTED:OP6,5,1,2,1,1,240,0.47999998927116394,1,0,0,72,0,0,0,0,0,0,0,0,0,0,0,0,0,0,0,0,109.0,6.578887430826823,1.0,0.0,0.006909310817718506,0.04999999701976776,0.0,0.0,0.0,0.24825918674468994,map_a,map_a_open,RULESET_V3_M1_OWN_FLAG_HOME,73b77ac3a0efb2c33a4498544c96bb702a656cbbfe17af18ec859c6d6b4c2142,True
263,sappo_pi_A_specialist_1p5M_seed7100001,48532,1064976,520,1,,OP3,OPPONENT_POOL,train,map_a_open,-1,0,SCRIPTED:OP6,5,1,1,0,1,240,0.35999998450279236,1,0,0,209,0,0,0,0,0,0,0,0,0,0,0,0,0,0,0,0,237.0,3.4533065795898437,1.0,0.0,-0.009854495525360107,0.03999999910593033,0.0,0.0,0.0,0.24668891727924347,map_a,map_a_open,RULESET_V3_M1_OWN_FLAG_HOME,73b77ac3a0efb2c33a4498544c96bb702a656cbbfe17af18ec859c6d6b4c2142,True
264,sappo_pi_A_specialist_1p5M_seed7100001,48532,1065072,520,7,,OP3,OPPONENT_POOL,train,map_a_open,-1,0,SCRIPTED:OP6,5,1,1,0,1,240,0.5999999642372131,0,1,0,58,0,0,0,0,0,0,0,0,0,0,0,0,0,0,0,0,88.0,9.479327392578124,1.0,0.0,-0.01020766794681549,0.04999999701976776,0.0,0.0,0.0,0.24725507199764252,map_a,map_a_open,RULESET_V3_M1_OWN_FLAG_HOME,73b77ac3a0efb2c33a4498544c96bb702a656cbbfe17af18ec859c6d6b4c2142,True
265,sappo_pi_A_specialist_1p5M_seed7100001,48532,1065136,520,11,,OP3,OPPONENT_POOL,train,map_a_open,-1,0,SCRIPTED:OP6,5,0,0,0,0,240,0.5199999809265137,1,0,0,76,0,0,0,0,0,0,0,0,0,0,0,0,0,0,0,0,,9.543706258138021,-0.5,0.0,-0.021920904517173767,0.04999999701976776,0.0,0.0,-0.004000000189989805,-0.12360967695713043,map_a,map_a_open,RULESET_V3_M1_OWN_FLAG_HOME,73b77ac3a0efb2c33a4498544c96bb702a656cbbfe17af18ec859c6d6b4c2142,True
266,sappo_pi_A_specialist_1p5M_seed7100001,48532,1065536,520,36,,OP3,OPPONENT_POOL,train,map_a_open,-1,0,SCRIPTED:OP6,5,1,1,0,1,240,0.3199999928474426,1,0,0,15,0,0,0,0,0,0,0,0,0,0,0,0,0,0,0,0,46.0,12.03483174641927,1.0,0.0,0.007785677909851074,0.04999999701976776,0.0,0.0,0.0,0.24831059575080872,map_a,map_a_open,RULESET_V3_M1_OWN_FLAG_HOME,73b77ac3a0efb2c33a4498544c96bb702a656cbbfe17af18ec859c6d6b4c2142,True
267,sappo_pi_A_specialist_1p5M_seed7100001,48532,1065664,520,44,,OP3,OPPONENT_POOL,train,map_a_open,-1,0,SCRIPTED:OP6,5,0,0,0,0,240,0.3199999928474426,1,0,0,21,0,0,0,0,0,0,0,0,0,0,0,0,0,0,0,0,,12.880047607421876,-0.5,0.0,0.0032059848308563232,0.04999999701976776,0.0,0.0,-0.004000000189989805,-0.12206293642520905,map_a,map_a_open,RULESET_V3_M1_OWN_FLAG_HOME,73b77ac3a0efb2c33a4498544c96bb702a656cbbfe17af18ec859c6d6b4c2142,True
268,sappo_pi_A_specialist_1p5M_seed7100001,48532,1065936,520,61,,OP3,OPPONENT_POOL,train,map_a_open,-1,0,SCRIPTED:OP6,5,0,0,0,0,240,0.5199999809265137,0,2,0,178,0,0,0,0,0,0,0,0,0,0,0,0,0,0,0,0,,3.289381154378255,-0.5,0.0,0.030863940715789795,0.029999999329447746,0.0,0.0,0.0,-0.12060607969760895,map_a,map_a_open,RULESET_V3_M1_OWN_FLAG_HOME,73b77ac3a0efb2c33a4498544c96bb702a656cbbfe17af18ec859c6d6b4c2142,True
269,sappo_pi_A_specialist_1p5M_seed7100001,48532,1066592,520,102,,OP3,OPPONENT_POOL,train,map_a_open,-1,0,SCRIPTED:OP6,5,0,0,1,-1,240,0.4399999976158142,1,0,0,62,0,0,0,0,0,0,0,0,0,0,0,0,0,0,0,0,101.0,9.332071940104166,-1.0,0.0,-0.0050277262926101685,0.04999999701976776,0.0,0.0,0.0,-0.2422746866941452,map_a,map_a_open,RULESET_V3_M1_OWN_FLAG_HOME,73b77ac3a0efb2c33a4498544c96bb702a656cbbfe17af18ec859c6d6b4c2142,True
270,sappo_pi_A_specialist_1p5M_seed7100001,48532,1066752,520,112,,OP3,OPPONENT_POOL,train,map_a_open,-1,0,SCRIPTED:OP6,5,1,1,0,1,240,0.5199999809265137,1,0,0,65,0,0,0,0,0,0,0,0,0,0,0,0,0,0,0,0,95.0,9.39600830078125,1.0,0.0,0.014860227704048157,0.04999999701976776,0.0,0.0,0.0,0.24872545897960663,map_a,map_a_open,RULESET_V3_M1_OWN_FLAG_HOME,73b77ac3a0efb2c33a4498544c96bb702a656cbbfe17af18ec859c6d6b4c2142,True
271,sappo_pi_A_specialist_1p5M_seed7100001,48532,1066752,520,112,,OP3,OPPONENT_POOL,train,map_a_open,-1,0,SCRIPTED:OP6,5,0,0,0,0,240,0.5600000023841858,0,2,0,73,0,0,0,0,0,0,0,0,0,0,0,0,0,0,0,0,,10.674215698242188,-0.5,0.0,0.0038852840662002563,0.04999999701976776,0.0,0.0,0.0,-0.12103588134050369,map_a,map_a_open,RULESET_V3_M1_OWN_FLAG_HOME,73b77ac3a0efb2c33a4498544c96bb702a656cbbfe17af18ec859c6d6b4c2142,True
272,sappo_pi_A_specialist_1p5M_seed7100001,48532,1066752,520,112,,OP3,OPPONENT_POOL,train,map_a_open,-1,0,SCRIPTED:OP6,5,1,1,0,1,240,0.3999999761581421,1,0,0,19,0,0,0,0,0,0,0,0,0,0,0,0,0,0,0,0,41.0,12.074569702148438,1.0,0.0,-0.016070619225502014,0.04999999701976776,0.0,0.0,-0.004000000189989805,0.24597173929214478,map_a,map_a_open,RULESET_V3_M1_OWN_FLAG_HOME,73b77ac3a0efb2c33a4498544c96bb702a656cbbfe17af18ec859c6d6b4c2142,True
273,sappo_pi_A_specialist_1p5M_seed7100001,48532,1066752,520,112,,OP3,OPPONENT_POOL,train,map_a_open,-1,0,SCRIPTED:OP6,5,0,1,1,0,240,0.5199999809265137,1,0,0,20,0,0,0,0,0,0,0,0,0,0,0,0,0,0,0,0,41.0,11.234467569986979,-0.5,0.0,-0.019091829657554626,0.04999999701976776,0.0,0.0,-0.004000000189989805,-0.12343555688858032,map_a,map_a_open,RULESET_V3_M1_OWN_FLAG_HOME,73b77ac3a0efb2c33a4498544c96bb702a656cbbfe17af18ec859c6d6b4c2142,True
274,sappo_pi_A_specialist_1p5M_seed7100001,48532,1066944,520,124,,OP3,OPPONENT_POOL,train,map_a_open,-1,0,SCRIPTED:OP6,5,0,0,0,0,240,0.5199999809265137,1,0,0,13,0,0,0,0,0,0,0,0,0,0,0,0,0,0,0,0,,13.218754069010417,-0.5,0.0,-0.019309520721435547,0.049999967217445374,0.0,0.0,0.0,-0.12246406823396683,map_a,map_a_open,RULESET_V3_M1_OWN_FLAG_HOME,73b77ac3a0efb2c33a4498544c96bb702a656cbbfe17af18ec859c6d6b4c2142,True
275,sappo_pi_A_specialist_1p5M_seed7100001,48532,1067312,521,19,,OP3,OPPONENT_POOL,train,map_a_open,-1,0,SCRIPTED:OP6,5,0,0,0,0,240,0.2800000011920929,1,0,0,26,0,0,0,0,0,0,0,0,0,0,0,0,0,0,0,0,,13.316823323567709,-0.5,0.0,0.0009389817714691162,0.04999999701976776,0.0,0.0,-0.004000000189989805,-0.12220250815153122,map_a,map_a_open,RULESET_V3_M1_OWN_FLAG_HOME,73b77ac3a0efb2c33a4498544c96bb702a656cbbfe17af18ec859c6d6b4c2142,True
276,sappo_pi_A_specialist_1p5M_seed7100001,48532,1067456,521,28,,OP3,OPPONENT_POOL,train,map_a_open,-1,0,SCRIPTED:OP6,5,1,1,0,1,240,0.47999998927116394,1,0,0,49,0,0,0,0,0,0,0,0,0,0,0,0,0,0,0,0,83.0,10.174504597981771,1.0,0.0,-0.008585944771766663,0.04999999701976776,0.0,0.0,0.0,0.24735023081302643,map_a,map_a_open,RULESET_V3_M1_OWN_FLAG_HOME,73b77ac3a0efb2c33a4498544c96bb702a656cbbfe17af18ec859c6d6b4c2142,True
277,sappo_pi_A_specialist_1p5M_seed7100001,48532,1067824,521,51,,OP3,OPPONENT_POOL,train,map_a_open,-1,0,SCRIPTED:OP6,5,1,2,1,1,240,0.5199999809265137,1,0,0,73,0,0,0,0,0,0,0,0,0,0,0,0,0,0,0,0,84.0,6.532542419433594,1.0,0.0,-0.0033005177974700928,0.04999999701976776,0.0,0.0,0.0,0.2476603239774704,map_a,map_a_open,RULESET_V3_M1_OWN_FLAG_HOME,73b77ac3a0efb2c33a4498544c96bb702a656cbbfe17af18ec859c6d6b4c2142,True
278,sappo_pi_A_specialist_1p5M_seed7100001,48532,1067936,521,58,,OP3,OPPONENT_POOL,train,map_a_open,-1,0,SCRIPTED:OP6,5,1,1,0,1,240,0.5199999809265137,0,1,0,37,0,0,0,0,0,0,0,0,0,0,0,0,0,0,0,0,71.0,10.431437174479166,1.0,0.0,0.006609812378883362,0.04999999701976776,0.0,0.0,-0.00800000037997961,0.24636393785476685,map_a,map_a_open,RULESET_V3_M1_OWN_FLAG_HOME,73b77ac3a0efb2c33a4498544c96bb702a656cbbfe17af18ec859c6d6b4c2142,True
279,sappo_pi_A_specialist_1p5M_seed7100001,48532,1068816,521,113,,OP3,OPPONENT_POOL,train,map_a_open,-1,0,SCRIPTED:OP6,5,0,0,0,0,240,0.4399999976158142,0,1,0,17,0,0,0,0,0,0,0,0,0,0,0,0,0,0,0,0,,12.72098897298177,-0.5,0.0,-0.0029205530881881714,0.04999999701976776,0.0,0.0,0.0,-0.12145499140024185,map_a,map_a_open,RULESET_V3_M1_OWN_FLAG_HOME,73b77ac3a0efb2c33a4498544c96bb702a656cbbfe17af18ec859c6d6b4c2142,True
280,sappo_pi_A_specialist_1p5M_seed7100001,48532,1068912,521,119,,OP3,OPPONENT_POOL,train,map_a_open,-1,0,SCRIPTED:OP6,5,1,2,0,2,240,0.4399999976158142,0,1,0,107,0,0,0,0,0,0,0,0,0,0,0,0,0,0,0,0,43.0,6.070055135091146,1.0,0.0,-0.00345417857170105,0.04999999701976776,0.0,0.0,-0.004000000189989805,0.24671240150928497,map_a,map_a_open,RULESET_V3_M1_OWN_FLAG_HOME,73b77ac3a0efb2c33a4498544c96bb702a656cbbfe17af18ec859c6d6b4c2142,True
281,sappo_pi_A_specialist_1p5M_seed7100001,48532,1068976,521,123,,OP3,OPPONENT_POOL,train,map_a_open,-1,0,SCRIPTED:OP6,5,0,1,1,0,240,0.5600000023841858,1,0,0,48,0,0,0,0,0,0,0,0,0,0,0,0,0,0,0,0,70.0,9.7591552734375,-0.5,0.0,0.003175899386405945,0.04999999701976776,0.0,0.0,-0.004000000189989805,-0.12206478416919708,map_a,map_a_open,RULESET_V3_M1_OWN_FLAG_HOME,73b77ac3a0efb2c33a4498544c96bb702a656cbbfe17af18ec859c6d6b4c2142,True
282,sappo_pi_A_specialist_1p5M_seed7100001,48532,1069376,522,20,,OP3,OPPONENT_POOL,train,map_a_open,-1,0,SCRIPTED:OP6,5,1,2,0,2,240,0.47999998927116394,1,0,0,104,0,0,0,0,0,0,0,0,0,0,0,0,0,0,0,0,110.0,7.3190155029296875,1.0,0.0,0.005394160747528076,0.04999999701976776,0.0,0.0,0.0,0.24817034602165222,map_a,map_a_open,RULESET_V3_M1_OWN_FLAG_HOME,73b77ac3a0efb2c33a4498544c96bb702a656cbbfe17af18ec859c6d6b4c2142,True
283,sappo_pi_A_specialist_1p5M_seed7100001,48532,1069504,522,28,,OP3,OPPONENT_POOL,train,map_a_open,-1,0,SCRIPTED:OP6,5,1,2,0,2,240,0.35999998450279236,1,0,0,68,0,0,0,0,0,0,0,0,0,0,0,0,0,0,0,0,67.0,7.590824890136719,1.0,0.0,-0.010436639189720154,0.04999999701976776,0.0,0.0,0.0,0.24724161624908447,map_a,map_a_open,RULESET_V3_M1_OWN_FLAG_HOME,73b77ac3a0efb2c33a4498544c96bb702a656cbbfe17af18ec859c6d6b4c2142,True
284,sappo_pi_A_specialist_1p5M_seed7100001,48532,1069776,522,45,,OP3,OPPONENT_POOL,train,map_a_open,-1,0,SCRIPTED:OP6,5,1,1,0,1,240,0.5600000023841858,1,0,0,28,0,0,0,0,0,0,0,0,0,0,0,0,0,0,0,0,48.0,11.570439656575521,1.0,0.0,0.005026727914810181,0.04999999701976776,0.0,0.0,0.0,0.24814878404140472,map_a,map_a_open,RULESET_V3_M1_OWN_FLAG_HOME,73b77ac3a0efb2c33a4498544c96bb702a656cbbfe17af18ec859c6d6b4c2142,True
285,sappo_pi_A_specialist_1p5M_seed7100001,48532,1070144,522,68,,OP3,OPPONENT_POOL,train,map_a_open,-1,0,SCRIPTED:OP6,5,1,3,1,2,212,0.5600000023841858,0,1,0,97,0,0,0,0,0,0,0,0,0,0,0,0,0,0,0,0,69.0,4.725426152067365,1.0,0.5,-0.009850472211837769,0.0,1.0,100.0,-0.004000000189989805,0.5534800291061401,map_a,map_a_open,RULESET_V3_M1_OWN_FLAG_HOME,73b77ac3a0efb2c33a4498544c96bb702a656cbbfe17af18ec859c6d6b4c2142,True
286,sappo_pi_A_specialist_1p5M_seed7100001,48532,1070432,522,86,,OP3,OPPONENT_POOL,train,map_a_open,-1,0,SCRIPTED:OP6,5,0,0,0,0,240,0.47999998927116394,1,0,0,25,0,0,0,0,0,0,0,0,0,0,0,0,0,0,0,0,,12.156636555989584,-0.5,0.0,-0.001986086368560791,0.04999999701976776,0.0,0.0,0.0,-0.12139745056629181,map_a,map_a_open,RULESET_V3_M1_OWN_FLAG_HOME,73b77ac3a0efb2c33a4498544c96bb702a656cbbfe17af18ec859c6d6b4c2142,True
287,sappo_pi_A_specialist_1p5M_seed7100001,48532,1070592,522,96,,OP3,OPPONENT_POOL,train,map_a_open,-1,0,SCRIPTED:OP6,5,1,1,0,1,240,0.4399999976158142,1,0,0,43,0,0,0,0,0,0,0,0,0,0,0,0,0,0,0,0,55.0,10.50484619140625,1.0,0.0,-0.0073410868644714355,0.04999999701976776,0.0,0.0,-0.004000000189989805,0.24648424983024597,map_a,map_a_open,RULESET_V3_M1_OWN_FLAG_HOME,73b77ac3a0efb2c33a4498544c96bb702a656cbbfe17af18ec859c6d6b4c2142,True
288,sappo_pi_A_specialist_1p5M_seed7100001,48532,1070592,522,96,,OP3,OPPONENT_POOL,train,map_a_open,-1,0,SCRIPTED:OP6,5,0,1,1,0,240,0.5199999809265137,0,1,0,48,0,0,0,0,0,0,0,0,0,0,0,0,0,0,0,0,36.0,8.719809977213542,-0.5,0.0,-0.0025167912244796753,0.04999999701976776,0.0,0.0,0.0,-0.12143012881278992,map_a,map_a_open,RULESET_V3_M1_OWN_FLAG_HOME,73b77ac3a0efb2c33a4498544c96bb702a656cbbfe17af18ec859c6d6b4c2142,True
289,sappo_pi_A_specialist_1p5M_seed7100001,48532,1070592,522,96,,OP3,OPPONENT_POOL,train,map_a_open,-1,0,SCRIPTED:OP6,5,1,1,0,1,240,0.4399999976158142,1,0,0,29,0,0,0,0,0,0,0,0,0,0,0,0,0,0,0,0,44.0,11.313885498046876,1.0,0.0,-0.007020428776741028,0.04999999701976776,0.0,0.0,0.0,0.2474420815706253,map_a,map_a_open,RULESET_V3_M1_OWN_FLAG_HOME,73b77ac3a0efb2c33a4498544c96bb702a656cbbfe17af18ec859c6d6b4c2142,True
290,sappo_pi_A_specialist_1p5M_seed7100001,48532,1070784,522,108,,OP3,OPPONENT_POOL,train,map_a_open,-1,0,SCRIPTED:OP6,5,1,1,0,1,240,0.3999999761581421,0,1,0,15,0,0,0,0,0,0,0,0,0,0,0,0,0,0,0,0,30.0,12.503745524088542,1.0,0.0,-0.01217903196811676,0.014995553530752659,0.0,0.0,-0.004000000189989805,0.24414394795894623,map_a,map_a_open,RULESET_V3_M1_OWN_FLAG_HOME,73b77ac3a0efb2c33a4498544c96bb702a656cbbfe17af18ec859c6d6b4c2142,True
291,sappo_pi_A_specialist_1p5M_seed7100001,48532,1071152,523,3,,OP3,OPPONENT_POOL,train,map_a_open,-1,0,SCRIPTED:OP6,5,0,0,0,0,240,0.3999999761581421,1,0,0,11,0,0,0,0,0,0,0,0,0,0,0,0,0,0,0,0,,13.276417032877605,-0.5,0.0,-0.008121535181999207,0.04999999701976776,0.0,0.0,-0.004000000189989805,-0.12276029586791992,map_a,map_a_open,RULESET_V3_M1_OWN_FLAG_HOME,73b77ac3a0efb2c33a4498544c96bb702a656cbbfe17af18ec859c6d6b4c2142,True
292,sappo_pi_A_specialist_1p5M_seed7100001,48532,1071296,523,12,,OP3,OPPONENT_POOL,train,map_a_open,-1,0,SCRIPTED:OP6,5,1,1,0,1,240,0.35999998450279236,1,0,0,23,0,0,0,0,0,0,0,0,0,0,0,0,0,0,0,0,51.0,11.937572224934895,1.0,0.0,0.005494251847267151,0.04999999701976776,0.0,0.0,0.0,0.2481762170791626,map_a,map_a_open,RULESET_V3_M1_OWN_FLAG_HOME,73b77ac3a0efb2c33a4498544c96bb702a656cbbfe17af18ec859c6d6b4c2142,True
293,sappo_pi_A_specialist_1p5M_seed7100001,48532,1071664,523,35,,OP3,OPPONENT_POOL,train,map_a_open,-1,0,SCRIPTED:OP6,5,1,1,0,1,240,0.4399999976158142,0,1,0,38,0,0,0,0,0,0,0,0,0,0,0,0,0,0,0,0,67.0,10.819712320963541,1.0,0.0,-0.0008804649114608765,0.04999999701976776,0.0,0.0,0.0,0.24780228734016418,map_a,map_a_open,RULESET_V3_M1_OWN_FLAG_HOME,73b77ac3a0efb2c33a4498544c96bb702a656cbbfe17af18ec859c6d6b4c2142,True
294,sappo_pi_A_specialist_1p5M_seed7100001,48532,1071776,523,42,,OP3,OPPONENT_POOL,train,map_a_open,-1,0,SCRIPTED:OP6,5,0,0,0,0,240,0.5199999809265137,1,0,0,20,0,0,0,0,0,0,0,0,0,0,0,0,0,0,0,0,,11.697890218098959,-0.5,0.0,0.0038766562938690186,0.04999999701976776,0.0,0.0,0.0,-0.12103641033172607,map_a,map_a_open,RULESET_V3_M1_OWN_FLAG_HOME,73b77ac3a0efb2c33a4498544c96bb702a656cbbfe17af18ec859c6d6b4c2142,True
295,sappo_pi_A_specialist_1p5M_seed7100001,48532,1072016,523,57,,OP3,OPPONENT_POOL,train,map_a_open,-1,0,SCRIPTED:OP6,5,1,3,1,2,157,0.3999999761581421,1,0,0,68,0,0,0,0,0,0,0,0,0,0,0,0,0,0,0,0,48.0,5.145508201258957,1.0,0.5,-0.0018181204795837402,0.0,1.0,100.0,-0.00800000037997961,0.5531344413757324,map_a,map_a_open,RULESET_V3_M1_OWN_FLAG_HOME,73b77ac3a0efb2c33a4498544c96bb702a656cbbfe17af18ec859c6d6b4c2142,True
296,sappo_pi_A_specialist_1p5M_seed7100001,48532,1072656,523,97,,OP3,OPPONENT_POOL,train,map_a_open,-1,0,SCRIPTED:OP6,5,1,1,0,1,240,0.5199999809265137,1,0,0,21,0,0,0,0,0,0,0,0,0,0,0,0,0,0,0,0,65.0,10.821017456054687,1.0,0.0,-0.0032760053873062134,0.04062499850988388,0.0,0.0,-0.00800000037997961,0.24523289501667023,map_a,map_a_open,RULESET_V3_M1_OWN_FLAG_HOME,73b77ac3a0efb2c33a4498544c96bb702a656cbbfe17af18ec859c6d6b4c2142,True
297,sappo_pi_A_specialist_1p5M_seed7100001,48532,1072736,523,102,,OP3,OPPONENT_POOL,train,map_a_open,-1,0,SCRIPTED:OP6,5,1,3,0,3,134,0.5199999809265137,1,0,0,76,0,0,0,0,0,0,0,0,0,0,0,0,0,0,0,0,30.0,4.251351427676073,1.0,0.5,-0.01014748215675354,0.0,1.0,100.0,0.0,0.5541604161262512,map_a,map_a_open,RULESET_V3_M1_OWN_FLAG_HOME,73b77ac3a0efb2c33a4498544c96bb702a656cbbfe17af18ec859c6d6b4c2142,True
298,sappo_pi_A_specialist_1p5M_seed7100001,48532,1072752,523,103,,OP3,OPPONENT_POOL,train,map_a_open,-1,0,SCRIPTED:OP6,5,1,1,0,1,240,0.5999999642372131,0,1,0,30,0,0,0,0,0,0,0,0,0,0,0,0,0,0,0,0,59.0,11.455889892578124,1.0,0.0,0.027947843074798584,0.04999999701976776,0.0,0.0,-0.00800000037997961,0.2476162165403366,map_a,map_a_open,RULESET_V3_M1_OWN_FLAG_HOME,73b77ac3a0efb2c33a4498544c96bb702a656cbbfe17af18ec859c6d6b4c2142,True
299,sappo_pi_A_specialist_1p5M_seed7100001,48532,1072816,523,107,,OP3,OPPONENT_POOL,train,map_a_open,-1,0,SCRIPTED:OP6,5,1,2,0,2,240,0.35999998450279236,1,0,0,83,0,0,0,0,0,0,0,0,0,0,0,0,0,0,0,0,55.0,7.75943603515625,1.0,0.0,-0.0030658692121505737,0.04999999701976776,0.0,0.0,0.0,0.2476740926504135,map_a,map_a_open,RULESET_V3_M1_OWN_FLAG_HOME,73b77ac3a0efb2c33a4498544c96bb702a656cbbfe17af18ec859c6d6b4c2142,True
300,sappo_pi_A_specialist_1p5M_seed7100001,48532,1073216,524,4,,OP3,OPPONENT_POOL,train,map_a_open,-1,0,SCRIPTED:OP6,5,1,1,0,1,240,0.3999999761581421,1,0,0,12,0,0,0,0,0,0,0,0,0,0,0,0,0,0,0,0,31.0,12.677857462565104,1.0,0.0,-0.0003613084554672241,0.04999999701976776,0.0,0.0,-0.004000000189989805,0.24689392745494843,map_a,map_a_open,RULESET_V3_M1_OWN_FLAG_HOME,73b77ac3a0efb2c33a4498544c96bb702a656cbbfe17af18ec859c6d6b4c2142,True
301,sappo_pi_A_specialist_1p5M_seed7100001,48532,1073408,524,16,,OP3,OPPONENT_POOL,train,map_a_open,-1,0,SCRIPTED:OP6,5,1,3,0,3,141,0.4399999976158142,1,0,0,76,0,0,0,0,0,0,0,0,0,0,0,0,0,0,0,0,39.0,4.804921251662234,1.0,0.5,-0.0014250874519348145,0.0,1.0,100.0,0.0,0.5545380711555481,map_a,map_a_open,RULESET_V3_M1_OWN_FLAG_HOME,73b77ac3a0efb2c33a4498544c96bb702a656cbbfe17af18ec859c6d6b4c2142,True
302,sappo_pi_A_specialist_1p5M_seed7100001,48532,1073616,524,29,,OP3,OPPONENT_POOL,train,map_a_open,-1,0,SCRIPTED:OP6,5,1,1,0,1,240,0.5199999809265137,0,1,0,52,0,0,0,0,0,0,0,0,0,0,0,0,0,0,0,0,52.0,10.980276489257813,1.0,0.0,-0.00220412015914917,0.04999999701976776,0.0,0.0,0.0,0.24772463738918304,map_a,map_a_open,RULESET_V3_M1_OWN_FLAG_HOME,73b77ac3a0efb2c33a4498544c96bb702a656cbbfe17af18ec859c6d6b4c2142,True
303,sappo_pi_A_specialist_1p5M_seed7100001,48532,1073984,524,52,,OP3,OPPONENT_POOL,train,map_a_open,-1,0,SCRIPTED:OP6,5,0,0,0,0,240,0.4399999976158142,1,0,0,20,0,0,0,0,0,0,0,0,0,0,0,0,0,0,0,0,,12.863374837239583,-0.5,0.0,0.012398064136505127,0.04999999701976776,0.0,0.0,-0.004000000189989805,-0.12149695307016373,map_a,map_a_open,RULESET_V3_M1_OWN_FLAG_HOME,73b77ac3a0efb2c33a4498544c96bb702a656cbbfe17af18ec859c6d6b4c2142,True
304,sappo_pi_A_specialist_1p5M_seed7100001,48532,1074272,524,70,,OP3,OPPONENT_POOL,train,map_a_open,-1,0,SCRIPTED:OP6,5,1,1,0,1,240,0.35999998450279236,0,2,0,90,0,0,0,0,0,0,0,0,0,0,0,0,0,0,0,0,94.0,7.002715047200521,1.0,0.0,0.00996069610118866,0.04999999701976776,0.0,0.0,0.0,0.24843816459178925,map_a,map_a_open,RULESET_V3_M1_OWN_FLAG_HOME,73b77ac3a0efb2c33a4498544c96bb702a656cbbfe17af18ec859c6d6b4c2142,True
305,sappo_pi_A_specialist_1p5M_seed7100001,48532,1074432,524,80,,OP3,OPPONENT_POOL,train,map_a_open,-1,0,SCRIPTED:OP6,5,0,0,1,-1,240,0.35999998450279236,0,2,0,56,0,0,0,0,0,0,0,0,0,0,0,0,0,0,0,0,102.0,9.273838297526042,-1.0,0.0,-0.0018911659717559814,0.04999999701976776,0.0,0.0,0.0,-0.2420901507139206,map_a,map_a_open,RULESET_V3_M1_OWN_FLAG_HOME,73b77ac3a0efb2c33a4498544c96bb702a656cbbfe17af18ec859c6d6b4c2142,True
306,sappo_pi_A_specialist_1p5M_seed7100001,48532,1074432,524,80,,OP3,OPPONENT_POOL,train,map_a_open,-1,0,SCRIPTED:OP6,5,1,1,0,1,240,0.3999999761581421,1,0,0,53,0,0,0,0,0,0,0,0,0,0,0,0,0,0,0,0,72.0,10.602054850260417,1.0,0.0,-0.008934319019317627,0.04999999701976776,0.0,0.0,-0.004000000189989805,0.246390700340271,map_a,map_a_open,RULESET_V3_M1_OWN_FLAG_HOME,73b77ac3a0efb2c33a4498544c96bb702a656cbbfe17af18ec859c6d6b4c2142,True
307,sappo_pi_A_specialist_1p5M_seed7100001,48532,1074624,524,92,,OP3,OPPONENT_POOL,train,map_a_open,-1,0,SCRIPTED:OP6,5,1,2,0,2,240,0.4399999976158142,1,0,0,120,0,0,0,0,0,0,0,0,0,0,0,0,0,0,0,0,84.0,6.939501953125,1.0,0.0,0.00500980019569397,0.04999999701976776,0.0,0.0,0.0,0.24814780056476593,map_a,map_a_open,RULESET_V3_M1_OWN_FLAG_HOME,73b77ac3a0efb2c33a4498544c96bb702a656cbbfe17af18ec859c6d6b4c2142,True
308,sappo_pi_A_specialist_1p5M_seed7100001,48532,1075136,524,124,,OP3,OPPONENT_POOL,train,map_a_open,-1,0,SCRIPTED:OP6,5,1,2,0,2,240,0.5600000023841858,0,1,0,131,0,0,0,0,0,0,0,0,0,0,0,0,0,0,0,0,139.0,4.842087809244791,1.0,0.0,-0.021343708038330078,0.014999999664723873,0.0,0.0,0.0,0.24454592168331146,map_a,map_a_open,RULESET_V3_M1_OWN_FLAG_HOME,73b77ac3a0efb2c33a4498544c96bb702a656cbbfe17af18ec859c6d6b4c2142,True
309,sappo_pi_A_specialist_1p5M_seed7100001,48532,1075504,525,19,,OP3,OPPONENT_POOL,train,map_a_open,-1,0,SCRIPTED:OP6,5,1,1,0,1,240,0.5199999809265137,1,0,0,80,0,0,0,0,0,0,0,0,0,0,0,0,0,0,0,0,106.0,8.940024820963542,1.0,0.0,-0.014675945043563843,0.04999999701976776,0.0,0.0,-0.004000000189989805,0.24605360627174377,map_a,map_a_open,RULESET_V3_M1_OWN_FLAG_HOME,73b77ac3a0efb2c33a4498544c96bb702a656cbbfe17af18ec859c6d6b4c2142,True
310,sappo_pi_A_specialist_1p5M_seed7100001,48532,1075616,525,26,,OP3,OPPONENT_POOL,train,map_a_open,-1,0,SCRIPTED:OP6,5,0,0,0,0,240,0.47999998927116394,1,0,0,30,0,0,0,0,0,0,0,0,0,0,0,0,0,0,0,0,,11.534937540690104,-0.5,0.0,-0.0012483149766921997,0.04999999701976776,0.0,0.0,0.0,-0.12135201692581177,map_a,map_a_open,RULESET_V3_M1_OWN_FLAG_HOME,73b77ac3a0efb2c33a4498544c96bb702a656cbbfe17af18ec859c6d6b4c2142,True
311,sappo_pi_A_specialist_1p5M_seed7100001,48532,1075856,525,41,,OP3,OPPONENT_POOL,train,map_a_open,-1,0,SCRIPTED:OP6,5,0,1,1,0,240,0.3999999761581421,1,0,0,49,0,0,0,0,0,0,0,0,0,0,0,0,0,0,0,0,42.0,10.25224100748698,-0.5,0.0,-0.008135274052619934,0.04999999701976776,0.0,0.0,0.0,-0.12177608907222748,map_a,map_a_open,RULESET_V3_M1_OWN_FLAG_HOME,73b77ac3a0efb2c33a4498544c96bb702a656cbbfe17af18ec859c6d6b4c2142,True
312,sappo_pi_A_specialist_1p5M_seed7100001,48532,1076496,525,81,,OP3,OPPONENT_POOL,train,map_a_open,-1,0,SCRIPTED:OP6,5,0,0,0,0,240,0.47999998927116394,1,0,0,17,0,0,0,0,0,0,0,0,0,0,0,0,0,0,0,0,,13.22774658203125,-0.5,0.0,0.013343393802642822,0.04999999701976776,0.0,0.0,-0.004000000189989805,-0.12143874168395996,map_a,map_a_open,RULESET_V3_M1_OWN_FLAG_HOME,73b77ac3a0efb2c33a4498544c96bb702a656cbbfe17af18ec859c6d6b4c2142,True
313,sappo_pi_A_specialist_1p5M_seed7100001,48532,1076576,525,86,,OP3,OPPONENT_POOL,train,map_a_open,-1,0,SCRIPTED:OP6,5,1,2,0,2,240,0.47999998927116394,0,2,0,131,0,0,0,0,0,0,0,0,0,0,0,0,0,0,0,0,173.0,4.435028076171875,1.0,0.0,0.00855979323387146,0.0,0.0,0.0,-0.004000000189989805,0.24448147416114807,map_a,map_a_open,RULESET_V3_M1_OWN_FLAG_HOME,73b77ac3a0efb2c33a4498544c96bb702a656cbbfe17af18ec859c6d6b4c2142,True
314,sappo_pi_A_specialist_1p5M_seed7100001,48532,1076592,525,87,,OP3,OPPONENT_POOL,train,map_a_open,-1,0,SCRIPTED:OP6,5,1,1,0,1,240,0.5999999642372131,0,1,0,31,0,0,0,0,0,0,0,0,0,0,0,0,0,0,0,0,36.0,11.900827026367187,1.0,0.0,-0.01964925229549408,0.029999881982803345,0.0,0.0,-0.00800000037997961,0.2436463087797165,map_a,map_a_open,RULESET_V3_M1_OWN_FLAG_HOME,73b77ac3a0efb2c33a4498544c96bb702a656cbbfe17af18ec859c6d6b4c2142,True
315,sappo_pi_A_specialist_1p5M_seed7100001,48532,1076656,525,91,,OP3,OPPONENT_POOL,train,map_a_open,-1,0,SCRIPTED:OP6,5,0,0,0,0,240,0.5199999809265137,0,2,0,15,0,0,0,0,0,0,0,0,0,0,0,0,0,0,0,0,,13.267518107096354,-0.5,0.0,0.010001495480537415,0.04999999701976776,0.0,0.0,0.0,-0.12065920233726501,map_a,map_a_open,RULESET_V3_M1_OWN_FLAG_HOME,73b77ac3a0efb2c33a4498544c96bb702a656cbbfe17af18ec859c6d6b4c2142,True
316,sappo_pi_A_specialist_1p5M_seed7100001,48532,1077056,525,116,,OP3,OPPONENT_POOL,train,map_a_open,-1,0,SCRIPTED:OP6,5,0,0,1,-1,240,0.3999999761581421,1,0,0,21,0,0,0,0,0,0,0,0,0,0,0,0,0,0,0,0,56.0,11.911539713541666,-1.0,0.0,0.012814074754714966,0.04999999701976776,0.0,0.0,0.0,-0.2412247359752655,map_a,map_a_open,RULESET_V3_M1_OWN_FLAG_HOME,73b77ac3a0efb2c33a4498544c96bb702a656cbbfe17af18ec859c6d6b4c2142,True
317,sappo_pi_A_specialist_1p5M_seed7100001,48532,1077248,525,128,,OP3,OPPONENT_POOL,train,map_a_open,-1,0,SCRIPTED:OP6,5,0,0,0,0,240,0.35999998450279236,1,0,0,25,0,0,0,0,0,0,0,0,0,0,0,0,0,0,0,0,,13.32723388671875,-0.5,0.0,-0.004509255290031433,0.04999999701976776,0.0,0.0,0.0,-0.12155281752347946,map_a,map_a_open,RULESET_V3_M1_OWN_FLAG_HOME,73b77ac3a0efb2c33a4498544c96bb702a656cbbfe17af18ec859c6d6b4c2142,True
318,sappo_pi_A_specialist_1p5M_seed7100001,48532,1077456,526,13,,OP3,OPPONENT_POOL,train,map_a_open,-1,0,SCRIPTED:OP6,5,0,0,1,-1,240,0.6399999856948853,1,0,0,27,0,0,0,0,0,0,0,0,0,0,0,0,0,0,0,0,56.0,11.564022827148438,-1.0,0.0,-0.004026427865028381,0.04999999701976776,0.0,0.0,-0.004000000189989805,-0.24315686523914337,map_a,map_a_open,RULESET_V3_M1_OWN_FLAG_HOME,73b77ac3a0efb2c33a4498544c96bb702a656cbbfe17af18ec859c6d6b4c2142,True
319,sappo_pi_A_specialist_1p5M_seed7100001,48532,1077824,526,36,,OP3,OPPONENT_POOL,train,map_a_open,-1,0,SCRIPTED:OP6,5,0,0,0,0,240,0.3199999928474426,1,0,0,18,0,0,0,0,0,0,0,0,0,0,0,0,0,0,0,0,,12.44180908203125,-0.5,0.0,0.02373439073562622,0.04999999701976776,0.0,0.0,-0.004000000189989805,-0.12079882621765137,map_a,map_a_open,RULESET_V3_M1_OWN_FLAG_HOME,73b77ac3a0efb2c33a4498544c96bb702a656cbbfe17af18ec859c6d6b4c2142,True
320,sappo_pi_A_specialist_1p5M_seed7100001,48532,1078112,526,54,,OP3,OPPONENT_POOL,train,map_a_open,-1,0,SCRIPTED:OP6,5,0,0,0,0,240,0.5999999642372131,0,1,0,72,0,0,0,0,0,0,0,0,0,0,0,0,0,0,0,0,,9.093058268229166,-0.5,0.0,0.0030965656042099,0.04999999701976776,0.0,0.0,0.0,-0.12108445167541504,map_a,map_a_open,RULESET_V3_M1_OWN_FLAG_HOME,73b77ac3a0efb2c33a4498544c96bb702a656cbbfe17af18ec859c6d6b4c2142,True
321,sappo_pi_A_specialist_1p5M_seed7100001,48532,1078272,526,64,,OP3,OPPONENT_POOL,train,map_a_open,-1,0,SCRIPTED:OP6,5,0,0,1,-1,240,0.5600000023841858,1,0,0,28,0,0,0,0,0,0,0,0,0,0,0,0,0,0,0,0,71.0,10.791287231445313,-1.0,0.0,-0.00662580132484436,0.04999999701976776,0.0,0.0,0.0,-0.242368683218956,map_a,map_a_open,RULESET_V3_M1_OWN_FLAG_HOME,73b77ac3a0efb2c33a4498544c96bb702a656cbbfe17af18ec859c6d6b4c2142,True
322,sappo_pi_A_specialist_1p5M_seed7100001,48532,1078272,526,64,,OP3,OPPONENT_POOL,train,map_a_open,-1,0,SCRIPTED:OP6,5,0,0,0,0,240,0.4399999976158142,1,0,0,17,0,0,0,0,0,0,0,0,0,0,0,0,0,0,0,0,,13.352361043294271,-0.5,0.0,-0.008804917335510254,0.04999999701976776,0.0,0.0,-0.004000000189989805,-0.12280236929655075,map_a,map_a_open,RULESET_V3_M1_OWN_FLAG_HOME,73b77ac3a0efb2c33a4498544c96bb702a656cbbfe17af18ec859c6d6b4c2142,True
323,sappo_pi_A_specialist_1p5M_seed7100001,48532,1078464,526,76,,OP3,OPPONENT_POOL,train,map_a_open,-1,0,SCRIPTED:OP6,5,1,2,1,1,240,0.4399999976158142,0,3,0,82,0,0,0,0,0,0,0,0,0,0,0,0,0,0,0,0,71.0,6.4875849405924475,1.0,0.0,-0.0120411217212677,0.04999999701976776,0.0,0.0,0.0,0.24714748561382294,map_a,map_a_open,RULESET_V3_M1_OWN_FLAG_HOME,73b77ac3a0efb2c33a4498544c96bb702a656cbbfe17af18ec859c6d6b4c2142,True
324,sappo_pi_A_specialist_1p5M_seed7100001,48532,1078560,526,82,,OP3,OPPONENT_POOL,train,map_a_open,-1,0,SCRIPTED:OP6,5,1,3,1,2,119,0.47999998927116394,0,2,0,39,0,0,0,0,0,0,0,0,0,0,0,0,0,0,0,0,49.0,5.35439114610688,1.0,0.5,0.008140936493873596,0.0,1.0,100.0,-0.004000000189989805,0.5542595982551575,map_a,map_a_open,RULESET_V3_M1_OWN_FLAG_HOME,73b77ac3a0efb2c33a4498544c96bb702a656cbbfe17af18ec859c6d6b4c2142,True
325,sappo_pi_A_specialist_1p5M_seed7100001,48532,1078976,526,108,,OP3,OPPONENT_POOL,train,map_a_open,-1,0,SCRIPTED:OP6,5,1,1,0,1,240,0.5600000023841858,0,1,0,63,0,0,0,0,0,0,0,0,0,0,0,0,0,0,0,0,79.0,8.457527160644531,1.0,0.0,-0.0031418651342391968,0.04999999701976776,0.0,0.0,0.0,0.24766963720321655,map_a,map_a_open,RULESET_V3_M1_OWN_FLAG_HOME,73b77ac3a0efb2c33a4498544c96bb702a656cbbfe17af18ec859c6d6b4c2142,True
326,sappo_pi_A_specialist_1p5M_seed7100001,48532,1079344,527,3,,OP3,OPPONENT_POOL,train,map_a_open,-1,0,SCRIPTED:OP6,5,0,0,0,0,240,0.4399999976158142,0,2,0,68,0,0,0,0,0,0,0,0,0,0,0,0,0,0,0,0,,9.795893351236979,-0.5,0.0,-0.012857124209403992,0.04062499850988388,0.0,0.0,0.0,-0.12264398485422134,map_a,map_a_open,RULESET_V3_M1_OWN_FLAG_HOME,73b77ac3a0efb2c33a4498544c96bb702a656cbbfe17af18ec859c6d6b4c2142,True
327,sappo_pi_A_specialist_1p5M_seed7100001,48532,1079456,527,10,,OP3,OPPONENT_POOL,train,map_a_open,-1,0,SCRIPTED:OP6,5,1,2,0,2,240,0.5600000023841858,0,2,0,37,0,0,0,0,0,0,0,0,0,0,0,0,0,0,0,0,33.0,11.298856608072917,1.0,0.0,-0.014408424496650696,0.04999999701976776,0.0,0.0,0.0,0.2470085471868515,map_a,map_a_open,RULESET_V3_M1_OWN_FLAG_HOME,73b77ac3a0efb2c33a4498544c96bb702a656cbbfe17af18ec859c6d6b4c2142,True
328,sappo_pi_A_specialist_1p5M_seed7100001,48532,1079696,527,25,,OP3,OPPONENT_POOL,train,map_a_open,-1,0,SCRIPTED:OP6,5,0,0,0,0,240,0.5999999642372131,1,0,0,10,0,0,0,0,0,0,0,0,0,0,0,0,0,0,0,0,,13.059171549479167,-0.5,0.0,-0.009911403059959412,0.04999999701976776,0.0,0.0,0.0,-0.12188544869422913,map_a,map_a_open,RULESET_V3_M1_OWN_FLAG_HOME,73b77ac3a0efb2c33a4498544c96bb702a656cbbfe17af18ec859c6d6b4c2142,True
329,sappo_pi_A_specialist_1p5M_seed7100001,48532,1080336,527,65,,OP3,OPPONENT_POOL,train,map_a_open,-1,0,SCRIPTED:OP6,5,1,2,0,2,240,0.4399999976158142,1,0,0,65,0,0,0,0,0,0,0,0,0,0,0,0,0,0,0,0,43.0,7.550240071614583,1.0,0.0,-0.007832542061805725,0.04999999701976776,0.0,0.0,0.0,0.24739444255828857,map_a,map_a_open,RULESET_V3_M1_OWN_FLAG_HOME,73b77ac3a0efb2c33a4498544c96bb702a656cbbfe17af18ec859c6d6b4c2142,True
330,sappo_pi_A_specialist_1p5M_seed7100001,48532,1080416,527,70,,OP3,OPPONENT_POOL,train,map_a_open,-1,0,SCRIPTED:OP6,5,1,1,0,1,240,0.4399999976158142,1,0,0,43,0,0,0,0,0,0,0,0,0,0,0,0,0,0,0,0,43.0,10.187096150716146,1.0,0.0,0.006396040320396423,0.04999999701976776,0.0,0.0,-0.004000000189989805,0.2472904920578003,map_a,map_a_open,RULESET_V3_M1_OWN_FLAG_HOME,73b77ac3a0efb2c33a4498544c96bb702a656cbbfe17af18ec859c6d6b4c2142,True
331,sappo_pi_A_specialist_1p5M_seed7100001,48532,1080432,527,71,,OP3,OPPONENT_POOL,train,map_a_open,-1,0,SCRIPTED:OP6,5,0,0,0,0,240,0.4399999976158142,1,0,0,57,0,0,0,0,0,0,0,0,0,0,0,0,0,0,0,0,,10.217455037434895,-0.5,0.0,-0.006800949573516846,0.04999999701976776,0.0,0.0,-0.004000000189989805,-0.12267900258302689,map_a,map_a_open,RULESET_V3_M1_OWN_FLAG_HOME,73b77ac3a0efb2c33a4498544c96bb702a656cbbfe17af18ec859c6d6b4c2142,True
332,sappo_pi_A_specialist_1p5M_seed7100001,48532,1080896,527,100,,OP3,OPPONENT_POOL,train,map_a_open,-1,0,SCRIPTED:OP6,5,1,1,0,1,240,0.35999998450279236,0,1,0,111,0,0,0,0,0,0,0,0,0,0,0,0,0,0,0,0,99.0,8.292811075846354,1.0,0.0,-0.0215330570936203,0.04999999701976776,0.0,0.0,0.0,0.24659039080142975,map_a,map_a_open,RULESET_V3_M1_OWN_FLAG_HOME,73b77ac3a0efb2c33a4498544c96bb702a656cbbfe17af18ec859c6d6b4c2142,True
333,sappo_pi_A_specialist_1p5M_seed7100001,48532,1081088,527,112,,OP3,OPPONENT_POOL,train,map_a_open,-1,0,SCRIPTED:OP6,5,1,1,0,1,240,0.5600000023841858,1,0,0,133,0,0,0,0,0,0,0,0,0,0,0,0,0,0,0,0,69.0,6.000892130533854,1.0,0.0,0.001104593276977539,0.04999999701976776,0.0,0.0,0.0,0.2479187399148941,map_a,map_a_open,RULESET_V3_M1_OWN_FLAG_HOME,73b77ac3a0efb2c33a4498544c96bb702a656cbbfe17af18ec859c6d6b4c2142,True
334,sappo_pi_A_specialist_1p5M_seed7100001,48532,1081296,527,125,,OP3,OPPONENT_POOL,train,map_a_open,-1,0,SCRIPTED:OP6,5,1,2,1,1,240,0.5199999809265137,0,1,0,97,0,0,0,0,0,0,0,0,0,0,0,0,0,0,0,0,104.0,5.78812510172526,1.0,0.0,-0.014002308249473572,0.04999999701976776,0.0,0.0,0.0,0.24703238904476166,map_a,map_a_open,RULESET_V3_M1_OWN_FLAG_HOME,73b77ac3a0efb2c33a4498544c96bb702a656cbbfe17af18ec859c6d6b4c2142,True
335,sappo_pi_A_specialist_1p5M_seed7100001,48532,1081664,528,20,,OP3,OPPONENT_POOL,train,map_a_open,-1,0,SCRIPTED:OP6,5,1,2,1,1,240,0.47999998927116394,1,0,0,38,0,0,0,0,0,0,0,0,0,0,0,0,0,0,0,0,45.0,8.74769287109375,1.0,0.0,0.010753393173217773,0.04999999701976776,0.0,0.0,-0.004000000189989805,0.24754616618156433,map_a,map_a_open,RULESET_V3_M1_OWN_FLAG_HOME,73b77ac3a0efb2c33a4498544c96bb702a656cbbfe17af18ec859c6d6b4c2142,True
336,sappo_pi_A_specialist_1p5M_seed7100001,48532,1081952,528,38,,OP3,OPPONENT_POOL,train,map_a_open,-1,0,SCRIPTED:OP6,5,0,0,0,0,240,0.47999998927116394,1,0,0,15,0,0,0,0,0,0,0,0,0,0,0,0,0,0,0,0,,12.37627461751302,-0.5,0.0,0.0006222277879714966,0.04999999701976776,0.0,0.0,0.0,-0.12123683094978333,map_a,map_a_open,RULESET_V3_M1_OWN_FLAG_HOME,73b77ac3a0efb2c33a4498544c96bb702a656cbbfe17af18ec859c6d6b4c2142,True
337,sappo_pi_A_specialist_1p5M_seed7100001,48532,1082112,528,48,,OP3,OPPONENT_POOL,train,map_a_open,-1,0,SCRIPTED:OP6,5,1,1,0,1,240,0.5600000023841858,1,0,0,49,0,0,0,0,0,0,0,0,0,0,0,0,0,0,0,0,43.0,10.313695271809896,1.0,0.0,0.0014350712299346924,0.04999999701976776,0.0,0.0,0.0,0.2479381263256073,map_a,map_a_open,RULESET_V3_M1_OWN_FLAG_HOME,73b77ac3a0efb2c33a4498544c96bb702a656cbbfe17af18ec859c6d6b4c2142,True
338,sappo_pi_A_specialist_1p5M_seed7100001,48532,1082112,528,48,,OP3,OPPONENT_POOL,train,map_a_open,-1,0,SCRIPTED:OP6,5,0,0,0,0,240,0.3999999761581421,0,1,0,14,0,0,0,0,0,0,0,0,0,0,0,0,0,0,0,0,,13.080245971679688,-0.5,0.0,0.006954506039619446,0.04999999701976776,0.0,0.0,0.0,-0.12084686011075974,map_a,map_a_open,RULESET_V3_M1_OWN_FLAG_HOME,73b77ac3a0efb2c33a4498544c96bb702a656cbbfe17af18ec859c6d6b4c2142,True
339,sappo_pi_A_specialist_1p5M_seed7100001,48532,1082176,528,52,,OP3,OPPONENT_POOL,train,map_a_open,-1,0,SCRIPTED:OP6,5,1,3,1,2,232,0.4399999976158142,1,0,0,137,0,0,0,0,0,0,0,0,0,0,0,0,0,0,0,0,81.0,4.213249732708109,1.0,0.5,-0.010131895542144775,0.0,1.0,100.0,-0.004000000189989805,0.5534678101539612,map_a,map_a_open,RULESET_V3_M1_OWN_FLAG_HOME,73b77ac3a0efb2c33a4498544c96bb702a656cbbfe17af18ec859c6d6b4c2142,True
340,sappo_pi_A_specialist_1p5M_seed7100001,48532,1082400,528,66,,OP3,OPPONENT_POOL,train,map_a_open,-1,0,SCRIPTED:OP6,5,0,0,0,0,240,0.6800000071525574,1,0,0,42,0,0,0,0,0,0,0,0,0,0,0,0,0,0,0,0,,10.454910278320312,-0.5,0.0,0.020111650228500366,0.04999999701976776,0.0,0.0,0.0,-0.12003646790981293,map_a,map_a_open,RULESET_V3_M1_OWN_FLAG_HOME,73b77ac3a0efb2c33a4498544c96bb702a656cbbfe17af18ec859c6d6b4c2142,True
341,sappo_pi_A_specialist_1p5M_seed7100001,48532,1082816,528,92,,OP3,OPPONENT_POOL,train,map_a_open,-1,0,SCRIPTED:OP6,5,0,0,0,0,240,0.3999999761581421,1,0,0,21,0,0,0,0,0,0,0,0,0,0,0,0,0,0,0,0,,12.028990681966146,-0.5,0.0,-0.006101325154304504,0.04999999701976776,0.0,0.0,0.0,-0.12165085226297379,map_a,map_a_open,RULESET_V3_M1_OWN_FLAG_HOME,73b77ac3a0efb2c33a4498544c96bb702a656cbbfe17af18ec859c6d6b4c2142,True
342,sappo_pi_A_specialist_1p5M_seed7100001,48532,1083184,528,115,,OP3,OPPONENT_POOL,train,map_a_open,-1,0,SCRIPTED:OP6,5,1,2,1,1,240,0.35999998450279236,0,1,0,52,0,0,0,0,0,0,0,0,0,0,0,0,0,0,0,0,54.0,7.937662760416667,1.0,0.0,-0.023644283413887024,0.04999999701976776,0.0,0.0,-0.004000000189989805,0.24552695453166962,map_a,map_a_open,RULESET_V3_M1_OWN_FLAG_HOME,73b77ac3a0efb2c33a4498544c96bb702a656cbbfe17af18ec859c6d6b4c2142,True
343,sappo_pi_A_specialist_1p5M_seed7100001,48532,1083296,528,122,,OP3,OPPONENT_POOL,train,map_a_open,-1,0,SCRIPTED:OP6,5,1,2,1,1,240,0.5199999809265137,1,0,0,107,0,0,0,0,0,0,0,0,0,0,0,0,0,0,0,0,118.0,5.692962646484375,1.0,0.0,0.004703059792518616,0.04999501630663872,0.0,0.0,0.0,0.24812951683998108,map_a,map_a_open,RULESET_V3_M1_OWN_FLAG_HOME,73b77ac3a0efb2c33a4498544c96bb702a656cbbfe17af18ec859c6d6b4c2142,True
344,sappo_pi_A_specialist_1p5M_seed7100001,48532,1083536,529,9,,OP3,OPPONENT_POOL,train,map_a_open,-1,0,SCRIPTED:OP6,5,1,2,1,1,240,0.5600000023841858,1,0,0,54,0,0,0,0,0,0,0,0,0,0,0,0,0,0,0,0,59.0,6.785071309407552,1.0,0.0,0.0048824697732925415,0.04999999701976776,0.0,0.0,0.0,0.2481403350830078,map_a,map_a_open,RULESET_V3_M1_OWN_FLAG_HOME,73b77ac3a0efb2c33a4498544c96bb702a656cbbfe17af18ec859c6d6b4c2142,True
345,sappo_pi_A_specialist_1p5M_seed7100001,48532,1084176,529,49,,OP3,OPPONENT_POOL,train,map_a_open,-1,0,SCRIPTED:OP6,5,0,0,0,0,240,0.5199999809265137,0,1,0,41,0,0,0,0,0,0,0,0,0,0,0,0,0,0,0,0,,11.07659200032552,-0.5,0.0,-0.011557966470718384,0.04999999701976776,0.0,0.0,0.0,-0.12198683619499207,map_a,map_a_open,RULESET_V3_M1_OWN_FLAG_HOME,73b77ac3a0efb2c33a4498544c96bb702a656cbbfe17af18ec859c6d6b4c2142,True
346,sappo_pi_A_specialist_1p5M_seed7100001,48532,1084256,529,54,,OP3,OPPONENT_POOL,train,map_a_open,-1,0,SCRIPTED:OP6,5,0,0,0,0,240,0.4399999976158142,1,0,0,15,0,0,0,0,0,0,0,0,0,0,0,0,0,0,0,0,,12.654933675130208,-0.5,0.0,0.011239945888519287,0.04999999701976776,0.0,0.0,-0.004000000189989805,-0.12156826257705688,map_a,map_a_open,RULESET_V3_M1_OWN_FLAG_HOME,73b77ac3a0efb2c33a4498544c96bb702a656cbbfe17af18ec859c6d6b4c2142,True
347,sappo_pi_A_specialist_1p5M_seed7100001,48532,1084272,529,55,,OP3,OPPONENT_POOL,train,map_a_open,-1,0,SCRIPTED:OP6,5,0,0,0,0,240,0.3999999761581421,0,1,0,67,0,0,0,0,0,0,0,0,0,0,0,0,0,0,0,0,,11.50220438639323,-0.5,0.0,0.009048029780387878,0.04999999701976776,0.0,0.0,-0.004000000189989805,-0.12170322984457016,map_a,map_a_open,RULESET_V3_M1_OWN_FLAG_HOME,73b77ac3a0efb2c33a4498544c96bb702a656cbbfe17af18ec859c6d6b4c2142,True
348,sappo_pi_A_specialist_1p5M_seed7100001,48532,1084704,529,82,,OP3,OPPONENT_POOL,train,map_a_open,-1,0,SCRIPTED:OP6,5,1,3,0,3,172,0.3999999761581421,0,3,0,86,0,0,0,0,0,0,0,0,0,0,0,0,0,0,0,0,59.0,3.6555495151253634,1.0,0.5,-0.007469877600669861,0.0,1.0,100.0,0.0,0.5542764663696289,map_a,map_a_open,RULESET_V3_M1_OWN_FLAG_HOME,73b77ac3a0efb2c33a4498544c96bb702a656cbbfe17af18ec859c6d6b4c2142,True
349,sappo_pi_A_specialist_1p5M_seed7100001,48532,1084736,529,84,,OP3,OPPONENT_POOL,train,map_a_open,-1,0,SCRIPTED:OP6,5,1,1,0,1,240,0.35999998450279236,1,0,0,33,0,0,0,0,0,0,0,0,0,0,0,0,0,0,0,0,51.0,10.900320434570313,1.0,0.0,0.007967278361320496,0.04999999701976776,0.0,0.0,0.0,0.24832125008106232,map_a,map_a_open,RULESET_V3_M1_OWN_FLAG_HOME,73b77ac3a0efb2c33a4498544c96bb702a656cbbfe17af18ec859c6d6b4c2142,True
350,sappo_pi_A_specialist_1p5M_seed7100001,48532,1084928,529,96,,OP3,OPPONENT_POOL,train,map_a_open,-1,0,SCRIPTED:OP6,5,1,1,0,1,240,0.5600000023841858,0,2,0,32,0,0,0,0,0,0,0,0,0,0,0,0,0,0,0,0,53.0,10.838592529296875,1.0,0.0,-0.0036674439907073975,0.04999954253435135,0.0,0.0,0.0,0.2476387619972229,map_a,map_a_open,RULESET_V3_M1_OWN_FLAG_HOME,73b77ac3a0efb2c33a4498544c96bb702a656cbbfe17af18ec859c6d6b4c2142,True
351,sappo_pi_A_specialist_1p5M_seed7100001,48532,1085136,529,109,,OP3,OPPONENT_POOL,train,map_a_open,-1,0,SCRIPTED:OP6,5,1,1,0,1,240,0.47999998927116394,1,0,0,33,0,0,0,0,0,0,0,0,0,0,0,0,0,0,0,0,36.0,11.530869547526041,1.0,0.0,-0.01272594928741455,0.04999999701976776,0.0,0.0,-0.004000000189989805,0.2461681216955185,map_a,map_a_open,RULESET_V3_M1_OWN_FLAG_HOME,73b77ac3a0efb2c33a4498544c96bb702a656cbbfe17af18ec859c6d6b4c2142,True
352,sappo_pi_A_specialist_1p5M_seed7100001,48532,1085504,530,4,,OP3,OPPONENT_POOL,train,map_a_open,-1,0,SCRIPTED:OP6,5,0,0,0,0,240,0.4399999976158142,1,0,0,19,0,0,0,0,0,0,0,0,0,0,0,0,0,0,0,0,,11.733754475911459,-0.5,0.0,-0.012296587228775024,0.04999999701976776,0.0,0.0,-0.004000000189989805,-0.12301729619503021,map_a,map_a_open,RULESET_V3_M1_OWN_FLAG_HOME,73b77ac3a0efb2c33a4498544c96bb702a656cbbfe17af18ec859c6d6b4c2142,True
353,sappo_pi_A_specialist_1p5M_seed7100001,48532,1085952,530,32,,OP3,OPPONENT_POOL,train,map_a_open,-1,0,SCRIPTED:OP6,5,0,0,0,0,240,0.47999998927116394,1,0,0,19,0,0,0,0,0,0,0,0,0,0,0,0,0,0,0,0,,12.38175557454427,-0.5,0.0,-0.0012830644845962524,0.04999999701976776,0.0,0.0,0.0,-0.12135416269302368,map_a,map_a_open,RULESET_V3_M1_OWN_FLAG_HOME,73b77ac3a0efb2c33a4498544c96bb702a656cbbfe17af18ec859c6d6b4c2142,True
354,sappo_pi_A_specialist_1p5M_seed7100001,48532,1085952,530,32,,OP3,OPPONENT_POOL,train,map_a_open,-1,0,SCRIPTED:OP6,5,0,0,0,0,240,0.5199999809265137,1,0,0,9,0,0,0,0,0,0,0,0,0,0,0,0,0,0,0,0,,12.895293172200521,-0.5,0.0,-0.008755162358283997,0.04999999701976776,0.0,0.0,-0.00800000037997961,-0.12378410249948502,map_a,map_a_open,RULESET_V3_M1_OWN_FLAG_HOME,73b77ac3a0efb2c33a4498544c96bb702a656cbbfe17af18ec859c6d6b4c2142,True
355,sappo_pi_A_specialist_1p5M_seed7100001,48532,1086016,530,36,,OP3,OPPONENT_POOL,train,map_a_open,-1,0,SCRIPTED:OP6,5,1,1,0,1,240,0.5600000023841858,0,1,0,22,0,0,0,0,0,0,0,0,0,0,0,0,0,0,0,0,54.0,11.353511555989583,1.0,0.0,-0.02117837965488434,0.04999999701976776,0.0,0.0,-0.004000000189989805,0.24567179381847382,map_a,map_a_open,RULESET_V3_M1_OWN_FLAG_HOME,73b77ac3a0efb2c33a4498544c96bb702a656cbbfe17af18ec859c6d6b4c2142,True
356,sappo_pi_A_specialist_1p5M_seed7100001,48532,1086240,530,50,,OP3,OPPONENT_POOL,train,map_a_open,-1,0,SCRIPTED:OP6,5,1,1,0,1,240,0.5999999642372131,1,0,0,85,0,0,0,0,0,0,0,0,0,0,0,0,0,0,0,0,71.0,8.677989705403645,1.0,0.0,-0.008287608623504639,0.04999999701976776,0.0,0.0,-0.004000000189989805,0.2464286983013153,map_a,map_a_open,RULESET_V3_M1_OWN_FLAG_HOME,73b77ac3a0efb2c33a4498544c96bb702a656cbbfe17af18ec859c6d6b4c2142,True
357,sappo_pi_A_specialist_1p5M_seed7100001,48532,1086656,530,76,,OP3,OPPONENT_POOL,train,map_a_open,-1,0,SCRIPTED:OP6,5,1,1,0,1,240,0.47999998927116394,0,1,0,25,0,0,0,0,0,0,0,0,0,0,0,0,0,0,0,0,32.0,12.152454630533855,1.0,0.0,-0.011493608355522156,0.04999999701976776,0.0,0.0,-0.004000000189989805,0.24624046683311462,map_a,map_a_open,RULESET_V3_M1_OWN_FLAG_HOME,73b77ac3a0efb2c33a4498544c96bb702a656cbbfe17af18ec859c6d6b4c2142,True
358,sappo_pi_A_specialist_1p5M_seed7100001,48532,1086768,530,83,,OP3,OPPONENT_POOL,train,map_a_open,-1,0,SCRIPTED:OP6,5,1,3,2,1,202,0.6399999856948853,1,0,0,69,0,0,0,0,0,0,0,0,0,0,0,0,0,0,0,0,60.0,5.713760224899443,1.0,0.5,-0.010154888033866882,0.0,1.0,100.0,0.0,0.5541601181030273,map_a,map_a_open,RULESET_V3_M1_OWN_FLAG_HOME,73b77ac3a0efb2c33a4498544c96bb702a656cbbfe17af18ec859c6d6b4c2142,True
359,sappo_pi_A_specialist_1p5M_seed7100001,48532,1086816,530,86,,OP3,OPPONENT_POOL,train,map_a_open,-1,0,SCRIPTED:OP6,5,1,3,0,3,227,0.3999999761581421,0,2,0,116,0,0,0,0,0,0,0,0,0,0,0,0,0,0,0,0,47.0,3.6287180358617843,1.0,0.5,-0.005896851420402527,0.0,1.0,100.0,0.0,0.5543444752693176,map_a,map_a_open,RULESET_V3_M1_OWN_FLAG_HOME,73b77ac3a0efb2c33a4498544c96bb702a656cbbfe17af18ec859c6d6b4c2142,True
360,sappo_pi_A_specialist_1p5M_seed7100001,48532,1087136,530,106,,OP3,OPPONENT_POOL,train,map_a_open,-1,0,SCRIPTED:OP6,5,0,0,0,0,240,0.47999998927116394,0,1,0,78,0,0,0,0,0,0,0,0,0,0,0,0,0,0,0,0,,10.285110473632812,-0.5,0.0,-0.009173110127449036,0.04999999701976776,0.0,0.0,0.0,-0.1218399927020073,map_a,map_a_open,RULESET_V3_M1_OWN_FLAG_HOME,73b77ac3a0efb2c33a4498544c96bb702a656cbbfe17af18ec859c6d6b4c2142,True
361,sappo_pi_A_specialist_1p5M_seed7100001,48532,1087616,531,8,,OP3,OPPONENT_POOL,train,map_a_open,-1,0,SCRIPTED:OP6,5,1,3,0,3,132,0.3999999761581421,1,0,0,63,0,0,0,0,0,0,0,0,0,0,0,0,0,0,0,0,41.0,5.055469397342566,1.0,0.5,-0.010618671774864197,0.0,1.0,100.0,-0.004000000189989805,0.5534466505050659,map_a,map_a_open,RULESET_V3_M1_OWN_FLAG_HOME,73b77ac3a0efb2c33a4498544c96bb702a656cbbfe17af18ec859c6d6b4c2142,True
362,sappo_pi_A_specialist_1p5M_seed7100001,48532,1088016,531,33,,OP3,OPPONENT_POOL,train,map_a_open,-1,0,SCRIPTED:OP6,5,1,1,0,1,240,0.3999999761581421,1,0,0,31,0,0,0,0,0,0,0,0,0,0,0,0,0,0,0,0,47.0,11.976815795898437,1.0,0.0,0.019162937998771667,0.04999999701976776,0.0,0.0,0.0,0.24897770583629608,map_a,map_a_open,RULESET_V3_M1_OWN_FLAG_HOME,73b77ac3a0efb2c33a4498544c96bb702a656cbbfe17af18ec859c6d6b4c2142,True
363,sappo_pi_A_specialist_1p5M_seed7100001,48532,1088096,531,38,,OP3,OPPONENT_POOL,train,map_a_open,-1,0,SCRIPTED:OP6,5,0,1,1,0,240,0.6399999856948853,1,0,0,14,0,0,0,0,0,0,0,0,0,0,0,0,0,0,0,0,49.0,10.818941243489583,-0.5,0.0,-0.0021009743213653564,0.04999999701976776,0.0,0.0,0.0,-0.12140452116727829,map_a,map_a_open,RULESET_V3_M1_OWN_FLAG_HOME,73b77ac3a0efb2c33a4498544c96bb702a656cbbfe17af18ec859c6d6b4c2142,True
364,sappo_pi_A_specialist_1p5M_seed7100001,48532,1088112,531,39,,OP3,OPPONENT_POOL,train,map_a_open,-1,0,SCRIPTED:OP6,5,1,1,0,1,240,0.5199999809265137,1,0,0,42,0,0,0,0,0,0,0,0,0,0,0,0,0,0,0,0,47.0,10.096814982096355,1.0,0.0,0.012894287705421448,0.04999999701976776,0.0,0.0,-0.004000000189989805,0.24767173826694489,map_a,map_a_open,RULESET_V3_M1_OWN_FLAG_HOME,73b77ac3a0efb2c33a4498544c96bb702a656cbbfe17af18ec859c6d6b4c2142,True
365,sappo_pi_A_specialist_1p5M_seed7100001,48532,1088544,531,66,,OP3,OPPONENT_POOL,train,map_a_open,-1,0,SCRIPTED:OP6,5,1,1,0,1,240,0.5199999809265137,1,0,0,42,0,0,0,0,0,0,0,0,0,0,0,0,0,0,0,0,44.0,11.051085408528646,1.0,0.0,-0.003093734383583069,0.04999999701976776,0.0,0.0,-0.004000000189989805,0.24673356115818024,map_a,map_a_open,RULESET_V3_M1_OWN_FLAG_HOME,73b77ac3a0efb2c33a4498544c96bb702a656cbbfe17af18ec859c6d6b4c2142,True
366,sappo_pi_A_specialist_1p5M_seed7100001,48532,1088576,531,68,,OP3,OPPONENT_POOL,train,map_a_open,-1,0,SCRIPTED:OP6,5,0,0,1,-1,240,0.35999998450279236,1,0,0,12,0,0,0,0,0,0,0,0,0,0,0,0,0,0,0,0,55.0,11.747352091471354,-1.0,0.0,0.015723958611488342,0.04999999701976776,0.0,0.0,0.0,-0.24105344712734222,map_a,map_a_open,RULESET_V3_M1_OWN_FLAG_HOME,73b77ac3a0efb2c33a4498544c96bb702a656cbbfe17af18ec859c6d6b4c2142,True
367,sappo_pi_A_specialist_1p5M_seed7100001,48532,1088768,531,80,,OP3,OPPONENT_POOL,train,map_a_open,-1,0,SCRIPTED:OP6,5,1,1,0,1,240,0.35999998450279236,0,1,0,23,0,0,0,0,0,0,0,0,0,0,0,0,0,0,0,0,45.0,11.323987833658855,1.0,0.0,-0.0037945955991744995,0.04999999701976776,0.0,0.0,-0.00800000037997961,0.24575304985046387,map_a,map_a_open,RULESET_V3_M1_OWN_FLAG_HOME,73b77ac3a0efb2c33a4498544c96bb702a656cbbfe17af18ec859c6d6b4c2142,True
368,sappo_pi_A_specialist_1p5M_seed7100001,48532,1088976,531,93,,OP3,OPPONENT_POOL,train,map_a_open,-1,0,SCRIPTED:OP6,5,1,1,0,1,240,0.3999999761581421,1,0,0,52,0,0,0,0,0,0,0,0,0,0,0,0,0,0,0,0,44.0,10.8684814453125,1.0,0.0,-0.004949405789375305,0.04999999701976776,0.0,0.0,0.0,0.24756358563899994,map_a,map_a_open,RULESET_V3_M1_OWN_FLAG_HOME,73b77ac3a0efb2c33a4498544c96bb702a656cbbfe17af18ec859c6d6b4c2142,True
369,sappo_pi_A_specialist_1p5M_seed7100001,48532,1089792,532,16,,OP3,OPPONENT_POOL,train,map_a_open,-1,0,SCRIPTED:OP6,5,1,2,1,1,240,0.5199999809265137,1,0,0,64,0,0,0,0,0,0,0,0,0,0,0,0,0,0,0,0,46.0,8.25475362141927,1.0,0.0,-0.011301711201667786,0.04999999701976776,0.0,0.0,-0.004000000189989805,0.24625174701213837,map_a,map_a_open,RULESET_V3_M1_OWN_FLAG_HOME,73b77ac3a0efb2c33a4498544c96bb702a656cbbfe17af18ec859c6d6b4c2142,True
370,sappo_pi_A_specialist_1p5M_seed7100001,48532,1089792,532,16,,OP3,OPPONENT_POOL,train,map_a_open,-1,0,SCRIPTED:OP6,5,1,1,0,1,240,0.35999998450279236,1,0,0,25,0,0,0,0,0,0,0,0,0,0,0,0,0,0,0,0,42.0,11.04359639485677,1.0,0.0,0.0013080388307571411,0.04999999701976776,0.0,0.0,-0.004000000189989805,0.24699190258979797,map_a,map_a_open,RULESET_V3_M1_OWN_FLAG_HOME,73b77ac3a0efb2c33a4498544c96bb702a656cbbfe17af18ec859c6d6b4c2142,True
371,sappo_pi_A_specialist_1p5M_seed7100001,48532,1089856,532,20,,OP3,OPPONENT_POOL,train,map_a_open,-1,0,SCRIPTED:OP6,5,0,1,1,0,240,0.47999998927116394,1,0,0,18,0,0,0,0,0,0,0,0,0,0,0,0,0,0,0,0,30.0,11.608749389648438,-0.5,0.0,0.007815778255462646,0.04999999701976776,0.0,0.0,0.0,-0.12079381197690964,map_a,map_a_open,RULESET_V3_M1_OWN_FLAG_HOME,73b77ac3a0efb2c33a4498544c96bb702a656cbbfe17af18ec859c6d6b4c2142,True
372,sappo_pi_A_specialist_1p5M_seed7100001,48532,1089936,532,25,,OP3,OPPONENT_POOL,train,map_a_open,-1,0,SCRIPTED:OP6,5,1,3,0,3,231,0.5199999809265137,0,3,0,146,0,0,0,0,0,0,0,0,0,0,0,0,0,0,0,0,53.0,3.847012606534091,1.0,0.5,0.0084267258644104,0.0,1.0,100.0,-0.004000000189989805,0.554271936416626,map_a,map_a_open,RULESET_V3_M1_OWN_FLAG_HOME,73b77ac3a0efb2c33a4498544c96bb702a656cbbfe17af18ec859c6d6b4c2142,True
373,sappo_pi_A_specialist_1p5M_seed7100001,48532,1090496,532,60,,OP3,OPPONENT_POOL,train,map_a_open,-1,0,SCRIPTED:OP6,5,1,2,0,2,240,0.4399999976158142,0,3,0,92,0,0,0,0,0,0,0,0,0,0,0,0,0,0,0,0,48.0,7.709123229980468,1.0,0.0,-0.0026709139347076416,0.04999999701976776,0.0,0.0,-0.004000000189989805,0.2467583864927292,map_a,map_a_open,RULESET_V3_M1_OWN_FLAG_HOME,73b77ac3a0efb2c33a4498544c96bb702a656cbbfe17af18ec859c6d6b4c2142,True
374,sappo_pi_A_specialist_1p5M_seed7100001,48532,1090608,532,67,,OP3,OPPONENT_POOL,train,map_a_open,-1,0,SCRIPTED:OP6,5,0,0,0,0,240,0.5600000023841858,1,0,0,33,0,0,0,0,0,0,0,0,0,0,0,0,0,0,0,0,,12.679555257161459,-0.5,0.0,-0.020557507872581482,0.04999999701976776,0.0,0.0,-0.004000000189989805,-0.12352575361728668,map_a,map_a_open,RULESET_V3_M1_OWN_FLAG_HOME,73b77ac3a0efb2c33a4498544c96bb702a656cbbfe17af18ec859c6d6b4c2142,True
375,sappo_pi_A_specialist_1p5M_seed7100001,48532,1090656,532,70,,OP3,OPPONENT_POOL,train,map_a_open,-1,0,SCRIPTED:OP6,5,1,1,0,1,240,0.47999998927116394,1,0,0,53,0,0,0,0,0,0,0,0,0,0,0,0,0,0,0,0,83.0,10.428766886393229,1.0,0.0,-0.006395027041435242,0.04999999701976776,0.0,0.0,-0.004000000189989805,0.24653978645801544,map_a,map_a_open,RULESET_V3_M1_OWN_FLAG_HOME,73b77ac3a0efb2c33a4498544c96bb702a656cbbfe17af18ec859c6d6b4c2142,True
376,sappo_pi_A_specialist_1p5M_seed7100001,48532,1090976,532,90,,OP3,OPPONENT_POOL,train,map_a_open,-1,0,SCRIPTED:OP6,5,1,1,0,1,240,0.3999999761581421,0,1,0,170,0,0,0,0,0,0,0,0,0,0,0,0,0,0,0,0,191.0,4.608916727701823,1.0,0.0,0.006943643093109131,0.04999999701976776,0.0,0.0,-0.004000000189989805,0.24732261896133423,map_a,map_a_open,RULESET_V3_M1_OWN_FLAG_HOME,73b77ac3a0efb2c33a4498544c96bb702a656cbbfe17af18ec859c6d6b4c2142,True
377,sappo_pi_A_specialist_1p5M_seed7100001,48532,1091456,532,120,,OP3,OPPONENT_POOL,train,map_a_open,-1,0,SCRIPTED:OP6,5,0,0,0,0,240,0.47999998927116394,0,1,0,12,0,0,0,0,0,0,0,0,0,0,0,0,0,0,0,0,,12.822163899739584,-0.5,0.0,-0.026796579360961914,0.04999999701976776,0.0,0.0,0.0,-0.12292496860027313,map_a,map_a_open,RULESET_V3_M1_OWN_FLAG_HOME,73b77ac3a0efb2c33a4498544c96bb702a656cbbfe17af18ec859c6d6b4c2142,True
378,sappo_pi_A_specialist_1p5M_seed7100001,48532,1091856,533,17,,OP3,OPPONENT_POOL,train,map_a_open,-1,0,SCRIPTED:OP6,5,1,2,0,2,240,0.35999998450279236,1,0,0,43,0,0,0,0,0,0,0,0,0,0,0,0,0,0,0,0,35.0,10.60105489095052,1.0,0.0,-0.0006676763296127319,0.04999999701976776,0.0,0.0,-0.004000000189989805,0.24687595665454865,map_a,map_a_open,RULESET_V3_M1_OWN_FLAG_HOME,73b77ac3a0efb2c33a4498544c96bb702a656cbbfe17af18ec859c6d6b4c2142,True
379,sappo_pi_A_specialist_1p5M_seed7100001,48532,1091936,533,22,,OP3,OPPONENT_POOL,train,map_a_open,-1,0,SCRIPTED:OP6,5,1,2,0,2,240,0.5999999642372131,1,0,0,81,0,0,0,0,0,0,0,0,0,0,0,0,0,0,0,0,56.0,9.200477091471354,1.0,0.0,-0.01716354489326477,0.014999963343143463,0.0,0.0,-0.00800000037997961,0.2429104596376419,map_a,map_a_open,RULESET_V3_M1_OWN_FLAG_HOME,73b77ac3a0efb2c33a4498544c96bb702a656cbbfe17af18ec859c6d6b4c2142,True
380,sappo_pi_A_specialist_1p5M_seed7100001,48532,1091952,533,23,,OP3,OPPONENT_POOL,train,map_a_open,-1,0,SCRIPTED:OP6,5,0,0,1,-1,240,0.5600000023841858,1,0,0,28,0,0,0,0,0,0,0,0,0,0,0,0,0,0,0,0,51.0,11.659738159179687,-1.0,0.0,-0.000613972544670105,0.04999999701976776,0.0,0.0,0.0,-0.24201498925685883,map_a,map_a_open,RULESET_V3_M1_OWN_FLAG_HOME,73b77ac3a0efb2c33a4498544c96bb702a656cbbfe17af18ec859c6d6b4c2142,True
381,sappo_pi_A_specialist_1p5M_seed7100001,48532,1092384,533,50,,OP3,OPPONENT_POOL,train,map_a_open,-1,0,SCRIPTED:OP6,5,0,0,0,0,240,0.47999998927116394,1,0,0,18,0,0,0,0,0,0,0,0,0,0,0,0,0,0,0,0,,12.62233378092448,-0.5,0.0,0.012272343039512634,0.04999999701976776,0.0,0.0,0.0,-0.12051934003829956,map_a,map_a_open,RULESET_V3_M1_OWN_FLAG_HOME,73b77ac3a0efb2c33a4498544c96bb702a656cbbfe17af18ec859c6d6b4c2142,True
382,sappo_pi_A_specialist_1p5M_seed7100001,48532,1092416,533,52,,OP3,OPPONENT_POOL,train,map_a_open,-1,0,SCRIPTED:OP6,5,0,0,0,0,240,0.3199999928474426,1,0,0,4,0,0,0,0,0,0,0,0,0,0,0,0,0,0,0,0,,13.196790568033855,-0.5,0.0,0.009716063737869263,0.04999999701976776,0.0,0.0,0.0,-0.12067677825689316,map_a,map_a_open,RULESET_V3_M1_OWN_FLAG_HOME,73b77ac3a0efb2c33a4498544c96bb702a656cbbfe17af18ec859c6d6b4c2142,True
383,sappo_pi_A_specialist_1p5M_seed7100001,48532,1092608,533,64,,OP3,OPPONENT_POOL,train,map_a_open,-1,0,SCRIPTED:OP6,5,0,0,0,0,240,0.47999998927116394,1,0,0,32,0,0,0,0,0,0,0,0,0,0,0,0,0,0,0,0,,12.423179117838542,-0.5,0.0,-0.00023521482944488525,0.04999999701976776,0.0,0.0,-0.00800000037997961,-0.12325973063707352,map_a,map_a_open,RULESET_V3_M1_OWN_FLAG_HOME,73b77ac3a0efb2c33a4498544c96bb702a656cbbfe17af18ec859c6d6b4c2142,True
384,sappo_pi_A_specialist_1p5M_seed7100001,48532,1092752,533,73,,OP3,OPPONENT_POOL,train,map_a_open,-1,0,SCRIPTED:OP6,5,1,3,1,2,185,0.47999998927116394,1,0,0,112,0,0,0,0,0,0,0,0,0,0,0,0,0,0,0,0,69.0,5.0514516469594595,1.0,0.5,-0.010574698448181152,0.0,1.0,100.0,0.0,0.5541419386863708,map_a,map_a_open,RULESET_V3_M1_OWN_FLAG_HOME,73b77ac3a0efb2c33a4498544c96bb702a656cbbfe17af18ec859c6d6b4c2142,True
385,sappo_pi_A_specialist_1p5M_seed7100001,48532,1092816,533,77,,OP3,OPPONENT_POOL,train,map_a_open,-1,0,SCRIPTED:OP6,5,0,0,0,0,240,0.5600000023841858,1,0,0,53,0,0,0,0,0,0,0,0,0,0,0,0,0,0,0,0,,10.357621256510416,-0.5,0.0,-0.015367954969406128,0.04999999701976776,0.0,0.0,-0.004000000189989805,-0.12320634722709656,map_a,map_a_open,RULESET_V3_M1_OWN_FLAG_HOME,73b77ac3a0efb2c33a4498544c96bb702a656cbbfe17af18ec859c6d6b4c2142,True
386,sappo_pi_A_specialist_1p5M_seed7100001,48532,1093632,533,128,,OP3,OPPONENT_POOL,train,map_a_open,-1,0,SCRIPTED:OP6,5,0,0,0,0,240,0.5199999809265137,1,0,0,28,0,0,0,0,0,0,0,0,0,0,0,0,0,0,0,0,,11.431146240234375,-0.5,0.0,-0.01751166582107544,0.04999999701976776,0.0,0.0,-0.00800000037997961,-0.12432296574115753,map_a,map_a_open,RULESET_V3_M1_OWN_FLAG_HOME,73b77ac3a0efb2c33a4498544c96bb702a656cbbfe17af18ec859c6d6b4c2142,True
387,sappo_pi_A_specialist_1p5M_seed7100001,48532,1093696,534,4,,OP3,OPPONENT_POOL,train,map_a_open,-1,0,SCRIPTED:OP6,5,0,0,0,0,240,0.2800000011920929,0,1,0,35,0,0,0,0,0,0,0,0,0,0,0,0,0,0,0,0,,12.599753824869792,-0.5,0.0,-0.01031513512134552,0.029999984428286552,0.0,0.0,0.0,-0.12314154952764511,map_a,map_a_open,RULESET_V3_M1_OWN_FLAG_HOME,73b77ac3a0efb2c33a4498544c96bb702a656cbbfe17af18ec859c6d6b4c2142,True
388,sappo_pi_A_specialist_1p5M_seed7100001,48532,1093776,534,9,,OP3,OPPONENT_POOL,train,map_a_open,-1,0,SCRIPTED:OP6,5,1,2,0,2,240,0.5600000023841858,1,0,0,48,0,0,0,0,0,0,0,0,0,0,0,0,0,0,0,0,54.0,9.629829915364583,1.0,0.0,0.0019247233867645264,0.04999999701976776,0.0,0.0,-0.004000000189989805,0.24702811241149902,map_a,map_a_open,RULESET_V3_M1_OWN_FLAG_HOME,73b77ac3a0efb2c33a4498544c96bb702a656cbbfe17af18ec859c6d6b4c2142,True
389,sappo_pi_A_specialist_1p5M_seed7100001,48532,1093952,534,20,,OP3,OPPONENT_POOL,train,map_a_open,-1,0,SCRIPTED:OP6,5,1,3,0,3,125,0.4399999976158142,1,0,0,60,0,0,0,0,0,0,0,0,0,0,0,0,0,0,0,0,28.0,5.1302177734375,1.0,0.5,-0.010066360235214233,0.0,1.0,100.0,-0.004000000189989805,0.5534706711769104,map_a,map_a_open,RULESET_V3_M1_OWN_FLAG_HOME,73b77ac3a0efb2c33a4498544c96bb702a656cbbfe17af18ec859c6d6b4c2142,True
390,sappo_pi_A_specialist_1p5M_seed7100001,48532,1094336,534,44,,OP3,OPPONENT_POOL,train,map_a_open,-1,0,SCRIPTED:OP6,5,1,1,0,1,240,0.47999998927116394,1,0,0,54,0,0,0,0,0,0,0,0,0,0,0,0,0,0,0,0,52.0,8.904739379882812,1.0,0.0,-0.008920833468437195,0.04999994486570358,0.0,0.0,0.0,0.24733056128025055,map_a,map_a_open,RULESET_V3_M1_OWN_FLAG_HOME,73b77ac3a0efb2c33a4498544c96bb702a656cbbfe17af18ec859c6d6b4c2142,True
391,sappo_pi_A_specialist_1p5M_seed7100001,48532,1094448,534,51,,OP3,OPPONENT_POOL,train,map_a_open,-1,0,SCRIPTED:OP6,5,0,0,1,-1,240,0.5999999642372131,0,1,0,30,0,0,0,0,0,0,0,0,0,0,0,0,0,0,0,0,55.0,11.734223429361979,-1.0,0.0,-0.005134314298629761,0.04999999701976776,0.0,0.0,0.0,-0.2422809600830078,map_a,map_a_open,RULESET_V3_M1_OWN_FLAG_HOME,73b77ac3a0efb2c33a4498544c96bb702a656cbbfe17af18ec859c6d6b4c2142,True
392,sappo_pi_A_specialist_1p5M_seed7100001,48532,1094496,534,54,,OP3,OPPONENT_POOL,train,map_a_open,-1,0,SCRIPTED:OP6,5,1,1,0,1,240,0.2800000011920929,1,0,0,43,0,0,0,0,0,0,0,0,0,0,0,0,0,0,0,0,81.0,10.33082784016927,1.0,0.0,-0.004881381988525391,0.04999999701976776,0.0,0.0,-0.004000000189989805,0.24662862718105316,map_a,map_a_open,RULESET_V3_M1_OWN_FLAG_HOME,73b77ac3a0efb2c33a4498544c96bb702a656cbbfe17af18ec859c6d6b4c2142,True
393,sappo_pi_A_specialist_1p5M_seed7100001,48532,1094736,534,69,,OP3,OPPONENT_POOL,train,map_a_open,-1,0,SCRIPTED:OP6,5,1,3,0,3,175,0.5600000023841858,0,2,0,93,0,0,0,0,0,0,0,0,0,0,0,0,0,0,0,0,57.0,4.83212646484375,1.0,0.5,-0.009150952100753784,0.0,1.0,100.0,-0.004000000189989805,0.5535103678703308,map_a,map_a_open,RULESET_V3_M1_OWN_FLAG_HOME,73b77ac3a0efb2c33a4498544c96bb702a656cbbfe17af18ec859c6d6b4c2142,True
394,sappo_pi_A_specialist_1p5M_seed7100001,48532,1094816,534,74,,OP3,OPPONENT_POOL,train,map_a_open,-1,0,SCRIPTED:OP6,5,1,1,0,1,240,0.4399999976158142,0,1,0,104,0,0,0,0,0,0,0,0,0,0,0,0,0,0,0,0,70.0,8.265508524576823,1.0,0.0,0.012689322233200073,0.04999999701976776,0.0,0.0,0.0,0.2485981583595276,map_a,map_a_open,RULESET_V3_M1_OWN_FLAG_HOME,73b77ac3a0efb2c33a4498544c96bb702a656cbbfe17af18ec859c6d6b4c2142,True
395,sappo_pi_A_specialist_1p5M_seed7100001,48532,1095296,534,104,,OP3,OPPONENT_POOL,train,map_a_open,-1,0,SCRIPTED:OP6,5,0,0,0,0,240,0.4399999976158142,0,1,0,17,0,0,0,0,0,0,0,0,0,0,0,0,0,0,0,0,,12.707209269205729,-0.5,0.0,-0.006732955574989319,0.04999999701976776,0.0,0.0,-0.004000000189989805,-0.12267482280731201,map_a,map_a_open,RULESET_V3_M1_OWN_FLAG_HOME,73b77ac3a0efb2c33a4498544c96bb702a656cbbfe17af18ec859c6d6b4c2142,True
396,sappo_pi_A_specialist_1p5M_seed7100001,48532,1095696,535,1,,OP3,OPPONENT_POOL,train,map_a_open,-1,0,SCRIPTED:OP6,5,0,0,0,0,240,0.5600000023841858,1,0,0,26,0,0,0,0,0,0,0,0,0,0,0,0,0,0,0,0,,11.664951578776042,-0.5,0.0,-0.009896352887153625,0.02999960444867611,0.0,0.0,0.0,-0.12311579287052155,map_a,map_a_open,RULESET_V3_M1_OWN_FLAG_HOME,73b77ac3a0efb2c33a4498544c96bb702a656cbbfe17af18ec859c6d6b4c2142,True
397,sappo_pi_A_specialist_1p5M_seed7100001,48532,1096224,535,34,,OP3,OPPONENT_POOL,train,map_a_open,-1,0,SCRIPTED:OP6,5,1,1,0,1,240,0.5999999642372131,0,1,0,100,0,0,0,0,0,0,0,0,0,0,0,0,0,0,0,0,128.0,5.200914510091146,1.0,0.0,-0.01577608287334442,0.04999999701976776,0.0,0.0,0.0,0.24692828953266144,map_a,map_a_open,RULESET_V3_M1_OWN_FLAG_HOME,73b77ac3a0efb2c33a4498544c96bb702a656cbbfe17af18ec859c6d6b4c2142,True
398,sappo_pi_A_specialist_1p5M_seed7100001,48532,1096256,535,36,,OP3,OPPONENT_POOL,train,map_a_open,-1,0,SCRIPTED:OP6,5,0,1,1,0,240,0.4399999976158142,1,0,0,32,0,0,0,0,0,0,0,0,0,0,0,0,0,0,0,0,56.0,9.985252888997396,-0.5,0.0,-0.012252792716026306,0.04999999701976776,0.0,0.0,-0.004000000189989805,-0.12301460653543472,map_a,map_a_open,RULESET_V3_M1_OWN_FLAG_HOME,73b77ac3a0efb2c33a4498544c96bb702a656cbbfe17af18ec859c6d6b4c2142,True
399,sappo_pi_A_specialist_1p5M_seed7100001,48532,1096448,535,48,,OP3,OPPONENT_POOL,train,map_a_open,-1,0,SCRIPTED:OP6,5,1,2,0,2,240,0.4399999976158142,1,0,0,59,0,0,0,0,0,0,0,0,0,0,0,0,0,0,0,0,41.0,10.667380777994792,1.0,0.0,0.0032260268926620483,0.04999999701976776,0.0,0.0,0.0,0.24804317951202393,map_a,map_a_open,RULESET_V3_M1_OWN_FLAG_HOME,73b77ac3a0efb2c33a4498544c96bb702a656cbbfe17af18ec859c6d6b4c2142,True
400,sappo_pi_A_specialist_1p5M_seed7100001,48532,1096592,535,57,,OP3,OPPONENT_POOL,train,map_a_open,-1,0,SCRIPTED:OP6,5,1,1,0,1,240,0.5600000023841858,1,0,0,99,0,0,0,0,0,0,0,0,0,0,0,0,0,0,0,0,82.0,8.989052327473958,1.0,0.0,-0.0147428959608078,0.04999999701976776,0.0,0.0,-0.004000000189989805,0.2460496872663498,map_a,map_a_open,RULESET_V3_M1_OWN_FLAG_HOME,73b77ac3a0efb2c33a4498544c96bb702a656cbbfe17af18ec859c6d6b4c2142,True
401,sappo_pi_A_specialist_1p5M_seed7100001,48532,1096656,535,61,,OP3,OPPONENT_POOL,train,map_a_open,-1,0,SCRIPTED:OP6,5,0,0,1,-1,240,0.5199999809265137,1,0,0,50,0,0,0,0,0,0,0,0,0,0,0,0,0,0,0,0,75.0,9.975327555338541,-1.0,0.0,-0.009797438979148865,0.04999999701976776,0.0,0.0,-0.004000000189989805,-0.24349619448184967,map_a,map_a_open,RULESET_V3_M1_OWN_FLAG_HOME,73b77ac3a0efb2c33a4498544c96bb702a656cbbfe17af18ec859c6d6b4c2142,True
402,sappo_pi_A_specialist_1p5M_seed7100001,48532,1097472,535,112,,OP3,OPPONENT_POOL,train,map_a_open,-1,0,SCRIPTED:OP6,5,1,1,0,1,240,0.47999998927116394,1,0,0,108,0,0,0,0,0,0,0,0,0,0,0,0,0,0,0,0,43.0,8.18489023844401,1.0,0.0,0.012956887483596802,0.04999999701976776,0.0,0.0,0.0,0.2486138492822647,map_a,map_a_open,RULESET_V3_M1_OWN_FLAG_HOME,73b77ac3a0efb2c33a4498544c96bb702a656cbbfe17af18ec859c6d6b4c2142,True
403,sappo_pi_A_specialist_1p5M_seed7100001,48532,1097536,535,116,,OP3,OPPONENT_POOL,train,map_a_open,-1,0,SCRIPTED:OP6,5,1,2,0,2,240,0.5199999809265137,1,0,0,60,0,0,0,0,0,0,0,0,0,0,0,0,0,0,0,0,58.0,8.393772888183594,1.0,0.0,-0.006124764680862427,0.04999999701976776,0.0,0.0,0.0,0.2474946230649948,map_a,map_a_open,RULESET_V3_M1_OWN_FLAG_HOME,73b77ac3a0efb2c33a4498544c96bb702a656cbbfe17af18ec859c6d6b4c2142,True
404,sappo_pi_A_specialist_1p5M_seed7100001,48532,1097616,535,121,,OP3,OPPONENT_POOL,train,map_a_open,-1,0,SCRIPTED:OP6,5,1,2,0,2,240,0.5600000023841858,0,1,0,58,0,0,0,0,0,0,0,0,0,0,0,0,0,0,0,0,85.0,8.929386393229167,1.0,0.0,0.011766448616981506,0.04999999701976776,0.0,0.0,0.0,0.24854405224323273,map_a,map_a_open,RULESET_V3_M1_OWN_FLAG_HOME,73b77ac3a0efb2c33a4498544c96bb702a656cbbfe17af18ec859c6d6b4c2142,True
405,sappo_pi_A_specialist_1p5M_seed7100001,48532,1097792,536,4,,OP3,OPPONENT_POOL,train,map_a_open,-1,0,SCRIPTED:OP6,5,1,1,0,1,240,0.47999998927116394,0,1,0,16,0,0,0,0,0,0,0,0,0,0,0,0,0,0,0,0,48.0,12.059408569335938,1.0,0.0,-0.015379801392555237,0.04999999701976776,0.0,0.0,-0.004000000189989805,0.24601228535175323,map_a,map_a_open,RULESET_V3_M1_OWN_FLAG_HOME,73b77ac3a0efb2c33a4498544c96bb702a656cbbfe17af18ec859c6d6b4c2142,True
406,sappo_pi_A_specialist_1p5M_seed7100001,48532,1098176,536,28,,OP3,OPPONENT_POOL,train,map_a_open,-1,0,SCRIPTED:OP6,5,0,0,0,0,240,0.3999999761581421,0,1,0,16,0,0,0,0,0,0,0,0,0,0,0,0,0,0,0,0,,13.085752360026042,-0.5,0.0,-0.01612989604473114,0.04999999701976776,0.0,0.0,0.0,-0.12226831912994385,map_a,map_a_open,RULESET_V3_M1_OWN_FLAG_HOME,73b77ac3a0efb2c33a4498544c96bb702a656cbbfe17af18ec859c6d6b4c2142,True
407,sappo_pi_A_specialist_1p5M_seed7100001,48532,1098288,536,35,,OP3,OPPONENT_POOL,train,map_a_open,-1,0,SCRIPTED:OP6,5,0,0,0,0,240,0.3999999761581421,1,0,0,18,0,0,0,0,0,0,0,0,0,0,0,0,0,0,0,0,,12.588804117838542,-0.5,0.0,-0.001436471939086914,0.04999999701976776,0.0,0.0,0.0,-0.12136361002922058,map_a,map_a_open,RULESET_V3_M1_OWN_FLAG_HOME,73b77ac3a0efb2c33a4498544c96bb702a656cbbfe17af18ec859c6d6b4c2142,True
408,sappo_pi_A_specialist_1p5M_seed7100001,48532,1098336,536,38,,OP3,OPPONENT_POOL,train,map_a_open,-1,0,SCRIPTED:OP6,5,1,2,0,2,240,0.47999998927116394,1,0,0,116,0,0,0,0,0,0,0,0,0,0,0,0,0,0,0,0,47.0,6.337013753255208,1.0,0.0,-0.003083527088165283,0.04999999701976776,0.0,0.0,0.0,0.24767304956912994,map_a,map_a_open,RULESET_V3_M1_OWN_FLAG_HOME,73b77ac3a0efb2c33a4498544c96bb702a656cbbfe17af18ec859c6d6b4c2142,True
409,sappo_pi_A_specialist_1p5M_seed7100001,48532,1098576,536,53,,OP3,OPPONENT_POOL,train,map_a_open,-1,0,SCRIPTED:OP6,5,1,1,0,1,240,0.47999998927116394,1,0,0,88,0,0,0,0,0,0,0,0,0,0,0,0,0,0,0,0,45.0,8.218895975748698,1.0,0.0,-0.016276344656944275,0.04999999701976776,0.0,0.0,-0.004000000189989805,0.24595965445041656,map_a,map_a_open,RULESET_V3_M1_OWN_FLAG_HOME,73b77ac3a0efb2c33a4498544c96bb702a656cbbfe17af18ec859c6d6b4c2142,True
410,sappo_pi_A_specialist_1p5M_seed7100001,48532,1098656,536,58,,OP3,OPPONENT_POOL,train,map_a_open,-1,0,SCRIPTED:OP6,5,0,0,0,0,240,0.5199999809265137,1,0,0,5,0,0,0,0,0,0,0,0,0,0,0,0,0,0,0,0,,13.17728271484375,-0.5,0.0,0.0018844753503799438,0.04999999701976776,0.0,0.0,0.0,-0.12115909904241562,map_a,map_a_open,RULESET_V3_M1_OWN_FLAG_HOME,73b77ac3a0efb2c33a4498544c96bb702a656cbbfe17af18ec859c6d6b4c2142,True
411,sappo_pi_A_specialist_1p5M_seed7100001,48532,1098720,536,62,,OP3,OPPONENT_POOL,train,map_a_open,-1,0,SCRIPTED:OP6,5,1,3,0,3,142,0.35999998450279236,1,0,0,41,0,0,0,0,0,0,0,0,0,0,0,0,0,0,0,0,35.0,4.821638510260783,1.0,0.5,-0.007982686161994934,0.0,1.0,100.0,0.0,0.5542541742324829,map_a,map_a_open,RULESET_V3_M1_OWN_FLAG_HOME,73b77ac3a0efb2c33a4498544c96bb702a656cbbfe17af18ec859c6d6b4c2142,True
412,sappo_pi_A_specialist_1p5M_seed7100001,48532,1099136,536,88,,OP3,OPPONENT_POOL,train,map_a_open,-1,0,SCRIPTED:OP6,5,0,0,0,0,240,0.5600000023841858,0,1,0,17,0,0,0,0,0,0,0,0,0,0,0,0,0,0,0,0,,13.175229899088542,-0.5,0.0,-0.001050904393196106,0.04999999701976776,0.0,0.0,0.0,-0.12133985757827759,map_a,map_a_open,RULESET_V3_M1_OWN_FLAG_HOME,73b77ac3a0efb2c33a4498544c96bb702a656cbbfe17af18ec859c6d6b4c2142,True
413,sappo_pi_A_specialist_1p5M_seed7100001,48532,1099536,536,113,,OP3,OPPONENT_POOL,train,map_a_open,-1,0,SCRIPTED:OP6,5,1,1,0,1,240,0.4399999976158142,1,0,0,18,0,0,0,0,0,0,0,0,0,0,0,0,0,0,0,0,46.0,11.24522196451823,1.0,0.0,0.005307137966156006,0.04999999701976776,0.0,0.0,0.0,0.24816522002220154,map_a,map_a_open,RULESET_V3_M1_OWN_FLAG_HOME,73b77ac3a0efb2c33a4498544c96bb702a656cbbfe17af18ec859c6d6b4c2142,True
414,sappo_pi_A_specialist_1p5M_seed7100001,48532,1100064,537,18,,OP3,OPPONENT_POOL,train,map_a_open,-1,0,SCRIPTED:OP6,5,0,0,0,0,240,0.4399999976158142,1,0,0,15,0,0,0,0,0,0,0,0,0,0,0,0,0,0,0,0,,13.376025390625,-0.5,0.0,0.0045777857303619385,0.04999999701976776,0.0,0.0,-0.004000000189989805,-0.12197847664356232,map_a,map_a_open,RULESET_V3_M1_OWN_FLAG_HOME,73b77ac3a0efb2c33a4498544c96bb702a656cbbfe17af18ec859c6d6b4c2142,True
415,sappo_pi_A_specialist_1p5M_seed7100001,48532,1100096,537,20,,OP3,OPPONENT_POOL,train,map_a_open,-1,0,SCRIPTED:OP6,5,0,1,1,0,240,0.3999999761581421,1,0,0,13,0,0,0,0,0,0,0,0,0,0,0,0,0,0,0,0,55.0,10.993994140625,-0.5,0.0,0.020974591374397278,0.04999999701976776,0.0,0.0,-0.004000000189989805,-0.12096879631280899,map_a,map_a_open,RULESET_V3_M1_OWN_FLAG_HOME,73b77ac3a0efb2c33a4498544c96bb702a656cbbfe17af18ec859c6d6b4c2142,True
416,sappo_pi_A_specialist_1p5M_seed7100001,48532,1100432,537,41,,OP3,OPPONENT_POOL,train,map_a_open,-1,0,SCRIPTED:OP6,5,1,3,1,2,134,0.5199999809265137,1,0,0,36,0,0,0,0,0,0,0,0,0,0,0,0,0,0,0,0,37.0,5.4024658203125,1.0,0.5,-0.010179981589317322,0.0,1.0,100.0,0.0,0.5541590452194214,map_a,map_a_open,RULESET_V3_M1_OWN_FLAG_HOME,73b77ac3a0efb2c33a4498544c96bb702a656cbbfe17af18ec859c6d6b4c2142,True
417,sappo_pi_A_specialist_1p5M_seed7100001,48532,1100432,537,41,,OP3,OPPONENT_POOL,train,map_a_open,-1,0,SCRIPTED:OP6,5,1,1,0,1,240,0.5199999809265137,0,1,0,30,0,0,0,0,0,0,0,0,0,0,0,0,0,0,0,0,60.0,10.323029581705729,1.0,0.0,-0.008331790566444397,0.04999999701976776,0.0,0.0,-0.004000000189989805,0.24642609059810638,map_a,map_a_open,RULESET_V3_M1_OWN_FLAG_HOME,73b77ac3a0efb2c33a4498544c96bb702a656cbbfe17af18ec859c6d6b4c2142,True
418,sappo_pi_A_specialist_1p5M_seed7100001,48532,1100496,537,45,,OP3,OPPONENT_POOL,train,map_a_open,-1,0,SCRIPTED:OP6,5,0,0,0,0,240,0.35999998450279236,0,1,0,55,0,0,0,0,0,0,0,0,0,0,0,0,0,0,0,0,,9.392276000976562,-0.5,0.0,0.001523032784461975,0.04999999701976776,0.0,0.0,0.0,-0.12118136137723923,map_a,map_a_open,RULESET_V3_M1_OWN_FLAG_HOME,73b77ac3a0efb2c33a4498544c96bb702a656cbbfe17af18ec859c6d6b4c2142,True
419,sappo_pi_A_specialist_1p5M_seed7100001,48532,1101312,537,96,,OP3,OPPONENT_POOL,train,map_a_open,-1,0,SCRIPTED:OP6,5,0,0,1,-1,240,0.6399999856948853,1,0,0,58,0,0,0,0,0,0,0,0,0,0,0,0,0,0,0,0,116.0,8.77842305501302,-1.0,0.0,-0.016712352633476257,0.04999999701976776,0.0,0.0,-0.004000000189989805,-0.24390271306037903,map_a,map_a_open,RULESET_V3_M1_OWN_FLAG_HOME,73b77ac3a0efb2c33a4498544c96bb702a656cbbfe17af18ec859c6d6b4c2142,True
420,sappo_pi_A_specialist_1p5M_seed7100001,48532,1101376,537,100,,OP3,OPPONENT_POOL,train,map_a_open,-1,0,SCRIPTED:OP6,5,0,0,0,0,240,0.3199999928474426,1,0,0,20,0,0,0,0,0,0,0,0,0,0,0,0,0,0,0,0,,12.734292602539062,-0.5,0.0,0.01715010404586792,0.04999999701976776,0.0,0.0,-0.004000000189989805,-0.12120432406663895,map_a,map_a_open,RULESET_V3_M1_OWN_FLAG_HOME,73b77ac3a0efb2c33a4498544c96bb702a656cbbfe17af18ec859c6d6b4c2142,True
421,sappo_pi_A_specialist_1p5M_seed7100001,48532,1101456,537,105,,OP3,OPPONENT_POOL,train,map_a_open,-1,0,SCRIPTED:OP6,5,0,0,0,0,240,0.3999999761581421,1,0,0,24,0,0,0,0,0,0,0,0,0,0,0,0,0,0,0,0,,12.457773844401041,-0.5,0.0,-0.009670823812484741,0.04999999701976776,0.0,0.0,-0.004000000189989805,-0.12285566329956055,map_a,map_a_open,RULESET_V3_M1_OWN_FLAG_HOME,73b77ac3a0efb2c33a4498544c96bb702a656cbbfe17af18ec859c6d6b4c2142,True
422,sappo_pi_A_specialist_1p5M_seed7100001,48532,1101632,537,116,,OP3,OPPONENT_POOL,train,map_a_open,-1,0,SCRIPTED:OP6,5,1,2,0,2,240,0.5199999809265137,1,0,0,56,0,0,0,0,0,0,0,0,0,0,0,0,0,0,0,0,47.0,9.530166625976562,1.0,0.0,0.007027089595794678,0.04999999701976776,0.0,0.0,0.0,0.2482661008834839,map_a,map_a_open,RULESET_V3_M1_OWN_FLAG_HOME,73b77ac3a0efb2c33a4498544c96bb702a656cbbfe17af18ec859c6d6b4c2142,True
423,sappo_pi_A_specialist_1p5M_seed7100001,48532,1102016,538,12,,OP3,OPPONENT_POOL,train,map_a_open,-1,0,SCRIPTED:OP6,5,1,1,0,1,240,0.5199999809265137,0,2,0,56,0,0,0,0,0,0,0,0,0,0,0,0,0,0,0,0,58.0,9.501778157552083,1.0,0.0,0.007201597094535828,0.04999999701976776,0.0,0.0,0.0,0.24827633798122406,map_a,map_a_open,RULESET_V3_M1_OWN_FLAG_HOME,73b77ac3a0efb2c33a4498544c96bb702a656cbbfe17af18ec859c6d6b4c2142,True
424,sappo_pi_A_specialist_1p5M_seed7100001,48532,1102176,538,22,,OP3,OPPONENT_POOL,train,map_a_open,-1,0,SCRIPTED:OP6,5,1,1,0,1,240,0.3199999928474426,1,0,0,19,0,0,0,0,0,0,0,0,0,0,0,0,0,0,0,0,45.0,12.204688517252604,1.0,0.0,-0.01584532856941223,0.04999999701976776,0.0,0.0,-0.004000000189989805,0.24598495662212372,map_a,map_a_open,RULESET_V3_M1_OWN_FLAG_HOME,73b77ac3a0efb2c33a4498544c96bb702a656cbbfe17af18ec859c6d6b4c2142,True
425,sappo_pi_A_specialist_1p5M_seed7100001,48532,1102416,538,37,,OP3,OPPONENT_POOL,train,map_a_open,-1,0,SCRIPTED:OP6,5,1,1,0,1,240,0.3999999761581421,1,0,0,20,0,0,0,0,0,0,0,0,0,0,0,0,0,0,0,0,65.0,11.409649658203126,1.0,0.0,-0.0002717822790145874,0.04999999701976776,0.0,0.0,-0.00800000037997961,0.24595992267131805,map_a,map_a_open,RULESET_V3_M1_OWN_FLAG_HOME,73b77ac3a0efb2c33a4498544c96bb702a656cbbfe17af18ec859c6d6b4c2142,True
426,sappo_pi_A_specialist_1p5M_seed7100001,48532,1102496,538,42,,OP3,OPPONENT_POOL,train,map_a_open,-1,0,SCRIPTED:OP6,5,1,1,0,1,240,0.47999998927116394,1,0,0,26,0,0,0,0,0,0,0,0,0,0,0,0,0,0,0,0,66.0,11.199406941731771,1.0,0.0,0.008263960480690002,0.04999999701976776,0.0,0.0,-0.004000000189989805,0.24740009009838104,map_a,map_a_open,RULESET_V3_M1_OWN_FLAG_HOME,73b77ac3a0efb2c33a4498544c96bb702a656cbbfe17af18ec859c6d6b4c2142,True
427,sappo_pi_A_specialist_1p5M_seed7100001,48532,1102560,538,46,,OP3,OPPONENT_POOL,train,map_a_open,-1,0,SCRIPTED:OP6,5,1,1,0,1,240,0.3999999761581421,0,2,0,65,0,0,0,0,0,0,0,0,0,0,0,0,0,0,0,0,82.0,8.31548817952474,1.0,0.0,-0.019428133964538574,0.04999999701976776,0.0,0.0,0.0,0.24671393632888794,map_a,map_a_open,RULESET_V3_M1_OWN_FLAG_HOME,73b77ac3a0efb2c33a4498544c96bb702a656cbbfe17af18ec859c6d6b4c2142,True
428,sappo_pi_A_specialist_1p5M_seed7100001,48532,1102976,538,72,,OP3,OPPONENT_POOL,train,map_a_open,-1,0,SCRIPTED:OP6,5,1,1,0,1,240,0.47999998927116394,1,0,0,35,0,0,0,0,0,0,0,0,0,0,0,0,0,0,0,0,70.0,10.710665893554687,1.0,0.0,-0.0027023404836654663,0.04999999701976776,0.0,0.0,-0.004000000189989805,0.24675653874874115,map_a,map_a_open,RULESET_V3_M1_OWN_FLAG_HOME,73b77ac3a0efb2c33a4498544c96bb702a656cbbfe17af18ec859c6d6b4c2142,True
429,sappo_pi_A_specialist_1p5M_seed7100001,48532,1103376,538,97,,OP3,OPPONENT_POOL,train,map_a_open,-1,0,SCRIPTED:OP6,5,1,1,0,1,240,0.5199999809265137,1,0,0,27,0,0,0,0,0,0,0,0,0,0,0,0,0,0,0,0,42.0,11.918910725911458,1.0,0.0,0.002478286623954773,0.04999999701976776,0.0,0.0,0.0,0.24799931049346924,map_a,map_a_open,RULESET_V3_M1_OWN_FLAG_HOME,73b77ac3a0efb2c33a4498544c96bb702a656cbbfe17af18ec859c6d6b4c2142,True
430,sappo_pi_A_specialist_1p5M_seed7100001,48532,1103904,539,2,,OP3,OPPONENT_POOL,train,map_a_open,-1,0,SCRIPTED:OP6,5,1,2,0,2,240,0.47999998927116394,0,3,0,183,0,0,0,0,0,0,0,0,0,0,0,0,0,0,0,0,179.0,3.3792994181315104,1.0,0.0,0.002033442258834839,0.0,0.0,0.0,-0.004000000189989805,0.24409793317317963,map_a,map_a_open,RULESET_V3_M1_OWN_FLAG_HOME,73b77ac3a0efb2c33a4498544c96bb702a656cbbfe17af18ec859c6d6b4c2142,True
431,sappo_pi_A_specialist_1p5M_seed7100001,48532,1103936,539,4,,OP3,OPPONENT_POOL,train,map_a_open,-1,0,SCRIPTED:OP6,5,1,1,0,1,240,0.4399999976158142,1,0,0,15,0,0,0,0,0,0,0,0,0,0,0,0,0,0,0,0,47.0,12.091889444986979,1.0,0.0,-0.004247516393661499,0.04999999701976776,0.0,0.0,0.0,0.24760477244853973,map_a,map_a_open,RULESET_V3_M1_OWN_FLAG_HOME,73b77ac3a0efb2c33a4498544c96bb702a656cbbfe17af18ec859c6d6b4c2142,True
432,sappo_pi_A_specialist_1p5M_seed7100001,48532,1104272,539,25,,OP3,OPPONENT_POOL,train,map_a_open,-1,0,SCRIPTED:OP6,5,0,0,0,0,240,0.5600000023841858,1,0,0,21,0,0,0,0,0,0,0,0,0,0,0,0,0,0,0,0,,12.025632731119792,-0.5,0.0,0.005017697811126709,0.04999999701976776,0.0,0.0,-0.00800000037997961,-0.12293639779090881,map_a,map_a_open,RULESET_V3_M1_OWN_FLAG_HOME,73b77ac3a0efb2c33a4498544c96bb702a656cbbfe17af18ec859c6d6b4c2142,True
433,sappo_pi_A_specialist_1p5M_seed7100001,48532,1104272,539,25,,OP3,OPPONENT_POOL,train,map_a_open,-1,0,SCRIPTED:OP6,5,1,2,1,1,240,0.5199999809265137,1,0,0,54,0,0,0,0,0,0,0,0,0,0,0,0,0,0,0,0,84.0,8.78679707845052,1.0,0.0,0.003159552812576294,0.04999999701976776,0.0,0.0,0.0,0.24803929030895233,map_a,map_a_open,RULESET_V3_M1_OWN_FLAG_HOME,73b77ac3a0efb2c33a4498544c96bb702a656cbbfe17af18ec859c6d6b4c2142,True
434,sappo_pi_A_specialist_1p5M_seed7100001,48532,1104336,539,29,,OP3,OPPONENT_POOL,train,map_a_open,-1,0,SCRIPTED:OP6,5,0,0,0,0,240,0.6399999856948853,1,0,0,56,0,0,0,0,0,0,0,0,0,0,0,0,0,0,0,0,,9.914015706380209,-0.5,0.0,0.005967751145362854,0.04999999701976776,0.0,0.0,0.0,-0.12090762704610825,map_a,map_a_open,RULESET_V3_M1_OWN_FLAG_HOME,73b77ac3a0efb2c33a4498544c96bb702a656cbbfe17af18ec859c6d6b4c2142,True
435,sappo_pi_A_specialist_1p5M_seed7100001,48532,1104640,539,48,,OP3,OPPONENT_POOL,train,map_a_open,-1,0,SCRIPTED:OP6,5,1,3,0,3,208,0.5199999809265137,0,1,0,145,0,0,0,0,0,0,0,0,0,0,0,0,0,0,0,0,48.0,3.6878207280085635,1.0,0.5,-0.008408412337303162,0.0,1.0,100.0,0.0,0.5542356967926025,map_a,map_a_open,RULESET_V3_M1_OWN_FLAG_HOME,73b77ac3a0efb2c33a4498544c96bb702a656cbbfe17af18ec859c6d6b4c2142,True
436,sappo_pi_A_specialist_1p5M_seed7100001,48532,1105008,539,71,,OP3,OPPONENT_POOL,train,map_a_open,-1,0,SCRIPTED:OP6,5,1,3,0,3,222,0.3999999761581421,0,2,0,128,0,0,0,0,0,0,0,0,0,0,0,0,0,0,0,0,46.0,3.753247510205518,1.0,0.5,-0.010228350758552551,0.0,1.0,100.0,-0.004000000189989805,0.5534636974334717,map_a,map_a_open,RULESET_V3_M1_OWN_FLAG_HOME,73b77ac3a0efb2c33a4498544c96bb702a656cbbfe17af18ec859c6d6b4c2142,True
437,sappo_pi_A_specialist_1p5M_seed7100001,48532,1105216,539,84,,OP3,OPPONENT_POOL,train,map_a_open,-1,0,SCRIPTED:OP6,5,1,1,0,1,240,0.4399999976158142,1,0,0,13,0,0,0,0,0,0,0,0,0,0,0,0,0,0,0,0,39.0,12.261297607421875,1.0,0.0,-0.0049157291650772095,0.04999999701976776,0.0,0.0,0.0,0.24756556749343872,map_a,map_a_open,RULESET_V3_M1_OWN_FLAG_HOME,73b77ac3a0efb2c33a4498544c96bb702a656cbbfe17af18ec859c6d6b4c2142,True
438,sappo_pi_A_specialist_1p5M_seed7100001,48532,1105248,539,86,,OP3,OPPONENT_POOL,train,map_a_open,-1,0,SCRIPTED:OP6,5,1,3,0,3,142,0.47999998927116394,0,3,0,73,0,0,0,0,0,0,0,0,0,0,0,0,0,0,0,0,70.0,4.373516673773107,1.0,0.5,-0.006427839398384094,0.0,1.0,100.0,0.0,0.5543215274810791,map_a,map_a_open,RULESET_V3_M1_OWN_FLAG_HOME,73b77ac3a0efb2c33a4498544c96bb702a656cbbfe17af18ec859c6d6b4c2142,True
439,sappo_pi_A_specialist_1p5M_seed7100001,48532,1105472,539,100,,OP3,OPPONENT_POOL,train,map_a_open,-1,0,SCRIPTED:OP6,5,1,2,1,1,240,0.4399999976158142,1,0,0,127,0,0,0,0,0,0,0,0,0,0,0,0,0,0,0,0,154.0,4.6700800577799475,1.0,0.0,-0.019905775785446167,0.0,0.0,0.0,-0.00800000037997961,0.24186672270298004,map_a,map_a_open,RULESET_V3_M1_OWN_FLAG_HOME,73b77ac3a0efb2c33a4498544c96bb702a656cbbfe17af18ec859c6d6b4c2142,True
440,sappo_pi_A_specialist_1p5M_seed7100001,48532,1105856,539,124,,OP3,OPPONENT_POOL,train,map_a_open,-1,0,SCRIPTED:OP6,5,0,0,0,0,240,0.47999998927116394,1,0,0,18,0,0,0,0,0,0,0,0,0,0,0,0,0,0,0,0,,12.159203084309896,-0.5,0.0,0.025080978870391846,0.04999999701976776,0.0,0.0,-0.004000000189989805,-0.12071589380502701,map_a,map_a_open,RULESET_V3_M1_OWN_FLAG_HOME,73b77ac3a0efb2c33a4498544c96bb702a656cbbfe17af18ec859c6d6b4c2142,True
441,sappo_pi_A_specialist_1p5M_seed7100001,48532,1106016,540,6,,OP3,OPPONENT_POOL,train,map_a_open,-1,0,SCRIPTED:OP6,5,0,0,0,0,240,0.5199999809265137,1,0,0,21,0,0,0,0,0,0,0,0,0,0,0,0,0,0,0,0,,12.64232686360677,-0.5,0.0,-0.005984380841255188,0.04999999701976776,0.0,0.0,0.0,-0.12164364755153656,map_a,map_a_open,RULESET_V3_M1_OWN_FLAG_HOME,73b77ac3a0efb2c33a4498544c96bb702a656cbbfe17af18ec859c6d6b4c2142,True
442,sappo_pi_A_specialist_1p5M_seed7100001,48532,1106256,540,21,,OP3,OPPONENT_POOL,train,map_a_open,-1,0,SCRIPTED:OP6,5,0,0,0,0,240,0.3999999761581421,1,0,0,2,0,0,0,0,0,0,0,0,0,0,0,0,0,0,0,0,,13.365818277994792,-0.5,0.0,0.004516586661338806,0.04999999701976776,0.0,0.0,-0.00800000037997961,-0.12296725064516068,map_a,map_a_open,RULESET_V3_M1_OWN_FLAG_HOME,73b77ac3a0efb2c33a4498544c96bb702a656cbbfe17af18ec859c6d6b4c2142,True
443,sappo_pi_A_specialist_1p5M_seed7100001,48532,1106336,540,26,,OP3,OPPONENT_POOL,train,map_a_open,-1,0,SCRIPTED:OP6,5,1,1,0,1,240,0.4399999976158142,1,0,0,10,0,0,0,0,0,0,0,0,0,0,0,0,0,0,0,0,33.0,12.490001424153645,1.0,0.0,-0.009982720017433167,0.04999999701976776,0.0,0.0,0.0,0.24726825952529907,map_a,map_a_open,RULESET_V3_M1_OWN_FLAG_HOME,73b77ac3a0efb2c33a4498544c96bb702a656cbbfe17af18ec859c6d6b4c2142,True
444,sappo_pi_A_specialist_1p5M_seed7100001,48532,1106400,540,30,,OP3,OPPONENT_POOL,train,map_a_open,-1,0,SCRIPTED:OP6,5,0,1,1,0,240,0.4399999976158142,1,0,0,68,0,0,0,0,0,0,0,0,0,0,0,0,0,0,0,0,79.0,7.016415405273437,-0.5,0.0,0.010498389601707458,0.04999999701976776,0.0,0.0,-0.004000000189989805,-0.12161392718553543,map_a,map_a_open,RULESET_V3_M1_OWN_FLAG_HOME,73b77ac3a0efb2c33a4498544c96bb702a656cbbfe17af18ec859c6d6b4c2142,True
445,sappo_pi_A_specialist_1p5M_seed7100001,48532,1107216,540,81,,OP3,OPPONENT_POOL,train,map_a_open,-1,0,SCRIPTED:OP6,5,1,2,0,2,240,0.4399999976158142,1,0,0,43,0,0,0,0,0,0,0,0,0,0,0,0,0,0,0,0,32.0,10.33168436686198,1.0,0.0,0.009223461151123047,0.04999999701976776,0.0,0.0,0.0,0.2483949363231659,map_a,map_a_open,RULESET_V3_M1_OWN_FLAG_HOME,73b77ac3a0efb2c33a4498544c96bb702a656cbbfe17af18ec859c6d6b4c2142,True
446,sappo_pi_A_specialist_1p5M_seed7100001,48532,1107744,540,114,,OP3,OPPONENT_POOL,train,map_a_open,-1,0,SCRIPTED:OP6,5,0,0,0,0,240,0.3999999761581421,1,0,0,4,0,0,0,0,0,0,0,0,0,0,0,0,0,0,0,0,,13.617916870117188,-0.5,0.0,0.0014988631010055542,0.04999999701976776,0.0,0.0,-0.00800000037997961,-0.12315299361944199,map_a,map_a_open,RULESET_V3_M1_OWN_FLAG_HOME,73b77ac3a0efb2c33a4498544c96bb702a656cbbfe17af18ec859c6d6b4c2142,True
447,sappo_pi_A_specialist_1p5M_seed7100001,48532,1107776,540,116,,OP3,OPPONENT_POOL,train,map_a_open,-1,0,SCRIPTED:OP6,5,1,1,0,1,240,0.35999998450279236,1,0,0,56,0,0,0,0,0,0,0,0,0,0,0,0,0,0,0,0,101.0,9.6015625,1.0,0.0,0.0022298693656921387,0.04999999701976776,0.0,0.0,0.0,0.24798475205898285,map_a,map_a_open,RULESET_V3_M1_OWN_FLAG_HOME,73b77ac3a0efb2c33a4498544c96bb702a656cbbfe17af18ec859c6d6b4c2142,True
448,sappo_pi_A_specialist_1p5M_seed7100001,48532,1108112,541,9,,OP3,OPPONENT_POOL,train,map_a_open,-1,0,SCRIPTED:OP6,5,0,0,0,0,240,0.47999998927116394,0,2,0,53,0,0,0,0,0,0,0,0,0,0,0,0,0,0,0,0,,11.372971598307291,-0.5,0.0,-0.01168583333492279,0.04999999701976776,0.0,0.0,0.0,-0.12199471145868301,map_a,map_a_open,RULESET_V3_M1_OWN_FLAG_HOME,73b77ac3a0efb2c33a4498544c96bb702a656cbbfe17af18ec859c6d6b4c2142,True
449,sappo_pi_A_specialist_1p5M_seed7100001,48532,1108112,541,9,,OP3,OPPONENT_POOL,train,map_a_open,-1,0,SCRIPTED:OP6,5,0,0,0,0,240,0.35999998450279236,0,1,0,45,0,0,0,0,0,0,0,0,0,0,0,0,0,0,0,0,,11.91884256998698,-0.5,0.0,-0.025231242179870605,0.04999999701976776,0.0,0.0,0.0,-0.12282861024141312,map_a,map_a_open,RULESET_V3_M1_OWN_FLAG_HOME,73b77ac3a0efb2c33a4498544c96bb702a656cbbfe17af18ec859c6d6b4c2142,True
450,sappo_pi_A_specialist_1p5M_seed7100001,48532,1108176,541,13,,OP3,OPPONENT_POOL,train,map_a_open,-1,0,SCRIPTED:OP6,5,0,1,1,0,240,0.6399999856948853,0,2,0,70,0,0,0,0,0,0,0,0,0,0,0,0,0,0,0,0,31.0,9.497571818033855,-0.5,0.0,0.01081608235836029,0.04999999701976776,0.0,0.0,-0.004000000189989805,-0.1215943694114685,map_a,map_a_open,RULESET_V3_M1_OWN_FLAG_HOME,73b77ac3a0efb2c33a4498544c96bb702a656cbbfe17af18ec859c6d6b4c2142,True
451,sappo_pi_A_specialist_1p5M_seed7100001,48532,1108480,541,32,,OP3,OPPONENT_POOL,train,map_a_open,-1,0,SCRIPTED:OP6,5,1,1,0,1,240,0.3199999928474426,0,2,0,40,0,0,0,0,0,0,0,0,0,0,0,0,0,0,0,0,52.0,11.488219197591146,1.0,0.0,-0.015485569834709167,0.04999999701976776,0.0,0.0,-0.00800000037997961,0.24506637454032898,map_a,map_a_open,RULESET_V3_M1_OWN_FLAG_HOME,73b77ac3a0efb2c33a4498544c96bb702a656cbbfe17af18ec859c6d6b4c2142,True
452,sappo_pi_A_specialist_1p5M_seed7100001,48532,1108848,541,55,,OP3,OPPONENT_POOL,train,map_a_open,-1,0,SCRIPTED:OP6,5,0,1,1,0,240,0.5199999809265137,0,1,0,34,0,0,0,0,0,0,0,0,0,0,0,0,0,0,0,0,53.0,10.231601969401042,-0.5,0.0,-0.008214384317398071,0.04999999701976776,0.0,0.0,0.0,-0.12178096175193787,map_a,map_a_open,RULESET_V3_M1_OWN_FLAG_HOME,73b77ac3a0efb2c33a4498544c96bb702a656cbbfe17af18ec859c6d6b4c2142,True
453,sappo_pi_A_specialist_1p5M_seed7100001,48532,1109056,541,68,,OP3,OPPONENT_POOL,train,map_a_open,-1,0,SCRIPTED:OP6,5,0,0,0,0,240,0.5199999809265137,1,0,0,9,0,0,0,0,0,0,0,0,0,0,0,0,0,0,0,0,,13.376435343424479,-0.5,0.0,0.004372760653495789,0.04999999701976776,0.0,0.0,0.0,-0.12100585550069809,map_a,map_a_open,RULESET_V3_M1_OWN_FLAG_HOME,73b77ac3a0efb2c33a4498544c96bb702a656cbbfe17af18ec859c6d6b4c2142,True
454,sappo_pi_A_specialist_1p5M_seed7100001,48532,1109088,541,70,,OP3,OPPONENT_POOL,train,map_a_open,-1,0,SCRIPTED:OP6,5,1,2,0,2,240,0.5999999642372131,0,1,0,102,0,0,0,0,0,0,0,0,0,0,0,0,0,0,0,0,28.0,7.784102376302084,1.0,0.0,0.008002370595932007,0.04999999701976776,0.0,0.0,0.0,0.24832332134246826,map_a,map_a_open,RULESET_V3_M1_OWN_FLAG_HOME,73b77ac3a0efb2c33a4498544c96bb702a656cbbfe17af18ec859c6d6b4c2142,True
455,sappo_pi_A_specialist_1p5M_seed7100001,48532,1109312,541,84,,OP3,OPPONENT_POOL,train,map_a_open,-1,0,SCRIPTED:OP6,5,0,0,0,0,240,0.35999998450279236,1,0,0,34,0,0,0,0,0,0,0,0,0,0,0,0,0,0,0,0,,11.501652018229167,-0.5,0.0,0.0105990469455719,0.04999999701976776,0.0,0.0,-0.004000000189989805,-0.12160772830247879,map_a,map_a_open,RULESET_V3_M1_OWN_FLAG_HOME,73b77ac3a0efb2c33a4498544c96bb702a656cbbfe17af18ec859c6d6b4c2142,True
456,sappo_pi_A_specialist_1p5M_seed7100001,48532,1109696,541,108,,OP3,OPPONENT_POOL,train,map_a_open,-1,0,SCRIPTED:OP6,5,1,1,0,1,240,0.4399999976158142,1,0,0,33,0,0,0,0,0,0,0,0,0,0,0,0,0,0,0,0,56.0,11.197227986653646,1.0,0.0,0.005734294652938843,0.04999999701976776,0.0,0.0,-0.004000000189989805,0.24725165963172913,map_a,map_a_open,RULESET_V3_M1_OWN_FLAG_HOME,73b77ac3a0efb2c33a4498544c96bb702a656cbbfe17af18ec859c6d6b4c2142,True
457,sappo_pi_A_specialist_1p5M_seed7100001,48532,1109856,541,118,,OP3,OPPONENT_POOL,train,map_a_open,-1,0,SCRIPTED:OP6,5,0,0,0,0,240,0.5199999809265137,1,0,0,7,0,0,0,0,0,0,0,0,0,0,0,0,0,0,0,0,,13.260557047526042,-0.5,0.0,-0.02007134258747101,0.04999999701976776,-0.699999988079071,-70.0,0.0,-0.28959983587265015,map_a,map_a_open,RULESET_V3_M1_OWN_FLAG_HOME,73b77ac3a0efb2c33a4498544c96bb702a656cbbfe17af18ec859c6d6b4c2142,True
458,sappo_pi_A_specialist_1p5M_seed7100001,48532,1110096,542,5,,OP3,OPPONENT_POOL,train,map_a_open,-1,0,SCRIPTED:OP6,5,0,0,0,0,240,0.35999998450279236,1,0,0,21,0,0,0,0,0,0,0,0,0,0,0,0,0,0,0,0,,12.780926513671876,-0.5,0.0,-0.014337033033370972,0.04999999701976776,0.0,0.0,-0.004000000189989805,-0.12314289063215256,map_a,map_a_open,RULESET_V3_M1_OWN_FLAG_HOME,73b77ac3a0efb2c33a4498544c96bb702a656cbbfe17af18ec859c6d6b4c2142,True
459,sappo_pi_A_specialist_1p5M_seed7100001,48532,1110176,542,10,,OP3,OPPONENT_POOL,train,map_a_open,-1,0,SCRIPTED:OP6,5,1,1,0,1,240,0.3199999928474426,1,0,0,22,0,0,0,0,0,0,0,0,0,0,0,0,0,0,0,0,48.0,11.113240559895834,1.0,0.0,0.008207753300666809,0.04999999701976776,0.0,0.0,0.0,0.2483353465795517,map_a,map_a_open,RULESET_V3_M1_OWN_FLAG_HOME,73b77ac3a0efb2c33a4498544c96bb702a656cbbfe17af18ec859c6d6b4c2142,True
460,sappo_pi_A_specialist_1p5M_seed7100001,48532,1110240,542,14,,OP3,OPPONENT_POOL,train,map_a_open,-1,0,SCRIPTED:OP6,5,0,0,0,0,240,0.3199999928474426,0,2,0,10,0,0,0,0,0,0,0,0,0,0,0,0,0,0,0,0,,13.080599975585937,-0.5,0.0,-0.010935947299003601,0.04999999701976776,0.0,0.0,-0.004000000189989805,-0.12293354421854019,map_a,map_a_open,RULESET_V3_M1_OWN_FLAG_HOME,73b77ac3a0efb2c33a4498544c96bb702a656cbbfe17af18ec859c6d6b4c2142,True
461,sappo_pi_A_specialist_1p5M_seed7100001,48532,1111056,542,65,,OP3,OPPONENT_POOL,train,map_a_open,-1,0,SCRIPTED:OP6,5,1,1,0,1,240,0.4399999976158142,1,0,0,72,0,0,0,0,0,0,0,0,0,0,0,0,0,0,0,0,48.0,9.562348429361979,1.0,0.0,-0.012029334902763367,0.04999999701976776,0.0,0.0,-0.004000000189989805,0.2462090253829956,map_a,map_a_open,RULESET_V3_M1_OWN_FLAG_HOME,73b77ac3a0efb2c33a4498544c96bb702a656cbbfe17af18ec859c6d6b4c2142,True
462,sappo_pi_A_specialist_1p5M_seed7100001,48532,1111584,542,98,,OP3,OPPONENT_POOL,train,map_a_open,-1,0,SCRIPTED:OP6,5,1,1,0,1,240,0.35999998450279236,1,0,0,42,0,0,0,0,0,0,0,0,0,0,0,0,0,0,0,0,61.0,10.934774780273438,1.0,0.0,-0.004737675189971924,0.04999999701976776,0.0,0.0,-0.004000000189989805,0.24663706123828888,map_a,map_a_open,RULESET_V3_M1_OWN_FLAG_HOME,73b77ac3a0efb2c33a4498544c96bb702a656cbbfe17af18ec859c6d6b4c2142,True
463,sappo_pi_A_specialist_1p5M_seed7100001,48532,1111616,542,100,,OP3,OPPONENT_POOL,train,map_a_open,-1,0,SCRIPTED:OP6,5,1,2,0,2,240,0.5999999642372131,1,0,0,41,0,0,0,0,0,0,0,0,0,0,0,0,0,0,0,0,71.0,9.656538899739584,1.0,0.0,0.012583866715431213,0.04999999701976776,0.0,0.0,0.0,0.24859197437763214,map_a,map_a_open,RULESET_V3_M1_OWN_FLAG_HOME,73b77ac3a0efb2c33a4498544c96bb702a656cbbfe17af18ec859c6d6b4c2142,True
464,sappo_pi_A_specialist_1p5M_seed7100001,48532,1111952,542,121,,OP3,OPPONENT_POOL,train,map_a_open,-1,0,SCRIPTED:OP6,5,0,1,1,0,240,0.47999998927116394,0,1,0,138,0,0,0,0,0,0,0,0,0,0,0,0,0,0,0,0,179.0,4.435110982259115,-0.5,0.0,-0.022202417254447937,0.014999999664723873,0.0,0.0,0.0,-0.12479617446660995,map_a,map_a_open,RULESET_V3_M1_OWN_FLAG_HOME,73b77ac3a0efb2c33a4498544c96bb702a656cbbfe17af18ec859c6d6b4c2142,True
465,sappo_pi_A_specialist_1p5M_seed7100001,48532,1111952,542,121,,OP3,OPPONENT_POOL,train,map_a_open,-1,0,SCRIPTED:OP6,5,1,1,0,1,240,0.4399999976158142,0,1,0,46,0,0,0,0,0,0,0,0,0,0,0,0,0,0,0,0,39.0,11.880278523763021,1.0,0.0,-0.005684852600097656,0.04999999701976776,0.0,0.0,-0.004000000189989805,0.24658146500587463,map_a,map_a_open,RULESET_V3_M1_OWN_FLAG_HOME,73b77ac3a0efb2c33a4498544c96bb702a656cbbfe17af18ec859c6d6b4c2142,True
466,sappo_pi_A_specialist_1p5M_seed7100001,48532,1112016,542,125,,OP3,OPPONENT_POOL,train,map_a_open,-1,0,SCRIPTED:OP6,5,1,1,0,1,240,0.5199999809265137,0,3,0,96,0,0,0,0,0,0,0,0,0,0,0,0,0,0,0,0,153.0,6.788900248209635,1.0,0.0,0.004443719983100891,0.04999999701976776,0.0,0.0,-0.004000000189989805,0.2471759170293808,map_a,map_a_open,RULESET_V3_M1_OWN_FLAG_HOME,73b77ac3a0efb2c33a4498544c96bb702a656cbbfe17af18ec859c6d6b4c2142,True
467,sappo_pi_A_specialist_1p5M_seed7100001,48532,1112320,543,16,,OP3,OPPONENT_POOL,train,map_a_open,-1,0,SCRIPTED:OP6,5,0,1,1,0,240,0.3999999761581421,0,1,0,154,0,0,0,0,0,0,0,0,0,0,0,0,0,0,0,0,140.0,4.046173350016276,-0.5,0.0,0.004540801048278809,0.0,0.0,0.0,0.0,-0.1240735873579979,map_a,map_a_open,RULESET_V3_M1_OWN_FLAG_HOME,73b77ac3a0efb2c33a4498544c96bb702a656cbbfe17af18ec859c6d6b4c2142,True
468,sappo_pi_A_specialist_1p5M_seed7100001,48532,1112688,543,39,,OP3,OPPONENT_POOL,train,map_a_open,-1,0,SCRIPTED:OP6,5,0,0,0,0,240,0.3199999928474426,1,0,0,13,0,0,0,0,0,0,0,0,0,0,0,0,0,0,0,0,,12.818235270182292,-0.5,0.0,0.0037225931882858276,0.04999999701976776,0.0,0.0,0.0,-0.12104589492082596,map_a,map_a_open,RULESET_V3_M1_OWN_FLAG_HOME,73b77ac3a0efb2c33a4498544c96bb702a656cbbfe17af18ec859c6d6b4c2142,True
469,sappo_pi_A_specialist_1p5M_seed7100001,48532,1112896,543,52,,OP3,OPPONENT_POOL,train,map_a_open,-1,0,SCRIPTED:OP6,5,1,1,0,1,240,0.47999998927116394,1,0,0,93,0,0,0,0,0,0,0,0,0,0,0,0,0,0,0,0,105.0,8.878274536132812,1.0,0.0,-0.008885219693183899,0.04999999701976776,0.0,0.0,-0.004000000189989805,0.2463935911655426,map_a,map_a_open,RULESET_V3_M1_OWN_FLAG_HOME,73b77ac3a0efb2c33a4498544c96bb702a656cbbfe17af18ec859c6d6b4c2142,True
470,sappo_pi_A_specialist_1p5M_seed7100001,48532,1112928,543,54,,OP3,OPPONENT_POOL,train,map_a_open,-1,0,SCRIPTED:OP6,5,1,1,0,1,240,0.5199999809265137,0,1,0,27,0,0,0,0,0,0,0,0,0,0,0,0,0,0,0,0,31.0,12.008553059895833,1.0,0.0,-0.002162918448448181,0.04999999701976776,0.0,0.0,0.0,0.24772706627845764,map_a,map_a_open,RULESET_V3_M1_OWN_FLAG_HOME,73b77ac3a0efb2c33a4498544c96bb702a656cbbfe17af18ec859c6d6b4c2142,True
471,sappo_pi_A_specialist_1p5M_seed7100001,48532,1113152,543,68,,OP3,OPPONENT_POOL,train,map_a_open,-1,0,SCRIPTED:OP6,5,0,0,0,0,240,0.47999998927116394,1,0,0,21,0,0,0,0,0,0,0,0,0,0,0,0,0,0,0,0,,11.946056111653645,-0.5,0.0,-0.005095720291137695,0.04999999701976776,0.0,0.0,-0.004000000189989805,-0.12257403135299683,map_a,map_a_open,RULESET_V3_M1_OWN_FLAG_HOME,73b77ac3a0efb2c33a4498544c96bb702a656cbbfe17af18ec859c6d6b4c2142,True
472,sappo_pi_A_specialist_1p5M_seed7100001,48532,1113536,543,92,,OP3,OPPONENT_POOL,train,map_a_open,-1,0,SCRIPTED:OP6,5,0,0,0,0,240,0.47999998927116394,1,0,0,16,0,0,0,0,0,0,0,0,0,0,0,0,0,0,0,0,,13.114469401041667,-0.5,0.0,0.005204096436500549,0.04999999701976776,0.0,0.0,0.0,-0.12095465511083603,map_a,map_a_open,RULESET_V3_M1_OWN_FLAG_HOME,73b77ac3a0efb2c33a4498544c96bb702a656cbbfe17af18ec859c6d6b4c2142,True
473,sappo_pi_A_specialist_1p5M_seed7100001,48532,1113696,543,102,,OP3,OPPONENT_POOL,train,map_a_open,-1,0,SCRIPTED:OP6,5,0,1,1,0,240,0.5199999809265137,1,0,0,30,0,0,0,0,0,0,0,0,0,0,0,0,0,0,0,0,42.0,11.137720743815104,-0.5,0.0,0.009062737226486206,0.04999999701976776,0.0,0.0,-0.004000000189989805,-0.12170232832431793,map_a,map_a_open,RULESET_V3_M1_OWN_FLAG_HOME,73b77ac3a0efb2c33a4498544c96bb702a656cbbfe17af18ec859c6d6b4c2142,True
474,sappo_pi_A_specialist_1p5M_seed7100001,48532,1113936,543,117,,OP3,OPPONENT_POOL,train,map_a_open,-1,0,SCRIPTED:OP6,5,1,1,0,1,240,0.4399999976158142,1,0,0,167,0,0,0,0,0,0,0,0,0,0,0,0,0,0,0,0,200.0,3.6954879760742188,1.0,0.10000000149011612,-0.010269999504089355,0.0,0.0,0.0,-0.004000000189989805,0.26674678921699524,map_a,map_a_open,RULESET_V3_M1_OWN_FLAG_HOME,73b77ac3a0efb2c33a4498544c96bb702a656cbbfe17af18ec859c6d6b4c2142,True
475,sappo_pi_A_specialist_1p5M_seed7100001,48532,1114016,543,122,,OP3,OPPONENT_POOL,train,map_a_open,-1,0,SCRIPTED:OP6,5,0,0,0,0,240,0.3199999928474426,1,0,0,10,0,0,0,0,0,0,0,0,0,0,0,0,0,0,0,0,,13.24613545735677,-0.5,0.0,-0.008330240845680237,0.04999999701976776,0.0,0.0,0.0,-0.12178809940814972,map_a,map_a_open,RULESET_V3_M1_OWN_FLAG_HOME,73b77ac3a0efb2c33a4498544c96bb702a656cbbfe17af18ec859c6d6b4c2142,True
476,sappo_pi_A_specialist_1p5M_seed7100001,48532,1114080,543,126,,OP3,OPPONENT_POOL,train,map_a_open,-1,0,SCRIPTED:OP6,5,0,0,0,0,240,0.5600000023841858,0,1,0,5,0,0,0,0,0,0,0,0,0,0,0,0,0,0,0,0,,12.623765055338541,-0.5,0.0,0.005537360906600952,0.04999999701976776,0.0,0.0,-0.004000000189989805,-0.12191939353942871,map_a,map_a_open,RULESET_V3_M1_OWN_FLAG_HOME,73b77ac3a0efb2c33a4498544c96bb702a656cbbfe17af18ec859c6d6b4c2142,True
477,sappo_pi_A_specialist_1p5M_seed7100001,48532,1114896,544,49,,OP3,OPPONENT_POOL,train,map_a_open,-1,0,SCRIPTED:OP6,5,1,1,0,1,240,0.47999998927116394,1,0,0,43,0,0,0,0,0,0,0,0,0,0,0,0,0,0,0,0,48.0,11.032412719726562,1.0,0.0,0.003680124878883362,0.04999999701976776,0.0,0.0,0.0,0.24806979298591614,map_a,map_a_open,RULESET_V3_M1_OWN_FLAG_HOME,73b77ac3a0efb2c33a4498544c96bb702a656cbbfe17af18ec859c6d6b4c2142,True
478,sappo_pi_A_specialist_1p5M_seed7100001,48532,1115424,544,82,,OP3,OPPONENT_POOL,train,map_a_open,-1,0,SCRIPTED:OP6,5,0,0,0,0,240,0.3999999761581421,0,1,0,13,0,0,0,0,0,0,0,0,0,0,0,0,0,0,0,0,,12.751291910807291,-0.5,0.0,-0.00233381986618042,0.04999999701976776,0.0,0.0,-0.004000000189989805,-0.12240400165319443,map_a,map_a_open,RULESET_V3_M1_OWN_FLAG_HOME,73b77ac3a0efb2c33a4498544c96bb702a656cbbfe17af18ec859c6d6b4c2142,True
479,sappo_pi_A_specialist_1p5M_seed7100001,48532,1115456,544,84,,OP3,OPPONENT_POOL,train,map_a_open,-1,0,SCRIPTED:OP6,5,1,2,0,2,240,0.5999999642372131,1,0,0,59,0,0,0,0,0,0,0,0,0,0,0,0,0,0,0,0,44.0,8.622224934895833,1.0,0.0,-0.000667273998260498,0.04999999701976776,0.0,0.0,0.0,0.24781478941440582,map_a,map_a_open,RULESET_V3_M1_OWN_FLAG_HOME,73b77ac3a0efb2c33a4498544c96bb702a656cbbfe17af18ec859c6d6b4c2142,True
480,sappo_pi_A_specialist_1p5M_seed7100001,48532,1115792,544,105,,OP3,OPPONENT_POOL,train,map_a_open,-1,0,SCRIPTED:OP6,5,0,0,0,0,240,0.3999999761581421,1,0,0,23,0,0,0,0,0,0,0,0,0,0,0,0,0,0,0,0,,12.691222127278646,-0.5,0.0,0.009752988815307617,0.04999999701976776,0.0,0.0,0.0,-0.1206745058298111,map_a,map_a_open,RULESET_V3_M1_OWN_FLAG_HOME,73b77ac3a0efb2c33a4498544c96bb702a656cbbfe17af18ec859c6d6b4c2142,True
481,sappo_pi_A_specialist_1p5M_seed7100001,48532,1115792,544,105,,OP3,OPPONENT_POOL,train,map_a_open,-1,0,SCRIPTED:OP6,5,0,0,1,-1,240,0.5199999809265137,0,1,0,64,0,0,0,0,0,0,0,0,0,0,0,0,0,0,0,0,126.0,8.875657145182291,-1.0,0.0,-0.009135648608207703,0.04999999701976776,0.0,0.0,0.0,-0.24251633882522583,map_a,map_a_open,RULESET_V3_M1_OWN_FLAG_HOME,73b77ac3a0efb2c33a4498544c96bb702a656cbbfe17af18ec859c6d6b4c2142,True
482,sappo_pi_A_specialist_1p5M_seed7100001,48532,1115856,544,109,,OP3,OPPONENT_POOL,train,map_a_open,-1,0,SCRIPTED:OP6,5,1,1,0,1,240,0.5199999809265137,1,0,0,131,0,0,0,0,0,0,0,0,0,0,0,0,0,0,0,0,167.0,5.848646036783854,1.0,0.0,-0.007172033190727234,0.04999999701976776,0.0,0.0,0.0,0.24743318557739258,map_a,map_a_open,RULESET_V3_M1_OWN_FLAG_HOME,73b77ac3a0efb2c33a4498544c96bb702a656cbbfe17af18ec859c6d6b4c2142,True
483,sappo_pi_A_specialist_1p5M_seed7100001,48532,1116160,544,128,,OP3,OPPONENT_POOL,train,map_a_open,-1,0,SCRIPTED:OP6,5,0,2,2,0,240,0.47999998927116394,0,1,0,57,0,0,0,0,0,0,0,0,0,0,0,0,0,0,0,0,71.0,6.402523295084635,-0.5,0.0,0.010146081447601318,0.04999999701976776,0.0,0.0,-0.004000000189989805,-0.12163562327623367,map_a,map_a_open,RULESET_V3_M1_OWN_FLAG_HOME,73b77ac3a0efb2c33a4498544c96bb702a656cbbfe17af18ec859c6d6b4c2142,True
484,sappo_pi_A_specialist_1p5M_seed7100001,48532,1116528,545,23,,OP3,OPPONENT_POOL,train,map_a_open,-1,0,SCRIPTED:OP6,5,0,0,0,0,240,0.3199999928474426,1,0,0,6,0,0,0,0,0,0,0,0,0,0,0,0,0,0,0,0,,13.124471028645834,-0.5,0.0,0.011238351464271545,0.04999999701976776,0.0,0.0,0.0,-0.12058302760124207,map_a,map_a_open,RULESET_V3_M1_OWN_FLAG_HOME,73b77ac3a0efb2c33a4498544c96bb702a656cbbfe17af18ec859c6d6b4c2142,True
485,sappo_pi_A_specialist_1p5M_seed7100001,48532,1116736,545,36,,OP3,OPPONENT_POOL,train,map_a_open,-1,0,SCRIPTED:OP6,5,0,0,0,0,240,0.6399999856948853,0,1,0,22,0,0,0,0,0,0,0,0,0,0,0,0,0,0,0,0,,12.353615315755208,-0.5,0.0,0.004409611225128174,0.04999999701976776,0.0,0.0,0.0,-0.12100359052419662,map_a,map_a_open,RULESET_V3_M1_OWN_FLAG_HOME,73b77ac3a0efb2c33a4498544c96bb702a656cbbfe17af18ec859c6d6b4c2142,True
486,sappo_pi_A_specialist_1p5M_seed7100001,48532,1116768,545,38,,OP3,OPPONENT_POOL,train,map_a_open,-1,0,SCRIPTED:OP6,5,0,0,0,0,240,0.35999998450279236,1,0,0,20,0,0,0,0,0,0,0,0,0,0,0,0,0,0,0,0,,13.04258321126302,-0.5,0.0,0.004426002502441406,0.04999999701976776,0.0,0.0,-0.004000000189989805,-0.12198782712221146,map_a,map_a_open,RULESET_V3_M1_OWN_FLAG_HOME,73b77ac3a0efb2c33a4498544c96bb702a656cbbfe17af18ec859c6d6b4c2142,True
487,sappo_pi_A_specialist_1p5M_seed7100001,48532,1116992,545,52,,OP3,OPPONENT_POOL,train,map_a_open,-1,0,SCRIPTED:OP6,5,0,0,0,0,240,0.3999999761581421,1,0,0,20,0,0,0,0,0,0,0,0,0,0,0,0,0,0,0,0,,12.954842122395833,-0.5,0.0,0.006518334150314331,0.04999999701976776,0.0,0.0,-0.004000000189989805,-0.12185899168252945,map_a,map_a_open,RULESET_V3_M1_OWN_FLAG_HOME,73b77ac3a0efb2c33a4498544c96bb702a656cbbfe17af18ec859c6d6b4c2142,True
488,sappo_pi_A_specialist_1p5M_seed7100001,48532,1117376,545,76,,OP3,OPPONENT_POOL,train,map_a_open,-1,0,SCRIPTED:OP6,5,1,2,0,2,240,0.5199999809265137,1,0,0,32,0,0,0,0,0,0,0,0,0,0,0,0,0,0,0,0,46.0,9.794739786783854,1.0,0.0,0.0004412829875946045,0.049999989569187164,0.0,0.0,-0.004000000189989805,0.24694105982780457,map_a,map_a_open,RULESET_V3_M1_OWN_FLAG_HOME,73b77ac3a0efb2c33a4498544c96bb702a656cbbfe17af18ec859c6d6b4c2142,True
489,sappo_pi_A_specialist_1p5M_seed7100001,48532,1117536,545,86,,OP3,OPPONENT_POOL,train,map_a_open,-1,0,SCRIPTED:OP6,5,1,1,0,1,240,0.35999998450279236,0,1,0,116,0,0,0,0,0,0,0,0,0,0,0,0,0,0,0,0,137.0,7.0919855753580725,1.0,0.0,-0.008800521492958069,0.04999999701976776,0.0,0.0,-0.00800000037997961,0.24545906484127045,map_a,map_a_open,RULESET_V3_M1_OWN_FLAG_HOME,73b77ac3a0efb2c33a4498544c96bb702a656cbbfe17af18ec859c6d6b4c2142,True
490,sappo_pi_A_specialist_1p5M_seed7100001,48532,1117776,545,101,,OP3,OPPONENT_POOL,train,map_a_open,-1,0,SCRIPTED:OP6,5,0,0,0,0,240,0.5199999809265137,1,0,0,12,0,0,0,0,0,0,0,0,0,0,0,0,0,0,0,0,,13.311099243164062,-0.5,0.0,0.010462760925292969,0.04999999701976776,0.0,0.0,0.0,-0.12063079327344894,map_a,map_a_open,RULESET_V3_M1_OWN_FLAG_HOME,73b77ac3a0efb2c33a4498544c96bb702a656cbbfe17af18ec859c6d6b4c2142,True
491,sappo_pi_A_specialist_1p5M_seed7100001,48532,1117856,545,106,,OP3,OPPONENT_POOL,train,map_a_open,-1,0,SCRIPTED:OP6,5,0,0,0,0,240,0.5600000023841858,1,0,0,17,0,0,0,0,0,0,0,0,0,0,0,0,0,0,0,0,,13.104527791341146,-0.5,0.0,-0.01080922782421112,0.04999999701976776,0.0,0.0,0.0,-0.1219407320022583,map_a,map_a_open,RULESET_V3_M1_OWN_FLAG_HOME,73b77ac3a0efb2c33a4498544c96bb702a656cbbfe17af18ec859c6d6b4c2142,True
492,sappo_pi_A_specialist_1p5M_seed7100001,48532,1117920,545,110,,OP3,OPPONENT_POOL,train,map_a_open,-1,0,SCRIPTED:OP6,5,1,1,0,1,240,0.3199999928474426,0,1,0,22,0,0,0,0,0,0,0,0,0,0,0,0,0,0,0,0,31.0,11.663299560546875,1.0,0.0,-0.0044879913330078125,0.04999986290931702,0.0,0.0,0.0,0.24759064614772797,map_a,map_a_open,RULESET_V3_M1_OWN_FLAG_HOME,73b77ac3a0efb2c33a4498544c96bb702a656cbbfe17af18ec859c6d6b4c2142,True
493,sappo_pi_A_specialist_1p5M_seed7100001,48532,1118192,545,127,,OP3,OPPONENT_POOL,train,map_a_open,-1,0,SCRIPTED:OP6,5,1,3,1,2,146,0.3999999761581421,0,1,0,65,0,0,0,0,0,0,0,0,0,0,0,0,0,0,0,0,53.0,4.954777965806935,1.0,0.5,-0.01029425859451294,0.0,1.0,100.0,-0.004000000189989805,0.5534607172012329,map_a,map_a_open,RULESET_V3_M1_OWN_FLAG_HOME,73b77ac3a0efb2c33a4498544c96bb702a656cbbfe17af18ec859c6d6b4c2142,True
494,sappo_pi_A_specialist_1p5M_seed7100001,48532,1118736,546,33,,OP3,OPPONENT_POOL,train,map_a_open,-1,0,SCRIPTED:OP6,5,1,1,0,1,240,0.5199999809265137,0,1,0,65,0,0,0,0,0,0,0,0,0,0,0,0,0,0,0,0,44.0,9.290773518880208,1.0,0.0,-0.0028574764728546143,0.04999999701976776,0.0,0.0,0.0,0.24768631160259247,map_a,map_a_open,RULESET_V3_M1_OWN_FLAG_HOME,73b77ac3a0efb2c33a4498544c96bb702a656cbbfe17af18ec859c6d6b4c2142,True
495,sappo_pi_A_specialist_1p5M_seed7100001,48532,1119264,546,66,,OP3,OPPONENT_POOL,train,map_a_open,-1,0,SCRIPTED:OP6,5,1,1,0,1,240,0.3999999761581421,0,1,0,60,0,0,0,0,0,0,0,0,0,0,0,0,0,0,0,0,30.0,9.924478149414062,1.0,0.0,-0.008715808391571045,0.04999999701976776,0.0,0.0,-0.00800000037997961,0.245464026927948,map_a,map_a_open,RULESET_V3_M1_OWN_FLAG_HOME,73b77ac3a0efb2c33a4498544c96bb702a656cbbfe17af18ec859c6d6b4c2142,True
496,sappo_pi_A_specialist_1p5M_seed7100001,48532,1119296,546,68,,OP3,OPPONENT_POOL,train,map_a_open,-1,0,SCRIPTED:OP6,5,1,2,0,2,240,0.5199999809265137,0,2,0,68,0,0,0,0,0,0,0,0,0,0,0,0,0,0,0,0,101.0,7.3955846150716145,1.0,0.0,-0.0027487576007843018,0.04999999701976776,0.0,0.0,0.0,0.24769268929958344,map_a,map_a_open,RULESET_V3_M1_OWN_FLAG_HOME,73b77ac3a0efb2c33a4498544c96bb702a656cbbfe17af18ec859c6d6b4c2142,True
497,sappo_pi_A_specialist_1p5M_seed7100001,48532,1119632,546,89,,OP3,OPPONENT_POOL,train,map_a_open,-1,0,SCRIPTED:OP6,5,0,0,0,0,240,0.4399999976158142,0,1,0,17,0,0,0,0,0,0,0,0,0,0,0,0,0,0,0,0,,12.875187174479167,-0.5,0.0,0.0023862868547439575,0.04999999701976776,0.0,0.0,0.0,-0.12112819403409958,map_a,map_a_open,RULESET_V3_M1_OWN_FLAG_HOME,73b77ac3a0efb2c33a4498544c96bb702a656cbbfe17af18ec859c6d6b4c2142,True
498,sappo_pi_A_specialist_1p5M_seed7100001,48532,1119632,546,89,,OP3,OPPONENT_POOL,train,map_a_open,-1,0,SCRIPTED:OP6,5,0,0,1,-1,240,0.35999998450279236,1,0,0,16,0,0,0,0,0,0,0,0,0,0,0,0,0,0,0,0,43.0,12.439760335286458,-1.0,0.0,0.014682173728942871,0.04999999701976776,0.0,0.0,-0.004000000189989805,-0.24205639958381653,map_a,map_a_open,RULESET_V3_M1_OWN_FLAG_HOME,73b77ac3a0efb2c33a4498544c96bb702a656cbbfe17af18ec859c6d6b4c2142,True
499,sappo_pi_A_specialist_1p5M_seed7100001,48532,1119728,546,95,,OP3,OPPONENT_POOL,train,map_a_open,-1,0,SCRIPTED:OP6,5,1,3,0,3,171,0.5199999809265137,0,1,0,100,0,0,0,0,0,0,0,0,0,0,0,0,0,0,0,0,43.0,4.068791618124086,1.0,0.5,-0.005799457430839539,0.0,1.0,100.0,0.0,0.5543487071990967,map_a,map_a_open,RULESET_V3_M1_OWN_FLAG_HOME,73b77ac3a0efb2c33a4498544c96bb702a656cbbfe17af18ec859c6d6b4c2142,True
500,sappo_pi_A_specialist_1p5M_seed7100001,48532,1120000,546,112,,OP3,OPPONENT_POOL,train,map_a_open,-1,0,SCRIPTED:OP6,5,1,1,0,1,240,0.4399999976158142,0,1,0,81,0,0,0,0,0,0,0,0,0,0,0,0,0,0,0,0,111.0,8.14280497233073,1.0,0.0,-0.00962384045124054,0.04999997466802597,0.0,0.0,0.0,0.24728931486606598,map_a,map_a_open,RULESET_V3_M1_OWN_FLAG_HOME,73b77ac3a0efb2c33a4498544c96bb702a656cbbfe17af18ec859c6d6b4c2142,True
501,sappo_pi_A_specialist_1p5M_seed7100001,48532,1120368,547,7,,OP3,OPPONENT_POOL,train,map_a_open,-1,0,SCRIPTED:OP6,5,1,1,0,1,240,0.5199999809265137,1,0,0,69,0,0,0,0,0,0,0,0,0,0,0,0,0,0,0,0,43.0,10.537668863932291,1.0,0.0,0.013479039072990417,0.04999999701976776,0.0,0.0,0.0,0.24864445626735687,map_a,map_a_open,RULESET_V3_M1_OWN_FLAG_HOME,73b77ac3a0efb2c33a4498544c96bb702a656cbbfe17af18ec859c6d6b4c2142,True
502,sappo_pi_A_specialist_1p5M_seed7100001,48532,1120576,547,20,,OP3,OPPONENT_POOL,train,map_a_open,-1,0,SCRIPTED:OP6,5,0,0,0,0,240,0.4399999976158142,1,0,0,13,0,0,0,0,0,0,0,0,0,0,0,0,0,0,0,0,,13.068059285481771,-0.5,0.0,-0.005301028490066528,0.04999988526105881,0.0,0.0,0.0,-0.12160158157348633,map_a,map_a_open,RULESET_V3_M1_OWN_FLAG_HOME,73b77ac3a0efb2c33a4498544c96bb702a656cbbfe17af18ec859c6d6b4c2142,True
503,sappo_pi_A_specialist_1p5M_seed7100001,48532,1120608,547,22,,OP3,OPPONENT_POOL,train,map_a_open,-1,0,SCRIPTED:OP6,5,0,0,0,0,240,0.35999998450279236,1,0,0,14,0,0,0,0,0,0,0,0,0,0,0,0,0,0,0,0,,12.324074300130208,-0.5,0.0,-0.010558277368545532,0.04999999701976776,0.0,0.0,-0.00800000037997961,-0.1238950714468956,map_a,map_a_open,RULESET_V3_M1_OWN_FLAG_HOME,73b77ac3a0efb2c33a4498544c96bb702a656cbbfe17af18ec859c6d6b4c2142,True
504,sappo_pi_A_specialist_1p5M_seed7100001,48532,1120944,547,43,,OP3,OPPONENT_POOL,train,map_a_open,-1,0,SCRIPTED:OP6,5,1,3,1,2,172,0.47999998927116394,1,0,0,70,0,0,0,0,0,0,0,0,0,0,0,0,0,0,0,0,70.0,5.026487483534702,1.0,0.5,-0.010423779487609863,0.0,1.0,100.0,-0.004000000189989805,0.5534551739692688,map_a,map_a_open,RULESET_V3_M1_OWN_FLAG_HOME,73b77ac3a0efb2c33a4498544c96bb702a656cbbfe17af18ec859c6d6b4c2142,True
505,sappo_pi_A_specialist_1p5M_seed7100001,48532,1121216,547,60,,OP3,OPPONENT_POOL,train,map_a_open,-1,0,SCRIPTED:OP6,5,1,2,1,1,240,0.5999999642372131,0,1,0,63,0,0,0,0,0,0,0,0,0,0,0,0,0,0,0,0,97.0,6.894367980957031,1.0,0.0,0.013370871543884277,0.04999999701976776,0.0,0.0,-0.00800000037997961,0.24676081538200378,map_a,map_a_open,RULESET_V3_M1_OWN_FLAG_HOME,73b77ac3a0efb2c33a4498544c96bb702a656cbbfe17af18ec859c6d6b4c2142,True
506,sappo_pi_A_specialist_1p5M_seed7100001,48532,1121376,547,70,,OP3,OPPONENT_POOL,train,map_a_open,-1,0,SCRIPTED:OP6,5,1,1,0,1,240,0.6399999856948853,1,0,0,55,0,0,0,0,0,0,0,0,0,0,0,0,0,0,0,0,106.0,9.367453002929688,1.0,0.0,0.01691073179244995,0.04999999701976776,0.0,0.0,0.0,0.2488456815481186,map_a,map_a_open,RULESET_V3_M1_OWN_FLAG_HOME,73b77ac3a0efb2c33a4498544c96bb702a656cbbfe17af18ec859c6d6b4c2142,True
507,sappo_pi_A_specialist_1p5M_seed7100001,48532,1121616,547,85,,OP3,OPPONENT_POOL,train,map_a_open,-1,0,SCRIPTED:OP6,5,0,0,0,0,240,0.5600000023841858,1,0,0,22,0,0,0,0,0,0,0,0,0,0,0,0,0,0,0,0,,12.188368733723959,-0.5,0.0,-0.017444640398025513,0.04999999701976776,0.0,0.0,0.0,-0.12234926223754883,map_a,map_a_open,RULESET_V3_M1_OWN_FLAG_HOME,73b77ac3a0efb2c33a4498544c96bb702a656cbbfe17af18ec859c6d6b4c2142,True
508,sappo_pi_A_specialist_1p5M_seed7100001,48532,1121696,547,90,,OP3,OPPONENT_POOL,train,map_a_open,-1,0,SCRIPTED:OP6,5,1,2,0,2,240,0.47999998927116394,0,2,0,33,0,0,0,0,0,0,0,0,0,0,0,0,0,0,0,0,43.0,10.767026774088542,1.0,0.0,0.004195064306259155,0.04999999701976776,0.0,0.0,0.0,0.24809999763965607,map_a,map_a_open,RULESET_V3_M1_OWN_FLAG_HOME,73b77ac3a0efb2c33a4498544c96bb702a656cbbfe17af18ec859c6d6b4c2142,True
509,sappo_pi_A_specialist_1p5M_seed7100001,48532,1121760,547,94,,OP3,OPPONENT_POOL,train,map_a_open,-1,0,SCRIPTED:OP6,5,0,0,0,0,240,0.35999998450279236,1,0,0,8,0,0,0,0,0,0,0,0,0,0,0,0,0,0,0,0,,12.61474609375,-0.5,0.0,-0.00850212574005127,0.04999999701976776,0.0,0.0,0.0,-0.12179867923259735,map_a,map_a_open,RULESET_V3_M1_OWN_FLAG_HOME,73b77ac3a0efb2c33a4498544c96bb702a656cbbfe17af18ec859c6d6b4c2142,True
510,sappo_pi_A_specialist_1p5M_seed7100001,48532,1122576,548,17,,OP3,OPPONENT_POOL,train,map_a_open,-1,0,SCRIPTED:OP6,5,0,0,0,0,240,0.5600000023841858,0,1,0,28,0,0,0,0,0,0,0,0,0,0,0,0,0,0,0,0,,12.233479817708334,-0.5,0.0,0.009335726499557495,0.04999999701976776,0.0,0.0,0.0,-0.12070020288228989,map_a,map_a_open,RULESET_V3_M1_OWN_FLAG_HOME,73b77ac3a0efb2c33a4498544c96bb702a656cbbfe17af18ec859c6d6b4c2142,True
511,sappo_pi_A_specialist_1p5M_seed7100001,48532,1122640,548,21,,OP3,OPPONENT_POOL,train,map_a_open,-1,0,SCRIPTED:OP6,5,1,3,0,3,127,0.4399999976158142,1,0,0,71,0,0,0,0,0,0,0,0,0,0,0,0,0,0,0,0,55.0,4.704990176703986,1.0,0.5,-0.010217413306236267,0.0,1.0,100.0,-0.00800000037997961,0.5527700185775757,map_a,map_a_open,RULESET_V3_M1_OWN_FLAG_HOME,73b77ac3a0efb2c33a4498544c96bb702a656cbbfe17af18ec859c6d6b4c2142,True
512,sappo_pi_A_specialist_1p5M_seed7100001,48532,1123056,548,47,,OP3,OPPONENT_POOL,train,map_a_open,-1,0,SCRIPTED:OP6,5,1,3,1,2,208,0.5199999809265137,0,1,0,87,0,0,0,0,0,0,0,0,0,0,0,0,0,0,0,0,78.0,4.8607198275052586,1.0,0.5,-0.009793460369110107,0.0,1.0,100.0,-0.004000000189989805,0.5534825325012207,map_a,map_a_open,RULESET_V3_M1_OWN_FLAG_HOME,73b77ac3a0efb2c33a4498544c96bb702a656cbbfe17af18ec859c6d6b4c2142,True
513,sappo_pi_A_specialist_1p5M_seed7100001,48532,1123104,548,50,,OP3,OPPONENT_POOL,train,map_a_open,-1,0,SCRIPTED:OP6,5,1,1,0,1,240,0.47999998927116394,1,0,0,16,0,0,0,0,0,0,0,0,0,0,0,0,0,0,0,0,44.0,12.20762939453125,1.0,0.0,0.017419755458831787,0.04999999701976776,0.0,0.0,0.0,0.24887549877166748,map_a,map_a_open,RULESET_V3_M1_OWN_FLAG_HOME,73b77ac3a0efb2c33a4498544c96bb702a656cbbfe17af18ec859c6d6b4c2142,True
514,sappo_pi_A_specialist_1p5M_seed7100001,48532,1123136,548,52,,OP3,OPPONENT_POOL,train,map_a_open,-1,0,SCRIPTED:OP6,5,1,1,0,1,240,0.3999999761581421,0,1,0,50,0,0,0,0,0,0,0,0,0,0,0,0,0,0,0,0,92.0,9.631095377604167,1.0,0.0,-0.0034637451171875,0.04999999701976776,0.0,0.0,0.0,0.24765075743198395,map_a,map_a_open,RULESET_V3_M1_OWN_FLAG_HOME,73b77ac3a0efb2c33a4498544c96bb702a656cbbfe17af18ec859c6d6b4c2142,True
515,sappo_pi_A_specialist_1p5M_seed7100001,48532,1123472,548,73,,OP3,OPPONENT_POOL,train,map_a_open,-1,0,SCRIPTED:OP6,5,0,0,0,0,240,0.5999999642372131,1,0,0,18,0,0,0,0,0,0,0,0,0,0,0,0,0,0,0,0,,12.743470255533854,-0.5,0.0,0.01586456596851349,0.04999999701976776,0.0,0.0,0.0,-0.12029808014631271,map_a,map_a_open,RULESET_V3_M1_OWN_FLAG_HOME,73b77ac3a0efb2c33a4498544c96bb702a656cbbfe17af18ec859c6d6b4c2142,True
516,sappo_pi_A_specialist_1p5M_seed7100001,48532,1123472,548,73,,OP3,OPPONENT_POOL,train,map_a_open,-1,0,SCRIPTED:OP6,5,1,1,0,1,240,0.4399999976158142,1,0,0,19,0,0,0,0,0,0,0,0,0,0,0,0,0,0,0,0,49.0,11.720419311523438,1.0,0.0,-0.0021239668130874634,0.04999999701976776,0.0,0.0,-0.004000000189989805,0.24679048359394073,map_a,map_a_open,RULESET_V3_M1_OWN_FLAG_HOME,73b77ac3a0efb2c33a4498544c96bb702a656cbbfe17af18ec859c6d6b4c2142,True
517,sappo_pi_A_specialist_1p5M_seed7100001,48532,1123840,548,96,,OP3,OPPONENT_POOL,train,map_a_open,-1,0,SCRIPTED:OP6,5,1,1,0,1,240,0.5999999642372131,1,0,0,18,0,0,0,0,0,0,0,0,0,0,0,0,0,0,0,0,43.0,12.05723876953125,1.0,0.0,0.011259958148002625,0.04999999701976776,0.0,0.0,-0.004000000189989805,0.24757586419582367,map_a,map_a_open,RULESET_V3_M1_OWN_FLAG_HOME,73b77ac3a0efb2c33a4498544c96bb702a656cbbfe17af18ec859c6d6b4c2142,True
518,sappo_pi_A_specialist_1p5M_seed7100001,48532,1124208,548,119,,OP3,OPPONENT_POOL,train,map_a_open,-1,0,SCRIPTED:OP6,5,0,0,0,0,240,0.47999998927116394,0,1,0,32,0,0,0,0,0,0,0,0,0,0,0,0,0,0,0,0,,11.298233032226562,-0.5,0.0,-0.001944035291671753,0.04999999701976776,0.0,0.0,-0.004000000189989805,-0.12238000333309174,map_a,map_a_open,RULESET_V3_M1_OWN_FLAG_HOME,73b77ac3a0efb2c33a4498544c96bb702a656cbbfe17af18ec859c6d6b4c2142,True
519,sappo_pi_A_specialist_1p5M_seed7100001,48532,1124416,549,4,,OP3,OPPONENT_POOL,train,map_a_open,-1,0,SCRIPTED:OP6,5,1,2,1,1,240,0.47999998927116394,1,0,0,62,0,0,0,0,0,0,0,0,0,0,0,0,0,0,0,0,70.0,6.977261861165364,1.0,0.0,0.0031704306602478027,0.04999999701976776,0.0,0.0,0.0,0.24803990125656128,map_a,map_a_open,RULESET_V3_M1_OWN_FLAG_HOME,73b77ac3a0efb2c33a4498544c96bb702a656cbbfe17af18ec859c6d6b4c2142,True
520,sappo_pi_A_specialist_1p5M_seed7100001,48532,1124512,549,10,,OP3,OPPONENT_POOL,train,map_a_open,-1,0,SCRIPTED:OP6,5,1,3,1,2,172,0.35999998450279236,0,2,0,69,0,0,0,0,0,0,0,0,0,0,0,0,0,0,0,0,72.0,4.970733287722566,1.0,0.5,-0.007396861910820007,0.0,1.0,100.0,-0.004000000189989805,0.5535863637924194,map_a,map_a_open,RULESET_V3_M1_OWN_FLAG_HOME,73b77ac3a0efb2c33a4498544c96bb702a656cbbfe17af18ec859c6d6b4c2142,True
521,sappo_pi_A_specialist_1p5M_seed7100001,48532,1124784,549,27,,OP3,OPPONENT_POOL,train,map_a_open,-1,0,SCRIPTED:OP6,5,0,1,1,0,240,0.5199999809265137,0,1,0,30,0,0,0,0,0,0,0,0,0,0,0,0,0,0,0,0,60.0,10.550513712565104,-0.5,0.0,-0.013688251376152039,0.04999999701976776,0.0,0.0,0.0,-0.12211798876523972,map_a,map_a_open,RULESET_V3_M1_OWN_FLAG_HOME,73b77ac3a0efb2c33a4498544c96bb702a656cbbfe17af18ec859c6d6b4c2142,True
522,sappo_pi_A_specialist_1p5M_seed7100001,48532,1125056,549,44,,OP3,OPPONENT_POOL,train,map_a_open,-1,0,SCRIPTED:OP6,5,0,0,0,0,240,0.4399999976158142,0,1,0,34,0,0,0,0,0,0,0,0,0,0,0,0,0,0,0,0,,12.52002665201823,-0.5,0.0,-0.01455312967300415,0.04999999701976776,0.0,0.0,-0.004000000189989805,-0.12315619736909866,map_a,map_a_open,RULESET_V3_M1_OWN_FLAG_HOME,73b77ac3a0efb2c33a4498544c96bb702a656cbbfe17af18ec859c6d6b4c2142,True
523,sappo_pi_A_specialist_1p5M_seed7100001,48532,1125200,549,53,,OP3,OPPONENT_POOL,train,map_a_open,-1,0,SCRIPTED:OP6,5,1,3,0,3,164,0.3999999761581421,0,2,0,129,0,0,0,0,0,0,0,0,0,0,0,0,0,0,0,0,32.0,3.5435444901629194,1.0,0.5,-0.010375842452049255,0.0,1.0,100.0,0.0,0.5541505217552185,map_a,map_a_open,RULESET_V3_M1_OWN_FLAG_HOME,73b77ac3a0efb2c33a4498544c96bb702a656cbbfe17af18ec859c6d6b4c2142,True
524,sappo_pi_A_specialist_1p5M_seed7100001,48532,1125216,549,54,,OP3,OPPONENT_POOL,train,map_a_open,-1,0,SCRIPTED:OP6,5,0,0,0,0,240,0.47999998927116394,1,0,0,20,0,0,0,0,0,0,0,0,0,0,0,0,0,0,0,0,,11.624665323893229,-0.5,0.0,-0.011630341410636902,0.04999999701976776,0.0,0.0,-0.004000000189989805,-0.12297628819942474,map_a,map_a_open,RULESET_V3_M1_OWN_FLAG_HOME,73b77ac3a0efb2c33a4498544c96bb702a656cbbfe17af18ec859c6d6b4c2142,True
525,sappo_pi_A_specialist_1p5M_seed7100001,48532,1125456,549,69,,OP3,OPPONENT_POOL,train,map_a_open,-1,0,SCRIPTED:OP6,5,1,2,0,2,240,0.5600000023841858,1,0,0,54,0,0,0,0,0,0,0,0,0,0,0,0,0,0,0,0,95.0,9.042234293619792,1.0,0.0,-0.0005320608615875244,0.04999999701976776,0.0,0.0,0.0,0.24782273173332214,map_a,map_a_open,RULESET_V3_M1_OWN_FLAG_HOME,73b77ac3a0efb2c33a4498544c96bb702a656cbbfe17af18ec859c6d6b4c2142,True
526,sappo_pi_A_specialist_1p5M_seed7100001,48532,1125536,549,74,,OP3,OPPONENT_POOL,train,map_a_open,-1,0,SCRIPTED:OP6,5,0,0,0,0,240,0.35999998450279236,1,0,0,14,0,0,0,0,0,0,0,0,0,0,0,0,0,0,0,0,,13.327523803710937,-0.5,0.0,-0.00017267465591430664,0.04999999701976776,0.0,0.0,0.0,-0.12128578126430511,map_a,map_a_open,RULESET_V3_M1_OWN_FLAG_HOME,73b77ac3a0efb2c33a4498544c96bb702a656cbbfe17af18ec859c6d6b4c2142,True
527,sappo_pi_A_specialist_1p5M_seed7100001,48532,1126240,549,118,,OP3,OPPONENT_POOL,train,map_a_open,-1,0,SCRIPTED:OP6,5,1,3,0,3,127,0.47999998927116394,1,0,0,55,0,0,0,0,0,0,0,0,0,0,0,0,0,0,0,0,68.0,4.983480618694636,1.0,0.5,-0.010240674018859863,0.0,1.0,100.0,0.0,0.5541564226150513,map_a,map_a_open,RULESET_V3_M1_OWN_FLAG_HOME,73b77ac3a0efb2c33a4498544c96bb702a656cbbfe17af18ec859c6d6b4c2142,True
528,sappo_pi_A_specialist_1p5M_seed7100001,48532,1126480,550,5,,OP3,OPPONENT_POOL,train,map_a_open,-1,0,SCRIPTED:OP6,5,1,1,0,1,240,0.3999999761581421,1,0,0,30,0,0,0,0,0,0,0,0,0,0,0,0,0,0,0,0,44.0,11.095321655273438,1.0,0.0,0.00035215914249420166,0.04999999701976776,0.0,0.0,0.0,0.24787460267543793,map_a,map_a_open,RULESET_V3_M1_OWN_FLAG_HOME,73b77ac3a0efb2c33a4498544c96bb702a656cbbfe17af18ec859c6d6b4c2142,True
529,sappo_pi_A_specialist_1p5M_seed7100001,48532,1126896,550,31,,OP3,OPPONENT_POOL,train,map_a_open,-1,0,SCRIPTED:OP6,5,1,1,0,1,240,0.5199999809265137,0,1,0,37,0,0,0,0,0,0,0,0,0,0,0,0,0,0,0,0,31.0,11.415005493164063,1.0,0.0,0.0028618276119232178,0.04999999701976776,0.0,0.0,0.0,0.24802181124687195,map_a,map_a_open,RULESET_V3_M1_OWN_FLAG_HOME,73b77ac3a0efb2c33a4498544c96bb702a656cbbfe17af18ec859c6d6b4c2142,True
530,sappo_pi_A_specialist_1p5M_seed7100001,48532,1126944,550,34,,OP3,OPPONENT_POOL,train,map_a_open,-1,0,SCRIPTED:OP6,5,0,0,0,0,240,0.35999998450279236,1,0,0,48,0,0,0,0,0,0,0,0,0,0,0,0,0,0,0,0,,11.603940836588542,-0.5,0.0,-0.010227859020233154,0.049999989569187164,0.0,0.0,-0.004000000189989805,-0.12288995832204819,map_a,map_a_open,RULESET_V3_M1_OWN_FLAG_HOME,73b77ac3a0efb2c33a4498544c96bb702a656cbbfe17af18ec859c6d6b4c2142,True
531,sappo_pi_A_specialist_1p5M_seed7100001,48532,1126976,550,36,,OP3,OPPONENT_POOL,train,map_a_open,-1,0,SCRIPTED:OP6,5,0,0,0,0,240,0.3199999928474426,1,0,0,19,0,0,0,0,0,0,0,0,0,0,0,0,0,0,0,0,,11.58921407063802,-0.5,0.0,-0.007214203476905823,0.04999999701976776,0.0,0.0,0.0,-0.12171938270330429,map_a,map_a_open,RULESET_V3_M1_OWN_FLAG_HOME,73b77ac3a0efb2c33a4498544c96bb702a656cbbfe17af18ec859c6d6b4c2142,True
532,sappo_pi_A_specialist_1p5M_seed7100001,48532,1127312,550,57,,OP3,OPPONENT_POOL,train,map_a_open,-1,0,SCRIPTED:OP6,5,1,1,0,1,240,0.4399999976158142,1,0,0,66,0,0,0,0,0,0,0,0,0,0,0,0,0,0,0,0,68.0,10.072793579101562,1.0,0.0,0.0010086596012115479,0.04999999701976776,0.0,0.0,0.0,0.24791310727596283,map_a,map_a_open,RULESET_V3_M1_OWN_FLAG_HOME,73b77ac3a0efb2c33a4498544c96bb702a656cbbfe17af18ec859c6d6b4c2142,True
533,sappo_pi_A_specialist_1p5M_seed7100001,48532,1127312,550,57,,OP3,OPPONENT_POOL,train,map_a_open,-1,0,SCRIPTED:OP6,5,1,1,0,1,240,0.4399999976158142,0,1,0,30,0,0,0,0,0,0,0,0,0,0,0,0,0,0,0,0,50.0,11.110260009765625,1.0,0.0,0.003954097628593445,0.04999999701976776,0.0,0.0,0.0,0.2480858862400055,map_a,map_a_open,RULESET_V3_M1_OWN_FLAG_HOME,73b77ac3a0efb2c33a4498544c96bb702a656cbbfe17af18ec859c6d6b4c2142,True
534,sappo_pi_A_specialist_1p5M_seed7100001,48532,1127680,550,80,,OP3,OPPONENT_POOL,train,map_a_open,-1,0,SCRIPTED:OP6,5,1,2,0,2,240,0.4399999976158142,0,1,0,92,0,0,0,0,0,0,0,0,0,0,0,0,0,0,0,0,48.0,6.802042134602865,1.0,0.0,0.0025557279586791992,0.04999999701976776,0.0,0.0,0.0,0.24800385534763336,map_a,map_a_open,RULESET_V3_M1_OWN_FLAG_HOME,73b77ac3a0efb2c33a4498544c96bb702a656cbbfe17af18ec859c6d6b4c2142,True
535,sappo_pi_A_specialist_1p5M_seed7100001,48532,1128256,550,116,,OP3,OPPONENT_POOL,train,map_a_open,-1,0,SCRIPTED:OP6,5,0,0,0,0,240,0.47999998927116394,1,0,0,24,0,0,0,0,0,0,0,0,0,0,0,0,0,0,0,0,,13.21290995279948,-0.5,0.0,-0.01441793143749237,0.04999995231628418,0.0,0.0,-0.00800000037997961,-0.12413258850574493,map_a,map_a_open,RULESET_V3_M1_OWN_FLAG_HOME,73b77ac3a0efb2c33a4498544c96bb702a656cbbfe17af18ec859c6d6b4c2142,True
536,sappo_pi_A_specialist_1p5M_seed7100001,48532,1128352,550,122,,OP3,OPPONENT_POOL,train,map_a_open,-1,0,SCRIPTED:OP6,5,0,0,0,0,240,0.5199999809265137,1,0,0,9,0,0,0,0,0,0,0,0,0,0,0,0,0,0,0,0,,13.036406453450521,-0.5,0.0,-0.007603690028190613,0.04999999701976776,0.0,0.0,-0.004000000189989805,-0.12272842228412628,map_a,map_a_open,RULESET_V3_M1_OWN_FLAG_HOME,73b77ac3a0efb2c33a4498544c96bb702a656cbbfe17af18ec859c6d6b4c2142,True
537,sappo_pi_A_specialist_1p5M_seed7100001,48532,1128624,551,11,,OP3,OPPONENT_POOL,train,map_a_open,-1,0,SCRIPTED:OP6,5,0,1,1,0,240,0.35999998450279236,0,1,0,53,0,0,0,0,0,0,0,0,0,0,0,0,0,0,0,0,29.0,8.443901062011719,-0.5,0.0,0.00869452953338623,0.04999999701976776,0.0,0.0,-0.00800000037997961,-0.12271006405353546,map_a,map_a_open,RULESET_V3_M1_OWN_FLAG_HOME,73b77ac3a0efb2c33a4498544c96bb702a656cbbfe17af18ec859c6d6b4c2142,True
538,sappo_pi_A_specialist_1p5M_seed7100001,48532,1128816,551,23,,OP3,OPPONENT_POOL,train,map_a_open,-1,0,SCRIPTED:OP6,5,1,3,0,3,205,0.35999998450279236,1,0,0,101,0,0,0,0,0,0,0,0,0,0,0,0,0,0,0,0,127.0,4.602101395769817,1.0,0.5,-0.00993393361568451,0.0,1.0,100.0,-0.004000000189989805,0.5534763336181641,map_a,map_a_open,RULESET_V3_M1_OWN_FLAG_HOME,73b77ac3a0efb2c33a4498544c96bb702a656cbbfe17af18ec859c6d6b4c2142,True
539,sappo_pi_A_specialist_1p5M_seed7100001,48532,1128896,551,28,,OP3,OPPONENT_POOL,train,map_a_open,-1,0,SCRIPTED:OP6,5,1,1,0,1,240,0.6800000071525574,1,0,0,60,0,0,0,0,0,0,0,0,0,0,0,0,0,0,0,0,33.0,9.5333984375,1.0,0.0,0.007286921143531799,0.04999999701976776,0.0,0.0,0.0,0.2482813447713852,map_a,map_a_open,RULESET_V3_M1_OWN_FLAG_HOME,73b77ac3a0efb2c33a4498544c96bb702a656cbbfe17af18ec859c6d6b4c2142,True
540,sappo_pi_A_specialist_1p5M_seed7100001,48532,1129040,551,37,,OP3,OPPONENT_POOL,train,map_a_open,-1,0,SCRIPTED:OP6,5,0,0,1,-1,240,0.4399999976158142,1,0,0,30,0,0,0,0,0,0,0,0,0,0,0,0,0,0,0,0,54.0,11.542703247070312,-1.0,0.0,0.0010976344347000122,0.04999999701976776,0.0,0.0,-0.004000000189989805,-0.2428555190563202,map_a,map_a_open,RULESET_V3_M1_OWN_FLAG_HOME,73b77ac3a0efb2c33a4498544c96bb702a656cbbfe17af18ec859c6d6b4c2142,True
541,sappo_pi_A_specialist_1p5M_seed7100001,48532,1129056,551,38,,OP3,OPPONENT_POOL,train,map_a_open,-1,0,SCRIPTED:OP6,5,1,1,0,1,240,0.3999999761581421,0,2,0,26,0,0,0,0,0,0,0,0,0,0,0,0,0,0,0,0,45.0,12.038509114583333,1.0,0.0,0.012975528836250305,0.04999999701976776,0.0,0.0,-0.004000000189989805,0.2476765215396881,map_a,map_a_open,RULESET_V3_M1_OWN_FLAG_HOME,73b77ac3a0efb2c33a4498544c96bb702a656cbbfe17af18ec859c6d6b4c2142,True
542,sappo_pi_A_specialist_1p5M_seed7100001,48532,1129296,551,53,,OP3,OPPONENT_POOL,train,map_a_open,-1,0,SCRIPTED:OP6,5,0,0,0,0,240,0.4399999976158142,1,0,0,13,0,0,0,0,0,0,0,0,0,0,0,0,0,0,0,0,,13.377452596028645,-0.5,0.0,-0.0041893720626831055,0.04999999701976776,0.0,0.0,0.0,-0.12153312563896179,map_a,map_a_open,RULESET_V3_M1_OWN_FLAG_HOME,73b77ac3a0efb2c33a4498544c96bb702a656cbbfe17af18ec859c6d6b4c2142,True
543,sappo_pi_A_specialist_1p5M_seed7100001,48532,1129328,551,55,,OP3,OPPONENT_POOL,train,map_a_open,-1,0,SCRIPTED:OP6,5,1,3,1,2,152,0.5999999642372131,1,0,0,45,0,0,0,0,0,0,0,0,0,0,0,0,0,0,0,0,56.0,4.807355378803454,1.0,0.5,-0.011533856391906738,0.0,1.0,100.0,-0.004000000189989805,0.5534070730209351,map_a,map_a_open,RULESET_V3_M1_OWN_FLAG_HOME,73b77ac3a0efb2c33a4498544c96bb702a656cbbfe17af18ec859c6d6b4c2142,True
544,sappo_pi_A_specialist_1p5M_seed7100001,48532,1130080,551,102,,OP3,OPPONENT_POOL,train,map_a_open,-1,0,SCRIPTED:OP6,5,1,1,0,1,240,0.4399999976158142,1,0,0,53,0,0,0,0,0,0,0,0,0,0,0,0,0,0,0,0,83.0,9.066153971354167,1.0,0.0,0.0036670565605163574,0.04999995231628418,0.0,0.0,-0.004000000189989805,0.24713033437728882,map_a,map_a_open,RULESET_V3_M1_OWN_FLAG_HOME,73b77ac3a0efb2c33a4498544c96bb702a656cbbfe17af18ec859c6d6b4c2142,True
545,sappo_pi_A_specialist_1p5M_seed7100001,48532,1130320,551,117,,OP3,OPPONENT_POOL,train,map_a_open,-1,0,SCRIPTED:OP6,5,0,1,1,0,240,0.5600000023841858,1,0,0,91,0,0,0,0,0,0,0,0,0,0,0,0,0,0,0,0,121.0,7.478394063313802,-0.5,0.0,-0.014145880937576294,0.04999999701976776,0.0,0.0,-0.00800000037997961,-0.12411584705114365,map_a,map_a_open,RULESET_V3_M1_OWN_FLAG_HOME,73b77ac3a0efb2c33a4498544c96bb702a656cbbfe17af18ec859c6d6b4c2142,True
546,sappo_pi_A_specialist_1p5M_seed7100001,48532,1130784,552,18,,OP3,OPPONENT_POOL,train,map_a_open,-1,0,SCRIPTED:OP6,5,1,2,0,2,240,0.47999998927116394,1,0,0,130,0,0,0,0,0,0,0,0,0,0,0,0,0,0,0,0,44.0,4.819003295898438,1.0,0.0,0.0016787350177764893,0.04999999701976776,0.0,0.0,0.0,0.2479524165391922,map_a,map_a_open,RULESET_V3_M1_OWN_FLAG_HOME,73b77ac3a0efb2c33a4498544c96bb702a656cbbfe17af18ec859c6d6b4c2142,True
547,sappo_pi_A_specialist_1p5M_seed7100001,48532,1130816,552,20,,OP3,OPPONENT_POOL,train,map_a_open,-1,0,SCRIPTED:OP6,5,0,0,0,0,240,0.47999998927116394,1,0,0,26,0,0,0,0,0,0,0,0,0,0,0,0,0,0,0,0,,12.15907694498698,-0.5,0.0,-0.004924863576889038,0.04999999701976776,0.0,0.0,-0.004000000189989805,-0.12256351113319397,map_a,map_a_open,RULESET_V3_M1_OWN_FLAG_HOME,73b77ac3a0efb2c33a4498544c96bb702a656cbbfe17af18ec859c6d6b4c2142,True
548,sappo_pi_A_specialist_1p5M_seed7100001,48532,1131152,552,41,,OP3,OPPONENT_POOL,train,map_a_open,-1,0,SCRIPTED:OP6,5,1,1,0,1,240,0.3999999761581421,0,1,0,51,0,0,0,0,0,0,0,0,0,0,0,0,0,0,0,0,81.0,10.117336018880208,1.0,0.0,0.00261765718460083,0.04999999701976776,0.0,0.0,0.0,0.24800749123096466,map_a,map_a_open,RULESET_V3_M1_OWN_FLAG_HOME,73b77ac3a0efb2c33a4498544c96bb702a656cbbfe17af18ec859c6d6b4c2142,True
549,sappo_pi_A_specialist_1p5M_seed7100001,48532,1131152,552,41,,OP3,OPPONENT_POOL,train,map_a_open,-1,0,SCRIPTED:OP6,5,1,1,0,1,240,0.3199999928474426,0,1,0,41,0,0,0,0,0,0,0,0,0,0,0,0,0,0,0,0,69.0,10.857506306966146,1.0,0.0,-0.011850044131278992,0.049999866634607315,0.0,0.0,0.0,0.24715867638587952,map_a,map_a_open,RULESET_V3_M1_OWN_FLAG_HOME,73b77ac3a0efb2c33a4498544c96bb702a656cbbfe17af18ec859c6d6b4c2142,True
550,sappo_pi_A_specialist_1p5M_seed7100001,48532,1131264,552,48,,OP3,OPPONENT_POOL,train,map_a_open,-1,0,SCRIPTED:OP6,5,1,3,0,3,138,0.47999998927116394,1,0,0,51,0,0,0,0,0,0,0,0,0,0,0,0,0,0,0,0,79.0,4.972678364187047,1.0,0.5,0.005198940634727478,0.0,1.0,100.0,-0.004000000189989805,0.5541321039199829,map_a,map_a_open,RULESET_V3_M1_OWN_FLAG_HOME,73b77ac3a0efb2c33a4498544c96bb702a656cbbfe17af18ec859c6d6b4c2142,True
551,sappo_pi_A_specialist_1p5M_seed7100001,48532,1131296,552,50,,OP3,OPPONENT_POOL,train,map_a_open,-1,0,SCRIPTED:OP6,5,1,3,0,3,150,0.3999999761581421,0,1,0,70,0,0,0,0,0,0,0,0,0,0,0,0,0,0,0,0,84.0,4.3249723307291665,1.0,0.5,-0.010366380214691162,0.0,1.0,100.0,-0.004000000189989805,0.5534576773643494,map_a,map_a_open,RULESET_V3_M1_OWN_FLAG_HOME,73b77ac3a0efb2c33a4498544c96bb702a656cbbfe17af18ec859c6d6b4c2142,True
552,sappo_pi_A_specialist_1p5M_seed7100001,48532,1131520,552,64,,OP3,OPPONENT_POOL,train,map_a_open,-1,0,SCRIPTED:OP6,5,1,2,0,2,240,0.5199999809265137,0,2,0,121,0,0,0,0,0,0,0,0,0,0,0,0,0,0,0,0,83.0,5.579730224609375,1.0,0.0,0.005496501922607422,0.04999999701976776,0.0,0.0,0.0,0.24817635118961334,map_a,map_a_open,RULESET_V3_M1_OWN_FLAG_HOME,73b77ac3a0efb2c33a4498544c96bb702a656cbbfe17af18ec859c6d6b4c2142,True
553,sappo_pi_A_specialist_1p5M_seed7100001,48532,1131744,552,78,,OP3,OPPONENT_POOL,train,map_a_open,-1,0,SCRIPTED:OP6,5,1,3,1,2,195,0.3999999761581421,1,0,0,65,0,0,0,0,0,0,0,0,0,0,0,0,0,0,0,0,45.0,5.138943872696314,1.0,0.5,-0.01055319607257843,0.0,1.0,100.0,-0.004000000189989805,0.5534495711326599,map_a,map_a_open,RULESET_V3_M1_OWN_FLAG_HOME,73b77ac3a0efb2c33a4498544c96bb702a656cbbfe17af18ec859c6d6b4c2142,True
554,sappo_pi_A_specialist_1p5M_seed7100001,48532,1132096,552,100,,OP3,OPPONENT_POOL,train,map_a_open,-1,0,SCRIPTED:OP6,5,0,0,0,0,240,0.3199999928474426,1,0,0,17,0,0,0,0,0,0,0,0,0,0,0,0,0,0,0,0,,12.909874471028646,-0.5,0.0,-0.003758460283279419,0.04999999701976776,0.0,0.0,-0.004000000189989805,-0.12249170988798141,map_a,map_a_open,RULESET_V3_M1_OWN_FLAG_HOME,73b77ac3a0efb2c33a4498544c96bb702a656cbbfe17af18ec859c6d6b4c2142,True
555,sappo_pi_A_specialist_1p5M_seed7100001,48532,1132192,552,106,,OP3,OPPONENT_POOL,train,map_a_open,-1,0,SCRIPTED:OP6,5,0,0,0,0,240,0.2800000011920929,1,0,0,9,0,0,0,0,0,0,0,0,0,0,0,0,0,0,0,0,,13.227069091796874,-0.5,0.0,0.011091858148574829,0.04999999701976776,0.0,0.0,-0.004000000189989805,-0.12157738208770752,map_a,map_a_open,RULESET_V3_M1_OWN_FLAG_HOME,73b77ac3a0efb2c33a4498544c96bb702a656cbbfe17af18ec859c6d6b4c2142,True
556,sappo_pi_A_specialist_1p5M_seed7100001,48532,1132656,553,7,,OP3,OPPONENT_POOL,train,map_a_open,-1,0,SCRIPTED:OP6,5,1,1,0,1,240,0.3199999928474426,1,0,0,15,0,0,0,0,0,0,0,0,0,0,0,0,0,0,0,0,47.0,12.06752217610677,1.0,0.0,-0.013267382979393005,0.04999999701976776,0.0,0.0,0.0,0.24707551300525665,map_a,map_a_open,RULESET_V3_M1_OWN_FLAG_HOME,73b77ac3a0efb2c33a4498544c96bb702a656cbbfe17af18ec859c6d6b4c2142,True
557,sappo_pi_A_specialist_1p5M_seed7100001,48532,1132880,553,21,,OP3,OPPONENT_POOL,train,map_a_open,-1,0,SCRIPTED:OP6,5,0,0,0,0,240,0.3999999761581421,1,0,0,37,0,0,0,0,0,0,0,0,0,0,0,0,0,0,0,0,,11.672360229492188,-0.5,0.0,-0.009890303015708923,0.04999999701976776,0.0,0.0,-0.004000000189989805,-0.12286917865276337,map_a,map_a_open,RULESET_V3_M1_OWN_FLAG_HOME,73b77ac3a0efb2c33a4498544c96bb702a656cbbfe17af18ec859c6d6b4c2142,True
558,sappo_pi_A_specialist_1p5M_seed7100001,48532,1133136,553,37,,OP3,OPPONENT_POOL,train,map_a_open,-1,0,SCRIPTED:OP6,5,0,0,0,0,240,0.23999999463558197,1,0,0,14,0,0,0,0,0,0,0,0,0,0,0,0,0,0,0,0,,13.178970336914062,-0.5,0.0,-0.021624818444252014,0.04999999701976776,0.0,0.0,0.0,-0.12260660529136658,map_a,map_a_open,RULESET_V3_M1_OWN_FLAG_HOME,73b77ac3a0efb2c33a4498544c96bb702a656cbbfe17af18ec859c6d6b4c2142,True
559,sappo_pi_A_specialist_1p5M_seed7100001,48532,1133168,553,39,,OP3,OPPONENT_POOL,train,map_a_open,-1,0,SCRIPTED:OP6,5,1,2,0,2,240,0.5199999809265137,1,0,0,61,0,0,0,0,0,0,0,0,0,0,0,0,0,0,0,0,42.0,8.749342854817709,1.0,0.0,-0.0009579211473464966,0.04999999701976776,0.0,0.0,-0.004000000189989805,0.24685890972614288,map_a,map_a_open,RULESET_V3_M1_OWN_FLAG_HOME,73b77ac3a0efb2c33a4498544c96bb702a656cbbfe17af18ec859c6d6b4c2142,True
560,sappo_pi_A_specialist_1p5M_seed7100001,48532,1133920,553,86,,OP3,OPPONENT_POOL,train,map_a_open,-1,0,SCRIPTED:OP6,5,0,0,0,0,240,0.4399999976158142,1,0,0,19,0,0,0,0,0,0,0,0,0,0,0,0,0,0,0,0,,12.59722188313802,-0.5,0.0,-0.0004712045192718506,0.04999999701976776,0.0,0.0,0.0,-0.12130416184663773,map_a,map_a_open,RULESET_V3_M1_OWN_FLAG_HOME,73b77ac3a0efb2c33a4498544c96bb702a656cbbfe17af18ec859c6d6b4c2142,True
561,sappo_pi_A_specialist_1p5M_seed7100001,48532,1134160,553,101,,OP3,OPPONENT_POOL,train,map_a_open,-1,0,SCRIPTED:OP6,5,1,1,0,1,240,0.3999999761581421,1,0,0,22,0,0,0,0,0,0,0,0,0,0,0,0,0,0,0,0,29.0,12.050414021809896,1.0,0.0,-0.0005900561809539795,0.04999999701976776,0.0,0.0,0.0,0.24781931936740875,map_a,map_a_open,RULESET_V3_M1_OWN_FLAG_HOME,73b77ac3a0efb2c33a4498544c96bb702a656cbbfe17af18ec859c6d6b4c2142,True
562,sappo_pi_A_specialist_1p5M_seed7100001,48532,1134624,554,2,,OP3,OPPONENT_POOL,train,map_a_open,-1,0,SCRIPTED:OP6,5,1,1,0,1,240,0.5199999809265137,1,0,0,30,0,0,0,0,0,0,0,0,0,0,0,0,0,0,0,0,57.0,11.40983378092448,1.0,0.0,-0.007726103067398071,0.04999999701976776,0.0,0.0,-0.004000000189989805,0.2464616447687149,map_a,map_a_open,RULESET_V3_M1_OWN_FLAG_HOME,73b77ac3a0efb2c33a4498544c96bb702a656cbbfe17af18ec859c6d6b4c2142,True
563,sappo_pi_A_specialist_1p5M_seed7100001,48532,1134656,554,4,,OP3,OPPONENT_POOL,train,map_a_open,-1,0,SCRIPTED:OP6,5,1,1,0,1,240,0.5199999809265137,0,1,0,16,0,0,0,0,0,0,0,0,0,0,0,0,0,0,0,0,30.0,12.513015747070312,1.0,0.0,-0.0004753023386001587,0.04999999701976776,0.0,0.0,0.0,0.24782606959342957,map_a,map_a_open,RULESET_V3_M1_OWN_FLAG_HOME,73b77ac3a0efb2c33a4498544c96bb702a656cbbfe17af18ec859c6d6b4c2142,True
564,sappo_pi_A_specialist_1p5M_seed7100001,48532,1134992,554,25,,OP3,OPPONENT_POOL,train,map_a_open,-1,0,SCRIPTED:OP6,5,0,0,0,0,240,0.4399999976158142,0,1,0,82,0,0,0,0,0,0,0,0,0,0,0,0,0,0,0,0,,7.445504760742187,-0.5,0.0,9.998679161071777e-05,0.04999999701976776,0.0,0.0,0.0,-0.12126898765563965,map_a,map_a_open,RULESET_V3_M1_OWN_FLAG_HOME,73b77ac3a0efb2c33a4498544c96bb702a656cbbfe17af18ec859c6d6b4c2142,True
565,sappo_pi_A_specialist_1p5M_seed7100001,48532,1134992,554,25,,OP3,OPPONENT_POOL,train,map_a_open,-1,0,SCRIPTED:OP6,5,0,0,0,0,240,0.47999998927116394,1,0,0,13,0,0,0,0,0,0,0,0,0,0,0,0,0,0,0,0,,12.898282877604167,-0.5,0.0,-0.0012533068656921387,0.04999999701976776,0.0,0.0,0.0,-0.12135232239961624,map_a,map_a_open,RULESET_V3_M1_OWN_FLAG_HOME,73b77ac3a0efb2c33a4498544c96bb702a656cbbfe17af18ec859c6d6b4c2142,True
566,sappo_pi_A_specialist_1p5M_seed7100001,48532,1135104,554,32,,OP3,OPPONENT_POOL,train,map_a_open,-1,0,SCRIPTED:OP6,5,0,0,0,0,240,0.35999998450279236,1,0,0,12,0,0,0,0,0,0,0,0,0,0,0,0,0,0,0,0,,12.695523071289063,-0.5,0.0,-0.007771715521812439,0.04999999701976776,0.0,0.0,0.0,-0.12175370752811432,map_a,map_a_open,RULESET_V3_M1_OWN_FLAG_HOME,73b77ac3a0efb2c33a4498544c96bb702a656cbbfe17af18ec859c6d6b4c2142,True
567,sappo_pi_A_specialist_1p5M_seed7100001,48532,1135136,554,34,,OP3,OPPONENT_POOL,train,map_a_open,-1,0,SCRIPTED:OP6,5,1,1,0,1,240,0.4399999976158142,0,1,0,42,0,0,0,0,0,0,0,0,0,0,0,0,0,0,0,0,25.0,10.681672159830729,1.0,0.0,-0.004828453063964844,0.04999999701976776,0.0,0.0,0.0,0.2475706934928894,map_a,map_a_open,RULESET_V3_M1_OWN_FLAG_HOME,73b77ac3a0efb2c33a4498544c96bb702a656cbbfe17af18ec859c6d6b4c2142,True
568,sappo_pi_A_specialist_1p5M_seed7100001,48532,1135152,554,35,,OP3,OPPONENT_POOL,train,map_a_open,-1,0,SCRIPTED:OP6,5,1,3,0,3,142,0.5199999809265137,0,1,0,56,0,0,0,0,0,0,0,0,0,0,0,0,0,0,0,0,54.0,4.941276013011664,1.0,0.5,-0.010644733905792236,0.0,1.0,100.0,-0.004000000189989805,0.55344557762146,map_a,map_a_open,RULESET_V3_M1_OWN_FLAG_HOME,73b77ac3a0efb2c33a4498544c96bb702a656cbbfe17af18ec859c6d6b4c2142,True
569,sappo_pi_A_specialist_1p5M_seed7100001,48532,1135168,554,36,,OP3,OPPONENT_POOL,train,map_a_open,-1,0,SCRIPTED:OP6,5,1,3,0,3,157,0.3999999761581421,0,1,0,89,0,0,0,0,0,0,0,0,0,0,0,0,0,0,0,0,97.0,4.244330339371019,1.0,0.5,-0.01031656563282013,0.0,1.0,100.0,0.0,0.5541530847549438,map_a,map_a_open,RULESET_V3_M1_OWN_FLAG_HOME,73b77ac3a0efb2c33a4498544c96bb702a656cbbfe17af18ec859c6d6b4c2142,True
570,sappo_pi_A_specialist_1p5M_seed7100001,48532,1135360,554,48,,OP3,OPPONENT_POOL,train,map_a_open,-1,0,SCRIPTED:OP6,5,1,1,0,1,240,0.47999998927116394,1,0,0,48,0,0,0,0,0,0,0,0,0,0,0,0,0,0,0,0,35.0,12.120933024088542,1.0,0.0,-0.004225641489028931,0.04999999701976776,0.0,0.0,-0.004000000189989805,0.24666711688041687,map_a,map_a_open,RULESET_V3_M1_OWN_FLAG_HOME,73b77ac3a0efb2c33a4498544c96bb702a656cbbfe17af18ec859c6d6b4c2142,True
571,sappo_pi_A_specialist_1p5M_seed7100001,48532,1135584,554,62,,OP3,OPPONENT_POOL,train,map_a_open,-1,0,SCRIPTED:OP6,5,1,1,0,1,240,0.4399999976158142,1,0,0,19,0,0,0,0,0,0,0,0,0,0,0,0,0,0,0,0,45.0,12.127573649088541,1.0,0.0,-0.00445498526096344,0.04999999701976776,0.0,0.0,-0.004000000189989805,0.24665366113185883,map_a,map_a_open,RULESET_V3_M1_OWN_FLAG_HOME,73b77ac3a0efb2c33a4498544c96bb702a656cbbfe17af18ec859c6d6b4c2142,True
572,sappo_pi_A_specialist_1p5M_seed7100001,48532,1135936,554,84,,OP3,OPPONENT_POOL,train,map_a_open,-1,0,SCRIPTED:OP6,5,0,0,0,0,240,0.5199999809265137,1,0,0,20,0,0,0,0,0,0,0,0,0,0,0,0,0,0,0,0,,12.684402465820312,-0.5,0.0,-0.020879477262496948,0.04999999701976776,0.0,0.0,0.0,-0.12256070971488953,map_a,map_a_open,RULESET_V3_M1_OWN_FLAG_HOME,73b77ac3a0efb2c33a4498544c96bb702a656cbbfe17af18ec859c6d6b4c2142,True
573,sappo_pi_A_specialist_1p5M_seed7100001,48532,1136032,554,90,,OP3,OPPONENT_POOL,train,map_a_open,-1,0,SCRIPTED:OP6,5,0,0,0,0,240,0.3199999928474426,1,0,0,9,0,0,0,0,0,0,0,0,0,0,0,0,0,0,0,0,,13.308837890625,-0.5,0.0,-0.019837453961372375,0.04999999701976776,0.0,0.0,-0.004000000189989805,-0.12348144501447678,map_a,map_a_open,RULESET_V3_M1_OWN_FLAG_HOME,73b77ac3a0efb2c33a4498544c96bb702a656cbbfe17af18ec859c6d6b4c2142,True
574,sappo_pi_A_specialist_1p5M_seed7100001,48532,1136816,555,11,,OP3,OPPONENT_POOL,train,map_a_open,-1,0,SCRIPTED:OP6,5,1,3,0,3,103,0.3199999928474426,1,0,0,39,0,0,0,0,0,0,0,0,0,0,0,0,0,0,0,0,27.0,4.307429045149424,1.0,0.5,-0.006757140159606934,0.0,1.0,100.0,-0.004000000189989805,0.5536141395568848,map_a,map_a_open,RULESET_V3_M1_OWN_FLAG_HOME,73b77ac3a0efb2c33a4498544c96bb702a656cbbfe17af18ec859c6d6b4c2142,True
575,sappo_pi_A_specialist_1p5M_seed7100001,48532,1136976,555,21,,OP3,OPPONENT_POOL,train,map_a_open,-1,0,SCRIPTED:OP6,5,1,2,0,2,240,0.5199999809265137,1,0,0,131,0,0,0,0,0,0,0,0,0,0,0,0,0,0,0,0,71.0,4.326334635416667,1.0,0.0,0.017546266317367554,0.0,0.0,0.0,0.0,0.24594923853874207,map_a,map_a_open,RULESET_V3_M1_OWN_FLAG_HOME,73b77ac3a0efb2c33a4498544c96bb702a656cbbfe17af18ec859c6d6b4c2142,True
576,sappo_pi_A_specialist_1p5M_seed7100001,48532,1137008,555,23,,OP3,OPPONENT_POOL,train,map_a_open,-1,0,SCRIPTED:OP6,5,0,0,0,0,240,0.2800000011920929,1,0,0,135,0,0,0,0,0,0,0,0,0,0,0,0,0,0,0,0,,3.8996187845865884,-0.5,0.0,-0.003965407609939575,0.014999999664723873,0.0,0.0,-0.004000000189989805,-0.12465854734182358,map_a,map_a_open,RULESET_V3_M1_OWN_FLAG_HOME,73b77ac3a0efb2c33a4498544c96bb702a656cbbfe17af18ec859c6d6b4c2142,True
577,sappo_pi_A_specialist_1p5M_seed7100001,48532,1137760,555,70,,OP3,OPPONENT_POOL,train,map_a_open,-1,0,SCRIPTED:OP6,5,1,1,0,1,240,0.47999998927116394,1,0,0,48,0,0,0,0,0,0,0,0,0,0,0,0,0,0,0,0,69.0,10.358101399739583,1.0,0.0,-0.01059703528881073,0.04999999701976776,0.0,0.0,-0.004000000189989805,0.2462931126356125,map_a,map_a_open,RULESET_V3_M1_OWN_FLAG_HOME,73b77ac3a0efb2c33a4498544c96bb702a656cbbfe17af18ec859c6d6b4c2142,True
578,sappo_pi_A_specialist_1p5M_seed7100001,48532,1138000,555,85,,OP3,OPPONENT_POOL,train,map_a_open,-1,0,SCRIPTED:OP6,5,0,0,0,0,240,0.4399999976158142,0,1,0,13,0,0,0,0,0,0,0,0,0,0,0,0,0,0,0,0,,12.973228963216146,-0.5,0.0,-0.02094218134880066,0.04999999701976776,0.0,0.0,-0.004000000189989805,-0.1235494315624237,map_a,map_a_open,RULESET_V3_M1_OWN_FLAG_HOME,73b77ac3a0efb2c33a4498544c96bb702a656cbbfe17af18ec859c6d6b4c2142,True
579,sappo_pi_A_specialist_1p5M_seed7100001,48532,1138112,555,92,,OP3,OPPONENT_POOL,train,map_a_open,-1,0,SCRIPTED:OP6,5,1,3,0,3,186,0.4399999976158142,1,0,0,134,0,0,0,0,0,0,0,0,0,0,0,0,0,0,0,0,70.0,4.156273626512097,1.0,0.5,-0.010172128677368164,0.0,1.0,100.0,0.0,0.55415940284729,map_a,map_a_open,RULESET_V3_M1_OWN_FLAG_HOME,73b77ac3a0efb2c33a4498544c96bb702a656cbbfe17af18ec859c6d6b4c2142,True
580,sappo_pi_A_specialist_1p5M_seed7100001,48532,1138464,555,114,,OP3,OPPONENT_POOL,train,map_a_open,-1,0,SCRIPTED:OP6,5,0,0,0,0,240,0.3199999928474426,1,0,0,20,0,0,0,0,0,0,0,0,0,0,0,0,0,0,0,0,,13.16188456217448,-0.5,0.0,0.00702996551990509,0.04999999701976776,0.0,0.0,-0.004000000189989805,-0.12182749062776566,map_a,map_a_open,RULESET_V3_M1_OWN_FLAG_HOME,73b77ac3a0efb2c33a4498544c96bb702a656cbbfe17af18ec859c6d6b4c2142,True
581,sappo_pi_A_specialist_1p5M_seed7100001,48532,1138496,555,116,,OP3,OPPONENT_POOL,train,map_a_open,-1,0,SCRIPTED:OP6,5,1,1,0,1,240,0.5600000023841858,0,1,0,74,0,0,0,0,0,0,0,0,0,0,0,0,0,0,0,0,117.0,8.729399617513021,1.0,0.0,-0.016906678676605225,0.04999999701976776,0.0,0.0,-0.004000000189989805,0.24592262506484985,map_a,map_a_open,RULESET_V3_M1_OWN_FLAG_HOME,73b77ac3a0efb2c33a4498544c96bb702a656cbbfe17af18ec859c6d6b4c2142,True
582,sappo_pi_A_specialist_1p5M_seed7100001,48532,1138832,556,9,,OP3,OPPONENT_POOL,train,map_a_open,-1,0,SCRIPTED:OP6,5,1,2,0,2,240,0.47999998927116394,0,1,0,119,0,0,0,0,0,0,0,0,0,0,0,0,0,0,0,0,54.0,5.52919667561849,1.0,0.0,-0.017774537205696106,0.04999999701976776,0.0,0.0,-0.004000000189989805,0.2458716779947281,map_a,map_a_open,RULESET_V3_M1_OWN_FLAG_HOME,73b77ac3a0efb2c33a4498544c96bb702a656cbbfe17af18ec859c6d6b4c2142,True
583,sappo_pi_A_specialist_1p5M_seed7100001,48532,1138832,556,9,,OP3,OPPONENT_POOL,train,map_a_open,-1,0,SCRIPTED:OP6,5,0,0,0,0,240,0.3999999761581421,1,0,0,7,0,0,0,0,0,0,0,0,0,0,0,0,0,0,0,0,,13.049217732747396,-0.5,0.0,-0.009540259838104248,0.04999999701976776,0.0,0.0,-0.004000000189989805,-0.12284763157367706,map_a,map_a_open,RULESET_V3_M1_OWN_FLAG_HOME,73b77ac3a0efb2c33a4498544c96bb702a656cbbfe17af18ec859c6d6b4c2142,True
584,sappo_pi_A_specialist_1p5M_seed7100001,48532,1138944,556,16,,OP3,OPPONENT_POOL,train,map_a_open,-1,0,SCRIPTED:OP6,5,1,1,0,1,240,0.35999998450279236,0,2,0,22,0,0,0,0,0,0,0,0,0,0,0,0,0,0,0,0,47.0,11.785512288411459,1.0,0.0,-0.010898128151893616,0.04999999701976776,0.0,0.0,0.0,0.24721455574035645,map_a,map_a_open,RULESET_V3_M1_OWN_FLAG_HOME,73b77ac3a0efb2c33a4498544c96bb702a656cbbfe17af18ec859c6d6b4c2142,True
585,sappo_pi_A_specialist_1p5M_seed7100001,48532,1138992,556,19,,OP3,OPPONENT_POOL,train,map_a_open,-1,0,SCRIPTED:OP6,5,0,0,0,0,240,0.47999998927116394,1,0,0,97,0,0,0,0,0,0,0,0,0,0,0,0,0,0,0,0,,7.500794982910156,-0.5,0.0,-0.015069708228111267,0.04999999701976776,0.0,0.0,0.0,-0.1222030445933342,map_a,map_a_open,RULESET_V3_M1_OWN_FLAG_HOME,73b77ac3a0efb2c33a4498544c96bb702a656cbbfe17af18ec859c6d6b4c2142,True
586,sappo_pi_A_specialist_1p5M_seed7100001,48532,1139200,556,32,,OP3,OPPONENT_POOL,train,map_a_open,-1,0,SCRIPTED:OP6,5,1,1,0,1,240,0.47999998927116394,1,0,0,12,0,0,0,0,0,0,0,0,0,0,0,0,0,0,0,0,42.0,12.049191284179688,1.0,0.0,-0.009726807475090027,0.04999999701976776,0.0,0.0,0.0,0.24728327989578247,map_a,map_a_open,RULESET_V3_M1_OWN_FLAG_HOME,73b77ac3a0efb2c33a4498544c96bb702a656cbbfe17af18ec859c6d6b4c2142,True
587,sappo_pi_A_specialist_1p5M_seed7100001,48532,1139424,556,46,,OP3,OPPONENT_POOL,train,map_a_open,-1,0,SCRIPTED:OP6,5,1,1,0,1,240,0.35999998450279236,1,0,0,27,0,0,0,0,0,0,0,0,0,0,0,0,0,0,0,0,45.0,11.869475301106771,1.0,0.0,0.020211443305015564,0.04999999701976776,0.0,0.0,-0.004000000189989805,0.24810098111629486,map_a,map_a_open,RULESET_V3_M1_OWN_FLAG_HOME,73b77ac3a0efb2c33a4498544c96bb702a656cbbfe17af18ec859c6d6b4c2142,True
588,sappo_pi_A_specialist_1p5M_seed7100001,48532,1139776,556,68,,OP3,OPPONENT_POOL,train,map_a_open,-1,0,SCRIPTED:OP6,5,1,1,0,1,240,0.3199999928474426,1,0,0,16,0,0,0,0,0,0,0,0,0,0,0,0,0,0,0,0,32.0,11.536574300130209,1.0,0.0,-0.0034246891736984253,0.04999999701976776,0.0,0.0,0.0,0.2476530522108078,map_a,map_a_open,RULESET_V3_M1_OWN_FLAG_HOME,73b77ac3a0efb2c33a4498544c96bb702a656cbbfe17af18ec859c6d6b4c2142,True
589,sappo_pi_A_specialist_1p5M_seed7100001,48532,1139872,556,74,,OP3,OPPONENT_POOL,train,map_a_open,-1,0,SCRIPTED:OP6,5,0,0,0,0,240,0.35999998450279236,1,0,0,14,0,0,0,0,0,0,0,0,0,0,0,0,0,0,0,0,,13.17183837890625,-0.5,0.0,0.004498764872550964,0.04999999701976776,0.0,0.0,0.0,-0.12099809944629669,map_a,map_a_open,RULESET_V3_M1_OWN_FLAG_HOME,73b77ac3a0efb2c33a4498544c96bb702a656cbbfe17af18ec859c6d6b4c2142,True
590,sappo_pi_A_specialist_1p5M_seed7100001,48532,1140656,556,123,,OP3,OPPONENT_POOL,train,map_a_open,-1,0,SCRIPTED:OP6,5,1,1,0,1,240,0.4399999976158142,0,1,0,68,0,0,0,0,0,0,0,0,0,0,0,0,0,0,0,0,70.0,9.792447916666667,1.0,0.0,0.009902715682983398,0.04999999701976776,0.0,0.0,0.0,0.24843475222587585,map_a,map_a_open,RULESET_V3_M1_OWN_FLAG_HOME,73b77ac3a0efb2c33a4498544c96bb702a656cbbfe17af18ec859c6d6b4c2142,True
591,sappo_pi_A_specialist_1p5M_seed7100001,48532,1140816,557,5,,OP3,OPPONENT_POOL,train,map_a_open,-1,0,SCRIPTED:OP6,5,1,2,1,1,240,0.47999998927116394,1,0,0,40,0,0,0,0,0,0,0,0,0,0,0,0,0,0,0,0,57.0,8.806264241536459,1.0,0.0,0.009326696395874023,0.04999999701976776,0.0,0.0,0.0,0.2484009712934494,map_a,map_a_open,RULESET_V3_M1_OWN_FLAG_HOME,73b77ac3a0efb2c33a4498544c96bb702a656cbbfe17af18ec859c6d6b4c2142,True
592,sappo_pi_A_specialist_1p5M_seed7100001,48532,1140848,557,7,,OP3,OPPONENT_POOL,train,map_a_open,-1,0,SCRIPTED:OP6,5,0,0,0,0,240,0.4399999976158142,1,0,0,33,0,0,0,0,0,0,0,0,0,0,0,0,0,0,0,0,,11.788375854492188,-0.5,0.0,0.019552290439605713,0.04999999701976776,0.0,0.0,-0.004000000189989805,-0.12105638533830643,map_a,map_a_open,RULESET_V3_M1_OWN_FLAG_HOME,73b77ac3a0efb2c33a4498544c96bb702a656cbbfe17af18ec859c6d6b4c2142,True
593,sappo_pi_A_specialist_1p5M_seed7100001,48532,1141600,557,54,,OP3,OPPONENT_POOL,train,map_a_open,-1,0,SCRIPTED:OP6,5,0,1,1,0,240,0.5199999809265137,0,1,0,54,0,0,0,0,0,0,0,0,0,0,0,0,0,0,0,0,55.0,9.753488159179687,-0.5,0.0,0.009288281202316284,0.04999999701976776,0.0,0.0,0.0,-0.12070312350988388,map_a,map_a_open,RULESET_V3_M1_OWN_FLAG_HOME,73b77ac3a0efb2c33a4498544c96bb702a656cbbfe17af18ec859c6d6b4c2142,True
594,sappo_pi_A_specialist_1p5M_seed7100001,48532,1141840,557,69,,OP3,OPPONENT_POOL,train,map_a_open,-1,0,SCRIPTED:OP6,5,1,1,0,1,240,0.5199999809265137,0,1,0,148,0,0,0,0,0,0,0,0,0,0,0,0,0,0,0,0,67.0,4.074153137207031,1.0,0.0,-0.017236024141311646,0.04999999701976776,0.0,0.0,0.0,0.24684259295463562,map_a,map_a_open,RULESET_V3_M1_OWN_FLAG_HOME,73b77ac3a0efb2c33a4498544c96bb702a656cbbfe17af18ec859c6d6b4c2142,True
595,sappo_pi_A_specialist_1p5M_seed7100001,48532,1141952,557,76,,OP3,OPPONENT_POOL,train,map_a_open,-1,0,SCRIPTED:OP6,5,1,2,0,2,240,0.5199999809265137,1,0,0,95,0,0,0,0,0,0,0,0,0,0,0,0,0,0,0,0,73.0,6.86495361328125,1.0,0.0,0.01048247516155243,0.04999999701976776,0.0,0.0,0.0,0.24846875667572021,map_a,map_a_open,RULESET_V3_M1_OWN_FLAG_HOME,73b77ac3a0efb2c33a4498544c96bb702a656cbbfe17af18ec859c6d6b4c2142,True
596,sappo_pi_A_specialist_1p5M_seed7100001,48532,1142304,557,98,,OP3,OPPONENT_POOL,train,map_a_open,-1,0,SCRIPTED:OP6,5,1,2,0,2,240,0.5600000023841858,0,5,0,164,0,0,0,0,0,0,0,0,0,0,0,0,0,0,0,0,105.0,3.5153663635253904,1.0,0.0,0.0012836158275604248,0.0,0.0,0.0,-0.004000000189989805,0.24405385553836823,map_a,map_a_open,RULESET_V3_M1_OWN_FLAG_HOME,73b77ac3a0efb2c33a4498544c96bb702a656cbbfe17af18ec859c6d6b4c2142,True
597,sappo_pi_A_specialist_1p5M_seed7100001,48532,1142336,557,100,,OP3,OPPONENT_POOL,train,map_a_open,-1,0,SCRIPTED:OP6,5,0,0,0,0,240,0.5199999809265137,1,0,0,14,0,0,0,0,0,0,0,0,0,0,0,0,0,0,0,0,,12.987647501627604,-0.5,0.0,0.002530425786972046,0.04999999701976776,0.0,0.0,0.0,-0.12111932039260864,map_a,map_a_open,RULESET_V3_M1_OWN_FLAG_HOME,73b77ac3a0efb2c33a4498544c96bb702a656cbbfe17af18ec859c6d6b4c2142,True
598,sappo_pi_A_specialist_1p5M_seed7100001,48532,1142672,557,121,,OP3,OPPONENT_POOL,train,map_a_open,-1,0,SCRIPTED:OP6,5,0,0,0,0,240,0.4399999976158142,1,0,0,29,0,0,0,0,0,0,0,0,0,0,0,0,0,0,0,0,,11.588888549804688,-0.5,0.0,-0.010365694761276245,0.04999999701976776,0.0,0.0,0.0,-0.12191341817378998,map_a,map_a_open,RULESET_V3_M1_OWN_FLAG_HOME,73b77ac3a0efb2c33a4498544c96bb702a656cbbfe17af18ec859c6d6b4c2142,True
599,sappo_pi_A_specialist_1p5M_seed7100001,48532,1142672,557,121,,OP3,OPPONENT_POOL,train,map_a_open,-1,0,SCRIPTED:OP6,5,1,1,0,1,240,0.3999999761581421,1,0,0,158,0,0,0,0,0,0,0,0,0,0,0,0,0,0,0,0,75.0,3.5850293477376303,1.0,0.0,-0.01168743520975113,0.0,0.0,0.0,-0.004000000189989805,0.24329130351543427,map_a,map_a_open,RULESET_V3_M1_OWN_FLAG_HOME,73b77ac3a0efb2c33a4498544c96bb702a656cbbfe17af18ec859c6d6b4c2142,True
600,sappo_pi_A_specialist_1p5M_seed7100001,48532,1142784,557,128,,OP3,OPPONENT_POOL,train,map_a_open,-1,0,SCRIPTED:OP6,5,1,2,1,1,240,0.3999999761581421,1,0,0,50,0,0,0,0,0,0,0,0,0,0,0,0,0,0,0,0,54.0,9.016124471028645,1.0,0.0,-0.023795247077941895,0.04999999701976776,0.0,0.0,0.0,0.24645757675170898,map_a,map_a_open,RULESET_V3_M1_OWN_FLAG_HOME,73b77ac3a0efb2c33a4498544c96bb702a656cbbfe17af18ec859c6d6b4c2142,True
601,sappo_pi_A_specialist_1p5M_seed7100001,48532,1142832,558,3,,OP3,OPPONENT_POOL,train,map_a_open,-1,0,SCRIPTED:OP6,5,0,0,0,0,240,0.3199999928474426,1,0,0,50,0,0,0,0,0,0,0,0,0,0,0,0,0,0,0,0,,10.865628051757813,-0.5,0.0,0.001361846923828125,0.04999999701976776,0.0,0.0,-0.004000000189989805,-0.12217647582292557,map_a,map_a_open,RULESET_V3_M1_OWN_FLAG_HOME,73b77ac3a0efb2c33a4498544c96bb702a656cbbfe17af18ec859c6d6b4c2142,True
602,sappo_pi_A_specialist_1p5M_seed7100001,48532,1143040,558,16,,OP3,OPPONENT_POOL,train,map_a_open,-1,0,SCRIPTED:OP6,5,1,2,0,2,240,0.47999998927116394,0,1,0,74,0,0,0,0,0,0,0,0,0,0,0,0,0,0,0,0,44.0,8.248651123046875,1.0,0.0,-0.0025144964456558228,0.04999999701976776,0.0,0.0,0.0,0.24770642817020416,map_a,map_a_open,RULESET_V3_M1_OWN_FLAG_HOME,73b77ac3a0efb2c33a4498544c96bb702a656cbbfe17af18ec859c6d6b4c2142,True
603,sappo_pi_A_specialist_1p5M_seed7100001,48532,1143264,558,30,,OP3,OPPONENT_POOL,train,map_a_open,-1,0,SCRIPTED:OP6,5,1,2,1,1,240,0.5199999809265137,0,1,0,75,0,0,0,0,0,0,0,0,0,0,0,0,0,0,0,0,80.0,6.642697652180989,1.0,0.0,-0.003901273012161255,0.04999999701976776,0.0,0.0,-0.004000000189989805,0.2466861754655838,map_a,map_a_open,RULESET_V3_M1_OWN_FLAG_HOME,73b77ac3a0efb2c33a4498544c96bb702a656cbbfe17af18ec859c6d6b4c2142,True
604,sappo_pi_A_specialist_1p5M_seed7100001,48532,1143616,558,52,,OP3,OPPONENT_POOL,train,map_a_open,-1,0,SCRIPTED:OP6,5,1,2,0,2,240,0.5999999642372131,1,0,0,51,0,0,0,0,0,0,0,0,0,0,0,0,0,0,0,0,56.0,9.770473225911458,1.0,0.0,-0.011368706822395325,0.04999999701976776,0.0,0.0,0.0,0.24718694388866425,map_a,map_a_open,RULESET_V3_M1_OWN_FLAG_HOME,73b77ac3a0efb2c33a4498544c96bb702a656cbbfe17af18ec859c6d6b4c2142,True
605,sappo_pi_A_specialist_1p5M_seed7100001,48532,1143712,558,58,,OP3,OPPONENT_POOL,train,map_a_open,-1,0,SCRIPTED:OP6,5,1,1,0,1,240,0.47999998927116394,1,0,0,29,0,0,0,0,0,0,0,0,0,0,0,0,0,0,0,0,41.0,11.947194417317709,1.0,0.0,0.010967880487442017,0.04999999701976776,0.0,0.0,-0.00800000037997961,0.2466197907924652,map_a,map_a_open,RULESET_V3_M1_OWN_FLAG_HOME,73b77ac3a0efb2c33a4498544c96bb702a656cbbfe17af18ec859c6d6b4c2142,True
606,sappo_pi_A_specialist_1p5M_seed7100001,48532,1144496,558,107,,OP3,OPPONENT_POOL,train,map_a_open,-1,0,SCRIPTED:OP6,5,1,2,0,2,240,0.4399999976158142,1,0,0,32,0,0,0,0,0,0,0,0,0,0,0,0,0,0,0,0,56.0,10.646009318033855,1.0,0.0,-0.0010607987642288208,0.04999999701976776,0.0,0.0,-0.004000000189989805,0.24685287475585938,map_a,map_a_open,RULESET_V3_M1_OWN_FLAG_HOME,73b77ac3a0efb2c33a4498544c96bb702a656cbbfe17af18ec859c6d6b4c2142,True
607,sappo_pi_A_specialist_1p5M_seed7100001,48532,1144656,558,117,,OP3,OPPONENT_POOL,train,map_a_open,-1,0,SCRIPTED:OP6,5,0,0,0,0,240,0.5199999809265137,1,0,0,8,0,0,0,0,0,0,0,0,0,0,0,0,0,0,0,0,,13.17549540201823,-0.5,0.0,-0.012825801968574524,0.04999999701976776,0.0,0.0,0.0,-0.12206488847732544,map_a,map_a_open,RULESET_V3_M1_OWN_FLAG_HOME,73b77ac3a0efb2c33a4498544c96bb702a656cbbfe17af18ec859c6d6b4c2142,True
608,sappo_pi_A_specialist_1p5M_seed7100001,48532,1144688,558,119,,OP3,OPPONENT_POOL,train,map_a_open,-1,0,SCRIPTED:OP6,5,0,0,0,0,240,0.4399999976158142,1,0,0,10,0,0,0,0,0,0,0,0,0,0,0,0,0,0,0,0,,13.088516235351562,-0.5,0.0,-0.002988949418067932,0.04999999701976776,0.0,0.0,-0.004000000189989805,-0.12244433164596558,map_a,map_a_open,RULESET_V3_M1_OWN_FLAG_HOME,73b77ac3a0efb2c33a4498544c96bb702a656cbbfe17af18ec859c6d6b4c2142,True
609,sappo_pi_A_specialist_1p5M_seed7100001,48532,1145072,559,15,,OP3,OPPONENT_POOL,train,map_a_open,-1,0,SCRIPTED:OP6,5,1,3,1,2,150,0.35999998450279236,1,0,0,62,0,0,0,0,0,0,0,0,0,0,0,0,0,0,0,0,56.0,5.266982421875,1.0,0.5,-0.002815455198287964,0.0,1.0,100.0,0.0,0.554477870464325,map_a,map_a_open,RULESET_V3_M1_OWN_FLAG_HOME,73b77ac3a0efb2c33a4498544c96bb702a656cbbfe17af18ec859c6d6b4c2142,True
610,sappo_pi_A_specialist_1p5M_seed7100001,48532,1145280,559,28,,OP3,OPPONENT_POOL,train,map_a_open,-1,0,SCRIPTED:OP6,5,1,3,0,3,140,0.35999998450279236,0,1,0,59,0,0,0,0,0,0,0,0,0,0,0,0,0,0,0,0,54.0,4.360906110491071,1.0,0.5,-0.0070743560791015625,0.0,1.0,100.0,0.0,0.5542935132980347,map_a,map_a_open,RULESET_V3_M1_OWN_FLAG_HOME,73b77ac3a0efb2c33a4498544c96bb702a656cbbfe17af18ec859c6d6b4c2142,True
611,sappo_pi_A_specialist_1p5M_seed7100001,48532,1145440,559,38,,OP3,OPPONENT_POOL,train,map_a_open,-1,0,SCRIPTED:OP6,5,0,2,2,0,240,0.47999998927116394,1,0,0,46,0,0,0,0,0,0,0,0,0,0,0,0,0,0,0,0,44.0,8.460058085123698,-0.5,0.0,-0.004228353500366211,0.04999999701976776,0.0,0.0,-0.004000000189989805,-0.12252063304185867,map_a,map_a_open,RULESET_V3_M1_OWN_FLAG_HOME,73b77ac3a0efb2c33a4498544c96bb702a656cbbfe17af18ec859c6d6b4c2142,True
612,sappo_pi_A_specialist_1p5M_seed7100001,48532,1145680,559,53,,OP3,OPPONENT_POOL,train,map_a_open,-1,0,SCRIPTED:OP6,5,0,0,0,0,240,0.4399999976158142,1,0,0,30,0,0,0,0,0,0,0,0,0,0,0,0,0,0,0,0,,11.907699584960938,-0.5,0.0,0.008480548858642578,0.04999999701976776,0.0,0.0,0.0,-0.12075287848711014,map_a,map_a_open,RULESET_V3_M1_OWN_FLAG_HOME,73b77ac3a0efb2c33a4498544c96bb702a656cbbfe17af18ec859c6d6b4c2142,True
613,sappo_pi_A_specialist_1p5M_seed7100001,48532,1145792,559,60,,OP3,OPPONENT_POOL,train,map_a_open,-1,0,SCRIPTED:OP6,5,1,1,0,1,240,0.4399999976158142,1,0,0,76,0,0,0,0,0,0,0,0,0,0,0,0,0,0,0,0,115.0,8.866968790690104,1.0,0.0,0.007839664816856384,0.04999999701976776,0.0,0.0,-0.004000000189989805,0.24737519025802612,map_a,map_a_open,RULESET_V3_M1_OWN_FLAG_HOME,73b77ac3a0efb2c33a4498544c96bb702a656cbbfe17af18ec859c6d6b4c2142,True
614,sappo_pi_A_specialist_1p5M_seed7100001,48532,1146144,559,82,,OP3,OPPONENT_POOL,train,map_a_open,-1,0,SCRIPTED:OP6,5,0,0,0,0,240,0.3999999761581421,1,0,0,12,0,0,0,0,0,0,0,0,0,0,0,0,0,0,0,0,,13.413727823893229,-0.5,0.0,0.0033402591943740845,0.04999999701976776,0.0,0.0,0.0,-0.12106944620609283,map_a,map_a_open,RULESET_V3_M1_OWN_FLAG_HOME,73b77ac3a0efb2c33a4498544c96bb702a656cbbfe17af18ec859c6d6b4c2142,True
615,sappo_pi_A_specialist_1p5M_seed7100001,48532,1146176,559,84,,OP3,OPPONENT_POOL,train,map_a_open,-1,0,SCRIPTED:OP6,5,1,2,0,2,240,0.6399999856948853,1,0,0,78,0,0,0,0,0,0,0,0,0,0,0,0,0,0,0,0,82.0,7.867771911621094,1.0,0.0,0.02600160241127014,0.04999999701976776,0.0,0.0,0.0,0.24937859177589417,map_a,map_a_open,RULESET_V3_M1_OWN_FLAG_HOME,73b77ac3a0efb2c33a4498544c96bb702a656cbbfe17af18ec859c6d6b4c2142,True
616,sappo_pi_A_specialist_1p5M_seed7100001,48532,1146512,559,105,,OP3,OPPONENT_POOL,train,map_a_open,-1,0,SCRIPTED:OP6,5,0,0,0,0,240,0.5600000023841858,1,0,0,35,0,0,0,0,0,0,0,0,0,0,0,0,0,0,0,0,,11.413414510091146,-0.5,0.0,0.0010348260402679443,0.04999999701976776,0.0,0.0,0.0,-0.12121142446994781,map_a,map_a_open,RULESET_V3_M1_OWN_FLAG_HOME,73b77ac3a0efb2c33a4498544c96bb702a656cbbfe17af18ec859c6d6b4c2142,True
617,sappo_pi_A_specialist_1p5M_seed7100001,48532,1146624,559,112,,OP3,OPPONENT_POOL,train,map_a_open,-1,0,SCRIPTED:OP6,5,1,1,0,1,240,0.5999999642372131,0,2,0,61,0,0,0,0,0,0,0,0,0,0,0,0,0,0,0,0,64.0,10.933731079101562,1.0,0.0,-0.012583032250404358,0.04999999701976776,0.0,0.0,0.0,0.24711567163467407,map_a,map_a_open,RULESET_V3_M1_OWN_FLAG_HOME,73b77ac3a0efb2c33a4498544c96bb702a656cbbfe17af18ec859c6d6b4c2142,True
618,sappo_pi_A_specialist_1p5M_seed7100001,48532,1146672,559,115,,OP3,OPPONENT_POOL,train,map_a_open,-1,0,SCRIPTED:OP6,5,1,1,0,1,240,0.3999999761581421,1,0,0,27,0,0,0,0,0,0,0,0,0,0,0,0,0,0,0,0,50.0,11.768629964192709,1.0,0.0,0.009074702858924866,0.04999999701976776,0.0,0.0,0.0,0.2483862042427063,map_a,map_a_open,RULESET_V3_M1_OWN_FLAG_HOME,73b77ac3a0efb2c33a4498544c96bb702a656cbbfe17af18ec859c6d6b4c2142,True
619,sappo_pi_A_specialist_1p5M_seed7100001,48532,1147104,560,14,,OP3,OPPONENT_POOL,train,map_a_open,-1,0,SCRIPTED:OP6,5,0,0,0,0,240,0.47999998927116394,1,0,0,22,0,0,0,0,0,0,0,0,0,0,0,0,0,0,0,0,,12.633170572916667,-0.5,0.0,-0.007681503891944885,0.04999999701976776,0.0,0.0,0.0,-0.12174814939498901,map_a,map_a_open,RULESET_V3_M1_OWN_FLAG_HOME,73b77ac3a0efb2c33a4498544c96bb702a656cbbfe17af18ec859c6d6b4c2142,True
620,sappo_pi_A_specialist_1p5M_seed7100001,48532,1147136,560,16,,OP3,OPPONENT_POOL,train,map_a_open,-1,0,SCRIPTED:OP6,5,1,3,0,3,91,0.5600000023841858,1,0,0,32,0,0,0,0,0,0,0,0,0,0,0,0,0,0,0,0,44.0,5.7084719479739015,1.0,0.5,-0.009647995233535767,0.0,1.0,100.0,-0.004000000189989805,0.5534887909889221,map_a,map_a_open,RULESET_V3_M1_OWN_FLAG_HOME,73b77ac3a0efb2c33a4498544c96bb702a656cbbfe17af18ec859c6d6b4c2142,True
621,sappo_pi_A_specialist_1p5M_seed7100001,48532,1147456,560,36,,OP3,OPPONENT_POOL,train,map_a_open,-1,0,SCRIPTED:OP6,5,1,1,0,1,240,0.6800000071525574,1,0,0,34,0,0,0,0,0,0,0,0,0,0,0,0,0,0,0,0,58.0,11.309449259440104,1.0,0.0,-0.01892508566379547,0.04999999701976776,0.0,0.0,0.0,0.24674347043037415,map_a,map_a_open,RULESET_V3_M1_OWN_FLAG_HOME,73b77ac3a0efb2c33a4498544c96bb702a656cbbfe17af18ec859c6d6b4c2142,True
622,sappo_pi_A_specialist_1p5M_seed7100001,48532,1147552,560,42,,OP3,OPPONENT_POOL,train,map_a_open,-1,0,SCRIPTED:OP6,5,0,0,0,0,240,0.47999998927116394,1,0,0,34,0,0,0,0,0,0,0,0,0,0,0,0,0,0,0,0,,11.389896647135417,-0.5,0.0,-0.005797386169433594,0.04999999701976776,0.0,0.0,0.0,-0.12163214385509491,map_a,map_a_open,RULESET_V3_M1_OWN_FLAG_HOME,73b77ac3a0efb2c33a4498544c96bb702a656cbbfe17af18ec859c6d6b4c2142,True
623,sappo_pi_A_specialist_1p5M_seed7100001,48532,1148336,560,91,,OP3,OPPONENT_POOL,train,map_a_open,-1,0,SCRIPTED:OP6,5,1,1,0,1,240,0.3999999761581421,1,0,0,23,0,0,0,0,0,0,0,0,0,0,0,0,0,0,0,0,46.0,12.118482462565105,1.0,0.0,-0.01486237347126007,0.04999999701976776,0.0,0.0,0.0,0.2469819039106369,map_a,map_a_open,RULESET_V3_M1_OWN_FLAG_HOME,73b77ac3a0efb2c33a4498544c96bb702a656cbbfe17af18ec859c6d6b4c2142,True
624,sappo_pi_A_specialist_1p5M_seed7100001,48532,1148496,560,101,,OP3,OPPONENT_POOL,train,map_a_open,-1,0,SCRIPTED:OP6,5,0,0,0,0,240,0.3999999761581421,1,0,0,12,0,0,0,0,0,0,0,0,0,0,0,0,0,0,0,0,,13.174925740559896,-0.5,0.0,-0.004079341888427734,0.04999999701976776,0.0,0.0,-0.004000000189989805,-0.12251146137714386,map_a,map_a_open,RULESET_V3_M1_OWN_FLAG_HOME,73b77ac3a0efb2c33a4498544c96bb702a656cbbfe17af18ec859c6d6b4c2142,True
625,sappo_pi_A_specialist_1p5M_seed7100001,48532,1148528,560,103,,OP3,OPPONENT_POOL,train,map_a_open,-1,0,SCRIPTED:OP6,5,0,0,0,0,240,0.3199999928474426,1,0,0,12,0,0,0,0,0,0,0,0,0,0,0,0,0,0,0,0,,13.245635986328125,-0.5,0.0,-0.00621931254863739,0.04999999701976776,0.0,0.0,-0.004000000189989805,-0.12264320254325867,map_a,map_a_open,RULESET_V3_M1_OWN_FLAG_HOME,73b77ac3a0efb2c33a4498544c96bb702a656cbbfe17af18ec859c6d6b4c2142,True
626,sappo_pi_A_specialist_1p5M_seed7100001,48532,1148912,560,127,,OP3,OPPONENT_POOL,train,map_a_open,-1,0,SCRIPTED:OP6,5,1,2,0,2,240,0.4399999976158142,1,0,0,63,0,0,0,0,0,0,0,0,0,0,0,0,0,0,0,0,68.0,8.267618306477864,1.0,0.0,-0.0022675395011901855,0.04999999701976776,0.0,0.0,-0.004000000189989805,0.2467820644378662,map_a,map_a_open,RULESET_V3_M1_OWN_FLAG_HOME,73b77ac3a0efb2c33a4498544c96bb702a656cbbfe17af18ec859c6d6b4c2142,True
627,sappo_pi_A_specialist_1p5M_seed7100001,48532,1149120,561,12,,OP3,OPPONENT_POOL,train,map_a_open,-1,0,SCRIPTED:OP6,5,1,1,0,1,240,0.47999998927116394,1,0,0,70,0,0,0,0,0,0,0,0,0,0,0,0,0,0,0,0,45.0,9.442830403645834,1.0,0.0,-0.004233002662658691,0.04999999701976776,0.0,0.0,-0.004000000189989805,0.24666669964790344,map_a,map_a_open,RULESET_V3_M1_OWN_FLAG_HOME,73b77ac3a0efb2c33a4498544c96bb702a656cbbfe17af18ec859c6d6b4c2142,True
628,sappo_pi_A_specialist_1p5M_seed7100001,48532,1149280,561,22,,OP3,OPPONENT_POOL,train,map_a_open,-1,0,SCRIPTED:OP6,5,0,0,0,0,240,0.3199999928474426,1,0,0,10,0,0,0,0,0,0,0,0,0,0,0,0,0,0,0,0,,13.278592936197917,-0.5,0.0,0.023373201489448547,0.04999999701976776,0.0,0.0,-0.004000000189989805,-0.12082107365131378,map_a,map_a_open,RULESET_V3_M1_OWN_FLAG_HOME,73b77ac3a0efb2c33a4498544c96bb702a656cbbfe17af18ec859c6d6b4c2142,True
629,sappo_pi_A_specialist_1p5M_seed7100001,48532,1149632,561,44,,OP3,OPPONENT_POOL,train,map_a_open,-1,0,SCRIPTED:OP6,5,0,0,0,0,240,0.4399999976158142,1,0,0,51,0,0,0,0,0,0,0,0,0,0,0,0,0,0,0,0,,9.964907836914062,-0.5,0.0,0.0029532015323638916,0.04999999701976776,0.0,0.0,-0.00800000037997961,-0.12306347489356995,map_a,map_a_open,RULESET_V3_M1_OWN_FLAG_HOME,73b77ac3a0efb2c33a4498544c96bb702a656cbbfe17af18ec859c6d6b4c2142,True
630,sappo_pi_A_specialist_1p5M_seed7100001,48532,1149984,561,66,,OP3,OPPONENT_POOL,train,map_a_open,-1,0,SCRIPTED:OP6,5,1,2,0,2,240,0.4399999976158142,0,2,0,138,0,0,0,0,0,0,0,0,0,0,0,0,0,0,0,0,51.0,5.1621149698893225,1.0,0.0,-0.01195797324180603,0.04999999701976776,0.0,0.0,0.0,0.24715235829353333,map_a,map_a_open,RULESET_V3_M1_OWN_FLAG_HOME,73b77ac3a0efb2c33a4498544c96bb702a656cbbfe17af18ec859c6d6b4c2142,True
631,sappo_pi_A_specialist_1p5M_seed7100001,48532,1150016,561,68,,OP3,OPPONENT_POOL,train,map_a_open,-1,0,SCRIPTED:OP6,5,0,0,0,0,240,0.3999999761581421,1,0,0,8,0,0,0,0,0,0,0,0,0,0,0,0,0,0,0,0,,13.226374308268229,-0.5,0.0,-0.0008730888366699219,0.04999999701976776,0.0,0.0,-0.00800000037997961,-0.1232989951968193,map_a,map_a_open,RULESET_V3_M1_OWN_FLAG_HOME,73b77ac3a0efb2c33a4498544c96bb702a656cbbfe17af18ec859c6d6b4c2142,True
632,sappo_pi_A_specialist_1p5M_seed7100001,48532,1150352,561,89,,OP3,OPPONENT_POOL,train,map_a_open,-1,0,SCRIPTED:OP6,5,1,1,0,1,240,0.47999998927116394,1,0,0,45,0,0,0,0,0,0,0,0,0,0,0,0,0,0,0,0,71.0,10.712466430664062,1.0,0.0,0.012970075011253357,0.04999999701976776,0.0,0.0,-0.004000000189989805,0.24767619371414185,map_a,map_a_open,RULESET_V3_M1_OWN_FLAG_HOME,73b77ac3a0efb2c33a4498544c96bb702a656cbbfe17af18ec859c6d6b4c2142,True
633,sappo_pi_A_specialist_1p5M_seed7100001,48532,1150464,561,96,,OP3,OPPONENT_POOL,train,map_a_open,-1,0,SCRIPTED:OP6,5,1,2,1,1,240,0.47999998927116394,1,0,0,67,0,0,0,0,0,0,0,0,0,0,0,0,0,0,0,0,52.0,9.216689046223959,1.0,0.0,-0.020510241389274597,0.04999999701976776,0.0,0.0,-0.004000000189989805,0.24571102857589722,map_a,map_a_open,RULESET_V3_M1_OWN_FLAG_HOME,73b77ac3a0efb2c33a4498544c96bb702a656cbbfe17af18ec859c6d6b4c2142,True
634,sappo_pi_A_specialist_1p5M_seed7100001,48532,1150512,561,99,,OP3,OPPONENT_POOL,train,map_a_open,-1,0,SCRIPTED:OP6,5,0,0,0,0,240,0.5600000023841858,0,2,0,108,0,0,0,0,0,0,0,0,0,0,0,0,0,0,0,0,,7.256866963704427,-0.5,0.0,-0.01877330243587494,0.04999999701976776,0.0,0.0,0.0,-0.12243106216192245,map_a,map_a_open,RULESET_V3_M1_OWN_FLAG_HOME,73b77ac3a0efb2c33a4498544c96bb702a656cbbfe17af18ec859c6d6b4c2142,True
635,sappo_pi_A_specialist_1p5M_seed7100001,48532,1150944,561,126,,OP3,OPPONENT_POOL,train,map_a_open,-1,0,SCRIPTED:OP6,5,0,0,0,0,240,0.3999999761581421,1,0,0,29,0,0,0,0,0,0,0,0,0,0,0,0,0,0,0,0,,10.79542236328125,-0.5,0.0,-0.02349524199962616,0.04999999701976776,0.0,0.0,0.0,-0.12272173911333084,map_a,map_a_open,RULESET_V3_M1_OWN_FLAG_HOME,73b77ac3a0efb2c33a4498544c96bb702a656cbbfe17af18ec859c6d6b4c2142,True
636,sappo_pi_A_specialist_1p5M_seed7100001,48532,1150960,561,127,,OP3,OPPONENT_POOL,train,map_a_open,-1,0,SCRIPTED:OP6,5,1,3,0,3,105,0.5600000023841858,0,2,0,40,0,0,0,0,0,0,0,0,0,0,0,0,0,0,0,0,34.0,4.923446219308036,1.0,0.5,-0.01024143397808075,0.0,1.0,100.0,0.0,0.5541564226150513,map_a,map_a_open,RULESET_V3_M1_OWN_FLAG_HOME,73b77ac3a0efb2c33a4498544c96bb702a656cbbfe17af18ec859c6d6b4c2142,True
637,sappo_pi_A_specialist_1p5M_seed7100001,48532,1150976,561,128,,OP3,OPPONENT_POOL,train,map_a_open,-1,0,SCRIPTED:OP6,5,1,1,0,1,240,0.3199999928474426,0,1,0,39,0,0,0,0,0,0,0,0,0,0,0,0,0,0,0,0,81.0,10.523187255859375,1.0,0.0,0.020100519061088562,0.04999999701976776,0.0,0.0,-0.00800000037997961,0.24715577065944672,map_a,map_a_open,RULESET_V3_M1_OWN_FLAG_HOME,73b77ac3a0efb2c33a4498544c96bb702a656cbbfe17af18ec859c6d6b4c2142,True
638,sappo_pi_A_specialist_1p5M_seed7100001,48532,1151296,562,20,,OP3,OPPONENT_POOL,train,map_a_open,-1,0,SCRIPTED:OP6,5,1,2,0,2,240,0.5199999809265137,0,1,0,157,0,0,0,0,0,0,0,0,0,0,0,0,0,0,0,0,149.0,3.7865061442057293,1.0,0.0,0.016164422035217285,0.0,0.0,0.0,0.0,0.24586808681488037,map_a,map_a_open,RULESET_V3_M1_OWN_FLAG_HOME,73b77ac3a0efb2c33a4498544c96bb702a656cbbfe17af18ec859c6d6b4c2142,True
639,sappo_pi_A_specialist_1p5M_seed7100001,48532,1151392,562,26,,OP3,OPPONENT_POOL,train,map_a_open,-1,0,SCRIPTED:OP6,5,0,0,0,0,240,0.47999998927116394,0,1,0,23,0,0,0,0,0,0,0,0,0,0,0,0,0,0,0,0,,12.797163899739584,-0.5,0.0,-0.020124733448028564,0.04999999701976776,0.0,0.0,0.0,-0.1225142553448677,map_a,map_a_open,RULESET_V3_M1_OWN_FLAG_HOME,73b77ac3a0efb2c33a4498544c96bb702a656cbbfe17af18ec859c6d6b4c2142,True
640,sappo_pi_A_specialist_1p5M_seed7100001,48532,1152176,562,75,,OP3,OPPONENT_POOL,train,map_a_open,-1,0,SCRIPTED:OP6,5,1,1,0,1,240,0.5600000023841858,1,0,0,22,0,0,0,0,0,0,0,0,0,0,0,0,0,0,0,0,42.0,12.294364420572917,1.0,0.0,0.0031930655241012573,0.04999999701976776,0.0,0.0,-0.004000000189989805,0.2471025139093399,map_a,map_a_open,RULESET_V3_M1_OWN_FLAG_HOME,73b77ac3a0efb2c33a4498544c96bb702a656cbbfe17af18ec859c6d6b4c2142,True
641,sappo_pi_A_specialist_1p5M_seed7100001,48532,1152336,562,85,,OP3,OPPONENT_POOL,train,map_a_open,-1,0,SCRIPTED:OP6,5,0,0,0,0,240,0.3999999761581421,1,0,0,27,0,0,0,0,0,0,0,0,0,0,0,0,0,0,0,0,,12.2349609375,-0.5,0.0,-0.002038508653640747,0.04999999701976776,0.0,0.0,-0.004000000189989805,-0.12238582223653793,map_a,map_a_open,RULESET_V3_M1_OWN_FLAG_HOME,73b77ac3a0efb2c33a4498544c96bb702a656cbbfe17af18ec859c6d6b4c2142,True
642,sappo_pi_A_specialist_1p5M_seed7100001,48532,1152368,562,87,,OP3,OPPONENT_POOL,train,map_a_open,-1,0,SCRIPTED:OP6,5,1,2,0,2,240,0.5600000023841858,0,1,0,87,0,0,0,0,0,0,0,0,0,0,0,0,0,0,0,0,69.0,8.44031016031901,1.0,0.0,-0.004499614238739014,0.04999999701976776,0.0,0.0,-0.004000000189989805,0.2466510534286499,map_a,map_a_open,RULESET_V3_M1_OWN_FLAG_HOME,73b77ac3a0efb2c33a4498544c96bb702a656cbbfe17af18ec859c6d6b4c2142,True
643,sappo_pi_A_specialist_1p5M_seed7100001,48532,1152752,562,111,,OP3,OPPONENT_POOL,train,map_a_open,-1,0,SCRIPTED:OP6,5,0,0,0,0,240,0.47999998927116394,1,0,0,19,0,0,0,0,0,0,0,0,0,0,0,0,0,0,0,0,,13.015409342447917,-0.5,0.0,-0.010628581047058105,0.04999999701976776,0.0,0.0,0.0,-0.12192961573600769,map_a,map_a_open,RULESET_V3_M1_OWN_FLAG_HOME,73b77ac3a0efb2c33a4498544c96bb702a656cbbfe17af18ec859c6d6b4c2142,True
644,sappo_pi_A_specialist_1p5M_seed7100001,48532,1152960,562,124,,OP3,OPPONENT_POOL,train,map_a_open,-1,0,SCRIPTED:OP6,5,0,0,0,0,240,0.4399999976158142,0,1,0,23,0,0,0,0,0,0,0,0,0,0,0,0,0,0,0,0,,12.243248494466146,-0.5,0.0,0.005900681018829346,0.04999999701976776,0.0,0.0,0.0,-0.12091176211833954,map_a,map_a_open,RULESET_V3_M1_OWN_FLAG_HOME,73b77ac3a0efb2c33a4498544c96bb702a656cbbfe17af18ec859c6d6b4c2142,True
645,sappo_pi_A_specialist_1p5M_seed7100001,48532,1153472,563,28,,OP3,OPPONENT_POOL,train,map_a_open,-1,0,SCRIPTED:OP6,5,1,1,0,1,240,0.4399999976158142,1,0,0,81,0,0,0,0,0,0,0,0,0,0,0,0,0,0,0,0,86.0,8.794579060872396,1.0,0.0,0.0015796124935150146,0.04999999701976776,0.0,0.0,0.0,0.2479465901851654,map_a,map_a_open,RULESET_V3_M1_OWN_FLAG_HOME,73b77ac3a0efb2c33a4498544c96bb702a656cbbfe17af18ec859c6d6b4c2142,True
646,sappo_pi_A_specialist_1p5M_seed7100001,48532,1153824,563,50,,OP3,OPPONENT_POOL,train,map_a_open,-1,0,SCRIPTED:OP6,5,1,2,1,1,240,0.5199999809265137,1,0,0,39,0,0,0,0,0,0,0,0,0,0,0,0,0,0,0,0,60.0,9.045371500651042,1.0,0.0,-0.006046131253242493,0.04999999701976776,0.0,0.0,-0.004000000189989805,0.2465602457523346,map_a,map_a_open,RULESET_V3_M1_OWN_FLAG_HOME,73b77ac3a0efb2c33a4498544c96bb702a656cbbfe17af18ec859c6d6b4c2142,True
647,sappo_pi_A_specialist_1p5M_seed7100001,48532,1153856,563,52,,OP3,OPPONENT_POOL,train,map_a_open,-1,0,SCRIPTED:OP6,5,1,1,0,1,240,0.3999999761581421,1,0,0,57,0,0,0,0,0,0,0,0,0,0,0,0,0,0,0,0,70.0,10.743595377604167,1.0,0.0,0.01889103651046753,0.04999999701976776,0.0,0.0,0.0,0.24896177649497986,map_a,map_a_open,RULESET_V3_M1_OWN_FLAG_HOME,73b77ac3a0efb2c33a4498544c96bb702a656cbbfe17af18ec859c6d6b4c2142,True
648,sappo_pi_A_specialist_1p5M_seed7100001,48532,1154192,563,73,,OP3,OPPONENT_POOL,train,map_a_open,-1,0,SCRIPTED:OP6,5,0,0,0,0,240,0.3999999761581421,1,0,0,42,0,0,0,0,0,0,0,0,0,0,0,0,0,0,0,0,,11.389912923177084,-0.5,0.0,-0.006602540612220764,0.04999999701976776,0.0,0.0,0.0,-0.12168172001838684,map_a,map_a_open,RULESET_V3_M1_OWN_FLAG_HOME,73b77ac3a0efb2c33a4498544c96bb702a656cbbfe17af18ec859c6d6b4c2142,True
649,sappo_pi_A_specialist_1p5M_seed7100001,48532,1154304,563,80,,OP3,OPPONENT_POOL,train,map_a_open,-1,0,SCRIPTED:OP6,5,1,1,0,1,240,0.47999998927116394,1,0,0,79,0,0,0,0,0,0,0,0,0,0,0,0,0,0,0,0,128.0,7.428961181640625,1.0,0.0,0.00465334951877594,0.04999999701976776,0.0,0.0,0.0,0.24812687933444977,map_a,map_a_open,RULESET_V3_M1_OWN_FLAG_HOME,73b77ac3a0efb2c33a4498544c96bb702a656cbbfe17af18ec859c6d6b4c2142,True
650,sappo_pi_A_specialist_1p5M_seed7100001,48532,1154352,563,83,,OP3,OPPONENT_POOL,train,map_a_open,-1,0,SCRIPTED:OP6,5,1,1,0,1,240,0.35999998450279236,0,1,0,42,0,0,0,0,0,0,0,0,0,0,0,0,0,0,0,0,53.0,11.508350626627605,1.0,0.0,-0.0024094879627227783,0.04999999701976776,0.0,0.0,0.0,0.2477126121520996,map_a,map_a_open,RULESET_V3_M1_OWN_FLAG_HOME,73b77ac3a0efb2c33a4498544c96bb702a656cbbfe17af18ec859c6d6b4c2142,True
651,sappo_pi_A_specialist_1p5M_seed7100001,48532,1154784,563,110,,OP3,OPPONENT_POOL,train,map_a_open,-1,0,SCRIPTED:OP6,5,0,0,0,0,240,0.35999998450279236,1,0,0,16,0,0,0,0,0,0,0,0,0,0,0,0,0,0,0,0,,13.43772684733073,-0.5,0.0,0.0027841031551361084,0.04999999701976776,0.0,0.0,0.0,-0.1211036965250969,map_a,map_a_open,RULESET_V3_M1_OWN_FLAG_HOME,73b77ac3a0efb2c33a4498544c96bb702a656cbbfe17af18ec859c6d6b4c2142,True
652,sappo_pi_A_specialist_1p5M_seed7100001,48532,1154800,563,111,,OP3,OPPONENT_POOL,train,map_a_open,-1,0,SCRIPTED:OP6,5,1,1,0,1,240,0.4399999976158142,1,0,0,57,0,0,0,0,0,0,0,0,0,0,0,0,0,0,0,0,92.0,9.929463704427084,1.0,0.0,-0.005058854818344116,0.04999999701976776,0.0,0.0,0.0,0.2475571483373642,map_a,map_a_open,RULESET_V3_M1_OWN_FLAG_HOME,73b77ac3a0efb2c33a4498544c96bb702a656cbbfe17af18ec859c6d6b4c2142,True
653,sappo_pi_A_specialist_1p5M_seed7100001,48532,1154816,563,112,,OP3,OPPONENT_POOL,train,map_a_open,-1,0,SCRIPTED:OP6,5,1,1,0,1,240,0.35999998450279236,1,0,0,24,0,0,0,0,0,0,0,0,0,0,0,0,0,0,0,0,43.0,11.466048177083334,1.0,0.0,-0.01952822506427765,0.04999999701976776,0.0,0.0,-0.004000000189989805,0.2457686811685562,map_a,map_a_open,RULESET_V3_M1_OWN_FLAG_HOME,73b77ac3a0efb2c33a4498544c96bb702a656cbbfe17af18ec859c6d6b4c2142,True
654,sappo_pi_A_specialist_1p5M_seed7100001,48532,1155136,564,4,,OP3,OPPONENT_POOL,train,map_a_open,-1,0,SCRIPTED:OP6,5,1,1,0,1,240,0.4399999976158142,1,0,0,42,0,0,0,0,0,0,0,0,0,0,0,0,0,0,0,0,80.0,10.291447957356771,1.0,0.0,-0.001605704426765442,0.04999999701976776,0.0,0.0,0.0,0.24775974452495575,map_a,map_a_open,RULESET_V3_M1_OWN_FLAG_HOME,73b77ac3a0efb2c33a4498544c96bb702a656cbbfe17af18ec859c6d6b4c2142,True
655,sappo_pi_A_specialist_1p5M_seed7100001,48532,1155232,564,10,,OP3,OPPONENT_POOL,train,map_a_open,-1,0,SCRIPTED:OP6,5,1,2,0,2,240,0.5999999642372131,0,1,0,54,0,0,0,0,0,0,0,0,0,0,0,0,0,0,0,0,60.0,9.873745727539063,1.0,0.0,0.00515727698802948,0.04999999701976776,0.0,0.0,0.0,0.24815644323825836,map_a,map_a_open,RULESET_V3_M1_OWN_FLAG_HOME,73b77ac3a0efb2c33a4498544c96bb702a656cbbfe17af18ec859c6d6b4c2142,True
656,sappo_pi_A_specialist_1p5M_seed7100001,48532,1156016,564,59,,OP3,OPPONENT_POOL,train,map_a_open,-1,0,SCRIPTED:OP6,5,0,0,0,0,240,0.5199999809265137,0,1,0,33,0,0,0,0,0,0,0,0,0,0,0,0,0,0,0,0,,11.128648885091145,-0.5,0.0,-0.015853464603424072,0.04999999701976776,0.0,0.0,0.0,-0.12225129455327988,map_a,map_a_open,RULESET_V3_M1_OWN_FLAG_HOME,73b77ac3a0efb2c33a4498544c96bb702a656cbbfe17af18ec859c6d6b4c2142,True
657,sappo_pi_A_specialist_1p5M_seed7100001,48532,1156176,564,69,,OP3,OPPONENT_POOL,train,map_a_open,-1,0,SCRIPTED:OP6,5,1,2,0,2,240,0.47999998927116394,1,0,0,160,0,0,0,0,0,0,0,0,0,0,0,0,0,0,0,0,39.0,3.5879806518554687,1.0,0.0,-0.020110636949539185,0.0,0.0,0.0,-0.00800000037997961,0.24185466766357422,map_a,map_a_open,RULESET_V3_M1_OWN_FLAG_HOME,73b77ac3a0efb2c33a4498544c96bb702a656cbbfe17af18ec859c6d6b4c2142,True
658,sappo_pi_A_specialist_1p5M_seed7100001,48532,1156208,564,71,,OP3,OPPONENT_POOL,train,map_a_open,-1,0,SCRIPTED:OP6,5,0,0,1,-1,240,0.4399999976158142,1,0,0,29,0,0,0,0,0,0,0,0,0,0,0,0,0,0,0,0,40.0,12.37073465983073,-1.0,0.0,0.017845749855041504,0.04999999701976776,0.0,0.0,-0.004000000189989805,-0.2418702393770218,map_a,map_a_open,RULESET_V3_M1_OWN_FLAG_HOME,73b77ac3a0efb2c33a4498544c96bb702a656cbbfe17af18ec859c6d6b4c2142,True
659,sappo_pi_A_specialist_1p5M_seed7100001,48532,1156592,564,95,,OP3,OPPONENT_POOL,train,map_a_open,-1,0,SCRIPTED:OP6,5,0,0,0,0,240,0.5199999809265137,1,0,0,23,0,0,0,0,0,0,0,0,0,0,0,0,0,0,0,0,,12.689269002278646,-0.5,0.0,-0.0029396116733551025,0.04999999701976776,0.0,0.0,0.0,-0.12145616859197617,map_a,map_a_open,RULESET_V3_M1_OWN_FLAG_HOME,73b77ac3a0efb2c33a4498544c96bb702a656cbbfe17af18ec859c6d6b4c2142,True
660,sappo_pi_A_specialist_1p5M_seed7100001,48532,1156784,564,107,,OP3,OPPONENT_POOL,train,map_a_open,-1,0,SCRIPTED:OP6,5,1,3,1,2,183,0.4399999976158142,0,1,0,94,0,0,0,0,0,0,0,0,0,0,0,0,0,0,0,0,76.0,4.173522282167862,1.0,0.5,-0.00772857666015625,0.0,1.0,100.0,0.0,0.5542652010917664,map_a,map_a_open,RULESET_V3_M1_OWN_FLAG_HOME,73b77ac3a0efb2c33a4498544c96bb702a656cbbfe17af18ec859c6d6b4c2142,True
661,sappo_pi_A_specialist_1p5M_seed7100001,48532,1156800,564,108,,OP3,OPPONENT_POOL,train,map_a_open,-1,0,SCRIPTED:OP6,5,1,2,0,2,240,0.4399999976158142,1,0,0,79,0,0,0,0,0,0,0,0,0,0,0,0,0,0,0,0,55.0,8.017978413899739,1.0,0.0,0.01226605474948883,0.04999999701976776,0.0,0.0,0.0,0.24857333302497864,map_a,map_a_open,RULESET_V3_M1_OWN_FLAG_HOME,73b77ac3a0efb2c33a4498544c96bb702a656cbbfe17af18ec859c6d6b4c2142,True
662,sappo_pi_A_specialist_1p5M_seed7100001,48532,1157312,565,12,,OP3,OPPONENT_POOL,train,map_a_open,-1,0,SCRIPTED:OP6,5,1,2,0,2,240,0.3999999761581421,1,0,0,40,0,0,0,0,0,0,0,0,0,0,0,0,0,0,0,0,45.0,9.721539306640626,1.0,0.0,0.003238499164581299,0.04999999701976776,0.0,0.0,-0.004000000189989805,0.247105211019516,map_a,map_a_open,RULESET_V3_M1_OWN_FLAG_HOME,73b77ac3a0efb2c33a4498544c96bb702a656cbbfe17af18ec859c6d6b4c2142,True
663,sappo_pi_A_specialist_1p5M_seed7100001,48532,1157648,565,33,,OP3,OPPONENT_POOL,train,map_a_open,-1,0,SCRIPTED:OP6,5,1,3,1,2,157,0.6399999856948853,1,0,0,56,0,0,0,0,0,0,0,0,0,0,0,0,0,0,0,0,56.0,4.852937151671974,1.0,0.5,-0.009457811713218689,0.0,1.0,100.0,-0.004000000189989805,0.5534970760345459,map_a,map_a_open,RULESET_V3_M1_OWN_FLAG_HOME,73b77ac3a0efb2c33a4498544c96bb702a656cbbfe17af18ec859c6d6b4c2142,True
664,sappo_pi_A_specialist_1p5M_seed7100001,48532,1157664,565,34,,OP3,OPPONENT_POOL,train,map_a_open,-1,0,SCRIPTED:OP6,5,1,1,0,1,240,0.47999998927116394,1,0,0,44,0,0,0,0,0,0,0,0,0,0,0,0,0,0,0,0,81.0,10.322876993815104,1.0,0.0,-0.005768731236457825,0.04999999701976776,0.0,0.0,-0.00800000037997961,0.24563711881637573,map_a,map_a_open,RULESET_V3_M1_OWN_FLAG_HOME,73b77ac3a0efb2c33a4498544c96bb702a656cbbfe17af18ec859c6d6b4c2142,True
665,sappo_pi_A_specialist_1p5M_seed7100001,48532,1157840,565,45,,OP3,OPPONENT_POOL,train,map_a_open,-1,0,SCRIPTED:OP6,5,1,3,0,3,190,0.47999998927116394,1,0,0,145,0,0,0,0,0,0,0,0,0,0,0,0,0,0,0,0,43.0,3.7648691277754933,1.0,0.5,-0.010270968079566956,0.0,1.0,100.0,0.0,0.5541551113128662,map_a,map_a_open,RULESET_V3_M1_OWN_FLAG_HOME,73b77ac3a0efb2c33a4498544c96bb702a656cbbfe17af18ec859c6d6b4c2142,True
666,sappo_pi_A_specialist_1p5M_seed7100001,48532,1158032,565,57,,OP3,OPPONENT_POOL,train,map_a_open,-1,0,SCRIPTED:OP6,5,1,1,0,1,240,0.35999998450279236,0,1,0,12,0,0,0,0,0,0,0,0,0,0,0,0,0,0,0,0,31.0,12.503282674153645,1.0,0.0,-0.009803682565689087,0.04999999701976776,0.0,0.0,0.0,0.24727877974510193,map_a,map_a_open,RULESET_V3_M1_OWN_FLAG_HOME,73b77ac3a0efb2c33a4498544c96bb702a656cbbfe17af18ec859c6d6b4c2142,True
667,sappo_pi_A_specialist_1p5M_seed7100001,48532,1158144,565,64,,OP3,OPPONENT_POOL,train,map_a_open,-1,0,SCRIPTED:OP6,5,1,1,0,1,240,0.3199999928474426,0,2,0,20,0,0,0,0,0,0,0,0,0,0,0,0,0,0,0,0,29.0,12.609288533528646,1.0,0.0,0.002754420042037964,0.04999999701976776,0.0,0.0,-0.004000000189989805,0.24707680940628052,map_a,map_a_open,RULESET_V3_M1_OWN_FLAG_HOME,73b77ac3a0efb2c33a4498544c96bb702a656cbbfe17af18ec859c6d6b4c2142,True
668,sappo_pi_A_specialist_1p5M_seed7100001,48532,1158192,565,67,,OP3,OPPONENT_POOL,train,map_a_open,-1,0,SCRIPTED:OP6,5,0,0,0,0,240,0.5600000023841858,1,0,0,29,0,0,0,0,0,0,0,0,0,0,0,0,0,0,0,0,,11.901969401041667,-0.5,0.0,-0.007369533181190491,0.04999999701976776,0.0,0.0,-0.004000000189989805,-0.12271400541067123,map_a,map_a_open,RULESET_V3_M1_OWN_FLAG_HOME,73b77ac3a0efb2c33a4498544c96bb702a656cbbfe17af18ec859c6d6b4c2142,True
669,sappo_pi_A_specialist_1p5M_seed7100001,48532,1158624,565,94,,OP3,OPPONENT_POOL,train,map_a_open,-1,0,SCRIPTED:OP6,5,0,0,0,0,240,0.35999998450279236,1,0,0,15,0,0,0,0,0,0,0,0,0,0,0,0,0,0,0,0,,12.77777099609375,-0.5,0.0,0.019111022353172302,0.04999999701976776,0.0,0.0,-0.004000000189989805,-0.121083565056324,map_a,map_a_open,RULESET_V3_M1_OWN_FLAG_HOME,73b77ac3a0efb2c33a4498544c96bb702a656cbbfe17af18ec859c6d6b4c2142,True
670,sappo_pi_A_specialist_1p5M_seed7100001,48532,1158656,565,96,,OP3,OPPONENT_POOL,train,map_a_open,-1,0,SCRIPTED:OP6,5,1,1,0,1,240,0.47999998927116394,1,0,0,38,0,0,0,0,0,0,0,0,0,0,0,0,0,0,0,0,70.0,10.926539103190104,1.0,0.0,-0.004654631018638611,0.04999999701976776,0.0,0.0,-0.004000000189989805,0.24664194881916046,map_a,map_a_open,RULESET_V3_M1_OWN_FLAG_HOME,73b77ac3a0efb2c33a4498544c96bb702a656cbbfe17af18ec859c6d6b4c2142,True
671,sappo_pi_A_specialist_1p5M_seed7100001,48532,1159072,565,122,,OP3,OPPONENT_POOL,train,map_a_open,-1,0,SCRIPTED:OP6,5,1,1,0,1,240,0.5600000023841858,0,1,0,44,0,0,0,0,0,0,0,0,0,0,0,0,0,0,0,0,57.0,11.313421630859375,1.0,0.0,0.002457261085510254,0.04999999701976776,0.0,0.0,-0.004000000189989805,0.24705934524536133,map_a,map_a_open,RULESET_V3_M1_OWN_FLAG_HOME,73b77ac3a0efb2c33a4498544c96bb702a656cbbfe17af18ec859c6d6b4c2142,True
672,sappo_pi_A_specialist_1p5M_seed7100001,48532,1159856,566,43,,OP3,OPPONENT_POOL,train,map_a_open,-1,0,SCRIPTED:OP6,5,1,1,0,1,240,0.35999998450279236,1,0,0,65,0,0,0,0,0,0,0,0,0,0,0,0,0,0,0,0,44.0,10.046858723958334,1.0,0.0,0.00016793608665466309,0.04999999701976776,0.0,0.0,0.0,0.2478637993335724,map_a,map_a_open,RULESET_V3_M1_OWN_FLAG_HOME,73b77ac3a0efb2c33a4498544c96bb702a656cbbfe17af18ec859c6d6b4c2142,True
673,sappo_pi_A_specialist_1p5M_seed7100001,48532,1160016,566,53,,OP3,OPPONENT_POOL,train,map_a_open,-1,0,SCRIPTED:OP6,5,0,0,0,0,240,0.5600000023841858,0,2,0,23,0,0,0,0,0,0,0,0,0,0,0,0,0,0,0,0,,13.288332112630208,-0.5,0.0,-0.008089348673820496,0.04999992251396179,0.0,0.0,-0.004000000189989805,-0.12275832146406174,map_a,map_a_open,RULESET_V3_M1_OWN_FLAG_HOME,73b77ac3a0efb2c33a4498544c96bb702a656cbbfe17af18ec859c6d6b4c2142,True
674,sappo_pi_A_specialist_1p5M_seed7100001,48532,1160048,566,55,,OP3,OPPONENT_POOL,train,map_a_open,-1,0,SCRIPTED:OP6,5,0,1,1,0,240,0.47999998927116394,1,0,0,140,0,0,0,0,0,0,0,0,0,0,0,0,0,0,0,0,80.0,6.76435546875,-0.5,0.0,-0.00015592575073242188,0.04999999701976776,0.0,0.0,0.0,-0.12128475308418274,map_a,map_a_open,RULESET_V3_M1_OWN_FLAG_HOME,73b77ac3a0efb2c33a4498544c96bb702a656cbbfe17af18ec859c6d6b4c2142,True
675,sappo_pi_A_specialist_1p5M_seed7100001,48532,1160432,566,79,,OP3,OPPONENT_POOL,train,map_a_open,-1,0,SCRIPTED:OP6,5,1,1,0,1,240,0.35999998450279236,1,0,0,58,0,0,0,0,0,0,0,0,0,0,0,0,0,0,0,0,79.0,9.411314900716146,1.0,0.0,-0.0016970038414001465,0.04999999701976776,0.0,0.0,0.0,0.24775439500808716,map_a,map_a_open,RULESET_V3_M1_OWN_FLAG_HOME,73b77ac3a0efb2c33a4498544c96bb702a656cbbfe17af18ec859c6d6b4c2142,True
676,sappo_pi_A_specialist_1p5M_seed7100001,48532,1160624,566,91,,OP3,OPPONENT_POOL,train,map_a_open,-1,0,SCRIPTED:OP6,5,1,1,0,1,240,0.4399999976158142,0,1,0,25,0,0,0,0,0,0,0,0,0,0,0,0,0,0,0,0,48.0,11.99376729329427,1.0,0.0,-0.0001049339771270752,0.04999999701976776,0.0,0.0,0.0,0.2478477954864502,map_a,map_a_open,RULESET_V3_M1_OWN_FLAG_HOME,73b77ac3a0efb2c33a4498544c96bb702a656cbbfe17af18ec859c6d6b4c2142,True
677,sappo_pi_A_specialist_1p5M_seed7100001,48532,1160640,566,92,,OP3,OPPONENT_POOL,train,map_a_open,-1,0,SCRIPTED:OP6,5,1,1,0,1,240,0.4399999976158142,0,2,0,57,0,0,0,0,0,0,0,0,0,0,0,0,0,0,0,0,33.0,10.141094970703126,1.0,0.0,0.011944666504859924,0.04999999701976776,0.0,0.0,0.0,0.24855448305606842,map_a,map_a_open,RULESET_V3_M1_OWN_FLAG_HOME,73b77ac3a0efb2c33a4498544c96bb702a656cbbfe17af18ec859c6d6b4c2142,True
678,sappo_pi_A_specialist_1p5M_seed7100001,48532,1161152,566,124,,OP3,OPPONENT_POOL,train,map_a_open,-1,0,SCRIPTED:OP6,5,0,0,0,0,240,0.47999998927116394,1,0,0,57,0,0,0,0,0,0,0,0,0,0,0,0,0,0,0,0,,11.395266723632812,-0.5,0.0,-0.0020048916339874268,0.04999999701976776,0.0,0.0,-0.004000000189989805,-0.12238375097513199,map_a,map_a_open,RULESET_V3_M1_OWN_FLAG_HOME,73b77ac3a0efb2c33a4498544c96bb702a656cbbfe17af18ec859c6d6b4c2142,True
679,sappo_pi_A_specialist_1p5M_seed7100001,48532,1161488,567,17,,OP3,OPPONENT_POOL,train,map_a_open,-1,0,SCRIPTED:OP6,5,1,1,0,1,240,0.3199999928474426,1,0,0,151,0,0,0,0,0,0,0,0,0,0,0,0,0,0,0,0,42.0,4.0568598429361975,1.0,0.0,0.0199652761220932,0.04999999701976776,0.0,0.0,-0.004000000189989805,0.24808652698993683,map_a,map_a_open,RULESET_V3_M1_OWN_FLAG_HOME,73b77ac3a0efb2c33a4498544c96bb702a656cbbfe17af18ec859c6d6b4c2142,True
680,sappo_pi_A_specialist_1p5M_seed7100001,48532,1161504,567,18,,OP3,OPPONENT_POOL,train,map_a_open,-1,0,SCRIPTED:OP6,5,0,0,0,0,240,0.2800000011920929,1,0,0,14,0,0,0,0,0,0,0,0,0,0,0,0,0,0,0,0,,13.118247477213542,-0.5,0.0,-0.004585757851600647,0.04999999701976776,0.0,0.0,0.0,-0.12155753374099731,map_a,map_a_open,RULESET_V3_M1_OWN_FLAG_HOME,73b77ac3a0efb2c33a4498544c96bb702a656cbbfe17af18ec859c6d6b4c2142,True
681,sappo_pi_A_specialist_1p5M_seed7100001,48532,1161520,567,19,,OP3,OPPONENT_POOL,train,map_a_open,-1,0,SCRIPTED:OP6,5,1,3,0,3,230,0.3999999761581421,0,1,0,165,0,0,0,0,0,0,0,0,0,0,0,0,0,0,0,0,53.0,3.5025740913722827,1.0,0.5,-0.007637009024620056,0.0,1.0,100.0,0.0,0.5542691946029663,map_a,map_a_open,RULESET_V3_M1_OWN_FLAG_HOME,73b77ac3a0efb2c33a4498544c96bb702a656cbbfe17af18ec859c6d6b4c2142,True
682,sappo_pi_A_specialist_1p5M_seed7100001,48532,1161872,567,41,,OP3,OPPONENT_POOL,train,map_a_open,-1,0,SCRIPTED:OP6,5,1,2,0,2,240,0.35999998450279236,1,0,0,138,0,0,0,0,0,0,0,0,0,0,0,0,0,0,0,0,81.0,3.707652282714844,1.0,0.0,0.01634100079536438,0.0,0.0,0.0,0.0,0.24587847292423248,map_a,map_a_open,RULESET_V3_M1_OWN_FLAG_HOME,73b77ac3a0efb2c33a4498544c96bb702a656cbbfe17af18ec859c6d6b4c2142,True
683,sappo_pi_A_specialist_1p5M_seed7100001,48532,1161984,567,48,,OP3,OPPONENT_POOL,train,map_a_open,-1,0,SCRIPTED:OP6,5,1,1,0,1,240,0.47999998927116394,1,0,0,58,0,0,0,0,0,0,0,0,0,0,0,0,0,0,0,0,59.0,10.6234130859375,1.0,0.0,-0.012457504868507385,0.04999927058815956,0.0,0.0,-0.004000000189989805,0.2461838275194168,map_a,map_a_open,RULESET_V3_M1_OWN_FLAG_HOME,73b77ac3a0efb2c33a4498544c96bb702a656cbbfe17af18ec859c6d6b4c2142,True
684,sappo_pi_A_specialist_1p5M_seed7100001,48532,1162032,567,51,,OP3,OPPONENT_POOL,train,map_a_open,-1,0,SCRIPTED:OP6,5,0,1,1,0,240,0.47999998927116394,1,0,0,70,0,0,0,0,0,0,0,0,0,0,0,0,0,0,0,0,78.0,8.112085469563802,-0.5,0.0,-0.010517343878746033,0.04999999701976776,0.0,0.0,0.0,-0.12192276120185852,map_a,map_a_open,RULESET_V3_M1_OWN_FLAG_HOME,73b77ac3a0efb2c33a4498544c96bb702a656cbbfe17af18ec859c6d6b4c2142,True
685,sappo_pi_A_specialist_1p5M_seed7100001,48532,1162464,567,78,,OP3,OPPONENT_POOL,train,map_a_open,-1,0,SCRIPTED:OP6,5,1,1,0,1,240,0.47999998927116394,1,0,0,51,0,0,0,0,0,0,0,0,0,0,0,0,0,0,0,0,107.0,9.205635579427083,1.0,0.0,0.005080327391624451,0.04999999701976776,0.0,0.0,0.0,0.24815194308757782,map_a,map_a_open,RULESET_V3_M1_OWN_FLAG_HOME,73b77ac3a0efb2c33a4498544c96bb702a656cbbfe17af18ec859c6d6b4c2142,True
686,sappo_pi_A_specialist_1p5M_seed7100001,48532,1162496,567,80,,OP3,OPPONENT_POOL,train,map_a_open,-1,0,SCRIPTED:OP6,5,1,1,0,1,240,0.5999999642372131,1,0,0,10,0,0,0,0,0,0,0,0,0,0,0,0,0,0,0,0,30.0,12.11549072265625,1.0,0.0,-0.0016156136989593506,0.04999999701976776,0.0,0.0,0.0,0.2477591633796692,map_a,map_a_open,RULESET_V3_M1_OWN_FLAG_HOME,73b77ac3a0efb2c33a4498544c96bb702a656cbbfe17af18ec859c6d6b4c2142,True
687,sappo_pi_A_specialist_1p5M_seed7100001,48532,1162752,567,96,,OP3,OPPONENT_POOL,train,map_a_open,-1,0,SCRIPTED:OP6,5,1,3,0,3,145,0.4399999976158142,0,2,0,75,0,0,0,0,0,0,0,0,0,0,0,0,0,0,0,0,47.0,4.846306320716595,1.0,0.5,-0.0019236952066421509,0.0,1.0,100.0,0.0,0.5545164942741394,map_a,map_a_open,RULESET_V3_M1_OWN_FLAG_HOME,73b77ac3a0efb2c33a4498544c96bb702a656cbbfe17af18ec859c6d6b4c2142,True
688,sappo_pi_A_specialist_1p5M_seed7100001,48532,1162912,567,106,,OP3,OPPONENT_POOL,train,map_a_open,-1,0,SCRIPTED:OP6,5,1,1,0,1,240,0.5600000023841858,1,0,0,28,0,0,0,0,0,0,0,0,0,0,0,0,0,0,0,0,71.0,11.05389404296875,1.0,0.0,-0.027655363082885742,0.04999999701976776,0.0,0.0,0.0,0.24623097479343414,map_a,map_a_open,RULESET_V3_M1_OWN_FLAG_HOME,73b77ac3a0efb2c33a4498544c96bb702a656cbbfe17af18ec859c6d6b4c2142,True
689,sappo_pi_A_specialist_1p5M_seed7100001,48532,1163488,568,14,,OP3,OPPONENT_POOL,train,map_a_open,-1,0,SCRIPTED:OP6,5,1,3,0,3,125,0.4399999976158142,1,0,0,56,0,0,0,0,0,0,0,0,0,0,0,0,0,0,0,0,50.0,4.9263515625,1.0,0.5,-0.010141581296920776,0.0,1.0,100.0,0.0,0.5541606545448303,map_a,map_a_open,RULESET_V3_M1_OWN_FLAG_HOME,73b77ac3a0efb2c33a4498544c96bb702a656cbbfe17af18ec859c6d6b4c2142,True
690,sappo_pi_A_specialist_1p5M_seed7100001,48532,1163696,568,27,,OP3,OPPONENT_POOL,train,map_a_open,-1,0,SCRIPTED:OP6,5,0,0,0,0,240,0.47999998927116394,1,0,0,18,0,0,0,0,0,0,0,0,0,0,0,0,0,0,0,0,,12.693082682291667,-0.5,0.0,0.01094047725200653,0.04999999701976776,0.0,0.0,0.0,-0.1206013634800911,map_a,map_a_open,RULESET_V3_M1_OWN_FLAG_HOME,73b77ac3a0efb2c33a4498544c96bb702a656cbbfe17af18ec859c6d6b4c2142,True
691,sappo_pi_A_specialist_1p5M_seed7100001,48532,1163856,568,37,,OP3,OPPONENT_POOL,train,map_a_open,-1,0,SCRIPTED:OP6,5,1,1,0,1,240,0.47999998927116394,1,0,0,23,0,0,0,0,0,0,0,0,0,0,0,0,0,0,0,0,57.0,11.849294026692709,1.0,0.0,-0.006070137023925781,0.04999999701976776,0.0,0.0,-0.00800000037997961,0.24561943113803864,map_a,map_a_open,RULESET_V3_M1_OWN_FLAG_HOME,73b77ac3a0efb2c33a4498544c96bb702a656cbbfe17af18ec859c6d6b4c2142,True
692,sappo_pi_A_specialist_1p5M_seed7100001,48532,1163872,568,38,,OP3,OPPONENT_POOL,train,map_a_open,-1,0,SCRIPTED:OP6,5,1,3,0,3,118,0.5600000023841858,0,1,0,69,0,0,0,0,0,0,0,0,0,0,0,0,0,0,0,0,60.0,4.248178255760063,1.0,0.5,-0.010124742984771729,0.0,1.0,100.0,0.0,0.5541614294052124,map_a,map_a_open,RULESET_V3_M1_OWN_FLAG_HOME,73b77ac3a0efb2c33a4498544c96bb702a656cbbfe17af18ec859c6d6b4c2142,True
693,sappo_pi_A_specialist_1p5M_seed7100001,48532,1163888,568,39,,OP3,OPPONENT_POOL,train,map_a_open,-1,0,SCRIPTED:OP6,5,0,0,0,0,240,0.35999998450279236,1,0,0,15,0,0,0,0,0,0,0,0,0,0,0,0,0,0,0,0,,12.799540201822916,-0.5,0.0,-0.010364100337028503,0.04999999701976776,0.0,0.0,0.0,-0.12191332131624222,map_a,map_a_open,RULESET_V3_M1_OWN_FLAG_HOME,73b77ac3a0efb2c33a4498544c96bb702a656cbbfe17af18ec859c6d6b4c2142,True
694,sappo_pi_A_specialist_1p5M_seed7100001,48532,1164464,568,75,,OP3,OPPONENT_POOL,train,map_a_open,-1,0,SCRIPTED:OP6,5,0,0,0,0,240,0.5600000023841858,1,0,0,20,0,0,0,0,0,0,0,0,0,0,0,0,0,0,0,0,,12.732938639322917,-0.5,0.0,0.019107431173324585,0.04999999701976776,0.0,0.0,-0.004000000189989805,-0.12108378857374191,map_a,map_a_open,RULESET_V3_M1_OWN_FLAG_HOME,73b77ac3a0efb2c33a4498544c96bb702a656cbbfe17af18ec859c6d6b4c2142,True
695,sappo_pi_A_specialist_1p5M_seed7100001,48532,1164480,568,76,,OP3,OPPONENT_POOL,train,map_a_open,-1,0,SCRIPTED:OP6,5,1,1,0,1,240,0.4399999976158142,1,0,0,33,0,0,0,0,0,0,0,0,0,0,0,0,0,0,0,0,42.0,11.414657592773438,1.0,0.0,0.009243488311767578,0.04999999701976776,0.0,0.0,0.0,0.248396098613739,map_a,map_a_open,RULESET_V3_M1_OWN_FLAG_HOME,73b77ac3a0efb2c33a4498544c96bb702a656cbbfe17af18ec859c6d6b4c2142,True
696,sappo_pi_A_specialist_1p5M_seed7100001,48532,1164992,568,108,,OP3,OPPONENT_POOL,train,map_a_open,-1,0,SCRIPTED:OP6,5,0,0,0,0,240,0.3999999761581421,1,0,0,20,0,0,0,0,0,0,0,0,0,0,0,0,0,0,0,0,,13.224847412109375,-0.5,0.0,-0.009340465068817139,0.04999999701976776,0.0,0.0,-0.00800000037997961,-0.12382012605667114,map_a,map_a_open,RULESET_V3_M1_OWN_FLAG_HOME,73b77ac3a0efb2c33a4498544c96bb702a656cbbfe17af18ec859c6d6b4c2142,True
697,sappo_pi_A_specialist_1p5M_seed7100001,48532,1165344,569,2,,OP3,OPPONENT_POOL,train,map_a_open,-1,0,SCRIPTED:OP6,5,0,0,0,0,240,0.47999998927116394,1,0,0,12,0,0,0,0,0,0,0,0,0,0,0,0,0,0,0,0,,12.956979370117187,-0.5,0.0,-0.0054807960987091064,0.04999999701976776,0.0,0.0,0.0,-0.12161264568567276,map_a,map_a_open,RULESET_V3_M1_OWN_FLAG_HOME,73b77ac3a0efb2c33a4498544c96bb702a656cbbfe17af18ec859c6d6b4c2142,True
698,sappo_pi_A_specialist_1p5M_seed7100001,48532,1165360,569,3,,OP3,OPPONENT_POOL,train,map_a_open,-1,0,SCRIPTED:OP6,5,0,0,0,0,240,0.3999999761581421,1,0,0,12,0,0,0,0,0,0,0,0,0,0,0,0,0,0,0,0,,13.178872680664062,-0.5,0.0,-0.004038989543914795,0.04999999701976776,0.0,0.0,0.0,-0.12152386456727982,map_a,map_a_open,RULESET_V3_M1_OWN_FLAG_HOME,73b77ac3a0efb2c33a4498544c96bb702a656cbbfe17af18ec859c6d6b4c2142,True
699,sappo_pi_A_specialist_1p5M_seed7100001,48532,1165712,569,25,,OP3,OPPONENT_POOL,train,map_a_open,-1,0,SCRIPTED:OP6,5,1,1,0,1,240,0.3999999761581421,0,2,0,158,0,0,0,0,0,0,0,0,0,0,0,0,0,0,0,0,94.0,3.2407760620117188,1.0,0.0,-0.02084943652153015,0.0,0.0,0.0,-0.00800000037997961,0.24181120097637177,map_a,map_a_open,RULESET_V3_M1_OWN_FLAG_HOME,73b77ac3a0efb2c33a4498544c96bb702a656cbbfe17af18ec859c6d6b4c2142,True
700,sappo_pi_A_specialist_1p5M_seed7100001,48532,1165872,569,35,,OP3,OPPONENT_POOL,train,map_a_open,-1,0,SCRIPTED:OP6,5,0,0,0,0,240,0.47999998927116394,1,0,0,22,0,0,0,0,0,0,0,0,0,0,0,0,0,0,0,0,,12.920911661783855,-0.5,0.0,0.007281944155693054,0.04999999701976776,0.0,0.0,-0.00800000037997961,-0.12279701977968216,map_a,map_a_open,RULESET_V3_M1_OWN_FLAG_HOME,73b77ac3a0efb2c33a4498544c96bb702a656cbbfe17af18ec859c6d6b4c2142,True
701,sappo_pi_A_specialist_1p5M_seed7100001,48532,1166304,569,62,,OP3,OPPONENT_POOL,train,map_a_open,-1,0,SCRIPTED:OP6,5,0,0,0,0,240,0.4399999976158142,1,0,0,21,0,0,0,0,0,0,0,0,0,0,0,0,0,0,0,0,,12.308629353841146,-0.5,0.0,-0.00963003933429718,0.04999999701976776,0.0,0.0,-0.004000000189989805,-0.12285315245389938,map_a,map_a_open,RULESET_V3_M1_OWN_FLAG_HOME,73b77ac3a0efb2c33a4498544c96bb702a656cbbfe17af18ec859c6d6b4c2142,True
702,sappo_pi_A_specialist_1p5M_seed7100001,48532,1166336,569,64,,OP3,OPPONENT_POOL,train,map_a_open,-1,0,SCRIPTED:OP6,5,0,0,0,0,240,0.3999999761581421,0,1,0,21,0,0,0,0,0,0,0,0,0,0,0,0,0,0,0,0,,12.580708821614584,-0.5,0.0,0.004167243838310242,0.04999999701976776,0.0,0.0,-0.004000000189989805,-0.12200374901294708,map_a,map_a_open,RULESET_V3_M1_OWN_FLAG_HOME,73b77ac3a0efb2c33a4498544c96bb702a656cbbfe17af18ec859c6d6b4c2142,True
703,sappo_pi_A_specialist_1p5M_seed7100001,48532,1166592,569,80,,OP3,OPPONENT_POOL,train,map_a_open,-1,0,SCRIPTED:OP6,5,0,0,0,0,240,0.4399999976158142,1,0,0,5,0,0,0,0,0,0,0,0,0,0,0,0,0,0,0,0,,13.275689697265625,-0.5,0.0,-0.022756561636924744,0.04999999701976776,0.0,0.0,-0.004000000189989805,-0.123661108314991,map_a,map_a_open,RULESET_V3_M1_OWN_FLAG_HOME,73b77ac3a0efb2c33a4498544c96bb702a656cbbfe17af18ec859c6d6b4c2142,True
704,sappo_pi_A_specialist_1p5M_seed7100001,48532,1166752,569,90,,OP3,OPPONENT_POOL,train,map_a_open,-1,0,SCRIPTED:OP6,5,0,0,0,0,240,0.3999999761581421,0,1,0,33,0,0,0,0,0,0,0,0,0,0,0,0,0,0,0,0,,12.442381795247396,-0.5,0.0,0.004312783479690552,0.04999999701976776,0.0,0.0,-0.004000000189989805,-0.12199478596448898,map_a,map_a_open,RULESET_V3_M1_OWN_FLAG_HOME,73b77ac3a0efb2c33a4498544c96bb702a656cbbfe17af18ec859c6d6b4c2142,True
705,sappo_pi_A_specialist_1p5M_seed7100001,48532,1167328,569,126,,OP3,OPPONENT_POOL,train,map_a_open,-1,0,SCRIPTED:OP6,5,0,0,0,0,240,0.5199999809265137,0,1,0,29,0,0,0,0,0,0,0,0,0,0,0,0,0,0,0,0,,11.640623982747396,-0.5,0.0,-0.0171833336353302,0.04999999701976776,0.0,0.0,-0.004000000189989805,-0.12331809103488922,map_a,map_a_open,RULESET_V3_M1_OWN_FLAG_HOME,73b77ac3a0efb2c33a4498544c96bb702a656cbbfe17af18ec859c6d6b4c2142,True
706,sappo_pi_A_specialist_1p5M_seed7100001,48532,1167536,570,11,,OP3,OPPONENT_POOL,train,map_a_open,-1,0,SCRIPTED:OP6,5,0,1,1,0,240,0.19999998807907104,0,1,0,137,0,0,0,0,0,0,0,0,0,0,0,0,0,0,0,0,93.0,5.563584899902343,-0.5,0.0,-0.016186252236366272,0.04999999701976776,0.0,0.0,-0.004000000189989805,-0.12325672060251236,map_a,map_a_open,RULESET_V3_M1_OWN_FLAG_HOME,73b77ac3a0efb2c33a4498544c96bb702a656cbbfe17af18ec859c6d6b4c2142,True
707,sappo_pi_A_specialist_1p5M_seed7100001,48532,1167696,570,21,,OP3,OPPONENT_POOL,train,map_a_open,-1,0,SCRIPTED:OP6,5,1,1,0,1,240,0.4399999976158142,0,1,0,20,0,0,0,0,0,0,0,0,0,0,0,0,0,0,0,0,41.0,11.979747517903645,1.0,0.0,-0.01095879077911377,0.04999999701976776,0.0,0.0,-0.00800000037997961,0.245332270860672,map_a,map_a_open,RULESET_V3_M1_OWN_FLAG_HOME,73b77ac3a0efb2c33a4498544c96bb702a656cbbfe17af18ec859c6d6b4c2142,True
708,sappo_pi_A_specialist_1p5M_seed7100001,48532,1167712,570,22,,OP3,OPPONENT_POOL,train,map_a_open,-1,0,SCRIPTED:OP6,5,0,0,0,0,240,0.4399999976158142,1,0,0,55,0,0,0,0,0,0,0,0,0,0,0,0,0,0,0,0,,10.642887369791667,-0.5,0.0,-0.009968161582946777,0.04999999701976776,0.0,0.0,-0.004000000189989805,-0.12287397682666779,map_a,map_a_open,RULESET_V3_M1_OWN_FLAG_HOME,73b77ac3a0efb2c33a4498544c96bb702a656cbbfe17af18ec859c6d6b4c2142,True
709,sappo_pi_A_specialist_1p5M_seed7100001,48532,1167728,570,23,,OP3,OPPONENT_POOL,train,map_a_open,-1,0,SCRIPTED:OP6,5,0,0,1,-1,240,0.5199999809265137,0,1,0,33,0,0,0,0,0,0,0,0,0,0,0,0,0,0,0,0,56.0,11.663618977864584,-1.0,0.0,-0.012328773736953735,0.04999999701976776,0.0,0.0,0.0,-0.24270415306091309,map_a,map_a_open,RULESET_V3_M1_OWN_FLAG_HOME,73b77ac3a0efb2c33a4498544c96bb702a656cbbfe17af18ec859c6d6b4c2142,True
710,sappo_pi_A_specialist_1p5M_seed7100001,48532,1168304,570,59,,OP3,OPPONENT_POOL,train,map_a_open,-1,0,SCRIPTED:OP6,5,0,0,0,0,240,0.47999998927116394,1,0,0,19,0,0,0,0,0,0,0,0,0,0,0,0,0,0,0,0,,12.991275024414062,-0.5,0.0,0.0001332312822341919,0.04999999701976776,0.0,0.0,-0.004000000189989805,-0.12225212156772614,map_a,map_a_open,RULESET_V3_M1_OWN_FLAG_HOME,73b77ac3a0efb2c33a4498544c96bb702a656cbbfe17af18ec859c6d6b4c2142,True
711,sappo_pi_A_specialist_1p5M_seed7100001,48532,1168320,570,60,,OP3,OPPONENT_POOL,train,map_a_open,-1,0,SCRIPTED:OP6,5,1,1,0,1,240,0.4399999976158142,1,0,0,49,0,0,0,0,0,0,0,0,0,0,0,0,0,0,0,0,96.0,9.580970255533854,1.0,0.0,-0.01858632266521454,0.04999999701976776,0.0,0.0,0.0,0.24676333367824554,map_a,map_a_open,RULESET_V3_M1_OWN_FLAG_HOME,73b77ac3a0efb2c33a4498544c96bb702a656cbbfe17af18ec859c6d6b4c2142,True
712,sappo_pi_A_specialist_1p5M_seed7100001,48532,1168832,570,92,,OP3,OPPONENT_POOL,train,map_a_open,-1,0,SCRIPTED:OP6,5,0,0,1,-1,240,0.4399999976158142,1,0,0,25,0,0,0,0,0,0,0,0,0,0,0,0,0,0,0,0,49.0,11.5758056640625,-1.0,0.0,-0.0029809921979904175,0.04999999701976776,0.0,0.0,0.0,-0.24215427041053772,map_a,map_a_open,RULESET_V3_M1_OWN_FLAG_HOME,73b77ac3a0efb2c33a4498544c96bb702a656cbbfe17af18ec859c6d6b4c2142,True
713,sappo_pi_A_specialist_1p5M_seed7100001,48532,1169184,570,114,,OP3,OPPONENT_POOL,train,map_a_open,-1,0,SCRIPTED:OP6,5,0,0,0,0,240,0.47999998927116394,0,1,0,60,0,0,0,0,0,0,0,0,0,0,0,0,0,0,0,0,,10.759556070963542,-0.5,0.0,-0.01841697096824646,0.04999999701976776,0.0,0.0,0.0,-0.12240911275148392,map_a,map_a_open,RULESET_V3_M1_OWN_FLAG_HOME,73b77ac3a0efb2c33a4498544c96bb702a656cbbfe17af18ec859c6d6b4c2142,True
714,sappo_pi_A_specialist_1p5M_seed7100001,48532,1169200,570,115,,OP3,OPPONENT_POOL,train,map_a_open,-1,0,SCRIPTED:OP6,5,1,1,0,1,240,0.47999998927116394,1,0,0,24,0,0,0,0,0,0,0,0,0,0,0,0,0,0,0,0,45.0,11.94496358235677,1.0,0.0,-0.0025892257690429688,0.04999818280339241,0.0,0.0,0.0,0.247701957821846,map_a,map_a_open,RULESET_V3_M1_OWN_FLAG_HOME,73b77ac3a0efb2c33a4498544c96bb702a656cbbfe17af18ec859c6d6b4c2142,True
715,sappo_pi_A_specialist_1p5M_seed7100001,48532,1169552,571,9,,OP3,OPPONENT_POOL,train,map_a_open,-1,0,SCRIPTED:OP6,5,1,1,0,1,240,0.5199999809265137,0,2,0,91,0,0,0,0,0,0,0,0,0,0,0,0,0,0,0,0,136.0,7.4677490234375,1.0,0.0,0.002362549304962158,0.04999999701976776,0.0,0.0,0.0,0.24799251556396484,map_a,map_a_open,RULESET_V3_M1_OWN_FLAG_HOME,73b77ac3a0efb2c33a4498544c96bb702a656cbbfe17af18ec859c6d6b4c2142,True
716,sappo_pi_A_specialist_1p5M_seed7100001,48532,1169712,571,19,,OP3,OPPONENT_POOL,train,map_a_open,-1,0,SCRIPTED:OP6,5,0,0,0,0,240,0.4399999976158142,0,1,0,15,0,0,0,0,0,0,0,0,0,0,0,0,0,0,0,0,,13.088611857096355,-0.5,0.0,0.016121476888656616,0.04999999701976776,0.0,0.0,0.0,-0.12028225511312485,map_a,map_a_open,RULESET_V3_M1_OWN_FLAG_HOME,73b77ac3a0efb2c33a4498544c96bb702a656cbbfe17af18ec859c6d6b4c2142,True
717,sappo_pi_A_specialist_1p5M_seed7100001,48532,1169984,571,36,,OP3,OPPONENT_POOL,train,map_a_open,-1,0,SCRIPTED:OP6,5,1,3,1,2,153,0.2800000011920929,0,1,0,76,0,0,0,0,0,0,0,0,0,0,0,0,0,0,0,0,54.0,5.072909087137459,1.0,0.5,-0.0100935697555542,0.0,1.0,100.0,0.0,0.5541627407073975,map_a,map_a_open,RULESET_V3_M1_OWN_FLAG_HOME,73b77ac3a0efb2c33a4498544c96bb702a656cbbfe17af18ec859c6d6b4c2142,True
718,sappo_pi_A_specialist_1p5M_seed7100001,48532,1170144,571,46,,OP3,OPPONENT_POOL,train,map_a_open,-1,0,SCRIPTED:OP6,5,0,1,1,0,240,0.5999999642372131,0,1,0,125,0,0,0,0,0,0,0,0,0,0,0,0,0,0,0,0,52.0,5.696514383951823,-0.5,0.0,0.004924207925796509,0.04999999701976776,0.0,0.0,-0.004000000189989805,-0.12195714563131332,map_a,map_a_open,RULESET_V3_M1_OWN_FLAG_HOME,73b77ac3a0efb2c33a4498544c96bb702a656cbbfe17af18ec859c6d6b4c2142,True
719,sappo_pi_A_specialist_1p5M_seed7100001,48532,1170176,571,48,,OP3,OPPONENT_POOL,train,map_a_open,-1,0,SCRIPTED:OP6,5,0,1,1,0,240,0.47999998927116394,0,2,0,33,0,0,0,0,0,0,0,0,0,0,0,0,0,0,0,0,39.0,11.317577107747395,-0.5,0.0,-0.011602148413658142,0.04999999701976776,0.0,0.0,0.0,-0.12198955565690994,map_a,map_a_open,RULESET_V3_M1_OWN_FLAG_HOME,73b77ac3a0efb2c33a4498544c96bb702a656cbbfe17af18ec859c6d6b4c2142,True
720,sappo_pi_A_specialist_1p5M_seed7100001,48532,1170432,571,64,,OP3,OPPONENT_POOL,train,map_a_open,-1,0,SCRIPTED:OP6,5,1,1,0,1,240,0.5199999809265137,1,0,0,138,0,0,0,0,0,0,0,0,0,0,0,0,0,0,0,0,105.0,7.7018274943033855,1.0,0.0,0.003873676061630249,0.04999999701976776,0.0,0.0,-0.004000000189989805,0.2471424788236618,map_a,map_a_open,RULESET_V3_M1_OWN_FLAG_HOME,73b77ac3a0efb2c33a4498544c96bb702a656cbbfe17af18ec859c6d6b4c2142,True
721,sappo_pi_A_specialist_1p5M_seed7100001,48532,1170592,571,74,,OP3,OPPONENT_POOL,train,map_a_open,-1,0,SCRIPTED:OP6,5,1,2,0,2,240,0.5600000023841858,1,0,0,132,0,0,0,0,0,0,0,0,0,0,0,0,0,0,0,0,84.0,3.7955942789713544,1.0,0.0,-0.0016970634460449219,0.0,0.0,0.0,-0.004000000189989805,0.24387864768505096,map_a,map_a_open,RULESET_V3_M1_OWN_FLAG_HOME,73b77ac3a0efb2c33a4498544c96bb702a656cbbfe17af18ec859c6d6b4c2142,True
722,sappo_pi_A_specialist_1p5M_seed7100001,48532,1171168,571,110,,OP3,OPPONENT_POOL,train,map_a_open,-1,0,SCRIPTED:OP6,5,1,1,0,1,240,0.2800000011920929,0,1,0,138,0,0,0,0,0,0,0,0,0,0,0,0,0,0,0,0,45.0,6.704714457194011,1.0,0.0,-0.005916297435760498,0.04999999701976776,0.0,0.0,-0.004000000189989805,0.24656789004802704,map_a,map_a_open,RULESET_V3_M1_OWN_FLAG_HOME,73b77ac3a0efb2c33a4498544c96bb702a656cbbfe17af18ec859c6d6b4c2142,True
723,sappo_pi_A_specialist_1p5M_seed7100001,48532,1171440,571,127,,OP3,OPPONENT_POOL,train,map_a_open,-1,0,SCRIPTED:OP6,5,1,3,0,3,195,0.5199999809265137,0,1,0,156,0,0,0,0,0,0,0,0,0,0,0,0,0,0,0,0,87.0,3.499579326923077,1.0,0.5,-0.009997814893722534,0.0,1.0,100.0,0.0,0.5541669130325317,map_a,map_a_open,RULESET_V3_M1_OWN_FLAG_HOME,73b77ac3a0efb2c33a4498544c96bb702a656cbbfe17af18ec859c6d6b4c2142,True
724,sappo_pi_A_specialist_1p5M_seed7100001,48532,1171536,572,5,,OP3,OPPONENT_POOL,train,map_a_open,-1,0,SCRIPTED:OP6,5,0,0,0,0,240,0.5600000023841858,1,0,0,34,0,0,0,0,0,0,0,0,0,0,0,0,0,0,0,0,,11.950709025065104,-0.5,0.0,0.005956143140792847,0.04999999701976776,0.0,0.0,-0.004000000189989805,-0.12189360707998276,map_a,map_a_open,RULESET_V3_M1_OWN_FLAG_HOME,73b77ac3a0efb2c33a4498544c96bb702a656cbbfe17af18ec859c6d6b4c2142,True
725,sappo_pi_A_specialist_1p5M_seed7100001,48532,1171552,572,6,,OP3,OPPONENT_POOL,train,map_a_open,-1,0,SCRIPTED:OP6,5,1,2,0,2,240,0.5600000023841858,1,0,0,30,0,0,0,0,0,0,0,0,0,0,0,0,0,0,0,0,46.0,10.62470703125,1.0,0.0,-0.015226095914840698,0.04999999701976776,0.0,0.0,0.0,0.2469605654478073,map_a,map_a_open,RULESET_V3_M1_OWN_FLAG_HOME,73b77ac3a0efb2c33a4498544c96bb702a656cbbfe17af18ec859c6d6b4c2142,True
726,sappo_pi_A_specialist_1p5M_seed7100001,48532,1171568,572,7,,OP3,OPPONENT_POOL,train,map_a_open,-1,0,SCRIPTED:OP6,5,0,1,1,0,240,0.5199999809265137,0,1,0,66,0,0,0,0,0,0,0,0,0,0,0,0,0,0,0,0,69.0,8.520055135091146,-0.5,0.0,-0.004783183336257935,0.04999999701976776,0.0,0.0,0.0,-0.1215696856379509,map_a,map_a_open,RULESET_V3_M1_OWN_FLAG_HOME,73b77ac3a0efb2c33a4498544c96bb702a656cbbfe17af18ec859c6d6b4c2142,True
727,sappo_pi_A_specialist_1p5M_seed7100001,48532,1172144,572,43,,OP3,OPPONENT_POOL,train,map_a_open,-1,0,SCRIPTED:OP6,5,1,2,0,2,240,0.35999998450279236,0,6,0,206,0,0,0,0,0,0,0,0,0,0,0,0,0,0,0,0,45.0,3.0388498942057294,1.0,0.0,-0.023386210203170776,0.019999999552965164,0.0,0.0,-0.004000000189989805,0.24377936124801636,map_a,map_a_open,RULESET_V3_M1_OWN_FLAG_HOME,73b77ac3a0efb2c33a4498544c96bb702a656cbbfe17af18ec859c6d6b4c2142,True
728,sappo_pi_A_specialist_1p5M_seed7100001,48532,1172672,572,76,,OP3,OPPONENT_POOL,train,map_a_open,-1,0,SCRIPTED:OP6,5,1,1,0,1,240,0.47999998927116394,0,1,0,28,0,0,0,0,0,0,0,0,0,0,0,0,0,0,0,0,48.0,11.90153299967448,1.0,0.0,-0.007571324706077576,0.04999999701976776,0.0,0.0,0.0,0.24740974605083466,map_a,map_a_open,RULESET_V3_M1_OWN_FLAG_HOME,73b77ac3a0efb2c33a4498544c96bb702a656cbbfe17af18ec859c6d6b4c2142,True
729,sappo_pi_A_specialist_1p5M_seed7100001,48532,1173024,572,98,,OP3,OPPONENT_POOL,train,map_a_open,-1,0,SCRIPTED:OP6,5,0,0,0,0,240,0.3199999928474426,1,0,0,24,0,0,0,0,0,0,0,0,0,0,0,0,0,0,0,0,,13.225038655598958,-0.5,0.0,0.00429968535900116,0.04999999701976776,0.0,0.0,0.0,-0.12101035565137863,map_a,map_a_open,RULESET_V3_M1_OWN_FLAG_HOME,73b77ac3a0efb2c33a4498544c96bb702a656cbbfe17af18ec859c6d6b4c2142,True
730,sappo_pi_A_specialist_1p5M_seed7100001,48532,1173040,572,99,,OP3,OPPONENT_POOL,train,map_a_open,-1,0,SCRIPTED:OP6,5,1,1,0,1,240,0.4399999976158142,0,1,0,171,0,0,0,0,0,0,0,0,0,0,0,0,0,0,0,0,54.0,3.7023549397786457,1.0,0.0,0.019058048725128174,0.019999999552965164,0.0,0.0,-0.004000000189989805,0.24627284705638885,map_a,map_a_open,RULESET_V3_M1_OWN_FLAG_HOME,73b77ac3a0efb2c33a4498544c96bb702a656cbbfe17af18ec859c6d6b4c2142,True
731,sappo_pi_A_specialist_1p5M_seed7100001,48532,1173072,572,101,,OP3,OPPONENT_POOL,train,map_a_open,-1,0,SCRIPTED:OP6,5,1,3,1,2,165,0.4399999976158142,0,2,0,105,0,0,0,0,0,0,0,0,0,0,0,0,0,0,0,0,42.0,4.090153734611742,1.0,0.5,-0.008033335208892822,0.0,1.0,100.0,0.0,0.5542519092559814,map_a,map_a_open,RULESET_V3_M1_OWN_FLAG_HOME,73b77ac3a0efb2c33a4498544c96bb702a656cbbfe17af18ec859c6d6b4c2142,True
732,sappo_pi_A_specialist_1p5M_seed7100001,48532,1173392,572,121,,OP3,OPPONENT_POOL,train,map_a_open,-1,0,SCRIPTED:OP6,5,0,0,1,-1,240,0.4399999976158142,0,3,0,52,0,0,0,0,0,0,0,0,0,0,0,0,0,0,0,0,81.0,10.176504516601563,-1.0,0.0,0.0003811866044998169,0.04999999701976776,0.0,0.0,0.0,-0.2419564425945282,map_a,map_a_open,RULESET_V3_M1_OWN_FLAG_HOME,73b77ac3a0efb2c33a4498544c96bb702a656cbbfe17af18ec859c6d6b4c2142,True
733,sappo_pi_A_specialist_1p5M_seed7100001,48532,1173552,573,3,,OP3,OPPONENT_POOL,train,map_a_open,-1,0,SCRIPTED:OP6,5,1,1,0,1,240,0.35999998450279236,1,0,0,26,0,0,0,0,0,0,0,0,0,0,0,0,0,0,0,0,56.0,10.617156982421875,1.0,0.0,-0.0014171600341796875,0.04999999701976776,0.0,0.0,-0.004000000189989805,0.2468319684267044,map_a,map_a_open,RULESET_V3_M1_OWN_FLAG_HOME,73b77ac3a0efb2c33a4498544c96bb702a656cbbfe17af18ec859c6d6b4c2142,True
734,sappo_pi_A_specialist_1p5M_seed7100001,48532,1173824,573,20,,OP3,OPPONENT_POOL,train,map_a_open,-1,0,SCRIPTED:OP6,5,1,2,0,2,240,0.5600000023841858,0,1,0,81,0,0,0,0,0,0,0,0,0,0,0,0,0,0,0,0,40.0,8.400203450520833,1.0,0.0,0.010626479983329773,0.04999999701976776,0.0,0.0,-0.004000000189989805,0.24753868579864502,map_a,map_a_open,RULESET_V3_M1_OWN_FLAG_HOME,73b77ac3a0efb2c33a4498544c96bb702a656cbbfe17af18ec859c6d6b4c2142,True
735,sappo_pi_A_specialist_1p5M_seed7100001,48532,1173984,573,30,,OP3,OPPONENT_POOL,train,map_a_open,-1,0,SCRIPTED:OP6,5,1,1,0,1,240,0.47999998927116394,1,0,0,19,0,0,0,0,0,0,0,0,0,0,0,0,0,0,0,0,46.0,11.313733927408855,1.0,0.0,0.008672505617141724,0.04999999701976776,0.0,0.0,0.0,0.24836260080337524,map_a,map_a_open,RULESET_V3_M1_OWN_FLAG_HOME,73b77ac3a0efb2c33a4498544c96bb702a656cbbfe17af18ec859c6d6b4c2142,True
736,sappo_pi_A_specialist_1p5M_seed7100001,48532,1174016,573,32,,OP3,OPPONENT_POOL,train,map_a_open,-1,0,SCRIPTED:OP6,5,0,0,0,0,240,0.4399999976158142,1,0,0,11,0,0,0,0,0,0,0,0,0,0,0,0,0,0,0,0,,12.94825948079427,-0.5,0.0,-0.011387482285499573,0.04999999701976776,0.0,0.0,0.0,-0.121976338326931,map_a,map_a_open,RULESET_V3_M1_OWN_FLAG_HOME,73b77ac3a0efb2c33a4498544c96bb702a656cbbfe17af18ec859c6d6b4c2142,True
737,sappo_pi_A_specialist_1p5M_seed7100001,48532,1174432,573,58,,OP3,OPPONENT_POOL,train,map_a_open,-1,0,SCRIPTED:OP6,5,0,0,0,0,240,0.3999999761581421,1,0,0,14,0,0,0,0,0,0,0,0,0,0,0,0,0,0,0,0,,13.283577473958333,-0.5,0.0,-0.0027113109827041626,0.04999999701976776,0.0,0.0,0.0,-0.12144210934638977,map_a,map_a_open,RULESET_V3_M1_OWN_FLAG_HOME,73b77ac3a0efb2c33a4498544c96bb702a656cbbfe17af18ec859c6d6b4c2142,True
738,sappo_pi_A_specialist_1p5M_seed7100001,48532,1174464,573,60,,OP3,OPPONENT_POOL,train,map_a_open,-1,0,SCRIPTED:OP6,5,1,3,0,3,112,0.47999998927116394,1,0,0,43,0,0,0,0,0,0,0,0,0,0,0,0,0,0,0,0,41.0,5.417845044817243,1.0,0.5,-0.009443283081054688,0.0,1.0,100.0,-0.004000000189989805,0.5534976720809937,map_a,map_a_open,RULESET_V3_M1_OWN_FLAG_HOME,73b77ac3a0efb2c33a4498544c96bb702a656cbbfe17af18ec859c6d6b4c2142,True
739,sappo_pi_A_specialist_1p5M_seed7100001,48532,1175008,573,94,,OP3,OPPONENT_POOL,train,map_a_open,-1,0,SCRIPTED:OP6,5,0,0,0,0,240,0.4399999976158142,1,0,0,17,0,0,0,0,0,0,0,0,0,0,0,0,0,0,0,0,,12.937827555338542,-0.5,0.0,-0.007936999201774597,0.04999999701976776,0.0,0.0,0.0,-0.12176388502120972,map_a,map_a_open,RULESET_V3_M1_OWN_FLAG_HOME,73b77ac3a0efb2c33a4498544c96bb702a656cbbfe17af18ec859c6d6b4c2142,True
740,sappo_pi_A_specialist_1p5M_seed7100001,48532,1175280,573,111,,OP3,OPPONENT_POOL,train,map_a_open,-1,0,SCRIPTED:OP6,5,1,1,0,1,240,0.5600000023841858,1,0,0,63,0,0,0,0,0,0,0,0,0,0,0,0,0,0,0,0,104.0,9.315398152669271,1.0,0.0,0.007675498723983765,0.04999999701976776,0.0,0.0,-0.004000000189989805,0.2473655641078949,map_a,map_a_open,RULESET_V3_M1_OWN_FLAG_HOME,73b77ac3a0efb2c33a4498544c96bb702a656cbbfe17af18ec859c6d6b4c2142,True
741,sappo_pi_A_specialist_1p5M_seed7100001,48532,1175376,573,117,,OP3,OPPONENT_POOL,train,map_a_open,-1,0,SCRIPTED:OP6,5,0,0,0,0,240,0.23999999463558197,1,0,0,22,0,0,0,0,0,0,0,0,0,0,0,0,0,0,0,0,,11.865802001953124,-0.5,0.0,0.01317162811756134,0.04999999701976776,0.0,0.0,-0.004000000189989805,-0.121449314057827,map_a,map_a_open,RULESET_V3_M1_OWN_FLAG_HOME,73b77ac3a0efb2c33a4498544c96bb702a656cbbfe17af18ec859c6d6b4c2142,True
742,sappo_pi_A_specialist_1p5M_seed7100001,48532,1175392,573,118,,OP3,OPPONENT_POOL,train,map_a_open,-1,0,SCRIPTED:OP6,5,0,0,0,0,240,0.5199999809265137,1,0,0,19,0,0,0,0,0,0,0,0,0,0,0,0,0,0,0,0,,12.600536092122395,-0.5,0.0,-0.014799699187278748,0.04999988526105881,0.0,0.0,0.0,-0.12218642234802246,map_a,map_a_open,RULESET_V3_M1_OWN_FLAG_HOME,73b77ac3a0efb2c33a4498544c96bb702a656cbbfe17af18ec859c6d6b4c2142,True
743,sappo_pi_A_specialist_1p5M_seed7100001,48532,1175408,573,119,,OP3,OPPONENT_POOL,train,map_a_open,-1,0,SCRIPTED:OP6,5,1,2,0,2,240,0.3999999761581421,0,1,0,121,0,0,0,0,0,0,0,0,0,0,0,0,0,0,0,0,132.0,5.272746785481771,1.0,0.0,0.023211300373077393,0.04999999701976776,0.0,0.0,-0.00800000037997961,0.24733830988407135,map_a,map_a_open,RULESET_V3_M1_OWN_FLAG_HOME,73b77ac3a0efb2c33a4498544c96bb702a656cbbfe17af18ec859c6d6b4c2142,True
744,sappo_pi_A_specialist_1p5M_seed7100001,48532,1175984,574,27,,OP3,OPPONENT_POOL,train,map_a_open,-1,0,SCRIPTED:OP6,5,1,2,0,2,240,0.47999998927116394,1,0,0,59,0,0,0,0,0,0,0,0,0,0,0,0,0,0,0,0,71.0,10.1689208984375,1.0,0.0,-0.0034751445055007935,0.04999999701976776,0.0,0.0,-0.004000000189989805,0.24671116471290588,map_a,map_a_open,RULESET_V3_M1_OWN_FLAG_HOME,73b77ac3a0efb2c33a4498544c96bb702a656cbbfe17af18ec859c6d6b4c2142,True
745,sappo_pi_A_specialist_1p5M_seed7100001,48532,1176864,574,82,,OP3,OPPONENT_POOL,train,map_a_open,-1,0,SCRIPTED:OP6,5,0,0,0,0,240,0.35999998450279236,1,0,0,31,0,0,0,0,0,0,0,0,0,0,0,0,0,0,0,0,,11.166823323567709,-0.5,0.0,0.007976576685905457,0.04999999701976776,0.0,0.0,0.0,-0.12078391015529633,map_a,map_a_open,RULESET_V3_M1_OWN_FLAG_HOME,73b77ac3a0efb2c33a4498544c96bb702a656cbbfe17af18ec859c6d6b4c2142,True
746,sappo_pi_A_specialist_1p5M_seed7100001,48532,1176880,574,83,,OP3,OPPONENT_POOL,train,map_a_open,-1,0,SCRIPTED:OP6,5,0,0,0,0,240,0.3199999928474426,0,1,0,10,0,0,0,0,0,0,0,0,0,0,0,0,0,0,0,0,,12.68050028483073,-0.5,0.0,0.014575213193893433,0.04999999701976776,0.0,0.0,-0.004000000189989805,-0.12136288732290268,map_a,map_a_open,RULESET_V3_M1_OWN_FLAG_HOME,73b77ac3a0efb2c33a4498544c96bb702a656cbbfe17af18ec859c6d6b4c2142,True
747,sappo_pi_A_specialist_1p5M_seed7100001,48532,1176912,574,85,,OP3,OPPONENT_POOL,train,map_a_open,-1,0,SCRIPTED:OP6,5,1,1,0,1,240,0.35999998450279236,0,1,0,87,0,0,0,0,0,0,0,0,0,0,0,0,0,0,0,0,150.0,6.517018636067708,1.0,0.0,-0.0013389736413955688,0.04999999701976776,0.0,0.0,0.0,0.24777540564537048,map_a,map_a_open,RULESET_V3_M1_OWN_FLAG_HOME,73b77ac3a0efb2c33a4498544c96bb702a656cbbfe17af18ec859c6d6b4c2142,True
748,sappo_pi_A_specialist_1p5M_seed7100001,48532,1177040,574,93,,OP3,OPPONENT_POOL,train,map_a_open,-1,0,SCRIPTED:OP6,5,1,3,0,3,102,0.47999998927116394,1,0,0,52,0,0,0,0,0,0,0,0,0,0,0,0,0,0,0,0,45.0,4.107504751168046,1.0,0.5,-0.009238094091415405,0.0,1.0,100.0,-0.004000000189989805,0.5535065531730652,map_a,map_a_open,RULESET_V3_M1_OWN_FLAG_HOME,73b77ac3a0efb2c33a4498544c96bb702a656cbbfe17af18ec859c6d6b4c2142,True
749,sappo_pi_A_specialist_1p5M_seed7100001,48532,1177232,574,105,,OP3,OPPONENT_POOL,train,map_a_open,-1,0,SCRIPTED:OP6,5,0,0,0,0,240,0.3199999928474426,1,0,0,30,0,0,0,0,0,0,0,0,0,0,0,0,0,0,0,0,,11.752226765950521,-0.5,0.0,-0.00318695604801178,0.04999999701976776,0.0,0.0,0.0,-0.12147139757871628,map_a,map_a_open,RULESET_V3_M1_OWN_FLAG_HOME,73b77ac3a0efb2c33a4498544c96bb702a656cbbfe17af18ec859c6d6b4c2142,True
750,sappo_pi_A_specialist_1p5M_seed7100001,48532,1177392,574,115,,OP3,OPPONENT_POOL,train,map_a_open,-1,0,SCRIPTED:OP6,5,0,1,1,0,240,0.3999999761581421,0,3,0,63,0,0,0,0,0,0,0,0,0,0,0,0,0,0,0,0,64.0,8.820790608723959,-0.5,0.0,0.018987521529197693,0.04999999701976776,0.0,0.0,0.0,-0.12010571360588074,map_a,map_a_open,RULESET_V3_M1_OWN_FLAG_HOME,73b77ac3a0efb2c33a4498544c96bb702a656cbbfe17af18ec859c6d6b4c2142,True
751,sappo_pi_A_specialist_1p5M_seed7100001,48532,1177664,575,4,,OP3,OPPONENT_POOL,train,map_a_open,-1,0,SCRIPTED:OP6,5,1,1,0,1,240,0.3999999761581421,1,0,0,30,0,0,0,0,0,0,0,0,0,0,0,0,0,0,0,0,28.0,12.049918619791667,1.0,0.0,-0.005843669176101685,0.04999999701976776,0.0,0.0,-0.004000000189989805,0.24657215178012848,map_a,map_a_open,RULESET_V3_M1_OWN_FLAG_HOME,73b77ac3a0efb2c33a4498544c96bb702a656cbbfe17af18ec859c6d6b4c2142,True
752,sappo_pi_A_specialist_1p5M_seed7100001,48532,1177824,575,14,,OP3,OPPONENT_POOL,train,map_a_open,-1,0,SCRIPTED:OP6,5,0,0,0,0,240,0.5600000023841858,1,0,0,21,0,0,0,0,0,0,0,0,0,0,0,0,0,0,0,0,,12.057568359375,-0.5,0.0,-0.011667191982269287,0.04999999701976776,0.0,0.0,-0.004000000189989805,-0.12297855317592621,map_a,map_a_open,RULESET_V3_M1_OWN_FLAG_HOME,73b77ac3a0efb2c33a4498544c96bb702a656cbbfe17af18ec859c6d6b4c2142,True
753,sappo_pi_A_specialist_1p5M_seed7100001,48532,1177856,575,16,,OP3,OPPONENT_POOL,train,map_a_open,-1,0,SCRIPTED:OP6,5,0,0,0,0,240,0.5999999642372131,1,0,0,8,0,0,0,0,0,0,0,0,0,0,0,0,0,0,0,0,,13.324790445963542,-0.5,0.0,0.004862174391746521,0.04999999701976776,0.0,0.0,-0.004000000189989805,-0.12196096777915955,map_a,map_a_open,RULESET_V3_M1_OWN_FLAG_HOME,73b77ac3a0efb2c33a4498544c96bb702a656cbbfe17af18ec859c6d6b4c2142,True
754,sappo_pi_A_specialist_1p5M_seed7100001,48532,1178160,575,35,,OP3,OPPONENT_POOL,train,map_a_open,-1,0,SCRIPTED:OP6,5,1,3,1,2,173,0.4399999976158142,0,2,0,68,0,0,0,0,0,0,0,0,0,0,0,0,0,0,0,0,44.0,4.837311673026553,1.0,0.5,-0.00998927652835846,0.0,1.0,100.0,-0.00800000037997961,0.5527799129486084,map_a,map_a_open,RULESET_V3_M1_OWN_FLAG_HOME,73b77ac3a0efb2c33a4498544c96bb702a656cbbfe17af18ec859c6d6b4c2142,True
755,sappo_pi_A_specialist_1p5M_seed7100001,48532,1178272,575,42,,OP3,OPPONENT_POOL,train,map_a_open,-1,0,SCRIPTED:OP6,5,0,0,0,0,240,0.3199999928474426,1,0,0,26,0,0,0,0,0,0,0,0,0,0,0,0,0,0,0,0,,11.78651631673177,-0.5,0.0,0.015117838978767395,0.04999999701976776,0.0,0.0,0.0,-0.12034407258033752,map_a,map_a_open,RULESET_V3_M1_OWN_FLAG_HOME,73b77ac3a0efb2c33a4498544c96bb702a656cbbfe17af18ec859c6d6b4c2142,True
756,sappo_pi_A_specialist_1p5M_seed7100001,48532,1178304,575,44,,OP3,OPPONENT_POOL,train,map_a_open,-1,0,SCRIPTED:OP6,5,1,1,0,1,240,0.35999998450279236,0,1,0,155,0,0,0,0,0,0,0,0,0,0,0,0,0,0,0,0,130.0,3.449024709065755,1.0,0.0,0.016938090324401855,0.0,0.0,0.0,0.0,0.2459135353565216,map_a,map_a_open,RULESET_V3_M1_OWN_FLAG_HOME,73b77ac3a0efb2c33a4498544c96bb702a656cbbfe17af18ec859c6d6b4c2142,True
757,sappo_pi_A_specialist_1p5M_seed7100001,48532,1178848,575,78,,OP3,OPPONENT_POOL,train,map_a_open,-1,0,SCRIPTED:OP6,5,1,2,0,2,240,0.5199999809265137,1,0,0,30,0,0,0,0,0,0,0,0,0,0,0,0,0,0,0,0,30.0,10.833682250976562,1.0,0.0,-0.0021378546953201294,0.04999999701976776,0.0,0.0,0.0,0.24772852659225464,map_a,map_a_open,RULESET_V3_M1_OWN_FLAG_HOME,73b77ac3a0efb2c33a4498544c96bb702a656cbbfe17af18ec859c6d6b4c2142,True
758,sappo_pi_A_specialist_1p5M_seed7100001,48532,1179120,575,95,,OP3,OPPONENT_POOL,train,map_a_open,-1,0,SCRIPTED:OP6,5,0,0,0,0,240,0.4399999976158142,0,1,0,52,0,0,0,0,0,0,0,0,0,0,0,0,0,0,0,0,,11.125787353515625,-0.5,0.0,-0.01128871738910675,0.014999858103692532,0.0,0.0,-0.004000000189989805,-0.12510910630226135,map_a,map_a_open,RULESET_V3_M1_OWN_FLAG_HOME,73b77ac3a0efb2c33a4498544c96bb702a656cbbfe17af18ec859c6d6b4c2142,True
759,sappo_pi_A_specialist_1p5M_seed7100001,48532,1179216,575,101,,OP3,OPPONENT_POOL,train,map_a_open,-1,0,SCRIPTED:OP6,5,1,2,0,2,240,0.3199999928474426,1,0,0,172,0,0,0,0,0,0,0,0,0,0,0,0,0,0,0,0,42.0,3.576615397135417,1.0,0.0,-0.02062097191810608,0.0,0.0,0.0,-0.00800000037997961,0.24182464182376862,map_a,map_a_open,RULESET_V3_M1_OWN_FLAG_HOME,73b77ac3a0efb2c33a4498544c96bb702a656cbbfe17af18ec859c6d6b4c2142,True
760,sappo_pi_A_specialist_1p5M_seed7100001,48532,1179328,575,108,,OP3,OPPONENT_POOL,train,map_a_open,-1,0,SCRIPTED:OP6,5,1,3,0,3,154,0.3999999761581421,1,0,0,67,0,0,0,0,0,0,0,0,0,0,0,0,0,0,0,0,55.0,4.807880352069805,1.0,0.5,-0.009461060166358948,0.0,1.0,100.0,-0.004000000189989805,0.5534968972206116,map_a,map_a_open,RULESET_V3_M1_OWN_FLAG_HOME,73b77ac3a0efb2c33a4498544c96bb702a656cbbfe17af18ec859c6d6b4c2142,True
761,sappo_pi_A_specialist_1p5M_seed7100001,48532,1179728,576,5,,OP3,OPPONENT_POOL,train,map_a_open,-1,0,SCRIPTED:OP6,5,1,3,0,3,156,0.3199999928474426,1,0,0,72,0,0,0,0,0,0,0,0,0,0,0,0,0,0,0,0,58.0,5.14515373034355,1.0,0.5,-0.010220810770988464,0.0,1.0,100.0,0.0,0.5541572570800781,map_a,map_a_open,RULESET_V3_M1_OWN_FLAG_HOME,73b77ac3a0efb2c33a4498544c96bb702a656cbbfe17af18ec859c6d6b4c2142,True
762,sappo_pi_A_specialist_1p5M_seed7100001,48532,1179824,576,11,,OP3,OPPONENT_POOL,train,map_a_open,-1,0,SCRIPTED:OP6,5,0,0,1,-1,240,0.6800000071525574,1,0,0,25,0,0,0,0,0,0,0,0,0,0,0,0,0,0,0,0,55.0,11.69730733235677,-1.0,0.0,-0.024735286831855774,0.04999999701976776,0.0,0.0,0.0,-0.24343375861644745,map_a,map_a_open,RULESET_V3_M1_OWN_FLAG_HOME,73b77ac3a0efb2c33a4498544c96bb702a656cbbfe17af18ec859c6d6b4c2142,True
763,sappo_pi_A_specialist_1p5M_seed7100001,48532,1180000,576,22,,OP3,OPPONENT_POOL,train,map_a_open,-1,0,SCRIPTED:OP6,5,1,3,1,2,136,0.35999998450279236,1,0,0,31,0,0,0,0,0,0,0,0,0,0,0,0,0,0,0,0,44.0,5.442823971019072,1.0,0.5,-0.010170474648475647,0.0,1.0,100.0,0.0,0.55415940284729,map_a,map_a_open,RULESET_V3_M1_OWN_FLAG_HOME,73b77ac3a0efb2c33a4498544c96bb702a656cbbfe17af18ec859c6d6b4c2142,True
764,sappo_pi_A_specialist_1p5M_seed7100001,48532,1180720,576,67,,OP3,OPPONENT_POOL,train,map_a_open,-1,0,SCRIPTED:OP6,5,0,0,0,0,240,0.35999998450279236,1,0,0,22,0,0,0,0,0,0,0,0,0,0,0,0,0,0,0,0,,11.626863606770833,-0.5,0.0,-0.0031578093767166138,0.04999999701976776,0.0,0.0,0.0,-0.12146960198879242,map_a,map_a_open,RULESET_V3_M1_OWN_FLAG_HOME,73b77ac3a0efb2c33a4498544c96bb702a656cbbfe17af18ec859c6d6b4c2142,True
765,sappo_pi_A_specialist_1p5M_seed7100001,48532,1180752,576,69,,OP3,OPPONENT_POOL,train,map_a_open,-1,0,SCRIPTED:OP6,5,1,1,0,1,240,0.35999998450279236,1,0,0,73,0,0,0,0,0,0,0,0,0,0,0,0,0,0,0,0,111.0,8.27964579264323,1.0,0.0,-0.008884400129318237,0.04999999701976776,0.0,0.0,0.0,0.24733272194862366,map_a,map_a_open,RULESET_V3_M1_OWN_FLAG_HOME,73b77ac3a0efb2c33a4498544c96bb702a656cbbfe17af18ec859c6d6b4c2142,True
766,sappo_pi_A_specialist_1p5M_seed7100001,48532,1180880,576,77,,OP3,OPPONENT_POOL,train,map_a_open,-1,0,SCRIPTED:OP6,5,1,2,1,1,240,0.4399999976158142,1,0,0,68,0,0,0,0,0,0,0,0,0,0,0,0,0,0,0,0,58.0,7.524598185221354,1.0,0.0,-0.0030410289764404297,0.04999999701976776,0.0,0.0,-0.004000000189989805,0.24673666059970856,map_a,map_a_open,RULESET_V3_M1_OWN_FLAG_HOME,73b77ac3a0efb2c33a4498544c96bb702a656cbbfe17af18ec859c6d6b4c2142,True
767,sappo_pi_A_specialist_1p5M_seed7100001,48532,1181232,576,99,,OP3,OPPONENT_POOL,train,map_a_open,-1,0,SCRIPTED:OP6,5,1,2,0,2,240,0.4399999976158142,1,0,0,52,0,0,0,0,0,0,0,0,0,0,0,0,0,0,0,0,40.0,10.474913533528646,1.0,0.0,0.0034828484058380127,0.04999999701976776,0.0,0.0,0.0,0.2480582445859909,map_a,map_a_open,RULESET_V3_M1_OWN_FLAG_HOME,73b77ac3a0efb2c33a4498544c96bb702a656cbbfe17af18ec859c6d6b4c2142,True
768,sappo_pi_A_specialist_1p5M_seed7100001,48532,1181504,576,116,,OP3,OPPONENT_POOL,train,map_a_open,-1,0,SCRIPTED:OP6,5,1,1,0,1,240,0.4399999976158142,1,0,0,25,0,0,0,0,0,0,0,0,0,0,0,0,0,0,0,0,72.0,10.566538492838541,1.0,0.0,-0.008486062288284302,0.04999999701976776,0.0,0.0,0.0,0.2473560869693756,map_a,map_a_open,RULESET_V3_M1_OWN_FLAG_HOME,73b77ac3a0efb2c33a4498544c96bb702a656cbbfe17af18ec859c6d6b4c2142,True
769,sappo_pi_A_specialist_1p5M_seed7100001,48532,1181696,576,128,,OP3,OPPONENT_POOL,train,map_a_open,-1,0,SCRIPTED:OP6,5,1,1,0,1,240,0.3999999761581421,1,0,0,157,0,0,0,0,0,0,0,0,0,0,0,0,0,0,0,0,124.0,4.327683512369791,1.0,0.0,-0.02036789059638977,0.0,0.0,0.0,-0.00800000037997961,0.24183952808380127,map_a,map_a_open,RULESET_V3_M1_OWN_FLAG_HOME,73b77ac3a0efb2c33a4498544c96bb702a656cbbfe17af18ec859c6d6b4c2142,True
770,sappo_pi_A_specialist_1p5M_seed7100001,48532,1182000,577,19,,OP3,OPPONENT_POOL,train,map_a_open,-1,0,SCRIPTED:OP6,5,1,1,0,1,240,0.5600000023841858,0,1,0,149,0,0,0,0,0,0,0,0,0,0,0,0,0,0,0,0,79.0,4.138824462890625,1.0,0.0,-0.0017922520637512207,0.0,0.0,0.0,-0.004000000189989805,0.24387305974960327,map_a,map_a_open,RULESET_V3_M1_OWN_FLAG_HOME,73b77ac3a0efb2c33a4498544c96bb702a656cbbfe17af18ec859c6d6b4c2142,True
771,sappo_pi_A_specialist_1p5M_seed7100001,48532,1182112,577,26,,OP3,OPPONENT_POOL,train,map_a_open,-1,0,SCRIPTED:OP6,5,0,0,0,0,240,0.47999998927116394,1,0,0,26,0,0,0,0,0,0,0,0,0,0,0,0,0,0,0,0,,12.076299031575521,-0.5,0.0,0.026810064911842346,0.04999999701976776,0.0,0.0,-0.004000000189989805,-0.12060939520597458,map_a,map_a_open,RULESET_V3_M1_OWN_FLAG_HOME,73b77ac3a0efb2c33a4498544c96bb702a656cbbfe17af18ec859c6d6b4c2142,True
772,sappo_pi_A_specialist_1p5M_seed7100001,48532,1182144,577,28,,OP3,OPPONENT_POOL,train,map_a_open,-1,0,SCRIPTED:OP6,5,1,1,0,1,240,0.23999999463558197,1,0,0,13,0,0,0,0,0,0,0,0,0,0,0,0,0,0,0,0,44.0,11.936009724934896,1.0,0.0,-0.006677120923995972,0.04999999701976776,0.0,0.0,-0.004000000189989805,0.24652321636676788,map_a,map_a_open,RULESET_V3_M1_OWN_FLAG_HOME,73b77ac3a0efb2c33a4498544c96bb702a656cbbfe17af18ec859c6d6b4c2142,True
773,sappo_pi_A_specialist_1p5M_seed7100001,48532,1182688,577,62,,OP3,OPPONENT_POOL,train,map_a_open,-1,0,SCRIPTED:OP6,5,1,1,0,1,240,0.5199999809265137,1,0,0,23,0,0,0,0,0,0,0,0,0,0,0,0,0,0,0,0,51.0,11.983998616536459,1.0,0.0,-0.004247188568115234,0.04999999701976776,0.0,0.0,-0.004000000189989805,0.2466658502817154,map_a,map_a_open,RULESET_V3_M1_OWN_FLAG_HOME,73b77ac3a0efb2c33a4498544c96bb702a656cbbfe17af18ec859c6d6b4c2142,True
774,sappo_pi_A_specialist_1p5M_seed7100001,48532,1182960,577,79,,OP3,OPPONENT_POOL,train,map_a_open,-1,0,SCRIPTED:OP6,5,0,0,0,0,240,0.5199999809265137,1,0,0,37,0,0,0,0,0,0,0,0,0,0,0,0,0,0,0,0,,12.417385864257813,-0.5,0.0,-0.013400182127952576,0.04999999701976776,0.0,0.0,-0.00800000037997961,-0.12406995892524719,map_a,map_a_open,RULESET_V3_M1_OWN_FLAG_HOME,73b77ac3a0efb2c33a4498544c96bb702a656cbbfe17af18ec859c6d6b4c2142,True
775,sappo_pi_A_specialist_1p5M_seed7100001,48532,1183056,577,85,,OP3,OPPONENT_POOL,train,map_a_open,-1,0,SCRIPTED:OP6,5,1,1,0,1,240,0.3199999928474426,1,0,0,20,0,0,0,0,0,0,0,0,0,0,0,0,0,0,0,0,40.0,12.170615641276042,1.0,0.0,0.00529848039150238,0.04999999701976776,0.0,0.0,-0.004000000189989805,0.24722608923912048,map_a,map_a_open,RULESET_V3_M1_OWN_FLAG_HOME,73b77ac3a0efb2c33a4498544c96bb702a656cbbfe17af18ec859c6d6b4c2142,True
776,sappo_pi_A_specialist_1p5M_seed7100001,48532,1183168,577,92,,OP3,OPPONENT_POOL,train,map_a_open,-1,0,SCRIPTED:OP6,5,0,0,0,0,240,0.5999999642372131,1,0,0,10,0,0,0,0,0,0,0,0,0,0,0,0,0,0,0,0,,12.998684692382813,-0.5,0.0,0.012329131364822388,0.04999999701976776,0.0,0.0,0.0,-0.120515838265419,map_a,map_a_open,RULESET_V3_M1_OWN_FLAG_HOME,73b77ac3a0efb2c33a4498544c96bb702a656cbbfe17af18ec859c6d6b4c2142,True
777,sappo_pi_A_specialist_1p5M_seed7100001,48532,1183568,577,117,,OP3,OPPONENT_POOL,train,map_a_open,-1,0,SCRIPTED:OP6,5,1,1,0,1,240,0.5199999809265137,1,0,0,18,0,0,0,0,0,0,0,0,0,0,0,0,0,0,0,0,48.0,11.993754069010416,1.0,0.0,0.002110615372657776,0.04999999701976776,0.0,0.0,-0.004000000189989805,0.24703899025917053,map_a,map_a_open,RULESET_V3_M1_OWN_FLAG_HOME,73b77ac3a0efb2c33a4498544c96bb702a656cbbfe17af18ec859c6d6b4c2142,True
778,sappo_pi_A_specialist_1p5M_seed7100001,48532,1183664,577,123,,OP3,OPPONENT_POOL,train,map_a_open,-1,0,SCRIPTED:OP6,5,1,1,0,1,240,0.3999999761581421,1,0,0,67,0,0,0,0,0,0,0,0,0,0,0,0,0,0,0,0,92.0,9.040845743815105,1.0,0.0,0.002113655209541321,0.04999999701976776,0.0,0.0,-0.004000000189989805,0.24703919887542725,map_a,map_a_open,RULESET_V3_M1_OWN_FLAG_HOME,73b77ac3a0efb2c33a4498544c96bb702a656cbbfe17af18ec859c6d6b4c2142,True
779,sappo_pi_A_specialist_1p5M_seed7100001,48532,1183840,578,6,,OP3,OPPONENT_POOL,train,map_a_open,-1,0,SCRIPTED:OP6,5,0,0,0,0,240,0.47999998927116394,1,0,0,24,0,0,0,0,0,0,0,0,0,0,0,0,0,0,0,0,,12.745802815755209,-0.5,0.0,0.019988059997558594,0.04999999701976776,0.0,0.0,0.0,-0.12004408240318298,map_a,map_a_open,RULESET_V3_M1_OWN_FLAG_HOME,73b77ac3a0efb2c33a4498544c96bb702a656cbbfe17af18ec859c6d6b4c2142,True
780,sappo_pi_A_specialist_1p5M_seed7100001,48532,1184560,578,51,,OP3,OPPONENT_POOL,train,map_a_open,-1,0,SCRIPTED:OP6,5,1,1,0,1,240,0.4399999976158142,1,0,0,28,0,0,0,0,0,0,0,0,0,0,0,0,0,0,0,0,43.0,12.04712626139323,1.0,0.0,0.001998111605644226,0.04999999701976776,0.0,0.0,0.0,0.24797114729881287,map_a,map_a_open,RULESET_V3_M1_OWN_FLAG_HOME,73b77ac3a0efb2c33a4498544c96bb702a656cbbfe17af18ec859c6d6b4c2142,True
781,sappo_pi_A_specialist_1p5M_seed7100001,48532,1184576,578,52,,OP3,OPPONENT_POOL,train,map_a_open,-1,0,SCRIPTED:OP6,5,1,3,0,3,161,0.3999999761581421,1,0,0,87,0,0,0,0,0,0,0,0,0,0,0,0,0,0,0,0,58.0,3.4814350767905666,1.0,0.5,-0.00929318368434906,0.0,1.0,100.0,-0.004000000189989805,0.5535041689872742,map_a,map_a_open,RULESET_V3_M1_OWN_FLAG_HOME,73b77ac3a0efb2c33a4498544c96bb702a656cbbfe17af18ec859c6d6b4c2142,True
782,sappo_pi_A_specialist_1p5M_seed7100001,48532,1184592,578,53,,OP3,OPPONENT_POOL,train,map_a_open,-1,0,SCRIPTED:OP6,5,0,1,1,0,240,0.5199999809265137,1,0,0,43,0,0,0,0,0,0,0,0,0,0,0,0,0,0,0,0,46.0,9.588270060221355,-0.5,0.0,-0.007623597979545593,0.04999998211860657,0.0,0.0,0.0,-0.12174458801746368,map_a,map_a_open,RULESET_V3_M1_OWN_FLAG_HOME,73b77ac3a0efb2c33a4498544c96bb702a656cbbfe17af18ec859c6d6b4c2142,True
783,sappo_pi_A_specialist_1p5M_seed7100001,48532,1184720,578,61,,OP3,OPPONENT_POOL,train,map_a_open,-1,0,SCRIPTED:OP6,5,0,0,0,0,240,0.4399999976158142,1,0,0,47,0,0,0,0,0,0,0,0,0,0,0,0,0,0,0,0,,11.457131958007812,-0.5,0.0,-0.01765286922454834,0.04999999701976776,0.0,0.0,0.0,-0.12236207723617554,map_a,map_a_open,RULESET_V3_M1_OWN_FLAG_HOME,73b77ac3a0efb2c33a4498544c96bb702a656cbbfe17af18ec859c6d6b4c2142,True
784,sappo_pi_A_specialist_1p5M_seed7100001,48532,1185072,578,83,,OP3,OPPONENT_POOL,train,map_a_open,-1,0,SCRIPTED:OP6,5,0,0,0,0,240,0.4399999976158142,1,0,0,17,0,0,0,0,0,0,0,0,0,0,0,0,0,0,0,0,,12.684625244140625,-0.5,0.0,0.004404529929161072,0.04999999701976776,0.0,0.0,0.0,-0.1210039034485817,map_a,map_a_open,RULESET_V3_M1_OWN_FLAG_HOME,73b77ac3a0efb2c33a4498544c96bb702a656cbbfe17af18ec859c6d6b4c2142,True
785,sappo_pi_A_specialist_1p5M_seed7100001,48532,1185344,578,100,,OP3,OPPONENT_POOL,train,map_a_open,-1,0,SCRIPTED:OP6,5,0,0,0,0,240,0.4399999976158142,1,0,0,19,0,0,0,0,0,0,0,0,0,0,0,0,0,0,0,0,,12.53248799641927,-0.5,0.0,-0.0077616870403289795,0.04999999701976776,0.0,0.0,0.0,-0.12175308912992477,map_a,map_a_open,RULESET_V3_M1_OWN_FLAG_HOME,73b77ac3a0efb2c33a4498544c96bb702a656cbbfe17af18ec859c6d6b4c2142,True
786,sappo_pi_A_specialist_1p5M_seed7100001,48532,1185392,578,103,,OP3,OPPONENT_POOL,train,map_a_open,-1,0,SCRIPTED:OP6,5,1,3,0,3,97,0.4399999976158142,0,1,0,34,0,0,0,0,0,0,0,0,0,0,0,0,0,0,0,0,31.0,5.165947982945393,1.0,0.5,-0.010328814387321472,0.0,1.0,100.0,-0.004000000189989805,0.5534592866897583,map_a,map_a_open,RULESET_V3_M1_OWN_FLAG_HOME,73b77ac3a0efb2c33a4498544c96bb702a656cbbfe17af18ec859c6d6b4c2142,True
787,sappo_pi_A_specialist_1p5M_seed7100001,48532,1185536,578,112,,OP3,OPPONENT_POOL,train,map_a_open,-1,0,SCRIPTED:OP6,5,0,0,0,0,240,0.5199999809265137,1,0,0,18,0,0,0,0,0,0,0,0,0,0,0,0,0,0,0,0,,11.404067993164062,-0.5,0.0,-0.0013747066259384155,0.04999999701976776,0.0,0.0,-0.00800000037997961,-0.12332987040281296,map_a,map_a_open,RULESET_V3_M1_OWN_FLAG_HOME,73b77ac3a0efb2c33a4498544c96bb702a656cbbfe17af18ec859c6d6b4c2142,True
788,sappo_pi_A_specialist_1p5M_seed7100001,48532,1185952,579,10,,OP3,OPPONENT_POOL,train,map_a_open,-1,0,SCRIPTED:OP6,5,0,0,0,0,240,0.4399999976158142,1,0,0,4,0,0,0,0,0,0,0,0,0,0,0,0,0,0,0,0,,13.196551513671874,-0.5,0.0,-0.006574898958206177,0.04999999701976776,0.0,0.0,0.0,-0.12168001383543015,map_a,map_a_open,RULESET_V3_M1_OWN_FLAG_HOME,73b77ac3a0efb2c33a4498544c96bb702a656cbbfe17af18ec859c6d6b4c2142,True
789,sappo_pi_A_specialist_1p5M_seed7100001,48532,1185984,579,12,,OP3,OPPONENT_POOL,train,map_a_open,-1,0,SCRIPTED:OP6,5,1,2,0,2,240,0.3199999928474426,0,1,0,50,0,0,0,0,0,0,0,0,0,0,0,0,0,0,0,0,76.0,8.448951212565104,1.0,0.0,-0.0024145692586898804,0.04999999701976776,0.0,0.0,0.0,0.24771229922771454,map_a,map_a_open,RULESET_V3_M1_OWN_FLAG_HOME,73b77ac3a0efb2c33a4498544c96bb702a656cbbfe17af18ec859c6d6b4c2142,True
790,sappo_pi_A_specialist_1p5M_seed7100001,48532,1186528,579,46,,OP3,OPPONENT_POOL,train,map_a_open,-1,0,SCRIPTED:OP6,5,0,0,0,0,240,0.4399999976158142,1,0,0,18,0,0,0,0,0,0,0,0,0,0,0,0,0,0,0,0,,13.273994954427083,-0.5,0.0,0.013003796339035034,0.04999999701976776,0.0,0.0,0.0,-0.12047428637742996,map_a,map_a_open,RULESET_V3_M1_OWN_FLAG_HOME,73b77ac3a0efb2c33a4498544c96bb702a656cbbfe17af18ec859c6d6b4c2142,True
791,sappo_pi_A_specialist_1p5M_seed7100001,48532,1186800,579,63,,OP3,OPPONENT_POOL,train,map_a_open,-1,0,SCRIPTED:OP6,5,0,0,0,0,240,0.47999998927116394,1,0,0,10,0,0,0,0,0,0,0,0,0,0,0,0,0,0,0,0,,13.143854777018229,-0.5,0.0,0.015073433518409729,0.04999971762299538,0.0,0.0,0.0,-0.12034682184457779,map_a,map_a_open,RULESET_V3_M1_OWN_FLAG_HOME,73b77ac3a0efb2c33a4498544c96bb702a656cbbfe17af18ec859c6d6b4c2142,True
792,sappo_pi_A_specialist_1p5M_seed7100001,48532,1186896,579,69,,OP3,OPPONENT_POOL,train,map_a_open,-1,0,SCRIPTED:OP6,5,1,1,0,1,240,0.4399999976158142,1,0,0,9,0,0,0,0,0,0,0,0,0,0,0,0,0,0,0,0,28.0,13.016241455078125,1.0,0.0,-0.0017153918743133545,0.04999999701976776,0.0,0.0,-0.004000000189989805,0.24681447446346283,map_a,map_a_open,RULESET_V3_M1_OWN_FLAG_HOME,73b77ac3a0efb2c33a4498544c96bb702a656cbbfe17af18ec859c6d6b4c2142,True
793,sappo_pi_A_specialist_1p5M_seed7100001,48532,1187008,579,76,,OP3,OPPONENT_POOL,train,map_a_open,-1,0,SCRIPTED:OP6,5,0,0,0,0,240,0.4399999976158142,1,0,0,42,0,0,0,0,0,0,0,0,0,0,0,0,0,0,0,0,,10.079739379882813,-0.5,0.0,0.008268684148788452,0.04999999701976776,0.0,0.0,-0.004000000189989805,-0.12175121903419495,map_a,map_a_open,RULESET_V3_M1_OWN_FLAG_HOME,73b77ac3a0efb2c33a4498544c96bb702a656cbbfe17af18ec859c6d6b4c2142,True
794,sappo_pi_A_specialist_1p5M_seed7100001,48532,1187408,579,101,,OP3,OPPONENT_POOL,train,map_a_open,-1,0,SCRIPTED:OP6,5,1,2,1,1,240,0.4399999976158142,1,0,0,31,0,0,0,0,0,0,0,0,0,0,0,0,0,0,0,0,29.0,10.579823811848959,1.0,0.0,-0.0024892985820770264,0.04999999701976776,0.0,0.0,0.0,0.24770790338516235,map_a,map_a_open,RULESET_V3_M1_OWN_FLAG_HOME,73b77ac3a0efb2c33a4498544c96bb702a656cbbfe17af18ec859c6d6b4c2142,True
795,sappo_pi_A_specialist_1p5M_seed7100001,48532,1187504,579,107,,OP3,OPPONENT_POOL,train,map_a_open,-1,0,SCRIPTED:OP6,5,1,2,0,2,240,0.3199999928474426,0,1,0,149,0,0,0,0,0,0,0,0,0,0,0,0,0,0,0,0,53.0,5.184589640299479,1.0,0.0,0.013341382145881653,0.04999999701976776,0.0,0.0,-0.004000000189989805,0.24769797921180725,map_a,map_a_open,RULESET_V3_M1_OWN_FLAG_HOME,73b77ac3a0efb2c33a4498544c96bb702a656cbbfe17af18ec859c6d6b4c2142,True
796,sappo_pi_A_specialist_1p5M_seed7100001,48532,1188400,580,35,,OP3,OPPONENT_POOL,train,map_a_open,-1,0,SCRIPTED:OP6,5,0,0,0,0,240,0.47999998927116394,1,0,0,10,0,0,0,0,0,0,0,0,0,0,0,0,0,0,0,0,,13.07454325358073,-0.5,0.0,-0.005089461803436279,0.04999999701976776,0.0,0.0,0.0,-0.12158854305744171,map_a,map_a_open,RULESET_V3_M1_OWN_FLAG_HOME,73b77ac3a0efb2c33a4498544c96bb702a656cbbfe17af18ec859c6d6b4c2142,True
797,sappo_pi_A_specialist_1p5M_seed7100001,48532,1188416,580,36,,OP3,OPPONENT_POOL,train,map_a_open,-1,0,SCRIPTED:OP6,5,0,1,1,0,240,0.5199999809265137,1,0,0,37,0,0,0,0,0,0,0,0,0,0,0,0,0,0,0,0,47.0,10.547252400716145,-0.5,0.0,0.003908872604370117,0.04999992623925209,0.0,0.0,-0.004000000189989805,-0.12201966345310211,map_a,map_a_open,RULESET_V3_M1_OWN_FLAG_HOME,73b77ac3a0efb2c33a4498544c96bb702a656cbbfe17af18ec859c6d6b4c2142,True
798,sappo_pi_A_specialist_1p5M_seed7100001,48532,1188432,580,37,,OP3,OPPONENT_POOL,train,map_a_open,-1,0,SCRIPTED:OP6,5,0,0,0,0,240,0.3999999761581421,1,0,0,5,0,0,0,0,0,0,0,0,0,0,0,0,0,0,0,0,,13.059682210286459,-0.5,0.0,0.0011699944734573364,0.04999999701976776,0.0,0.0,0.0,-0.12120309472084045,map_a,map_a_open,RULESET_V3_M1_OWN_FLAG_HOME,73b77ac3a0efb2c33a4498544c96bb702a656cbbfe17af18ec859c6d6b4c2142,True
799,sappo_pi_A_specialist_1p5M_seed7100001,48532,1188560,580,45,,OP3,OPPONENT_POOL,train,map_a_open,-1,0,SCRIPTED:OP6,5,0,0,1,-1,240,0.4399999976158142,0,1,0,34,0,0,0,0,0,0,0,0,0,0,0,0,0,0,0,0,79.0,10.576230875651042,-1.0,0.0,-0.0006330013275146484,0.04999925196170807,0.0,0.0,-0.004000000189989805,-0.24295735359191895,map_a,map_a_open,RULESET_V3_M1_OWN_FLAG_HOME,73b77ac3a0efb2c33a4498544c96bb702a656cbbfe17af18ec859c6d6b4c2142,True
800,sappo_pi_A_specialist_1p5M_seed7100001,48532,1188912,580,67,,OP3,OPPONENT_POOL,train,map_a_open,-1,0,SCRIPTED:OP6,5,0,0,0,0,240,0.35999998450279236,1,0,0,16,0,0,0,0,0,0,0,0,0,0,0,0,0,0,0,0,,12.71424051920573,-0.5,0.0,-0.010620057582855225,0.01499996054917574,0.0,0.0,-0.00800000037997961,-0.12605220079421997,map_a,map_a_open,RULESET_V3_M1_OWN_FLAG_HOME,73b77ac3a0efb2c33a4498544c96bb702a656cbbfe17af18ec859c6d6b4c2142,True
801,sappo_pi_A_specialist_1p5M_seed7100001,48532,1189184,580,84,,OP3,OPPONENT_POOL,train,map_a_open,-1,0,SCRIPTED:OP6,5,0,0,0,0,240,0.3999999761581421,1,0,0,9,0,0,0,0,0,0,0,0,0,0,0,0,0,0,0,0,,13.389679972330729,-0.5,0.0,0.012129053473472595,0.04999999701976776,0.0,0.0,-0.004000000189989805,-0.12151351571083069,map_a,map_a_open,RULESET_V3_M1_OWN_FLAG_HOME,73b77ac3a0efb2c33a4498544c96bb702a656cbbfe17af18ec859c6d6b4c2142,True
802,sappo_pi_A_specialist_1p5M_seed7100001,48532,1189232,580,87,,OP3,OPPONENT_POOL,train,map_a_open,-1,0,SCRIPTED:OP6,5,0,0,0,0,240,0.4399999976158142,1,0,0,22,0,0,0,0,0,0,0,0,0,0,0,0,0,0,0,0,,11.9872314453125,-0.5,0.0,-0.008898988366127014,0.04999999701976776,0.0,0.0,0.0,-0.12182311713695526,map_a,map_a_open,RULESET_V3_M1_OWN_FLAG_HOME,73b77ac3a0efb2c33a4498544c96bb702a656cbbfe17af18ec859c6d6b4c2142,True
803,sappo_pi_A_specialist_1p5M_seed7100001,48532,1189376,580,96,,OP3,OPPONENT_POOL,train,map_a_open,-1,0,SCRIPTED:OP6,5,0,0,0,0,240,0.5199999809265137,1,0,0,18,0,0,0,0,0,0,0,0,0,0,0,0,0,0,0,0,,12.937015787760417,-0.5,0.0,0.0180044025182724,0.04999999701976776,0.0,0.0,0.0,-0.12016627192497253,map_a,map_a_open,RULESET_V3_M1_OWN_FLAG_HOME,73b77ac3a0efb2c33a4498544c96bb702a656cbbfe17af18ec859c6d6b4c2142,True
804,sappo_pi_A_specialist_1p5M_seed7100001,48532,1189792,580,122,,OP3,OPPONENT_POOL,train,map_a_open,-1,0,SCRIPTED:OP6,5,1,1,0,1,240,0.47999998927116394,1,0,0,54,0,0,0,0,0,0,0,0,0,0,0,0,0,0,0,0,81.0,10.274117024739583,1.0,0.0,-0.009361520409584045,0.04999999701976776,0.0,0.0,-0.004000000189989805,0.24636565148830414,map_a,map_a_open,RULESET_V3_M1_OWN_FLAG_HOME,73b77ac3a0efb2c33a4498544c96bb702a656cbbfe17af18ec859c6d6b4c2142,True
805,sappo_pi_A_specialist_1p5M_seed7100001,48532,1189824,580,124,,OP3,OPPONENT_POOL,train,map_a_open,-1,0,SCRIPTED:OP6,5,0,0,0,0,240,0.3999999761581421,1,0,0,13,0,0,0,0,0,0,0,0,0,0,0,0,0,0,0,0,,13.096197509765625,-0.5,0.0,-0.015965089201927185,0.04999999701976776,0.0,0.0,0.0,-0.12225816398859024,map_a,map_a_open,RULESET_V3_M1_OWN_FLAG_HOME,73b77ac3a0efb2c33a4498544c96bb702a656cbbfe17af18ec859c6d6b4c2142,True
806,sappo_pi_A_specialist_1p5M_seed7100001,48532,1190368,581,30,,OP3,OPPONENT_POOL,train,map_a_open,-1,0,SCRIPTED:OP6,5,1,1,0,1,240,0.5999999642372131,1,0,0,60,0,0,0,0,0,0,0,0,0,0,0,0,0,0,0,0,94.0,9.046991984049479,1.0,0.0,0.0014822185039520264,0.04999999701976776,0.0,0.0,0.0,0.24794088304042816,map_a,map_a_open,RULESET_V3_M1_OWN_FLAG_HOME,73b77ac3a0efb2c33a4498544c96bb702a656cbbfe17af18ec859c6d6b4c2142,True
807,sappo_pi_A_specialist_1p5M_seed7100001,48532,1190640,581,47,,OP3,OPPONENT_POOL,train,map_a_open,-1,0,SCRIPTED:OP6,5,0,0,0,0,240,0.35999998450279236,0,2,0,98,0,0,0,0,0,0,0,0,0,0,0,0,0,0,0,0,,8.621975708007813,-0.5,0.0,-0.00797918438911438,0.04999999701976776,0.0,0.0,-0.004000000189989805,-0.12275153398513794,map_a,map_a_open,RULESET_V3_M1_OWN_FLAG_HOME,73b77ac3a0efb2c33a4498544c96bb702a656cbbfe17af18ec859c6d6b4c2142,True
808,sappo_pi_A_specialist_1p5M_seed7100001,48532,1190736,581,53,,OP3,OPPONENT_POOL,train,map_a_open,-1,0,SCRIPTED:OP6,5,1,1,0,1,240,0.3999999761581421,1,0,0,35,0,0,0,0,0,0,0,0,0,0,0,0,0,0,0,0,45.0,10.9862548828125,1.0,0.0,0.003974616527557373,0.04999999701976776,0.0,0.0,0.0,0.248087078332901,map_a,map_a_open,RULESET_V3_M1_OWN_FLAG_HOME,73b77ac3a0efb2c33a4498544c96bb702a656cbbfe17af18ec859c6d6b4c2142,True
809,sappo_pi_A_specialist_1p5M_seed7100001,48532,1190848,581,60,,OP3,OPPONENT_POOL,train,map_a_open,-1,0,SCRIPTED:OP6,5,0,0,0,0,240,0.47999998927116394,1,0,0,15,0,0,0,0,0,0,0,0,0,0,0,0,0,0,0,0,,12.909469604492188,-0.5,0.0,0.00016836822032928467,0.04999999701976776,0.0,0.0,-0.004000000189989805,-0.12224995344877243,map_a,map_a_open,RULESET_V3_M1_OWN_FLAG_HOME,73b77ac3a0efb2c33a4498544c96bb702a656cbbfe17af18ec859c6d6b4c2142,True
810,sappo_pi_A_specialist_1p5M_seed7100001,48532,1191248,581,85,,OP3,OPPONENT_POOL,train,map_a_open,-1,0,SCRIPTED:OP6,5,0,0,0,0,240,0.4399999976158142,1,0,0,62,0,0,0,0,0,0,0,0,0,0,0,0,0,0,0,0,,9.62550760904948,-0.5,0.0,-0.009907662868499756,0.04999999701976776,0.0,0.0,-0.00800000037997961,-0.12385503202676773,map_a,map_a_open,RULESET_V3_M1_OWN_FLAG_HOME,73b77ac3a0efb2c33a4498544c96bb702a656cbbfe17af18ec859c6d6b4c2142,True
811,sappo_pi_A_specialist_1p5M_seed7100001,48532,1191344,581,91,,OP3,OPPONENT_POOL,train,map_a_open,-1,0,SCRIPTED:OP6,5,1,1,0,1,240,0.47999998927116394,1,0,0,20,0,0,0,0,0,0,0,0,0,0,0,0,0,0,0,0,45.0,12.245138549804688,1.0,0.0,0.002874508500099182,0.04999999701976776,0.0,0.0,0.0,0.24802255630493164,map_a,map_a_open,RULESET_V3_M1_OWN_FLAG_HOME,73b77ac3a0efb2c33a4498544c96bb702a656cbbfe17af18ec859c6d6b4c2142,True
812,sappo_pi_A_specialist_1p5M_seed7100001,48532,1192240,582,19,,OP3,OPPONENT_POOL,train,map_a_open,-1,0,SCRIPTED:OP6,5,1,2,0,2,240,0.3199999928474426,1,0,0,46,0,0,0,0,0,0,0,0,0,0,0,0,0,0,0,0,52.0,9.550077311197917,1.0,0.0,-0.0022228360176086426,0.04999999701976776,0.0,0.0,-0.004000000189989805,0.24678467214107513,map_a,map_a_open,RULESET_V3_M1_OWN_FLAG_HOME,73b77ac3a0efb2c33a4498544c96bb702a656cbbfe17af18ec859c6d6b4c2142,True
813,sappo_pi_A_specialist_1p5M_seed7100001,48532,1192256,582,20,,OP3,OPPONENT_POOL,train,map_a_open,-1,0,SCRIPTED:OP6,5,1,1,0,1,240,0.4399999976158142,1,0,0,17,0,0,0,0,0,0,0,0,0,0,0,0,0,0,0,0,30.0,12.181876627604167,1.0,0.0,-0.019658803939819336,0.04999999701976776,0.0,0.0,0.0,0.24670039117336273,map_a,map_a_open,RULESET_V3_M1_OWN_FLAG_HOME,73b77ac3a0efb2c33a4498544c96bb702a656cbbfe17af18ec859c6d6b4c2142,True
814,sappo_pi_A_specialist_1p5M_seed7100001,48532,1192272,582,21,,OP3,OPPONENT_POOL,train,map_a_open,-1,0,SCRIPTED:OP6,5,0,0,0,0,240,0.3999999761581421,1,0,0,12,0,0,0,0,0,0,0,0,0,0,0,0,0,0,0,0,,13.089398193359376,-0.5,0.0,0.001315101981163025,0.04999999701976776,0.0,0.0,0.0,-0.12119416147470474,map_a,map_a_open,RULESET_V3_M1_OWN_FLAG_HOME,73b77ac3a0efb2c33a4498544c96bb702a656cbbfe17af18ec859c6d6b4c2142,True
815,sappo_pi_A_specialist_1p5M_seed7100001,48532,1192400,582,29,,OP3,OPPONENT_POOL,train,map_a_open,-1,0,SCRIPTED:OP6,5,1,2,0,2,240,0.47999998927116394,0,4,0,75,0,0,0,0,0,0,0,0,0,0,0,0,0,0,0,0,44.0,8.82749735514323,1.0,0.0,0.02343510091304779,0.04999999701976776,0.0,0.0,-0.004000000189989805,0.2482900321483612,map_a,map_a_open,RULESET_V3_M1_OWN_FLAG_HOME,73b77ac3a0efb2c33a4498544c96bb702a656cbbfe17af18ec859c6d6b4c2142,True
816,sappo_pi_A_specialist_1p5M_seed7100001,48532,1192752,582,51,,OP3,OPPONENT_POOL,train,map_a_open,-1,0,SCRIPTED:OP6,5,0,0,0,0,240,0.47999998927116394,1,0,0,10,0,0,0,0,0,0,0,0,0,0,0,0,0,0,0,0,,13.207932535807291,-0.5,0.0,-0.008967801928520203,0.04999999701976776,0.0,0.0,-0.00800000037997961,-0.12379719316959381,map_a,map_a_open,RULESET_V3_M1_OWN_FLAG_HOME,73b77ac3a0efb2c33a4498544c96bb702a656cbbfe17af18ec859c6d6b4c2142,True
817,sappo_pi_A_specialist_1p5M_seed7100001,48532,1192960,582,64,,OP3,OPPONENT_POOL,train,map_a_open,-1,0,SCRIPTED:OP6,5,1,3,0,3,107,0.47999998927116394,1,0,0,58,0,0,0,0,0,0,0,0,0,0,0,0,0,0,0,0,47.0,5.085745838200935,1.0,0.5,-0.010325729846954346,0.0,1.0,100.0,0.0,0.5541527271270752,map_a,map_a_open,RULESET_V3_M1_OWN_FLAG_HOME,73b77ac3a0efb2c33a4498544c96bb702a656cbbfe17af18ec859c6d6b4c2142,True
818,sappo_pi_A_specialist_1p5M_seed7100001,48532,1193024,582,68,,OP3,OPPONENT_POOL,train,map_a_open,-1,0,SCRIPTED:OP6,5,1,1,0,1,240,0.4399999976158142,1,0,0,36,0,0,0,0,0,0,0,0,0,0,0,0,0,0,0,0,70.0,11.081734212239583,1.0,0.0,0.011789873242378235,0.04999999701976776,0.0,0.0,-0.004000000189989805,0.24760694801807404,map_a,map_a_open,RULESET_V3_M1_OWN_FLAG_HOME,73b77ac3a0efb2c33a4498544c96bb702a656cbbfe17af18ec859c6d6b4c2142,True
819,sappo_pi_A_specialist_1p5M_seed7100001,48532,1193072,582,71,,OP3,OPPONENT_POOL,train,map_a_open,-1,0,SCRIPTED:OP6,5,1,2,0,2,240,0.6399999856948853,1,0,0,67,0,0,0,0,0,0,0,0,0,0,0,0,0,0,0,0,46.0,7.948228454589843,1.0,0.0,0.004277735948562622,0.04999999701976776,0.0,0.0,0.0,0.24810487031936646,map_a,map_a_open,RULESET_V3_M1_OWN_FLAG_HOME,73b77ac3a0efb2c33a4498544c96bb702a656cbbfe17af18ec859c6d6b4c2142,True
820,sappo_pi_A_specialist_1p5M_seed7100001,48532,1193200,582,79,,OP3,OPPONENT_POOL,train,map_a_open,-1,0,SCRIPTED:OP6,5,1,3,0,3,154,0.4399999976158142,1,0,0,55,0,0,0,0,0,0,0,0,0,0,0,0,0,0,0,0,77.0,4.793965129109172,1.0,0.5,-0.009926900267601013,0.0,1.0,100.0,-0.004000000189989805,0.5534766912460327,map_a,map_a_open,RULESET_V3_M1_OWN_FLAG_HOME,73b77ac3a0efb2c33a4498544c96bb702a656cbbfe17af18ec859c6d6b4c2142,True
821,sappo_pi_A_specialist_1p5M_seed7100001,48532,1193216,582,80,,OP3,OPPONENT_POOL,train,map_a_open,-1,0,SCRIPTED:OP6,5,0,0,0,0,240,0.3999999761581421,1,0,0,9,0,0,0,0,0,0,0,0,0,0,0,0,0,0,0,0,,12.740839640299479,-0.5,0.0,-0.0016864687204360962,0.04999999701976776,0.0,0.0,0.0,-0.12137900292873383,map_a,map_a_open,RULESET_V3_M1_OWN_FLAG_HOME,73b77ac3a0efb2c33a4498544c96bb702a656cbbfe17af18ec859c6d6b4c2142,True
822,sappo_pi_A_specialist_1p5M_seed7100001,48532,1193632,582,106,,OP3,OPPONENT_POOL,train,map_a_open,-1,0,SCRIPTED:OP6,5,1,1,0,1,240,0.5999999642372131,1,0,0,17,0,0,0,0,0,0,0,0,0,0,0,0,0,0,0,0,52.0,11.597096761067709,1.0,0.0,0.005021020770072937,0.04999999701976776,0.0,0.0,0.0,0.24814844131469727,map_a,map_a_open,RULESET_V3_M1_OWN_FLAG_HOME,73b77ac3a0efb2c33a4498544c96bb702a656cbbfe17af18ec859c6d6b4c2142,True
823,sappo_pi_A_specialist_1p5M_seed7100001,48532,1193664,582,108,,OP3,OPPONENT_POOL,train,map_a_open,-1,0,SCRIPTED:OP6,5,1,1,0,1,240,0.35999998450279236,0,1,0,25,0,0,0,0,0,0,0,0,0,0,0,0,0,0,0,0,42.0,11.976302083333334,1.0,0.0,0.00441385805606842,0.04999999701976776,0.0,0.0,0.0,0.24811284244060516,map_a,map_a_open,RULESET_V3_M1_OWN_FLAG_HOME,73b77ac3a0efb2c33a4498544c96bb702a656cbbfe17af18ec859c6d6b4c2142,True
824,sappo_pi_A_specialist_1p5M_seed7100001,48532,1193936,582,125,,OP3,OPPONENT_POOL,train,map_a_open,-1,0,SCRIPTED:OP6,5,1,3,2,1,162,0.47999998927116394,1,0,0,70,0,0,0,0,0,0,0,0,0,0,0,0,0,0,0,0,38.0,5.14030287000868,1.0,0.5,-0.014500722289085388,0.0,1.0,100.0,0.0,0.5539718866348267,map_a,map_a_open,RULESET_V3_M1_OWN_FLAG_HOME,73b77ac3a0efb2c33a4498544c96bb702a656cbbfe17af18ec859c6d6b4c2142,True
825,sappo_pi_A_specialist_1p5M_seed7100001,48532,1194208,583,14,,OP3,OPPONENT_POOL,train,map_a_open,-1,0,SCRIPTED:OP6,5,0,0,0,0,240,0.47999998927116394,1,0,0,1,0,0,0,0,0,0,0,0,0,0,0,0,0,0,0,0,,13.280159505208333,-0.5,0.0,-0.012338176369667053,0.04999999701976776,0.0,0.0,-0.004000000189989805,-0.12301985919475555,map_a,map_a_open,RULESET_V3_M1_OWN_FLAG_HOME,73b77ac3a0efb2c33a4498544c96bb702a656cbbfe17af18ec859c6d6b4c2142,True
826,sappo_pi_A_specialist_1p5M_seed7100001,48532,1194480,583,31,,OP3,OPPONENT_POOL,train,map_a_open,-1,0,SCRIPTED:OP6,5,0,0,0,0,240,0.3999999761581421,1,0,0,18,0,0,0,0,0,0,0,0,0,0,0,0,0,0,0,0,,13.30614013671875,-0.5,0.0,0.0010159313678741455,0.04999999701976776,0.0,0.0,0.0,-0.12121257930994034,map_a,map_a_open,RULESET_V3_M1_OWN_FLAG_HOME,73b77ac3a0efb2c33a4498544c96bb702a656cbbfe17af18ec859c6d6b4c2142,True
827,sappo_pi_A_specialist_1p5M_seed7100001,48532,1194688,583,44,,OP3,OPPONENT_POOL,train,map_a_open,-1,0,SCRIPTED:OP6,5,0,0,0,0,240,0.3999999761581421,1,0,0,16,0,0,0,0,0,0,0,0,0,0,0,0,0,0,0,0,,12.56187032063802,-0.5,0.0,-0.007508441805839539,0.04999999701976776,0.0,0.0,-0.004000000189989805,-0.1227225586771965,map_a,map_a_open,RULESET_V3_M1_OWN_FLAG_HOME,73b77ac3a0efb2c33a4498544c96bb702a656cbbfe17af18ec859c6d6b4c2142,True
828,sappo_pi_A_specialist_1p5M_seed7100001,48532,1196080,584,3,,OP3,OPPONENT_POOL,train,map_a_open,-1,0,SCRIPTED:OP6,5,0,0,0,0,240,0.3999999761581421,1,0,0,15,0,0,0,0,0,0,0,0,0,0,0,0,0,0,0,0,,12.946886189778645,-0.5,0.0,0.003853157162666321,0.04999999701976776,0.0,0.0,-0.004000000189989805,-0.1220230907201767,map_a,map_a_open,RULESET_V3_M1_OWN_FLAG_HOME,73b77ac3a0efb2c33a4498544c96bb702a656cbbfe17af18ec859c6d6b4c2142,True
829,sappo_pi_A_specialist_1p5M_seed7100001,48532,1196096,584,4,,OP3,OPPONENT_POOL,train,map_a_open,-1,0,SCRIPTED:OP6,5,1,2,0,2,240,0.35999998450279236,0,1,0,108,0,0,0,0,0,0,0,0,0,0,0,0,0,0,0,0,171.0,4.660912068684896,1.0,0.5,0.008706063032150269,0.0,1.0,100.0,0.0,0.5549763441085815,map_a,map_a_open,RULESET_V3_M1_OWN_FLAG_HOME,73b77ac3a0efb2c33a4498544c96bb702a656cbbfe17af18ec859c6d6b4c2142,True
830,sappo_pi_A_specialist_1p5M_seed7100001,48532,1196112,584,5,,OP3,OPPONENT_POOL,train,map_a_open,-1,0,SCRIPTED:OP6,5,1,2,1,1,240,0.5199999809265137,1,0,0,90,0,0,0,0,0,0,0,0,0,0,0,0,0,0,0,0,53.0,7.460447184244791,1.0,0.0,-0.011484667658805847,0.04999999701976776,0.0,0.0,-0.004000000189989805,0.2462409883737564,map_a,map_a_open,RULESET_V3_M1_OWN_FLAG_HOME,73b77ac3a0efb2c33a4498544c96bb702a656cbbfe17af18ec859c6d6b4c2142,True
831,sappo_pi_A_specialist_1p5M_seed7100001,48532,1196240,584,13,,OP3,OPPONENT_POOL,train,map_a_open,-1,0,SCRIPTED:OP6,5,0,0,0,0,240,0.3999999761581421,1,0,0,17,0,0,0,0,0,0,0,0,0,0,0,0,0,0,0,0,,11.61292215983073,-0.5,0.0,-0.009879693388938904,0.04999999701976776,0.0,0.0,-0.004000000189989805,-0.12286852300167084,map_a,map_a_open,RULESET_V3_M1_OWN_FLAG_HOME,73b77ac3a0efb2c33a4498544c96bb702a656cbbfe17af18ec859c6d6b4c2142,True
832,sappo_pi_A_specialist_1p5M_seed7100001,48532,1196592,584,35,,OP3,OPPONENT_POOL,train,map_a_open,-1,0,SCRIPTED:OP6,5,0,0,0,0,240,0.4399999976158142,1,0,0,40,0,0,0,0,0,0,0,0,0,0,0,0,0,0,0,0,,11.201144409179687,-0.5,0.0,0.003045380115509033,0.04999999701976776,0.0,0.0,0.0,-0.12108760327100754,map_a,map_a_open,RULESET_V3_M1_OWN_FLAG_HOME,73b77ac3a0efb2c33a4498544c96bb702a656cbbfe17af18ec859c6d6b4c2142,True
833,sappo_pi_A_specialist_1p5M_seed7100001,48532,1196800,584,48,,OP3,OPPONENT_POOL,train,map_a_open,-1,0,SCRIPTED:OP6,5,0,0,0,0,240,0.3199999928474426,1,0,0,15,0,0,0,0,0,0,0,0,0,0,0,0,0,0,0,0,,13.28766581217448,-0.5,0.0,-0.0010724067687988281,0.04999999701976776,0.0,0.0,-0.004000000189989805,-0.12232634425163269,map_a,map_a_open,RULESET_V3_M1_OWN_FLAG_HOME,73b77ac3a0efb2c33a4498544c96bb702a656cbbfe17af18ec859c6d6b4c2142,True
834,sappo_pi_A_specialist_1p5M_seed7100001,48532,1196864,584,52,,OP3,OPPONENT_POOL,train,map_a_open,-1,0,SCRIPTED:OP6,5,1,2,0,2,240,0.5600000023841858,1,0,0,41,0,0,0,0,0,0,0,0,0,0,0,0,0,0,0,0,35.0,10.44013163248698,1.0,0.0,-0.018740445375442505,0.04999999701976776,0.0,0.0,0.0,0.24675430357456207,map_a,map_a_open,RULESET_V3_M1_OWN_FLAG_HOME,73b77ac3a0efb2c33a4498544c96bb702a656cbbfe17af18ec859c6d6b4c2142,True
835,sappo_pi_A_specialist_1p5M_seed7100001,48532,1196912,584,55,,OP3,OPPONENT_POOL,train,map_a_open,-1,0,SCRIPTED:OP6,5,1,1,0,1,240,0.3199999928474426,1,0,0,22,0,0,0,0,0,0,0,0,0,0,0,0,0,0,0,0,47.0,11.74857686360677,1.0,0.0,-0.009779095649719238,0.04999999701976776,0.0,0.0,-0.004000000189989805,0.24634112417697906,map_a,map_a_open,RULESET_V3_M1_OWN_FLAG_HOME,73b77ac3a0efb2c33a4498544c96bb702a656cbbfe17af18ec859c6d6b4c2142,True
836,sappo_pi_A_specialist_1p5M_seed7100001,48532,1197040,584,63,,OP3,OPPONENT_POOL,train,map_a_open,-1,0,SCRIPTED:OP6,5,0,0,0,0,240,0.3999999761581421,0,1,0,22,0,0,0,0,0,0,0,0,0,0,0,0,0,0,0,0,,12.472135416666667,-0.5,0.0,-0.005046650767326355,0.04999999701976776,0.0,0.0,-0.004000000189989805,-0.12257100641727448,map_a,map_a_open,RULESET_V3_M1_OWN_FLAG_HOME,73b77ac3a0efb2c33a4498544c96bb702a656cbbfe17af18ec859c6d6b4c2142,True
837,sappo_pi_A_specialist_1p5M_seed7100001,48532,1197056,584,64,,OP3,OPPONENT_POOL,train,map_a_open,-1,0,SCRIPTED:OP6,5,1,1,0,1,240,0.3999999761581421,1,0,0,4,0,0,0,0,0,0,0,0,0,0,0,0,0,0,0,0,32.0,12.642668660481771,1.0,0.0,0.003915607929229736,0.04999999701976776,0.0,0.0,0.0,0.24808362126350403,map_a,map_a_open,RULESET_V3_M1_OWN_FLAG_HOME,73b77ac3a0efb2c33a4498544c96bb702a656cbbfe17af18ec859c6d6b4c2142,True
838,sappo_pi_A_specialist_1p5M_seed7100001,48532,1197472,584,90,,OP3,OPPONENT_POOL,train,map_a_open,-1,0,SCRIPTED:OP6,5,1,1,0,1,240,0.4399999976158142,1,0,0,13,0,0,0,0,0,0,0,0,0,0,0,0,0,0,0,0,30.0,12.457213338216146,1.0,0.0,0.011336758732795715,0.04999999701976776,0.0,0.0,-0.004000000189989805,0.2475803792476654,map_a,map_a_open,RULESET_V3_M1_OWN_FLAG_HOME,73b77ac3a0efb2c33a4498544c96bb702a656cbbfe17af18ec859c6d6b4c2142,True
839,sappo_pi_A_specialist_1p5M_seed7100001,48532,1197504,584,92,,OP3,OPPONENT_POOL,train,map_a_open,-1,0,SCRIPTED:OP6,5,0,0,0,0,240,0.47999998927116394,1,0,0,6,0,0,0,0,0,0,0,0,0,0,0,0,0,0,0,0,,13.406016031901041,-0.5,0.0,0.002576977014541626,0.04999999701976776,0.0,0.0,0.0,-0.12111644446849823,map_a,map_a_open,RULESET_V3_M1_OWN_FLAG_HOME,73b77ac3a0efb2c33a4498544c96bb702a656cbbfe17af18ec859c6d6b4c2142,True
840,sappo_pi_A_specialist_1p5M_seed7100001,48532,1197776,584,109,,OP3,OPPONENT_POOL,train,map_a_open,-1,0,SCRIPTED:OP6,5,1,1,0,1,240,0.4399999976158142,1,0,0,23,0,0,0,0,0,0,0,0,0,0,0,0,0,0,0,0,28.0,12.311207071940105,1.0,0.0,0.003539860248565674,0.04999999701976776,0.0,0.0,0.0,0.24806158244609833,map_a,map_a_open,RULESET_V3_M1_OWN_FLAG_HOME,73b77ac3a0efb2c33a4498544c96bb702a656cbbfe17af18ec859c6d6b4c2142,True
841,sappo_pi_A_specialist_1p5M_seed7100001,48532,1197792,584,110,,OP3,OPPONENT_POOL,train,map_a_open,-1,0,SCRIPTED:OP6,5,1,3,0,3,194,0.47999998927116394,1,0,0,102,0,0,0,0,0,0,0,0,0,0,0,0,0,0,0,0,42.0,3.8372447220320556,1.0,0.5,-0.010023757815361023,0.0,1.0,100.0,-0.00800000037997961,0.5527784824371338,map_a,map_a_open,RULESET_V3_M1_OWN_FLAG_HOME,73b77ac3a0efb2c33a4498544c96bb702a656cbbfe17af18ec859c6d6b4c2142,True
842,sappo_pi_A_specialist_1p5M_seed7100001,48532,1198048,584,126,,OP3,OPPONENT_POOL,train,map_a_open,-1,0,SCRIPTED:OP6,5,0,0,0,0,240,0.2800000011920929,1,0,0,8,0,0,0,0,0,0,0,0,0,0,0,0,0,0,0,0,,12.995791625976562,-0.5,0.0,-0.004148602485656738,0.04999999701976776,0.0,0.0,0.0,-0.12153061479330063,map_a,map_a_open,RULESET_V3_M1_OWN_FLAG_HOME,73b77ac3a0efb2c33a4498544c96bb702a656cbbfe17af18ec859c6d6b4c2142,True
843,sappo_pi_A_specialist_1p5M_seed7100001,48532,1198320,585,15,,OP3,OPPONENT_POOL,train,map_a_open,-1,0,SCRIPTED:OP6,5,0,0,0,0,240,0.5600000023841858,1,0,0,40,0,0,0,0,0,0,0,0,0,0,0,0,0,0,0,0,,11.875638834635417,-0.5,0.0,-0.012676656246185303,0.04999999701976776,0.0,0.0,0.0,-0.12205570936203003,map_a,map_a_open,RULESET_V3_M1_OWN_FLAG_HOME,73b77ac3a0efb2c33a4498544c96bb702a656cbbfe17af18ec859c6d6b4c2142,True
844,sappo_pi_A_specialist_1p5M_seed7100001,48532,1198832,585,47,,OP3,OPPONENT_POOL,train,map_a_open,-1,0,SCRIPTED:OP6,5,1,3,0,3,120,0.47999998927116394,0,1,0,56,0,0,0,0,0,0,0,0,0,0,0,0,0,0,0,0,45.0,5.05134023030599,1.0,0.5,-0.010275304317474365,0.0,1.0,100.0,0.0,0.5541548728942871,map_a,map_a_open,RULESET_V3_M1_OWN_FLAG_HOME,73b77ac3a0efb2c33a4498544c96bb702a656cbbfe17af18ec859c6d6b4c2142,True
845,sappo_pi_A_specialist_1p5M_seed7100001,48532,1199920,585,115,,OP3,OPPONENT_POOL,train,map_a_open,-1,0,SCRIPTED:OP6,5,0,1,1,0,240,0.35999998450279236,1,0,0,25,0,0,0,0,0,0,0,0,0,0,0,0,0,0,0,0,44.0,11.079879760742188,-0.5,0.0,-0.014348194003105164,0.04999999701976776,0.0,0.0,0.0,-0.12215862423181534,map_a,map_a_open,RULESET_V3_M1_OWN_FLAG_HOME,73b77ac3a0efb2c33a4498544c96bb702a656cbbfe17af18ec859c6d6b4c2142,True
846,sappo_pi_A_specialist_1p5M_seed7100001,48532,1199936,585,116,,OP3,OPPONENT_POOL,train,map_a_open,-1,0,SCRIPTED:OP6,5,0,0,1,-1,240,0.4399999976158142,1,0,0,29,0,0,0,0,0,0,0,0,0,0,0,0,0,0,0,0,60.0,10.809864298502605,-1.0,0.0,-0.005709424614906311,0.04999999701976776,0.0,0.0,-0.004000000189989805,-0.2432558238506317,map_a,map_a_open,RULESET_V3_M1_OWN_FLAG_HOME,73b77ac3a0efb2c33a4498544c96bb702a656cbbfe17af18ec859c6d6b4c2142,True
847,sappo_pi_A_specialist_1p5M_seed7100001,48532,1199952,585,117,,OP3,OPPONENT_POOL,train,map_a_open,-1,0,SCRIPTED:OP6,5,1,2,1,1,240,0.3999999761581421,1,0,0,86,0,0,0,0,0,0,0,0,0,0,0,0,0,0,0,0,66.0,7.132596842447916,1.0,0.0,0.00797504186630249,0.04999999701976776,0.0,0.0,0.0,0.24832169711589813,map_a,map_a_open,RULESET_V3_M1_OWN_FLAG_HOME,73b77ac3a0efb2c33a4498544c96bb702a656cbbfe17af18ec859c6d6b4c2142,True
848,sappo_pi_A_specialist_1p5M_seed7100001,48532,1200080,585,125,,OP3,OPPONENT_POOL,train,map_a_open,-1,0,SCRIPTED:OP6,5,0,0,0,0,240,0.47999998927116394,0,1,0,26,0,0,0,0,0,0,0,0,0,0,0,0,0,0,0,0,,12.018978881835938,-0.5,0.0,0.007568448781967163,0.04999999701976776,0.0,0.0,0.0,-0.12080904841423035,map_a,map_a_open,RULESET_V3_M1_OWN_FLAG_HOME,73b77ac3a0efb2c33a4498544c96bb702a656cbbfe17af18ec859c6d6b4c2142,True
849,sappo_pi_A_specialist_1p5M_seed7100001,48532,1200432,586,19,,OP3,OPPONENT_POOL,train,map_a_open,-1,0,SCRIPTED:OP6,5,1,1,0,1,240,0.3999999761581421,1,0,0,36,0,0,0,0,0,0,0,0,0,0,0,0,0,0,0,0,70.0,10.8841552734375,1.0,0.0,-0.0038725286722183228,0.04999999701976776,0.0,0.0,-0.004000000189989805,0.2466878592967987,map_a,map_a_open,RULESET_V3_M1_OWN_FLAG_HOME,73b77ac3a0efb2c33a4498544c96bb702a656cbbfe17af18ec859c6d6b4c2142,True
850,sappo_pi_A_specialist_1p5M_seed7100001,48532,1200640,586,32,,OP3,OPPONENT_POOL,train,map_a_open,-1,0,SCRIPTED:OP6,5,0,1,1,0,240,0.5199999809265137,0,1,0,48,0,0,0,0,0,0,0,0,0,0,0,0,0,0,0,0,44.0,8.51688741048177,-0.5,0.0,-0.015117079019546509,0.04999999701976776,0.0,0.0,0.0,-0.1222059577703476,map_a,map_a_open,RULESET_V3_M1_OWN_FLAG_HOME,73b77ac3a0efb2c33a4498544c96bb702a656cbbfe17af18ec859c6d6b4c2142,True
851,sappo_pi_A_specialist_1p5M_seed7100001,48532,1200704,586,36,,OP3,OPPONENT_POOL,train,map_a_open,-1,0,SCRIPTED:OP6,5,0,0,0,0,240,0.3199999928474426,1,0,0,15,0,0,0,0,0,0,0,0,0,0,0,0,0,0,0,0,,13.187872314453125,-0.5,0.0,-0.018151581287384033,0.04999999701976776,0.0,0.0,0.0,-0.12239278107881546,map_a,map_a_open,RULESET_V3_M1_OWN_FLAG_HOME,73b77ac3a0efb2c33a4498544c96bb702a656cbbfe17af18ec859c6d6b4c2142,True
852,sappo_pi_A_specialist_1p5M_seed7100001,48532,1200880,586,47,,OP3,OPPONENT_POOL,train,map_a_open,-1,0,SCRIPTED:OP6,5,1,1,0,1,240,0.5600000023841858,1,0,0,16,0,0,0,0,0,0,0,0,0,0,0,0,0,0,0,0,44.0,12.026771036783854,1.0,0.0,-0.01042167842388153,0.04999999701976776,0.0,0.0,0.0,0.2472425103187561,map_a,map_a_open,RULESET_V3_M1_OWN_FLAG_HOME,73b77ac3a0efb2c33a4498544c96bb702a656cbbfe17af18ec859c6d6b4c2142,True
853,sappo_pi_A_specialist_1p5M_seed7100001,48532,1200896,586,48,,OP3,OPPONENT_POOL,train,map_a_open,-1,0,SCRIPTED:OP6,5,0,1,1,0,240,0.47999998927116394,0,3,0,53,0,0,0,0,0,0,0,0,0,0,0,0,0,0,0,0,78.0,9.101576741536459,-0.5,0.0,-0.024141743779182434,0.04999999701976776,0.0,0.0,0.0,-0.12276154011487961,map_a,map_a_open,RULESET_V3_M1_OWN_FLAG_HOME,73b77ac3a0efb2c33a4498544c96bb702a656cbbfe17af18ec859c6d6b4c2142,True
854,sappo_pi_A_specialist_1p5M_seed7100001,48532,1201120,586,62,,OP3,OPPONENT_POOL,train,map_a_open,-1,0,SCRIPTED:OP6,5,1,3,0,3,209,0.4399999976158142,0,1,0,172,0,0,0,0,0,0,0,0,0,0,0,0,0,0,0,0,52.0,3.2122601230749104,1.0,0.5,0.008814096450805664,0.0,1.0,100.0,-0.004000000189989805,0.5542886853218079,map_a,map_a_open,RULESET_V3_M1_OWN_FLAG_HOME,73b77ac3a0efb2c33a4498544c96bb702a656cbbfe17af18ec859c6d6b4c2142,True
855,sappo_pi_A_specialist_1p5M_seed7100001,48532,1201312,586,74,,OP3,OPPONENT_POOL,train,map_a_open,-1,0,SCRIPTED:OP6,5,1,2,1,1,240,0.47999998927116394,1,0,0,43,0,0,0,0,0,0,0,0,0,0,0,0,0,0,0,0,60.0,9.001875813802084,1.0,0.0,-0.005722746253013611,0.04999976605176926,0.0,0.0,0.0,0.24751821160316467,map_a,map_a_open,RULESET_V3_M1_OWN_FLAG_HOME,73b77ac3a0efb2c33a4498544c96bb702a656cbbfe17af18ec859c6d6b4c2142,True
856,sappo_pi_A_specialist_1p5M_seed7100001,48532,1201344,586,76,,OP3,OPPONENT_POOL,train,map_a_open,-1,0,SCRIPTED:OP6,5,1,2,1,1,240,0.47999998927116394,1,0,0,40,0,0,0,0,0,0,0,0,0,0,0,0,0,0,0,0,46.0,9.238126627604167,1.0,0.0,-0.01266324520111084,0.04999999701976776,0.0,0.0,0.0,0.247110977768898,map_a,map_a_open,RULESET_V3_M1_OWN_FLAG_HOME,73b77ac3a0efb2c33a4498544c96bb702a656cbbfe17af18ec859c6d6b4c2142,True
857,sappo_pi_A_specialist_1p5M_seed7100001,48532,1201632,586,94,,OP3,OPPONENT_POOL,train,map_a_open,-1,0,SCRIPTED:OP6,5,0,0,0,0,240,0.3199999928474426,1,0,0,26,0,0,0,0,0,0,0,0,0,0,0,0,0,0,0,0,,12.128570556640625,-0.5,0.0,-0.004213541746139526,0.04999999701976776,0.0,0.0,-0.004000000189989805,-0.12251971662044525,map_a,map_a_open,RULESET_V3_M1_OWN_FLAG_HOME,73b77ac3a0efb2c33a4498544c96bb702a656cbbfe17af18ec859c6d6b4c2142,True
858,sappo_pi_A_specialist_1p5M_seed7100001,48532,1201888,586,110,,OP3,OPPONENT_POOL,train,map_a_open,-1,0,SCRIPTED:OP6,5,1,2,0,2,240,0.5600000023841858,0,1,0,61,0,0,0,0,0,0,0,0,0,0,0,0,0,0,0,0,47.0,7.4895879109700525,1.0,0.0,-0.011564180254936218,0.04999999701976776,0.0,0.0,0.0,0.24717546999454498,map_a,map_a_open,RULESET_V3_M1_OWN_FLAG_HOME,73b77ac3a0efb2c33a4498544c96bb702a656cbbfe17af18ec859c6d6b4c2142,True
859,sappo_pi_A_specialist_1p5M_seed7100001,48532,1202160,586,127,,OP3,OPPONENT_POOL,train,map_a_open,-1,0,SCRIPTED:OP6,5,0,0,0,0,240,0.3199999928474426,1,0,0,28,0,0,0,0,0,0,0,0,0,0,0,0,0,0,0,0,,12.080245971679688,-0.5,0.0,0.008765503764152527,0.04999999701976776,0.0,0.0,-0.004000000189989805,-0.12172062695026398,map_a,map_a_open,RULESET_V3_M1_OWN_FLAG_HOME,73b77ac3a0efb2c33a4498544c96bb702a656cbbfe17af18ec859c6d6b4c2142,True
860,sappo_pi_A_specialist_1p5M_seed7100001,48532,1202672,587,31,,OP3,OPPONENT_POOL,train,map_a_open,-1,0,SCRIPTED:OP6,5,0,0,0,0,240,0.3999999761581421,1,0,0,20,0,0,0,0,0,0,0,0,0,0,0,0,0,0,0,0,,13.19323018391927,-0.5,0.0,-0.013251140713691711,0.04999999701976776,0.0,0.0,0.0,-0.12209107726812363,map_a,map_a_open,RULESET_V3_M1_OWN_FLAG_HOME,73b77ac3a0efb2c33a4498544c96bb702a656cbbfe17af18ec859c6d6b4c2142,True
861,sappo_pi_A_specialist_1p5M_seed7100001,48532,1203760,587,99,,OP3,OPPONENT_POOL,train,map_a_open,-1,0,SCRIPTED:OP6,5,0,0,0,0,240,0.2800000011920929,1,0,0,28,0,0,0,0,0,0,0,0,0,0,0,0,0,0,0,0,,11.036240641276041,-0.5,0.0,0.0027838796377182007,0.04999999701976776,0.0,0.0,-0.004000000189989805,-0.12208892405033112,map_a,map_a_open,RULESET_V3_M1_OWN_FLAG_HOME,73b77ac3a0efb2c33a4498544c96bb702a656cbbfe17af18ec859c6d6b4c2142,True
862,sappo_pi_A_specialist_1p5M_seed7100001,48532,1203776,587,100,,OP3,OPPONENT_POOL,train,map_a_open,-1,0,SCRIPTED:OP6,5,1,1,0,1,240,0.3999999761581421,0,1,0,156,0,0,0,0,0,0,0,0,0,0,0,0,0,0,0,0,106.0,5.118882751464843,1.0,0.0,-0.005087539553642273,0.04999999701976776,0.0,0.0,0.0,0.24755547940731049,map_a,map_a_open,RULESET_V3_M1_OWN_FLAG_HOME,73b77ac3a0efb2c33a4498544c96bb702a656cbbfe17af18ec859c6d6b4c2142,True
863,sappo_pi_A_specialist_1p5M_seed7100001,48532,1203792,587,101,,OP3,OPPONENT_POOL,train,map_a_open,-1,0,SCRIPTED:OP6,5,0,0,1,-1,240,0.3999999761581421,1,0,0,27,0,0,0,0,0,0,0,0,0,0,0,0,0,0,0,0,43.0,12.20232442220052,-1.0,0.0,-0.00466233491897583,0.04999999701976776,0.0,0.0,-0.004000000189989805,-0.24319425225257874,map_a,map_a_open,RULESET_V3_M1_OWN_FLAG_HOME,73b77ac3a0efb2c33a4498544c96bb702a656cbbfe17af18ec859c6d6b4c2142,True
864,sappo_pi_A_specialist_1p5M_seed7100001,48532,1203920,587,109,,OP3,OPPONENT_POOL,train,map_a_open,-1,0,SCRIPTED:OP6,5,0,0,0,0,240,0.5199999809265137,1,0,0,5,0,0,0,0,0,0,0,0,0,0,0,0,0,0,0,0,,13.427415974934895,-0.5,0.0,-0.0038477033376693726,0.04999988526105881,0.0,0.0,-0.004000000189989805,-0.12249720096588135,map_a,map_a_open,RULESET_V3_M1_OWN_FLAG_HOME,73b77ac3a0efb2c33a4498544c96bb702a656cbbfe17af18ec859c6d6b4c2142,True
865,sappo_pi_A_specialist_1p5M_seed7100001,48532,1204272,588,3,,OP3,OPPONENT_POOL,train,map_a_open,-1,0,SCRIPTED:OP6,5,1,2,1,1,240,0.4399999976158142,1,0,0,70,0,0,0,0,0,0,0,0,0,0,0,0,0,0,0,0,33.0,8.962067667643229,1.0,0.0,-0.02018415927886963,0.04999999701976776,0.0,0.0,0.0,0.24666954576969147,map_a,map_a_open,RULESET_V3_M1_OWN_FLAG_HOME,73b77ac3a0efb2c33a4498544c96bb702a656cbbfe17af18ec859c6d6b4c2142,True
866,sappo_pi_A_specialist_1p5M_seed7100001,48532,1204480,588,16,,OP3,OPPONENT_POOL,train,map_a_open,-1,0,SCRIPTED:OP6,5,1,2,0,2,240,0.47999998927116394,1,0,0,60,0,0,0,0,0,0,0,0,0,0,0,0,0,0,0,0,37.0,9.096131388346354,1.0,0.0,0.013661503791809082,0.04999999701976776,0.0,0.0,-0.00800000037997961,0.24677789211273193,map_a,map_a_open,RULESET_V3_M1_OWN_FLAG_HOME,73b77ac3a0efb2c33a4498544c96bb702a656cbbfe17af18ec859c6d6b4c2142,True
867,sappo_pi_A_specialist_1p5M_seed7100001,48532,1204544,588,20,,OP3,OPPONENT_POOL,train,map_a_open,-1,0,SCRIPTED:OP6,5,0,0,0,0,240,0.4399999976158142,1,0,0,13,0,0,0,0,0,0,0,0,0,0,0,0,0,0,0,0,,12.917597452799479,-0.5,0.0,-0.0065704286098480225,0.04999999701976776,0.0,0.0,-0.004000000189989805,-0.12266480922698975,map_a,map_a_open,RULESET_V3_M1_OWN_FLAG_HOME,73b77ac3a0efb2c33a4498544c96bb702a656cbbfe17af18ec859c6d6b4c2142,True
868,sappo_pi_A_specialist_1p5M_seed7100001,48532,1204720,588,31,,OP3,OPPONENT_POOL,train,map_a_open,-1,0,SCRIPTED:OP6,5,0,0,0,0,240,0.5600000023841858,1,0,0,37,0,0,0,0,0,0,0,0,0,0,0,0,0,0,0,0,,11.883921305338541,-0.5,0.0,-0.02062651515007019,0.04999999701976776,0.0,0.0,0.0,-0.12254513800144196,map_a,map_a_open,RULESET_V3_M1_OWN_FLAG_HOME,73b77ac3a0efb2c33a4498544c96bb702a656cbbfe17af18ec859c6d6b4c2142,True
869,sappo_pi_A_specialist_1p5M_seed7100001,48532,1204736,588,32,,OP3,OPPONENT_POOL,train,map_a_open,-1,0,SCRIPTED:OP6,5,0,0,0,0,240,0.47999998927116394,1,0,0,45,0,0,0,0,0,0,0,0,0,0,0,0,0,0,0,0,,10.167729695638021,-0.5,0.0,0.011597931385040283,0.04999999701976776,0.0,0.0,-0.00800000037997961,-0.12253133207559586,map_a,map_a_open,RULESET_V3_M1_OWN_FLAG_HOME,73b77ac3a0efb2c33a4498544c96bb702a656cbbfe17af18ec859c6d6b4c2142,True
870,sappo_pi_A_specialist_1p5M_seed7100001,48532,1204960,588,46,,OP3,OPPONENT_POOL,train,map_a_open,-1,0,SCRIPTED:OP6,5,0,0,0,0,240,0.4399999976158142,0,1,0,6,0,0,0,0,0,0,0,0,0,0,0,0,0,0,0,0,,13.298562622070312,-0.5,0.0,0.003356054425239563,0.04999999701976776,0.0,0.0,-0.004000000189989805,-0.12205369770526886,map_a,map_a_open,RULESET_V3_M1_OWN_FLAG_HOME,73b77ac3a0efb2c33a4498544c96bb702a656cbbfe17af18ec859c6d6b4c2142,True
871,sappo_pi_A_specialist_1p5M_seed7100001,48532,1205152,588,58,,OP3,OPPONENT_POOL,train,map_a_open,-1,0,SCRIPTED:OP6,5,0,0,1,-1,240,0.4399999976158142,1,0,0,43,0,0,0,0,0,0,0,0,0,0,0,0,0,0,0,0,90.0,9.83104248046875,-1.0,0.0,0.00020910799503326416,0.04999999701976776,0.0,0.0,-0.004000000189989805,-0.24290777742862701,map_a,map_a_open,RULESET_V3_M1_OWN_FLAG_HOME,73b77ac3a0efb2c33a4498544c96bb702a656cbbfe17af18ec859c6d6b4c2142,True
872,sappo_pi_A_specialist_1p5M_seed7100001,48532,1205184,588,60,,OP3,OPPONENT_POOL,train,map_a_open,-1,0,SCRIPTED:OP6,5,1,2,0,2,240,0.47999998927116394,0,1,0,45,0,0,0,0,0,0,0,0,0,0,0,0,0,0,0,0,36.0,10.337462361653646,1.0,0.0,0.010271698236465454,0.04999999701976776,0.0,0.0,0.0,0.24845638871192932,map_a,map_a_open,RULESET_V3_M1_OWN_FLAG_HOME,73b77ac3a0efb2c33a4498544c96bb702a656cbbfe17af18ec859c6d6b4c2142,True
873,sappo_pi_A_specialist_1p5M_seed7100001,48532,1205472,588,78,,OP3,OPPONENT_POOL,train,map_a_open,-1,0,SCRIPTED:OP6,5,0,0,0,0,240,0.5199999809265137,0,1,0,31,0,0,0,0,0,0,0,0,0,0,0,0,0,0,0,0,,12.605254109700521,-0.5,0.0,-0.015108734369277954,0.04999999701976776,0.0,0.0,0.0,-0.122205451130867,map_a,map_a_open,RULESET_V3_M1_OWN_FLAG_HOME,73b77ac3a0efb2c33a4498544c96bb702a656cbbfe17af18ec859c6d6b4c2142,True
874,sappo_pi_A_specialist_1p5M_seed7100001,48532,1205728,588,94,,OP3,OPPONENT_POOL,train,map_a_open,-1,0,SCRIPTED:OP6,5,0,1,1,0,240,0.4399999976158142,1,0,0,47,0,0,0,0,0,0,0,0,0,0,0,0,0,0,0,0,43.0,10.284867350260416,-0.5,0.0,-0.013117671012878418,0.04999999701976776,0.0,0.0,0.0,-0.12208286672830582,map_a,map_a_open,RULESET_V3_M1_OWN_FLAG_HOME,73b77ac3a0efb2c33a4498544c96bb702a656cbbfe17af18ec859c6d6b4c2142,True
875,sappo_pi_A_specialist_1p5M_seed7100001,48532,1206000,588,111,,OP3,OPPONENT_POOL,train,map_a_open,-1,0,SCRIPTED:OP6,5,0,0,0,0,240,0.3999999761581421,1,0,0,8,0,0,0,0,0,0,0,0,0,0,0,0,0,0,0,0,,13.170624796549479,-0.5,0.0,0.00637391209602356,0.029999999329447746,0.0,0.0,-0.004000000189989805,-0.12309914082288742,map_a,map_a_open,RULESET_V3_M1_OWN_FLAG_HOME,73b77ac3a0efb2c33a4498544c96bb702a656cbbfe17af18ec859c6d6b4c2142,True
876,sappo_pi_A_specialist_1p5M_seed7100001,48532,1206512,589,15,,OP3,OPPONENT_POOL,train,map_a_open,-1,0,SCRIPTED:OP6,5,0,0,0,0,240,0.35999998450279236,1,0,0,12,0,0,0,0,0,0,0,0,0,0,0,0,0,0,0,0,,12.592421468098959,-0.5,0.0,-0.0009474456310272217,0.04999999701976776,0.0,0.0,-0.004000000189989805,-0.12231864780187607,map_a,map_a_open,RULESET_V3_M1_OWN_FLAG_HOME,73b77ac3a0efb2c33a4498544c96bb702a656cbbfe17af18ec859c6d6b4c2142,True
877,sappo_pi_A_specialist_1p5M_seed7100001,48532,1207600,589,83,,OP3,OPPONENT_POOL,train,map_a_open,-1,0,SCRIPTED:OP6,5,1,1,0,1,240,0.47999998927116394,1,0,0,88,0,0,0,0,0,0,0,0,0,0,0,0,0,0,0,0,45.0,6.984254964192709,1.0,0.0,-0.011265769600868225,0.04999999701976776,0.0,0.0,0.0,0.24719297885894775,map_a,map_a_open,RULESET_V3_M1_OWN_FLAG_HOME,73b77ac3a0efb2c33a4498544c96bb702a656cbbfe17af18ec859c6d6b4c2142,True
878,sappo_pi_A_specialist_1p5M_seed7100001,48532,1207616,589,84,,OP3,OPPONENT_POOL,train,map_a_open,-1,0,SCRIPTED:OP6,5,0,0,0,0,240,0.47999998927116394,1,0,0,21,0,0,0,0,0,0,0,0,0,0,0,0,0,0,0,0,,12.711133829752605,-0.5,0.0,0.0004511922597885132,0.04999999701976776,0.0,0.0,0.0,-0.12124736607074738,map_a,map_a_open,RULESET_V3_M1_OWN_FLAG_HOME,73b77ac3a0efb2c33a4498544c96bb702a656cbbfe17af18ec859c6d6b4c2142,True
879,sappo_pi_A_specialist_1p5M_seed7100001,48532,1207632,589,85,,OP3,OPPONENT_POOL,train,map_a_open,-1,0,SCRIPTED:OP6,5,0,0,0,0,240,0.3199999928474426,1,0,0,27,0,0,0,0,0,0,0,0,0,0,0,0,0,0,0,0,,13.181940714518229,-0.5,0.0,0.01215776801109314,0.04999999701976776,0.0,0.0,-0.004000000189989805,-0.12151174992322922,map_a,map_a_open,RULESET_V3_M1_OWN_FLAG_HOME,73b77ac3a0efb2c33a4498544c96bb702a656cbbfe17af18ec859c6d6b4c2142,True
880,sappo_pi_A_specialist_1p5M_seed7100001,48532,1207760,589,93,,OP3,OPPONENT_POOL,train,map_a_open,-1,0,SCRIPTED:OP6,5,0,1,1,0,240,0.2800000011920929,0,2,0,142,0,0,0,0,0,0,0,0,0,0,0,0,0,0,0,0,208.0,4.114570871988932,-0.5,0.0,0.017583072185516357,0.0,0.0,0.0,-0.004000000189989805,-0.12425559014081955,map_a,map_a_open,RULESET_V3_M1_OWN_FLAG_HOME,73b77ac3a0efb2c33a4498544c96bb702a656cbbfe17af18ec859c6d6b4c2142,True
881,sappo_pi_A_specialist_1p5M_seed7100001,48532,1208112,589,115,,OP3,OPPONENT_POOL,train,map_a_open,-1,0,SCRIPTED:OP6,5,0,0,0,0,240,0.4399999976158142,1,0,0,21,0,0,0,0,0,0,0,0,0,0,0,0,0,0,0,0,,11.92332051595052,-0.5,0.0,0.014419913291931152,0.04999999701976776,0.0,0.0,0.0,-0.12038706243038177,map_a,map_a_open,RULESET_V3_M1_OWN_FLAG_HOME,73b77ac3a0efb2c33a4498544c96bb702a656cbbfe17af18ec859c6d6b4c2142,True
882,sappo_pi_A_specialist_1p5M_seed7100001,48532,1208320,589,128,,OP3,OPPONENT_POOL,train,map_a_open,-1,0,SCRIPTED:OP6,5,0,0,0,0,240,0.4399999976158142,1,0,0,18,0,0,0,0,0,0,0,0,0,0,0,0,0,0,0,0,,12.80211181640625,-0.5,0.0,-0.004292279481887817,0.04999999701976776,0.0,0.0,0.0,-0.12153945863246918,map_a,map_a_open,RULESET_V3_M1_OWN_FLAG_HOME,73b77ac3a0efb2c33a4498544c96bb702a656cbbfe17af18ec859c6d6b4c2142,True
883,sappo_pi_A_specialist_1p5M_seed7100001,48532,1208384,590,4,,OP3,OPPONENT_POOL,train,map_a_open,-1,0,SCRIPTED:OP6,5,1,1,0,1,240,0.47999998927116394,0,1,0,44,0,0,0,0,0,0,0,0,0,0,0,0,0,0,0,0,60.0,9.40085957845052,1.0,0.0,-0.013636589050292969,0.04999999701976776,0.0,0.0,0.0,0.247053861618042,map_a,map_a_open,RULESET_V3_M1_OWN_FLAG_HOME,73b77ac3a0efb2c33a4498544c96bb702a656cbbfe17af18ec859c6d6b4c2142,True
884,sappo_pi_A_specialist_1p5M_seed7100001,48532,1208560,590,15,,OP3,OPPONENT_POOL,train,map_a_open,-1,0,SCRIPTED:OP6,5,0,0,0,0,240,0.5199999809265137,1,0,0,15,0,0,0,0,0,0,0,0,0,0,0,0,0,0,0,0,,13.156246948242188,-0.5,0.0,-0.011179476976394653,0.04999999701976776,0.0,0.0,-0.004000000189989805,-0.1229485347867012,map_a,map_a_open,RULESET_V3_M1_OWN_FLAG_HOME,73b77ac3a0efb2c33a4498544c96bb702a656cbbfe17af18ec859c6d6b4c2142,True
885,sappo_pi_A_specialist_1p5M_seed7100001,48532,1208576,590,16,,OP3,OPPONENT_POOL,train,map_a_open,-1,0,SCRIPTED:OP6,5,0,0,0,0,240,0.6800000071525574,1,0,0,17,0,0,0,0,0,0,0,0,0,0,0,0,0,0,0,0,,11.858638509114583,-0.5,0.0,-0.022878587245941162,0.04999999701976776,0.0,0.0,0.0,-0.12268377840518951,map_a,map_a_open,RULESET_V3_M1_OWN_FLAG_HOME,73b77ac3a0efb2c33a4498544c96bb702a656cbbfe17af18ec859c6d6b4c2142,True
886,sappo_pi_A_specialist_1p5M_seed7100001,48532,1208800,590,30,,OP3,OPPONENT_POOL,train,map_a_open,-1,0,SCRIPTED:OP6,5,0,0,0,0,240,0.3999999761581421,1,0,0,10,0,0,0,0,0,0,0,0,0,0,0,0,0,0,0,0,,13.077083333333333,-0.5,0.0,0.011906564235687256,0.04999999701976776,0.0,0.0,0.0,-0.12054186314344406,map_a,map_a_open,RULESET_V3_M1_OWN_FLAG_HOME,73b77ac3a0efb2c33a4498544c96bb702a656cbbfe17af18ec859c6d6b4c2142,True
887,sappo_pi_A_specialist_1p5M_seed7100001,48532,1208992,590,42,,OP3,OPPONENT_POOL,train,map_a_open,-1,0,SCRIPTED:OP6,5,0,0,0,0,240,0.5600000023841858,0,1,0,63,0,0,0,0,0,0,0,0,0,0,0,0,0,0,0,0,,10.6462646484375,-0.5,0.0,-0.012834161520004272,0.04999999701976776,0.0,0.0,0.0,-0.12206540256738663,map_a,map_a_open,RULESET_V3_M1_OWN_FLAG_HOME,73b77ac3a0efb2c33a4498544c96bb702a656cbbfe17af18ec859c6d6b4c2142,True
888,sappo_pi_A_specialist_1p5M_seed7100001,48532,1209024,590,44,,OP3,OPPONENT_POOL,train,map_a_open,-1,0,SCRIPTED:OP6,5,1,1,0,1,240,0.5199999809265137,1,0,0,20,0,0,0,0,0,0,0,0,0,0,0,0,0,0,0,0,28.0,12.373826090494791,1.0,0.0,-0.014993622899055481,0.04999999701976776,0.0,0.0,0.0,0.24697421491146088,map_a,map_a_open,RULESET_V3_M1_OWN_FLAG_HOME,73b77ac3a0efb2c33a4498544c96bb702a656cbbfe17af18ec859c6d6b4c2142,True
889,sappo_pi_A_specialist_1p5M_seed7100001,48532,1209312,590,62,,OP3,OPPONENT_POOL,train,map_a_open,-1,0,SCRIPTED:OP6,5,0,1,1,0,240,0.4399999976158142,1,0,0,53,0,0,0,0,0,0,0,0,0,0,0,0,0,0,0,0,54.0,10.422608439127604,-0.5,0.0,-0.005066037178039551,0.04999999701976776,0.0,0.0,-0.004000000189989805,-0.12257220596075058,map_a,map_a_open,RULESET_V3_M1_OWN_FLAG_HOME,73b77ac3a0efb2c33a4498544c96bb702a656cbbfe17af18ec859c6d6b4c2142,True
890,sappo_pi_A_specialist_1p5M_seed7100001,48532,1209568,590,78,,OP3,OPPONENT_POOL,train,map_a_open,-1,0,SCRIPTED:OP6,5,1,1,0,1,240,0.5600000023841858,0,1,0,82,0,0,0,0,0,0,0,0,0,0,0,0,0,0,0,0,130.0,7.933839925130209,1.0,0.0,-0.012057945132255554,0.04999999701976776,0.0,0.0,0.0,0.24714647233486176,map_a,map_a_open,RULESET_V3_M1_OWN_FLAG_HOME,73b77ac3a0efb2c33a4498544c96bb702a656cbbfe17af18ec859c6d6b4c2142,True
891,sappo_pi_A_specialist_1p5M_seed7100001,48532,1209840,590,95,,OP3,OPPONENT_POOL,train,map_a_open,-1,0,SCRIPTED:OP6,5,1,1,0,1,240,0.3999999761581421,1,0,0,30,0,0,0,0,0,0,0,0,0,0,0,0,0,0,0,0,57.0,11.86990966796875,1.0,0.0,0.005677551031112671,0.04999999701976776,0.0,0.0,-0.004000000189989805,0.2472483366727829,map_a,map_a_open,RULESET_V3_M1_OWN_FLAG_HOME,73b77ac3a0efb2c33a4498544c96bb702a656cbbfe17af18ec859c6d6b4c2142,True
892,sappo_pi_A_specialist_1p5M_seed7100001,48532,1210352,590,127,,OP3,OPPONENT_POOL,train,map_a_open,-1,0,SCRIPTED:OP6,5,1,1,0,1,240,0.3999999761581421,1,0,0,30,0,0,0,0,0,0,0,0,0,0,0,0,0,0,0,0,32.0,11.231412760416667,1.0,0.0,-0.015850752592086792,0.04999999701976776,0.0,0.0,0.0,0.24692389369010925,map_a,map_a_open,RULESET_V3_M1_OWN_FLAG_HOME,73b77ac3a0efb2c33a4498544c96bb702a656cbbfe17af18ec859c6d6b4c2142,True
893,sappo_pi_A_specialist_1p5M_seed7100001,48532,1210896,591,33,,OP3,OPPONENT_POOL,train,map_a_open,-1,0,SCRIPTED:OP6,5,1,3,0,3,99,0.4399999976158142,1,0,0,37,0,0,0,0,0,0,0,0,0,0,0,0,0,0,0,0,47.0,5.133797077217487,1.0,0.5,-0.005495190620422363,0.0,1.0,100.0,0.0,0.5543619394302368,map_a,map_a_open,RULESET_V3_M1_OWN_FLAG_HOME,73b77ac3a0efb2c33a4498544c96bb702a656cbbfe17af18ec859c6d6b4c2142,True
894,sappo_pi_A_specialist_1p5M_seed7100001,48532,1211440,591,67,,OP3,OPPONENT_POOL,train,map_a_open,-1,0,SCRIPTED:OP6,5,1,1,0,1,240,0.3999999761581421,1,0,0,22,0,0,0,0,0,0,0,0,0,0,0,0,0,0,0,0,46.0,11.582487996419271,1.0,0.0,-0.009828507900238037,0.04999999701976776,0.0,0.0,-0.004000000189989805,0.24633821845054626,map_a,map_a_open,RULESET_V3_M1_OWN_FLAG_HOME,73b77ac3a0efb2c33a4498544c96bb702a656cbbfe17af18ec859c6d6b4c2142,True
895,sappo_pi_A_specialist_1p5M_seed7100001,48532,1211456,591,68,,OP3,OPPONENT_POOL,train,map_a_open,-1,0,SCRIPTED:OP6,5,0,0,0,0,240,0.5199999809265137,1,0,0,8,0,0,0,0,0,0,0,0,0,0,0,0,0,0,0,0,,12.951813761393229,-0.5,0.0,0.0028387457132339478,0.04999999701976776,0.0,0.0,0.0,-0.12110032886266708,map_a,map_a_open,RULESET_V3_M1_OWN_FLAG_HOME,73b77ac3a0efb2c33a4498544c96bb702a656cbbfe17af18ec859c6d6b4c2142,True
896,sappo_pi_A_specialist_1p5M_seed7100001,48532,1211472,591,69,,OP3,OPPONENT_POOL,train,map_a_open,-1,0,SCRIPTED:OP6,5,0,0,0,0,240,0.3999999761581421,0,1,0,47,0,0,0,0,0,0,0,0,0,0,0,0,0,0,0,0,,11.589201863606771,-0.5,0.0,-0.01106126606464386,0.04999999701976776,0.0,0.0,0.0,-0.1219562515616417,map_a,map_a_open,RULESET_V3_M1_OWN_FLAG_HOME,73b77ac3a0efb2c33a4498544c96bb702a656cbbfe17af18ec859c6d6b4c2142,True
897,sappo_pi_A_specialist_1p5M_seed7100001,48532,1211600,591,77,,OP3,OPPONENT_POOL,train,map_a_open,-1,0,SCRIPTED:OP6,5,1,1,0,1,240,0.47999998927116394,1,0,0,37,0,0,0,0,0,0,0,0,0,0,0,0,0,0,0,0,79.0,10.360690307617187,1.0,0.0,-0.008283883333206177,0.04999999701976776,0.0,0.0,0.0,0.2473679482936859,map_a,map_a_open,RULESET_V3_M1_OWN_FLAG_HOME,73b77ac3a0efb2c33a4498544c96bb702a656cbbfe17af18ec859c6d6b4c2142,True
898,sappo_pi_A_specialist_1p5M_seed7100001,48532,1211952,591,99,,OP3,OPPONENT_POOL,train,map_a_open,-1,0,SCRIPTED:OP6,5,1,1,0,1,240,0.47999998927116394,0,1,0,181,0,0,0,0,0,0,0,0,0,0,0,0,0,0,0,0,71.0,3.5665262858072917,1.0,0.0,0.011418670415878296,0.0,0.0,0.0,-0.004000000189989805,0.2446494698524475,map_a,map_a_open,RULESET_V3_M1_OWN_FLAG_HOME,73b77ac3a0efb2c33a4498544c96bb702a656cbbfe17af18ec859c6d6b4c2142,True
899,sappo_pi_A_specialist_1p5M_seed7100001,48532,1212128,591,110,,OP3,OPPONENT_POOL,train,map_a_open,-1,0,SCRIPTED:OP6,5,1,3,0,3,143,0.5199999809265137,1,0,0,61,0,0,0,0,0,0,0,0,0,0,0,0,0,0,0,0,83.0,4.871118078698645,1.0,0.5,-0.008921697735786438,0.0,1.0,100.0,0.0,0.5542135238647461,map_a,map_a_open,RULESET_V3_M1_OWN_FLAG_HOME,73b77ac3a0efb2c33a4498544c96bb702a656cbbfe17af18ec859c6d6b4c2142,True
900,sappo_pi_A_specialist_1p5M_seed7100001,48532,1212160,591,112,,OP3,OPPONENT_POOL,train,map_a_open,-1,0,SCRIPTED:OP6,5,1,1,0,1,240,0.47999998927116394,1,0,0,40,0,0,0,0,0,0,0,0,0,0,0,0,0,0,0,0,48.0,10.95640360514323,1.0,0.0,0.008286744356155396,0.04999999701976776,0.0,0.0,0.0,0.24833998084068298,map_a,map_a_open,RULESET_V3_M1_OWN_FLAG_HOME,73b77ac3a0efb2c33a4498544c96bb702a656cbbfe17af18ec859c6d6b4c2142,True
901,sappo_pi_A_specialist_1p5M_seed7100001,48532,1212224,591,116,,OP3,OPPONENT_POOL,train,map_a_open,-1,0,SCRIPTED:OP6,5,1,2,1,1,240,0.4399999976158142,1,0,0,44,0,0,0,0,0,0,0,0,0,0,0,0,0,0,0,0,34.0,8.5834716796875,1.0,0.0,0.003759339451789856,0.04999999701976776,0.0,0.0,0.0,0.248074471950531,map_a,map_a_open,RULESET_V3_M1_OWN_FLAG_HOME,73b77ac3a0efb2c33a4498544c96bb702a656cbbfe17af18ec859c6d6b4c2142,True
902,sappo_pi_A_specialist_1p5M_seed7100001,48532,1212400,591,127,,OP3,OPPONENT_POOL,train,map_a_open,-1,0,SCRIPTED:OP6,5,0,0,0,0,240,0.4399999976158142,0,1,0,14,0,0,0,0,0,0,0,0,0,0,0,0,0,0,0,0,,13.247447713216145,-0.5,0.0,0.0026012808084487915,0.04999999701976776,0.0,0.0,0.0,-0.12111494690179825,map_a,map_a_open,RULESET_V3_M1_OWN_FLAG_HOME,73b77ac3a0efb2c33a4498544c96bb702a656cbbfe17af18ec859c6d6b4c2142,True
903,sappo_pi_A_specialist_1p5M_seed7100001,48532,1212416,591,128,,OP3,OPPONENT_POOL,train,map_a_open,-1,0,SCRIPTED:OP6,5,1,1,0,1,240,0.5199999809265137,1,0,0,16,0,0,0,0,0,0,0,0,0,0,0,0,0,0,0,0,60.0,11.534798177083333,1.0,0.0,-0.005603998899459839,0.04999999701976776,0.0,0.0,0.0,0.2475251704454422,map_a,map_a_open,RULESET_V3_M1_OWN_FLAG_HOME,73b77ac3a0efb2c33a4498544c96bb702a656cbbfe17af18ec859c6d6b4c2142,True
904,sappo_pi_A_specialist_1p5M_seed7100001,48532,1212640,592,14,,OP3,OPPONENT_POOL,train,map_a_open,-1,0,SCRIPTED:OP6,5,1,1,0,1,240,0.5199999809265137,0,1,0,39,0,0,0,0,0,0,0,0,0,0,0,0,0,0,0,0,48.0,10.924993896484375,1.0,0.0,0.021436616778373718,0.04999999701976776,0.0,0.0,-0.004000000189989805,0.2481728345155716,map_a,map_a_open,RULESET_V3_M1_OWN_FLAG_HOME,73b77ac3a0efb2c33a4498544c96bb702a656cbbfe17af18ec859c6d6b4c2142,True
905,sappo_pi_A_specialist_1p5M_seed7100001,48532,1212832,592,26,,OP3,OPPONENT_POOL,train,map_a_open,-1,0,SCRIPTED:OP6,5,0,0,0,0,240,0.3999999761581421,1,0,0,39,0,0,0,0,0,0,0,0,0,0,0,0,0,0,0,0,,11.595310465494792,-0.5,0.0,-0.01836371421813965,0.04999999701976776,0.0,0.0,0.0,-0.12240584194660187,map_a,map_a_open,RULESET_V3_M1_OWN_FLAG_HOME,73b77ac3a0efb2c33a4498544c96bb702a656cbbfe17af18ec859c6d6b4c2142,True
906,sappo_pi_A_specialist_1p5M_seed7100001,48532,1212864,592,28,,OP3,OPPONENT_POOL,train,map_a_open,-1,0,SCRIPTED:OP6,5,1,1,0,1,240,0.3999999761581421,0,4,0,146,0,0,0,0,0,0,0,0,0,0,0,0,0,0,0,0,132.0,4.2467493693033855,1.0,0.0,0.014202922582626343,0.04999999701976776,0.0,0.0,0.0,0.24868690967559814,map_a,map_a_open,RULESET_V3_M1_OWN_FLAG_HOME,73b77ac3a0efb2c33a4498544c96bb702a656cbbfe17af18ec859c6d6b4c2142,True
907,sappo_pi_A_specialist_1p5M_seed7100001,48532,1213408,592,62,,OP3,OPPONENT_POOL,train,map_a_open,-1,0,SCRIPTED:OP6,5,1,1,0,1,240,0.35999998450279236,1,0,0,20,0,0,0,0,0,0,0,0,0,0,0,0,0,0,0,0,53.0,11.711562093098959,1.0,0.0,-0.015675365924835205,0.04999999701976776,0.0,0.0,-0.004000000189989805,0.2459949254989624,map_a,map_a_open,RULESET_V3_M1_OWN_FLAG_HOME,73b77ac3a0efb2c33a4498544c96bb702a656cbbfe17af18ec859c6d6b4c2142,True
908,sappo_pi_A_specialist_1p5M_seed7100001,48532,1214000,592,99,,OP3,OPPONENT_POOL,train,map_a_open,-1,0,SCRIPTED:OP6,5,1,3,0,3,194,0.6399999856948853,1,0,0,79,0,0,0,0,0,0,0,0,0,0,0,0,0,0,0,0,32.0,4.809717551949098,1.0,0.5,-0.008199840784072876,0.0,1.0,100.0,0.0,0.5542447566986084,map_a,map_a_open,RULESET_V3_M1_OWN_FLAG_HOME,73b77ac3a0efb2c33a4498544c96bb702a656cbbfe17af18ec859c6d6b4c2142,True
909,sappo_pi_A_specialist_1p5M_seed7100001,48532,1214192,592,111,,OP3,OPPONENT_POOL,train,map_a_open,-1,0,SCRIPTED:OP6,5,1,1,0,1,240,0.5999999642372131,1,0,0,27,0,0,0,0,0,0,0,0,0,0,0,0,0,0,0,0,44.0,11.537415568033854,1.0,0.0,0.01308046281337738,0.04999999701976776,0.0,0.0,-0.004000000189989805,0.24768267571926117,map_a,map_a_open,RULESET_V3_M1_OWN_FLAG_HOME,73b77ac3a0efb2c33a4498544c96bb702a656cbbfe17af18ec859c6d6b4c2142,True
910,sappo_pi_A_specialist_1p5M_seed7100001,48532,1214640,593,11,,OP3,OPPONENT_POOL,train,map_a_open,-1,0,SCRIPTED:OP6,5,1,3,1,2,199,0.6399999856948853,0,1,0,96,0,0,0,0,0,0,0,0,0,0,0,0,0,0,0,0,83.0,4.4322276666535805,1.0,0.5,-0.007824897766113281,0.0,1.0,100.0,0.0,0.5542610287666321,map_a,map_a_open,RULESET_V3_M1_OWN_FLAG_HOME,73b77ac3a0efb2c33a4498544c96bb702a656cbbfe17af18ec859c6d6b4c2142,True
911,sappo_pi_A_specialist_1p5M_seed7100001,48532,1215216,593,47,,OP3,OPPONENT_POOL,train,map_a_open,-1,0,SCRIPTED:OP6,5,1,3,1,2,234,0.5199999809265137,0,2,0,134,0,0,0,0,0,0,0,0,0,0,0,0,0,0,0,0,41.0,4.427932608840812,1.0,0.5,-0.010504677891731262,0.0,1.0,100.0,-0.004000000189989805,0.553451657295227,map_a,map_a_open,RULESET_V3_M1_OWN_FLAG_HOME,73b77ac3a0efb2c33a4498544c96bb702a656cbbfe17af18ec859c6d6b4c2142,True
912,sappo_pi_A_specialist_1p5M_seed7100001,48532,1215280,593,51,,OP3,OPPONENT_POOL,train,map_a_open,-1,0,SCRIPTED:OP6,5,1,2,0,2,240,0.4399999976158142,1,0,0,34,0,0,0,0,0,0,0,0,0,0,0,0,0,0,0,0,55.0,9.974859619140625,1.0,0.0,3.533065319061279e-05,0.04999999701976776,0.0,0.0,-0.004000000189989805,0.24691720306873322,map_a,map_a_open,RULESET_V3_M1_OWN_FLAG_HOME,73b77ac3a0efb2c33a4498544c96bb702a656cbbfe17af18ec859c6d6b4c2142,True
913,sappo_pi_A_specialist_1p5M_seed7100001,48532,1215440,593,61,,OP3,OPPONENT_POOL,train,map_a_open,-1,0,SCRIPTED:OP6,5,1,1,0,1,240,0.5199999809265137,1,0,0,32,0,0,0,0,0,0,0,0,0,0,0,0,0,0,0,0,51.0,11.817081705729167,1.0,0.0,-0.00134335458278656,0.04999999701976776,0.0,0.0,-0.004000000189989805,0.24683630466461182,map_a,map_a_open,RULESET_V3_M1_OWN_FLAG_HOME,73b77ac3a0efb2c33a4498544c96bb702a656cbbfe17af18ec859c6d6b4c2142,True
914,sappo_pi_A_specialist_1p5M_seed7100001,48532,1215792,593,83,,OP3,OPPONENT_POOL,train,map_a_open,-1,0,SCRIPTED:OP6,5,0,0,0,0,240,0.6399999856948853,1,0,0,30,0,0,0,0,0,0,0,0,0,0,0,0,0,0,0,0,,11.94038594563802,-0.5,0.0,-0.009659543633460999,0.04999999701976776,0.0,0.0,0.0,-0.12186994403600693,map_a,map_a_open,RULESET_V3_M1_OWN_FLAG_HOME,73b77ac3a0efb2c33a4498544c96bb702a656cbbfe17af18ec859c6d6b4c2142,True
915,sappo_pi_A_specialist_1p5M_seed7100001,48532,1215968,593,94,,OP3,OPPONENT_POOL,train,map_a_open,-1,0,SCRIPTED:OP6,5,1,1,0,1,240,0.5199999809265137,1,0,0,98,0,0,0,0,0,0,0,0,0,0,0,0,0,0,0,0,126.0,7.802960205078125,1.0,0.0,-0.011508047580718994,0.04999999701976776,0.0,0.0,0.0,0.24717874825000763,map_a,map_a_open,RULESET_V3_M1_OWN_FLAG_HOME,73b77ac3a0efb2c33a4498544c96bb702a656cbbfe17af18ec859c6d6b4c2142,True
916,sappo_pi_A_specialist_1p5M_seed7100001,48532,1216000,593,96,,OP3,OPPONENT_POOL,train,map_a_open,-1,0,SCRIPTED:OP6,5,0,1,1,0,240,0.4399999976158142,1,0,0,17,0,0,0,0,0,0,0,0,0,0,0,0,0,0,0,0,27.0,11.266893513997395,-0.5,0.0,-0.0004577934741973877,0.04999999701976776,-0.699999988079071,-70.0,0.0,-0.2884764075279236,map_a,map_a_open,RULESET_V3_M1_OWN_FLAG_HOME,73b77ac3a0efb2c33a4498544c96bb702a656cbbfe17af18ec859c6d6b4c2142,True
917,sappo_pi_A_specialist_1p5M_seed7100001,48532,1216064,593,100,,OP3,OPPONENT_POOL,train,map_a_open,-1,0,SCRIPTED:OP6,5,1,1,0,1,240,0.47999998927116394,1,0,0,69,0,0,0,0,0,0,0,0,0,0,0,0,0,0,0,0,66.0,9.744145711263021,1.0,0.0,0.005277693271636963,0.04999999701976776,0.0,0.0,0.0,0.24816352128982544,map_a,map_a_open,RULESET_V3_M1_OWN_FLAG_HOME,73b77ac3a0efb2c33a4498544c96bb702a656cbbfe17af18ec859c6d6b4c2142,True
918,sappo_pi_A_specialist_1p5M_seed7100001,48532,1216240,593,111,,OP3,OPPONENT_POOL,train,map_a_open,-1,0,SCRIPTED:OP6,5,0,1,1,0,240,0.47999998927116394,1,0,0,90,0,0,0,0,0,0,0,0,0,0,0,0,0,0,0,0,119.0,6.457664489746094,-0.5,0.0,-0.0074967145919799805,0.04999999701976776,0.0,0.0,0.0,-0.12173677235841751,map_a,map_a_open,RULESET_V3_M1_OWN_FLAG_HOME,73b77ac3a0efb2c33a4498544c96bb702a656cbbfe17af18ec859c6d6b4c2142,True
919,sappo_pi_A_specialist_1p5M_seed7100001,48532,1216256,593,112,,OP3,OPPONENT_POOL,train,map_a_open,-1,0,SCRIPTED:OP6,5,0,0,0,0,240,0.5600000023841858,1,0,0,14,0,0,0,0,0,0,0,0,0,0,0,0,0,0,0,0,,12.949647013346354,-0.5,0.0,0.0021364688873291016,0.04999999701976776,0.0,0.0,-0.00800000037997961,-0.12311375141143799,map_a,map_a_open,RULESET_V3_M1_OWN_FLAG_HOME,73b77ac3a0efb2c33a4498544c96bb702a656cbbfe17af18ec859c6d6b4c2142,True
920,sappo_pi_A_specialist_1p5M_seed7100001,48532,1216480,593,126,,OP3,OPPONENT_POOL,train,map_a_open,-1,0,SCRIPTED:OP6,5,1,1,0,1,240,0.5600000023841858,1,0,0,28,0,0,0,0,0,0,0,0,0,0,0,0,0,0,0,0,57.0,11.156917317708333,1.0,0.0,0.0004996806383132935,0.04999999701976776,0.0,0.0,0.0,0.24788327515125275,map_a,map_a_open,RULESET_V3_M1_OWN_FLAG_HOME,73b77ac3a0efb2c33a4498544c96bb702a656cbbfe17af18ec859c6d6b4c2142,True
921,sappo_pi_A_specialist_1p5M_seed7100001,48532,1216672,594,10,,OP3,OPPONENT_POOL,train,map_a_open,-1,0,SCRIPTED:OP6,5,1,1,0,1,240,0.4399999976158142,1,0,0,36,0,0,0,0,0,0,0,0,0,0,0,0,0,0,0,0,32.0,10.542104085286459,1.0,0.0,-0.02051509916782379,0.04999999701976776,0.0,0.0,0.0,0.24665012955665588,map_a,map_a_open,RULESET_V3_M1_OWN_FLAG_HOME,73b77ac3a0efb2c33a4498544c96bb702a656cbbfe17af18ec859c6d6b4c2142,True
922,sappo_pi_A_specialist_1p5M_seed7100001,48532,1216704,594,12,,OP3,OPPONENT_POOL,train,map_a_open,-1,0,SCRIPTED:OP6,5,0,0,0,0,240,0.2800000011920929,1,0,0,20,0,0,0,0,0,0,0,0,0,0,0,0,0,0,0,0,,12.326478068033854,-0.5,0.0,-0.006762295961380005,0.04999999701976776,0.0,0.0,-0.004000000189989805,-0.12267662584781647,map_a,map_a_open,RULESET_V3_M1_OWN_FLAG_HOME,73b77ac3a0efb2c33a4498544c96bb702a656cbbfe17af18ec859c6d6b4c2142,True
923,sappo_pi_A_specialist_1p5M_seed7100001,48532,1217248,594,46,,OP3,OPPONENT_POOL,train,map_a_open,-1,0,SCRIPTED:OP6,5,0,0,0,0,240,0.5600000023841858,1,0,0,33,0,0,0,0,0,0,0,0,0,0,0,0,0,0,0,0,,10.673974609375,-0.5,0.0,-0.0035073161125183105,0.04999999701976776,0.0,0.0,0.0,-0.12149111926555634,map_a,map_a_open,RULESET_V3_M1_OWN_FLAG_HOME,73b77ac3a0efb2c33a4498544c96bb702a656cbbfe17af18ec859c6d6b4c2142,True
924,sappo_pi_A_specialist_1p5M_seed7100001,48532,1217616,594,69,,OP3,OPPONENT_POOL,train,map_a_open,-1,0,SCRIPTED:OP6,5,1,3,0,3,150,0.3999999761581421,1,0,0,55,0,0,0,0,0,0,0,0,0,0,0,0,0,0,0,0,33.0,4.964191487630209,1.0,0.5,-0.005817532539367676,0.0,1.0,100.0,0.0,0.5543479323387146,map_a,map_a_open,RULESET_V3_M1_OWN_FLAG_HOME,73b77ac3a0efb2c33a4498544c96bb702a656cbbfe17af18ec859c6d6b4c2142,True
925,sappo_pi_A_specialist_1p5M_seed7100001,48532,1217840,594,83,,OP3,OPPONENT_POOL,train,map_a_open,-1,0,SCRIPTED:OP6,5,0,0,0,0,240,0.47999998927116394,1,0,0,13,0,0,0,0,0,0,0,0,0,0,0,0,0,0,0,0,,12.830904134114583,-0.5,0.0,0.003969013690948486,0.04999999701976776,0.0,0.0,-0.004000000189989805,-0.12201595306396484,map_a,map_a_open,RULESET_V3_M1_OWN_FLAG_HOME,73b77ac3a0efb2c33a4498544c96bb702a656cbbfe17af18ec859c6d6b4c2142,True
926,sappo_pi_A_specialist_1p5M_seed7100001,48532,1218032,594,95,,OP3,OPPONENT_POOL,train,map_a_open,-1,0,SCRIPTED:OP6,5,1,1,0,1,240,0.47999998927116394,1,0,0,10,0,0,0,0,0,0,0,0,0,0,0,0,0,0,0,0,42.0,12.358109537760416,1.0,0.0,-0.01773284375667572,0.04999999701976776,0.0,0.0,0.0,0.24681343138217926,map_a,map_a_open,RULESET_V3_M1_OWN_FLAG_HOME,73b77ac3a0efb2c33a4498544c96bb702a656cbbfe17af18ec859c6d6b4c2142,True
927,sappo_pi_A_specialist_1p5M_seed7100001,48532,1218480,594,123,,OP3,OPPONENT_POOL,train,map_a_open,-1,0,SCRIPTED:OP6,5,0,1,1,0,240,0.47999998927116394,1,0,0,48,0,0,0,0,0,0,0,0,0,0,0,0,0,0,0,0,56.0,8.7380859375,-0.5,0.0,-0.005918711423873901,0.04062499850988388,0.0,0.0,0.0,-0.1222168356180191,map_a,map_a_open,RULESET_V3_M1_OWN_FLAG_HOME,73b77ac3a0efb2c33a4498544c96bb702a656cbbfe17af18ec859c6d6b4c2142,True
928,sappo_pi_A_specialist_1p5M_seed7100001,48532,1219120,595,35,,OP3,OPPONENT_POOL,train,map_a_open,-1,0,SCRIPTED:OP6,5,0,0,0,0,240,0.3999999761581421,1,0,0,13,0,0,0,0,0,0,0,0,0,0,0,0,0,0,0,0,,12.982164510091145,-0.5,0.0,0.0058329105377197266,0.04999999701976776,0.0,0.0,0.0,-0.12091593444347382,map_a,map_a_open,RULESET_V3_M1_OWN_FLAG_HOME,73b77ac3a0efb2c33a4498544c96bb702a656cbbfe17af18ec859c6d6b4c2142,True
929,sappo_pi_A_specialist_1p5M_seed7100001,48532,1219280,595,45,,OP3,OPPONENT_POOL,train,map_a_open,-1,0,SCRIPTED:OP6,5,0,0,0,0,240,0.2800000011920929,1,0,0,22,0,0,0,0,0,0,0,0,0,0,0,0,0,0,0,0,,12.734078979492187,-0.5,0.0,-0.016022443771362305,0.04999999701976776,0.0,0.0,-0.004000000189989805,-0.12324663996696472,map_a,map_a_open,RULESET_V3_M1_OWN_FLAG_HOME,73b77ac3a0efb2c33a4498544c96bb702a656cbbfe17af18ec859c6d6b4c2142,True
930,sappo_pi_A_specialist_1p5M_seed7100001,48532,1219632,595,67,,OP3,OPPONENT_POOL,train,map_a_open,-1,0,SCRIPTED:OP6,5,1,2,0,2,240,0.5199999809265137,0,2,0,103,0,0,0,0,0,0,0,0,0,0,0,0,0,0,0,0,44.0,7.199012756347656,1.0,0.0,0.00801520049571991,0.04999999701976776,0.0,0.0,-0.004000000189989805,0.24738548696041107,map_a,map_a_open,RULESET_V3_M1_OWN_FLAG_HOME,73b77ac3a0efb2c33a4498544c96bb702a656cbbfe17af18ec859c6d6b4c2142,True
931,sappo_pi_A_specialist_1p5M_seed7100001,48532,1219808,595,78,,OP3,OPPONENT_POOL,train,map_a_open,-1,0,SCRIPTED:OP6,5,0,0,0,0,240,0.3999999761581421,1,0,0,24,0,0,0,0,0,0,0,0,0,0,0,0,0,0,0,0,,13.272402954101562,-0.5,0.0,-0.012833237648010254,0.04999999701976776,0.0,0.0,-0.004000000189989805,-0.12305033206939697,map_a,map_a_open,RULESET_V3_M1_OWN_FLAG_HOME,73b77ac3a0efb2c33a4498544c96bb702a656cbbfe17af18ec859c6d6b4c2142,True
932,sappo_pi_A_specialist_1p5M_seed7100001,48532,1219840,595,80,,OP3,OPPONENT_POOL,train,map_a_open,-1,0,SCRIPTED:OP6,5,0,0,0,0,240,0.3199999928474426,1,0,0,10,0,0,0,0,0,0,0,0,0,0,0,0,0,0,0,0,,13.599512736002604,-0.5,0.0,-0.002224355936050415,0.04999999701976776,0.0,0.0,-0.004000000189989805,-0.12239726632833481,map_a,map_a_open,RULESET_V3_M1_OWN_FLAG_HOME,73b77ac3a0efb2c33a4498544c96bb702a656cbbfe17af18ec859c6d6b4c2142,True
933,sappo_pi_A_specialist_1p5M_seed7100001,48532,1219904,595,84,,OP3,OPPONENT_POOL,train,map_a_open,-1,0,SCRIPTED:OP6,5,1,2,0,2,240,0.4399999976158142,1,0,0,134,0,0,0,0,0,0,0,0,0,0,0,0,0,0,0,0,73.0,4.892119852701823,1.0,0.0,0.005515351891517639,0.04999999701976776,0.0,0.0,-0.004000000189989805,0.24723881483078003,map_a,map_a_open,RULESET_V3_M1_OWN_FLAG_HOME,73b77ac3a0efb2c33a4498544c96bb702a656cbbfe17af18ec859c6d6b4c2142,True
934,sappo_pi_A_specialist_1p5M_seed7100001,48532,1220080,595,95,,OP3,OPPONENT_POOL,train,map_a_open,-1,0,SCRIPTED:OP6,5,0,0,0,0,240,0.3999999761581421,1,0,0,7,0,0,0,0,0,0,0,0,0,0,0,0,0,0,0,0,,13.475651041666667,-0.5,0.0,-0.0037991106510162354,0.04999999701976776,0.0,0.0,-0.004000000189989805,-0.12249421328306198,map_a,map_a_open,RULESET_V3_M1_OWN_FLAG_HOME,73b77ac3a0efb2c33a4498544c96bb702a656cbbfe17af18ec859c6d6b4c2142,True
935,sappo_pi_A_specialist_1p5M_seed7100001,48532,1220096,595,96,,OP3,OPPONENT_POOL,train,map_a_open,-1,0,SCRIPTED:OP6,5,0,0,0,0,240,0.35999998450279236,1,0,0,6,0,0,0,0,0,0,0,0,0,0,0,0,0,0,0,0,,13.221068318684896,-0.5,0.0,-0.002458915114402771,0.04999999701976776,0.0,0.0,-0.004000000189989805,-0.12241169810295105,map_a,map_a_open,RULESET_V3_M1_OWN_FLAG_HOME,73b77ac3a0efb2c33a4498544c96bb702a656cbbfe17af18ec859c6d6b4c2142,True
936,sappo_pi_A_specialist_1p5M_seed7100001,48532,1220320,595,110,,OP3,OPPONENT_POOL,train,map_a_open,-1,0,SCRIPTED:OP6,5,0,0,0,0,240,0.35999998450279236,1,0,0,7,0,0,0,0,0,0,0,0,0,0,0,0,0,0,0,0,,12.969393920898437,-0.5,0.0,0.008486747741699219,0.04999999701976776,0.0,0.0,0.0,-0.1207524910569191,map_a,map_a_open,RULESET_V3_M1_OWN_FLAG_HOME,73b77ac3a0efb2c33a4498544c96bb702a656cbbfe17af18ec859c6d6b4c2142,True
937,sappo_pi_A_specialist_1p5M_seed7100001,48532,1220512,595,122,,OP3,OPPONENT_POOL,train,map_a_open,-1,0,SCRIPTED:OP6,5,1,1,0,1,240,0.35999998450279236,1,0,0,33,0,0,0,0,0,0,0,0,0,0,0,0,0,0,0,0,52.0,10.606458536783855,1.0,0.0,-0.006030350923538208,0.04999999701976776,0.0,0.0,-0.00800000037997961,0.24562175571918488,map_a,map_a_open,RULESET_V3_M1_OWN_FLAG_HOME,73b77ac3a0efb2c33a4498544c96bb702a656cbbfe17af18ec859c6d6b4c2142,True
938,sappo_pi_A_specialist_1p5M_seed7100001,48532,1220544,595,124,,OP3,OPPONENT_POOL,train,map_a_open,-1,0,SCRIPTED:OP6,5,0,0,0,0,240,0.5199999809265137,1,0,0,48,0,0,0,0,0,0,0,0,0,0,0,0,0,0,0,0,,10.803522745768229,-0.5,0.0,0.006395965814590454,0.04999999701976776,0.0,0.0,-0.004000000189989805,-0.12186652421951294,map_a,map_a_open,RULESET_V3_M1_OWN_FLAG_HOME,73b77ac3a0efb2c33a4498544c96bb702a656cbbfe17af18ec859c6d6b4c2142,True
939,sappo_pi_A_specialist_1p5M_seed7100001,48532,1220976,596,23,,OP3,OPPONENT_POOL,train,map_a_open,-1,0,SCRIPTED:OP6,5,1,3,1,2,156,0.3999999761581421,1,0,0,86,0,0,0,0,0,0,0,0,0,0,0,0,0,0,0,0,78.0,4.300513243063902,1.0,0.5,-0.010192692279815674,0.0,1.0,100.0,-0.004000000189989805,0.5534652471542358,map_a,map_a_open,RULESET_V3_M1_OWN_FLAG_HOME,73b77ac3a0efb2c33a4498544c96bb702a656cbbfe17af18ec859c6d6b4c2142,True
940,sappo_pi_A_specialist_1p5M_seed7100001,48532,1221088,596,30,,OP3,OPPONENT_POOL,train,map_a_open,-1,0,SCRIPTED:OP6,5,1,1,0,1,240,0.47999998927116394,1,0,0,37,0,0,0,0,0,0,0,0,0,0,0,0,0,0,0,0,71.0,10.82354024251302,1.0,0.0,-0.004967793822288513,0.04999999701976776,0.0,0.0,0.0,0.2475624978542328,map_a,map_a_open,RULESET_V3_M1_OWN_FLAG_HOME,73b77ac3a0efb2c33a4498544c96bb702a656cbbfe17af18ec859c6d6b4c2142,True
941,sappo_pi_A_specialist_1p5M_seed7100001,48532,1221456,596,53,,OP3,OPPONENT_POOL,train,map_a_open,-1,0,SCRIPTED:OP6,5,0,0,0,0,240,0.5600000023841858,0,1,0,40,0,0,0,0,0,0,0,0,0,0,0,0,0,0,0,0,,11.398982747395833,-0.5,0.0,0.014804765582084656,0.04999999701976776,0.0,0.0,0.0,-0.12036335468292236,map_a,map_a_open,RULESET_V3_M1_OWN_FLAG_HOME,73b77ac3a0efb2c33a4498544c96bb702a656cbbfe17af18ec859c6d6b4c2142,True
942,sappo_pi_A_specialist_1p5M_seed7100001,48532,1221536,596,58,,OP3,OPPONENT_POOL,train,map_a_open,-1,0,SCRIPTED:OP6,5,1,3,0,3,106,0.5199999809265137,1,0,0,33,0,0,0,0,0,0,0,0,0,0,0,0,0,0,0,0,36.0,6.293808847103479,1.0,0.5,-0.010166555643081665,0.0,1.0,100.0,-0.004000000189989805,0.5534663200378418,map_a,map_a_open,RULESET_V3_M1_OWN_FLAG_HOME,73b77ac3a0efb2c33a4498544c96bb702a656cbbfe17af18ec859c6d6b4c2142,True
943,sappo_pi_A_specialist_1p5M_seed7100001,48532,1221648,596,65,,OP3,OPPONENT_POOL,train,map_a_open,-1,0,SCRIPTED:OP6,5,1,3,1,2,126,0.35999998450279236,1,0,0,34,0,0,0,0,0,0,0,0,0,0,0,0,0,0,0,0,48.0,5.332572815910218,1.0,0.5,-0.010177209973335266,0.0,1.0,100.0,0.0,0.5541591644287109,map_a,map_a_open,RULESET_V3_M1_OWN_FLAG_HOME,73b77ac3a0efb2c33a4498544c96bb702a656cbbfe17af18ec859c6d6b4c2142,True
944,sappo_pi_A_specialist_1p5M_seed7100001,48532,1221680,596,67,,OP3,OPPONENT_POOL,train,map_a_open,-1,0,SCRIPTED:OP6,5,0,1,1,0,240,0.4399999976158142,0,1,0,49,0,0,0,0,0,0,0,0,0,0,0,0,0,0,0,0,56.0,10.110519409179688,-0.5,0.0,-0.006571456789970398,0.04999999701976776,0.0,0.0,-0.004000000189989805,-0.12266487628221512,map_a,map_a_open,RULESET_V3_M1_OWN_FLAG_HOME,73b77ac3a0efb2c33a4498544c96bb702a656cbbfe17af18ec859c6d6b4c2142,True
945,sappo_pi_A_specialist_1p5M_seed7100001,48532,1221776,596,73,,OP3,OPPONENT_POOL,train,map_a_open,-1,0,SCRIPTED:OP6,5,1,3,0,3,117,0.3999999761581421,1,0,0,35,0,0,0,0,0,0,0,0,0,0,0,0,0,0,0,0,45.0,5.205134465144231,1.0,0.5,-0.01050645112991333,0.0,1.0,100.0,-0.004000000189989805,0.5534515380859375,map_a,map_a_open,RULESET_V3_M1_OWN_FLAG_HOME,73b77ac3a0efb2c33a4498544c96bb702a656cbbfe17af18ec859c6d6b4c2142,True
946,sappo_pi_A_specialist_1p5M_seed7100001,48532,1221872,596,79,,OP3,OPPONENT_POOL,train,map_a_open,-1,0,SCRIPTED:OP6,5,0,1,1,0,240,0.35999998450279236,1,0,0,30,0,0,0,0,0,0,0,0,0,0,0,0,0,0,0,0,51.0,10.383324178059896,-0.5,0.0,-0.0019041001796722412,0.04999999701976776,0.0,0.0,0.0,-0.1213923990726471,map_a,map_a_open,RULESET_V3_M1_OWN_FLAG_HOME,73b77ac3a0efb2c33a4498544c96bb702a656cbbfe17af18ec859c6d6b4c2142,True
947,sappo_pi_A_specialist_1p5M_seed7100001,48532,1222960,597,19,,OP3,OPPONENT_POOL,train,map_a_open,-1,0,SCRIPTED:OP6,5,1,1,0,1,240,0.5600000023841858,1,0,0,67,0,0,0,0,0,0,0,0,0,0,0,0,0,0,0,0,123.0,7.888587443033854,1.0,0.0,0.014312267303466797,0.049999937415122986,0.0,0.0,-0.00800000037997961,0.24681606888771057,map_a,map_a_open,RULESET_V3_M1_OWN_FLAG_HOME,73b77ac3a0efb2c33a4498544c96bb702a656cbbfe17af18ec859c6d6b4c2142,True
948,sappo_pi_A_specialist_1p5M_seed7100001,48532,1223120,597,29,,OP3,OPPONENT_POOL,train,map_a_open,-1,0,SCRIPTED:OP6,5,0,0,0,0,240,0.5199999809265137,1,0,0,17,0,0,0,0,0,0,0,0,0,0,0,0,0,0,0,0,,12.444636027018229,-0.5,0.0,0.004978775978088379,0.04999999701976776,0.0,0.0,-0.004000000189989805,-0.12195379287004471,map_a,map_a_open,RULESET_V3_M1_OWN_FLAG_HOME,73b77ac3a0efb2c33a4498544c96bb702a656cbbfe17af18ec859c6d6b4c2142,True
949,sappo_pi_A_specialist_1p5M_seed7100001,48532,1223648,597,62,,OP3,OPPONENT_POOL,train,map_a_open,-1,0,SCRIPTED:OP6,5,0,0,0,0,240,0.3999999761581421,1,0,0,28,0,0,0,0,0,0,0,0,0,0,0,0,0,0,0,0,,11.456786092122396,-0.5,0.0,0.0070810019969940186,0.04999999701976776,0.0,0.0,0.0,-0.12083906680345535,map_a,map_a_open,RULESET_V3_M1_OWN_FLAG_HOME,73b77ac3a0efb2c33a4498544c96bb702a656cbbfe17af18ec859c6d6b4c2142,True
950,sappo_pi_A_specialist_1p5M_seed7100001,48532,1223920,597,79,,OP3,OPPONENT_POOL,train,map_a_open,-1,0,SCRIPTED:OP6,5,1,1,0,1,240,0.5199999809265137,0,1,0,43,0,0,0,0,0,0,0,0,0,0,0,0,0,0,0,0,79.0,9.217459106445313,1.0,0.0,0.01502545177936554,0.04999999701976776,0.0,0.0,0.0,0.24873512983322144,map_a,map_a_open,RULESET_V3_M1_OWN_FLAG_HOME,73b77ac3a0efb2c33a4498544c96bb702a656cbbfe17af18ec859c6d6b4c2142,True
951,sappo_pi_A_specialist_1p5M_seed7100001,48532,1223936,597,80,,OP3,OPPONENT_POOL,train,map_a_open,-1,0,SCRIPTED:OP6,5,0,0,0,0,240,0.5600000023841858,0,2,0,198,0,0,0,0,0,0,0,0,0,0,0,0,0,0,0,0,,3.498064168294271,-0.5,-0.10000000149011612,0.017017066478729248,0.04500000178813934,0.0,0.0,-0.004000000189989805,-0.14607153832912445,map_a,map_a_open,RULESET_V3_M1_OWN_FLAG_HOME,73b77ac3a0efb2c33a4498544c96bb702a656cbbfe17af18ec859c6d6b4c2142,True
952,sappo_pi_A_specialist_1p5M_seed7100001,48532,1224160,597,94,,OP3,OPPONENT_POOL,train,map_a_open,-1,0,SCRIPTED:OP6,5,0,1,1,0,240,0.4399999976158142,1,0,0,15,0,0,0,0,0,0,0,0,0,0,0,0,0,0,0,0,31.0,11.307213338216146,-0.5,0.0,0.006009265780448914,0.04999999701976776,0.0,0.0,-0.004000000189989805,-0.12189033627510071,map_a,map_a_open,RULESET_V3_M1_OWN_FLAG_HOME,73b77ac3a0efb2c33a4498544c96bb702a656cbbfe17af18ec859c6d6b4c2142,True
953,sappo_pi_A_specialist_1p5M_seed7100001,48532,1224288,597,102,,OP3,OPPONENT_POOL,train,map_a_open,-1,0,SCRIPTED:OP6,5,1,3,0,3,234,0.5199999809265137,1,0,0,91,0,0,0,0,0,0,0,0,0,0,0,0,0,0,0,0,84.0,4.1487525874732905,1.0,0.5,-0.01035289466381073,0.0,1.0,100.0,-0.004000000189989805,0.5534582734107971,map_a,map_a_open,RULESET_V3_M1_OWN_FLAG_HOME,73b77ac3a0efb2c33a4498544c96bb702a656cbbfe17af18ec859c6d6b4c2142,True
954,sappo_pi_A_specialist_1p5M_seed7100001,48532,1224352,597,106,,OP3,OPPONENT_POOL,train,map_a_open,-1,0,SCRIPTED:OP6,5,0,0,0,0,240,0.35999998450279236,1,0,0,39,0,0,0,0,0,0,0,0,0,0,0,0,0,0,0,0,,11.037251790364584,-0.5,0.0,0.009699597954750061,0.04999351128935814,0.0,0.0,0.0,-0.12067819386720657,map_a,map_a_open,RULESET_V3_M1_OWN_FLAG_HOME,73b77ac3a0efb2c33a4498544c96bb702a656cbbfe17af18ec859c6d6b4c2142,True
955,sappo_pi_A_specialist_1p5M_seed7100001,48532,1224816,598,7,,OP3,OPPONENT_POOL,train,map_a_open,-1,0,SCRIPTED:OP6,5,0,0,0,0,240,0.47999998927116394,1,0,0,16,0,0,0,0,0,0,0,0,0,0,0,0,0,0,0,0,,12.98135986328125,-0.5,0.0,-0.005918443202972412,0.04999999701976776,0.0,0.0,-0.004000000189989805,-0.12262467294931412,map_a,map_a_open,RULESET_V3_M1_OWN_FLAG_HOME,73b77ac3a0efb2c33a4498544c96bb702a656cbbfe17af18ec859c6d6b4c2142,True
956,sappo_pi_A_specialist_1p5M_seed7100001,48532,1224928,598,14,,OP3,OPPONENT_POOL,train,map_a_open,-1,0,SCRIPTED:OP6,5,1,1,0,1,240,0.5199999809265137,1,0,0,71,0,0,0,0,0,0,0,0,0,0,0,0,0,0,0,0,105.0,8.729172770182291,1.0,0.0,-0.022611424326896667,0.04999999701976776,0.0,0.0,0.0,0.2465270757675171,map_a,map_a_open,RULESET_V3_M1_OWN_FLAG_HOME,73b77ac3a0efb2c33a4498544c96bb702a656cbbfe17af18ec859c6d6b4c2142,True
957,sappo_pi_A_specialist_1p5M_seed7100001,48532,1225296,598,37,,OP3,OPPONENT_POOL,train,map_a_open,-1,0,SCRIPTED:OP6,5,0,0,0,0,240,0.47999998927116394,1,0,0,12,0,0,0,0,0,0,0,0,0,0,0,0,0,0,0,0,,13.118064371744792,-0.5,0.0,0.008419498801231384,0.04999999701976776,0.0,0.0,0.0,-0.12075663357973099,map_a,map_a_open,RULESET_V3_M1_OWN_FLAG_HOME,73b77ac3a0efb2c33a4498544c96bb702a656cbbfe17af18ec859c6d6b4c2142,True
958,sappo_pi_A_specialist_1p5M_seed7100001,48532,1225376,598,42,,OP3,OPPONENT_POOL,train,map_a_open,-1,0,SCRIPTED:OP6,5,1,1,0,1,240,0.35999998450279236,1,0,0,15,0,0,0,0,0,0,0,0,0,0,0,0,0,0,0,0,42.0,12.347683715820313,1.0,0.0,0.005810156464576721,0.04999999701976776,0.0,0.0,0.0,0.24819472432136536,map_a,map_a_open,RULESET_V3_M1_OWN_FLAG_HOME,73b77ac3a0efb2c33a4498544c96bb702a656cbbfe17af18ec859c6d6b4c2142,True
959,sappo_pi_A_specialist_1p5M_seed7100001,48532,1225488,598,49,,OP3,OPPONENT_POOL,train,map_a_open,-1,0,SCRIPTED:OP6,5,0,0,0,0,240,0.5199999809265137,1,0,0,22,0,0,0,0,0,0,0,0,0,0,0,0,0,0,0,0,,13.207395426432292,-0.5,0.0,0.0010069012641906738,0.04999999701976776,0.0,0.0,0.0,-0.12121313810348511,map_a,map_a_open,RULESET_V3_M1_OWN_FLAG_HOME,73b77ac3a0efb2c33a4498544c96bb702a656cbbfe17af18ec859c6d6b4c2142,True
960,sappo_pi_A_specialist_1p5M_seed7100001,48532,1225520,598,51,,OP3,OPPONENT_POOL,train,map_a_open,-1,0,SCRIPTED:OP6,5,0,0,0,0,240,0.47999998927116394,1,0,0,13,0,0,0,0,0,0,0,0,0,0,0,0,0,0,0,0,,13.271193440755209,-0.5,0.0,-0.01109372079372406,0.04999999701976776,0.0,0.0,-0.004000000189989805,-0.12294325232505798,map_a,map_a_open,RULESET_V3_M1_OWN_FLAG_HOME,73b77ac3a0efb2c33a4498544c96bb702a656cbbfe17af18ec859c6d6b4c2142,True
961,sappo_pi_A_specialist_1p5M_seed7100001,48532,1225616,598,57,,OP3,OPPONENT_POOL,train,map_a_open,-1,0,SCRIPTED:OP6,5,0,0,0,0,240,0.5199999809265137,1,0,0,30,0,0,0,0,0,0,0,0,0,0,0,0,0,0,0,0,,12.06480204264323,-0.5,0.0,-0.013926252722740173,0.04999999701976776,0.0,0.0,-0.004000000189989805,-0.1231176108121872,map_a,map_a_open,RULESET_V3_M1_OWN_FLAG_HOME,73b77ac3a0efb2c33a4498544c96bb702a656cbbfe17af18ec859c6d6b4c2142,True
962,sappo_pi_A_specialist_1p5M_seed7100001,48532,1225712,598,63,,OP3,OPPONENT_POOL,train,map_a_open,-1,0,SCRIPTED:OP6,5,0,0,0,0,240,0.35999998450279236,1,0,0,13,0,0,0,0,0,0,0,0,0,0,0,0,0,0,0,0,,12.814329020182292,-0.5,0.0,0.008658424019813538,0.04999999701976776,0.0,0.0,0.0,-0.12074191868305206,map_a,map_a_open,RULESET_V3_M1_OWN_FLAG_HOME,73b77ac3a0efb2c33a4498544c96bb702a656cbbfe17af18ec859c6d6b4c2142,True
963,sappo_pi_A_specialist_1p5M_seed7100001,48532,1226800,599,3,,OP3,OPPONENT_POOL,train,map_a_open,-1,0,SCRIPTED:OP6,5,1,2,0,2,240,0.3999999761581421,0,4,0,150,0,0,0,0,0,0,0,0,0,0,0,0,0,0,0,0,132.0,3.380775960286458,1.0,0.0,0.017032325267791748,0.0,0.0,0.0,-0.004000000189989805,0.24497930705547333,map_a,map_a_open,RULESET_V3_M1_OWN_FLAG_HOME,73b77ac3a0efb2c33a4498544c96bb702a656cbbfe17af18ec859c6d6b4c2142,True
964,sappo_pi_A_specialist_1p5M_seed7100001,48532,1226960,599,13,,OP3,OPPONENT_POOL,train,map_a_open,-1,0,SCRIPTED:OP6,5,1,1,0,1,240,0.4399999976158142,1,0,0,93,0,0,0,0,0,0,0,0,0,0,0,0,0,0,0,0,105.0,8.113101196289062,1.0,0.0,0.011538207530975342,0.04999999701976776,0.0,0.0,-0.004000000189989805,0.24759218096733093,map_a,map_a_open,RULESET_V3_M1_OWN_FLAG_HOME,73b77ac3a0efb2c33a4498544c96bb702a656cbbfe17af18ec859c6d6b4c2142,True
965,sappo_pi_A_specialist_1p5M_seed7100001,48532,1227488,599,46,,OP3,OPPONENT_POOL,train,map_a_open,-1,0,SCRIPTED:OP6,5,1,2,0,2,240,0.4399999976158142,1,0,0,57,0,0,0,0,0,0,0,0,0,0,0,0,0,0,0,0,90.0,8.286878458658855,1.0,0.0,-0.009340405464172363,0.04999999701976776,0.0,0.0,0.0,0.2473059445619583,map_a,map_a_open,RULESET_V3_M1_OWN_FLAG_HOME,73b77ac3a0efb2c33a4498544c96bb702a656cbbfe17af18ec859c6d6b4c2142,True
966,sappo_pi_A_specialist_1p5M_seed7100001,48532,1227760,599,63,,OP3,OPPONENT_POOL,train,map_a_open,-1,0,SCRIPTED:OP6,5,0,0,0,0,240,0.3999999761581421,1,0,0,10,0,0,0,0,0,0,0,0,0,0,0,0,0,0,0,0,,13.356388346354167,-0.5,0.0,0.009140744805335999,0.04999999701976776,0.0,0.0,0.0,-0.12071221321821213,map_a,map_a_open,RULESET_V3_M1_OWN_FLAG_HOME,73b77ac3a0efb2c33a4498544c96bb702a656cbbfe17af18ec859c6d6b4c2142,True
967,sappo_pi_A_specialist_1p5M_seed7100001,48532,1227776,599,64,,OP3,OPPONENT_POOL,train,map_a_open,-1,0,SCRIPTED:OP6,5,1,2,0,2,240,0.5600000023841858,1,0,0,54,0,0,0,0,0,0,0,0,0,0,0,0,0,0,0,0,54.0,10.126454671223959,1.0,0.0,-0.005548104643821716,0.04999999701976776,0.0,0.0,0.0,0.24752844870090485,map_a,map_a_open,RULESET_V3_M1_OWN_FLAG_HOME,73b77ac3a0efb2c33a4498544c96bb702a656cbbfe17af18ec859c6d6b4c2142,True
968,sappo_pi_A_specialist_1p5M_seed7100001,48532,1228000,599,78,,OP3,OPPONENT_POOL,train,map_a_open,-1,0,SCRIPTED:OP6,5,0,0,0,0,240,0.4399999976158142,1,0,0,25,0,0,0,0,0,0,0,0,0,0,0,0,0,0,0,0,,12.724486287434896,-0.5,0.0,0.004713684320449829,0.04999999701976776,0.0,0.0,0.0,-0.12098485976457596,map_a,map_a_open,RULESET_V3_M1_OWN_FLAG_HOME,73b77ac3a0efb2c33a4498544c96bb702a656cbbfe17af18ec859c6d6b4c2142,True
969,sappo_pi_A_specialist_1p5M_seed7100001,48532,1228128,599,86,,OP3,OPPONENT_POOL,train,map_a_open,-1,0,SCRIPTED:OP6,5,1,2,0,2,240,0.5600000023841858,0,1,0,55,0,0,0,0,0,0,0,0,0,0,0,0,0,0,0,0,53.0,9.1060302734375,1.0,0.0,0.019113048911094666,0.04999999701976776,0.0,0.0,-0.004000000189989805,0.24803654849529266,map_a,map_a_open,RULESET_V3_M1_OWN_FLAG_HOME,73b77ac3a0efb2c33a4498544c96bb702a656cbbfe17af18ec859c6d6b4c2142,True
970,sappo_pi_A_specialist_1p5M_seed7100001,48532,1228192,599,90,,OP3,OPPONENT_POOL,train,map_a_open,-1,0,SCRIPTED:OP6,5,0,0,0,0,240,0.2800000011920929,1,0,0,42,0,0,0,0,0,0,0,0,0,0,0,0,0,0,0,0,,11.037701416015626,-0.5,0.0,0.02740718424320221,0.04999999701976776,0.0,0.0,-0.004000000189989805,-0.12057262659072876,map_a,map_a_open,RULESET_V3_M1_OWN_FLAG_HOME,73b77ac3a0efb2c33a4498544c96bb702a656cbbfe17af18ec859c6d6b4c2142,True
971,sappo_pi_A_specialist_1p5M_seed7100001,48532,1228656,599,119,,OP3,OPPONENT_POOL,train,map_a_open,-1,0,SCRIPTED:OP6,5,1,1,0,1,240,0.5999999642372131,0,1,0,37,0,0,0,0,0,0,0,0,0,0,0,0,0,0,0,0,39.0,11.241035970052083,1.0,0.0,0.01256929337978363,0.04999999701976776,0.0,0.0,-0.004000000189989805,0.24765269458293915,map_a,map_a_open,RULESET_V3_M1_OWN_FLAG_HOME,73b77ac3a0efb2c33a4498544c96bb702a656cbbfe17af18ec859c6d6b4c2142,True
972,sappo_pi_A_specialist_1p5M_seed7100001,48532,1228768,599,126,,OP3,OPPONENT_POOL,train,map_a_open,-1,0,SCRIPTED:OP6,5,0,0,0,0,240,0.47999998927116394,1,0,0,17,0,0,0,0,0,0,0,0,0,0,0,0,0,0,0,0,,12.432666015625,-0.5,0.0,-0.0014688223600387573,0.04999999701976776,0.0,0.0,-0.004000000189989805,-0.12235075235366821,map_a,map_a_open,RULESET_V3_M1_OWN_FLAG_HOME,73b77ac3a0efb2c33a4498544c96bb702a656cbbfe17af18ec859c6d6b4c2142,True
973,sappo_pi_A_specialist_1p5M_seed7100001,48532,1229136,600,21,,OP3,OPPONENT_POOL,train,map_a_open,-1,0,SCRIPTED:OP6,5,0,0,1,-1,240,0.47999998927116394,1,0,0,54,0,0,0,0,0,0,0,0,0,0,0,0,0,0,0,0,51.0,8.928252156575521,-1.0,0.0,-0.012968316674232483,0.04999999701976776,0.0,0.0,0.0,-0.24274177849292755,map_a,map_a_open,RULESET_V3_M1_OWN_FLAG_HOME,73b77ac3a0efb2c33a4498544c96bb702a656cbbfe17af18ec859c6d6b4c2142,True
974,sappo_pi_A_specialist_1p5M_seed7100001,48532,1229216,600,26,,OP3,OPPONENT_POOL,train,map_a_open,-1,0,SCRIPTED:OP6,5,0,0,0,0,240,0.47999998927116394,1,0,0,35,0,0,0,0,0,0,0,0,0,0,0,0,0,0,0,0,,11.898729451497395,-0.5,0.0,0.01649002730846405,0.04999999701976776,0.0,0.0,-0.004000000189989805,-0.12124496698379517,map_a,map_a_open,RULESET_V3_M1_OWN_FLAG_HOME,73b77ac3a0efb2c33a4498544c96bb702a656cbbfe17af18ec859c6d6b4c2142,True
975,sappo_pi_A_specialist_1p5M_seed7100001,48532,1229328,600,33,,OP3,OPPONENT_POOL,train,map_a_open,-1,0,SCRIPTED:OP6,5,1,2,0,2,240,0.47999998927116394,1,0,0,48,0,0,0,0,0,0,0,0,0,0,0,0,0,0,0,0,47.0,9.212898763020833,1.0,0.0,0.005812063813209534,0.04999999701976776,0.0,0.0,0.0,0.2481948435306549,map_a,map_a_open,RULESET_V3_M1_OWN_FLAG_HOME,73b77ac3a0efb2c33a4498544c96bb702a656cbbfe17af18ec859c6d6b4c2142,True
976,sappo_pi_A_specialist_1p5M_seed7100001,48532,1229360,600,35,,OP3,OPPONENT_POOL,train,map_a_open,-1,0,SCRIPTED:OP6,5,1,1,0,1,240,0.4399999976158142,1,0,0,31,0,0,0,0,0,0,0,0,0,0,0,0,0,0,0,0,46.0,11.672489420572917,1.0,0.0,0.014178574085235596,0.04999999701976776,0.0,0.0,-0.004000000189989805,0.24774710834026337,map_a,map_a_open,RULESET_V3_M1_OWN_FLAG_HOME,73b77ac3a0efb2c33a4498544c96bb702a656cbbfe17af18ec859c6d6b4c2142,True
977,sappo_pi_A_specialist_1p5M_seed7100001,48532,1229456,600,41,,OP3,OPPONENT_POOL,train,map_a_open,-1,0,SCRIPTED:OP6,5,1,1,0,1,240,0.2800000011920929,0,1,0,20,0,0,0,0,0,0,0,0,0,0,0,0,0,0,0,0,45.0,11.87342020670573,1.0,0.0,-0.01212356984615326,0.04999999701976776,0.0,0.0,-0.004000000189989805,0.2462034821510315,map_a,map_a_open,RULESET_V3_M1_OWN_FLAG_HOME,73b77ac3a0efb2c33a4498544c96bb702a656cbbfe17af18ec859c6d6b4c2142,True
978,sappo_pi_A_specialist_1p5M_seed7100001,48532,1229552,600,47,,OP3,OPPONENT_POOL,train,map_a_open,-1,0,SCRIPTED:OP6,5,0,2,2,0,240,0.5999999642372131,0,1,0,60,0,0,0,0,0,0,0,0,0,0,0,0,0,0,0,0,67.0,6.3450673421223955,-0.5,0.0,0.010173872113227844,0.04999999701976776,0.0,0.0,-0.004000000189989805,-0.12163390964269638,map_a,map_a_open,RULESET_V3_M1_OWN_FLAG_HOME,73b77ac3a0efb2c33a4498544c96bb702a656cbbfe17af18ec859c6d6b4c2142,True
979,sappo_pi_A_specialist_1p5M_seed7100001,48532,1230640,600,115,,OP3,OPPONENT_POOL,train,map_a_open,-1,0,SCRIPTED:OP6,5,1,1,0,1,240,0.47999998927116394,1,0,0,59,0,0,0,0,0,0,0,0,0,0,0,0,0,0,0,0,33.0,8.875767008463542,1.0,0.0,-0.009836584329605103,0.04999999701976776,0.0,0.0,0.0,0.24727684259414673,map_a,map_a_open,RULESET_V3_M1_OWN_FLAG_HOME,73b77ac3a0efb2c33a4498544c96bb702a656cbbfe17af18ec859c6d6b4c2142,True
980,sappo_pi_A_specialist_1p5M_seed7100001,48532,1230800,600,125,,OP3,OPPONENT_POOL,train,map_a_open,-1,0,SCRIPTED:OP6,5,0,0,0,0,240,0.47999998927116394,1,0,0,8,0,0,0,0,0,0,0,0,0,0,0,0,0,0,0,0,,13.103971354166667,-0.5,0.0,-0.010059729218482971,0.04999999701976776,0.0,0.0,0.0,-0.12189458310604095,map_a,map_a_open,RULESET_V3_M1_OWN_FLAG_HOME,73b77ac3a0efb2c33a4498544c96bb702a656cbbfe17af18ec859c6d6b4c2142,True
981,sappo_pi_A_specialist_1p5M_seed7100001,48532,1231328,601,30,,OP3,OPPONENT_POOL,train,map_a_open,-1,0,SCRIPTED:OP6,5,1,2,0,2,240,0.47999998927116394,0,1,0,76,0,0,0,0,0,0,0,0,0,0,0,0,0,0,0,0,72.0,8.378660074869792,1.0,0.0,-0.008500054478645325,0.04999999701976776,0.0,0.0,0.0,0.24735526740550995,map_a,map_a_open,RULESET_V3_M1_OWN_FLAG_HOME,73b77ac3a0efb2c33a4498544c96bb702a656cbbfe17af18ec859c6d6b4c2142,True
982,sappo_pi_A_specialist_1p5M_seed7100001,48532,1231552,601,44,,OP3,OPPONENT_POOL,train,map_a_open,-1,0,SCRIPTED:OP6,5,1,3,0,3,131,0.5199999809265137,1,0,0,67,0,0,0,0,0,0,0,0,0,0,0,0,0,0,0,0,56.0,4.7671210602039595,1.0,0.5,-0.00915256142616272,0.0,1.0,100.0,0.0,0.5542035102844238,map_a,map_a_open,RULESET_V3_M1_OWN_FLAG_HOME,73b77ac3a0efb2c33a4498544c96bb702a656cbbfe17af18ec859c6d6b4c2142,True
983,sappo_pi_A_specialist_1p5M_seed7100001,48532,1231600,601,47,,OP3,OPPONENT_POOL,train,map_a_open,-1,0,SCRIPTED:OP6,5,1,1,0,1,240,0.3999999761581421,1,0,0,18,0,0,0,0,0,0,0,0,0,0,0,0,0,0,0,0,29.0,12.575918579101563,1.0,0.0,-0.01710602641105652,0.04999999701976776,0.0,0.0,0.0,0.24685023725032806,map_a,map_a_open,RULESET_V3_M1_OWN_FLAG_HOME,73b77ac3a0efb2c33a4498544c96bb702a656cbbfe17af18ec859c6d6b4c2142,True
984,sappo_pi_A_specialist_1p5M_seed7100001,48532,1231616,601,48,,OP3,OPPONENT_POOL,train,map_a_open,-1,0,SCRIPTED:OP6,5,0,0,0,0,240,0.47999998927116394,1,0,0,16,0,0,0,0,0,0,0,0,0,0,0,0,0,0,0,0,,13.091953531901042,-0.5,0.0,-0.014250233769416809,0.04999999701976776,0.0,0.0,0.0,-0.12215258926153183,map_a,map_a_open,RULESET_V3_M1_OWN_FLAG_HOME,73b77ac3a0efb2c33a4498544c96bb702a656cbbfe17af18ec859c6d6b4c2142,True
985,sappo_pi_A_specialist_1p5M_seed7100001,48532,1231840,601,62,,OP3,OPPONENT_POOL,train,map_a_open,-1,0,SCRIPTED:OP6,5,0,0,0,0,240,0.47999998927116394,1,0,0,17,0,0,0,0,0,0,0,0,0,0,0,0,0,0,0,0,,12.675431315104166,-0.5,0.0,-0.008970171213150024,0.04999999701976776,0.0,0.0,-0.004000000189989805,-0.12281253933906555,map_a,map_a_open,RULESET_V3_M1_OWN_FLAG_HOME,73b77ac3a0efb2c33a4498544c96bb702a656cbbfe17af18ec859c6d6b4c2142,True
986,sappo_pi_A_specialist_1p5M_seed7100001,48532,1231968,601,70,,OP3,OPPONENT_POOL,train,map_a_open,-1,0,SCRIPTED:OP6,5,0,0,0,0,240,0.47999998927116394,1,0,0,23,0,0,0,0,0,0,0,0,0,0,0,0,0,0,0,0,,12.886464436848959,-0.5,0.0,-0.00029343366622924805,0.04999999701976776,0.0,0.0,0.0,-0.12129321694374084,map_a,map_a_open,RULESET_V3_M1_OWN_FLAG_HOME,73b77ac3a0efb2c33a4498544c96bb702a656cbbfe17af18ec859c6d6b4c2142,True
987,sappo_pi_A_specialist_1p5M_seed7100001,48532,1232032,601,74,,OP3,OPPONENT_POOL,train,map_a_open,-1,0,SCRIPTED:OP6,5,0,0,0,0,240,0.5600000023841858,0,1,0,31,0,0,0,0,0,0,0,0,0,0,0,0,0,0,0,0,,13.105325317382812,-0.5,0.0,0.003518149256706238,0.04999999701976776,0.0,0.0,-0.004000000189989805,-0.12204371392726898,map_a,map_a_open,RULESET_V3_M1_OWN_FLAG_HOME,73b77ac3a0efb2c33a4498544c96bb702a656cbbfe17af18ec859c6d6b4c2142,True
988,sappo_pi_A_specialist_1p5M_seed7100001,48532,1232496,601,103,,OP3,OPPONENT_POOL,train,map_a_open,-1,0,SCRIPTED:OP6,5,1,1,0,1,240,0.5600000023841858,1,0,0,48,0,0,0,0,0,0,0,0,0,0,0,0,0,0,0,0,76.0,10.402002970377604,1.0,0.0,0.007379859685897827,0.04999999701976776,0.0,0.0,0.0,0.24828679859638214,map_a,map_a_open,RULESET_V3_M1_OWN_FLAG_HOME,73b77ac3a0efb2c33a4498544c96bb702a656cbbfe17af18ec859c6d6b4c2142,True
989,sappo_pi_A_specialist_1p5M_seed7100001,48532,1232608,601,110,,OP3,OPPONENT_POOL,train,map_a_open,-1,0,SCRIPTED:OP6,5,1,2,0,2,240,0.35999998450279236,0,1,0,95,0,0,0,0,0,0,0,0,0,0,0,0,0,0,0,0,57.0,7.060487874348959,1.0,0.0,-0.01839415729045868,0.04999999701976776,0.0,0.0,-0.00800000037997961,0.24489548802375793,map_a,map_a_open,RULESET_V3_M1_OWN_FLAG_HOME,73b77ac3a0efb2c33a4498544c96bb702a656cbbfe17af18ec859c6d6b4c2142,True
990,sappo_pi_A_specialist_1p5M_seed7100001,48532,1232976,602,5,,OP3,OPPONENT_POOL,train,map_a_open,-1,0,SCRIPTED:OP6,5,1,1,0,1,240,0.5999999642372131,0,1,0,62,0,0,0,0,0,0,0,0,0,0,0,0,0,0,0,0,58.0,9.082413736979166,1.0,0.0,-0.00894320011138916,0.04999999701976776,0.0,0.0,-0.004000000189989805,0.2463902086019516,map_a,map_a_open,RULESET_V3_M1_OWN_FLAG_HOME,73b77ac3a0efb2c33a4498544c96bb702a656cbbfe17af18ec859c6d6b4c2142,True
991,sappo_pi_A_specialist_1p5M_seed7100001,48532,1233056,602,10,,OP3,OPPONENT_POOL,train,map_a_open,-1,0,SCRIPTED:OP6,5,0,0,0,0,240,0.5199999809265137,1,0,0,29,0,0,0,0,0,0,0,0,0,0,0,0,0,0,0,0,,12.6642578125,-0.5,0.0,-0.0038420557975769043,0.04999999701976776,0.0,0.0,0.0,-0.12151173502206802,map_a,map_a_open,RULESET_V3_M1_OWN_FLAG_HOME,73b77ac3a0efb2c33a4498544c96bb702a656cbbfe17af18ec859c6d6b4c2142,True
992,sappo_pi_A_specialist_1p5M_seed7100001,48532,1233168,602,17,,OP3,OPPONENT_POOL,train,map_a_open,-1,0,SCRIPTED:OP6,5,1,1,0,1,240,0.5600000023841858,1,0,0,50,0,0,0,0,0,0,0,0,0,0,0,0,0,0,0,0,58.0,9.880853271484375,1.0,0.0,-0.02174285054206848,0.04999999701976776,0.0,0.0,-0.004000000189989805,0.2456386387348175,map_a,map_a_open,RULESET_V3_M1_OWN_FLAG_HOME,73b77ac3a0efb2c33a4498544c96bb702a656cbbfe17af18ec859c6d6b4c2142,True
993,sappo_pi_A_specialist_1p5M_seed7100001,48532,1233200,602,19,,OP3,OPPONENT_POOL,train,map_a_open,-1,0,SCRIPTED:OP6,5,0,0,0,0,240,0.35999998450279236,0,2,0,22,0,0,0,0,0,0,0,0,0,0,0,0,0,0,0,0,,12.778788248697916,-0.5,0.0,0.015707194805145264,0.04999999701976776,0.0,0.0,0.0,-0.12030776590108871,map_a,map_a_open,RULESET_V3_M1_OWN_FLAG_HOME,73b77ac3a0efb2c33a4498544c96bb702a656cbbfe17af18ec859c6d6b4c2142,True
994,sappo_pi_A_specialist_1p5M_seed7100001,48532,1233392,602,31,,OP3,OPPONENT_POOL,train,map_a_open,-1,0,SCRIPTED:OP6,5,0,0,0,0,240,0.3199999928474426,1,0,0,27,0,0,0,0,0,0,0,0,0,0,0,0,0,0,0,0,,11.982424926757812,-0.5,0.0,-0.02148805558681488,0.04999999701976776,0.0,0.0,0.0,-0.12259817868471146,map_a,map_a_open,RULESET_V3_M1_OWN_FLAG_HOME,73b77ac3a0efb2c33a4498544c96bb702a656cbbfe17af18ec859c6d6b4c2142,True
995,sappo_pi_A_specialist_1p5M_seed7100001,48532,1234320,602,89,,OP3,OPPONENT_POOL,train,map_a_open,-1,0,SCRIPTED:OP6,5,1,3,0,3,147,0.47999998927116394,0,1,0,37,0,0,0,0,0,0,0,0,0,0,0,0,0,0,0,0,42.0,4.779113354326105,1.0,0.5,-0.010311663150787354,0.0,1.0,100.0,-0.004000000189989805,0.5534600019454956,map_a,map_a_open,RULESET_V3_M1_OWN_FLAG_HOME,73b77ac3a0efb2c33a4498544c96bb702a656cbbfe17af18ec859c6d6b4c2142,True
996,sappo_pi_A_specialist_1p5M_seed7100001,48532,1234480,602,99,,OP3,OPPONENT_POOL,train,map_a_open,-1,0,SCRIPTED:OP6,5,1,2,1,1,240,0.35999998450279236,0,1,0,104,0,0,0,0,0,0,0,0,0,0,0,0,0,0,0,0,58.0,5.981487528483073,1.0,0.0,-0.006485685706138611,0.029999665915966034,0.0,0.0,0.0,0.246299609541893,map_a,map_a_open,RULESET_V3_M1_OWN_FLAG_HOME,73b77ac3a0efb2c33a4498544c96bb702a656cbbfe17af18ec859c6d6b4c2142,True
997,sappo_pi_A_specialist_1p5M_seed7100001,48532,1234640,602,109,,OP3,OPPONENT_POOL,train,map_a_open,-1,0,SCRIPTED:OP6,5,1,1,0,1,240,0.4399999976158142,1,0,0,70,0,0,0,0,0,0,0,0,0,0,0,0,0,0,0,0,127.0,8.482845560709636,1.0,0.0,-0.00015366077423095703,0.04999999701976776,0.0,0.0,-0.004000000189989805,0.2469061315059662,map_a,map_a_open,RULESET_V3_M1_OWN_FLAG_HOME,73b77ac3a0efb2c33a4498544c96bb702a656cbbfe17af18ec859c6d6b4c2142,True
998,sappo_pi_A_specialist_1p5M_seed7100001,48532,1235168,603,14,,OP3,OPPONENT_POOL,train,map_a_open,-1,0,SCRIPTED:OP6,5,0,0,0,0,240,0.5600000023841858,1,0,0,40,0,0,0,0,0,0,0,0,0,0,0,0,0,0,0,0,,10.82030029296875,-0.5,0.0,-0.009565681219100952,0.04999999701976776,0.0,0.0,-0.004000000189989805,-0.12284919619560242,map_a,map_a_open,RULESET_V3_M1_OWN_FLAG_HOME,73b77ac3a0efb2c33a4498544c96bb702a656cbbfe17af18ec859c6d6b4c2142,True
999,sappo_pi_A_specialist_1p5M_seed7100001,48532,1235392,603,28,,OP3,OPPONENT_POOL,train,map_a_open,-1,0,SCRIPTED:OP6,5,0,0,1,-1,240,0.47999998927116394,1,0,0,16,0,0,0,0,0,0,0,0,0,0,0,0,0,0,0,0,42.0,11.94856465657552,-1.0,0.0,-0.005188211798667908,0.04999999701976776,0.0,0.0,0.0,-0.2422841191291809,map_a,map_a_open,RULESET_V3_M1_OWN_FLAG_HOME,73b77ac3a0efb2c33a4498544c96bb702a656cbbfe17af18ec859c6d6b4c2142,True
1000,sappo_pi_A_specialist_1p5M_seed7100001,48532,1235440,603,31,,OP3,OPPONENT_POOL,train,map_a_open,-1,0,SCRIPTED:OP6,5,0,0,0,0,240,0.5999999642372131,1,0,0,17,0,0,0,0,0,0,0,0,0,0,0,0,0,0,0,0,,12.737408447265626,-0.5,0.0,0.014284804463386536,0.04999999701976776,0.0,0.0,0.0,-0.12039538472890854,map_a,map_a_open,RULESET_V3_M1_OWN_FLAG_HOME,73b77ac3a0efb2c33a4498544c96bb702a656cbbfe17af18ec859c6d6b4c2142,True
1001,sappo_pi_A_specialist_1p5M_seed7100001,48532,1235456,603,32,,OP3,OPPONENT_POOL,train,map_a_open,-1,0,SCRIPTED:OP6,5,0,0,0,0,240,0.3999999761581421,1,0,0,7,0,0,0,0,0,0,0,0,0,0,0,0,0,0,0,0,,13.183725992838541,-0.5,0.0,0.0053642988204956055,0.04999999701976776,0.0,0.0,0.0,-0.1209447979927063,map_a,map_a_open,RULESET_V3_M1_OWN_FLAG_HOME,73b77ac3a0efb2c33a4498544c96bb702a656cbbfe17af18ec859c6d6b4c2142,True
1002,sappo_pi_A_specialist_1p5M_seed7100001,48532,1235680,603,46,,OP3,OPPONENT_POOL,train,map_a_open,-1,0,SCRIPTED:OP6,5,0,0,0,0,240,0.3199999928474426,1,0,0,9,0,0,0,0,0,0,0,0,0,0,0,0,0,0,0,0,,13.025350952148438,-0.5,0.0,0.0032792091369628906,0.04999999701976776,0.0,0.0,0.0,-0.12107320874929428,map_a,map_a_open,RULESET_V3_M1_OWN_FLAG_HOME,73b77ac3a0efb2c33a4498544c96bb702a656cbbfe17af18ec859c6d6b4c2142,True
1003,sappo_pi_A_specialist_1p5M_seed7100001,48532,1235872,603,58,,OP3,OPPONENT_POOL,train,map_a_open,-1,0,SCRIPTED:OP6,5,0,0,1,-1,240,0.5199999809265137,1,0,0,41,0,0,0,0,0,0,0,0,0,0,0,0,0,0,0,0,81.0,10.53620096842448,-1.0,0.0,-0.014175474643707275,0.04999999701976776,0.0,0.0,-0.004000000189989805,-0.243753582239151,map_a,map_a_open,RULESET_V3_M1_OWN_FLAG_HOME,73b77ac3a0efb2c33a4498544c96bb702a656cbbfe17af18ec859c6d6b4c2142,True
1004,sappo_pi_A_specialist_1p5M_seed7100001,48532,1236336,603,87,,OP3,OPPONENT_POOL,train,map_a_open,-1,0,SCRIPTED:OP6,5,0,0,0,0,240,0.3999999761581421,0,2,0,57,0,0,0,0,0,0,0,0,0,0,0,0,0,0,0,0,,9.73307596842448,-0.5,0.0,-0.007615312933921814,0.04999999701976776,0.0,0.0,0.0,-0.1217440813779831,map_a,map_a_open,RULESET_V3_M1_OWN_FLAG_HOME,73b77ac3a0efb2c33a4498544c96bb702a656cbbfe17af18ec859c6d6b4c2142,True
1005,sappo_pi_A_specialist_1p5M_seed7100001,48532,1236448,603,94,,OP3,OPPONENT_POOL,train,map_a_open,-1,0,SCRIPTED:OP6,5,1,1,0,1,240,0.35999998450279236,0,2,0,96,0,0,0,0,0,0,0,0,0,0,0,0,0,0,0,0,150.0,6.501252237955729,1.0,0.0,-0.006783425807952881,0.04999999701976776,0.0,0.0,-0.00800000037997961,0.24557752907276154,map_a,map_a_open,RULESET_V3_M1_OWN_FLAG_HOME,73b77ac3a0efb2c33a4498544c96bb702a656cbbfe17af18ec859c6d6b4c2142,True
1006,sappo_pi_A_specialist_1p5M_seed7100001,48532,1236816,603,117,,OP3,OPPONENT_POOL,train,map_a_open,-1,0,SCRIPTED:OP6,5,1,1,0,1,240,0.5199999809265137,1,0,0,27,0,0,0,0,0,0,0,0,0,0,0,0,0,0,0,0,56.0,11.57811787923177,1.0,0.0,0.01628531515598297,0.04999999701976776,0.0,0.0,-0.004000000189989805,0.24787068367004395,map_a,map_a_open,RULESET_V3_M1_OWN_FLAG_HOME,73b77ac3a0efb2c33a4498544c96bb702a656cbbfe17af18ec859c6d6b4c2142,True
1007,sappo_pi_A_specialist_1p5M_seed7100001,48532,1236896,603,122,,OP3,OPPONENT_POOL,train,map_a_open,-1,0,SCRIPTED:OP6,5,0,0,0,0,240,0.47999998927116394,1,0,0,17,0,0,0,0,0,0,0,0,0,0,0,0,0,0,0,0,,12.39896240234375,-0.5,0.0,-0.003816172480583191,0.04999999701976776,0.0,0.0,-0.004000000189989805,-0.12249525636434555,map_a,map_a_open,RULESET_V3_M1_OWN_FLAG_HOME,73b77ac3a0efb2c33a4498544c96bb702a656cbbfe17af18ec859c6d6b4c2142,True
1008,sappo_pi_A_specialist_1p5M_seed7100001,48532,1237008,604,1,,OP3,OPPONENT_POOL,train,map_a_open,-1,0,SCRIPTED:OP6,5,0,0,0,0,240,0.47999998927116394,1,0,0,15,0,0,0,0,0,0,0,0,0,0,0,0,0,0,0,0,,12.965453084309896,-0.5,0.0,0.004747748374938965,0.04999999701976776,0.0,0.0,-0.004000000189989805,-0.12196801602840424,map_a,map_a_open,RULESET_V3_M1_OWN_FLAG_HOME,73b77ac3a0efb2c33a4498544c96bb702a656cbbfe17af18ec859c6d6b4c2142,True
1009,sappo_pi_A_specialist_1p5M_seed7100001,48532,1237040,604,3,,OP3,OPPONENT_POOL,train,map_a_open,-1,0,SCRIPTED:OP6,5,1,1,0,1,240,0.4399999976158142,1,0,0,22,0,0,0,0,0,0,0,0,0,0,0,0,0,0,0,0,46.0,12.099988810221355,1.0,0.0,-0.007713451981544495,0.04999999701976776,0.0,0.0,-0.004000000189989805,0.2464623898267746,map_a,map_a_open,RULESET_V3_M1_OWN_FLAG_HOME,73b77ac3a0efb2c33a4498544c96bb702a656cbbfe17af18ec859c6d6b4c2142,True
1010,sappo_pi_A_specialist_1p5M_seed7100001,48532,1237184,604,12,,OP3,OPPONENT_POOL,train,map_a_open,-1,0,SCRIPTED:OP6,5,1,3,0,3,169,0.4399999976158142,1,0,0,71,0,0,0,0,0,0,0,0,0,0,0,0,0,0,0,0,67.0,4.4024188701923075,1.0,0.5,-0.009951680898666382,0.0,1.0,100.0,-0.00800000037997961,0.5527815818786621,map_a,map_a_open,RULESET_V3_M1_OWN_FLAG_HOME,73b77ac3a0efb2c33a4498544c96bb702a656cbbfe17af18ec859c6d6b4c2142,True
1011,sappo_pi_A_specialist_1p5M_seed7100001,48532,1237232,604,15,,OP3,OPPONENT_POOL,train,map_a_open,-1,0,SCRIPTED:OP6,5,1,1,0,1,240,0.5999999642372131,1,0,0,36,0,0,0,0,0,0,0,0,0,0,0,0,0,0,0,0,33.0,10.036468505859375,1.0,0.0,0.011179417371749878,0.04999999701976776,0.0,0.0,0.0,0.24850963056087494,map_a,map_a_open,RULESET_V3_M1_OWN_FLAG_HOME,73b77ac3a0efb2c33a4498544c96bb702a656cbbfe17af18ec859c6d6b4c2142,True
1012,sappo_pi_A_specialist_1p5M_seed7100001,48532,1238160,604,73,,OP3,OPPONENT_POOL,train,map_a_open,-1,0,SCRIPTED:OP6,5,1,1,0,1,240,0.5999999642372131,1,0,0,17,0,0,0,0,0,0,0,0,0,0,0,0,0,0,0,0,32.0,12.332131958007812,1.0,0.0,-0.004006505012512207,0.04999999701976776,0.0,0.0,-0.004000000189989805,0.24667999148368835,map_a,map_a_open,RULESET_V3_M1_OWN_FLAG_HOME,73b77ac3a0efb2c33a4498544c96bb702a656cbbfe17af18ec859c6d6b4c2142,True
1013,sappo_pi_A_specialist_1p5M_seed7100001,48532,1238480,604,93,,OP3,OPPONENT_POOL,train,map_a_open,-1,0,SCRIPTED:OP6,5,1,2,0,2,240,0.4399999976158142,1,0,0,36,0,0,0,0,0,0,0,0,0,0,0,0,0,0,0,0,47.0,10.144202677408854,1.0,0.0,0.0066742002964019775,0.04999999701976776,0.0,0.0,0.0,0.24824540317058563,map_a,map_a_open,RULESET_V3_M1_OWN_FLAG_HOME,73b77ac3a0efb2c33a4498544c96bb702a656cbbfe17af18ec859c6d6b4c2142,True
1014,sappo_pi_A_specialist_1p5M_seed7100001,48532,1239008,604,126,,OP3,OPPONENT_POOL,train,map_a_open,-1,0,SCRIPTED:OP6,5,0,0,0,0,240,0.5600000023841858,1,0,0,18,0,0,0,0,0,0,0,0,0,0,0,0,0,0,0,0,,12.62043965657552,-0.5,0.0,-0.005765542387962341,0.04999999701976776,0.0,0.0,-0.004000000189989805,-0.1226152628660202,map_a,map_a_open,RULESET_V3_M1_OWN_FLAG_HOME,73b77ac3a0efb2c33a4498544c96bb702a656cbbfe17af18ec859c6d6b4c2142,True
1015,sappo_pi_A_specialist_1p5M_seed7100001,48532,1239232,605,12,,OP3,OPPONENT_POOL,train,map_a_open,-1,0,SCRIPTED:OP6,5,0,0,0,0,240,0.47999998927116394,1,0,0,6,0,0,0,0,0,0,0,0,0,0,0,0,0,0,0,0,,13.55516866048177,-0.5,0.0,0.021086156368255615,0.04999999701976776,0.0,0.0,0.0,-0.11997643858194351,map_a,map_a_open,RULESET_V3_M1_OWN_FLAG_HOME,73b77ac3a0efb2c33a4498544c96bb702a656cbbfe17af18ec859c6d6b4c2142,True
1016,sappo_pi_A_specialist_1p5M_seed7100001,48532,1239280,605,15,,OP3,OPPONENT_POOL,train,map_a_open,-1,0,SCRIPTED:OP6,5,1,2,0,2,240,0.5999999642372131,1,0,0,24,0,0,0,0,0,0,0,0,0,0,0,0,0,0,0,0,48.0,10.735015869140625,1.0,0.0,-0.001053139567375183,0.04999999701976776,0.0,0.0,0.0,0.24779216945171356,map_a,map_a_open,RULESET_V3_M1_OWN_FLAG_HOME,73b77ac3a0efb2c33a4498544c96bb702a656cbbfe17af18ec859c6d6b4c2142,True
1017,sappo_pi_A_specialist_1p5M_seed7100001,48532,1239296,605,16,,OP3,OPPONENT_POOL,train,map_a_open,-1,0,SCRIPTED:OP6,5,0,0,0,0,240,0.4399999976158142,1,0,0,12,0,0,0,0,0,0,0,0,0,0,0,0,0,0,0,0,,13.120574951171875,-0.5,0.0,0.0030494481325149536,0.04999999701976776,0.0,0.0,-0.004000000189989805,-0.12207257747650146,map_a,map_a_open,RULESET_V3_M1_OWN_FLAG_HOME,73b77ac3a0efb2c33a4498544c96bb702a656cbbfe17af18ec859c6d6b4c2142,True
1018,sappo_pi_A_specialist_1p5M_seed7100001,48532,1239520,605,30,,OP3,OPPONENT_POOL,train,map_a_open,-1,0,SCRIPTED:OP6,5,0,0,0,0,240,0.5600000023841858,1,0,0,45,0,0,0,0,0,0,0,0,0,0,0,0,0,0,0,0,,10.31386006673177,-0.5,0.0,-0.017540782690048218,0.04999999701976776,0.0,0.0,-0.004000000189989805,-0.12334008514881134,map_a,map_a_open,RULESET_V3_M1_OWN_FLAG_HOME,73b77ac3a0efb2c33a4498544c96bb702a656cbbfe17af18ec859c6d6b4c2142,True
1019,sappo_pi_A_specialist_1p5M_seed7100001,48532,1239712,605,42,,OP3,OPPONENT_POOL,train,map_a_open,-1,0,SCRIPTED:OP6,5,1,1,0,1,240,0.3999999761581421,1,0,0,11,0,0,0,0,0,0,0,0,0,0,0,0,0,0,0,0,43.0,12.190729777018229,1.0,0.0,-0.0075959861278533936,0.04999999701976776,0.0,0.0,0.0,0.24740831553936005,map_a,map_a_open,RULESET_V3_M1_OWN_FLAG_HOME,73b77ac3a0efb2c33a4498544c96bb702a656cbbfe17af18ec859c6d6b4c2142,True
1020,sappo_pi_A_specialist_1p5M_seed7100001,48532,1240176,605,71,,OP3,OPPONENT_POOL,train,map_a_open,-1,0,SCRIPTED:OP6,5,0,1,1,0,240,0.5600000023841858,0,1,0,32,0,0,0,0,0,0,0,0,0,0,0,0,0,0,0,0,41.0,11.16021016438802,-0.5,0.0,-0.004429325461387634,0.04999999701976776,0.0,0.0,0.0,-0.12154790014028549,map_a,map_a_open,RULESET_V3_M1_OWN_FLAG_HOME,73b77ac3a0efb2c33a4498544c96bb702a656cbbfe17af18ec859c6d6b4c2142,True
1021,sappo_pi_A_specialist_1p5M_seed7100001,48532,1240288,605,78,,OP3,OPPONENT_POOL,train,map_a_open,-1,0,SCRIPTED:OP6,5,0,0,0,0,240,0.3999999761581421,1,0,0,10,0,0,0,0,0,0,0,0,0,0,0,0,0,0,0,0,,13.206995646158854,-0.5,0.0,0.007826283574104309,0.04999999701976776,0.0,0.0,-0.004000000189989805,-0.1217784583568573,map_a,map_a_open,RULESET_V3_M1_OWN_FLAG_HOME,73b77ac3a0efb2c33a4498544c96bb702a656cbbfe17af18ec859c6d6b4c2142,True
1022,sappo_pi_A_specialist_1p5M_seed7100001,48532,1240656,605,101,,OP3,OPPONENT_POOL,train,map_a_open,-1,0,SCRIPTED:OP6,5,0,0,0,0,240,0.5199999809265137,0,1,0,43,0,0,0,0,0,0,0,0,0,0,0,0,0,0,0,0,,11.827224731445312,-0.5,0.0,0.0006844252347946167,0.04999999701976776,0.0,0.0,0.0,-0.12123299390077591,map_a,map_a_open,RULESET_V3_M1_OWN_FLAG_HOME,73b77ac3a0efb2c33a4498544c96bb702a656cbbfe17af18ec859c6d6b4c2142,True
1023,sappo_pi_A_specialist_1p5M_seed7100001,48532,1240736,605,106,,OP3,OPPONENT_POOL,train,map_a_open,-1,0,SCRIPTED:OP6,5,1,2,0,2,240,0.6399999856948853,0,2,0,162,0,0,0,0,0,0,0,0,0,0,0,0,0,0,0,0,72.0,4.114316813151041,1.0,0.0,0.016224652528762817,0.0,0.0,0.0,-0.004000000189989805,0.24493184685707092,map_a,map_a_open,RULESET_V3_M1_OWN_FLAG_HOME,73b77ac3a0efb2c33a4498544c96bb702a656cbbfe17af18ec859c6d6b4c2142,True
1024,sappo_pi_A_specialist_1p5M_seed7100001,48532,1240848,605,113,,OP3,OPPONENT_POOL,train,map_a_open,-1,0,SCRIPTED:OP6,5,0,0,0,0,240,0.5199999809265137,1,0,0,21,0,0,0,0,0,0,0,0,0,0,0,0,0,0,0,0,,13.28062032063802,-0.5,0.0,0.00207500159740448,0.04999999701976776,0.0,0.0,0.0,-0.12114736437797546,map_a,map_a_open,RULESET_V3_M1_OWN_FLAG_HOME,73b77ac3a0efb2c33a4498544c96bb702a656cbbfe17af18ec859c6d6b4c2142,True
1025,sappo_pi_A_specialist_1p5M_seed7100001,48532,1240880,605,115,,OP3,OPPONENT_POOL,train,map_a_open,-1,0,SCRIPTED:OP6,5,0,0,0,0,240,0.5199999809265137,1,0,0,12,0,0,0,0,0,0,0,0,0,0,0,0,0,0,0,0,,13.167678833007812,-0.5,0.0,-0.009110316634178162,0.04999999701976776,0.0,0.0,0.0,-0.12183612585067749,map_a,map_a_open,RULESET_V3_M1_OWN_FLAG_HOME,73b77ac3a0efb2c33a4498544c96bb702a656cbbfe17af18ec859c6d6b4c2142,True
1026,sappo_pi_A_specialist_1p5M_seed7100001,48532,1241024,605,124,,OP3,OPPONENT_POOL,train,map_a_open,-1,0,SCRIPTED:OP6,5,0,0,1,-1,240,0.4399999976158142,0,1,0,45,0,0,0,0,0,0,0,0,0,0,0,0,0,0,0,0,84.0,10.130440266927083,-1.0,0.0,-0.010418727993965149,0.04999999701976776,0.0,0.0,-0.004000000189989805,-0.2435327172279358,map_a,map_a_open,RULESET_V3_M1_OWN_FLAG_HOME,73b77ac3a0efb2c33a4498544c96bb702a656cbbfe17af18ec859c6d6b4c2142,True
1027,sappo_pi_A_specialist_1p5M_seed7100001,48532,1241072,605,127,,OP3,OPPONENT_POOL,train,map_a_open,-1,0,SCRIPTED:OP6,5,1,2,0,2,240,0.5999999642372131,1,0,0,50,0,0,0,0,0,0,0,0,0,0,0,0,0,0,0,0,70.0,8.951540120442708,1.0,0.0,0.002219483256340027,0.04999999701976776,0.0,0.0,0.0,0.2479841262102127,map_a,map_a_open,RULESET_V3_M1_OWN_FLAG_HOME,73b77ac3a0efb2c33a4498544c96bb702a656cbbfe17af18ec859c6d6b4c2142,True
1028,sappo_pi_A_specialist_1p5M_seed7100001,48532,1242000,606,57,,OP3,OPPONENT_POOL,train,map_a_open,-1,0,SCRIPTED:OP6,5,1,1,0,1,240,0.4399999976158142,1,0,0,34,0,0,0,0,0,0,0,0,0,0,0,0,0,0,0,0,57.0,10.874561564127605,1.0,0.0,0.014194890856742859,0.04999999701976776,0.0,0.0,-0.004000000189989805,0.24774804711341858,map_a,map_a_open,RULESET_V3_M1_OWN_FLAG_HOME,73b77ac3a0efb2c33a4498544c96bb702a656cbbfe17af18ec859c6d6b4c2142,True
1029,sappo_pi_A_specialist_1p5M_seed7100001,48532,1242320,606,77,,OP3,OPPONENT_POOL,train,map_a_open,-1,0,SCRIPTED:OP6,5,1,2,0,2,240,0.4399999976158142,1,0,0,50,0,0,0,0,0,0,0,0,0,0,0,0,0,0,0,0,52.0,9.223567708333333,1.0,0.0,-0.021668508648872375,0.04999999701976776,0.0,0.0,-0.00800000037997961,0.24470311403274536,map_a,map_a_open,RULESET_V3_M1_OWN_FLAG_HOME,73b77ac3a0efb2c33a4498544c96bb702a656cbbfe17af18ec859c6d6b4c2142,True
1030,sappo_pi_A_specialist_1p5M_seed7100001,48532,1242848,606,110,,OP3,OPPONENT_POOL,train,map_a_open,-1,0,SCRIPTED:OP6,5,0,0,0,0,240,0.4399999976158142,1,0,0,19,0,0,0,0,0,0,0,0,0,0,0,0,0,0,0,0,,12.099606323242188,-0.5,0.0,0.012626111507415771,0.04999999701976776,0.0,0.0,0.0,-0.12049754709005356,map_a,map_a_open,RULESET_V3_M1_OWN_FLAG_HOME,73b77ac3a0efb2c33a4498544c96bb702a656cbbfe17af18ec859c6d6b4c2142,True
1031,sappo_pi_A_specialist_1p5M_seed7100001,48532,1243072,606,124,,OP3,OPPONENT_POOL,train,map_a_open,-1,0,SCRIPTED:OP6,5,1,1,0,1,240,0.5199999809265137,1,0,0,25,0,0,0,0,0,0,0,0,0,0,0,0,0,0,0,0,57.0,11.467191569010417,1.0,0.0,-0.0060111284255981445,0.04999999701976776,0.0,0.0,0.0,0.24750128388404846,map_a,map_a_open,RULESET_V3_M1_OWN_FLAG_HOME,73b77ac3a0efb2c33a4498544c96bb702a656cbbfe17af18ec859c6d6b4c2142,True
1032,sappo_pi_A_specialist_1p5M_seed7100001,48532,1243120,606,127,,OP3,OPPONENT_POOL,train,map_a_open,-1,0,SCRIPTED:OP6,5,1,1,0,1,240,0.5199999809265137,1,0,0,13,0,0,0,0,0,0,0,0,0,0,0,0,0,0,0,0,45.0,11.89503885904948,1.0,0.0,-0.0028237998485565186,0.04999999701976776,0.0,0.0,0.0,0.24768829345703125,map_a,map_a_open,RULESET_V3_M1_OWN_FLAG_HOME,73b77ac3a0efb2c33a4498544c96bb702a656cbbfe17af18ec859c6d6b4c2142,True
1033,sappo_pi_A_specialist_1p5M_seed7100001,48532,1243136,606,128,,OP3,OPPONENT_POOL,train,map_a_open,-1,0,SCRIPTED:OP6,5,0,0,0,0,240,0.35999998450279236,1,0,0,9,0,0,0,0,0,0,0,0,0,0,0,0,0,0,0,0,,12.649822998046876,-0.5,0.0,-0.006592586636543274,0.04999999701976776,0.0,0.0,0.0,-0.1216811016201973,map_a,map_a_open,RULESET_V3_M1_OWN_FLAG_HOME,73b77ac3a0efb2c33a4498544c96bb702a656cbbfe17af18ec859c6d6b4c2142,True
1034,sappo_pi_A_specialist_1p5M_seed7100001,48532,1243360,607,14,,OP3,OPPONENT_POOL,train,map_a_open,-1,0,SCRIPTED:OP6,5,0,1,1,0,240,0.47999998927116394,1,0,0,29,0,0,0,0,0,0,0,0,0,0,0,0,0,0,0,0,64.0,9.762740071614584,-0.5,0.0,-0.0062822699546813965,0.04999999701976776,0.0,0.0,-0.004000000189989805,-0.12264707684516907,map_a,map_a_open,RULESET_V3_M1_OWN_FLAG_HOME,73b77ac3a0efb2c33a4498544c96bb702a656cbbfe17af18ec859c6d6b4c2142,True
1035,sappo_pi_A_specialist_1p5M_seed7100001,48532,1243552,607,26,,OP3,OPPONENT_POOL,train,map_a_open,-1,0,SCRIPTED:OP6,5,1,1,0,1,240,0.6399999856948853,0,2,0,52,0,0,0,0,0,0,0,0,0,0,0,0,0,0,0,0,81.0,9.577573649088542,1.0,0.0,-0.006059378385543823,0.04999999701976776,0.0,0.0,-0.00800000037997961,0.24562004208564758,map_a,map_a_open,RULESET_V3_M1_OWN_FLAG_HOME,73b77ac3a0efb2c33a4498544c96bb702a656cbbfe17af18ec859c6d6b4c2142,True
1036,sappo_pi_A_specialist_1p5M_seed7100001,48532,1244016,607,55,,OP3,OPPONENT_POOL,train,map_a_open,-1,0,SCRIPTED:OP6,5,0,0,0,0,240,0.5999999642372131,1,0,0,8,0,0,0,0,0,0,0,0,0,0,0,0,0,0,0,0,,12.768141682942709,-0.5,0.0,-0.017676591873168945,0.014999858103692532,0.0,0.0,0.0,-0.12451771646738052,map_a,map_a_open,RULESET_V3_M1_OWN_FLAG_HOME,73b77ac3a0efb2c33a4498544c96bb702a656cbbfe17af18ec859c6d6b4c2142,True
1037,sappo_pi_A_specialist_1p5M_seed7100001,48532,1244128,607,62,,OP3,OPPONENT_POOL,train,map_a_open,-1,0,SCRIPTED:OP6,5,1,1,0,1,240,0.35999998450279236,1,0,0,81,0,0,0,0,0,0,0,0,0,0,0,0,0,0,0,0,113.0,8.346127319335938,1.0,0.0,0.0071334391832351685,0.04999999701976776,0.0,0.0,-0.00800000037997961,0.24639467895030975,map_a,map_a_open,RULESET_V3_M1_OWN_FLAG_HOME,73b77ac3a0efb2c33a4498544c96bb702a656cbbfe17af18ec859c6d6b4c2142,True
1038,sappo_pi_A_specialist_1p5M_seed7100001,48532,1244496,607,85,,OP3,OPPONENT_POOL,train,map_a_open,-1,0,SCRIPTED:OP6,5,0,0,0,0,240,0.5199999809265137,1,0,0,19,0,0,0,0,0,0,0,0,0,0,0,0,0,0,0,0,,12.849649047851562,-0.5,0.0,0.020755469799041748,0.04999999701976776,0.0,0.0,0.0,-0.1199968084692955,map_a,map_a_open,RULESET_V3_M1_OWN_FLAG_HOME,73b77ac3a0efb2c33a4498544c96bb702a656cbbfe17af18ec859c6d6b4c2142,True
1039,sappo_pi_A_specialist_1p5M_seed7100001,48532,1244576,607,90,,OP3,OPPONENT_POOL,train,map_a_open,-1,0,SCRIPTED:OP6,5,0,0,1,-1,240,0.5999999642372131,1,0,0,98,0,0,0,0,0,0,0,0,0,0,0,0,0,0,0,0,116.0,7.3504892985026045,-1.0,0.0,0.009147807955741882,0.04999999701976776,0.0,0.0,-0.004000000189989805,-0.2423820048570633,map_a,map_a_open,RULESET_V3_M1_OWN_FLAG_HOME,73b77ac3a0efb2c33a4498544c96bb702a656cbbfe17af18ec859c6d6b4c2142,True
1040,sappo_pi_A_specialist_1p5M_seed7100001,48532,1244688,607,97,,OP3,OPPONENT_POOL,train,map_a_open,-1,0,SCRIPTED:OP6,5,1,2,0,2,240,0.5600000023841858,1,0,0,112,0,0,0,0,0,0,0,0,0,0,0,0,0,0,0,0,61.0,5.160469055175781,1.0,0.0,0.0024039745330810547,0.04999999701976776,0.0,0.0,-0.004000000189989805,0.24705623090267181,map_a,map_a_open,RULESET_V3_M1_OWN_FLAG_HOME,73b77ac3a0efb2c33a4498544c96bb702a656cbbfe17af18ec859c6d6b4c2142,True
1041,sappo_pi_A_specialist_1p5M_seed7100001,48532,1244720,607,99,,OP3,OPPONENT_POOL,train,map_a_open,-1,0,SCRIPTED:OP6,5,1,1,0,1,240,0.47999998927116394,1,0,0,29,0,0,0,0,0,0,0,0,0,0,0,0,0,0,0,0,33.0,10.164207967122396,1.0,0.0,-0.0012205839157104492,0.04999999701976776,0.0,0.0,0.0,0.24778234958648682,map_a,map_a_open,RULESET_V3_M1_OWN_FLAG_HOME,73b77ac3a0efb2c33a4498544c96bb702a656cbbfe17af18ec859c6d6b4c2142,True
1042,sappo_pi_A_specialist_1p5M_seed7100001,48532,1244864,607,108,,OP3,OPPONENT_POOL,train,map_a_open,-1,0,SCRIPTED:OP6,5,0,0,0,0,240,0.47999998927116394,0,1,0,26,0,0,0,0,0,0,0,0,0,0,0,0,0,0,0,0,,11.913053385416667,-0.5,0.0,-0.0016882717609405518,0.04999999701976776,0.0,0.0,0.0,-0.12137910723686218,map_a,map_a_open,RULESET_V3_M1_OWN_FLAG_HOME,73b77ac3a0efb2c33a4498544c96bb702a656cbbfe17af18ec859c6d6b4c2142,True
1043,sappo_pi_A_specialist_1p5M_seed7100001,48532,1244912,607,111,,OP3,OPPONENT_POOL,train,map_a_open,-1,0,SCRIPTED:OP6,5,0,0,0,0,240,0.5199999809265137,1,0,0,10,0,0,0,0,0,0,0,0,0,0,0,0,0,0,0,0,,12.771212768554687,-0.5,0.0,-0.01125122606754303,0.04999999701976776,0.0,0.0,-0.004000000189989805,-0.12295295298099518,map_a,map_a_open,RULESET_V3_M1_OWN_FLAG_HOME,73b77ac3a0efb2c33a4498544c96bb702a656cbbfe17af18ec859c6d6b4c2142,True
1044,sappo_pi_A_specialist_1p5M_seed7100001,48532,1245840,608,41,,OP3,OPPONENT_POOL,train,map_a_open,-1,0,SCRIPTED:OP6,5,0,0,0,0,240,0.5199999809265137,1,0,0,17,0,0,0,0,0,0,0,0,0,0,0,0,0,0,0,0,,13.290552775065104,-0.5,0.0,0.0014486610889434814,0.04999999701976776,0.0,0.0,-0.004000000189989805,-0.12217112630605698,map_a,map_a_open,RULESET_V3_M1_OWN_FLAG_HOME,73b77ac3a0efb2c33a4498544c96bb702a656cbbfe17af18ec859c6d6b4c2142,True
1045,sappo_pi_A_specialist_1p5M_seed7100001,48532,1246160,608,61,,OP3,OPPONENT_POOL,train,map_a_open,-1,0,SCRIPTED:OP6,5,0,0,0,0,240,0.6399999856948853,1,0,0,24,0,0,0,0,0,0,0,0,0,0,0,0,0,0,0,0,,11.775372314453126,-0.5,0.0,-0.015875130891799927,0.04999999701976776,0.0,0.0,0.0,-0.12225262820720673,map_a,map_a_open,RULESET_V3_M1_OWN_FLAG_HOME,73b77ac3a0efb2c33a4498544c96bb702a656cbbfe17af18ec859c6d6b4c2142,True
1046,sappo_pi_A_specialist_1p5M_seed7100001,48532,1246320,608,71,,OP3,OPPONENT_POOL,train,map_a_open,-1,0,SCRIPTED:OP6,5,1,3,0,3,144,0.5999999642372131,1,0,0,83,0,0,0,0,0,0,0,0,0,0,0,0,0,0,0,0,56.0,3.9247974819607205,1.0,0.5,-0.00868678092956543,0.0,1.0,100.0,0.0,0.5542236566543579,map_a,map_a_open,RULESET_V3_M1_OWN_FLAG_HOME,73b77ac3a0efb2c33a4498544c96bb702a656cbbfe17af18ec859c6d6b4c2142,True
1047,sappo_pi_A_specialist_1p5M_seed7100001,48532,1246688,608,94,,OP3,OPPONENT_POOL,train,map_a_open,-1,0,SCRIPTED:OP6,5,1,1,0,1,240,0.47999998927116394,1,0,0,15,0,0,0,0,0,0,0,0,0,0,0,0,0,0,0,0,41.0,11.91941426595052,1.0,0.0,-0.0026818811893463135,0.04999999701976776,0.0,0.0,0.0,0.24769660830497742,map_a,map_a_open,RULESET_V3_M1_OWN_FLAG_HOME,73b77ac3a0efb2c33a4498544c96bb702a656cbbfe17af18ec859c6d6b4c2142,True
1048,sappo_pi_A_specialist_1p5M_seed7100001,48532,1246912,608,108,,OP3,OPPONENT_POOL,train,map_a_open,-1,0,SCRIPTED:OP6,5,0,0,1,-1,240,0.47999998927116394,1,0,0,20,0,0,0,0,0,0,0,0,0,0,0,0,0,0,0,0,42.0,12.17213134765625,-1.0,0.0,-0.013612940907478333,0.04999999701976776,0.0,0.0,0.0,-0.2427797019481659,map_a,map_a_open,RULESET_V3_M1_OWN_FLAG_HOME,73b77ac3a0efb2c33a4498544c96bb702a656cbbfe17af18ec859c6d6b4c2142,True
1049,sappo_pi_A_specialist_1p5M_seed7100001,48532,1246960,608,111,,OP3,OPPONENT_POOL,train,map_a_open,-1,0,SCRIPTED:OP6,5,1,1,0,1,240,0.4399999976158142,1,0,0,10,0,0,0,0,0,0,0,0,0,0,0,0,0,0,0,0,46.0,12.006362915039062,1.0,0.0,0.004096090793609619,0.04999999701976776,0.0,0.0,0.0,0.24809421598911285,map_a,map_a_open,RULESET_V3_M1_OWN_FLAG_HOME,73b77ac3a0efb2c33a4498544c96bb702a656cbbfe17af18ec859c6d6b4c2142,True
1050,sappo_pi_A_specialist_1p5M_seed7100001,48532,1246976,608,112,,OP3,OPPONENT_POOL,train,map_a_open,-1,0,SCRIPTED:OP6,5,0,1,1,0,240,0.5600000023841858,1,0,0,34,0,0,0,0,0,0,0,0,0,0,0,0,0,0,0,0,47.0,10.442683919270833,-0.5,0.0,0.016884297132492065,0.04999999701976776,0.0,0.0,-0.004000000189989805,-0.12122069299221039,map_a,map_a_open,RULESET_V3_M1_OWN_FLAG_HOME,73b77ac3a0efb2c33a4498544c96bb702a656cbbfe17af18ec859c6d6b4c2142,True
1051,sappo_pi_A_specialist_1p5M_seed7100001,48532,1247200,608,126,,OP3,OPPONENT_POOL,train,map_a_open,-1,0,SCRIPTED:OP6,5,1,2,0,2,240,0.3999999761581421,1,0,0,105,0,0,0,0,0,0,0,0,0,0,0,0,0,0,0,0,68.0,7.176056925455729,1.0,0.0,-0.013795554637908936,0.04999999701976776,0.0,0.0,0.0,0.24704450368881226,map_a,map_a_open,RULESET_V3_M1_OWN_FLAG_HOME,73b77ac3a0efb2c33a4498544c96bb702a656cbbfe17af18ec859c6d6b4c2142,True
1052,sappo_pi_A_specialist_1p5M_seed7100001,48532,1247392,609,10,,OP3,OPPONENT_POOL,train,map_a_open,-1,0,SCRIPTED:OP6,5,0,0,0,0,240,0.6399999856948853,0,1,0,29,0,0,0,0,0,0,0,0,0,0,0,0,0,0,0,0,,12.344622802734374,-0.5,0.0,-0.004381954669952393,0.04999999701976776,0.0,0.0,-0.004000000189989805,-0.12253008782863617,map_a,map_a_open,RULESET_V3_M1_OWN_FLAG_HOME,73b77ac3a0efb2c33a4498544c96bb702a656cbbfe17af18ec859c6d6b4c2142,True
1053,sappo_pi_A_specialist_1p5M_seed7100001,48532,1247968,609,46,,OP3,OPPONENT_POOL,train,map_a_open,-1,0,SCRIPTED:OP6,5,1,1,0,1,240,0.47999998927116394,1,0,0,31,0,0,0,0,0,0,0,0,0,0,0,0,0,0,0,0,42.0,11.75404561360677,1.0,0.0,-0.0025029927492141724,0.04999999701976776,0.0,0.0,-0.004000000189989805,0.24676823616027832,map_a,map_a_open,RULESET_V3_M1_OWN_FLAG_HOME,73b77ac3a0efb2c33a4498544c96bb702a656cbbfe17af18ec859c6d6b4c2142,True
1054,sappo_pi_A_specialist_1p5M_seed7100001,48532,1248336,609,69,,OP3,OPPONENT_POOL,train,map_a_open,-1,0,SCRIPTED:OP6,5,0,0,0,0,240,0.6399999856948853,1,0,0,34,0,0,0,0,0,0,0,0,0,0,0,0,0,0,0,0,,11.306696573893229,-0.5,0.0,-0.0034043043851852417,0.04999999701976776,0.0,0.0,0.0,-0.12148477882146835,map_a,map_a_open,RULESET_V3_M1_OWN_FLAG_HOME,73b77ac3a0efb2c33a4498544c96bb702a656cbbfe17af18ec859c6d6b4c2142,True
1055,sappo_pi_A_specialist_1p5M_seed7100001,48532,1248416,609,74,,OP3,OPPONENT_POOL,train,map_a_open,-1,0,SCRIPTED:OP6,5,1,1,0,1,240,0.3999999761581421,1,0,0,50,0,0,0,0,0,0,0,0,0,0,0,0,0,0,0,0,90.0,9.879355875651042,1.0,0.0,-0.0018483102321624756,0.04999999701976776,0.0,0.0,-0.004000000189989805,0.24680666625499725,map_a,map_a_open,RULESET_V3_M1_OWN_FLAG_HOME,73b77ac3a0efb2c33a4498544c96bb702a656cbbfe17af18ec859c6d6b4c2142,True
1056,sappo_pi_A_specialist_1p5M_seed7100001,48532,1248528,609,81,,OP3,OPPONENT_POOL,train,map_a_open,-1,0,SCRIPTED:OP6,5,1,1,0,1,240,0.4399999976158142,1,0,0,68,0,0,0,0,0,0,0,0,0,0,0,0,0,0,0,0,30.0,10.18916015625,1.0,0.0,0.0034813284873962402,0.014999990351498127,0.0,0.0,0.0,0.2460041344165802,map_a,map_a_open,RULESET_V3_M1_OWN_FLAG_HOME,73b77ac3a0efb2c33a4498544c96bb702a656cbbfe17af18ec859c6d6b4c2142,True
1057,sappo_pi_A_specialist_1p5M_seed7100001,48532,1248560,609,83,,OP3,OPPONENT_POOL,train,map_a_open,-1,0,SCRIPTED:OP6,5,0,0,0,0,240,0.5999999642372131,1,0,0,71,0,0,0,0,0,0,0,0,0,0,0,0,0,0,0,0,,9.030882771809896,-0.5,0.0,-0.014219626784324646,0.04999999701976776,0.0,0.0,-0.004000000189989805,-0.12313566356897354,map_a,map_a_open,RULESET_V3_M1_OWN_FLAG_HOME,73b77ac3a0efb2c33a4498544c96bb702a656cbbfe17af18ec859c6d6b4c2142,True
1058,sappo_pi_A_specialist_1p5M_seed7100001,48532,1248704,609,92,,OP3,OPPONENT_POOL,train,map_a_open,-1,0,SCRIPTED:OP6,5,0,0,0,0,240,0.3999999761581421,1,0,0,16,0,0,0,0,0,0,0,0,0,0,0,0,0,0,0,0,,12.950484212239584,-0.5,0.0,-0.006019800901412964,0.04999999701976776,0.0,0.0,0.0,-0.12164583057165146,map_a,map_a_open,RULESET_V3_M1_OWN_FLAG_HOME,73b77ac3a0efb2c33a4498544c96bb702a656cbbfe17af18ec859c6d6b4c2142,True
1059,sappo_pi_A_specialist_1p5M_seed7100001,48532,1248752,609,95,,OP3,OPPONENT_POOL,train,map_a_open,-1,0,SCRIPTED:OP6,5,1,2,1,1,240,0.35999998450279236,0,1,0,70,0,0,0,0,0,0,0,0,0,0,0,0,0,0,0,0,52.0,7.238280232747396,1.0,0.0,-0.003331199288368225,0.04999999701976776,0.0,0.0,0.0,0.24765853583812714,map_a,map_a_open,RULESET_V3_M1_OWN_FLAG_HOME,73b77ac3a0efb2c33a4498544c96bb702a656cbbfe17af18ec859c6d6b4c2142,True
1060,sappo_pi_A_specialist_1p5M_seed7100001,48532,1249680,610,25,,OP3,OPPONENT_POOL,train,map_a_open,-1,0,SCRIPTED:OP6,5,1,2,0,2,240,0.4399999976158142,1,0,0,56,0,0,0,0,0,0,0,0,0,0,0,0,0,0,0,0,42.0,10.43115946451823,1.0,0.0,-0.012486100196838379,0.04999999701976776,0.0,0.0,-0.004000000189989805,0.24618220329284668,map_a,map_a_open,RULESET_V3_M1_OWN_FLAG_HOME,73b77ac3a0efb2c33a4498544c96bb702a656cbbfe17af18ec859c6d6b4c2142,True
1061,sappo_pi_A_specialist_1p5M_seed7100001,48532,1250000,610,45,,OP3,OPPONENT_POOL,train,map_a_open,-1,0,SCRIPTED:OP6,5,0,0,0,0,240,0.47999998927116394,1,0,0,21,0,0,0,0,0,0,0,0,0,0,0,0,0,0,0,0,,12.42620137532552,-0.5,0.0,0.02412205934524536,0.04999999701976776,0.0,0.0,-0.004000000189989805,-0.12077495455741882,map_a,map_a_open,RULESET_V3_M1_OWN_FLAG_HOME,73b77ac3a0efb2c33a4498544c96bb702a656cbbfe17af18ec859c6d6b4c2142,True
1062,sappo_pi_A_specialist_1p5M_seed7100001,48532,1250160,610,55,,OP3,OPPONENT_POOL,train,map_a_open,-1,0,SCRIPTED:OP6,5,0,0,0,0,240,0.5999999642372131,1,0,0,14,0,0,0,0,0,0,0,0,0,0,0,0,0,0,0,0,,12.966251627604167,-0.5,0.0,-0.01373167335987091,0.04999999701976776,0.0,0.0,0.0,-0.12212066352367401,map_a,map_a_open,RULESET_V3_M1_OWN_FLAG_HOME,73b77ac3a0efb2c33a4498544c96bb702a656cbbfe17af18ec859c6d6b4c2142,True
1063,sappo_pi_A_specialist_1p5M_seed7100001,48532,1250528,610,78,,OP3,OPPONENT_POOL,train,map_a_open,-1,0,SCRIPTED:OP6,5,1,1,0,1,240,0.47999998927116394,1,0,0,55,0,0,0,0,0,0,0,0,0,0,0,0,0,0,0,0,121.0,8.038214619954427,1.0,0.0,-0.008646920323371887,0.04999999701976776,0.0,0.0,0.0,0.2473466545343399,map_a,map_a_open,RULESET_V3_M1_OWN_FLAG_HOME,73b77ac3a0efb2c33a4498544c96bb702a656cbbfe17af18ec859c6d6b4c2142,True
1064,sappo_pi_A_specialist_1p5M_seed7100001,48532,1250752,610,92,,OP3,OPPONENT_POOL,train,map_a_open,-1,0,SCRIPTED:OP6,5,1,1,0,1,240,0.3999999761581421,1,0,0,66,0,0,0,0,0,0,0,0,0,0,0,0,0,0,0,0,74.0,9.653257242838542,1.0,0.0,-0.0236319899559021,0.04999999701976776,0.0,0.0,0.0,0.24646718800067902,map_a,map_a_open,RULESET_V3_M1_OWN_FLAG_HOME,73b77ac3a0efb2c33a4498544c96bb702a656cbbfe17af18ec859c6d6b4c2142,True
1065,sappo_pi_A_specialist_1p5M_seed7100001,48532,1250800,610,95,,OP3,OPPONENT_POOL,train,map_a_open,-1,0,SCRIPTED:OP6,5,0,0,0,0,240,0.5199999809265137,1,0,0,14,0,0,0,0,0,0,0,0,0,0,0,0,0,0,0,0,,12.939170328776042,-0.5,0.0,-0.007387682795524597,0.04999999701976776,0.0,0.0,-0.00800000037997961,-0.12369994819164276,map_a,map_a_open,RULESET_V3_M1_OWN_FLAG_HOME,73b77ac3a0efb2c33a4498544c96bb702a656cbbfe17af18ec859c6d6b4c2142,True
1066,sappo_pi_A_specialist_1p5M_seed7100001,48532,1250816,610,96,,OP3,OPPONENT_POOL,train,map_a_open,-1,0,SCRIPTED:OP6,5,0,0,0,0,240,0.5199999809265137,1,0,0,10,0,0,0,0,0,0,0,0,0,0,0,0,0,0,0,0,,12.438455200195312,-0.5,0.0,0.005906581878662109,0.04999999701976776,0.0,0.0,-0.004000000189989805,-0.1218966618180275,map_a,map_a_open,RULESET_V3_M1_OWN_FLAG_HOME,73b77ac3a0efb2c33a4498544c96bb702a656cbbfe17af18ec859c6d6b4c2142,True
1067,sappo_pi_A_specialist_1p5M_seed7100001,48532,1251040,610,110,,OP3,OPPONENT_POOL,train,map_a_open,-1,0,SCRIPTED:OP6,5,0,0,0,0,240,0.47999998927116394,0,1,0,19,0,0,0,0,0,0,0,0,0,0,0,0,0,0,0,0,,11.59813741048177,-0.5,0.0,0.0006219297647476196,0.04999999701976776,0.0,0.0,-0.004000000189989805,-0.12222202867269516,map_a,map_a_open,RULESET_V3_M1_OWN_FLAG_HOME,73b77ac3a0efb2c33a4498544c96bb702a656cbbfe17af18ec859c6d6b4c2142,True
1068,sappo_pi_A_specialist_1p5M_seed7100001,48532,1251232,610,122,,OP3,OPPONENT_POOL,train,map_a_open,-1,0,SCRIPTED:OP6,5,1,1,0,1,240,0.5199999809265137,0,1,0,47,0,0,0,0,0,0,0,0,0,0,0,0,0,0,0,0,94.0,9.755519612630208,1.0,0.0,-0.0020726174116134644,0.04999970644712448,0.0,0.0,-0.004000000189989805,0.2467934787273407,map_a,map_a_open,RULESET_V3_M1_OWN_FLAG_HOME,73b77ac3a0efb2c33a4498544c96bb702a656cbbfe17af18ec859c6d6b4c2142,True
1069,sappo_pi_A_specialist_1p5M_seed7100001,48532,1251728,611,25,,OP3,OPPONENT_POOL,train,map_a_open,-1,0,SCRIPTED:OP6,5,1,3,0,3,98,0.3999999761581421,1,0,0,33,0,0,0,0,0,0,0,0,0,0,0,0,0,0,0,0,34.0,5.751126036352041,1.0,0.5,-0.01021815836429596,0.0,1.0,100.0,0.0,0.5541573762893677,map_a,map_a_open,RULESET_V3_M1_OWN_FLAG_HOME,73b77ac3a0efb2c33a4498544c96bb702a656cbbfe17af18ec859c6d6b4c2142,True
1070,sappo_pi_A_specialist_1p5M_seed7100001,48532,1251808,611,30,,OP3,OPPONENT_POOL,train,map_a_open,-1,0,SCRIPTED:OP6,5,0,1,2,-1,240,0.35999998450279236,0,2,0,67,0,0,0,0,0,0,0,0,0,0,0,0,0,0,0,0,57.0,7.8142547607421875,-1.0,0.0,-0.009888142347335815,0.04999999701976776,0.0,0.0,-0.00800000037997961,-0.24444203078746796,map_a,map_a_open,RULESET_V3_M1_OWN_FLAG_HOME,73b77ac3a0efb2c33a4498544c96bb702a656cbbfe17af18ec859c6d6b4c2142,True
1071,sappo_pi_A_specialist_1p5M_seed7100001,48532,1252176,611,53,,OP3,OPPONENT_POOL,train,map_a_open,-1,0,SCRIPTED:OP6,5,0,0,0,0,240,0.5199999809265137,1,0,0,11,0,0,0,0,0,0,0,0,0,0,0,0,0,0,0,0,,13.302420043945313,-0.5,0.0,0.002969801425933838,0.04999999701976776,0.0,0.0,0.0,-0.12109225988388062,map_a,map_a_open,RULESET_V3_M1_OWN_FLAG_HOME,73b77ac3a0efb2c33a4498544c96bb702a656cbbfe17af18ec859c6d6b4c2142,True
1072,sappo_pi_A_specialist_1p5M_seed7100001,48532,1252256,611,58,,OP3,OPPONENT_POOL,train,map_a_open,-1,0,SCRIPTED:OP6,5,1,1,0,1,240,0.47999998927116394,1,0,0,87,0,0,0,0,0,0,0,0,0,0,0,0,0,0,0,0,64.0,8.99894510904948,1.0,0.0,0.0037187188863754272,0.04062499850988388,0.0,0.0,0.0,0.24752213060855865,map_a,map_a_open,RULESET_V3_M1_OWN_FLAG_HOME,73b77ac3a0efb2c33a4498544c96bb702a656cbbfe17af18ec859c6d6b4c2142,True
1073,sappo_pi_A_specialist_1p5M_seed7100001,48532,1252368,611,65,,OP3,OPPONENT_POOL,train,map_a_open,-1,0,SCRIPTED:OP6,5,1,2,1,1,240,0.5999999642372131,1,0,0,107,0,0,0,0,0,0,0,0,0,0,0,0,0,0,0,0,69.0,4.959432983398438,1.0,0.0,-0.007554501295089722,0.04999999701976776,0.0,0.0,-0.00800000037997961,0.24553224444389343,map_a,map_a_open,RULESET_V3_M1_OWN_FLAG_HOME,73b77ac3a0efb2c33a4498544c96bb702a656cbbfe17af18ec859c6d6b4c2142,True
1074,sappo_pi_A_specialist_1p5M_seed7100001,48532,1252400,611,67,,OP3,OPPONENT_POOL,train,map_a_open,-1,0,SCRIPTED:OP6,5,0,0,0,0,240,0.35999998450279236,1,0,0,11,0,0,0,0,0,0,0,0,0,0,0,0,0,0,0,0,,12.965221150716145,-0.5,0.0,-0.006230011582374573,0.04999999701976776,0.0,0.0,-0.004000000189989805,-0.1226438581943512,map_a,map_a_open,RULESET_V3_M1_OWN_FLAG_HOME,73b77ac3a0efb2c33a4498544c96bb702a656cbbfe17af18ec859c6d6b4c2142,True
1075,sappo_pi_A_specialist_1p5M_seed7100001,48532,1252544,611,76,,OP3,OPPONENT_POOL,train,map_a_open,-1,0,SCRIPTED:OP6,5,1,1,0,1,240,0.6399999856948853,0,1,0,93,0,0,0,0,0,0,0,0,0,0,0,0,0,0,0,0,63.0,8.414145914713542,1.0,0.0,-0.006265595555305481,0.04999999701976776,0.0,0.0,0.0,0.24748636782169342,map_a,map_a_open,RULESET_V3_M1_OWN_FLAG_HOME,73b77ac3a0efb2c33a4498544c96bb702a656cbbfe17af18ec859c6d6b4c2142,True
1076,sappo_pi_A_specialist_1p5M_seed7100001,48532,1252592,611,79,,OP3,OPPONENT_POOL,train,map_a_open,-1,0,SCRIPTED:OP6,5,0,0,0,0,240,0.5199999809265137,1,0,0,24,0,0,0,0,0,0,0,0,0,0,0,0,0,0,0,0,,11.965899658203124,-0.5,0.0,-0.003533601760864258,0.04999999701976776,0.0,0.0,0.0,-0.12149274349212646,map_a,map_a_open,RULESET_V3_M1_OWN_FLAG_HOME,73b77ac3a0efb2c33a4498544c96bb702a656cbbfe17af18ec859c6d6b4c2142,True
1077,sappo_pi_A_specialist_1p5M_seed7100001,48532,1253520,612,9,,OP3,OPPONENT_POOL,train,map_a_open,-1,0,SCRIPTED:OP6,5,1,2,0,2,240,0.6399999856948853,1,0,0,32,0,0,0,0,0,0,0,0,0,0,0,0,0,0,0,0,30.0,10.307776896158854,1.0,0.0,-1.806020736694336e-05,0.04999999701976776,0.0,0.0,-0.00800000037997961,0.2459748238325119,map_a,map_a_open,RULESET_V3_M1_OWN_FLAG_HOME,73b77ac3a0efb2c33a4498544c96bb702a656cbbfe17af18ec859c6d6b4c2142,True
1078,sappo_pi_A_specialist_1p5M_seed7100001,48532,1253840,612,29,,OP3,OPPONENT_POOL,train,map_a_open,-1,0,SCRIPTED:OP6,5,1,1,0,1,240,0.3999999761581421,0,1,0,14,0,0,0,0,0,0,0,0,0,0,0,0,0,0,0,0,49.0,12.001405843098958,1.0,0.0,0.0066846758127212524,0.04999999701976776,0.0,0.0,0.0,0.24824601411819458,map_a,map_a_open,RULESET_V3_M1_OWN_FLAG_HOME,73b77ac3a0efb2c33a4498544c96bb702a656cbbfe17af18ec859c6d6b4c2142,True
1079,sappo_pi_A_specialist_1p5M_seed7100001,48532,1254368,612,62,,OP3,OPPONENT_POOL,train,map_a_open,-1,0,SCRIPTED:OP6,5,1,1,0,1,240,0.5999999642372131,1,0,0,19,0,0,0,0,0,0,0,0,0,0,0,0,0,0,0,0,46.0,11.917303466796875,1.0,0.0,-0.01024724543094635,0.04999999701976776,0.0,0.0,-0.004000000189989805,0.24631363153457642,map_a,map_a_open,RULESET_V3_M1_OWN_FLAG_HOME,73b77ac3a0efb2c33a4498544c96bb702a656cbbfe17af18ec859c6d6b4c2142,True
1080,sappo_pi_A_specialist_1p5M_seed7100001,48532,1254592,612,76,,OP3,OPPONENT_POOL,train,map_a_open,-1,0,SCRIPTED:OP6,5,0,0,0,0,240,0.4399999976158142,0,1,0,64,0,0,0,0,0,0,0,0,0,0,0,0,0,0,0,0,,8.843590291341146,-0.5,0.0,0.015202507376670837,0.04999999701976776,0.0,0.0,0.0,-0.12033885717391968,map_a,map_a_open,RULESET_V3_M1_OWN_FLAG_HOME,73b77ac3a0efb2c33a4498544c96bb702a656cbbfe17af18ec859c6d6b4c2142,True
1081,sappo_pi_A_specialist_1p5M_seed7100001,48532,1254640,612,79,,OP3,OPPONENT_POOL,train,map_a_open,-1,0,SCRIPTED:OP6,5,1,2,0,2,240,0.3999999761581421,0,1,0,79,0,0,0,0,0,0,0,0,0,0,0,0,0,0,0,0,32.0,7.316157531738281,1.0,0.0,0.005828589200973511,0.04999999701976776,0.0,0.0,0.0,0.2481958270072937,map_a,map_a_open,RULESET_V3_M1_OWN_FLAG_HOME,73b77ac3a0efb2c33a4498544c96bb702a656cbbfe17af18ec859c6d6b4c2142,True
1082,sappo_pi_A_specialist_1p5M_seed7100001,48532,1254656,612,80,,OP3,OPPONENT_POOL,train,map_a_open,-1,0,SCRIPTED:OP6,5,1,1,0,1,240,0.5199999809265137,1,0,0,31,0,0,0,0,0,0,0,0,0,0,0,0,0,0,0,0,57.0,11.254119873046875,1.0,0.0,0.023326009511947632,0.04999999701976776,0.0,0.0,-0.00800000037997961,0.24734506011009216,map_a,map_a_open,RULESET_V3_M1_OWN_FLAG_HOME,73b77ac3a0efb2c33a4498544c96bb702a656cbbfe17af18ec859c6d6b4c2142,True
1083,sappo_pi_A_specialist_1p5M_seed7100001,48532,1254880,612,94,,OP3,OPPONENT_POOL,train,map_a_open,-1,0,SCRIPTED:OP6,5,0,0,0,0,240,0.35999998450279236,1,0,0,17,0,0,0,0,0,0,0,0,0,0,0,0,0,0,0,0,,12.733737182617187,-0.5,0.0,-0.015137970447540283,0.04999999701976776,0.0,0.0,-0.004000000189989805,-0.1231921911239624,map_a,map_a_open,RULESET_V3_M1_OWN_FLAG_HOME,73b77ac3a0efb2c33a4498544c96bb702a656cbbfe17af18ec859c6d6b4c2142,True
1084,sappo_pi_A_specialist_1p5M_seed7100001,48532,1255072,612,106,,OP3,OPPONENT_POOL,train,map_a_open,-1,0,SCRIPTED:OP6,5,0,0,0,0,240,0.47999998927116394,1,0,0,22,0,0,0,0,0,0,0,0,0,0,0,0,0,0,0,0,,12.907754516601562,-0.5,0.0,-0.005460366606712341,0.04999999701976776,0.0,0.0,-0.004000000189989805,-0.12259647250175476,map_a,map_a_open,RULESET_V3_M1_OWN_FLAG_HOME,73b77ac3a0efb2c33a4498544c96bb702a656cbbfe17af18ec859c6d6b4c2142,True
1085,sappo_pi_A_specialist_1p5M_seed7100001,48532,1255568,613,9,,OP3,OPPONENT_POOL,train,map_a_open,-1,0,SCRIPTED:OP6,5,0,0,0,0,240,0.3999999761581421,0,1,0,10,0,0,0,0,0,0,0,0,0,0,0,0,0,0,0,0,,12.720196533203126,-0.5,0.0,0.0021517574787139893,0.04999999701976776,0.0,0.0,-0.004000000189989805,-0.12212783843278885,map_a,map_a_open,RULESET_V3_M1_OWN_FLAG_HOME,73b77ac3a0efb2c33a4498544c96bb702a656cbbfe17af18ec859c6d6b4c2142,True
1086,sappo_pi_A_specialist_1p5M_seed7100001,48532,1255648,613,14,,OP3,OPPONENT_POOL,train,map_a_open,-1,0,SCRIPTED:OP6,5,1,2,0,2,240,0.5600000023841858,0,1,0,69,0,0,0,0,0,0,0,0,0,0,0,0,0,0,0,0,67.0,7.39731699625651,1.0,0.0,0.00908292829990387,0.04999999701976776,0.0,0.0,0.0,0.2483866810798645,map_a,map_a_open,RULESET_V3_M1_OWN_FLAG_HOME,73b77ac3a0efb2c33a4498544c96bb702a656cbbfe17af18ec859c6d6b4c2142,True
1087,sappo_pi_A_specialist_1p5M_seed7100001,48532,1256016,613,37,,OP3,OPPONENT_POOL,train,map_a_open,-1,0,SCRIPTED:OP6,5,1,1,0,1,240,0.47999998927116394,0,1,0,47,0,0,0,0,0,0,0,0,0,0,0,0,0,0,0,0,76.0,9.971835327148437,1.0,0.0,0.004511579871177673,0.04999999701976776,0.0,0.0,-0.00800000037997961,0.2462407648563385,map_a,map_a_open,RULESET_V3_M1_OWN_FLAG_HOME,73b77ac3a0efb2c33a4498544c96bb702a656cbbfe17af18ec859c6d6b4c2142,True
1088,sappo_pi_A_specialist_1p5M_seed7100001,48532,1256096,613,42,,OP3,OPPONENT_POOL,train,map_a_open,-1,0,SCRIPTED:OP6,5,1,2,0,2,240,0.5199999809265137,1,0,0,68,0,0,0,0,0,0,0,0,0,0,0,0,0,0,0,0,100.0,6.900106811523438,1.0,0.0,-0.01982109248638153,0.04999999701976776,0.0,0.0,-0.004000000189989805,0.2457514852285385,map_a,map_a_open,RULESET_V3_M1_OWN_FLAG_HOME,73b77ac3a0efb2c33a4498544c96bb702a656cbbfe17af18ec859c6d6b4c2142,True
1089,sappo_pi_A_specialist_1p5M_seed7100001,48532,1256208,613,49,,OP3,OPPONENT_POOL,train,map_a_open,-1,0,SCRIPTED:OP6,5,1,1,0,1,240,0.5199999809265137,1,0,0,18,0,0,0,0,0,0,0,0,0,0,0,0,0,0,0,0,58.0,11.662715657552083,1.0,0.0,0.008563533425331116,0.014994198456406593,0.0,0.0,0.0,0.24630218744277954,map_a,map_a_open,RULESET_V3_M1_OWN_FLAG_HOME,73b77ac3a0efb2c33a4498544c96bb702a656cbbfe17af18ec859c6d6b4c2142,True
1090,sappo_pi_A_specialist_1p5M_seed7100001,48532,1256240,613,51,,OP3,OPPONENT_POOL,train,map_a_open,-1,0,SCRIPTED:OP6,5,1,1,0,1,240,0.4399999976158142,1,0,0,26,0,0,0,0,0,0,0,0,0,0,0,0,0,0,0,0,58.0,11.176438395182291,1.0,0.0,0.004385814070701599,0.04999999701976776,0.0,0.0,0.0,0.24811118841171265,map_a,map_a_open,RULESET_V3_M1_OWN_FLAG_HOME,73b77ac3a0efb2c33a4498544c96bb702a656cbbfe17af18ec859c6d6b4c2142,True
1091,sappo_pi_A_specialist_1p5M_seed7100001,48532,1256384,613,60,,OP3,OPPONENT_POOL,train,map_a_open,-1,0,SCRIPTED:OP6,5,0,1,1,0,240,0.3999999761581421,0,1,0,68,0,0,0,0,0,0,0,0,0,0,0,0,0,0,0,0,68.0,9.403475952148437,-0.5,0.0,0.003891989588737488,0.04999999701976776,0.0,0.0,0.0,-0.12103546410799026,map_a,map_a_open,RULESET_V3_M1_OWN_FLAG_HOME,73b77ac3a0efb2c33a4498544c96bb702a656cbbfe17af18ec859c6d6b4c2142,True
1092,sappo_pi_A_specialist_1p5M_seed7100001,48532,1256432,613,63,,OP3,OPPONENT_POOL,train,map_a_open,-1,0,SCRIPTED:OP6,5,1,1,0,1,240,0.6399999856948853,1,0,0,53,0,0,0,0,0,0,0,0,0,0,0,0,0,0,0,0,81.0,10.34465840657552,1.0,0.0,-0.02567782998085022,0.04999999701976776,0.0,0.0,0.0,0.2463470697402954,map_a,map_a_open,RULESET_V3_M1_OWN_FLAG_HOME,73b77ac3a0efb2c33a4498544c96bb702a656cbbfe17af18ec859c6d6b4c2142,True
1093,sappo_pi_A_specialist_1p5M_seed7100001,48532,1256864,613,90,,OP3,OPPONENT_POOL,train,map_a_open,-1,0,SCRIPTED:OP6,5,1,3,0,3,139,0.4399999976158142,1,0,0,50,0,0,0,0,0,0,0,0,0,0,0,0,0,0,0,0,79.0,5.144744653495954,1.0,0.5,-0.010452702641487122,0.0,1.0,100.0,-0.004000000189989805,0.5534539222717285,map_a,map_a_open,RULESET_V3_M1_OWN_FLAG_HOME,73b77ac3a0efb2c33a4498544c96bb702a656cbbfe17af18ec859c6d6b4c2142,True
1094,sappo_pi_A_specialist_1p5M_seed7100001,48532,1257360,613,121,,OP3,OPPONENT_POOL,train,map_a_open,-1,0,SCRIPTED:OP6,5,1,1,0,1,240,0.47999998927116394,1,0,0,27,0,0,0,0,0,0,0,0,0,0,0,0,0,0,0,0,57.0,11.0697021484375,1.0,0.0,-0.014381438493728638,0.04999999701976776,0.0,0.0,-0.004000000189989805,0.24607090651988983,map_a,map_a_open,RULESET_V3_M1_OWN_FLAG_HOME,73b77ac3a0efb2c33a4498544c96bb702a656cbbfe17af18ec859c6d6b4c2142,True
1095,sappo_pi_A_specialist_1p5M_seed7100001,48532,1257680,614,13,,OP3,OPPONENT_POOL,train,map_a_open,-1,0,SCRIPTED:OP6,5,0,0,0,0,240,0.4399999976158142,0,1,0,12,0,0,0,0,0,0,0,0,0,0,0,0,0,0,0,0,,13.290104166666667,-0.5,0.0,0.0078001469373703,0.04999999701976776,0.0,0.0,-0.004000000189989805,-0.12178006768226624,map_a,map_a_open,RULESET_V3_M1_OWN_FLAG_HOME,73b77ac3a0efb2c33a4498544c96bb702a656cbbfe17af18ec859c6d6b4c2142,True
1096,sappo_pi_A_specialist_1p5M_seed7100001,48532,1258208,614,46,,OP3,OPPONENT_POOL,train,map_a_open,-1,0,SCRIPTED:OP6,5,0,0,1,-1,240,0.5600000023841858,1,0,0,72,0,0,0,0,0,0,0,0,0,0,0,0,0,0,0,0,109.0,9.099922688802083,-1.0,0.0,0.005864992737770081,0.04999999701976776,0.0,0.0,0.0,-0.24163374304771423,map_a,map_a_open,RULESET_V3_M1_OWN_FLAG_HOME,73b77ac3a0efb2c33a4498544c96bb702a656cbbfe17af18ec859c6d6b4c2142,True
1097,sappo_pi_A_specialist_1p5M_seed7100001,48532,1258432,614,60,,OP3,OPPONENT_POOL,train,map_a_open,-1,0,SCRIPTED:OP6,5,0,0,0,0,240,0.5199999809265137,1,0,0,8,0,0,0,0,0,0,0,0,0,0,0,0,0,0,0,0,,12.98136494954427,-0.5,0.0,0.006507366895675659,0.04999999701976776,0.0,0.0,-0.004000000189989805,-0.12185966968536377,map_a,map_a_open,RULESET_V3_M1_OWN_FLAG_HOME,73b77ac3a0efb2c33a4498544c96bb702a656cbbfe17af18ec859c6d6b4c2142,True
1098,sappo_pi_A_specialist_1p5M_seed7100001,48532,1258496,614,64,,OP3,OPPONENT_POOL,train,map_a_open,-1,0,SCRIPTED:OP6,5,1,1,0,1,240,0.47999998927116394,1,0,0,15,0,0,0,0,0,0,0,0,0,0,0,0,0,0,0,0,34.0,12.483199055989584,1.0,0.0,-0.0016954243183135986,0.04999999701976776,0.0,0.0,0.0,0.24775448441505432,map_a,map_a_open,RULESET_V3_M1_OWN_FLAG_HOME,73b77ac3a0efb2c33a4498544c96bb702a656cbbfe17af18ec859c6d6b4c2142,True
1099,sappo_pi_A_specialist_1p5M_seed7100001,48532,1258720,614,78,,OP3,OPPONENT_POOL,train,map_a_open,-1,0,SCRIPTED:OP6,5,0,2,2,0,240,0.47999998927116394,1,0,0,97,0,0,0,0,0,0,0,0,0,0,0,0,0,0,0,0,58.0,4.855770874023437,-0.5,0.0,0.009062081575393677,0.019999999552965164,0.0,0.0,0.0,-0.12256431579589844,map_a,map_a_open,RULESET_V3_M1_OWN_FLAG_HOME,73b77ac3a0efb2c33a4498544c96bb702a656cbbfe17af18ec859c6d6b4c2142,True
1100,sappo_pi_A_specialist_1p5M_seed7100001,48532,1258912,614,90,,OP3,OPPONENT_POOL,train,map_a_open,-1,0,SCRIPTED:OP6,5,0,0,1,-1,240,0.47999998927116394,1,0,0,73,0,0,0,0,0,0,0,0,0,0,0,0,0,0,0,0,100.0,9.079180908203124,-1.0,0.0,-0.009250178933143616,0.04999999701976776,0.0,0.0,-0.004000000189989805,-0.24346402287483215,map_a,map_a_open,RULESET_V3_M1_OWN_FLAG_HOME,73b77ac3a0efb2c33a4498544c96bb702a656cbbfe17af18ec859c6d6b4c2142,True
1101,sappo_pi_A_specialist_1p5M_seed7100001,48532,1259408,614,121,,OP3,OPPONENT_POOL,train,map_a_open,-1,0,SCRIPTED:OP6,5,0,0,0,0,240,0.5600000023841858,0,1,0,15,0,0,0,0,0,0,0,0,0,0,0,0,0,0,0,0,,13.096342976888021,-0.5,0.0,0.005786120891571045,0.04999999701976776,0.0,0.0,0.0,-0.12091881781816483,map_a,map_a_open,RULESET_V3_M1_OWN_FLAG_HOME,73b77ac3a0efb2c33a4498544c96bb702a656cbbfe17af18ec859c6d6b4c2142,True
1102,sappo_pi_A_specialist_1p5M_seed7100001,48532,1259488,614,126,,OP3,OPPONENT_POOL,train,map_a_open,-1,0,SCRIPTED:OP6,5,0,0,0,0,240,0.5600000023841858,1,0,0,19,0,0,0,0,0,0,0,0,0,0,0,0,0,0,0,0,,12.046273803710937,-0.5,0.0,-0.016104042530059814,0.04999999701976776,0.0,0.0,0.0,-0.1222667247056961,map_a,map_a_open,RULESET_V3_M1_OWN_FLAG_HOME,73b77ac3a0efb2c33a4498544c96bb702a656cbbfe17af18ec859c6d6b4c2142,True
1103,sappo_pi_A_specialist_1p5M_seed7100001,48532,1259856,615,21,,OP3,OPPONENT_POOL,train,map_a_open,-1,0,SCRIPTED:OP6,5,1,1,0,1,240,0.5199999809265137,1,0,0,33,0,0,0,0,0,0,0,0,0,0,0,0,0,0,0,0,77.0,10.66273905436198,1.0,0.0,-0.010153919458389282,0.04999999701976776,0.0,0.0,0.0,0.24725820124149323,map_a,map_a_open,RULESET_V3_M1_OWN_FLAG_HOME,73b77ac3a0efb2c33a4498544c96bb702a656cbbfe17af18ec859c6d6b4c2142,True
1104,sappo_pi_A_specialist_1p5M_seed7100001,48532,1259936,615,26,,OP3,OPPONENT_POOL,train,map_a_open,-1,0,SCRIPTED:OP6,5,0,0,0,0,240,0.4399999976158142,1,0,0,61,0,0,0,0,0,0,0,0,0,0,0,0,0,0,0,0,,9.91636454264323,-0.5,0.0,0.013774752616882324,0.04999999701976776,0.0,0.0,0.0,-0.12042680382728577,map_a,map_a_open,RULESET_V3_M1_OWN_FLAG_HOME,73b77ac3a0efb2c33a4498544c96bb702a656cbbfe17af18ec859c6d6b4c2142,True
1105,sappo_pi_A_specialist_1p5M_seed7100001,48532,1260048,615,33,,OP3,OPPONENT_POOL,train,map_a_open,-1,0,SCRIPTED:OP6,5,1,2,0,2,240,0.4399999976158142,0,1,0,51,0,0,0,0,0,0,0,0,0,0,0,0,0,0,0,0,43.0,7.9726613362630205,1.0,0.0,-0.009459882974624634,0.04999999701976776,0.0,0.0,-0.004000000189989805,0.24635985493659973,map_a,map_a_open,RULESET_V3_M1_OWN_FLAG_HOME,73b77ac3a0efb2c33a4498544c96bb702a656cbbfe17af18ec859c6d6b4c2142,True
1106,sappo_pi_A_specialist_1p5M_seed7100001,48532,1260080,615,35,,OP3,OPPONENT_POOL,train,map_a_open,-1,0,SCRIPTED:OP6,5,0,0,0,0,240,0.2800000011920929,1,0,0,25,0,0,0,0,0,0,0,0,0,0,0,0,0,0,0,0,,12.622100830078125,-0.5,0.0,0.01071159541606903,0.04999999701976776,0.0,0.0,0.0,-0.12061545997858047,map_a,map_a_open,RULESET_V3_M1_OWN_FLAG_HOME,73b77ac3a0efb2c33a4498544c96bb702a656cbbfe17af18ec859c6d6b4c2142,True
1107,sappo_pi_A_specialist_1p5M_seed7100001,48532,1260224,615,44,,OP3,OPPONENT_POOL,train,map_a_open,-1,0,SCRIPTED:OP6,5,0,0,0,0,240,0.5199999809265137,1,0,0,49,0,0,0,0,0,0,0,0,0,0,0,0,0,0,0,0,,10.477289835611979,-0.5,0.0,-0.011865109205245972,0.04999999701976776,0.0,0.0,0.0,-0.12200573831796646,map_a,map_a_open,RULESET_V3_M1_OWN_FLAG_HOME,73b77ac3a0efb2c33a4498544c96bb702a656cbbfe17af18ec859c6d6b4c2142,True
1108,sappo_pi_A_specialist_1p5M_seed7100001,48532,1260272,615,47,,OP3,OPPONENT_POOL,train,map_a_open,-1,0,SCRIPTED:OP6,5,1,2,0,2,240,0.5999999642372131,0,2,0,27,0,0,0,0,0,0,0,0,0,0,0,0,0,0,0,0,45.0,10.312401326497396,1.0,0.0,0.005759760737419128,0.049999892711639404,0.0,0.0,-0.004000000189989805,0.2472531497478485,map_a,map_a_open,RULESET_V3_M1_OWN_FLAG_HOME,73b77ac3a0efb2c33a4498544c96bb702a656cbbfe17af18ec859c6d6b4c2142,True
1109,sappo_pi_A_specialist_1p5M_seed7100001,48532,1260704,615,74,,OP3,OPPONENT_POOL,train,map_a_open,-1,0,SCRIPTED:OP6,5,1,1,0,1,240,0.5600000023841858,1,0,0,65,0,0,0,0,0,0,0,0,0,0,0,0,0,0,0,0,43.0,9.825864664713542,1.0,0.0,-0.008973881602287292,0.04999999701976776,0.0,0.0,0.0,0.24732746183872223,map_a,map_a_open,RULESET_V3_M1_OWN_FLAG_HOME,73b77ac3a0efb2c33a4498544c96bb702a656cbbfe17af18ec859c6d6b4c2142,True
1110,sappo_pi_A_specialist_1p5M_seed7100001,48532,1261200,615,105,,OP3,OPPONENT_POOL,train,map_a_open,-1,0,SCRIPTED:OP6,5,0,0,0,0,240,0.35999998450279236,0,1,0,17,0,0,0,0,0,0,0,0,0,0,0,0,0,0,0,0,,13.125981648763021,-0.5,0.0,-0.01706540584564209,0.04999999701976776,0.0,0.0,0.0,-0.12232591211795807,map_a,map_a_open,RULESET_V3_M1_OWN_FLAG_HOME,73b77ac3a0efb2c33a4498544c96bb702a656cbbfe17af18ec859c6d6b4c2142,True
1111,sappo_pi_A_specialist_1p5M_seed7100001,48532,1261520,615,125,,OP3,OPPONENT_POOL,train,map_a_open,-1,0,SCRIPTED:OP6,5,0,0,0,0,240,0.5600000023841858,1,0,0,47,0,0,0,0,0,0,0,0,0,0,0,0,0,0,0,0,,10.93382059733073,-0.5,0.0,0.011162146925926208,0.04999999701976776,0.0,0.0,-0.004000000189989805,-0.1215730607509613,map_a,map_a_open,RULESET_V3_M1_OWN_FLAG_HOME,73b77ac3a0efb2c33a4498544c96bb702a656cbbfe17af18ec859c6d6b4c2142,True
1112,sappo_pi_A_specialist_1p5M_seed7100001,48532,1262048,616,30,,OP3,OPPONENT_POOL,train,map_a_open,-1,0,SCRIPTED:OP6,5,1,1,0,1,240,0.3999999761581421,1,0,0,14,0,0,0,0,0,0,0,0,0,0,0,0,0,0,0,0,34.0,12.594452921549479,1.0,0.0,-0.007517650723457336,0.04999999701976776,0.0,0.0,0.0,0.24741290509700775,map_a,map_a_open,RULESET_V3_M1_OWN_FLAG_HOME,73b77ac3a0efb2c33a4498544c96bb702a656cbbfe17af18ec859c6d6b4c2142,True
1113,sappo_pi_A_specialist_1p5M_seed7100001,48532,1262128,616,35,,OP3,OPPONENT_POOL,train,map_a_open,-1,0,SCRIPTED:OP6,5,1,3,0,3,128,0.47999998927116394,1,0,0,45,0,0,0,0,0,0,0,0,0,0,0,0,0,0,0,0,56.0,5.424520492553711,1.0,0.5,-0.009794294834136963,0.0,1.0,100.0,-0.004000000189989805,0.5534824728965759,map_a,map_a_open,RULESET_V3_M1_OWN_FLAG_HOME,73b77ac3a0efb2c33a4498544c96bb702a656cbbfe17af18ec859c6d6b4c2142,True
1114,sappo_pi_A_specialist_1p5M_seed7100001,48532,1262272,616,44,,OP3,OPPONENT_POOL,train,map_a_open,-1,0,SCRIPTED:OP6,5,0,0,0,0,240,0.6800000071525574,1,0,0,37,0,0,0,0,0,0,0,0,0,0,0,0,0,0,0,0,,12.515589396158854,-0.5,0.0,0.0014091134071350098,0.04999999701976776,0.0,0.0,0.0,-0.12118837237358093,map_a,map_a_open,RULESET_V3_M1_OWN_FLAG_HOME,73b77ac3a0efb2c33a4498544c96bb702a656cbbfe17af18ec859c6d6b4c2142,True
1115,sappo_pi_A_specialist_1p5M_seed7100001,48532,1262336,616,48,,OP3,OPPONENT_POOL,train,map_a_open,-1,0,SCRIPTED:OP6,5,0,0,0,0,240,0.35999998450279236,1,0,0,17,0,0,0,0,0,0,0,0,0,0,0,0,0,0,0,0,,11.98878682454427,-0.5,0.0,0.0027949362993240356,0.04999999701976776,0.0,0.0,-0.004000000189989805,-0.1220882460474968,map_a,map_a_open,RULESET_V3_M1_OWN_FLAG_HOME,73b77ac3a0efb2c33a4498544c96bb702a656cbbfe17af18ec859c6d6b4c2142,True
1116,sappo_pi_A_specialist_1p5M_seed7100001,48532,1262560,616,62,,OP3,OPPONENT_POOL,train,map_a_open,-1,0,SCRIPTED:OP6,5,0,0,1,-1,240,0.4399999976158142,1,0,0,29,0,0,0,0,0,0,0,0,0,0,0,0,0,0,0,0,40.0,11.939275105794271,-1.0,0.0,0.009260565042495728,0.04999999701976776,0.0,0.0,-0.004000000189989805,-0.24237535893917084,map_a,map_a_open,RULESET_V3_M1_OWN_FLAG_HOME,73b77ac3a0efb2c33a4498544c96bb702a656cbbfe17af18ec859c6d6b4c2142,True
1117,sappo_pi_A_specialist_1p5M_seed7100001,48532,1262752,616,74,,OP3,OPPONENT_POOL,train,map_a_open,-1,0,SCRIPTED:OP6,5,1,1,0,1,240,0.4399999976158142,1,0,0,25,0,0,0,0,0,0,0,0,0,0,0,0,0,0,0,0,58.0,11.426318359375,1.0,0.0,0.008834123611450195,0.04999999701976776,0.0,0.0,0.0,0.24837207794189453,map_a,map_a_open,RULESET_V3_M1_OWN_FLAG_HOME,73b77ac3a0efb2c33a4498544c96bb702a656cbbfe17af18ec859c6d6b4c2142,True
1118,sappo_pi_A_specialist_1p5M_seed7100001,48532,1263248,616,105,,OP3,OPPONENT_POOL,train,map_a_open,-1,0,SCRIPTED:OP6,5,0,0,0,0,240,0.4399999976158142,1,0,0,28,0,0,0,0,0,0,0,0,0,0,0,0,0,0,0,0,,12.381512451171876,-0.5,0.0,0.004218563437461853,0.04999999701976776,0.0,0.0,-0.00800000037997961,-0.1229855939745903,map_a,map_a_open,RULESET_V3_M1_OWN_FLAG_HOME,73b77ac3a0efb2c33a4498544c96bb702a656cbbfe17af18ec859c6d6b4c2142,True
1119,sappo_pi_A_specialist_1p5M_seed7100001,48532,1263328,616,110,,OP3,OPPONENT_POOL,train,map_a_open,-1,0,SCRIPTED:OP6,5,0,0,0,0,240,0.6800000071525574,1,0,0,12,0,0,0,0,0,0,0,0,0,0,0,0,0,0,0,0,,12.812797037760417,-0.5,0.0,-0.021098732948303223,0.029999999329447746,0.0,0.0,-0.004000000189989805,-0.12478978931903839,map_a,map_a_open,RULESET_V3_M1_OWN_FLAG_HOME,73b77ac3a0efb2c33a4498544c96bb702a656cbbfe17af18ec859c6d6b4c2142,True
1120,sappo_pi_A_specialist_1p5M_seed7100001,48532,1263696,617,5,,OP3,OPPONENT_POOL,train,map_a_open,-1,0,SCRIPTED:OP6,5,0,0,0,0,240,0.47999998927116394,1,0,0,19,0,0,0,0,0,0,0,0,0,0,0,0,0,0,0,0,,12.623238118489583,-0.5,0.0,0.01676170527935028,0.04999999701976776,0.0,0.0,-0.004000000189989805,-0.12122824043035507,map_a,map_a_open,RULESET_V3_M1_OWN_FLAG_HOME,73b77ac3a0efb2c33a4498544c96bb702a656cbbfe17af18ec859c6d6b4c2142,True
1121,sappo_pi_A_specialist_1p5M_seed7100001,48532,1263776,617,10,,OP3,OPPONENT_POOL,train,map_a_open,-1,0,SCRIPTED:OP6,5,0,0,0,0,240,0.47999998927116394,1,0,0,39,0,0,0,0,0,0,0,0,0,0,0,0,0,0,0,0,,11.17675069173177,-0.5,0.0,-0.01161472499370575,0.04999999701976776,0.0,0.0,0.0,-0.12199032306671143,map_a,map_a_open,RULESET_V3_M1_OWN_FLAG_HOME,73b77ac3a0efb2c33a4498544c96bb702a656cbbfe17af18ec859c6d6b4c2142,True
1122,sappo_pi_A_specialist_1p5M_seed7100001,48532,1263888,617,17,,OP3,OPPONENT_POOL,train,map_a_open,-1,0,SCRIPTED:OP6,5,0,0,0,0,240,0.47999998927116394,0,1,0,31,0,0,0,0,0,0,0,0,0,0,0,0,0,0,0,0,,11.032528686523438,-0.5,0.0,-0.006930351257324219,0.04062499850988388,0.0,0.0,0.0,-0.12227912247180939,map_a,map_a_open,RULESET_V3_M1_OWN_FLAG_HOME,73b77ac3a0efb2c33a4498544c96bb702a656cbbfe17af18ec859c6d6b4c2142,True
1123,sappo_pi_A_specialist_1p5M_seed7100001,48532,1264032,617,26,,OP3,OPPONENT_POOL,train,map_a_open,-1,0,SCRIPTED:OP6,5,1,3,1,2,157,0.3999999761581421,1,0,0,70,0,0,0,0,0,0,0,0,0,0,0,0,0,0,0,0,30.0,4.786553449691481,1.0,0.5,-0.010305196046829224,0.0,1.0,100.0,0.0,0.554153561592102,map_a,map_a_open,RULESET_V3_M1_OWN_FLAG_HOME,73b77ac3a0efb2c33a4498544c96bb702a656cbbfe17af18ec859c6d6b4c2142,True
1124,sappo_pi_A_specialist_1p5M_seed7100001,48532,1264064,617,28,,OP3,OPPONENT_POOL,train,map_a_open,-1,0,SCRIPTED:OP6,5,1,1,0,1,240,0.5199999809265137,0,2,0,102,0,0,0,0,0,0,0,0,0,0,0,0,0,0,0,0,44.0,8.530030314127604,1.0,0.0,-0.017837271094322205,0.0499134287238121,0.0,0.0,-0.004000000189989805,0.2458629012107849,map_a,map_a_open,RULESET_V3_M1_OWN_FLAG_HOME,73b77ac3a0efb2c33a4498544c96bb702a656cbbfe17af18ec859c6d6b4c2142,True
1125,sappo_pi_A_specialist_1p5M_seed7100001,48532,1264112,617,31,,OP3,OPPONENT_POOL,train,map_a_open,-1,0,SCRIPTED:OP6,5,0,0,1,-1,240,0.47999998927116394,1,0,0,33,0,0,0,0,0,0,0,0,0,0,0,0,0,0,0,0,53.0,11.498042805989583,-1.0,0.0,0.004696279764175415,0.04999999701976776,0.0,0.0,0.0,-0.24170251190662384,map_a,map_a_open,RULESET_V3_M1_OWN_FLAG_HOME,73b77ac3a0efb2c33a4498544c96bb702a656cbbfe17af18ec859c6d6b4c2142,True
1126,sappo_pi_A_specialist_1p5M_seed7100001,48532,1264544,617,58,,OP3,OPPONENT_POOL,train,map_a_open,-1,0,SCRIPTED:OP6,5,1,1,0,1,240,0.5600000023841858,1,0,0,38,0,0,0,0,0,0,0,0,0,0,0,0,0,0,0,0,50.0,10.637889607747395,1.0,0.0,-0.005001947283744812,0.04999999701976776,0.0,0.0,0.0,0.247560515999794,map_a,map_a_open,RULESET_V3_M1_OWN_FLAG_HOME,73b77ac3a0efb2c33a4498544c96bb702a656cbbfe17af18ec859c6d6b4c2142,True
1127,sappo_pi_A_specialist_1p5M_seed7100001,48532,1264640,617,64,,OP3,OPPONENT_POOL,train,map_a_open,-1,0,SCRIPTED:OP6,5,1,3,0,3,144,0.5199999809265137,0,1,0,79,0,0,0,0,0,0,0,0,0,0,0,0,0,0,0,0,44.0,4.261925591362847,1.0,0.5,-0.010156571865081787,0.0,1.0,100.0,-0.004000000189989805,0.5534667372703552,map_a,map_a_open,RULESET_V3_M1_OWN_FLAG_HOME,73b77ac3a0efb2c33a4498544c96bb702a656cbbfe17af18ec859c6d6b4c2142,True
1128,sappo_pi_A_specialist_1p5M_seed7100001,48532,1265040,617,89,,OP3,OPPONENT_POOL,train,map_a_open,-1,0,SCRIPTED:OP6,5,1,2,1,1,240,0.4399999976158142,1,0,0,35,0,0,0,0,0,0,0,0,0,0,0,0,0,0,0,0,45.0,9.79951171875,1.0,0.0,-0.013684004545211792,0.04999999701976776,0.0,0.0,0.0,0.24705106019973755,map_a,map_a_open,RULESET_V3_M1_OWN_FLAG_HOME,73b77ac3a0efb2c33a4498544c96bb702a656cbbfe17af18ec859c6d6b4c2142,True
1129,sappo_pi_A_specialist_1p5M_seed7100001,48532,1265776,618,7,,OP3,OPPONENT_POOL,train,map_a_open,-1,0,SCRIPTED:OP6,5,1,3,0,3,107,0.5600000023841858,1,0,0,30,0,0,0,0,0,0,0,0,0,0,0,0,0,0,0,0,51.0,5.388302811952395,1.0,0.5,-0.005914151668548584,0.0,1.0,100.0,0.0,0.5543437004089355,map_a,map_a_open,RULESET_V3_M1_OWN_FLAG_HOME,73b77ac3a0efb2c33a4498544c96bb702a656cbbfe17af18ec859c6d6b4c2142,True
1130,sappo_pi_A_specialist_1p5M_seed7100001,48532,1265888,618,14,,OP3,OPPONENT_POOL,train,map_a_open,-1,0,SCRIPTED:OP6,5,0,0,1,-1,240,0.47999998927116394,1,0,0,42,0,0,0,0,0,0,0,0,0,0,0,0,0,0,0,0,60.0,10.940854899088542,-1.0,0.0,-0.019543081521987915,0.04999999701976776,0.0,0.0,0.0,-0.2431284487247467,map_a,map_a_open,RULESET_V3_M1_OWN_FLAG_HOME,73b77ac3a0efb2c33a4498544c96bb702a656cbbfe17af18ec859c6d6b4c2142,True
1131,sappo_pi_A_specialist_1p5M_seed7100001,48532,1265968,618,19,,OP3,OPPONENT_POOL,train,map_a_open,-1,0,SCRIPTED:OP6,5,0,0,1,-1,240,0.5999999642372131,1,0,0,12,0,0,0,0,0,0,0,0,0,0,0,0,0,0,0,0,49.0,11.72330830891927,-1.0,0.0,0.004573926329612732,0.04999999701976776,0.0,0.0,0.0,-0.24170970916748047,map_a,map_a_open,RULESET_V3_M1_OWN_FLAG_HOME,73b77ac3a0efb2c33a4498544c96bb702a656cbbfe17af18ec859c6d6b4c2142,True
1132,sappo_pi_A_specialist_1p5M_seed7100001,48532,1266112,618,28,,OP3,OPPONENT_POOL,train,map_a_open,-1,0,SCRIPTED:OP6,5,0,0,0,0,240,0.35999998450279236,1,0,0,12,0,0,0,0,0,0,0,0,0,0,0,0,0,0,0,0,,12.83671162923177,-0.5,0.0,-0.0069725364446640015,0.04999999701976776,0.0,0.0,0.0,-0.12170450389385223,map_a,map_a_open,RULESET_V3_M1_OWN_FLAG_HOME,73b77ac3a0efb2c33a4498544c96bb702a656cbbfe17af18ec859c6d6b4c2142,True
1133,sappo_pi_A_specialist_1p5M_seed7100001,48532,1266144,618,30,,OP3,OPPONENT_POOL,train,map_a_open,-1,0,SCRIPTED:OP6,5,1,3,0,3,176,0.5199999809265137,0,1,0,83,0,0,0,0,0,0,0,0,0,0,0,0,0,0,0,0,43.0,4.45332128351385,1.0,0.5,-0.003483682870864868,0.0,1.0,100.0,0.0,0.5544489622116089,map_a,map_a_open,RULESET_V3_M1_OWN_FLAG_HOME,73b77ac3a0efb2c33a4498544c96bb702a656cbbfe17af18ec859c6d6b4c2142,True
1134,sappo_pi_A_specialist_1p5M_seed7100001,48532,1266400,618,46,,OP3,OPPONENT_POOL,train,map_a_open,-1,0,SCRIPTED:OP6,5,1,1,0,1,240,0.6399999856948853,1,0,0,40,0,0,0,0,0,0,0,0,0,0,0,0,0,0,0,0,56.0,10.264684041341146,1.0,0.0,0.0075270384550094604,0.04999999701976776,0.0,0.0,0.0,0.24829544126987457,map_a,map_a_open,RULESET_V3_M1_OWN_FLAG_HOME,73b77ac3a0efb2c33a4498544c96bb702a656cbbfe17af18ec859c6d6b4c2142,True
1135,sappo_pi_A_specialist_1p5M_seed7100001,48532,1266592,618,58,,OP3,OPPONENT_POOL,train,map_a_open,-1,0,SCRIPTED:OP6,5,0,0,0,0,240,0.5999999642372131,1,0,0,18,0,0,0,0,0,0,0,0,0,0,0,0,0,0,0,0,,12.813902791341146,-0.5,0.0,0.0003924518823623657,0.04999999701976776,0.0,0.0,0.0,-0.12125097960233688,map_a,map_a_open,RULESET_V3_M1_OWN_FLAG_HOME,73b77ac3a0efb2c33a4498544c96bb702a656cbbfe17af18ec859c6d6b4c2142,True
1136,sappo_pi_A_specialist_1p5M_seed7100001,48532,1267088,618,89,,OP3,OPPONENT_POOL,train,map_a_open,-1,0,SCRIPTED:OP6,5,1,1,0,1,240,0.4399999976158142,1,0,0,29,0,0,0,0,0,0,0,0,0,0,0,0,0,0,0,0,29.0,12.475342814127604,1.0,0.0,-0.007369741797447205,0.04999999701976776,0.0,0.0,0.0,0.24742157757282257,map_a,map_a_open,RULESET_V3_M1_OWN_FLAG_HOME,73b77ac3a0efb2c33a4498544c96bb702a656cbbfe17af18ec859c6d6b4c2142,True
1137,sappo_pi_A_specialist_1p5M_seed7100001,48532,1267536,618,117,,OP3,OPPONENT_POOL,train,map_a_open,-1,0,SCRIPTED:OP6,5,1,1,0,1,240,0.5600000023841858,1,0,0,61,0,0,0,0,0,0,0,0,0,0,0,0,0,0,0,0,101.0,9.180856323242187,1.0,0.0,0.0100938081741333,0.04999999701976776,0.0,0.0,0.0,0.24844595789909363,map_a,map_a_open,RULESET_V3_M1_OWN_FLAG_HOME,73b77ac3a0efb2c33a4498544c96bb702a656cbbfe17af18ec859c6d6b4c2142,True
1138,sappo_pi_A_specialist_1p5M_seed7100001,48532,1267616,618,122,,OP3,OPPONENT_POOL,train,map_a_open,-1,0,SCRIPTED:OP6,5,0,0,0,0,240,0.47999998927116394,0,1,0,24,0,0,0,0,0,0,0,0,0,0,0,0,0,0,0,0,,11.13824462890625,-0.5,0.0,-0.016000032424926758,0.04999999701976776,0.0,0.0,0.0,-0.12226032465696335,map_a,map_a_open,RULESET_V3_M1_OWN_FLAG_HOME,73b77ac3a0efb2c33a4498544c96bb702a656cbbfe17af18ec859c6d6b4c2142,True
1139,sappo_pi_A_specialist_1p5M_seed7100001,48532,1267728,619,1,,OP3,OPPONENT_POOL,train,map_a_open,-1,0,SCRIPTED:OP6,5,0,0,0,0,240,0.47999998927116394,1,0,0,28,0,0,0,0,0,0,0,0,0,0,0,0,0,0,0,0,,12.103298950195313,-0.5,0.0,0.0030730366706848145,0.04999999701976776,0.0,0.0,0.0,-0.12108589708805084,map_a,map_a_open,RULESET_V3_M1_OWN_FLAG_HOME,73b77ac3a0efb2c33a4498544c96bb702a656cbbfe17af18ec859c6d6b4c2142,True
1140,sappo_pi_A_specialist_1p5M_seed7100001,48532,1267872,619,10,,OP3,OPPONENT_POOL,train,map_a_open,-1,0,SCRIPTED:OP6,5,0,1,1,0,240,0.5600000023841858,0,1,0,40,0,0,0,0,0,0,0,0,0,0,0,0,0,0,0,0,37.0,9.669663492838541,-0.5,0.0,-0.007547274231910706,0.04999999701976776,0.0,0.0,0.0,-0.12173988670110703,map_a,map_a_open,RULESET_V3_M1_OWN_FLAG_HOME,73b77ac3a0efb2c33a4498544c96bb702a656cbbfe17af18ec859c6d6b4c2142,True
1141,sappo_pi_A_specialist_1p5M_seed7100001,48532,1267952,619,15,,OP3,OPPONENT_POOL,train,map_a_open,-1,0,SCRIPTED:OP6,5,1,2,0,2,240,0.5199999809265137,0,1,0,63,0,0,0,0,0,0,0,0,0,0,0,0,0,0,0,0,32.0,7.763236490885417,1.0,0.0,-0.0027031898498535156,0.04999999701976776,0.0,0.0,-0.00800000037997961,0.2458171546459198,map_a,map_a_open,RULESET_V3_M1_OWN_FLAG_HOME,73b77ac3a0efb2c33a4498544c96bb702a656cbbfe17af18ec859c6d6b4c2142,True
1142,sappo_pi_A_specialist_1p5M_seed7100001,48532,1268384,619,42,,OP3,OPPONENT_POOL,train,map_a_open,-1,0,SCRIPTED:OP6,5,1,1,0,1,240,0.47999998927116394,1,0,0,63,0,0,0,0,0,0,0,0,0,0,0,0,0,0,0,0,70.0,9.594900512695313,1.0,0.0,-0.0006895661354064941,0.04999999701976776,0.0,0.0,-0.004000000189989805,0.24687467515468597,map_a,map_a_open,RULESET_V3_M1_OWN_FLAG_HOME,73b77ac3a0efb2c33a4498544c96bb702a656cbbfe17af18ec859c6d6b4c2142,True
1143,sappo_pi_A_specialist_1p5M_seed7100001,48532,1268480,619,48,,OP3,OPPONENT_POOL,train,map_a_open,-1,0,SCRIPTED:OP6,5,1,1,0,1,240,0.5199999809265137,1,0,0,42,0,0,0,0,0,0,0,0,0,0,0,0,0,0,0,0,50.0,9.605868530273437,1.0,0.0,-0.008065670728683472,0.04999999701976776,0.0,0.0,-0.004000000189989805,0.24644170701503754,map_a,map_a_open,RULESET_V3_M1_OWN_FLAG_HOME,73b77ac3a0efb2c33a4498544c96bb702a656cbbfe17af18ec859c6d6b4c2142,True
1144,sappo_pi_A_specialist_1p5M_seed7100001,48532,1268880,619,73,,OP3,OPPONENT_POOL,train,map_a_open,-1,0,SCRIPTED:OP6,5,0,2,2,0,240,0.5999999642372131,0,1,0,90,0,0,0,0,0,0,0,0,0,0,0,0,0,0,0,0,90.0,5.05885976155599,-0.5,0.0,-0.004923582077026367,0.0,0.0,0.0,-0.00800000037997961,-0.12662439048290253,map_a,map_a_open,RULESET_V3_M1_OWN_FLAG_HOME,73b77ac3a0efb2c33a4498544c96bb702a656cbbfe17af18ec859c6d6b4c2142,True
1145,sappo_pi_A_specialist_1p5M_seed7100001,48532,1269616,619,119,,OP3,OPPONENT_POOL,train,map_a_open,-1,0,SCRIPTED:OP6,5,1,1,0,1,240,0.5199999809265137,1,0,0,13,0,0,0,0,0,0,0,0,0,0,0,0,0,0,0,0,44.0,12.160161336263021,1.0,0.0,0.008073493838310242,0.04999999701976776,0.0,0.0,-0.004000000189989805,0.24738889932632446,map_a,map_a_open,RULESET_V3_M1_OWN_FLAG_HOME,73b77ac3a0efb2c33a4498544c96bb702a656cbbfe17af18ec859c6d6b4c2142,True
1146,sappo_pi_A_specialist_1p5M_seed7100001,48532,1269728,619,126,,OP3,OPPONENT_POOL,train,map_a_open,-1,0,SCRIPTED:OP6,5,1,2,0,2,240,0.5999999642372131,1,0,0,29,0,0,0,0,0,0,0,0,0,0,0,0,0,0,0,0,41.0,10.134871419270834,1.0,0.0,-0.004621535539627075,0.04999999701976776,0.0,0.0,-0.004000000189989805,0.24664388597011566,map_a,map_a_open,RULESET_V3_M1_OWN_FLAG_HOME,73b77ac3a0efb2c33a4498544c96bb702a656cbbfe17af18ec859c6d6b4c2142,True
1147,sappo_pi_A_specialist_1p5M_seed7100001,48532,1269808,620,3,,OP3,OPPONENT_POOL,train,map_a_open,-1,0,SCRIPTED:OP6,5,1,1,0,1,240,0.3999999761581421,0,1,0,37,0,0,0,0,0,0,0,0,0,0,0,0,0,0,0,0,69.0,11.09342549641927,1.0,0.0,-0.0036296099424362183,0.029999472200870514,0.0,0.0,0.0,0.24646729230880737,map_a,map_a_open,RULESET_V3_M1_OWN_FLAG_HOME,73b77ac3a0efb2c33a4498544c96bb702a656cbbfe17af18ec859c6d6b4c2142,True
1148,sappo_pi_A_specialist_1p5M_seed7100001,48532,1269952,620,12,,OP3,OPPONENT_POOL,train,map_a_open,-1,0,SCRIPTED:OP6,5,0,0,0,0,240,0.5199999809265137,1,0,0,15,0,0,0,0,0,0,0,0,0,0,0,0,0,0,0,0,,12.416671752929688,-0.5,0.0,0.018845856189727783,0.04999999701976776,0.0,0.0,-0.004000000189989805,-0.12109989672899246,map_a,map_a_open,RULESET_V3_M1_OWN_FLAG_HOME,73b77ac3a0efb2c33a4498544c96bb702a656cbbfe17af18ec859c6d6b4c2142,True
1149,sappo_pi_A_specialist_1p5M_seed7100001,48532,1269984,620,14,,OP3,OPPONENT_POOL,train,map_a_open,-1,0,SCRIPTED:OP6,5,1,2,1,1,240,0.5199999809265137,1,0,0,126,0,0,0,0,0,0,0,0,0,0,0,0,0,0,0,0,52.0,4.699683634440104,1.0,0.0,0.013030856847763062,0.0,0.0,0.0,0.0,0.24568408727645874,map_a,map_a_open,RULESET_V3_M1_OWN_FLAG_HOME,73b77ac3a0efb2c33a4498544c96bb702a656cbbfe17af18ec859c6d6b4c2142,True
1150,sappo_pi_A_specialist_1p5M_seed7100001,48532,1270240,620,30,,OP3,OPPONENT_POOL,train,map_a_open,-1,0,SCRIPTED:OP6,5,1,2,0,2,240,0.5199999809265137,1,0,0,123,0,0,0,0,0,0,0,0,0,0,0,0,0,0,0,0,31.0,5.479215494791666,1.0,0.0,-0.0046993643045425415,0.04999999701976776,0.0,0.0,0.0,0.24757824838161469,map_a,map_a_open,RULESET_V3_M1_OWN_FLAG_HOME,73b77ac3a0efb2c33a4498544c96bb702a656cbbfe17af18ec859c6d6b4c2142,True
1151,sappo_pi_A_specialist_1p5M_seed7100001,48532,1270432,620,42,,OP3,OPPONENT_POOL,train,map_a_open,-1,0,SCRIPTED:OP6,5,0,0,0,0,240,0.47999998927116394,0,2,0,84,0,0,0,0,0,0,0,0,0,0,0,0,0,0,0,0,,9.70835469563802,-0.5,0.0,-0.011846855282783508,0.04999999701976776,0.0,0.0,0.0,-0.12200461328029633,map_a,map_a_open,RULESET_V3_M1_OWN_FLAG_HOME,73b77ac3a0efb2c33a4498544c96bb702a656cbbfe17af18ec859c6d6b4c2142,True
1152,sappo_pi_A_specialist_1p5M_seed7100001,48532,1270928,620,73,,OP3,OPPONENT_POOL,train,map_a_open,-1,0,SCRIPTED:OP6,5,1,1,0,1,240,0.3999999761581421,1,0,0,14,0,0,0,0,0,0,0,0,0,0,0,0,0,0,0,0,38.0,11.824143473307291,1.0,0.0,-0.02234800159931183,0.04999999701976776,0.0,0.0,-0.004000000189989805,0.24560309946537018,map_a,map_a_open,RULESET_V3_M1_OWN_FLAG_HOME,73b77ac3a0efb2c33a4498544c96bb702a656cbbfe17af18ec859c6d6b4c2142,True
1153,sappo_pi_A_specialist_1p5M_seed7100001,48532,1271376,620,101,,OP3,OPPONENT_POOL,train,map_a_open,-1,0,SCRIPTED:OP6,5,0,0,0,0,240,0.3999999761581421,0,1,0,19,0,0,0,0,0,0,0,0,0,0,0,0,0,0,0,0,,12.926579793294271,-0.5,0.0,-0.01431843638420105,0.04999999701976776,0.0,0.0,0.0,-0.1221567913889885,map_a,map_a_open,RULESET_V3_M1_OWN_FLAG_HOME,73b77ac3a0efb2c33a4498544c96bb702a656cbbfe17af18ec859c6d6b4c2142,True
1154,sappo_pi_A_specialist_1p5M_seed7100001,48532,1271456,620,106,,OP3,OPPONENT_POOL,train,map_a_open,-1,0,SCRIPTED:OP6,5,0,0,1,-1,240,0.3999999761581421,1,0,0,26,0,0,0,0,0,0,0,0,0,0,0,0,0,0,0,0,90.0,9.715988159179688,-1.0,0.0,-0.010190397500991821,0.04999999701976776,0.0,0.0,-0.004000000189989805,-0.24351929128170013,map_a,map_a_open,RULESET_V3_M1_OWN_FLAG_HOME,73b77ac3a0efb2c33a4498544c96bb702a656cbbfe17af18ec859c6d6b4c2142,True
1155,sappo_pi_A_specialist_1p5M_seed7100001,48532,1271568,620,113,,OP3,OPPONENT_POOL,train,map_a_open,-1,0,SCRIPTED:OP6,5,0,0,0,0,240,0.5199999809265137,1,0,0,87,0,0,0,0,0,0,0,0,0,0,0,0,0,0,0,0,,7.287238566080729,-0.5,0.0,0.0014462918043136597,0.04062499850988388,0.0,0.0,-0.004000000189989805,-0.12274842709302902,map_a,map_a_open,RULESET_V3_M1_OWN_FLAG_HOME,73b77ac3a0efb2c33a4498544c96bb702a656cbbfe17af18ec859c6d6b4c2142,True
1156,sappo_pi_A_specialist_1p5M_seed7100001,48532,1271712,620,122,,OP3,OPPONENT_POOL,train,map_a_open,-1,0,SCRIPTED:OP6,5,0,0,0,0,240,0.5199999809265137,1,0,0,14,0,0,0,0,0,0,0,0,0,0,0,0,0,0,0,0,,12.877138264973958,-0.5,0.0,-0.006022363901138306,0.04999999701976776,0.0,0.0,0.0,-0.12164599448442459,map_a,map_a_open,RULESET_V3_M1_OWN_FLAG_HOME,73b77ac3a0efb2c33a4498544c96bb702a656cbbfe17af18ec859c6d6b4c2142,True
1157,sappo_pi_A_specialist_1p5M_seed7100001,48532,1271792,620,127,,OP3,OPPONENT_POOL,train,map_a_open,-1,0,SCRIPTED:OP6,5,1,1,0,1,240,0.35999998450279236,1,0,0,53,0,0,0,0,0,0,0,0,0,0,0,0,0,0,0,0,87.0,9.258046468098959,1.0,0.0,-0.013474702835083008,0.04999999701976776,0.0,0.0,-0.004000000189989805,0.24612416326999664,map_a,map_a_open,RULESET_V3_M1_OWN_FLAG_HOME,73b77ac3a0efb2c33a4498544c96bb702a656cbbfe17af18ec859c6d6b4c2142,True
1158,sappo_pi_A_specialist_1p5M_seed7100001,48532,1272224,621,26,,OP3,OPPONENT_POOL,train,map_a_open,-1,0,SCRIPTED:OP6,5,1,2,0,2,240,0.4399999976158142,0,1,0,84,0,0,0,0,0,0,0,0,0,0,0,0,0,0,0,0,28.0,8.005316162109375,1.0,0.0,0.00034831464290618896,0.04999999701976776,0.0,0.0,-0.004000000189989805,0.24693559110164642,map_a,map_a_open,RULESET_V3_M1_OWN_FLAG_HOME,73b77ac3a0efb2c33a4498544c96bb702a656cbbfe17af18ec859c6d6b4c2142,True
1159,sappo_pi_A_specialist_1p5M_seed7100001,48532,1272320,621,32,,OP3,OPPONENT_POOL,train,map_a_open,-1,0,SCRIPTED:OP6,5,0,0,1,-1,240,0.5199999809265137,1,0,0,24,0,0,0,0,0,0,0,0,0,0,0,0,0,0,0,0,45.0,11.692293294270833,-1.0,0.0,0.0007876157760620117,0.014318330213427544,0.0,0.0,-0.004000000189989805,-0.24497118592262268,map_a,map_a_open,RULESET_V3_M1_OWN_FLAG_HOME,73b77ac3a0efb2c33a4498544c96bb702a656cbbfe17af18ec859c6d6b4c2142,True
1160,sappo_pi_A_specialist_1p5M_seed7100001,48532,1272720,621,57,,OP3,OPPONENT_POOL,train,map_a_open,-1,0,SCRIPTED:OP6,5,1,1,0,1,240,0.5199999809265137,1,0,0,82,0,0,0,0,0,0,0,0,0,0,0,0,0,0,0,0,52.0,9.569496663411458,1.0,0.0,-0.007430717349052429,0.04999999701976776,0.0,0.0,-0.004000000189989805,0.24647898972034454,map_a,map_a_open,RULESET_V3_M1_OWN_FLAG_HOME,73b77ac3a0efb2c33a4498544c96bb702a656cbbfe17af18ec859c6d6b4c2142,True
1161,sappo_pi_A_specialist_1p5M_seed7100001,48532,1273456,621,103,,OP3,OPPONENT_POOL,train,map_a_open,-1,0,SCRIPTED:OP6,5,0,0,0,0,240,0.47999998927116394,1,0,0,13,0,0,0,0,0,0,0,0,0,0,0,0,0,0,0,0,,12.215371704101562,-0.5,0.0,-0.003168851137161255,0.04999999701976776,0.0,0.0,0.0,-0.12147027999162674,map_a,map_a_open,RULESET_V3_M1_OWN_FLAG_HOME,73b77ac3a0efb2c33a4498544c96bb702a656cbbfe17af18ec859c6d6b4c2142,True
1162,sappo_pi_A_specialist_1p5M_seed7100001,48532,1273568,621,110,,OP3,OPPONENT_POOL,train,map_a_open,-1,0,SCRIPTED:OP6,5,0,0,0,0,240,0.5199999809265137,0,1,0,44,0,0,0,0,0,0,0,0,0,0,0,0,0,0,0,0,,11.194715372721355,-0.5,0.0,-0.010533660650253296,0.04999999701976776,0.0,0.0,-0.00800000037997961,-0.12389355152845383,map_a,map_a_open,RULESET_V3_M1_OWN_FLAG_HOME,73b77ac3a0efb2c33a4498544c96bb702a656cbbfe17af18ec859c6d6b4c2142,True
1163,sappo_pi_A_specialist_1p5M_seed7100001,48532,1273648,621,115,,OP3,OPPONENT_POOL,train,map_a_open,-1,0,SCRIPTED:OP6,5,0,1,1,0,240,0.5600000023841858,1,0,0,28,0,0,0,0,0,0,0,0,0,0,0,0,0,0,0,0,55.0,10.330908203125,-0.5,0.0,0.00476972758769989,0.04999999701976776,0.0,0.0,0.0,-0.12098141014575958,map_a,map_a_open,RULESET_V3_M1_OWN_FLAG_HOME,73b77ac3a0efb2c33a4498544c96bb702a656cbbfe17af18ec859c6d6b4c2142,True
1164,sappo_pi_A_specialist_1p5M_seed7100001,48532,1273792,621,124,,OP3,OPPONENT_POOL,train,map_a_open,-1,0,SCRIPTED:OP6,5,1,1,0,1,240,0.4399999976158142,1,0,0,21,0,0,0,0,0,0,0,0,0,0,0,0,0,0,0,0,45.0,11.949639892578125,1.0,0.0,0.006404995918273926,0.04999999701976776,0.0,0.0,0.0,0.24822963774204254,map_a,map_a_open,RULESET_V3_M1_OWN_FLAG_HOME,73b77ac3a0efb2c33a4498544c96bb702a656cbbfe17af18ec859c6d6b4c2142,True
1165,sappo_pi_A_specialist_1p5M_seed7100001,48532,1273824,621,126,,OP3,OPPONENT_POOL,train,map_a_open,-1,0,SCRIPTED:OP6,5,1,1,0,1,240,0.5199999809265137,0,1,0,140,0,0,0,0,0,0,0,0,0,0,0,0,0,0,0,0,150.0,4.025378163655599,1.0,0.0,0.012336164712905884,0.0,0.0,0.0,-0.004000000189989805,0.24470339715480804,map_a,map_a_open,RULESET_V3_M1_OWN_FLAG_HOME,73b77ac3a0efb2c33a4498544c96bb702a656cbbfe17af18ec859c6d6b4c2142,True
1166,sappo_pi_A_specialist_1p5M_seed7100001,48532,1274080,622,14,,OP3,OPPONENT_POOL,train,map_a_open,-1,0,SCRIPTED:OP6,5,0,0,0,0,240,0.47999998927116394,0,1,0,80,0,0,0,0,0,0,0,0,0,0,0,0,0,0,0,0,,9.280311075846354,-0.5,0.0,-0.004402875900268555,0.04999999701976776,0.0,0.0,-0.004000000189989805,-0.12253138422966003,map_a,map_a_open,RULESET_V3_M1_OWN_FLAG_HOME,73b77ac3a0efb2c33a4498544c96bb702a656cbbfe17af18ec859c6d6b4c2142,True
1167,sappo_pi_A_specialist_1p5M_seed7100001,48532,1274272,622,26,,OP3,OPPONENT_POOL,train,map_a_open,-1,0,SCRIPTED:OP6,5,1,1,0,1,240,0.47999998927116394,1,0,0,19,0,0,0,0,0,0,0,0,0,0,0,0,0,0,0,0,57.0,11.503872680664063,1.0,0.0,-0.009284839034080505,0.04999999701976776,0.0,0.0,-0.00800000037997961,0.2454306036233902,map_a,map_a_open,RULESET_V3_M1_OWN_FLAG_HOME,73b77ac3a0efb2c33a4498544c96bb702a656cbbfe17af18ec859c6d6b4c2142,True
1168,sappo_pi_A_specialist_1p5M_seed7100001,48532,1274768,622,57,,OP3,OPPONENT_POOL,train,map_a_open,-1,0,SCRIPTED:OP6,5,1,1,0,1,240,0.6800000071525574,1,0,0,17,0,0,0,0,0,0,0,0,0,0,0,0,0,0,0,0,39.0,12.138563028971355,1.0,0.0,-0.018460050225257874,0.04999999701976776,0.0,0.0,0.0,0.24677075445652008,map_a,map_a_open,RULESET_V3_M1_OWN_FLAG_HOME,73b77ac3a0efb2c33a4498544c96bb702a656cbbfe17af18ec859c6d6b4c2142,True
1169,sappo_pi_A_specialist_1p5M_seed7100001,48532,1275216,622,85,,OP3,OPPONENT_POOL,train,map_a_open,-1,0,SCRIPTED:OP6,5,1,1,0,1,240,0.5600000023841858,1,0,0,90,0,0,0,0,0,0,0,0,0,0,0,0,0,0,0,0,102.0,8.475955708821614,1.0,0.0,-0.0034371167421340942,0.04999999701976776,0.0,0.0,0.0,0.24765229225158691,map_a,map_a_open,RULESET_V3_M1_OWN_FLAG_HOME,73b77ac3a0efb2c33a4498544c96bb702a656cbbfe17af18ec859c6d6b4c2142,True
1170,sappo_pi_A_specialist_1p5M_seed7100001,48532,1275296,622,90,,OP3,OPPONENT_POOL,train,map_a_open,-1,0,SCRIPTED:OP6,5,0,0,0,0,240,0.4399999976158142,1,0,0,21,0,0,0,0,0,0,0,0,0,0,0,0,0,0,0,0,,12.539159138997396,-0.5,0.0,-0.021982908248901367,0.04999999701976776,0.0,0.0,0.0,-0.12262864410877228,map_a,map_a_open,RULESET_V3_M1_OWN_FLAG_HOME,73b77ac3a0efb2c33a4498544c96bb702a656cbbfe17af18ec859c6d6b4c2142,True
1171,sappo_pi_A_specialist_1p5M_seed7100001,48532,1275408,622,97,,OP3,OPPONENT_POOL,train,map_a_open,-1,0,SCRIPTED:OP6,5,1,1,0,1,240,0.5199999809265137,1,0,0,107,0,0,0,0,0,0,0,0,0,0,0,0,0,0,0,0,86.0,7.530069478352865,1.0,0.0,-0.00591394305229187,0.04999999701976776,0.0,0.0,0.0,0.2475069910287857,map_a,map_a_open,RULESET_V3_M1_OWN_FLAG_HOME,73b77ac3a0efb2c33a4498544c96bb702a656cbbfe17af18ec859c6d6b4c2142,True
1172,sappo_pi_A_specialist_1p5M_seed7100001,48532,1275552,622,106,,OP3,OPPONENT_POOL,train,map_a_open,-1,0,SCRIPTED:OP6,5,0,0,1,-1,240,0.35999998450279236,1,0,0,45,0,0,0,0,0,0,0,0,0,0,0,0,0,0,0,0,59.0,11.116337076822917,-1.0,0.0,0.007592633366584778,0.04999920353293419,0.0,0.0,0.0,-0.241532102227211,map_a,map_a_open,RULESET_V3_M1_OWN_FLAG_HOME,73b77ac3a0efb2c33a4498544c96bb702a656cbbfe17af18ec859c6d6b4c2142,True
1173,sappo_pi_A_specialist_1p5M_seed7100001,48532,1275632,622,111,,OP3,OPPONENT_POOL,train,map_a_open,-1,0,SCRIPTED:OP6,5,1,1,0,1,240,0.4399999976158142,1,0,0,94,0,0,0,0,0,0,0,0,0,0,0,0,0,0,0,0,43.0,6.566802469889323,1.0,0.0,-0.016451552510261536,0.049999915063381195,0.0,0.0,-0.004000000189989805,0.2459493726491928,map_a,map_a_open,RULESET_V3_M1_OWN_FLAG_HOME,73b77ac3a0efb2c33a4498544c96bb702a656cbbfe17af18ec859c6d6b4c2142,True
1174,sappo_pi_A_specialist_1p5M_seed7100001,48532,1275856,622,125,,OP3,OPPONENT_POOL,train,map_a_open,-1,0,SCRIPTED:OP6,5,1,3,1,2,143,0.5199999809265137,0,1,0,39,0,0,0,0,0,0,0,0,0,0,0,0,0,0,0,0,39.0,4.607714246203016,1.0,0.5,-0.01023547351360321,0.0,1.0,100.0,0.0,0.5541566610336304,map_a,map_a_open,RULESET_V3_M1_OWN_FLAG_HOME,73b77ac3a0efb2c33a4498544c96bb702a656cbbfe17af18ec859c6d6b4c2142,True
1175,sappo_pi_A_specialist_1p5M_seed7100001,48532,1275872,622,126,,OP3,OPPONENT_POOL,train,map_a_open,-1,0,SCRIPTED:OP6,5,1,3,0,3,112,0.4399999976158142,0,1,0,38,0,0,0,0,0,0,0,0,0,0,0,0,0,0,0,0,41.0,5.166131155831473,1.0,0.5,-0.009458377957344055,0.0,1.0,100.0,-0.004000000189989805,0.5534970164299011,map_a,map_a_open,RULESET_V3_M1_OWN_FLAG_HOME,73b77ac3a0efb2c33a4498544c96bb702a656cbbfe17af18ec859c6d6b4c2142,True
1176,sappo_pi_A_specialist_1p5M_seed7100001,48532,1276064,623,10,,OP3,OPPONENT_POOL,train,map_a_open,-1,0,SCRIPTED:OP6,5,0,0,0,0,240,0.4399999976158142,1,0,0,11,0,0,0,0,0,0,0,0,0,0,0,0,0,0,0,0,,12.466355387369791,-0.5,0.0,-0.016238465905189514,0.04999999701976776,0.0,0.0,0.0,-0.12227500230073929,map_a,map_a_open,RULESET_V3_M1_OWN_FLAG_HOME,73b77ac3a0efb2c33a4498544c96bb702a656cbbfe17af18ec859c6d6b4c2142,True
1177,sappo_pi_A_specialist_1p5M_seed7100001,48532,1276160,623,16,,OP3,OPPONENT_POOL,train,map_a_open,-1,0,SCRIPTED:OP6,5,1,1,0,1,240,0.5600000023841858,1,0,0,38,0,0,0,0,0,0,0,0,0,0,0,0,0,0,0,0,89.0,10.174162801106771,1.0,0.0,0.0009859055280685425,0.04999999701976776,0.0,0.0,-0.004000000189989805,0.24697300791740417,map_a,map_a_open,RULESET_V3_M1_OWN_FLAG_HOME,73b77ac3a0efb2c33a4498544c96bb702a656cbbfe17af18ec859c6d6b4c2142,True
1178,sappo_pi_A_specialist_1p5M_seed7100001,48532,1276560,623,41,,OP3,OPPONENT_POOL,train,map_a_open,-1,0,SCRIPTED:OP6,5,1,2,0,2,240,0.47999998927116394,1,0,0,39,0,0,0,0,0,0,0,0,0,0,0,0,0,0,0,0,44.0,10.681125895182292,1.0,0.0,-0.0059877485036849976,0.04999999701976776,0.0,0.0,-0.004000000189989805,0.24656368792057037,map_a,map_a_open,RULESET_V3_M1_OWN_FLAG_HOME,73b77ac3a0efb2c33a4498544c96bb702a656cbbfe17af18ec859c6d6b4c2142,True
1179,sappo_pi_A_specialist_1p5M_seed7100001,48532,1277024,623,70,,OP3,OPPONENT_POOL,train,map_a_open,-1,0,SCRIPTED:OP6,5,1,3,0,3,101,0.47999998927116394,1,0,0,24,0,0,0,0,0,0,0,0,0,0,0,0,0,0,0,0,42.0,5.868968397083849,1.0,0.5,-0.009770065546035767,0.0,1.0,100.0,0.0,0.5541768074035645,map_a,map_a_open,RULESET_V3_M1_OWN_FLAG_HOME,73b77ac3a0efb2c33a4498544c96bb702a656cbbfe17af18ec859c6d6b4c2142,True
1180,sappo_pi_A_specialist_1p5M_seed7100001,48532,1277296,623,87,,OP3,OPPONENT_POOL,train,map_a_open,-1,0,SCRIPTED:OP6,5,0,0,0,0,240,0.5199999809265137,1,0,0,17,0,0,0,0,0,0,0,0,0,0,0,0,0,0,0,0,,12.656700642903646,-0.5,0.0,-0.021788358688354492,0.04999999701976776,0.0,0.0,0.0,-0.12261667102575302,map_a,map_a_open,RULESET_V3_M1_OWN_FLAG_HOME,73b77ac3a0efb2c33a4498544c96bb702a656cbbfe17af18ec859c6d6b4c2142,True
1181,sappo_pi_A_specialist_1p5M_seed7100001,48532,1277488,623,99,,OP3,OPPONENT_POOL,train,map_a_open,-1,0,SCRIPTED:OP6,5,1,1,0,1,240,0.5600000023841858,0,2,0,53,0,0,0,0,0,0,0,0,0,0,0,0,0,0,0,0,79.0,9.971193440755208,1.0,0.0,-0.009504884481430054,0.04999999701976776,0.0,0.0,-0.004000000189989805,0.24635721743106842,map_a,map_a_open,RULESET_V3_M1_OWN_FLAG_HOME,73b77ac3a0efb2c33a4498544c96bb702a656cbbfe17af18ec859c6d6b4c2142,True
1182,sappo_pi_A_specialist_1p5M_seed7100001,48532,1277632,623,108,,OP3,OPPONENT_POOL,train,map_a_open,-1,0,SCRIPTED:OP6,5,0,0,0,0,240,0.4399999976158142,0,1,0,21,0,0,0,0,0,0,0,0,0,0,0,0,0,0,0,0,,12.559267171223958,-0.5,0.0,-0.0001626908779144287,0.04999999701976776,0.0,0.0,0.0,-0.12128516286611557,map_a,map_a_open,RULESET_V3_M1_OWN_FLAG_HOME,73b77ac3a0efb2c33a4498544c96bb702a656cbbfe17af18ec859c6d6b4c2142,True
1183,sappo_pi_A_specialist_1p5M_seed7100001,48532,1277664,623,110,,OP3,OPPONENT_POOL,train,map_a_open,-1,0,SCRIPTED:OP6,5,0,0,0,0,240,0.5600000023841858,1,0,0,11,0,0,0,0,0,0,0,0,0,0,0,0,0,0,0,0,,13.054022216796875,-0.5,0.0,-0.011985376477241516,0.04999999701976776,0.0,0.0,-0.004000000189989805,-0.12299814075231552,map_a,map_a_open,RULESET_V3_M1_OWN_FLAG_HOME,73b77ac3a0efb2c33a4498544c96bb702a656cbbfe17af18ec859c6d6b4c2142,True
1184,sappo_pi_A_specialist_1p5M_seed7100001,48532,1278112,624,10,,OP3,OPPONENT_POOL,train,map_a_open,-1,0,SCRIPTED:OP6,5,0,0,0,0,240,0.5999999642372131,0,1,0,35,0,0,0,0,0,0,0,0,0,0,0,0,0,0,0,0,,11.09026387532552,-0.5,0.0,-0.004709690809249878,0.04999999701976776,0.0,0.0,-0.004000000189989805,-0.12255026400089264,map_a,map_a_open,RULESET_V3_M1_OWN_FLAG_HOME,73b77ac3a0efb2c33a4498544c96bb702a656cbbfe17af18ec859c6d6b4c2142,True
1185,sappo_pi_A_specialist_1p5M_seed7100001,48532,1278384,624,27,,OP3,OPPONENT_POOL,train,map_a_open,-1,0,SCRIPTED:OP6,5,1,3,0,3,85,0.2800000011920929,1,0,0,25,0,0,0,0,0,0,0,0,0,0,0,0,0,0,0,0,28.0,5.072288961971507,1.0,0.5,-0.0038149207830429077,0.0,1.0,100.0,0.0,0.554434597492218,map_a,map_a_open,RULESET_V3_M1_OWN_FLAG_HOME,73b77ac3a0efb2c33a4498544c96bb702a656cbbfe17af18ec859c6d6b4c2142,True
1186,sappo_pi_A_specialist_1p5M_seed7100001,48532,1278560,624,38,,OP3,OPPONENT_POOL,train,map_a_open,-1,0,SCRIPTED:OP6,5,0,0,3,-3,168,0.47999998927116394,0,1,0,88,0,0,0,0,0,0,0,0,0,0,0,0,0,0,0,0,50.0,4.516078767322359,-1.0,-0.5,-0.020513951778411865,0.0,-1.0,-100.0,-0.00800000037997961,-0.5568681955337524,map_a,map_a_open,RULESET_V3_M1_OWN_FLAG_HOME,73b77ac3a0efb2c33a4498544c96bb702a656cbbfe17af18ec859c6d6b4c2142,True
1187,sappo_pi_A_specialist_1p5M_seed7100001,48532,1278608,624,41,,OP3,OPPONENT_POOL,train,map_a_open,-1,0,SCRIPTED:OP6,5,0,0,0,0,240,0.47999998927116394,0,1,0,25,0,0,0,0,0,0,0,0,0,0,0,0,0,0,0,0,,12.750716145833334,-0.5,0.0,-0.01679125428199768,0.04999999701976776,0.0,0.0,0.0,-0.12230903655290604,map_a,map_a_open,RULESET_V3_M1_OWN_FLAG_HOME,73b77ac3a0efb2c33a4498544c96bb702a656cbbfe17af18ec859c6d6b4c2142,True
1188,sappo_pi_A_specialist_1p5M_seed7100001,48532,1279056,624,69,,OP3,OPPONENT_POOL,train,map_a_open,-1,0,SCRIPTED:OP6,5,0,0,0,0,240,0.47999998927116394,1,0,0,19,0,0,0,0,0,0,0,0,0,0,0,0,0,0,0,0,,12.744088745117187,-0.5,0.0,0.010899290442466736,0.04999999701976776,0.0,0.0,0.0,-0.12060390412807465,map_a,map_a_open,RULESET_V3_M1_OWN_FLAG_HOME,73b77ac3a0efb2c33a4498544c96bb702a656cbbfe17af18ec859c6d6b4c2142,True
1189,sappo_pi_A_specialist_1p5M_seed7100001,48532,1279136,624,74,,OP3,OPPONENT_POOL,train,map_a_open,-1,0,SCRIPTED:OP6,5,0,0,0,0,240,0.3199999928474426,1,0,0,13,0,0,0,0,0,0,0,0,0,0,0,0,0,0,0,0,,12.990571085611979,-0.5,0.0,-0.002473875880241394,0.04999999701976776,0.0,0.0,0.0,-0.12142748385667801,map_a,map_a_open,RULESET_V3_M1_OWN_FLAG_HOME,73b77ac3a0efb2c33a4498544c96bb702a656cbbfe17af18ec859c6d6b4c2142,True
1190,sappo_pi_A_specialist_1p5M_seed7100001,48532,1279376,624,89,,OP3,OPPONENT_POOL,train,map_a_open,-1,0,SCRIPTED:OP6,5,1,3,0,3,207,0.5600000023841858,1,0,0,97,0,0,0,0,0,0,0,0,0,0,0,0,0,0,0,0,43.0,4.704427083333333,1.0,0.5,0.006104528903961182,0.0,1.0,100.0,-0.004000000189989805,0.5541713833808899,map_a,map_a_open,RULESET_V3_M1_OWN_FLAG_HOME,73b77ac3a0efb2c33a4498544c96bb702a656cbbfe17af18ec859c6d6b4c2142,True
1191,sappo_pi_A_specialist_1p5M_seed7100001,48532,1279392,624,90,,OP3,OPPONENT_POOL,train,map_a_open,-1,0,SCRIPTED:OP6,5,1,2,1,1,240,0.5199999809265137,0,1,0,119,0,0,0,0,0,0,0,0,0,0,0,0,0,0,0,0,79.0,4.520769246419271,1.0,0.0,0.007255613803863525,0.0,0.0,0.0,-0.004000000189989805,0.2444048374891281,map_a,map_a_open,RULESET_V3_M1_OWN_FLAG_HOME,73b77ac3a0efb2c33a4498544c96bb702a656cbbfe17af18ec859c6d6b4c2142,True
1192,sappo_pi_A_specialist_1p5M_seed7100001,48532,1279472,624,95,,OP3,OPPONENT_POOL,train,map_a_open,-1,0,SCRIPTED:OP6,5,1,1,0,1,240,0.4399999976158142,1,0,0,59,0,0,0,0,0,0,0,0,0,0,0,0,0,0,0,0,55.0,8.843550618489584,1.0,0.0,0.02007250487804413,0.04999999701976776,0.0,0.0,-0.004000000189989805,0.24809281527996063,map_a,map_a_open,RULESET_V3_M1_OWN_FLAG_HOME,73b77ac3a0efb2c33a4498544c96bb702a656cbbfe17af18ec859c6d6b4c2142,True
1193,sappo_pi_A_specialist_1p5M_seed7100001,48532,1279696,624,109,,OP3,OPPONENT_POOL,train,map_a_open,-1,0,SCRIPTED:OP6,5,1,1,0,1,240,0.3999999761581421,1,0,0,25,0,0,0,0,0,0,0,0,0,0,0,0,0,0,0,0,44.0,10.96787821451823,1.0,0.0,-0.004992425441741943,0.04999999701976776,0.0,0.0,0.0,0.24756106734275818,map_a,map_a_open,RULESET_V3_M1_OWN_FLAG_HOME,73b77ac3a0efb2c33a4498544c96bb702a656cbbfe17af18ec859c6d6b4c2142,True
1194,sappo_pi_A_specialist_1p5M_seed7100001,48532,1280000,624,128,,OP3,OPPONENT_POOL,train,map_a_open,-1,0,SCRIPTED:OP6,5,1,1,0,1,240,0.47999998927116394,0,1,0,42,0,0,0,0,0,0,0,0,0,0,0,0,0,0,0,0,47.0,11.27874755859375,1.0,0.0,-0.008998274803161621,0.04999999701976776,0.0,0.0,-0.004000000189989805,0.24638696014881134,map_a,map_a_open,RULESET_V3_M1_OWN_FLAG_HOME,73b77ac3a0efb2c33a4498544c96bb702a656cbbfe17af18ec859c6d6b4c2142,True
1195,sappo_pi_A_specialist_1p5M_seed7100001,48532,1280400,625,25,,OP3,OPPONENT_POOL,train,map_a_open,-1,0,SCRIPTED:OP6,5,1,1,0,1,240,0.5199999809265137,1,0,0,21,0,0,0,0,0,0,0,0,0,0,0,0,0,0,0,0,45.0,11.841487630208333,1.0,0.0,0.008488968014717102,0.04999997094273567,0.0,0.0,-0.004000000189989805,0.2474132925271988,map_a,map_a_open,RULESET_V3_M1_OWN_FLAG_HOME,73b77ac3a0efb2c33a4498544c96bb702a656cbbfe17af18ec859c6d6b4c2142,True
1196,sappo_pi_A_specialist_1p5M_seed7100001,48532,1281136,625,71,,OP3,OPPONENT_POOL,train,map_a_open,-1,0,SCRIPTED:OP6,5,0,0,0,0,240,0.5199999809265137,1,0,0,9,0,0,0,0,0,0,0,0,0,0,0,0,0,0,0,0,,13.34769795735677,-0.5,0.0,0.013167902827262878,0.04999999701976776,0.0,0.0,-0.004000000189989805,-0.1214495450258255,map_a,map_a_open,RULESET_V3_M1_OWN_FLAG_HOME,73b77ac3a0efb2c33a4498544c96bb702a656cbbfe17af18ec859c6d6b4c2142,True
1197,sappo_pi_A_specialist_1p5M_seed7100001,48532,1281328,625,83,,OP3,OPPONENT_POOL,train,map_a_open,-1,0,SCRIPTED:OP6,5,0,0,1,-1,240,0.5600000023841858,1,0,0,14,0,0,0,0,0,0,0,0,0,0,0,0,0,0,0,0,43.0,12.430196126302084,-1.0,0.0,-0.007113650441169739,0.04999999701976776,0.0,0.0,-0.00800000037997961,-0.24427898228168488,map_a,map_a_open,RULESET_V3_M1_OWN_FLAG_HOME,73b77ac3a0efb2c33a4498544c96bb702a656cbbfe17af18ec859c6d6b4c2142,True
1198,sappo_pi_A_specialist_1p5M_seed7100001,48532,1281472,625,92,,OP3,OPPONENT_POOL,train,map_a_open,-1,0,SCRIPTED:OP6,5,0,0,0,0,240,0.4399999976158142,1,0,0,20,0,0,0,0,0,0,0,0,0,0,0,0,0,0,0,0,,12.300765991210938,-0.5,0.0,-0.007553890347480774,0.04999999701976776,0.0,0.0,0.0,-0.12174028903245926,map_a,map_a_open,RULESET_V3_M1_OWN_FLAG_HOME,73b77ac3a0efb2c33a4498544c96bb702a656cbbfe17af18ec859c6d6b4c2142,True
1199,sappo_pi_A_specialist_1p5M_seed7100001,48532,1281504,625,94,,OP3,OPPONENT_POOL,train,map_a_open,-1,0,SCRIPTED:OP6,5,1,1,0,1,240,0.4399999976158142,1,0,0,25,0,0,0,0,0,0,0,0,0,0,0,0,0,0,0,0,29.0,12.299648030598958,1.0,0.0,0.007935062050819397,0.04999999701976776,0.0,0.0,-0.004000000189989805,0.247380793094635,map_a,map_a_open,RULESET_V3_M1_OWN_FLAG_HOME,73b77ac3a0efb2c33a4498544c96bb702a656cbbfe17af18ec859c6d6b4c2142,True
1200,sappo_pi_A_specialist_1p5M_seed7100001,48532,1281952,625,122,,OP3,OPPONENT_POOL,train,map_a_open,-1,0,SCRIPTED:OP6,5,1,2,0,2,240,0.5600000023841858,0,1,0,98,0,0,0,0,0,0,0,0,0,0,0,0,0,0,0,0,32.0,7.309779357910156,1.0,0.0,-0.0011100471019744873,0.04999999701976776,0.0,0.0,0.0,0.24778883159160614,map_a,map_a_open,RULESET_V3_M1_OWN_FLAG_HOME,73b77ac3a0efb2c33a4498544c96bb702a656cbbfe17af18ec859c6d6b4c2142,True
1201,sappo_pi_A_specialist_1p5M_seed7100001,48532,1282224,626,11,,OP3,OPPONENT_POOL,train,map_a_open,-1,0,SCRIPTED:OP6,5,1,1,0,1,240,0.5999999642372131,1,0,0,24,0,0,0,0,0,0,0,0,0,0,0,0,0,0,0,0,47.0,11.889786783854166,1.0,0.0,-0.006465256214141846,0.04999999701976776,0.0,0.0,-0.004000000189989805,0.24653564393520355,map_a,map_a_open,RULESET_V3_M1_OWN_FLAG_HOME,73b77ac3a0efb2c33a4498544c96bb702a656cbbfe17af18ec859c6d6b4c2142,True
1202,sappo_pi_A_specialist_1p5M_seed7100001,48532,1282400,626,22,,OP3,OPPONENT_POOL,train,map_a_open,-1,0,SCRIPTED:OP6,5,0,0,0,0,240,0.4399999976158142,0,1,0,25,0,0,0,0,0,0,0,0,0,0,0,0,0,0,0,0,,12.67096659342448,-0.5,0.0,-0.0026804953813552856,0.04999999701976776,0.0,0.0,0.0,-0.12144020944833755,map_a,map_a_open,RULESET_V3_M1_OWN_FLAG_HOME,73b77ac3a0efb2c33a4498544c96bb702a656cbbfe17af18ec859c6d6b4c2142,True
1203,sappo_pi_A_specialist_1p5M_seed7100001,48532,1282448,626,25,,OP3,OPPONENT_POOL,train,map_a_open,-1,0,SCRIPTED:OP6,5,1,2,0,2,240,0.5999999642372131,0,1,0,97,0,0,0,0,0,0,0,0,0,0,0,0,0,0,0,0,44.0,6.2626195271809895,1.0,0.0,-0.01768498122692108,0.04999999701976776,0.0,0.0,-0.004000000189989805,0.24587693810462952,map_a,map_a_open,RULESET_V3_M1_OWN_FLAG_HOME,73b77ac3a0efb2c33a4498544c96bb702a656cbbfe17af18ec859c6d6b4c2142,True
1204,sappo_pi_A_specialist_1p5M_seed7100001,48532,1282576,626,33,,OP3,OPPONENT_POOL,train,map_a_open,-1,0,SCRIPTED:OP6,5,1,3,0,3,194,0.3999999761581421,0,1,0,85,0,0,0,0,0,0,0,0,0,0,0,0,0,0,0,0,68.0,3.8783692035478414,1.0,0.5,0.004857376217842102,0.0,1.0,100.0,-0.004000000189989805,0.5541173219680786,map_a,map_a_open,RULESET_V3_M1_OWN_FLAG_HOME,73b77ac3a0efb2c33a4498544c96bb702a656cbbfe17af18ec859c6d6b4c2142,True
1205,sappo_pi_A_specialist_1p5M_seed7100001,48532,1282896,626,53,,OP3,OPPONENT_POOL,train,map_a_open,-1,0,SCRIPTED:OP6,5,0,0,0,0,240,0.5999999642372131,0,1,0,42,0,0,0,0,0,0,0,0,0,0,0,0,0,0,0,0,,10.78205057779948,-0.5,0.0,0.021054208278656006,0.04999999701976776,0.0,0.0,0.0,-0.1199784055352211,map_a,map_a_open,RULESET_V3_M1_OWN_FLAG_HOME,73b77ac3a0efb2c33a4498544c96bb702a656cbbfe17af18ec859c6d6b4c2142,True
1206,sappo_pi_A_specialist_1p5M_seed7100001,48532,1282976,626,58,,OP3,OPPONENT_POOL,train,map_a_open,-1,0,SCRIPTED:OP6,5,1,1,0,1,240,0.47999998927116394,0,1,0,46,0,0,0,0,0,0,0,0,0,0,0,0,0,0,0,0,84.0,9.432396443684896,1.0,0.0,-0.022328808903694153,0.04999999701976776,0.0,0.0,0.0,0.24654367566108704,map_a,map_a_open,RULESET_V3_M1_OWN_FLAG_HOME,73b77ac3a0efb2c33a4498544c96bb702a656cbbfe17af18ec859c6d6b4c2142,True
1207,sappo_pi_A_specialist_1p5M_seed7100001,48532,1283216,626,73,,OP3,OPPONENT_POOL,train,map_a_open,-1,0,SCRIPTED:OP6,5,0,0,0,0,240,0.5199999809265137,1,0,0,10,0,0,0,0,0,0,0,0,0,0,0,0,0,0,0,0,,13.12520751953125,-0.5,0.0,0.014807060360908508,0.04999999701976776,0.0,0.0,0.0,-0.12036321312189102,map_a,map_a_open,RULESET_V3_M1_OWN_FLAG_HOME,73b77ac3a0efb2c33a4498544c96bb702a656cbbfe17af18ec859c6d6b4c2142,True
1208,sappo_pi_A_specialist_1p5M_seed7100001,48532,1283232,626,74,,OP3,OPPONENT_POOL,train,map_a_open,-1,0,SCRIPTED:OP6,5,0,0,0,0,240,0.47999998927116394,1,0,0,35,0,0,0,0,0,0,0,0,0,0,0,0,0,0,0,0,,11.549569702148437,-0.5,0.0,-0.0056527405977249146,0.04999999701976776,0.0,0.0,-0.004000000189989805,-0.12260831892490387,map_a,map_a_open,RULESET_V3_M1_OWN_FLAG_HOME,73b77ac3a0efb2c33a4498544c96bb702a656cbbfe17af18ec859c6d6b4c2142,True
1209,sappo_pi_A_specialist_1p5M_seed7100001,48532,1283536,626,93,,OP3,OPPONENT_POOL,train,map_a_open,-1,0,SCRIPTED:OP6,5,0,0,0,0,240,0.5999999642372131,1,0,0,12,0,0,0,0,0,0,0,0,0,0,0,0,0,0,0,0,,12.739506022135417,-0.5,0.0,-0.015510931611061096,0.04999999701976776,0.0,0.0,0.0,-0.12223020941019058,map_a,map_a_open,RULESET_V3_M1_OWN_FLAG_HOME,73b77ac3a0efb2c33a4498544c96bb702a656cbbfe17af18ec859c6d6b4c2142,True
1210,sappo_pi_A_specialist_1p5M_seed7100001,48532,1283840,626,112,,OP3,OPPONENT_POOL,train,map_a_open,-1,0,SCRIPTED:OP6,5,1,2,0,2,240,0.5999999642372131,0,1,0,106,0,0,0,0,0,0,0,0,0,0,0,0,0,0,0,0,44.0,7.66371815999349,1.0,0.0,-0.009350672364234924,0.04999994486570358,0.0,0.0,-0.004000000189989805,0.24636626243591309,map_a,map_a_open,RULESET_V3_M1_OWN_FLAG_HOME,73b77ac3a0efb2c33a4498544c96bb702a656cbbfe17af18ec859c6d6b4c2142,True
1211,sappo_pi_A_specialist_1p5M_seed7100001,48532,1284240,627,9,,OP3,OPPONENT_POOL,train,map_a_open,-1,0,SCRIPTED:OP6,5,1,1,0,1,240,0.47999998927116394,1,0,0,29,0,0,0,0,0,0,0,0,0,0,0,0,0,0,0,0,59.0,11.447321573893229,1.0,0.0,-0.027646899223327637,0.04999999701976776,0.0,0.0,0.0,0.24623146653175354,map_a,map_a_open,RULESET_V3_M1_OWN_FLAG_HOME,73b77ac3a0efb2c33a4498544c96bb702a656cbbfe17af18ec859c6d6b4c2142,True
1212,sappo_pi_A_specialist_1p5M_seed7100001,48532,1284976,627,55,,OP3,OPPONENT_POOL,train,map_a_open,-1,0,SCRIPTED:OP6,5,0,0,0,0,240,0.4399999976158142,1,0,0,12,0,0,0,0,0,0,0,0,0,0,0,0,0,0,0,0,,13.214158121744791,-0.5,0.0,-0.0024610310792922974,0.04999999701976776,0.0,0.0,0.0,-0.12142669409513474,map_a,map_a_open,RULESET_V3_M1_OWN_FLAG_HOME,73b77ac3a0efb2c33a4498544c96bb702a656cbbfe17af18ec859c6d6b4c2142,True
1213,sappo_pi_A_specialist_1p5M_seed7100001,48532,1285168,627,67,,OP3,OPPONENT_POOL,train,map_a_open,-1,0,SCRIPTED:OP6,5,0,0,0,0,240,0.5199999809265137,1,0,0,9,0,0,0,0,0,0,0,0,0,0,0,0,0,0,0,0,,13.083796183268229,-0.5,0.0,-0.008902713656425476,0.04999907314777374,0.0,0.0,0.0,-0.12182340025901794,map_a,map_a_open,RULESET_V3_M1_OWN_FLAG_HOME,73b77ac3a0efb2c33a4498544c96bb702a656cbbfe17af18ec859c6d6b4c2142,True
1214,sappo_pi_A_specialist_1p5M_seed7100001,48532,1285312,627,76,,OP3,OPPONENT_POOL,train,map_a_open,-1,0,SCRIPTED:OP6,5,1,2,0,2,240,0.5999999642372131,1,0,0,28,0,0,0,0,0,0,0,0,0,0,0,0,0,0,0,0,31.0,10.446685791015625,1.0,0.0,0.003909289836883545,0.04999999701976776,0.0,0.0,0.0,0.24808324873447418,map_a,map_a_open,RULESET_V3_M1_OWN_FLAG_HOME,73b77ac3a0efb2c33a4498544c96bb702a656cbbfe17af18ec859c6d6b4c2142,True
1215,sappo_pi_A_specialist_1p5M_seed7100001,48532,1285344,627,78,,OP3,OPPONENT_POOL,train,map_a_open,-1,0,SCRIPTED:OP6,5,0,0,2,-2,240,0.35999998450279236,0,1,0,103,0,0,0,0,0,0,0,0,0,0,0,0,0,0,0,0,70.0,5.71309814453125,-1.0,0.0,-0.006893128156661987,0.04999999701976776,0.0,0.0,0.0,-0.2423844188451767,map_a,map_a_open,RULESET_V3_M1_OWN_FLAG_HOME,73b77ac3a0efb2c33a4498544c96bb702a656cbbfe17af18ec859c6d6b4c2142,True
1216,sappo_pi_A_specialist_1p5M_seed7100001,48532,1285456,627,85,,OP3,OPPONENT_POOL,train,map_a_open,-1,0,SCRIPTED:OP6,5,1,3,1,2,202,0.5199999809265137,1,0,0,105,0,0,0,0,0,0,0,0,0,0,0,0,0,0,0,0,75.0,4.774131246132426,1.0,0.5,-0.01022288203239441,0.0,1.0,100.0,0.0,0.5541571378707886,map_a,map_a_open,RULESET_V3_M1_OWN_FLAG_HOME,73b77ac3a0efb2c33a4498544c96bb702a656cbbfe17af18ec859c6d6b4c2142,True
1217,sappo_pi_A_specialist_1p5M_seed7100001,48532,1285792,627,106,,OP3,OPPONENT_POOL,train,map_a_open,-1,0,SCRIPTED:OP6,5,0,0,1,-1,240,0.5600000023841858,0,1,0,112,0,0,0,0,0,0,0,0,0,0,0,0,0,0,0,0,129.0,7.1668858846028645,-1.0,0.0,0.00759550929069519,0.04999999701976776,0.0,0.0,0.0,-0.24153189361095428,map_a,map_a_open,RULESET_V3_M1_OWN_FLAG_HOME,73b77ac3a0efb2c33a4498544c96bb702a656cbbfe17af18ec859c6d6b4c2142,True
1218,sappo_pi_A_specialist_1p5M_seed7100001,48532,1286240,628,6,,OP3,OPPONENT_POOL,train,map_a_open,-1,0,SCRIPTED:OP6,5,1,2,0,2,240,0.6800000071525574,0,1,0,82,0,0,0,0,0,0,0,0,0,0,0,0,0,0,0,0,35.0,8.408045959472656,1.0,0.0,0.019127070903778076,0.04999999701976776,0.0,0.0,0.0,0.24897561967372894,map_a,map_a_open,RULESET_V3_M1_OWN_FLAG_HOME,73b77ac3a0efb2c33a4498544c96bb702a656cbbfe17af18ec859c6d6b4c2142,True
1219,sappo_pi_A_specialist_1p5M_seed7100001,48532,1286288,628,9,,OP3,OPPONENT_POOL,train,map_a_open,-1,0,SCRIPTED:OP6,5,1,2,0,2,240,0.5999999642372131,1,0,0,70,0,0,0,0,0,0,0,0,0,0,0,0,0,0,0,0,59.0,8.621119181315104,1.0,0.0,0.0036528557538986206,0.04999999701976776,0.0,0.0,-0.004000000189989805,0.24712952971458435,map_a,map_a_open,RULESET_V3_M1_OWN_FLAG_HOME,73b77ac3a0efb2c33a4498544c96bb702a656cbbfe17af18ec859c6d6b4c2142,True
1220,sappo_pi_A_specialist_1p5M_seed7100001,48532,1286416,628,17,,OP3,OPPONENT_POOL,train,map_a_open,-1,0,SCRIPTED:OP6,5,1,1,0,1,240,0.5199999809265137,1,0,0,34,0,0,0,0,0,0,0,0,0,0,0,0,0,0,0,0,36.0,10.081223551432291,1.0,0.0,0.001065269112586975,0.049928367137908936,0.0,0.0,-0.004000000189989805,0.24697345495224,map_a,map_a_open,RULESET_V3_M1_OWN_FLAG_HOME,73b77ac3a0efb2c33a4498544c96bb702a656cbbfe17af18ec859c6d6b4c2142,True
1221,sappo_pi_A_specialist_1p5M_seed7100001,48532,1286736,628,37,,OP3,OPPONENT_POOL,train,map_a_open,-1,0,SCRIPTED:OP6,5,1,1,0,1,240,0.5999999642372131,1,0,0,13,0,0,0,0,0,0,0,0,0,0,0,0,0,0,0,0,42.0,11.984766642252604,1.0,0.0,0.008218169212341309,0.04999936744570732,0.0,0.0,0.0,0.24833592772483826,map_a,map_a_open,RULESET_V3_M1_OWN_FLAG_HOME,73b77ac3a0efb2c33a4498544c96bb702a656cbbfe17af18ec859c6d6b4c2142,True
1222,sappo_pi_A_specialist_1p5M_seed7100001,48532,1286816,628,42,,OP3,OPPONENT_POOL,train,map_a_open,-1,0,SCRIPTED:OP6,5,1,2,1,1,240,0.47999998927116394,1,0,0,71,0,0,0,0,0,0,0,0,0,0,0,0,0,0,0,0,77.0,6.805362955729167,1.0,0.0,-0.004895031452178955,0.04997938871383667,0.0,0.0,0.0,0.24756556749343872,map_a,map_a_open,RULESET_V3_M1_OWN_FLAG_HOME,73b77ac3a0efb2c33a4498544c96bb702a656cbbfe17af18ec859c6d6b4c2142,True
1223,sappo_pi_A_specialist_1p5M_seed7100001,48532,1287056,628,57,,OP3,OPPONENT_POOL,train,map_a_open,-1,0,SCRIPTED:OP6,5,1,1,0,1,240,0.5999999642372131,1,0,0,79,0,0,0,0,0,0,0,0,0,0,0,0,0,0,0,0,153.0,7.367034403483073,1.0,0.0,-0.011699780821800232,0.04999999701976776,0.0,0.0,0.0,0.24716749787330627,map_a,map_a_open,RULESET_V3_M1_OWN_FLAG_HOME,73b77ac3a0efb2c33a4498544c96bb702a656cbbfe17af18ec859c6d6b4c2142,True
1224,sappo_pi_A_specialist_1p5M_seed7100001,48532,1287072,628,58,,OP3,OPPONENT_POOL,train,map_a_open,-1,0,SCRIPTED:OP6,5,1,2,0,2,240,0.4399999976158142,1,0,0,66,0,0,0,0,0,0,0,0,0,0,0,0,0,0,0,0,50.0,8.249140421549479,1.0,0.0,0.005986496806144714,0.04999999701976776,0.0,0.0,0.0,0.24820508062839508,map_a,map_a_open,RULESET_V3_M1_OWN_FLAG_HOME,73b77ac3a0efb2c33a4498544c96bb702a656cbbfe17af18ec859c6d6b4c2142,True
1225,sappo_pi_A_specialist_1p5M_seed7100001,48532,1287376,628,77,,OP3,OPPONENT_POOL,train,map_a_open,-1,0,SCRIPTED:OP6,5,1,1,0,1,240,0.35999998450279236,1,0,0,29,0,0,0,0,0,0,0,0,0,0,0,0,0,0,0,0,42.0,11.802237955729167,1.0,0.0,-0.006046071648597717,0.04999999701976776,0.0,0.0,-0.004000000189989805,0.24656027555465698,map_a,map_a_open,RULESET_V3_M1_OWN_FLAG_HOME,73b77ac3a0efb2c33a4498544c96bb702a656cbbfe17af18ec859c6d6b4c2142,True
1226,sappo_pi_A_specialist_1p5M_seed7100001,48532,1287680,628,96,,OP3,OPPONENT_POOL,train,map_a_open,-1,0,SCRIPTED:OP6,5,1,2,1,1,240,0.5199999809265137,0,1,0,58,0,0,0,0,0,0,0,0,0,0,0,0,0,0,0,0,29.0,6.9123692830403645,1.0,0.0,0.012186050415039062,0.04999999701976776,0.0,0.0,-0.004000000189989805,0.24763019382953644,map_a,map_a_open,RULESET_V3_M1_OWN_FLAG_HOME,73b77ac3a0efb2c33a4498544c96bb702a656cbbfe17af18ec859c6d6b4c2142,True
1227,sappo_pi_A_specialist_1p5M_seed7100001,48532,1288080,628,121,,OP3,OPPONENT_POOL,train,map_a_open,-1,0,SCRIPTED:OP6,5,1,2,1,1,240,0.5999999642372131,1,0,0,57,0,0,0,0,0,0,0,0,0,0,0,0,0,0,0,0,55.0,7.569731648763021,1.0,0.0,-0.01187068223953247,0.04999999701976776,0.0,0.0,-0.004000000189989805,0.24621830880641937,map_a,map_a_open,RULESET_V3_M1_OWN_FLAG_HOME,73b77ac3a0efb2c33a4498544c96bb702a656cbbfe17af18ec859c6d6b4c2142,True
1228,sappo_pi_A_specialist_1p5M_seed7100001,48532,1288816,629,39,,OP3,OPPONENT_POOL,train,map_a_open,-1,0,SCRIPTED:OP6,5,0,0,0,0,240,0.6800000071525574,0,1,0,22,0,0,0,0,0,0,0,0,0,0,0,0,0,0,0,0,,12.469326782226563,-0.5,0.0,-0.014760702848434448,0.04999999701976776,0.0,0.0,-0.004000000189989805,-0.12316896766424179,map_a,map_a_open,RULESET_V3_M1_OWN_FLAG_HOME,73b77ac3a0efb2c33a4498544c96bb702a656cbbfe17af18ec859c6d6b4c2142,True
1229,sappo_pi_A_specialist_1p5M_seed7100001,48532,1289008,629,51,,OP3,OPPONENT_POOL,train,map_a_open,-1,0,SCRIPTED:OP6,5,0,1,1,0,240,0.5199999809265137,1,0,0,27,0,0,0,0,0,0,0,0,0,0,0,0,0,0,0,0,32.0,10.7267822265625,-0.5,0.0,-0.011879503726959229,0.04999999701976776,0.0,0.0,-0.004000000189989805,-0.12299162149429321,map_a,map_a_open,RULESET_V3_M1_OWN_FLAG_HOME,73b77ac3a0efb2c33a4498544c96bb702a656cbbfe17af18ec859c6d6b4c2142,True
1230,sappo_pi_A_specialist_1p5M_seed7100001,48532,1289152,629,60,,OP3,OPPONENT_POOL,train,map_a_open,-1,0,SCRIPTED:OP6,5,0,0,1,-1,240,0.5600000023841858,0,1,0,55,0,0,0,0,0,0,0,0,0,0,0,0,0,0,0,0,89.0,10.260012817382812,-1.0,0.0,0.003948181867599487,0.04999999701976776,0.0,0.0,0.0,-0.24174654483795166,map_a,map_a_open,RULESET_V3_M1_OWN_FLAG_HOME,73b77ac3a0efb2c33a4498544c96bb702a656cbbfe17af18ec859c6d6b4c2142,True
1231,sappo_pi_A_specialist_1p5M_seed7100001,48532,1289184,629,62,,OP3,OPPONENT_POOL,train,map_a_open,-1,0,SCRIPTED:OP6,5,0,0,1,-1,240,0.5600000023841858,1,0,0,24,0,0,0,0,0,0,0,0,0,0,0,0,0,0,0,0,51.0,11.726282755533854,-1.0,0.0,0.008992984890937805,0.04999999701976776,0.0,0.0,0.0,-0.24144965410232544,map_a,map_a_open,RULESET_V3_M1_OWN_FLAG_HOME,73b77ac3a0efb2c33a4498544c96bb702a656cbbfe17af18ec859c6d6b4c2142,True
1232,sappo_pi_A_specialist_1p5M_seed7100001,48532,1289296,629,69,,OP3,OPPONENT_POOL,train,map_a_open,-1,0,SCRIPTED:OP6,5,1,2,0,2,240,0.3999999761581421,1,0,0,40,0,0,0,0,0,0,0,0,0,0,0,0,0,0,0,0,39.0,9.883865356445312,1.0,0.0,0.015178859233856201,0.04999999701976776,0.0,0.0,0.0,0.24874413013458252,map_a,map_a_open,RULESET_V3_M1_OWN_FLAG_HOME,73b77ac3a0efb2c33a4498544c96bb702a656cbbfe17af18ec859c6d6b4c2142,True
1233,sappo_pi_A_specialist_1p5M_seed7100001,48532,1289632,629,90,,OP3,OPPONENT_POOL,train,map_a_open,-1,0,SCRIPTED:OP6,5,0,0,0,0,240,0.47999998927116394,1,0,0,19,0,0,0,0,0,0,0,0,0,0,0,0,0,0,0,0,,13.04076436360677,-0.5,0.0,0.0015063583850860596,0.04999999701976776,0.0,0.0,0.0,-0.121182382106781,map_a,map_a_open,RULESET_V3_M1_OWN_FLAG_HOME,73b77ac3a0efb2c33a4498544c96bb702a656cbbfe17af18ec859c6d6b4c2142,True
1234,sappo_pi_A_specialist_1p5M_seed7100001,48532,1289856,629,104,,OP3,OPPONENT_POOL,train,map_a_open,-1,0,SCRIPTED:OP6,5,1,3,1,2,223,0.5199999809265137,0,2,0,132,0,0,0,0,0,0,0,0,0,0,0,0,0,0,0,0,94.0,4.176617677970852,1.0,0.5,-0.005791187286376953,0.0,1.0,100.0,0.0,0.5543491244316101,map_a,map_a_open,RULESET_V3_M1_OWN_FLAG_HOME,73b77ac3a0efb2c33a4498544c96bb702a656cbbfe17af18ec859c6d6b4c2142,True
1235,sappo_pi_A_specialist_1p5M_seed7100001,48532,1290080,629,118,,OP3,OPPONENT_POOL,train,map_a_open,-1,0,SCRIPTED:OP6,5,1,2,0,2,240,0.47999998927116394,1,0,0,69,0,0,0,0,0,0,0,0,0,0,0,0,0,0,0,0,57.0,8.230526224772136,1.0,0.0,8.638203144073486e-05,0.04999999701976776,0.0,0.0,0.0,0.24785901606082916,map_a,map_a_open,RULESET_V3_M1_OWN_FLAG_HOME,73b77ac3a0efb2c33a4498544c96bb702a656cbbfe17af18ec859c6d6b4c2142,True
1236,sappo_pi_A_specialist_1p5M_seed7100001,48532,1290256,630,1,,OP3,OPPONENT_POOL,train,map_a_open,-1,0,SCRIPTED:OP6,5,0,0,0,0,240,0.47999998927116394,0,3,0,116,0,0,0,0,0,0,0,0,0,0,0,0,0,0,0,0,,7.898881022135416,-0.5,0.0,-0.0011594295501708984,0.04998784512281418,0.0,0.0,0.0,-0.12134729325771332,map_a,map_a_open,RULESET_V3_M1_OWN_FLAG_HOME,73b77ac3a0efb2c33a4498544c96bb702a656cbbfe17af18ec859c6d6b4c2142,True
1237,sappo_pi_A_specialist_1p5M_seed7100001,48532,1290576,630,21,,OP3,OPPONENT_POOL,train,map_a_open,-1,0,SCRIPTED:OP6,5,0,0,0,0,240,0.4399999976158142,1,0,0,42,0,0,0,0,0,0,0,0,0,0,0,0,0,0,0,0,,10.706500244140624,-0.5,0.0,-0.019341930747032166,0.04999999701976776,0.0,0.0,0.0,-0.1224660649895668,map_a,map_a_open,RULESET_V3_M1_OWN_FLAG_HOME,73b77ac3a0efb2c33a4498544c96bb702a656cbbfe17af18ec859c6d6b4c2142,True
1238,sappo_pi_A_specialist_1p5M_seed7100001,48532,1290656,630,26,,OP3,OPPONENT_POOL,train,map_a_open,-1,0,SCRIPTED:OP6,5,0,0,0,0,240,0.47999998927116394,1,0,0,6,0,0,0,0,0,0,0,0,0,0,0,0,0,0,0,0,,13.018678792317708,-0.5,0.0,0.010800063610076904,0.04999999701976776,0.0,0.0,0.0,-0.12061001360416412,map_a,map_a_open,RULESET_V3_M1_OWN_FLAG_HOME,73b77ac3a0efb2c33a4498544c96bb702a656cbbfe17af18ec859c6d6b4c2142,True
1239,sappo_pi_A_specialist_1p5M_seed7100001,48532,1290896,630,41,,OP3,OPPONENT_POOL,train,map_a_open,-1,0,SCRIPTED:OP6,5,0,0,0,0,240,0.47999998927116394,1,0,0,10,0,0,0,0,0,0,0,0,0,0,0,0,0,0,0,0,,12.833107503255208,-0.5,0.0,0.005320563912391663,0.04999999701976776,0.0,0.0,-0.004000000189989805,-0.1219327449798584,map_a,map_a_open,RULESET_V3_M1_OWN_FLAG_HOME,73b77ac3a0efb2c33a4498544c96bb702a656cbbfe17af18ec859c6d6b4c2142,True
1240,sappo_pi_A_specialist_1p5M_seed7100001,48532,1290912,630,42,,OP3,OPPONENT_POOL,train,map_a_open,-1,0,SCRIPTED:OP6,5,1,1,0,1,240,0.5999999642372131,1,0,0,45,0,0,0,0,0,0,0,0,0,0,0,0,0,0,0,0,54.0,9.818936157226563,1.0,0.0,-0.007579311728477478,0.04999999701976776,0.0,0.0,-0.00800000037997961,0.24553078413009644,map_a,map_a_open,RULESET_V3_M1_OWN_FLAG_HOME,73b77ac3a0efb2c33a4498544c96bb702a656cbbfe17af18ec859c6d6b4c2142,True
1241,sappo_pi_A_specialist_1p5M_seed7100001,48532,1291216,630,61,,OP3,OPPONENT_POOL,train,map_a_open,-1,0,SCRIPTED:OP6,5,0,0,0,0,240,0.3999999761581421,1,0,0,16,0,0,0,0,0,0,0,0,0,0,0,0,0,0,0,0,,12.883784993489583,-0.5,0.0,0.012561514973640442,0.04999999701976776,0.0,0.0,-0.004000000189989805,-0.12148688733577728,map_a,map_a_open,RULESET_V3_M1_OWN_FLAG_HOME,73b77ac3a0efb2c33a4498544c96bb702a656cbbfe17af18ec859c6d6b4c2142,True
1242,sappo_pi_A_specialist_1p5M_seed7100001,48532,1291520,630,80,,OP3,OPPONENT_POOL,train,map_a_open,-1,0,SCRIPTED:OP6,5,0,2,2,0,240,0.4399999976158142,1,0,0,26,0,0,0,0,0,0,0,0,0,0,0,0,0,0,0,0,50.0,9.312743123372396,-0.5,0.0,0.016001224517822266,0.04999999701976776,0.0,0.0,0.0,-0.12028966099023819,map_a,map_a_open,RULESET_V3_M1_OWN_FLAG_HOME,73b77ac3a0efb2c33a4498544c96bb702a656cbbfe17af18ec859c6d6b4c2142,True
1243,sappo_pi_A_specialist_1p5M_seed7100001,48532,1291920,630,105,,OP3,OPPONENT_POOL,train,map_a_open,-1,0,SCRIPTED:OP6,5,1,1,0,1,240,0.4399999976158142,1,0,0,57,0,0,0,0,0,0,0,0,0,0,0,0,0,0,0,0,39.0,8.87052510579427,1.0,0.0,-0.023119613528251648,0.04999999701976776,0.0,0.0,-0.004000000189989805,0.2455577850341797,map_a,map_a_open,RULESET_V3_M1_OWN_FLAG_HOME,73b77ac3a0efb2c33a4498544c96bb702a656cbbfe17af18ec859c6d6b4c2142,True
1244,sappo_pi_A_specialist_1p5M_seed7100001,48532,1292656,631,23,,OP3,OPPONENT_POOL,train,map_a_open,-1,0,SCRIPTED:OP6,5,1,1,0,1,240,0.47999998927116394,1,0,0,13,0,0,0,0,0,0,0,0,0,0,0,0,0,0,0,0,30.0,12.738352457682291,1.0,0.0,0.00536501407623291,0.04999999701976776,0.0,0.0,0.0,0.24816863238811493,map_a,map_a_open,RULESET_V3_M1_OWN_FLAG_HOME,73b77ac3a0efb2c33a4498544c96bb702a656cbbfe17af18ec859c6d6b4c2142,True
1245,sappo_pi_A_specialist_1p5M_seed7100001,48532,1292752,631,29,,OP3,OPPONENT_POOL,train,map_a_open,-1,0,SCRIPTED:OP6,5,1,3,2,1,167,0.5600000023841858,1,0,0,43,0,0,0,0,0,0,0,0,0,0,0,0,0,0,0,0,50.0,5.406794565166542,1.0,0.5,-0.010229617357254028,0.0,1.0,100.0,-0.004000000189989805,0.5534635782241821,map_a,map_a_open,RULESET_V3_M1_OWN_FLAG_HOME,73b77ac3a0efb2c33a4498544c96bb702a656cbbfe17af18ec859c6d6b4c2142,True
1246,sappo_pi_A_specialist_1p5M_seed7100001,48532,1292848,631,35,,OP3,OPPONENT_POOL,train,map_a_open,-1,0,SCRIPTED:OP6,5,1,1,0,1,240,0.47999998927116394,1,0,0,40,0,0,0,0,0,0,0,0,0,0,0,0,0,0,0,0,72.0,10.60750020345052,1.0,0.0,-0.0031079351902008057,0.04999873414635658,0.0,0.0,-0.004000000189989805,0.2467326670885086,map_a,map_a_open,RULESET_V3_M1_OWN_FLAG_HOME,73b77ac3a0efb2c33a4498544c96bb702a656cbbfe17af18ec859c6d6b4c2142,True
1247,sappo_pi_A_specialist_1p5M_seed7100001,48532,1292992,631,44,,OP3,OPPONENT_POOL,train,map_a_open,-1,0,SCRIPTED:OP6,5,0,1,1,0,240,0.5600000023841858,0,1,0,20,0,0,0,0,0,0,0,0,0,0,0,0,0,0,0,0,34.0,10.644579060872395,-0.5,0.0,-0.021605759859085083,0.029998930171132088,0.0,0.0,-0.004000000189989805,-0.12482105195522308,map_a,map_a_open,RULESET_V3_M1_OWN_FLAG_HOME,73b77ac3a0efb2c33a4498544c96bb702a656cbbfe17af18ec859c6d6b4c2142,True
1248,sappo_pi_A_specialist_1p5M_seed7100001,48532,1293024,631,46,,OP3,OPPONENT_POOL,train,map_a_open,-1,0,SCRIPTED:OP6,5,0,0,0,0,240,0.5999999642372131,1,0,0,12,0,0,0,0,0,0,0,0,0,0,0,0,0,0,0,0,,13.111391194661458,-0.5,0.0,-0.008463352918624878,0.04999979957938194,0.0,0.0,0.0,-0.12179630249738693,map_a,map_a_open,RULESET_V3_M1_OWN_FLAG_HOME,73b77ac3a0efb2c33a4498544c96bb702a656cbbfe17af18ec859c6d6b4c2142,True
1249,sappo_pi_A_specialist_1p5M_seed7100001,48532,1293136,631,53,,OP3,OPPONENT_POOL,train,map_a_open,-1,0,SCRIPTED:OP6,5,0,1,1,0,240,0.5600000023841858,0,1,0,52,0,0,0,0,0,0,0,0,0,0,0,0,0,0,0,0,71.0,9.454137166341146,-0.5,0.0,0.006227657198905945,0.04999999701976776,0.0,0.0,0.0,-0.12089162319898605,map_a,map_a_open,RULESET_V3_M1_OWN_FLAG_HOME,73b77ac3a0efb2c33a4498544c96bb702a656cbbfe17af18ec859c6d6b4c2142,True
1250,sappo_pi_A_specialist_1p5M_seed7100001,48532,1293472,631,74,,OP3,OPPONENT_POOL,train,map_a_open,-1,0,SCRIPTED:OP6,5,1,2,0,2,240,0.4399999976158142,0,1,0,91,0,0,0,0,0,0,0,0,0,0,0,0,0,0,0,0,48.0,7.238300577799479,1.0,0.0,-0.023546189069747925,0.04999999701976776,0.0,0.0,0.0,0.24647222459316254,map_a,map_a_open,RULESET_V3_M1_OWN_FLAG_HOME,73b77ac3a0efb2c33a4498544c96bb702a656cbbfe17af18ec859c6d6b4c2142,True
1251,sappo_pi_A_specialist_1p5M_seed7100001,48532,1293696,631,88,,OP3,OPPONENT_POOL,train,map_a_open,-1,0,SCRIPTED:OP6,5,0,0,0,0,240,0.5600000023841858,0,1,0,27,0,0,0,0,0,0,0,0,0,0,0,0,0,0,0,0,,12.59197285970052,-0.5,0.0,0.003664165735244751,0.029997823759913445,0.0,0.0,0.0,-0.12228112667798996,map_a,map_a_open,RULESET_V3_M1_OWN_FLAG_HOME,73b77ac3a0efb2c33a4498544c96bb702a656cbbfe17af18ec859c6d6b4c2142,True
1252,sappo_pi_A_specialist_1p5M_seed7100001,48532,1293840,631,97,,OP3,OPPONENT_POOL,train,map_a_open,-1,0,SCRIPTED:OP6,5,1,3,0,3,120,0.5600000023841858,1,0,0,53,0,0,0,0,0,0,0,0,0,0,0,0,0,0,0,0,44.0,5.08224131266276,1.0,0.5,-0.008015438914299011,0.0,1.0,100.0,-0.004000000189989805,0.5535596013069153,map_a,map_a_open,RULESET_V3_M1_OWN_FLAG_HOME,73b77ac3a0efb2c33a4498544c96bb702a656cbbfe17af18ec859c6d6b4c2142,True
1253,sappo_pi_A_specialist_1p5M_seed7100001,48532,1294096,631,113,,OP3,OPPONENT_POOL,train,map_a_open,-1,0,SCRIPTED:OP6,5,0,1,1,0,240,0.4399999976158142,0,1,0,100,0,0,0,0,0,0,0,0,0,0,0,0,0,0,0,0,55.0,5.097282409667969,-0.5,0.0,-0.005159854888916016,0.04999999701976776,0.0,0.0,-0.004000000189989805,-0.1225779801607132,map_a,map_a_open,RULESET_V3_M1_OWN_FLAG_HOME,73b77ac3a0efb2c33a4498544c96bb702a656cbbfe17af18ec859c6d6b4c2142,True
1254,sappo_pi_A_specialist_1p5M_seed7100001,48532,1294416,632,5,,OP3,OPPONENT_POOL,train,map_a_open,-1,0,SCRIPTED:OP6,5,1,2,0,2,240,0.3999999761581421,1,0,0,44,0,0,0,0,0,0,0,0,0,0,0,0,0,0,0,0,57.0,9.162002563476562,1.0,0.0,-0.015351280570030212,0.04999999701976776,0.0,0.0,-0.004000000189989805,0.24601396918296814,map_a,map_a_open,RULESET_V3_M1_OWN_FLAG_HOME,73b77ac3a0efb2c33a4498544c96bb702a656cbbfe17af18ec859c6d6b4c2142,True
1255,sappo_pi_A_specialist_1p5M_seed7100001,48532,1294496,632,10,,OP3,OPPONENT_POOL,train,map_a_open,-1,0,SCRIPTED:OP6,5,0,0,0,0,240,0.5199999809265137,0,1,0,13,0,0,0,0,0,0,0,0,0,0,0,0,0,0,0,0,,12.642823282877604,-0.5,0.0,-0.015321299433708191,0.04999999701976776,0.0,0.0,0.0,-0.1222185343503952,map_a,map_a_open,RULESET_V3_M1_OWN_FLAG_HOME,73b77ac3a0efb2c33a4498544c96bb702a656cbbfe17af18ec859c6d6b4c2142,True
1256,sappo_pi_A_specialist_1p5M_seed7100001,48532,1294736,632,25,,OP3,OPPONENT_POOL,train,map_a_open,-1,0,SCRIPTED:OP6,5,0,0,0,0,240,0.5999999642372131,1,0,0,37,0,0,0,0,0,0,0,0,0,0,0,0,0,0,0,0,,11.324318440755208,-0.5,0.0,-0.004543319344520569,0.04999999701976776,0.0,0.0,0.0,-0.1215549185872078,map_a,map_a_open,RULESET_V3_M1_OWN_FLAG_HOME,73b77ac3a0efb2c33a4498544c96bb702a656cbbfe17af18ec859c6d6b4c2142,True
1257,sappo_pi_A_specialist_1p5M_seed7100001,48532,1294752,632,26,,OP3,OPPONENT_POOL,train,map_a_open,-1,0,SCRIPTED:OP6,5,1,1,0,1,240,0.5199999809265137,0,1,0,79,0,0,0,0,0,0,0,0,0,0,0,0,0,0,0,0,77.0,9.65985819498698,1.0,0.0,-0.008009642362594604,0.049999989569187164,0.0,0.0,-0.004000000189989805,0.24644501507282257,map_a,map_a_open,RULESET_V3_M1_OWN_FLAG_HOME,73b77ac3a0efb2c33a4498544c96bb702a656cbbfe17af18ec859c6d6b4c2142,True
1258,sappo_pi_A_specialist_1p5M_seed7100001,48532,1294768,632,27,,OP3,OPPONENT_POOL,train,map_a_open,-1,0,SCRIPTED:OP6,5,1,3,1,2,111,0.35999998450279236,1,0,0,52,0,0,0,0,0,0,0,0,0,0,0,0,0,0,0,0,29.0,5.439046223958333,1.0,0.5,-0.010001525282859802,0.0,1.0,100.0,-0.004000000189989805,0.5534734725952148,map_a,map_a_open,RULESET_V3_M1_OWN_FLAG_HOME,73b77ac3a0efb2c33a4498544c96bb702a656cbbfe17af18ec859c6d6b4c2142,True
1259,sappo_pi_A_specialist_1p5M_seed7100001,48532,1295056,632,45,,OP3,OPPONENT_POOL,train,map_a_open,-1,0,SCRIPTED:OP6,5,1,2,0,2,240,0.4399999976158142,1,0,0,130,0,0,0,0,0,0,0,0,0,0,0,0,0,0,0,0,40.0,6.245208231608073,1.0,0.0,-0.015225127339363098,0.04999998211860657,0.0,0.0,-0.004000000189989805,0.24602138996124268,map_a,map_a_open,RULESET_V3_M1_OWN_FLAG_HOME,73b77ac3a0efb2c33a4498544c96bb702a656cbbfe17af18ec859c6d6b4c2142,True
1260,sappo_pi_A_specialist_1p5M_seed7100001,48532,1295360,632,64,,OP3,OPPONENT_POOL,train,map_a_open,-1,0,SCRIPTED:OP6,5,0,0,0,0,240,0.3999999761581421,1,0,0,4,0,0,0,0,0,0,0,0,0,0,0,0,0,0,0,0,,12.77747294108073,-0.5,0.0,-0.0001879483461380005,0.04999999701976776,0.0,0.0,0.0,-0.12128672003746033,map_a,map_a_open,RULESET_V3_M1_OWN_FLAG_HOME,73b77ac3a0efb2c33a4498544c96bb702a656cbbfe17af18ec859c6d6b4c2142,True
1261,sappo_pi_A_specialist_1p5M_seed7100001,48532,1296496,633,7,,OP3,OPPONENT_POOL,train,map_a_open,-1,0,SCRIPTED:OP6,5,0,0,0,0,240,0.5199999809265137,1,0,0,18,0,0,0,0,0,0,0,0,0,0,0,0,0,0,0,0,,13.282335408528645,-0.5,0.0,0.0009361356496810913,0.04999999701976776,0.0,0.0,0.0,-0.12121749669313431,map_a,map_a_open,RULESET_V3_M1_OWN_FLAG_HOME,73b77ac3a0efb2c33a4498544c96bb702a656cbbfe17af18ec859c6d6b4c2142,True
1262,sappo_pi_A_specialist_1p5M_seed7100001,48532,1296592,633,13,,OP3,OPPONENT_POOL,train,map_a_open,-1,0,SCRIPTED:OP6,5,1,1,0,1,240,0.6399999856948853,0,1,0,59,0,0,0,0,0,0,0,0,0,0,0,0,0,0,0,0,72.0,9.849025472005208,1.0,0.0,0.0006794482469558716,0.04999999701976776,0.0,0.0,0.0,0.2478937804698944,map_a,map_a_open,RULESET_V3_M1_OWN_FLAG_HOME,73b77ac3a0efb2c33a4498544c96bb702a656cbbfe17af18ec859c6d6b4c2142,True
1263,sappo_pi_A_specialist_1p5M_seed7100001,48532,1296688,633,19,,OP3,OPPONENT_POOL,train,map_a_open,-1,0,SCRIPTED:OP6,5,1,1,0,1,240,0.35999998450279236,0,2,0,78,0,0,0,0,0,0,0,0,0,0,0,0,0,0,0,0,92.0,8.8619384765625,1.0,0.0,0.0060470253229141235,0.04999999701976776,0.0,0.0,-0.004000000189989805,0.24727001786231995,map_a,map_a_open,RULESET_V3_M1_OWN_FLAG_HOME,73b77ac3a0efb2c33a4498544c96bb702a656cbbfe17af18ec859c6d6b4c2142,True
1264,sappo_pi_A_specialist_1p5M_seed7100001,48532,1296864,633,30,,OP3,OPPONENT_POOL,train,map_a_open,-1,0,SCRIPTED:OP6,5,0,0,0,0,240,0.5199999809265137,1,0,0,36,0,0,0,0,0,0,0,0,0,0,0,0,0,0,0,0,,13.032373046875,-0.5,0.0,-0.002088874578475952,0.04999999701976776,0.0,0.0,-0.004000000189989805,-0.12238892167806625,map_a,map_a_open,RULESET_V3_M1_OWN_FLAG_HOME,73b77ac3a0efb2c33a4498544c96bb702a656cbbfe17af18ec859c6d6b4c2142,True
1265,sappo_pi_A_specialist_1p5M_seed7100001,48532,1296976,633,37,,OP3,OPPONENT_POOL,train,map_a_open,-1,0,SCRIPTED:OP6,5,0,0,0,0,240,0.5199999809265137,1,0,0,12,0,0,0,0,0,0,0,0,0,0,0,0,0,0,0,0,,12.846666463216145,-0.5,0.0,-0.010194569826126099,0.04999999701976776,0.0,0.0,0.0,-0.12190289050340652,map_a,map_a_open,RULESET_V3_M1_OWN_FLAG_HOME,73b77ac3a0efb2c33a4498544c96bb702a656cbbfe17af18ec859c6d6b4c2142,True
1266,sappo_pi_A_specialist_1p5M_seed7100001,48532,1297312,633,58,,OP3,OPPONENT_POOL,train,map_a_open,-1,0,SCRIPTED:OP6,5,0,1,1,0,240,0.5600000023841858,1,0,0,36,0,0,0,0,0,0,0,0,0,0,0,0,0,0,0,0,43.0,9.717721557617187,-0.5,0.0,-0.02683989703655243,0.04999999701976776,0.0,0.0,-0.004000000189989805,-0.12391240149736404,map_a,map_a_open,RULESET_V3_M1_OWN_FLAG_HOME,73b77ac3a0efb2c33a4498544c96bb702a656cbbfe17af18ec859c6d6b4c2142,True
1267,sappo_pi_A_specialist_1p5M_seed7100001,48532,1297536,633,72,,OP3,OPPONENT_POOL,train,map_a_open,-1,0,SCRIPTED:OP6,5,0,0,0,0,240,0.4399999976158142,1,0,0,15,0,0,0,0,0,0,0,0,0,0,0,0,0,0,0,0,,12.778296915690104,-0.5,0.0,-0.005802914500236511,0.04999999701976776,0.0,0.0,0.0,-0.12163247913122177,map_a,map_a_open,RULESET_V3_M1_OWN_FLAG_HOME,73b77ac3a0efb2c33a4498544c96bb702a656cbbfe17af18ec859c6d6b4c2142,True
1268,sappo_pi_A_specialist_1p5M_seed7100001,48532,1297680,633,81,,OP3,OPPONENT_POOL,train,map_a_open,-1,0,SCRIPTED:OP6,5,0,0,0,0,240,0.35999998450279236,0,1,0,23,0,0,0,0,0,0,0,0,0,0,0,0,0,0,0,0,,12.753480021158854,-0.5,0.0,-0.00537322461605072,0.04999999701976776,0.0,0.0,0.0,-0.1216060221195221,map_a,map_a_open,RULESET_V3_M1_OWN_FLAG_HOME,73b77ac3a0efb2c33a4498544c96bb702a656cbbfe17af18ec859c6d6b4c2142,True
1269,sappo_pi_A_specialist_1p5M_seed7100001,48532,1297936,633,97,,OP3,OPPONENT_POOL,train,map_a_open,-1,0,SCRIPTED:OP6,5,0,0,0,0,240,0.47999998927116394,1,0,0,33,0,0,0,0,0,0,0,0,0,0,0,0,0,0,0,0,,11.495665486653646,-0.5,0.0,0.0029017776250839233,0.04999999701976776,0.0,0.0,-0.004000000189989805,-0.12208166718482971,map_a,map_a_open,RULESET_V3_M1_OWN_FLAG_HOME,73b77ac3a0efb2c33a4498544c96bb702a656cbbfe17af18ec859c6d6b4c2142,True
1270,sappo_pi_A_specialist_1p5M_seed7100001,48532,1298256,633,117,,OP3,OPPONENT_POOL,train,map_a_open,-1,0,SCRIPTED:OP6,5,0,0,0,0,240,0.47999998927116394,1,0,0,11,0,0,0,0,0,0,0,0,0,0,0,0,0,0,0,0,,12.87724609375,-0.5,0.0,0.022539764642715454,0.04999999701976776,0.0,0.0,-0.004000000189989805,-0.12087240070104599,map_a,map_a_open,RULESET_V3_M1_OWN_FLAG_HOME,73b77ac3a0efb2c33a4498544c96bb702a656cbbfe17af18ec859c6d6b4c2142,True
1271,sappo_pi_A_specialist_1p5M_seed7100001,48532,1298336,633,122,,OP3,OPPONENT_POOL,train,map_a_open,-1,0,SCRIPTED:OP6,5,0,0,0,0,240,0.4399999976158142,1,0,0,10,0,0,0,0,0,0,0,0,0,0,0,0,0,0,0,0,,12.659097290039062,-0.5,0.0,-0.007491886615753174,0.04999999701976776,0.0,0.0,-0.004000000189989805,-0.12272153794765472,map_a,map_a_open,RULESET_V3_M1_OWN_FLAG_HOME,73b77ac3a0efb2c33a4498544c96bb702a656cbbfe17af18ec859c6d6b4c2142,True
1272,sappo_pi_A_specialist_1p5M_seed7100001,48532,1298576,634,9,,OP3,OPPONENT_POOL,train,map_a_open,-1,0,SCRIPTED:OP6,5,0,0,0,0,240,0.6399999856948853,1,0,0,18,0,0,0,0,0,0,0,0,0,0,0,0,0,0,0,0,,12.899679565429688,-0.5,0.0,-0.022904545068740845,0.04999999701976776,0.0,0.0,0.0,-0.12268538028001785,map_a,map_a_open,RULESET_V3_M1_OWN_FLAG_HOME,73b77ac3a0efb2c33a4498544c96bb702a656cbbfe17af18ec859c6d6b4c2142,True
1273,sappo_pi_A_specialist_1p5M_seed7100001,48532,1298592,634,10,,OP3,OPPONENT_POOL,train,map_a_open,-1,0,SCRIPTED:OP6,5,0,0,0,0,240,0.5199999809265137,1,0,0,47,0,0,0,0,0,0,0,0,0,0,0,0,0,0,0,0,,10.661411539713542,-0.5,0.0,-0.002330288290977478,0.04999999701976776,0.0,0.0,-0.00800000037997961,-0.12338868528604507,map_a,map_a_open,RULESET_V3_M1_OWN_FLAG_HOME,73b77ac3a0efb2c33a4498544c96bb702a656cbbfe17af18ec859c6d6b4c2142,True
1274,sappo_pi_A_specialist_1p5M_seed7100001,48532,1298608,634,11,,OP3,OPPONENT_POOL,train,map_a_open,-1,0,SCRIPTED:OP6,5,0,0,0,0,240,0.3999999761581421,0,1,0,13,0,0,0,0,0,0,0,0,0,0,0,0,0,0,0,0,,13.113512166341145,-0.5,0.0,-0.014348790049552917,0.04999999701976776,0.0,0.0,0.0,-0.12215866148471832,map_a,map_a_open,RULESET_V3_M1_OWN_FLAG_HOME,73b77ac3a0efb2c33a4498544c96bb702a656cbbfe17af18ec859c6d6b4c2142,True
1275,sappo_pi_A_specialist_1p5M_seed7100001,48532,1298896,634,29,,OP3,OPPONENT_POOL,train,map_a_open,-1,0,SCRIPTED:OP6,5,0,0,0,0,240,0.3999999761581421,1,0,0,2,0,0,0,0,0,0,0,0,0,0,0,0,0,0,0,0,,13.144765218098959,-0.5,0.0,0.014052361249923706,0.04999999701976776,0.0,0.0,-0.00800000037997961,-0.12238022685050964,map_a,map_a_open,RULESET_V3_M1_OWN_FLAG_HOME,73b77ac3a0efb2c33a4498544c96bb702a656cbbfe17af18ec859c6d6b4c2142,True
1276,sappo_pi_A_specialist_1p5M_seed7100001,48532,1299200,634,48,,OP3,OPPONENT_POOL,train,map_a_open,-1,0,SCRIPTED:OP6,5,0,0,1,-1,240,0.5199999809265137,1,0,0,34,0,0,0,0,0,0,0,0,0,0,0,0,0,0,0,0,56.0,11.462920125325521,-1.0,0.0,0.006026133894920349,0.04999999701976776,0.0,0.0,-0.004000000189989805,-0.24256563186645508,map_a,map_a_open,RULESET_V3_M1_OWN_FLAG_HOME,73b77ac3a0efb2c33a4498544c96bb702a656cbbfe17af18ec859c6d6b4c2142,True
1277,sappo_pi_A_specialist_1p5M_seed7100001,48532,1300336,634,119,,OP3,OPPONENT_POOL,train,map_a_open,-1,0,SCRIPTED:OP6,5,1,2,0,2,240,0.4399999976158142,0,1,0,166,0,0,0,0,0,0,0,0,0,0,0,0,0,0,0,0,46.0,4.810700480143229,1.0,0.0,-0.007470354437828064,0.04999999701976776,0.0,0.0,-0.004000000189989805,0.2464766651391983,map_a,map_a_open,RULESET_V3_M1_OWN_FLAG_HOME,73b77ac3a0efb2c33a4498544c96bb702a656cbbfe17af18ec859c6d6b4c2142,True
1278,sappo_pi_A_specialist_1p5M_seed7100001,48532,1300432,634,125,,OP3,OPPONENT_POOL,train,map_a_open,-1,0,SCRIPTED:OP6,5,0,0,0,0,240,0.3999999761581421,1,0,0,21,0,0,0,0,0,0,0,0,0,0,0,0,0,0,0,0,,12.383247884114583,-0.5,0.0,0.02844187617301941,0.04999999701976776,0.0,0.0,-0.004000000189989805,-0.12050889432430267,map_a,map_a_open,RULESET_V3_M1_OWN_FLAG_HOME,73b77ac3a0efb2c33a4498544c96bb702a656cbbfe17af18ec859c6d6b4c2142,True
1279,sappo_pi_A_specialist_1p5M_seed7100001,48532,1300528,635,3,,OP3,OPPONENT_POOL,train,map_a_open,-1,0,SCRIPTED:OP6,5,0,0,0,0,240,0.47999998927116394,1,0,0,20,0,0,0,0,0,0,0,0,0,0,0,0,0,0,0,0,,13.045867919921875,-0.5,0.0,0.004801198840141296,0.04999999701976776,0.0,0.0,-0.004000000189989805,-0.1219647154211998,map_a,map_a_open,RULESET_V3_M1_OWN_FLAG_HOME,73b77ac3a0efb2c33a4498544c96bb702a656cbbfe17af18ec859c6d6b4c2142,True
1280,sappo_pi_A_specialist_1p5M_seed7100001,48532,1300704,635,14,,OP3,OPPONENT_POOL,train,map_a_open,-1,0,SCRIPTED:OP6,5,0,0,0,0,240,0.5199999809265137,1,0,0,13,0,0,0,0,0,0,0,0,0,0,0,0,0,0,0,0,,13.090524291992187,-0.5,0.0,-0.0022895336151123047,0.04999999701976776,0.0,0.0,-0.00800000037997961,-0.12338617444038391,map_a,map_a_open,RULESET_V3_M1_OWN_FLAG_HOME,73b77ac3a0efb2c33a4498544c96bb702a656cbbfe17af18ec859c6d6b4c2142,True
1281,sappo_pi_A_specialist_1p5M_seed7100001,48532,1300816,635,21,,OP3,OPPONENT_POOL,train,map_a_open,-1,0,SCRIPTED:OP6,5,1,2,1,1,240,0.3999999761581421,1,0,0,96,0,0,0,0,0,0,0,0,0,0,0,0,0,0,0,0,42.0,5.334046427408854,1.0,0.0,-0.0037734955549240112,0.04999999701976776,0.0,0.0,0.0,0.24763257801532745,map_a,map_a_open,RULESET_V3_M1_OWN_FLAG_HOME,73b77ac3a0efb2c33a4498544c96bb702a656cbbfe17af18ec859c6d6b4c2142,True
1282,sappo_pi_A_specialist_1p5M_seed7100001,48532,1301152,635,42,,OP3,OPPONENT_POOL,train,map_a_open,-1,0,SCRIPTED:OP6,5,0,0,0,0,240,0.47999998927116394,1,0,0,25,0,0,0,0,0,0,0,0,0,0,0,0,0,0,0,0,,12.313386027018229,-0.5,0.0,-0.020560771226882935,0.04999999701976776,0.0,0.0,-0.004000000189989805,-0.1235259622335434,map_a,map_a_open,RULESET_V3_M1_OWN_FLAG_HOME,73b77ac3a0efb2c33a4498544c96bb702a656cbbfe17af18ec859c6d6b4c2142,True
1283,sappo_pi_A_specialist_1p5M_seed7100001,48532,1301376,635,56,,OP3,OPPONENT_POOL,train,map_a_open,-1,0,SCRIPTED:OP6,5,1,1,0,1,240,0.3999999761581421,1,0,0,49,0,0,0,0,0,0,0,0,0,0,0,0,0,0,0,0,43.0,10.167356363932292,1.0,0.0,0.00401151180267334,0.04999999701976776,0.0,0.0,0.0,0.2480892390012741,map_a,map_a_open,RULESET_V3_M1_OWN_FLAG_HOME,73b77ac3a0efb2c33a4498544c96bb702a656cbbfe17af18ec859c6d6b4c2142,True
1284,sappo_pi_A_specialist_1p5M_seed7100001,48532,1301520,635,65,,OP3,OPPONENT_POOL,train,map_a_open,-1,0,SCRIPTED:OP6,5,0,0,0,0,240,0.47999998927116394,1,0,0,15,0,0,0,0,0,0,0,0,0,0,0,0,0,0,0,0,,12.987595621744791,-0.5,0.0,-0.011748597025871277,0.04999999701976776,0.0,0.0,0.0,-0.12199857085943222,map_a,map_a_open,RULESET_V3_M1_OWN_FLAG_HOME,73b77ac3a0efb2c33a4498544c96bb702a656cbbfe17af18ec859c6d6b4c2142,True
1285,sappo_pi_A_specialist_1p5M_seed7100001,48532,1301776,635,81,,OP3,OPPONENT_POOL,train,map_a_open,-1,0,SCRIPTED:OP6,5,1,1,0,1,240,0.5999999642372131,1,0,0,64,0,0,0,0,0,0,0,0,0,0,0,0,0,0,0,0,67.0,10.038399251302083,1.0,0.0,0.015544012188911438,0.04999999701976776,0.0,0.0,-0.004000000189989805,0.2478271871805191,map_a,map_a_open,RULESET_V3_M1_OWN_FLAG_HOME,73b77ac3a0efb2c33a4498544c96bb702a656cbbfe17af18ec859c6d6b4c2142,True
1286,sappo_pi_A_specialist_1p5M_seed7100001,48532,1301840,635,85,,OP3,OPPONENT_POOL,train,map_a_open,-1,0,SCRIPTED:OP6,5,1,3,2,1,202,0.5999999642372131,1,0,0,46,0,0,0,0,0,0,0,0,0,0,0,0,0,0,0,0,74.0,5.670205295676052,1.0,0.5,-0.00732363760471344,0.0,1.0,100.0,-0.004000000189989805,0.5535895824432373,map_a,map_a_open,RULESET_V3_M1_OWN_FLAG_HOME,73b77ac3a0efb2c33a4498544c96bb702a656cbbfe17af18ec859c6d6b4c2142,True
1287,sappo_pi_A_specialist_1p5M_seed7100001,48532,1302096,635,101,,OP3,OPPONENT_POOL,train,map_a_open,-1,0,SCRIPTED:OP6,5,0,0,0,0,240,0.35999998450279236,1,0,0,19,0,0,0,0,0,0,0,0,0,0,0,0,0,0,0,0,,12.706025187174479,-0.5,0.0,0.0158250629901886,0.04999999701976776,0.0,0.0,0.0,-0.12030050903558731,map_a,map_a_open,RULESET_V3_M1_OWN_FLAG_HOME,73b77ac3a0efb2c33a4498544c96bb702a656cbbfe17af18ec859c6d6b4c2142,True
1288,sappo_pi_A_specialist_1p5M_seed7100001,48532,1302176,635,106,,OP3,OPPONENT_POOL,train,map_a_open,-1,0,SCRIPTED:OP6,5,1,1,0,1,240,0.47999998927116394,1,0,0,56,0,0,0,0,0,0,0,0,0,0,0,0,0,0,0,0,78.0,9.024210611979166,1.0,0.0,-0.002603590488433838,0.04999999701976776,0.0,0.0,-0.004000000189989805,0.24676233530044556,map_a,map_a_open,RULESET_V3_M1_OWN_FLAG_HOME,73b77ac3a0efb2c33a4498544c96bb702a656cbbfe17af18ec859c6d6b4c2142,True
1289,sappo_pi_A_specialist_1p5M_seed7100001,48532,1302416,635,121,,OP3,OPPONENT_POOL,train,map_a_open,-1,0,SCRIPTED:OP6,5,0,0,0,0,240,0.6399999856948853,1,0,0,21,0,0,0,0,0,0,0,0,0,0,0,0,0,0,0,0,,12.7251220703125,-0.5,0.0,-0.0029048919677734375,0.04999999701976776,0.0,0.0,-0.004000000189989805,-0.12243916094303131,map_a,map_a_open,RULESET_V3_M1_OWN_FLAG_HOME,73b77ac3a0efb2c33a4498544c96bb702a656cbbfe17af18ec859c6d6b4c2142,True
1290,sappo_pi_A_specialist_1p5M_seed7100001,48532,1302432,635,122,,OP3,OPPONENT_POOL,train,map_a_open,-1,0,SCRIPTED:OP6,5,0,0,0,0,240,0.4399999976158142,1,0,0,8,0,0,0,0,0,0,0,0,0,0,0,0,0,0,0,0,,12.355454508463541,-0.5,0.0,-0.005258440971374512,0.04999999701976776,0.0,0.0,0.0,-0.12159895151853561,map_a,map_a_open,RULESET_V3_M1_OWN_FLAG_HOME,73b77ac3a0efb2c33a4498544c96bb702a656cbbfe17af18ec859c6d6b4c2142,True
1291,sappo_pi_A_specialist_1p5M_seed7100001,48532,1302736,636,13,,OP3,OPPONENT_POOL,train,map_a_open,-1,0,SCRIPTED:OP6,5,0,1,1,0,240,0.4399999976158142,1,0,0,51,0,0,0,0,0,0,0,0,0,0,0,0,0,0,0,0,48.0,9.697086588541667,-0.5,0.0,0.021918460726737976,0.04999999701976776,0.0,0.0,-0.004000000189989805,-0.12091066688299179,map_a,map_a_open,RULESET_V3_M1_OWN_FLAG_HOME,73b77ac3a0efb2c33a4498544c96bb702a656cbbfe17af18ec859c6d6b4c2142,True
1292,sappo_pi_A_specialist_1p5M_seed7100001,48532,1303040,636,32,,OP3,OPPONENT_POOL,train,map_a_open,-1,0,SCRIPTED:OP6,5,0,0,0,0,240,0.47999998927116394,1,0,0,32,0,0,0,0,0,0,0,0,0,0,0,0,0,0,0,0,,11.311756388346355,-0.5,0.0,-0.003844216465950012,0.04999999701976776,0.0,0.0,-0.004000000189989805,-0.12249698489904404,map_a,map_a_open,RULESET_V3_M1_OWN_FLAG_HOME,73b77ac3a0efb2c33a4498544c96bb702a656cbbfe17af18ec859c6d6b4c2142,True
1293,sappo_pi_A_specialist_1p5M_seed7100001,48532,1304176,636,103,,OP3,OPPONENT_POOL,train,map_a_open,-1,0,SCRIPTED:OP6,5,0,0,0,0,240,0.4399999976158142,1,0,0,29,0,0,0,0,0,0,0,0,0,0,0,0,0,0,0,0,,11.195470174153646,-0.5,0.0,-0.008421048521995544,0.04999999701976776,0.0,0.0,-0.00800000037997961,-0.1237635388970375,map_a,map_a_open,RULESET_V3_M1_OWN_FLAG_HOME,73b77ac3a0efb2c33a4498544c96bb702a656cbbfe17af18ec859c6d6b4c2142,True
1294,sappo_pi_A_specialist_1p5M_seed7100001,48532,1304272,636,109,,OP3,OPPONENT_POOL,train,map_a_open,-1,0,SCRIPTED:OP6,5,1,1,0,1,240,0.3999999761581421,1,0,0,48,0,0,0,0,0,0,0,0,0,0,0,0,0,0,0,0,61.0,8.856143188476562,1.0,0.0,-0.0006558448076248169,0.04999999701976776,0.0,0.0,0.0,0.24781545996665955,map_a,map_a_open,RULESET_V3_M1_OWN_FLAG_HOME,73b77ac3a0efb2c33a4498544c96bb702a656cbbfe17af18ec859c6d6b4c2142,True
1295,sappo_pi_A_specialist_1p5M_seed7100001,48532,1304368,636,115,,OP3,OPPONENT_POOL,train,map_a_open,-1,0,SCRIPTED:OP6,5,0,0,0,0,240,0.6399999856948853,1,0,0,7,0,0,0,0,0,0,0,0,0,0,0,0,0,0,0,0,,13.410313924153646,-0.5,0.0,0.0059213340282440186,0.04999999701976776,0.0,0.0,0.0,-0.12091048806905746,map_a,map_a_open,RULESET_V3_M1_OWN_FLAG_HOME,73b77ac3a0efb2c33a4498544c96bb702a656cbbfe17af18ec859c6d6b4c2142,True
1296,sappo_pi_A_specialist_1p5M_seed7100001,48532,1304544,636,126,,OP3,OPPONENT_POOL,train,map_a_open,-1,0,SCRIPTED:OP6,5,1,1,0,1,240,0.47999998927116394,0,1,0,6,0,0,0,0,0,0,0,0,0,0,0,0,0,0,0,0,37.0,12.658115641276042,1.0,0.0,0.0017219483852386475,0.04999999701976776,0.0,0.0,0.0,0.24795496463775635,map_a,map_a_open,RULESET_V3_M1_OWN_FLAG_HOME,73b77ac3a0efb2c33a4498544c96bb702a656cbbfe17af18ec859c6d6b4c2142,True
1297,sappo_pi_A_specialist_1p5M_seed7100001,48532,1304656,637,5,,OP3,OPPONENT_POOL,train,map_a_open,-1,0,SCRIPTED:OP6,5,1,2,1,1,240,0.5600000023841858,0,2,0,94,0,0,0,0,0,0,0,0,0,0,0,0,0,0,0,0,57.0,4.233935801188151,1.0,0.0,0.005614235997200012,0.019999999552965164,0.0,0.0,0.0,0.2464229315519333,map_a,map_a_open,RULESET_V3_M1_OWN_FLAG_HOME,73b77ac3a0efb2c33a4498544c96bb702a656cbbfe17af18ec859c6d6b4c2142,True
1298,sappo_pi_A_specialist_1p5M_seed7100001,48532,1304992,637,26,,OP3,OPPONENT_POOL,train,map_a_open,-1,0,SCRIPTED:OP6,5,1,1,0,1,240,0.3999999761581421,1,0,0,39,0,0,0,0,0,0,0,0,0,0,0,0,0,0,0,0,29.0,12.525969441731771,1.0,0.0,-0.01018272340297699,0.04999999701976776,0.0,0.0,0.0,0.24725653231143951,map_a,map_a_open,RULESET_V3_M1_OWN_FLAG_HOME,73b77ac3a0efb2c33a4498544c96bb702a656cbbfe17af18ec859c6d6b4c2142,True
1299,sappo_pi_A_specialist_1p5M_seed7100001,48532,1305216,637,40,,OP3,OPPONENT_POOL,train,map_a_open,-1,0,SCRIPTED:OP6,5,1,1,0,1,240,0.35999998450279236,0,1,0,27,0,0,0,0,0,0,0,0,0,0,0,0,0,0,0,0,55.0,11.594999186197917,1.0,0.0,0.027411147952079773,0.04999999701976776,0.0,0.0,0.0,0.24946121871471405,map_a,map_a_open,RULESET_V3_M1_OWN_FLAG_HOME,73b77ac3a0efb2c33a4498544c96bb702a656cbbfe17af18ec859c6d6b4c2142,True
1300,sappo_pi_A_specialist_1p5M_seed7100001,48532,1305360,637,49,,OP3,OPPONENT_POOL,train,map_a_open,-1,0,SCRIPTED:OP6,5,0,0,0,0,240,0.6399999856948853,1,0,0,10,0,0,0,0,0,0,0,0,0,0,0,0,0,0,0,0,,13.06394551595052,-0.5,0.0,-0.008026659488677979,0.04999999701976776,0.0,0.0,0.0,-0.12176940590143204,map_a,map_a_open,RULESET_V3_M1_OWN_FLAG_HOME,73b77ac3a0efb2c33a4498544c96bb702a656cbbfe17af18ec859c6d6b4c2142,True
1301,sappo_pi_A_specialist_1p5M_seed7100001,48532,1305616,637,65,,OP3,OPPONENT_POOL,train,map_a_open,-1,0,SCRIPTED:OP6,5,1,2,1,1,240,0.6800000071525574,0,1,0,150,0,0,0,0,0,0,0,0,0,0,0,0,0,0,0,0,32.0,3.7850847880045575,1.0,0.0,-0.024782508611679077,0.014999999664723873,0.0,0.0,-0.004000000189989805,0.24340330064296722,map_a,map_a_open,RULESET_V3_M1_OWN_FLAG_HOME,73b77ac3a0efb2c33a4498544c96bb702a656cbbfe17af18ec859c6d6b4c2142,True
1302,sappo_pi_A_specialist_1p5M_seed7100001,48532,1305680,637,69,,OP3,OPPONENT_POOL,train,map_a_open,-1,0,SCRIPTED:OP6,5,1,2,0,2,240,0.47999998927116394,1,0,0,29,0,0,0,0,0,0,0,0,0,0,0,0,0,0,0,0,31.0,11.303780110677083,1.0,0.0,-0.0066885799169540405,0.04999999701976776,0.0,0.0,0.0,0.24746155738830566,map_a,map_a_open,RULESET_V3_M1_OWN_FLAG_HOME,73b77ac3a0efb2c33a4498544c96bb702a656cbbfe17af18ec859c6d6b4c2142,True
1303,sappo_pi_A_specialist_1p5M_seed7100001,48532,1305936,637,85,,OP3,OPPONENT_POOL,train,map_a_open,-1,0,SCRIPTED:OP6,5,1,2,0,2,240,0.4399999976158142,0,1,0,87,0,0,0,0,0,0,0,0,0,0,0,0,0,0,0,0,77.0,6.827210489908854,1.0,0.0,-0.013891026377677917,0.04999999701976776,0.0,0.0,0.0,0.24703891575336456,map_a,map_a_open,RULESET_V3_M1_OWN_FLAG_HOME,73b77ac3a0efb2c33a4498544c96bb702a656cbbfe17af18ec859c6d6b4c2142,True
1304,sappo_pi_A_specialist_1p5M_seed7100001,48532,1306016,637,90,,OP3,OPPONENT_POOL,train,map_a_open,-1,0,SCRIPTED:OP6,5,0,1,2,-1,240,0.5999999642372131,0,1,0,95,0,0,0,0,0,0,0,0,0,0,0,0,0,0,0,0,169.0,4.694353230794271,-1.0,0.0,-0.0012625455856323242,0.0,0.0,0.0,-0.00800000037997961,-0.24687187373638153,map_a,map_a_open,RULESET_V3_M1_OWN_FLAG_HOME,73b77ac3a0efb2c33a4498544c96bb702a656cbbfe17af18ec859c6d6b4c2142,True
1305,sappo_pi_A_specialist_1p5M_seed7100001,48532,1306256,637,105,,OP3,OPPONENT_POOL,train,map_a_open,-1,0,SCRIPTED:OP6,5,0,0,0,0,240,0.5999999642372131,1,0,0,11,0,0,0,0,0,0,0,0,0,0,0,0,0,0,0,0,,12.642006429036458,-0.5,0.0,-0.012699827551841736,0.04999999701976776,0.0,0.0,0.0,-0.12205713987350464,map_a,map_a_open,RULESET_V3_M1_OWN_FLAG_HOME,73b77ac3a0efb2c33a4498544c96bb702a656cbbfe17af18ec859c6d6b4c2142,True
1306,sappo_pi_A_specialist_1p5M_seed7100001,48532,1306272,637,106,,OP3,OPPONENT_POOL,train,map_a_open,-1,0,SCRIPTED:OP6,5,0,0,0,0,240,0.3199999928474426,1,0,0,39,0,0,0,0,0,0,0,0,0,0,0,0,0,0,0,0,,12.578798421223958,-0.5,0.0,0.009444653987884521,0.04999999701976776,0.0,0.0,0.0,-0.12069349735975266,map_a,map_a_open,RULESET_V3_M1_OWN_FLAG_HOME,73b77ac3a0efb2c33a4498544c96bb702a656cbbfe17af18ec859c6d6b4c2142,True
1307,sappo_pi_A_specialist_1p5M_seed7100001,48532,1306576,637,125,,OP3,OPPONENT_POOL,train,map_a_open,-1,0,SCRIPTED:OP6,5,0,0,0,0,240,0.3999999761581421,0,2,0,57,0,0,0,0,0,0,0,0,0,0,0,0,0,0,0,0,,10.525930786132813,-0.5,0.0,0.0033678412437438965,0.04999999701976776,0.0,0.0,-0.004000000189989805,-0.12205296754837036,map_a,map_a_open,RULESET_V3_M1_OWN_FLAG_HOME,73b77ac3a0efb2c33a4498544c96bb702a656cbbfe17af18ec859c6d6b4c2142,True
1308,sappo_pi_A_specialist_1p5M_seed7100001,48532,1306880,638,16,,OP3,OPPONENT_POOL,train,map_a_open,-1,0,SCRIPTED:OP6,5,0,0,0,0,240,0.5199999809265137,0,1,0,8,0,0,0,0,0,0,0,0,0,0,0,0,0,0,0,0,,13.117845662434895,-0.5,0.0,-0.00025992095470428467,0.04999999701976776,0.0,0.0,0.0,-0.1212911531329155,map_a,map_a_open,RULESET_V3_M1_OWN_FLAG_HOME,73b77ac3a0efb2c33a4498544c96bb702a656cbbfe17af18ec859c6d6b4c2142,True
1309,sappo_pi_A_specialist_1p5M_seed7100001,48532,1308016,638,87,,OP3,OPPONENT_POOL,train,map_a_open,-1,0,SCRIPTED:OP6,5,0,0,0,0,240,0.3999999761581421,1,0,0,15,0,0,0,0,0,0,0,0,0,0,0,0,0,0,0,0,,13.195010375976562,-0.5,0.0,0.004670500755310059,0.04999999701976776,0.0,0.0,0.0,-0.12098752707242966,map_a,map_a_open,RULESET_V3_M1_OWN_FLAG_HOME,73b77ac3a0efb2c33a4498544c96bb702a656cbbfe17af18ec859c6d6b4c2142,True
1310,sappo_pi_A_specialist_1p5M_seed7100001,48532,1308112,638,93,,OP3,OPPONENT_POOL,train,map_a_open,-1,0,SCRIPTED:OP6,5,0,0,0,0,240,0.47999998927116394,1,0,0,29,0,0,0,0,0,0,0,0,0,0,0,0,0,0,0,0,,12.399408976236979,-0.5,0.0,-0.0092935711145401,0.04999999701976776,0.0,0.0,-0.004000000189989805,-0.12283244729042053,map_a,map_a_open,RULESET_V3_M1_OWN_FLAG_HOME,73b77ac3a0efb2c33a4498544c96bb702a656cbbfe17af18ec859c6d6b4c2142,True
1311,sappo_pi_A_specialist_1p5M_seed7100001,48532,1308208,638,99,,OP3,OPPONENT_POOL,train,map_a_open,-1,0,SCRIPTED:OP6,5,0,0,0,0,240,0.4399999976158142,1,0,0,9,0,0,0,0,0,0,0,0,0,0,0,0,0,0,0,0,,13.304209391276041,-0.5,0.0,-0.00020372867584228516,0.04999999701976776,0.0,0.0,-0.00800000037997961,-0.12325779348611832,map_a,map_a_open,RULESET_V3_M1_OWN_FLAG_HOME,73b77ac3a0efb2c33a4498544c96bb702a656cbbfe17af18ec859c6d6b4c2142,True
1312,sappo_pi_A_specialist_1p5M_seed7100001,48532,1308384,638,110,,OP3,OPPONENT_POOL,train,map_a_open,-1,0,SCRIPTED:OP6,5,0,0,0,0,240,0.3199999928474426,1,0,0,12,0,0,0,0,0,0,0,0,0,0,0,0,0,0,0,0,,13.174962361653646,-0.5,0.0,-0.005245894193649292,0.04999999701976776,0.0,0.0,0.0,-0.12159817665815353,map_a,map_a_open,RULESET_V3_M1_OWN_FLAG_HOME,73b77ac3a0efb2c33a4498544c96bb702a656cbbfe17af18ec859c6d6b4c2142,True
1313,sappo_pi_A_specialist_1p5M_seed7100001,48532,1308496,638,117,,OP3,OPPONENT_POOL,train,map_a_open,-1,0,SCRIPTED:OP6,5,0,0,0,0,240,0.5600000023841858,1,0,0,12,0,0,0,0,0,0,0,0,0,0,0,0,0,0,0,0,,12.71312255859375,-0.5,0.0,-0.003336101770401001,0.04999933019280434,0.0,0.0,-0.00800000037997961,-0.1234506294131279,map_a,map_a_open,RULESET_V3_M1_OWN_FLAG_HOME,73b77ac3a0efb2c33a4498544c96bb702a656cbbfe17af18ec859c6d6b4c2142,True
1314,sappo_pi_A_specialist_1p5M_seed7100001,48532,1308832,639,10,,OP3,OPPONENT_POOL,train,map_a_open,-1,0,SCRIPTED:OP6,5,1,1,0,1,240,0.6800000071525574,1,0,0,18,0,0,0,0,0,0,0,0,0,0,0,0,0,0,0,0,44.0,11.010410563151042,1.0,0.0,-0.0032296478748321533,0.04999999329447746,0.0,0.0,-0.004000000189989805,0.24672558903694153,map_a,map_a_open,RULESET_V3_M1_OWN_FLAG_HOME,73b77ac3a0efb2c33a4498544c96bb702a656cbbfe17af18ec859c6d6b4c2142,True
1315,sappo_pi_A_specialist_1p5M_seed7100001,48532,1309056,639,24,,OP3,OPPONENT_POOL,train,map_a_open,-1,0,SCRIPTED:OP6,5,1,2,0,2,240,0.5199999809265137,1,0,0,63,0,0,0,0,0,0,0,0,0,0,0,0,0,0,0,0,37.0,9.891511027018229,1.0,0.0,0.007440343499183655,0.04999999701976776,0.0,0.0,0.0,0.24829034507274628,map_a,map_a_open,RULESET_V3_M1_OWN_FLAG_HOME,73b77ac3a0efb2c33a4498544c96bb702a656cbbfe17af18ec859c6d6b4c2142,True
1316,sappo_pi_A_specialist_1p5M_seed7100001,48532,1309200,639,33,,OP3,OPPONENT_POOL,train,map_a_open,-1,0,SCRIPTED:OP6,5,0,0,0,0,240,0.5199999809265137,1,0,0,20,0,0,0,0,0,0,0,0,0,0,0,0,0,0,0,0,,12.871677652994792,-0.5,0.0,-0.0027857422828674316,0.04999999701976776,0.0,0.0,-0.004000000189989805,-0.12243182212114334,map_a,map_a_open,RULESET_V3_M1_OWN_FLAG_HOME,73b77ac3a0efb2c33a4498544c96bb702a656cbbfe17af18ec859c6d6b4c2142,True
1317,sappo_pi_A_specialist_1p5M_seed7100001,48532,1309264,639,37,,OP3,OPPONENT_POOL,train,map_a_open,-1,0,SCRIPTED:OP6,5,1,3,1,2,168,0.3999999761581421,0,5,0,70,0,0,0,0,0,0,0,0,0,0,0,0,0,0,0,0,34.0,4.996184939429874,1.0,0.5,-0.006466194987297058,0.0,1.0,100.0,0.0,0.5543198585510254,map_a,map_a_open,RULESET_V3_M1_OWN_FLAG_HOME,73b77ac3a0efb2c33a4498544c96bb702a656cbbfe17af18ec859c6d6b4c2142,True
1318,sappo_pi_A_specialist_1p5M_seed7100001,48532,1309456,639,49,,OP3,OPPONENT_POOL,train,map_a_open,-1,0,SCRIPTED:OP6,5,0,0,0,0,240,0.4399999976158142,0,1,0,12,0,0,0,0,0,0,0,0,0,0,0,0,0,0,0,0,,13.719303385416667,-0.5,0.0,-0.004443511366844177,0.04999999701976776,0.0,0.0,0.0,-0.12154876440763474,map_a,map_a_open,RULESET_V3_M1_OWN_FLAG_HOME,73b77ac3a0efb2c33a4498544c96bb702a656cbbfe17af18ec859c6d6b4c2142,True
1319,sappo_pi_A_specialist_1p5M_seed7100001,48532,1309520,639,53,,OP3,OPPONENT_POOL,train,map_a_open,-1,0,SCRIPTED:OP6,5,1,1,0,1,240,0.47999998927116394,1,0,0,91,0,0,0,0,0,0,0,0,0,0,0,0,0,0,0,0,143.0,6.369901021321614,1.0,0.0,-0.0028640031814575195,0.04999999701976776,0.0,0.0,-0.004000000189989805,0.24674704670906067,map_a,map_a_open,RULESET_V3_M1_OWN_FLAG_HOME,73b77ac3a0efb2c33a4498544c96bb702a656cbbfe17af18ec859c6d6b4c2142,True
1320,sappo_pi_A_specialist_1p5M_seed7100001,48532,1309776,639,69,,OP3,OPPONENT_POOL,train,map_a_open,-1,0,SCRIPTED:OP6,5,1,1,0,1,240,0.5199999809265137,1,0,0,14,0,0,0,0,0,0,0,0,0,0,0,0,0,0,0,0,30.0,12.397632853190105,1.0,0.0,0.022875934839248657,0.04999999701976776,0.0,0.0,0.0,0.2491953819990158,map_a,map_a_open,RULESET_V3_M1_OWN_FLAG_HOME,73b77ac3a0efb2c33a4498544c96bb702a656cbbfe17af18ec859c6d6b4c2142,True
1321,sappo_pi_A_specialist_1p5M_seed7100001,48532,1309856,639,74,,OP3,OPPONENT_POOL,train,map_a_open,-1,0,SCRIPTED:OP6,5,1,1,0,1,240,0.47999998927116394,1,0,0,47,0,0,0,0,0,0,0,0,0,0,0,0,0,0,0,0,96.0,9.51728006998698,1.0,0.0,0.006474688649177551,0.04999999701976776,0.0,0.0,-0.00800000037997961,0.2463560253381729,map_a,map_a_open,RULESET_V3_M1_OWN_FLAG_HOME,73b77ac3a0efb2c33a4498544c96bb702a656cbbfe17af18ec859c6d6b4c2142,True
1322,sappo_pi_A_specialist_1p5M_seed7100001,48532,1310096,639,89,,OP3,OPPONENT_POOL,train,map_a_open,-1,0,SCRIPTED:OP6,5,0,0,0,0,240,0.47999998927116394,1,0,0,21,0,0,0,0,0,0,0,0,0,0,0,0,0,0,0,0,,13.01497802734375,-0.5,0.0,0.0077223628759384155,0.04999999701976776,0.0,0.0,0.0,-0.12079957127571106,map_a,map_a_open,RULESET_V3_M1_OWN_FLAG_HOME,73b77ac3a0efb2c33a4498544c96bb702a656cbbfe17af18ec859c6d6b4c2142,True
1323,sappo_pi_A_specialist_1p5M_seed7100001,48532,1310112,639,90,,OP3,OPPONENT_POOL,train,map_a_open,-1,0,SCRIPTED:OP6,5,0,0,0,0,240,0.6399999856948853,1,0,0,17,0,0,0,0,0,0,0,0,0,0,0,0,0,0,0,0,,13.122882080078124,-0.5,0.0,-0.01074226200580597,0.04999999701976776,0.0,0.0,0.0,-0.1219366043806076,map_a,map_a_open,RULESET_V3_M1_OWN_FLAG_HOME,73b77ac3a0efb2c33a4498544c96bb702a656cbbfe17af18ec859c6d6b4c2142,True
1324,sappo_pi_A_specialist_1p5M_seed7100001,48532,1310720,639,128,,OP3,OPPONENT_POOL,train,map_a_open,-1,0,SCRIPTED:OP6,5,1,1,0,1,240,0.47999998927116394,1,0,0,32,0,0,0,0,0,0,0,0,0,0,0,0,0,0,0,0,86.0,10.209321085611979,1.0,0.0,-0.004673510789871216,0.04999999701976776,0.0,0.0,0.0,0.24757978320121765,map_a,map_a_open,RULESET_V3_M1_OWN_FLAG_HOME,73b77ac3a0efb2c33a4498544c96bb702a656cbbfe17af18ec859c6d6b4c2142,True
1325,sappo_pi_A_specialist_1p5M_seed7100001,48532,1310880,640,10,,OP3,OPPONENT_POOL,train,map_a_open,-1,0,SCRIPTED:OP6,5,1,3,0,3,89,0.35999998450279236,1,0,0,20,0,0,0,0,0,0,0,0,0,0,0,0,0,0,0,0,33.0,6.332434493504214,1.0,0.5,-0.010210186243057251,0.0,1.0,100.0,0.0,0.5541577339172363,map_a,map_a_open,RULESET_V3_M1_OWN_FLAG_HOME,73b77ac3a0efb2c33a4498544c96bb702a656cbbfe17af18ec859c6d6b4c2142,True
1326,sappo_pi_A_specialist_1p5M_seed7100001,48532,1311856,640,71,,OP3,OPPONENT_POOL,train,map_a_open,-1,0,SCRIPTED:OP6,5,1,2,1,1,240,0.5600000023841858,0,4,0,107,0,0,0,0,0,0,0,0,0,0,0,0,0,0,0,0,40.0,7.052935282389323,1.0,0.0,0.0031152814626693726,0.04999999701976776,0.0,0.0,-0.004000000189989805,0.2470979541540146,map_a,map_a_open,RULESET_V3_M1_OWN_FLAG_HOME,73b77ac3a0efb2c33a4498544c96bb702a656cbbfe17af18ec859c6d6b4c2142,True
1327,sappo_pi_A_specialist_1p5M_seed7100001,48532,1311952,640,77,,OP3,OPPONENT_POOL,train,map_a_open,-1,0,SCRIPTED:OP6,5,1,2,1,1,240,0.3999999761581421,0,1,0,132,0,0,0,0,0,0,0,0,0,0,0,0,0,0,0,0,101.0,4.2858118693033855,1.0,0.0,-0.001608043909072876,0.019999999552965164,0.0,0.0,-0.004000000189989805,0.24505917727947235,map_a,map_a_open,RULESET_V3_M1_OWN_FLAG_HOME,73b77ac3a0efb2c33a4498544c96bb702a656cbbfe17af18ec859c6d6b4c2142,True
1328,sappo_pi_A_specialist_1p5M_seed7100001,48532,1312048,640,83,,OP3,OPPONENT_POOL,train,map_a_open,-1,0,SCRIPTED:OP6,5,0,0,0,0,240,0.5199999809265137,1,0,0,22,0,0,0,0,0,0,0,0,0,0,0,0,0,0,0,0,,12.147866821289062,-0.5,0.0,-0.0053307414054870605,0.04999999701976776,0.0,0.0,0.0,-0.12160339951515198,map_a,map_a_open,RULESET_V3_M1_OWN_FLAG_HOME,73b77ac3a0efb2c33a4498544c96bb702a656cbbfe17af18ec859c6d6b4c2142,True
1329,sappo_pi_A_specialist_1p5M_seed7100001,48532,1312224,640,94,,OP3,OPPONENT_POOL,train,map_a_open,-1,0,SCRIPTED:OP6,5,1,1,0,1,240,0.3999999761581421,1,0,0,18,0,0,0,0,0,0,0,0,0,0,0,0,0,0,0,0,44.0,12.212814331054688,1.0,0.0,-4.857778549194336e-06,0.04999999701976776,0.0,0.0,0.0,0.24785365164279938,map_a,map_a_open,RULESET_V3_M1_OWN_FLAG_HOME,73b77ac3a0efb2c33a4498544c96bb702a656cbbfe17af18ec859c6d6b4c2142,True
1330,sappo_pi_A_specialist_1p5M_seed7100001,48532,1312336,640,101,,OP3,OPPONENT_POOL,train,map_a_open,-1,0,SCRIPTED:OP6,5,1,1,0,1,240,0.5199999809265137,0,1,0,24,0,0,0,0,0,0,0,0,0,0,0,0,0,0,0,0,46.0,11.8772216796875,1.0,0.0,-0.0009398758411407471,0.04999999701976776,0.0,0.0,0.0,0.24779881536960602,map_a,map_a_open,RULESET_V3_M1_OWN_FLAG_HOME,73b77ac3a0efb2c33a4498544c96bb702a656cbbfe17af18ec859c6d6b4c2142,True
1331,sappo_pi_A_specialist_1p5M_seed7100001,48532,1312672,640,122,,OP3,OPPONENT_POOL,train,map_a_open,-1,0,SCRIPTED:OP6,5,1,1,0,1,240,0.47999998927116394,1,0,0,62,0,0,0,0,0,0,0,0,0,0,0,0,0,0,0,0,73.0,9.989788818359376,1.0,0.0,0.011744499206542969,0.04999999701976776,0.0,0.0,-0.004000000189989805,0.24760429561138153,map_a,map_a_open,RULESET_V3_M1_OWN_FLAG_HOME,73b77ac3a0efb2c33a4498544c96bb702a656cbbfe17af18ec859c6d6b4c2142,True
1332,sappo_pi_A_specialist_1p5M_seed7100001,48532,1312896,641,8,,OP3,OPPONENT_POOL,train,map_a_open,-1,0,SCRIPTED:OP6,5,1,1,0,1,240,0.47999998927116394,0,1,0,65,0,0,0,0,0,0,0,0,0,0,0,0,0,0,0,0,91.0,8.481333414713541,1.0,0.0,0.011333659291267395,0.04999999701976776,0.0,0.0,0.0,0.2485186606645584,map_a,map_a_open,RULESET_V3_M1_OWN_FLAG_HOME,73b77ac3a0efb2c33a4498544c96bb702a656cbbfe17af18ec859c6d6b4c2142,True
1333,sappo_pi_A_specialist_1p5M_seed7100001,48532,1312960,641,12,,OP3,OPPONENT_POOL,train,map_a_open,-1,0,SCRIPTED:OP6,5,1,3,0,3,215,0.5999999642372131,0,2,0,132,0,0,0,0,0,0,0,0,0,0,0,0,0,0,0,0,74.0,4.339192235192587,1.0,0.5,-0.009850993752479553,0.0,1.0,100.0,0.0,0.5541732311248779,map_a,map_a_open,RULESET_V3_M1_OWN_FLAG_HOME,73b77ac3a0efb2c33a4498544c96bb702a656cbbfe17af18ec859c6d6b4c2142,True
1334,sappo_pi_A_specialist_1p5M_seed7100001,48532,1313040,641,17,,OP3,OPPONENT_POOL,train,map_a_open,-1,0,SCRIPTED:OP6,5,0,0,0,0,240,0.5999999642372131,1,0,0,29,0,0,0,0,0,0,0,0,0,0,0,0,0,0,0,0,,10.747951253255208,-0.5,0.0,0.0021470338106155396,0.04999999701976776,0.0,0.0,0.0,-0.1211429312825203,map_a,map_a_open,RULESET_V3_M1_OWN_FLAG_HOME,73b77ac3a0efb2c33a4498544c96bb702a656cbbfe17af18ec859c6d6b4c2142,True
1335,sappo_pi_A_specialist_1p5M_seed7100001,48532,1313104,641,21,,OP3,OPPONENT_POOL,train,map_a_open,-1,0,SCRIPTED:OP6,5,1,1,0,1,240,0.4399999976158142,1,0,0,13,0,0,0,0,0,0,0,0,0,0,0,0,0,0,0,0,30.0,12.487740071614583,1.0,0.0,-0.0007361322641372681,0.04999999701976776,0.0,0.0,0.0,0.24781076610088348,map_a,map_a_open,RULESET_V3_M1_OWN_FLAG_HOME,73b77ac3a0efb2c33a4498544c96bb702a656cbbfe17af18ec859c6d6b4c2142,True
1336,sappo_pi_A_specialist_1p5M_seed7100001,48532,1313616,641,53,,OP3,OPPONENT_POOL,train,map_a_open,-1,0,SCRIPTED:OP6,5,0,0,0,0,240,0.47999998927116394,1,0,0,15,0,0,0,0,0,0,0,0,0,0,0,0,0,0,0,0,,12.537820434570312,-0.5,0.0,-0.016987740993499756,0.04999999701976776,0.0,0.0,0.0,-0.12232112884521484,map_a,map_a_open,RULESET_V3_M1_OWN_FLAG_HOME,73b77ac3a0efb2c33a4498544c96bb702a656cbbfe17af18ec859c6d6b4c2142,True
1337,sappo_pi_A_specialist_1p5M_seed7100001,48532,1313696,641,58,,OP3,OPPONENT_POOL,train,map_a_open,-1,0,SCRIPTED:OP6,5,1,1,0,1,240,0.47999998927116394,1,0,0,33,0,0,0,0,0,0,0,0,0,0,0,0,0,0,0,0,67.0,10.765346272786458,1.0,0.0,-0.0012788474559783936,0.04999953508377075,0.0,0.0,-0.004000000189989805,0.24684005975723267,map_a,map_a_open,RULESET_V3_M1_OWN_FLAG_HOME,73b77ac3a0efb2c33a4498544c96bb702a656cbbfe17af18ec859c6d6b4c2142,True
1338,sappo_pi_A_specialist_1p5M_seed7100001,48532,1313936,641,73,,OP3,OPPONENT_POOL,train,map_a_open,-1,0,SCRIPTED:OP6,5,0,0,0,0,240,0.6399999856948853,0,2,0,38,0,0,0,0,0,0,0,0,0,0,0,0,0,0,0,0,,12.099403889973958,-0.5,0.0,0.01047542691230774,0.04999999701976776,0.0,0.0,-0.004000000189989805,-0.12161533534526825,map_a,map_a_open,RULESET_V3_M1_OWN_FLAG_HOME,73b77ac3a0efb2c33a4498544c96bb702a656cbbfe17af18ec859c6d6b4c2142,True
1339,sappo_pi_A_specialist_1p5M_seed7100001,48532,1313952,641,74,,OP3,OPPONENT_POOL,train,map_a_open,-1,0,SCRIPTED:OP6,5,0,0,0,0,240,0.5199999809265137,1,0,0,80,0,0,0,0,0,0,0,0,0,0,0,0,0,0,0,0,,7.971414184570312,-0.5,0.0,-0.016760870814323425,0.04999999701976776,0.0,0.0,0.0,-0.12230715900659561,map_a,map_a_open,RULESET_V3_M1_OWN_FLAG_HOME,73b77ac3a0efb2c33a4498544c96bb702a656cbbfe17af18ec859c6d6b4c2142,True
1340,sappo_pi_A_specialist_1p5M_seed7100001,48532,1314560,641,112,,OP3,OPPONENT_POOL,train,map_a_open,-1,0,SCRIPTED:OP6,5,1,1,0,1,240,0.35999998450279236,1,0,0,18,0,0,0,0,0,0,0,0,0,0,0,0,0,0,0,0,29.0,12.370412190755209,1.0,0.0,-0.006607353687286377,0.04999999701976776,0.0,0.0,0.0,0.2474663108587265,map_a,map_a_open,RULESET_V3_M1_OWN_FLAG_HOME,73b77ac3a0efb2c33a4498544c96bb702a656cbbfe17af18ec859c6d6b4c2142,True
1341,sappo_pi_A_specialist_1p5M_seed7100001,48532,1314720,641,122,,OP3,OPPONENT_POOL,train,map_a_open,-1,0,SCRIPTED:OP6,5,1,2,0,2,240,0.5199999809265137,0,1,0,84,0,0,0,0,0,0,0,0,0,0,0,0,0,0,0,0,75.0,7.523084513346354,1.0,0.0,0.0030488818883895874,0.04999999701976776,0.0,0.0,-0.004000000189989805,0.247094064950943,map_a,map_a_open,RULESET_V3_M1_OWN_FLAG_HOME,73b77ac3a0efb2c33a4498544c96bb702a656cbbfe17af18ec859c6d6b4c2142,True
1342,sappo_pi_A_specialist_1p5M_seed7100001,48532,1315696,642,55,,OP3,OPPONENT_POOL,train,map_a_open,-1,0,SCRIPTED:OP6,5,0,0,0,0,240,0.5199999809265137,0,4,0,87,0,0,0,0,0,0,0,0,0,0,0,0,0,0,0,0,,8.374870300292969,-0.5,0.0,0.016279295086860657,0.04999999701976776,0.0,0.0,-0.004000000189989805,-0.12125794589519501,map_a,map_a_open,RULESET_V3_M1_OWN_FLAG_HOME,73b77ac3a0efb2c33a4498544c96bb702a656cbbfe17af18ec859c6d6b4c2142,True
1343,sappo_pi_A_specialist_1p5M_seed7100001,48532,1315792,642,61,,OP3,OPPONENT_POOL,train,map_a_open,-1,0,SCRIPTED:OP6,5,0,0,0,0,240,0.47999998927116394,1,0,0,49,0,0,0,0,0,0,0,0,0,0,0,0,0,0,0,0,,10.792371622721355,-0.5,0.0,-0.017782986164093018,0.04999999701976776,0.0,0.0,0.0,-0.12237008661031723,map_a,map_a_open,RULESET_V3_M1_OWN_FLAG_HOME,73b77ac3a0efb2c33a4498544c96bb702a656cbbfe17af18ec859c6d6b4c2142,True
1344,sappo_pi_A_specialist_1p5M_seed7100001,48532,1315888,642,67,,OP3,OPPONENT_POOL,train,map_a_open,-1,0,SCRIPTED:OP6,5,0,0,0,0,240,0.47999998927116394,1,0,0,6,0,0,0,0,0,0,0,0,0,0,0,0,0,0,0,0,,13.29888916015625,-0.5,0.0,0.007482454180717468,0.04999999701976776,0.0,0.0,-0.004000000189989805,-0.12179962545633316,map_a,map_a_open,RULESET_V3_M1_OWN_FLAG_HOME,73b77ac3a0efb2c33a4498544c96bb702a656cbbfe17af18ec859c6d6b4c2142,True
1345,sappo_pi_A_specialist_1p5M_seed7100001,48532,1316064,642,78,,OP3,OPPONENT_POOL,train,map_a_open,-1,0,SCRIPTED:OP6,5,1,1,0,1,240,0.3999999761581421,1,0,0,18,0,0,0,0,0,0,0,0,0,0,0,0,0,0,0,0,46.0,11.877985636393229,1.0,0.0,0.0029511302709579468,0.04999999701976776,0.0,0.0,-0.004000000189989805,0.24708832800388336,map_a,map_a_open,RULESET_V3_M1_OWN_FLAG_HOME,73b77ac3a0efb2c33a4498544c96bb702a656cbbfe17af18ec859c6d6b4c2142,True
1346,sappo_pi_A_specialist_1p5M_seed7100001,48532,1316176,642,85,,OP3,OPPONENT_POOL,train,map_a_open,-1,0,SCRIPTED:OP6,5,0,0,0,0,240,0.6399999856948853,1,0,0,10,0,0,0,0,0,0,0,0,0,0,0,0,0,0,0,0,,12.7311279296875,-0.5,0.0,0.0026549696922302246,0.04999999701976776,0.0,0.0,0.0,-0.12111164629459381,map_a,map_a_open,RULESET_V3_M1_OWN_FLAG_HOME,73b77ac3a0efb2c33a4498544c96bb702a656cbbfe17af18ec859c6d6b4c2142,True
1347,sappo_pi_A_specialist_1p5M_seed7100001,48532,1316512,642,106,,OP3,OPPONENT_POOL,train,map_a_open,-1,0,SCRIPTED:OP6,5,0,0,0,0,240,0.5199999809265137,1,0,0,24,0,0,0,0,0,0,0,0,0,0,0,0,0,0,0,0,,11.510890706380208,-0.5,0.0,0.010279744863510132,0.04062499850988388,0.0,0.0,0.0,-0.12121942639350891,map_a,map_a_open,RULESET_V3_M1_OWN_FLAG_HOME,73b77ac3a0efb2c33a4498544c96bb702a656cbbfe17af18ec859c6d6b4c2142,True
1348,sappo_pi_A_specialist_1p5M_seed7100001,48532,1316736,642,120,,OP3,OPPONENT_POOL,train,map_a_open,-1,0,SCRIPTED:OP6,5,0,0,0,0,240,0.5199999809265137,0,2,0,50,0,0,0,0,0,0,0,0,0,0,0,0,0,0,0,0,,11.424497477213542,-0.5,0.0,-7.434189319610596e-05,0.04999999701976776,0.0,0.0,0.0,-0.12127972394227982,map_a,map_a_open,RULESET_V3_M1_OWN_FLAG_HOME,73b77ac3a0efb2c33a4498544c96bb702a656cbbfe17af18ec859c6d6b4c2142,True
1349,sappo_pi_A_specialist_1p5M_seed7100001,48532,1316800,642,124,,OP3,OPPONENT_POOL,train,map_a_open,-1,0,SCRIPTED:OP6,5,1,2,0,2,240,0.5600000023841858,1,0,0,56,0,0,0,0,0,0,0,0,0,0,0,0,0,0,0,0,41.0,8.022526041666667,1.0,0.0,-0.01101754605770111,0.04999999701976776,0.0,0.0,0.0,0.24720753729343414,map_a,map_a_open,RULESET_V3_M1_OWN_FLAG_HOME,73b77ac3a0efb2c33a4498544c96bb702a656cbbfe17af18ec859c6d6b4c2142,True
1350,sappo_pi_A_specialist_1p5M_seed7100001,48532,1316880,643,1,,OP3,OPPONENT_POOL,train,map_a_open,-1,0,SCRIPTED:OP6,5,1,2,0,2,240,0.47999998927116394,1,0,0,47,0,0,0,0,0,0,0,0,0,0,0,0,0,0,0,0,29.0,10.626908365885416,1.0,0.0,0.0006181001663208008,0.04710158705711365,0.0,0.0,0.0,0.2477201670408249,map_a,map_a_open,RULESET_V3_M1_OWN_FLAG_HOME,73b77ac3a0efb2c33a4498544c96bb702a656cbbfe17af18ec859c6d6b4c2142,True
1351,sappo_pi_A_specialist_1p5M_seed7100001,48532,1316944,643,5,,OP3,OPPONENT_POOL,train,map_a_open,-1,0,SCRIPTED:OP6,5,1,1,0,1,240,0.4399999976158142,1,0,0,55,0,0,0,0,0,0,0,0,0,0,0,0,0,0,0,0,67.0,10.026017252604166,1.0,0.0,0.0034918785095214844,0.04999999701976776,0.0,0.0,-0.00800000037997961,0.24618090689182281,map_a,map_a_open,RULESET_V3_M1_OWN_FLAG_HOME,73b77ac3a0efb2c33a4498544c96bb702a656cbbfe17af18ec859c6d6b4c2142,True
1352,sappo_pi_A_specialist_1p5M_seed7100001,48532,1317456,643,37,,OP3,OPPONENT_POOL,train,map_a_open,-1,0,SCRIPTED:OP6,5,1,1,0,1,240,0.35999998450279236,1,0,0,54,0,0,0,0,0,0,0,0,0,0,0,0,0,0,0,0,99.0,9.686229451497395,1.0,0.0,0.011420577764511108,0.04999999701976776,0.0,0.0,0.0,0.2485237568616867,map_a,map_a_open,RULESET_V3_M1_OWN_FLAG_HOME,73b77ac3a0efb2c33a4498544c96bb702a656cbbfe17af18ec859c6d6b4c2142,True
1353,sappo_pi_A_specialist_1p5M_seed7100001,48532,1317536,643,42,,OP3,OPPONENT_POOL,train,map_a_open,-1,0,SCRIPTED:OP6,5,1,2,0,2,240,0.3999999761581421,1,0,0,72,0,0,0,0,0,0,0,0,0,0,0,0,0,0,0,0,103.0,6.451560465494792,1.0,0.0,0.004239574074745178,0.04999999701976776,0.0,0.0,0.0,0.24810263514518738,map_a,map_a_open,RULESET_V3_M1_OWN_FLAG_HOME,73b77ac3a0efb2c33a4498544c96bb702a656cbbfe17af18ec859c6d6b4c2142,True
1354,sappo_pi_A_specialist_1p5M_seed7100001,48532,1317776,643,57,,OP3,OPPONENT_POOL,train,map_a_open,-1,0,SCRIPTED:OP6,5,1,1,0,1,240,0.47999998927116394,1,0,0,33,0,0,0,0,0,0,0,0,0,0,0,0,0,0,0,0,46.0,11.55001220703125,1.0,0.0,0.012677520513534546,0.04999999701976776,0.0,0.0,-0.004000000189989805,0.24765904247760773,map_a,map_a_open,RULESET_V3_M1_OWN_FLAG_HOME,73b77ac3a0efb2c33a4498544c96bb702a656cbbfe17af18ec859c6d6b4c2142,True
1355,sappo_pi_A_specialist_1p5M_seed7100001,48532,1317792,643,58,,OP3,OPPONENT_POOL,train,map_a_open,-1,0,SCRIPTED:OP6,5,1,1,0,1,240,0.5199999809265137,1,0,0,87,0,0,0,0,0,0,0,0,0,0,0,0,0,0,0,0,142.0,7.019035339355469,1.0,0.0,0.020052611827850342,0.04999999701976776,0.0,0.0,0.0,0.24902987480163574,map_a,map_a_open,RULESET_V3_M1_OWN_FLAG_HOME,73b77ac3a0efb2c33a4498544c96bb702a656cbbfe17af18ec859c6d6b4c2142,True
1356,sappo_pi_A_specialist_1p5M_seed7100001,48532,1318400,643,96,,OP3,OPPONENT_POOL,train,map_a_open,-1,0,SCRIPTED:OP6,5,1,2,0,2,240,0.5600000023841858,0,1,0,122,0,0,0,0,0,0,0,0,0,0,0,0,0,0,0,0,54.0,6.632352193196614,1.0,0.0,-0.00629018247127533,0.029999999329447746,0.0,0.0,-0.004000000189989805,0.24537156522274017,map_a,map_a_open,RULESET_V3_M1_OWN_FLAG_HOME,73b77ac3a0efb2c33a4498544c96bb702a656cbbfe17af18ec859c6d6b4c2142,True
1357,sappo_pi_A_specialist_1p5M_seed7100001,48532,1318560,643,106,,OP3,OPPONENT_POOL,train,map_a_open,-1,0,SCRIPTED:OP6,5,1,1,0,1,240,0.47999998927116394,1,0,0,36,0,0,0,0,0,0,0,0,0,0,0,0,0,0,0,0,42.0,11.581874593098958,1.0,0.0,-0.0006590783596038818,0.04999999701976776,0.0,0.0,-0.004000000189989805,0.24687646329402924,map_a,map_a_open,RULESET_V3_M1_OWN_FLAG_HOME,73b77ac3a0efb2c33a4498544c96bb702a656cbbfe17af18ec859c6d6b4c2142,True
1358,sappo_pi_A_specialist_1p5M_seed7100001,48532,1319536,644,39,,OP3,OPPONENT_POOL,train,map_a_open,-1,0,SCRIPTED:OP6,5,0,0,0,0,240,0.6399999856948853,0,1,0,54,0,0,0,0,0,0,0,0,0,0,0,0,0,0,0,0,,10.761874389648437,-0.5,0.0,-0.015674293041229248,0.04999999701976776,0.0,0.0,0.0,-0.12224026769399643,map_a,map_a_open,RULESET_V3_M1_OWN_FLAG_HOME,73b77ac3a0efb2c33a4498544c96bb702a656cbbfe17af18ec859c6d6b4c2142,True
1359,sappo_pi_A_specialist_1p5M_seed7100001,48532,1319632,644,45,,OP3,OPPONENT_POOL,train,map_a_open,-1,0,SCRIPTED:OP6,5,1,1,0,1,240,0.47999998927116394,0,1,0,37,0,0,0,0,0,0,0,0,0,0,0,0,0,0,0,0,54.0,11.104461669921875,1.0,0.0,0.004783853888511658,0.04999999701976776,0.0,0.0,-0.004000000189989805,0.24719589948654175,map_a,map_a_open,RULESET_V3_M1_OWN_FLAG_HOME,73b77ac3a0efb2c33a4498544c96bb702a656cbbfe17af18ec859c6d6b4c2142,True
1360,sappo_pi_A_specialist_1p5M_seed7100001,48532,1319728,644,51,,OP3,OPPONENT_POOL,train,map_a_open,-1,0,SCRIPTED:OP6,5,0,0,0,0,240,0.4399999976158142,1,0,0,13,0,0,0,0,0,0,0,0,0,0,0,0,0,0,0,0,,13.270777384440104,-0.5,0.0,0.014671847224235535,0.04999999701976776,0.0,0.0,-0.004000000189989805,-0.12135693430900574,map_a,map_a_open,RULESET_V3_M1_OWN_FLAG_HOME,73b77ac3a0efb2c33a4498544c96bb702a656cbbfe17af18ec859c6d6b4c2142,True
1361,sappo_pi_A_specialist_1p5M_seed7100001,48532,1319904,644,62,,OP3,OPPONENT_POOL,train,map_a_open,-1,0,SCRIPTED:OP6,5,1,1,0,1,240,0.47999998927116394,1,0,0,19,0,0,0,0,0,0,0,0,0,0,0,0,0,0,0,0,37.0,12.054573567708333,1.0,0.0,0.026473402976989746,0.04999999701976776,0.0,0.0,-0.004000000189989805,0.24846822023391724,map_a,map_a_open,RULESET_V3_M1_OWN_FLAG_HOME,73b77ac3a0efb2c33a4498544c96bb702a656cbbfe17af18ec859c6d6b4c2142,True
1362,sappo_pi_A_specialist_1p5M_seed7100001,48532,1320016,644,69,,OP3,OPPONENT_POOL,train,map_a_open,-1,0,SCRIPTED:OP6,5,0,0,0,0,240,0.4399999976158142,1,0,0,16,0,0,0,0,0,0,0,0,0,0,0,0,0,0,0,0,,12.945606486002605,-0.5,0.0,-0.010537981986999512,0.04999999701976776,0.0,0.0,-0.004000000189989805,-0.1229090467095375,map_a,map_a_open,RULESET_V3_M1_OWN_FLAG_HOME,73b77ac3a0efb2c33a4498544c96bb702a656cbbfe17af18ec859c6d6b4c2142,True
1363,sappo_pi_A_specialist_1p5M_seed7100001,48532,1320352,644,90,,OP3,OPPONENT_POOL,train,map_a_open,-1,0,SCRIPTED:OP6,5,0,0,0,0,240,0.47999998927116394,0,1,0,42,0,0,0,0,0,0,0,0,0,0,0,0,0,0,0,0,,10.500966389973959,-0.5,0.0,-0.0036298036575317383,0.04999999701976776,0.0,0.0,-0.004000000189989805,-0.12248378992080688,map_a,map_a_open,RULESET_V3_M1_OWN_FLAG_HOME,73b77ac3a0efb2c33a4498544c96bb702a656cbbfe17af18ec859c6d6b4c2142,True
1364,sappo_pi_A_specialist_1p5M_seed7100001,48532,1320576,644,104,,OP3,OPPONENT_POOL,train,map_a_open,-1,0,SCRIPTED:OP6,5,0,0,0,0,240,0.5600000023841858,1,0,0,4,0,0,0,0,0,0,0,0,0,0,0,0,0,0,0,0,,13.236903889973958,-0.5,0.0,-0.0020292848348617554,0.04999999701976776,0.0,0.0,-0.004000000189989805,-0.12238524854183197,map_a,map_a_open,RULESET_V3_M1_OWN_FLAG_HOME,73b77ac3a0efb2c33a4498544c96bb702a656cbbfe17af18ec859c6d6b4c2142,True
1365,sappo_pi_A_specialist_1p5M_seed7100001,48532,1320640,644,108,,OP3,OPPONENT_POOL,train,map_a_open,-1,0,SCRIPTED:OP6,5,1,1,0,1,240,0.5199999809265137,1,0,0,129,0,0,0,0,0,0,0,0,0,0,0,0,0,0,0,0,57.0,5.129981994628906,1.0,0.0,-0.0073735713958740234,0.04999995604157448,0.0,0.0,0.0,0.24742135405540466,map_a,map_a_open,RULESET_V3_M1_OWN_FLAG_HOME,73b77ac3a0efb2c33a4498544c96bb702a656cbbfe17af18ec859c6d6b4c2142,True
1366,sappo_pi_A_specialist_1p5M_seed7100001,48532,1320720,644,113,,OP3,OPPONENT_POOL,train,map_a_open,-1,0,SCRIPTED:OP6,5,1,1,0,1,240,0.4399999976158142,1,0,0,23,0,0,0,0,0,0,0,0,0,0,0,0,0,0,0,0,59.0,11.535162353515625,1.0,0.0,-8.657574653625488e-06,0.04999999701976776,0.0,0.0,0.0,0.24785342812538147,map_a,map_a_open,RULESET_V3_M1_OWN_FLAG_HOME,73b77ac3a0efb2c33a4498544c96bb702a656cbbfe17af18ec859c6d6b4c2142,True
1367,sappo_pi_A_specialist_1p5M_seed7100001,48532,1320768,644,116,,OP3,OPPONENT_POOL,train,map_a_open,-1,0,SCRIPTED:OP6,5,1,3,1,2,202,0.5199999809265137,0,3,0,82,0,0,0,0,0,0,0,0,0,0,0,0,0,0,0,0,76.0,5.016289437171256,1.0,0.5,-0.010055750608444214,0.0,1.0,100.0,0.0,0.5541644096374512,map_a,map_a_open,RULESET_V3_M1_OWN_FLAG_HOME,73b77ac3a0efb2c33a4498544c96bb702a656cbbfe17af18ec859c6d6b4c2142,True
1368,sappo_pi_A_specialist_1p5M_seed7100001,48532,1320784,644,117,,OP3,OPPONENT_POOL,train,map_a_open,-1,0,SCRIPTED:OP6,5,0,0,0,0,240,0.4399999976158142,1,0,0,5,0,0,0,0,0,0,0,0,0,0,0,0,0,0,0,0,,13.405340576171875,-0.5,0.0,0.006103008985519409,0.04999999701976776,0.0,0.0,0.0,-0.12089930474758148,map_a,map_a_open,RULESET_V3_M1_OWN_FLAG_HOME,73b77ac3a0efb2c33a4498544c96bb702a656cbbfe17af18ec859c6d6b4c2142,True
1369,sappo_pi_A_specialist_1p5M_seed7100001,48532,1321296,645,21,,OP3,OPPONENT_POOL,train,map_a_open,-1,0,SCRIPTED:OP6,5,0,0,0,0,240,0.47999998927116394,1,0,0,10,0,0,0,0,0,0,0,0,0,0,0,0,0,0,0,0,,13.217837524414062,-0.5,0.0,-0.010057508945465088,0.04999999701976776,0.0,0.0,0.0,-0.12189444899559021,map_a,map_a_open,RULESET_V3_M1_OWN_FLAG_HOME,73b77ac3a0efb2c33a4498544c96bb702a656cbbfe17af18ec859c6d6b4c2142,True
1370,sappo_pi_A_specialist_1p5M_seed7100001,48532,1321616,645,41,,OP3,OPPONENT_POOL,train,map_a_open,-1,0,SCRIPTED:OP6,5,0,0,0,0,240,0.5999999642372131,0,3,0,50,0,0,0,0,0,0,0,0,0,0,0,0,0,0,0,0,,10.823193359375,-0.5,0.0,-0.00436420738697052,0.04999999701976776,0.0,0.0,0.0,-0.12154388427734375,map_a,map_a_open,RULESET_V3_M1_OWN_FLAG_HOME,73b77ac3a0efb2c33a4498544c96bb702a656cbbfe17af18ec859c6d6b4c2142,True
1371,sappo_pi_A_specialist_1p5M_seed7100001,48532,1321632,645,42,,OP3,OPPONENT_POOL,train,map_a_open,-1,0,SCRIPTED:OP6,5,0,0,0,0,240,0.2800000011920929,0,1,0,213,0,0,0,0,0,0,0,0,0,0,0,0,0,0,0,0,,2.9901718139648437,-0.5,0.0,-0.020627707242965698,0.0,0.0,0.0,-0.00800000037997961,-0.12759004533290863,map_a,map_a_open,RULESET_V3_M1_OWN_FLAG_HOME,73b77ac3a0efb2c33a4498544c96bb702a656cbbfe17af18ec859c6d6b4c2142,True
1372,sappo_pi_A_specialist_1p5M_seed7100001,48532,1322240,645,80,,OP3,OPPONENT_POOL,train,map_a_open,-1,0,SCRIPTED:OP6,5,0,0,0,0,240,0.5600000023841858,1,0,0,14,0,0,0,0,0,0,0,0,0,0,0,0,0,0,0,0,,13.688686116536458,-0.5,0.0,-0.018291369080543518,0.04999999701976776,0.0,0.0,0.0,-0.12240138649940491,map_a,map_a_open,RULESET_V3_M1_OWN_FLAG_HOME,73b77ac3a0efb2c33a4498544c96bb702a656cbbfe17af18ec859c6d6b4c2142,True
1373,sappo_pi_A_specialist_1p5M_seed7100001,48532,1322400,645,90,,OP3,OPPONENT_POOL,train,map_a_open,-1,0,SCRIPTED:OP6,5,1,1,0,1,240,0.5600000023841858,0,1,0,108,0,0,0,0,0,0,0,0,0,0,0,0,0,0,0,0,111.0,4.730802917480469,1.0,0.0,-0.001782253384590149,0.04999999701976776,0.0,0.0,0.0,0.24774938821792603,map_a,map_a_open,RULESET_V3_M1_OWN_FLAG_HOME,73b77ac3a0efb2c33a4498544c96bb702a656cbbfe17af18ec859c6d6b4c2142,True
1374,sappo_pi_A_specialist_1p5M_seed7100001,48532,1323376,646,23,,OP3,OPPONENT_POOL,train,map_a_open,-1,0,SCRIPTED:OP6,5,0,0,0,0,240,0.47999998927116394,1,0,0,21,0,0,0,0,0,0,0,0,0,0,0,0,0,0,0,0,,13.40166015625,-0.5,0.0,0.003108769655227661,0.04999999701976776,0.0,0.0,0.0,-0.12108369916677475,map_a,map_a_open,RULESET_V3_M1_OWN_FLAG_HOME,73b77ac3a0efb2c33a4498544c96bb702a656cbbfe17af18ec859c6d6b4c2142,True
1375,sappo_pi_A_specialist_1p5M_seed7100001,48532,1323472,646,29,,OP3,OPPONENT_POOL,train,map_a_open,-1,0,SCRIPTED:OP6,5,0,0,0,0,240,0.5999999642372131,1,0,0,20,0,0,0,0,0,0,0,0,0,0,0,0,0,0,0,0,,12.128212483723958,-0.5,0.0,-0.002180054783821106,0.04999988526105881,0.0,0.0,-0.004000000189989805,-0.12239453941583633,map_a,map_a_open,RULESET_V3_M1_OWN_FLAG_HOME,73b77ac3a0efb2c33a4498544c96bb702a656cbbfe17af18ec859c6d6b4c2142,True
1376,sappo_pi_A_specialist_1p5M_seed7100001,48532,1323568,646,35,,OP3,OPPONENT_POOL,train,map_a_open,-1,0,SCRIPTED:OP6,5,1,1,0,1,240,0.4399999976158142,1,0,0,13,0,0,0,0,0,0,0,0,0,0,0,0,0,0,0,0,47.0,11.952729288736979,1.0,0.0,-0.011776238679885864,0.04999999701976776,0.0,0.0,0.0,0.24716301262378693,map_a,map_a_open,RULESET_V3_M1_OWN_FLAG_HOME,73b77ac3a0efb2c33a4498544c96bb702a656cbbfe17af18ec859c6d6b4c2142,True
1377,sappo_pi_A_specialist_1p5M_seed7100001,48532,1323744,646,46,,OP3,OPPONENT_POOL,train,map_a_open,-1,0,SCRIPTED:OP6,5,0,0,0,0,240,0.5199999809265137,1,0,0,49,0,0,0,0,0,0,0,0,0,0,0,0,0,0,0,0,,10.651129150390625,-0.5,0.0,-0.008318588137626648,0.04999999701976776,0.0,0.0,-0.004000000189989805,-0.12277242541313171,map_a,map_a_open,RULESET_V3_M1_OWN_FLAG_HOME,73b77ac3a0efb2c33a4498544c96bb702a656cbbfe17af18ec859c6d6b4c2142,True
1378,sappo_pi_A_specialist_1p5M_seed7100001,48532,1323856,646,53,,OP3,OPPONENT_POOL,train,map_a_open,-1,0,SCRIPTED:OP6,5,1,1,0,1,240,0.4399999976158142,1,0,0,80,0,0,0,0,0,0,0,0,0,0,0,0,0,0,0,0,121.0,6.793088277180989,1.0,0.0,0.008218228816986084,0.04999999701976776,0.0,0.0,-0.00800000037997961,0.24645836651325226,map_a,map_a_open,RULESET_V3_M1_OWN_FLAG_HOME,73b77ac3a0efb2c33a4498544c96bb702a656cbbfe17af18ec859c6d6b4c2142,True
1379,sappo_pi_A_specialist_1p5M_seed7100001,48532,1324192,646,74,,OP3,OPPONENT_POOL,train,map_a_open,-1,0,SCRIPTED:OP6,5,0,0,0,0,240,0.3199999928474426,1,0,0,15,0,0,0,0,0,0,0,0,0,0,0,0,0,0,0,0,,12.663996378580729,-0.5,0.0,0.020776182413101196,0.04999999701976776,0.0,0.0,-0.004000000189989805,-0.12098101526498795,map_a,map_a_open,RULESET_V3_M1_OWN_FLAG_HOME,73b77ac3a0efb2c33a4498544c96bb702a656cbbfe17af18ec859c6d6b4c2142,True
1380,sappo_pi_A_specialist_1p5M_seed7100001,48532,1324416,646,88,,OP3,OPPONENT_POOL,train,map_a_open,-1,0,SCRIPTED:OP6,5,1,2,0,2,240,0.5600000023841858,1,0,0,46,0,0,0,0,0,0,0,0,0,0,0,0,0,0,0,0,45.0,10.233890787760417,1.0,0.0,0.003353297710418701,0.04999999701976776,0.0,0.0,0.0,0.24805064499378204,map_a,map_a_open,RULESET_V3_M1_OWN_FLAG_HOME,73b77ac3a0efb2c33a4498544c96bb702a656cbbfe17af18ec859c6d6b4c2142,True
1381,sappo_pi_A_specialist_1p5M_seed7100001,48532,1324480,646,92,,OP3,OPPONENT_POOL,train,map_a_open,-1,0,SCRIPTED:OP6,5,1,1,0,1,240,0.47999998927116394,1,0,0,35,0,0,0,0,0,0,0,0,0,0,0,0,0,0,0,0,47.0,12.100506591796876,1.0,0.0,-0.013648733496665955,0.04999999701976776,0.0,0.0,0.0,0.2470531314611435,map_a,map_a_open,RULESET_V3_M1_OWN_FLAG_HOME,73b77ac3a0efb2c33a4498544c96bb702a656cbbfe17af18ec859c6d6b4c2142,True
1382,sappo_pi_A_specialist_1p5M_seed7100001,48532,1324560,646,97,,OP3,OPPONENT_POOL,train,map_a_open,-1,0,SCRIPTED:OP6,5,1,1,0,1,240,0.47999998927116394,0,1,0,57,0,0,0,0,0,0,0,0,0,0,0,0,0,0,0,0,45.0,9.12377217610677,1.0,0.0,-0.014529943466186523,0.04999999701976776,0.0,0.0,0.0,0.24700140953063965,map_a,map_a_open,RULESET_V3_M1_OWN_FLAG_HOME,73b77ac3a0efb2c33a4498544c96bb702a656cbbfe17af18ec859c6d6b4c2142,True
1383,sappo_pi_A_specialist_1p5M_seed7100001,48532,1324608,646,100,,OP3,OPPONENT_POOL,train,map_a_open,-1,0,SCRIPTED:OP6,5,1,1,0,1,240,0.4399999976158142,1,0,0,51,0,0,0,0,0,0,0,0,0,0,0,0,0,0,0,0,76.0,9.854271443684896,1.0,0.0,-0.009375005960464478,0.04999999701976776,0.0,0.0,0.0,0.24730393290519714,map_a,map_a_open,RULESET_V3_M1_OWN_FLAG_HOME,73b77ac3a0efb2c33a4498544c96bb702a656cbbfe17af18ec859c6d6b4c2142,True
1384,sappo_pi_A_specialist_1p5M_seed7100001,48532,1324624,646,101,,OP3,OPPONENT_POOL,train,map_a_open,-1,0,SCRIPTED:OP6,5,0,0,0,0,240,0.6399999856948853,1,0,0,41,0,0,0,0,0,0,0,0,0,0,0,0,0,0,0,0,,10.923196411132812,-0.5,0.0,-0.01942400634288788,0.04999999701976776,0.0,0.0,0.0,-0.12247111648321152,map_a,map_a_open,RULESET_V3_M1_OWN_FLAG_HOME,73b77ac3a0efb2c33a4498544c96bb702a656cbbfe17af18ec859c6d6b4c2142,True
1385,sappo_pi_A_specialist_1p5M_seed7100001,48532,1324752,646,109,,OP3,OPPONENT_POOL,train,map_a_open,-1,0,SCRIPTED:OP6,5,1,3,0,3,147,0.4399999976158142,0,1,0,71,0,0,0,0,0,0,0,0,0,0,0,0,0,0,0,0,57.0,4.873108325361395,1.0,0.5,-0.01022428274154663,0.0,1.0,100.0,0.0,0.5541571378707886,map_a,map_a_open,RULESET_V3_M1_OWN_FLAG_HOME,73b77ac3a0efb2c33a4498544c96bb702a656cbbfe17af18ec859c6d6b4c2142,True
1386,sappo_pi_A_specialist_1p5M_seed7100001,48532,1325136,647,5,,OP3,OPPONENT_POOL,train,map_a_open,-1,0,SCRIPTED:OP6,5,0,0,0,0,240,0.3999999761581421,0,1,0,49,0,0,0,0,0,0,0,0,0,0,0,0,0,0,0,0,,10.877263387044271,-0.5,0.0,0.0014180243015289307,0.04999999701976776,0.0,0.0,0.0,-0.12118782103061676,map_a,map_a_open,RULESET_V3_M1_OWN_FLAG_HOME,73b77ac3a0efb2c33a4498544c96bb702a656cbbfe17af18ec859c6d6b4c2142,True
1387,sappo_pi_A_specialist_1p5M_seed7100001,48532,1325456,647,25,,OP3,OPPONENT_POOL,train,map_a_open,-1,0,SCRIPTED:OP6,5,0,0,1,-1,240,0.6399999856948853,1,0,0,146,0,0,0,0,0,0,0,0,0,0,0,0,0,0,0,0,155.0,6.767744954427084,-1.0,0.0,-0.008099570870399475,0.04999999701976776,0.0,0.0,0.0,-0.242455393075943,map_a,map_a_open,RULESET_V3_M1_OWN_FLAG_HOME,73b77ac3a0efb2c33a4498544c96bb702a656cbbfe17af18ec859c6d6b4c2142,True
1388,sappo_pi_A_specialist_1p5M_seed7100001,48532,1325472,647,26,,OP3,OPPONENT_POOL,train,map_a_open,-1,0,SCRIPTED:OP6,5,1,1,0,1,240,0.47999998927116394,0,1,0,32,0,0,0,0,0,0,0,0,0,0,0,0,0,0,0,0,71.0,11.018525187174479,1.0,0.0,-0.0016275197267532349,0.04999999701976776,0.0,0.0,0.0,0.24775846302509308,map_a,map_a_open,RULESET_V3_M1_OWN_FLAG_HOME,73b77ac3a0efb2c33a4498544c96bb702a656cbbfe17af18ec859c6d6b4c2142,True
1389,sappo_pi_A_specialist_1p5M_seed7100001,48532,1326080,647,64,,OP3,OPPONENT_POOL,train,map_a_open,-1,0,SCRIPTED:OP6,5,1,1,0,1,240,0.4399999976158142,1,0,0,20,0,0,0,0,0,0,0,0,0,0,0,0,0,0,0,0,34.0,12.312975056966145,1.0,0.0,0.0018821358680725098,0.04999999701976776,0.0,0.0,-0.004000000189989805,0.24702559411525726,map_a,map_a_open,RULESET_V3_M1_OWN_FLAG_HOME,73b77ac3a0efb2c33a4498544c96bb702a656cbbfe17af18ec859c6d6b4c2142,True
1390,sappo_pi_A_specialist_1p5M_seed7100001,48532,1327216,648,7,,OP3,OPPONENT_POOL,train,map_a_open,-1,0,SCRIPTED:OP6,5,1,2,0,2,240,0.3999999761581421,0,1,0,61,0,0,0,0,0,0,0,0,0,0,0,0,0,0,0,0,38.0,10.795534261067708,1.0,0.0,-0.009291470050811768,0.04999999701976776,0.0,0.0,0.0,0.24730882048606873,map_a,map_a_open,RULESET_V3_M1_OWN_FLAG_HOME,73b77ac3a0efb2c33a4498544c96bb702a656cbbfe17af18ec859c6d6b4c2142,True
1391,sappo_pi_A_specialist_1p5M_seed7100001,48532,1327312,648,13,,OP3,OPPONENT_POOL,train,map_a_open,-1,0,SCRIPTED:OP6,5,0,0,0,0,240,0.4399999976158142,1,0,0,43,0,0,0,0,0,0,0,0,0,0,0,0,0,0,0,0,,11.980250040690104,-0.5,0.0,-0.009763136506080627,0.04999999701976776,0.0,0.0,-0.004000000189989805,-0.1228613555431366,map_a,map_a_open,RULESET_V3_M1_OWN_FLAG_HOME,73b77ac3a0efb2c33a4498544c96bb702a656cbbfe17af18ec859c6d6b4c2142,True
1392,sappo_pi_A_specialist_1p5M_seed7100001,48532,1327408,648,19,,OP3,OPPONENT_POOL,train,map_a_open,-1,0,SCRIPTED:OP6,5,0,0,0,0,240,0.5999999642372131,1,0,0,14,0,0,0,0,0,0,0,0,0,0,0,0,0,0,0,0,,12.941115315755209,-0.5,0.0,0.0030982792377471924,0.04999999701976776,0.0,0.0,-0.004000000189989805,-0.12206956744194031,map_a,map_a_open,RULESET_V3_M1_OWN_FLAG_HOME,73b77ac3a0efb2c33a4498544c96bb702a656cbbfe17af18ec859c6d6b4c2142,True
1393,sappo_pi_A_specialist_1p5M_seed7100001,48532,1327584,648,30,,OP3,OPPONENT_POOL,train,map_a_open,-1,0,SCRIPTED:OP6,5,0,1,1,0,240,0.5600000023841858,0,1,0,64,0,0,0,0,0,0,0,0,0,0,0,0,0,0,0,0,98.0,7.615891520182291,-0.5,0.0,-0.0016862303018569946,0.04999999701976776,0.0,0.0,0.0,-0.12137898802757263,map_a,map_a_open,RULESET_V3_M1_OWN_FLAG_HOME,73b77ac3a0efb2c33a4498544c96bb702a656cbbfe17af18ec859c6d6b4c2142,True
1394,sappo_pi_A_specialist_1p5M_seed7100001,48532,1327696,648,37,,OP3,OPPONENT_POOL,train,map_a_open,-1,0,SCRIPTED:OP6,5,1,2,0,2,240,0.5600000023841858,0,1,0,45,0,0,0,0,0,0,0,0,0,0,0,0,0,0,0,0,69.0,10.014098103841146,1.0,0.0,-0.010410413146018982,0.04999999701976776,0.0,0.0,0.0,0.24724315106868744,map_a,map_a_open,RULESET_V3_M1_OWN_FLAG_HOME,73b77ac3a0efb2c33a4498544c96bb702a656cbbfe17af18ec859c6d6b4c2142,True
1395,sappo_pi_A_specialist_1p5M_seed7100001,48532,1328032,648,58,,OP3,OPPONENT_POOL,train,map_a_open,-1,0,SCRIPTED:OP6,5,0,1,1,0,240,0.5199999809265137,1,0,0,80,0,0,0,0,0,0,0,0,0,0,0,0,0,0,0,0,73.0,6.917106119791667,-0.5,0.0,0.007801845669746399,0.04999999701976776,0.0,0.0,-0.004000000189989805,-0.12177996337413788,map_a,map_a_open,RULESET_V3_M1_OWN_FLAG_HOME,73b77ac3a0efb2c33a4498544c96bb702a656cbbfe17af18ec859c6d6b4c2142,True
1396,sappo_pi_A_specialist_1p5M_seed7100001,48532,1328256,648,72,,OP3,OPPONENT_POOL,train,map_a_open,-1,0,SCRIPTED:OP6,5,0,0,0,0,240,0.3999999761581421,1,0,0,10,0,0,0,0,0,0,0,0,0,0,0,0,0,0,0,0,,13.195745849609375,-0.5,0.0,-0.0015895664691925049,0.04999999701976776,0.0,0.0,-0.004000000189989805,-0.12235818058252335,map_a,map_a_open,RULESET_V3_M1_OWN_FLAG_HOME,73b77ac3a0efb2c33a4498544c96bb702a656cbbfe17af18ec859c6d6b4c2142,True
1397,sappo_pi_A_specialist_1p5M_seed7100001,48532,1328320,648,76,,OP3,OPPONENT_POOL,train,map_a_open,-1,0,SCRIPTED:OP6,5,1,1,0,1,240,0.47999998927116394,1,0,0,19,0,0,0,0,0,0,0,0,0,0,0,0,0,0,0,0,43.0,11.844025675455729,1.0,0.0,-0.0049094706773757935,0.04999999701976776,0.0,0.0,-0.004000000189989805,0.24662697315216064,map_a,map_a_open,RULESET_V3_M1_OWN_FLAG_HOME,73b77ac3a0efb2c33a4498544c96bb702a656cbbfe17af18ec859c6d6b4c2142,True
1398,sappo_pi_A_specialist_1p5M_seed7100001,48532,1328400,648,81,,OP3,OPPONENT_POOL,train,map_a_open,-1,0,SCRIPTED:OP6,5,1,2,1,1,240,0.3199999928474426,0,2,0,66,0,0,0,0,0,0,0,0,0,0,0,0,0,0,0,0,28.0,8.741975911458333,1.0,0.0,0.0030837208032608032,0.04999999701976776,0.0,0.0,0.0,0.24803483486175537,map_a,map_a_open,RULESET_V3_M1_OWN_FLAG_HOME,73b77ac3a0efb2c33a4498544c96bb702a656cbbfe17af18ec859c6d6b4c2142,True
1399,sappo_pi_A_specialist_1p5M_seed7100001,48532,1328448,648,84,,OP3,OPPONENT_POOL,train,map_a_open,-1,0,SCRIPTED:OP6,5,0,0,0,0,240,0.3999999761581421,0,1,0,27,0,0,0,0,0,0,0,0,0,0,0,0,0,0,0,0,,12.626868693033854,-0.5,0.0,-0.0062748342752456665,0.04999999701976776,0.0,0.0,0.0,-0.12166153639554977,map_a,map_a_open,RULESET_V3_M1_OWN_FLAG_HOME,73b77ac3a0efb2c33a4498544c96bb702a656cbbfe17af18ec859c6d6b4c2142,True
1400,sappo_pi_A_specialist_1p5M_seed7100001,48532,1328464,648,85,,OP3,OPPONENT_POOL,train,map_a_open,-1,0,SCRIPTED:OP6,5,0,0,0,0,240,0.47999998927116394,1,0,0,10,0,0,0,0,0,0,0,0,0,0,0,0,0,0,0,0,,13.157040405273438,-0.5,0.0,-0.0053232163190841675,0.04999999701976776,0.0,0.0,-0.004000000189989805,-0.12258803844451904,map_a,map_a_open,RULESET_V3_M1_OWN_FLAG_HOME,73b77ac3a0efb2c33a4498544c96bb702a656cbbfe17af18ec859c6d6b4c2142,True
1401,sappo_pi_A_specialist_1p5M_seed7100001,48532,1328592,648,93,,OP3,OPPONENT_POOL,train,map_a_open,-1,0,SCRIPTED:OP6,5,0,0,0,0,240,0.47999998927116394,1,0,0,17,0,0,0,0,0,0,0,0,0,0,0,0,0,0,0,0,,13.043435668945312,-0.5,0.0,-0.017350822687149048,0.04999999701976776,0.0,0.0,0.0,-0.12234348058700562,map_a,map_a_open,RULESET_V3_M1_OWN_FLAG_HOME,73b77ac3a0efb2c33a4498544c96bb702a656cbbfe17af18ec859c6d6b4c2142,True
1402,sappo_pi_A_specialist_1p5M_seed7100001,48532,1328976,648,117,,OP3,OPPONENT_POOL,train,map_a_open,-1,0,SCRIPTED:OP6,5,0,0,0,0,240,0.5199999809265137,1,0,0,45,0,0,0,0,0,0,0,0,0,0,0,0,0,0,0,0,,12.132774861653646,-0.5,0.0,-0.005928441882133484,0.04999999701976776,0.0,0.0,0.0,-0.12164020538330078,map_a,map_a_open,RULESET_V3_M1_OWN_FLAG_HOME,73b77ac3a0efb2c33a4498544c96bb702a656cbbfe17af18ec859c6d6b4c2142,True
1403,sappo_pi_A_specialist_1p5M_seed7100001,48532,1329296,649,9,,OP3,OPPONENT_POOL,train,map_a_open,-1,0,SCRIPTED:OP6,5,1,1,0,1,240,0.3999999761581421,1,0,0,40,0,0,0,0,0,0,0,0,0,0,0,0,0,0,0,0,30.0,10.717375691731771,1.0,0.0,0.015441328287124634,0.04999999701976776,0.0,0.0,0.0,0.24875950813293457,map_a,map_a_open,RULESET_V3_M1_OWN_FLAG_HOME,73b77ac3a0efb2c33a4498544c96bb702a656cbbfe17af18ec859c6d6b4c2142,True
1404,sappo_pi_A_specialist_1p5M_seed7100001,48532,1329312,649,10,,OP3,OPPONENT_POOL,train,map_a_open,-1,0,SCRIPTED:OP6,5,0,0,0,0,240,0.5999999642372131,1,0,0,20,0,0,0,0,0,0,0,0,0,0,0,0,0,0,0,0,,12.835240681966146,-0.5,0.0,-0.019496619701385498,0.04999999701976776,0.0,0.0,0.0,-0.12247558683156967,map_a,map_a_open,RULESET_V3_M1_OWN_FLAG_HOME,73b77ac3a0efb2c33a4498544c96bb702a656cbbfe17af18ec859c6d6b4c2142,True
1405,sappo_pi_A_specialist_1p5M_seed7100001,48532,1329616,649,29,,OP3,OPPONENT_POOL,train,map_a_open,-1,0,SCRIPTED:OP6,5,1,3,0,3,221,0.4399999976158142,0,1,0,159,0,0,0,0,0,0,0,0,0,0,0,0,0,0,0,0,36.0,3.5243096675268664,1.0,0.5,-0.00920848548412323,0.0,1.0,100.0,0.0,0.5542011260986328,map_a,map_a_open,RULESET_V3_M1_OWN_FLAG_HOME,73b77ac3a0efb2c33a4498544c96bb702a656cbbfe17af18ec859c6d6b4c2142,True
1406,sappo_pi_A_specialist_1p5M_seed7100001,48532,1329664,649,32,,OP3,OPPONENT_POOL,train,map_a_open,-1,0,SCRIPTED:OP6,5,1,3,0,3,130,0.3999999761581421,1,0,0,39,0,0,0,0,0,0,0,0,0,0,0,0,0,0,0,0,40.0,4.71118398813101,1.0,0.5,-0.008387036621570587,0.0,1.0,100.0,0.0,0.554236650466919,map_a,map_a_open,RULESET_V3_M1_OWN_FLAG_HOME,73b77ac3a0efb2c33a4498544c96bb702a656cbbfe17af18ec859c6d6b4c2142,True
1407,sappo_pi_A_specialist_1p5M_seed7100001,48532,1331056,649,119,,OP3,OPPONENT_POOL,train,map_a_open,-1,0,SCRIPTED:OP6,5,0,0,0,0,240,0.5199999809265137,1,0,0,36,0,0,0,0,0,0,0,0,0,0,0,0,0,0,0,0,,10.70726318359375,-0.5,0.0,0.009249389171600342,0.04999999701976776,0.0,0.0,0.0,-0.12070552259683609,map_a,map_a_open,RULESET_V3_M1_OWN_FLAG_HOME,73b77ac3a0efb2c33a4498544c96bb702a656cbbfe17af18ec859c6d6b4c2142,True
1408,sappo_pi_A_specialist_1p5M_seed7100001,48532,1331152,649,125,,OP3,OPPONENT_POOL,train,map_a_open,-1,0,SCRIPTED:OP6,5,0,0,1,-1,240,0.5600000023841858,1,0,0,58,0,0,0,0,0,0,0,0,0,0,0,0,0,0,0,0,66.0,10.68694356282552,-1.0,0.0,-0.025555983185768127,0.04999999701976776,0.0,0.0,-0.004000000189989805,-0.24442248046398163,map_a,map_a_open,RULESET_V3_M1_OWN_FLAG_HOME,73b77ac3a0efb2c33a4498544c96bb702a656cbbfe17af18ec859c6d6b4c2142,True
1409,sappo_pi_A_specialist_1p5M_seed7100001,48532,1331248,650,3,,OP3,OPPONENT_POOL,train,map_a_open,-1,0,SCRIPTED:OP6,5,0,0,0,0,240,0.47999998927116394,1,0,0,24,0,0,0,0,0,0,0,0,0,0,0,0,0,0,0,0,,12.697850545247396,-0.5,0.0,0.01697799563407898,0.04999999701976776,0.0,0.0,-0.004000000189989805,-0.12121492624282837,map_a,map_a_open,RULESET_V3_M1_OWN_FLAG_HOME,73b77ac3a0efb2c33a4498544c96bb702a656cbbfe17af18ec859c6d6b4c2142,True
1410,sappo_pi_A_specialist_1p5M_seed7100001,48532,1331536,650,21,,OP3,OPPONENT_POOL,train,map_a_open,-1,0,SCRIPTED:OP6,5,0,0,0,0,240,0.3999999761581421,1,0,0,13,0,0,0,0,0,0,0,0,0,0,0,0,0,0,0,0,,12.728561401367188,-0.5,0.0,-0.02014860510826111,0.04999999701976776,0.0,0.0,-0.004000000189989805,-0.12350059300661087,map_a,map_a_open,RULESET_V3_M1_OWN_FLAG_HOME,73b77ac3a0efb2c33a4498544c96bb702a656cbbfe17af18ec859c6d6b4c2142,True
1411,sappo_pi_A_specialist_1p5M_seed7100001,48532,1331776,650,36,,OP3,OPPONENT_POOL,train,map_a_open,-1,0,SCRIPTED:OP6,5,1,3,1,2,216,0.5199999809265137,1,0,0,97,0,0,0,0,0,0,0,0,0,0,0,0,0,0,0,0,70.0,4.681883352774161,1.0,0.5,-0.011725381016731262,0.0,1.0,100.0,-0.004000000189989805,0.5533987283706665,map_a,map_a_open,RULESET_V3_M1_OWN_FLAG_HOME,73b77ac3a0efb2c33a4498544c96bb702a656cbbfe17af18ec859c6d6b4c2142,True
1412,sappo_pi_A_specialist_1p5M_seed7100001,48532,1331872,650,42,,OP3,OPPONENT_POOL,train,map_a_open,-1,0,SCRIPTED:OP6,5,1,1,0,1,240,0.47999998927116394,0,1,0,26,0,0,0,0,0,0,0,0,0,0,0,0,0,0,0,0,67.0,10.413155110677083,1.0,0.0,0.001142248511314392,0.04999999701976776,0.0,0.0,0.0,0.2479209452867508,map_a,map_a_open,RULESET_V3_M1_OWN_FLAG_HOME,73b77ac3a0efb2c33a4498544c96bb702a656cbbfe17af18ec859c6d6b4c2142,True
1413,sappo_pi_A_specialist_1p5M_seed7100001,48532,1332096,650,56,,OP3,OPPONENT_POOL,train,map_a_open,-1,0,SCRIPTED:OP6,5,1,2,0,2,240,0.47999998927116394,1,0,0,60,0,0,0,0,0,0,0,0,0,0,0,0,0,0,0,0,29.0,9.782770792643229,1.0,0.0,0.0008902102708816528,0.04999999701976776,0.0,0.0,-0.004000000189989805,0.2469673901796341,map_a,map_a_open,RULESET_V3_M1_OWN_FLAG_HOME,73b77ac3a0efb2c33a4498544c96bb702a656cbbfe17af18ec859c6d6b4c2142,True
1414,sappo_pi_A_specialist_1p5M_seed7100001,48532,1332240,650,65,,OP3,OPPONENT_POOL,train,map_a_open,-1,0,SCRIPTED:OP6,5,0,0,0,0,240,0.5600000023841858,1,0,0,36,0,0,0,0,0,0,0,0,0,0,0,0,0,0,0,0,,11.141390991210937,-0.5,0.0,0.0032092034816741943,0.04999999701976776,0.0,0.0,0.0,-0.1210775151848793,map_a,map_a_open,RULESET_V3_M1_OWN_FLAG_HOME,73b77ac3a0efb2c33a4498544c96bb702a656cbbfe17af18ec859c6d6b4c2142,True
1415,sappo_pi_A_specialist_1p5M_seed7100001,48532,1332288,650,68,,OP3,OPPONENT_POOL,train,map_a_open,-1,0,SCRIPTED:OP6,5,0,0,0,0,240,0.47999998927116394,1,0,0,22,0,0,0,0,0,0,0,0,0,0,0,0,0,0,0,0,,12.904230753580729,-0.5,0.0,-0.002503693103790283,0.04062499850988388,0.0,0.0,0.0,-0.12200658023357391,map_a,map_a_open,RULESET_V3_M1_OWN_FLAG_HOME,73b77ac3a0efb2c33a4498544c96bb702a656cbbfe17af18ec859c6d6b4c2142,True
1416,sappo_pi_A_specialist_1p5M_seed7100001,48532,1332304,650,69,,OP3,OPPONENT_POOL,train,map_a_open,-1,0,SCRIPTED:OP6,5,1,1,0,1,240,0.4399999976158142,1,0,0,34,0,0,0,0,0,0,0,0,0,0,0,0,0,0,0,0,68.0,10.752547200520834,1.0,0.0,0.022879809141159058,0.04999999701976776,0.0,0.0,0.0,0.24919560551643372,map_a,map_a_open,RULESET_V3_M1_OWN_FLAG_HOME,73b77ac3a0efb2c33a4498544c96bb702a656cbbfe17af18ec859c6d6b4c2142,True
1417,sappo_pi_A_specialist_1p5M_seed7100001,48532,1332432,650,77,,OP3,OPPONENT_POOL,train,map_a_open,-1,0,SCRIPTED:OP6,5,1,1,0,1,240,0.47999998927116394,1,0,0,33,0,0,0,0,0,0,0,0,0,0,0,0,0,0,0,0,46.0,10.243620808919271,1.0,0.0,0.0021761059761047363,0.04999999701976776,0.0,0.0,0.0,0.24798157811164856,map_a,map_a_open,RULESET_V3_M1_OWN_FLAG_HOME,73b77ac3a0efb2c33a4498544c96bb702a656cbbfe17af18ec859c6d6b4c2142,True
1418,sappo_pi_A_specialist_1p5M_seed7100001,48532,1332816,650,101,,OP3,OPPONENT_POOL,train,map_a_open,-1,0,SCRIPTED:OP6,5,0,0,0,0,240,0.5199999809265137,1,0,0,16,0,0,0,0,0,0,0,0,0,0,0,0,0,0,0,0,,13.006365966796874,-0.5,0.0,-0.00793030858039856,0.04999999701976776,0.0,0.0,-0.004000000189989805,-0.12274852395057678,map_a,map_a_open,RULESET_V3_M1_OWN_FLAG_HOME,73b77ac3a0efb2c33a4498544c96bb702a656cbbfe17af18ec859c6d6b4c2142,True
1419,sappo_pi_A_specialist_1p5M_seed7100001,48532,1333136,650,121,,OP3,OPPONENT_POOL,train,map_a_open,-1,0,SCRIPTED:OP6,5,0,0,0,0,240,0.3999999761581421,1,0,0,8,0,0,0,0,0,0,0,0,0,0,0,0,0,0,0,0,,13.001346842447917,-0.5,0.0,-0.01003296673297882,0.04999999701976776,0.0,0.0,0.0,-0.12189293652772903,map_a,map_a_open,RULESET_V3_M1_OWN_FLAG_HOME,73b77ac3a0efb2c33a4498544c96bb702a656cbbfe17af18ec859c6d6b4c2142,True
1420,sappo_pi_A_specialist_1p5M_seed7100001,48532,1333152,650,122,,OP3,OPPONENT_POOL,train,map_a_open,-1,0,SCRIPTED:OP6,5,1,1,0,1,240,0.3999999761581421,1,0,0,96,0,0,0,0,0,0,0,0,0,0,0,0,0,0,0,0,162.0,6.3126169840494795,1.0,0.0,-0.012506946921348572,0.04999999701976776,0.0,0.0,0.0,0.24712014198303223,map_a,map_a_open,RULESET_V3_M1_OWN_FLAG_HOME,73b77ac3a0efb2c33a4498544c96bb702a656cbbfe17af18ec859c6d6b4c2142,True
1421,sappo_pi_A_specialist_1p5M_seed7100001,48532,1333456,651,13,,OP3,OPPONENT_POOL,train,map_a_open,-1,0,SCRIPTED:OP6,5,1,1,0,1,240,0.4399999976158142,1,0,0,66,0,0,0,0,0,0,0,0,0,0,0,0,0,0,0,0,105.0,8.140394083658855,1.0,0.0,0.008591726422309875,0.04999999701976776,0.0,0.0,0.0,0.2483578771352768,map_a,map_a_open,RULESET_V3_M1_OWN_FLAG_HOME,73b77ac3a0efb2c33a4498544c96bb702a656cbbfe17af18ec859c6d6b4c2142,True
1422,sappo_pi_A_specialist_1p5M_seed7100001,48532,1333504,651,16,,OP3,OPPONENT_POOL,train,map_a_open,-1,0,SCRIPTED:OP6,5,1,1,0,1,240,0.4399999976158142,1,0,0,14,0,0,0,0,0,0,0,0,0,0,0,0,0,0,0,0,45.0,11.792782592773438,1.0,0.0,0.019598975777626038,0.04999999701976776,0.0,0.0,-0.004000000189989805,0.2480650395154953,map_a,map_a_open,RULESET_V3_M1_OWN_FLAG_HOME,73b77ac3a0efb2c33a4498544c96bb702a656cbbfe17af18ec859c6d6b4c2142,True
1423,sappo_pi_A_specialist_1p5M_seed7100001,48532,1334736,651,93,,OP3,OPPONENT_POOL,train,map_a_open,-1,0,SCRIPTED:OP6,5,1,3,0,3,179,0.5199999809265137,0,1,0,69,0,0,0,0,0,0,0,0,0,0,0,0,0,0,0,0,83.0,4.8935229764970325,1.0,0.5,-0.010268300771713257,0.0,1.0,100.0,0.0,0.554155170917511,map_a,map_a_open,RULESET_V3_M1_OWN_FLAG_HOME,73b77ac3a0efb2c33a4498544c96bb702a656cbbfe17af18ec859c6d6b4c2142,True
1424,sappo_pi_A_specialist_1p5M_seed7100001,48532,1334896,651,103,,OP3,OPPONENT_POOL,train,map_a_open,-1,0,SCRIPTED:OP6,5,0,0,0,0,240,0.5999999642372131,1,0,0,13,0,0,0,0,0,0,0,0,0,0,0,0,0,0,0,0,,13.230107625325521,-0.5,0.0,-0.0013406723737716675,0.04999999701976776,0.0,0.0,-0.004000000189989805,-0.12234286218881607,map_a,map_a_open,RULESET_V3_M1_OWN_FLAG_HOME,73b77ac3a0efb2c33a4498544c96bb702a656cbbfe17af18ec859c6d6b4c2142,True
1425,sappo_pi_A_specialist_1p5M_seed7100001,48532,1334992,651,109,,OP3,OPPONENT_POOL,train,map_a_open,-1,0,SCRIPTED:OP6,5,0,1,1,0,240,0.6800000071525574,0,1,0,43,0,0,0,0,0,0,0,0,0,0,0,0,0,0,0,0,49.0,9.84971415201823,-0.5,0.0,-0.0025923848152160645,0.04999999701976776,0.0,0.0,-0.00800000037997961,-0.12340481579303741,map_a,map_a_open,RULESET_V3_M1_OWN_FLAG_HOME,73b77ac3a0efb2c33a4498544c96bb702a656cbbfe17af18ec859c6d6b4c2142,True
1426,sappo_pi_A_specialist_1p5M_seed7100001,48532,1335088,651,115,,OP3,OPPONENT_POOL,train,map_a_open,-1,0,SCRIPTED:OP6,5,0,0,0,0,240,0.5199999809265137,1,0,0,50,0,0,0,0,0,0,0,0,0,0,0,0,0,0,0,0,,10.816544596354166,-0.5,0.0,0.003960013389587402,0.04999999701976776,0.0,0.0,-0.004000000189989805,-0.12201651185750961,map_a,map_a_open,RULESET_V3_M1_OWN_FLAG_HOME,73b77ac3a0efb2c33a4498544c96bb702a656cbbfe17af18ec859c6d6b4c2142,True
1427,sappo_pi_A_specialist_1p5M_seed7100001,48532,1335376,652,5,,OP3,OPPONENT_POOL,train,map_a_open,-1,0,SCRIPTED:OP6,5,1,2,0,2,240,0.47999998927116394,0,1,0,34,0,0,0,0,0,0,0,0,0,0,0,0,0,0,0,0,26.0,11.011505126953125,1.0,0.0,-0.014628589153289795,0.04999999701976776,0.0,0.0,0.0,0.24699562788009644,map_a,map_a_open,RULESET_V3_M1_OWN_FLAG_HOME,73b77ac3a0efb2c33a4498544c96bb702a656cbbfe17af18ec859c6d6b4c2142,True
1428,sappo_pi_A_specialist_1p5M_seed7100001,48532,1335616,652,20,,OP3,OPPONENT_POOL,train,map_a_open,-1,0,SCRIPTED:OP6,5,0,0,0,0,240,0.6399999856948853,1,0,0,18,0,0,0,0,0,0,0,0,0,0,0,0,0,0,0,0,,12.687520345052084,-0.5,0.0,-0.013142600655555725,0.04999999701976776,0.0,0.0,0.0,-0.12208440154790878,map_a,map_a_open,RULESET_V3_M1_OWN_FLAG_HOME,73b77ac3a0efb2c33a4498544c96bb702a656cbbfe17af18ec859c6d6b4c2142,True
1429,sappo_pi_A_specialist_1p5M_seed7100001,48532,1335936,652,40,,OP3,OPPONENT_POOL,train,map_a_open,-1,0,SCRIPTED:OP6,5,1,1,0,1,240,0.5199999809265137,1,0,0,25,0,0,0,0,0,0,0,0,0,0,0,0,0,0,0,0,70.0,11.040599568684895,1.0,0.0,-0.00208871066570282,0.04999999701976776,0.0,0.0,0.0,0.24773140251636505,map_a,map_a_open,RULESET_V3_M1_OWN_FLAG_HOME,73b77ac3a0efb2c33a4498544c96bb702a656cbbfe17af18ec859c6d6b4c2142,True
1430,sappo_pi_A_specialist_1p5M_seed7100001,48532,1336080,652,49,,OP3,OPPONENT_POOL,train,map_a_open,-1,0,SCRIPTED:OP6,5,0,0,0,0,240,0.3199999928474426,1,0,0,8,0,0,0,0,0,0,0,0,0,0,0,0,0,0,0,0,,13.222262573242187,-0.5,0.0,-0.004901066422462463,0.04999999701976776,0.0,0.0,-0.004000000189989805,-0.12256205081939697,map_a,map_a_open,RULESET_V3_M1_OWN_FLAG_HOME,73b77ac3a0efb2c33a4498544c96bb702a656cbbfe17af18ec859c6d6b4c2142,True
1431,sappo_pi_A_specialist_1p5M_seed7100001,48532,1336128,652,52,,OP3,OPPONENT_POOL,train,map_a_open,-1,0,SCRIPTED:OP6,5,1,1,0,1,240,0.5600000023841858,1,0,0,49,0,0,0,0,0,0,0,0,0,0,0,0,0,0,0,0,83.0,10.416413370768229,1.0,0.0,1.7583370208740234e-06,0.04999999701976776,0.0,0.0,-0.004000000189989805,0.24691525101661682,map_a,map_a_open,RULESET_V3_M1_OWN_FLAG_HOME,73b77ac3a0efb2c33a4498544c96bb702a656cbbfe17af18ec859c6d6b4c2142,True
1432,sappo_pi_A_specialist_1p5M_seed7100001,48532,1336144,652,53,,OP3,OPPONENT_POOL,train,map_a_open,-1,0,SCRIPTED:OP6,5,1,2,0,2,240,0.47999998927116394,1,0,0,55,0,0,0,0,0,0,0,0,0,0,0,0,0,0,0,0,50.0,10.349688720703124,1.0,0.0,0.012590214610099792,0.04999999701976776,0.0,0.0,0.0,0.248592346906662,map_a,map_a_open,RULESET_V3_M1_OWN_FLAG_HOME,73b77ac3a0efb2c33a4498544c96bb702a656cbbfe17af18ec859c6d6b4c2142,True
1433,sappo_pi_A_specialist_1p5M_seed7100001,48532,1336272,652,61,,OP3,OPPONENT_POOL,train,map_a_open,-1,0,SCRIPTED:OP6,5,1,1,0,1,240,0.5199999809265137,0,1,0,73,0,0,0,0,0,0,0,0,0,0,0,0,0,0,0,0,106.0,8.16518046061198,1.0,0.0,-0.009675592184066772,0.04999999701976776,0.0,0.0,0.0,0.24728627502918243,map_a,map_a_open,RULESET_V3_M1_OWN_FLAG_HOME,73b77ac3a0efb2c33a4498544c96bb702a656cbbfe17af18ec859c6d6b4c2142,True
1434,sappo_pi_A_specialist_1p5M_seed7100001,48532,1336576,652,80,,OP3,OPPONENT_POOL,train,map_a_open,-1,0,SCRIPTED:OP6,5,1,3,0,3,93,0.4399999976158142,1,0,0,40,0,0,0,0,0,0,0,0,0,0,0,0,0,0,0,0,32.0,4.922347202095934,1.0,0.5,-0.009546875953674316,0.0,1.0,100.0,0.0,0.5541864633560181,map_a,map_a_open,RULESET_V3_M1_OWN_FLAG_HOME,73b77ac3a0efb2c33a4498544c96bb702a656cbbfe17af18ec859c6d6b4c2142,True
1435,sappo_pi_A_specialist_1p5M_seed7100001,48532,1336656,652,85,,OP3,OPPONENT_POOL,train,map_a_open,-1,0,SCRIPTED:OP6,5,0,0,0,0,240,0.5600000023841858,1,0,0,55,0,0,0,0,0,0,0,0,0,0,0,0,0,0,0,0,,10.800299072265625,-0.5,0.0,0.004370436072349548,0.04999999701976776,0.0,0.0,0.0,-0.12100600451231003,map_a,map_a_open,RULESET_V3_M1_OWN_FLAG_HOME,73b77ac3a0efb2c33a4498544c96bb702a656cbbfe17af18ec859c6d6b4c2142,True
1436,sappo_pi_A_specialist_1p5M_seed7100001,48532,1336976,652,105,,OP3,OPPONENT_POOL,train,map_a_open,-1,0,SCRIPTED:OP6,5,1,2,0,2,240,0.5600000023841858,0,1,0,105,0,0,0,0,0,0,0,0,0,0,0,0,0,0,0,0,55.0,6.684387715657552,1.0,0.0,-0.0032916367053985596,0.04999999701976776,0.0,0.0,-0.004000000189989805,0.24672195315361023,map_a,map_a_open,RULESET_V3_M1_OWN_FLAG_HOME,73b77ac3a0efb2c33a4498544c96bb702a656cbbfe17af18ec859c6d6b4c2142,True
1437,sappo_pi_A_specialist_1p5M_seed7100001,48532,1336992,652,106,,OP3,OPPONENT_POOL,train,map_a_open,-1,0,SCRIPTED:OP6,5,0,0,0,0,240,0.5600000023841858,1,0,0,10,0,0,0,0,0,0,0,0,0,0,0,0,0,0,0,0,,13.191370646158854,-0.5,0.0,0.0010669231414794922,0.04999999701976776,0.0,0.0,0.0,-0.12120944261550903,map_a,map_a_open,RULESET_V3_M1_OWN_FLAG_HOME,73b77ac3a0efb2c33a4498544c96bb702a656cbbfe17af18ec859c6d6b4c2142,True
1438,sappo_pi_A_specialist_1p5M_seed7100001,48532,1337296,652,125,,OP3,OPPONENT_POOL,train,map_a_open,-1,0,SCRIPTED:OP6,5,0,0,0,0,240,0.5199999809265137,1,0,0,13,0,0,0,0,0,0,0,0,0,0,0,0,0,0,0,0,,12.849981689453125,-0.5,0.0,0.003411725163459778,0.04999999701976776,0.0,0.0,0.0,-0.12106504291296005,map_a,map_a_open,RULESET_V3_M1_OWN_FLAG_HOME,73b77ac3a0efb2c33a4498544c96bb702a656cbbfe17af18ec859c6d6b4c2142,True
1439,sappo_pi_A_specialist_1p5M_seed7100001,48532,1337344,652,128,,OP3,OPPONENT_POOL,train,map_a_open,-1,0,SCRIPTED:OP6,5,0,0,0,0,240,0.3999999761581421,0,1,0,15,0,0,0,0,0,0,0,0,0,0,0,0,0,0,0,0,,13.149769083658855,-0.5,0.0,0.009963050484657288,0.04999999701976776,0.0,0.0,0.0,-0.12066157162189484,map_a,map_a_open,RULESET_V3_M1_OWN_FLAG_HOME,73b77ac3a0efb2c33a4498544c96bb702a656cbbfe17af18ec859c6d6b4c2142,True
1440,sappo_pi_A_specialist_1p5M_seed7100001,48532,1338496,653,72,,OP3,OPPONENT_POOL,train,map_a_open,-1,0,SCRIPTED:OP6,5,1,3,0,3,139,0.47999998927116394,1,0,0,62,0,0,0,0,0,0,0,0,0,0,0,0,0,0,0,0,44.0,5.177735253203687,1.0,0.5,0.008091360330581665,0.0,1.0,100.0,-0.004000000189989805,0.5542573928833008,map_a,map_a_open,RULESET_V3_M1_OWN_FLAG_HOME,73b77ac3a0efb2c33a4498544c96bb702a656cbbfe17af18ec859c6d6b4c2142,True
1441,sappo_pi_A_specialist_1p5M_seed7100001,48532,1338576,653,77,,OP3,OPPONENT_POOL,train,map_a_open,-1,0,SCRIPTED:OP6,5,1,2,0,2,240,0.5199999809265137,1,0,0,36,0,0,0,0,0,0,0,0,0,0,0,0,0,0,0,0,41.0,10.509571329752605,1.0,0.0,0.005760759115219116,0.04999999701976776,0.0,0.0,0.0,0.24819184839725494,map_a,map_a_open,RULESET_V3_M1_OWN_FLAG_HOME,73b77ac3a0efb2c33a4498544c96bb702a656cbbfe17af18ec859c6d6b4c2142,True
1442,sappo_pi_A_specialist_1p5M_seed7100001,48532,1338736,653,87,,OP3,OPPONENT_POOL,train,map_a_open,-1,0,SCRIPTED:OP6,5,0,0,0,0,240,0.4399999976158142,1,0,0,15,0,0,0,0,0,0,0,0,0,0,0,0,0,0,0,0,,13.121659342447916,-0.5,0.0,-0.02395683526992798,0.04999995231628418,0.0,0.0,0.0,-0.12275015562772751,map_a,map_a_open,RULESET_V3_M1_OWN_FLAG_HOME,73b77ac3a0efb2c33a4498544c96bb702a656cbbfe17af18ec859c6d6b4c2142,True
1443,sappo_pi_A_specialist_1p5M_seed7100001,48532,1338832,653,93,,OP3,OPPONENT_POOL,train,map_a_open,-1,0,SCRIPTED:OP6,5,0,0,0,0,240,0.5999999642372131,0,1,0,90,0,0,0,0,0,0,0,0,0,0,0,0,0,0,0,0,,6.998045857747396,-0.5,0.0,-0.0016203522682189941,0.04999999701976776,0.0,0.0,0.0,-0.12137492746114731,map_a,map_a_open,RULESET_V3_M1_OWN_FLAG_HOME,73b77ac3a0efb2c33a4498544c96bb702a656cbbfe17af18ec859c6d6b4c2142,True
1444,sappo_pi_A_specialist_1p5M_seed7100001,48532,1338960,653,101,,OP3,OPPONENT_POOL,train,map_a_open,-1,0,SCRIPTED:OP6,5,1,3,0,3,144,0.35999998450279236,1,0,0,64,0,0,0,0,0,0,0,0,0,0,0,0,0,0,0,0,34.0,5.083590613471137,1.0,0.5,-0.008230119943618774,0.0,1.0,100.0,0.0,0.5542434453964233,map_a,map_a_open,RULESET_V3_M1_OWN_FLAG_HOME,73b77ac3a0efb2c33a4498544c96bb702a656cbbfe17af18ec859c6d6b4c2142,True
1445,sappo_pi_A_specialist_1p5M_seed7100001,48532,1338992,653,103,,OP3,OPPONENT_POOL,train,map_a_open,-1,0,SCRIPTED:OP6,5,1,3,0,3,106,0.5999999642372131,1,0,0,37,0,0,0,0,0,0,0,0,0,0,0,0,0,0,0,0,44.0,5.804921276164505,1.0,0.5,-0.013160154223442078,0.0,1.0,100.0,0.0,0.5540299415588379,map_a,map_a_open,RULESET_V3_M1_OWN_FLAG_HOME,73b77ac3a0efb2c33a4498544c96bb702a656cbbfe17af18ec859c6d6b4c2142,True
1446,sappo_pi_A_specialist_1p5M_seed7100001,48532,1339216,653,117,,OP3,OPPONENT_POOL,train,map_a_open,-1,0,SCRIPTED:OP6,5,1,1,0,1,240,0.47999998927116394,1,0,0,67,0,0,0,0,0,0,0,0,0,0,0,0,0,0,0,0,85.0,8.902588907877604,1.0,0.0,0.0031158477067947388,0.04999999701976776,0.0,0.0,-0.004000000189989805,0.24709801375865936,map_a,map_a_open,RULESET_V3_M1_OWN_FLAG_HOME,73b77ac3a0efb2c33a4498544c96bb702a656cbbfe17af18ec859c6d6b4c2142,True
1447,sappo_pi_A_specialist_1p5M_seed7100001,48532,1339456,654,4,,OP3,OPPONENT_POOL,train,map_a_open,-1,0,SCRIPTED:OP6,5,0,0,1,-1,240,0.5199999809265137,1,0,0,21,0,0,0,0,0,0,0,0,0,0,0,0,0,0,0,0,55.0,11.723839314778646,-1.0,0.0,-0.006968200206756592,0.04999999701976776,0.0,0.0,-0.004000000189989805,-0.24332985281944275,map_a,map_a_open,RULESET_V3_M1_OWN_FLAG_HOME,73b77ac3a0efb2c33a4498544c96bb702a656cbbfe17af18ec859c6d6b4c2142,True
1448,sappo_pi_A_specialist_1p5M_seed7100001,48532,1339776,654,24,,OP3,OPPONENT_POOL,train,map_a_open,-1,0,SCRIPTED:OP6,5,1,1,0,1,240,0.5600000023841858,1,0,0,19,0,0,0,0,0,0,0,0,0,0,0,0,0,0,0,0,44.0,12.124708048502605,1.0,0.0,0.005565911531448364,0.04999999701976776,0.0,0.0,-0.004000000189989805,0.2472417801618576,map_a,map_a_open,RULESET_V3_M1_OWN_FLAG_HOME,73b77ac3a0efb2c33a4498544c96bb702a656cbbfe17af18ec859c6d6b4c2142,True
1449,sappo_pi_A_specialist_1p5M_seed7100001,48532,1339920,654,33,,OP3,OPPONENT_POOL,train,map_a_open,-1,0,SCRIPTED:OP6,5,0,0,0,0,240,0.35999998450279236,1,0,0,10,0,0,0,0,0,0,0,0,0,0,0,0,0,0,0,0,,13.070619710286458,-0.5,0.0,-0.0015803724527359009,0.04999999701976776,0.0,0.0,0.0,-0.12137246876955032,map_a,map_a_open,RULESET_V3_M1_OWN_FLAG_HOME,73b77ac3a0efb2c33a4498544c96bb702a656cbbfe17af18ec859c6d6b4c2142,True
1450,sappo_pi_A_specialist_1p5M_seed7100001,48532,1339968,654,36,,OP3,OPPONENT_POOL,train,map_a_open,-1,0,SCRIPTED:OP6,5,1,1,0,1,240,0.35999998450279236,1,0,0,25,0,0,0,0,0,0,0,0,0,0,0,0,0,0,0,0,44.0,9.65699462890625,1.0,0.0,-0.008166179060935974,0.04999999701976776,0.0,0.0,0.0,0.24737484753131866,map_a,map_a_open,RULESET_V3_M1_OWN_FLAG_HOME,73b77ac3a0efb2c33a4498544c96bb702a656cbbfe17af18ec859c6d6b4c2142,True
1451,sappo_pi_A_specialist_1p5M_seed7100001,48532,1339984,654,37,,OP3,OPPONENT_POOL,train,map_a_open,-1,0,SCRIPTED:OP6,5,0,0,0,0,240,0.5999999642372131,0,1,0,12,0,0,0,0,0,0,0,0,0,0,0,0,0,0,0,0,,13.140854899088541,-0.5,0.0,0.004169970750808716,0.04999999701976776,0.0,0.0,0.0,-0.12101834267377853,map_a,map_a_open,RULESET_V3_M1_OWN_FLAG_HOME,73b77ac3a0efb2c33a4498544c96bb702a656cbbfe17af18ec859c6d6b4c2142,True
1452,sappo_pi_A_specialist_1p5M_seed7100001,48532,1340160,654,48,,OP3,OPPONENT_POOL,train,map_a_open,-1,0,SCRIPTED:OP6,5,1,3,0,3,198,0.4399999976158142,0,2,0,77,0,0,0,0,0,0,0,0,0,0,0,0,0,0,0,0,72.0,4.820593015112058,1.0,0.5,-0.009549498558044434,0.0,1.0,100.0,0.0,0.5541863441467285,map_a,map_a_open,RULESET_V3_M1_OWN_FLAG_HOME,73b77ac3a0efb2c33a4498544c96bb702a656cbbfe17af18ec859c6d6b4c2142,True
1453,sappo_pi_A_specialist_1p5M_seed7100001,48532,1340192,654,50,,OP3,OPPONENT_POOL,train,map_a_open,-1,0,SCRIPTED:OP6,5,1,3,0,3,91,0.3999999761581421,0,1,0,44,0,0,0,0,0,0,0,0,0,0,0,0,0,0,0,0,29.0,5.3660724346454325,1.0,0.5,0.0070340633392333984,0.0,1.0,100.0,0.0,0.5549041032791138,map_a,map_a_open,RULESET_V3_M1_OWN_FLAG_HOME,73b77ac3a0efb2c33a4498544c96bb702a656cbbfe17af18ec859c6d6b4c2142,True
1454,sappo_pi_A_specialist_1p5M_seed7100001,48532,1340416,654,64,,OP3,OPPONENT_POOL,train,map_a_open,-1,0,SCRIPTED:OP6,5,1,1,0,1,240,0.5600000023841858,1,0,0,100,0,0,0,0,0,0,0,0,0,0,0,0,0,0,0,0,51.0,8.084140523274739,1.0,0.0,0.012779250741004944,0.04999999701976776,0.0,0.0,-0.004000000189989805,0.24766500294208527,map_a,map_a_open,RULESET_V3_M1_OWN_FLAG_HOME,73b77ac3a0efb2c33a4498544c96bb702a656cbbfe17af18ec859c6d6b4c2142,True
1455,sappo_pi_A_specialist_1p5M_seed7100001,48532,1340816,654,89,,OP3,OPPONENT_POOL,train,map_a_open,-1,0,SCRIPTED:OP6,5,1,2,0,2,240,0.5600000023841858,0,2,0,120,0,0,0,0,0,0,0,0,0,0,0,0,0,0,0,0,47.0,4.1392262776692705,1.0,0.0,0.026733234524726868,0.014999999664723873,0.0,0.0,-0.00800000037997961,0.2454904019832611,map_a,map_a_open,RULESET_V3_M1_OWN_FLAG_HOME,73b77ac3a0efb2c33a4498544c96bb702a656cbbfe17af18ec859c6d6b4c2142,True
1456,sappo_pi_A_specialist_1p5M_seed7100001,48532,1341184,654,112,,OP3,OPPONENT_POOL,train,map_a_open,-1,0,SCRIPTED:OP6,5,0,0,0,0,240,0.3999999761581421,1,0,0,16,0,0,0,0,0,0,0,0,0,0,0,0,0,0,0,0,,13.260264078776041,-0.5,0.0,-0.021069496870040894,0.04999999701976776,0.0,0.0,-0.004000000189989805,-0.12355726957321167,map_a,map_a_open,RULESET_V3_M1_OWN_FLAG_HOME,73b77ac3a0efb2c33a4498544c96bb702a656cbbfe17af18ec859c6d6b4c2142,True
1457,sappo_pi_A_specialist_1p5M_seed7100001,48532,1341184,654,112,,OP3,OPPONENT_POOL,train,map_a_open,-1,0,SCRIPTED:OP6,5,1,3,0,3,137,0.3999999761581421,1,0,0,60,0,0,0,0,0,0,0,0,0,0,0,0,0,0,0,0,57.0,4.281419294593978,1.0,0.5,-0.008371949195861816,0.0,1.0,100.0,0.0,0.5542373657226562,map_a,map_a_open,RULESET_V3_M1_OWN_FLAG_HOME,73b77ac3a0efb2c33a4498544c96bb702a656cbbfe17af18ec859c6d6b4c2142,True
1458,sappo_pi_A_specialist_1p5M_seed7100001,48532,1341840,655,25,,OP3,OPPONENT_POOL,train,map_a_open,-1,0,SCRIPTED:OP6,5,1,3,0,3,164,0.47999998927116394,0,1,0,66,0,0,0,0,0,0,0,0,0,0,0,0,0,0,0,0,50.0,4.903975696098514,1.0,0.5,-0.004566609859466553,0.0,1.0,100.0,0.0,0.5544021129608154,map_a,map_a_open,RULESET_V3_M1_OWN_FLAG_HOME,73b77ac3a0efb2c33a4498544c96bb702a656cbbfe17af18ec859c6d6b4c2142,True
1459,sappo_pi_A_specialist_1p5M_seed7100001,48532,1342240,655,50,,OP3,OPPONENT_POOL,train,map_a_open,-1,0,SCRIPTED:OP6,5,1,3,0,3,145,0.35999998450279236,0,1,0,60,0,0,0,0,0,0,0,0,0,0,0,0,0,0,0,0,69.0,4.334552212419181,1.0,0.5,-0.010040000081062317,0.0,1.0,100.0,0.0,0.5541650652885437,map_a,map_a_open,RULESET_V3_M1_OWN_FLAG_HOME,73b77ac3a0efb2c33a4498544c96bb702a656cbbfe17af18ec859c6d6b4c2142,True
1460,sappo_pi_A_specialist_1p5M_seed7100001,48532,1342336,655,56,,OP3,OPPONENT_POOL,train,map_a_open,-1,0,SCRIPTED:OP6,5,0,0,0,0,240,0.4399999976158142,0,2,0,61,0,0,0,0,0,0,0,0,0,0,0,0,0,0,0,0,,8.09993896484375,-0.5,0.0,-0.007218942046165466,0.04999999701976776,0.0,0.0,-0.004000000189989805,-0.12270472943782806,map_a,map_a_open,RULESET_V3_M1_OWN_FLAG_HOME,73b77ac3a0efb2c33a4498544c96bb702a656cbbfe17af18ec859c6d6b4c2142,True
1461,sappo_pi_A_specialist_1p5M_seed7100001,48532,1342416,655,61,,OP3,OPPONENT_POOL,train,map_a_open,-1,0,SCRIPTED:OP6,5,0,1,1,0,240,0.6399999856948853,1,0,0,94,0,0,0,0,0,0,0,0,0,0,0,0,0,0,0,0,47.0,5.887910461425781,-0.5,0.0,-0.01717621088027954,0.04999999701976776,0.0,0.0,0.0,-0.12233272939920425,map_a,map_a_open,RULESET_V3_M1_OWN_FLAG_HOME,73b77ac3a0efb2c33a4498544c96bb702a656cbbfe17af18ec859c6d6b4c2142,True
1462,sappo_pi_A_specialist_1p5M_seed7100001,48532,1342672,655,77,,OP3,OPPONENT_POOL,train,map_a_open,-1,0,SCRIPTED:OP6,5,1,1,0,1,240,0.3999999761581421,1,0,0,72,0,0,0,0,0,0,0,0,0,0,0,0,0,0,0,0,83.0,9.158535766601563,1.0,0.0,-0.011737734079360962,0.04999999701976776,0.0,0.0,0.0,0.2471652776002884,map_a,map_a_open,RULESET_V3_M1_OWN_FLAG_HOME,73b77ac3a0efb2c33a4498544c96bb702a656cbbfe17af18ec859c6d6b4c2142,True
1463,sappo_pi_A_specialist_1p5M_seed7100001,48532,1342800,655,85,,OP3,OPPONENT_POOL,train,map_a_open,-1,0,SCRIPTED:OP6,5,1,2,1,1,240,0.5999999642372131,1,0,0,49,0,0,0,0,0,0,0,0,0,0,0,0,0,0,0,0,78.0,8.297330220540365,1.0,0.0,-0.011824831366539001,0.029999852180480957,0.0,0.0,-0.004000000189989805,0.24504642188549042,map_a,map_a_open,RULESET_V3_M1_OWN_FLAG_HOME,73b77ac3a0efb2c33a4498544c96bb702a656cbbfe17af18ec859c6d6b4c2142,True
1464,sappo_pi_A_specialist_1p5M_seed7100001,48532,1343296,655,116,,OP3,OPPONENT_POOL,train,map_a_open,-1,0,SCRIPTED:OP6,5,1,1,0,1,240,0.4399999976158142,1,0,0,79,0,0,0,0,0,0,0,0,0,0,0,0,0,0,0,0,53.0,8.69078369140625,1.0,0.0,-0.00917041301727295,0.04999999701976776,0.0,0.0,0.0,0.2473159283399582,map_a,map_a_open,RULESET_V3_M1_OWN_FLAG_HOME,73b77ac3a0efb2c33a4498544c96bb702a656cbbfe17af18ec859c6d6b4c2142,True
1465,sappo_pi_A_specialist_1p5M_seed7100001,48532,1343408,655,123,,OP3,OPPONENT_POOL,train,map_a_open,-1,0,SCRIPTED:OP6,5,1,3,1,2,162,0.3999999761581421,0,2,0,80,0,0,0,0,0,0,0,0,0,0,0,0,0,0,0,0,74.0,5.215827094184028,1.0,0.5,-0.009406551718711853,0.0,1.0,100.0,0.0,0.5541925430297852,map_a,map_a_open,RULESET_V3_M1_OWN_FLAG_HOME,73b77ac3a0efb2c33a4498544c96bb702a656cbbfe17af18ec859c6d6b4c2142,True
1466,sappo_pi_A_specialist_1p5M_seed7100001,48532,1343616,656,8,,OP3,OPPONENT_POOL,train,map_a_open,-1,0,SCRIPTED:OP6,5,0,0,0,0,240,0.35999998450279236,1,0,0,8,0,0,0,0,0,0,0,0,0,0,0,0,0,0,0,0,,12.963258870442708,-0.5,0.0,-0.01839369535446167,0.04999999701976776,0.0,0.0,0.0,-0.12240768224000931,map_a,map_a_open,RULESET_V3_M1_OWN_FLAG_HOME,73b77ac3a0efb2c33a4498544c96bb702a656cbbfe17af18ec859c6d6b4c2142,True
1467,sappo_pi_A_specialist_1p5M_seed7100001,48532,1343808,656,20,,OP3,OPPONENT_POOL,train,map_a_open,-1,0,SCRIPTED:OP6,5,0,0,0,0,240,0.5600000023841858,0,1,0,25,0,0,0,0,0,0,0,0,0,0,0,0,0,0,0,0,,11.759024047851563,-0.5,0.0,0.014266043901443481,0.04999999701976776,0.0,0.0,0.0,-0.12039653211832047,map_a,map_a_open,RULESET_V3_M1_OWN_FLAG_HOME,73b77ac3a0efb2c33a4498544c96bb702a656cbbfe17af18ec859c6d6b4c2142,True
1468,sappo_pi_A_specialist_1p5M_seed7100001,48532,1343824,656,21,,OP3,OPPONENT_POOL,train,map_a_open,-1,0,SCRIPTED:OP6,5,0,0,0,0,240,0.2800000011920929,1,0,0,5,0,0,0,0,0,0,0,0,0,0,0,0,0,0,0,0,,13.578668212890625,-0.5,0.0,-0.014745160937309265,0.04999999701976776,0.0,0.0,-0.004000000189989805,-0.12316801398992538,map_a,map_a_open,RULESET_V3_M1_OWN_FLAG_HOME,73b77ac3a0efb2c33a4498544c96bb702a656cbbfe17af18ec859c6d6b4c2142,True
1469,sappo_pi_A_specialist_1p5M_seed7100001,48532,1344000,656,32,,OP3,OPPONENT_POOL,train,map_a_open,-1,0,SCRIPTED:OP6,5,1,2,0,2,240,0.47999998927116394,1,0,0,46,0,0,0,0,0,0,0,0,0,0,0,0,0,0,0,0,58.0,9.497130330403646,1.0,0.0,-0.0007066279649734497,0.04999999701976776,0.0,0.0,-0.004000000189989805,0.2468736618757248,map_a,map_a_open,RULESET_V3_M1_OWN_FLAG_HOME,73b77ac3a0efb2c33a4498544c96bb702a656cbbfe17af18ec859c6d6b4c2142,True
1470,sappo_pi_A_specialist_1p5M_seed7100001,48532,1344032,656,34,,OP3,OPPONENT_POOL,train,map_a_open,-1,0,SCRIPTED:OP6,5,0,0,1,-1,240,0.5999999642372131,1,0,0,21,0,0,0,0,0,0,0,0,0,0,0,0,0,0,0,0,40.0,12.325149536132812,-1.0,0.0,0.014706209301948547,0.04999999701976776,0.0,0.0,-0.00800000037997961,-0.24299617111682892,map_a,map_a_open,RULESET_V3_M1_OWN_FLAG_HOME,73b77ac3a0efb2c33a4498544c96bb702a656cbbfe17af18ec859c6d6b4c2142,True
1471,sappo_pi_A_specialist_1p5M_seed7100001,48532,1344256,656,48,,OP3,OPPONENT_POOL,train,map_a_open,-1,0,SCRIPTED:OP6,5,0,0,0,0,240,0.4399999976158142,1,0,0,63,0,0,0,0,0,0,0,0,0,0,0,0,0,0,0,0,,9.581814575195313,-0.5,0.0,-0.010242432355880737,0.04999999701976776,0.0,0.0,-0.00800000037997961,-0.12387563288211823,map_a,map_a_open,RULESET_V3_M1_OWN_FLAG_HOME,73b77ac3a0efb2c33a4498544c96bb702a656cbbfe17af18ec859c6d6b4c2142,True
1472,sappo_pi_A_specialist_1p5M_seed7100001,48532,1345024,656,96,,OP3,OPPONENT_POOL,train,map_a_open,-1,0,SCRIPTED:OP6,5,0,1,1,0,240,0.5999999642372131,0,1,0,47,0,0,0,0,0,0,0,0,0,0,0,0,0,0,0,0,55.0,10.066883341471355,-0.5,0.0,0.003144875168800354,0.04999999701976776,0.0,0.0,0.0,-0.12108147144317627,map_a,map_a_open,RULESET_V3_M1_OWN_FLAG_HOME,73b77ac3a0efb2c33a4498544c96bb702a656cbbfe17af18ec859c6d6b4c2142,True
1473,sappo_pi_A_specialist_1p5M_seed7100001,48532,1345024,656,96,,OP3,OPPONENT_POOL,train,map_a_open,-1,0,SCRIPTED:OP6,5,1,2,0,2,240,0.5199999809265137,1,0,0,92,0,0,0,0,0,0,0,0,0,0,0,0,0,0,0,0,133.0,5.4838617960611975,1.0,0.0,0.00591963529586792,0.04999999701976776,0.0,0.0,-0.004000000189989805,0.24726252257823944,map_a,map_a_open,RULESET_V3_M1_OWN_FLAG_HOME,73b77ac3a0efb2c33a4498544c96bb702a656cbbfe17af18ec859c6d6b4c2142,True
1474,sappo_pi_A_specialist_1p5M_seed7100001,48532,1345680,657,9,,OP3,OPPONENT_POOL,train,map_a_open,-1,0,SCRIPTED:OP6,5,0,0,0,0,240,0.47999998927116394,1,0,0,40,0,0,0,0,0,0,0,0,0,0,0,0,0,0,0,0,,11.50340067545573,-0.5,0.0,0.0033087432384490967,0.029999999329447746,0.0,0.0,0.0,-0.12230287492275238,map_a,map_a_open,RULESET_V3_M1_OWN_FLAG_HOME,73b77ac3a0efb2c33a4498544c96bb702a656cbbfe17af18ec859c6d6b4c2142,True
1475,sappo_pi_A_specialist_1p5M_seed7100001,48532,1346080,657,34,,OP3,OPPONENT_POOL,train,map_a_open,-1,0,SCRIPTED:OP6,5,0,0,0,0,240,0.4399999976158142,0,2,0,71,0,0,0,0,0,0,0,0,0,0,0,0,0,0,0,0,,9.255545043945313,-0.5,0.0,-0.00545695424079895,0.04999999701976776,0.0,0.0,-0.004000000189989805,-0.12259627133607864,map_a,map_a_open,RULESET_V3_M1_OWN_FLAG_HOME,73b77ac3a0efb2c33a4498544c96bb702a656cbbfe17af18ec859c6d6b4c2142,True
1476,sappo_pi_A_specialist_1p5M_seed7100001,48532,1346176,657,40,,OP3,OPPONENT_POOL,train,map_a_open,-1,0,SCRIPTED:OP6,5,1,1,0,1,240,0.4399999976158142,1,0,0,45,0,0,0,0,0,0,0,0,0,0,0,0,0,0,0,0,90.0,9.713285319010417,1.0,0.0,-0.0009197592735290527,0.0499991737306118,0.0,0.0,-0.004000000189989805,0.24686110019683838,map_a,map_a_open,RULESET_V3_M1_OWN_FLAG_HOME,73b77ac3a0efb2c33a4498544c96bb702a656cbbfe17af18ec859c6d6b4c2142,True
1477,sappo_pi_A_specialist_1p5M_seed7100001,48532,1346224,657,43,,OP3,OPPONENT_POOL,train,map_a_open,-1,0,SCRIPTED:OP6,5,1,3,0,3,163,0.5199999809265137,0,1,0,76,0,0,0,0,0,0,0,0,0,0,0,0,0,0,0,0,38.0,4.872429408910084,1.0,0.5,-0.008121192455291748,0.0,1.0,100.0,-0.004000000189989805,0.5535550117492676,map_a,map_a_open,RULESET_V3_M1_OWN_FLAG_HOME,73b77ac3a0efb2c33a4498544c96bb702a656cbbfe17af18ec859c6d6b4c2142,True
1478,sappo_pi_A_specialist_1p5M_seed7100001,48532,1346256,657,45,,OP3,OPPONENT_POOL,train,map_a_open,-1,0,SCRIPTED:OP6,5,0,0,0,0,240,0.6800000071525574,1,0,0,12,0,0,0,0,0,0,0,0,0,0,0,0,0,0,0,0,,11.621079508463541,-0.5,0.0,0.007945820689201355,0.04999999701976776,0.0,0.0,-0.004000000189989805,-0.12177109718322754,map_a,map_a_open,RULESET_V3_M1_OWN_FLAG_HOME,73b77ac3a0efb2c33a4498544c96bb702a656cbbfe17af18ec859c6d6b4c2142,True
1479,sappo_pi_A_specialist_1p5M_seed7100001,48532,1346512,657,61,,OP3,OPPONENT_POOL,train,map_a_open,-1,0,SCRIPTED:OP6,5,0,0,0,0,240,0.4399999976158142,1,0,0,9,0,0,0,0,0,0,0,0,0,0,0,0,0,0,0,0,,13.14298604329427,-0.5,0.0,0.0054563432931900024,0.04999999701976776,0.0,0.0,0.0,-0.12093912065029144,map_a,map_a_open,RULESET_V3_M1_OWN_FLAG_HOME,73b77ac3a0efb2c33a4498544c96bb702a656cbbfe17af18ec859c6d6b4c2142,True
1480,sappo_pi_A_specialist_1p5M_seed7100001,48532,1346640,657,69,,OP3,OPPONENT_POOL,train,map_a_open,-1,0,SCRIPTED:OP6,5,0,0,0,0,240,0.47999998927116394,0,1,0,20,0,0,0,0,0,0,0,0,0,0,0,0,0,0,0,0,,12.470736694335937,-0.5,0.0,0.00401739776134491,0.04999999701976776,0.0,0.0,0.0,-0.12102774530649185,map_a,map_a_open,RULESET_V3_M1_OWN_FLAG_HOME,73b77ac3a0efb2c33a4498544c96bb702a656cbbfe17af18ec859c6d6b4c2142,True
1481,sappo_pi_A_specialist_1p5M_seed7100001,48532,1346656,657,70,,OP3,OPPONENT_POOL,train,map_a_open,-1,0,SCRIPTED:OP6,5,1,3,0,3,164,0.5199999809265137,0,1,0,98,0,0,0,0,0,0,0,0,0,0,0,0,0,0,0,0,41.0,4.43789375119093,1.0,0.5,-0.010059326887130737,0.0,1.0,100.0,-0.00800000037997961,0.5527769327163696,map_a,map_a_open,RULESET_V3_M1_OWN_FLAG_HOME,73b77ac3a0efb2c33a4498544c96bb702a656cbbfe17af18ec859c6d6b4c2142,True
1482,sappo_pi_A_specialist_1p5M_seed7100001,48532,1347136,657,100,,OP3,OPPONENT_POOL,train,map_a_open,-1,0,SCRIPTED:OP6,5,1,2,0,2,240,0.4399999976158142,0,5,0,124,0,0,0,0,0,0,0,0,0,0,0,0,0,0,0,0,45.0,5.958315531412761,1.0,0.0,-0.00655151903629303,0.04999999701976776,0.0,0.0,0.0,0.24746958911418915,map_a,map_a_open,RULESET_V3_M1_OWN_FLAG_HOME,73b77ac3a0efb2c33a4498544c96bb702a656cbbfe17af18ec859c6d6b4c2142,True
1483,sappo_pi_A_specialist_1p5M_seed7100001,48532,1347248,657,107,,OP3,OPPONENT_POOL,train,map_a_open,-1,0,SCRIPTED:OP6,5,1,1,0,1,240,0.5199999809265137,0,2,0,36,0,0,0,0,0,0,0,0,0,0,0,0,0,0,0,0,81.0,10.292360432942708,1.0,0.0,0.004039183259010315,0.04999999701976776,0.0,0.0,-0.004000000189989805,0.2471521943807602,map_a,map_a_open,RULESET_V3_M1_OWN_FLAG_HOME,73b77ac3a0efb2c33a4498544c96bb702a656cbbfe17af18ec859c6d6b4c2142,True
1484,sappo_pi_A_specialist_1p5M_seed7100001,48532,1347648,658,4,,OP3,OPPONENT_POOL,train,map_a_open,-1,0,SCRIPTED:OP6,5,1,1,0,1,240,0.3199999928474426,0,1,0,72,0,0,0,0,0,0,0,0,0,0,0,0,0,0,0,0,142.0,6.671969604492188,1.0,0.0,-0.0004731863737106323,0.04999999701976776,0.0,0.0,0.0,0.24782617390155792,map_a,map_a_open,RULESET_V3_M1_OWN_FLAG_HOME,73b77ac3a0efb2c33a4498544c96bb702a656cbbfe17af18ec859c6d6b4c2142,True
1485,sappo_pi_A_specialist_1p5M_seed7100001,48532,1347664,658,5,,OP3,OPPONENT_POOL,train,map_a_open,-1,0,SCRIPTED:OP6,5,1,2,0,2,240,0.5199999809265137,0,4,0,133,0,0,0,0,0,0,0,0,0,0,0,0,0,0,0,0,153.0,3.6335439046223956,1.0,0.0,-0.002017304301261902,0.0,0.0,0.0,-0.004000000189989805,0.24385982751846313,map_a,map_a_open,RULESET_V3_M1_OWN_FLAG_HOME,73b77ac3a0efb2c33a4498544c96bb702a656cbbfe17af18ec859c6d6b4c2142,True
1486,sappo_pi_A_specialist_1p5M_seed7100001,48532,1347840,658,16,,OP3,OPPONENT_POOL,train,map_a_open,-1,0,SCRIPTED:OP6,5,0,0,0,0,240,0.4399999976158142,0,1,0,179,0,0,0,0,0,0,0,0,0,0,0,0,0,0,0,0,,3.5931439717610676,-0.5,0.0,0.017247259616851807,0.0,0.0,0.0,0.0,-0.12329158186912537,map_a,map_a_open,RULESET_V3_M1_OWN_FLAG_HOME,73b77ac3a0efb2c33a4498544c96bb702a656cbbfe17af18ec859c6d6b4c2142,True
1487,sappo_pi_A_specialist_1p5M_seed7100001,48532,1348096,658,32,,OP3,OPPONENT_POOL,train,map_a_open,-1,0,SCRIPTED:OP6,5,1,1,0,1,240,0.4399999976158142,1,0,0,20,0,0,0,0,0,0,0,0,0,0,0,0,0,0,0,0,49.0,11.690125528971354,1.0,0.0,0.0020734965801239014,0.04999999701976776,0.0,0.0,0.0,0.24797557294368744,map_a,map_a_open,RULESET_V3_M1_OWN_FLAG_HOME,73b77ac3a0efb2c33a4498544c96bb702a656cbbfe17af18ec859c6d6b4c2142,True
1488,sappo_pi_A_specialist_1p5M_seed7100001,48532,1348864,658,80,,OP3,OPPONENT_POOL,train,map_a_open,-1,0,SCRIPTED:OP6,5,1,1,0,1,240,0.47999998927116394,1,0,0,64,0,0,0,0,0,0,0,0,0,0,0,0,0,0,0,0,77.0,9.977691650390625,1.0,0.0,0.0056260377168655396,0.04999999701976776,0.0,0.0,-0.00800000037997961,0.24630619585514069,map_a,map_a_open,RULESET_V3_M1_OWN_FLAG_HOME,73b77ac3a0efb2c33a4498544c96bb702a656cbbfe17af18ec859c6d6b4c2142,True
1489,sappo_pi_A_specialist_1p5M_seed7100001,48532,1348864,658,80,,OP3,OPPONENT_POOL,train,map_a_open,-1,0,SCRIPTED:OP6,5,0,0,0,0,240,0.3999999761581421,0,1,0,54,0,0,0,0,0,0,0,0,0,0,0,0,0,0,0,0,,10.158230590820313,-0.5,0.0,0.014171019196510315,0.04999999701976776,0.0,0.0,0.0,-0.12040238827466965,map_a,map_a_open,RULESET_V3_M1_OWN_FLAG_HOME,73b77ac3a0efb2c33a4498544c96bb702a656cbbfe17af18ec859c6d6b4c2142,True
1490,sappo_pi_A_specialist_1p5M_seed7100001,48532,1349520,658,121,,OP3,OPPONENT_POOL,train,map_a_open,-1,0,SCRIPTED:OP6,5,0,0,0,0,240,0.5600000023841858,1,0,0,15,0,0,0,0,0,0,0,0,0,0,0,0,0,0,0,0,,13.055839029947917,-0.5,0.0,0.024333685636520386,0.04999999701976776,0.0,0.0,-0.004000000189989805,-0.1207619234919548,map_a,map_a_open,RULESET_V3_M1_OWN_FLAG_HOME,73b77ac3a0efb2c33a4498544c96bb702a656cbbfe17af18ec859c6d6b4c2142,True
1491,sappo_pi_A_specialist_1p5M_seed7100001,48532,1349536,658,122,,OP3,OPPONENT_POOL,train,map_a_open,-1,0,SCRIPTED:OP6,5,1,3,0,3,117,0.3999999761581421,1,0,0,39,0,0,0,0,0,0,0,0,0,0,0,0,0,0,0,0,58.0,4.539977505675748,1.0,0.5,-0.009814903140068054,0.0,1.0,100.0,-0.004000000189989805,0.5534815788269043,map_a,map_a_open,RULESET_V3_M1_OWN_FLAG_HOME,73b77ac3a0efb2c33a4498544c96bb702a656cbbfe17af18ec859c6d6b4c2142,True
1492,sappo_pi_A_specialist_1p5M_seed7100001,48532,1349920,659,18,,OP3,OPPONENT_POOL,train,map_a_open,-1,0,SCRIPTED:OP6,5,0,0,0,0,240,0.5600000023841858,1,0,0,21,0,0,0,0,0,0,0,0,0,0,0,0,0,0,0,0,,12.404638671875,-0.5,0.0,-0.0003678947687149048,0.04999999701976776,0.0,0.0,-0.004000000189989805,-0.122282974421978,map_a,map_a_open,RULESET_V3_M1_OWN_FLAG_HOME,73b77ac3a0efb2c33a4498544c96bb702a656cbbfe17af18ec859c6d6b4c2142,True
1493,sappo_pi_A_specialist_1p5M_seed7100001,48532,1350016,659,24,,OP3,OPPONENT_POOL,train,map_a_open,-1,0,SCRIPTED:OP6,5,1,1,0,1,240,0.5600000023841858,1,0,0,12,0,0,0,0,0,0,0,0,0,0,0,0,0,0,0,0,45.0,11.956374104817709,1.0,0.0,0.007862985134124756,0.04999999701976776,0.0,0.0,0.0,0.24831512570381165,map_a,map_a_open,RULESET_V3_M1_OWN_FLAG_HOME,73b77ac3a0efb2c33a4498544c96bb702a656cbbfe17af18ec859c6d6b4c2142,True
1494,sappo_pi_A_specialist_1p5M_seed7100001,48532,1350064,659,27,,OP3,OPPONENT_POOL,train,map_a_open,-1,0,SCRIPTED:OP6,5,1,1,0,1,240,0.5999999642372131,1,0,0,31,0,0,0,0,0,0,0,0,0,0,0,0,0,0,0,0,66.0,11.375254313151041,1.0,0.0,0.006131336092948914,0.04999999701976776,0.0,0.0,0.0,0.24821357429027557,map_a,map_a_open,RULESET_V3_M1_OWN_FLAG_HOME,73b77ac3a0efb2c33a4498544c96bb702a656cbbfe17af18ec859c6d6b4c2142,True
1495,sappo_pi_A_specialist_1p5M_seed7100001,48532,1350096,659,29,,OP3,OPPONENT_POOL,train,map_a_open,-1,0,SCRIPTED:OP6,5,1,1,0,1,240,0.4399999976158142,1,0,0,32,0,0,0,0,0,0,0,0,0,0,0,0,0,0,0,0,58.0,10.918978881835937,1.0,0.0,-0.01164071261882782,0.04999999701976776,0.0,0.0,0.0,0.24717096984386444,map_a,map_a_open,RULESET_V3_M1_OWN_FLAG_HOME,73b77ac3a0efb2c33a4498544c96bb702a656cbbfe17af18ec859c6d6b4c2142,True
1496,sappo_pi_A_specialist_1p5M_seed7100001,48532,1350352,659,45,,OP3,OPPONENT_POOL,train,map_a_open,-1,0,SCRIPTED:OP6,5,1,1,0,1,240,0.5199999809265137,0,1,0,44,0,0,0,0,0,0,0,0,0,0,0,0,0,0,0,0,73.0,9.793505859375,1.0,0.0,-0.008028045296669006,0.04999999701976776,0.0,0.0,0.0,0.2473829686641693,map_a,map_a_open,RULESET_V3_M1_OWN_FLAG_HOME,73b77ac3a0efb2c33a4498544c96bb702a656cbbfe17af18ec859c6d6b4c2142,True
1497,sappo_pi_A_specialist_1p5M_seed7100001,48532,1350480,659,53,,OP3,OPPONENT_POOL,train,map_a_open,-1,0,SCRIPTED:OP6,5,0,1,1,0,240,0.47999998927116394,0,1,0,62,0,0,0,0,0,0,0,0,0,0,0,0,0,0,0,0,77.0,9.499927775065105,-0.5,0.0,-0.009909480810165405,0.04999999701976776,0.0,0.0,0.0,-0.12188532948493958,map_a,map_a_open,RULESET_V3_M1_OWN_FLAG_HOME,73b77ac3a0efb2c33a4498544c96bb702a656cbbfe17af18ec859c6d6b4c2142,True
1498,sappo_pi_A_specialist_1p5M_seed7100001,48532,1350496,659,54,,OP3,OPPONENT_POOL,train,map_a_open,-1,0,SCRIPTED:OP6,5,0,0,0,0,240,0.47999998927116394,0,1,0,6,0,0,0,0,0,0,0,0,0,0,0,0,0,0,0,0,,12.870200602213542,-0.5,0.0,-0.0034326761960983276,0.04999999701976776,0.0,0.0,-0.00800000037997961,-0.12345653027296066,map_a,map_a_open,RULESET_V3_M1_OWN_FLAG_HOME,73b77ac3a0efb2c33a4498544c96bb702a656cbbfe17af18ec859c6d6b4c2142,True
1499,sappo_pi_A_specialist_1p5M_seed7100001,48532,1350976,659,84,,OP3,OPPONENT_POOL,train,map_a_open,-1,0,SCRIPTED:OP6,5,0,0,0,0,240,0.3999999761581421,1,0,0,13,0,0,0,0,0,0,0,0,0,0,0,0,0,0,0,0,,12.973845418294271,-0.5,0.0,0.006596803665161133,0.04999999701976776,0.0,0.0,0.0,-0.12086889147758484,map_a,map_a_open,RULESET_V3_M1_OWN_FLAG_HOME,73b77ac3a0efb2c33a4498544c96bb702a656cbbfe17af18ec859c6d6b4c2142,True
1500,sappo_pi_A_specialist_1p5M_seed7100001,48532,1351088,659,91,,OP3,OPPONENT_POOL,train,map_a_open,-1,0,SCRIPTED:OP6,5,1,1,0,1,240,0.5199999809265137,1,0,0,18,0,0,0,0,0,0,0,0,0,0,0,0,0,0,0,0,45.0,12.336394246419271,1.0,0.0,0.011830300092697144,0.04999999701976776,0.0,0.0,-0.004000000189989805,0.24760933220386505,map_a,map_a_open,RULESET_V3_M1_OWN_FLAG_HOME,73b77ac3a0efb2c33a4498544c96bb702a656cbbfe17af18ec859c6d6b4c2142,True
1501,sappo_pi_A_specialist_1p5M_seed7100001,48532,1351488,659,116,,OP3,OPPONENT_POOL,train,map_a_open,-1,0,SCRIPTED:OP6,5,1,1,0,1,240,0.47999998927116394,1,0,0,17,0,0,0,0,0,0,0,0,0,0,0,0,0,0,0,0,34.0,12.424481201171876,1.0,0.0,-0.0021978765726089478,0.04999999701976776,0.0,0.0,0.0,0.2477249950170517,map_a,map_a_open,RULESET_V3_M1_OWN_FLAG_HOME,73b77ac3a0efb2c33a4498544c96bb702a656cbbfe17af18ec859c6d6b4c2142,True
1502,sappo_pi_A_specialist_1p5M_seed7100001,48532,1351680,659,128,,OP3,OPPONENT_POOL,train,map_a_open,-1,0,SCRIPTED:OP6,5,0,0,0,0,240,0.47999998927116394,1,0,0,16,0,0,0,0,0,0,0,0,0,0,0,0,0,0,0,0,,12.628855387369791,-0.5,0.0,0.011650383472442627,0.04999999701976776,0.0,0.0,-0.004000000189989805,-0.12154299020767212,map_a,map_a_open,RULESET_V3_M1_OWN_FLAG_HOME,73b77ac3a0efb2c33a4498544c96bb702a656cbbfe17af18ec859c6d6b4c2142,True
1503,sappo_pi_A_specialist_1p5M_seed7100001,48532,1351936,660,16,,OP3,OPPONENT_POOL,train,map_a_open,-1,0,SCRIPTED:OP6,5,0,0,0,0,240,0.35999998450279236,1,0,0,13,0,0,0,0,0,0,0,0,0,0,0,0,0,0,0,0,,13.160414632161459,-0.5,0.0,-0.023123443126678467,0.04999999701976776,0.0,0.0,0.0,-0.12269885092973709,map_a,map_a_open,RULESET_V3_M1_OWN_FLAG_HOME,73b77ac3a0efb2c33a4498544c96bb702a656cbbfe17af18ec859c6d6b4c2142,True
1504,sappo_pi_A_specialist_1p5M_seed7100001,48532,1352704,660,64,,OP3,OPPONENT_POOL,train,map_a_open,-1,0,SCRIPTED:OP6,5,1,1,0,1,240,0.5199999809265137,1,0,0,36,0,0,0,0,0,0,0,0,0,0,0,0,0,0,0,0,69.0,11.357619222005209,1.0,0.0,0.012866213917732239,0.04999999701976776,0.0,0.0,-0.004000000189989805,0.24767011404037476,map_a,map_a_open,RULESET_V3_M1_OWN_FLAG_HOME,73b77ac3a0efb2c33a4498544c96bb702a656cbbfe17af18ec859c6d6b4c2142,True
1505,sappo_pi_A_specialist_1p5M_seed7100001,48532,1352704,660,64,,OP3,OPPONENT_POOL,train,map_a_open,-1,0,SCRIPTED:OP6,5,0,0,0,0,240,0.4399999976158142,1,0,0,23,0,0,0,0,0,0,0,0,0,0,0,0,0,0,0,0,,12.464716593424479,-0.5,0.0,-0.026718780398368835,0.04999999701976776,0.0,0.0,-0.004000000189989805,-0.12390494346618652,map_a,map_a_open,RULESET_V3_M1_OWN_FLAG_HOME,73b77ac3a0efb2c33a4498544c96bb702a656cbbfe17af18ec859c6d6b4c2142,True
1506,sappo_pi_A_specialist_1p5M_seed7100001,48532,1353360,660,105,,OP3,OPPONENT_POOL,train,map_a_open,-1,0,SCRIPTED:OP6,5,1,1,0,1,240,0.47999998927116394,1,0,0,39,0,0,0,0,0,0,0,0,0,0,0,0,0,0,0,0,53.0,11.67212626139323,1.0,0.0,-0.003104180097579956,0.04999999701976776,0.0,0.0,-0.004000000189989805,0.2467329502105713,map_a,map_a_open,RULESET_V3_M1_OWN_FLAG_HOME,73b77ac3a0efb2c33a4498544c96bb702a656cbbfe17af18ec859c6d6b4c2142,True
1507,sappo_pi_A_specialist_1p5M_seed7100001,48532,1353376,660,106,,OP3,OPPONENT_POOL,train,map_a_open,-1,0,SCRIPTED:OP6,5,0,0,0,0,240,0.47999998927116394,1,0,0,18,0,0,0,0,0,0,0,0,0,0,0,0,0,0,0,0,,11.901148478190104,-0.5,0.0,0.004778623580932617,0.04999999701976776,0.0,0.0,-0.004000000189989805,-0.12196611613035202,map_a,map_a_open,RULESET_V3_M1_OWN_FLAG_HOME,73b77ac3a0efb2c33a4498544c96bb702a656cbbfe17af18ec859c6d6b4c2142,True
1508,sappo_pi_A_specialist_1p5M_seed7100001,48532,1353760,661,2,,OP3,OPPONENT_POOL,train,map_a_open,-1,0,SCRIPTED:OP6,5,1,1,0,1,240,0.4399999976158142,1,0,0,44,0,0,0,0,0,0,0,0,0,0,0,0,0,0,0,0,44.0,10.791458129882812,1.0,0.0,0.001299530267715454,0.04999999701976776,0.0,0.0,0.0,0.24793016910552979,map_a,map_a_open,RULESET_V3_M1_OWN_FLAG_HOME,73b77ac3a0efb2c33a4498544c96bb702a656cbbfe17af18ec859c6d6b4c2142,True
1509,sappo_pi_A_specialist_1p5M_seed7100001,48532,1353856,661,8,,OP3,OPPONENT_POOL,train,map_a_open,-1,0,SCRIPTED:OP6,5,1,2,0,2,240,0.4399999976158142,1,0,0,53,0,0,0,0,0,0,0,0,0,0,0,0,0,0,0,0,84.0,8.600498453776042,1.0,0.0,0.007475599646568298,0.04078315198421478,0.0,0.0,0.0,0.24775180220603943,map_a,map_a_open,RULESET_V3_M1_OWN_FLAG_HOME,73b77ac3a0efb2c33a4498544c96bb702a656cbbfe17af18ec859c6d6b4c2142,True
1510,sappo_pi_A_specialist_1p5M_seed7100001,48532,1353904,661,11,,OP3,OPPONENT_POOL,train,map_a_open,-1,0,SCRIPTED:OP6,5,1,2,1,1,240,0.35999998450279236,1,0,0,50,0,0,0,0,0,0,0,0,0,0,0,0,0,0,0,0,40.0,9.85230204264323,1.0,0.0,-0.00017133355140686035,0.04999999701976776,0.0,0.0,0.0,0.2478438913822174,map_a,map_a_open,RULESET_V3_M1_OWN_FLAG_HOME,73b77ac3a0efb2c33a4498544c96bb702a656cbbfe17af18ec859c6d6b4c2142,True
1511,sappo_pi_A_specialist_1p5M_seed7100001,48532,1353936,661,13,,OP3,OPPONENT_POOL,train,map_a_open,-1,0,SCRIPTED:OP6,5,1,1,0,1,240,0.5600000023841858,1,0,0,52,0,0,0,0,0,0,0,0,0,0,0,0,0,0,0,0,71.0,9.42811279296875,1.0,0.0,-0.0005715936422348022,0.04999999701976776,0.0,0.0,-0.004000000189989805,0.24688158929347992,map_a,map_a_open,RULESET_V3_M1_OWN_FLAG_HOME,73b77ac3a0efb2c33a4498544c96bb702a656cbbfe17af18ec859c6d6b4c2142,True
1512,sappo_pi_A_specialist_1p5M_seed7100001,48532,1354192,661,29,,OP3,OPPONENT_POOL,train,map_a_open,-1,0,SCRIPTED:OP6,5,0,0,0,0,240,0.5199999809265137,1,0,0,10,0,0,0,0,0,0,0,0,0,0,0,0,0,0,0,0,,13.349319458007812,-0.5,0.0,0.011840879917144775,0.04999999701976776,0.0,0.0,0.0,-0.12054590880870819,map_a,map_a_open,RULESET_V3_M1_OWN_FLAG_HOME,73b77ac3a0efb2c33a4498544c96bb702a656cbbfe17af18ec859c6d6b4c2142,True
1513,sappo_pi_A_specialist_1p5M_seed7100001,48532,1354256,661,33,,OP3,OPPONENT_POOL,train,map_a_open,-1,0,SCRIPTED:OP6,5,1,3,0,3,145,0.3999999761581421,0,2,0,81,0,0,0,0,0,0,0,0,0,0,0,0,0,0,0,0,86.0,4.130273016567888,1.0,0.5,-0.009119749069213867,0.0,1.0,100.0,-0.004000000189989805,0.5535116791725159,map_a,map_a_open,RULESET_V3_M1_OWN_FLAG_HOME,73b77ac3a0efb2c33a4498544c96bb702a656cbbfe17af18ec859c6d6b4c2142,True
1514,sappo_pi_A_specialist_1p5M_seed7100001,48532,1354320,661,37,,OP3,OPPONENT_POOL,train,map_a_open,-1,0,SCRIPTED:OP6,5,0,0,0,0,240,0.4399999976158142,1,0,0,21,0,0,0,0,0,0,0,0,0,0,0,0,0,0,0,0,,12.21378682454427,-0.5,0.0,0.017031759023666382,0.04999999701976776,0.0,0.0,-0.004000000189989805,-0.12121161073446274,map_a,map_a_open,RULESET_V3_M1_OWN_FLAG_HOME,73b77ac3a0efb2c33a4498544c96bb702a656cbbfe17af18ec859c6d6b4c2142,True
1515,sappo_pi_A_specialist_1p5M_seed7100001,48532,1354336,661,38,,OP3,OPPONENT_POOL,train,map_a_open,-1,0,SCRIPTED:OP6,5,0,0,0,0,240,0.47999998927116394,0,1,0,14,0,0,0,0,0,0,0,0,0,0,0,0,0,0,0,0,,12.450344848632813,-0.5,0.0,-0.013189136981964111,0.04999999701976776,0.0,0.0,0.0,-0.122087262570858,map_a,map_a_open,RULESET_V3_M1_OWN_FLAG_HOME,73b77ac3a0efb2c33a4498544c96bb702a656cbbfe17af18ec859c6d6b4c2142,True
1516,sappo_pi_A_specialist_1p5M_seed7100001,48532,1354816,661,68,,OP3,OPPONENT_POOL,train,map_a_open,-1,0,SCRIPTED:OP6,5,0,0,0,0,240,0.3999999761581421,1,0,0,11,0,0,0,0,0,0,0,0,0,0,0,0,0,0,0,0,,13.166896565755208,-0.5,0.0,-0.01356576383113861,0.04999999701976776,0.0,0.0,0.0,-0.12211045622825623,map_a,map_a_open,RULESET_V3_M1_OWN_FLAG_HOME,73b77ac3a0efb2c33a4498544c96bb702a656cbbfe17af18ec859c6d6b4c2142,True
1517,sappo_pi_A_specialist_1p5M_seed7100001,48532,1354928,661,75,,OP3,OPPONENT_POOL,train,map_a_open,-1,0,SCRIPTED:OP6,5,0,0,0,0,240,0.5600000023841858,1,0,0,31,0,0,0,0,0,0,0,0,0,0,0,0,0,0,0,0,,11.753277587890626,-0.5,0.0,-0.010669678449630737,0.04999999701976776,0.0,0.0,0.0,-0.12193213403224945,map_a,map_a_open,RULESET_V3_M1_OWN_FLAG_HOME,73b77ac3a0efb2c33a4498544c96bb702a656cbbfe17af18ec859c6d6b4c2142,True
1518,sappo_pi_A_specialist_1p5M_seed7100001,48532,1355328,661,100,,OP3,OPPONENT_POOL,train,map_a_open,-1,0,SCRIPTED:OP6,5,1,2,0,2,240,0.47999998927116394,1,0,0,55,0,0,0,0,0,0,0,0,0,0,0,0,0,0,0,0,110.0,7.332578023274739,1.0,0.0,-0.014023393392562866,0.04999999701976776,0.0,0.0,-0.004000000189989805,0.24609194695949554,map_a,map_a_open,RULESET_V3_M1_OWN_FLAG_HOME,73b77ac3a0efb2c33a4498544c96bb702a656cbbfe17af18ec859c6d6b4c2142,True
1519,sappo_pi_A_specialist_1p5M_seed7100001,48532,1355520,661,112,,OP3,OPPONENT_POOL,train,map_a_open,-1,0,SCRIPTED:OP6,5,1,1,0,1,240,0.4399999976158142,1,0,0,38,0,0,0,0,0,0,0,0,0,0,0,0,0,0,0,0,70.0,10.87275899251302,1.0,0.0,0.004534110426902771,0.04999999701976776,0.0,0.0,-0.004000000189989805,0.247181236743927,map_a,map_a_open,RULESET_V3_M1_OWN_FLAG_HOME,73b77ac3a0efb2c33a4498544c96bb702a656cbbfe17af18ec859c6d6b4c2142,True
1520,sappo_pi_A_specialist_1p5M_seed7100001,48532,1356544,662,48,,OP3,OPPONENT_POOL,train,map_a_open,-1,0,SCRIPTED:OP6,5,0,0,0,0,240,0.3999999761581421,1,0,0,25,0,0,0,0,0,0,0,0,0,0,0,0,0,0,0,0,,12.68289794921875,-0.5,0.0,-0.00517311692237854,0.04999999701976776,0.0,0.0,-0.004000000189989805,-0.12257879227399826,map_a,map_a_open,RULESET_V3_M1_OWN_FLAG_HOME,73b77ac3a0efb2c33a4498544c96bb702a656cbbfe17af18ec859c6d6b4c2142,True
1521,sappo_pi_A_specialist_1p5M_seed7100001,48532,1356544,662,48,,OP3,OPPONENT_POOL,train,map_a_open,-1,0,SCRIPTED:OP6,5,0,0,0,0,240,0.5199999809265137,0,1,0,14,0,0,0,0,0,0,0,0,0,0,0,0,0,0,0,0,,12.590738932291666,-0.5,0.0,-0.006211429834365845,0.04999990016222,0.0,0.0,0.0,-0.12165763974189758,map_a,map_a_open,RULESET_V3_M1_OWN_FLAG_HOME,73b77ac3a0efb2c33a4498544c96bb702a656cbbfe17af18ec859c6d6b4c2142,True
1522,sappo_pi_A_specialist_1p5M_seed7100001,48532,1357184,662,88,,OP3,OPPONENT_POOL,train,map_a_open,-1,0,SCRIPTED:OP6,5,0,2,3,-1,179,0.5199999809265137,0,1,0,70,0,0,0,0,0,0,0,0,0,0,0,0,0,0,0,0,45.0,4.906546651318086,-1.0,-0.5,-0.01948609948158264,0.0,-1.0,-100.0,-0.004000000189989805,-0.556133508682251,map_a,map_a_open,RULESET_V3_M1_OWN_FLAG_HOME,73b77ac3a0efb2c33a4498544c96bb702a656cbbfe17af18ec859c6d6b4c2142,True
1523,sappo_pi_A_specialist_1p5M_seed7100001,48532,1357200,662,89,,OP3,OPPONENT_POOL,train,map_a_open,-1,0,SCRIPTED:OP6,5,0,1,1,0,240,0.4399999976158142,1,0,0,18,0,0,0,0,0,0,0,0,0,0,0,0,0,0,0,0,44.0,11.230367024739584,-0.5,0.0,-0.008437573909759521,0.04999999701976776,0.0,0.0,-0.004000000189989805,-0.12277974933385849,map_a,map_a_open,RULESET_V3_M1_OWN_FLAG_HOME,73b77ac3a0efb2c33a4498544c96bb702a656cbbfe17af18ec859c6d6b4c2142,True
1524,sappo_pi_A_specialist_1p5M_seed7100001,48532,1357216,662,90,,OP3,OPPONENT_POOL,train,map_a_open,-1,0,SCRIPTED:OP6,5,0,0,0,0,240,0.5999999642372131,1,0,0,12,0,0,0,0,0,0,0,0,0,0,0,0,0,0,0,0,,13.078581746419271,-0.5,0.0,0.0011511743068695068,0.04999999701976776,0.0,0.0,0.0,-0.12120425701141357,map_a,map_a_open,RULESET_V3_M1_OWN_FLAG_HOME,73b77ac3a0efb2c33a4498544c96bb702a656cbbfe17af18ec859c6d6b4c2142,True
1525,sappo_pi_A_specialist_1p5M_seed7100001,48532,1357600,662,114,,OP3,OPPONENT_POOL,train,map_a_open,-1,0,SCRIPTED:OP6,5,1,1,0,1,240,0.4399999976158142,0,1,0,14,0,0,0,0,0,0,0,0,0,0,0,0,0,0,0,0,31.0,12.48594258626302,1.0,0.0,0.018274381756782532,0.04999999701976776,0.0,0.0,0.0,0.24892562627792358,map_a,map_a_open,RULESET_V3_M1_OWN_FLAG_HOME,73b77ac3a0efb2c33a4498544c96bb702a656cbbfe17af18ec859c6d6b4c2142,True
1526,sappo_pi_A_specialist_1p5M_seed7100001,48532,1357696,662,120,,OP3,OPPONENT_POOL,train,map_a_open,-1,0,SCRIPTED:OP6,5,1,2,0,2,240,0.5199999809265137,0,1,0,95,0,0,0,0,0,0,0,0,0,0,0,0,0,0,0,0,33.0,7.09231211344401,1.0,0.0,0.017651796340942383,0.04999999701976776,0.0,0.0,-0.004000000189989805,0.24795085191726685,map_a,map_a_open,RULESET_V3_M1_OWN_FLAG_HOME,73b77ac3a0efb2c33a4498544c96bb702a656cbbfe17af18ec859c6d6b4c2142,True
1527,sappo_pi_A_specialist_1p5M_seed7100001,48532,1357744,662,123,,OP3,OPPONENT_POOL,train,map_a_open,-1,0,SCRIPTED:OP6,5,1,2,0,2,240,0.5999999642372131,0,1,0,18,0,0,0,0,0,0,0,0,0,0,0,0,0,0,0,0,45.0,11.446715291341146,1.0,0.0,-0.014969736337661743,0.049999747425317764,0.0,0.0,-0.004000000189989805,0.2460363656282425,map_a,map_a_open,RULESET_V3_M1_OWN_FLAG_HOME,73b77ac3a0efb2c33a4498544c96bb702a656cbbfe17af18ec859c6d6b4c2142,True
1528,sappo_pi_A_specialist_1p5M_seed7100001,48532,1357776,662,125,,OP3,OPPONENT_POOL,train,map_a_open,-1,0,SCRIPTED:OP6,5,0,0,0,0,240,0.4399999976158142,1,0,0,14,0,0,0,0,0,0,0,0,0,0,0,0,0,0,0,0,,12.913662719726563,-0.5,0.0,0.0019070953130722046,0.04999999701976776,0.0,0.0,-0.004000000189989805,-0.12214291095733643,map_a,map_a_open,RULESET_V3_M1_OWN_FLAG_HOME,73b77ac3a0efb2c33a4498544c96bb702a656cbbfe17af18ec859c6d6b4c2142,True
1529,sappo_pi_A_specialist_1p5M_seed7100001,48532,1358032,663,13,,OP3,OPPONENT_POOL,train,map_a_open,-1,0,SCRIPTED:OP6,5,1,2,0,2,240,0.5199999809265137,1,0,0,25,0,0,0,0,0,0,0,0,0,0,0,0,0,0,0,0,45.0,10.989402262369792,1.0,0.0,0.005859196186065674,0.04999999701976776,0.0,0.0,-0.004000000189989805,0.2472589910030365,map_a,map_a_open,RULESET_V3_M1_OWN_FLAG_HOME,73b77ac3a0efb2c33a4498544c96bb702a656cbbfe17af18ec859c6d6b4c2142,True
1530,sappo_pi_A_specialist_1p5M_seed7100001,48532,1358096,663,17,,OP3,OPPONENT_POOL,train,map_a_open,-1,0,SCRIPTED:OP6,5,1,1,0,1,240,0.5199999809265137,0,1,0,49,0,0,0,0,0,0,0,0,0,0,0,0,0,0,0,0,61.0,10.641409301757813,1.0,0.0,-0.013822495937347412,0.04999999701976776,0.0,0.0,-0.004000000189989805,0.24610373377799988,map_a,map_a_open,RULESET_V3_M1_OWN_FLAG_HOME,73b77ac3a0efb2c33a4498544c96bb702a656cbbfe17af18ec859c6d6b4c2142,True
1531,sappo_pi_A_specialist_1p5M_seed7100001,48532,1358176,663,22,,OP3,OPPONENT_POOL,train,map_a_open,-1,0,SCRIPTED:OP6,5,0,0,0,0,240,0.6399999856948853,1,0,0,6,0,0,0,0,0,0,0,0,0,0,0,0,0,0,0,0,,13.05023905436198,-0.5,0.0,-0.006361097097396851,0.04999999701976776,0.0,0.0,-0.004000000189989805,-0.12265192717313766,map_a,map_a_open,RULESET_V3_M1_OWN_FLAG_HOME,73b77ac3a0efb2c33a4498544c96bb702a656cbbfe17af18ec859c6d6b4c2142,True
1532,sappo_pi_A_specialist_1p5M_seed7100001,48532,1358656,663,52,,OP3,OPPONENT_POOL,train,map_a_open,-1,0,SCRIPTED:OP6,5,0,0,0,0,240,0.6399999856948853,1,0,0,23,0,0,0,0,0,0,0,0,0,0,0,0,0,0,0,0,,12.05439453125,-0.5,0.0,0.013103514909744263,0.04999999701976776,0.0,0.0,-0.004000000189989805,-0.12145350873470306,map_a,map_a_open,RULESET_V3_M1_OWN_FLAG_HOME,73b77ac3a0efb2c33a4498544c96bb702a656cbbfe17af18ec859c6d6b4c2142,True
1533,sappo_pi_A_specialist_1p5M_seed7100001,48532,1358768,663,59,,OP3,OPPONENT_POOL,train,map_a_open,-1,0,SCRIPTED:OP6,5,1,2,0,2,240,0.3999999761581421,1,0,0,101,0,0,0,0,0,0,0,0,0,0,0,0,0,0,0,0,32.0,6.395326741536459,1.0,0.0,-0.006724357604980469,0.04999999701976776,0.0,0.0,-0.004000000189989805,0.24652044475078583,map_a,map_a_open,RULESET_V3_M1_OWN_FLAG_HOME,73b77ac3a0efb2c33a4498544c96bb702a656cbbfe17af18ec859c6d6b4c2142,True
1534,sappo_pi_A_specialist_1p5M_seed7100001,48532,1359168,663,84,,OP3,OPPONENT_POOL,train,map_a_open,-1,0,SCRIPTED:OP6,5,1,2,0,2,240,0.6399999856948853,0,1,0,65,0,0,0,0,0,0,0,0,0,0,0,0,0,0,0,0,52.0,8.658747355143229,1.0,0.0,0.005261898040771484,0.04999999701976776,0.0,0.0,0.0,0.24816259741783142,map_a,map_a_open,RULESET_V3_M1_OWN_FLAG_HOME,73b77ac3a0efb2c33a4498544c96bb702a656cbbfe17af18ec859c6d6b4c2142,True
1535,sappo_pi_A_specialist_1p5M_seed7100001,48532,1359360,663,96,,OP3,OPPONENT_POOL,train,map_a_open,-1,0,SCRIPTED:OP6,5,1,1,0,1,240,0.4399999976158142,1,0,0,58,0,0,0,0,0,0,0,0,0,0,0,0,0,0,0,0,45.0,10.673828125,1.0,0.0,0.0021325647830963135,0.04999999701976776,0.0,0.0,-0.004000000189989805,0.2470402866601944,map_a,map_a_open,RULESET_V3_M1_OWN_FLAG_HOME,73b77ac3a0efb2c33a4498544c96bb702a656cbbfe17af18ec859c6d6b4c2142,True
1536,sappo_pi_A_specialist_1p5M_seed7100001,48532,1360384,664,32,,OP3,OPPONENT_POOL,train,map_a_open,-1,0,SCRIPTED:OP6,5,0,0,0,0,240,0.5600000023841858,1,0,0,28,0,0,0,0,0,0,0,0,0,0,0,0,0,0,0,0,,12.172989908854166,-0.5,0.0,-0.02612963318824768,0.04999999701976776,0.0,0.0,0.0,-0.12288390845060349,map_a,map_a_open,RULESET_V3_M1_OWN_FLAG_HOME,73b77ac3a0efb2c33a4498544c96bb702a656cbbfe17af18ec859c6d6b4c2142,True
1537,sappo_pi_A_specialist_1p5M_seed7100001,48532,1360384,664,32,,OP3,OPPONENT_POOL,train,map_a_open,-1,0,SCRIPTED:OP6,5,1,2,0,2,240,0.4399999976158142,1,0,0,148,0,0,0,0,0,0,0,0,0,0,0,0,0,0,0,0,193.0,3.982660166422526,1.0,-0.10000000149011612,-0.02036479115486145,0.02499999850988388,0.0,0.0,-0.004000000189989805,0.2206028252840042,map_a,map_a_open,RULESET_V3_M1_OWN_FLAG_HOME,73b77ac3a0efb2c33a4498544c96bb702a656cbbfe17af18ec859c6d6b4c2142,True
1538,sappo_pi_A_specialist_1p5M_seed7100001,48532,1361024,664,72,,OP3,OPPONENT_POOL,train,map_a_open,-1,0,SCRIPTED:OP6,5,1,1,0,1,240,0.5199999809265137,1,0,0,46,0,0,0,0,0,0,0,0,0,0,0,0,0,0,0,0,47.0,10.195728556315105,1.0,0.0,0.020831197500228882,0.04999999701976776,0.0,0.0,0.0,0.2490755170583725,map_a,map_a_open,RULESET_V3_M1_OWN_FLAG_HOME,73b77ac3a0efb2c33a4498544c96bb702a656cbbfe17af18ec859c6d6b4c2142,True
1539,sappo_pi_A_specialist_1p5M_seed7100001,48532,1361040,664,73,,OP3,OPPONENT_POOL,train,map_a_open,-1,0,SCRIPTED:OP6,5,0,0,0,0,240,0.3199999928474426,1,0,0,13,0,0,0,0,0,0,0,0,0,0,0,0,0,0,0,0,,13.187368774414063,-0.5,0.0,0.007729664444923401,0.04999999701976776,0.0,0.0,-0.004000000189989805,-0.12178440392017365,map_a,map_a_open,RULESET_V3_M1_OWN_FLAG_HOME,73b77ac3a0efb2c33a4498544c96bb702a656cbbfe17af18ec859c6d6b4c2142,True
1540,sappo_pi_A_specialist_1p5M_seed7100001,48532,1361056,664,74,,OP3,OPPONENT_POOL,train,map_a_open,-1,0,SCRIPTED:OP6,5,0,0,0,0,240,0.5199999809265137,0,1,0,19,0,0,0,0,0,0,0,0,0,0,0,0,0,0,0,0,,12.710915120442708,-0.5,0.0,0.0023276209831237793,0.04999999701976776,0.0,0.0,0.0,-0.12113180756568909,map_a,map_a_open,RULESET_V3_M1_OWN_FLAG_HOME,73b77ac3a0efb2c33a4498544c96bb702a656cbbfe17af18ec859c6d6b4c2142,True
1541,sappo_pi_A_specialist_1p5M_seed7100001,48532,1361072,664,75,,OP3,OPPONENT_POOL,train,map_a_open,-1,0,SCRIPTED:OP6,5,1,3,0,3,181,0.3999999761581421,1,0,0,95,0,0,0,0,0,0,0,0,0,0,0,0,0,0,0,0,44.0,3.8995270281206835,1.0,0.5,-0.010228544473648071,0.0,1.0,100.0,0.0,0.5541568994522095,map_a,map_a_open,RULESET_V3_M1_OWN_FLAG_HOME,73b77ac3a0efb2c33a4498544c96bb702a656cbbfe17af18ec859c6d6b4c2142,True
1542,sappo_pi_A_specialist_1p5M_seed7100001,48532,1361440,664,98,,OP3,OPPONENT_POOL,train,map_a_open,-1,0,SCRIPTED:OP6,5,0,0,0,0,240,0.3999999761581421,1,0,0,31,0,0,0,0,0,0,0,0,0,0,0,0,0,0,0,0,,11.086088053385417,-0.5,0.0,0.0020538270473480225,0.04999999701976776,0.0,0.0,-0.004000000189989805,-0.12213387340307236,map_a,map_a_open,RULESET_V3_M1_OWN_FLAG_HOME,73b77ac3a0efb2c33a4498544c96bb702a656cbbfe17af18ec859c6d6b4c2142,True
1543,sappo_pi_A_specialist_1p5M_seed7100001,48532,1361536,664,104,,OP3,OPPONENT_POOL,train,map_a_open,-1,0,SCRIPTED:OP6,5,0,0,0,0,240,0.5999999642372131,0,1,0,28,0,0,0,0,0,0,0,0,0,0,0,0,0,0,0,0,,11.490990193684896,-0.5,0.0,-0.014641061425209045,0.020624998956918716,0.0,0.0,-0.004000000189989805,-0.12496928870677948,map_a,map_a_open,RULESET_V3_M1_OWN_FLAG_HOME,73b77ac3a0efb2c33a4498544c96bb702a656cbbfe17af18ec859c6d6b4c2142,True
1544,sappo_pi_A_specialist_1p5M_seed7100001,48532,1361584,664,107,,OP3,OPPONENT_POOL,train,map_a_open,-1,0,SCRIPTED:OP6,5,0,0,0,0,240,0.5600000023841858,1,0,0,19,0,0,0,0,0,0,0,0,0,0,0,0,0,0,0,0,,12.720880126953125,-0.5,0.0,-0.002601519227027893,0.04999999701976776,0.0,0.0,0.0,-0.12143535166978836,map_a,map_a_open,RULESET_V3_M1_OWN_FLAG_HOME,73b77ac3a0efb2c33a4498544c96bb702a656cbbfe17af18ec859c6d6b4c2142,True
1545,sappo_pi_A_specialist_1p5M_seed7100001,48532,1361616,664,109,,OP3,OPPONENT_POOL,train,map_a_open,-1,0,SCRIPTED:OP6,5,1,2,1,1,240,0.4399999976158142,0,4,0,141,0,0,0,0,0,0,0,0,0,0,0,0,0,0,0,0,56.0,4.548444620768229,1.0,0.0,-0.01128166913986206,0.0,0.0,0.0,-0.004000000189989805,0.24331516027450562,map_a,map_a_open,RULESET_V3_M1_OWN_FLAG_HOME,73b77ac3a0efb2c33a4498544c96bb702a656cbbfe17af18ec859c6d6b4c2142,True
1546,sappo_pi_A_specialist_1p5M_seed7100001,48532,1361872,664,125,,OP3,OPPONENT_POOL,train,map_a_open,-1,0,SCRIPTED:OP6,5,0,0,0,0,240,0.5199999809265137,1,0,0,14,0,0,0,0,0,0,0,0,0,0,0,0,0,0,0,0,,12.67210184733073,-0.5,0.0,0.0058253854513168335,0.04999999701976776,0.0,0.0,-0.004000000189989805,-0.12190166115760803,map_a,map_a_open,RULESET_V3_M1_OWN_FLAG_HOME,73b77ac3a0efb2c33a4498544c96bb702a656cbbfe17af18ec859c6d6b4c2142,True
1547,sappo_pi_A_specialist_1p5M_seed7100001,48532,1361936,665,1,,OP3,OPPONENT_POOL,train,map_a_open,-1,0,SCRIPTED:OP6,5,0,0,0,0,240,0.4399999976158142,1,0,0,8,0,0,0,0,0,0,0,0,0,0,0,0,0,0,0,0,,13.209476725260417,-0.5,0.0,0.0013635754585266113,0.049999989569187164,0.0,0.0,0.0,-0.12119117379188538,map_a,map_a_open,RULESET_V3_M1_OWN_FLAG_HOME,73b77ac3a0efb2c33a4498544c96bb702a656cbbfe17af18ec859c6d6b4c2142,True
1548,sappo_pi_A_specialist_1p5M_seed7100001,48532,1362496,665,36,,OP3,OPPONENT_POOL,train,map_a_open,-1,0,SCRIPTED:OP6,5,1,1,0,1,240,0.5199999809265137,1,0,0,28,0,0,0,0,0,0,0,0,0,0,0,0,0,0,0,0,53.0,11.669733683268229,1.0,0.0,-0.007134467363357544,0.04999999701976776,0.0,0.0,-0.004000000189989805,0.24649637937545776,map_a,map_a_open,RULESET_V3_M1_OWN_FLAG_HOME,73b77ac3a0efb2c33a4498544c96bb702a656cbbfe17af18ec859c6d6b4c2142,True
1549,sappo_pi_A_specialist_1p5M_seed7100001,48532,1362608,665,43,,OP3,OPPONENT_POOL,train,map_a_open,-1,0,SCRIPTED:OP6,5,0,0,0,0,240,0.4399999976158142,1,0,0,70,0,0,0,0,0,0,0,0,0,0,0,0,0,0,0,0,,7.842054239908854,-0.5,0.0,-0.001134619116783142,0.04999999701976776,0.0,0.0,0.0,-0.12134502083063126,map_a,map_a_open,RULESET_V3_M1_OWN_FLAG_HOME,73b77ac3a0efb2c33a4498544c96bb702a656cbbfe17af18ec859c6d6b4c2142,True
1550,sappo_pi_A_specialist_1p5M_seed7100001,48532,1363008,665,68,,OP3,OPPONENT_POOL,train,map_a_open,-1,0,SCRIPTED:OP6,5,0,0,0,0,240,0.4399999976158142,1,0,0,52,0,0,0,0,0,0,0,0,0,0,0,0,0,0,0,0,,10.456731160481771,-0.5,0.0,-0.009432166814804077,0.04999999701976776,0.0,0.0,0.0,-0.12185594439506531,map_a,map_a_open,RULESET_V3_M1_OWN_FLAG_HOME,73b77ac3a0efb2c33a4498544c96bb702a656cbbfe17af18ec859c6d6b4c2142,True
1551,sappo_pi_A_specialist_1p5M_seed7100001,48532,1363200,665,80,,OP3,OPPONENT_POOL,train,map_a_open,-1,0,SCRIPTED:OP6,5,0,0,0,0,240,0.3999999761581421,1,0,0,10,0,0,0,0,0,0,0,0,0,0,0,0,0,0,0,0,,12.99012959798177,-0.5,0.0,-0.004667609930038452,0.04999999701976776,0.0,0.0,0.0,-0.12156257033348083,map_a,map_a_open,RULESET_V3_M1_OWN_FLAG_HOME,73b77ac3a0efb2c33a4498544c96bb702a656cbbfe17af18ec859c6d6b4c2142,True
1552,sappo_pi_A_specialist_1p5M_seed7100001,48532,1363248,665,83,,OP3,OPPONENT_POOL,train,map_a_open,-1,0,SCRIPTED:OP6,5,1,3,0,3,107,0.5600000023841858,1,0,0,64,0,0,0,0,0,0,0,0,0,0,0,0,0,0,0,0,31.0,3.8003993524569215,1.0,0.5,-0.009952500462532043,0.0,1.0,100.0,-0.00800000037997961,0.5527815818786621,map_a,map_a_open,RULESET_V3_M1_OWN_FLAG_HOME,73b77ac3a0efb2c33a4498544c96bb702a656cbbfe17af18ec859c6d6b4c2142,True
1553,sappo_pi_A_specialist_1p5M_seed7100001,48532,1363888,665,123,,OP3,OPPONENT_POOL,train,map_a_open,-1,0,SCRIPTED:OP6,5,1,3,1,2,176,0.5199999809265137,0,2,0,61,0,0,0,0,0,0,0,0,0,0,0,0,0,0,0,0,78.0,5.406094290993431,1.0,0.5,-0.008606404066085815,0.0,1.0,100.0,0.0,0.5542272329330444,map_a,map_a_open,RULESET_V3_M1_OWN_FLAG_HOME,73b77ac3a0efb2c33a4498544c96bb702a656cbbfe17af18ec859c6d6b4c2142,True
1554,sappo_pi_A_specialist_1p5M_seed7100001,48532,1364224,666,16,,OP3,OPPONENT_POOL,train,map_a_open,-1,0,SCRIPTED:OP6,5,1,2,1,1,240,0.5199999809265137,0,2,0,52,0,0,0,0,0,0,0,0,0,0,0,0,0,0,0,0,46.0,8.98778076171875,1.0,0.0,-0.009127259254455566,0.04999999701976776,0.0,0.0,0.0,0.24731844663619995,map_a,map_a_open,RULESET_V3_M1_OWN_FLAG_HOME,73b77ac3a0efb2c33a4498544c96bb702a656cbbfe17af18ec859c6d6b4c2142,True
1555,sappo_pi_A_specialist_1p5M_seed7100001,48532,1364224,666,16,,OP3,OPPONENT_POOL,train,map_a_open,-1,0,SCRIPTED:OP6,5,1,1,0,1,240,0.5999999642372131,1,0,0,25,0,0,0,0,0,0,0,0,0,0,0,0,0,0,0,0,28.0,11.707449340820313,1.0,0.0,-0.0076825618743896484,0.04999999701976776,0.0,0.0,0.0,0.24740321934223175,map_a,map_a_open,RULESET_V3_M1_OWN_FLAG_HOME,73b77ac3a0efb2c33a4498544c96bb702a656cbbfe17af18ec859c6d6b4c2142,True
1556,sappo_pi_A_specialist_1p5M_seed7100001,48532,1364864,666,56,,OP3,OPPONENT_POOL,train,map_a_open,-1,0,SCRIPTED:OP6,5,0,0,0,0,240,0.5199999809265137,0,1,0,7,0,0,0,0,0,0,0,0,0,0,0,0,0,0,0,0,,13.075149536132812,-0.5,0.0,-0.008799850940704346,0.04999999701976776,0.0,0.0,0.0,-0.12181700766086578,map_a,map_a_open,RULESET_V3_M1_OWN_FLAG_HOME,73b77ac3a0efb2c33a4498544c96bb702a656cbbfe17af18ec859c6d6b4c2142,True
1557,sappo_pi_A_specialist_1p5M_seed7100001,48532,1364880,666,57,,OP3,OPPONENT_POOL,train,map_a_open,-1,0,SCRIPTED:OP6,5,0,0,0,0,240,0.47999998927116394,0,3,0,80,0,0,0,0,0,0,0,0,0,0,0,0,0,0,0,0,,10.320596313476562,-0.5,0.0,-0.01923540234565735,0.04999999701976776,0.0,0.0,0.0,-0.12245950102806091,map_a,map_a_open,RULESET_V3_M1_OWN_FLAG_HOME,73b77ac3a0efb2c33a4498544c96bb702a656cbbfe17af18ec859c6d6b4c2142,True
1558,sappo_pi_A_specialist_1p5M_seed7100001,48532,1364896,666,58,,OP3,OPPONENT_POOL,train,map_a_open,-1,0,SCRIPTED:OP6,5,0,0,0,0,240,0.7199999690055847,1,0,0,13,0,0,0,0,0,0,0,0,0,0,0,0,0,0,0,0,,12.571663411458333,-0.5,0.0,-0.00983402132987976,0.04999999701976776,0.0,0.0,-0.004000000189989805,-0.1228657141327858,map_a,map_a_open,RULESET_V3_M1_OWN_FLAG_HOME,73b77ac3a0efb2c33a4498544c96bb702a656cbbfe17af18ec859c6d6b4c2142,True
1559,sappo_pi_A_specialist_1p5M_seed7100001,48532,1365280,666,82,,OP3,OPPONENT_POOL,train,map_a_open,-1,0,SCRIPTED:OP6,5,1,1,0,1,240,0.47999998927116394,0,1,0,13,0,0,0,0,0,0,0,0,0,0,0,0,0,0,0,0,46.0,12.029945882161458,1.0,0.0,-0.019561514258384705,0.04999999701976776,0.0,0.0,0.0,0.24670609831809998,map_a,map_a_open,RULESET_V3_M1_OWN_FLAG_HOME,73b77ac3a0efb2c33a4498544c96bb702a656cbbfe17af18ec859c6d6b4c2142,True
1560,sappo_pi_A_specialist_1p5M_seed7100001,48532,1365424,666,91,,OP3,OPPONENT_POOL,train,map_a_open,-1,0,SCRIPTED:OP6,5,0,0,0,0,240,0.4399999976158142,1,0,0,43,0,0,0,0,0,0,0,0,0,0,0,0,0,0,0,0,,11.351080322265625,-0.5,0.0,-0.010015249252319336,0.04999999701976776,0.0,0.0,0.0,-0.12189184874296188,map_a,map_a_open,RULESET_V3_M1_OWN_FLAG_HOME,73b77ac3a0efb2c33a4498544c96bb702a656cbbfe17af18ec859c6d6b4c2142,True
1561,sappo_pi_A_specialist_1p5M_seed7100001,48532,1365456,666,93,,OP3,OPPONENT_POOL,train,map_a_open,-1,0,SCRIPTED:OP6,5,1,1,0,1,240,0.47999998927116394,1,0,0,42,0,0,0,0,0,0,0,0,0,0,0,0,0,0,0,0,49.0,11.502310180664063,1.0,0.0,0.0009114891290664673,0.04999999701976776,0.0,0.0,-0.004000000189989805,0.24696864187717438,map_a,map_a_open,RULESET_V3_M1_OWN_FLAG_HOME,73b77ac3a0efb2c33a4498544c96bb702a656cbbfe17af18ec859c6d6b4c2142,True
1562,sappo_pi_A_specialist_1p5M_seed7100001,48532,1365712,666,109,,OP3,OPPONENT_POOL,train,map_a_open,-1,0,SCRIPTED:OP6,5,0,0,0,0,240,0.5199999809265137,1,0,0,10,0,0,0,0,0,0,0,0,0,0,0,0,0,0,0,0,,12.719774373372395,-0.5,0.0,-0.015307381749153137,0.04999999701976776,0.0,0.0,0.0,-0.12221767753362656,map_a,map_a_open,RULESET_V3_M1_OWN_FLAG_HOME,73b77ac3a0efb2c33a4498544c96bb702a656cbbfe17af18ec859c6d6b4c2142,True
1563,sappo_pi_A_specialist_1p5M_seed7100001,48532,1365776,666,113,,OP3,OPPONENT_POOL,train,map_a_open,-1,0,SCRIPTED:OP6,5,1,1,0,1,240,0.5199999809265137,0,2,0,72,0,0,0,0,0,0,0,0,0,0,0,0,0,0,0,0,99.0,8.71849873860677,1.0,0.0,0.009038880467414856,0.04999999701976776,0.0,0.0,0.0,0.24838410317897797,map_a,map_a_open,RULESET_V3_M1_OWN_FLAG_HOME,73b77ac3a0efb2c33a4498544c96bb702a656cbbfe17af18ec859c6d6b4c2142,True
1564,sappo_pi_A_specialist_1p5M_seed7100001,48532,1366336,667,20,,OP3,OPPONENT_POOL,train,map_a_open,-1,0,SCRIPTED:OP6,5,0,0,0,0,240,0.3999999761581421,1,0,0,26,0,0,0,0,0,0,0,0,0,0,0,0,0,0,0,0,,11.781587727864583,-0.5,0.0,0.014051377773284912,0.04999999701976776,0.0,0.0,0.0,-0.12040975689888,map_a,map_a_open,RULESET_V3_M1_OWN_FLAG_HOME,73b77ac3a0efb2c33a4498544c96bb702a656cbbfe17af18ec859c6d6b4c2142,True
1565,sappo_pi_A_specialist_1p5M_seed7100001,48532,1366448,667,27,,OP3,OPPONENT_POOL,train,map_a_open,-1,0,SCRIPTED:OP6,5,0,0,0,0,240,0.5199999809265137,0,1,0,19,0,0,0,0,0,0,0,0,0,0,0,0,0,0,0,0,,12.246945190429688,-0.5,0.0,0.01116122305393219,0.04999999701976776,0.0,0.0,0.0,-0.12058776617050171,map_a,map_a_open,RULESET_V3_M1_OWN_FLAG_HOME,73b77ac3a0efb2c33a4498544c96bb702a656cbbfe17af18ec859c6d6b4c2142,True
1566,sappo_pi_A_specialist_1p5M_seed7100001,48532,1366848,667,52,,OP3,OPPONENT_POOL,train,map_a_open,-1,0,SCRIPTED:OP6,5,1,2,0,2,240,0.6800000071525574,1,0,0,50,0,0,0,0,0,0,0,0,0,0,0,0,0,0,0,0,42.0,9.745660400390625,1.0,0.0,0.019282087683677673,0.04999999701976776,0.0,0.0,0.0,0.248984694480896,map_a,map_a_open,RULESET_V3_M1_OWN_FLAG_HOME,73b77ac3a0efb2c33a4498544c96bb702a656cbbfe17af18ec859c6d6b4c2142,True
1567,sappo_pi_A_specialist_1p5M_seed7100001,48532,1367040,667,64,,OP3,OPPONENT_POOL,train,map_a_open,-1,0,SCRIPTED:OP6,5,1,1,0,1,240,0.47999998927116394,1,0,0,16,0,0,0,0,0,0,0,0,0,0,0,0,0,0,0,0,47.0,12.161306762695313,1.0,0.0,0.0069620609283447266,0.04999999701976776,0.0,0.0,-0.004000000189989805,0.24732370674610138,map_a,map_a_open,RULESET_V3_M1_OWN_FLAG_HOME,73b77ac3a0efb2c33a4498544c96bb702a656cbbfe17af18ec859c6d6b4c2142,True
1568,sappo_pi_A_specialist_1p5M_seed7100001,48532,1367088,667,67,,OP3,OPPONENT_POOL,train,map_a_open,-1,0,SCRIPTED:OP6,5,0,0,0,0,240,0.35999998450279236,1,0,0,18,0,0,0,0,0,0,0,0,0,0,0,0,0,0,0,0,,12.04627685546875,-0.5,0.0,-0.01645924150943756,0.04999999701976776,0.0,0.0,0.0,-0.12228859215974808,map_a,map_a_open,RULESET_V3_M1_OWN_FLAG_HOME,73b77ac3a0efb2c33a4498544c96bb702a656cbbfe17af18ec859c6d6b4c2142,True
1569,sappo_pi_A_specialist_1p5M_seed7100001,48532,1367728,667,107,,OP3,OPPONENT_POOL,train,map_a_open,-1,0,SCRIPTED:OP6,5,1,1,0,1,240,0.3999999761581421,1,0,0,22,0,0,0,0,0,0,0,0,0,0,0,0,0,0,0,0,34.0,10.978729248046875,1.0,0.0,-0.0012889951467514038,0.04999999701976776,0.0,0.0,-0.004000000189989805,0.2468394935131073,map_a,map_a_open,RULESET_V3_M1_OWN_FLAG_HOME,73b77ac3a0efb2c33a4498544c96bb702a656cbbfe17af18ec859c6d6b4c2142,True
1570,sappo_pi_A_specialist_1p5M_seed7100001,48532,1368064,667,128,,OP3,OPPONENT_POOL,train,map_a_open,-1,0,SCRIPTED:OP6,5,1,2,1,1,240,0.6800000071525574,0,1,0,148,0,0,0,0,0,0,0,0,0,0,0,0,0,0,0,0,105.0,5.74160410563151,1.0,0.0,0.008249714970588684,0.04999999701976776,0.0,0.0,-0.004000000189989805,0.2473992556333542,map_a,map_a_open,RULESET_V3_M1_OWN_FLAG_HOME,73b77ac3a0efb2c33a4498544c96bb702a656cbbfe17af18ec859c6d6b4c2142,True
1571,sappo_pi_A_specialist_1p5M_seed7100001,48532,1368064,667,128,,OP3,OPPONENT_POOL,train,map_a_open,-1,0,SCRIPTED:OP6,5,1,1,0,1,240,0.5600000023841858,1,0,0,38,0,0,0,0,0,0,0,0,0,0,0,0,0,0,0,0,57.0,9.936744181315104,1.0,0.0,0.00022366642951965332,0.04999999701976776,0.0,0.0,-0.00800000037997961,0.24598902463912964,map_a,map_a_open,RULESET_V3_M1_OWN_FLAG_HOME,73b77ac3a0efb2c33a4498544c96bb702a656cbbfe17af18ec859c6d6b4c2142,True
1572,sappo_pi_A_specialist_1p5M_seed7100001,48532,1368704,668,40,,OP3,OPPONENT_POOL,train,map_a_open,-1,0,SCRIPTED:OP6,5,0,1,1,0,240,0.5199999809265137,0,4,0,108,0,0,0,0,0,0,0,0,0,0,0,0,0,0,0,0,79.0,7.954092407226563,-0.5,0.0,0.009039908647537231,0.04999999701976776,0.0,0.0,-0.004000000189989805,-0.12170372903347015,map_a,map_a_open,RULESET_V3_M1_OWN_FLAG_HOME,73b77ac3a0efb2c33a4498544c96bb702a656cbbfe17af18ec859c6d6b4c2142,True
1573,sappo_pi_A_specialist_1p5M_seed7100001,48532,1368720,668,41,,OP3,OPPONENT_POOL,train,map_a_open,-1,0,SCRIPTED:OP6,5,1,2,0,2,240,0.5600000023841858,1,0,0,63,0,0,0,0,0,0,0,0,0,0,0,0,0,0,0,0,36.0,6.301779174804688,1.0,0.0,-0.002074316143989563,0.04999999701976776,0.0,0.0,0.0,0.2477322518825531,map_a,map_a_open,RULESET_V3_M1_OWN_FLAG_HOME,73b77ac3a0efb2c33a4498544c96bb702a656cbbfe17af18ec859c6d6b4c2142,True
1574,sappo_pi_A_specialist_1p5M_seed7100001,48532,1368736,668,42,,OP3,OPPONENT_POOL,train,map_a_open,-1,0,SCRIPTED:OP6,5,0,0,0,0,240,0.3999999761581421,1,0,0,30,0,0,0,0,0,0,0,0,0,0,0,0,0,0,0,0,,11.541947428385416,-0.5,0.0,-0.007745981216430664,0.04997609928250313,0.0,0.0,-0.004000000189989805,-0.12273865193128586,map_a,map_a_open,RULESET_V3_M1_OWN_FLAG_HOME,73b77ac3a0efb2c33a4498544c96bb702a656cbbfe17af18ec859c6d6b4c2142,True
1575,sappo_pi_A_specialist_1p5M_seed7100001,48532,1369120,668,66,,OP3,OPPONENT_POOL,train,map_a_open,-1,0,SCRIPTED:OP6,5,1,2,0,2,240,0.4399999976158142,0,1,0,34,0,0,0,0,0,0,0,0,0,0,0,0,0,0,0,0,45.0,10.747664388020834,1.0,0.0,0.00412297248840332,0.04999999701976776,0.0,0.0,-0.00800000037997961,0.24621795117855072,map_a,map_a_open,RULESET_V3_M1_OWN_FLAG_HOME,73b77ac3a0efb2c33a4498544c96bb702a656cbbfe17af18ec859c6d6b4c2142,True
1576,sappo_pi_A_specialist_1p5M_seed7100001,48532,1369264,668,75,,OP3,OPPONENT_POOL,train,map_a_open,-1,0,SCRIPTED:OP6,5,0,0,0,0,240,0.5199999809265137,1,0,0,23,0,0,0,0,0,0,0,0,0,0,0,0,0,0,0,0,,12.065678914388021,-0.5,0.0,-0.013662323355674744,0.04999999701976776,0.0,0.0,-0.00800000037997961,-0.12408609688282013,map_a,map_a_open,RULESET_V3_M1_OWN_FLAG_HOME,73b77ac3a0efb2c33a4498544c96bb702a656cbbfe17af18ec859c6d6b4c2142,True
1577,sappo_pi_A_specialist_1p5M_seed7100001,48532,1369296,668,77,,OP3,OPPONENT_POOL,train,map_a_open,-1,0,SCRIPTED:OP6,5,1,1,0,1,240,0.47999998927116394,1,0,0,29,0,0,0,0,0,0,0,0,0,0,0,0,0,0,0,0,60.0,11.353300984700521,1.0,0.0,0.016212284564971924,0.04999019205570221,0.0,0.0,0.0,0.24880416691303253,map_a,map_a_open,RULESET_V3_M1_OWN_FLAG_HOME,73b77ac3a0efb2c33a4498544c96bb702a656cbbfe17af18ec859c6d6b4c2142,True
1578,sappo_pi_A_specialist_1p5M_seed7100001,48532,1369552,668,93,,OP3,OPPONENT_POOL,train,map_a_open,-1,0,SCRIPTED:OP6,5,0,0,1,-1,240,0.5600000023841858,0,1,0,30,0,0,0,0,0,0,0,0,0,0,0,0,0,0,0,0,36.0,12.042838541666667,-1.0,0.0,0.016754597425460815,0.04999999701976776,0.0,0.0,-0.004000000189989805,-0.24193446338176727,map_a,map_a_open,RULESET_V3_M1_OWN_FLAG_HOME,73b77ac3a0efb2c33a4498544c96bb702a656cbbfe17af18ec859c6d6b4c2142,True
1579,sappo_pi_A_specialist_1p5M_seed7100001,48532,1369616,668,97,,OP3,OPPONENT_POOL,train,map_a_open,-1,0,SCRIPTED:OP6,5,1,2,0,2,240,0.3999999761581421,0,3,0,84,0,0,0,0,0,0,0,0,0,0,0,0,0,0,0,0,43.0,9.197393798828125,1.0,0.0,-0.01873353123664856,0.04999999701976776,0.0,0.0,0.0,0.2467547208070755,map_a,map_a_open,RULESET_V3_M1_OWN_FLAG_HOME,73b77ac3a0efb2c33a4498544c96bb702a656cbbfe17af18ec859c6d6b4c2142,True
1580,sappo_pi_A_specialist_1p5M_seed7100001,48532,1370176,669,4,,OP3,OPPONENT_POOL,train,map_a_open,-1,0,SCRIPTED:OP6,5,0,0,0,0,240,0.47999998927116394,1,0,0,26,0,0,0,0,0,0,0,0,0,0,0,0,0,0,0,0,,12.067577107747395,-0.5,0.0,-0.0015810132026672363,0.04999999701976776,0.0,0.0,0.0,-0.12137250602245331,map_a,map_a_open,RULESET_V3_M1_OWN_FLAG_HOME,73b77ac3a0efb2c33a4498544c96bb702a656cbbfe17af18ec859c6d6b4c2142,True
1581,sappo_pi_A_specialist_1p5M_seed7100001,48532,1370288,669,11,,OP3,OPPONENT_POOL,train,map_a_open,-1,0,SCRIPTED:OP6,5,0,0,0,0,240,0.47999998927116394,1,0,0,69,0,0,0,0,0,0,0,0,0,0,0,0,0,0,0,0,,10.760677083333333,-0.5,0.0,-0.019863441586494446,0.04999999701976776,0.0,0.0,0.0,-0.12249816209077835,map_a,map_a_open,RULESET_V3_M1_OWN_FLAG_HOME,73b77ac3a0efb2c33a4498544c96bb702a656cbbfe17af18ec859c6d6b4c2142,True
1582,sappo_pi_A_specialist_1p5M_seed7100001,48532,1370688,669,36,,OP3,OPPONENT_POOL,train,map_a_open,-1,0,SCRIPTED:OP6,5,0,0,0,0,240,0.47999998927116394,0,1,0,13,0,0,0,0,0,0,0,0,0,0,0,0,0,0,0,0,,12.763381958007812,-0.5,0.0,-0.018371641635894775,0.04999999701976776,0.0,0.0,-0.004000000189989805,-0.12339122593402863,map_a,map_a_open,RULESET_V3_M1_OWN_FLAG_HOME,73b77ac3a0efb2c33a4498544c96bb702a656cbbfe17af18ec859c6d6b4c2142,True
1583,sappo_pi_A_specialist_1p5M_seed7100001,48532,1370880,669,48,,OP3,OPPONENT_POOL,train,map_a_open,-1,0,SCRIPTED:OP6,5,1,2,0,2,240,0.5600000023841858,0,4,0,77,0,0,0,0,0,0,0,0,0,0,0,0,0,0,0,0,68.0,7.846257019042969,1.0,0.0,-0.0007795542478561401,0.04999999701976776,0.0,0.0,0.0,0.24780821800231934,map_a,map_a_open,RULESET_V3_M1_OWN_FLAG_HOME,73b77ac3a0efb2c33a4498544c96bb702a656cbbfe17af18ec859c6d6b4c2142,True
1584,sappo_pi_A_specialist_1p5M_seed7100001,48532,1370928,669,51,,OP3,OPPONENT_POOL,train,map_a_open,-1,0,SCRIPTED:OP6,5,1,2,1,1,240,0.47999998927116394,0,1,0,131,0,0,0,0,0,0,0,0,0,0,0,0,0,0,0,0,105.0,3.8278828938802083,1.0,0.0,0.01711335778236389,0.0,0.0,0.0,0.0,0.24592380225658417,map_a,map_a_open,RULESET_V3_M1_OWN_FLAG_HOME,73b77ac3a0efb2c33a4498544c96bb702a656cbbfe17af18ec859c6d6b4c2142,True
1585,sappo_pi_A_specialist_1p5M_seed7100001,48532,1371104,669,62,,OP3,OPPONENT_POOL,train,map_a_open,-1,0,SCRIPTED:OP6,5,1,3,1,2,190,0.5999999642372131,0,1,0,114,0,0,0,0,0,0,0,0,0,0,0,0,0,0,0,0,56.0,3.960331324527138,1.0,0.5,-0.010343879461288452,0.0,1.0,100.0,-0.004000000189989805,0.5534586310386658,map_a,map_a_open,RULESET_V3_M1_OWN_FLAG_HOME,73b77ac3a0efb2c33a4498544c96bb702a656cbbfe17af18ec859c6d6b4c2142,True
1586,sappo_pi_A_specialist_1p5M_seed7100001,48532,1371568,669,91,,OP3,OPPONENT_POOL,train,map_a_open,-1,0,SCRIPTED:OP6,5,0,0,0,0,240,0.4399999976158142,0,1,0,155,0,0,0,0,0,0,0,0,0,0,0,0,0,0,0,0,,3.8649386088053386,-0.5,0.0,0.014361143112182617,0.0,0.0,0.0,0.0,-0.12346921861171722,map_a,map_a_open,RULESET_V3_M1_OWN_FLAG_HOME,73b77ac3a0efb2c33a4498544c96bb702a656cbbfe17af18ec859c6d6b4c2142,True
1587,sappo_pi_A_specialist_1p5M_seed7100001,48532,1371904,669,112,,OP3,OPPONENT_POOL,train,map_a_open,-1,0,SCRIPTED:OP6,5,1,2,0,2,240,0.47999998927116394,1,0,0,47,0,0,0,0,0,0,0,0,0,0,0,0,0,0,0,0,38.0,9.155173746744792,1.0,0.0,0.001891300082206726,0.04999999701976776,0.0,0.0,-0.004000000189989805,0.24702613055706024,map_a,map_a_open,RULESET_V3_M1_OWN_FLAG_HOME,73b77ac3a0efb2c33a4498544c96bb702a656cbbfe17af18ec859c6d6b4c2142,True
1588,sappo_pi_A_specialist_1p5M_seed7100001,48532,1371936,669,114,,OP3,OPPONENT_POOL,train,map_a_open,-1,0,SCRIPTED:OP6,5,1,3,0,3,200,0.47999998927116394,1,0,0,64,0,0,0,0,0,0,0,0,0,0,0,0,0,0,0,0,111.0,5.108211669921875,1.0,0.5,-0.01019442081451416,0.0,1.0,100.0,-0.004000000189989805,0.5534651279449463,map_a,map_a_open,RULESET_V3_M1_OWN_FLAG_HOME,73b77ac3a0efb2c33a4498544c96bb702a656cbbfe17af18ec859c6d6b4c2142,True
1589,sappo_pi_A_specialist_1p5M_seed7100001,48532,1372544,670,24,,OP3,OPPONENT_POOL,train,map_a_open,-1,0,SCRIPTED:OP6,5,1,2,0,2,240,0.3999999761581421,1,0,0,42,0,0,0,0,0,0,0,0,0,0,0,0,0,0,0,0,43.0,10.152445475260416,1.0,0.0,-0.0031168311834335327,0.04999999701976776,0.0,0.0,-0.004000000189989805,0.2467322200536728,map_a,map_a_open,RULESET_V3_M1_OWN_FLAG_HOME,73b77ac3a0efb2c33a4498544c96bb702a656cbbfe17af18ec859c6d6b4c2142,True
1590,sappo_pi_A_specialist_1p5M_seed7100001,48532,1372560,670,25,,OP3,OPPONENT_POOL,train,map_a_open,-1,0,SCRIPTED:OP6,5,1,2,0,2,240,0.5199999809265137,0,3,0,90,0,0,0,0,0,0,0,0,0,0,0,0,0,0,0,0,106.0,7.047741190592448,1.0,0.0,0.01367323100566864,0.04999999701976776,0.0,0.0,0.0,0.24865584075450897,map_a,map_a_open,RULESET_V3_M1_OWN_FLAG_HOME,73b77ac3a0efb2c33a4498544c96bb702a656cbbfe17af18ec859c6d6b4c2142,True
1591,sappo_pi_A_specialist_1p5M_seed7100001,48532,1372960,670,50,,OP3,OPPONENT_POOL,train,map_a_open,-1,0,SCRIPTED:OP6,5,0,0,0,0,240,0.35999998450279236,1,0,0,15,0,0,0,0,0,0,0,0,0,0,0,0,0,0,0,0,,13.281765747070313,-0.5,0.0,-0.007552057504653931,0.04999999701976776,0.0,0.0,-0.004000000189989805,-0.1227252408862114,map_a,map_a_open,RULESET_V3_M1_OWN_FLAG_HOME,73b77ac3a0efb2c33a4498544c96bb702a656cbbfe17af18ec859c6d6b4c2142,True
1592,sappo_pi_A_specialist_1p5M_seed7100001,48532,1373104,670,59,,OP3,OPPONENT_POOL,train,map_a_open,-1,0,SCRIPTED:OP6,5,1,1,0,1,240,0.6399999856948853,0,1,0,53,0,0,0,0,0,0,0,0,0,0,0,0,0,0,0,0,60.0,10.40940653483073,1.0,0.0,-0.01291966438293457,0.04062499850988388,0.0,0.0,0.0,0.246545672416687,map_a,map_a_open,RULESET_V3_M1_OWN_FLAG_HOME,73b77ac3a0efb2c33a4498544c96bb702a656cbbfe17af18ec859c6d6b4c2142,True
1593,sappo_pi_A_specialist_1p5M_seed7100001,48532,1373136,670,61,,OP3,OPPONENT_POOL,train,map_a_open,-1,0,SCRIPTED:OP6,5,1,2,0,2,240,0.4399999976158142,1,0,0,32,0,0,0,0,0,0,0,0,0,0,0,0,0,0,0,0,58.0,9.565133666992187,1.0,0.0,-0.0010835826396942139,0.04062499850988388,0.0,0.0,-0.004000000189989805,0.24630123376846313,map_a,map_a_open,RULESET_V3_M1_OWN_FLAG_HOME,73b77ac3a0efb2c33a4498544c96bb702a656cbbfe17af18ec859c6d6b4c2142,True
1594,sappo_pi_A_specialist_1p5M_seed7100001,48532,1373392,670,77,,OP3,OPPONENT_POOL,train,map_a_open,-1,0,SCRIPTED:OP6,5,1,1,0,1,240,0.5199999809265137,1,0,0,25,0,0,0,0,0,0,0,0,0,0,0,0,0,0,0,0,28.0,11.681981404622396,1.0,0.0,0.02071160078048706,0.04999999701976776,0.0,0.0,-0.004000000189989805,0.24813029170036316,map_a,map_a_open,RULESET_V3_M1_OWN_FLAG_HOME,73b77ac3a0efb2c33a4498544c96bb702a656cbbfe17af18ec859c6d6b4c2142,True
1595,sappo_pi_A_specialist_1p5M_seed7100001,48532,1373456,670,81,,OP3,OPPONENT_POOL,train,map_a_open,-1,0,SCRIPTED:OP6,5,1,1,0,1,240,0.6399999856948853,1,0,0,55,0,0,0,0,0,0,0,0,0,0,0,0,0,0,0,0,73.0,10.640064493815105,1.0,0.0,-0.012437298893928528,0.04996197670698166,0.0,0.0,0.0,0.24712198972702026,map_a,map_a_open,RULESET_V3_M1_OWN_FLAG_HOME,73b77ac3a0efb2c33a4498544c96bb702a656cbbfe17af18ec859c6d6b4c2142,True
1596,sappo_pi_A_specialist_1p5M_seed7100001,48532,1374016,670,116,,OP3,OPPONENT_POOL,train,map_a_open,-1,0,SCRIPTED:OP6,5,0,0,0,0,240,0.35999998450279236,1,0,0,10,0,0,0,0,0,0,0,0,0,0,0,0,0,0,0,0,,12.888941446940104,-0.5,0.0,-0.0024484246969223022,0.04999999701976776,0.0,0.0,0.0,-0.12142591178417206,map_a,map_a_open,RULESET_V3_M1_OWN_FLAG_HOME,73b77ac3a0efb2c33a4498544c96bb702a656cbbfe17af18ec859c6d6b4c2142,True
1597,sappo_pi_A_specialist_1p5M_seed7100001,48532,1374128,670,123,,OP3,OPPONENT_POOL,train,map_a_open,-1,0,SCRIPTED:OP6,5,0,0,1,-1,240,0.5600000023841858,0,1,0,39,0,0,0,0,0,0,0,0,0,0,0,0,0,0,0,0,56.0,11.364553833007813,-1.0,0.0,-0.00021317601203918457,0.014999430626630783,0.0,0.0,0.0,-0.24404975771903992,map_a,map_a_open,RULESET_V3_M1_OWN_FLAG_HOME,73b77ac3a0efb2c33a4498544c96bb702a656cbbfe17af18ec859c6d6b4c2142,True
1598,sappo_pi_A_specialist_1p5M_seed7100001,48532,1374528,671,20,,OP3,OPPONENT_POOL,train,map_a_open,-1,0,SCRIPTED:OP6,5,0,0,0,0,240,0.4399999976158142,0,1,0,44,0,0,0,0,0,0,0,0,0,0,0,0,0,0,0,0,,9.935591634114584,-0.5,0.0,-0.01130513846874237,0.04999999701976776,0.0,0.0,-0.004000000189989805,-0.12295626848936081,map_a,map_a_open,RULESET_V3_M1_OWN_FLAG_HOME,73b77ac3a0efb2c33a4498544c96bb702a656cbbfe17af18ec859c6d6b4c2142,True
1599,sappo_pi_A_specialist_1p5M_seed7100001,48532,1374720,671,32,,OP3,OPPONENT_POOL,train,map_a_open,-1,0,SCRIPTED:OP6,5,0,0,0,0,240,0.47999998927116394,1,0,0,12,0,0,0,0,0,0,0,0,0,0,0,0,0,0,0,0,,12.788920084635416,-0.5,0.0,-0.0059885382652282715,0.04999999701976776,0.0,0.0,-0.004000000189989805,-0.12262899428606033,map_a,map_a_open,RULESET_V3_M1_OWN_FLAG_HOME,73b77ac3a0efb2c33a4498544c96bb702a656cbbfe17af18ec859c6d6b4c2142,True
1600,sappo_pi_A_specialist_1p5M_seed7100001,48532,1374768,671,35,,OP3,OPPONENT_POOL,train,map_a_open,-1,0,SCRIPTED:OP6,5,0,0,0,0,240,0.47999998927116394,1,0,0,8,0,0,0,0,0,0,0,0,0,0,0,0,0,0,0,0,,13.134295654296874,-0.5,0.0,-0.015238270163536072,0.04999999701976776,0.0,0.0,0.0,-0.12221342325210571,map_a,map_a_open,RULESET_V3_M1_OWN_FLAG_HOME,73b77ac3a0efb2c33a4498544c96bb702a656cbbfe17af18ec859c6d6b4c2142,True
1601,sappo_pi_A_specialist_1p5M_seed7100001,48532,1374944,671,46,,OP3,OPPONENT_POOL,train,map_a_open,-1,0,SCRIPTED:OP6,5,0,0,0,0,240,0.47999998927116394,1,0,0,17,0,0,0,0,0,0,0,0,0,0,0,0,0,0,0,0,,13.024342854817709,-0.5,0.0,0.011910349130630493,0.04999999701976776,0.0,0.0,0.0,-0.12054163217544556,map_a,map_a_open,RULESET_V3_M1_OWN_FLAG_HOME,73b77ac3a0efb2c33a4498544c96bb702a656cbbfe17af18ec859c6d6b4c2142,True
1602,sappo_pi_A_specialist_1p5M_seed7100001,48532,1375360,671,72,,OP3,OPPONENT_POOL,train,map_a_open,-1,0,SCRIPTED:OP6,5,1,3,1,2,150,0.7599999904632568,1,0,0,46,0,0,0,0,0,0,0,0,0,0,0,0,0,0,0,0,55.0,4.9820703125,1.0,0.5,-0.009140536189079285,0.0,1.0,100.0,0.0,0.5542041063308716,map_a,map_a_open,RULESET_V3_M1_OWN_FLAG_HOME,73b77ac3a0efb2c33a4498544c96bb702a656cbbfe17af18ec859c6d6b4c2142,True
1603,sappo_pi_A_specialist_1p5M_seed7100001,48532,1375408,671,75,,OP3,OPPONENT_POOL,train,map_a_open,-1,0,SCRIPTED:OP6,5,0,0,2,-2,240,0.47999998927116394,1,0,0,19,0,0,0,0,0,0,0,0,0,0,0,0,0,0,0,0,49.0,10.2005615234375,-1.0,0.0,-0.004007622599601746,0.04999997466802597,0.0,0.0,-0.004000000189989805,-0.24315576255321503,map_a,map_a_open,RULESET_V3_M1_OWN_FLAG_HOME,73b77ac3a0efb2c33a4498544c96bb702a656cbbfe17af18ec859c6d6b4c2142,True
1604,sappo_pi_A_specialist_1p5M_seed7100001,48532,1375744,671,96,,OP3,OPPONENT_POOL,train,map_a_open,-1,0,SCRIPTED:OP6,5,0,0,0,0,240,0.47999998927116394,1,0,0,11,0,0,0,0,0,0,0,0,0,0,0,0,0,0,0,0,,13.155607096354167,-0.5,0.0,0.003118962049484253,0.04999999701976776,0.0,0.0,-0.004000000189989805,-0.12206829339265823,map_a,map_a_open,RULESET_V3_M1_OWN_FLAG_HOME,73b77ac3a0efb2c33a4498544c96bb702a656cbbfe17af18ec859c6d6b4c2142,True
1605,sappo_pi_A_specialist_1p5M_seed7100001,48532,1375776,671,98,,OP3,OPPONENT_POOL,train,map_a_open,-1,0,SCRIPTED:OP6,5,1,2,0,2,240,0.47999998927116394,0,1,0,19,0,0,0,0,0,0,0,0,0,0,0,0,0,0,0,0,31.0,11.28379414876302,1.0,0.0,0.005897998809814453,0.04999999701976776,0.0,0.0,-0.004000000189989805,0.24726125597953796,map_a,map_a_open,RULESET_V3_M1_OWN_FLAG_HOME,73b77ac3a0efb2c33a4498544c96bb702a656cbbfe17af18ec859c6d6b4c2142,True
1606,sappo_pi_A_specialist_1p5M_seed7100001,48532,1376384,672,8,,OP3,OPPONENT_POOL,train,map_a_open,-1,0,SCRIPTED:OP6,5,0,0,0,0,240,0.47999998927116394,0,1,0,17,0,0,0,0,0,0,0,0,0,0,0,0,0,0,0,0,,12.081180826822917,-0.5,0.0,-0.007282629609107971,0.04999987781047821,0.0,0.0,0.0,-0.12172359973192215,map_a,map_a_open,RULESET_V3_M1_OWN_FLAG_HOME,73b77ac3a0efb2c33a4498544c96bb702a656cbbfe17af18ec859c6d6b4c2142,True
1607,sappo_pi_A_specialist_1p5M_seed7100001,48532,1376400,672,9,,OP3,OPPONENT_POOL,train,map_a_open,-1,0,SCRIPTED:OP6,5,1,2,0,2,240,0.5199999809265137,1,0,0,37,0,0,0,0,0,0,0,0,0,0,0,0,0,0,0,0,56.0,9.965699259440104,1.0,0.0,-0.0063375383615493774,0.04999999701976776,0.0,0.0,0.0,0.24748215079307556,map_a,map_a_open,RULESET_V3_M1_OWN_FLAG_HOME,73b77ac3a0efb2c33a4498544c96bb702a656cbbfe17af18ec859c6d6b4c2142,True
1608,sappo_pi_A_specialist_1p5M_seed7100001,48532,1376944,672,43,,OP3,OPPONENT_POOL,train,map_a_open,-1,0,SCRIPTED:OP6,5,1,2,0,2,240,0.5199999809265137,1,0,0,63,0,0,0,0,0,0,0,0,0,0,0,0,0,0,0,0,70.0,8.389418029785157,1.0,0.0,0.015401244163513184,0.04999999701976776,0.0,0.0,-0.004000000189989805,0.24781882762908936,map_a,map_a_open,RULESET_V3_M1_OWN_FLAG_HOME,73b77ac3a0efb2c33a4498544c96bb702a656cbbfe17af18ec859c6d6b4c2142,True
1609,sappo_pi_A_specialist_1p5M_seed7100001,48532,1376976,672,45,,OP3,OPPONENT_POOL,train,map_a_open,-1,0,SCRIPTED:OP6,5,1,1,0,1,240,0.3199999928474426,1,0,0,53,0,0,0,0,0,0,0,0,0,0,0,0,0,0,0,0,69.0,8.946036783854167,1.0,0.0,0.015922799706459045,0.04999999701976776,0.0,0.0,-0.004000000189989805,0.24784941971302032,map_a,map_a_open,RULESET_V3_M1_OWN_FLAG_HOME,73b77ac3a0efb2c33a4498544c96bb702a656cbbfe17af18ec859c6d6b4c2142,True
1610,sappo_pi_A_specialist_1p5M_seed7100001,48532,1377232,672,61,,OP3,OPPONENT_POOL,train,map_a_open,-1,0,SCRIPTED:OP6,5,0,1,1,0,240,0.5600000023841858,1,0,0,29,0,0,0,0,0,0,0,0,0,0,0,0,0,0,0,0,46.0,10.248746744791667,-0.5,0.0,-0.005072787404060364,0.04999999701976776,0.0,0.0,-0.004000000189989805,-0.12257261574268341,map_a,map_a_open,RULESET_V3_M1_OWN_FLAG_HOME,73b77ac3a0efb2c33a4498544c96bb702a656cbbfe17af18ec859c6d6b4c2142,True
1611,sappo_pi_A_specialist_1p5M_seed7100001,48532,1377296,672,65,,OP3,OPPONENT_POOL,train,map_a_open,-1,0,SCRIPTED:OP6,5,1,2,0,2,240,0.5999999642372131,1,0,0,31,0,0,0,0,0,0,0,0,0,0,0,0,0,0,0,0,58.0,9.666140747070312,1.0,0.0,-0.0024725496768951416,0.04999999701976776,0.0,0.0,-0.004000000189989805,0.24677002429962158,map_a,map_a_open,RULESET_V3_M1_OWN_FLAG_HOME,73b77ac3a0efb2c33a4498544c96bb702a656cbbfe17af18ec859c6d6b4c2142,True
1612,sappo_pi_A_specialist_1p5M_seed7100001,48532,1377856,672,100,,OP3,OPPONENT_POOL,train,map_a_open,-1,0,SCRIPTED:OP6,5,1,1,0,1,240,0.47999998927116394,1,0,0,30,0,0,0,0,0,0,0,0,0,0,0,0,0,0,0,0,47.0,11.93807373046875,1.0,0.0,0.001496046781539917,0.04062499850988388,0.0,0.0,0.0,0.2473917007446289,map_a,map_a_open,RULESET_V3_M1_OWN_FLAG_HOME,73b77ac3a0efb2c33a4498544c96bb702a656cbbfe17af18ec859c6d6b4c2142,True
1613,sappo_pi_A_specialist_1p5M_seed7100001,48532,1377968,672,107,,OP3,OPPONENT_POOL,train,map_a_open,-1,0,SCRIPTED:OP6,5,0,0,0,0,240,0.5600000023841858,1,0,0,15,0,0,0,0,0,0,0,0,0,0,0,0,0,0,0,0,,12.960952758789062,-0.5,0.0,0.008335351943969727,0.04999999701976776,0.0,0.0,0.0,-0.12076181918382645,map_a,map_a_open,RULESET_V3_M1_OWN_FLAG_HOME,73b77ac3a0efb2c33a4498544c96bb702a656cbbfe17af18ec859c6d6b4c2142,True
1614,sappo_pi_A_specialist_1p5M_seed7100001,48532,1378368,673,4,,OP3,OPPONENT_POOL,train,map_a_open,-1,0,SCRIPTED:OP6,5,0,0,0,0,240,0.6399999856948853,0,1,0,18,0,0,0,0,0,0,0,0,0,0,0,0,0,0,0,0,,12.728003946940104,-0.5,0.0,-0.0007936805486679077,0.04999999701976776,0.0,0.0,-0.004000000189989805,-0.12230918556451797,map_a,map_a_open,RULESET_V3_M1_OWN_FLAG_HOME,73b77ac3a0efb2c33a4498544c96bb702a656cbbfe17af18ec859c6d6b4c2142,True
1615,sappo_pi_A_specialist_1p5M_seed7100001,48532,1378560,673,16,,OP3,OPPONENT_POOL,train,map_a_open,-1,0,SCRIPTED:OP6,5,0,0,0,0,240,0.35999998450279236,1,0,0,13,0,0,0,0,0,0,0,0,0,0,0,0,0,0,0,0,,13.23612772623698,-0.5,0.0,-0.012981578707695007,0.04999999701976776,0.0,0.0,0.0,-0.12207448482513428,map_a,map_a_open,RULESET_V3_M1_OWN_FLAG_HOME,73b77ac3a0efb2c33a4498544c96bb702a656cbbfe17af18ec859c6d6b4c2142,True
1616,sappo_pi_A_specialist_1p5M_seed7100001,48532,1378608,673,19,,OP3,OPPONENT_POOL,train,map_a_open,-1,0,SCRIPTED:OP6,5,1,1,0,1,240,0.3999999761581421,1,0,0,88,0,0,0,0,0,0,0,0,0,0,0,0,0,0,0,0,133.0,7.202180989583334,1.0,0.0,-0.01098664104938507,0.04999999701976776,0.0,0.0,-0.004000000189989805,0.24627022445201874,map_a,map_a_open,RULESET_V3_M1_OWN_FLAG_HOME,73b77ac3a0efb2c33a4498544c96bb702a656cbbfe17af18ec859c6d6b4c2142,True
1617,sappo_pi_A_specialist_1p5M_seed7100001,48532,1378784,673,30,,OP3,OPPONENT_POOL,train,map_a_open,-1,0,SCRIPTED:OP6,5,0,0,0,0,240,0.5600000023841858,0,1,0,175,0,0,0,0,0,0,0,0,0,0,0,0,0,0,0,0,,3.1573109944661457,-0.5,0.0,-0.0013612806797027588,0.0,0.0,0.0,0.0,-0.12443677335977554,map_a,map_a_open,RULESET_V3_M1_OWN_FLAG_HOME,73b77ac3a0efb2c33a4498544c96bb702a656cbbfe17af18ec859c6d6b4c2142,True
1618,sappo_pi_A_specialist_1p5M_seed7100001,48532,1379200,673,56,,OP3,OPPONENT_POOL,train,map_a_open,-1,0,SCRIPTED:OP6,5,0,0,1,-1,240,0.3999999761581421,1,0,0,25,0,0,0,0,0,0,0,0,0,0,0,0,0,0,0,0,49.0,11.800799560546874,-1.0,0.0,-0.00399412214756012,0.029999999329447746,0.0,0.0,0.0,-0.24339017271995544,map_a,map_a_open,RULESET_V3_M1_OWN_FLAG_HOME,73b77ac3a0efb2c33a4498544c96bb702a656cbbfe17af18ec859c6d6b4c2142,True
1619,sappo_pi_A_specialist_1p5M_seed7100001,48532,1379248,673,59,,OP3,OPPONENT_POOL,train,map_a_open,-1,0,SCRIPTED:OP6,5,1,1,0,1,240,0.5199999809265137,1,0,0,25,0,0,0,0,0,0,0,0,0,0,0,0,0,0,0,0,46.0,11.888527425130208,1.0,0.0,-0.008683666586875916,0.04999999701976776,0.0,0.0,-0.004000000189989805,0.24640542268753052,map_a,map_a_open,RULESET_V3_M1_OWN_FLAG_HOME,73b77ac3a0efb2c33a4498544c96bb702a656cbbfe17af18ec859c6d6b4c2142,True
1620,sappo_pi_A_specialist_1p5M_seed7100001,48532,1379584,673,80,,OP3,OPPONENT_POOL,train,map_a_open,-1,0,SCRIPTED:OP6,5,0,1,2,-1,240,0.47999998927116394,1,0,0,75,0,0,0,0,0,0,0,0,0,0,0,0,0,0,0,0,37.0,7.622060139973958,-1.0,0.0,0.007968991994857788,0.0499882847070694,0.0,0.0,0.0,-0.24151061475276947,map_a,map_a_open,RULESET_V3_M1_OWN_FLAG_HOME,73b77ac3a0efb2c33a4498544c96bb702a656cbbfe17af18ec859c6d6b4c2142,True
1621,sappo_pi_A_specialist_1p5M_seed7100001,48532,1379616,673,82,,OP3,OPPONENT_POOL,train,map_a_open,-1,0,SCRIPTED:OP6,5,0,0,0,0,240,0.3999999761581421,1,0,0,9,0,0,0,0,0,0,0,0,0,0,0,0,0,0,0,0,,13.223193359375,-0.5,0.0,-0.004590928554534912,0.04999999701976776,0.0,0.0,0.0,-0.12155784666538239,map_a,map_a_open,RULESET_V3_M1_OWN_FLAG_HOME,73b77ac3a0efb2c33a4498544c96bb702a656cbbfe17af18ec859c6d6b4c2142,True
1622,sappo_pi_A_specialist_1p5M_seed7100001,48532,1380224,673,120,,OP3,OPPONENT_POOL,train,map_a_open,-1,0,SCRIPTED:OP6,5,0,0,0,0,240,0.5199999809265137,0,3,0,80,0,0,0,0,0,0,0,0,0,0,0,0,0,0,0,0,,10.227748616536458,-0.5,0.0,-0.017098382115364075,0.04999999701976776,0.0,0.0,0.0,-0.12232793867588043,map_a,map_a_open,RULESET_V3_M1_OWN_FLAG_HOME,73b77ac3a0efb2c33a4498544c96bb702a656cbbfe17af18ec859c6d6b4c2142,True
1623,sappo_pi_A_specialist_1p5M_seed7100001,48532,1380240,673,121,,OP3,OPPONENT_POOL,train,map_a_open,-1,0,SCRIPTED:OP6,5,0,0,0,0,240,0.4399999976158142,0,1,0,12,0,0,0,0,0,0,0,0,0,0,0,0,0,0,0,0,,12.761139933268229,-0.5,0.0,0.004300668835639954,0.04999988526105881,0.0,0.0,-0.004000000189989805,-0.12199554592370987,map_a,map_a_open,RULESET_V3_M1_OWN_FLAG_HOME,73b77ac3a0efb2c33a4498544c96bb702a656cbbfe17af18ec859c6d6b4c2142,True
1624,sappo_pi_A_specialist_1p5M_seed7100001,48532,1380784,674,27,,OP3,OPPONENT_POOL,train,map_a_open,-1,0,SCRIPTED:OP6,5,1,1,0,1,240,0.6399999856948853,1,0,0,36,0,0,0,0,0,0,0,0,0,0,0,0,0,0,0,0,89.0,9.65238545735677,1.0,0.0,0.018354475498199463,0.04999999701976776,0.0,0.0,-0.004000000189989805,0.24799203872680664,map_a,map_a_open,RULESET_V3_M1_OWN_FLAG_HOME,73b77ac3a0efb2c33a4498544c96bb702a656cbbfe17af18ec859c6d6b4c2142,True
1625,sappo_pi_A_specialist_1p5M_seed7100001,48532,1380816,674,29,,OP3,OPPONENT_POOL,train,map_a_open,-1,0,SCRIPTED:OP6,5,0,0,0,0,240,0.4399999976158142,1,0,0,7,0,0,0,0,0,0,0,0,0,0,0,0,0,0,0,0,,13.282077026367187,-0.5,0.0,-0.006912365555763245,0.04999999701976776,0.0,0.0,-0.00800000037997961,-0.12367069721221924,map_a,map_a_open,RULESET_V3_M1_OWN_FLAG_HOME,73b77ac3a0efb2c33a4498544c96bb702a656cbbfe17af18ec859c6d6b4c2142,True
1626,sappo_pi_A_specialist_1p5M_seed7100001,48532,1381072,674,45,,OP3,OPPONENT_POOL,train,map_a_open,-1,0,SCRIPTED:OP6,5,1,2,1,1,240,0.6399999856948853,1,0,0,68,0,0,0,0,0,0,0,0,0,0,0,0,0,0,0,0,70.0,8.561326090494791,1.0,0.0,-0.014330625534057617,0.04999999701976776,0.0,0.0,0.0,0.24701310694217682,map_a,map_a_open,RULESET_V3_M1_OWN_FLAG_HOME,73b77ac3a0efb2c33a4498544c96bb702a656cbbfe17af18ec859c6d6b4c2142,True
1627,sappo_pi_A_specialist_1p5M_seed7100001,48532,1381136,674,49,,OP3,OPPONENT_POOL,train,map_a_open,-1,0,SCRIPTED:OP6,5,0,0,0,0,240,0.3199999928474426,1,0,0,7,0,0,0,0,0,0,0,0,0,0,0,0,0,0,0,0,,12.691960652669271,-0.5,0.0,-0.02100212872028351,0.04999999701976776,0.0,0.0,0.0,-0.12256826460361481,map_a,map_a_open,RULESET_V3_M1_OWN_FLAG_HOME,73b77ac3a0efb2c33a4498544c96bb702a656cbbfe17af18ec859c6d6b4c2142,True
1628,sappo_pi_A_specialist_1p5M_seed7100001,48532,1381696,674,84,,OP3,OPPONENT_POOL,train,map_a_open,-1,0,SCRIPTED:OP6,5,1,1,0,1,240,0.5999999642372131,1,0,0,54,0,0,0,0,0,0,0,0,0,0,0,0,0,0,0,0,46.0,11.375775146484376,1.0,0.0,-0.00937625765800476,0.04999999701976776,0.0,0.0,-0.004000000189989805,0.2463647872209549,map_a,map_a_open,RULESET_V3_M1_OWN_FLAG_HOME,73b77ac3a0efb2c33a4498544c96bb702a656cbbfe17af18ec859c6d6b4c2142,True
1629,sappo_pi_A_specialist_1p5M_seed7100001,48532,1381808,674,91,,OP3,OPPONENT_POOL,train,map_a_open,-1,0,SCRIPTED:OP6,5,0,0,1,-1,240,0.4399999976158142,1,0,0,32,0,0,0,0,0,0,0,0,0,0,0,0,0,0,0,0,79.0,10.435007731119791,-1.0,0.0,0.004072502255439758,0.04999999701976776,0.0,0.0,0.0,-0.24173922836780548,map_a,map_a_open,RULESET_V3_M1_OWN_FLAG_HOME,73b77ac3a0efb2c33a4498544c96bb702a656cbbfe17af18ec859c6d6b4c2142,True
1630,sappo_pi_A_specialist_1p5M_seed7100001,48532,1382128,674,111,,OP3,OPPONENT_POOL,train,map_a_open,-1,0,SCRIPTED:OP6,5,1,3,0,3,180,0.5999999642372131,1,0,0,103,0,0,0,0,0,0,0,0,0,0,0,0,0,0,0,0,95.0,4.845389472113715,1.0,0.5,-0.010271921753883362,0.0,1.0,100.0,0.0,0.5541549921035767,map_a,map_a_open,RULESET_V3_M1_OWN_FLAG_HOME,73b77ac3a0efb2c33a4498544c96bb702a656cbbfe17af18ec859c6d6b4c2142,True
1631,sappo_pi_A_specialist_1p5M_seed7100001,48532,1382208,674,116,,OP3,OPPONENT_POOL,train,map_a_open,-1,0,SCRIPTED:OP6,5,1,1,0,1,240,0.4399999976158142,1,0,0,72,0,0,0,0,0,0,0,0,0,0,0,0,0,0,0,0,63.0,8.219603983561198,1.0,0.0,-0.0058166831731796265,0.04999999701976776,0.0,0.0,0.0,0.24751269817352295,map_a,map_a_open,RULESET_V3_M1_OWN_FLAG_HOME,73b77ac3a0efb2c33a4498544c96bb702a656cbbfe17af18ec859c6d6b4c2142,True
1632,sappo_pi_A_specialist_1p5M_seed7100001,48532,1382368,674,126,,OP3,OPPONENT_POOL,train,map_a_open,-1,0,SCRIPTED:OP6,5,1,3,0,3,134,0.3999999761581421,0,1,0,53,0,0,0,0,0,0,0,0,0,0,0,0,0,0,0,0,68.0,4.906500517432369,1.0,0.5,0.008242055773735046,0.0,1.0,100.0,-0.004000000189989805,0.5542639493942261,map_a,map_a_open,RULESET_V3_M1_OWN_FLAG_HOME,73b77ac3a0efb2c33a4498544c96bb702a656cbbfe17af18ec859c6d6b4c2142,True
1633,sappo_pi_A_specialist_1p5M_seed7100001,48532,1382384,674,127,,OP3,OPPONENT_POOL,train,map_a_open,-1,0,SCRIPTED:OP6,5,1,3,0,3,199,0.35999998450279236,0,1,0,131,0,0,0,0,0,0,0,0,0,0,0,0,0,0,0,0,41.0,3.685906951750942,1.0,0.5,-0.007689028978347778,0.0,1.0,100.0,-0.004000000189989805,0.553573727607727,map_a,map_a_open,RULESET_V3_M1_OWN_FLAG_HOME,73b77ac3a0efb2c33a4498544c96bb702a656cbbfe17af18ec859c6d6b4c2142,True
1634,sappo_pi_A_specialist_1p5M_seed7100001,48532,1382400,674,128,,OP3,OPPONENT_POOL,train,map_a_open,-1,0,SCRIPTED:OP6,5,0,0,0,0,240,0.47999998927116394,1,0,0,27,0,0,0,0,0,0,0,0,0,0,0,0,0,0,0,0,,12.524267578125,-0.5,0.0,0.00640617311000824,0.04999998211860657,0.0,0.0,0.0,-0.12088063359260559,map_a,map_a_open,RULESET_V3_M1_OWN_FLAG_HOME,73b77ac3a0efb2c33a4498544c96bb702a656cbbfe17af18ec859c6d6b4c2142,True
1635,sappo_pi_A_specialist_1p5M_seed7100001,48532,1382448,675,3,,OP3,OPPONENT_POOL,train,map_a_open,-1,0,SCRIPTED:OP6,5,1,1,0,1,240,0.3999999761581421,1,0,0,14,0,0,0,0,0,0,0,0,0,0,0,0,0,0,0,0,42.0,11.860013834635417,1.0,0.0,-0.008071422576904297,0.04999999701976776,0.0,0.0,-0.004000000189989805,0.24644137918949127,map_a,map_a_open,RULESET_V3_M1_OWN_FLAG_HOME,73b77ac3a0efb2c33a4498544c96bb702a656cbbfe17af18ec859c6d6b4c2142,True
1636,sappo_pi_A_specialist_1p5M_seed7100001,48532,1382624,675,14,,OP3,OPPONENT_POOL,train,map_a_open,-1,0,SCRIPTED:OP6,5,0,0,0,0,240,0.5600000023841858,1,0,0,23,0,0,0,0,0,0,0,0,0,0,0,0,0,0,0,0,,12.489363606770834,-0.5,0.0,0.018185824155807495,0.04999999701976776,0.0,0.0,0.0,-0.12015509605407715,map_a,map_a_open,RULESET_V3_M1_OWN_FLAG_HOME,73b77ac3a0efb2c33a4498544c96bb702a656cbbfe17af18ec859c6d6b4c2142,True
1637,sappo_pi_A_specialist_1p5M_seed7100001,48532,1383424,675,64,,OP3,OPPONENT_POOL,train,map_a_open,-1,0,SCRIPTED:OP6,5,0,0,0,0,240,0.35999998450279236,0,1,0,8,0,0,0,0,0,0,0,0,0,0,0,0,0,0,0,0,,12.505613199869792,-0.5,0.0,0.01977705955505371,0.04999999701976776,0.0,0.0,-0.00800000037997961,-0.12202778458595276,map_a,map_a_open,RULESET_V3_M1_OWN_FLAG_HOME,73b77ac3a0efb2c33a4498544c96bb702a656cbbfe17af18ec859c6d6b4c2142,True
1638,sappo_pi_A_specialist_1p5M_seed7100001,48532,1383456,675,66,,OP3,OPPONENT_POOL,train,map_a_open,-1,0,SCRIPTED:OP6,5,1,1,0,1,240,0.5199999809265137,1,0,0,61,0,0,0,0,0,0,0,0,0,0,0,0,0,0,0,0,127.0,8.557071940104167,1.0,0.0,-0.0018696337938308716,0.04999999701976776,0.0,0.0,-0.004000000189989805,0.24680539965629578,map_a,map_a_open,RULESET_V3_M1_OWN_FLAG_HOME,73b77ac3a0efb2c33a4498544c96bb702a656cbbfe17af18ec859c6d6b4c2142,True
1639,sappo_pi_A_specialist_1p5M_seed7100001,48532,1383456,675,66,,OP3,OPPONENT_POOL,train,map_a_open,-1,0,SCRIPTED:OP6,5,1,3,0,3,149,0.6399999856948853,0,1,0,56,0,0,0,0,0,0,0,0,0,0,0,0,0,0,0,0,53.0,4.908654539377097,1.0,0.5,-0.00897921621799469,0.0,1.0,100.0,0.0,0.5542110204696655,map_a,map_a_open,RULESET_V3_M1_OWN_FLAG_HOME,73b77ac3a0efb2c33a4498544c96bb702a656cbbfe17af18ec859c6d6b4c2142,True
1640,sappo_pi_A_specialist_1p5M_seed7100001,48532,1384080,675,105,,OP3,OPPONENT_POOL,train,map_a_open,-1,0,SCRIPTED:OP6,5,0,0,0,0,240,0.5600000023841858,1,0,0,39,0,0,0,0,0,0,0,0,0,0,0,0,0,0,0,0,,10.4166015625,-0.5,0.0,0.021306976675987244,0.04999999701976776,0.0,0.0,-0.00800000037997961,-0.12193357944488525,map_a,map_a_open,RULESET_V3_M1_OWN_FLAG_HOME,73b77ac3a0efb2c33a4498544c96bb702a656cbbfe17af18ec859c6d6b4c2142,True
1641,sappo_pi_A_specialist_1p5M_seed7100001,48532,1384624,676,11,,OP3,OPPONENT_POOL,train,map_a_open,-1,0,SCRIPTED:OP6,5,1,2,0,2,240,0.3199999928474426,1,0,0,97,0,0,0,0,0,0,0,0,0,0,0,0,0,0,0,0,41.0,4.743317667643229,1.0,0.0,0.00898672640323639,0.04999999701976776,0.0,0.0,0.0,0.24838103353977203,map_a,map_a_open,RULESET_V3_M1_OWN_FLAG_HOME,73b77ac3a0efb2c33a4498544c96bb702a656cbbfe17af18ec859c6d6b4c2142,True
1642,sappo_pi_A_specialist_1p5M_seed7100001,48532,1384656,676,13,,OP3,OPPONENT_POOL,train,map_a_open,-1,0,SCRIPTED:OP6,5,0,1,1,0,240,0.5600000023841858,1,0,0,27,0,0,0,0,0,0,0,0,0,0,0,0,0,0,0,0,75.0,9.618841552734375,-0.5,0.0,-0.00433698296546936,0.04999999701976776,0.0,0.0,0.0,-0.12154221534729004,map_a,map_a_open,RULESET_V3_M1_OWN_FLAG_HOME,73b77ac3a0efb2c33a4498544c96bb702a656cbbfe17af18ec859c6d6b4c2142,True
1643,sappo_pi_A_specialist_1p5M_seed7100001,48532,1384976,676,33,,OP3,OPPONENT_POOL,train,map_a_open,-1,0,SCRIPTED:OP6,5,1,2,0,2,240,0.47999998927116394,0,1,0,29,0,0,0,0,0,0,0,0,0,0,0,0,0,0,0,0,46.0,9.618988037109375,1.0,0.0,-0.004182174801826477,0.04999999701976776,0.0,0.0,0.0,0.24760860204696655,map_a,map_a_open,RULESET_V3_M1_OWN_FLAG_HOME,73b77ac3a0efb2c33a4498544c96bb702a656cbbfe17af18ec859c6d6b4c2142,True
1644,sappo_pi_A_specialist_1p5M_seed7100001,48532,1385136,676,43,,OP3,OPPONENT_POOL,train,map_a_open,-1,0,SCRIPTED:OP6,5,1,3,0,3,172,0.5600000023841858,1,0,0,80,0,0,0,0,0,0,0,0,0,0,0,0,0,0,0,0,69.0,4.102945726971294,1.0,0.5,-0.01014910638332367,0.0,1.0,100.0,-0.004000000189989805,0.5534670352935791,map_a,map_a_open,RULESET_V3_M1_OWN_FLAG_HOME,73b77ac3a0efb2c33a4498544c96bb702a656cbbfe17af18ec859c6d6b4c2142,True
1645,sappo_pi_A_specialist_1p5M_seed7100001,48532,1385536,676,68,,OP3,OPPONENT_POOL,train,map_a_open,-1,0,SCRIPTED:OP6,5,0,2,2,0,240,0.6399999856948853,1,0,0,75,0,0,0,0,0,0,0,0,0,0,0,0,0,0,0,0,66.0,6.5278772989908855,-0.5,0.0,-0.0022405236959457397,0.04999999701976776,0.0,0.0,-0.00800000037997961,-0.12338315695524216,map_a,map_a_open,RULESET_V3_M1_OWN_FLAG_HOME,73b77ac3a0efb2c33a4498544c96bb702a656cbbfe17af18ec859c6d6b4c2142,True
1646,sappo_pi_A_specialist_1p5M_seed7100001,48532,1385648,676,75,,OP3,OPPONENT_POOL,train,map_a_open,-1,0,SCRIPTED:OP6,5,1,2,0,2,240,0.5199999809265137,1,0,0,24,0,0,0,0,0,0,0,0,0,0,0,0,0,0,0,0,37.0,10.161256917317708,1.0,0.0,0.0034483522176742554,0.04999999701976776,0.0,0.0,-0.00800000037997961,0.24617834389209747,map_a,map_a_open,RULESET_V3_M1_OWN_FLAG_HOME,73b77ac3a0efb2c33a4498544c96bb702a656cbbfe17af18ec859c6d6b4c2142,True
1647,sappo_pi_A_specialist_1p5M_seed7100001,48532,1385968,676,95,,OP3,OPPONENT_POOL,train,map_a_open,-1,0,SCRIPTED:OP6,5,0,0,0,0,240,0.4399999976158142,1,0,0,91,0,0,0,0,0,0,0,0,0,0,0,0,0,0,0,0,,8.833990478515625,-0.5,0.0,-0.0017463862895965576,0.04999999701976776,0.0,0.0,-0.004000000189989805,-0.12236783653497696,map_a,map_a_open,RULESET_V3_M1_OWN_FLAG_HOME,73b77ac3a0efb2c33a4498544c96bb702a656cbbfe17af18ec859c6d6b4c2142,True
1648,sappo_pi_A_specialist_1p5M_seed7100001,48532,1386048,676,100,,OP3,OPPONENT_POOL,train,map_a_open,-1,0,SCRIPTED:OP6,5,0,0,0,0,240,0.47999998927116394,1,0,0,2,0,0,0,0,0,0,0,0,0,0,0,0,0,0,0,0,,13.274262491861979,-0.5,0.0,0.003952845931053162,0.04999999701976776,0.0,0.0,-0.004000000189989805,-0.12201695144176483,map_a,map_a_open,RULESET_V3_M1_OWN_FLAG_HOME,73b77ac3a0efb2c33a4498544c96bb702a656cbbfe17af18ec859c6d6b4c2142,True
1649,sappo_pi_A_specialist_1p5M_seed7100001,48532,1386208,676,110,,OP3,OPPONENT_POOL,train,map_a_open,-1,0,SCRIPTED:OP6,5,1,2,1,1,240,0.5999999642372131,0,3,0,179,0,0,0,0,0,0,0,0,0,0,0,0,0,0,0,0,130.0,3.7952865600585937,1.0,0.0,0.017601102590560913,0.0,0.0,0.0,0.0,0.24595245718955994,map_a,map_a_open,RULESET_V3_M1_OWN_FLAG_HOME,73b77ac3a0efb2c33a4498544c96bb702a656cbbfe17af18ec859c6d6b4c2142,True
1650,sappo_pi_A_specialist_1p5M_seed7100001,48532,1386240,676,112,,OP3,OPPONENT_POOL,train,map_a_open,-1,0,SCRIPTED:OP6,5,0,0,0,0,240,0.5600000023841858,1,0,0,17,0,0,0,0,0,0,0,0,0,0,0,0,0,0,0,0,,12.19129638671875,-0.5,0.0,0.000838741660118103,0.04999999701976776,0.0,0.0,0.0,-0.12122349441051483,map_a,map_a_open,RULESET_V3_M1_OWN_FLAG_HOME,73b77ac3a0efb2c33a4498544c96bb702a656cbbfe17af18ec859c6d6b4c2142,True
1651,sappo_pi_A_specialist_1p5M_seed7100001,48532,1386288,676,115,,OP3,OPPONENT_POOL,train,map_a_open,-1,0,SCRIPTED:OP6,5,0,0,1,-1,240,0.5199999809265137,1,0,0,40,0,0,0,0,0,0,0,0,0,0,0,0,0,0,0,0,84.0,9.900629679361979,-1.0,0.0,0.00032733380794525146,0.04999999701976776,0.0,0.0,0.0,-0.2419596165418625,map_a,map_a_open,RULESET_V3_M1_OWN_FLAG_HOME,73b77ac3a0efb2c33a4498544c96bb702a656cbbfe17af18ec859c6d6b4c2142,True
1652,sappo_pi_A_specialist_1p5M_seed7100001,48532,1386464,676,126,,OP3,OPPONENT_POOL,train,map_a_open,-1,0,SCRIPTED:OP6,5,0,0,0,0,240,0.47999998927116394,1,0,0,18,0,0,0,0,0,0,0,0,0,0,0,0,0,0,0,0,,11.768062337239583,-0.5,0.0,0.0028491169214248657,0.04999999701976776,0.0,0.0,0.0,-0.12109969556331635,map_a,map_a_open,RULESET_V3_M1_OWN_FLAG_HOME,73b77ac3a0efb2c33a4498544c96bb702a656cbbfe17af18ec859c6d6b4c2142,True
1653,sappo_pi_A_specialist_1p5M_seed7100001,48532,1387264,677,48,,OP3,OPPONENT_POOL,train,map_a_open,-1,0,SCRIPTED:OP6,5,1,1,0,1,240,0.4399999976158142,1,0,0,15,0,0,0,0,0,0,0,0,0,0,0,0,0,0,0,0,32.0,11.558803304036458,1.0,0.0,-0.004651874303817749,0.04999999701976776,0.0,0.0,-0.004000000189989805,0.2466420978307724,map_a,map_a_open,RULESET_V3_M1_OWN_FLAG_HOME,73b77ac3a0efb2c33a4498544c96bb702a656cbbfe17af18ec859c6d6b4c2142,True
1654,sappo_pi_A_specialist_1p5M_seed7100001,48532,1387296,677,50,,OP3,OPPONENT_POOL,train,map_a_open,-1,0,SCRIPTED:OP6,5,1,2,0,2,240,0.47999998927116394,1,0,0,40,0,0,0,0,0,0,0,0,0,0,0,0,0,0,0,0,41.0,9.343006388346355,1.0,0.0,0.008223742246627808,0.04999999701976776,0.0,0.0,-0.004000000189989805,0.24739773571491241,map_a,map_a_open,RULESET_V3_M1_OWN_FLAG_HOME,73b77ac3a0efb2c33a4498544c96bb702a656cbbfe17af18ec859c6d6b4c2142,True
1655,sappo_pi_A_specialist_1p5M_seed7100001,48532,1387296,677,50,,OP3,OPPONENT_POOL,train,map_a_open,-1,0,SCRIPTED:OP6,5,0,0,0,0,240,0.4399999976158142,0,1,0,17,0,0,0,0,0,0,0,0,0,0,0,0,0,0,0,0,,12.349330647786458,-0.5,0.0,-0.013415947556495667,0.04999999701976776,0.0,0.0,-0.004000000189989805,-0.12308619916439056,map_a,map_a_open,RULESET_V3_M1_OWN_FLAG_HOME,73b77ac3a0efb2c33a4498544c96bb702a656cbbfe17af18ec859c6d6b4c2142,True
1656,sappo_pi_A_specialist_1p5M_seed7100001,48532,1387920,677,89,,OP3,OPPONENT_POOL,train,map_a_open,-1,0,SCRIPTED:OP6,5,1,1,0,1,240,0.5199999809265137,0,2,0,80,0,0,0,0,0,0,0,0,0,0,0,0,0,0,0,0,43.0,9.738976033528646,1.0,0.0,9.801983833312988e-05,0.04999999701976776,0.0,0.0,0.0,0.24785968661308289,map_a,map_a_open,RULESET_V3_M1_OWN_FLAG_HOME,73b77ac3a0efb2c33a4498544c96bb702a656cbbfe17af18ec859c6d6b4c2142,True
1657,sappo_pi_A_specialist_1p5M_seed7100001,48532,1388464,677,123,,OP3,OPPONENT_POOL,train,map_a_open,-1,0,SCRIPTED:OP6,5,0,0,0,0,240,0.5199999809265137,1,0,0,63,0,0,0,0,0,0,0,0,0,0,0,0,0,0,0,0,,10.440480550130209,-0.5,0.0,-0.016719892621040344,0.04999999701976776,0.0,0.0,0.0,-0.12230464071035385,map_a,map_a_open,RULESET_V3_M1_OWN_FLAG_HOME,73b77ac3a0efb2c33a4498544c96bb702a656cbbfe17af18ec859c6d6b4c2142,True
1658,sappo_pi_A_specialist_1p5M_seed7100001,48532,1388496,677,125,,OP3,OPPONENT_POOL,train,map_a_open,-1,0,SCRIPTED:OP6,5,0,1,1,0,240,0.5600000023841858,1,0,0,27,0,0,0,0,0,0,0,0,0,0,0,0,0,0,0,0,35.0,9.794163004557292,-0.5,0.0,-0.011327683925628662,0.04999999701976776,0.0,0.0,0.0,-0.12197265028953552,map_a,map_a_open,RULESET_V3_M1_OWN_FLAG_HOME,73b77ac3a0efb2c33a4498544c96bb702a656cbbfe17af18ec859c6d6b4c2142,True
1659,sappo_pi_A_specialist_1p5M_seed7100001,48532,1388816,678,17,,OP3,OPPONENT_POOL,train,map_a_open,-1,0,SCRIPTED:OP6,5,1,1,0,1,240,0.4399999976158142,1,0,0,33,0,0,0,0,0,0,0,0,0,0,0,0,0,0,0,0,69.0,11.012583414713541,1.0,0.0,-0.01307186484336853,0.04999999701976776,0.0,0.0,-0.004000000189989805,0.24614779651165009,map_a,map_a_open,RULESET_V3_M1_OWN_FLAG_HOME,73b77ac3a0efb2c33a4498544c96bb702a656cbbfe17af18ec859c6d6b4c2142,True
1660,sappo_pi_A_specialist_1p5M_seed7100001,48532,1388976,678,27,,OP3,OPPONENT_POOL,train,map_a_open,-1,0,SCRIPTED:OP6,5,0,0,0,0,240,0.5600000023841858,1,0,0,24,0,0,0,0,0,0,0,0,0,0,0,0,0,0,0,0,,12.557462565104167,-0.5,0.0,-0.014556601643562317,0.04999999701976776,0.0,0.0,0.0,-0.12217145413160324,map_a,map_a_open,RULESET_V3_M1_OWN_FLAG_HOME,73b77ac3a0efb2c33a4498544c96bb702a656cbbfe17af18ec859c6d6b4c2142,True
1661,sappo_pi_A_specialist_1p5M_seed7100001,48532,1389376,678,52,,OP3,OPPONENT_POOL,train,map_a_open,-1,0,SCRIPTED:OP6,5,1,2,0,2,240,0.3999999761581421,1,0,0,101,0,0,0,0,0,0,0,0,0,0,0,0,0,0,0,0,121.0,6.451104227701823,1.0,0.0,0.00969800353050232,0.04999999701976776,0.0,0.0,-0.004000000189989805,0.2474842220544815,map_a,map_a_open,RULESET_V3_M1_OWN_FLAG_HOME,73b77ac3a0efb2c33a4498544c96bb702a656cbbfe17af18ec859c6d6b4c2142,True
1662,sappo_pi_A_specialist_1p5M_seed7100001,48532,1389488,678,59,,OP3,OPPONENT_POOL,train,map_a_open,-1,0,SCRIPTED:OP6,5,1,2,0,2,240,0.47999998927116394,1,0,0,19,0,0,0,0,0,0,0,0,0,0,0,0,0,0,0,0,33.0,11.37801513671875,1.0,0.0,-0.010391920804977417,0.04999999701976776,0.0,0.0,-0.004000000189989805,0.24630515277385712,map_a,map_a_open,RULESET_V3_M1_OWN_FLAG_HOME,73b77ac3a0efb2c33a4498544c96bb702a656cbbfe17af18ec859c6d6b4c2142,True
1663,sappo_pi_A_specialist_1p5M_seed7100001,48532,1389808,678,79,,OP3,OPPONENT_POOL,train,map_a_open,-1,0,SCRIPTED:OP6,5,0,0,0,0,240,0.5999999642372131,1,0,0,37,0,0,0,0,0,0,0,0,0,0,0,0,0,0,0,0,,11.13120829264323,-0.5,0.0,-0.009267032146453857,0.04999999701976776,0.0,0.0,-0.004000000189989805,-0.12283080816268921,map_a,map_a_open,RULESET_V3_M1_OWN_FLAG_HOME,73b77ac3a0efb2c33a4498544c96bb702a656cbbfe17af18ec859c6d6b4c2142,True
1664,sappo_pi_A_specialist_1p5M_seed7100001,48532,1389888,678,84,,OP3,OPPONENT_POOL,train,map_a_open,-1,0,SCRIPTED:OP6,5,1,1,0,1,240,0.47999998927116394,1,0,0,19,0,0,0,0,0,0,0,0,0,0,0,0,0,0,0,0,46.0,10.664095052083333,1.0,0.0,-0.010263144969940186,0.04999999701976776,0.0,0.0,0.0,0.24725179374217987,map_a,map_a_open,RULESET_V3_M1_OWN_FLAG_HOME,73b77ac3a0efb2c33a4498544c96bb702a656cbbfe17af18ec859c6d6b4c2142,True
1665,sappo_pi_A_specialist_1p5M_seed7100001,48532,1390048,678,94,,OP3,OPPONENT_POOL,train,map_a_open,-1,0,SCRIPTED:OP6,5,0,0,0,0,240,0.3199999928474426,1,0,0,9,0,0,0,0,0,0,0,0,0,0,0,0,0,0,0,0,,13.061671956380208,-0.5,0.0,-0.005890309810638428,0.04999999701976776,0.0,0.0,0.0,-0.12163785845041275,map_a,map_a_open,RULESET_V3_M1_OWN_FLAG_HOME,73b77ac3a0efb2c33a4498544c96bb702a656cbbfe17af18ec859c6d6b4c2142,True
1666,sappo_pi_A_specialist_1p5M_seed7100001,48532,1390080,678,96,,OP3,OPPONENT_POOL,train,map_a_open,-1,0,SCRIPTED:OP6,5,0,0,0,0,240,0.5600000023841858,1,0,0,49,0,0,0,0,0,0,0,0,0,0,0,0,0,0,0,0,,10.853682454427084,-0.5,0.0,-0.0005290508270263672,0.04999999329447746,0.0,0.0,-0.004000000189989805,-0.1222928911447525,map_a,map_a_open,RULESET_V3_M1_OWN_FLAG_HOME,73b77ac3a0efb2c33a4498544c96bb702a656cbbfe17af18ec859c6d6b4c2142,True
1667,sappo_pi_A_specialist_1p5M_seed7100001,48532,1390128,678,99,,OP3,OPPONENT_POOL,train,map_a_open,-1,0,SCRIPTED:OP6,5,0,0,0,0,240,0.35999998450279236,1,0,0,5,0,0,0,0,0,0,0,0,0,0,0,0,0,0,0,0,,13.098099772135416,-0.5,0.0,0.0033141672611236572,0.04999999701976776,0.0,0.0,0.0,-0.12107104808092117,map_a,map_a_open,RULESET_V3_M1_OWN_FLAG_HOME,73b77ac3a0efb2c33a4498544c96bb702a656cbbfe17af18ec859c6d6b4c2142,True
1668,sappo_pi_A_specialist_1p5M_seed7100001,48532,1390304,678,110,,OP3,OPPONENT_POOL,train,map_a_open,-1,0,SCRIPTED:OP6,5,0,0,0,0,240,0.47999998927116394,1,0,0,8,0,0,0,0,0,0,0,0,0,0,0,0,0,0,0,0,,13.03009745279948,-0.5,0.0,-0.0025186538696289062,0.04999999701976776,0.0,0.0,-0.004000000189989805,-0.12241538614034653,map_a,map_a_open,RULESET_V3_M1_OWN_FLAG_HOME,73b77ac3a0efb2c33a4498544c96bb702a656cbbfe17af18ec859c6d6b4c2142,True
1669,sappo_pi_A_specialist_1p5M_seed7100001,48532,1391104,679,32,,OP3,OPPONENT_POOL,train,map_a_open,-1,0,SCRIPTED:OP6,5,1,2,1,1,240,0.35999998450279236,1,0,0,108,0,0,0,0,0,0,0,0,0,0,0,0,0,0,0,0,121.0,4.81016845703125,1.0,0.0,-0.0013383030891418457,0.0,0.0,0.0,-0.004000000189989805,0.24389974772930145,map_a,map_a_open,RULESET_V3_M1_OWN_FLAG_HOME,73b77ac3a0efb2c33a4498544c96bb702a656cbbfe17af18ec859c6d6b4c2142,True
1670,sappo_pi_A_specialist_1p5M_seed7100001,48532,1391136,679,34,,OP3,OPPONENT_POOL,train,map_a_open,-1,0,SCRIPTED:OP6,5,1,1,0,1,240,0.47999998927116394,1,0,0,23,0,0,0,0,0,0,0,0,0,0,0,0,0,0,0,0,33.0,11.646001180013021,1.0,0.0,0.017740711569786072,0.04999999701976776,0.0,0.0,-0.004000000189989805,0.2479560524225235,map_a,map_a_open,RULESET_V3_M1_OWN_FLAG_HOME,73b77ac3a0efb2c33a4498544c96bb702a656cbbfe17af18ec859c6d6b4c2142,True
1671,sappo_pi_A_specialist_1p5M_seed7100001,48532,1391136,679,34,,OP3,OPPONENT_POOL,train,map_a_open,-1,0,SCRIPTED:OP6,5,1,1,0,1,240,0.47999998927116394,1,0,0,56,0,0,0,0,0,0,0,0,0,0,0,0,0,0,0,0,50.0,10.872749837239583,1.0,0.0,0.008774489164352417,0.04999999701976776,0.0,0.0,-0.004000000189989805,0.24743005633354187,map_a,map_a_open,RULESET_V3_M1_OWN_FLAG_HOME,73b77ac3a0efb2c33a4498544c96bb702a656cbbfe17af18ec859c6d6b4c2142,True
1672,sappo_pi_A_specialist_1p5M_seed7100001,48532,1391760,679,73,,OP3,OPPONENT_POOL,train,map_a_open,-1,0,SCRIPTED:OP6,5,1,2,0,2,240,0.5199999809265137,1,0,0,35,0,0,0,0,0,0,0,0,0,0,0,0,0,0,0,0,38.0,11.180142211914063,1.0,0.0,0.004047483205795288,0.04999999701976776,0.0,0.0,-0.004000000189989805,0.2471526712179184,map_a,map_a_open,RULESET_V3_M1_OWN_FLAG_HOME,73b77ac3a0efb2c33a4498544c96bb702a656cbbfe17af18ec859c6d6b4c2142,True
1673,sappo_pi_A_specialist_1p5M_seed7100001,48532,1392304,679,107,,OP3,OPPONENT_POOL,train,map_a_open,-1,0,SCRIPTED:OP6,5,0,0,0,0,240,0.4399999976158142,1,0,0,12,0,0,0,0,0,0,0,0,0,0,0,0,0,0,0,0,,12.618891398111979,-0.5,0.0,0.003281906247138977,0.04999999701976776,0.0,0.0,0.0,-0.12107303738594055,map_a,map_a_open,RULESET_V3_M1_OWN_FLAG_HOME,73b77ac3a0efb2c33a4498544c96bb702a656cbbfe17af18ec859c6d6b4c2142,True
1674,sappo_pi_A_specialist_1p5M_seed7100001,48532,1392336,679,109,,OP3,OPPONENT_POOL,train,map_a_open,-1,0,SCRIPTED:OP6,5,1,1,0,1,240,0.47999998927116394,1,0,0,13,0,0,0,0,0,0,0,0,0,0,0,0,0,0,0,0,52.0,11.885840861002604,1.0,0.0,-0.0071136802434921265,0.04999999701976776,0.0,0.0,-0.004000000189989805,0.24649760127067566,map_a,map_a_open,RULESET_V3_M1_OWN_FLAG_HOME,73b77ac3a0efb2c33a4498544c96bb702a656cbbfe17af18ec859c6d6b4c2142,True
1675,sappo_pi_A_specialist_1p5M_seed7100001,48532,1392656,680,1,,OP3,OPPONENT_POOL,train,map_a_open,-1,0,SCRIPTED:OP6,5,1,1,0,1,240,0.47999998927116394,1,0,0,37,0,0,0,0,0,0,0,0,0,0,0,0,0,0,0,0,52.0,10.744087727864583,1.0,0.0,-0.011953592300415039,0.04999999701976776,0.0,0.0,0.0,0.24715261161327362,map_a,map_a_open,RULESET_V3_M1_OWN_FLAG_HOME,73b77ac3a0efb2c33a4498544c96bb702a656cbbfe17af18ec859c6d6b4c2142,True
1676,sappo_pi_A_specialist_1p5M_seed7100001,48532,1392816,680,11,,OP3,OPPONENT_POOL,train,map_a_open,-1,0,SCRIPTED:OP6,5,0,0,1,-1,240,0.6399999856948853,1,0,0,34,0,0,0,0,0,0,0,0,0,0,0,0,0,0,0,0,67.0,11.078990681966145,-1.0,0.0,0.019349247217178345,0.04999999701976776,0.0,0.0,0.0,-0.24084001779556274,map_a,map_a_open,RULESET_V3_M1_OWN_FLAG_HOME,73b77ac3a0efb2c33a4498544c96bb702a656cbbfe17af18ec859c6d6b4c2142,True
1677,sappo_pi_A_specialist_1p5M_seed7100001,48532,1393216,680,36,,OP3,OPPONENT_POOL,train,map_a_open,-1,0,SCRIPTED:OP6,5,0,0,0,0,240,0.5600000023841858,1,0,0,13,0,0,0,0,0,0,0,0,0,0,0,0,0,0,0,0,,12.656863403320312,-0.5,0.0,0.003139987587928772,0.04999999701976776,0.0,0.0,0.0,-0.12108178436756134,map_a,map_a_open,RULESET_V3_M1_OWN_FLAG_HOME,73b77ac3a0efb2c33a4498544c96bb702a656cbbfe17af18ec859c6d6b4c2142,True
1678,sappo_pi_A_specialist_1p5M_seed7100001,48532,1393328,680,43,,OP3,OPPONENT_POOL,train,map_a_open,-1,0,SCRIPTED:OP6,5,1,2,0,2,240,0.3999999761581421,1,0,0,44,0,0,0,0,0,0,0,0,0,0,0,0,0,0,0,0,43.0,9.558340454101563,1.0,0.0,0.0028037577867507935,0.04999999701976776,0.0,0.0,-0.00800000037997961,0.2461404800415039,map_a,map_a_open,RULESET_V3_M1_OWN_FLAG_HOME,73b77ac3a0efb2c33a4498544c96bb702a656cbbfe17af18ec859c6d6b4c2142,True
1679,sappo_pi_A_specialist_1p5M_seed7100001,48532,1393648,680,63,,OP3,OPPONENT_POOL,train,map_a_open,-1,0,SCRIPTED:OP6,5,1,1,0,1,240,0.5999999642372131,1,0,0,10,0,0,0,0,0,0,0,0,0,0,0,0,0,0,0,0,35.0,12.278672281901041,1.0,0.0,0.01759772002696991,0.04999999701976776,0.0,0.0,-0.00800000037997961,0.24700891971588135,map_a,map_a_open,RULESET_V3_M1_OWN_FLAG_HOME,73b77ac3a0efb2c33a4498544c96bb702a656cbbfe17af18ec859c6d6b4c2142,True
1680,sappo_pi_A_specialist_1p5M_seed7100001,48532,1393728,680,68,,OP3,OPPONENT_POOL,train,map_a_open,-1,0,SCRIPTED:OP6,5,1,1,0,1,240,0.47999998927116394,1,0,0,48,0,0,0,0,0,0,0,0,0,0,0,0,0,0,0,0,67.0,10.212137858072916,1.0,0.0,0.0036350637674331665,0.04999999701976776,0.0,0.0,0.0,0.24806717038154602,map_a,map_a_open,RULESET_V3_M1_OWN_FLAG_HOME,73b77ac3a0efb2c33a4498544c96bb702a656cbbfe17af18ec859c6d6b4c2142,True
1681,sappo_pi_A_specialist_1p5M_seed7100001,48532,1393888,680,78,,OP3,OPPONENT_POOL,train,map_a_open,-1,0,SCRIPTED:OP6,5,0,0,0,0,240,0.3999999761581421,1,0,0,30,0,0,0,0,0,0,0,0,0,0,0,0,0,0,0,0,,12.691721598307291,-0.5,0.0,0.005113124847412109,0.04999975487589836,0.0,0.0,-0.00800000037997961,-0.12293054163455963,map_a,map_a_open,RULESET_V3_M1_OWN_FLAG_HOME,73b77ac3a0efb2c33a4498544c96bb702a656cbbfe17af18ec859c6d6b4c2142,True
1682,sappo_pi_A_specialist_1p5M_seed7100001,48532,1393920,680,80,,OP3,OPPONENT_POOL,train,map_a_open,-1,0,SCRIPTED:OP6,5,0,0,1,-1,240,0.47999998927116394,0,1,0,24,0,0,0,0,0,0,0,0,0,0,0,0,0,0,0,0,54.0,11.777604166666666,-1.0,0.0,0.007504403591156006,0.04999999701976776,0.0,0.0,-0.00800000037997961,-0.24341966211795807,map_a,map_a_open,RULESET_V3_M1_OWN_FLAG_HOME,73b77ac3a0efb2c33a4498544c96bb702a656cbbfe17af18ec859c6d6b4c2142,True
1683,sappo_pi_A_specialist_1p5M_seed7100001,48532,1393968,680,83,,OP3,OPPONENT_POOL,train,map_a_open,-1,0,SCRIPTED:OP6,5,1,1,0,1,240,0.5999999642372131,1,0,0,47,0,0,0,0,0,0,0,0,0,0,0,0,0,0,0,0,73.0,9.814990234375,1.0,0.0,-0.0013743788003921509,0.014999906532466412,0.0,0.0,0.0,0.24571900069713593,map_a,map_a_open,RULESET_V3_M1_OWN_FLAG_HOME,73b77ac3a0efb2c33a4498544c96bb702a656cbbfe17af18ec859c6d6b4c2142,True
1684,sappo_pi_A_specialist_1p5M_seed7100001,48532,1394144,680,94,,OP3,OPPONENT_POOL,train,map_a_open,-1,0,SCRIPTED:OP6,5,0,0,0,0,240,0.5199999809265137,0,1,0,10,0,0,0,0,0,0,0,0,0,0,0,0,0,0,0,0,,12.795230102539062,-0.5,0.0,0.008175328373908997,0.04999999701976776,0.0,0.0,0.0,-0.12077166885137558,map_a,map_a_open,RULESET_V3_M1_OWN_FLAG_HOME,73b77ac3a0efb2c33a4498544c96bb702a656cbbfe17af18ec859c6d6b4c2142,True
1685,sappo_pi_A_specialist_1p5M_seed7100001,48532,1394944,681,16,,OP3,OPPONENT_POOL,train,map_a_open,-1,0,SCRIPTED:OP6,5,1,1,0,1,240,0.4399999976158142,0,1,0,78,0,0,0,0,0,0,0,0,0,0,0,0,0,0,0,0,69.0,8.208333333333334,1.0,0.0,-0.00976051390171051,0.04999999701976776,0.0,0.0,0.0,0.2472812980413437,map_a,map_a_open,RULESET_V3_M1_OWN_FLAG_HOME,73b77ac3a0efb2c33a4498544c96bb702a656cbbfe17af18ec859c6d6b4c2142,True
1686,sappo_pi_A_specialist_1p5M_seed7100001,48532,1394976,681,18,,OP3,OPPONENT_POOL,train,map_a_open,-1,0,SCRIPTED:OP6,5,0,0,0,0,240,0.3999999761581421,0,1,0,144,0,0,0,0,0,0,0,0,0,0,0,0,0,0,0,0,,5.47484130859375,-0.5,0.0,-0.00807182490825653,0.04999999701976776,0.0,0.0,-0.004000000189989805,-0.12275724112987518,map_a,map_a_open,RULESET_V3_M1_OWN_FLAG_HOME,73b77ac3a0efb2c33a4498544c96bb702a656cbbfe17af18ec859c6d6b4c2142,True
1687,sappo_pi_A_specialist_1p5M_seed7100001,48532,1394976,681,18,,OP3,OPPONENT_POOL,train,map_a_open,-1,0,SCRIPTED:OP6,5,0,0,0,0,240,0.3999999761581421,0,1,0,13,0,0,0,0,0,0,0,0,0,0,0,0,0,0,0,0,,13.42274881998698,-0.5,0.0,-0.007555767893791199,0.04999999701976776,0.0,0.0,-0.004000000189989805,-0.1227254718542099,map_a,map_a_open,RULESET_V3_M1_OWN_FLAG_HOME,73b77ac3a0efb2c33a4498544c96bb702a656cbbfe17af18ec859c6d6b4c2142,True
1688,sappo_pi_A_specialist_1p5M_seed7100001,48532,1395600,681,57,,OP3,OPPONENT_POOL,train,map_a_open,-1,0,SCRIPTED:OP6,5,1,1,0,1,240,0.35999998450279236,1,0,0,36,0,0,0,0,0,0,0,0,0,0,0,0,0,0,0,0,48.0,11.830698649088541,1.0,0.0,0.001510515809059143,0.04999999701976776,0.0,0.0,0.0,0.24794253706932068,map_a,map_a_open,RULESET_V3_M1_OWN_FLAG_HOME,73b77ac3a0efb2c33a4498544c96bb702a656cbbfe17af18ec859c6d6b4c2142,True
1689,sappo_pi_A_specialist_1p5M_seed7100001,48532,1396144,681,91,,OP3,OPPONENT_POOL,train,map_a_open,-1,0,SCRIPTED:OP6,5,0,0,0,0,240,0.5600000023841858,0,1,0,40,0,0,0,0,0,0,0,0,0,0,0,0,0,0,0,0,,11.472540283203125,-0.5,0.0,0.00046794116497039795,0.04999999701976776,0.0,0.0,0.0,-0.1212463304400444,map_a,map_a_open,RULESET_V3_M1_OWN_FLAG_HOME,73b77ac3a0efb2c33a4498544c96bb702a656cbbfe17af18ec859c6d6b4c2142,True
1690,sappo_pi_A_specialist_1p5M_seed7100001,48532,1396176,681,93,,OP3,OPPONENT_POOL,train,map_a_open,-1,0,SCRIPTED:OP6,5,0,0,0,0,240,0.47999998927116394,1,0,0,42,0,0,0,0,0,0,0,0,0,0,0,0,0,0,0,0,,10.868723551432291,-0.5,0.0,0.003636881709098816,0.04999999701976776,0.0,0.0,0.0,-0.12105117738246918,map_a,map_a_open,RULESET_V3_M1_OWN_FLAG_HOME,73b77ac3a0efb2c33a4498544c96bb702a656cbbfe17af18ec859c6d6b4c2142,True
1691,sappo_pi_A_specialist_1p5M_seed7100001,48532,1396496,681,113,,OP3,OPPONENT_POOL,train,map_a_open,-1,0,SCRIPTED:OP6,5,1,1,0,1,240,0.5600000023841858,1,0,0,33,0,0,0,0,0,0,0,0,0,0,0,0,0,0,0,0,59.0,9.998412068684896,1.0,0.0,-0.023520871996879578,0.04999999701976776,0.0,0.0,-0.004000000189989805,0.24553421139717102,map_a,map_a_open,RULESET_V3_M1_OWN_FLAG_HOME,73b77ac3a0efb2c33a4498544c96bb702a656cbbfe17af18ec859c6d6b4c2142,True
1692,sappo_pi_A_specialist_1p5M_seed7100001,48532,1396656,681,123,,OP3,OPPONENT_POOL,train,map_a_open,-1,0,SCRIPTED:OP6,5,1,1,0,1,240,0.5199999809265137,1,0,0,34,0,0,0,0,0,0,0,0,0,0,0,0,0,0,0,0,64.0,10.961753336588542,1.0,0.0,-0.007903039455413818,0.04999999701976776,0.0,0.0,0.0,0.24739030003547668,map_a,map_a_open,RULESET_V3_M1_OWN_FLAG_HOME,73b77ac3a0efb2c33a4498544c96bb702a656cbbfe17af18ec859c6d6b4c2142,True
1693,sappo_pi_A_specialist_1p5M_seed7100001,48532,1397056,682,20,,OP3,OPPONENT_POOL,train,map_a_open,-1,0,SCRIPTED:OP6,5,1,1,0,1,240,0.4399999976158142,0,1,0,20,0,0,0,0,0,0,0,0,0,0,0,0,0,0,0,0,45.0,12.100173950195312,1.0,0.0,0.016742542386054993,0.04999999701976776,0.0,0.0,-0.004000000189989805,0.24789750576019287,map_a,map_a_open,RULESET_V3_M1_OWN_FLAG_HOME,73b77ac3a0efb2c33a4498544c96bb702a656cbbfe17af18ec859c6d6b4c2142,True
1694,sappo_pi_A_specialist_1p5M_seed7100001,48532,1397168,682,27,,OP3,OPPONENT_POOL,train,map_a_open,-1,0,SCRIPTED:OP6,5,0,0,0,0,240,0.6399999856948853,1,0,0,5,0,0,0,0,0,0,0,0,0,0,0,0,0,0,0,0,,13.12166035970052,-0.5,0.0,-0.009960681200027466,0.04999999701976776,0.0,0.0,-0.004000000189989805,-0.12287351489067078,map_a,map_a_open,RULESET_V3_M1_OWN_FLAG_HOME,73b77ac3a0efb2c33a4498544c96bb702a656cbbfe17af18ec859c6d6b4c2142,True
1695,sappo_pi_A_specialist_1p5M_seed7100001,48532,1397488,682,47,,OP3,OPPONENT_POOL,train,map_a_open,-1,0,SCRIPTED:OP6,5,0,1,1,0,240,0.47999998927116394,1,0,0,31,0,0,0,0,0,0,0,0,0,0,0,0,0,0,0,0,53.0,9.825989786783854,-0.5,0.0,-0.0053376704454422,0.04999999701976776,0.0,0.0,0.0,-0.1216038316488266,map_a,map_a_open,RULESET_V3_M1_OWN_FLAG_HOME,73b77ac3a0efb2c33a4498544c96bb702a656cbbfe17af18ec859c6d6b4c2142,True
1696,sappo_pi_A_specialist_1p5M_seed7100001,48532,1397568,682,52,,OP3,OPPONENT_POOL,train,map_a_open,-1,0,SCRIPTED:OP6,5,0,0,1,-1,240,0.5999999642372131,1,0,0,32,0,0,0,0,0,0,0,0,0,0,0,0,0,0,0,0,71.0,10.729727172851563,-1.0,0.0,-0.006691604852676392,0.04999999701976776,0.0,0.0,-0.004000000189989805,-0.24331358075141907,map_a,map_a_open,RULESET_V3_M1_OWN_FLAG_HOME,73b77ac3a0efb2c33a4498544c96bb702a656cbbfe17af18ec859c6d6b4c2142,True
1697,sappo_pi_A_specialist_1p5M_seed7100001,48532,1397728,682,62,,OP3,OPPONENT_POOL,train,map_a_open,-1,0,SCRIPTED:OP6,5,0,0,0,0,240,0.47999998927116394,1,0,0,16,0,0,0,0,0,0,0,0,0,0,0,0,0,0,0,0,,12.772516886393229,-0.5,0.0,-0.0023296624422073364,0.04999999701976776,0.0,0.0,0.0,-0.12141860276460648,map_a,map_a_open,RULESET_V3_M1_OWN_FLAG_HOME,73b77ac3a0efb2c33a4498544c96bb702a656cbbfe17af18ec859c6d6b4c2142,True
1698,sappo_pi_A_specialist_1p5M_seed7100001,48532,1397760,682,64,,OP3,OPPONENT_POOL,train,map_a_open,-1,0,SCRIPTED:OP6,5,0,0,0,0,240,0.47999998927116394,1,0,0,8,0,0,0,0,0,0,0,0,0,0,0,0,0,0,0,0,,13.160606892903646,-0.5,0.0,-0.023817628622055054,0.04999999701976776,0.0,0.0,-0.004000000189989805,-0.12372639775276184,map_a,map_a_open,RULESET_V3_M1_OWN_FLAG_HOME,73b77ac3a0efb2c33a4498544c96bb702a656cbbfe17af18ec859c6d6b4c2142,True
1699,sappo_pi_A_specialist_1p5M_seed7100001,48532,1397808,682,67,,OP3,OPPONENT_POOL,train,map_a_open,-1,0,SCRIPTED:OP6,5,1,1,0,1,240,0.5199999809265137,0,1,0,79,0,0,0,0,0,0,0,0,0,0,0,0,0,0,0,0,127.0,7.795172119140625,1.0,0.0,0.008306413888931274,0.04999999701976776,0.0,0.0,0.0,0.2483411282300949,map_a,map_a_open,RULESET_V3_M1_OWN_FLAG_HOME,73b77ac3a0efb2c33a4498544c96bb702a656cbbfe17af18ec859c6d6b4c2142,True
1700,sappo_pi_A_specialist_1p5M_seed7100001,48532,1397984,682,78,,OP3,OPPONENT_POOL,train,map_a_open,-1,0,SCRIPTED:OP6,5,1,1,0,1,240,0.5600000023841858,0,1,0,20,0,0,0,0,0,0,0,0,0,0,0,0,0,0,0,0,46.0,11.857399495442708,1.0,0.0,-0.021709337830543518,0.04999999701976776,0.0,0.0,-0.004000000189989805,0.2456405907869339,map_a,map_a_open,RULESET_V3_M1_OWN_FLAG_HOME,73b77ac3a0efb2c33a4498544c96bb702a656cbbfe17af18ec859c6d6b4c2142,True
1701,sappo_pi_A_specialist_1p5M_seed7100001,48532,1398688,682,122,,OP3,OPPONENT_POOL,train,map_a_open,-1,0,SCRIPTED:OP6,5,1,3,0,3,127,0.47999998927116394,1,0,0,51,0,0,0,0,0,0,0,0,0,0,0,0,0,0,0,0,31.0,5.272577721302904,1.0,0.5,-0.010624021291732788,0.0,1.0,100.0,-0.004000000189989805,0.5534464716911316,map_a,map_a_open,RULESET_V3_M1_OWN_FLAG_HOME,73b77ac3a0efb2c33a4498544c96bb702a656cbbfe17af18ec859c6d6b4c2142,True
1702,sappo_pi_A_specialist_1p5M_seed7100001,48532,1398784,682,128,,OP3,OPPONENT_POOL,train,map_a_open,-1,0,SCRIPTED:OP6,5,1,1,0,1,240,0.5199999809265137,1,0,0,116,0,0,0,0,0,0,0,0,0,0,0,0,0,0,0,0,43.0,4.997783406575521,1.0,0.0,0.009143739938735962,0.0499996617436409,0.0,0.0,-0.004000000189989805,0.24745167791843414,map_a,map_a_open,RULESET_V3_M1_OWN_FLAG_HOME,73b77ac3a0efb2c33a4498544c96bb702a656cbbfe17af18ec859c6d6b4c2142,True
1703,sappo_pi_A_specialist_1p5M_seed7100001,48532,1398816,683,2,,OP3,OPPONENT_POOL,train,map_a_open,-1,0,SCRIPTED:OP6,5,1,1,0,1,240,0.4399999976158142,1,0,0,18,0,0,0,0,0,0,0,0,0,0,0,0,0,0,0,0,61.0,11.019813028971354,1.0,0.0,-0.0037039518356323242,0.04999999701976776,0.0,0.0,0.0,0.24763666093349457,map_a,map_a_open,RULESET_V3_M1_OWN_FLAG_HOME,73b77ac3a0efb2c33a4498544c96bb702a656cbbfe17af18ec859c6d6b4c2142,True
1704,sappo_pi_A_specialist_1p5M_seed7100001,48532,1398816,683,2,,OP3,OPPONENT_POOL,train,map_a_open,-1,0,SCRIPTED:OP6,5,0,0,0,0,240,0.47999998927116394,1,0,0,28,0,0,0,0,0,0,0,0,0,0,0,0,0,0,0,0,,11.36010030110677,-0.5,0.0,-0.0025065243244171143,0.04999999701976776,0.0,0.0,0.0,-0.12142949551343918,map_a,map_a_open,RULESET_V3_M1_OWN_FLAG_HOME,73b77ac3a0efb2c33a4498544c96bb702a656cbbfe17af18ec859c6d6b4c2142,True
1705,sappo_pi_A_specialist_1p5M_seed7100001,48532,1399440,683,41,,OP3,OPPONENT_POOL,train,map_a_open,-1,0,SCRIPTED:OP6,5,1,1,0,1,240,0.47999998927116394,1,0,0,25,0,0,0,0,0,0,0,0,0,0,0,0,0,0,0,0,48.0,11.264014689127604,1.0,0.0,0.003124937415122986,0.04999999701976776,0.0,0.0,-0.004000000189989805,0.24709855020046234,map_a,map_a_open,RULESET_V3_M1_OWN_FLAG_HOME,73b77ac3a0efb2c33a4498544c96bb702a656cbbfe17af18ec859c6d6b4c2142,True
1706,sappo_pi_A_specialist_1p5M_seed7100001,48532,1399984,683,75,,OP3,OPPONENT_POOL,train,map_a_open,-1,0,SCRIPTED:OP6,5,1,1,0,1,240,0.5199999809265137,0,1,0,29,0,0,0,0,0,0,0,0,0,0,0,0,0,0,0,0,47.0,11.81072998046875,1.0,0.0,0.008164554834365845,0.04999999701976776,0.0,0.0,-0.004000000189989805,0.24739424884319305,map_a,map_a_open,RULESET_V3_M1_OWN_FLAG_HOME,73b77ac3a0efb2c33a4498544c96bb702a656cbbfe17af18ec859c6d6b4c2142,True
1707,sappo_pi_A_specialist_1p5M_seed7100001,48532,1400016,683,77,,OP3,OPPONENT_POOL,train,map_a_open,-1,0,SCRIPTED:OP6,5,0,0,0,0,240,0.5199999809265137,1,0,0,44,0,0,0,0,0,0,0,0,0,0,0,0,0,0,0,0,,11.203553263346354,-0.5,0.0,0.01761189103126526,0.04999999701976776,0.0,0.0,0.0,-0.12019044160842896,map_a,map_a_open,RULESET_V3_M1_OWN_FLAG_HOME,73b77ac3a0efb2c33a4498544c96bb702a656cbbfe17af18ec859c6d6b4c2142,True
1708,sappo_pi_A_specialist_1p5M_seed7100001,48532,1400336,683,97,,OP3,OPPONENT_POOL,train,map_a_open,-1,0,SCRIPTED:OP6,5,0,0,0,0,240,0.5199999809265137,1,0,0,11,0,0,0,0,0,0,0,0,0,0,0,0,0,0,0,0,,12.785069783528646,-0.5,0.0,-0.010354861617088318,0.04999999701976776,0.0,0.0,0.0,-0.12191275507211685,map_a,map_a_open,RULESET_V3_M1_OWN_FLAG_HOME,73b77ac3a0efb2c33a4498544c96bb702a656cbbfe17af18ec859c6d6b4c2142,True
1709,sappo_pi_A_specialist_1p5M_seed7100001,48532,1400832,683,128,,OP3,OPPONENT_POOL,train,map_a_open,-1,0,SCRIPTED:OP6,5,1,3,0,3,134,0.47999998927116394,1,0,0,57,0,0,0,0,0,0,0,0,0,0,0,0,0,0,0,0,40.0,5.308432963357043,1.0,0.5,-0.009592249989509583,0.0,1.0,100.0,-0.004000000189989805,0.5534912347793579,map_a,map_a_open,RULESET_V3_M1_OWN_FLAG_HOME,73b77ac3a0efb2c33a4498544c96bb702a656cbbfe17af18ec859c6d6b4c2142,True
1710,sappo_pi_A_specialist_1p5M_seed7100001,48532,1400896,684,4,,OP3,OPPONENT_POOL,train,map_a_open,-1,0,SCRIPTED:OP6,5,1,1,0,1,240,0.5999999642372131,1,0,0,18,0,0,0,0,0,0,0,0,0,0,0,0,0,0,0,0,47.0,11.9860107421875,1.0,0.0,-0.010306105017662048,0.04999999701976776,0.0,0.0,0.0,0.2472492903470993,map_a,map_a_open,RULESET_V3_M1_OWN_FLAG_HOME,73b77ac3a0efb2c33a4498544c96bb702a656cbbfe17af18ec859c6d6b4c2142,True
1711,sappo_pi_A_specialist_1p5M_seed7100001,48532,1401008,684,11,,OP3,OPPONENT_POOL,train,map_a_open,-1,0,SCRIPTED:OP6,5,0,0,0,0,240,0.4399999976158142,1,0,0,19,0,0,0,0,0,0,0,0,0,0,0,0,0,0,0,0,,12.067202758789062,-0.5,0.0,-0.008000403642654419,0.04999999701976776,0.0,0.0,-0.004000000189989805,-0.122752845287323,map_a,map_a_open,RULESET_V3_M1_OWN_FLAG_HOME,73b77ac3a0efb2c33a4498544c96bb702a656cbbfe17af18ec859c6d6b4c2142,True
1712,sappo_pi_A_specialist_1p5M_seed7100001,48532,1401328,684,31,,OP3,OPPONENT_POOL,train,map_a_open,-1,0,SCRIPTED:OP6,5,1,1,0,1,240,0.5600000023841858,0,1,0,76,0,0,0,0,0,0,0,0,0,0,0,0,0,0,0,0,82.0,9.836399332682292,1.0,0.0,-0.014032244682312012,0.04999999701976776,0.0,0.0,0.0,0.24703063070774078,map_a,map_a_open,RULESET_V3_M1_OWN_FLAG_HOME,73b77ac3a0efb2c33a4498544c96bb702a656cbbfe17af18ec859c6d6b4c2142,True
1713,sappo_pi_A_specialist_1p5M_seed7100001,48532,1401408,684,36,,OP3,OPPONENT_POOL,train,map_a_open,-1,0,SCRIPTED:OP6,5,0,0,0,0,240,0.47999998927116394,1,0,0,11,0,0,0,0,0,0,0,0,0,0,0,0,0,0,0,0,,11.859164428710937,-0.5,0.0,-0.00929473340511322,0.04999999701976776,0.0,0.0,-0.00800000037997961,-0.1238173171877861,map_a,map_a_open,RULESET_V3_M1_OWN_FLAG_HOME,73b77ac3a0efb2c33a4498544c96bb702a656cbbfe17af18ec859c6d6b4c2142,True
1714,sappo_pi_A_specialist_1p5M_seed7100001,48532,1401568,684,46,,OP3,OPPONENT_POOL,train,map_a_open,-1,0,SCRIPTED:OP6,5,0,1,1,0,240,0.6399999856948853,0,3,0,103,0,0,0,0,0,0,0,0,0,0,0,0,0,0,0,0,67.0,6.12442881266276,-0.5,0.0,-0.009057402610778809,0.04999999701976776,0.0,0.0,-0.004000000189989805,-0.12281791120767593,map_a,map_a_open,RULESET_V3_M1_OWN_FLAG_HOME,73b77ac3a0efb2c33a4498544c96bb702a656cbbfe17af18ec859c6d6b4c2142,True
1715,sappo_pi_A_specialist_1p5M_seed7100001,48532,1401600,684,48,,OP3,OPPONENT_POOL,train,map_a_open,-1,0,SCRIPTED:OP6,5,0,0,0,0,240,0.5199999809265137,1,0,0,37,0,0,0,0,0,0,0,0,0,0,0,0,0,0,0,0,,11.499493408203126,-0.5,0.0,0.02267596125602722,0.04999999701976776,0.0,0.0,-0.00800000037997961,-0.12184929102659225,map_a,map_a_open,RULESET_V3_M1_OWN_FLAG_HOME,73b77ac3a0efb2c33a4498544c96bb702a656cbbfe17af18ec859c6d6b4c2142,True
1716,sappo_pi_A_specialist_1p5M_seed7100001,48532,1401600,684,48,,OP3,OPPONENT_POOL,train,map_a_open,-1,0,SCRIPTED:OP6,5,1,3,2,1,237,0.5600000023841858,1,0,0,116,0,0,0,0,0,0,0,0,0,0,0,0,0,0,0,0,77.0,4.092242920952004,1.0,0.5,-0.010193198919296265,0.0,1.0,100.0,0.0,0.5541584491729736,map_a,map_a_open,RULESET_V3_M1_OWN_FLAG_HOME,73b77ac3a0efb2c33a4498544c96bb702a656cbbfe17af18ec859c6d6b4c2142,True
1717,sappo_pi_A_specialist_1p5M_seed7100001,48532,1401824,684,62,,OP3,OPPONENT_POOL,train,map_a_open,-1,0,SCRIPTED:OP6,5,1,1,0,1,240,0.5199999809265137,1,0,0,41,0,0,0,0,0,0,0,0,0,0,0,0,0,0,0,0,49.0,9.975649007161458,1.0,0.0,-0.01342250406742096,0.04999999701976776,0.0,0.0,-0.004000000189989805,0.24612721800804138,map_a,map_a_open,RULESET_V3_M1_OWN_FLAG_HOME,73b77ac3a0efb2c33a4498544c96bb702a656cbbfe17af18ec859c6d6b4c2142,True
1718,sappo_pi_A_specialist_1p5M_seed7100001,48532,1402272,684,90,,OP3,OPPONENT_POOL,train,map_a_open,-1,0,SCRIPTED:OP6,5,1,3,0,3,143,0.5600000023841858,1,0,0,48,0,0,0,0,0,0,0,0,0,0,0,0,0,0,0,0,47.0,5.267774461866258,1.0,0.5,-0.01030285656452179,0.0,1.0,100.0,0.0,0.5541536808013916,map_a,map_a_open,RULESET_V3_M1_OWN_FLAG_HOME,73b77ac3a0efb2c33a4498544c96bb702a656cbbfe17af18ec859c6d6b4c2142,True
1719,sappo_pi_A_specialist_1p5M_seed7100001,48532,1402624,684,112,,OP3,OPPONENT_POOL,train,map_a_open,-1,0,SCRIPTED:OP6,5,1,1,0,1,240,0.4399999976158142,1,0,0,22,0,0,0,0,0,0,0,0,0,0,0,0,0,0,0,0,55.0,11.638301595052083,1.0,0.0,-0.007707491517066956,0.04999999701976776,0.0,0.0,0.0,0.24740177392959595,map_a,map_a_open,RULESET_V3_M1_OWN_FLAG_HOME,73b77ac3a0efb2c33a4498544c96bb702a656cbbfe17af18ec859c6d6b4c2142,True
1720,sappo_pi_A_specialist_1p5M_seed7100001,48532,1402656,684,114,,OP3,OPPONENT_POOL,train,map_a_open,-1,0,SCRIPTED:OP6,5,0,1,1,0,240,0.5999999642372131,1,0,0,56,0,0,0,0,0,0,0,0,0,0,0,0,0,0,0,0,41.0,8.872157796223958,-0.5,0.0,-0.0061408281326293945,0.04999999701976776,0.0,0.0,0.0,-0.12165328860282898,map_a,map_a_open,RULESET_V3_M1_OWN_FLAG_HOME,73b77ac3a0efb2c33a4498544c96bb702a656cbbfe17af18ec859c6d6b4c2142,True
1721,sappo_pi_A_specialist_1p5M_seed7100001,48532,1402656,684,114,,OP3,OPPONENT_POOL,train,map_a_open,-1,0,SCRIPTED:OP6,5,0,1,1,0,240,0.5600000023841858,1,0,0,84,0,0,0,0,0,0,0,0,0,0,0,0,0,0,0,0,104.0,6.692018636067709,-0.5,0.0,-0.02190728485584259,0.04999999701976776,0.0,0.0,-0.00800000037997961,-0.12459343671798706,map_a,map_a_open,RULESET_V3_M1_OWN_FLAG_HOME,73b77ac3a0efb2c33a4498544c96bb702a656cbbfe17af18ec859c6d6b4c2142,True
1722,sappo_pi_A_specialist_1p5M_seed7100001,48532,1403280,685,25,,OP3,OPPONENT_POOL,train,map_a_open,-1,0,SCRIPTED:OP6,5,1,2,1,1,240,0.5999999642372131,0,2,0,127,0,0,0,0,0,0,0,0,0,0,0,0,0,0,0,0,59.0,4.723826599121094,1.0,0.0,0.014087066054344177,0.02499999850988388,0.0,0.0,-0.00800000037997961,0.24533499777317047,map_a,map_a_open,RULESET_V3_M1_OWN_FLAG_HOME,73b77ac3a0efb2c33a4498544c96bb702a656cbbfe17af18ec859c6d6b4c2142,True
1723,sappo_pi_A_specialist_1p5M_seed7100001,48532,1403856,685,61,,OP3,OPPONENT_POOL,train,map_a_open,-1,0,SCRIPTED:OP6,5,0,1,1,0,240,0.35999998450279236,1,0,0,37,0,0,0,0,0,0,0,0,0,0,0,0,0,0,0,0,48.0,11.0019775390625,-0.5,0.0,0.0032405108213424683,0.04999999701976776,0.0,0.0,-0.004000000189989805,-0.12206080555915833,map_a,map_a_open,RULESET_V3_M1_OWN_FLAG_HOME,73b77ac3a0efb2c33a4498544c96bb702a656cbbfe17af18ec859c6d6b4c2142,True
1724,sappo_pi_A_specialist_1p5M_seed7100001,48532,1404176,685,81,,OP3,OPPONENT_POOL,train,map_a_open,-1,0,SCRIPTED:OP6,5,0,0,0,0,240,0.4399999976158142,0,1,0,13,0,0,0,0,0,0,0,0,0,0,0,0,0,0,0,0,,12.951198323567708,-0.5,0.0,0.007102504372596741,0.04999999701976776,0.0,0.0,0.0,-0.1208377480506897,map_a,map_a_open,RULESET_V3_M1_OWN_FLAG_HOME,73b77ac3a0efb2c33a4498544c96bb702a656cbbfe17af18ec859c6d6b4c2142,True
1725,sappo_pi_A_specialist_1p5M_seed7100001,48532,1404512,685,102,,OP3,OPPONENT_POOL,train,map_a_open,-1,0,SCRIPTED:OP6,5,1,3,0,3,168,0.35999998450279236,1,0,0,76,0,0,0,0,0,0,0,0,0,0,0,0,0,0,0,0,73.0,4.747897556849888,1.0,0.5,-0.009130865335464478,0.0,1.0,100.0,-0.004000000189989805,0.5535112619400024,map_a,map_a_open,RULESET_V3_M1_OWN_FLAG_HOME,73b77ac3a0efb2c33a4498544c96bb702a656cbbfe17af18ec859c6d6b4c2142,True
1726,sappo_pi_A_specialist_1p5M_seed7100001,48532,1404672,685,112,,OP3,OPPONENT_POOL,train,map_a_open,-1,0,SCRIPTED:OP6,5,0,1,1,0,240,0.47999998927116394,0,1,0,84,0,0,0,0,0,0,0,0,0,0,0,0,0,0,0,0,127.0,7.531282043457031,-0.5,0.0,-0.02135641872882843,0.04999999701976776,0.0,0.0,-0.004000000189989805,-0.12357492744922638,map_a,map_a_open,RULESET_V3_M1_OWN_FLAG_HOME,73b77ac3a0efb2c33a4498544c96bb702a656cbbfe17af18ec859c6d6b4c2142,True
1727,sappo_pi_A_specialist_1p5M_seed7100001,48532,1404736,685,116,,OP3,OPPONENT_POOL,train,map_a_open,-1,0,SCRIPTED:OP6,5,0,0,0,0,240,0.6399999856948853,1,0,0,21,0,0,0,0,0,0,0,0,0,0,0,0,0,0,0,0,,12.21205546061198,-0.5,0.0,-0.0038431137800216675,0.04999999701976776,0.0,0.0,-0.004000000189989805,-0.12249691784381866,map_a,map_a_open,RULESET_V3_M1_OWN_FLAG_HOME,73b77ac3a0efb2c33a4498544c96bb702a656cbbfe17af18ec859c6d6b4c2142,True
1728,sappo_pi_A_specialist_1p5M_seed7100001,48532,1404848,685,123,,OP3,OPPONENT_POOL,train,map_a_open,-1,0,SCRIPTED:OP6,5,1,2,0,2,240,0.47999998927116394,1,0,0,68,0,0,0,0,0,0,0,0,0,0,0,0,0,0,0,0,42.0,8.457817077636719,1.0,0.0,0.0013345181941986084,0.04986656829714775,0.0,0.0,-0.004000000189989805,0.24698562920093536,map_a,map_a_open,RULESET_V3_M1_OWN_FLAG_HOME,73b77ac3a0efb2c33a4498544c96bb702a656cbbfe17af18ec859c6d6b4c2142,True
1729,sappo_pi_A_specialist_1p5M_seed7100001,48532,1405168,686,15,,OP3,OPPONENT_POOL,train,map_a_open,-1,0,SCRIPTED:OP6,5,0,0,0,0,240,0.4399999976158142,1,0,0,29,0,0,0,0,0,0,0,0,0,0,0,0,0,0,0,0,,12.1759765625,-0.5,0.0,-0.007146164774894714,0.04999999701976776,0.0,0.0,0.0,-0.12171518802642822,map_a,map_a_open,RULESET_V3_M1_OWN_FLAG_HOME,73b77ac3a0efb2c33a4498544c96bb702a656cbbfe17af18ec859c6d6b4c2142,True
1730,sappo_pi_A_specialist_1p5M_seed7100001,48532,1405248,686,20,,OP3,OPPONENT_POOL,train,map_a_open,-1,0,SCRIPTED:OP6,5,0,0,0,0,240,0.47999998927116394,0,1,0,12,0,0,0,0,0,0,0,0,0,0,0,0,0,0,0,0,,13.295638020833334,-0.5,0.0,-0.0010422319173812866,0.04999999701976776,0.0,0.0,0.0,-0.12133932113647461,map_a,map_a_open,RULESET_V3_M1_OWN_FLAG_HOME,73b77ac3a0efb2c33a4498544c96bb702a656cbbfe17af18ec859c6d6b4c2142,True
1731,sappo_pi_A_specialist_1p5M_seed7100001,48532,1405408,686,30,,OP3,OPPONENT_POOL,train,map_a_open,-1,0,SCRIPTED:OP6,5,0,0,0,0,240,0.5600000023841858,1,0,0,20,0,0,0,0,0,0,0,0,0,0,0,0,0,0,0,0,,12.161519368489584,-0.5,0.0,0.006909608840942383,0.04999999701976776,0.0,0.0,-0.004000000189989805,-0.1218349039554596,map_a,map_a_open,RULESET_V3_M1_OWN_FLAG_HOME,73b77ac3a0efb2c33a4498544c96bb702a656cbbfe17af18ec859c6d6b4c2142,True
1732,sappo_pi_A_specialist_1p5M_seed7100001,48532,1405440,686,32,,OP3,OPPONENT_POOL,train,map_a_open,-1,0,SCRIPTED:OP6,5,0,0,1,-1,240,0.4399999976158142,1,0,0,27,0,0,0,0,0,0,0,0,0,0,0,0,0,0,0,0,60.0,11.266013590494792,-1.0,0.0,-0.001133739948272705,0.04999999701976776,0.0,0.0,-0.004000000189989805,-0.2429867535829544,map_a,map_a_open,RULESET_V3_M1_OWN_FLAG_HOME,73b77ac3a0efb2c33a4498544c96bb702a656cbbfe17af18ec859c6d6b4c2142,True
1733,sappo_pi_A_specialist_1p5M_seed7100001,48532,1405440,686,32,,OP3,OPPONENT_POOL,train,map_a_open,-1,0,SCRIPTED:OP6,5,0,0,0,0,240,0.4399999976158142,1,0,0,22,0,0,0,0,0,0,0,0,0,0,0,0,0,0,0,0,,13.023258463541667,-0.5,0.0,-0.004062339663505554,0.04999999701976776,0.0,0.0,-0.004000000189989805,-0.1225104108452797,map_a,map_a_open,RULESET_V3_M1_OWN_FLAG_HOME,73b77ac3a0efb2c33a4498544c96bb702a656cbbfe17af18ec859c6d6b4c2142,True
1734,sappo_pi_A_specialist_1p5M_seed7100001,48532,1406112,686,74,,OP3,OPPONENT_POOL,train,map_a_open,-1,0,SCRIPTED:OP6,5,1,2,0,2,240,0.5600000023841858,1,0,0,100,0,0,0,0,0,0,0,0,0,0,0,0,0,0,0,0,61.0,6.466108703613282,1.0,0.0,0.01518702507019043,0.04999999701976776,0.0,0.0,-0.004000000189989805,0.24780626595020294,map_a,map_a_open,RULESET_V3_M1_OWN_FLAG_HOME,73b77ac3a0efb2c33a4498544c96bb702a656cbbfe17af18ec859c6d6b4c2142,True
1735,sappo_pi_A_specialist_1p5M_seed7100001,48532,1406256,686,83,,OP3,OPPONENT_POOL,train,map_a_open,-1,0,SCRIPTED:OP6,5,1,3,0,3,88,0.47999998927116394,0,1,0,68,0,0,0,0,0,0,0,0,0,0,0,0,0,0,0,0,28.0,3.7552628950639204,1.0,0.5,-0.005937337875366211,0.0,1.0,100.0,0.0,0.5543427467346191,map_a,map_a_open,RULESET_V3_M1_OWN_FLAG_HOME,73b77ac3a0efb2c33a4498544c96bb702a656cbbfe17af18ec859c6d6b4c2142,True
1736,sappo_pi_A_specialist_1p5M_seed7100001,48532,1406464,686,96,,OP3,OPPONENT_POOL,train,map_a_open,-1,0,SCRIPTED:OP6,5,1,1,0,1,240,0.5600000023841858,1,0,0,33,0,0,0,0,0,0,0,0,0,0,0,0,0,0,0,0,78.0,10.654119873046875,1.0,0.0,0.0048300474882125854,0.049999892711639404,0.0,0.0,0.0,0.24813725054264069,map_a,map_a_open,RULESET_V3_M1_OWN_FLAG_HOME,73b77ac3a0efb2c33a4498544c96bb702a656cbbfe17af18ec859c6d6b4c2142,True
1737,sappo_pi_A_specialist_1p5M_seed7100001,48532,1406496,686,98,,OP3,OPPONENT_POOL,train,map_a_open,-1,0,SCRIPTED:OP6,5,1,2,0,2,240,0.47999998927116394,1,0,0,47,0,0,0,0,0,0,0,0,0,0,0,0,0,0,0,0,58.0,8.62333475748698,1.0,0.0,0.014167621731758118,0.04999999701976776,0.0,0.0,-0.004000000189989805,0.24774645268917084,map_a,map_a_open,RULESET_V3_M1_OWN_FLAG_HOME,73b77ac3a0efb2c33a4498544c96bb702a656cbbfe17af18ec859c6d6b4c2142,True
1738,sappo_pi_A_specialist_1p5M_seed7100001,48532,1406496,686,98,,OP3,OPPONENT_POOL,train,map_a_open,-1,0,SCRIPTED:OP6,5,1,2,0,2,240,0.5600000023841858,0,3,0,176,0,0,0,0,0,0,0,0,0,0,0,0,0,0,0,0,47.0,3.563731384277344,1.0,0.0,-0.010110527276992798,0.0,0.0,0.0,-0.00800000037997961,0.2424430251121521,map_a,map_a_open,RULESET_V3_M1_OWN_FLAG_HOME,73b77ac3a0efb2c33a4498544c96bb702a656cbbfe17af18ec859c6d6b4c2142,True
1739,sappo_pi_A_specialist_1p5M_seed7100001,48532,1407120,687,9,,OP3,OPPONENT_POOL,train,map_a_open,-1,0,SCRIPTED:OP6,5,0,0,0,0,240,0.35999998450279236,0,1,0,10,0,0,0,0,0,0,0,0,0,0,0,0,0,0,0,0,,13.175502522786458,-0.5,0.0,0.011666283011436462,0.04999999701976776,0.0,0.0,0.0,-0.12055666744709015,map_a,map_a_open,RULESET_V3_M1_OWN_FLAG_HOME,73b77ac3a0efb2c33a4498544c96bb702a656cbbfe17af18ec859c6d6b4c2142,True
1740,sappo_pi_A_specialist_1p5M_seed7100001,48532,1407696,687,45,,OP3,OPPONENT_POOL,train,map_a_open,-1,0,SCRIPTED:OP6,5,1,2,0,2,240,0.5600000023841858,1,0,0,63,0,0,0,0,0,0,0,0,0,0,0,0,0,0,0,0,117.0,6.396908569335937,1.0,0.0,-0.0026786774396896362,0.04999999701976776,0.0,0.0,0.0,0.24769680202007294,map_a,map_a_open,RULESET_V3_M1_OWN_FLAG_HOME,73b77ac3a0efb2c33a4498544c96bb702a656cbbfe17af18ec859c6d6b4c2142,True
1741,sappo_pi_A_specialist_1p5M_seed7100001,48532,1408016,687,65,,OP3,OPPONENT_POOL,train,map_a_open,-1,0,SCRIPTED:OP6,5,0,0,0,0,240,0.6800000071525574,1,0,0,11,0,0,0,0,0,0,0,0,0,0,0,0,0,0,0,0,,12.808583577473959,-0.5,0.0,-0.0016762465238571167,0.04999999701976776,0.0,0.0,-0.004000000189989805,-0.12236351519823074,map_a,map_a_open,RULESET_V3_M1_OWN_FLAG_HOME,73b77ac3a0efb2c33a4498544c96bb702a656cbbfe17af18ec859c6d6b4c2142,True
1742,sappo_pi_A_specialist_1p5M_seed7100001,48532,1408352,687,86,,OP3,OPPONENT_POOL,train,map_a_open,-1,0,SCRIPTED:OP6,5,0,0,0,0,240,0.4399999976158142,0,1,0,12,0,0,0,0,0,0,0,0,0,0,0,0,0,0,0,0,,12.811946614583333,-0.5,0.0,-0.007353946566581726,0.04999999701976776,0.0,0.0,-0.004000000189989805,-0.12271304428577423,map_a,map_a_open,RULESET_V3_M1_OWN_FLAG_HOME,73b77ac3a0efb2c33a4498544c96bb702a656cbbfe17af18ec859c6d6b4c2142,True
1743,sappo_pi_A_specialist_1p5M_seed7100001,48532,1408512,687,96,,OP3,OPPONENT_POOL,train,map_a_open,-1,0,SCRIPTED:OP6,5,0,2,2,0,240,0.5600000023841858,1,0,0,43,0,0,0,0,0,0,0,0,0,0,0,0,0,0,0,0,46.0,8.649209594726562,-0.5,0.0,0.013057887554168701,0.04999999701976776,0.0,0.0,-0.004000000189989805,-0.1214563176035881,map_a,map_a_open,RULESET_V3_M1_OWN_FLAG_HOME,73b77ac3a0efb2c33a4498544c96bb702a656cbbfe17af18ec859c6d6b4c2142,True
1744,sappo_pi_A_specialist_1p5M_seed7100001,48532,1408576,687,100,,OP3,OPPONENT_POOL,train,map_a_open,-1,0,SCRIPTED:OP6,5,1,2,1,1,240,0.4399999976158142,1,0,0,59,0,0,0,0,0,0,0,0,0,0,0,0,0,0,0,0,42.0,8.232309977213541,1.0,0.0,-0.006677493453025818,0.04999999701976776,0.0,0.0,0.0,0.247462198138237,map_a,map_a_open,RULESET_V3_M1_OWN_FLAG_HOME,73b77ac3a0efb2c33a4498544c96bb702a656cbbfe17af18ec859c6d6b4c2142,True
1745,sappo_pi_A_specialist_1p5M_seed7100001,48532,1409008,687,127,,OP3,OPPONENT_POOL,train,map_a_open,-1,0,SCRIPTED:OP6,5,1,1,0,1,240,0.4399999976158142,1,0,0,20,0,0,0,0,0,0,0,0,0,0,0,0,0,0,0,0,55.0,11.657748413085937,1.0,0.0,0.002927646040916443,0.04999999701976776,0.0,0.0,0.0,0.24802567064762115,map_a,map_a_open,RULESET_V3_M1_OWN_FLAG_HOME,73b77ac3a0efb2c33a4498544c96bb702a656cbbfe17af18ec859c6d6b4c2142,True
1746,sappo_pi_A_specialist_1p5M_seed7100001,48532,1409088,688,4,,OP3,OPPONENT_POOL,train,map_a_open,-1,0,SCRIPTED:OP6,5,1,2,0,2,240,0.4399999976158142,0,1,0,46,0,0,0,0,0,0,0,0,0,0,0,0,0,0,0,0,58.0,9.607712809244791,1.0,0.0,0.014149844646453857,0.04999999701976776,0.0,0.0,0.0,0.24868379533290863,map_a,map_a_open,RULESET_V3_M1_OWN_FLAG_HOME,73b77ac3a0efb2c33a4498544c96bb702a656cbbfe17af18ec859c6d6b4c2142,True
1747,sappo_pi_A_specialist_1p5M_seed7100001,48532,1409248,688,14,,OP3,OPPONENT_POOL,train,map_a_open,-1,0,SCRIPTED:OP6,5,1,1,0,1,240,0.47999998927116394,0,1,0,17,0,0,0,0,0,0,0,0,0,0,0,0,0,0,0,0,30.0,12.626680501302083,1.0,0.0,0.010510727763175964,0.04999999701976776,0.0,0.0,0.0,0.24847039580345154,map_a,map_a_open,RULESET_V3_M1_OWN_FLAG_HOME,73b77ac3a0efb2c33a4498544c96bb702a656cbbfe17af18ec859c6d6b4c2142,True
1748,sappo_pi_A_specialist_1p5M_seed7100001,48532,1409280,688,16,,OP3,OPPONENT_POOL,train,map_a_open,-1,0,SCRIPTED:OP6,5,0,0,0,0,240,0.2800000011920929,1,0,0,12,0,0,0,0,0,0,0,0,0,0,0,0,0,0,0,0,,13.31730448404948,-0.5,0.0,-0.014302745461463928,0.04999999701976776,0.0,0.0,0.0,-0.1221558228135109,map_a,map_a_open,RULESET_V3_M1_OWN_FLAG_HOME,73b77ac3a0efb2c33a4498544c96bb702a656cbbfe17af18ec859c6d6b4c2142,True
1749,sappo_pi_A_specialist_1p5M_seed7100001,48532,1409280,688,16,,OP3,OPPONENT_POOL,train,map_a_open,-1,0,SCRIPTED:OP6,5,0,0,0,0,240,0.47999998927116394,1,0,0,31,0,0,0,0,0,0,0,0,0,0,0,0,0,0,0,0,,11.54683837890625,-0.5,0.0,0.004120051860809326,0.04999999701976776,0.0,0.0,-0.004000000189989805,-0.12200665473937988,map_a,map_a_open,RULESET_V3_M1_OWN_FLAG_HOME,73b77ac3a0efb2c33a4498544c96bb702a656cbbfe17af18ec859c6d6b4c2142,True
1750,sappo_pi_A_specialist_1p5M_seed7100001,48532,1409952,688,58,,OP3,OPPONENT_POOL,train,map_a_open,-1,0,SCRIPTED:OP6,5,1,1,0,1,240,0.47999998927116394,0,1,0,37,0,0,0,0,0,0,0,0,0,0,0,0,0,0,0,0,45.0,11.748832194010417,1.0,0.0,0.018585413694381714,0.04999999701976776,0.0,0.0,0.0,0.24894386529922485,map_a,map_a_open,RULESET_V3_M1_OWN_FLAG_HOME,73b77ac3a0efb2c33a4498544c96bb702a656cbbfe17af18ec859c6d6b4c2142,True
1751,sappo_pi_A_specialist_1p5M_seed7100001,48532,1410096,688,67,,OP3,OPPONENT_POOL,train,map_a_open,-1,0,SCRIPTED:OP6,5,0,0,0,0,240,0.5199999809265137,1,0,0,60,0,0,0,0,0,0,0,0,0,0,0,0,0,0,0,0,,10.489776611328125,-0.5,0.0,-0.004790380597114563,0.04999999701976776,0.0,0.0,-0.004000000189989805,-0.12255523353815079,map_a,map_a_open,RULESET_V3_M1_OWN_FLAG_HOME,73b77ac3a0efb2c33a4498544c96bb702a656cbbfe17af18ec859c6d6b4c2142,True
1752,sappo_pi_A_specialist_1p5M_seed7100001,48532,1410304,688,80,,OP3,OPPONENT_POOL,train,map_a_open,-1,0,SCRIPTED:OP6,5,1,2,0,2,240,0.47999998927116394,1,0,0,25,0,0,0,0,0,0,0,0,0,0,0,0,0,0,0,0,44.0,10.055592854817709,1.0,0.0,-0.002634689211845398,0.04999999701976776,0.0,0.0,0.0,0.24769937992095947,map_a,map_a_open,RULESET_V3_M1_OWN_FLAG_HOME,73b77ac3a0efb2c33a4498544c96bb702a656cbbfe17af18ec859c6d6b4c2142,True
1753,sappo_pi_A_specialist_1p5M_seed7100001,48532,1410336,688,82,,OP3,OPPONENT_POOL,train,map_a_open,-1,0,SCRIPTED:OP6,5,1,1,0,1,240,0.47999998927116394,0,1,0,50,0,0,0,0,0,0,0,0,0,0,0,0,0,0,0,0,64.0,10.723411051432292,1.0,0.0,0.00692903995513916,0.04999999701976776,0.0,0.0,0.0,0.24826036393642426,map_a,map_a_open,RULESET_V3_M1_OWN_FLAG_HOME,73b77ac3a0efb2c33a4498544c96bb702a656cbbfe17af18ec859c6d6b4c2142,True
1754,sappo_pi_A_specialist_1p5M_seed7100001,48532,1410336,688,82,,OP3,OPPONENT_POOL,train,map_a_open,-1,0,SCRIPTED:OP6,5,1,1,0,1,240,0.5600000023841858,1,0,0,69,0,0,0,0,0,0,0,0,0,0,0,0,0,0,0,0,61.0,8.242230733235678,1.0,0.0,-0.019388869404792786,0.04999999701976776,0.0,0.0,0.0,0.2467162311077118,map_a,map_a_open,RULESET_V3_M1_OWN_FLAG_HOME,73b77ac3a0efb2c33a4498544c96bb702a656cbbfe17af18ec859c6d6b4c2142,True
1755,sappo_pi_A_specialist_1p5M_seed7100001,48532,1410448,688,89,,OP3,OPPONENT_POOL,train,map_a_open,-1,0,SCRIPTED:OP6,5,1,3,0,3,121,0.3199999928474426,1,0,0,62,0,0,0,0,0,0,0,0,0,0,0,0,0,0,0,0,34.0,4.594822907250775,1.0,0.5,-0.007740885019302368,0.0,1.0,100.0,0.0,0.5542646646499634,map_a,map_a_open,RULESET_V3_M1_OWN_FLAG_HOME,73b77ac3a0efb2c33a4498544c96bb702a656cbbfe17af18ec859c6d6b4c2142,True
1756,sappo_pi_A_specialist_1p5M_seed7100001,48532,1410960,688,121,,OP3,OPPONENT_POOL,train,map_a_open,-1,0,SCRIPTED:OP6,5,1,2,0,2,240,0.5199999809265137,0,3,0,99,0,0,0,0,0,0,0,0,0,0,0,0,0,0,0,0,52.0,7.669278462727864,1.0,0.0,-0.004697829484939575,0.04999999701976776,0.0,0.0,0.0,0.24757835268974304,map_a,map_a_open,RULESET_V3_M1_OWN_FLAG_HOME,73b77ac3a0efb2c33a4498544c96bb702a656cbbfe17af18ec859c6d6b4c2142,True
1757,sappo_pi_A_specialist_1p5M_seed7100001,48532,1410992,688,123,,OP3,OPPONENT_POOL,train,map_a_open,-1,0,SCRIPTED:OP6,5,1,3,0,3,151,0.35999998450279236,1,0,0,71,0,0,0,0,0,0,0,0,0,0,0,0,0,0,0,0,43.0,4.2411527317880795,1.0,0.5,-0.010106116533279419,0.0,1.0,100.0,-0.004000000189989805,0.5534689426422119,map_a,map_a_open,RULESET_V3_M1_OWN_FLAG_HOME,73b77ac3a0efb2c33a4498544c96bb702a656cbbfe17af18ec859c6d6b4c2142,True
1758,sappo_pi_A_specialist_1p5M_seed7100001,48532,1411536,689,29,,OP3,OPPONENT_POOL,train,map_a_open,-1,0,SCRIPTED:OP6,5,1,1,0,1,240,0.5600000023841858,0,1,0,69,0,0,0,0,0,0,0,0,0,0,0,0,0,0,0,0,92.0,9.402285766601562,1.0,0.0,-0.004039689898490906,0.04999999701976776,0.0,0.0,0.0,0.2476169615983963,map_a,map_a_open,RULESET_V3_M1_OWN_FLAG_HOME,73b77ac3a0efb2c33a4498544c96bb702a656cbbfe17af18ec859c6d6b4c2142,True
1759,sappo_pi_A_specialist_1p5M_seed7100001,48532,1411856,689,49,,OP3,OPPONENT_POOL,train,map_a_open,-1,0,SCRIPTED:OP6,5,1,1,0,1,240,0.5999999642372131,0,1,0,172,0,0,0,0,0,0,0,0,0,0,0,0,0,0,0,0,80.0,3.0411176045735675,1.0,0.0,0.008359730243682861,0.0,0.0,0.0,0.0,0.2454097419977188,map_a,map_a_open,RULESET_V3_M1_OWN_FLAG_HOME,73b77ac3a0efb2c33a4498544c96bb702a656cbbfe17af18ec859c6d6b4c2142,True
1760,sappo_pi_A_specialist_1p5M_seed7100001,48532,1412192,689,70,,OP3,OPPONENT_POOL,train,map_a_open,-1,0,SCRIPTED:OP6,5,1,1,0,1,240,0.35999998450279236,0,2,0,30,0,0,0,0,0,0,0,0,0,0,0,0,0,0,0,0,62.0,11.348640950520833,1.0,0.0,0.0011958777904510498,0.04999999701976776,0.0,0.0,0.0,0.2479241043329239,map_a,map_a_open,RULESET_V3_M1_OWN_FLAG_HOME,73b77ac3a0efb2c33a4498544c96bb702a656cbbfe17af18ec859c6d6b4c2142,True
1761,sappo_pi_A_specialist_1p5M_seed7100001,48532,1412608,689,96,,OP3,OPPONENT_POOL,train,map_a_open,-1,0,SCRIPTED:OP6,5,1,3,1,2,166,0.47999998927116394,1,0,0,61,0,0,0,0,0,0,0,0,0,0,0,0,0,0,0,0,37.0,5.337978868599397,1.0,0.5,-0.009721383452415466,0.0,1.0,100.0,-0.004000000189989805,0.553485631942749,map_a,map_a_open,RULESET_V3_M1_OWN_FLAG_HOME,73b77ac3a0efb2c33a4498544c96bb702a656cbbfe17af18ec859c6d6b4c2142,True
1762,sappo_pi_A_specialist_1p5M_seed7100001,48532,1412848,689,111,,OP3,OPPONENT_POOL,train,map_a_open,-1,0,SCRIPTED:OP6,5,1,1,0,1,240,0.35999998450279236,1,0,0,23,0,0,0,0,0,0,0,0,0,0,0,0,0,0,0,0,56.0,11.725079345703126,1.0,0.0,-0.018087580800056458,0.04999999701976776,0.0,0.0,-0.004000000189989805,0.24585330486297607,map_a,map_a_open,RULESET_V3_M1_OWN_FLAG_HOME,73b77ac3a0efb2c33a4498544c96bb702a656cbbfe17af18ec859c6d6b4c2142,True
1763,sappo_pi_A_specialist_1p5M_seed7100001,48532,1412928,689,116,,OP3,OPPONENT_POOL,train,map_a_open,-1,0,SCRIPTED:OP6,5,0,0,0,0,240,0.3999999761581421,1,0,0,10,0,0,0,0,0,0,0,0,0,0,0,0,0,0,0,0,,13.23268330891927,-0.5,0.0,-0.002175062894821167,0.04999999701976776,0.0,0.0,0.0,-0.12140908092260361,map_a,map_a_open,RULESET_V3_M1_OWN_FLAG_HOME,73b77ac3a0efb2c33a4498544c96bb702a656cbbfe17af18ec859c6d6b4c2142,True
1764,sappo_pi_A_specialist_1p5M_seed7100001,48532,1413088,689,126,,OP3,OPPONENT_POOL,train,map_a_open,-1,0,SCRIPTED:OP6,5,0,0,0,0,240,0.5199999809265137,1,0,0,27,0,0,0,0,0,0,0,0,0,0,0,0,0,0,0,0,,11.672117106119792,-0.5,0.0,-0.005637824535369873,0.04999583214521408,0.0,0.0,0.0,-0.12162256985902786,map_a,map_a_open,RULESET_V3_M1_OWN_FLAG_HOME,73b77ac3a0efb2c33a4498544c96bb702a656cbbfe17af18ec859c6d6b4c2142,True
1765,sappo_pi_A_specialist_1p5M_seed7100001,48532,1413120,689,128,,OP3,OPPONENT_POOL,train,map_a_open,-1,0,SCRIPTED:OP6,5,1,1,0,1,240,0.5199999809265137,1,0,0,39,0,0,0,0,0,0,0,0,0,0,0,0,0,0,0,0,43.0,11.025594075520834,1.0,0.0,-0.00016477704048156738,0.04999999701976776,0.0,0.0,0.0,0.24784427881240845,map_a,map_a_open,RULESET_V3_M1_OWN_FLAG_HOME,73b77ac3a0efb2c33a4498544c96bb702a656cbbfe17af18ec859c6d6b4c2142,True
1766,sappo_pi_A_specialist_1p5M_seed7100001,48532,1413120,689,128,,OP3,OPPONENT_POOL,train,map_a_open,-1,0,SCRIPTED:OP6,5,1,1,0,1,240,0.47999998927116394,1,0,0,23,0,0,0,0,0,0,0,0,0,0,0,0,0,0,0,0,33.0,12.423233032226562,1.0,0.0,0.012669667601585388,0.04999999701976776,0.0,0.0,-0.004000000189989805,0.24765856564044952,map_a,map_a_open,RULESET_V3_M1_OWN_FLAG_HOME,73b77ac3a0efb2c33a4498544c96bb702a656cbbfe17af18ec859c6d6b4c2142,True
1767,sappo_pi_A_specialist_1p5M_seed7100001,48532,1413936,690,51,,OP3,OPPONENT_POOL,train,map_a_open,-1,0,SCRIPTED:OP6,5,0,0,0,0,240,0.47999998927116394,1,0,0,13,0,0,0,0,0,0,0,0,0,0,0,0,0,0,0,0,,12.818050130208333,-0.5,0.0,0.001721024513244629,0.04999999701976776,0.0,0.0,0.0,-0.12116916477680206,map_a,map_a_open,RULESET_V3_M1_OWN_FLAG_HOME,73b77ac3a0efb2c33a4498544c96bb702a656cbbfe17af18ec859c6d6b4c2142,True
1768,sappo_pi_A_specialist_1p5M_seed7100001,48532,1414144,690,64,,OP3,OPPONENT_POOL,train,map_a_open,-1,0,SCRIPTED:OP6,5,1,2,1,1,240,0.2800000011920929,1,0,0,48,0,0,0,0,0,0,0,0,0,0,0,0,0,0,0,0,42.0,9.026576741536458,1.0,0.0,-0.020120710134506226,0.04999999701976776,0.0,0.0,-0.004000000189989805,0.24573390185832977,map_a,map_a_open,RULESET_V3_M1_OWN_FLAG_HOME,73b77ac3a0efb2c33a4498544c96bb702a656cbbfe17af18ec859c6d6b4c2142,True
1769,sappo_pi_A_specialist_1p5M_seed7100001,48532,1414176,690,66,,OP3,OPPONENT_POOL,train,map_a_open,-1,0,SCRIPTED:OP6,5,1,1,0,1,240,0.47999998927116394,1,0,0,40,0,0,0,0,0,0,0,0,0,0,0,0,0,0,0,0,33.0,10.849802652994791,1.0,0.0,0.003940016031265259,0.04999999701976776,0.0,0.0,0.0,0.24808503687381744,map_a,map_a_open,RULESET_V3_M1_OWN_FLAG_HOME,73b77ac3a0efb2c33a4498544c96bb702a656cbbfe17af18ec859c6d6b4c2142,True
1770,sappo_pi_A_specialist_1p5M_seed7100001,48532,1414176,690,66,,OP3,OPPONENT_POOL,train,map_a_open,-1,0,SCRIPTED:OP6,5,1,1,0,1,240,0.35999998450279236,0,1,0,32,0,0,0,0,0,0,0,0,0,0,0,0,0,0,0,0,67.0,11.190739949544271,1.0,0.0,0.006098657846450806,0.04999999701976776,0.0,0.0,0.0,0.24821165204048157,map_a,map_a_open,RULESET_V3_M1_OWN_FLAG_HOME,73b77ac3a0efb2c33a4498544c96bb702a656cbbfe17af18ec859c6d6b4c2142,True
1771,sappo_pi_A_specialist_1p5M_seed7100001,48532,1414288,690,73,,OP3,OPPONENT_POOL,train,map_a_open,-1,0,SCRIPTED:OP6,5,1,1,0,1,240,0.4399999976158142,0,1,0,95,0,0,0,0,0,0,0,0,0,0,0,0,0,0,0,0,59.0,7.731972249348958,1.0,0.0,0.0022464245557785034,0.04999999701976776,0.0,0.0,-0.004000000189989805,0.24704697728157043,map_a,map_a_open,RULESET_V3_M1_OWN_FLAG_HOME,73b77ac3a0efb2c33a4498544c96bb702a656cbbfe17af18ec859c6d6b4c2142,True
1772,sappo_pi_A_specialist_1p5M_seed7100001,48532,1414800,690,105,,OP3,OPPONENT_POOL,train,map_a_open,-1,0,SCRIPTED:OP6,5,1,2,0,2,240,0.5199999809265137,1,0,0,44,0,0,0,0,0,0,0,0,0,0,0,0,0,0,0,0,46.0,10.279400634765626,1.0,0.0,-0.0006044656038284302,0.04999999701976776,0.0,0.0,0.0,0.2478184849023819,map_a,map_a_open,RULESET_V3_M1_OWN_FLAG_HOME,73b77ac3a0efb2c33a4498544c96bb702a656cbbfe17af18ec859c6d6b4c2142,True
1773,sappo_pi_A_specialist_1p5M_seed7100001,48532,1414832,690,107,,OP3,OPPONENT_POOL,train,map_a_open,-1,0,SCRIPTED:OP6,5,1,1,0,1,240,0.4399999976158142,1,0,0,32,0,0,0,0,0,0,0,0,0,0,0,0,0,0,0,0,51.0,11.332088216145833,1.0,0.0,-0.014640703797340393,0.04999999701976776,0.0,0.0,-0.004000000189989805,0.24605567753314972,map_a,map_a_open,RULESET_V3_M1_OWN_FLAG_HOME,73b77ac3a0efb2c33a4498544c96bb702a656cbbfe17af18ec859c6d6b4c2142,True
1774,sappo_pi_A_specialist_1p5M_seed7100001,48532,1415376,691,13,,OP3,OPPONENT_POOL,train,map_a_open,-1,0,SCRIPTED:OP6,5,0,0,0,0,240,0.4399999976158142,1,0,0,22,0,0,0,0,0,0,0,0,0,0,0,0,0,0,0,0,,12.073966471354167,-0.5,0.0,0.011399820446968079,0.04999999701976776,0.0,0.0,0.0,-0.12057307362556458,map_a,map_a_open,RULESET_V3_M1_OWN_FLAG_HOME,73b77ac3a0efb2c33a4498544c96bb702a656cbbfe17af18ec859c6d6b4c2142,True
1775,sappo_pi_A_specialist_1p5M_seed7100001,48532,1415696,691,33,,OP3,OPPONENT_POOL,train,map_a_open,-1,0,SCRIPTED:OP6,5,0,0,0,0,240,0.4399999976158142,0,1,0,34,0,0,0,0,0,0,0,0,0,0,0,0,0,0,0,0,,11.444160970052083,-0.5,0.0,-0.0020091384649276733,0.04062499850988388,0.0,0.0,0.0,-0.12197612971067429,map_a,map_a_open,RULESET_V3_M1_OWN_FLAG_HOME,73b77ac3a0efb2c33a4498544c96bb702a656cbbfe17af18ec859c6d6b4c2142,True
1776,sappo_pi_A_specialist_1p5M_seed7100001,48532,1415808,691,40,,OP3,OPPONENT_POOL,train,map_a_open,-1,0,SCRIPTED:OP6,5,1,3,0,3,168,0.3999999761581421,0,3,0,80,0,0,0,0,0,0,0,0,0,0,0,0,0,0,0,0,92.0,3.5622896466936385,1.0,0.5,0.003600761294364929,0.0,1.0,100.0,-0.004000000189989805,0.5540629625320435,map_a,map_a_open,RULESET_V3_M1_OWN_FLAG_HOME,73b77ac3a0efb2c33a4498544c96bb702a656cbbfe17af18ec859c6d6b4c2142,True
1777,sappo_pi_A_specialist_1p5M_seed7100001,48532,1416032,691,54,,OP3,OPPONENT_POOL,train,map_a_open,-1,0,SCRIPTED:OP6,5,0,1,1,0,240,0.5600000023841858,0,3,0,145,0,0,0,0,0,0,0,0,0,0,0,0,0,0,0,0,171.0,4.364503987630209,-0.5,0.0,-0.017364591360092163,0.04999999701976776,0.0,0.0,0.0,-0.12234432995319366,map_a,map_a_open,RULESET_V3_M1_OWN_FLAG_HOME,73b77ac3a0efb2c33a4498544c96bb702a656cbbfe17af18ec859c6d6b4c2142,True
1778,sappo_pi_A_specialist_1p5M_seed7100001,48532,1416448,691,80,,OP3,OPPONENT_POOL,train,map_a_open,-1,0,SCRIPTED:OP6,5,1,2,0,2,240,0.5199999809265137,1,0,0,54,0,0,0,0,0,0,0,0,0,0,0,0,0,0,0,0,54.0,10.139082845052084,1.0,0.0,1.5944242477416992e-06,0.04999999701976776,0.0,0.0,-0.004000000189989805,0.24691522121429443,map_a,map_a_open,RULESET_V3_M1_OWN_FLAG_HOME,73b77ac3a0efb2c33a4498544c96bb702a656cbbfe17af18ec859c6d6b4c2142,True
1779,sappo_pi_A_specialist_1p5M_seed7100001,48532,1416688,691,95,,OP3,OPPONENT_POOL,train,map_a_open,-1,0,SCRIPTED:OP6,5,1,1,0,1,240,0.47999998927116394,1,0,0,25,0,0,0,0,0,0,0,0,0,0,0,0,0,0,0,0,40.0,11.639967854817709,1.0,0.0,-0.004175692796707153,0.04999999701976776,0.0,0.0,0.0,0.2476089894771576,map_a,map_a_open,RULESET_V3_M1_OWN_FLAG_HOME,73b77ac3a0efb2c33a4498544c96bb702a656cbbfe17af18ec859c6d6b4c2142,True
1780,sappo_pi_A_specialist_1p5M_seed7100001,48532,1416768,691,100,,OP3,OPPONENT_POOL,train,map_a_open,-1,0,SCRIPTED:OP6,5,0,0,0,0,240,0.5199999809265137,1,0,0,17,0,0,0,0,0,0,0,0,0,0,0,0,0,0,0,0,,11.744303385416666,-0.5,0.0,0.009146392345428467,0.04999983310699463,0.0,0.0,-0.004000000189989805,-0.12169718742370605,map_a,map_a_open,RULESET_V3_M1_OWN_FLAG_HOME,73b77ac3a0efb2c33a4498544c96bb702a656cbbfe17af18ec859c6d6b4c2142,True
1781,sappo_pi_A_specialist_1p5M_seed7100001,48532,1416928,691,110,,OP3,OPPONENT_POOL,train,map_a_open,-1,0,SCRIPTED:OP6,5,1,1,0,1,240,0.5199999809265137,1,0,0,35,0,0,0,0,0,0,0,0,0,0,0,0,0,0,0,0,62.0,10.966717529296876,1.0,0.0,0.004387855529785156,0.04999999701976776,0.0,0.0,0.0,0.24811133742332458,map_a,map_a_open,RULESET_V3_M1_OWN_FLAG_HOME,73b77ac3a0efb2c33a4498544c96bb702a656cbbfe17af18ec859c6d6b4c2142,True
1782,sappo_pi_A_specialist_1p5M_seed7100001,48532,1416960,691,112,,OP3,OPPONENT_POOL,train,map_a_open,-1,0,SCRIPTED:OP6,5,0,0,0,0,240,0.5600000023841858,0,2,0,44,0,0,0,0,0,0,0,0,0,0,0,0,0,0,0,0,,11.389675903320313,-0.5,0.0,0.010005220770835876,0.04999999701976776,0.0,0.0,0.0,-0.12065897136926651,map_a,map_a_open,RULESET_V3_M1_OWN_FLAG_HOME,73b77ac3a0efb2c33a4498544c96bb702a656cbbfe17af18ec859c6d6b4c2142,True
1783,sappo_pi_A_specialist_1p5M_seed7100001,48532,1417776,692,35,,OP3,OPPONENT_POOL,train,map_a_open,-1,0,SCRIPTED:OP6,5,1,1,0,1,240,0.4399999976158142,1,0,0,23,0,0,0,0,0,0,0,0,0,0,0,0,0,0,0,0,29.0,12.006850179036459,1.0,0.0,-0.003852352499961853,0.049999941140413284,0.0,0.0,-0.004000000189989805,0.24668903648853302,map_a,map_a_open,RULESET_V3_M1_OWN_FLAG_HOME,73b77ac3a0efb2c33a4498544c96bb702a656cbbfe17af18ec859c6d6b4c2142,True
1784,sappo_pi_A_specialist_1p5M_seed7100001,48532,1417984,692,48,,OP3,OPPONENT_POOL,train,map_a_open,-1,0,SCRIPTED:OP6,5,0,1,1,0,240,0.5199999809265137,1,0,0,37,0,0,0,0,0,0,0,0,0,0,0,0,0,0,0,0,69.0,10.127306111653645,-0.5,0.0,0.0010185390710830688,0.04999999701976776,0.0,0.0,-0.004000000189989805,-0.12219761312007904,map_a,map_a_open,RULESET_V3_M1_OWN_FLAG_HOME,73b77ac3a0efb2c33a4498544c96bb702a656cbbfe17af18ec859c6d6b4c2142,True
1785,sappo_pi_A_specialist_1p5M_seed7100001,48532,1418016,692,50,,OP3,OPPONENT_POOL,train,map_a_open,-1,0,SCRIPTED:OP6,5,0,0,1,-1,240,0.5199999809265137,1,0,0,25,0,0,0,0,0,0,0,0,0,0,0,0,0,0,0,0,51.0,11.501905314127605,-1.0,0.0,0.003988549113273621,0.04999999701976776,0.0,0.0,0.0,-0.24174417555332184,map_a,map_a_open,RULESET_V3_M1_OWN_FLAG_HOME,73b77ac3a0efb2c33a4498544c96bb702a656cbbfe17af18ec859c6d6b4c2142,True
1786,sappo_pi_A_specialist_1p5M_seed7100001,48532,1418016,692,50,,OP3,OPPONENT_POOL,train,map_a_open,-1,0,SCRIPTED:OP6,5,0,0,0,0,240,0.4399999976158142,1,0,0,48,0,0,0,0,0,0,0,0,0,0,0,0,0,0,0,0,,11.052309163411458,-0.5,0.0,0.010110393166542053,0.04999999701976776,0.0,0.0,0.0,-0.12065249681472778,map_a,map_a_open,RULESET_V3_M1_OWN_FLAG_HOME,73b77ac3a0efb2c33a4498544c96bb702a656cbbfe17af18ec859c6d6b4c2142,True
1787,sappo_pi_A_specialist_1p5M_seed7100001,48532,1418128,692,57,,OP3,OPPONENT_POOL,train,map_a_open,-1,0,SCRIPTED:OP6,5,1,1,0,1,240,0.3999999761581421,1,0,0,35,0,0,0,0,0,0,0,0,0,0,0,0,0,0,0,0,31.0,11.014730834960938,1.0,0.0,0.007124260067939758,0.04999999701976776,0.0,0.0,-0.004000000189989805,0.24733322858810425,map_a,map_a_open,RULESET_V3_M1_OWN_FLAG_HOME,73b77ac3a0efb2c33a4498544c96bb702a656cbbfe17af18ec859c6d6b4c2142,True
1788,sappo_pi_A_specialist_1p5M_seed7100001,48532,1418640,692,89,,OP3,OPPONENT_POOL,train,map_a_open,-1,0,SCRIPTED:OP6,5,0,0,0,0,240,0.3999999761581421,1,0,0,10,0,0,0,0,0,0,0,0,0,0,0,0,0,0,0,0,,13.389996337890626,-0.5,0.0,0.019405871629714966,0.04999999701976776,0.0,0.0,0.0,-0.12007994204759598,map_a,map_a_open,RULESET_V3_M1_OWN_FLAG_HOME,73b77ac3a0efb2c33a4498544c96bb702a656cbbfe17af18ec859c6d6b4c2142,True
1789,sappo_pi_A_specialist_1p5M_seed7100001,48532,1418672,692,91,,OP3,OPPONENT_POOL,train,map_a_open,-1,0,SCRIPTED:OP6,5,0,0,0,0,240,0.35999998450279236,1,0,0,12,0,0,0,0,0,0,0,0,0,0,0,0,0,0,0,0,,12.87934061686198,-0.5,0.0,0.007922381162643433,0.04999999701976776,0.0,0.0,-0.004000000189989805,-0.12177254259586334,map_a,map_a_open,RULESET_V3_M1_OWN_FLAG_HOME,73b77ac3a0efb2c33a4498544c96bb702a656cbbfe17af18ec859c6d6b4c2142,True
1790,sappo_pi_A_specialist_1p5M_seed7100001,48532,1418768,692,97,,OP3,OPPONENT_POOL,train,map_a_open,-1,0,SCRIPTED:OP6,5,1,3,0,3,145,0.4399999976158142,1,0,0,64,0,0,0,0,0,0,0,0,0,0,0,0,0,0,0,0,70.0,4.834266399515086,1.0,0.5,-0.010088980197906494,0.0,1.0,100.0,-0.004000000189989805,0.5534696578979492,map_a,map_a_open,RULESET_V3_M1_OWN_FLAG_HOME,73b77ac3a0efb2c33a4498544c96bb702a656cbbfe17af18ec859c6d6b4c2142,True
1791,sappo_pi_A_specialist_1p5M_seed7100001,48532,1419216,692,125,,OP3,OPPONENT_POOL,train,map_a_open,-1,0,SCRIPTED:OP6,5,1,1,0,1,240,0.4399999976158142,0,1,0,31,0,0,0,0,0,0,0,0,0,0,0,0,0,0,0,0,46.0,11.775640869140625,1.0,0.0,-0.012905627489089966,0.04999999701976776,0.0,0.0,-0.00800000037997961,0.2452179342508316,map_a,map_a_open,RULESET_V3_M1_OWN_FLAG_HOME,73b77ac3a0efb2c33a4498544c96bb702a656cbbfe17af18ec859c6d6b4c2142,True
1792,sappo_pi_A_specialist_1p5M_seed7100001,48532,1419536,693,17,,OP3,OPPONENT_POOL,train,map_a_open,-1,0,SCRIPTED:OP6,5,0,0,0,0,240,0.3999999761581421,1,0,0,31,0,0,0,0,0,0,0,0,0,0,0,0,0,0,0,0,,11.6443115234375,-0.5,0.0,-0.005840852856636047,0.04999998211860657,0.0,0.0,-0.004000000189989805,-0.12261989712715149,map_a,map_a_open,RULESET_V3_M1_OWN_FLAG_HOME,73b77ac3a0efb2c33a4498544c96bb702a656cbbfe17af18ec859c6d6b4c2142,True
1793,sappo_pi_A_specialist_1p5M_seed7100001,48532,1419648,693,24,,OP3,OPPONENT_POOL,train,map_a_open,-1,0,SCRIPTED:OP6,5,0,0,0,0,240,0.5199999809265137,0,1,0,61,0,0,0,0,0,0,0,0,0,0,0,0,0,0,0,0,,9.266400146484376,-0.5,0.0,-0.008933305740356445,0.04999999701976776,0.0,0.0,-0.004000000189989805,-0.12281027436256409,map_a,map_a_open,RULESET_V3_M1_OWN_FLAG_HOME,73b77ac3a0efb2c33a4498544c96bb702a656cbbfe17af18ec859c6d6b4c2142,True
1794,sappo_pi_A_specialist_1p5M_seed7100001,48532,1419872,693,38,,OP3,OPPONENT_POOL,train,map_a_open,-1,0,SCRIPTED:OP6,5,1,1,0,1,240,0.5199999809265137,1,0,0,21,0,0,0,0,0,0,0,0,0,0,0,0,0,0,0,0,59.0,11.428512573242188,1.0,0.0,0.009551867842674255,0.04999999701976776,0.0,0.0,-0.00800000037997961,0.24653665721416473,map_a,map_a_open,RULESET_V3_M1_OWN_FLAG_HOME,73b77ac3a0efb2c33a4498544c96bb702a656cbbfe17af18ec859c6d6b4c2142,True
1795,sappo_pi_A_specialist_1p5M_seed7100001,48532,1419952,693,43,,OP3,OPPONENT_POOL,train,map_a_open,-1,0,SCRIPTED:OP6,5,1,3,1,2,187,0.5600000023841858,1,0,0,71,0,0,0,0,0,0,0,0,0,0,0,0,0,0,0,0,46.0,5.351824265750334,1.0,0.5,-0.009110033512115479,0.0,1.0,100.0,0.0,0.5542054176330566,map_a,map_a_open,RULESET_V3_M1_OWN_FLAG_HOME,73b77ac3a0efb2c33a4498544c96bb702a656cbbfe17af18ec859c6d6b4c2142,True
1796,sappo_pi_A_specialist_1p5M_seed7100001,48532,1420528,693,79,,OP3,OPPONENT_POOL,train,map_a_open,-1,0,SCRIPTED:OP6,5,0,1,1,0,240,0.47999998927116394,1,0,0,127,0,0,0,0,0,0,0,0,0,0,0,0,0,0,0,0,172.0,4.82335459391276,-0.5,0.0,-0.0012466609477996826,0.0,0.0,0.0,-0.00800000037997961,-0.1263982653617859,map_a,map_a_open,RULESET_V3_M1_OWN_FLAG_HOME,73b77ac3a0efb2c33a4498544c96bb702a656cbbfe17af18ec859c6d6b4c2142,True
1797,sappo_pi_A_specialist_1p5M_seed7100001,48532,1420608,693,84,,OP3,OPPONENT_POOL,train,map_a_open,-1,0,SCRIPTED:OP6,5,1,1,0,1,240,0.5600000023841858,1,0,0,23,0,0,0,0,0,0,0,0,0,0,0,0,0,0,0,0,43.0,11.887811279296875,1.0,0.0,0.005632147192955017,0.04999999701976776,0.0,0.0,-0.004000000189989805,0.2472456693649292,map_a,map_a_open,RULESET_V3_M1_OWN_FLAG_HOME,73b77ac3a0efb2c33a4498544c96bb702a656cbbfe17af18ec859c6d6b4c2142,True
1798,sappo_pi_A_specialist_1p5M_seed7100001,48532,1420768,693,94,,OP3,OPPONENT_POOL,train,map_a_open,-1,0,SCRIPTED:OP6,5,1,2,1,1,240,0.4399999976158142,0,3,0,123,0,0,0,0,0,0,0,0,0,0,0,0,0,0,0,0,57.0,4.659932454427083,1.0,0.0,-0.007498413324356079,0.04999999701976776,0.0,0.0,0.0,0.2474140226840973,map_a,map_a_open,RULESET_V3_M1_OWN_FLAG_HOME,73b77ac3a0efb2c33a4498544c96bb702a656cbbfe17af18ec859c6d6b4c2142,True
1799,sappo_pi_A_specialist_1p5M_seed7100001,48532,1421328,694,1,,OP3,OPPONENT_POOL,train,map_a_open,-1,0,SCRIPTED:OP6,5,1,3,0,3,166,0.5999999642372131,0,2,0,71,0,0,0,0,0,0,0,0,0,0,0,0,0,0,0,0,54.0,5.024477671427899,1.0,0.5,-0.009571865200996399,0.0,1.0,100.0,0.0,0.5541853904724121,map_a,map_a_open,RULESET_V3_M1_OWN_FLAG_HOME,73b77ac3a0efb2c33a4498544c96bb702a656cbbfe17af18ec859c6d6b4c2142,True
1800,sappo_pi_A_specialist_1p5M_seed7100001,48532,1421616,694,19,,OP3,OPPONENT_POOL,train,map_a_open,-1,0,SCRIPTED:OP6,5,1,2,0,2,240,0.5199999809265137,1,0,0,78,0,0,0,0,0,0,0,0,0,0,0,0,0,0,0,0,40.0,6.690826924641927,1.0,0.0,-0.01953384280204773,0.04999999701976776,0.0,0.0,-0.004000000189989805,0.24576836824417114,map_a,map_a_open,RULESET_V3_M1_OWN_FLAG_HOME,73b77ac3a0efb2c33a4498544c96bb702a656cbbfe17af18ec859c6d6b4c2142,True
1801,sappo_pi_A_specialist_1p5M_seed7100001,48532,1421824,694,32,,OP3,OPPONENT_POOL,train,map_a_open,-1,0,SCRIPTED:OP6,5,1,1,0,1,240,0.47999998927116394,1,0,0,32,0,0,0,0,0,0,0,0,0,0,0,0,0,0,0,0,57.0,11.47623799641927,1.0,0.0,-0.00014209747314453125,0.04999999701976776,0.0,0.0,-0.00800000037997961,0.2459675371646881,map_a,map_a_open,RULESET_V3_M1_OWN_FLAG_HOME,73b77ac3a0efb2c33a4498544c96bb702a656cbbfe17af18ec859c6d6b4c2142,True
1802,sappo_pi_A_specialist_1p5M_seed7100001,48532,1421856,694,34,,OP3,OPPONENT_POOL,train,map_a_open,-1,0,SCRIPTED:OP6,5,1,2,0,2,240,0.3999999761581421,1,0,0,54,0,0,0,0,0,0,0,0,0,0,0,0,0,0,0,0,56.0,9.375829060872396,1.0,0.0,-0.0013908594846725464,0.04999999701976776,0.0,0.0,0.0,0.24777236580848694,map_a,map_a_open,RULESET_V3_M1_OWN_FLAG_HOME,73b77ac3a0efb2c33a4498544c96bb702a656cbbfe17af18ec859c6d6b4c2142,True
1803,sappo_pi_A_specialist_1p5M_seed7100001,48532,1421856,694,34,,OP3,OPPONENT_POOL,train,map_a_open,-1,0,SCRIPTED:OP6,5,0,0,0,0,240,0.6800000071525574,0,1,0,53,0,0,0,0,0,0,0,0,0,0,0,0,0,0,0,0,,11.34385986328125,-0.5,0.0,-0.009329080581665039,0.04999999701976776,0.0,0.0,-0.004000000189989805,-0.12283463776111603,map_a,map_a_open,RULESET_V3_M1_OWN_FLAG_HOME,73b77ac3a0efb2c33a4498544c96bb702a656cbbfe17af18ec859c6d6b4c2142,True
1804,sappo_pi_A_specialist_1p5M_seed7100001,48532,1421968,694,41,,OP3,OPPONENT_POOL,train,map_a_open,-1,0,SCRIPTED:OP6,5,1,2,0,2,240,0.5999999642372131,1,0,0,48,0,0,0,0,0,0,0,0,0,0,0,0,0,0,0,0,75.0,7.606893412272135,1.0,0.0,0.0018180310726165771,0.04999999701976776,0.0,0.0,-0.004000000189989805,0.2470218390226364,map_a,map_a_open,RULESET_V3_M1_OWN_FLAG_HOME,73b77ac3a0efb2c33a4498544c96bb702a656cbbfe17af18ec859c6d6b4c2142,True
1805,sappo_pi_A_specialist_1p5M_seed7100001,48532,1422080,694,48,,OP3,OPPONENT_POOL,train,map_a_open,-1,0,SCRIPTED:OP6,5,1,3,1,2,138,0.3199999928474426,1,0,0,40,0,0,0,0,0,0,0,0,0,0,0,0,0,0,0,0,37.0,5.33462303272192,1.0,0.5,-0.010208740830421448,0.0,1.0,100.0,0.0,0.5541578531265259,map_a,map_a_open,RULESET_V3_M1_OWN_FLAG_HOME,73b77ac3a0efb2c33a4498544c96bb702a656cbbfe17af18ec859c6d6b4c2142,True
1806,sappo_pi_A_specialist_1p5M_seed7100001,48532,1422480,694,73,,OP3,OPPONENT_POOL,train,map_a_open,-1,0,SCRIPTED:OP6,5,1,1,0,1,240,0.3999999761581421,1,0,0,31,0,0,0,0,0,0,0,0,0,0,0,0,0,0,0,0,46.0,11.3301513671875,1.0,0.0,0.012711003422737122,0.04999999701976776,0.0,0.0,0.0,0.24859941005706787,map_a,map_a_open,RULESET_V3_M1_OWN_FLAG_HOME,73b77ac3a0efb2c33a4498544c96bb702a656cbbfe17af18ec859c6d6b4c2142,True
1807,sappo_pi_A_specialist_1p5M_seed7100001,48532,1422608,694,81,,OP3,OPPONENT_POOL,train,map_a_open,-1,0,SCRIPTED:OP6,5,1,2,0,2,240,0.47999998927116394,0,1,0,59,0,0,0,0,0,0,0,0,0,0,0,0,0,0,0,0,46.0,9.044164021809896,1.0,0.0,0.00042364001274108887,0.04999999701976776,0.0,0.0,0.0,0.2478787899017334,map_a,map_a_open,RULESET_V3_M1_OWN_FLAG_HOME,73b77ac3a0efb2c33a4498544c96bb702a656cbbfe17af18ec859c6d6b4c2142,True
1808,sappo_pi_A_specialist_1p5M_seed7100001,48532,1423056,694,109,,OP3,OPPONENT_POOL,train,map_a_open,-1,0,SCRIPTED:OP6,5,1,1,0,1,240,0.2800000011920929,1,0,0,59,0,0,0,0,0,0,0,0,0,0,0,0,0,0,0,0,55.0,10.225406901041667,1.0,0.0,0.009344756603240967,0.04999999701976776,0.0,0.0,0.0,0.24840202927589417,map_a,map_a_open,RULESET_V3_M1_OWN_FLAG_HOME,73b77ac3a0efb2c33a4498544c96bb702a656cbbfe17af18ec859c6d6b4c2142,True
1809,sappo_pi_A_specialist_1p5M_seed7100001,48532,1423376,695,1,,OP3,OPPONENT_POOL,train,map_a_open,-1,0,SCRIPTED:OP6,5,1,1,0,1,240,0.5199999809265137,1,0,0,48,0,0,0,0,0,0,0,0,0,0,0,0,0,0,0,0,45.0,10.585009765625,1.0,0.0,-0.00809486210346222,0.04999999701976776,0.0,0.0,0.0,0.24737901985645294,map_a,map_a_open,RULESET_V3_M1_OWN_FLAG_HOME,73b77ac3a0efb2c33a4498544c96bb702a656cbbfe17af18ec859c6d6b4c2142,True
1810,sappo_pi_A_specialist_1p5M_seed7100001,48532,1423488,695,8,,OP3,OPPONENT_POOL,train,map_a_open,-1,0,SCRIPTED:OP6,5,1,2,0,2,240,0.47999998927116394,1,0,0,40,0,0,0,0,0,0,0,0,0,0,0,0,0,0,0,0,30.0,10.30515645345052,1.0,0.0,-0.007484525442123413,0.04999999701976776,0.0,0.0,0.0,0.24741484224796295,map_a,map_a_open,RULESET_V3_M1_OWN_FLAG_HOME,73b77ac3a0efb2c33a4498544c96bb702a656cbbfe17af18ec859c6d6b4c2142,True
1811,sappo_pi_A_specialist_1p5M_seed7100001,48532,1423792,695,27,,OP3,OPPONENT_POOL,train,map_a_open,-1,0,SCRIPTED:OP6,5,0,0,1,-1,240,0.5199999809265137,1,0,0,25,0,0,0,0,0,0,0,0,0,0,0,0,0,0,0,0,54.0,11.592964680989583,-1.0,0.0,-0.008855476975440979,0.04999999701976776,-0.699999988079071,-70.0,0.0,-0.39897429943084717,map_a,map_a_open,RULESET_V3_M1_OWN_FLAG_HOME,73b77ac3a0efb2c33a4498544c96bb702a656cbbfe17af18ec859c6d6b4c2142,True
1812,sappo_pi_A_specialist_1p5M_seed7100001,48532,1424368,695,63,,OP3,OPPONENT_POOL,train,map_a_open,-1,0,SCRIPTED:OP6,5,1,2,0,2,240,0.4399999976158142,1,0,0,73,0,0,0,0,0,0,0,0,0,0,0,0,0,0,0,0,41.0,7.460558064778646,1.0,0.0,0.004046499729156494,0.04999999701976776,0.0,0.0,-0.004000000189989805,0.24715261161327362,map_a,map_a_open,RULESET_V3_M1_OWN_FLAG_HOME,73b77ac3a0efb2c33a4498544c96bb702a656cbbfe17af18ec859c6d6b4c2142,True
1813,sappo_pi_A_specialist_1p5M_seed7100001,48532,1424448,695,68,,OP3,OPPONENT_POOL,train,map_a_open,-1,0,SCRIPTED:OP6,5,1,2,0,2,240,0.4399999976158142,0,2,0,68,0,0,0,0,0,0,0,0,0,0,0,0,0,0,0,0,46.0,9.17705586751302,1.0,0.0,-0.0014718621969223022,0.04999999701976776,0.0,0.0,-0.004000000189989805,0.24682874977588654,map_a,map_a_open,RULESET_V3_M1_OWN_FLAG_HOME,73b77ac3a0efb2c33a4498544c96bb702a656cbbfe17af18ec859c6d6b4c2142,True
1814,sappo_pi_A_specialist_1p5M_seed7100001,48532,1424608,695,78,,OP3,OPPONENT_POOL,train,map_a_open,-1,0,SCRIPTED:OP6,5,1,1,0,1,240,0.47999998927116394,1,0,0,37,0,0,0,0,0,0,0,0,0,0,0,0,0,0,0,0,42.0,10.362353515625,1.0,0.0,0.00573478639125824,0.04999999701976776,0.0,0.0,-0.004000000189989805,0.2472516894340515,map_a,map_a_open,RULESET_V3_M1_OWN_FLAG_HOME,73b77ac3a0efb2c33a4498544c96bb702a656cbbfe17af18ec859c6d6b4c2142,True
1815,sappo_pi_A_specialist_1p5M_seed7100001,48532,1425168,695,113,,OP3,OPPONENT_POOL,train,map_a_open,-1,0,SCRIPTED:OP6,5,0,0,0,0,240,0.47999998927116394,1,0,0,42,0,0,0,0,0,0,0,0,0,0,0,0,0,0,0,0,,11.1390380859375,-0.5,0.0,-0.0023957043886184692,0.04999999701976776,0.0,0.0,-0.00800000037997961,-0.12339270859956741,map_a,map_a_open,RULESET_V3_M1_OWN_FLAG_HOME,73b77ac3a0efb2c33a4498544c96bb702a656cbbfe17af18ec859c6d6b4c2142,True
1816,sappo_pi_A_specialist_1p5M_seed7100001,48532,1425456,696,3,,OP3,OPPONENT_POOL,train,map_a_open,-1,0,SCRIPTED:OP6,5,1,1,0,1,240,0.4399999976158142,0,1,0,32,0,0,0,0,0,0,0,0,0,0,0,0,0,0,0,0,47.0,11.13672587076823,1.0,0.0,0.0007833689451217651,0.04999999701976776,0.0,0.0,0.0,0.2478998899459839,map_a,map_a_open,RULESET_V3_M1_OWN_FLAG_HOME,73b77ac3a0efb2c33a4498544c96bb702a656cbbfe17af18ec859c6d6b4c2142,True
1817,sappo_pi_A_specialist_1p5M_seed7100001,48532,1425664,696,16,,OP3,OPPONENT_POOL,train,map_a_open,-1,0,SCRIPTED:OP6,5,0,0,0,0,240,0.4399999976158142,1,0,0,15,0,0,0,0,0,0,0,0,0,0,0,0,0,0,0,0,,12.919743855794271,-0.5,0.0,0.011366665363311768,0.04999999701976776,0.0,0.0,0.0,-0.12057511508464813,map_a,map_a_open,RULESET_V3_M1_OWN_FLAG_HOME,73b77ac3a0efb2c33a4498544c96bb702a656cbbfe17af18ec859c6d6b4c2142,True
1818,sappo_pi_A_specialist_1p5M_seed7100001,48532,1425696,696,18,,OP3,OPPONENT_POOL,train,map_a_open,-1,0,SCRIPTED:OP6,5,0,0,0,0,240,0.4399999976158142,1,0,0,3,0,0,0,0,0,0,0,0,0,0,0,0,0,0,0,0,,13.484474690755208,-0.5,0.0,-0.00025278329849243164,0.04999999701976776,0.0,0.0,0.0,-0.12129071354866028,map_a,map_a_open,RULESET_V3_M1_OWN_FLAG_HOME,73b77ac3a0efb2c33a4498544c96bb702a656cbbfe17af18ec859c6d6b4c2142,True
1819,sappo_pi_A_specialist_1p5M_seed7100001,48532,1425696,696,18,,OP3,OPPONENT_POOL,train,map_a_open,-1,0,SCRIPTED:OP6,5,1,2,1,1,240,0.47999998927116394,1,0,0,106,0,0,0,0,0,0,0,0,0,0,0,0,0,0,0,0,33.0,4.840023803710937,1.0,0.0,0.011392682790756226,0.04999999701976776,0.0,0.0,0.0,0.24852213263511658,map_a,map_a_open,RULESET_V3_M1_OWN_FLAG_HOME,73b77ac3a0efb2c33a4498544c96bb702a656cbbfe17af18ec859c6d6b4c2142,True
1820,sappo_pi_A_specialist_1p5M_seed7100001,48532,1425808,696,25,,OP3,OPPONENT_POOL,train,map_a_open,-1,0,SCRIPTED:OP6,5,1,1,0,1,240,0.5199999809265137,1,0,0,21,0,0,0,0,0,0,0,0,0,0,0,0,0,0,0,0,32.0,12.225131225585937,1.0,0.0,0.003673166036605835,0.005624999292194843,0.0,0.0,-0.004000000189989805,0.24452486634254456,map_a,map_a_open,RULESET_V3_M1_OWN_FLAG_HOME,73b77ac3a0efb2c33a4498544c96bb702a656cbbfe17af18ec859c6d6b4c2142,True
1821,sappo_pi_A_specialist_1p5M_seed7100001,48532,1425920,696,32,,OP3,OPPONENT_POOL,train,map_a_open,-1,0,SCRIPTED:OP6,5,1,2,0,2,240,0.47999998927116394,1,0,0,55,0,0,0,0,0,0,0,0,0,0,0,0,0,0,0,0,42.0,9.469596354166667,1.0,0.0,-0.0036776214838027954,0.04999999701976776,0.0,0.0,0.0,0.24763819575309753,map_a,map_a_open,RULESET_V3_M1_OWN_FLAG_HOME,73b77ac3a0efb2c33a4498544c96bb702a656cbbfe17af18ec859c6d6b4c2142,True
1822,sappo_pi_A_specialist_1p5M_seed7100001,48532,1426320,696,57,,OP3,OPPONENT_POOL,train,map_a_open,-1,0,SCRIPTED:OP6,5,0,0,0,0,240,0.5600000023841858,1,0,0,11,0,0,0,0,0,0,0,0,0,0,0,0,0,0,0,0,,13.18087158203125,-0.5,0.0,0.006440550088882446,0.04999999701976776,0.0,0.0,-0.004000000189989805,-0.12186378240585327,map_a,map_a_open,RULESET_V3_M1_OWN_FLAG_HOME,73b77ac3a0efb2c33a4498544c96bb702a656cbbfe17af18ec859c6d6b4c2142,True
1823,sappo_pi_A_specialist_1p5M_seed7100001,48532,1426448,696,65,,OP3,OPPONENT_POOL,train,map_a_open,-1,0,SCRIPTED:OP6,5,0,1,1,0,240,0.35999998450279236,1,0,0,42,0,0,0,0,0,0,0,0,0,0,0,0,0,0,0,0,49.0,9.377831013997396,-0.5,0.0,0.0008530467748641968,0.04999993368983269,0.0,0.0,0.0,-0.1212226152420044,map_a,map_a_open,RULESET_V3_M1_OWN_FLAG_HOME,73b77ac3a0efb2c33a4498544c96bb702a656cbbfe17af18ec859c6d6b4c2142,True
1824,sappo_pi_A_specialist_1p5M_seed7100001,48532,1426544,696,71,,OP3,OPPONENT_POOL,train,map_a_open,-1,0,SCRIPTED:OP6,5,1,3,0,3,121,0.35999998450279236,1,0,0,47,0,0,0,0,0,0,0,0,0,0,0,0,0,0,0,0,44.0,4.530662347462552,1.0,0.5,-0.010147273540496826,0.0,1.0,100.0,-0.004000000189989805,0.5534671545028687,map_a,map_a_open,RULESET_V3_M1_OWN_FLAG_HOME,73b77ac3a0efb2c33a4498544c96bb702a656cbbfe17af18ec859c6d6b4c2142,True
1825,sappo_pi_A_specialist_1p5M_seed7100001,48532,1426896,696,93,,OP3,OPPONENT_POOL,train,map_a_open,-1,0,SCRIPTED:OP6,5,0,0,0,0,240,0.5999999642372131,1,0,0,28,0,0,0,0,0,0,0,0,0,0,0,0,0,0,0,0,,12.058956909179688,-0.5,0.0,0.005799517035484314,0.04999999701976776,0.0,0.0,-0.00800000037997961,-0.12288827449083328,map_a,map_a_open,RULESET_V3_M1_OWN_FLAG_HOME,73b77ac3a0efb2c33a4498544c96bb702a656cbbfe17af18ec859c6d6b4c2142,True
1826,sappo_pi_A_specialist_1p5M_seed7100001,48532,1427216,696,113,,OP3,OPPONENT_POOL,train,map_a_open,-1,0,SCRIPTED:OP6,5,0,0,1,-1,240,0.5600000023841858,0,1,0,18,0,0,0,0,0,0,0,0,0,0,0,0,0,0,0,0,55.0,11.740709431966145,-1.0,0.0,0.009898737072944641,0.04999999701976776,0.0,0.0,0.0,-0.24139632284641266,map_a,map_a_open,RULESET_V3_M1_OWN_FLAG_HOME,73b77ac3a0efb2c33a4498544c96bb702a656cbbfe17af18ec859c6d6b4c2142,True
1827,sappo_pi_A_specialist_1p5M_seed7100001,48532,1427328,696,120,,OP3,OPPONENT_POOL,train,map_a_open,-1,0,SCRIPTED:OP6,5,1,2,0,2,240,0.5199999809265137,1,0,0,81,0,0,0,0,0,0,0,0,0,0,0,0,0,0,0,0,66.0,8.874613444010416,1.0,0.0,0.0043357908725738525,0.04999999701976776,0.0,0.0,-0.004000000189989805,0.2471695989370346,map_a,map_a_open,RULESET_V3_M1_OWN_FLAG_HOME,73b77ac3a0efb2c33a4498544c96bb702a656cbbfe17af18ec859c6d6b4c2142,True
1828,sappo_pi_A_specialist_1p5M_seed7100001,48532,1427632,697,11,,OP3,OPPONENT_POOL,train,map_a_open,-1,0,SCRIPTED:OP6,5,1,2,0,2,240,0.47999998927116394,1,0,0,69,0,0,0,0,0,0,0,0,0,0,0,0,0,0,0,0,57.0,8.422823079427083,1.0,0.0,0.0037238895893096924,0.04999992623925209,0.0,0.0,0.0,0.24807237088680267,map_a,map_a_open,RULESET_V3_M1_OWN_FLAG_HOME,73b77ac3a0efb2c33a4498544c96bb702a656cbbfe17af18ec859c6d6b4c2142,True
1829,sappo_pi_A_specialist_1p5M_seed7100001,48532,1428208,697,47,,OP3,OPPONENT_POOL,train,map_a_open,-1,0,SCRIPTED:OP6,5,1,2,0,2,240,0.5999999642372131,1,0,0,32,0,0,0,0,0,0,0,0,0,0,0,0,0,0,0,0,56.0,9.947585042317709,1.0,0.0,-0.023872166872024536,0.014999999664723873,0.0,0.0,0.0,0.2443973273038864,map_a,map_a_open,RULESET_V3_M1_OWN_FLAG_HOME,73b77ac3a0efb2c33a4498544c96bb702a656cbbfe17af18ec859c6d6b4c2142,True
1830,sappo_pi_A_specialist_1p5M_seed7100001,48532,1428288,697,52,,OP3,OPPONENT_POOL,train,map_a_open,-1,0,SCRIPTED:OP6,5,1,1,0,1,240,0.4399999976158142,1,0,0,38,0,0,0,0,0,0,0,0,0,0,0,0,0,0,0,0,56.0,10.255450439453124,1.0,0.0,0.004357784986495972,0.04999999701976776,0.0,0.0,0.0,0.24810956418514252,map_a,map_a_open,RULESET_V3_M1_OWN_FLAG_HOME,73b77ac3a0efb2c33a4498544c96bb702a656cbbfe17af18ec859c6d6b4c2142,True
1831,sappo_pi_A_specialist_1p5M_seed7100001,48532,1428560,697,69,,OP3,OPPONENT_POOL,train,map_a_open,-1,0,SCRIPTED:OP6,5,1,3,1,2,126,0.4399999976158142,1,0,0,41,0,0,0,0,0,0,0,0,0,0,0,0,0,0,0,0,27.0,5.291652618892609,1.0,0.5,-0.00746801495552063,0.0,1.0,100.0,-0.004000000189989805,0.5535832643508911,map_a,map_a_open,RULESET_V3_M1_OWN_FLAG_HOME,73b77ac3a0efb2c33a4498544c96bb702a656cbbfe17af18ec859c6d6b4c2142,True
1832,sappo_pi_A_specialist_1p5M_seed7100001,48532,1429008,697,97,,OP3,OPPONENT_POOL,train,map_a_open,-1,0,SCRIPTED:OP6,5,0,0,0,0,240,0.4399999976158142,1,0,0,10,0,0,0,0,0,0,0,0,0,0,0,0,0,0,0,0,,13.130797322591146,-0.5,0.0,-0.007918030023574829,0.04999999701976776,0.0,0.0,-0.004000000189989805,-0.12274777144193649,map_a,map_a_open,RULESET_V3_M1_OWN_FLAG_HOME,73b77ac3a0efb2c33a4498544c96bb702a656cbbfe17af18ec859c6d6b4c2142,True
1833,sappo_pi_A_specialist_1p5M_seed7100001,48532,1429296,697,115,,OP3,OPPONENT_POOL,train,map_a_open,-1,0,SCRIPTED:OP6,5,1,1,0,1,240,0.3999999761581421,1,0,0,21,0,0,0,0,0,0,0,0,0,0,0,0,0,0,0,0,49.0,11.984158325195313,1.0,0.0,0.0021928101778030396,0.04999999701976776,0.0,0.0,-0.004000000189989805,0.24704383313655853,map_a,map_a_open,RULESET_V3_M1_OWN_FLAG_HOME,73b77ac3a0efb2c33a4498544c96bb702a656cbbfe17af18ec859c6d6b4c2142,True
1834,sappo_pi_A_specialist_1p5M_seed7100001,48532,1429504,697,128,,OP3,OPPONENT_POOL,train,map_a_open,-1,0,SCRIPTED:OP6,5,1,2,0,2,240,0.5199999809265137,1,0,0,28,0,0,0,0,0,0,0,0,0,0,0,0,0,0,0,0,44.0,11.18138936360677,1.0,0.0,-0.009132161736488342,0.04999999701976776,0.0,0.0,0.0,0.24731816351413727,map_a,map_a_open,RULESET_V3_M1_OWN_FLAG_HOME,73b77ac3a0efb2c33a4498544c96bb702a656cbbfe17af18ec859c6d6b4c2142,True
1835,sappo_pi_A_specialist_1p5M_seed7100001,48532,1429536,698,2,,OP3,OPPONENT_POOL,train,map_a_open,-1,0,SCRIPTED:OP6,5,1,2,0,2,240,0.35999998450279236,1,0,0,26,0,0,0,0,0,0,0,0,0,0,0,0,0,0,0,0,28.0,11.118746948242187,1.0,0.0,-0.016932040452957153,0.04999999701976776,0.0,0.0,0.0,0.24686045944690704,map_a,map_a_open,RULESET_V3_M1_OWN_FLAG_HOME,73b77ac3a0efb2c33a4498544c96bb702a656cbbfe17af18ec859c6d6b4c2142,True
1836,sappo_pi_A_specialist_1p5M_seed7100001,48532,1429536,698,2,,OP3,OPPONENT_POOL,train,map_a_open,-1,0,SCRIPTED:OP6,5,1,1,0,1,240,0.5600000023841858,0,1,0,58,0,0,0,0,0,0,0,0,0,0,0,0,0,0,0,0,79.0,9.996802775065104,1.0,0.0,0.0187978595495224,0.04999999701976776,0.0,0.0,0.0,0.2489563226699829,map_a,map_a_open,RULESET_V3_M1_OWN_FLAG_HOME,73b77ac3a0efb2c33a4498544c96bb702a656cbbfe17af18ec859c6d6b4c2142,True
1837,sappo_pi_A_specialist_1p5M_seed7100001,48532,1429648,698,9,,OP3,OPPONENT_POOL,train,map_a_open,-1,0,SCRIPTED:OP6,5,0,0,0,0,240,0.5600000023841858,1,0,0,21,0,0,0,0,0,0,0,0,0,0,0,0,0,0,0,0,,12.447617594401041,-0.5,0.0,-0.005638435482978821,0.04999999701976776,0.0,0.0,-0.004000000189989805,-0.12260743975639343,map_a,map_a_open,RULESET_V3_M1_OWN_FLAG_HOME,73b77ac3a0efb2c33a4498544c96bb702a656cbbfe17af18ec859c6d6b4c2142,True
1838,sappo_pi_A_specialist_1p5M_seed7100001,48532,1429760,698,16,,OP3,OPPONENT_POOL,train,map_a_open,-1,0,SCRIPTED:OP6,5,1,1,0,1,240,0.4399999976158142,0,3,0,177,0,0,0,0,0,0,0,0,0,0,0,0,0,0,0,0,202.0,3.8798975626627605,1.0,0.0,0.020594432950019836,0.04999999701976776,0.0,0.0,0.0,0.24906162917613983,map_a,map_a_open,RULESET_V3_M1_OWN_FLAG_HOME,73b77ac3a0efb2c33a4498544c96bb702a656cbbfe17af18ec859c6d6b4c2142,True
1839,sappo_pi_A_specialist_1p5M_seed7100001,48532,1430160,698,41,,OP3,OPPONENT_POOL,train,map_a_open,-1,0,SCRIPTED:OP6,5,1,1,0,1,240,0.4399999976158142,1,0,0,17,0,0,0,0,0,0,0,0,0,0,0,0,0,0,0,0,54.0,11.480623372395833,1.0,0.0,-0.011651337146759033,0.04999999701976776,0.0,0.0,0.0,0.2471703439950943,map_a,map_a_open,RULESET_V3_M1_OWN_FLAG_HOME,73b77ac3a0efb2c33a4498544c96bb702a656cbbfe17af18ec859c6d6b4c2142,True
1840,sappo_pi_A_specialist_1p5M_seed7100001,48532,1430288,698,49,,OP3,OPPONENT_POOL,train,map_a_open,-1,0,SCRIPTED:OP6,5,0,0,0,0,240,0.47999998927116394,1,0,0,31,0,0,0,0,0,0,0,0,0,0,0,0,0,0,0,0,,12.324228922526041,-0.5,0.0,-0.006135433912277222,0.04999999701976776,0.0,0.0,-0.004000000189989805,-0.1226380318403244,map_a,map_a_open,RULESET_V3_M1_OWN_FLAG_HOME,73b77ac3a0efb2c33a4498544c96bb702a656cbbfe17af18ec859c6d6b4c2142,True
1841,sappo_pi_A_specialist_1p5M_seed7100001,48532,1430720,698,76,,OP3,OPPONENT_POOL,train,map_a_open,-1,0,SCRIPTED:OP6,5,1,3,0,3,135,0.5999999642372131,0,1,0,64,0,0,0,0,0,0,0,0,0,0,0,0,0,0,0,0,34.0,4.610518844039352,1.0,0.5,0.007190018892288208,0.0,1.0,100.0,-0.004000000189989805,0.5542184114456177,map_a,map_a_open,RULESET_V3_M1_OWN_FLAG_HOME,73b77ac3a0efb2c33a4498544c96bb702a656cbbfe17af18ec859c6d6b4c2142,True
1842,sappo_pi_A_specialist_1p5M_seed7100001,48532,1430736,698,77,,OP3,OPPONENT_POOL,train,map_a_open,-1,0,SCRIPTED:OP6,5,0,1,1,0,240,0.5199999809265137,0,2,0,71,0,0,0,0,0,0,0,0,0,0,0,0,0,0,0,0,39.0,7.809462483723959,-0.5,0.0,-0.0024282485246658325,0.04995402321219444,0.0,0.0,0.0,-0.1214275062084198,map_a,map_a_open,RULESET_V3_M1_OWN_FLAG_HOME,73b77ac3a0efb2c33a4498544c96bb702a656cbbfe17af18ec859c6d6b4c2142,True
1843,sappo_pi_A_specialist_1p5M_seed7100001,48532,1431056,698,97,,OP3,OPPONENT_POOL,train,map_a_open,-1,0,SCRIPTED:OP6,5,0,0,0,0,240,0.35999998450279236,1,0,0,14,0,0,0,0,0,0,0,0,0,0,0,0,0,0,0,0,,12.810066731770833,-0.5,0.0,0.0096893310546875,0.04999999701976776,0.0,0.0,-0.004000000189989805,-0.12166374921798706,map_a,map_a_open,RULESET_V3_M1_OWN_FLAG_HOME,73b77ac3a0efb2c33a4498544c96bb702a656cbbfe17af18ec859c6d6b4c2142,True
1844,sappo_pi_A_specialist_1p5M_seed7100001,48532,1431168,698,104,,OP3,OPPONENT_POOL,train,map_a_open,-1,0,SCRIPTED:OP6,5,1,2,0,2,240,0.5199999809265137,1,0,0,114,0,0,0,0,0,0,0,0,0,0,0,0,0,0,0,0,95.0,5.744477844238281,1.0,0.0,0.00088481605052948,0.04999999701976776,0.0,0.0,0.0,0.24790583550930023,map_a,map_a_open,RULESET_V3_M1_OWN_FLAG_HOME,73b77ac3a0efb2c33a4498544c96bb702a656cbbfe17af18ec859c6d6b4c2142,True
1845,sappo_pi_A_specialist_1p5M_seed7100001,48532,1431472,698,123,,OP3,OPPONENT_POOL,train,map_a_open,-1,0,SCRIPTED:OP6,5,1,1,0,1,240,0.47999998927116394,0,1,0,52,0,0,0,0,0,0,0,0,0,0,0,0,0,0,0,0,54.0,9.911495971679688,1.0,0.0,0.012659594416618347,0.04999999701976776,0.0,0.0,0.0,0.2485964298248291,map_a,map_a_open,RULESET_V3_M1_OWN_FLAG_HOME,73b77ac3a0efb2c33a4498544c96bb702a656cbbfe17af18ec859c6d6b4c2142,True
1846,sappo_pi_A_specialist_1p5M_seed7100001,48532,1432048,699,31,,OP3,OPPONENT_POOL,train,map_a_open,-1,0,SCRIPTED:OP6,5,1,1,0,1,240,0.5600000023841858,0,1,0,49,0,0,0,0,0,0,0,0,0,0,0,0,0,0,0,0,42.0,9.529697672526042,1.0,0.0,-0.006113648414611816,0.04999999701976776,0.0,0.0,-0.004000000189989805,0.24655631184577942,map_a,map_a_open,RULESET_V3_M1_OWN_FLAG_HOME,73b77ac3a0efb2c33a4498544c96bb702a656cbbfe17af18ec859c6d6b4c2142,True
1847,sappo_pi_A_specialist_1p5M_seed7100001,48532,1432128,699,36,,OP3,OPPONENT_POOL,train,map_a_open,-1,0,SCRIPTED:OP6,5,1,1,0,1,240,0.35999998450279236,1,0,0,155,0,0,0,0,0,0,0,0,0,0,0,0,0,0,0,0,104.0,4.2379300435384115,1.0,0.0,-0.0014827549457550049,0.0,0.0,0.0,-0.004000000189989805,0.24389125406742096,map_a,map_a_open,RULESET_V3_M1_OWN_FLAG_HOME,73b77ac3a0efb2c33a4498544c96bb702a656cbbfe17af18ec859c6d6b4c2142,True
1848,sappo_pi_A_specialist_1p5M_seed7100001,48532,1432848,699,81,,OP3,OPPONENT_POOL,train,map_a_open,-1,0,SCRIPTED:OP6,5,1,2,1,1,240,0.4399999976158142,1,0,0,60,0,0,0,0,0,0,0,0,0,0,0,0,0,0,0,0,47.0,7.457573954264323,1.0,0.0,0.013561248779296875,0.04999999701976776,0.0,0.0,-0.004000000189989805,0.24771086871623993,map_a,map_a_open,RULESET_V3_M1_OWN_FLAG_HOME,73b77ac3a0efb2c33a4498544c96bb702a656cbbfe17af18ec859c6d6b4c2142,True
1849,sappo_pi_A_specialist_1p5M_seed7100001,48532,1433136,699,99,,OP3,OPPONENT_POOL,train,map_a_open,-1,0,SCRIPTED:OP6,5,0,0,0,0,240,0.3999999761581421,0,1,0,16,0,0,0,0,0,0,0,0,0,0,0,0,0,0,0,0,,13.096045939127604,-0.5,0.0,-0.0021245628595352173,0.04999999701976776,0.0,0.0,0.0,-0.12140598148107529,map_a,map_a_open,RULESET_V3_M1_OWN_FLAG_HOME,73b77ac3a0efb2c33a4498544c96bb702a656cbbfe17af18ec859c6d6b4c2142,True
1850,sappo_pi_A_specialist_1p5M_seed7100001,48532,1433344,699,112,,OP3,OPPONENT_POOL,train,map_a_open,-1,0,SCRIPTED:OP6,5,1,1,0,1,240,0.7199999690055847,1,0,0,89,0,0,0,0,0,0,0,0,0,0,0,0,0,0,0,0,50.0,6.674500528971354,1.0,0.0,0.017721086740493774,0.04999999701976776,0.0,0.0,0.0,0.24889317154884338,map_a,map_a_open,RULESET_V3_M1_OWN_FLAG_HOME,73b77ac3a0efb2c33a4498544c96bb702a656cbbfe17af18ec859c6d6b4c2142,True
1851,sappo_pi_A_specialist_1p5M_seed7100001,48532,1433376,699,114,,OP3,OPPONENT_POOL,train,map_a_open,-1,0,SCRIPTED:OP6,5,0,0,0,0,240,0.47999998927116394,0,4,0,55,0,0,0,0,0,0,0,0,0,0,0,0,0,0,0,0,,10.221199544270833,-0.5,0.0,0.010888054966926575,0.04999999701976776,0.0,0.0,0.0,-0.12060459703207016,map_a,map_a_open,RULESET_V3_M1_OWN_FLAG_HOME,73b77ac3a0efb2c33a4498544c96bb702a656cbbfe17af18ec859c6d6b4c2142,True
1852,sappo_pi_A_specialist_1p5M_seed7100001,48532,1433376,699,114,,OP3,OPPONENT_POOL,train,map_a_open,-1,0,SCRIPTED:OP6,5,0,0,0,0,240,0.47999998927116394,0,1,0,15,0,0,0,0,0,0,0,0,0,0,0,0,0,0,0,0,,12.911219278971354,-0.5,0.0,0.0008799433708190918,0.0499567948281765,0.0,0.0,0.0,-0.12122362107038498,map_a,map_a_open,RULESET_V3_M1_OWN_FLAG_HOME,73b77ac3a0efb2c33a4498544c96bb702a656cbbfe17af18ec859c6d6b4c2142,True
1853,sappo_pi_A_specialist_1p5M_seed7100001,48532,1433488,699,121,,OP3,OPPONENT_POOL,train,map_a_open,-1,0,SCRIPTED:OP6,5,1,1,0,1,240,0.47999998927116394,1,0,0,31,0,0,0,0,0,0,0,0,0,0,0,0,0,0,0,0,70.0,10.91719462076823,1.0,0.0,0.003027811646461487,0.04999999701976776,0.0,0.0,0.0,0.24803154170513153,map_a,map_a_open,RULESET_V3_M1_OWN_FLAG_HOME,73b77ac3a0efb2c33a4498544c96bb702a656cbbfe17af18ec859c6d6b4c2142,True
1854,sappo_pi_A_specialist_1p5M_seed7100001,48532,1433600,699,128,,OP3,OPPONENT_POOL,train,map_a_open,-1,0,SCRIPTED:OP6,5,0,0,0,0,240,0.4399999976158142,1,0,0,48,0,0,0,0,0,0,0,0,0,0,0,0,0,0,0,0,,10.683477783203125,-0.5,0.0,-0.010471776127815247,0.04999999701976776,0.0,0.0,0.0,-0.12191995233297348,map_a,map_a_open,RULESET_V3_M1_OWN_FLAG_HOME,73b77ac3a0efb2c33a4498544c96bb702a656cbbfe17af18ec859c6d6b4c2142,True
1855,sappo_pi_A_specialist_1p5M_seed7100001,48532,1434000,700,25,,OP3,OPPONENT_POOL,train,map_a_open,-1,0,SCRIPTED:OP6,5,0,0,0,0,240,0.5199999809265137,1,0,0,26,0,0,0,0,0,0,0,0,0,0,0,0,0,0,0,0,,12.447664388020833,-0.5,0.0,0.007352873682975769,0.04999999701976776,0.0,0.0,0.0,-0.12082232534885406,map_a,map_a_open,RULESET_V3_M1_OWN_FLAG_HOME,73b77ac3a0efb2c33a4498544c96bb702a656cbbfe17af18ec859c6d6b4c2142,True
1856,sappo_pi_A_specialist_1p5M_seed7100001,48532,1434128,700,33,,OP3,OPPONENT_POOL,train,map_a_open,-1,0,SCRIPTED:OP6,5,0,0,0,0,240,0.5199999809265137,1,0,0,21,0,0,0,0,0,0,0,0,0,0,0,0,0,0,0,0,,12.000687662760416,-0.5,0.0,0.022693201899528503,0.04999999701976776,0.0,0.0,-0.004000000189989805,-0.12086295336484909,map_a,map_a_open,RULESET_V3_M1_OWN_FLAG_HOME,73b77ac3a0efb2c33a4498544c96bb702a656cbbfe17af18ec859c6d6b4c2142,True
1857,sappo_pi_A_specialist_1p5M_seed7100001,48532,1434496,700,56,,OP3,OPPONENT_POOL,train,map_a_open,-1,0,SCRIPTED:OP6,5,1,3,0,3,103,0.47999998927116394,0,1,0,43,0,0,0,0,0,0,0,0,0,0,0,0,0,0,0,0,28.0,4.561335887723756,1.0,0.5,-0.0005570650100708008,0.0,1.0,100.0,0.0,0.5545756220817566,map_a,map_a_open,RULESET_V3_M1_OWN_FLAG_HOME,73b77ac3a0efb2c33a4498544c96bb702a656cbbfe17af18ec859c6d6b4c2142,True
1858,sappo_pi_A_specialist_1p5M_seed7100001,48532,1434560,700,60,,OP3,OPPONENT_POOL,train,map_a_open,-1,0,SCRIPTED:OP6,5,1,1,0,1,240,0.4399999976158142,1,0,0,6,0,0,0,0,0,0,0,0,0,0,0,0,0,0,0,0,26.0,12.792740885416666,1.0,0.0,-0.00993281602859497,0.04999999701976776,0.0,0.0,0.0,0.24727119505405426,map_a,map_a_open,RULESET_V3_M1_OWN_FLAG_HOME,73b77ac3a0efb2c33a4498544c96bb702a656cbbfe17af18ec859c6d6b4c2142,True
1859,sappo_pi_A_specialist_1p5M_seed7100001,48532,1434576,700,61,,OP3,OPPONENT_POOL,train,map_a_open,-1,0,SCRIPTED:OP6,5,0,0,0,0,240,0.5199999809265137,1,0,0,19,0,0,0,0,0,0,0,0,0,0,0,0,0,0,0,0,,11.383306884765625,-0.5,0.0,0.013987794518470764,0.04999999701976776,0.0,0.0,0.0,-0.12041367590427399,map_a,map_a_open,RULESET_V3_M1_OWN_FLAG_HOME,73b77ac3a0efb2c33a4498544c96bb702a656cbbfe17af18ec859c6d6b4c2142,True
1860,sappo_pi_A_specialist_1p5M_seed7100001,48532,1434624,700,64,,OP3,OPPONENT_POOL,train,map_a_open,-1,0,SCRIPTED:OP6,5,0,1,3,-2,161,0.47999998927116394,1,0,0,50,0,0,0,0,0,0,0,0,0,0,0,0,0,0,0,0,70.0,5.964082516498447,-1.0,-0.5,-0.020766615867614746,0.0,-1.0,-100.0,-0.00800000037997961,-0.5568791031837463,map_a,map_a_open,RULESET_V3_M1_OWN_FLAG_HOME,73b77ac3a0efb2c33a4498544c96bb702a656cbbfe17af18ec859c6d6b4c2142,True
1861,sappo_pi_A_specialist_1p5M_seed7100001,48532,1434880,700,80,,OP3,OPPONENT_POOL,train,map_a_open,-1,0,SCRIPTED:OP6,5,1,3,1,2,239,0.47999998927116394,0,3,0,107,0,0,0,0,0,0,0,0,0,0,0,0,0,0,0,0,104.0,4.417873238918672,1.0,0.5,-0.007658958435058594,0.0,1.0,100.0,0.0,0.5542682409286499,map_a,map_a_open,RULESET_V3_M1_OWN_FLAG_HOME,73b77ac3a0efb2c33a4498544c96bb702a656cbbfe17af18ec859c6d6b4c2142,True
1862,sappo_pi_A_specialist_1p5M_seed7100001,48532,1435008,700,88,,OP3,OPPONENT_POOL,train,map_a_open,-1,0,SCRIPTED:OP6,5,0,0,0,0,240,0.35999998450279236,1,0,0,16,0,0,0,0,0,0,0,0,0,0,0,0,0,0,0,0,,12.985947672526041,-0.5,0.0,-0.002579331398010254,0.04999999701976776,0.0,0.0,0.0,-0.12143398076295853,map_a,map_a_open,RULESET_V3_M1_OWN_FLAG_HOME,73b77ac3a0efb2c33a4498544c96bb702a656cbbfe17af18ec859c6d6b4c2142,True
1863,sappo_pi_A_specialist_1p5M_seed7100001,48532,1435312,700,107,,OP3,OPPONENT_POOL,train,map_a_open,-1,0,SCRIPTED:OP6,5,0,0,0,0,240,0.4399999976158142,1,0,0,26,0,0,0,0,0,0,0,0,0,0,0,0,0,0,0,0,,11.294595336914062,-0.5,0.0,-0.005291789770126343,0.04999999701976776,0.0,0.0,0.0,-0.12160100042819977,map_a,map_a_open,RULESET_V3_M1_OWN_FLAG_HOME,73b77ac3a0efb2c33a4498544c96bb702a656cbbfe17af18ec859c6d6b4c2142,True
1864,sappo_pi_A_specialist_1p5M_seed7100001,48532,1435968,701,20,,OP3,OPPONENT_POOL,train,map_a_open,-1,0,SCRIPTED:OP6,5,1,1,0,1,240,0.4399999976158142,0,1,0,111,0,0,0,0,0,0,0,0,0,0,0,0,0,0,0,0,73.0,4.73438466389974,1.0,0.0,0.008448794484138489,0.04999999701976776,0.0,0.0,-0.004000000189989805,0.24741095304489136,map_a,map_a_open,RULESET_V3_M1_OWN_FLAG_HOME,73b77ac3a0efb2c33a4498544c96bb702a656cbbfe17af18ec859c6d6b4c2142,True
1865,sappo_pi_A_specialist_1p5M_seed7100001,48532,1436976,701,83,,OP3,OPPONENT_POOL,train,map_a_open,-1,0,SCRIPTED:OP6,5,0,0,0,0,240,0.3999999761581421,1,0,0,15,0,0,0,0,0,0,0,0,0,0,0,0,0,0,0,0,,13.063375854492188,-0.5,0.0,-0.00822746753692627,0.04999999701976776,0.0,0.0,-0.004000000189989805,-0.12276682257652283,map_a,map_a_open,RULESET_V3_M1_OWN_FLAG_HOME,73b77ac3a0efb2c33a4498544c96bb702a656cbbfe17af18ec859c6d6b4c2142,True
1866,sappo_pi_A_specialist_1p5M_seed7100001,48532,1437184,701,96,,OP3,OPPONENT_POOL,train,map_a_open,-1,0,SCRIPTED:OP6,5,0,0,0,0,240,0.5600000023841858,1,0,0,9,0,0,0,0,0,0,0,0,0,0,0,0,0,0,0,0,,13.045579020182291,-0.5,0.0,-0.018039554357528687,0.04999999701976776,0.0,0.0,-0.004000000189989805,-0.12337078154087067,map_a,map_a_open,RULESET_V3_M1_OWN_FLAG_HOME,73b77ac3a0efb2c33a4498544c96bb702a656cbbfe17af18ec859c6d6b4c2142,True
1867,sappo_pi_A_specialist_1p5M_seed7100001,48532,1437216,701,98,,OP3,OPPONENT_POOL,train,map_a_open,-1,0,SCRIPTED:OP6,5,1,2,0,2,240,0.47999998927116394,0,1,0,134,0,0,0,0,0,0,0,0,0,0,0,0,0,0,0,0,79.0,4.442205810546875,1.0,0.0,-0.02086055278778076,0.0,0.0,0.0,-0.00800000037997961,0.24181053042411804,map_a,map_a_open,RULESET_V3_M1_OWN_FLAG_HOME,73b77ac3a0efb2c33a4498544c96bb702a656cbbfe17af18ec859c6d6b4c2142,True
1868,sappo_pi_A_specialist_1p5M_seed7100001,48532,1437216,701,98,,OP3,OPPONENT_POOL,train,map_a_open,-1,0,SCRIPTED:OP6,5,1,1,0,1,240,0.3999999761581421,1,0,0,10,0,0,0,0,0,0,0,0,0,0,0,0,0,0,0,0,25.0,12.869642130533855,1.0,0.0,0.017462164163589478,0.04999999701976776,0.0,0.0,-0.004000000189989805,0.24793972074985504,map_a,map_a_open,RULESET_V3_M1_OWN_FLAG_HOME,73b77ac3a0efb2c33a4498544c96bb702a656cbbfe17af18ec859c6d6b4c2142,True
1869,sappo_pi_A_specialist_1p5M_seed7100001,48532,1437328,701,105,,OP3,OPPONENT_POOL,train,map_a_open,-1,0,SCRIPTED:OP6,5,0,0,0,0,240,0.3999999761581421,1,0,0,14,0,0,0,0,0,0,0,0,0,0,0,0,0,0,0,0,,13.090066528320312,-0.5,0.0,0.0040668100118637085,0.04999999701976776,0.0,0.0,-0.004000000189989805,-0.12200994044542313,map_a,map_a_open,RULESET_V3_M1_OWN_FLAG_HOME,73b77ac3a0efb2c33a4498544c96bb702a656cbbfe17af18ec859c6d6b4c2142,True
1870,sappo_pi_A_specialist_1p5M_seed7100001,48532,1437440,701,112,,OP3,OPPONENT_POOL,train,map_a_open,-1,0,SCRIPTED:OP6,5,0,0,0,0,240,0.4399999976158142,1,0,0,9,0,0,0,0,0,0,0,0,0,0,0,0,0,0,0,0,,13.326968383789062,-0.5,0.0,-0.009210348129272461,0.04999999701976776,0.0,0.0,-0.004000000189989805,-0.12282732874155045,map_a,map_a_open,RULESET_V3_M1_OWN_FLAG_HOME,73b77ac3a0efb2c33a4498544c96bb702a656cbbfe17af18ec859c6d6b4c2142,True
1871,sappo_pi_A_specialist_1p5M_seed7100001,48532,1437840,702,9,,OP3,OPPONENT_POOL,train,map_a_open,-1,0,SCRIPTED:OP6,5,0,0,0,0,240,0.5199999809265137,1,0,0,12,0,0,0,0,0,0,0,0,0,0,0,0,0,0,0,0,,12.544576009114584,-0.5,0.0,0.009187206625938416,0.04999999701976776,0.0,0.0,-0.00800000037997961,-0.12267974019050598,map_a,map_a_open,RULESET_V3_M1_OWN_FLAG_HOME,73b77ac3a0efb2c33a4498544c96bb702a656cbbfe17af18ec859c6d6b4c2142,True
1872,sappo_pi_A_specialist_1p5M_seed7100001,48532,1437968,702,17,,OP3,OPPONENT_POOL,train,map_a_open,-1,0,SCRIPTED:OP6,5,1,1,0,1,240,0.5999999642372131,1,0,0,16,0,0,0,0,0,0,0,0,0,0,0,0,0,0,0,0,60.0,11.374679565429688,1.0,0.0,-0.0003302246332168579,0.04999999701976776,0.0,0.0,-0.004000000189989805,0.24689577519893646,map_a,map_a_open,RULESET_V3_M1_OWN_FLAG_HOME,73b77ac3a0efb2c33a4498544c96bb702a656cbbfe17af18ec859c6d6b4c2142,True
1873,sappo_pi_A_specialist_1p5M_seed7100001,48532,1438176,702,30,,OP3,OPPONENT_POOL,train,map_a_open,-1,0,SCRIPTED:OP6,5,1,3,0,3,138,0.35999998450279236,1,0,0,68,0,0,0,0,0,0,0,0,0,0,0,0,0,0,0,0,57.0,4.289662679036458,1.0,0.5,-0.009563788771629333,0.0,1.0,100.0,-0.004000000189989805,0.5534924268722534,map_a,map_a_open,RULESET_V3_M1_OWN_FLAG_HOME,73b77ac3a0efb2c33a4498544c96bb702a656cbbfe17af18ec859c6d6b4c2142,True
1874,sappo_pi_A_specialist_1p5M_seed7100001,48532,1438336,702,40,,OP3,OPPONENT_POOL,train,map_a_open,-1,0,SCRIPTED:OP6,5,1,1,0,1,240,0.5999999642372131,1,0,0,14,0,0,0,0,0,0,0,0,0,0,0,0,0,0,0,0,38.0,12.173985799153646,1.0,0.0,-0.00470319390296936,0.04999999701976776,0.0,0.0,0.0,0.24757802486419678,map_a,map_a_open,RULESET_V3_M1_OWN_FLAG_HOME,73b77ac3a0efb2c33a4498544c96bb702a656cbbfe17af18ec859c6d6b4c2142,True
1875,sappo_pi_A_specialist_1p5M_seed7100001,48532,1438400,702,44,,OP3,OPPONENT_POOL,train,map_a_open,-1,0,SCRIPTED:OP6,5,0,1,1,0,240,0.4399999976158142,0,3,0,58,0,0,0,0,0,0,0,0,0,0,0,0,0,0,0,0,74.0,7.844930013020833,-0.5,0.0,-0.011805444955825806,0.04999999701976776,0.0,0.0,0.0,-0.12200207263231277,map_a,map_a_open,RULESET_V3_M1_OWN_FLAG_HOME,73b77ac3a0efb2c33a4498544c96bb702a656cbbfe17af18ec859c6d6b4c2142,True
1876,sappo_pi_A_specialist_1p5M_seed7100001,48532,1438416,702,45,,OP3,OPPONENT_POOL,train,map_a_open,-1,0,SCRIPTED:OP6,5,0,0,0,0,240,0.35999998450279236,1,0,0,18,0,0,0,0,0,0,0,0,0,0,0,0,0,0,0,0,,12.217953491210938,-0.5,0.0,0.013356372714042664,0.04999999701976776,0.0,0.0,0.0,-0.12045256793498993,map_a,map_a_open,RULESET_V3_M1_OWN_FLAG_HOME,73b77ac3a0efb2c33a4498544c96bb702a656cbbfe17af18ec859c6d6b4c2142,True
1877,sappo_pi_A_specialist_1p5M_seed7100001,48532,1438464,702,48,,OP3,OPPONENT_POOL,train,map_a_open,-1,0,SCRIPTED:OP6,5,1,2,0,2,240,0.5199999809265137,1,0,0,75,0,0,0,0,0,0,0,0,0,0,0,0,0,0,0,0,57.0,7.146122741699219,1.0,0.0,0.0004105418920516968,0.04999999701976776,0.0,0.0,0.0,0.2478780448436737,map_a,map_a_open,RULESET_V3_M1_OWN_FLAG_HOME,73b77ac3a0efb2c33a4498544c96bb702a656cbbfe17af18ec859c6d6b4c2142,True
1878,sappo_pi_A_specialist_1p5M_seed7100001,48532,1438720,702,64,,OP3,OPPONENT_POOL,train,map_a_open,-1,0,SCRIPTED:OP6,5,0,0,0,0,240,0.4399999976158142,1,0,0,11,0,0,0,0,0,0,0,0,0,0,0,0,0,0,0,0,,12.693809000651042,-0.5,0.0,-0.006753474473953247,0.04999999701976776,0.0,0.0,0.0,-0.1216910108923912,map_a,map_a_open,RULESET_V3_M1_OWN_FLAG_HOME,73b77ac3a0efb2c33a4498544c96bb702a656cbbfe17af18ec859c6d6b4c2142,True
1879,sappo_pi_A_specialist_1p5M_seed7100001,48532,1438848,702,72,,OP3,OPPONENT_POOL,train,map_a_open,-1,0,SCRIPTED:OP6,5,0,0,0,0,240,0.47999998927116394,1,0,0,34,0,0,0,0,0,0,0,0,0,0,0,0,0,0,0,0,,10.748641967773438,-0.5,0.0,-0.012293994426727295,0.04999999701976776,0.0,0.0,0.0,-0.12203215062618256,map_a,map_a_open,RULESET_V3_M1_OWN_FLAG_HOME,73b77ac3a0efb2c33a4498544c96bb702a656cbbfe17af18ec859c6d6b4c2142,True
1880,sappo_pi_A_specialist_1p5M_seed7100001,48532,1439152,702,91,,OP3,OPPONENT_POOL,train,map_a_open,-1,0,SCRIPTED:OP6,5,0,0,1,-1,240,0.5999999642372131,1,0,0,34,0,0,0,0,0,0,0,0,0,0,0,0,0,0,0,0,79.0,10.097676595052084,-1.0,0.0,-0.002830415964126587,0.04999999701976776,0.0,0.0,0.0,-0.24214540421962738,map_a,map_a_open,RULESET_V3_M1_OWN_FLAG_HOME,73b77ac3a0efb2c33a4498544c96bb702a656cbbfe17af18ec859c6d6b4c2142,True
1881,sappo_pi_A_specialist_1p5M_seed7100001,48532,1440816,703,67,,OP3,OPPONENT_POOL,train,map_a_open,-1,0,SCRIPTED:OP6,5,1,1,0,1,240,0.5600000023841858,0,2,0,42,0,0,0,0,0,0,0,0,0,0,0,0,0,0,0,0,62.0,9.873239135742187,1.0,0.0,0.006198391318321228,0.04999999701976776,0.0,0.0,-0.004000000189989805,0.24727888405323029,map_a,map_a_open,RULESET_V3_M1_OWN_FLAG_HOME,73b77ac3a0efb2c33a4498544c96bb702a656cbbfe17af18ec859c6d6b4c2142,True
1882,sappo_pi_A_specialist_1p5M_seed7100001,48532,1441024,703,80,,OP3,OPPONENT_POOL,train,map_a_open,-1,0,SCRIPTED:OP6,5,0,0,0,0,240,0.47999998927116394,0,1,0,144,0,0,0,0,0,0,0,0,0,0,0,0,0,0,0,0,,3.689894358317057,-0.5,0.0,-0.0019215643405914307,0.0,0.0,0.0,0.0,-0.1244712546467781,map_a,map_a_open,RULESET_V3_M1_OWN_FLAG_HOME,73b77ac3a0efb2c33a4498544c96bb702a656cbbfe17af18ec859c6d6b4c2142,True
1883,sappo_pi_A_specialist_1p5M_seed7100001,48532,1441056,703,82,,OP3,OPPONENT_POOL,train,map_a_open,-1,0,SCRIPTED:OP6,5,0,1,1,0,240,0.4399999976158142,0,2,0,64,0,0,0,0,0,0,0,0,0,0,0,0,0,0,0,0,55.0,7.44869384765625,-0.5,0.0,0.006831169128417969,0.04999999701976776,0.0,0.0,0.0,-0.1208544597029686,map_a,map_a_open,RULESET_V3_M1_OWN_FLAG_HOME,73b77ac3a0efb2c33a4498544c96bb702a656cbbfe17af18ec859c6d6b4c2142,True
1884,sappo_pi_A_specialist_1p5M_seed7100001,48532,1441056,703,82,,OP3,OPPONENT_POOL,train,map_a_open,-1,0,SCRIPTED:OP6,5,0,0,1,-1,240,0.5600000023841858,0,2,0,61,0,0,0,0,0,0,0,0,0,0,0,0,0,0,0,0,77.0,10.491525268554687,-1.0,0.0,0.003824383020401001,0.04999999701976776,0.0,0.0,-0.004000000189989805,-0.2426951378583908,map_a,map_a_open,RULESET_V3_M1_OWN_FLAG_HOME,73b77ac3a0efb2c33a4498544c96bb702a656cbbfe17af18ec859c6d6b4c2142,True
1885,sappo_pi_A_specialist_1p5M_seed7100001,48532,1441168,703,89,,OP3,OPPONENT_POOL,train,map_a_open,-1,0,SCRIPTED:OP6,5,1,1,0,1,240,0.3999999761581421,0,1,0,134,0,0,0,0,0,0,0,0,0,0,0,0,0,0,0,0,174.0,4.504446919759115,1.0,0.0,-0.0006842166185379028,0.04999999701976776,0.0,0.0,-0.004000000189989805,0.24687497317790985,map_a,map_a_open,RULESET_V3_M1_OWN_FLAG_HOME,73b77ac3a0efb2c33a4498544c96bb702a656cbbfe17af18ec859c6d6b4c2142,True
1886,sappo_pi_A_specialist_1p5M_seed7100001,48532,1441280,703,96,,OP3,OPPONENT_POOL,train,map_a_open,-1,0,SCRIPTED:OP6,5,0,0,0,0,240,0.3199999928474426,1,0,0,14,0,0,0,0,0,0,0,0,0,0,0,0,0,0,0,0,,12.842738850911458,-0.5,0.0,0.006291940808296204,0.04999999701976776,0.0,0.0,0.0,-0.12088766694068909,map_a,map_a_open,RULESET_V3_M1_OWN_FLAG_HOME,73b77ac3a0efb2c33a4498544c96bb702a656cbbfe17af18ec859c6d6b4c2142,True
1887,sappo_pi_A_specialist_1p5M_seed7100001,48532,1441680,703,121,,OP3,OPPONENT_POOL,train,map_a_open,-1,0,SCRIPTED:OP6,5,0,1,1,0,240,0.35999998450279236,1,0,0,29,0,0,0,0,0,0,0,0,0,0,0,0,0,0,0,0,46.0,11.076724243164062,-0.5,0.0,0.004032254219055176,0.04999999701976776,0.0,0.0,-0.004000000189989805,-0.12201206386089325,map_a,map_a_open,RULESET_V3_M1_OWN_FLAG_HOME,73b77ac3a0efb2c33a4498544c96bb702a656cbbfe17af18ec859c6d6b4c2142,True
1888,sappo_pi_A_specialist_1p5M_seed7100001,48532,1441808,704,1,,OP3,OPPONENT_POOL,train,map_a_open,-1,0,SCRIPTED:OP6,5,1,1,0,1,240,0.5999999642372131,1,0,0,41,0,0,0,0,0,0,0,0,0,0,0,0,0,0,0,0,50.0,11.708258056640625,1.0,0.0,0.01159757375717163,0.04999999701976776,0.0,0.0,-0.004000000189989805,0.2475956827402115,map_a,map_a_open,RULESET_V3_M1_OWN_FLAG_HOME,73b77ac3a0efb2c33a4498544c96bb702a656cbbfe17af18ec859c6d6b4c2142,True
1889,sappo_pi_A_specialist_1p5M_seed7100001,48532,1442016,704,14,,OP3,OPPONENT_POOL,train,map_a_open,-1,0,SCRIPTED:OP6,5,0,0,0,0,240,0.4399999976158142,0,2,0,69,0,0,0,0,0,0,0,0,0,0,0,0,0,0,0,0,,9.348206583658854,-0.5,0.0,-0.0036698132753372192,0.04999999701976776,0.0,0.0,-0.004000000189989805,-0.12248624861240387,map_a,map_a_open,RULESET_V3_M1_OWN_FLAG_HOME,73b77ac3a0efb2c33a4498544c96bb702a656cbbfe17af18ec859c6d6b4c2142,True
1890,sappo_pi_A_specialist_1p5M_seed7100001,48532,1442176,704,24,,OP3,OPPONENT_POOL,train,map_a_open,-1,0,SCRIPTED:OP6,5,1,1,0,1,240,0.47999998927116394,1,0,0,33,0,0,0,0,0,0,0,0,0,0,0,0,0,0,0,0,59.0,10.63744405110677,1.0,0.0,-0.012869060039520264,0.04999999701976776,0.0,0.0,0.0,0.2470988780260086,map_a,map_a_open,RULESET_V3_M1_OWN_FLAG_HOME,73b77ac3a0efb2c33a4498544c96bb702a656cbbfe17af18ec859c6d6b4c2142,True
1891,sappo_pi_A_specialist_1p5M_seed7100001,48532,1442240,704,28,,OP3,OPPONENT_POOL,train,map_a_open,-1,0,SCRIPTED:OP6,5,0,0,0,0,240,0.5600000023841858,0,1,0,25,0,0,0,0,0,0,0,0,0,0,0,0,0,0,0,0,,11.761224365234375,-0.5,0.0,0.012674063444137573,0.04999984800815582,0.0,0.0,-0.004000000189989805,-0.12147996574640274,map_a,map_a_open,RULESET_V3_M1_OWN_FLAG_HOME,73b77ac3a0efb2c33a4498544c96bb702a656cbbfe17af18ec859c6d6b4c2142,True
1892,sappo_pi_A_specialist_1p5M_seed7100001,48532,1442256,704,29,,OP3,OPPONENT_POOL,train,map_a_open,-1,0,SCRIPTED:OP6,5,1,2,0,2,240,0.4399999976158142,1,0,0,32,0,0,0,0,0,0,0,0,0,0,0,0,0,0,0,0,46.0,10.792990112304688,1.0,0.0,-0.01567654311656952,0.029999617487192154,0.0,0.0,0.0,0.245759978890419,map_a,map_a_open,RULESET_V3_M1_OWN_FLAG_HOME,73b77ac3a0efb2c33a4498544c96bb702a656cbbfe17af18ec859c6d6b4c2142,True
1893,sappo_pi_A_specialist_1p5M_seed7100001,48532,1442304,704,32,,OP3,OPPONENT_POOL,train,map_a_open,-1,0,SCRIPTED:OP6,5,0,0,0,0,240,0.47999998927116394,1,0,0,23,0,0,0,0,0,0,0,0,0,0,0,0,0,0,0,0,,12.16644999186198,-0.5,0.0,0.004013150930404663,0.04999999701976776,0.0,0.0,-0.004000000189989805,-0.12201324105262756,map_a,map_a_open,RULESET_V3_M1_OWN_FLAG_HOME,73b77ac3a0efb2c33a4498544c96bb702a656cbbfe17af18ec859c6d6b4c2142,True
1894,sappo_pi_A_specialist_1p5M_seed7100001,48532,1442560,704,48,,OP3,OPPONENT_POOL,train,map_a_open,-1,0,SCRIPTED:OP6,5,0,0,0,0,240,0.5600000023841858,1,0,0,31,0,0,0,0,0,0,0,0,0,0,0,0,0,0,0,0,,12.157869466145833,-0.5,0.0,0.010727301239967346,0.04999999701976776,0.0,0.0,0.0,-0.12061449140310287,map_a,map_a_open,RULESET_V3_M1_OWN_FLAG_HOME,73b77ac3a0efb2c33a4498544c96bb702a656cbbfe17af18ec859c6d6b4c2142,True
1895,sappo_pi_A_specialist_1p5M_seed7100001,48532,1442688,704,56,,OP3,OPPONENT_POOL,train,map_a_open,-1,0,SCRIPTED:OP6,5,0,0,0,0,240,0.5199999809265137,1,0,0,140,0,0,0,0,0,0,0,0,0,0,0,0,0,0,0,0,,4.67293446858724,-0.5,0.0,-0.0071806758642196655,0.04999999701976776,0.0,0.0,-0.004000000189989805,-0.12270238250494003,map_a,map_a_open,RULESET_V3_M1_OWN_FLAG_HOME,73b77ac3a0efb2c33a4498544c96bb702a656cbbfe17af18ec859c6d6b4c2142,True
1896,sappo_pi_A_specialist_1p5M_seed7100001,48532,1442992,704,75,,OP3,OPPONENT_POOL,train,map_a_open,-1,0,SCRIPTED:OP6,5,0,0,0,0,240,0.3999999761581421,1,0,0,37,0,0,0,0,0,0,0,0,0,0,0,0,0,0,0,0,,10.787451171875,-0.5,0.0,0.009016335010528564,0.04999999701976776,0.0,0.0,0.0,-0.12071987241506577,map_a,map_a_open,RULESET_V3_M1_OWN_FLAG_HOME,73b77ac3a0efb2c33a4498544c96bb702a656cbbfe17af18ec859c6d6b4c2142,True
1897,sappo_pi_A_specialist_1p5M_seed7100001,48532,1444656,705,51,,OP3,OPPONENT_POOL,train,map_a_open,-1,0,SCRIPTED:OP6,5,1,2,1,1,240,0.47999998927116394,1,0,0,105,0,0,0,0,0,0,0,0,0,0,0,0,0,0,0,0,52.0,4.282681783040364,1.0,0.0,-0.021138012409210205,0.0,0.0,0.0,-0.00800000037997961,0.24179421365261078,map_a,map_a_open,RULESET_V3_M1_OWN_FLAG_HOME,73b77ac3a0efb2c33a4498544c96bb702a656cbbfe17af18ec859c6d6b4c2142,True
1898,sappo_pi_A_specialist_1p5M_seed7100001,48532,1444864,705,64,,OP3,OPPONENT_POOL,train,map_a_open,-1,0,SCRIPTED:OP6,5,1,1,0,1,240,0.3999999761581421,1,0,0,19,0,0,0,0,0,0,0,0,0,0,0,0,0,0,0,0,53.0,11.781321207682291,1.0,0.0,-0.0009191632270812988,0.04999999701976776,0.0,0.0,-0.004000000189989805,0.24686117470264435,map_a,map_a_open,RULESET_V3_M1_OWN_FLAG_HOME,73b77ac3a0efb2c33a4498544c96bb702a656cbbfe17af18ec859c6d6b4c2142,True
1899,sappo_pi_A_specialist_1p5M_seed7100001,48532,1444896,705,66,,OP3,OPPONENT_POOL,train,map_a_open,-1,0,SCRIPTED:OP6,5,0,0,1,-1,240,0.5199999809265137,1,0,0,138,0,0,0,0,0,0,0,0,0,0,0,0,0,0,0,0,66.0,4.2035972595214846,-1.0,0.0,0.017183780670166016,0.0,0.0,0.0,0.0,-0.2439088225364685,map_a,map_a_open,RULESET_V3_M1_OWN_FLAG_HOME,73b77ac3a0efb2c33a4498544c96bb702a656cbbfe17af18ec859c6d6b4c2142,True
1900,sappo_pi_A_specialist_1p5M_seed7100001,48532,1444896,705,66,,OP3,OPPONENT_POOL,train,map_a_open,-1,0,SCRIPTED:OP6,5,1,1,0,1,240,0.5999999642372131,0,1,0,40,0,0,0,0,0,0,0,0,0,0,0,0,0,0,0,0,43.0,10.885483805338541,1.0,0.0,0.0068685561418533325,0.04999999701976776,0.0,0.0,0.0,0.24825681746006012,map_a,map_a_open,RULESET_V3_M1_OWN_FLAG_HOME,73b77ac3a0efb2c33a4498544c96bb702a656cbbfe17af18ec859c6d6b4c2142,True
1901,sappo_pi_A_specialist_1p5M_seed7100001,48532,1445008,705,73,,OP3,OPPONENT_POOL,train,map_a_open,-1,0,SCRIPTED:OP6,5,0,0,0,0,240,0.47999998927116394,1,0,0,17,0,0,0,0,0,0,0,0,0,0,0,0,0,0,0,0,,12.912357584635417,-0.5,0.0,-0.009510502219200134,0.04062499850988388,0.0,0.0,0.0,-0.1224379613995552,map_a,map_a_open,RULESET_V3_M1_OWN_FLAG_HOME,73b77ac3a0efb2c33a4498544c96bb702a656cbbfe17af18ec859c6d6b4c2142,True
1902,sappo_pi_A_specialist_1p5M_seed7100001,48532,1445120,705,80,,OP3,OPPONENT_POOL,train,map_a_open,-1,0,SCRIPTED:OP6,5,1,2,0,2,240,0.5999999642372131,1,0,0,138,0,0,0,0,0,0,0,0,0,0,0,0,0,0,0,0,36.0,4.3279474894205725,1.0,0.0,0.01697462797164917,0.019999999552965164,0.0,0.0,-0.00800000037997961,0.24521088600158691,map_a,map_a_open,RULESET_V3_M1_OWN_FLAG_HOME,73b77ac3a0efb2c33a4498544c96bb702a656cbbfe17af18ec859c6d6b4c2142,True
1903,sappo_pi_A_specialist_1p5M_seed7100001,48532,1445520,705,105,,OP3,OPPONENT_POOL,train,map_a_open,-1,0,SCRIPTED:OP6,5,1,1,0,1,240,0.47999998927116394,1,0,0,81,0,0,0,0,0,0,0,0,0,0,0,0,0,0,0,0,153.0,6.587343343098959,1.0,0.0,0.01092800498008728,0.04999999701976776,0.0,0.0,0.0,0.24849486351013184,map_a,map_a_open,RULESET_V3_M1_OWN_FLAG_HOME,73b77ac3a0efb2c33a4498544c96bb702a656cbbfe17af18ec859c6d6b4c2142,True
1904,sappo_pi_A_specialist_1p5M_seed7100001,48532,1445648,705,113,,OP3,OPPONENT_POOL,train,map_a_open,-1,0,SCRIPTED:OP6,5,0,0,0,0,240,0.3999999761581421,1,0,0,27,0,0,0,0,0,0,0,0,0,0,0,0,0,0,0,0,,12.145865885416667,-0.5,0.0,0.0051953792572021484,0.04999999701976776,0.0,0.0,0.0,-0.1209551990032196,map_a,map_a_open,RULESET_V3_M1_OWN_FLAG_HOME,73b77ac3a0efb2c33a4498544c96bb702a656cbbfe17af18ec859c6d6b4c2142,True
1905,sappo_pi_A_specialist_1p5M_seed7100001,48532,1445856,705,126,,OP3,OPPONENT_POOL,train,map_a_open,-1,0,SCRIPTED:OP6,5,1,1,0,1,240,0.3999999761581421,1,0,0,23,0,0,0,0,0,0,0,0,0,0,0,0,0,0,0,0,47.0,12.039258829752605,1.0,0.0,0.007499635219573975,0.04999999701976776,0.0,0.0,0.0,0.24829381704330444,map_a,map_a_open,RULESET_V3_M1_OWN_FLAG_HOME,73b77ac3a0efb2c33a4498544c96bb702a656cbbfe17af18ec859c6d6b4c2142,True
1906,sappo_pi_A_specialist_1p5M_seed7100001,48532,1446016,706,8,,OP3,OPPONENT_POOL,train,map_a_open,-1,0,SCRIPTED:OP6,5,0,0,0,0,240,0.6399999856948853,1,0,0,61,0,0,0,0,0,0,0,0,0,0,0,0,0,0,0,0,,10.315541585286459,-0.5,0.0,-0.004217550158500671,0.04999999701976776,0.0,0.0,0.0,-0.12153485417366028,map_a,map_a_open,RULESET_V3_M1_OWN_FLAG_HOME,73b77ac3a0efb2c33a4498544c96bb702a656cbbfe17af18ec859c6d6b4c2142,True
1907,sappo_pi_A_specialist_1p5M_seed7100001,48532,1446080,706,12,,OP3,OPPONENT_POOL,train,map_a_open,-1,0,SCRIPTED:OP6,5,0,2,2,0,240,0.5199999809265137,0,1,0,130,0,0,0,0,0,0,0,0,0,0,0,0,0,0,0,0,39.0,4.448609924316406,-0.5,0.0,-0.0014333724975585938,0.0,0.0,0.0,0.0,-0.12444120645523071,map_a,map_a_open,RULESET_V3_M1_OWN_FLAG_HOME,73b77ac3a0efb2c33a4498544c96bb702a656cbbfe17af18ec859c6d6b4c2142,True
1908,sappo_pi_A_specialist_1p5M_seed7100001,48532,1446096,706,13,,OP3,OPPONENT_POOL,train,map_a_open,-1,0,SCRIPTED:OP6,5,0,0,0,0,240,0.47999998927116394,1,0,0,31,0,0,0,0,0,0,0,0,0,0,0,0,0,0,0,0,,11.710190836588541,-0.5,0.0,0.0010898560285568237,0.04999999701976776,0.0,0.0,0.0,-0.12120802700519562,map_a,map_a_open,RULESET_V3_M1_OWN_FLAG_HOME,73b77ac3a0efb2c33a4498544c96bb702a656cbbfe17af18ec859c6d6b4c2142,True
1909,sappo_pi_A_specialist_1p5M_seed7100001,48532,1446144,706,16,,OP3,OPPONENT_POOL,train,map_a_open,-1,0,SCRIPTED:OP6,5,0,0,1,-1,240,0.4399999976158142,0,1,0,33,0,0,0,0,0,0,0,0,0,0,0,0,0,0,0,0,54.0,11.102740478515624,-1.0,0.0,0.00526021420955658,0.04999999701976776,0.0,0.0,-0.00800000037997961,-0.2435516119003296,map_a,map_a_open,RULESET_V3_M1_OWN_FLAG_HOME,73b77ac3a0efb2c33a4498544c96bb702a656cbbfe17af18ec859c6d6b4c2142,True
1910,sappo_pi_A_specialist_1p5M_seed7100001,48532,1446400,706,32,,OP3,OPPONENT_POOL,train,map_a_open,-1,0,SCRIPTED:OP6,5,0,0,0,0,240,0.47999998927116394,1,0,0,9,0,0,0,0,0,0,0,0,0,0,0,0,0,0,0,0,,12.353440348307291,-0.5,0.0,0.001998215913772583,0.04999999701976776,0.0,0.0,-0.004000000189989805,-0.12213729321956635,map_a,map_a_open,RULESET_V3_M1_OWN_FLAG_HOME,73b77ac3a0efb2c33a4498544c96bb702a656cbbfe17af18ec859c6d6b4c2142,True
1911,sappo_pi_A_specialist_1p5M_seed7100001,48532,1446528,706,40,,OP3,OPPONENT_POOL,train,map_a_open,-1,0,SCRIPTED:OP6,5,0,0,0,0,240,0.35999998450279236,1,0,0,32,0,0,0,0,0,0,0,0,0,0,0,0,0,0,0,0,,12.27341817220052,-0.5,0.0,0.006562322378158569,0.04999999701976776,0.0,0.0,-0.004000000189989805,-0.12185628712177277,map_a,map_a_open,RULESET_V3_M1_OWN_FLAG_HOME,73b77ac3a0efb2c33a4498544c96bb702a656cbbfe17af18ec859c6d6b4c2142,True
1912,sappo_pi_A_specialist_1p5M_seed7100001,48532,1446832,706,59,,OP3,OPPONENT_POOL,train,map_a_open,-1,0,SCRIPTED:OP6,5,0,0,0,0,240,0.3999999761581421,1,0,0,34,0,0,0,0,0,0,0,0,0,0,0,0,0,0,0,0,,11.944932047526041,-0.5,0.0,-0.006643310189247131,0.04999999701976776,0.0,0.0,-0.004000000189989805,-0.12266930192708969,map_a,map_a_open,RULESET_V3_M1_OWN_FLAG_HOME,73b77ac3a0efb2c33a4498544c96bb702a656cbbfe17af18ec859c6d6b4c2142,True
1913,sappo_pi_A_specialist_1p5M_seed7100001,48532,1448496,707,35,,OP3,OPPONENT_POOL,train,map_a_open,-1,0,SCRIPTED:OP6,5,0,0,0,0,240,0.4399999976158142,0,1,0,17,0,0,0,0,0,0,0,0,0,0,0,0,0,0,0,0,,12.689987182617188,-0.5,0.0,0.00819958746433258,0.04999999701976776,0.0,0.0,-0.004000000189989805,-0.12175547331571579,map_a,map_a_open,RULESET_V3_M1_OWN_FLAG_HOME,73b77ac3a0efb2c33a4498544c96bb702a656cbbfe17af18ec859c6d6b4c2142,True
1914,sappo_pi_A_specialist_1p5M_seed7100001,48532,1448704,707,48,,OP3,OPPONENT_POOL,train,map_a_open,-1,0,SCRIPTED:OP6,5,0,0,0,0,240,0.3999999761581421,1,0,0,8,0,0,0,0,0,0,0,0,0,0,0,0,0,0,0,0,,12.70549825032552,-0.5,0.0,-0.009774595499038696,0.04999999701976776,0.0,0.0,-0.00800000037997961,-0.12384684383869171,map_a,map_a_open,RULESET_V3_M1_OWN_FLAG_HOME,73b77ac3a0efb2c33a4498544c96bb702a656cbbfe17af18ec859c6d6b4c2142,True
1915,sappo_pi_A_specialist_1p5M_seed7100001,48532,1448736,707,50,,OP3,OPPONENT_POOL,train,map_a_open,-1,0,SCRIPTED:OP6,5,0,0,0,0,240,0.3999999761581421,1,0,0,18,0,0,0,0,0,0,0,0,0,0,0,0,0,0,0,0,,13.355416870117187,-0.5,0.0,0.007857128977775574,0.04999999701976776,0.0,0.0,-0.004000000189989805,-0.12177655845880508,map_a,map_a_open,RULESET_V3_M1_OWN_FLAG_HOME,73b77ac3a0efb2c33a4498544c96bb702a656cbbfe17af18ec859c6d6b4c2142,True
1916,sappo_pi_A_specialist_1p5M_seed7100001,48532,1448736,707,50,,OP3,OPPONENT_POOL,train,map_a_open,-1,0,SCRIPTED:OP6,5,1,2,0,2,240,0.5199999809265137,1,0,0,21,0,0,0,0,0,0,0,0,0,0,0,0,0,0,0,0,28.0,11.540303548177084,1.0,0.0,-0.0052015334367752075,0.04999999701976776,0.0,0.0,0.0,0.24754878878593445,map_a,map_a_open,RULESET_V3_M1_OWN_FLAG_HOME,73b77ac3a0efb2c33a4498544c96bb702a656cbbfe17af18ec859c6d6b4c2142,True
1917,sappo_pi_A_specialist_1p5M_seed7100001,48532,1448848,707,57,,OP3,OPPONENT_POOL,train,map_a_open,-1,0,SCRIPTED:OP6,5,0,0,0,0,240,0.5199999809265137,1,0,0,18,0,0,0,0,0,0,0,0,0,0,0,0,0,0,0,0,,13.31032002766927,-0.5,0.0,-0.015802398324012756,0.04999999701976776,0.0,0.0,-0.004000000189989805,-0.12323309481143951,map_a,map_a_open,RULESET_V3_M1_OWN_FLAG_HOME,73b77ac3a0efb2c33a4498544c96bb702a656cbbfe17af18ec859c6d6b4c2142,True
1918,sappo_pi_A_specialist_1p5M_seed7100001,48532,1448960,707,64,,OP3,OPPONENT_POOL,train,map_a_open,-1,0,SCRIPTED:OP6,5,0,1,1,0,240,0.47999998927116394,1,0,0,31,0,0,0,0,0,0,0,0,0,0,0,0,0,0,0,0,46.0,10.368899536132812,-0.5,0.0,-0.0034911781549453735,0.04999999701976776,0.0,0.0,-0.004000000189989805,-0.12247525155544281,map_a,map_a_open,RULESET_V3_M1_OWN_FLAG_HOME,73b77ac3a0efb2c33a4498544c96bb702a656cbbfe17af18ec859c6d6b4c2142,True
1919,sappo_pi_A_specialist_1p5M_seed7100001,48532,1449360,707,89,,OP3,OPPONENT_POOL,train,map_a_open,-1,0,SCRIPTED:OP6,5,1,2,1,1,240,0.5600000023841858,0,3,0,182,0,0,0,0,0,0,0,0,0,0,0,0,0,0,0,0,40.0,3.9638648986816407,1.0,0.0,0.016211986541748047,0.019999999552965164,0.0,0.0,-0.004000000189989805,0.24610577523708344,map_a,map_a_open,RULESET_V3_M1_OWN_FLAG_HOME,73b77ac3a0efb2c33a4498544c96bb702a656cbbfe17af18ec859c6d6b4c2142,True
1920,sappo_pi_A_specialist_1p5M_seed7100001,48532,1449488,707,97,,OP3,OPPONENT_POOL,train,map_a_open,-1,0,SCRIPTED:OP6,5,0,0,0,0,240,0.5199999809265137,1,0,0,74,0,0,0,0,0,0,0,0,0,0,0,0,0,0,0,0,,10.326957194010417,-0.5,0.0,0.002915516495704651,0.04999992623925209,0.0,0.0,-0.004000000189989805,-0.12208082526922226,map_a,map_a_open,RULESET_V3_M1_OWN_FLAG_HOME,73b77ac3a0efb2c33a4498544c96bb702a656cbbfe17af18ec859c6d6b4c2142,True
1921,sappo_pi_A_specialist_1p5M_seed7100001,48532,1449696,707,110,,OP3,OPPONENT_POOL,train,map_a_open,-1,0,SCRIPTED:OP6,5,0,0,0,0,240,0.5600000023841858,1,0,0,18,0,0,0,0,0,0,0,0,0,0,0,0,0,0,0,0,,13.005455525716146,-0.5,0.0,-0.007452785968780518,0.04999930039048195,0.0,0.0,0.0,-0.12173411250114441,map_a,map_a_open,RULESET_V3_M1_OWN_FLAG_HOME,73b77ac3a0efb2c33a4498544c96bb702a656cbbfe17af18ec859c6d6b4c2142,True
1922,sappo_pi_A_specialist_1p5M_seed7100001,48532,1449856,707,120,,OP3,OPPONENT_POOL,train,map_a_open,-1,0,SCRIPTED:OP6,5,1,1,0,1,240,0.4399999976158142,1,0,0,15,0,0,0,0,0,0,0,0,0,0,0,0,0,0,0,0,30.0,12.849017333984374,1.0,0.0,0.0023665279150009155,0.04999999701976776,0.0,0.0,-0.00800000037997961,0.2461148351430893,map_a,map_a_open,RULESET_V3_M1_OWN_FLAG_HOME,73b77ac3a0efb2c33a4498544c96bb702a656cbbfe17af18ec859c6d6b4c2142,True
1923,sappo_pi_A_specialist_1p5M_seed7100001,48532,1449920,707,124,,OP3,OPPONENT_POOL,train,map_a_open,-1,0,SCRIPTED:OP6,5,0,0,0,0,240,0.5600000023841858,1,0,0,14,0,0,0,0,0,0,0,0,0,0,0,0,0,0,0,0,,12.940503946940105,-0.5,0.0,0.007729649543762207,0.04999999701976776,0.0,0.0,0.0,-0.12079912424087524,map_a,map_a_open,RULESET_V3_M1_OWN_FLAG_HOME,73b77ac3a0efb2c33a4498544c96bb702a656cbbfe17af18ec859c6d6b4c2142,True
1924,sappo_pi_A_specialist_1p5M_seed7100001,48532,1449936,707,125,,OP3,OPPONENT_POOL,train,map_a_open,-1,0,SCRIPTED:OP6,5,1,1,0,1,240,0.5999999642372131,0,1,0,13,0,0,0,0,0,0,0,0,0,0,0,0,0,0,0,0,42.0,12.218323771158854,1.0,0.0,0.008954688906669617,0.04999999701976776,0.0,0.0,-0.004000000189989805,0.24744060635566711,map_a,map_a_open,RULESET_V3_M1_OWN_FLAG_HOME,73b77ac3a0efb2c33a4498544c96bb702a656cbbfe17af18ec859c6d6b4c2142,True
1925,sappo_pi_A_specialist_1p5M_seed7100001,48532,1449984,707,128,,OP3,OPPONENT_POOL,train,map_a_open,-1,0,SCRIPTED:OP6,5,0,0,1,-1,240,0.5600000023841858,0,1,0,34,0,0,0,0,0,0,0,0,0,0,0,0,0,0,0,0,50.0,11.73747049967448,-1.0,0.0,-0.005309700965881348,0.04999999701976776,0.0,0.0,-0.004000000189989805,-0.24323232471942902,map_a,map_a_open,RULESET_V3_M1_OWN_FLAG_HOME,73b77ac3a0efb2c33a4498544c96bb702a656cbbfe17af18ec859c6d6b4c2142,True
1926,sappo_pi_A_specialist_1p5M_seed7100001,48532,1450240,708,16,,OP3,OPPONENT_POOL,train,map_a_open,-1,0,SCRIPTED:OP6,5,0,0,0,0,240,0.4399999976158142,1,0,0,3,0,0,0,0,0,0,0,0,0,0,0,0,0,0,0,0,,13.01902567545573,-0.5,0.0,-0.011954694986343384,0.04062499850988388,0.0,0.0,0.0,-0.12258843332529068,map_a,map_a_open,RULESET_V3_M1_OWN_FLAG_HOME,73b77ac3a0efb2c33a4498544c96bb702a656cbbfe17af18ec859c6d6b4c2142,True
1927,sappo_pi_A_specialist_1p5M_seed7100001,48532,1450368,708,24,,OP3,OPPONENT_POOL,train,map_a_open,-1,0,SCRIPTED:OP6,5,1,1,0,1,240,0.5600000023841858,1,0,0,145,0,0,0,0,0,0,0,0,0,0,0,0,0,0,0,0,158.0,4.2385406494140625,1.0,0.0,0.0034666210412979126,0.04999999701976776,0.0,0.0,0.0,0.2480572909116745,map_a,map_a_open,RULESET_V3_M1_OWN_FLAG_HOME,73b77ac3a0efb2c33a4498544c96bb702a656cbbfe17af18ec859c6d6b4c2142,True
1928,sappo_pi_A_specialist_1p5M_seed7100001,48532,1450672,708,43,,OP3,OPPONENT_POOL,train,map_a_open,-1,0,SCRIPTED:OP6,5,0,0,0,0,240,0.5199999809265137,1,0,0,26,0,0,0,0,0,0,0,0,0,0,0,0,0,0,0,0,,12.439011637369791,-0.5,0.0,-0.009072288870811462,0.04999999701976776,0.0,0.0,0.0,-0.12183378636837006,map_a,map_a_open,RULESET_V3_M1_OWN_FLAG_HOME,73b77ac3a0efb2c33a4498544c96bb702a656cbbfe17af18ec859c6d6b4c2142,True
1929,sappo_pi_A_specialist_1p5M_seed7100001,48532,1452336,709,19,,OP3,OPPONENT_POOL,train,map_a_open,-1,0,SCRIPTED:OP6,5,0,0,0,0,240,0.4399999976158142,1,0,0,8,0,0,0,0,0,0,0,0,0,0,0,0,0,0,0,0,,13.1771484375,-0.5,0.0,1.0579824447631836e-05,0.04999999701976776,0.0,0.0,0.0,-0.12127449363470078,map_a,map_a_open,RULESET_V3_M1_OWN_FLAG_HOME,73b77ac3a0efb2c33a4498544c96bb702a656cbbfe17af18ec859c6d6b4c2142,True
1930,sappo_pi_A_specialist_1p5M_seed7100001,48532,1452544,709,32,,OP3,OPPONENT_POOL,train,map_a_open,-1,0,SCRIPTED:OP6,5,0,0,0,0,240,0.3199999928474426,0,1,0,28,0,0,0,0,0,0,0,0,0,0,0,0,0,0,0,0,,12.689610799153646,-0.5,0.0,0.005337506532669067,0.04999999701976776,0.0,0.0,0.0,-0.12094644457101822,map_a,map_a_open,RULESET_V3_M1_OWN_FLAG_HOME,73b77ac3a0efb2c33a4498544c96bb702a656cbbfe17af18ec859c6d6b4c2142,True
1931,sappo_pi_A_specialist_1p5M_seed7100001,48532,1452576,709,34,,OP3,OPPONENT_POOL,train,map_a_open,-1,0,SCRIPTED:OP6,5,1,1,0,1,240,0.5199999809265137,1,0,0,61,0,0,0,0,0,0,0,0,0,0,0,0,0,0,0,0,78.0,9.205851236979166,1.0,0.0,-0.01181522011756897,0.04999999701976776,0.0,0.0,-0.00800000037997961,0.24528196454048157,map_a,map_a_open,RULESET_V3_M1_OWN_FLAG_HOME,73b77ac3a0efb2c33a4498544c96bb702a656cbbfe17af18ec859c6d6b4c2142,True
1932,sappo_pi_A_specialist_1p5M_seed7100001,48532,1452576,709,34,,OP3,OPPONENT_POOL,train,map_a_open,-1,0,SCRIPTED:OP6,5,0,0,0,0,240,0.5999999642372131,1,0,0,15,0,0,0,0,0,0,0,0,0,0,0,0,0,0,0,0,,12.993008422851563,-0.5,0.0,-0.010037675499916077,0.04999999701976776,0.0,0.0,0.0,-0.12189322710037231,map_a,map_a_open,RULESET_V3_M1_OWN_FLAG_HOME,73b77ac3a0efb2c33a4498544c96bb702a656cbbfe17af18ec859c6d6b4c2142,True
1933,sappo_pi_A_specialist_1p5M_seed7100001,48532,1452576,709,34,,OP3,OPPONENT_POOL,train,map_a_open,-1,0,SCRIPTED:OP6,5,1,3,0,3,201,0.4399999976158142,1,0,0,79,0,0,0,0,0,0,0,0,0,0,0,0,0,0,0,0,66.0,4.916258247337531,1.0,0.30000001192092896,-0.00916852056980133,0.0,1.0,100.0,0.0,0.5186029672622681,map_a,map_a_open,RULESET_V3_M1_OWN_FLAG_HOME,73b77ac3a0efb2c33a4498544c96bb702a656cbbfe17af18ec859c6d6b4c2142,True
1934,sappo_pi_A_specialist_1p5M_seed7100001,48532,1452688,709,41,,OP3,OPPONENT_POOL,train,map_a_open,-1,0,SCRIPTED:OP6,5,1,1,0,1,240,0.3999999761581421,1,0,0,48,0,0,0,0,0,0,0,0,0,0,0,0,0,0,0,0,48.0,11.206591796875,1.0,0.0,-0.006705135107040405,0.04999999701976776,0.0,0.0,0.0,0.24746057391166687,map_a,map_a_open,RULESET_V3_M1_OWN_FLAG_HOME,73b77ac3a0efb2c33a4498544c96bb702a656cbbfe17af18ec859c6d6b4c2142,True
1935,sappo_pi_A_specialist_1p5M_seed7100001,48532,1452800,709,48,,OP3,OPPONENT_POOL,train,map_a_open,-1,0,SCRIPTED:OP6,5,1,1,0,1,240,0.47999998927116394,1,0,0,65,0,0,0,0,0,0,0,0,0,0,0,0,0,0,0,0,36.0,9.164765421549479,1.0,0.0,0.002839028835296631,0.04999999701976776,0.0,0.0,0.0,0.2480204552412033,map_a,map_a_open,RULESET_V3_M1_OWN_FLAG_HOME,73b77ac3a0efb2c33a4498544c96bb702a656cbbfe17af18ec859c6d6b4c2142,True
1936,sappo_pi_A_specialist_1p5M_seed7100001,48532,1453328,709,81,,OP3,OPPONENT_POOL,train,map_a_open,-1,0,SCRIPTED:OP6,5,1,1,0,1,240,0.5999999642372131,1,0,0,20,0,0,0,0,0,0,0,0,0,0,0,0,0,0,0,0,46.0,11.696333821614584,1.0,0.0,-0.012600436806678772,0.04999999701976776,0.0,0.0,0.0,0.2471146583557129,map_a,map_a_open,RULESET_V3_M1_OWN_FLAG_HOME,73b77ac3a0efb2c33a4498544c96bb702a656cbbfe17af18ec859c6d6b4c2142,True
1937,sappo_pi_A_specialist_1p5M_seed7100001,48532,1453536,709,94,,OP3,OPPONENT_POOL,train,map_a_open,-1,0,SCRIPTED:OP6,5,0,0,0,0,240,0.3199999928474426,1,0,0,5,0,0,0,0,0,0,0,0,0,0,0,0,0,0,0,0,,13.03751220703125,-0.5,0.0,-0.012020990252494812,0.04999999701976776,0.0,0.0,0.0,-0.1220153421163559,map_a,map_a_open,RULESET_V3_M1_OWN_FLAG_HOME,73b77ac3a0efb2c33a4498544c96bb702a656cbbfe17af18ec859c6d6b4c2142,True
1938,sappo_pi_A_specialist_1p5M_seed7100001,48532,1453696,709,104,,OP3,OPPONENT_POOL,train,map_a_open,-1,0,SCRIPTED:OP6,5,0,0,0,0,240,0.3999999761581421,1,0,0,25,0,0,0,0,0,0,0,0,0,0,0,0,0,0,0,0,,12.414463297526042,-0.5,0.0,0.005335062742233276,0.04999999701976776,0.0,0.0,-0.004000000189989805,-0.12193185091018677,map_a,map_a_open,RULESET_V3_M1_OWN_FLAG_HOME,73b77ac3a0efb2c33a4498544c96bb702a656cbbfe17af18ec859c6d6b4c2142,True
1939,sappo_pi_A_specialist_1p5M_seed7100001,48532,1453760,709,108,,OP3,OPPONENT_POOL,train,map_a_open,-1,0,SCRIPTED:OP6,5,1,2,1,1,240,0.3199999928474426,0,1,0,178,0,0,0,0,0,0,0,0,0,0,0,0,0,0,0,0,68.0,3.6945093790690104,1.0,0.0,-0.005466103553771973,0.0,0.0,0.0,-0.00800000037997961,0.2427162379026413,map_a,map_a_open,RULESET_V3_M1_OWN_FLAG_HOME,73b77ac3a0efb2c33a4498544c96bb702a656cbbfe17af18ec859c6d6b4c2142,True
1940,sappo_pi_A_specialist_1p5M_seed7100001,48532,1453776,709,109,,OP3,OPPONENT_POOL,train,map_a_open,-1,0,SCRIPTED:OP6,5,1,1,0,1,240,0.47999998927116394,1,0,0,41,0,0,0,0,0,0,0,0,0,0,0,0,0,0,0,0,36.0,10.79120585123698,1.0,0.0,0.00033833086490631104,0.04999658837914467,0.0,0.0,-0.004000000189989805,0.24693478643894196,map_a,map_a_open,RULESET_V3_M1_OWN_FLAG_HOME,73b77ac3a0efb2c33a4498544c96bb702a656cbbfe17af18ec859c6d6b4c2142,True
1941,sappo_pi_A_specialist_1p5M_seed7100001,48532,1453824,709,112,,OP3,OPPONENT_POOL,train,map_a_open,-1,0,SCRIPTED:OP6,5,0,1,1,0,240,0.5199999809265137,1,0,0,15,0,0,0,0,0,0,0,0,0,0,0,0,0,0,0,0,36.0,11.864647420247396,-0.5,0.0,-0.006077080965042114,0.04999999701976776,0.0,0.0,0.0,-0.1216493621468544,map_a,map_a_open,RULESET_V3_M1_OWN_FLAG_HOME,73b77ac3a0efb2c33a4498544c96bb702a656cbbfe17af18ec859c6d6b4c2142,True
1942,sappo_pi_A_specialist_1p5M_seed7100001,48532,1454080,709,128,,OP3,OPPONENT_POOL,train,map_a_open,-1,0,SCRIPTED:OP6,5,0,0,1,-1,240,0.4399999976158142,0,1,0,64,0,0,0,0,0,0,0,0,0,0,0,0,0,0,0,0,118.0,8.302288309733074,-1.0,0.0,-0.0031316131353378296,0.04999999701976776,0.0,0.0,-0.004000000189989805,-0.2431042492389679,map_a,map_a_open,RULESET_V3_M1_OWN_FLAG_HOME,73b77ac3a0efb2c33a4498544c96bb702a656cbbfe17af18ec859c6d6b4c2142,True
1943,sappo_pi_A_specialist_1p5M_seed7100001,48532,1454208,710,8,,OP3,OPPONENT_POOL,train,map_a_open,-1,0,SCRIPTED:OP6,5,1,2,0,2,240,0.4399999976158142,0,1,0,198,0,0,0,0,0,0,0,0,0,0,0,0,0,0,0,0,108.0,3.3397483825683594,1.0,0.0,0.01540425419807434,0.0,0.0,0.0,-0.004000000189989805,0.24488365650177002,map_a,map_a_open,RULESET_V3_M1_OWN_FLAG_HOME,73b77ac3a0efb2c33a4498544c96bb702a656cbbfe17af18ec859c6d6b4c2142,True
1944,sappo_pi_A_specialist_1p5M_seed7100001,48532,1454512,710,27,,OP3,OPPONENT_POOL,train,map_a_open,-1,0,SCRIPTED:OP6,5,0,0,0,0,240,0.3999999761581421,1,0,0,13,0,0,0,0,0,0,0,0,0,0,0,0,0,0,0,0,,13.234827677408854,-0.5,0.0,-0.0014654546976089478,0.04999999701976776,0.0,0.0,0.0,-0.12136539071798325,map_a,map_a_open,RULESET_V3_M1_OWN_FLAG_HOME,73b77ac3a0efb2c33a4498544c96bb702a656cbbfe17af18ec859c6d6b4c2142,True
1945,sappo_pi_A_specialist_1p5M_seed7100001,48532,1455776,710,106,,OP3,OPPONENT_POOL,train,map_a_open,-1,0,SCRIPTED:OP6,5,1,3,0,3,125,0.3999999761581421,1,0,0,54,0,0,0,0,0,0,0,0,0,0,0,0,0,0,0,0,44.0,4.6334521484375,1.0,0.5,-0.010021612048149109,0.0,1.0,100.0,-0.004000000189989805,0.5534725785255432,map_a,map_a_open,RULESET_V3_M1_OWN_FLAG_HOME,73b77ac3a0efb2c33a4498544c96bb702a656cbbfe17af18ec859c6d6b4c2142,True
1946,sappo_pi_A_specialist_1p5M_seed7100001,48532,1456176,711,3,,OP3,OPPONENT_POOL,train,map_a_open,-1,0,SCRIPTED:OP6,5,0,0,0,0,240,0.47999998927116394,1,0,0,33,0,0,0,0,0,0,0,0,0,0,0,0,0,0,0,0,,11.743840535481771,-0.5,0.0,-0.01916930079460144,0.04999999701976776,0.0,0.0,0.0,-0.12245543301105499,map_a,map_a_open,RULESET_V3_M1_OWN_FLAG_HOME,73b77ac3a0efb2c33a4498544c96bb702a656cbbfe17af18ec859c6d6b4c2142,True
1947,sappo_pi_A_specialist_1p5M_seed7100001,48532,1456384,711,16,,OP3,OPPONENT_POOL,train,map_a_open,-1,0,SCRIPTED:OP6,5,0,0,0,0,240,0.5199999809265137,1,0,0,15,0,0,0,0,0,0,0,0,0,0,0,0,0,0,0,0,,12.88257548014323,-0.5,0.0,-0.003741160035133362,0.04999999701976776,0.0,0.0,0.0,-0.12150552123785019,map_a,map_a_open,RULESET_V3_M1_OWN_FLAG_HOME,73b77ac3a0efb2c33a4498544c96bb702a656cbbfe17af18ec859c6d6b4c2142,True
1948,sappo_pi_A_specialist_1p5M_seed7100001,48532,1456416,711,18,,OP3,OPPONENT_POOL,train,map_a_open,-1,0,SCRIPTED:OP6,5,1,1,0,1,240,0.5199999809265137,1,0,0,20,0,0,0,0,0,0,0,0,0,0,0,0,0,0,0,0,29.0,12.418984985351562,1.0,0.0,-0.016144588589668274,0.04999999701976776,0.0,0.0,0.0,0.24690665304660797,map_a,map_a_open,RULESET_V3_M1_OWN_FLAG_HOME,73b77ac3a0efb2c33a4498544c96bb702a656cbbfe17af18ec859c6d6b4c2142,True
1949,sappo_pi_A_specialist_1p5M_seed7100001,48532,1456416,711,18,,OP3,OPPONENT_POOL,train,map_a_open,-1,0,SCRIPTED:OP6,5,1,2,0,2,240,0.4399999976158142,1,0,0,58,0,0,0,0,0,0,0,0,0,0,0,0,0,0,0,0,39.0,10.387872314453125,1.0,0.0,0.011979013681411743,0.04999988526105881,0.0,0.0,0.0,0.2485564947128296,map_a,map_a_open,RULESET_V3_M1_OWN_FLAG_HOME,73b77ac3a0efb2c33a4498544c96bb702a656cbbfe17af18ec859c6d6b4c2142,True
1950,sappo_pi_A_specialist_1p5M_seed7100001,48532,1456416,711,18,,OP3,OPPONENT_POOL,train,map_a_open,-1,0,SCRIPTED:OP6,5,1,2,0,2,240,0.35999998450279236,0,1,0,151,0,0,0,0,0,0,0,0,0,0,0,0,0,0,0,0,42.0,4.167981719970703,1.0,0.0,-0.0015188604593276978,0.019999999552965164,0.0,0.0,-0.00800000037997961,0.24412424862384796,map_a,map_a_open,RULESET_V3_M1_OWN_FLAG_HOME,73b77ac3a0efb2c33a4498544c96bb702a656cbbfe17af18ec859c6d6b4c2142,True
1951,sappo_pi_A_specialist_1p5M_seed7100001,48532,1456528,711,25,,OP3,OPPONENT_POOL,train,map_a_open,-1,0,SCRIPTED:OP6,5,1,1,0,1,240,0.47999998927116394,1,0,0,38,0,0,0,0,0,0,0,0,0,0,0,0,0,0,0,0,48.0,11.764078776041666,1.0,0.0,0.019064098596572876,0.04999999701976776,0.0,0.0,-0.004000000189989805,0.24803365767002106,map_a,map_a_open,RULESET_V3_M1_OWN_FLAG_HOME,73b77ac3a0efb2c33a4498544c96bb702a656cbbfe17af18ec859c6d6b4c2142,True
1952,sappo_pi_A_specialist_1p5M_seed7100001,48532,1456640,711,32,,OP3,OPPONENT_POOL,train,map_a_open,-1,0,SCRIPTED:OP6,5,0,1,1,0,240,0.4399999976158142,1,0,0,40,0,0,0,0,0,0,0,0,0,0,0,0,0,0,0,0,57.0,8.96092529296875,-0.5,0.0,0.0062997788190841675,0.04999999701976776,0.0,0.0,-0.004000000189989805,-0.1218724474310875,map_a,map_a_open,RULESET_V3_M1_OWN_FLAG_HOME,73b77ac3a0efb2c33a4498544c96bb702a656cbbfe17af18ec859c6d6b4c2142,True
1953,sappo_pi_A_specialist_1p5M_seed7100001,48532,1457168,711,65,,OP3,OPPONENT_POOL,train,map_a_open,-1,0,SCRIPTED:OP6,5,0,0,0,0,240,0.5999999642372131,1,0,0,12,0,0,0,0,0,0,0,0,0,0,0,0,0,0,0,0,,12.967526245117188,-0.5,0.0,0.010357335209846497,0.04999999701976776,0.0,0.0,0.0,-0.12063728272914886,map_a,map_a_open,RULESET_V3_M1_OWN_FLAG_HOME,73b77ac3a0efb2c33a4498544c96bb702a656cbbfe17af18ec859c6d6b4c2142,True
1954,sappo_pi_A_specialist_1p5M_seed7100001,48532,1457376,711,78,,OP3,OPPONENT_POOL,train,map_a_open,-1,0,SCRIPTED:OP6,5,0,0,0,0,240,0.3999999761581421,1,0,0,23,0,0,0,0,0,0,0,0,0,0,0,0,0,0,0,0,,13.165523274739583,-0.5,0.0,-0.010745614767074585,0.04999999701976776,0.0,0.0,-0.004000000189989805,-0.12292182445526123,map_a,map_a_open,RULESET_V3_M1_OWN_FLAG_HOME,73b77ac3a0efb2c33a4498544c96bb702a656cbbfe17af18ec859c6d6b4c2142,True
1955,sappo_pi_A_specialist_1p5M_seed7100001,48532,1457536,711,88,,OP3,OPPONENT_POOL,train,map_a_open,-1,0,SCRIPTED:OP6,5,1,1,0,1,240,0.4399999976158142,1,0,0,94,0,0,0,0,0,0,0,0,0,0,0,0,0,0,0,0,125.0,7.548158264160156,1.0,0.0,-0.006356045603752136,0.04999999701976776,0.0,0.0,-0.004000000189989805,0.2465420812368393,map_a,map_a_open,RULESET_V3_M1_OWN_FLAG_HOME,73b77ac3a0efb2c33a4498544c96bb702a656cbbfe17af18ec859c6d6b4c2142,True
1956,sappo_pi_A_specialist_1p5M_seed7100001,48532,1457600,711,92,,OP3,OPPONENT_POOL,train,map_a_open,-1,0,SCRIPTED:OP6,5,1,1,0,1,240,0.3199999928474426,0,1,0,95,0,0,0,0,0,0,0,0,0,0,0,0,0,0,0,0,109.0,8.245095825195312,1.0,0.0,-0.0006991475820541382,0.04999999701976776,0.0,0.0,-0.004000000189989805,0.2468741089105606,map_a,map_a_open,RULESET_V3_M1_OWN_FLAG_HOME,73b77ac3a0efb2c33a4498544c96bb702a656cbbfe17af18ec859c6d6b4c2142,True
1957,sappo_pi_A_specialist_1p5M_seed7100001,48532,1457664,711,96,,OP3,OPPONENT_POOL,train,map_a_open,-1,0,SCRIPTED:OP6,5,0,0,0,0,240,0.5600000023841858,1,0,0,7,0,0,0,0,0,0,0,0,0,0,0,0,0,0,0,0,,12.836199951171874,-0.5,0.0,0.02329424023628235,0.04999999701976776,0.0,0.0,-0.004000000189989805,-0.12082593888044357,map_a,map_a_open,RULESET_V3_M1_OWN_FLAG_HOME,73b77ac3a0efb2c33a4498544c96bb702a656cbbfe17af18ec859c6d6b4c2142,True
1958,sappo_pi_A_specialist_1p5M_seed7100001,48532,1457920,711,112,,OP3,OPPONENT_POOL,train,map_a_open,-1,0,SCRIPTED:OP6,5,1,2,0,2,240,0.5600000023841858,1,0,0,89,0,0,0,0,0,0,0,0,0,0,0,0,0,0,0,0,48.0,7.666170247395834,1.0,0.0,0.00035668909549713135,0.04999999701976776,0.0,0.0,0.0,0.24787487089633942,map_a,map_a_open,RULESET_V3_M1_OWN_FLAG_HOME,73b77ac3a0efb2c33a4498544c96bb702a656cbbfe17af18ec859c6d6b4c2142,True
1959,sappo_pi_A_specialist_1p5M_seed7100001,48532,1458048,711,120,,OP3,OPPONENT_POOL,train,map_a_open,-1,0,SCRIPTED:OP6,5,0,0,0,0,240,0.5199999809265137,1,0,0,12,0,0,0,0,0,0,0,0,0,0,0,0,0,0,0,0,,13.240464274088541,-0.5,0.0,-0.008736014366149902,0.04999999701976776,0.0,0.0,0.0,-0.1218130812048912,map_a,map_a_open,RULESET_V3_M1_OWN_FLAG_HOME,73b77ac3a0efb2c33a4498544c96bb702a656cbbfe17af18ec859c6d6b4c2142,True
1960,sappo_pi_A_specialist_1p5M_seed7100001,48532,1458352,712,11,,OP3,OPPONENT_POOL,train,map_a_open,-1,0,SCRIPTED:OP6,5,0,0,0,0,240,0.47999998927116394,0,1,0,23,0,0,0,0,0,0,0,0,0,0,0,0,0,0,0,0,,12.713845825195312,-0.5,0.0,0.005001679062843323,0.04999999701976776,0.0,0.0,0.0,-0.12096711993217468,map_a,map_a_open,RULESET_V3_M1_OWN_FLAG_HOME,73b77ac3a0efb2c33a4498544c96bb702a656cbbfe17af18ec859c6d6b4c2142,True
1961,sappo_pi_A_specialist_1p5M_seed7100001,48532,1458496,712,20,,OP3,OPPONENT_POOL,train,map_a_open,-1,0,SCRIPTED:OP6,5,1,3,1,2,130,0.4399999976158142,1,0,0,35,0,0,0,0,0,0,0,0,0,0,0,0,0,0,0,0,44.0,5.802364408052885,1.0,0.5,-0.0062932223081588745,0.0,1.0,100.0,0.0,0.5543273687362671,map_a,map_a_open,RULESET_V3_M1_OWN_FLAG_HOME,73b77ac3a0efb2c33a4498544c96bb702a656cbbfe17af18ec859c6d6b4c2142,True
1962,sappo_pi_A_specialist_1p5M_seed7100001,48532,1459616,712,90,,OP3,OPPONENT_POOL,train,map_a_open,-1,0,SCRIPTED:OP6,5,1,1,0,1,240,0.4399999976158142,1,0,0,19,0,0,0,0,0,0,0,0,0,0,0,0,0,0,0,0,46.0,11.961767578125,1.0,0.0,0.006137490272521973,0.04999999701976776,0.0,0.0,0.0,0.24821394681930542,map_a,map_a_open,RULESET_V3_M1_OWN_FLAG_HOME,73b77ac3a0efb2c33a4498544c96bb702a656cbbfe17af18ec859c6d6b4c2142,True
1963,sappo_pi_A_specialist_1p5M_seed7100001,48532,1459616,712,90,,OP3,OPPONENT_POOL,train,map_a_open,-1,0,SCRIPTED:OP6,5,1,3,1,2,202,0.35999998450279236,1,0,0,75,0,0,0,0,0,0,0,0,0,0,0,0,0,0,0,0,74.0,4.714679982402537,1.0,0.5,-0.010174036026000977,0.0,1.0,100.0,0.0,0.5541592836380005,map_a,map_a_open,RULESET_V3_M1_OWN_FLAG_HOME,73b77ac3a0efb2c33a4498544c96bb702a656cbbfe17af18ec859c6d6b4c2142,True
1964,sappo_pi_A_specialist_1p5M_seed7100001,48532,1460016,712,115,,OP3,OPPONENT_POOL,train,map_a_open,-1,0,SCRIPTED:OP6,5,0,0,0,0,240,0.35999998450279236,0,1,0,22,0,0,0,0,0,0,0,0,0,0,0,0,0,0,0,0,,11.98972676595052,-0.5,0.0,0.01055346429347992,0.04999999701976776,0.0,0.0,0.0,-0.12062520533800125,map_a,map_a_open,RULESET_V3_M1_OWN_FLAG_HOME,73b77ac3a0efb2c33a4498544c96bb702a656cbbfe17af18ec859c6d6b4c2142,True
1965,sappo_pi_A_specialist_1p5M_seed7100001,48532,1460256,713,2,,OP3,OPPONENT_POOL,train,map_a_open,-1,0,SCRIPTED:OP6,5,0,0,0,0,240,0.35999998450279236,0,2,0,44,0,0,0,0,0,0,0,0,0,0,0,0,0,0,0,0,,10.94763895670573,-0.5,0.0,-0.01898232102394104,0.04999999701976776,0.0,0.0,-0.004000000189989805,-0.1234288141131401,map_a,map_a_open,RULESET_V3_M1_OWN_FLAG_HOME,73b77ac3a0efb2c33a4498544c96bb702a656cbbfe17af18ec859c6d6b4c2142,True
1966,sappo_pi_A_specialist_1p5M_seed7100001,48532,1460256,713,2,,OP3,OPPONENT_POOL,train,map_a_open,-1,0,SCRIPTED:OP6,5,1,1,0,1,240,0.47999998927116394,1,0,0,50,0,0,0,0,0,0,0,0,0,0,0,0,0,0,0,0,70.0,9.896791585286458,1.0,0.0,0.016725778579711914,0.04999999701976776,0.0,0.0,-0.004000000189989805,0.24789652228355408,map_a,map_a_open,RULESET_V3_M1_OWN_FLAG_HOME,73b77ac3a0efb2c33a4498544c96bb702a656cbbfe17af18ec859c6d6b4c2142,True
1967,sappo_pi_A_specialist_1p5M_seed7100001,48532,1460368,713,9,,OP3,OPPONENT_POOL,train,map_a_open,-1,0,SCRIPTED:OP6,5,0,0,0,0,240,0.47999998927116394,1,0,0,29,0,0,0,0,0,0,0,0,0,0,0,0,0,0,0,0,,11.950608317057291,-0.5,0.0,-0.00023339688777923584,0.04999999701976776,0.0,0.0,0.0,-0.12128952145576477,map_a,map_a_open,RULESET_V3_M1_OWN_FLAG_HOME,73b77ac3a0efb2c33a4498544c96bb702a656cbbfe17af18ec859c6d6b4c2142,True
1968,sappo_pi_A_specialist_1p5M_seed7100001,48532,1460480,713,16,,OP3,OPPONENT_POOL,train,map_a_open,-1,0,SCRIPTED:OP6,5,0,0,1,-1,240,0.3999999761581421,0,1,0,28,0,0,0,0,0,0,0,0,0,0,0,0,0,0,0,0,78.0,10.691546630859374,-1.0,0.0,0.02326221764087677,0.04999999701976776,0.0,0.0,0.0,-0.24060963094234467,map_a,map_a_open,RULESET_V3_M1_OWN_FLAG_HOME,73b77ac3a0efb2c33a4498544c96bb702a656cbbfe17af18ec859c6d6b4c2142,True
1969,sappo_pi_A_specialist_1p5M_seed7100001,48532,1461008,713,49,,OP3,OPPONENT_POOL,train,map_a_open,-1,0,SCRIPTED:OP6,5,0,0,0,0,240,0.5199999809265137,1,0,0,23,0,0,0,0,0,0,0,0,0,0,0,0,0,0,0,0,,11.81922098795573,-0.5,0.0,-0.006483495235443115,0.04999999701976776,0.0,0.0,0.0,-0.12167438119649887,map_a,map_a_open,RULESET_V3_M1_OWN_FLAG_HOME,73b77ac3a0efb2c33a4498544c96bb702a656cbbfe17af18ec859c6d6b4c2142,True
1970,sappo_pi_A_specialist_1p5M_seed7100001,48532,1461216,713,62,,OP3,OPPONENT_POOL,train,map_a_open,-1,0,SCRIPTED:OP6,5,0,0,0,0,240,0.5600000023841858,1,0,0,24,0,0,0,0,0,0,0,0,0,0,0,0,0,0,0,0,,11.557904052734376,-0.5,0.0,-0.002760648727416992,0.04999999701976776,0.0,0.0,-0.00800000037997961,-0.12341517210006714,map_a,map_a_open,RULESET_V3_M1_OWN_FLAG_HOME,73b77ac3a0efb2c33a4498544c96bb702a656cbbfe17af18ec859c6d6b4c2142,True
1971,sappo_pi_A_specialist_1p5M_seed7100001,48532,1461376,713,72,,OP3,OPPONENT_POOL,train,map_a_open,-1,0,SCRIPTED:OP6,5,1,1,0,1,240,0.5999999642372131,1,0,0,122,0,0,0,0,0,0,0,0,0,0,0,0,0,0,0,0,54.0,4.336985270182292,1.0,0.0,0.012807846069335938,0.06999999284744263,0.0,0.0,-0.004000000189989805,0.2488396316766739,map_a,map_a_open,RULESET_V3_M1_OWN_FLAG_HOME,73b77ac3a0efb2c33a4498544c96bb702a656cbbfe17af18ec859c6d6b4c2142,True
1972,sappo_pi_A_specialist_1p5M_seed7100001,48532,1461440,713,76,,OP3,OPPONENT_POOL,train,map_a_open,-1,0,SCRIPTED:OP6,5,0,0,0,0,240,0.3999999761581421,1,0,0,22,0,0,0,0,0,0,0,0,0,0,0,0,0,0,0,0,,12.689577229817708,-0.5,0.0,-0.01217968761920929,0.049999818205833435,0.0,0.0,-0.004000000189989805,-0.12301011383533478,map_a,map_a_open,RULESET_V3_M1_OWN_FLAG_HOME,73b77ac3a0efb2c33a4498544c96bb702a656cbbfe17af18ec859c6d6b4c2142,True
1973,sappo_pi_A_specialist_1p5M_seed7100001,48532,1461504,713,80,,OP3,OPPONENT_POOL,train,map_a_open,-1,0,SCRIPTED:OP6,5,1,1,0,1,240,0.3999999761581421,1,0,0,26,0,0,0,0,0,0,0,0,0,0,0,0,0,0,0,0,47.0,11.047948201497396,1.0,0.0,0.006634041666984558,0.04999999701976776,0.0,0.0,0.0,0.248243048787117,map_a,map_a_open,RULESET_V3_M1_OWN_FLAG_HOME,73b77ac3a0efb2c33a4498544c96bb702a656cbbfe17af18ec859c6d6b4c2142,True
1974,sappo_pi_A_specialist_1p5M_seed7100001,48532,1461760,713,96,,OP3,OPPONENT_POOL,train,map_a_open,-1,0,SCRIPTED:OP6,5,0,0,0,0,240,0.5600000023841858,1,0,0,10,0,0,0,0,0,0,0,0,0,0,0,0,0,0,0,0,,13.03543701171875,-0.5,0.0,0.008955731987953186,0.04999999701976776,0.0,0.0,-0.004000000189989805,-0.12170892208814621,map_a,map_a_open,RULESET_V3_M1_OWN_FLAG_HOME,73b77ac3a0efb2c33a4498544c96bb702a656cbbfe17af18ec859c6d6b4c2142,True
1975,sappo_pi_A_specialist_1p5M_seed7100001,48532,1461888,713,104,,OP3,OPPONENT_POOL,train,map_a_open,-1,0,SCRIPTED:OP6,5,0,0,0,0,240,0.47999998927116394,1,0,0,9,0,0,0,0,0,0,0,0,0,0,0,0,0,0,0,0,,12.955283610026042,-0.5,0.0,-0.014288365840911865,0.04999999701976776,0.0,0.0,-0.004000000189989805,-0.1231398954987526,map_a,map_a_open,RULESET_V3_M1_OWN_FLAG_HOME,73b77ac3a0efb2c33a4498544c96bb702a656cbbfe17af18ec859c6d6b4c2142,True
1976,sappo_pi_A_specialist_1p5M_seed7100001,48532,1462192,713,123,,OP3,OPPONENT_POOL,train,map_a_open,-1,0,SCRIPTED:OP6,5,0,0,0,0,240,0.5199999809265137,1,0,0,22,0,0,0,0,0,0,0,0,0,0,0,0,0,0,0,0,,12.198830159505208,-0.5,0.0,0.018412932753562927,0.04999999701976776,0.0,0.0,0.0,-0.12014110386371613,map_a,map_a_open,RULESET_V3_M1_OWN_FLAG_HOME,73b77ac3a0efb2c33a4498544c96bb702a656cbbfe17af18ec859c6d6b4c2142,True
1977,sappo_pi_A_specialist_1p5M_seed7100001,48532,1462336,714,4,,OP3,OPPONENT_POOL,train,map_a_open,-1,0,SCRIPTED:OP6,5,0,0,0,0,240,0.3999999761581421,1,0,0,17,0,0,0,0,0,0,0,0,0,0,0,0,0,0,0,0,,12.183085123697916,-0.5,0.0,-0.005782201886177063,0.04999999701976776,0.0,0.0,-0.00800000037997961,-0.12360113859176636,map_a,map_a_open,RULESET_V3_M1_OWN_FLAG_HOME,73b77ac3a0efb2c33a4498544c96bb702a656cbbfe17af18ec859c6d6b4c2142,True
1978,sappo_pi_A_specialist_1p5M_seed7100001,48532,1462672,714,25,,OP3,OPPONENT_POOL,train,map_a_open,-1,0,SCRIPTED:OP6,5,1,3,0,3,144,0.4399999976158142,1,0,0,63,0,0,0,0,0,0,0,0,0,0,0,0,0,0,0,0,35.0,5.177955203586155,1.0,0.5,-0.010047808289527893,0.0,1.0,100.0,-0.004000000189989805,0.5534714460372925,map_a,map_a_open,RULESET_V3_M1_OWN_FLAG_HOME,73b77ac3a0efb2c33a4498544c96bb702a656cbbfe17af18ec859c6d6b4c2142,True
1979,sappo_pi_A_specialist_1p5M_seed7100001,48532,1462864,714,37,,OP3,OPPONENT_POOL,train,map_a_open,-1,0,SCRIPTED:OP6,5,1,3,0,3,149,0.5600000023841858,0,1,0,74,0,0,0,0,0,0,0,0,0,0,0,0,0,0,0,0,55.0,4.2776624436346475,1.0,0.5,-0.010357871651649475,0.0,1.0,100.0,0.0,0.5541512966156006,map_a,map_a_open,RULESET_V3_M1_OWN_FLAG_HOME,73b77ac3a0efb2c33a4498544c96bb702a656cbbfe17af18ec859c6d6b4c2142,True
1980,sappo_pi_A_specialist_1p5M_seed7100001,48532,1463456,714,74,,OP3,OPPONENT_POOL,train,map_a_open,-1,0,SCRIPTED:OP6,5,1,1,0,1,240,0.2800000011920929,1,0,0,28,0,0,0,0,0,0,0,0,0,0,0,0,0,0,0,0,55.0,11.567396036783855,1.0,0.0,0.002830490469932556,0.04999999701976776,0.0,0.0,0.0,0.2480199933052063,map_a,map_a_open,RULESET_V3_M1_OWN_FLAG_HOME,73b77ac3a0efb2c33a4498544c96bb702a656cbbfe17af18ec859c6d6b4c2142,True
1981,sappo_pi_A_specialist_1p5M_seed7100001,48532,1463456,714,74,,OP3,OPPONENT_POOL,train,map_a_open,-1,0,SCRIPTED:OP6,5,0,0,0,0,240,0.3999999761581421,1,0,0,26,0,0,0,0,0,0,0,0,0,0,0,0,0,0,0,0,,13.234598795572916,-0.5,0.0,0.011239185929298401,0.04999999701976776,0.0,0.0,0.0,-0.12058296799659729,map_a,map_a_open,RULESET_V3_M1_OWN_FLAG_HOME,73b77ac3a0efb2c33a4498544c96bb702a656cbbfe17af18ec859c6d6b4c2142,True
1982,sappo_pi_A_specialist_1p5M_seed7100001,48532,1463856,714,99,,OP3,OPPONENT_POOL,train,map_a_open,-1,0,SCRIPTED:OP6,5,0,0,0,0,240,0.3999999761581421,1,0,0,23,0,0,0,0,0,0,0,0,0,0,0,0,0,0,0,0,,12.542135620117188,-0.5,0.0,0.0025117695331573486,0.04999999701976776,0.0,0.0,-0.004000000189989805,-0.122105672955513,map_a,map_a_open,RULESET_V3_M1_OWN_FLAG_HOME,73b77ac3a0efb2c33a4498544c96bb702a656cbbfe17af18ec859c6d6b4c2142,True
1983,sappo_pi_A_specialist_1p5M_seed7100001,48532,1464096,714,114,,OP3,OPPONENT_POOL,train,map_a_open,-1,0,SCRIPTED:OP6,5,1,1,0,1,240,0.5999999642372131,1,0,0,90,0,0,0,0,0,0,0,0,0,0,0,0,0,0,0,0,139.0,7.054236857096354,1.0,0.0,0.0014864802360534668,0.04999999701976776,0.0,0.0,0.0,0.24794113636016846,map_a,map_a_open,RULESET_V3_M1_OWN_FLAG_HOME,73b77ac3a0efb2c33a4498544c96bb702a656cbbfe17af18ec859c6d6b4c2142,True
1984,sappo_pi_A_specialist_1p5M_seed7100001,48532,1464096,714,114,,OP3,OPPONENT_POOL,train,map_a_open,-1,0,SCRIPTED:OP6,5,0,0,0,0,240,0.5999999642372131,0,1,0,11,0,0,0,0,0,0,0,0,0,0,0,0,0,0,0,0,,13.248368326822916,-0.5,0.0,-0.0034247934818267822,0.04999999701976776,0.0,0.0,-0.004000000189989805,-0.1224711686372757,map_a,map_a_open,RULESET_V3_M1_OWN_FLAG_HOME,73b77ac3a0efb2c33a4498544c96bb702a656cbbfe17af18ec859c6d6b4c2142,True
1985,sappo_pi_A_specialist_1p5M_seed7100001,48532,1464848,715,33,,OP3,OPPONENT_POOL,train,map_a_open,-1,0,SCRIPTED:OP6,5,0,0,0,0,240,0.3999999761581421,0,1,0,27,0,0,0,0,0,0,0,0,0,0,0,0,0,0,0,0,,11.180528767903645,-0.5,0.0,-0.0004028826951980591,0.04999999701976776,0.0,0.0,0.0,-0.12129995226860046,map_a,map_a_open,RULESET_V3_M1_OWN_FLAG_HOME,73b77ac3a0efb2c33a4498544c96bb702a656cbbfe17af18ec859c6d6b4c2142,True
1986,sappo_pi_A_specialist_1p5M_seed7100001,48532,1465024,715,44,,OP3,OPPONENT_POOL,train,map_a_open,-1,0,SCRIPTED:OP6,5,1,3,0,3,204,0.5600000023841858,1,0,0,102,0,0,0,0,0,0,0,0,0,0,0,0,0,0,0,0,44.0,4.609023449467678,1.0,0.5,-0.01040048897266388,0.0,1.0,100.0,0.0,0.5541495084762573,map_a,map_a_open,RULESET_V3_M1_OWN_FLAG_HOME,73b77ac3a0efb2c33a4498544c96bb702a656cbbfe17af18ec859c6d6b4c2142,True
1987,sappo_pi_A_specialist_1p5M_seed7100001,48532,1465056,715,46,,OP3,OPPONENT_POOL,train,map_a_open,-1,0,SCRIPTED:OP6,5,0,0,0,0,240,0.3199999928474426,1,0,0,12,0,0,0,0,0,0,0,0,0,0,0,0,0,0,0,0,,13.154843139648438,-0.5,0.0,-0.011026814579963684,0.04999999701976776,0.0,0.0,0.0,-0.12195412814617157,map_a,map_a_open,RULESET_V3_M1_OWN_FLAG_HOME,73b77ac3a0efb2c33a4498544c96bb702a656cbbfe17af18ec859c6d6b4c2142,True
1988,sappo_pi_A_specialist_1p5M_seed7100001,48532,1465216,715,56,,OP3,OPPONENT_POOL,train,map_a_open,-1,0,SCRIPTED:OP6,5,1,1,0,1,240,0.3999999761581421,1,0,0,22,0,0,0,0,0,0,0,0,0,0,0,0,0,0,0,0,45.0,12.271945190429687,1.0,0.0,0.0029059648513793945,0.04999999701976776,0.0,0.0,0.0,0.24802440404891968,map_a,map_a_open,RULESET_V3_M1_OWN_FLAG_HOME,73b77ac3a0efb2c33a4498544c96bb702a656cbbfe17af18ec859c6d6b4c2142,True
1989,sappo_pi_A_specialist_1p5M_seed7100001,48532,1465280,715,60,,OP3,OPPONENT_POOL,train,map_a_open,-1,0,SCRIPTED:OP6,5,1,1,0,1,240,0.5199999809265137,1,0,0,60,0,0,0,0,0,0,0,0,0,0,0,0,0,0,0,0,38.0,10.003228759765625,1.0,0.0,0.007082939147949219,0.04999999701976776,0.0,0.0,0.0,0.24826939404010773,map_a,map_a_open,RULESET_V3_M1_OWN_FLAG_HOME,73b77ac3a0efb2c33a4498544c96bb702a656cbbfe17af18ec859c6d6b4c2142,True
1990,sappo_pi_A_specialist_1p5M_seed7100001,48532,1465344,715,64,,OP3,OPPONENT_POOL,train,map_a_open,-1,0,SCRIPTED:OP6,5,1,2,1,1,240,0.5999999642372131,1,0,0,68,0,0,0,0,0,0,0,0,0,0,0,0,0,0,0,0,89.0,6.981546020507812,1.0,0.0,-0.0096922367811203,0.04062499850988388,0.0,0.0,0.0,0.2467351257801056,map_a,map_a_open,RULESET_V3_M1_OWN_FLAG_HOME,73b77ac3a0efb2c33a4498544c96bb702a656cbbfe17af18ec859c6d6b4c2142,True
1991,sappo_pi_A_specialist_1p5M_seed7100001,48532,1465728,715,88,,OP3,OPPONENT_POOL,train,map_a_open,-1,0,SCRIPTED:OP6,5,1,2,0,2,240,0.5999999642372131,0,1,0,64,0,0,0,0,0,0,0,0,0,0,0,0,0,0,0,0,43.0,6.599651590983073,1.0,0.0,-0.004661008715629578,0.04999999701976776,0.0,0.0,-0.004000000189989805,0.24664156138896942,map_a,map_a_open,RULESET_V3_M1_OWN_FLAG_HOME,73b77ac3a0efb2c33a4498544c96bb702a656cbbfe17af18ec859c6d6b4c2142,True
1992,sappo_pi_A_specialist_1p5M_seed7100001,48532,1466032,715,107,,OP3,OPPONENT_POOL,train,map_a_open,-1,0,SCRIPTED:OP6,5,0,0,0,0,240,0.2800000011920929,1,0,0,12,0,0,0,0,0,0,0,0,0,0,0,0,0,0,0,0,,12.80097147623698,-0.5,0.0,-0.010790303349494934,0.04999999701976776,0.0,0.0,-0.004000000189989805,-0.1229245737195015,map_a,map_a_open,RULESET_V3_M1_OWN_FLAG_HOME,73b77ac3a0efb2c33a4498544c96bb702a656cbbfe17af18ec859c6d6b4c2142,True
1993,sappo_pi_A_specialist_1p5M_seed7100001,48532,1466176,715,116,,OP3,OPPONENT_POOL,train,map_a_open,-1,0,SCRIPTED:OP6,5,1,1,0,1,240,0.47999998927116394,1,0,0,24,0,0,0,0,0,0,0,0,0,0,0,0,0,0,0,0,50.0,11.661964925130208,1.0,0.0,-0.010258778929710388,0.04999999701976776,0.0,0.0,0.0,0.24725204706192017,map_a,map_a_open,RULESET_V3_M1_OWN_FLAG_HOME,73b77ac3a0efb2c33a4498544c96bb702a656cbbfe17af18ec859c6d6b4c2142,True
1994,sappo_pi_A_specialist_1p5M_seed7100001,48532,1466512,716,9,,OP3,OPPONENT_POOL,train,map_a_open,-1,0,SCRIPTED:OP6,5,1,1,0,1,240,0.3999999761581421,1,0,0,10,0,0,0,0,0,0,0,0,0,0,0,0,0,0,0,0,28.0,12.56650390625,1.0,0.0,0.014943182468414307,0.04999999701976776,0.0,0.0,0.0,0.24873031675815582,map_a,map_a_open,RULESET_V3_M1_OWN_FLAG_HOME,73b77ac3a0efb2c33a4498544c96bb702a656cbbfe17af18ec859c6d6b4c2142,True
1995,sappo_pi_A_specialist_1p5M_seed7100001,48532,1466704,716,21,,OP3,OPPONENT_POOL,train,map_a_open,-1,0,SCRIPTED:OP6,5,1,2,0,2,240,0.47999998927116394,1,0,0,71,0,0,0,0,0,0,0,0,0,0,0,0,0,0,0,0,47.0,8.602903238932292,1.0,0.0,-0.01884472370147705,0.04999907314777374,0.0,0.0,-0.004000000189989805,0.24580878019332886,map_a,map_a_open,RULESET_V3_M1_OWN_FLAG_HOME,73b77ac3a0efb2c33a4498544c96bb702a656cbbfe17af18ec859c6d6b4c2142,True
1996,sappo_pi_A_specialist_1p5M_seed7100001,48532,1467296,716,58,,OP3,OPPONENT_POOL,train,map_a_open,-1,0,SCRIPTED:OP6,5,0,0,0,0,240,0.47999998927116394,0,1,0,13,0,0,0,0,0,0,0,0,0,0,0,0,0,0,0,0,,12.814029947916667,-0.5,0.0,-0.006693929433822632,0.04999999701976776,0.0,0.0,0.0,-0.12168733775615692,map_a,map_a_open,RULESET_V3_M1_OWN_FLAG_HOME,73b77ac3a0efb2c33a4498544c96bb702a656cbbfe17af18ec859c6d6b4c2142,True
1997,sappo_pi_A_specialist_1p5M_seed7100001,48532,1467296,716,58,,OP3,OPPONENT_POOL,train,map_a_open,-1,0,SCRIPTED:OP6,5,1,1,0,1,240,0.35999998450279236,1,0,0,22,0,0,0,0,0,0,0,0,0,0,0,0,0,0,0,0,51.0,11.604799397786458,1.0,0.0,-0.01015317440032959,0.04999999701976776,0.0,0.0,0.0,0.247258260846138,map_a,map_a_open,RULESET_V3_M1_OWN_FLAG_HOME,73b77ac3a0efb2c33a4498544c96bb702a656cbbfe17af18ec859c6d6b4c2142,True
1998,sappo_pi_A_specialist_1p5M_seed7100001,48532,1467696,716,83,,OP3,OPPONENT_POOL,train,map_a_open,-1,0,SCRIPTED:OP6,5,0,0,0,0,240,0.4399999976158142,1,0,0,38,0,0,0,0,0,0,0,0,0,0,0,0,0,0,0,0,,11.966365559895833,-0.5,0.0,-0.003742396831512451,0.04999999701976776,0.0,0.0,0.0,-0.12150559574365616,map_a,map_a_open,RULESET_V3_M1_OWN_FLAG_HOME,73b77ac3a0efb2c33a4498544c96bb702a656cbbfe17af18ec859c6d6b4c2142,True
1999,sappo_pi_A_specialist_1p5M_seed7100001,48532,1467936,716,98,,OP3,OPPONENT_POOL,train,map_a_open,-1,0,SCRIPTED:OP6,5,1,1,0,1,240,0.3999999761581421,0,1,0,28,0,0,0,0,0,0,0,0,0,0,0,0,0,0,0,0,41.0,11.55247090657552,1.0,0.0,-0.009352773427963257,0.04999999701976776,0.0,0.0,0.0,0.24730521440505981,map_a,map_a_open,RULESET_V3_M1_OWN_FLAG_HOME,73b77ac3a0efb2c33a4498544c96bb702a656cbbfe17af18ec859c6d6b4c2142,True
2000,sappo_pi_A_specialist_1p5M_seed7100001,48532,1467936,716,98,,OP3,OPPONENT_POOL,train,map_a_open,-1,0,SCRIPTED:OP6,5,1,1,0,1,240,0.6399999856948853,0,1,0,23,0,0,0,0,0,0,0,0,0,0,0,0,0,0,0,0,46.0,12.121178181966146,1.0,0.0,0.004929006099700928,0.04999999701976776,0.0,0.0,0.0,0.2481430470943451,map_a,map_a_open,RULESET_V3_M1_OWN_FLAG_HOME,73b77ac3a0efb2c33a4498544c96bb702a656cbbfe17af18ec859c6d6b4c2142,True
2001,sappo_pi_A_specialist_1p5M_seed7100001,48532,1468688,717,17,,OP3,OPPONENT_POOL,train,map_a_open,-1,0,SCRIPTED:OP6,5,1,2,0,2,240,0.4399999976158142,0,1,0,75,0,0,0,0,0,0,0,0,0,0,0,0,0,0,0,0,53.0,8.102627563476563,1.0,0.0,-0.008717134594917297,0.04997691139578819,0.0,0.0,0.0,0.24734117090702057,map_a,map_a_open,RULESET_V3_M1_OWN_FLAG_HOME,73b77ac3a0efb2c33a4498544c96bb702a656cbbfe17af18ec859c6d6b4c2142,True
2002,sappo_pi_A_specialist_1p5M_seed7100001,48532,1468752,717,21,,OP3,OPPONENT_POOL,train,map_a_open,-1,0,SCRIPTED:OP6,5,1,3,1,2,233,0.4399999976158142,1,0,0,112,0,0,0,0,0,0,0,0,0,0,0,0,0,0,0,0,105.0,4.717376316054184,1.0,0.5,0.0072715431451797485,0.0,1.0,100.0,0.0,0.5549143552780151,map_a,map_a_open,RULESET_V3_M1_OWN_FLAG_HOME,73b77ac3a0efb2c33a4498544c96bb702a656cbbfe17af18ec859c6d6b4c2142,True
2003,sappo_pi_A_specialist_1p5M_seed7100001,48532,1468896,717,30,,OP3,OPPONENT_POOL,train,map_a_open,-1,0,SCRIPTED:OP6,5,1,1,0,1,240,0.47999998927116394,0,1,0,151,0,0,0,0,0,0,0,0,0,0,0,0,0,0,0,0,239.0,4.3660024007161455,1.0,0.0,-0.01698949933052063,0.0,0.0,0.0,-0.004000000189989805,0.2429795116186142,map_a,map_a_open,RULESET_V3_M1_OWN_FLAG_HOME,73b77ac3a0efb2c33a4498544c96bb702a656cbbfe17af18ec859c6d6b4c2142,True
2004,sappo_pi_A_specialist_1p5M_seed7100001,48532,1469056,717,40,,OP3,OPPONENT_POOL,train,map_a_open,-1,0,SCRIPTED:OP6,5,0,0,0,0,240,0.47999998927116394,1,0,0,13,0,0,0,0,0,0,0,0,0,0,0,0,0,0,0,0,,13.211248779296875,-0.5,0.0,-3.921985626220703e-05,0.04999999701976776,0.0,0.0,-0.004000000189989805,-0.12226273864507675,map_a,map_a_open,RULESET_V3_M1_OWN_FLAG_HOME,73b77ac3a0efb2c33a4498544c96bb702a656cbbfe17af18ec859c6d6b4c2142,True
2005,sappo_pi_A_specialist_1p5M_seed7100001,48532,1469120,717,44,,OP3,OPPONENT_POOL,train,map_a_open,-1,0,SCRIPTED:OP6,5,1,2,0,2,240,0.5199999809265137,0,1,0,46,0,0,0,0,0,0,0,0,0,0,0,0,0,0,0,0,70.0,8.963682047526042,1.0,0.0,-0.0018942207098007202,0.04999999701976776,0.0,0.0,0.0,0.24774281680583954,map_a,map_a_open,RULESET_V3_M1_OWN_FLAG_HOME,73b77ac3a0efb2c33a4498544c96bb702a656cbbfe17af18ec859c6d6b4c2142,True
2006,sappo_pi_A_specialist_1p5M_seed7100001,48532,1469184,717,48,,OP3,OPPONENT_POOL,train,map_a_open,-1,0,SCRIPTED:OP6,5,0,0,0,0,240,0.47999998927116394,1,0,0,17,0,0,0,0,0,0,0,0,0,0,0,0,0,0,0,0,,13.090763346354167,-0.5,0.0,0.0020940154790878296,0.04999999701976776,0.0,0.0,-0.004000000189989805,-0.12213139981031418,map_a,map_a_open,RULESET_V3_M1_OWN_FLAG_HOME,73b77ac3a0efb2c33a4498544c96bb702a656cbbfe17af18ec859c6d6b4c2142,True
2007,sappo_pi_A_specialist_1p5M_seed7100001,48532,1469568,717,72,,OP3,OPPONENT_POOL,train,map_a_open,-1,0,SCRIPTED:OP6,5,1,1,0,1,240,0.4399999976158142,1,0,0,18,0,0,0,0,0,0,0,0,0,0,0,0,0,0,0,0,52.0,11.812652587890625,1.0,0.0,0.016209885478019714,0.04999999701976776,0.0,0.0,0.0,0.24880458414554596,map_a,map_a_open,RULESET_V3_M1_OWN_FLAG_HOME,73b77ac3a0efb2c33a4498544c96bb702a656cbbfe17af18ec859c6d6b4c2142,True
2008,sappo_pi_A_specialist_1p5M_seed7100001,48532,1469872,717,91,,OP3,OPPONENT_POOL,train,map_a_open,-1,0,SCRIPTED:OP6,5,0,0,2,-2,240,0.4399999976158142,1,0,0,19,0,0,0,0,0,0,0,0,0,0,0,0,0,0,0,0,54.0,10.466726684570313,-1.0,0.0,0.004038900136947632,0.04999999701976776,0.0,0.0,0.0,-0.24174119532108307,map_a,map_a_open,RULESET_V3_M1_OWN_FLAG_HOME,73b77ac3a0efb2c33a4498544c96bb702a656cbbfe17af18ec859c6d6b4c2142,True
2009,sappo_pi_A_specialist_1p5M_seed7100001,48532,1470016,717,100,,OP3,OPPONENT_POOL,train,map_a_open,-1,0,SCRIPTED:OP6,5,1,2,0,2,240,0.5199999809265137,1,0,0,16,0,0,0,0,0,0,0,0,0,0,0,0,0,0,0,0,40.0,11.140338134765624,1.0,0.0,0.0024483799934387207,0.04999999701976776,0.0,0.0,0.0,0.24799755215644836,map_a,map_a_open,RULESET_V3_M1_OWN_FLAG_HOME,73b77ac3a0efb2c33a4498544c96bb702a656cbbfe17af18ec859c6d6b4c2142,True
2010,sappo_pi_A_specialist_1p5M_seed7100001,48532,1470352,717,121,,OP3,OPPONENT_POOL,train,map_a_open,-1,0,SCRIPTED:OP6,5,1,1,0,1,240,0.35999998450279236,1,0,0,12,0,0,0,0,0,0,0,0,0,0,0,0,0,0,0,0,43.0,12.144834391276042,1.0,0.0,-0.00023120641708374023,0.04999999701976776,0.0,0.0,-0.004000000189989805,0.24690157175064087,map_a,map_a_open,RULESET_V3_M1_OWN_FLAG_HOME,73b77ac3a0efb2c33a4498544c96bb702a656cbbfe17af18ec859c6d6b4c2142,True
2011,sappo_pi_A_specialist_1p5M_seed7100001,48532,1470544,718,5,,OP3,OPPONENT_POOL,train,map_a_open,-1,0,SCRIPTED:OP6,5,0,0,0,0,240,0.4399999976158142,1,0,0,15,0,0,0,0,0,0,0,0,0,0,0,0,0,0,0,0,,13.191173299153645,-0.5,0.0,-0.0027409344911575317,0.04999999701976776,0.0,0.0,0.0,-0.12144392728805542,map_a,map_a_open,RULESET_V3_M1_OWN_FLAG_HOME,73b77ac3a0efb2c33a4498544c96bb702a656cbbfe17af18ec859c6d6b4c2142,True
2012,sappo_pi_A_specialist_1p5M_seed7100001,48532,1470768,718,19,,OP3,OPPONENT_POOL,train,map_a_open,-1,0,SCRIPTED:OP6,5,1,3,0,3,103,0.2800000011920929,1,0,0,24,0,0,0,0,0,0,0,0,0,0,0,0,0,0,0,0,44.0,5.534947663834951,1.0,0.5,0.008260875940322876,0.0,1.0,100.0,-0.004000000189989805,0.5542647242546082,map_a,map_a_open,RULESET_V3_M1_OWN_FLAG_HOME,73b77ac3a0efb2c33a4498544c96bb702a656cbbfe17af18ec859c6d6b4c2142,True
2013,sappo_pi_A_specialist_1p5M_seed7100001,48532,1471136,718,42,,OP3,OPPONENT_POOL,train,map_a_open,-1,0,SCRIPTED:OP6,5,1,1,0,1,240,0.5600000023841858,0,1,0,28,0,0,0,0,0,0,0,0,0,0,0,0,0,0,0,0,55.0,11.324147542317709,1.0,0.0,0.011511147022247314,0.04999999701976776,0.0,0.0,0.0,0.24852906167507172,map_a,map_a_open,RULESET_V3_M1_OWN_FLAG_HOME,73b77ac3a0efb2c33a4498544c96bb702a656cbbfe17af18ec859c6d6b4c2142,True
2014,sappo_pi_A_specialist_1p5M_seed7100001,48532,1471136,718,42,,OP3,OPPONENT_POOL,train,map_a_open,-1,0,SCRIPTED:OP6,5,1,2,1,1,240,0.47999998927116394,1,0,0,30,0,0,0,0,0,0,0,0,0,0,0,0,0,0,0,0,47.0,9.799831136067708,1.0,0.0,-0.0202101469039917,0.04999999701976776,0.0,0.0,0.0,0.2466680407524109,map_a,map_a_open,RULESET_V3_M1_OWN_FLAG_HOME,73b77ac3a0efb2c33a4498544c96bb702a656cbbfe17af18ec859c6d6b4c2142,True
2015,sappo_pi_A_specialist_1p5M_seed7100001,48532,1471536,718,67,,OP3,OPPONENT_POOL,train,map_a_open,-1,0,SCRIPTED:OP6,5,1,1,0,1,240,0.5199999809265137,1,0,0,34,0,0,0,0,0,0,0,0,0,0,0,0,0,0,0,0,61.0,10.574704996744792,1.0,0.0,0.008225888013839722,0.04999999701976776,0.0,0.0,-0.004000000189989805,0.24739785492420197,map_a,map_a_open,RULESET_V3_M1_OWN_FLAG_HOME,73b77ac3a0efb2c33a4498544c96bb702a656cbbfe17af18ec859c6d6b4c2142,True
2016,sappo_pi_A_specialist_1p5M_seed7100001,48532,1471776,718,82,,OP3,OPPONENT_POOL,train,map_a_open,-1,0,SCRIPTED:OP6,5,1,1,0,1,240,0.47999998927116394,1,0,0,40,0,0,0,0,0,0,0,0,0,0,0,0,0,0,0,0,37.0,10.856597900390625,1.0,0.0,0.0022556334733963013,0.04999999701976776,0.0,0.0,0.0,0.24798625707626343,map_a,map_a_open,RULESET_V3_M1_OWN_FLAG_HOME,73b77ac3a0efb2c33a4498544c96bb702a656cbbfe17af18ec859c6d6b4c2142,True
2017,sappo_pi_A_specialist_1p5M_seed7100001,48532,1471776,718,82,,OP3,OPPONENT_POOL,train,map_a_open,-1,0,SCRIPTED:OP6,5,0,0,0,0,240,0.4399999976158142,1,0,0,9,0,0,0,0,0,0,0,0,0,0,0,0,0,0,0,0,,12.917531331380209,-0.5,0.0,0.001027420163154602,0.04999999701976776,0.0,0.0,-0.004000000189989805,-0.12219706922769547,map_a,map_a_open,RULESET_V3_M1_OWN_FLAG_HOME,73b77ac3a0efb2c33a4498544c96bb702a656cbbfe17af18ec859c6d6b4c2142,True
2018,sappo_pi_A_specialist_1p5M_seed7100001,48532,1472400,718,121,,OP3,OPPONENT_POOL,train,map_a_open,-1,0,SCRIPTED:OP6,5,1,3,0,3,201,0.47999998927116394,0,1,0,113,0,0,0,0,0,0,0,0,0,0,0,0,0,0,0,0,59.0,4.388722282143967,1.0,0.5,-0.010256201028823853,0.0,1.0,100.0,0.0,0.554155707359314,map_a,map_a_open,RULESET_V3_M1_OWN_FLAG_HOME,73b77ac3a0efb2c33a4498544c96bb702a656cbbfe17af18ec859c6d6b4c2142,True
2019,sappo_pi_A_specialist_1p5M_seed7100001,48532,1472528,719,1,,OP3,OPPONENT_POOL,train,map_a_open,-1,0,SCRIPTED:OP6,5,1,1,0,1,240,0.5600000023841858,1,0,0,45,0,0,0,0,0,0,0,0,0,0,0,0,0,0,0,0,45.0,10.166417439778646,1.0,0.0,-0.0156448632478714,0.04999999701976776,0.0,0.0,0.0,0.24693599343299866,map_a,map_a_open,RULESET_V3_M1_OWN_FLAG_HOME,73b77ac3a0efb2c33a4498544c96bb702a656cbbfe17af18ec859c6d6b4c2142,True
2020,sappo_pi_A_specialist_1p5M_seed7100001,48532,1472592,719,5,,OP3,OPPONENT_POOL,train,map_a_open,-1,0,SCRIPTED:OP6,5,1,1,0,1,240,0.35999998450279236,1,0,0,32,0,0,0,0,0,0,0,0,0,0,0,0,0,0,0,0,68.0,11.184860229492188,1.0,0.0,0.004447177052497864,0.04999999701976776,0.0,0.0,0.0,0.24811479449272156,map_a,map_a_open,RULESET_V3_M1_OWN_FLAG_HOME,73b77ac3a0efb2c33a4498544c96bb702a656cbbfe17af18ec859c6d6b4c2142,True
2021,sappo_pi_A_specialist_1p5M_seed7100001,48532,1472736,719,14,,OP3,OPPONENT_POOL,train,map_a_open,-1,0,SCRIPTED:OP6,5,1,1,0,1,240,0.5999999642372131,1,0,0,44,0,0,0,0,0,0,0,0,0,0,0,0,0,0,0,0,69.0,9.83107198079427,1.0,0.0,0.012634411454200745,0.04999999701976776,0.0,0.0,0.0,0.24859493970870972,map_a,map_a_open,RULESET_V3_M1_OWN_FLAG_HOME,73b77ac3a0efb2c33a4498544c96bb702a656cbbfe17af18ec859c6d6b4c2142,True
2022,sappo_pi_A_specialist_1p5M_seed7100001,48532,1472896,719,24,,OP3,OPPONENT_POOL,train,map_a_open,-1,0,SCRIPTED:OP6,5,0,0,0,0,240,0.6399999856948853,1,0,0,20,0,0,0,0,0,0,0,0,0,0,0,0,0,0,0,0,,12.160793050130208,-0.5,0.0,-7.954239845275879e-05,0.04999999701976776,0.0,0.0,-0.004000000189989805,-0.12226521968841553,map_a,map_a_open,RULESET_V3_M1_OWN_FLAG_HOME,73b77ac3a0efb2c33a4498544c96bb702a656cbbfe17af18ec859c6d6b4c2142,True
2023,sappo_pi_A_specialist_1p5M_seed7100001,48532,1473408,719,56,,OP3,OPPONENT_POOL,train,map_a_open,-1,0,SCRIPTED:OP6,5,1,1,0,1,240,0.3999999761581421,1,0,0,35,0,0,0,0,0,0,0,0,0,0,0,0,0,0,0,0,53.0,11.648374430338542,1.0,0.0,0.01279418170452118,0.04999999701976776,0.0,0.0,0.0,0.24860431253910065,map_a,map_a_open,RULESET_V3_M1_OWN_FLAG_HOME,73b77ac3a0efb2c33a4498544c96bb702a656cbbfe17af18ec859c6d6b4c2142,True
2024,sappo_pi_A_specialist_1p5M_seed7100001,48532,1473712,719,75,,OP3,OPPONENT_POOL,train,map_a_open,-1,0,SCRIPTED:OP6,5,0,0,0,0,240,0.47999998927116394,1,0,0,6,0,0,0,0,0,0,0,0,0,0,0,0,0,0,0,0,,13.353555297851562,-0.5,0.0,0.011256560683250427,0.04999999701976776,0.0,0.0,-0.00800000037997961,-0.12255235016345978,map_a,map_a_open,RULESET_V3_M1_OWN_FLAG_HOME,73b77ac3a0efb2c33a4498544c96bb702a656cbbfe17af18ec859c6d6b4c2142,True
2025,sappo_pi_A_specialist_1p5M_seed7100001,48532,1473856,719,84,,OP3,OPPONENT_POOL,train,map_a_open,-1,0,SCRIPTED:OP6,5,0,0,1,-1,240,0.47999998927116394,1,0,0,21,0,0,0,0,0,0,0,0,0,0,0,0,0,0,0,0,45.0,12.112543741861979,-1.0,0.0,0.009536013007164001,0.04999994486570358,0.0,0.0,0.0,-0.24141769111156464,map_a,map_a_open,RULESET_V3_M1_OWN_FLAG_HOME,73b77ac3a0efb2c33a4498544c96bb702a656cbbfe17af18ec859c6d6b4c2142,True
2026,sappo_pi_A_specialist_1p5M_seed7100001,48532,1474192,719,105,,OP3,OPPONENT_POOL,train,map_a_open,-1,0,SCRIPTED:OP6,5,1,2,1,1,240,0.47999998927116394,0,2,0,119,0,0,0,0,0,0,0,0,0,0,0,0,0,0,0,0,45.0,4.4974309285481775,1.0,0.0,-0.01876533031463623,0.014999999664723873,0.0,0.0,-0.004000000189989805,0.24375706911087036,map_a,map_a_open,RULESET_V3_M1_OWN_FLAG_HOME,73b77ac3a0efb2c33a4498544c96bb702a656cbbfe17af18ec859c6d6b4c2142,True
2027,sappo_pi_A_specialist_1p5M_seed7100001,48532,1474384,719,117,,OP3,OPPONENT_POOL,train,map_a_open,-1,0,SCRIPTED:OP6,5,1,2,0,2,240,0.47999998927116394,1,0,0,31,0,0,0,0,0,0,0,0,0,0,0,0,0,0,0,0,51.0,9.817494710286459,1.0,0.0,0.0016749054193496704,0.04999999701976776,0.0,0.0,0.0,0.2479521930217743,map_a,map_a_open,RULESET_V3_M1_OWN_FLAG_HOME,73b77ac3a0efb2c33a4498544c96bb702a656cbbfe17af18ec859c6d6b4c2142,True
2028,sappo_pi_A_specialist_1p5M_seed7100001,48532,1474608,720,3,,OP3,OPPONENT_POOL,train,map_a_open,-1,0,SCRIPTED:OP6,5,0,0,0,0,240,0.47999998927116394,0,2,0,51,0,0,0,0,0,0,0,0,0,0,0,0,0,0,0,0,,10.161238606770834,-0.5,0.0,0.006140291690826416,0.04999999701976776,0.0,0.0,0.0,-0.12089700251817703,map_a,map_a_open,RULESET_V3_M1_OWN_FLAG_HOME,73b77ac3a0efb2c33a4498544c96bb702a656cbbfe17af18ec859c6d6b4c2142,True
2029,sappo_pi_A_specialist_1p5M_seed7100001,48532,1474976,720,26,,OP3,OPPONENT_POOL,train,map_a_open,-1,0,SCRIPTED:OP6,5,1,1,0,1,240,0.47999998927116394,1,0,0,29,0,0,0,0,0,0,0,0,0,0,0,0,0,0,0,0,44.0,11.545620727539063,1.0,0.0,0.006956547498703003,0.04999999701976776,0.0,0.0,-0.004000000189989805,0.24732337892055511,map_a,map_a_open,RULESET_V3_M1_OWN_FLAG_HOME,73b77ac3a0efb2c33a4498544c96bb702a656cbbfe17af18ec859c6d6b4c2142,True
2030,sappo_pi_A_specialist_1p5M_seed7100001,48532,1474976,720,26,,OP3,OPPONENT_POOL,train,map_a_open,-1,0,SCRIPTED:OP6,5,1,1,0,1,240,0.3999999761581421,1,0,0,28,0,0,0,0,0,0,0,0,0,0,0,0,0,0,0,0,50.0,11.871672566731771,1.0,0.0,0.01260325312614441,0.04999999701976776,0.0,0.0,-0.004000000189989805,0.24765467643737793,map_a,map_a_open,RULESET_V3_M1_OWN_FLAG_HOME,73b77ac3a0efb2c33a4498544c96bb702a656cbbfe17af18ec859c6d6b4c2142,True
2031,sappo_pi_A_specialist_1p5M_seed7100001,48532,1475376,720,51,,OP3,OPPONENT_POOL,train,map_a_open,-1,0,SCRIPTED:OP6,5,1,1,0,1,240,0.5600000023841858,1,0,0,22,0,0,0,0,0,0,0,0,0,0,0,0,0,0,0,0,49.0,12.018834431966146,1.0,0.0,0.0025266557931900024,0.04999999701976776,0.0,0.0,0.0,0.24800214171409607,map_a,map_a_open,RULESET_V3_M1_OWN_FLAG_HOME,73b77ac3a0efb2c33a4498544c96bb702a656cbbfe17af18ec859c6d6b4c2142,True
2032,sappo_pi_A_specialist_1p5M_seed7100001,48532,1475616,720,66,,OP3,OPPONENT_POOL,train,map_a_open,-1,0,SCRIPTED:OP6,5,0,0,0,0,240,0.3999999761581421,1,0,0,8,0,0,0,0,0,0,0,0,0,0,0,0,0,0,0,0,,13.49617919921875,-0.5,0.0,-0.01827588677406311,0.04999999701976776,0.0,0.0,-0.004000000189989805,-0.12338533252477646,map_a,map_a_open,RULESET_V3_M1_OWN_FLAG_HOME,73b77ac3a0efb2c33a4498544c96bb702a656cbbfe17af18ec859c6d6b4c2142,True
2033,sappo_pi_A_specialist_1p5M_seed7100001,48532,1475616,720,66,,OP3,OPPONENT_POOL,train,map_a_open,-1,0,SCRIPTED:OP6,5,1,2,0,2,240,0.4399999976158142,0,1,0,72,0,0,0,0,0,0,0,0,0,0,0,0,0,0,0,0,93.0,8.076500956217448,1.0,0.0,0.0015895217657089233,0.04999999701976776,0.0,0.0,0.0,0.24794718623161316,map_a,map_a_open,RULESET_V3_M1_OWN_FLAG_HOME,73b77ac3a0efb2c33a4498544c96bb702a656cbbfe17af18ec859c6d6b4c2142,True
2034,sappo_pi_A_specialist_1p5M_seed7100001,48532,1475760,720,75,,OP3,OPPONENT_POOL,train,map_a_open,-1,0,SCRIPTED:OP6,5,1,3,0,3,189,0.35999998450279236,0,2,0,91,0,0,0,0,0,0,0,0,0,0,0,0,0,0,0,0,28.0,4.192687342406581,1.0,0.5,-0.008507266640663147,0.0,1.0,100.0,0.0,0.5542314648628235,map_a,map_a_open,RULESET_V3_M1_OWN_FLAG_HOME,73b77ac3a0efb2c33a4498544c96bb702a656cbbfe17af18ec859c6d6b4c2142,True
2035,sappo_pi_A_specialist_1p5M_seed7100001,48532,1476240,720,105,,OP3,OPPONENT_POOL,train,map_a_open,-1,0,SCRIPTED:OP6,5,0,0,0,0,240,0.47999998927116394,0,1,0,12,0,0,0,0,0,0,0,0,0,0,0,0,0,0,0,0,,12.44567159016927,-0.5,0.0,-0.01594260334968567,0.04999995231628418,0.0,0.0,0.0,-0.12225678563117981,map_a,map_a_open,RULESET_V3_M1_OWN_FLAG_HOME,73b77ac3a0efb2c33a4498544c96bb702a656cbbfe17af18ec859c6d6b4c2142,True
2036,sappo_pi_A_specialist_1p5M_seed7100001,48532,1476368,720,113,,OP3,OPPONENT_POOL,train,map_a_open,-1,0,SCRIPTED:OP6,5,1,1,0,1,240,0.47999998927116394,1,0,0,52,0,0,0,0,0,0,0,0,0,0,0,0,0,0,0,0,76.0,10.323768107096354,1.0,0.0,-0.027204394340515137,0.04999999701976776,0.0,0.0,0.0,0.2462574541568756,map_a,map_a_open,RULESET_V3_M1_OWN_FLAG_HOME,73b77ac3a0efb2c33a4498544c96bb702a656cbbfe17af18ec859c6d6b4c2142,True
2037,sappo_pi_A_specialist_1p5M_seed7100001,48532,1476432,720,117,,OP3,OPPONENT_POOL,train,map_a_open,-1,0,SCRIPTED:OP6,5,0,0,0,0,240,0.47999998927116394,1,0,0,21,0,0,0,0,0,0,0,0,0,0,0,0,0,0,0,0,,12.404587809244791,-0.5,0.0,0.0023211538791656494,0.04999999701976776,0.0,0.0,0.0,-0.12113220244646072,map_a,map_a_open,RULESET_V3_M1_OWN_FLAG_HOME,73b77ac3a0efb2c33a4498544c96bb702a656cbbfe17af18ec859c6d6b4c2142,True
2038,sappo_pi_A_specialist_1p5M_seed7100001,48532,1476736,721,8,,OP3,OPPONENT_POOL,train,map_a_open,-1,0,SCRIPTED:OP6,5,1,2,1,1,240,0.5999999642372131,1,0,0,34,0,0,0,0,0,0,0,0,0,0,0,0,0,0,0,0,48.0,9.860465494791667,1.0,0.0,-0.0031564533710479736,0.04999999701976776,0.0,0.0,-0.00800000037997961,0.2457905262708664,map_a,map_a_open,RULESET_V3_M1_OWN_FLAG_HOME,73b77ac3a0efb2c33a4498544c96bb702a656cbbfe17af18ec859c6d6b4c2142,True
2039,sappo_pi_A_specialist_1p5M_seed7100001,48532,1477248,721,40,,OP3,OPPONENT_POOL,train,map_a_open,-1,0,SCRIPTED:OP6,5,0,1,1,0,240,0.47999998927116394,1,0,0,67,0,0,0,0,0,0,0,0,0,0,0,0,0,0,0,0,55.0,9.487376912434895,-0.5,0.0,-0.014925628900527954,0.04999999701976776,0.0,0.0,-0.004000000189989805,-0.1231791228055954,map_a,map_a_open,RULESET_V3_M1_OWN_FLAG_HOME,73b77ac3a0efb2c33a4498544c96bb702a656cbbfe17af18ec859c6d6b4c2142,True
2040,sappo_pi_A_specialist_1p5M_seed7100001,48532,1477552,721,59,,OP3,OPPONENT_POOL,train,map_a_open,-1,0,SCRIPTED:OP6,5,1,1,0,1,240,0.5600000023841858,1,0,0,11,0,0,0,0,0,0,0,0,0,0,0,0,0,0,0,0,44.0,11.857674153645833,1.0,0.0,0.0013850629329681396,0.04999999701976776,0.0,0.0,-0.004000000189989805,0.2469964325428009,map_a,map_a_open,RULESET_V3_M1_OWN_FLAG_HOME,73b77ac3a0efb2c33a4498544c96bb702a656cbbfe17af18ec859c6d6b4c2142,True
2041,sappo_pi_A_specialist_1p5M_seed7100001,48532,1477696,721,68,,OP3,OPPONENT_POOL,train,map_a_open,-1,0,SCRIPTED:OP6,5,0,0,0,0,240,0.5199999809265137,1,0,0,31,0,0,0,0,0,0,0,0,0,0,0,0,0,0,0,0,,12.020945231119791,-0.5,0.0,-0.01540905237197876,0.04999999701976776,0.0,0.0,-0.004000000189989805,-0.12320888042449951,map_a,map_a_open,RULESET_V3_M1_OWN_FLAG_HOME,73b77ac3a0efb2c33a4498544c96bb702a656cbbfe17af18ec859c6d6b4c2142,True
2042,sappo_pi_A_specialist_1p5M_seed7100001,48532,1478032,721,89,,OP3,OPPONENT_POOL,train,map_a_open,-1,0,SCRIPTED:OP6,5,0,0,0,0,240,0.47999998927116394,1,0,0,12,0,0,0,0,0,0,0,0,0,0,0,0,0,0,0,0,,13.081167602539063,-0.5,0.0,0.011456653475761414,0.04999999701976776,0.0,0.0,-0.004000000189989805,-0.1215549185872078,map_a,map_a_open,RULESET_V3_M1_OWN_FLAG_HOME,73b77ac3a0efb2c33a4498544c96bb702a656cbbfe17af18ec859c6d6b4c2142,True
2043,sappo_pi_A_specialist_1p5M_seed7100001,48532,1478080,721,92,,OP3,OPPONENT_POOL,train,map_a_open,-1,0,SCRIPTED:OP6,5,1,3,1,2,169,0.47999998927116394,1,0,0,70,0,0,0,0,0,0,0,0,0,0,0,0,0,0,0,0,70.0,5.418308957794009,1.0,0.5,-0.010128691792488098,0.0,1.0,100.0,0.0,0.5541612505912781,map_a,map_a_open,RULESET_V3_M1_OWN_FLAG_HOME,73b77ac3a0efb2c33a4498544c96bb702a656cbbfe17af18ec859c6d6b4c2142,True
2044,sappo_pi_A_specialist_1p5M_seed7100001,48532,1478224,721,101,,OP3,OPPONENT_POOL,train,map_a_open,-1,0,SCRIPTED:OP6,5,0,0,0,0,240,0.3199999928474426,1,0,0,19,0,0,0,0,0,0,0,0,0,0,0,0,0,0,0,0,,12.69763895670573,-0.5,0.0,0.008475467562675476,0.04999999701976776,0.0,0.0,-0.004000000189989805,-0.1217384859919548,map_a,map_a_open,RULESET_V3_M1_OWN_FLAG_HOME,73b77ac3a0efb2c33a4498544c96bb702a656cbbfe17af18ec859c6d6b4c2142,True
2045,sappo_pi_A_specialist_1p5M_seed7100001,48532,1478448,721,115,,OP3,OPPONENT_POOL,train,map_a_open,-1,0,SCRIPTED:OP6,5,0,0,0,0,240,0.47999998927116394,0,1,0,22,0,0,0,0,0,0,0,0,0,0,0,0,0,0,0,0,,12.297913614908854,-0.5,0.0,-0.006216257810592651,0.04999999701976776,0.0,0.0,0.0,-0.12165793031454086,map_a,map_a_open,RULESET_V3_M1_OWN_FLAG_HOME,73b77ac3a0efb2c33a4498544c96bb702a656cbbfe17af18ec859c6d6b4c2142,True
2046,sappo_pi_A_specialist_1p5M_seed7100001,48532,1478816,722,10,,OP3,OPPONENT_POOL,train,map_a_open,-1,0,SCRIPTED:OP6,5,1,1,0,1,240,0.5199999809265137,1,0,0,29,0,0,0,0,0,0,0,0,0,0,0,0,0,0,0,0,60.0,10.543140665690105,1.0,0.0,-0.018102839589118958,0.04999999701976776,0.0,0.0,-0.004000000189989805,0.24585241079330444,map_a,map_a_open,RULESET_V3_M1_OWN_FLAG_HOME,73b77ac3a0efb2c33a4498544c96bb702a656cbbfe17af18ec859c6d6b4c2142,True
2047,sappo_pi_A_specialist_1p5M_seed7100001,48532,1478816,722,10,,OP3,OPPONENT_POOL,train,map_a_open,-1,0,SCRIPTED:OP6,5,1,1,0,1,240,0.3999999761581421,1,0,0,32,0,0,0,0,0,0,0,0,0,0,0,0,0,0,0,0,41.0,10.413494873046876,1.0,0.0,0.005885079503059387,0.04999999701976776,0.0,0.0,0.0,0.24819914996623993,map_a,map_a_open,RULESET_V3_M1_OWN_FLAG_HOME,73b77ac3a0efb2c33a4498544c96bb702a656cbbfe17af18ec859c6d6b4c2142,True
2048,sappo_pi_A_specialist_1p5M_seed7100001,48532,1479456,722,50,,OP3,OPPONENT_POOL,train,map_a_open,-1,0,SCRIPTED:OP6,5,1,2,0,2,240,0.3999999761581421,0,1,0,181,0,0,0,0,0,0,0,0,0,0,0,0,0,0,0,0,170.0,3.291784922281901,1.0,0.0,-0.02076062560081482,0.0,0.0,0.0,-0.00800000037997961,0.2418164312839508,map_a,map_a_open,RULESET_V3_M1_OWN_FLAG_HOME,73b77ac3a0efb2c33a4498544c96bb702a656cbbfe17af18ec859c6d6b4c2142,True
2049,sappo_pi_A_specialist_1p5M_seed7100001,48532,1479456,722,50,,OP3,OPPONENT_POOL,train,map_a_open,-1,0,SCRIPTED:OP6,5,0,2,2,0,240,0.47999998927116394,0,1,0,66,0,0,0,0,0,0,0,0,0,0,0,0,0,0,0,0,43.0,7.862839762369791,-0.5,0.0,-0.005561366677284241,0.04999999701976776,0.0,0.0,0.0,-0.12161760777235031,map_a,map_a_open,RULESET_V3_M1_OWN_FLAG_HOME,73b77ac3a0efb2c33a4498544c96bb702a656cbbfe17af18ec859c6d6b4c2142,True
2050,sappo_pi_A_specialist_1p5M_seed7100001,48532,1479600,722,59,,OP3,OPPONENT_POOL,train,map_a_open,-1,0,SCRIPTED:OP6,5,0,0,1,-1,240,0.35999998450279236,1,0,0,56,0,0,0,0,0,0,0,0,0,0,0,0,0,0,0,0,79.0,10.087257893880208,-1.0,0.0,0.01761147379875183,0.04999999701976776,0.0,0.0,0.0,-0.2409423291683197,map_a,map_a_open,RULESET_V3_M1_OWN_FLAG_HOME,73b77ac3a0efb2c33a4498544c96bb702a656cbbfe17af18ec859c6d6b4c2142,True
2051,sappo_pi_A_specialist_1p5M_seed7100001,48532,1480080,722,89,,OP3,OPPONENT_POOL,train,map_a_open,-1,0,SCRIPTED:OP6,5,0,1,1,0,240,0.4399999976158142,1,0,0,85,0,0,0,0,0,0,0,0,0,0,0,0,0,0,0,0,102.0,5.858262634277343,-0.5,0.0,-0.0044392794370651245,0.04999999701976776,0.0,0.0,0.0,-0.12154851108789444,map_a,map_a_open,RULESET_V3_M1_OWN_FLAG_HOME,73b77ac3a0efb2c33a4498544c96bb702a656cbbfe17af18ec859c6d6b4c2142,True
2052,sappo_pi_A_specialist_1p5M_seed7100001,48532,1480208,722,97,,OP3,OPPONENT_POOL,train,map_a_open,-1,0,SCRIPTED:OP6,5,1,1,0,1,240,0.47999998927116394,1,0,0,17,0,0,0,0,0,0,0,0,0,0,0,0,0,0,0,0,42.0,12.116829427083333,1.0,0.0,0.0019114017486572266,0.04999999701976776,0.0,0.0,0.0,0.24796606600284576,map_a,map_a_open,RULESET_V3_M1_OWN_FLAG_HOME,73b77ac3a0efb2c33a4498544c96bb702a656cbbfe17af18ec859c6d6b4c2142,True
2053,sappo_pi_A_specialist_1p5M_seed7100001,48532,1480272,722,101,,OP3,OPPONENT_POOL,train,map_a_open,-1,0,SCRIPTED:OP6,5,1,2,0,2,240,0.47999998927116394,0,1,0,103,0,0,0,0,0,0,0,0,0,0,0,0,0,0,0,0,39.0,8.042486572265625,1.0,0.0,0.013813108205795288,0.04999999701976776,0.0,0.0,0.0,0.24866406619548798,map_a,map_a_open,RULESET_V3_M1_OWN_FLAG_HOME,73b77ac3a0efb2c33a4498544c96bb702a656cbbfe17af18ec859c6d6b4c2142,True
2054,sappo_pi_A_specialist_1p5M_seed7100001,48532,1480576,722,120,,OP3,OPPONENT_POOL,train,map_a_open,-1,0,SCRIPTED:OP6,5,1,1,0,1,240,0.4399999976158142,1,0,0,31,0,0,0,0,0,0,0,0,0,0,0,0,0,0,0,0,48.0,11.763255818684895,1.0,0.0,-0.0038615167140960693,0.04999999701976776,0.0,0.0,0.0,0.2476274073123932,map_a,map_a_open,RULESET_V3_M1_OWN_FLAG_HOME,73b77ac3a0efb2c33a4498544c96bb702a656cbbfe17af18ec859c6d6b4c2142,True
2055,sappo_pi_A_specialist_1p5M_seed7100001,48532,1481088,723,24,,OP3,OPPONENT_POOL,train,map_a_open,-1,0,SCRIPTED:OP6,5,1,1,0,1,240,0.4399999976158142,1,0,0,12,0,0,0,0,0,0,0,0,0,0,0,0,0,0,0,0,33.0,12.09351298014323,1.0,0.0,0.00010469555854797363,0.04999999701976776,0.0,0.0,-0.004000000189989805,0.24692130088806152,map_a,map_a_open,RULESET_V3_M1_OWN_FLAG_HOME,73b77ac3a0efb2c33a4498544c96bb702a656cbbfe17af18ec859c6d6b4c2142,True
2056,sappo_pi_A_specialist_1p5M_seed7100001,48532,1481392,723,43,,OP3,OPPONENT_POOL,train,map_a_open,-1,0,SCRIPTED:OP6,5,0,0,0,0,240,0.5199999809265137,1,0,0,7,0,0,0,0,0,0,0,0,0,0,0,0,0,0,0,0,,13.062453206380209,-0.5,0.0,-0.009930074214935303,0.04999999701976776,0.0,0.0,0.0,-0.12188660353422165,map_a,map_a_open,RULESET_V3_M1_OWN_FLAG_HOME,73b77ac3a0efb2c33a4498544c96bb702a656cbbfe17af18ec859c6d6b4c2142,True
2057,sappo_pi_A_specialist_1p5M_seed7100001,48532,1481536,723,52,,OP3,OPPONENT_POOL,train,map_a_open,-1,0,SCRIPTED:OP6,5,0,0,0,0,240,0.5199999809265137,1,0,0,24,0,0,0,0,0,0,0,0,0,0,0,0,0,0,0,0,,11.193226114908855,-0.5,0.0,-0.0016331076622009277,0.04999999701976776,0.0,0.0,0.0,-0.12137570977210999,map_a,map_a_open,RULESET_V3_M1_OWN_FLAG_HOME,73b77ac3a0efb2c33a4498544c96bb702a656cbbfe17af18ec859c6d6b4c2142,True
2058,sappo_pi_A_specialist_1p5M_seed7100001,48532,1481872,723,73,,OP3,OPPONENT_POOL,train,map_a_open,-1,0,SCRIPTED:OP6,5,1,1,0,1,240,0.3999999761581421,1,0,0,21,0,0,0,0,0,0,0,0,0,0,0,0,0,0,0,0,47.0,11.811447143554688,1.0,0.0,-0.014883697032928467,0.04999947547912598,0.0,0.0,0.0,0.24698062241077423,map_a,map_a_open,RULESET_V3_M1_OWN_FLAG_HOME,73b77ac3a0efb2c33a4498544c96bb702a656cbbfe17af18ec859c6d6b4c2142,True
2059,sappo_pi_A_specialist_1p5M_seed7100001,48532,1481920,723,76,,OP3,OPPONENT_POOL,train,map_a_open,-1,0,SCRIPTED:OP6,5,1,2,1,1,240,0.5600000023841858,0,2,0,130,0,0,0,0,0,0,0,0,0,0,0,0,0,0,0,0,109.0,4.422252909342448,1.0,0.0,-0.019652247428894043,0.0,0.0,0.0,-0.00800000037997961,0.24188163876533508,map_a,map_a_open,RULESET_V3_M1_OWN_FLAG_HOME,73b77ac3a0efb2c33a4498544c96bb702a656cbbfe17af18ec859c6d6b4c2142,True
2060,sappo_pi_A_specialist_1p5M_seed7100001,48532,1482016,723,82,,OP3,OPPONENT_POOL,train,map_a_open,-1,0,SCRIPTED:OP6,5,1,3,0,3,109,0.3999999761581421,1,0,0,18,0,0,0,0,0,0,0,0,0,0,0,0,0,0,0,0,46.0,5.331792148975057,1.0,0.5,-0.010323390364646912,0.0,1.0,100.0,-0.004000000189989805,0.5534595251083374,map_a,map_a_open,RULESET_V3_M1_OWN_FLAG_HOME,73b77ac3a0efb2c33a4498544c96bb702a656cbbfe17af18ec859c6d6b4c2142,True
2061,sappo_pi_A_specialist_1p5M_seed7100001,48532,1482064,723,85,,OP3,OPPONENT_POOL,train,map_a_open,-1,0,SCRIPTED:OP6,5,0,0,0,0,240,0.47999998927116394,1,0,0,18,0,0,0,0,0,0,0,0,0,0,0,0,0,0,0,0,,12.785710652669271,-0.5,0.0,0.013530954718589783,0.049999356269836426,0.0,0.0,0.0,-0.12044185400009155,map_a,map_a_open,RULESET_V3_M1_OWN_FLAG_HOME,73b77ac3a0efb2c33a4498544c96bb702a656cbbfe17af18ec859c6d6b4c2142,True
2062,sappo_pi_A_specialist_1p5M_seed7100001,48532,1482288,723,99,,OP3,OPPONENT_POOL,train,map_a_open,-1,0,SCRIPTED:OP6,5,1,1,0,1,240,0.5199999809265137,1,0,0,37,0,0,0,0,0,0,0,0,0,0,0,0,0,0,0,0,50.0,9.760866292317708,1.0,0.0,-0.0021952539682388306,0.04999999701976776,0.0,0.0,0.0,0.24772517383098602,map_a,map_a_open,RULESET_V3_M1_OWN_FLAG_HOME,73b77ac3a0efb2c33a4498544c96bb702a656cbbfe17af18ec859c6d6b4c2142,True
2063,sappo_pi_A_specialist_1p5M_seed7100001,48532,1482656,723,122,,OP3,OPPONENT_POOL,train,map_a_open,-1,0,SCRIPTED:OP6,5,1,1,0,1,240,0.4399999976158142,0,1,0,121,0,0,0,0,0,0,0,0,0,0,0,0,0,0,0,0,192.0,5.2022852579752605,1.0,0.0,0.00404714047908783,0.04999999701976776,0.0,0.0,0.0,0.24809134006500244,map_a,map_a_open,RULESET_V3_M1_OWN_FLAG_HOME,73b77ac3a0efb2c33a4498544c96bb702a656cbbfe17af18ec859c6d6b4c2142,True
2064,sappo_pi_A_specialist_1p5M_seed7100001,48532,1482656,723,122,,OP3,OPPONENT_POOL,train,map_a_open,-1,0,SCRIPTED:OP6,5,1,1,0,1,240,0.3999999761581421,1,0,0,92,0,0,0,0,0,0,0,0,0,0,0,0,0,0,0,0,106.0,7.8762975056966145,1.0,0.0,-0.009311094880104065,0.04999999701976776,0.0,0.0,0.0,0.2473076730966568,map_a,map_a_open,RULESET_V3_M1_OWN_FLAG_HOME,73b77ac3a0efb2c33a4498544c96bb702a656cbbfe17af18ec859c6d6b4c2142,True
2065,sappo_pi_A_specialist_1p5M_seed7100001,48532,1483296,724,34,,OP3,OPPONENT_POOL,train,map_a_open,-1,0,SCRIPTED:OP6,5,0,0,1,-1,240,0.47999998927116394,1,0,0,23,0,0,0,0,0,0,0,0,0,0,0,0,0,0,0,0,67.0,11.011109415690104,-1.0,0.0,0.008910268545150757,0.04999999701976776,0.0,0.0,0.0,-0.24145451188087463,map_a,map_a_open,RULESET_V3_M1_OWN_FLAG_HOME,73b77ac3a0efb2c33a4498544c96bb702a656cbbfe17af18ec859c6d6b4c2142,True
2066,sappo_pi_A_specialist_1p5M_seed7100001,48532,1483296,724,34,,OP3,OPPONENT_POOL,train,map_a_open,-1,0,SCRIPTED:OP6,5,1,1,0,1,240,0.47999998927116394,1,0,0,69,0,0,0,0,0,0,0,0,0,0,0,0,0,0,0,0,69.0,9.19267069498698,1.0,0.0,0.013182401657104492,0.01499846763908863,0.0,0.0,-0.004000000189989805,0.24563415348529816,map_a,map_a_open,RULESET_V3_M1_OWN_FLAG_HOME,73b77ac3a0efb2c33a4498544c96bb702a656cbbfe17af18ec859c6d6b4c2142,True
2067,sappo_pi_A_specialist_1p5M_seed7100001,48532,1483440,724,43,,OP3,OPPONENT_POOL,train,map_a_open,-1,0,SCRIPTED:OP6,5,1,2,1,1,240,0.3999999761581421,1,0,0,119,0,0,0,0,0,0,0,0,0,0,0,0,0,0,0,0,43.0,6.010552469889323,1.0,0.0,-0.0038920342922210693,0.04999999701976776,0.0,0.0,-0.004000000189989805,0.24668671190738678,map_a,map_a_open,RULESET_V3_M1_OWN_FLAG_HOME,73b77ac3a0efb2c33a4498544c96bb702a656cbbfe17af18ec859c6d6b4c2142,True
2068,sappo_pi_A_specialist_1p5M_seed7100001,48532,1483920,724,73,,OP3,OPPONENT_POOL,train,map_a_open,-1,0,SCRIPTED:OP6,5,1,1,0,1,240,0.35999998450279236,1,0,0,22,0,0,0,0,0,0,0,0,0,0,0,0,0,0,0,0,37.0,12.415147908528645,1.0,0.0,-0.015934348106384277,0.04999999701976776,0.0,0.0,-0.004000000189989805,0.24597972631454468,map_a,map_a_open,RULESET_V3_M1_OWN_FLAG_HOME,73b77ac3a0efb2c33a4498544c96bb702a656cbbfe17af18ec859c6d6b4c2142,True
2069,sappo_pi_A_specialist_1p5M_seed7100001,48532,1484048,724,81,,OP3,OPPONENT_POOL,train,map_a_open,-1,0,SCRIPTED:OP6,5,0,0,1,-1,240,0.2800000011920929,1,0,0,28,0,0,0,0,0,0,0,0,0,0,0,0,0,0,0,0,59.0,10.915594482421875,-1.0,0.0,-0.0003604292869567871,0.04999999701976776,0.0,0.0,-0.00800000037997961,-0.24388204514980316,map_a,map_a_open,RULESET_V3_M1_OWN_FLAG_HOME,73b77ac3a0efb2c33a4498544c96bb702a656cbbfe17af18ec859c6d6b4c2142,True
2070,sappo_pi_A_specialist_1p5M_seed7100001,48532,1484416,724,104,,OP3,OPPONENT_POOL,train,map_a_open,-1,0,SCRIPTED:OP6,5,0,0,0,0,240,0.35999998450279236,0,1,0,43,0,0,0,0,0,0,0,0,0,0,0,0,0,0,0,0,,10.913294474283854,-0.5,0.0,-0.0001783818006515503,0.04999999701976776,0.0,0.0,0.0,-0.12128613144159317,map_a,map_a_open,RULESET_V3_M1_OWN_FLAG_HOME,73b77ac3a0efb2c33a4498544c96bb702a656cbbfe17af18ec859c6d6b4c2142,True
2071,sappo_pi_A_specialist_1p5M_seed7100001,48532,1484928,725,8,,OP3,OPPONENT_POOL,train,map_a_open,-1,0,SCRIPTED:OP6,5,0,0,1,-1,240,0.5199999809265137,1,0,0,31,0,0,0,0,0,0,0,0,0,0,0,0,0,0,0,0,70.0,11.14119364420573,-1.0,0.0,-0.01317162811756134,0.04999999701976776,0.0,0.0,0.0,-0.2427537441253662,map_a,map_a_open,RULESET_V3_M1_OWN_FLAG_HOME,73b77ac3a0efb2c33a4498544c96bb702a656cbbfe17af18ec859c6d6b4c2142,True
2072,sappo_pi_A_specialist_1p5M_seed7100001,48532,1484976,725,11,,OP3,OPPONENT_POOL,train,map_a_open,-1,0,SCRIPTED:OP6,5,1,3,2,1,194,0.47999998927116394,0,1,0,76,0,0,0,0,0,0,0,0,0,0,0,0,0,0,0,0,76.0,5.045196533203125,1.0,0.5,-0.010285437107086182,0.0,1.0,100.0,0.0,0.5541544556617737,map_a,map_a_open,RULESET_V3_M1_OWN_FLAG_HOME,73b77ac3a0efb2c33a4498544c96bb702a656cbbfe17af18ec859c6d6b4c2142,True
2073,sappo_pi_A_specialist_1p5M_seed7100001,48532,1485232,725,27,,OP3,OPPONENT_POOL,train,map_a_open,-1,0,SCRIPTED:OP6,5,1,3,0,3,198,0.23999999463558197,1,0,0,120,0,0,0,0,0,0,0,0,0,0,0,0,0,0,0,0,96.0,3.6311056734335545,1.0,0.5,-0.010321199893951416,0.0,1.0,100.0,-0.004000000189989805,0.5534595847129822,map_a,map_a_open,RULESET_V3_M1_OWN_FLAG_HOME,73b77ac3a0efb2c33a4498544c96bb702a656cbbfe17af18ec859c6d6b4c2142,True
2074,sappo_pi_A_specialist_1p5M_seed7100001,48532,1485232,725,27,,OP3,OPPONENT_POOL,train,map_a_open,-1,0,SCRIPTED:OP6,5,1,2,0,2,240,0.5199999809265137,0,1,0,41,0,0,0,0,0,0,0,0,0,0,0,0,0,0,0,0,64.0,9.785116577148438,1.0,0.0,0.01464882493019104,0.04999999701976776,0.0,0.0,-0.004000000189989805,0.24777467548847198,map_a,map_a_open,RULESET_V3_M1_OWN_FLAG_HOME,73b77ac3a0efb2c33a4498544c96bb702a656cbbfe17af18ec859c6d6b4c2142,True
2075,sappo_pi_A_specialist_1p5M_seed7100001,48532,1485376,725,36,,OP3,OPPONENT_POOL,train,map_a_open,-1,0,SCRIPTED:OP6,5,0,0,0,0,240,0.5199999809265137,1,0,0,29,0,0,0,0,0,0,0,0,0,0,0,0,0,0,0,0,,11.951614379882812,-0.5,0.0,-0.01504199206829071,0.04999999701976776,0.0,0.0,0.0,-0.1222013384103775,map_a,map_a_open,RULESET_V3_M1_OWN_FLAG_HOME,73b77ac3a0efb2c33a4498544c96bb702a656cbbfe17af18ec859c6d6b4c2142,True
2076,sappo_pi_A_specialist_1p5M_seed7100001,48532,1485760,725,60,,OP3,OPPONENT_POOL,train,map_a_open,-1,0,SCRIPTED:OP6,5,1,1,0,1,240,0.5199999809265137,1,0,0,32,0,0,0,0,0,0,0,0,0,0,0,0,0,0,0,0,40.0,12.000684611002605,1.0,0.0,-0.009284749627113342,0.04999999701976776,0.0,0.0,0.0,0.24730922281742096,map_a,map_a_open,RULESET_V3_M1_OWN_FLAG_HOME,73b77ac3a0efb2c33a4498544c96bb702a656cbbfe17af18ec859c6d6b4c2142,True
2077,sappo_pi_A_specialist_1p5M_seed7100001,48532,1485856,725,66,,OP3,OPPONENT_POOL,train,map_a_open,-1,0,SCRIPTED:OP6,5,0,0,0,0,240,0.3999999761581421,0,1,0,20,0,0,0,0,0,0,0,0,0,0,0,0,0,0,0,0,,11.382381184895833,-0.5,0.0,0.006525680422782898,0.04999999701976776,0.0,0.0,0.0,-0.12087326496839523,map_a,map_a_open,RULESET_V3_M1_OWN_FLAG_HOME,73b77ac3a0efb2c33a4498544c96bb702a656cbbfe17af18ec859c6d6b4c2142,True
2078,sappo_pi_A_specialist_1p5M_seed7100001,48532,1486128,725,83,,OP3,OPPONENT_POOL,train,map_a_open,-1,0,SCRIPTED:OP6,5,1,2,0,2,240,0.47999998927116394,1,0,0,45,0,0,0,0,0,0,0,0,0,0,0,0,0,0,0,0,43.0,9.599874877929688,1.0,0.0,0.013206139206886292,0.04999999701976776,0.0,0.0,0.0,0.24862846732139587,map_a,map_a_open,RULESET_V3_M1_OWN_FLAG_HOME,73b77ac3a0efb2c33a4498544c96bb702a656cbbfe17af18ec859c6d6b4c2142,True
2079,sappo_pi_A_specialist_1p5M_seed7100001,48532,1486224,725,89,,OP3,OPPONENT_POOL,train,map_a_open,-1,0,SCRIPTED:OP6,5,1,3,0,3,136,0.35999998450279236,1,0,0,70,0,0,0,0,0,0,0,0,0,0,0,0,0,0,0,0,27.0,4.416119743795956,1.0,0.5,-0.010286375880241394,0.0,1.0,100.0,-0.004000000189989805,0.5534610748291016,map_a,map_a_open,RULESET_V3_M1_OWN_FLAG_HOME,73b77ac3a0efb2c33a4498544c96bb702a656cbbfe17af18ec859c6d6b4c2142,True
2080,sappo_pi_A_specialist_1p5M_seed7100001,48532,1486496,725,106,,OP3,OPPONENT_POOL,train,map_a_open,-1,0,SCRIPTED:OP6,5,0,0,0,0,240,0.4399999976158142,1,0,0,51,0,0,0,0,0,0,0,0,0,0,0,0,0,0,0,0,,9.658753458658854,-0.5,0.0,0.013162210583686829,0.04999999701976776,0.0,0.0,-0.004000000189989805,-0.12144989520311356,map_a,map_a_open,RULESET_V3_M1_OWN_FLAG_HOME,73b77ac3a0efb2c33a4498544c96bb702a656cbbfe17af18ec859c6d6b4c2142,True
2081,sappo_pi_A_specialist_1p5M_seed7100001,48532,1486496,725,106,,OP3,OPPONENT_POOL,train,map_a_open,-1,0,SCRIPTED:OP6,5,0,0,0,0,240,0.47999998927116394,1,0,0,19,0,0,0,0,0,0,0,0,0,0,0,0,0,0,0,0,,12.663351440429688,-0.5,0.0,-0.007542267441749573,0.04999999701976776,0.0,0.0,0.0,-0.12173958122730255,map_a,map_a_open,RULESET_V3_M1_OWN_FLAG_HOME,73b77ac3a0efb2c33a4498544c96bb702a656cbbfe17af18ec859c6d6b4c2142,True
2082,sappo_pi_A_specialist_1p5M_seed7100001,48532,1487136,726,18,,OP3,OPPONENT_POOL,train,map_a_open,-1,0,SCRIPTED:OP6,5,1,2,1,1,240,0.5999999642372131,0,1,0,55,0,0,0,0,0,0,0,0,0,0,0,0,0,0,0,0,54.0,7.3958282470703125,1.0,0.0,-0.000691145658493042,0.04999999701976776,0.0,0.0,0.0,0.2478133887052536,map_a,map_a_open,RULESET_V3_M1_OWN_FLAG_HOME,73b77ac3a0efb2c33a4498544c96bb702a656cbbfe17af18ec859c6d6b4c2142,True
2083,sappo_pi_A_specialist_1p5M_seed7100001,48532,1487136,726,18,,OP3,OPPONENT_POOL,train,map_a_open,-1,0,SCRIPTED:OP6,5,0,0,0,0,240,0.4399999976158142,1,0,0,28,0,0,0,0,0,0,0,0,0,0,0,0,0,0,0,0,,13.1152099609375,-0.5,0.0,-0.006788045167922974,0.02999896928668022,0.0,0.0,0.0,-0.12292450666427612,map_a,map_a_open,RULESET_V3_M1_OWN_FLAG_HOME,73b77ac3a0efb2c33a4498544c96bb702a656cbbfe17af18ec859c6d6b4c2142,True
2084,sappo_pi_A_specialist_1p5M_seed7100001,48532,1487280,726,27,,OP3,OPPONENT_POOL,train,map_a_open,-1,0,SCRIPTED:OP6,5,0,1,1,0,240,0.6399999856948853,1,0,0,45,0,0,0,0,0,0,0,0,0,0,0,0,0,0,0,0,56.0,10.145675659179688,-0.5,0.0,-0.011896342039108276,0.04999999701976776,0.0,0.0,0.0,-0.12200766056776047,map_a,map_a_open,RULESET_V3_M1_OWN_FLAG_HOME,73b77ac3a0efb2c33a4498544c96bb702a656cbbfe17af18ec859c6d6b4c2142,True
2085,sappo_pi_A_specialist_1p5M_seed7100001,48532,1487760,726,57,,OP3,OPPONENT_POOL,train,map_a_open,-1,0,SCRIPTED:OP6,5,0,0,0,0,240,0.47999998927116394,1,0,0,36,0,0,0,0,0,0,0,0,0,0,0,0,0,0,0,0,,11.0826416015625,-0.5,0.0,0.009756207466125488,0.04999999701976776,0.0,0.0,0.0,-0.12067431211471558,map_a,map_a_open,RULESET_V3_M1_OWN_FLAG_HOME,73b77ac3a0efb2c33a4498544c96bb702a656cbbfe17af18ec859c6d6b4c2142,True
2086,sappo_pi_A_specialist_1p5M_seed7100001,48532,1487984,726,71,,OP3,OPPONENT_POOL,train,map_a_open,-1,0,SCRIPTED:OP6,5,1,3,0,3,116,0.2800000011920929,1,0,0,56,0,0,0,0,0,0,0,0,0,0,0,0,0,0,0,0,33.0,4.438262939453125,1.0,0.5,-0.009670674800872803,0.0,1.0,100.0,-0.00800000037997961,0.5527937412261963,map_a,map_a_open,RULESET_V3_M1_OWN_FLAG_HOME,73b77ac3a0efb2c33a4498544c96bb702a656cbbfe17af18ec859c6d6b4c2142,True
2087,sappo_pi_A_specialist_1p5M_seed7100001,48532,1488256,726,88,,OP3,OPPONENT_POOL,train,map_a_open,-1,0,SCRIPTED:OP6,5,1,2,1,1,240,0.5199999809265137,0,1,0,90,0,0,0,0,0,0,0,0,0,0,0,0,0,0,0,0,103.0,6.7094980875651045,1.0,0.0,0.017577916383743286,0.04999999701976776,0.0,0.0,0.0,0.24888478219509125,map_a,map_a_open,RULESET_V3_M1_OWN_FLAG_HOME,73b77ac3a0efb2c33a4498544c96bb702a656cbbfe17af18ec859c6d6b4c2142,True
2088,sappo_pi_A_specialist_1p5M_seed7100001,48532,1488768,726,120,,OP3,OPPONENT_POOL,train,map_a_open,-1,0,SCRIPTED:OP6,5,0,0,0,0,240,0.47999998927116394,1,0,0,22,0,0,0,0,0,0,0,0,0,0,0,0,0,0,0,0,,12.03346659342448,-0.5,0.0,0.01125122606754303,0.04999999701976776,0.0,0.0,0.0,-0.1205822303891182,map_a,map_a_open,RULESET_V3_M1_OWN_FLAG_HOME,73b77ac3a0efb2c33a4498544c96bb702a656cbbfe17af18ec859c6d6b4c2142,True
2089,sappo_pi_A_specialist_1p5M_seed7100001,48532,1488816,726,123,,OP3,OPPONENT_POOL,train,map_a_open,-1,0,SCRIPTED:OP6,5,0,0,0,0,240,0.3999999761581421,1,0,0,13,0,0,0,0,0,0,0,0,0,0,0,0,0,0,0,0,,13.004912312825521,-0.5,0.0,0.023343712091445923,0.04999999701976776,0.0,0.0,0.0,-0.11983736604452133,map_a,map_a_open,RULESET_V3_M1_OWN_FLAG_HOME,73b77ac3a0efb2c33a4498544c96bb702a656cbbfe17af18ec859c6d6b4c2142,True
2090,sappo_pi_A_specialist_1p5M_seed7100001,48532,1488960,727,4,,OP3,OPPONENT_POOL,train,map_a_open,-1,0,SCRIPTED:OP6,5,1,3,0,3,154,0.4399999976158142,1,0,0,61,0,0,0,0,0,0,0,0,0,0,0,0,0,0,0,0,50.0,5.0567603173194,1.0,0.5,-0.012424290180206299,0.0,1.0,100.0,-0.004000000189989805,0.5533683896064758,map_a,map_a_open,RULESET_V3_M1_OWN_FLAG_HOME,73b77ac3a0efb2c33a4498544c96bb702a656cbbfe17af18ec859c6d6b4c2142,True
2091,sappo_pi_A_specialist_1p5M_seed7100001,48532,1489072,727,11,,OP3,OPPONENT_POOL,train,map_a_open,-1,0,SCRIPTED:OP6,5,1,1,0,1,240,0.47999998927116394,1,0,0,34,0,0,0,0,0,0,0,0,0,0,0,0,0,0,0,0,42.0,10.434991455078125,1.0,0.0,0.011958077549934387,0.04999999701976776,0.0,0.0,0.0,0.2485552877187729,map_a,map_a_open,RULESET_V3_M1_OWN_FLAG_HOME,73b77ac3a0efb2c33a4498544c96bb702a656cbbfe17af18ec859c6d6b4c2142,True
2092,sappo_pi_A_specialist_1p5M_seed7100001,48532,1489072,727,11,,OP3,OPPONENT_POOL,train,map_a_open,-1,0,SCRIPTED:OP6,5,0,0,0,0,240,0.47999998927116394,0,1,0,19,0,0,0,0,0,0,0,0,0,0,0,0,0,0,0,0,,12.723095703125,-0.5,0.0,0.025977328419685364,0.04999999701976776,0.0,0.0,-0.004000000189989805,-0.1206606924533844,map_a,map_a_open,RULESET_V3_M1_OWN_FLAG_HOME,73b77ac3a0efb2c33a4498544c96bb702a656cbbfe17af18ec859c6d6b4c2142,True
2093,sappo_pi_A_specialist_1p5M_seed7100001,48532,1489216,727,20,,OP3,OPPONENT_POOL,train,map_a_open,-1,0,SCRIPTED:OP6,5,0,0,0,0,240,0.4399999976158142,1,0,0,37,0,0,0,0,0,0,0,0,0,0,0,0,0,0,0,0,,11.365116373697917,-0.5,0.0,-0.01638348400592804,0.04999999701976776,0.0,0.0,-0.004000000189989805,-0.12326885759830475,map_a,map_a_open,RULESET_V3_M1_OWN_FLAG_HOME,73b77ac3a0efb2c33a4498544c96bb702a656cbbfe17af18ec859c6d6b4c2142,True
2094,sappo_pi_A_specialist_1p5M_seed7100001,48532,1489600,727,44,,OP3,OPPONENT_POOL,train,map_a_open,-1,0,SCRIPTED:OP6,5,0,0,0,0,240,0.3199999928474426,1,0,0,18,0,0,0,0,0,0,0,0,0,0,0,0,0,0,0,0,,12.721385701497395,-0.5,0.0,-0.0002891272306442261,0.04999999701976776,0.0,0.0,-0.004000000189989805,-0.1222781240940094,map_a,map_a_open,RULESET_V3_M1_OWN_FLAG_HOME,73b77ac3a0efb2c33a4498544c96bb702a656cbbfe17af18ec859c6d6b4c2142,True
2095,sappo_pi_A_specialist_1p5M_seed7100001,48532,1489696,727,50,,OP3,OPPONENT_POOL,train,map_a_open,-1,0,SCRIPTED:OP6,5,1,1,0,1,240,0.6399999856948853,0,4,0,83,0,0,0,0,0,0,0,0,0,0,0,0,0,0,0,0,44.0,7.162057495117187,1.0,0.0,-0.013959422707557678,0.04999999701976776,0.0,0.0,-0.004000000189989805,0.2460956871509552,map_a,map_a_open,RULESET_V3_M1_OWN_FLAG_HOME,73b77ac3a0efb2c33a4498544c96bb702a656cbbfe17af18ec859c6d6b4c2142,True
2096,sappo_pi_A_specialist_1p5M_seed7100001,48532,1490064,727,73,,OP3,OPPONENT_POOL,train,map_a_open,-1,0,SCRIPTED:OP6,5,1,2,0,2,240,0.35999998450279236,1,0,0,36,0,0,0,0,0,0,0,0,0,0,0,0,0,0,0,0,44.0,10.81589864095052,1.0,0.0,0.004752397537231445,0.04999999701976776,0.0,0.0,-0.004000000189989805,0.2471940517425537,map_a,map_a_open,RULESET_V3_M1_OWN_FLAG_HOME,73b77ac3a0efb2c33a4498544c96bb702a656cbbfe17af18ec859c6d6b4c2142,True
2097,sappo_pi_A_specialist_1p5M_seed7100001,48532,1490336,727,90,,OP3,OPPONENT_POOL,train,map_a_open,-1,0,SCRIPTED:OP6,5,0,0,0,0,240,0.4399999976158142,1,0,0,10,0,0,0,0,0,0,0,0,0,0,0,0,0,0,0,0,,12.994701131184895,-0.5,0.0,-0.0025512278079986572,0.014999999664723873,0.0,0.0,0.0,-0.12358691543340683,map_a,map_a_open,RULESET_V3_M1_OWN_FLAG_HOME,73b77ac3a0efb2c33a4498544c96bb702a656cbbfe17af18ec859c6d6b4c2142,True
2098,sappo_pi_A_specialist_1p5M_seed7100001,48532,1490976,728,2,,OP3,OPPONENT_POOL,train,map_a_open,-1,0,SCRIPTED:OP6,5,0,0,1,-1,240,0.3999999761581421,0,3,0,79,0,0,0,0,0,0,0,0,0,0,0,0,0,0,0,0,101.0,9.462176513671874,-1.0,0.0,-0.005197316408157349,0.04999999701976776,0.0,0.0,0.0,-0.2422846555709839,map_a,map_a_open,RULESET_V3_M1_OWN_FLAG_HOME,73b77ac3a0efb2c33a4498544c96bb702a656cbbfe17af18ec859c6d6b4c2142,True
2099,sappo_pi_A_specialist_1p5M_seed7100001,48532,1490976,728,2,,OP3,OPPONENT_POOL,train,map_a_open,-1,0,SCRIPTED:OP6,5,0,0,0,0,240,0.5199999809265137,1,0,0,12,0,0,0,0,0,0,0,0,0,0,0,0,0,0,0,0,,13.256844075520833,-0.5,0.0,0.0015707015991210938,0.04999999701976776,0.0,0.0,0.0,-0.12117842584848404,map_a,map_a_open,RULESET_V3_M1_OWN_FLAG_HOME,73b77ac3a0efb2c33a4498544c96bb702a656cbbfe17af18ec859c6d6b4c2142,True
2100,sappo_pi_A_specialist_1p5M_seed7100001,48532,1491120,728,11,,OP3,OPPONENT_POOL,train,map_a_open,-1,0,SCRIPTED:OP6,5,1,2,0,2,240,0.5199999809265137,1,0,0,55,0,0,0,0,0,0,0,0,0,0,0,0,0,0,0,0,34.0,9.248967488606771,1.0,0.0,-0.0008420646190643311,0.04999999701976776,0.0,0.0,0.0,0.24780455231666565,map_a,map_a_open,RULESET_V3_M1_OWN_FLAG_HOME,73b77ac3a0efb2c33a4498544c96bb702a656cbbfe17af18ec859c6d6b4c2142,True
2101,sappo_pi_A_specialist_1p5M_seed7100001,48532,1491600,728,41,,OP3,OPPONENT_POOL,train,map_a_open,-1,0,SCRIPTED:OP6,5,1,2,0,2,240,0.5199999809265137,0,1,0,50,0,0,0,0,0,0,0,0,0,0,0,0,0,0,0,0,45.0,9.65367940266927,1.0,0.0,-0.007242918014526367,0.04999999701976776,0.0,0.0,0.0,0.2474290281534195,map_a,map_a_open,RULESET_V3_M1_OWN_FLAG_HOME,73b77ac3a0efb2c33a4498544c96bb702a656cbbfe17af18ec859c6d6b4c2142,True
2102,sappo_pi_A_specialist_1p5M_seed7100001,48532,1491824,728,55,,OP3,OPPONENT_POOL,train,map_a_open,-1,0,SCRIPTED:OP6,5,1,1,0,1,240,0.35999998450279236,0,1,0,63,0,0,0,0,0,0,0,0,0,0,0,0,0,0,0,0,68.0,10.070159912109375,1.0,0.0,-0.013947978615760803,0.04999999701976776,0.0,0.0,0.0,0.24703557789325714,map_a,map_a_open,RULESET_V3_M1_OWN_FLAG_HOME,73b77ac3a0efb2c33a4498544c96bb702a656cbbfe17af18ec859c6d6b4c2142,True
2103,sappo_pi_A_specialist_1p5M_seed7100001,48532,1492096,728,72,,OP3,OPPONENT_POOL,train,map_a_open,-1,0,SCRIPTED:OP6,5,1,2,1,1,240,0.5999999642372131,1,0,0,61,0,0,0,0,0,0,0,0,0,0,0,0,0,0,0,0,56.0,8.743986002604167,1.0,0.0,0.007513254880905151,0.04999999701976776,0.0,0.0,0.0,0.2482946217060089,map_a,map_a_open,RULESET_V3_M1_OWN_FLAG_HOME,73b77ac3a0efb2c33a4498544c96bb702a656cbbfe17af18ec859c6d6b4c2142,True
2104,sappo_pi_A_specialist_1p5M_seed7100001,48532,1492608,728,104,,OP3,OPPONENT_POOL,train,map_a_open,-1,0,SCRIPTED:OP6,5,1,2,0,2,240,0.6399999856948853,1,0,0,49,0,0,0,0,0,0,0,0,0,0,0,0,0,0,0,0,73.0,9.356843058268229,1.0,0.0,-0.008713677525520325,0.04999999701976776,0.0,0.0,-0.004000000189989805,0.24640366435050964,map_a,map_a_open,RULESET_V3_M1_OWN_FLAG_HOME,73b77ac3a0efb2c33a4498544c96bb702a656cbbfe17af18ec859c6d6b4c2142,True
2105,sappo_pi_A_specialist_1p5M_seed7100001,48532,1492656,728,107,,OP3,OPPONENT_POOL,train,map_a_open,-1,0,SCRIPTED:OP6,5,0,0,0,0,240,0.4399999976158142,1,0,0,5,0,0,0,0,0,0,0,0,0,0,0,0,0,0,0,0,,13.563938395182292,-0.5,0.0,-0.001153901219367981,0.04999999701976776,0.0,0.0,0.0,-0.12134619802236557,map_a,map_a_open,RULESET_V3_M1_OWN_FLAG_HOME,73b77ac3a0efb2c33a4498544c96bb702a656cbbfe17af18ec859c6d6b4c2142,True
2106,sappo_pi_A_specialist_1p5M_seed7100001,48532,1492800,728,116,,OP3,OPPONENT_POOL,train,map_a_open,-1,0,SCRIPTED:OP6,5,0,0,1,-1,240,0.35999998450279236,0,1,0,24,0,0,0,0,0,0,0,0,0,0,0,0,0,0,0,0,52.0,11.684400431315105,-1.0,0.0,0.022566571831703186,0.04999999701976776,0.0,0.0,-0.004000000189989805,-0.2415924370288849,map_a,map_a_open,RULESET_V3_M1_OWN_FLAG_HOME,73b77ac3a0efb2c33a4498544c96bb702a656cbbfe17af18ec859c6d6b4c2142,True
2107,sappo_pi_A_specialist_1p5M_seed7100001,48532,1492912,728,123,,OP3,OPPONENT_POOL,train,map_a_open,-1,0,SCRIPTED:OP6,5,1,1,0,1,240,0.5600000023841858,1,0,0,20,0,0,0,0,0,0,0,0,0,0,0,0,0,0,0,0,46.0,11.829134114583333,1.0,0.0,0.009788930416107178,0.04999978467822075,0.0,0.0,-0.004000000189989805,0.2474895566701889,map_a,map_a_open,RULESET_V3_M1_OWN_FLAG_HOME,73b77ac3a0efb2c33a4498544c96bb702a656cbbfe17af18ec859c6d6b4c2142,True
2108,sappo_pi_A_specialist_1p5M_seed7100001,48532,1492912,728,123,,OP3,OPPONENT_POOL,train,map_a_open,-1,0,SCRIPTED:OP6,5,0,0,1,-1,240,0.5199999809265137,0,1,0,32,0,0,0,0,0,0,0,0,0,0,0,0,0,0,0,0,55.0,11.830764770507812,-1.0,0.0,-0.004711732268333435,0.04999999701976776,0.0,0.0,0.0,-0.24225609004497528,map_a,map_a_open,RULESET_V3_M1_OWN_FLAG_HOME,73b77ac3a0efb2c33a4498544c96bb702a656cbbfe17af18ec859c6d6b4c2142,True
2109,sappo_pi_A_specialist_1p5M_seed7100001,48532,1493056,729,4,,OP3,OPPONENT_POOL,train,map_a_open,-1,0,SCRIPTED:OP6,5,0,0,0,0,240,0.3199999928474426,1,0,0,18,0,0,0,0,0,0,0,0,0,0,0,0,0,0,0,0,,13.36594950358073,-0.5,0.0,0.0006641596555709839,0.04999999701976776,0.0,0.0,0.0,-0.12123424559831619,map_a,map_a_open,RULESET_V3_M1_OWN_FLAG_HOME,73b77ac3a0efb2c33a4498544c96bb702a656cbbfe17af18ec859c6d6b4c2142,True
2110,sappo_pi_A_specialist_1p5M_seed7100001,48532,1493440,729,28,,OP3,OPPONENT_POOL,train,map_a_open,-1,0,SCRIPTED:OP6,5,1,1,0,1,240,0.5199999809265137,1,0,0,15,0,0,0,0,0,0,0,0,0,0,0,0,0,0,0,0,52.0,11.915250651041667,1.0,0.0,0.0024822503328323364,0.04999999701976776,0.0,0.0,0.0,0.24799954891204834,map_a,map_a_open,RULESET_V3_M1_OWN_FLAG_HOME,73b77ac3a0efb2c33a4498544c96bb702a656cbbfe17af18ec859c6d6b4c2142,True
2111,sappo_pi_A_specialist_1p5M_seed7100001,48532,1493536,729,34,,OP3,OPPONENT_POOL,train,map_a_open,-1,0,SCRIPTED:OP6,5,0,0,0,0,240,0.5600000023841858,1,0,0,18,0,0,0,0,0,0,0,0,0,0,0,0,0,0,0,0,,12.677540079752605,-0.5,0.0,-0.006414279341697693,0.049999941140413284,0.0,0.0,-0.004000000189989805,-0.12265520542860031,map_a,map_a_open,RULESET_V3_M1_OWN_FLAG_HOME,73b77ac3a0efb2c33a4498544c96bb702a656cbbfe17af18ec859c6d6b4c2142,True
2112,sappo_pi_A_specialist_1p5M_seed7100001,48532,1493904,729,57,,OP3,OPPONENT_POOL,train,map_a_open,-1,0,SCRIPTED:OP6,5,0,1,1,0,240,0.5199999809265137,1,0,0,38,0,0,0,0,0,0,0,0,0,0,0,0,0,0,0,0,52.0,10.54777119954427,-0.5,0.0,0.0015320926904678345,0.04999999701976776,0.0,0.0,0.0,-0.12118080258369446,map_a,map_a_open,RULESET_V3_M1_OWN_FLAG_HOME,73b77ac3a0efb2c33a4498544c96bb702a656cbbfe17af18ec859c6d6b4c2142,True
2113,sappo_pi_A_specialist_1p5M_seed7100001,48532,1494176,729,74,,OP3,OPPONENT_POOL,train,map_a_open,-1,0,SCRIPTED:OP6,5,0,0,0,0,240,0.47999998927116394,1,0,0,24,0,0,0,0,0,0,0,0,0,0,0,0,0,0,0,0,,12.821764119466145,-0.5,0.0,0.009300723671913147,0.04999999701976776,0.0,0.0,-0.00800000037997961,-0.12267275154590607,map_a,map_a_open,RULESET_V3_M1_OWN_FLAG_HOME,73b77ac3a0efb2c33a4498544c96bb702a656cbbfe17af18ec859c6d6b4c2142,True
2114,sappo_pi_A_specialist_1p5M_seed7100001,48532,1494816,729,114,,OP3,OPPONENT_POOL,train,map_a_open,-1,0,SCRIPTED:OP6,5,0,0,0,0,240,0.4399999976158142,1,0,0,28,0,0,0,0,0,0,0,0,0,0,0,0,0,0,0,0,,11.814255777994791,-0.5,0.0,-0.015110507607460022,0.04999999701976776,0.0,0.0,0.0,-0.12220555543899536,map_a,map_a_open,RULESET_V3_M1_OWN_FLAG_HOME,73b77ac3a0efb2c33a4498544c96bb702a656cbbfe17af18ec859c6d6b4c2142,True
2115,sappo_pi_A_specialist_1p5M_seed7100001,48532,1494816,729,114,,OP3,OPPONENT_POOL,train,map_a_open,-1,0,SCRIPTED:OP6,5,0,0,0,0,240,0.47999998927116394,1,0,0,34,0,0,0,0,0,0,0,0,0,0,0,0,0,0,0,0,,11.450875854492187,-0.5,0.0,0.0013695061206817627,0.04999999701976776,0.0,0.0,0.0,-0.12119080871343613,map_a,map_a_open,RULESET_V3_M1_OWN_FLAG_HOME,73b77ac3a0efb2c33a4498544c96bb702a656cbbfe17af18ec859c6d6b4c2142,True
2116,sappo_pi_A_specialist_1p5M_seed7100001,48532,1494960,729,123,,OP3,OPPONENT_POOL,train,map_a_open,-1,0,SCRIPTED:OP6,5,1,1,0,1,240,0.3999999761581421,1,0,0,19,0,0,0,0,0,0,0,0,0,0,0,0,0,0,0,0,63.0,11.226438395182292,1.0,0.0,0.0206805020570755,0.04999999701976776,0.0,0.0,-0.004000000189989805,0.2481284737586975,map_a,map_a_open,RULESET_V3_M1_OWN_FLAG_HOME,73b77ac3a0efb2c33a4498544c96bb702a656cbbfe17af18ec859c6d6b4c2142,True
2117,sappo_pi_A_specialist_1p5M_seed7100001,48532,1495440,730,25,,OP3,OPPONENT_POOL,train,map_a_open,-1,0,SCRIPTED:OP6,5,0,0,0,0,240,0.4399999976158142,1,0,0,9,0,0,0,0,0,0,0,0,0,0,0,0,0,0,0,0,,13.005539957682291,-0.5,0.0,0.01802849769592285,0.04999999701976776,0.0,0.0,-0.004000000189989805,-0.12115023285150528,map_a,map_a_open,RULESET_V3_M1_OWN_FLAG_HOME,73b77ac3a0efb2c33a4498544c96bb702a656cbbfe17af18ec859c6d6b4c2142,True
2118,sappo_pi_A_specialist_1p5M_seed7100001,48532,1495664,730,39,,OP3,OPPONENT_POOL,train,map_a_open,-1,0,SCRIPTED:OP6,5,0,0,0,0,240,0.5600000023841858,1,0,0,14,0,0,0,0,0,0,0,0,0,0,0,0,0,0,0,0,,12.422231038411459,-0.5,0.0,-0.025783956050872803,0.04999999701976776,0.0,0.0,0.0,-0.12286262959241867,map_a,map_a_open,RULESET_V3_M1_OWN_FLAG_HOME,73b77ac3a0efb2c33a4498544c96bb702a656cbbfe17af18ec859c6d6b4c2142,True
2119,sappo_pi_A_specialist_1p5M_seed7100001,48532,1495936,730,56,,OP3,OPPONENT_POOL,train,map_a_open,-1,0,SCRIPTED:OP6,5,1,1,0,1,240,0.5600000023841858,1,0,0,54,0,0,0,0,0,0,0,0,0,0,0,0,0,0,0,0,70.0,10.691335042317709,1.0,0.0,-0.0036781877279281616,0.04999999701976776,0.0,0.0,0.0,0.24763816595077515,map_a,map_a_open,RULESET_V3_M1_OWN_FLAG_HOME,73b77ac3a0efb2c33a4498544c96bb702a656cbbfe17af18ec859c6d6b4c2142,True
2120,sappo_pi_A_specialist_1p5M_seed7100001,48532,1496448,730,88,,OP3,OPPONENT_POOL,train,map_a_open,-1,0,SCRIPTED:OP6,5,0,0,0,0,240,0.47999998927116394,0,2,0,26,0,0,0,0,0,0,0,0,0,0,0,0,0,0,0,0,,12.472163899739583,-0.5,0.0,-0.015268117189407349,0.04999999701976776,0.0,0.0,0.0,-0.12221526354551315,map_a,map_a_open,RULESET_V3_M1_OWN_FLAG_HOME,73b77ac3a0efb2c33a4498544c96bb702a656cbbfe17af18ec859c6d6b4c2142,True
2121,sappo_pi_A_specialist_1p5M_seed7100001,48532,1496496,730,91,,OP3,OPPONENT_POOL,train,map_a_open,-1,0,SCRIPTED:OP6,5,0,0,0,0,240,0.4399999976158142,1,0,0,11,0,0,0,0,0,0,0,0,0,0,0,0,0,0,0,0,,12.818935139973958,-0.5,0.0,0.01525464653968811,0.04999999701976776,0.0,0.0,0.0,-0.1203356385231018,map_a,map_a_open,RULESET_V3_M1_OWN_FLAG_HOME,73b77ac3a0efb2c33a4498544c96bb702a656cbbfe17af18ec859c6d6b4c2142,True
2122,sappo_pi_A_specialist_1p5M_seed7100001,48532,1496640,730,100,,OP3,OPPONENT_POOL,train,map_a_open,-1,0,SCRIPTED:OP6,5,0,0,0,0,240,0.3999999761581421,1,0,0,35,0,0,0,0,0,0,0,0,0,0,0,0,0,0,0,0,,10.54139404296875,-0.5,0.0,0.0029176920652389526,0.04999999701976776,0.0,0.0,-0.004000000189989805,-0.12208068370819092,map_a,map_a_open,RULESET_V3_M1_OWN_FLAG_HOME,73b77ac3a0efb2c33a4498544c96bb702a656cbbfe17af18ec859c6d6b4c2142,True
2123,sappo_pi_A_specialist_1p5M_seed7100001,48532,1496752,730,107,,OP3,OPPONENT_POOL,train,map_a_open,-1,0,SCRIPTED:OP6,5,1,2,0,2,240,0.3999999761581421,0,1,0,54,0,0,0,0,0,0,0,0,0,0,0,0,0,0,0,0,27.0,8.280508422851563,1.0,0.0,-0.003439575433731079,0.04999999701976776,0.0,0.0,-0.004000000189989805,0.24671326577663422,map_a,map_a_open,RULESET_V3_M1_OWN_FLAG_HOME,73b77ac3a0efb2c33a4498544c96bb702a656cbbfe17af18ec859c6d6b4c2142,True
2124,sappo_pi_A_specialist_1p5M_seed7100001,48532,1496752,730,107,,OP3,OPPONENT_POOL,train,map_a_open,-1,0,SCRIPTED:OP6,5,0,0,1,-1,240,0.5600000023841858,1,0,0,23,0,0,0,0,0,0,0,0,0,0,0,0,0,0,0,0,85.0,10.139070638020833,-1.0,0.0,-0.00236453115940094,0.04999999701976776,0.0,0.0,-0.004000000189989805,-0.24305912852287292,map_a,map_a_open,RULESET_V3_M1_OWN_FLAG_HOME,73b77ac3a0efb2c33a4498544c96bb702a656cbbfe17af18ec859c6d6b4c2142,True
2125,sappo_pi_A_specialist_1p5M_seed7100001,48532,1496896,730,116,,OP3,OPPONENT_POOL,train,map_a_open,-1,0,SCRIPTED:OP6,5,1,1,0,1,240,0.3199999928474426,1,0,0,37,0,0,0,0,0,0,0,0,0,0,0,0,0,0,0,0,55.0,10.404259236653646,1.0,0.0,0.010398909449577332,0.04999999701976776,0.0,0.0,-0.004000000189989805,0.24752534925937653,map_a,map_a_open,RULESET_V3_M1_OWN_FLAG_HOME,73b77ac3a0efb2c33a4498544c96bb702a656cbbfe17af18ec859c6d6b4c2142,True
2126,sappo_pi_A_specialist_1p5M_seed7100001,48532,1497280,731,12,,OP3,OPPONENT_POOL,train,map_a_open,-1,0,SCRIPTED:OP6,5,0,0,0,0,240,0.5600000023841858,1,0,0,17,0,0,0,0,0,0,0,0,0,0,0,0,0,0,0,0,,13.277553304036458,-0.5,0.0,-0.01896585524082184,0.04999999701976776,0.0,0.0,0.0,-0.12244290858507156,map_a,map_a_open,RULESET_V3_M1_OWN_FLAG_HOME,73b77ac3a0efb2c33a4498544c96bb702a656cbbfe17af18ec859c6d6b4c2142,True
2127,sappo_pi_A_specialist_1p5M_seed7100001,48532,1497376,731,18,,OP3,OPPONENT_POOL,train,map_a_open,-1,0,SCRIPTED:OP6,5,0,0,0,0,240,0.5199999809265137,1,0,0,28,0,0,0,0,0,0,0,0,0,0,0,0,0,0,0,0,,12.088322957356771,-0.5,0.0,0.012406021356582642,0.04999999701976776,0.0,0.0,0.0,-0.12051109969615936,map_a,map_a_open,RULESET_V3_M1_OWN_FLAG_HOME,73b77ac3a0efb2c33a4498544c96bb702a656cbbfe17af18ec859c6d6b4c2142,True
2128,sappo_pi_A_specialist_1p5M_seed7100001,48532,1497744,731,41,,OP3,OPPONENT_POOL,train,map_a_open,-1,0,SCRIPTED:OP6,5,0,0,0,0,240,0.4399999976158142,0,1,0,25,0,0,0,0,0,0,0,0,0,0,0,0,0,0,0,0,,12.704646809895833,-0.5,0.0,-0.002226993441581726,0.04999999701976776,0.0,0.0,0.0,-0.12141228467226028,map_a,map_a_open,RULESET_V3_M1_OWN_FLAG_HOME,73b77ac3a0efb2c33a4498544c96bb702a656cbbfe17af18ec859c6d6b4c2142,True
2129,sappo_pi_A_specialist_1p5M_seed7100001,48532,1498016,731,58,,OP3,OPPONENT_POOL,train,map_a_open,-1,0,SCRIPTED:OP6,5,1,2,0,2,240,0.47999998927116394,1,0,0,39,0,0,0,0,0,0,0,0,0,0,0,0,0,0,0,0,44.0,10.369654337565104,1.0,0.0,-0.010819405317306519,0.04999999701976776,0.0,0.0,0.0,0.24721917510032654,map_a,map_a_open,RULESET_V3_M1_OWN_FLAG_HOME,73b77ac3a0efb2c33a4498544c96bb702a656cbbfe17af18ec859c6d6b4c2142,True
2130,sappo_pi_A_specialist_1p5M_seed7100001,48532,1498352,731,79,,OP3,OPPONENT_POOL,train,map_a_open,-1,0,SCRIPTED:OP6,5,1,3,0,3,182,0.47999998927116394,0,1,0,102,0,0,0,0,0,0,0,0,0,0,0,0,0,0,0,0,43.0,4.609041654146635,1.0,0.5,-0.010167896747589111,0.0,1.0,100.0,0.0,0.5541595220565796,map_a,map_a_open,RULESET_V3_M1_OWN_FLAG_HOME,73b77ac3a0efb2c33a4498544c96bb702a656cbbfe17af18ec859c6d6b4c2142,True
2131,sappo_pi_A_specialist_1p5M_seed7100001,48532,1498656,731,98,,OP3,OPPONENT_POOL,train,map_a_open,-1,0,SCRIPTED:OP6,5,1,2,1,1,240,0.4399999976158142,0,1,0,119,0,0,0,0,0,0,0,0,0,0,0,0,0,0,0,0,51.0,4.9338740030924475,1.0,0.0,-0.017347514629364014,0.04999999701976776,0.0,0.0,0.0,0.24683605134487152,map_a,map_a_open,RULESET_V3_M1_OWN_FLAG_HOME,73b77ac3a0efb2c33a4498544c96bb702a656cbbfe17af18ec859c6d6b4c2142,True
2132,sappo_pi_A_specialist_1p5M_seed7100001,48532,1498656,731,98,,OP3,OPPONENT_POOL,train,map_a_open,-1,0,SCRIPTED:OP6,5,1,2,0,2,240,0.5199999809265137,0,2,0,101,0,0,0,0,0,0,0,0,0,0,0,0,0,0,0,0,56.0,4.9754079182942705,1.0,0.0,-0.007654249668121338,0.04999999701976776,0.0,0.0,-0.004000000189989805,0.24646586179733276,map_a,map_a_open,RULESET_V3_M1_OWN_FLAG_HOME,73b77ac3a0efb2c33a4498544c96bb702a656cbbfe17af18ec859c6d6b4c2142,True
2133,sappo_pi_A_specialist_1p5M_seed7100001,48532,1498800,731,107,,OP3,OPPONENT_POOL,train,map_a_open,-1,0,SCRIPTED:OP6,5,1,1,0,1,240,0.5199999809265137,1,0,0,64,0,0,0,0,0,0,0,0,0,0,0,0,0,0,0,0,40.0,9.13368631998698,1.0,0.0,0.027197733521461487,0.04999999701976776,0.0,0.0,0.0,0.24944868683815002,map_a,map_a_open,RULESET_V3_M1_OWN_FLAG_HOME,73b77ac3a0efb2c33a4498544c96bb702a656cbbfe17af18ec859c6d6b4c2142,True
2134,sappo_pi_A_specialist_1p5M_seed7100001,48532,1499504,732,23,,OP3,OPPONENT_POOL,train,map_a_open,-1,0,SCRIPTED:OP6,5,1,1,0,1,240,0.35999998450279236,1,0,0,46,0,0,0,0,0,0,0,0,0,0,0,0,0,0,0,0,57.0,10.246059163411458,1.0,0.0,-0.006818592548370361,0.04999999701976776,0.0,0.0,0.0,0.24745391309261322,map_a,map_a_open,RULESET_V3_M1_OWN_FLAG_HOME,73b77ac3a0efb2c33a4498544c96bb702a656cbbfe17af18ec859c6d6b4c2142,True
2135,sappo_pi_A_specialist_1p5M_seed7100001,48532,1499776,732,40,,OP3,OPPONENT_POOL,train,map_a_open,-1,0,SCRIPTED:OP6,5,0,0,0,0,240,0.4399999976158142,1,0,0,6,0,0,0,0,0,0,0,0,0,0,0,0,0,0,0,0,,13.463190714518229,-0.5,0.0,-0.0010102689266204834,0.04999999701976776,0.0,0.0,0.0,-0.12133735418319702,map_a,map_a_open,RULESET_V3_M1_OWN_FLAG_HOME,73b77ac3a0efb2c33a4498544c96bb702a656cbbfe17af18ec859c6d6b4c2142,True
2136,sappo_pi_A_specialist_1p5M_seed7100001,48532,1499840,732,44,,OP3,OPPONENT_POOL,train,map_a_open,-1,0,SCRIPTED:OP6,5,1,3,0,3,131,0.3999999761581421,0,1,0,51,0,0,0,0,0,0,0,0,0,0,0,0,0,0,0,0,35.0,4.814158199397662,1.0,0.5,-0.0006742179393768311,0.0,1.0,100.0,0.0,0.5545705556869507,map_a,map_a_open,RULESET_V3_M1_OWN_FLAG_HOME,73b77ac3a0efb2c33a4498544c96bb702a656cbbfe17af18ec859c6d6b4c2142,True
2137,sappo_pi_A_specialist_1p5M_seed7100001,48532,1500288,732,72,,OP3,OPPONENT_POOL,train,map_a_open,-1,0,SCRIPTED:OP6,5,0,0,0,0,240,0.47999998927116394,1,0,0,20,0,0,0,0,0,0,0,0,0,0,0,0,0,0,0,0,,12.477767944335938,-0.5,0.0,-0.003248363733291626,0.04999999701976776,0.0,0.0,0.0,-0.12147517502307892,map_a,map_a_open,RULESET_V3_M1_OWN_FLAG_HOME,73b77ac3a0efb2c33a4498544c96bb702a656cbbfe17af18ec859c6d6b4c2142,True
2138,sappo_pi_A_specialist_1p5M_seed7100001,48532,1500336,732,75,,OP3,OPPONENT_POOL,train,map_a_open,-1,0,SCRIPTED:OP6,5,0,0,0,0,240,0.5999999642372131,1,0,0,18,0,0,0,0,0,0,0,0,0,0,0,0,0,0,0,0,,11.903651936848958,-0.5,0.0,0.0005773752927780151,0.04999999701976776,0.0,0.0,0.0,-0.12123958766460419,map_a,map_a_open,RULESET_V3_M1_OWN_FLAG_HOME,73b77ac3a0efb2c33a4498544c96bb702a656cbbfe17af18ec859c6d6b4c2142,True
2139,sappo_pi_A_specialist_1p5M_seed7100001,48532,1500480,732,84,,OP3,OPPONENT_POOL,train,map_a_open,-1,0,SCRIPTED:OP6,5,0,0,0,0,240,0.2800000011920929,1,0,0,8,0,0,0,0,0,0,0,0,0,0,0,0,0,0,0,0,,13.154122924804687,-0.5,0.0,-0.00028508901596069336,0.04999999701976776,0.0,0.0,-0.004000000189989805,-0.1222778707742691,map_a,map_a_open,RULESET_V3_M1_OWN_FLAG_HOME,73b77ac3a0efb2c33a4498544c96bb702a656cbbfe17af18ec859c6d6b4c2142,True
2140,sappo_pi_A_specialist_1p5M_seed7100001,48532,1500592,732,91,,OP3,OPPONENT_POOL,train,map_a_open,-1,0,SCRIPTED:OP6,5,1,2,0,2,240,0.4399999976158142,0,1,0,194,0,0,0,0,0,0,0,0,0,0,0,0,0,0,0,0,144.0,3.7699869791666667,1.0,0.0,0.04195830225944519,0.019999999552965164,0.0,0.0,0.0,0.2485552877187729,map_a,map_a_open,RULESET_V3_M1_OWN_FLAG_HOME,73b77ac3a0efb2c33a4498544c96bb702a656cbbfe17af18ec859c6d6b4c2142,True
2141,sappo_pi_A_specialist_1p5M_seed7100001,48532,1500592,732,91,,OP3,OPPONENT_POOL,train,map_a_open,-1,0,SCRIPTED:OP6,5,1,1,0,1,240,0.5199999809265137,1,0,0,61,0,0,0,0,0,0,0,0,0,0,0,0,0,0,0,0,93.0,8.789013671875,1.0,0.0,0.005403950810432434,0.04999999701976776,0.0,0.0,0.0,0.2481708973646164,map_a,map_a_open,RULESET_V3_M1_OWN_FLAG_HOME,73b77ac3a0efb2c33a4498544c96bb702a656cbbfe17af18ec859c6d6b4c2142,True
2142,sappo_pi_A_specialist_1p5M_seed7100001,48532,1500736,732,100,,OP3,OPPONENT_POOL,train,map_a_open,-1,0,SCRIPTED:OP6,5,0,0,0,0,240,0.3199999928474426,1,0,0,12,0,0,0,0,0,0,0,0,0,0,0,0,0,0,0,0,,12.96587422688802,-0.5,0.0,-0.008410990238189697,0.04999999701976776,0.0,0.0,0.0,-0.12179306894540787,map_a,map_a_open,RULESET_V3_M1_OWN_FLAG_HOME,73b77ac3a0efb2c33a4498544c96bb702a656cbbfe17af18ec859c6d6b4c2142,True
2143,sappo_pi_A_specialist_1p5M_seed7100001,48532,1501120,732,124,,OP3,OPPONENT_POOL,train,map_a_open,-1,0,SCRIPTED:OP6,5,0,0,0,0,240,0.3999999761581421,1,0,0,27,0,0,0,0,0,0,0,0,0,0,0,0,0,0,0,0,,11.404622395833334,-0.5,0.0,0.011833146214485168,0.049995455890893936,0.0,0.0,0.0,-0.12054666876792908,map_a,map_a_open,RULESET_V3_M1_OWN_FLAG_HOME,73b77ac3a0efb2c33a4498544c96bb702a656cbbfe17af18ec859c6d6b4c2142,True
