episode_id,run_id,run_pid,timesteps,policy_update,rollout_step,latent_z,curriculum_phase,mode,map_set,map_layout,map_id,map_vertical_mirror,opponent,opponent_id,success,blue_score,red_score,win_margin,decision_steps,zone_coverage,collision_free_episode,collision_events_per_episode,obstacle_collision_events_per_episode,near_misses_per_episode,blue_route_upper_crossings,blue_route_lower_crossings,red_route_upper_crossings,red_route_lower_crossings,blue_attack_upper_crossings,blue_attack_lower_crossings,blue_return_upper_crossings,blue_return_lower_crossings,blue_intercept_upper_crossings,blue_intercept_lower_crossings,red_attack_upper_crossings,red_attack_lower_crossings,red_return_upper_crossings,red_return_lower_crossings,red_intercept_upper_crossings,red_intercept_lower_crossings,time_to_first_score,mean_inter_robot_dist,reward_terminal,reward_offense,reward_pbrs,reward_team,reward_sparse,reward_sparse_points,reward_failure,reward_total
1,35236-1785339351403096700,35236,1520,0,95,,OP3,FIXED_OPPONENT,train,map_b_split_lane,-1,1,SCRIPTED:OP11_ADAPTIVE_EXPLOITER,,1,3,1,2,95,0.6399999856948853,1,0,2,21,7,1,4,3,2,0,2,1,2,0,0,1,0,1,4,1,36.0,6.986650647615131,1.0,0.4000000059604645,-0.009299196302890778,0.04999999701976776,1.0,100.0,-0.20000000298023224,0.5024242401123047
2,35236-1785339351403096700,35236,1536,0,96,,OP3,FIXED_OPPONENT,train,map_b_split_lane,-1,0,SCRIPTED:OP11_ADAPTIVE_EXPLOITER,,1,3,1,2,96,0.4399999976158142,1,0,4,6,0,10,6,3,0,3,0,3,0,3,1,0,1,0,2,2,33.0,7.904109954833984,1.0,0.5,-0.0030444711446762085,0.0,1.0,100.0,0.0,0.554468035697937
3,35236-1785339351403096700,35236,1648,0,103,,OP3,FIXED_OPPONENT,train,map_b_split_lane,-1,0,SCRIPTED:OP11_ADAPTIVE_EXPLOITER,,1,3,1,2,103,0.6800000071525574,1,0,3,37,2,8,1,7,2,2,0,3,0,2,0,2,1,0,0,3,35.0,5.653813926918993,1.0,0.4000000059604645,-0.008363217115402222,0.04999999701976776,1.0,100.0,-0.4000000059604645,0.46416133642196655
4,35236-1785339351403096700,35236,1712,0,107,,OP3,FIXED_OPPONENT,train,map_b_split_lane,-1,1,SCRIPTED:OP11_ADAPTIVE_EXPLOITER,,1,3,0,3,107,0.7199999690055847,0,1,3,41,3,9,4,7,2,4,0,3,0,0,2,1,0,0,1,5,35.0,5.62723605432243,1.0,0.5,-0.008361786603927612,0.0,1.0,100.0,0.0,0.5542377233505249
5,35236-1785339351403096700,35236,1728,0,108,,OP3,FIXED_OPPONENT,train,map_b_split_lane,-1,1,SCRIPTED:OP11_ADAPTIVE_EXPLOITER,,1,3,1,2,108,0.7999999523162842,1,0,4,16,4,6,2,3,2,1,2,1,0,3,1,0,0,1,1,1,36.0,6.374447857892072,1.0,0.5,-0.010243639349937439,0.0,1.0,100.0,-0.20000000298023224,0.5185538530349731
6,35236-1785339351403096700,35236,1984,0,124,,OP3,FIXED_OPPONENT,train,map_b_split_lane,-1,1,SCRIPTED:OP11_ADAPTIVE_EXPLOITER,,1,3,1,2,124,0.7199999690055847,0,1,6,48,5,9,4,6,3,2,0,3,0,4,1,1,1,0,1,3,45.0,5.8495527698147685,1.0,0.5,-0.005802705883979797,0.02499999850988388,1.0,100.0,0.0,0.5554299354553223
7,35236-1785339351403096700,35236,2000,0,125,,OP3,FIXED_OPPONENT,train,map_b_split_lane,-1,0,SCRIPTED:OP11_ADAPTIVE_EXPLOITER,,1,3,1,2,125,0.5999999642372131,0,1,4,29,1,13,1,9,1,3,0,3,0,4,0,3,1,0,0,4,47.0,6.3699306640625,1.0,1.0,-0.004175961017608643,0.0,2.0,200.0,0.0,0.7614845037460327
8,35236-1785339351403096700,35236,2240,0,140,,OP3,FIXED_OPPONENT,train,map_b_split_lane,-1,0,SCRIPTED:OP11_ADAPTIVE_EXPLOITER,,1,3,0,3,140,0.6399999856948853,0,2,8,49,1,15,7,5,1,4,0,3,0,6,2,0,1,0,3,2,33.0,6.459840175083706,1.0,0.5,-0.00815919041633606,0.029999999329447746,1.0,100.0,0.0,0.5555441975593567
9,35236-1785339351403096700,35236,2416,0,151,,OP3,FIXED_OPPONENT,train,map_b_split_lane,-1,0,SCRIPTED:OP11_ADAPTIVE_EXPLOITER,,1,3,2,1,151,0.6800000071525574,1,0,5,33,4,11,8,6,1,3,0,3,1,4,2,0,3,0,0,5,85.0,5.779359931187914,1.0,0.5,-0.00896117091178894,0.0,1.0,100.0,0.0,0.5542118549346924
10,35236-1785339351403096700,35236,2816,0,176,,OP3,FIXED_OPPONENT,train,map_b_split_lane,-1,0,SCRIPTED:OP11_ADAPTIVE_EXPLOITER,,0,2,3,-1,176,0.6399999856948853,0,1,6,42,7,10,2,8,4,0,0,3,1,5,0,1,2,1,0,4,35.0,6.039758855646307,-1.0,-0.5,0.010415047407150269,0.0,-1.0,-100.0,-0.4000000059604645,-0.619596004486084
11,35236-1785339351403096700,35236,2992,0,187,,OP3,FIXED_OPPONENT,train,map_b_split_lane,-1,1,SCRIPTED:OP11_ADAPTIVE_EXPLOITER,,1,3,1,2,187,0.7999999523162842,1,0,16,24,6,14,9,7,1,7,2,1,3,0,3,1,0,1,2,3,39.0,7.292011770972594,1.0,0.5,-0.00506553053855896,0.04999999701976776,1.0,100.0,0.0,0.5565412640571594
12,35236-1785339351403096700,35236,3264,0,204,,OP3,FIXED_OPPONENT,train,map_b_split_lane,-1,1,SCRIPTED:OP11_ADAPTIVE_EXPLOITER,,1,3,1,2,109,0.7599999904632568,1,0,4,24,8,4,3,3,5,1,0,3,0,0,1,0,1,0,0,3,35.0,6.9304305610306765,1.0,0.5,0.001669168472290039,0.04999999701976776,1.0,100.0,0.0,0.5568317770957947
13,35236-1785339351403096700,35236,3312,0,207,,OP3,FIXED_OPPONENT,train,map_b_split_lane,-1,1,SCRIPTED:OP11_ADAPTIVE_EXPLOITER,,1,3,1,2,207,0.8399999737739563,0,1,7,49,6,10,4,3,2,3,1,2,1,2,2,1,1,0,0,1,35.0,6.867689344618055,1.0,0.5,0.0016712397336959839,0.04999999701976776,1.0,100.0,0.0,0.5568318367004395
14,35236-1785339351403096700,35236,3424,0,214,,OP3,FIXED_OPPONENT,train,map_b_split_lane,-1,0,SCRIPTED:OP11_ADAPTIVE_EXPLOITER,,1,3,2,1,214,0.7599999904632568,0,2,18,80,2,24,7,6,2,8,0,3,0,6,2,1,2,0,3,3,34.0,6.033796363901869,1.0,1.0,0.004977673292160034,0.0,2.0,200.0,-0.20000000298023224,0.7399238348007202
15,35236-1785339351403096700,35236,3824,0,239,,OP3,FIXED_OPPONENT,train,map_b_split_lane,-1,0,SCRIPTED:OP11_ADAPTIVE_EXPLOITER,,1,3,1,2,136,0.6800000071525574,1,0,5,69,0,11,3,9,0,4,0,3,0,3,0,1,2,0,0,6,33.0,5.406533633961397,1.0,0.5,-0.010525926947593689,0.0,1.0,100.0,0.0,0.5541440844535828
16,35236-1785339351403096700,35236,3840,0,240,,OP3,FIXED_OPPONENT,train,map_b_split_lane,-1,0,SCRIPTED:OP11_ADAPTIVE_EXPLOITER,,1,2,0,2,240,0.8799999952316284,0,1,7,86,3,19,0,16,1,9,0,3,0,2,0,4,0,0,0,5,45.0,5.600015258789062,1.0,0.0,0.02007870376110077,0.03500000014901161,0.0,0.0,-0.20000000298023224,0.2006813883781433
17,35236-1785339351403096700,35236,3840,0,240,,OP3,FIXED_OPPONENT,train,map_b_split_lane,-1,1,SCRIPTED:OP11_ADAPTIVE_EXPLOITER,,1,2,1,1,240,0.8399999737739563,1,0,10,66,5,19,2,14,3,8,0,2,1,1,1,4,1,0,0,3,39.0,5.925416564941406,1.0,0.0,0.0010508596897125244,0.0,0.0,0.0,-0.20000000298023224,0.19743844866752625
18,35236-1785339351403096700,35236,3840,0,240,,OP3,FIXED_OPPONENT,train,map_b_split_lane,-1,1,SCRIPTED:OP11_ADAPTIVE_EXPLOITER,,1,2,1,1,240,0.8799999952316284,0,2,14,47,8,19,3,7,4,8,1,2,1,3,0,1,1,0,2,3,35.0,6.531961568196615,1.0,0.0,-0.002585873007774353,0.0,0.0,0.0,0.0,0.2447667270898819
19,35236-1785339351403096700,35236,3920,0,245,,OP3,FIXED_OPPONENT,train,map_b_split_lane,-1,0,SCRIPTED:OP11_ADAPTIVE_EXPLOITER,,1,3,1,2,137,0.6800000071525574,1,0,10,57,1,11,1,9,1,4,0,3,0,2,0,3,1,0,0,4,48.0,6.1081868192575275,1.0,0.5,-0.007538542151451111,0.0,1.0,100.0,-0.20000000298023224,0.5186774730682373
20,35236-1785339351403096700,35236,3984,0,249,,OP3,FIXED_OPPONENT,train,map_b_split_lane,-1,0,SCRIPTED:OP11_ADAPTIVE_EXPLOITER,,1,3,1,2,125,0.8399999737739563,1,0,6,43,2,11,3,10,2,2,0,3,0,4,1,1,1,0,0,5,47.0,4.84210400390625,1.0,0.5,-0.0026668906211853027,0.0,1.0,100.0,0.0,0.5544843077659607
21,35236-1785339351403096700,35236,4400,0,275,,OP3,FIXED_OPPONENT,train,map_b_split_lane,-1,0,SCRIPTED:OP11_ADAPTIVE_EXPLOITER,,1,3,2,1,179,0.8399999737739563,1,0,11,54,3,12,1,14,1,3,0,3,2,3,0,4,1,1,0,4,47.0,6.0513274975995115,1.0,0.5,0.008301034569740295,0.0,1.0,100.0,0.0,0.5549588799476624
22,35236-1785339351403096700,35236,4448,0,278,,OP3,FIXED_OPPONENT,train,map_b_split_lane,-1,1,SCRIPTED:OP11_ADAPTIVE_EXPLOITER,,1,3,0,3,171,0.8399999737739563,1,0,4,99,2,15,3,10,2,2,0,3,0,7,1,2,0,2,0,2,74.0,4.50654967904788,1.0,0.5,-5.027651786804199e-05,0.02499999850988388,1.0,100.0,0.0,0.5556785464286804
23,35236-1785339351403096700,35236,4992,0,312,,OP3,FIXED_OPPONENT,train,map_b_split_lane,-1,1,SCRIPTED:OP11_ADAPTIVE_EXPLOITER,,1,3,0,3,108,0.6399999856948853,0,1,9,53,1,13,0,8,1,2,0,3,0,7,0,1,0,1,0,3,44.0,4.949063336407697,1.0,0.5,-0.0033069849014282227,0.04999999701976776,1.0,100.0,-0.20000000298023224,0.5211507081985474
24,35236-1785339351403096700,35236,5072,0,317,,OP3,FIXED_OPPONENT,train,map_b_split_lane,-1,0,SCRIPTED:OP11_ADAPTIVE_EXPLOITER,,1,3,1,2,177,0.7999999523162842,0,1,10,46,4,14,1,5,3,4,0,3,0,3,0,2,1,0,0,2,39.0,6.455009848384534,1.0,0.5,-0.005819052457809448,0.03999999910593033,1.0,100.0,0.0,0.556077241897583
25,35236-1785339351403096700,35236,5104,0,319,,OP3,FIXED_OPPONENT,train,map_b_split_lane,-1,1,SCRIPTED:OP11_ADAPTIVE_EXPLOITER,,1,3,0,3,168,0.7999999523162842,0,4,3,83,1,13,0,12,1,3,0,3,0,6,0,2,0,1,0,4,39.0,4.963505336216518,1.0,0.5,-0.007452130317687988,0.0,1.0,100.0,-0.20000000298023224,0.5186814069747925
26,35236-1785339351403096700,35236,5344,0,334,,OP3,FIXED_OPPONENT,train,map_b_split_lane,-1,1,SCRIPTED:OP11_ADAPTIVE_EXPLOITER,,1,3,1,2,127,0.5600000023841858,1,0,2,46,0,12,5,7,0,4,0,3,0,3,1,1,1,0,1,4,44.0,5.272199014979084,1.0,0.5,0.01567097008228302,0.02499999850988388,1.0,100.0,0.0,0.5563572645187378
27,35236-1785339351403096700,35236,5360,0,335,,OP3,FIXED_OPPONENT,train,map_b_split_lane,-1,1,SCRIPTED:OP11_ADAPTIVE_EXPLOITER,,1,3,0,3,159,0.8399999737739563,1,0,0,81,6,12,5,11,4,5,0,4,0,0,1,2,0,0,2,5,41.0,4.183473982900943,1.0,0.5,-0.00693570077419281,0.0,1.0,100.0,-0.20000000298023224,0.5187050104141235
28,35236-1785339351403096700,35236,5408,0,338,,OP3,FIXED_OPPONENT,train,map_b_split_lane,-1,0,SCRIPTED:OP11_ADAPTIVE_EXPLOITER,,1,3,1,2,124,0.8399999737739563,1,0,6,35,5,9,1,10,1,1,0,3,4,4,0,1,1,1,0,4,44.0,5.6103884789251515,1.0,0.5,-0.007158532738685608,0.04999999701976776,1.0,100.0,0.0,0.5564509630203247
29,35236-1785339351403096700,35236,5664,0,354,,OP3,FIXED_OPPONENT,train,map_b_split_lane,-1,1,SCRIPTED:OP11_ADAPTIVE_EXPLOITER,,1,3,1,2,167,0.6800000071525574,1,0,8,58,4,13,1,11,2,5,0,3,0,3,0,2,1,0,0,6,91.0,6.086594267519648,1.0,0.5,-0.002441689372062683,0.02499999850988388,1.0,100.0,0.0,0.5555751919746399
30,35236-1785339351403096700,35236,5744,0,359,,OP3,FIXED_OPPONENT,train,map_b_split_lane,-1,0,SCRIPTED:OP11_ADAPTIVE_EXPLOITER,,1,3,0,3,114,0.7599999904632568,1,0,3,46,1,11,1,11,1,4,0,3,0,1,1,1,0,1,0,7,34.0,5.533266837136788,1.0,0.5,-0.002641245722770691,0.0,1.0,100.0,0.0,0.5544853806495667
31,35236-1785339351403096700,35236,5840,0,365,,OP3,FIXED_OPPONENT,train,map_b_split_lane,-1,0,SCRIPTED:OP11_ADAPTIVE_EXPLOITER,,0,2,2,0,240,0.7199999690055847,0,1,16,89,0,32,2,12,0,12,0,2,0,6,0,2,2,0,0,6,107.0,5.071126810709635,-0.5,0.0,-0.0025657862424850464,0.0,0.0,0.0,-0.4000000059604645,-0.2214309722185135
32,35236-1785339351403096700,35236,6016,0,376,,OP3,FIXED_OPPONENT,train,map_b_split_lane,-1,1,SCRIPTED:OP11_ADAPTIVE_EXPLOITER,,1,3,0,3,127,0.6800000071525574,0,1,8,40,2,12,1,11,1,6,0,3,0,0,0,1,0,0,0,7,50.0,4.846164012518455,1.0,0.5,0.011699125170707703,0.02499999850988388,1.0,100.0,0.0,0.5561859011650085
33,35236-1785339351403096700,35236,6304,0,394,,OP3,FIXED_OPPONENT,train,map_b_split_lane,-1,1,SCRIPTED:OP11_ADAPTIVE_EXPLOITER,,1,3,1,2,119,0.7599999904632568,0,1,5,47,1,8,4,8,1,4,0,3,0,0,1,0,1,0,1,6,37.0,5.863196621422007,1.0,0.5,0.00815427303314209,0.0,1.0,100.0,0.0,0.5549525022506714
34,35236-1785339351403096700,35236,6304,0,394,,OP3,FIXED_OPPONENT,train,map_b_split_lane,-1,0,SCRIPTED:OP11_ADAPTIVE_EXPLOITER,,1,3,1,2,116,0.8799999952316284,1,0,3,73,5,8,2,9,2,1,0,3,2,3,1,0,1,1,0,5,45.0,4.468634243669181,1.0,0.5,-0.0035438090562820435,0.0,1.0,100.0,0.0,0.5544463396072388
35,35236-1785339351403096700,35236,6480,0,405,,OP3,FIXED_OPPONENT,train,map_b_split_lane,-1,0,SCRIPTED:OP11_ADAPTIVE_EXPLOITER,,1,3,0,3,165,0.7999999523162842,1,0,4,95,2,16,1,17,1,6,0,3,1,2,0,4,0,1,0,5,46.0,4.104470362807765,1.0,0.5,-0.0032677650451660156,0.04999999701976776,1.0,100.0,0.0,0.556618869304657
36,35236-1785339351403096700,35236,6688,0,418,,OP3,FIXED_OPPONENT,train,map_b_split_lane,-1,0,SCRIPTED:OP11_ADAPTIVE_EXPLOITER,,1,3,1,2,179,0.7199999690055847,1,0,14,58,1,15,4,4,1,6,0,3,0,2,2,0,1,0,0,3,33.0,6.437703223201815,1.0,0.5,-0.0024902522563934326,0.04999999701976776,1.0,100.0,0.0,0.5566524267196655
37,35236-1785339351403096700,35236,6832,0,427,,OP3,FIXED_OPPONENT,train,map_b_split_lane,-1,1,SCRIPTED:OP11_ADAPTIVE_EXPLOITER,,1,3,1,2,187,0.7999999523162842,1,0,10,58,13,5,4,5,7,1,1,2,1,0,1,1,1,0,1,2,42.0,5.885603797627005,1.0,0.5,-0.009097844362258911,0.0,1.0,100.0,0.0,0.5542058944702148
38,35236-1785339351403096700,35236,7040,0,440,,OP3,FIXED_OPPONENT,train,map_b_split_lane,-1,0,SCRIPTED:OP11_ADAPTIVE_EXPLOITER,,1,3,1,2,121,0.6399999856948853,0,1,1,44,2,9,5,4,1,1,0,3,0,4,0,0,2,0,3,3,35.0,5.91129221009814,1.0,0.5,-0.02791231870651245,0.014999999664723873,1.0,100.0,0.0,0.5540406703948975
39,35236-1785339351403096700,35236,7088,0,443,,OP3,FIXED_OPPONENT,train,map_b_split_lane,-1,0,SCRIPTED:OP11_ADAPTIVE_EXPLOITER,,0,3,3,0,126,0.5999999642372131,1,0,5,19,0,12,4,5,0,0,0,3,0,7,2,0,2,1,0,3,44.0,6.513617621527778,-0.5,0.0,-0.009878396987915039,0.0,0.0,0.0,0.0,-0.12496081739664078
40,35236-1785339351403096700,35236,7152,0,447,,OP3,FIXED_OPPONENT,train,map_b_split_lane,-1,1,SCRIPTED:OP11_ADAPTIVE_EXPLOITER,,1,3,1,2,113,0.5999999642372131,1,0,3,29,1,12,7,4,0,5,0,3,1,1,3,0,1,0,0,3,38.0,7.050658639553374,1.0,0.5,0.008181959390640259,0.0,1.0,100.0,0.0,0.5549536943435669
41,35236-1785339351403096700,35236,7520,0,470,,OP3,FIXED_OPPONENT,train,map_b_split_lane,-1,0,SCRIPTED:OP11_ADAPTIVE_EXPLOITER,,1,3,1,2,158,0.7599999904632568,0,1,5,45,3,15,2,8,3,4,0,3,0,3,0,3,1,0,0,3,39.0,6.611743009543117,1.0,0.4000000059604645,-0.00904528796672821,0.02499999850988388,1.0,100.0,-0.20000000298023224,0.50126713514328
42,35236-1785339351403096700,35236,7680,0,480,,OP3,FIXED_OPPONENT,train,map_b_split_lane,-1,0,SCRIPTED:OP11_ADAPTIVE_EXPLOITER,,1,2,1,1,240,0.9199999570846558,1,0,19,59,7,17,3,9,4,6,0,3,2,1,1,0,1,0,0,5,41.0,5.736890665690104,1.0,0.0,0.010015994310379028,0.0,0.0,0.0,-0.20000000298023224,0.19797687232494354
43,35236-1785339351403096700,35236,7824,0,489,,OP3,FIXED_OPPONENT,train,map_b_split_lane,-1,1,SCRIPTED:OP11_ADAPTIVE_EXPLOITER,,1,3,0,3,124,0.7199999690055847,1,0,1,32,5,5,3,7,2,1,0,3,2,1,0,2,1,0,2,3,57.0,6.295327463457661,1.0,0.5,-0.004943147301673889,0.04999999701976776,1.0,100.0,-0.20000000298023224,0.5210762023925781
44,35236-1785339351403096700,35236,7904,0,494,,OP3,FIXED_OPPONENT,train,map_b_split_lane,-1,0,SCRIPTED:OP11_ADAPTIVE_EXPLOITER,,1,3,0,3,140,0.7599999904632568,1,0,2,55,4,10,4,8,2,2,0,3,1,5,2,0,1,1,1,5,46.0,5.94856436593192,1.0,0.5,-0.007551416754722595,0.04999999701976776,1.0,100.0,0.0,0.5564340353012085
45,35236-1785339351403096700,35236,8240,0,515,,OP3,FIXED_OPPONENT,train,map_b_split_lane,-1,1,SCRIPTED:OP11_ADAPTIVE_EXPLOITER,,1,3,1,2,177,0.8399999737739563,1,0,13,28,6,10,9,2,2,3,0,3,1,2,3,0,2,0,2,1,43.0,8.04706603659075,1.0,0.5,-0.009744182229042053,0.0,1.0,100.0,0.0,0.5541778802871704
46,35236-1785339351403096700,35236,8288,0,518,,OP3,FIXED_OPPONENT,train,map_b_split_lane,-1,0,SCRIPTED:OP11_ADAPTIVE_EXPLOITER,,1,3,0,3,100,0.6800000071525574,0,1,4,62,2,10,2,7,1,4,0,3,0,2,1,0,0,1,0,3,33.0,4.321396484375,1.0,0.5,-0.0087575763463974,0.0,1.0,100.0,-0.20000000298023224,0.5186217427253723
47,35236-1785339351403096700,35236,8768,0,548,,OP3,FIXED_OPPONENT,train,map_b_split_lane,-1,1,SCRIPTED:OP11_ADAPTIVE_EXPLOITER,,1,3,0,3,101,0.6399999856948853,1,0,1,19,1,9,4,5,1,1,0,3,0,5,2,0,1,1,0,2,45.0,7.8077211285581685,1.0,0.5,-0.0241011381149292,0.029999999329447746,1.0,100.0,0.0,0.5548549890518188
48,35236-1785339351403096700,35236,8784,0,549,,OP3,FIXED_OPPONENT,train,map_b_split_lane,-1,0,SCRIPTED:OP11_ADAPTIVE_EXPLOITER,,1,3,1,2,106,0.7999999523162842,0,1,2,37,1,12,4,4,1,5,0,3,0,2,1,0,1,0,2,3,33.0,7.176376630675118,1.0,0.5,-0.016811728477478027,0.02499999850988388,1.0,100.0,0.0,0.5549539923667908
49,35236-1785339351403096700,35236,8816,0,551,,OP3,FIXED_OPPONENT,train,map_b_split_lane,-1,1,SCRIPTED:OP11_ADAPTIVE_EXPLOITER,,1,3,2,1,216,0.6800000071525574,1,0,14,40,14,6,12,1,6,1,2,1,5,1,1,1,2,0,6,0,89.0,6.424901891637732,1.0,0.5,-0.005695655941963196,0.0,1.0,100.0,0.0,0.5543531775474548
50,35236-1785339351403096700,35236,8896,0,556,,OP3,FIXED_OPPONENT,train,map_b_split_lane,-1,0,SCRIPTED:OP11_ADAPTIVE_EXPLOITER,,1,3,0,3,116,0.7199999690055847,0,1,2,53,0,12,3,9,0,6,0,3,0,1,2,0,0,0,0,6,42.0,5.502772890288254,1.0,0.5,-0.006914481520652771,0.02499999850988388,1.0,100.0,0.0,0.5553818941116333
51,35236-1785339351403096700,35236,8912,0,557,,OP3,FIXED_OPPONENT,train,map_b_split_lane,-1,0,SCRIPTED:OP11_ADAPTIVE_EXPLOITER,,1,3,0,3,181,0.7199999690055847,1,0,4,60,0,14,0,16,0,7,0,3,0,0,0,3,0,0,0,7,36.0,5.608057180162293,1.0,0.5,-0.010721787810325623,0.04999999701976776,1.0,100.0,0.0,0.556297242641449
52,35236-1785339351403096700,35236,8912,0,557,,OP3,FIXED_OPPONENT,train,map_b_split_lane,-1,0,SCRIPTED:OP11_ADAPTIVE_EXPLOITER,,1,3,2,1,198,0.6800000071525574,1,0,3,42,7,17,2,12,5,6,0,4,0,4,0,3,2,0,0,6,33.0,6.565495038273359,1.0,0.5,0.005143299698829651,0.04999999701976776,1.0,100.0,0.0,0.5569815635681152
53,35236-1785339351403096700,35236,9008,0,563,,OP3,FIXED_OPPONENT,train,map_b_split_lane,-1,1,SCRIPTED:OP11_ADAPTIVE_EXPLOITER,,1,3,2,1,169,0.7599999904632568,1,0,6,27,5,11,5,8,2,3,1,2,1,3,2,0,0,2,2,6,50.0,6.231565215883876,1.0,0.5,-0.004434749484062195,0.0,1.0,100.0,0.0,0.5544078350067139
54,35236-1785339351403096700,35236,9184,0,574,,OP3,FIXED_OPPONENT,train,map_b_split_lane,-1,0,SCRIPTED:OP11_ADAPTIVE_EXPLOITER,,1,3,1,2,169,0.7199999690055847,1,0,9,49,2,20,4,4,1,6,0,3,1,5,2,0,1,0,1,3,39.0,6.058635282798631,1.0,0.5,-0.009923890233039856,0.04999999701976776,1.0,100.0,0.0,0.5563316345214844
55,35236-1785339351403096700,35236,9584,0,599,,OP3,FIXED_OPPONENT,train,map_b_split_lane,-1,0,SCRIPTED:OP11_ADAPTIVE_EXPLOITER,,1,3,1,2,172,0.7599999904632568,0,1,6,77,4,11,4,6,3,4,0,3,1,1,2,0,0,1,0,4,43.0,5.714735519054324,1.0,0.5,-0.0023122578859329224,0.02499999850988388,1.0,100.0,-0.20000000298023224,0.5200570225715637
56,35236-1785339351403096700,35236,9664,0,604,,OP3,FIXED_OPPONENT,train,map_b_split_lane,-1,1,SCRIPTED:OP11_ADAPTIVE_EXPLOITER,,1,3,2,1,210,0.7199999690055847,0,1,21,40,8,12,10,6,2,5,1,2,1,2,3,0,1,1,2,4,68.0,5.996761648995536,1.0,0.5,0.00014978647232055664,0.04999999701976776,1.0,100.0,0.0,0.5567662715911865
57,35236-1785339351403096700,35236,9936,0,621,,OP3,FIXED_OPPONENT,train,map_b_split_lane,-1,0,SCRIPTED:OP11_ADAPTIVE_EXPLOITER,,1,3,0,3,127,0.7999999523162842,1,0,3,57,1,15,0,16,1,6,0,3,0,2,0,5,0,1,0,5,46.0,4.78356597179503,1.0,0.5,0.008787110447883606,0.014999999664723873,1.0,100.0,0.0,0.5556282997131348
58,35236-1785339351403096700,35236,10080,0,630,,OP3,FIXED_OPPONENT,train,map_b_split_lane,-1,1,SCRIPTED:OP11_ADAPTIVE_EXPLOITER,,1,3,0,3,115,0.7199999690055847,0,2,3,33,6,4,4,6,0,2,1,2,5,0,0,0,1,1,1,3,40.0,4.993929921025815,1.0,1.0,-0.01562570035457611,0.04999999701976776,2.0,200.0,0.0,0.7624949216842651
59,35236-1785339351403096700,35236,10384,0,649,,OP3,FIXED_OPPONENT,train,map_b_split_lane,-1,0,SCRIPTED:OP11_ADAPTIVE_EXPLOITER,,1,3,1,2,92,0.6399999856948853,1,0,2,20,0,8,3,5,0,2,0,3,0,2,1,0,1,0,0,4,33.0,6.527725883152174,1.0,0.5,0.003529861569404602,0.04999999701976776,1.0,100.0,0.0,0.5569119453430176
60,35236-1785339351403096700,35236,10992,0,687,,OP3,FIXED_OPPONENT,train,map_b_split_lane,-1,0,SCRIPTED:OP11_ADAPTIVE_EXPLOITER,,1,3,2,1,207,0.7199999690055847,1,0,15,33,4,16,7,3,1,6,0,3,1,4,4,1,2,0,0,1,49.0,7.67669353392965,1.0,0.5,-0.0028371214866638184,0.0,1.0,100.0,0.0,0.5544769167900085
61,35236-1785339351403096700,35236,11008,0,688,,OP3,FIXED_OPPONENT,train,map_b_split_lane,-1,1,SCRIPTED:OP11_ADAPTIVE_EXPLOITER,,1,3,2,1,199,0.7999999523162842,0,1,7,72,5,14,8,6,2,4,0,3,3,3,2,0,2,0,2,5,35.0,6.267843735277952,1.0,0.5,-0.020528092980384827,0.02499999850988388,1.0,100.0,-0.20000000298023224,0.5192259550094604
62,35236-1785339351403096700,35236,11040,0,690,,OP3,FIXED_OPPONENT,train,map_b_split_lane,-1,1,SCRIPTED:OP11_ADAPTIVE_EXPLOITER,,1,3,1,2,133,0.5600000023841858,1,0,5,37,0,10,1,8,0,4,0,3,0,1,0,0,1,0,0,5,33.0,6.297897912505874,1.0,0.5,-0.010253071784973145,0.0,1.0,100.0,-0.20000000298023224,0.5185534358024597
63,35236-1785339351403096700,35236,11232,0,702,,OP3,FIXED_OPPONENT,train,map_b_split_lane,-1,0,SCRIPTED:OP11_ADAPTIVE_EXPLOITER,,1,3,1,2,139,0.4399999976158142,0,1,9,52,0,14,2,4,0,5,0,3,0,2,1,0,1,0,0,3,33.0,6.312106125646358,1.0,0.5,0.006087586283683777,0.04999999701976776,1.0,100.0,0.0,0.5570222735404968
64,35236-1785339351403096700,35236,11344,0,709,,OP3,FIXED_OPPONENT,train,map_b_split_lane,-1,1,SCRIPTED:OP11_ADAPTIVE_EXPLOITER,,1,3,1,2,161,0.6399999856948853,0,1,7,60,2,16,1,7,2,5,0,3,0,4,0,0,1,0,0,5,38.0,5.433885278168672,1.0,1.0,-0.0011862367391586304,0.0,1.5,150.0,0.0,0.7038681507110596
65,35236-1785339351403096700,35236,11360,0,710,,OP3,FIXED_OPPONENT,train,map_b_split_lane,-1,0,SCRIPTED:OP11_ADAPTIVE_EXPLOITER,,1,2,1,1,240,0.7199999690055847,1,0,9,84,1,25,5,7,1,10,0,2,0,2,2,1,1,0,1,3,40.0,6.589547220865885,1.0,0.0,0.0049533843994140625,0.0,0.0,0.0,0.0,0.24520964920520782
66,35236-1785339351403096700,35236,11376,0,711,,OP3,FIXED_OPPONENT,train,map_b_split_lane,-1,0,SCRIPTED:OP11_ADAPTIVE_EXPLOITER,,1,3,1,2,90,0.6399999856948853,1,0,8,24,2,6,1,7,2,0,0,3,0,2,0,1,1,0,0,4,38.0,6.475856526692708,1.0,0.5,-0.0072767287492752075,0.02499999850988388,1.0,100.0,-0.20000000298023224,0.5198306441307068
67,35236-1785339351403096700,35236,11472,0,717,,OP3,FIXED_OPPONENT,train,map_b_split_lane,-1,0,SCRIPTED:OP11_ADAPTIVE_EXPLOITER,,1,3,0,3,166,0.7999999523162842,0,1,4,60,3,13,1,13,3,5,0,3,0,0,0,2,0,0,0,8,32.0,5.800916189170746,1.0,0.5,-0.023725509643554688,0.02499999850988388,1.0,100.0,0.0,0.5546548962593079
68,35236-1785339351403096700,35236,11536,0,721,,OP3,FIXED_OPPONENT,train,map_b_split_lane,-1,1,SCRIPTED:OP11_ADAPTIVE_EXPLOITER,,1,3,1,2,203,0.7999999523162842,0,3,12,52,5,13,6,12,3,5,1,2,0,2,1,5,1,0,3,2,80.0,5.959799780634237,1.0,0.5,-0.0015474259853363037,0.0,1.0,100.0,0.0,0.5545327663421631
69,35236-1785339351403096700,35236,11744,0,734,,OP3,FIXED_OPPONENT,train,map_b_split_lane,-1,0,SCRIPTED:OP11_ADAPTIVE_EXPLOITER,,1,3,1,2,130,0.7199999690055847,0,1,7,41,1,14,1,11,1,6,0,3,0,2,0,2,1,0,0,8,70.0,5.935894305889423,1.0,0.5,-0.011934787034988403,0.02499999850988388,1.0,100.0,0.0,0.5551649332046509
70,35236-1785339351403096700,35236,12208,0,763,,OP3,FIXED_OPPONENT,train,map_b_split_lane,-1,1,SCRIPTED:OP11_ADAPTIVE_EXPLOITER,,1,3,0,3,164,0.7599999904632568,1,0,0,70,7,9,3,11,2,1,2,1,1,7,0,3,0,2,3,1,51.0,5.120149938071647,1.0,0.5,-0.002817898988723755,0.04999999701976776,1.0,100.0,0.0,0.556638240814209
71,35236-1785339351403096700,35236,12208,0,763,,OP3,FIXED_OPPONENT,train,map_b_split_lane,-1,1,SCRIPTED:OP11_ADAPTIVE_EXPLOITER,,1,3,0,3,133,0.7199999690055847,1,0,9,17,4,8,0,6,1,3,1,3,1,2,0,2,0,0,0,2,47.0,7.435967696340461,1.0,0.5,-0.009425088763237,0.014999999664723873,1.0,100.0,0.0,0.5548409819602966
72,35236-1785339351403096700,35236,12384,0,774,,OP3,FIXED_OPPONENT,train,map_b_split_lane,-1,0,SCRIPTED:OP11_ADAPTIVE_EXPLOITER,,1,3,1,2,200,0.7599999904632568,1,0,2,74,3,17,3,7,2,7,0,3,0,2,1,0,1,0,1,5,34.0,6.146661376953125,1.0,0.5,-0.0007754862308502197,0.04999999701976776,1.0,100.0,0.0,0.556726336479187
73,35236-1785339351403096700,35236,12576,0,786,,OP3,FIXED_OPPONENT,train,map_b_split_lane,-1,1,SCRIPTED:OP11_ADAPTIVE_EXPLOITER,,1,3,1,2,230,0.8399999737739563,0,1,11,47,4,19,12,4,2,7,1,3,0,5,4,0,2,0,4,2,33.0,6.95382716966712,1.0,0.5,-0.012040793895721436,0.02499999850988388,1.0,100.0,0.0,0.5551602840423584
74,35236-1785339351403096700,35236,12624,0,789,,OP3,FIXED_OPPONENT,train,map_b_split_lane,-1,0,SCRIPTED:OP11_ADAPTIVE_EXPLOITER,,1,2,0,2,240,0.9199999570846558,1,0,6,71,3,19,6,4,3,8,0,2,0,0,1,1,0,0,2,2,78.0,6.585152689615885,1.0,0.0,0.013414561748504639,0.014999999664723873,0.0,0.0,0.0,0.24658732116222382
75,35236-1785339351403096700,35236,12688,0,793,,OP3,FIXED_OPPONENT,train,map_b_split_lane,-1,1,SCRIPTED:OP11_ADAPTIVE_EXPLOITER,,1,3,0,3,106,0.7599999904632568,1,0,1,36,1,5,4,6,0,2,1,2,0,1,2,0,1,0,0,4,59.0,6.217724494214328,1.0,0.5,-0.007166445255279541,0.03999999910593033,1.0,100.0,-0.20000000298023224,0.520519495010376
76,35236-1785339351403096700,35236,12896,0,806,,OP3,FIXED_OPPONENT,train,map_b_split_lane,-1,1,SCRIPTED:OP11_ADAPTIVE_EXPLOITER,,1,3,0,3,116,0.7199999690055847,1,0,3,57,4,10,3,11,2,3,0,3,0,3,1,1,0,1,2,4,42.0,4.4758327089507,1.0,0.5,-0.007868409156799316,0.0,1.0,100.0,0.0,0.554259181022644
77,35236-1785339351403096700,35236,13008,0,813,,OP3,FIXED_OPPONENT,train,map_b_split_lane,-1,1,SCRIPTED:OP11_ADAPTIVE_EXPLOITER,,1,3,0,3,92,0.7999999523162842,1,0,6,25,5,3,4,5,1,1,2,1,2,1,0,1,1,0,3,3,35.0,6.721672389818274,1.0,0.5,-0.027423709630966187,0.014999999664723873,1.0,100.0,0.0,0.5540618896484375
78,35236-1785339351403096700,35236,13168,0,823,,OP3,FIXED_OPPONENT,train,map_b_split_lane,-1,0,SCRIPTED:OP11_ADAPTIVE_EXPLOITER,,1,3,1,2,106,0.5999999642372131,1,0,0,28,3,7,2,7,2,1,0,3,1,2,1,0,1,0,0,4,33.0,6.504349618587854,1.0,0.5,-0.007743507623672485,0.0,1.0,100.0,-0.20000000298023224,0.5186681151390076
79,35236-1785339351403096700,35236,13536,0,846,,OP3,FIXED_OPPONENT,train,map_b_split_lane,-1,1,SCRIPTED:OP11_ADAPTIVE_EXPLOITER,,1,3,1,2,112,0.7599999904632568,1,0,6,17,1,9,7,4,1,1,0,3,0,4,2,0,1,1,3,1,41.0,7.1086594717843195,1.0,0.5,0.00844883918762207,0.0,1.0,100.0,0.0,0.5549652576446533
80,35236-1785339351403096700,35236,13648,0,853,,OP3,FIXED_OPPONENT,train,map_b_split_lane,-1,0,SCRIPTED:OP11_ADAPTIVE_EXPLOITER,,1,3,1,2,142,0.6399999856948853,1,0,4,55,3,12,1,9,3,2,0,3,0,4,0,0,1,0,0,6,44.0,5.804317420637104,1.0,0.4000000059604645,-0.007458016276359558,0.02499999850988388,1.0,100.0,0.0,0.5378292798995972
81,35236-1785339351403096700,35236,13824,0,864,,OP3,FIXED_OPPONENT,train,map_b_split_lane,-1,1,SCRIPTED:OP11_ADAPTIVE_EXPLOITER,,1,3,1,2,154,0.7599999904632568,1,0,7,26,7,9,8,4,5,2,1,2,0,3,0,2,1,0,7,0,58.0,7.434710614092938,1.0,0.5,0.00026191771030426025,0.02499999850988388,1.0,100.0,0.0,0.5556919574737549
82,35236-1785339351403096700,35236,14048,0,878,,OP3,FIXED_OPPONENT,train,map_b_split_lane,-1,0,SCRIPTED:OP11_ADAPTIVE_EXPLOITER,,1,3,2,1,229,0.6800000071525574,0,3,4,57,1,22,1,11,0,8,0,3,1,3,0,3,1,1,0,4,48.0,5.931867707764738,1.0,0.5,-0.010411560535430908,0.02499999850988388,1.0,100.0,0.0,0.5552307367324829
83,35236-1785339351403096700,35236,14128,0,883,,OP3,FIXED_OPPONENT,train,map_b_split_lane,-1,0,SCRIPTED:OP11_ADAPTIVE_EXPLOITER,,1,3,2,1,195,0.7999999523162842,0,2,11,65,2,14,2,12,1,5,0,4,1,2,0,0,1,1,0,8,50.0,5.746565129206731,1.0,0.4000000059604645,-0.007567644119262695,0.04999999701976776,1.0,100.0,-0.20000000298023224,0.5025051832199097
84,35236-1785339351403096700,35236,14144,0,884,,OP3,FIXED_OPPONENT,train,map_b_split_lane,-1,1,SCRIPTED:OP11_ADAPTIVE_EXPLOITER,,1,3,2,1,182,0.7999999523162842,1,0,10,56,3,11,8,5,2,3,0,3,1,1,2,0,1,1,3,3,35.0,6.114339639852335,1.0,0.5,-0.007783621549606323,0.0,1.0,100.0,0.0,0.5542627573013306
85,35236-1785339351403096700,35236,14240,0,890,,OP3,FIXED_OPPONENT,train,map_b_split_lane,-1,1,SCRIPTED:OP11_ADAPTIVE_EXPLOITER,,1,3,0,3,127,0.7999999523162842,1,0,2,24,1,10,8,5,1,3,0,3,0,2,3,0,1,0,1,3,40.0,6.183886910986713,1.0,0.5,-0.012307792901992798,0.02499999850988388,1.0,100.0,0.0,0.555148720741272
86,35236-1785339351403096700,35236,14736,0,921,,OP3,FIXED_OPPONENT,train,map_b_split_lane,-1,1,SCRIPTED:OP11_ADAPTIVE_EXPLOITER,,1,3,0,3,115,0.7599999904632568,1,0,0,43,3,9,5,9,2,1,0,3,0,5,3,0,0,2,1,4,38.0,5.217210321841033,1.0,0.5,-0.009700290858745575,0.04999999701976776,1.0,100.0,0.0,0.556341290473938
87,35236-1785339351403096700,35236,14736,0,921,,OP3,FIXED_OPPONENT,train,map_b_split_lane,-1,0,SCRIPTED:OP11_ADAPTIVE_EXPLOITER,,1,3,1,2,158,0.6800000071525574,0,1,12,61,3,15,1,9,2,4,0,3,0,5,0,2,1,0,0,4,40.0,6.0451204324070416,1.0,0.5,0.004828065633773804,0.04999999701976776,1.0,100.0,0.0,0.5569679737091064
88,35236-1785339351403096700,35236,14976,0,936,,OP3,FIXED_OPPONENT,train,map_b_split_lane,-1,1,SCRIPTED:OP11_ADAPTIVE_EXPLOITER,,1,3,0,3,150,0.7599999904632568,0,1,3,109,4,11,3,8,3,3,0,3,0,4,0,1,0,0,1,4,37.0,4.57582275390625,1.0,0.5,-0.006326436996459961,0.0,1.0,100.0,-0.20000000298023224,0.5187328457832336
89,35236-1785339351403096700,35236,15184,0,949,,OP3,FIXED_OPPONENT,train,map_b_split_lane,-1,1,SCRIPTED:OP11_ADAPTIVE_EXPLOITER,,1,2,1,1,240,0.7199999690055847,0,1,10,65,5,17,5,13,3,8,1,1,0,1,1,4,1,0,1,4,87.0,6.247083536783854,1.0,0.0,-0.00920141488313675,0.0,0.0,0.0,-0.20000000298023224,0.19682256877422333
90,35236-1785339351403096700,35236,15216,0,951,,OP3,FIXED_OPPONENT,train,map_b_split_lane,-1,0,SCRIPTED:OP11_ADAPTIVE_EXPLOITER,,1,3,1,2,158,0.8399999737739563,1,0,7,50,4,11,1,16,2,2,0,3,1,3,0,5,1,1,0,4,37.0,5.31651982174644,1.0,0.5,0.00609472393989563,0.02499999850988388,1.0,100.0,0.0,0.5559439659118652
91,35236-1785339351403096700,35236,15456,0,966,,OP3,FIXED_OPPONENT,train,map_b_split_lane,-1,0,SCRIPTED:OP11_ADAPTIVE_EXPLOITER,,1,3,0,3,102,0.6399999856948853,1,0,4,52,1,8,0,5,1,4,0,3,0,0,0,0,0,0,0,4,33.0,4.948060577990962,1.0,0.5,0.008131980895996094,0.0,1.0,100.0,-0.4000000059604645,0.4819401204586029
92,35236-1785339351403096700,35236,15648,0,978,,OP3,FIXED_OPPONENT,train,map_b_split_lane,-1,0,SCRIPTED:OP11_ADAPTIVE_EXPLOITER,,1,3,0,3,132,0.6800000071525574,0,1,3,50,1,11,2,14,1,5,0,3,0,1,0,3,0,0,0,6,63.0,5.499113603071733,1.0,0.5,0.007359370589256287,0.02499999850988388,1.0,100.0,0.0,0.5559985637664795
93,35236-1785339351403096700,35236,15792,0,987,,OP3,FIXED_OPPONENT,train,map_b_split_lane,-1,0,SCRIPTED:OP11_ADAPTIVE_EXPLOITER,,1,3,1,2,134,0.7199999690055847,0,1,4,33,1,11,2,4,1,2,0,3,0,4,1,0,1,0,0,3,32.0,7.009762436596315,1.0,0.5,-0.019728660583496094,0.014999999664723873,1.0,100.0,0.0,0.5543950796127319
94,35236-1785339351403096700,35236,16016,0,1001,,OP3,FIXED_OPPONENT,train,map_b_split_lane,-1,0,SCRIPTED:OP11_ADAPTIVE_EXPLOITER,,1,3,1,2,123,0.7199999690055847,1,0,1,24,2,11,5,4,1,4,0,3,1,1,2,0,1,0,0,3,41.0,6.650186182037602,1.0,0.5,-0.005003869533538818,0.02499999850988388,1.0,100.0,0.0,0.555464506149292
95,35236-1785339351403096700,35236,16192,0,1012,,OP3,FIXED_OPPONENT,train,map_b_split_lane,-1,1,SCRIPTED:OP11_ADAPTIVE_EXPLOITER,,1,3,0,3,238,0.8799999952316284,0,1,11,102,14,8,14,8,7,3,1,2,1,0,4,3,0,0,4,3,98.0,4.853849010307248,1.0,0.5,-0.005373015999794006,0.0,1.0,100.0,-0.20000000298023224,0.5187764167785645
96,35236-1785339351403096700,35236,16256,0,1016,,OP3,FIXED_OPPONENT,train,map_b_split_lane,-1,0,SCRIPTED:OP11_ADAPTIVE_EXPLOITER,,1,3,0,3,133,0.7999999523162842,0,1,9,61,3,19,3,15,2,5,0,3,0,7,1,5,0,1,1,3,47.0,4.674365968632519,1.0,0.5,-0.001570001244544983,0.04999999701976776,1.0,100.0,0.0,0.5566920638084412
97,35236-1785339351403096700,35236,16368,0,1023,,OP3,FIXED_OPPONENT,train,map_b_split_lane,-1,0,SCRIPTED:OP11_ADAPTIVE_EXPLOITER,,1,3,0,3,139,0.6800000071525574,0,1,13,86,1,17,2,16,1,5,0,3,0,5,1,2,0,2,0,6,39.0,4.317789420807104,1.0,0.5,-0.00529932975769043,0.04999999701976776,1.0,100.0,-0.20000000298023224,0.521060049533844
98,35236-1785339351403096700,35236,16432,0,1027,,OP3,FIXED_OPPONENT,train,map_b_split_lane,-1,1,SCRIPTED:OP11_ADAPTIVE_EXPLOITER,,1,3,1,2,106,0.5600000023841858,1,0,3,39,1,15,3,7,1,4,0,3,0,6,1,0,1,0,0,5,32.0,6.112191830041273,1.0,0.5,0.0022573769092559814,0.03999999910593033,1.0,100.0,0.0,0.5564257502555847
99,35236-1785339351403096700,35236,16464,0,1029,,OP3,FIXED_OPPONENT,train,map_b_split_lane,-1,0,SCRIPTED:OP11_ADAPTIVE_EXPLOITER,,0,2,2,0,240,0.6800000071525574,1,0,9,83,2,22,2,13,2,7,0,3,0,4,0,4,2,0,0,5,46.0,6.526594543457032,-0.5,0.0,0.01687292754650116,0.019999999552965164,0.0,0.0,0.0,-0.12208344042301178
100,35236-1785339351403096700,35236,16576,0,1036,,OP3,FIXED_OPPONENT,train,map_b_split_lane,-1,0,SCRIPTED:OP11_ADAPTIVE_EXPLOITER,,1,3,1,2,100,0.7199999690055847,1,0,9,27,1,6,4,3,1,0,0,3,0,3,0,2,3,0,0,1,45.0,7.637601928710938,1.0,0.5,-0.02246430516242981,0.014999999664723873,1.0,100.0,0.0,0.5542766451835632
101,35236-1785339351403096700,35236,16608,0,1038,,OP3,FIXED_OPPONENT,train,map_b_split_lane,-1,1,SCRIPTED:OP11_ADAPTIVE_EXPLOITER,,1,3,1,2,215,0.5999999642372131,0,2,11,72,16,6,12,4,8,1,3,0,0,2,2,1,0,1,7,0,34.0,5.329834552143895,1.0,0.5,-0.011437177658081055,0.04999999701976776,1.0,100.0,-0.20000000298023224,0.5207805037498474
102,35236-1785339351403096700,35236,16816,0,1051,,OP3,FIXED_OPPONENT,train,map_b_split_lane,-1,0,SCRIPTED:OP11_ADAPTIVE_EXPLOITER,,1,3,0,3,100,0.6800000071525574,1,0,1,8,2,10,11,4,2,4,0,3,0,0,2,0,0,0,5,2,33.0,8.199002075195313,1.0,0.5,0.0015056654810905457,0.04999999701976776,1.0,100.0,0.0,0.5568246841430664
103,35236-1785339351403096700,35236,16832,0,1052,,OP3,FIXED_OPPONENT,train,map_b_split_lane,-1,0,SCRIPTED:OP11_ADAPTIVE_EXPLOITER,,1,3,0,3,162,0.7599999904632568,1,0,18,55,5,10,5,10,3,5,0,3,0,0,3,2,0,0,0,6,67.0,5.741445659119406,1.0,0.5,-0.00961044430732727,0.0,1.0,100.0,-0.20000000298023224,0.518582820892334
104,35236-1785339351403096700,35236,16848,0,1053,,OP3,FIXED_OPPONENT,train,map_b_split_lane,-1,1,SCRIPTED:OP11_ADAPTIVE_EXPLOITER,,1,2,1,1,240,0.7999999523162842,1,0,9,63,9,13,9,3,5,5,2,1,0,2,1,0,1,0,5,1,38.0,6.768487548828125,1.0,0.0,-0.008705824613571167,0.0,0.0,0.0,0.0,0.24440711736679077
105,35236-1785339351403096700,35236,17536,0,1096,,OP3,FIXED_OPPONENT,train,map_b_split_lane,-1,0,SCRIPTED:OP11_ADAPTIVE_EXPLOITER,,1,3,0,3,147,0.6800000071525574,1,0,2,32,4,8,5,4,3,3,0,3,0,0,2,0,0,0,1,2,53.0,6.317938772188563,1.0,0.5,-0.007358357310295105,0.04999999701976776,1.0,100.0,0.0,0.556442379951477
106,35236-1785339351403096700,35236,17584,0,1099,,OP3,FIXED_OPPONENT,train,map_b_split_lane,-1,0,SCRIPTED:OP11_ADAPTIVE_EXPLOITER,,1,3,0,3,112,0.6800000071525574,1,0,6,37,2,12,3,6,0,2,0,3,2,6,1,0,1,0,1,4,43.0,6.700875963483538,1.0,0.5,-0.017542049288749695,0.014999999664723873,1.0,100.0,0.0,0.5544897317886353
107,35236-1785339351403096700,35236,17712,0,1107,,OP3,FIXED_OPPONENT,train,map_b_split_lane,-1,0,SCRIPTED:OP11_ADAPTIVE_EXPLOITER,,1,3,2,1,106,0.7199999690055847,1,0,9,35,1,9,3,5,0,2,0,3,1,3,0,2,2,0,1,2,33.0,7.045609384212854,1.0,0.5,-0.00762253999710083,0.04999999701976776,1.0,100.0,0.0,0.5564309358596802
108,35236-1785339351403096700,35236,17872,0,1117,,OP3,FIXED_OPPONENT,train,map_b_split_lane,-1,1,SCRIPTED:OP11_ADAPTIVE_EXPLOITER,,1,3,1,2,196,0.7199999690055847,1,0,20,47,9,13,3,8,2,6,3,0,2,3,0,1,0,3,3,3,100.0,6.671604078643176,1.0,0.5,-0.0010301321744918823,0.014999999664723873,1.0,100.0,0.0,0.555203914642334
109,35236-1785339351403096700,35236,18176,0,1136,,OP3,FIXED_OPPONENT,train,map_b_split_lane,-1,1,SCRIPTED:OP11_ADAPTIVE_EXPLOITER,,1,3,1,2,109,0.6399999856948853,1,0,1,22,3,5,7,5,3,1,0,3,0,0,2,0,1,0,2,4,39.0,6.309723180368406,1.0,0.5,0.003474026918411255,0.04999999701976776,1.0,100.0,0.0,0.5569096207618713
110,35236-1785339351403096700,35236,18320,0,1145,,OP3,FIXED_OPPONENT,train,map_b_split_lane,-1,0,SCRIPTED:OP11_ADAPTIVE_EXPLOITER,,1,3,1,2,116,0.7199999690055847,1,0,11,32,1,9,7,3,1,1,0,3,0,4,3,0,1,0,2,2,37.0,6.494585760708513,1.0,0.5,-0.0066971927881240845,0.0,1.0,100.0,0.0,0.5543098449707031
111,35236-1785339351403096700,35236,18368,0,1148,,OP3,FIXED_OPPONENT,train,map_b_split_lane,-1,1,SCRIPTED:OP11_ADAPTIVE_EXPLOITER,,1,3,1,2,170,0.7199999690055847,1,0,9,77,3,15,1,13,2,6,0,3,0,4,0,2,1,0,0,8,44.0,5.857953598920036,1.0,0.5,0.006061971187591553,0.04999999701976776,1.0,100.0,0.0,0.5570211410522461
112,35236-1785339351403096700,35236,18368,0,1148,,OP3,FIXED_OPPONENT,train,map_b_split_lane,-1,0,SCRIPTED:OP11_ADAPTIVE_EXPLOITER,,1,3,0,3,96,0.5199999809265137,1,0,12,26,0,8,0,6,0,4,0,3,0,0,0,0,0,0,0,4,39.0,5.784875869750977,1.0,0.5,0.00636155903339386,0.029999999329447746,1.0,100.0,0.0,0.5561713576316833
113,35236-1785339351403096700,35236,18384,0,1149,,OP3,FIXED_OPPONENT,train,map_b_split_lane,-1,0,SCRIPTED:OP11_ADAPTIVE_EXPLOITER,,1,3,1,2,111,0.47999998927116394,0,1,7,40,0,10,2,6,0,3,0,3,0,4,1,0,1,0,0,4,40.0,6.036940016188063,1.0,0.5,-0.01159273087978363,0.02499999850988388,1.0,100.0,0.0,0.5551796555519104
114,35236-1785339351403096700,35236,18432,0,1152,,OP3,FIXED_OPPONENT,train,map_b_split_lane,-1,0,SCRIPTED:OP11_ADAPTIVE_EXPLOITER,,1,3,1,2,99,0.6800000071525574,0,1,5,32,1,10,1,7,1,1,0,3,0,6,0,2,1,0,0,3,37.0,7.1999000009864265,1.0,0.5,-0.004236012697219849,0.02499999850988388,1.0,100.0,-0.20000000298023224,0.5199693441390991
115,35236-1785339351403096700,35236,18512,0,1157,,OP3,FIXED_OPPONENT,train,map_b_split_lane,-1,0,SCRIPTED:OP11_ADAPTIVE_EXPLOITER,,1,3,1,2,106,0.7999999523162842,1,0,1,43,2,10,1,8,1,1,0,3,1,4,0,2,1,0,0,4,37.0,6.327235959610849,1.0,0.5,-0.007299989461898804,0.0,1.0,100.0,-0.20000000298023224,0.5186883211135864
116,35236-1785339351403096700,35236,18544,0,1159,,OP3,FIXED_OPPONENT,train,map_b_split_lane,-1,0,SCRIPTED:OP11_ADAPTIVE_EXPLOITER,,1,3,1,2,193,0.7999999523162842,0,1,14,96,1,23,1,15,1,3,0,3,0,14,0,4,1,2,0,3,35.0,4.370260129938472,1.0,0.5,-0.005274653434753418,0.04999999701976776,1.0,100.0,-0.20000000298023224,0.52106112241745
117,35236-1785339351403096700,35236,18736,0,1171,,OP3,FIXED_OPPONENT,train,map_b_split_lane,-1,0,SCRIPTED:OP11_ADAPTIVE_EXPLOITER,,1,3,1,2,159,0.5999999642372131,1,0,1,49,0,13,1,15,0,5,0,3,0,2,0,2,1,0,0,9,37.0,5.671341422218947,1.0,0.5,-0.02432882785797119,0.02499999850988388,1.0,100.0,0.0,0.5546287894248962
118,35236-1785339351403096700,35236,19344,0,1209,,OP3,FIXED_OPPONENT,train,map_b_split_lane,-1,1,SCRIPTED:OP11_ADAPTIVE_EXPLOITER,,1,3,2,1,193,0.8399999737739563,0,2,3,61,13,9,9,4,5,3,1,2,2,2,3,0,1,1,4,2,38.0,5.9983890513682,1.0,0.5,0.0015899837017059326,0.0,1.0,100.0,0.0,0.5546685457229614
119,35236-1785339351403096700,35236,19376,0,1211,,OP3,FIXED_OPPONENT,train,map_b_split_lane,-1,0,SCRIPTED:OP11_ADAPTIVE_EXPLOITER,,1,3,0,3,188,0.7599999904632568,1,0,6,79,5,12,3,6,5,4,0,3,0,0,0,0,0,0,1,5,107.0,4.86962436107879,1.0,0.5,-0.010501712560653687,0.0,1.0,100.0,0.0,0.554145097732544
120,35236-1785339351403096700,35236,19856,0,1241,,OP3,FIXED_OPPONENT,train,map_b_split_lane,-1,0,SCRIPTED:OP11_ADAPTIVE_EXPLOITER,,1,3,2,1,124,0.6800000071525574,0,1,2,36,0,8,4,10,0,2,0,3,0,2,0,2,3,0,0,5,39.0,6.19617683656754,1.0,0.5,-0.01030227541923523,0.04999999701976776,1.0,100.0,0.0,0.5563153028488159
121,35236-1785339351403096700,35236,19904,0,1244,,OP3,FIXED_OPPONENT,train,map_b_split_lane,-1,0,SCRIPTED:OP11_ADAPTIVE_EXPLOITER,,1,3,2,1,99,0.5199999809265137,1,0,2,43,0,11,2,9,0,3,0,3,0,4,0,2,2,0,0,5,32.0,6.341377643623737,1.0,0.5,-0.012389048933982849,0.0,1.0,100.0,0.0,0.5540633201599121
122,35236-1785339351403096700,35236,19904,0,1244,,OP3,FIXED_OPPONENT,train,map_b_split_lane,-1,1,SCRIPTED:OP11_ADAPTIVE_EXPLOITER,,1,3,2,1,96,0.7199999690055847,1,0,3,50,2,10,5,4,2,0,0,3,0,6,2,1,2,0,1,2,35.0,6.57856814066569,1.0,0.5,-0.007792547345161438,0.0,1.0,100.0,0.0,0.5542623996734619
123,35236-1785339351403096700,35236,20256,0,1266,,OP3,FIXED_OPPONENT,train,map_b_split_lane,-1,0,SCRIPTED:OP11_ADAPTIVE_EXPLOITER,,1,3,1,2,130,0.6399999856948853,1,0,6,32,0,12,1,9,0,4,0,3,0,3,0,2,1,0,0,5,42.0,5.636343149038462,1.0,1.0,-0.01653514802455902,0.04999999701976776,2.0,200.0,0.0,0.7624711394309998
124,35236-1785339351403096700,35236,20272,0,1267,,OP3,FIXED_OPPONENT,train,map_b_split_lane,-1,0,SCRIPTED:OP11_ADAPTIVE_EXPLOITER,,1,3,2,1,168,0.7599999904632568,0,1,13,41,1,19,3,6,0,7,0,3,1,3,1,1,2,0,0,3,40.0,6.719268072219122,1.0,0.5,-0.0012711882591247559,0.02499999850988388,1.0,100.0,0.0,0.5556257963180542
125,35236-1785339351403096700,35236,20288,0,1268,,OP3,FIXED_OPPONENT,train,map_b_split_lane,-1,0,SCRIPTED:OP11_ADAPTIVE_EXPLOITER,,1,3,2,1,232,0.7999999523162842,1,0,8,63,9,13,4,14,3,3,0,3,4,3,0,5,3,0,0,5,32.0,6.260858996161099,1.0,0.5,0.00339508056640625,0.04999999701976776,1.0,100.0,-0.20000000298023224,0.5214557647705078
126,35236-1785339351403096700,35236,20528,0,1283,,OP3,FIXED_OPPONENT,train,map_b_split_lane,-1,1,SCRIPTED:OP11_ADAPTIVE_EXPLOITER,,1,3,1,2,124,0.7199999690055847,1,0,3,23,5,7,9,2,1,3,1,2,3,0,1,1,0,1,6,0,32.0,7.0565554711126515,1.0,0.5,-0.00342540442943573,0.04999999701976776,1.0,100.0,-0.20000000298023224,0.5211453437805176
127,35236-1785339351403096700,35236,20656,0,1291,,OP3,FIXED_OPPONENT,train,map_b_split_lane,-1,1,SCRIPTED:OP11_ADAPTIVE_EXPLOITER,,1,3,2,1,143,0.7999999523162842,1,0,8,58,1,13,6,8,0,4,0,3,1,4,2,1,2,0,1,4,51.0,5.515489271470717,1.0,0.5,-0.0027695894241333008,0.0,1.0,100.0,0.0,0.5544798374176025
128,35236-1785339351403096700,35236,20768,0,1298,,OP3,FIXED_OPPONENT,train,map_b_split_lane,-1,1,SCRIPTED:OP11_ADAPTIVE_EXPLOITER,,1,3,1,2,141,0.6800000071525574,1,0,6,41,3,10,5,3,3,2,0,3,0,4,1,0,1,0,2,3,40.0,6.53809805795656,1.0,0.5,-0.008680015802383423,0.0,1.0,100.0,0.0,0.5542240142822266
129,35236-1785339351403096700,35236,20896,0,1306,,OP3,FIXED_OPPONENT,train,map_b_split_lane,-1,1,SCRIPTED:OP11_ADAPTIVE_EXPLOITER,,1,3,0,3,135,0.6399999856948853,0,2,5,42,4,6,2,6,2,3,2,1,0,0,0,3,0,0,1,1,76.0,5.566640896267361,1.0,0.5,0.0013041496276855469,0.04999999701976776,1.0,100.0,0.0,0.5568159818649292
130,35236-1785339351403096700,35236,21248,0,1328,,OP3,FIXED_OPPONENT,train,map_b_split_lane,-1,1,SCRIPTED:OP11_ADAPTIVE_EXPLOITER,,1,3,1,2,117,0.6800000071525574,1,0,8,14,2,6,7,5,2,0,0,3,0,3,2,0,1,0,1,4,50.0,6.16206555488782,1.0,0.5,0.001776963472366333,0.0,1.0,100.0,0.0,0.5546766519546509
131,35236-1785339351403096700,35236,21344,0,1334,,OP3,FIXED_OPPONENT,train,map_b_split_lane,-1,1,SCRIPTED:OP11_ADAPTIVE_EXPLOITER,,1,3,2,1,185,0.7999999523162842,1,0,12,72,5,15,8,7,2,3,1,2,1,8,2,1,1,1,3,3,37.0,6.098244826858108,1.0,0.4000000059604645,-0.009280562400817871,0.02499999850988388,1.0,100.0,-0.20000000298023224,0.5012561678886414
132,35236-1785339351403096700,35236,21360,0,1335,,OP3,FIXED_OPPONENT,train,map_b_split_lane,-1,1,SCRIPTED:OP11_ADAPTIVE_EXPLOITER,,1,3,1,2,228,0.8399999737739563,1,0,11,61,6,14,7,6,2,5,2,2,1,3,3,1,1,0,3,2,38.0,6.769286038582785,1.0,0.5,-0.004425451159477234,0.0,1.0,100.0,-0.20000000298023224,0.5188196301460266
133,35236-1785339351403096700,35236,21376,0,1336,,OP3,FIXED_OPPONENT,train,map_b_split_lane,-1,0,SCRIPTED:OP11_ADAPTIVE_EXPLOITER,,1,2,1,1,240,0.6800000071525574,0,2,7,94,1,23,1,8,1,10,0,2,0,3,0,2,1,0,0,4,39.0,6.480228169759115,1.0,0.0,0.02574402093887329,0.0,0.0,0.0,0.0,0.24643054604530334
134,35236-1785339351403096700,35236,22192,0,1387,,OP3,FIXED_OPPONENT,train,map_b_split_lane,-1,1,SCRIPTED:OP11_ADAPTIVE_EXPLOITER,,1,3,0,3,178,0.7599999904632568,0,3,8,88,8,8,9,7,1,3,2,2,5,1,1,2,1,1,4,2,105.0,4.721997550364291,1.0,0.5,0.0005342364311218262,0.02499999850988388,1.0,100.0,0.0,0.5557037591934204
135,35236-1785339351403096700,35236,22272,0,1392,,OP3,FIXED_OPPONENT,train,map_b_split_lane,-1,0,SCRIPTED:OP11_ADAPTIVE_EXPLOITER,,1,3,1,2,240,0.7999999523162842,1,0,11,69,3,21,1,15,3,6,0,3,0,5,0,3,1,0,0,6,54.0,5.790207926432291,1.0,0.5,-0.0023976117372512817,0.02499999850988388,1.0,100.0,0.0,0.5555771589279175
136,35236-1785339351403096700,35236,22528,0,1408,,OP3,FIXED_OPPONENT,train,map_b_split_lane,-1,0,SCRIPTED:OP11_ADAPTIVE_EXPLOITER,,1,3,1,2,164,0.7199999690055847,0,2,4,60,1,19,3,9,1,7,0,3,0,3,1,1,1,0,0,5,34.0,5.977120004049161,1.0,0.5,-0.008171960711479187,0.04999999701976776,1.0,100.0,0.0,0.5564072728157043
137,35236-1785339351403096700,35236,22752,0,1422,,OP3,FIXED_OPPONENT,train,map_b_split_lane,-1,1,SCRIPTED:OP11_ADAPTIVE_EXPLOITER,,1,3,1,2,155,0.6399999856948853,1,0,6,30,7,9,7,1,4,3,2,1,0,1,2,0,0,1,3,0,35.0,6.932919606854838,1.0,0.5,0.0027728527784347534,0.0,1.0,100.0,0.0,0.5547197461128235
138,35236-1785339351403096700,35236,22928,0,1433,,OP3,FIXED_OPPONENT,train,map_b_split_lane,-1,0,SCRIPTED:OP11_ADAPTIVE_EXPLOITER,,1,3,0,3,189,0.9199999570846558,1,0,2,98,2,20,2,19,1,1,0,3,1,15,1,2,0,5,0,3,36.0,4.170382060701885,1.0,0.5,-0.007133662700653076,0.03500000014901161,1.0,100.0,0.0,0.5558044910430908
139,35236-1785339351403096700,35236,22976,0,1436,,OP3,FIXED_OPPONENT,train,map_b_split_lane,-1,0,SCRIPTED:OP11_ADAPTIVE_EXPLOITER,,1,3,1,2,102,0.7599999904632568,0,1,6,40,4,4,3,8,3,0,0,3,0,1,0,1,2,0,0,4,45.0,6.785649916704963,1.0,0.5,-0.008613668382167816,0.04999999701976776,1.0,100.0,0.0,0.5563881397247314
140,35236-1785339351403096700,35236,22992,0,1437,,OP3,FIXED_OPPONENT,train,map_b_split_lane,-1,1,SCRIPTED:OP11_ADAPTIVE_EXPLOITER,,1,3,1,2,131,0.7199999690055847,0,1,9,34,2,14,5,5,1,3,0,4,1,6,2,1,1,0,2,3,42.0,6.828027623300334,1.0,0.5,-0.005563199520111084,0.02499999850988388,1.0,100.0,0.0,0.5554403066635132
141,35236-1785339351403096700,35236,22992,0,1437,,OP3,FIXED_OPPONENT,train,map_b_split_lane,-1,1,SCRIPTED:OP11_ADAPTIVE_EXPLOITER,,1,3,1,2,102,0.6399999856948853,1,0,9,17,3,6,1,10,1,1,1,2,1,3,0,1,1,0,0,8,35.0,6.035432703354779,1.0,0.0,0.004827216267585754,0.0,0.0,0.0,-0.20000000298023224,0.1976652592420578
142,35236-1785339351403096700,35236,23056,0,1441,,OP3,FIXED_OPPONENT,train,map_b_split_lane,-1,0,SCRIPTED:OP11_ADAPTIVE_EXPLOITER,,1,3,1,2,150,0.9199999570846558,1,0,0,49,2,12,3,9,1,5,0,3,0,2,0,2,1,0,2,3,38.0,6.314791259765625,1.0,0.5,-0.0038485676050186157,0.0,1.0,100.0,0.0,0.5544331073760986
143,35236-1785339351403096700,35236,23136,0,1446,,OP3,FIXED_OPPONENT,train,map_b_split_lane,-1,1,SCRIPTED:OP11_ADAPTIVE_EXPLOITER,,1,3,1,2,148,0.7599999904632568,1,0,12,61,5,6,8,6,2,2,1,3,2,0,1,0,1,1,4,3,38.0,6.218438638223184,1.0,0.5,-0.003718659281730652,0.02499999850988388,1.0,100.0,-0.20000000298023224,0.5199928879737854
144,35236-1785339351403096700,35236,23408,0,1463,,OP3,FIXED_OPPONENT,train,map_b_split_lane,-1,0,SCRIPTED:OP11_ADAPTIVE_EXPLOITER,,1,3,0,3,222,0.7999999523162842,1,0,21,60,6,14,5,5,5,5,0,3,0,0,2,1,0,0,0,3,91.0,5.92967870213964,1.0,0.5,-0.002368047833442688,0.04999999701976776,1.0,100.0,0.0,0.5566576719284058
145,35236-1785339351403096700,35236,23616,0,1476,,OP3,FIXED_OPPONENT,train,map_b_split_lane,-1,1,SCRIPTED:OP11_ADAPTIVE_EXPLOITER,,1,3,2,1,148,0.7199999690055847,1,0,2,66,3,15,1,16,0,4,0,3,3,4,0,6,1,1,0,4,79.0,6.013667751002956,1.0,0.5,0.005510255694389343,0.04999999701976776,1.0,100.0,0.0,0.5569972991943359
146,35236-1785339351403096700,35236,23888,0,1493,,OP3,FIXED_OPPONENT,train,map_b_split_lane,-1,1,SCRIPTED:OP11_ADAPTIVE_EXPLOITER,,1,3,1,2,157,0.7199999690055847,1,0,5,57,3,13,12,8,2,3,0,3,0,4,2,2,1,0,6,4,36.0,6.340915947203424,1.0,0.5,-0.011393114924430847,0.04999999701976776,1.0,100.0,-0.20000000298023224,0.520782470703125
147,35236-1785339351403096700,35236,23888,0,1493,,OP3,FIXED_OPPONENT,train,map_b_split_lane,-1,0,SCRIPTED:OP11_ADAPTIVE_EXPLOITER,,1,3,0,3,210,0.6399999856948853,1,0,4,59,0,22,7,9,0,11,0,3,0,0,4,0,0,0,0,5,41.0,6.798822312127976,1.0,0.5,-0.008724033832550049,0.04999999701976776,1.0,100.0,0.0,0.5563834309577942
148,35236-1785339351403096700,35236,24096,0,1506,,OP3,FIXED_OPPONENT,train,map_b_split_lane,-1,1,SCRIPTED:OP11_ADAPTIVE_EXPLOITER,,1,2,1,1,240,0.7599999904632568,1,0,10,55,12,12,9,8,3,4,2,2,5,2,3,1,0,2,3,3,42.0,6.498740641276042,1.0,0.0,0.032422661781311035,0.04500000178813934,0.0,0.0,0.0,0.24946188926696777
149,35236-1785339351403096700,35236,24128,0,1508,,OP3,FIXED_OPPONENT,train,map_b_split_lane,-1,1,SCRIPTED:OP11_ADAPTIVE_EXPLOITER,,1,1,0,1,240,0.8799999952316284,1,0,8,59,10,15,2,4,6,7,1,1,0,0,0,2,0,0,2,0,181.0,6.452462768554687,1.0,0.0,0.015423014760017395,0.02499999850988388,0.0,0.0,-0.4000000059604645,0.15135453641414642
150,35236-1785339351403096700,35236,24192,0,1512,,OP3,FIXED_OPPONENT,train,map_b_split_lane,-1,1,SCRIPTED:OP11_ADAPTIVE_EXPLOITER,,1,3,0,3,125,0.7599999904632568,1,0,2,53,9,5,7,11,3,1,0,3,4,1,1,2,1,0,1,7,35.0,5.365919921875,1.0,0.5,-0.003982469439506531,0.0,1.0,100.0,-0.20000000298023224,0.5188398957252502
151,35236-1785339351403096700,35236,24368,0,1523,,OP3,FIXED_OPPONENT,train,map_b_split_lane,-1,0,SCRIPTED:OP11_ADAPTIVE_EXPLOITER,,1,3,1,2,115,0.7599999904632568,0,1,8,29,2,11,5,5,2,2,0,3,0,5,2,0,1,0,2,3,33.0,6.044439962635869,1.0,0.5,-0.02599368989467621,0.02499999850988388,1.0,100.0,-0.20000000298023224,0.5189763903617859
152,35236-1785339351403096700,35236,24384,0,1524,,OP3,FIXED_OPPONENT,train,map_b_split_lane,-1,0,SCRIPTED:OP11_ADAPTIVE_EXPLOITER,,1,3,1,2,102,0.6800000071525574,1,0,10,39,1,12,2,5,1,2,0,3,0,6,0,0,2,0,0,4,39.0,6.2706627939261645,1.0,0.5,-0.030456319451332092,0.014999999664723873,1.0,100.0,0.0,0.5539305210113525
153,35236-1785339351403096700,35236,24752,0,1547,,OP3,FIXED_OPPONENT,train,map_b_split_lane,-1,0,SCRIPTED:OP11_ADAPTIVE_EXPLOITER,,1,3,2,1,111,0.5999999642372131,1,0,6,40,1,13,8,5,1,2,0,3,0,8,2,0,3,0,2,3,32.0,6.615391636753942,1.0,0.5,-0.008053243160247803,0.0,1.0,100.0,0.0,0.5542511940002441
154,35236-1785339351403096700,35236,25024,0,1564,,OP3,FIXED_OPPONENT,train,map_b_split_lane,-1,0,SCRIPTED:OP11_ADAPTIVE_EXPLOITER,,1,3,1,2,118,0.6800000071525574,0,1,9,18,1,10,4,4,0,3,0,4,1,2,1,0,1,1,1,2,31.0,7.8051700915320446,1.0,0.5,-0.0030881166458129883,0.02499999850988388,1.0,100.0,0.0,0.5555472373962402
155,35236-1785339351403096700,35236,25264,0,1579,,OP3,FIXED_OPPONENT,train,map_b_split_lane,-1,1,SCRIPTED:OP11_ADAPTIVE_EXPLOITER,,1,3,2,1,138,0.6800000071525574,1,0,9,19,15,3,5,4,2,0,4,0,8,3,2,0,0,2,1,2,34.0,6.794468976449275,1.0,0.5,-0.009373396635055542,0.0,1.0,100.0,0.0,0.5541939735412598
156,35236-1785339351403096700,35236,25424,0,1589,,OP3,FIXED_OPPONENT,train,map_b_split_lane,-1,1,SCRIPTED:OP11_ADAPTIVE_EXPLOITER,,1,3,1,2,152,0.6800000071525574,1,0,4,37,7,7,3,7,1,1,1,2,4,3,1,2,1,1,0,2,46.0,6.01083695261102,1.0,0.5,-0.020712584257125854,0.04999999701976776,1.0,100.0,0.0,0.5558658838272095
157,35236-1785339351403096700,35236,25520,0,1595,,OP3,FIXED_OPPONENT,train,map_b_split_lane,-1,1,SCRIPTED:OP11_ADAPTIVE_EXPLOITER,,1,3,1,2,102,0.6800000071525574,0,1,1,29,5,3,3,5,3,1,2,1,0,0,0,1,0,1,2,2,42.0,5.931616091260723,1.0,0.5,-0.009697690606117249,0.04999999701976776,1.0,100.0,-0.20000000298023224,0.5208597183227539
158,35236-1785339351403096700,35236,25648,0,1603,,OP3,FIXED_OPPONENT,train,map_b_split_lane,-1,0,SCRIPTED:OP11_ADAPTIVE_EXPLOITER,,1,3,1,2,97,0.5999999642372131,1,0,3,49,1,11,1,8,0,2,0,3,1,6,0,2,1,0,0,3,30.0,5.920217612355025,1.0,0.0,0.008636325597763062,0.0,0.0,0.0,-0.20000000298023224,0.19789400696754456
159,35236-1785339351403096700,35236,25792,0,1612,,OP3,FIXED_OPPONENT,train,map_b_split_lane,-1,0,SCRIPTED:OP11_ADAPTIVE_EXPLOITER,,1,3,1,2,100,0.5999999642372131,0,1,3,67,0,10,2,6,0,3,0,3,0,2,0,1,1,0,0,4,35.0,5.8310205078125,1.0,0.5,-0.007821321487426758,0.0,1.0,100.0,-0.20000000298023224,0.518664538860321
160,35236-1785339351403096700,35236,25808,0,1613,,OP3,FIXED_OPPONENT,train,map_b_split_lane,-1,0,SCRIPTED:OP11_ADAPTIVE_EXPLOITER,,1,3,2,1,176,0.7999999523162842,0,2,6,50,3,17,2,7,0,5,0,3,3,4,0,1,2,0,0,4,36.0,6.267182090065696,1.0,0.5,-0.007397055625915527,0.0,1.0,100.0,0.0,0.5542795658111572
161,35236-1785339351403096700,35236,26032,0,1627,,OP3,FIXED_OPPONENT,train,map_b_split_lane,-1,1,SCRIPTED:OP11_ADAPTIVE_EXPLOITER,,1,3,1,2,151,0.7599999904632568,1,0,3,61,12,4,5,6,4,2,2,1,4,0,0,1,0,1,3,3,36.0,5.739978916597682,1.0,0.5,-0.01033860445022583,0.0,1.0,100.0,-0.20000000298023224,0.5185495018959045
162,35236-1785339351403096700,35236,26112,0,1632,,OP3,FIXED_OPPONENT,train,map_b_split_lane,-1,1,SCRIPTED:OP11_ADAPTIVE_EXPLOITER,,1,2,1,1,240,0.8799999952316284,1,0,7,58,8,18,7,5,2,10,1,1,2,0,2,0,0,1,3,2,124.0,5.66976064046224,1.0,0.0,0.004727810621261597,0.0,0.0,0.0,-0.20000000298023224,0.19765928387641907
163,35236-1785339351403096700,35236,26320,0,1645,,OP3,FIXED_OPPONENT,train,map_b_split_lane,-1,1,SCRIPTED:OP11_ADAPTIVE_EXPLOITER,,1,3,0,3,122,0.7599999904632568,1,0,10,54,5,9,2,8,2,2,1,2,1,4,0,2,1,1,0,4,46.0,5.618676357581967,1.0,0.5,0.008142143487930298,0.03999999910593033,1.0,100.0,0.0,0.5566796064376831
164,35236-1785339351403096700,35236,26400,0,1650,,OP3,FIXED_OPPONENT,train,map_b_split_lane,-1,0,SCRIPTED:OP11_ADAPTIVE_EXPLOITER,,1,3,2,1,126,0.5999999642372131,1,0,3,42,3,11,1,13,2,2,0,3,0,4,0,4,1,1,0,4,49.0,6.253240676153274,1.0,0.5,-0.005787909030914307,0.0,1.0,100.0,-0.20000000298023224,0.5187574625015259
165,35236-1785339351403096700,35236,26576,0,1661,,OP3,FIXED_OPPONENT,train,map_b_split_lane,-1,1,SCRIPTED:OP11_ADAPTIVE_EXPLOITER,,1,3,1,2,114,0.7199999690055847,0,1,0,39,8,6,5,7,3,2,1,2,2,1,1,1,1,0,2,4,38.0,5.216724596525493,1.0,0.5,-0.008201733231544495,0.0,1.0,100.0,0.0,0.5542447566986084
166,35236-1785339351403096700,35236,26640,0,1665,,OP3,FIXED_OPPONENT,train,map_b_split_lane,-1,1,SCRIPTED:OP11_ADAPTIVE_EXPLOITER,,1,3,1,2,232,0.7599999904632568,0,1,8,74,8,11,6,6,5,4,1,2,0,1,0,1,1,0,2,4,73.0,5.665330557987608,1.0,0.5,-0.012037217617034912,0.02499999850988388,1.0,100.0,0.0,0.5551604628562927
167,35236-1785339351403096700,35236,26912,0,1682,,OP3,FIXED_OPPONENT,train,map_b_split_lane,-1,0,SCRIPTED:OP11_ADAPTIVE_EXPLOITER,,1,3,1,2,174,0.7999999523162842,1,0,4,87,1,17,1,15,1,1,0,3,0,11,0,3,0,3,0,4,33.0,4.070420188465338,1.0,0.5,-0.007125034928321838,0.0,1.0,100.0,-0.20000000298023224,0.5186963677406311
168,35236-1785339351403096700,35236,27008,0,1688,,OP3,FIXED_OPPONENT,train,map_b_split_lane,-1,1,SCRIPTED:OP11_ADAPTIVE_EXPLOITER,,1,3,2,1,195,0.7199999690055847,1,0,5,58,9,9,19,3,4,3,1,2,1,2,6,0,1,1,7,2,36.0,6.534051983173077,1.0,0.5,-0.007200747728347778,0.0,1.0,100.0,-0.20000000298023224,0.5186929106712341
169,35236-1785339351403096700,35236,27024,0,1689,,OP3,FIXED_OPPONENT,train,map_b_split_lane,-1,0,SCRIPTED:OP11_ADAPTIVE_EXPLOITER,,1,3,1,2,86,0.6800000071525574,1,0,3,23,1,7,1,5,1,3,0,3,0,0,0,0,1,0,0,4,30.0,6.0411497604015265,1.0,0.5,-0.018795132637023926,0.02499999850988388,1.0,100.0,0.0,0.554868221282959
170,35236-1785339351403096700,35236,27168,0,1698,,OP3,FIXED_OPPONENT,train,map_b_split_lane,-1,0,SCRIPTED:OP11_ADAPTIVE_EXPLOITER,,1,3,2,1,109,0.7599999904632568,1,0,7,55,1,10,4,8,1,2,0,3,0,4,1,2,2,0,0,5,46.0,6.91842231400516,1.0,0.5,-0.0009415745735168457,0.0,1.0,100.0,0.0,0.5545589923858643
171,35236-1785339351403096700,35236,27168,0,1698,,OP3,FIXED_OPPONENT,train,map_b_split_lane,-1,0,SCRIPTED:OP11_ADAPTIVE_EXPLOITER,,1,3,1,2,119,0.7599999904632568,1,0,4,71,1,11,2,6,0,4,0,3,0,2,1,0,1,0,0,4,33.0,6.02505108488708,1.0,0.5,-0.009104594588279724,0.0,1.0,100.0,0.0,0.554205596446991
172,35236-1785339351403096700,35236,27200,0,1700,,OP3,FIXED_OPPONENT,train,map_b_split_lane,-1,0,SCRIPTED:OP11_ADAPTIVE_EXPLOITER,,0,2,3,-1,237,0.8399999737739563,0,1,20,52,4,14,8,4,1,2,0,4,1,6,2,0,2,1,3,2,42.0,6.718915850804325,-1.0,-0.5,0.005808413028717041,0.019999999552965164,-1.0,-100.0,0.0,-0.5534818172454834
173,35236-1785339351403096700,35236,27344,0,1709,,OP3,FIXED_OPPONENT,train,map_b_split_lane,-1,0,SCRIPTED:OP11_ADAPTIVE_EXPLOITER,,1,3,1,2,96,0.5600000023841858,1,0,3,28,0,8,3,7,0,3,0,3,0,2,1,0,1,0,0,5,35.0,6.279370625813802,1.0,0.5,0.010085448622703552,0.02499999850988388,1.0,100.0,0.0,0.5561162233352661
174,35236-1785339351403096700,35236,27344,0,1709,,OP3,FIXED_OPPONENT,train,map_b_split_lane,-1,0,SCRIPTED:OP11_ADAPTIVE_EXPLOITER,,1,3,1,2,97,0.6800000071525574,1,0,3,29,1,10,2,5,1,1,0,3,0,6,0,0,1,0,1,3,33.0,6.927014537693299,1.0,0.5,-0.001566186547279358,0.02499999850988388,1.0,100.0,0.0,0.5556130409240723
175,35236-1785339351403096700,35236,28048,0,1753,,OP3,FIXED_OPPONENT,train,map_b_split_lane,-1,0,SCRIPTED:OP11_ADAPTIVE_EXPLOITER,,1,3,1,2,189,0.6800000071525574,0,1,8,80,4,18,1,9,3,6,0,3,1,1,0,0,1,0,0,6,34.0,5.765016586061508,1.0,0.5,-0.006482064723968506,0.0,1.0,100.0,-0.20000000298023224,0.5187257528305054
176,35236-1785339351403096700,35236,28160,0,1760,,OP3,FIXED_OPPONENT,train,map_b_split_lane,-1,1,SCRIPTED:OP11_ADAPTIVE_EXPLOITER,,1,3,1,2,115,0.6399999856948853,0,1,7,43,1,15,2,11,0,2,1,2,0,11,1,1,1,0,0,7,35.0,6.449381687330163,1.0,0.5,-0.0032328367233276367,0.04999999701976776,1.0,100.0,0.0,0.5566203594207764
177,35236-1785339351403096700,35236,28176,0,1761,,OP3,FIXED_OPPONENT,train,map_b_split_lane,-1,1,SCRIPTED:OP11_ADAPTIVE_EXPLOITER,,1,3,1,2,166,0.6399999856948853,1,0,8,64,15,6,3,5,7,2,0,3,3,0,1,1,1,0,0,3,56.0,6.354543662932982,1.0,0.5,-0.012095004320144653,0.02499999850988388,1.0,100.0,-0.4000000059604645,0.48216909170150757
178,35236-1785339351403096700,35236,28464,0,1779,,OP3,FIXED_OPPONENT,train,map_b_split_lane,-1,0,SCRIPTED:OP11_ADAPTIVE_EXPLOITER,,1,3,1,2,114,0.7199999690055847,1,0,3,31,1,9,1,10,1,1,0,3,0,4,0,2,1,0,0,4,53.0,6.355735912657621,1.0,0.0,-0.00896020233631134,0.0,0.0,0.0,0.0,0.24439215660095215
179,35236-1785339351403096700,35236,28560,0,1785,,OP3,FIXED_OPPONENT,train,map_b_split_lane,-1,1,SCRIPTED:OP11_ADAPTIVE_EXPLOITER,,1,3,0,3,103,0.7599999904632568,0,1,2,44,3,7,3,5,2,3,1,2,0,0,1,0,0,0,1,3,39.0,5.580909506788531,1.0,0.5,-0.007690146565437317,0.0,1.0,100.0,0.0,0.5542668104171753
180,35236-1785339351403096700,35236,28784,0,1799,,OP3,FIXED_OPPONENT,train,map_b_split_lane,-1,0,SCRIPTED:OP11_ADAPTIVE_EXPLOITER,,1,3,1,2,90,0.7199999690055847,1,0,4,33,2,10,4,6,1,3,0,3,1,2,2,0,1,0,0,4,34.0,5.980648464626736,1.0,0.5,0.004206627607345581,0.04999999701976776,1.0,100.0,0.0,0.5569411516189575
181,35236-1785339351403096700,35236,28928,0,1808,,OP3,FIXED_OPPONENT,train,map_b_split_lane,-1,1,SCRIPTED:OP11_ADAPTIVE_EXPLOITER,,1,3,1,2,158,0.7199999690055847,0,2,2,35,4,12,6,6,1,3,1,2,2,3,1,0,1,1,2,3,35.0,6.530951777590981,1.0,0.5,0.005584225058555603,0.04999999701976776,1.0,100.0,0.0,0.5570005774497986
182,35236-1785339351403096700,35236,28928,0,1808,,OP3,FIXED_OPPONENT,train,map_b_split_lane,-1,0,SCRIPTED:OP11_ADAPTIVE_EXPLOITER,,1,3,1,2,110,0.7999999523162842,1,0,3,20,2,10,1,7,2,2,0,3,0,4,0,0,1,0,0,5,34.0,5.875749067826704,1.0,0.5,0.010241150856018066,0.04999999701976776,1.0,100.0,0.0,0.5572013854980469
183,35236-1785339351403096700,35236,28928,0,1808,,OP3,FIXED_OPPONENT,train,map_b_split_lane,-1,1,SCRIPTED:OP11_ADAPTIVE_EXPLOITER,,1,3,2,1,176,0.8399999737739563,1,0,4,50,10,6,6,10,4,1,2,1,3,1,1,2,1,1,3,4,33.0,6.9864723899147725,1.0,0.5,-0.007368355989456177,0.0,1.0,100.0,-0.20000000298023224,0.5186852216720581
184,35236-1785339351403096700,35236,28944,0,1809,,OP3,FIXED_OPPONENT,train,map_b_split_lane,-1,0,SCRIPTED:OP11_ADAPTIVE_EXPLOITER,,1,3,1,2,109,0.6399999856948853,1,0,1,38,1,9,4,6,1,3,0,3,0,2,2,0,1,0,0,4,37.0,5.8732809364248855,1.0,0.5,-0.008764103055000305,0.02499999850988388,1.0,100.0,0.0,0.5553019046783447
185,35236-1785339351403096700,35236,28960,0,1810,,OP3,FIXED_OPPONENT,train,map_b_split_lane,-1,1,SCRIPTED:OP11_ADAPTIVE_EXPLOITER,,1,3,1,2,149,0.7199999690055847,0,1,3,52,1,9,3,9,1,4,0,4,0,0,0,0,1,0,0,8,33.0,6.265313679739933,1.0,0.5,0.0016122758388519287,0.0,1.0,100.0,0.0,0.5546694993972778
186,35236-1785339351403096700,35236,29008,0,1813,,OP3,FIXED_OPPONENT,train,map_b_split_lane,-1,0,SCRIPTED:OP11_ADAPTIVE_EXPLOITER,,1,3,1,2,125,0.7999999523162842,1,0,6,46,1,9,1,7,1,3,0,3,0,2,0,0,1,0,0,5,44.0,5.62154833984375,1.0,0.5,-0.010453850030899048,0.04999999701976776,1.0,100.0,-0.20000000298023224,0.5208252668380737
187,35236-1785339351403096700,35236,29248,0,1828,,OP3,FIXED_OPPONENT,train,map_b_split_lane,-1,1,SCRIPTED:OP11_ADAPTIVE_EXPLOITER,,1,3,1,2,201,0.7599999904632568,1,0,6,70,11,12,1,7,4,6,2,1,4,0,0,2,0,1,1,2,147.0,6.01979786127954,1.0,0.5,-0.002745881676673889,0.02499999850988388,1.0,100.0,0.0,0.5555620193481445
188,35236-1785339351403096700,35236,29312,0,1832,,OP3,FIXED_OPPONENT,train,map_b_split_lane,-1,0,SCRIPTED:OP11_ADAPTIVE_EXPLOITER,,1,3,0,3,123,0.7199999690055847,1,0,7,80,1,13,0,10,1,4,0,3,0,4,0,2,0,2,0,2,34.0,4.336680342511433,1.0,0.5,-0.00939883291721344,0.0,1.0,100.0,-0.20000000298023224,0.5185924768447876
189,35236-1785339351403096700,35236,29872,0,1867,,OP3,FIXED_OPPONENT,train,map_b_split_lane,-1,1,SCRIPTED:OP11_ADAPTIVE_EXPLOITER,,1,3,1,2,106,0.6399999856948853,1,0,2,35,1,8,2,5,0,2,1,2,0,4,0,1,0,1,1,2,37.0,6.50442159400796,1.0,0.5,-0.0097169429063797,0.0,1.0,100.0,0.0,0.5541790723800659
190,35236-1785339351403096700,35236,30032,0,1877,,OP3,FIXED_OPPONENT,train,map_b_split_lane,-1,0,SCRIPTED:OP11_ADAPTIVE_EXPLOITER,,0,2,3,-1,188,0.9199999570846558,1,0,8,44,5,13,9,4,1,2,0,3,2,6,4,0,2,1,1,2,74.0,7.080789768949468,-1.0,-0.5,0.013900592923164368,0.019999999552965164,-1.0,-100.0,-0.20000000298023224,-0.5868719816207886
191,35236-1785339351403096700,35236,30048,0,1878,,OP3,FIXED_OPPONENT,train,map_b_split_lane,-1,0,SCRIPTED:OP11_ADAPTIVE_EXPLOITER,,1,3,0,3,99,0.6399999856948853,1,0,4,21,2,7,6,3,2,0,0,3,0,4,1,0,1,0,3,2,36.0,7.191461736505682,1.0,0.5,-0.02382861077785492,0.014999999664723873,1.0,100.0,0.0,0.554217517375946
192,35236-1785339351403096700,35236,30192,0,1887,,OP3,FIXED_OPPONENT,train,map_b_split_lane,-1,1,SCRIPTED:OP11_ADAPTIVE_EXPLOITER,,1,3,0,3,127,0.7199999690055847,1,0,3,56,3,8,2,7,1,3,0,3,2,1,0,0,1,0,0,5,36.0,4.4897826187253935,1.0,0.5,-0.002946898341178894,0.0,1.0,100.0,0.0,0.5544722080230713
193,35236-1785339351403096700,35236,30272,0,1892,,OP3,FIXED_OPPONENT,train,map_b_split_lane,-1,0,SCRIPTED:OP11_ADAPTIVE_EXPLOITER,,1,3,1,2,139,0.7999999523162842,1,0,10,25,2,10,1,11,1,4,0,3,0,1,0,2,1,0,0,6,33.0,6.323396751348921,1.0,0.5,-0.01261255145072937,0.04999999701976776,1.0,100.0,-0.20000000298023224,0.5207269191741943
194,35236-1785339351403096700,35236,30320,0,1895,,OP3,FIXED_OPPONENT,train,map_b_split_lane,-1,1,SCRIPTED:OP11_ADAPTIVE_EXPLOITER,,1,3,1,2,110,0.7199999690055847,0,1,3,28,3,5,8,1,2,0,1,2,0,3,1,0,1,0,5,1,44.0,6.693975275213068,1.0,0.0,-0.006797954440116882,0.0,0.0,0.0,0.0,0.2445192188024521
195,35236-1785339351403096700,35236,30480,0,1905,,OP3,FIXED_OPPONENT,train,map_b_split_lane,-1,0,SCRIPTED:OP11_ADAPTIVE_EXPLOITER,,1,3,1,2,97,0.7599999904632568,0,1,3,33,1,8,1,10,1,1,0,3,0,3,1,0,0,2,0,6,46.0,5.36187366603576,1.0,0.5,-0.0005114078521728516,0.02499999850988388,1.0,100.0,0.0,0.5556585788726807
196,35236-1785339351403096700,35236,30768,0,1923,,OP3,FIXED_OPPONENT,train,map_b_split_lane,-1,0,SCRIPTED:OP11_ADAPTIVE_EXPLOITER,,1,3,2,1,113,0.5600000023841858,1,0,5,17,0,9,2,7,0,2,0,3,0,4,0,1,2,0,0,5,33.0,6.806529897504149,1.0,0.5,-0.004707038402557373,0.0,1.0,100.0,0.0,0.5543959736824036
197,35236-1785339351403096700,35236,30784,0,1924,,OP3,FIXED_OPPONENT,train,map_b_split_lane,-1,0,SCRIPTED:OP11_ADAPTIVE_EXPLOITER,,1,3,1,2,116,0.6800000071525574,1,0,3,31,1,9,2,10,1,3,0,3,0,1,1,0,1,0,0,9,40.0,5.984420250202048,1.0,0.5,-0.01172494888305664,0.02499999850988388,1.0,100.0,-0.20000000298023224,0.5196276903152466
198,35236-1785339351403096700,35236,31008,0,1938,,OP3,FIXED_OPPONENT,train,map_b_split_lane,-1,0,SCRIPTED:OP11_ADAPTIVE_EXPLOITER,,1,2,0,2,240,0.7999999523162842,0,1,21,84,3,24,3,16,0,5,0,2,3,13,0,4,1,3,0,3,82.0,4.666827392578125,1.0,0.0,0.009182482957839966,0.02499999850988388,0.0,0.0,-0.20000000298023224,0.19942763447761536
199,35236-1785339351403096700,35236,31184,0,1949,,OP3,FIXED_OPPONENT,train,map_b_split_lane,-1,0,SCRIPTED:OP11_ADAPTIVE_EXPLOITER,,1,3,0,3,150,0.8399999737739563,1,0,1,83,3,13,2,12,1,1,0,3,2,8,0,2,1,1,0,5,36.0,4.256993408203125,1.0,0.5,-0.0030817538499832153,0.04999999701976776,1.0,100.0,-0.20000000298023224,0.5211609601974487
200,35236-1785339351403096700,35236,31440,0,1965,,OP3,FIXED_OPPONENT,train,map_b_split_lane,-1,0,SCRIPTED:OP11_ADAPTIVE_EXPLOITER,,1,3,1,2,133,0.7199999690055847,0,1,9,72,1,11,1,12,1,2,0,4,0,5,0,1,1,0,0,8,34.0,5.37559245403548,1.0,0.5,-0.0077946484088897705,0.0,1.0,100.0,0.0,0.5542622804641724
201,35236-1785339351403096700,35236,31568,0,1973,,OP3,FIXED_OPPONENT,train,map_b_split_lane,-1,0,SCRIPTED:OP11_ADAPTIVE_EXPLOITER,,1,3,2,1,106,0.6800000071525574,1,0,4,49,1,11,6,5,1,1,0,3,0,6,1,0,3,0,0,4,47.0,6.447254108932783,1.0,0.5,-0.008278995752334595,0.0,1.0,100.0,0.0,0.5542413592338562
202,35236-1785339351403096700,35236,32160,0,2010,,OP3,FIXED_OPPONENT,train,map_b_split_lane,-1,1,SCRIPTED:OP11_ADAPTIVE_EXPLOITER,,1,3,1,2,123,0.7599999904632568,1,0,3,21,8,6,6,4,1,2,2,1,4,1,0,1,1,1,3,1,40.0,5.434480496538364,1.0,0.5,-0.004177108407020569,0.0,1.0,100.0,-0.20000000298023224,0.5188310146331787
203,35236-1785339351403096700,35236,32528,0,2033,,OP3,FIXED_OPPONENT,train,map_b_split_lane,-1,0,SCRIPTED:OP11_ADAPTIVE_EXPLOITER,,1,3,1,2,95,0.6800000071525574,0,1,2,36,1,7,4,6,1,1,0,3,0,3,1,0,2,0,0,5,36.0,6.3105815686677635,1.0,0.5,-0.004886403679847717,0.02499999850988388,1.0,100.0,0.0,0.5554695129394531
204,35236-1785339351403096700,35236,32640,0,2040,,OP3,FIXED_OPPONENT,train,map_b_split_lane,-1,0,SCRIPTED:OP11_ADAPTIVE_EXPLOITER,,1,3,1,2,232,0.9199999570846558,0,1,4,64,7,18,2,10,5,6,0,3,0,2,0,2,1,0,0,5,165.0,6.354444306472252,1.0,0.5,0.00035631656646728516,0.0,1.0,100.0,0.0,0.5546151399612427
205,35236-1785339351403096700,35236,32784,1,1,,OP3,FIXED_OPPONENT,train,map_b_split_lane,-1,0,SCRIPTED:OP11_ADAPTIVE_EXPLOITER,,1,2,1,1,240,0.9199999570846558,0,1,7,63,9,14,1,14,5,4,0,3,1,2,0,4,1,0,0,6,43.0,6.3053136189778645,1.0,0.0,0.0063201189041137695,0.014999999664723873,0.0,0.0,0.0,0.24617083370685577
206,35236-1785339351403096700,35236,32848,1,5,,OP3,FIXED_OPPONENT,train,map_b_split_lane,-1,0,SCRIPTED:OP11_ADAPTIVE_EXPLOITER,,1,1,0,1,240,0.8799999952316284,1,0,11,71,7,21,0,5,5,9,0,1,0,0,0,1,0,0,0,2,232.0,6.030732218424479,1.0,0.0,-0.008724004030227661,0.029999999329447746,0.0,0.0,-0.20000000298023224,0.1986529380083084
207,35236-1785339351403096700,35236,32976,1,13,,OP3,FIXED_OPPONENT,train,map_b_split_lane,-1,0,SCRIPTED:OP11_ADAPTIVE_EXPLOITER,,1,3,1,2,184,0.7999999523162842,1,0,6,51,5,14,1,18,3,2,0,4,1,5,0,4,1,1,0,7,36.0,6.343212625254756,1.0,0.5,0.0008515864610671997,0.014999999664723873,1.0,100.0,-0.20000000298023224,0.5197452306747437
208,35236-1785339351403096700,35236,33088,1,20,,OP3,FIXED_OPPONENT,train,map_b_split_lane,-1,0,SCRIPTED:OP11_ADAPTIVE_EXPLOITER,,1,2,1,1,240,0.6800000071525574,1,0,1,77,4,23,1,15,2,10,0,2,1,2,0,4,1,0,0,4,37.0,5.860965474446615,1.0,0.0,-0.0012203603982925415,0.0,0.0,0.0,-0.4000000059604645,0.1488104611635208
209,35236-1785339351403096700,35236,33312,1,34,,OP3,FIXED_OPPONENT,train,map_b_split_lane,-1,0,SCRIPTED:OP11_ADAPTIVE_EXPLOITER,,1,3,0,3,159,0.7199999690055847,0,3,4,92,1,19,0,20,1,7,0,3,0,3,0,4,0,1,0,7,74.0,3.3865843958824686,1.0,0.5,-0.004545740783214569,0.04999999701976776,1.0,100.0,0.0,0.556563675403595
210,35236-1785339351403096700,35236,33440,1,42,,OP3,FIXED_OPPONENT,train,map_b_split_lane,-1,1,SCRIPTED:OP11_ADAPTIVE_EXPLOITER,,1,3,1,2,212,0.7599999904632568,1,0,9,65,7,17,0,21,4,6,1,3,1,3,0,4,0,1,0,8,36.0,5.821028799380896,1.0,0.5,-0.007049113512039185,0.03999999910593033,1.0,100.0,-0.20000000298023224,0.520524799823761
211,35236-1785339351403096700,35236,33552,1,49,,OP3,FIXED_OPPONENT,train,map_b_split_lane,-1,1,SCRIPTED:OP11_ADAPTIVE_EXPLOITER,,1,3,1,2,205,0.7999999523162842,0,1,11,77,10,10,6,10,6,2,1,3,0,2,1,2,1,0,2,4,49.0,6.075853301257622,1.0,0.5,0.01552458107471466,0.03999999910593033,1.0,100.0,0.0,0.5569980144500732
212,35236-1785339351403096700,35236,33584,1,51,,OP3,FIXED_OPPONENT,train,map_b_split_lane,-1,1,SCRIPTED:OP11_ADAPTIVE_EXPLOITER,,1,3,2,1,134,0.7599999904632568,1,0,4,25,5,9,2,4,1,3,0,3,3,2,0,2,2,0,0,2,40.0,7.798537524778451,1.0,0.5,0.010029345750808716,0.02499999850988388,1.0,100.0,-0.20000000298023224,0.5206195116043091
213,35236-1785339351403096700,35236,33600,1,52,,OP3,FIXED_OPPONENT,train,map_b_split_lane,-1,1,SCRIPTED:OP11_ADAPTIVE_EXPLOITER,,1,3,1,2,151,0.7999999523162842,1,0,7,41,4,15,6,6,2,4,2,1,0,6,1,0,0,1,3,4,38.0,6.796145811775662,1.0,0.5,-0.018833979964256287,0.02499999850988388,1.0,100.0,-0.20000000298023224,0.5193032622337341
214,35236-1785339351403096700,35236,33792,1,64,,OP3,FIXED_OPPONENT,train,map_b_split_lane,-1,0,SCRIPTED:OP11_ADAPTIVE_EXPLOITER,,1,3,1,2,188,0.5999999642372131,1,0,11,78,0,19,1,11,0,9,0,3,0,1,0,2,1,0,0,6,33.0,5.909496550864362,1.0,0.5,-0.001460045576095581,0.02499999850988388,1.0,100.0,0.0,0.55561763048172
215,35236-1785339351403096700,35236,34160,1,87,,OP3,FIXED_OPPONENT,train,map_b_split_lane,-1,1,SCRIPTED:OP11_ADAPTIVE_EXPLOITER,,1,2,1,1,240,0.7999999523162842,0,2,16,69,6,22,11,3,4,10,0,2,0,1,5,0,1,0,2,1,99.0,6.816547139485677,1.0,0.0,-0.0007986724376678467,0.0,0.0,0.0,-0.20000000298023224,0.1973273605108261
216,35236-1785339351403096700,35236,34288,1,95,,OP3,FIXED_OPPONENT,train,map_b_split_lane,-1,0,SCRIPTED:OP11_ADAPTIVE_EXPLOITER,,1,3,1,2,170,0.9199999570846558,0,1,5,48,2,15,1,13,1,6,0,3,1,2,0,3,1,0,0,5,43.0,6.315451947380515,1.0,0.5,-0.0018800199031829834,0.0,1.0,100.0,-0.20000000298023224,0.5189359188079834
217,35236-1785339351403096700,35236,34320,1,97,,OP3,FIXED_OPPONENT,train,map_b_split_lane,-1,1,SCRIPTED:OP11_ADAPTIVE_EXPLOITER,,1,2,1,1,240,0.7999999523162842,0,1,12,56,11,15,5,11,5,2,1,2,1,8,2,0,1,3,1,4,163.0,6.362001037597656,1.0,0.0,0.01680128276348114,0.019999999552965164,0.0,0.0,0.0,0.24707955121994019
218,35236-1785339351403096700,35236,34448,1,105,,OP3,FIXED_OPPONENT,train,map_b_split_lane,-1,1,SCRIPTED:OP11_ADAPTIVE_EXPLOITER,,1,3,0,3,113,0.6800000071525574,1,0,1,47,9,6,12,3,2,2,0,3,5,0,5,0,1,0,2,2,55.0,6.1926048076258295,1.0,0.5,-0.0088416188955307,0.02499999850988388,1.0,100.0,0.0,0.5552986860275269
219,35236-1785339351403096700,35236,34560,1,112,,OP3,FIXED_OPPONENT,train,map_b_split_lane,-1,1,SCRIPTED:OP11_ADAPTIVE_EXPLOITER,,1,3,1,2,99,0.7199999690055847,1,0,4,26,2,4,1,7,1,0,0,3,1,1,0,1,1,0,0,5,38.0,6.288546475497159,1.0,0.5,-0.01129959523677826,0.04999999701976776,1.0,100.0,-0.20000000298023224,0.5207868218421936
220,35236-1785339351403096700,35236,34896,1,133,,OP3,FIXED_OPPONENT,train,map_b_split_lane,-1,0,SCRIPTED:OP11_ADAPTIVE_EXPLOITER,,1,3,2,1,113,0.6399999856948853,0,1,8,46,1,11,1,11,0,2,0,3,1,5,0,2,1,1,0,5,43.0,6.291469337665929,1.0,0.5,-0.003112807869911194,0.0,1.0,100.0,0.0,0.5544649958610535
221,35236-1785339351403096700,35236,35056,1,143,,OP3,FIXED_OPPONENT,train,map_b_split_lane,-1,0,SCRIPTED:OP11_ADAPTIVE_EXPLOITER,,1,3,2,1,142,0.7999999523162842,0,2,9,37,3,11,1,7,1,3,0,3,2,3,0,1,1,1,0,4,34.0,6.833277742627641,1.0,0.5,0.0036722123622894287,0.04999999701976776,1.0,100.0,0.0,0.5569181442260742
222,35236-1785339351403096700,35236,35184,1,151,,OP3,FIXED_OPPONENT,train,map_b_split_lane,-1,1,SCRIPTED:OP11_ADAPTIVE_EXPLOITER,,1,3,0,3,146,0.8399999737739563,0,1,10,43,5,11,3,15,2,4,2,1,0,4,1,5,0,1,1,3,39.0,5.369921122511772,1.0,0.5,-0.005185902118682861,0.0,1.0,100.0,0.0,0.5543752908706665
223,35236-1785339351403096700,35236,35200,1,152,,OP3,FIXED_OPPONENT,train,map_b_split_lane,-1,0,SCRIPTED:OP11_ADAPTIVE_EXPLOITER,,1,3,1,2,100,0.47999998927116394,1,0,3,43,0,12,2,8,0,4,0,3,0,3,1,1,1,0,0,4,37.0,5.21735107421875,1.0,0.5,-0.011213034391403198,0.04999999701976776,1.0,100.0,0.0,0.5562760233879089
224,35236-1785339351403096700,35236,35472,1,169,,OP3,FIXED_OPPONENT,train,map_b_split_lane,-1,0,SCRIPTED:OP11_ADAPTIVE_EXPLOITER,,1,3,1,2,120,0.5999999642372131,0,1,5,31,4,5,2,4,3,1,0,3,1,0,1,0,1,0,0,2,35.0,6.755982462565104,1.0,0.5,-0.003812819719314575,0.0,1.0,100.0,-0.20000000298023224,0.518847644329071
225,35236-1785339351403096700,35236,35824,1,191,,OP3,FIXED_OPPONENT,train,map_b_split_lane,-1,0,SCRIPTED:OP11_ADAPTIVE_EXPLOITER,,1,3,1,2,229,0.8799999952316284,1,0,4,64,2,20,1,7,2,9,0,3,0,0,0,0,1,0,0,5,39.0,6.613266324372271,1.0,0.5,-0.005513817071914673,0.04999999701976776,1.0,100.0,0.0,0.5565218925476074
226,35236-1785339351403096700,35236,35856,1,193,,OP3,FIXED_OPPONENT,train,map_b_split_lane,-1,1,SCRIPTED:OP11_ADAPTIVE_EXPLOITER,,1,3,1,2,159,0.6800000071525574,1,0,12,62,3,12,3,5,1,4,1,2,1,4,1,0,0,1,1,3,44.0,6.245503359620676,1.0,0.5,-0.009684115648269653,0.02499999850988388,1.0,100.0,0.0,0.5552622079849243
227,35236-1785339351403096700,35236,35984,1,201,,OP3,FIXED_OPPONENT,train,map_b_split_lane,-1,1,SCRIPTED:OP11_ADAPTIVE_EXPLOITER,,1,3,2,1,150,0.47999998927116394,1,0,6,39,0,17,2,12,0,5,0,3,0,5,0,2,2,0,0,6,53.0,5.7852099609375,1.0,0.5,-0.01211230456829071,0.02499999850988388,1.0,100.0,0.0,0.5551572442054749
228,35236-1785339351403096700,35236,36080,1,207,,OP3,FIXED_OPPONENT,train,map_b_split_lane,-1,1,SCRIPTED:OP11_ADAPTIVE_EXPLOITER,,1,3,0,3,222,0.7999999523162842,1,0,7,100,5,15,3,11,2,4,0,3,2,5,1,2,1,0,0,5,140.0,5.830512519355293,1.0,1.0,-0.007603392004966736,0.0,1.5,150.0,0.0,0.7036657929420471
229,35236-1785339351403096700,35236,36080,1,207,,OP3,FIXED_OPPONENT,train,map_b_split_lane,-1,1,SCRIPTED:OP11_ADAPTIVE_EXPLOITER,,1,3,2,1,120,0.6399999856948853,1,0,2,34,2,6,4,4,1,2,1,2,0,1,1,0,1,1,2,2,52.0,7.046751912434896,1.0,0.5,-0.004911288619041443,0.0,1.0,100.0,0.0,0.5543872117996216
230,35236-1785339351403096700,35236,36128,1,210,,OP3,FIXED_OPPONENT,train,map_b_split_lane,-1,0,SCRIPTED:OP11_ADAPTIVE_EXPLOITER,,1,3,1,2,115,0.7599999904632568,1,0,4,49,1,13,1,7,1,4,0,3,0,3,0,1,1,0,0,4,33.0,5.845498789911685,1.0,0.5,-0.008035555481910706,0.0,1.0,100.0,-0.20000000298023224,0.5186547636985779
231,35236-1785339351403096700,35236,36128,1,210,,OP3,FIXED_OPPONENT,train,map_b_split_lane,-1,0,SCRIPTED:OP11_ADAPTIVE_EXPLOITER,,1,3,1,2,113,0.5600000023841858,1,0,5,23,0,16,2,8,0,6,0,3,0,2,1,0,1,0,0,6,39.0,6.229728766247234,1.0,0.5,0.004388988018035889,0.04999999701976776,1.0,100.0,0.0,0.5569490194320679
232,35236-1785339351403096700,35236,36144,1,211,,OP3,FIXED_OPPONENT,train,map_b_split_lane,-1,0,SCRIPTED:OP11_ADAPTIVE_EXPLOITER,,1,3,1,2,147,0.8399999737739563,1,0,13,42,3,13,4,6,2,3,0,3,0,5,1,0,0,1,1,4,35.0,6.149849197491497,1.0,0.5,0.0016735494136810303,0.0,1.0,100.0,0.0,0.5546721816062927
233,35236-1785339351403096700,35236,36688,1,245,,OP3,FIXED_OPPONENT,train,map_b_split_lane,-1,1,SCRIPTED:OP11_ADAPTIVE_EXPLOITER,,1,3,1,2,93,0.6800000071525574,1,0,4,26,2,7,1,7,1,2,0,3,1,1,0,2,1,0,0,4,34.0,6.152372626848118,1.0,0.5,0.0031612813472747803,0.02499999850988388,1.0,100.0,0.0,0.5558172464370728
234,35236-1785339351403096700,35236,37264,1,281,,OP3,FIXED_OPPONENT,train,map_b_split_lane,-1,0,SCRIPTED:OP11_ADAPTIVE_EXPLOITER,,1,3,0,3,148,0.7599999904632568,1,0,2,55,2,12,1,9,2,5,0,3,0,0,0,0,0,0,0,6,33.0,5.616773038297086,1.0,0.5,0.0014737695455551147,0.04999999701976776,1.0,100.0,0.0,0.5568233728408813
235,35236-1785339351403096700,35236,37280,1,282,,OP3,FIXED_OPPONENT,train,map_b_split_lane,-1,0,SCRIPTED:OP11_ADAPTIVE_EXPLOITER,,0,2,2,0,240,0.6800000071525574,1,0,21,65,2,24,4,6,2,8,0,2,0,4,0,1,2,0,2,3,32.0,6.2269739786783855,-0.5,0.0,0.007236063480377197,0.0,0.0,0.0,-0.20000000298023224,-0.17279645800590515
236,35236-1785339351403096700,35236,37440,1,292,,OP3,FIXED_OPPONENT,train,map_b_split_lane,-1,0,SCRIPTED:OP11_ADAPTIVE_EXPLOITER,,1,3,2,1,101,0.7199999690055847,1,0,2,24,1,9,3,4,0,2,0,3,1,3,1,0,2,0,0,3,35.0,7.566662476794554,1.0,0.5,-0.009456723928451538,0.0,1.0,100.0,0.0,0.5541903376579285
237,35236-1785339351403096700,35236,37488,1,295,,OP3,FIXED_OPPONENT,train,map_b_split_lane,-1,1,SCRIPTED:OP11_ADAPTIVE_EXPLOITER,,1,3,1,2,94,0.6800000071525574,1,0,2,17,5,3,3,3,2,0,2,1,1,2,1,0,1,0,1,2,38.0,6.90015102954621,1.0,0.5,-0.011815890669822693,0.02499999850988388,1.0,100.0,-0.20000000298023224,0.5196235775947571
238,35236-1785339351403096700,35236,37520,1,297,,OP3,FIXED_OPPONENT,train,map_b_split_lane,-1,0,SCRIPTED:OP11_ADAPTIVE_EXPLOITER,,1,3,1,2,154,0.7999999523162842,1,0,11,44,3,15,6,6,2,5,0,3,0,3,1,1,1,0,3,3,44.0,6.125030121245942,1.0,0.5,-0.008256807923316956,0.0,1.0,100.0,-0.20000000298023224,0.5186446309089661
239,35236-1785339351403096700,35236,37888,1,320,,OP3,FIXED_OPPONENT,train,map_b_split_lane,-1,0,SCRIPTED:OP11_ADAPTIVE_EXPLOITER,,1,3,0,3,113,0.8799999952316284,1,0,5,37,5,7,1,9,4,2,0,3,0,0,0,0,0,0,0,6,35.0,6.3514317875414825,1.0,0.5,-0.0015525519847869873,0.0,1.0,100.0,0.0,0.554532527923584
240,35236-1785339351403096700,35236,38000,1,327,,OP3,FIXED_OPPONENT,train,map_b_split_lane,-1,1,SCRIPTED:OP11_ADAPTIVE_EXPLOITER,,1,3,0,3,134,0.7599999904632568,1,0,12,45,5,9,5,7,3,4,0,3,0,0,3,2,0,0,0,4,35.0,5.783336582468517,1.0,0.5,-0.006220594048500061,0.0,1.0,100.0,0.0,0.5543304681777954
241,35236-1785339351403096700,35236,38128,1,335,,OP3,FIXED_OPPONENT,train,map_b_split_lane,-1,1,SCRIPTED:OP11_ADAPTIVE_EXPLOITER,,1,3,1,2,230,0.7999999523162842,1,0,21,53,13,8,22,0,8,3,0,3,0,1,6,0,1,0,8,0,86.0,7.099455460258152,1.0,0.5,-0.007207989692687988,0.0,1.0,100.0,-0.20000000298023224,0.5186925530433655
242,35236-1785339351403096700,35236,38336,1,348,,OP3,FIXED_OPPONENT,train,map_b_split_lane,-1,0,SCRIPTED:OP11_ADAPTIVE_EXPLOITER,,1,3,1,2,179,0.8399999737739563,1,0,9,54,3,21,1,11,1,9,0,3,2,1,0,3,1,0,0,4,33.0,5.706821548206181,1.0,0.5,-0.008868202567100525,0.04999999701976776,1.0,100.0,0.0,0.5563771724700928
243,35236-1785339351403096700,35236,38400,1,352,,OP3,FIXED_OPPONENT,train,map_b_split_lane,-1,0,SCRIPTED:OP11_ADAPTIVE_EXPLOITER,,1,2,0,2,240,0.7599999904632568,0,1,16,119,6,21,3,17,4,4,0,2,0,10,0,6,0,2,0,3,164.0,4.714425150553385,1.0,0.0,-0.004469171166419983,0.009999999776482582,0.0,0.0,-0.20000000298023224,0.19770751893520355
244,35236-1785339351403096700,35236,38480,1,357,,OP3,FIXED_OPPONENT,train,map_b_split_lane,-1,0,SCRIPTED:OP11_ADAPTIVE_EXPLOITER,,1,3,0,3,146,0.7199999690055847,1,0,3,58,2,11,4,7,1,4,0,4,1,2,2,0,0,1,1,2,37.0,5.870951195285745,1.0,0.5,0.00855642557144165,0.0,1.0,100.0,-0.20000000298023224,0.5194123983383179
245,35236-1785339351403096700,35236,38688,1,370,,OP3,FIXED_OPPONENT,train,map_b_split_lane,-1,1,SCRIPTED:OP11_ADAPTIVE_EXPLOITER,,1,3,1,2,163,0.7599999904632568,0,1,7,64,6,12,6,10,2,2,1,3,2,5,3,1,1,2,1,4,43.0,5.221074203772048,1.0,0.5,-0.004627227783203125,0.0,1.0,100.0,0.0,0.5543994903564453
246,35236-1785339351403096700,35236,38848,1,380,,OP3,FIXED_OPPONENT,train,map_b_split_lane,-1,0,SCRIPTED:OP11_ADAPTIVE_EXPLOITER,,1,3,1,2,135,0.6399999856948853,1,0,1,63,3,9,4,10,2,3,0,3,1,0,1,1,1,0,0,6,46.0,5.468229618778935,1.0,0.5,0.0023818612098693848,0.04999999701976776,1.0,100.0,0.0,0.556862473487854
247,35236-1785339351403096700,35236,38944,1,386,,OP3,FIXED_OPPONENT,train,map_b_split_lane,-1,1,SCRIPTED:OP11_ADAPTIVE_EXPLOITER,,1,3,2,1,104,0.6399999856948853,1,0,1,27,1,10,2,6,1,1,0,3,0,6,0,0,2,0,0,5,35.0,6.692349360539363,1.0,0.5,-0.008008167147636414,0.0,1.0,100.0,0.0,0.554253101348877
248,35236-1785339351403096700,35236,39024,1,391,,OP3,FIXED_OPPONENT,train,map_b_split_lane,-1,0,SCRIPTED:OP11_ADAPTIVE_EXPLOITER,,1,2,0,2,240,0.8399999737739563,1,0,17,78,2,19,6,4,2,9,0,2,0,0,2,0,0,0,3,1,36.0,6.693371073404948,1.0,0.0,-0.009925156831741333,0.0,0.0,0.0,-0.4000000059604645,0.14827841520309448
249,35236-1785339351403096700,35236,39584,1,426,,OP3,FIXED_OPPONENT,train,map_b_split_lane,-1,0,SCRIPTED:OP11_ADAPTIVE_EXPLOITER,,1,3,0,3,216,0.7999999523162842,0,1,4,75,6,14,1,17,5,5,0,3,0,1,0,5,0,0,1,4,51.0,6.074409202293113,1.0,0.5,-0.009240478277206421,0.04999999701976776,1.0,100.0,0.0,0.556361198425293
250,35236-1785339351403096700,35236,39584,1,426,,OP3,FIXED_OPPONENT,train,map_b_split_lane,-1,0,SCRIPTED:OP11_ADAPTIVE_EXPLOITER,,1,3,1,2,106,0.7599999904632568,0,1,1,33,3,6,4,5,3,1,0,3,0,2,0,1,1,0,2,3,37.0,7.36290870522553,1.0,0.0,-0.010507777333259583,0.0,0.0,0.0,-0.20000000298023224,0.19674409925937653
251,35236-1785339351403096700,35236,39728,1,435,,OP3,FIXED_OPPONENT,train,map_b_split_lane,-1,1,SCRIPTED:OP11_ADAPTIVE_EXPLOITER,,1,3,1,2,225,0.7599999904632568,1,0,6,57,4,20,3,15,2,8,0,3,1,1,0,5,1,0,1,6,45.0,6.582575954861111,1.0,0.5,-0.008543118834495544,0.04999999701976776,1.0,100.0,0.0,0.5563912391662598
252,35236-1785339351403096700,35236,39920,1,447,,OP3,FIXED_OPPONENT,train,map_b_split_lane,-1,1,SCRIPTED:OP11_ADAPTIVE_EXPLOITER,,1,3,0,3,152,0.7999999523162842,1,0,14,36,11,5,12,4,6,2,2,1,0,0,2,0,0,0,6,2,78.0,5.939272830360814,1.0,1.0,-0.0064669400453567505,0.0,1.5,150.0,-0.20000000298023224,0.6775635480880737
253,35236-1785339351403096700,35236,40240,1,467,,OP3,FIXED_OPPONENT,train,map_b_split_lane,-1,0,SCRIPTED:OP11_ADAPTIVE_EXPLOITER,,1,3,0,3,119,0.7999999523162842,0,1,6,27,7,7,6,3,2,3,0,3,4,0,3,0,1,0,1,2,34.0,7.31685452501313,1.0,0.5,-0.0074959397315979,0.02499999850988388,1.0,100.0,0.0,0.5553567409515381
254,35236-1785339351403096700,35236,40288,1,470,,OP3,FIXED_OPPONENT,train,map_b_split_lane,-1,0,SCRIPTED:OP11_ADAPTIVE_EXPLOITER,,1,3,1,2,100,0.7599999904632568,0,1,3,33,1,7,2,6,0,2,0,3,1,1,1,0,1,0,0,5,37.0,6.384074096679687,1.0,0.5,-0.012346416711807251,0.04999999701976776,1.0,100.0,0.0,0.5562270879745483
255,35236-1785339351403096700,35236,40432,1,479,,OP3,FIXED_OPPONENT,train,map_b_split_lane,-1,1,SCRIPTED:OP11_ADAPTIVE_EXPLOITER,,1,3,1,2,127,0.6800000071525574,1,0,1,25,4,8,9,4,2,3,1,2,0,1,2,0,1,0,3,2,36.0,6.238164946788878,1.0,0.5,-0.0017327964305877686,0.04999999701976776,1.0,100.0,0.0,0.5566850304603577
256,35236-1785339351403096700,35236,40432,1,479,,OP3,FIXED_OPPONENT,train,map_b_split_lane,-1,1,SCRIPTED:OP11_ADAPTIVE_EXPLOITER,,1,3,1,2,152,0.7999999523162842,1,0,5,33,3,11,0,12,1,4,1,2,1,1,0,2,0,1,0,5,58.0,6.448861774645354,1.0,0.5,0.006096005439758301,0.04999999701976776,1.0,100.0,0.0,0.5570226907730103
257,35236-1785339351403096700,35236,40448,1,480,,OP3,FIXED_OPPONENT,train,map_b_split_lane,-1,0,SCRIPTED:OP11_ADAPTIVE_EXPLOITER,,1,3,1,2,94,0.7199999690055847,1,0,9,40,1,8,1,7,1,1,0,3,0,4,0,1,1,0,0,5,34.0,6.841772850523603,1.0,0.5,0.0007481873035430908,0.014999999664723873,1.0,100.0,-0.20000000298023224,0.5197405219078064
258,35236-1785339351403096700,35236,40480,1,482,,OP3,FIXED_OPPONENT,train,map_b_split_lane,-1,1,SCRIPTED:OP11_ADAPTIVE_EXPLOITER,,1,3,0,3,201,0.8799999952316284,0,1,4,44,11,12,11,4,6,5,0,3,0,1,4,0,1,0,2,3,94.0,6.894977019200871,1.0,0.5,0.003651261329650879,0.02499999850988388,1.0,100.0,0.0,0.555838406085968
259,35236-1785339351403096700,35236,40640,1,492,,OP3,FIXED_OPPONENT,train,map_b_split_lane,-1,1,SCRIPTED:OP11_ADAPTIVE_EXPLOITER,,1,3,0,3,200,0.7999999523162842,1,0,9,45,7,11,10,1,4,5,1,2,0,1,3,0,0,0,5,0,39.0,7.0906982421875,1.0,0.5,-0.01020888239145279,0.04999999701976776,1.0,100.0,0.0,0.5563193559646606
260,35236-1785339351403096700,35236,40768,1,500,,OP3,FIXED_OPPONENT,train,map_b_split_lane,-1,0,SCRIPTED:OP11_ADAPTIVE_EXPLOITER,,1,3,1,2,203,0.7599999904632568,1,0,18,83,4,18,2,6,2,8,0,3,1,0,1,3,1,0,0,1,31.0,5.657125538793103,1.0,0.5,-0.01101715862751007,0.04999999701976776,1.0,100.0,-0.20000000298023224,0.5207996368408203
261,35236-1785339351403096700,35236,40960,1,512,,OP3,FIXED_OPPONENT,train,map_b_split_lane,-1,1,SCRIPTED:OP11_ADAPTIVE_EXPLOITER,,1,3,1,2,177,0.7199999690055847,1,0,3,52,5,11,6,2,1,6,1,2,1,0,2,0,0,1,3,0,46.0,6.326803606108757,1.0,0.5,0.006846502423286438,0.0,1.0,100.0,-0.20000000298023224,0.5193343758583069
262,35236-1785339351403096700,35236,41088,1,520,,OP3,FIXED_OPPONENT,train,map_b_split_lane,-1,1,SCRIPTED:OP11_ADAPTIVE_EXPLOITER,,1,3,1,2,94,0.6800000071525574,1,0,10,19,3,9,1,8,1,2,1,2,1,4,0,2,1,0,0,3,34.0,7.247377436211768,1.0,0.5,-0.009139031171798706,0.0,1.0,100.0,-0.20000000298023224,0.5186043381690979
263,35236-1785339351403096700,35236,41104,1,521,,OP3,FIXED_OPPONENT,train,map_b_split_lane,-1,1,SCRIPTED:OP11_ADAPTIVE_EXPLOITER,,1,3,0,3,86,0.7199999690055847,1,0,3,32,3,3,3,3,2,1,1,2,0,0,1,0,0,0,1,3,36.0,6.502705418786337,1.0,0.5,-0.000918850302696228,0.04999999701976776,1.0,100.0,0.0,0.5567201375961304
264,35236-1785339351403096700,35236,41136,1,523,,OP3,FIXED_OPPONENT,train,map_b_split_lane,-1,0,SCRIPTED:OP11_ADAPTIVE_EXPLOITER,,1,3,1,2,166,0.7999999523162842,1,0,15,63,1,16,3,10,1,6,0,3,0,4,0,2,2,0,0,4,53.0,5.90882855151073,1.0,0.5,-0.016103163361549377,0.02499999850988388,1.0,100.0,0.0,0.5549846887588501
265,35236-1785339351403096700,35236,41200,1,527,,OP3,FIXED_OPPONENT,train,map_b_split_lane,-1,1,SCRIPTED:OP11_ADAPTIVE_EXPLOITER,,1,3,1,2,147,0.7199999690055847,1,0,15,38,15,2,9,3,5,1,2,1,4,0,2,0,1,0,6,2,72.0,6.00471797605761,1.0,0.5,0.006881400942802429,0.02499999850988388,1.0,100.0,0.0,0.5559778809547424
266,35236-1785339351403096700,35236,41664,1,556,,OP3,FIXED_OPPONENT,train,map_b_split_lane,-1,1,SCRIPTED:OP11_ADAPTIVE_EXPLOITER,,1,3,1,2,109,0.7599999904632568,1,0,4,15,4,10,2,5,2,3,1,2,0,3,1,1,1,0,0,2,35.0,7.768070325938933,1.0,0.5,-0.0059198737144470215,0.0,1.0,100.0,-0.20000000298023224,0.5187514424324036
267,35236-1785339351403096700,35236,42080,1,582,,OP3,FIXED_OPPONENT,train,map_b_split_lane,-1,0,SCRIPTED:OP11_ADAPTIVE_EXPLOITER,,1,3,2,1,191,0.7999999523162842,0,2,22,47,3,16,8,7,1,5,0,3,1,3,2,1,2,0,3,4,77.0,5.986785089782395,1.0,0.4000000059604645,-0.008675754070281982,0.02499999850988388,1.0,100.0,0.0,0.5377751588821411
268,35236-1785339351403096700,35236,42192,1,589,,OP3,FIXED_OPPONENT,train,map_b_split_lane,-1,1,SCRIPTED:OP11_ADAPTIVE_EXPLOITER,,1,3,1,2,110,0.5999999642372131,1,0,2,14,12,2,4,9,2,0,2,1,7,1,0,2,1,1,1,4,35.0,7.1953957297585225,1.0,0.5,-0.007312938570976257,0.0,1.0,100.0,-0.20000000298023224,0.5186877846717834
269,35236-1785339351403096700,35236,42352,1,599,,OP3,FIXED_OPPONENT,train,map_b_split_lane,-1,1,SCRIPTED:OP11_ADAPTIVE_EXPLOITER,,1,3,0,3,99,0.7599999904632568,1,0,2,29,2,6,3,5,1,1,0,3,1,1,1,0,1,0,1,3,36.0,5.8317118943339645,1.0,0.5,0.0005563646554946899,0.04999999701976776,1.0,100.0,-0.20000000298023224,0.5213266015052795
270,35236-1785339351403096700,35236,42544,1,611,,OP3,FIXED_OPPONENT,train,map_b_split_lane,-1,1,SCRIPTED:OP11_ADAPTIVE_EXPLOITER,,1,3,2,1,129,0.8399999737739563,0,1,4,43,5,9,8,5,2,1,1,2,2,4,2,0,1,1,3,3,36.0,6.018619980922965,1.0,0.5,-0.007512003183364868,0.0,1.0,100.0,0.0,0.5542745590209961
271,35236-1785339351403096700,35236,42784,1,626,,OP3,FIXED_OPPONENT,train,map_b_split_lane,-1,1,SCRIPTED:OP11_ADAPTIVE_EXPLOITER,,1,3,0,3,200,0.7999999523162842,0,1,16,87,14,5,13,6,2,2,2,1,7,2,3,1,2,1,3,1,93.0,4.608886108398438,1.0,0.5,-0.012320280075073242,0.02499999850988388,1.0,100.0,0.0,0.5551482439041138
272,35236-1785339351403096700,35236,42912,1,634,,OP3,FIXED_OPPONENT,train,map_b_split_lane,-1,0,SCRIPTED:OP11_ADAPTIVE_EXPLOITER,,1,3,1,2,164,0.8399999737739563,1,0,8,57,2,16,2,6,2,6,0,3,0,2,1,0,0,1,1,4,43.0,6.211448855516387,1.0,0.5,0.004226908087730408,0.04999999701976776,1.0,100.0,0.0,0.5569419860839844
273,35236-1785339351403096700,35236,43056,1,643,,OP3,FIXED_OPPONENT,train,map_b_split_lane,-1,0,SCRIPTED:OP11_ADAPTIVE_EXPLOITER,,0,2,3,-1,164,0.6800000071525574,1,0,5,35,2,10,3,7,0,4,0,2,2,2,1,1,2,1,0,3,43.0,6.812298286251906,-1.0,-0.5,0.001924261450767517,0.0,-1.0,-100.0,0.0,-0.5545164346694946
274,35236-1785339351403096700,35236,43184,1,651,,OP3,FIXED_OPPONENT,train,map_b_split_lane,-1,0,SCRIPTED:OP11_ADAPTIVE_EXPLOITER,,0,2,3,-1,131,0.7199999690055847,0,1,7,34,1,9,5,9,0,1,0,2,1,6,1,2,3,1,0,3,41.0,6.549924894143607,-1.0,-0.5,0.0021112263202667236,0.019999999552965164,-1.0,-100.0,0.0,-0.5536420345306396
275,35236-1785339351403096700,35236,43200,1,652,,OP3,FIXED_OPPONENT,train,map_b_split_lane,-1,0,SCRIPTED:OP11_ADAPTIVE_EXPLOITER,,1,3,1,2,129,0.7599999904632568,1,0,4,25,1,7,8,4,1,3,0,3,0,0,2,0,2,0,3,3,43.0,8.291041174600291,1.0,0.5,0.00881977379322052,0.04999999701976776,1.0,100.0,0.0,0.5571399927139282
276,35236-1785339351403096700,35236,43504,1,671,,OP3,FIXED_OPPONENT,train,map_b_split_lane,-1,1,SCRIPTED:OP11_ADAPTIVE_EXPLOITER,,1,3,0,3,179,0.6800000071525574,0,2,14,48,4,16,4,6,1,8,2,1,0,2,1,0,0,1,3,2,41.0,5.911237833886173,1.0,0.5,0.002263203263282776,0.03999999910593033,1.0,100.0,0.0,0.5564260482788086
277,35236-1785339351403096700,35236,43536,1,673,,OP3,FIXED_OPPONENT,train,map_b_split_lane,-1,1,SCRIPTED:OP11_ADAPTIVE_EXPLOITER,,1,3,1,2,206,0.6800000071525574,1,0,16,49,2,20,10,6,1,8,0,3,1,2,4,0,1,0,2,4,52.0,6.565842711809769,1.0,0.5,-0.004092186689376831,0.03999999910593033,1.0,100.0,0.0,0.5561517477035522
278,35236-1785339351403096700,35236,43680,1,682,,OP3,FIXED_OPPONENT,train,map_b_split_lane,-1,0,SCRIPTED:OP11_ADAPTIVE_EXPLOITER,,0,2,3,-1,202,0.7599999904632568,1,0,9,95,1,20,4,12,1,5,0,3,0,7,0,4,3,0,0,5,48.0,6.31402587890625,-1.0,-0.5,0.003815770149230957,0.0,-1.0,-100.0,-0.20000000298023224,-0.5881032943725586
279,35236-1785339351403096700,35236,43696,1,683,,OP3,FIXED_OPPONENT,train,map_b_split_lane,-1,1,SCRIPTED:OP11_ADAPTIVE_EXPLOITER,,1,3,1,2,156,0.8399999737739563,1,0,9,26,9,7,15,1,4,2,2,1,2,1,3,0,0,1,9,0,38.0,6.551538711939102,1.0,0.5,-0.01480063796043396,0.02499999850988388,1.0,100.0,-0.20000000298023224,0.5194873809814453
280,35236-1785339351403096700,35236,43840,1,692,,OP3,FIXED_OPPONENT,train,map_b_split_lane,-1,1,SCRIPTED:OP11_ADAPTIVE_EXPLOITER,,1,3,1,2,180,0.7599999904632568,1,0,8,51,1,14,3,8,0,6,0,3,1,1,1,0,1,0,0,5,59.0,5.935479058159722,1.0,0.5,-0.009367614984512329,0.0,1.0,100.0,0.0,0.5541942119598389
281,35236-1785339351403096700,35236,44288,1,720,,OP3,FIXED_OPPONENT,train,map_b_split_lane,-1,0,SCRIPTED:OP11_ADAPTIVE_EXPLOITER,,1,3,1,2,109,0.7599999904632568,1,0,4,43,2,12,6,6,2,3,0,3,0,3,1,1,1,0,3,4,46.0,6.2191738863603785,1.0,0.5,-0.017947643995285034,0.02499999850988388,1.0,100.0,0.0,0.5549048781394958
282,35236-1785339351403096700,35236,44400,1,727,,OP3,FIXED_OPPONENT,train,map_b_split_lane,-1,1,SCRIPTED:OP11_ADAPTIVE_EXPLOITER,,1,3,1,2,101,0.7199999690055847,1,0,1,33,2,8,1,9,1,2,0,3,0,2,0,1,1,0,0,6,33.0,6.236405476485149,1.0,0.30000001192092896,0.00350382924079895,0.04999999701976776,1.0,100.0,0.0,0.5214607119560242
283,35236-1785339351403096700,35236,44448,1,730,,OP3,FIXED_OPPONENT,train,map_b_split_lane,-1,1,SCRIPTED:OP11_ADAPTIVE_EXPLOITER,,1,3,1,2,174,0.7999999523162842,0,1,5,68,5,12,2,17,2,5,0,3,1,1,1,2,1,1,0,9,45.0,5.177114201688219,1.0,0.5,0.005638912320137024,0.02499999850988388,1.0,100.0,0.0,0.5559242367744446
284,35236-1785339351403096700,35236,44528,1,735,,OP3,FIXED_OPPONENT,train,map_b_split_lane,-1,0,SCRIPTED:OP11_ADAPTIVE_EXPLOITER,,1,3,1,2,146,0.6800000071525574,1,0,10,73,1,17,1,9,0,7,0,3,1,2,0,2,1,0,0,4,85.0,5.052374016748716,1.0,0.5,-0.0070561617612838745,0.04999999701976776,1.0,100.0,0.0,0.5564553737640381
285,35236-1785339351403096700,35236,44768,1,750,,OP3,FIXED_OPPONENT,train,map_b_split_lane,-1,0,SCRIPTED:OP11_ADAPTIVE_EXPLOITER,,1,3,1,2,229,0.7599999904632568,1,0,18,55,2,26,4,8,1,11,0,3,0,2,2,0,1,0,0,4,37.0,6.162285817242085,1.0,0.5,-7.361173629760742e-05,0.0,1.0,100.0,0.0,0.5545965433120728
286,35236-1785339351403096700,35236,44816,1,753,,OP3,FIXED_OPPONENT,train,map_b_split_lane,-1,1,SCRIPTED:OP11_ADAPTIVE_EXPLOITER,,1,3,1,2,101,0.5999999642372131,1,0,6,30,0,6,2,6,0,3,0,3,0,0,0,2,1,0,0,4,42.0,7.498391330832302,1.0,0.5,-0.006304346024990082,0.0,1.0,100.0,0.0,0.5543268918991089
287,35236-1785339351403096700,35236,44832,1,754,,OP3,FIXED_OPPONENT,train,map_b_split_lane,-1,0,SCRIPTED:OP11_ADAPTIVE_EXPLOITER,,1,3,1,2,120,0.6800000071525574,0,2,5,57,3,10,3,4,1,4,0,3,1,1,0,0,1,0,1,3,35.0,6.353695678710937,1.0,0.5,-0.01185697317123413,0.02499999850988388,1.0,100.0,0.0,0.5551682710647583
288,35236-1785339351403096700,35236,44928,1,760,,OP3,FIXED_OPPONENT,train,map_b_split_lane,-1,1,SCRIPTED:OP11_ADAPTIVE_EXPLOITER,,1,3,2,1,178,0.7599999904632568,1,0,7,25,6,10,3,9,3,1,2,1,1,3,0,5,2,0,1,2,48.0,7.222501947638694,1.0,0.5,-0.0058000534772872925,0.0,1.0,100.0,0.0,0.5543486475944519
289,35236-1785339351403096700,35236,45568,1,800,,OP3,FIXED_OPPONENT,train,map_b_split_lane,-1,0,SCRIPTED:OP11_ADAPTIVE_EXPLOITER,,1,3,1,2,129,0.7199999690055847,0,1,1,36,0,11,1,11,0,5,0,3,0,2,0,2,1,0,0,6,46.0,6.731865934623304,1.0,0.5,0.0006938576698303223,0.02499999850988388,1.0,100.0,-0.20000000298023224,0.5201941132545471
290,35236-1785339351403096700,35236,45648,1,805,,OP3,FIXED_OPPONENT,train,map_b_split_lane,-1,1,SCRIPTED:OP11_ADAPTIVE_EXPLOITER,,1,3,0,3,123,0.8399999737739563,1,0,5,44,7,5,8,6,2,0,1,2,3,3,2,1,2,0,1,2,46.0,6.455773826537094,1.0,0.5,-0.004096552729606628,0.03999999910593033,1.0,100.0,-0.20000000298023224,0.520659327507019
291,35236-1785339351403096700,35236,45856,1,818,,OP3,FIXED_OPPONENT,train,map_b_split_lane,-1,0,SCRIPTED:OP11_ADAPTIVE_EXPLOITER,,1,3,0,3,219,0.8399999737739563,1,0,10,54,4,17,0,14,3,7,0,3,0,1,0,3,0,0,0,6,33.0,6.689626475991724,1.0,0.5,-0.003757268190383911,0.02499999850988388,1.0,100.0,0.0,0.555518388748169
292,35236-1785339351403096700,35236,46064,1,831,,OP3,FIXED_OPPONENT,train,map_b_split_lane,-1,0,SCRIPTED:OP11_ADAPTIVE_EXPLOITER,,1,3,1,2,101,0.7599999904632568,0,1,5,36,2,10,2,5,1,2,0,3,0,5,1,0,1,0,0,4,40.0,6.3429994488706685,1.0,0.0,-0.007502064108848572,0.0,0.0,0.0,-0.20000000298023224,0.19692467153072357
293,35236-1785339351403096700,35236,46128,1,835,,OP3,FIXED_OPPONENT,train,map_b_split_lane,-1,0,SCRIPTED:OP11_ADAPTIVE_EXPLOITER,,1,3,1,2,108,0.7599999904632568,1,0,4,33,3,7,5,5,2,1,0,3,0,3,2,0,1,0,2,3,36.0,7.5729330557364,1.0,0.5,-0.009237498044967651,0.0,1.0,100.0,0.0,0.5541998147964478
294,35236-1785339351403096700,35236,46256,1,843,,OP3,FIXED_OPPONENT,train,map_b_split_lane,-1,0,SCRIPTED:OP11_ADAPTIVE_EXPLOITER,,1,3,1,2,200,0.8799999952316284,1,0,5,38,4,17,3,9,2,7,0,3,0,3,0,2,2,0,0,3,32.0,6.903280029296875,1.0,0.5,-0.005269691348075867,0.0,1.0,100.0,0.0,0.5543716549873352
295,35236-1785339351403096700,35236,46384,1,851,,OP3,FIXED_OPPONENT,train,map_b_split_lane,-1,0,SCRIPTED:OP11_ADAPTIVE_EXPLOITER,,1,3,1,2,200,0.8399999737739563,0,1,5,63,8,12,3,5,2,1,0,5,4,4,2,0,1,0,0,3,95.0,6.08736328125,1.0,0.5,-0.007456973195075989,0.0,1.0,100.0,0.0,0.5542769432067871
296,35236-1785339351403096700,35236,46544,1,861,,OP3,FIXED_OPPONENT,train,map_b_split_lane,-1,0,SCRIPTED:OP11_ADAPTIVE_EXPLOITER,,1,3,1,2,101,0.7599999904632568,1,0,0,31,2,8,2,4,2,0,0,3,0,4,1,0,0,1,1,2,33.0,6.201025028039913,1.0,0.5,0.0027274340391159058,0.04999999701976776,1.0,100.0,0.0,0.5568773746490479
297,35236-1785339351403096700,35236,46720,1,872,,OP3,FIXED_OPPONENT,train,map_b_split_lane,-1,0,SCRIPTED:OP11_ADAPTIVE_EXPLOITER,,1,3,0,3,137,0.8399999737739563,0,1,7,78,6,12,3,13,1,3,0,3,5,3,0,3,1,1,1,4,50.0,4.730854117957345,1.0,0.5,-0.004434555768966675,0.04999999701976776,1.0,100.0,-0.20000000298023224,0.5210993885993958
298,35236-1785339351403096700,35236,46752,1,874,,OP3,FIXED_OPPONENT,train,map_b_split_lane,-1,1,SCRIPTED:OP11_ADAPTIVE_EXPLOITER,,1,3,0,3,182,0.7599999904632568,1,0,11,55,11,8,10,10,6,4,0,3,0,0,5,2,0,0,0,5,117.0,5.631733317951579,1.0,0.5,-0.016820028424263,0.02499999850988388,1.0,100.0,0.0,0.5549536347389221
299,35236-1785339351403096700,35236,47104,1,896,,OP3,FIXED_OPPONENT,train,map_b_split_lane,-1,1,SCRIPTED:OP11_ADAPTIVE_EXPLOITER,,1,3,2,1,176,0.7599999904632568,1,0,6,46,3,12,11,7,1,5,0,3,1,2,4,0,2,0,2,5,34.0,6.983578768643466,1.0,0.5,-0.010951220989227295,0.02499999850988388,1.0,100.0,-0.20000000298023224,0.5196629762649536
300,35236-1785339351403096700,35236,47200,1,902,,OP3,FIXED_OPPONENT,train,map_b_split_lane,-1,0,SCRIPTED:OP11_ADAPTIVE_EXPLOITER,,1,3,2,1,229,0.7999999523162842,0,1,11,90,1,19,4,10,0,7,0,3,1,2,1,3,2,0,0,4,43.0,5.759337046260917,1.0,0.5,0.005031578242778778,0.02499999850988388,1.0,100.0,0.0,0.5558980107307434
301,35236-1785339351403096700,35236,47536,1,923,,OP3,FIXED_OPPONENT,train,map_b_split_lane,-1,1,SCRIPTED:OP11_ADAPTIVE_EXPLOITER,,1,2,1,1,240,0.7599999904632568,1,0,23,35,8,17,4,5,2,9,1,3,3,0,3,0,0,1,0,2,82.0,7.026365661621094,1.0,0.0,0.00924082100391388,0.0,0.0,0.0,0.0,0.24546147882938385
302,35236-1785339351403096700,35236,47840,1,942,,OP3,FIXED_OPPONENT,train,map_b_split_lane,-1,1,SCRIPTED:OP11_ADAPTIVE_EXPLOITER,,1,3,2,1,111,0.7999999523162842,1,0,10,50,2,6,6,5,1,2,0,3,1,0,1,0,2,0,2,4,35.0,6.901392481348536,1.0,0.5,-0.010181352496147156,0.0,1.0,100.0,0.0,0.5541589260101318
303,35236-1785339351403096700,35236,47888,1,945,,OP3,FIXED_OPPONENT,train,map_b_split_lane,-1,0,SCRIPTED:OP11_ADAPTIVE_EXPLOITER,,1,3,1,2,102,0.6800000071525574,1,0,1,29,1,7,1,7,0,1,0,3,1,3,0,2,1,0,0,3,46.0,5.819788315716912,1.0,0.5,-0.004269123077392578,0.04999999701976776,1.0,100.0,0.0,0.5565756559371948
304,35236-1785339351403096700,35236,47920,1,947,,OP3,FIXED_OPPONENT,train,map_b_split_lane,-1,1,SCRIPTED:OP11_ADAPTIVE_EXPLOITER,,1,3,0,3,142,0.5999999642372131,1,0,7,54,1,13,2,8,0,7,1,2,0,0,1,0,0,0,0,5,33.0,5.519126354808539,1.0,0.5,-0.011308208107948303,0.04999999701976776,1.0,100.0,0.0,0.5562719106674194
305,35236-1785339351403096700,35236,48064,1,956,,OP3,FIXED_OPPONENT,train,map_b_split_lane,-1,1,SCRIPTED:OP11_ADAPTIVE_EXPLOITER,,1,3,2,1,202,0.8399999737739563,1,0,7,56,3,18,1,13,3,4,0,3,0,7,0,2,1,1,0,6,93.0,6.230367226175742,1.0,0.5,-0.01028779149055481,0.02499999850988388,1.0,100.0,0.0,0.5552361011505127
306,35236-1785339351403096700,35236,48080,1,957,,OP3,FIXED_OPPONENT,train,map_b_split_lane,-1,1,SCRIPTED:OP11_ADAPTIVE_EXPLOITER,,1,3,0,3,139,0.8399999737739563,0,1,2,30,3,8,10,4,1,3,1,3,1,1,2,0,1,0,4,2,37.0,6.489497123004721,1.0,0.5,-0.007635384798049927,0.02499999850988388,1.0,100.0,0.0,0.5553507804870605
307,35236-1785339351403096700,35236,48224,1,966,,OP3,FIXED_OPPONENT,train,map_b_split_lane,-1,1,SCRIPTED:OP11_ADAPTIVE_EXPLOITER,,1,3,0,3,115,0.7999999523162842,1,0,4,50,5,10,4,9,2,2,0,3,2,4,1,1,1,2,0,2,55.0,5.473546832540761,1.0,0.5,-0.000454828143119812,0.02499999850988388,1.0,100.0,0.0,0.5556610822677612
308,35236-1785339351403096700,35236,48288,1,970,,OP3,FIXED_OPPONENT,train,map_b_split_lane,-1,1,SCRIPTED:OP11_ADAPTIVE_EXPLOITER,,1,3,1,2,96,0.7199999690055847,0,1,7,36,3,7,6,7,2,0,1,2,0,5,0,1,2,1,2,2,34.0,6.123343149820964,1.0,0.5,-0.02508370578289032,0.02499999850988388,1.0,100.0,0.0,0.5545961856842041
309,35236-1785339351403096700,35236,48400,1,977,,OP3,FIXED_OPPONENT,train,map_b_split_lane,-1,0,SCRIPTED:OP11_ADAPTIVE_EXPLOITER,,1,3,0,3,227,0.8399999737739563,0,4,7,69,2,20,1,21,2,9,0,3,0,0,0,7,0,0,0,6,156.0,6.532726674352974,1.0,0.5,-0.01019287109375,0.0,1.0,100.0,0.0,0.5541584491729736
310,35236-1785339351403096700,35236,48496,1,983,,OP3,FIXED_OPPONENT,train,map_b_split_lane,-1,0,SCRIPTED:OP11_ADAPTIVE_EXPLOITER,,1,3,1,2,111,0.7999999523162842,1,0,6,36,1,11,4,8,0,2,0,3,1,6,0,2,3,0,0,3,42.0,6.30199755419482,1.0,0.5,-0.005524918437004089,0.04999999701976776,1.0,100.0,-0.20000000298023224,0.5210497379302979
311,35236-1785339351403096700,35236,48496,1,983,,OP3,FIXED_OPPONENT,train,map_b_split_lane,-1,1,SCRIPTED:OP11_ADAPTIVE_EXPLOITER,,1,3,1,2,148,0.7599999904632568,0,1,5,42,11,7,10,5,4,2,1,2,3,2,3,1,1,1,2,1,53.0,6.672443699192357,1.0,0.5,-0.007909655570983887,0.0,1.0,100.0,0.0,0.554257333278656
312,35236-1785339351403096700,35236,48656,1,993,,OP3,FIXED_OPPONENT,train,map_b_split_lane,-1,0,SCRIPTED:OP11_ADAPTIVE_EXPLOITER,,1,2,0,2,240,0.8399999737739563,0,1,16,65,4,21,8,4,4,9,0,2,0,0,2,0,0,0,3,2,44.0,6.769773356119791,1.0,0.0,-0.0017128586769104004,0.0,0.0,0.0,-0.20000000298023224,0.19727244973182678
313,35236-1785339351403096700,35236,48736,1,998,,OP3,FIXED_OPPONENT,train,map_b_split_lane,-1,0,SCRIPTED:OP11_ADAPTIVE_EXPLOITER,,1,3,0,3,137,0.7599999904632568,0,1,1,51,7,5,4,10,2,0,0,3,5,1,1,1,0,2,2,3,42.0,6.229260966725593,1.0,0.5,-0.004154697060585022,0.04999999701976776,1.0,100.0,0.0,0.5565805435180664
314,35236-1785339351403096700,35236,48816,1,1003,,OP3,FIXED_OPPONENT,train,map_b_split_lane,-1,0,SCRIPTED:OP11_ADAPTIVE_EXPLOITER,,1,3,1,2,107,0.7599999904632568,1,0,7,17,3,11,2,7,2,2,0,3,0,5,1,1,1,0,0,3,43.0,6.93905382958528,1.0,0.5,-0.003184586763381958,0.0,1.0,100.0,0.0,0.5544618368148804
315,35236-1785339351403096700,35236,48992,1,1014,,OP3,FIXED_OPPONENT,train,map_b_split_lane,-1,0,SCRIPTED:OP11_ADAPTIVE_EXPLOITER,,1,3,0,3,112,0.6800000071525574,1,0,0,33,4,6,0,10,4,1,0,3,0,1,0,0,0,0,0,6,39.0,6.152400970458984,1.0,0.5,-0.010020315647125244,0.03999999910593033,1.0,100.0,-0.20000000298023224,0.5203894376754761
316,35236-1785339351403096700,35236,49408,1,1040,,OP3,FIXED_OPPONENT,train,map_b_split_lane,-1,0,SCRIPTED:OP11_ADAPTIVE_EXPLOITER,,1,2,1,1,240,0.8799999952316284,0,1,10,66,4,18,1,7,2,8,0,2,1,0,0,1,1,0,0,3,74.0,6.418459065755209,1.0,0.0,-0.011963218450546265,0.0,0.0,0.0,0.0,0.2442156821489334
317,35236-1785339351403096700,35236,49728,1,1060,,OP3,FIXED_OPPONENT,train,map_b_split_lane,-1,1,SCRIPTED:OP11_ADAPTIVE_EXPLOITER,,1,3,1,2,118,0.6800000071525574,0,1,16,23,3,11,9,2,1,4,0,3,2,0,2,0,0,1,4,1,38.0,7.30295058428231,1.0,0.5,0.006277784705162048,0.04999999701976776,1.0,100.0,0.0,0.557030439376831
318,35236-1785339351403096700,35236,49808,1,1065,,OP3,FIXED_OPPONENT,train,map_b_split_lane,-1,0,SCRIPTED:OP11_ADAPTIVE_EXPLOITER,,1,3,0,3,142,0.7199999690055847,0,1,1,81,3,13,0,16,2,2,0,3,0,7,0,3,0,2,0,4,39.0,4.404847051056338,1.0,0.5,-0.003634124994277954,0.04999999701976776,1.0,100.0,-0.20000000298023224,0.5211358070373535
319,35236-1785339351403096700,35236,49856,1,1068,,OP3,FIXED_OPPONENT,train,map_b_split_lane,-1,1,SCRIPTED:OP11_ADAPTIVE_EXPLOITER,,1,3,1,2,123,0.7999999523162842,1,0,1,24,3,10,7,4,1,4,0,3,1,1,2,0,1,0,2,3,34.0,6.4781638044651935,1.0,0.5,-0.0020891577005386353,0.0,1.0,100.0,0.0,0.5545093417167664
320,35236-1785339351403096700,35236,49936,1,1073,,OP3,FIXED_OPPONENT,train,map_b_split_lane,-1,1,SCRIPTED:OP11_ADAPTIVE_EXPLOITER,,1,3,1,2,90,0.7199999690055847,0,1,3,24,3,7,1,10,1,2,1,2,1,2,0,2,1,0,0,6,36.0,6.404970974392361,1.0,0.5,-0.00809025764465332,0.04999999701976776,1.0,100.0,0.0,0.5564107894897461
321,35236-1785339351403096700,35236,50320,1,1097,,OP3,FIXED_OPPONENT,train,map_b_split_lane,-1,1,SCRIPTED:OP11_ADAPTIVE_EXPLOITER,,1,3,0,3,150,0.7599999904632568,1,0,7,75,1,15,1,11,1,3,0,3,0,7,1,1,0,1,0,4,41.0,4.559464925130208,1.0,0.5,-0.00037384033203125,0.0,1.0,100.0,0.0,0.5545835494995117
322,35236-1785339351403096700,35236,50400,1,1102,,OP3,FIXED_OPPONENT,train,map_b_split_lane,-1,1,SCRIPTED:OP11_ADAPTIVE_EXPLOITER,,1,3,0,3,125,0.8799999952316284,1,0,0,29,6,6,9,5,3,3,2,1,1,0,3,1,0,0,3,2,40.0,5.9931884765625,1.0,1.0,-0.008476585149765015,0.0,2.0,200.0,0.0,0.7613715529441833
323,35236-1785339351403096700,35236,50480,1,1107,,OP3,FIXED_OPPONENT,train,map_b_split_lane,-1,0,SCRIPTED:OP11_ADAPTIVE_EXPLOITER,,1,3,1,2,141,0.47999998927116394,1,0,10,48,0,15,3,8,0,4,0,3,0,6,1,1,2,0,0,4,43.0,6.165291860593972,1.0,0.5,-0.007043570280075073,0.014999999664723873,1.0,100.0,0.0,0.5549439787864685
324,35236-1785339351403096700,35236,50544,1,1111,,OP3,FIXED_OPPONENT,train,map_b_split_lane,-1,1,SCRIPTED:OP11_ADAPTIVE_EXPLOITER,,1,3,1,2,154,0.6800000071525574,1,0,7,61,4,12,1,7,2,4,0,3,1,1,0,0,1,0,0,5,57.0,5.5742417372666395,1.0,0.5,-0.010598450899124146,0.04999999701976776,1.0,100.0,0.0,0.556302547454834
325,35236-1785339351403096700,35236,50752,1,1124,,OP3,FIXED_OPPONENT,train,map_b_split_lane,-1,1,SCRIPTED:OP11_ADAPTIVE_EXPLOITER,,1,3,0,3,141,0.7999999523162842,0,2,2,64,3,15,6,6,0,1,1,2,2,12,1,1,1,2,3,0,47.0,6.030160890403369,1.0,0.5,-0.003922119736671448,0.04999999701976776,1.0,100.0,0.0,0.5565906763076782
326,35236-1785339351403096700,35236,51344,1,1161,,OP3,FIXED_OPPONENT,train,map_b_split_lane,-1,0,SCRIPTED:OP11_ADAPTIVE_EXPLOITER,,1,3,0,3,88,0.7599999904632568,1,0,8,19,3,5,7,1,1,2,0,3,2,0,3,0,0,0,1,1,40.0,7.48080791126598,1.0,0.5,0.00044858455657958984,0.04999999701976776,1.0,100.0,0.0,0.5567790865898132
327,35236-1785339351403096700,35236,51360,1,1162,,OP3,FIXED_OPPONENT,train,map_b_split_lane,-1,1,SCRIPTED:OP11_ADAPTIVE_EXPLOITER,,1,3,0,3,164,0.7999999523162842,1,0,1,73,7,13,8,10,1,5,1,3,4,2,1,1,1,1,3,4,46.0,4.794668802400914,1.0,0.5,0.004872962832450867,0.0,1.0,100.0,0.0,0.5548105835914612
328,35236-1785339351403096700,35236,51632,1,1179,,OP3,FIXED_OPPONENT,train,map_b_split_lane,-1,0,SCRIPTED:OP11_ADAPTIVE_EXPLOITER,,1,3,1,2,176,0.7199999690055847,1,0,10,43,10,8,1,9,5,2,0,3,4,0,0,2,1,0,0,4,35.0,6.936232133345171,1.0,0.5,-0.011709526181221008,0.02499999850988388,1.0,100.0,-0.20000000298023224,0.5196284055709839
329,35236-1785339351403096700,35236,51696,1,1183,,OP3,FIXED_OPPONENT,train,map_b_split_lane,-1,1,SCRIPTED:OP11_ADAPTIVE_EXPLOITER,,1,3,1,2,213,0.6800000071525574,1,0,16,53,5,21,12,2,2,9,0,3,1,3,4,0,1,0,4,1,41.0,7.264296554063967,1.0,0.5,0.007565319538116455,0.02499999850988388,1.0,100.0,0.0,0.5560073852539062
330,35236-1785339351403096700,35236,51808,1,1190,,OP3,FIXED_OPPONENT,train,map_b_split_lane,-1,1,SCRIPTED:OP11_ADAPTIVE_EXPLOITER,,1,3,2,1,197,0.7599999904632568,0,1,14,64,6,16,2,11,3,3,0,3,1,5,0,2,2,0,0,7,33.0,5.885975174492386,1.0,0.5,-0.008422300219535828,0.04999999701976776,1.0,100.0,-0.20000000298023224,0.5209177732467651
331,35236-1785339351403096700,35236,51904,1,1196,,OP3,FIXED_OPPONENT,train,map_b_split_lane,-1,0,SCRIPTED:OP11_ADAPTIVE_EXPLOITER,,1,2,1,1,240,0.7599999904632568,1,0,12,84,1,23,1,15,1,9,0,2,0,4,0,4,1,0,0,7,33.0,6.086595153808593,1.0,0.0,0.014084547758102417,0.019999999552965164,0.0,0.0,0.0,0.24692009389400482
332,35236-1785339351403096700,35236,51984,1,1201,,OP3,FIXED_OPPONENT,train,map_b_split_lane,-1,1,SCRIPTED:OP11_ADAPTIVE_EXPLOITER,,1,3,0,3,133,0.6800000071525574,1,0,1,68,6,9,5,6,2,4,1,2,1,2,0,2,1,0,2,2,47.0,5.8365203169055455,1.0,0.5,-0.018611133098602295,0.02499999850988388,1.0,100.0,0.0,0.5548762083053589
333,35236-1785339351403096700,35236,52080,1,1207,,OP3,FIXED_OPPONENT,train,map_b_split_lane,-1,0,SCRIPTED:OP11_ADAPTIVE_EXPLOITER,,1,3,1,2,193,0.7599999904632568,0,1,15,61,8,15,1,13,4,6,0,3,1,1,0,2,1,0,0,7,123.0,5.517176494697215,1.0,0.5,-0.0005432963371276855,0.02499999850988388,1.0,100.0,0.0,0.555657148361206
334,35236-1785339351403096700,35236,52144,1,1211,,OP3,FIXED_OPPONENT,train,map_b_split_lane,-1,0,SCRIPTED:OP11_ADAPTIVE_EXPLOITER,,1,3,1,2,171,0.6800000071525574,1,0,11,34,3,12,1,11,3,4,0,3,0,2,0,3,1,0,0,4,35.0,6.387840940241228,1.0,0.5,-0.0032373368740081787,0.02499999850988388,1.0,100.0,0.0,0.5555408596992493
335,35236-1785339351403096700,35236,52320,1,1222,,OP3,FIXED_OPPONENT,train,map_b_split_lane,-1,1,SCRIPTED:OP11_ADAPTIVE_EXPLOITER,,1,3,1,2,157,0.7199999690055847,1,0,9,51,8,6,5,7,3,3,1,2,2,0,1,0,0,1,2,4,37.0,5.556359552274085,1.0,0.5,-0.00993657112121582,0.04999999701976776,1.0,100.0,0.0,0.5563311576843262
336,35236-1785339351403096700,35236,52368,1,1225,,OP3,FIXED_OPPONENT,train,map_b_split_lane,-1,1,SCRIPTED:OP11_ADAPTIVE_EXPLOITER,,1,3,0,3,128,0.7199999690055847,0,1,6,40,8,8,10,7,4,4,1,2,0,0,4,1,0,0,3,4,31.0,5.998730182647705,1.0,0.5,-0.005219027400016785,0.0,1.0,100.0,0.0,0.5543738603591919
337,35236-1785339351403096700,35236,52512,1,1234,,OP3,FIXED_OPPONENT,train,map_b_split_lane,-1,0,SCRIPTED:OP11_ADAPTIVE_EXPLOITER,,1,3,1,2,123,0.6800000071525574,0,1,3,22,4,6,2,9,2,1,0,3,1,1,0,2,1,0,1,3,49.0,6.916830915745681,1.0,0.5,-0.009299129247665405,0.0,1.0,100.0,-0.20000000298023224,0.5185970067977905
338,35236-1785339351403096700,35236,52944,1,1261,,OP3,FIXED_OPPONENT,train,map_b_split_lane,-1,1,SCRIPTED:OP11_ADAPTIVE_EXPLOITER,,1,3,2,1,100,0.7599999904632568,1,0,7,21,2,8,4,8,0,2,0,3,1,3,1,1,2,0,0,6,33.0,6.9473486328125,1.0,0.5,0.0016405433416366577,0.0,1.0,100.0,0.0,0.5546706914901733
339,35236-1785339351403096700,35236,52960,1,1262,,OP3,FIXED_OPPONENT,train,map_b_split_lane,-1,0,SCRIPTED:OP11_ADAPTIVE_EXPLOITER,,1,3,1,2,155,0.8399999737739563,1,0,7,51,4,13,10,4,2,5,0,3,0,3,3,0,1,0,4,3,50.0,7.281319304435484,1.0,0.5,-0.010481104254722595,0.02499999850988388,1.0,100.0,0.0,0.5552277565002441
340,35236-1785339351403096700,35236,52976,1,1263,,OP3,FIXED_OPPONENT,train,map_b_split_lane,-1,1,SCRIPTED:OP11_ADAPTIVE_EXPLOITER,,1,3,1,2,161,0.7599999904632568,1,0,10,47,4,16,3,13,3,5,0,3,0,4,0,5,1,0,1,5,51.0,6.664205041731367,1.0,0.5,-0.019134074449539185,0.02499999850988388,1.0,100.0,0.0,0.5548535585403442
341,35236-1785339351403096700,35236,53248,1,1280,,OP3,FIXED_OPPONENT,train,map_b_split_lane,-1,1,SCRIPTED:OP11_ADAPTIVE_EXPLOITER,,1,3,0,3,156,0.8399999737739563,0,1,6,72,8,6,3,5,3,1,1,2,1,3,0,0,1,1,2,2,60.0,5.422818306164864,1.0,0.5,0.0030198991298675537,0.04999999701976776,1.0,100.0,-0.20000000298023224,0.5214386582374573
342,35236-1785339351403096700,35236,53280,1,1282,,OP3,FIXED_OPPONENT,train,map_b_split_lane,-1,1,SCRIPTED:OP11_ADAPTIVE_EXPLOITER,,1,3,0,3,86,0.5999999642372131,1,0,3,48,3,5,4,6,2,0,1,2,0,3,1,1,0,1,3,2,34.0,5.380181246025618,1.0,0.5,-0.005389109253883362,0.04999999701976776,1.0,100.0,-0.20000000298023224,0.5210559368133545
343,35236-1785339351403096700,35236,53536,1,1298,,OP3,FIXED_OPPONENT,train,map_b_split_lane,-1,0,SCRIPTED:OP11_ADAPTIVE_EXPLOITER,,1,3,0,3,238,0.8399999737739563,0,6,20,87,5,23,0,9,3,10,0,3,0,2,0,0,0,1,0,6,33.0,5.978891068146009,1.0,0.5,-0.0274227112531662,0.029999999329447746,1.0,100.0,0.0,0.5547112226486206
344,35236-1785339351403096700,35236,53856,1,1318,,OP3,FIXED_OPPONENT,train,map_b_split_lane,-1,1,SCRIPTED:OP11_ADAPTIVE_EXPLOITER,,1,3,1,2,111,0.6800000071525574,1,0,5,21,3,5,4,4,0,1,0,3,3,1,1,1,2,0,0,3,59.0,7.3379714553420605,1.0,0.5,-0.0033494234085083008,0.04999999701976776,1.0,100.0,0.0,0.5566152930259705
345,35236-1785339351403096700,35236,53920,1,1322,,OP3,FIXED_OPPONENT,train,map_b_split_lane,-1,1,SCRIPTED:OP11_ADAPTIVE_EXPLOITER,,1,3,1,2,143,0.8399999737739563,0,1,3,55,4,8,3,7,2,3,1,2,1,0,0,0,0,1,2,4,44.0,5.342612099814248,1.0,0.5,-0.010969430208206177,0.04999999701976776,1.0,100.0,0.0,0.5562864542007446
346,35236-1785339351403096700,35236,53936,1,1323,,OP3,FIXED_OPPONENT,train,map_b_split_lane,-1,1,SCRIPTED:OP11_ADAPTIVE_EXPLOITER,,1,3,1,2,122,0.6800000071525574,0,1,8,34,7,3,7,3,2,0,1,3,4,0,2,1,1,0,2,2,35.0,7.002534960137039,1.0,0.5,-0.004229635000228882,0.0,1.0,100.0,0.0,0.5544166564941406
347,35236-1785339351403096700,35236,53984,1,1326,,OP3,FIXED_OPPONENT,train,map_b_split_lane,-1,1,SCRIPTED:OP11_ADAPTIVE_EXPLOITER,,1,3,1,2,104,0.5600000023841858,0,4,2,59,1,7,2,6,1,3,0,3,0,0,1,0,1,0,0,5,45.0,6.439201354980469,1.0,0.5,-0.00775831937789917,0.0,1.0,100.0,0.0,0.5542638301849365
348,35236-1785339351403096700,35236,54112,1,1334,,OP3,FIXED_OPPONENT,train,map_b_split_lane,-1,1,SCRIPTED:OP11_ADAPTIVE_EXPLOITER,,1,3,1,2,172,0.7199999690055847,0,1,4,58,1,19,4,16,0,4,1,2,0,10,0,4,1,1,1,8,48.0,5.533023568086846,1.0,0.5,0.009813621640205383,0.02499999850988388,1.0,100.0,-0.20000000298023224,0.5206097364425659
349,35236-1785339351403096700,35236,54320,1,1347,,OP3,FIXED_OPPONENT,train,map_b_split_lane,-1,1,SCRIPTED:OP11_ADAPTIVE_EXPLOITER,,1,3,1,2,113,0.7599999904632568,1,0,6,38,10,6,4,9,4,0,1,2,3,4,0,2,1,1,2,2,44.0,6.8995345124101215,1.0,0.5,-0.008076399564743042,0.03999999910593033,1.0,100.0,0.0,0.5559797286987305
350,35236-1785339351403096700,35236,54352,1,1349,,OP3,FIXED_OPPONENT,train,map_b_split_lane,-1,0,SCRIPTED:OP11_ADAPTIVE_EXPLOITER,,1,3,0,3,159,0.7999999523162842,1,0,1,87,5,11,6,12,2,1,0,3,3,6,3,0,0,3,0,4,38.0,4.925183949980346,1.0,0.5,-0.004522114992141724,0.04999999701976776,1.0,100.0,-0.20000000298023224,0.5210953950881958
351,35236-1785339351403096700,35236,54736,1,1373,,OP3,FIXED_OPPONENT,train,map_b_split_lane,-1,1,SCRIPTED:OP11_ADAPTIVE_EXPLOITER,,1,3,1,2,111,0.7599999904632568,1,0,0,31,7,5,7,5,2,1,1,2,4,1,2,0,1,1,1,3,36.0,6.575850753096847,1.0,0.5,-0.00690634548664093,0.02499999850988388,1.0,100.0,-0.20000000298023224,0.519847571849823
352,35236-1785339351403096700,35236,54768,1,1375,,OP3,FIXED_OPPONENT,train,map_b_split_lane,-1,0,SCRIPTED:OP11_ADAPTIVE_EXPLOITER,,1,3,0,3,150,0.7599999904632568,0,2,1,72,2,15,1,12,2,5,0,4,0,2,0,2,0,1,1,5,43.0,4.883039957682292,1.0,0.5,-0.009089440107345581,0.0,1.0,100.0,0.0,0.5542062520980835
353,35236-1785339351403096700,35236,54960,1,1387,,OP3,FIXED_OPPONENT,train,map_b_split_lane,-1,0,SCRIPTED:OP11_ADAPTIVE_EXPLOITER,,1,3,2,1,105,0.5199999809265137,1,0,2,22,0,11,4,5,0,3,0,3,0,3,0,1,3,0,0,3,35.0,6.3534162248883925,1.0,0.5,-0.009591147303581238,0.0,1.0,100.0,-0.20000000298023224,0.5185837149620056
354,35236-1785339351403096700,35236,54960,1,1387,,OP3,FIXED_OPPONENT,train,map_b_split_lane,-1,0,SCRIPTED:OP11_ADAPTIVE_EXPLOITER,,1,3,2,1,204,0.7999999523162842,0,2,5,63,1,17,3,13,0,4,0,3,1,6,0,3,2,0,0,7,44.0,5.574029660692402,1.0,0.5,0.002180129289627075,0.02499999850988388,1.0,100.0,0.0,0.5557748675346375
355,35236-1785339351403096700,35236,55120,1,1397,,OP3,FIXED_OPPONENT,train,map_b_split_lane,-1,1,SCRIPTED:OP11_ADAPTIVE_EXPLOITER,,1,3,2,1,136,0.6800000071525574,1,0,2,41,2,15,3,5,1,2,0,3,0,10,2,0,1,1,0,3,48.0,6.593157151166131,1.0,0.5,-0.003405153751373291,0.02499999850988388,1.0,100.0,0.0,0.5555336475372314
356,35236-1785339351403096700,35236,55488,1,1420,,OP3,FIXED_OPPONENT,train,map_b_split_lane,-1,1,SCRIPTED:OP11_ADAPTIVE_EXPLOITER,,1,3,1,2,97,0.7199999690055847,1,0,5,26,2,7,3,5,2,3,0,3,0,0,1,1,1,0,0,3,38.0,6.770178096810567,1.0,0.5,0.005352884531021118,0.0,1.0,100.0,0.0,0.5548313856124878
357,35236-1785339351403096700,35236,55648,1,1430,,OP3,FIXED_OPPONENT,train,map_b_split_lane,-1,1,SCRIPTED:OP11_ADAPTIVE_EXPLOITER,,1,3,1,2,112,0.6800000071525574,0,1,5,34,5,7,11,3,2,2,1,2,2,0,2,0,1,0,6,2,39.0,6.650312151227679,1.0,0.5,-0.002205193042755127,0.03999999910593033,1.0,100.0,0.0,0.5562331676483154
358,35236-1785339351403096700,35236,55920,1,1447,,OP3,FIXED_OPPONENT,train,map_b_split_lane,-1,1,SCRIPTED:OP11_ADAPTIVE_EXPLOITER,,1,3,0,3,184,0.7999999523162842,1,0,16,77,3,18,2,19,0,4,1,2,2,11,0,3,0,3,1,5,32.0,4.456353892450747,1.0,0.5,-0.01019449532032013,0.0,1.0,100.0,-0.20000000298023224,0.5185561180114746
359,35236-1785339351403096700,35236,55936,1,1448,,OP3,FIXED_OPPONENT,train,map_b_split_lane,-1,1,SCRIPTED:OP11_ADAPTIVE_EXPLOITER,,1,3,2,1,168,0.8399999737739563,1,0,12,39,7,9,5,5,2,1,0,3,4,2,1,0,2,0,1,4,41.0,6.343804495675223,1.0,0.5,-0.00652959942817688,0.0,1.0,100.0,-0.20000000298023224,0.5187235474586487
360,35236-1785339351403096700,35236,55968,1,1450,,OP3,FIXED_OPPONENT,train,map_b_split_lane,-1,0,SCRIPTED:OP11_ADAPTIVE_EXPLOITER,,1,3,1,2,116,0.6800000071525574,1,0,7,41,1,12,5,5,0,3,0,3,0,6,1,0,2,0,0,4,51.0,6.707957300646552,1.0,0.5,-0.00288546085357666,0.02499999850988388,1.0,100.0,0.0,0.555556058883667
361,35236-1785339351403096700,35236,55984,1,1451,,OP3,FIXED_OPPONENT,train,map_b_split_lane,-1,0,SCRIPTED:OP11_ADAPTIVE_EXPLOITER,,1,2,0,2,240,0.7199999690055847,1,0,15,73,5,23,7,5,4,10,0,2,0,2,4,0,0,0,2,2,40.0,6.790576171875,1.0,0.0,0.014974355697631836,0.0,0.0,0.0,-0.20000000298023224,0.19827459752559662
362,35236-1785339351403096700,35236,56128,1,1460,,OP3,FIXED_OPPONENT,train,map_b_split_lane,-1,0,SCRIPTED:OP11_ADAPTIVE_EXPLOITER,,1,3,1,2,111,0.6800000071525574,0,1,5,41,2,8,1,5,1,2,0,3,1,1,0,0,1,0,0,4,49.0,5.869427655194257,1.0,0.5,-0.008649930357933044,0.04999999701976776,1.0,100.0,0.0,0.5563865900039673
363,35236-1785339351403096700,35236,56128,1,1460,,OP3,FIXED_OPPONENT,train,map_b_split_lane,-1,1,SCRIPTED:OP11_ADAPTIVE_EXPLOITER,,1,3,2,1,162,0.7999999523162842,1,0,1,40,10,4,8,5,0,1,2,2,7,1,2,1,3,0,2,2,42.0,6.251106921537422,1.0,0.5,-0.004303410649299622,0.0,1.0,100.0,0.0,0.5544134974479675
364,35236-1785339351403096700,35236,56384,1,1476,,OP3,FIXED_OPPONENT,train,map_b_split_lane,-1,1,SCRIPTED:OP11_ADAPTIVE_EXPLOITER,,1,3,0,3,103,0.6800000071525574,1,0,3,26,3,4,6,4,1,1,1,2,1,1,0,2,1,0,3,0,44.0,6.827151992945995,1.0,0.5,0.0007662922143936157,0.02499999850988388,1.0,100.0,0.0,0.5557137727737427
365,35236-1785339351403096700,35236,56432,1,1479,,OP3,FIXED_OPPONENT,train,map_b_split_lane,-1,0,SCRIPTED:OP11_ADAPTIVE_EXPLOITER,,1,3,1,2,153,0.7199999690055847,0,1,8,53,1,11,1,9,1,3,0,3,0,2,0,1,1,0,0,7,35.0,5.918205311095792,1.0,0.5,-0.011556565761566162,0.02499999850988388,1.0,100.0,-0.20000000298023224,0.5196354389190674
366,35236-1785339351403096700,35236,56544,1,1486,,OP3,FIXED_OPPONENT,train,map_b_split_lane,-1,0,SCRIPTED:OP11_ADAPTIVE_EXPLOITER,,1,3,1,2,99,0.47999998927116394,1,0,3,22,0,10,3,8,0,4,0,3,0,2,1,0,1,0,0,5,37.0,5.955305619673296,1.0,0.0,-0.00465334951877594,0.0,0.0,0.0,-0.20000000298023224,0.19709579646587372
367,35236-1785339351403096700,35236,56688,1,1495,,OP3,FIXED_OPPONENT,train,map_b_split_lane,-1,1,SCRIPTED:OP11_ADAPTIVE_EXPLOITER,,1,3,0,3,173,0.7199999690055847,0,1,1,66,5,12,4,11,2,3,0,3,2,4,1,1,2,0,0,5,66.0,5.177006186777457,1.0,0.5,-0.016244471073150635,0.02499999850988388,1.0,100.0,0.0,0.5549785494804382
368,35236-1785339351403096700,35236,57328,1,1535,,OP3,FIXED_OPPONENT,train,map_b_split_lane,-1,0,SCRIPTED:OP11_ADAPTIVE_EXPLOITER,,1,3,2,1,115,0.5999999642372131,1,0,3,11,0,12,5,6,0,0,0,3,0,8,2,1,2,1,1,3,41.0,6.558447796365489,1.0,0.5,-0.021299153566360474,0.029999999329447746,1.0,100.0,-0.20000000298023224,0.5194189548492432
369,35236-1785339351403096700,35236,57600,1,1552,,OP3,FIXED_OPPONENT,train,map_b_split_lane,-1,0,SCRIPTED:OP11_ADAPTIVE_EXPLOITER,,1,3,1,2,122,0.6800000071525574,1,0,3,36,5,8,3,8,3,2,0,3,1,2,1,1,1,0,0,4,41.0,5.964410500448258,1.0,0.5,-0.003590881824493408,0.02499999850988388,1.0,100.0,0.0,0.555525541305542
370,35236-1785339351403096700,35236,58080,1,1582,,OP3,FIXED_OPPONENT,train,map_b_split_lane,-1,0,SCRIPTED:OP11_ADAPTIVE_EXPLOITER,,1,3,0,3,235,0.7199999690055847,0,1,19,96,7,16,2,11,5,7,0,3,0,0,1,1,0,0,0,5,48.0,5.7015380859375,1.0,0.5,-0.01038658618927002,0.0,1.0,100.0,0.0,0.5541500449180603
371,35236-1785339351403096700,35236,58224,1,1591,,OP3,FIXED_OPPONENT,train,map_b_split_lane,-1,0,SCRIPTED:OP11_ADAPTIVE_EXPLOITER,,1,3,0,3,131,0.7599999904632568,0,2,1,92,1,13,0,12,1,6,0,3,0,0,0,1,0,0,0,6,36.0,3.6905606102397424,1.0,0.5,-0.0055966973304748535,0.0,1.0,100.0,0.0,0.5543575286865234
372,35236-1785339351403096700,35236,58336,1,1598,,OP3,FIXED_OPPONENT,train,map_b_split_lane,-1,1,SCRIPTED:OP11_ADAPTIVE_EXPLOITER,,1,3,1,2,119,0.5999999642372131,0,1,1,40,0,11,3,7,0,4,0,3,0,2,1,0,1,0,0,5,34.0,6.090953666622899,1.0,0.5,0.008616015315055847,0.02499999850988388,1.0,100.0,0.0,0.5560528039932251
373,35236-1785339351403096700,35236,58368,1,1600,,OP3,FIXED_OPPONENT,train,map_b_split_lane,-1,1,SCRIPTED:OP11_ADAPTIVE_EXPLOITER,,1,3,1,2,225,0.8399999737739563,1,0,11,54,3,22,9,5,1,9,0,3,1,3,2,0,1,0,5,3,35.0,6.899094509548611,1.0,0.5,0.010962560772895813,0.02499999850988388,1.0,100.0,-0.20000000298023224,0.5206620097160339
374,35236-1785339351403096700,35236,58704,1,1621,,OP3,FIXED_OPPONENT,train,map_b_split_lane,-1,0,SCRIPTED:OP11_ADAPTIVE_EXPLOITER,,1,3,0,3,86,0.7599999904632568,0,1,2,31,1,7,1,4,0,2,0,3,1,2,0,1,1,0,0,2,36.0,6.851351006086483,1.0,0.5,-0.02626323699951172,0.029999999329447746,1.0,100.0,-0.20000000298023224,0.5191924571990967
375,35236-1785339351403096700,35236,58800,1,1627,,OP3,FIXED_OPPONENT,train,map_b_split_lane,-1,1,SCRIPTED:OP11_ADAPTIVE_EXPLOITER,,1,2,1,1,240,0.7999999523162842,1,0,9,68,2,23,3,11,2,8,0,2,0,7,0,1,2,0,0,6,76.0,6.818701680501302,1.0,0.0,0.012858420610427856,0.0,0.0,0.0,0.0,0.24567395448684692
376,35236-1785339351403096700,35236,58816,1,1628,,OP3,FIXED_OPPONENT,train,map_b_split_lane,-1,0,SCRIPTED:OP11_ADAPTIVE_EXPLOITER,,1,3,2,1,133,0.6800000071525574,1,0,2,43,2,10,1,12,1,1,0,3,1,5,0,2,1,1,0,5,43.0,5.625178975270207,1.0,0.5,-0.004953727126121521,0.02499999850988388,1.0,100.0,0.0,0.5554666519165039
377,35236-1785339351403096700,35236,58960,1,1637,,OP3,FIXED_OPPONENT,train,map_b_split_lane,-1,0,SCRIPTED:OP11_ADAPTIVE_EXPLOITER,,0,1,1,0,240,0.8399999737739563,0,1,6,65,3,25,3,11,2,13,0,2,0,0,1,3,1,0,0,3,80.0,6.28609364827474,-0.5,0.0,-0.0025395750999450684,0.0,0.0,0.0,-0.20000000298023224,-0.17338912189006805
378,35236-1785339351403096700,35236,59008,1,1640,,OP3,FIXED_OPPONENT,train,map_b_split_lane,-1,0,SCRIPTED:OP11_ADAPTIVE_EXPLOITER,,1,3,0,3,164,0.7999999523162842,1,0,16,59,5,13,3,16,3,4,0,3,0,4,1,4,0,1,1,5,64.0,5.0727993104516,1.0,0.5,0.006373122334480286,0.0,1.0,100.0,0.0,0.5548754930496216
379,35236-1785339351403096700,35236,59248,1,1655,,OP3,FIXED_OPPONENT,train,map_b_split_lane,-1,0,SCRIPTED:OP11_ADAPTIVE_EXPLOITER,,1,3,0,3,208,0.8799999952316284,1,0,11,73,6,16,5,9,3,4,0,3,1,5,2,2,1,1,1,2,125.0,5.652911259577825,1.0,0.5,0.008145853877067566,0.04999999701976776,1.0,100.0,0.0,0.5571110248565674
380,35236-1785339351403096700,35236,59424,1,1666,,OP3,FIXED_OPPONENT,train,map_b_split_lane,-1,0,SCRIPTED:OP11_ADAPTIVE_EXPLOITER,,1,3,0,3,180,0.6399999856948853,0,1,12,52,5,15,3,4,4,5,0,3,0,2,0,0,1,0,1,3,36.0,6.4330810546875,1.0,0.5,-0.03294147551059723,0.029999999329447746,1.0,100.0,-0.20000000298023224,0.518887460231781
381,35236-1785339351403096700,35236,59776,1,1688,,OP3,FIXED_OPPONENT,train,map_b_split_lane,-1,0,SCRIPTED:OP11_ADAPTIVE_EXPLOITER,,0,1,1,0,240,0.7999999523162842,1,0,15,67,3,19,1,13,2,7,0,1,0,3,0,4,0,1,0,3,163.0,5.491720072428385,-0.5,0.0,-0.00014647841453552246,0.0,0.0,0.0,-0.4000000059604645,-0.22128716111183167
382,35236-1785339351403096700,35236,59808,1,1690,,OP3,FIXED_OPPONENT,train,map_b_split_lane,-1,0,SCRIPTED:OP11_ADAPTIVE_EXPLOITER,,0,1,1,0,240,0.8399999737739563,0,1,16,69,8,21,0,8,5,9,0,2,0,2,0,2,0,1,0,4,202.0,6.325763956705729,-0.5,0.0,0.004033863544464111,0.0,0.0,0.0,-0.4000000059604645,-0.22103868424892426
383,35236-1785339351403096700,35236,59824,1,1691,,OP3,FIXED_OPPONENT,train,map_b_split_lane,-1,0,SCRIPTED:OP11_ADAPTIVE_EXPLOITER,,1,1,0,1,240,0.7199999690055847,0,1,12,75,1,29,2,4,0,16,0,1,0,0,1,0,0,0,0,2,219.0,5.689134724934896,1.0,0.0,0.0038496404886245728,0.0,0.0,0.0,0.0,0.2451447993516922
384,35236-1785339351403096700,35236,59872,1,1694,,OP3,FIXED_OPPONENT,train,map_b_split_lane,-1,1,SCRIPTED:OP11_ADAPTIVE_EXPLOITER,,1,3,1,2,234,0.8399999737739563,1,0,4,57,13,13,3,8,7,4,0,3,0,2,1,0,1,0,0,5,156.0,5.799368573050214,1.0,0.5,-0.006438851356506348,0.0,1.0,100.0,-0.20000000298023224,0.518727719783783
385,35236-1785339351403096700,35236,60016,1,1703,,OP3,FIXED_OPPONENT,train,map_b_split_lane,-1,0,SCRIPTED:OP11_ADAPTIVE_EXPLOITER,,1,3,0,3,121,0.6800000071525574,0,1,1,41,5,9,4,6,2,1,0,4,2,4,2,0,0,2,0,2,41.0,5.982824404377583,1.0,0.5,0.0016428157687187195,0.04999999701976776,1.0,100.0,0.0,0.5568307042121887
386,35236-1785339351403096700,35236,60288,1,1720,,OP3,FIXED_OPPONENT,train,map_b_split_lane,-1,1,SCRIPTED:OP11_ADAPTIVE_EXPLOITER,,1,3,1,2,129,0.4399999976158142,1,0,1,43,0,12,7,5,0,4,0,3,0,2,3,0,1,0,0,4,37.0,6.354450077973595,1.0,0.5,-0.009997844696044922,0.04999999701976776,1.0,100.0,0.0,0.556328535079956
387,35236-1785339351403096700,35236,60496,1,1733,,OP3,FIXED_OPPONENT,train,map_b_split_lane,-1,0,SCRIPTED:OP11_ADAPTIVE_EXPLOITER,,1,3,1,2,133,0.7999999523162842,1,0,1,67,2,10,2,8,1,2,0,3,1,3,1,0,1,1,0,4,61.0,5.149547146675282,1.0,1.0,-0.0060611292719841,0.0,2.0,200.0,-0.20000000298023224,0.7396115064620972
388,35236-1785339351403096700,35236,60528,1,1735,,OP3,FIXED_OPPONENT,train,map_b_split_lane,-1,1,SCRIPTED:OP11_ADAPTIVE_EXPLOITER,,1,3,0,3,108,0.6800000071525574,1,0,4,29,3,8,5,5,0,2,1,2,2,4,1,0,1,0,1,4,35.0,6.845452767831308,1.0,0.5,0.003588840365409851,0.02499999850988388,1.0,100.0,0.0,0.5558357238769531
389,35236-1785339351403096700,35236,60816,1,1753,,OP3,FIXED_OPPONENT,train,map_b_split_lane,-1,1,SCRIPTED:OP11_ADAPTIVE_EXPLOITER,,1,3,2,1,155,0.5999999642372131,0,1,3,47,2,16,2,8,2,6,0,3,0,2,0,1,2,0,0,5,40.0,5.996893901209678,1.0,0.5,-0.017595484852790833,0.03999999910593033,1.0,100.0,0.0,0.5555685758590698
390,35236-1785339351403096700,35236,60832,1,1754,,OP3,FIXED_OPPONENT,train,map_b_split_lane,-1,1,SCRIPTED:OP11_ADAPTIVE_EXPLOITER,,1,3,0,3,114,0.7599999904632568,1,0,1,32,8,4,8,2,0,2,1,2,7,0,2,0,2,0,2,1,52.0,8.18774199904057,1.0,0.5,-0.004373401403427124,0.03999999910593033,1.0,100.0,-0.20000000298023224,0.5206467509269714
391,35236-1785339351403096700,35236,61120,1,1772,,OP3,FIXED_OPPONENT,train,map_b_split_lane,-1,0,SCRIPTED:OP11_ADAPTIVE_EXPLOITER,,0,2,3,-1,220,0.8399999737739563,1,0,8,65,3,19,2,17,2,2,0,3,1,7,0,5,2,1,0,6,41.0,5.653315318714489,-1.0,-0.5,0.016864031553268433,0.019999999552965164,-1.0,-100.0,-0.4000000059604645,-0.6185765266418457
392,35236-1785339351403096700,35236,61616,1,1803,,OP3,FIXED_OPPONENT,train,map_b_split_lane,-1,1,SCRIPTED:OP11_ADAPTIVE_EXPLOITER,,1,3,0,3,182,0.6399999856948853,1,0,10,51,5,16,6,6,2,6,2,1,1,3,1,0,0,1,2,4,44.0,6.034773271162432,1.0,0.5,-0.013975828886032104,0.02499999850988388,1.0,100.0,-0.20000000298023224,0.5195249915122986
393,35236-1785339351403096700,35236,61856,1,1818,,OP3,FIXED_OPPONENT,train,map_b_split_lane,-1,1,SCRIPTED:OP11_ADAPTIVE_EXPLOITER,,1,3,2,1,130,0.6399999856948853,1,0,8,21,2,12,3,7,0,2,1,2,1,7,1,1,2,0,0,5,37.0,6.896277794471154,1.0,0.5,-0.006062552332878113,0.0,1.0,100.0,-0.20000000298023224,0.5187448859214783
394,35236-1785339351403096700,35236,61936,1,1823,,OP3,FIXED_OPPONENT,train,map_b_split_lane,-1,1,SCRIPTED:OP11_ADAPTIVE_EXPLOITER,,1,3,1,2,195,0.7599999904632568,0,1,8,39,19,4,8,4,10,0,3,1,0,3,0,3,1,0,4,0,127.0,7.088047125400641,1.0,0.5,-0.007093548774719238,0.0,1.0,100.0,0.0,0.5542926788330078
395,35236-1785339351403096700,35236,62176,1,1838,,OP3,FIXED_OPPONENT,train,map_b_split_lane,-1,0,SCRIPTED:OP11_ADAPTIVE_EXPLOITER,,1,3,1,2,105,0.3999999761581421,0,1,3,57,0,12,1,7,0,4,0,3,0,4,0,1,1,0,0,4,35.0,5.517277599516369,1.0,0.5,-0.007959380745887756,0.03999999910593033,1.0,100.0,0.0,0.5559847950935364
396,35236-1785339351403096700,35236,62368,1,1850,,OP3,FIXED_OPPONENT,train,map_b_split_lane,-1,1,SCRIPTED:OP11_ADAPTIVE_EXPLOITER,,1,3,0,3,130,0.7199999690055847,1,0,0,56,9,7,8,4,2,1,2,1,4,5,2,0,1,1,2,1,39.0,5.837865741436298,1.0,0.5,0.013796225190162659,0.02499999850988388,1.0,100.0,0.0,0.5562764406204224
397,35236-1785339351403096700,35236,62464,1,1856,,OP3,FIXED_OPPONENT,train,map_b_split_lane,-1,1,SCRIPTED:OP11_ADAPTIVE_EXPLOITER,,1,3,2,1,162,0.7199999690055847,1,0,17,48,3,15,2,10,2,4,0,3,0,4,0,3,2,0,0,5,44.0,5.880100579909336,1.0,0.5,0.0006982088088989258,0.04999999701976776,1.0,100.0,0.0,0.5567898750305176
398,35236-1785339351403096700,35236,62464,1,1856,,OP3,FIXED_OPPONENT,train,map_b_split_lane,-1,0,SCRIPTED:OP11_ADAPTIVE_EXPLOITER,,1,3,1,2,165,0.9199999570846558,0,1,13,28,4,16,6,5,2,4,0,3,0,7,3,0,2,0,0,3,35.0,6.287820342092803,1.0,0.5,-0.019400030374526978,0.014999999664723873,1.0,100.0,0.0,0.5544092655181885
399,35236-1785339351403096700,35236,62480,1,1857,,OP3,FIXED_OPPONENT,train,map_b_split_lane,-1,0,SCRIPTED:OP11_ADAPTIVE_EXPLOITER,,1,3,2,1,122,0.6399999856948853,1,0,4,47,2,8,2,9,1,2,0,3,1,2,0,1,2,0,0,6,36.0,6.153149213947233,1.0,0.5,-0.00807790458202362,0.0,1.0,100.0,-0.20000000298023224,0.5186527967453003
400,35236-1785339351403096700,35236,62720,1,1872,,OP3,FIXED_OPPONENT,train,map_b_split_lane,-1,1,SCRIPTED:OP11_ADAPTIVE_EXPLOITER,,1,3,2,1,217,0.8399999737739563,0,4,4,58,11,17,4,6,5,3,1,2,1,8,0,0,2,0,2,4,33.0,6.226887083273329,1.0,0.5,-0.004710018634796143,0.0,1.0,100.0,-0.20000000298023224,0.5188066959381104
401,35236-1785339351403096700,35236,62800,1,1877,,OP3,FIXED_OPPONENT,train,map_b_split_lane,-1,0,SCRIPTED:OP11_ADAPTIVE_EXPLOITER,,0,1,1,0,240,0.9199999570846558,0,1,1,58,7,18,2,10,5,7,0,2,1,1,1,4,1,0,0,2,164.0,6.8841496785481775,-0.5,0.0,0.015272468328475952,0.0,0.0,0.0,-0.4000000059604645,-0.22037048637866974
402,35236-1785339351403096700,35236,63040,1,1892,,OP3,FIXED_OPPONENT,train,map_b_split_lane,-1,1,SCRIPTED:OP11_ADAPTIVE_EXPLOITER,,1,3,0,3,120,0.7599999904632568,1,0,8,41,5,3,6,3,1,1,2,1,2,1,1,0,1,1,3,1,41.0,5.347724914550781,1.0,0.5,-0.00629916787147522,0.04999999701976776,1.0,100.0,0.0,0.556488037109375
403,35236-1785339351403096700,35236,63088,1,1895,,OP3,FIXED_OPPONENT,train,map_b_split_lane,-1,0,SCRIPTED:OP11_ADAPTIVE_EXPLOITER,,1,3,2,1,142,0.7599999904632568,1,0,8,46,5,11,11,4,2,2,0,3,3,3,5,1,2,0,2,1,35.0,7.326129752145687,1.0,0.5,-0.009152606129646301,0.0,1.0,100.0,0.0,0.5542035102844238
404,35236-1785339351403096700,35236,63232,1,1904,,OP3,FIXED_OPPONENT,train,map_b_split_lane,-1,1,SCRIPTED:OP11_ADAPTIVE_EXPLOITER,,1,3,1,2,214,0.7199999690055847,1,0,4,66,2,20,2,14,1,8,0,3,0,2,0,4,1,0,1,4,46.0,5.545805458710572,1.0,0.5,-0.0077010393142700195,0.0,1.0,100.0,-0.20000000298023224,0.5186700224876404
405,35236-1785339351403096700,35236,63264,1,1906,,OP3,FIXED_OPPONENT,train,map_b_split_lane,-1,0,SCRIPTED:OP11_ADAPTIVE_EXPLOITER,,1,2,1,1,240,0.7599999904632568,0,3,1,88,2,20,1,11,1,9,0,2,1,1,0,2,1,0,0,4,45.0,5.843199157714844,1.0,0.0,-0.017811812460422516,0.0,0.0,0.0,-0.20000000298023224,0.19630523025989532
406,35236-1785339351403096700,35236,63856,1,1943,,OP3,FIXED_OPPONENT,train,map_b_split_lane,-1,1,SCRIPTED:OP11_ADAPTIVE_EXPLOITER,,0,2,2,0,240,0.7999999523162842,0,1,18,70,7,12,3,12,3,6,0,3,2,0,1,3,2,0,0,6,36.0,6.650260925292969,-0.5,0.10000000149011612,0.007151424884796143,0.0,0.0,0.0,-0.20000000298023224,-0.14844796061515808
407,35236-1785339351403096700,35236,63920,1,1947,,OP3,FIXED_OPPONENT,train,map_b_split_lane,-1,0,SCRIPTED:OP11_ADAPTIVE_EXPLOITER,,1,3,1,2,109,0.7999999523162842,1,0,5,43,1,8,4,3,1,1,0,3,0,4,1,0,1,0,2,2,36.0,6.933110508350057,1.0,0.5,-0.016739100217819214,0.02499999850988388,1.0,100.0,0.0,0.5549571514129639
408,35236-1785339351403096700,35236,64112,1,1959,,OP3,FIXED_OPPONENT,train,map_b_split_lane,-1,0,SCRIPTED:OP11_ADAPTIVE_EXPLOITER,,1,3,1,2,156,0.7199999690055847,1,0,10,30,7,9,5,7,5,1,0,3,0,2,2,1,1,0,0,4,36.0,6.465709588466546,1.0,0.5,-0.007571130990982056,0.0,1.0,100.0,-0.20000000298023224,0.5186759829521179
409,35236-1785339351403096700,35236,64224,1,1966,,OP3,FIXED_OPPONENT,train,map_b_split_lane,-1,0,SCRIPTED:OP11_ADAPTIVE_EXPLOITER,,1,3,1,2,143,0.6800000071525574,1,0,6,42,0,12,3,9,0,3,0,3,0,4,0,1,2,0,0,5,49.0,6.303773253114073,1.0,0.5,0.01081933081150055,0.02499999850988388,1.0,100.0,0.0,0.5561479330062866
410,35236-1785339351403096700,35236,64368,1,1975,,OP3,FIXED_OPPONENT,train,map_b_split_lane,-1,0,SCRIPTED:OP11_ADAPTIVE_EXPLOITER,,1,3,1,2,118,0.7999999523162842,1,0,2,49,2,12,7,5,1,4,0,3,1,1,2,0,1,0,3,3,47.0,6.0850830078125,1.0,0.5,0.0032824575901031494,0.0,1.0,100.0,0.0,0.5547417402267456
411,35236-1785339351403096700,35236,64448,1,1980,,OP3,FIXED_OPPONENT,train,map_b_split_lane,-1,1,SCRIPTED:OP11_ADAPTIVE_EXPLOITER,,1,3,0,3,226,0.7199999690055847,0,1,25,50,9,11,3,11,5,5,2,1,0,0,2,0,0,0,0,6,101.0,6.702801459658462,1.0,0.5,-0.003905057907104492,0.04999999701976776,1.0,100.0,0.0,0.5565913319587708
412,35236-1785339351403096700,35236,64528,1,1985,,OP3,FIXED_OPPONENT,train,map_b_split_lane,-1,0,SCRIPTED:OP11_ADAPTIVE_EXPLOITER,,1,3,2,1,129,0.7199999690055847,1,0,6,53,1,11,9,4,0,0,0,3,1,7,2,0,3,0,2,3,53.0,7.2753007282582365,1.0,0.5,-0.00667765736579895,0.0,1.0,100.0,0.0,0.55431067943573
413,35236-1785339351403096700,35236,64560,1,1987,,OP3,FIXED_OPPONENT,train,map_b_split_lane,-1,1,SCRIPTED:OP11_ADAPTIVE_EXPLOITER,,1,3,0,3,137,0.6800000071525574,1,0,3,55,3,13,3,8,2,5,1,2,0,2,0,1,0,1,2,3,36.0,5.284709401374315,1.0,0.5,-0.0328492671251297,0.029999999329447746,1.0,100.0,-0.20000000298023224,0.5188916921615601
414,35236-1785339351403096700,35236,65504,1,2046,,OP3,FIXED_OPPONENT,train,map_b_split_lane,-1,1,SCRIPTED:OP11_ADAPTIVE_EXPLOITER,,1,3,1,2,151,0.6800000071525574,1,0,4,43,7,9,3,9,3,4,2,1,0,2,0,3,0,1,2,3,90.0,7.224653029283941,1.0,0.5,0.0020282715559005737,0.0,1.0,100.0,0.0,0.5546875
415,35236-1785339351403096700,35236,65520,1,2047,,OP3,FIXED_OPPONENT,train,map_b_split_lane,-1,0,SCRIPTED:OP11_ADAPTIVE_EXPLOITER,,1,3,1,2,143,0.7999999523162842,1,0,8,31,3,10,9,2,1,3,0,3,1,3,2,0,1,0,4,2,33.0,7.797586080911276,1.0,0.5,-0.014114871621131897,0.0,1.0,100.0,0.0,0.5539885759353638
416,35236-1785339351403096700,35236,65616,2,5,,OP3,FIXED_OPPONENT,train,map_b_split_lane,-1,0,SCRIPTED:OP11_ADAPTIVE_EXPLOITER,,1,3,2,1,197,0.8399999737739563,1,0,10,85,2,16,1,19,0,3,0,4,2,6,0,5,1,2,0,7,43.0,5.227165415807423,1.0,0.5,-0.001998789608478546,0.04999999701976776,1.0,100.0,0.0,0.5566735863685608
417,35236-1785339351403096700,35236,65696,2,10,,OP3,FIXED_OPPONENT,train,map_b_split_lane,-1,0,SCRIPTED:OP11_ADAPTIVE_EXPLOITER,,1,2,1,1,240,0.7999999523162842,1,0,15,60,13,16,7,5,8,4,0,2,1,4,6,0,0,1,0,1,39.0,6.573310852050781,1.0,0.0,0.005872100591659546,0.02499999850988388,0.0,0.0,0.0,0.24673154950141907
418,35236-1785339351403096700,35236,65728,2,12,,OP3,FIXED_OPPONENT,train,map_b_split_lane,-1,0,SCRIPTED:OP11_ADAPTIVE_EXPLOITER,,1,3,2,1,168,0.7599999904632568,1,0,9,54,1,14,6,4,0,5,0,3,0,3,3,0,2,0,1,3,38.0,6.788348243350074,1.0,0.5,0.008698046207427979,0.02499999850988388,1.0,100.0,-0.20000000298023224,0.5205588936805725
419,35236-1785339351403096700,35236,65792,2,16,,OP3,FIXED_OPPONENT,train,map_b_split_lane,-1,0,SCRIPTED:OP11_ADAPTIVE_EXPLOITER,,1,3,1,2,117,0.6800000071525574,1,0,10,49,3,9,1,9,2,3,0,3,0,2,0,2,0,1,1,3,58.0,6.257516192574786,1.0,0.5,-0.008131816983222961,0.0,1.0,100.0,0.0,0.5542477369308472
420,35236-1785339351403096700,35236,65872,2,21,,OP3,FIXED_OPPONENT,train,map_b_split_lane,-1,0,SCRIPTED:OP11_ADAPTIVE_EXPLOITER,,1,3,1,2,192,0.6399999856948853,1,0,6,31,0,19,7,5,0,8,0,3,0,4,2,0,1,0,2,4,33.0,7.085529327392578,1.0,0.5,0.0041199177503585815,0.02499999850988388,1.0,100.0,0.0,0.5558586120605469
421,35236-1785339351403096700,35236,65872,2,21,,OP3,FIXED_OPPONENT,train,map_b_split_lane,-1,1,SCRIPTED:OP11_ADAPTIVE_EXPLOITER,,1,3,1,2,110,0.7199999690055847,1,0,4,24,6,6,3,11,2,2,1,2,3,1,0,2,1,0,2,5,41.0,6.418140758167613,1.0,0.5,-0.006343066692352295,0.03999999910593033,1.0,100.0,0.0,0.5560545921325684
422,35236-1785339351403096700,35236,66320,2,49,,OP3,FIXED_OPPONENT,train,map_b_split_lane,-1,0,SCRIPTED:OP11_ADAPTIVE_EXPLOITER,,1,3,0,3,225,0.7999999523162842,1,0,10,48,9,9,11,0,6,3,0,3,0,0,5,0,0,0,1,0,152.0,6.886242947048611,1.0,0.5,-0.00010710954666137695,0.04999999701976776,1.0,100.0,-0.20000000298023224,0.5212963819503784
423,35236-1785339351403096700,35236,66368,2,52,,OP3,FIXED_OPPONENT,train,map_b_split_lane,-1,0,SCRIPTED:OP11_ADAPTIVE_EXPLOITER,,1,3,1,2,113,0.7599999904632568,1,0,4,54,3,12,1,11,0,3,0,3,3,3,0,2,1,1,0,4,50.0,5.880521251037058,1.0,0.5,-0.006577193737030029,0.02499999850988388,1.0,100.0,-0.20000000298023224,0.5198625326156616
424,35236-1785339351403096700,35236,66544,2,63,,OP3,FIXED_OPPONENT,train,map_b_split_lane,-1,1,SCRIPTED:OP11_ADAPTIVE_EXPLOITER,,1,3,2,1,168,0.7199999690055847,0,1,7,34,9,15,2,12,4,4,0,3,4,5,0,4,2,0,0,5,37.0,7.114780970982143,1.0,0.5,-0.010775476694107056,0.03999999910593033,1.0,100.0,0.0,0.5558631420135498
425,35236-1785339351403096700,35236,66992,2,91,,OP3,FIXED_OPPONENT,train,map_b_split_lane,-1,0,SCRIPTED:OP11_ADAPTIVE_EXPLOITER,,1,3,0,3,154,0.6399999856948853,1,0,11,41,0,16,1,9,0,7,0,3,0,2,1,1,0,0,0,4,44.0,5.993813650948661,1.0,0.5,-0.00782233476638794,0.029999999329447746,1.0,100.0,0.0,0.5555588006973267
426,35236-1785339351403096700,35236,67008,2,92,,OP3,FIXED_OPPONENT,train,map_b_split_lane,-1,0,SCRIPTED:OP11_ADAPTIVE_EXPLOITER,,1,3,1,2,80,0.7199999690055847,0,1,1,25,1,6,1,3,1,1,0,3,0,2,0,1,1,0,0,2,31.0,7.64276351928711,1.0,0.5,-0.00999191403388977,0.02499999850988388,1.0,100.0,-0.20000000298023224,0.5197067856788635
427,35236-1785339351403096700,35236,67104,2,98,,OP3,FIXED_OPPONENT,train,map_b_split_lane,-1,0,SCRIPTED:OP11_ADAPTIVE_EXPLOITER,,1,2,1,1,240,0.7999999523162842,0,2,22,61,12,15,8,4,4,7,0,2,5,0,3,0,1,0,1,2,86.0,6.083445739746094,1.0,0.0,0.010548412799835205,0.0,0.0,0.0,0.0,0.24553829431533813
428,35236-1785339351403096700,35236,67184,2,103,,OP3,FIXED_OPPONENT,train,map_b_split_lane,-1,1,SCRIPTED:OP11_ADAPTIVE_EXPLOITER,,1,3,0,3,93,0.7199999690055847,1,0,2,26,6,3,8,2,1,1,3,0,1,2,2,0,0,1,3,1,37.0,5.972828854796707,1.0,0.5,0.0019630640745162964,0.02499999850988388,1.0,100.0,-0.20000000298023224,0.5202519297599792
429,35236-1785339351403096700,35236,67312,2,111,,OP3,FIXED_OPPONENT,train,map_b_split_lane,-1,0,SCRIPTED:OP11_ADAPTIVE_EXPLOITER,,1,3,1,2,112,0.5999999642372131,1,0,2,20,3,9,1,9,2,2,0,3,0,2,0,1,1,0,0,5,32.0,6.3980560302734375,1.0,0.5,-0.012690737843513489,0.04999999701976776,1.0,100.0,-0.20000000298023224,0.5207234025001526
430,35236-1785339351403096700,35236,67456,2,120,,OP3,FIXED_OPPONENT,train,map_b_split_lane,-1,0,SCRIPTED:OP11_ADAPTIVE_EXPLOITER,,1,3,1,2,104,0.7199999690055847,1,0,2,46,4,8,1,9,3,2,0,3,0,2,0,1,1,0,0,6,33.0,6.018544123722957,1.0,0.5,-0.011797070503234863,0.04999999701976776,1.0,100.0,0.0,0.556250810623169
431,35236-1785339351403096700,35236,67856,2,145,,OP3,FIXED_OPPONENT,train,map_b_split_lane,-1,1,SCRIPTED:OP11_ADAPTIVE_EXPLOITER,,1,3,2,1,218,0.7999999523162842,1,0,10,51,5,23,2,13,3,6,0,3,0,8,0,5,2,0,0,3,91.0,6.152002737062786,1.0,0.5,-0.007496878504753113,0.0,1.0,100.0,0.0,0.5542752742767334
432,35236-1785339351403096700,35236,67888,2,147,,OP3,FIXED_OPPONENT,train,map_b_split_lane,-1,1,SCRIPTED:OP11_ADAPTIVE_EXPLOITER,,1,3,0,3,84,0.7199999690055847,0,1,0,22,3,3,0,6,2,0,1,2,0,1,0,1,0,0,0,4,36.0,7.0934259323846724,1.0,0.5,-0.01862427592277527,0.03999999910593033,1.0,100.0,0.0,0.5555241107940674
433,35236-1785339351403096700,35236,68064,2,158,,OP3,FIXED_OPPONENT,train,map_b_split_lane,-1,0,SCRIPTED:OP11_ADAPTIVE_EXPLOITER,,1,2,1,1,240,0.9199999570846558,0,1,5,84,7,20,4,10,1,9,0,3,4,3,2,1,1,0,1,4,30.0,6.062450663248698,1.0,0.0,0.0011518895626068115,0.0,0.0,0.0,-0.20000000298023224,0.19744451344013214
434,35236-1785339351403096700,35236,68288,2,172,,OP3,FIXED_OPPONENT,train,map_b_split_lane,-1,0,SCRIPTED:OP11_ADAPTIVE_EXPLOITER,,0,1,1,0,240,0.8399999737739563,0,2,24,58,4,20,10,7,2,7,0,2,0,4,4,1,0,1,4,2,48.0,6.458158874511719,-0.5,0.0,0.01687188446521759,0.019999999552965164,0.0,0.0,0.0,-0.12208350002765656
435,35236-1785339351403096700,35236,68368,2,177,,OP3,FIXED_OPPONENT,train,map_b_split_lane,-1,0,SCRIPTED:OP11_ADAPTIVE_EXPLOITER,,1,3,2,1,172,0.7199999690055847,1,0,9,39,2,16,3,13,1,4,0,3,1,4,0,4,2,0,1,6,34.0,6.328073900799419,1.0,0.5,-0.00691165030002594,0.0,1.0,100.0,-0.20000000298023224,0.5187061429023743
436,35236-1785339351403096700,35236,68720,2,199,,OP3,FIXED_OPPONENT,train,map_b_split_lane,-1,0,SCRIPTED:OP11_ADAPTIVE_EXPLOITER,,1,3,1,2,201,0.7999999523162842,0,2,7,67,4,20,3,11,3,7,0,3,1,3,1,0,1,0,0,10,39.0,6.260080821478545,1.0,0.5,-0.008942514657974243,0.02499999850988388,1.0,100.0,-0.20000000298023224,0.5197546482086182
437,35236-1785339351403096700,35236,68768,2,202,,OP3,FIXED_OPPONENT,train,map_b_split_lane,-1,1,SCRIPTED:OP11_ADAPTIVE_EXPLOITER,,1,3,0,3,111,0.7199999690055847,0,2,0,54,3,8,2,7,1,3,1,2,0,3,0,0,0,1,2,4,35.0,4.250606227565456,1.0,0.5,-0.0014749020338058472,0.0,1.0,100.0,0.0,0.5545359253883362
438,35236-1785339351403096700,35236,68944,2,213,,OP3,FIXED_OPPONENT,train,map_b_split_lane,-1,0,SCRIPTED:OP11_ADAPTIVE_EXPLOITER,,1,3,2,1,121,0.47999998927116394,0,1,7,56,0,12,4,5,0,2,0,3,0,5,1,0,2,0,0,4,58.0,6.144250790934917,1.0,0.5,-0.00520072877407074,0.0,1.0,100.0,0.0,0.5543745756149292
439,35236-1785339351403096700,35236,68960,2,214,,OP3,FIXED_OPPONENT,train,map_b_split_lane,-1,0,SCRIPTED:OP11_ADAPTIVE_EXPLOITER,,1,3,0,3,162,0.7599999904632568,0,1,4,54,2,13,5,7,2,6,0,3,0,0,0,1,0,0,2,4,39.0,6.3723476080246915,1.0,0.4000000059604645,-0.000828281044960022,0.02499999850988388,1.0,100.0,-0.20000000298023224,0.5016515851020813
440,35236-1785339351403096700,35236,69040,2,219,,OP3,FIXED_OPPONENT,train,map_b_split_lane,-1,0,SCRIPTED:OP11_ADAPTIVE_EXPLOITER,,1,3,1,2,170,0.6399999856948853,0,1,12,37,10,11,2,10,6,3,0,3,2,1,0,4,1,0,0,2,51.0,7.1992417279411764,1.0,0.5,-0.0026974231004714966,0.0,1.0,100.0,0.0,0.5544830560684204
441,35236-1785339351403096700,35236,69184,2,228,,OP3,FIXED_OPPONENT,train,map_b_split_lane,-1,0,SCRIPTED:OP11_ADAPTIVE_EXPLOITER,,1,3,1,2,81,0.6800000071525574,1,0,4,36,1,7,1,5,0,3,0,3,1,1,0,1,1,0,0,3,33.0,6.447182737750771,1.0,0.5,0.006060123443603516,0.04999999701976776,1.0,100.0,0.0,0.5570211410522461
442,35236-1785339351403096700,35236,69232,2,231,,OP3,FIXED_OPPONENT,train,map_b_split_lane,-1,1,SCRIPTED:OP11_ADAPTIVE_EXPLOITER,,1,3,1,2,210,0.6800000071525574,0,1,5,67,5,13,7,5,2,5,2,1,1,3,1,0,1,1,3,2,35.0,6.248543294270833,1.0,0.5,0.007744401693344116,0.04999999701976776,1.0,100.0,0.0,0.5570937395095825
443,35236-1785339351403096700,35236,69248,2,232,,OP3,FIXED_OPPONENT,train,map_b_split_lane,-1,1,SCRIPTED:OP11_ADAPTIVE_EXPLOITER,,1,3,1,2,121,0.5600000023841858,1,0,6,11,2,10,3,5,1,3,1,2,0,3,0,2,1,0,1,2,41.0,6.691154543033316,1.0,0.5,-0.004419654607772827,0.0,1.0,100.0,0.0,0.5544084906578064
444,35236-1785339351403096700,35236,69456,2,245,,OP3,FIXED_OPPONENT,train,map_b_split_lane,-1,0,SCRIPTED:OP11_ADAPTIVE_EXPLOITER,,1,3,0,3,87,0.6399999856948853,1,0,5,23,2,5,11,0,1,1,0,3,1,1,2,0,1,0,6,0,37.0,8.085108965292743,1.0,0.5,-0.010101795196533203,0.02499999850988388,1.0,100.0,0.0,0.5552441477775574
445,35236-1785339351403096700,35236,69552,2,251,,OP3,FIXED_OPPONENT,train,map_b_split_lane,-1,1,SCRIPTED:OP11_ADAPTIVE_EXPLOITER,,1,3,1,2,230,0.7599999904632568,0,1,17,59,7,15,12,5,4,5,0,3,1,1,5,2,1,0,1,1,106.0,6.5228250254755435,1.0,0.5,-0.006320104002952576,0.0,1.0,100.0,0.0,0.5543261766433716
446,35236-1785339351403096700,35236,70272,2,296,,OP3,FIXED_OPPONENT,train,map_b_split_lane,-1,1,SCRIPTED:OP11_ADAPTIVE_EXPLOITER,,1,3,1,2,94,0.6800000071525574,1,0,6,35,1,7,3,7,0,3,0,3,1,0,1,0,1,0,0,5,34.0,6.201751708984375,1.0,0.5,0.0030474215745925903,0.04999999701976776,1.0,100.0,-0.20000000298023224,0.5214399099349976
447,35236-1785339351403096700,35236,70336,2,300,,OP3,FIXED_OPPONENT,train,map_b_split_lane,-1,0,SCRIPTED:OP11_ADAPTIVE_EXPLOITER,,1,3,1,2,180,0.7199999690055847,1,0,3,90,5,13,6,14,2,4,0,3,1,3,2,3,1,0,1,5,77.0,5.141478474934896,1.0,0.5,-0.007539093494415283,0.0,1.0,100.0,-0.20000000298023224,0.5186774730682373
448,35236-1785339351403096700,35236,70688,2,322,,OP3,FIXED_OPPONENT,train,map_b_split_lane,-1,1,SCRIPTED:OP11_ADAPTIVE_EXPLOITER,,1,3,0,3,150,0.7599999904632568,0,1,1,57,7,7,7,9,3,1,1,2,2,4,1,3,1,1,3,1,40.0,5.369991861979167,1.0,0.5,-0.010128304362297058,0.02499999850988388,1.0,100.0,-0.20000000298023224,0.5197005271911621
449,35236-1785339351403096700,35236,70752,2,326,,OP3,FIXED_OPPONENT,train,map_b_split_lane,-1,1,SCRIPTED:OP11_ADAPTIVE_EXPLOITER,,1,3,0,3,181,0.7999999523162842,1,0,2,51,3,22,4,11,2,9,0,3,0,2,1,3,0,1,0,3,33.0,5.826577876812845,1.0,0.5,-0.005884572863578796,0.02499999850988388,1.0,100.0,0.0,0.5554264187812805
450,35236-1785339351403096700,35236,70768,2,327,,OP3,FIXED_OPPONENT,train,map_b_split_lane,-1,0,SCRIPTED:OP11_ADAPTIVE_EXPLOITER,,1,3,0,3,114,0.6800000071525574,1,0,3,50,1,11,0,10,1,3,0,3,0,2,0,1,0,1,0,6,33.0,4.76598906935307,1.0,0.5,-0.010467685759067535,0.0,1.0,100.0,0.0,0.5541465878486633
451,35236-1785339351403096700,35236,70768,2,327,,OP3,FIXED_OPPONENT,train,map_b_split_lane,-1,0,SCRIPTED:OP11_ADAPTIVE_EXPLOITER,,1,3,2,1,224,0.8799999952316284,1,0,4,55,10,16,2,12,2,4,0,3,7,4,0,2,2,1,0,5,34.0,5.8244765145438055,1.0,0.5,-0.01096990704536438,0.03999999910593033,1.0,100.0,0.0,0.5558547973632812
452,35236-1785339351403096700,35236,70944,2,338,,OP3,FIXED_OPPONENT,train,map_b_split_lane,-1,0,SCRIPTED:OP11_ADAPTIVE_EXPLOITER,,1,2,1,1,240,0.8399999737739563,0,1,14,82,5,18,2,10,3,7,0,2,0,2,1,2,1,0,0,3,157.0,5.991774495442709,1.0,0.0,-0.0017189979553222656,0.0,0.0,0.0,-0.20000000298023224,0.19727207720279694
453,35236-1785339351403096700,35236,70976,2,340,,OP3,FIXED_OPPONENT,train,map_b_split_lane,-1,1,SCRIPTED:OP11_ADAPTIVE_EXPLOITER,,1,3,1,2,112,0.5999999642372131,1,0,5,42,5,7,2,8,0,2,2,2,3,3,1,0,0,1,0,7,33.0,6.654230390276227,1.0,0.5,0.005664601922035217,0.02499999850988388,1.0,100.0,0.0,0.5559253692626953
454,35236-1785339351403096700,35236,71136,2,350,,OP3,FIXED_OPPONENT,train,map_b_split_lane,-1,1,SCRIPTED:OP11_ADAPTIVE_EXPLOITER,,1,3,0,3,173,0.7999999523162842,1,0,9,58,4,12,6,8,2,6,1,2,0,0,0,2,0,0,4,4,38.0,6.207142736181359,1.0,0.5,0.0025240182876586914,0.0,1.0,100.0,0.0,0.5547089576721191
455,35236-1785339351403096700,35236,71184,2,353,,OP3,FIXED_OPPONENT,train,map_b_split_lane,-1,1,SCRIPTED:OP11_ADAPTIVE_EXPLOITER,,1,3,1,2,154,0.7599999904632568,1,0,4,23,9,9,3,13,3,3,2,1,1,4,0,3,1,1,2,6,34.0,6.87489061231737,1.0,0.5,-0.008275270462036133,0.0,1.0,100.0,0.0,0.5542415380477905
456,35236-1785339351403096700,35236,71328,2,362,,OP3,FIXED_OPPONENT,train,map_b_split_lane,-1,0,SCRIPTED:OP11_ADAPTIVE_EXPLOITER,,1,3,0,3,117,0.7999999523162842,0,1,4,50,6,10,5,11,1,3,0,3,4,2,2,1,1,1,1,5,41.0,5.152696919237447,1.0,0.5,-0.004272535443305969,0.04999999701976776,1.0,100.0,-0.20000000298023224,0.5211067795753479
457,35236-1785339351403096700,35236,71488,2,372,,OP3,FIXED_OPPONENT,train,map_b_split_lane,-1,0,SCRIPTED:OP11_ADAPTIVE_EXPLOITER,,1,3,1,2,140,0.7599999904632568,1,0,6,30,1,14,1,9,1,4,0,3,0,5,0,2,1,0,0,5,76.0,6.7009207589285715,1.0,0.5,0.008734315633773804,0.02499999850988388,1.0,100.0,-0.20000000298023224,0.5205605030059814
458,35236-1785339351403096700,35236,71488,2,372,,OP3,FIXED_OPPONENT,train,map_b_split_lane,-1,1,SCRIPTED:OP11_ADAPTIVE_EXPLOITER,,0,2,3,-1,153,0.7599999904632568,1,0,5,47,3,9,2,6,0,2,1,1,2,5,0,2,2,1,0,2,63.0,6.357962814031863,-1.0,-0.5,0.010776296257972717,0.0,-1.0,-100.0,-0.20000000298023224,-0.5878186225891113
459,35236-1785339351403096700,35236,71664,2,383,,OP3,FIXED_OPPONENT,train,map_b_split_lane,-1,1,SCRIPTED:OP11_ADAPTIVE_EXPLOITER,,1,3,1,2,132,0.7199999690055847,0,1,1,22,4,10,3,7,1,2,0,3,2,3,0,2,1,0,2,3,57.0,6.685020677971117,1.0,0.5,0.00762002170085907,0.0,1.0,100.0,0.0,0.5549294352531433
460,35236-1785339351403096700,35236,71776,2,390,,OP3,FIXED_OPPONENT,train,map_b_split_lane,-1,0,SCRIPTED:OP11_ADAPTIVE_EXPLOITER,,1,3,0,3,176,0.7599999904632568,1,0,10,79,3,11,4,16,3,4,0,3,0,0,1,6,0,0,0,4,54.0,4.922214508056641,1.0,0.5,-0.004903540015220642,0.0,1.0,100.0,0.0,0.5543874502182007
461,35236-1785339351403096700,35236,72000,2,404,,OP3,FIXED_OPPONENT,train,map_b_split_lane,-1,1,SCRIPTED:OP11_ADAPTIVE_EXPLOITER,,1,3,2,1,108,0.6800000071525574,1,0,3,8,3,7,10,1,1,1,0,3,2,3,2,0,2,0,4,1,38.0,8.247023405852142,1.0,0.5,-0.005368068814277649,0.0,1.0,100.0,0.0,0.5543674230575562
462,35236-1785339351403096700,35236,72272,2,421,,OP3,FIXED_OPPONENT,train,map_b_split_lane,-1,0,SCRIPTED:OP11_ADAPTIVE_EXPLOITER,,1,3,2,1,190,0.6399999856948853,0,1,16,58,1,24,4,11,1,8,0,3,0,5,0,4,3,0,0,6,37.0,5.927580823396381,1.0,0.5,-0.001882806420326233,0.0,1.0,100.0,0.0,0.5545182824134827
463,35236-1785339351403096700,35236,72384,2,428,,OP3,FIXED_OPPONENT,train,map_b_split_lane,-1,0,SCRIPTED:OP11_ADAPTIVE_EXPLOITER,,1,3,1,2,106,0.5999999642372131,1,0,5,26,1,12,4,6,0,2,0,3,1,7,2,1,1,1,0,2,33.0,6.418552614607901,1.0,0.5,-0.009053930640220642,0.0,1.0,100.0,-0.20000000298023224,0.5186082720756531
464,35236-1785339351403096700,35236,72448,2,432,,OP3,FIXED_OPPONENT,train,map_b_split_lane,-1,1,SCRIPTED:OP11_ADAPTIVE_EXPLOITER,,1,3,0,3,132,0.7199999690055847,1,0,3,28,6,6,6,2,3,3,0,3,0,0,3,1,0,0,0,1,39.0,7.009500676935369,1.0,0.5,-0.007847338914871216,0.0,1.0,100.0,-0.20000000298023224,0.5186633467674255
465,35236-1785339351403096700,35236,72560,2,439,,OP3,FIXED_OPPONENT,train,map_b_split_lane,-1,0,SCRIPTED:OP11_ADAPTIVE_EXPLOITER,,1,3,0,3,113,0.5999999642372131,0,1,4,52,3,9,2,8,3,3,0,3,0,0,1,0,0,0,0,5,35.0,5.390274452952157,1.0,0.5,-0.007901802659034729,0.0,1.0,100.0,0.0,0.5542576909065247
466,35236-1785339351403096700,35236,72608,2,442,,OP3,FIXED_OPPONENT,train,map_b_split_lane,-1,1,SCRIPTED:OP11_ADAPTIVE_EXPLOITER,,1,3,1,2,104,0.6800000071525574,1,0,4,41,5,7,1,7,2,2,1,2,2,2,0,2,0,1,0,4,35.0,6.995062607985276,1.0,0.5,-0.007379934191703796,0.0,1.0,100.0,-0.20000000298023224,0.5186846852302551
467,35236-1785339351403096700,35236,72656,2,445,,OP3,FIXED_OPPONENT,train,map_b_split_lane,-1,1,SCRIPTED:OP11_ADAPTIVE_EXPLOITER,,1,3,0,3,92,0.6399999856948853,1,0,8,16,4,4,7,0,3,1,1,2,0,0,1,0,0,0,4,0,46.0,7.129249904466712,1.0,0.4000000059604645,-0.006938651204109192,0.03999999910593033,1.0,100.0,-0.20000000298023224,0.5020672678947449
468,35236-1785339351403096700,35236,73056,2,470,,OP3,FIXED_OPPONENT,train,map_b_split_lane,-1,1,SCRIPTED:OP11_ADAPTIVE_EXPLOITER,,1,3,1,2,143,0.7999999523162842,1,0,2,20,4,12,6,2,2,3,1,2,0,5,2,1,1,0,2,0,59.0,7.7171647932145975,1.0,0.5,-0.004731133580207825,0.014999999664723873,1.0,100.0,0.0,0.5550439953804016
469,35236-1785339351403096700,35236,73104,2,473,,OP3,FIXED_OPPONENT,train,map_b_split_lane,-1,1,SCRIPTED:OP11_ADAPTIVE_EXPLOITER,,1,3,0,3,123,0.8399999737739563,1,0,4,37,8,4,6,0,1,0,1,2,5,2,2,0,1,0,2,0,62.0,7.008710659616362,1.0,0.5,-0.0050832778215408325,0.04999999701976776,1.0,100.0,0.0,0.5565404891967773
470,35236-1785339351403096700,35236,73312,2,486,,OP3,FIXED_OPPONENT,train,map_b_split_lane,-1,0,SCRIPTED:OP11_ADAPTIVE_EXPLOITER,,1,3,1,2,103,0.5199999809265137,1,0,6,28,0,10,3,7,0,5,0,3,0,0,1,0,1,0,0,5,35.0,6.008200043613471,1.0,0.5,-0.010492943227291107,0.04999999701976776,1.0,100.0,0.0,0.5563070774078369
471,35236-1785339351403096700,35236,73472,2,496,,OP3,FIXED_OPPONENT,train,map_b_split_lane,-1,1,SCRIPTED:OP11_ADAPTIVE_EXPLOITER,,1,3,1,2,124,0.7999999523162842,0,1,5,37,2,12,3,6,0,3,1,3,1,4,2,0,1,0,0,4,42.0,7.97217781313004,1.0,0.5,0.0012822151184082031,0.03999999910593033,1.0,100.0,0.0,0.5563837289810181
472,35236-1785339351403096700,35236,73472,2,496,,OP3,FIXED_OPPONENT,train,map_b_split_lane,-1,1,SCRIPTED:OP11_ADAPTIVE_EXPLOITER,,1,3,1,2,124,0.6800000071525574,1,0,3,35,3,7,2,9,2,0,1,2,0,5,1,2,1,1,0,3,55.0,7.922354421307964,1.0,0.0,-0.005410224199295044,0.0,0.0,0.0,0.0,0.24460077285766602
473,35236-1785339351403096700,35236,73760,2,514,,OP3,FIXED_OPPONENT,train,map_b_split_lane,-1,1,SCRIPTED:OP11_ADAPTIVE_EXPLOITER,,1,3,1,2,187,0.6800000071525574,0,2,3,53,2,18,11,2,1,6,1,2,0,4,2,0,0,1,8,0,35.0,7.11831681358623,1.0,0.5,-0.005871310830116272,0.04999999701976776,1.0,100.0,0.0,0.5565065145492554
474,35236-1785339351403096700,35236,74304,2,548,,OP3,FIXED_OPPONENT,train,map_b_split_lane,-1,0,SCRIPTED:OP11_ADAPTIVE_EXPLOITER,,1,3,0,3,106,0.6399999856948853,1,0,1,39,4,8,3,5,1,1,0,3,3,3,0,1,2,0,0,3,38.0,6.224038178066038,1.0,0.5,-0.006725594401359558,0.04999999701976776,1.0,100.0,0.0,0.5564696788787842
475,35236-1785339351403096700,35236,74480,2,559,,OP3,FIXED_OPPONENT,train,map_b_split_lane,-1,1,SCRIPTED:OP11_ADAPTIVE_EXPLOITER,,1,3,1,2,219,0.6399999856948853,0,3,14,86,10,12,10,2,5,5,1,2,2,1,3,0,0,1,3,1,36.0,6.100773223458904,1.0,0.5,-0.008395209908485413,0.04999999701976776,1.0,100.0,0.0,0.5563976168632507
476,35236-1785339351403096700,35236,74512,2,561,,OP3,FIXED_OPPONENT,train,map_b_split_lane,-1,0,SCRIPTED:OP11_ADAPTIVE_EXPLOITER,,1,3,2,1,116,0.47999998927116394,1,0,3,24,0,10,2,5,0,0,0,3,0,6,0,2,2,0,0,2,53.0,6.994186927532327,1.0,0.5,0.0005644559860229492,0.02499999850988388,1.0,100.0,-0.20000000298023224,0.5201882123947144
477,35236-1785339351403096700,35236,74816,2,580,,OP3,FIXED_OPPONENT,train,map_b_split_lane,-1,1,SCRIPTED:OP11_ADAPTIVE_EXPLOITER,,1,3,1,2,148,0.6800000071525574,1,0,13,54,9,5,11,3,3,2,1,2,3,1,3,0,2,0,2,2,39.0,5.804968756598395,1.0,0.5,-0.005800172686576843,0.0,1.0,100.0,-0.4000000059604645,0.48127129673957825
478,35236-1785339351403096700,35236,74960,2,589,,OP3,FIXED_OPPONENT,train,map_b_split_lane,-1,1,SCRIPTED:OP11_ADAPTIVE_EXPLOITER,,1,3,0,3,93,0.6800000071525574,1,0,4,16,2,5,2,6,1,1,1,2,0,2,0,0,1,0,0,6,39.0,7.138182937457997,1.0,0.5,-0.010760411620140076,0.02499999850988388,1.0,100.0,-0.20000000298023224,0.5196717381477356
479,35236-1785339351403096700,35236,74992,2,591,,OP3,FIXED_OPPONENT,train,map_b_split_lane,-1,0,SCRIPTED:OP11_ADAPTIVE_EXPLOITER,,1,3,0,3,187,0.7599999904632568,1,0,16,59,4,15,1,13,3,6,0,3,0,1,0,4,0,0,0,4,121.0,6.006237988803476,1.0,0.5,0.0016457438468933105,0.02499999850988388,1.0,100.0,-0.20000000298023224,0.5202374458312988
480,35236-1785339351403096700,35236,75168,2,602,,OP3,FIXED_OPPONENT,train,map_b_split_lane,-1,1,SCRIPTED:OP11_ADAPTIVE_EXPLOITER,,0,2,2,0,240,0.8799999952316284,1,0,15,73,0,28,3,7,0,10,0,2,0,6,1,2,1,1,0,2,44.0,5.820829264322916,-0.5,0.0,0.007871419191360474,0.0,0.0,0.0,0.0,-0.12386862188577652
481,35236-1785339351403096700,35236,75200,2,604,,OP3,FIXED_OPPONENT,train,map_b_split_lane,-1,0,SCRIPTED:OP11_ADAPTIVE_EXPLOITER,,1,3,0,3,165,0.8399999737739563,1,0,15,50,2,14,2,4,2,5,0,3,0,2,0,0,0,1,1,2,35.0,6.520602509469697,1.0,0.5,-0.004799172282218933,0.04999999701976776,1.0,100.0,-0.20000000298023224,0.5210828185081482
482,35236-1785339351403096700,35236,75248,2,607,,OP3,FIXED_OPPONENT,train,map_b_split_lane,-1,1,SCRIPTED:OP11_ADAPTIVE_EXPLOITER,,1,3,1,2,111,0.6800000071525574,1,0,3,33,2,6,1,6,2,2,0,3,0,0,0,0,1,0,0,4,32.0,5.663229452597128,1.0,0.4000000059604645,0.005934566259384155,0.02499999850988388,1.0,100.0,0.0,0.5384238958358765
483,35236-1785339351403096700,35236,75376,2,615,,OP3,FIXED_OPPONENT,train,map_b_split_lane,-1,1,SCRIPTED:OP11_ADAPTIVE_EXPLOITER,,1,3,0,3,145,0.7199999690055847,0,2,3,42,3,10,3,9,2,5,0,3,0,1,1,0,0,0,0,6,76.0,5.952033943965517,1.0,0.5,0.006070971488952637,0.0,1.0,100.0,0.0,0.554862380027771
484,35236-1785339351403096700,35236,75616,2,630,,OP3,FIXED_OPPONENT,train,map_b_split_lane,-1,0,SCRIPTED:OP11_ADAPTIVE_EXPLOITER,,1,2,0,2,240,0.7599999904632568,0,1,14,67,6,18,6,2,5,8,0,2,0,0,2,1,0,0,2,0,76.0,7.212321472167969,1.0,0.0,0.007058203220367432,0.0,0.0,0.0,-0.20000000298023224,0.19779923558235168
485,35236-1785339351403096700,35236,75616,2,630,,OP3,FIXED_OPPONENT,train,map_b_split_lane,-1,0,SCRIPTED:OP11_ADAPTIVE_EXPLOITER,,1,3,0,3,209,0.7599999904632568,1,0,15,108,1,21,0,14,1,10,0,3,0,0,0,4,0,0,0,5,50.0,4.81243224805622,1.0,0.5,-0.011146843433380127,0.04999999701976776,1.0,100.0,-0.20000000298023224,0.5207937359809875
486,35236-1785339351403096700,35236,75904,2,648,,OP3,FIXED_OPPONENT,train,map_b_split_lane,-1,0,SCRIPTED:OP11_ADAPTIVE_EXPLOITER,,1,3,1,2,220,0.6800000071525574,0,2,15,99,9,17,1,13,5,6,0,3,0,2,0,2,1,0,0,7,70.0,4.9804293545809655,1.0,0.5,0.0023596733808517456,0.04999999701976776,1.0,100.0,0.0,0.5568615198135376
487,35236-1785339351403096700,35236,75968,2,652,,OP3,FIXED_OPPONENT,train,map_b_split_lane,-1,1,SCRIPTED:OP11_ADAPTIVE_EXPLOITER,,1,3,2,1,138,0.7599999904632568,0,2,9,37,1,11,5,2,1,4,0,3,0,1,2,0,2,0,0,2,75.0,7.1030914748924365,1.0,0.0,0.004162505269050598,0.0,0.0,0.0,0.0,0.2451631724834442
488,35236-1785339351403096700,35236,76560,2,689,,OP3,FIXED_OPPONENT,train,map_b_split_lane,-1,0,SCRIPTED:OP11_ADAPTIVE_EXPLOITER,,1,3,1,2,100,0.6800000071525574,0,1,2,25,2,8,1,5,2,3,0,3,0,0,0,1,1,0,0,3,39.0,6.69491943359375,1.0,0.5,-0.008296504616737366,0.0,1.0,100.0,0.0,0.5542405843734741
489,35236-1785339351403096700,35236,76624,2,693,,OP3,FIXED_OPPONENT,train,map_b_split_lane,-1,1,SCRIPTED:OP11_ADAPTIVE_EXPLOITER,,1,3,0,3,86,0.6800000071525574,1,0,2,16,1,5,6,0,1,1,0,3,0,1,1,0,0,0,5,0,36.0,8.387431299963662,1.0,0.5,-0.014794796705245972,0.04999999701976776,1.0,100.0,0.0,0.5561214685440063
490,35236-1785339351403096700,35236,76640,2,694,,OP3,FIXED_OPPONENT,train,map_b_split_lane,-1,0,SCRIPTED:OP11_ADAPTIVE_EXPLOITER,,1,3,1,2,221,0.7999999523162842,1,0,18,85,2,24,3,10,1,8,0,4,1,6,1,1,1,1,0,5,40.0,6.051851160386029,1.0,0.5,-0.011939570307731628,0.014999999664723873,1.0,100.0,0.0,0.5547321438789368
491,35236-1785339351403096700,35236,76800,2,704,,OP3,FIXED_OPPONENT,train,map_b_split_lane,-1,1,SCRIPTED:OP11_ADAPTIVE_EXPLOITER,,1,3,1,2,124,0.7599999904632568,1,0,3,27,4,10,8,1,2,1,1,2,0,6,2,0,1,0,3,1,60.0,6.543824226625504,1.0,0.5,-0.004113137722015381,0.0,1.0,100.0,-0.20000000298023224,0.5188339352607727
492,35236-1785339351403096700,35236,76848,2,707,,OP3,FIXED_OPPONENT,train,map_b_split_lane,-1,0,SCRIPTED:OP11_ADAPTIVE_EXPLOITER,,1,3,0,3,148,0.7599999904632568,1,0,6,49,6,10,8,10,4,3,0,3,0,2,3,1,0,1,2,4,44.0,5.8717544143264355,1.0,0.5,-0.012105807662010193,0.02499999850988388,1.0,100.0,0.0,0.555157482624054
493,35236-1785339351403096700,35236,76896,2,710,,OP3,FIXED_OPPONENT,train,map_b_split_lane,-1,1,SCRIPTED:OP11_ADAPTIVE_EXPLOITER,,1,3,1,2,224,0.8799999952316284,1,0,14,57,5,14,7,3,4,5,1,3,0,1,2,1,1,0,2,1,37.0,6.71238762991769,1.0,0.5,-0.01767107844352722,0.02499999850988388,1.0,100.0,0.0,0.5549168586730957
494,35236-1785339351403096700,35236,77312,2,736,,OP3,FIXED_OPPONENT,train,map_b_split_lane,-1,1,SCRIPTED:OP11_ADAPTIVE_EXPLOITER,,1,3,1,2,188,0.8799999952316284,1,0,6,90,7,7,8,9,1,1,2,2,3,3,2,1,1,1,3,5,43.0,5.359689590778757,1.0,0.5,-0.008489683270454407,0.0,1.0,100.0,0.0,0.5542322397232056
495,35236-1785339351403096700,35236,77408,2,742,,OP3,FIXED_OPPONENT,train,map_b_split_lane,-1,1,SCRIPTED:OP11_ADAPTIVE_EXPLOITER,,1,3,0,3,127,0.6399999856948853,1,0,1,25,2,10,5,9,2,4,0,4,0,0,2,0,0,0,2,6,33.0,6.614178034264271,1.0,0.5,0.006247356534004211,0.04999999701976776,1.0,100.0,0.0,0.557029128074646
496,35236-1785339351403096700,35236,77808,2,767,,OP3,FIXED_OPPONENT,train,map_b_split_lane,-1,0,SCRIPTED:OP11_ADAPTIVE_EXPLOITER,,1,3,1,2,206,0.7199999690055847,1,0,4,49,4,20,4,4,3,8,0,3,1,1,2,0,1,0,0,3,45.0,6.753890250493022,1.0,1.0,0.004259243607521057,0.0,1.5,150.0,0.0,0.7040398716926575
497,35236-1785339351403096700,35236,78128,2,787,,OP3,FIXED_OPPONENT,train,map_b_split_lane,-1,1,SCRIPTED:OP11_ADAPTIVE_EXPLOITER,,1,3,1,2,157,0.7199999690055847,1,0,3,53,13,5,10,4,1,1,1,2,10,1,2,2,3,0,1,2,40.0,5.366969017466163,1.0,0.5,0.004617318511009216,0.0,1.0,100.0,-0.20000000298023224,0.5192325711250305
498,35236-1785339351403096700,35236,78368,2,802,,OP3,FIXED_OPPONENT,train,map_b_split_lane,-1,1,SCRIPTED:OP11_ADAPTIVE_EXPLOITER,,1,3,0,3,198,0.7999999523162842,1,0,1,134,4,16,5,15,1,2,0,3,3,9,1,2,1,2,0,5,36.0,3.380865848425663,1.0,0.5,-0.006376102566719055,0.04999999701976776,1.0,100.0,-0.20000000298023224,0.5210109949111938
499,35236-1785339351403096700,35236,78416,2,805,,OP3,FIXED_OPPONENT,train,map_b_split_lane,-1,1,SCRIPTED:OP11_ADAPTIVE_EXPLOITER,,1,3,2,1,214,0.7999999523162842,1,0,14,44,2,22,3,13,1,9,0,3,0,3,1,4,2,0,0,5,133.0,6.619162301036799,1.0,0.5,-0.0033798813819885254,0.0,1.0,100.0,0.0,0.5544534921646118
500,35236-1785339351403096700,35236,78640,2,819,,OP3,FIXED_OPPONENT,train,map_b_split_lane,-1,0,SCRIPTED:OP11_ADAPTIVE_EXPLOITER,,1,3,0,3,130,0.7599999904632568,1,0,8,56,2,13,1,14,1,2,0,3,1,6,0,5,0,2,1,1,45.0,5.110664719801683,1.0,0.5,-0.009507790207862854,0.02499999850988388,1.0,100.0,-0.20000000298023224,0.5197288990020752
501,35236-1785339351403096700,35236,78672,2,821,,OP3,FIXED_OPPONENT,train,map_b_split_lane,-1,1,SCRIPTED:OP11_ADAPTIVE_EXPLOITER,,1,3,0,3,114,0.8399999737739563,1,0,3,43,4,4,8,4,1,1,2,1,1,2,2,1,1,0,4,1,36.0,6.6068570321066336,1.0,0.5,-0.005259647965431213,0.0,1.0,100.0,0.0,0.5543720722198486
502,35236-1785339351403096700,35236,78752,2,826,,OP3,FIXED_OPPONENT,train,map_b_split_lane,-1,1,SCRIPTED:OP11_ADAPTIVE_EXPLOITER,,0,2,3,-1,178,0.8799999952316284,1,0,2,46,5,10,10,2,1,2,2,1,1,6,2,0,2,1,4,0,46.0,6.649051966292135,-1.0,-0.5,0.0009887516498565674,0.0,-1.0,-100.0,-0.20000000298023224,-0.5882188081741333
503,35236-1785339351403096700,35236,78784,2,828,,OP3,FIXED_OPPONENT,train,map_b_split_lane,-1,0,SCRIPTED:OP11_ADAPTIVE_EXPLOITER,,1,3,1,2,118,0.6399999856948853,1,0,3,35,2,10,1,9,0,4,0,3,1,1,0,1,1,0,0,5,35.0,5.961813716565148,1.0,0.5,-0.0025570541620254517,0.0,1.0,100.0,0.0,0.554489016532898
504,35236-1785339351403096700,35236,78864,2,833,,OP3,FIXED_OPPONENT,train,map_b_split_lane,-1,0,SCRIPTED:OP11_ADAPTIVE_EXPLOITER,,1,3,0,3,181,0.8799999952316284,0,3,9,65,6,13,0,18,3,5,0,4,0,2,0,4,0,1,0,5,96.0,5.6127838640581835,1.0,0.5,-0.008417144417762756,0.02499999850988388,1.0,100.0,0.0,0.5553169250488281
505,35236-1785339351403096700,35236,79008,2,842,,OP3,FIXED_OPPONENT,train,map_b_split_lane,-1,1,SCRIPTED:OP11_ADAPTIVE_EXPLOITER,,1,3,2,1,240,0.8399999737739563,0,1,2,68,7,15,7,9,2,6,0,3,1,2,3,0,2,0,0,6,35.0,6.211947123209636,1.0,0.5,-0.005636394023895264,0.04999999701976776,1.0,100.0,-0.20000000298023224,0.5210446715354919
506,35236-1785339351403096700,35236,79200,2,854,,OP3,FIXED_OPPONENT,train,map_b_split_lane,-1,0,SCRIPTED:OP11_ADAPTIVE_EXPLOITER,,1,3,1,2,112,0.7199999690055847,1,0,6,49,1,11,1,8,1,4,0,3,0,1,0,1,1,0,0,4,42.0,5.954319545200893,1.0,0.5,0.0026818811893463135,0.04999999701976776,1.0,100.0,0.0,0.556875467300415
507,35236-1785339351403096700,35236,79456,2,870,,OP3,FIXED_OPPONENT,train,map_b_split_lane,-1,0,SCRIPTED:OP11_ADAPTIVE_EXPLOITER,,1,2,1,1,240,0.7999999523162842,0,2,12,58,7,26,5,3,4,11,0,2,0,3,2,0,1,0,1,2,33.0,6.321179707845052,1.0,0.0,0.011370837688446045,0.0,0.0,0.0,-0.20000000298023224,0.19805823266506195
508,35236-1785339351403096700,35236,79664,2,883,,OP3,FIXED_OPPONENT,train,map_b_split_lane,-1,1,SCRIPTED:OP11_ADAPTIVE_EXPLOITER,,1,3,0,3,189,0.8399999737739563,1,0,7,69,8,12,12,4,4,6,1,2,0,0,3,0,0,0,5,2,33.0,6.451975343088624,1.0,0.5,-0.003905847668647766,0.0,1.0,100.0,-0.4000000059604645,0.4813622832298279
509,35236-1785339351403096700,35236,80240,2,919,,OP3,FIXED_OPPONENT,train,map_b_split_lane,-1,0,SCRIPTED:OP11_ADAPTIVE_EXPLOITER,,1,3,1,2,114,0.7199999690055847,1,0,1,41,5,5,4,7,1,2,0,3,3,0,1,0,2,0,0,6,34.0,6.409172191954496,1.0,0.5,-0.025067701935768127,0.029999999329447746,1.0,100.0,0.0,0.5548131465911865
510,35236-1785339351403096700,35236,80320,2,924,,OP3,FIXED_OPPONENT,train,map_b_split_lane,-1,1,SCRIPTED:OP11_ADAPTIVE_EXPLOITER,,1,3,0,3,188,0.7599999904632568,1,0,21,81,7,15,3,17,2,1,1,4,3,9,0,5,1,2,0,5,97.0,6.61032429147274,1.0,0.5,0.0014546513557434082,0.04999999701976776,1.0,100.0,0.0,0.5568225383758545
511,35236-1785339351403096700,35236,80384,2,928,,OP3,FIXED_OPPONENT,train,map_b_split_lane,-1,1,SCRIPTED:OP11_ADAPTIVE_EXPLOITER,,1,3,2,1,235,0.8399999737739563,1,0,12,68,14,14,9,9,4,3,0,3,6,5,4,1,2,1,2,3,51.0,5.690843168218085,1.0,0.5,-0.003861531615257263,0.04999999701976776,1.0,100.0,-0.20000000298023224,0.5211254358291626
512,35236-1785339351403096700,35236,80416,2,930,,OP3,FIXED_OPPONENT,train,map_b_split_lane,-1,0,SCRIPTED:OP11_ADAPTIVE_EXPLOITER,,1,3,1,2,128,0.6399999856948853,1,0,4,48,1,13,2,9,1,3,0,3,0,5,0,1,2,0,0,6,35.0,6.136937141418457,1.0,0.5,-0.002281293272972107,0.014999999664723873,1.0,100.0,-0.20000000298023224,0.519602358341217
513,35236-1785339351403096700,35236,80496,2,935,,OP3,FIXED_OPPONENT,train,map_b_split_lane,-1,0,SCRIPTED:OP11_ADAPTIVE_EXPLOITER,,1,3,1,2,168,0.7599999904632568,0,3,6,53,2,14,1,15,1,7,0,3,1,0,0,4,1,0,0,6,38.0,5.813205900646391,1.0,1.0,-0.0026967525482177734,0.04999999701976776,2.0,200.0,0.0,0.7628329992294312
514,35236-1785339351403096700,35236,80512,2,936,,OP3,FIXED_OPPONENT,train,map_b_split_lane,-1,1,SCRIPTED:OP11_ADAPTIVE_EXPLOITER,,1,3,1,2,232,0.8799999952316284,1,0,7,71,7,16,8,10,2,5,2,1,2,4,0,3,2,1,3,2,131.0,6.095381638099408,1.0,0.5,-0.006121337413787842,0.02499999850988388,1.0,100.0,0.0,0.5554162263870239
515,35236-1785339351403096700,35236,80560,2,939,,OP3,FIXED_OPPONENT,train,map_b_split_lane,-1,0,SCRIPTED:OP11_ADAPTIVE_EXPLOITER,,1,3,0,3,97,0.7199999690055847,1,0,4,20,3,7,2,8,1,1,0,3,2,3,0,1,1,1,0,5,36.0,5.668138012443621,1.0,0.5,-0.005161210894584656,0.04999999701976776,1.0,100.0,0.0,0.5565371513366699
516,35236-1785339351403096700,35236,80640,2,944,,OP3,FIXED_OPPONENT,train,map_b_split_lane,-1,1,SCRIPTED:OP11_ADAPTIVE_EXPLOITER,,1,3,0,3,157,0.7999999523162842,0,1,2,81,9,5,12,4,2,2,1,2,6,0,3,0,2,0,2,3,38.0,4.556564817003384,1.0,0.5,-0.007797360420227051,0.0,1.0,100.0,0.0,0.5542621612548828
517,35236-1785339351403096700,35236,80848,2,957,,OP3,FIXED_OPPONENT,train,map_b_split_lane,-1,1,SCRIPTED:OP11_ADAPTIVE_EXPLOITER,,1,3,0,3,129,0.6800000071525574,1,0,4,29,9,4,13,3,5,0,1,2,0,2,4,1,0,0,5,1,76.0,6.4224598019622094,1.0,0.5,-0.016932129859924316,0.02499999850988388,1.0,100.0,0.0,0.5549488067626953
518,35236-1785339351403096700,35236,80896,2,960,,OP3,FIXED_OPPONENT,train,map_b_split_lane,-1,1,SCRIPTED:OP11_ADAPTIVE_EXPLOITER,,1,3,2,1,139,0.7999999523162842,1,0,1,45,7,5,6,6,2,1,1,2,2,1,2,0,1,1,1,4,38.0,5.774603754496403,1.0,0.5,-0.018552377820014954,0.03999999910593033,1.0,100.0,0.0,0.5555272102355957
519,35236-1785339351403096700,35236,80928,2,962,,OP3,FIXED_OPPONENT,train,map_b_split_lane,-1,0,SCRIPTED:OP11_ADAPTIVE_EXPLOITER,,1,3,0,3,143,0.7599999904632568,1,0,13,32,2,9,7,5,2,4,0,3,0,0,2,0,0,0,1,4,42.0,6.092757645186844,1.0,0.5,-0.007017672061920166,0.02499999850988388,1.0,100.0,0.0,0.5553774833679199
520,35236-1785339351403096700,35236,81152,2,976,,OP3,FIXED_OPPONENT,train,map_b_split_lane,-1,1,SCRIPTED:OP11_ADAPTIVE_EXPLOITER,,1,3,1,2,106,0.5600000023841858,0,1,2,33,1,8,0,8,1,2,0,3,0,3,0,1,0,1,0,5,38.0,6.25178383881191,1.0,0.5,-0.0175773948431015,0.02499999850988388,1.0,100.0,0.0,0.5549208521842957
521,35236-1785339351403096700,35236,81584,2,1003,,OP3,FIXED_OPPONENT,train,map_b_split_lane,-1,0,SCRIPTED:OP11_ADAPTIVE_EXPLOITER,,1,3,2,1,170,0.6399999856948853,1,0,7,52,2,13,2,5,1,3,0,3,1,4,0,0,2,0,0,4,83.0,6.018500114889706,1.0,0.5,-0.010404378175735474,0.0,1.0,100.0,-0.20000000298023224,0.5185465216636658
522,35236-1785339351403096700,35236,81968,2,1027,,OP3,FIXED_OPPONENT,train,map_b_split_lane,-1,0,SCRIPTED:OP11_ADAPTIVE_EXPLOITER,,1,3,1,2,173,0.7199999690055847,1,0,5,34,5,9,4,8,5,2,0,3,0,0,0,2,1,0,3,3,33.0,6.867550182893786,1.0,0.4000000059604645,-0.0076875239610672,0.04999999701976776,1.0,100.0,0.0,0.5389286875724792
523,35236-1785339351403096700,35236,81984,2,1028,,OP3,FIXED_OPPONENT,train,map_b_split_lane,-1,1,SCRIPTED:OP11_ADAPTIVE_EXPLOITER,,1,3,1,2,98,0.6399999856948853,0,1,4,19,1,9,3,7,1,2,0,3,0,3,0,0,2,0,0,5,36.0,5.906578219666773,1.0,0.5,-0.004507079720497131,0.04999999701976776,1.0,100.0,0.0,0.5565654039382935
524,35236-1785339351403096700,35236,82064,2,1033,,OP3,FIXED_OPPONENT,train,map_b_split_lane,-1,0,SCRIPTED:OP11_ADAPTIVE_EXPLOITER,,1,3,1,2,207,0.7199999690055847,0,1,14,70,1,17,1,11,1,6,0,3,0,2,0,1,1,0,0,7,48.0,5.622723713013285,1.0,0.5,-0.0021581947803497314,0.04999999701976776,1.0,100.0,0.0,0.5566667318344116
525,35236-1785339351403096700,35236,82208,2,1042,,OP3,FIXED_OPPONENT,train,map_b_split_lane,-1,0,SCRIPTED:OP11_ADAPTIVE_EXPLOITER,,1,3,1,2,85,0.5999999642372131,0,1,3,18,1,5,1,4,1,1,0,3,0,1,0,0,1,0,0,3,30.0,6.96067684397978,1.0,0.5,-0.00812600553035736,0.0,1.0,100.0,0.0,0.554248034954071
526,35236-1785339351403096700,35236,82256,2,1045,,OP3,FIXED_OPPONENT,train,map_b_split_lane,-1,0,SCRIPTED:OP11_ADAPTIVE_EXPLOITER,,1,3,1,2,126,0.5999999642372131,0,1,6,24,0,13,1,9,0,4,0,3,0,4,0,2,1,0,0,4,33.0,6.049829876612103,1.0,0.5,-0.012875959277153015,0.02499999850988388,1.0,100.0,0.0,0.5551242232322693
527,35236-1785339351403096700,35236,82304,2,1048,,OP3,FIXED_OPPONENT,train,map_b_split_lane,-1,1,SCRIPTED:OP11_ADAPTIVE_EXPLOITER,,1,3,1,2,120,0.6800000071525574,1,0,4,32,5,7,10,1,3,0,2,1,0,5,2,0,1,0,6,0,38.0,6.7793223063151045,1.0,0.5,0.006348550319671631,0.0,1.0,100.0,0.0,0.5548744201660156
528,35236-1785339351403096700,35236,82640,2,1069,,OP3,FIXED_OPPONENT,train,map_b_split_lane,-1,0,SCRIPTED:OP11_ADAPTIVE_EXPLOITER,,1,3,1,2,186,0.7199999690055847,1,0,8,69,2,16,1,11,1,7,0,3,0,2,0,1,1,0,0,6,48.0,5.506808373235887,1.0,0.5,0.006523117423057556,0.02499999850988388,1.0,100.0,-0.20000000298023224,0.5204598307609558
529,35236-1785339351403096700,35236,82656,2,1070,,OP3,FIXED_OPPONENT,train,map_b_split_lane,-1,0,SCRIPTED:OP11_ADAPTIVE_EXPLOITER,,1,3,1,2,134,0.7599999904632568,1,0,6,37,0,16,2,10,0,6,0,3,0,3,1,0,1,0,0,6,45.0,4.967904617537314,1.0,0.5,-0.009836047887802124,0.04999999701976776,1.0,100.0,-0.20000000298023224,0.5208534002304077
530,35236-1785339351403096700,35236,82720,2,1074,,OP3,FIXED_OPPONENT,train,map_b_split_lane,-1,1,SCRIPTED:OP11_ADAPTIVE_EXPLOITER,,1,3,1,2,98,0.47999998927116394,1,0,1,37,0,6,0,6,0,2,0,3,0,1,0,2,0,1,0,2,49.0,6.461400868941326,1.0,0.5,-0.00428202748298645,0.04999999701976776,1.0,100.0,0.0,0.5565750598907471
531,35236-1785339351403096700,35236,82960,2,1089,,OP3,FIXED_OPPONENT,train,map_b_split_lane,-1,1,SCRIPTED:OP11_ADAPTIVE_EXPLOITER,,1,3,0,3,127,0.6399999856948853,1,0,4,33,7,5,4,6,4,2,2,1,1,0,0,1,0,0,3,3,50.0,6.308511088213582,1.0,0.5,-0.007259935140609741,0.03999999910593033,1.0,100.0,-0.4000000059604645,0.48311999440193176
532,35236-1785339351403096700,35236,83008,2,1092,,OP3,FIXED_OPPONENT,train,map_b_split_lane,-1,0,SCRIPTED:OP11_ADAPTIVE_EXPLOITER,,1,3,1,2,157,0.7199999690055847,1,0,4,56,1,13,1,7,1,6,0,3,0,0,0,3,1,0,0,2,35.0,6.140378138062301,1.0,0.5,0.004319742321968079,0.04999999701976776,1.0,100.0,0.0,0.5569460391998291
533,35236-1785339351403096700,35236,83024,2,1093,,OP3,FIXED_OPPONENT,train,map_b_split_lane,-1,1,SCRIPTED:OP11_ADAPTIVE_EXPLOITER,,1,3,1,2,133,0.7199999690055847,1,0,10,12,4,7,6,5,3,2,0,3,0,2,2,0,1,0,2,5,61.0,8.294241768973214,1.0,0.5,-0.006078094244003296,0.0,1.0,100.0,-0.4000000059604645,0.48125794529914856
534,35236-1785339351403096700,35236,83040,2,1094,,OP3,FIXED_OPPONENT,train,map_b_split_lane,-1,1,SCRIPTED:OP11_ADAPTIVE_EXPLOITER,,1,3,0,3,155,0.7199999690055847,1,0,3,58,5,10,3,7,2,3,2,1,0,4,0,2,0,1,2,2,42.0,6.665301316784274,1.0,0.5,-0.019035130739212036,0.02499999850988388,1.0,100.0,-0.20000000298023224,0.5192941427230835
535,35236-1785339351403096700,35236,83328,2,1112,,OP3,FIXED_OPPONENT,train,map_b_split_lane,-1,0,SCRIPTED:OP11_ADAPTIVE_EXPLOITER,,1,3,0,3,168,0.8799999952316284,1,0,5,107,5,15,5,13,2,6,0,3,2,2,3,2,0,1,0,6,85.0,4.2351564679827005,1.0,0.5,-0.007724553346633911,0.0,1.0,100.0,-0.20000000298023224,0.5186689496040344
536,35236-1785339351403096700,35236,83744,2,1138,,OP3,FIXED_OPPONENT,train,map_b_split_lane,-1,1,SCRIPTED:OP11_ADAPTIVE_EXPLOITER,,1,3,1,2,214,0.7199999690055847,0,1,8,46,12,12,7,8,4,4,1,2,4,3,1,2,1,1,3,2,32.0,6.865966796875,1.0,0.5,-0.013409733772277832,0.029999999329447746,1.0,100.0,0.0,0.5553172826766968
537,35236-1785339351403096700,35236,83920,2,1149,,OP3,FIXED_OPPONENT,train,map_b_split_lane,-1,0,SCRIPTED:OP11_ADAPTIVE_EXPLOITER,,1,3,1,2,121,0.7199999690055847,1,0,12,25,4,20,5,2,3,5,0,3,0,7,3,0,1,0,0,1,32.0,7.703625891819473,1.0,0.5,-0.007938235998153687,0.0,1.0,100.0,0.0,0.5542560815811157
538,35236-1785339351403096700,35236,84112,2,1161,,OP3,FIXED_OPPONENT,train,map_b_split_lane,-1,1,SCRIPTED:OP11_ADAPTIVE_EXPLOITER,,1,3,1,2,113,0.6399999856948853,1,0,5,31,1,13,5,5,1,4,0,3,0,4,0,1,2,0,2,2,44.0,6.7557594501866705,1.0,0.5,0.007676988840103149,0.0,1.0,100.0,-0.20000000298023224,0.519372284412384
539,35236-1785339351403096700,35236,84320,2,1174,,OP3,FIXED_OPPONENT,train,map_b_split_lane,-1,0,SCRIPTED:OP11_ADAPTIVE_EXPLOITER,,1,3,1,2,85,0.5999999642372131,1,0,3,20,1,7,0,8,1,2,0,3,0,2,0,2,0,1,0,4,33.0,6.6105016371783085,1.0,0.5,-0.012602642178535461,0.02499999850988388,1.0,100.0,0.0,0.5551360249519348
540,35236-1785339351403096700,35236,84384,2,1178,,OP3,FIXED_OPPONENT,train,map_b_split_lane,-1,0,SCRIPTED:OP11_ADAPTIVE_EXPLOITER,,1,3,1,2,145,0.7599999904632568,1,0,3,61,3,9,2,8,3,1,0,3,0,3,0,3,1,0,0,3,42.0,6.369439907731681,1.0,0.5,-0.007917732000350952,0.0,1.0,100.0,-0.20000000298023224,0.5186601281166077
541,35236-1785339351403096700,35236,84528,2,1187,,OP3,FIXED_OPPONENT,train,map_b_split_lane,-1,0,SCRIPTED:OP11_ADAPTIVE_EXPLOITER,,1,3,1,2,118,0.8799999952316284,0,1,2,30,1,12,1,7,1,5,0,3,0,2,0,1,1,0,0,4,40.0,6.702098781779661,1.0,0.5,-0.019681140780448914,0.02499999850988388,1.0,100.0,-0.20000000298023224,0.5192646384239197
542,35236-1785339351403096700,35236,84576,2,1190,,OP3,FIXED_OPPONENT,train,map_b_split_lane,-1,0,SCRIPTED:OP11_ADAPTIVE_EXPLOITER,,1,3,1,2,116,0.6800000071525574,1,0,1,53,4,8,1,9,2,2,0,3,2,1,0,0,1,0,0,6,41.0,5.162075700431035,1.0,0.5,0.005635350942611694,0.04999999701976776,1.0,100.0,-0.20000000298023224,0.5215576887130737
543,35236-1785339351403096700,35236,84720,2,1199,,OP3,FIXED_OPPONENT,train,map_b_split_lane,-1,1,SCRIPTED:OP11_ADAPTIVE_EXPLOITER,,1,3,1,2,154,0.8399999737739563,1,0,6,31,2,12,3,13,2,4,0,3,0,1,0,2,1,0,1,8,39.0,6.8678802886566555,1.0,0.5,-0.001697532832622528,0.0,1.0,100.0,0.0,0.5545262694358826
544,35236-1785339351403096700,35236,84800,2,1204,,OP3,FIXED_OPPONENT,train,map_b_split_lane,-1,0,SCRIPTED:OP11_ADAPTIVE_EXPLOITER,,1,3,1,2,111,0.5199999809265137,1,0,3,39,0,12,6,6,0,2,0,3,0,6,1,0,3,0,0,5,37.0,6.5667537654842345,1.0,0.5,-0.004826605319976807,0.029999999329447746,1.0,100.0,0.0,0.5556881427764893
545,35236-1785339351403096700,35236,84912,2,1211,,OP3,FIXED_OPPONENT,train,map_b_split_lane,-1,1,SCRIPTED:OP11_ADAPTIVE_EXPLOITER,,1,3,0,3,141,0.6800000071525574,1,0,1,64,3,9,2,8,1,1,0,3,2,5,1,0,1,2,0,2,37.0,5.582694844996675,1.0,0.5,-0.01326306164264679,0.04999999701976776,1.0,100.0,0.0,0.5561875700950623
546,35236-1785339351403096700,35236,85056,2,1220,,OP3,FIXED_OPPONENT,train,map_b_split_lane,-1,0,SCRIPTED:OP11_ADAPTIVE_EXPLOITER,,1,3,1,2,217,0.7599999904632568,1,0,13,62,1,22,2,17,1,7,0,3,0,5,1,6,1,1,0,4,34.0,5.7868387951828915,1.0,0.5,-0.00855061411857605,0.02499999850988388,1.0,100.0,-0.20000000298023224,0.5197725296020508
547,35236-1785339351403096700,35236,85408,2,1242,,OP3,FIXED_OPPONENT,train,map_b_split_lane,-1,1,SCRIPTED:OP11_ADAPTIVE_EXPLOITER,,1,3,1,2,130,0.5999999642372131,0,1,4,38,1,12,0,10,0,2,0,3,1,6,0,2,0,1,0,4,41.0,5.659128981370192,1.0,0.5,0.0008178800344467163,0.02499999850988388,1.0,100.0,0.0,0.5557160377502441
548,35236-1785339351403096700,35236,85744,2,1263,,OP3,FIXED_OPPONENT,train,map_b_split_lane,-1,1,SCRIPTED:OP11_ADAPTIVE_EXPLOITER,,1,3,1,2,171,0.7599999904632568,1,0,7,77,2,14,5,9,2,5,0,3,0,1,2,1,1,0,0,5,87.0,5.747565018503289,1.0,0.5,-0.008646801114082336,0.0,1.0,100.0,0.0,0.5542253851890564
549,35236-1785339351403096700,35236,85776,2,1265,,OP3,FIXED_OPPONENT,train,map_b_split_lane,-1,0,SCRIPTED:OP11_ADAPTIVE_EXPLOITER,,1,3,2,1,171,0.7999999523162842,0,2,8,56,1,15,4,9,1,5,0,3,0,4,2,1,2,0,0,4,91.0,6.186966031615497,1.0,0.4000000059604645,-0.009788677096366882,0.04999999701976776,1.0,100.0,-0.20000000298023224,0.5024014115333557
550,35236-1785339351403096700,35236,85808,2,1267,,OP3,FIXED_OPPONENT,train,map_b_split_lane,-1,1,SCRIPTED:OP11_ADAPTIVE_EXPLOITER,,1,1,0,1,240,0.8399999737739563,0,2,18,72,14,12,2,13,7,6,1,0,0,0,1,6,0,0,0,2,116.0,6.898008219401041,1.0,0.0,-0.004478663206100464,0.0,0.0,0.0,0.0,0.24465550482273102
551,35236-1785339351403096700,35236,85808,2,1267,,OP3,FIXED_OPPONENT,train,map_b_split_lane,-1,0,SCRIPTED:OP11_ADAPTIVE_EXPLOITER,,1,3,1,2,118,0.7199999690055847,1,0,3,29,1,9,2,7,1,4,0,3,0,0,1,0,1,0,0,5,46.0,6.391366732322563,1.0,0.5,-0.005299627780914307,0.0,1.0,100.0,0.0,0.5543704032897949
552,35236-1785339351403096700,35236,85856,2,1270,,OP3,FIXED_OPPONENT,train,map_b_split_lane,-1,1,SCRIPTED:OP11_ADAPTIVE_EXPLOITER,,1,3,1,2,228,0.6800000071525574,0,1,8,35,3,21,14,2,2,8,0,3,0,3,3,1,1,0,7,0,54.0,7.509663899739583,1.0,0.5,0.013323381543159485,0.04999999701976776,1.0,100.0,-0.20000000298023224,0.521907389163971
553,35236-1785339351403096700,35236,86128,2,1287,,OP3,FIXED_OPPONENT,train,map_b_split_lane,-1,1,SCRIPTED:OP11_ADAPTIVE_EXPLOITER,,1,3,0,3,126,0.7999999523162842,1,0,5,57,12,6,5,7,4,1,2,1,4,3,1,2,1,1,1,1,50.0,4.952667720734127,1.0,0.5,-0.0037704557180404663,0.02499999850988388,1.0,100.0,-0.20000000298023224,0.5199905633926392
554,35236-1785339351403096700,35236,86128,2,1287,,OP3,FIXED_OPPONENT,train,map_b_split_lane,-1,1,SCRIPTED:OP11_ADAPTIVE_EXPLOITER,,1,3,1,2,88,0.5600000023841858,1,0,4,20,2,6,1,5,2,1,0,3,0,2,0,0,1,0,0,5,35.0,6.648209311745384,1.0,0.5,0.0020001977682113647,0.02499999850988388,1.0,100.0,0.0,0.5557670593261719
555,35236-1785339351403096700,35236,86256,2,1295,,OP3,FIXED_OPPONENT,train,map_b_split_lane,-1,0,SCRIPTED:OP11_ADAPTIVE_EXPLOITER,,1,3,1,2,91,0.5600000023841858,1,0,5,21,0,12,1,5,0,4,0,3,0,4,1,0,0,1,0,4,40.0,6.8009938669728704,1.0,0.5,0.005948737263679504,0.04999999701976776,1.0,100.0,0.0,0.5570162534713745
556,35236-1785339351403096700,35236,86384,2,1303,,OP3,FIXED_OPPONENT,train,map_b_split_lane,-1,1,SCRIPTED:OP11_ADAPTIVE_EXPLOITER,,1,3,1,2,129,0.5999999642372131,1,0,5,22,1,16,4,8,0,5,0,3,0,6,2,1,1,0,0,4,36.0,6.405153732891231,1.0,0.5,-0.012878164649009705,0.02499999850988388,1.0,100.0,0.0,0.555124044418335
557,35236-1785339351403096700,35236,86512,2,1311,,OP3,FIXED_OPPONENT,train,map_b_split_lane,-1,0,SCRIPTED:OP11_ADAPTIVE_EXPLOITER,,1,3,2,1,121,0.7599999904632568,1,0,9,37,2,11,4,5,1,2,0,3,0,5,2,1,2,0,0,2,50.0,6.752316309400826,1.0,0.5,-0.009671196341514587,0.0,1.0,100.0,0.0,0.5541810393333435
558,35236-1785339351403096700,35236,86592,2,1316,,OP3,FIXED_OPPONENT,train,map_b_split_lane,-1,0,SCRIPTED:OP11_ADAPTIVE_EXPLOITER,,1,3,2,1,178,0.7599999904632568,1,0,12,49,4,12,2,8,2,4,0,4,0,2,0,0,2,0,0,6,32.0,5.687723909870962,1.0,0.5,-0.011250853538513184,0.04999999701976776,1.0,100.0,0.0,0.5562744140625
559,35236-1785339351403096700,35236,87008,2,1342,,OP3,FIXED_OPPONENT,train,map_b_split_lane,-1,0,SCRIPTED:OP11_ADAPTIVE_EXPLOITER,,1,3,1,2,155,0.7999999523162842,1,0,2,47,1,13,1,12,1,5,0,3,0,1,0,2,1,0,0,6,44.0,6.164114478326613,1.0,0.5,-0.003326728940010071,0.04999999701976776,1.0,100.0,0.0,0.5566163063049316
560,35236-1785339351403096700,35236,87008,2,1342,,OP3,FIXED_OPPONENT,train,map_b_split_lane,-1,1,SCRIPTED:OP11_ADAPTIVE_EXPLOITER,,1,3,1,2,122,0.6399999856948853,1,0,0,29,9,1,4,6,1,1,3,0,4,0,0,2,0,1,3,1,47.0,6.944418485047387,1.0,0.5,0.003944411873817444,0.04999999701976776,1.0,100.0,0.0,0.5569298267364502
561,35236-1785339351403096700,35236,87040,2,1344,,OP3,FIXED_OPPONENT,train,map_b_split_lane,-1,1,SCRIPTED:OP11_ADAPTIVE_EXPLOITER,,1,3,1,2,166,0.7999999523162842,1,0,0,120,5,11,6,10,2,3,0,4,3,1,1,2,2,0,0,5,41.0,4.087847606245294,1.0,0.5,-0.002482309937477112,0.03999999910593033,1.0,100.0,-0.20000000298023224,0.5207328796386719
562,35236-1785339351403096700,35236,87232,2,1356,,OP3,FIXED_OPPONENT,train,map_b_split_lane,-1,1,SCRIPTED:OP11_ADAPTIVE_EXPLOITER,,1,3,1,2,114,0.5999999642372131,1,0,6,19,0,10,7,5,0,3,0,3,0,3,1,0,2,0,3,4,36.0,6.5768073901795505,1.0,0.5,0.010963261127471924,0.02499999850988388,1.0,100.0,0.0,0.5561541318893433
563,35236-1785339351403096700,35236,87312,2,1361,,OP3,FIXED_OPPONENT,train,map_b_split_lane,-1,0,SCRIPTED:OP11_ADAPTIVE_EXPLOITER,,1,3,1,2,150,0.7599999904632568,1,0,12,54,4,9,8,5,2,3,0,3,0,3,3,1,1,0,2,3,94.0,6.590882975260417,1.0,0.5,-0.003532513976097107,0.02499999850988388,1.0,100.0,0.0,0.5555280447006226
564,35236-1785339351403096700,35236,87328,2,1362,,OP3,FIXED_OPPONENT,train,map_b_split_lane,-1,1,SCRIPTED:OP11_ADAPTIVE_EXPLOITER,,1,3,1,2,95,0.5600000023841858,1,0,2,22,1,7,5,7,0,2,0,3,1,2,1,1,2,0,0,4,39.0,6.5679481907894735,1.0,0.5,-0.005021542310714722,0.02499999850988388,1.0,100.0,0.0,0.5554637908935547
565,35236-1785339351403096700,35236,87760,2,1389,,OP3,FIXED_OPPONENT,train,map_b_split_lane,-1,0,SCRIPTED:OP11_ADAPTIVE_EXPLOITER,,1,3,1,2,124,0.7199999690055847,1,0,3,38,1,15,1,15,1,6,0,3,0,1,0,2,1,0,0,10,36.0,6.0117172733429936,1.0,0.5,-0.013285189867019653,0.04999999701976776,1.0,100.0,0.0,0.5561865568161011
566,35236-1785339351403096700,35236,88080,2,1409,,OP3,FIXED_OPPONENT,train,map_b_split_lane,-1,1,SCRIPTED:OP11_ADAPTIVE_EXPLOITER,,1,3,0,3,142,0.9599999785423279,1,0,1,66,4,9,5,6,1,2,0,3,3,2,1,0,2,0,0,4,54.0,6.294985918931558,1.0,0.5,-0.012089595198631287,0.02499999850988388,1.0,100.0,0.0,0.5551581978797913
567,35236-1785339351403096700,35236,88560,2,1439,,OP3,FIXED_OPPONENT,train,map_b_split_lane,-1,1,SCRIPTED:OP11_ADAPTIVE_EXPLOITER,,1,3,0,3,128,0.7599999904632568,0,1,8,48,8,4,5,5,3,2,1,2,1,0,1,0,0,0,2,3,33.0,5.238369464874268,1.0,0.5,-0.019087404012680054,0.02499999850988388,1.0,100.0,0.0,0.5548555850982666
568,35236-1785339351403096700,35236,88576,2,1440,,OP3,FIXED_OPPONENT,train,map_b_split_lane,-1,0,SCRIPTED:OP11_ADAPTIVE_EXPLOITER,,1,3,1,2,145,0.6399999856948853,1,0,4,43,5,10,9,3,3,4,0,3,2,0,3,1,2,0,2,1,37.0,6.92591552734375,1.0,0.5,0.003894120454788208,0.02499999850988388,1.0,100.0,-0.20000000298023224,0.5203399062156677
569,35236-1785339351403096700,35236,88720,2,1449,,OP3,FIXED_OPPONENT,train,map_b_split_lane,-1,0,SCRIPTED:OP11_ADAPTIVE_EXPLOITER,,1,3,1,2,162,0.7999999523162842,1,0,7,54,7,8,2,14,4,2,0,3,2,0,0,3,1,0,0,7,33.0,5.6488828305844905,1.0,0.5,-0.009789153933525085,0.0,1.0,100.0,0.0,0.5541759729385376
570,35236-1785339351403096700,35236,88832,2,1456,,OP3,FIXED_OPPONENT,train,map_b_split_lane,-1,0,SCRIPTED:OP11_ADAPTIVE_EXPLOITER,,1,3,2,1,100,0.5999999642372131,1,0,9,30,1,9,2,5,1,1,0,3,0,3,0,0,2,0,0,4,38.0,6.495526733398438,1.0,0.5,-0.008172258734703064,0.0,1.0,100.0,0.0,0.5542459487915039
571,35236-1785339351403096700,35236,88976,2,1465,,OP3,FIXED_OPPONENT,train,map_b_split_lane,-1,1,SCRIPTED:OP11_ADAPTIVE_EXPLOITER,,1,3,1,2,123,0.6800000071525574,1,0,3,47,4,4,3,6,2,0,1,2,0,2,0,0,0,2,2,4,57.0,5.511466173621697,1.0,0.5,-0.0009293556213378906,0.014999999664723873,1.0,100.0,-0.20000000298023224,0.5196639895439148
572,35236-1785339351403096700,35236,89120,2,1474,,OP3,FIXED_OPPONENT,train,map_b_split_lane,-1,1,SCRIPTED:OP11_ADAPTIVE_EXPLOITER,,1,3,2,1,187,0.7599999904632568,1,0,7,51,3,12,4,3,1,3,0,3,2,3,1,1,2,0,0,2,131.0,7.071450952540107,1.0,0.5,-0.0073229968547821045,0.02499999850988388,1.0,100.0,-0.20000000298023224,0.5198284983634949
573,35236-1785339351403096700,35236,89248,2,1482,,OP3,FIXED_OPPONENT,train,map_b_split_lane,-1,1,SCRIPTED:OP11_ADAPTIVE_EXPLOITER,,1,3,1,2,121,0.8399999737739563,1,0,2,12,1,7,3,9,1,2,0,3,0,1,0,1,1,0,1,6,38.0,7.484653441373967,1.0,0.5,0.003039240837097168,0.0,1.0,100.0,-0.20000000298023224,0.5191605687141418
574,35236-1785339351403096700,35236,89456,2,1495,,OP3,FIXED_OPPONENT,train,map_b_split_lane,-1,0,SCRIPTED:OP11_ADAPTIVE_EXPLOITER,,1,3,2,1,179,0.7999999523162842,1,0,0,62,8,9,1,17,1,2,0,4,5,2,0,2,1,2,0,7,74.0,6.025925961286662,1.0,0.5,-0.010257989168167114,0.0,1.0,100.0,0.0,0.5541556477546692
575,35236-1785339351403096700,35236,89488,2,1497,,OP3,FIXED_OPPONENT,train,map_b_split_lane,-1,1,SCRIPTED:OP11_ADAPTIVE_EXPLOITER,,1,3,2,1,155,0.7599999904632568,1,0,4,26,4,12,3,8,2,2,1,2,1,6,1,2,2,0,0,4,34.0,7.431158644153226,1.0,0.5,0.0037263259291648865,0.0,1.0,100.0,0.0,0.5547610521316528
576,35236-1785339351403096700,35236,89552,2,1501,,OP3,FIXED_OPPONENT,train,map_b_split_lane,-1,0,SCRIPTED:OP11_ADAPTIVE_EXPLOITER,,0,2,3,-1,157,0.7999999523162842,0,1,3,49,4,13,4,9,2,2,0,3,2,6,0,3,3,1,0,3,36.0,6.904727619924363,-1.0,-0.5,0.0010484755039215088,0.019999999552965164,-1.0,-100.0,-0.20000000298023224,-0.5873982906341553
577,35236-1785339351403096700,35236,89584,2,1503,,OP3,FIXED_OPPONENT,train,map_b_split_lane,-1,1,SCRIPTED:OP11_ADAPTIVE_EXPLOITER,,0,2,2,0,240,0.7999999523162842,1,0,12,75,2,24,12,7,1,9,0,3,1,4,2,0,4,0,3,5,39.0,6.057152811686198,-0.5,0.5,0.0007203072309494019,0.0,1.0,100.0,0.0,0.2449609786272049
578,35236-1785339351403096700,35236,89696,2,1510,,OP3,FIXED_OPPONENT,train,map_b_split_lane,-1,1,SCRIPTED:OP11_ADAPTIVE_EXPLOITER,,1,2,1,1,240,0.7599999904632568,0,1,6,50,5,18,1,12,3,6,0,3,0,3,0,4,1,1,0,3,85.0,6.243218485514323,1.0,0.0,-0.017272382974624634,0.02499999850988388,0.0,0.0,0.0,0.24537260830402374
579,35236-1785339351403096700,35236,89728,2,1512,,OP3,FIXED_OPPONENT,train,map_b_split_lane,-1,1,SCRIPTED:OP11_ADAPTIVE_EXPLOITER,,1,3,0,3,123,0.7199999690055847,1,0,1,37,2,8,4,10,2,3,0,3,0,0,2,0,0,0,0,6,50.0,5.377222076664126,1.0,0.5,0.0021140724420547485,0.04999999701976776,1.0,100.0,-0.20000000298023224,0.5213974714279175
580,35236-1785339351403096700,35236,89904,2,1523,,OP3,FIXED_OPPONENT,train,map_b_split_lane,-1,1,SCRIPTED:OP11_ADAPTIVE_EXPLOITER,,1,3,2,1,220,0.8799999952316284,0,1,4,54,5,13,2,16,1,5,0,3,2,2,0,6,2,0,0,4,82.0,5.754075483842329,1.0,0.5,-0.0031807124614715576,0.0,1.0,100.0,-0.20000000298023224,0.5188765525817871
581,35236-1785339351403096700,35236,90000,2,1529,,OP3,FIXED_OPPONENT,train,map_b_split_lane,-1,1,SCRIPTED:OP11_ADAPTIVE_EXPLOITER,,1,3,1,2,167,0.8399999737739563,1,0,6,47,6,9,6,6,2,2,1,3,3,2,1,0,0,1,2,4,36.0,6.1113789267168785,1.0,0.5,-0.001544177532196045,0.02499999850988388,1.0,100.0,-0.20000000298023224,0.5200920701026917
582,35236-1785339351403096700,35236,90288,2,1547,,OP3,FIXED_OPPONENT,train,map_b_split_lane,-1,1,SCRIPTED:OP11_ADAPTIVE_EXPLOITER,,1,3,0,3,108,0.8399999737739563,1,0,1,46,3,9,2,8,1,4,2,1,0,2,0,1,0,1,2,2,44.0,5.155081854926215,1.0,0.5,-0.001078277826309204,0.02499999850988388,1.0,100.0,0.0,0.5556341409683228
583,35236-1785339351403096700,35236,90432,2,1556,,OP3,FIXED_OPPONENT,train,map_b_split_lane,-1,1,SCRIPTED:OP11_ADAPTIVE_EXPLOITER,,1,3,1,2,107,0.7599999904632568,1,0,5,27,8,4,7,3,2,2,3,0,3,1,2,0,0,1,4,1,36.0,6.938770329840829,1.0,0.5,-0.010316982865333557,0.0,1.0,100.0,-0.20000000298023224,0.5185505151748657
584,35236-1785339351403096700,35236,90704,2,1573,,OP3,FIXED_OPPONENT,train,map_b_split_lane,-1,1,SCRIPTED:OP11_ADAPTIVE_EXPLOITER,,1,3,1,2,117,0.7199999690055847,1,0,6,35,2,11,2,7,1,2,0,3,1,4,0,2,1,0,1,2,48.0,6.517460749699519,1.0,0.5,-0.006707102060317993,0.0,1.0,100.0,0.0,0.5543094277381897
585,35236-1785339351403096700,35236,91120,2,1599,,OP3,FIXED_OPPONENT,train,map_b_split_lane,-1,1,SCRIPTED:OP11_ADAPTIVE_EXPLOITER,,1,3,1,2,125,0.6800000071525574,1,0,0,30,4,9,1,9,1,3,0,4,2,2,0,0,1,0,0,7,35.0,6.402677734375,1.0,0.5,-0.002148076891899109,0.014999999664723873,1.0,100.0,0.0,0.5551556348800659
586,35236-1785339351403096700,35236,91280,2,1609,,OP3,FIXED_OPPONENT,train,map_b_split_lane,-1,0,SCRIPTED:OP11_ADAPTIVE_EXPLOITER,,1,3,1,2,169,0.5600000023841858,1,0,3,62,0,18,3,5,0,7,0,3,0,4,2,0,1,0,0,3,49.0,6.882529354659764,1.0,0.5,0.005066707730293274,0.04999999701976776,1.0,100.0,-0.20000000298023224,0.5215318202972412
587,35236-1785339351403096700,35236,91344,2,1613,,OP3,FIXED_OPPONENT,train,map_b_split_lane,-1,1,SCRIPTED:OP11_ADAPTIVE_EXPLOITER,,1,3,2,1,204,0.7999999523162842,0,1,16,42,6,15,3,12,0,5,0,3,6,2,0,2,2,0,0,6,49.0,6.243618235868566,1.0,0.5,-0.007954493165016174,0.0,1.0,100.0,-0.20000000298023224,0.518658459186554
588,35236-1785339351403096700,35236,91360,2,1614,,OP3,FIXED_OPPONENT,train,map_b_split_lane,-1,1,SCRIPTED:OP11_ADAPTIVE_EXPLOITER,,1,3,0,3,102,0.7599999904632568,1,0,6,24,5,9,7,5,0,2,2,1,3,5,0,1,1,1,4,1,35.0,5.2245644962086395,1.0,0.5,-0.0037100911140441895,0.04999999701976776,1.0,100.0,0.0,0.5565997362136841
589,35236-1785339351403096700,35236,91504,2,1623,,OP3,FIXED_OPPONENT,train,map_b_split_lane,-1,0,SCRIPTED:OP11_ADAPTIVE_EXPLOITER,,1,3,0,3,122,0.7199999690055847,1,0,3,38,6,8,4,12,2,2,0,3,4,1,1,3,1,0,1,4,33.0,6.266280877785604,1.0,0.5,-0.006076842546463013,0.0,1.0,100.0,-0.20000000298023224,0.5187442302703857
590,35236-1785339351403096700,35236,91504,2,1623,,OP3,FIXED_OPPONENT,train,map_b_split_lane,-1,1,SCRIPTED:OP11_ADAPTIVE_EXPLOITER,,1,3,0,3,141,0.7599999904632568,1,0,14,43,4,8,4,3,2,4,2,1,0,0,1,1,0,0,2,2,33.0,6.714457194010417,1.0,0.5,-0.003598719835281372,0.0,1.0,100.0,-0.4000000059604645,0.4813770353794098
591,35236-1785339351403096700,35236,91760,2,1639,,OP3,FIXED_OPPONENT,train,map_b_split_lane,-1,0,SCRIPTED:OP11_ADAPTIVE_EXPLOITER,,1,3,2,1,144,0.6399999856948853,0,1,5,42,2,12,4,5,1,3,0,3,1,3,1,0,2,0,0,4,42.0,6.598958757188585,1.0,0.5,-0.008728638291358948,0.02499999850988388,1.0,100.0,0.0,0.5553035140037537
592,35236-1785339351403096700,35236,91952,2,1651,,OP3,FIXED_OPPONENT,train,map_b_split_lane,-1,1,SCRIPTED:OP11_ADAPTIVE_EXPLOITER,,1,3,1,2,141,0.7199999690055847,1,0,7,37,15,1,12,1,4,1,3,0,4,0,3,0,0,1,6,0,34.0,5.551756081006205,1.0,0.5,-0.009630158543586731,0.0,1.0,100.0,0.0,0.5541828870773315
593,35236-1785339351403096700,35236,92064,2,1658,,OP3,FIXED_OPPONENT,train,map_b_split_lane,-1,1,SCRIPTED:OP11_ADAPTIVE_EXPLOITER,,1,3,1,2,161,0.7599999904632568,1,0,4,29,8,4,9,4,3,2,2,1,1,1,2,0,1,1,3,1,42.0,6.2530328027950315,1.0,0.5,-0.001881815493106842,0.04999999701976776,1.0,100.0,0.0,0.5566786527633667
594,35236-1785339351403096700,35236,92064,2,1658,,OP3,FIXED_OPPONENT,train,map_b_split_lane,-1,1,SCRIPTED:OP11_ADAPTIVE_EXPLOITER,,1,3,1,2,102,0.6399999856948853,1,0,5,42,0,10,4,8,0,2,0,3,0,4,1,1,2,0,0,4,45.0,6.181667552274816,1.0,0.5,-0.010811090469360352,0.04999999701976776,1.0,100.0,0.0,0.5562933683395386
595,35236-1785339351403096700,35236,92656,2,1695,,OP3,FIXED_OPPONENT,train,map_b_split_lane,-1,0,SCRIPTED:OP11_ADAPTIVE_EXPLOITER,,1,3,2,1,172,0.7999999523162842,1,0,7,49,2,18,2,7,1,5,0,3,1,5,0,0,2,0,0,5,64.0,6.409054778343023,1.0,0.5,-0.007145330309867859,0.0,1.0,100.0,0.0,0.5542904734611511
596,35236-1785339351403096700,35236,92816,2,1705,,OP3,FIXED_OPPONENT,train,map_b_split_lane,-1,0,SCRIPTED:OP11_ADAPTIVE_EXPLOITER,,0,1,1,0,240,0.6800000071525574,1,0,22,75,3,23,6,4,3,7,0,2,0,5,3,0,0,1,2,2,36.0,6.060167948404948,-0.5,0.0,-0.005982935428619385,0.02499999850988388,0.0,0.0,0.0,-0.12318264693021774
597,35236-1785339351403096700,35236,92896,2,1710,,OP3,FIXED_OPPONENT,train,map_b_split_lane,-1,0,SCRIPTED:OP11_ADAPTIVE_EXPLOITER,,1,3,0,3,111,0.7599999904632568,1,0,9,36,3,9,2,9,0,2,0,4,3,3,1,1,0,1,0,6,34.0,6.452232017173423,1.0,0.5,-0.0067490339279174805,0.03500000014901161,1.0,100.0,0.0,0.5558211803436279
598,35236-1785339351403096700,35236,93040,2,1719,,OP3,FIXED_OPPONENT,train,map_b_split_lane,-1,0,SCRIPTED:OP11_ADAPTIVE_EXPLOITER,,1,3,1,2,216,0.7199999690055847,1,0,3,65,3,23,1,10,2,8,0,3,0,3,0,1,1,1,0,5,31.0,6.008525141963252,1.0,0.5,-0.005607530474662781,0.0,1.0,100.0,-0.20000000298023224,0.5187656879425049
599,35236-1785339351403096700,35236,93152,2,1726,,OP3,FIXED_OPPONENT,train,map_b_split_lane,-1,0,SCRIPTED:OP11_ADAPTIVE_EXPLOITER,,1,3,1,2,103,0.6800000071525574,1,0,2,23,3,5,3,5,2,0,0,3,0,2,1,0,1,0,0,4,43.0,6.203238774271845,1.0,0.5,0.0017645210027694702,0.0,1.0,100.0,0.0,0.5546760559082031
600,35236-1785339351403096700,35236,93184,2,1728,,OP3,FIXED_OPPONENT,train,map_b_split_lane,-1,0,SCRIPTED:OP11_ADAPTIVE_EXPLOITER,,1,3,2,1,199,0.7999999523162842,0,1,18,61,1,19,2,7,0,7,0,3,1,4,0,0,2,0,0,5,106.0,5.774017794048367,1.0,0.5,0.0035112351179122925,0.0,1.0,100.0,0.0,0.5547516942024231
601,35236-1785339351403096700,35236,93264,2,1733,,OP3,FIXED_OPPONENT,train,map_b_split_lane,-1,0,SCRIPTED:OP11_ADAPTIVE_EXPLOITER,,1,3,1,2,119,0.5999999642372131,1,0,11,38,1,11,3,5,0,1,0,3,1,7,2,0,1,0,0,3,43.0,6.44716458360688,1.0,0.5,0.00440157949924469,0.04999999701976776,1.0,100.0,0.0,0.5569496154785156
602,35236-1785339351403096700,35236,93312,2,1736,,OP3,FIXED_OPPONENT,train,map_b_split_lane,-1,0,SCRIPTED:OP11_ADAPTIVE_EXPLOITER,,1,3,2,1,113,0.7599999904632568,0,1,3,30,3,7,4,9,2,1,0,3,1,3,0,1,3,0,0,5,35.0,6.668434345616704,1.0,0.5,-0.0027170032262802124,0.02499999850988388,1.0,100.0,-0.20000000298023224,0.5200385451316833
603,35236-1785339351403096700,35236,93328,2,1737,,OP3,FIXED_OPPONENT,train,map_b_split_lane,-1,0,SCRIPTED:OP11_ADAPTIVE_EXPLOITER,,1,3,0,3,79,0.7599999904632568,1,0,1,14,3,5,1,6,1,1,0,3,2,1,1,0,0,2,0,2,32.0,7.4555494091178796,1.0,0.5,-0.013956420123577118,0.014999999664723873,1.0,100.0,0.0,0.5546448230743408
604,35236-1785339351403096700,35236,93328,2,1737,,OP3,FIXED_OPPONENT,train,map_b_split_lane,-1,1,SCRIPTED:OP11_ADAPTIVE_EXPLOITER,,1,3,0,3,190,0.6399999856948853,1,0,3,83,14,8,6,8,7,2,1,2,2,1,0,2,0,1,2,4,37.0,6.040021715666119,1.0,0.5,-0.005425602197647095,0.03999999910593033,1.0,100.0,-0.20000000298023224,0.520598828792572
605,35236-1785339351403096700,35236,93584,2,1753,,OP3,FIXED_OPPONENT,train,map_b_split_lane,-1,1,SCRIPTED:OP11_ADAPTIVE_EXPLOITER,,1,3,0,3,180,0.8799999952316284,0,1,12,66,8,10,10,10,2,2,1,3,5,3,1,2,2,0,3,6,33.0,6.286048041449653,1.0,0.5,-0.004579409956932068,0.04999999701976776,1.0,100.0,-0.20000000298023224,0.5210927724838257
606,35236-1785339351403096700,35236,93728,2,1762,,OP3,FIXED_OPPONENT,train,map_b_split_lane,-1,0,SCRIPTED:OP11_ADAPTIVE_EXPLOITER,,1,3,1,2,149,0.5199999809265137,0,3,8,63,0,16,2,12,0,4,0,4,0,6,1,0,1,1,0,7,48.0,5.977048323458473,1.0,0.5,0.0008256062865257263,0.04999999701976776,1.0,100.0,0.0,0.5567953586578369
607,35236-1785339351403096700,35236,93840,2,1769,,OP3,FIXED_OPPONENT,train,map_b_split_lane,-1,0,SCRIPTED:OP11_ADAPTIVE_EXPLOITER,,1,3,1,2,160,0.6399999856948853,1,0,5,60,1,15,5,7,1,5,0,3,0,3,2,0,1,0,0,5,34.0,5.908368682861328,1.0,0.5,-0.010652445256710052,0.03999999910593033,1.0,100.0,-0.20000000298023224,0.5203605890274048
608,35236-1785339351403096700,35236,93936,2,1775,,OP3,FIXED_OPPONENT,train,map_b_split_lane,-1,1,SCRIPTED:OP11_ADAPTIVE_EXPLOITER,,1,3,0,3,136,0.7199999690055847,0,2,0,44,5,9,6,10,3,3,1,2,0,2,1,3,0,0,3,4,33.0,4.987085230210248,1.0,0.5,0.009962335228919983,0.04999999701976776,1.0,100.0,0.0,0.5571892857551575
609,35236-1785339351403096700,35236,94112,2,1786,,OP3,FIXED_OPPONENT,train,map_b_split_lane,-1,0,SCRIPTED:OP11_ADAPTIVE_EXPLOITER,,1,3,2,1,135,0.7199999690055847,0,1,2,35,2,8,3,9,0,2,0,4,2,1,1,0,2,0,0,7,44.0,6.149451135706019,1.0,0.5,-0.010067537426948547,0.04999999701976776,1.0,100.0,0.0,0.5563254356384277
610,35236-1785339351403096700,35236,94128,2,1787,,OP3,FIXED_OPPONENT,train,map_b_split_lane,-1,0,SCRIPTED:OP11_ADAPTIVE_EXPLOITER,,1,3,1,2,92,0.6800000071525574,1,0,2,45,1,6,3,6,0,2,0,3,1,1,0,2,2,0,0,2,35.0,7.188015481700068,1.0,0.0,-0.009921908378601074,0.0,0.0,0.0,-0.20000000298023224,0.1967792958021164
611,35236-1785339351403096700,35236,94704,2,1823,,OP3,FIXED_OPPONENT,train,map_b_split_lane,-1,1,SCRIPTED:OP11_ADAPTIVE_EXPLOITER,,1,3,1,2,104,0.6800000071525574,1,0,1,25,7,3,7,3,1,2,2,1,3,0,1,1,0,1,3,1,34.0,6.046534611628606,1.0,0.5,0.00016014277935028076,0.0,1.0,100.0,-0.20000000298023224,0.5190290808677673
612,35236-1785339351403096700,35236,94752,2,1826,,OP3,FIXED_OPPONENT,train,map_b_split_lane,-1,1,SCRIPTED:OP11_ADAPTIVE_EXPLOITER,,1,3,1,2,116,0.6800000071525574,0,1,8,43,3,7,2,7,1,2,1,2,1,1,0,1,1,0,1,3,34.0,6.065896922144397,1.0,0.5,-0.005158066749572754,0.0,1.0,100.0,-0.20000000298023224,0.5187861919403076
613,35236-1785339351403096700,35236,95008,2,1842,,OP3,FIXED_OPPONENT,train,map_b_split_lane,-1,1,SCRIPTED:OP11_ADAPTIVE_EXPLOITER,,1,3,2,1,137,0.7599999904632568,1,0,1,33,5,5,4,8,3,0,1,2,1,1,0,1,1,1,2,5,36.0,6.065114710452783,1.0,0.5,-0.0013111978769302368,0.02499999850988388,1.0,100.0,0.0,0.5556240677833557
614,35236-1785339351403096700,35236,95056,2,1845,,OP3,FIXED_OPPONENT,train,map_b_split_lane,-1,0,SCRIPTED:OP11_ADAPTIVE_EXPLOITER,,1,3,1,2,187,0.7599999904632568,0,2,18,62,5,13,3,9,3,4,0,3,1,1,0,1,1,0,1,6,53.0,5.238618738511029,1.0,0.5,-0.006703481078147888,0.0,1.0,100.0,-0.20000000298023224,0.5187156200408936
615,35236-1785339351403096700,35236,95184,2,1853,,OP3,FIXED_OPPONENT,train,map_b_split_lane,-1,0,SCRIPTED:OP11_ADAPTIVE_EXPLOITER,,1,3,0,3,120,0.6800000071525574,1,0,9,22,4,12,4,4,3,5,0,3,0,0,3,0,0,0,0,2,36.0,7.280336507161459,1.0,0.5,-0.0033035874366760254,0.04999999701976776,1.0,100.0,0.0,0.556617259979248
616,35236-1785339351403096700,35236,95232,2,1856,,OP3,FIXED_OPPONENT,train,map_b_split_lane,-1,0,SCRIPTED:OP11_ADAPTIVE_EXPLOITER,,1,3,1,2,94,0.6399999856948853,1,0,3,24,1,5,1,9,1,2,0,3,0,0,0,1,1,0,0,7,33.0,6.886805757563165,1.0,0.5,0.0029451698064804077,0.04999999701976776,1.0,100.0,0.0,0.5568867921829224
617,35236-1785339351403096700,35236,95360,2,1864,,OP3,FIXED_OPPONENT,train,map_b_split_lane,-1,1,SCRIPTED:OP11_ADAPTIVE_EXPLOITER,,1,3,0,3,127,0.4399999976158142,0,1,9,47,0,13,3,4,0,6,0,3,0,1,1,0,0,0,2,4,33.0,6.654790923351378,1.0,0.5,-0.013326898217201233,0.02499999850988388,1.0,100.0,0.0,0.555104672908783
618,35236-1785339351403096700,35236,95696,2,1885,,OP3,FIXED_OPPONENT,train,map_b_split_lane,-1,0,SCRIPTED:OP11_ADAPTIVE_EXPLOITER,,1,3,0,3,148,0.7599999904632568,1,0,11,52,7,9,0,8,4,4,0,3,0,0,0,1,0,0,0,4,40.0,6.796649004961993,1.0,0.5,0.004282787442207336,0.04999999701976776,1.0,100.0,0.0,0.5569444894790649
619,35236-1785339351403096700,35236,95728,2,1887,,OP3,FIXED_OPPONENT,train,map_b_split_lane,-1,0,SCRIPTED:OP11_ADAPTIVE_EXPLOITER,,1,3,1,2,100,0.6399999856948853,1,0,5,35,2,8,2,4,1,2,0,3,0,3,1,0,1,0,0,3,39.0,5.781729125976563,1.0,0.5,-0.00716283917427063,0.04999999701976776,1.0,100.0,-0.20000000298023224,0.5209751725196838
620,35236-1785339351403096700,35236,95792,2,1891,,OP3,FIXED_OPPONENT,train,map_b_split_lane,-1,0,SCRIPTED:OP11_ADAPTIVE_EXPLOITER,,1,3,0,3,116,0.5199999809265137,1,0,0,58,0,10,2,10,0,5,0,3,0,2,1,0,0,0,0,6,41.0,5.187707309065194,1.0,0.5,-0.006152987480163574,0.03999999910593033,1.0,100.0,0.0,0.5560627579689026
621,35236-1785339351403096700,35236,95904,2,1898,,OP3,FIXED_OPPONENT,train,map_b_split_lane,-1,0,SCRIPTED:OP11_ADAPTIVE_EXPLOITER,,1,3,1,2,172,0.7599999904632568,1,0,10,69,3,14,2,6,3,4,0,3,0,3,1,0,1,0,0,4,39.0,5.971105531204579,1.0,0.5,-0.004633039236068726,0.02499999850988388,1.0,100.0,0.0,0.5554804801940918
622,35236-1785339351403096700,35236,96144,2,1913,,OP3,FIXED_OPPONENT,train,map_b_split_lane,-1,1,SCRIPTED:OP11_ADAPTIVE_EXPLOITER,,1,3,1,2,160,0.8399999737739563,0,1,4,54,5,11,7,11,2,2,1,2,1,6,2,1,2,0,2,6,48.0,5.900757598876953,1.0,0.5,-0.004262939095497131,0.04999999701976776,1.0,100.0,-0.20000000298023224,0.5211071968078613
623,35236-1785339351403096700,35236,96224,2,1918,,OP3,FIXED_OPPONENT,train,map_b_split_lane,-1,1,SCRIPTED:OP11_ADAPTIVE_EXPLOITER,,1,3,1,2,149,0.7599999904632568,0,1,8,42,2,13,3,12,1,5,1,2,0,3,1,2,1,0,1,5,76.0,5.54684263907823,1.0,0.5,0.007106989622116089,0.0,1.0,100.0,0.0,0.5549072623252869
624,35236-1785339351403096700,35236,96288,2,1922,,OP3,FIXED_OPPONENT,train,map_b_split_lane,-1,0,SCRIPTED:OP11_ADAPTIVE_EXPLOITER,,1,3,2,1,136,0.7199999690055847,1,0,5,50,4,10,2,10,3,1,0,3,1,4,0,1,2,0,0,7,38.0,6.562691183651195,1.0,0.5,-0.008046329021453857,0.0,1.0,100.0,0.0,0.5542514324188232
625,35236-1785339351403096700,35236,96464,2,1933,,OP3,FIXED_OPPONENT,train,map_b_split_lane,-1,0,SCRIPTED:OP11_ADAPTIVE_EXPLOITER,,1,3,2,1,110,0.5199999809265137,1,0,3,19,0,9,4,4,0,1,0,3,0,5,2,1,2,0,0,3,42.0,7.060779918323863,1.0,0.5,0.0016461312770843506,0.02499999850988388,1.0,100.0,0.0,0.5557518005371094
626,35236-1785339351403096700,35236,96640,2,1944,,OP3,FIXED_OPPONENT,train,map_b_split_lane,-1,1,SCRIPTED:OP11_ADAPTIVE_EXPLOITER,,1,3,1,2,216,0.8799999952316284,1,0,9,43,3,18,5,12,1,8,1,2,1,1,0,5,1,0,2,3,93.0,6.09393310546875,1.0,0.5,-0.008523926138877869,0.0,1.0,100.0,-0.20000000298023224,0.5186324715614319
627,35236-1785339351403096700,35236,96672,2,1946,,OP3,FIXED_OPPONENT,train,map_b_split_lane,-1,1,SCRIPTED:OP11_ADAPTIVE_EXPLOITER,,1,3,1,2,120,0.6800000071525574,1,0,3,31,10,1,11,3,4,0,2,1,4,0,2,1,1,0,5,1,39.0,6.689983113606771,1.0,0.5,-0.006972089409828186,0.02499999850988388,1.0,100.0,-0.20000000298023224,0.5198444724082947
628,35236-1785339351403096700,35236,96832,2,1956,,OP3,FIXED_OPPONENT,train,map_b_split_lane,-1,1,SCRIPTED:OP11_ADAPTIVE_EXPLOITER,,1,3,1,2,220,0.7599999904632568,0,2,15,63,5,21,1,20,3,8,1,3,0,3,0,4,1,0,0,13,50.0,6.490248801491477,1.0,0.5,-0.004935890436172485,0.0,1.0,100.0,0.0,0.5543860197067261
629,35236-1785339351403096700,35236,96848,2,1957,,OP3,FIXED_OPPONENT,train,map_b_split_lane,-1,1,SCRIPTED:OP11_ADAPTIVE_EXPLOITER,,1,3,1,2,104,0.6800000071525574,1,0,4,31,3,7,10,3,2,1,0,3,1,2,2,0,1,0,4,2,44.0,6.910077021672175,1.0,0.5,-0.007757335901260376,0.0,1.0,100.0,-0.20000000298023224,0.518667459487915
630,35236-1785339351403096700,35236,96928,2,1962,,OP3,FIXED_OPPONENT,train,map_b_split_lane,-1,1,SCRIPTED:OP11_ADAPTIVE_EXPLOITER,,1,3,1,2,106,0.47999998927116394,0,2,6,38,0,12,2,9,0,3,0,3,0,4,0,2,2,0,0,4,52.0,5.4581926453788325,1.0,0.5,-0.02473655343055725,0.029999999329447746,1.0,100.0,-0.20000000298023224,0.5192620754241943
631,35236-1785339351403096700,35236,97024,2,1968,,OP3,FIXED_OPPONENT,train,map_b_split_lane,-1,1,SCRIPTED:OP11_ADAPTIVE_EXPLOITER,,1,3,1,2,123,0.7599999904632568,1,0,5,30,8,4,6,4,1,1,2,1,4,2,1,0,0,2,4,1,37.0,6.0594993529281,1.0,0.5,-0.01182834804058075,0.04999999701976776,1.0,100.0,-0.20000000298023224,0.5207626819610596
632,35236-1785339351403096700,35236,97232,2,1981,,OP3,FIXED_OPPONENT,train,map_b_split_lane,-1,0,SCRIPTED:OP11_ADAPTIVE_EXPLOITER,,1,3,1,2,139,0.5199999809265137,1,0,10,39,0,15,2,12,0,6,0,4,0,4,1,1,1,0,0,7,41.0,6.109775899983139,1.0,0.5,0.0026153624057769775,0.02499999850988388,1.0,100.0,0.0,0.5557936429977417
633,35236-1785339351403096700,35236,97424,2,1993,,OP3,FIXED_OPPONENT,train,map_b_split_lane,-1,0,SCRIPTED:OP11_ADAPTIVE_EXPLOITER,,1,3,2,1,129,0.7199999690055847,1,0,2,33,2,9,7,5,1,1,0,3,1,5,2,0,2,0,2,4,34.0,6.528751343719719,1.0,0.4000000059604645,0.0058402419090271,0.02499999850988388,1.0,100.0,-0.20000000298023224,0.5019634366035461
634,35236-1785339351403096700,35236,97568,2,2002,,OP3,FIXED_OPPONENT,train,map_b_split_lane,-1,0,SCRIPTED:OP11_ADAPTIVE_EXPLOITER,,1,3,1,2,115,0.5999999642372131,1,0,7,44,2,10,5,9,0,2,0,3,2,5,0,2,3,0,0,5,33.0,5.954727836277174,1.0,0.5,-0.006183549761772156,0.0,1.0,100.0,0.0,0.5543320775032043
635,35236-1785339351403096700,35236,97808,2,2017,,OP3,FIXED_OPPONENT,train,map_b_split_lane,-1,0,SCRIPTED:OP11_ADAPTIVE_EXPLOITER,,1,3,0,3,126,0.6800000071525574,1,0,6,54,1,12,2,13,1,6,0,3,0,1,1,4,0,0,0,5,50.0,5.037317185174851,1.0,0.5,0.006128489971160889,0.0,1.0,100.0,-0.20000000298023224,0.5193015933036804
636,35236-1785339351403096700,35236,98016,2,2030,,OP3,FIXED_OPPONENT,train,map_b_split_lane,-1,0,SCRIPTED:OP11_ADAPTIVE_EXPLOITER,,1,3,1,2,108,0.6399999856948853,0,1,5,23,5,7,6,3,1,1,0,3,4,3,1,1,0,1,3,1,36.0,6.965351246021412,1.0,0.5,-0.008281692862510681,0.0,1.0,100.0,0.0,0.5542411804199219
637,35236-1785339351403096700,35236,98048,2,2032,,OP3,FIXED_OPPONENT,train,map_b_split_lane,-1,0,SCRIPTED:OP11_ADAPTIVE_EXPLOITER,,1,3,1,2,147,0.7199999690055847,1,0,3,32,1,15,3,9,1,4,0,3,0,4,1,0,1,0,0,6,34.0,5.8245733351934526,1.0,0.5,-0.008910223841667175,0.04999999701976776,1.0,100.0,0.0,0.5563753843307495
638,35236-1785339351403096700,35236,98368,3,4,,OP3,FIXED_OPPONENT,train,map_b_split_lane,-1,1,SCRIPTED:OP11_ADAPTIVE_EXPLOITER,,1,3,1,2,139,0.6800000071525574,1,0,0,60,2,8,3,7,1,4,1,2,0,0,1,1,0,1,1,3,43.0,5.755420273156475,1.0,0.4000000059604645,-0.007429763674736023,0.04999999701976776,1.0,100.0,-0.20000000298023224,0.5025115609169006
639,35236-1785339351403096700,35236,98544,3,15,,OP3,FIXED_OPPONENT,train,map_b_split_lane,-1,0,SCRIPTED:OP11_ADAPTIVE_EXPLOITER,,1,3,2,1,107,0.7599999904632568,0,1,2,29,1,11,4,5,1,1,0,3,0,7,0,2,3,0,0,2,42.0,8.28245929468458,1.0,0.5,-0.007102027535438538,0.0,1.0,100.0,0.0,0.5542923212051392
640,35236-1785339351403096700,35236,98736,3,27,,OP3,FIXED_OPPONENT,train,map_b_split_lane,-1,0,SCRIPTED:OP11_ADAPTIVE_EXPLOITER,,1,3,2,1,118,0.7199999690055847,1,0,1,27,6,9,3,6,2,1,0,3,3,5,1,0,2,0,0,4,35.0,6.481425139863612,1.0,0.5,-0.010270729660987854,0.0,1.0,100.0,-0.20000000298023224,0.5185526609420776
641,35236-1785339351403096700,35236,98992,3,43,,OP3,FIXED_OPPONENT,train,map_b_split_lane,-1,1,SCRIPTED:OP11_ADAPTIVE_EXPLOITER,,1,3,1,2,145,0.8399999737739563,0,1,4,77,9,5,11,5,3,1,1,2,3,1,4,0,0,1,3,3,39.0,4.818721376616379,1.0,0.5,0.004403755068778992,0.0,1.0,100.0,0.0,0.5547902584075928
642,35236-1785339351403096700,35236,99024,3,45,,OP3,FIXED_OPPONENT,train,map_b_split_lane,-1,1,SCRIPTED:OP11_ADAPTIVE_EXPLOITER,,1,3,1,2,160,0.6800000071525574,1,0,3,51,10,6,6,4,4,2,2,1,2,1,2,1,0,1,2,1,41.0,6.233591842651367,1.0,1.5,-0.00045831501483917236,0.0,2.5,250.0,0.0,0.8482756614685059
643,35236-1785339351403096700,35236,99104,3,50,,OP3,FIXED_OPPONENT,train,map_b_split_lane,-1,0,SCRIPTED:OP11_ADAPTIVE_EXPLOITER,,1,3,0,3,105,0.6399999856948853,1,0,5,22,2,8,2,5,2,0,0,3,0,4,1,1,1,0,0,2,44.0,6.7479585193452385,1.0,0.5,-0.02270554006099701,0.029999999329447746,1.0,100.0,0.0,0.5549153685569763
644,35236-1785339351403096700,35236,99248,3,59,,OP3,FIXED_OPPONENT,train,map_b_split_lane,-1,1,SCRIPTED:OP11_ADAPTIVE_EXPLOITER,,1,3,1,2,105,0.7599999904632568,1,0,2,43,4,7,11,3,2,3,0,3,2,0,2,0,1,0,6,3,39.0,7.642980375744048,1.0,0.5,-0.01024124026298523,0.02499999850988388,1.0,100.0,0.0,0.5552381277084351
645,35236-1785339351403096700,35236,99296,3,62,,OP3,FIXED_OPPONENT,train,map_b_split_lane,-1,0,SCRIPTED:OP11_ADAPTIVE_EXPLOITER,,1,3,1,2,212,0.6800000071525574,1,0,13,76,7,19,1,11,5,7,0,3,0,1,0,3,1,0,0,5,39.0,6.123634770231427,1.0,0.5,0.004828199744224548,0.04999999701976776,1.0,100.0,-0.20000000298023224,0.5215209722518921
646,35236-1785339351403096700,35236,99504,3,75,,OP3,FIXED_OPPONENT,train,map_b_split_lane,-1,0,SCRIPTED:OP11_ADAPTIVE_EXPLOITER,,1,3,0,3,91,0.5999999642372131,0,1,3,26,2,6,0,7,2,0,0,3,0,2,0,1,0,1,0,4,36.0,5.885950109460851,1.0,0.5,-0.018816828727722168,0.029999999329447746,1.0,100.0,0.0,0.5550835132598877
647,35236-1785339351403096700,35236,99680,3,86,,OP3,FIXED_OPPONENT,train,map_b_split_lane,-1,1,SCRIPTED:OP11_ADAPTIVE_EXPLOITER,,1,3,1,2,166,0.7199999690055847,1,0,3,42,3,11,5,7,1,5,1,2,0,2,0,2,1,0,3,2,44.0,6.342507971338479,1.0,0.5,-0.007412552833557129,0.0,1.0,100.0,0.0,0.5542789697647095
648,35236-1785339351403096700,35236,99824,3,95,,OP3,FIXED_OPPONENT,train,map_b_split_lane,-1,0,SCRIPTED:OP11_ADAPTIVE_EXPLOITER,,1,3,1,2,113,0.7999999523162842,1,0,4,45,2,12,3,7,1,1,0,3,1,8,1,1,2,0,0,3,31.0,6.508451478671184,1.0,0.5,-0.005821943283081055,0.04999999701976776,1.0,100.0,-0.20000000298023224,0.5210362076759338
649,35236-1785339351403096700,35236,100016,3,107,,OP3,FIXED_OPPONENT,train,map_b_split_lane,-1,1,SCRIPTED:OP11_ADAPTIVE_EXPLOITER,,1,3,0,3,193,0.8399999737739563,1,0,4,78,11,8,4,11,5,5,2,1,0,0,2,1,0,0,1,5,42.0,5.808402105934261,1.0,0.5,0.008002281188964844,0.0,1.0,100.0,-0.20000000298023224,0.5193871259689331
650,35236-1785339351403096700,35236,100064,3,110,,OP3,FIXED_OPPONENT,train,map_b_split_lane,-1,0,SCRIPTED:OP11_ADAPTIVE_EXPLOITER,,1,2,1,1,240,0.7999999523162842,0,1,20,87,3,23,3,4,3,10,0,2,0,1,1,0,1,0,1,3,204.0,6.391446940104166,1.0,0.0,0.011848077178001404,0.019999999552965164,0.0,0.0,0.0,0.24678882956504822
651,35236-1785339351403096700,35236,100400,3,131,,OP3,FIXED_OPPONENT,train,map_b_split_lane,-1,0,SCRIPTED:OP11_ADAPTIVE_EXPLOITER,,1,3,0,3,116,0.6800000071525574,1,0,4,63,1,15,0,10,1,2,0,3,0,8,0,3,0,1,0,3,44.0,4.721623387830011,1.0,0.5,-0.004781365394592285,0.03999999910593033,1.0,100.0,-0.20000000298023224,0.5206281542778015
652,35236-1785339351403096700,35236,100448,3,134,,OP3,FIXED_OPPONENT,train,map_b_split_lane,-1,0,SCRIPTED:OP11_ADAPTIVE_EXPLOITER,,1,3,1,2,130,0.6800000071525574,0,1,3,57,1,11,5,9,1,4,0,3,0,1,1,1,1,0,3,5,35.0,5.530060283954327,1.0,1.0,-0.007402703166007996,0.04999999701976776,2.0,200.0,0.0,0.7627099752426147
653,35236-1785339351403096700,35236,100480,3,136,,OP3,FIXED_OPPONENT,train,map_b_split_lane,-1,1,SCRIPTED:OP11_ADAPTIVE_EXPLOITER,,1,3,0,3,240,0.7999999523162842,1,0,11,65,7,19,2,13,5,5,0,3,0,6,0,5,1,0,0,3,169.0,5.783728535970052,1.0,0.5,-0.02696213126182556,0.014999999664723873,1.0,100.0,0.0,0.5540817975997925
654,35236-1785339351403096700,35236,100624,3,145,,OP3,FIXED_OPPONENT,train,map_b_split_lane,-1,0,SCRIPTED:OP11_ADAPTIVE_EXPLOITER,,1,3,0,3,100,0.7199999690055847,0,1,2,50,1,7,0,8,1,1,0,3,0,3,0,2,0,0,0,3,41.0,6.277354125976562,1.0,1.0,-0.01039789617061615,0.04999999701976776,2.0,200.0,0.0,0.7626317143440247
655,35236-1785339351403096700,35236,100640,3,146,,OP3,FIXED_OPPONENT,train,map_b_split_lane,-1,0,SCRIPTED:OP11_ADAPTIVE_EXPLOITER,,1,3,1,2,213,0.7999999523162842,0,1,2,60,3,21,1,13,2,8,0,3,0,3,0,3,1,0,0,6,31.0,5.635738175799589,1.0,0.5,-0.009569108486175537,0.04999999701976776,1.0,100.0,-0.20000000298023224,0.5208656191825867
656,35236-1785339351403096700,35236,100944,3,165,,OP3,FIXED_OPPONENT,train,map_b_split_lane,-1,0,SCRIPTED:OP11_ADAPTIVE_EXPLOITER,,1,3,1,2,122,0.7999999523162842,1,0,3,21,4,8,10,2,2,0,0,3,1,5,1,0,1,0,7,1,34.0,6.962025126472849,1.0,0.5,-0.0065957605838775635,0.04999999701976776,1.0,100.0,0.0,0.5564752817153931
657,35236-1785339351403096700,35236,101072,3,173,,OP3,FIXED_OPPONENT,train,map_b_split_lane,-1,1,SCRIPTED:OP11_ADAPTIVE_EXPLOITER,,1,3,0,3,123,0.7999999523162842,1,0,1,54,2,8,3,7,1,1,1,2,0,5,1,1,0,1,1,2,53.0,5.195418691247459,1.0,0.5,0.0023288577795028687,0.04999999701976776,1.0,100.0,0.0,0.5568602085113525
658,35236-1785339351403096700,35236,101584,3,205,,OP3,FIXED_OPPONENT,train,map_b_split_lane,-1,1,SCRIPTED:OP11_ADAPTIVE_EXPLOITER,,1,3,1,2,178,0.6800000071525574,0,1,9,71,2,20,2,10,1,8,0,3,0,4,0,2,1,0,0,5,49.0,5.253060673060042,1.0,0.0,-0.007476866245269775,0.0,0.0,0.0,0.0,0.24447932839393616
659,35236-1785339351403096700,35236,101600,3,206,,OP3,FIXED_OPPONENT,train,map_b_split_lane,-1,1,SCRIPTED:OP11_ADAPTIVE_EXPLOITER,,1,3,2,1,131,0.6399999856948853,1,0,1,40,2,10,2,8,2,0,0,3,0,6,2,0,0,2,0,4,41.0,5.742246671487357,1.0,0.5,0.0035875141620635986,0.04999999701976776,1.0,100.0,0.0,0.5569144487380981
660,35236-1785339351403096700,35236,101648,3,209,,OP3,FIXED_OPPONENT,train,map_b_split_lane,-1,0,SCRIPTED:OP11_ADAPTIVE_EXPLOITER,,1,2,1,1,240,0.7599999904632568,0,1,6,64,4,19,1,13,4,6,0,2,0,3,0,3,1,0,0,5,101.0,6.50729726155599,1.0,0.0,0.01652318239212036,0.0,0.0,0.0,-0.20000000298023224,0.19836759567260742
661,35236-1785339351403096700,35236,101840,3,221,,OP3,FIXED_OPPONENT,train,map_b_split_lane,-1,1,SCRIPTED:OP11_ADAPTIVE_EXPLOITER,,1,3,0,3,162,0.7599999904632568,1,0,10,47,4,9,6,6,2,5,1,2,0,0,1,0,0,0,3,4,35.0,5.883688844280479,1.0,0.5,-0.010617434978485107,0.0,1.0,100.0,-0.20000000298023224,0.5185368061065674
662,35236-1785339351403096700,35236,102000,3,231,,OP3,FIXED_OPPONENT,train,map_b_split_lane,-1,1,SCRIPTED:OP11_ADAPTIVE_EXPLOITER,,1,3,1,2,124,0.7599999904632568,1,0,1,31,1,7,1,10,0,0,0,3,1,3,0,2,1,2,0,4,55.0,6.5228276406565024,1.0,0.5,-0.007889792323112488,0.0,1.0,100.0,0.0,0.5542581677436829
663,35236-1785339351403096700,35236,102080,3,236,,OP3,FIXED_OPPONENT,train,map_b_split_lane,-1,1,SCRIPTED:OP11_ADAPTIVE_EXPLOITER,,1,3,1,2,126,0.7999999523162842,1,0,2,62,8,6,11,3,2,4,2,1,1,0,2,0,0,1,4,2,45.0,6.040836879185268,1.0,0.5,0.00022652745246887207,0.0,1.0,100.0,0.0,0.5546095371246338
664,35236-1785339351403096700,35236,102272,3,248,,OP3,FIXED_OPPONENT,train,map_b_split_lane,-1,1,SCRIPTED:OP11_ADAPTIVE_EXPLOITER,,1,3,0,3,112,0.7199999690055847,1,0,2,46,6,5,5,6,3,2,2,1,0,1,0,1,0,1,3,3,49.0,5.068869999476841,1.0,0.5,-0.023995116353034973,0.02499999850988388,1.0,100.0,0.0,0.5546432733535767
665,35236-1785339351403096700,35236,102288,3,249,,OP3,FIXED_OPPONENT,train,map_b_split_lane,-1,1,SCRIPTED:OP11_ADAPTIVE_EXPLOITER,,1,3,0,3,154,0.7599999904632568,1,0,5,86,8,10,7,11,4,5,1,2,0,0,2,2,0,0,2,4,35.0,4.846435943207183,1.0,0.5,-0.007633194327354431,0.0,1.0,100.0,-0.20000000298023224,0.5186731219291687
666,35236-1785339351403096700,35236,102464,3,260,,OP3,FIXED_OPPONENT,train,map_b_split_lane,-1,1,SCRIPTED:OP11_ADAPTIVE_EXPLOITER,,1,3,1,2,129,0.7199999690055847,1,0,9,49,6,4,5,7,3,2,2,1,0,0,0,2,1,0,3,3,49.0,6.769480150799419,1.0,0.5,-0.009042680263519287,0.0,1.0,100.0,0.0,0.5542082786560059
667,35236-1785339351403096700,35236,102512,3,263,,OP3,FIXED_OPPONENT,train,map_b_split_lane,-1,0,SCRIPTED:OP11_ADAPTIVE_EXPLOITER,,1,3,1,2,129,0.8399999737739563,0,2,1,46,2,11,1,12,0,4,0,4,2,2,0,2,1,0,0,6,34.0,5.0836096475290695,1.0,0.5,-0.0013339072465896606,0.0,1.0,100.0,0.0,0.554542064666748
668,35236-1785339351403096700,35236,102896,3,287,,OP3,FIXED_OPPONENT,train,map_b_split_lane,-1,1,SCRIPTED:OP11_ADAPTIVE_EXPLOITER,,1,3,1,2,142,0.6800000071525574,1,0,12,28,5,8,9,1,4,1,0,3,0,4,2,0,1,0,4,0,34.0,7.966140961982835,1.0,0.5,-0.011670038104057312,0.02499999850988388,1.0,100.0,0.0,0.5551763772964478
669,35236-1785339351403096700,35236,102912,3,288,,OP3,FIXED_OPPONENT,train,map_b_split_lane,-1,1,SCRIPTED:OP11_ADAPTIVE_EXPLOITER,,1,3,0,3,142,0.7599999904632568,1,0,5,33,9,7,10,4,6,2,1,2,0,0,3,1,0,0,2,2,35.0,6.124669034716109,1.0,0.5,0.0005214810371398926,0.0,1.0,100.0,0.0,0.5546223521232605
670,35236-1785339351403096700,35236,102960,3,291,,OP3,FIXED_OPPONENT,train,map_b_split_lane,-1,1,SCRIPTED:OP11_ADAPTIVE_EXPLOITER,,1,3,1,2,118,0.7199999690055847,1,0,2,19,5,4,6,8,1,2,2,1,2,1,0,4,0,1,5,2,62.0,7.918769965737553,1.0,0.5,0.008067414164543152,0.02499999850988388,1.0,100.0,0.0,0.5560290813446045
671,35236-1785339351403096700,35236,102992,3,293,,OP3,FIXED_OPPONENT,train,map_b_split_lane,-1,0,SCRIPTED:OP11_ADAPTIVE_EXPLOITER,,1,3,0,3,72,0.5999999642372131,1,0,6,32,1,7,0,6,1,1,0,3,0,3,0,1,0,1,0,2,31.0,5.460447947184245,1.0,0.5,-0.005351662635803223,0.04999999701976776,1.0,100.0,0.0,0.5565289258956909
672,35236-1785339351403096700,35236,103040,3,296,,OP3,FIXED_OPPONENT,train,map_b_split_lane,-1,1,SCRIPTED:OP11_ADAPTIVE_EXPLOITER,,1,3,0,3,234,0.7599999904632568,1,0,15,92,2,20,1,13,1,8,0,3,1,2,0,2,1,0,0,5,158.0,5.3460693359375,1.0,0.5,-0.005139663815498352,0.03999999910593033,1.0,100.0,-0.20000000298023224,0.5206118226051331
673,35236-1785339351403096700,35236,103152,3,303,,OP3,FIXED_OPPONENT,train,map_b_split_lane,-1,0,SCRIPTED:OP11_ADAPTIVE_EXPLOITER,,1,3,0,3,217,0.7199999690055847,1,0,5,52,4,17,4,8,4,7,0,3,0,0,2,0,0,0,0,5,79.0,6.6969534175187215,1.0,0.5,-0.008169353008270264,0.0,1.0,100.0,0.0,0.554246187210083
674,35236-1785339351403096700,35236,103168,3,304,,OP3,FIXED_OPPONENT,train,map_b_split_lane,-1,0,SCRIPTED:OP11_ADAPTIVE_EXPLOITER,,1,3,1,2,95,0.7199999690055847,1,0,2,30,2,6,0,6,2,1,0,3,0,2,0,0,0,1,0,4,37.0,5.938796515213816,1.0,0.5,-0.010901182889938354,0.04999999701976776,1.0,100.0,-0.20000000298023224,0.5208049416542053
675,35236-1785339351403096700,35236,103296,3,312,,OP3,FIXED_OPPONENT,train,map_b_split_lane,-1,1,SCRIPTED:OP11_ADAPTIVE_EXPLOITER,,1,3,1,2,106,0.7199999690055847,1,0,3,17,3,7,5,4,2,0,0,3,1,3,2,0,2,0,0,3,45.0,7.022174763229658,1.0,0.5,-0.013509973883628845,0.029999999329447746,1.0,100.0,0.0,0.5553129315376282
676,35236-1785339351403096700,35236,103856,3,347,,OP3,FIXED_OPPONENT,train,map_b_split_lane,-1,1,SCRIPTED:OP11_ADAPTIVE_EXPLOITER,,1,3,1,2,116,0.7199999690055847,0,2,5,31,4,6,4,3,2,0,1,2,1,3,0,0,1,1,2,1,53.0,6.036232783876616,1.0,0.5,-0.010046228766441345,0.03999999910593033,1.0,100.0,-0.20000000298023224,0.5203882455825806
677,35236-1785339351403096700,35236,104032,3,358,,OP3,FIXED_OPPONENT,train,map_b_split_lane,-1,1,SCRIPTED:OP11_ADAPTIVE_EXPLOITER,,1,3,0,3,153,0.7599999904632568,1,0,5,51,2,14,2,16,1,5,0,3,1,2,1,3,0,2,0,6,83.0,5.986041299657884,1.0,0.5,-0.002741515636444092,0.03999999910593033,1.0,100.0,-0.20000000298023224,0.5207211375236511
678,35236-1785339351403096700,35236,104256,3,372,,OP3,FIXED_OPPONENT,train,map_b_split_lane,-1,1,SCRIPTED:OP11_ADAPTIVE_EXPLOITER,,1,3,1,2,109,0.7599999904632568,0,1,4,34,5,5,5,6,0,2,2,1,3,2,0,2,1,1,2,1,37.0,6.231404995699541,1.0,0.5,-0.0036141276359558105,0.04999999701976776,1.0,100.0,0.0,0.5566038489341736
679,35236-1785339351403096700,35236,104304,3,375,,OP3,FIXED_OPPONENT,train,map_b_split_lane,-1,0,SCRIPTED:OP11_ADAPTIVE_EXPLOITER,,1,3,1,2,115,0.5999999642372131,0,1,6,30,4,4,1,7,1,1,0,3,2,0,0,1,1,0,0,4,40.0,6.272396187160326,1.0,0.5,-0.008901536464691162,0.0,1.0,100.0,0.0,0.554214358329773
680,35236-1785339351403096700,35236,104512,3,388,,OP3,FIXED_OPPONENT,train,map_b_split_lane,-1,1,SCRIPTED:OP11_ADAPTIVE_EXPLOITER,,1,3,1,2,139,0.7999999523162842,0,2,1,29,4,6,4,4,2,2,1,3,0,1,2,1,0,1,1,1,43.0,7.358736985021358,1.0,0.5,0.0026517510414123535,0.0,1.0,100.0,-0.20000000298023224,0.5191428661346436
681,35236-1785339351403096700,35236,104512,3,388,,OP3,FIXED_OPPONENT,train,map_b_split_lane,-1,1,SCRIPTED:OP11_ADAPTIVE_EXPLOITER,,1,3,2,1,152,0.7599999904632568,1,0,4,44,5,10,2,12,1,4,0,3,1,2,0,4,2,0,0,6,41.0,6.19590237266139,1.0,0.5,0.008605048060417175,0.0,1.0,100.0,0.0,0.5549720525741577
682,35236-1785339351403096700,35236,104592,3,393,,OP3,FIXED_OPPONENT,train,map_b_split_lane,-1,1,SCRIPTED:OP11_ADAPTIVE_EXPLOITER,,1,3,0,3,102,0.5600000023841858,1,0,4,22,0,14,1,7,0,5,0,3,0,3,0,0,0,0,0,5,33.0,6.466472550934436,1.0,0.5,-0.004493556916713715,0.0,1.0,100.0,0.0,0.5544052720069885
683,35236-1785339351403096700,35236,104784,3,405,,OP3,FIXED_OPPONENT,train,map_b_split_lane,-1,1,SCRIPTED:OP11_ADAPTIVE_EXPLOITER,,1,1,0,1,240,0.8399999737739563,1,0,8,55,7,19,6,0,3,10,0,1,0,0,3,0,0,0,0,0,111.0,6.762261454264323,1.0,0.0,-0.0003954172134399414,0.0,0.0,0.0,-0.20000000298023224,0.1973515748977661
684,35236-1785339351403096700,35236,104896,3,412,,OP3,FIXED_OPPONENT,train,map_b_split_lane,-1,1,SCRIPTED:OP11_ADAPTIVE_EXPLOITER,,1,3,1,2,109,0.5999999642372131,1,0,8,22,4,4,0,8,3,0,1,2,0,1,0,2,0,1,0,3,43.0,6.818924370161984,1.0,0.5,0.004567056894302368,0.0,1.0,100.0,0.0,0.554797351360321
685,35236-1785339351403096700,35236,105024,3,420,,OP3,FIXED_OPPONENT,train,map_b_split_lane,-1,1,SCRIPTED:OP11_ADAPTIVE_EXPLOITER,,1,3,0,3,116,0.7599999904632568,1,0,6,22,6,4,4,6,1,1,1,2,4,1,0,1,1,0,1,4,46.0,7.422112826643319,1.0,0.5,-0.009060055017471313,0.04999999701976776,1.0,100.0,0.0,0.556368887424469
686,35236-1785339351403096700,35236,105136,3,427,,OP3,FIXED_OPPONENT,train,map_b_split_lane,-1,1,SCRIPTED:OP11_ADAPTIVE_EXPLOITER,,1,3,0,3,134,0.7599999904632568,0,1,4,42,2,14,10,4,2,6,0,3,0,1,3,0,0,0,2,3,33.0,7.019744417560634,1.0,0.5,-0.005025714635848999,0.02499999850988388,1.0,100.0,0.0,0.5554635524749756
687,35236-1785339351403096700,35236,105264,3,435,,OP3,FIXED_OPPONENT,train,map_b_split_lane,-1,1,SCRIPTED:OP11_ADAPTIVE_EXPLOITER,,1,3,0,3,88,0.6399999856948853,1,0,8,26,1,13,0,9,0,4,1,2,0,5,0,2,0,1,0,4,33.0,6.543871792879972,1.0,0.5,-0.0017054975032806396,0.014999999664723873,1.0,100.0,-0.20000000298023224,0.519628643989563
688,35236-1785339351403096700,35236,105312,3,438,,OP3,FIXED_OPPONENT,train,map_b_split_lane,-1,1,SCRIPTED:OP11_ADAPTIVE_EXPLOITER,,1,3,1,2,126,0.7599999904632568,0,1,2,25,4,8,3,5,2,0,1,3,1,5,1,1,0,1,2,3,45.0,6.825590587797619,1.0,0.5,-0.00565926730632782,0.03999999910593033,1.0,100.0,0.0,0.5560840368270874
689,35236-1785339351403096700,35236,105424,3,445,,OP3,FIXED_OPPONENT,train,map_b_split_lane,-1,1,SCRIPTED:OP11_ADAPTIVE_EXPLOITER,,1,3,2,1,197,0.7999999523162842,0,1,5,55,6,17,5,5,3,6,0,3,1,2,1,0,1,1,2,4,33.0,6.742505998175761,1.0,0.5,-0.009747684001922607,0.0,1.0,100.0,0.0,0.5541777610778809
690,35236-1785339351403096700,35236,105536,3,452,,OP3,FIXED_OPPONENT,train,map_b_split_lane,-1,1,SCRIPTED:OP11_ADAPTIVE_EXPLOITER,,1,3,1,2,164,0.7599999904632568,0,1,18,38,8,8,4,5,4,3,1,2,0,3,2,1,1,0,0,3,37.0,7.125003721655869,1.0,0.5,-0.004362940788269043,0.0,1.0,100.0,0.0,0.5544108152389526
691,35236-1785339351403096700,35236,106192,3,493,,OP3,FIXED_OPPONENT,train,map_b_split_lane,-1,0,SCRIPTED:OP11_ADAPTIVE_EXPLOITER,,1,3,1,2,206,0.7599999904632568,1,0,6,49,1,19,2,10,1,6,0,3,0,5,0,3,1,0,1,3,135.0,6.292058555825243,1.0,0.5,0.0034660547971725464,0.04999999701976776,1.0,100.0,0.0,0.5569092631340027
692,35236-1785339351403096700,35236,106368,3,504,,OP3,FIXED_OPPONENT,train,map_b_split_lane,-1,0,SCRIPTED:OP11_ADAPTIVE_EXPLOITER,,1,3,0,3,208,0.6800000071525574,0,2,12,93,5,18,5,7,4,7,0,3,0,1,1,0,0,0,3,4,134.0,6.243155846228967,1.0,0.5,-0.016201108694076538,0.02499999850988388,1.0,100.0,0.0,0.5549803972244263
693,35236-1785339351403096700,35236,106368,3,504,,OP3,FIXED_OPPONENT,train,map_b_split_lane,-1,0,SCRIPTED:OP11_ADAPTIVE_EXPLOITER,,1,3,1,2,99,0.7199999690055847,1,0,4,29,4,8,3,7,3,1,0,3,0,3,1,0,1,0,0,6,38.0,6.212201975812816,1.0,0.5,-0.012439295649528503,0.03999999910593033,1.0,100.0,0.0,0.5557913780212402
694,35236-1785339351403096700,35236,106640,3,521,,OP3,FIXED_OPPONENT,train,map_b_split_lane,-1,0,SCRIPTED:OP11_ADAPTIVE_EXPLOITER,,1,3,2,1,163,0.6800000071525574,1,0,13,42,0,16,4,8,0,5,0,3,0,5,1,1,2,0,0,5,68.0,6.632283778278374,1.0,0.5,-0.01222248375415802,0.03999999910593033,1.0,100.0,0.0,0.5558006763458252
695,35236-1785339351403096700,35236,106720,3,526,,OP3,FIXED_OPPONENT,train,map_b_split_lane,-1,1,SCRIPTED:OP11_ADAPTIVE_EXPLOITER,,1,3,1,2,154,0.7599999904632568,1,0,9,41,9,6,3,5,2,2,2,1,4,1,0,0,0,2,2,2,36.0,6.409853055879667,1.0,0.5,0.010200679302215576,0.02499999850988388,1.0,100.0,0.0,0.5561212301254272
696,35236-1785339351403096700,35236,106816,3,532,,OP3,FIXED_OPPONENT,train,map_b_split_lane,-1,1,SCRIPTED:OP11_ADAPTIVE_EXPLOITER,,1,3,1,2,139,0.7199999690055847,0,2,10,30,5,14,6,6,2,6,0,4,2,2,3,0,1,0,0,5,47.0,7.077836510088804,1.0,0.5,-0.018173471093177795,0.02499999850988388,1.0,100.0,0.0,0.5548951029777527
697,35236-1785339351403096700,35236,106928,3,539,,OP3,FIXED_OPPONENT,train,map_b_split_lane,-1,1,SCRIPTED:OP11_ADAPTIVE_EXPLOITER,,1,3,1,2,119,0.7599999904632568,1,0,2,70,8,4,7,5,3,1,2,1,1,1,1,1,0,1,4,3,34.0,4.8509188099067755,1.0,0.5,-0.004550501704216003,0.0,1.0,100.0,0.0,0.5544027090072632
698,35236-1785339351403096700,35236,106992,3,543,,OP3,FIXED_OPPONENT,train,map_b_split_lane,-1,1,SCRIPTED:OP11_ADAPTIVE_EXPLOITER,,1,3,1,2,116,0.6399999856948853,1,0,3,20,7,6,3,7,3,2,1,2,2,1,1,2,1,0,1,2,40.0,6.093608987742457,1.0,0.5,-0.004039302468299866,0.0,1.0,100.0,0.0,0.5544248819351196
699,35236-1785339351403096700,35236,107056,3,547,,OP3,FIXED_OPPONENT,train,map_b_split_lane,-1,1,SCRIPTED:OP11_ADAPTIVE_EXPLOITER,,1,3,0,3,159,0.7599999904632568,1,0,4,73,12,9,13,8,2,1,1,2,7,6,2,1,2,1,4,4,34.0,4.444138628881682,1.0,0.5,0.009358048439025879,0.02499999850988388,1.0,100.0,0.0,0.5560848712921143
700,35236-1785339351403096700,35236,107072,3,548,,OP3,FIXED_OPPONENT,train,map_b_split_lane,-1,0,SCRIPTED:OP11_ADAPTIVE_EXPLOITER,,1,3,2,1,110,0.7599999904632568,0,1,4,53,1,9,5,5,0,2,0,3,1,3,1,0,2,0,2,4,34.0,6.437636496803977,1.0,0.5,0.0026385337114334106,0.04999999701976776,1.0,100.0,-0.20000000298023224,0.5214213132858276
701,35236-1785339351403096700,35236,107280,3,561,,OP3,FIXED_OPPONENT,train,map_b_split_lane,-1,1,SCRIPTED:OP11_ADAPTIVE_EXPLOITER,,1,3,1,2,173,0.7999999523162842,1,0,11,45,15,8,5,9,6,1,2,2,3,4,0,1,2,0,1,6,65.0,7.104355299403902,1.0,0.5,-0.009885534644126892,0.02499999850988388,1.0,100.0,0.0,0.5552535057067871
702,35236-1785339351403096700,35236,107392,3,568,,OP3,FIXED_OPPONENT,train,map_b_split_lane,-1,1,SCRIPTED:OP11_ADAPTIVE_EXPLOITER,,1,3,1,2,156,0.6399999856948853,1,0,4,69,3,15,5,9,1,6,0,3,0,3,2,0,1,0,0,6,75.0,4.887257893880208,1.0,0.5,-0.02014203369617462,0.04999999701976776,1.0,100.0,0.0,0.5558905601501465
703,35236-1785339351403096700,35236,107488,3,574,,OP3,FIXED_OPPONENT,train,map_b_split_lane,-1,0,SCRIPTED:OP11_ADAPTIVE_EXPLOITER,,1,3,2,1,122,0.7199999690055847,1,0,3,42,3,9,2,9,1,1,0,3,2,3,0,1,2,0,0,5,36.0,5.531396084144467,1.0,0.5,-0.0031985193490982056,0.0,1.0,100.0,-0.20000000298023224,0.5188757181167603
704,35236-1785339351403096700,35236,107664,3,585,,OP3,FIXED_OPPONENT,train,map_b_split_lane,-1,1,SCRIPTED:OP11_ADAPTIVE_EXPLOITER,,1,3,0,3,92,0.7599999904632568,1,0,3,38,1,6,3,4,1,1,0,3,0,2,1,0,0,1,2,2,34.0,6.342098733653193,1.0,0.5,-0.002939283847808838,0.02499999850988388,1.0,100.0,0.0,0.555553674697876
705,35236-1785339351403096700,35236,108048,3,609,,OP3,FIXED_OPPONENT,train,map_b_split_lane,-1,1,SCRIPTED:OP11_ADAPTIVE_EXPLOITER,,1,3,1,2,164,0.6800000071525574,1,0,2,41,4,10,2,8,3,3,1,2,0,3,1,1,0,1,0,5,34.0,7.192597179878049,1.0,0.5,0.00508841872215271,0.04999999701976776,1.0,100.0,-0.20000000298023224,0.5215328335762024
706,35236-1785339351403096700,35236,108144,3,615,,OP3,FIXED_OPPONENT,train,map_b_split_lane,-1,1,SCRIPTED:OP11_ADAPTIVE_EXPLOITER,,1,2,1,1,240,0.7599999904632568,1,0,11,64,5,19,1,7,2,9,0,2,1,2,0,1,1,0,0,3,183.0,6.35566151936849,1.0,0.0,0.008218616247177124,0.019999999552965164,0.0,0.0,0.0,0.24657581746578217
707,35236-1785339351403096700,35236,108144,3,615,,OP3,FIXED_OPPONENT,train,map_b_split_lane,-1,0,SCRIPTED:OP11_ADAPTIVE_EXPLOITER,,1,3,1,2,180,0.7199999690055847,0,1,13,63,2,18,1,11,2,7,0,3,0,2,0,3,1,0,0,4,34.0,5.648055691189236,1.0,0.5,0.003041893243789673,0.04999999701976776,1.0,100.0,0.0,0.5568909645080566
708,35236-1785339351403096700,35236,108288,3,624,,OP3,FIXED_OPPONENT,train,map_b_split_lane,-1,0,SCRIPTED:OP11_ADAPTIVE_EXPLOITER,,1,3,0,3,120,0.6399999856948853,0,1,0,30,2,10,3,7,0,3,0,3,1,3,1,0,1,0,0,4,54.0,5.858666483561198,1.0,0.5,-0.009714841842651367,0.04999999701976776,1.0,100.0,0.0,0.5563406348228455
709,35236-1785339351403096700,35236,108592,3,643,,OP3,FIXED_OPPONENT,train,map_b_split_lane,-1,0,SCRIPTED:OP11_ADAPTIVE_EXPLOITER,,1,3,0,3,139,0.7199999690055847,0,1,2,81,3,15,1,15,2,7,0,3,0,0,0,4,0,0,0,6,50.0,4.334729530828462,1.0,0.5,-0.008111730217933655,0.0,1.0,100.0,-0.20000000298023224,0.5186512470245361
710,35236-1785339351403096700,35236,108704,3,650,,OP3,FIXED_OPPONENT,train,map_b_split_lane,-1,1,SCRIPTED:OP11_ADAPTIVE_EXPLOITER,,1,3,1,2,107,0.7599999904632568,1,0,4,20,5,3,4,1,3,1,2,1,0,0,1,0,0,1,2,0,45.0,7.366692373685748,1.0,0.4000000059604645,-0.006828740239143372,0.04999999701976776,1.0,100.0,0.0,0.5389667749404907
711,35236-1785339351403096700,35236,108720,3,651,,OP3,FIXED_OPPONENT,train,map_b_split_lane,-1,1,SCRIPTED:OP11_ADAPTIVE_EXPLOITER,,1,3,1,2,119,0.7199999690055847,1,0,5,22,3,6,0,10,1,2,1,2,1,2,0,1,0,1,0,7,41.0,6.749917423023897,1.0,0.5,-0.004585921764373779,0.02499999850988388,1.0,100.0,0.0,0.5554825067520142
712,35236-1785339351403096700,35236,108912,3,663,,OP3,FIXED_OPPONENT,train,map_b_split_lane,-1,1,SCRIPTED:OP11_ADAPTIVE_EXPLOITER,,1,3,1,2,115,0.6399999856948853,1,0,5,28,2,8,5,4,1,3,0,3,0,2,1,1,1,0,2,2,41.0,7.301822562839674,1.0,0.5,0.003210783004760742,0.0,1.0,100.0,0.0,0.5547386407852173
713,35236-1785339351403096700,35236,109232,3,683,,OP3,FIXED_OPPONENT,train,map_b_split_lane,-1,1,SCRIPTED:OP11_ADAPTIVE_EXPLOITER,,1,3,0,3,115,0.7599999904632568,0,2,4,46,5,7,2,11,2,2,1,2,1,2,0,2,1,0,1,3,34.0,5.701449983016304,1.0,0.5,-0.0069029927253723145,0.0,1.0,100.0,0.0,0.5543009638786316
714,35236-1785339351403096700,35236,109264,3,685,,OP3,FIXED_OPPONENT,train,map_b_split_lane,-1,1,SCRIPTED:OP11_ADAPTIVE_EXPLOITER,,0,2,3,-1,146,0.6800000071525574,1,0,9,29,5,9,2,8,1,1,0,2,4,5,0,2,2,1,0,3,66.0,6.461671594071062,-1.0,-0.5,-0.007271379232406616,0.0,-1.0,-100.0,-0.20000000298023224,-0.5885564088821411
715,35236-1785339351403096700,35236,109424,3,695,,OP3,FIXED_OPPONENT,train,map_b_split_lane,-1,1,SCRIPTED:OP11_ADAPTIVE_EXPLOITER,,1,3,1,2,174,0.6399999856948853,1,0,9,65,2,14,7,5,0,6,1,2,0,2,2,0,1,0,3,3,94.0,6.054493871228448,1.0,0.5,0.0008810162544250488,0.02499999850988388,1.0,100.0,-0.20000000298023224,0.52020263671875
716,35236-1785339351403096700,35236,109696,3,712,,OP3,FIXED_OPPONENT,train,map_b_split_lane,-1,1,SCRIPTED:OP11_ADAPTIVE_EXPLOITER,,1,3,0,3,165,0.7199999690055847,1,0,4,47,4,12,4,6,1,7,1,3,0,0,0,1,0,0,3,2,52.0,5.827404415246212,1.0,0.5,-0.006938472390174866,0.0,1.0,100.0,-0.20000000298023224,0.518704891204834
717,35236-1785339351403096700,35236,109872,3,723,,OP3,FIXED_OPPONENT,train,map_b_split_lane,-1,1,SCRIPTED:OP11_ADAPTIVE_EXPLOITER,,1,3,2,1,114,0.6800000071525574,1,0,1,33,6,4,5,5,1,1,2,1,3,2,0,0,0,2,4,3,32.0,6.445890192399945,1.0,1.0,-0.0008699893951416016,0.0,2.0,200.0,0.0,0.7615712881088257
718,35236-1785339351403096700,35236,109968,3,729,,OP3,FIXED_OPPONENT,train,map_b_split_lane,-1,1,SCRIPTED:OP11_ADAPTIVE_EXPLOITER,,1,3,1,2,203,0.7999999523162842,0,1,16,51,14,6,3,4,6,2,2,1,2,1,1,2,0,1,1,0,43.0,6.088390331550185,1.0,0.5,-0.006096765398979187,0.0,1.0,100.0,-0.20000000298023224,0.5187433362007141
719,35236-1785339351403096700,35236,110048,3,734,,OP3,FIXED_OPPONENT,train,map_b_split_lane,-1,1,SCRIPTED:OP11_ADAPTIVE_EXPLOITER,,1,3,1,2,173,0.7199999690055847,1,0,2,61,6,8,5,3,3,1,2,2,0,4,0,0,1,0,3,2,46.0,5.888436201679913,1.0,0.5,-0.006342768669128418,0.03999999910593033,1.0,100.0,0.0,0.5560545921325684
720,35236-1785339351403096700,35236,110144,3,740,,OP3,FIXED_OPPONENT,train,map_b_split_lane,-1,1,SCRIPTED:OP11_ADAPTIVE_EXPLOITER,,1,3,0,3,155,0.7999999523162842,1,0,3,39,6,12,4,7,3,5,0,3,0,2,2,1,0,0,0,5,65.0,6.411946352066532,1.0,0.5,-0.017615042626857758,0.04999999701976776,1.0,100.0,0.0,0.5559996962547302
721,35236-1785339351403096700,35236,110592,3,768,,OP3,FIXED_OPPONENT,train,map_b_split_lane,-1,0,SCRIPTED:OP11_ADAPTIVE_EXPLOITER,,1,3,1,2,194,0.7999999523162842,0,1,11,34,1,17,5,7,1,6,0,3,0,5,3,0,1,0,0,5,41.0,6.882184530041881,1.0,0.5,-0.017281636595726013,0.029999999329447746,1.0,100.0,-0.20000000298023224,0.5196022987365723
722,35236-1785339351403096700,35236,110592,3,768,,OP3,FIXED_OPPONENT,train,map_b_split_lane,-1,0,SCRIPTED:OP11_ADAPTIVE_EXPLOITER,,1,3,1,2,117,0.6800000071525574,1,0,6,32,1,9,1,8,1,2,0,4,0,3,1,1,0,1,0,5,34.0,5.974645370092148,1.0,0.5,-0.005114436149597168,0.04999999701976776,1.0,100.0,0.0,0.5565391778945923
723,35236-1785339351403096700,35236,110864,3,785,,OP3,FIXED_OPPONENT,train,map_b_split_lane,-1,0,SCRIPTED:OP11_ADAPTIVE_EXPLOITER,,1,3,1,2,170,0.7599999904632568,1,0,2,68,3,13,1,11,3,3,0,3,0,4,0,2,1,0,0,6,106.0,6.373109346277573,1.0,0.5,0.0010421127080917358,0.02499999850988388,1.0,100.0,0.0,0.5557256937026978
724,35236-1785339351403096700,35236,111056,3,797,,OP3,FIXED_OPPONENT,train,map_b_split_lane,-1,1,SCRIPTED:OP11_ADAPTIVE_EXPLOITER,,1,3,2,1,134,0.7599999904632568,0,1,10,27,1,15,4,6,0,5,0,3,1,4,1,0,2,0,0,5,48.0,6.393589304454291,1.0,1.0,-0.007040649652481079,0.0,1.5,150.0,0.0,0.7036835551261902
725,35236-1785339351403096700,35236,111088,3,799,,OP3,FIXED_OPPONENT,train,map_b_split_lane,-1,0,SCRIPTED:OP11_ADAPTIVE_EXPLOITER,,1,3,1,2,104,0.7199999690055847,1,0,3,42,2,7,3,6,1,1,0,3,1,2,1,0,0,1,1,4,34.0,5.409842271071214,1.0,0.5,-0.006686016917228699,0.0,1.0,100.0,0.0,0.5543103218078613
726,35236-1785339351403096700,35236,111184,3,805,,OP3,FIXED_OPPONENT,train,map_b_split_lane,-1,1,SCRIPTED:OP11_ADAPTIVE_EXPLOITER,,1,3,1,2,190,0.7599999904632568,0,1,5,73,9,11,7,5,4,4,2,1,1,2,1,0,0,1,4,3,40.0,6.136242033305921,1.0,0.5,-0.014717280864715576,0.02499999850988388,1.0,100.0,-0.20000000298023224,0.5194911956787109
727,35236-1785339351403096700,35236,111216,3,807,,OP3,FIXED_OPPONENT,train,map_b_split_lane,-1,0,SCRIPTED:OP11_ADAPTIVE_EXPLOITER,,1,3,1,2,164,0.8399999737739563,1,0,5,27,5,15,1,11,1,5,0,3,3,2,0,4,1,0,0,4,34.0,6.450699969035823,1.0,0.5,0.015097051858901978,0.04999999701976776,1.0,100.0,0.0,0.5574105381965637
728,35236-1785339351403096700,35236,111328,3,814,,OP3,FIXED_OPPONENT,train,map_b_split_lane,-1,1,SCRIPTED:OP11_ADAPTIVE_EXPLOITER,,1,3,1,2,164,0.7599999904632568,0,2,3,42,1,13,5,10,1,4,0,3,0,3,2,0,1,0,1,8,41.0,6.551061118521342,1.0,0.5,0.007353588938713074,0.0,1.0,100.0,0.0,0.5549179315567017
729,35236-1785339351403096700,35236,111536,3,827,,OP3,FIXED_OPPONENT,train,map_b_split_lane,-1,1,SCRIPTED:OP11_ADAPTIVE_EXPLOITER,,1,3,1,2,144,0.5199999809265137,0,1,6,58,0,16,1,15,0,6,0,3,0,2,0,4,1,0,0,5,75.0,4.924033694797092,1.0,0.5,0.010182708501815796,0.04999999701976776,1.0,100.0,0.0,0.5571987628936768
730,35236-1785339351403096700,35236,111600,3,831,,OP3,FIXED_OPPONENT,train,map_b_split_lane,-1,1,SCRIPTED:OP11_ADAPTIVE_EXPLOITER,,1,3,0,3,108,0.7599999904632568,1,0,8,42,4,8,1,7,3,0,0,3,0,5,0,1,1,0,0,4,40.0,5.957034075701678,1.0,0.5,0.0006977319717407227,0.03999999910593033,1.0,100.0,-0.20000000298023224,0.5208777785301208
731,35236-1785339351403096700,35236,111696,3,837,,OP3,FIXED_OPPONENT,train,map_b_split_lane,-1,1,SCRIPTED:OP11_ADAPTIVE_EXPLOITER,,1,3,1,2,125,0.6800000071525574,1,0,9,46,2,9,6,6,1,3,0,3,1,3,1,0,1,0,3,5,34.0,6.2281279296875,1.0,0.5,-0.00921553373336792,0.0,1.0,100.0,0.0,0.5542007684707642
732,35236-1785339351403096700,35236,111760,3,841,,OP3,FIXED_OPPONENT,train,map_b_split_lane,-1,1,SCRIPTED:OP11_ADAPTIVE_EXPLOITER,,1,3,0,3,107,0.7999999523162842,1,0,0,47,3,7,4,6,1,3,0,3,2,0,1,0,1,0,1,4,46.0,5.438046464296145,1.0,0.5,0.001895308494567871,0.03999999910593033,1.0,100.0,-0.20000000298023224,0.5209323167800903
733,35236-1785339351403096700,35236,111824,3,845,,OP3,FIXED_OPPONENT,train,map_b_split_lane,-1,0,SCRIPTED:OP11_ADAPTIVE_EXPLOITER,,1,3,1,2,221,0.5600000023841858,0,2,6,54,0,22,1,17,0,9,0,3,0,5,0,3,1,0,0,10,39.0,5.732971467583428,1.0,0.5,-0.013344258069992065,0.02499999850988388,1.0,100.0,-0.20000000298023224,0.5195538401603699
734,35236-1785339351403096700,35236,111904,3,850,,OP3,FIXED_OPPONENT,train,map_b_split_lane,-1,0,SCRIPTED:OP11_ADAPTIVE_EXPLOITER,,1,3,1,2,165,0.4399999976158142,1,0,10,54,0,18,1,11,0,6,0,3,0,5,0,4,1,0,0,4,35.0,5.787540690104167,1.0,0.5,-0.009246468544006348,0.04999999701976776,1.0,100.0,0.0,0.5563608407974243
735,35236-1785339351403096700,35236,112064,3,860,,OP3,FIXED_OPPONENT,train,map_b_split_lane,-1,1,SCRIPTED:OP11_ADAPTIVE_EXPLOITER,,1,3,1,2,120,0.7199999690055847,1,0,3,43,4,6,5,9,0,1,1,2,3,2,0,2,2,0,1,5,37.0,5.2630869547526045,1.0,0.5,0.003303810954093933,0.04999999701976776,1.0,100.0,0.0,0.5569022297859192
736,35236-1785339351403096700,35236,112128,3,864,,OP3,FIXED_OPPONENT,train,map_b_split_lane,-1,0,SCRIPTED:OP11_ADAPTIVE_EXPLOITER,,1,3,2,1,96,0.5999999642372131,1,0,6,33,0,8,2,7,0,2,0,3,0,3,0,1,2,0,0,5,32.0,6.6339537302653,1.0,0.5,-0.0019795596599578857,0.0,1.0,100.0,0.0,0.5545140504837036
737,35236-1785339351403096700,35236,112544,3,890,,OP3,FIXED_OPPONENT,train,map_b_split_lane,-1,0,SCRIPTED:OP11_ADAPTIVE_EXPLOITER,,1,3,1,2,91,0.6399999856948853,0,1,5,58,2,7,1,8,1,1,0,3,1,3,0,2,1,0,0,4,33.0,6.166394579541552,1.0,0.5,-0.008385851979255676,0.0,1.0,100.0,0.0,0.5542367100715637
738,35236-1785339351403096700,35236,112928,3,914,,OP3,FIXED_OPPONENT,train,map_b_split_lane,-1,0,SCRIPTED:OP11_ADAPTIVE_EXPLOITER,,1,3,0,3,185,0.7599999904632568,0,1,4,51,5,13,8,12,1,4,0,4,4,2,2,3,1,0,2,5,106.0,5.4959894953547295,1.0,0.5,0.007839292287826538,0.04999999701976776,1.0,100.0,0.0,0.5570977926254272
739,35236-1785339351403096700,35236,112928,3,914,,OP3,FIXED_OPPONENT,train,map_b_split_lane,-1,0,SCRIPTED:OP11_ADAPTIVE_EXPLOITER,,1,3,0,3,100,0.47999998927116394,0,1,7,19,0,7,2,3,0,0,0,3,0,4,1,1,1,0,0,1,46.0,6.700361938476562,1.0,0.5,-0.00955873727798462,0.014999999664723873,1.0,100.0,0.0,0.5548352003097534
740,35236-1785339351403096700,35236,112976,3,917,,OP3,FIXED_OPPONENT,train,map_b_split_lane,-1,1,SCRIPTED:OP11_ADAPTIVE_EXPLOITER,,1,3,0,3,149,0.7199999690055847,1,0,15,22,6,10,1,12,4,3,1,2,0,2,0,3,0,0,0,7,33.0,7.418251396025587,1.0,0.5,-0.008542612195014954,0.04999999701976776,1.0,100.0,0.0,0.5563912391662598
741,35236-1785339351403096700,35236,113024,3,920,,OP3,FIXED_OPPONENT,train,map_b_split_lane,-1,0,SCRIPTED:OP11_ADAPTIVE_EXPLOITER,,1,3,1,2,115,0.7199999690055847,0,2,1,77,2,10,1,9,1,3,0,3,1,1,0,0,1,0,0,6,32.0,4.085936438519021,1.0,0.4000000059604645,-0.008259087800979614,0.04999999701976776,1.0,100.0,-0.20000000298023224,0.5024728775024414
742,35236-1785339351403096700,35236,113280,3,936,,OP3,FIXED_OPPONENT,train,map_b_split_lane,-1,1,SCRIPTED:OP11_ADAPTIVE_EXPLOITER,,1,3,1,2,109,0.6800000071525574,0,1,2,27,7,3,0,10,2,0,2,1,3,2,0,2,0,2,0,4,41.0,8.226803280891628,1.0,0.5,-0.005831897258758545,0.03999999910593033,1.0,100.0,0.0,0.5560766458511353
743,35236-1785339351403096700,35236,113312,3,938,,OP3,FIXED_OPPONENT,train,map_b_split_lane,-1,0,SCRIPTED:OP11_ADAPTIVE_EXPLOITER,,1,3,0,3,141,0.7599999904632568,1,0,2,96,1,15,2,12,1,4,0,4,0,5,1,1,0,2,0,4,44.0,3.8620215882646276,1.0,0.5,-0.008214503526687622,0.0,1.0,100.0,0.0,0.5542441010475159
744,35236-1785339351403096700,35236,113440,3,946,,OP3,FIXED_OPPONENT,train,map_b_split_lane,-1,0,SCRIPTED:OP11_ADAPTIVE_EXPLOITER,,1,3,1,2,101,0.8799999952316284,1,0,5,22,1,8,1,6,1,2,0,3,0,3,0,2,1,0,0,2,41.0,6.581098802018873,1.0,0.5,0.007325813174247742,0.0,1.0,100.0,-0.20000000298023224,0.5193561911582947
745,35236-1785339351403096700,35236,113696,3,962,,OP3,FIXED_OPPONENT,train,map_b_split_lane,-1,1,SCRIPTED:OP11_ADAPTIVE_EXPLOITER,,1,3,0,3,131,0.7599999904632568,1,0,1,48,4,6,3,7,1,1,0,3,3,1,0,1,0,1,3,3,47.0,5.552382141579199,1.0,0.5,-0.008978933095932007,0.02499999850988388,1.0,100.0,0.0,0.5552927255630493
746,35236-1785339351403096700,35236,113712,3,963,,OP3,FIXED_OPPONENT,train,map_b_split_lane,-1,0,SCRIPTED:OP11_ADAPTIVE_EXPLOITER,,1,3,1,2,103,0.6800000071525574,0,1,3,46,1,9,3,7,1,3,0,3,0,2,1,1,1,0,1,4,33.0,5.580656477548544,1.0,0.5,0.0010537877678871155,0.0,1.0,100.0,0.0,0.554645299911499
747,35236-1785339351403096700,35236,113872,3,973,,OP3,FIXED_OPPONENT,train,map_b_split_lane,-1,1,SCRIPTED:OP11_ADAPTIVE_EXPLOITER,,1,3,1,2,123,0.7999999523162842,0,1,1,48,7,5,3,7,1,2,1,2,5,0,1,0,0,1,1,4,39.0,5.86500015879065,1.0,1.0,-0.0074066221714019775,0.04999999701976776,2.0,200.0,0.0,0.7627098560333252
748,35236-1785339351403096700,35236,114272,3,998,,OP3,FIXED_OPPONENT,train,map_b_split_lane,-1,0,SCRIPTED:OP11_ADAPTIVE_EXPLOITER,,1,3,1,2,108,0.6800000071525574,1,0,2,37,4,8,3,4,2,2,0,3,2,2,0,0,1,0,1,3,40.0,6.6615640145761,1.0,0.5,0.001963213086128235,0.04999999701976776,1.0,100.0,0.0,0.5568444728851318
749,35236-1785339351403096700,35236,114464,3,1010,,OP3,FIXED_OPPONENT,train,map_b_split_lane,-1,1,SCRIPTED:OP11_ADAPTIVE_EXPLOITER,,1,3,0,3,96,0.7199999690055847,1,0,6,28,3,7,1,8,1,3,2,1,0,2,0,2,0,1,1,1,38.0,6.435802459716797,1.0,0.5,-0.004433229565620422,0.04999999701976776,1.0,100.0,0.0,0.5565685629844666
750,35236-1785339351403096700,35236,114480,3,1011,,OP3,FIXED_OPPONENT,train,map_b_split_lane,-1,0,SCRIPTED:OP11_ADAPTIVE_EXPLOITER,,1,3,1,2,94,0.7199999690055847,1,0,3,32,1,10,1,9,1,2,0,3,0,5,0,2,1,0,0,5,43.0,6.823283743351064,1.0,0.5,0.012171849608421326,0.02499999850988388,1.0,100.0,0.0,0.5562062859535217
751,35236-1785339351403096700,35236,114624,3,1020,,OP3,FIXED_OPPONENT,train,map_b_split_lane,-1,0,SCRIPTED:OP11_ADAPTIVE_EXPLOITER,,1,3,0,3,235,0.6800000071525574,0,5,5,101,4,20,0,20,3,9,0,3,0,0,0,5,0,0,0,8,32.0,5.096906166888298,1.0,1.0,-0.00622335821390152,0.04999999701976776,2.0,200.0,0.0,0.7627408504486084
752,35236-1785339351403096700,35236,114816,3,1032,,OP3,FIXED_OPPONENT,train,map_b_split_lane,-1,1,SCRIPTED:OP11_ADAPTIVE_EXPLOITER,,1,3,0,3,96,0.6399999856948853,1,0,2,54,1,7,3,6,1,3,0,3,0,0,1,0,1,0,0,4,44.0,5.761389414469401,1.0,0.5,0.005899548530578613,0.014999999664723873,1.0,100.0,0.0,0.5555035471916199
753,35236-1785339351403096700,35236,114896,3,1037,,OP3,FIXED_OPPONENT,train,map_b_split_lane,-1,0,SCRIPTED:OP11_ADAPTIVE_EXPLOITER,,1,3,1,2,230,0.7599999904632568,1,0,9,84,2,24,2,6,2,8,0,3,0,5,1,0,1,0,0,4,38.0,6.1294651197350545,1.0,0.5,-0.007840573787689209,0.04999999701976776,1.0,100.0,0.0,0.5564215183258057
754,35236-1785339351403096700,35236,115008,3,1044,,OP3,FIXED_OPPONENT,train,map_b_split_lane,-1,0,SCRIPTED:OP11_ADAPTIVE_EXPLOITER,,1,3,1,2,106,0.5600000023841858,1,0,7,40,0,13,2,5,0,3,0,3,0,6,0,0,2,0,0,4,45.0,6.486899897737323,1.0,0.5,-0.015215888619422913,0.014999999664723873,1.0,100.0,0.0,0.5545904636383057
755,35236-1785339351403096700,35236,115280,3,1061,,OP3,FIXED_OPPONENT,train,map_b_split_lane,-1,0,SCRIPTED:OP11_ADAPTIVE_EXPLOITER,,1,3,1,2,224,0.7199999690055847,1,0,9,75,6,20,1,13,4,5,0,3,1,4,0,3,1,0,0,6,153.0,5.783509935651507,1.0,0.5,-0.011883512139320374,0.04999999701976776,1.0,100.0,-0.20000000298023224,0.520760178565979
756,35236-1785339351403096700,35236,115392,3,1068,,OP3,FIXED_OPPONENT,train,map_b_split_lane,-1,0,SCRIPTED:OP11_ADAPTIVE_EXPLOITER,,1,3,0,3,122,0.6800000071525574,0,1,3,40,3,9,0,10,2,4,0,3,0,1,0,1,0,0,0,6,34.0,6.079201620133197,1.0,0.5,-0.008021175861358643,0.03999999910593033,1.0,100.0,-0.20000000298023224,0.5204805135726929
757,35236-1785339351403096700,35236,115456,3,1072,,OP3,FIXED_OPPONENT,train,map_b_split_lane,-1,1,SCRIPTED:OP11_ADAPTIVE_EXPLOITER,,1,3,0,3,99,0.6800000071525574,1,0,4,29,3,6,4,6,0,2,1,2,2,2,1,0,0,1,1,4,33.0,5.948095456518308,1.0,0.5,0.01182451844215393,0.02499999850988388,1.0,100.0,0.0,0.5561913251876831
758,35236-1785339351403096700,35236,115552,3,1078,,OP3,FIXED_OPPONENT,train,map_b_split_lane,-1,1,SCRIPTED:OP11_ADAPTIVE_EXPLOITER,,1,3,1,2,164,0.7599999904632568,1,0,2,33,6,12,7,5,4,3,0,3,0,3,3,0,1,0,1,3,36.0,7.021696509384528,1.0,0.5,-0.024339526891708374,0.02499999850988388,1.0,100.0,-0.20000000298023224,0.5190519690513611
759,35236-1785339351403096700,35236,115600,3,1081,,OP3,FIXED_OPPONENT,train,map_b_split_lane,-1,1,SCRIPTED:OP11_ADAPTIVE_EXPLOITER,,1,1,0,1,240,0.8799999952316284,0,1,18,70,7,17,0,8,4,9,1,0,0,0,0,3,0,0,0,1,114.0,6.585242207845052,1.0,0.0,-0.005164533853530884,0.0,0.0,0.0,-0.20000000298023224,0.1970651000738144
760,35236-1785339351403096700,35236,115888,3,1099,,OP3,FIXED_OPPONENT,train,map_b_split_lane,-1,1,SCRIPTED:OP11_ADAPTIVE_EXPLOITER,,1,3,0,3,179,0.7999999523162842,1,0,7,67,7,8,4,9,5,3,1,2,0,0,1,1,0,0,1,4,81.0,6.036811359767808,1.0,0.5,-0.0015396028757095337,0.0,1.0,100.0,0.0,0.5545331239700317
761,35236-1785339351403096700,35236,115968,3,1104,,OP3,FIXED_OPPONENT,train,map_b_split_lane,-1,0,SCRIPTED:OP11_ADAPTIVE_EXPLOITER,,0,0,1,-1,240,0.7999999523162842,1,0,22,69,13,17,2,6,4,10,0,1,2,1,2,1,0,1,0,1,82.0,6.262576802571615,-1.0,0.0,-0.005632281303405762,0.0,0.0,0.0,-0.20000000298023224,-0.2916347086429596
762,35236-1785339351403096700,35236,116096,3,1112,,OP3,FIXED_OPPONENT,train,map_b_split_lane,-1,1,SCRIPTED:OP11_ADAPTIVE_EXPLOITER,,1,3,0,3,101,0.8399999737739563,0,1,2,29,7,3,8,4,2,1,2,1,2,1,2,1,1,0,2,3,41.0,5.637381072091584,1.0,0.5,-0.009423613548278809,0.0,1.0,100.0,0.0,0.5541917681694031
763,35236-1785339351403096700,35236,116112,3,1113,,OP3,FIXED_OPPONENT,train,map_b_split_lane,-1,1,SCRIPTED:OP11_ADAPTIVE_EXPLOITER,,1,3,1,2,150,0.7599999904632568,1,0,15,47,8,6,10,4,1,1,2,2,5,2,1,0,2,0,6,3,36.0,6.637427978515625,1.0,0.5,-0.0047425925731658936,0.02499999850988388,1.0,100.0,-0.20000000298023224,0.5199461579322815
764,35236-1785339351403096700,35236,116400,3,1131,,OP3,FIXED_OPPONENT,train,map_b_split_lane,-1,0,SCRIPTED:OP11_ADAPTIVE_EXPLOITER,,1,3,1,2,133,0.6800000071525574,1,0,1,39,1,10,1,9,1,4,0,4,0,1,0,2,1,0,0,4,45.0,6.3200408247180455,1.0,0.5,-0.009435191750526428,0.02499999850988388,1.0,100.0,0.0,0.5552729964256287
765,35236-1785339351403096700,35236,116432,3,1133,,OP3,FIXED_OPPONENT,train,map_b_split_lane,-1,1,SCRIPTED:OP11_ADAPTIVE_EXPLOITER,,1,3,1,2,113,0.6800000071525574,0,1,7,26,3,8,1,9,1,4,1,2,1,0,0,1,1,0,0,5,34.0,5.785746076465708,1.0,0.5,-0.010521143674850464,0.0,1.0,100.0,0.0,0.5541442632675171
766,35236-1785339351403096700,35236,117232,3,1183,,OP3,FIXED_OPPONENT,train,map_b_split_lane,-1,0,SCRIPTED:OP11_ADAPTIVE_EXPLOITER,,1,3,1,2,105,0.7599999904632568,1,0,1,34,1,11,3,7,1,3,0,3,0,2,1,0,1,0,1,5,35.0,6.620443870907738,1.0,0.5,0.013643264770507812,0.02499999850988388,1.0,100.0,0.0,0.5562697649002075
767,35236-1785339351403096700,35236,117360,3,1191,,OP3,FIXED_OPPONENT,train,map_b_split_lane,-1,1,SCRIPTED:OP11_ADAPTIVE_EXPLOITER,,1,3,2,1,181,0.7999999523162842,1,0,2,37,7,13,5,8,1,5,3,1,2,3,0,2,1,1,3,2,44.0,6.35235764308529,1.0,0.5,-0.006404265761375427,0.0,1.0,100.0,0.0,0.5543224811553955
768,35236-1785339351403096700,35236,117472,3,1198,,OP3,FIXED_OPPONENT,train,map_b_split_lane,-1,0,SCRIPTED:OP11_ADAPTIVE_EXPLOITER,,1,3,2,1,137,0.5600000023841858,1,0,1,37,0,16,1,11,0,4,0,4,0,7,0,3,1,1,0,4,48.0,5.935192692888914,1.0,0.5,-0.018835455179214478,0.04999999701976776,1.0,100.0,0.0,0.555946946144104
769,35236-1785339351403096700,35236,117536,3,1202,,OP3,FIXED_OPPONENT,train,map_b_split_lane,-1,1,SCRIPTED:OP11_ADAPTIVE_EXPLOITER,,1,2,1,1,240,0.8399999737739563,1,0,8,70,5,22,5,5,1,10,0,2,0,5,2,0,1,0,0,3,44.0,6.031694539388021,1.0,0.0,-0.003517657518386841,0.0,0.0,0.0,-0.20000000298023224,0.19716402888298035
770,35236-1785339351403096700,35236,117840,3,1221,,OP3,FIXED_OPPONENT,train,map_b_split_lane,-1,1,SCRIPTED:OP11_ADAPTIVE_EXPLOITER,,1,3,0,3,140,0.6800000071525574,1,0,5,29,5,7,3,7,1,5,2,1,0,0,2,1,0,0,0,3,52.0,7.365864780970982,1.0,0.5,0.004848003387451172,0.04999999701976776,1.0,100.0,-0.20000000298023224,0.5215219259262085
771,35236-1785339351403096700,35236,117968,3,1229,,OP3,FIXED_OPPONENT,train,map_b_split_lane,-1,0,SCRIPTED:OP11_ADAPTIVE_EXPLOITER,,1,3,0,3,157,0.5999999642372131,0,1,4,40,0,14,0,14,0,7,0,3,0,0,0,3,0,0,0,6,65.0,5.377377261022094,1.0,0.5,-0.029124893248081207,0.029999999329447746,1.0,100.0,0.0,0.554637610912323
772,35236-1785339351403096700,35236,118096,3,1237,,OP3,FIXED_OPPONENT,train,map_b_split_lane,-1,1,SCRIPTED:OP11_ADAPTIVE_EXPLOITER,,1,3,0,3,205,0.9199999570846558,0,2,9,98,6,20,7,17,1,2,1,2,4,14,1,3,3,2,0,7,41.0,4.6331897270388716,1.0,0.5,-0.007371813058853149,0.0,1.0,100.0,-0.20000000298023224,0.5186851024627686
773,35236-1785339351403096700,35236,118144,3,1240,,OP3,FIXED_OPPONENT,train,map_b_split_lane,-1,1,SCRIPTED:OP11_ADAPTIVE_EXPLOITER,,1,3,1,2,141,0.7599999904632568,0,1,9,31,9,4,5,6,2,0,1,3,6,1,1,0,1,1,2,2,34.0,6.86400155141844,1.0,0.5,-0.00945289433002472,0.0,1.0,100.0,0.0,0.5541905164718628
774,35236-1785339351403096700,35236,118176,3,1242,,OP3,FIXED_OPPONENT,train,map_b_split_lane,-1,0,SCRIPTED:OP11_ADAPTIVE_EXPLOITER,,1,3,1,2,111,0.7199999690055847,1,0,1,19,1,9,4,4,1,2,0,3,0,2,2,0,1,0,0,3,35.0,7.056867719770552,1.0,1.0,0.005307897925376892,0.04999999701976776,2.0,200.0,-0.20000000298023224,0.7413439750671387
775,35236-1785339351403096700,35236,118192,3,1243,,OP3,FIXED_OPPONENT,train,map_b_split_lane,-1,1,SCRIPTED:OP11_ADAPTIVE_EXPLOITER,,1,3,0,3,110,0.6800000071525574,1,0,6,35,11,7,6,5,3,3,3,0,3,2,0,2,1,1,2,2,56.0,5.753641579367898,1.0,0.5,-0.010279983282089233,0.02499999850988388,1.0,100.0,-0.20000000298023224,0.5196936130523682
776,35236-1785339351403096700,35236,118608,3,1269,,OP3,FIXED_OPPONENT,train,map_b_split_lane,-1,1,SCRIPTED:OP11_ADAPTIVE_EXPLOITER,,1,3,1,2,156,0.6800000071525574,1,0,11,40,0,16,1,13,0,5,0,3,0,3,0,5,1,1,0,4,52.0,6.029177543444511,1.0,0.5,-0.00984993577003479,0.04999999701976776,1.0,100.0,-0.20000000298023224,0.52085280418396
777,35236-1785339351403096700,35236,118608,3,1269,,OP3,FIXED_OPPONENT,train,map_b_split_lane,-1,0,SCRIPTED:OP11_ADAPTIVE_EXPLOITER,,1,3,0,3,157,0.7599999904632568,1,0,12,70,7,13,2,10,2,0,0,3,4,10,0,1,1,3,1,1,32.0,5.262041419934315,1.0,0.5,-0.006716132164001465,0.04999999701976776,1.0,100.0,-0.20000000298023224,0.520995557308197
778,35236-1785339351403096700,35236,118704,3,1275,,OP3,FIXED_OPPONENT,train,map_b_split_lane,-1,1,SCRIPTED:OP11_ADAPTIVE_EXPLOITER,,1,3,2,1,231,0.7599999904632568,1,0,12,48,9,19,2,7,3,6,0,4,3,5,0,0,2,0,0,5,38.0,6.343849347267316,1.0,0.5,-0.008562833070755005,0.0,1.0,100.0,0.0,0.5542290806770325
779,35236-1785339351403096700,35236,118736,3,1277,,OP3,FIXED_OPPONENT,train,map_b_split_lane,-1,1,SCRIPTED:OP11_ADAPTIVE_EXPLOITER,,0,2,2,0,240,0.8399999737739563,1,0,9,71,8,19,2,10,3,7,0,3,3,3,0,4,2,0,0,3,35.0,5.876302591959635,-0.5,0.0,0.0023558437824249268,0.0,0.0,0.0,-0.4000000059604645,-0.22113843262195587
780,35236-1785339351403096700,35236,119200,3,1306,,OP3,FIXED_OPPONENT,train,map_b_split_lane,-1,0,SCRIPTED:OP11_ADAPTIVE_EXPLOITER,,1,3,2,1,108,0.3999999761581421,1,0,2,26,0,9,3,5,0,0,0,3,0,6,1,1,2,0,0,3,46.0,7.507211755823206,1.0,0.5,0.001420736312866211,0.02499999850988388,1.0,100.0,0.0,0.5557420253753662
781,35236-1785339351403096700,35236,119216,3,1307,,OP3,FIXED_OPPONENT,train,map_b_split_lane,-1,1,SCRIPTED:OP11_ADAPTIVE_EXPLOITER,,1,3,1,2,203,0.6800000071525574,1,0,11,59,13,11,8,4,6,4,2,1,2,2,2,0,0,1,4,2,136.0,6.622573627039717,1.0,0.5,0.0016196519136428833,0.02499999850988388,1.0,100.0,0.0,0.5557506084442139
782,35236-1785339351403096700,35236,119232,3,1308,,OP3,FIXED_OPPONENT,train,map_b_split_lane,-1,1,SCRIPTED:OP11_ADAPTIVE_EXPLOITER,,1,2,0,2,240,0.7999999523162842,0,1,5,77,14,16,3,9,7,7,1,1,2,0,0,3,0,1,2,2,52.0,6.152217610677083,1.0,0.0,0.008394196629524231,0.019999999552965164,0.0,0.0,-0.20000000298023224,0.199080228805542
783,35236-1785339351403096700,35236,119728,3,1339,,OP3,FIXED_OPPONENT,train,map_b_split_lane,-1,1,SCRIPTED:OP11_ADAPTIVE_EXPLOITER,,1,3,1,2,118,0.5999999642372131,0,1,3,20,1,11,7,4,0,4,0,3,0,3,2,0,1,0,1,3,41.0,7.095025014069121,1.0,0.5,-0.006655648350715637,0.0,1.0,100.0,0.0,0.5543116331100464
784,35236-1785339351403096700,35236,119776,3,1342,,OP3,FIXED_OPPONENT,train,map_b_split_lane,-1,0,SCRIPTED:OP11_ADAPTIVE_EXPLOITER,,1,3,0,3,159,0.6800000071525574,0,1,6,40,1,23,6,6,1,11,0,3,0,0,1,1,0,0,3,3,34.0,6.810790247887185,1.0,0.5,-0.008443072438240051,0.0,1.0,100.0,0.0,0.5542342662811279
785,35236-1785339351403096700,35236,120128,3,1364,,OP3,FIXED_OPPONENT,train,map_b_split_lane,-1,0,SCRIPTED:OP11_ADAPTIVE_EXPLOITER,,1,3,0,3,124,0.6399999856948853,1,0,5,63,4,9,3,6,1,1,0,3,3,4,0,0,2,0,0,4,35.0,4.7044899232925905,1.0,0.5,-0.015088185667991638,0.02499999850988388,1.0,100.0,0.0,0.5550285577774048
786,35236-1785339351403096700,35236,120288,3,1374,,OP3,FIXED_OPPONENT,train,map_b_split_lane,-1,0,SCRIPTED:OP11_ADAPTIVE_EXPLOITER,,1,3,2,1,172,0.7199999690055847,1,0,14,58,1,21,3,11,0,7,0,3,1,6,1,1,2,0,0,7,41.0,5.889391167219295,1.0,0.5,-0.009828165173530579,0.0,1.0,100.0,0.0,0.5541741847991943
787,35236-1785339351403096700,35236,120432,3,1383,,OP3,FIXED_OPPONENT,train,map_b_split_lane,-1,0,SCRIPTED:OP11_ADAPTIVE_EXPLOITER,,1,3,1,2,140,0.5999999642372131,0,1,7,35,1,13,0,13,1,4,0,3,0,2,0,3,0,2,0,5,30.0,5.744492885044643,1.0,0.5,-0.010139554738998413,0.0,1.0,100.0,-0.20000000298023224,0.5185586214065552
788,35236-1785339351403096700,35236,120592,3,1393,,OP3,FIXED_OPPONENT,train,map_b_split_lane,-1,1,SCRIPTED:OP11_ADAPTIVE_EXPLOITER,,1,3,1,2,116,0.6800000071525574,0,1,4,33,4,9,2,7,2,3,0,3,1,1,0,0,1,0,0,5,31.0,5.780719625538793,1.0,0.5,-0.00586894154548645,0.0,1.0,100.0,0.0,0.5543457269668579
789,35236-1785339351403096700,35236,120656,3,1397,,OP3,FIXED_OPPONENT,train,map_b_split_lane,-1,1,SCRIPTED:OP11_ADAPTIVE_EXPLOITER,,1,3,1,2,168,0.6399999856948853,0,1,16,47,1,23,7,4,1,10,0,3,0,2,2,0,1,0,1,3,39.0,6.794722784133184,1.0,0.5,0.0008651614189147949,0.02499999850988388,1.0,100.0,0.0,0.5557181239128113
790,35236-1785339351403096700,35236,120704,3,1400,,OP3,FIXED_OPPONENT,train,map_b_split_lane,-1,0,SCRIPTED:OP11_ADAPTIVE_EXPLOITER,,1,3,1,2,131,0.7999999523162842,1,0,5,48,2,8,1,9,1,2,0,3,1,1,0,2,1,0,0,4,33.0,6.730947712905534,1.0,0.5,0.004227131605148315,0.04999999701976776,1.0,100.0,0.0,0.5569421052932739
791,35236-1785339351403096700,35236,120784,3,1405,,OP3,FIXED_OPPONENT,train,map_b_split_lane,-1,1,SCRIPTED:OP11_ADAPTIVE_EXPLOITER,,1,3,1,2,163,0.8399999737739563,1,0,9,46,3,13,5,5,1,5,0,3,1,1,2,0,1,0,2,2,34.0,6.437829514953988,1.0,0.5,0.001833893358707428,0.0,1.0,100.0,0.0,0.5546790957450867
792,35236-1785339351403096700,35236,121024,3,1420,,OP3,FIXED_OPPONENT,train,map_b_split_lane,-1,1,SCRIPTED:OP11_ADAPTIVE_EXPLOITER,,1,3,2,1,114,0.6800000071525574,0,2,0,36,2,10,6,5,1,1,1,2,0,5,1,0,1,1,2,3,34.0,5.986879047594573,1.0,0.5,0.0051262229681015015,0.0,1.0,100.0,-0.20000000298023224,0.5192558169364929
793,35236-1785339351403096700,35236,121136,3,1427,,OP3,FIXED_OPPONENT,train,map_b_split_lane,-1,1,SCRIPTED:OP11_ADAPTIVE_EXPLOITER,,1,3,1,2,158,0.7999999523162842,0,1,4,47,10,4,0,9,4,1,1,2,1,1,0,2,0,1,0,3,96.0,7.644886644580696,1.0,0.5,0.00307522714138031,0.0,1.0,100.0,0.0,0.5547327995300293
794,35236-1785339351403096700,35236,121200,3,1431,,OP3,FIXED_OPPONENT,train,map_b_split_lane,-1,1,SCRIPTED:OP11_ADAPTIVE_EXPLOITER,,1,2,0,2,240,0.7999999523162842,1,0,12,78,9,17,6,6,6,8,0,2,0,1,3,0,0,0,0,3,33.0,6.376292928059896,1.0,0.0,0.00706133246421814,0.019999999552965164,0.0,0.0,-0.20000000298023224,0.19900022447109222
795,35236-1785339351403096700,35236,121264,3,1435,,OP3,FIXED_OPPONENT,train,map_b_split_lane,-1,0,SCRIPTED:OP11_ADAPTIVE_EXPLOITER,,1,3,1,2,160,0.7999999523162842,1,0,8,71,3,15,1,16,1,6,0,3,2,1,0,4,1,0,0,5,88.0,5.512105941772461,1.0,0.5,-0.009227797389030457,0.0,1.0,100.0,0.0,0.554200291633606
796,35236-1785339351403096700,35236,121344,3,1440,,OP3,FIXED_OPPONENT,train,map_b_split_lane,-1,1,SCRIPTED:OP11_ADAPTIVE_EXPLOITER,,1,3,1,2,133,0.7999999523162842,1,0,9,36,3,9,1,12,2,2,0,3,1,1,0,2,1,0,0,6,57.0,5.75723886131344,1.0,0.5,0.00035227835178375244,0.0,0.0,0.0,0.0,0.35837656259536743
797,35236-1785339351403096700,35236,121760,3,1466,,OP3,FIXED_OPPONENT,train,map_b_split_lane,-1,1,SCRIPTED:OP11_ADAPTIVE_EXPLOITER,,1,3,1,2,124,0.7199999690055847,1,0,0,59,5,9,3,5,3,2,0,3,0,3,2,0,0,1,0,2,39.0,6.4557086575415825,1.0,0.5,-0.008129075169563293,0.0,1.0,100.0,0.0,0.5542478561401367
798,35236-1785339351403096700,35236,121936,3,1477,,OP3,FIXED_OPPONENT,train,map_b_split_lane,-1,0,SCRIPTED:OP11_ADAPTIVE_EXPLOITER,,1,2,0,2,240,0.7599999904632568,1,0,13,102,2,27,4,8,2,13,0,2,0,0,2,0,0,0,0,4,150.0,5.605594889322917,1.0,0.0,0.00297662615776062,0.0,0.0,0.0,-0.20000000298023224,0.1975541114807129
799,35236-1785339351403096700,35236,122016,3,1482,,OP3,FIXED_OPPONENT,train,map_b_split_lane,-1,0,SCRIPTED:OP11_ADAPTIVE_EXPLOITER,,1,3,0,3,118,0.6399999856948853,1,0,3,47,3,11,2,10,3,4,0,3,0,0,1,1,0,0,1,5,40.0,5.437207755395922,1.0,0.5,-0.013558179140090942,0.04999999701976776,1.0,100.0,0.0,0.5561747550964355
800,35236-1785339351403096700,35236,122096,3,1487,,OP3,FIXED_OPPONENT,train,map_b_split_lane,-1,1,SCRIPTED:OP11_ADAPTIVE_EXPLOITER,,1,3,1,2,179,0.7199999690055847,1,0,6,52,2,12,4,10,1,4,1,2,0,3,0,2,1,1,1,4,84.0,6.365012738957751,1.0,0.5,-0.009262189269065857,0.04999999701976776,1.0,100.0,0.0,0.556360125541687
801,35236-1785339351403096700,35236,122096,3,1487,,OP3,FIXED_OPPONENT,train,map_b_split_lane,-1,1,SCRIPTED:OP11_ADAPTIVE_EXPLOITER,,1,3,1,2,113,0.6800000071525574,1,0,2,22,8,5,5,4,4,1,1,2,1,2,1,0,1,0,2,2,34.0,6.048707134955753,1.0,0.5,0.006011977791786194,0.0,1.0,100.0,0.0,0.5548598170280457
802,35236-1785339351403096700,35236,122416,3,1507,,OP3,FIXED_OPPONENT,train,map_b_split_lane,-1,1,SCRIPTED:OP11_ADAPTIVE_EXPLOITER,,1,3,1,2,114,0.7199999690055847,1,0,3,19,4,10,2,12,2,4,1,2,0,2,0,3,1,0,1,5,35.0,6.589718467310855,1.0,0.5,-0.003864690661430359,0.0,1.0,100.0,-0.20000000298023224,0.51884526014328
803,35236-1785339351403096700,35236,122560,3,1516,,OP3,FIXED_OPPONENT,train,map_b_split_lane,-1,1,SCRIPTED:OP11_ADAPTIVE_EXPLOITER,,1,3,1,2,96,0.5199999809265137,1,0,4,11,0,8,9,3,0,2,0,3,0,3,2,0,1,1,3,1,33.0,8.25423494974772,1.0,0.5,0.006537497043609619,0.02499999850988388,1.0,100.0,0.0,0.5559631586074829
804,35236-1785339351403096700,35236,122560,3,1516,,OP3,FIXED_OPPONENT,train,map_b_split_lane,-1,0,SCRIPTED:OP11_ADAPTIVE_EXPLOITER,,1,3,1,2,89,0.6800000071525574,1,0,5,19,0,6,1,7,0,1,0,3,0,2,0,1,1,0,0,5,34.0,6.041243992494733,1.0,0.5,-0.01257672905921936,0.04999999701976776,1.0,100.0,-0.20000000298023224,0.520728588104248
805,35236-1785339351403096700,35236,122832,3,1533,,OP3,FIXED_OPPONENT,train,map_b_split_lane,-1,0,SCRIPTED:OP11_ADAPTIVE_EXPLOITER,,1,3,2,1,136,0.6800000071525574,0,1,10,43,4,9,2,4,2,1,0,3,1,5,0,2,2,0,0,2,49.0,7.411066391888787,1.0,0.5,-0.021323516964912415,0.02499999850988388,1.0,100.0,-0.4000000059604645,0.4817263185977936
806,35236-1785339351403096700,35236,122880,3,1536,,OP3,FIXED_OPPONENT,train,map_b_split_lane,-1,0,SCRIPTED:OP11_ADAPTIVE_EXPLOITER,,1,3,1,2,96,0.7199999690055847,0,2,6,15,3,6,1,9,1,2,0,3,2,1,0,2,1,0,0,4,33.0,6.305877049763997,1.0,0.5,-0.01164950430393219,0.02499999850988388,1.0,100.0,0.0,0.5551772117614746
807,35236-1785339351403096700,35236,122912,3,1538,,OP3,FIXED_OPPONENT,train,map_b_split_lane,-1,0,SCRIPTED:OP11_ADAPTIVE_EXPLOITER,,1,3,1,2,107,0.7599999904632568,0,1,4,36,1,7,8,8,1,2,0,3,0,1,1,3,1,0,5,3,43.0,7.43331652489778,1.0,0.5,-0.004627540707588196,0.04999999701976776,1.0,100.0,0.0,0.5565601587295532
808,35236-1785339351403096700,35236,122992,3,1543,,OP3,FIXED_OPPONENT,train,map_b_split_lane,-1,1,SCRIPTED:OP11_ADAPTIVE_EXPLOITER,,1,3,1,2,204,0.7999999523162842,1,0,9,78,7,13,1,4,2,5,1,2,3,1,0,0,1,0,0,3,143.0,6.2261394425934435,1.0,0.5,-0.006995022296905518,0.04999999701976776,1.0,100.0,-0.20000000298023224,0.5209828019142151
809,35236-1785339351403096700,35236,123152,3,1553,,OP3,FIXED_OPPONENT,train,map_b_split_lane,-1,1,SCRIPTED:OP11_ADAPTIVE_EXPLOITER,,1,3,1,2,170,0.6800000071525574,1,0,3,61,5,9,7,3,2,4,1,2,0,1,2,0,1,0,2,2,41.0,5.857317397173714,1.0,0.5,0.003999695181846619,0.04999999701976776,1.0,100.0,0.0,0.5569322109222412
810,35236-1785339351403096700,35236,123168,3,1554,,OP3,FIXED_OPPONENT,train,map_b_split_lane,-1,1,SCRIPTED:OP11_ADAPTIVE_EXPLOITER,,1,3,0,3,119,0.8399999737739563,1,0,1,50,5,5,6,4,1,2,3,0,0,2,1,1,0,1,3,0,42.0,5.140174160484507,1.0,0.5,-0.00812619924545288,0.04999999701976776,1.0,100.0,-0.20000000298023224,0.5209313035011292
811,35236-1785339351403096700,35236,123232,3,1558,,OP3,FIXED_OPPONENT,train,map_b_split_lane,-1,0,SCRIPTED:OP11_ADAPTIVE_EXPLOITER,,1,3,1,2,81,0.6800000071525574,1,0,2,18,1,5,1,9,1,1,0,3,0,1,0,2,1,0,0,5,34.0,7.001768512490355,1.0,0.5,-0.0218619704246521,0.029999999329447746,1.0,100.0,0.0,0.5549518465995789
812,35236-1785339351403096700,35236,123376,3,1567,,OP3,FIXED_OPPONENT,train,map_b_split_lane,-1,0,SCRIPTED:OP11_ADAPTIVE_EXPLOITER,,1,3,1,2,167,0.7199999690055847,0,1,5,46,3,11,2,8,1,4,0,3,1,1,1,2,1,0,0,3,93.0,5.681890613304641,1.0,0.5,-0.009903594851493835,0.0,1.0,100.0,0.0,0.5541709661483765
813,35236-1785339351403096700,35236,124000,3,1606,,OP3,FIXED_OPPONENT,train,map_b_split_lane,-1,0,SCRIPTED:OP11_ADAPTIVE_EXPLOITER,,1,3,1,2,201,0.7599999904632568,1,0,5,83,3,15,1,13,1,7,0,3,0,1,0,3,1,0,0,5,32.0,5.453201521688433,1.0,0.5,-0.005515694618225098,0.04999999701976776,1.0,100.0,0.0,0.5565218925476074
814,35236-1785339351403096700,35236,124048,3,1609,,OP3,FIXED_OPPONENT,train,map_b_split_lane,-1,1,SCRIPTED:OP11_ADAPTIVE_EXPLOITER,,1,3,1,2,143,0.7199999690055847,0,3,3,26,7,10,4,4,4,1,0,3,1,4,0,1,1,0,3,2,43.0,6.832881047175481,1.0,0.5,-0.020449265837669373,0.02499999850988388,1.0,100.0,0.0,0.5547966361045837
815,35236-1785339351403096700,35236,124064,3,1610,,OP3,FIXED_OPPONENT,train,map_b_split_lane,-1,1,SCRIPTED:OP11_ADAPTIVE_EXPLOITER,,1,3,0,3,123,0.6800000071525574,0,1,10,38,8,8,5,7,0,2,2,2,6,3,0,2,1,0,2,3,36.0,5.655132510797764,1.0,0.5,-0.029369279742240906,0.03999999910593033,1.0,100.0,0.0,0.5550596117973328
816,35236-1785339351403096700,35236,124128,3,1614,,OP3,FIXED_OPPONENT,train,map_b_split_lane,-1,0,SCRIPTED:OP11_ADAPTIVE_EXPLOITER,,1,3,1,2,107,0.4399999976158142,1,0,1,30,0,11,1,12,0,3,0,3,0,4,0,1,1,1,0,6,36.0,6.073784088419977,1.0,0.5,-0.004987165331840515,0.02499999850988388,1.0,100.0,-0.20000000298023224,0.5199350714683533
817,35236-1785339351403096700,35236,124176,3,1617,,OP3,FIXED_OPPONENT,train,map_b_split_lane,-1,0,SCRIPTED:OP11_ADAPTIVE_EXPLOITER,,1,3,1,2,130,0.5999999642372131,1,0,13,39,1,11,3,7,0,4,0,3,1,2,1,0,1,0,0,5,46.0,6.022979266826923,1.0,0.5,-0.008880078792572021,0.04999999701976776,1.0,100.0,-0.20000000298023224,0.5208969712257385
818,35236-1785339351403096700,35236,124512,3,1638,,OP3,FIXED_OPPONENT,train,map_b_split_lane,-1,1,SCRIPTED:OP11_ADAPTIVE_EXPLOITER,,1,3,1,2,102,0.6800000071525574,1,0,6,20,8,6,4,5,4,0,1,2,1,4,0,1,1,0,2,2,38.0,6.593314376531863,1.0,0.5,-1.8671154975891113e-05,0.0,1.0,100.0,-0.20000000298023224,0.5190209746360779
819,35236-1785339351403096700,35236,124528,3,1639,,OP3,FIXED_OPPONENT,train,map_b_split_lane,-1,0,SCRIPTED:OP11_ADAPTIVE_EXPLOITER,,1,3,1,2,96,0.6800000071525574,1,0,7,19,3,5,6,2,2,0,0,3,1,1,1,0,1,0,3,2,35.0,6.944048563639323,1.0,0.5,-0.011554121971130371,0.04999999701976776,1.0,100.0,0.0,0.5562613010406494
820,35236-1785339351403096700,35236,124640,3,1646,,OP3,FIXED_OPPONENT,train,map_b_split_lane,-1,1,SCRIPTED:OP11_ADAPTIVE_EXPLOITER,,1,3,1,2,113,0.6399999856948853,1,0,3,54,4,6,4,6,1,1,1,2,2,1,0,1,2,0,1,3,35.0,5.847950623098728,1.0,0.5,-0.010104507207870483,0.0,1.0,100.0,0.0,0.5541622638702393
821,35236-1785339351403096700,35236,124832,3,1658,,OP3,FIXED_OPPONENT,train,map_b_split_lane,-1,1,SCRIPTED:OP11_ADAPTIVE_EXPLOITER,,1,3,2,1,120,0.7199999690055847,1,0,6,46,3,7,5,5,1,0,0,3,2,3,2,1,2,0,0,3,54.0,6.184213256835937,1.0,0.5,-0.007894963026046753,0.0,1.0,100.0,0.0,0.5542579889297485
822,35236-1785339351403096700,35236,124912,3,1663,,OP3,FIXED_OPPONENT,train,map_b_split_lane,-1,0,SCRIPTED:OP11_ADAPTIVE_EXPLOITER,,1,3,1,2,109,0.7599999904632568,0,1,3,39,1,9,1,11,1,2,0,3,0,2,0,2,1,0,0,6,37.0,5.688170266807626,1.0,0.5,-0.007612571120262146,0.0,1.0,100.0,0.0,0.5542702078819275
823,35236-1785339351403096700,35236,125264,3,1685,,OP3,FIXED_OPPONENT,train,map_b_split_lane,-1,1,SCRIPTED:OP11_ADAPTIVE_EXPLOITER,,1,3,1,2,132,0.7599999904632568,1,0,5,28,4,10,6,7,2,3,0,3,0,2,2,0,1,0,3,4,35.0,6.665926846590909,1.0,0.5,-0.0030539780855178833,0.0,1.0,100.0,0.0,0.5544675588607788
824,35236-1785339351403096700,35236,125360,3,1691,,OP3,FIXED_OPPONENT,train,map_b_split_lane,-1,1,SCRIPTED:OP11_ADAPTIVE_EXPLOITER,,1,3,2,1,209,0.7999999523162842,1,0,9,45,15,11,5,6,4,5,2,1,5,2,1,0,0,2,2,3,85.0,6.3071738795230265,1.0,0.5,-0.0003980100154876709,0.0,1.0,100.0,-0.20000000298023224,0.5190036296844482
825,35236-1785339351403096700,35236,125632,3,1708,,OP3,FIXED_OPPONENT,train,map_b_split_lane,-1,1,SCRIPTED:OP11_ADAPTIVE_EXPLOITER,,1,3,0,3,192,0.8399999737739563,1,0,13,85,5,12,5,14,3,6,1,3,0,0,1,5,0,0,3,3,73.0,5.11947504679362,1.0,0.5,-0.00487673282623291,0.0,1.0,100.0,0.0,0.5543886423110962
826,35236-1785339351403096700,35236,125776,3,1717,,OP3,FIXED_OPPONENT,train,map_b_split_lane,-1,0,SCRIPTED:OP11_ADAPTIVE_EXPLOITER,,1,3,1,2,201,0.6800000071525574,1,0,28,47,4,15,5,5,3,4,0,3,0,4,3,0,1,0,0,4,37.0,7.106663945895522,1.0,0.5,-0.0026088207960128784,0.014999999664723873,1.0,100.0,-0.20000000298023224,0.5195873975753784
827,35236-1785339351403096700,35236,125792,3,1718,,OP3,FIXED_OPPONENT,train,map_b_split_lane,-1,1,SCRIPTED:OP11_ADAPTIVE_EXPLOITER,,1,3,0,3,108,0.6800000071525574,1,0,6,36,3,5,7,5,1,2,1,2,1,0,2,0,0,0,3,3,35.0,6.17010498046875,1.0,0.5,-0.009228348731994629,0.04999999701976776,1.0,100.0,0.0,0.5563616752624512
828,35236-1785339351403096700,35236,125968,3,1729,,OP3,FIXED_OPPONENT,train,map_b_split_lane,-1,1,SCRIPTED:OP11_ADAPTIVE_EXPLOITER,,1,3,1,2,115,0.8399999737739563,1,0,1,47,4,6,4,5,1,1,1,2,2,2,0,2,1,1,1,1,40.0,6.502540654721467,1.0,0.5,-0.01148851215839386,0.03999999910593033,1.0,100.0,0.0,0.5558323860168457
829,35236-1785339351403096700,35236,126128,3,1739,,OP3,FIXED_OPPONENT,train,map_b_split_lane,-1,0,SCRIPTED:OP11_ADAPTIVE_EXPLOITER,,1,3,0,3,122,0.7199999690055847,1,0,1,48,4,8,0,10,4,2,0,3,0,0,0,1,0,0,0,5,34.0,4.773136326524078,1.0,0.5,0.0043699294328689575,0.0,1.0,100.0,0.0,0.5547888278961182
830,35236-1785339351403096700,35236,126192,3,1743,,OP3,FIXED_OPPONENT,train,map_b_split_lane,-1,0,SCRIPTED:OP11_ADAPTIVE_EXPLOITER,,1,3,2,1,176,0.7599999904632568,1,0,16,23,1,18,6,3,0,7,0,3,0,5,1,0,2,0,3,3,35.0,7.710880626331676,1.0,0.5,-0.007766976952552795,0.0,1.0,100.0,0.0,0.5542635321617126
831,35236-1785339351403096700,35236,126288,3,1749,,OP3,FIXED_OPPONENT,train,map_b_split_lane,-1,0,SCRIPTED:OP11_ADAPTIVE_EXPLOITER,,1,3,1,2,111,0.6399999856948853,1,0,5,27,5,4,1,3,4,1,0,3,0,0,0,0,1,0,0,2,36.0,6.693092689857827,1.0,0.5,-0.010014578700065613,0.0,1.0,100.0,0.0,0.5541661977767944
832,35236-1785339351403096700,35236,126688,3,1774,,OP3,FIXED_OPPONENT,train,map_b_split_lane,-1,0,SCRIPTED:OP11_ADAPTIVE_EXPLOITER,,1,3,1,2,116,0.6399999856948853,1,0,3,50,1,9,1,9,1,3,0,3,0,1,0,1,1,0,0,6,43.0,5.791854332233298,1.0,0.5,0.002292230725288391,0.04999999701976776,1.0,100.0,0.0,0.5568585991859436
833,35236-1785339351403096700,35236,126720,3,1776,,OP3,FIXED_OPPONENT,train,map_b_split_lane,-1,0,SCRIPTED:OP11_ADAPTIVE_EXPLOITER,,1,3,0,3,130,0.7199999690055847,1,0,11,41,7,8,5,10,4,4,0,3,0,0,1,2,0,0,3,4,52.0,6.2383620042067305,1.0,0.5,-0.00598907470703125,0.0,1.0,100.0,0.0,0.5543404817581177
834,35236-1785339351403096700,35236,126800,3,1781,,OP3,FIXED_OPPONENT,train,map_b_split_lane,-1,1,SCRIPTED:OP11_ADAPTIVE_EXPLOITER,,1,3,0,3,172,0.7199999690055847,0,1,11,44,13,7,4,10,4,2,2,1,4,4,0,2,0,1,3,3,36.0,5.91165586959484,1.0,0.5,-0.011049047112464905,0.03500000014901161,1.0,100.0,-0.20000000298023224,0.5201146602630615
835,35236-1785339351403096700,35236,126896,3,1787,,OP3,FIXED_OPPONENT,train,map_b_split_lane,-1,0,SCRIPTED:OP11_ADAPTIVE_EXPLOITER,,1,3,1,2,148,0.5199999809265137,1,0,9,48,0,17,1,13,0,6,0,3,0,5,0,3,1,0,0,5,37.0,5.254909206081081,1.0,0.5,-0.0020028650760650635,0.02499999850988388,1.0,100.0,0.0,0.5555942058563232
836,35236-1785339351403096700,35236,127072,3,1798,,OP3,FIXED_OPPONENT,train,map_b_split_lane,-1,0,SCRIPTED:OP11_ADAPTIVE_EXPLOITER,,1,2,1,1,240,0.7999999523162842,1,0,14,56,5,23,4,8,3,7,0,2,0,11,3,0,0,1,0,3,43.0,7.284049987792969,1.0,0.0,-0.007083028554916382,0.019999999552965164,0.0,0.0,0.0,0.2456773966550827
837,35236-1785339351403096700,35236,127360,3,1816,,OP3,FIXED_OPPONENT,train,map_b_split_lane,-1,0,SCRIPTED:OP11_ADAPTIVE_EXPLOITER,,1,3,1,2,98,0.5600000023841858,0,1,4,42,0,10,1,5,0,2,0,3,0,5,0,0,1,0,0,4,42.0,6.260521090760523,1.0,0.5,0.011150285601615906,0.02499999850988388,1.0,100.0,-0.20000000298023224,0.5206706523895264
838,35236-1785339351403096700,35236,127360,3,1816,,OP3,FIXED_OPPONENT,train,map_b_split_lane,-1,0,SCRIPTED:OP11_ADAPTIVE_EXPLOITER,,1,3,1,2,131,0.7599999904632568,0,1,2,56,1,17,1,8,0,5,0,3,1,5,0,1,1,1,0,4,58.0,5.464770600995944,1.0,0.5,-0.026581227779388428,0.029999999329447746,1.0,100.0,0.0,0.5547477006912231
839,35236-1785339351403096700,35236,127440,3,1821,,OP3,FIXED_OPPONENT,train,map_b_split_lane,-1,1,SCRIPTED:OP11_ADAPTIVE_EXPLOITER,,1,3,1,2,92,0.7599999904632568,0,1,3,17,2,10,2,3,0,3,0,3,2,2,1,0,1,0,0,3,38.0,7.713543435801631,1.0,0.5,-0.01906697452068329,0.03999999910593033,1.0,100.0,0.0,0.5555049777030945
840,35236-1785339351403096700,35236,127440,3,1821,,OP3,FIXED_OPPONENT,train,map_b_split_lane,-1,0,SCRIPTED:OP11_ADAPTIVE_EXPLOITER,,1,3,1,2,215,0.7599999904632568,1,0,15,33,7,9,2,8,3,2,0,4,3,1,0,5,1,0,0,2,40.0,7.884361373546511,1.0,0.5,-0.0018335431814193726,0.03999999910593033,1.0,100.0,-0.20000000298023224,0.5207624435424805
841,35236-1785339351403096700,35236,127648,3,1834,,OP3,FIXED_OPPONENT,train,map_b_split_lane,-1,1,SCRIPTED:OP11_ADAPTIVE_EXPLOITER,,1,3,0,3,91,0.6399999856948853,0,1,4,12,1,8,9,2,0,2,0,3,1,3,1,0,1,0,6,1,36.0,8.319444593492445,1.0,0.5,-0.009187951683998108,0.014999999664723873,1.0,100.0,0.0,0.554851233959198
842,35236-1785339351403096700,35236,127888,3,1849,,OP3,FIXED_OPPONENT,train,map_b_split_lane,-1,0,SCRIPTED:OP11_ADAPTIVE_EXPLOITER,,1,3,1,2,100,0.35999998450279236,1,0,4,57,0,12,3,8,0,2,0,3,0,6,0,1,2,0,0,5,34.0,5.215179443359375,1.0,0.5,-0.0087958425283432,0.0,1.0,100.0,0.0,0.5542189478874207
843,35236-1785339351403096700,35236,128000,3,1856,,OP3,FIXED_OPPONENT,train,map_b_split_lane,-1,0,SCRIPTED:OP11_ADAPTIVE_EXPLOITER,,1,3,1,2,193,0.7599999904632568,0,1,4,75,3,15,3,9,1,6,0,3,2,2,0,2,2,0,0,4,37.0,6.566234213082901,1.0,0.5,0.0038143694400787354,0.04999999701976776,1.0,100.0,0.0,0.5569242238998413
844,35236-1785339351403096700,35236,128176,3,1867,,OP3,FIXED_OPPONENT,train,map_b_split_lane,-1,0,SCRIPTED:OP11_ADAPTIVE_EXPLOITER,,1,3,1,2,93,0.6399999856948853,1,0,2,43,3,6,1,7,2,1,0,3,1,1,0,2,1,0,0,3,32.0,6.373896773143481,1.0,0.5,-0.006543084979057312,0.02499999850988388,1.0,100.0,-0.20000000298023224,0.5198640823364258
845,35236-1785339351403096700,35236,128480,3,1886,,OP3,FIXED_OPPONENT,train,map_b_split_lane,-1,0,SCRIPTED:OP11_ADAPTIVE_EXPLOITER,,1,3,1,2,110,0.7199999690055847,0,1,1,51,2,10,2,6,2,2,0,3,0,4,1,0,1,0,0,4,36.0,6.4925931063565345,1.0,0.5,-0.005739167332649231,0.03999999910593033,1.0,100.0,0.0,0.5560806393623352
846,35236-1785339351403096700,35236,128512,3,1888,,OP3,FIXED_OPPONENT,train,map_b_split_lane,-1,1,SCRIPTED:OP11_ADAPTIVE_EXPLOITER,,1,3,0,3,149,0.6800000071525574,1,0,3,50,5,13,6,6,3,6,0,3,0,0,2,0,0,0,1,4,38.0,6.3792007753513005,1.0,0.5,-0.005839869379997253,0.0,1.0,100.0,0.0,0.5543469190597534
847,35236-1785339351403096700,35236,128688,3,1899,,OP3,FIXED_OPPONENT,train,map_b_split_lane,-1,1,SCRIPTED:OP11_ADAPTIVE_EXPLOITER,,1,3,0,3,182,0.7599999904632568,1,0,6,40,8,10,2,6,6,3,0,3,0,0,0,1,0,0,1,3,87.0,7.024886246565934,1.0,0.5,-0.007399573922157288,0.0,1.0,100.0,-0.20000000298023224,0.5186837911605835
848,35236-1785339351403096700,35236,128832,3,1908,,OP3,FIXED_OPPONENT,train,map_b_split_lane,-1,1,SCRIPTED:OP11_ADAPTIVE_EXPLOITER,,1,3,1,2,127,0.8399999737739563,1,0,3,39,3,8,1,10,3,2,0,3,0,1,0,0,1,0,0,7,31.0,6.420061727208416,1.0,0.5,-0.00915461778640747,0.0,1.0,100.0,-0.20000000298023224,0.5186036229133606
849,35236-1785339351403096700,35236,128832,3,1908,,OP3,FIXED_OPPONENT,train,map_b_split_lane,-1,1,SCRIPTED:OP11_ADAPTIVE_EXPLOITER,,1,3,0,3,110,0.6399999856948853,1,0,0,46,9,5,8,4,2,1,0,3,5,1,1,0,2,0,2,3,40.0,4.786648837002841,1.0,0.5,-0.002556547522544861,0.04999999701976776,1.0,100.0,-0.20000000298023224,0.5211849212646484
850,35236-1785339351403096700,35236,128912,3,1913,,OP3,FIXED_OPPONENT,train,map_b_split_lane,-1,0,SCRIPTED:OP11_ADAPTIVE_EXPLOITER,,1,3,1,2,97,0.7199999690055847,0,1,8,48,1,7,1,7,1,2,0,3,0,1,0,2,1,0,0,3,40.0,6.008273724428157,1.0,0.5,-0.005895256996154785,0.02499999850988388,1.0,100.0,0.0,0.5554260015487671
851,35236-1785339351403096700,35236,129024,3,1920,,OP3,FIXED_OPPONENT,train,map_b_split_lane,-1,1,SCRIPTED:OP11_ADAPTIVE_EXPLOITER,,1,3,0,3,86,0.7199999690055847,1,0,2,17,2,5,3,2,1,1,1,2,0,2,1,1,1,0,0,1,34.0,7.411277593568314,1.0,0.5,-0.019271552562713623,0.014999999664723873,1.0,100.0,0.0,0.5544148683547974
852,35236-1785339351403096700,35236,129104,3,1925,,OP3,FIXED_OPPONENT,train,map_b_split_lane,-1,0,SCRIPTED:OP11_ADAPTIVE_EXPLOITER,,1,3,0,3,217,0.7599999904632568,1,0,2,63,2,23,4,6,2,11,0,3,0,0,2,0,0,0,1,4,40.0,6.68654537640409,1.0,0.5,-0.008821263909339905,0.02499999850988388,1.0,100.0,0.0,0.5552995204925537
853,35236-1785339351403096700,35236,129184,3,1930,,OP3,FIXED_OPPONENT,train,map_b_split_lane,-1,0,SCRIPTED:OP11_ADAPTIVE_EXPLOITER,,1,3,1,2,81,0.6399999856948853,1,0,4,42,3,4,3,9,2,1,0,3,1,0,0,3,1,0,2,4,31.0,7.131058304398148,1.0,0.4000000059604645,-0.0041236430406570435,0.02499999850988388,1.0,100.0,0.0,0.537977397441864
854,35236-1785339351403096700,35236,129200,3,1931,,OP3,FIXED_OPPONENT,train,map_b_split_lane,-1,1,SCRIPTED:OP11_ADAPTIVE_EXPLOITER,,1,2,1,1,240,0.7999999523162842,0,2,7,59,10,11,5,5,6,5,0,2,0,0,3,0,1,0,0,2,120.0,6.690625,1.0,0.0,0.0024968087673187256,0.0,0.0,0.0,-0.20000000298023224,0.197525292634964
855,35236-1785339351403096700,35236,129200,3,1931,,OP3,FIXED_OPPONENT,train,map_b_split_lane,-1,1,SCRIPTED:OP11_ADAPTIVE_EXPLOITER,,1,3,1,2,144,0.7599999904632568,1,0,10,53,9,9,5,7,3,4,2,1,1,1,0,2,0,1,4,1,50.0,6.339352501763238,1.0,0.5,-0.00943814218044281,0.04999999701976776,1.0,100.0,-0.20000000298023224,0.5208715200424194
856,35236-1785339351403096700,35236,129648,3,1959,,OP3,FIXED_OPPONENT,train,map_b_split_lane,-1,0,SCRIPTED:OP11_ADAPTIVE_EXPLOITER,,1,3,0,3,92,0.6800000071525574,1,0,2,35,2,6,2,4,0,2,0,3,2,1,0,0,1,0,0,3,31.0,6.006804093070652,1.0,0.5,-0.006992235779762268,0.0,1.0,100.0,0.0,0.5542970895767212
857,35236-1785339351403096700,35236,129696,3,1962,,OP3,FIXED_OPPONENT,train,map_b_split_lane,-1,0,SCRIPTED:OP11_ADAPTIVE_EXPLOITER,,1,3,0,3,106,0.7999999523162842,0,1,3,37,2,8,1,5,1,1,0,3,1,4,0,1,1,0,0,2,33.0,6.0711957823555425,1.0,0.5,0.0008751153945922852,0.04999999701976776,1.0,100.0,0.0,0.5567975044250488
858,35236-1785339351403096700,35236,129936,3,1977,,OP3,FIXED_OPPONENT,train,map_b_split_lane,-1,0,SCRIPTED:OP11_ADAPTIVE_EXPLOITER,,1,3,1,2,91,0.3999999761581421,0,2,4,28,0,7,0,10,0,3,0,3,0,1,0,1,0,1,0,7,35.0,6.125384990985577,1.0,0.5,-0.016845420002937317,0.02499999850988388,1.0,100.0,0.0,0.5549525022506714
859,35236-1785339351403096700,35236,130640,3,2021,,OP3,FIXED_OPPONENT,train,map_b_split_lane,-1,1,SCRIPTED:OP11_ADAPTIVE_EXPLOITER,,1,3,0,3,205,0.7599999904632568,0,1,18,89,6,12,2,8,3,4,0,3,1,2,1,0,0,1,0,4,136.0,5.663207412347561,1.0,0.5,-0.00032451748847961426,0.0,1.0,100.0,0.0,0.5545856952667236
860,35236-1785339351403096700,35236,130768,3,2029,,OP3,FIXED_OPPONENT,train,map_b_split_lane,-1,1,SCRIPTED:OP11_ADAPTIVE_EXPLOITER,,1,3,1,2,208,0.7599999904632568,1,0,4,69,6,16,1,7,3,6,0,3,1,2,0,0,1,0,0,5,68.0,6.26977304311899,1.0,0.5,-0.02155366539955139,0.02499999850988388,1.0,100.0,0.0,0.5547488927841187
861,35236-1785339351403096700,35236,130816,3,2032,,OP3,FIXED_OPPONENT,train,map_b_split_lane,-1,1,SCRIPTED:OP11_ADAPTIVE_EXPLOITER,,1,3,2,1,101,0.7199999690055847,1,0,5,29,1,13,2,7,0,3,0,3,1,3,0,2,2,0,0,4,41.0,6.789521170134591,1.0,0.30000001192092896,-0.009232059121131897,0.0,1.0,100.0,-0.20000000298023224,0.4811064898967743
862,35236-1785339351403096700,35236,130896,3,2037,,OP3,FIXED_OPPONENT,train,map_b_split_lane,-1,1,SCRIPTED:OP11_ADAPTIVE_EXPLOITER,,1,3,1,2,216,0.7999999523162842,1,0,13,72,0,18,2,14,0,8,0,3,0,1,0,4,1,0,0,5,37.0,6.055668583622685,1.0,0.5,0.0018848627805709839,0.04999999701976776,1.0,100.0,0.0,0.5568411350250244
863,35236-1785339351403096700,35236,130976,3,2042,,OP3,FIXED_OPPONENT,train,map_b_split_lane,-1,1,SCRIPTED:OP11_ADAPTIVE_EXPLOITER,,1,3,0,3,154,0.9199999570846558,1,0,8,62,4,9,10,5,2,5,1,2,0,0,1,1,0,0,6,1,40.0,6.175710306539164,1.0,0.5,-0.002904161810874939,0.0,1.0,100.0,-0.20000000298023224,0.5188891887664795
864,35236-1785339351403096700,35236,130992,3,2043,,OP3,FIXED_OPPONENT,train,map_b_split_lane,-1,1,SCRIPTED:OP11_ADAPTIVE_EXPLOITER,,1,3,1,2,112,0.7199999690055847,1,0,3,38,1,9,0,10,1,2,0,3,0,3,0,2,0,1,0,4,44.0,6.077481951032366,1.0,0.5,-0.0008894652128219604,0.02499999850988388,1.0,100.0,0.0,0.5556422472000122
865,35236-1785339351403096700,35236,131088,4,1,,OP3,FIXED_OPPONENT,train,map_b_split_lane,-1,1,SCRIPTED:OP11_ADAPTIVE_EXPLOITER,,1,3,1,2,136,0.7199999690055847,1,0,13,41,2,9,4,7,2,1,0,4,0,3,1,0,2,0,0,5,46.0,6.1435546875,1.0,0.5,-0.017136231064796448,0.014999999664723873,1.0,100.0,0.0,0.554507315158844
866,35236-1785339351403096700,35236,131488,4,26,,OP3,FIXED_OPPONENT,train,map_b_split_lane,-1,1,SCRIPTED:OP11_ADAPTIVE_EXPLOITER,,1,3,1,2,149,0.6800000071525574,1,0,2,40,4,12,3,7,2,4,1,2,0,3,0,3,1,0,2,1,38.0,6.287164265677433,1.0,0.5,-0.006431490182876587,0.0,1.0,100.0,-0.4000000059604645,0.4812409579753876
867,35236-1785339351403096700,35236,131504,4,27,,OP3,FIXED_OPPONENT,train,map_b_split_lane,-1,0,SCRIPTED:OP11_ADAPTIVE_EXPLOITER,,1,3,0,3,167,0.7599999904632568,0,3,16,76,3,13,0,12,2,4,0,3,1,2,0,2,0,1,0,3,35.0,5.832847366789858,1.0,0.5,-0.0008633583784103394,0.0,1.0,100.0,0.0,0.5545623302459717
868,35236-1785339351403096700,35236,131568,4,31,,OP3,FIXED_OPPONENT,train,map_b_split_lane,-1,0,SCRIPTED:OP11_ADAPTIVE_EXPLOITER,,1,3,0,3,117,0.5199999809265137,1,0,5,33,0,12,0,10,0,4,0,4,0,3,0,2,0,0,0,6,36.0,5.472456451155182,1.0,0.5,0.00872562825679779,0.02499999850988388,1.0,100.0,0.0,0.5560575723648071
869,35236-1785339351403096700,35236,131824,4,47,,OP3,FIXED_OPPONENT,train,map_b_split_lane,-1,1,SCRIPTED:OP11_ADAPTIVE_EXPLOITER,,1,3,0,3,187,0.6800000071525574,1,0,5,69,2,14,1,17,0,5,1,2,1,4,0,4,1,0,0,5,43.0,4.981319325492981,1.0,0.5,-0.0011034905910491943,0.04999999701976776,1.0,100.0,0.0,0.5567122101783752
870,35236-1785339351403096700,35236,131872,4,50,,OP3,FIXED_OPPONENT,train,map_b_split_lane,-1,1,SCRIPTED:OP11_ADAPTIVE_EXPLOITER,,1,3,1,2,199,0.8399999737739563,1,0,11,45,9,13,8,4,4,6,1,2,0,1,2,1,1,0,4,1,35.0,6.89879634991363,1.0,0.5,0.009297177195549011,0.02499999850988388,1.0,100.0,-0.20000000298023224,0.5205861926078796
871,35236-1785339351403096700,35236,132208,4,71,,OP3,FIXED_OPPONENT,train,map_b_split_lane,-1,0,SCRIPTED:OP11_ADAPTIVE_EXPLOITER,,1,3,1,2,189,0.9599999785423279,1,0,5,52,2,12,1,11,1,3,0,4,1,2,0,2,1,1,0,4,90.0,6.03672443369709,1.0,0.5,0.002615690231323242,0.0,1.0,100.0,0.0,0.5547129511833191
872,35236-1785339351403096700,35236,132480,4,88,,OP3,FIXED_OPPONENT,train,map_b_split_lane,-1,0,SCRIPTED:OP11_ADAPTIVE_EXPLOITER,,1,3,0,3,87,0.7199999690055847,1,0,6,22,4,6,0,4,3,0,0,3,0,3,0,1,0,0,0,2,34.0,6.8722877940912355,1.0,0.5,-0.011009037494659424,0.02499999850988388,1.0,100.0,-0.20000000298023224,0.5196604132652283
873,35236-1785339351403096700,35236,132512,4,90,,OP3,FIXED_OPPONENT,train,map_b_split_lane,-1,1,SCRIPTED:OP11_ADAPTIVE_EXPLOITER,,1,3,1,2,96,0.7599999904632568,1,0,4,18,5,3,0,7,0,2,2,1,2,0,0,2,0,1,0,3,38.0,7.4368241628011065,1.0,0.5,0.0023517459630966187,0.0,1.0,100.0,0.0,0.5547015070915222
874,35236-1785339351403096700,35236,132688,4,101,,OP3,FIXED_OPPONENT,train,map_b_split_lane,-1,1,SCRIPTED:OP11_ADAPTIVE_EXPLOITER,,1,3,1,2,106,0.7599999904632568,1,0,6,41,3,6,4,5,2,0,1,2,0,4,0,0,1,1,2,2,34.0,6.035072758512677,1.0,0.5,-0.008848801255226135,0.0,1.0,100.0,0.0,0.5542166829109192
875,35236-1785339351403096700,35236,132704,4,102,,OP3,FIXED_OPPONENT,train,map_b_split_lane,-1,1,SCRIPTED:OP11_ADAPTIVE_EXPLOITER,,1,3,2,1,129,0.7599999904632568,1,0,7,22,3,9,2,4,1,1,1,2,1,4,0,2,2,0,0,1,44.0,7.0602062136627906,1.0,0.5,-0.007597774267196655,0.0,1.0,100.0,0.0,0.55427086353302
876,35236-1785339351403096700,35236,132720,4,103,,OP3,FIXED_OPPONENT,train,map_b_split_lane,-1,0,SCRIPTED:OP11_ADAPTIVE_EXPLOITER,,1,3,1,2,231,0.8399999737739563,0,2,14,75,7,19,1,13,5,6,0,3,0,4,0,2,1,0,0,7,38.0,6.365641276041667,1.0,0.5,-0.006581619381904602,0.0,1.0,100.0,0.0,0.5543148517608643
877,35236-1785339351403096700,35236,132736,4,104,,OP3,FIXED_OPPONENT,train,map_b_split_lane,-1,1,SCRIPTED:OP11_ADAPTIVE_EXPLOITER,,1,3,1,2,123,0.7199999690055847,0,1,3,44,5,8,4,6,2,2,1,2,1,3,0,0,0,1,2,4,43.0,5.2744081078506095,1.0,0.5,0.005881160497665405,0.02499999850988388,1.0,100.0,-0.20000000298023224,0.5204305052757263
878,35236-1785339351403096700,35236,132912,4,115,,OP3,FIXED_OPPONENT,train,map_b_split_lane,-1,0,SCRIPTED:OP11_ADAPTIVE_EXPLOITER,,1,3,1,2,204,0.7999999523162842,0,1,13,65,9,10,2,10,5,3,0,3,1,2,1,2,0,1,0,4,50.0,6.585582658356311,1.0,0.5,-0.003329366445541382,0.02499999850988388,1.0,100.0,0.0,0.5555368661880493
879,35236-1785339351403096700,35236,133152,4,130,,OP3,FIXED_OPPONENT,train,map_b_split_lane,-1,1,SCRIPTED:OP11_ADAPTIVE_EXPLOITER,,1,3,0,3,146,0.7599999904632568,0,1,3,75,7,9,10,8,4,3,0,3,0,2,4,0,0,1,0,5,34.0,4.752854856726241,1.0,0.5,-0.0025575608015060425,0.04999999701976776,1.0,100.0,-0.20000000298023224,0.5211848616600037
880,35236-1785339351403096700,35236,133376,4,144,,OP3,FIXED_OPPONENT,train,map_b_split_lane,-1,1,SCRIPTED:OP11_ADAPTIVE_EXPLOITER,,1,3,0,3,117,0.6800000071525574,1,0,18,18,5,4,3,11,3,2,2,1,0,0,1,2,0,0,1,5,38.0,6.758129152477297,1.0,0.5,0.0016532689332962036,0.0,1.0,100.0,0.0,0.5546712875366211
881,35236-1785339351403096700,35236,133424,4,147,,OP3,FIXED_OPPONENT,train,map_b_split_lane,-1,0,SCRIPTED:OP11_ADAPTIVE_EXPLOITER,,1,3,0,3,76,0.5600000023841858,1,0,1,26,1,5,1,3,0,2,0,3,1,0,0,1,1,0,0,1,30.0,6.417325471576891,1.0,0.5,-0.0017182230949401855,0.04999999701976776,1.0,100.0,0.0,0.5566856861114502
882,35236-1785339351403096700,35236,133520,4,153,,OP3,FIXED_OPPONENT,train,map_b_split_lane,-1,0,SCRIPTED:OP11_ADAPTIVE_EXPLOITER,,1,3,0,3,103,0.5999999642372131,1,0,7,51,3,8,1,8,2,2,0,3,0,2,0,0,0,1,0,4,34.0,5.215037521806735,1.0,0.5,-0.004270985722541809,0.02499999850988388,1.0,100.0,0.0,0.5554961562156677
883,35236-1785339351403096700,35236,133776,4,169,,OP3,FIXED_OPPONENT,train,map_b_split_lane,-1,1,SCRIPTED:OP11_ADAPTIVE_EXPLOITER,,1,2,1,1,240,0.7599999904632568,0,1,14,80,4,20,9,7,3,8,0,2,0,3,4,0,1,0,1,4,181.0,6.4467920939127605,1.0,0.0,-0.01505616307258606,0.019999999552965164,0.0,0.0,0.0,0.24520908296108246
884,35236-1785339351403096700,35236,133952,4,180,,OP3,FIXED_OPPONENT,train,map_b_split_lane,-1,1,SCRIPTED:OP11_ADAPTIVE_EXPLOITER,,1,3,1,2,78,0.5999999642372131,1,0,2,27,1,5,1,6,0,2,0,3,1,0,0,0,1,0,0,6,31.0,6.503349891075721,1.0,0.5,-0.00989241898059845,0.04999999701976776,1.0,100.0,-0.20000000298023224,0.5208508968353271
885,35236-1785339351403096700,35236,134016,4,184,,OP3,FIXED_OPPONENT,train,map_b_split_lane,-1,0,SCRIPTED:OP11_ADAPTIVE_EXPLOITER,,1,3,1,2,195,0.7199999690055847,1,0,4,48,2,16,8,5,2,5,0,3,0,3,3,0,1,0,3,2,49.0,6.9582344250801285,1.0,0.5,-0.008089542388916016,0.0,1.0,100.0,-0.20000000298023224,0.5186522603034973
886,35236-1785339351403096700,35236,134016,4,184,,OP3,FIXED_OPPONENT,train,map_b_split_lane,-1,0,SCRIPTED:OP11_ADAPTIVE_EXPLOITER,,1,3,2,1,153,0.7599999904632568,1,0,9,55,2,14,3,10,2,3,0,3,0,4,0,3,2,0,1,4,65.0,6.47170960669424,1.0,0.0,-0.00796133279800415,0.0,0.0,0.0,0.0,0.2444508671760559
887,35236-1785339351403096700,35236,134208,4,196,,OP3,FIXED_OPPONENT,train,map_b_split_lane,-1,0,SCRIPTED:OP11_ADAPTIVE_EXPLOITER,,1,3,2,1,106,0.8399999737739563,1,0,7,33,1,8,3,4,0,2,0,3,1,3,1,0,2,0,0,3,44.0,6.728899110038325,1.0,0.5,0.0058256834745407104,0.0,1.0,100.0,-0.20000000298023224,0.5192877650260925
888,35236-1785339351403096700,35236,134224,4,197,,OP3,FIXED_OPPONENT,train,map_b_split_lane,-1,0,SCRIPTED:OP11_ADAPTIVE_EXPLOITER,,1,3,0,3,93,0.7999999523162842,1,0,1,26,3,7,3,11,0,2,0,3,3,2,0,2,2,0,0,7,36.0,6.412110687584005,1.0,0.5,-0.004120990633964539,0.02499999850988388,1.0,100.0,-0.20000000298023224,0.5199745297431946
889,35236-1785339351403096700,35236,134560,4,218,,OP3,FIXED_OPPONENT,train,map_b_split_lane,-1,0,SCRIPTED:OP11_ADAPTIVE_EXPLOITER,,0,2,3,-1,192,0.7999999523162842,0,1,21,50,3,20,4,11,1,6,0,3,0,7,2,2,2,1,0,4,43.0,6.249696095784505,-1.0,-0.5,0.016993358731269836,0.019999999552965164,-1.0,-100.0,0.0,-0.5529967546463013
890,35236-1785339351403096700,35236,134640,4,223,,OP3,FIXED_OPPONENT,train,map_b_split_lane,-1,1,SCRIPTED:OP11_ADAPTIVE_EXPLOITER,,1,3,1,2,122,0.7599999904632568,1,0,7,44,4,4,8,2,1,2,1,2,1,0,1,1,1,0,5,0,39.0,6.307693231301229,1.0,0.5,0.006431654095649719,0.04999999701976776,1.0,100.0,0.0,0.5570371150970459
891,35236-1785339351403096700,35236,134864,4,237,,OP3,FIXED_OPPONENT,train,map_b_split_lane,-1,0,SCRIPTED:OP11_ADAPTIVE_EXPLOITER,,1,3,0,3,134,0.7599999904632568,0,1,2,43,4,10,2,2,4,3,0,3,0,0,0,1,0,0,1,1,31.0,6.560557351183536,1.0,0.5,0.0002640634775161743,0.029999999329447746,1.0,100.0,0.0,0.5559080839157104
892,35236-1785339351403096700,35236,134992,4,245,,OP3,FIXED_OPPONENT,train,map_b_split_lane,-1,1,SCRIPTED:OP11_ADAPTIVE_EXPLOITER,,1,3,1,2,98,0.6800000071525574,1,0,1,12,3,7,2,6,2,2,0,3,0,2,0,1,1,0,0,4,41.0,6.810587980309311,1.0,0.5,-0.008876398205757141,0.0,1.0,100.0,0.0,0.5542154312133789
893,35236-1785339351403096700,35236,135088,4,251,,OP3,FIXED_OPPONENT,train,map_b_split_lane,-1,1,SCRIPTED:OP11_ADAPTIVE_EXPLOITER,,1,3,1,2,136,0.7999999523162842,1,0,1,39,4,8,7,3,2,2,2,1,0,4,0,0,0,1,5,2,42.0,6.323202694163603,1.0,0.5,0.004264369606971741,0.04999999701976776,1.0,100.0,0.0,0.5569436550140381
894,35236-1785339351403096700,35236,135248,4,261,,OP3,FIXED_OPPONENT,train,map_b_split_lane,-1,0,SCRIPTED:OP11_ADAPTIVE_EXPLOITER,,1,3,1,2,108,0.5199999809265137,1,0,1,33,0,10,5,3,0,3,0,3,0,2,2,0,1,0,2,2,52.0,6.721486409505208,1.0,0.5,0.0018561780452728271,0.04999999701976776,1.0,100.0,-0.20000000298023224,0.5213857293128967
895,35236-1785339351403096700,35236,135552,4,280,,OP3,FIXED_OPPONENT,train,map_b_split_lane,-1,1,SCRIPTED:OP11_ADAPTIVE_EXPLOITER,,1,3,1,2,192,0.7599999904632568,1,0,6,55,6,12,6,11,5,3,0,4,0,2,2,2,1,0,0,7,47.0,6.983987808227539,1.0,0.5,-0.007287859916687012,0.0,1.0,100.0,0.0,0.5542842745780945
896,35236-1785339351403096700,35236,135664,4,287,,OP3,FIXED_OPPONENT,train,map_b_split_lane,-1,0,SCRIPTED:OP11_ADAPTIVE_EXPLOITER,,0,1,1,0,240,0.9199999570846558,0,2,3,61,8,14,1,11,4,4,0,1,3,1,0,4,1,0,0,3,35.0,6.740947977701823,-0.5,0.0,-0.015294402837753296,0.0,0.0,0.0,0.0,-0.1252940148115158
897,35236-1785339351403096700,35236,135808,4,296,,OP3,FIXED_OPPONENT,train,map_b_split_lane,-1,0,SCRIPTED:OP11_ADAPTIVE_EXPLOITER,,1,3,0,3,99,0.5199999809265137,1,0,2,39,0,9,1,3,0,3,0,3,0,2,1,0,0,0,0,2,43.0,6.784402866556187,1.0,0.5,-0.0003946572542190552,0.02499999850988388,1.0,100.0,0.0,0.5556635856628418
898,35236-1785339351403096700,35236,135888,4,301,,OP3,FIXED_OPPONENT,train,map_b_split_lane,-1,1,SCRIPTED:OP11_ADAPTIVE_EXPLOITER,,1,3,1,2,121,0.7599999904632568,0,1,1,37,3,11,3,11,0,4,2,1,1,3,0,2,0,2,2,5,48.0,6.827722470622417,1.0,0.5,-0.009423494338989258,0.04999999701976776,1.0,100.0,-0.20000000298023224,0.520872175693512
899,35236-1785339351403096700,35236,136000,4,308,,OP3,FIXED_OPPONENT,train,map_b_split_lane,-1,1,SCRIPTED:OP11_ADAPTIVE_EXPLOITER,,1,3,1,2,178,0.8799999952316284,1,0,14,44,8,10,2,7,4,3,1,2,1,4,0,4,1,0,1,2,45.0,7.856774490870786,1.0,0.5,-0.004031196236610413,0.02499999850988388,1.0,100.0,0.0,0.5555065870285034
900,35236-1785339351403096700,35236,136032,4,310,,OP3,FIXED_OPPONENT,train,map_b_split_lane,-1,1,SCRIPTED:OP11_ADAPTIVE_EXPLOITER,,1,3,1,2,114,0.7999999523162842,1,0,2,26,2,8,4,3,1,1,1,3,0,4,0,1,1,0,2,1,34.0,7.223944413034539,1.0,0.0,-0.008350029587745667,0.0,0.0,0.0,0.0,0.24442800879478455
901,35236-1785339351403096700,35236,136240,4,323,,OP3,FIXED_OPPONENT,train,map_b_split_lane,-1,1,SCRIPTED:OP11_ADAPTIVE_EXPLOITER,,1,3,1,2,179,0.7599999904632568,1,0,8,57,5,13,11,3,2,5,3,0,0,6,1,0,0,2,7,0,36.0,6.451342364263268,1.0,0.5,0.009050041437149048,0.03999999910593033,1.0,100.0,0.0,0.5567187666893005
902,35236-1785339351403096700,35236,136352,4,330,,OP3,FIXED_OPPONENT,train,map_b_split_lane,-1,0,SCRIPTED:OP11_ADAPTIVE_EXPLOITER,,1,3,0,3,146,0.7599999904632568,1,0,1,49,2,11,1,12,2,5,0,3,0,0,0,4,0,0,1,4,42.0,6.035279574459547,1.0,0.5,0.008374705910682678,0.0,1.0,100.0,0.0,0.5549620389938354
903,35236-1785339351403096700,35236,136384,4,332,,OP3,FIXED_OPPONENT,train,map_b_split_lane,-1,1,SCRIPTED:OP11_ADAPTIVE_EXPLOITER,,1,3,1,2,95,0.5999999642372131,1,0,1,34,3,5,1,7,1,2,0,3,1,0,0,1,1,0,0,5,36.0,6.54535490337171,1.0,0.5,-0.0062177181243896484,0.0,1.0,100.0,-0.20000000298023224,0.51873779296875
904,35236-1785339351403096700,35236,136448,4,336,,OP3,FIXED_OPPONENT,train,map_b_split_lane,-1,1,SCRIPTED:OP11_ADAPTIVE_EXPLOITER,,1,3,1,2,118,0.7599999904632568,1,0,1,20,4,8,6,3,3,2,0,3,0,2,2,0,1,0,1,2,46.0,7.229808225470074,1.0,0.5,-0.001985892653465271,0.02499999850988388,1.0,100.0,0.0,0.5555949211120605
905,35236-1785339351403096700,35236,136576,4,344,,OP3,FIXED_OPPONENT,train,map_b_split_lane,-1,1,SCRIPTED:OP11_ADAPTIVE_EXPLOITER,,1,3,1,2,175,0.7999999523162842,1,0,7,23,10,10,3,13,4,4,3,0,3,3,0,4,0,2,2,3,35.0,7.422050083705357,1.0,0.5,-0.007810801267623901,0.04999999701976776,1.0,100.0,-0.20000000298023224,0.52094566822052
906,35236-1785339351403096700,35236,136960,4,368,,OP3,FIXED_OPPONENT,train,map_b_split_lane,-1,1,SCRIPTED:OP11_ADAPTIVE_EXPLOITER,,1,3,0,3,117,0.7999999523162842,1,0,5,41,7,5,6,4,1,1,1,2,4,2,0,1,2,0,2,1,34.0,4.594037439069178,1.0,1.0,-0.0061333924531936646,0.0,1.5,150.0,0.0,0.7037121057510376
907,35236-1785339351403096700,35236,137168,4,381,,OP3,FIXED_OPPONENT,train,map_b_split_lane,-1,0,SCRIPTED:OP11_ADAPTIVE_EXPLOITER,,1,3,0,3,136,0.7599999904632568,1,0,0,54,2,12,0,15,2,5,0,3,0,0,0,3,0,0,0,7,38.0,5.552821439855239,1.0,0.5,-0.0006053298711776733,0.0,1.0,100.0,0.0,0.5545735359191895
908,35236-1785339351403096700,35236,137456,4,399,,OP3,FIXED_OPPONENT,train,map_b_split_lane,-1,0,SCRIPTED:OP11_ADAPTIVE_EXPLOITER,,1,3,0,3,91,0.7199999690055847,0,1,1,33,2,8,1,5,1,2,0,3,1,2,0,2,1,0,0,1,42.0,6.3209369365985575,1.0,0.5,-0.005222529172897339,0.04999999701976776,1.0,100.0,0.0,0.556534469127655
909,35236-1785339351403096700,35236,137520,4,403,,OP3,FIXED_OPPONENT,train,map_b_split_lane,-1,0,SCRIPTED:OP11_ADAPTIVE_EXPLOITER,,1,3,1,2,107,0.5199999809265137,1,0,1,37,1,11,1,6,0,4,0,3,0,2,0,0,1,0,0,4,35.0,5.802774874963493,1.0,0.5,-0.008945554494857788,0.0,1.0,100.0,-0.20000000298023224,0.5186131596565247
910,35236-1785339351403096700,35236,137552,4,405,,OP3,FIXED_OPPONENT,train,map_b_split_lane,-1,0,SCRIPTED:OP11_ADAPTIVE_EXPLOITER,,1,3,1,2,104,0.7599999904632568,1,0,7,54,1,9,3,8,1,2,0,3,0,3,0,0,2,0,0,6,43.0,5.355327899639423,1.0,0.5,-0.002850964665412903,0.0,1.0,100.0,0.0,0.5544763803482056
911,35236-1785339351403096700,35236,137600,4,408,,OP3,FIXED_OPPONENT,train,map_b_split_lane,-1,0,SCRIPTED:OP11_ADAPTIVE_EXPLOITER,,1,3,1,2,147,0.7599999904632568,1,0,7,69,1,13,3,7,1,5,0,3,0,2,1,0,1,0,0,5,52.0,5.757017797353316,1.0,0.5,0.009758546948432922,0.02499999850988388,1.0,100.0,0.0,0.5561021566390991
912,35236-1785339351403096700,35236,137680,4,413,,OP3,FIXED_OPPONENT,train,map_b_split_lane,-1,1,SCRIPTED:OP11_ADAPTIVE_EXPLOITER,,1,3,1,2,190,0.8799999952316284,0,1,8,50,7,15,3,3,2,6,1,2,3,1,0,0,0,1,2,2,37.0,6.233293714021381,1.0,0.5,-0.0023926571011543274,0.04999999701976776,1.0,100.0,0.0,0.5566565990447998
913,35236-1785339351403096700,35236,137680,4,413,,OP3,FIXED_OPPONENT,train,map_b_split_lane,-1,0,SCRIPTED:OP11_ADAPTIVE_EXPLOITER,,1,3,1,2,229,0.6800000071525574,0,1,20,66,9,15,5,11,5,6,0,3,1,1,2,2,1,0,0,5,30.0,6.389014098321507,1.0,0.5,-0.0033577531576156616,0.0,1.0,100.0,-0.20000000298023224,0.5188684463500977
914,35236-1785339351403096700,35236,137936,4,429,,OP3,FIXED_OPPONENT,train,map_b_split_lane,-1,0,SCRIPTED:OP11_ADAPTIVE_EXPLOITER,,1,3,0,3,119,0.6800000071525574,1,0,5,28,5,5,4,6,4,1,0,3,0,0,0,0,0,0,2,4,34.0,6.5780783260569855,1.0,0.5,0.00451892614364624,0.04999999701976776,1.0,100.0,-0.20000000298023224,0.5215069055557251
915,35236-1785339351403096700,35236,138064,4,437,,OP3,FIXED_OPPONENT,train,map_b_split_lane,-1,0,SCRIPTED:OP11_ADAPTIVE_EXPLOITER,,1,3,2,1,105,0.7199999690055847,0,1,2,23,2,8,2,5,0,2,0,3,1,2,0,0,2,0,0,4,36.0,6.698942057291666,1.0,0.5,-0.003939390182495117,0.0,1.0,100.0,0.0,0.5544291734695435
916,35236-1785339351403096700,35236,138096,4,439,,OP3,FIXED_OPPONENT,train,map_b_split_lane,-1,1,SCRIPTED:OP11_ADAPTIVE_EXPLOITER,,1,3,0,3,152,0.7199999690055847,1,0,7,81,7,9,9,7,2,1,0,3,4,4,3,1,2,1,1,2,57.0,4.4414512232730265,1.0,0.5,0.01821056753396988,0.04999999701976776,1.0,100.0,0.0,0.5575447082519531
917,35236-1785339351403096700,35236,138176,4,444,,OP3,FIXED_OPPONENT,train,map_b_split_lane,-1,1,SCRIPTED:OP11_ADAPTIVE_EXPLOITER,,1,3,1,2,100,0.7599999904632568,1,0,2,37,5,6,4,5,3,3,0,3,0,0,1,2,1,0,1,2,30.0,6.293616943359375,1.0,0.5,0.0052879005670547485,0.0,1.0,100.0,0.0,0.5548285245895386
918,35236-1785339351403096700,35236,138272,4,450,,OP3,FIXED_OPPONENT,train,map_b_split_lane,-1,0,SCRIPTED:OP11_ADAPTIVE_EXPLOITER,,1,3,1,2,114,0.5600000023841858,0,1,4,35,2,7,1,7,2,2,0,3,0,1,0,0,1,0,0,5,41.0,5.422080056709156,1.0,0.5,-0.01109352707862854,0.02499999850988388,1.0,100.0,-0.20000000298023224,0.5196565389633179
919,35236-1785339351403096700,35236,138864,4,487,,OP3,FIXED_OPPONENT,train,map_b_split_lane,-1,1,SCRIPTED:OP11_ADAPTIVE_EXPLOITER,,1,3,1,2,164,0.7999999523162842,1,0,5,32,7,7,2,12,3,3,1,2,2,0,1,3,1,0,0,5,40.0,6.647369384765625,1.0,0.5,0.00605928897857666,0.0,1.0,100.0,-0.20000000298023224,0.5192983746528625
920,35236-1785339351403096700,35236,139072,4,500,,OP3,FIXED_OPPONENT,train,map_b_split_lane,-1,1,SCRIPTED:OP11_ADAPTIVE_EXPLOITER,,1,3,2,1,97,0.6800000071525574,1,0,2,10,4,6,3,4,1,0,0,3,3,3,0,1,2,0,1,3,36.0,7.675014220562177,1.0,0.5,-0.006607070565223694,0.0,1.0,100.0,0.0,0.5543137788772583
921,35236-1785339351403096700,35236,139088,4,501,,OP3,FIXED_OPPONENT,train,map_b_split_lane,-1,1,SCRIPTED:OP11_ADAPTIVE_EXPLOITER,,1,3,1,2,96,0.6800000071525574,0,3,10,34,3,7,6,1,2,0,1,2,0,4,2,0,1,0,2,1,35.0,6.9203840891520185,1.0,0.5,0.007056981325149536,0.0,1.0,100.0,0.0,0.5549050569534302
922,35236-1785339351403096700,35236,139392,4,520,,OP3,FIXED_OPPONENT,train,map_b_split_lane,-1,0,SCRIPTED:OP11_ADAPTIVE_EXPLOITER,,0,2,2,0,240,0.7599999904632568,1,0,7,75,3,22,4,8,2,7,0,2,0,5,0,4,3,0,0,1,156.0,6.565089925130208,-0.5,0.0,-0.006707996129989624,0.0,0.0,0.0,-0.20000000298023224,-0.17364180088043213
923,35236-1785339351403096700,35236,139472,4,525,,OP3,FIXED_OPPONENT,train,map_b_split_lane,-1,1,SCRIPTED:OP11_ADAPTIVE_EXPLOITER,,1,3,0,3,126,0.7599999904632568,1,0,6,88,4,10,3,9,1,2,1,2,2,4,0,1,1,1,1,4,44.0,4.642161051432292,1.0,0.5,-0.00821511447429657,0.02499999850988388,1.0,100.0,0.0,0.5553257465362549
924,35236-1785339351403096700,35236,139536,4,529,,OP3,FIXED_OPPONENT,train,map_b_split_lane,-1,1,SCRIPTED:OP11_ADAPTIVE_EXPLOITER,,1,3,1,2,116,0.7599999904632568,1,0,10,13,2,10,9,0,1,1,1,3,0,5,1,0,1,0,7,0,35.0,8.075919841897898,1.0,0.5,-0.005512863397598267,0.0,1.0,100.0,0.0,0.55436110496521
925,35236-1785339351403096700,35236,139568,4,531,,OP3,FIXED_OPPONENT,train,map_b_split_lane,-1,0,SCRIPTED:OP11_ADAPTIVE_EXPLOITER,,1,3,1,2,201,0.9199999570846558,1,0,1,67,3,14,1,11,2,6,0,3,1,1,0,1,1,0,0,6,41.0,6.139789334577115,1.0,0.5,-0.0077638328075408936,0.0,1.0,100.0,-0.20000000298023224,0.5186671614646912
926,35236-1785339351403096700,35236,139680,4,538,,OP3,FIXED_OPPONENT,train,map_b_split_lane,-1,1,SCRIPTED:OP11_ADAPTIVE_EXPLOITER,,1,3,0,3,157,0.7199999690055847,1,0,5,81,2,16,1,17,1,3,0,3,1,7,0,4,1,2,0,6,83.0,4.832517976214172,1.0,0.5,0.0012448132038116455,0.03999999910593033,1.0,100.0,-0.20000000298023224,0.520902693271637
927,35236-1785339351403096700,35236,139952,4,555,,OP3,FIXED_OPPONENT,train,map_b_split_lane,-1,1,SCRIPTED:OP11_ADAPTIVE_EXPLOITER,,1,3,2,1,187,0.6800000071525574,1,0,9,32,10,10,4,7,2,3,1,2,5,4,0,1,1,1,2,3,57.0,6.453130875041778,1.0,0.5,-0.001008644700050354,0.0,1.0,100.0,-0.20000000298023224,0.5189757347106934
928,35236-1785339351403096700,35236,140112,4,565,,OP3,FIXED_OPPONENT,train,map_b_split_lane,-1,0,SCRIPTED:OP11_ADAPTIVE_EXPLOITER,,1,3,1,2,136,0.6800000071525574,1,0,8,40,1,9,4,9,1,4,0,3,0,0,1,2,2,0,0,4,55.0,6.5339256735409,1.0,0.5,-0.029771775007247925,0.029999999329447746,1.0,100.0,-0.20000000298023224,0.5190321803092957
929,35236-1785339351403096700,35236,140224,4,572,,OP3,FIXED_OPPONENT,train,map_b_split_lane,-1,1,SCRIPTED:OP11_ADAPTIVE_EXPLOITER,,1,3,0,3,128,0.7599999904632568,0,1,10,27,1,8,0,20,0,1,1,2,0,4,0,5,0,2,0,8,65.0,6.2924346923828125,1.0,0.5,-0.009794026613235474,0.02499999850988388,1.0,100.0,0.0,0.5552574396133423
930,35236-1785339351403096700,35236,140352,4,580,,OP3,FIXED_OPPONENT,train,map_b_split_lane,-1,0,SCRIPTED:OP11_ADAPTIVE_EXPLOITER,,1,3,0,3,167,0.7999999523162842,1,0,11,18,2,14,6,2,1,7,0,3,0,0,2,0,0,0,1,2,34.0,7.524267870508982,1.0,1.0,-0.008466526865959167,0.04999999701976776,2.0,200.0,0.0,0.7626821994781494
