policy_seed,opponent,eval_seed,episode_key,step_i,score_stratum,failure_labels_at_t,step,time_remaining_frac,blue_score,red_score,score_diff,blue_carrying,red_carrying,blue_tagged,red_tagged,blue_cooldown_active,agents_forward,formation_spread,team_separation,carrier_present,carrier_pressure,carrier_under_pressure,escort_available,escort_distance,carrier_unescorted,red_tag_ready_count,nearest_ready_defender,defender_tag_available,home_threatened,our_flag_away_from_home,nearest_red_to_our_flag,nearest_blue_to_our_flag,blue_alive_count,red_alive_count,intervention_margin,mate_can_intervene
3200001,OP6,9400000,OP6:9400000,0,tied,,0,1.0,0.0,0.0,0.0,0,0,0,0,0,0,0.10704054683446884,0.17881479859352112,0.0,nan,0.0,0.0,nan,0.0,2,nan,1.0,0.0,0.0,0.7322870492935181,0.22479590773582458,2,2,nan,nan
3200001,OP6,9400000,OP6:9400000,1,tied,,1,0.9958333333333333,0.0,0.0,0.0,0,0,0,0,0,0,0.12972398102283478,0.18908235430717468,0.0,nan,0.0,0.0,nan,0.0,2,nan,1.0,0.0,0.0,0.7096856832504272,0.22328858077526093,2,2,nan,nan
3200001,OP6,9400000,OP6:9400000,2,tied,,2,0.9916666666666667,0.0,0.0,0.0,0,0,0,0,0,0,0.17973598837852478,0.2168508768081665,0.0,nan,0.0,0.0,nan,0.0,2,nan,1.0,0.0,0.0,0.6648871302604675,0.22159604728221893,2,2,nan,nan
3200001,OP6,9400000,OP6:9400000,3,tied,,3,0.9875,0.0,0.0,0.0,0,0,0,0,0,0,0.23530487716197968,0.256972074508667,0.0,nan,0.0,0.0,nan,0.0,2,nan,1.0,0.0,0.0,0.6163139939308167,0.23216649889945984,2,2,nan,nan
3200001,OP6,9400000,OP6:9400000,4,tied,,4,0.9833333333333333,0.0,0.0,0.0,0,0,0,0,0,0,0.29087376594543457,0.303104043006897,0.0,nan,0.0,0.0,nan,0.0,2,nan,1.0,0.0,0.0,0.5687098503112793,0.2542191445827484,2,2,nan,nan
3200001,OP6,9400000,OP6:9400000,5,tied,,5,0.9791666666666666,0.0,0.0,0.0,0,0,0,0,0,0,0.2685851454734802,0.28397485613822937,0.0,nan,0.0,0.0,nan,0.0,2,nan,1.0,0.0,0.0,0.5223398208618164,0.307150274515152,2,2,nan,nan
3200001,OP6,9400000,OP6:9400000,6,tied,,6,0.975,0.0,0.0,0.0,0,0,0,0,0,0,0.24629659950733185,0.26552310585975647,0.0,nan,0.0,0.0,nan,0.0,2,nan,1.0,0.0,0.0,0.4775634706020355,0.36053401231765747,2,2,nan,nan
3200001,OP6,9400000,OP6:9400000,7,tied,,7,0.9708333333333333,0.0,0.0,0.0,0,0,1,0,0,0,0.24261923134326935,0.25859758257865906,0.0,nan,0.0,0.0,nan,0.0,1,nan,1.0,0.0,0.0,0.4539150595664978,0.39659929275512695,2,2,nan,nan
3200001,OP6,9400000,OP6:9400000,8,tied,,8,0.9666666666666667,0.0,0.0,0.0,0,0,1,0,0,0,0.2699969410896301,0.2735486626625061,0.0,nan,0.0,0.0,nan,0.0,1,nan,1.0,0.0,0.0,0.41350263357162476,0.4005220830440521,2,2,nan,nan
3200001,OP6,9400000,OP6:9400000,9,tied,,9,0.9625,0.0,0.0,0.0,0,0,1,0,0,1,0.2510945200920105,0.2575179636478424,0.0,nan,0.0,0.0,nan,0.0,1,nan,1.0,0.0,0.0,0.3764970004558563,0.348166286945343,2,2,nan,nan
3200001,OP6,9400000,OP6:9400000,10,tied,,10,0.9583333333333334,0.0,0.0,0.0,0,0,1,0,0,1,0.21597370505332947,0.2677538990974426,0.0,nan,0.0,0.0,nan,0.0,1,nan,1.0,0.0,0.0,0.3225526213645935,0.29371628165245056,2,2,nan,nan
3200001,OP6,9400000,OP6:9400000,11,tied,,11,0.9541666666666667,0.0,0.0,0.0,0,0,1,0,0,1,0.18085289001464844,0.31619709730148315,0.0,nan,0.0,0.0,nan,0.0,1,nan,1.0,0.0,0.0,0.2686082422733307,0.2392663210630417,2,2,nan,nan
3200001,OP6,9400000,OP6:9400000,12,tied,,12,0.95,0.0,0.0,0.0,0,0,1,0,0,1,0.14573201537132263,0.3888198435306549,0.0,nan,0.0,0.0,nan,0.0,1,nan,1.0,0.0,0.0,0.2146638184785843,0.18481631577014923,2,2,nan,nan
3200001,OP6,9400000,OP6:9400000,13,tied,,13,0.9458333333333333,0.0,0.0,0.0,0,0,1,0,0,1,0.11061115562915802,0.4746503233909607,0.0,nan,0.0,0.0,nan,0.0,1,nan,1.0,0.0,0.0,0.16071942448616028,0.13036631047725677,2,2,nan,nan
3200001,OP6,9400000,OP6:9400000,14,tied,,14,0.9416666666666667,0.0,0.0,0.0,0,0,0,0,0,1,0.07549033313989639,0.5677295923233032,0.0,nan,0.0,0.0,nan,0.0,1,nan,1.0,0.0,0.0,0.10677503049373627,0.07591632008552551,2,2,nan,nan
3200001,OP6,9400000,OP6:9400000,15,tied,,15,0.9375,0.0,0.0,0.0,0,0,0,1,1,1,0.023315047845244408,0.590755820274353,0.0,nan,0.0,0.0,nan,0.0,1,nan,1.0,1.0,0.0,0.03188183158636093,0.11239969730377197,2,2,nan,nan
3200001,OP6,9400000,OP6:9400000,16,tied,,16,0.9333333333333333,0.0,0.0,0.0,1,1,0,1,1,1,0.06129927560687065,0.5774579048156738,1.0,0.681248128414154,0.0,0.0,0.5774579048156738,1.0,1,0.6896381974220276,1.0,1.0,1.0,0.0,0.1464109569787979,2,2,0.11218029260635376,1.0
3200001,OP6,9400000,OP6:9400000,17,tied,,17,0.9291666666666667,0.0,0.0,0.0,1,1,0,1,1,1,0.1334504634141922,0.5375802516937256,1.0,0.6220017671585083,0.0,0.0,0.5375802516937256,1.0,1,0.7292172908782959,1.0,1.0,1.0,0.0,0.25235486030578613,2,2,0.1916370391845703,1.0
3200001,OP6,9400000,OP6:9400000,18,tied,,18,0.925,0.0,0.0,0.0,1,1,0,1,1,1,0.12443442642688751,0.4320504665374756,1.0,0.5138465166091919,0.0,0.0,0.4320504665374756,1.0,1,0.6490192413330078,1.0,1.0,1.0,0.0,0.2916297912597656,2,2,0.21696877479553223,1.0
3200001,OP6,9400000,OP6:9400000,19,tied,,19,0.9208333333333334,0.0,0.0,0.0,1,1,0,1,1,1,0.10531783103942871,0.32480761408805847,1.0,0.40571004152297974,0.0,0.0,0.32480761408805847,1.0,1,0.5426006317138672,1.0,1.0,1.0,0.0,0.2852541506290436,2,2,0.21779301762580872,1.0
3200001,OP6,9400000,OP6:9400000,20,tied,,20,0.9166666666666666,0.0,0.0,0.0,1,1,0,1,1,1,0.08422813564538956,0.2183118313550949,1.0,0.2975735664367676,0.0,1.0,0.2183118313550949,0.0,1,0.4372747838497162,1.0,1.0,1.0,0.0,0.2777281403541565,2,2,0.21896295249462128,1.0
3200001,OP6,9400000,OP6:9400000,21,tied,,21,0.9125,0.0,0.0,0.0,1,1,0,1,1,2,0.05978593975305557,0.11380273103713989,1.0,0.18943709135055542,0.0,1.0,0.11380273103713989,0.0,1,0.3341222405433655,1.0,1.0,1.0,0.0,0.26795998215675354,2,2,0.22031950950622559,1.0
3200001,OP6,9400000,OP6:9400000,22,tied,,22,0.9083333333333333,0.0,0.0,0.0,1,1,0,1,1,2,0.0772743672132492,0.07801055163145065,1.0,0.08153306692838669,1.0,1.0,0.07801055163145065,0.0,1,0.2240968644618988,1.0,1.0,1.0,0.0,0.2240968644618988,2,2,0.14608631283044815,1.0
3200001,OP6,9400000,OP6:9400000,23,tied,,23,0.9041666666666667,0.0,0.0,0.0,1,0,0,2,2,1,0.049285076558589935,0.11461494863033295,1.0,0.07122854888439178,1.0,1.0,0.11461494863033295,0.0,0,inf,0.0,1.0,0.0,0.31518229842185974,0.37411734461784363,2,2,nan,nan
3200001,OP6,9400000,OP6:9400000,24,tied,,24,0.9,0.0,0.0,0.0,1,0,0,2,2,1,0.016962576657533646,0.1093582957983017,1.0,0.07654726505279541,1.0,1.0,0.1093582957983017,0.0,0,inf,0.0,0.0,0.0,0.35608112812042236,0.31966733932495117,2,2,nan,nan
3200001,OP6,9400000,OP6:9400000,25,tied,,25,0.8958333333333334,0.0,0.0,0.0,1,0,0,2,2,0,0.00039186477079056203,0.10796074569225311,1.0,0.14016123116016388,1.0,1.0,0.10796074569225311,0.0,0,inf,0.0,0.0,0.0,0.40008458495140076,0.2652173340320587,2,2,nan,nan
3200001,OP6,9400000,OP6:9400000,26,tied,,26,0.8916666666666666,0.0,0.0,0.0,1,0,0,2,2,0,0.009102868847548962,0.10761234909296036,1.0,0.23603177070617676,0.0,1.0,0.10761234909296036,0.0,0,inf,0.0,0.0,0.0,0.4462752938270569,0.21076734364032745,2,2,nan,nan
3200001,OP6,9400000,OP6:9400000,27,tied,,27,0.8875,0.0,0.0,0.0,1,0,0,2,2,0,0.013405656442046165,0.10752703249454498,1.0,0.3377232253551483,0.0,1.0,0.10752703249454498,0.0,0,inf,0.0,0.0,0.0,0.49404001235961914,0.1563173234462738,2,2,nan,nan
3200001,OP6,9400000,OP6:9400000,28,tied,,28,0.8833333333333333,0.0,0.0,0.0,1,0,0,1,2,0,0.01552591286599636,0.10750623047351837,1.0,0.44122910499572754,0.0,1.0,0.10750623047351837,0.0,1,0.5782824754714966,1.0,0.0,0.0,0.5429636240005493,0.10186731815338135,2,2,0.4707762449979782,1.0
3200001,OP6,9400000,OP6:9400000,29,tied,,29,0.8791666666666667,0.0,0.0,0.0,1,0,0,1,2,0,0.01657099649310112,0.10750114917755127,1.0,0.5455175638198853,0.0,1.0,0.10750114917755127,0.0,1,0.6414463520050049,1.0,0.0,0.0,0.5927591323852539,0.047417305409908295,2,2,0.5339452028274536,1.0
3200001,OP6,9400000,OP6:9400000,30,leading,,30,0.875,1.0,0.0,1.0,0,0,0,1,2,0,0.0130774499848485,0.08299777656793594,0.0,nan,0.0,0.0,nan,0.0,1,nan,1.0,0.0,0.0,0.6396118998527527,0.017469804733991623,2,2,nan,nan
3200001,OP6,9400000,OP6:9400000,31,leading,,31,0.8708333333333333,1.0,0.0,1.0,0,0,0,0,2,0,0.0033596039284020662,0.11506450176239014,0.0,nan,0.0,0.0,nan,0.0,2,nan,1.0,0.0,0.0,0.5928977727890015,0.044075291603803635,2,2,nan,nan
3200001,OP6,9400000,OP6:9400000,32,leading,,32,0.8666666666666667,1.0,0.0,1.0,0,0,0,0,2,0,0.03502931445837021,0.13326838612556458,0.0,nan,0.0,0.0,nan,0.0,2,nan,1.0,0.0,0.0,0.5475143790245056,0.08249945193529129,2,2,nan,nan
3200001,OP6,9400000,OP6:9400000,33,leading,,33,0.8625,1.0,0.0,1.0,0,0,0,0,2,0,0.033115386962890625,0.13294507563114166,0.0,nan,0.0,0.0,nan,0.0,2,nan,1.0,0.0,0.0,0.5038216710090637,0.10846738517284393,2,2,nan,nan
3200001,OP6,9400000,OP6:9400000,34,leading,,34,0.8583333333333334,1.0,0.0,1.0,0,0,0,0,2,0,0.014865875244140625,0.12849858403205872,0.0,nan,0.0,0.0,nan,0.0,2,nan,1.0,0.0,0.0,0.4622991979122162,0.15051178634166718,2,2,nan,nan
3200001,OP6,9400000,OP6:9400000,35,leading,,35,0.8541666666666666,1.0,0.0,1.0,0,0,0,0,2,0,0.03656597062945366,0.1429658830165863,0.0,nan,0.0,0.0,nan,0.0,2,nan,1.0,0.0,0.0,0.4235856533050537,0.20399072766304016,2,2,nan,nan
3200001,OP6,9400000,OP6:9400000,36,leading,,36,0.85,1.0,0.0,1.0,0,0,0,1,2,0,0.05826611444354057,0.15978753566741943,0.0,nan,0.0,0.0,nan,0.0,1,nan,1.0,0.0,0.0,0.388521671295166,0.2578763961791992,2,2,nan,nan
3200001,OP6,9400000,OP6:9400000,37,leading,,37,0.8458333333333333,1.0,0.0,1.0,0,0,0,1,2,1,0.07996620982885361,0.17829832434654236,0.0,nan,0.0,0.0,nan,0.0,1,nan,1.0,0.0,0.0,0.3428691625595093,0.3119581341743469,2,2,nan,nan
3200001,OP6,9400000,OP6:9400000,38,leading,,38,0.8416666666666667,1.0,0.0,1.0,0,0,0,1,2,1,0.12828092277050018,0.21255657076835632,0.0,nan,0.0,0.0,nan,0.0,1,nan,1.0,0.0,0.0,0.37044191360473633,0.36614900827407837,2,2,nan,nan
3200001,OP6,9400000,OP6:9400000,39,leading,,39,0.8375,1.0,0.0,1.0,0,0,0,1,2,1,0.11991377174854279,0.2100813090801239,0.0,nan,0.0,0.0,nan,0.0,1,nan,1.0,0.0,0.0,0.41601476073265076,0.397604763507843,2,2,nan,nan
3200001,OP6,9400000,OP6:9400000,40,leading,,40,0.8333333333333334,1.0,0.0,1.0,0,0,0,1,2,2,0.11154661327600479,0.2079571932554245,0.0,nan,0.0,0.0,nan,0.0,1,nan,1.0,0.0,0.0,0.3845384418964386,0.4336399435997009,2,2,nan,nan
3200001,OP6,9400000,OP6:9400000,41,leading,,41,0.8291666666666666,1.0,0.0,1.0,0,0,0,1,2,2,0.1031794548034668,0.20619508624076843,0.0,nan,0.0,0.0,nan,0.0,1,nan,1.0,1.0,0.0,0.3305940330028534,0.47320953011512756,2,2,nan,nan
3200001,OP6,9400000,OP6:9400000,42,leading,,42,0.825,1.0,0.0,1.0,0,0,0,1,2,2,0.0948122963309288,0.20480433106422424,0.0,nan,0.0,0.0,nan,0.0,1,nan,1.0,1.0,0.0,0.2766496539115906,0.5155002474784851,2,2,nan,nan
3200001,OP6,9400000,OP6:9400000,43,leading,,43,0.8208333333333333,1.0,0.0,1.0,1,0,0,1,2,2,0.08186111599206924,0.18651220202445984,1.0,0.11423011869192123,1.0,1.0,0.18651220202445984,0.0,1,0.5548593997955322,1.0,1.0,0.0,0.22270524501800537,0.5598958730697632,2,2,0.3683471977710724,1.0
3200001,OP6,9400000,OP6:9400000,44,leading,tagged_while_carrying,44,0.8166666666666667,1.0,0.0,1.0,1,0,0,0,1,2,0.10958981513977051,0.17463363707065582,1.0,0.10197491943836212,1.0,1.0,0.17463363707065582,0.0,2,0.10197491943836212,1.0,1.0,0.0,0.16876086592674255,0.605165958404541,2,2,-0.0726587176322937,0.0
3200001,OP6,9400000,OP6:9400000,45,leading,,45,0.8125,1.0,0.0,1.0,1,0,1,0,1,2,0.0987214595079422,0.10823027044534683,1.0,0.14178594946861267,1.0,1.0,0.10823027044534683,0.0,1,0.5943337678909302,1.0,1.0,0.0,0.11481646448373795,0.64473557472229,2,2,0.48610349744558334,1.0
3200001,OP6,9400000,OP6:9400000,46,leading,,46,0.8083333333333333,1.0,0.0,1.0,1,0,1,0,1,2,0.047310829162597656,0.05100969597697258,1.0,0.16463036835193634,1.0,1.0,0.05100969597697258,0.0,1,0.5848984718322754,1.0,1.0,0.0,0.06087205559015274,0.6152106523513794,2,2,0.5338887758553028,1.0
3200001,OP6,9400000,OP6:9400000,47,leading,,47,0.8041666666666667,1.0,0.0,1.0,1,1,1,0,1,2,0.04331088066101074,0.04742085933685303,1.0,0.17772912979125977,1.0,1.0,0.04742085933685303,0.0,1,0.5584253072738647,1.0,1.0,1.0,0.0,0.5376714468002319,2,2,0.5110044479370117,1.0
3200001,OP6,9400000,OP6:9400000,48,leading,,48,0.8,1.0,0.0,1.0,1,1,1,0,1,2,0.03931098058819771,0.04390450567007065,1.0,0.19153985381126404,0.0,1.0,0.04390450567007065,0.0,1,0.5149602293968201,1.0,1.0,1.0,0.0,0.49020418524742126,2,2,0.4710557237267494,1.0
3200001,OP6,9400000,OP6:9400000,49,leading,,49,0.7958333333333334,1.0,0.0,1.0,1,1,1,0,1,2,0.035311032086610794,0.04047942906618118,1.0,0.20524665713310242,0.0,1.0,0.04047942906618118,0.0,1,0.4114813208580017,1.0,1.0,1.0,0.0,0.38522541522979736,2,2,0.3710018917918205,1.0
3200001,OP6,9400000,OP6:9400000,50,leading,,50,0.7916666666666666,1.0,0.0,1.0,1,1,1,0,1,1,0.07342872768640518,0.08717088401317596,1.0,0.24137814342975616,0.0,1.0,0.08717088401317596,0.0,1,0.32404977083206177,1.0,1.0,1.0,0.0,0.2610308527946472,2,2,0.2368788868188858,1.0
3200001,OP6,9400000,OP6:9400000,51,leading,,51,0.7875,1.0,0.0,1.0,1,1,1,0,1,0,0.06404443085193634,0.0797373577952385,1.0,0.21251416206359863,0.0,1.0,0.0797373577952385,0.0,1,0.23231251537799835,1.0,1.0,1.0,0.0,0.16214439272880554,2,2,0.15257515758275986,1.0
3200001,OP6,9400000,OP6:9400000,52,leading,,52,0.7833333333333333,1.0,0.0,1.0,1,1,1,0,1,0,0.05466008186340332,0.07275988161563873,1.0,0.1828632354736328,0.0,1.0,0.07275988161563873,0.0,1,0.1828632354736328,1.0,1.0,1.0,0.0,0.11053426563739777,2,2,0.11010335385799408,1.0
3200001,OP6,9400000,OP6:9400000,53,leading,,53,0.7791666666666667,1.0,0.0,1.0,1,1,1,0,1,0,0.0452757366001606,0.06638248264789581,1.0,0.16071733832359314,1.0,1.0,0.06638248264789581,0.0,1,0.18229186534881592,1.0,1.0,1.0,0.0,0.13869129121303558,2,2,0.1159093827009201,1.0
3200001,OP6,9400000,OP6:9400000,54,leading,,54,0.775,1.0,0.0,1.0,1,1,1,0,1,0,0.03589139133691788,0.06079430133104324,1.0,0.17266935110092163,1.0,1.0,0.06079430133104324,0.0,1,0.2212161123752594,1.0,1.0,1.0,0.0,0.21209082007408142,2,2,0.16042181104421616,1.0
3200001,OP6,9400000,OP6:9400000,55,leading,,55,0.7708333333333334,1.0,0.0,1.0,1,1,1,0,1,0,0.026507044211030006,0.05623110383749008,1.0,0.20688064396381378,0.0,1.0,0.05623110383749008,0.0,1,0.2811979055404663,1.0,1.0,1.0,0.0,0.2811979055404663,2,2,0.22496680170297623,1.0
3200001,OP6,9400000,OP6:9400000,56,leading,,56,0.7666666666666666,1.0,0.0,1.0,1,1,0,0,1,0,0.017122745513916016,0.05295855551958084,1.0,0.2792108654975891,0.0,1.0,0.05295855551958084,0.0,1,0.3504800498485565,1.0,1.0,1.0,0.0,0.3504800498485565,2,2,0.2975214943289757,1.0
3200001,OP6,9400000,OP6:9400000,57,leading,,57,0.7625,1.0,0.0,1.0,1,1,0,0,0,0,0.0632564052939415,0.06340421736240387,1.0,0.3435302972793579,0.0,1.0,0.06340421736240387,0.0,1,0.42599359154701233,1.0,1.0,1.0,0.0,0.4090002179145813,2,2,0.36258937418460846,1.0
3200001,OP6,9400000,OP6:9400000,58,leading,,58,0.7583333333333333,2.0,0.0,2.0,0,1,0,0,0,0,0.07586326450109482,0.10816310346126556,0.0,nan,0.0,0.0,nan,0.0,1,nan,1.0,1.0,1.0,0.0,0.39589613676071167,2,2,nan,nan
3200001,OP6,9400000,OP6:9400000,59,leading,,59,0.7541666666666667,2.0,0.0,2.0,0,1,0,0,0,0,0.048717547208070755,0.16817262768745422,0.0,nan,0.0,0.0,nan,0.0,1,nan,1.0,1.0,1.0,0.0,0.38702672719955444,2,2,nan,nan
3200001,OP6,9400000,OP6:9400000,60,leading,,60,0.75,2.0,0.0,2.0,0,1,0,0,0,0,0.04525284841656685,0.17005375027656555,0.0,nan,0.0,0.0,nan,0.0,1,nan,1.0,1.0,1.0,0.0,0.3928442597389221,2,2,nan,nan
3200001,OP6,9400000,OP6:9400000,61,leading,,61,0.7458333333333333,2.0,0.0,2.0,0,1,0,0,0,0,0.08471369743347168,0.17456097900867462,0.0,nan,0.0,0.0,nan,0.0,1,nan,1.0,1.0,1.0,0.0,0.4071638584136963,2,2,nan,nan
3200001,OP6,9400000,OP6:9400000,62,leading,,62,0.7416666666666667,2.0,0.0,2.0,0,1,0,0,0,0,0.12417455017566681,0.1881335824728012,0.0,nan,0.0,0.0,nan,0.0,1,nan,1.0,1.0,1.0,0.0,0.42921677231788635,2,2,nan,nan
3200001,OP6,9400000,OP6:9400000,63,leading,capture_conceded|lost_after_leading,63,0.7375,2.0,0.0,2.0,0,1,0,0,0,0,0.16363529860973358,0.20901286602020264,0.0,nan,0.0,0.0,nan,0.0,1,nan,1.0,1.0,1.0,0.0,0.4455792307853699,2,2,nan,nan
3200001,OP6,9400000,OP6:9400000,64,leading,,64,0.7333333333333334,2.0,1.0,1.0,0,0,0,0,0,0,0.142120361328125,0.18393994867801666,0.0,nan,0.0,0.0,nan,0.0,1,nan,1.0,0.0,0.0,0.6733325719833374,0.24950751662254333,2,2,nan,nan
3200001,OP6,9400000,OP6:9400000,65,leading,,65,0.7291666666666667,2.0,1.0,1.0,0,0,0,0,0,1,0.1196955218911171,0.15763230621814728,0.0,nan,0.0,0.0,nan,0.0,1,nan,1.0,0.0,0.0,0.6535505056381226,0.2986147999763489,2,2,nan,nan
3200001,OP6,9400000,OP6:9400000,66,leading,,66,0.725,2.0,1.0,1.0,0,0,0,0,0,1,0.09727068245410919,0.1314193308353424,0.0,nan,0.0,0.0,nan,0.0,2,nan,1.0,0.0,0.0,0.6008368730545044,0.3493095636367798,2,2,nan,nan
3200001,OP6,9400000,OP6:9400000,67,leading,,67,0.7208333333333333,2.0,1.0,1.0,0,0,1,0,0,2,0.07484583556652069,0.10537167638540268,0.0,nan,0.0,0.0,nan,0.0,1,nan,1.0,0.0,0.0,0.5542793869972229,0.40099024772644043,2,2,nan,nan
3200001,OP6,9400000,OP6:9400000,68,leading,,68,0.7166666666666667,2.0,1.0,1.0,0,0,1,0,0,1,0.0862884521484375,0.09983906149864197,0.0,nan,0.0,0.0,nan,0.0,1,nan,1.0,0.0,0.0,0.5091820955276489,0.3949257433414459,2,2,nan,nan
3200001,OP6,9400000,OP6:9400000,69,leading,,69,0.7125,2.0,1.0,1.0,0,0,1,0,0,0,0.1196536049246788,0.1250450313091278,0.0,nan,0.0,0.0,nan,0.0,1,nan,1.0,0.0,0.0,0.4659689962863922,0.3630918264389038,2,2,nan,nan
3200001,OP6,9400000,OP6:9400000,70,leading,,70,0.7083333333333333,2.0,1.0,1.0,0,0,1,0,0,0,0.1530187577009201,0.1546529084444046,0.0,nan,0.0,0.0,nan,0.0,1,nan,1.0,0.0,0.0,0.42521506547927856,0.3321406841278076,2,2,nan,nan
3200001,OP6,9400000,OP6:9400000,71,leading,,71,0.7041666666666666,2.0,1.0,1.0,0,0,1,0,0,0,0.186383917927742,0.18657872080802917,0.0,nan,0.0,0.0,nan,0.0,1,nan,1.0,0.0,0.0,0.38769644498825073,0.27769070863723755,2,2,nan,nan
3200001,OP6,9400000,OP6:9400000,72,leading,,72,0.7,2.0,1.0,1.0,0,0,1,0,0,0,0.2278122901916504,0.24054431915283203,0.0,nan,0.0,0.0,nan,0.0,1,nan,1.0,0.0,0.0,0.3337520956993103,0.2232407033443451,2,2,nan,nan
3200001,OP6,9400000,OP6:9400000,73,leading,,73,0.6958333333333333,2.0,1.0,1.0,0,0,1,0,0,0,0.18311798572540283,0.24547939002513885,0.0,nan,0.0,0.0,nan,0.0,1,nan,1.0,0.0,0.0,0.2798077166080475,0.16879071295261383,2,2,nan,nan
3200001,OP6,9400000,OP6:9400000,74,leading,,74,0.6916666666666667,2.0,1.0,1.0,0,0,1,0,0,0,0.159164160490036,0.3118171989917755,0.0,nan,0.0,0.0,nan,0.0,1,nan,1.0,0.0,0.0,0.22586333751678467,0.11434072256088257,2,2,nan,nan
3200001,OP6,9400000,OP6:9400000,75,leading,,75,0.6875,2.0,1.0,1.0,0,0,0,0,0,1,0.13521024584770203,0.39654770493507385,0.0,nan,0.0,0.0,nan,0.0,1,nan,1.0,0.0,0.0,0.17191894352436066,0.059890709817409515,2,2,nan,nan
3200001,OP6,9400000,OP6:9400000,76,leading,,76,0.6833333333333333,2.0,1.0,1.0,0,0,0,1,1,1,0.05998122692108154,0.4306630492210388,0.0,nan,0.0,0.0,nan,0.0,1,nan,1.0,0.0,0.0,0.11797455698251724,0.0760178416967392,2,2,nan,nan
3200001,OP6,9400000,OP6:9400000,77,leading,,77,0.6791666666666667,2.0,1.0,1.0,0,0,0,1,1,1,0.029283666983246803,0.42420434951782227,0.0,nan,0.0,0.0,nan,0.0,1,nan,1.0,0.0,0.0,0.12308229506015778,0.12563897669315338,2,2,nan,nan
3200001,OP6,9400000,OP6:9400000,78,leading,,78,0.675,2.0,1.0,1.0,0,0,0,1,1,1,0.013546228408813477,0.41949039697647095,0.0,nan,0.0,0.0,nan,0.0,1,nan,1.0,0.0,0.0,0.17675133049488068,0.173335000872612,2,2,nan,nan
3200001,OP6,9400000,OP6:9400000,79,leading,,79,0.6708333333333334,2.0,1.0,1.0,0,0,0,1,1,1,0.002191209699958563,0.4153565764427185,0.0,nan,0.0,0.0,nan,0.0,1,nan,1.0,1.0,0.0,0.15554794669151306,0.2241305559873581,2,2,nan,nan
3200001,OP6,9400000,OP6:9400000,80,leading,,80,0.6666666666666667,2.0,1.0,1.0,0,0,0,1,1,1,0.05134553834795952,0.3608042597770691,0.0,nan,0.0,0.0,nan,0.0,1,nan,1.0,1.0,0.0,0.10160354524850845,0.27632153034210205,2,2,nan,nan
3200001,OP6,9400000,OP6:9400000,81,leading,,81,0.6625,2.0,1.0,1.0,0,1,0,1,1,1,0.12405085563659668,0.33139467239379883,0.0,nan,0.0,0.0,nan,0.0,1,nan,1.0,1.0,1.0,0.0,0.28506162762641907,2,2,nan,nan
3200001,OP6,9400000,OP6:9400000,82,leading,,82,0.6583333333333333,2.0,1.0,1.0,0,1,0,1,1,1,0.17039760947227478,0.30207112431526184,0.0,nan,0.0,0.0,nan,0.0,1,nan,1.0,1.0,1.0,0.0,0.31361326575279236,2,2,nan,nan
3200001,OP6,9400000,OP6:9400000,83,leading,,83,0.6541666666666667,2.0,1.0,1.0,0,1,0,1,1,2,0.21674437820911407,0.2892530560493469,0.0,nan,0.0,0.0,nan,0.0,1,nan,1.0,1.0,1.0,0.0,0.3140433728694916,2,2,nan,nan
3200001,OP6,9400000,OP6:9400000,84,leading,,84,0.65,2.0,1.0,1.0,0,1,0,1,1,2,0.26322999596595764,0.2965984642505646,0.0,nan,0.0,0.0,nan,0.0,1,nan,1.0,1.0,1.0,0.0,0.31418877840042114,2,2,nan,nan
3200001,OP6,9400000,OP6:9400000,85,leading,,85,0.6458333333333333,2.0,1.0,1.0,0,1,0,1,1,2,0.3097156584262848,0.32033830881118774,0.0,nan,0.0,0.0,nan,0.0,1,nan,1.0,1.0,1.0,0.0,0.31406816840171814,2,2,nan,nan
3200001,OP6,9400000,OP6:9400000,86,leading,,86,0.6416666666666666,2.0,1.0,1.0,0,1,0,1,1,2,0.35620126128196716,0.35721877217292786,0.0,nan,0.0,0.0,nan,0.0,1,nan,1.0,1.0,1.0,0.0,0.3137000501155853,2,2,nan,nan
3200001,OP6,9400000,OP6:9400000,87,leading,,87,0.6375,2.0,1.0,1.0,0,1,0,0,1,2,0.4166133403778076,0.416674941778183,0.0,nan,0.0,0.0,nan,0.0,1,nan,1.0,1.0,1.0,0.0,0.2958231568336487,2,2,nan,nan
3200001,OP6,9400000,OP6:9400000,88,leading,,88,0.6333333333333333,2.0,1.0,1.0,0,1,1,0,1,2,0.4117664694786072,0.41181421279907227,0.0,nan,0.0,0.0,nan,0.0,1,nan,1.0,1.0,1.0,0.0,0.29417088627815247,2,2,nan,nan
3200001,OP6,9400000,OP6:9400000,89,leading,,89,0.6291666666666667,2.0,1.0,1.0,0,1,1,0,1,2,0.3049636781215668,0.305259644985199,0.0,nan,0.0,0.0,nan,0.0,1,nan,1.0,1.0,1.0,0.0,0.2276138812303543,2,2,nan,nan
3200001,OP6,9400000,OP6:9400000,90,leading,,90,0.625,2.0,1.0,1.0,0,1,1,0,1,2,0.2510441839694977,0.26306480169296265,0.0,nan,0.0,0.0,nan,0.0,1,nan,1.0,1.0,1.0,0.0,0.1287851482629776,2,2,nan,nan
3200001,OP6,9400000,OP6:9400000,91,leading,,91,0.6208333333333333,2.0,1.0,1.0,0,1,1,0,1,2,0.22265414893627167,0.25848478078842163,0.0,nan,0.0,0.0,nan,0.0,1,nan,1.0,1.0,1.0,0.0,0.1327897608280182,2,2,nan,nan
3200001,OP6,9400000,OP6:9400000,92,leading,,92,0.6166666666666667,2.0,1.0,1.0,0,1,1,0,1,2,0.22812381386756897,0.33113110065460205,0.0,nan,0.0,0.0,nan,0.0,1,nan,1.0,1.0,1.0,0.0,0.1589898020029068,2,2,nan,nan
3200001,OP6,9400000,OP6:9400000,93,leading,,93,0.6125,2.0,1.0,1.0,0,1,1,0,1,2,0.2701278626918793,0.426805317401886,0.0,nan,0.0,0.0,nan,0.0,1,nan,1.0,1.0,1.0,0.0,0.20084980130195618,2,2,nan,nan
3200001,OP6,9400000,OP6:9400000,94,leading,,94,0.6083333333333334,2.0,1.0,1.0,0,1,1,0,1,2,0.30643749237060547,0.5165671706199646,0.0,nan,0.0,0.0,nan,0.0,1,nan,1.0,1.0,1.0,0.0,0.21490223705768585,2,2,nan,nan
3200001,OP6,9400000,OP6:9400000,95,leading,,95,0.6041666666666667,2.0,1.0,1.0,0,1,1,0,1,1,0.286329984664917,0.5728935599327087,0.0,nan,0.0,0.0,nan,0.0,1,nan,1.0,1.0,1.0,0.0,0.20456433296203613,2,2,nan,nan
3200001,OP6,9400000,OP6:9400000,96,leading,,96,0.6,2.0,1.0,1.0,0,1,1,0,1,1,0.2351790964603424,0.5848522782325745,0.0,nan,0.0,0.0,nan,0.0,1,nan,1.0,1.0,1.0,0.0,0.15950532257556915,2,2,nan,nan
3200001,OP6,9400000,OP6:9400000,97,leading,,97,0.5958333333333333,2.0,1.0,1.0,0,1,1,0,0,1,0.18495288491249084,0.6010380983352661,0.0,nan,0.0,0.0,nan,0.0,1,nan,1.0,1.0,1.0,0.0,0.1388012319803238,2,2,nan,nan
3200001,OP6,9400000,OP6:9400000,98,leading,,98,0.5916666666666667,2.0,1.0,1.0,0,1,1,0,0,1,0.13472667336463928,0.6230049729347229,0.0,nan,0.0,0.0,nan,0.0,1,nan,1.0,1.0,1.0,0.0,0.13897259533405304,2,2,nan,nan
3200001,OP6,9400000,OP6:9400000,99,leading,capture_conceded|lost_after_leading,99,0.5875,2.0,1.0,1.0,0,1,1,0,0,1,0.08450045436620712,0.6501671075820923,0.0,nan,0.0,0.0,nan,0.0,1,nan,1.0,1.0,1.0,0.0,0.13201698660850525,2,2,nan,nan
3200001,OP6,9400000,OP6:9400000,100,tied,,100,0.5833333333333333,2.0,2.0,0.0,0,0,1,0,0,1,0.03807678073644638,0.6834396123886108,0.0,nan,0.0,0.0,nan,0.0,0,nan,0.0,0.0,0.0,0.7327097058296204,0.08162052184343338,2,2,nan,nan
3200001,OP6,9400000,OP6:9400000,101,tied,,101,0.5791666666666666,2.0,2.0,0.0,0,0,1,0,0,1,0.08943462371826172,0.6395997405052185,0.0,nan,0.0,0.0,nan,0.0,0,nan,0.0,0.0,0.0,0.7021626830101013,0.09259200096130371,2,2,nan,nan
3200001,OP6,9400000,OP6:9400000,102,tied,,102,0.575,2.0,2.0,0.0,0,0,1,0,0,1,0.09830174595117569,0.5348724126815796,0.0,nan,0.0,0.0,nan,0.0,0,nan,0.0,0.0,0.0,0.6745527982711792,0.144497811794281,2,2,nan,nan
3200001,OP6,9400000,OP6:9400000,103,tied,,103,0.5708333333333333,2.0,2.0,0.0,0,0,1,0,0,1,0.09322500228881836,0.4033711850643158,0.0,nan,0.0,0.0,nan,0.0,0,nan,0.0,0.0,0.0,0.6502541303634644,0.1927424669265747,2,2,nan,nan
3200001,OP6,9400000,OP6:9400000,104,tied,,104,0.5666666666666667,2.0,2.0,0.0,0,0,1,0,0,1,0.05892348289489746,0.2992163300514221,0.0,nan,0.0,0.0,nan,0.0,0,nan,0.0,0.0,0.0,0.6134765148162842,0.230023592710495,2,2,nan,nan
3200001,OP6,9400000,OP6:9400000,105,tied,,105,0.5625,2.0,2.0,0.0,0,0,1,0,0,1,0.024621963500976562,0.1958179771900177,0.0,nan,0.0,0.0,nan,0.0,0,nan,0.0,0.0,0.0,0.567096471786499,0.2731330692768097,2,2,nan,nan
3200001,OP6,9400000,OP6:9400000,106,tied,,106,0.5583333333333333,2.0,2.0,0.0,0,0,1,0,0,1,0.009679555892944336,0.0956614762544632,0.0,nan,0.0,0.0,nan,0.0,0,nan,0.0,0.0,0.0,0.5221717357635498,0.31972187757492065,2,2,nan,nan
3200001,OP6,9400000,OP6:9400000,107,tied,,107,0.5541666666666667,2.0,2.0,0.0,0,0,1,0,0,0,0.043981172144412994,0.04415576905012131,0.0,nan,0.0,0.0,nan,0.0,0,nan,0.0,0.0,0.0,0.479111909866333,0.35931941866874695,2,2,nan,nan
3200001,OP6,9400000,OP6:9400000,108,tied,,108,0.55,2.0,2.0,0.0,0,0,1,0,0,1,0.03816575929522514,0.11828766763210297,0.0,nan,0.0,0.0,nan,0.0,0,nan,0.0,0.0,0.0,0.43846672773361206,0.3048694133758545,2,2,nan,nan
3200001,OP6,9400000,OP6:9400000,109,tied,,109,0.5458333333333334,2.0,2.0,0.0,0,0,1,0,0,1,0.03235025331377983,0.22236566245555878,0.0,nan,0.0,0.0,nan,0.0,1,nan,1.0,0.0,0.0,0.40097126364707947,0.2504194378852844,2,2,nan,nan
3200001,OP6,9400000,OP6:9400000,110,tied,,110,0.5416666666666667,2.0,2.0,0.0,0,0,1,0,0,1,0.02653474733233452,0.3291098475456238,0.0,nan,0.0,0.0,nan,0.0,1,nan,1.0,0.0,0.0,0.3675905764102936,0.19596941769123077,2,2,nan,nan
3200001,OP6,9400000,OP6:9400000,111,tied,,111,0.5375,2.0,2.0,0.0,0,0,1,0,0,1,0.020719479769468307,0.43656888604164124,0.0,nan,0.0,0.0,nan,0.0,1,nan,1.0,0.0,0.0,0.3136461675167084,0.14151939749717712,2,2,nan,nan
3200001,OP6,9400000,OP6:9400000,112,tied,,112,0.5333333333333333,2.0,2.0,0.0,0,0,0,0,0,1,0.027739619836211205,0.508184552192688,0.0,nan,0.0,0.0,nan,0.0,1,nan,1.0,0.0,0.0,0.25970178842544556,0.08706939220428467,2,2,nan,nan
3200001,OP6,9400000,OP6:9400000,113,tied,,113,0.5291666666666667,2.0,2.0,0.0,0,0,0,0,0,1,0.0034761428833007812,0.5205221176147461,0.0,nan,0.0,0.0,nan,0.0,1,nan,1.0,0.0,0.0,0.20575737953186035,0.09706749022006989,2,2,nan,nan
3200001,OP6,9400000,OP6:9400000,114,tied,,114,0.525,2.0,2.0,0.0,0,0,0,0,0,1,0.01549687422811985,0.5171154737472534,0.0,nan,0.0,0.0,nan,0.0,1,nan,1.0,0.0,0.0,0.15181298553943634,0.14934906363487244,2,2,nan,nan
3200001,OP6,9400000,OP6:9400000,115,tied,,115,0.5208333333333333,2.0,2.0,0.0,0,0,0,0,0,1,0.020034456625580788,0.5059139728546143,0.0,nan,0.0,0.0,nan,0.0,1,nan,1.0,1.0,0.0,0.09786859154701233,0.20116475224494934,2,2,nan,nan
3200001,OP6,9400000,OP6:9400000,116,tied,,116,0.5166666666666666,2.0,2.0,0.0,1,1,0,0,0,1,0.044477224349975586,0.4818982183933258,1.0,0.6458951234817505,0.0,0.0,0.4818982183933258,1.0,1,0.6881255507469177,1.0,1.0,1.0,0.0,0.22404465079307556,2,2,0.20622733235359192,1.0
3200001,OP6,9400000,OP6:9400000,117,tied,,117,0.5125,2.0,2.0,0.0,1,1,0,0,0,1,0.10101614147424698,0.43420881032943726,1.0,0.6600116491317749,0.0,0.0,0.43420881032943726,1.0,1,0.7184543013572693,1.0,1.0,1.0,0.0,0.3227294385433197,2,2,0.28424549102783203,1.0
3200001,OP6,9400000,OP6:9400000,118,tied,,118,0.5083333333333333,2.0,2.0,0.0,1,1,0,0,0,1,0.10652031749486923,0.3311404585838318,1.0,0.6223276853561401,0.0,0.0,0.3311404585838318,1.0,1,0.6299468278884888,1.0,1.0,1.0,0.0,0.35677286982536316,2,2,0.298806369304657,1.0
3200001,OP6,9400000,OP6:9400000,119,tied,,119,0.5041666666666667,2.0,2.0,0.0,1,1,0,0,0,2,0.10552358627319336,0.23036634922027588,1.0,0.5223279595375061,0.0,0.0,0.23036634922027588,1.0,1,0.5223279595375061,1.0,1.0,1.0,0.0,0.35580164194107056,2,2,0.2919616103172302,1.0
3200001,OP6,9400000,OP6:9400000,120,tied,,120,0.5,2.0,2.0,0.0,1,1,0,0,0,2,0.14851114153862,0.19190827012062073,1.0,0.4149226248264313,0.0,1.0,0.19190827012062073,0.0,1,0.4149226248264313,1.0,1.0,1.0,0.0,0.35617807507514954,2,2,0.22301435470581055,1.0
3200001,OP6,9400000,OP6:9400000,121,tied,,121,0.49583333333333335,2.0,2.0,0.0,1,1,0,0,0,2,0.19149871170520782,0.1952938735485077,1.0,0.30793505907058716,0.0,1.0,0.1952938735485077,0.0,2,0.30793505907058716,1.0,1.0,1.0,0.0,0.30793505907058716,2,2,0.11264118552207947,1.0
3200001,OP6,9400000,OP6:9400000,122,tied,,122,0.4916666666666667,2.0,2.0,0.0,1,1,0,0,0,2,0.23448626697063446,0.2387496680021286,1.0,0.20384375751018524,0.0,0.0,0.2387496680021286,1.0,2,0.20384375751018524,1.0,1.0,1.0,0.0,0.20384375751018524,2,2,-0.03490591049194336,0.0
3200001,OP6,9400000,OP6:9400000,123,tied,,123,0.48750000000000004,2.0,2.0,0.0,1,1,0,0,0,1,0.2774738371372223,0.3056369125843048,1.0,0.13072410225868225,1.0,0.0,0.3056369125843048,1.0,2,0.13072410225868225,1.0,1.0,1.0,0.0,0.13072410225868225,2,2,-0.17491281032562256,0.0
3200001,OP6,9400000,OP6:9400000,124,tied,,124,0.4833333333333333,2.0,2.0,0.0,1,1,0,1,1,1,0.25109827518463135,0.3417106866836548,1.0,0.11442966759204865,1.0,0.0,0.3417106866836548,1.0,1,0.13178403675556183,1.0,1.0,1.0,0.0,0.13178403675556183,2,2,-0.20992664992809296,0.0
3200001,OP6,9400000,OP6:9400000,125,tied,,125,0.47916666666666663,2.0,2.0,0.0,1,1,0,1,1,1,0.19625937938690186,0.3329251706600189,1.0,0.07817088812589645,1.0,0.0,0.3329251706600189,1.0,1,0.1939050406217575,1.0,1.0,1.0,0.0,0.1939050406217575,2,2,-0.1390201300382614,0.0
3200001,OP6,9400000,OP6:9400000,126,tied,,126,0.475,2.0,2.0,0.0,1,1,0,1,1,1,0.1609848290681839,0.3223741352558136,1.0,0.1490711122751236,1.0,0.0,0.3223741352558136,1.0,1,0.27569639682769775,1.0,1.0,1.0,0.0,0.27569639682769775,2,2,-0.046677738428115845,0.0
3200001,OP6,9400000,OP6:9400000,127,tied,,127,0.4708333333333333,2.0,2.0,0.0,1,1,0,1,1,1,0.13061769306659698,0.31485509872436523,1.0,0.24784807860851288,0.0,0.0,0.31485509872436523,1.0,1,0.3569260835647583,1.0,1.0,1.0,0.0,0.30745217204093933,2,2,0.042070984840393066,1.0
3200001,OP6,9400000,OP6:9400000,128,tied,,128,0.4666666666666667,2.0,2.0,0.0,1,1,0,1,1,1,0.10485295951366425,0.30959364771842957,1.0,0.351752907037735,0.0,0.0,0.30959364771842957,1.0,1,0.44234561920166016,1.0,1.0,1.0,0.0,0.2884356379508972,2,2,0.1327519714832306,1.0
3200001,OP6,9400000,OP6:9400000,129,tied,,129,0.4625,2.0,2.0,0.0,1,1,0,1,1,0,0.08323559910058975,0.3059620261192322,1.0,0.457303524017334,0.0,0.0,0.3059620261192322,1.0,1,0.536283552646637,1.0,1.0,1.0,0.0,0.31509634852409363,2,2,0.23032152652740479,1.0
3200001,OP6,9400000,OP6:9400000,130,tied,,130,0.45833333333333337,2.0,2.0,0.0,1,1,0,1,1,0,0.06617812812328339,0.2881415784358978,1.0,0.5476044416427612,0.0,0.0,0.2881415784358978,1.0,1,0.612228274345398,1.0,1.0,1.0,0.0,0.3675355911254883,2,2,0.3240866959095001,1.0
3200001,OP6,9400001,OP6:9400001,0,tied,,0,1.0,0.0,0.0,0.0,0,0,0,0,0,0,0.021309733390808105,0.021603552624583244,0.0,nan,0.0,0.0,nan,0.0,2,nan,1.0,0.0,0.0,0.7202118039131165,0.09153562039136887,2,2,nan,nan
3200001,OP6,9400001,OP6:9400001,1,tied,,1,0.9958333333333333,0.0,0.0,0.0,0,0,0,0,0,0,0.06989681720733643,0.07097313553094864,0.0,nan,0.0,0.0,nan,0.0,2,nan,1.0,0.0,0.0,0.6985310316085815,0.06716112047433853,2,2,nan,nan
3200001,OP6,9400001,OP6:9400001,2,tied,,2,0.9916666666666667,0.0,0.0,0.0,0,0,0,0,0,0,0.06546933948993683,0.06672905385494232,0.0,nan,0.0,0.0,nan,0.0,2,nan,1.0,0.0,0.0,0.6557661294937134,0.09192304313182831,2,2,nan,nan
3200001,OP6,9400001,OP6:9400001,3,tied,,3,0.9875,0.0,0.0,0.0,0,0,0,0,0,0,0.06054992601275444,0.06205010414123535,0.0,nan,0.0,0.0,nan,0.0,2,nan,1.0,0.0,0.0,0.6116870641708374,0.135867178440094,2,2,nan,nan
3200001,OP6,9400001,OP6:9400001,4,tied,,4,0.9833333333333333,0.0,0.0,0.0,0,0,0,0,0,0,0.05563046783208847,0.05741884186863899,0.0,nan,0.0,0.0,nan,0.0,2,nan,1.0,0.0,0.0,0.5688877701759338,0.18547114729881287,2,2,nan,nan
3200001,OP6,9400001,OP6:9400001,5,tied,,5,0.9791666666666666,0.0,0.0,0.0,0,0,0,0,0,0,0.07614283263683319,0.07637558877468109,0.0,nan,0.0,0.0,nan,0.0,2,nan,1.0,0.0,0.0,0.5276796817779541,0.22481751441955566,2,2,nan,nan
3200001,OP6,9400001,OP6:9400001,6,tied,,6,0.975,0.0,0.0,0.0,0,0,0,0,0,0,0.0966552272439003,0.09668264538049698,0.0,nan,0.0,0.0,nan,0.0,2,nan,1.0,0.0,0.0,0.48846572637557983,0.2694733738899231,2,2,nan,nan
3200001,OP6,9400001,OP6:9400001,7,tied,,7,0.9708333333333333,0.0,0.0,0.0,0,0,0,0,0,0,0.11716761440038681,0.11764280498027802,0.0,nan,0.0,0.0,nan,0.0,2,nan,1.0,0.0,0.0,0.4517654776573181,0.31720420718193054,2,2,nan,nan
3200001,OP6,9400001,OP6:9400001,8,tied,,8,0.9666666666666667,0.0,0.0,0.0,0,0,0,0,0,0,0.13768000900745392,0.1389608532190323,0.0,nan,0.0,0.0,nan,0.0,2,nan,1.0,0.0,0.0,0.4182412624359131,0.3668115437030792,2,2,nan,nan
3200001,OP6,9400001,OP6:9400001,9,tied,,9,0.9625,0.0,0.0,0.0,0,0,0,0,0,2,0.1183021068572998,0.11979194730520248,0.0,nan,0.0,0.0,nan,0.0,2,nan,1.0,0.0,0.0,0.38871556520462036,0.41797953844070435,2,2,nan,nan
3200001,OP6,9400001,OP6:9400001,10,tied,,10,0.9583333333333334,0.0,0.0,0.0,0,0,0,0,0,2,0.09892425686120987,0.10070313513278961,0.0,nan,0.0,0.0,nan,0.0,2,nan,1.0,1.0,0.0,0.3370417654514313,0.46988576650619507,2,2,nan,nan
3200001,OP6,9400001,OP6:9400001,11,tied,,11,0.9541666666666667,0.0,0.0,0.0,0,0,0,0,0,2,0.07954635471105576,0.08175037801265717,0.0,nan,0.0,0.0,nan,0.0,2,nan,1.0,1.0,0.0,0.2853679656982422,0.5223103165626526,2,2,nan,nan
3200001,OP6,9400001,OP6:9400001,12,tied,,12,0.95,0.0,0.0,0.0,0,0,0,0,0,2,0.06016845628619194,0.06305660307407379,0.0,nan,0.0,0.0,nan,0.0,2,nan,1.0,1.0,0.0,0.2336941510438919,0.5751112699508667,2,2,nan,nan
3200001,OP6,9400001,OP6:9400001,13,tied,,13,0.9458333333333333,0.0,0.0,0.0,0,0,0,0,0,2,0.040790557861328125,0.044946108013391495,0.0,nan,0.0,0.0,nan,0.0,2,nan,1.0,1.0,0.0,0.18202033638954163,0.6281939148902893,2,2,nan,nan
3200001,OP6,9400001,OP6:9400001,14,tied,,14,0.9416666666666667,0.0,0.0,0.0,1,0,0,0,0,2,0.05891122668981552,0.07855124771595001,1.0,0.6406700611114502,0.0,1.0,0.07855124771595001,0.0,2,0.6406700611114502,1.0,1.0,0.0,0.13034652173519135,0.6655733585357666,2,2,0.5621188133955002,1.0
3200001,OP6,9400001,OP6:9400001,15,tied,,15,0.9375,0.0,0.0,0.0,1,0,0,0,0,2,0.06766839325428009,0.08427148312330246,1.0,0.673439621925354,0.0,1.0,0.08427148312330246,0.0,2,0.673439621925354,1.0,1.0,0.0,0.07867269217967987,0.678557276725769,2,2,0.5891681388020515,1.0
3200001,OP6,9400001,OP6:9400001,16,tied,,16,0.9333333333333333,0.0,0.0,0.0,1,1,0,0,0,2,0.05765862390398979,0.0750647634267807,1.0,0.6267175674438477,0.0,1.0,0.0750647634267807,0.0,2,0.6267175674438477,1.0,1.0,1.0,0.0,0.6555014848709106,2,2,0.551652804017067,1.0
3200001,OP6,9400001,OP6:9400001,17,tied,,17,0.9291666666666667,0.0,0.0,0.0,1,1,0,0,0,2,0.0024536610580980778,0.12096891552209854,1.0,0.5753277540206909,0.0,1.0,0.12096891552209854,0.0,2,0.5753277540206909,1.0,1.0,1.0,0.0,0.5760401487350464,2,2,0.4543588384985924,1.0
3200001,OP6,9400001,OP6:9400001,18,tied,,18,0.925,0.0,0.0,0.0,1,1,0,0,0,2,0.05275130271911621,0.20087377727031708,1.0,0.47008126974105835,0.0,1.0,0.20087377727031708,0.0,2,0.47008126974105835,1.0,1.0,1.0,0.0,0.47008126974105835,2,2,0.26920749247074127,1.0
3200001,OP6,9400001,OP6:9400001,19,tied,,19,0.9208333333333334,0.0,0.0,0.0,1,1,0,0,0,2,0.10795626789331436,0.28772395849227905,1.0,0.36414361000061035,0.0,0.0,0.28772395849227905,1.0,2,0.36414361000061035,1.0,1.0,1.0,0.0,0.36414361000061035,2,2,0.0764196515083313,1.0
3200001,OP6,9400001,OP6:9400001,20,tied,,20,0.9166666666666666,0.0,0.0,0.0,1,1,0,0,0,2,0.1631612330675125,0.3767464756965637,1.0,0.2581276595592499,0.0,0.0,0.3767464756965637,1.0,2,0.2581276595592499,1.0,1.0,1.0,0.0,0.2581276595592499,2,2,-0.11861881613731384,0.0
3200001,OP6,9400001,OP6:9400001,21,tied,,21,0.9125,0.0,0.0,0.0,1,1,0,0,0,2,0.19169703125953674,0.3949112296104431,1.0,0.15536440908908844,1.0,0.0,0.3949112296104431,1.0,2,0.15536440908908844,1.0,1.0,1.0,0.0,0.15536440908908844,2,2,-0.23954682052135468,0.0
3200001,OP6,9400001,OP6:9400001,22,tied,,22,0.9083333333333333,0.0,0.0,0.0,1,0,0,1,1,1,0.1692884862422943,0.3905569314956665,1.0,0.08204758167266846,1.0,0.0,0.3905569314956665,1.0,1,0.1447540521621704,1.0,1.0,0.0,0.2054160088300705,0.3492523431777954,2,2,-0.2458028793334961,0.0
3200001,OP6,9400001,OP6:9400001,23,tied,,23,0.9041666666666667,0.0,0.0,0.0,1,0,0,1,1,1,0.14970937371253967,0.3872976303100586,1.0,0.05810633301734924,1.0,0.0,0.3872976303100586,1.0,1,0.10034505277872086,1.0,1.0,0.0,0.22550754249095917,0.29480236768722534,2,2,-0.28695257753133774,0.0
3200001,OP6,9400001,OP6:9400001,24,tied,,24,0.9,0.0,0.0,0.0,1,0,0,1,1,1,0.13268427550792694,0.3848709762096405,1.0,0.1098514050245285,1.0,0.0,0.3848709762096405,1.0,1,0.1098514050245285,1.0,1.0,0.0,0.18895725905895233,0.24035236239433289,2,2,-0.275019571185112,0.0
3200001,OP6,9400001,OP6:9400001,25,tied,,25,0.8958333333333334,0.0,0.0,0.0,1,0,0,1,1,1,0.18407583236694336,0.4301072955131531,1.0,0.08752477169036865,1.0,0.0,0.4301072955131531,1.0,1,0.08752477169036865,1.0,0.0,0.0,0.13728345930576324,0.18590235710144043,2,2,-0.3425825238227844,0.0
3200001,OP6,9400001,OP6:9400001,26,tied,,26,0.8916666666666666,0.0,0.0,0.0,1,0,0,1,1,1,0.24192853271961212,0.5119851231575012,1.0,0.06661202758550644,1.0,0.0,0.5119851231575012,1.0,1,0.06661202758550644,1.0,0.0,0.0,0.08560965210199356,0.13145235180854797,2,2,-0.4453730955719948,0.0
3200001,OP6,9400001,OP6:9400001,27,tied,,27,0.8875,0.0,0.0,0.0,1,1,0,1,1,1,0.29978126287460327,0.5947855710983276,1.0,0.04393982142210007,1.0,0.0,0.5947855710983276,1.0,1,0.04393982142210007,1.0,1.0,1.0,0.0,0.04393982142210007,2,2,-0.5508457496762276,0.0
3200001,OP6,9400001,OP6:9400001,28,tied,,28,0.8833333333333333,0.0,0.0,0.0,1,1,0,1,1,1,0.35670891404151917,0.6670979261398315,1.0,0.06407833844423294,1.0,0.0,0.6670979261398315,1.0,1,0.06407833844423294,1.0,1.0,1.0,0.0,0.06407833844423294,2,2,-0.6030195876955986,0.0
3200001,OP6,9400001,OP6:9400001,29,leading,,29,0.8791666666666667,1.0,0.0,1.0,0,1,0,1,1,1,0.35636529326438904,0.7300699949264526,0.0,nan,0.0,0.0,nan,0.0,1,nan,1.0,1.0,1.0,0.0,0.09743467718362808,2,2,nan,nan
3200001,OP6,9400001,OP6:9400001,30,leading,,30,0.875,1.0,0.0,1.0,0,1,0,0,1,1,0.275093138217926,0.7299302220344543,0.0,nan,0.0,0.0,nan,0.0,2,nan,1.0,1.0,1.0,0.0,0.1301463544368744,2,2,nan,nan
3200001,OP6,9400001,OP6:9400001,31,leading,,31,0.8708333333333333,1.0,0.0,1.0,0,1,0,0,1,1,0.16841058433055878,0.6769387125968933,0.0,nan,0.0,0.0,nan,0.0,2,nan,1.0,1.0,1.0,0.0,0.13030600547790527,2,2,nan,nan
3200001,OP6,9400001,OP6:9400001,32,leading,,32,0.8666666666666667,1.0,0.0,1.0,0,1,0,0,1,1,0.09828563034534454,0.6052291393280029,0.0,nan,0.0,0.0,nan,0.0,2,nan,1.0,1.0,1.0,0.0,0.13732720911502838,2,2,nan,nan
3200001,OP6,9400001,OP6:9400001,33,leading,,33,0.8625,1.0,0.0,1.0,0,1,0,0,1,1,0.028160667046904564,0.5394707918167114,0.0,nan,0.0,0.0,nan,0.0,2,nan,1.0,1.0,1.0,0.0,0.1458466500043869,2,2,nan,nan
3200001,OP6,9400001,OP6:9400001,34,leading,,34,0.8583333333333334,1.0,0.0,1.0,0,1,0,0,1,1,0.04196429252624512,0.48210516571998596,0.0,nan,0.0,0.0,nan,0.0,2,nan,1.0,1.0,1.0,0.0,0.1532839834690094,2,2,nan,nan
3200001,OP6,9400001,OP6:9400001,35,leading,,35,0.8541666666666666,1.0,0.0,1.0,0,1,0,0,1,1,0.08455552905797958,0.42903241515159607,0.0,nan,0.0,0.0,nan,0.0,2,nan,1.0,1.0,1.0,0.0,0.18429242074489594,2,2,nan,nan
3200001,OP6,9400001,OP6:9400001,36,leading,,36,0.85,1.0,0.0,1.0,0,1,0,0,1,1,0.0870288833975792,0.4289449155330658,0.0,nan,0.0,0.0,nan,0.0,2,nan,1.0,1.0,1.0,0.0,0.20765653252601624,2,2,nan,nan
3200001,OP6,9400001,OP6:9400001,37,leading,,37,0.8458333333333333,1.0,0.0,1.0,1,1,0,0,1,1,0.08589906990528107,0.4148268699645996,1.0,0.35821428894996643,0.0,0.0,0.4148268699645996,1.0,2,0.35821428894996643,1.0,1.0,1.0,0.0,0.2225339710712433,2,2,-0.05661258101463318,0.0
3200001,OP6,9400001,OP6:9400001,38,leading,,38,0.8416666666666667,1.0,0.0,1.0,1,1,0,0,1,1,0.1275811642408371,0.38687068223953247,1.0,0.38610580563545227,0.0,0.0,0.38687068223953247,1.0,2,0.38610580563545227,1.0,1.0,1.0,0.0,0.23010817170143127,2,2,-0.0007648766040802002,0.0
3200001,OP6,9400001,OP6:9400001,39,leading,,39,0.8375,1.0,0.0,1.0,1,1,0,0,1,2,0.12847456336021423,0.29247015714645386,1.0,0.3586810529232025,0.0,0.0,0.29247015714645386,1.0,2,0.3586810529232025,1.0,1.0,1.0,0.0,0.23929035663604736,2,2,0.06621089577674866,1.0
3200001,OP6,9400001,OP6:9400001,40,leading,,40,0.8333333333333334,1.0,0.0,1.0,1,1,0,0,1,2,0.09951315075159073,0.18809112906455994,1.0,0.321188747882843,0.0,1.0,0.18809112906455994,0.0,2,0.321188747882843,1.0,1.0,1.0,0.0,0.2488747090101242,2,2,0.13309761881828308,1.0
3200001,OP6,9400001,OP6:9400001,41,leading,,41,0.8291666666666666,1.0,0.0,1.0,1,1,0,0,1,2,0.0656624287366867,0.08840193599462509,1.0,0.2889375686645508,0.0,1.0,0.08840193599462509,0.0,2,0.2889375686645508,1.0,1.0,1.0,0.0,0.25771063566207886,2,2,0.2005356326699257,1.0
3200001,OP6,9400001,OP6:9400001,42,leading,,42,0.825,1.0,0.0,1.0,1,1,0,0,1,2,0.058565665036439896,0.08689425885677338,1.0,0.2635069191455841,0.0,1.0,0.08689425885677338,0.0,2,0.2635069191455841,1.0,1.0,1.0,0.0,0.25038832426071167,2,2,0.17661266028881073,1.0
3200001,OP6,9400001,OP6:9400001,43,leading,,43,0.8208333333333333,1.0,0.0,1.0,1,1,0,0,0,2,0.01119322795420885,0.094123475253582,1.0,0.2944454550743103,0.0,1.0,0.094123475253582,0.0,2,0.2944454550743103,1.0,1.0,1.0,0.0,0.2810225486755371,2,2,0.2003219798207283,1.0
3200001,OP6,9400001,OP6:9400001,44,leading,,44,0.8166666666666667,1.0,0.0,1.0,1,1,0,0,0,1,0.0019376277923583984,0.09658192098140717,1.0,0.3502810597419739,0.0,1.0,0.09658192098140717,0.0,2,0.3502810597419739,1.0,1.0,1.0,0.0,0.29879114031791687,2,2,0.2536991387605667,1.0
3200001,OP6,9400001,OP6:9400001,45,leading,,45,0.8125,1.0,0.0,1.0,1,1,0,0,0,1,0.007918691262602806,0.09829716384410858,1.0,0.4115335941314697,0.0,1.0,0.09829716384410858,0.0,2,0.4115335941314697,1.0,1.0,1.0,0.0,0.33053719997406006,2,2,0.31323643028736115,1.0
3200001,OP6,9400001,OP6:9400001,46,leading,,46,0.8083333333333333,1.0,0.0,1.0,1,1,0,0,0,0,0.01064310036599636,0.09919489920139313,1.0,0.4626063406467438,0.0,1.0,0.09919489920139313,0.0,2,0.4626063406467438,1.0,1.0,1.0,0.0,0.37234359979629517,2,2,0.36341144144535065,1.0
3200001,OP6,9400001,OP6:9400001,47,leading,capture_conceded|lost_after_leading,47,0.8041666666666667,1.0,0.0,1.0,1,1,0,0,0,0,0.011884117498993874,0.09962724894285202,1.0,0.5176624655723572,0.0,1.0,0.09962724894285202,0.0,2,0.5176624655723572,1.0,1.0,1.0,0.0,0.4218917489051819,2,2,0.41803521662950516,1.0
3200001,OP6,9400001,OP6:9400001,48,tied,,48,0.8,1.0,1.0,0.0,1,0,0,0,0,0,0.012449359521269798,0.09982896596193314,1.0,0.5744149684906006,0.0,1.0,0.09982896596193314,0.0,2,0.5744149684906006,1.0,0.0,0.0,0.7473167181015015,0.17531436681747437,2,2,0.47458600252866745,1.0
3200001,OP6,9400001,OP6:9400001,49,tied,,49,0.7958333333333334,1.0,1.0,0.0,1,0,0,0,0,0,0.012706851586699486,0.0999218225479126,1.0,0.6023092865943909,0.0,1.0,0.0999218225479126,0.0,2,0.6023092865943909,1.0,0.0,0.0,0.7226668000221252,0.1208643764257431,2,2,0.5023874640464783,1.0
3200001,OP6,9400001,OP6:9400001,50,tied,,50,0.7916666666666666,1.0,1.0,0.0,1,0,0,0,0,0,0.012824058532714844,0.09996433556079865,1.0,0.6070412397384644,0.0,1.0,0.09996433556079865,0.0,2,0.6070412397384644,1.0,0.0,0.0,0.6730550527572632,0.06641437858343124,2,2,0.5070769041776657,1.0
3200001,OP6,9400001,OP6:9400001,51,tied,,51,0.7875,1.0,1.0,0.0,1,0,0,0,0,0,0.010514354333281517,0.08169637620449066,1.0,0.6197522282600403,0.0,1.0,0.08169637620449066,0.0,2,0.6197522282600403,1.0,0.0,0.0,0.6495254039764404,0.030251752585172653,2,2,0.5380558520555496,1.0
3200001,OP6,9400001,OP6:9400001,52,leading,,52,0.7833333333333333,2.0,1.0,1.0,0,0,0,0,0,0,0.006917810533195734,0.05368476361036301,0.0,nan,0.0,0.0,nan,0.0,2,nan,1.0,0.0,0.0,0.6208986043930054,0.013779672794044018,2,2,nan,nan
3200001,OP6,9400001,OP6:9400001,53,leading,,53,0.7791666666666667,2.0,1.0,1.0,0,0,0,0,0,0,0.014391422271728516,0.06738661229610443,0.0,nan,0.0,0.0,nan,0.0,2,nan,1.0,0.0,0.0,0.5778071880340576,0.03219936043024063,2,2,nan,nan
3200001,OP6,9400001,OP6:9400001,54,leading,,54,0.775,2.0,1.0,1.0,0,0,0,0,0,0,0.015979671850800514,0.09693839401006699,0.0,nan,0.0,0.0,nan,0.0,2,nan,1.0,0.0,0.0,0.5362346172332764,0.08029230684041977,2,2,nan,nan
3200001,OP6,9400001,OP6:9400001,55,leading,,55,0.7708333333333334,2.0,1.0,1.0,0,0,0,0,0,0,0.03519396856427193,0.10331952571868896,0.0,nan,0.0,0.0,nan,0.0,2,nan,1.0,0.0,0.0,0.49656257033348083,0.11175664514303207,2,2,nan,nan
3200001,OP6,9400001,OP6:9400001,56,leading,,56,0.7666666666666666,2.0,1.0,1.0,0,0,0,0,0,0,0.05440826341509819,0.11267586797475815,0.0,nan,0.0,0.0,nan,0.0,2,nan,1.0,0.0,0.0,0.4592837691307068,0.1564028263092041,2,2,nan,nan
3200001,OP6,9400001,OP6:9400001,57,leading,,57,0.7625,2.0,1.0,1.0,0,0,0,0,0,0,0.05069093778729439,0.1113712415099144,0.0,nan,0.0,0.0,nan,0.0,2,nan,1.0,0.0,0.0,0.42502838373184204,0.19407126307487488,2,2,nan,nan
3200001,OP6,9400001,OP6:9400001,58,leading,,58,0.7583333333333333,2.0,1.0,1.0,0,0,0,0,0,0,0.04697360843420029,0.11017890274524689,0.0,nan,0.0,0.0,nan,0.0,2,nan,1.0,0.0,0.0,0.39458465576171875,0.23831717669963837,2,2,nan,nan
3200001,OP6,9400001,OP6:9400001,59,leading,,59,0.7541666666666667,2.0,1.0,1.0,0,0,0,0,0,0,0.043256282806396484,0.1091025099158287,0.0,nan,0.0,0.0,nan,0.0,2,nan,1.0,0.0,0.0,0.34291085600852966,0.28610503673553467,2,2,nan,nan
3200001,OP6,9400001,OP6:9400001,60,leading,,60,0.75,2.0,1.0,1.0,0,0,0,0,0,1,0.03953895717859268,0.10814552009105682,0.0,nan,0.0,0.0,nan,0.0,2,nan,1.0,0.0,0.0,0.2912370562553406,0.33592668175697327,2,2,nan,nan
3200001,OP6,9400001,OP6:9400001,61,leading,,61,0.7458333333333333,2.0,1.0,1.0,0,0,0,0,0,1,0.03582162782549858,0.10731116682291031,0.0,nan,0.0,0.0,nan,0.0,2,nan,1.0,1.0,0.0,0.2395631968975067,0.38699737191200256,2,2,nan,nan
3200001,OP6,9400001,OP6:9400001,62,leading,,62,0.7416666666666667,2.0,1.0,1.0,0,0,0,0,0,2,0.0321042537689209,0.1066022738814354,0.0,nan,0.0,0.0,nan,0.0,2,nan,1.0,1.0,0.0,0.18788941204547882,0.4388813078403473,2,2,nan,nan
3200001,OP6,9400001,OP6:9400001,63,leading,,63,0.7375,2.0,1.0,1.0,0,0,0,0,0,2,0.028386879712343216,0.10602140426635742,0.0,nan,0.0,0.0,nan,0.0,2,nan,1.0,1.0,0.0,0.13621559739112854,0.491320937871933,2,2,nan,nan
3200001,OP6,9400001,OP6:9400001,64,leading,,64,0.7333333333333334,2.0,1.0,1.0,0,0,0,0,0,2,0.024669503793120384,0.10557065159082413,0.0,nan,0.0,0.0,nan,0.0,2,nan,1.0,1.0,0.0,0.08454178273677826,0.5441555976867676,2,2,nan,nan
3200001,OP6,9400001,OP6:9400001,65,leading,,65,0.7291666666666667,2.0,1.0,1.0,1,1,0,0,0,2,0.08226165920495987,0.1636391580104828,1.0,0.5521620512008667,0.0,1.0,0.1636391580104828,0.0,2,0.5521620512008667,1.0,1.0,1.0,0.0,0.5455300211906433,2,2,0.3885228931903839,1.0
3200001,OP6,9400001,OP6:9400001,66,leading,,66,0.725,2.0,1.0,1.0,1,1,0,0,0,2,0.19055505096912384,0.23325908184051514,1.0,0.6266945004463196,0.0,0.0,0.23325908184051514,1.0,2,0.6266945004463196,1.0,1.0,1.0,0.0,0.532082200050354,2,2,0.39343541860580444,1.0
3200001,OP6,9400001,OP6:9400001,67,leading,,67,0.7208333333333333,2.0,1.0,1.0,1,1,0,0,0,2,0.2519557476043701,0.2622002363204956,1.0,0.5502339601516724,0.0,0.0,0.2622002363204956,1.0,2,0.5502339601516724,1.0,1.0,1.0,0.0,0.5068038105964661,2,2,0.28803372383117676,1.0
3200001,OP6,9400001,OP6:9400001,68,leading,,68,0.7166666666666667,2.0,1.0,1.0,1,1,0,0,0,2,0.30102983117103577,0.30120617151260376,1.0,0.4445209503173828,0.0,0.0,0.30120617151260376,1.0,2,0.4445209503173828,1.0,1.0,1.0,0.0,0.4445209503173828,2,2,0.14331477880477905,1.0
3200001,OP6,9400001,OP6:9400001,69,leading,,69,0.7125,2.0,1.0,1.0,1,1,0,0,0,2,0.2946580946445465,0.31064170598983765,1.0,0.3390271067619324,0.0,0.0,0.31064170598983765,1.0,2,0.3390271067619324,1.0,1.0,1.0,0.0,0.3390271067619324,2,2,0.028385400772094727,1.0
3200001,OP6,9400001,OP6:9400001,70,leading,,70,0.7083333333333333,2.0,1.0,1.0,1,1,0,0,0,2,0.2356458604335785,0.2834186553955078,1.0,0.23511162400245667,0.0,0.0,0.2834186553955078,1.0,2,0.23511162400245667,1.0,1.0,1.0,0.0,0.23511162400245667,2,2,-0.04830703139305115,0.0
3200001,OP6,9400001,OP6:9400001,71,leading,,71,0.7041666666666666,2.0,1.0,1.0,1,1,0,0,0,2,0.1855934113264084,0.25956085324287415,1.0,0.15014836192131042,1.0,0.0,0.25956085324287415,1.0,2,0.15014836192131042,1.0,1.0,1.0,0.0,0.15014836192131042,2,2,-0.10941249132156372,0.0
3200001,OP6,9400001,OP6:9400001,72,leading,,72,0.7,2.0,1.0,1.0,1,1,0,0,0,1,0.141879603266716,0.2432861328125,1.0,0.11851461976766586,1.0,0.0,0.2432861328125,1.0,2,0.11851461976766586,1.0,1.0,1.0,0.0,0.11851461976766586,2,2,-0.12477151304483414,0.0
3200001,OP6,9400001,OP6:9400001,73,leading,tagged_while_carrying,73,0.6958333333333333,2.0,1.0,1.0,1,1,0,1,1,1,0.10534496605396271,0.2328340709209442,1.0,0.10557971149682999,1.0,0.0,0.2328340709209442,1.0,1,0.15337662398815155,1.0,1.0,1.0,0.0,0.15337662398815155,2,2,-0.07945744693279266,0.0
3200001,OP6,9400001,OP6:9400001,74,leading,,74,0.6916666666666667,2.0,1.0,1.0,1,1,1,1,1,1,0.07592873275279999,0.226431205868721,1.0,0.1180180087685585,1.0,0.0,0.226431205868721,1.0,0,inf,0.0,1.0,1.0,0.0,0.11818685382604599,2,2,nan,nan
3200001,OP6,9400001,OP6:9400001,75,leading,,75,0.6875,2.0,1.0,1.0,1,1,1,1,1,1,0.05703382566571236,0.24380679428577423,1.0,0.1801135540008545,0.0,0.0,0.24380679428577423,1.0,0,inf,0.0,1.0,1.0,0.0,0.1403234452009201,2,2,nan,nan
3200001,OP6,9400001,OP6:9400001,76,leading,,76,0.6833333333333333,2.0,1.0,1.0,1,1,1,1,1,0,0.031624935567379,0.22011692821979523,1.0,0.2965307831764221,0.0,0.0,0.22011692821979523,1.0,0,inf,0.0,1.0,1.0,0.0,0.22004155814647675,2,2,nan,nan
3200001,OP6,9400001,OP6:9400001,77,leading,,77,0.6791666666666667,2.0,1.0,1.0,1,1,1,1,1,0,0.024300193414092064,0.2190345972776413,1.0,0.3943994641304016,0.0,1.0,0.2190345972776413,0.0,0,inf,0.0,1.0,1.0,0.0,0.2923774719238281,2,2,nan,nan
3200001,OP6,9400001,OP6:9400001,78,leading,,78,0.675,2.0,1.0,1.0,1,1,1,1,1,0,0.01697549782693386,0.21819302439689636,1.0,0.4955601692199707,0.0,1.0,0.21819302439689636,0.0,0,inf,0.0,1.0,1.0,0.0,0.3638824224472046,2,2,nan,nan
3200001,OP7,9400000,OP7:9400000,0,tied,,0,1.0,0.0,0.0,0.0,0,0,0,0,0,0,0.10704054683446884,0.17881479859352112,0.0,nan,0.0,0.0,nan,0.0,2,nan,1.0,0.0,0.0,0.7322870492935181,0.22479590773582458,2,2,nan,nan
3200001,OP7,9400000,OP7:9400000,1,tied,,1,0.9958333333333333,0.0,0.0,0.0,0,0,0,0,0,0,0.12972398102283478,0.18908235430717468,0.0,nan,0.0,0.0,nan,0.0,2,nan,1.0,0.0,0.0,0.7082589864730835,0.22328858077526093,2,2,nan,nan
3200001,OP7,9400000,OP7:9400000,2,tied,,2,0.9916666666666667,0.0,0.0,0.0,0,0,0,0,0,0,0.17973598837852478,0.2168508768081665,0.0,nan,0.0,0.0,nan,0.0,2,nan,1.0,0.0,0.0,0.6603074669837952,0.22159604728221893,2,2,nan,nan
3200001,OP7,9400000,OP7:9400000,3,tied,,3,0.9875,0.0,0.0,0.0,0,0,0,0,0,0,0.23530487716197968,0.256972074508667,0.0,nan,0.0,0.0,nan,0.0,2,nan,1.0,0.0,0.0,0.6077171564102173,0.23216649889945984,2,2,nan,nan
3200001,OP7,9400000,OP7:9400000,4,tied,,4,0.9833333333333333,0.0,0.0,0.0,0,0,0,0,0,0,0.29087376594543457,0.303104043006897,0.0,nan,0.0,0.0,nan,0.0,2,nan,1.0,0.0,0.0,0.5553865432739258,0.2542191445827484,2,2,nan,nan
3200001,OP7,9400000,OP7:9400000,5,tied,,5,0.9791666666666666,0.0,0.0,0.0,0,0,0,0,0,0,0.2685851454734802,0.28397485613822937,0.0,nan,0.0,0.0,nan,0.0,2,nan,1.0,0.0,0.0,0.5033968091011047,0.307150274515152,2,2,nan,nan
3200001,OP7,9400000,OP7:9400000,6,tied,,6,0.975,0.0,0.0,0.0,0,0,0,0,0,0,0.24629659950733185,0.26552310585975647,0.0,nan,0.0,0.0,nan,0.0,2,nan,1.0,0.0,0.0,0.4518655240535736,0.36053401231765747,2,2,nan,nan
3200001,OP7,9400000,OP7:9400000,7,tied,,7,0.9708333333333333,0.0,0.0,0.0,0,0,1,0,0,1,0.2240079939365387,0.24789996445178986,0.0,nan,0.0,0.0,nan,0.0,0,nan,0.0,0.0,0.0,0.40096956491470337,0.3981342613697052,2,2,nan,nan
3200001,OP7,9400000,OP7:9400000,8,tied,,8,0.9666666666666667,0.0,0.0,0.0,0,0,1,0,0,1,0.2513856887817383,0.2585937976837158,0.0,nan,0.0,0.0,nan,0.0,0,nan,0.0,1.0,0.0,0.3509853482246399,0.41559115052223206,2,2,nan,nan
3200001,OP7,9400000,OP7:9400000,9,tied,,9,0.9625,0.0,0.0,0.0,0,0,1,0,0,1,0.2401362955570221,0.2407139241695404,0.0,nan,0.0,0.0,nan,0.0,0,nan,0.0,1.0,0.0,0.3079385459423065,0.38695183396339417,2,2,nan,nan
3200001,OP7,9400000,OP7:9400000,10,tied,,10,0.9583333333333334,0.0,0.0,0.0,0,0,1,0,0,1,0.20736685395240784,0.23862560093402863,0.0,nan,0.0,0.0,nan,0.0,0,nan,0.0,1.0,0.0,0.25408244132995605,0.3325018286705017,2,2,nan,nan
3200001,OP7,9400000,OP7:9400000,11,tied,,11,0.9541666666666667,0.0,0.0,0.0,0,0,1,0,0,1,0.17459741234779358,0.28045564889907837,0.0,nan,0.0,0.0,nan,0.0,0,nan,0.0,0.0,0.0,0.24929627776145935,0.27805185317993164,2,2,nan,nan
3200001,OP7,9400000,OP7:9400000,12,tied,,12,0.95,0.0,0.0,0.0,0,0,1,0,0,1,0.14182797074317932,0.3508315980434418,0.0,nan,0.0,0.0,nan,0.0,0,nan,0.0,0.0,0.0,0.3017899692058563,0.22360184788703918,2,2,nan,nan
3200001,OP7,9400000,OP7:9400000,13,tied,,13,0.9458333333333333,0.0,0.0,0.0,0,0,1,0,0,1,0.10905847698450089,0.4361473023891449,0.0,nan,0.0,0.0,nan,0.0,0,nan,0.0,0.0,0.0,0.3557000756263733,0.16915182769298553,2,2,nan,nan
3200001,OP7,9400000,OP7:9400000,14,tied,,14,0.9416666666666667,0.0,0.0,0.0,0,0,1,0,0,1,0.07628903537988663,0.5292261838912964,0.0,nan,0.0,0.0,nan,0.0,0,nan,0.0,0.0,0.0,0.4092993140220642,0.11470182985067368,2,2,nan,nan
3200001,OP7,9400000,OP7:9400000,15,tied,,15,0.9375,0.0,0.0,0.0,0,0,0,0,0,1,0.04351959377527237,0.6266182661056519,0.0,nan,0.0,0.0,nan,0.0,0,nan,0.0,0.0,0.0,0.46191638708114624,0.06025182455778122,2,2,nan,nan
3200001,OP7,9400000,OP7:9400000,16,tied,,16,0.9333333333333333,0.0,0.0,0.0,1,0,0,0,0,1,0.031173180788755417,0.6619535088539124,1.0,0.12838000059127808,1.0,0.0,0.6619535088539124,1.0,0,inf,0.0,0.0,0.0,0.5134689211845398,0.07627221196889877,2,2,nan,nan
3200001,OP7,9400000,OP7:9400000,17,tied,,17,0.9291666666666667,0.0,0.0,0.0,1,0,0,0,0,1,0.09276928752660751,0.612350583076477,1.0,0.10608285665512085,1.0,0.0,0.612350583076477,1.0,0,inf,0.0,0.0,0.0,0.564445436000824,0.12594486773014069,2,2,nan,nan
3200001,OP7,9400000,OP7:9400000,18,tied,,18,0.925,0.0,0.0,0.0,1,0,0,0,0,1,0.08902110904455185,0.5051040053367615,1.0,0.04966919496655464,1.0,0.0,0.5051040053367615,1.0,0,inf,0.0,0.0,0.0,0.6092208623886108,0.17348025739192963,2,2,nan,nan
3200001,OP7,9400000,OP7:9400000,19,tied,,19,0.9208333333333334,0.0,0.0,0.0,1,0,0,0,0,1,0.09563040733337402,0.39843055605888367,1.0,0.08711966872215271,1.0,0.0,0.39843055605888367,1.0,0,inf,0.0,0.0,0.0,0.619306743144989,0.2217835634946823,2,2,nan,nan
3200001,OP7,9400000,OP7:9400000,20,tied,,20,0.9166666666666666,0.0,0.0,0.0,1,0,0,0,0,1,0.07528786361217499,0.2901355028152466,1.0,0.06898423284292221,1.0,0.0,0.2901355028152466,1.0,0,inf,0.0,0.0,0.0,0.6124923229217529,0.2724153399467468,2,2,nan,nan
3200001,OP7,9400000,OP7:9400000,21,tied,,21,0.9125,0.0,0.0,0.0,1,0,0,0,0,1,0.05494532734155655,0.1820974051952362,1.0,0.06641752272844315,1.0,1.0,0.1820974051952362,0.0,0,inf,0.0,0.0,0.0,0.5601593255996704,0.3242867588996887,2,2,nan,nan
3200001,OP7,9400000,OP7:9400000,22,tied,,22,0.9083333333333333,0.0,0.0,0.0,1,0,0,0,0,1,0.03460273891687393,0.0754285678267479,1.0,0.08273474872112274,1.0,1.0,0.0754285678267479,0.0,0,inf,0.0,0.0,0.0,0.5278211236000061,0.3768862783908844,2,2,nan,nan
3200001,OP7,9400000,OP7:9400000,23,tied,,23,0.9041666666666667,0.0,0.0,0.0,1,0,0,0,0,1,0.06168961524963379,0.06887976825237274,1.0,0.06916764378547668,1.0,1.0,0.06887976825237274,0.0,0,inf,0.0,0.0,0.0,0.45976513624191284,0.3916882574558258,2,2,nan,nan
3200001,OP7,9400000,OP7:9400000,24,tied,,24,0.9,0.0,0.0,0.0,1,0,0,0,0,1,0.08877654373645782,0.1560225784778595,1.0,0.08593229204416275,1.0,1.0,0.1560225784778595,0.0,0,inf,0.0,0.0,0.0,0.42299747467041016,0.33723825216293335,2,2,nan,nan
3200001,OP7,9400000,OP7:9400000,25,tied,,25,0.8958333333333334,0.0,0.0,0.0,1,0,0,1,1,1,0.11586346477270126,0.2539396286010742,1.0,0.09396873414516449,1.0,0.0,0.2539396286010742,1.0,0,inf,0.0,0.0,0.0,0.37672537565231323,0.2827882170677185,2,2,nan,nan
3200001,OP7,9400000,OP7:9400000,26,tied,,26,0.8916666666666666,0.0,0.0,0.0,1,0,0,1,1,1,0.14295034110546112,0.35379552841186523,1.0,0.13745465874671936,1.0,0.0,0.35379552841186523,1.0,0,inf,0.0,0.0,0.0,0.35926133394241333,0.22833821177482605,2,2,nan,nan
3200001,OP7,9400000,OP7:9400000,27,tied,,27,0.8875,0.0,0.0,0.0,1,0,0,1,1,1,0.18437853455543518,0.3959783911705017,1.0,0.14689669013023376,1.0,0.0,0.3959783911705017,1.0,0,inf,0.0,0.0,0.0,0.32078200578689575,0.17388823628425598,2,2,nan,nan
3200001,OP7,9400000,OP7:9400000,28,tied,,28,0.8833333333333333,0.0,0.0,0.0,1,0,0,1,1,1,0.15714558959007263,0.3878587484359741,1.0,0.14740103483200073,1.0,0.0,0.3878587484359741,1.0,1,0.14740103483200073,1.0,0.0,0.0,0.26683831214904785,0.11943823099136353,2,2,-0.2404577136039734,0.0
3200001,OP7,9400000,OP7:9400000,29,tied,,29,0.8791666666666667,0.0,0.0,0.0,1,0,0,1,1,1,0.12943163514137268,0.3815942704677582,1.0,0.1479061245918274,1.0,0.0,0.3815942704677582,1.0,1,0.1479061245918274,1.0,0.0,0.0,0.21289411187171936,0.06498824059963226,2,2,-0.2336881458759308,0.0
3200001,OP7,9400000,OP7:9400000,30,tied,,30,0.875,0.0,0.0,0.0,1,0,0,1,1,0,0.10728917270898819,0.3593365252017975,1.0,0.12934766709804535,1.0,0.0,0.3593365252017975,1.0,1,0.12934766709804535,1.0,0.0,0.0,0.15894973278045654,0.029602130874991417,2,2,-0.22998885810375214,0.0
3200001,OP7,9400000,OP7:9400000,31,leading,,31,0.8708333333333333,1.0,0.0,1.0,0,0,0,1,1,0,0.15428805351257324,0.36842960119247437,0.0,nan,0.0,0.0,nan,0.0,1,nan,1.0,0.0,0.0,0.10500533878803253,0.013483762741088867,2,2,nan,nan
3200001,OP7,9400000,OP7:9400000,32,leading,,32,0.8666666666666667,1.0,0.0,1.0,0,0,0,0,1,0,0.16453194618225098,0.4303814768791199,0.0,nan,0.0,0.0,nan,0.0,2,nan,1.0,0.0,0.0,0.11157847940921783,0.032011978328228,2,2,nan,nan
3200001,OP7,9400000,OP7:9400000,33,leading,,33,0.8625,1.0,0.0,1.0,0,0,0,0,1,1,0.15421967208385468,0.4425131380558014,0.0,nan,0.0,0.0,nan,0.0,2,nan,1.0,0.0,0.0,0.16451196372509003,0.08020129054784775,2,2,nan,nan
3200001,OP7,9400000,OP7:9400000,34,leading,,34,0.8583333333333334,1.0,0.0,1.0,0,0,0,0,1,1,0.20488891005516052,0.4471561312675476,0.0,nan,0.0,0.0,nan,0.0,2,nan,1.0,0.0,0.0,0.21677231788635254,0.09164378046989441,2,2,nan,nan
3200001,OP7,9400000,OP7:9400000,35,leading,,35,0.8541666666666666,1.0,0.0,1.0,0,0,0,0,1,1,0.18375858664512634,0.4298589825630188,0.0,nan,0.0,0.0,nan,0.0,2,nan,1.0,0.0,0.0,0.26928815245628357,0.12764999270439148,2,2,nan,nan
3200001,OP7,9400000,OP7:9400000,36,leading,,36,0.85,1.0,0.0,1.0,0,0,0,0,1,1,0.1507505476474762,0.40257149934768677,0.0,nan,0.0,0.0,nan,0.0,2,nan,1.0,0.0,0.0,0.32321739196777344,0.17567750811576843,2,2,nan,nan
3200001,OP7,9400000,OP7:9400000,37,leading,,37,0.8458333333333333,1.0,0.0,1.0,0,0,1,0,1,1,0.11774258315563202,0.37682557106018066,0.0,nan,0.0,0.0,nan,0.0,1,nan,1.0,0.0,0.0,0.3764134645462036,0.22662799060344696,2,2,nan,nan
3200001,OP7,9400000,OP7:9400000,38,leading,,38,0.8416666666666667,1.0,0.0,1.0,0,0,1,0,1,1,0.07971491664648056,0.28201478719711304,0.0,nan,0.0,0.0,nan,0.0,1,nan,1.0,0.0,0.0,0.4274054169654846,0.27890413999557495,2,2,nan,nan
3200001,OP7,9400000,OP7:9400000,39,leading,,39,0.8375,1.0,0.0,1.0,0,0,1,0,1,1,0.07271828502416611,0.17868180572986603,0.0,nan,0.0,0.0,nan,0.0,1,nan,1.0,0.0,0.0,0.47331124544143677,0.3318800926208496,2,2,nan,nan
3200001,OP7,9400000,OP7:9400000,40,leading,,40,0.8333333333333334,1.0,0.0,1.0,0,0,1,0,1,1,0.06572165340185165,0.08629018813371658,0.0,nan,0.0,0.0,nan,0.0,1,nan,1.0,0.0,0.0,0.49059170484542847,0.3852672576904297,2,2,nan,nan
3200001,OP7,9400000,OP7:9400000,41,leading,,41,0.8291666666666666,1.0,0.0,1.0,0,0,2,0,1,1,0.05872497707605362,0.07803046703338623,0.0,nan,0.0,0.0,nan,0.0,0,nan,0.0,0.0,0.0,0.4820845127105713,0.3964625597000122,2,2,nan,nan
3200001,OP7,9400000,OP7:9400000,42,leading,,42,0.825,1.0,0.0,1.0,0,0,2,0,1,1,0.10105786472558975,0.14632925391197205,0.0,nan,0.0,0.0,nan,0.0,0,nan,0.0,0.0,0.0,0.45523601770401,0.34201258420944214,2,2,nan,nan
3200001,OP7,9400000,OP7:9400000,43,leading,,43,0.8208333333333333,1.0,0.0,1.0,0,0,2,0,1,0,0.09675655514001846,0.14280292391777039,0.0,nan,0.0,0.0,nan,0.0,0,nan,0.0,0.0,0.0,0.44628334045410156,0.2875625789165497,2,2,nan,nan
3200001,OP7,9400000,OP7:9400000,44,leading,,44,0.8166666666666667,1.0,0.0,1.0,0,0,2,0,1,0,0.0800316333770752,0.13112053275108337,0.0,nan,0.0,0.0,nan,0.0,0,nan,0.0,0.0,0.0,0.4736555218696594,0.23311260342597961,2,2,nan,nan
3200001,OP7,9400000,OP7:9400000,45,leading,,45,0.8125,1.0,0.0,1.0,0,0,2,0,1,0,0.06330671161413193,0.1206427589058876,0.0,nan,0.0,0.0,nan,0.0,0,nan,0.0,0.0,0.0,0.5274807810783386,0.17866259813308716,2,2,nan,nan
3200001,OP7,9400000,OP7:9400000,46,leading,,46,0.8083333333333333,1.0,0.0,1.0,0,0,2,0,0,0,0.04658174514770508,0.11170905828475952,0.0,nan,0.0,0.0,nan,0.0,0,nan,0.0,0.0,0.0,0.5812603235244751,0.1242126002907753,2,2,nan,nan
3200001,OP7,9400000,OP7:9400000,47,leading,,47,0.8041666666666667,1.0,0.0,1.0,0,0,1,0,0,0,0.02985682524740696,0.10471540689468384,0.0,nan,0.0,0.0,nan,0.0,0,nan,0.0,0.0,0.0,0.6349548697471619,0.06976260244846344,2,2,nan,nan
3200001,OP7,9400000,OP7:9400000,48,leading,,48,0.8,1.0,0.0,1.0,0,0,1,0,0,0,0.01297373790293932,0.04403213784098625,0.0,nan,0.0,0.0,nan,0.0,0,nan,0.0,0.0,0.0,0.6732417345046997,0.07554811239242554,2,2,nan,nan
3200001,OP7,9400000,OP7:9400000,49,leading,,49,0.7958333333333334,1.0,0.0,1.0,0,0,0,0,0,0,0.03680772706866264,0.06442377716302872,0.0,nan,0.0,0.0,nan,0.0,0,nan,0.0,0.0,0.0,0.7246817350387573,0.06009760499000549,2,2,nan,nan
3200001,OP7,9400000,OP7:9400000,50,leading,,50,0.7916666666666666,1.0,0.0,1.0,0,0,0,0,0,0,0.044229649007320404,0.10307935625314713,0.0,nan,0.0,0.0,nan,0.0,0,nan,0.0,0.0,0.0,0.7532750368118286,0.07616350054740906,2,2,nan,nan
3200001,OP7,9400000,OP7:9400000,51,leading,,51,0.7875,1.0,0.0,1.0,0,0,0,0,0,0,0.0733826607465744,0.12466076761484146,0.0,nan,0.0,0.0,nan,0.0,0,nan,0.0,0.0,0.0,0.7876715064048767,0.12881766259670258,2,2,nan,nan
3200001,OP7,9400000,OP7:9400000,52,leading,,52,0.7833333333333333,1.0,0.0,1.0,0,0,0,0,0,0,0.10253565013408661,0.14923997223377228,0.0,nan,0.0,0.0,nan,0.0,0,nan,0.0,0.0,0.0,0.782319188117981,0.18252864480018616,2,2,nan,nan
3200001,OP7,9400000,OP7:9400000,53,leading,,53,0.7791666666666667,1.0,0.0,1.0,0,0,0,0,0,0,0.07949566841125488,0.13910570740699768,0.0,nan,0.0,0.0,nan,0.0,0,nan,0.0,0.0,0.0,0.8024659156799316,0.2111988365650177,2,2,nan,nan
3200001,OP7,9400000,OP7:9400000,54,leading,,54,0.775,1.0,0.0,1.0,0,0,0,0,0,0,0.05645566061139107,0.13249605894088745,0.0,nan,0.0,0.0,nan,0.0,0,nan,0.0,0.0,0.0,0.8117462992668152,0.24864187836647034,2,2,nan,nan
3200001,OP7,9400000,OP7:9400000,55,leading,,55,0.7708333333333334,1.0,0.0,1.0,0,0,0,0,0,0,0.006380653474479914,0.10980923473834991,0.0,nan,0.0,0.0,nan,0.0,0,nan,0.0,0.0,0.0,0.8154791593551636,0.29149654507637024,2,2,nan,nan
3200001,OP7,9400000,OP7:9400000,56,leading,,56,0.7666666666666666,1.0,0.0,1.0,0,0,0,0,0,1,0.0692170113325119,0.12110970914363861,0.0,nan,0.0,0.0,nan,0.0,0,nan,0.0,0.0,0.0,0.7871338129043579,0.33770889043807983,2,2,nan,nan
3200001,OP7,9400000,OP7:9400000,57,leading,,57,0.7625,1.0,0.0,1.0,0,0,0,0,0,1,0.10997619479894638,0.13805639743804932,0.0,nan,0.0,0.0,nan,0.0,0,nan,0.0,0.0,0.0,0.7339701056480408,0.39196380972862244,2,2,nan,nan
3200001,OP7,9400000,OP7:9400000,58,leading,,58,0.7583333333333333,1.0,0.0,1.0,0,0,0,0,0,2,0.15073537826538086,0.16517095267772675,0.0,nan,0.0,0.0,nan,0.0,1,nan,1.0,0.0,0.0,0.6832713484764099,0.446266233921051,2,2,nan,nan
3200001,OP7,9400000,OP7:9400000,59,leading,,59,0.7541666666666667,1.0,0.0,1.0,0,0,1,0,0,2,0.12203125655651093,0.1350843906402588,0.0,nan,0.0,0.0,nan,0.0,0,nan,0.0,0.0,0.0,0.6398762464523315,0.5006007552146912,2,2,nan,nan
3200001,OP7,9400000,OP7:9400000,60,leading,,60,0.75,1.0,0.0,1.0,0,0,1,0,0,2,0.07610759884119034,0.07919066399335861,0.0,nan,0.0,0.0,nan,0.0,0,nan,0.0,0.0,0.0,0.6037863492965698,0.5396155118942261,2,2,nan,nan
3200001,OP7,9400000,OP7:9400000,61,leading,,61,0.7458333333333333,1.0,0.0,1.0,0,0,1,0,0,2,0.057157229632139206,0.1620226502418518,0.0,nan,0.0,0.0,nan,0.0,0,nan,0.0,0.0,0.0,0.5690734386444092,0.48516544699668884,2,2,nan,nan
3200001,OP7,9400000,OP7:9400000,62,leading,,62,0.7416666666666667,1.0,0.0,1.0,0,0,2,0,0,2,0.05701103061437607,0.2653934061527252,0.0,nan,0.0,0.0,nan,0.0,0,nan,0.0,0.0,0.0,0.523788571357727,0.430715411901474,2,2,nan,nan
3200001,OP7,9400000,OP7:9400000,63,leading,,63,0.7375,1.0,0.0,1.0,0,0,2,0,0,1,0.1029396504163742,0.3276658356189728,0.0,nan,0.0,0.0,nan,0.0,0,nan,0.0,0.0,0.0,0.47357606887817383,0.37626543641090393,2,2,nan,nan
3200001,OP7,9400000,OP7:9400000,64,leading,,64,0.7333333333333334,1.0,0.0,1.0,0,0,2,0,0,1,0.09900841861963272,0.3259998559951782,0.0,nan,0.0,0.0,nan,0.0,0,nan,0.0,0.0,0.0,0.46670231223106384,0.3218154013156891,2,2,nan,nan
3200001,OP7,9400000,OP7:9400000,65,leading,,65,0.7291666666666667,1.0,0.0,1.0,0,0,2,0,0,1,0.08630160987377167,0.32188448309898376,0.0,nan,0.0,0.0,nan,0.0,0,nan,0.0,0.0,0.0,0.5156177282333374,0.26736539602279663,2,2,nan,nan
3200001,OP7,9400000,OP7:9400000,66,leading,,66,0.725,1.0,0.0,1.0,0,0,2,0,0,1,0.08654598891735077,0.30092743039131165,0.0,nan,0.0,0.0,nan,0.0,0,nan,0.0,0.0,0.0,0.5687060952186584,0.21291539072990417,2,2,nan,nan
3200001,OP7,9400000,OP7:9400000,67,leading,,67,0.7208333333333333,1.0,0.0,1.0,0,0,2,0,0,1,0.07226347923278809,0.29678910970687866,0.0,nan,0.0,0.0,nan,0.0,0,nan,0.0,0.0,0.0,0.5331815481185913,0.1584654152393341,2,2,nan,nan
3200001,OP7,9400000,OP7:9400000,68,leading,,68,0.7166666666666667,1.0,0.0,1.0,0,0,2,0,0,0,0.057980965822935104,0.2932890057563782,0.0,nan,0.0,0.0,nan,0.0,0,nan,0.0,0.0,0.0,0.48645463585853577,0.10401539504528046,2,2,nan,nan
3200001,OP7,9400000,OP7:9400000,69,leading,,69,0.7125,1.0,0.0,1.0,0,0,1,0,0,0,0.043698500841856,0.2904503047466278,0.0,nan,0.0,0.0,nan,0.0,0,nan,0.0,0.0,0.0,0.4917668402194977,0.04956540837883949,2,2,nan,nan
3200001,OP7,9400000,OP7:9400000,70,leading,,70,0.7083333333333333,1.0,0.0,1.0,0,0,1,0,0,0,0.016507243737578392,0.2315388172864914,0.0,nan,0.0,0.0,nan,0.0,0,nan,0.0,0.0,0.0,0.5457003712654114,0.0691506639122963,2,2,nan,nan
3200001,OP7,9400000,OP7:9400000,71,leading,,71,0.7041666666666666,1.0,0.0,1.0,0,0,1,0,0,0,0.026711082085967064,0.1254151463508606,0.0,nan,0.0,0.0,nan,0.0,0,nan,0.0,0.0,0.0,0.5955080389976501,0.11702742427587509,2,2,nan,nan
3200001,OP7,9400000,OP7:9400000,72,leading,,72,0.7,1.0,0.0,1.0,0,0,1,0,0,0,0.07291565090417862,0.08153964579105377,0.0,nan,0.0,0.0,nan,0.0,0,nan,0.0,0.0,0.0,0.6201081275939941,0.16369614005088806,2,2,nan,nan
3200001,OP7,9400000,OP7:9400000,73,leading,,73,0.6958333333333333,1.0,0.0,1.0,0,0,1,0,0,0,0.06558890640735626,0.09742199629545212,0.0,nan,0.0,0.0,nan,0.0,0,nan,0.0,0.0,0.0,0.6642675399780273,0.13045959174633026,2,2,nan,nan
3200001,OP7,9400000,OP7:9400000,74,leading,,74,0.6916666666666667,1.0,0.0,1.0,0,0,0,0,0,0,0.05826225131750107,0.1897350698709488,0.0,nan,0.0,0.0,nan,0.0,0,nan,0.0,0.0,0.0,0.6586166024208069,0.07600957900285721,2,2,nan,nan
3200001,OP7,9400000,OP7:9400000,75,leading,,75,0.6875,1.0,0.0,1.0,0,0,0,0,0,0,0.0021415711380541325,0.24002210795879364,0.0,nan,0.0,0.0,nan,0.0,0,nan,0.0,0.0,0.0,0.6511428952217102,0.08809788525104523,2,2,nan,nan
3200001,OP7,9400000,OP7:9400000,76,leading,,76,0.6833333333333333,1.0,0.0,1.0,0,0,0,0,0,0,0.020093536004424095,0.2417723834514618,0.0,nan,0.0,0.0,nan,0.0,0,nan,0.0,0.0,0.0,0.6454222798347473,0.13954822719097137,2,2,nan,nan
3200001,OP7,9400000,OP7:9400000,77,leading,,77,0.6791666666666667,1.0,0.0,1.0,0,0,0,0,0,1,0.02074270322918892,0.24175676703453064,0.0,nan,0.0,0.0,nan,0.0,0,nan,0.0,0.0,0.0,0.6659682989120483,0.18744143843650818,2,2,nan,nan
3200001,OP7,9400000,OP7:9400000,78,leading,,78,0.675,1.0,0.0,1.0,0,0,0,0,0,1,0.021391868591308594,0.24174293875694275,0.0,nan,0.0,0.0,nan,0.0,0,nan,0.0,0.0,0.0,0.653766930103302,0.23816899955272675,2,2,nan,nan
3200001,OP7,9400000,OP7:9400000,79,leading,,79,0.6708333333333334,1.0,0.0,1.0,0,0,0,0,0,1,0.022040987387299538,0.24173088371753693,0.0,nan,0.0,0.0,nan,0.0,0,nan,0.0,0.0,0.0,0.599899411201477,0.2902486324310303,2,2,nan,nan
3200001,OP7,9400000,OP7:9400000,80,leading,,80,0.6666666666666667,1.0,0.0,1.0,0,0,1,0,0,1,0.03246726840734482,0.2656536400318146,0.0,nan,0.0,0.0,nan,0.0,0,nan,0.0,0.0,0.0,0.5385505557060242,0.343065083026886,2,2,nan,nan
3200001,OP7,9400000,OP7:9400000,81,leading,,81,0.6625,1.0,0.0,1.0,0,0,1,0,0,1,0.08134856075048447,0.22495868802070618,0.0,nan,0.0,0.0,nan,0.0,0,nan,0.0,0.0,0.0,0.5201184153556824,0.39632394909858704,2,2,nan,nan
3200001,OP7,9400000,OP7:9400000,82,leading,,82,0.6583333333333333,1.0,0.0,1.0,0,0,1,0,0,2,0.10737748444080353,0.14925946295261383,0.0,nan,0.0,0.0,nan,0.0,0,nan,0.0,0.0,0.0,0.5474631190299988,0.4498680531978607,2,2,nan,nan
3200001,OP7,9400000,OP7:9400000,83,leading,,83,0.6541666666666667,1.0,0.0,1.0,0,0,2,0,0,2,0.09434924274682999,0.09445301443338394,0.0,nan,0.0,0.0,nan,0.0,0,nan,0.0,0.0,0.0,0.5399249792098999,0.5032854676246643,2,2,nan,nan
3200001,OP7,9400000,OP7:9400000,84,leading,,84,0.65,1.0,0.0,1.0,0,0,2,0,0,2,0.03244643285870552,0.06755535304546356,0.0,nan,0.0,0.0,nan,0.0,0,nan,0.0,0.0,0.0,0.5200339555740356,0.44883546233177185,2,2,nan,nan
3200001,OP7,9400000,OP7:9400000,85,leading,,85,0.6458333333333333,1.0,0.0,1.0,0,0,2,0,0,1,0.01764979399740696,0.061809904873371124,0.0,nan,0.0,0.0,nan,0.0,0,nan,0.0,0.0,0.0,0.4949002265930176,0.3943854868412018,2,2,nan,nan
3200001,OP7,9400000,OP7:9400000,86,leading,,86,0.6416666666666666,1.0,0.0,1.0,0,0,2,0,0,0,0.014578819274902344,0.060677509754896164,0.0,nan,0.0,0.0,nan,0.0,0,nan,0.0,0.0,0.0,0.4680446684360504,0.3399354815483093,2,2,nan,nan
3200001,OP7,9400000,OP7:9400000,87,leading,,87,0.6375,1.0,0.0,1.0,0,0,2,0,0,0,0.011507844552397728,0.059683699160814285,0.0,nan,0.0,0.0,nan,0.0,0,nan,0.0,0.0,0.0,0.46299973130226135,0.28548550605773926,2,2,nan,nan
3200001,OP7,9400000,OP7:9400000,88,leading,,88,0.6333333333333333,1.0,0.0,1.0,0,0,2,0,0,0,0.008436870761215687,0.05883552506566048,0.0,nan,0.0,0.0,nan,0.0,0,nan,0.0,0.0,0.0,0.5153749585151672,0.231035515666008,2,2,nan,nan
3200001,OP7,9400000,OP7:9400000,89,leading,,89,0.6291666666666667,1.0,0.0,1.0,0,0,2,0,0,0,0.005365896038711071,0.05813933163881302,0.0,nan,0.0,0.0,nan,0.0,0,nan,0.0,0.0,0.0,0.5655642747879028,0.17658552527427673,2,2,nan,nan
3200001,OP7,9400000,OP7:9400000,90,leading,,90,0.625,1.0,0.0,1.0,0,0,2,0,0,0,0.0022949217818677425,0.05760062485933304,0.0,nan,0.0,0.0,nan,0.0,0,nan,0.0,0.0,0.0,0.6163793802261353,0.12213551998138428,2,2,nan,nan
3200001,OP7,9400000,OP7:9400000,91,leading,,91,0.6208333333333333,1.0,0.0,1.0,0,0,1,0,0,0,0.0007760524749755859,0.05722387507557869,0.0,nan,0.0,0.0,nan,0.0,0,nan,0.0,0.0,0.0,0.6677991151809692,0.06768551468849182,2,2,nan,nan
3200001,OP7,9400000,OP7:9400000,92,leading,,92,0.6166666666666667,1.0,0.0,1.0,0,0,0,0,0,0,0.05628523975610733,0.05872347205877304,0.0,nan,0.0,0.0,nan,0.0,0,nan,0.0,0.0,0.0,0.7107619047164917,0.07022155076265335,2,2,nan,nan
3200001,OP7,9400000,OP7:9400000,93,leading,,93,0.6125,1.0,0.0,1.0,0,0,0,0,0,0,0.030741309747099876,0.051122866570949554,0.0,nan,0.0,0.0,nan,0.0,0,nan,0.0,0.0,0.0,0.661638617515564,0.08360355347394943,2,2,nan,nan
3200001,OP7,9400000,OP7:9400000,94,leading,,94,0.6083333333333334,1.0,0.0,1.0,0,0,0,0,0,0,0.030340934172272682,0.05107627063989639,0.0,nan,0.0,0.0,nan,0.0,0,nan,0.0,0.0,0.0,0.6091902256011963,0.1371133029460907,2,2,nan,nan
3200001,OP7,9400000,OP7:9400000,95,leading,,95,0.6041666666666667,1.0,0.0,1.0,0,0,0,0,0,0,0.023716211318969727,0.0486331544816494,0.0,nan,0.0,0.0,nan,0.0,0,nan,0.0,0.0,0.0,0.5570276379585266,0.1911548525094986,2,2,nan,nan
3200001,OP7,9400000,OP7:9400000,96,leading,,96,0.6,1.0,0.0,1.0,0,0,0,0,0,0,0.04510011523962021,0.05778346583247185,0.0,nan,0.0,0.0,nan,0.0,0,nan,0.0,0.0,0.0,0.5052393674850464,0.2345442771911621,2,2,nan,nan
3200001,OP7,9400000,OP7:9400000,97,leading,,97,0.5958333333333333,1.0,0.0,1.0,0,0,0,0,0,0,0.06648401916027069,0.07285246253013611,0.0,nan,0.0,0.0,nan,0.0,0,nan,0.0,0.0,0.0,0.4539535641670227,0.28180038928985596,2,2,nan,nan
3200001,OP7,9400000,OP7:9400000,98,leading,,98,0.5916666666666667,1.0,0.0,1.0,0,0,0,0,0,0,0.08786793053150177,0.09094415605068207,0.0,nan,0.0,0.0,nan,0.0,0,nan,0.0,0.0,0.0,0.4033619463443756,0.33127254247665405,2,2,nan,nan
3200001,OP7,9400000,OP7:9400000,99,leading,,99,0.5875,1.0,0.0,1.0,0,0,0,1,1,0,0.13407793641090393,0.14337268471717834,0.0,nan,0.0,0.0,nan,0.0,0,nan,0.0,0.0,0.0,0.3537624478340149,0.3206882178783417,2,2,nan,nan
3200001,OP7,9400000,OP7:9400000,100,leading,,100,0.5833333333333333,1.0,0.0,1.0,0,0,0,1,1,1,0.11795639991760254,0.19710302352905273,0.0,nan,0.0,0.0,nan,0.0,0,nan,0.0,0.0,0.0,0.35881027579307556,0.26638197898864746,2,2,nan,nan
3200001,OP7,9400000,OP7:9400000,101,leading,,101,0.5791666666666666,1.0,0.0,1.0,0,0,0,1,1,1,0.1018349677324295,0.2839304506778717,0.0,nan,0.0,0.0,nan,0.0,1,nan,1.0,0.0,0.0,0.309889018535614,0.21214942634105682,2,2,nan,nan
3200001,OP7,9400000,OP7:9400000,102,leading,,102,0.575,1.0,0.0,1.0,0,0,0,1,1,1,0.08642597496509552,0.3674772083759308,0.0,nan,0.0,0.0,nan,0.0,1,nan,1.0,0.0,0.0,0.26294025778770447,0.1729583740234375,2,2,nan,nan
3200001,OP7,9400000,OP7:9400000,103,leading,,103,0.5708333333333333,1.0,0.0,1.0,0,0,0,1,1,1,0.024385642260313034,0.43533840775489807,0.0,nan,0.0,0.0,nan,0.0,1,nan,1.0,0.0,0.0,0.28965964913368225,0.14696022868156433,2,2,nan,nan
3200001,OP7,9400000,OP7:9400000,104,leading,,104,0.5666666666666667,1.0,0.0,1.0,0,0,0,1,1,1,0.01947150193154812,0.44259577989578247,0.0,nan,0.0,0.0,nan,0.0,1,nan,1.0,0.0,0.0,0.3386608958244324,0.19724051654338837,2,2,nan,nan
3200001,OP7,9400000,OP7:9400000,105,leading,,105,0.5625,1.0,0.0,1.0,0,0,0,1,1,1,0.03665642812848091,0.44210195541381836,0.0,nan,0.0,0.0,nan,0.0,1,nan,1.0,0.0,0.0,0.3832428753376007,0.2509492039680481,2,2,nan,nan
3200001,OP7,9400000,OP7:9400000,106,leading,,106,0.5583333333333333,1.0,0.0,1.0,1,0,0,1,1,1,0.04927077144384384,0.42405858635902405,1.0,0.07832714915275574,1.0,0.0,0.42405858635902405,1.0,1,0.29884403944015503,1.0,0.0,0.0,0.43228834867477417,0.3049209713935852,2,2,-0.12521454691886902,0.0
3200001,OP7,9400000,OP7:9400000,107,leading,dropped_the_flag|tagged_while_carrying,107,0.5541666666666667,1.0,0.0,1.0,1,0,0,0,1,1,0.09394707530736923,0.3974348306655884,1.0,0.04302297160029411,1.0,0.0,0.3974348306655884,1.0,2,0.04302297160029411,1.0,0.0,0.0,0.4834440350532532,0.35725000500679016,2,2,-0.35441185906529427,0.0
3200001,OP7,9400000,OP7:9400000,108,leading,,108,0.55,1.0,0.0,1.0,0,0,1,0,1,2,0.10605249553918839,0.30398064851760864,0.0,nan,0.0,0.0,nan,0.0,1,nan,1.0,0.0,0.0,0.5371708273887634,0.4083098769187927,2,2,nan,nan
3200001,OP7,9400000,OP7:9400000,109,leading,,109,0.5458333333333334,1.0,0.0,1.0,0,0,2,0,1,2,0.09476418793201447,0.2003917247056961,0.0,nan,0.0,0.0,nan,0.0,0,nan,0.0,0.0,0.0,0.5423918962478638,0.46179038286209106,2,2,nan,nan
3200001,OP7,9400000,OP7:9400000,110,leading,,110,0.5416666666666667,1.0,0.0,1.0,0,0,2,0,1,2,0.03495068475604057,0.12676295638084412,0.0,nan,0.0,0.0,nan,0.0,0,nan,0.0,0.0,0.0,0.49874773621559143,0.4618017077445984,2,2,nan,nan
3200001,OP7,9400000,OP7:9400000,111,leading,,111,0.5375,1.0,0.0,1.0,0,0,2,0,1,2,0.022600840777158737,0.12374625355005264,0.0,nan,0.0,0.0,nan,0.0,0,nan,0.0,0.0,0.0,0.47830861806869507,0.40832582116127014,2,2,nan,nan
3200001,OP7,9400000,OP7:9400000,112,leading,,112,0.5333333333333333,1.0,0.0,1.0,0,0,2,0,1,1,0.036330364644527435,0.10816307365894318,0.0,nan,0.0,0.0,nan,0.0,0,nan,0.0,0.0,0.0,0.5038855075836182,0.3538758158683777,2,2,nan,nan
3200001,OP7,9400000,OP7:9400000,113,leading,,113,0.5291666666666667,1.0,0.0,1.0,0,0,2,0,1,1,0.032930612564086914,0.10740800946950912,0.0,nan,0.0,0.0,nan,0.0,0,nan,0.0,0.0,0.0,0.4551946222782135,0.29942581057548523,2,2,nan,nan
3200001,OP7,9400000,OP7:9400000,114,leading,,114,0.525,1.0,0.0,1.0,0,0,2,0,1,0,0.029530907049775124,0.10675712674856186,0.0,nan,0.0,0.0,nan,0.0,0,nan,0.0,0.0,0.0,0.4277743399143219,0.24497583508491516,2,2,nan,nan
3200001,OP7,9400000,OP7:9400000,115,leading,,115,0.5208333333333333,1.0,0.0,1.0,0,0,2,0,1,0,0.026131201535463333,0.106212317943573,0.0,nan,0.0,0.0,nan,0.0,0,nan,0.0,0.0,0.0,0.4097006320953369,0.1905258148908615,2,2,nan,nan
3200001,OP7,9400000,OP7:9400000,116,leading,,116,0.5166666666666666,1.0,0.0,1.0,0,0,2,0,1,0,0.022731494158506393,0.10577522218227386,0.0,nan,0.0,0.0,nan,0.0,0,nan,0.0,0.0,0.0,0.4596219062805176,0.13607582449913025,2,2,nan,nan
3200001,OP7,9400000,OP7:9400000,117,leading,,117,0.5125,1.0,0.0,1.0,0,0,1,0,1,0,0.019331788644194603,0.1054471954703331,0.0,nan,0.0,0.0,nan,0.0,0,nan,0.0,0.0,0.0,0.5084823369979858,0.08162583410739899,2,2,nan,nan
3200001,OP7,9400000,OP7:9400000,118,leading,,118,0.5083333333333333,1.0,0.0,1.0,0,0,1,0,1,0,0.06635403633117676,0.0844283476471901,0.0,nan,0.0,0.0,nan,0.0,0,nan,0.0,0.0,0.0,0.5582650303840637,0.09259630739688873,2,2,nan,nan
3200001,OP7,9400000,OP7:9400000,119,leading,,119,0.5041666666666667,1.0,0.0,1.0,0,0,0,0,1,0,0.0679054707288742,0.08767445385456085,0.0,nan,0.0,0.0,nan,0.0,0,nan,0.0,0.0,0.0,0.6086488962173462,0.07788769900798798,2,2,nan,nan
3200001,OP7,9400000,OP7:9400000,120,leading,,120,0.5,1.0,0.0,1.0,0,0,0,0,0,0,0.00842585600912571,0.10907617956399918,0.0,nan,0.0,0.0,nan,0.0,0,nan,0.0,0.0,0.0,0.6593220233917236,0.08958815038204193,2,2,nan,nan
3200001,OP7,9400000,OP7:9400000,121,leading,,121,0.49583333333333335,1.0,0.0,1.0,0,0,0,0,0,0,0.002145624253898859,0.1088198572397232,0.0,nan,0.0,0.0,nan,0.0,0,nan,0.0,0.0,0.0,0.6788613200187683,0.14119945466518402,2,2,nan,nan
3200001,OP7,9400000,OP7:9400000,122,leading,,122,0.4916666666666667,1.0,0.0,1.0,0,0,0,0,0,0,0.002839708235114813,0.10877575725317001,0.0,nan,0.0,0.0,nan,0.0,0,nan,0.0,0.0,0.0,0.7045625448226929,0.1919122040271759,2,2,nan,nan
3200001,OP7,9400000,OP7:9400000,123,leading,,123,0.48750000000000004,1.0,0.0,1.0,0,0,0,0,0,0,0.0035338401794433594,0.10873611271381378,0.0,nan,0.0,0.0,nan,0.0,0,nan,0.0,0.0,0.0,0.7122489213943481,0.2442394495010376,2,2,nan,nan
3200001,OP7,9400000,OP7:9400000,124,leading,,124,0.4833333333333333,1.0,0.0,1.0,0,0,0,0,0,1,0.004227924160659313,0.10870091617107391,0.0,nan,0.0,0.0,nan,0.0,0,nan,0.0,0.0,0.0,0.7009700536727905,0.29732999205589294,2,2,nan,nan
3200001,OP7,9400000,OP7:9400000,125,leading,,125,0.47916666666666663,1.0,0.0,1.0,0,0,0,0,0,1,0.004922008607536554,0.108670175075531,0.0,nan,0.0,0.0,nan,0.0,0,nan,0.0,0.0,0.0,0.6819270849227905,0.35083749890327454,2,2,nan,nan
3200001,OP7,9400000,OP7:9400000,126,leading,,126,0.475,1.0,0.0,1.0,0,0,0,0,0,2,0.005616140551865101,0.10864392668008804,0.0,nan,0.0,0.0,nan,0.0,0,nan,0.0,0.0,0.0,0.6287550926208496,0.4045965075492859,2,2,nan,nan
3200001,OP7,9400000,OP7:9400000,127,leading,,127,0.4708333333333333,1.0,0.0,1.0,0,0,0,0,0,2,0.011222267523407936,0.09130924195051193,0.0,nan,0.0,0.0,nan,0.0,0,nan,0.0,0.0,0.0,0.594065248966217,0.4585186541080475,2,2,nan,nan
3200001,OP7,9400000,OP7:9400000,128,leading,,128,0.4666666666666667,1.0,0.0,1.0,0,0,0,0,0,2,0.0026836395263671875,0.11334749311208725,0.0,nan,0.0,0.0,nan,0.0,0,nan,0.0,0.0,0.0,0.546084463596344,0.5125523805618286,2,2,nan,nan
3200001,OP7,9400000,OP7:9400000,129,leading,,129,0.4625,1.0,0.0,1.0,0,0,1,0,0,2,0.015526342205703259,0.13678014278411865,0.0,nan,0.0,0.0,nan,0.0,0,nan,0.0,0.0,0.0,0.5229402780532837,0.5441699624061584,2,2,nan,nan
3200001,OP7,9400000,OP7:9400000,130,leading,,130,0.45833333333333337,1.0,0.0,1.0,0,0,2,0,0,2,0.06348099559545517,0.10306445509195328,0.0,nan,0.0,0.0,nan,0.0,0,nan,0.0,1.0,0.0,0.5117124319076538,0.5979467630386353,2,2,nan,nan
3200001,OP7,9400000,OP7:9400000,131,leading,,131,0.4541666666666667,1.0,0.0,1.0,0,0,2,0,0,2,0.03887663036584854,0.08089570701122284,0.0,nan,0.0,0.0,nan,0.0,0,nan,0.0,1.0,0.0,0.5129675269126892,0.576210618019104,2,2,nan,nan
3200001,OP7,9400000,OP7:9400000,132,leading,,132,0.44999999999999996,1.0,0.0,1.0,0,0,2,0,0,2,0.019448518753051758,0.09657224267721176,0.0,nan,0.0,0.0,nan,0.0,0,nan,0.0,0.0,0.0,0.5686113238334656,0.4993296265602112,2,2,nan,nan
3200001,OP7,9400000,OP7:9400000,133,leading,,133,0.4458333333333333,1.0,0.0,1.0,0,0,2,0,0,2,0.018342399969697,0.09645023196935654,0.0,nan,0.0,0.0,nan,0.0,0,nan,0.0,0.0,0.0,0.5826317667961121,0.4448796212673187,2,2,nan,nan
3200001,OP7,9400000,OP7:9400000,134,leading,,134,0.44166666666666665,1.0,0.0,1.0,0,0,2,0,0,1,0.01723628118634224,0.0963408574461937,0.0,nan,0.0,0.0,nan,0.0,0,nan,0.0,0.0,0.0,0.5547484755516052,0.39042961597442627,2,2,nan,nan
3200001,OP7,9400000,OP7:9400000,135,leading,,135,0.4375,1.0,0.0,1.0,0,0,2,0,0,1,0.01613016054034233,0.09624417126178741,0.0,nan,0.0,0.0,nan,0.0,0,nan,0.0,0.0,0.0,0.5270712375640869,0.3359796106815338,2,2,nan,nan
3200001,OP7,9400000,OP7:9400000,136,leading,,136,0.43333333333333335,1.0,0.0,1.0,0,0,2,0,0,0,0.015024041756987572,0.09616021066904068,0.0,nan,0.0,0.0,nan,0.0,0,nan,0.0,0.0,0.0,0.47560954093933105,0.28152960538864136,2,2,nan,nan
3200001,OP7,9400000,OP7:9400000,137,leading,,137,0.4291666666666667,1.0,0.0,1.0,0,0,2,0,0,0,0.013917922973632812,0.09608901292085648,0.0,nan,0.0,0.0,nan,0.0,0,nan,0.0,0.0,0.0,0.48203450441360474,0.2270796000957489,2,2,nan,nan
3200001,OP7,9400000,OP7:9400000,138,leading,,138,0.42500000000000004,1.0,0.0,1.0,0,0,2,0,0,0,0.012811804190278053,0.096030592918396,0.0,nan,0.0,0.0,nan,0.0,0,nan,0.0,0.0,0.0,0.5345745086669922,0.17262959480285645,2,2,nan,nan
3200001,OP7,9400000,OP7:9400000,139,leading,,139,0.4208333333333333,1.0,0.0,1.0,0,0,2,0,0,0,0.011705731973052025,0.09598498791456223,0.0,nan,0.0,0.0,nan,0.0,0,nan,0.0,0.0,0.0,0.5870909094810486,0.11817959696054459,2,2,nan,nan
3200001,OP7,9400000,OP7:9400000,140,leading,,140,0.41666666666666663,1.0,0.0,1.0,0,0,1,0,0,0,0.010599613189697266,0.09595220535993576,0.0,nan,0.0,0.0,nan,0.0,0,nan,0.0,0.0,0.0,0.6148487329483032,0.06372958421707153,2,2,nan,nan
3200001,OP7,9400000,OP7:9400000,141,leading,,141,0.4125,1.0,0.0,1.0,0,0,1,0,0,0,0.05972003936767578,0.07385967671871185,0.0,nan,0.0,0.0,nan,0.0,0,nan,0.0,0.0,0.0,0.6674466729164124,0.07876384258270264,2,2,nan,nan
3200001,OP7,9400000,OP7:9400000,142,leading,,142,0.4083333333333333,1.0,0.0,1.0,0,0,0,0,0,0,0.08332104980945587,0.1008913516998291,0.0,nan,0.0,0.0,nan,0.0,0,nan,0.0,0.0,0.0,0.6757804155349731,0.050759732723236084,2,2,nan,nan
3200001,OP7,9400000,OP7:9400000,143,leading,,143,0.4041666666666667,1.0,0.0,1.0,0,0,0,0,0,0,0.16538891196250916,0.20127980411052704,0.0,nan,0.0,0.0,nan,0.0,0,nan,0.0,0.0,0.0,0.7085556387901306,0.06990143656730652,2,2,nan,nan
3200001,OP7,9400000,OP7:9400000,144,leading,,144,0.4,1.0,0.0,1.0,0,0,0,0,0,0,0.18002061545848846,0.21508868038654327,0.0,nan,0.0,0.0,nan,0.0,0,nan,0.0,0.0,0.0,0.7073116302490234,0.11809853464365005,2,2,nan,nan
3200001,OP7,9400000,OP7:9400000,145,leading,,145,0.39583333333333337,1.0,0.0,1.0,0,0,0,0,0,0,0.19465231895446777,0.22903887927532196,0.0,nan,0.0,0.0,nan,0.0,0,nan,0.0,0.0,0.0,0.7320975065231323,0.1701115071773529,2,2,nan,nan
3200001,OP7,9400000,OP7:9400000,146,leading,,146,0.3916666666666667,1.0,0.0,1.0,0,0,0,0,0,0,0.18281492590904236,0.2193605601787567,0.0,nan,0.0,0.0,nan,0.0,0,nan,0.0,0.0,0.0,0.7339637279510498,0.21344780921936035,2,2,nan,nan
3200001,OP7,9400000,OP7:9400000,147,leading,,147,0.38749999999999996,1.0,0.0,1.0,0,0,0,0,0,0,0.17097754776477814,0.2099049985408783,0.0,nan,0.0,0.0,nan,0.0,0,nan,0.0,0.0,0.0,0.7094578742980957,0.26098203659057617,2,2,nan,nan
3200001,OP7,9400000,OP7:9400000,148,leading,,148,0.3833333333333333,1.0,0.0,1.0,0,0,0,0,0,1,0.1496191918849945,0.1923171579837799,0.0,nan,0.0,0.0,nan,0.0,0,nan,0.0,0.0,0.0,0.7229658961296082,0.310793936252594,2,2,nan,nan
3200001,OP7,9400000,OP7:9400000,149,leading,,149,0.37916666666666665,1.0,0.0,1.0,0,0,0,0,0,1,0.12826085090637207,0.17557267844676971,0.0,nan,0.0,0.0,nan,0.0,0,nan,0.0,0.0,0.0,0.6885076761245728,0.36194437742233276,2,2,nan,nan
3200001,OP7,9400000,OP7:9400000,150,leading,,150,0.375,1.0,0.0,1.0,0,0,1,0,0,2,0.10690250247716904,0.15993671119213104,0.0,nan,0.0,0.0,nan,0.0,0,nan,0.0,0.0,0.0,0.6367712616920471,0.41393741965293884,2,2,nan,nan
3200001,OP7,9400000,OP7:9400000,151,leading,,151,0.37083333333333335,1.0,0.0,1.0,0,0,1,0,0,2,0.044516611844301224,0.0735098272562027,0.0,nan,0.0,0.0,nan,0.0,1,nan,1.0,0.0,0.0,0.5855927467346191,0.4664914011955261,2,2,nan,nan
3200001,OP7,9400000,OP7:9400000,152,leading,,152,0.3666666666666667,1.0,0.0,1.0,0,0,1,0,0,2,0.036149024963378906,0.06150393560528755,0.0,nan,0.0,0.0,nan,0.0,1,nan,1.0,0.0,0.0,0.551458477973938,0.4684315323829651,2,2,nan,nan
3200001,OP7,9400000,OP7:9400000,153,leading,,153,0.36250000000000004,1.0,0.0,1.0,0,0,2,0,0,2,0.02778143808245659,0.1604396551847458,0.0,nan,0.0,0.0,nan,0.0,0,nan,0.0,0.0,0.0,0.5334885120391846,0.41398152709007263,2,2,nan,nan
3200001,OP7,9400000,OP7:9400000,154,leading,,154,0.3583333333333333,1.0,0.0,1.0,0,0,2,0,0,1,0.04567522928118706,0.19962482154369354,0.0,nan,0.0,0.0,nan,0.0,0,nan,0.0,0.0,0.0,0.5424107313156128,0.3595315217971802,2,2,nan,nan
3200001,OP7,9400000,OP7:9400000,155,leading,,155,0.35416666666666663,1.0,0.0,1.0,0,0,2,0,0,1,0.05025281757116318,0.20090636610984802,0.0,nan,0.0,0.0,nan,0.0,0,nan,0.0,0.0,0.0,0.5623634457588196,0.3050815463066101,2,2,nan,nan
3200001,OP7,9400000,OP7:9400000,156,leading,,156,0.35,1.0,0.0,1.0,0,0,2,0,0,1,0.044812727719545364,0.1998828947544098,0.0,nan,0.0,0.0,nan,0.0,0,nan,0.0,0.0,0.0,0.5289066433906555,0.25063154101371765,2,2,nan,nan
3200001,OP7,9400000,OP7:9400000,157,leading,,157,0.3458333333333333,1.0,0.0,1.0,0,0,2,0,0,0,0.03937258571386337,0.19900329411029816,0.0,nan,0.0,0.0,nan,0.0,0,nan,0.0,0.0,0.0,0.4848806858062744,0.19618156552314758,2,2,nan,nan
3200001,OP7,9400000,OP7:9400000,158,leading,,158,0.3416666666666667,1.0,0.0,1.0,0,0,2,0,0,0,0.03393244743347168,0.19826948642730713,0.0,nan,0.0,0.0,nan,0.0,0,nan,0.0,0.0,0.0,0.4884031414985657,0.14173156023025513,2,2,nan,nan
3200001,OP7,9400000,OP7:9400000,159,leading,,159,0.3375,1.0,0.0,1.0,0,0,1,0,0,0,0.028492307290434837,0.19768312573432922,0.0,nan,0.0,0.0,nan,0.0,0,nan,0.0,0.0,0.0,0.43638283014297485,0.08728156983852386,2,2,nan,nan
3200001,OP7,9400000,OP7:9400000,160,leading,,160,0.33333333333333337,1.0,0.0,1.0,0,0,1,0,0,0,0.05406832695007324,0.15487933158874512,0.0,nan,0.0,0.0,nan,0.0,0,nan,0.0,0.0,0.0,0.38530847430229187,0.08915408700704575,2,2,nan,nan
3200001,OP7,9400000,OP7:9400000,161,leading,,161,0.3291666666666667,1.0,0.0,1.0,0,0,1,0,0,0,0.07080592960119247,0.10075227171182632,0.0,nan,0.0,0.0,nan,0.0,0,nan,0.0,0.0,0.0,0.33513474464416504,0.11581681668758392,2,2,nan,nan
3200001,OP7,9400000,OP7:9400000,162,leading,,162,0.32499999999999996,1.0,0.0,1.0,0,0,1,0,0,0,0.08379773795604706,0.09011651575565338,0.0,nan,0.0,0.0,nan,0.0,0,nan,0.0,0.0,0.0,0.28633540868759155,0.12098553031682968,2,2,nan,nan
3200001,OP7,9400000,OP7:9400000,163,leading,,163,0.3208333333333333,1.0,0.0,1.0,0,0,0,1,1,0,0.09697480499744415,0.16906285285949707,0.0,nan,0.0,0.0,nan,0.0,0,nan,0.0,0.0,0.0,0.2397511750459671,0.06653553247451782,2,2,nan,nan
3200001,OP7,9400000,OP7:9400000,164,leading,,164,0.31666666666666665,1.0,0.0,1.0,0,0,0,1,1,0,0.06117439270019531,0.20021550357341766,0.0,nan,0.0,0.0,nan,0.0,0,nan,0.0,0.0,0.0,0.2676798701286316,0.08082717657089233,2,2,nan,nan
3200001,OP7,9400000,OP7:9400000,165,leading,,165,0.3125,1.0,0.0,1.0,0,0,0,1,1,0,0.07237391173839569,0.2013205736875534,0.0,nan,0.0,0.0,nan,0.0,0,nan,0.0,0.0,0.0,0.3184467554092407,0.13131168484687805,2,2,nan,nan
3200001,OP7,9400000,OP7:9400000,166,leading,,166,0.30833333333333335,1.0,0.0,1.0,0,0,0,1,1,0,0.06205186992883682,0.1960228532552719,0.0,nan,0.0,0.0,nan,0.0,0,nan,0.0,0.0,0.0,0.37011370062828064,0.18057894706726074,2,2,nan,nan
3200001,OP7,9400000,OP7:9400000,167,leading,,167,0.3041666666666667,1.0,0.0,1.0,0,0,0,1,1,1,0.05172982066869736,0.19115544855594635,0.0,nan,0.0,0.0,nan,0.0,0,nan,0.0,0.0,0.0,0.42235055565834045,0.2321731150150299,2,2,nan,nan
3200001,OP7,9400000,OP7:9400000,168,leading,,168,0.30000000000000004,1.0,0.0,1.0,0,0,0,1,1,1,0.04140777513384819,0.18675199151039124,0.0,nan,0.0,0.0,nan,0.0,0,nan,0.0,0.0,0.0,0.4749692380428314,0.28483253717422485,2,2,nan,nan
3200001,OP7,9400000,OP7:9400000,169,leading,,169,0.2958333333333333,1.0,0.0,1.0,0,0,0,1,1,1,0.031085729598999023,0.18284599483013153,0.0,nan,0.0,0.0,nan,0.0,0,nan,0.0,0.0,0.0,0.5278557538986206,0.3380597233772278,2,2,nan,nan
3200001,OP7,9400000,OP7:9400000,170,leading,,170,0.29166666666666663,1.0,0.0,1.0,0,0,0,1,1,1,0.04398002475500107,0.17462024092674255,0.0,nan,0.0,0.0,nan,0.0,0,nan,0.0,0.0,0.0,0.5897752046585083,0.39162328839302063,2,2,nan,nan
3200001,OP7,9400000,OP7:9400000,171,leading,,171,0.2875,1.0,0.0,1.0,0,0,1,1,1,2,0.007413339801132679,0.17865829169750214,0.0,nan,0.0,0.0,nan,0.0,0,nan,0.0,0.0,0.0,0.5945452451705933,0.4454018473625183,2,2,nan,nan
3200001,OP7,9400000,OP7:9400000,172,leading,,172,0.2833333333333333,1.0,0.0,1.0,0,0,1,0,1,2,0.040487051010131836,0.11755825579166412,0.0,nan,0.0,0.0,nan,0.0,0,nan,0.0,0.0,0.0,0.5763478875160217,0.4993259906768799,2,2,nan,nan
3200001,OP7,9400000,OP7:9400000,173,leading,,173,0.2791666666666667,1.0,0.0,1.0,0,0,1,0,1,2,0.08874340355396271,0.09104971587657928,0.0,nan,0.0,0.0,nan,0.0,0,nan,0.0,0.0,0.0,0.5097631216049194,0.5575987100601196,2,2,nan,nan
3200001,OP7,9400000,OP7:9400000,174,leading,,174,0.275,1.0,0.0,1.0,0,0,2,0,1,2,0.09454064071178436,0.16392597556114197,0.0,nan,0.0,0.0,nan,0.0,0,nan,0.0,0.0,0.0,0.5184347033500671,0.4988841414451599,2,2,nan,nan
3200001,OP7,9400000,OP7:9400000,175,leading,,175,0.27083333333333337,1.0,0.0,1.0,0,0,2,0,1,2,0.04360494762659073,0.16296735405921936,0.0,nan,0.0,0.0,nan,0.0,0,nan,0.0,0.0,0.0,0.5061774253845215,0.44443416595458984,2,2,nan,nan
3200001,OP7,9400000,OP7:9400000,176,leading,,176,0.2666666666666667,1.0,0.0,1.0,0,0,2,0,1,1,0.03790144994854927,0.16113652288913727,0.0,nan,0.0,0.0,nan,0.0,0,nan,0.0,0.0,0.0,0.47251710295677185,0.3899841904640198,2,2,nan,nan
3200001,OP7,9400000,OP7:9400000,177,leading,,177,0.26249999999999996,1.0,0.0,1.0,0,0,2,0,1,1,0.03219790384173393,0.15948978066444397,0.0,nan,0.0,0.0,nan,0.0,0,nan,0.0,0.0,0.0,0.4744223952293396,0.33553415536880493,2,2,nan,nan
3200001,OP7,9400000,OP7:9400000,178,leading,,178,0.2583333333333333,1.0,0.0,1.0,0,0,2,0,1,1,0.026494408026337624,0.15803289413452148,0.0,nan,0.0,0.0,nan,0.0,0,nan,0.0,0.0,0.0,0.5136126279830933,0.28108417987823486,2,2,nan,nan
3200001,OP7,9400000,OP7:9400000,179,leading,,179,0.25416666666666665,1.0,0.0,1.0,0,0,2,0,1,0,0.020790863782167435,0.15677115321159363,0.0,nan,0.0,0.0,nan,0.0,0,nan,0.0,0.0,0.0,0.47910040616989136,0.2266341894865036,2,2,nan,nan
3200001,OP7,9400000,OP7:9400000,180,leading,,180,0.25,1.0,0.0,1.0,0,0,2,0,1,0,0.015087366104125977,0.15570931136608124,0.0,nan,0.0,0.0,nan,0.0,0,nan,0.0,0.0,0.0,0.4731130599975586,0.17218419909477234,2,2,nan,nan
3200001,OP7,9400000,OP7:9400000,181,leading,,181,0.24583333333333335,1.0,0.0,1.0,0,0,2,0,1,0,0.009383821859955788,0.154851496219635,0.0,nan,0.0,0.0,nan,0.0,0,nan,0.0,0.0,0.0,0.5262126922607422,0.11773420870304108,2,2,nan,nan
3200001,OP7,9400000,OP7:9400000,182,leading,,182,0.2416666666666667,1.0,0.0,1.0,0,0,1,0,1,0,0.003680324647575617,0.15420110523700714,0.0,nan,0.0,0.0,nan,0.0,0,nan,0.0,0.0,0.0,0.5532348155975342,0.06328421086072922,2,2,nan,nan
3200001,OP7,9400000,OP7:9400000,183,leading,,183,0.23750000000000004,1.0,0.0,1.0,0,0,1,0,1,0,0.04972434043884277,0.11116156727075577,0.0,nan,0.0,0.0,nan,0.0,0,nan,0.0,0.0,0.0,0.5562595725059509,0.07844050228595734,2,2,nan,nan
3200001,OP7,9400000,OP7:9400000,184,leading,,184,0.23333333333333328,1.0,0.0,1.0,0,0,1,0,0,0,0.05483813211321831,0.055591385811567307,0.0,nan,0.0,0.0,nan,0.0,0,nan,0.0,0.0,0.0,0.5024629831314087,0.10809346288442612,2,2,nan,nan
3200001,OP7,9400000,OP7:9400000,185,leading,,185,0.22916666666666663,1.0,0.0,1.0,0,0,0,0,0,0,0.04926919937133789,0.12770861387252808,0.0,nan,0.0,0.0,nan,0.0,0,nan,0.0,0.0,0.0,0.44864922761917114,0.05364346504211426,2,2,nan,nan
3200001,OP7,9400000,OP7:9400000,186,leading,,186,0.22499999999999998,1.0,0.0,1.0,0,0,0,0,0,0,0.009435320273041725,0.17774927616119385,0.0,nan,0.0,0.0,nan,0.0,0,nan,0.0,0.0,0.0,0.3990219235420227,0.07176404446363449,2,2,nan,nan
3200001,OP7,9400000,OP7:9400000,187,leading,,187,0.22083333333333333,1.0,0.0,1.0,0,0,0,1,1,0,0.025757789611816406,0.18045172095298767,0.0,nan,0.0,0.0,nan,0.0,0,nan,0.0,0.0,0.0,0.37313809990882874,0.1203964501619339,2,2,nan,nan
3200001,OP7,9400000,OP7:9400000,188,leading,,188,0.21666666666666667,1.0,0.0,1.0,0,0,0,1,1,0,0.024857044219970703,0.18040721118450165,0.0,nan,0.0,0.0,nan,0.0,0,nan,0.0,0.0,0.0,0.41955623030662537,0.16655389964580536,2,2,nan,nan
3200001,OP7,9400000,OP7:9400000,189,leading,,189,0.21250000000000002,1.0,0.0,1.0,0,0,0,1,1,0,0.013712597079575062,0.18132072687149048,0.0,nan,0.0,0.0,nan,0.0,0,nan,0.0,0.0,0.0,0.4702911376953125,0.21228039264678955,2,2,nan,nan
3200001,OP7,9400000,OP7:9400000,190,leading,,190,0.20833333333333337,1.0,0.0,1.0,0,0,0,1,1,1,0.0025681019760668278,0.18293437361717224,0.0,nan,0.0,0.0,nan,0.0,0,nan,0.0,0.0,0.0,0.5216704607009888,0.26137199997901917,2,2,nan,nan
3200001,OP7,9400000,OP7:9400000,191,leading,,191,0.20416666666666672,1.0,0.0,1.0,0,0,0,1,1,1,0.0085763456299901,0.18522992730140686,0.0,nan,0.0,0.0,nan,0.0,0,nan,0.0,0.0,0.0,0.5735210180282593,0.31224554777145386,2,2,nan,nan
3200001,OP7,9400000,OP7:9400000,192,leading,,192,0.19999999999999996,1.0,0.0,1.0,0,0,0,1,1,1,0.019720792770385742,0.18818238377571106,0.0,nan,0.0,0.0,nan,0.0,0,nan,0.0,0.0,0.0,0.6257256269454956,0.36415499448776245,2,2,nan,nan
3200001,OP7,9400000,OP7:9400000,193,leading,,193,0.1958333333333333,1.0,0.0,1.0,0,0,0,0,1,2,0.014751672744750977,0.18754076957702637,0.0,nan,0.0,0.0,nan,0.0,1,nan,1.0,0.0,0.0,0.6078159213066101,0.4185982644557953,2,2,nan,nan
3200001,OP7,9400000,OP7:9400000,194,leading,,194,0.19166666666666665,1.0,0.0,1.0,0,0,1,0,1,2,0.03225693851709366,0.17875798046588898,0.0,nan,0.0,0.0,nan,0.0,0,nan,0.0,0.0,0.0,0.6057735681533813,0.4730431139469147,2,2,nan,nan
3200001,OP7,9400000,OP7:9400000,195,leading,,195,0.1875,1.0,0.0,1.0,0,0,2,0,1,2,0.022603273391723633,0.1253681778907776,0.0,nan,0.0,0.0,nan,0.0,0,nan,0.0,0.0,0.0,0.6289388537406921,0.5274889469146729,2,2,nan,nan
3200001,OP7,9400000,OP7:9400000,196,leading,,196,0.18333333333333335,1.0,0.0,1.0,0,0,2,0,1,2,0.07258401066064835,0.08378727734088898,0.0,nan,0.0,0.0,nan,0.0,0,nan,0.0,0.0,0.0,0.6498357653617859,0.5360546708106995,2,2,nan,nan
3200001,OP7,9400000,OP7:9400000,197,leading,,197,0.1791666666666667,1.0,0.0,1.0,0,0,2,0,1,2,0.08304838836193085,0.09238097816705704,0.0,nan,0.0,0.0,nan,0.0,0,nan,0.0,0.0,0.0,0.6110147833824158,0.4848082959651947,2,2,nan,nan
3200001,OP7,9400000,OP7:9400000,198,leading,,198,0.17500000000000004,1.0,0.0,1.0,0,0,2,0,1,2,0.07386527210474014,0.0840049609541893,0.0,nan,0.0,0.0,nan,0.0,0,nan,0.0,0.0,0.0,0.5625318288803101,0.43035832047462463,2,2,nan,nan
3200001,OP7,9400000,OP7:9400000,199,leading,,199,0.17083333333333328,1.0,0.0,1.0,0,0,2,0,1,1,0.06468214839696884,0.07581882178783417,0.0,nan,0.0,0.0,nan,0.0,0,nan,0.0,0.0,0.0,0.5108804702758789,0.3759083151817322,2,2,nan,nan
3200001,OP7,9400000,OP7:9400000,200,leading,,200,0.16666666666666663,1.0,0.0,1.0,0,0,2,0,1,0,0.05549902841448784,0.06789125502109528,0.0,nan,0.0,0.0,nan,0.0,0,nan,0.0,0.0,0.0,0.45773082971572876,0.3214583694934845,2,2,nan,nan
3200001,OP7,9400000,OP7:9400000,201,leading,,201,0.16249999999999998,1.0,0.0,1.0,0,0,2,0,1,0,0.046315908432006836,0.06032432243227959,0.0,nan,0.0,0.0,nan,0.0,0,nan,0.0,0.0,0.0,0.45073407888412476,0.26700836420059204,2,2,nan,nan
3200001,OP7,9400000,OP7:9400000,202,leading,,202,0.15833333333333333,1.0,0.0,1.0,0,0,2,0,1,0,0.03713278844952583,0.05327187106013298,0.0,nan,0.0,0.0,nan,0.0,0,nan,0.0,0.0,0.0,0.4840599596500397,0.2125583440065384,2,2,nan,nan
3200001,OP7,9400000,OP7:9400000,203,leading,,203,0.15416666666666667,1.0,0.0,1.0,0,0,2,0,1,0,0.02794971503317356,0.046966303139925,0.0,nan,0.0,0.0,nan,0.0,0,nan,0.0,0.0,0.0,0.46414288878440857,0.15810833871364594,2,2,nan,nan
3200001,OP7,9400000,OP7:9400000,204,leading,,204,0.15000000000000002,1.0,0.0,1.0,0,0,2,0,1,0,0.01876659318804741,0.04174735024571419,0.0,nan,0.0,0.0,nan,0.0,0,nan,0.0,0.0,0.0,0.4113234877586365,0.10365834087133408,2,2,nan,nan
3200001,OP7,9400000,OP7:9400000,205,leading,,205,0.14583333333333337,1.0,0.0,1.0,0,0,0,0,1,0,0.0095834257081151,0.03806465119123459,0.0,nan,0.0,0.0,nan,0.0,0,nan,0.0,0.0,0.0,0.3615126311779022,0.04920833185315132,2,2,nan,nan
3200001,OP7,9400000,OP7:9400000,206,leading,,206,0.14166666666666672,1.0,0.0,1.0,0,0,0,0,1,0,0.0034225941635668278,0.04484079033136368,0.0,nan,0.0,0.0,nan,0.0,0,nan,0.0,0.0,0.0,0.3107377588748932,0.06564844399690628,2,2,nan,nan
3200001,OP7,9400000,OP7:9400000,207,leading,,207,0.13749999999999996,1.0,0.0,1.0,0,0,0,0,1,0,0.018523264676332474,0.053537823259830475,0.0,nan,0.0,0.0,nan,0.0,0,nan,0.0,0.0,0.0,0.2885283827781677,0.11661235988140106,2,2,nan,nan
3200001,OP7,9400000,OP7:9400000,208,leading,,208,0.1333333333333333,1.0,0.0,1.0,0,0,0,1,1,0,0.01831202581524849,0.07725195586681366,0.0,nan,0.0,0.0,nan,0.0,0,nan,0.0,0.0,0.0,0.23601441085338593,0.12453291565179825,2,2,nan,nan
3200001,OP7,9400000,OP7:9400000,209,leading,,209,0.12916666666666665,1.0,0.0,1.0,0,0,0,1,1,0,0.01598210260272026,0.07649797201156616,0.0,nan,0.0,0.0,nan,0.0,0,nan,0.0,0.0,0.0,0.24848732352256775,0.17407472431659698,2,2,nan,nan
3200001,OP7,9400000,OP7:9400000,210,leading,,210,0.125,1.0,0.0,1.0,0,0,0,1,1,0,0.013652181252837181,0.07580888271331787,0.0,nan,0.0,0.0,nan,0.0,0,nan,0.0,0.0,0.0,0.30148839950561523,0.2258875072002411,2,2,nan,nan
3200001,OP7,9400000,OP7:9400000,211,leading,,211,0.12083333333333335,1.0,0.0,1.0,0,0,0,1,1,0,0.011322354897856712,0.07518649846315384,0.0,nan,0.0,0.0,nan,0.0,0,nan,0.0,0.0,0.0,0.35477393865585327,0.2787076234817505,2,2,nan,nan
3200001,OP7,9400000,OP7:9400000,212,leading,,212,0.1166666666666667,1.0,0.0,1.0,0,0,0,1,1,1,0.008992433547973633,0.0746324434876442,0.0,nan,0.0,0.0,nan,0.0,0,nan,0.0,0.0,0.0,0.40823259949684143,0.33205467462539673,2,2,nan,nan
3200001,OP7,9400000,OP7:9400000,213,leading,,213,0.11250000000000004,1.0,0.0,1.0,0,0,0,1,1,1,0.006662511732429266,0.0741482749581337,0.0,nan,0.0,0.0,nan,0.0,0,nan,0.0,0.0,0.0,0.46180424094200134,0.38571009039878845,2,2,nan,nan
3200001,OP7,9400000,OP7:9400000,214,leading,,214,0.10833333333333328,1.0,0.0,1.0,0,0,0,1,1,2,0.004332685377448797,0.07373537123203278,0.0,nan,0.0,0.0,nan,0.0,0,nan,0.0,0.0,0.0,0.5154536366462708,0.43956097960472107,2,2,nan,nan
3200001,OP7,9400000,OP7:9400000,215,leading,,215,0.10416666666666663,1.0,0.0,1.0,0,0,0,1,1,2,0.026937197893857956,0.07646045088768005,0.0,nan,0.0,0.0,nan,0.0,1,nan,1.0,0.0,0.0,0.5720492601394653,0.4935433268547058,2,2,nan,nan
3200001,OP7,9400000,OP7:9400000,216,leading,,216,0.09999999999999998,1.0,0.0,1.0,0,0,1,1,1,2,0.010588979348540306,0.047255177050828934,0.0,nan,0.0,0.0,nan,0.0,0,nan,0.0,0.0,0.0,0.6242024302482605,0.5476182699203491,2,2,nan,nan
3200001,OP7,9400000,OP7:9400000,217,leading,,217,0.09583333333333333,1.0,0.0,1.0,0,0,1,0,1,2,0.02076716348528862,0.020834006369113922,0.0,nan,0.0,0.0,nan,0.0,1,nan,1.0,0.0,0.0,0.6440558433532715,0.5845147371292114,2,2,nan,nan
3200001,OP7,9400000,OP7:9400000,218,leading,,218,0.09166666666666667,1.0,0.0,1.0,0,0,2,0,1,2,0.0219452865421772,0.10941274464130402,0.0,nan,0.0,0.0,nan,0.0,0,nan,0.0,0.0,0.0,0.611242949962616,0.5323439240455627,2,2,nan,nan
3200001,OP7,9400000,OP7:9400000,219,leading,,219,0.08750000000000002,1.0,0.0,1.0,0,0,2,0,1,2,0.09791664779186249,0.18796345591545105,0.0,nan,0.0,0.0,nan,0.0,0,nan,0.0,0.0,0.0,0.6197104454040527,0.4778938889503479,2,2,nan,nan
3200001,OP7,9400000,OP7:9400000,220,leading,,220,0.08333333333333337,1.0,0.0,1.0,0,0,2,0,1,2,0.10611291229724884,0.19321931898593903,0.0,nan,0.0,0.0,nan,0.0,0,nan,0.0,0.0,0.0,0.6330245733261108,0.42344388365745544,2,2,nan,nan
3200001,OP7,9400000,OP7:9400000,221,leading,,221,0.07916666666666672,1.0,0.0,1.0,0,0,2,0,1,1,0.09557638317346573,0.18807612359523773,0.0,nan,0.0,0.0,nan,0.0,0,nan,0.0,0.0,0.0,0.6096604466438293,0.3689938485622406,2,2,nan,nan
3200001,OP7,9400000,OP7:9400000,222,leading,,222,0.07499999999999996,1.0,0.0,1.0,0,0,2,0,1,1,0.08503985404968262,0.18339604139328003,0.0,nan,0.0,0.0,nan,0.0,0,nan,0.0,0.0,0.0,0.5699110627174377,0.31454384326934814,2,2,nan,nan
3200001,OP7,9400000,OP7:9400000,223,leading,,223,0.0708333333333333,1.0,0.0,1.0,0,0,2,0,1,1,0.0745033249258995,0.17921534180641174,0.0,nan,0.0,0.0,nan,0.0,0,nan,0.0,0.0,0.0,0.522312581539154,0.2600938379764557,2,2,nan,nan
3200001,OP7,9400000,OP7:9400000,224,leading,,224,0.06666666666666665,1.0,0.0,1.0,0,0,2,0,1,0,0.0639667958021164,0.17556968331336975,0.0,nan,0.0,0.0,nan,0.0,0,nan,0.0,0.0,0.0,0.4710361063480377,0.20564381778240204,2,2,nan,nan
3200001,OP7,9400000,OP7:9400000,225,leading,,225,0.0625,1.0,0.0,1.0,0,0,2,0,1,0,0.05343027040362358,0.17249301075935364,0.0,nan,0.0,0.0,nan,0.0,0,nan,0.0,0.0,0.0,0.4607059955596924,0.1511937975883484,2,2,nan,nan
3200001,OP7,9400000,OP7:9400000,226,leading,,226,0.05833333333333335,1.0,0.0,1.0,0,0,1,0,1,0,0.04289374500513077,0.17001619935035706,0.0,nan,0.0,0.0,nan,0.0,0,nan,0.0,0.0,0.0,0.5129263997077942,0.09674379229545593,2,2,nan,nan
3200001,OP7,9400000,OP7:9400000,227,leading,,227,0.054166666666666696,1.0,0.0,1.0,0,0,1,0,1,0,0.019296789541840553,0.11605529487133026,0.0,nan,0.0,0.0,nan,0.0,0,nan,0.0,0.0,0.0,0.5646618008613586,0.10524038225412369,2,2,nan,nan
3200001,OP7,9400000,OP7:9400000,228,leading,,228,0.050000000000000044,1.0,0.0,1.0,0,0,1,0,1,0,0.03738207742571831,0.03804629668593407,0.0,nan,0.0,0.0,nan,0.0,0,nan,0.0,0.0,0.0,0.6168990135192871,0.15501803159713745,2,2,nan,nan
3200001,OP7,9400000,OP7:9400000,229,leading,,229,0.04583333333333328,1.0,0.0,1.0,0,0,1,0,0,0,0.03988828510046005,0.10857679694890976,0.0,nan,0.0,0.0,nan,0.0,0,nan,0.0,0.0,0.0,0.6419787406921387,0.1005680188536644,2,2,nan,nan
3200001,OP7,9400000,OP7:9400000,230,leading,,230,0.04166666666666663,1.0,0.0,1.0,0,0,0,0,0,0,0.042394496500492096,0.21330241858959198,0.0,nan,0.0,0.0,nan,0.0,0,nan,0.0,0.0,0.0,0.6747387647628784,0.04611801728606224,2,2,nan,nan
3200001,OP7,9400000,OP7:9400000,231,leading,,231,0.03749999999999998,1.0,0.0,1.0,0,0,0,0,0,0,0.09145846217870712,0.2773148715496063,0.0,nan,0.0,0.0,nan,0.0,0,nan,0.0,0.0,0.0,0.6865808963775635,0.0670555979013443,2,2,nan,nan
3200001,OP7,9400000,OP7:9400000,232,leading,,232,0.033333333333333326,1.0,0.0,1.0,0,0,0,0,0,0,0.09111995995044708,0.2771727442741394,0.0,nan,0.0,0.0,nan,0.0,0,nan,0.0,0.0,0.0,0.6897964477539062,0.11421551555395126,2,2,nan,nan
3200001,OP7,9400000,OP7:9400000,233,leading,,233,0.029166666666666674,1.0,0.0,1.0,0,0,0,0,0,1,0.0813363566994667,0.27403026819229126,0.0,nan,0.0,0.0,nan,0.0,0,nan,0.0,0.0,0.0,0.6611525416374207,0.16290205717086792,2,2,nan,nan
3200001,OP7,9400000,OP7:9400000,234,leading,,234,0.025000000000000022,1.0,0.0,1.0,0,0,0,0,0,1,0.07155275344848633,0.27120450139045715,0.0,nan,0.0,0.0,nan,0.0,0,nan,0.0,0.0,0.0,0.6074186563491821,0.21437951922416687,2,2,nan,nan
3200001,OP7,9400000,OP7:9400000,235,leading,,235,0.02083333333333337,1.0,0.0,1.0,0,0,0,0,0,1,0.06176915019750595,0.26870548725128174,0.0,nan,0.0,0.0,nan,0.0,0,nan,0.0,0.0,0.0,0.5548027157783508,0.2670387327671051,2,2,nan,nan
3200001,OP7,9400000,OP7:9400000,236,leading,,236,0.01666666666666672,1.0,0.0,1.0,0,0,0,0,0,1,0.07143326103687286,0.25588712096214294,0.0,nan,0.0,0.0,nan,0.0,0,nan,0.0,0.0,0.0,0.5130890011787415,0.32029733061790466,2,2,nan,nan
3200001,OP7,9400000,OP7:9400000,237,leading,,237,0.012499999999999956,1.0,0.0,1.0,0,0,0,0,0,1,0.06523098796606064,0.27615466713905334,0.0,nan,0.0,0.0,nan,0.0,1,nan,1.0,0.0,0.0,0.5147260427474976,0.37389931082725525,2,2,nan,nan
3200001,OP7,9400000,OP7:9400000,238,leading,dropped_the_flag|tagged_while_carrying|tagged_while_carrying,238,0.008333333333333304,1.0,0.0,1.0,1,0,0,0,0,2,0.04437761381268501,0.26965585350990295,1.0,0.12582913041114807,1.0,0.0,0.26965585350990295,1.0,1,0.14224687218666077,1.0,0.0,0.0,0.5559049248695374,0.42771559953689575,2,2,-0.1274089813232422,0.0
3200001,OP7,9400000,OP7:9400000,239,leading,,239,0.004166666666666652,1.0,0.0,1.0,0,0,1,0,0,2,0.01807532273232937,0.20290935039520264,0.0,nan,0.0,0.0,nan,0.0,0,nan,0.0,0.0,0.0,0.6076695322990417,0.4809266924858093,2,2,nan,nan
3200001,OP7,9400001,OP7:9400001,0,tied,,0,1.0,0.0,0.0,0.0,0,0,0,0,0,0,0.021309733390808105,0.021603552624583244,0.0,nan,0.0,0.0,nan,0.0,2,nan,1.0,0.0,0.0,0.7202118039131165,0.09153562039136887,2,2,nan,nan
3200001,OP7,9400001,OP7:9400001,1,tied,,1,0.9958333333333333,0.0,0.0,0.0,0,0,0,0,0,0,0.06989681720733643,0.07097313553094864,0.0,nan,0.0,0.0,nan,0.0,2,nan,1.0,0.0,0.0,0.6962665319442749,0.06716112047433853,2,2,nan,nan
3200001,OP7,9400001,OP7:9400001,2,tied,,2,0.9916666666666667,0.0,0.0,0.0,0,0,0,0,0,0,0.06546933948993683,0.06672905385494232,0.0,nan,0.0,0.0,nan,0.0,2,nan,1.0,0.0,0.0,0.6485010385513306,0.09192304313182831,2,2,nan,nan
3200001,OP7,9400001,OP7:9400001,3,tied,,3,0.9875,0.0,0.0,0.0,0,0,0,0,0,0,0.06054992601275444,0.06205010414123535,0.0,nan,0.0,0.0,nan,0.0,2,nan,1.0,0.0,0.0,0.5983512997627258,0.135867178440094,2,2,nan,nan
3200001,OP7,9400001,OP7:9400001,4,tied,,4,0.9833333333333333,0.0,0.0,0.0,0,0,0,0,0,0,0.05563046783208847,0.05741884186863899,0.0,nan,0.0,0.0,nan,0.0,2,nan,1.0,0.0,0.0,0.5484846830368042,0.18547114729881287,2,2,nan,nan
3200001,OP7,9400001,OP7:9400001,5,tied,,5,0.9791666666666666,0.0,0.0,0.0,0,0,0,0,0,0,0.07601764053106308,0.08254033327102661,0.0,nan,0.0,0.0,nan,0.0,2,nan,1.0,0.0,0.0,0.4989858567714691,0.23981797695159912,2,2,nan,nan
3200001,OP7,9400001,OP7:9400001,6,tied,,6,0.975,0.0,0.0,0.0,0,0,0,0,0,0,0.04511742666363716,0.05413633584976196,0.0,nan,0.0,0.0,nan,0.0,2,nan,1.0,0.0,0.0,0.44997638463974,0.2825790047645569,2,2,nan,nan
3200001,OP7,9400001,OP7:9400001,7,tied,,7,0.9708333333333333,0.0,0.0,0.0,0,0,0,1,1,0,0.03706209734082222,0.08111691474914551,0.0,nan,0.0,0.0,nan,0.0,1,nan,1.0,0.0,0.0,0.4016353487968445,0.31134307384490967,2,2,nan,nan
3200001,OP7,9400001,OP7:9400001,8,tied,,8,0.9666666666666667,0.0,0.0,0.0,0,0,0,1,1,1,0.002020883606746793,0.06868331879377365,0.0,nan,0.0,0.0,nan,0.0,1,nan,1.0,0.0,0.0,0.3759945034980774,0.3581196367740631,2,2,nan,nan
3200001,OP7,9400001,OP7:9400001,9,tied,,9,0.9625,0.0,0.0,0.0,0,0,0,1,1,2,0.009363269433379173,0.06424050033092499,0.0,nan,0.0,0.0,nan,0.0,1,nan,1.0,0.0,0.0,0.41727590560913086,0.4123753607273102,2,2,nan,nan
3200001,OP7,9400001,OP7:9400001,10,tied,,10,0.9583333333333334,0.0,0.0,0.0,0,0,0,1,1,2,0.02579493448138237,0.058491963893175125,0.0,nan,0.0,0.0,nan,0.0,1,nan,1.0,0.0,0.0,0.43746405839920044,0.4750368595123291,2,2,nan,nan
3200001,OP7,9400001,OP7:9400001,11,tied,,11,0.9541666666666667,0.0,0.0,0.0,0,0,0,1,1,2,0.06971800327301025,0.09145872294902802,0.0,nan,0.0,0.0,nan,0.0,1,nan,1.0,1.0,0.0,0.4558084011077881,0.5259507894515991,2,2,nan,nan
3200001,OP7,9400001,OP7:9400001,12,tied,,12,0.95,0.0,0.0,0.0,0,0,0,1,1,2,0.11364112049341202,0.13136324286460876,0.0,nan,0.0,0.0,nan,0.0,1,nan,1.0,1.0,0.0,0.49298447370529175,0.5775102972984314,2,2,nan,nan
3200001,OP7,9400001,OP7:9400001,13,tied,,13,0.9458333333333333,0.0,0.0,0.0,0,0,0,1,1,2,0.09480123221874237,0.12107491493225098,0.0,nan,0.0,0.0,nan,0.0,1,nan,1.0,1.0,0.0,0.5408123731613159,0.6121135950088501,2,2,nan,nan
3200001,OP7,9400001,OP7:9400001,14,tied,,14,0.9416666666666667,0.0,0.0,0.0,1,0,1,1,1,2,0.07252178341150284,0.10236871242523193,1.0,0.12751150131225586,1.0,1.0,0.10236871242523193,0.0,0,inf,0.0,1.0,0.0,0.5671793818473816,0.6494439244270325,2,2,nan,nan
3200001,OP7,9400001,OP7:9400001,15,tied,dropped_the_flag|tagged_while_carrying,15,0.9375,0.0,0.0,0.0,1,0,1,0,1,2,0.0547947883605957,0.11882917582988739,1.0,0.11348491907119751,1.0,1.0,0.11882917582988739,0.0,1,0.11348491907119751,1.0,0.0,0.0,0.5912541747093201,0.6217324137687683,2,2,-0.00534425675868988,0.0
3200001,OP7,9400001,OP7:9400001,16,tied,,16,0.9333333333333333,0.0,0.0,0.0,0,0,2,0,1,2,0.07067837566137314,0.12915010750293732,0.0,nan,0.0,0.0,nan,0.0,0,nan,0.0,0.0,0.0,0.6104189157485962,0.5672824382781982,2,2,nan,nan
3200001,OP7,9400001,OP7:9400001,17,tied,,17,0.9291666666666667,0.0,0.0,0.0,0,0,2,0,1,2,0.06485090404748917,0.12623800337314606,0.0,nan,0.0,0.0,nan,0.0,0,nan,0.0,0.0,0.0,0.6020252704620361,0.5128324627876282,2,2,nan,nan
3200001,OP7,9400001,OP7:9400001,18,tied,,18,0.925,0.0,0.0,0.0,0,0,2,0,1,2,0.059023428708314896,0.12353267520666122,0.0,nan,0.0,0.0,nan,0.0,0,nan,0.0,0.0,0.0,0.6121396422386169,0.4583824574947357,2,2,nan,nan
3200001,OP7,9400001,OP7:9400001,19,tied,,19,0.9208333333333334,0.0,0.0,0.0,0,0,2,0,1,2,0.053195953369140625,0.12104801088571548,0.0,nan,0.0,0.0,nan,0.0,0,nan,0.0,0.0,0.0,0.6018496155738831,0.40393248200416565,2,2,nan,nan
3200001,OP7,9400001,OP7:9400001,20,tied,,20,0.9166666666666666,0.0,0.0,0.0,0,0,2,0,1,1,0.047368478029966354,0.11879785358905792,0.0,nan,0.0,0.0,nan,0.0,0,nan,0.0,0.0,0.0,0.5648537874221802,0.3494824767112732,2,2,nan,nan
3200001,OP7,9400001,OP7:9400001,21,tied,,21,0.9125,0.0,0.0,0.0,0,0,2,0,1,1,0.041541002690792084,0.11679574102163315,0.0,nan,0.0,0.0,nan,0.0,0,nan,0.0,0.0,0.0,0.5141650438308716,0.29503247141838074,2,2,nan,nan
3200001,OP7,9400001,OP7:9400001,22,tied,,22,0.9083333333333333,0.0,0.0,0.0,0,0,2,0,1,0,0.03571357578039169,0.11505468189716339,0.0,nan,0.0,0.0,nan,0.0,0,nan,0.0,0.0,0.0,0.4583005905151367,0.24058249592781067,2,2,nan,nan
3200001,OP7,9400001,OP7:9400001,23,tied,,23,0.9041666666666667,0.0,0.0,0.0,0,0,2,0,1,0,0.02988605573773384,0.11358658969402313,0.0,nan,0.0,0.0,nan,0.0,0,nan,0.0,0.0,0.0,0.45188456773757935,0.1861325204372406,2,2,nan,nan
3200001,OP7,9400001,OP7:9400001,24,tied,,24,0.9,0.0,0.0,0.0,0,0,2,0,1,0,0.02405858039855957,0.11240222305059433,0.0,nan,0.0,0.0,nan,0.0,0,nan,0.0,0.0,0.0,0.501988410949707,0.13168251514434814,2,2,nan,nan
3200001,OP7,9400001,OP7:9400001,25,tied,,25,0.8958333333333334,0.0,0.0,0.0,0,0,1,0,1,0,0.01823105849325657,0.11151061207056046,0.0,nan,0.0,0.0,nan,0.0,0,nan,0.0,0.0,0.0,0.5478644371032715,0.07723251730203629,2,2,nan,nan
3200001,OP7,9400001,OP7:9400001,26,tied,,26,0.8916666666666666,0.0,0.0,0.0,0,0,1,0,1,0,0.040836237370967865,0.07366599142551422,0.0,nan,0.0,0.0,nan,0.0,0,nan,0.0,0.0,0.0,0.5934449434280396,0.08906662464141846,2,2,nan,nan
3200001,OP7,9400001,OP7:9400001,27,tied,,27,0.8875,0.0,0.0,0.0,0,0,0,0,1,0,0.05764637142419815,0.07378089427947998,0.0,nan,0.0,0.0,nan,0.0,0,nan,0.0,0.0,0.0,0.6183619499206543,0.07909392565488815,2,2,nan,nan
3200001,OP7,9400001,OP7:9400001,28,tied,,28,0.8833333333333333,0.0,0.0,0.0,0,0,0,0,0,0,0.1064634770154953,0.14728203415870667,0.0,nan,0.0,0.0,nan,0.0,0,nan,0.0,0.0,0.0,0.6303585767745972,0.09055288881063461,2,2,nan,nan
3200001,OP7,9400001,OP7:9400001,29,tied,,29,0.8791666666666667,0.0,0.0,0.0,0,0,0,0,0,0,0.09806589782238007,0.139942467212677,0.0,nan,0.0,0.0,nan,0.0,0,nan,0.0,0.0,0.0,0.6565639972686768,0.14226293563842773,2,2,nan,nan
3200001,OP7,9400001,OP7:9400001,30,tied,,30,0.875,0.0,0.0,0.0,0,0,0,0,0,0,0.08420400321483612,0.12872587144374847,0.0,nan,0.0,0.0,nan,0.0,0,nan,0.0,0.0,0.0,0.6707687973976135,0.19427360594272614,2,2,nan,nan
3200001,OP7,9400001,OP7:9400001,31,tied,,31,0.8708333333333333,0.0,0.0,0.0,0,0,0,0,0,0,0.062253475189208984,0.11368131637573242,0.0,nan,0.0,0.0,nan,0.0,0,nan,0.0,0.0,0.0,0.6661787629127502,0.24526755511760712,2,2,nan,nan
3200001,OP7,9400001,OP7:9400001,32,tied,,32,0.8666666666666667,0.0,0.0,0.0,0,0,0,0,0,0,0.04030294343829155,0.10124357789754868,0.0,nan,0.0,0.0,nan,0.0,0,nan,0.0,0.0,0.0,0.6794778108596802,0.2974890470504761,2,2,nan,nan
3200001,OP7,9400001,OP7:9400001,33,tied,,33,0.8625,0.0,0.0,0.0,0,0,0,0,0,1,0.03571825101971626,0.09976422786712646,0.0,nan,0.0,0.0,nan,0.0,0,nan,0.0,0.0,0.0,0.6876019239425659,0.35038962960243225,2,2,nan,nan
3200001,OP7,9400001,OP7:9400001,34,tied,,34,0.8583333333333334,0.0,0.0,0.0,0,0,0,0,0,2,0.031133603304624557,0.09847712516784668,0.0,nan,0.0,0.0,nan,0.0,0,nan,0.0,0.0,0.0,0.6546941995620728,0.40370240807533264,2,2,nan,nan
3200001,OP7,9400001,OP7:9400001,35,tied,,35,0.8541666666666666,0.0,0.0,0.0,0,0,1,0,0,2,0.02654891088604927,0.09738979488611221,0.0,nan,0.0,0.0,nan,0.0,0,nan,0.0,0.0,0.0,0.5820077657699585,0.45728325843811035,2,2,nan,nan
3200001,OP7,9400001,OP7:9400001,36,tied,,36,0.85,0.0,0.0,0.0,0,0,1,0,0,2,0.0751703754067421,0.08762478828430176,0.0,nan,0.0,0.0,nan,0.0,0,nan,0.0,0.0,0.0,0.5631662011146545,0.511047899723053,2,2,nan,nan
3200001,OP7,9400001,OP7:9400001,37,tied,,37,0.8458333333333333,0.0,0.0,0.0,0,0,2,0,0,2,0.0814942866563797,0.10256625711917877,0.0,nan,0.0,0.0,nan,0.0,0,nan,0.0,0.0,0.0,0.5154554843902588,0.5062193870544434,2,2,nan,nan
3200001,OP7,9400001,OP7:9400001,38,tied,,38,0.8416666666666667,0.0,0.0,0.0,0,0,2,0,0,2,0.02032942697405815,0.11896902322769165,0.0,nan,0.0,0.0,nan,0.0,0,nan,0.0,0.0,0.0,0.49384450912475586,0.4517694115638733,2,2,nan,nan
3200001,OP7,9400001,OP7:9400001,39,tied,,39,0.8375,0.0,0.0,0.0,0,0,2,0,0,1,0.006253051571547985,0.11746805906295776,0.0,nan,0.0,0.0,nan,0.0,0,nan,0.0,0.0,0.0,0.4498419761657715,0.39731937646865845,2,2,nan,nan
3200001,OP7,9400001,OP7:9400001,40,tied,,40,0.8333333333333334,0.0,0.0,0.0,0,0,2,0,0,1,0.006482982542365789,0.139888197183609,0.0,nan,0.0,0.0,nan,0.0,0,nan,0.0,0.0,0.0,0.4155932068824768,0.3428694009780884,2,2,nan,nan
3200001,OP7,9400001,OP7:9400001,41,tied,,41,0.8291666666666666,0.0,0.0,0.0,0,0,2,0,0,1,0.008332443423569202,0.11491130292415619,0.0,nan,0.0,0.0,nan,0.0,0,nan,0.0,0.0,0.0,0.46995386481285095,0.2884194254875183,2,2,nan,nan
3200001,OP7,9400001,OP7:9400001,42,tied,,42,0.825,0.0,0.0,0.0,0,0,2,0,0,0,0.009121227078139782,0.11487917602062225,0.0,nan,0.0,0.0,nan,0.0,0,nan,0.0,0.0,0.0,0.4529293477535248,0.23396942019462585,2,2,nan,nan
3200001,OP7,9400001,OP7:9400001,43,tied,,43,0.8208333333333333,0.0,0.0,0.0,0,0,2,0,0,0,0.009910011664032936,0.11485252529382706,0.0,nan,0.0,0.0,nan,0.0,0,nan,0.0,0.0,0.0,0.441010057926178,0.1795194298028946,2,2,nan,nan
3200001,OP7,9400001,OP7:9400001,44,tied,,44,0.8166666666666667,0.0,0.0,0.0,0,0,2,0,0,0,0.010698842816054821,0.1148313507437706,0.0,nan,0.0,0.0,nan,0.0,0,nan,0.0,0.0,0.0,0.48956164717674255,0.12506943941116333,2,2,nan,nan
3200001,OP7,9400001,OP7:9400001,45,tied,,45,0.8125,0.0,0.0,0.0,0,0,1,0,0,0,0.011487578973174095,0.11481568962335587,0.0,nan,0.0,0.0,nan,0.0,0,nan,0.0,0.0,0.0,0.5409690141677856,0.07061944156885147,2,2,nan,nan
3200001,OP7,9400001,OP7:9400001,46,tied,,46,0.8083333333333333,0.0,0.0,0.0,0,0,1,0,0,0,0.06000328063964844,0.08474401384592056,0.0,nan,0.0,0.0,nan,0.0,0,nan,0.0,0.0,0.0,0.5923252701759338,0.08390741050243378,2,2,nan,nan
3200001,OP7,9400001,OP7:9400001,47,tied,,47,0.8041666666666667,0.0,0.0,0.0,0,0,0,0,0,0,0.06025366857647896,0.07727350294589996,0.0,nan,0.0,0.0,nan,0.0,0,nan,0.0,0.0,0.0,0.6435810327529907,0.07652297616004944,2,2,nan,nan
3200001,OP7,9400001,OP7:9400001,48,tied,,48,0.8,0.0,0.0,0.0,0,0,0,0,0,0,0.0013028144603595138,0.10317540168762207,0.0,nan,0.0,0.0,nan,0.0,0,nan,0.0,0.0,0.0,0.6946466565132141,0.08850383758544922,2,2,nan,nan
3200001,OP7,9400001,OP7:9400001,49,tied,,49,0.7958333333333334,0.0,0.0,0.0,0,0,0,0,0,0,0.0018671512370929122,0.10349935293197632,0.0,nan,0.0,0.0,nan,0.0,0,nan,0.0,0.0,0.0,0.7294673919677734,0.13999907672405243,2,2,nan,nan
3200001,OP7,9400001,OP7:9400001,50,tied,,50,0.7916666666666666,0.0,0.0,0.0,0,0,0,0,0,0,0.0065765380859375,0.1037563905119896,0.0,nan,0.0,0.0,nan,0.0,0,nan,0.0,0.0,0.0,0.7733361124992371,0.19007375836372375,2,2,nan,nan
3200001,OP7,9400001,OP7:9400001,51,tied,,51,0.7875,0.0,0.0,0.0,0,0,0,0,0,0,0.015020227059721947,0.10469608008861542,0.0,nan,0.0,0.0,nan,0.0,0,nan,0.0,0.0,0.0,0.7782387137413025,0.24204528331756592,2,2,nan,nan
3200001,OP7,9400001,OP7:9400001,52,tied,,52,0.7833333333333333,0.0,0.0,0.0,0,0,0,0,0,0,0.023463916033506393,0.10630027949810028,0.0,nan,0.0,0.0,nan,0.0,0,nan,0.0,0.0,0.0,0.7991499900817871,0.29491254687309265,2,2,nan,nan
3200001,OP7,9400001,OP7:9400001,53,tied,,53,0.7791666666666667,0.0,0.0,0.0,0,0,0,0,0,1,0.018621111288666725,0.10471316426992416,0.0,nan,0.0,0.0,nan,0.0,0,nan,0.0,0.0,0.0,0.7848459482192993,0.3482678532600403,2,2,nan,nan
3200001,OP7,9400001,OP7:9400001,54,tied,,54,0.775,0.0,0.0,0.0,0,0,0,0,0,2,0.013778304681181908,0.10333274304866791,0.0,nan,0.0,0.0,nan,0.0,0,nan,0.0,0.0,0.0,0.7826594114303589,0.40191689133644104,2,2,nan,nan
3200001,OP7,9400001,OP7:9400001,55,tied,,55,0.7708333333333334,0.0,0.0,0.0,0,0,0,0,0,2,0.027663564309477806,0.11530997604131699,0.0,nan,0.0,0.0,nan,0.0,0,nan,0.0,0.0,0.0,0.7359534502029419,0.44916653633117676,2,2,nan,nan
3200001,OP7,9400001,OP7:9400001,56,tied,,56,0.7666666666666666,0.0,0.0,0.0,0,0,1,0,0,2,0.06910538673400879,0.13975587487220764,0.0,nan,0.0,0.0,nan,0.0,0,nan,0.0,0.0,0.0,0.6877842545509338,0.49788913130760193,2,2,nan,nan
3200001,OP7,9400001,OP7:9400001,57,tied,,57,0.7625,0.0,0.0,0.0,0,0,1,0,0,2,0.16593150794506073,0.1737816482782364,0.0,nan,0.0,0.0,nan,0.0,0,nan,0.0,0.0,0.0,0.6547104120254517,0.5476917028427124,2,2,nan,nan
3200001,OP7,9400001,OP7:9400001,58,tied,,58,0.7583333333333333,0.0,0.0,0.0,0,0,1,0,0,2,0.20068907737731934,0.20588389039039612,0.0,nan,0.0,0.0,nan,0.0,1,nan,1.0,0.0,0.0,0.618998110294342,0.5321462154388428,2,2,nan,nan
3200001,OP7,9400001,OP7:9400001,59,tied,,59,0.7541666666666667,0.0,0.0,0.0,0,0,1,0,0,2,0.1597031056880951,0.2127792090177536,0.0,nan,0.0,0.0,nan,0.0,1,nan,1.0,0.0,0.0,0.5739898085594177,0.4776962399482727,2,2,nan,nan
3200001,OP7,9400001,OP7:9400001,60,tied,,60,0.75,0.0,0.0,0.0,0,0,1,0,0,2,0.11871729046106339,0.26351121068000793,0.0,nan,0.0,0.0,nan,0.0,1,nan,1.0,0.0,0.0,0.5241994261741638,0.423246294260025,2,2,nan,nan
3200001,OP7,9400001,OP7:9400001,61,tied,,61,0.7458333333333333,0.0,0.0,0.0,0,0,1,0,0,1,0.07773137092590332,0.3389359414577484,0.0,nan,0.0,0.0,nan,0.0,1,nan,1.0,0.0,0.0,0.47259417176246643,0.36879628896713257,2,2,nan,nan
3200001,OP7,9400001,OP7:9400001,62,tied,,62,0.7416666666666667,0.0,0.0,0.0,1,0,1,0,0,1,0.047394417226314545,0.4154894948005676,1.0,0.08284060657024384,1.0,0.0,0.4154894948005676,1.0,1,0.26371926069259644,1.0,0.0,0.0,0.46267691254615784,0.3143463134765625,2,2,-0.1517702341079712,0.0
3200001,OP7,9400001,OP7:9400001,63,tied,dropped_the_flag|tagged_while_carrying,63,0.7375,0.0,0.0,0.0,1,0,1,0,0,1,0.010502433404326439,0.4567110538482666,1.0,0.07596763968467712,1.0,0.0,0.4567110538482666,1.0,1,0.21508324146270752,1.0,0.0,0.0,0.5118151903152466,0.25989633798599243,2,2,-0.24162781238555908,0.0
3200001,OP7,9400001,OP7:9400001,64,tied,,64,0.7333333333333334,0.0,0.0,0.0,0,0,2,0,0,1,0.01254568062722683,0.45663338899612427,0.0,nan,0.0,0.0,nan,0.0,0,nan,0.0,0.0,0.0,0.5602246522903442,0.20544631779193878,2,2,nan,nan
3200001,OP7,9400001,OP7:9400001,65,tied,,65,0.7291666666666667,0.0,0.0,0.0,0,0,2,0,0,1,0.03958897665143013,0.45810627937316895,0.0,nan,0.0,0.0,nan,0.0,0,nan,0.0,0.0,0.0,0.607068657875061,0.15099629759788513,2,2,nan,nan
3200001,OP7,9400001,OP7:9400001,66,tied,,66,0.725,0.0,0.0,0.0,0,0,1,0,0,1,0.03940410539507866,0.45810580253601074,0.0,nan,0.0,0.0,nan,0.0,0,nan,0.0,0.0,0.0,0.6070249676704407,0.09654631465673447,2,2,nan,nan
3200001,OP7,9400001,OP7:9400001,67,tied,,67,0.7208333333333333,0.0,0.0,0.0,0,0,1,0,0,1,0.08917264640331268,0.41388019919395447,0.0,nan,0.0,0.0,nan,0.0,0,nan,0.0,0.0,0.0,0.5572828650474548,0.10507098585367203,2,2,nan,nan
3200001,OP7,9400001,OP7:9400001,68,tied,,68,0.7166666666666667,0.0,0.0,0.0,0,0,1,0,0,1,0.11487726867198944,0.32563668489456177,0.0,nan,0.0,0.0,nan,0.0,0,nan,0.0,0.0,0.0,0.5276681780815125,0.15920527279376984,2,2,nan,nan
3200001,OP7,9400001,OP7:9400001,69,tied,,69,0.7125,0.0,0.0,0.0,0,0,1,0,0,0,0.14058196544647217,0.24877169728279114,0.0,nan,0.0,0.0,nan,0.0,0,nan,0.0,0.0,0.0,0.4606448709964752,0.21350018680095673,2,2,nan,nan
3200001,OP7,9400001,OP7:9400001,70,tied,,70,0.7083333333333333,0.0,0.0,0.0,0,0,1,0,0,0,0.12579330801963806,0.15915051102638245,0.0,nan,0.0,0.0,nan,0.0,0,nan,0.0,0.0,0.0,0.4473867416381836,0.2571513056755066,2,2,nan,nan
3200001,OP7,9400001,OP7:9400001,71,tied,,71,0.7041666666666666,0.0,0.0,0.0,0,0,1,0,0,0,0.11100473254919052,0.11147743463516235,0.0,nan,0.0,0.0,nan,0.0,0,nan,0.0,0.0,0.0,0.4954470992088318,0.28240150213241577,2,2,nan,nan
3200001,OP7,9400001,OP7:9400001,72,tied,,72,0.7,0.0,0.0,0.0,0,0,1,0,0,0,0.09621615707874298,0.15225748717784882,0.0,nan,0.0,0.0,nan,0.0,0,nan,0.0,0.0,0.0,0.5426238179206848,0.22795148193836212,2,2,nan,nan
3200001,OP7,9400001,OP7:9400001,73,tied,,73,0.6958333333333333,0.0,0.0,0.0,0,0,1,0,0,0,0.08142757415771484,0.2399880439043045,0.0,nan,0.0,0.0,nan,0.0,0,nan,0.0,0.0,0.0,0.5897840261459351,0.17350149154663086,2,2,nan,nan
3200001,OP7,9400001,OP7:9400001,74,tied,,74,0.6916666666666667,0.0,0.0,0.0,0,0,1,0,0,0,0.02246098592877388,0.27718254923820496,0.0,nan,0.0,0.0,nan,0.0,0,nan,0.0,0.0,0.0,0.6363471746444702,0.1190514788031578,2,2,nan,nan
3200001,OP7,9400001,OP7:9400001,75,tied,,75,0.6875,0.0,0.0,0.0,0,0,0,0,0,0,0.009437751956284046,0.27688196301460266,0.0,nan,0.0,0.0,nan,0.0,0,nan,0.0,0.0,0.0,0.640119194984436,0.06460147351026535,2,2,nan,nan
3200001,OP7,9400001,OP7:9400001,76,tied,,76,0.6833333333333333,0.0,0.0,0.0,0,0,0,0,0,0,0.05336051061749458,0.23098543286323547,0.0,nan,0.0,0.0,nan,0.0,0,nan,0.0,0.0,0.0,0.6641095876693726,0.07940018177032471,2,2,nan,nan
3200001,OP7,9400001,OP7:9400001,77,tied,,77,0.6791666666666667,0.0,0.0,0.0,0,0,0,0,0,0,0.06999392807483673,0.1364373415708542,0.0,nan,0.0,0.0,nan,0.0,1,nan,1.0,0.0,0.0,0.6511459946632385,0.12965115904808044,2,2,nan,nan
3200001,OP7,9400001,OP7:9400001,78,tied,,78,0.675,0.0,0.0,0.0,0,0,0,0,0,0,0.012672185897827148,0.049827940762043,0.0,nan,0.0,0.0,nan,0.0,1,nan,1.0,0.0,0.0,0.6435934901237488,0.17842698097229004,2,2,nan,nan
3200001,OP7,9400001,OP7:9400001,79,tied,,79,0.6708333333333334,0.0,0.0,0.0,0,0,0,0,0,0,0.013026428408920765,0.046154312789440155,0.0,nan,0.0,0.0,nan,0.0,1,nan,1.0,0.0,0.0,0.6623090505599976,0.22976632416248322,2,2,nan,nan
3200001,OP7,9400001,OP7:9400001,80,tied,,80,0.6666666666666667,0.0,0.0,0.0,0,0,0,0,0,0,0.020669985562562943,0.049001507461071014,0.0,nan,0.0,0.0,nan,0.0,1,nan,1.0,0.0,0.0,0.6481466293334961,0.2822738587856293,2,2,nan,nan
3200001,OP7,9400001,OP7:9400001,81,tied,,81,0.6625,0.0,0.0,0.0,0,0,0,0,0,0,0.028313541784882545,0.05281071737408638,0.0,nan,0.0,0.0,nan,0.0,1,nan,1.0,0.0,0.0,0.6417226791381836,0.33540138602256775,2,2,nan,nan
3200001,OP7,9400001,OP7:9400001,82,tied,,82,0.6583333333333333,0.0,0.0,0.0,0,0,0,0,0,1,0.03595709800720215,0.05739067867398262,0.0,nan,0.0,0.0,nan,0.0,1,nan,1.0,0.0,0.0,0.6630522608757019,0.3888949155807495,2,2,nan,nan
3200001,OP7,9400001,OP7:9400001,83,tied,,83,0.6541666666666667,0.0,0.0,0.0,0,0,0,0,0,2,0.028011560440063477,0.05362001806497574,0.0,nan,0.0,0.0,nan,0.0,1,nan,1.0,0.0,0.0,0.6463223099708557,0.443037211894989,2,2,nan,nan
3200001,OP7,9400001,OP7:9400001,84,tied,,84,0.65,0.0,0.0,0.0,0,0,1,0,0,2,0.020066022872924805,0.05084044858813286,0.0,nan,0.0,0.0,nan,0.0,0,nan,0.0,0.0,0.0,0.5990648865699768,0.49724674224853516,2,2,nan,nan
3200001,OP7,9400001,OP7:9400001,85,tied,,85,0.6458333333333333,0.0,0.0,0.0,0,0,2,0,0,2,0.07954821735620499,0.080178402364254,0.0,nan,0.0,0.0,nan,0.0,0,nan,0.0,0.0,0.0,0.5936095714569092,0.5328317880630493,2,2,nan,nan
3200001,OP7,9400001,OP7:9400001,86,tied,,86,0.6416666666666666,0.0,0.0,0.0,0,0,2,0,0,2,0.1493016928434372,0.15403178334236145,0.0,nan,0.0,0.0,nan,0.0,0,nan,0.0,0.0,0.0,0.5615928769111633,0.48507270216941833,2,2,nan,nan
3200001,OP7,9400001,OP7:9400001,87,tied,,87,0.6375,0.0,0.0,0.0,0,0,2,0,0,2,0.14964985847473145,0.1543724238872528,0.0,nan,0.0,0.0,nan,0.0,0,nan,0.0,0.0,0.0,0.5227778553962708,0.4306226670742035,2,2,nan,nan
3200001,OP7,9400001,OP7:9400001,88,tied,,88,0.6333333333333333,0.0,0.0,0.0,0,0,2,0,0,1,0.13271984457969666,0.13861632347106934,0.0,nan,0.0,0.0,nan,0.0,0,nan,0.0,0.0,0.0,0.47495728731155396,0.3761727213859558,2,2,nan,nan
3200001,OP7,9400001,OP7:9400001,89,tied,,89,0.6291666666666667,0.0,0.0,0.0,0,0,2,0,0,0,0.11578984558582306,0.1232081800699234,0.0,nan,0.0,0.0,nan,0.0,0,nan,0.0,0.0,0.0,0.45076829195022583,0.32172271609306335,2,2,nan,nan
3200001,OP7,9400001,OP7:9400001,90,tied,,90,0.625,0.0,0.0,0.0,0,0,2,0,0,0,0.09885983169078827,0.10829664766788483,0.0,nan,0.0,0.0,nan,0.0,0,nan,0.0,0.0,0.0,0.4249824583530426,0.2672727108001709,2,2,nan,nan
3200001,OP7,9400001,OP7:9400001,91,tied,,91,0.6208333333333333,0.0,0.0,0.0,0,0,2,0,0,0,0.08192982524633408,0.09411804378032684,0.0,nan,0.0,0.0,nan,0.0,0,nan,0.0,0.0,0.0,0.3771648406982422,0.21282272040843964,2,2,nan,nan
3200001,OP7,9400001,OP7:9400001,92,tied,,92,0.6166666666666667,0.0,0.0,0.0,0,0,2,0,0,0,0.06499981880187988,0.08105789124965668,0.0,nan,0.0,0.0,nan,0.0,0,nan,0.0,0.0,0.0,0.33051007986068726,0.15837273001670837,2,2,nan,nan
3200001,OP7,9400001,OP7:9400001,93,tied,,93,0.6125,0.0,0.0,0.0,0,0,2,0,0,0,0.04806990548968315,0.0697474256157875,0.0,nan,0.0,0.0,nan,0.0,0,nan,0.0,0.0,0.0,0.28558865189552307,0.10392273962497711,2,2,nan,nan
3200001,OP7,9400001,OP7:9400001,94,tied,,94,0.6083333333333334,0.0,0.0,0.0,0,0,1,0,0,0,0.03113999404013157,0.06116495653986931,0.0,nan,0.0,0.0,nan,0.0,0,nan,0.0,0.0,0.0,0.24336230754852295,0.04947274550795555,2,2,nan,nan
3200001,OP7,9400001,OP7:9400001,95,tied,,95,0.6041666666666667,0.0,0.0,0.0,0,0,0,0,0,0,0.03822030872106552,0.038542572408914566,0.0,nan,0.0,0.0,nan,0.0,0,nan,0.0,0.0,0.0,0.20549917221069336,0.05181223899126053,2,2,nan,nan
3200001,OP7,9400001,OP7:9400001,96,tied,,96,0.6,0.0,0.0,0.0,0,0,0,1,2,0,0.0008942127460613847,0.06955330073833466,0.0,nan,0.0,0.0,nan,0.0,0,nan,0.0,0.0,0.0,0.174857035279274,0.07057338953018188,2,2,nan,nan
3200001,OP7,9400001,OP7:9400001,97,tied,,97,0.5958333333333333,0.0,0.0,0.0,0,0,0,1,2,0,0.019859790802001953,0.0996089056134224,0.0,nan,0.0,0.0,nan,0.0,0,nan,0.0,0.0,0.0,0.15111270546913147,0.09544003754854202,2,2,nan,nan
3200001,OP7,9400001,OP7:9400001,98,tied,,98,0.5916666666666667,0.0,0.0,0.0,0,0,0,1,2,0,0.03915815427899361,0.10663427412509918,0.0,nan,0.0,0.0,nan,0.0,0,nan,0.0,0.0,0.0,0.17416006326675415,0.1414978951215744,2,2,nan,nan
3200001,OP7,9400001,OP7:9400001,99,tied,,99,0.5875,0.0,0.0,0.0,0,0,0,1,2,0,0.036714933812618256,0.10603760182857513,0.0,nan,0.0,0.0,nan,0.0,0,nan,0.0,0.0,0.0,0.21710646152496338,0.18201464414596558,2,2,nan,nan
3200001,OP7,9400001,OP7:9400001,100,tied,,100,0.5833333333333333,0.0,0.0,0.0,0,0,0,1,2,0,0.0342717170715332,0.10549499094486237,0.0,nan,0.0,0.0,nan,0.0,0,nan,0.0,0.0,0.0,0.26320919394493103,0.2284001111984253,2,2,nan,nan
3200001,OP7,9400001,OP7:9400001,101,tied,,101,0.5791666666666666,0.0,0.0,0.0,0,0,0,1,2,0,0.034819699823856354,0.12965092062950134,0.0,nan,0.0,0.0,nan,0.0,0,nan,0.0,0.0,0.0,0.2442682981491089,0.2545919716358185,2,2,nan,nan
3200001,OP7,9400001,OP7:9400001,102,tied,,102,0.575,0.0,0.0,0.0,0,0,0,1,2,1,0.03243599086999893,0.12930788099765778,0.0,nan,0.0,0.0,nan,0.0,0,nan,0.0,1.0,0.0,0.20633649826049805,0.30496636033058167,2,2,nan,nan
3200001,OP7,9400001,OP7:9400001,103,tied,,103,0.5708333333333333,0.0,0.0,0.0,0,0,0,1,2,1,0.03005228005349636,0.12900860607624054,0.0,nan,0.0,0.0,nan,0.0,0,nan,0.0,1.0,0.0,0.1645129919052124,0.3565410077571869,2,2,nan,nan
3200001,OP7,9400001,OP7:9400001,104,tied,,104,0.5666666666666667,0.0,0.0,0.0,0,0,0,1,2,2,0.02766857109963894,0.1287534087896347,0.0,nan,0.0,0.0,nan,0.0,0,nan,0.0,1.0,0.0,0.19547930359840393,0.4088619649410248,2,2,nan,nan
3200001,OP7,9400001,OP7:9400001,105,tied,,105,0.5625,0.0,0.0,0.0,0,0,0,1,2,2,0.025284862145781517,0.12854255735874176,0.0,nan,0.0,0.0,nan,0.0,1,nan,1.0,1.0,0.0,0.24094799160957336,0.46167558431625366,2,2,nan,nan
3200001,OP7,9400001,OP7:9400001,106,tied,,106,0.5583333333333333,0.0,0.0,0.0,0,0,0,1,2,2,0.022901153191924095,0.12837626039981842,0.0,nan,0.0,0.0,nan,0.0,1,nan,1.0,1.0,0.0,0.2884834408760071,0.5148302316665649,2,2,nan,nan
3200001,OP7,9400001,OP7:9400001,107,tied,,107,0.5541666666666667,0.0,0.0,0.0,1,0,0,1,2,2,0.020517444238066673,0.128254696726799,1.0,0.05949708819389343,1.0,1.0,0.128254696726799,0.0,1,0.36607593297958374,1.0,1.0,0.0,0.3372189402580261,0.5682302713394165,2,2,0.23782123625278473,1.0
3200001,OP7,9400001,OP7:9400001,108,tied,dropped_the_flag|tagged_while_carrying,108,0.55,0.0,0.0,0.0,1,0,0,0,2,2,0.06624436378479004,0.09933718293905258,1.0,0.05885741114616394,1.0,1.0,0.09933718293905258,0.0,2,0.05885741114616394,1.0,1.0,0.0,0.3865947127342224,0.6216250658035278,2,2,-0.04047977179288864,0.0
3200001,OP7,9400001,OP7:9400001,109,tied,,109,0.5458333333333334,0.0,0.0,0.0,0,0,1,0,2,2,0.05397987365722656,0.05399211123585701,0.0,nan,0.0,0.0,nan,0.0,1,nan,1.0,1.0,0.0,0.4338376522064209,0.6426494717597961,2,2,nan,nan
3200001,OP7,9400001,OP7:9400001,110,tied,,110,0.5416666666666667,0.0,0.0,0.0,1,0,1,0,2,2,0.05052609369158745,0.12088771164417267,1.0,0.06916315853595734,1.0,1.0,0.12088771164417267,0.0,1,0.21560394763946533,1.0,1.0,0.0,0.48394775390625,0.5895374417304993,2,2,0.09471623599529266,1.0
3200001,OP7,9400001,OP7:9400001,111,tied,dropped_the_flag|tagged_while_carrying,111,0.5375,0.0,0.0,0.0,1,0,1,0,2,2,0.09994783252477646,0.19650645554065704,1.0,0.1382211297750473,1.0,1.0,0.19650645554065704,0.0,1,0.17098912596702576,1.0,0.0,0.0,0.5348483324050903,0.5350874662399292,2,2,-0.025517329573631287,0.0
3200001,OP7,9400001,OP7:9400001,112,tied,,112,0.5333333333333333,0.0,0.0,0.0,0,0,2,0,2,2,0.10667838901281357,0.20087821781635284,0.0,nan,0.0,0.0,nan,0.0,0,nan,0.0,0.0,0.0,0.5748194456100464,0.48063746094703674,2,2,nan,nan
3200001,OP7,9400001,OP7:9400001,113,tied,,113,0.5291666666666667,0.0,0.0,0.0,0,0,2,0,2,2,0.1074921116232872,0.18276014924049377,0.0,nan,0.0,0.0,nan,0.0,0,nan,0.0,0.0,0.0,0.5261498689651489,0.4261874258518219,2,2,nan,nan
3200001,OP7,9400001,OP7:9400001,114,tied,,114,0.525,0.0,0.0,0.0,0,0,2,0,2,1,0.09609303623437881,0.17645809054374695,0.0,nan,0.0,0.0,nan,0.0,0,nan,0.0,0.0,0.0,0.47449493408203125,0.37173745036125183,2,2,nan,nan
3200001,OP7,9400001,OP7:9400001,115,tied,,115,0.5208333333333333,0.0,0.0,0.0,0,0,2,0,2,1,0.08469386398792267,0.17068567872047424,0.0,nan,0.0,0.0,nan,0.0,0,nan,0.0,0.0,0.0,0.4680643081665039,0.3172874450683594,2,2,nan,nan
3200001,OP7,9400001,OP7:9400001,116,tied,,116,0.5166666666666666,0.0,0.0,0.0,0,0,2,0,2,1,0.0732947364449501,0.16549834609031677,0.0,nan,0.0,0.0,nan,0.0,0,nan,0.0,0.0,0.0,0.4672611355781555,0.2628374695777893,2,2,nan,nan
3200001,OP7,9400001,OP7:9400001,117,tied,,117,0.5125,0.0,0.0,0.0,0,0,2,0,0,0,0.06189556047320366,0.1609526425600052,0.0,nan,0.0,0.0,nan,0.0,0,nan,0.0,0.0,0.0,0.44772154092788696,0.20838746428489685,2,2,nan,nan
3200001,OP7,9400001,OP7:9400001,118,tied,,118,0.5083333333333333,0.0,0.0,0.0,0,0,2,0,0,0,0.05049633979797363,0.1571042835712433,0.0,nan,0.0,0.0,nan,0.0,0,nan,0.0,0.0,0.0,0.4556412100791931,0.1539374738931656,2,2,nan,nan
3200001,OP7,9400001,OP7:9400001,119,tied,,119,0.5041666666666667,0.0,0.0,0.0,0,0,1,0,0,0,0.03909716755151749,0.15400555729866028,0.0,nan,0.0,0.0,nan,0.0,0,nan,0.0,0.0,0.0,0.5073080062866211,0.09948747605085373,2,2,nan,nan
3200001,OP7,9400001,OP7:9400001,120,tied,,120,0.5,0.0,0.0,0.0,0,0,1,0,0,0,0.021939944475889206,0.09904937446117401,0.0,nan,0.0,0.0,nan,0.0,0,nan,0.0,0.0,0.0,0.541332483291626,0.10760347545146942,2,2,nan,nan
3200001,OP7,9400001,OP7:9400001,121,tied,,121,0.49583333333333335,0.0,0.0,0.0,0,0,1,0,0,0,0.03666696697473526,0.03836870938539505,0.0,nan,0.0,0.0,nan,0.0,0,nan,0.0,0.0,0.0,0.5774651765823364,0.14101245999336243,2,2,nan,nan
3200001,OP7,9400001,OP7:9400001,122,tied,,122,0.4916666666666667,0.0,0.0,0.0,0,0,0,0,0,0,0.03840751573443413,0.12559527158737183,0.0,nan,0.0,0.0,nan,0.0,0,nan,0.0,0.0,0.0,0.6153196096420288,0.08656244724988937,2,2,nan,nan
3200001,OP7,9400001,OP7:9400001,123,tied,,123,0.48750000000000004,0.0,0.0,0.0,0,0,0,0,0,0,0.03843045234680176,0.12696298956871033,0.0,nan,0.0,0.0,nan,0.0,0,nan,0.0,0.0,0.0,0.6545807719230652,0.09664691984653473,2,2,nan,nan
3200001,OP7,9400001,OP7:9400001,124,tied,,124,0.4833333333333333,0.0,0.0,0.0,0,0,0,0,0,0,0.046236276626586914,0.05648431181907654,0.0,nan,0.0,0.0,nan,0.0,0,nan,0.0,0.0,0.0,0.664814293384552,0.15093261003494263,2,2,nan,nan
3200001,OP7,9400001,OP7:9400001,125,tied,,125,0.47916666666666663,0.0,0.0,0.0,0,0,0,0,0,0,0.0329740047454834,0.08174701035022736,0.0,nan,0.0,0.0,nan,0.0,0,nan,0.0,0.0,0.0,0.6851478815078735,0.14855940639972687,2,2,nan,nan
3200001,OP7,9400001,OP7:9400001,126,tied,,126,0.475,0.0,0.0,0.0,0,0,0,0,0,0,0.006569480989128351,0.07702247053384781,0.0,nan,0.0,0.0,nan,0.0,0,nan,0.0,0.0,0.0,0.6919297575950623,0.2027958631515503,2,2,nan,nan
3200001,OP7,9400001,OP7:9400001,127,tied,,127,0.4708333333333333,0.0,0.0,0.0,0,0,0,0,0,0,0.00471110362559557,0.07659651339054108,0.0,nan,0.0,0.0,nan,0.0,0,nan,0.0,0.0,0.0,0.698593258857727,0.2512342631816864,2,2,nan,nan
3200001,OP7,9400001,OP7:9400001,128,tied,,128,0.4666666666666667,0.0,0.0,0.0,0,0,0,0,0,0,0.0028527260292321444,0.07621459662914276,0.0,nan,0.0,0.0,nan,0.0,0,nan,0.0,0.0,0.0,0.668387770652771,0.30172961950302124,2,2,nan,nan
3200001,OP7,9400001,OP7:9400001,129,tied,,129,0.4625,0.0,0.0,0.0,0,0,0,0,0,1,0.000994348549284041,0.07587741315364838,0.0,nan,0.0,0.0,nan,0.0,0,nan,0.0,0.0,0.0,0.6179767847061157,0.3534013032913208,2,2,nan,nan
3200001,OP7,9400001,OP7:9400001,130,tied,,130,0.45833333333333337,0.0,0.0,0.0,0,0,1,0,0,2,0.0008640289306640625,0.07558553665876389,0.0,nan,0.0,0.0,nan,0.0,0,nan,0.0,0.0,0.0,0.5677927732467651,0.4058001935482025,2,2,nan,nan
3200001,OP7,9400001,OP7:9400001,131,tied,,131,0.4541666666666667,0.0,0.0,0.0,0,0,1,0,0,2,0.04776272922754288,0.05130666494369507,0.0,nan,0.0,0.0,nan,0.0,0,nan,0.0,0.0,0.0,0.5179020166397095,0.45867711305618286,2,2,nan,nan
3200001,OP7,9400001,OP7:9400001,132,tied,,132,0.44999999999999996,0.0,0.0,0.0,0,0,1,0,0,2,0.043845415115356445,0.09969048947095871,0.0,nan,0.0,0.0,nan,0.0,0,nan,0.0,0.0,0.0,0.46839794516563416,0.4214150011539459,2,2,nan,nan
3200001,OP7,9400001,OP7:9400001,133,tied,,133,0.4458333333333333,0.0,0.0,0.0,0,0,2,0,0,1,0.035036850720644,0.22563478350639343,0.0,nan,0.0,0.0,nan,0.0,0,nan,0.0,0.0,0.0,0.4194176197052002,0.3669649660587311,2,2,nan,nan
3200001,OP7,9400001,OP7:9400001,134,tied,,134,0.44166666666666665,0.0,0.0,0.0,0,0,2,0,0,1,0.020786141976714134,0.27708250284194946,0.0,nan,0.0,0.0,nan,0.0,0,nan,0.0,0.0,0.0,0.37116843461990356,0.3125149607658386,2,2,nan,nan
3200001,OP7,9400001,OP7:9400001,135,tied,,135,0.4375,0.0,0.0,0.0,0,0,2,0,0,1,0.027599716559052467,0.27792948484420776,0.0,nan,0.0,0.0,nan,0.0,0,nan,0.0,0.0,0.0,0.32397717237472534,0.25806495547294617,2,2,nan,nan
3200001,OP7,9400001,OP7:9400001,136,tied,,136,0.43333333333333335,0.0,0.0,0.0,0,0,2,0,0,1,0.025510597974061966,0.2778226137161255,0.0,nan,0.0,0.0,nan,0.0,0,nan,0.0,0.0,0.0,0.27838248014450073,0.2036149799823761,2,2,nan,nan
3200001,OP7,9400001,OP7:9400001,137,tied,,137,0.4291666666666667,0.0,0.0,0.0,0,0,2,0,0,1,0.023421477526426315,0.2777314782142639,0.0,nan,0.0,0.0,nan,0.0,0,nan,0.0,0.0,0.0,0.2995638847351074,0.14916495978832245,2,2,nan,nan
3200001,OP7,9400001,OP7:9400001,138,tied,,138,0.42500000000000004,0.0,0.0,0.0,0,0,1,0,0,0,0.021332358941435814,0.27765601873397827,0.0,nan,0.0,0.0,nan,0.0,0,nan,0.0,0.0,0.0,0.3491343855857849,0.09471495449542999,2,2,nan,nan
3200001,OP7,9400001,OP7:9400001,139,tied,,139,0.4208333333333333,0.0,0.0,0.0,0,0,1,0,0,0,0.03602447360754013,0.2331206351518631,0.0,nan,0.0,0.0,nan,0.0,0,nan,0.0,0.0,0.0,0.3975544571876526,0.10350503772497177,2,2,nan,nan
3200001,OP7,9400001,OP7:9400001,140,tied,,140,0.41666666666666663,0.0,0.0,0.0,0,0,1,0,0,0,0.061463356018066406,0.14033468067646027,0.0,nan,0.0,0.0,nan,0.0,0,nan,0.0,0.0,0.0,0.44696807861328125,0.15750013291835785,2,2,nan,nan
3200001,OP7,9400001,OP7:9400001,141,tied,,141,0.4125,0.0,0.0,0.0,0,0,1,0,0,0,0.08690223842859268,0.08964312076568604,0.0,nan,0.0,0.0,nan,0.0,0,nan,0.0,0.0,0.0,0.49706214666366577,0.20892731845378876,2,2,nan,nan
3200001,OP7,9400001,OP7:9400001,142,tied,,142,0.4083333333333333,0.0,0.0,0.0,0,0,1,0,0,0,0.08083920180797577,0.11799339205026627,0.0,nan,0.0,0.0,nan,0.0,0,nan,0.0,0.0,0.0,0.5476280450820923,0.1544773280620575,2,2,nan,nan
3200001,OP7,9400001,OP7:9400001,143,tied,,143,0.4041666666666667,0.0,0.0,0.0,0,0,1,0,0,0,0.07477617263793945,0.2078171968460083,0.0,nan,0.0,0.0,nan,0.0,0,nan,0.0,0.0,0.0,0.5985201001167297,0.10002732276916504,2,2,nan,nan
3200001,OP7,9400001,OP7:9400001,144,tied,,144,0.4,0.0,0.0,0.0,0,0,0,0,0,0,0.06871318817138672,0.3095683157444,0.0,nan,0.0,0.0,nan,0.0,0,nan,0.0,0.0,0.0,0.6496302485466003,0.04557732120156288,2,2,nan,nan
3200001,OP7,9400001,OP7:9400001,145,tied,,145,0.39583333333333337,0.0,0.0,0.0,0,0,0,0,0,1,0.11354593932628632,0.3760015368461609,0.0,nan,0.0,0.0,nan,0.0,0,nan,0.0,0.0,0.0,0.7008702158927917,0.06673712283372879,2,2,nan,nan
3200001,OP7,9400001,OP7:9400001,146,tied,,146,0.3916666666666667,0.0,0.0,0.0,0,0,0,0,0,1,0.17037086188793182,0.3837546706199646,0.0,nan,0.0,0.0,nan,0.0,0,nan,0.0,0.0,0.0,0.7062660455703735,0.11646892130374908,2,2,nan,nan
3200001,OP7,9400001,OP7:9400001,147,tied,,147,0.38749999999999996,0.0,0.0,0.0,0,0,0,0,0,1,0.22719578444957733,0.40005213022232056,0.0,nan,0.0,0.0,nan,0.0,0,nan,0.0,0.0,0.0,0.6576642394065857,0.16913244128227234,2,2,nan,nan
3200001,OP7,9400001,OP7:9400001,148,tied,,148,0.3833333333333333,0.0,0.0,0.0,0,0,0,0,0,1,0.25938352942466736,0.406127393245697,0.0,nan,0.0,0.0,nan,0.0,0,nan,0.0,0.0,0.0,0.6175436973571777,0.21448257565498352,2,2,nan,nan
3200001,OP7,9400001,OP7:9400001,149,tied,,149,0.37916666666666665,0.0,0.0,0.0,0,0,0,0,0,1,0.2915712893009186,0.41529741883277893,0.0,nan,0.0,0.0,nan,0.0,0,nan,0.0,0.0,0.0,0.5917523503303528,0.2633047103881836,2,2,nan,nan
3200001,OP7,9400001,OP7:9400001,150,tied,,150,0.375,0.0,0.0,0.0,0,0,0,0,0,1,0.26343581080436707,0.37269917130470276,0.0,nan,0.0,0.0,nan,0.0,0,nan,0.0,0.0,0.0,0.587651789188385,0.3139834403991699,2,2,nan,nan
3200001,OP7,9400001,OP7:9400001,151,tied,,151,0.37083333333333335,0.0,0.0,0.0,0,0,1,0,0,1,0.20128965377807617,0.313085675239563,0.0,nan,0.0,0.0,nan,0.0,0,nan,0.0,0.0,0.0,0.549983561038971,0.36574774980545044,2,2,nan,nan
3200001,OP7,9400001,OP7:9400001,152,tied,,152,0.3666666666666667,0.0,0.0,0.0,0,0,1,0,0,2,0.15638086199760437,0.2088262289762497,0.0,nan,0.0,0.0,nan,0.0,0,nan,0.0,0.0,0.0,0.5666826963424683,0.4181947708129883,2,2,nan,nan
3200001,OP7,9400001,OP7:9400001,153,tied,,153,0.36250000000000004,0.0,0.0,0.0,0,0,1,0,0,2,0.13823409378528595,0.14168024063110352,0.0,nan,0.0,0.0,nan,0.0,0,nan,0.0,0.0,0.0,0.5718422532081604,0.4710965156555176,2,2,nan,nan
3200001,OP7,9400001,OP7:9400001,154,tied,,154,0.3583333333333333,0.0,0.0,0.0,0,0,1,0,0,2,0.1200873851776123,0.1422654688358307,0.0,nan,0.0,0.0,nan,0.0,1,nan,1.0,0.0,0.0,0.5736416578292847,0.4556356370449066,2,2,nan,nan
3200001,OP7,9400001,OP7:9400001,155,tied,,155,0.35416666666666663,0.0,0.0,0.0,0,0,1,0,0,1,0.1019405871629715,0.21001634001731873,0.0,nan,0.0,0.0,nan,0.0,1,nan,1.0,0.0,0.0,0.5274062156677246,0.40118566155433655,2,2,nan,nan
3200001,OP7,9400001,OP7:9400001,156,tied,,156,0.35,0.0,0.0,0.0,0,0,2,0,0,1,0.02518758736550808,0.259123295545578,0.0,nan,0.0,0.0,nan,0.0,0,nan,0.0,0.0,0.0,0.5332728624343872,0.3467356562614441,2,2,nan,nan
3200001,OP7,9400001,OP7:9400001,157,tied,,157,0.3458333333333333,0.0,0.0,0.0,0,0,2,0,0,1,0.021726656705141068,0.23638030886650085,0.0,nan,0.0,0.0,nan,0.0,0,nan,0.0,0.0,0.0,0.5700700283050537,0.292285680770874,2,2,nan,nan
3200001,OP7,9400001,OP7:9400001,158,tied,,158,0.3416666666666667,0.0,0.0,0.0,0,0,2,0,0,1,0.014822768978774548,0.23494231700897217,0.0,nan,0.0,0.0,nan,0.0,0,nan,0.0,0.0,0.0,0.5616981983184814,0.23783569037914276,2,2,nan,nan
3200001,OP7,9400001,OP7:9400001,159,tied,,159,0.3375,0.0,0.0,0.0,0,0,2,0,0,1,0.007918739691376686,0.23370301723480225,0.0,nan,0.0,0.0,nan,0.0,0,nan,0.0,0.0,0.0,0.5465019941329956,0.1833856999874115,2,2,nan,nan
3200001,OP7,9400001,OP7:9400001,160,tied,,160,0.33333333333333337,0.0,0.0,0.0,0,0,2,0,0,0,0.001014757202938199,0.23266556859016418,0.0,nan,0.0,0.0,nan,0.0,0,nan,0.0,0.0,0.0,0.49483156204223633,0.12893572449684143,2,2,nan,nan
3200001,OP7,9400001,OP7:9400001,161,tied,,161,0.3291666666666667,0.0,0.0,0.0,0,0,1,0,0,0,0.005889177322387695,0.23183274269104004,0.0,nan,0.0,0.0,nan,0.0,0,nan,0.0,0.0,0.0,0.46419253945350647,0.07448571920394897,2,2,nan,nan
3200001,OP7,9400001,OP7:9400001,162,tied,,162,0.32499999999999996,0.0,0.0,0.0,0,0,1,0,0,0,0.056569814682006836,0.18231454491615295,0.0,nan,0.0,0.0,nan,0.0,0,nan,0.0,0.0,0.0,0.5143650770187378,0.0868997722864151,2,2,nan,nan
3200001,OP7,9400001,OP7:9400001,163,tied,,163,0.3208333333333333,0.0,0.0,0.0,0,0,1,0,0,0,0.055307768285274506,0.08503184467554092,0.0,nan,0.0,0.0,nan,0.0,0,nan,0.0,0.0,0.0,0.5645459890365601,0.13821272552013397,2,2,nan,nan
3200001,OP7,9400001,OP7:9400001,164,tied,,164,0.31666666666666665,0.0,0.0,0.0,0,0,1,0,0,0,0.04798169061541557,0.06514666974544525,0.0,nan,0.0,0.0,nan,0.0,0,nan,0.0,0.0,0.0,0.6146184206008911,0.1421644389629364,2,2,nan,nan
3200001,OP7,9400001,OP7:9400001,165,tied,,165,0.3125,0.0,0.0,0.0,0,0,0,0,0,0,0.014458656311035156,0.10095085203647614,0.0,nan,0.0,0.0,nan,0.0,0,nan,0.0,0.0,0.0,0.637974202632904,0.08771444112062454,2,2,nan,nan
3200001,OP7,9400001,OP7:9400001,166,tied,,166,0.30833333333333335,0.0,0.0,0.0,0,0,0,0,0,0,0.0466340072453022,0.10148189216852188,0.0,nan,0.0,0.0,nan,0.0,0,nan,0.0,0.0,0.0,0.599316418170929,0.09760404378175735,2,2,nan,nan
3200001,OP7,9400001,OP7:9400001,167,tied,,167,0.3041666666666667,0.0,0.0,0.0,0,0,0,0,0,0,0.07426510006189346,0.07608448714017868,0.0,nan,0.0,0.0,nan,0.0,0,nan,0.0,0.0,0.0,0.5494593381881714,0.14087346196174622,2,2,nan,nan
3200001,OP7,9400001,OP7:9400001,168,tied,,168,0.30000000000000004,0.0,0.0,0.0,0,0,0,0,0,0,0.06628768146038055,0.09370800852775574,0.0,nan,0.0,0.0,nan,0.0,0,nan,0.0,0.0,0.0,0.4999713897705078,0.11536499112844467,2,2,nan,nan
3200001,OP7,9400001,OP7:9400001,169,tied,,169,0.2958333333333333,0.0,0.0,0.0,0,0,0,0,0,0,0.010700011625885963,0.08932057023048401,0.0,nan,0.0,0.0,nan,0.0,0,nan,0.0,0.0,0.0,0.4509739875793457,0.16503886878490448,2,2,nan,nan
3200001,OP7,9400001,OP7:9400001,170,tied,,170,0.29166666666666663,0.0,0.0,0.0,0,0,0,0,0,0,0.008286667056381702,0.08863463997840881,0.0,nan,0.0,0.0,nan,0.0,0,nan,0.0,0.0,0.0,0.40264636278152466,0.20754174888134003,2,2,nan,nan
3200001,OP7,9400001,OP7:9400001,171,tied,,171,0.2875,0.0,0.0,0.0,0,0,0,1,2,0,0.017899561673402786,0.08205541223287582,0.0,nan,0.0,0.0,nan,0.0,0,nan,0.0,0.0,0.0,0.3705042004585266,0.25463491678237915,2,2,nan,nan
3200001,OP7,9400001,OP7:9400001,172,tied,,172,0.2833333333333333,0.0,0.0,0.0,0,0,0,1,2,0,0.007829713635146618,0.10364171117544174,0.0,nan,0.0,0.0,nan,0.0,0,nan,0.0,0.0,0.0,0.36492258310317993,0.2795046269893646,2,2,nan,nan
3200001,OP7,9400001,OP7:9400001,173,tied,,173,0.2791666666666667,0.0,0.0,0.0,0,0,0,1,2,1,0.06770358234643936,0.11089003086090088,0.0,nan,0.0,0.0,nan,0.0,0,nan,0.0,0.0,0.0,0.3928530812263489,0.33120864629745483,2,2,nan,nan
3200001,OP7,9400001,OP7:9400001,174,tied,,174,0.275,0.0,0.0,0.0,0,0,0,1,2,1,0.11868002265691757,0.13570860028266907,0.0,nan,0.0,0.0,nan,0.0,0,nan,0.0,0.0,0.0,0.44325166940689087,0.38367313146591187,2,2,nan,nan
3200001,OP7,9400001,OP7:9400001,175,tied,,175,0.27083333333333337,0.0,0.0,0.0,0,0,0,1,2,2,0.16965647041797638,0.1752219796180725,0.0,nan,0.0,0.0,nan,0.0,0,nan,0.0,0.0,0.0,0.49391379952430725,0.43662410974502563,2,2,nan,nan
3200001,OP7,9400001,OP7:9400001,176,tied,,176,0.2666666666666667,0.0,0.0,0.0,0,0,0,1,2,2,0.22063294053077698,0.22170785069465637,0.0,nan,0.0,0.0,nan,0.0,0,nan,0.0,0.0,0.0,0.5447660684585571,0.48990383744239807,2,2,nan,nan
3200001,OP7,9400001,OP7:9400001,177,tied,,177,0.26249999999999996,0.0,0.0,0.0,0,0,1,1,2,2,0.17716631293296814,0.17863723635673523,0.0,nan,0.0,0.0,nan,0.0,0,nan,0.0,0.0,0.0,0.5606884360313416,0.5375893712043762,2,2,nan,nan
3200001,OP7,9400001,OP7:9400001,178,tied,,178,0.2583333333333333,0.0,0.0,0.0,0,0,1,0,2,2,0.21000146865844727,0.22247111797332764,0.0,nan,0.0,0.0,nan,0.0,1,nan,1.0,0.0,0.0,0.5631207227706909,0.5203211307525635,2,2,nan,nan
3200001,OP7,9400001,OP7:9400001,179,tied,,179,0.25416666666666665,0.0,0.0,0.0,0,0,1,0,2,2,0.1743585616350174,0.23844997584819794,0.0,nan,0.0,0.0,nan,0.0,1,nan,1.0,0.0,0.0,0.527262806892395,0.4666123390197754,2,2,nan,nan
3200001,OP7,9400001,OP7:9400001,180,tied,,180,0.25,0.0,0.0,0.0,0,0,1,0,2,2,0.12922735512256622,0.2832881808280945,0.0,nan,0.0,0.0,nan,0.0,1,nan,1.0,0.0,0.0,0.4947856366634369,0.4121623635292053,2,2,nan,nan
3200001,OP7,9400001,OP7:9400001,181,tied,,181,0.24583333333333335,0.0,0.0,0.0,0,0,2,0,2,1,0.08409614861011505,0.35173603892326355,0.0,nan,0.0,0.0,nan,0.0,0,nan,0.0,0.0,0.0,0.4518180787563324,0.3577123284339905,2,2,nan,nan
3200001,OP7,9400001,OP7:9400001,182,tied,,182,0.2416666666666667,0.0,0.0,0.0,0,0,2,0,2,1,0.026776790618896484,0.380338579416275,0.0,nan,0.0,0.0,nan,0.0,0,nan,0.0,0.0,0.0,0.4552992880344391,0.3032623529434204,2,2,nan,nan
3200001,OP7,9400001,OP7:9400001,183,tied,,183,0.23750000000000004,0.0,0.0,0.0,0,0,2,0,2,1,0.006708717439323664,0.3601243197917938,0.0,nan,0.0,0.0,nan,0.0,0,nan,0.0,0.0,0.0,0.5068637132644653,0.24881234765052795,2,2,nan,nan
3200001,OP7,9400001,OP7:9400001,184,tied,,184,0.23333333333333328,0.0,0.0,0.0,0,0,2,0,2,1,0.004036140628159046,0.3599778413772583,0.0,nan,0.0,0.0,nan,0.0,0,nan,0.0,0.0,0.0,0.5474591255187988,0.1943623423576355,2,2,nan,nan
3200001,OP7,9400001,OP7:9400001,185,tied,,185,0.22916666666666663,0.0,0.0,0.0,0,0,2,0,2,1,0.0013636589283123612,0.3598511815071106,0.0,nan,0.0,0.0,nan,0.0,0,nan,0.0,0.0,0.0,0.5515333414077759,0.13991235196590424,2,2,nan,nan
3200001,OP7,9400001,OP7:9400001,186,tied,,186,0.22499999999999998,0.0,0.0,0.0,0,0,1,0,2,1,0.0013089179992675781,0.3597443699836731,0.0,nan,0.0,0.0,nan,0.0,0,nan,0.0,0.0,0.0,0.515007495880127,0.08546234667301178,2,2,nan,nan
3200001,OP7,9400001,OP7:9400001,187,tied,,187,0.22083333333333333,0.0,0.0,0.0,0,0,1,0,2,0,0.054845284670591354,0.3130982518196106,0.0,nan,0.0,0.0,nan,0.0,0,nan,0.0,0.0,0.0,0.47955045104026794,0.09573722630739212,2,2,nan,nan
3200001,OP7,9400001,OP7:9400001,188,tied,,188,0.21666666666666667,0.0,0.0,0.0,0,0,1,0,2,0,0.06339383125305176,0.20997607707977295,0.0,nan,0.0,0.0,nan,0.0,0,nan,0.0,0.0,0.0,0.4711155891418457,0.1479140967130661,2,2,nan,nan
3200001,OP7,9400001,OP7:9400001,189,tied,,189,0.21250000000000002,0.0,0.0,0.0,0,0,1,0,2,0,0.05741829797625542,0.10804702341556549,0.0,nan,0.0,0.0,nan,0.0,0,nan,0.0,0.0,0.0,0.5206652283668518,0.19744469225406647,2,2,nan,nan
3200001,OP7,9400001,OP7:9400001,190,tied,,190,0.20833333333333337,0.0,0.0,0.0,0,0,1,0,2,0,0.08794645965099335,0.08825954794883728,0.0,nan,0.0,0.0,nan,0.0,0,nan,0.0,0.0,0.0,0.5672462582588196,0.22727909684181213,2,2,nan,nan
3200001,OP7,9400001,OP7:9400001,191,tied,,191,0.20416666666666672,0.0,0.0,0.0,0,0,1,0,2,0,0.1184745579957962,0.15922771394252777,0.0,nan,0.0,0.0,nan,0.0,0,nan,0.0,0.0,0.0,0.615608811378479,0.17282910645008087,2,2,nan,nan
3200001,OP7,9400001,OP7:9400001,192,tied,,192,0.19999999999999996,0.0,0.0,0.0,0,0,1,0,0,0,0.1490025520324707,0.25370317697525024,0.0,nan,0.0,0.0,nan,0.0,0,nan,0.0,0.0,0.0,0.6422180533409119,0.11837910115718842,2,2,nan,nan
3200001,OP7,9400001,OP7:9400001,193,tied,,193,0.1958333333333333,0.0,0.0,0.0,0,0,0,0,0,0,0.16784891486167908,0.3330942392349243,0.0,nan,0.0,0.0,nan,0.0,0,nan,0.0,0.0,0.0,0.681137204170227,0.06392910331487656,2,2,nan,nan
3200001,OP7,9400001,OP7:9400001,194,tied,,194,0.19166666666666665,0.0,0.0,0.0,0,0,0,0,0,1,0.09773681312799454,0.3589601516723633,0.0,nan,0.0,0.0,nan,0.0,0,nan,0.0,0.0,0.0,0.6817612648010254,0.07890883088111877,2,2,nan,nan
3200001,OP7,9400001,OP7:9400001,195,tied,,195,0.1875,0.0,0.0,0.0,0,0,0,0,0,1,0.06397950649261475,0.34813350439071655,0.0,nan,0.0,0.0,nan,0.0,0,nan,0.0,0.0,0.0,0.7138933539390564,0.12907540798187256,2,2,nan,nan
3200001,OP7,9400001,OP7:9400001,196,tied,,196,0.18333333333333335,0.0,0.0,0.0,0,0,0,0,0,1,0.04775569587945938,0.34130895137786865,0.0,nan,0.0,0.0,nan,0.0,0,nan,0.0,0.0,0.0,0.6942220330238342,0.17599403858184814,2,2,nan,nan
3200001,OP7,9400001,OP7:9400001,197,tied,,197,0.1791666666666667,0.0,0.0,0.0,0,0,0,0,0,1,0.03153195232152939,0.3351854681968689,0.0,nan,0.0,0.0,nan,0.0,0,nan,0.0,0.0,0.0,0.6451431512832642,0.2263116091489792,2,2,nan,nan
3200001,OP7,9400001,OP7:9400001,198,tied,,198,0.17500000000000004,0.0,0.0,0.0,0,0,1,0,0,1,0.00776596087962389,0.3105360269546509,0.0,nan,0.0,0.0,nan,0.0,0,nan,0.0,0.0,0.0,0.6010878682136536,0.27818983793258667,2,2,nan,nan
3200001,OP7,9400001,OP7:9400001,199,tied,,199,0.17083333333333328,0.0,0.0,0.0,0,0,1,0,0,1,0.03824014589190483,0.21879012882709503,0.0,nan,0.0,0.0,nan,0.0,0,nan,0.0,0.0,0.0,0.5823237299919128,0.3308955430984497,2,2,nan,nan
3200001,OP7,9400001,OP7:9400001,200,tied,,200,0.16666666666666663,0.0,0.0,0.0,0,0,1,0,0,1,0.033194493502378464,0.11184544861316681,0.0,nan,0.0,0.0,nan,0.0,0,nan,0.0,0.0,0.0,0.5620549917221069,0.3840881288051605,2,2,nan,nan
3200001,OP7,9400001,OP7:9400001,201,tied,,201,0.16249999999999998,0.0,0.0,0.0,0,0,1,0,0,2,0.07804574817419052,0.07820698618888855,0.0,nan,0.0,0.0,nan,0.0,0,nan,0.0,0.0,0.0,0.5184047222137451,0.433516263961792,2,2,nan,nan
3200001,OP7,9400001,OP7:9400001,202,tied,,202,0.15833333333333333,0.0,0.0,0.0,0,0,2,0,0,1,0.04541158676147461,0.13552524149417877,0.0,nan,0.0,0.0,nan,0.0,0,nan,0.0,0.0,0.0,0.4745013117790222,0.37906622886657715,2,2,nan,nan
3200001,OP7,9400001,OP7:9400001,203,tied,,203,0.15416666666666667,0.0,0.0,0.0,0,0,2,0,0,1,0.011583184823393822,0.17908906936645508,0.0,nan,0.0,0.0,nan,0.0,0,nan,0.0,0.0,0.0,0.46096640825271606,0.3246161937713623,2,2,nan,nan
3200001,OP7,9400001,OP7:9400001,204,tied,,204,0.15000000000000002,0.0,0.0,0.0,0,0,2,0,0,1,0.017334509640932083,0.17957669496536255,0.0,nan,0.0,0.0,nan,0.0,0,nan,0.0,0.0,0.0,0.4593447744846344,0.27016621828079224,2,2,nan,nan
3200001,OP7,9400001,OP7:9400001,205,tied,,205,0.14583333333333337,0.0,0.0,0.0,0,0,2,0,0,0,0.016292190179228783,0.17953960597515106,0.0,nan,0.0,0.0,nan,0.0,0,nan,0.0,0.0,0.0,0.48119592666625977,0.2157161980867386,2,2,nan,nan
3200001,OP7,9400001,OP7:9400001,206,tied,,206,0.14166666666666672,0.0,0.0,0.0,0,0,2,0,0,0,0.015249872580170631,0.17950858175754547,0.0,nan,0.0,0.0,nan,0.0,0,nan,0.0,0.0,0.0,0.4919978082180023,0.16126619279384613,2,2,nan,nan
3200001,OP7,9400001,OP7:9400001,207,tied,,207,0.13749999999999996,0.0,0.0,0.0,0,0,2,0,0,0,0.014207554049789906,0.17948362231254578,0.0,nan,0.0,0.0,nan,0.0,0,nan,0.0,0.0,0.0,0.543641984462738,0.10681619495153427,2,2,nan,nan
3200001,OP7,9400001,OP7:9400001,208,tied,,208,0.1333333333333333,0.0,0.0,0.0,0,0,1,0,0,0,0.013165426440536976,0.17946472764015198,0.0,nan,0.0,0.0,nan,0.0,0,nan,0.0,0.0,0.0,0.4978112578392029,0.052366189658641815,2,2,nan,nan
3200001,OP7,9400001,OP7:9400001,209,tied,,209,0.12916666666666665,0.0,0.0,0.0,0,0,1,0,0,0,0.06379075348377228,0.14343751966953278,0.0,nan,0.0,0.0,nan,0.0,0,nan,0.0,0.0,0.0,0.4486719071865082,0.07093062996864319,2,2,nan,nan
3200001,OP7,9400001,OP7:9400001,210,tied,,210,0.125,0.0,0.0,0.0,0,0,1,0,0,0,0.07032608985900879,0.07329972088336945,0.0,nan,0.0,0.0,nan,0.0,0,nan,0.0,0.0,0.0,0.40017157793045044,0.11933648586273193,2,2,nan,nan
3200001,OP7,9400001,OP7:9400001,211,tied,,211,0.12083333333333335,0.0,0.0,0.0,0,0,0,0,0,0,0.06145000457763672,0.1072179526090622,0.0,nan,0.0,0.0,nan,0.0,0,nan,0.0,0.0,0.0,0.35257405042648315,0.06846848130226135,2,2,nan,nan
3200001,OP7,9400001,OP7:9400001,212,tied,,212,0.1166666666666667,0.0,0.0,0.0,0,0,0,1,1,0,0.1097690612077713,0.18762719631195068,0.0,nan,0.0,0.0,nan,0.0,0,nan,0.0,0.0,0.0,0.306300550699234,0.08227401226758957,2,2,nan,nan
3200001,OP7,9400001,OP7:9400001,213,tied,,213,0.11250000000000004,0.0,0.0,0.0,0,0,0,1,1,0,0.12309865653514862,0.19806337356567383,0.0,nan,0.0,0.0,nan,0.0,0,nan,0.0,0.0,0.0,0.3255547285079956,0.13359664380550385,2,2,nan,nan
3200001,OP7,9400001,OP7:9400001,214,tied,,214,0.10833333333333328,0.0,0.0,0.0,0,0,0,1,1,0,0.13642826676368713,0.20887210965156555,0.0,nan,0.0,0.0,nan,0.0,0,nan,0.0,0.0,0.0,0.3756822347640991,0.1866995394229889,2,2,nan,nan
3200001,OP7,9400001,OP7:9400001,215,tied,,215,0.10416666666666663,0.0,0.0,0.0,0,0,0,1,1,0,0.12256260216236115,0.2004462033510208,0.0,nan,0.0,0.0,nan,0.0,0,nan,0.0,0.0,0.0,0.4182876944541931,0.23116426169872284,2,2,nan,nan
3200001,OP7,9400001,OP7:9400001,216,tied,,216,0.09999999999999998,0.0,0.0,0.0,0,0,0,1,1,1,0.10869693756103516,0.19265180826187134,0.0,nan,0.0,0.0,nan,0.0,0,nan,0.0,0.0,0.0,0.46274447441101074,0.2791893780231476,2,2,nan,nan
3200001,OP7,9400001,OP7:9400001,217,tied,,217,0.09583333333333333,0.0,0.0,0.0,0,0,0,1,1,1,0.09483127295970917,0.18556852638721466,0.0,nan,0.0,0.0,nan,0.0,0,nan,0.0,0.0,0.0,0.508567214012146,0.3292204737663269,2,2,nan,nan
3200001,OP7,9400001,OP7:9400001,218,tied,,218,0.09166666666666667,0.0,0.0,0.0,0,0,0,1,1,1,0.08096547424793243,0.17928051948547363,0.0,nan,0.0,0.0,nan,0.0,0,nan,0.0,0.0,0.0,0.555418074131012,0.3804669976234436,2,2,nan,nan
3200001,OP7,9400001,OP7:9400001,219,tied,,219,0.08750000000000002,0.0,0.0,0.0,0,0,1,1,1,2,0.04362811893224716,0.15794359147548676,0.0,nan,0.0,0.0,nan,0.0,0,nan,0.0,0.0,0.0,0.6138729453086853,0.4324971139431,2,2,nan,nan
3200001,OP7,9400001,OP7:9400001,220,tied,,220,0.08333333333333337,0.0,0.0,0.0,0,0,1,1,1,2,0.04265332221984863,0.09952463209629059,0.0,nan,0.0,0.0,nan,0.0,0,nan,0.0,0.0,0.0,0.6022024750709534,0.4850587844848633,2,2,nan,nan
3200001,OP7,9400001,OP7:9400001,221,tied,,221,0.07916666666666672,0.0,0.0,0.0,0,0,1,0,1,2,0.03627972677350044,0.03702972084283829,0.0,nan,0.0,0.0,nan,0.0,0,nan,0.0,0.0,0.0,0.5629793405532837,0.5275078415870667,2,2,nan,nan
3200001,OP7,9400001,OP7:9400001,222,tied,,222,0.07499999999999996,0.0,0.0,0.0,0,0,1,0,1,2,0.04013337939977646,0.12062529474496841,0.0,nan,0.0,0.0,nan,0.0,0,nan,0.0,0.0,0.0,0.5133057832717896,0.4730578064918518,2,2,nan,nan
3200001,OP7,9400001,OP7:9400001,223,tied,,223,0.0708333333333333,0.0,0.0,0.0,0,0,2,0,1,2,0.05899057537317276,0.2086084634065628,0.0,nan,0.0,0.0,nan,0.0,0,nan,0.0,0.0,0.0,0.46406927704811096,0.41860780119895935,2,2,nan,nan
3200001,OP7,9400001,OP7:9400001,224,tied,,224,0.06666666666666665,0.0,0.0,0.0,0,0,2,0,1,1,0.1033211201429367,0.26730412244796753,0.0,nan,0.0,0.0,nan,0.0,0,nan,0.0,0.0,0.0,0.41542524099349976,0.3641577959060669,2,2,nan,nan
3200001,OP7,9400001,OP7:9400001,225,tied,,225,0.0625,0.0,0.0,0.0,0,0,2,0,1,1,0.09296722710132599,0.2626735270023346,0.0,nan,0.0,0.0,nan,0.0,0,nan,0.0,0.0,0.0,0.4272989332675934,0.3097078204154968,2,2,nan,nan
3200001,OP7,9400001,OP7:9400001,226,tied,,226,0.05833333333333335,0.0,0.0,0.0,0,0,2,0,1,1,0.07956095039844513,0.2575373947620392,0.0,nan,0.0,0.0,nan,0.0,0,nan,0.0,0.0,0.0,0.478750079870224,0.255257785320282,2,2,nan,nan
3200001,OP7,9400001,OP7:9400001,227,tied,,227,0.054166666666666696,0.0,0.0,0.0,0,0,2,0,1,1,0.06615447998046875,0.253010094165802,0.0,nan,0.0,0.0,nan,0.0,0,nan,0.0,0.0,0.0,0.4864421784877777,0.20080780982971191,2,2,nan,nan
3200001,OP7,9400001,OP7:9400001,228,tied,,228,0.050000000000000044,0.0,0.0,0.0,0,0,2,0,1,0,0.05274810642004013,0.24912503361701965,0.0,nan,0.0,0.0,nan,0.0,0,nan,0.0,0.0,0.0,0.4461682438850403,0.14635778963565826,2,2,nan,nan
3200001,OP7,9400001,OP7:9400001,229,tied,,229,0.04583333333333328,0.0,0.0,0.0,0,0,1,0,1,0,0.03934163972735405,0.24591250717639923,0.0,nan,0.0,0.0,nan,0.0,0,nan,0.0,0.0,0.0,0.44535723328590393,0.0919077917933464,2,2,nan,nan
3200001,OP7,9400001,OP7:9400001,230,tied,,230,0.04166666666666663,0.0,0.0,0.0,0,0,1,0,1,0,0.0187714584171772,0.1861455887556076,0.0,nan,0.0,0.0,nan,0.0,0,nan,0.0,0.0,0.0,0.49514108896255493,0.10112188756465912,2,2,nan,nan
3200001,OP7,9400001,OP7:9400001,231,tied,,231,0.03749999999999998,0.0,0.0,0.0,0,0,1,0,1,0,0.025766754522919655,0.08074449002742767,0.0,nan,0.0,0.0,nan,0.0,0,nan,0.0,0.0,0.0,0.5455341935157776,0.15369054675102234,2,2,nan,nan
3200001,OP7,9400001,OP7:9400001,232,tied,,232,0.033333333333333326,0.0,0.0,0.0,0,0,1,0,1,0,0.02579817734658718,0.04119719937443733,0.0,nan,0.0,0.0,nan,0.0,0,nan,0.0,0.0,0.0,0.5964903235435486,0.17064562439918518,2,2,nan,nan
3200001,OP7,9400001,OP7:9400001,233,tied,,233,0.029166666666666674,0.0,0.0,0.0,0,0,1,0,0,0,0.020515013486146927,0.09129437804222107,0.0,nan,0.0,0.0,nan,0.0,0,nan,0.0,0.0,0.0,0.6202811002731323,0.11619560420513153,2,2,nan,nan
3200001,OP7,9400001,OP7:9400001,234,tied,,234,0.025000000000000022,0.0,0.0,0.0,0,0,0,0,0,0,0.027301644906401634,0.11059151589870453,0.0,nan,0.0,0.0,nan,0.0,0,nan,0.0,0.0,0.0,0.6530824303627014,0.06174561381340027,2,2,nan,nan
3200001,OP7,9400001,OP7:9400001,235,tied,,235,0.02083333333333337,0.0,0.0,0.0,0,0,0,0,0,0,0.025195693597197533,0.09794075787067413,0.0,nan,0.0,0.0,nan,0.0,0,nan,0.0,0.0,0.0,0.6431983709335327,0.07733302563428879,2,2,nan,nan
3200001,OP7,9400001,OP7:9400001,236,tied,,236,0.01666666666666672,0.0,0.0,0.0,0,0,0,0,0,0,0.037381984293460846,0.09844275563955307,0.0,nan,0.0,0.0,nan,0.0,0,nan,0.0,0.0,0.0,0.6623194217681885,0.12721304595470428,2,2,nan,nan
3200001,OP7,9400001,OP7:9400001,237,tied,,237,0.012499999999999956,0.0,0.0,0.0,0,0,0,0,0,0,0.032938241958618164,0.0962800532579422,0.0,nan,0.0,0.0,nan,0.0,0,nan,0.0,0.0,0.0,0.6468718647956848,0.1753772646188736,2,2,nan,nan
3200001,OP7,9400001,OP7:9400001,238,tied,,238,0.008333333333333304,0.0,0.0,0.0,0,0,0,0,0,0,0.02849450148642063,0.09428109973669052,0.0,nan,0.0,0.0,nan,0.0,0,nan,0.0,0.0,0.0,0.6399832963943481,0.22640852630138397,2,2,nan,nan
3200001,OP7,9400001,OP7:9400001,239,tied,,239,0.004166666666666652,0.0,0.0,0.0,0,0,0,0,0,0,0.0240507610142231,0.09245655685663223,0.0,nan,0.0,0.0,nan,0.0,0,nan,0.0,0.0,0.0,0.662264883518219,0.27873656153678894,2,2,nan,nan
3200001,OP8,9400000,OP8:9400000,0,tied,,0,1.0,0.0,0.0,0.0,0,0,0,0,0,0,0.10704054683446884,0.17881479859352112,0.0,nan,0.0,0.0,nan,0.0,2,nan,1.0,0.0,0.0,0.7322870492935181,0.22479590773582458,2,2,nan,nan
3200001,OP8,9400000,OP8:9400000,1,tied,,1,0.9958333333333333,0.0,0.0,0.0,0,0,0,0,0,0,0.12972398102283478,0.18908235430717468,0.0,nan,0.0,0.0,nan,0.0,2,nan,1.0,0.0,0.0,0.7114685773849487,0.22328858077526093,2,2,nan,nan
3200001,OP8,9400000,OP8:9400000,2,tied,,2,0.9916666666666667,0.0,0.0,0.0,0,0,0,0,0,0,0.17973598837852478,0.2168508768081665,0.0,nan,0.0,0.0,nan,0.0,2,nan,1.0,0.0,0.0,0.6705790162086487,0.22159604728221893,2,2,nan,nan
3200001,OP8,9400000,OP8:9400000,3,tied,,3,0.9875,0.0,0.0,0.0,0,0,0,0,0,0,0.23530487716197968,0.256972074508667,0.0,nan,0.0,0.0,nan,0.0,2,nan,1.0,0.0,0.0,0.6269149780273438,0.23216649889945984,2,2,nan,nan
3200001,OP8,9400000,OP8:9400000,4,tied,,4,0.9833333333333333,0.0,0.0,0.0,0,0,0,0,0,0,0.29087376594543457,0.303104043006897,0.0,nan,0.0,0.0,nan,0.0,2,nan,1.0,0.0,0.0,0.5849689245223999,0.2542191445827484,2,2,nan,nan
3200001,OP8,9400000,OP8:9400000,5,tied,,5,0.9791666666666666,0.0,0.0,0.0,0,0,0,0,0,0,0.2685851454734802,0.28397485613822937,0.0,nan,0.0,0.0,nan,0.0,2,nan,1.0,0.0,0.0,0.5627971887588501,0.307150274515152,2,2,nan,nan
3200001,OP8,9400000,OP8:9400000,6,tied,,6,0.975,0.0,0.0,0.0,0,0,0,0,0,0,0.24629659950733185,0.26552310585975647,0.0,nan,0.0,0.0,nan,0.0,2,nan,1.0,0.0,0.0,0.5528210401535034,0.36053401231765747,2,2,nan,nan
3200001,OP8,9400000,OP8:9400000,7,tied,,7,0.9708333333333333,0.0,0.0,0.0,0,0,0,0,0,1,0.2240079939365387,0.24789996445178986,0.0,nan,0.0,0.0,nan,0.0,2,nan,1.0,0.0,0.0,0.5482797026634216,0.3981342613697052,2,2,nan,nan
3200001,OP8,9400000,OP8:9400000,8,tied,,8,0.9666666666666667,0.0,0.0,0.0,0,0,0,0,0,1,0.20171943306922913,0.23129503428936005,0.0,nan,0.0,0.0,nan,0.0,2,nan,1.0,0.0,0.0,0.5461998581886292,0.4204442501068115,2,2,nan,nan
3200001,OP8,9400000,OP8:9400000,9,tied,,9,0.9625,0.0,0.0,0.0,0,0,1,0,0,2,0.17943081259727478,0.21594318747520447,0.0,nan,0.0,0.0,nan,0.0,1,nan,1.0,0.0,0.0,0.5452443957328796,0.44829171895980835,2,2,nan,nan
3200001,OP8,9400000,OP8:9400000,10,tied,,10,0.9583333333333334,0.0,0.0,0.0,0,0,1,0,0,1,0.13405732810497284,0.2371681034564972,0.0,nan,0.0,0.0,nan,0.0,1,nan,1.0,0.0,0.0,0.5448049306869507,0.4084928035736084,2,2,nan,nan
3200001,OP8,9400000,OP8:9400000,11,tied,,11,0.9541666666666667,0.0,0.0,0.0,0,0,1,0,0,1,0.118909552693367,0.3232356905937195,0.0,nan,0.0,0.0,nan,0.0,1,nan,1.0,0.0,0.0,0.544602632522583,0.35404279828071594,2,2,nan,nan
3200001,OP8,9400000,OP8:9400000,12,tied,,12,0.95,0.0,0.0,0.0,0,0,1,0,0,1,0.10376181453466415,0.418557733297348,0.0,nan,0.0,0.0,nan,0.0,1,nan,1.0,0.0,0.0,0.5445094704627991,0.2995927929878235,2,2,nan,nan
3200001,OP8,9400000,OP8:9400000,13,tied,,13,0.9458333333333333,0.0,0.0,0.0,1,0,1,0,0,1,0.08699202537536621,0.49955305457115173,1.0,0.310607373714447,0.0,0.0,0.49955305457115173,1.0,1,0.31441736221313477,1.0,0.0,0.0,0.544466495513916,0.24514278769493103,2,2,-0.18513569235801697,0.0
3200001,OP8,9400000,OP8:9400000,14,tied,,14,0.9416666666666667,0.0,0.0,0.0,1,0,1,0,0,1,0.11416544765233994,0.5812810063362122,1.0,0.31897246837615967,0.0,0.0,0.5812810063362122,1.0,1,0.31897246837615967,1.0,0.0,0.0,0.5199169516563416,0.19069281220436096,2,2,-0.2623085379600525,0.0
3200001,OP8,9400000,OP8:9400000,15,tied,,15,0.9375,0.0,0.0,0.0,1,0,1,0,0,1,0.1270051896572113,0.5909461379051208,1.0,0.26523011922836304,0.0,0.0,0.5909461379051208,1.0,1,0.26523011922836304,1.0,0.0,0.0,0.4781947731971741,0.1362428069114685,2,2,-0.3257160186767578,0.0
3200001,OP8,9400000,OP8:9400000,16,tied,dropped_the_flag|tagged_while_carrying,16,0.9333333333333333,0.0,0.0,0.0,1,0,0,0,0,1,0.10116467624902725,0.582544207572937,1.0,0.16590054333209991,1.0,0.0,0.582544207572937,1.0,1,0.16590054333209991,1.0,0.0,0.0,0.43639373779296875,0.08179282397031784,2,2,-0.4166436642408371,0.0
3200001,OP8,9400000,OP8:9400000,17,tied,,17,0.9291666666666667,0.0,0.0,0.0,0,0,1,0,0,1,0.04254560545086861,0.5075955986976624,0.0,nan,0.0,0.0,nan,0.0,0,nan,0.0,0.0,0.0,0.39350825548171997,0.09273190796375275,2,2,nan,nan
3200001,OP8,9400000,OP8:9400000,18,tied,,18,0.925,0.0,0.0,0.0,0,0,1,0,0,1,0.03091144561767578,0.39873290061950684,0.0,nan,0.0,0.0,nan,0.0,0,nan,0.0,0.0,0.0,0.4246310591697693,0.14682945609092712,2,2,nan,nan
3200001,OP8,9400000,OP8:9400000,19,tied,,19,0.9208333333333334,0.0,0.0,0.0,0,0,1,0,0,1,0.019277334213256836,0.2898980677127838,0.0,nan,0.0,0.0,nan,0.0,0,nan,0.0,0.0,0.0,0.38898375630378723,0.20111732184886932,2,2,nan,nan
3200001,OP8,9400000,OP8:9400000,20,tied,,20,0.9166666666666666,0.0,0.0,0.0,0,0,1,1,1,1,0.04330625385046005,0.19454869627952576,0.0,nan,0.0,0.0,nan,0.0,0,nan,0.0,0.0,0.0,0.34057551622390747,0.24369147419929504,2,2,nan,nan
3200001,OP8,9400000,OP8:9400000,21,tied,,21,0.9125,0.0,0.0,0.0,0,0,1,1,1,0,0.048148296773433685,0.11651895195245743,0.0,nan,0.0,0.0,nan,0.0,0,nan,0.0,0.0,0.0,0.3516175448894501,0.2902628183364868,2,2,nan,nan
3200001,OP8,9400000,OP8:9400000,22,tied,,22,0.9083333333333333,0.0,0.0,0.0,0,0,1,1,1,0,0.07503204047679901,0.07529435306787491,0.0,nan,0.0,0.0,nan,0.0,0,nan,0.0,0.0,0.0,0.4013189673423767,0.3391888439655304,2,2,nan,nan
3200001,OP8,9400000,OP8:9400000,23,tied,,23,0.9041666666666667,0.0,0.0,0.0,0,0,1,1,1,0,0.10191583633422852,0.13833950459957123,0.0,nan,0.0,0.0,nan,0.0,0,nan,0.0,0.0,0.0,0.4512253403663635,0.286958247423172,2,2,nan,nan
3200001,OP8,9400000,OP8:9400000,24,tied,,24,0.9,0.0,0.0,0.0,0,0,1,1,1,1,0.08654985576868057,0.21880118548870087,0.0,nan,0.0,0.0,nan,0.0,0,nan,0.0,0.0,0.0,0.47758379578590393,0.23250822722911835,2,2,nan,nan
3200001,OP8,9400000,OP8:9400000,25,tied,,25,0.8958333333333334,0.0,0.0,0.0,0,0,1,1,1,1,0.07118382304906845,0.3164737820625305,0.0,nan,0.0,0.0,nan,0.0,0,nan,0.0,0.0,0.0,0.4336767792701721,0.1780582219362259,2,2,nan,nan
3200001,OP8,9400000,OP8:9400000,26,tied,,26,0.8916666666666666,0.0,0.0,0.0,0,0,1,1,1,1,0.05581779405474663,0.4195031225681305,0.0,nan,0.0,0.0,nan,0.0,0,nan,0.0,0.0,0.0,0.4493052363395691,0.12360820919275284,2,2,nan,nan
3200001,OP8,9400000,OP8:9400000,27,tied,,27,0.8875,0.0,0.0,0.0,0,0,0,0,1,1,0.040451813489198685,0.524743378162384,0.0,nan,0.0,0.0,nan,0.0,0,nan,0.0,0.0,0.0,0.5005863308906555,0.06915820389986038,2,2,nan,nan
3200001,OP8,9400000,OP8:9400000,28,tied,,28,0.8833333333333333,0.0,0.0,0.0,0,0,0,0,1,1,0.07671036571264267,0.5664677023887634,0.0,nan,0.0,0.0,nan,0.0,0,nan,0.0,0.0,0.0,0.5544431805610657,0.08279536664485931,2,2,nan,nan
3200001,OP8,9400000,OP8:9400000,29,tied,,29,0.8791666666666667,0.0,0.0,0.0,0,0,0,0,1,1,0.08450336754322052,0.5693053007125854,0.0,nan,0.0,0.0,nan,0.0,0,nan,0.0,0.0,0.0,0.6082900762557983,0.1335754096508026,2,2,nan,nan
3200001,OP8,9400000,OP8:9400000,30,tied,,30,0.875,0.0,0.0,0.0,0,0,1,0,1,1,0.07889733463525772,0.5552109479904175,0.0,nan,0.0,0.0,nan,0.0,0,nan,0.0,0.0,0.0,0.6303719282150269,0.18176119029521942,2,2,nan,nan
3200001,OP8,9400000,OP8:9400000,31,tied,,31,0.8708333333333333,0.0,0.0,0.0,0,0,1,0,1,1,0.020339155569672585,0.5129533410072327,0.0,nan,0.0,0.0,nan,0.0,0,nan,0.0,0.0,0.0,0.6192225217819214,0.23008696734905243,2,2,nan,nan
3200001,OP8,9400000,OP8:9400000,32,tied,,32,0.8666666666666667,0.0,0.0,0.0,0,0,1,0,1,1,0.028049517422914505,0.4268539845943451,0.0,nan,0.0,0.0,nan,0.0,0,nan,0.0,0.0,0.0,0.6473878622055054,0.2806643843650818,2,2,nan,nan
3200001,OP8,9400000,OP8:9400000,33,tied,,33,0.8625,0.0,0.0,0.0,0,0,1,0,1,1,0.04230771213769913,0.30033236742019653,0.0,nan,0.0,0.0,nan,0.0,0,nan,0.0,0.0,0.0,0.697627067565918,0.3324674367904663,2,2,nan,nan
3200001,OP8,9400000,OP8:9400000,34,tied,,34,0.8583333333333334,0.0,0.0,0.0,0,0,1,0,1,1,0.04090700298547745,0.19385775923728943,0.0,nan,0.0,0.0,nan,0.0,0,nan,0.0,0.0,0.0,0.6834203600883484,0.38500168919563293,2,2,nan,nan
3200001,OP8,9400000,OP8:9400000,35,tied,,35,0.8541666666666666,0.0,0.0,0.0,0,0,1,0,1,2,0.004865550901740789,0.08899028599262238,0.0,nan,0.0,0.0,nan,0.0,0,nan,0.0,0.0,0.0,0.6298551559448242,0.4353824257850647,2,2,nan,nan
3200001,OP8,9400000,OP8:9400000,36,tied,,36,0.85,0.0,0.0,0.0,0,0,1,0,1,2,0.07794926315546036,0.08332666754722595,0.0,nan,0.0,0.0,nan,0.0,0,nan,0.0,0.0,0.0,0.5759989023208618,0.45766955614089966,2,2,nan,nan
3200001,OP8,9400000,OP8:9400000,37,tied,,37,0.8458333333333333,0.0,0.0,0.0,0,0,1,0,1,2,0.10604610294103622,0.1702708899974823,0.0,nan,0.0,0.0,nan,0.0,0,nan,0.0,0.0,0.0,0.534565269947052,0.4032195210456848,2,2,nan,nan
3200001,OP8,9400000,OP8:9400000,38,tied,,38,0.8416666666666667,0.0,0.0,0.0,0,0,2,0,1,1,0.14328989386558533,0.2527603507041931,0.0,nan,0.0,0.0,nan,0.0,0,nan,0.0,0.0,0.0,0.5465613007545471,0.34876951575279236,2,2,nan,nan
3200001,OP8,9400000,OP8:9400000,39,tied,,39,0.8375,0.0,0.0,0.0,0,0,2,0,1,1,0.20312030613422394,0.32749050855636597,0.0,nan,0.0,0.0,nan,0.0,0,nan,0.0,0.0,0.0,0.5661113262176514,0.2943194806575775,2,2,nan,nan
3200001,OP8,9400000,OP8:9400000,40,tied,,40,0.8333333333333334,0.0,0.0,0.0,0,0,2,0,1,1,0.20975041389465332,0.33142200112342834,0.0,nan,0.0,0.0,nan,0.0,0,nan,0.0,0.0,0.0,0.5573681592941284,0.23986947536468506,2,2,nan,nan
3200001,OP8,9400000,OP8:9400000,41,tied,,41,0.8291666666666666,0.0,0.0,0.0,0,0,2,0,0,1,0.19128306210041046,0.3042260408401489,0.0,nan,0.0,0.0,nan,0.0,0,nan,0.0,0.0,0.0,0.5508841276168823,0.1854194700717926,2,2,nan,nan
3200001,OP8,9400000,OP8:9400000,42,tied,,42,0.825,0.0,0.0,0.0,0,0,2,0,0,0,0.17258456349372864,0.29725587368011475,0.0,nan,0.0,0.0,nan,0.0,0,nan,0.0,0.0,0.0,0.5137113332748413,0.13096946477890015,2,2,nan,nan
3200001,OP8,9400000,OP8:9400000,43,tied,,43,0.8208333333333333,0.0,0.0,0.0,0,0,1,0,0,0,0.15388603508472443,0.29142311215400696,0.0,nan,0.0,0.0,nan,0.0,0,nan,0.0,0.0,0.0,0.46912169456481934,0.07651946693658829,2,2,nan,nan
3200001,OP8,9400000,OP8:9400000,44,tied,,44,0.8166666666666667,0.0,0.0,0.0,0,0,1,0,0,0,0.18397410213947296,0.27143967151641846,0.0,nan,0.0,0.0,nan,0.0,0,nan,0.0,0.0,0.0,0.4971145987510681,0.08850100636482239,2,2,nan,nan
3200001,OP8,9400000,OP8:9400000,45,tied,,45,0.8125,0.0,0.0,0.0,0,0,1,0,0,0,0.16686563193798065,0.19296938180923462,0.0,nan,0.0,0.0,nan,0.0,0,nan,0.0,0.0,0.0,0.5250728130340576,0.13999594748020172,2,2,nan,nan
3200001,OP8,9400000,OP8:9400000,46,tied,,46,0.8083333333333333,0.0,0.0,0.0,0,0,1,0,0,0,0.137813001871109,0.1379447877407074,0.0,nan,0.0,0.0,nan,0.0,0,nan,0.0,0.0,0.0,0.48750433325767517,0.1899576634168625,2,2,nan,nan
3200001,OP8,9400000,OP8:9400000,47,tied,,47,0.8041666666666667,0.0,0.0,0.0,0,0,1,0,0,0,0.10876040160655975,0.15396174788475037,0.0,nan,0.0,0.0,nan,0.0,0,nan,0.0,0.0,0.0,0.45044785737991333,0.143999382853508,2,2,nan,nan
3200001,OP8,9400000,OP8:9400000,48,tied,,48,0.8,0.0,0.0,0.0,0,0,0,0,0,0,0.07970781624317169,0.2264145165681839,0.0,nan,0.0,0.0,nan,0.0,0,nan,0.0,0.0,0.0,0.39716392755508423,0.08954937756061554,2,2,nan,nan
3200001,OP8,9400000,OP8:9400000,49,tied,,49,0.7958333333333334,0.0,0.0,0.0,0,0,0,1,1,0,0.023768950253725052,0.24889211356639862,0.0,nan,0.0,0.0,nan,0.0,0,nan,0.0,0.0,0.0,0.34928685426712036,0.09913688153028488,2,2,nan,nan
3200001,OP8,9400000,OP8:9400000,50,tied,,50,0.7916666666666666,0.0,0.0,0.0,0,0,0,1,1,1,0.0200071819126606,0.2483668327331543,0.0,nan,0.0,0.0,nan,0.0,0,nan,0.0,0.0,0.0,0.3727259039878845,0.15328891575336456,2,2,nan,nan
3200001,OP8,9400000,OP8:9400000,51,tied,,51,0.7875,0.0,0.0,0.0,0,0,1,1,1,1,0.007147836498916149,0.2386537790298462,0.0,nan,0.0,0.0,nan,0.0,0,nan,0.0,0.0,0.0,0.4240742325782776,0.20759686827659607,2,2,nan,nan
3200001,OP8,9400000,OP8:9400000,52,tied,,52,0.7833333333333333,0.0,0.0,0.0,0,0,1,1,1,1,0.06692294776439667,0.1749778538942337,0.0,nan,0.0,0.0,nan,0.0,0,nan,0.0,0.0,0.0,0.4234529137611389,0.2619638442993164,2,2,nan,nan
3200001,OP8,9400000,OP8:9400000,53,tied,,53,0.7791666666666667,0.0,0.0,0.0,0,0,1,1,1,0,0.0741913765668869,0.09141291677951813,0.0,nan,0.0,0.0,nan,0.0,0,nan,0.0,0.0,0.0,0.42191237211227417,0.31635934114456177,2,2,nan,nan
3200001,OP8,9400000,OP8:9400000,54,tied,,54,0.775,0.0,0.0,0.0,0,0,1,1,1,0,0.06358213722705841,0.08382262289524078,0.0,nan,0.0,0.0,nan,0.0,0,nan,0.0,0.0,0.0,0.47563210129737854,0.32120248675346375,2,2,nan,nan
3200001,OP8,9400000,OP8:9400000,55,tied,,55,0.7708333333333334,0.0,0.0,0.0,0,0,1,0,1,1,0.05297289043664932,0.17105647921562195,0.0,nan,0.0,0.0,nan,0.0,0,nan,0.0,0.0,0.0,0.5294973850250244,0.2667524516582489,2,2,nan,nan
3200001,OP8,9400000,OP8:9400000,56,tied,,56,0.7666666666666666,0.0,0.0,0.0,0,0,1,0,1,1,0.042363692075014114,0.27396824955940247,0.0,nan,0.0,0.0,nan,0.0,0,nan,0.0,0.0,0.0,0.5365597009658813,0.21230247616767883,2,2,nan,nan
3200001,OP8,9400000,OP8:9400000,57,tied,,57,0.7625,0.0,0.0,0.0,0,0,1,0,1,1,0.031754445284605026,0.380027711391449,0.0,nan,0.0,0.0,nan,0.0,0,nan,0.0,0.0,0.0,0.500979483127594,0.15785245597362518,2,2,nan,nan
3200001,OP8,9400000,OP8:9400000,58,tied,,58,0.7583333333333333,0.0,0.0,0.0,0,0,1,0,1,1,0.004490470979362726,0.5053887963294983,0.0,nan,0.0,0.0,nan,0.0,0,nan,0.0,0.0,0.0,0.47449588775634766,0.10340245813131332,2,2,nan,nan
3200001,OP8,9400000,OP8:9400000,59,tied,,59,0.7541666666666667,0.0,0.0,0.0,0,0,1,0,1,1,8.158684067893773e-05,0.6131472587585449,0.0,nan,0.0,0.0,nan,0.0,0,nan,0.0,0.0,0.0,0.48028892278671265,0.04895247146487236,2,2,nan,nan
3200001,OP8,9400000,OP8:9400000,60,tied,,60,0.75,0.0,0.0,0.0,0,0,1,0,1,1,0.00016589164442848414,0.6110862493515015,0.0,nan,0.0,0.0,nan,0.0,0,nan,0.0,0.0,0.0,0.5342094898223877,0.06877020001411438,2,2,nan,nan
3200001,OP8,9400000,OP8:9400000,61,tied,,61,0.7458333333333333,0.0,0.0,0.0,0,0,1,0,1,1,0.004594707395881414,0.5028401613235474,0.0,nan,0.0,0.0,nan,0.0,0,nan,0.0,0.0,0.0,0.5814059972763062,0.11652497202157974,2,2,nan,nan
3200001,OP8,9400000,OP8:9400000,62,tied,,62,0.7416666666666667,0.0,0.0,0.0,0,0,1,0,1,1,0.02447819709777832,0.3808051347732544,0.0,nan,0.0,0.0,nan,0.0,0,nan,0.0,0.0,0.0,0.5863127112388611,0.16621476411819458,2,2,nan,nan
3200001,OP8,9400000,OP8:9400000,63,tied,,63,0.7375,0.0,0.0,0.0,0,0,1,0,1,1,0.021674251183867455,0.2725784480571747,0.0,nan,0.0,0.0,nan,0.0,0,nan,0.0,0.0,0.0,0.5511879324913025,0.21818852424621582,2,2,nan,nan
3200001,OP8,9400000,OP8:9400000,64,tied,,64,0.7333333333333334,0.0,0.0,0.0,0,0,1,0,1,1,0.01887030526995659,0.16449904441833496,0.0,nan,0.0,0.0,nan,0.0,0,nan,0.0,0.0,0.0,0.517896831035614,0.27113598585128784,2,2,nan,nan
3200001,OP8,9400000,OP8:9400000,65,tied,,65,0.7291666666666667,0.0,0.0,0.0,0,0,1,0,1,0,0.016066361218690872,0.057405032217502594,0.0,nan,0.0,0.0,nan,0.0,0,nan,0.0,0.0,0.0,0.4734402298927307,0.32458099722862244,2,2,nan,nan
3200001,OP8,9400000,OP8:9400000,66,tied,,66,0.725,0.0,0.0,0.0,0,0,1,0,1,0,0.013262366876006126,0.05481982231140137,0.0,nan,0.0,0.0,nan,0.0,0,nan,0.0,0.0,0.0,0.4471055567264557,0.3267143666744232,2,2,nan,nan
3200001,OP8,9400000,OP8:9400000,67,tied,,67,0.7208333333333333,0.0,0.0,0.0,0,0,1,0,1,1,0.01397690735757351,0.16736193001270294,0.0,nan,0.0,0.0,nan,0.0,0,nan,0.0,0.0,0.0,0.42207759618759155,0.27226436138153076,2,2,nan,nan
3200001,OP8,9400000,OP8:9400000,68,tied,,68,0.7166666666666667,0.0,0.0,0.0,0,0,1,0,1,1,0.012550735846161842,0.2748783528804779,0.0,nan,0.0,0.0,nan,0.0,0,nan,0.0,0.0,0.0,0.3848392069339752,0.2178143709897995,2,2,nan,nan
3200001,OP8,9400000,OP8:9400000,69,tied,,69,0.7125,0.0,0.0,0.0,0,0,1,0,1,1,0.01064987201243639,0.4075407385826111,0.0,nan,0.0,0.0,nan,0.0,0,nan,0.0,0.0,0.0,0.33647528290748596,0.16336438059806824,2,2,nan,nan
3200001,OP8,9400000,OP8:9400000,70,tied,,70,0.7083333333333333,0.0,0.0,0.0,0,0,1,0,0,1,0.008237743750214577,0.5151196122169495,0.0,nan,0.0,0.0,nan,0.0,0,nan,0.0,0.0,0.0,0.3080121874809265,0.10891437530517578,2,2,nan,nan
3200001,OP8,9400000,OP8:9400000,71,tied,,71,0.7041666666666666,0.0,0.0,0.0,0,0,0,0,0,1,0.005825615022331476,0.6227331757545471,0.0,nan,0.0,0.0,nan,0.0,0,nan,0.0,0.0,0.0,0.3534376621246338,0.05446437746286392,2,2,nan,nan
3200001,OP8,9400000,OP8:9400000,72,tied,,72,0.7,0.0,0.0,0.0,1,0,0,0,0,1,0.05333137512207031,0.6642740964889526,1.0,0.1396978348493576,1.0,0.0,0.6642740964889526,1.0,1,0.1396978348493576,1.0,0.0,0.0,0.40388545393943787,0.07230646163225174,2,2,-0.524576261639595,0.0
3200001,OP8,9400000,OP8:9400000,73,tied,,73,0.6958333333333333,0.0,0.0,0.0,1,0,0,0,0,1,0.007605791091918945,0.6251128315925598,1.0,0.17553271353244781,1.0,0.0,0.6251128315925598,1.0,1,0.17553271353244781,1.0,0.0,0.0,0.4551514983177185,0.12107986211776733,2,2,-0.449580118060112,0.0
3200001,OP8,9400000,OP8:9400000,74,tied,,74,0.6916666666666667,0.0,0.0,0.0,1,0,0,0,0,1,0.016122007742524147,0.521546483039856,1.0,0.16767899692058563,1.0,0.0,0.521546483039856,1.0,1,0.16767899692058563,1.0,0.0,0.0,0.4966092109680176,0.17141050100326538,2,2,-0.3538674861192703,0.0
3200001,OP8,9400000,OP8:9400000,75,tied,,75,0.6875,0.0,0.0,0.0,1,0,0,0,0,1,0.008979177102446556,0.41279536485671997,1.0,0.13048288226127625,1.0,0.0,0.41279536485671997,1.0,1,0.16477417945861816,1.0,0.0,0.0,0.47159725427627563,0.22421669960021973,2,2,-0.2480211853981018,0.0
3200001,OP8,9400000,OP8:9400000,76,tied,,76,0.6833333333333333,0.0,0.0,0.0,1,0,0,0,0,1,0.002335119294002652,0.30409395694732666,1.0,0.048695262521505356,1.0,0.0,0.30409395694732666,1.0,1,0.16262541711330414,1.0,0.0,0.0,0.41788291931152344,0.2775709331035614,2,2,-0.14146853983402252,0.0
3200001,OP8,9400000,OP8:9400000,77,tied,,77,0.6791666666666667,0.0,0.0,0.0,1,0,0,1,1,1,0.0035427093971520662,0.19549313187599182,1.0,0.05593796446919441,1.0,1.0,0.19549313187599182,0.0,0,inf,0.0,0.0,0.0,0.3641167879104614,0.33116233348846436,2,2,nan,nan
3200001,OP8,9400000,OP8:9400000,78,tied,,78,0.675,0.0,0.0,0.0,1,0,0,1,1,1,0.008015632629394531,0.08721353113651276,1.0,0.08797750622034073,1.0,1.0,0.08721353113651276,0.0,0,inf,0.0,0.0,0.0,0.3562872111797333,0.38478365540504456,2,2,nan,nan
3200001,OP8,9400000,OP8:9400000,79,tied,tagged_while_carrying,79,0.6708333333333334,0.0,0.0,0.0,1,0,0,1,1,1,0.05163164064288139,0.07855763286352158,1.0,0.07093813270330429,1.0,1.0,0.07855763286352158,0.0,0,inf,0.0,0.0,0.0,0.4092648923397064,0.3954448103904724,2,2,nan,nan
3200001,OP8,9400000,OP8:9400000,80,tied,,80,0.6666666666666667,0.0,0.0,0.0,1,0,1,1,1,1,0.05541849136352539,0.17689992487430573,1.0,0.11731153726577759,1.0,1.0,0.17689992487430573,0.0,0,inf,0.0,0.0,0.0,0.45764532685279846,0.34099480509757996,2,2,nan,nan
3200001,OP8,9400000,OP8:9400000,81,tied,,81,0.6625,0.0,0.0,0.0,1,0,1,1,1,1,0.004865169525146484,0.22914855182170868,1.0,0.11759531497955322,1.0,0.0,0.22914855182170868,1.0,0,inf,0.0,0.0,0.0,0.4039573073387146,0.2865447998046875,2,2,nan,nan
3200001,OP8,9400000,OP8:9400000,82,tied,,82,0.6583333333333333,0.0,0.0,0.0,1,0,1,2,2,1,0.004778146743774414,0.23063930869102478,1.0,0.11803659051656723,1.0,0.0,0.23063930869102478,1.0,0,inf,0.0,0.0,0.0,0.35008156299591064,0.23209479451179504,2,2,nan,nan
3200001,OP8,9400000,OP8:9400000,83,tied,,83,0.6541666666666667,0.0,0.0,0.0,1,0,1,2,2,1,0.0024848461616784334,0.2305050641298294,1.0,0.17598895728588104,1.0,0.0,0.2305050641298294,1.0,0,inf,0.0,0.0,0.0,0.3500294089317322,0.1776447892189026,2,2,nan,nan
3200001,OP8,9400000,OP8:9400000,84,tied,,84,0.65,0.0,0.0,0.0,1,0,1,1,2,0,0.00019159316434524953,0.23039360344409943,1.0,0.2826814353466034,0.0,0.0,0.23039360344409943,1.0,1,0.5516311526298523,1.0,0.0,0.0,0.40390029549598694,0.12319477647542953,2,2,0.32123754918575287,1.0
3200001,OP8,9400000,OP8:9400000,85,tied,,85,0.6458333333333333,0.0,0.0,0.0,1,0,1,1,2,0,0.0021017075050622225,0.23030492663383484,1.0,0.3889469504356384,0.0,0.0,0.23030492663383484,1.0,1,0.6071425080299377,1.0,0.0,0.0,0.4570305347442627,0.06874477118253708,2,2,0.3768375813961029,1.0
3200001,OP8,9400000,OP8:9400000,86,tied,,86,0.6416666666666666,0.0,0.0,0.0,1,0,1,1,2,0,0.0033087730407714844,0.21323910355567932,1.0,0.4792228639125824,0.0,1.0,0.21323910355567932,0.0,1,0.5918082594871521,1.0,0.0,0.0,0.5103315711021423,0.03131323680281639,2,2,0.3785691559314728,1.0
3200001,OP8,9400000,OP8:9400000,87,leading,,87,0.6375,1.0,0.0,1.0,0,0,1,1,2,0,0.0032151222694665194,0.1758209764957428,0.0,nan,0.0,0.0,nan,0.0,1,nan,1.0,0.0,0.0,0.5637550950050354,0.014263175427913666,2,2,nan,nan
3200001,OP8,9400000,OP8:9400000,88,leading,,88,0.6333333333333333,1.0,0.0,1.0,0,0,1,1,2,0,0.03202490881085396,0.15349215269088745,0.0,nan,0.0,0.0,nan,0.0,1,nan,1.0,0.0,0.0,0.5646527409553528,0.032507192343473434,2,2,nan,nan
3200001,OP8,9400000,OP8:9400000,89,leading,,89,0.6291666666666667,1.0,0.0,1.0,0,0,0,0,2,0,0.08210978657007217,0.11279302835464478,0.0,nan,0.0,0.0,nan,0.0,1,nan,1.0,0.0,0.0,0.6178983449935913,0.08043873310089111,2,2,nan,nan
3200001,OP8,9400000,OP8:9400000,90,leading,,90,0.625,1.0,0.0,1.0,0,0,0,0,2,0,0.06091709062457085,0.07844001054763794,0.0,nan,0.0,0.0,nan,0.0,1,nan,1.0,0.0,0.0,0.6712642908096313,0.09738999605178833,2,2,nan,nan
3200001,OP8,9400000,OP8:9400000,91,leading,,91,0.6208333333333333,1.0,0.0,1.0,0,0,0,0,2,0,0.04208960384130478,0.0643114224076271,0.0,nan,0.0,0.0,nan,0.0,1,nan,1.0,0.0,0.0,0.689028263092041,0.12953877449035645,2,2,nan,nan
3200001,OP8,9400000,OP8:9400000,92,leading,,92,0.6166666666666667,1.0,0.0,1.0,0,0,0,0,2,0,0.015415191650390625,0.05255524441599846,0.0,nan,0.0,0.0,nan,0.0,1,nan,1.0,0.0,0.0,0.721906304359436,0.16387687623500824,2,2,nan,nan
3200001,OP8,9400000,OP8:9400000,93,leading,,93,0.6125,1.0,0.0,1.0,0,0,0,0,2,0,0.015482950024306774,0.05255446955561638,0.0,nan,0.0,0.0,nan,0.0,1,nan,1.0,0.0,0.0,0.7125199437141418,0.20702795684337616,2,2,nan,nan
3200001,OP8,9400000,OP8:9400000,94,leading,,94,0.6083333333333334,1.0,0.0,1.0,0,0,0,0,2,0,0.015550660900771618,0.05255381017923355,0.0,nan,0.0,0.0,nan,0.0,1,nan,1.0,0.0,0.0,0.7327367663383484,0.2545488774776459,2,2,nan,nan
3200001,OP8,9400000,OP8:9400000,95,leading,,95,0.6041666666666667,1.0,0.0,1.0,0,0,0,0,2,0,0.015618515200912952,0.05255322530865669,0.0,nan,0.0,0.0,nan,0.0,1,nan,1.0,0.0,0.0,0.7337900400161743,0.30439990758895874,2,2,nan,nan
3200001,OP8,9400000,OP8:9400000,96,leading,,96,0.6,1.0,0.0,1.0,0,0,0,0,2,1,0.029705047607421875,0.05614590644836426,0.0,nan,0.0,0.0,nan,0.0,1,nan,1.0,0.0,0.0,0.6821529865264893,0.3585497736930847,2,2,nan,nan
3200001,OP8,9400000,OP8:9400000,97,leading,,97,0.5958333333333333,1.0,0.0,1.0,0,0,0,0,2,2,0.025358771905303,0.05399667099118233,0.0,nan,0.0,0.0,nan,0.0,1,nan,1.0,0.0,0.0,0.6282143592834473,0.4127785563468933,2,2,nan,nan
3200001,OP8,9400000,OP8:9400000,98,leading,,98,0.5916666666666667,1.0,0.0,1.0,0,0,0,0,1,2,0.02101263962686062,0.05212201923131943,0.0,nan,0.0,0.0,nan,0.0,1,nan,1.0,0.0,0.0,0.5795077681541443,0.4670588970184326,2,2,nan,nan
3200001,OP8,9400000,OP8:9400000,99,leading,,99,0.5875,1.0,0.0,1.0,0,0,0,0,1,2,0.031197834759950638,0.09268002212047577,0.0,nan,0.0,0.0,nan,0.0,1,nan,1.0,0.0,0.0,0.5315678119659424,0.5070550441741943,2,2,nan,nan
3200001,OP8,9400000,OP8:9400000,100,leading,,100,0.5833333333333333,1.0,0.0,1.0,0,0,0,0,1,2,0.024194765836000443,0.09096763283014297,0.0,nan,0.0,0.0,nan,0.0,1,nan,1.0,1.0,0.0,0.5013395547866821,0.5606700778007507,2,2,nan,nan
3200001,OP8,9400000,OP8:9400000,101,leading,,101,0.5791666666666666,1.0,0.0,1.0,0,0,2,0,1,2,0.017191696912050247,0.08977233618497849,0.0,nan,0.0,0.0,nan,0.0,0,nan,0.0,1.0,0.0,0.5075224041938782,0.6144319772720337,2,2,nan,nan
3200001,OP8,9400000,OP8:9400000,102,leading,,102,0.575,1.0,0.0,1.0,0,0,2,0,1,2,0.1112339049577713,0.15627987682819366,0.0,nan,0.0,0.0,nan,0.0,0,nan,0.0,1.0,0.0,0.5579801797866821,0.6150386929512024,2,2,nan,nan
3200001,OP8,9400000,OP8:9400000,103,leading,,103,0.5708333333333333,1.0,0.0,1.0,0,0,2,0,0,2,0.12995962798595428,0.17084385454654694,0.0,nan,0.0,0.0,nan,0.0,0,nan,0.0,0.0,0.0,0.5863035321235657,0.5614923238754272,2,2,nan,nan
3200001,OP8,9400000,OP8:9400000,104,leading,,104,0.5666666666666667,1.0,0.0,1.0,0,0,2,0,0,2,0.1187773197889328,0.16269157826900482,0.0,nan,0.0,0.0,nan,0.0,0,nan,0.0,0.0,0.0,0.572208821773529,0.5070422887802124,2,2,nan,nan
3200001,OP8,9400000,OP8:9400000,105,leading,,105,0.5625,1.0,0.0,1.0,0,0,2,0,0,2,0.10759501159191132,0.15491844713687897,0.0,nan,0.0,0.0,nan,0.0,0,nan,0.0,0.0,0.0,0.5371910333633423,0.45259228348731995,2,2,nan,nan
3200001,OP8,9400000,OP8:9400000,106,leading,,106,0.5583333333333333,1.0,0.0,1.0,0,0,2,0,0,1,0.09641265869140625,0.14758434891700745,0.0,nan,0.0,0.0,nan,0.0,0,nan,0.0,0.0,0.0,0.49153590202331543,0.3981422781944275,2,2,nan,nan
3200001,OP8,9400000,OP8:9400000,107,leading,,107,0.5541666666666667,1.0,0.0,1.0,0,0,2,0,0,1,0.08523035049438477,0.1407579481601715,0.0,nan,0.0,0.0,nan,0.0,0,nan,0.0,0.0,0.0,0.47060877084732056,0.34369224309921265,2,2,nan,nan
3200001,OP8,9400000,OP8:9400000,108,leading,,108,0.55,1.0,0.0,1.0,0,0,2,0,0,1,0.07404804229736328,0.13451658189296722,0.0,nan,0.0,0.0,nan,0.0,0,nan,0.0,0.0,0.0,0.4621950685977936,0.2892422378063202,2,2,nan,nan
3200001,OP8,9400000,OP8:9400000,109,leading,,109,0.5458333333333334,1.0,0.0,1.0,0,0,2,0,0,0,0.0628657341003418,0.12894520163536072,0.0,nan,0.0,0.0,nan,0.0,0,nan,0.0,0.0,0.0,0.4345363974571228,0.23479226231575012,2,2,nan,nan
3200001,OP8,9400000,OP8:9400000,110,leading,,110,0.5416666666666667,1.0,0.0,1.0,0,0,2,0,0,0,0.05168342590332031,0.12413404881954193,0.0,nan,0.0,0.0,nan,0.0,0,nan,0.0,0.0,0.0,0.3833095133304596,0.18034225702285767,2,2,nan,nan
3200001,OP8,9400000,OP8:9400000,111,leading,,111,0.5375,1.0,0.0,1.0,0,0,2,0,0,0,0.04050121456384659,0.12017452716827393,0.0,nan,0.0,0.0,nan,0.0,0,nan,0.0,0.0,0.0,0.3357495963573456,0.1258922815322876,2,2,nan,nan
3200001,OP8,9400000,OP8:9400000,112,leading,,112,0.5333333333333333,1.0,0.0,1.0,0,0,1,0,0,0,0.029318904504179955,0.11715291440486908,0.0,nan,0.0,0.0,nan,0.0,0,nan,0.0,0.0,0.0,0.28658121824264526,0.07144228368997574,2,2,nan,nan
3200001,OP8,9400000,OP8:9400000,113,leading,,113,0.5291666666666667,1.0,0.0,1.0,0,0,1,0,0,0,0.017990732565522194,0.06367115676403046,0.0,nan,0.0,0.0,nan,0.0,0,nan,0.0,0.0,0.0,0.26028531789779663,0.07779163867235184,2,2,nan,nan
3200001,OP8,9400000,OP8:9400000,114,leading,,114,0.525,1.0,0.0,1.0,0,0,0,1,1,0,0.04389047622680664,0.05047319084405899,0.0,nan,0.0,0.0,nan,0.0,0,nan,0.0,0.0,0.0,0.20694918930530548,0.07727453857660294,2,2,nan,nan
3200001,OP8,9400000,OP8:9400000,115,leading,,115,0.5208333333333333,1.0,0.0,1.0,0,0,0,1,1,0,0.11688752472400665,0.13921290636062622,0.0,nan,0.0,0.0,nan,0.0,0,nan,0.0,0.0,0.0,0.21575741469860077,0.08910002559423447,2,2,nan,nan
3200001,OP8,9400000,OP8:9400000,116,leading,,116,0.5166666666666666,1.0,0.0,1.0,0,0,0,1,1,0,0.14139151573181152,0.1589796245098114,0.0,nan,0.0,0.0,nan,0.0,0,nan,0.0,0.0,0.0,0.2691726088523865,0.14065974950790405,2,2,nan,nan
3200001,OP8,9400000,OP8:9400000,117,leading,,117,0.5125,1.0,0.0,1.0,0,0,0,1,1,0,0.16301807761192322,0.17722047865390778,0.0,nan,0.0,0.0,nan,0.0,0,nan,0.0,0.0,0.0,0.32212990522384644,0.1932179480791092,2,2,nan,nan
3200001,OP8,9400000,OP8:9400000,118,leading,,118,0.5083333333333333,1.0,0.0,1.0,0,0,0,1,1,0,0.1846446990966797,0.19620195031166077,0.0,nan,0.0,0.0,nan,0.0,0,nan,0.0,0.0,0.0,0.3753684163093567,0.24659845232963562,2,2,nan,nan
3200001,OP8,9400000,OP8:9400000,119,leading,,119,0.5041666666666667,1.0,0.0,1.0,0,0,0,1,1,0,0.15735292434692383,0.16741855442523956,0.0,nan,0.0,0.0,nan,0.0,0,nan,0.0,0.0,0.0,0.42878347635269165,0.30036312341690063,2,2,nan,nan
3200001,OP8,9400000,OP8:9400000,120,leading,,120,0.5,1.0,0.0,1.0,0,0,0,1,1,0,0.13006119430065155,0.1386382281780243,0.0,nan,0.0,0.0,nan,0.0,0,nan,0.0,0.0,0.0,0.4823163151741028,0.3543371856212616,2,2,nan,nan
3200001,OP8,9400000,OP8:9400000,121,leading,,121,0.49583333333333335,1.0,0.0,1.0,0,0,0,1,1,2,0.10276937484741211,0.10986325889825821,0.0,nan,0.0,0.0,nan,0.0,0,nan,0.0,0.0,0.0,0.5359317064285278,0.408437579870224,2,2,nan,nan
3200001,OP8,9400000,OP8:9400000,122,leading,,122,0.4916666666666667,1.0,0.0,1.0,0,0,0,1,1,2,0.062235306948423386,0.06932458281517029,0.0,nan,0.0,0.0,nan,0.0,1,nan,1.0,0.0,0.0,0.5896071195602417,0.45996713638305664,2,2,nan,nan
3200001,OP8,9400000,OP8:9400000,123,leading,,123,0.48750000000000004,1.0,0.0,1.0,0,0,1,1,1,2,0.032035160809755325,0.03532271087169647,0.0,nan,0.0,0.0,nan,0.0,0,nan,0.0,0.0,0.0,0.580234944820404,0.5121015310287476,2,2,nan,nan
3200001,OP8,9400000,OP8:9400000,124,leading,,124,0.4833333333333333,1.0,0.0,1.0,0,0,1,0,1,2,0.09679722785949707,0.10646824538707733,0.0,nan,0.0,0.0,nan,0.0,1,nan,1.0,0.0,0.0,0.5630987882614136,0.5228375196456909,2,2,nan,nan
3200001,OP8,9400000,OP8:9400000,125,leading,,125,0.47916666666666663,1.0,0.0,1.0,0,0,2,0,1,2,0.10074739158153534,0.18104079365730286,0.0,nan,0.0,0.0,nan,0.0,0,nan,0.0,0.0,0.0,0.5639796853065491,0.4727005958557129,2,2,nan,nan
3200001,OP8,9400000,OP8:9400000,126,leading,,126,0.475,1.0,0.0,1.0,0,0,2,0,1,2,0.03773212432861328,0.20393724739551544,0.0,nan,0.0,0.0,nan,0.0,0,nan,0.0,0.0,0.0,0.5852086544036865,0.4182506203651428,2,2,nan,nan
3200001,OP8,9400000,OP8:9400000,127,leading,,127,0.4708333333333333,1.0,0.0,1.0,0,0,2,0,1,1,0.026326466351747513,0.2015121877193451,0.0,nan,0.0,0.0,nan,0.0,0,nan,0.0,0.0,0.0,0.6259012222290039,0.36380061507225037,2,2,nan,nan
3200001,OP8,9400000,OP8:9400000,128,leading,,128,0.4666666666666667,1.0,0.0,1.0,0,0,2,0,1,1,0.02072148397564888,0.2002491056919098,0.0,nan,0.0,0.0,nan,0.0,0,nan,0.0,0.0,0.0,0.5954527854919434,0.3093506395816803,2,2,nan,nan
3200001,OP8,9400000,OP8:9400000,129,leading,,129,0.4625,1.0,0.0,1.0,0,0,2,0,1,1,0.015116453170776367,0.19913771748542786,0.0,nan,0.0,0.0,nan,0.0,0,nan,0.0,0.0,0.0,0.5467950105667114,0.25490063428878784,2,2,nan,nan
3200001,OP8,9400000,OP8:9400000,130,leading,,130,0.45833333333333337,1.0,0.0,1.0,0,0,2,0,1,0,0.009511423297226429,0.19818055629730225,0.0,nan,0.0,0.0,nan,0.0,0,nan,0.0,0.0,0.0,0.4950612485408783,0.20045065879821777,2,2,nan,nan
3200001,OP8,9400000,OP8:9400000,131,leading,,131,0.4541666666666667,1.0,0.0,1.0,0,0,2,0,1,0,0.003906297497451305,0.19737985730171204,0.0,nan,0.0,0.0,nan,0.0,0,nan,0.0,0.0,0.0,0.4836820960044861,0.14600065350532532,2,2,nan,nan
3200001,OP8,9400000,OP8:9400000,132,leading,,132,0.44999999999999996,1.0,0.0,1.0,0,0,1,0,1,0,0.001698827720247209,0.19673755764961243,0.0,nan,0.0,0.0,nan,0.0,0,nan,0.0,0.0,0.0,0.5355878472328186,0.09155065566301346,2,2,nan,nan
3200001,OP8,9400000,OP8:9400000,133,leading,,133,0.4458333333333333,1.0,0.0,1.0,0,0,1,0,1,0,0.05301189422607422,0.14979852735996246,0.0,nan,0.0,0.0,nan,0.0,0,nan,0.0,0.0,0.0,0.5859512090682983,0.10082012414932251,2,2,nan,nan
3200001,OP8,9400000,OP8:9400000,134,leading,,134,0.44166666666666665,1.0,0.0,1.0,0,0,1,0,1,0,0.0541224479675293,0.0625990480184555,0.0,nan,0.0,0.0,nan,0.0,0,nan,0.0,0.0,0.0,0.5882051587104797,0.15336894989013672,2,2,nan,nan
3200001,OP8,9400000,OP8:9400000,135,leading,,135,0.4375,1.0,0.0,1.0,0,0,1,0,0,0,0.04707203060388565,0.09043043851852417,0.0,nan,0.0,0.0,nan,0.0,0,nan,0.0,0.0,0.0,0.5389572381973267,0.12421945482492447,2,2,nan,nan
3200001,OP8,9400000,OP8:9400000,136,leading,,136,0.43333333333333335,1.0,0.0,1.0,0,0,0,0,0,0,0.040021609514951706,0.190140962600708,0.0,nan,0.0,0.0,nan,0.0,0,nan,0.0,0.0,0.0,0.4876503348350525,0.06976945698261261,2,2,nan,nan
3200001,OP8,9400000,OP8:9400000,137,leading,,137,0.4291666666666667,1.0,0.0,1.0,0,0,0,0,0,0,0.018284272402524948,0.2442472279071808,0.0,nan,0.0,0.0,nan,0.0,0,nan,0.0,0.0,0.0,0.4337994158267975,0.08325923979282379,2,2,nan,nan
3200001,OP8,9400000,OP8:9400000,138,leading,,138,0.42500000000000004,1.0,0.0,1.0,0,0,0,0,0,0,0.032036732882261276,0.24639692902565002,0.0,nan,0.0,0.0,nan,0.0,0,nan,0.0,0.0,0.0,0.3846588134765625,0.1341048628091812,2,2,nan,nan
3200001,OP8,9400000,OP8:9400000,139,leading,,139,0.4208333333333333,1.0,0.0,1.0,0,0,0,0,0,1,0.03082113340497017,0.24634334444999695,0.0,nan,0.0,0.0,nan,0.0,0,nan,0.0,0.0,0.0,0.3329685926437378,0.18253189325332642,2,2,nan,nan
3200001,OP8,9400000,OP8:9400000,140,leading,,140,0.41666666666666663,1.0,0.0,1.0,0,0,0,1,1,1,0.06923570483922958,0.2649032473564148,0.0,nan,0.0,0.0,nan,0.0,0,nan,0.0,0.0,0.0,0.3039321005344391,0.2336263358592987,2,2,nan,nan
3200001,OP8,9400000,OP8:9400000,141,leading,,141,0.4125,1.0,0.0,1.0,0,0,0,1,1,1,0.10017261654138565,0.2621378004550934,0.0,nan,0.0,0.0,nan,0.0,0,nan,0.0,0.0,0.0,0.281081885099411,0.28596198558807373,2,2,nan,nan
3200001,OP8,9400000,OP8:9400000,142,leading,,142,0.4083333333333333,1.0,0.0,1.0,0,0,0,1,1,1,0.13110952079296112,0.2636945843696594,0.0,nan,0.0,0.0,nan,0.0,0,nan,0.0,0.0,0.0,0.32977932691574097,0.33896440267562866,2,2,nan,nan
3200001,OP8,9400000,OP8:9400000,143,leading,,143,0.4041666666666667,1.0,0.0,1.0,0,0,0,1,1,1,0.14863714575767517,0.24935050308704376,0.0,nan,0.0,0.0,nan,0.0,0,nan,0.0,0.0,0.0,0.3766867518424988,0.39236345887184143,2,2,nan,nan
3200001,OP8,9400000,OP8:9400000,144,leading,,144,0.4,1.0,0.0,1.0,0,0,0,1,1,2,0.1332997828722,0.2399328052997589,0.0,nan,0.0,0.0,nan,0.0,0,nan,0.0,0.0,0.0,0.4252662658691406,0.44601669907569885,2,2,nan,nan
3200001,OP8,9400000,OP8:9400000,145,leading,,145,0.39583333333333337,1.0,0.0,1.0,0,0,0,1,1,2,0.08985338360071182,0.20479032397270203,0.0,nan,0.0,0.0,nan,0.0,0,nan,0.0,0.0,0.0,0.45006638765335083,0.49984225630760193,2,2,nan,nan
3200001,OP8,9400000,OP8:9400000,146,leading,,146,0.3916666666666667,1.0,0.0,1.0,1,0,1,1,1,2,0.04878950119018555,0.17315912246704102,1.0,0.20662172138690948,0.0,1.0,0.17315912246704102,0.0,0,inf,0.0,1.0,0.0,0.460707426071167,0.5537899732589722,2,2,nan,nan
3200001,OP8,9400000,OP8:9400000,147,leading,,147,0.38749999999999996,1.0,0.0,1.0,1,0,1,1,1,2,0.03129754215478897,0.1534450203180313,1.0,0.1401064097881317,1.0,1.0,0.1534450203180313,0.0,0,inf,0.0,1.0,0.0,0.48732632398605347,0.540225625038147,2,2,nan,nan
3200001,OP8,9400000,OP8:9400000,148,leading,,148,0.3833333333333333,1.0,0.0,1.0,1,0,1,1,1,2,0.037776947021484375,0.1543760597705841,1.0,0.06732840836048126,1.0,1.0,0.1543760597705841,0.0,0,inf,0.0,0.0,0.0,0.5409875512123108,0.48665851354599,2,2,nan,nan
3200001,OP8,9400000,OP8:9400000,149,leading,,149,0.37916666666666665,1.0,0.0,1.0,1,0,1,0,1,2,0.02236337587237358,0.12941977381706238,1.0,0.06188296526670456,1.0,1.0,0.12941977381706238,0.0,1,0.1267789900302887,1.0,0.0,0.0,0.614798903465271,0.4322085380554199,2,2,-0.0026407837867736816,0.0
3200001,OP8,9400000,OP8:9400000,150,leading,,150,0.375,1.0,0.0,1.0,1,0,1,0,1,1,0.019596004858613014,0.1289094090461731,1.0,0.11261361837387085,1.0,1.0,0.1289094090461731,0.0,1,0.16281071305274963,1.0,0.0,0.0,0.6172733306884766,0.3777585029602051,2,2,0.03390130400657654,1.0
3200001,OP8,9400000,OP8:9400000,151,leading,,151,0.37083333333333335,1.0,0.0,1.0,1,0,1,0,1,1,0.016828536987304688,0.12845665216445923,1.0,0.13523325324058533,1.0,1.0,0.12845665216445923,0.0,1,0.16306787729263306,1.0,0.0,0.0,0.5802375078201294,0.3233084976673126,2,2,0.03461122512817383,1.0
3200001,OP8,9400000,OP8:9400000,152,leading,,152,0.3666666666666667,1.0,0.0,1.0,1,0,1,0,1,0,0.014061260037124157,0.1280621737241745,1.0,0.13407817482948303,1.0,1.0,0.1280621737241745,0.0,1,0.16346290707588196,1.0,0.0,0.0,0.5280842781066895,0.26885849237442017,2,2,0.03540073335170746,1.0
3200001,OP8,9400000,OP8:9400000,153,leading,,153,0.36250000000000004,1.0,0.0,1.0,1,0,1,0,1,0,0.011293935589492321,0.1277264654636383,1.0,0.11623802036046982,1.0,1.0,0.1277264654636383,0.0,1,0.1855265498161316,1.0,0.0,0.0,0.45481055974960327,0.21440847218036652,2,2,0.057800084352493286,1.0
3200001,OP8,9400000,OP8:9400000,154,leading,,154,0.3583333333333333,1.0,0.0,1.0,1,0,1,0,1,0,0.00852665863931179,0.12745000422000885,1.0,0.11579795926809311,1.0,1.0,0.12745000422000885,0.0,1,0.18581220507621765,1.0,0.0,0.0,0.40197452902793884,0.15995845198631287,2,2,0.0583622008562088,1.0
3200001,OP8,9400000,OP8:9400000,155,leading,,155,0.35416666666666663,1.0,0.0,1.0,1,0,1,1,2,0,0.005759286694228649,0.12723317742347717,1.0,0.11603476852178574,1.0,1.0,0.12723317742347717,0.0,1,0.1862076371908188,1.0,0.0,0.0,0.3483237624168396,0.1055084615945816,2,2,0.058974459767341614,1.0
3200001,OP8,9400000,OP8:9400000,156,leading,,156,0.35,1.0,0.0,1.0,1,0,0,1,2,0,0.0029921531677246094,0.12707628309726715,1.0,0.17637690901756287,1.0,1.0,0.12707628309726715,0.0,1,0.18665796518325806,1.0,0.0,0.0,0.3514019846916199,0.05105845257639885,2,2,0.059581682085990906,1.0
3200001,OP8,9400000,OP8:9400000,157,leading,,157,0.3458333333333333,1.0,0.0,1.0,1,0,0,1,2,0,0.05651874467730522,0.09927482903003693,1.0,0.18713580071926117,0.0,1.0,0.09927482903003693,0.0,1,0.18713580071926117,1.0,0.0,0.0,0.3107011616230011,0.07009122520685196,2,2,0.08786097168922424,1.0
3200001,OP8,9400000,OP8:9400000,158,leading,,158,0.3416666666666667,1.0,0.0,1.0,1,0,0,1,2,0,0.07295899093151093,0.0770229771733284,1.0,0.18762746453285217,0.0,1.0,0.0770229771733284,0.0,1,0.18762746453285217,1.0,0.0,0.0,0.25676050782203674,0.06914226710796356,2,2,0.11060448735952377,1.0
3200001,OP8,9400000,OP8:9400000,159,leading,,159,0.3375,1.0,0.0,1.0,1,0,0,1,2,0,0.08945178985595703,0.14505572617053986,1.0,0.1713256686925888,1.0,1.0,0.14505572617053986,0.0,1,0.1713256686925888,1.0,0.0,0.0,0.20281700789928436,0.031494297087192535,2,2,0.02626994252204895,1.0
3200001,OP8,9400000,OP8:9400000,160,leading,,160,0.33333333333333337,2.0,0.0,2.0,0,0,0,1,2,0,0.07104458659887314,0.19593660533428192,0.0,nan,0.0,0.0,nan,0.0,1,nan,1.0,0.0,0.0,0.14887282252311707,0.014345644041895866,2,2,nan,nan
3200001,OP8,9400000,OP8:9400000,161,leading,,161,0.3291666666666667,2.0,0.0,2.0,0,0,0,2,2,0,0.024433469399809837,0.26559218764305115,0.0,nan,0.0,0.0,nan,0.0,0,nan,0.0,0.0,0.0,0.1516735553741455,0.03255986422300339,2,2,nan,nan
3200001,OP8,9400000,OP8:9400000,162,leading,,162,0.32499999999999996,2.0,0.0,2.0,0,0,0,1,2,0,0.04616556316614151,0.3039194643497467,0.0,nan,0.0,0.0,nan,0.0,0,nan,0.0,0.0,0.0,0.2054228037595749,0.08046339452266693,2,2,nan,nan
3200001,OP8,9400000,OP8:9400000,163,leading,,163,0.3208333333333333,2.0,0.0,2.0,0,0,0,1,2,0,0.058718156069517136,0.3032551109790802,0.0,nan,0.0,0.0,nan,0.0,0,nan,0.0,0.0,0.0,0.25535011291503906,0.09168630838394165,2,2,nan,nan
3200001,OP8,9400000,OP8:9400000,164,leading,,164,0.31666666666666665,2.0,0.0,2.0,0,0,0,1,2,1,0.07127074897289276,0.3031368851661682,0.0,nan,0.0,0.0,nan,0.0,0,nan,0.0,0.0,0.0,0.306641161441803,0.12754610180854797,2,2,nan,nan
3200001,OP8,9400000,OP8:9400000,165,leading,,165,0.3125,2.0,0.0,2.0,0,0,0,1,2,1,0.08382334560155869,0.30356544256210327,0.0,nan,0.0,0.0,nan,0.0,0,nan,0.0,0.0,0.0,0.3587115406990051,0.17337600886821747,2,2,nan,nan
3200001,OP8,9400000,OP8:9400000,166,leading,,166,0.30833333333333335,2.0,0.0,2.0,0,0,0,1,2,1,0.09637598693370819,0.30453842878341675,0.0,nan,0.0,0.0,nan,0.0,0,nan,0.0,0.0,0.0,0.41126522421836853,0.2231145203113556,2,2,nan,nan
3200001,OP8,9400000,OP8:9400000,167,leading,,167,0.3041666666666667,2.0,0.0,2.0,0,0,1,1,2,1,0.09719018638134003,0.3045276701450348,0.0,nan,0.0,0.0,nan,0.0,0,nan,0.0,0.0,0.0,0.46413812041282654,0.2701265215873718,2,2,nan,nan
3200001,OP8,9400000,OP8:9400000,168,leading,,168,0.30000000000000004,2.0,0.0,2.0,0,0,1,1,2,1,0.1327282190322876,0.261150062084198,0.0,nan,0.0,0.0,nan,0.0,0,nan,0.0,0.0,0.0,0.517232358455658,0.3195093274116516,2,2,nan,nan
3200001,OP8,9400000,OP8:9400000,169,leading,,169,0.2958333333333333,2.0,0.0,2.0,0,0,1,1,2,1,0.10941650718450546,0.1618150770664215,0.0,nan,0.0,0.0,nan,0.0,0,nan,0.0,0.0,0.0,0.5448193550109863,0.37031567096710205,2,2,nan,nan
3200001,OP8,9400000,OP8:9400000,170,leading,,170,0.29166666666666663,2.0,0.0,2.0,0,0,1,1,2,2,0.08048000186681747,0.08176219463348389,0.0,nan,0.0,0.0,nan,0.0,0,nan,0.0,0.0,0.0,0.520459771156311,0.4220317304134369,2,2,nan,nan
3200001,OP8,9400000,OP8:9400000,171,leading,,171,0.2875,2.0,0.0,2.0,0,0,1,0,2,1,0.07122211158275604,0.11732089519500732,0.0,nan,0.0,0.0,nan,0.0,1,nan,1.0,0.0,0.0,0.48026126623153687,0.39169013500213623,2,2,nan,nan
3200001,OP8,9400000,OP8:9400000,172,leading,,172,0.2833333333333333,2.0,0.0,2.0,0,0,1,0,2,1,0.06196422502398491,0.2102203369140625,0.0,nan,0.0,0.0,nan,0.0,1,nan,1.0,0.0,0.0,0.45261722803115845,0.3372401297092438,2,2,nan,nan
3200001,OP8,9400000,OP8:9400000,173,leading,,173,0.2791666666666667,2.0,0.0,2.0,0,0,2,0,2,1,0.052706338465213776,0.31300196051597595,0.0,nan,0.0,0.0,nan,0.0,0,nan,0.0,0.0,0.0,0.47827330231666565,0.2827901244163513,2,2,nan,nan
3200001,OP8,9400000,OP8:9400000,174,leading,,174,0.275,2.0,0.0,2.0,0,0,2,0,2,1,0.09558725357055664,0.3783734440803528,0.0,nan,0.0,0.0,nan,0.0,0,nan,0.0,0.0,0.0,0.5320510864257812,0.22834011912345886,2,2,nan,nan
3200001,OP8,9400000,OP8:9400000,175,leading,,175,0.27083333333333337,2.0,0.0,2.0,0,0,2,0,2,1,0.11981768906116486,0.3829646706581116,0.0,nan,0.0,0.0,nan,0.0,0,nan,0.0,0.0,0.0,0.5409790873527527,0.1738901287317276,2,2,nan,nan
3200001,OP8,9400000,OP8:9400000,176,leading,,176,0.2666666666666667,2.0,0.0,2.0,0,0,2,0,1,1,0.10001315921545029,0.3767043948173523,0.0,nan,0.0,0.0,nan,0.0,0,nan,0.0,0.0,0.0,0.5390821695327759,0.11944012343883514,2,2,nan,nan
3200001,OP8,9400000,OP8:9400000,177,leading,,177,0.26249999999999996,2.0,0.0,2.0,0,0,1,0,1,1,0.08020853996276855,0.3713966906070709,0.0,nan,0.0,0.0,nan,0.0,0,nan,0.0,0.0,0.0,0.48578447103500366,0.06499012559652328,2,2,nan,nan
3200001,OP8,9400000,OP8:9400000,178,leading,,178,0.2583333333333333,2.0,0.0,2.0,0,0,1,0,1,0,0.017581796273589134,0.3043369650840759,0.0,nan,0.0,0.0,nan,0.0,0,nan,0.0,0.0,0.0,0.456397145986557,0.07968511432409286,2,2,nan,nan
3200001,OP8,9400000,OP8:9400000,179,leading,,179,0.25416666666666665,2.0,0.0,2.0,0,0,1,0,1,0,0.007719564251601696,0.19575338065624237,0.0,nan,0.0,0.0,nan,0.0,0,nan,0.0,0.0,0.0,0.4114273190498352,0.12998415529727936,2,2,nan,nan
3200001,OP8,9400000,OP8:9400000,180,leading,,180,0.25,2.0,0.0,2.0,0,0,1,0,1,0,0.012260722927749157,0.08975750207901001,0.0,nan,0.0,0.0,nan,0.0,0,nan,0.0,0.0,0.0,0.3646232485771179,0.17827023565769196,2,2,nan,nan
3200001,OP8,9400000,OP8:9400000,181,leading,,181,0.24583333333333335,2.0,0.0,2.0,0,0,1,0,1,0,0.022845029830932617,0.0703640878200531,0.0,nan,0.0,0.0,nan,0.0,0,nan,0.0,0.0,0.0,0.3160560727119446,0.19180245697498322,2,2,nan,nan
3200001,OP8,9400000,OP8:9400000,182,leading,,182,0.2416666666666667,2.0,0.0,2.0,0,0,1,1,1,0,0.0236024372279644,0.19828535616397858,0.0,nan,0.0,0.0,nan,0.0,0,nan,0.0,0.0,0.0,0.26675477623939514,0.13735243678092957,2,2,nan,nan
3200001,OP8,9400000,OP8:9400000,183,leading,,183,0.23750000000000004,2.0,0.0,2.0,0,0,0,1,1,0,0.012693929485976696,0.3047705590724945,0.0,nan,0.0,0.0,nan,0.0,0,nan,0.0,0.0,0.0,0.3139899969100952,0.0829024389386177,2,2,nan,nan
3200001,OP8,9400000,OP8:9400000,184,leading,,184,0.23333333333333328,2.0,0.0,2.0,0,0,0,1,1,1,0.06487913429737091,0.38238170742988586,0.0,nan,0.0,0.0,nan,0.0,0,nan,0.0,0.0,0.0,0.36454838514328003,0.09363578259944916,2,2,nan,nan
3200001,OP8,9400000,OP8:9400000,185,leading,,185,0.22916666666666663,2.0,0.0,2.0,0,0,0,1,1,1,0.037958286702632904,0.34961894154548645,0.0,nan,0.0,0.0,nan,0.0,0,nan,0.0,0.0,0.0,0.41595831513404846,0.1456354260444641,2,2,nan,nan
3200001,OP8,9400000,OP8:9400000,186,leading,,186,0.22499999999999998,2.0,0.0,2.0,0,0,0,1,1,1,0.0024156570434570312,0.3149467706680298,0.0,nan,0.0,0.0,nan,0.0,0,nan,0.0,0.0,0.0,0.4160493314266205,0.19678142666816711,2,2,nan,nan
3200001,OP8,9400000,OP8:9400000,187,leading,,187,0.22083333333333333,2.0,0.0,2.0,0,0,0,1,1,1,0.05825967714190483,0.2870303988456726,0.0,nan,0.0,0.0,nan,0.0,0,nan,0.0,0.0,0.0,0.4509507715702057,0.23903867602348328,2,2,nan,nan
3200001,OP8,9400000,OP8:9400000,188,leading,,188,0.21666666666666667,2.0,0.0,2.0,0,0,0,1,1,1,0.1189350113272667,0.2742998003959656,0.0,nan,0.0,0.0,nan,0.0,0,nan,0.0,0.0,0.0,0.4886868894100189,0.28545695543289185,2,2,nan,nan
3200001,OP8,9400000,OP8:9400000,189,leading,,189,0.21250000000000002,2.0,0.0,2.0,0,0,0,1,1,1,0.11532950401306152,0.272036612033844,0.0,nan,0.0,0.0,nan,0.0,0,nan,0.0,0.0,0.0,0.5252076387405396,0.3343074321746826,2,2,nan,nan
3200001,OP8,9400000,OP8:9400000,190,leading,,190,0.20833333333333337,2.0,0.0,2.0,0,0,0,0,1,1,0.08518562465906143,0.24501924216747284,0.0,nan,0.0,0.0,nan,0.0,1,nan,1.0,0.0,0.0,0.5673499703407288,0.3846645951271057,2,2,nan,nan
3200001,OP8,9400000,OP8:9400000,191,leading,,191,0.20416666666666672,2.0,0.0,2.0,0,0,1,0,1,2,0.05504169315099716,0.22008267045021057,0.0,nan,0.0,0.0,nan,0.0,0,nan,0.0,0.0,0.0,0.5992857813835144,0.43600672483444214,2,2,nan,nan
3200001,OP8,9400000,OP8:9400000,192,leading,,192,0.19999999999999996,2.0,0.0,2.0,0,0,1,0,1,2,0.0235577579587698,0.1263737827539444,0.0,nan,0.0,0.0,nan,0.0,0,nan,0.0,0.0,0.0,0.6284958124160767,0.48802298307418823,2,2,nan,nan
3200001,OP8,9400000,OP8:9400000,193,leading,,193,0.1958333333333333,2.0,0.0,2.0,0,0,1,0,1,2,0.06967749446630478,0.08169402182102203,0.0,nan,0.0,0.0,nan,0.0,0,nan,0.0,0.0,0.0,0.6033428907394409,0.5263559222221375,2,2,nan,nan
3200001,OP8,9400000,OP8:9400000,194,leading,,194,0.19166666666666665,2.0,0.0,2.0,0,0,2,0,1,2,0.06569381058216095,0.09273360669612885,0.0,nan,0.0,0.0,nan,0.0,0,nan,0.0,0.0,0.0,0.5717436671257019,0.5209267139434814,2,2,nan,nan
3200001,OP8,9400000,OP8:9400000,195,leading,,195,0.1875,2.0,0.0,2.0,0,0,2,0,1,2,0.11183448135852814,0.16509829461574554,0.0,nan,0.0,0.0,nan,0.0,0,nan,0.0,0.0,0.0,0.5441345572471619,0.4664766788482666,2,2,nan,nan
3200001,OP8,9400000,OP8:9400000,196,leading,,196,0.18333333333333335,2.0,0.0,2.0,0,0,2,0,1,2,0.11218313872814178,0.16537484526634216,0.0,nan,0.0,0.0,nan,0.0,0,nan,0.0,0.0,0.0,0.5022001266479492,0.41202670335769653,2,2,nan,nan
3200001,OP8,9400000,OP8:9400000,197,leading,,197,0.1791666666666667,2.0,0.0,2.0,0,0,2,0,1,1,0.09882841259241104,0.1563188135623932,0.0,nan,0.0,0.0,nan,0.0,0,nan,0.0,0.0,0.0,0.45354706048965454,0.3575766682624817,2,2,nan,nan
3200001,OP8,9400000,OP8:9400000,198,leading,,198,0.17500000000000004,2.0,0.0,2.0,0,0,2,0,1,1,0.08547382056713104,0.14791661500930786,0.0,nan,0.0,0.0,nan,0.0,0,nan,0.0,0.0,0.0,0.4456874430179596,0.3031266927719116,2,2,nan,nan
3200001,OP8,9400000,OP8:9400000,199,leading,,199,0.17083333333333328,2.0,0.0,2.0,0,0,2,0,1,0,0.0721190944314003,0.1402856409549713,0.0,nan,0.0,0.0,nan,0.0,0,nan,0.0,0.0,0.0,0.43204155564308167,0.24867665767669678,2,2,nan,nan
3200001,OP8,9400000,OP8:9400000,200,leading,,200,0.16666666666666663,2.0,0.0,2.0,0,0,2,0,1,0,0.0587645061314106,0.13355830311775208,0.0,nan,0.0,0.0,nan,0.0,0,nan,0.0,0.0,0.0,0.4492610991001129,0.19422665238380432,2,2,nan,nan
3200001,OP8,9400000,OP8:9400000,201,leading,,201,0.16249999999999998,2.0,0.0,2.0,0,0,2,0,1,0,0.04540977627038956,0.1278771460056305,0.0,nan,0.0,0.0,nan,0.0,0,nan,0.0,0.0,0.0,0.39561066031455994,0.13977664709091187,2,2,nan,nan
3200001,OP8,9400000,OP8:9400000,202,leading,,202,0.15833333333333333,2.0,0.0,2.0,0,0,1,0,1,0,0.03205518797039986,0.12338688224554062,0.0,nan,0.0,0.0,nan,0.0,0,nan,0.0,0.0,0.0,0.3455916941165924,0.0853266492486,2,2,nan,nan
3200001,OP8,9400000,OP8:9400000,203,leading,,203,0.15416666666666667,2.0,0.0,2.0,0,0,1,0,0,0,0.027453232556581497,0.06882244348526001,0.0,nan,0.0,0.0,nan,0.0,0,nan,0.0,0.0,0.0,0.3209896683692932,0.0956251472234726,2,2,nan,nan
3200001,OP8,9400000,OP8:9400000,204,leading,,204,0.15000000000000002,2.0,0.0,2.0,0,0,0,0,0,0,0.04671287536621094,0.06395035237073898,0.0,nan,0.0,0.0,nan,0.0,0,nan,0.0,0.0,0.0,0.26737940311431885,0.09548275172710419,2,2,nan,nan
3200001,OP8,9400000,OP8:9400000,205,leading,,205,0.14583333333333337,2.0,0.0,2.0,0,0,0,1,2,0,0.11531619727611542,0.1510884314775467,0.0,nan,0.0,0.0,nan,0.0,0,nan,0.0,0.0,0.0,0.21378596127033234,0.1041603535413742,2,2,nan,nan
3200001,OP8,9400000,OP8:9400000,206,leading,,206,0.14166666666666672,2.0,0.0,2.0,0,0,0,1,2,0,0.13154283165931702,0.17647303640842438,0.0,nan,0.0,0.0,nan,0.0,0,nan,0.0,0.0,0.0,0.19821356236934662,0.15691687166690826,2,2,nan,nan
3200001,OP8,9400000,OP8:9400000,207,leading,,207,0.13749999999999996,2.0,0.0,2.0,0,0,0,1,2,0,0.1180686503648758,0.16633090376853943,0.0,nan,0.0,0.0,nan,0.0,0,nan,0.0,0.0,0.0,0.2520960867404938,0.2075682133436203,2,2,nan,nan
3200001,OP8,9400000,OP8:9400000,208,leading,,208,0.1333333333333333,2.0,0.0,2.0,0,0,0,1,2,0,0.10459437221288681,0.1566932052373886,0.0,nan,0.0,0.0,nan,0.0,0,nan,0.0,0.0,0.0,0.30533069372177124,0.2597610652446747,2,2,nan,nan
3200001,OP8,9400000,OP8:9400000,209,leading,,209,0.12916666666666665,2.0,0.0,2.0,0,0,0,1,2,1,0.09111995995044708,0.14765875041484833,0.0,nan,0.0,0.0,nan,0.0,0,nan,0.0,0.0,0.0,0.35877740383148193,0.3127245604991913,2,2,nan,nan
3200001,OP8,9400000,OP8:9400000,210,leading,,210,0.125,2.0,0.0,2.0,0,0,0,1,2,1,0.0776456817984581,0.13934512436389923,0.0,nan,0.0,0.0,nan,0.0,0,nan,0.0,0.0,0.0,0.4123536944389343,0.3661244511604309,2,2,nan,nan
3200001,OP8,9400000,OP8:9400000,211,leading,,211,0.12083333333333335,2.0,0.0,2.0,0,0,0,1,2,2,0.06417150795459747,0.13188864290714264,0.0,nan,0.0,0.0,nan,0.0,0,nan,0.0,0.0,0.0,0.4660150110721588,0.4197941720485687,2,2,nan,nan
3200001,OP8,9400000,OP8:9400000,212,leading,,212,0.1166666666666667,2.0,0.0,2.0,0,0,0,1,2,2,0.05069722980260849,0.12544211745262146,0.0,nan,0.0,0.0,nan,0.0,0,nan,0.0,0.0,0.0,0.5016593337059021,0.4736420512199402,2,2,nan,nan
3200001,OP8,9400000,OP8:9400000,213,leading,,213,0.11250000000000004,2.0,0.0,2.0,0,0,0,1,2,2,0.037223052233457565,0.12016831338405609,0.0,nan,0.0,0.0,nan,0.0,0,nan,0.0,0.0,0.0,0.5378837585449219,0.5276135802268982,2,2,nan,nan
3200001,OP8,9400000,OP8:9400000,214,leading,dropped_the_flag|tagged_while_carrying,214,0.10833333333333328,2.0,0.0,2.0,1,0,0,1,2,2,0.02374877966940403,0.11622689664363861,1.0,0.07800281792879105,1.0,1.0,0.11622689664363861,0.0,0,inf,0.0,0.0,0.0,0.5900918841362,0.5816742181777954,2,2,nan,nan
3200001,OP8,9400000,OP8:9400000,215,leading,,215,0.10416666666666663,2.0,0.0,2.0,0,0,1,1,2,2,0.041780948638916016,0.07167018949985504,0.0,nan,0.0,0.0,nan,0.0,0,nan,0.0,0.0,0.0,0.6237928867340088,0.6347954869270325,2,2,nan,nan
3200001,OP8,9400000,OP8:9400000,216,leading,dropped_the_flag|tagged_while_carrying,216,0.09999999999999998,2.0,0.0,2.0,1,0,1,0,2,2,0.054601095616817474,0.0923902690410614,1.0,0.062073707580566406,1.0,1.0,0.0923902690410614,0.0,1,0.06426075845956802,1.0,0.0,0.0,0.6628051400184631,0.6406680345535278,2,2,-0.028129510581493378,0.0
3200001,OP8,9400000,OP8:9400000,217,leading,,217,0.09583333333333333,2.0,0.0,2.0,0,0,2,0,2,2,0.10461835563182831,0.1695990264415741,0.0,nan,0.0,0.0,nan,0.0,0,nan,0.0,0.0,0.0,0.6536597013473511,0.586217999458313,2,2,nan,nan
3200001,OP8,9400000,OP8:9400000,218,leading,,218,0.09166666666666667,2.0,0.0,2.0,0,0,2,0,2,2,0.11145520210266113,0.1746470183134079,0.0,nan,0.0,0.0,nan,0.0,0,nan,0.0,0.0,0.0,0.616986095905304,0.5317680835723877,2,2,nan,nan
3200001,OP8,9400000,OP8:9400000,219,leading,,219,0.08750000000000002,2.0,0.0,2.0,0,0,2,0,2,2,0.10150985419750214,0.1685827225446701,0.0,nan,0.0,0.0,nan,0.0,0,nan,0.0,0.0,0.0,0.5709513425827026,0.4773181080818176,2,2,nan,nan
3200001,OP8,9400000,OP8:9400000,220,leading,,220,0.08333333333333337,2.0,0.0,2.0,0,0,2,0,2,2,0.09156451374292374,0.16290035843849182,0.0,nan,0.0,0.0,nan,0.0,0,nan,0.0,0.0,0.0,0.520426869392395,0.4228680729866028,2,2,nan,nan
3200001,OP8,9400000,OP8:9400000,221,leading,,221,0.07916666666666672,2.0,0.0,2.0,0,0,2,0,2,1,0.08161916583776474,0.15764132142066956,0.0,nan,0.0,0.0,nan,0.0,0,nan,0.0,0.0,0.0,0.4677960276603699,0.3684180974960327,2,2,nan,nan
3200001,OP8,9400000,OP8:9400000,222,leading,,222,0.07499999999999996,2.0,0.0,2.0,0,0,2,0,2,1,0.09502802044153214,0.15788280963897705,0.0,nan,0.0,0.0,nan,0.0,0,nan,0.0,0.0,0.0,0.4689400792121887,0.31396812200546265,2,2,nan,nan
3200001,OP8,9400000,OP8:9400000,223,leading,,223,0.0708333333333333,2.0,0.0,2.0,0,0,2,0,2,0,0.08214940875768661,0.15092435479164124,0.0,nan,0.0,0.0,nan,0.0,0,nan,0.0,0.0,0.0,0.4541459083557129,0.2595180869102478,2,2,nan,nan
3200001,OP8,9400000,OP8:9400000,224,leading,,224,0.06666666666666665,2.0,0.0,2.0,0,0,2,0,2,0,0.06927080452442169,0.14478126168251038,0.0,nan,0.0,0.0,nan,0.0,0,nan,0.0,0.0,0.0,0.4979056715965271,0.20506808161735535,2,2,nan,nan
3200001,OP8,9400000,OP8:9400000,225,leading,,225,0.0625,2.0,0.0,2.0,0,0,2,0,2,0,0.05639219284057617,0.1395612508058548,0.0,nan,0.0,0.0,nan,0.0,0,nan,0.0,0.0,0.0,0.5460245609283447,0.1506180614233017,2,2,nan,nan
3200001,OP8,9400000,OP8:9400000,226,leading,,226,0.05833333333333335,2.0,0.0,2.0,0,0,1,0,0,0,0.04351358488202095,0.1353711038827896,0.0,nan,0.0,0.0,nan,0.0,0,nan,0.0,0.0,0.0,0.59514319896698,0.09616805613040924,2,2,nan,nan
3200001,OP8,9400000,OP8:9400000,227,leading,,227,0.054166666666666696,2.0,0.0,2.0,0,0,1,0,0,0,0.01953759230673313,0.07911019027233124,0.0,nan,0.0,0.0,nan,0.0,0,nan,0.0,0.0,0.0,0.5828233957290649,0.10474686324596405,2,2,nan,nan
3200001,OP8,9400000,OP8:9400000,228,leading,,228,0.050000000000000044,2.0,0.0,2.0,0,0,1,0,0,0,0.03684816509485245,0.04806102067232132,0.0,nan,0.0,0.0,nan,0.0,0,nan,0.0,0.0,0.0,0.5339064598083496,0.11804400384426117,2,2,nan,nan
3200001,OP8,9400000,OP8:9400000,229,leading,,229,0.04583333333333328,2.0,0.0,2.0,0,0,0,0,0,0,0.040492914617061615,0.14461912214756012,0.0,nan,0.0,0.0,nan,0.0,0,nan,0.0,0.0,0.0,0.4854862689971924,0.06359400600194931,2,2,nan,nan
3200001,OP8,9400000,OP8:9400000,230,leading,,230,0.04166666666666663,2.0,0.0,2.0,0,0,0,0,0,0,0.09849271923303604,0.2148561030626297,0.0,nan,0.0,0.0,nan,0.0,0,nan,0.0,0.0,0.0,0.43284887075424194,0.0786653682589531,2,2,nan,nan
3200001,OP8,9400000,OP8:9400000,231,leading,,231,0.03749999999999998,2.0,0.0,2.0,0,0,0,0,0,0,0.1063365489244461,0.21860429644584656,0.0,nan,0.0,0.0,nan,0.0,0,nan,0.0,0.0,0.0,0.3793853223323822,0.12878914177417755,2,2,nan,nan
3200001,OP8,9400000,OP8:9400000,232,leading,,232,0.033333333333333326,2.0,0.0,2.0,0,0,0,1,1,0,0.10575203597545624,0.2183571606874466,0.0,nan,0.0,0.0,nan,0.0,0,nan,0.0,0.0,0.0,0.3444966673851013,0.17915764451026917,2,2,nan,nan
3200001,OP8,9400000,OP8:9400000,233,leading,,233,0.029166666666666674,2.0,0.0,2.0,0,0,0,1,1,1,0.09474821388721466,0.21492648124694824,0.0,nan,0.0,0.0,nan,0.0,0,nan,0.0,0.0,0.0,0.384813517332077,0.22798439860343933,2,2,nan,nan
3200001,OP8,9400000,OP8:9400000,234,leading,,234,0.025000000000000022,2.0,0.0,2.0,0,0,0,1,1,1,0.06966333091259003,0.20602431893348694,0.0,nan,0.0,0.0,nan,0.0,0,nan,0.0,0.0,0.0,0.4380500912666321,0.27890118956565857,2,2,nan,nan
3200001,OP8,9400000,OP8:9400000,235,leading,,235,0.02083333333333337,2.0,0.0,2.0,0,0,0,1,1,1,0.04457864910364151,0.19989758729934692,0.0,nan,0.0,0.0,nan,0.0,0,nan,0.0,0.0,0.0,0.4914410710334778,0.33094483613967896,2,2,nan,nan
3200001,OP8,9400000,OP8:9400000,236,leading,,236,0.01666666666666672,2.0,0.0,2.0,0,0,1,1,1,1,0.019493769854307175,0.1968056559562683,0.0,nan,0.0,0.0,nan,0.0,0,nan,0.0,0.0,0.0,0.5449410676956177,0.3836570084095001,2,2,nan,nan
3200001,OP8,9400000,OP8:9400000,237,leading,,237,0.012499999999999956,2.0,0.0,2.0,0,0,1,1,1,2,0.04104046896100044,0.16607438027858734,0.0,nan,0.0,0.0,nan,0.0,0,nan,0.0,0.0,0.0,0.5332021713256836,0.4379737377166748,2,2,nan,nan
3200001,OP8,9400000,OP8:9400000,238,leading,,238,0.008333333333333304,2.0,0.0,2.0,0,0,1,0,1,2,0.04134392738342285,0.06652329862117767,0.0,nan,0.0,0.0,nan,0.0,1,nan,1.0,0.0,0.0,0.5668808221817017,0.49231991171836853,2,2,nan,nan
3200001,OP8,9400000,OP8:9400000,239,leading,,239,0.004166666666666652,2.0,0.0,2.0,0,0,1,0,1,2,0.03611884266138077,0.06718800216913223,0.0,nan,0.0,0.0,nan,0.0,1,nan,1.0,0.0,0.0,0.588878870010376,0.49079662561416626,2,2,nan,nan
3200001,OP8,9400001,OP8:9400001,0,tied,,0,1.0,0.0,0.0,0.0,0,0,0,0,0,0,0.021309733390808105,0.021603552624583244,0.0,nan,0.0,0.0,nan,0.0,2,nan,1.0,0.0,0.0,0.7202118039131165,0.09153562039136887,2,2,nan,nan
3200001,OP8,9400001,OP8:9400001,1,tied,,1,0.9958333333333333,0.0,0.0,0.0,0,0,0,0,0,0,0.06989681720733643,0.07097313553094864,0.0,nan,0.0,0.0,nan,0.0,2,nan,1.0,0.0,0.0,0.6960111260414124,0.06716112047433853,2,2,nan,nan
3200001,OP8,9400001,OP8:9400001,2,tied,,2,0.9916666666666667,0.0,0.0,0.0,0,0,0,0,0,0,0.06546933948993683,0.06672905385494232,0.0,nan,0.0,0.0,nan,0.0,2,nan,1.0,0.0,0.0,0.6476778388023376,0.09192304313182831,2,2,nan,nan
3200001,OP8,9400001,OP8:9400001,3,tied,,3,0.9875,0.0,0.0,0.0,0,0,0,0,0,0,0.06054992601275444,0.06205010414123535,0.0,nan,0.0,0.0,nan,0.0,2,nan,1.0,0.0,0.0,0.5968310832977295,0.135867178440094,2,2,nan,nan
3200001,OP8,9400001,OP8:9400001,4,tied,,4,0.9833333333333333,0.0,0.0,0.0,0,0,0,0,0,0,0.05563046783208847,0.05741884186863899,0.0,nan,0.0,0.0,nan,0.0,2,nan,1.0,0.0,0.0,0.5697298049926758,0.18547114729881287,2,2,nan,nan
3200001,OP8,9400001,OP8:9400001,5,tied,,5,0.9791666666666666,0.0,0.0,0.0,0,0,0,0,0,0,0.07601764053106308,0.08254033327102661,0.0,nan,0.0,0.0,nan,0.0,2,nan,1.0,0.0,0.0,0.5566505193710327,0.23981797695159912,2,2,nan,nan
3200001,OP8,9400001,OP8:9400001,6,tied,,6,0.975,0.0,0.0,0.0,0,0,0,0,0,0,0.04511742666363716,0.05413633584976196,0.0,nan,0.0,0.0,nan,0.0,2,nan,1.0,0.0,0.0,0.5503342747688293,0.2825790047645569,2,2,nan,nan
3200001,OP8,9400001,OP8:9400001,7,tied,,7,0.9708333333333333,0.0,0.0,0.0,0,0,0,0,0,0,0.03706209734082222,0.08111691474914551,0.0,nan,0.0,0.0,nan,0.0,2,nan,1.0,0.0,0.0,0.5472829937934875,0.31134307384490967,2,2,nan,nan
3200001,OP8,9400001,OP8:9400001,8,tied,,8,0.9666666666666667,0.0,0.0,0.0,0,0,0,0,0,1,0.002020883606746793,0.06868331879377365,0.0,nan,0.0,0.0,nan,0.0,2,nan,1.0,0.0,0.0,0.5458086133003235,0.3581196367740631,2,2,nan,nan
3200001,OP8,9400001,OP8:9400001,9,tied,,9,0.9625,0.0,0.0,0.0,0,0,0,0,0,1,0.033652640879154205,0.07719440013170242,0.0,nan,0.0,0.0,nan,0.0,2,nan,1.0,0.0,0.0,0.545096218585968,0.41250237822532654,2,2,nan,nan
3200001,OP8,9400001,OP8:9400001,10,tied,,10,0.9583333333333334,0.0,0.0,0.0,0,0,1,0,0,2,0.06528441607952118,0.09593243896961212,0.0,nan,0.0,0.0,nan,0.0,1,nan,1.0,0.0,0.0,0.5447519421577454,0.4669007658958435,2,2,nan,nan
3200001,OP8,9400001,OP8:9400001,11,tied,,11,0.9541666666666667,0.0,0.0,0.0,0,0,1,0,0,2,0.1330951750278473,0.18865646421909332,0.0,nan,0.0,0.0,nan,0.0,1,nan,1.0,0.0,0.0,0.5445855855941772,0.4742540717124939,2,2,nan,nan
3200001,OP8,9400001,OP8:9400001,12,tied,,12,0.95,0.0,0.0,0.0,0,0,1,0,0,1,0.14304161071777344,0.2797887325286865,0.0,nan,0.0,0.0,nan,0.0,1,nan,1.0,0.0,0.0,0.5445051193237305,0.4227519929409027,2,2,nan,nan
3200001,OP8,9400001,OP8:9400001,13,tied,,13,0.9458333333333333,0.0,0.0,0.0,0,0,1,0,0,1,0.13461311161518097,0.3678690791130066,0.0,nan,0.0,0.0,nan,0.0,1,nan,1.0,0.0,0.0,0.5444661974906921,0.36830195784568787,2,2,nan,nan
3200001,OP8,9400001,OP8:9400001,14,tied,,14,0.9416666666666667,0.0,0.0,0.0,1,0,1,0,0,1,0.12274505943059921,0.4488782286643982,1.0,0.30360257625579834,0.0,0.0,0.4488782286643982,1.0,1,0.3167055547237396,1.0,0.0,0.0,0.5444473028182983,0.3138519525527954,2,2,-0.13217267394065857,0.0
3200001,OP8,9400001,OP8:9400001,15,tied,,15,0.9375,0.0,0.0,0.0,1,0,1,0,0,1,0.15326669812202454,0.5150604844093323,1.0,0.27468937635421753,0.0,0.0,0.5150604844093323,1.0,1,0.27468937635421753,1.0,0.0,0.0,0.522724986076355,0.25940194725990295,2,2,-0.24037110805511475,0.0
3200001,OP8,9400001,OP8:9400001,16,tied,dropped_the_flag|tagged_while_carrying,16,0.9333333333333333,0.0,0.0,0.0,1,0,1,0,0,1,0.14718346297740936,0.5109968185424805,1.0,0.17469415068626404,1.0,0.0,0.5109968185424805,1.0,1,0.17469415068626404,1.0,0.0,0.0,0.48198214173316956,0.2049519270658493,2,2,-0.33630266785621643,0.0
3200001,OP8,9400001,OP8:9400001,17,tied,,17,0.9291666666666667,0.0,0.0,0.0,0,0,2,0,0,1,0.11938910186290741,0.499006986618042,0.0,nan,0.0,0.0,nan,0.0,0,nan,0.0,0.0,0.0,0.4389522969722748,0.15050193667411804,2,2,nan,nan
3200001,OP8,9400001,OP8:9400001,18,tied,,18,0.925,0.0,0.0,0.0,0,0,1,0,0,1,0.09159479290246964,0.488354355096817,0.0,nan,0.0,0.0,nan,0.0,0,nan,0.0,0.0,0.0,0.4030468463897705,0.09605191648006439,2,2,nan,nan
3200001,OP8,9400001,OP8:9400001,19,tied,,19,0.9208333333333334,0.0,0.0,0.0,0,0,1,0,0,1,0.034928083419799805,0.41006985306739807,0.0,nan,0.0,0.0,nan,0.0,0,nan,0.0,0.0,0.0,0.35313695669174194,0.10464738309383392,2,2,nan,nan
3200001,OP8,9400001,OP8:9400001,20,tied,,20,0.9166666666666666,0.0,0.0,0.0,0,0,1,0,0,1,0.030988167971372604,0.3015056252479553,0.0,nan,0.0,0.0,nan,0.0,0,nan,0.0,0.0,0.0,0.30414146184921265,0.15881063044071198,2,2,nan,nan
3200001,OP8,9400001,OP8:9400001,21,tied,,21,0.9125,0.0,0.0,0.0,0,0,1,1,1,1,0.027048254385590553,0.19314154982566833,0.0,nan,0.0,0.0,nan,0.0,0,nan,0.0,0.0,0.0,0.25274986028671265,0.21312005817890167,2,2,nan,nan
3200001,OP8,9400001,OP8:9400001,22,tied,,22,0.9083333333333333,0.0,0.0,0.0,0,0,1,1,1,0,0.023108387365937233,0.08574024587869644,0.0,nan,0.0,0.0,nan,0.0,0,nan,0.0,0.0,0.0,0.24216680228710175,0.2674866318702698,2,2,nan,nan
3200001,OP8,9400001,OP8:9400001,23,tied,,23,0.9041666666666667,0.0,0.0,0.0,0,0,1,1,1,0,0.04876289516687393,0.0823853388428688,0.0,nan,0.0,0.0,nan,0.0,0,nan,0.0,0.0,0.0,0.29062965512275696,0.27864834666252136,2,2,nan,nan
3200001,OP8,9400001,OP8:9400001,24,tied,,24,0.9,0.0,0.0,0.0,0,0,1,1,1,0,0.03968391567468643,0.1791389286518097,0.0,nan,0.0,0.0,nan,0.0,0,nan,0.0,0.0,0.0,0.3400394320487976,0.2241983711719513,2,2,nan,nan
3200001,OP8,9400001,OP8:9400001,25,tied,,25,0.8958333333333334,0.0,0.0,0.0,0,0,1,1,1,1,0.030604934319853783,0.2846222519874573,0.0,nan,0.0,0.0,nan,0.0,0,nan,0.0,0.0,0.0,0.39003637433052063,0.16974833607673645,2,2,nan,nan
3200001,OP8,9400001,OP8:9400001,26,tied,,26,0.8916666666666666,0.0,0.0,0.0,0,0,1,1,1,1,0.04476303979754448,0.3890858292579651,0.0,nan,0.0,0.0,nan,0.0,0,nan,0.0,0.0,0.0,0.44042056798934937,0.11529834568500519,2,2,nan,nan
3200001,OP8,9400001,OP8:9400001,27,tied,,27,0.8875,0.0,0.0,0.0,0,0,0,1,1,1,0.058921147137880325,0.4935622811317444,0.0,nan,0.0,0.0,nan,0.0,0,nan,0.0,0.0,0.0,0.49107295274734497,0.060848332941532135,2,2,nan,nan
3200001,OP8,9400001,OP8:9400001,28,tied,,28,0.8833333333333333,0.0,0.0,0.0,0,0,0,1,1,1,0.019699811935424805,0.5226525664329529,0.0,nan,0.0,0.0,nan,0.0,0,nan,0.0,0.0,0.0,0.541918158531189,0.07669409364461899,2,2,nan,nan
3200001,OP8,9400001,OP8:9400001,29,tied,,29,0.8791666666666667,0.0,0.0,0.0,0,0,0,1,1,1,0.04431638866662979,0.48689213395118713,0.0,nan,0.0,0.0,nan,0.0,0,nan,0.0,0.0,0.0,0.5929065942764282,0.1310708373785019,2,2,nan,nan
3200001,OP8,9400001,OP8:9400001,30,tied,,30,0.875,0.0,0.0,0.0,0,0,0,1,1,1,0.030631328001618385,0.3878880739212036,0.0,nan,0.0,0.0,nan,0.0,0,nan,0.0,0.0,0.0,0.6440044045448303,0.18549056351184845,2,2,nan,nan
3200001,OP8,9400001,OP8:9400001,31,tied,,31,0.8708333333333333,0.0,0.0,0.0,0,0,0,0,1,1,0.05542788654565811,0.28624284267425537,0.0,nan,0.0,0.0,nan,0.0,1,nan,1.0,0.0,0.0,0.6620403528213501,0.22790491580963135,2,2,nan,nan
3200001,OP8,9400001,OP8:9400001,32,tied,,32,0.8666666666666667,0.0,0.0,0.0,0,0,0,0,1,1,0.0802244171500206,0.19248805940151215,0.0,nan,0.0,0.0,nan,0.0,1,nan,1.0,0.0,0.0,0.6622028350830078,0.2745981514453888,2,2,nan,nan
3200001,OP8,9400001,OP8:9400001,33,tied,,33,0.8625,0.0,0.0,0.0,0,0,0,0,1,1,0.039547134190797806,0.10733278095722198,0.0,nan,0.0,0.0,nan,0.0,1,nan,1.0,0.0,0.0,0.6428002119064331,0.32372406125068665,2,2,nan,nan
3200001,OP8,9400001,OP8:9400001,34,tied,,34,0.8583333333333334,0.0,0.0,0.0,0,0,0,0,1,1,0.021553754806518555,0.0956946462392807,0.0,nan,0.0,0.0,nan,0.0,1,nan,1.0,0.0,0.0,0.597119927406311,0.37432602047920227,2,2,nan,nan
3200001,OP8,9400001,OP8:9400001,35,tied,,35,0.8541666666666666,0.0,0.0,0.0,0,0,1,0,1,2,0.015004158020019531,0.0928940623998642,0.0,nan,0.0,0.0,nan,0.0,0,nan,0.0,0.0,0.0,0.5700246691703796,0.42587828636169434,2,2,nan,nan
3200001,OP8,9400001,OP8:9400001,36,tied,,36,0.85,0.0,0.0,0.0,0,0,1,0,1,2,0.0292661190032959,0.040806010365486145,0.0,nan,0.0,0.0,nan,0.0,0,nan,0.0,0.0,0.0,0.5432037115097046,0.47807344794273376,2,2,nan,nan
3200001,OP8,9400001,OP8:9400001,37,tied,,37,0.8458333333333333,0.0,0.0,0.0,0,0,1,0,1,2,0.003921604249626398,0.09704472124576569,0.0,nan,0.0,0.0,nan,0.0,0,nan,0.0,0.0,0.0,0.49483394622802734,0.45001116394996643,2,2,nan,nan
3200001,OP8,9400001,OP8:9400001,38,tied,,38,0.8416666666666667,0.0,0.0,0.0,0,0,2,0,1,1,0.00048465729923918843,0.2055586278438568,0.0,nan,0.0,0.0,nan,0.0,0,nan,0.0,0.0,0.0,0.47070416808128357,0.395561158657074,2,2,nan,nan
3200001,OP8,9400001,OP8:9400001,39,tied,,39,0.8375,0.0,0.0,0.0,0,0,2,0,1,1,0.051966000348329544,0.2661275267601013,0.0,nan,0.0,0.0,nan,0.0,0,nan,0.0,0.0,0.0,0.4931047856807709,0.34111112356185913,2,2,nan,nan
3200001,OP8,9400001,OP8:9400001,40,tied,,40,0.8333333333333334,0.0,0.0,0.0,0,0,2,0,1,1,0.0818939208984375,0.27903515100479126,0.0,nan,0.0,0.0,nan,0.0,0,nan,0.0,0.0,0.0,0.53612220287323,0.2866611182689667,2,2,nan,nan
3200001,OP8,9400001,OP8:9400001,41,tied,,41,0.8291666666666666,0.0,0.0,0.0,0,0,2,0,1,1,0.07293276488780975,0.2769351303577423,0.0,nan,0.0,0.0,nan,0.0,0,nan,0.0,0.0,0.0,0.5212097764015198,0.23221111297607422,2,2,nan,nan
3200001,OP8,9400001,OP8:9400001,42,tied,,42,0.825,0.0,0.0,0.0,0,0,2,0,0,1,0.06397171318531036,0.27511170506477356,0.0,nan,0.0,0.0,nan,0.0,0,nan,0.0,0.0,0.0,0.4868070185184479,0.17776110768318176,2,2,nan,nan
3200001,OP8,9400001,OP8:9400001,43,tied,,43,0.8208333333333333,0.0,0.0,0.0,0,0,2,0,0,0,0.05501055717468262,0.2735704183578491,0.0,nan,0.0,0.0,nan,0.0,0,nan,0.0,0.0,0.0,0.46711477637290955,0.12331108748912811,2,2,nan,nan
3200001,OP8,9400001,OP8:9400001,44,tied,,44,0.8166666666666667,0.0,0.0,0.0,0,0,1,0,0,0,0.04604945331811905,0.2723160684108734,0.0,nan,0.0,0.0,nan,0.0,0,nan,0.0,0.0,0.0,0.453695684671402,0.06886108219623566,2,2,nan,nan
3200001,OP8,9400001,OP8:9400001,45,tied,,45,0.8125,0.0,0.0,0.0,0,0,1,0,0,0,0.015188073739409447,0.21939218044281006,0.0,nan,0.0,0.0,nan,0.0,0,nan,0.0,0.0,0.0,0.4980127215385437,0.08257054537534714,2,2,nan,nan
3200001,OP8,9400001,OP8:9400001,46,tied,,46,0.8083333333333333,0.0,0.0,0.0,0,0,1,0,0,0,0.033032942563295364,0.11630050837993622,0.0,nan,0.0,0.0,nan,0.0,0,nan,0.0,0.0,0.0,0.5347383618354797,0.13331827521324158,2,2,nan,nan
3200001,OP8,9400001,OP8:9400001,47,tied,,47,0.8041666666666667,0.0,0.0,0.0,0,0,1,0,0,0,0.047707460820674896,0.047843582928180695,0.0,nan,0.0,0.0,nan,0.0,0,nan,0.0,0.0,0.0,0.5007756948471069,0.1766577810049057,2,2,nan,nan
3200001,OP8,9400001,OP8:9400001,48,tied,,48,0.8,0.0,0.0,0.0,0,0,1,0,0,0,0.08127107471227646,0.12724550068378448,0.0,nan,0.0,0.0,nan,0.0,0,nan,0.0,0.0,0.0,0.45199522376060486,0.12220778316259384,2,2,nan,nan
3200001,OP8,9400001,OP8:9400001,49,tied,,49,0.7958333333333334,0.0,0.0,0.0,0,0,0,0,0,0,0.1148347407579422,0.23012641072273254,0.0,nan,0.0,0.0,nan,0.0,0,nan,0.0,0.0,0.0,0.40142807364463806,0.06775777786970139,2,2,nan,nan
3200001,OP8,9400001,OP8:9400001,50,tied,,50,0.7916666666666666,0.0,0.0,0.0,0,0,0,0,0,0,0.19587436318397522,0.31478461623191833,0.0,nan,0.0,0.0,nan,0.0,0,nan,0.0,0.0,0.0,0.34986764192581177,0.0817398875951767,2,2,nan,nan
3200001,OP8,9400001,OP8:9400001,51,tied,,51,0.7875,0.0,0.0,0.0,0,0,0,0,0,0,0.22840075194835663,0.3311724066734314,0.0,nan,0.0,0.0,nan,0.0,0,nan,0.0,0.0,0.0,0.3303423523902893,0.13236503303050995,2,2,nan,nan
3200001,OP8,9400001,OP8:9400001,52,tied,,52,0.7833333333333333,0.0,0.0,0.0,0,0,0,0,0,0,0.18515625596046448,0.29043832421302795,0.0,nan,0.0,0.0,nan,0.0,0,nan,0.0,0.0,0.0,0.3229224681854248,0.18234001100063324,2,2,nan,nan
3200001,OP8,9400001,OP8:9400001,53,tied,,53,0.7791666666666667,0.0,0.0,0.0,0,0,0,0,0,1,0.14191178977489471,0.2515721619129181,0.0,nan,0.0,0.0,nan,0.0,0,nan,0.0,0.0,0.0,0.3264896273612976,0.2343178689479828,2,2,nan,nan
3200001,OP8,9400001,OP8:9400001,54,tied,,54,0.775,0.0,0.0,0.0,0,0,0,0,0,1,0.09866733849048615,0.21558651328086853,0.0,nan,0.0,0.0,nan,0.0,0,nan,0.0,0.0,0.0,0.34521225094795227,0.2872132658958435,2,2,nan,nan
3200001,OP8,9400001,OP8:9400001,55,tied,,55,0.7708333333333334,0.0,0.0,0.0,0,0,0,0,0,1,0.05542287975549698,0.18417760729789734,0.0,nan,0.0,0.0,nan,0.0,0,nan,0.0,0.0,0.0,0.37195712327957153,0.3405989706516266,2,2,nan,nan
3200001,OP8,9400001,OP8:9400001,56,tied,,56,0.7666666666666666,0.0,0.0,0.0,0,0,1,0,0,1,0.04598503187298775,0.18151840567588806,0.0,nan,0.0,0.0,nan,0.0,0,nan,0.0,0.0,0.0,0.40560317039489746,0.39427584409713745,2,2,nan,nan
3200001,OP8,9400001,OP8:9400001,57,tied,,57,0.7625,0.0,0.0,0.0,0,0,1,0,0,2,0.012911510653793812,0.1234978437423706,0.0,nan,0.0,0.0,nan,0.0,0,nan,0.0,1.0,0.0,0.3779492676258087,0.44813933968544006,2,2,nan,nan
3200001,OP8,9400001,OP8:9400001,58,tied,,58,0.7583333333333333,0.0,0.0,0.0,0,0,1,0,0,2,0.06855654716491699,0.07926119863986969,0.0,nan,0.0,0.0,nan,0.0,0,nan,0.0,1.0,0.0,0.3369562029838562,0.4891679883003235,2,2,nan,nan
3200001,OP8,9400001,OP8:9400001,59,tied,,59,0.7541666666666667,0.0,0.0,0.0,0,0,1,0,0,2,0.06142931059002876,0.09214726090431213,0.0,nan,0.0,0.0,nan,0.0,1,nan,1.0,1.0,0.0,0.3387584686279297,0.47876834869384766,2,2,nan,nan
3200001,OP8,9400001,OP8:9400001,60,tied,,60,0.75,0.0,0.0,0.0,0,0,1,0,0,2,0.07925935089588165,0.1954057365655899,0.0,nan,0.0,0.0,nan,0.0,1,nan,1.0,1.0,0.0,0.3367612361907959,0.4243183135986328,2,2,nan,nan
3200001,OP8,9400001,OP8:9400001,61,tied,,61,0.7458333333333333,0.0,0.0,0.0,0,0,1,0,0,1,0.06323061138391495,0.29319828748703003,0.0,nan,0.0,0.0,nan,0.0,1,nan,1.0,1.0,0.0,0.31588977575302124,0.36986833810806274,2,2,nan,nan
3200001,OP8,9400001,OP8:9400001,62,tied,,62,0.7416666666666667,0.0,0.0,0.0,1,0,1,0,0,1,0.04736733436584473,0.39586251974105835,1.0,0.19556854665279388,0.0,0.0,0.39586251974105835,1.0,1,0.44906625151634216,1.0,0.0,0.0,0.2877228856086731,0.3154183328151703,2,2,0.053203731775283813,1.0
3200001,OP8,9400001,OP8:9400001,63,tied,,63,0.7375,0.0,0.0,0.0,1,0,1,0,0,1,0.013946915045380592,0.4459550380706787,1.0,0.17629261314868927,1.0,0.0,0.4459550380706787,1.0,1,0.47842711210250854,1.0,0.0,0.0,0.2377273142337799,0.26096832752227783,2,2,0.032472074031829834,1.0
3200001,OP8,9400001,OP8:9400001,64,tied,,64,0.7333333333333334,0.0,0.0,0.0,1,0,1,0,0,1,0.02599186822772026,0.4463035464286804,1.0,0.07934845983982086,1.0,0.0,0.4463035464286804,1.0,1,0.40481606125831604,1.0,0.0,0.0,0.24772098660469055,0.20651833713054657,2,2,-0.04148748517036438,0.0
3200001,OP8,9400001,OP8:9400001,65,tied,,65,0.7291666666666667,0.0,0.0,0.0,1,0,1,0,0,1,0.0440610870718956,0.4279710650444031,1.0,0.08026017248630524,1.0,0.0,0.4279710650444031,1.0,1,0.30537766218185425,1.0,0.0,0.0,0.27477866411209106,0.1520683318376541,2,2,-0.12259340286254883,0.0
3200001,OP8,9400001,OP8:9400001,66,tied,,66,0.725,0.0,0.0,0.0,1,0,0,0,0,1,0.045000649988651276,0.42795807123184204,1.0,0.10999935865402222,1.0,0.0,0.42795807123184204,1.0,1,0.24453547596931458,1.0,0.0,0.0,0.2810367941856384,0.09761832654476166,2,2,-0.18342259526252747,0.0
3200001,OP8,9400001,OP8:9400001,67,tied,,67,0.7208333333333333,0.0,0.0,0.0,1,0,0,0,0,1,0.09350891411304474,0.3826327919960022,1.0,0.11600706726312637,1.0,0.0,0.3826327919960022,1.0,1,0.1867307871580124,1.0,0.0,0.0,0.28627368807792664,0.10599181801080704,2,2,-0.1959020048379898,0.0
3200001,OP8,9400001,OP8:9400001,68,tied,,68,0.7166666666666667,0.0,0.0,0.0,1,0,0,0,0,1,0.1069953441619873,0.28674882650375366,1.0,0.11875315755605698,1.0,0.0,0.28674882650375366,1.0,1,0.1610940396785736,1.0,0.0,0.0,0.2705566883087158,0.16040730476379395,2,2,-0.12565478682518005,0.0
3200001,OP8,9400001,OP8:9400001,69,tied,,69,0.7125,0.0,0.0,0.0,1,0,0,0,0,0,0.12048172950744629,0.20112726092338562,1.0,0.12152037769556046,1.0,1.0,0.20112726092338562,0.0,1,0.15543723106384277,1.0,0.0,0.0,0.22252023220062256,0.21484026312828064,2,2,-0.04569002985954285,0.0
3200001,OP8,9400001,OP8:9400001,70,tied,,70,0.7083333333333333,0.0,0.0,0.0,1,0,0,1,2,0,0.08192429691553116,0.10354425758123398,1.0,0.1218264251947403,1.0,1.0,0.10354425758123398,0.0,0,inf,0.0,1.0,0.0,0.19039386510849,0.24736957252025604,2,2,nan,nan
3200001,OP8,9400001,OP8:9400001,71,tied,,71,0.7041666666666666,0.0,0.0,0.0,1,0,0,1,2,0,0.032903335988521576,0.04078591614961624,1.0,0.057409871369600296,1.0,1.0,0.04078591614961624,0.0,0,inf,0.0,1.0,0.0,0.20284441113471985,0.25330832600593567,2,2,nan,nan
3200001,OP8,9400001,OP8:9400001,72,tied,,72,0.7,0.0,0.0,0.0,1,0,0,1,2,0,0.021817971020936966,0.06843370944261551,1.0,0.07142753154039383,1.0,1.0,0.06843370944261551,0.0,0,inf,0.0,0.0,0.0,0.2515961527824402,0.1988583207130432,2,2,nan,nan
3200001,OP8,9400001,OP8:9400001,73,tied,,73,0.6958333333333333,0.0,0.0,0.0,1,0,0,1,2,0,0.03295779228210449,0.08845894038677216,1.0,0.13262102007865906,1.0,1.0,0.08845894038677216,0.0,0,inf,0.0,0.0,0.0,0.27702924609184265,0.14440831542015076,2,2,nan,nan
3200001,OP8,9400001,OP8:9400001,74,tied,,74,0.6916666666666667,0.0,0.0,0.0,1,0,0,1,2,0,0.003209066344425082,0.09514600038528442,1.0,0.13539716601371765,1.0,1.0,0.09514600038528442,0.0,0,inf,0.0,0.0,0.0,0.22535546123981476,0.0899583175778389,2,2,nan,nan
3200001,OP8,9400001,OP8:9400001,75,tied,,75,0.6875,0.0,0.0,0.0,1,0,0,1,2,0,0.03614525869488716,0.11317584663629532,1.0,0.1475624144077301,1.0,1.0,0.11317584663629532,0.0,0,inf,0.0,0.0,0.0,0.18820451200008392,0.040976010262966156,2,2,nan,nan
3200001,OP8,9400001,OP8:9400001,76,leading,,76,0.6833333333333333,1.0,0.0,1.0,0,0,0,1,2,0,0.08786244690418243,0.16039207577705383,0.0,nan,0.0,0.0,nan,0.0,0,nan,0.0,0.0,0.0,0.1365656554698944,0.0164962075650692,2,2,nan,nan
3200001,OP8,9400001,OP8:9400001,77,leading,,77,0.6791666666666667,1.0,0.0,1.0,0,0,0,1,2,0,0.05486550182104111,0.22747525572776794,0.0,nan,0.0,0.0,nan,0.0,1,nan,1.0,0.0,0.0,0.13862231373786926,0.03848012164235115,2,2,nan,nan
3200001,OP8,9400001,OP8:9400001,78,leading,,78,0.675,1.0,0.0,1.0,0,0,0,1,2,0,0.011181211099028587,0.24120602011680603,0.0,nan,0.0,0.0,nan,0.0,1,nan,1.0,0.0,0.0,0.19027304649353027,0.08165015280246735,2,2,nan,nan
3200001,OP8,9400001,OP8:9400001,79,leading,,79,0.6708333333333334,1.0,0.0,1.0,0,0,0,1,2,0,0.02598443068563938,0.23859262466430664,0.0,nan,0.0,0.0,nan,0.0,1,nan,1.0,0.0,0.0,0.24104781448841095,0.10113947093486786,2,2,nan,nan
3200001,OP8,9400001,OP8:9400001,80,leading,,80,0.6666666666666667,1.0,0.0,1.0,0,0,0,0,2,0,0.025976181030273438,0.23859262466430664,0.0,nan,0.0,0.0,nan,0.0,2,nan,1.0,0.0,0.0,0.2921380400657654,0.14043231308460236,2,2,nan,nan
3200001,OP8,9400001,OP8:9400001,81,leading,,81,0.6625,1.0,0.0,1.0,0,0,0,0,2,1,0.025967836380004883,0.23859262466430664,0.0,nan,0.0,0.0,nan,0.0,2,nan,1.0,0.0,0.0,0.3095400929450989,0.18746435642242432,2,2,nan,nan
3200001,OP8,9400001,OP8:9400001,82,leading,,82,0.6583333333333333,1.0,0.0,1.0,0,0,0,0,2,1,0.025959491729736328,0.23859262466430664,0.0,nan,0.0,0.0,nan,0.0,2,nan,1.0,0.0,0.0,0.26903027296066284,0.2376849353313446,2,2,nan,nan
3200001,OP8,9400001,OP8:9400001,83,leading,,83,0.6541666666666667,1.0,0.0,1.0,0,0,1,0,2,1,0.025951147079467773,0.23859259486198425,0.0,nan,0.0,0.0,nan,0.0,1,nan,1.0,1.0,0.0,0.21819612383842468,0.2894391119480133,2,2,nan,nan
3200001,OP8,9400001,OP8:9400001,84,leading,,84,0.65,1.0,0.0,1.0,0,0,1,0,2,1,0.0961090549826622,0.1962067037820816,0.0,nan,0.0,0.0,nan,0.0,1,nan,1.0,1.0,0.0,0.16668900847434998,0.3420313894748688,2,2,nan,nan
3200001,OP8,9400001,OP8:9400001,85,leading,,85,0.6458333333333333,1.0,0.0,1.0,0,0,1,0,2,1,0.09719453006982803,0.11578836292028427,0.0,nan,0.0,0.0,nan,0.0,1,nan,1.0,1.0,0.0,0.13589730858802795,0.39512723684310913,2,2,nan,nan
3200001,OP8,9400001,OP8:9400001,86,leading,,86,0.6416666666666666,1.0,0.0,1.0,0,0,1,0,2,2,0.08438754081726074,0.09573502838611603,0.0,nan,0.0,0.0,nan,0.0,1,nan,1.0,1.0,0.0,0.08787263929843903,0.4053780436515808,2,2,nan,nan
3200001,OP8,9400001,OP8:9400001,87,leading,,87,0.6375,1.0,0.0,1.0,0,0,1,0,2,1,0.07158041000366211,0.1692332625389099,0.0,nan,0.0,0.0,nan,0.0,1,nan,1.0,1.0,0.0,0.1136658564209938,0.35092809796333313,2,2,nan,nan
3200001,OP8,9400001,OP8:9400001,88,leading,,88,0.6333333333333333,1.0,0.0,1.0,0,0,1,0,2,1,0.05877342075109482,0.26801323890686035,0.0,nan,0.0,0.0,nan,0.0,1,nan,1.0,1.0,0.0,0.16018356382846832,0.2964780926704407,2,2,nan,nan
3200001,OP8,9400001,OP8:9400001,89,leading,,89,0.6291666666666667,1.0,0.0,1.0,0,0,1,0,2,1,0.045966289937496185,0.3724765479564667,0.0,nan,0.0,0.0,nan,0.0,1,nan,1.0,0.0,0.0,0.20728528499603271,0.24202807247638702,2,2,nan,nan
3200001,OP8,9400001,OP8:9400001,90,leading,,90,0.625,1.0,0.0,1.0,0,0,1,0,2,1,0.03315930441021919,0.47891849279403687,0.0,nan,0.0,0.0,nan,0.0,1,nan,1.0,0.0,0.0,0.2566865086555481,0.18757805228233337,2,2,nan,nan
3200001,OP8,9400001,OP8:9400001,91,leading,,91,0.6208333333333333,1.0,0.0,1.0,1,0,1,0,0,1,0.021140526980161667,0.5790822505950928,1.0,0.1399793028831482,1.0,0.0,0.5790822505950928,1.0,1,0.4061351418495178,1.0,0.0,0.0,0.30718106031417847,0.1331280767917633,2,2,-0.17294710874557495,0.0
3200001,OP8,9400001,OP8:9400001,92,leading,,92,0.6166666666666667,1.0,0.0,1.0,1,0,0,0,0,1,0.03907909244298935,0.6448947787284851,1.0,0.11902865022420883,1.0,0.0,0.6448947787284851,1.0,1,0.3652087152004242,1.0,0.0,0.0,0.35821056365966797,0.07867807149887085,2,2,-0.2796860635280609,0.0
3200001,OP8,9400001,OP8:9400001,93,leading,,93,0.6125,1.0,0.0,1.0,1,0,0,0,0,1,0.11077132076025009,0.6019004583358765,1.0,0.05544593930244446,1.0,0.0,0.6019004583358765,1.0,1,0.26401543617248535,1.0,0.0,0.0,0.4098842740058899,0.09021958708763123,2,2,-0.3378850221633911,0.0
3200001,OP8,9400001,OP8:9400001,94,leading,dropped_the_flag|tagged_while_carrying,94,0.6083333333333334,1.0,0.0,1.0,1,0,0,0,0,1,0.11142516136169434,0.49599504470825195,1.0,0.056488025933504105,1.0,0.0,0.49599504470825195,1.0,1,0.15797966718673706,1.0,0.0,0.0,0.46140894293785095,0.14189602434635162,2,2,-0.3380153775215149,0.0
3200001,OP8,9400001,OP8:9400001,95,leading,,95,0.6041666666666667,1.0,0.0,1.0,0,0,1,0,0,1,0.09383320808410645,0.3876027464866638,0.0,nan,0.0,0.0,nan,0.0,0,nan,0.0,0.0,0.0,0.5129007697105408,0.18956610560417175,2,2,nan,nan
3200001,OP8,9400001,OP8:9400001,96,leading,,96,0.6,1.0,0.0,1.0,0,0,1,0,0,1,0.08512959629297256,0.2570696473121643,0.0,nan,0.0,0.0,nan,0.0,0,nan,0.0,0.0,0.0,0.564653754234314,0.24246752262115479,2,2,nan,nan
3200001,OP8,9400001,OP8:9400001,97,leading,,97,0.5958333333333333,1.0,0.0,1.0,0,0,1,0,0,1,0.07577343285083771,0.15401515364646912,0.0,nan,0.0,0.0,nan,0.0,0,nan,0.0,0.0,0.0,0.5562671422958374,0.29593122005462646,2,2,nan,nan
3200001,OP8,9400001,OP8:9400001,98,leading,,98,0.5916666666666667,1.0,0.0,1.0,0,0,1,0,0,0,0.06641712039709091,0.07118253409862518,0.0,nan,0.0,0.0,nan,0.0,0,nan,0.0,0.0,0.0,0.5045970678329468,0.3496994376182556,2,2,nan,nan
3200001,OP8,9400001,OP8:9400001,99,leading,,99,0.5875,1.0,0.0,1.0,0,0,1,0,0,1,0.057060908526182175,0.10061664879322052,0.0,nan,0.0,0.0,nan,0.0,0,nan,0.0,0.0,0.0,0.4979363977909088,0.3218429684638977,2,2,nan,nan
3200001,OP8,9400001,OP8:9400001,100,leading,,100,0.5833333333333333,1.0,0.0,1.0,0,0,1,0,0,1,0.06566963344812393,0.21882310509681702,0.0,nan,0.0,0.0,nan,0.0,0,nan,0.0,0.0,0.0,0.4315264821052551,0.26739296317100525,2,2,nan,nan
3200001,OP8,9400001,OP8:9400001,101,leading,,101,0.5791666666666666,1.0,0.0,1.0,0,0,1,0,0,1,0.052588414400815964,0.32116881012916565,0.0,nan,0.0,0.0,nan,0.0,0,nan,0.0,0.0,0.0,0.4337642192840576,0.21294298768043518,2,2,nan,nan
3200001,OP8,9400001,OP8:9400001,102,leading,,102,0.575,1.0,0.0,1.0,0,0,1,0,0,1,0.039507340639829636,0.42676401138305664,0.0,nan,0.0,0.0,nan,0.0,0,nan,0.0,0.0,0.0,0.47520628571510315,0.15849298238754272,2,2,nan,nan
3200001,OP8,9400001,OP8:9400001,103,leading,,103,0.5708333333333333,1.0,0.0,1.0,0,0,1,0,0,1,0.026426315307617188,0.5336834788322449,0.0,nan,0.0,0.0,nan,0.0,0,nan,0.0,0.0,0.0,0.5230774879455566,0.10404298454523087,2,2,nan,nan
3200001,OP8,9400001,OP8:9400001,104,leading,,104,0.5666666666666667,1.0,0.0,1.0,0,0,1,0,0,1,0.07343950122594833,0.6054033041000366,0.0,nan,0.0,0.0,nan,0.0,0,nan,0.0,0.0,0.0,0.5726879239082336,0.04959297925233841,2,2,nan,nan
3200001,OP8,9400001,OP8:9400001,105,leading,,105,0.5625,1.0,0.0,1.0,0,0,1,0,0,1,0.17008408904075623,0.5952268838882446,0.0,nan,0.0,0.0,nan,0.0,0,nan,0.0,0.0,0.0,0.5837283730506897,0.06916788965463638,2,2,nan,nan
3200001,OP8,9400001,OP8:9400001,106,leading,,106,0.5583333333333333,1.0,0.0,1.0,0,0,1,0,0,1,0.18770451843738556,0.505954384803772,0.0,nan,0.0,0.0,nan,0.0,0,nan,0.0,0.0,0.0,0.6003653407096863,0.1202290877699852,2,2,nan,nan
3200001,OP8,9400001,OP8:9400001,107,leading,,107,0.5541666666666667,1.0,0.0,1.0,0,0,1,0,0,1,0.2053249329328537,0.4225289821624756,0.0,nan,0.0,0.0,nan,0.0,0,nan,0.0,0.0,0.0,0.5656447410583496,0.17336514592170715,2,2,nan,nan
3200001,OP8,9400001,OP8:9400001,108,leading,,108,0.55,1.0,0.0,1.0,0,0,1,0,0,1,0.18567030131816864,0.3212616443634033,0.0,nan,0.0,0.0,nan,0.0,0,nan,0.0,0.0,0.0,0.5374914407730103,0.21181461215019226,2,2,nan,nan
3200001,OP8,9400001,OP8:9400001,109,leading,,109,0.5458333333333334,1.0,0.0,1.0,0,0,1,0,0,0,0.16601577401161194,0.22716908156871796,0.0,nan,0.0,0.0,nan,0.0,0,nan,0.0,0.0,0.0,0.4739384651184082,0.2561347186565399,2,2,nan,nan
3200001,OP8,9400001,OP8:9400001,110,leading,,110,0.5416666666666667,1.0,0.0,1.0,0,0,1,0,0,0,0.14636115729808807,0.15401600301265717,0.0,nan,0.0,0.0,nan,0.0,0,nan,0.0,0.0,0.0,0.4597741961479187,0.303766667842865,2,2,nan,nan
3200001,OP8,9400001,OP8:9400001,111,leading,,111,0.5375,1.0,0.0,1.0,0,0,1,0,0,0,0.1267065554857254,0.1398373246192932,0.0,nan,0.0,0.0,nan,0.0,0,nan,0.0,0.0,0.0,0.5074548721313477,0.2911839485168457,2,2,nan,nan
3200001,OP8,9400001,OP8:9400001,112,leading,,112,0.5333333333333333,1.0,0.0,1.0,0,0,1,0,0,0,0.10705194622278214,0.19775348901748657,0.0,nan,0.0,0.0,nan,0.0,0,nan,0.0,0.0,0.0,0.5573300123214722,0.23673394322395325,2,2,nan,nan
3200001,OP8,9400001,OP8:9400001,113,leading,,113,0.5291666666666667,1.0,0.0,1.0,0,0,1,0,0,1,0.08739733695983887,0.28701362013816833,0.0,nan,0.0,0.0,nan,0.0,0,nan,0.0,0.0,0.0,0.6075058579444885,0.18228395283222198,2,2,nan,nan
3200001,OP8,9400001,OP8:9400001,114,leading,,114,0.525,1.0,0.0,1.0,0,0,1,0,0,1,0.06774268299341202,0.3864784836769104,0.0,nan,0.0,0.0,nan,0.0,0,nan,0.0,0.0,0.0,0.6077321767807007,0.12783394753932953,2,2,nan,nan
3200001,OP8,9400001,OP8:9400001,115,leading,,115,0.5208333333333333,1.0,0.0,1.0,0,0,0,0,0,1,0.02487478218972683,0.4975103437900543,0.0,nan,0.0,0.0,nan,0.0,0,nan,0.0,0.0,0.0,0.550791323184967,0.07338394969701767,2,2,nan,nan
3200001,OP8,9400001,OP8:9400001,116,leading,,116,0.5166666666666666,1.0,0.0,1.0,0,0,1,0,0,1,0.04090743139386177,0.5552064776420593,0.0,nan,0.0,0.0,nan,0.0,0,nan,0.0,0.0,0.0,0.5365687608718872,0.08603987842798233,2,2,nan,nan
3200001,OP8,9400001,OP8:9400001,117,leading,,117,0.5125,1.0,0.0,1.0,0,0,1,0,0,1,0.03393049165606499,0.5021404027938843,0.0,nan,0.0,0.0,nan,0.0,0,nan,0.0,0.0,0.0,0.5581064820289612,0.13724952936172485,2,2,nan,nan
3200001,OP8,9400001,OP8:9400001,118,leading,,118,0.5083333333333333,1.0,0.0,1.0,0,0,1,0,0,1,0.03813181072473526,0.3940800726413727,0.0,nan,0.0,0.0,nan,0.0,0,nan,0.0,0.0,0.0,0.5830134153366089,0.188627690076828,2,2,nan,nan
3200001,OP8,9400001,OP8:9400001,119,leading,,119,0.5041666666666667,1.0,0.0,1.0,0,0,1,0,0,1,0.003907442092895508,0.29634690284729004,0.0,nan,0.0,0.0,nan,0.0,0,nan,0.0,0.0,0.0,0.5817242860794067,0.23833031952381134,2,2,nan,nan
3200001,OP8,9400001,OP8:9400001,120,leading,,120,0.5,1.0,0.0,1.0,0,0,1,0,0,1,0.045946668833494186,0.20561084151268005,0.0,nan,0.0,0.0,nan,0.0,0,nan,0.0,0.0,0.0,0.5534594058990479,0.28974449634552,2,2,nan,nan
3200001,OP8,9400001,OP8:9400001,121,leading,,121,0.49583333333333335,1.0,0.0,1.0,0,0,1,0,0,1,0.08798594772815704,0.13660940527915955,0.0,nan,0.0,0.0,nan,0.0,0,nan,0.0,0.0,0.0,0.5117790102958679,0.3420993685722351,2,2,nan,nan
3200001,OP8,9400001,OP8:9400001,122,leading,,122,0.4916666666666667,1.0,0.0,1.0,0,0,1,0,0,0,0.13002517819404602,0.13030873239040375,0.0,nan,0.0,0.0,nan,0.0,0,nan,0.0,0.0,0.0,0.4635472893714905,0.36402010917663574,2,2,nan,nan
3200001,OP8,9400001,OP8:9400001,123,leading,,123,0.48750000000000004,1.0,0.0,1.0,0,0,1,0,0,0,0.17206445336341858,0.1929522454738617,0.0,nan,0.0,0.0,nan,0.0,0,nan,0.0,0.0,0.0,0.4478786885738373,0.3095701038837433,2,2,nan,nan
3200001,OP8,9400001,OP8:9400001,124,leading,,124,0.4833333333333333,1.0,0.0,1.0,0,0,1,0,0,1,0.21410365402698517,0.28180262446403503,0.0,nan,0.0,0.0,nan,0.0,0,nan,0.0,0.0,0.0,0.4949924051761627,0.25512009859085083,2,2,nan,nan
3200001,OP8,9400001,OP8:9400001,125,leading,,125,0.47916666666666663,1.0,0.0,1.0,0,0,1,0,0,1,0.256142795085907,0.3788493275642395,0.0,nan,0.0,0.0,nan,0.0,1,nan,1.0,0.0,0.0,0.5256651639938354,0.20067009329795837,2,2,nan,nan
3200001,OP8,9400001,OP8:9400001,126,leading,,126,0.475,1.0,0.0,1.0,0,0,1,0,0,1,0.29818201065063477,0.479137659072876,0.0,nan,0.0,0.0,nan,0.0,1,nan,1.0,0.0,0.0,0.5216143131256104,0.1462201178073883,2,2,nan,nan
3200001,OP8,9400001,OP8:9400001,127,leading,,127,0.4708333333333333,1.0,0.0,1.0,0,0,0,0,0,1,0.2679682970046997,0.5396650433540344,0.0,nan,0.0,0.0,nan,0.0,1,nan,1.0,0.0,0.0,0.5328797101974487,0.09177010506391525,2,2,nan,nan
3200001,OP8,9400001,OP8:9400001,128,leading,,128,0.4666666666666667,1.0,0.0,1.0,0,0,1,0,0,1,0.296810120344162,0.5703079104423523,0.0,nan,0.0,0.0,nan,0.0,0,nan,0.0,0.0,0.0,0.5607330799102783,0.10100556910037994,2,2,nan,nan
3200001,OP8,9400001,OP8:9400001,129,leading,,129,0.4625,1.0,0.0,1.0,0,0,1,0,0,1,0.30139291286468506,0.4891771376132965,0.0,nan,0.0,0.0,nan,0.0,0,nan,0.0,0.0,0.0,0.5662493109703064,0.15356659889221191,2,2,nan,nan
3200001,OP8,9400001,OP8:9400001,130,leading,,130,0.45833333333333337,1.0,0.0,1.0,0,0,1,0,0,1,0.2815312445163727,0.3819783329963684,0.0,nan,0.0,0.0,nan,0.0,0,nan,0.0,0.0,0.0,0.5717617273330688,0.20490944385528564,2,2,nan,nan
3200001,OP8,9400001,OP8:9400001,131,leading,,131,0.4541666666666667,1.0,0.0,1.0,0,0,1,0,0,1,0.2853153645992279,0.3289352059364319,0.0,nan,0.0,0.0,nan,0.0,0,nan,0.0,0.0,0.0,0.5380011796951294,0.25679847598075867,2,2,nan,nan
3200001,OP8,9400001,OP8:9400001,132,leading,,132,0.44999999999999996,1.0,0.0,1.0,0,0,1,0,0,0,0.2890995144844055,0.2972690463066101,0.0,nan,0.0,0.0,nan,0.0,0,nan,0.0,0.0,0.0,0.500088095664978,0.30956849455833435,2,2,nan,nan
3200001,OP8,9400001,OP8:9400001,133,leading,,133,0.4458333333333333,1.0,0.0,1.0,0,0,1,0,0,0,0.29288363456726074,0.29397109150886536,0.0,nan,0.0,0.0,nan,0.0,0,nan,0.0,0.0,0.0,0.46468979120254517,0.35325074195861816,2,2,nan,nan
3200001,OP8,9400001,OP8:9400001,134,leading,,134,0.44166666666666665,1.0,0.0,1.0,0,0,1,0,0,0,0.29666775465011597,0.3199198544025421,0.0,nan,0.0,0.0,nan,0.0,0,nan,0.0,0.0,0.0,0.4929545819759369,0.2988007664680481,2,2,nan,nan
3200001,OP8,9400001,OP8:9400001,135,leading,,135,0.4375,1.0,0.0,1.0,0,0,1,0,0,1,0.24983501434326172,0.3315620422363281,0.0,nan,0.0,0.0,nan,0.0,0,nan,0.0,0.0,0.0,0.5247972011566162,0.24435074627399445,2,2,nan,nan
3200001,OP8,9400001,OP8:9400001,136,leading,,136,0.43333333333333335,1.0,0.0,1.0,0,0,1,0,0,1,0.20300225913524628,0.37577733397483826,0.0,nan,0.0,0.0,nan,0.0,0,nan,0.0,0.0,0.0,0.5011823773384094,0.18990075588226318,2,2,nan,nan
3200001,OP8,9400001,OP8:9400001,137,leading,,137,0.4291666666666667,1.0,0.0,1.0,0,0,2,0,0,1,0.15616945922374725,0.44291573762893677,0.0,nan,0.0,0.0,nan,0.0,0,nan,0.0,0.0,0.0,0.4930361211299896,0.13545076549053192,2,2,nan,nan
3200001,OP8,9400001,OP8:9400001,138,leading,,138,0.42500000000000004,1.0,0.0,1.0,0,0,1,0,0,1,0.07891812175512314,0.4540393352508545,0.0,nan,0.0,0.0,nan,0.0,0,nan,0.0,0.0,0.0,0.48895707726478577,0.08100076019763947,2,2,nan,nan
3200001,OP8,9400001,OP8:9400001,139,leading,,139,0.4208333333333333,1.0,0.0,1.0,0,0,1,0,0,1,0.023617124184966087,0.37439924478530884,0.0,nan,0.0,0.0,nan,0.0,0,nan,0.0,0.0,0.0,0.5079637765884399,0.09208952635526657,2,2,nan,nan
3200001,OP8,9400001,OP8:9400001,140,leading,,140,0.41666666666666663,1.0,0.0,1.0,0,0,1,0,0,1,0.020393799990415573,0.2657228708267212,0.0,nan,0.0,0.0,nan,0.0,0,nan,0.0,0.0,0.0,0.47382497787475586,0.14605122804641724,2,2,nan,nan
3200001,OP8,9400001,OP8:9400001,141,leading,,141,0.4125,1.0,0.0,1.0,0,0,1,0,0,0,0.017170429229736328,0.15716533362865448,0.0,nan,0.0,0.0,nan,0.0,0,nan,0.0,0.0,0.0,0.44175654649734497,0.2002774178981781,2,2,nan,nan
3200001,OP8,9400001,OP8:9400001,142,leading,,142,0.4083333333333333,1.0,0.0,1.0,0,0,1,0,0,0,0.013947105035185814,0.04951491206884384,0.0,nan,0.0,0.0,nan,0.0,0,nan,0.0,0.0,0.0,0.4118068814277649,0.2545991837978363,2,2,nan,nan
3200001,OP8,9400001,OP8:9400001,143,leading,,143,0.4041666666666667,1.0,0.0,1.0,0,0,1,0,0,0,0.010723734274506569,0.06213684007525444,0.0,nan,0.0,0.0,nan,0.0,0,nan,0.0,0.0,0.0,0.450643926858902,0.24842047691345215,2,2,nan,nan
3200001,OP8,9400001,OP8:9400001,144,leading,,144,0.4,1.0,0.0,1.0,0,0,1,0,0,0,0.007500410079956055,0.17008447647094727,0.0,nan,0.0,0.0,nan,0.0,0,nan,0.0,0.0,0.0,0.5006232261657715,0.1939704716205597,2,2,nan,nan
3200001,OP8,9400001,OP8:9400001,145,leading,,145,0.39583333333333337,1.0,0.0,1.0,0,0,1,0,0,1,0.004277038387954235,0.2786663770675659,0.0,nan,0.0,0.0,nan,0.0,0,nan,0.0,0.0,0.0,0.5509153008460999,0.13952046632766724,2,2,nan,nan
3200001,OP8,9400001,OP8:9400001,146,leading,,146,0.3916666666666667,1.0,0.0,1.0,0,0,0,0,0,1,0.001053667045198381,0.38734951615333557,0.0,nan,0.0,0.0,nan,0.0,0,nan,0.0,0.0,0.0,0.5518953800201416,0.08507045358419418,2,2,nan,nan
3200001,OP8,9400001,OP8:9400001,147,leading,,147,0.38749999999999996,1.0,0.0,1.0,0,0,0,0,0,1,0.030760383233428,0.4321907162666321,0.0,nan,0.0,0.0,nan,0.0,0,nan,0.0,0.0,0.0,0.501406729221344,0.09541396051645279,2,2,nan,nan
3200001,OP8,9400001,OP8:9400001,148,leading,,148,0.3833333333333333,1.0,0.0,1.0,0,0,0,0,0,1,0.034910060465335846,0.45655936002731323,0.0,nan,0.0,0.0,nan,0.0,0,nan,0.0,0.0,0.0,0.4747850298881531,0.1475645750761032,2,2,nan,nan
3200001,OP8,9400001,OP8:9400001,149,leading,,149,0.37916666666666665,1.0,0.0,1.0,0,0,1,0,0,1,0.03719139099121094,0.4564828872680664,0.0,nan,0.0,0.0,nan,0.0,0,nan,0.0,0.0,0.0,0.472555935382843,0.19743594527244568,2,2,nan,nan
3200001,OP8,9400001,OP8:9400001,150,leading,,150,0.375,1.0,0.0,1.0,0,0,1,0,0,1,0.09505939483642578,0.41096991300582886,0.0,nan,0.0,0.0,nan,0.0,0,nan,0.0,0.0,0.0,0.5242270231246948,0.2510387897491455,2,2,nan,nan
3200001,OP8,9400001,OP8:9400001,151,leading,,151,0.37083333333333335,1.0,0.0,1.0,0,0,1,0,0,1,0.10414333641529083,0.30938273668289185,0.0,nan,0.0,0.0,nan,0.0,0,nan,0.0,0.0,0.0,0.5718274712562561,0.30494195222854614,2,2,nan,nan
3200001,OP8,9400001,OP8:9400001,152,leading,,152,0.3666666666666667,1.0,0.0,1.0,0,0,1,0,0,1,0.10333123058080673,0.20989711582660675,0.0,nan,0.0,0.0,nan,0.0,0,nan,0.0,0.0,0.0,0.5852529406547546,0.359010249376297,2,2,nan,nan
3200001,OP8,9400001,OP8:9400001,153,leading,,153,0.36250000000000004,1.0,0.0,1.0,0,0,1,0,0,2,0.10251903533935547,0.12647923827171326,0.0,nan,0.0,0.0,nan,0.0,0,nan,0.0,0.0,0.0,0.5697799921035767,0.41317877173423767,2,2,nan,nan
3200001,OP8,9400001,OP8:9400001,154,leading,,154,0.3583333333333333,1.0,0.0,1.0,0,0,1,0,0,2,0.08813051879405975,0.0943564623594284,0.0,nan,0.0,0.0,nan,0.0,0,nan,0.0,0.0,0.0,0.5251046419143677,0.4291393756866455,2,2,nan,nan
3200001,OP8,9400001,OP8:9400001,155,leading,,155,0.35416666666666663,1.0,0.0,1.0,0,0,1,0,0,1,0.07374200969934464,0.1595507264137268,0.0,nan,0.0,0.0,nan,0.0,0,nan,0.0,0.0,0.0,0.46398234367370605,0.37468940019607544,2,2,nan,nan
3200001,OP8,9400001,OP8:9400001,156,leading,,156,0.35,1.0,0.0,1.0,0,0,1,0,0,1,0.05935344845056534,0.2562359571456909,0.0,nan,0.0,0.0,nan,0.0,0,nan,0.0,0.0,0.0,0.4538400173187256,0.32023945450782776,2,2,nan,nan
3200001,OP8,9400001,OP8:9400001,157,leading,,157,0.3458333333333333,1.0,0.0,1.0,0,0,1,0,0,1,0.04496493190526962,0.35986730456352234,0.0,nan,0.0,0.0,nan,0.0,0,nan,0.0,0.0,0.0,0.49166545271873474,0.2657894492149353,2,2,nan,nan
3200001,OP8,9400001,OP8:9400001,158,leading,,158,0.3416666666666667,1.0,0.0,1.0,0,0,2,0,0,1,0.030576229095458984,0.4658317565917969,0.0,nan,0.0,0.0,nan,0.0,0,nan,0.0,0.0,0.0,0.538812518119812,0.21133942902088165,2,2,nan,nan
3200001,OP8,9400001,OP8:9400001,159,leading,,159,0.3375,1.0,0.0,1.0,0,0,2,0,0,1,0.027981281280517578,0.5161303281784058,0.0,nan,0.0,0.0,nan,0.0,0,nan,0.0,0.0,0.0,0.5875077247619629,0.1568894386291504,2,2,nan,nan
3200001,OP8,9400001,OP8:9400001,160,leading,,160,0.33333333333333337,1.0,0.0,1.0,0,0,2,0,0,1,0.03494095802307129,0.5164576768875122,0.0,nan,0.0,0.0,nan,0.0,0,nan,0.0,0.0,0.0,0.60352623462677,0.10243944823741913,2,2,nan,nan
3200001,OP8,9400001,OP8:9400001,161,leading,,161,0.3291666666666667,1.0,0.0,1.0,0,0,1,0,0,1,0.03540182113647461,0.5164551734924316,0.0,nan,0.0,0.0,nan,0.0,0,nan,0.0,0.0,0.0,0.610752284526825,0.047989439219236374,2,2,nan,nan
3200001,OP8,9400001,OP8:9400001,162,leading,,162,0.32499999999999996,1.0,0.0,1.0,0,0,1,0,0,1,0.08603096008300781,0.4710713326931,0.0,nan,0.0,0.0,nan,0.0,0,nan,0.0,0.0,0.0,0.5958744287490845,0.06817903369665146,2,2,nan,nan
3200001,OP8,9400001,OP8:9400001,163,leading,,163,0.3208333333333333,1.0,0.0,1.0,0,0,1,0,0,1,0.10365404933691025,0.37343475222587585,0.0,nan,0.0,0.0,nan,0.0,0,nan,0.0,0.0,0.0,0.5320910811424255,0.11979015171527863,2,2,nan,nan
3200001,OP8,9400001,OP8:9400001,164,leading,,164,0.31666666666666665,1.0,0.0,1.0,0,0,1,0,0,1,0.12127719074487686,0.2818043529987335,0.0,nan,0.0,0.0,nan,0.0,0,nan,0.0,0.0,0.0,0.49253028631210327,0.1731490194797516,2,2,nan,nan
3200001,OP8,9400001,OP8:9400001,165,leading,,165,0.3125,1.0,0.0,1.0,0,0,1,0,0,0,0.10917834937572479,0.18250252306461334,0.0,nan,0.0,0.0,nan,0.0,0,nan,0.0,0.0,0.0,0.44527965784072876,0.21696901321411133,2,2,nan,nan
3200001,OP8,9400001,OP8:9400001,166,leading,,166,0.30833333333333335,1.0,0.0,1.0,0,0,1,0,0,0,0.0970795601606369,0.10429372638463974,0.0,nan,0.0,0.0,nan,0.0,0,nan,0.0,0.0,0.0,0.4311022162437439,0.26476430892944336,2,2,nan,nan
3200001,OP8,9400001,OP8:9400001,167,leading,,167,0.3041666666666667,1.0,0.0,1.0,0,0,1,0,0,0,0.08498072624206543,0.11010771989822388,0.0,nan,0.0,0.0,nan,0.0,0,nan,0.0,0.0,0.0,0.37945127487182617,0.23774278163909912,2,2,nan,nan
3200001,OP8,9400001,OP8:9400001,168,leading,,168,0.30000000000000004,1.0,0.0,1.0,0,0,1,1,1,0,0.07288193702697754,0.19247540831565857,0.0,nan,0.0,0.0,nan,0.0,0,nan,0.0,0.0,0.0,0.3341419994831085,0.18329280614852905,2,2,nan,nan
3200001,OP8,9400001,OP8:9400001,169,leading,,169,0.2958333333333333,1.0,0.0,1.0,0,0,1,1,1,1,0.06078309938311577,0.29265403747558594,0.0,nan,0.0,0.0,nan,0.0,0,nan,0.0,0.0,0.0,0.35495254397392273,0.1288428008556366,2,2,nan,nan
3200001,OP8,9400001,OP8:9400001,170,leading,,170,0.29166666666666663,1.0,0.0,1.0,0,0,0,1,1,1,0.04868431016802788,0.39739468693733215,0.0,nan,0.0,0.0,nan,0.0,0,nan,0.0,0.0,0.0,0.31934067606925964,0.07439281046390533,2,2,nan,nan
3200001,OP8,9400001,OP8:9400001,171,leading,,171,0.2875,1.0,0.0,1.0,0,0,0,1,1,1,0.09384946525096893,0.46790623664855957,0.0,nan,0.0,0.0,nan,0.0,0,nan,0.0,0.0,0.0,0.268976628780365,0.08682709187269211,2,2,nan,nan
3200001,OP8,9400001,OP8:9400001,172,leading,,172,0.2833333333333333,1.0,0.0,1.0,0,0,0,1,1,1,0.10252513736486435,0.47175484895706177,0.0,nan,0.0,0.0,nan,0.0,0,nan,0.0,0.0,0.0,0.27658918499946594,0.13828131556510925,2,2,nan,nan
3200001,OP8,9400001,OP8:9400001,173,leading,,173,0.2791666666666667,1.0,0.0,1.0,0,0,0,1,1,1,0.14723877608776093,0.45308834314346313,0.0,nan,0.0,0.0,nan,0.0,0,nan,0.0,0.0,0.0,0.3282123804092407,0.19140037894248962,2,2,nan,nan
3200001,OP8,9400001,OP8:9400001,174,leading,,174,0.275,1.0,0.0,1.0,0,0,0,1,1,1,0.14109711349010468,0.4517211318016052,0.0,nan,0.0,0.0,nan,0.0,0,nan,0.0,0.0,0.0,0.3729190528392792,0.23669996857643127,2,2,nan,nan
3200001,OP8,9400001,OP8:9400001,175,leading,,175,0.27083333333333337,1.0,0.0,1.0,0,0,0,0,1,1,0.10550236701965332,0.4355757236480713,0.0,nan,0.0,0.0,nan,0.0,1,nan,1.0,0.0,0.0,0.42049676179885864,0.28521785140037537,2,2,nan,nan
3200001,OP8,9400001,OP8:9400001,176,leading,,176,0.2666666666666667,1.0,0.0,1.0,0,0,1,0,1,1,0.0806356891989708,0.4054419994354248,0.0,nan,0.0,0.0,nan,0.0,0,nan,0.0,0.0,0.0,0.4709440767765045,0.33556103706359863,2,2,nan,nan
3200001,OP8,9400001,OP8:9400001,177,leading,,177,0.26249999999999996,1.0,0.0,1.0,0,0,1,0,1,1,0.018465852364897728,0.3535364866256714,0.0,nan,0.0,0.0,nan,0.0,0,nan,0.0,0.0,0.0,0.5222635865211487,0.3870178163051605,2,2,nan,nan
3200001,OP8,9400001,OP8:9400001,178,leading,,178,0.2583333333333333,1.0,0.0,1.0,0,0,1,0,1,2,0.0058598993346095085,0.24723383784294128,0.0,nan,0.0,0.0,nan,0.0,0,nan,0.0,0.0,0.0,0.5734584331512451,0.43919697403907776,2,2,nan,nan
3200001,OP8,9400001,OP8:9400001,179,leading,,179,0.25416666666666665,1.0,0.0,1.0,0,0,1,0,1,2,0.033156633377075195,0.15216515958309174,0.0,nan,0.0,0.0,nan,0.0,1,nan,1.0,0.0,0.0,0.6123625636100769,0.49186867475509644,2,2,nan,nan
3200001,OP8,9400001,OP8:9400001,180,leading,,180,0.25,1.0,0.0,1.0,0,0,2,0,1,2,0.035401105880737305,0.05390514060854912,0.0,nan,0.0,0.0,nan,0.0,0,nan,0.0,0.0,0.0,0.6273844838142395,0.5448900461196899,2,2,nan,nan
3200001,OP8,9400001,OP8:9400001,181,leading,,181,0.24583333333333335,1.0,0.0,1.0,0,0,2,0,1,2,0.0835019126534462,0.08426479250192642,0.0,nan,0.0,0.0,nan,0.0,0,nan,0.0,0.0,0.0,0.5908563137054443,0.5340672135353088,2,2,nan,nan
3200001,OP8,9400001,OP8:9400001,182,leading,,182,0.2416666666666667,1.0,0.0,1.0,0,0,2,0,1,2,0.08153820037841797,0.08229298144578934,0.0,nan,0.0,0.0,nan,0.0,0,nan,0.0,0.0,0.0,0.5628307461738586,0.479617178440094,2,2,nan,nan
3200001,OP8,9400001,OP8:9400001,183,leading,,183,0.23750000000000004,1.0,0.0,1.0,0,0,2,0,1,2,0.07233323901891708,0.07313959300518036,0.0,nan,0.0,0.0,nan,0.0,0,nan,0.0,0.0,0.0,0.5198310017585754,0.42516717314720154,2,2,nan,nan
3200001,OP8,9400001,OP8:9400001,184,leading,,184,0.23333333333333328,1.0,0.0,1.0,0,0,2,0,1,0,0.06312823295593262,0.06400226056575775,0.0,nan,0.0,0.0,nan,0.0,0,nan,0.0,0.0,0.0,0.4709145426750183,0.3707171380519867,2,2,nan,nan
3200001,OP8,9400001,OP8:9400001,185,leading,,185,0.22916666666666663,1.0,0.0,1.0,0,0,2,0,1,0,0.05392322689294815,0.054889071732759476,0.0,nan,0.0,0.0,nan,0.0,0,nan,0.0,0.0,0.0,0.459869384765625,0.31626710295677185,2,2,nan,nan
3200001,OP8,9400001,OP8:9400001,186,leading,,186,0.22499999999999998,1.0,0.0,1.0,0,0,2,0,1,0,0.044718217104673386,0.04581443592905998,0.0,nan,0.0,0.0,nan,0.0,0,nan,0.0,0.0,0.0,0.48789182305336,0.2618171274662018,2,2,nan,nan
3200001,OP8,9400001,OP8:9400001,187,leading,,187,0.22083333333333333,1.0,0.0,1.0,0,0,2,0,1,0,0.08375587314367294,0.08680693805217743,0.0,nan,0.0,0.0,nan,0.0,0,nan,0.0,0.0,0.0,0.4362810254096985,0.20513096451759338,2,2,nan,nan
3200001,OP8,9400001,OP8:9400001,188,leading,,188,0.21666666666666667,1.0,0.0,1.0,0,0,2,0,1,0,0.062360286712646484,0.06611963361501694,0.0,nan,0.0,0.0,nan,0.0,0,nan,0.0,0.0,0.0,0.3850182592868805,0.15068094432353973,2,2,nan,nan
3200001,OP8,9400001,OP8:9400001,189,leading,,189,0.21250000000000002,1.0,0.0,1.0,0,0,1,0,0,0,0.04096474498510361,0.046098899096250534,0.0,nan,0.0,0.0,nan,0.0,0,nan,0.0,0.0,0.0,0.33340510725975037,0.09623094648122787,2,2,nan,nan
3200001,OP8,9400001,OP8:9400001,190,leading,,190,0.20833333333333337,1.0,0.0,1.0,0,0,0,0,0,0,0.021721839904785156,0.044674552977085114,0.0,nan,0.0,0.0,nan,0.0,0,nan,0.0,0.0,0.0,0.2817831039428711,0.06169857829809189,2,2,nan,nan
3200001,OP8,9400001,OP8:9400001,191,leading,,191,0.20416666666666672,1.0,0.0,1.0,0,0,0,1,1,0,0.0761651024222374,0.1189020499587059,0.0,nan,0.0,0.0,nan,0.0,0,nan,0.0,0.0,0.0,0.23011338710784912,0.07729943096637726,2,2,nan,nan
3200001,OP8,9400001,OP8:9400001,192,leading,,192,0.19999999999999996,1.0,0.0,1.0,0,0,0,1,1,0,0.06200766563415527,0.10786193609237671,0.0,nan,0.0,0.0,nan,0.0,0,nan,0.0,0.0,0.0,0.22669634222984314,0.12717305123806,2,2,nan,nan
3200001,OP8,9400001,OP8:9400001,193,leading,,193,0.1958333333333333,1.0,0.0,1.0,0,0,0,1,1,0,0.056500911712646484,0.10491643100976944,0.0,nan,0.0,0.0,nan,0.0,0,nan,0.0,0.0,0.0,0.27792540192604065,0.17740429937839508,2,2,nan,nan
3200001,OP8,9400001,OP8:9400001,194,leading,,194,0.19166666666666665,1.0,0.0,1.0,0,0,0,1,1,0,0.050994157791137695,0.10218320786952972,0.0,nan,0.0,0.0,nan,0.0,0,nan,0.0,0.0,0.0,0.3286052346229553,0.22956737875938416,2,2,nan,nan
3200001,OP8,9400001,OP8:9400001,195,leading,,195,0.1875,1.0,0.0,1.0,0,0,0,1,1,0,0.045487403869628906,0.09967976063489914,0.0,nan,0.0,0.0,nan,0.0,0,nan,0.0,0.0,0.0,0.37955325841903687,0.28259459137916565,2,2,nan,nan
3200001,OP8,9400001,OP8:9400001,196,leading,,196,0.18333333333333335,1.0,0.0,1.0,0,0,0,1,1,1,0.06450452655553818,0.10589879751205444,0.0,nan,0.0,0.0,nan,0.0,0,nan,0.0,0.0,0.0,0.437628835439682,0.33607709407806396,2,2,nan,nan
3200001,OP8,9400001,OP8:9400001,197,leading,,197,0.1791666666666667,1.0,0.0,1.0,0,0,0,1,1,1,0.055013321340084076,0.10032004117965698,0.0,nan,0.0,0.0,nan,0.0,0,nan,0.0,0.0,0.0,0.4876181185245514,0.38982754945755005,2,2,nan,nan
3200001,OP8,9400001,OP8:9400001,198,leading,,198,0.17500000000000004,1.0,0.0,1.0,0,0,0,1,1,2,0.012332248501479626,0.09926745295524597,0.0,nan,0.0,0.0,nan,0.0,0,nan,0.0,0.0,0.0,0.4838423728942871,0.42851439118385315,2,2,nan,nan
3200001,OP8,9400001,OP8:9400001,199,leading,,199,0.17083333333333328,1.0,0.0,1.0,0,0,0,1,1,2,0.05260605737566948,0.13514968752861023,0.0,nan,0.0,0.0,nan,0.0,0,nan,0.0,0.0,0.0,0.49585551023483276,0.4618087708950043,2,2,nan,nan
3200001,OP8,9400001,OP8:9400001,200,leading,,200,0.16666666666666663,1.0,0.0,1.0,0,0,0,1,1,2,0.06528306007385254,0.14690466225147247,0.0,nan,0.0,0.0,nan,0.0,0,nan,0.0,0.0,0.0,0.4706811010837555,0.5106752514839172,2,2,nan,nan
3200001,OP8,9400001,OP8:9400001,201,leading,,201,0.16249999999999998,1.0,0.0,1.0,0,0,0,0,1,2,0.11337284743785858,0.1799589991569519,0.0,nan,0.0,0.0,nan,0.0,2,nan,1.0,1.0,0.0,0.4199272096157074,0.5605717301368713,2,2,nan,nan
3200001,OP8,9400001,OP8:9400001,202,leading,,202,0.15833333333333333,1.0,0.0,1.0,0,0,1,0,1,2,0.09047522395849228,0.1790938675403595,0.0,nan,0.0,0.0,nan,0.0,1,nan,1.0,1.0,0.0,0.42347288131713867,0.5991803407669067,2,2,nan,nan
3200001,OP8,9400001,OP8:9400001,203,leading,,203,0.15416666666666667,1.0,0.0,1.0,0,0,1,0,1,2,0.11321930587291718,0.16769327223300934,0.0,nan,0.0,0.0,nan,0.0,1,nan,1.0,1.0,0.0,0.4715057909488678,0.6400960683822632,2,2,nan,nan
3200001,OP8,9400001,OP8:9400001,204,leading,dropped_the_flag|tagged_while_carrying,204,0.15000000000000002,1.0,0.0,1.0,1,0,1,0,1,2,0.0835941806435585,0.08476270735263824,1.0,0.07235202938318253,1.0,1.0,0.08476270735263824,0.0,1,0.17755502462387085,1.0,1.0,0.0,0.5230408310890198,0.6955906748771667,2,2,0.0927923172712326,1.0
3200001,OP8,9400001,OP8:9400001,205,leading,,205,0.14583333333333337,1.0,0.0,1.0,0,0,2,0,1,2,0.07419081032276154,0.08422277867794037,0.0,nan,0.0,0.0,nan,0.0,0,nan,0.0,1.0,0.0,0.5729425549507141,0.6477676033973694,2,2,nan,nan
3200001,OP8,9400001,OP8:9400001,206,leading,,206,0.14166666666666672,1.0,0.0,1.0,0,0,2,0,1,2,0.04442315176129341,0.06537005305290222,0.0,nan,0.0,0.0,nan,0.0,0,nan,0.0,0.0,0.0,0.6120064854621887,0.5933176279067993,2,2,nan,nan
3200001,OP8,9400001,OP8:9400001,207,leading,,207,0.13749999999999996,1.0,0.0,1.0,0,0,2,0,1,2,0.04017763212323189,0.062299855053424835,0.0,nan,0.0,0.0,nan,0.0,0,nan,0.0,0.0,0.0,0.6240902543067932,0.5388675928115845,2,2,nan,nan
3200001,OP8,9400001,OP8:9400001,208,leading,,208,0.1333333333333333,1.0,0.0,1.0,0,0,2,0,1,2,0.035932112485170364,0.059376634657382965,0.0,nan,0.0,0.0,nan,0.0,0,nan,0.0,0.0,0.0,0.6053458452224731,0.484417587518692,2,2,nan,nan
3200001,OP8,9400001,OP8:9400001,209,leading,,209,0.12916666666666665,1.0,0.0,1.0,0,0,2,0,1,2,0.03168664127588272,0.0566231794655323,0.0,nan,0.0,0.0,nan,0.0,0,nan,0.0,0.0,0.0,0.5656856298446655,0.42996758222579956,2,2,nan,nan
3200001,OP8,9400001,OP8:9400001,210,leading,,210,0.125,1.0,0.0,1.0,0,0,2,0,1,1,0.02744116820394993,0.05406539887189865,0.0,nan,0.0,0.0,nan,0.0,0,nan,0.0,0.0,0.0,0.5184133648872375,0.3755175769329071,2,2,nan,nan
3200001,OP8,9400001,OP8:9400001,211,leading,,211,0.12083333333333335,1.0,0.0,1.0,0,0,2,0,1,0,0.023195743560791016,0.05173236131668091,0.0,nan,0.0,0.0,nan,0.0,0,nan,0.0,0.0,0.0,0.46743956208229065,0.32106760144233704,2,2,nan,nan
3200001,OP8,9400001,OP8:9400001,212,leading,,212,0.1166666666666667,1.0,0.0,1.0,0,0,2,0,0,0,0.018950272351503372,0.04965568706393242,0.0,nan,0.0,0.0,nan,0.0,0,nan,0.0,0.0,0.0,0.4578303396701813,0.2666175961494446,2,2,nan,nan
3200001,OP8,9400001,OP8:9400001,213,leading,,213,0.11250000000000004,1.0,0.0,1.0,0,0,2,0,0,0,0.01470484770834446,0.04786881059408188,0.0,nan,0.0,0.0,nan,0.0,0,nan,0.0,0.0,0.0,0.45428958535194397,0.2121676206588745,2,2,nan,nan
3200001,OP8,9400001,OP8:9400001,214,leading,,214,0.10833333333333328,1.0,0.0,1.0,0,0,2,0,0,0,0.010459423065185547,0.046405185014009476,0.0,nan,0.0,0.0,nan,0.0,0,nan,0.0,0.0,0.0,0.40383854508399963,0.15771761536598206,2,2,nan,nan
3200001,OP8,9400001,OP8:9400001,215,leading,,215,0.10416666666666663,1.0,0.0,1.0,0,0,2,0,0,0,0.006213950924575329,0.04529615491628647,0.0,nan,0.0,0.0,nan,0.0,0,nan,0.0,0.0,0.0,0.3528119623661041,0.1032676249742508,2,2,nan,nan
3200001,OP8,9400001,OP8:9400001,216,leading,,216,0.09999999999999998,1.0,0.0,1.0,0,0,0,0,0,0,0.0019685267470777035,0.04456821084022522,0.0,nan,0.0,0.0,nan,0.0,0,nan,0.0,0.0,0.0,0.3379625976085663,0.04881761223077774,2,2,nan,nan
3200001,OP8,9400001,OP8:9400001,217,leading,,217,0.09583333333333333,1.0,0.0,1.0,0,0,0,0,0,0,0.0011246204376220703,0.04871256649494171,0.0,nan,0.0,0.0,nan,0.0,0,nan,0.0,0.0,0.0,0.28718528151512146,0.06868695467710495,2,2,nan,nan
3200001,OP8,9400001,OP8:9400001,218,leading,,218,0.09166666666666667,1.0,0.0,1.0,0,0,0,0,0,0,0.002497434616088867,0.04925471171736717,0.0,nan,0.0,0.0,nan,0.0,0,nan,0.0,0.0,0.0,0.2365848571062088,0.11641458421945572,2,2,nan,nan
3200001,OP8,9400001,OP8:9400001,219,leading,,219,0.08750000000000002,1.0,0.0,1.0,0,0,0,0,0,0,0.0007712364313192666,0.04863704368472099,0.0,nan,0.0,0.0,nan,0.0,0,nan,0.0,0.0,0.0,0.18503472208976746,0.1673814356327057,2,2,nan,nan
3200001,OP8,9400001,OP8:9400001,220,leading,,220,0.08333333333333337,1.0,0.0,1.0,0,0,0,1,2,0,0.0013942718505859375,0.04855172336101532,0.0,nan,0.0,0.0,nan,0.0,0,nan,0.0,0.0,0.0,0.16423079371452332,0.2106207311153412,2,2,nan,nan
3200001,OP8,9400001,OP8:9400001,221,leading,,221,0.07916666666666672,1.0,0.0,1.0,0,0,0,1,2,0,0.0020173073280602694,0.04847446456551552,0.0,nan,0.0,0.0,nan,0.0,0,nan,0.0,0.0,0.0,0.21165338158607483,0.2581380307674408,2,2,nan,nan
3200001,OP8,9400001,OP8:9400001,222,leading,,222,0.07499999999999996,1.0,0.0,1.0,0,0,0,1,2,0,0.0026403903029859066,0.04840528219938278,0.0,nan,0.0,0.0,nan,0.0,0,nan,0.0,0.0,0.0,0.26239603757858276,0.3079594373703003,2,2,nan,nan
3200001,OP8,9400001,OP8:9400001,223,leading,,223,0.0708333333333333,1.0,0.0,1.0,0,0,0,1,2,1,0.0032634735107421875,0.048344261944293976,0.0,nan,0.0,0.0,nan,0.0,0,nan,0.0,0.0,0.0,0.313443124294281,0.3591272532939911,2,2,nan,nan
3200001,OP8,9400001,OP8:9400001,224,leading,,224,0.06666666666666665,1.0,0.0,1.0,0,0,0,1,2,1,0.013161706738173962,0.0909540131688118,0.0,nan,0.0,0.0,nan,0.0,0,nan,0.0,1.0,0.0,0.34010225534439087,0.395807147026062,2,2,nan,nan
3200001,OP8,9400001,OP8:9400001,225,leading,,225,0.0625,1.0,0.0,1.0,0,0,0,1,2,2,0.03841910511255264,0.10250575840473175,0.0,nan,0.0,0.0,nan,0.0,0,nan,0.0,1.0,0.0,0.3915902078151703,0.44583290815353394,2,2,nan,nan
3200001,OP8,9400001,OP8:9400001,226,leading,,226,0.05833333333333335,1.0,0.0,1.0,0,0,1,1,2,2,0.035440683364868164,0.10209295898675919,0.0,nan,0.0,0.0,nan,0.0,0,nan,0.0,1.0,0.0,0.44312137365341187,0.49540048837661743,2,2,nan,nan
3200001,OP8,9400001,OP8:9400001,227,leading,,227,0.054166666666666696,1.0,0.0,1.0,0,0,1,1,2,2,0.0027743340469896793,0.17972464859485626,0.0,nan,0.0,0.0,nan,0.0,0,nan,0.0,0.0,0.0,0.4691386818885803,0.46054330468177795,2,2,nan,nan
3200001,OP8,9400001,OP8:9400001,228,leading,,228,0.050000000000000044,1.0,0.0,1.0,1,0,1,1,2,2,0.010855436325073242,0.2875707447528839,1.0,0.12424130737781525,1.0,0.0,0.2875707447528839,1.0,0,inf,0.0,0.0,0.0,0.4907034933567047,0.4060933589935303,2,2,nan,nan
3200001,OP8,9400001,OP8:9400001,229,leading,,229,0.04583333333333328,1.0,0.0,1.0,1,0,1,1,2,1,0.06204056739807129,0.34264957904815674,1.0,0.07960523664951324,1.0,0.0,0.34264957904815674,1.0,0,inf,0.0,0.0,0.0,0.5335010290145874,0.3516433537006378,2,2,nan,nan
3200001,OP8,9400001,OP8:9400001,230,leading,dropped_the_flag|tagged_while_carrying,230,0.04166666666666663,1.0,0.0,1.0,1,0,1,0,2,1,0.06070127338171005,0.3423517346382141,1.0,0.05879613012075424,1.0,0.0,0.3423517346382141,1.0,1,0.05879613012075424,1.0,0.0,0.0,0.5750988125801086,0.29719334840774536,2,2,-0.28355560451745987,0.0
3200001,OP8,9400001,OP8:9400001,231,leading,,231,0.03749999999999998,1.0,0.0,1.0,0,0,2,0,2,1,0.05387062951922417,0.3412511944770813,0.0,nan,0.0,0.0,nan,0.0,0,nan,0.0,0.0,0.0,0.6050747036933899,0.2427433431148529,2,2,nan,nan
3200001,OP8,9400001,OP8:9400001,232,leading,,232,0.033333333333333326,1.0,0.0,1.0,0,0,2,0,2,1,0.0470399372279644,0.3402842879295349,0.0,nan,0.0,0.0,nan,0.0,0,nan,0.0,0.0,0.0,0.5920023918151855,0.18829336762428284,2,2,nan,nan
3200001,OP8,9400001,OP8:9400001,233,leading,,233,0.029166666666666674,1.0,0.0,1.0,0,0,2,0,2,1,0.040209293365478516,0.3394520580768585,0.0,nan,0.0,0.0,nan,0.0,0,nan,0.0,0.0,0.0,0.5374751687049866,0.13384337723255157,2,2,nan,nan
3200001,OP8,9400001,OP8:9400001,234,leading,,234,0.025000000000000022,1.0,0.0,1.0,0,0,1,0,2,1,0.03337860107421875,0.3387555480003357,0.0,nan,0.0,0.0,nan,0.0,0,nan,0.0,0.0,0.0,0.5035017132759094,0.07939336448907852,2,2,nan,nan
3200001,OP8,9400001,OP8:9400001,235,leading,,235,0.02083333333333337,1.0,0.0,1.0,0,0,1,0,2,0,0.02473750151693821,0.28726181387901306,0.0,nan,0.0,0.0,nan,0.0,0,nan,0.0,0.0,0.0,0.4589860439300537,0.09079320728778839,2,2,nan,nan
3200001,OP8,9400001,OP8:9400001,236,leading,,236,0.01666666666666672,1.0,0.0,1.0,0,0,1,0,2,0,0.0383337028324604,0.18239283561706543,0.0,nan,0.0,0.0,nan,0.0,0,nan,0.0,0.0,0.0,0.4385698735713959,0.1425272524356842,2,2,nan,nan
3200001,OP8,9400001,OP8:9400001,237,leading,,237,0.012499999999999956,1.0,0.0,1.0,0,0,1,0,2,0,0.04414181783795357,0.08240741491317749,0.0,nan,0.0,0.0,nan,0.0,0,nan,0.0,0.0,0.0,0.4834887385368347,0.19392168521881104,2,2,nan,nan
3200001,OP8,9400001,OP8:9400001,238,leading,,238,0.008333333333333304,1.0,0.0,1.0,0,0,1,0,2,0,0.04134678840637207,0.08370994031429291,0.0,nan,0.0,0.0,nan,0.0,0,nan,0.0,0.0,0.0,0.5326441526412964,0.1773672103881836,2,2,nan,nan
3200001,OP8,9400001,OP8:9400001,239,leading,,239,0.004166666666666652,1.0,0.0,1.0,0,0,1,0,2,0,0.008380651473999023,0.17042705416679382,0.0,nan,0.0,0.0,nan,0.0,0,nan,0.0,0.0,0.0,0.5822358131408691,0.12291721254587173,2,2,nan,nan
3200001,OP9,9400000,OP9:9400000,0,tied,,0,1.0,0.0,0.0,0.0,0,0,0,0,0,0,0.10704054683446884,0.17881479859352112,0.0,nan,0.0,0.0,nan,0.0,2,nan,1.0,0.0,0.0,0.7322870492935181,0.22479590773582458,2,2,nan,nan
3200001,OP9,9400000,OP9:9400000,1,tied,,1,0.9958333333333333,0.0,0.0,0.0,0,0,0,0,0,0,0.12972398102283478,0.18908235430717468,0.0,nan,0.0,0.0,nan,0.0,2,nan,1.0,0.0,0.0,0.7108349204063416,0.22328858077526093,2,2,nan,nan
3200001,OP9,9400000,OP9:9400000,2,tied,,2,0.9916666666666667,0.0,0.0,0.0,0,0,0,0,0,0,0.17973598837852478,0.2168508768081665,0.0,nan,0.0,0.0,nan,0.0,2,nan,1.0,0.0,0.0,0.6685600280761719,0.22159604728221893,2,2,nan,nan
3200001,OP9,9400000,OP9:9400000,3,tied,,3,0.9875,0.0,0.0,0.0,0,0,0,0,0,0,0.23530487716197968,0.256972074508667,0.0,nan,0.0,0.0,nan,0.0,2,nan,1.0,0.0,0.0,0.6231650114059448,0.23216649889945984,2,2,nan,nan
3200001,OP9,9400000,OP9:9400000,4,tied,,4,0.9833333333333333,0.0,0.0,0.0,0,0,0,0,0,0,0.29087376594543457,0.303104043006897,0.0,nan,0.0,0.0,nan,0.0,2,nan,1.0,0.0,0.0,0.5792380571365356,0.2542191445827484,2,2,nan,nan
3200001,OP9,9400000,OP9:9400000,5,tied,,5,0.9791666666666666,0.0,0.0,0.0,0,0,0,0,0,0,0.2448870688676834,0.27258872985839844,0.0,nan,0.0,0.0,nan,0.0,2,nan,1.0,0.0,0.0,0.5421978831291199,0.307150274515152,2,2,nan,nan
3200001,OP9,9400000,OP9:9400000,6,tied,,6,0.975,0.0,0.0,0.0,0,0,0,0,0,0,0.1961040049791336,0.26883044838905334,0.0,nan,0.0,0.0,nan,0.0,2,nan,1.0,0.0,0.0,0.48922762274742126,0.2893375754356384,2,2,nan,nan
3200001,OP9,9400000,OP9:9400000,7,tied,,7,0.9708333333333333,0.0,0.0,0.0,0,0,1,0,0,0,0.13204064965248108,0.26369163393974304,0.0,nan,0.0,0.0,nan,0.0,1,nan,1.0,0.0,0.0,0.45611771941185,0.24194958806037903,2,2,nan,nan
3200001,OP9,9400000,OP9:9400000,8,tied,,8,0.9666666666666667,0.0,0.0,0.0,0,0,1,0,0,0,0.13292384147644043,0.27423688769340515,0.0,nan,0.0,0.0,nan,0.0,1,nan,1.0,0.0,0.0,0.427756130695343,0.1982235610485077,2,2,nan,nan
3200001,OP9,9400000,OP9:9400000,9,tied,,9,0.9625,0.0,0.0,0.0,0,0,1,0,0,0,0.12487868964672089,0.18320026993751526,0.0,nan,0.0,0.0,nan,0.0,1,nan,1.0,0.0,0.0,0.37396517395973206,0.2332393229007721,2,2,nan,nan
3200001,OP9,9400000,OP9:9400000,10,tied,,10,0.9583333333333334,0.0,0.0,0.0,0,0,1,1,1,0,0.111507847905159,0.11455534398555756,0.0,nan,0.0,0.0,nan,0.0,0,nan,0.0,0.0,0.0,0.32074156403541565,0.2779225707054138,2,2,nan,nan
3200001,OP9,9400000,OP9:9400000,11,tied,,11,0.9541666666666667,0.0,0.0,0.0,0,0,1,1,1,0,0.12128462642431259,0.15162323415279388,0.0,nan,0.0,0.0,nan,0.0,0,nan,0.0,0.0,0.0,0.27991774678230286,0.23278236389160156,2,2,nan,nan
3200001,OP9,9400000,OP9:9400000,12,tied,,12,0.95,0.0,0.0,0.0,0,0,1,1,1,0,0.10495305061340332,0.2242005169391632,0.0,nan,0.0,0.0,nan,0.0,0,nan,0.0,0.0,0.0,0.22663822770118713,0.1783323585987091,2,2,nan,nan
3200001,OP9,9400000,OP9:9400000,13,tied,,13,0.9458333333333333,0.0,0.0,0.0,0,0,1,1,1,1,0.13034558296203613,0.32623204588890076,0.0,nan,0.0,0.0,nan,0.0,0,nan,0.0,0.0,0.0,0.21652579307556152,0.12388236820697784,2,2,nan,nan
3200001,OP9,9400000,OP9:9400000,14,tied,,14,0.9416666666666667,0.0,0.0,0.0,0,0,0,1,1,1,0.15573816001415253,0.42925208806991577,0.0,nan,0.0,0.0,nan,0.0,0,nan,0.0,0.0,0.0,0.2696114182472229,0.06943236291408539,2,2,nan,nan
3200001,OP9,9400000,OP9:9400000,15,tied,,15,0.9375,0.0,0.0,0.0,0,0,0,1,1,1,0.12962989509105682,0.46849775314331055,0.0,nan,0.0,0.0,nan,0.0,0,nan,0.0,0.0,0.0,0.323249876499176,0.08300315588712692,2,2,nan,nan
3200001,OP9,9400000,OP9:9400000,16,tied,,16,0.9333333333333333,0.0,0.0,0.0,0,0,0,1,1,1,0.12573972344398499,0.4699334502220154,0.0,nan,0.0,0.0,nan,0.0,0,nan,0.0,0.0,0.0,0.3767559230327606,0.13744141161441803,2,2,nan,nan
3200001,OP9,9400000,OP9:9400000,17,tied,,17,0.9291666666666667,0.0,0.0,0.0,0,0,0,1,1,1,0.05313859134912491,0.44838947057724,0.0,nan,0.0,0.0,nan,0.0,0,nan,0.0,0.0,0.0,0.4301782250404358,0.1918863207101822,2,2,nan,nan
3200001,OP9,9400000,OP9:9400000,18,tied,,18,0.925,0.0,0.0,0.0,0,0,0,0,1,1,0.022953128442168236,0.4287831783294678,0.0,nan,0.0,0.0,nan,0.0,1,nan,1.0,0.0,0.0,0.48362842202186584,0.23204784095287323,2,2,nan,nan
3200001,OP9,9400000,OP9:9400000,19,tied,,19,0.9208333333333334,0.0,0.0,0.0,0,0,1,0,1,1,0.016445016488432884,0.403418630361557,0.0,nan,0.0,0.0,nan,0.0,0,nan,0.0,0.0,0.0,0.533805787563324,0.2771311402320862,2,2,nan,nan
3200001,OP9,9400000,OP9:9400000,20,tied,,20,0.9166666666666666,0.0,0.0,0.0,0,0,1,0,1,1,0.014196681790053844,0.3140476644039154,0.0,nan,0.0,0.0,nan,0.0,0,nan,0.0,0.0,0.0,0.5828439593315125,0.32509493827819824,2,2,nan,nan
3200001,OP9,9400000,OP9:9400000,21,tied,,21,0.9125,0.0,0.0,0.0,0,0,1,0,1,1,0.009911012835800648,0.20638258755207062,0.0,nan,0.0,0.0,nan,0.0,0,nan,0.0,0.0,0.0,0.6082273721694946,0.3748351037502289,2,2,nan,nan
3200001,OP9,9400000,OP9:9400000,22,tied,,22,0.9083333333333333,0.0,0.0,0.0,0,0,1,0,1,2,0.005625390913337469,0.09872268885374069,0.0,nan,0.0,0.0,nan,0.0,0,nan,0.0,0.0,0.0,0.5733296275138855,0.42572957277297974,2,2,nan,nan
3200001,OP9,9400000,OP9:9400000,23,tied,,23,0.9041666666666667,0.0,0.0,0.0,0,0,1,0,1,2,0.008685683831572533,0.05911882966756821,0.0,nan,0.0,0.0,nan,0.0,0,nan,0.0,0.0,0.0,0.5459595322608948,0.4433141350746155,2,2,nan,nan
3200001,OP9,9400000,OP9:9400000,24,tied,,24,0.9,0.0,0.0,0.0,0,0,1,0,1,1,0.015321588143706322,0.14904111623764038,0.0,nan,0.0,0.0,nan,0.0,0,nan,0.0,0.0,0.0,0.49906912446022034,0.38886409997940063,2,2,nan,nan
3200001,OP9,9400000,OP9:9400000,25,tied,,25,0.8958333333333334,0.0,0.0,0.0,0,0,1,0,1,1,0.0161606315523386,0.25691917538642883,0.0,nan,0.0,0.0,nan,0.0,0,nan,0.0,0.0,0.0,0.48016786575317383,0.33441415429115295,2,2,nan,nan
3200001,OP9,9400000,OP9:9400000,26,tied,,26,0.8916666666666666,0.0,0.0,0.0,0,0,1,0,1,1,0.01699967309832573,0.3649654686450958,0.0,nan,0.0,0.0,nan,0.0,0,nan,0.0,0.0,0.0,0.49432697892189026,0.2799641489982605,2,2,nan,nan
3200001,OP9,9400000,OP9:9400000,27,tied,dropped_the_flag|tagged_while_carrying,27,0.8875,0.0,0.0,0.0,1,0,1,0,1,1,0.017838764935731888,0.47306472063064575,1.0,0.1057443767786026,1.0,0.0,0.47306472063064575,1.0,0,inf,0.0,0.0,0.0,0.547515869140625,0.22551414370536804,2,2,nan,nan
3200001,OP9,9400000,OP9:9400000,28,tied,,28,0.8833333333333333,0.0,0.0,0.0,0,0,2,0,1,1,0.06638016551733017,0.5307285785675049,0.0,nan,0.0,0.0,nan,0.0,0,nan,0.0,0.0,0.0,0.6013768911361694,0.17106416821479797,2,2,nan,nan
3200001,OP9,9400000,OP9:9400000,29,tied,,29,0.8791666666666667,0.0,0.0,0.0,0,0,2,0,1,1,0.06663183867931366,0.5307879447937012,0.0,nan,0.0,0.0,nan,0.0,0,nan,0.0,0.0,0.0,0.6247892379760742,0.11661416292190552,2,2,nan,nan
3200001,OP9,9400000,OP9:9400000,30,tied,,30,0.875,0.0,0.0,0.0,0,0,1,0,1,1,0.05616564676165581,0.5294463038444519,0.0,nan,0.0,0.0,nan,0.0,0,nan,0.0,0.0,0.0,0.6402426958084106,0.06216416880488396,2,2,nan,nan
3200001,OP9,9400000,OP9:9400000,31,tied,,31,0.8708333333333333,0.0,0.0,0.0,0,0,1,0,0,1,0.10465411841869354,0.4956555962562561,0.0,nan,0.0,0.0,nan,0.0,0,nan,0.0,0.0,0.0,0.6158851385116577,0.07763291150331497,2,2,nan,nan
3200001,OP9,9400000,OP9:9400000,32,tied,,32,0.8666666666666667,0.0,0.0,0.0,0,0,1,0,0,1,0.11857733875513077,0.3971211314201355,0.0,nan,0.0,0.0,nan,0.0,0,nan,0.0,0.0,0.0,0.5565862655639648,0.12756933271884918,2,2,nan,nan
3200001,OP9,9400000,OP9:9400000,33,tied,,33,0.8625,0.0,0.0,0.0,0,0,1,0,0,1,0.1198434829711914,0.29595834016799927,0.0,nan,0.0,0.0,nan,0.0,0,nan,0.0,0.0,0.0,0.5158860087394714,0.17623132467269897,2,2,nan,nan
3200001,OP9,9400000,OP9:9400000,34,tied,,34,0.8583333333333334,0.0,0.0,0.0,0,0,1,0,0,0,0.08302731812000275,0.19142629206180573,0.0,nan,0.0,0.0,nan,0.0,0,nan,0.0,0.0,0.0,0.467890202999115,0.20538708567619324,2,2,nan,nan
3200001,OP9,9400000,OP9:9400000,35,tied,,35,0.8541666666666666,0.0,0.0,0.0,0,0,1,0,0,0,0.04621114581823349,0.08754783123731613,0.0,nan,0.0,0.0,nan,0.0,0,nan,0.0,0.0,0.0,0.46278858184814453,0.24339234828948975,2,2,nan,nan
3200001,OP9,9400000,OP9:9400000,36,tied,,36,0.85,0.0,0.0,0.0,0,0,1,0,0,0,0.027775907889008522,0.07555624097585678,0.0,nan,0.0,0.0,nan,0.0,0,nan,0.0,0.0,0.0,0.5103782415390015,0.24148523807525635,2,2,nan,nan
3200001,OP9,9400000,OP9:9400000,37,tied,,37,0.8458333333333333,0.0,0.0,0.0,0,0,1,0,0,0,0.019725274294614792,0.16101574897766113,0.0,nan,0.0,0.0,nan,0.0,0,nan,0.0,0.0,0.0,0.47916364669799805,0.1870352327823639,2,2,nan,nan
3200001,OP9,9400000,OP9:9400000,38,tied,,38,0.8416666666666667,0.0,0.0,0.0,0,0,1,0,0,0,0.020897483453154564,0.26874053478240967,0.0,nan,0.0,0.0,nan,0.0,0,nan,0.0,0.0,0.0,0.425232470035553,0.13258524239063263,2,2,nan,nan
3200001,OP9,9400000,OP9:9400000,39,tied,,39,0.8375,0.0,0.0,0.0,0,0,0,0,0,1,0.022069741040468216,0.3766976594924927,0.0,nan,0.0,0.0,nan,0.0,0,nan,0.0,0.0,0.0,0.3718469738960266,0.07813523709774017,2,2,nan,nan
3200001,OP9,9400000,OP9:9400000,40,tied,,40,0.8333333333333334,0.0,0.0,0.0,0,0,0,0,0,1,0.03658261150121689,0.4450865387916565,0.0,nan,0.0,0.0,nan,0.0,1,nan,1.0,0.0,0.0,0.3769046664237976,0.08978558331727982,2,2,nan,nan
3200001,OP9,9400000,OP9:9400000,41,tied,,41,0.8291666666666666,0.0,0.0,0.0,0,0,0,0,0,1,0.09424488246440887,0.4900369644165039,0.0,nan,0.0,0.0,nan,0.0,1,nan,1.0,0.0,0.0,0.4300578534603119,0.1403426229953766,2,2,nan,nan
3200001,OP9,9400000,OP9:9400000,42,tied,,42,0.825,0.0,0.0,0.0,0,0,0,0,0,1,0.15190711617469788,0.5400038361549377,0.0,nan,0.0,0.0,nan,0.0,1,nan,1.0,0.0,0.0,0.48396357893943787,0.19302915036678314,2,2,nan,nan
3200001,OP9,9400000,OP9:9400000,43,tied,,43,0.8208333333333333,0.0,0.0,0.0,0,0,0,0,0,1,0.14721600711345673,0.5393930077552795,0.0,nan,0.0,0.0,nan,0.0,1,nan,1.0,0.0,0.0,0.5129795670509338,0.2171335518360138,2,2,nan,nan
3200001,OP9,9400000,OP9:9400000,44,tied,dropped_the_flag|tagged_while_carrying,44,0.8166666666666667,0.0,0.0,0.0,1,0,0,0,0,1,0.1382242739200592,0.5281581282615662,1.0,0.07695534080266953,1.0,0.0,0.5281581282615662,1.0,1,0.14732025563716888,1.0,0.0,0.0,0.5667620897293091,0.24852240085601807,2,2,-0.3808378726243973,0.0
3200001,OP9,9400000,OP9:9400000,45,tied,,45,0.8125,0.0,0.0,0.0,0,0,1,0,0,1,0.17607112228870392,0.5047374963760376,0.0,nan,0.0,0.0,nan,0.0,0,nan,0.0,0.0,0.0,0.6205018758773804,0.2865312099456787,2,2,nan,nan
3200001,OP9,9400000,OP9:9400000,46,tied,,46,0.8083333333333333,0.0,0.0,0.0,0,0,1,0,0,1,0.20466716587543488,0.41060614585876465,0.0,nan,0.0,0.0,nan,0.0,0,nan,0.0,0.0,0.0,0.6681545972824097,0.32954150438308716,2,2,nan,nan
3200001,OP9,9400000,OP9:9400000,47,tied,,47,0.8041666666666667,0.0,0.0,0.0,0,0,1,0,0,1,0.18367305397987366,0.3096545338630676,0.0,nan,0.0,0.0,nan,0.0,0,nan,0.0,0.0,0.0,0.6687357425689697,0.3755325376987457,2,2,nan,nan
3200001,OP9,9400000,OP9:9400000,48,tied,,48,0.8,0.0,0.0,0.0,0,0,1,0,0,2,0.16267895698547363,0.21635551750659943,0.0,nan,0.0,0.0,nan,0.0,0,nan,0.0,0.0,0.0,0.6229010820388794,0.4235343933105469,2,2,nan,nan
3200001,OP9,9400000,OP9:9400000,49,tied,,49,0.7958333333333334,0.0,0.0,0.0,0,0,1,0,0,2,0.1416848599910736,0.14618055522441864,0.0,nan,0.0,0.0,nan,0.0,1,nan,1.0,0.0,0.0,0.5755020976066589,0.47293514013290405,2,2,nan,nan
3200001,OP9,9400000,OP9:9400000,50,tied,,50,0.7916666666666666,0.0,0.0,0.0,0,0,1,0,0,2,0.12069077789783478,0.13986805081367493,0.0,nan,0.0,0.0,nan,0.0,1,nan,1.0,0.0,0.0,0.52678382396698,0.45337414741516113,2,2,nan,nan
3200001,OP9,9400000,OP9:9400000,51,tied,,51,0.7875,0.0,0.0,0.0,0,0,1,0,0,1,0.09969668090343475,0.20345184206962585,0.0,nan,0.0,0.0,nan,0.0,1,nan,1.0,0.0,0.0,0.5233242511749268,0.3989241421222687,2,2,nan,nan
3200001,OP9,9400000,OP9:9400000,52,tied,,52,0.7833333333333333,0.0,0.0,0.0,0,0,2,0,0,1,0.07870254665613174,0.294715940952301,0.0,nan,0.0,0.0,nan,0.0,0,nan,0.0,0.0,0.0,0.5377210378646851,0.3444741368293762,2,2,nan,nan
3200001,OP9,9400000,OP9:9400000,53,tied,,53,0.7791666666666667,0.0,0.0,0.0,0,0,2,0,0,1,0.017412567511200905,0.33110788464546204,0.0,nan,0.0,0.0,nan,0.0,0,nan,0.0,0.0,0.0,0.5774397850036621,0.29002416133880615,2,2,nan,nan
3200001,OP9,9400000,OP9:9400000,54,tied,,54,0.775,0.0,0.0,0.0,0,0,2,0,0,1,0.01094961166381836,0.33034202456474304,0.0,nan,0.0,0.0,nan,0.0,0,nan,0.0,0.0,0.0,0.606793224811554,0.2355741560459137,2,2,nan,nan
3200001,OP9,9400000,OP9:9400000,55,tied,,55,0.7708333333333334,0.0,0.0,0.0,0,0,2,0,0,1,0.005622005555778742,0.3297492563724518,0.0,nan,0.0,0.0,nan,0.0,0,nan,0.0,0.0,0.0,0.5921009182929993,0.18112416565418243,2,2,nan,nan
3200001,OP9,9400000,OP9:9400000,56,tied,,56,0.7666666666666666,0.0,0.0,0.0,0,0,2,0,0,1,0.00029439927311614156,0.3292422592639923,0.0,nan,0.0,0.0,nan,0.0,0,nan,0.0,0.0,0.0,0.5475165843963623,0.12667417526245117,2,2,nan,nan
3200001,OP9,9400000,OP9:9400000,57,tied,,57,0.7625,0.0,0.0,0.0,0,0,1,0,0,1,0.005033159162849188,0.32882148027420044,0.0,nan,0.0,0.0,nan,0.0,0,nan,0.0,0.0,0.0,0.4976390302181244,0.07222418487071991,2,2,nan,nan
3200001,OP9,9400000,OP9:9400000,58,tied,,58,0.7583333333333333,0.0,0.0,0.0,0,0,1,0,0,0,0.05746970325708389,0.27945536375045776,0.0,nan,0.0,0.0,nan,0.0,0,nan,0.0,0.0,0.0,0.445301353931427,0.0851408839225769,2,2,nan,nan
3200001,OP9,9400000,OP9:9400000,59,tied,,59,0.7541666666666667,0.0,0.0,0.0,0,0,1,0,0,0,0.061034489423036575,0.17583754658699036,0.0,nan,0.0,0.0,nan,0.0,0,nan,0.0,0.0,0.0,0.39321914315223694,0.1362379938364029,2,2,nan,nan
3200001,OP9,9400000,OP9:9400000,60,tied,,60,0.75,0.0,0.0,0.0,0,0,1,0,0,0,0.054650165140628815,0.07840360701084137,0.0,nan,0.0,0.0,nan,0.0,0,nan,0.0,0.0,0.0,0.34044474363327026,0.18662619590759277,2,2,nan,nan
3200001,OP9,9400000,OP9:9400000,61,tied,,61,0.7458333333333333,0.0,0.0,0.0,0,0,1,1,1,0,0.048265837132930756,0.07129192352294922,0.0,nan,0.0,0.0,nan,0.0,0,nan,0.0,0.0,0.0,0.32555365562438965,0.18282100558280945,2,2,nan,nan
3200001,OP9,9400000,OP9:9400000,62,tied,,62,0.7416666666666667,0.0,0.0,0.0,0,0,1,1,1,0,0.041881561279296875,0.1665085256099701,0.0,nan,0.0,0.0,nan,0.0,0,nan,0.0,0.0,0.0,0.3552006185054779,0.128371000289917,2,2,nan,nan
3200001,OP9,9400000,OP9:9400000,63,tied,,63,0.7375,0.0,0.0,0.0,0,0,0,1,1,0,0.035497285425662994,0.27216678857803345,0.0,nan,0.0,0.0,nan,0.0,0,nan,0.0,0.0,0.0,0.35518965125083923,0.07392099499702454,2,2,nan,nan
3200001,OP9,9400000,OP9:9400000,64,tied,,64,0.7333333333333334,0.0,0.0,0.0,0,0,0,1,1,0,0.08491096645593643,0.3432255983352661,0.0,nan,0.0,0.0,nan,0.0,0,nan,0.0,0.0,0.0,0.302581250667572,0.08645839989185333,2,2,nan,nan
3200001,OP9,9400000,OP9:9400000,65,tied,,65,0.7291666666666667,0.0,0.0,0.0,0,0,0,1,1,1,0.07423963397741318,0.33087053894996643,0.0,nan,0.0,0.0,nan,0.0,0,nan,0.0,0.0,0.0,0.24870114028453827,0.14077642560005188,2,2,nan,nan
3200001,OP9,9400000,OP9:9400000,66,tied,,66,0.725,0.0,0.0,0.0,0,0,0,1,1,1,0.06356830894947052,0.3187153935432434,0.0,nan,0.0,0.0,nan,0.0,0,nan,0.0,0.0,0.0,0.2503204941749573,0.19516801834106445,2,2,nan,nan
3200001,OP9,9400000,OP9:9400000,67,tied,,67,0.7208333333333333,0.0,0.0,0.0,0,0,0,1,1,1,0.010349750518798828,0.2931978702545166,0.0,nan,0.0,0.0,nan,0.0,0,nan,0.0,0.0,0.0,0.3042641282081604,0.2342972755432129,2,2,nan,nan
3200001,OP9,9400000,OP9:9400000,68,tied,,68,0.7166666666666667,0.0,0.0,0.0,0,0,0,0,1,1,0.042868804186582565,0.2770552933216095,0.0,nan,0.0,0.0,nan,0.0,1,nan,1.0,0.0,0.0,0.34205055236816406,0.2786206603050232,2,2,nan,nan
3200001,OP9,9400000,OP9:9400000,69,tied,,69,0.7125,0.0,0.0,0.0,0,0,0,0,1,1,0.024814223870635033,0.26769858598709106,0.0,nan,0.0,0.0,nan,0.0,1,nan,1.0,0.0,0.0,0.38209089636802673,0.32602658867836,2,2,nan,nan
3200001,OP9,9400000,OP9:9400000,70,tied,,70,0.7083333333333333,0.0,0.0,0.0,0,0,1,0,1,1,0.01813025400042534,0.22292570769786835,0.0,nan,0.0,0.0,nan,0.0,0,nan,0.0,0.0,0.0,0.4312836229801178,0.37534892559051514,2,2,nan,nan
3200001,OP9,9400000,OP9:9400000,71,tied,,71,0.7041666666666666,0.0,0.0,0.0,0,0,1,0,1,2,0.02269611321389675,0.11874818801879883,0.0,nan,0.0,0.0,nan,0.0,0,nan,0.0,0.0,0.0,0.4851120114326477,0.4259223937988281,2,2,nan,nan
3200001,OP9,9400000,OP9:9400000,72,tied,,72,0.7,0.0,0.0,0.0,0,0,1,0,1,2,0.0809294730424881,0.08307982981204987,0.0,nan,0.0,0.0,nan,0.0,0,nan,0.0,0.0,0.0,0.5305787324905396,0.46859878301620483,2,2,nan,nan
3200001,OP9,9400000,OP9:9400000,73,tied,,73,0.6958333333333333,0.0,0.0,0.0,0,0,2,0,1,2,0.06638383865356445,0.11042654514312744,0.0,nan,0.0,0.0,nan,0.0,0,nan,0.0,0.0,0.0,0.5306068658828735,0.42648157477378845,2,2,nan,nan
3200001,OP9,9400000,OP9:9400000,74,tied,,74,0.6916666666666667,0.0,0.0,0.0,0,0,2,0,1,1,0.012115431018173695,0.13540662825107574,0.0,nan,0.0,0.0,nan,0.0,0,nan,0.0,0.0,0.0,0.5132022500038147,0.3720315396785736,2,2,nan,nan
3200001,OP9,9400000,OP9:9400000,75,tied,,75,0.6875,0.0,0.0,0.0,0,0,2,0,1,1,0.010711908340454102,0.13529643416404724,0.0,nan,0.0,0.0,nan,0.0,0,nan,0.0,0.0,0.0,0.4912072718143463,0.31758156418800354,2,2,nan,nan
3200001,OP9,9400000,OP9:9400000,76,tied,,76,0.6833333333333333,0.0,0.0,0.0,0,0,2,0,1,0,0.009308338165283203,0.13520073890686035,0.0,nan,0.0,0.0,nan,0.0,0,nan,0.0,0.0,0.0,0.4654920697212219,0.2631315588951111,2,2,nan,nan
3200001,OP9,9400000,OP9:9400000,77,tied,,77,0.6791666666666667,0.0,0.0,0.0,0,0,2,0,1,0,0.007904767990112305,0.13511954247951508,0.0,nan,0.0,0.0,nan,0.0,0,nan,0.0,0.0,0.0,0.4146166741847992,0.20868153870105743,2,2,nan,nan
3200001,OP9,9400000,OP9:9400000,78,tied,,78,0.675,0.0,0.0,0.0,0,0,2,0,1,0,0.006501245312392712,0.1350528746843338,0.0,nan,0.0,0.0,nan,0.0,0,nan,0.0,0.0,0.0,0.36306774616241455,0.15423151850700378,2,2,nan,nan
3200001,OP9,9400000,OP9:9400000,79,tied,,79,0.6708333333333334,0.0,0.0,0.0,0,0,1,0,1,0,0.005097723100334406,0.13500075042247772,0.0,nan,0.0,0.0,nan,0.0,0,nan,0.0,0.0,0.0,0.3429277539253235,0.09978152066469193,2,2,nan,nan
3200001,OP9,9400000,OP9:9400000,80,tied,,80,0.6666666666666667,0.0,0.0,0.0,0,0,1,0,1,0,0.05809793621301651,0.10486392676830292,0.0,nan,0.0,0.0,nan,0.0,0,nan,0.0,0.0,0.0,0.28898847103118896,0.10785789787769318,2,2,nan,nan
3200001,OP9,9400000,OP9:9400000,81,tied,,81,0.6625,0.0,0.0,0.0,0,0,1,0,1,0,0.08687720447778702,0.08780262619256973,0.0,nan,0.0,0.0,nan,0.0,0,nan,0.0,0.0,0.0,0.23522000014781952,0.12582460045814514,2,2,nan,nan
3200001,OP9,9400000,OP9:9400000,82,tied,,82,0.6583333333333333,0.0,0.0,0.0,0,0,0,0,0,0,0.11565647274255753,0.16150496900081635,0.0,nan,0.0,0.0,nan,0.0,0,nan,0.0,0.0,0.0,0.18248042464256287,0.07137459516525269,2,2,nan,nan
3200001,OP9,9400000,OP9:9400000,83,tied,,83,0.6541666666666667,0.0,0.0,0.0,0,0,0,1,2,0,0.05069715902209282,0.17887409031391144,0.0,nan,0.0,0.0,nan,0.0,0,nan,0.0,0.0,0.0,0.1607827991247177,0.08448632806539536,2,2,nan,nan
3200001,OP9,9400000,OP9:9400000,84,tied,,84,0.65,0.0,0.0,0.0,0,0,0,1,2,0,0.028092622756958008,0.17404243350028992,0.0,nan,0.0,0.0,nan,0.0,0,nan,0.0,0.0,0.0,0.15839973092079163,0.13549849390983582,2,2,nan,nan
3200001,OP9,9400000,OP9:9400000,85,tied,,85,0.6458333333333333,0.0,0.0,0.0,0,0,0,1,2,0,0.02286248281598091,0.17248770594596863,0.0,nan,0.0,0.0,nan,0.0,0,nan,0.0,1.0,0.0,0.10734524577856064,0.18304677307605743,2,2,nan,nan
3200001,OP9,9400000,OP9:9400000,86,tied,,86,0.6416666666666666,0.0,0.0,0.0,0,0,0,1,2,0,0.017632341012358665,0.1710825115442276,0.0,nan,0.0,0.0,nan,0.0,0,nan,0.0,1.0,0.0,0.09238068759441376,0.23362794518470764,2,2,nan,nan
3200001,OP9,9400000,OP9:9400000,87,tied,,87,0.6375,0.0,0.0,0.0,0,1,0,1,2,1,0.04127473756670952,0.14064869284629822,0.0,nan,0.0,0.0,nan,0.0,0,nan,0.0,1.0,1.0,0.0,0.250444620847702,2,2,nan,nan
3200001,OP9,9400000,OP9:9400000,88,tied,,88,0.6333333333333333,0.0,0.0,0.0,0,1,0,1,2,0,0.0424189567565918,0.049885816872119904,0.0,nan,0.0,0.0,nan,0.0,0,nan,0.0,1.0,1.0,0.0,0.32762470841407776,2,2,nan,nan
3200001,OP9,9400000,OP9:9400000,89,tied,,89,0.6291666666666667,0.0,0.0,0.0,0,1,0,1,2,0,0.043563127517700195,0.09280912578105927,0.0,nan,0.0,0.0,nan,0.0,0,nan,0.0,1.0,1.0,0.0,0.2750057578086853,2,2,nan,nan
3200001,OP9,9400000,OP9:9400000,90,tied,,90,0.625,0.0,0.0,0.0,0,1,0,1,2,1,0.09648256003856659,0.19093522429466248,0.0,nan,0.0,0.0,nan,0.0,0,nan,0.0,1.0,1.0,0.0,0.19158945977687836,2,2,nan,nan
3200001,OP9,9400000,OP9:9400000,91,tied,,91,0.6208333333333333,0.0,0.0,0.0,0,1,0,1,2,1,0.08984396606683731,0.2252856194972992,0.0,nan,0.0,0.0,nan,0.0,0,nan,0.0,1.0,1.0,0.0,0.13412050902843475,2,2,nan,nan
3200001,OP9,9400000,OP9:9400000,92,tied,,92,0.6166666666666667,0.0,0.0,0.0,0,1,0,1,2,1,0.116415835916996,0.2182369977235794,0.0,nan,0.0,0.0,nan,0.0,0,nan,0.0,1.0,1.0,0.0,0.15533272922039032,2,2,nan,nan
3200001,OP9,9400000,OP9:9400000,93,tied,,93,0.6125,0.0,0.0,0.0,0,1,0,0,2,1,0.14298765361309052,0.2165212631225586,0.0,nan,0.0,0.0,nan,0.0,1,nan,1.0,1.0,1.0,0.0,0.1682012528181076,2,2,nan,nan
3200001,OP9,9400000,OP9:9400000,94,tied,,94,0.6083333333333334,0.0,0.0,0.0,0,1,0,0,2,1,0.10023891925811768,0.18975648283958435,0.0,nan,0.0,0.0,nan,0.0,2,nan,1.0,1.0,1.0,0.0,0.17414610087871552,2,2,nan,nan
3200001,OP9,9400000,OP9:9400000,95,tied,,95,0.6041666666666667,0.0,0.0,0.0,0,1,1,0,2,2,0.07592759281396866,0.16530634462833405,0.0,nan,0.0,0.0,nan,0.0,1,nan,1.0,1.0,1.0,0.0,0.20318515598773956,2,2,nan,nan
3200001,OP9,9400000,OP9:9400000,96,tied,,96,0.6,0.0,0.0,0.0,0,1,1,0,2,2,0.04787890985608101,0.07703910768032074,0.0,nan,0.0,0.0,nan,0.0,1,nan,1.0,1.0,1.0,0.0,0.2222207486629486,2,2,nan,nan
3200001,OP9,9400000,OP9:9400000,97,tied,,97,0.5958333333333333,0.0,0.0,0.0,0,1,1,0,2,2,0.05116624757647514,0.06841741502285004,0.0,nan,0.0,0.0,nan,0.0,1,nan,1.0,1.0,1.0,0.0,0.16748130321502686,2,2,nan,nan
3200001,OP9,9400000,OP9:9400000,98,tied,,98,0.5916666666666667,0.0,0.0,0.0,0,1,1,0,2,2,0.05445356294512749,0.16070088744163513,0.0,nan,0.0,0.0,nan,0.0,1,nan,1.0,1.0,1.0,0.0,0.1798216998577118,2,2,nan,nan
3200001,OP9,9400000,OP9:9400000,99,tied,,99,0.5875,0.0,0.0,0.0,0,1,1,0,2,1,0.05774087831377983,0.26337525248527527,0.0,nan,0.0,0.0,nan,0.0,1,nan,1.0,1.0,1.0,0.0,0.23865850269794464,2,2,nan,nan
3200001,OP9,9400000,OP9:9400000,100,tied,,100,0.5833333333333333,0.0,0.0,0.0,1,1,1,0,2,1,0.060721587389707565,0.36669331789016724,1.0,0.08891739696264267,1.0,0.0,0.36669331789016724,1.0,1,0.26072195172309875,1.0,1.0,1.0,0.0,0.26072195172309875,2,2,-0.10597136616706848,0.0
3200001,OP9,9400000,OP9:9400000,101,tied,,101,0.5791666666666666,0.0,0.0,0.0,1,1,1,0,2,1,0.10358385741710663,0.4213441014289856,1.0,0.07524549961090088,1.0,0.0,0.4213441014289856,1.0,1,0.26600152254104614,1.0,1.0,1.0,0.0,0.26600152254104614,2,2,-0.15534257888793945,0.0
3200001,OP9,9400000,OP9:9400000,102,tied,,102,0.575,0.0,0.0,0.0,1,1,1,0,2,1,0.10715293884277344,0.40167030692100525,1.0,0.07399038225412369,1.0,0.0,0.40167030692100525,1.0,1,0.24442383646965027,1.0,1.0,1.0,0.0,0.24442383646965027,2,2,-0.15724647045135498,0.0
3200001,OP9,9400000,OP9:9400000,103,tied,,103,0.5708333333333333,0.0,0.0,0.0,1,1,1,0,2,1,0.09101991355419159,0.3967558741569519,1.0,0.06945913285017014,1.0,0.0,0.3967558741569519,1.0,1,0.24810990691184998,1.0,1.0,1.0,0.0,0.24810990691184998,2,2,-0.14864596724510193,0.0
3200001,OP9,9400000,OP9:9400000,104,tied,,104,0.5666666666666667,0.0,0.0,0.0,1,1,1,0,0,1,0.07488694041967392,0.39244580268859863,1.0,0.06668229401111603,1.0,0.0,0.39244580268859863,1.0,1,0.28077462315559387,1.0,1.0,1.0,0.0,0.28077462315559387,2,2,-0.11167117953300476,0.0
3200001,OP9,9400000,OP9:9400000,105,tied,capture_conceded,105,0.5625,0.0,0.0,0.0,1,1,0,0,0,1,0.05875387042760849,0.38876020908355713,1.0,0.082412950694561,1.0,0.0,0.38876020908355713,1.0,1,0.3189677596092224,1.0,1.0,1.0,0.0,0.3189677596092224,2,2,-0.06979244947433472,0.0
3200001,OP9,9400000,OP9:9400000,106,trailing,,106,0.5583333333333333,0.0,1.0,-1.0,1,0,0,0,0,1,0.00041894911555573344,0.32526546716690063,1.0,0.09200309962034225,1.0,0.0,0.32526546716690063,1.0,1,0.3500519394874573,1.0,0.0,0.0,0.5024937391281128,0.09183348715305328,2,2,0.02478647232055664,1.0
3200001,OP9,9400000,OP9:9400000,107,trailing,,107,0.5541666666666667,0.0,1.0,-1.0,1,0,0,0,0,0,0.007012319751083851,0.21672804653644562,1.0,0.09675021469593048,1.0,1.0,0.21672804653644562,0.0,1,0.349722295999527,1.0,0.0,0.0,0.4529748558998108,0.14366844296455383,2,2,0.13299424946308136,1.0
3200001,OP9,9400000,OP9:9400000,108,trailing,,108,0.55,0.0,1.0,-1.0,1,0,0,0,0,0,0.010185671038925648,0.10844661295413971,1.0,0.09899462759494781,1.0,1.0,0.10844661295413971,0.0,1,0.34963101148605347,1.0,0.0,0.0,0.4008047580718994,0.1962338536977768,2,2,0.24118439853191376,1.0
3200001,OP9,9400000,OP9:9400000,109,trailing,,109,0.5458333333333334,0.0,1.0,-1.0,1,0,0,1,2,0,0.05995216220617294,0.06001769378781319,1.0,0.10622541606426239,1.0,1.0,0.06001769378781319,0.0,1,0.35116130113601685,1.0,0.0,0.0,0.3474067747592926,0.24519610404968262,2,2,0.29114360734820366,1.0
3200001,OP9,9400000,OP9:9400000,110,trailing,,110,0.5416666666666667,0.0,1.0,-1.0,1,0,0,1,2,0,0.026715755462646484,0.0639108270406723,1.0,0.15291260182857513,1.0,1.0,0.0639108270406723,0.0,1,0.3515912890434265,1.0,0.0,0.0,0.3429684042930603,0.19074609875679016,2,2,0.2876804620027542,1.0
3200001,OP9,9400000,OP9:9400000,111,trailing,,111,0.5375,0.0,1.0,-1.0,1,0,0,1,2,0,0.003096342086791992,0.08649290353059769,1.0,0.2607704997062683,0.0,1.0,0.08649290353059769,0.0,1,0.3520428538322449,1.0,0.0,0.0,0.3964793384075165,0.1362961083650589,2,2,0.2655499503016472,1.0
3200001,OP9,9400000,OP9:9400000,112,trailing,,112,0.5333333333333333,0.0,1.0,-1.0,1,0,0,1,2,0,0.0008435726049356163,0.09382311999797821,1.0,0.35250985622406006,0.0,1.0,0.09382311999797821,0.0,1,0.35250985622406006,1.0,0.0,0.0,0.43431609869003296,0.08184609562158585,2,2,0.25868673622608185,1.0
3200001,OP9,9400000,OP9:9400000,113,trailing,,113,0.5291666666666667,0.0,1.0,-1.0,1,0,0,1,2,0,7.967949204612523e-05,0.08729752153158188,1.0,0.3431074023246765,0.0,1.0,0.08729752153158188,0.0,1,0.3431074023246765,1.0,0.0,0.0,0.3803730309009552,0.037280887365341187,2,2,0.25580988079309464,1.0
3200001,OP9,9400000,OP9:9400000,114,tied,,114,0.525,1.0,1.0,0.0,0,0,0,1,2,0,0.0002476215304341167,0.060062848031520844,0.0,nan,0.0,0.0,nan,0.0,1,nan,1.0,0.0,0.0,0.3264288902282715,0.016981448978185654,2,2,nan,nan
3200001,OP9,9400000,OP9:9400000,115,tied,,115,0.5208333333333333,1.0,1.0,0.0,0,0,0,1,2,0,0.021098852157592773,0.07939717173576355,0.0,nan,0.0,0.0,nan,0.0,1,nan,1.0,0.0,0.0,0.32394593954086304,0.03427091985940933,2,2,nan,nan
3200001,OP9,9400000,OP9:9400000,116,tied,,116,0.5166666666666666,1.0,1.0,0.0,0,0,0,0,2,0,0.007272386457771063,0.10644755512475967,0.0,nan,0.0,0.0,nan,0.0,2,nan,1.0,0.0,0.0,0.2709257900714874,0.08120198547840118,2,2,nan,nan
3200001,OP9,9400000,OP9:9400000,117,tied,,117,0.5125,1.0,1.0,0.0,0,0,0,0,2,0,0.007629775907844305,0.10643260180950165,0.0,nan,0.0,0.0,nan,0.0,2,nan,1.0,0.0,0.0,0.2582550644874573,0.09524800628423691,2,2,nan,nan
3200001,OP9,9400000,OP9:9400000,118,tied,,118,0.5083333333333333,1.0,1.0,0.0,0,0,0,0,2,0,0.007987165823578835,0.10641888529062271,0.0,nan,0.0,0.0,nan,0.0,2,nan,1.0,0.0,0.0,0.20437972247600555,0.13221272826194763,2,2,nan,nan
3200001,OP9,9400000,OP9:9400000,119,tied,,119,0.5041666666666667,1.0,1.0,0.0,0,0,0,0,2,0,0.008344506844878197,0.10640636831521988,0.0,nan,0.0,0.0,nan,0.0,2,nan,1.0,0.0,0.0,0.15044459700584412,0.1783755123615265,2,2,nan,nan
3200001,OP9,9400000,OP9:9400000,120,tied,,120,0.5,1.0,1.0,0.0,0,0,0,0,2,0,0.008701896294951439,0.10639508068561554,0.0,nan,0.0,0.0,nan,0.0,2,nan,1.0,1.0,0.0,0.13724903762340546,0.22822150588035583,2,2,nan,nan
3200001,OP9,9400000,OP9:9400000,121,tied,,121,0.49583333333333335,1.0,1.0,0.0,0,0,1,0,2,0,0.025290776044130325,0.1096283569931984,0.0,nan,0.0,0.0,nan,0.0,1,nan,1.0,1.0,0.0,0.08353709429502487,0.28258228302001953,2,2,nan,nan
3200001,OP9,9400000,OP9:9400000,122,tied,,122,0.4916666666666667,1.0,1.0,0.0,0,1,1,0,2,0,0.09008555114269257,0.10473556816577911,0.0,nan,0.0,0.0,nan,0.0,1,nan,1.0,1.0,1.0,0.0,0.2871090769767761,2,2,nan,nan
3200001,OP9,9400000,OP9:9400000,123,tied,,123,0.48750000000000004,1.0,1.0,0.0,0,1,1,0,2,0,0.12423019111156464,0.14372605085372925,0.0,nan,0.0,0.0,nan,0.0,1,nan,1.0,1.0,1.0,0.0,0.24797937273979187,2,2,nan,nan
3200001,OP9,9400000,OP9:9400000,124,tied,,124,0.4833333333333333,1.0,1.0,0.0,0,1,1,0,2,1,0.12815265357494354,0.221480131149292,0.0,nan,0.0,0.0,nan,0.0,1,nan,1.0,1.0,1.0,0.0,0.15923814475536346,2,2,nan,nan
3200001,OP9,9400000,OP9:9400000,125,tied,,125,0.47916666666666663,1.0,1.0,0.0,0,1,1,0,2,1,0.10573196411132812,0.3048245310783386,0.0,nan,0.0,0.0,nan,0.0,1,nan,1.0,1.0,1.0,0.0,0.12782588601112366,2,2,nan,nan
3200001,OP9,9400000,OP9:9400000,126,tied,,126,0.475,1.0,1.0,0.0,0,1,1,0,2,1,0.08331127464771271,0.39993464946746826,0.0,nan,0.0,0.0,nan,0.0,1,nan,1.0,1.0,1.0,0.0,0.16490939259529114,2,2,nan,nan
3200001,OP9,9400000,OP9:9400000,127,tied,,127,0.4708333333333333,1.0,1.0,0.0,0,1,1,0,2,1,0.06089053303003311,0.5001426339149475,0.0,nan,0.0,0.0,nan,0.0,1,nan,1.0,1.0,1.0,0.0,0.23680715262889862,2,2,nan,nan
3200001,OP9,9400000,OP9:9400000,128,tied,,128,0.4666666666666667,1.0,1.0,0.0,0,1,0,0,2,1,0.038469888269901276,0.6029118895530701,0.0,nan,0.0,0.0,nan,0.0,1,nan,1.0,1.0,1.0,0.0,0.31898272037506104,2,2,nan,nan
3200001,OP9,9400000,OP9:9400000,129,tied,,129,0.4625,1.0,1.0,0.0,1,1,0,0,2,1,0.03511624410748482,0.6566401720046997,1.0,0.2307289093732834,0.0,0.0,0.6566401720046997,1.0,1,0.38010501861572266,1.0,1.0,1.0,0.0,0.3339763283729553,2,2,-0.27653515338897705,0.0
3200001,OP9,9400000,OP9:9400000,130,tied,,130,0.45833333333333337,1.0,1.0,0.0,1,1,0,0,0,1,0.09785223007202148,0.597438633441925,1.0,0.18811486661434174,0.0,0.0,0.597438633441925,1.0,1,0.3420467674732208,1.0,1.0,1.0,0.0,0.3225155472755432,2,2,-0.2553918659687042,0.0
3200001,OP9,9400000,OP9:9400000,131,tied,,131,0.4541666666666667,1.0,1.0,0.0,1,1,0,0,0,1,0.08605165779590607,0.4889147877693176,1.0,0.09174324572086334,1.0,0.0,0.4889147877693176,1.0,1,0.24805493652820587,1.0,1.0,1.0,0.0,0.24805493652820587,2,2,-0.24085985124111176,0.0
3200001,OP9,9400000,OP9:9400000,132,tied,,132,0.44999999999999996,1.0,1.0,0.0,1,1,0,0,0,1,0.06817135959863663,0.3807181715965271,1.0,0.0412454791367054,1.0,0.0,0.3807181715965271,1.0,1,0.1853122115135193,1.0,1.0,1.0,0.0,0.1853122115135193,2,2,-0.1954059600830078,0.0
3200001,OP9,9400000,OP9:9400000,133,tied,,133,0.4458333333333333,1.0,1.0,0.0,1,1,0,0,0,1,0.05029106140136719,0.27252811193466187,1.0,0.06777934730052948,1.0,0.0,0.27252811193466187,1.0,1,0.18674451112747192,1.0,1.0,1.0,0.0,0.18674451112747192,2,2,-0.08578360080718994,0.0
3200001,OP9,9400000,OP9:9400000,134,tied,,134,0.44166666666666665,1.0,1.0,0.0,1,1,0,0,0,1,0.03241076320409775,0.16435770690441132,1.0,0.08579836040735245,1.0,1.0,0.16435770690441132,0.0,1,0.23542842268943787,1.0,1.0,1.0,0.0,0.23542842268943787,2,2,0.07107071578502655,1.0
3200001,OP9,9400000,OP9:9400000,135,tied,,135,0.4375,1.0,1.0,0.0,1,1,0,0,0,1,0.014530563727021217,0.0563197135925293,1.0,0.09395503252744675,1.0,1.0,0.0563197135925293,0.0,1,0.2993750274181366,1.0,1.0,1.0,0.0,0.2993750274181366,2,2,0.2430553138256073,1.0
3200001,OP9,9400000,OP9:9400000,136,tied,,136,0.43333333333333335,1.0,1.0,0.0,1,1,0,0,0,0,0.06184558942914009,0.06533186882734299,1.0,0.09771972894668579,1.0,1.0,0.06533186882734299,0.0,1,0.3614833950996399,1.0,1.0,1.0,0.0,0.3255797028541565,2,2,0.2961515262722969,1.0
3200001,OP9,9400000,OP9:9400000,137,tied,capture_conceded,137,0.4291666666666667,1.0,1.0,0.0,1,1,0,0,0,0,0.1085285171866417,0.1277708113193512,1.0,0.09945503622293472,1.0,1.0,0.1277708113193512,0.0,1,0.4276069104671478,1.0,1.0,1.0,0.0,0.3571966290473938,2,2,0.29983609914779663,1.0
3200001,OP9,9400000,OP9:9400000,138,trailing,,138,0.42500000000000004,1.0,2.0,-1.0,1,0,0,1,2,0,0.10956044495105743,0.12868233025074005,1.0,0.10025457292795181,1.0,1.0,0.12868233025074005,0.0,1,0.49272292852401733,1.0,0.0,0.0,0.36050647497177124,0.2602519392967224,2,2,0.3640405982732773,1.0
3200001,OP9,9400000,OP9:9400000,139,trailing,,139,0.4208333333333333,1.0,2.0,-1.0,1,0,0,1,2,0,0.06031932681798935,0.11110834777355194,1.0,0.1564723551273346,1.0,1.0,0.11110834777355194,0.0,1,0.4980893135070801,1.0,0.0,0.0,0.3568746745586395,0.20580193400382996,2,2,0.38698096573352814,1.0
3200001,OP9,9400000,OP9:9400000,140,trailing,,140,0.41666666666666663,1.0,2.0,-1.0,1,0,0,1,2,0,0.027876805514097214,0.10569801181554794,1.0,0.26241210103034973,0.0,1.0,0.10569801181554794,0.0,1,0.49857598543167114,1.0,0.0,0.0,0.41045698523521423,0.1513519138097763,2,2,0.3928779736161232,1.0
3200001,OP9,9400000,OP9:9400000,141,trailing,,141,0.4125,1.0,2.0,-1.0,1,0,0,1,2,0,0.01063385047018528,0.10435042530298233,1.0,0.3671876788139343,0.0,1.0,0.10435042530298233,0.0,1,0.4990665912628174,1.0,0.0,0.0,0.4629252851009369,0.09690190106630325,2,2,0.39471616595983505,1.0
3200001,OP9,9400000,OP9:9400000,142,trailing,,142,0.4083333333333333,1.0,2.0,-1.0,1,0,0,1,2,0,0.058290816843509674,0.14797677099704742,1.0,0.47187915444374084,0.0,1.0,0.14797677099704742,0.0,1,0.4978736340999603,1.0,0.0,0.0,0.515698254108429,0.04413880407810211,2,2,0.3498968631029129,1.0
3200001,OP9,9400000,OP9:9400000,143,tied,,143,0.4041666666666667,2.0,2.0,0.0,0,0,0,1,2,0,0.08311381191015244,0.22761686146259308,0.0,nan,0.0,0.0,nan,0.0,1,nan,1.0,0.0,0.0,0.4880600869655609,0.01587821915745735,2,2,nan,nan
3200001,OP9,9400000,OP9:9400000,144,tied,,144,0.4,2.0,2.0,0.0,0,0,0,1,2,0,0.05218620225787163,0.3068574070930481,0.0,nan,0.0,0.0,nan,0.0,1,nan,1.0,0.0,0.0,0.46467313170433044,0.04259349778294563,2,2,nan,nan
3200001,OP9,9400000,OP9:9400000,145,tied,,145,0.39583333333333337,2.0,2.0,0.0,0,0,0,0,2,0,0.015766382217407227,0.3241085112094879,0.0,nan,0.0,0.0,nan,0.0,2,nan,1.0,0.0,0.0,0.4108528196811676,0.08171696960926056,2,2,nan,nan
3200001,OP9,9400000,OP9:9400000,146,tied,,146,0.3916666666666667,2.0,2.0,0.0,0,0,0,0,2,0,0.045333147048950195,0.32185834646224976,0.0,nan,0.0,0.0,nan,0.0,2,nan,1.0,0.0,0.0,0.3579499125480652,0.09990697354078293,2,2,nan,nan
3200001,OP9,9400000,OP9:9400000,147,tied,,147,0.38749999999999996,2.0,2.0,0.0,0,0,0,0,2,1,0.07489995658397675,0.3223959505558014,0.0,nan,0.0,0.0,nan,0.0,2,nan,1.0,0.0,0.0,0.3043654263019562,0.13861724734306335,2,2,nan,nan
3200001,OP9,9400000,OP9:9400000,148,tied,,148,0.3833333333333333,2.0,2.0,0.0,0,0,0,0,2,1,0.10446672141551971,0.32570749521255493,0.0,nan,0.0,0.0,nan,0.0,2,nan,1.0,0.0,0.0,0.2952635884284973,0.1854122132062912,2,2,nan,nan
3200001,OP9,9400000,OP9:9400000,149,tied,,149,0.37916666666666665,2.0,2.0,0.0,0,0,1,0,2,1,0.13403353095054626,0.3317100405693054,0.0,nan,0.0,0.0,nan,0.0,1,nan,1.0,0.0,0.0,0.34720543026924133,0.23552119731903076,2,2,nan,nan
3200001,OP9,9400000,OP9:9400000,150,tied,,150,0.375,2.0,2.0,0.0,0,0,1,0,2,1,0.1914689987897873,0.3005286157131195,0.0,nan,0.0,0.0,nan,0.0,1,nan,1.0,0.0,0.0,0.3998306393623352,0.28721490502357483,2,2,nan,nan
3200001,OP9,9400000,OP9:9400000,151,tied,,151,0.37083333333333335,2.0,2.0,0.0,0,0,1,0,2,1,0.18596792221069336,0.22367115318775177,0.0,nan,0.0,0.0,nan,0.0,1,nan,1.0,0.0,0.0,0.4478778839111328,0.33977073431015015,2,2,nan,nan
3200001,OP9,9400000,OP9:9400000,152,tied,,152,0.3666666666666667,2.0,2.0,0.0,0,0,1,0,2,0,0.17717070877552032,0.17717763781547546,0.0,nan,0.0,0.0,nan,0.0,1,nan,1.0,0.0,0.0,0.5011587142944336,0.3928428590297699,2,2,nan,nan
3200001,OP9,9400000,OP9:9400000,153,tied,,153,0.36250000000000004,2.0,2.0,0.0,0,0,1,0,2,1,0.15663456916809082,0.18761983513832092,0.0,nan,0.0,0.0,nan,0.0,1,nan,1.0,0.0,0.0,0.48376455903053284,0.3910045623779297,2,2,nan,nan
3200001,OP9,9400000,OP9:9400000,154,tied,,154,0.3583333333333333,2.0,2.0,0.0,0,0,2,0,2,1,0.13609838485717773,0.2460584193468094,0.0,nan,0.0,0.0,nan,0.0,0,nan,0.0,0.0,0.0,0.43019574880599976,0.33655455708503723,2,2,nan,nan
3200001,OP9,9400000,OP9:9400000,155,tied,,155,0.35416666666666663,2.0,2.0,0.0,0,0,2,0,2,1,0.16408129036426544,0.30163857340812683,0.0,nan,0.0,0.0,nan,0.0,0,nan,0.0,0.0,0.0,0.37627747654914856,0.2821045517921448,2,2,nan,nan
3200001,OP9,9400000,OP9:9400000,156,tied,,156,0.35,2.0,2.0,0.0,0,0,2,0,2,1,0.14459434151649475,0.2859448492527008,0.0,nan,0.0,0.0,nan,0.0,0,nan,0.0,0.0,0.0,0.32245272397994995,0.22765453159809113,2,2,nan,nan
3200001,OP9,9400000,OP9:9400000,157,tied,,157,0.3458333333333333,2.0,2.0,0.0,0,0,2,0,2,0,0.11399421840906143,0.2656833529472351,0.0,nan,0.0,0.0,nan,0.0,0,nan,0.0,0.0,0.0,0.31595757603645325,0.17320451140403748,2,2,nan,nan
3200001,OP9,9400000,OP9:9400000,158,tied,,158,0.3416666666666667,2.0,2.0,0.0,0,0,2,0,2,0,0.08339405059814453,0.24773678183555603,0.0,nan,0.0,0.0,nan,0.0,0,nan,0.0,0.0,0.0,0.36601895093917847,0.11875452101230621,2,2,nan,nan
3200001,OP9,9400000,OP9:9400000,159,tied,,159,0.3375,2.0,2.0,0.0,0,0,1,0,0,0,0.05279383808374405,0.23264150321483612,0.0,nan,0.0,0.0,nan,0.0,0,nan,0.0,0.0,0.0,0.4170498251914978,0.06430450826883316,2,2,nan,nan
3200001,OP9,9400000,OP9:9400000,160,tied,,160,0.33333333333333337,2.0,2.0,0.0,0,0,1,0,0,0,0.0017290592659264803,0.15165093541145325,0.0,nan,0.0,0.0,nan,0.0,0,nan,0.0,0.0,0.0,0.46873363852500916,0.07918281853199005,2,2,nan,nan
3200001,OP9,9400000,OP9:9400000,161,tied,,161,0.3291666666666667,2.0,2.0,0.0,0,0,1,0,0,0,0.021822739392518997,0.05027278512716293,0.0,nan,0.0,0.0,nan,0.0,0,nan,0.0,0.0,0.0,0.4925301969051361,0.1335868537425995,2,2,nan,nan
3200001,OP9,9400000,OP9:9400000,162,tied,,162,0.32499999999999996,2.0,2.0,0.0,0,0,1,0,0,0,0.04191641882061958,0.07406491786241531,0.0,nan,0.0,0.0,nan,0.0,0,nan,0.0,0.0,0.0,0.45131295919418335,0.12023945152759552,2,2,nan,nan
3200001,OP9,9400000,OP9:9400000,163,tied,,163,0.3208333333333333,2.0,2.0,0.0,0,0,0,0,0,0,0.0012259006034582853,0.13517704606056213,0.0,nan,0.0,0.0,nan,0.0,0,nan,0.0,0.0,0.0,0.41068339347839355,0.06578944623470306,2,2,nan,nan
3200001,OP9,9400000,OP9:9400000,164,tied,,164,0.31666666666666665,2.0,2.0,0.0,0,0,0,0,0,0,0.031031465157866478,0.1114957332611084,0.0,nan,0.0,0.0,nan,0.0,0,nan,0.0,0.0,0.0,0.3637336790561676,0.08027414977550507,2,2,nan,nan
3200001,OP9,9400000,OP9:9400000,165,tied,,165,0.3125,2.0,2.0,0.0,0,0,0,0,0,0,0.014029884710907936,0.06318338215351105,0.0,nan,0.0,0.0,nan,0.0,0,nan,0.0,0.0,0.0,0.3168860077857971,0.1306702047586441,2,2,nan,nan
3200001,OP9,9400000,OP9:9400000,166,tied,,166,0.30833333333333335,2.0,2.0,0.0,0,0,0,2,2,0,0.01757202111184597,0.05264906957745552,0.0,nan,0.0,0.0,nan,0.0,0,nan,0.0,0.0,0.0,0.2665483355522156,0.18327033519744873,2,2,nan,nan
3200001,OP9,9400000,OP9:9400000,167,tied,,167,0.3041666666666667,2.0,2.0,0.0,0,0,0,2,2,0,0.014331722632050514,0.06400845944881439,0.0,nan,0.0,0.0,nan,0.0,0,nan,0.0,0.0,0.0,0.25565510988235474,0.22525322437286377,2,2,nan,nan
3200001,OP9,9400000,OP9:9400000,168,tied,,168,0.30000000000000004,2.0,2.0,0.0,0,0,0,2,2,0,0.013147687539458275,0.06381858140230179,0.0,nan,0.0,0.0,nan,0.0,0,nan,0.0,0.0,0.0,0.2870531678199768,0.2786065638065338,2,2,nan,nan
3200001,OP9,9400000,OP9:9400000,169,tied,,169,0.2958333333333333,2.0,2.0,0.0,0,0,0,2,2,0,0.011963700875639915,0.06365024298429489,0.0,nan,0.0,0.0,nan,0.0,0,nan,0.0,0.0,0.0,0.33172208070755005,0.3323158621788025,2,2,nan,nan
3200001,OP9,9400000,OP9:9400000,170,tied,,170,0.29166666666666663,2.0,2.0,0.0,0,0,0,2,2,1,0.010779714211821556,0.06350357830524445,0.0,nan,0.0,0.0,nan,0.0,0,nan,0.0,0.0,0.0,0.37881335616111755,0.3862326443195343,2,2,nan,nan
3200001,OP9,9400000,OP9:9400000,171,tied,,171,0.2875,2.0,2.0,0.0,0,0,0,2,2,2,0.03161225467920303,0.08092202991247177,0.0,nan,0.0,0.0,nan,0.0,0,nan,0.0,0.0,0.0,0.4275272786617279,0.4402806758880615,2,2,nan,nan
3200001,OP9,9400000,OP9:9400000,172,tied,,172,0.2833333333333333,2.0,2.0,0.0,0,0,0,2,2,2,0.025470638647675514,0.07878594100475311,0.0,nan,0.0,0.0,nan,0.0,0,nan,0.0,0.0,0.0,0.4773674011230469,0.4944170117378235,2,2,nan,nan
3200001,OP9,9400000,OP9:9400000,173,tied,,173,0.2791666666666667,2.0,2.0,0.0,0,0,0,2,2,2,0.019329071044921875,0.07708127796649933,0.0,nan,0.0,0.0,nan,0.0,0,nan,0.0,0.0,0.0,0.5280147790908813,0.5486153364181519,2,2,nan,nan
3200001,OP9,9400000,OP9:9400000,174,tied,,174,0.275,2.0,2.0,0.0,0,0,0,2,2,2,0.00015211105346679688,0.09601442515850067,0.0,nan,0.0,0.0,nan,0.0,0,nan,0.0,0.0,0.0,0.5792578458786011,0.5814549326896667,2,2,nan,nan
3200001,OP9,9400000,OP9:9400000,175,tied,tagged_while_carrying,175,0.27083333333333337,2.0,2.0,0.0,1,0,0,1,2,2,0.004453992936760187,0.09059179574251175,1.0,0.07556723803281784,1.0,1.0,0.09059179574251175,0.0,1,0.07556723803281784,1.0,0.0,0.0,0.6280567646026611,0.6409375071525574,2,2,-0.015024557709693909,0.0
3200001,OP9,9400000,OP9:9400000,176,tied,dropped_the_flag|tagged_while_carrying,176,0.2666666666666667,2.0,2.0,0.0,1,0,1,0,2,2,0.06685743480920792,0.081680528819561,1.0,0.08027879893779755,1.0,1.0,0.081680528819561,0.0,1,0.08027879893779755,1.0,1.0,0.0,0.6558603644371033,0.7097741365432739,2,2,-0.0014017298817634583,0.0
3200001,OP9,9400000,OP9:9400000,177,tied,,177,0.26249999999999996,2.0,2.0,0.0,0,0,2,0,2,2,0.04381303861737251,0.04483087733387947,0.0,nan,0.0,0.0,nan,0.0,0,nan,0.0,1.0,0.0,0.6019657254219055,0.7125040888786316,2,2,nan,nan
3200001,OP9,9400000,OP9:9400000,178,tied,,178,0.2583333333333333,2.0,2.0,0.0,0,0,2,0,2,2,0.06590471416711807,0.0752410888671875,0.0,nan,0.0,0.0,nan,0.0,0,nan,0.0,0.0,0.0,0.5996676087379456,0.648167073726654,2,2,nan,nan
3200001,OP9,9400000,OP9:9400000,179,tied,,179,0.25416666666666665,2.0,2.0,0.0,0,0,2,0,2,2,0.05987358093261719,0.08543451130390167,0.0,nan,0.0,0.0,nan,0.0,0,nan,0.0,0.0,0.0,0.6535350680351257,0.5688372850418091,2,2,nan,nan
3200001,OP9,9400000,OP9:9400000,180,tied,,180,0.25,2.0,2.0,0.0,0,0,2,0,2,2,0.0540769100189209,0.08119367808103561,0.0,nan,0.0,0.0,nan,0.0,0,nan,0.0,0.0,0.0,0.6831050515174866,0.5143872499465942,2,2,nan,nan
3200001,OP9,9400000,OP9:9400000,181,tied,,181,0.24583333333333335,2.0,2.0,0.0,0,0,2,0,2,2,0.04828019067645073,0.07715735584497452,0.0,nan,0.0,0.0,nan,0.0,0,nan,0.0,0.0,0.0,0.6831874847412109,0.45993727445602417,2,2,nan,nan
3200001,OP9,9400000,OP9:9400000,182,tied,,182,0.2416666666666667,2.0,2.0,0.0,0,0,2,0,2,2,0.04248351976275444,0.07335937023162842,0.0,nan,0.0,0.0,nan,0.0,0,nan,0.0,0.0,0.0,0.6304115653038025,0.4054872989654541,2,2,nan,nan
3200001,OP9,9400000,OP9:9400000,183,tied,,183,0.23750000000000004,2.0,2.0,0.0,0,0,2,0,2,1,0.03668684884905815,0.06983858346939087,0.0,nan,0.0,0.0,nan,0.0,0,nan,0.0,0.0,0.0,0.5749807953834534,0.35103729367256165,2,2,nan,nan
3200001,OP9,9400000,OP9:9400000,184,tied,,184,0.23333333333333328,2.0,2.0,0.0,0,0,2,0,2,0,0.030890226364135742,0.06663896888494492,0.0,nan,0.0,0.0,nan,0.0,0,nan,0.0,0.0,0.0,0.5221123099327087,0.2965872883796692,2,2,nan,nan
3200001,OP9,9400000,OP9:9400000,185,tied,,185,0.22916666666666663,2.0,2.0,0.0,0,0,2,0,2,0,0.025093555450439453,0.06380881369113922,0.0,nan,0.0,0.0,nan,0.0,0,nan,0.0,0.0,0.0,0.529045820236206,0.24213726818561554,2,2,nan,nan
3200001,OP9,9400000,OP9:9400000,186,tied,,186,0.22499999999999998,2.0,2.0,0.0,0,0,2,0,2,0,0.019296884536743164,0.06139924004673958,0.0,nan,0.0,0.0,nan,0.0,0,nan,0.0,0.0,0.0,0.5829353332519531,0.18768726289272308,2,2,nan,nan
3200001,OP9,9400000,OP9:9400000,187,tied,,187,0.22083333333333333,2.0,2.0,0.0,0,0,2,0,0,0,0.01350026112049818,0.05946142226457596,0.0,nan,0.0,0.0,nan,0.0,0,nan,0.0,0.0,0.0,0.6019353270530701,0.13323727250099182,2,2,nan,nan
3200001,OP9,9400000,OP9:9400000,188,tied,,188,0.21666666666666667,2.0,2.0,0.0,0,0,1,0,0,0,0.007703590206801891,0.058042608201503754,0.0,nan,0.0,0.0,nan,0.0,0,nan,0.0,0.0,0.0,0.5614246726036072,0.07878727465867996,2,2,nan,nan
3200001,OP9,9400000,OP9:9400000,189,tied,,189,0.21250000000000002,2.0,2.0,0.0,0,0,0,0,0,0,0.046092890202999115,0.046196095645427704,0.0,nan,0.0,0.0,nan,0.0,0,nan,0.0,0.0,0.0,0.5234267711639404,0.08132141828536987,2,2,nan,nan
3200001,OP9,9400000,OP9:9400000,190,tied,,190,0.20833333333333337,2.0,2.0,0.0,0,0,0,0,0,0,0.0015905380714684725,0.056805841624736786,0.0,nan,0.0,0.0,nan,0.0,0,nan,0.0,0.0,0.0,0.4884398877620697,0.0923493430018425,2,2,nan,nan
3200001,OP9,9400000,OP9:9400000,191,tied,,191,0.20416666666666672,2.0,2.0,0.0,0,0,0,0,0,0,0.018300389871001244,0.06079423427581787,0.0,nan,0.0,0.0,nan,0.0,0,nan,0.0,0.0,0.0,0.456454336643219,0.14423272013664246,2,2,nan,nan
3200001,OP9,9400000,OP9:9400000,192,tied,,192,0.19999999999999996,2.0,2.0,0.0,0,0,0,0,0,0,0.042954254895448685,0.06518550962209702,0.0,nan,0.0,0.0,nan,0.0,0,nan,0.0,0.0,0.0,0.42327338457107544,0.19222262501716614,2,2,nan,nan
3200001,OP9,9400000,OP9:9400000,193,tied,,193,0.1958333333333333,2.0,2.0,0.0,0,0,0,0,0,0,0.06760816276073456,0.07859990745782852,0.0,nan,0.0,0.0,nan,0.0,0,nan,0.0,0.0,0.0,0.3850422501564026,0.24295182526111603,2,2,nan,nan
3200001,OP9,9400000,OP9:9400000,194,tied,,194,0.19166666666666665,2.0,2.0,0.0,0,0,0,0,0,0,0.09226198494434357,0.09737715870141983,0.0,nan,0.0,0.0,nan,0.0,0,nan,0.0,0.0,0.0,0.34365329146385193,0.29501062631607056,2,2,nan,nan
3200001,OP9,9400000,OP9:9400000,195,tied,,195,0.1875,2.0,2.0,0.0,0,0,0,1,1,0,0.11691589653491974,0.11900534480810165,0.0,nan,0.0,0.0,nan,0.0,0,nan,0.0,0.0,0.0,0.30627521872520447,0.34780243039131165,2,2,nan,nan
3200001,OP9,9400000,OP9:9400000,196,tied,,196,0.18333333333333335,2.0,2.0,0.0,0,0,0,1,1,1,0.10083527863025665,0.10310214757919312,0.0,nan,0.0,0.0,nan,0.0,0,nan,0.0,1.0,0.0,0.2870272397994995,0.40103787183761597,2,2,nan,nan
3200001,OP9,9400000,OP9:9400000,197,tied,,197,0.1791666666666667,2.0,2.0,0.0,0,0,0,1,1,2,0.08475470542907715,0.08726967871189117,0.0,nan,0.0,0.0,nan,0.0,1,nan,1.0,1.0,0.0,0.2337895631790161,0.45456117391586304,2,2,nan,nan
3200001,OP9,9400000,OP9:9400000,198,tied,,198,0.17500000000000004,2.0,2.0,0.0,0,0,0,1,1,2,0.06867408752441406,0.07155478745698929,0.0,nan,0.0,0.0,nan,0.0,1,nan,1.0,1.0,0.0,0.24241158366203308,0.5082813501358032,2,2,nan,nan
3200001,OP9,9400000,OP9:9400000,199,tied,,199,0.17083333333333328,2.0,2.0,0.0,0,0,0,1,1,2,0.0525934211909771,0.05605648085474968,0.0,nan,0.0,0.0,nan,0.0,1,nan,1.0,1.0,0.0,0.2706446051597595,0.562142014503479,2,2,nan,nan
3200001,OP9,9400000,OP9:9400000,200,tied,,200,0.16666666666666663,2.0,2.0,0.0,0,0,0,1,1,2,0.03651280328631401,0.04102113097906113,0.0,nan,0.0,0.0,nan,0.0,1,nan,1.0,1.0,0.0,0.30668529868125916,0.6161062121391296,2,2,nan,nan
3200001,OP9,9400000,OP9:9400000,201,tied,,201,0.16249999999999998,2.0,2.0,0.0,1,0,0,1,1,2,0.05795450136065483,0.0772266760468483,1.0,0.138271301984787,1.0,1.0,0.0772266760468483,0.0,1,0.387914776802063,1.0,1.0,0.0,0.34423187375068665,0.6541373133659363,2,2,0.3106881007552147,1.0
3200001,OP9,9400000,OP9:9400000,202,tied,,202,0.15833333333333333,2.0,2.0,0.0,1,0,0,1,1,2,0.0690494030714035,0.08391344547271729,1.0,0.12014631927013397,1.0,1.0,0.08391344547271729,0.0,1,0.36666521430015564,1.0,1.0,0.0,0.39137616753578186,0.6676262021064758,2,2,0.28275176882743835,1.0
3200001,OP9,9400000,OP9:9400000,203,tied,tagged_while_carrying,203,0.15416666666666667,2.0,2.0,0.0,1,0,0,0,1,2,0.059233568608760834,0.07797788828611374,1.0,0.06482557952404022,1.0,1.0,0.07797788828611374,0.0,2,0.06482557952404022,1.0,1.0,0.0,0.43501192331314087,0.6620886325836182,2,2,-0.013152308762073517,0.0
3200001,OP9,9400000,OP9:9400000,204,tied,dropped_the_flag|tagged_while_carrying,204,0.15000000000000002,2.0,2.0,0.0,1,0,1,0,1,2,0.01307973824441433,0.10919928550720215,1.0,0.06775634735822678,1.0,1.0,0.10919928550720215,0.0,1,0.1628735363483429,1.0,1.0,0.0,0.4781278073787689,0.6076386570930481,2,2,0.05367425084114075,1.0
3200001,OP9,9400000,OP9:9400000,205,tied,,205,0.14583333333333337,2.0,2.0,0.0,0,0,2,0,1,2,0.03173007816076279,0.13978932797908783,0.0,nan,0.0,0.0,nan,0.0,0,nan,0.0,0.0,0.0,0.5189446210861206,0.553188681602478,2,2,nan,nan
3200001,OP9,9400000,OP9:9400000,206,tied,,206,0.14166666666666672,2.0,2.0,0.0,0,0,2,0,1,2,0.016851473599672318,0.15845325589179993,0.0,nan,0.0,0.0,nan,0.0,0,nan,0.0,0.0,0.0,0.572432816028595,0.49873867630958557,2,2,nan,nan
3200001,OP9,9400000,OP9:9400000,207,tied,,207,0.13749999999999996,2.0,2.0,0.0,0,0,2,0,1,2,0.016378164291381836,0.15843884646892548,0.0,nan,0.0,0.0,nan,0.0,0,nan,0.0,0.0,0.0,0.6259993314743042,0.4442886412143707,2,2,nan,nan
3200001,OP9,9400000,OP9:9400000,208,tied,,208,0.1333333333333333,2.0,2.0,0.0,0,0,2,0,1,1,0.015904951840639114,0.15842588245868683,0.0,nan,0.0,0.0,nan,0.0,0,nan,0.0,0.0,0.0,0.6611714959144592,0.38983863592147827,2,2,nan,nan
3200001,OP9,9400000,OP9:9400000,209,tied,,209,0.12916666666666665,2.0,2.0,0.0,0,0,2,0,1,1,0.015431642532348633,0.1584143340587616,0.0,nan,0.0,0.0,nan,0.0,0,nan,0.0,0.0,0.0,0.6242395639419556,0.3353886604309082,2,2,nan,nan
3200001,OP9,9400000,OP9:9400000,210,tied,,210,0.125,2.0,2.0,0.0,0,0,2,0,1,1,0.014958381652832031,0.15840420126914978,0.0,nan,0.0,0.0,nan,0.0,0,nan,0.0,0.0,0.0,0.5710840821266174,0.28093865513801575,2,2,nan,nan
3200001,OP9,9400000,OP9:9400000,211,tied,,211,0.12083333333333335,2.0,2.0,0.0,0,0,2,0,1,0,0.014485073275864124,0.15839549899101257,0.0,nan,0.0,0.0,nan,0.0,0,nan,0.0,0.0,0.0,0.5174045562744141,0.22648866474628448,2,2,nan,nan
3200001,OP9,9400000,OP9:9400000,212,tied,,212,0.1166666666666667,2.0,2.0,0.0,0,0,2,0,1,0,0.014011812396347523,0.1583881974220276,0.0,nan,0.0,0.0,nan,0.0,0,nan,0.0,0.0,0.0,0.5074847936630249,0.17203864455223083,2,2,nan,nan
3200001,OP9,9400000,OP9:9400000,213,tied,,213,0.11250000000000004,2.0,2.0,0.0,0,0,2,0,1,0,0.013538551516830921,0.1583823561668396,0.0,nan,0.0,0.0,nan,0.0,0,nan,0.0,0.0,0.0,0.4535403847694397,0.11758866161108017,2,2,nan,nan
3200001,OP9,9400000,OP9:9400000,214,tied,,214,0.10833333333333328,2.0,2.0,0.0,0,0,1,0,1,0,0.013065243139863014,0.15837793052196503,0.0,nan,0.0,0.0,nan,0.0,0,nan,0.0,0.0,0.0,0.3996238112449646,0.06313865631818771,2,2,nan,nan
3200001,OP9,9400000,OP9:9400000,215,tied,,215,0.10416666666666663,2.0,2.0,0.0,0,0,1,0,1,0,0.06314826011657715,0.12355002015829086,0.0,nan,0.0,0.0,nan,0.0,0,nan,0.0,0.0,0.0,0.34596261382102966,0.07833511382341385,2,2,nan,nan
3200001,OP9,9400000,OP9:9400000,216,tied,,216,0.09999999999999998,2.0,2.0,0.0,0,0,1,0,0,0,0.06790661811828613,0.06792987883090973,0.0,nan,0.0,0.0,nan,0.0,0,nan,0.0,0.0,0.0,0.2930389940738678,0.112613245844841,2,2,nan,nan
3200001,OP9,9400000,OP9:9400000,217,tied,,217,0.09583333333333333,2.0,2.0,0.0,0,0,0,1,1,0,0.05857286602258682,0.12486483156681061,0.0,nan,0.0,0.0,nan,0.0,0,nan,0.0,0.0,0.0,0.24163392186164856,0.058163244277238846,2,2,nan,nan
3200001,OP9,9400000,OP9:9400000,218,tied,,218,0.09166666666666667,2.0,2.0,0.0,0,0,0,1,1,0,0.0008647441864013672,0.16665391623973846,0.0,nan,0.0,0.0,nan,0.0,0,nan,0.0,0.0,0.0,0.2481633871793747,0.07481367886066437,2,2,nan,nan
3200001,OP9,9400000,OP9:9400000,219,tied,,219,0.08750000000000002,2.0,2.0,0.0,0,0,0,2,2,0,0.01448831520974636,0.16772806644439697,0.0,nan,0.0,0.0,nan,0.0,0,nan,0.0,0.0,0.0,0.23063163459300995,0.12418005615472794,2,2,nan,nan
3200001,OP9,9400000,OP9:9400000,220,tied,,220,0.08333333333333337,2.0,2.0,0.0,0,0,0,2,2,0,0.014573621563613415,0.16772764921188354,0.0,nan,0.0,0.0,nan,0.0,0,nan,0.0,0.0,0.0,0.22970440983772278,0.17231586575508118,2,2,nan,nan
3200001,OP9,9400000,OP9:9400000,221,tied,,221,0.07916666666666672,2.0,2.0,0.0,0,0,0,2,2,0,0.04040084034204483,0.17569661140441895,0.0,nan,0.0,0.0,nan,0.0,0,nan,0.0,0.0,0.0,0.28362658619880676,0.22664496302604675,2,2,nan,nan
3200001,OP9,9400000,OP9:9400000,222,tied,,222,0.07499999999999996,2.0,2.0,0.0,0,0,0,2,2,1,0.06622805446386337,0.1870039403438568,0.0,nan,0.0,0.0,nan,0.0,0,nan,0.0,0.0,0.0,0.3374762535095215,0.2810208797454834,2,2,nan,nan
3200001,OP9,9400000,OP9:9400000,223,tied,,223,0.0708333333333333,2.0,2.0,0.0,0,0,0,2,2,1,0.09205527603626251,0.20108726620674133,0.0,nan,0.0,0.0,nan,0.0,0,nan,0.0,0.0,0.0,0.3913520276546478,0.3354208171367645,2,2,nan,nan
3200001,OP9,9400000,OP9:9400000,224,tied,,224,0.06666666666666665,2.0,2.0,0.0,0,0,0,2,2,1,0.14202848076820374,0.23653928935527802,0.0,nan,0.0,0.0,nan,0.0,0,nan,0.0,0.0,0.0,0.4452444016933441,0.3898347020149231,2,2,nan,nan
3200001,OP9,9400000,OP9:9400000,225,tied,,225,0.0625,2.0,2.0,0.0,0,0,0,2,2,2,0.1223149299621582,0.22787854075431824,0.0,nan,0.0,0.0,nan,0.0,0,nan,0.0,0.0,0.0,0.49914804100990295,0.43292707204818726,2,2,nan,nan
3200001,OP9,9400000,OP9:9400000,226,tied,,226,0.05833333333333335,2.0,2.0,0.0,0,0,0,2,2,2,0.10260138660669327,0.22068782150745392,0.0,nan,0.0,0.0,nan,0.0,0,nan,0.0,0.0,0.0,0.5530595779418945,0.4783410429954529,2,2,nan,nan
3200001,OP9,9400000,OP9:9400000,227,tied,dropped_the_flag|tagged_while_carrying,227,0.054166666666666696,2.0,2.0,0.0,1,0,0,1,2,2,0.10021648555994034,0.2323179543018341,1.0,0.08360697329044342,1.0,0.0,0.2323179543018341,1.0,1,0.08360697329044342,1.0,0.0,0.0,0.6069769859313965,0.5254751443862915,2,2,-0.14871098101139069,0.0
3200001,OP9,9400000,OP9:9400000,228,tied,,228,0.050000000000000044,2.0,2.0,0.0,0,0,1,0,2,2,0.02441711351275444,0.17726896703243256,0.0,nan,0.0,0.0,nan,0.0,1,nan,1.0,0.0,0.0,0.6505618691444397,0.5711661577224731,2,2,nan,nan
3200001,OP9,9400000,OP9:9400000,229,tied,,229,0.04583333333333328,2.0,2.0,0.0,0,0,2,0,2,2,0.035126734524965286,0.07048942148685455,0.0,nan,0.0,0.0,nan,0.0,0,nan,0.0,0.0,0.0,0.7026697397232056,0.621404230594635,2,2,nan,nan
3200001,OP9,9400000,OP9:9400000,230,tied,,230,0.04166666666666663,2.0,2.0,0.0,0,0,2,0,2,2,0.0824577808380127,0.08427871763706207,0.0,nan,0.0,0.0,nan,0.0,0,nan,0.0,0.0,0.0,0.7245994806289673,0.6096886396408081,2,2,nan,nan
3200001,OP9,9400000,OP9:9400000,231,tied,,231,0.03749999999999998,2.0,2.0,0.0,0,0,2,0,2,2,0.07530722767114639,0.07737284898757935,0.0,nan,0.0,0.0,nan,0.0,0,nan,0.0,0.0,0.0,0.6802842020988464,0.555238664150238,2,2,nan,nan
3200001,OP9,9400000,OP9:9400000,232,tied,,232,0.033333333333333326,2.0,2.0,0.0,0,0,2,0,2,2,0.06815667450428009,0.07051736861467361,0.0,nan,0.0,0.0,nan,0.0,0,nan,0.0,0.0,0.0,0.6216270327568054,0.500788688659668,2,2,nan,nan
3200001,OP9,9400000,OP9:9400000,233,tied,,233,0.029166666666666674,2.0,2.0,0.0,0,0,2,0,2,2,0.06100611761212349,0.06372852623462677,0.0,nan,0.0,0.0,nan,0.0,0,nan,0.0,0.0,0.0,0.5722726583480835,0.4463387131690979,2,2,nan,nan
3200001,OP9,9400000,OP9:9400000,234,tied,,234,0.025000000000000022,2.0,2.0,0.0,0,0,2,0,2,1,0.05385556071996689,0.057030122727155685,0.0,nan,0.0,0.0,nan,0.0,0,nan,0.0,0.0,0.0,0.4999152719974518,0.39188867807388306,2,2,nan,nan
3200001,OP9,9400000,OP9:9400000,235,tied,,235,0.02083333333333337,2.0,2.0,0.0,0,0,2,0,2,0,0.046705007553100586,0.05045819282531738,0.0,nan,0.0,0.0,nan,0.0,0,nan,0.0,0.0,0.0,0.4529605507850647,0.337438702583313,2,2,nan,nan
3200001,OP9,9400000,OP9:9400000,236,tied,,236,0.01666666666666672,2.0,2.0,0.0,0,0,2,0,2,0,0.03955445438623428,0.044069357216358185,0.0,nan,0.0,0.0,nan,0.0,0,nan,0.0,0.0,0.0,0.4567018151283264,0.28298869729042053,2,2,nan,nan
3200001,OP9,9400000,OP9:9400000,237,tied,,237,0.012499999999999956,2.0,2.0,0.0,0,0,2,0,2,0,0.03240394592285156,0.03795621544122696,0.0,nan,0.0,0.0,nan,0.0,0,nan,0.0,0.0,0.0,0.4664720892906189,0.22853867709636688,2,2,nan,nan
3200001,OP9,9400000,OP9:9400000,238,tied,,238,0.008333333333333304,2.0,2.0,0.0,0,0,2,0,1,0,0.06437478214502335,0.08227572590112686,0.0,nan,0.0,0.0,nan,0.0,0,nan,0.0,0.0,0.0,0.41331616044044495,0.16013114154338837,2,2,nan,nan
3200001,OP9,9400000,OP9:9400000,239,tied,,239,0.004166666666666652,2.0,2.0,0.0,0,0,2,0,1,0,0.04602684825658798,0.06922980397939682,0.0,nan,0.0,0.0,nan,0.0,0,nan,0.0,0.0,0.0,0.3602662682533264,0.10568114370107651,2,2,nan,nan
3200001,OP9,9400001,OP9:9400001,0,tied,,0,1.0,0.0,0.0,0.0,0,0,0,0,0,0,0.021309733390808105,0.021603552624583244,0.0,nan,0.0,0.0,nan,0.0,2,nan,1.0,0.0,0.0,0.7202118039131165,0.09153562039136887,2,2,nan,nan
3200001,OP9,9400001,OP9:9400001,1,tied,,1,0.9958333333333333,0.0,0.0,0.0,0,0,0,0,0,0,0.06989681720733643,0.07097313553094864,0.0,nan,0.0,0.0,nan,0.0,2,nan,1.0,0.0,0.0,0.701838493347168,0.06716112047433853,2,2,nan,nan
3200001,OP9,9400001,OP9:9400001,2,tied,,2,0.9916666666666667,0.0,0.0,0.0,0,0,0,0,0,0,0.06546933948993683,0.06672905385494232,0.0,nan,0.0,0.0,nan,0.0,2,nan,1.0,0.0,0.0,0.666276216506958,0.09192304313182831,2,2,nan,nan
3200001,OP9,9400001,OP9:9400001,3,tied,,3,0.9875,0.0,0.0,0.0,0,0,0,0,0,0,0.06054992601275444,0.06205010414123535,0.0,nan,0.0,0.0,nan,0.0,2,nan,1.0,0.0,0.0,0.630732536315918,0.135867178440094,2,2,nan,nan
3200001,OP9,9400001,OP9:9400001,4,tied,,4,0.9833333333333333,0.0,0.0,0.0,0,0,0,0,0,0,0.05563046783208847,0.05741884186863899,0.0,nan,0.0,0.0,nan,0.0,2,nan,1.0,0.0,0.0,0.5975478887557983,0.18547114729881287,2,2,nan,nan
3200001,OP9,9400001,OP9:9400001,5,tied,,5,0.9791666666666666,0.0,0.0,0.0,0,0,0,0,0,0,0.0784902572631836,0.0786081999540329,0.0,nan,0.0,0.0,nan,0.0,2,nan,1.0,0.0,0.0,0.5667670965194702,0.2229747325181961,2,2,nan,nan
3200001,OP9,9400001,OP9:9400001,6,tied,,6,0.975,0.0,0.0,0.0,0,0,0,0,0,0,0.10135006904602051,0.10150519758462906,0.0,nan,0.0,0.0,nan,0.0,2,nan,1.0,0.0,0.0,0.5342249274253845,0.2663935422897339,2,2,nan,nan
3200001,OP9,9400001,OP9:9400001,7,tied,,7,0.9708333333333333,0.0,0.0,0.0,0,0,0,0,0,0,0.12420983612537384,0.12517617642879486,0.0,nan,0.0,0.0,nan,0.0,2,nan,1.0,0.0,0.0,0.49897369742393494,0.3132776916027069,2,2,nan,nan
3200001,OP9,9400001,OP9:9400001,8,tied,,8,0.9666666666666667,0.0,0.0,0.0,0,0,0,0,0,0,0.14706964790821075,0.14925339818000793,0.0,nan,0.0,0.0,nan,0.0,2,nan,1.0,0.0,0.0,0.4652392268180847,0.3622843027114868,2,2,nan,nan
3200001,OP9,9400001,OP9:9400001,9,tied,,9,0.9625,0.0,0.0,0.0,0,0,0,0,0,1,0.17728610336780548,0.1899024397134781,0.0,nan,0.0,0.0,nan,0.0,2,nan,1.0,0.0,0.0,0.44121140241622925,0.381072461605072,2,2,nan,nan
3200001,OP9,9400001,OP9:9400001,10,tied,,10,0.9583333333333334,0.0,0.0,0.0,0,0,1,0,0,2,0.1971844732761383,0.209693044424057,0.0,nan,0.0,0.0,nan,0.0,1,nan,1.0,0.0,0.0,0.4329684376716614,0.43543919920921326,2,2,nan,nan
3200001,OP9,9400001,OP9:9400001,11,tied,,11,0.9541666666666667,0.0,0.0,0.0,0,0,1,0,0,2,0.08760809898376465,0.10641143471002579,0.0,nan,0.0,0.0,nan,0.0,1,nan,1.0,1.0,0.0,0.38153889775276184,0.46240025758743286,2,2,nan,nan
3200001,OP9,9400001,OP9:9400001,12,tied,,12,0.95,0.0,0.0,0.0,0,0,1,0,0,2,0.03419480472803116,0.045364998281002045,0.0,nan,0.0,0.0,nan,0.0,1,nan,1.0,1.0,0.0,0.3692958652973175,0.46190398931503296,2,2,nan,nan
3200001,OP9,9400001,OP9:9400001,13,tied,,13,0.9458333333333333,0.0,0.0,0.0,0,0,1,0,0,2,0.02155432663857937,0.12355540692806244,0.0,nan,0.0,0.0,nan,0.0,1,nan,1.0,0.0,0.0,0.35799533128738403,0.4074539542198181,2,2,nan,nan
3200001,OP9,9400001,OP9:9400001,14,tied,,14,0.9416666666666667,0.0,0.0,0.0,0,0,1,0,0,1,0.014879083260893822,0.23035922646522522,0.0,nan,0.0,0.0,nan,0.0,1,nan,1.0,0.0,0.0,0.34718018770217896,0.35300397872924805,2,2,nan,nan
3200001,OP9,9400001,OP9:9400001,15,tied,,15,0.9375,0.0,0.0,0.0,0,0,1,0,0,1,0.008203839883208275,0.3381950855255127,0.0,nan,0.0,0.0,nan,0.0,1,nan,1.0,0.0,0.0,0.3627531826496124,0.2985539734363556,2,2,nan,nan
3200001,OP9,9400001,OP9:9400001,16,tied,,16,0.9333333333333333,0.0,0.0,0.0,0,0,1,0,0,1,0.0015286445850506425,0.44631558656692505,0.0,nan,0.0,0.0,nan,0.0,1,nan,1.0,0.0,0.0,0.3892768919467926,0.24410398304462433,2,2,nan,nan
3200001,OP9,9400001,OP9:9400001,17,tied,,17,0.9291666666666667,0.0,0.0,0.0,1,0,1,0,0,1,0.0018157958984375,0.5332492589950562,1.0,0.07737608253955841,1.0,0.0,0.5332492589950562,1.0,1,0.3490755259990692,1.0,0.0,0.0,0.4241398870944977,0.18965396285057068,2,2,-0.18417373299598694,0.0
3200001,OP9,9400001,OP9:9400001,18,tied,,18,0.925,0.0,0.0,0.0,1,0,1,0,0,1,0.04682932049036026,0.6173505187034607,1.0,0.09244219958782196,1.0,0.0,0.6173505187034607,1.0,1,0.3092229962348938,1.0,0.0,0.0,0.46393656730651855,0.13520395755767822,2,2,-0.3081275224685669,0.0
3200001,OP9,9400001,OP9:9400001,19,tied,,19,0.9208333333333334,0.0,0.0,0.0,1,0,0,0,0,1,0.07833442836999893,0.6317490935325623,1.0,0.09725135564804077,1.0,0.0,0.6317490935325623,1.0,1,0.26911184191703796,1.0,0.0,0.0,0.44329625368118286,0.08075395226478577,2,2,-0.3626372516155243,0.0
3200001,OP9,9400001,OP9:9400001,20,tied,,20,0.9166666666666666,0.0,0.0,0.0,1,0,0,0,0,1,0.018293380737304688,0.5777417421340942,1.0,0.09441464394330978,1.0,0.0,0.5777417421340942,1.0,1,0.2519965171813965,1.0,0.0,0.0,0.40537866950035095,0.09188990294933319,2,2,-0.32574522495269775,0.0
3200001,OP9,9400001,OP9:9400001,21,tied,,21,0.9125,0.0,0.0,0.0,1,0,0,0,0,1,0.016818856820464134,0.4777233600616455,1.0,0.06528044492006302,1.0,0.0,0.4777233600616455,1.0,1,0.2303057610988617,1.0,0.0,0.0,0.37247344851493835,0.14632603526115417,2,2,-0.2474175989627838,0.0
3200001,OP9,9400001,OP9:9400001,22,tied,,22,0.9083333333333333,0.0,0.0,0.0,1,0,0,0,0,1,0.051931072026491165,0.3809584975242615,1.0,0.06901130080223083,1.0,0.0,0.3809584975242615,1.0,1,0.20740361511707306,1.0,0.0,0.0,0.34703296422958374,0.20076969265937805,2,2,-0.17355488240718842,0.0
3200001,OP9,9400001,OP9:9400001,23,tied,dropped_the_flag|tagged_while_carrying,23,0.9041666666666667,0.0,0.0,0.0,1,0,0,0,0,1,0.050304461270570755,0.27397769689559937,1.0,0.13034465909004211,1.0,0.0,0.27397769689559937,1.0,1,0.1346834897994995,1.0,0.0,0.0,0.38959676027297974,0.24440686404705048,2,2,-0.13929420709609985,0.0
3200001,OP9,9400001,OP9:9400001,24,tied,,24,0.9,0.0,0.0,0.0,0,0,1,0,0,1,0.04610290378332138,0.16810061037540436,0.0,nan,0.0,0.0,nan,0.0,0,nan,0.0,0.0,0.0,0.42758050560951233,0.2904749810695648,2,2,nan,nan
3200001,OP9,9400001,OP9:9400001,25,tied,,25,0.8958333333333334,0.0,0.0,0.0,0,0,1,0,0,0,0.04144568368792534,0.06813283264636993,0.0,nan,0.0,0.0,nan,0.0,0,nan,0.0,0.0,0.0,0.4792536795139313,0.3388417363166809,2,2,nan,nan
3200001,OP9,9400001,OP9:9400001,26,tied,,26,0.8916666666666666,0.0,0.0,0.0,0,0,1,0,0,0,0.0367884635925293,0.0649285838007927,0.0,nan,0.0,0.0,nan,0.0,0,nan,0.0,0.0,0.0,0.4957243502140045,0.3304792046546936,2,2,nan,nan
3200001,OP9,9400001,OP9:9400001,27,tied,,27,0.8875,0.0,0.0,0.0,0,0,1,0,0,1,0.086897112429142,0.1669256091117859,0.0,nan,0.0,0.0,nan,0.0,0,nan,0.0,0.0,0.0,0.46421289443969727,0.27602919936180115,2,2,nan,nan
3200001,OP9,9400001,OP9:9400001,28,tied,,28,0.8833333333333333,0.0,0.0,0.0,0,0,1,0,0,1,0.11035730689764023,0.271600604057312,0.0,nan,0.0,0.0,nan,0.0,0,nan,0.0,0.0,0.0,0.4139840006828308,0.2215791940689087,2,2,nan,nan
3200001,OP9,9400001,OP9:9400001,29,tied,,29,0.8791666666666667,0.0,0.0,0.0,0,0,1,0,0,1,0.13381752371788025,0.378275603055954,0.0,nan,0.0,0.0,nan,0.0,0,nan,0.0,0.0,0.0,0.362522155046463,0.16712918877601624,2,2,nan,nan
3200001,OP9,9400001,OP9:9400001,30,tied,,30,0.875,0.0,0.0,0.0,0,0,1,0,0,1,0.15688809752464294,0.4844333529472351,0.0,nan,0.0,0.0,nan,0.0,0,nan,0.0,0.0,0.0,0.35127097368240356,0.11267916858196259,2,2,nan,nan
3200001,OP9,9400001,OP9:9400001,31,tied,,31,0.8708333333333333,0.0,0.0,0.0,0,0,1,0,0,1,0.12538783252239227,0.5661953091621399,0.0,nan,0.0,0.0,nan,0.0,0,nan,0.0,0.0,0.0,0.4003419876098633,0.05822915956377983,2,2,nan,nan
3200001,OP9,9400001,OP9:9400001,32,tied,,32,0.8666666666666667,0.0,0.0,0.0,0,0,1,0,0,1,0.13602209091186523,0.5379474759101868,0.0,nan,0.0,0.0,nan,0.0,0,nan,0.0,0.0,0.0,0.4516752362251282,0.07485924661159515,2,2,nan,nan
3200001,OP9,9400001,OP9:9400001,33,tied,,33,0.8625,0.0,0.0,0.0,0,0,1,0,0,1,0.1349526345729828,0.43415752053260803,0.0,nan,0.0,0.0,nan,0.0,0,nan,0.0,0.0,0.0,0.49986323714256287,0.1242356076836586,2,2,nan,nan
3200001,OP9,9400001,OP9:9400001,34,tied,,34,0.8583333333333334,0.0,0.0,0.0,0,0,1,0,0,1,0.12207245826721191,0.32812434434890747,0.0,nan,0.0,0.0,nan,0.0,0,nan,0.0,0.0,0.0,0.5199352502822876,0.1730477213859558,2,2,nan,nan
3200001,OP9,9400001,OP9:9400001,35,tied,,35,0.8541666666666666,0.0,0.0,0.0,0,0,1,0,0,1,0.13387861847877502,0.2407476007938385,0.0,nan,0.0,0.0,nan,0.0,0,nan,0.0,0.0,0.0,0.522936224937439,0.22736938297748566,2,2,nan,nan
3200001,OP9,9400001,OP9:9400001,36,tied,,36,0.85,0.0,0.0,0.0,0,0,1,0,0,0,0.14568476378917694,0.17425531148910522,0.0,nan,0.0,0.0,nan,0.0,0,nan,0.0,0.0,0.0,0.49782314896583557,0.28174057602882385,2,2,nan,nan
3200001,OP9,9400001,OP9:9400001,37,tied,,37,0.8458333333333333,0.0,0.0,0.0,0,0,1,0,0,0,0.15749096870422363,0.1577407866716385,0.0,nan,0.0,0.0,nan,0.0,0,nan,0.0,0.0,0.0,0.512347936630249,0.3120834231376648,2,2,nan,nan
3200001,OP9,9400001,OP9:9400001,38,tied,,38,0.8416666666666667,0.0,0.0,0.0,0,0,1,0,0,0,0.1616835594177246,0.18705332279205322,0.0,nan,0.0,0.0,nan,0.0,0,nan,0.0,0.0,0.0,0.46120205521583557,0.25763341784477234,2,2,nan,nan
3200001,OP9,9400001,OP9:9400001,39,tied,,39,0.8375,0.0,0.0,0.0,0,0,1,0,0,0,0.12630657851696014,0.23238563537597656,0.0,nan,0.0,0.0,nan,0.0,0,nan,0.0,0.0,0.0,0.4108850061893463,0.20318341255187988,2,2,nan,nan
3200001,OP9,9400001,OP9:9400001,40,tied,,40,0.8333333333333334,0.0,0.0,0.0,0,0,1,1,1,0,0.0680658370256424,0.2374449074268341,0.0,nan,0.0,0.0,nan,0.0,0,nan,0.0,0.0,0.0,0.3597111999988556,0.14873340725898743,2,2,nan,nan
3200001,OP9,9400001,OP9:9400001,41,tied,,41,0.8291666666666666,0.0,0.0,0.0,0,0,0,1,1,0,0.05577588081359863,0.23376893997192383,0.0,nan,0.0,0.0,nan,0.0,0,nan,0.0,0.0,0.0,0.3458404541015625,0.09428341686725616,2,2,nan,nan
3200001,OP9,9400001,OP9:9400001,42,tied,,42,0.825,0.0,0.0,0.0,0,0,0,1,1,0,0.002757167909294367,0.17100383341312408,0.0,nan,0.0,0.0,nan,0.0,0,nan,0.0,0.0,0.0,0.39406734704971313,0.10313723981380463,2,2,nan,nan
3200001,OP9,9400001,OP9:9400001,43,tied,,43,0.8208333333333333,0.0,0.0,0.0,0,0,0,1,1,0,0.07666625827550888,0.14054587483406067,0.0,nan,0.0,0.0,nan,0.0,0,nan,0.0,0.0,0.0,0.35431843996047974,0.15756598114967346,2,2,nan,nan
3200001,OP9,9400001,OP9:9400001,44,tied,,44,0.8166666666666667,0.0,0.0,0.0,0,0,0,1,1,0,0.0854073017835617,0.16082695126533508,0.0,nan,0.0,0.0,nan,0.0,0,nan,0.0,0.0,0.0,0.2912657856941223,0.21200565993785858,2,2,nan,nan
3200001,OP9,9400001,OP9:9400001,45,tied,,45,0.8125,0.0,0.0,0.0,0,0,0,1,1,0,0.07688546180725098,0.15694254636764526,0.0,nan,0.0,0.0,nan,0.0,1,nan,1.0,0.0,0.0,0.24008651077747345,0.2605432868003845,2,2,nan,nan
3200001,OP9,9400001,OP9:9400001,46,tied,,46,0.8083333333333333,0.0,0.0,0.0,0,0,0,1,1,1,0.06836362183094025,0.15343549847602844,0.0,nan,0.0,0.0,nan,0.0,1,nan,1.0,1.0,0.0,0.19357697665691376,0.31104472279548645,2,2,nan,nan
3200001,OP9,9400001,OP9:9400001,47,tied,,47,0.8041666666666667,0.0,0.0,0.0,0,0,0,0,1,1,0.05984177440404892,0.1503322422504425,0.0,nan,0.0,0.0,nan,0.0,1,nan,1.0,1.0,0.0,0.1651451289653778,0.3626905083656311,2,2,nan,nan
3200001,OP9,9400001,OP9:9400001,48,tied,,48,0.8,0.0,0.0,0.0,0,0,0,0,1,2,0.05131997913122177,0.14765821397304535,0.0,nan,0.0,0.0,nan,0.0,1,nan,1.0,1.0,0.0,0.2086465060710907,0.41505375504493713,2,2,nan,nan
3200001,OP9,9400001,OP9:9400001,49,tied,,49,0.7958333333333334,0.0,0.0,0.0,0,0,0,0,1,2,0.04279818385839462,0.1454371064901352,0.0,nan,0.0,0.0,nan,0.0,1,nan,1.0,1.0,0.0,0.25958651304244995,0.46789366006851196,2,2,nan,nan
3200001,OP9,9400001,OP9:9400001,50,tied,,50,0.7916666666666666,0.0,0.0,0.0,0,0,0,0,1,2,0.034276388585567474,0.14368990063667297,0.0,nan,0.0,0.0,nan,0.0,1,nan,1.0,1.0,0.0,0.3111812472343445,0.5210651159286499,2,2,nan,nan
3200001,OP9,9400001,OP9:9400001,51,tied,tagged_while_carrying,51,0.7875,0.0,0.0,0.0,1,0,0,0,1,2,0.025830984115600586,0.13733550906181335,1.0,0.10027439892292023,1.0,1.0,0.13733550906181335,0.0,1,0.34769904613494873,1.0,1.0,0.0,0.3628487288951874,0.5744762420654297,2,2,0.21036353707313538,1.0
3200001,OP9,9400001,OP9:9400001,52,tied,,52,0.7833333333333333,0.0,0.0,0.0,1,0,1,0,1,2,0.037262775003910065,0.10158048570156097,1.0,0.1464395523071289,1.0,1.0,0.10158048570156097,0.0,1,0.3099421262741089,1.0,1.0,0.0,0.41407933831214905,0.6275792121887207,2,2,0.2083616405725479,1.0
3200001,OP9,9400001,OP9:9400001,53,tied,dropped_the_flag|tagged_while_carrying,53,0.7791666666666667,0.0,0.0,0.0,1,0,1,0,1,2,0.11084236949682236,0.12055279314517975,1.0,0.15092799067497253,1.0,1.0,0.12055279314517975,0.0,1,0.21096515655517578,1.0,1.0,0.0,0.46569252014160156,0.6248083710670471,2,2,0.09041236340999603,1.0
3200001,OP9,9400001,OP9:9400001,54,tied,,54,0.775,0.0,0.0,0.0,0,0,2,0,1,2,0.10770497471094131,0.1177726536989212,0.0,nan,0.0,0.0,nan,0.0,0,nan,0.0,1.0,0.0,0.4742810130119324,0.5707277655601501,2,2,nan,nan
3200001,OP9,9400001,OP9:9400001,55,tied,,55,0.7708333333333334,0.0,0.0,0.0,0,0,2,0,1,2,0.09793086349964142,0.10897564888000488,0.0,nan,0.0,0.0,nan,0.0,0,nan,0.0,1.0,0.0,0.4625603258609772,0.5162777900695801,2,2,nan,nan
3200001,OP9,9400001,OP9:9400001,56,tied,,56,0.7666666666666666,0.0,0.0,0.0,0,0,2,0,1,2,0.08815674483776093,0.10035987198352814,0.0,nan,0.0,0.0,nan,0.0,0,nan,0.0,1.0,0.0,0.4108960032463074,0.46182781457901,2,2,nan,nan
3200001,OP9,9400001,OP9:9400001,57,tied,,57,0.7625,0.0,0.0,0.0,0,0,2,0,1,2,0.07838263362646103,0.09197625517845154,0.0,nan,0.0,0.0,nan,0.0,0,nan,0.0,0.0,0.0,0.3611322045326233,0.40737786889076233,2,2,nan,nan
3200001,OP9,9400001,OP9:9400001,58,tied,,58,0.7583333333333333,0.0,0.0,0.0,0,0,2,0,1,1,0.07717208564281464,0.0810573399066925,0.0,nan,0.0,0.0,nan,0.0,0,nan,0.0,1.0,0.0,0.32498228549957275,0.37704306840896606,2,2,nan,nan
3200001,OP9,9400001,OP9:9400001,59,tied,,59,0.7541666666666667,0.0,0.0,0.0,0,0,2,0,1,0,0.06641741096973419,0.07092186063528061,0.0,nan,0.0,0.0,nan,0.0,0,nan,0.0,0.0,0.0,0.3435446321964264,0.322593092918396,2,2,nan,nan
3200001,OP9,9400001,OP9:9400001,60,tied,,60,0.75,0.0,0.0,0.0,0,0,2,0,1,0,0.05566268041729927,0.060998864471912384,0.0,nan,0.0,0.0,nan,0.0,0,nan,0.0,0.0,0.0,0.39431679248809814,0.26814308762550354,2,2,nan,nan
3200001,OP9,9400001,OP9:9400001,61,tied,,61,0.7458333333333333,0.0,0.0,0.0,0,0,2,0,0,0,0.04490794986486435,0.05141160637140274,0.0,nan,0.0,0.0,nan,0.0,0,nan,0.0,0.0,0.0,0.4427416920661926,0.2136930674314499,2,2,nan,nan
3200001,OP9,9400001,OP9:9400001,62,tied,,62,0.7416666666666667,0.0,0.0,0.0,0,0,2,0,0,0,0.03415322303771973,0.04238850250840187,0.0,nan,0.0,0.0,nan,0.0,0,nan,0.0,0.0,0.0,0.4383864998817444,0.15924306213855743,2,2,nan,nan
3200001,OP9,9400001,OP9:9400001,63,tied,,63,0.7375,0.0,0.0,0.0,0,0,1,0,0,0,0.05743088573217392,0.08437667042016983,0.0,nan,0.0,0.0,nan,0.0,0,nan,0.0,0.0,0.0,0.38752731680870056,0.09005848318338394,2,2,nan,nan
3200001,OP9,9400001,OP9:9400001,64,tied,,64,0.7333333333333334,0.0,0.0,0.0,0,0,1,0,0,0,0.03963074833154678,0.06286680698394775,0.0,nan,0.0,0.0,nan,0.0,0,nan,0.0,0.0,0.0,0.37136977910995483,0.07838581502437592,2,2,nan,nan
3200001,OP9,9400001,OP9:9400001,65,tied,,65,0.7291666666666667,0.0,0.0,0.0,0,0,0,0,0,0,0.05981631204485893,0.08255545049905777,0.0,nan,0.0,0.0,nan,0.0,0,nan,0.0,0.0,0.0,0.3291410505771637,0.05957430601119995,2,2,nan,nan
3200001,OP9,9400001,OP9:9400001,66,tied,,66,0.725,0.0,0.0,0.0,0,0,0,0,0,0,0.024305248633027077,0.11901205778121948,0.0,nan,0.0,0.0,nan,0.0,0,nan,0.0,0.0,0.0,0.2885388135910034,0.07579582929611206,2,2,nan,nan
3200001,OP9,9400001,OP9:9400001,67,tied,,67,0.7208333333333333,0.0,0.0,0.0,0,0,0,0,0,0,1.9550323031580774e-06,0.11867716163396835,0.0,nan,0.0,0.0,nan,0.0,0,nan,0.0,0.0,0.0,0.2465711534023285,0.12609019875526428,2,2,nan,nan
3200001,OP9,9400001,OP9:9400001,68,tied,,68,0.7166666666666667,0.0,0.0,0.0,0,0,0,0,0,0,0.024309158325195312,0.12327124178409576,0.0,nan,0.0,0.0,nan,0.0,0,nan,0.0,0.0,0.0,0.20772020518779755,0.17883530259132385,2,2,nan,nan
3200001,OP9,9400001,OP9:9400001,69,tied,,69,0.7125,0.0,0.0,0.0,0,0,0,0,0,0,0.023629045113921165,0.12323518097400665,0.0,nan,0.0,0.0,nan,0.0,0,nan,0.0,0.0,0.0,0.18560785055160522,0.22395971417427063,2,2,nan,nan
3200001,OP9,9400001,OP9:9400001,70,tied,,70,0.7083333333333333,0.0,0.0,0.0,0,0,0,0,0,0,0.022948885336518288,0.12320288270711899,0.0,nan,0.0,0.0,nan,0.0,0,nan,0.0,1.0,0.0,0.1345076858997345,0.27251318097114563,2,2,nan,nan
3200001,OP9,9400001,OP9:9400001,71,tied,,71,0.7041666666666666,0.0,0.0,0.0,0,0,0,0,0,1,0.02226877212524414,0.12317444384098053,0.0,nan,0.0,0.0,nan,0.0,0,nan,0.0,1.0,0.0,0.09442372620105743,0.3229528069496155,2,2,nan,nan
3200001,OP9,9400001,OP9:9400001,72,tied,,72,0.7,0.0,0.0,0.0,0,1,0,0,0,1,0.021588612347841263,0.1231498122215271,0.0,nan,0.0,0.0,nan,0.0,0,nan,0.0,1.0,1.0,0.0,0.32271239161491394,2,2,nan,nan
3200001,OP9,9400001,OP9:9400001,73,tied,,73,0.6958333333333333,0.0,0.0,0.0,0,1,0,0,0,2,0.020908499136567116,0.12312902510166168,0.0,nan,0.0,0.0,nan,0.0,1,nan,1.0,1.0,1.0,0.0,0.3376009166240692,2,2,nan,nan
3200001,OP9,9400001,OP9:9400001,74,tied,,74,0.6916666666666667,0.0,0.0,0.0,0,1,0,0,0,2,0.02022838592529297,0.12311206012964249,0.0,nan,0.0,0.0,nan,0.0,1,nan,1.0,1.0,1.0,0.0,0.339607298374176,2,2,nan,nan
3200001,OP9,9400001,OP9:9400001,75,tied,,75,0.6875,0.0,0.0,0.0,0,1,0,0,0,2,0.01954827271401882,0.1230989322066307,0.0,nan,0.0,0.0,nan,0.0,2,nan,1.0,1.0,1.0,0.0,0.3418547213077545,2,2,nan,nan
3200001,OP9,9400001,OP9:9400001,76,tied,,76,0.6833333333333333,0.0,0.0,0.0,1,1,0,0,0,2,0.018699169158935547,0.12185090780258179,1.0,0.4028303027153015,0.0,1.0,0.12185090780258179,0.0,2,0.4028303027153015,1.0,1.0,1.0,0.0,0.34429454803466797,2,2,0.2809793949127197,1.0
3200001,OP9,9400001,OP9:9400001,77,tied,,77,0.6791666666666667,0.0,0.0,0.0,1,1,0,0,0,2,0.06478719413280487,0.0935024544596672,1.0,0.35015469789505005,0.0,1.0,0.0935024544596672,0.0,2,0.35015469789505005,1.0,1.0,1.0,0.0,0.3468608558177948,2,2,0.25665224343538284,1.0
3200001,OP9,9400001,OP9:9400001,78,tied,,78,0.675,0.0,0.0,0.0,1,1,0,0,0,2,0.03677387163043022,0.043509386479854584,1.0,0.2450827807188034,0.0,1.0,0.043509386479854584,0.0,2,0.2450827807188034,1.0,1.0,1.0,0.0,0.32190805673599243,2,2,0.20157339423894882,1.0
3200001,OP9,9400001,OP9:9400001,79,tied,dropped_the_flag|tagged_while_carrying,79,0.6708333333333334,0.0,0.0,0.0,1,1,0,0,0,2,0.009667491540312767,0.06438039988279343,1.0,0.13895905017852783,1.0,1.0,0.06438039988279343,0.0,2,0.13895905017852783,1.0,1.0,1.0,0.0,0.2216840535402298,2,2,0.0745786502957344,1.0
3200001,OP9,9400001,OP9:9400001,80,tied,,80,0.6666666666666667,0.0,0.0,0.0,0,1,1,0,0,2,0.00250244140625,0.05930813029408455,0.0,nan,0.0,0.0,nan,0.0,1,nan,1.0,1.0,1.0,0.0,0.1702703833580017,2,2,nan,nan
3200001,OP9,9400001,OP9:9400001,81,tied,,81,0.6625,0.0,0.0,0.0,0,1,1,0,0,2,0.03507285192608833,0.09874328970909119,0.0,nan,0.0,0.0,nan,0.0,1,nan,1.0,1.0,1.0,0.0,0.15030547976493835,2,2,nan,nan
3200001,OP9,9400001,OP9:9400001,82,tied,,82,0.6583333333333333,0.0,0.0,0.0,0,1,2,0,0,2,0.06115541607141495,0.11926130205392838,0.0,nan,0.0,0.0,nan,0.0,0,nan,0.0,1.0,1.0,0.0,0.11271921545267105,2,2,nan,nan
3200001,OP9,9400001,OP9:9400001,83,tied,,83,0.6541666666666667,0.0,0.0,0.0,0,1,2,0,0,1,0.05389752238988876,0.11543480306863785,0.0,nan,0.0,0.0,nan,0.0,0,nan,0.0,1.0,1.0,0.0,0.16361956298351288,2,2,nan,nan
3200001,OP9,9400001,OP9:9400001,84,tied,,84,0.65,0.0,0.0,0.0,0,1,2,0,0,1,0.04663963243365288,0.1119493842124939,0.0,nan,0.0,0.0,nan,0.0,0,nan,0.0,1.0,1.0,0.0,0.24220207333564758,2,2,nan,nan
3200001,OP9,9400001,OP9:9400001,85,tied,,85,0.6458333333333333,0.0,0.0,0.0,0,1,2,0,0,0,0.03938179090619087,0.10883788764476776,0.0,nan,0.0,0.0,nan,0.0,0,nan,0.0,1.0,1.0,0.0,0.3200342059135437,2,2,nan,nan
3200001,OP9,9400001,OP9:9400001,86,tied,,86,0.6416666666666666,0.0,0.0,0.0,0,1,2,0,0,0,0.03212390094995499,0.10613316297531128,0.0,nan,0.0,0.0,nan,0.0,0,nan,0.0,1.0,1.0,0.0,0.3888128399848938,2,2,nan,nan
3200001,OP9,9400001,OP9:9400001,87,tied,,87,0.6375,0.0,0.0,0.0,0,1,2,0,0,0,0.02486600913107395,0.10386700928211212,0.0,nan,0.0,0.0,nan,0.0,0,nan,0.0,1.0,1.0,0.0,0.4575168490409851,2,2,nan,nan
3200001,OP9,9400001,OP9:9400001,88,tied,capture_conceded,88,0.6333333333333333,0.0,0.0,0.0,0,1,2,0,0,0,0.017608117312192917,0.10206862539052963,0.0,nan,0.0,0.0,nan,0.0,0,nan,0.0,1.0,1.0,0.0,0.5237184166908264,2,2,nan,nan
3200001,OP9,9400001,OP9:9400001,89,trailing,,89,0.6291666666666667,0.0,1.0,-1.0,0,0,1,0,0,0,0.010350179858505726,0.10076308250427246,0.0,nan,0.0,0.0,nan,0.0,0,nan,0.0,0.0,0.0,0.7062897086143494,0.059425681829452515,2,2,nan,nan
3200001,OP9,9400001,OP9:9400001,90,trailing,,90,0.625,0.0,1.0,-1.0,0,0,1,0,0,0,0.04542098194360733,0.06487275660037994,0.0,nan,0.0,0.0,nan,0.0,0,nan,0.0,0.0,0.0,0.7113495469093323,0.07569174468517303,2,2,nan,nan
3200001,OP9,9400001,OP9:9400001,91,trailing,,91,0.6208333333333333,0.0,1.0,-1.0,0,0,0,0,0,0,0.053716279566287994,0.08212176710367203,0.0,nan,0.0,0.0,nan,0.0,0,nan,0.0,0.0,0.0,0.6702748537063599,0.05044887587428093,2,2,nan,nan
3200001,OP9,9400001,OP9:9400001,92,trailing,,92,0.6166666666666667,0.0,1.0,-1.0,0,0,0,0,0,0,0.004852867219597101,0.12422657012939453,0.0,nan,0.0,0.0,nan,0.0,0,nan,0.0,0.0,0.0,0.630760669708252,0.06970486789941788,2,2,nan,nan
3200001,OP9,9400001,OP9:9400001,93,trailing,,93,0.6125,0.0,1.0,-1.0,0,0,0,0,0,0,0.00048828125,0.11991389095783234,0.0,nan,0.0,0.0,nan,0.0,0,nan,0.0,0.0,0.0,0.5931189060211182,0.12272608280181885,2,2,nan,nan
3200001,OP9,9400001,OP9:9400001,94,trailing,,94,0.6083333333333334,0.0,1.0,-1.0,0,0,0,0,0,0,0.005829477217048407,0.11584077030420303,0.0,nan,0.0,0.0,nan,0.0,0,nan,0.0,0.0,0.0,0.5577287673950195,0.17661884427070618,2,2,nan,nan
3200001,OP9,9400001,OP9:9400001,95,trailing,,95,0.6041666666666667,0.0,1.0,-1.0,0,0,0,0,0,0,0.06265954673290253,0.1229420155286789,0.0,nan,0.0,0.0,nan,0.0,0,nan,0.0,0.0,0.0,0.5245367288589478,0.2066384106874466,2,2,nan,nan
3200001,OP9,9400001,OP9:9400001,96,trailing,,96,0.6,0.0,1.0,-1.0,0,0,0,0,0,0,0.11948957294225693,0.15318763256072998,0.0,nan,0.0,0.0,nan,0.0,0,nan,0.0,0.0,0.0,0.49443739652633667,0.24522283673286438,2,2,nan,nan
3200001,OP9,9400001,OP9:9400001,97,trailing,,97,0.5958333333333333,0.0,1.0,-1.0,0,0,0,0,0,0,0.11701636016368866,0.15058699250221252,0.0,nan,0.0,0.0,nan,0.0,0,nan,0.0,0.0,0.0,0.4652616083621979,0.28896135091781616,2,2,nan,nan
3200001,OP9,9400001,OP9:9400001,98,trailing,,98,0.5916666666666667,0.0,1.0,-1.0,0,0,0,0,0,1,0.11454315483570099,0.14798977971076965,0.0,nan,0.0,0.0,nan,0.0,0,nan,0.0,0.0,0.0,0.43458160758018494,0.3358461856842041,2,2,nan,nan
3200001,OP9,9400001,OP9:9400001,99,trailing,,99,0.5875,0.0,1.0,-1.0,0,0,0,0,0,1,0.09619174152612686,0.1309325397014618,0.0,nan,0.0,0.0,nan,0.0,0,nan,0.0,0.0,0.0,0.4048253893852234,0.38945508003234863,2,2,nan,nan
3200001,OP9,9400001,OP9:9400001,100,trailing,,100,0.5833333333333333,0.0,1.0,-1.0,0,0,0,0,0,2,0.07784018665552139,0.11448492854833603,0.0,nan,0.0,0.0,nan,0.0,0,nan,0.0,1.0,0.0,0.357127845287323,0.4432690739631653,2,2,nan,nan
3200001,OP9,9400001,OP9:9400001,101,trailing,,101,0.5791666666666666,0.0,1.0,-1.0,0,0,0,0,0,2,0.059488676488399506,0.09895163774490356,0.0,nan,0.0,0.0,nan,0.0,1,nan,1.0,1.0,0.0,0.3568263649940491,0.49722155928611755,2,2,nan,nan
3200001,OP9,9400001,OP9:9400001,102,trailing,,102,0.575,0.0,1.0,-1.0,0,0,1,0,0,2,0.0411372184753418,0.08483625948429108,0.0,nan,0.0,0.0,nan,0.0,0,nan,0.0,1.0,0.0,0.37273460626602173,0.551271915435791,2,2,nan,nan
3200001,OP9,9400001,OP9:9400001,103,trailing,,103,0.5708333333333333,0.0,1.0,-1.0,0,0,1,0,0,2,0.07260694354772568,0.14171954989433289,0.0,nan,0.0,0.0,nan,0.0,1,nan,1.0,1.0,0.0,0.4020245671272278,0.554154098033905,2,2,nan,nan
3200001,OP9,9400001,OP9:9400001,104,trailing,,104,0.5666666666666667,0.0,1.0,-1.0,1,0,1,0,0,2,0.07583670318126678,0.24911165237426758,1.0,0.16942696273326874,1.0,0.0,0.24911165237426758,1.0,1,0.2983957529067993,1.0,0.0,0.0,0.44390669465065,0.4820941090583801,2,2,0.04928410053253174,1.0
3200001,OP9,9400001,OP9:9400001,105,trailing,,105,0.5625,0.0,1.0,-1.0,1,0,1,0,0,2,0.01476440392434597,0.287792831659317,1.0,0.11742185056209564,1.0,0.0,0.287792831659317,1.0,1,0.2298385351896286,1.0,0.0,0.0,0.48878923058509827,0.4276440739631653,2,2,-0.057954296469688416,0.0
3200001,OP9,9400001,OP9:9400001,106,trailing,dropped_the_flag|tagged_while_carrying,106,0.5583333333333333,0.0,1.0,-1.0,1,0,1,0,0,1,0.017898082733154297,0.2965558171272278,1.0,0.0735209509730339,1.0,0.0,0.2965558171272278,1.0,1,0.1311919093132019,1.0,0.0,0.0,0.5387190580368042,0.37319403886795044,2,2,-0.16536390781402588,0.0
3200001,OP9,9400001,OP9:9400001,107,trailing,,107,0.5541666666666667,0.0,1.0,-1.0,0,0,2,0,0,1,0.015707731246948242,0.3209502696990967,0.0,nan,0.0,0.0,nan,0.0,0,nan,0.0,0.0,0.0,0.5660212635993958,0.318744033575058,2,2,nan,nan
3200001,OP9,9400001,OP9:9400001,108,trailing,,108,0.55,0.0,1.0,-1.0,0,0,2,0,0,1,0.005538654513657093,0.2985905408859253,0.0,nan,0.0,0.0,nan,0.0,0,nan,0.0,0.0,0.0,0.6267890334129333,0.2642940282821655,2,2,nan,nan
3200001,OP9,9400001,OP9:9400001,109,trailing,,109,0.5458333333333334,0.0,1.0,-1.0,0,0,2,0,0,1,0.008584881201386452,0.29836809635162354,0.0,nan,0.0,0.0,nan,0.0,0,nan,0.0,0.0,0.0,0.6372708678245544,0.20984402298927307,2,2,nan,nan
3200001,OP9,9400001,OP9:9400001,110,trailing,,110,0.5416666666666667,0.0,1.0,-1.0,0,0,2,0,0,1,0.011631106957793236,0.29817691445350647,0.0,nan,0.0,0.0,nan,0.0,0,nan,0.0,0.0,0.0,0.6070936918258667,0.15539401769638062,2,2,nan,nan
3200001,OP9,9400001,OP9:9400001,111,trailing,,111,0.5375,0.0,1.0,-1.0,0,0,2,0,0,0,0.014677238650619984,0.2980170249938965,0.0,nan,0.0,0.0,nan,0.0,0,nan,0.0,0.0,0.0,0.5567086935043335,0.10094401985406876,2,2,nan,nan
3200001,OP9,9400001,OP9:9400001,112,trailing,,112,0.5333333333333333,0.0,1.0,-1.0,0,0,1,0,0,0,0.017723465338349342,0.29788851737976074,0.0,nan,0.0,0.0,nan,0.0,0,nan,0.0,0.0,0.0,0.5054721832275391,0.0464940145611763,2,2,nan,nan
3200001,OP9,9400001,OP9:9400001,113,trailing,,113,0.5291666666666667,0.0,1.0,-1.0,0,0,1,0,0,0,0.0684565082192421,0.25219517946243286,0.0,nan,0.0,0.0,nan,0.0,0,nan,0.0,0.0,0.0,0.45393165946006775,0.06727887690067291,2,2,nan,nan
3200001,OP9,9400001,OP9:9400001,114,trailing,,114,0.525,0.0,1.0,-1.0,0,0,1,0,0,0,0.07088451087474823,0.1518598198890686,0.0,nan,0.0,0.0,nan,0.0,0,nan,0.0,0.0,0.0,0.44302597641944885,0.11452064663171768,2,2,nan,nan
3200001,OP9,9400001,OP9:9400001,115,trailing,,115,0.5208333333333333,0.0,1.0,-1.0,0,0,1,0,0,0,0.06258855015039444,0.06766755133867264,0.0,nan,0.0,0.0,nan,0.0,0,nan,0.0,0.0,0.0,0.39304685592651367,0.16275283694267273,2,2,nan,nan
3200001,OP9,9400001,OP9:9400001,116,trailing,,116,0.5166666666666666,0.0,1.0,-1.0,0,0,1,0,0,0,0.05429263040423393,0.09906218945980072,0.0,nan,0.0,0.0,nan,0.0,0,nan,0.0,0.0,0.0,0.3449389338493347,0.12649761140346527,2,2,nan,nan
3200001,OP9,9400001,OP9:9400001,117,trailing,,117,0.5125,0.0,1.0,-1.0,0,0,0,1,1,0,0.045996762812137604,0.19688746333122253,0.0,nan,0.0,0.0,nan,0.0,0,nan,0.0,0.0,0.0,0.29554492235183716,0.07204761356115341,2,2,nan,nan
3200001,OP9,9400001,OP9:9400001,118,trailing,,118,0.5083333333333333,0.0,1.0,-1.0,0,0,0,1,1,0,0.012963628396391869,0.24878254532814026,0.0,nan,0.0,0.0,nan,0.0,0,nan,0.0,0.0,0.0,0.2737794518470764,0.08500457555055618,2,2,nan,nan
3200001,OP9,9400001,OP9:9400001,119,trailing,,119,0.5041666666666667,0.0,1.0,-1.0,0,0,0,1,1,0,0.03546743467450142,0.25377699732780457,0.0,nan,0.0,0.0,nan,0.0,0,nan,0.0,0.0,0.0,0.31912675499916077,0.1381034553050995,2,2,nan,nan
3200001,OP9,9400001,OP9:9400001,120,trailing,,120,0.5,0.0,1.0,-1.0,0,0,0,1,1,1,0.05797123908996582,0.2606564164161682,0.0,nan,0.0,0.0,nan,0.0,0,nan,0.0,0.0,0.0,0.3707895874977112,0.19196079671382904,2,2,nan,nan
3200001,OP9,9400001,OP9:9400001,121,trailing,,121,0.49583333333333335,0.0,1.0,-1.0,0,0,0,1,1,1,0.05460095405578613,0.26030948758125305,0.0,nan,0.0,0.0,nan,0.0,0,nan,0.0,0.0,0.0,0.4093955457210541,0.2387116402387619,2,2,nan,nan
3200001,OP9,9400001,OP9:9400001,122,trailing,,122,0.4916666666666667,0.0,1.0,-1.0,0,0,0,1,1,1,0.051230669021606445,0.2600063681602478,0.0,nan,0.0,0.0,nan,0.0,0,nan,0.0,0.0,0.0,0.4219294488430023,0.2881790101528168,2,2,nan,nan
3200001,OP9,9400001,OP9:9400001,123,trailing,,123,0.48750000000000004,0.0,1.0,-1.0,0,0,1,1,1,1,0.04786038398742676,0.2597472369670868,0.0,nan,0.0,0.0,nan,0.0,0,nan,0.0,0.0,0.0,0.4709743559360504,0.3391764461994171,2,2,nan,nan
3200001,OP9,9400001,OP9:9400001,124,trailing,,124,0.4833333333333333,0.0,1.0,-1.0,0,0,1,1,1,1,0.09432773292064667,0.22413215041160583,0.0,nan,0.0,0.0,nan,0.0,0,nan,0.0,0.0,0.0,0.5222536325454712,0.3911058306694031,2,2,nan,nan
3200001,OP9,9400001,OP9:9400001,125,trailing,,125,0.47916666666666663,0.0,1.0,-1.0,0,0,1,0,1,2,0.11538271605968475,0.14132149517536163,0.0,nan,0.0,0.0,nan,0.0,0,nan,0.0,0.0,0.0,0.5716757774353027,0.4436400532722473,2,2,nan,nan
3200001,OP9,9400001,OP9:9400001,126,trailing,,126,0.475,0.0,1.0,-1.0,0,0,1,0,1,2,0.10022597014904022,0.1036032885313034,0.0,nan,0.0,0.0,nan,0.0,0,nan,0.0,0.0,0.0,0.5662857294082642,0.4730854630470276,2,2,nan,nan
3200001,OP9,9400001,OP9:9400001,127,trailing,,127,0.4708333333333333,0.0,1.0,-1.0,0,0,1,0,1,2,0.08506913483142853,0.1587853729724884,0.0,nan,0.0,0.0,nan,0.0,0,nan,0.0,0.0,0.0,0.5180483460426331,0.41863545775413513,2,2,nan,nan
3200001,OP9,9400001,OP9:9400001,128,trailing,,128,0.4666666666666667,0.0,1.0,-1.0,0,0,2,0,1,1,0.069912388920784,0.2518119215965271,0.0,nan,0.0,0.0,nan,0.0,0,nan,0.0,0.0,0.0,0.4957581162452698,0.36418548226356506,2,2,nan,nan
3200001,OP9,9400001,OP9:9400001,129,trailing,,129,0.4625,0.0,1.0,-1.0,0,0,2,0,1,1,0.01626458205282688,0.29958242177963257,0.0,nan,0.0,0.0,nan,0.0,0,nan,0.0,0.0,0.0,0.5330430865287781,0.3097354471683502,2,2,nan,nan
3200001,OP9,9400001,OP9:9400001,130,trailing,,130,0.45833333333333337,0.0,1.0,-1.0,0,0,2,0,1,1,0.028422784060239792,0.3002355694770813,0.0,nan,0.0,0.0,nan,0.0,0,nan,0.0,0.0,0.0,0.575106680393219,0.25528544187545776,2,2,nan,nan
3200001,OP9,9400001,OP9:9400001,131,trailing,,131,0.4541666666666667,0.0,1.0,-1.0,0,0,2,0,1,1,0.029530668631196022,0.3002067506313324,0.0,nan,0.0,0.0,nan,0.0,0,nan,0.0,0.0,0.0,0.5641614198684692,0.2008354365825653,2,2,nan,nan
3200001,OP9,9400001,OP9:9400001,132,trailing,,132,0.44999999999999996,0.0,1.0,-1.0,0,0,2,0,1,1,0.030638504773378372,0.300182044506073,0.0,nan,0.0,0.0,nan,0.0,0,nan,0.0,0.0,0.0,0.5314496755599976,0.14638543128967285,2,2,nan,nan
3200001,OP9,9400001,OP9:9400001,133,trailing,,133,0.4458333333333333,0.0,1.0,-1.0,0,0,1,0,1,0,0.03174638748168945,0.30016154050827026,0.0,nan,0.0,0.0,nan,0.0,0,nan,0.0,0.0,0.0,0.4875233769416809,0.0919354259967804,2,2,nan,nan
3200001,OP9,9400001,OP9:9400001,134,trailing,,134,0.44166666666666665,0.0,1.0,-1.0,0,0,1,0,1,0,0.02708892896771431,0.25934162735939026,0.0,nan,0.0,0.0,nan,0.0,0,nan,0.0,0.0,0.0,0.46331191062927246,0.10114520788192749,2,2,nan,nan
3200001,OP9,9400001,OP9:9400001,135,trailing,,135,0.4375,0.0,1.0,-1.0,0,0,1,0,1,0,0.06174721568822861,0.16913098096847534,0.0,nan,0.0,0.0,nan,0.0,0,nan,0.0,0.0,0.0,0.483478307723999,0.15522554516792297,2,2,nan,nan
3200001,OP9,9400001,OP9:9400001,136,trailing,,136,0.43333333333333335,0.0,1.0,-1.0,0,0,1,0,1,0,0.09640543162822723,0.1119905561208725,0.0,nan,0.0,0.0,nan,0.0,0,nan,0.0,0.0,0.0,0.4324154853820801,0.20949748158454895,2,2,nan,nan
3200001,OP9,9400001,OP9:9400001,137,trailing,,137,0.4291666666666667,0.0,1.0,-1.0,0,0,1,0,1,0,0.13106369972229004,0.1380864828824997,0.0,nan,0.0,0.0,nan,0.0,0,nan,0.0,0.0,0.0,0.38226741552352905,0.17427167296409607,2,2,nan,nan
3200001,OP9,9400001,OP9:9400001,138,trailing,,138,0.42500000000000004,0.0,1.0,-1.0,0,0,1,0,0,0,0.16572192311286926,0.21950681507587433,0.0,nan,0.0,0.0,nan,0.0,0,nan,0.0,0.0,0.0,0.33270126581192017,0.11982165277004242,2,2,nan,nan
3200001,OP9,9400001,OP9:9400001,139,trailing,,139,0.4208333333333333,0.0,1.0,-1.0,0,0,0,0,0,0,0.20038004219532013,0.31605052947998047,0.0,nan,0.0,0.0,nan,0.0,0,nan,0.0,0.0,0.0,0.2819051146507263,0.06537165492773056,2,2,nan,nan
3200001,OP9,9400001,OP9:9400001,140,trailing,,140,0.41666666666666663,0.0,1.0,-1.0,0,0,0,0,0,0,0.2833883464336395,0.40627914667129517,0.0,nan,0.0,0.0,nan,0.0,0,nan,0.0,0.0,0.0,0.23372721672058105,0.07996594905853271,2,2,nan,nan
3200001,OP9,9400001,OP9:9400001,141,trailing,,141,0.4125,0.0,1.0,-1.0,0,0,0,0,0,1,0.26220807433128357,0.38639408349990845,0.0,nan,0.0,0.0,nan,0.0,0,nan,0.0,0.0,0.0,0.1947387158870697,0.13031157851219177,2,2,nan,nan
3200001,OP9,9400001,OP9:9400001,142,trailing,,142,0.4083333333333333,0.0,1.0,-1.0,0,0,0,1,1,1,0.22958557307720184,0.3592081665992737,0.0,nan,0.0,0.0,nan,0.0,0,nan,0.0,0.0,0.0,0.1540994495153427,0.17977064847946167,2,2,nan,nan
3200001,OP9,9400001,OP9:9400001,143,trailing,,143,0.4041666666666667,0.0,1.0,-1.0,0,0,0,1,1,1,0.22315964102745056,0.3525802493095398,0.0,nan,0.0,0.0,nan,0.0,0,nan,0.0,0.0,0.0,0.1871321201324463,0.2338712513446808,2,2,nan,nan
3200001,OP9,9400001,OP9:9400001,144,trailing,,144,0.4,0.0,1.0,-1.0,0,0,1,1,1,1,0.21673372387886047,0.3459760546684265,0.0,nan,0.0,0.0,nan,0.0,0,nan,0.0,0.0,0.0,0.2388034164905548,0.28810352087020874,2,2,nan,nan
3200001,OP9,9400001,OP9:9400001,145,trailing,,145,0.39583333333333337,0.0,1.0,-1.0,0,0,1,1,1,1,0.18860173225402832,0.2730322778224945,0.0,nan,0.0,0.0,nan,0.0,0,nan,0.0,1.0,0.0,0.2904755771160126,0.34240490198135376,2,2,nan,nan
3200001,OP9,9400001,OP9:9400001,146,trailing,,146,0.3916666666666667,0.0,1.0,-1.0,0,0,1,1,1,1,0.20243430137634277,0.22299501299858093,0.0,nan,0.0,0.0,nan,0.0,0,nan,0.0,1.0,0.0,0.3421482443809509,0.39674702286720276,2,2,nan,nan
3200001,OP9,9400001,OP9:9400001,147,trailing,,147,0.38749999999999996,0.0,1.0,-1.0,0,0,1,1,1,2,0.1762874573469162,0.17666955292224884,0.0,nan,0.0,0.0,nan,0.0,0,nan,0.0,0.0,0.0,0.39382117986679077,0.4167214035987854,2,2,nan,nan
3200001,OP9,9400001,OP9:9400001,148,trailing,,148,0.3833333333333333,0.0,1.0,-1.0,0,0,1,1,1,1,0.1501406729221344,0.19019287824630737,0.0,nan,0.0,0.0,nan,0.0,0,nan,0.0,0.0,0.0,0.4454943537712097,0.36227139830589294,2,2,nan,nan
3200001,OP9,9400001,OP9:9400001,149,trailing,,149,0.37916666666666665,0.0,1.0,-1.0,0,0,1,1,1,1,0.12399391829967499,0.2541857063770294,0.0,nan,0.0,0.0,nan,0.0,0,nan,0.0,0.0,0.0,0.44311419129371643,0.3078214228153229,2,2,nan,nan
3200001,OP9,9400001,OP9:9400001,150,trailing,,150,0.375,0.0,1.0,-1.0,0,0,1,1,1,1,0.09784712642431259,0.34135499596595764,0.0,nan,0.0,0.0,nan,0.0,0,nan,0.0,0.0,0.0,0.4766262173652649,0.2533714175224304,2,2,nan,nan
3200001,OP9,9400001,OP9:9400001,151,trailing,,151,0.37083333333333335,0.0,1.0,-1.0,0,0,1,1,1,1,0.07170037925243378,0.43807753920555115,0.0,nan,0.0,0.0,nan,0.0,0,nan,0.0,0.0,0.0,0.5256341695785522,0.19892142713069916,2,2,nan,nan
3200001,OP9,9400001,OP9:9400001,152,trailing,,152,0.3666666666666667,0.0,1.0,-1.0,0,0,1,0,1,1,0.04555368423461914,0.5392369627952576,0.0,nan,0.0,0.0,nan,0.0,1,nan,1.0,0.0,0.0,0.5772589445114136,0.1444714218378067,2,2,nan,nan
3200001,OP9,9400001,OP9:9400001,153,trailing,,153,0.36250000000000004,0.0,1.0,-1.0,0,0,1,0,1,1,0.02418694458901882,0.6296147108078003,0.0,nan,0.0,0.0,nan,0.0,0,nan,0.0,0.0,0.0,0.6276665925979614,0.09002142399549484,2,2,nan,nan
3200001,OP9,9400001,OP9:9400001,154,trailing,,154,0.3583333333333333,0.0,1.0,-1.0,0,0,1,0,1,1,0.08408155292272568,0.6415653824806213,0.0,nan,0.0,0.0,nan,0.0,0,nan,0.0,0.0,0.0,0.6500970721244812,0.09953299164772034,2,2,nan,nan
3200001,OP9,9400001,OP9:9400001,155,trailing,,155,0.35416666666666663,0.0,1.0,-1.0,0,0,1,0,1,1,0.10374660789966583,0.5394129157066345,0.0,nan,0.0,0.0,nan,0.0,0,nan,0.0,0.0,0.0,0.6879118084907532,0.1519944667816162,2,2,nan,nan
3200001,OP9,9400001,OP9:9400001,156,trailing,,156,0.35,0.0,1.0,-1.0,0,0,1,0,1,1,0.08515195548534393,0.4309650957584381,0.0,nan,0.0,0.0,nan,0.0,0,nan,0.0,0.0,0.0,0.6813238859176636,0.1999284327030182,2,2,nan,nan
3200001,OP9,9400001,OP9:9400001,157,trailing,,157,0.3458333333333333,0.0,1.0,-1.0,0,0,1,0,1,1,0.07734274864196777,0.3232470452785492,0.0,nan,0.0,0.0,nan,0.0,0,nan,0.0,0.0,0.0,0.654520571231842,0.25330519676208496,2,2,nan,nan
3200001,OP9,9400001,OP9:9400001,158,trailing,,158,0.3416666666666667,0.0,1.0,-1.0,0,0,1,0,1,1,0.06953354179859161,0.21670512855052948,0.0,nan,0.0,0.0,nan,0.0,0,nan,0.0,0.0,0.0,0.6095205545425415,0.30705907940864563,2,2,nan,nan
3200001,OP9,9400001,OP9:9400001,159,trailing,,159,0.3375,0.0,1.0,-1.0,0,0,1,0,1,1,0.06172442436218262,0.1146661639213562,0.0,nan,0.0,0.0,nan,0.0,0,nan,0.0,0.0,0.0,0.5596396923065186,0.36102166771888733,2,2,nan,nan
3200001,OP9,9400001,OP9:9400001,160,trailing,,160,0.33333333333333337,0.0,1.0,-1.0,0,0,1,0,1,2,0.05391531065106392,0.0552293062210083,0.0,nan,0.0,0.0,nan,0.0,0,nan,0.0,0.0,0.0,0.5079675912857056,0.40409165620803833,2,2,nan,nan
3200001,OP9,9400001,OP9:9400001,161,trailing,,161,0.3291666666666667,0.0,1.0,-1.0,0,0,1,0,1,1,0.08759951591491699,0.13671891391277313,0.0,nan,0.0,0.0,nan,0.0,0,nan,0.0,0.0,0.0,0.45629414916038513,0.3496416211128235,2,2,nan,nan
3200001,OP9,9400001,OP9:9400001,162,trailing,,162,0.32499999999999996,0.0,1.0,-1.0,0,0,1,0,1,1,0.12128372490406036,0.23216037452220917,0.0,nan,0.0,0.0,nan,0.0,0,nan,0.0,0.0,0.0,0.42538341879844666,0.29519161581993103,2,2,nan,nan
3200001,OP9,9400001,OP9:9400001,163,trailing,,163,0.3208333333333333,0.0,1.0,-1.0,0,0,1,0,0,1,0.15496793389320374,0.3296504616737366,0.0,nan,0.0,0.0,nan,0.0,0,nan,0.0,0.0,0.0,0.4621664881706238,0.24074161052703857,2,2,nan,nan
3200001,OP9,9400001,OP9:9400001,164,trailing,,164,0.31666666666666665,0.0,1.0,-1.0,0,0,1,0,0,1,0.18865227699279785,0.42779088020324707,0.0,nan,0.0,0.0,nan,0.0,0,nan,0.0,0.0,0.0,0.4790206551551819,0.18629160523414612,2,2,nan,nan
3200001,OP9,9400001,OP9:9400001,165,trailing,,165,0.3125,0.0,1.0,-1.0,0,0,2,0,0,1,0.15014223754405975,0.5036896467208862,0.0,nan,0.0,0.0,nan,0.0,0,nan,0.0,0.0,0.0,0.5262696743011475,0.13184161484241486,2,2,nan,nan
3200001,OP9,9400001,OP9:9400001,166,trailing,,166,0.30833333333333335,0.0,1.0,-1.0,0,0,1,0,0,1,0.09925155341625214,0.5160417556762695,0.0,nan,0.0,0.0,nan,0.0,0,nan,0.0,0.0,0.0,0.5526761412620544,0.077391617000103,2,2,nan,nan
3200001,OP9,9400001,OP9:9400001,167,trailing,,167,0.3041666666666667,0.0,1.0,-1.0,0,0,1,0,0,1,0.036287736147642136,0.45595890283584595,0.0,nan,0.0,0.0,nan,0.0,0,nan,0.0,0.0,0.0,0.5719197988510132,0.08919309079647064,2,2,nan,nan
3200001,OP9,9400001,OP9:9400001,168,trailing,,168,0.30000000000000004,0.0,1.0,-1.0,0,0,1,0,0,1,0.009503793902695179,0.34956181049346924,0.0,nan,0.0,0.0,nan,0.0,0,nan,0.0,0.0,0.0,0.5691366195678711,0.1427849978208542,2,2,nan,nan
3200001,OP9,9400001,OP9:9400001,169,trailing,,169,0.2958333333333333,0.0,1.0,-1.0,0,0,1,0,0,1,0.017280150204896927,0.24496284127235413,0.0,nan,0.0,0.0,nan,0.0,0,nan,0.0,0.0,0.0,0.5359742641448975,0.19684845209121704,2,2,nan,nan
3200001,OP9,9400001,OP9:9400001,170,trailing,,170,0.29166666666666663,0.0,1.0,-1.0,0,0,1,0,0,0,0.017882108688354492,0.13787467777729034,0.0,nan,0.0,0.0,nan,0.0,0,nan,0.0,0.0,0.0,0.4855387210845947,0.24399518966674805,2,2,nan,nan
3200001,OP9,9400001,OP9:9400001,171,trailing,,171,0.2875,0.0,1.0,-1.0,0,0,1,0,0,0,0.04531426355242729,0.0844469740986824,0.0,nan,0.0,0.0,nan,0.0,0,nan,0.0,0.0,0.0,0.4666876792907715,0.2768773138523102,2,2,nan,nan
3200001,OP9,9400001,OP9:9400001,172,trailing,,172,0.2833333333333333,0.0,1.0,-1.0,0,0,1,0,0,0,0.04215588420629501,0.05580190569162369,0.0,nan,0.0,0.0,nan,0.0,0,nan,0.0,0.0,0.0,0.5122870206832886,0.28328272700309753,2,2,nan,nan
3200001,OP9,9400001,OP9:9400001,173,trailing,,173,0.2791666666666667,0.0,1.0,-1.0,0,0,1,0,0,0,0.03899746015667915,0.14955607056617737,0.0,nan,0.0,0.0,nan,0.0,0,nan,0.0,0.0,0.0,0.5584076046943665,0.22883272171020508,2,2,nan,nan
3200001,OP9,9400001,OP9:9400001,174,trailing,,174,0.275,0.0,1.0,-1.0,0,0,1,0,0,1,0.035839177668094635,0.2547367215156555,0.0,nan,0.0,0.0,nan,0.0,1,nan,1.0,0.0,0.0,0.5077429413795471,0.17438273131847382,2,2,nan,nan
3200001,OP9,9400001,OP9:9400001,175,trailing,,175,0.27083333333333337,0.0,1.0,-1.0,0,0,2,0,0,1,0.03268089145421982,0.3615040183067322,0.0,nan,0.0,0.0,nan,0.0,0,nan,0.0,0.0,0.0,0.4562057554721832,0.11993274837732315,2,2,nan,nan
3200001,OP9,9400001,OP9:9400001,176,trailing,,176,0.2666666666666667,0.0,1.0,-1.0,0,0,1,0,0,1,0.0181397907435894,0.436790406703949,0.0,nan,0.0,0.0,nan,0.0,0,nan,0.0,0.0,0.0,0.4282190799713135,0.0654827430844307,2,2,nan,nan
3200001,OP9,9400001,OP9:9400001,177,trailing,,177,0.26249999999999996,0.0,1.0,-1.0,0,0,1,0,0,1,0.01522903423756361,0.3648737072944641,0.0,nan,0.0,0.0,nan,0.0,0,nan,0.0,0.0,0.0,0.4841366708278656,0.08004748821258545,2,2,nan,nan
3200001,OP9,9400001,OP9:9400001,178,trailing,,178,0.2583333333333333,0.0,1.0,-1.0,0,0,1,0,0,0,0.02630028687417507,0.2576064467430115,0.0,nan,0.0,0.0,nan,0.0,0,nan,0.0,0.0,0.0,0.48956769704818726,0.13040664792060852,2,2,nan,nan
3200001,OP9,9400001,OP9:9400001,179,trailing,,179,0.25416666666666665,0.0,1.0,-1.0,0,0,1,0,0,0,0.03294391557574272,0.15120582282543182,0.0,nan,0.0,0.0,nan,0.0,0,nan,0.0,0.0,0.0,0.5220500230789185,0.18205836415290833,2,2,nan,nan
3200001,OP9,9400001,OP9:9400001,180,trailing,,180,0.25,0.0,1.0,-1.0,0,0,1,0,0,0,0.03166251257061958,0.05030326917767525,0.0,nan,0.0,0.0,nan,0.0,0,nan,0.0,0.0,0.0,0.534012496471405,0.23289892077445984,2,2,nan,nan
3200001,OP9,9400001,OP9:9400001,181,trailing,,181,0.24583333333333335,0.0,1.0,-1.0,0,0,1,0,0,0,0.030381202697753906,0.0757555142045021,0.0,nan,0.0,0.0,nan,0.0,0,nan,0.0,0.0,0.0,0.4886002540588379,0.21249623596668243,2,2,nan,nan
3200001,OP9,9400001,OP9:9400001,182,trailing,,182,0.2416666666666667,0.0,1.0,-1.0,0,0,1,0,0,0,0.02909979782998562,0.180246040225029,0.0,nan,0.0,0.0,nan,0.0,0,nan,0.0,0.0,0.0,0.4380611479282379,0.15804623067378998,2,2,nan,nan
3200001,OP9,9400001,OP9:9400001,183,trailing,,183,0.23750000000000004,0.0,1.0,-1.0,0,0,1,0,0,0,0.003736257553100586,0.29310229420661926,0.0,nan,0.0,0.0,nan,0.0,0,nan,0.0,0.0,0.0,0.38506871461868286,0.10359622538089752,2,2,nan,nan
3200001,OP9,9400001,OP9:9400001,184,trailing,,184,0.23333333333333328,0.0,1.0,-1.0,0,0,0,0,0,1,0.006035995669662952,0.40184321999549866,0.0,nan,0.0,0.0,nan,0.0,0,nan,0.0,0.0,0.0,0.3334074914455414,0.04914621263742447,2,2,nan,nan
3200001,OP9,9400001,OP9:9400001,185,trailing,,185,0.22916666666666663,0.0,1.0,-1.0,0,0,0,0,0,1,0.04586901515722275,0.48227983713150024,0.0,nan,0.0,0.0,nan,0.0,0,nan,0.0,0.0,0.0,0.2834550738334656,0.06889017671346664,2,2,nan,nan
3200001,OP9,9400001,OP9:9400001,186,trailing,,186,0.22499999999999998,0.0,1.0,-1.0,0,0,0,0,0,1,0.07213763892650604,0.4915250241756439,0.0,nan,0.0,0.0,nan,0.0,1,nan,1.0,0.0,0.0,0.2639017403125763,0.12149374186992645,2,2,nan,nan
3200001,OP9,9400001,OP9:9400001,187,trailing,,187,0.22083333333333333,0.0,1.0,-1.0,0,0,0,0,0,1,0.09840621799230576,0.5020503401756287,0.0,nan,0.0,0.0,nan,0.0,1,nan,1.0,0.0,0.0,0.3104124665260315,0.1752289980649948,2,2,nan,nan
3200001,OP9,9400001,OP9:9400001,188,trailing,,188,0.21666666666666667,0.0,1.0,-1.0,1,0,0,0,0,1,0.09065885841846466,0.5013022422790527,1.0,0.15166541934013367,1.0,0.0,0.5013022422790527,1.0,1,0.15166541934013367,1.0,0.0,0.0,0.36199289560317993,0.21738889813423157,2,2,-0.34963682293891907,0.0
3200001,OP9,9400001,OP9:9400001,189,trailing,,189,0.21250000000000002,0.0,1.0,-1.0,1,0,0,0,0,1,0.13500551879405975,0.4647984504699707,1.0,0.15851348638534546,1.0,0.0,0.4647984504699707,1.0,1,0.15851348638534546,1.0,0.0,0.0,0.4136185050010681,0.2636452913284302,2,2,-0.30628496408462524,0.0
3200001,OP9,9400001,OP9:9400001,190,trailing,,190,0.20833333333333337,0.0,1.0,-1.0,1,0,0,0,0,1,0.1308511197566986,0.36381617188453674,1.0,0.1568026840686798,1.0,0.0,0.36381617188453674,1.0,1,0.1568026840686798,1.0,0.0,0.0,0.42129820585250854,0.3098108470439911,2,2,-0.20701348781585693,0.0
3200001,OP9,9400001,OP9:9400001,191,trailing,tagged_while_carrying,191,0.20416666666666672,0.0,1.0,-1.0,1,0,0,0,0,1,0.10582117736339569,0.2572593092918396,1.0,0.15359918773174286,1.0,0.0,0.2572593092918396,1.0,1,0.15359918773174286,1.0,0.0,0.0,0.4028875231742859,0.3565138280391693,2,2,-0.10366012156009674,0.0
3200001,OP9,9400001,OP9:9400001,192,trailing,,192,0.19999999999999996,0.0,1.0,-1.0,1,0,1,0,0,2,0.07797741889953613,0.1521766632795334,1.0,0.11332865059375763,1.0,1.0,0.1521766632795334,0.0,0,inf,0.0,1.0,0.0,0.3514024317264557,0.40380287170410156,2,2,nan,nan
3200001,OP9,9400001,OP9:9400001,193,trailing,,193,0.1958333333333333,0.0,1.0,-1.0,1,0,1,0,0,1,0.0205962173640728,0.09511732310056686,1.0,0.058782629668712616,1.0,1.0,0.09511732310056686,0.0,0,inf,0.0,0.0,0.0,0.34450414776802063,0.38769692182540894,2,2,nan,nan
3200001,OP9,9400001,OP9:9400001,194,trailing,,194,0.19166666666666665,0.0,1.0,-1.0,1,0,1,0,0,1,0.019028235226869583,0.09492217004299164,1.0,0.052314698696136475,1.0,1.0,0.09492217004299164,0.0,0,inf,0.0,0.0,0.0,0.3947482705116272,0.3332469165325165,2,2,nan,nan
3200001,OP9,9400001,OP9:9400001,195,trailing,,195,0.1875,0.0,1.0,-1.0,1,0,1,0,0,0,0.017460251227021217,0.09475277364253998,1.0,0.04217813163995743,1.0,1.0,0.09475277364253998,0.0,0,inf,0.0,0.0,0.0,0.41127580404281616,0.278796911239624,2,2,nan,nan
3200001,OP9,9400001,OP9:9400001,196,trailing,,196,0.18333333333333335,0.0,1.0,-1.0,1,0,1,0,0,0,0.01589226722717285,0.09460923820734024,1.0,0.0753016322851181,1.0,1.0,0.09460923820734024,0.0,1,0.0753016322851181,1.0,0.0,0.0,0.39192384481430054,0.22434692084789276,2,2,-0.019307605922222137,0.0
3200001,OP9,9400001,OP9:9400001,197,trailing,,197,0.1791666666666667,0.0,1.0,-1.0,1,0,1,1,1,0,0.014324283227324486,0.09449173510074615,1.0,0.11111940443515778,1.0,1.0,0.09449173510074615,0.0,0,inf,0.0,0.0,0.0,0.3677493631839752,0.1698969155550003,2,2,nan,nan
3200001,OP9,9400001,OP9:9400001,198,trailing,,198,0.17500000000000004,0.0,1.0,-1.0,1,0,1,1,1,0,0.012756300158798695,0.0944003164768219,1.0,0.141755610704422,1.0,1.0,0.0944003164768219,0.0,0,inf,0.0,0.0,0.0,0.35115060210227966,0.11544690281152725,2,2,nan,nan
3200001,OP9,9400001,OP9:9400001,199,trailing,,199,0.17083333333333328,0.0,1.0,-1.0,1,0,0,1,1,0,0.011188316158950329,0.09433507174253464,1.0,0.14439336955547333,1.0,1.0,0.09433507174253464,0.0,0,inf,0.0,0.0,0.0,0.29956477880477905,0.060996901243925095,2,2,nan,nan
3200001,OP9,9400001,OP9:9400001,200,trailing,,200,0.16666666666666663,0.0,1.0,-1.0,1,0,0,1,1,0,0.044698286801576614,0.06647045910358429,1.0,0.14711518585681915,1.0,1.0,0.06647045910358429,0.0,0,inf,0.0,0.0,0.0,0.2479175627231598,0.07494233548641205,2,2,nan,nan
3200001,OP9,9400001,OP9:9400001,201,trailing,,201,0.16249999999999998,0.0,1.0,-1.0,1,0,0,2,2,0,0.06394286453723907,0.07460741698741913,1.0,0.14986954629421234,1.0,1.0,0.07460741698741913,0.0,0,inf,0.0,0.0,0.0,0.1962505429983139,0.04639003425836563,2,2,nan,nan
3200001,OP9,9400001,OP9:9400001,202,tied,,202,0.15833333333333333,1.0,1.0,0.0,0,0,0,2,2,0,0.04487933963537216,0.11175671964883804,0.0,nan,0.0,0.0,nan,0.0,0,nan,0.0,0.0,0.0,0.19218631088733673,0.01644252799451351,2,2,nan,nan
3200001,OP9,9400001,OP9:9400001,203,tied,,203,0.15416666666666667,1.0,1.0,0.0,0,0,0,2,2,0,0.08348865807056427,0.20803797245025635,0.0,nan,0.0,0.0,nan,0.0,0,nan,0.0,0.0,0.0,0.24347350001335144,0.04456280916929245,2,2,nan,nan
3200001,OP9,9400001,OP9:9400001,204,tied,,204,0.15000000000000002,1.0,1.0,0.0,0,0,0,1,2,0,0.11819610744714737,0.23798580467700958,0.0,nan,0.0,0.0,nan,0.0,1,nan,1.0,0.0,0.0,0.2930806577205658,0.0823349729180336,2,2,nan,nan
3200001,OP9,9400001,OP9:9400001,205,tied,,205,0.14583333333333337,1.0,1.0,0.0,0,0,0,1,2,0,0.10828027874231339,0.23337483406066895,0.0,nan,0.0,0.0,nan,0.0,1,nan,1.0,0.0,0.0,0.343298077583313,0.10511104017496109,2,2,nan,nan
3200001,OP9,9400001,OP9:9400001,206,tied,,206,0.14166666666666672,1.0,1.0,0.0,0,0,0,1,2,0,0.09836435317993164,0.2291005551815033,0.0,nan,0.0,0.0,nan,0.0,1,nan,1.0,0.0,0.0,0.39389240741729736,0.14576426148414612,2,2,nan,nan
3200001,OP9,9400001,OP9:9400001,207,tied,,207,0.13749999999999996,1.0,1.0,0.0,0,0,0,1,2,0,0.0849374309182167,0.20935837924480438,0.0,nan,0.0,0.0,nan,0.0,1,nan,1.0,0.0,0.0,0.444735050201416,0.19953885674476624,2,2,nan,nan
3200001,OP9,9400001,OP9:9400001,208,tied,,208,0.1333333333333333,1.0,1.0,0.0,0,0,0,1,2,0,0.07151045650243759,0.189787358045578,0.0,nan,0.0,0.0,nan,0.0,1,nan,1.0,0.0,0.0,0.4957496225833893,0.2536018490791321,2,2,nan,nan
3200001,OP9,9400001,OP9:9400001,209,tied,,209,0.12916666666666665,1.0,1.0,0.0,0,0,0,1,2,1,0.058083534240722656,0.17044666409492493,0.0,nan,0.0,0.0,nan,0.0,1,nan,1.0,0.0,0.0,0.5235416889190674,0.3078013062477112,2,2,nan,nan
3200001,OP9,9400001,OP9:9400001,210,tied,,210,0.125,1.0,1.0,0.0,0,0,0,1,2,1,0.0446566566824913,0.15142454206943512,0.0,nan,0.0,0.0,nan,0.0,1,nan,1.0,0.0,0.0,0.4934651255607605,0.36207595467567444,2,2,nan,nan
3200001,OP9,9400001,OP9:9400001,211,tied,,211,0.12083333333333335,1.0,1.0,0.0,0,0,0,1,2,1,0.04365839809179306,0.15155252814292908,0.0,nan,0.0,0.0,nan,0.0,1,nan,1.0,0.0,0.0,0.47782665491104126,0.3933893144130707,2,2,nan,nan
3200001,OP9,9400001,OP9:9400001,212,tied,,212,0.1166666666666667,1.0,1.0,0.0,0,0,0,0,2,1,0.04700507968664169,0.1509825587272644,0.0,nan,0.0,0.0,nan,0.0,1,nan,1.0,0.0,0.0,0.4799271523952484,0.4293493628501892,2,2,nan,nan
3200001,OP9,9400001,OP9:9400001,213,tied,,213,0.11250000000000004,1.0,1.0,0.0,0,0,1,0,2,2,0.050351858139038086,0.15050293505191803,0.0,nan,0.0,0.0,nan,0.0,1,nan,1.0,0.0,0.0,0.5062026977539062,0.4688883423805237,2,2,nan,nan
3200001,OP9,9400001,OP9:9400001,214,tied,,214,0.10833333333333328,1.0,1.0,0.0,0,0,1,0,2,2,0.09872589260339737,0.1317683309316635,0.0,nan,0.0,0.0,nan,0.0,1,nan,1.0,0.0,0.0,0.540655255317688,0.5111762881278992,2,2,nan,nan
3200001,OP9,9400001,OP9:9400001,215,tied,,215,0.10416666666666663,1.0,1.0,0.0,0,0,2,0,2,2,0.06115279346704483,0.07072563469409943,0.0,nan,0.0,0.0,nan,0.0,0,nan,0.0,0.0,0.0,0.5244494676589966,0.5314435362815857,2,2,nan,nan
3200001,OP9,9400001,OP9:9400001,216,tied,,216,0.09999999999999998,1.0,1.0,0.0,0,0,2,0,2,2,0.010574579238891602,0.07438372820615768,0.0,nan,0.0,0.0,nan,0.0,0,nan,0.0,0.0,0.0,0.5520623922348022,0.4769935607910156,2,2,nan,nan
3200001,OP9,9400001,OP9:9400001,217,tied,,217,0.09583333333333333,1.0,1.0,0.0,0,0,2,0,2,2,0.009712505154311657,0.07429425418376923,0.0,nan,0.0,0.0,nan,0.0,0,nan,0.0,0.0,0.0,0.5714994072914124,0.42254358530044556,2,2,nan,nan
3200001,OP9,9400001,OP9:9400001,218,tied,,218,0.09166666666666667,1.0,1.0,0.0,0,0,2,0,1,1,0.008850431069731712,0.07421468943357468,0.0,nan,0.0,0.0,nan,0.0,0,nan,0.0,0.0,0.0,0.532632052898407,0.3680935800075531,2,2,nan,nan
3200001,OP9,9400001,OP9:9400001,219,tied,,219,0.08750000000000002,1.0,1.0,0.0,0,0,2,0,1,0,0.007988261990249157,0.07414506375789642,0.0,nan,0.0,0.0,nan,0.0,0,nan,0.0,0.0,0.0,0.4857906401157379,0.31364360451698303,2,2,nan,nan
3200001,OP9,9400001,OP9:9400001,220,tied,,220,0.08333333333333337,1.0,1.0,0.0,0,0,2,0,1,0,0.0071261883713305,0.07408543676137924,0.0,nan,0.0,0.0,nan,0.0,0,nan,0.0,0.0,0.0,0.4779040813446045,0.2591935992240906,2,2,nan,nan
3200001,OP9,9400001,OP9:9400001,221,tied,,221,0.07916666666666672,1.0,1.0,0.0,0,0,2,0,1,0,0.006264018826186657,0.07403580099344254,0.0,nan,0.0,0.0,nan,0.0,0,nan,0.0,0.0,0.0,0.4264797270298004,0.2047436237335205,2,2,nan,nan
3200001,OP9,9400001,OP9:9400001,222,tied,,222,0.07499999999999996,1.0,1.0,0.0,0,0,2,0,0,0,0.005401945207268,0.07399620115756989,0.0,nan,0.0,0.0,nan,0.0,0,nan,0.0,0.0,0.0,0.3748103976249695,0.15029361844062805,2,2,nan,nan
3200001,OP9,9400001,OP9:9400001,223,tied,,223,0.0708333333333333,1.0,1.0,0.0,0,0,1,0,0,0,0.004539775662124157,0.0739666223526001,0.0,nan,0.0,0.0,nan,0.0,0,nan,0.0,0.0,0.0,0.3233587145805359,0.09584362059831619,2,2,nan,nan
3200001,OP9,9400001,OP9:9400001,224,tied,,224,0.06666666666666665,1.0,1.0,0.0,0,0,1,0,0,0,0.051573656499385834,0.05831978842616081,0.0,nan,0.0,0.0,nan,0.0,0,nan,0.0,0.0,0.0,0.2726597189903259,0.10446922481060028,2,2,nan,nan
3200001,OP9,9400001,OP9:9400001,225,tied,,225,0.0625,1.0,1.0,0.0,0,0,0,0,0,0,0.07170219719409943,0.1063910722732544,0.0,nan,0.0,0.0,nan,0.0,0,nan,0.0,0.0,0.0,0.22378671169281006,0.06088262051343918,2,2,nan,nan
3200001,OP9,9400001,OP9:9400001,226,tied,,226,0.05833333333333335,1.0,1.0,0.0,0,0,0,1,1,0,0.14388981461524963,0.1967993676662445,0.0,nan,0.0,0.0,nan,0.0,0,nan,0.0,0.0,0.0,0.17671510577201843,0.07671837508678436,2,2,nan,nan
3200001,OP9,9400001,OP9:9400001,227,tied,,227,0.054166666666666696,1.0,1.0,0.0,0,0,0,1,1,0,0.11363591998815536,0.15190571546554565,0.0,nan,0.0,0.0,nan,0.0,0,nan,0.0,0.0,0.0,0.19775457680225372,0.12647977471351624,2,2,nan,nan
3200001,OP9,9400001,OP9:9400001,228,tied,,228,0.050000000000000044,1.0,1.0,0.0,0,0,0,1,1,0,0.07796487957239151,0.07996273785829544,0.0,nan,0.0,0.0,nan,0.0,0,nan,0.0,0.0,0.0,0.24693885445594788,0.173848956823349,2,2,nan,nan
3200001,OP9,9400001,OP9:9400001,229,tied,,229,0.04583333333333328,1.0,1.0,0.0,0,0,0,1,1,0,0.06070275232195854,0.07777155190706253,0.0,nan,0.0,0.0,nan,0.0,0,nan,0.0,0.0,0.0,0.28895819187164307,0.18569767475128174,2,2,nan,nan
3200001,OP9,9400001,OP9:9400001,230,tied,,230,0.04166666666666663,1.0,1.0,0.0,0,0,0,1,1,0,0.05427098274230957,0.07252717018127441,0.0,nan,0.0,0.0,nan,0.0,0,nan,0.0,0.0,0.0,0.3265647292137146,0.24002476036548615,2,2,nan,nan
3200001,OP9,9400001,OP9:9400001,231,tied,,231,0.03749999999999998,1.0,1.0,0.0,0,0,0,1,1,0,0.04783940315246582,0.06749244034290314,0.0,nan,0.0,0.0,nan,0.0,0,nan,0.0,0.0,0.0,0.28752079606056213,0.2943972945213318,2,2,nan,nan
3200001,OP9,9400001,OP9:9400001,232,tied,,232,0.033333333333333326,1.0,1.0,0.0,0,0,0,1,1,0,0.026155758649110794,0.03780505806207657,0.0,nan,0.0,0.0,nan,0.0,0,nan,0.0,1.0,0.0,0.2690632939338684,0.34879398345947266,2,2,nan,nan
3200001,OP9,9400001,OP9:9400001,233,tied,,233,0.029166666666666674,1.0,1.0,0.0,0,0,0,1,1,1,0.05406608432531357,0.08507987856864929,0.0,nan,0.0,0.0,nan,0.0,0,nan,0.0,1.0,0.0,0.28428199887275696,0.3839620351791382,2,2,nan,nan
3200001,OP9,9400001,OP9:9400001,234,tied,,234,0.025000000000000022,1.0,1.0,0.0,0,0,0,1,1,2,0.044660329818725586,0.07895970344543457,0.0,nan,0.0,0.0,nan,0.0,1,nan,1.0,1.0,0.0,0.3351321220397949,0.4383529722690582,2,2,nan,nan
3200001,OP9,9400001,OP9:9400001,235,tied,,235,0.02083333333333337,1.0,1.0,0.0,0,0,0,1,1,2,0.02532820776104927,0.04869974032044411,0.0,nan,0.0,0.0,nan,0.0,1,nan,1.0,1.0,0.0,0.34053540229797363,0.49275699257850647,2,2,nan,nan
3200001,OP9,9400001,OP9:9400001,236,tied,,236,0.01666666666666672,1.0,1.0,0.0,0,0,0,0,1,2,0.01922006532549858,0.04565088078379631,0.0,nan,0.0,0.0,nan,0.0,2,nan,1.0,1.0,0.0,0.33565860986709595,0.547170102596283,2,2,nan,nan
3200001,OP9,9400001,OP9:9400001,237,tied,,237,0.012499999999999956,1.0,1.0,0.0,0,0,1,0,1,2,0.03164320066571236,0.03998221829533577,0.0,nan,0.0,0.0,nan,0.0,1,nan,1.0,1.0,0.0,0.3435126841068268,0.6015899181365967,2,2,nan,nan
3200001,OP9,9400001,OP9:9400001,238,tied,,238,0.008333333333333304,1.0,1.0,0.0,0,0,1,0,1,2,0.0633518248796463,0.11033718287944794,0.0,nan,0.0,0.0,nan,0.0,1,nan,1.0,1.0,0.0,0.3628522455692291,0.5867623686790466,2,2,nan,nan
3200001,OP9,9400001,OP9:9400001,239,tied,dropped_the_flag,239,0.004166666666666652,1.0,1.0,0.0,1,0,1,0,1,2,0.06398634612560272,0.19575542211532593,1.0,0.07462631165981293,1.0,1.0,0.19575542211532593,0.0,1,0.39375418424606323,1.0,1.0,0.0,0.3822067379951477,0.5339627265930176,2,2,0.1979987621307373,1.0
3200001,OP10,9400000,OP10:9400000,0,tied,,0,1.0,0.0,0.0,0.0,0,0,0,0,0,0,0.10704054683446884,0.17881479859352112,0.0,nan,0.0,0.0,nan,0.0,2,nan,1.0,0.0,0.0,0.7322870492935181,0.22479590773582458,2,2,nan,nan
3200001,OP10,9400000,OP10:9400000,1,tied,,1,0.9958333333333333,0.0,0.0,0.0,0,0,0,0,0,0,0.12972398102283478,0.18908235430717468,0.0,nan,0.0,0.0,nan,0.0,2,nan,1.0,0.0,0.0,0.7087804079055786,0.22328858077526093,2,2,nan,nan
3200001,OP10,9400000,OP10:9400000,2,tied,,2,0.9916666666666667,0.0,0.0,0.0,0,0,0,0,0,0,0.17973598837852478,0.2168508768081665,0.0,nan,0.0,0.0,nan,0.0,2,nan,1.0,0.0,0.0,0.6619839072227478,0.22159604728221893,2,2,nan,nan
3200001,OP10,9400000,OP10:9400000,3,tied,,3,0.9875,0.0,0.0,0.0,0,0,0,0,0,0,0.23530487716197968,0.256972074508667,0.0,nan,0.0,0.0,nan,0.0,2,nan,1.0,0.0,0.0,0.6108711957931519,0.23216649889945984,2,2,nan,nan
3200001,OP10,9400000,OP10:9400000,4,tied,,4,0.9833333333333333,0.0,0.0,0.0,0,0,0,0,0,0,0.29087376594543457,0.303104043006897,0.0,nan,0.0,0.0,nan,0.0,2,nan,1.0,0.0,0.0,0.560289740562439,0.2542191445827484,2,2,nan,nan
3200001,OP10,9400000,OP10:9400000,5,tied,,5,0.9791666666666666,0.0,0.0,0.0,0,0,0,0,0,0,0.2685851454734802,0.28397485613822937,0.0,nan,0.0,0.0,nan,0.0,2,nan,1.0,0.0,0.0,0.5103974342346191,0.307150274515152,2,2,nan,nan
3200001,OP10,9400000,OP10:9400000,6,tied,,6,0.975,0.0,0.0,0.0,0,0,0,0,0,0,0.24629659950733185,0.26552310585975647,0.0,nan,0.0,0.0,nan,0.0,2,nan,1.0,0.0,0.0,0.46141791343688965,0.36053401231765747,2,2,nan,nan
3200001,OP10,9400000,OP10:9400000,7,tied,,7,0.9708333333333333,0.0,0.0,0.0,0,0,1,0,0,1,0.1990097463130951,0.22542648017406464,0.0,nan,0.0,0.0,nan,0.0,0,nan,0.0,0.0,0.0,0.41362515091896057,0.3981342613697052,2,2,nan,nan
3200001,OP10,9400000,OP10:9400000,8,tied,,8,0.9666666666666667,0.0,0.0,0.0,0,0,1,0,0,1,0.2513532042503357,0.25880157947540283,0.0,nan,0.0,0.0,nan,0.0,0,nan,0.0,0.0,0.0,0.40960559248924255,0.4166002869606018,2,2,nan,nan
3200001,OP10,9400000,OP10:9400000,9,tied,,9,0.9625,0.0,0.0,0.0,0,0,1,0,0,1,0.23245081305503845,0.2357751876115799,0.0,nan,0.0,0.0,nan,0.0,0,nan,0.0,0.0,0.0,0.3768377900123596,0.36352109909057617,2,2,nan,nan
3200001,OP10,9400000,OP10:9400000,10,tied,,10,0.9583333333333334,0.0,0.0,0.0,0,0,1,0,0,1,0.20046362280845642,0.24504859745502472,0.0,nan,0.0,0.0,nan,0.0,0,nan,0.0,0.0,0.0,0.3295060992240906,0.3090710937976837,2,2,nan,nan
3200001,OP10,9400000,OP10:9400000,11,tied,,11,0.9541666666666667,0.0,0.0,0.0,0,0,1,0,0,1,0.1684764325618744,0.2952149212360382,0.0,nan,0.0,0.0,nan,0.0,0,nan,0.0,0.0,0.0,0.35429543256759644,0.25462108850479126,2,2,nan,nan
3200001,OP10,9400000,OP10:9400000,12,tied,,12,0.95,0.0,0.0,0.0,0,0,1,0,0,1,0.13648919761180878,0.36999866366386414,0.0,nan,0.0,0.0,nan,0.0,0,nan,0.0,0.0,0.0,0.4042636752128601,0.2001710683107376,2,2,nan,nan
3200001,OP10,9400000,OP10:9400000,13,tied,,13,0.9458333333333333,0.0,0.0,0.0,0,0,1,0,0,1,0.10450196266174316,0.45748263597488403,0.0,nan,0.0,0.0,nan,0.0,0,nan,0.0,0.0,0.0,0.44888144731521606,0.14572107791900635,2,2,nan,nan
3200001,OP10,9400000,OP10:9400000,14,tied,,14,0.9416666666666667,0.0,0.0,0.0,0,0,0,0,0,1,0.07251477241516113,0.5516573190689087,0.0,nan,0.0,0.0,nan,0.0,0,nan,0.0,0.0,0.0,0.4928745627403259,0.0912710651755333,2,2,nan,nan
3200001,OP10,9400000,OP10:9400000,15,tied,,15,0.9375,0.0,0.0,0.0,0,0,0,0,0,1,0.008959579281508923,0.5957160592079163,0.0,nan,0.0,0.0,nan,0.0,0,nan,0.0,0.0,0.0,0.5369072556495667,0.10058436542749405,2,2,nan,nan
3200001,OP10,9400000,OP10:9400000,16,tied,,16,0.9333333333333333,0.0,0.0,0.0,1,0,0,0,0,1,0.03716716915369034,0.5783590078353882,1.0,0.08673204481601715,1.0,0.0,0.5783590078353882,1.0,0,inf,0.0,0.0,0.0,0.581388533115387,0.15311750769615173,2,2,nan,nan
3200001,OP10,9400000,OP10:9400000,17,tied,,17,0.9291666666666667,0.0,0.0,0.0,1,0,0,0,0,1,0.08808264881372452,0.5282591581344604,1.0,0.08149105310440063,1.0,0.0,0.5282591581344604,1.0,0,inf,0.0,0.0,0.0,0.6266907453536987,0.20395509898662567,2,2,nan,nan
3200001,OP10,9400000,OP10:9400000,18,tied,,18,0.925,0.0,0.0,0.0,1,0,0,0,0,1,0.08350439369678497,0.42127156257629395,1.0,0.055349450558423996,1.0,0.0,0.42127156257629395,1.0,0,inf,0.0,0.0,0.0,0.6608473658561707,0.2546733319759369,2,2,nan,nan
3200001,OP10,9400000,OP10:9400000,19,tied,,19,0.9208333333333334,0.0,0.0,0.0,1,0,0,0,0,1,0.06927680969238281,0.3129650950431824,1.0,0.051441289484500885,1.0,0.0,0.3129650950431824,1.0,0,inf,0.0,0.0,0.0,0.6414183378219604,0.30618077516555786,2,2,nan,nan
3200001,OP10,9400000,OP10:9400000,20,tied,,20,0.9166666666666666,0.0,0.0,0.0,1,0,0,0,0,1,0.053789474070072174,0.2049451619386673,1.0,0.056053124368190765,1.0,1.0,0.2049451619386673,0.0,0,inf,0.0,0.0,0.0,0.603506326675415,0.3582210838794708,2,2,nan,nan
3200001,OP10,9400000,OP10:9400000,21,tied,,21,0.9125,0.0,0.0,0.0,1,0,0,0,0,2,0.03606414794921875,0.09777209907770157,1.0,0.07707951962947845,1.0,1.0,0.09777209907770157,0.0,0,inf,0.0,0.0,0.0,0.5780019164085388,0.41029828786849976,2,2,nan,nan
3200001,OP10,9400000,OP10:9400000,22,tied,,22,0.9083333333333333,0.0,0.0,0.0,1,0,0,0,0,2,0.048410557210445404,0.06834203004837036,1.0,0.08830709010362625,1.0,1.0,0.06834203004837036,0.0,0,inf,0.0,0.0,0.0,0.5133213400840759,0.43161725997924805,2,2,nan,nan
3200001,OP10,9400000,OP10:9400000,23,tied,,23,0.9041666666666667,0.0,0.0,0.0,1,0,0,0,0,1,0.004771709442138672,0.11650444567203522,1.0,0.07265540212392807,1.0,1.0,0.11650444567203522,0.0,0,inf,0.0,0.0,0.0,0.4459317624568939,0.377167284488678,2,2,nan,nan
3200001,OP10,9400000,OP10:9400000,24,tied,,24,0.9,0.0,0.0,0.0,1,0,0,0,0,1,0.029332781210541725,0.12298212200403214,1.0,0.08658388257026672,1.0,1.0,0.12298212200403214,0.0,0,inf,0.0,0.0,0.0,0.4086698889732361,0.32271724939346313,2,2,nan,nan
3200001,OP10,9400000,OP10:9400000,25,tied,,25,0.8958333333333334,0.0,0.0,0.0,1,0,0,1,1,1,0.03585796430706978,0.1460663229227066,1.0,0.07366152107715607,1.0,1.0,0.1460663229227066,0.0,0,inf,0.0,0.0,0.0,0.340398371219635,0.2682672142982483,2,2,nan,nan
3200001,OP10,9400000,OP10:9400000,26,tied,,26,0.8916666666666666,0.0,0.0,0.0,1,0,0,1,1,0,0.03595786169171333,0.1273598074913025,1.0,0.1211477667093277,1.0,1.0,0.1273598074913025,0.0,0,inf,0.0,0.0,0.0,0.3226127326488495,0.21381720900535583,2,2,nan,nan
3200001,OP10,9400000,OP10:9400000,27,tied,,27,0.8875,0.0,0.0,0.0,1,0,0,2,2,0,0.01988997496664524,0.12800633907318115,1.0,0.18473610281944275,0.0,1.0,0.12800633907318115,0.0,0,inf,0.0,0.0,0.0,0.3439181447029114,0.15936721861362457,2,2,nan,nan
3200001,OP10,9400000,OP10:9400000,28,tied,,28,0.8833333333333333,0.0,0.0,0.0,1,0,0,2,2,0,0.0038221359718590975,0.13078072667121887,1.0,0.2357815057039261,0.0,1.0,0.13078072667121887,0.0,0,inf,0.0,0.0,0.0,0.3378979563713074,0.10491720587015152,2,2,nan,nan
3200001,OP10,9400000,OP10:9400000,29,tied,,29,0.8791666666666667,0.0,0.0,0.0,1,0,0,2,2,0,0.012245702557265759,0.13555237650871277,1.0,0.3420787751674652,0.0,1.0,0.13555237650871277,0.0,0,inf,0.0,0.0,0.0,0.3912096321582794,0.050467200577259064,2,2,nan,nan
3200001,OP10,9400000,OP10:9400000,30,leading,,30,0.875,1.0,0.0,1.0,0,0,0,2,2,0,0.004138612654060125,0.1106255054473877,0.0,nan,0.0,0.0,nan,0.0,0,nan,0.0,0.0,0.0,0.44394922256469727,0.02051970176398754,2,2,nan,nan
3200001,OP10,9400000,OP10:9400000,31,leading,,31,0.8708333333333333,1.0,0.0,1.0,0,0,0,2,2,0,0.09311909973621368,0.17033420503139496,0.0,nan,0.0,0.0,nan,0.0,0,nan,0.0,0.0,0.0,0.4969475269317627,0.04274063557386398,2,2,nan,nan
3200001,OP10,9400000,OP10:9400000,32,leading,,32,0.8666666666666667,1.0,0.0,1.0,0,0,0,2,2,0,0.13956236839294434,0.21077153086662292,0.0,nan,0.0,0.0,nan,0.0,0,nan,0.0,0.0,0.0,0.550129771232605,0.08306069672107697,2,2,nan,nan
3200001,OP10,9400000,OP10:9400000,33,leading,,33,0.8625,1.0,0.0,1.0,0,0,0,1,2,0,0.12787795066833496,0.20323458313941956,0.0,nan,0.0,0.0,nan,0.0,1,nan,1.0,0.0,0.0,0.6034473180770874,0.10803043842315674,2,2,nan,nan
3200001,OP10,9400000,OP10:9400000,34,leading,,34,0.8583333333333334,1.0,0.0,1.0,0,0,0,0,2,0,0.07802820205688477,0.15678344666957855,0.0,nan,0.0,0.0,nan,0.0,2,nan,1.0,0.0,0.0,0.6568673253059387,0.14957164227962494,2,2,nan,nan
3200001,OP10,9400000,OP10:9400000,35,leading,,35,0.8541666666666666,1.0,0.0,1.0,0,0,0,0,2,0,0.02817850187420845,0.11744540929794312,0.0,nan,0.0,0.0,nan,0.0,2,nan,1.0,0.0,0.0,0.6822434067726135,0.19749018549919128,2,2,nan,nan
3200001,OP10,9400000,OP10:9400000,36,leading,,36,0.85,1.0,0.0,1.0,0,0,0,0,2,0,0.021671200171113014,0.09455890953540802,0.0,nan,0.0,0.0,nan,0.0,2,nan,1.0,0.0,0.0,0.7187831401824951,0.24811828136444092,2,2,nan,nan
3200001,OP10,9400000,OP10:9400000,37,leading,,37,0.8458333333333333,1.0,0.0,1.0,0,0,0,0,2,0,0.05817580223083496,0.08379097282886505,0.0,nan,0.0,0.0,nan,0.0,2,nan,1.0,0.0,0.0,0.7138602137565613,0.3000876307487488,2,2,nan,nan
3200001,OP10,9400000,OP10:9400000,38,leading,,38,0.8416666666666667,1.0,0.0,1.0,0,0,0,0,2,1,0.060169268399477005,0.08531505614519119,0.0,nan,0.0,0.0,nan,0.0,2,nan,1.0,0.0,0.0,0.7481919527053833,0.352806031703949,2,2,nan,nan
3200001,OP10,9400000,OP10:9400000,39,leading,,39,0.8375,1.0,0.0,1.0,0,0,0,0,2,2,0.05015101283788681,0.07699678093194962,0.0,nan,0.0,0.0,nan,0.0,2,nan,1.0,0.0,0.0,0.7215803265571594,0.40598177909851074,2,2,nan,nan
3200001,OP10,9400000,OP10:9400000,40,leading,,40,0.8333333333333334,1.0,0.0,1.0,0,0,0,0,2,2,0.040132761001586914,0.06919224560260773,0.0,nan,0.0,0.0,nan,0.0,2,nan,1.0,0.0,0.0,0.6725573539733887,0.4594561457633972,2,2,nan,nan
3200001,OP10,9400000,OP10:9400000,41,leading,,41,0.8291666666666666,1.0,0.0,1.0,0,0,1,0,2,2,0.03011450730264187,0.06209547072649002,0.0,nan,0.0,0.0,nan,0.0,0,nan,0.0,0.0,0.0,0.6257649660110474,0.5131357312202454,2,2,nan,nan
3200001,OP10,9400000,OP10:9400000,42,leading,,42,0.825,1.0,0.0,1.0,0,0,1,0,2,2,0.0738147720694542,0.07468820363283157,0.0,nan,0.0,0.0,nan,0.0,0,nan,0.0,0.0,0.0,0.5916987657546997,0.5456300973892212,2,2,nan,nan
3200001,OP10,9400000,OP10:9400000,43,leading,,43,0.8208333333333333,1.0,0.0,1.0,0,0,1,0,2,2,0.0576971061527729,0.15440714359283447,0.0,nan,0.0,0.0,nan,0.0,0,nan,0.0,0.0,0.0,0.5421618819236755,0.49118009209632874,2,2,nan,nan
3200001,OP10,9400000,OP10:9400000,44,leading,,44,0.8166666666666667,1.0,0.0,1.0,0,0,1,0,2,2,0.037946175783872604,0.25196948647499084,0.0,nan,0.0,0.0,nan,0.0,0,nan,0.0,0.0,0.0,0.49355006217956543,0.4367300570011139,2,2,nan,nan
3200001,OP10,9400000,OP10:9400000,45,leading,,45,0.8125,1.0,0.0,1.0,1,0,1,0,2,1,0.023855209350585938,0.3394456207752228,1.0,0.15486353635787964,1.0,0.0,0.3394456207752228,1.0,0,inf,0.0,0.0,0.0,0.44616562128067017,0.38228005170822144,2,2,nan,nan
3200001,OP10,9400000,OP10:9400000,46,leading,,46,0.8083333333333333,1.0,0.0,1.0,1,0,1,0,1,1,0.030887078493833542,0.40753212571144104,1.0,0.14824719727039337,1.0,0.0,0.40753212571144104,1.0,0,inf,0.0,0.0,0.0,0.3923240900039673,0.3278300166130066,2,2,nan,nan
3200001,OP10,9400000,OP10:9400000,47,leading,,47,0.8041666666666667,1.0,0.0,1.0,1,0,1,0,1,1,0.05233955383300781,0.4132646918296814,1.0,0.09399759769439697,1.0,0.0,0.4132646918296814,1.0,0,inf,0.0,0.0,0.0,0.33863818645477295,0.2733800411224365,2,2,nan,nan
3200001,OP10,9400000,OP10:9400000,48,leading,,48,0.8,1.0,0.0,1.0,1,0,1,0,0,1,0.04935870319604874,0.41308531165122986,1.0,0.06360780447721481,1.0,0.0,0.41308531165122986,1.0,0,inf,0.0,0.0,0.0,0.2851244807243347,0.21893000602722168,2,2,nan,nan
3200001,OP10,9400000,OP10:9400000,49,leading,,49,0.7958333333333334,1.0,0.0,1.0,1,0,1,0,0,1,0.0463777557015419,0.41292744874954224,1.0,0.07866831123828888,1.0,0.0,0.41292744874954224,1.0,0,inf,0.0,0.0,0.0,0.23178288340568542,0.16448000073432922,2,2,nan,nan
3200001,OP10,9400000,OP10:9400000,50,leading,,50,0.7916666666666666,1.0,0.0,1.0,1,0,1,0,0,1,0.043396808207035065,0.41279107332229614,1.0,0.08998863399028778,1.0,0.0,0.41279107332229614,1.0,0,inf,0.0,0.0,0.0,0.1787627637386322,0.11002999544143677,2,2,nan,nan
3200001,OP10,9400000,OP10:9400000,51,leading,,51,0.7875,1.0,0.0,1.0,1,0,0,0,0,1,0.04041586071252823,0.41267627477645874,1.0,0.09577540308237076,1.0,0.0,0.41267627477645874,1.0,0,inf,0.0,0.0,0.0,0.12645888328552246,0.055579982697963715,2,2,nan,nan
3200001,OP10,9400000,OP10:9400000,52,leading,,52,0.7833333333333333,1.0,0.0,1.0,1,0,0,1,1,1,0.01831665076315403,0.36531248688697815,1.0,0.09853686392307281,1.0,0.0,0.36531248688697815,1.0,0,inf,0.0,0.0,0.0,0.07633258402347565,0.07305200397968292,2,2,nan,nan
3200001,OP10,9400000,OP10:9400000,53,leading,,53,0.7791666666666667,1.0,0.0,1.0,1,0,0,1,1,0,0.03795275837182999,0.2609741687774658,1.0,0.09982707351446152,1.0,0.0,0.2609741687774658,1.0,0,inf,0.0,1.0,0.0,0.06258640438318253,0.12201140075922012,2,2,nan,nan
3200001,OP10,9400000,OP10:9400000,54,leading,,54,0.775,1.0,0.0,1.0,1,0,0,1,1,0,0.04365801811218262,0.1557721644639969,1.0,0.10042500495910645,1.0,1.0,0.1557721644639969,0.0,0,inf,0.0,1.0,0.0,0.1165269985795021,0.16971811652183533,2,2,nan,nan
3200001,OP10,9400000,OP10:9400000,55,leading,,55,0.7708333333333334,1.0,0.0,1.0,1,0,0,2,2,0,0.03332967683672905,0.054432470351457596,1.0,0.08184663951396942,1.0,1.0,0.054432470351457596,0.0,0,inf,0.0,0.0,0.0,0.1704699844121933,0.21376469731330872,2,2,nan,nan
3200001,OP10,9400000,OP10:9400000,56,leading,,56,0.7666666666666666,1.0,0.0,1.0,1,0,0,2,2,0,0.03208303451538086,0.06821710616350174,1.0,0.08080706000328064,1.0,1.0,0.06821710616350174,0.0,0,inf,0.0,0.0,0.0,0.2362399399280548,0.17611977458000183,2,2,nan,nan
3200001,OP10,9400000,OP10:9400000,57,leading,,57,0.7625,1.0,0.0,1.0,1,0,0,2,2,0,0.0045473575592041016,0.11812321096658707,1.0,0.17404413223266602,1.0,1.0,0.11812321096658707,0.0,0,inf,0.0,0.0,0.0,0.2897850573062897,0.12166975438594818,2,2,nan,nan
3200001,OP10,9400000,OP10:9400000,58,leading,,58,0.7583333333333333,1.0,0.0,1.0,1,0,0,2,2,0,0.020888090133666992,0.13147038221359253,1.0,0.27830129861831665,0.0,1.0,0.13147038221359253,0.0,0,inf,0.0,0.0,0.0,0.34345513582229614,0.06721976399421692,2,2,nan,nan
3200001,OP10,9400000,OP10:9400000,59,leading,,59,0.7541666666666667,1.0,0.0,1.0,1,0,0,2,2,0,0.005938100628554821,0.11225428432226181,1.0,0.3673136234283447,0.0,1.0,0.11225428432226181,0.0,0,inf,0.0,0.0,0.0,0.3971995413303375,0.030618611723184586,2,2,nan,nan
3200001,OP10,9400000,OP10:9400000,60,leading,,60,0.75,2.0,0.0,2.0,0,0,0,2,2,0,0.00018858909606933594,0.07414668798446655,0.0,nan,0.0,0.0,nan,0.0,0,nan,0.0,0.0,0.0,0.4509917199611664,0.013946771621704102,2,2,nan,nan
3200001,OP10,9400000,OP10:9400000,61,leading,,61,0.7458333333333333,2.0,0.0,2.0,0,0,0,2,2,0,0.08678808063268661,0.12915903329849243,0.0,nan,0.0,0.0,nan,0.0,0,nan,0.0,0.0,0.0,0.5048163533210754,0.032305579632520676,2,2,nan,nan
3200001,OP10,9400000,OP10:9400000,62,leading,,62,0.7416666666666667,2.0,0.0,2.0,0,0,0,1,2,0,0.14598850905895233,0.19274994730949402,0.0,nan,0.0,0.0,nan,0.0,1,nan,1.0,0.0,0.0,0.558664083480835,0.08034329116344452,2,2,nan,nan
3200001,OP10,9400000,OP10:9400000,63,leading,,63,0.7375,2.0,0.0,2.0,0,0,0,1,2,0,0.13427691161632538,0.18403437733650208,0.0,nan,0.0,0.0,nan,0.0,1,nan,1.0,0.0,0.0,0.6125288605690002,0.09894312173128128,2,2,nan,nan
3200001,OP10,9400000,OP10:9400000,64,leading,,64,0.7333333333333334,2.0,0.0,2.0,0,0,0,0,2,0,0.12256531417369843,0.17566758394241333,0.0,nan,0.0,0.0,nan,0.0,2,nan,1.0,0.0,0.0,0.6664064526557922,0.1380363553762436,2,2,nan,nan
3200001,OP10,9400000,OP10:9400000,65,leading,,65,0.7291666666666667,2.0,0.0,2.0,0,0,0,0,2,0,0.11085367202758789,0.16770169138908386,0.0,nan,0.0,0.0,nan,0.0,2,nan,1.0,0.0,0.0,0.7152644395828247,0.1850619912147522,2,2,nan,nan
3200001,OP10,9400000,OP10:9400000,66,leading,,66,0.725,2.0,0.0,2.0,0,0,0,0,2,0,0.09914207458496094,0.16019658744335175,0.0,nan,0.0,0.0,nan,0.0,2,nan,1.0,0.0,0.0,0.7412992715835571,0.2353113889694214,2,2,nan,nan
3200001,OP10,9400000,OP10:9400000,67,leading,,67,0.7208333333333333,2.0,0.0,2.0,0,0,0,0,2,1,0.0874304324388504,0.15321995317935944,0.0,nan,0.0,0.0,nan,0.0,2,nan,1.0,0.0,0.0,0.7451034784317017,0.28709676861763,2,2,nan,nan
3200001,OP10,9400000,OP10:9400000,68,leading,,68,0.7166666666666667,2.0,0.0,2.0,0,0,0,0,2,1,0.07571883499622345,0.14684715867042542,0.0,nan,0.0,0.0,nan,0.0,2,nan,1.0,0.0,0.0,0.7471421957015991,0.33971646428108215,2,2,nan,nan
3200001,OP10,9400000,OP10:9400000,69,leading,,69,0.7125,2.0,0.0,2.0,0,0,0,0,2,1,0.06400718539953232,0.1411599963903427,0.0,nan,0.0,0.0,nan,0.0,2,nan,1.0,0.0,0.0,0.7132316827774048,0.3928353190422058,2,2,nan,nan
3200001,OP10,9400000,OP10:9400000,70,leading,,70,0.7083333333333333,2.0,0.0,2.0,0,0,0,0,2,2,0.052295587956905365,0.13624437153339386,0.0,nan,0.0,0.0,nan,0.0,2,nan,1.0,0.0,0.0,0.6657935380935669,0.44627514481544495,2,2,nan,nan
3200001,OP10,9400000,OP10:9400000,71,leading,,71,0.7041666666666666,2.0,0.0,2.0,0,0,1,0,2,2,0.04058394581079483,0.13218636810779572,0.0,nan,0.0,0.0,nan,0.0,0,nan,0.0,0.0,0.0,0.6262531280517578,0.49993306398391724,2,2,nan,nan
3200001,OP10,9400000,OP10:9400000,72,leading,,72,0.7,2.0,0.0,2.0,0,0,1,0,2,2,0.04468512535095215,0.0853935033082962,0.0,nan,0.0,0.0,nan,0.0,0,nan,0.0,0.0,0.0,0.6245700716972351,0.5537455677986145,2,2,nan,nan
3200001,OP10,9400000,OP10:9400000,73,leading,,73,0.6958333333333333,2.0,0.0,2.0,0,0,1,0,1,2,0.05753474310040474,0.06753403693437576,0.0,nan,0.0,0.0,nan,0.0,0,nan,0.0,0.0,0.0,0.5958773493766785,0.5767370462417603,2,2,nan,nan
3200001,OP10,9400000,OP10:9400000,74,leading,,74,0.6916666666666667,2.0,0.0,2.0,0,0,1,0,1,2,0.05648212507367134,0.1542292684316635,0.0,nan,0.0,0.0,nan,0.0,0,nan,0.0,0.0,0.0,0.5646504759788513,0.5222870707511902,2,2,nan,nan
3200001,OP10,9400000,OP10:9400000,75,leading,,75,0.6875,2.0,0.0,2.0,1,0,1,0,1,2,0.05478234216570854,0.2516879439353943,1.0,0.09953960031270981,1.0,0.0,0.2516879439353943,1.0,0,inf,0.0,0.0,0.0,0.5454602241516113,0.4678370952606201,2,2,nan,nan
3200001,OP10,9400000,OP10:9400000,76,leading,,76,0.6833333333333333,2.0,0.0,2.0,1,0,1,0,0,2,0.10154108703136444,0.3252841830253601,1.0,0.1542360484600067,1.0,0.0,0.3252841830253601,1.0,0,inf,0.0,0.0,0.0,0.5944941639900208,0.41338711977005005,2,2,nan,nan
3200001,OP10,9400000,OP10:9400000,77,leading,,77,0.6791666666666667,2.0,0.0,2.0,1,0,1,0,0,1,0.11031422764062881,0.32988300919532776,1.0,0.08231037855148315,1.0,0.0,0.32988300919532776,1.0,0,inf,0.0,0.0,0.0,0.6364850401878357,0.3589371144771576,2,2,nan,nan
3200001,OP10,9400000,OP10:9400000,78,leading,,78,0.675,2.0,0.0,2.0,1,0,1,0,0,1,0.09815554320812225,0.3258468806743622,1.0,0.05004299804568291,1.0,0.0,0.3258468806743622,1.0,0,inf,0.0,0.0,0.0,0.6535505056381226,0.3044871389865875,2,2,nan,nan
3200001,OP10,9400000,OP10:9400000,79,leading,,79,0.6708333333333334,2.0,0.0,2.0,1,0,1,0,0,1,0.08599696308374405,0.3222194314002991,1.0,0.07510849833488464,1.0,0.0,0.3222194314002991,1.0,0,inf,0.0,0.0,0.0,0.6352949142456055,0.25003713369369507,2,2,nan,nan
3200001,OP10,9400000,OP10:9400000,80,leading,,80,0.6666666666666667,2.0,0.0,2.0,1,0,1,0,0,1,0.07383827865123749,0.31901443004608154,1.0,0.07769383490085602,1.0,0.0,0.31901443004608154,1.0,0,inf,0.0,0.0,0.0,0.5830680131912231,0.19558711349964142,2,2,nan,nan
3200001,OP10,9400000,OP10:9400000,81,leading,,81,0.6625,2.0,0.0,2.0,1,0,1,0,0,1,0.06167969852685928,0.316244900226593,1.0,0.08978834748268127,1.0,0.0,0.316244900226593,1.0,0,inf,0.0,0.0,0.0,0.5418539643287659,0.14113709330558777,2,2,nan,nan
3200001,OP10,9400000,OP10:9400000,82,leading,,82,0.6583333333333333,2.0,0.0,2.0,1,0,0,0,0,0,0.04952101781964302,0.3139222264289856,1.0,0.07824120670557022,1.0,0.0,0.3139222264289856,1.0,0,inf,0.0,0.0,0.0,0.4741972088813782,0.08668708056211472,2,2,nan,nan
3200001,OP10,9400000,OP10:9400000,83,leading,,83,0.6541666666666667,2.0,0.0,2.0,1,0,0,0,0,0,0.010205554775893688,0.2555716633796692,1.0,0.08985282480716705,1.0,0.0,0.2555716633796692,1.0,0,inf,0.0,0.0,0.0,0.43293190002441406,0.09675035625696182,2,2,nan,nan
3200001,OP10,9400000,OP10:9400000,84,leading,,84,0.65,2.0,0.0,2.0,1,0,0,0,0,0,0.045701123774051666,0.16243964433670044,1.0,0.09572379291057587,1.0,1.0,0.16243964433670044,0.0,0,inf,0.0,0.0,0.0,0.3846195340156555,0.15094098448753357,2,2,nan,nan
3200001,OP10,9400000,OP10:9400000,85,leading,,85,0.6458333333333333,2.0,0.0,2.0,1,0,0,1,1,0,0.08119659125804901,0.0988563820719719,1.0,0.09851521253585815,1.0,1.0,0.0988563820719719,0.0,0,inf,0.0,0.0,0.0,0.33301088213920593,0.20526893436908722,2,2,nan,nan
3200001,OP10,9400000,OP10:9400000,86,leading,,86,0.6416666666666666,2.0,0.0,2.0,1,0,0,2,2,0,0.045552778989076614,0.05611696094274521,1.0,0.14109767973423004,1.0,1.0,0.05611696094274521,0.0,0,inf,0.0,0.0,0.0,0.3211206793785095,0.1800576150417328,2,2,nan,nan
3200001,OP10,9400000,OP10:9400000,87,leading,,87,0.6375,2.0,0.0,2.0,1,0,0,2,2,0,0.026027536019682884,0.07385952025651932,1.0,0.19442179799079895,0.0,1.0,0.07385952025651932,0.0,0,inf,0.0,0.0,0.0,0.3166288733482361,0.12560760974884033,2,2,nan,nan
3200001,OP10,9400000,OP10:9400000,88,leading,,88,0.6333333333333333,2.0,0.0,2.0,1,0,0,2,2,0,0.017133761197328568,0.08737485110759735,1.0,0.3007858991622925,0.0,1.0,0.08737485110759735,0.0,0,inf,0.0,0.0,0.0,0.3701784014701843,0.07115761190652847,2,2,nan,nan
3200001,OP10,9400000,OP10:9400000,89,leading,,89,0.6291666666666667,2.0,0.0,2.0,1,0,0,2,2,0,0.011560296639800072,0.07844586670398712,1.0,0.3912709355354309,0.0,1.0,0.07844586670398712,0.0,0,inf,0.0,0.0,0.0,0.42314738035202026,0.03241228684782982,2,2,nan,nan
3200001,OP10,9400001,OP10:9400001,0,tied,,0,1.0,0.0,0.0,0.0,0,0,0,0,0,0,0.021309733390808105,0.021603552624583244,0.0,nan,0.0,0.0,nan,0.0,2,nan,1.0,0.0,0.0,0.7202118039131165,0.09153562039136887,2,2,nan,nan
3200001,OP10,9400001,OP10:9400001,1,tied,,1,0.9958333333333333,0.0,0.0,0.0,0,0,0,0,0,0,0.06989681720733643,0.07097313553094864,0.0,nan,0.0,0.0,nan,0.0,2,nan,1.0,0.0,0.0,0.6970101594924927,0.06716112047433853,2,2,nan,nan
3200001,OP10,9400001,OP10:9400001,2,tied,,2,0.9916666666666667,0.0,0.0,0.0,0,0,0,0,0,0,0.06546933948993683,0.06672905385494232,0.0,nan,0.0,0.0,nan,0.0,2,nan,1.0,0.0,0.0,0.6508928537368774,0.09192304313182831,2,2,nan,nan
3200001,OP10,9400001,OP10:9400001,3,tied,,3,0.9875,0.0,0.0,0.0,0,0,0,0,0,0,0.06054992601275444,0.06205010414123535,0.0,nan,0.0,0.0,nan,0.0,2,nan,1.0,0.0,0.0,0.6027578115463257,0.135867178440094,2,2,nan,nan
3200001,OP10,9400001,OP10:9400001,4,tied,,4,0.9833333333333333,0.0,0.0,0.0,0,0,0,0,0,0,0.05563046783208847,0.05741884186863899,0.0,nan,0.0,0.0,nan,0.0,2,nan,1.0,0.0,0.0,0.5552592873573303,0.18547114729881287,2,2,nan,nan
3200001,OP10,9400001,OP10:9400001,5,tied,,5,0.9791666666666666,0.0,0.0,0.0,0,0,0,0,0,0,0.07601764053106308,0.08254033327102661,0.0,nan,0.0,0.0,nan,0.0,2,nan,1.0,0.0,0.0,0.5085755586624146,0.23981797695159912,2,2,nan,nan
3200001,OP10,9400001,OP10:9400001,6,tied,,6,0.975,0.0,0.0,0.0,0,0,0,0,0,0,0.04511742666363716,0.05413633584976196,0.0,nan,0.0,0.0,nan,0.0,2,nan,1.0,0.0,0.0,0.46295323967933655,0.2825790047645569,2,2,nan,nan
3200001,OP10,9400001,OP10:9400001,7,tied,,7,0.9708333333333333,0.0,0.0,0.0,0,0,0,0,0,0,0.03706209734082222,0.08111691474914551,0.0,nan,0.0,0.0,nan,0.0,2,nan,1.0,0.0,0.0,0.4187394082546234,0.31134307384490967,2,2,nan,nan
3200001,OP10,9400001,OP10:9400001,8,tied,,8,0.9666666666666667,0.0,0.0,0.0,0,0,0,0,0,1,0.002020883606746793,0.06868331879377365,0.0,nan,0.0,0.0,nan,0.0,2,nan,1.0,0.0,0.0,0.3764306902885437,0.3581196367740631,2,2,nan,nan
3200001,OP10,9400001,OP10:9400001,9,tied,,9,0.9625,0.0,0.0,0.0,0,0,0,0,0,1,0.004090213682502508,0.06824935227632523,0.0,nan,0.0,0.0,nan,0.0,2,nan,1.0,1.0,0.0,0.33674588799476624,0.40681010484695435,2,2,nan,nan
3200001,OP10,9400001,OP10:9400001,10,tied,,10,0.9583333333333334,0.0,0.0,0.0,0,0,0,0,0,2,0.006159591488540173,0.067879818379879,0.0,nan,0.0,0.0,nan,0.0,2,nan,1.0,1.0,0.0,0.2967347502708435,0.4568028450012207,2,2,nan,nan
3200001,OP10,9400001,OP10:9400001,11,tied,,11,0.9541666666666667,0.0,0.0,0.0,0,0,1,0,0,2,0.008228969760239124,0.06757577508687973,0.0,nan,0.0,0.0,nan,0.0,1,nan,1.0,1.0,0.0,0.32039445638656616,0.5077133774757385,2,2,nan,nan
3200001,OP10,9400001,OP10:9400001,12,tied,,12,0.95,0.0,0.0,0.0,0,0,1,0,0,2,0.04227809980511665,0.11140729486942291,0.0,nan,0.0,0.0,nan,0.0,1,nan,1.0,1.0,0.0,0.3523182272911072,0.5210036635398865,2,2,nan,nan
3200001,OP10,9400001,OP10:9400001,13,tied,,13,0.9458333333333333,0.0,0.0,0.0,0,0,1,0,0,2,0.04411892965435982,0.2335304319858551,0.0,nan,0.0,0.0,nan,0.0,1,nan,1.0,1.0,0.0,0.38037288188934326,0.44782668352127075,2,2,nan,nan
3200001,OP10,9400001,OP10:9400001,14,tied,,14,0.9416666666666667,0.0,0.0,0.0,1,0,1,0,0,1,0.03018970414996147,0.3251148760318756,1.0,0.2097352296113968,0.0,0.0,0.3251148760318756,1.0,1,0.33028727769851685,1.0,0.0,0.0,0.39683228731155396,0.3933766484260559,2,2,0.005172401666641235,1.0
3200001,OP10,9400001,OP10:9400001,15,tied,,15,0.9375,0.0,0.0,0.0,1,0,1,0,0,1,0.02612919732928276,0.38951587677001953,1.0,0.17292854189872742,1.0,0.0,0.38951587677001953,1.0,1,0.3025536835193634,1.0,0.0,0.0,0.4458461403846741,0.33892667293548584,2,2,-0.08696219325065613,0.0
3200001,OP10,9400001,OP10:9400001,16,tied,dropped_the_flag|tagged_while_carrying,16,0.9333333333333333,0.0,0.0,0.0,1,0,1,0,0,1,0.04584326595067978,0.3938983976840973,1.0,0.07251854985952377,1.0,0.0,0.3938983976840973,1.0,1,0.21039409935474396,1.0,0.0,0.0,0.4924306273460388,0.2844766676425934,2,2,-0.18350429832935333,0.0
3200001,OP10,9400001,OP10:9400001,17,tied,,17,0.9291666666666667,0.0,0.0,0.0,0,0,2,0,0,1,0.050029657781124115,0.37053486704826355,0.0,nan,0.0,0.0,nan,0.0,0,nan,0.0,0.0,0.0,0.5363256931304932,0.23002664744853973,2,2,nan,nan
3200001,OP10,9400001,OP10:9400001,18,tied,,18,0.925,0.0,0.0,0.0,0,0,2,0,0,1,0.04727964475750923,0.37038856744766235,0.0,nan,0.0,0.0,nan,0.0,0,nan,0.0,0.0,0.0,0.5680330991744995,0.17557665705680847,2,2,nan,nan
3200001,OP10,9400001,OP10:9400001,19,tied,,19,0.9208333333333334,0.0,0.0,0.0,0,0,2,0,0,1,0.04452957957983017,0.3702627122402191,0.0,nan,0.0,0.0,nan,0.0,0,nan,0.0,0.0,0.0,0.55314701795578,0.12112665176391602,2,2,nan,nan
3200001,OP10,9400001,OP10:9400001,20,tied,,20,0.9166666666666666,0.0,0.0,0.0,0,0,1,0,0,1,0.041779566556215286,0.3701574206352234,0.0,nan,0.0,0.0,nan,0.0,0,nan,0.0,0.0,0.0,0.5216777324676514,0.06667665392160416,2,2,nan,nan
3200001,OP10,9400001,OP10:9400001,21,tied,,21,0.9125,0.0,0.0,0.0,0,0,1,0,0,0,0.09046091884374619,0.3298458158969879,0.0,nan,0.0,0.0,nan,0.0,0,nan,0.0,0.0,0.0,0.4777814447879791,0.08093217015266418,2,2,nan,nan
3200001,OP10,9400001,OP10:9400001,22,tied,,22,0.9083333333333333,0.0,0.0,0.0,0,0,1,0,0,0,0.09478597342967987,0.22995834052562714,0.0,nan,0.0,0.0,nan,0.0,0,nan,0.0,0.0,0.0,0.45848149061203003,0.1314331740140915,2,2,nan,nan
3200001,OP10,9400001,OP10:9400001,23,tied,,23,0.9041666666666667,0.0,0.0,0.0,0,0,1,0,0,0,0.08393535763025284,0.13144586980342865,0.0,nan,0.0,0.0,nan,0.0,0,nan,0.0,0.0,0.0,0.5039275288581848,0.17956003546714783,2,2,nan,nan
3200001,OP10,9400001,OP10:9400001,24,tied,,24,0.9,0.0,0.0,0.0,0,0,1,0,0,0,0.09341277927160263,0.09356324374675751,0.0,nan,0.0,0.0,nan,0.0,0,nan,0.0,0.0,0.0,0.4620087742805481,0.21893310546875,2,2,nan,nan
3200001,OP10,9400001,OP10:9400001,25,tied,,25,0.8958333333333334,0.0,0.0,0.0,0,0,1,0,0,0,0.10289015620946884,0.15191443264484406,0.0,nan,0.0,0.0,nan,0.0,0,nan,0.0,0.0,0.0,0.4161873459815979,0.16448310017585754,2,2,nan,nan
3200001,OP10,9400001,OP10:9400001,26,tied,,26,0.8916666666666666,0.0,0.0,0.0,0,0,1,1,1,0,0.11236755549907684,0.24545827507972717,0.0,nan,0.0,0.0,nan,0.0,0,nan,0.0,0.0,0.0,0.3719032406806946,0.1100330799818039,2,2,nan,nan
3200001,OP10,9400001,OP10:9400001,27,tied,,27,0.8875,0.0,0.0,0.0,0,0,0,1,1,0,0.14655299484729767,0.352762907743454,0.0,nan,0.0,0.0,nan,0.0,0,nan,0.0,0.0,0.0,0.36257824301719666,0.055583082139492035,2,2,nan,nan
3200001,OP10,9400001,OP10:9400001,28,tied,,28,0.8833333333333333,0.0,0.0,0.0,0,0,0,1,1,1,0.18046757578849792,0.4241724908351898,0.0,nan,0.0,0.0,nan,0.0,0,nan,0.0,0.0,0.0,0.32308822870254517,0.07305404543876648,2,2,nan,nan
3200001,OP10,9400001,OP10:9400001,29,tied,,29,0.8791666666666667,0.0,0.0,0.0,0,0,0,1,1,1,0.17951735854148865,0.4234541058540344,0.0,nan,0.0,0.0,nan,0.0,0,nan,0.0,0.0,0.0,0.28748810291290283,0.12201396375894547,2,2,nan,nan
3200001,OP10,9400001,OP10:9400001,30,tied,,30,0.875,0.0,0.0,0.0,0,0,0,1,1,1,0.17656126618385315,0.421285480260849,0.0,nan,0.0,0.0,nan,0.0,0,nan,0.0,0.0,0.0,0.2573968768119812,0.17373768985271454,2,2,nan,nan
3200001,OP10,9400001,OP10:9400001,31,tied,,31,0.8708333333333333,0.0,0.0,0.0,0,0,0,1,1,1,0.1726403683423996,0.4095436632633209,0.0,nan,0.0,0.0,nan,0.0,0,nan,0.0,0.0,0.0,0.23494097590446472,0.21763555705547333,2,2,nan,nan
3200001,OP10,9400001,OP10:9400001,32,tied,,32,0.8666666666666667,0.0,0.0,0.0,0,0,0,0,1,1,0.14030084013938904,0.3923760950565338,0.0,nan,0.0,0.0,nan,0.0,1,nan,1.0,0.0,0.0,0.28040093183517456,0.26547184586524963,2,2,nan,nan
3200001,OP10,9400001,OP10:9400001,33,tied,,33,0.8625,0.0,0.0,0.0,0,0,1,0,1,1,0.11283226311206818,0.4021659791469574,0.0,nan,0.0,0.0,nan,0.0,0,nan,0.0,0.0,0.0,0.31410127878189087,0.3154599368572235,2,2,nan,nan
3200001,OP10,9400001,OP10:9400001,34,tied,,34,0.8583333333333334,0.0,0.0,0.0,0,0,1,0,1,1,0.053139351308345795,0.31861090660095215,0.0,nan,0.0,0.0,nan,0.0,0,nan,0.0,0.0,0.0,0.33110126852989197,0.366720974445343,2,2,nan,nan
3200001,OP10,9400001,OP10:9400001,35,tied,,35,0.8541666666666666,0.0,0.0,0.0,0,0,1,0,1,2,0.045372676104307175,0.21083121001720428,0.0,nan,0.0,0.0,nan,0.0,0,nan,0.0,1.0,0.0,0.3499109148979187,0.4187876582145691,2,2,nan,nan
3200001,OP10,9400001,OP10:9400001,36,tied,,36,0.85,0.0,0.0,0.0,0,0,1,0,1,2,0.037606049329042435,0.10462591797113419,0.0,nan,0.0,0.0,nan,0.0,0,nan,0.0,1.0,0.0,0.34570109844207764,0.4713931977748871,2,2,nan,nan
3200001,OP10,9400001,OP10:9400001,37,tied,,37,0.8458333333333333,0.0,0.0,0.0,0,0,1,0,1,2,0.0769433006644249,0.08167408406734467,0.0,nan,0.0,0.0,nan,0.0,0,nan,0.0,1.0,0.0,0.3591479957103729,0.5045246481895447,2,2,nan,nan
3200001,OP10,9400001,OP10:9400001,38,tied,,38,0.8416666666666667,0.0,0.0,0.0,0,0,1,0,1,2,0.060849953442811966,0.14752903580665588,0.0,nan,0.0,0.0,nan,0.0,1,nan,1.0,1.0,0.0,0.3936211168766022,0.4500747323036194,2,2,nan,nan
3200001,OP10,9400001,OP10:9400001,39,tied,,39,0.8375,0.0,0.0,0.0,0,0,1,0,1,1,0.04475655406713486,0.2455114871263504,0.0,nan,0.0,0.0,nan,0.0,1,nan,1.0,0.0,0.0,0.4200131297111511,0.39562469720840454,2,2,nan,nan
3200001,OP10,9400001,OP10:9400001,40,tied,,40,0.8333333333333334,0.0,0.0,0.0,0,0,1,0,1,1,0.028663158416748047,0.3495767414569855,0.0,nan,0.0,0.0,nan,0.0,1,nan,1.0,0.0,0.0,0.46608883142471313,0.3411746919155121,2,2,nan,nan
3200001,OP10,9400001,OP10:9400001,41,tied,,41,0.8291666666666666,0.0,0.0,0.0,1,0,1,0,1,1,0.017821740359067917,0.43620213866233826,1.0,0.14300872385501862,1.0,0.0,0.43620213866233826,1.0,1,0.20970416069030762,1.0,0.0,0.0,0.515617311000824,0.286724716424942,2,2,-0.22649797797203064,0.0
3200001,OP10,9400001,OP10:9400001,42,tied,dropped_the_flag|tagged_while_carrying,42,0.825,0.0,0.0,0.0,1,0,1,0,1,1,0.034375667572021484,0.5124446153640747,1.0,0.11219248920679092,1.0,0.0,0.5124446153640747,1.0,1,0.1792365163564682,1.0,0.0,0.0,0.5663755536079407,0.23227469623088837,2,2,-0.3332080990076065,0.0
3200001,OP10,9400001,OP10:9400001,43,tied,,43,0.8208333333333333,0.0,0.0,0.0,0,0,2,0,1,1,0.08640404045581818,0.5346472263336182,0.0,nan,0.0,0.0,nan,0.0,0,nan,0.0,0.0,0.0,0.6177125573158264,0.1778247058391571,2,2,nan,nan
3200001,OP10,9400001,OP10:9400001,44,tied,,44,0.8166666666666667,0.0,0.0,0.0,0,0,2,0,1,1,0.10242960602045059,0.5509729385375977,0.0,nan,0.0,0.0,nan,0.0,0,nan,0.0,0.0,0.0,0.620653510093689,0.12337472289800644,2,2,nan,nan
3200001,OP10,9400001,OP10:9400001,45,tied,,45,0.8125,0.0,0.0,0.0,0,0,1,0,1,1,0.09575877338647842,0.5504169464111328,0.0,nan,0.0,0.0,nan,0.0,0,nan,0.0,0.0,0.0,0.6469639539718628,0.06892472505569458,2,2,nan,nan
3200001,OP10,9400001,OP10:9400001,46,tied,,46,0.8083333333333333,0.0,0.0,0.0,0,0,1,0,1,1,0.033315517008304596,0.4977912902832031,0.0,nan,0.0,0.0,nan,0.0,0,nan,0.0,0.0,0.0,0.6124333143234253,0.08261872082948685,2,2,nan,nan
3200001,OP10,9400001,OP10:9400001,47,tied,,47,0.8041666666666667,0.0,0.0,0.0,0,0,1,0,0,1,0.004277372267097235,0.39245185256004333,0.0,nan,0.0,0.0,nan,0.0,0,nan,0.0,0.0,0.0,0.5890628099441528,0.13487926125526428,2,2,nan,nan
3200001,OP10,9400001,OP10:9400001,48,tied,,48,0.8,0.0,0.0,0.0,0,0,1,0,0,1,0.024760723114013672,0.2892436683177948,0.0,nan,0.0,0.0,nan,0.0,0,nan,0.0,0.0,0.0,0.5237619280815125,0.18838413059711456,2,2,nan,nan
3200001,OP10,9400001,OP10:9400001,49,tied,,49,0.7958333333333334,0.0,0.0,0.0,0,0,1,0,0,0,0.024545907974243164,0.18235832452774048,0.0,nan,0.0,0.0,nan,0.0,0,nan,0.0,0.0,0.0,0.48843032121658325,0.23255017399787903,2,2,nan,nan
3200001,OP10,9400001,OP10:9400001,50,tied,,50,0.7916666666666666,0.0,0.0,0.0,0,0,1,0,0,0,0.024331092834472656,0.07715271413326263,0.0,nan,0.0,0.0,nan,0.0,0,nan,0.0,0.0,0.0,0.4639485776424408,0.2803572714328766,2,2,nan,nan
3200001,OP10,9400001,OP10:9400001,51,tied,,51,0.7875,0.0,0.0,0.0,0,0,1,0,0,0,0.02411637268960476,0.04190293326973915,0.0,nan,0.0,0.0,nan,0.0,0,nan,0.0,0.0,0.0,0.5063945055007935,0.2920542359352112,2,2,nan,nan
3200001,OP10,9400001,OP10:9400001,52,tied,,52,0.7833333333333333,0.0,0.0,0.0,0,0,1,0,0,0,0.02390160597860813,0.14375151693820953,0.0,nan,0.0,0.0,nan,0.0,0,nan,0.0,0.0,0.0,0.5580681562423706,0.23760423064231873,2,2,nan,nan
3200001,OP10,9400001,OP10:9400001,53,tied,,53,0.7791666666666667,0.0,0.0,0.0,0,0,1,0,0,1,0.023686837404966354,0.25035667419433594,0.0,nan,0.0,0.0,nan,0.0,0,nan,0.0,0.0,0.0,0.6097302436828613,0.18315424025058746,2,2,nan,nan
3200001,OP10,9400001,OP10:9400001,54,tied,,54,0.775,0.0,0.0,0.0,0,0,1,0,0,1,0.023472070693969727,0.35748812556266785,0.0,nan,0.0,0.0,nan,0.0,1,nan,1.0,0.0,0.0,0.6227165460586548,0.128704234957695,2,2,nan,nan
3200001,OP10,9400001,OP10:9400001,55,tied,,55,0.7708333333333334,0.0,0.0,0.0,0,0,0,0,0,1,0.0232573039829731,0.46478208899497986,0.0,nan,0.0,0.0,nan,0.0,1,nan,1.0,0.0,0.0,0.5775632858276367,0.07425422966480255,2,2,nan,nan
3200001,OP10,9400001,OP10:9400001,56,tied,,56,0.7666666666666666,0.0,0.0,0.0,0,0,1,0,0,1,0.06880068778991699,0.5202783942222595,0.0,nan,0.0,0.0,nan,0.0,0,nan,0.0,0.0,0.0,0.5571578145027161,0.08671869337558746,2,2,nan,nan
3200001,OP10,9400001,OP10:9400001,57,tied,,57,0.7625,0.0,0.0,0.0,0,0,1,0,0,1,0.01865396462380886,0.459372341632843,0.0,nan,0.0,0.0,nan,0.0,0,nan,0.0,0.0,0.0,0.5559064745903015,0.1380101889371872,2,2,nan,nan
3200001,OP10,9400001,OP10:9400001,58,tied,,58,0.7583333333333333,0.0,0.0,0.0,0,0,1,0,0,1,0.011997985653579235,0.3397481143474579,0.0,nan,0.0,0.0,nan,0.0,0,nan,0.0,0.0,0.0,0.5590797662734985,0.189006045460701,2,2,nan,nan
3200001,OP10,9400001,OP10:9400001,59,tied,,59,0.7541666666666667,0.0,0.0,0.0,0,0,1,0,0,1,0.010437536053359509,0.23132185637950897,0.0,nan,0.0,0.0,nan,0.0,0,nan,0.0,0.0,0.0,0.5174463391304016,0.24151472747325897,2,2,nan,nan
3200001,OP10,9400001,OP10:9400001,60,tied,,60,0.75,0.0,0.0,0.0,0,0,1,0,0,1,0.008877038955688477,0.12295720726251602,0.0,nan,0.0,0.0,nan,0.0,0,nan,0.0,0.0,0.0,0.49372321367263794,0.2947287857532501,2,2,nan,nan
3200001,OP10,9400001,OP10:9400001,61,tied,,61,0.7458333333333333,0.0,0.0,0.0,0,0,1,0,0,0,0.03023552894592285,0.0659620463848114,0.0,nan,0.0,0.0,nan,0.0,0,nan,0.0,0.0,0.0,0.454323947429657,0.3253273069858551,2,2,nan,nan
3200001,OP10,9400001,OP10:9400001,62,tied,,62,0.7416666666666667,0.0,0.0,0.0,0,0,1,0,0,0,0.025730609893798828,0.05603504180908203,0.0,nan,0.0,0.0,nan,0.0,0,nan,0.0,0.0,0.0,0.44146928191185,0.3320942223072052,2,2,nan,nan
3200001,OP10,9400001,OP10:9400001,63,tied,,63,0.7375,0.0,0.0,0.0,0,0,1,0,0,0,0.034928224980831146,0.11793495714664459,0.0,nan,0.0,0.0,nan,0.0,0,nan,0.0,0.0,0.0,0.4896937906742096,0.27764421701431274,2,2,nan,nan
3200001,OP10,9400001,OP10:9400001,64,tied,,64,0.7333333333333334,0.0,0.0,0.0,0,0,1,0,0,0,0.07619128376245499,0.1768151819705963,0.0,nan,0.0,0.0,nan,0.0,1,nan,1.0,0.0,0.0,0.5362870097160339,0.2231942117214203,2,2,nan,nan
3200001,OP10,9400001,OP10:9400001,65,tied,,65,0.7291666666666667,0.0,0.0,0.0,0,0,1,0,0,1,0.1236639991402626,0.2788378596305847,0.0,nan,0.0,0.0,nan,0.0,1,nan,1.0,0.0,0.0,0.5837376117706299,0.16874423623085022,2,2,nan,nan
3200001,OP10,9400001,OP10:9400001,66,tied,,66,0.725,0.0,0.0,0.0,0,0,1,0,0,1,0.10882530361413956,0.3701867461204529,0.0,nan,0.0,0.0,nan,0.0,1,nan,1.0,0.0,0.0,0.613663911819458,0.11429424583911896,2,2,nan,nan
3200001,OP10,9400001,OP10:9400001,67,tied,,67,0.7208333333333333,0.0,0.0,0.0,0,0,1,0,0,1,0.09398655593395233,0.4672926366329193,0.0,nan,0.0,0.0,nan,0.0,0,nan,0.0,0.0,0.0,0.5806648135185242,0.0598442442715168,2,2,nan,nan
3200001,OP10,9400001,OP10:9400001,68,tied,,68,0.7166666666666667,0.0,0.0,0.0,0,0,1,0,0,1,0.09629841148853302,0.45193251967430115,0.0,nan,0.0,0.0,nan,0.0,0,nan,0.0,0.0,0.0,0.545134425163269,0.07598532736301422,2,2,nan,nan
3200001,OP10,9400001,OP10:9400001,69,tied,,69,0.7125,0.0,0.0,0.0,0,0,1,0,0,1,0.09692344814538956,0.34705406427383423,0.0,nan,0.0,0.0,nan,0.0,0,nan,0.0,0.0,0.0,0.4975496232509613,0.1255997270345688,2,2,nan,nan
3200001,OP10,9400001,OP10:9400001,70,tied,,70,0.7083333333333333,0.0,0.0,0.0,0,0,1,0,0,0,0.0870724692940712,0.24106928706169128,0.0,nan,0.0,0.0,nan,0.0,0,nan,0.0,0.0,0.0,0.4721542298793793,0.1750214397907257,2,2,nan,nan
3200001,OP10,9400001,OP10:9400001,71,tied,,71,0.7041666666666666,0.0,0.0,0.0,0,0,1,0,0,0,0.07722149044275284,0.13963977992534637,0.0,nan,0.0,0.0,nan,0.0,0,nan,0.0,0.0,0.0,0.47815948724746704,0.22675831615924835,2,2,nan,nan
3200001,OP10,9400001,OP10:9400001,72,tied,,72,0.7,0.0,0.0,0.0,0,0,1,0,0,0,0.06737055629491806,0.06783153116703033,0.0,nan,0.0,0.0,nan,0.0,0,nan,0.0,0.0,0.0,0.529821515083313,0.2795277237892151,2,2,nan,nan
3200001,OP10,9400001,OP10:9400001,73,tied,,73,0.6958333333333333,0.0,0.0,0.0,0,0,1,0,0,0,0.0575195774435997,0.1158444732427597,0.0,nan,0.0,0.0,nan,0.0,0,nan,0.0,0.0,0.0,0.5814239382743835,0.2315802276134491,2,2,nan,nan
3200001,OP10,9400001,OP10:9400001,74,tied,,74,0.6916666666666667,0.0,0.0,0.0,0,0,1,0,0,0,0.04766859859228134,0.214372918009758,0.0,nan,0.0,0.0,nan,0.0,0,nan,0.0,0.0,0.0,0.595971941947937,0.17713022232055664,2,2,nan,nan
3200001,OP10,9400001,OP10:9400001,75,tied,,75,0.6875,0.0,0.0,0.0,0,0,1,0,0,1,0.07274222373962402,0.31681665778160095,0.0,nan,0.0,0.0,nan,0.0,0,nan,0.0,0.0,0.0,0.5517286062240601,0.12268023192882538,2,2,nan,nan
3200001,OP10,9400001,OP10:9400001,76,tied,,76,0.6833333333333333,0.0,0.0,0.0,0,0,0,0,0,1,0.11565542221069336,0.40696510672569275,0.0,nan,0.0,0.0,nan,0.0,0,nan,0.0,0.0,0.0,0.5200406312942505,0.06823023408651352,2,2,nan,nan
3200001,OP10,9400001,OP10:9400001,77,tied,,77,0.6791666666666667,0.0,0.0,0.0,0,0,1,0,0,1,0.08484578132629395,0.4484535753726959,0.0,nan,0.0,0.0,nan,0.0,0,nan,0.0,0.0,0.0,0.4734906256198883,0.08209476619958878,2,2,nan,nan
3200001,OP10,9400001,OP10:9400001,78,tied,,78,0.675,0.0,0.0,0.0,0,0,1,0,0,1,0.12879900634288788,0.3906274735927582,0.0,nan,0.0,0.0,nan,0.0,0,nan,0.0,0.0,0.0,0.4281177520751953,0.13277292251586914,2,2,nan,nan
3200001,OP10,9400001,OP10:9400001,79,tied,,79,0.6708333333333334,0.0,0.0,0.0,0,0,1,0,0,1,0.11489329487085342,0.28530681133270264,0.0,nan,0.0,0.0,nan,0.0,0,nan,0.0,0.0,0.0,0.3843391537666321,0.1843910962343216,2,2,nan,nan
3200001,OP10,9400001,OP10:9400001,80,tied,,80,0.6666666666666667,0.0,0.0,0.0,0,0,1,1,1,0,0.07983110100030899,0.1771881878376007,0.0,nan,0.0,0.0,nan,0.0,0,nan,0.0,0.0,0.0,0.34276634454727173,0.2388087809085846,2,2,nan,nan
3200001,OP10,9400001,OP10:9400001,81,tied,,81,0.6625,0.0,0.0,0.0,0,0,1,1,1,0,0.02004270628094673,0.06222672015428543,0.0,nan,0.0,0.0,nan,0.0,0,nan,0.0,0.0,0.0,0.37838929891586304,0.29323846101760864,2,2,nan,nan
3200001,OP10,9400001,OP10:9400001,82,tied,,82,0.6583333333333333,0.0,0.0,0.0,0,0,1,1,1,0,0.011504292488098145,0.046745866537094116,0.0,nan,0.0,0.0,nan,0.0,0,nan,0.0,0.0,0.0,0.38283827900886536,0.3010006844997406,2,2,nan,nan
3200001,OP10,9400001,OP10:9400001,83,tied,,83,0.6541666666666667,0.0,0.0,0.0,0,0,1,1,1,0,0.0430513396859169,0.15560105443000793,0.0,nan,0.0,0.0,nan,0.0,0,nan,0.0,0.0,0.0,0.34184762835502625,0.24655067920684814,2,2,nan,nan
3200001,OP10,9400001,OP10:9400001,84,tied,,84,0.65,0.0,0.0,0.0,0,0,1,1,1,1,0.04286522790789604,0.25683364272117615,0.0,nan,0.0,0.0,nan,0.0,0,nan,0.0,0.0,0.0,0.30412963032722473,0.1921006739139557,2,2,nan,nan
3200001,OP10,9400001,OP10:9400001,85,tied,,85,0.6458333333333333,0.0,0.0,0.0,0,0,1,1,1,1,0.04267911985516548,0.3594783544540405,0.0,nan,0.0,0.0,nan,0.0,0,nan,0.0,0.0,0.0,0.26208001375198364,0.13765066862106323,2,2,nan,nan
3200001,OP10,9400001,OP10:9400001,86,tied,,86,0.6416666666666666,0.0,0.0,0.0,0,0,0,1,1,1,0.02180337905883789,0.4471387267112732,0.0,nan,0.0,0.0,nan,0.0,0,nan,0.0,0.0,0.0,0.2896992564201355,0.08320067077875137,2,2,nan,nan
3200001,OP10,9400001,OP10:9400001,87,tied,,87,0.6375,0.0,0.0,0.0,0,0,0,1,1,1,0.06409039348363876,0.4938128590583801,0.0,nan,0.0,0.0,nan,0.0,0,nan,0.0,0.0,0.0,0.3376999497413635,0.09387926757335663,2,2,nan,nan
3200001,OP10,9400001,OP10:9400001,88,tied,,88,0.6333333333333333,0.0,0.0,0.0,0,0,0,1,1,1,0.05057778209447861,0.49113520979881287,0.0,nan,0.0,0.0,nan,0.0,0,nan,0.0,0.0,0.0,0.3863923251628876,0.14624784886837006,2,2,nan,nan
3200001,OP10,9400001,OP10:9400001,89,tied,,89,0.6291666666666667,0.0,0.0,0.0,0,0,0,0,1,1,0.018764352425932884,0.4707542359828949,0.0,nan,0.0,0.0,nan,0.0,1,nan,1.0,0.0,0.0,0.43558818101882935,0.199732705950737,2,2,nan,nan
3200001,OP10,9400001,OP10:9400001,90,tied,,90,0.625,0.0,0.0,0.0,0,0,1,0,1,1,0.0033490657806396484,0.4713350832462311,0.0,nan,0.0,0.0,nan,0.0,0,nan,0.0,0.0,0.0,0.4838232398033142,0.25362861156463623,2,2,nan,nan
3200001,OP10,9400001,OP10:9400001,91,tied,,91,0.6208333333333333,0.0,0.0,0.0,0,0,1,0,1,1,0.04584918171167374,0.4369467794895172,0.0,nan,0.0,0.0,nan,0.0,0,nan,0.0,0.0,0.0,0.5323687791824341,0.30771973729133606,2,2,nan,nan
3200001,OP10,9400001,OP10:9400001,92,tied,,92,0.6166666666666667,0.0,0.0,0.0,0,0,1,0,1,1,0.06711840629577637,0.33779677748680115,0.0,nan,0.0,0.0,nan,0.0,0,nan,0.0,0.0,0.0,0.583923876285553,0.36191847920417786,2,2,nan,nan
3200001,OP10,9400001,OP10:9400001,93,tied,,93,0.6125,0.0,0.0,0.0,0,0,1,0,1,2,0.08238563686609268,0.24904465675354004,0.0,nan,0.0,0.0,nan,0.0,0,nan,0.0,0.0,0.0,0.6214953660964966,0.41618281602859497,2,2,nan,nan
3200001,OP10,9400001,OP10:9400001,94,tied,,94,0.6083333333333334,0.0,0.0,0.0,0,0,1,0,1,2,0.022427082061767578,0.17814700305461884,0.0,nan,0.0,0.0,nan,0.0,0,nan,0.0,0.0,0.0,0.6380981206893921,0.4219784736633301,2,2,nan,nan
3200001,OP10,9400001,OP10:9400001,95,tied,,95,0.6041666666666667,0.0,0.0,0.0,0,0,1,0,1,1,0.019226932898163795,0.16456393897533417,0.0,nan,0.0,0.0,nan,0.0,0,nan,0.0,0.0,0.0,0.6337893009185791,0.3867567479610443,2,2,nan,nan
3200001,OP10,9400001,OP10:9400001,96,tied,,96,0.6,0.0,0.0,0.0,0,0,1,0,1,1,0.06088094785809517,0.16201773285865784,0.0,nan,0.0,0.0,nan,0.0,0,nan,0.0,0.0,0.0,0.5983051657676697,0.35640615224838257,2,2,nan,nan
3200001,OP10,9400001,OP10:9400001,97,tied,,97,0.5958333333333333,0.0,0.0,0.0,0,0,1,0,1,1,0.10253496468067169,0.17100206017494202,0.0,nan,0.0,0.0,nan,0.0,0,nan,0.0,0.0,0.0,0.5478239059448242,0.3322641849517822,2,2,nan,nan
3200001,OP10,9400001,OP10:9400001,98,tied,,98,0.5916666666666667,0.0,0.0,0.0,0,0,1,0,1,0,0.1463993489742279,0.15688061714172363,0.0,nan,0.0,0.0,nan,0.0,1,nan,1.0,0.0,0.0,0.49645599722862244,0.3735159933567047,2,2,nan,nan
3200001,OP10,9400001,OP10:9400001,99,tied,,99,0.5875,0.0,0.0,0.0,0,0,1,0,1,0,0.15051648020744324,0.1526860147714615,0.0,nan,0.0,0.0,nan,0.0,1,nan,1.0,0.0,0.0,0.45047593116760254,0.3278142809867859,2,2,nan,nan
3200001,OP10,9400001,OP10:9400001,100,tied,,100,0.5833333333333333,0.0,0.0,0.0,0,0,2,0,1,0,0.1341381072998047,0.1849696934223175,0.0,nan,0.0,0.0,nan,0.0,0,nan,0.0,0.0,0.0,0.4058680534362793,0.27336424589157104,2,2,nan,nan
3200001,OP10,9400001,OP10:9400001,101,tied,,101,0.5791666666666666,0.0,0.0,0.0,0,0,2,0,0,0,0.0871996134519577,0.18880276381969452,0.0,nan,0.0,0.0,nan,0.0,0,nan,0.0,0.0,0.0,0.36313849687576294,0.2189142405986786,2,2,nan,nan
3200001,OP10,9400001,OP10:9400001,102,tied,,102,0.575,0.0,0.0,0.0,0,0,2,0,0,0,0.07791633903980255,0.18632951378822327,0.0,nan,0.0,0.0,nan,0.0,0,nan,0.0,0.0,0.0,0.32303348183631897,0.16446423530578613,2,2,nan,nan
3200001,OP10,9400001,OP10:9400001,103,tied,,103,0.5708333333333333,0.0,0.0,0.0,0,0,2,0,0,0,0.0686330795288086,0.18430869281291962,0.0,nan,0.0,0.0,nan,0.0,0,nan,0.0,0.0,0.0,0.2866566777229309,0.11001423746347427,2,2,nan,nan
3200001,OP10,9400001,OP10:9400001,104,tied,,104,0.5666666666666667,0.0,0.0,0.0,0,0,1,0,0,0,0.059349775314331055,0.18275533616542816,0.0,nan,0.0,0.0,nan,0.0,0,nan,0.0,0.0,0.0,0.2556048333644867,0.05556423217058182,2,2,nan,nan
3200001,OP10,9400001,OP10:9400001,105,tied,,105,0.5625,0.0,0.0,0.0,0,0,1,0,0,0,0.09884466975927353,0.15646147727966309,0.0,nan,0.0,0.0,nan,0.0,0,nan,0.0,0.0,0.0,0.23202581703662872,0.07304136455059052,2,2,nan,nan
3200001,OP10,9400001,OP10:9400001,106,tied,,106,0.5583333333333333,0.0,0.0,0.0,0,0,1,0,0,0,0.09113435447216034,0.09235410392284393,0.0,nan,0.0,0.0,nan,0.0,0,nan,0.0,0.0,0.0,0.21835406124591827,0.12199820578098297,2,2,nan,nan
3200001,OP10,9400001,OP10:9400001,107,tied,,107,0.5541666666666667,0.0,0.0,0.0,0,0,0,0,0,0,0.07145848125219345,0.11620904505252838,0.0,nan,0.0,0.0,nan,0.0,0,nan,0.0,0.0,0.0,0.21647484600543976,0.07387878000736237,2,2,nan,nan
3200001,OP10,9400001,OP10:9400001,108,tied,,108,0.55,0.0,0.0,0.0,0,0,0,0,0,0,0.1577986776828766,0.22009572386741638,0.0,nan,0.0,0.0,nan,0.0,0,nan,0.0,0.0,0.0,0.22074732184410095,0.08642557263374329,2,2,nan,nan
3200001,OP10,9400001,OP10:9400001,109,tied,,109,0.5458333333333334,0.0,0.0,0.0,0,0,0,0,0,0,0.22077445685863495,0.265129417181015,0.0,nan,0.0,0.0,nan,0.0,0,nan,0.0,0.0,0.0,0.22411878407001495,0.1376819908618927,2,2,nan,nan
3200001,OP10,9400001,OP10:9400001,110,tied,,110,0.5416666666666667,0.0,0.0,0.0,0,0,0,0,0,0,0.2702675759792328,0.3020039498806,0.0,nan,0.0,0.0,nan,0.0,0,nan,0.0,0.0,0.0,0.22603872418403625,0.1865531951189041,2,2,nan,nan
3200001,OP10,9400001,OP10:9400001,111,tied,,111,0.5375,0.0,0.0,0.0,0,0,0,0,0,0,0.33486923575401306,0.35889264941215515,0.0,nan,0.0,0.0,nan,0.0,1,nan,1.0,0.0,0.0,0.22703245282173157,0.24085085093975067,2,2,nan,nan
3200001,OP10,9400001,OP10:9400001,112,tied,,112,0.5333333333333333,0.0,0.0,0.0,0,0,0,0,0,0,0.34054771065711975,0.3652845621109009,0.0,nan,0.0,0.0,nan,0.0,1,nan,1.0,1.0,0.0,0.22752782702445984,0.29520463943481445,2,2,nan,nan
3200001,OP10,9400001,OP10:9400001,113,tied,,113,0.5291666666666667,0.0,0.0,0.0,0,0,0,1,1,1,0.34622621536254883,0.3716782033443451,0.0,nan,0.0,0.0,nan,0.0,0,nan,0.0,1.0,0.0,0.22777076065540314,0.3495883643627167,2,2,nan,nan
3200001,OP10,9400001,OP10:9400001,114,tied,,114,0.525,0.0,0.0,0.0,0,0,0,1,1,1,0.3519046902656555,0.3780733644962311,0.0,nan,0.0,0.0,nan,0.0,0,nan,0.0,1.0,0.0,0.21878786385059357,0.4039899706840515,2,2,nan,nan
3200001,OP10,9400001,OP10:9400001,115,tied,,115,0.5208333333333333,0.0,0.0,0.0,0,0,0,1,1,1,0.3031475245952606,0.33382749557495117,0.0,nan,0.0,0.0,nan,0.0,0,nan,0.0,1.0,0.0,0.17727826535701752,0.43203529715538025,2,2,nan,nan
3200001,OP10,9400001,OP10:9400001,116,tied,,116,0.5166666666666666,0.0,0.0,0.0,0,0,0,1,1,2,0.25439032912254333,0.2910354435443878,0.0,nan,0.0,0.0,nan,0.0,0,nan,0.0,1.0,0.0,0.14046348631381989,0.46479105949401855,2,2,nan,nan
3200001,OP10,9400001,OP10:9400001,117,tied,,117,0.5125,0.0,0.0,0.0,0,0,0,1,1,2,0.20563319325447083,0.25044363737106323,0.0,nan,0.0,0.0,nan,0.0,0,nan,0.0,1.0,0.0,0.15265539288520813,0.5013347864151001,2,2,nan,nan
3200001,OP10,9400001,OP10:9400001,118,tied,,118,0.5083333333333333,0.0,0.0,0.0,0,0,0,1,1,2,0.15687589347362518,0.21331170201301575,0.0,nan,0.0,0.0,nan,0.0,0,nan,0.0,1.0,0.0,0.17666348814964294,0.5408992171287537,2,2,nan,nan
3200001,OP10,9400001,OP10:9400001,119,tied,,119,0.5041666666666667,0.0,0.0,0.0,1,0,0,1,1,2,0.1112789660692215,0.1782657951116562,1.0,0.17654556035995483,1.0,1.0,0.1782657951116562,0.0,0,inf,0.0,1.0,0.0,0.20861700177192688,0.5828696489334106,2,2,nan,nan
3200001,OP10,9400001,OP10:9400001,120,tied,,120,0.5,0.0,0.0,0.0,1,0,0,1,1,2,0.043872930109500885,0.08828751742839813,1.0,0.12536588311195374,1.0,1.0,0.08828751742839813,0.0,0,inf,0.0,1.0,0.0,0.2396860122680664,0.6369113326072693,2,2,nan,nan
3200001,OP10,9400001,OP10:9400001,121,tied,,121,0.49583333333333335,0.0,0.0,0.0,1,0,0,1,1,2,0.03006768226623535,0.063820481300354,1.0,0.06128673627972603,1.0,1.0,0.063820481300354,0.0,1,0.38802075386047363,1.0,1.0,0.0,0.28007856011390686,0.6363555192947388,2,2,0.32420027256011963,1.0
3200001,OP10,9400001,OP10:9400001,122,tied,tagged_while_carrying,122,0.4916666666666667,0.0,0.0,0.0,1,0,0,0,1,2,0.00011839866783702746,0.10264289379119873,1.0,0.11994723230600357,1.0,1.0,0.10264289379119873,0.0,2,0.11994723230600357,1.0,1.0,0.0,0.3233344256877899,0.5819054841995239,2,2,0.01730433851480484,1.0
3200001,OP10,9400001,OP10:9400001,123,tied,dropped_the_flag|tagged_while_carrying,123,0.48750000000000004,0.0,0.0,0.0,1,0,1,0,1,2,0.017855500802397728,0.10855959355831146,1.0,0.16607992351055145,1.0,1.0,0.10855959355831146,0.0,1,0.181348979473114,1.0,1.0,0.0,0.3675726056098938,0.5274554491043091,2,2,0.07278938591480255,1.0
3200001,OP10,9400001,OP10:9400001,124,tied,,124,0.4833333333333333,0.0,0.0,0.0,0,0,2,0,1,2,0.015671873465180397,0.10811124742031097,0.0,nan,0.0,0.0,nan,0.0,0,nan,0.0,1.0,0.0,0.41131964325904846,0.473005473613739,2,2,nan,nan
3200001,OP10,9400001,OP10:9400001,125,tied,,125,0.47916666666666663,0.0,0.0,0.0,0,0,2,0,1,2,0.005894327070564032,0.12278874963521957,0.0,nan,0.0,0.0,nan,0.0,0,nan,0.0,0.0,0.0,0.46079021692276,0.4018387794494629,2,2,nan,nan
3200001,OP10,9400001,OP10:9400001,126,tied,,126,0.475,0.0,0.0,0.0,0,0,2,0,1,1,0.010143661871552467,0.14242658019065857,0.0,nan,0.0,0.0,nan,0.0,0,nan,0.0,0.0,0.0,0.4310764670372009,0.3473888039588928,2,2,nan,nan
3200001,OP10,9400001,OP10:9400001,127,tied,,127,0.4708333333333333,0.0,0.0,0.0,0,0,2,0,1,1,0.025849342346191406,0.12661248445510864,0.0,nan,0.0,0.0,nan,0.0,0,nan,0.0,0.0,0.0,0.47964081168174744,0.292938768863678,2,2,nan,nan
3200001,OP10,9400001,OP10:9400001,128,tied,,128,0.4666666666666667,0.0,0.0,0.0,0,0,2,0,1,0,0.02205519750714302,0.12592603266239166,0.0,nan,0.0,0.0,nan,0.0,0,nan,0.0,0.0,0.0,0.46958285570144653,0.2384888231754303,2,2,nan,nan
3200001,OP10,9400001,OP10:9400001,129,tied,,129,0.4625,0.0,0.0,0.0,0,0,2,0,1,0,0.018261099234223366,0.1253507435321808,0.0,nan,0.0,0.0,nan,0.0,0,nan,0.0,0.0,0.0,0.5132254362106323,0.18403878808021545,2,2,nan,nan
3200001,OP10,9400001,OP10:9400001,130,tied,,130,0.45833333333333337,0.0,0.0,0.0,0,0,2,0,1,0,0.014466953463852406,0.12488812208175659,0.0,nan,0.0,0.0,nan,0.0,0,nan,0.0,0.0,0.0,0.5642108917236328,0.129588782787323,2,2,nan,nan
3200001,OP10,9400001,OP10:9400001,131,tied,,131,0.4541666666666667,0.0,0.0,0.0,0,0,1,0,1,0,0.010672951117157936,0.12453942000865936,0.0,nan,0.0,0.0,nan,0.0,0,nan,0.0,0.0,0.0,0.614949107170105,0.07513878494501114,2,2,nan,nan
3200001,OP10,9400001,OP10:9400001,132,tied,,132,0.44999999999999996,0.0,0.0,0.0,0,0,1,0,1,0,0.04592528194189072,0.08771656453609467,0.0,nan,0.0,0.0,nan,0.0,0,nan,0.0,0.0,0.0,0.658821702003479,0.08741208910942078,2,2,nan,nan
3200001,OP10,9400001,OP10:9400001,133,tied,,133,0.4458333333333333,0.0,0.0,0.0,0,0,0,0,1,0,0.059747934341430664,0.06820688396692276,0.0,nan,0.0,0.0,nan,0.0,0,nan,0.0,0.0,0.0,0.6802980303764343,0.09048579633235931,2,2,nan,nan
3200001,OP10,9400001,OP10:9400001,134,tied,,134,0.44166666666666665,0.0,0.0,0.0,0,0,0,0,0,0,0.108537957072258,0.14173570275306702,0.0,nan,0.0,0.0,nan,0.0,0,nan,0.0,0.0,0.0,0.6913214325904846,0.09992307424545288,2,2,nan,nan
3200001,OP10,9400001,OP10:9400001,135,tied,,135,0.4375,0.0,0.0,0.0,0,0,0,0,0,0,0.10278067737817764,0.1364123523235321,0.0,nan,0.0,0.0,nan,0.0,0,nan,0.0,0.0,0.0,0.697669506072998,0.15241149067878723,2,2,nan,nan
3200001,OP10,9400001,OP10:9400001,136,tied,,136,0.43333333333333335,0.0,0.0,0.0,0,0,0,0,0,0,0.08848752826452255,0.124265655875206,0.0,nan,0.0,0.0,nan,0.0,0,nan,0.0,0.0,0.0,0.7021210193634033,0.20405952632427216,2,2,nan,nan
3200001,OP10,9400001,OP10:9400001,137,tied,,137,0.4291666666666667,0.0,0.0,0.0,0,0,0,0,0,0,0.07419438660144806,0.11267703771591187,0.0,nan,0.0,0.0,nan,0.0,0,nan,0.0,0.0,0.0,0.7059966921806335,0.25686755776405334,2,2,nan,nan
3200001,OP10,9400001,OP10:9400001,138,tied,,138,0.42500000000000004,0.0,0.0,0.0,0,0,0,0,0,0,0.05990123748779297,0.10183719545602798,0.0,nan,0.0,0.0,nan,0.0,0,nan,0.0,0.0,0.0,0.709905743598938,0.31024378538131714,2,2,nan,nan
3200001,OP10,9400001,OP10:9400001,139,tied,,139,0.4208333333333333,0.0,0.0,0.0,0,0,0,0,0,1,0.06286434829235077,0.10362814366817474,0.0,nan,0.0,0.0,nan,0.0,0,nan,0.0,0.0,0.0,0.7141085863113403,0.36393827199935913,2,2,nan,nan
3200001,OP10,9400001,OP10:9400001,140,tied,,140,0.41666666666666663,0.0,0.0,0.0,0,0,0,0,0,2,0.0658273696899414,0.1054718941450119,0.0,nan,0.0,0.0,nan,0.0,0,nan,0.0,0.0,0.0,0.7153178453445435,0.4178283214569092,2,2,nan,nan
3200001,OP10,9400001,OP10:9400001,141,tied,,141,0.4125,0.0,0.0,0.0,0,0,0,0,0,2,0.05571455880999565,0.100420281291008,0.0,nan,0.0,0.0,nan,0.0,0,nan,0.0,0.0,0.0,0.6616806983947754,0.46890997886657715,2,2,nan,nan
3200001,OP10,9400001,OP10:9400001,142,tied,,142,0.4083333333333333,0.0,0.0,0.0,0,0,0,0,0,2,0.045601747930049896,0.09618356078863144,0.0,nan,0.0,0.0,nan,0.0,0,nan,0.0,0.0,0.0,0.6164048314094543,0.5206748247146606,2,2,nan,nan
3200001,OP10,9400001,OP10:9400001,143,tied,,143,0.4041666666666667,0.0,0.0,0.0,0,0,0,0,0,2,0.03360023349523544,0.11573853343725204,0.0,nan,0.0,0.0,nan,0.0,0,nan,0.0,0.0,0.0,0.6322256326675415,0.5479390621185303,2,2,nan,nan
3200001,OP10,9400001,OP10:9400001,144,tied,dropped_the_flag|tagged_while_carrying,144,0.4,0.0,0.0,0.0,1,0,1,0,0,2,0.025211572647094727,0.11036355793476105,1.0,0.06590232998132706,1.0,1.0,0.11036355793476105,0.0,0,inf,0.0,0.0,0.0,0.5841435790061951,0.6010077595710754,2,2,nan,nan
3200001,OP10,9400001,OP10:9400001,145,tied,,145,0.39583333333333337,0.0,0.0,0.0,0,0,2,0,0,2,0.0240965373814106,0.12404134124517441,0.0,nan,0.0,0.0,nan,0.0,0,nan,0.0,1.0,0.0,0.5367294549942017,0.5982182025909424,2,2,nan,nan
3200001,OP10,9400001,OP10:9400001,146,tied,,146,0.3916666666666667,0.0,0.0,0.0,0,0,2,0,0,2,0.03809709474444389,0.130171999335289,0.0,nan,0.0,0.0,nan,0.0,0,nan,0.0,1.0,0.0,0.49017730355262756,0.5441497564315796,2,2,nan,nan
3200001,OP10,9400001,OP10:9400001,147,tied,,147,0.38749999999999996,0.0,0.0,0.0,0,0,2,0,0,2,0.03561282157897949,0.12966212630271912,0.0,nan,0.0,0.0,nan,0.0,0,nan,0.0,0.0,0.0,0.46012741327285767,0.4896997809410095,2,2,nan,nan
3200001,OP10,9400001,OP10:9400001,148,tied,,148,0.3833333333333333,0.0,0.0,0.0,0,0,2,0,0,2,0.03312854841351509,0.1291983425617218,0.0,nan,0.0,0.0,nan,0.0,0,nan,0.0,0.0,0.0,0.47110041975975037,0.43524980545043945,2,2,nan,nan
3200001,OP10,9400001,OP10:9400001,149,tied,,149,0.37916666666666665,0.0,0.0,0.0,0,0,2,0,0,1,0.03064427338540554,0.12878113985061646,0.0,nan,0.0,0.0,nan,0.0,0,nan,0.0,0.0,0.0,0.45183128118515015,0.3807998299598694,2,2,nan,nan
3200001,OP10,9400001,OP10:9400001,150,tied,,150,0.375,0.0,0.0,0.0,0,0,2,0,0,1,0.04459438472986221,0.11540989577770233,0.0,nan,0.0,0.0,nan,0.0,0,nan,0.0,0.0,0.0,0.4812626838684082,0.32634979486465454,2,2,nan,nan
3200001,OP10,9400001,OP10:9400001,151,tied,,151,0.37083333333333335,0.0,0.0,0.0,0,0,2,0,0,0,0.03984565660357475,0.11411736905574799,0.0,nan,0.0,0.0,nan,0.0,0,nan,0.0,0.0,0.0,0.45990806818008423,0.2718998193740845,2,2,nan,nan
3200001,OP10,9400001,OP10:9400001,152,tied,,152,0.3666666666666667,0.0,0.0,0.0,0,0,2,0,0,0,0.03509683534502983,0.11301187425851822,0.0,nan,0.0,0.0,nan,0.0,0,nan,0.0,0.0,0.0,0.47382721304893494,0.2174498289823532,2,2,nan,nan
3200001,OP10,9400001,OP10:9400001,153,tied,,153,0.36250000000000004,0.0,0.0,0.0,0,0,2,0,0,0,0.03034811094403267,0.11209895461797714,0.0,nan,0.0,0.0,nan,0.0,0,nan,0.0,0.0,0.0,0.5250903367996216,0.16299980878829956,2,2,nan,nan
3200001,OP10,9400001,OP10:9400001,154,tied,,154,0.3583333333333333,0.0,0.0,0.0,0,0,2,0,0,0,0.025599336251616478,0.11138331890106201,0.0,nan,0.0,0.0,nan,0.0,0,nan,0.0,0.0,0.0,0.5681964755058289,0.1085498109459877,2,2,nan,nan
3200001,OP10,9400001,OP10:9400001,155,tied,,155,0.35416666666666663,0.0,0.0,0.0,0,0,1,0,0,0,0.020850609987974167,0.11086881160736084,0.0,nan,0.0,0.0,nan,0.0,0,nan,0.0,0.0,0.0,0.6132186651229858,0.054099809378385544,2,2,nan,nan
3200001,OP10,9400001,OP10:9400001,156,tied,,156,0.35,0.0,0.0,0.0,0,0,1,0,0,0,0.040688656270504,0.07637926936149597,0.0,nan,0.0,0.0,nan,0.0,0,nan,0.0,0.0,0.0,0.6503176689147949,0.07206492125988007,2,2,nan,nan
3200001,OP10,9400001,OP10:9400001,157,tied,,157,0.3458333333333333,0.0,0.0,0.0,0,0,0,0,0,0,0.06694479286670685,0.07824577391147614,0.0,nan,0.0,0.0,nan,0.0,0,nan,0.0,0.0,0.0,0.6048000454902649,0.05575939267873764,2,2,nan,nan
3200001,OP10,9400001,OP10:9400001,158,tied,,158,0.3416666666666667,0.0,0.0,0.0,0,0,0,0,0,0,0.03270993381738663,0.11098827421665192,0.0,nan,0.0,0.0,nan,0.0,0,nan,0.0,0.0,0.0,0.5570487976074219,0.07317280769348145,2,2,nan,nan
3200001,OP10,9400001,OP10:9400001,159,tied,,159,0.3375,0.0,0.0,0.0,0,0,0,0,0,0,0.003976630978286266,0.10945560038089752,0.0,nan,0.0,0.0,nan,0.0,0,nan,0.0,0.0,0.0,0.5100626945495605,0.12216152250766754,2,2,nan,nan
3200001,OP10,9400001,OP10:9400001,160,tied,,160,0.33333333333333337,0.0,0.0,0.0,0,0,0,0,0,0,0.022213459014892578,0.11393966525793076,0.0,nan,0.0,0.0,nan,0.0,0,nan,0.0,0.0,0.0,0.4640742838382721,0.17373615503311157,2,2,nan,nan
3200001,OP10,9400001,OP10:9400001,161,tied,,161,0.3291666666666667,0.0,0.0,0.0,0,0,0,0,0,0,0.02178950235247612,0.11392388492822647,0.0,nan,0.0,0.0,nan,0.0,0,nan,0.0,0.0,0.0,0.4194118082523346,0.21625439822673798,2,2,nan,nan
3200001,OP10,9400001,OP10:9400001,162,tied,,162,0.32499999999999996,0.0,0.0,0.0,0,0,0,0,0,0,0.02136554755270481,0.11390972137451172,0.0,nan,0.0,0.0,nan,0.0,0,nan,0.0,0.0,0.0,0.3765474855899811,0.2632058262825012,2,2,nan,nan
3200001,OP10,9400001,OP10:9400001,163,tied,,163,0.3208333333333333,0.0,0.0,0.0,0,0,0,0,0,1,0.020941590890288353,0.1138971596956253,0.0,nan,0.0,0.0,nan,0.0,0,nan,0.0,0.0,0.0,0.3361697196960449,0.31259915232658386,2,2,nan,nan
3200001,OP10,9400001,OP10:9400001,164,tied,,164,0.31666666666666665,0.0,0.0,0.0,0,0,0,0,0,1,0.020517636090517044,0.11388619989156723,0.0,nan,0.0,0.0,nan,0.0,0,nan,0.0,1.0,0.0,0.2969511151313782,0.3634401857852936,2,2,nan,nan
3200001,OP10,9400001,OP10:9400001,165,tied,,165,0.3125,0.0,0.0,0.0,0,0,0,0,0,2,0.020093774423003197,0.11387686431407928,0.0,nan,0.0,0.0,nan,0.0,1,nan,1.0,1.0,0.0,0.3257758915424347,0.4151974618434906,2,2,nan,nan
3200001,OP10,9400001,OP10:9400001,166,tied,,166,0.30833333333333335,0.0,0.0,0.0,0,0,0,0,0,2,0.0196699146181345,0.11386916786432266,0.0,nan,0.0,0.0,nan,0.0,2,nan,1.0,1.0,0.0,0.3481919765472412,0.4675668179988861,2,2,nan,nan
3200001,OP10,9400001,OP10:9400001,167,tied,,167,0.3041666666666667,0.0,0.0,0.0,0,0,0,0,0,2,0.01924605295062065,0.11386307328939438,0.0,nan,0.0,0.0,nan,0.0,2,nan,1.0,1.0,0.0,0.38883936405181885,0.520363450050354,2,2,nan,nan
3200001,OP10,9400001,OP10:9400001,168,tied,,168,0.30000000000000004,0.0,0.0,0.0,0,0,0,0,0,2,0.018822193145751953,0.11385859549045563,0.0,nan,0.0,0.0,nan,0.0,2,nan,1.0,1.0,0.0,0.4378209710121155,0.573469340801239,2,2,nan,nan
3200001,OP10,9400001,OP10:9400001,169,tied,,169,0.2958333333333333,0.0,0.0,0.0,1,0,0,0,0,2,0.015543508343398571,0.0952024906873703,1.0,0.23186635971069336,0.0,1.0,0.0952024906873703,0.0,2,0.23186635971069336,1.0,1.0,0.0,0.4891837239265442,0.6268059611320496,2,2,0.13666386902332306,1.0
3200001,OP10,9400001,OP10:9400001,170,tied,tagged_while_carrying,170,0.29166666666666663,0.0,0.0,0.0,1,0,0,0,0,2,0.0558072105050087,0.08726099133491516,1.0,0.20137926936149597,0.0,1.0,0.08726099133491516,0.0,2,0.20137926936149597,1.0,1.0,0.0,0.5406710505485535,0.6777252554893494,2,2,0.11411827802658081,1.0
3200001,OP10,9400001,OP10:9400001,171,tied,dropped_the_flag|tagged_while_carrying,171,0.2875,0.0,0.0,0.0,1,0,1,0,0,2,0.05532326549291611,0.05730707198381424,1.0,0.12251240015029907,1.0,1.0,0.05730707198381424,0.0,1,0.12541939318180084,1.0,1.0,0.0,0.5901564359664917,0.7031132578849792,2,2,0.0681123211979866,1.0
3200001,OP10,9400001,OP10:9400001,172,tied,,172,0.2833333333333333,0.0,0.0,0.0,0,0,2,0,0,2,0.021921873092651367,0.06282825022935867,0.0,nan,0.0,0.0,nan,0.0,0,nan,0.0,0.0,0.0,0.6378634572029114,0.6410554647445679,2,2,nan,nan
3200001,OP10,9400001,OP10:9400001,173,tied,,173,0.2791666666666667,0.0,0.0,0.0,0,0,2,0,0,2,0.019589949399232864,0.061784446239471436,0.0,nan,0.0,0.0,nan,0.0,0,nan,0.0,0.0,0.0,0.655331552028656,0.5866054892539978,2,2,nan,nan
3200001,OP10,9400001,OP10:9400001,174,tied,,174,0.275,0.0,0.0,0.0,0,0,2,0,0,2,0.017258023843169212,0.06081350892782211,0.0,nan,0.0,0.0,nan,0.0,0,nan,0.0,0.0,0.0,0.6479482054710388,0.532155454158783,2,2,nan,nan
3200001,OP10,9400001,OP10:9400001,175,tied,,175,0.27083333333333337,0.0,0.0,0.0,0,0,2,0,0,2,0.01492610014975071,0.05991898104548454,0.0,nan,0.0,0.0,nan,0.0,0,nan,0.0,0.0,0.0,0.618191123008728,0.4777054190635681,2,2,nan,nan
3200001,OP10,9400001,OP10:9400001,176,tied,,176,0.2666666666666667,0.0,0.0,0.0,0,0,2,0,0,2,0.012594175525009632,0.05910433083772659,0.0,nan,0.0,0.0,nan,0.0,0,nan,0.0,0.0,0.0,0.5744153261184692,0.42325544357299805,2,2,nan,nan
3200001,OP10,9400001,OP10:9400001,177,tied,,177,0.26249999999999996,0.0,0.0,0.0,0,0,2,0,0,1,0.010262155905365944,0.05837283656001091,0.0,nan,0.0,0.0,nan,0.0,0,nan,0.0,0.0,0.0,0.5251432657241821,0.3688053786754608,2,2,nan,nan
3200001,OP10,9400001,OP10:9400001,178,tied,,178,0.2583333333333333,0.0,0.0,0.0,0,0,2,0,0,0,0.007930231280624866,0.05772774666547775,0.0,nan,0.0,0.0,nan,0.0,0,nan,0.0,0.0,0.0,0.4734833836555481,0.31435540318489075,2,2,nan,nan
3200001,OP10,9400001,OP10:9400001,179,tied,,179,0.25416666666666665,0.0,0.0,0.0,0,0,2,0,0,0,0.005598211195319891,0.05717192962765694,0.0,nan,0.0,0.0,nan,0.0,0,nan,0.0,0.0,0.0,0.46508869528770447,0.2599053978919983,2,2,nan,nan
3200001,OP10,9400001,OP10:9400001,180,tied,,180,0.25,0.0,0.0,0.0,0,0,2,0,0,0,0.003266286803409457,0.056708090007305145,0.0,nan,0.0,0.0,nan,0.0,0,nan,0.0,0.0,0.0,0.5146616697311401,0.20545539259910583,2,2,nan,nan
3200001,OP10,9400001,OP10:9400001,181,tied,,181,0.24583333333333335,0.0,0.0,0.0,0,0,2,0,0,0,0.00093417166499421,0.05633842200040817,0.0,nan,0.0,0.0,nan,0.0,0,nan,0.0,0.0,0.0,0.56626296043396,0.15100540220737457,2,2,nan,nan
3200001,OP10,9400001,OP10:9400001,182,tied,,182,0.2416666666666667,0.0,0.0,0.0,0,0,1,0,0,0,0.0013979434734210372,0.05606483295559883,0.0,nan,0.0,0.0,nan,0.0,0,nan,0.0,0.0,0.0,0.617734968662262,0.09655540436506271,2,2,nan,nan
3200001,OP10,9400001,OP10:9400001,183,tied,,183,0.23750000000000004,0.0,0.0,0.0,0,0,0,0,0,0,0.05043501779437065,0.05043833330273628,0.0,nan,0.0,0.0,nan,0.0,0,nan,0.0,0.0,0.0,0.6605319380760193,0.09792544692754745,2,2,nan,nan
3200001,OP10,9400001,OP10:9400001,184,tied,,184,0.23333333333333328,0.0,0.0,0.0,0,0,0,0,0,0,0.0011684894561767578,0.05469987541437149,0.0,nan,0.0,0.0,nan,0.0,0,nan,0.0,0.0,0.0,0.6740900278091431,0.10625594854354858,2,2,nan,nan
3200001,OP10,9400001,OP10:9400001,185,tied,,185,0.22916666666666663,0.0,0.0,0.0,0,0,0,0,0,0,0.010498667135834694,0.056040287017822266,0.0,nan,0.0,0.0,nan,0.0,0,nan,0.0,0.0,0.0,0.6255345344543457,0.15913011133670807,2,2,nan,nan
3200001,OP10,9400001,OP10:9400001,186,tied,,186,0.22499999999999998,0.0,0.0,0.0,0,0,0,0,0,0,0.021110152825713158,0.057094912976026535,0.0,nan,0.0,0.0,nan,0.0,0,nan,0.0,0.0,0.0,0.577520489692688,0.21000155806541443,2,2,nan,nan
3200001,OP10,9400001,OP10:9400001,187,tied,,187,0.22083333333333333,0.0,0.0,0.0,0,0,0,0,0,0,0.03172164037823677,0.060102783143520355,0.0,nan,0.0,0.0,nan,0.0,0,nan,0.0,0.0,0.0,0.5301949977874756,0.2623137831687927,2,2,nan,nan
3200001,OP10,9400001,OP10:9400001,188,tied,,188,0.21666666666666667,0.0,0.0,0.0,0,0,0,0,0,0,0.042333316057920456,0.06479249894618988,0.0,nan,0.0,0.0,nan,0.0,0,nan,0.0,0.0,0.0,0.48376017808914185,0.31535065174102783,2,2,nan,nan
3200001,OP10,9400001,OP10:9400001,189,tied,,189,0.21250000000000002,0.0,0.0,0.0,0,0,0,0,0,1,0.05294499546289444,0.07083078473806381,0.0,nan,0.0,0.0,nan,0.0,0,nan,0.0,0.0,0.0,0.4384991228580475,0.36879962682724,2,2,nan,nan
3200001,OP10,9400001,OP10:9400001,190,tied,,190,0.20833333333333337,0.0,0.0,0.0,0,0,0,0,0,2,0.045044563710689545,0.06521856784820557,0.0,nan,0.0,0.0,nan,0.0,0,nan,0.0,0.0,0.0,0.3948156237602234,0.4225042760372162,2,2,nan,nan
3200001,OP10,9400001,OP10:9400001,191,tied,,191,0.20416666666666672,0.0,0.0,0.0,0,0,0,0,0,2,0.03714413568377495,0.06012304872274399,0.0,nan,0.0,0.0,nan,0.0,0,nan,0.0,1.0,0.0,0.35993462800979614,0.47637826204299927,2,2,nan,nan
3200001,OP10,9400001,OP10:9400001,192,tied,,192,0.19999999999999996,0.0,0.0,0.0,0,0,0,0,0,2,0.02924370765686035,0.055686257779598236,0.0,nan,0.0,0.0,nan,0.0,1,nan,1.0,1.0,0.0,0.3895704448223114,0.5303698778152466,2,2,nan,nan
3200001,OP10,9400001,OP10:9400001,193,tied,,193,0.1958333333333333,0.0,0.0,0.0,0,0,1,0,0,2,0.021343136206269264,0.052076779305934906,0.0,nan,0.0,0.0,nan,0.0,1,nan,1.0,1.0,0.0,0.4316042363643646,0.5844465494155884,2,2,nan,nan
3200001,OP10,9400001,OP10:9400001,194,tied,,194,0.19166666666666665,0.0,0.0,0.0,0,0,1,0,0,2,0.10431208461523056,0.12878187000751495,0.0,nan,0.0,0.0,nan,0.0,1,nan,1.0,1.0,0.0,0.47967034578323364,0.5885725021362305,2,2,nan,nan
3200001,OP10,9400001,OP10:9400001,195,tied,,195,0.1875,0.0,0.0,0.0,0,0,1,0,0,2,0.18352541327476501,0.2400989532470703,0.0,nan,0.0,0.0,nan,0.0,1,nan,1.0,0.0,0.0,0.5237166285514832,0.543316662311554,2,2,nan,nan
3200001,OP10,9400001,OP10:9400001,196,tied,,196,0.18333333333333335,0.0,0.0,0.0,0,0,1,0,0,2,0.2199658453464508,0.3234190344810486,0.0,nan,0.0,0.0,nan,0.0,1,nan,1.0,0.0,0.0,0.5323064923286438,0.4888667166233063,2,2,nan,nan
3200001,OP10,9400001,OP10:9400001,197,tied,,197,0.1791666666666667,0.0,0.0,0.0,0,0,1,0,0,2,0.25640615820884705,0.4095734655857086,0.0,nan,0.0,0.0,nan,0.0,1,nan,1.0,0.0,0.0,0.509528398513794,0.43441668152809143,2,2,nan,nan
3200001,OP10,9400001,OP10:9400001,198,tied,,198,0.17500000000000004,0.0,0.0,0.0,0,0,1,0,0,1,0.22354774177074432,0.477797269821167,0.0,nan,0.0,0.0,nan,0.0,1,nan,1.0,0.0,0.0,0.47063764929771423,0.37996670603752136,2,2,nan,nan
3200001,OP10,9400001,OP10:9400001,199,tied,,199,0.17083333333333328,0.0,0.0,0.0,0,0,1,0,0,1,0.16201743483543396,0.48656511306762695,0.0,nan,0.0,0.0,nan,0.0,1,nan,1.0,0.0,0.0,0.4377449154853821,0.3255167305469513,2,2,nan,nan
3200001,OP10,9400001,OP10:9400001,200,tied,,200,0.16666666666666663,0.0,0.0,0.0,1,0,1,0,0,1,0.1020817756652832,0.5015802979469299,1.0,0.07614678889513016,1.0,0.0,0.5015802979469299,1.0,1,0.28822630643844604,1.0,0.0,0.0,0.4738667905330658,0.27106672525405884,2,2,-0.2133539915084839,0.0
3200001,OP10,9400001,OP10:9400001,201,tied,dropped_the_flag|tagged_while_carrying,201,0.16249999999999998,0.0,0.0,0.0,1,0,1,0,0,1,0.08845267444849014,0.4982391893863678,1.0,0.07684184610843658,1.0,0.0,0.4982391893863678,1.0,1,0.18248620629310608,1.0,0.0,0.0,0.5248873233795166,0.21661671996116638,2,2,-0.3157529830932617,0.0
3200001,OP10,9400001,OP10:9400001,202,tied,,202,0.15833333333333333,0.0,0.0,0.0,0,0,2,0,0,1,0.07482337951660156,0.4952518343925476,0.0,nan,0.0,0.0,nan,0.0,0,nan,0.0,0.0,0.0,0.5757816433906555,0.16216672956943512,2,2,nan,nan
3200001,OP10,9400001,OP10:9400001,203,tied,,203,0.15416666666666667,0.0,0.0,0.0,0,0,2,0,0,1,0.0702270045876503,0.4707656502723694,0.0,nan,0.0,0.0,nan,0.0,0,nan,0.0,0.0,0.0,0.6372618079185486,0.10771671682596207,2,2,nan,nan
3200001,OP10,9400001,OP10:9400001,204,tied,,204,0.15000000000000002,0.0,0.0,0.0,0,0,1,0,0,1,0.05559058114886284,0.46813279390335083,0.0,nan,0.0,0.0,nan,0.0,0,nan,0.0,0.0,0.0,0.6253063082695007,0.05326671525835991,2,2,nan,nan
3200001,OP10,9400001,OP10:9400001,205,tied,,205,0.14583333333333337,0.0,0.0,0.0,0,0,1,0,0,1,0.003576040267944336,0.4072031080722809,0.0,nan,0.0,0.0,nan,0.0,0,nan,0.0,0.0,0.0,0.5744104385375977,0.07151678949594498,2,2,nan,nan
3200001,OP10,9400001,OP10:9400001,206,tied,,206,0.14166666666666672,0.0,0.0,0.0,0,0,1,0,0,1,0.011466359719634056,0.2988079786300659,0.0,nan,0.0,0.0,nan,0.0,0,nan,0.0,0.0,0.0,0.5229297280311584,0.1200832948088646,2,2,nan,nan
3200001,OP10,9400001,OP10:9400001,207,tied,,207,0.13749999999999996,0.0,0.0,0.0,0,0,1,0,0,0,0.012231588363647461,0.19044645130634308,0.0,nan,0.0,0.0,nan,0.0,0,nan,0.0,0.0,0.0,0.4713050425052643,0.17017439007759094,2,2,nan,nan
3200001,OP10,9400001,OP10:9400001,208,tied,,208,0.1333333333333333,0.0,0.0,0.0,0,0,1,0,0,0,0.03837132453918457,0.09391040354967117,0.0,nan,0.0,0.0,nan,0.0,0,nan,0.0,0.0,0.0,0.46182045340538025,0.22420747578144073,2,2,nan,nan
3200001,OP10,9400001,OP10:9400001,209,tied,,209,0.12916666666666665,0.0,0.0,0.0,0,0,1,0,0,0,0.0645112544298172,0.06714637577533722,0.0,nan,0.0,0.0,nan,0.0,0,nan,0.0,0.0,0.0,0.511090099811554,0.2470053732395172,2,2,nan,nan
3200001,OP10,9400001,OP10:9400001,210,tied,,210,0.125,0.0,0.0,0.0,0,0,1,0,0,0,0.09065099060535431,0.15276850759983063,0.0,nan,0.0,0.0,nan,0.0,0,nan,0.0,0.0,0.0,0.5622079968452454,0.19255536794662476,2,2,nan,nan
3200001,OP10,9400001,OP10:9400001,211,tied,,211,0.12083333333333335,0.0,0.0,0.0,0,0,1,0,0,0,0.10942792892456055,0.2368006408214569,0.0,nan,0.0,0.0,nan,0.0,0,nan,0.0,0.0,0.0,0.613240122795105,0.1381053477525711,2,2,nan,nan
3200001,OP10,9400001,OP10:9400001,212,tied,,212,0.1166666666666667,0.0,0.0,0.0,0,0,0,0,0,0,0.08587255328893661,0.32235485315322876,0.0,nan,0.0,0.0,nan,0.0,0,nan,0.0,0.0,0.0,0.6641191244125366,0.08365534991025925,2,2,nan,nan
3200001,OP10,9400001,OP10:9400001,213,tied,,213,0.11250000000000004,0.0,0.0,0.0,0,0,0,0,0,0,0.09079179912805557,0.30357038974761963,0.0,nan,0.0,0.0,nan,0.0,0,nan,0.0,0.0,0.0,0.714713454246521,0.09425147622823715,2,2,nan,nan
3200001,OP10,9400001,OP10:9400001,214,tied,,214,0.10833333333333328,0.0,0.0,0.0,0,0,0,0,0,0,0.09515380859375,0.20493479073047638,0.0,nan,0.0,0.0,nan,0.0,1,nan,1.0,0.0,0.0,0.7322348356246948,0.1463046669960022,2,2,nan,nan
3200001,OP10,9400001,OP10:9400001,215,tied,,215,0.10416666666666663,0.0,0.0,0.0,0,0,0,0,0,0,0.0865752249956131,0.11321165412664413,0.0,nan,0.0,0.0,nan,0.0,1,nan,1.0,0.0,0.0,0.7636275887489319,0.19630292057991028,2,2,nan,nan
3200001,OP10,9400001,OP10:9400001,216,tied,,216,0.09999999999999998,0.0,0.0,0.0,0,0,0,0,0,0,0.004333782009780407,0.07529912889003754,0.0,nan,0.0,0.0,nan,0.0,1,nan,1.0,0.0,0.0,0.7549847364425659,0.2107943296432495,2,2,nan,nan
3200001,OP10,9400001,OP10:9400001,217,tied,,217,0.09583333333333333,0.0,0.0,0.0,0,0,0,0,0,0,0.03435773774981499,0.08991413563489914,0.0,nan,0.0,0.0,nan,0.0,1,nan,1.0,0.0,0.0,0.7709704041481018,0.25565168261528015,2,2,nan,nan
3200001,OP10,9400001,OP10:9400001,218,tied,,218,0.09166666666666667,0.0,0.0,0.0,0,0,0,0,0,0,0.06047096103429794,0.10982640087604523,0.0,nan,0.0,0.0,nan,0.0,1,nan,1.0,0.0,0.0,0.7664884328842163,0.3036625385284424,2,2,nan,nan
3200001,OP10,9400001,OP10:9400001,219,tied,,219,0.08750000000000002,0.0,0.0,0.0,0,0,0,0,0,1,0.08658404648303986,0.1324780285358429,0.0,nan,0.0,0.0,nan,0.0,1,nan,1.0,0.0,0.0,0.7596970796585083,0.3535444736480713,2,2,nan,nan
3200001,OP10,9400001,OP10:9400001,220,tied,,220,0.08333333333333337,0.0,0.0,0.0,0,0,0,0,0,2,0.0741691142320633,0.12523692846298218,0.0,nan,0.0,0.0,nan,0.0,1,nan,1.0,0.0,0.0,0.7102227807044983,0.40498027205467224,2,2,nan,nan
3200001,OP10,9400001,OP10:9400001,221,tied,,221,0.07916666666666672,0.0,0.0,0.0,0,0,0,0,0,2,0.06175403669476509,0.11885800212621689,0.0,nan,0.0,0.0,nan,0.0,1,nan,1.0,0.0,0.0,0.6610850095748901,0.4571148455142975,2,2,nan,nan
3200001,OP10,9400001,OP10:9400001,222,tied,,222,0.07499999999999996,0.0,0.0,0.0,0,0,1,0,0,2,0.0742548480629921,0.12467783689498901,0.0,nan,0.0,0.0,nan,0.0,0,nan,0.0,0.0,0.0,0.6154907941818237,0.5097337961196899,2,2,nan,nan
3200001,OP10,9400001,OP10:9400001,223,tied,,223,0.0708333333333333,0.0,0.0,0.0,0,0,2,0,0,2,0.01638164557516575,0.04413576051592827,0.0,nan,0.0,0.0,nan,0.0,0,nan,0.0,0.0,0.0,0.5758800506591797,0.5555339455604553,2,2,nan,nan
3200001,OP10,9400001,OP10:9400001,224,tied,,224,0.06666666666666665,0.0,0.0,0.0,0,0,2,0,0,2,0.029268216341733932,0.03993527963757515,0.0,nan,0.0,0.0,nan,0.0,0,nan,0.0,0.0,0.0,0.5122617483139038,0.5423079133033752,2,2,nan,nan
3200001,OP10,9400001,OP10:9400001,225,tied,,225,0.0625,0.0,0.0,0.0,0,0,2,0,0,2,0.028330039232969284,0.03920087590813637,0.0,nan,0.0,0.0,nan,0.0,0,nan,0.0,0.0,0.0,0.46582308411598206,0.4878579080104828,2,2,nan,nan
3200001,OP10,9400001,OP10:9400001,226,tied,,226,0.05833333333333335,0.0,0.0,0.0,0,0,2,0,0,2,0.05918469280004501,0.08678485453128815,0.0,nan,0.0,0.0,nan,0.0,0,nan,0.0,0.0,0.0,0.42060741782188416,0.41711917519569397,2,2,nan,nan
3200001,OP10,9400001,OP10:9400001,227,tied,,227,0.054166666666666696,0.0,0.0,0.0,0,0,2,0,0,1,0.05152072757482529,0.08137787878513336,0.0,nan,0.0,0.0,nan,0.0,0,nan,0.0,0.0,0.0,0.3891018033027649,0.3626691997051239,2,2,nan,nan
3200001,OP10,9400001,OP10:9400001,228,tied,,228,0.050000000000000044,0.0,0.0,0.0,0,0,2,0,0,0,0.04385657235980034,0.07636111229658127,0.0,nan,0.0,0.0,nan,0.0,0,nan,0.0,0.0,0.0,0.40617698431015015,0.30821919441223145,2,2,nan,nan
3200001,OP10,9400001,OP10:9400001,229,tied,,229,0.04583333333333328,0.0,0.0,0.0,0,0,2,0,0,0,0.03619260713458061,0.07181667536497116,0.0,nan,0.0,0.0,nan,0.0,0,nan,0.0,0.0,0.0,0.4475725293159485,0.253769189119339,2,2,nan,nan
3200001,OP10,9400001,OP10:9400001,230,tied,,230,0.04166666666666663,0.0,0.0,0.0,0,0,2,0,0,0,0.028528451919555664,0.06783933192491531,0.0,nan,0.0,0.0,nan,0.0,0,nan,0.0,0.0,0.0,0.49364835023880005,0.19931918382644653,2,2,nan,nan
3200001,OP10,9400001,OP10:9400001,231,tied,,231,0.03749999999999998,0.0,0.0,0.0,0,0,2,0,0,0,0.020864391699433327,0.06453417241573334,0.0,nan,0.0,0.0,nan,0.0,0,nan,0.0,0.0,0.0,0.5424029231071472,0.14486917853355408,2,2,nan,nan
3200001,OP10,9400001,OP10:9400001,232,tied,,232,0.033333333333333326,0.0,0.0,0.0,0,0,1,0,0,0,0.013200235553085804,0.06200870871543884,0.0,nan,0.0,0.0,nan,0.0,0,nan,0.0,0.0,0.0,0.5911577343940735,0.09041920304298401,2,2,nan,nan
3200001,OP10,9400001,OP10:9400001,233,tied,,233,0.029166666666666674,0.0,0.0,0.0,0,0,0,0,0,0,0.06549916416406631,0.06840264797210693,0.0,nan,0.0,0.0,nan,0.0,0,nan,0.0,0.0,0.0,0.6243716478347778,0.09575991332530975,2,2,nan,nan
3200001,OP10,9400001,OP10:9400001,234,tied,,234,0.025000000000000022,0.0,0.0,0.0,0,0,0,0,0,0,0.03111572191119194,0.048387788236141205,0.0,nan,0.0,0.0,nan,0.0,0,nan,0.0,0.0,0.0,0.6172071695327759,0.10439743846654892,2,2,nan,nan
3200001,OP10,9400001,OP10:9400001,235,tied,,235,0.02083333333333337,0.0,0.0,0.0,0,0,0,0,0,0,0.029401112347841263,0.047756485641002655,0.0,nan,0.0,0.0,nan,0.0,0,nan,0.0,0.0,0.0,0.5689893960952759,0.15816476941108704,2,2,nan,nan
3200001,OP10,9400001,OP10:9400001,236,tied,,236,0.01666666666666672,0.0,0.0,0.0,0,0,0,0,0,0,0.0017134189838543534,0.03997478261590004,0.0,nan,0.0,0.0,nan,0.0,0,nan,0.0,0.0,0.0,0.5214341878890991,0.21228039264678955,2,2,nan,nan
3200001,OP10,9400001,OP10:9400001,237,tied,,237,0.012499999999999956,0.0,0.0,0.0,0,0,0,0,0,0,0.0008923530695028603,0.03980938345193863,0.0,nan,0.0,0.0,nan,0.0,0,nan,0.0,0.0,0.0,0.474740594625473,0.2591434419155121,2,2,nan,nan
3200001,OP10,9400001,OP10:9400001,238,tied,,238,0.008333333333333304,0.0,0.0,0.0,0,0,0,0,0,0,7.119178917491809e-05,0.039660803973674774,0.0,nan,0.0,0.0,nan,0.0,0,nan,0.0,0.0,0.0,0.4291899800300598,0.30850815773010254,2,2,nan,nan
3200001,OP10,9400001,OP10:9400001,239,tied,,239,0.004166666666666652,0.0,0.0,0.0,0,0,0,0,0,0,0.0007498741033487022,0.039529237896203995,0.0,nan,0.0,0.0,nan,0.0,0,nan,0.0,0.0,0.0,0.3851879835128784,0.359345018863678,2,2,nan,nan
3200001,OP11,9400000,OP11:9400000,0,tied,,0,1.0,0.0,0.0,0.0,0,0,0,0,0,0,0.10704054683446884,0.17881479859352112,0.0,nan,0.0,0.0,nan,0.0,2,nan,1.0,0.0,0.0,0.7322870492935181,0.22479590773582458,2,2,nan,nan
3200001,OP11,9400000,OP11:9400000,1,tied,,1,0.9958333333333333,0.0,0.0,0.0,0,0,0,0,0,0,0.12972398102283478,0.18908235430717468,0.0,nan,0.0,0.0,nan,0.0,2,nan,1.0,0.0,0.0,0.7097750902175903,0.22328858077526093,2,2,nan,nan
3200001,OP11,9400000,OP11:9400000,2,tied,,2,0.9916666666666667,0.0,0.0,0.0,0,0,0,0,0,0,0.17973598837852478,0.2168508768081665,0.0,nan,0.0,0.0,nan,0.0,2,nan,1.0,0.0,0.0,0.6651735901832581,0.22159604728221893,2,2,nan,nan
3200001,OP11,9400000,OP11:9400000,3,tied,,3,0.9875,0.0,0.0,0.0,0,0,0,0,0,0,0.23530487716197968,0.256972074508667,0.0,nan,0.0,0.0,nan,0.0,2,nan,1.0,0.0,0.0,0.6168496012687683,0.23216649889945984,2,2,nan,nan
3200001,OP11,9400000,OP11:9400000,4,tied,,4,0.9833333333333333,0.0,0.0,0.0,0,0,0,0,0,0,0.29087376594543457,0.303104043006897,0.0,nan,0.0,0.0,nan,0.0,2,nan,1.0,0.0,0.0,0.5714284777641296,0.2542191445827484,2,2,nan,nan
3200001,OP11,9400000,OP11:9400000,5,tied,,5,0.9791666666666666,0.0,0.0,0.0,0,0,0,0,0,0,0.2685851454734802,0.28397485613822937,0.0,nan,0.0,0.0,nan,0.0,2,nan,1.0,0.0,0.0,0.5276821255683899,0.307150274515152,2,2,nan,nan
3200001,OP11,9400000,OP11:9400000,6,tied,,6,0.975,0.0,0.0,0.0,0,0,0,0,0,0,0.24629659950733185,0.26552310585975647,0.0,nan,0.0,0.0,nan,0.0,2,nan,1.0,0.0,0.0,0.4882511496543884,0.36053401231765747,2,2,nan,nan
3200001,OP11,9400000,OP11:9400000,7,tied,,7,0.9708333333333333,0.0,0.0,0.0,0,0,1,0,0,1,0.2240079939365387,0.24789996445178986,0.0,nan,0.0,0.0,nan,0.0,1,nan,1.0,0.0,0.0,0.45525646209716797,0.3981342613697052,2,2,nan,nan
3200001,OP11,9400000,OP11:9400000,8,tied,,8,0.9666666666666667,0.0,0.0,0.0,0,0,1,0,0,1,0.2513856887817383,0.2585937976837158,0.0,nan,0.0,0.0,nan,0.0,1,nan,1.0,0.0,0.0,0.43304911255836487,0.41559115052223206,2,2,nan,nan
3200001,OP11,9400000,OP11:9400000,9,tied,,9,0.9625,0.0,0.0,0.0,0,0,1,0,0,1,0.2421567440032959,0.2503487765789032,0.0,nan,0.0,0.0,nan,0.0,1,nan,1.0,0.0,0.0,0.4118136465549469,0.362515389919281,2,2,nan,nan
3200001,OP11,9400000,OP11:9400000,10,tied,,10,0.9583333333333334,0.0,0.0,0.0,0,0,1,0,0,1,0.2077622413635254,0.2644125819206238,0.0,nan,0.0,0.0,nan,0.0,1,nan,1.0,0.0,0.0,0.370208740234375,0.30806541442871094,2,2,nan,nan
3200001,OP11,9400000,OP11:9400000,11,tied,,11,0.9541666666666667,0.0,0.0,0.0,0,0,1,0,0,1,0.17336773872375488,0.31548747420310974,0.0,nan,0.0,0.0,nan,0.0,1,nan,1.0,0.0,0.0,0.3164193034172058,0.2536154091358185,2,2,nan,nan
3200001,OP11,9400000,OP11:9400000,12,tied,,12,0.95,0.0,0.0,0.0,0,0,1,0,0,1,0.13897323608398438,0.3892679512500763,0.0,nan,0.0,0.0,nan,0.0,1,nan,1.0,0.0,0.0,0.26616474986076355,0.19916538894176483,2,2,nan,nan
3200001,OP11,9400000,OP11:9400000,13,tied,,13,0.9458333333333333,0.0,0.0,0.0,0,0,1,0,0,1,0.10457873344421387,0.4752952456474304,0.0,nan,0.0,0.0,nan,0.0,1,nan,1.0,0.0,0.0,0.22007426619529724,0.14471538364887238,2,2,nan,nan
3200001,OP11,9400000,OP11:9400000,14,tied,,14,0.9416666666666667,0.0,0.0,0.0,0,0,0,0,0,1,0.07018423080444336,0.5680320262908936,0.0,nan,0.0,0.0,nan,0.0,1,nan,1.0,0.0,0.0,0.18799984455108643,0.09026537835597992,2,2,nan,nan
3200001,OP11,9400000,OP11:9400000,15,tied,,15,0.9375,0.0,0.0,0.0,0,0,0,0,0,1,0.09400348365306854,0.6279160976409912,0.0,nan,0.0,0.0,nan,0.0,1,nan,1.0,0.0,0.0,0.23302850127220154,0.09973780810832977,2,2,nan,nan
3200001,OP11,9400000,OP11:9400000,16,tied,,16,0.9333333333333333,0.0,0.0,0.0,1,0,0,0,0,1,0.09387564659118652,0.6042078733444214,1.0,0.07878293842077255,1.0,0.0,0.6042078733444214,1.0,1,0.4672834277153015,1.0,0.0,0.0,0.28027868270874023,0.1522134691476822,2,2,-0.13692444562911987,0.0
3200001,OP11,9400000,OP11:9400000,17,tied,,17,0.9291666666666667,0.0,0.0,0.0,1,0,0,0,0,1,0.0397125706076622,0.5506965517997742,1.0,0.10684404522180557,1.0,0.0,0.5506965517997742,1.0,1,0.43188339471817017,1.0,0.0,0.0,0.32896870374679565,0.20068776607513428,2,2,-0.118813157081604,0.0
3200001,OP11,9400000,OP11:9400000,18,tied,,18,0.925,0.0,0.0,0.0,1,0,0,0,0,1,0.022590065374970436,0.4427044987678528,1.0,0.11360840499401093,1.0,0.0,0.4427044987678528,1.0,1,0.37210339307785034,1.0,0.0,0.0,0.31852349638938904,0.25032514333724976,2,2,-0.07060110569000244,0.0
3200001,OP11,9400000,OP11:9400000,19,tied,,19,0.9208333333333334,0.0,0.0,0.0,1,0,0,1,1,1,0.023989105597138405,0.33432093262672424,1.0,0.11049006879329681,1.0,0.0,0.33432093262672424,1.0,0,inf,0.0,0.0,0.0,0.26460450887680054,0.3019692301750183,2,2,nan,nan
3200001,OP11,9400000,OP11:9400000,20,tied,,20,0.9166666666666666,0.0,0.0,0.0,1,0,0,1,1,1,0.024259518831968307,0.2261648178100586,1.0,0.1076018363237381,1.0,0.0,0.2261648178100586,1.0,0,inf,0.0,1.0,0.0,0.26479285955429077,0.3541666865348816,2,2,nan,nan
3200001,OP11,9400000,OP11:9400000,21,tied,,21,0.9125,0.0,0.0,0.0,1,0,0,1,1,2,0.0225964542478323,0.11860694736242294,1.0,0.10495531558990479,1.0,1.0,0.11860694736242294,0.0,0,inf,0.0,1.0,0.0,0.3187212347984314,0.40648168325424194,2,2,nan,nan
3200001,OP11,9400000,OP11:9400000,22,tied,,22,0.9083333333333333,0.0,0.0,0.0,1,0,0,1,1,2,0.05385413020849228,0.05587911605834961,1.0,0.09406629949808121,1.0,1.0,0.05587911605834961,0.0,0,inf,0.0,1.0,0.0,0.3683318495750427,0.4577358663082123,2,2,nan,nan
3200001,OP11,9400000,OP11:9400000,23,tied,,23,0.9041666666666667,0.0,0.0,0.0,1,0,0,1,1,1,0.08435337245464325,0.1399008184671402,1.0,0.06393266469240189,1.0,1.0,0.1399008184671402,0.0,0,inf,0.0,1.0,0.0,0.31439441442489624,0.3858725130558014,2,2,nan,nan
3200001,OP11,9400000,OP11:9400000,24,tied,,24,0.9,0.0,0.0,0.0,1,0,0,2,2,1,0.11598706245422363,0.2426268309354782,1.0,0.07501156628131866,1.0,0.0,0.2426268309354782,1.0,0,inf,0.0,1.0,0.0,0.2604580521583557,0.3314225375652313,2,2,nan,nan
3200001,OP11,9400000,OP11:9400000,25,tied,,25,0.8958333333333334,0.0,0.0,0.0,1,0,0,2,2,1,0.14211931824684143,0.3364938199520111,1.0,0.03757929801940918,1.0,0.0,0.3364938199520111,1.0,0,inf,0.0,0.0,0.0,0.25994426012039185,0.27697253227233887,2,2,nan,nan
3200001,OP11,9400000,OP11:9400000,26,tied,,26,0.8916666666666666,0.0,0.0,0.0,1,0,0,2,2,1,0.20081278681755066,0.40652671456336975,1.0,0.09770797938108444,1.0,0.0,0.40652671456336975,1.0,0,inf,0.0,0.0,0.0,0.3138565719127655,0.2225225269794464,2,2,nan,nan
3200001,OP11,9400000,OP11:9400000,27,tied,,27,0.8875,0.0,0.0,0.0,1,0,0,1,2,1,0.20602183043956757,0.40896350145339966,1.0,0.19764065742492676,0.0,0.0,0.40896350145339966,1.0,1,0.49566346406936646,1.0,0.0,0.0,0.36475303769111633,0.16807252168655396,2,2,0.0866999626159668,1.0
3200001,OP11,9400000,OP11:9400000,28,tied,,28,0.8833333333333333,0.0,0.0,0.0,1,0,0,1,2,1,0.18314531445503235,0.4043563902378082,1.0,0.3029125928878784,0.0,0.0,0.4043563902378082,1.0,1,0.5543261170387268,1.0,0.0,0.0,0.41641759872436523,0.1136225089430809,2,2,0.14996972680091858,1.0
3200001,OP11,9400000,OP11:9400000,29,tied,,29,0.8791666666666667,0.0,0.0,0.0,1,0,0,1,2,1,0.16303673386573792,0.40086880326271057,1.0,0.4094257354736328,0.0,0.0,0.40086880326271057,1.0,1,0.5557993650436401,1.0,0.0,0.0,0.4685962200164795,0.059172503650188446,2,2,0.15493056178092957,1.0
3200001,OP11,9400000,OP11:9400000,30,leading,,30,0.875,1.0,0.0,1.0,0,0,0,1,2,0,0.21101081371307373,0.42427563667297363,0.0,nan,0.0,0.0,nan,0.0,1,nan,1.0,0.0,0.0,0.5211345553398132,0.02695307694375515,2,2,nan,nan
3200001,OP11,9400000,OP11:9400000,31,leading,,31,0.8708333333333333,1.0,0.0,1.0,0,0,0,1,2,1,0.29047051072120667,0.5284373760223389,0.0,nan,0.0,0.0,nan,0.0,1,nan,1.0,0.0,0.0,0.5401036143302917,0.04212399572134018,2,2,nan,nan
3200001,OP11,9400000,OP11:9400000,32,leading,,32,0.8666666666666667,1.0,0.0,1.0,0,0,0,1,2,1,0.3621658384799957,0.5725342035293579,0.0,nan,0.0,0.0,nan,0.0,1,nan,1.0,0.0,0.0,0.5213667750358582,0.08615101873874664,2,2,nan,nan
3200001,OP11,9400000,OP11:9400000,33,leading,,33,0.8625,1.0,0.0,1.0,0,0,0,0,2,1,0.3909153342247009,0.5820648074150085,0.0,nan,0.0,0.0,nan,0.0,2,nan,1.0,0.0,0.0,0.5188001394271851,0.11496935784816742,2,2,nan,nan
3200001,OP11,9400000,OP11:9400000,34,leading,,34,0.8583333333333334,1.0,0.0,1.0,0,0,0,0,2,1,0.347411572933197,0.5424305200576782,0.0,nan,0.0,0.0,nan,0.0,2,nan,1.0,0.0,0.0,0.5327204465866089,0.15793515741825104,2,2,nan,nan
3200001,OP11,9400000,OP11:9400000,35,leading,,35,0.8541666666666666,1.0,0.0,1.0,0,0,1,0,2,1,0.26418831944465637,0.48632684350013733,0.0,nan,0.0,0.0,nan,0.0,1,nan,1.0,0.0,0.0,0.5647240281105042,0.18416738510131836,2,2,nan,nan
3200001,OP11,9400000,OP11:9400000,36,leading,,36,0.85,1.0,0.0,1.0,0,0,1,0,2,1,0.1710643321275711,0.3561900854110718,0.0,nan,0.0,0.0,nan,0.0,1,nan,1.0,0.0,0.0,0.6247279644012451,0.2209555208683014,2,2,nan,nan
3200001,OP11,9400000,OP11:9400000,37,leading,,37,0.8458333333333333,1.0,0.0,1.0,0,0,1,0,2,1,0.11543683707714081,0.2502312660217285,0.0,nan,0.0,0.0,nan,0.0,1,nan,1.0,0.0,0.0,0.6206966042518616,0.26392173767089844,2,2,nan,nan
3200001,OP11,9400000,OP11:9400000,38,leading,,38,0.8416666666666667,1.0,0.0,1.0,0,0,1,0,2,1,0.05980934947729111,0.1445569396018982,0.0,nan,0.0,0.0,nan,0.0,1,nan,1.0,0.0,0.0,0.5685866475105286,0.31051188707351685,2,2,nan,nan
3200001,OP11,9400000,OP11:9400000,39,leading,,39,0.8375,1.0,0.0,1.0,0,0,1,0,2,0,0.0763859748840332,0.08510810136795044,0.0,nan,0.0,0.0,nan,0.0,1,nan,1.0,0.0,0.0,0.5151529908180237,0.3448292911052704,2,2,nan,nan
3200001,OP11,9400000,OP11:9400000,40,leading,,40,0.8333333333333334,1.0,0.0,1.0,0,0,1,0,1,0,0.10383553802967072,0.11309900134801865,0.0,nan,0.0,0.0,nan,0.0,1,nan,1.0,0.0,0.0,0.5030836462974548,0.34510916471481323,2,2,nan,nan
3200001,OP11,9400000,OP11:9400000,41,leading,,41,0.8291666666666666,1.0,0.0,1.0,0,0,1,0,1,1,0.1312851458787918,0.18279054760932922,0.0,nan,0.0,0.0,nan,0.0,1,nan,1.0,0.0,0.0,0.5463577508926392,0.2906591594219208,2,2,nan,nan
3200001,OP11,9400000,OP11:9400000,42,leading,,42,0.825,1.0,0.0,1.0,0,0,1,0,1,1,0.1587347537279129,0.26288095116615295,0.0,nan,0.0,0.0,nan,0.0,1,nan,1.0,0.0,0.0,0.523764967918396,0.23620915412902832,2,2,nan,nan
3200001,OP11,9400000,OP11:9400000,43,leading,,43,0.8208333333333333,1.0,0.0,1.0,0,0,2,0,1,1,0.1160271167755127,0.3304065465927124,0.0,nan,0.0,0.0,nan,0.0,0,nan,0.0,0.0,0.0,0.4891054034233093,0.18175914883613586,2,2,nan,nan
3200001,OP11,9400000,OP11:9400000,44,leading,,44,0.8166666666666667,1.0,0.0,1.0,0,0,2,0,1,1,0.0476689338684082,0.344898521900177,0.0,nan,0.0,0.0,nan,0.0,0,nan,0.0,0.0,0.0,0.462991863489151,0.12730912864208221,2,2,nan,nan
3200001,OP11,9400000,OP11:9400000,45,leading,,45,0.8125,1.0,0.0,1.0,0,0,1,0,0,1,0.0294007770717144,0.3399919867515564,0.0,nan,0.0,0.0,nan,0.0,0,nan,0.0,0.0,0.0,0.4450674057006836,0.07285914570093155,2,2,nan,nan
3200001,OP11,9400000,OP11:9400000,46,leading,,46,0.8083333333333333,1.0,0.0,1.0,0,0,1,0,0,0,0.024685001000761986,0.27416104078292847,0.0,nan,0.0,0.0,nan,0.0,0,nan,0.0,0.0,0.0,0.4082830846309662,0.08563235402107239,2,2,nan,nan
3200001,OP11,9400000,OP11:9400000,47,leading,,47,0.8041666666666667,1.0,0.0,1.0,0,0,1,0,0,0,0.023061370477080345,0.1658191680908203,0.0,nan,0.0,0.0,nan,0.0,0,nan,0.0,0.0,0.0,0.37984898686408997,0.1374100297689438,2,2,nan,nan
3200001,OP11,9400000,OP11:9400000,48,leading,,48,0.8,1.0,0.0,1.0,0,0,1,0,0,0,0.021437644958496094,0.05937319993972778,0.0,nan,0.0,0.0,nan,0.0,0,nan,0.0,0.0,0.0,0.42468029260635376,0.1906822919845581,2,2,nan,nan
3200001,OP11,9400000,OP11:9400000,49,leading,,49,0.7958333333333334,1.0,0.0,1.0,0,0,1,0,0,0,0.049640655517578125,0.06776651740074158,0.0,nan,0.0,0.0,nan,0.0,0,nan,0.0,0.0,0.0,0.4783669412136078,0.18997374176979065,2,2,nan,nan
3200001,OP11,9400000,OP11:9400000,50,leading,,50,0.7916666666666666,1.0,0.0,1.0,0,0,1,0,0,0,0.0778435692191124,0.1668965220451355,0.0,nan,0.0,0.0,nan,0.0,0,nan,0.0,0.0,0.0,0.48354530334472656,0.13552376627922058,2,2,nan,nan
3200001,OP11,9400000,OP11:9400000,51,leading,,51,0.7875,1.0,0.0,1.0,0,0,0,0,0,0,0.10604657977819443,0.2707612216472626,0.0,nan,0.0,0.0,nan,0.0,0,nan,0.0,0.0,0.0,0.4320283830165863,0.08107375353574753,2,2,nan,nan
3200001,OP11,9400000,OP11:9400000,52,leading,,52,0.7833333333333333,1.0,0.0,1.0,0,0,0,0,0,0,0.17527084052562714,0.33089494705200195,0.0,nan,0.0,0.0,nan,0.0,0,nan,0.0,0.0,0.0,0.3817424774169922,0.09214872121810913,2,2,nan,nan
3200001,OP11,9400000,OP11:9400000,53,leading,,53,0.7791666666666667,1.0,0.0,1.0,0,0,0,0,0,1,0.18240436911582947,0.3368529677391052,0.0,nan,0.0,0.0,nan,0.0,0,nan,0.0,0.0,0.0,0.33120205998420715,0.14590293169021606,2,2,nan,nan
3200001,OP11,9400000,OP11:9400000,54,leading,,54,0.775,1.0,0.0,1.0,0,0,0,0,0,1,0.18775086104869843,0.34144681692123413,0.0,nan,0.0,0.0,nan,0.0,0,nan,0.0,0.0,0.0,0.30813372135162354,0.20003385841846466,2,2,nan,nan
3200001,OP11,9400000,OP11:9400000,55,leading,,55,0.7708333333333334,1.0,0.0,1.0,0,0,0,0,0,1,0.1623615324497223,0.32663291692733765,0.0,nan,0.0,0.0,nan,0.0,0,nan,0.0,0.0,0.0,0.3564947247505188,0.24508139491081238,2,2,nan,nan
3200001,OP11,9400000,OP11:9400000,56,leading,,56,0.7666666666666666,1.0,0.0,1.0,0,0,1,0,0,1,0.13697214424610138,0.3131895959377289,0.0,nan,0.0,0.0,nan,0.0,0,nan,0.0,0.0,0.0,0.4082799553871155,0.2933357059955597,2,2,nan,nan
3200001,OP11,9400000,OP11:9400000,57,leading,,57,0.7625,1.0,0.0,1.0,0,0,1,0,0,1,0.07446112483739853,0.2302127629518509,0.0,nan,0.0,0.0,nan,0.0,0,nan,0.0,0.0,0.0,0.459428071975708,0.34344780445098877,2,2,nan,nan
3200001,OP11,9400000,OP11:9400000,58,leading,,58,0.7583333333333333,1.0,0.0,1.0,0,0,1,0,0,1,0.06495451927185059,0.12748000025749207,0.0,nan,0.0,0.0,nan,0.0,0,nan,0.0,0.0,0.0,0.4997466206550598,0.3947107195854187,2,2,nan,nan
3200001,OP11,9400000,OP11:9400000,59,leading,,59,0.7541666666666667,1.0,0.0,1.0,0,0,1,0,0,2,0.1102524995803833,0.11137638241052628,0.0,nan,0.0,0.0,nan,0.0,0,nan,0.0,0.0,0.0,0.4988907277584076,0.4207307696342468,2,2,nan,nan
3200001,OP11,9400000,OP11:9400000,60,leading,,60,0.75,1.0,0.0,1.0,0,0,1,0,0,0,0.1490567922592163,0.15069033205509186,0.0,nan,0.0,0.0,nan,0.0,0,nan,0.0,0.0,0.0,0.4697458744049072,0.36671334505081177,2,2,nan,nan
3200001,OP11,9400000,OP11:9400000,61,leading,,61,0.7458333333333333,1.0,0.0,1.0,0,0,1,0,0,1,0.19060301780700684,0.22114069759845734,0.0,nan,0.0,0.0,nan,0.0,0,nan,0.0,0.0,0.0,0.4838067591190338,0.3122633993625641,2,2,nan,nan
3200001,OP11,9400000,OP11:9400000,62,leading,,62,0.7416666666666667,1.0,0.0,1.0,0,0,1,0,0,1,0.18514367938041687,0.2917415201663971,0.0,nan,0.0,0.0,nan,0.0,0,nan,0.0,0.0,0.0,0.45480698347091675,0.25781336426734924,2,2,nan,nan
3200001,OP11,9400000,OP11:9400000,63,leading,,63,0.7375,1.0,0.0,1.0,0,0,1,0,0,1,0.15423831343650818,0.3593182861804962,0.0,nan,0.0,0.0,nan,0.0,0,nan,0.0,0.0,0.0,0.4879978597164154,0.20336337387561798,2,2,nan,nan
3200001,OP11,9400000,OP11:9400000,64,leading,,64,0.7333333333333334,1.0,0.0,1.0,0,0,2,0,0,1,0.12333299964666367,0.4411848485469818,0.0,nan,0.0,0.0,nan,0.0,0,nan,0.0,0.0,0.0,0.5088082551956177,0.14891336858272552,2,2,nan,nan
3200001,OP11,9400000,OP11:9400000,65,leading,,65,0.7291666666666667,1.0,0.0,1.0,0,0,1,0,0,1,0.07564034312963486,0.4586198329925537,0.0,nan,0.0,0.0,nan,0.0,0,nan,0.0,0.0,0.0,0.5341323614120483,0.09446337819099426,2,2,nan,nan
3200001,OP11,9400000,OP11:9400000,66,leading,,66,0.725,1.0,0.0,1.0,0,0,1,0,0,1,0.014098596759140491,0.40541380643844604,0.0,nan,0.0,0.0,nan,0.0,0,nan,0.0,0.0,0.0,0.541864812374115,0.10329055786132812,2,2,nan,nan
3200001,OP11,9400000,OP11:9400000,67,leading,,67,0.7208333333333333,1.0,0.0,1.0,0,0,1,0,0,1,0.02301306650042534,0.30640238523483276,0.0,nan,0.0,0.0,nan,0.0,0,nan,0.0,0.0,0.0,0.517620325088501,0.15773466229438782,2,2,nan,nan
3200001,OP11,9400000,OP11:9400000,68,leading,,68,0.7166666666666667,1.0,0.0,1.0,0,0,1,0,0,0,0.060124777257442474,0.21450404822826385,0.0,nan,0.0,0.0,nan,0.0,0,nan,0.0,0.0,0.0,0.4773825705051422,0.21218180656433105,2,2,nan,nan
3200001,OP11,9400000,OP11:9400000,69,leading,,69,0.7125,1.0,0.0,1.0,0,0,1,0,0,0,0.03692827373743057,0.11320481449365616,0.0,nan,0.0,0.0,nan,0.0,0,nan,0.0,0.0,0.0,0.4677741527557373,0.2389678657054901,2,2,nan,nan
3200001,OP11,9400000,OP11:9400000,70,leading,,70,0.7083333333333333,1.0,0.0,1.0,0,0,1,0,0,0,0.056771088391542435,0.06595252454280853,0.0,nan,0.0,0.0,nan,0.0,0,nan,0.0,0.0,0.0,0.5201537609100342,0.2667415738105774,2,2,nan,nan
3200001,OP11,9400000,OP11:9400000,71,leading,,71,0.7041666666666666,1.0,0.0,1.0,0,0,1,0,0,0,0.028613757342100143,0.07129319757223129,0.0,nan,0.0,0.0,nan,0.0,0,nan,0.0,0.0,0.0,0.5739668011665344,0.23593232035636902,2,2,nan,nan
3200001,OP11,9400000,OP11:9400000,72,leading,,72,0.7,1.0,0.0,1.0,0,0,1,0,0,0,0.00045642853365279734,0.16416636109352112,0.0,nan,0.0,0.0,nan,0.0,0,nan,0.0,0.0,0.0,0.580018162727356,0.18148234486579895,2,2,nan,nan
3200001,OP11,9400000,OP11:9400000,73,leading,,73,0.6958333333333333,1.0,0.0,1.0,0,0,1,0,0,0,0.016838978976011276,0.27187463641166687,0.0,nan,0.0,0.0,nan,0.0,0,nan,0.0,0.0,0.0,0.5285691022872925,0.1270323246717453,2,2,nan,nan
3200001,OP11,9400000,OP11:9400000,74,leading,,74,0.6916666666666667,1.0,0.0,1.0,0,0,0,0,0,1,0.03322148323059082,0.37999460101127625,0.0,nan,0.0,0.0,nan,0.0,0,nan,0.0,0.0,0.0,0.478526771068573,0.07258231937885284,2,2,nan,nan
3200001,OP11,9400000,OP11:9400000,75,leading,,75,0.6875,1.0,0.0,1.0,0,0,0,0,0,1,0.007193374447524548,0.44105368852615356,0.0,nan,0.0,0.0,nan,0.0,0,nan,0.0,0.0,0.0,0.43175458908081055,0.08541790395975113,2,2,nan,nan
3200001,OP11,9400000,OP11:9400000,76,leading,,76,0.6833333333333333,1.0,0.0,1.0,0,0,0,0,0,1,0.009923458099365234,0.44186338782310486,0.0,nan,0.0,0.0,nan,0.0,0,nan,0.0,0.0,0.0,0.45399370789527893,0.136550173163414,2,2,nan,nan
3200001,OP11,9400000,OP11:9400000,77,leading,,77,0.6791666666666667,1.0,0.0,1.0,0,0,0,0,0,1,0.002777528716251254,0.4177185595035553,0.0,nan,0.0,0.0,nan,0.0,1,nan,1.0,0.0,0.0,0.5074647068977356,0.18490095436573029,2,2,nan,nan
3200001,OP11,9400000,OP11:9400000,78,leading,,78,0.675,1.0,0.0,1.0,0,0,1,0,0,1,0.017737388610839844,0.41394686698913574,0.0,nan,0.0,0.0,nan,0.0,0,nan,0.0,0.0,0.0,0.5527163147926331,0.23328642547130585,2,2,nan,nan
3200001,OP11,9400000,OP11:9400000,79,leading,,79,0.6708333333333334,1.0,0.0,1.0,0,0,1,0,0,1,0.06294207274913788,0.3494723439216614,0.0,nan,0.0,0.0,nan,0.0,0,nan,0.0,0.0,0.0,0.599092960357666,0.2838773727416992,2,2,nan,nan
3200001,OP11,9400000,OP11:9400000,80,leading,,80,0.6666666666666667,1.0,0.0,1.0,0,0,1,0,0,1,0.07676620781421661,0.2345716506242752,0.0,nan,0.0,0.0,nan,0.0,0,nan,0.0,0.0,0.0,0.6002815365791321,0.3356781005859375,2,2,nan,nan
3200001,OP11,9400000,OP11:9400000,81,leading,,81,0.6625,1.0,0.0,1.0,0,0,1,0,0,1,0.06757473945617676,0.13187164068222046,0.0,nan,0.0,0.0,nan,0.0,0,nan,0.0,0.0,0.0,0.5520300269126892,0.3882046341896057,2,2,nan,nan
3200001,OP11,9400000,OP11:9400000,82,leading,,82,0.6583333333333333,1.0,0.0,1.0,0,0,1,0,0,2,0.05838332325220108,0.058582741767168045,0.0,nan,0.0,0.0,nan,0.0,0,nan,0.0,0.0,0.0,0.5232250094413757,0.44119778275489807,2,2,nan,nan
3200001,OP11,9400000,OP11:9400000,83,leading,,83,0.6541666666666667,1.0,0.0,1.0,0,0,1,0,0,1,0.049191854894161224,0.11467025429010391,0.0,nan,0.0,0.0,nan,0.0,0,nan,0.0,0.0,0.0,0.4807754158973694,0.3901808559894562,2,2,nan,nan
3200001,OP11,9400000,OP11:9400000,84,leading,,84,0.65,1.0,0.0,1.0,0,0,1,0,0,1,0.04000039026141167,0.2157362401485443,0.0,nan,0.0,0.0,nan,0.0,0,nan,0.0,0.0,0.0,0.46670904755592346,0.3357308506965637,2,2,nan,nan
3200001,OP11,9400000,OP11:9400000,85,leading,,85,0.6458333333333333,1.0,0.0,1.0,0,0,1,0,0,1,0.03080897405743599,0.321885883808136,0.0,nan,0.0,0.0,nan,0.0,1,nan,1.0,0.0,0.0,0.4769810140132904,0.2812808156013489,2,2,nan,nan
3200001,OP11,9400000,OP11:9400000,86,leading,,86,0.6416666666666666,1.0,0.0,1.0,0,0,1,0,0,1,0.021617507562041283,0.42936521768569946,0.0,nan,0.0,0.0,nan,0.0,1,nan,1.0,0.0,0.0,0.5062931776046753,0.22683081030845642,2,2,nan,nan
3200001,OP11,9400000,OP11:9400000,87,leading,,87,0.6375,1.0,0.0,1.0,1,0,1,0,0,1,0.012749242596328259,0.534856379032135,1.0,0.09322452545166016,1.0,0.0,0.534856379032135,1.0,1,0.15999393165111542,1.0,0.0,0.0,0.5549003481864929,0.17238081991672516,2,2,-0.3748624473810196,0.0
3200001,OP11,9400000,OP11:9400000,88,leading,,88,0.6333333333333333,1.0,0.0,1.0,1,0,1,0,0,1,0.04389238357543945,0.5939768552780151,1.0,0.11264926195144653,1.0,0.0,0.5939768552780151,1.0,1,0.17426204681396484,1.0,0.0,0.0,0.5416948795318604,0.1179308071732521,2,2,-0.4197148084640503,0.0
3200001,OP11,9400000,OP11:9400000,89,leading,,89,0.6291666666666667,1.0,0.0,1.0,1,0,0,0,0,1,0.055846311151981354,0.5957926511764526,1.0,0.11636052280664444,1.0,0.0,0.5957926511764526,1.0,1,0.17722468078136444,1.0,0.0,0.0,0.48775607347488403,0.06348079442977905,2,2,-0.4185679703950882,0.0
3200001,OP11,9400000,OP11:9400000,90,leading,,90,0.625,1.0,0.0,1.0,1,0,0,0,0,1,0.002734231995418668,0.5476611852645874,1.0,0.06453828513622284,1.0,0.0,0.5476611852645874,1.0,1,0.17540939152240753,1.0,0.0,0.0,0.4338216185569763,0.07858303934335709,2,2,-0.37225179374217987,0.0
3200001,OP11,9400000,OP11:9400000,91,leading,,91,0.6208333333333333,1.0,0.0,1.0,1,0,0,0,0,1,0.026108980178833008,0.4429934620857239,1.0,0.03992732614278793,1.0,0.0,0.4429934620857239,1.0,1,0.17376065254211426,1.0,0.0,0.0,0.37988799810409546,0.1297438144683838,2,2,-0.2692328095436096,0.0
3200001,OP11,9400000,OP11:9400000,92,leading,,92,0.6166666666666667,1.0,0.0,1.0,1,0,0,0,0,1,0.04948372766375542,0.3404082655906677,1.0,0.09933309257030487,1.0,0.0,0.3404082655906677,1.0,1,0.17227767407894135,1.0,0.0,0.0,0.32595545053482056,0.18281473219394684,2,2,-0.16813059151172638,0.0
3200001,OP11,9400000,OP11:9400000,93,leading,,93,0.6125,1.0,0.0,1.0,1,0,0,1,1,1,0.04640188068151474,0.2333458662033081,1.0,0.16022735834121704,1.0,0.0,0.2333458662033081,1.0,0,inf,0.0,0.0,0.0,0.27202436327934265,0.2276664674282074,2,2,nan,nan
3200001,OP11,9400000,OP11:9400000,94,leading,,94,0.6083333333333334,1.0,0.0,1.0,1,0,0,1,1,0,0.040407560765743256,0.12765221297740936,1.0,0.14585399627685547,1.0,1.0,0.12765221297740936,0.0,0,inf,0.0,0.0,0.0,0.2689414918422699,0.2746982276439667,2,2,nan,nan
3200001,OP11,9400000,OP11:9400000,95,leading,,95,0.6041666666666667,1.0,0.0,1.0,1,0,0,1,1,0,0.07194757461547852,0.08186550438404083,1.0,0.07414974272251129,1.0,1.0,0.08186550438404083,0.0,0,inf,0.0,0.0,0.0,0.3227062225341797,0.31427258253097534,2,2,nan,nan
3200001,OP11,9400000,OP11:9400000,96,leading,,96,0.6,1.0,0.0,1.0,1,0,0,1,1,0,0.03396887704730034,0.049968171864748,1.0,0.10147426277399063,1.0,1.0,0.049968171864748,0.0,0,inf,0.0,0.0,0.0,0.37408536672592163,0.28874409198760986,2,2,nan,nan
3200001,OP11,9400000,OP11:9400000,97,leading,,97,0.5958333333333333,1.0,0.0,1.0,1,0,0,1,1,0,0.0142050264403224,0.0750919058918953,1.0,0.15639851987361908,1.0,1.0,0.0750919058918953,0.0,0,inf,0.0,0.0,0.0,0.39042314887046814,0.2342940866947174,2,2,nan,nan
3200001,OP11,9400000,OP11:9400000,98,leading,,98,0.5916666666666667,1.0,0.0,1.0,1,0,0,1,1,0,0.007667160127311945,0.08835692703723907,1.0,0.15680865943431854,1.0,1.0,0.08835692703723907,0.0,0,inf,0.0,0.0,0.0,0.3364788889884949,0.17984408140182495,2,2,nan,nan
3200001,OP11,9400000,OP11:9400000,99,leading,,99,0.5875,1.0,0.0,1.0,1,0,0,1,1,0,0.004689169116318226,0.0946478396654129,1.0,0.1572396457195282,1.0,1.0,0.0946478396654129,0.0,1,0.1572396457195282,1.0,0.0,0.0,0.28253456950187683,0.1253940761089325,2,2,0.0625918060541153,1.0
3200001,OP11,9400000,OP11:9400000,100,leading,,100,0.5833333333333333,1.0,0.0,1.0,1,0,0,1,1,0,0.0033326626289635897,0.09755294770002365,1.0,0.15769034624099731,1.0,1.0,0.09755294770002365,0.0,1,0.15769034624099731,1.0,0.0,0.0,0.22859027981758118,0.07094406336545944,2,2,0.06013739854097366,1.0
3200001,OP11,9400000,OP11:9400000,101,leading,,101,0.5791666666666666,1.0,0.0,1.0,1,0,0,1,1,0,0.05699148029088974,0.13542748987674713,1.0,0.1423475444316864,1.0,1.0,0.13542748987674713,0.0,1,0.1423475444316864,1.0,0.0,0.0,0.17464593052864075,0.032315026968717575,2,2,0.00692005455493927,1.0
3200001,OP11,9400000,OP11:9400000,102,leading,,102,0.575,2.0,0.0,2.0,0,0,0,1,2,0,0.07743339240550995,0.20615974068641663,0.0,nan,0.0,0.0,nan,0.0,1,nan,1.0,0.0,0.0,0.12070155143737793,0.014719490893185139,2,2,nan,nan
3200001,OP11,9400000,OP11:9400000,103,leading,,103,0.5708333333333333,2.0,0.0,2.0,0,0,0,1,2,0,0.12662729620933533,0.3000952899456024,0.0,nan,0.0,0.0,nan,0.0,1,nan,1.0,0.0,0.0,0.1255907565355301,0.032799381762742996,2,2,nan,nan
3200001,OP11,9400000,OP11:9400000,104,leading,,104,0.5666666666666667,2.0,0.0,2.0,0,0,0,1,2,0,0.19843140244483948,0.3645024597644806,0.0,nan,0.0,0.0,nan,0.0,1,nan,1.0,0.0,0.0,0.178949773311615,0.08057405799627304,2,2,nan,nan
3200001,OP11,9400000,OP11:9400000,105,leading,,105,0.5625,2.0,0.0,2.0,0,0,0,1,2,0,0.18418216705322266,0.3553789556026459,0.0,nan,0.0,0.0,nan,0.0,1,nan,1.0,0.0,0.0,0.22789330780506134,0.09775044769048691,2,2,nan,nan
3200001,OP11,9400000,OP11:9400000,106,leading,,106,0.5583333333333333,2.0,0.0,2.0,0,0,0,1,2,1,0.16993293166160583,0.346610963344574,0.0,nan,0.0,0.0,nan,0.0,1,nan,1.0,0.0,0.0,0.2786892354488373,0.1361900418996811,2,2,nan,nan
3200001,OP11,9400000,OP11:9400000,107,leading,,107,0.5541666666666667,2.0,0.0,2.0,0,0,0,1,2,1,0.1491708755493164,0.3356550633907318,0.0,nan,0.0,0.0,nan,0.0,1,nan,1.0,0.0,0.0,0.330484539270401,0.1798172891139984,2,2,nan,nan
3200001,OP11,9400000,OP11:9400000,108,leading,,108,0.55,2.0,0.0,2.0,0,0,1,1,2,1,0.12840886414051056,0.3256618082523346,0.0,nan,0.0,0.0,nan,0.0,0,nan,0.0,0.0,0.0,0.3828738331794739,0.2281455248594284,2,2,nan,nan
3200001,OP11,9400000,OP11:9400000,109,leading,,109,0.5458333333333334,2.0,0.0,2.0,0,0,1,1,2,1,0.06774015724658966,0.2470509111881256,0.0,nan,0.0,0.0,nan,0.0,0,nan,0.0,0.0,0.0,0.43564286828041077,0.2787402272224426,2,2,nan,nan
3200001,OP11,9400000,OP11:9400000,110,leading,,110,0.5416666666666667,2.0,0.0,2.0,0,0,1,1,2,1,0.03952078893780708,0.12156210094690323,0.0,nan,0.0,0.0,nan,0.0,0,nan,0.0,0.0,0.0,0.48048654198646545,0.3305623233318329,2,2,nan,nan
3200001,OP11,9400000,OP11:9400000,111,leading,,111,0.5375,2.0,0.0,2.0,0,0,1,1,2,0,0.08355565369129181,0.08503444492816925,0.0,nan,0.0,0.0,nan,0.0,0,nan,0.0,0.0,0.0,0.4920681118965149,0.38228708505630493,2,2,nan,nan
3200001,OP11,9400000,OP11:9400000,112,leading,,112,0.5333333333333333,2.0,0.0,2.0,0,0,1,1,2,1,0.07166323810815811,0.11672190576791763,0.0,nan,0.0,0.0,nan,0.0,0,nan,0.0,0.0,0.0,0.5160197019577026,0.33721500635147095,2,2,nan,nan
3200001,OP11,9400000,OP11:9400000,113,leading,,113,0.5291666666666667,2.0,0.0,2.0,0,0,1,1,2,1,0.046607304364442825,0.2261626273393631,0.0,nan,0.0,0.0,nan,0.0,0,nan,0.0,0.0,0.0,0.45790672302246094,0.2827650010585785,2,2,nan,nan
3200001,OP11,9400000,OP11:9400000,114,leading,,114,0.525,2.0,0.0,2.0,0,0,1,0,1,1,0.036652278155088425,0.33159247040748596,0.0,nan,0.0,0.0,nan,0.0,1,nan,1.0,0.0,0.0,0.47396788001060486,0.22831502556800842,2,2,nan,nan
3200001,OP11,9400000,OP11:9400000,115,leading,,115,0.5208333333333333,2.0,0.0,2.0,0,0,2,0,1,1,0.026697207242250443,0.438626229763031,0.0,nan,0.0,0.0,nan,0.0,0,nan,0.0,0.0,0.0,0.5273177027702332,0.17386502027511597,2,2,nan,nan
3200001,OP11,9400000,OP11:9400000,116,leading,,116,0.5166666666666666,2.0,0.0,2.0,0,0,2,0,1,1,0.029494237154722214,0.491372287273407,0.0,nan,0.0,0.0,nan,0.0,0,nan,0.0,0.0,0.0,0.5576378107070923,0.1194150298833847,2,2,nan,nan
3200001,OP11,9400000,OP11:9400000,117,leading,,117,0.5125,2.0,0.0,2.0,0,0,1,0,1,1,0.035978078842163086,0.49197930097579956,0.0,nan,0.0,0.0,nan,0.0,0,nan,0.0,0.0,0.0,0.5770646333694458,0.06496503949165344,2,2,nan,nan
3200001,OP11,9400000,OP11:9400000,118,leading,,118,0.5083333333333333,2.0,0.0,2.0,0,0,1,0,1,1,0.08650131523609161,0.449435293674469,0.0,nan,0.0,0.0,nan,0.0,0,nan,0.0,0.0,0.0,0.5432368516921997,0.07966671884059906,2,2,nan,nan
3200001,OP11,9400000,OP11:9400000,119,leading,,119,0.5041666666666667,2.0,0.0,2.0,0,0,1,0,1,1,0.09386615455150604,0.3463626801967621,0.0,nan,0.0,0.0,nan,0.0,0,nan,0.0,0.0,0.0,0.520806074142456,0.12996265292167664,2,2,nan,nan
3200001,OP11,9400000,OP11:9400000,120,leading,,120,0.5,2.0,0.0,2.0,0,0,1,0,1,0,0.0847594290971756,0.2403373271226883,0.0,nan,0.0,0.0,nan,0.0,0,nan,0.0,0.0,0.0,0.457761287689209,0.1774236410856247,2,2,nan,nan
3200001,OP11,9400000,OP11:9400000,121,leading,,121,0.49583333333333335,2.0,0.0,2.0,0,0,1,0,1,0,0.07565274089574814,0.13881586492061615,0.0,nan,0.0,0.0,nan,0.0,0,nan,0.0,0.0,0.0,0.44731855392456055,0.22802981734275818,2,2,nan,nan
3200001,OP11,9400000,OP11:9400000,122,leading,,122,0.4916666666666667,2.0,0.0,2.0,0,0,1,0,1,0,0.0665460079908371,0.06701137125492096,0.0,nan,0.0,0.0,nan,0.0,0,nan,0.0,0.0,0.0,0.49953848123550415,0.28008154034614563,2,2,nan,nan
3200001,OP11,9400000,OP11:9400000,123,leading,,123,0.48750000000000004,2.0,0.0,2.0,0,0,1,0,0,0,0.057439327239990234,0.11586233228445053,0.0,nan,0.0,0.0,nan,0.0,0,nan,0.0,0.0,0.0,0.5452165007591248,0.23019692301750183,2,2,nan,nan
3200001,OP11,9400000,OP11:9400000,124,leading,,124,0.4833333333333333,2.0,0.0,2.0,0,0,1,0,0,0,0.04833259433507919,0.21464040875434875,0.0,nan,0.0,0.0,nan,0.0,0,nan,0.0,0.0,0.0,0.5922867059707642,0.17574694752693176,2,2,nan,nan
3200001,OP11,9400000,OP11:9400000,125,leading,,125,0.47916666666666663,2.0,0.0,2.0,0,0,1,0,0,1,0.002681732177734375,0.29820361733436584,0.0,nan,0.0,0.0,nan,0.0,0,nan,0.0,0.0,0.0,0.5757426619529724,0.1212969645857811,2,2,nan,nan
3200001,OP11,9400000,OP11:9400000,126,leading,,126,0.475,2.0,0.0,2.0,0,0,0,0,0,1,0.04296912997961044,0.38963180780410767,0.0,nan,0.0,0.0,nan,0.0,0,nan,0.0,0.0,0.0,0.5223406553268433,0.06684696674346924,2,2,nan,nan
3200001,OP11,9400000,OP11:9400000,127,leading,,127,0.4708333333333333,2.0,0.0,2.0,0,0,0,0,0,1,0.03139758110046387,0.43327170610427856,0.0,nan,0.0,0.0,nan,0.0,0,nan,0.0,0.0,0.0,0.4770076274871826,0.08105892688035965,2,2,nan,nan
3200001,OP11,9400000,OP11:9400000,128,leading,,128,0.4666666666666667,2.0,0.0,2.0,0,0,0,0,0,1,0.05691923946142197,0.41883939504623413,0.0,nan,0.0,0.0,nan,0.0,0,nan,0.0,0.0,0.0,0.44264259934425354,0.13157978653907776,2,2,nan,nan
3200001,OP11,9400000,OP11:9400000,129,leading,,129,0.4625,2.0,0.0,2.0,0,0,1,0,0,1,0.008555603213608265,0.38577890396118164,0.0,nan,0.0,0.0,nan,0.0,0,nan,0.0,0.0,0.0,0.4769405424594879,0.18319901823997498,2,2,nan,nan
3200001,OP11,9400000,OP11:9400000,130,leading,,130,0.45833333333333337,2.0,0.0,2.0,0,0,1,0,0,1,0.05697832256555557,0.3240618109703064,0.0,nan,0.0,0.0,nan,0.0,0,nan,0.0,0.0,0.0,0.5146437287330627,0.2293083369731903,2,2,nan,nan
3200001,OP11,9400000,OP11:9400000,131,leading,,131,0.4541666666666667,2.0,0.0,2.0,0,0,1,0,0,1,0.05125608295202255,0.21687602996826172,0.0,nan,0.0,0.0,nan,0.0,0,nan,0.0,0.0,0.0,0.5278366208076477,0.2784463167190552,2,2,nan,nan
3200001,OP11,9400000,OP11:9400000,132,leading,,132,0.44999999999999996,2.0,0.0,2.0,0,0,1,0,0,1,0.04553384706377983,0.11211381107568741,0.0,nan,0.0,0.0,nan,0.0,0,nan,0.0,0.0,0.0,0.4909249246120453,0.3292597532272339,2,2,nan,nan
3200001,OP11,9400000,OP11:9400000,133,leading,,133,0.4458333333333333,2.0,0.0,2.0,0,0,1,0,0,0,0.03981161117553711,0.040236279368400574,0.0,nan,0.0,0.0,nan,0.0,0,nan,0.0,0.0,0.0,0.45541220903396606,0.37160724401474,2,2,nan,nan
3200001,OP11,9400000,OP11:9400000,134,leading,,134,0.44166666666666665,2.0,0.0,2.0,0,0,1,0,0,1,0.03408932685852051,0.11909476667642593,0.0,nan,0.0,0.0,nan,0.0,0,nan,0.0,0.0,0.0,0.4116824269294739,0.31715720891952515,2,2,nan,nan
3200001,OP11,9400000,OP11:9400000,135,leading,,135,0.4375,2.0,0.0,2.0,0,0,1,0,0,1,0.028367137536406517,0.22419485449790955,0.0,nan,0.0,0.0,nan,0.0,0,nan,0.0,0.0,0.0,0.38291916251182556,0.2627072334289551,2,2,nan,nan
3200001,OP11,9400000,OP11:9400000,136,leading,,136,0.43333333333333335,2.0,0.0,2.0,0,0,1,0,0,1,0.022644901648163795,0.3314487338066101,0.0,nan,0.0,0.0,nan,0.0,1,nan,1.0,0.0,0.0,0.33198118209838867,0.20825722813606262,2,2,nan,nan
3200001,OP11,9400000,OP11:9400000,137,leading,,137,0.4291666666666667,2.0,0.0,2.0,0,0,1,0,0,1,0.016922617331147194,0.4392816126346588,0.0,nan,0.0,0.0,nan,0.0,1,nan,1.0,0.0,0.0,0.2795107960700989,0.15380723774433136,2,2,nan,nan
3200001,OP11,9400000,OP11:9400000,138,leading,,138,0.42500000000000004,2.0,0.0,2.0,0,0,0,0,0,1,0.035335492342710495,0.4931756556034088,0.0,nan,0.0,0.0,nan,0.0,1,nan,1.0,0.0,0.0,0.291118860244751,0.0993572324514389,2,2,nan,nan
3200001,OP11,9400000,OP11:9400000,139,leading,,139,0.4208333333333333,2.0,0.0,2.0,0,0,0,0,0,1,0.01393799763172865,0.4421994686126709,0.0,nan,0.0,0.0,nan,0.0,1,nan,1.0,0.0,0.0,0.3443583846092224,0.10749097913503647,2,2,nan,nan
3200001,OP11,9400000,OP11:9400000,140,leading,,140,0.41666666666666663,2.0,0.0,2.0,0,0,1,0,0,1,0.03326616436243057,0.33647769689559937,0.0,nan,0.0,0.0,nan,0.0,0,nan,0.0,0.0,0.0,0.39704447984695435,0.1604304015636444,2,2,nan,nan
3200001,OP11,9400000,OP11:9400000,141,leading,,141,0.4125,2.0,0.0,2.0,0,0,1,0,0,1,0.04791064187884331,0.21342892944812775,0.0,nan,0.0,0.0,nan,0.0,0,nan,0.0,0.0,0.0,0.4636632800102234,0.21001942455768585,2,2,nan,nan
3200001,OP11,9400000,OP11:9400000,142,leading,,142,0.4083333333333333,2.0,0.0,2.0,0,0,1,0,0,0,0.06512651592493057,0.12064719200134277,0.0,nan,0.0,0.0,nan,0.0,0,nan,0.0,0.0,0.0,0.4617944359779358,0.26444339752197266,2,2,nan,nan
3200001,OP11,9400000,OP11:9400000,143,leading,,143,0.4041666666666667,2.0,0.0,2.0,0,0,1,0,0,0,0.08234238624572754,0.08248588442802429,0.0,nan,0.0,0.0,nan,0.0,0,nan,0.0,0.0,0.0,0.4583706855773926,0.30170127749443054,2,2,nan,nan
3200001,OP11,9400000,OP11:9400000,144,leading,,144,0.4,2.0,0.0,2.0,0,0,1,0,0,0,0.0995582565665245,0.14931991696357727,0.0,nan,0.0,0.0,nan,0.0,0,nan,0.0,0.0,0.0,0.49291929602622986,0.24725127220153809,2,2,nan,nan
3200001,OP11,9400000,OP11:9400000,145,leading,,145,0.39583333333333337,2.0,0.0,2.0,0,0,1,0,0,1,0.11677412688732147,0.2470492124557495,0.0,nan,0.0,0.0,nan,0.0,0,nan,0.0,0.0,0.0,0.4391041398048401,0.19280126690864563,2,2,nan,nan
3200001,OP11,9400000,OP11:9400000,146,leading,,146,0.3916666666666667,2.0,0.0,2.0,0,0,1,0,0,1,0.09959163516759872,0.3384551405906677,0.0,nan,0.0,0.0,nan,0.0,0,nan,0.0,0.0,0.0,0.3856036067008972,0.13835126161575317,2,2,nan,nan
3200001,OP11,9400000,OP11:9400000,147,leading,,147,0.38749999999999996,2.0,0.0,2.0,0,0,0,0,0,1,0.09995706379413605,0.4233947694301605,0.0,nan,0.0,0.0,nan,0.0,0,nan,0.0,0.0,0.0,0.33198082447052,0.08390125632286072,2,2,nan,nan
3200001,OP11,9400000,OP11:9400000,148,leading,,148,0.3833333333333333,2.0,0.0,2.0,0,0,0,0,0,1,0.13422808051109314,0.510421633720398,0.0,nan,0.0,0.0,nan,0.0,0,nan,0.0,0.0,0.0,0.3355620503425598,0.09445291012525558,2,2,nan,nan
3200001,OP11,9400000,OP11:9400000,149,leading,,149,0.37916666666666665,2.0,0.0,2.0,0,0,0,0,0,1,0.12348528206348419,0.5042118430137634,0.0,nan,0.0,0.0,nan,0.0,0,nan,0.0,0.0,0.0,0.38784319162368774,0.14652332663536072,2,2,nan,nan
3200001,OP11,9400000,OP11:9400000,150,leading,,150,0.375,2.0,0.0,2.0,0,0,0,0,0,1,0.07051453739404678,0.4669812321662903,0.0,nan,0.0,0.0,nan,0.0,1,nan,1.0,0.0,0.0,0.44164490699768066,0.1948297768831253,2,2,nan,nan
3200001,OP11,9400000,OP11:9400000,151,leading,,151,0.37083333333333335,2.0,0.0,2.0,0,0,0,0,0,1,0.006590413860976696,0.43674421310424805,0.0,nan,0.0,0.0,nan,0.0,1,nan,1.0,0.0,0.0,0.4948299527168274,0.24132084846496582,2,2,nan,nan
3200001,OP11,9400000,OP11:9400000,152,leading,,152,0.3666666666666667,2.0,0.0,2.0,0,0,0,0,0,1,0.05733370780944824,0.41573482751846313,0.0,nan,0.0,0.0,nan,0.0,1,nan,1.0,0.0,0.0,0.5450581312179565,0.2905898690223694,2,2,nan,nan
3200001,OP11,9400000,OP11:9400000,153,leading,,153,0.36250000000000004,2.0,0.0,2.0,0,0,0,0,0,1,0.12125782668590546,0.40539002418518066,0.0,nan,0.0,0.0,nan,0.0,1,nan,1.0,0.0,0.0,0.5916407704353333,0.34143635630607605,2,2,nan,nan
3200001,OP11,9400000,OP11:9400000,154,leading,,154,0.3583333333333333,2.0,0.0,2.0,0,0,0,0,0,1,0.11672806739807129,0.40245524048805237,0.0,nan,0.0,0.0,nan,0.0,1,nan,1.0,0.0,0.0,0.6351787447929382,0.39324891567230225,2,2,nan,nan
3200001,OP11,9400000,OP11:9400000,155,leading,,155,0.35416666666666663,2.0,0.0,2.0,0,0,1,0,0,2,0.05555224418640137,0.34543922543525696,0.0,nan,0.0,0.0,nan,0.0,0,nan,0.0,0.0,0.0,0.6627625226974487,0.4476596713066101,2,2,nan,nan
3200001,OP11,9400000,OP11:9400000,156,leading,,156,0.35,2.0,0.0,2.0,0,0,1,0,0,2,0.026050090789794922,0.23221071064472198,0.0,nan,0.0,0.0,nan,0.0,0,nan,0.0,0.0,0.0,0.6967645287513733,0.5020789504051208,2,2,nan,nan
3200001,OP11,9400000,OP11:9400000,157,leading,,157,0.3458333333333333,2.0,0.0,2.0,0,0,1,0,0,2,0.023349951952695847,0.12409563362598419,0.0,nan,0.0,0.0,nan,0.0,0,nan,0.0,0.0,0.0,0.7156832218170166,0.5565041899681091,2,2,nan,nan
3200001,OP11,9400000,OP11:9400000,158,leading,,158,0.3416666666666667,2.0,0.0,2.0,0,0,1,0,0,2,0.0629507526755333,0.07440812885761261,0.0,nan,0.0,0.0,nan,0.0,0,nan,0.0,0.0,0.0,0.7039163112640381,0.5980839133262634,2,2,nan,nan
3200001,OP11,9400000,OP11:9400000,159,leading,,159,0.3375,2.0,0.0,2.0,0,0,1,0,0,2,0.07525887340307236,0.10625380277633667,0.0,nan,0.0,0.0,nan,0.0,0,nan,0.0,0.0,0.0,0.6396260857582092,0.5840016603469849,2,2,nan,nan
3200001,OP11,9400000,OP11:9400000,160,leading,,160,0.33333333333333337,2.0,0.0,2.0,1,0,1,0,0,2,0.05851616710424423,0.21125395596027374,1.0,0.07362630218267441,1.0,1.0,0.21125395596027374,0.0,0,inf,0.0,0.0,0.0,0.609606146812439,0.52955162525177,2,2,nan,nan
3200001,OP11,9400000,OP11:9400000,161,leading,,161,0.3291666666666667,2.0,0.0,2.0,1,0,1,0,0,2,0.0030040740966796875,0.24186213314533234,1.0,0.07215847820043564,1.0,0.0,0.24186213314533234,1.0,1,0.16124960780143738,1.0,0.0,0.0,0.5556634664535522,0.4751015603542328,2,2,-0.08061252534389496,0.0
3200001,OP11,9400000,OP11:9400000,162,leading,,162,0.32499999999999996,2.0,0.0,2.0,1,0,1,0,0,2,0.0016594886546954513,0.24178388714790344,1.0,0.10724300146102905,1.0,0.0,0.24178388714790344,1.0,1,0.16070519387722015,1.0,0.0,0.0,0.501720130443573,0.42065152525901794,2,2,-0.08107869327068329,0.0
3200001,OP11,9400000,OP11:9400000,163,leading,,163,0.3208333333333333,2.0,0.0,2.0,1,0,1,0,0,1,0.00031495094299316406,0.24171312153339386,1.0,0.0826619416475296,1.0,0.0,0.24171312153339386,1.0,1,0.16016113758087158,1.0,0.0,0.0,0.4477769434452057,0.3662015497684479,2,2,-0.08155198395252228,0.0
3200001,OP11,9400000,OP11:9400000,164,leading,,164,0.31666666666666665,2.0,0.0,2.0,1,0,1,0,0,1,0.0010296344989910722,0.2416498214006424,1.0,0.06377361714839935,1.0,0.0,0.2416498214006424,1.0,1,0.15961751341819763,1.0,0.0,0.0,0.3938337564468384,0.3117515444755554,2,2,-0.08203230798244476,0.0
3200001,OP11,9400000,OP11:9400000,165,leading,,165,0.3125,2.0,0.0,2.0,1,0,1,0,0,1,0.0023741722106933594,0.24159400165081024,1.0,0.07999087870121002,1.0,0.0,0.24159400165081024,1.0,1,0.15907447040081024,1.0,0.0,0.0,0.339890718460083,0.2573015093803406,2,2,-0.08251953125,0.0
3200001,OP11,9400000,OP11:9400000,166,leading,,166,0.30833333333333335,2.0,0.0,2.0,1,0,1,0,0,1,0.0037187100388109684,0.24154570698738098,1.0,0.09075815975666046,1.0,0.0,0.24154570698738098,1.0,1,0.15853217244148254,1.0,0.0,0.0,0.28594785928726196,0.20285150408744812,2,2,-0.08301353454589844,0.0
3200001,OP11,9400000,OP11:9400000,167,leading,,167,0.3041666666666667,2.0,0.0,2.0,1,0,1,0,0,0,0.005063247866928577,0.24150486290454865,1.0,0.0961560606956482,1.0,0.0,0.24150486290454865,1.0,1,0.15799084305763245,1.0,0.0,0.0,0.23200519382953644,0.14840149879455566,2,2,-0.0835140198469162,0.0
3200001,OP11,9400000,OP11:9400000,168,leading,,168,0.30000000000000004,2.0,0.0,2.0,1,0,0,0,0,0,0.006407833192497492,0.2414715588092804,1.0,0.0987170860171318,1.0,0.0,0.2414715588092804,1.0,1,0.15745066106319427,1.0,0.0,0.0,0.17806294560432434,0.09395149350166321,2,2,-0.08402089774608612,0.0
3200001,OP11,9400000,OP11:9400000,169,leading,,169,0.2958333333333333,2.0,0.0,2.0,1,0,0,1,1,0,0.049133967608213425,0.20274662971496582,1.0,0.09991104155778885,1.0,1.0,0.20274662971496582,0.0,0,inf,0.0,0.0,0.0,0.12412148714065552,0.10285474359989166,2,2,nan,nan
3200001,OP11,9400000,OP11:9400000,170,leading,,170,0.29166666666666663,2.0,0.0,2.0,1,0,0,2,2,0,0.06862334907054901,0.11376255750656128,1.0,0.10041555017232895,1.0,1.0,0.11376255750656128,0.0,0,inf,0.0,0.0,0.0,0.1279985010623932,0.15584416687488556,2,2,nan,nan
3200001,OP11,9400000,OP11:9400000,171,leading,,171,0.2875,2.0,0.0,2.0,1,0,0,2,2,0,0.0881127342581749,0.08941994607448578,1.0,0.06308332830667496,1.0,1.0,0.08941994607448578,0.0,0,inf,0.0,0.0,0.0,0.18149855732917786,0.1720331311225891,2,2,nan,nan
3200001,OP11,9400000,OP11:9400000,172,leading,,172,0.2833333333333333,2.0,0.0,2.0,1,0,0,2,2,0,0.1076020747423172,0.1620747148990631,1.0,0.12205608189105988,1.0,1.0,0.1620747148990631,0.0,0,inf,0.0,0.0,0.0,0.23185567557811737,0.11758311837911606,2,2,nan,nan
3200001,OP11,9400000,OP11:9400000,173,leading,,173,0.2791666666666667,2.0,0.0,2.0,1,0,0,2,2,0,0.060456324368715286,0.2080996334552765,1.0,0.2220180779695511,0.0,1.0,0.2080996334552765,0.0,0,inf,0.0,0.0,0.0,0.28353554010391235,0.0631331130862236,2,2,nan,nan
3200001,OP11,9400000,OP11:9400000,174,leading,,174,0.275,2.0,0.0,2.0,1,0,0,2,2,0,0.03253626823425293,0.19029800593852997,1.0,0.30756521224975586,0.0,1.0,0.19029800593852997,0.0,0,inf,0.0,0.0,0.0,0.33592820167541504,0.02875712886452675,2,2,nan,nan
3200001,OP11,9400001,OP11:9400001,0,tied,,0,1.0,0.0,0.0,0.0,0,0,0,0,0,0,0.021309733390808105,0.021603552624583244,0.0,nan,0.0,0.0,nan,0.0,2,nan,1.0,0.0,0.0,0.7202118039131165,0.09153562039136887,2,2,nan,nan
3200001,OP11,9400001,OP11:9400001,1,tied,,1,0.9958333333333333,0.0,0.0,0.0,0,0,0,0,0,0,0.06989681720733643,0.07097313553094864,0.0,nan,0.0,0.0,nan,0.0,2,nan,1.0,0.0,0.0,0.6986945867538452,0.06716112047433853,2,2,nan,nan
3200001,OP11,9400001,OP11:9400001,2,tied,,2,0.9916666666666667,0.0,0.0,0.0,0,0,0,0,0,0,0.06546933948993683,0.06672905385494232,0.0,nan,0.0,0.0,nan,0.0,2,nan,1.0,0.0,0.0,0.6562886834144592,0.09192304313182831,2,2,nan,nan
3200001,OP11,9400001,OP11:9400001,3,tied,,3,0.9875,0.0,0.0,0.0,0,0,0,0,0,0,0.06054992601275444,0.06205010414123535,0.0,nan,0.0,0.0,nan,0.0,2,nan,1.0,0.0,0.0,0.6126407384872437,0.135867178440094,2,2,nan,nan
3200001,OP11,9400001,OP11:9400001,4,tied,,4,0.9833333333333333,0.0,0.0,0.0,0,0,0,0,0,0,0.05563046783208847,0.05741884186863899,0.0,nan,0.0,0.0,nan,0.0,2,nan,1.0,0.0,0.0,0.5698937773704529,0.18547114729881287,2,2,nan,nan
3200001,OP11,9400001,OP11:9400001,5,tied,,5,0.9791666666666666,0.0,0.0,0.0,0,0,0,0,0,0,0.0784902572631836,0.0786081999540329,0.0,nan,0.0,0.0,nan,0.0,2,nan,1.0,0.0,0.0,0.5239062905311584,0.2229747325181961,2,2,nan,nan
3200001,OP11,9400001,OP11:9400001,6,tied,,6,0.975,0.0,0.0,0.0,0,0,0,0,0,0,0.10135006904602051,0.10150519758462906,0.0,nan,0.0,0.0,nan,0.0,2,nan,1.0,0.0,0.0,0.4735514521598816,0.2663935422897339,2,2,nan,nan
3200001,OP11,9400001,OP11:9400001,7,tied,,7,0.9708333333333333,0.0,0.0,0.0,0,0,0,0,0,0,0.12420983612537384,0.12517617642879486,0.0,nan,0.0,0.0,nan,0.0,2,nan,1.0,0.0,0.0,0.4218784272670746,0.3132776916027069,2,2,nan,nan
3200001,OP11,9400001,OP11:9400001,8,tied,,8,0.9666666666666667,0.0,0.0,0.0,0,0,0,0,0,0,0.14706964790821075,0.14925339818000793,0.0,nan,0.0,0.0,nan,0.0,2,nan,1.0,0.0,0.0,0.3703579008579254,0.3622843027114868,2,2,nan,nan
3200001,OP11,9400001,OP11:9400001,9,tied,,9,0.9625,0.0,0.0,0.0,0,0,1,0,0,2,0.1266268789768219,0.12919913232326508,0.0,nan,0.0,0.0,nan,0.0,1,nan,1.0,1.0,0.0,0.3186943531036377,0.41255301237106323,2,2,nan,nan
3200001,OP11,9400001,OP11:9400001,10,tied,,10,0.9583333333333334,0.0,0.0,0.0,0,0,1,0,0,2,0.0626930221915245,0.10451152175664902,0.0,nan,0.0,0.0,nan,0.0,1,nan,1.0,1.0,0.0,0.27000266313552856,0.40258273482322693,2,2,nan,nan
3200001,OP11,9400001,OP11:9400001,11,tied,,11,0.9541666666666667,0.0,0.0,0.0,0,0,1,0,0,1,0.05095028877258301,0.19827412068843842,0.0,nan,0.0,0.0,nan,0.0,1,nan,1.0,1.0,0.0,0.2462373524904251,0.34813278913497925,2,2,nan,nan
3200001,OP11,9400001,OP11:9400001,12,tied,,12,0.95,0.0,0.0,0.0,0,0,1,0,0,1,0.03925619274377823,0.30217498540878296,0.0,nan,0.0,0.0,nan,0.0,1,nan,1.0,0.0,0.0,0.2886062562465668,0.2936827540397644,2,2,nan,nan
3200001,OP11,9400001,OP11:9400001,13,tied,,13,0.9458333333333333,0.0,0.0,0.0,0,0,1,0,0,1,0.02756204642355442,0.408543199300766,0.0,nan,0.0,0.0,nan,0.0,1,nan,1.0,0.0,0.0,0.33375272154808044,0.23923277854919434,2,2,nan,nan
3200001,OP11,9400001,OP11:9400001,14,tied,,14,0.9416666666666667,0.0,0.0,0.0,1,0,1,0,0,1,0.015867948532104492,0.5158547163009644,1.0,0.15634171664714813,1.0,0.0,0.5158547163009644,1.0,1,0.3337610363960266,1.0,0.0,0.0,0.38066697120666504,0.18478277325630188,2,2,-0.18209367990493774,0.0
3200001,OP11,9400001,OP11:9400001,15,tied,,15,0.9375,0.0,0.0,0.0,1,0,1,0,0,1,0.04051918908953667,0.5682277083396912,1.0,0.14257319271564484,1.0,0.0,0.5682277083396912,1.0,1,0.2946802079677582,1.0,0.0,0.0,0.4287526607513428,0.13033276796340942,2,2,-0.273547500371933,0.0
3200001,OP11,9400001,OP11:9400001,16,tied,,16,0.9333333333333333,0.0,0.0,0.0,1,0,0,0,0,1,0.0457761287689209,0.5686839818954468,1.0,0.13537375628948212,1.0,0.0,0.5686839818954468,1.0,1,0.22781899571418762,1.0,0.0,0.0,0.4236389696598053,0.07588276267051697,2,2,-0.34086498618125916,0.0
3200001,OP11,9400001,OP11:9400001,17,tied,,17,0.9291666666666667,0.0,0.0,0.0,1,0,0,0,0,1,0.09593892097473145,0.5257998704910278,1.0,0.09235576540231705,1.0,0.0,0.5257998704910278,1.0,1,0.22106726467609406,1.0,0.0,0.0,0.3726632297039032,0.08799780160188675,2,2,-0.3047326058149338,0.0
3200001,OP11,9400001,OP11:9400001,18,tied,,18,0.925,0.0,0.0,0.0,1,0,0,0,0,1,0.11352868378162384,0.4280666708946228,1.0,0.07086960226297379,1.0,0.0,0.4280666708946228,1.0,1,0.217322438955307,1.0,0.0,0.0,0.32099974155426025,0.14167538285255432,2,2,-0.2107442319393158,0.0
3200001,OP11,9400001,OP11:9400001,19,tied,,19,0.9208333333333334,0.0,0.0,0.0,1,0,0,0,0,1,0.13111849129199982,0.33520978689193726,1.0,0.1015237420797348,1.0,0.0,0.33520978689193726,1.0,1,0.21371209621429443,1.0,0.0,0.0,0.26933765411376953,0.19578003883361816,2,2,-0.12149769067764282,0.0
3200001,OP11,9400001,OP11:9400001,20,tied,,20,0.9166666666666666,0.0,0.0,0.0,1,0,0,1,1,1,0.0941653698682785,0.23085780441761017,1.0,0.11747348308563232,1.0,0.0,0.23085780441761017,1.0,0,inf,0.0,0.0,0.0,0.21767768263816833,0.22347629070281982,2,2,nan,nan
3200001,OP11,9400001,OP11:9400001,21,tied,,21,0.9125,0.0,0.0,0.0,1,0,0,1,1,0,0.057212211191654205,0.12670961022377014,1.0,0.1201092004776001,1.0,1.0,0.12670961022377014,0.0,0,inf,0.0,0.0,0.0,0.21520467102527618,0.2597750425338745,2,2,nan,nan
3200001,OP11,9400001,OP11:9400001,22,tied,,22,0.9083333333333333,0.0,0.0,0.0,1,0,0,1,1,0,0.060125112533569336,0.07540903240442276,1.0,0.07892636954784393,1.0,1.0,0.07540903240442276,0.0,0,inf,0.0,0.0,0.0,0.2665744423866272,0.28693321347236633,2,2,nan,nan
3200001,OP11,9400001,OP11:9400001,23,tied,,23,0.9041666666666667,0.0,0.0,0.0,1,0,0,1,1,0,0.01943187788128853,0.05490235239267349,1.0,0.039793893694877625,1.0,1.0,0.05490235239267349,0.0,0,inf,0.0,0.0,0.0,0.31474149227142334,0.2804282307624817,2,2,nan,nan
3200001,OP11,9400001,OP11:9400001,24,tied,,24,0.9,0.0,0.0,0.0,1,0,0,1,1,0,0.031176423653960228,0.07874362915754318,1.0,0.13278403878211975,1.0,1.0,0.07874362915754318,0.0,0,inf,0.0,0.0,0.0,0.3539122939109802,0.22597821056842804,2,2,nan,nan
3200001,OP11,9400001,OP11:9400001,25,tied,,25,0.8958333333333334,0.0,0.0,0.0,1,0,0,1,1,0,0.047965191304683685,0.09717588126659393,1.0,0.1337096393108368,1.0,1.0,0.09717588126659393,0.0,0,inf,0.0,0.0,0.0,0.30224329233169556,0.17152823507785797,2,2,nan,nan
3200001,OP11,9400001,OP11:9400001,26,tied,,26,0.8916666666666666,0.0,0.0,0.0,1,0,0,1,1,0,0.028986549004912376,0.09691230952739716,1.0,0.1351017951965332,1.0,1.0,0.09691230952739716,0.0,0,inf,0.0,0.0,0.0,0.25057339668273926,0.11707822978496552,2,2,nan,nan
3200001,OP11,9400001,OP11:9400001,27,tied,,27,0.8875,0.0,0.0,0.0,1,0,0,1,1,0,0.020341824740171432,0.09823204576969147,1.0,0.13691873848438263,1.0,1.0,0.09823204576969147,0.0,0,inf,0.0,0.0,0.0,0.19890233874320984,0.06262823939323425,2,2,nan,nan
3200001,OP11,9400001,OP11:9400001,28,tied,,28,0.8833333333333333,0.0,0.0,0.0,1,0,0,2,2,0,0.07342281192541122,0.12843386828899384,1.0,0.11894355714321136,1.0,1.0,0.12843386828899384,0.0,0,inf,0.0,0.0,0.0,0.1472298502922058,0.028527164831757545,2,2,nan,nan
3200001,OP11,9400001,OP11:9400001,29,leading,,29,0.8791666666666667,1.0,0.0,1.0,0,0,0,2,2,0,0.10557980835437775,0.1968461126089096,0.0,nan,0.0,0.0,nan,0.0,0,nan,0.0,0.0,0.0,0.14596804976463318,0.012994122691452503,2,2,nan,nan
3200001,OP11,9400001,OP11:9400001,30,leading,,30,0.875,1.0,0.0,1.0,0,0,0,1,2,0,0.09842939674854279,0.2696372866630554,0.0,nan,0.0,0.0,nan,0.0,1,nan,1.0,0.0,0.0,0.19761168956756592,0.0317034013569355,2,2,nan,nan
3200001,OP11,9400001,OP11:9400001,31,leading,,31,0.8708333333333333,1.0,0.0,1.0,0,0,0,1,2,0,0.0601138100028038,0.30328816175460815,0.0,nan,0.0,0.0,nan,0.0,1,nan,1.0,0.0,0.0,0.24481432139873505,0.08004830032587051,2,2,nan,nan
3200001,OP11,9400001,OP11:9400001,32,leading,,32,0.8666666666666667,1.0,0.0,1.0,0,0,0,1,2,0,0.04398541525006294,0.2982730269432068,0.0,nan,0.0,0.0,nan,0.0,1,nan,1.0,0.0,0.0,0.29352694749832153,0.08908817917108536,2,2,nan,nan
3200001,OP11,9400001,OP11:9400001,33,leading,,33,0.8625,1.0,0.0,1.0,0,0,0,1,2,0,0.034508608281612396,0.2951120436191559,0.0,nan,0.0,0.0,nan,0.0,1,nan,1.0,0.0,0.0,0.34310710430145264,0.11963255703449249,2,2,nan,nan
3200001,OP11,9400001,OP11:9400001,34,leading,,34,0.8583333333333334,1.0,0.0,1.0,0,0,0,1,2,1,0.02503185346722603,0.2922370135784149,0.0,nan,0.0,0.0,nan,0.0,1,nan,1.0,0.0,0.0,0.3932267129421234,0.16314655542373657,2,2,nan,nan
3200001,OP11,9400001,OP11:9400001,35,leading,,35,0.8541666666666666,1.0,0.0,1.0,0,0,0,1,2,1,0.02575216256082058,0.2925185561180115,0.0,nan,0.0,0.0,nan,0.0,1,nan,1.0,0.0,0.0,0.4437030255794525,0.2069818675518036,2,2,nan,nan
3200001,OP11,9400001,OP11:9400001,36,leading,,36,0.85,1.0,0.0,1.0,0,0,1,1,2,1,0.02647252008318901,0.29280173778533936,0.0,nan,0.0,0.0,nan,0.0,0,nan,0.0,0.0,0.0,0.49442681670188904,0.25494271516799927,2,2,nan,nan
3200001,OP11,9400001,OP11:9400001,37,leading,,37,0.8458333333333333,1.0,0.0,1.0,0,0,1,1,2,1,0.012973022647202015,0.22346985340118408,0.0,nan,0.0,0.0,nan,0.0,0,nan,0.0,0.0,0.0,0.5542069673538208,0.30508968234062195,2,2,nan,nan
3200001,OP11,9400001,OP11:9400001,38,leading,,38,0.8416666666666667,1.0,0.0,1.0,0,0,1,1,2,1,0.025979232043027878,0.11962684243917465,0.0,nan,0.0,0.0,nan,0.0,0,nan,0.0,0.0,0.0,0.5556849241256714,0.35650140047073364,2,2,nan,nan
3200001,OP11,9400001,OP11:9400001,39,leading,,39,0.8375,1.0,0.0,1.0,0,0,1,1,2,2,0.07030434906482697,0.07438827306032181,0.0,nan,0.0,0.0,nan,0.0,0,nan,0.0,0.0,0.0,0.5135308504104614,0.40335559844970703,2,2,nan,nan
3200001,OP11,9400001,OP11:9400001,40,leading,,40,0.8333333333333334,1.0,0.0,1.0,0,0,1,0,2,1,0.06075234338641167,0.10377712547779083,0.0,nan,0.0,0.0,nan,0.0,1,nan,1.0,0.0,0.0,0.47010523080825806,0.37539368867874146,2,2,nan,nan
3200001,OP11,9400001,OP11:9400001,41,leading,,41,0.8291666666666666,1.0,0.0,1.0,0,0,1,0,1,1,0.05120034143328667,0.19927044212818146,0.0,nan,0.0,0.0,nan,0.0,1,nan,1.0,0.0,0.0,0.4519762098789215,0.320943683385849,2,2,nan,nan
3200001,OP11,9400001,OP11:9400001,42,leading,,42,0.825,1.0,0.0,1.0,0,0,2,0,1,1,0.04164838790893555,0.3038925230503082,0.0,nan,0.0,0.0,nan,0.0,0,nan,0.0,0.0,0.0,0.459975004196167,0.26649367809295654,2,2,nan,nan
3200001,OP11,9400001,OP11:9400001,43,leading,,43,0.8208333333333333,1.0,0.0,1.0,0,0,2,0,1,1,0.0188766960054636,0.35869699716567993,0.0,nan,0.0,0.0,nan,0.0,0,nan,0.0,0.0,0.0,0.5082426071166992,0.21204368770122528,2,2,nan,nan
3200001,OP11,9400001,OP11:9400001,44,leading,,44,0.8166666666666667,1.0,0.0,1.0,0,0,2,0,1,1,0.03453469276428223,0.36034324765205383,0.0,nan,0.0,0.0,nan,0.0,0,nan,0.0,0.0,0.0,0.5374810695648193,0.15759369730949402,2,2,nan,nan
3200001,OP11,9400001,OP11:9400001,45,leading,,45,0.8125,1.0,0.0,1.0,0,0,2,0,1,1,0.03519096225500107,0.3603363633155823,0.0,nan,0.0,0.0,nan,0.0,0,nan,0.0,0.0,0.0,0.5055286884307861,0.10314369201660156,2,2,nan,nan
3200001,OP11,9400001,OP11:9400001,46,leading,,46,0.8083333333333333,1.0,0.0,1.0,0,0,1,0,1,1,0.03584732860326767,0.36033064126968384,0.0,nan,0.0,0.0,nan,0.0,0,nan,0.0,0.0,0.0,0.48345595598220825,0.048693690448999405,2,2,nan,nan
3200001,OP11,9400001,OP11:9400001,47,leading,,47,0.8041666666666667,1.0,0.0,1.0,0,0,1,0,1,0,0.08479084819555283,0.31624430418014526,0.0,nan,0.0,0.0,nan,0.0,0,nan,0.0,0.0,0.0,0.42164769768714905,0.06861060112714767,2,2,nan,nan
3200001,OP11,9400001,OP11:9400001,48,leading,,48,0.8,1.0,0.0,1.0,0,0,1,0,1,0,0.0860295295715332,0.21447396278381348,0.0,nan,0.0,0.0,nan,0.0,0,nan,0.0,0.0,0.0,0.4084424376487732,0.1163131594657898,2,2,nan,nan
3200001,OP11,9400001,OP11:9400001,49,leading,,49,0.7958333333333334,1.0,0.0,1.0,0,0,1,0,0,0,0.07586126029491425,0.11621730029582977,0.0,nan,0.0,0.0,nan,0.0,0,nan,0.0,0.0,0.0,0.4566493630409241,0.16448144614696503,2,2,nan,nan
3200001,OP11,9400001,OP11:9400001,50,leading,,50,0.7916666666666666,1.0,0.0,1.0,0,0,1,0,0,0,0.06569304317235947,0.06878114491701126,0.0,nan,0.0,0.0,nan,0.0,0,nan,0.0,0.0,0.0,0.49985939264297485,0.1912202388048172,2,2,nan,nan
3200001,OP11,9400001,OP11:9400001,51,leading,,51,0.7875,1.0,0.0,1.0,0,0,1,0,0,0,0.05552477762103081,0.14025765657424927,0.0,nan,0.0,0.0,nan,0.0,0,nan,0.0,0.0,0.0,0.5445461869239807,0.13677021861076355,2,2,nan,nan
3200001,OP11,9400001,OP11:9400001,52,leading,,52,0.7833333333333333,1.0,0.0,1.0,0,0,0,0,0,0,0.04535651206970215,0.24151721596717834,0.0,nan,0.0,0.0,nan,0.0,0,nan,0.0,0.0,0.0,0.5311228632926941,0.08232022076845169,2,2,nan,nan
3200001,OP11,9400001,OP11:9400001,53,leading,,53,0.7791666666666667,1.0,0.0,1.0,0,0,0,0,0,0,0.013747692108154297,0.292746365070343,0.0,nan,0.0,0.0,nan,0.0,0,nan,0.0,0.0,0.0,0.5212082862854004,0.09316086024045944,2,2,nan,nan
3200001,OP11,9400001,OP11:9400001,54,leading,,54,0.775,1.0,0.0,1.0,0,0,0,0,0,1,0.05491523817181587,0.28650444746017456,0.0,nan,0.0,0.0,nan,0.0,0,nan,0.0,0.0,0.0,0.4696010649204254,0.1451183557510376,2,2,nan,nan
3200001,OP11,9400001,OP11:9400001,55,leading,,55,0.7708333333333334,1.0,0.0,1.0,0,0,0,0,0,1,0.08396444469690323,0.28243082761764526,0.0,nan,0.0,0.0,nan,0.0,0,nan,0.0,0.0,0.0,0.42496198415756226,0.1953285187482834,2,2,nan,nan
3200001,OP11,9400001,OP11:9400001,56,leading,,56,0.7666666666666666,1.0,0.0,1.0,0,0,0,0,0,1,0.1484353095293045,0.305841863155365,0.0,nan,0.0,0.0,nan,0.0,0,nan,0.0,0.0,0.0,0.4360862374305725,0.24723407626152039,2,2,nan,nan
3200001,OP11,9400001,OP11:9400001,57,leading,,57,0.7625,1.0,0.0,1.0,0,0,1,0,0,1,0.21290616691112518,0.34005069732666016,0.0,nan,0.0,0.0,nan,0.0,0,nan,0.0,0.0,0.0,0.47178906202316284,0.30004292726516724,2,2,nan,nan
3200001,OP11,9400001,OP11:9400001,58,leading,,58,0.7583333333333333,1.0,0.0,1.0,0,0,1,0,0,1,0.2900233864784241,0.3476608395576477,0.0,nan,0.0,0.0,nan,0.0,0,nan,0.0,0.0,0.0,0.5136357545852661,0.35335031151771545,2,2,nan,nan
3200001,OP11,9400001,OP11:9400001,59,leading,,59,0.7541666666666667,1.0,0.0,1.0,0,0,1,0,0,1,0.30560192465782166,0.31986117362976074,0.0,nan,0.0,0.0,nan,0.0,0,nan,0.0,0.0,0.0,0.5244341492652893,0.4069603383541107,2,2,nan,nan
3200001,OP11,9400001,OP11:9400001,60,leading,,60,0.75,1.0,0.0,1.0,0,0,1,0,0,2,0.26811662316322327,0.268221914768219,0.0,nan,0.0,0.0,nan,0.0,0,nan,0.0,0.0,0.0,0.5068520307540894,0.4279804229736328,2,2,nan,nan
3200001,OP11,9400001,OP11:9400001,61,leading,,61,0.7458333333333333,1.0,0.0,1.0,0,0,1,0,0,1,0.2306312769651413,0.2552926242351532,0.0,nan,0.0,0.0,nan,0.0,0,nan,0.0,0.0,0.0,0.4662185609340668,0.37353041768074036,2,2,nan,nan
3200001,OP11,9400001,OP11:9400001,62,leading,,62,0.7416666666666667,1.0,0.0,1.0,0,0,1,0,0,1,0.19314594566822052,0.2863653302192688,0.0,nan,0.0,0.0,nan,0.0,0,nan,0.0,0.0,0.0,0.4268350601196289,0.3190804123878479,2,2,nan,nan
3200001,OP11,9400001,OP11:9400001,63,leading,,63,0.7375,1.0,0.0,1.0,0,0,2,0,0,1,0.15566062927246094,0.34990766644477844,0.0,nan,0.0,0.0,nan,0.0,0,nan,0.0,0.0,0.0,0.4420355260372162,0.26463037729263306,2,2,nan,nan
3200001,OP11,9400001,OP11:9400001,64,leading,,64,0.7333333333333334,1.0,0.0,1.0,0,0,2,0,0,1,0.07270526885986328,0.37576955556869507,0.0,nan,0.0,0.0,nan,0.0,0,nan,0.0,0.0,0.0,0.4752326011657715,0.2101803719997406,2,2,nan,nan
3200001,OP11,9400001,OP11:9400001,65,leading,,65,0.7291666666666667,1.0,0.0,1.0,0,0,2,0,0,1,0.05779743194580078,0.3464488387107849,0.0,nan,0.0,0.0,nan,0.0,0,nan,0.0,0.0,0.0,0.5388637781143188,0.15573036670684814,2,2,nan,nan
3200001,OP11,9400001,OP11:9400001,66,leading,,66,0.725,1.0,0.0,1.0,0,0,2,0,0,1,0.041062451899051666,0.3419495224952698,0.0,nan,0.0,0.0,nan,0.0,0,nan,0.0,0.0,0.0,0.5169711709022522,0.10128036886453629,2,2,nan,nan
3200001,OP11,9400001,OP11:9400001,67,leading,,67,0.7208333333333333,1.0,0.0,1.0,0,0,1,0,0,0,0.024327516555786133,0.33823254704475403,0.0,nan,0.0,0.0,nan,0.0,0,nan,0.0,0.0,0.0,0.4593312740325928,0.04683037847280502,2,2,nan,nan
3200001,OP11,9400001,OP11:9400001,68,leading,,68,0.7166666666666667,1.0,0.0,1.0,0,0,1,0,0,0,0.03101515769958496,0.2758617699146271,0.0,nan,0.0,0.0,nan,0.0,0,nan,0.0,0.0,0.0,0.4125228822231293,0.06747938692569733,2,2,nan,nan
3200001,OP11,9400001,OP11:9400001,69,leading,,69,0.7125,1.0,0.0,1.0,0,0,1,0,0,0,0.030239105224609375,0.16803224384784698,0.0,nan,0.0,0.0,nan,0.0,0,nan,0.0,0.0,0.0,0.38319501280784607,0.11479369550943375,2,2,nan,nan
3200001,OP11,9400001,OP11:9400001,70,leading,,70,0.7083333333333333,1.0,0.0,1.0,0,0,1,0,0,0,0.028603792190551758,0.06333655118942261,0.0,nan,0.0,0.0,nan,0.0,0,nan,0.0,0.0,0.0,0.3340725302696228,0.16630034148693085,2,2,nan,nan
3200001,OP11,9400001,OP11:9400001,71,leading,,71,0.7041666666666666,1.0,0.0,1.0,0,0,1,1,1,0,0.02696852758526802,0.05881677195429802,0.0,nan,0.0,0.0,nan,0.0,0,nan,0.0,0.0,0.0,0.28406164050102234,0.16471180319786072,2,2,nan,nan
3200001,OP11,9400001,OP11:9400001,72,leading,,72,0.7,1.0,0.0,1.0,0,0,1,1,1,0,0.025333261117339134,0.16302916407585144,0.0,nan,0.0,0.0,nan,0.0,0,nan,0.0,0.0,0.0,0.2929336428642273,0.11026182025671005,2,2,nan,nan
3200001,OP11,9400001,OP11:9400001,73,leading,,73,0.6958333333333333,1.0,0.0,1.0,0,0,0,1,1,0,0.023697996512055397,0.2708667814731598,0.0,nan,0.0,0.0,nan,0.0,0,nan,0.0,0.0,0.0,0.34450775384902954,0.05581182241439819,2,2,nan,nan
3200001,OP11,9400001,OP11:9400001,74,leading,,74,0.6916666666666667,1.0,0.0,1.0,0,0,0,1,1,0,0.03340024873614311,0.33390650153160095,0.0,nan,0.0,0.0,nan,0.0,0,nan,0.0,0.0,0.0,0.39435938000679016,0.07320816814899445,2,2,nan,nan
3200001,OP11,9400001,OP11:9400001,75,leading,,75,0.6875,1.0,0.0,1.0,0,0,0,1,1,1,0.057837486267089844,0.34136295318603516,0.0,nan,0.0,0.0,nan,0.0,0,nan,0.0,0.0,0.0,0.4446272850036621,0.12435933202505112,2,2,nan,nan
3200001,OP11,9400001,OP11:9400001,76,leading,,76,0.6833333333333333,1.0,0.0,1.0,0,0,0,1,1,1,0.08227472007274628,0.3504188358783722,0.0,nan,0.0,0.0,nan,0.0,0,nan,0.0,0.0,0.0,0.49518465995788574,0.17748427391052246,2,2,nan,nan
3200001,OP11,9400001,OP11:9400001,77,leading,,77,0.6791666666666667,1.0,0.0,1.0,0,0,0,1,1,1,0.07678194344043732,0.3497641682624817,0.0,nan,0.0,0.0,nan,0.0,0,nan,0.0,0.0,0.0,0.5459511876106262,0.22060903906822205,2,2,nan,nan
3200001,OP11,9400001,OP11:9400001,78,leading,,78,0.675,1.0,0.0,1.0,0,0,0,1,1,1,0.04629964753985405,0.3456796407699585,0.0,nan,0.0,0.0,nan,0.0,0,nan,0.0,0.0,0.0,0.5975114703178406,0.2678911089897156,2,2,nan,nan
3200001,OP11,9400001,OP11:9400001,79,leading,,79,0.6708333333333334,1.0,0.0,1.0,0,0,0,1,1,1,0.09191498905420303,0.3061617910861969,0.0,nan,0.0,0.0,nan,0.0,0,nan,0.0,0.0,0.0,0.6148194074630737,0.3174784183502197,2,2,nan,nan
3200001,OP11,9400001,OP11:9400001,80,leading,,80,0.6666666666666667,1.0,0.0,1.0,0,0,0,0,1,1,0.13760709762573242,0.276399701833725,0.0,nan,0.0,0.0,nan,0.0,1,nan,1.0,0.0,0.0,0.6071709394454956,0.3684414029121399,2,2,nan,nan
3200001,OP11,9400001,OP11:9400001,81,leading,,81,0.6625,1.0,0.0,1.0,0,0,0,0,1,2,0.1832992136478424,0.2621271014213562,0.0,nan,0.0,0.0,nan,0.0,1,nan,1.0,0.0,0.0,0.6057484745979309,0.4202798902988434,2,2,nan,nan
3200001,OP11,9400001,OP11:9400001,82,leading,,82,0.6583333333333333,1.0,0.0,1.0,0,0,1,0,1,2,0.2289913147687912,0.2658505439758301,0.0,nan,0.0,0.0,nan,0.0,0,nan,0.0,0.0,0.0,0.6101275682449341,0.4727059304714203,2,2,nan,nan
3200001,OP11,9400001,OP11:9400001,83,leading,,83,0.6541666666666667,1.0,0.0,1.0,0,0,1,0,1,2,0.22810864448547363,0.22975187003612518,0.0,nan,0.0,0.0,nan,0.0,0,nan,0.0,0.0,0.0,0.6198046207427979,0.525543749332428,2,2,nan,nan
3200001,OP11,9400001,OP11:9400001,84,leading,,84,0.65,1.0,0.0,1.0,0,0,1,0,1,2,0.2015220671892166,0.21600289642810822,0.0,nan,0.0,0.0,nan,0.0,1,nan,1.0,0.0,0.0,0.5772802829742432,0.5294982194900513,2,2,nan,nan
3200001,OP11,9400001,OP11:9400001,85,leading,,85,0.6458333333333333,1.0,0.0,1.0,0,0,1,0,1,2,0.23600450158119202,0.2765955924987793,0.0,nan,0.0,0.0,nan,0.0,1,nan,1.0,0.0,0.0,0.5524747371673584,0.4750482141971588,2,2,nan,nan
3200001,OP11,9400001,OP11:9400001,86,leading,,86,0.6416666666666666,1.0,0.0,1.0,0,0,1,0,1,1,0.24082593619823456,0.28171995282173157,0.0,nan,0.0,0.0,nan,0.0,1,nan,1.0,0.0,0.0,0.5124384164810181,0.42059820890426636,2,2,nan,nan
3200001,OP11,9400001,OP11:9400001,87,leading,,87,0.6375,1.0,0.0,1.0,0,0,1,0,1,1,0.24564743041992188,0.28684690594673157,0.0,nan,0.0,0.0,nan,0.0,1,nan,1.0,0.0,0.0,0.4838314652442932,0.3661482036113739,2,2,nan,nan
3200001,OP11,9400001,OP11:9400001,88,leading,,88,0.6333333333333333,1.0,0.0,1.0,0,0,1,0,1,1,0.2504688799381256,0.2919762432575226,0.0,nan,0.0,0.0,nan,0.0,1,nan,1.0,0.0,0.0,0.4551998972892761,0.31169819831848145,2,2,nan,nan
3200001,OP11,9400001,OP11:9400001,89,leading,,89,0.6291666666666667,1.0,0.0,1.0,0,0,2,0,1,1,0.18615035712718964,0.2542077898979187,0.0,nan,0.0,0.0,nan,0.0,0,nan,0.0,0.0,0.0,0.449298620223999,0.257248193025589,2,2,nan,nan
3200001,OP11,9400001,OP11:9400001,90,leading,,90,0.625,1.0,0.0,1.0,0,0,2,0,1,0,0.1553613245487213,0.23153333365917206,0.0,nan,0.0,0.0,nan,0.0,0,nan,0.0,0.0,0.0,0.43640071153640747,0.20279820263385773,2,2,nan,nan
3200001,OP11,9400001,OP11:9400001,91,leading,,91,0.6208333333333333,1.0,0.0,1.0,0,0,2,0,1,0,0.1245722770690918,0.21093575656414032,0.0,nan,0.0,0.0,nan,0.0,0,nan,0.0,0.0,0.0,0.3847270607948303,0.14834819734096527,2,2,nan,nan
3200001,OP11,9400001,OP11:9400001,92,leading,,92,0.6166666666666667,1.0,0.0,1.0,0,0,1,0,0,0,0.09378328174352646,0.19308093190193176,0.0,nan,0.0,0.0,nan,0.0,0,nan,0.0,0.0,0.0,0.3367854356765747,0.09389819949865341,2,2,nan,nan
3200001,OP11,9400001,OP11:9400001,93,leading,,93,0.6125,1.0,0.0,1.0,0,0,1,0,0,0,0.027646590024232864,0.10786403715610504,0.0,nan,0.0,0.0,nan,0.0,0,nan,0.0,0.0,0.0,0.2876839339733124,0.10280942916870117,2,2,nan,nan
3200001,OP11,9400001,OP11:9400001,94,leading,,94,0.6083333333333334,1.0,0.0,1.0,0,0,1,1,1,0,0.056582070887088776,0.059274476021528244,0.0,nan,0.0,0.0,nan,0.0,0,nan,0.0,0.0,0.0,0.26501670479774475,0.15661951899528503,2,2,nan,nan
3200001,OP11,9400001,OP11:9400001,95,leading,,95,0.6041666666666667,1.0,0.0,1.0,0,0,1,1,1,0,0.02662811242043972,0.12443844974040985,0.0,nan,0.0,0.0,nan,0.0,0,nan,0.0,0.0,0.0,0.30999118089675903,0.10216952860355377,2,2,nan,nan
3200001,OP11,9400001,OP11:9400001,96,leading,,96,0.6,1.0,0.0,1.0,0,0,0,1,1,0,0.006765794940292835,0.2262430489063263,0.0,nan,0.0,0.0,nan,0.0,0,nan,0.0,0.0,0.0,0.358232319355011,0.04771953076124191,2,2,nan,nan
3200001,OP11,9400001,OP11:9400001,97,leading,,97,0.5958333333333333,1.0,0.0,1.0,0,0,0,1,1,0,0.05611562728881836,0.24986812472343445,0.0,nan,0.0,0.0,nan,0.0,0,nan,0.0,0.0,0.0,0.37079769372940063,0.06801516562700272,2,2,nan,nan
3200001,OP11,9400001,OP11:9400001,98,leading,,98,0.5916666666666667,1.0,0.0,1.0,0,0,0,1,1,0,0.05073995515704155,0.24871285259723663,0.0,nan,0.0,0.0,nan,0.0,0,nan,0.0,0.0,0.0,0.3195890784263611,0.11762651056051254,2,2,nan,nan
3200001,OP11,9400001,OP11:9400001,99,leading,,99,0.5875,1.0,0.0,1.0,0,0,0,2,2,1,0.04536428302526474,0.24766889214515686,0.0,nan,0.0,0.0,nan,0.0,0,nan,0.0,0.0,0.0,0.2679181396961212,0.17022201418876648,2,2,nan,nan
3200001,OP11,9400001,OP11:9400001,100,leading,,100,0.5833333333333333,1.0,0.0,1.0,0,0,0,2,2,1,0.03236737102270126,0.2006893903017044,0.0,nan,0.0,0.0,nan,0.0,0,nan,0.0,0.0,0.0,0.26235803961753845,0.21705102920532227,2,2,nan,nan
3200001,OP11,9400001,OP11:9400001,101,leading,,101,0.5791666666666666,1.0,0.0,1.0,0,0,0,2,2,0,0.06593318283557892,0.11597275733947754,0.0,nan,0.0,0.0,nan,0.0,0,nan,0.0,0.0,0.0,0.31314337253570557,0.2667890191078186,2,2,nan,nan
3200001,OP11,9400001,OP11:9400001,102,leading,,102,0.575,1.0,0.0,1.0,0,0,0,1,2,0,0.08456158638000488,0.08493851125240326,0.0,nan,0.0,0.0,nan,0.0,0,nan,0.0,0.0,0.0,0.3630421757698059,0.3102802336215973,2,2,nan,nan
3200001,OP11,9400001,OP11:9400001,103,leading,,103,0.5708333333333333,1.0,0.0,1.0,0,0,0,1,2,0,0.10318994522094727,0.15184397995471954,0.0,nan,0.0,0.0,nan,0.0,0,nan,0.0,0.0,0.0,0.4133773744106293,0.255913645029068,2,2,nan,nan
3200001,OP11,9400001,OP11:9400001,104,leading,,104,0.5666666666666667,1.0,0.0,1.0,0,0,0,1,2,1,0.03968320041894913,0.17141669988632202,0.0,nan,0.0,0.0,nan,0.0,0,nan,0.0,0.0,0.0,0.4640069603919983,0.25193965435028076,2,2,nan,nan
3200001,OP11,9400001,OP11:9400001,105,leading,,105,0.5625,1.0,0.0,1.0,0,0,0,1,2,1,0.02248234674334526,0.16811588406562805,0.0,nan,0.0,0.0,nan,0.0,0,nan,0.0,0.0,0.0,0.5148440599441528,0.30623069405555725,2,2,nan,nan
3200001,OP11,9400001,OP11:9400001,106,leading,,106,0.5583333333333333,1.0,0.0,1.0,0,0,0,1,2,1,0.016403675079345703,0.16673476994037628,0.0,nan,0.0,0.0,nan,0.0,0,nan,0.0,0.0,0.0,0.5434352159500122,0.36025649309158325,2,2,nan,nan
3200001,OP11,9400001,OP11:9400001,107,leading,,107,0.5541666666666667,1.0,0.0,1.0,0,0,0,1,2,2,0.010325002484023571,0.16556821763515472,0.0,nan,0.0,0.0,nan,0.0,0,nan,0.0,0.0,0.0,0.5054019093513489,0.4143933355808258,2,2,nan,nan
3200001,OP11,9400001,OP11:9400001,108,leading,,108,0.55,1.0,0.0,1.0,0,0,0,0,2,2,0.008929443545639515,0.17143389582633972,0.0,nan,0.0,0.0,nan,0.0,1,nan,1.0,0.0,0.0,0.4636842608451843,0.42951422929763794,2,2,nan,nan
3200001,OP11,9400001,OP11:9400001,109,leading,,109,0.5458333333333334,1.0,0.0,1.0,0,0,1,0,2,1,0.021833157166838646,0.21782512962818146,0.0,nan,0.0,0.0,nan,0.0,0,nan,0.0,0.0,0.0,0.44007644057273865,0.40339526534080505,2,2,nan,nan
3200001,OP11,9400001,OP11:9400001,110,leading,,110,0.5416666666666667,1.0,0.0,1.0,0,0,1,0,2,1,0.003216314362362027,0.2007470577955246,0.0,nan,0.0,0.0,nan,0.0,1,nan,1.0,0.0,0.0,0.42790359258651733,0.38327881693840027,2,2,nan,nan
3200001,OP11,9400001,OP11:9400001,111,leading,,111,0.5375,1.0,0.0,1.0,0,0,1,0,2,1,0.05826759338378906,0.19331499934196472,0.0,nan,0.0,0.0,nan,0.0,1,nan,1.0,0.0,0.0,0.47640782594680786,0.370144784450531,2,2,nan,nan
3200001,OP11,9400001,OP11:9400001,112,leading,,112,0.5333333333333333,1.0,0.0,1.0,0,0,1,0,2,1,0.11329741775989532,0.14826194941997528,0.0,nan,0.0,0.0,nan,0.0,1,nan,1.0,0.0,0.0,0.50432288646698,0.4225862920284271,2,2,nan,nan
3200001,OP11,9400001,OP11:9400001,113,leading,,113,0.5291666666666667,1.0,0.0,1.0,0,0,1,0,2,0,0.09996912628412247,0.10004168748855591,0.0,nan,0.0,0.0,nan,0.0,1,nan,1.0,0.0,0.0,0.48167285323143005,0.4086398482322693,2,2,nan,nan
3200001,OP11,9400001,OP11:9400001,114,leading,,114,0.525,1.0,0.0,1.0,0,0,2,0,2,1,0.08664083480834961,0.13478586077690125,0.0,nan,0.0,0.0,nan,0.0,0,nan,0.0,0.0,0.0,0.4302433431148529,0.35418981313705444,2,2,nan,nan
3200001,OP11,9400001,OP11:9400001,115,leading,,115,0.5208333333333333,1.0,0.0,1.0,0,0,2,0,1,1,0.0511077418923378,0.14331106841564178,0.0,nan,0.0,0.0,nan,0.0,0,nan,0.0,0.0,0.0,0.38282954692840576,0.2997398376464844,2,2,nan,nan
3200001,OP11,9400001,OP11:9400001,116,leading,,116,0.5166666666666666,1.0,0.0,1.0,0,0,2,0,1,0,0.049442075192928314,0.14317843317985535,0.0,nan,0.0,0.0,nan,0.0,0,nan,0.0,0.0,0.0,0.3342030644416809,0.24528983235359192,2,2,nan,nan
3200001,OP11,9400001,OP11:9400001,117,leading,,117,0.5125,1.0,0.0,1.0,0,0,2,0,1,0,0.04777636379003525,0.1430666744709015,0.0,nan,0.0,0.0,nan,0.0,0,nan,0.0,0.0,0.0,0.2846173644065857,0.19083985686302185,2,2,nan,nan
3200001,OP11,9400001,OP11:9400001,118,leading,,118,0.5083333333333333,1.0,0.0,1.0,0,0,2,0,1,0,0.06995856761932373,0.15905025601387024,0.0,nan,0.0,0.0,nan,0.0,0,nan,0.0,0.0,0.0,0.2523714005947113,0.1363898515701294,2,2,nan,nan
3200001,OP11,9400001,OP11:9400001,119,leading,,119,0.5041666666666667,1.0,0.0,1.0,0,0,1,0,1,0,0.0646875873208046,0.1583806425333023,0.0,nan,0.0,0.0,nan,0.0,0,nan,0.0,0.0,0.0,0.29622501134872437,0.08193986117839813,2,2,nan,nan
3200001,OP11,9400001,OP11:9400001,120,leading,,120,0.5,1.0,0.0,1.0,0,0,1,0,0,0,0.09895577281713486,0.13095387816429138,0.0,nan,0.0,0.0,nan,0.0,0,nan,0.0,0.0,0.0,0.3436165153980255,0.09285138547420502,2,2,nan,nan
3200001,OP11,9400001,OP11:9400001,121,leading,,121,0.49583333333333335,1.0,0.0,1.0,0,0,1,0,0,0,0.07780976593494415,0.08020628988742828,0.0,nan,0.0,0.0,nan,0.0,0,nan,0.0,0.0,0.0,0.3576361835002899,0.1307756006717682,2,2,nan,nan
3200001,OP11,9400001,OP11:9400001,122,leading,,122,0.4916666666666667,1.0,0.0,1.0,0,0,0,0,0,0,0.055469464510679245,0.13642913103103638,0.0,nan,0.0,0.0,nan,0.0,0,nan,0.0,0.0,0.0,0.35433346033096313,0.07632561028003693,2,2,nan,nan
3200001,OP11,9400001,OP11:9400001,123,leading,,123,0.48750000000000004,1.0,0.0,1.0,0,0,0,1,1,0,0.02683734893798828,0.15922953188419342,0.0,nan,0.0,0.0,nan,0.0,0,nan,0.0,0.0,0.0,0.3062743842601776,0.08834762871265411,2,2,nan,nan
3200001,OP11,9400001,OP11:9400001,124,leading,,124,0.4833333333333333,1.0,0.0,1.0,0,0,0,1,1,0,0.05430769920349121,0.15791377425193787,0.0,nan,0.0,0.0,nan,0.0,0,nan,0.0,0.0,0.0,0.32120808959007263,0.14098478853702545,2,2,nan,nan
3200001,OP11,9400001,OP11:9400001,125,leading,,125,0.47916666666666663,1.0,0.0,1.0,0,0,0,1,1,0,0.08177804946899414,0.1617993861436844,0.0,nan,0.0,0.0,nan,0.0,0,nan,0.0,0.0,0.0,0.3721751570701599,0.1946220099925995,2,2,nan,nan
3200001,OP11,9400001,OP11:9400001,126,leading,,126,0.475,1.0,0.0,1.0,0,0,0,1,1,0,0.10924849659204483,0.17053130269050598,0.0,nan,0.0,0.0,nan,0.0,0,nan,0.0,0.0,0.0,0.40793266892433167,0.24861285090446472,2,2,nan,nan
3200001,OP11,9400001,OP11:9400001,127,leading,,127,0.4708333333333333,1.0,0.0,1.0,0,0,0,1,1,1,0.09432792663574219,0.16016599535942078,0.0,nan,0.0,0.0,nan,0.0,0,nan,0.0,0.0,0.0,0.45346730947494507,0.30276817083358765,2,2,nan,nan
3200001,OP11,9400001,OP11:9400001,128,leading,,128,0.4666666666666667,1.0,0.0,1.0,0,0,0,1,1,1,0.0794074535369873,0.15058258175849915,0.0,nan,0.0,0.0,nan,0.0,0,nan,0.0,0.0,0.0,0.4949333071708679,0.3570132255554199,2,2,nan,nan
3200001,OP11,9400001,OP11:9400001,129,leading,,129,0.4625,1.0,0.0,1.0,0,0,0,1,1,2,0.06448693573474884,0.14193949103355408,0.0,nan,0.0,0.0,nan,0.0,0,nan,0.0,0.0,0.0,0.49926525354385376,0.41131240129470825,2,2,nan,nan
3200001,OP11,9400001,OP11:9400001,130,leading,,130,0.45833333333333337,1.0,0.0,1.0,0,0,1,1,1,2,0.04956645891070366,0.1344182789325714,0.0,nan,0.0,0.0,nan,0.0,0,nan,0.0,0.0,0.0,0.49452218413352966,0.46564674377441406,2,2,nan,nan
3200001,OP11,9400001,OP11:9400001,131,leading,,131,0.4541666666666667,1.0,0.0,1.0,0,0,1,0,1,2,0.05910072475671768,0.1364656388759613,0.0,nan,0.0,0.0,nan,0.0,0,nan,0.0,0.0,0.0,0.45252710580825806,0.47191983461380005,2,2,nan,nan
3200001,OP11,9400001,OP11:9400001,132,leading,,132,0.44999999999999996,1.0,0.0,1.0,0,0,1,0,1,2,0.12429070472717285,0.21777662634849548,0.0,nan,0.0,0.0,nan,0.0,0,nan,0.0,0.0,0.0,0.4217872619628906,0.4200635552406311,2,2,nan,nan
3200001,OP11,9400001,OP11:9400001,133,leading,,133,0.4458333333333333,1.0,0.0,1.0,0,0,1,0,1,1,0.1716535985469818,0.2912346422672272,0.0,nan,0.0,0.0,nan,0.0,0,nan,0.0,0.0,0.0,0.4177452027797699,0.36561352014541626,2,2,nan,nan
3200001,OP11,9400001,OP11:9400001,134,leading,,134,0.44166666666666665,1.0,0.0,1.0,0,0,1,0,1,1,0.21901650726795197,0.3647840917110443,0.0,nan,0.0,0.0,nan,0.0,0,nan,0.0,0.0,0.0,0.4684116840362549,0.3111635148525238,2,2,nan,nan
3200001,OP11,9400001,OP11:9400001,135,leading,,135,0.4375,1.0,0.0,1.0,0,0,1,0,1,1,0.21599645912647247,0.45460471510887146,0.0,nan,0.0,0.0,nan,0.0,1,nan,1.0,0.0,0.0,0.4982783794403076,0.25671353936195374,2,2,nan,nan
3200001,OP11,9400001,OP11:9400001,136,leading,,136,0.43333333333333335,1.0,0.0,1.0,0,0,2,0,1,1,0.16069284081459045,0.5054252743721008,0.0,nan,0.0,0.0,nan,0.0,0,nan,0.0,0.0,0.0,0.5382986068725586,0.20226351916790009,2,2,nan,nan
3200001,OP11,9400001,OP11:9400001,137,leading,,137,0.4291666666666667,1.0,0.0,1.0,0,0,2,0,1,1,0.10567016899585724,0.48188647627830505,0.0,nan,0.0,0.0,nan,0.0,0,nan,0.0,0.0,0.0,0.5875033736228943,0.14781351387500763,2,2,nan,nan
3200001,OP11,9400001,OP11:9400001,138,leading,,138,0.42500000000000004,1.0,0.0,1.0,0,0,1,0,1,1,0.09106850624084473,0.4789679944515228,0.0,nan,0.0,0.0,nan,0.0,0,nan,0.0,0.0,0.0,0.614297091960907,0.09336350113153458,2,2,nan,nan
3200001,OP11,9400001,OP11:9400001,139,leading,,139,0.4208333333333333,1.0,0.0,1.0,0,0,1,0,1,1,0.029051829129457474,0.4167402386665344,0.0,nan,0.0,0.0,nan,0.0,0,nan,0.0,0.0,0.0,0.629239559173584,0.10235494375228882,2,2,nan,nan
3200001,OP11,9400001,OP11:9400001,140,leading,,140,0.41666666666666663,1.0,0.0,1.0,0,0,1,0,1,1,0.015608119778335094,0.30806857347488403,0.0,nan,0.0,0.0,nan,0.0,0,nan,0.0,0.0,0.0,0.6287901401519775,0.1550024449825287,2,2,nan,nan
3200001,OP11,9400001,OP11:9400001,141,leading,,141,0.4125,1.0,0.0,1.0,0,0,1,0,1,1,0.012384653091430664,0.19985951483249664,0.0,nan,0.0,0.0,nan,0.0,0,nan,0.0,0.0,0.0,0.5798419713973999,0.20630189776420593,2,2,nan,nan
3200001,OP11,9400001,OP11:9400001,142,leading,,142,0.4083333333333333,1.0,0.0,1.0,0,0,1,0,1,0,0.009161186404526234,0.09173654019832611,0.0,nan,0.0,0.0,nan,0.0,0,nan,0.0,0.0,0.0,0.5305262804031372,0.2588914930820465,2,2,nan,nan
3200001,OP11,9400001,OP11:9400001,143,leading,,143,0.4041666666666667,1.0,0.0,1.0,0,0,1,0,1,0,0.02249464951455593,0.06793118268251419,0.0,nan,0.0,0.0,nan,0.0,0,nan,0.0,0.0,0.0,0.5393937826156616,0.2741122245788574,2,2,nan,nan
3200001,OP11,9400001,OP11:9400001,144,leading,,144,0.4,1.0,0.0,1.0,0,0,1,0,0,0,0.01619086228311062,0.17275235056877136,0.0,nan,0.0,0.0,nan,0.0,0,nan,0.0,0.0,0.0,0.5347160696983337,0.21966223418712616,2,2,nan,nan
3200001,OP11,9400001,OP11:9400001,145,leading,,145,0.39583333333333337,1.0,0.0,1.0,0,0,1,0,0,1,0.009887075051665306,0.280059814453125,0.0,nan,0.0,0.0,nan,0.0,0,nan,0.0,0.0,0.0,0.48314642906188965,0.1652122437953949,2,2,nan,nan
3200001,OP11,9400001,OP11:9400001,146,leading,,146,0.3916666666666667,1.0,0.0,1.0,0,0,1,0,0,1,0.0035833357833325863,0.387795090675354,0.0,nan,0.0,0.0,nan,0.0,0,nan,0.0,0.0,0.0,0.4382723271846771,0.11076223850250244,2,2,nan,nan
3200001,OP11,9400001,OP11:9400001,147,leading,,147,0.38749999999999996,1.0,0.0,1.0,0,0,0,0,0,1,0.021348953247070312,0.4794746935367584,0.0,nan,0.0,0.0,nan,0.0,0,nan,0.0,0.0,0.0,0.39304566383361816,0.05631224438548088,2,2,nan,nan
3200001,OP11,9400001,OP11:9400001,148,leading,,148,0.3833333333333333,1.0,0.0,1.0,0,0,0,0,0,1,0.06781964004039764,0.5337984561920166,0.0,nan,0.0,0.0,nan,0.0,0,nan,0.0,0.0,0.0,0.3610323369503021,0.0735463947057724,2,2,nan,nan
3200001,OP11,9400001,OP11:9400001,149,leading,,149,0.37916666666666665,1.0,0.0,1.0,0,0,0,0,0,1,0.0630071610212326,0.5327256917953491,0.0,nan,0.0,0.0,nan,0.0,0,nan,0.0,0.0,0.0,0.3977154493331909,0.122624471783638,2,2,nan,nan
3200001,OP11,9400001,OP11:9400001,150,leading,,150,0.375,1.0,0.0,1.0,0,0,0,0,0,1,0.10499868541955948,0.5146138668060303,0.0,nan,0.0,0.0,nan,0.0,0,nan,0.0,0.0,0.0,0.44924092292785645,0.1729448139667511,2,2,nan,nan
3200001,OP11,9400001,OP11:9400001,151,leading,,151,0.37083333333333335,1.0,0.0,1.0,0,0,1,0,0,1,0.14699020981788635,0.5006542801856995,0.0,nan,0.0,0.0,nan,0.0,0,nan,0.0,0.0,0.0,0.5000283122062683,0.22519472241401672,2,2,nan,nan
3200001,OP11,9400001,OP11:9400001,152,leading,,152,0.3666666666666667,1.0,0.0,1.0,0,0,1,0,0,1,0.17731332778930664,0.4211849570274353,0.0,nan,0.0,0.0,nan,0.0,0,nan,0.0,0.0,0.0,0.5208791494369507,0.27828943729400635,2,2,nan,nan
3200001,OP11,9400001,OP11:9400001,153,leading,,153,0.36250000000000004,1.0,0.0,1.0,0,0,1,0,0,1,0.16178850829601288,0.31864795088768005,0.0,nan,0.0,0.0,nan,0.0,0,nan,0.0,0.0,0.0,0.5708674788475037,0.3318236768245697,2,2,nan,nan
3200001,OP11,9400001,OP11:9400001,154,leading,,154,0.3583333333333333,1.0,0.0,1.0,0,0,1,0,0,1,0.14626368880271912,0.2219928503036499,0.0,nan,0.0,0.0,nan,0.0,0,nan,0.0,0.0,0.0,0.570621132850647,0.3856145143508911,2,2,nan,nan
3200001,OP11,9400001,OP11:9400001,155,leading,,155,0.35416666666666663,1.0,0.0,1.0,0,0,1,0,0,2,0.13073888421058655,0.14363037049770355,0.0,nan,0.0,0.0,nan,0.0,0,nan,0.0,0.0,0.0,0.5621411800384521,0.4395676553249359,2,2,nan,nan
3200001,OP11,9400001,OP11:9400001,156,leading,,156,0.35,1.0,0.0,1.0,0,0,1,0,0,2,0.10708823055028915,0.10983455181121826,0.0,nan,0.0,0.0,nan,0.0,0,nan,0.0,0.0,0.0,0.5346744656562805,0.4554797112941742,2,2,nan,nan
3200001,OP11,9400001,OP11:9400001,157,leading,,157,0.3458333333333333,1.0,0.0,1.0,0,0,2,0,0,1,0.08153080940246582,0.17425283789634705,0.0,nan,0.0,0.0,nan,0.0,0,nan,0.0,0.0,0.0,0.4797751307487488,0.40102967619895935,2,2,nan,nan
3200001,OP11,9400001,OP11:9400001,158,leading,,158,0.3416666666666667,1.0,0.0,1.0,0,0,2,0,0,1,0.015758037567138672,0.2121550589799881,0.0,nan,0.0,0.0,nan,0.0,0,nan,0.0,0.0,0.0,0.46665939688682556,0.3465797007083893,2,2,nan,nan
3200001,OP11,9400001,OP11:9400001,159,leading,,159,0.3375,1.0,0.0,1.0,0,0,2,0,0,1,0.006484270095825195,0.21151193976402283,0.0,nan,0.0,0.0,nan,0.0,0,nan,0.0,0.0,0.0,0.47911936044692993,0.2921296954154968,2,2,nan,nan
3200001,OP11,9400001,OP11:9400001,160,leading,,160,0.33333333333333337,1.0,0.0,1.0,0,0,2,0,0,1,0.010581445880234241,0.21095570921897888,0.0,nan,0.0,0.0,nan,0.0,0,nan,0.0,0.0,0.0,0.49412161111831665,0.23767967522144318,2,2,nan,nan
3200001,OP11,9400001,OP11:9400001,161,leading,,161,0.3291666666666667,1.0,0.0,1.0,0,0,2,0,0,0,0.014678621664643288,0.21048025786876678,0.0,nan,0.0,0.0,nan,0.0,0,nan,0.0,0.0,0.0,0.4916743338108063,0.18322965502738953,2,2,nan,nan
3200001,OP11,9400001,OP11:9400001,162,leading,,162,0.32499999999999996,1.0,0.0,1.0,0,0,2,0,0,0,0.01877579651772976,0.2100861370563507,0.0,nan,0.0,0.0,nan,0.0,0,nan,0.0,0.0,0.0,0.5236557126045227,0.12877963483333588,2,2,nan,nan
3200001,OP11,9400001,OP11:9400001,163,leading,,163,0.3208333333333333,1.0,0.0,1.0,0,0,1,0,0,0,0.02287287637591362,0.20977377891540527,0.0,nan,0.0,0.0,nan,0.0,0,nan,0.0,0.0,0.0,0.5698579549789429,0.07432963699102402,2,2,nan,nan
3200001,OP11,9400001,OP11:9400001,164,leading,,164,0.31666666666666665,1.0,0.0,1.0,0,0,1,0,0,0,0.06968379020690918,0.16491620242595673,0.0,nan,0.0,0.0,nan,0.0,0,nan,0.0,0.0,0.0,0.6038100123405457,0.08677776157855988,2,2,nan,nan
3200001,OP11,9400001,OP11:9400001,165,leading,,165,0.3125,1.0,0.0,1.0,0,0,1,0,0,0,0.06363821029663086,0.07575242221355438,0.0,nan,0.0,0.0,nan,0.0,0,nan,0.0,0.0,0.0,0.5749576091766357,0.1380762755870819,2,2,nan,nan
3200001,OP11,9400001,OP11:9400001,166,leading,,166,0.30833333333333335,1.0,0.0,1.0,0,0,1,0,0,0,0.05273256450891495,0.08541145920753479,0.0,nan,0.0,0.0,nan,0.0,0,nan,0.0,0.0,0.0,0.5343557000160217,0.12045969069004059,2,2,nan,nan
3200001,OP11,9400001,OP11:9400001,167,leading,,167,0.3041666666666667,1.0,0.0,1.0,0,0,0,0,0,0,0.015781830996274948,0.1676117479801178,0.0,nan,0.0,0.0,nan,0.0,0,nan,0.0,0.0,0.0,0.5010910630226135,0.06600969284772873,2,2,nan,nan
3200001,OP11,9400001,OP11:9400001,168,leading,,168,0.30000000000000004,1.0,0.0,1.0,0,0,0,0,0,0,0.06821151077747345,0.22236697375774384,0.0,nan,0.0,0.0,nan,0.0,0,nan,0.0,0.0,0.0,0.4495006203651428,0.0804370790719986,2,2,nan,nan
3200001,OP11,9400001,OP11:9400001,169,leading,,169,0.2958333333333333,1.0,0.0,1.0,0,0,0,0,0,0,0.10326872020959854,0.22794322669506073,0.0,nan,0.0,0.0,nan,0.0,0,nan,0.0,0.0,0.0,0.42840155959129333,0.13085944950580597,2,2,nan,nan
3200001,OP11,9400001,OP11:9400001,170,leading,,170,0.29166666666666663,1.0,0.0,1.0,0,0,0,0,0,0,0.1284252107143402,0.23321469128131866,0.0,nan,0.0,0.0,nan,0.0,0,nan,0.0,0.0,0.0,0.42555803060531616,0.18089468777179718,2,2,nan,nan
3200001,OP11,9400001,OP11:9400001,171,leading,,171,0.2875,1.0,0.0,1.0,0,0,0,0,0,1,0.11258115619421005,0.22397971153259277,0.0,nan,0.0,0.0,nan,0.0,0,nan,0.0,0.0,0.0,0.43905511498451233,0.2329188585281372,2,2,nan,nan
3200001,OP11,9400001,OP11:9400001,172,leading,,172,0.2833333333333333,1.0,0.0,1.0,0,0,1,0,0,1,0.07233071327209473,0.20066384971141815,0.0,nan,0.0,0.0,nan,0.0,0,nan,0.0,0.0,0.0,0.4710926413536072,0.2858480215072632,2,2,nan,nan
3200001,OP11,9400001,OP11:9400001,173,leading,,173,0.2791666666666667,1.0,0.0,1.0,0,0,1,0,0,1,0.013721084222197533,0.1285770833492279,0.0,nan,0.0,0.0,nan,0.0,0,nan,0.0,0.0,0.0,0.49204713106155396,0.33925893902778625,2,2,nan,nan
3200001,OP11,9400001,OP11:9400001,174,leading,,174,0.275,1.0,0.0,1.0,0,0,1,0,0,1,0.027051400393247604,0.07071417570114136,0.0,nan,0.0,0.0,nan,0.0,0,nan,0.0,0.0,0.0,0.5019909739494324,0.37079599499702454,2,2,nan,nan
3200001,OP11,9400001,OP11:9400001,175,leading,,175,0.27083333333333337,1.0,0.0,1.0,0,0,1,0,0,1,0.023014593869447708,0.04900892823934555,0.0,nan,0.0,0.0,nan,0.0,0,nan,0.0,0.0,0.0,0.4561174511909485,0.37982311844825745,2,2,nan,nan
3200001,OP11,9400001,OP11:9400001,176,leading,,176,0.2666666666666667,1.0,0.0,1.0,0,0,1,0,0,1,0.018977785483002663,0.15305447578430176,0.0,nan,0.0,0.0,nan,0.0,0,nan,0.0,0.0,0.0,0.4387068748474121,0.325373113155365,2,2,nan,nan
3200001,OP11,9400001,OP11:9400001,177,leading,,177,0.26249999999999996,1.0,0.0,1.0,0,0,1,0,0,1,0.014940977096557617,0.2609058916568756,0.0,nan,0.0,0.0,nan,0.0,0,nan,0.0,0.0,0.0,0.4289768636226654,0.27092307806015015,2,2,nan,nan
3200001,OP11,9400001,OP11:9400001,178,leading,,178,0.2583333333333333,1.0,0.0,1.0,0,0,2,0,0,1,0.010904168710112572,0.36924317479133606,0.0,nan,0.0,0.0,nan,0.0,0,nan,0.0,0.0,0.0,0.4751768708229065,0.21647310256958008,2,2,nan,nan
3200001,OP11,9400001,OP11:9400001,179,leading,,179,0.25416666666666665,1.0,0.0,1.0,0,0,2,0,0,1,0.042093418538570404,0.42657360434532166,0.0,nan,0.0,0.0,nan,0.0,0,nan,0.0,0.0,0.0,0.5010354518890381,0.16202309727668762,2,2,nan,nan
3200001,OP11,9400001,OP11:9400001,180,leading,,180,0.25,1.0,0.0,1.0,0,0,2,0,0,1,0.07081814110279083,0.42060795426368713,0.0,nan,0.0,0.0,nan,0.0,0,nan,0.0,0.0,0.0,0.5555704832077026,0.10757307708263397,2,2,nan,nan
3200001,OP11,9400001,OP11:9400001,181,leading,,181,0.24583333333333335,1.0,0.0,1.0,0,0,1,0,0,1,0.06234612315893173,0.41969624161720276,0.0,nan,0.0,0.0,nan,0.0,0,nan,0.0,0.0,0.0,0.5485093593597412,0.053123075515031815,2,2,nan,nan
3200001,OP11,9400001,OP11:9400001,182,leading,,182,0.2416666666666667,1.0,0.0,1.0,0,0,1,0,0,1,0.0010993957985192537,0.3660643696784973,0.0,nan,0.0,0.0,nan,0.0,0,nan,0.0,0.0,0.0,0.5087569952011108,0.07142283767461777,2,2,nan,nan
3200001,OP11,9400001,OP11:9400001,183,leading,,183,0.23750000000000004,1.0,0.0,1.0,0,0,1,0,0,0,0.01733694039285183,0.259406715631485,0.0,nan,0.0,0.0,nan,0.0,0,nan,0.0,0.0,0.0,0.4616100788116455,0.11996401846408844,2,2,nan,nan
3200001,OP11,9400001,OP11:9400001,184,leading,,184,0.23333333333333328,1.0,0.0,1.0,0,0,1,0,0,0,0.031661175191402435,0.1541595757007599,0.0,nan,0.0,0.0,nan,0.0,0,nan,0.0,0.0,0.0,0.44083529710769653,0.17096303403377533,2,2,nan,nan
3200001,OP11,9400001,OP11:9400001,185,leading,,185,0.22916666666666663,1.0,0.0,1.0,0,0,1,0,0,0,0.03218879550695419,0.05356789752840996,0.0,nan,0.0,0.0,nan,0.0,0,nan,0.0,0.0,0.0,0.48555412888526917,0.2192104607820511,2,2,nan,nan
3200001,OP11,9400001,OP11:9400001,186,leading,,186,0.22499999999999998,1.0,0.0,1.0,0,0,1,0,0,0,0.03271651268005371,0.07298089563846588,0.0,nan,0.0,0.0,nan,0.0,0,nan,0.0,0.0,0.0,0.5268341302871704,0.19984349608421326,2,2,nan,nan
3200001,OP11,9400001,OP11:9400001,187,leading,,187,0.22083333333333333,1.0,0.0,1.0,0,0,1,0,0,0,0.03324413299560547,0.17645180225372314,0.0,nan,0.0,0.0,nan,0.0,0,nan,0.0,0.0,0.0,0.5129692554473877,0.1453934907913208,2,2,nan,nan
3200001,OP11,9400001,OP11:9400001,188,leading,,188,0.21666666666666667,1.0,0.0,1.0,0,0,0,0,0,0,0.03377185016870499,0.2833665609359741,0.0,nan,0.0,0.0,nan,0.0,0,nan,0.0,0.0,0.0,0.46150287985801697,0.09094348549842834,2,2,nan,nan
3200001,OP11,9400001,OP11:9400001,189,leading,,189,0.21250000000000002,1.0,0.0,1.0,0,0,0,0,0,1,0.12337160110473633,0.34515178203582764,0.0,nan,0.0,0.0,nan,0.0,0,nan,0.0,0.0,0.0,0.4125964641571045,0.1003083735704422,2,2,nan,nan
3200001,OP11,9400001,OP11:9400001,190,leading,,190,0.20833333333333337,1.0,0.0,1.0,0,0,0,0,0,1,0.1644018143415451,0.350719153881073,0.0,nan,0.0,0.0,nan,0.0,0,nan,0.0,0.0,0.0,0.4001322388648987,0.15282294154167175,2,2,nan,nan
3200001,OP11,9400001,OP11:9400001,191,leading,,191,0.20416666666666672,1.0,0.0,1.0,0,0,0,0,0,1,0.19519662857055664,0.3554914593696594,0.0,nan,0.0,0.0,nan,0.0,0,nan,0.0,0.0,0.0,0.40935611724853516,0.2040209323167801,2,2,nan,nan
3200001,OP11,9400001,OP11:9400001,192,leading,,192,0.19999999999999996,1.0,0.0,1.0,0,0,0,0,0,1,0.24055489897727966,0.37310582399368286,0.0,nan,0.0,0.0,nan,0.0,0,nan,0.0,0.0,0.0,0.4373466968536377,0.2584516406059265,2,2,nan,nan
3200001,OP11,9400001,OP11:9400001,193,leading,,193,0.1958333333333333,1.0,0.0,1.0,0,0,0,0,0,1,0.27949199080467224,0.3902517259120941,0.0,nan,0.0,0.0,nan,0.0,1,nan,1.0,0.0,0.0,0.47334417700767517,0.31288906931877136,2,2,nan,nan
3200001,OP11,9400001,OP11:9400001,194,leading,,194,0.19166666666666665,1.0,0.0,1.0,0,0,0,0,0,1,0.2510755956172943,0.37318331003189087,0.0,nan,0.0,0.0,nan,0.0,1,nan,1.0,0.0,0.0,0.5149542093276978,0.35105353593826294,2,2,nan,nan
3200001,OP11,9400001,OP11:9400001,195,leading,,195,0.1875,1.0,0.0,1.0,0,0,1,0,0,1,0.1975536346435547,0.3221607804298401,0.0,nan,0.0,0.0,nan,0.0,0,nan,0.0,0.0,0.0,0.5658800601959229,0.4021122455596924,2,2,nan,nan
3200001,OP11,9400001,OP11:9400001,196,leading,,196,0.18333333333333335,1.0,0.0,1.0,0,0,1,0,0,2,0.1510779857635498,0.22072234749794006,0.0,nan,0.0,0.0,nan,0.0,0,nan,0.0,0.0,0.0,0.5921326279640198,0.4539598524570465,2,2,nan,nan
3200001,OP11,9400001,OP11:9400001,197,leading,,197,0.1791666666666667,1.0,0.0,1.0,0,0,1,0,0,2,0.1329728066921234,0.1433447152376175,0.0,nan,0.0,0.0,nan,0.0,0,nan,0.0,0.0,0.0,0.6095472574234009,0.506354033946991,2,2,nan,nan
3200001,OP11,9400001,OP11:9400001,198,leading,,198,0.17500000000000004,1.0,0.0,1.0,0,0,1,0,0,2,0.11486764252185822,0.12686222791671753,0.0,nan,0.0,0.0,nan,0.0,0,nan,0.0,0.0,0.0,0.598974883556366,0.5107248425483704,2,2,nan,nan
3200001,OP11,9400001,OP11:9400001,199,leading,,199,0.17083333333333328,1.0,0.0,1.0,0,0,1,0,0,2,0.096762515604496,0.18803539872169495,0.0,nan,0.0,0.0,nan,0.0,1,nan,1.0,0.0,0.0,0.5530706644058228,0.4562748372554779,2,2,nan,nan
3200001,OP11,9400001,OP11:9400001,200,leading,,200,0.16666666666666663,1.0,0.0,1.0,0,0,1,0,0,1,0.07865734398365021,0.27988845109939575,0.0,nan,0.0,0.0,nan,0.0,1,nan,1.0,0.0,0.0,0.5029775500297546,0.40182486176490784,2,2,nan,nan
3200001,OP11,9400001,OP11:9400001,201,leading,,201,0.16249999999999998,1.0,0.0,1.0,1,0,1,0,0,1,0.06188225746154785,0.37362125515937805,1.0,0.07923738658428192,1.0,0.0,0.37362125515937805,1.0,1,0.21387627720832825,1.0,0.0,0.0,0.5036576986312866,0.3473748564720154,2,2,-0.1597449779510498,0.0
3200001,OP11,9400001,OP11:9400001,202,leading,,202,0.15833333333333333,1.0,0.0,1.0,1,0,1,0,0,1,0.0006062507745809853,0.43024128675460815,1.0,0.13145384192466736,1.0,0.0,0.43024128675460815,1.0,1,0.26735201478004456,1.0,0.0,0.0,0.4538758397102356,0.2929248809814453,2,2,-0.1628892719745636,0.0
3200001,OP11,9400001,OP11:9400001,203,leading,,203,0.15416666666666667,1.0,0.0,1.0,1,0,1,0,0,1,0.023583412170410156,0.4321199357509613,1.0,0.16321244835853577,1.0,0.0,0.4321199357509613,1.0,1,0.2685174345970154,1.0,0.0,0.0,0.40220847725868225,0.23847487568855286,2,2,-0.16360250115394592,0.0
3200001,OP11,9400001,OP11:9400001,204,leading,,204,0.15000000000000002,1.0,0.0,1.0,1,0,1,0,0,1,0.0272245891392231,0.43187546730041504,1.0,0.11428023874759674,1.0,0.0,0.43187546730041504,1.0,1,0.26542848348617554,1.0,0.0,0.0,0.3505493700504303,0.1840248703956604,2,2,-0.1664469838142395,0.0
3200001,OP11,9400001,OP11:9400001,205,leading,,205,0.14583333333333337,1.0,0.0,1.0,1,0,1,0,0,1,0.030865812674164772,0.43166208267211914,1.0,0.06150257587432861,1.0,0.0,0.43166208267211914,1.0,1,0.2623912990093231,1.0,0.0,0.0,0.29889219999313354,0.12957486510276794,2,2,-0.16927078366279602,0.0
3200001,OP11,9400001,OP11:9400001,206,leading,,206,0.14166666666666672,1.0,0.0,1.0,1,0,0,0,0,1,0.034506894648075104,0.4314798414707184,1.0,0.07221329212188721,1.0,0.0,0.4314798414707184,1.0,1,0.25940483808517456,1.0,0.0,0.0,0.24723787605762482,0.07512487471103668,2,2,-0.17207500338554382,0.0
3200001,OP11,9400001,OP11:9400001,207,leading,,207,0.13749999999999996,1.0,0.0,1.0,1,0,0,0,0,1,0.08392152935266495,0.3829852342605591,1.0,0.08779881149530411,1.0,0.0,0.3829852342605591,1.0,1,0.2564675211906433,1.0,0.0,0.0,0.19558817148208618,0.08740103989839554,2,2,-0.12651771306991577,0.0
3200001,OP11,9400001,OP11:9400001,208,leading,,208,0.1333333333333333,1.0,0.0,1.0,1,0,0,1,1,0,0.08319463580846786,0.27791827917099,1.0,0.09661577641963959,1.0,0.0,0.27791827917099,1.0,0,inf,0.0,0.0,0.0,0.1439470648765564,0.1387723982334137,2,2,nan,nan
3200001,OP11,9400001,OP11:9400001,209,leading,,209,0.12916666666666665,1.0,0.0,1.0,1,0,0,1,1,0,0.061904143542051315,0.1706257164478302,1.0,0.09933175146579742,1.0,1.0,0.1706257164478302,0.0,0,inf,0.0,0.0,0.0,0.14119839668273926,0.18513330817222595,2,2,nan,nan
3200001,OP11,9400001,OP11:9400001,210,leading,,210,0.125,1.0,0.0,1.0,1,0,0,1,1,0,0.028003264218568802,0.06498152017593384,1.0,0.10206688940525055,1.0,1.0,0.06498152017593384,0.0,0,inf,0.0,0.0,0.0,0.19279669225215912,0.22875678539276123,2,2,nan,nan
3200001,OP11,9400001,OP11:9400001,211,leading,,211,0.12083333333333335,1.0,0.0,1.0,1,0,0,2,2,0,0.0058976649306714535,0.04213879257440567,1.0,0.07369405776262283,1.0,1.0,0.04213879257440567,0.0,0,inf,0.0,0.0,0.0,0.24117621779441833,0.23415441811084747,2,2,nan,nan
3200001,OP11,9400001,OP11:9400001,212,leading,,212,0.1166666666666667,1.0,0.0,1.0,1,0,0,2,2,0,0.0397985465824604,0.14755463600158691,1.0,0.1251935064792633,1.0,1.0,0.14755463600158691,0.0,0,inf,0.0,0.0,0.0,0.2906918227672577,0.17970439791679382,2,2,nan,nan
3200001,OP11,9400001,OP11:9400001,213,leading,,213,0.11250000000000004,1.0,0.0,1.0,1,0,0,2,2,0,0.07369928061962128,0.2534022033214569,1.0,0.22009103000164032,0.0,0.0,0.2534022033214569,1.0,0,inf,0.0,0.0,0.0,0.34084874391555786,0.12525440752506256,2,2,nan,nan
3200001,OP11,9400001,OP11:9400001,214,leading,,214,0.10833333333333328,1.0,0.0,1.0,1,0,0,2,2,1,0.08917775005102158,0.3612786531448364,1.0,0.3220725655555725,0.0,0.0,0.3612786531448364,1.0,0,inf,0.0,0.0,0.0,0.3914004862308502,0.07080439478158951,2,2,nan,nan
3200001,OP11,9400001,OP11:9400001,215,leading,,215,0.10416666666666663,1.0,0.0,1.0,1,0,0,2,2,1,0.10319900512695312,0.45381036400794983,1.0,0.4104195237159729,0.0,0.0,0.45381036400794983,1.0,0,inf,0.0,0.0,0.0,0.44221171736717224,0.032251402735710144,2,2,nan,nan
3200001,OP11,9400001,OP11:9400001,216,leading,,216,0.09999999999999998,2.0,0.0,2.0,0,0,0,2,2,1,0.11529617011547089,0.5256386995315552,0.0,nan,0.0,0.0,nan,0.0,0,nan,0.0,0.0,0.0,0.49320220947265625,0.014690506272017956,2,2,nan,nan
3200001,OP11,9400001,OP11:9400001,217,leading,,217,0.09583333333333333,2.0,0.0,2.0,0,0,0,2,2,1,0.15554556250572205,0.6076388359069824,0.0,nan,0.0,0.0,nan,0.0,0,nan,0.0,0.0,0.0,0.544321596622467,0.032780807465314865,2,2,nan,nan
3200001,OP11,9400001,OP11:9400001,218,leading,,218,0.09166666666666667,2.0,0.0,2.0,0,0,0,2,2,1,0.17438264191150665,0.6356481313705444,0.0,nan,0.0,0.0,nan,0.0,0,nan,0.0,0.0,0.0,0.5955366492271423,0.08056559413671494,2,2,nan,nan
3200001,OP11,9400001,OP11:9400001,219,leading,,219,0.08750000000000002,2.0,0.0,2.0,0,0,0,1,2,1,0.13691158592700958,0.6168369650840759,0.0,nan,0.0,0.0,nan,0.0,1,nan,1.0,0.0,0.0,0.6468247175216675,0.09621094167232513,2,2,nan,nan
3200001,OP11,9400001,OP11:9400001,220,leading,,220,0.08333333333333337,2.0,0.0,2.0,0,0,1,0,2,1,0.0791417583823204,0.6113784909248352,0.0,nan,0.0,0.0,nan,0.0,1,nan,1.0,0.0,0.0,0.6782151460647583,0.13398462533950806,2,2,nan,nan
3200001,OP11,9400001,OP11:9400001,221,leading,,221,0.07916666666666672,2.0,0.0,2.0,0,0,1,0,2,1,0.003937387373298407,0.513372540473938,0.0,nan,0.0,0.0,nan,0.0,1,nan,1.0,0.0,0.0,0.7177972793579102,0.18049047887325287,2,2,nan,nan
3200001,OP11,9400001,OP11:9400001,222,leading,,222,0.07499999999999996,2.0,0.0,2.0,0,0,1,0,2,1,0.0027625083457678556,0.40498265624046326,0.0,nan,0.0,0.0,nan,0.0,1,nan,1.0,0.0,0.0,0.7155923843383789,0.2305023968219757,2,2,nan,nan
3200001,OP11,9400001,OP11:9400001,223,leading,,223,0.0708333333333333,2.0,0.0,2.0,0,0,1,0,2,1,0.0015876293182373047,0.29659321904182434,0.0,nan,0.0,0.0,nan,0.0,1,nan,1.0,0.0,0.0,0.6646265983581543,0.2821621894836426,2,2,nan,nan
3200001,OP11,9400001,OP11:9400001,224,leading,,224,0.06666666666666665,2.0,0.0,2.0,0,0,1,0,2,1,0.0004127502324990928,0.18820516765117645,0.0,nan,0.0,0.0,nan,0.0,1,nan,1.0,0.0,0.0,0.6302862167358398,0.33470770716667175,2,2,nan,nan
3200001,OP11,9400001,OP11:9400001,225,leading,,225,0.0625,2.0,0.0,2.0,0,0,1,0,2,1,0.0007620334508828819,0.07982407510280609,0.0,nan,0.0,0.0,nan,0.0,1,nan,1.0,0.0,0.0,0.5857778787612915,0.3877791464328766,2,2,nan,nan
3200001,OP11,9400001,OP11:9400001,226,leading,,226,0.05833333333333335,2.0,0.0,2.0,0,0,2,0,2,1,0.005319404415786266,0.07862943410873413,0.0,nan,0.0,0.0,nan,0.0,0,nan,0.0,0.0,0.0,0.5365453958511353,0.38818591833114624,2,2,nan,nan
3200001,OP11,9400001,OP11:9400001,227,leading,,227,0.054166666666666696,2.0,0.0,2.0,0,0,2,0,2,1,0.0545588955283165,0.14399567246437073,0.0,nan,0.0,0.0,nan,0.0,0,nan,0.0,0.0,0.0,0.4749975800514221,0.3337359130382538,2,2,nan,nan
3200001,OP11,9400001,OP11:9400001,228,leading,,228,0.050000000000000044,2.0,0.0,2.0,0,0,2,0,2,1,0.05641002580523491,0.14490047097206116,0.0,nan,0.0,0.0,nan,0.0,0,nan,0.0,0.0,0.0,0.4575137495994568,0.2792859375476837,2,2,nan,nan
3200001,OP11,9400001,OP11:9400001,229,leading,,229,0.04583333333333328,2.0,0.0,2.0,0,0,2,0,1,0,0.04728269577026367,0.1414949595928192,0.0,nan,0.0,0.0,nan,0.0,0,nan,0.0,0.0,0.0,0.408883273601532,0.22483590245246887,2,2,nan,nan
3200001,OP11,9400001,OP11:9400001,230,leading,,230,0.04166666666666663,2.0,0.0,2.0,0,0,2,0,1,0,0.038155458867549896,0.1386079043149948,0.0,nan,0.0,0.0,nan,0.0,0,nan,0.0,0.0,0.0,0.40838509798049927,0.17038589715957642,2,2,nan,nan
3200001,OP11,9400001,OP11:9400001,231,leading,,231,0.03749999999999998,2.0,0.0,2.0,0,0,2,0,1,0,0.02902803383767605,0.1362721472978592,0.0,nan,0.0,0.0,nan,0.0,0,nan,0.0,0.0,0.0,0.45961514115333557,0.11593589931726456,2,2,nan,nan
3200001,OP11,9400001,OP11:9400001,232,leading,,232,0.033333333333333326,2.0,0.0,2.0,0,0,1,0,0,0,0.019900750368833542,0.13451650738716125,0.0,nan,0.0,0.0,nan,0.0,0,nan,0.0,0.0,0.0,0.5060302019119263,0.061485908925533295,2,2,nan,nan
3200001,OP11,9400001,OP11:9400001,233,leading,,233,0.029166666666666674,2.0,0.0,2.0,0,0,1,0,0,0,0.03845496103167534,0.08874519169330597,0.0,nan,0.0,0.0,nan,0.0,0,nan,0.0,0.0,0.0,0.553378164768219,0.07714757323265076,2,2,nan,nan
3200001,OP11,9400001,OP11:9400001,234,leading,,234,0.025000000000000022,2.0,0.0,2.0,0,0,0,0,0,0,0.06010856479406357,0.06541526317596436,0.0,nan,0.0,0.0,nan,0.0,0,nan,0.0,0.0,0.0,0.5454608798027039,0.08584574609994888,2,2,nan,nan
3200001,OP11,9400001,OP11:9400001,235,leading,,235,0.02083333333333337,2.0,0.0,2.0,0,0,0,0,0,0,0.13223257660865784,0.15446363389492035,0.0,nan,0.0,0.0,nan,0.0,0,nan,0.0,0.0,0.0,0.5012651681900024,0.09605374187231064,2,2,nan,nan
3200001,OP11,9400001,OP11:9400001,236,leading,,236,0.01666666666666672,2.0,0.0,2.0,0,0,0,0,0,0,0.12276683002710342,0.1451088935136795,0.0,nan,0.0,0.0,nan,0.0,0,nan,0.0,0.0,0.0,0.45358556509017944,0.1482560634613037,2,2,nan,nan
3200001,OP11,9400001,OP11:9400001,237,leading,,237,0.012499999999999956,2.0,0.0,2.0,0,0,0,0,0,0,0.10668377578258514,0.12994809448719025,0.0,nan,0.0,0.0,nan,0.0,0,nan,0.0,0.0,0.0,0.4021318852901459,0.2002396285533905,2,2,nan,nan
3200001,OP11,9400001,OP11:9400001,238,leading,,238,0.008333333333333304,2.0,0.0,2.0,0,0,0,1,2,0,0.09060072898864746,0.1151251420378685,0.0,nan,0.0,0.0,nan,0.0,0,nan,0.0,0.0,0.0,0.3514663875102997,0.25326186418533325,2,2,nan,nan
3200001,OP11,9400001,OP11:9400001,239,leading,,239,0.004166666666666652,2.0,0.0,2.0,0,0,0,1,2,0,0.05830516666173935,0.10464318841695786,0.0,nan,0.0,0.0,nan,0.0,0,nan,0.0,0.0,0.0,0.3386002779006958,0.3067846894264221,2,2,nan,nan
3200001,OP12,9400000,OP12:9400000,0,tied,,0,1.0,0.0,0.0,0.0,0,0,0,0,0,0,0.10704054683446884,0.17881479859352112,0.0,nan,0.0,0.0,nan,0.0,2,nan,1.0,0.0,0.0,0.7322870492935181,0.22479590773582458,2,2,nan,nan
3200001,OP12,9400000,OP12:9400000,1,tied,,1,0.9958333333333333,0.0,0.0,0.0,0,0,0,0,0,0,0.12972398102283478,0.18908235430717468,0.0,nan,0.0,0.0,nan,0.0,2,nan,1.0,0.0,0.0,0.70925372838974,0.22328858077526093,2,2,nan,nan
3200001,OP12,9400000,OP12:9400000,2,tied,,2,0.9916666666666667,0.0,0.0,0.0,0,0,0,0,0,0,0.17973598837852478,0.2168508768081665,0.0,nan,0.0,0.0,nan,0.0,2,nan,1.0,0.0,0.0,0.6635030508041382,0.22159604728221893,2,2,nan,nan
3200001,OP12,9400000,OP12:9400000,3,tied,,3,0.9875,0.0,0.0,0.0,0,0,0,0,0,0,0.23530487716197968,0.256972074508667,0.0,nan,0.0,0.0,nan,0.0,2,nan,1.0,0.0,0.0,0.6137222647666931,0.23216649889945984,2,2,nan,nan
3200001,OP12,9400000,OP12:9400000,4,tied,,4,0.9833333333333333,0.0,0.0,0.0,0,0,0,0,0,0,0.29087376594543457,0.303104043006897,0.0,nan,0.0,0.0,nan,0.0,2,nan,1.0,0.0,0.0,0.5647066831588745,0.2542191445827484,2,2,nan,nan
3200001,OP12,9400000,OP12:9400000,5,tied,,5,0.9791666666666666,0.0,0.0,0.0,0,0,0,0,0,0,0.2685851454734802,0.28397485613822937,0.0,nan,0.0,0.0,nan,0.0,2,nan,1.0,0.0,0.0,0.5166743397712708,0.307150274515152,2,2,nan,nan
3200001,OP12,9400000,OP12:9400000,6,tied,,6,0.975,0.0,0.0,0.0,0,0,0,0,0,0,0.24629659950733185,0.26552310585975647,0.0,nan,0.0,0.0,nan,0.0,2,nan,1.0,0.0,0.0,0.469926655292511,0.36053401231765747,2,2,nan,nan
3200001,OP12,9400000,OP12:9400000,7,tied,,7,0.9708333333333333,0.0,0.0,0.0,0,0,1,0,0,0,0.23822803795337677,0.25314730405807495,0.0,nan,0.0,0.0,nan,0.0,1,nan,1.0,0.0,0.0,0.4467695653438568,0.39287760853767395,2,2,nan,nan
3200001,OP12,9400000,OP12:9400000,8,tied,,8,0.9666666666666667,0.0,0.0,0.0,0,0,1,0,0,0,0.26560574769973755,0.26861095428466797,0.0,nan,0.0,0.0,nan,0.0,1,nan,1.0,0.0,0.0,0.40338054299354553,0.39621788263320923,2,2,nan,nan
3200001,OP12,9400000,OP12:9400000,9,tied,,9,0.9625,0.0,0.0,0.0,0,0,1,0,0,1,0.2467033416032791,0.25413960218429565,0.0,nan,0.0,0.0,nan,0.0,1,nan,1.0,0.0,0.0,0.36283421516418457,0.3437085747718811,2,2,nan,nan
3200001,OP12,9400000,OP12:9400000,10,tied,,10,0.9583333333333334,0.0,0.0,0.0,0,0,1,0,0,1,0.21217341721057892,0.26708170771598816,0.0,nan,0.0,0.0,nan,0.0,1,nan,1.0,0.0,0.0,0.3261924088001251,0.28925859928131104,2,2,nan,nan
3200001,OP12,9400000,OP12:9400000,11,tied,,11,0.9541666666666667,0.0,0.0,0.0,0,0,1,0,0,1,0.17764349281787872,0.31771427392959595,0.0,nan,0.0,0.0,nan,0.0,1,nan,1.0,0.0,0.0,0.2949140667915344,0.23480860888957977,2,2,nan,nan
3200001,OP12,9400000,OP12:9400000,12,tied,,12,0.95,0.0,0.0,0.0,0,0,1,0,0,1,0.14311356842517853,0.3916836380958557,0.0,nan,0.0,0.0,nan,0.0,1,nan,1.0,0.0,0.0,0.2708636522293091,0.1803586184978485,2,2,nan,nan
3200001,OP12,9400000,OP12:9400000,13,tied,,13,0.9458333333333333,0.0,0.0,0.0,0,0,1,0,0,1,0.10858364403247833,0.4782821536064148,0.0,nan,0.0,0.0,nan,0.0,1,nan,1.0,0.0,0.0,0.2560857832431793,0.12590862810611725,2,2,nan,nan
3200001,OP12,9400000,OP12:9400000,14,tied,,14,0.9416666666666667,0.0,0.0,0.0,0,0,0,0,0,1,0.07405371963977814,0.5718002915382385,0.0,nan,0.0,0.0,nan,0.0,1,nan,1.0,0.0,0.0,0.2522156536579132,0.07145862281322479,2,2,nan,nan
3200001,OP12,9400000,OP12:9400000,15,tied,,15,0.9375,0.0,0.0,0.0,0,0,0,0,0,1,0.007431936450302601,0.6132482886314392,0.0,nan,0.0,0.0,nan,0.0,1,nan,1.0,0.0,0.0,0.24926991760730743,0.0845508873462677,2,2,nan,nan
3200001,OP12,9400000,OP12:9400000,16,tied,,16,0.9333333333333333,0.0,0.0,0.0,1,0,0,0,0,1,0.03309941291809082,0.5953243970870972,1.0,0.7258244752883911,0.0,0.0,0.5953243970870972,1.0,1,0.7702417969703674,1.0,0.0,0.0,0.2649520933628082,0.13557155430316925,2,2,0.17491739988327026,1.0
3200001,OP12,9400000,OP12:9400000,17,tied,,17,0.9291666666666667,0.0,0.0,0.0,1,0,0,0,0,1,0.08448672294616699,0.5446681976318359,1.0,0.7456388473510742,0.0,0.0,0.5446681976318359,1.0,1,0.8150237202644348,1.0,0.0,0.0,0.2674131393432617,0.18639102578163147,2,2,0.2703555226325989,1.0
3200001,OP12,9400000,OP12:9400000,18,tied,,18,0.925,0.0,0.0,0.0,1,0,0,0,0,1,0.07901239395141602,0.43747782707214355,1.0,0.7209795117378235,0.0,0.0,0.43747782707214355,1.0,1,0.7786826491355896,1.0,0.0,0.0,0.2762472331523895,0.23680777847766876,2,2,0.34120482206344604,1.0
3200001,OP12,9400000,OP12:9400000,19,tied,,19,0.9208333333333334,0.0,0.0,0.0,1,0,0,0,0,1,0.06560277938842773,0.3290199339389801,1.0,0.6814411282539368,0.0,0.0,0.3290199339389801,1.0,1,0.7317197918891907,1.0,0.0,0.0,0.28083735704421997,0.28869330883026123,2,2,0.40269985795021057,1.0
3200001,OP12,9400000,OP12:9400000,20,tied,,20,0.9166666666666666,0.0,0.0,0.0,1,0,0,0,0,1,0.05219316482543945,0.2208007127046585,1.0,0.6370253562927246,0.0,0.0,0.2208007127046585,1.0,1,0.6694291830062866,1.0,1.0,0.0,0.28305569291114807,0.3413786292076111,2,2,0.4486284703016281,1.0
3200001,OP12,9400000,OP12:9400000,21,tied,,21,0.9125,0.0,0.0,0.0,1,0,0,0,0,1,0.03878350183367729,0.11350475251674652,1.0,0.574921727180481,0.0,1.0,0.11350475251674652,0.0,1,0.574921727180481,1.0,1.0,0.0,0.27711620926856995,0.3945433795452118,2,2,0.46141697466373444,1.0
3200001,OP12,9400000,OP12:9400000,22,tied,,22,0.9083333333333333,0.0,0.0,0.0,1,0,0,0,0,1,0.018984461203217506,0.05902857333421707,1.0,0.5013406872749329,0.0,1.0,0.05902857333421707,0.0,1,0.5013406872749329,1.0,1.0,0.0,0.23602882027626038,0.3937605321407318,2,2,0.4423121139407158,1.0
3200001,OP12,9400000,OP12:9400000,23,tied,,23,0.9041666666666667,0.0,0.0,0.0,1,0,0,0,0,0,0.0765003189444542,0.07690466940402985,1.0,0.42965707182884216,0.0,1.0,0.07690466940402985,0.0,1,0.42965707182884216,1.0,1.0,0.0,0.18261653184890747,0.3932524025440216,2,2,0.3527524024248123,1.0
3200001,OP12,9400000,OP12:9400000,24,tied,,24,0.9,0.0,0.0,0.0,1,0,0,0,0,0,0.12459909915924072,0.13124728202819824,1.0,0.3591718375682831,0.0,1.0,0.13124728202819824,0.0,1,0.3591718375682831,1.0,1.0,0.0,0.12867215275764465,0.33880236744880676,2,2,0.22792455554008484,1.0
3200001,OP12,9400000,OP12:9400000,25,tied,,25,0.8958333333333334,0.0,0.0,0.0,1,0,0,0,0,0,0.14177918434143066,0.14812667667865753,1.0,0.2906900942325592,0.0,1.0,0.14812667667865753,0.0,1,0.2906900942325592,1.0,1.0,0.0,0.07472778111696243,0.2843523621559143,2,2,0.14256341755390167,1.0
3200001,OP12,9400000,OP12:9400000,26,tied,,26,0.8916666666666666,0.0,0.0,0.0,1,1,0,0,0,0,0.09452767670154572,0.12213872373104095,1.0,0.21664762496948242,0.0,1.0,0.12213872373104095,0.0,1,0.21664762496948242,1.0,1.0,1.0,0.0,0.2573862671852112,2,2,0.09450890123844147,1.0
3200001,OP12,9400000,OP12:9400000,27,tied,,27,0.8875,0.0,0.0,0.0,1,1,0,0,0,0,0.05582127720117569,0.11209414899349213,1.0,0.14053288102149963,1.0,1.0,0.11209414899349213,0.0,1,0.17797529697418213,1.0,1.0,1.0,0.0,0.14053288102149963,2,2,0.06588114798069,1.0
3200001,OP12,9400000,OP12:9400000,28,tied,,28,0.8833333333333333,0.0,0.0,0.0,1,1,0,1,1,0,0.032140396535396576,0.10916823148727417,1.0,0.0761958584189415,1.0,1.0,0.10916823148727417,0.0,1,0.08773715794086456,1.0,1.0,1.0,0.0,0.08773715794086456,2,2,-0.021431073546409607,0.0
3200001,OP12,9400000,OP12:9400000,29,tied,,29,0.8791666666666667,0.0,0.0,0.0,1,1,0,1,1,0,0.019544173032045364,0.10841089487075806,1.0,0.040529537945985794,1.0,1.0,0.10841089487075806,0.0,1,0.040529537945985794,1.0,1.0,1.0,0.0,0.040529537945985794,2,2,-0.06788135692477226,0.0
3200001,OP12,9400000,OP12:9400000,30,tied,,30,0.875,0.0,0.0,0.0,1,1,0,1,1,0,0.0009185791132040322,0.06684560328722,1.0,0.06873521953821182,1.0,1.0,0.06684560328722,0.0,1,0.06873521953821182,1.0,1.0,0.0,0.0,0.06873521953821182,2,2,0.0018896162509918213,1.0
3200001,OP12,9400000,OP12:9400000,31,leading,,31,0.8708333333333333,1.0,0.0,1.0,0,0,0,2,2,0,0.007500886917114258,0.059591151773929596,0.0,nan,0.0,0.0,nan,0.0,0,nan,0.0,0.0,0.0,0.027847137302160263,0.024706324562430382,2,2,nan,nan
3200001,OP12,9400000,OP12:9400000,32,leading,,32,0.8666666666666667,1.0,0.0,1.0,0,0,0,2,2,0,0.008466864004731178,0.057442475110292435,0.0,nan,0.0,0.0,nan,0.0,0,nan,0.0,0.0,0.0,0.05139371007680893,0.04057563096284866,2,2,nan,nan
3200001,OP12,9400000,OP12:9400000,33,leading,,33,0.8625,1.0,0.0,1.0,0,0,0,2,2,0,0.007021761033684015,0.05606846138834953,0.0,nan,0.0,0.0,nan,0.0,0,nan,0.0,0.0,0.0,0.07018842548131943,0.08377242088317871,2,2,nan,nan
3200001,OP12,9400000,OP12:9400000,34,leading,,34,0.8583333333333334,1.0,0.0,1.0,0,0,0,2,2,0,0.006922435946762562,0.05606628209352493,0.0,nan,0.0,0.0,nan,0.0,0,nan,0.0,0.0,0.0,0.07542867958545685,0.1155247688293457,2,2,nan,nan
3200001,OP12,9400000,OP12:9400000,35,leading,,35,0.8541666666666666,1.0,0.0,1.0,0,0,0,2,2,0,0.006823110394179821,0.05606430023908615,0.0,nan,0.0,0.0,nan,0.0,0,nan,0.0,0.0,0.0,0.11078155040740967,0.1600116342306137,2,2,nan,nan
3200001,OP12,9400000,OP12:9400000,36,leading,,36,0.85,1.0,0.0,1.0,0,0,0,2,2,0,0.0067237853072583675,0.05606250837445259,0.0,nan,0.0,0.0,nan,0.0,0,nan,0.0,1.0,0.0,0.15708473324775696,0.20926320552825928,2,2,nan,nan
3200001,OP12,9400000,OP12:9400000,37,leading,,37,0.8458333333333333,1.0,0.0,1.0,0,0,0,2,2,0,0.006624460220336914,0.05606088042259216,0.0,nan,0.0,0.0,nan,0.0,0,nan,0.0,1.0,0.0,0.20711994171142578,0.2605917155742645,2,2,nan,nan
3200001,OP12,9400000,OP12:9400000,38,leading,,38,0.8416666666666667,1.0,0.0,1.0,0,0,0,2,2,0,0.006525230593979359,0.05605942755937576,0.0,nan,0.0,0.0,nan,0.0,0,nan,0.0,1.0,0.0,0.25873100757598877,0.31297704577445984,2,2,nan,nan
3200001,OP12,9400000,OP12:9400000,39,leading,,39,0.8375,1.0,0.0,1.0,0,0,0,1,2,1,0.006425905041396618,0.0560581311583519,0.0,nan,0.0,0.0,nan,0.0,1,nan,1.0,1.0,0.0,0.3111346364021301,0.3659656047821045,2,2,nan,nan
3200001,OP12,9400000,OP12:9400000,40,leading,,40,0.8333333333333334,1.0,0.0,1.0,0,0,0,1,2,2,0.006326579954475164,0.056057024747133255,0.0,nan,0.0,0.0,nan,0.0,1,nan,1.0,1.0,0.0,0.3639887273311615,0.4193287789821625,2,2,nan,nan
3200001,OP12,9400000,OP12:9400000,41,leading,,41,0.8291666666666666,1.0,0.0,1.0,0,0,0,1,2,2,0.006227254867553711,0.05605608969926834,0.0,nan,0.0,0.0,nan,0.0,1,nan,1.0,1.0,0.0,0.4171220660209656,0.47293978929519653,2,2,nan,nan
3200001,OP12,9400000,OP12:9400000,42,leading,,42,0.825,1.0,0.0,1.0,0,0,0,1,2,2,0.006128072738647461,0.05605534836649895,0.0,nan,0.0,0.0,nan,0.0,1,nan,1.0,1.0,0.0,0.4704400897026062,0.5267229676246643,2,2,nan,nan
3200001,OP12,9400000,OP12:9400000,43,leading,,43,0.8208333333333333,1.0,0.0,1.0,0,0,0,1,2,2,0.0060287476517260075,0.056054770946502686,0.0,nan,0.0,0.0,nan,0.0,1,nan,1.0,1.0,0.0,0.5238863229751587,0.5806304216384888,2,2,nan,nan
3200001,OP12,9400000,OP12:9400000,44,leading,,44,0.8166666666666667,1.0,0.0,1.0,0,0,1,1,2,2,0.005929470062255859,0.05605437234044075,0.0,nan,0.0,0.0,nan,0.0,0,nan,0.0,1.0,0.0,0.5774252414703369,0.634630560874939,2,2,nan,nan
3200001,OP12,9400000,OP12:9400000,45,leading,,45,0.8125,1.0,0.0,1.0,0,0,1,1,2,2,0.05471854284405708,0.05477511137723923,0.0,nan,0.0,0.0,nan,0.0,0,nan,0.0,1.0,0.0,0.6310333013534546,0.6887015104293823,2,2,nan,nan
3200001,OP12,9400000,OP12:9400000,46,leading,dropped_the_flag|tagged_while_carrying,46,0.8083333333333333,1.0,0.0,1.0,1,0,1,0,2,2,0.05858311802148819,0.10311410576105118,1.0,0.03841833397746086,1.0,1.0,0.10311410576105118,0.0,1,0.03841833397746086,1.0,0.0,0.0,0.5954562425613403,0.6396359205245972,2,2,-0.06469577178359032,0.0
3200001,OP12,9400000,OP12:9400000,47,leading,,47,0.8041666666666667,1.0,0.0,1.0,0,0,2,0,2,2,0.008045673370361328,0.16874097287654877,0.0,nan,0.0,0.0,nan,0.0,0,nan,0.0,0.0,0.0,0.5481579899787903,0.5851858854293823,2,2,nan,nan
3200001,OP12,9400000,OP12:9400000,48,leading,,48,0.8,1.0,0.0,1.0,0,0,2,0,2,2,0.03136320039629936,0.18350687623023987,0.0,nan,0.0,0.0,nan,0.0,0,nan,0.0,0.0,0.0,0.5022013783454895,0.5307358503341675,2,2,nan,nan
3200001,OP12,9400000,OP12:9400000,49,leading,,49,0.7958333333333334,1.0,0.0,1.0,0,0,2,0,1,2,0.030185699462890625,0.1834235042333603,0.0,nan,0.0,0.0,nan,0.0,0,nan,0.0,0.0,0.0,0.4579903483390808,0.476285845041275,2,2,nan,nan
3200001,OP12,9400000,OP12:9400000,50,leading,,50,0.7916666666666666,1.0,0.0,1.0,0,0,2,0,1,2,0.02900824509561062,0.18334773182868958,0.0,nan,0.0,0.0,nan,0.0,0,nan,0.0,0.0,0.0,0.416081964969635,0.4218358099460602,2,2,nan,nan
3200001,OP12,9400000,OP12:9400000,51,leading,,51,0.7875,1.0,0.0,1.0,0,0,2,0,1,1,0.02783074416220188,0.18327955901622772,0.0,nan,0.0,0.0,nan,0.0,0,nan,0.0,0.0,0.0,0.377244234085083,0.3673858046531677,2,2,nan,nan
3200001,OP12,9400000,OP12:9400000,52,leading,,52,0.7833333333333333,1.0,0.0,1.0,0,0,2,0,0,1,0.026653194800019264,0.18321898579597473,0.0,nan,0.0,0.0,nan,0.0,0,nan,0.0,0.0,0.0,0.3425232768058777,0.3129357695579529,2,2,nan,nan
3200001,OP12,9400000,OP12:9400000,53,leading,,53,0.7791666666666667,1.0,0.0,1.0,0,0,2,0,0,1,0.025475692003965378,0.18316605687141418,0.0,nan,0.0,0.0,nan,0.0,0,nan,0.0,0.0,0.0,0.31329092383384705,0.2584857642650604,2,2,nan,nan
3200001,OP12,9400000,OP12:9400000,54,leading,,54,0.775,1.0,0.0,1.0,0,0,2,0,0,0,0.02429819107055664,0.1831207573413849,0.0,nan,0.0,0.0,nan,0.0,0,nan,0.0,0.0,0.0,0.2912047505378723,0.20403575897216797,2,2,nan,nan
3200001,OP12,9400000,OP12:9400000,55,leading,,55,0.7708333333333334,1.0,0.0,1.0,0,0,2,0,0,0,0.023120690137147903,0.18308307230472565,0.0,nan,0.0,0.0,nan,0.0,0,nan,0.0,0.0,0.0,0.27797335386276245,0.14958573877811432,2,2,nan,nan
3200001,OP12,9400000,OP12:9400000,56,leading,,56,0.7666666666666666,1.0,0.0,1.0,0,0,1,0,0,0,0.021943187341094017,0.18305303156375885,0.0,nan,0.0,0.0,nan,0.0,0,nan,0.0,0.0,0.0,0.27487850189208984,0.09513573348522186,2,2,nan,nan
3200001,OP12,9400000,OP12:9400000,57,leading,,57,0.7625,1.0,0.0,1.0,0,0,1,0,0,0,0.07044963538646698,0.14727221429347992,0.0,nan,0.0,0.0,nan,0.0,0,nan,0.0,0.0,0.0,0.2785068154335022,0.1038641557097435,2,2,nan,nan
3200001,OP12,9400000,OP12:9400000,58,leading,,58,0.7583333333333333,1.0,0.0,1.0,0,0,1,0,0,0,0.07269473373889923,0.07576967030763626,0.0,nan,0.0,0.0,nan,0.0,0,nan,0.0,0.0,0.0,0.28163331747055054,0.15660321712493896,2,2,nan,nan
3200001,OP12,9400000,OP12:9400000,59,leading,,59,0.7541666666666667,1.0,0.0,1.0,0,0,1,0,0,0,0.0618954673409462,0.10676443576812744,0.0,nan,0.0,0.0,nan,0.0,0,nan,0.0,0.0,0.0,0.2833711504936218,0.11480458825826645,2,2,nan,nan
3200001,OP12,9400000,OP12:9400000,60,leading,,60,0.75,1.0,0.0,1.0,0,0,0,0,0,0,0.029166270047426224,0.19075307250022888,0.0,nan,0.0,0.0,nan,0.0,0,nan,0.0,0.0,0.0,0.2842333912849426,0.06035459041595459,2,2,nan,nan
3200001,OP12,9400000,OP12:9400000,61,leading,,61,0.7458333333333333,1.0,0.0,1.0,0,0,0,0,0,0,0.05539827421307564,0.25429776310920715,0.0,nan,0.0,0.0,nan,0.0,0,nan,0.0,0.0,0.0,0.2846434712409973,0.07634472101926804,2,2,nan,nan
3200001,OP12,9400000,OP12:9400000,62,leading,,62,0.7416666666666667,1.0,0.0,1.0,0,0,0,0,0,0,0.04707493633031845,0.24885912239551544,0.0,nan,0.0,0.0,nan,0.0,0,nan,0.0,0.0,0.0,0.2848350405693054,0.12603196501731873,2,2,nan,nan
3200001,OP12,9400000,OP12:9400000,63,leading,,63,0.7375,1.0,0.0,1.0,0,0,0,0,0,0,0.02022862434387207,0.23816733062267303,0.0,nan,0.0,0.0,nan,0.0,0,nan,0.0,0.0,0.0,0.2849239110946655,0.17209385335445404,2,2,nan,nan
3200001,OP12,9400000,OP12:9400000,64,leading,,64,0.7333333333333334,1.0,0.0,1.0,0,0,0,0,0,1,0.006617689039558172,0.23034235835075378,0.0,nan,0.0,0.0,nan,0.0,0,nan,0.0,0.0,0.0,0.2849649488925934,0.2219868004322052,2,2,nan,nan
3200001,OP12,9400000,OP12:9400000,65,leading,,65,0.7291666666666667,1.0,0.0,1.0,0,0,0,0,0,1,0.03346400335431099,0.22568264603614807,0.0,nan,0.0,0.0,nan,0.0,1,nan,1.0,0.0,0.0,0.2849838435649872,0.2736230790615082,2,2,nan,nan
3200001,OP12,9400000,OP12:9400000,66,leading,,66,0.725,1.0,0.0,1.0,0,0,0,0,0,1,0.06031022220849991,0.22438549995422363,0.0,nan,0.0,0.0,nan,0.0,1,nan,1.0,0.0,0.0,0.28499260544776917,0.3261757493019104,2,2,nan,nan
3200001,OP12,9400000,OP12:9400000,67,leading,,67,0.7208333333333333,1.0,0.0,1.0,0,0,0,0,0,1,0.08488104492425919,0.22192172706127167,0.0,nan,0.0,0.0,nan,0.0,1,nan,1.0,1.0,0.0,0.2849966585636139,0.37926414608955383,2,2,nan,nan
3200001,OP12,9400000,OP12:9400000,68,leading,,68,0.7166666666666667,1.0,0.0,1.0,0,0,1,0,0,2,0.08428642898797989,0.19573964178562164,0.0,nan,0.0,0.0,nan,0.0,1,nan,1.0,1.0,0.0,0.2849985957145691,0.41428256034851074,2,2,nan,nan
3200001,OP12,9400000,OP12:9400000,69,leading,,69,0.7125,1.0,0.0,1.0,0,0,1,0,0,2,0.07833437621593475,0.12767525017261505,0.0,nan,0.0,0.0,nan,0.0,1,nan,1.0,1.0,0.0,0.28499966859817505,0.45315390825271606,2,2,nan,nan
3200001,OP12,9400000,OP12:9400000,70,leading,,70,0.7083333333333333,1.0,0.0,1.0,0,0,1,0,0,2,0.10598520934581757,0.10615624487400055,0.0,nan,0.0,0.0,nan,0.0,1,nan,1.0,1.0,0.0,0.28500038385391235,0.4949711263179779,2,2,nan,nan
3200001,OP12,9400000,OP12:9400000,71,leading,,71,0.7041666666666666,1.0,0.0,1.0,0,0,1,0,0,2,0.13363608717918396,0.16043446958065033,0.0,nan,0.0,0.0,nan,0.0,1,nan,1.0,1.0,0.0,0.28500276803970337,0.45144420862197876,2,2,nan,nan
3200001,OP12,9400000,OP12:9400000,72,leading,,72,0.7,1.0,0.0,1.0,0,0,1,0,0,1,0.1095428466796875,0.22338540852069855,0.0,nan,0.0,0.0,nan,0.0,1,nan,1.0,1.0,0.0,0.28500616550445557,0.3969942033290863,2,2,nan,nan
3200001,OP12,9400000,OP12:9400000,73,leading,,73,0.6958333333333333,1.0,0.0,1.0,0,0,1,0,0,1,0.08544965088367462,0.31250232458114624,0.0,nan,0.0,0.0,nan,0.0,1,nan,1.0,1.0,0.0,0.28500884771347046,0.34254422783851624,2,2,nan,nan
3200001,OP12,9400000,OP12:9400000,74,leading,,74,0.6916666666666667,1.0,0.0,1.0,0,0,2,0,0,1,0.061356496065855026,0.4111073613166809,0.0,nan,0.0,0.0,nan,0.0,1,nan,1.0,0.0,0.0,0.2850083112716675,0.2880942225456238,2,2,nan,nan
3200001,OP12,9400000,OP12:9400000,75,leading,,75,0.6875,1.0,0.0,1.0,0,0,2,0,0,1,0.0004555702325887978,0.45073550939559937,0.0,nan,0.0,0.0,nan,0.0,1,nan,1.0,0.0,0.0,0.28500357270240784,0.23364420235157013,2,2,nan,nan
3200001,OP12,9400000,OP12:9400000,76,leading,,76,0.6833333333333333,1.0,0.0,1.0,0,0,2,0,0,1,0.02466731145977974,0.43446046113967896,0.0,nan,0.0,0.0,nan,0.0,1,nan,1.0,0.0,0.0,0.28499677777290344,0.17919421195983887,2,2,nan,nan
3200001,OP12,9400000,OP12:9400000,77,leading,,77,0.6791666666666667,1.0,0.0,1.0,0,0,2,0,0,1,0.02828974649310112,0.43425288796424866,0.0,nan,0.0,0.0,nan,0.0,1,nan,1.0,0.0,0.0,0.2849918603897095,0.12474419921636581,2,2,nan,nan
3200001,OP12,9400000,OP12:9400000,78,leading,,78,0.675,1.0,0.0,1.0,0,0,1,0,0,1,0.03191203996539116,0.4340759217739105,0.0,nan,0.0,0.0,nan,0.0,1,nan,1.0,0.0,0.0,0.28499141335487366,0.07029419392347336,2,2,nan,nan
3200001,OP12,9400000,OP12:9400000,79,leading,,79,0.6708333333333334,1.0,0.0,1.0,0,0,1,0,0,1,0.08174152672290802,0.3856314718723297,0.0,nan,0.0,0.0,nan,0.0,1,nan,1.0,0.0,0.0,0.2849947512149811,0.08365899324417114,2,2,nan,nan
3200001,OP12,9400000,OP12:9400000,80,leading,,80,0.6666666666666667,1.0,0.0,1.0,0,0,1,0,0,0,0.08183564990758896,0.2805647850036621,0.0,nan,0.0,0.0,nan,0.0,1,nan,1.0,0.0,0.0,0.28499919176101685,0.13455995917320251,2,2,nan,nan
3200001,OP12,9400000,OP12:9400000,81,leading,,81,0.6625,1.0,0.0,1.0,0,0,1,0,0,0,0.07302770763635635,0.17571598291397095,0.0,nan,0.0,0.0,nan,0.0,1,nan,1.0,0.0,0.0,0.28500229120254517,0.1851746290922165,2,2,nan,nan
3200001,OP12,9400000,OP12:9400000,82,leading,,82,0.6583333333333333,1.0,0.0,1.0,0,0,1,0,0,0,0.06421966850757599,0.08218115568161011,0.0,nan,0.0,0.0,nan,0.0,1,nan,1.0,0.0,0.0,0.285003125667572,0.2374921292066574,2,2,nan,nan
3200001,OP12,9400000,OP12:9400000,83,leading,,83,0.6541666666666667,1.0,0.0,1.0,0,0,1,0,0,0,0.05541171878576279,0.07968392223119736,0.0,nan,0.0,0.0,nan,0.0,1,nan,1.0,0.0,0.0,0.28500157594680786,0.23193688690662384,2,2,nan,nan
3200001,OP12,9400000,OP12:9400000,84,leading,,84,0.65,1.0,0.0,1.0,0,0,1,0,0,0,0.04660367965698242,0.1722307652235031,0.0,nan,0.0,0.0,nan,0.0,1,nan,1.0,0.0,0.0,0.28499841690063477,0.1774868667125702,2,2,nan,nan
3200001,OP12,9400000,OP12:9400000,85,leading,,85,0.6458333333333333,1.0,0.0,1.0,0,0,1,0,0,0,0.03779583051800728,0.2769395709037781,0.0,nan,0.0,0.0,nan,0.0,1,nan,1.0,0.0,0.0,0.28499501943588257,0.12303687632083893,2,2,nan,nan
3200001,OP12,9400000,OP12:9400000,86,leading,,86,0.6416666666666666,1.0,0.0,1.0,0,0,0,0,0,1,0.028987979516386986,0.3839866518974304,0.0,nan,0.0,0.0,nan,0.0,1,nan,1.0,0.0,0.0,0.28499335050582886,0.06858687847852707,2,2,nan,nan
3200001,OP12,9400000,OP12:9400000,87,leading,,87,0.6375,1.0,0.0,1.0,0,0,0,0,0,1,0.07810111343860626,0.45492124557495117,0.0,nan,0.0,0.0,nan,0.0,1,nan,1.0,0.0,0.0,0.28499478101730347,0.08236347138881683,2,2,nan,nan
3200001,OP12,9400000,OP12:9400000,88,leading,,88,0.6333333333333333,1.0,0.0,1.0,0,0,0,0,0,1,0.09509964287281036,0.4621957838535309,0.0,nan,0.0,0.0,nan,0.0,1,nan,1.0,0.0,0.0,0.28499898314476013,0.1341971755027771,2,2,nan,nan
3200001,OP12,9400000,OP12:9400000,89,leading,,89,0.6291666666666667,1.0,0.0,1.0,0,0,1,0,0,1,0.11209817230701447,0.4700092673301697,0.0,nan,0.0,0.0,nan,0.0,1,nan,1.0,0.0,0.0,0.2850037217140198,0.18751968443393707,2,2,nan,nan
3200001,OP12,9400000,OP12:9400000,90,leading,,90,0.625,1.0,0.0,1.0,0,0,1,0,0,1,0.028653526678681374,0.390868216753006,0.0,nan,0.0,0.0,nan,0.0,1,nan,1.0,0.0,0.0,0.2850063443183899,0.2306102067232132,2,2,nan,nan
3200001,OP12,9400000,OP12:9400000,91,leading,,91,0.6208333333333333,1.0,0.0,1.0,0,0,1,0,0,1,0.010774517431855202,0.2826009690761566,0.0,nan,0.0,0.0,nan,0.0,1,nan,1.0,0.0,0.0,0.285005658864975,0.2777194678783417,2,2,nan,nan
3200001,OP12,9400000,OP12:9400000,92,leading,,92,0.6166666666666667,1.0,0.0,1.0,0,0,1,0,0,1,0.008711528964340687,0.1749650537967682,0.0,nan,0.0,0.0,nan,0.0,1,nan,1.0,0.0,0.0,0.28500235080718994,0.32711583375930786,2,2,nan,nan
3200001,OP12,9400000,OP12:9400000,93,leading,,93,0.6125,1.0,0.0,1.0,0,0,1,0,0,1,0.0066484929993748665,0.06742919236421585,0.0,nan,0.0,0.0,nan,0.0,1,nan,1.0,1.0,0.0,0.28499841690063477,0.37790343165397644,2,2,nan,nan
3200001,OP12,9400000,OP12:9400000,94,leading,,94,0.6083333333333334,1.0,0.0,1.0,0,0,1,0,0,1,0.0045855045318603516,0.04080526530742645,0.0,nan,0.0,0.0,nan,0.0,1,nan,1.0,1.0,0.0,0.2849958539009094,0.38879042863845825,2,2,nan,nan
3200001,OP12,9400000,OP12:9400000,95,leading,,95,0.6041666666666667,1.0,0.0,1.0,0,0,1,0,0,1,0.005700015928596258,0.17189785838127136,0.0,nan,0.0,0.0,nan,0.0,1,nan,1.0,0.0,0.0,0.28499576449394226,0.3343404531478882,2,2,nan,nan
3200001,OP12,9400000,OP12:9400000,96,leading,,96,0.6,1.0,0.0,1.0,0,0,1,0,0,1,0.00687718391418457,0.27967971563339233,0.0,nan,0.0,0.0,nan,0.0,1,nan,1.0,0.0,0.0,0.28499820828437805,0.2798904776573181,2,2,nan,nan
3200001,OP12,9400000,OP12:9400000,97,leading,,97,0.5958333333333333,1.0,0.0,1.0,0,0,1,0,0,1,0.008054351434111595,0.38747066259384155,0.0,nan,0.0,0.0,nan,0.0,1,nan,1.0,0.0,0.0,0.2850019633769989,0.22544047236442566,2,2,nan,nan
3200001,OP12,9400000,OP12:9400000,98,leading,,98,0.5916666666666667,1.0,0.0,1.0,0,0,1,0,0,1,0.009231614880263805,0.49526485800743103,0.0,nan,0.0,0.0,nan,0.0,1,nan,1.0,0.0,0.0,0.2850051522254944,0.1709904670715332,2,2,nan,nan
3200001,OP12,9400000,OP12:9400000,99,leading,,99,0.5875,1.0,0.0,1.0,1,0,1,0,0,1,0.00927128829061985,0.5956802368164062,1.0,0.18517054617404938,0.0,0.0,0.5956802368164062,1.0,1,0.7639142870903015,1.0,0.0,0.0,0.28500592708587646,0.11654045432806015,2,2,0.16823405027389526,1.0
3200001,OP12,9400000,OP12:9400000,100,leading,,100,0.5833333333333333,1.0,0.0,1.0,1,0,0,0,0,1,0.055852510035037994,0.660851776599884,1.0,0.14831766486167908,1.0,0.0,0.660851776599884,1.0,1,0.7931928038597107,1.0,0.0,0.0,0.2850037217140198,0.06209045648574829,2,2,0.13234102725982666,1.0
3200001,OP12,9400000,OP12:9400000,101,leading,,101,0.5791666666666666,1.0,0.0,1.0,1,0,0,0,0,1,0.016609573736786842,0.6057416796684265,1.0,0.05915326997637749,1.0,0.0,0.6057416796684265,1.0,1,0.7529527544975281,1.0,0.0,0.0,0.2849995493888855,0.0775800496339798,2,2,0.14721107482910156,1.0
3200001,OP12,9400000,OP12:9400000,102,leading,,102,0.575,1.0,0.0,1.0,1,0,0,0,0,1,0.0057329656556248665,0.49719351530075073,1.0,0.04062884300947189,1.0,0.0,0.49719351530075073,1.0,1,0.702816367149353,1.0,0.0,0.0,0.2849957048892975,0.1275065839290619,2,2,0.2056228518486023,1.0
3200001,OP12,9400000,OP12:9400000,103,leading,,103,0.5708333333333333,1.0,0.0,1.0,1,0,0,0,0,1,2.6226043701171875e-06,0.3885042071342468,1.0,0.08818118274211884,1.0,0.0,0.3885042071342468,1.0,1,0.6533734798431396,1.0,0.0,0.0,0.2849941849708557,0.1787787526845932,2,2,0.2648692727088928,1.0
3200001,OP12,9400000,OP12:9400000,104,leading,,104,0.5666666666666667,1.0,0.0,1.0,1,0,0,0,0,1,0.005109882447868586,0.27989092469215393,1.0,0.11351247131824493,1.0,0.0,0.27989092469215393,1.0,1,0.6047922372817993,1.0,0.0,0.0,0.2849957346916199,0.23136630654335022,2,2,0.3249013125896454,1.0
3200001,OP12,9400000,OP12:9400000,105,leading,,105,0.5625,1.0,0.0,1.0,1,0,0,0,0,1,0.009223556146025658,0.17144174873828888,1.0,0.11434394121170044,1.0,1.0,0.17144174873828888,0.0,1,0.5572957992553711,1.0,0.0,0.0,0.28499937057495117,0.2844638228416443,2,2,0.3858540505170822,1.0
3200001,OP12,9400000,OP12:9400000,106,leading,,106,0.5583333333333333,1.0,0.0,1.0,1,0,0,0,0,0,0.011401891708374023,0.06364212930202484,1.0,0.11502423137426376,1.0,1.0,0.06364212930202484,0.0,1,0.511185348033905,1.0,1.0,0.0,0.285003125667572,0.3376379609107971,2,2,0.4475432187318802,1.0
3200001,OP12,9400000,OP12:9400000,107,leading,,107,0.5541666666666667,1.0,0.0,1.0,1,0,0,0,0,0,0.028910255059599876,0.07767836004495621,1.0,0.14053019881248474,1.0,1.0,0.07767836004495621,0.0,1,0.4436165392398834,1.0,0.0,0.0,0.285005122423172,0.3201189637184143,2,2,0.3659381791949272,1.0
3200001,OP12,9400000,OP12:9400000,108,leading,,108,0.55,1.0,0.0,1.0,1,0,0,0,0,1,0.004958200268447399,0.1455184817314148,1.0,0.14020095765590668,1.0,1.0,0.1455184817314148,0.0,1,0.4033239483833313,1.0,0.0,0.0,0.28500431776046753,0.26566895842552185,2,2,0.2578054666519165,1.0
3200001,OP12,9400000,OP12:9400000,109,leading,,109,0.5458333333333334,1.0,0.0,1.0,1,0,0,0,0,0,0.04402322694659233,0.17203153669834137,1.0,0.13981203734874725,1.0,1.0,0.17203153669834137,0.0,1,0.36670753359794617,1.0,0.0,0.0,0.28500112891197205,0.2112189531326294,2,2,0.1946759968996048,1.0
3200001,OP12,9400000,OP12:9400000,110,leading,,110,0.5416666666666667,1.0,0.0,1.0,1,0,0,1,1,0,0.026182938367128372,0.1700044572353363,1.0,0.13939009606838226,1.0,1.0,0.1700044572353363,0.0,1,0.3349764347076416,1.0,0.0,0.0,0.28499719500541687,0.15676894783973694,2,2,0.1649719774723053,1.0
3200001,OP12,9400000,OP12:9400000,111,leading,,111,0.5375,1.0,0.0,1.0,1,0,0,1,1,0,0.024865198880434036,0.14812514185905457,1.0,0.2093803882598877,0.0,1.0,0.14812514185905457,0.0,1,0.3096366226673126,1.0,0.0,0.0,0.28499460220336914,0.10231892019510269,2,2,0.16151148080825806,1.0
3200001,OP12,9400000,OP12:9400000,112,leading,,112,0.5333333333333333,1.0,0.0,1.0,1,0,0,1,1,0,0.01181859988719225,0.14713099598884583,1.0,0.2923545241355896,0.0,1.0,0.14713099598884583,0.0,1,0.2923545241355896,1.0,0.0,0.0,0.2849947512149811,0.04786892607808113,2,2,0.14522352814674377,1.0
3200001,OP12,9400000,OP12:9400000,113,leading,,113,0.5291666666666667,2.0,0.0,2.0,0,0,0,1,1,0,0.005296373274177313,0.12236648797988892,0.0,nan,0.0,0.0,nan,0.0,1,nan,1.0,0.0,0.0,0.26976343989372253,0.01792142353951931,2,2,nan,nan
3200001,OP12,9400000,OP12:9400000,114,leading,,114,0.525,2.0,0.0,2.0,0,0,0,1,1,0,0.012932682409882545,0.16137227416038513,0.0,nan,0.0,0.0,nan,0.0,1,nan,1.0,0.0,0.0,0.2714930772781372,0.0438668355345726,2,2,nan,nan
3200001,OP12,9400000,OP12:9400000,115,leading,,115,0.5208333333333333,2.0,0.0,2.0,0,0,0,1,1,0,0.02323617972433567,0.18499381840229034,0.0,nan,0.0,0.0,nan,0.0,1,nan,1.0,0.0,0.0,0.28667396306991577,0.08257569372653961,2,2,nan,nan
3200001,OP12,9400000,OP12:9400000,116,leading,,116,0.5166666666666666,2.0,0.0,2.0,0,0,0,1,1,0,0.0426238551735878,0.18981963396072388,0.0,nan,0.0,0.0,nan,0.0,1,nan,1.0,0.0,0.0,0.31107857823371887,0.1135941594839096,2,2,nan,nan
3200001,OP12,9400000,OP12:9400000,117,leading,,117,0.5125,2.0,0.0,2.0,0,0,0,1,1,0,0.06201152876019478,0.19645920395851135,0.0,nan,0.0,0.0,nan,0.0,1,nan,1.0,0.0,0.0,0.3302935063838959,0.1578548103570938,2,2,nan,nan
3200001,OP12,9400000,OP12:9400000,118,leading,,118,0.5083333333333333,2.0,0.0,2.0,0,0,0,0,1,0,0.0584929957985878,0.19584275782108307,0.0,nan,0.0,0.0,nan,0.0,2,nan,1.0,0.0,0.0,0.3327505588531494,0.19509734213352203,2,2,nan,nan
3200001,OP12,9400000,OP12:9400000,119,leading,,119,0.5041666666666667,2.0,0.0,2.0,0,0,0,0,1,1,0.05497436597943306,0.19528894126415253,0.0,nan,0.0,0.0,nan,0.0,2,nan,1.0,0.0,0.0,0.3183136284351349,0.23903429508209229,2,2,nan,nan
3200001,OP12,9400000,OP12:9400000,120,leading,,120,0.5,2.0,0.0,2.0,0,0,0,0,1,1,0.05145583301782608,0.19479838013648987,0.0,nan,0.0,0.0,nan,0.0,2,nan,1.0,0.0,0.0,0.29835960268974304,0.28660327196121216,2,2,nan,nan
3200001,OP12,9400000,OP12:9400000,121,leading,,121,0.49583333333333335,2.0,0.0,2.0,0,0,0,0,1,1,0.04793720319867134,0.19437149167060852,0.0,nan,0.0,0.0,nan,0.0,2,nan,1.0,1.0,0.0,0.2851826548576355,0.33626633882522583,2,2,nan,nan
3200001,OP12,9400000,OP12:9400000,122,leading,,122,0.4916666666666667,2.0,0.0,2.0,0,0,1,0,1,1,0.04441867023706436,0.1940087229013443,0.0,nan,0.0,0.0,nan,0.0,1,nan,1.0,1.0,0.0,0.2822144627571106,0.3872186839580536,2,2,nan,nan
3200001,OP12,9400000,OP12:9400000,123,leading,,123,0.48750000000000004,2.0,0.0,2.0,0,0,1,0,1,2,0.08962897956371307,0.16282491385936737,0.0,nan,0.0,0.0,nan,0.0,1,nan,1.0,1.0,0.0,0.28368788957595825,0.4390115737915039,2,2,nan,nan
3200001,OP12,9400000,OP12:9400000,124,leading,,124,0.4833333333333333,2.0,0.0,2.0,0,0,1,0,1,2,0.08758363872766495,0.09204275906085968,0.0,nan,0.0,0.0,nan,0.0,1,nan,1.0,1.0,0.0,0.28438955545425415,0.4913793206214905,2,2,nan,nan
3200001,OP12,9400000,OP12:9400000,125,leading,,125,0.47916666666666663,2.0,0.0,2.0,0,0,1,0,1,2,0.07387008517980576,0.10861380398273468,0.0,nan,0.0,0.0,nan,0.0,1,nan,1.0,1.0,0.0,0.2847175598144531,0.46493902802467346,2,2,nan,nan
3200001,OP12,9400000,OP12:9400000,126,leading,,126,0.475,2.0,0.0,2.0,0,0,1,0,1,2,0.06015648692846298,0.19696322083473206,0.0,nan,0.0,0.0,nan,0.0,1,nan,1.0,1.0,0.0,0.28486964106559753,0.4104889929294586,2,2,nan,nan
3200001,OP12,9400000,OP12:9400000,127,leading,,127,0.4708333333333333,2.0,0.0,2.0,0,0,1,0,1,1,0.04644288867712021,0.299106240272522,0.0,nan,0.0,0.0,nan,0.0,1,nan,1.0,1.0,0.0,0.2849399447441101,0.35603898763656616,2,2,nan,nan
3200001,OP12,9400000,OP12:9400000,128,leading,,128,0.4666666666666667,2.0,0.0,2.0,1,0,1,0,1,1,0.032729290425777435,0.40473079681396484,1.0,0.13186612725257874,1.0,0.0,0.40473079681396484,1.0,1,0.7624002695083618,1.0,0.0,0.0,0.2849723696708679,0.3015889525413513,2,2,0.357669472694397,1.0
3200001,OP12,9400000,OP12:9400000,129,leading,,129,0.4625,2.0,0.0,2.0,1,0,1,0,1,1,0.026127099990844727,0.4556106925010681,1.0,0.20962682366371155,0.0,0.0,0.4556106925010681,1.0,1,0.7405914068222046,1.0,0.0,0.0,0.28498727083206177,0.24713893234729767,2,2,0.2849807143211365,1.0
3200001,OP12,9400000,OP12:9400000,130,leading,,130,0.45833333333333337,2.0,0.0,2.0,1,0,1,0,1,1,0.03426065295934677,0.4560878872871399,1.0,0.20320527255535126,0.0,0.0,0.4560878872871399,1.0,1,0.6881459355354309,1.0,0.0,0.0,0.2849942147731781,0.1926889270544052,2,2,0.23205804824829102,1.0
3200001,OP12,9400000,OP12:9400000,131,leading,,131,0.4541666666666667,2.0,0.0,2.0,1,0,1,0,0,1,0.03453383594751358,0.4560866355895996,1.0,0.19114956259727478,0.0,0.0,0.4560866355895996,1.0,1,0.6389597654342651,1.0,0.0,0.0,0.28499746322631836,0.13823893666267395,2,2,0.18287312984466553,1.0
3200001,OP12,9400000,OP12:9400000,132,leading,,132,0.44999999999999996,2.0,0.0,2.0,1,0,0,0,0,1,0.03480710834264755,0.4560856223106384,1.0,0.1753731220960617,1.0,0.0,0.4560856223106384,1.0,1,0.590691328048706,1.0,0.0,0.0,0.2849991023540497,0.08378893882036209,2,2,0.13460570573806763,1.0
3200001,OP12,9400000,OP12:9400000,133,leading,,133,0.4458333333333333,2.0,0.0,2.0,1,0,0,0,0,1,0.0850152000784874,0.4113336503505707,1.0,0.16099990904331207,1.0,0.0,0.4113336503505707,1.0,1,0.5435896515846252,1.0,0.0,0.0,0.28500014543533325,0.09436067193746567,2,2,0.13225600123405457,1.0
3200001,OP12,9400000,OP12:9400000,134,leading,,134,0.44166666666666665,2.0,0.0,2.0,1,0,0,0,0,1,0.08949651569128036,0.3077145218849182,1.0,0.14828355610370636,1.0,0.0,0.3077145218849182,1.0,1,0.4979873299598694,1.0,0.0,0.0,0.28500252962112427,0.14648649096488953,2,2,0.19027280807495117,1.0
3200001,OP12,9400000,OP12:9400000,135,leading,,135,0.4375,2.0,0.0,2.0,1,0,0,1,1,0,0.09397773444652557,0.20872585475444794,1.0,0.13749659061431885,1.0,1.0,0.20872585475444794,0.0,1,0.4543360769748688,1.0,0.0,0.0,0.2545289993286133,0.19985556602478027,2,2,0.24561022222042084,1.0
3200001,OP12,9400000,OP12:9400000,136,leading,,136,0.43333333333333335,2.0,0.0,2.0,1,0,0,1,1,0,0.062236882746219635,0.10543819516897202,1.0,0.06192707270383835,1.0,1.0,0.10543819516897202,0.0,1,0.41325393319129944,1.0,0.0,0.0,0.2601551413536072,0.23893952369689941,2,2,0.3078157380223274,1.0
3200001,OP12,9400000,OP12:9400000,137,leading,,137,0.4291666666666667,2.0,0.0,2.0,1,0,0,1,1,0,0.07468137890100479,0.08450907468795776,1.0,0.061960794031620026,1.0,1.0,0.08450907468795776,0.0,1,0.35180312395095825,1.0,0.0,0.0,0.28500688076019287,0.2586820125579834,2,2,0.2672940492630005,1.0
3200001,OP12,9400000,OP12:9400000,138,leading,,138,0.42500000000000004,2.0,0.0,2.0,1,0,0,1,1,0,0.049924276769161224,0.12828582525253296,1.0,0.18587052822113037,0.0,1.0,0.12828582525253296,0.0,1,0.3220054507255554,1.0,0.0,0.0,0.2850019633769989,0.20423200726509094,2,2,0.19371962547302246,1.0
3200001,OP12,9400000,OP12:9400000,139,leading,,139,0.4208333333333333,2.0,0.0,2.0,1,0,0,1,1,0,0.010271549224853516,0.21712002158164978,1.0,0.29331132769584656,0.0,1.0,0.21712002158164978,0.0,1,0.299232542514801,1.0,0.0,0.0,0.2849951386451721,0.1497820019721985,2,2,0.08211252093315125,1.0
3200001,OP12,9400000,OP12:9400000,140,leading,,140,0.41666666666666663,2.0,0.0,2.0,1,0,0,1,1,0,0.04704861715435982,0.24994413554668427,1.0,0.2851735055446625,0.0,0.0,0.24994413554668427,1.0,1,0.2851735055446625,1.0,0.0,0.0,0.28499045968055725,0.09533198922872543,2,2,0.03522936999797821,1.0
3200001,OP12,9400000,OP12:9400000,141,leading,,141,0.4125,2.0,0.0,2.0,1,0,0,1,1,0,0.03643164783716202,0.24840298295021057,1.0,0.28109365701675415,0.0,0.0,0.24840298295021057,1.0,1,0.28109365701675415,1.0,0.0,0.0,0.28499048948287964,0.04342372342944145,2,2,0.03269067406654358,1.0
3200001,OP12,9400001,OP12:9400001,0,tied,,0,1.0,0.0,0.0,0.0,0,0,0,0,0,0,0.021309733390808105,0.021603552624583244,0.0,nan,0.0,0.0,nan,0.0,2,nan,1.0,0.0,0.0,0.7202118039131165,0.09153562039136887,2,2,nan,nan
3200001,OP12,9400001,OP12:9400001,1,tied,,1,0.9958333333333333,0.0,0.0,0.0,0,0,0,0,0,0,0.06989681720733643,0.07097313553094864,0.0,nan,0.0,0.0,nan,0.0,2,nan,1.0,0.0,0.0,0.6977730989456177,0.06716112047433853,2,2,nan,nan
3200001,OP12,9400001,OP12:9400001,2,tied,,2,0.9916666666666667,0.0,0.0,0.0,0,0,0,0,0,0,0.06546933948993683,0.06672905385494232,0.0,nan,0.0,0.0,nan,0.0,2,nan,1.0,0.0,0.0,0.653340756893158,0.09192304313182831,2,2,nan,nan
3200001,OP12,9400001,OP12:9400001,3,tied,,3,0.9875,0.0,0.0,0.0,0,0,0,0,0,0,0.06054992601275444,0.06205010414123535,0.0,nan,0.0,0.0,nan,0.0,2,nan,1.0,0.0,0.0,0.6072512865066528,0.135867178440094,2,2,nan,nan
3200001,OP12,9400001,OP12:9400001,4,tied,,4,0.9833333333333333,0.0,0.0,0.0,0,0,0,0,0,0,0.05563046783208847,0.05741884186863899,0.0,nan,0.0,0.0,nan,0.0,2,nan,1.0,0.0,0.0,0.5621337294578552,0.18547114729881287,2,2,nan,nan
3200001,OP12,9400001,OP12:9400001,5,tied,,5,0.9791666666666666,0.0,0.0,0.0,0,0,0,0,0,0,0.07601764053106308,0.08254033327102661,0.0,nan,0.0,0.0,nan,0.0,2,nan,1.0,0.0,0.0,0.5182422399520874,0.23981797695159912,2,2,nan,nan
3200001,OP12,9400001,OP12:9400001,6,tied,,6,0.975,0.0,0.0,0.0,0,0,0,0,0,0,0.04511742666363716,0.05413633584976196,0.0,nan,0.0,0.0,nan,0.0,2,nan,1.0,0.0,0.0,0.47591596841812134,0.2825790047645569,2,2,nan,nan
3200001,OP12,9400001,OP12:9400001,7,tied,,7,0.9708333333333333,0.0,0.0,0.0,0,0,0,0,0,0,0.03706209734082222,0.08111691474914551,0.0,nan,0.0,0.0,nan,0.0,2,nan,1.0,0.0,0.0,0.4356114864349365,0.31134307384490967,2,2,nan,nan
3200001,OP12,9400001,OP12:9400001,8,tied,,8,0.9666666666666667,0.0,0.0,0.0,0,0,0,0,0,1,0.002020883606746793,0.06868331879377365,0.0,nan,0.0,0.0,nan,0.0,2,nan,1.0,0.0,0.0,0.39794355630874634,0.3581196367740631,2,2,nan,nan
3200001,OP12,9400001,OP12:9400001,9,tied,,9,0.9625,0.0,0.0,0.0,0,0,0,0,0,1,0.004090213682502508,0.06824935227632523,0.0,nan,0.0,0.0,nan,0.0,2,nan,1.0,0.0,0.0,0.363732248544693,0.40681010484695435,2,2,nan,nan
3200001,OP12,9400001,OP12:9400001,10,tied,,10,0.9583333333333334,0.0,0.0,0.0,0,0,0,0,0,2,0.006159591488540173,0.067879818379879,0.0,nan,0.0,0.0,nan,0.0,2,nan,1.0,1.0,0.0,0.3340412676334381,0.4568028450012207,2,2,nan,nan
3200001,OP12,9400001,OP12:9400001,11,tied,,11,0.9541666666666667,0.0,0.0,0.0,0,0,0,0,0,2,0.008228969760239124,0.06757577508687973,0.0,nan,0.0,0.0,nan,0.0,2,nan,1.0,1.0,0.0,0.31017154455184937,0.5077133774757385,2,2,nan,nan
3200001,OP12,9400001,OP12:9400001,12,tied,,12,0.95,0.0,0.0,0.0,0,0,0,0,0,2,0.010298395529389381,0.06733812391757965,0.0,nan,0.0,0.0,nan,0.0,2,nan,1.0,1.0,0.0,0.29354649782180786,0.5592910647392273,2,2,nan,nan
3200001,OP12,9400001,OP12:9400001,13,tied,,13,0.9458333333333333,0.0,0.0,0.0,0,0,0,0,0,2,0.012367725372314453,0.06716752797365189,0.0,nan,0.0,0.0,nan,0.0,2,nan,1.0,1.0,0.0,0.261913001537323,0.6113671064376831,2,2,nan,nan
3200001,OP12,9400001,OP12:9400001,14,tied,,14,0.9416666666666667,0.0,0.0,0.0,1,0,0,0,0,2,0.010997486300766468,0.054140377789735794,1.0,0.4931045472621918,0.0,1.0,0.054140377789735794,0.0,2,0.4931045472621918,1.0,1.0,0.0,0.23158617317676544,0.663824200630188,2,2,0.438964169472456,1.0
3200001,OP12,9400001,OP12:9400001,15,tied,,15,0.9375,0.0,0.0,0.0,1,0,0,0,0,2,0.05833129957318306,0.0676402896642685,1.0,0.554273247718811,0.0,1.0,0.0676402896642685,0.0,2,0.554273247718811,1.0,1.0,0.0,0.20977666974067688,0.6929835081100464,2,2,0.48663295805454254,1.0
3200001,OP12,9400001,OP12:9400001,16,tied,,16,0.9333333333333333,0.0,0.0,0.0,1,0,0,0,0,2,0.044089414179325104,0.057781197130680084,1.0,0.554884135723114,0.0,1.0,0.057781197130680084,0.0,2,0.554884135723114,1.0,1.0,0.0,0.19930054247379303,0.6780439019203186,2,2,0.49710293859243393,1.0
3200001,OP12,9400001,OP12:9400001,17,tied,,17,0.9291666666666667,0.0,0.0,0.0,1,0,0,0,0,2,0.0103928092867136,0.07958702743053436,1.0,0.5340237617492676,0.0,1.0,0.07958702743053436,0.0,2,0.5340237617492676,1.0,1.0,0.0,0.14808139204978943,0.6235938668251038,2,2,0.4544367343187332,1.0
3200001,OP12,9400001,OP12:9400001,18,tied,,18,0.925,0.0,0.0,0.0,1,0,0,0,0,2,0.008027601055800915,0.0923127606511116,1.0,0.5085060596466064,0.0,1.0,0.0923127606511116,0.0,2,0.5085060596466064,1.0,1.0,0.0,0.09640759229660034,0.5691438913345337,2,2,0.41619329899549484,1.0
3200001,OP12,9400001,OP12:9400001,19,tied,,19,0.9208333333333334,0.0,0.0,0.0,1,1,0,0,0,2,0.00855550728738308,0.09649837017059326,1.0,0.4842110276222229,0.0,1.0,0.09649837017059326,0.0,2,0.4842110276222229,1.0,1.0,1.0,0.0,0.4842110276222229,2,2,0.38771265745162964,1.0
3200001,OP12,9400001,OP12:9400001,20,tied,,20,0.9166666666666666,0.0,0.0,0.0,1,1,0,0,0,2,0.008795976638793945,0.09840496629476547,1.0,0.4003181457519531,0.0,1.0,0.09840496629476547,0.0,2,0.4003181457519531,1.0,1.0,1.0,0.0,0.4003181457519531,2,2,0.30191317945718765,1.0
3200001,OP12,9400001,OP12:9400001,21,tied,,21,0.9125,0.0,0.0,0.0,1,1,0,0,0,2,0.008905458264052868,0.0992734283208847,1.0,0.29442858695983887,0.0,1.0,0.0992734283208847,0.0,2,0.29442858695983887,1.0,1.0,1.0,0.0,0.29442858695983887,2,2,0.19515515863895416,1.0
3200001,OP12,9400001,OP12:9400001,22,tied,,22,0.9083333333333333,0.0,0.0,0.0,1,1,0,0,0,1,0.0089553352445364,0.09966904670000076,1.0,0.18897143006324768,0.0,1.0,0.09966904670000076,0.0,2,0.18897143006324768,1.0,1.0,1.0,0.0,0.18897143006324768,2,2,0.08930238336324692,1.0
3200001,OP12,9400001,OP12:9400001,23,tied,,23,0.9041666666666667,0.0,0.0,0.0,1,0,0,1,1,0,0.008978080935776234,0.09984922409057617,1.0,0.1014103889465332,1.0,1.0,0.09984922409057617,0.0,1,0.4200526773929596,1.0,1.0,0.0,0.20810671150684357,0.2968938946723938,2,2,0.3202034533023834,1.0
3200001,OP12,9400001,OP12:9400001,24,tied,,24,0.9,0.0,0.0,0.0,1,0,0,1,1,0,0.03293976932764053,0.11166024208068848,1.0,0.08308368921279907,1.0,1.0,0.11166024208068848,0.0,1,0.32226935029029846,1.0,0.0,0.0,0.2694796025753021,0.23430562019348145,2,2,0.21060910820960999,1.0
3200001,OP12,9400001,OP12:9400001,25,tied,,25,0.8958333333333334,0.0,0.0,0.0,1,0,0,1,1,0,0.01638012006878853,0.11033459007740021,1.0,0.14754465222358704,1.0,1.0,0.11033459007740021,0.0,1,0.2532568573951721,1.0,0.0,0.0,0.22750818729400635,0.17985564470291138,2,2,0.1429222673177719,1.0
3200001,OP12,9400001,OP12:9400001,26,tied,,26,0.8916666666666666,0.0,0.0,0.0,1,0,0,1,1,0,0.00779957789927721,0.1099899411201477,1.0,0.18548697233200073,0.0,1.0,0.1099899411201477,0.0,1,0.18548697233200073,1.0,0.0,0.0,0.1764155924320221,0.12540562450885773,2,2,0.07549703121185303,1.0
3200001,OP12,9400001,OP12:9400001,27,tied,,27,0.8875,0.0,0.0,0.0,1,0,0,1,1,0,0.0034414767287671566,0.10990176349878311,1.0,0.12496718019247055,1.0,1.0,0.10990176349878311,0.0,1,0.12496718019247055,1.0,0.0,0.0,0.12474177032709122,0.07095561921596527,2,2,0.015065416693687439,1.0
3200001,OP12,9400001,OP12:9400001,28,tied,,28,0.8833333333333333,0.0,0.0,0.0,1,0,0,1,1,0,0.0013837814331054688,0.09406846761703491,1.0,0.07110017538070679,1.0,1.0,0.09406846761703491,0.0,1,0.07110017538070679,1.0,0.0,0.0,0.07306794822216034,0.032320283353328705,2,2,-0.022968292236328125,0.0
3200001,OP12,9400001,OP12:9400001,29,leading,,29,0.8791666666666667,1.0,0.0,1.0,0,0,0,2,2,0,0.07773943245410919,0.1291823387145996,0.0,nan,0.0,0.0,nan,0.0,0,nan,0.0,0.0,0.0,0.05899111554026604,0.030737468972802162,2,2,nan,nan
3200001,OP12,9400001,OP12:9400001,30,leading,,30,0.875,1.0,0.0,1.0,0,0,0,2,2,0,0.137569859623909,0.2254701405763626,0.0,nan,0.0,0.0,nan,0.0,0,nan,0.0,0.0,0.0,0.04516848176717758,0.054736483842134476,2,2,nan,nan
3200001,OP12,9400001,OP12:9400001,31,leading,,31,0.8708333333333333,1.0,0.0,1.0,0,0,0,2,2,0,0.2206137478351593,0.3025694489479065,0.0,nan,0.0,0.0,nan,0.0,0,nan,0.0,0.0,0.0,0.09393243491649628,0.10536974668502808,2,2,nan,nan
3200001,OP12,9400001,OP12:9400001,32,leading,,32,0.8666666666666667,1.0,0.0,1.0,0,0,0,1,2,0,0.24408693611621857,0.31420883536338806,0.0,nan,0.0,0.0,nan,0.0,1,nan,1.0,0.0,0.0,0.14473003149032593,0.11354489624500275,2,2,nan,nan
3200001,OP12,9400001,OP12:9400001,33,leading,,33,0.8625,1.0,0.0,1.0,0,0,0,1,2,0,0.2210131585597992,0.2955041527748108,0.0,nan,0.0,0.0,nan,0.0,1,nan,1.0,0.0,0.0,0.19598627090454102,0.1435677707195282,2,2,nan,nan
3200001,OP12,9400001,OP12:9400001,34,leading,,34,0.8583333333333334,1.0,0.0,1.0,0,0,0,1,2,0,0.1979394257068634,0.27746865153312683,0.0,nan,0.0,0.0,nan,0.0,1,nan,1.0,0.0,0.0,0.24741630256175995,0.1850961148738861,2,2,nan,nan
3200001,OP12,9400001,OP12:9400001,35,leading,,35,0.8541666666666666,1.0,0.0,1.0,0,0,0,1,2,1,0.1748656928539276,0.2602415084838867,0.0,nan,0.0,0.0,nan,0.0,1,nan,1.0,0.0,0.0,0.29893046617507935,0.23203244805335999,2,2,nan,nan
3200001,OP12,9400001,OP12:9400001,36,leading,,36,0.85,1.0,0.0,1.0,0,0,0,1,2,1,0.15179196000099182,0.24399395287036896,0.0,nan,0.0,0.0,nan,0.0,1,nan,1.0,0.0,0.0,0.35049161314964294,0.2816862165927887,2,2,nan,nan
3200001,OP12,9400001,OP12:9400001,37,leading,,37,0.8458333333333333,1.0,0.0,1.0,0,0,0,1,2,1,0.12871822714805603,0.22893469035625458,0.0,nan,0.0,0.0,nan,0.0,1,nan,1.0,0.0,0.0,0.4020816683769226,0.332843542098999,2,2,nan,nan
3200001,OP12,9400001,OP12:9400001,38,leading,,38,0.8416666666666667,1.0,0.0,1.0,0,0,1,1,2,1,0.10564446449279785,0.2153131514787674,0.0,nan,0.0,0.0,nan,0.0,0,nan,0.0,0.0,0.0,0.45369085669517517,0.38490530848503113,2,2,nan,nan
3200001,OP12,9400001,OP12:9400001,39,leading,,39,0.8375,1.0,0.0,1.0,0,0,1,1,2,1,0.035742856562137604,0.24362416565418243,0.0,nan,0.0,0.0,nan,0.0,0,nan,0.0,0.0,0.0,0.4258485436439514,0.3802143633365631,2,2,nan,nan
3200001,OP12,9400001,OP12:9400001,40,leading,,40,0.8333333333333334,1.0,0.0,1.0,0,0,1,1,2,1,0.014984846115112305,0.34771087765693665,0.0,nan,0.0,0.0,nan,0.0,0,nan,0.0,0.0,0.0,0.38754430413246155,0.3261057138442993,2,2,nan,nan
3200001,OP12,9400001,OP12:9400001,41,leading,,41,0.8291666666666666,1.0,0.0,1.0,1,0,1,1,2,1,0.003917264752089977,0.44354718923568726,1.0,0.10672537982463837,1.0,0.0,0.44354718923568726,1.0,0,inf,0.0,0.0,0.0,0.35266774892807007,0.27165570855140686,2,2,nan,nan
3200001,OP12,9400001,OP12:9400001,42,leading,dropped_the_flag|tagged_while_carrying,42,0.825,1.0,0.0,1.0,1,0,1,0,2,1,0.04883599281311035,0.5069955587387085,1.0,0.07700555771589279,1.0,0.0,0.5069955587387085,1.0,1,0.07700555771589279,1.0,0.0,0.0,0.32233351469039917,0.2172057181596756,2,2,-0.4299900010228157,0.0
3200001,OP12,9400001,OP12:9400001,43,leading,,43,0.8208333333333333,1.0,0.0,1.0,0,0,2,0,2,1,0.08557043224573135,0.5140913724899292,0.0,nan,0.0,0.0,nan,0.0,0,nan,0.0,0.0,0.0,0.2979322075843811,0.16275572776794434,2,2,nan,nan
3200001,OP12,9400001,OP12:9400001,44,leading,,44,0.8166666666666667,1.0,0.0,1.0,0,0,2,0,1,1,0.10247965157032013,0.5143985152244568,0.0,nan,0.0,0.0,nan,0.0,0,nan,0.0,0.0,0.0,0.2810136675834656,0.10830572992563248,2,2,nan,nan
3200001,OP12,9400001,OP12:9400001,45,leading,,45,0.8125,1.0,0.0,1.0,0,0,1,0,1,1,0.09242453426122665,0.5131741762161255,0.0,nan,0.0,0.0,nan,0.0,0,nan,0.0,0.0,0.0,0.2729727625846863,0.053855735808610916,2,2,nan,nan
3200001,OP12,9400001,OP12:9400001,46,leading,,46,0.8083333333333333,1.0,0.0,1.0,0,0,1,0,1,1,0.0474671833217144,0.4414433538913727,0.0,nan,0.0,0.0,nan,0.0,0,nan,0.0,0.0,0.0,0.27459049224853516,0.07190380990505219,2,2,nan,nan
3200001,OP12,9400001,OP12:9400001,47,leading,,47,0.8041666666666667,1.0,0.0,1.0,0,0,1,0,1,1,0.024923181161284447,0.3332778215408325,0.0,nan,0.0,0.0,nan,0.0,0,nan,0.0,0.0,0.0,0.27929919958114624,0.1205730214715004,2,2,nan,nan
3200001,OP12,9400001,OP12:9400001,48,leading,,48,0.8,1.0,0.0,1.0,0,0,1,0,1,0,0.019332552328705788,0.22566084563732147,0.0,nan,0.0,0.0,nan,0.0,0,nan,0.0,0.0,0.0,0.2820424735546112,0.1668737828731537,2,2,nan,nan
3200001,OP12,9400001,OP12:9400001,49,leading,,49,0.7958333333333334,1.0,0.0,1.0,0,0,1,0,1,0,0.0270675178617239,0.1329285055398941,0.0,nan,0.0,0.0,nan,0.0,0,nan,0.0,0.0,0.0,0.28352421522140503,0.21887484192848206,2,2,nan,nan
3200001,OP12,9400001,OP12:9400001,50,leading,,50,0.7916666666666666,1.0,0.0,1.0,0,0,1,1,1,0,0.07346763461828232,0.08157580345869064,0.0,nan,0.0,0.0,nan,0.0,0,nan,0.0,0.0,0.0,0.28427600860595703,0.2718365788459778,2,2,nan,nan
3200001,OP12,9400001,OP12:9400001,51,leading,,51,0.7875,1.0,0.0,1.0,0,0,1,1,1,0,0.11986775696277618,0.13370370864868164,0.0,nan,0.0,0.0,nan,0.0,0,nan,0.0,0.0,0.0,0.2846476435661316,0.22553031146526337,2,2,nan,nan
3200001,OP12,9400001,OP12:9400001,52,leading,,52,0.7833333333333333,1.0,0.0,1.0,0,0,2,1,1,0,0.16626782715320587,0.22657489776611328,0.0,nan,0.0,0.0,nan,0.0,0,nan,0.0,0.0,0.0,0.28482916951179504,0.1710803210735321,2,2,nan,nan
3200001,OP12,9400001,OP12:9400001,53,leading,,53,0.7791666666666667,1.0,0.0,1.0,0,0,2,1,1,0,0.22251281142234802,0.28431522846221924,0.0,nan,0.0,0.0,nan,0.0,0,nan,0.0,0.0,0.0,0.28491735458374023,0.11663031578063965,2,2,nan,nan
3200001,OP12,9400001,OP12:9400001,54,leading,,54,0.775,1.0,0.0,1.0,0,0,1,1,1,0,0.2088058441877365,0.2768486738204956,0.0,nan,0.0,0.0,nan,0.0,0,nan,0.0,0.0,0.0,0.2849600911140442,0.062180303037166595,2,2,nan,nan
3200001,OP12,9400001,OP12:9400001,55,leading,,55,0.7708333333333334,1.0,0.0,1.0,0,0,1,1,1,0,0.22636990249156952,0.26458269357681274,0.0,nan,0.0,0.0,nan,0.0,0,nan,0.0,0.0,0.0,0.2849807143211365,0.07764444500207901,2,2,nan,nan
3200001,OP12,9400001,OP12:9400001,56,leading,,56,0.7666666666666666,1.0,0.0,1.0,0,0,1,1,1,0,0.19155588746070862,0.1961754560470581,0.0,nan,0.0,0.0,nan,0.0,0,nan,0.0,0.0,0.0,0.28499072790145874,0.12758302688598633,2,2,nan,nan
3200001,OP12,9400001,OP12:9400001,57,leading,,57,0.7625,1.0,0.0,1.0,0,0,1,1,1,0,0.15110501646995544,0.1598765254020691,0.0,nan,0.0,0.0,nan,0.0,0,nan,0.0,0.0,0.0,0.2849956154823303,0.16511783003807068,2,2,nan,nan
3200001,OP12,9400001,OP12:9400001,58,leading,,58,0.7583333333333333,1.0,0.0,1.0,0,0,1,0,1,0,0.11065416038036346,0.18381567299365997,0.0,nan,0.0,0.0,nan,0.0,0,nan,0.0,0.0,0.0,0.2849980294704437,0.11066783964633942,2,2,nan,nan
3200001,OP12,9400001,OP12:9400001,59,leading,,59,0.7541666666666667,1.0,0.0,1.0,0,0,0,0,1,0,0.0702032595872879,0.25133222341537476,0.0,nan,0.0,0.0,nan,0.0,1,nan,1.0,0.0,0.0,0.2849993109703064,0.056217826902866364,2,2,nan,nan
3200001,OP12,9400001,OP12:9400001,60,leading,,60,0.75,1.0,0.0,1.0,0,0,0,0,1,0,0.023702621459960938,0.26615002751350403,0.0,nan,0.0,0.0,nan,0.0,1,nan,1.0,0.0,0.0,0.28500014543533325,0.07225571572780609,2,2,nan,nan
3200001,OP12,9400001,OP12:9400001,61,leading,,61,0.7458333333333333,1.0,0.0,1.0,0,0,0,0,1,0,0.03729100152850151,0.286031037569046,0.0,nan,0.0,0.0,nan,0.0,1,nan,1.0,0.0,0.0,0.28500238060951233,0.10863526165485382,2,2,nan,nan
3200001,OP12,9400001,OP12:9400001,62,leading,,62,0.7416666666666667,1.0,0.0,1.0,0,0,0,0,1,1,0.02157745324075222,0.2715104818344116,0.0,nan,0.0,0.0,nan,0.0,1,nan,1.0,0.0,0.0,0.28500527143478394,0.1588403284549713,2,2,nan,nan
3200001,OP12,9400001,OP12:9400001,63,leading,,63,0.7375,1.0,0.0,1.0,0,0,0,0,1,1,0.08044590801000595,0.2699775993824005,0.0,nan,0.0,0.0,nan,0.0,1,nan,1.0,0.0,0.0,0.2850074768066406,0.2111598551273346,2,2,nan,nan
3200001,OP12,9400001,OP12:9400001,64,leading,,64,0.7333333333333334,1.0,0.0,1.0,0,0,0,0,1,1,0.13931436836719513,0.2816445231437683,0.0,nan,0.0,0.0,nan,0.0,2,nan,1.0,0.0,0.0,0.28500691056251526,0.2643412947654724,2,2,nan,nan
3200001,OP12,9400001,OP12:9400001,65,leading,,65,0.7291666666666667,1.0,0.0,1.0,0,0,0,0,1,1,0.1981828212738037,0.3050002455711365,0.0,nan,0.0,0.0,nan,0.0,2,nan,1.0,0.0,0.0,0.2850026488304138,0.3179524838924408,2,2,nan,nan
3200001,OP12,9400001,OP12:9400001,66,leading,,66,0.725,1.0,0.0,1.0,0,0,0,0,1,1,0.16081562638282776,0.27569565176963806,0.0,nan,0.0,0.0,nan,0.0,2,nan,1.0,1.0,0.0,0.2849965989589691,0.3694103956222534,2,2,nan,nan
3200001,OP12,9400001,OP12:9400001,67,leading,,67,0.7208333333333333,1.0,0.0,1.0,0,0,0,0,1,2,0.12344846874475479,0.2488144338130951,0.0,nan,0.0,0.0,nan,0.0,2,nan,1.0,1.0,0.0,0.2849922776222229,0.42162054777145386,2,2,nan,nan
3200001,OP12,9400001,OP12:9400001,68,leading,,68,0.7166666666666667,1.0,0.0,1.0,0,0,0,0,1,2,0.08608126640319824,0.2252258062362671,0.0,nan,0.0,0.0,nan,0.0,2,nan,1.0,1.0,0.0,0.284991979598999,0.4743346571922302,2,2,nan,nan
3200001,OP12,9400001,OP12:9400001,69,leading,,69,0.7125,1.0,0.0,1.0,1,0,0,0,1,2,0.05390138551592827,0.19949226081371307,1.0,0.3255515694618225,0.0,1.0,0.19949226081371307,0.0,2,0.3255515694618225,1.0,1.0,0.0,0.2849951386451721,0.5274016261100769,2,2,0.12605930864810944,1.0
3200001,OP12,9400001,OP12:9400001,70,leading,tagged_while_carrying,70,0.7083333333333333,1.0,0.0,1.0,1,0,0,0,1,2,0.014277076348662376,0.1301306039094925,1.0,0.2555842399597168,0.0,1.0,0.1301306039094925,0.0,2,0.2555842399597168,1.0,1.0,0.0,0.28499919176101685,0.5790573954582214,2,2,0.1254536360502243,1.0
3200001,OP12,9400001,OP12:9400001,71,leading,,71,0.7041666666666666,1.0,0.0,1.0,1,0,1,0,0,2,0.019025707617402077,0.07161065191030502,1.0,0.17346465587615967,1.0,1.0,0.07161065191030502,0.0,1,0.7505850791931152,1.0,1.0,0.0,0.2850019335746765,0.6090412139892578,2,2,0.6789744272828102,1.0
3200001,OP12,9400001,OP12:9400001,72,leading,,72,0.7,1.0,0.0,1.0,1,0,1,0,0,2,0.03842439502477646,0.0409599170088768,1.0,0.06777922064065933,1.0,1.0,0.0409599170088768,0.0,1,0.7005020380020142,1.0,1.0,0.0,0.28500261902809143,0.6135858297348022,2,2,0.6595421209931374,1.0
3200001,OP12,9400001,OP12:9400001,73,leading,,73,0.6958333333333333,1.0,0.0,1.0,1,0,1,0,0,2,0.055764149874448776,0.05666270852088928,1.0,0.07285521179437637,1.0,1.0,0.05666270852088928,0.0,1,0.6266737580299377,1.0,1.0,0.0,0.28500112891197205,0.5457165837287903,2,2,0.5700110495090485,1.0
3200001,OP12,9400001,OP12:9400001,74,leading,,74,0.6916666666666667,1.0,0.0,1.0,1,0,1,0,0,2,0.05041627958416939,0.05150865390896797,1.0,0.1511688530445099,1.0,1.0,0.05150865390896797,0.0,1,0.5786948204040527,1.0,1.0,0.0,0.2849981188774109,0.49126654863357544,2,2,0.5271861664950848,1.0
3200001,OP12,9400001,OP12:9400001,75,leading,,75,0.6875,1.0,0.0,1.0,1,0,1,0,0,2,0.04506836086511612,0.04640384763479233,1.0,0.173165962100029,1.0,1.0,0.04640384763479233,0.0,1,0.531965434551239,1.0,1.0,0.0,0.2849949300289154,0.436816543340683,2,2,0.4855615869164467,1.0
3200001,OP12,9400001,OP12:9400001,76,leading,,76,0.6833333333333333,1.0,0.0,1.0,1,0,1,0,0,0,0.03972043842077255,0.04136659577488899,1.0,0.17402604222297668,1.0,1.0,0.04136659577488899,0.0,1,0.48684582114219666,1.0,1.0,0.0,0.28499341011047363,0.38236650824546814,2,2,0.44547922536730766,1.0
3200001,OP12,9400001,OP12:9400001,77,leading,,77,0.6791666666666667,1.0,0.0,1.0,1,0,1,0,0,0,0.08155522495508194,0.08642493933439255,1.0,0.17981532216072083,1.0,1.0,0.08642493933439255,0.0,1,0.42196887731552124,1.0,0.0,0.0,0.284994900226593,0.31945663690567017,2,2,0.3355439379811287,1.0
3200001,OP12,9400001,OP12:9400001,78,leading,,78,0.675,1.0,0.0,1.0,1,0,1,0,0,0,0.06890182197093964,0.07503843307495117,1.0,0.18258148431777954,0.0,1.0,0.07503843307495117,0.0,1,0.3835703730583191,1.0,0.0,0.0,0.28499889373779297,0.2650066316127777,2,2,0.3085319399833679,1.0
3200001,OP12,9400001,OP12:9400001,79,leading,,79,0.6708333333333334,1.0,0.0,1.0,1,0,1,0,0,0,0.05624842643737793,0.06414815783500671,1.0,0.18533948063850403,0.0,1.0,0.06414815783500671,0.0,1,0.3494606018066406,1.0,0.0,0.0,0.2850032448768616,0.21055665612220764,2,2,0.2853124439716339,1.0
3200001,OP12,9400001,OP12:9400001,80,leading,,80,0.6666666666666667,1.0,0.0,1.0,1,0,1,0,0,0,0.043594978749752045,0.05405483394861221,1.0,0.18809013068675995,0.0,1.0,0.05405483394861221,0.0,1,0.32100963592529297,1.0,0.0,0.0,0.2850055694580078,0.15610665082931519,2,2,0.26695480197668076,1.0
3200001,OP12,9400001,OP12:9400001,81,leading,,81,0.6625,1.0,0.0,1.0,1,0,1,0,0,0,0.03094158135354519,0.04529450833797455,1.0,0.19083534181118011,0.0,1.0,0.04529450833797455,0.0,1,0.2998337745666504,1.0,0.0,0.0,0.2850048542022705,0.10165663808584213,2,2,0.25453926622867584,1.0
3200001,OP12,9400001,OP12:9400001,82,leading,,82,0.6583333333333333,1.0,0.0,1.0,1,0,0,0,0,0,0.018288183957338333,0.038781218230724335,1.0,0.19357818365097046,0.0,1.0,0.038781218230724335,0.0,1,0.2875460982322693,1.0,0.0,0.0,0.24075713753700256,0.047206636518239975,2,2,0.24876488000154495,1.0
3200001,OP12,9400001,OP12:9400001,83,leading,,83,0.6541666666666667,2.0,0.0,2.0,0,0,0,0,0,0,0.0033071518409997225,0.03786968067288399,0.0,nan,0.0,0.0,nan,0.0,1,nan,1.0,0.0,0.0,0.21271736919879913,0.017259132117033005,2,2,nan,nan
3200001,OP12,9400001,OP12:9400001,84,leading,,84,0.65,2.0,0.0,2.0,0,0,0,0,0,0,0.08908543735742569,0.10711443424224854,0.0,nan,0.0,0.0,nan,0.0,1,nan,1.0,0.0,0.0,0.19461172819137573,0.04417378455400467,2,2,nan,nan
3200001,OP12,9400001,OP12:9400001,85,leading,,85,0.6458333333333333,2.0,0.0,2.0,0,0,0,1,1,0,0.1540035754442215,0.16170580685138702,0.0,nan,0.0,0.0,nan,0.0,1,nan,1.0,0.0,0.0,0.16436240077018738,0.08246476203203201,2,2,nan,nan
3200001,OP12,9400001,OP12:9400001,86,leading,,86,0.6416666666666666,2.0,0.0,2.0,0,0,0,1,1,0,0.1422605961561203,0.15057148039340973,0.0,nan,0.0,0.0,nan,0.0,1,nan,1.0,0.0,0.0,0.16685795783996582,0.10253047943115234,2,2,nan,nan
3200001,OP12,9400001,OP12:9400001,87,leading,,87,0.6375,2.0,0.0,2.0,0,0,0,1,1,0,0.13051767647266388,0.1395370215177536,0.0,nan,0.0,0.0,nan,0.0,1,nan,1.0,0.0,0.0,0.21825070679187775,0.14196538925170898,2,2,nan,nan
3200001,OP12,9400001,OP12:9400001,88,leading,,88,0.6333333333333333,2.0,0.0,2.0,0,0,0,1,1,0,0.11877474933862686,0.12862810492515564,0.0,nan,0.0,0.0,nan,0.0,1,nan,1.0,0.0,0.0,0.26975083351135254,0.18901178240776062,2,2,nan,nan
3200001,OP12,9400001,OP12:9400001,89,leading,,89,0.6291666666666667,2.0,0.0,2.0,0,0,0,1,1,0,0.10703182220458984,0.11787955462932587,0.0,nan,0.0,0.0,nan,0.0,1,nan,1.0,0.0,0.0,0.3213067650794983,0.2392202615737915,2,2,nan,nan
3200001,OP12,9400001,OP12:9400001,90,leading,,90,0.625,2.0,0.0,2.0,0,0,0,1,1,0,0.09528889507055283,0.10733956098556519,0.0,nan,0.0,0.0,nan,0.0,1,nan,1.0,0.0,0.0,0.36323806643486023,0.2909584641456604,2,2,nan,nan
3200001,OP12,9400001,OP12:9400001,91,leading,,91,0.6208333333333333,2.0,0.0,2.0,0,0,1,1,1,0,0.08354592323303223,0.09707607328891754,0.0,nan,0.0,0.0,nan,0.0,0,nan,0.0,0.0,0.0,0.4042947292327881,0.3435359001159668,2,2,nan,nan
3200001,OP12,9400001,OP12:9400001,92,leading,,92,0.6166666666666667,2.0,0.0,2.0,0,0,1,1,1,0,0.07240071147680283,0.07347827404737473,0.0,nan,0.0,0.0,nan,0.0,0,nan,0.0,0.0,0.0,0.44755667448043823,0.3865038752555847,2,2,nan,nan
3200001,OP12,9400001,OP12:9400001,93,leading,,93,0.6125,2.0,0.0,2.0,0,0,1,1,1,1,0.05553550645709038,0.13231083750724792,0.0,nan,0.0,0.0,nan,0.0,0,nan,0.0,0.0,0.0,0.49244293570518494,0.3324301540851593,2,2,nan,nan
3200001,OP12,9400001,OP12:9400001,94,leading,,94,0.6083333333333334,2.0,0.0,2.0,0,0,1,1,1,1,0.04555826261639595,0.2326182872056961,0.0,nan,0.0,0.0,nan,0.0,0,nan,0.0,0.0,0.0,0.5385475754737854,0.27798014879226685,2,2,nan,nan
3200001,OP12,9400001,OP12:9400001,95,leading,,95,0.6041666666666667,2.0,0.0,2.0,0,0,1,1,1,1,0.035581015050411224,0.3380131721496582,0.0,nan,0.0,0.0,nan,0.0,0,nan,0.0,0.0,0.0,0.5708831548690796,0.2235301434993744,2,2,nan,nan
3200001,OP12,9400001,OP12:9400001,96,leading,,96,0.6,2.0,0.0,2.0,0,0,1,0,1,1,0.025603771209716797,0.4448944628238678,0.0,nan,0.0,0.0,nan,0.0,1,nan,1.0,0.0,0.0,0.540484607219696,0.16908013820648193,2,2,nan,nan
3200001,OP12,9400001,OP12:9400001,97,leading,,97,0.5958333333333333,2.0,0.0,2.0,0,0,2,0,1,1,0.01562652550637722,0.5524000525474548,0.0,nan,0.0,0.0,nan,0.0,0,nan,0.0,0.0,0.0,0.49673905968666077,0.11463014781475067,2,2,nan,nan
3200001,OP12,9400001,OP12:9400001,98,leading,,98,0.5916666666666667,2.0,0.0,2.0,0,0,1,0,1,1,0.03896298259496689,0.6045666933059692,0.0,nan,0.0,0.0,nan,0.0,0,nan,0.0,0.0,0.0,0.45466041564941406,0.06018015742301941,2,2,nan,nan
3200001,OP12,9400001,OP12:9400001,99,leading,,99,0.5875,2.0,0.0,2.0,0,0,1,0,1,1,0.0962032824754715,0.5634387135505676,0.0,nan,0.0,0.0,nan,0.0,0,nan,0.0,0.0,0.0,0.4147564470767975,0.07622162252664566,2,2,nan,nan
3200001,OP12,9400001,OP12:9400001,100,leading,,100,0.5833333333333333,2.0,0.0,2.0,0,0,1,0,1,1,0.10500588268041611,0.4600147306919098,0.0,nan,0.0,0.0,nan,0.0,0,nan,0.0,0.0,0.0,0.37771686911582947,0.12588410079479218,2,2,nan,nan
3200001,OP12,9400001,OP12:9400001,101,leading,,101,0.5791666666666666,2.0,0.0,2.0,0,0,1,0,1,1,0.09563374519348145,0.3526056706905365,0.0,nan,0.0,0.0,nan,0.0,0,nan,0.0,0.0,0.0,0.3444671034812927,0.17220067977905273,2,2,nan,nan
3200001,OP12,9400001,OP12:9400001,102,leading,,102,0.575,2.0,0.0,2.0,0,0,1,0,1,1,0.08626151084899902,0.24649491906166077,0.0,nan,0.0,0.0,nan,0.0,0,nan,0.0,0.0,0.0,0.31620481610298157,0.22223623096942902,2,2,nan,nan
3200001,OP12,9400001,OP12:9400001,103,leading,,103,0.5708333333333333,2.0,0.0,2.0,0,0,1,0,1,0,0.07688932120800018,0.14457012712955475,0.0,nan,0.0,0.0,nan,0.0,0,nan,0.0,0.0,0.0,0.2943700850009918,0.2739606201648712,2,2,nan,nan
3200001,OP12,9400001,OP12:9400001,104,leading,,104,0.5666666666666667,2.0,0.0,2.0,0,0,1,0,1,0,0.06751708686351776,0.06894257664680481,0.0,nan,0.0,0.0,nan,0.0,0,nan,0.0,0.0,0.0,0.2804681360721588,0.32657232880592346,2,2,nan,nan
3200001,OP12,9400001,OP12:9400001,105,leading,,105,0.5625,2.0,0.0,2.0,0,0,1,0,1,0,0.05814490467309952,0.11098387092351913,0.0,nan,0.0,0.0,nan,0.0,0,nan,0.0,0.0,0.0,0.2757015526294708,0.2839025557041168,2,2,nan,nan
3200001,OP12,9400001,OP12:9400001,106,leading,,106,0.5583333333333333,2.0,0.0,2.0,0,0,1,0,0,1,0.04877276346087456,0.20879065990447998,0.0,nan,0.0,0.0,nan,0.0,0,nan,0.0,0.0,0.0,0.2782267928123474,0.22945258021354675,2,2,nan,nan
3200001,OP12,9400001,OP12:9400001,107,leading,,107,0.5541666666666667,2.0,0.0,2.0,0,0,1,0,0,1,0.039400577545166016,0.31397682428359985,0.0,nan,0.0,0.0,nan,0.0,0,nan,0.0,0.0,0.0,0.2812097668647766,0.1750025898218155,2,2,nan,nan
3200001,OP12,9400001,OP12:9400001,108,leading,,108,0.55,2.0,0.0,2.0,0,0,1,0,0,1,0.030028438195586205,0.4210475981235504,0.0,nan,0.0,0.0,nan,0.0,0,nan,0.0,0.0,0.0,0.2809784412384033,0.12055258452892303,2,2,nan,nan
3200001,OP12,9400001,OP12:9400001,109,leading,,109,0.5458333333333334,2.0,0.0,2.0,0,0,0,0,0,1,0.020656347274780273,0.5288596749305725,0.0,nan,0.0,0.0,nan,0.0,0,nan,0.0,0.0,0.0,0.27180126309394836,0.06610257923603058,2,2,nan,nan
3200001,OP12,9400001,OP12:9400001,110,leading,,110,0.5416666666666667,2.0,0.0,2.0,0,0,0,0,0,1,0.03932080417871475,0.5866230726242065,0.0,nan,0.0,0.0,nan,0.0,0,nan,0.0,0.0,0.0,0.2722927927970886,0.08050593733787537,2,2,nan,nan
3200001,OP12,9400001,OP12:9400001,111,leading,,111,0.5375,2.0,0.0,2.0,1,0,0,0,0,1,0.05402636528015137,0.5882697105407715,1.0,0.7061342597007751,0.0,0.0,0.5882697105407715,1.0,0,inf,0.0,0.0,0.0,0.2729620337486267,0.13093934953212738,2,2,nan,nan
3200001,OP12,9400001,OP12:9400001,112,leading,,112,0.5333333333333333,2.0,0.0,2.0,1,0,0,0,0,1,0.10346885025501251,0.5423893928527832,1.0,0.71574866771698,0.0,0.0,0.5423893928527832,1.0,1,0.7746604084968567,1.0,0.0,0.0,0.277931272983551,0.1794482171535492,2,2,0.2322710156440735,1.0
3200001,OP12,9400001,OP12:9400001,113,leading,,113,0.5291666666666667,2.0,0.0,2.0,1,0,0,0,0,1,0.1003931537270546,0.4367177486419678,1.0,0.6758698225021362,0.0,0.0,0.4367177486419678,1.0,1,0.7216383218765259,1.0,0.0,0.0,0.27318912744522095,0.2287871092557907,2,2,0.2849205732345581,1.0
3200001,OP12,9400001,OP12:9400001,114,leading,,114,0.525,2.0,0.0,2.0,1,0,0,0,0,1,0.08312749862670898,0.328480064868927,1.0,0.633205235004425,0.0,0.0,0.328480064868927,1.0,1,0.6571212410926819,1.0,0.0,0.0,0.25206324458122253,0.2793273329734802,2,2,0.3286411762237549,1.0
3200001,OP12,9400001,OP12:9400001,115,leading,,115,0.5208333333333333,2.0,0.0,2.0,1,0,0,0,0,1,0.06459927558898926,0.2205406129360199,1.0,0.566340446472168,0.0,0.0,0.2205406129360199,1.0,1,0.566340446472168,1.0,1.0,0.0,0.21721403300762177,0.33072778582572937,2,2,0.34579983353614807,1.0
3200001,OP12,9400001,OP12:9400001,116,leading,,116,0.5166666666666666,2.0,0.0,2.0,1,0,0,0,0,1,0.04390149191021919,0.11340548098087311,1.0,0.4892258644104004,0.0,1.0,0.11340548098087311,0.0,1,0.4892258644104004,1.0,1.0,0.0,0.23060524463653564,0.3823429048061371,2,2,0.3758203834295273,1.0
3200001,OP12,9400001,OP12:9400001,117,leading,,117,0.5125,2.0,0.0,2.0,1,0,0,0,0,2,0.06807313114404678,0.0680745393037796,1.0,0.43528881669044495,0.0,1.0,0.0680745393037796,0.0,1,0.43528881669044495,1.0,1.0,0.0,0.2188575714826584,0.4324158728122711,2,2,0.36721427738666534,1.0
3200001,OP12,9400001,OP12:9400001,118,leading,,118,0.5083333333333333,2.0,0.0,2.0,1,0,0,0,0,1,0.02317938767373562,0.05847540497779846,1.0,0.3616250157356262,0.0,1.0,0.05847540497779846,0.0,2,0.3616250157356262,1.0,1.0,0.0,0.2456301897764206,0.3829154074192047,2,2,0.30314961075782776,1.0
3200001,OP12,9400001,OP12:9400001,119,leading,,119,0.5041666666666667,2.0,0.0,2.0,1,0,0,0,0,1,0.002330684568732977,0.08112432062625885,1.0,0.2767335772514343,0.0,1.0,0.08112432062625885,0.0,2,0.2767335772514343,1.0,1.0,0.0,0.26189297437667847,0.32846543192863464,2,2,0.19560925662517548,1.0
3200001,OP12,9400001,OP12:9400001,120,leading,,120,0.5,2.0,0.0,2.0,1,0,0,0,0,0,0.008889531716704369,0.09125525504350662,1.0,0.24818310141563416,0.0,1.0,0.09125525504350662,0.0,2,0.24818310141563416,1.0,1.0,0.0,0.21467208862304688,0.2740154266357422,2,2,0.15692784637212753,1.0
3200001,OP12,9400001,OP12:9400001,121,leading,,121,0.49583333333333335,2.0,0.0,2.0,1,0,0,0,0,0,0.011877012439072132,0.09599107503890991,1.0,0.26636043190956116,0.0,1.0,0.09599107503890991,0.0,2,0.26636043190956116,1.0,0.0,0.0,0.23390376567840576,0.21956542134284973,2,2,0.17036935687065125,1.0
3200001,OP12,9400001,OP12:9400001,122,leading,,122,0.4916666666666667,2.0,0.0,2.0,1,0,0,0,0,0,0.013237809762358665,0.0981689840555191,1.0,0.23232893645763397,0.0,1.0,0.0981689840555191,0.0,2,0.23232893645763397,1.0,0.0,0.0,0.2593589127063751,0.16511540114879608,2,2,0.13415995240211487,1.0
3200001,OP12,9400001,OP12:9400001,123,leading,,123,0.48750000000000004,2.0,0.0,2.0,1,0,0,0,0,0,0.013857746496796608,0.09916500002145767,1.0,0.18870100378990173,0.0,1.0,0.09916500002145767,0.0,2,0.18870100378990173,1.0,0.0,0.0,0.2218671590089798,0.11066539585590363,2,2,0.08953600376844406,1.0
3200001,OP12,9400001,OP12:9400001,124,leading,,124,0.4833333333333333,2.0,0.0,2.0,1,0,0,0,0,0,0.014140034094452858,0.09961944818496704,1.0,0.20903535187244415,0.0,1.0,0.09961944818496704,0.0,2,0.20903535187244415,1.0,0.0,0.0,0.21981433033943176,0.05621540546417236,2,2,0.10941590368747711,1.0
