update,run_id,run_pid,timesteps,episodes_completed,wins,losses,draws,win_rate,rolling_win_rate_50ep,rolling_win_rate_200ep,rollout_reward_mean,rollout_reward_std,rollout_return_mean,rollout_return_std,rollout_episodes,rollout_wins,rollout_losses,rollout_draws,rollout_win_rate,rollout_win_margin_mean,rollout_blue_score_mean,rollout_red_score_mean,explained_variance,reward_terminal_mean,reward_offense_mean,reward_pbrs_mean,reward_team_mean,reward_sparse_mean,reward_sparse_points_mean,reward_failure_mean,reward_behavior_contrast_mean,reward_outcome_diversity_mean,reward_csia_mean,reward_contract_specialist_mean,reward_total_mean,reward_outcome_mean,reward_shaping_mean,reward_shaping_to_outcome_abs_ratio,reward_shaping_coef,reward_failure_to_outcome_abs,policy_loss,value_loss,value_loss_min,value_loss_std,value_loss_p10,value_loss_p50,value_loss_p90,value_loss_max,return_norm_mean,return_norm_std,return_norm_count,entropy,approx_kl,clip_fraction,grad_norm,learning_rate,latent_lam_h,strategy_entropy,strategy_entropy_frac,strategy_policy_loss,strategy_approx_kl,strategy_clip_fraction,strategy_ratio_std,strategy_aux_return_loss,strategy_persist_loss,strategy_grad_norm,strategy_resample_count,strategy_resample_fraction,latent_episode_pg_loss,latent_episode_v_loss,latent_episode_entropy,latent_episode_adv_mean,latent_episode_adv_std,latent_episode_return_mean,latent_episode_return_std,latent_episode_ratio_mean,latent_episode_ratio_max,latent_episode_ratio_min,latent_episode_ratio_std,latent_episode_approx_kl,latent_episode_clip_fraction,latent_episode_count,latent_episode_loss,strategy_bucket_best_match_frac,strategy_experience_records,strategy_experience_buckets,strategy_unique_count,strategy_dominant,strategy_switch_count,strategy_switch_fraction,strategy_wr_spread,strategy_resample_fraction_rollout,rollout_adv_std,rollout_adv_std_at_z_switch,rollout_adv_std_not_z_switch,curriculum_phase,curriculum_phase_idx,curriculum_phase_episodes,curriculum_phase_win_rate,csia_interaction_strength,centered_advantage_matrix,oracle_best_z_per_opponent,router_oracle_gap,routing_gain,regret_weighted_routing_score,gate_A_pass,gate_B_pass,gate_C_pass,csia_bonus_active,csia_payoff_cells,csia_total_count,csia_behavior_spread_max,csia_bonus_mean,csia_last_refresh_update,csia_reward_coef
1,41756-1786688958442437800,41756,2048,0,0,0,0,0.0,0.0,0.0,-0.00019385467749089003,0.025318145751953125,0.01567777246236801,0.12494949996471405,0,0,0,0,0.0,0.0,0.0,0.0,-0.03065311908721924,0.0,0.0018066406482830644,-8.137681288644671e-05,0.0009863281156867743,0.0009765625,0.09765625,-0.0037207030691206455,0.0,0.0,0.0,0.0,-0.00019385467749089003,0.0009765625,0.0020328784739831463,2.0795381103337602,1.0,3.806102493825864,-0.016663787595462054,0.014528461266309023,0.011684629134833813,0.0019116559997200966,0.012094711884856224,0.014622535556554794,0.016557767987251282,0.018771884962916374,0.0,0.0,0.0,4.514849603176117,0.014260242751333863,0.135986328125,0.18869021721184254,0.0004989759999999999,0.005,0.0,0.0,0.0,0.0,0.0,0.0,0.0,0.0,0.0,,0.0,0.0,0.0,0.0,0.0,0.0,0.0,0.0,0.0,0.0,0.0,0.0,0.0,0.0,0.0,0.0,0.0,0.0,0.0,,,,,0.0,,0.12685008347034454,,,,,,,0.0,{},{},0.0,0.0,0.0,0.0,0.0,0.0,0.0,0,0,0.0,0.0,,0.0
2,41756-1786688958442437800,41756,4096,16,6,1,9,0.375,0.375,0.375,0.0005153797683306038,0.03596798703074455,0.02170250192284584,0.16199053823947906,16,6,1,9,0.375,0.4375,0.9375,0.5,0.05453413724899292,0.000244140625,0.00244140625,0.00042444729479029775,0.0017163085285574198,0.0025878907181322575,0.2587890625,-0.003519531339406967,0.0,0.0,0.0,0.0,0.0005153797683306038,0.0028320313431322575,0.0029765952058369294,1.050674999785193,1.0,1.2423199439494026,-0.015541872795438394,0.022086398559622467,0.01756254956126213,0.0023167545441538095,0.01960383728146553,0.0220001470297575,0.025038719177246094,0.026463279500603676,0.0,0.0,0.0,4.270946681499481,0.010086966860399116,0.09326171875,0.28985187225043774,0.000497952,0.005,0.0,0.0,0.0,0.0,0.0,0.0,0.0,0.0,0.0,,0.0,0.0,0.0,0.0,0.0,0.0,0.0,0.0,0.0,0.0,0.0,0.0,0.0,0.0,0.0,0.0,0.0,0.0,0.0,,,,,0.0,,0.1575116068124771,,,,,,,0.0,{},{},0.0,0.0,0.0,0.0,0.0,0.0,0.0,0,0,0.0,0.0,,0.0
3,41756-1786688958442437800,41756,6144,17,7,1,9,0.4117647058823529,0.4117647058823529,0.4117647058823529,0.0009980379836633801,0.038702674210071564,0.07415121048688889,0.19007401168346405,1,1,0,0,1.0,3.0,3.0,0.0,0.231270432472229,0.00048828125,0.0029296875,0.00034772229264490306,0.0027929688803851604,0.0035644532181322575,0.3564453125,-0.003414062550291419,0.0,0.0,0.0,0.0,0.0009980379836633801,0.0040527344681322575,0.003714860293257516,0.916404446926965,1.0,0.842201820847046,-0.012624779919860885,0.024000892881304026,0.01998502016067505,0.002923291642218828,0.020080821588635445,0.02469382807612419,0.027839280664920807,0.028938787057995796,0.0,0.0,0.0,4.160982057452202,0.008167374122422189,0.07177734375,0.2928808582946658,0.000496928,0.005,0.0,0.0,0.0,0.0,0.0,0.0,0.0,0.0,0.0,,0.0,0.0,0.0,0.0,0.0,0.0,0.0,0.0,0.0,0.0,0.0,0.0,0.0,0.0,0.0,0.0,0.0,0.0,0.0,,,,,0.0,,0.1666516214609146,,,,,,,0.0,{},{},0.0,0.0,0.0,0.0,0.0,0.0,0.0,0,0,0.0,0.0,,0.0
4,41756-1786688958442437800,41756,8192,33,17,2,14,0.5151515151515151,0.5151515151515151,0.5151515151515151,0.002468687482178211,0.049565885215997696,0.14481636881828308,0.23001772165298462,16,10,1,5,0.625,0.875,1.5,0.625,0.4043985605239868,0.003173828125,0.004589843563735485,0.0015810055192559958,0.002934570424258709,0.005322265438735485,0.5322265625,-0.003279296914115548,0.0,0.0,0.0,0.0,0.002468687482178211,0.008496093563735485,0.005718737549614161,0.6730227820511482,1.0,0.3859315999662721,-0.016111426171846688,0.03035207442007959,0.02553129568696022,0.0026130089536309242,0.027238329872488976,0.03029371052980423,0.033722348511219025,0.03485531359910965,0.0,0.0,0.0,4.031665176153183,0.009953205480996985,0.0904541015625,0.33108594827353954,0.000495904,0.005,0.0,0.0,0.0,0.0,0.0,0.0,0.0,0.0,0.0,,0.0,0.0,0.0,0.0,0.0,0.0,0.0,0.0,0.0,0.0,0.0,0.0,0.0,0.0,0.0,0.0,0.0,0.0,0.0,,,,,0.0,,0.17751668393611908,,,,,,,0.0,{},{},0.0,0.0,0.0,0.0,0.0,0.0,0.0,0,0,0.0,0.0,,0.0
5,41756-1786688958442437800,41756,10240,38,21,3,14,0.5526315789473685,0.5526315789473685,0.5526315789473685,0.001551791443489492,0.041401706635951996,0.12764011323451996,0.21298404037952423,5,4,1,0,0.8,1.6,2.8,1.2,0.29829156398773193,0.00146484375,0.004345703404396772,0.0002515274682082236,0.0023486213758587837,0.00390625,0.390625,-0.003587890649214387,0.0,0.0,0.0,0.0,0.001551791443489492,0.00537109375,0.004995740615413524,0.9299429324764714,1.0,0.6678756582039148,-0.01545543788233772,0.02851316356100142,0.023806359618902206,0.0032869293354451656,0.025215547531843185,0.027194293215870857,0.03274672105908394,0.03559577465057373,0.0,0.0,0.0,4.342359870672226,0.009611151144781616,0.0845947265625,0.24332876317203045,0.00049488,0.005,0.0,0.0,0.0,0.0,0.0,0.0,0.0,0.0,0.0,,0.0,0.0,0.0,0.0,0.0,0.0,0.0,0.0,0.0,0.0,0.0,0.0,0.0,0.0,0.0,0.0,0.0,0.0,0.0,,,,,0.0,,0.1784125566482544,,,,,,,0.0,{},{},0.0,0.0,0.0,0.0,0.0,0.0,0.0,0,0,0.0,0.0,,0.0
6,41756-1786688958442437800,41756,12288,51,26,4,21,0.5098039215686274,0.52,0.5098039215686274,3.401184221729636e-05,0.036066871136426926,0.07184607535600662,0.21553745865821838,13,5,1,7,0.38461538461538464,0.46153846153846156,0.8461538461538461,0.38461538461538464,0.41635996103286743,0.000244140625,0.0019531252328306437,-3.927928628399968e-05,0.0018823242280632257,0.00146484375,0.146484375,-0.003669921774417162,0.0,0.0,0.0,0.0,3.401184221729636e-05,0.001708984375,0.00241388646827545,1.4116424123907274,1.0,2.146172694950597,-0.021930602903012186,0.02221343305427581,0.018007788807153702,0.0031252403277903795,0.01861233077943325,0.022024640813469887,0.026780329644680023,0.02799384668469429,0.0,0.0,0.0,4.43076765537262,0.011254350174567662,0.0970458984375,0.3124176785349846,0.000493856,0.005,0.0,0.0,0.0,0.0,0.0,0.0,0.0,0.0,0.0,,0.0,0.0,0.0,0.0,0.0,0.0,0.0,0.0,0.0,0.0,0.0,0.0,0.0,0.0,0.0,0.0,0.0,0.0,0.0,,,,,0.0,,0.16466273367404938,,,,,,,0.0,{},{},0.0,0.0,0.0,0.0,0.0,0.0,0.0,0,0,0.0,0.0,,0.0
7,41756-1786688958442437800,41756,14336,57,31,5,21,0.543859649122807,0.54,0.543859649122807,0.0009795005898922682,0.040610868483781815,0.06595176458358765,0.2842210531234741,6,5,1,0,0.8333333333333334,1.3333333333333333,2.3333333333333335,1.0,0.4581461548805237,0.001953125,0.0030761719681322575,1.2007658369839191e-05,0.0020947265438735485,0.002734375186264515,0.2734375,-0.0037343748845160007,0.0,0.0,0.0,0.0,0.0009795005898922682,0.004687500186264515,0.0036028555186931044,0.7684452118074074,1.0,0.7964966910860469,-0.025928648246917874,0.041316512040793896,0.036220818758010864,0.0031404425390064716,0.03779761120676994,0.04122556000947952,0.04436340183019638,0.04949989169836044,0.0,0.0,0.0,4.451636910438538,0.012474750285036862,0.1141357421875,0.3258923441171646,0.000492832,0.005,0.0,0.0,0.0,0.0,0.0,0.0,0.0,0.0,0.0,,0.0,0.0,0.0,0.0,0.0,0.0,0.0,0.0,0.0,0.0,0.0,0.0,0.0,0.0,0.0,0.0,0.0,0.0,0.0,,,,,0.0,,0.20921717584133148,,,,,,,0.0,{},{},0.0,0.0,0.0,0.0,0.0,0.0,0.0,0,0,0.0,0.0,,0.0
8,41756-1786688958442437800,41756,16384,69,35,7,27,0.5072463768115942,0.52,0.5072463768115942,0.0009513449622318149,0.03766890615224838,0.0763053148984909,0.3469525873661041,12,4,2,6,0.3333333333333333,0.4166666666666667,0.9166666666666666,0.5,0.5514492988586426,-0.00048828125,0.0033203125931322575,0.000669409753754735,0.001960448920726776,0.00439453125,0.439453125,-0.003587890649214387,0.0,0.0,0.0,0.0,0.0009513449622318149,0.00390625,0.003977777261752635,1.0180503581169966,1.0,0.9182649303767065,-0.02765484357951209,0.05018913885578513,0.042841993272304535,0.004693701863288879,0.043222151696681976,0.051207177340984344,0.05572716146707535,0.057833317667245865,0.0,0.0,0.0,4.269256621599197,0.01803465864941245,0.1676025390625,0.36636222526431084,0.000491808,0.005,0.0,0.0,0.0,0.0,0.0,0.0,0.0,0.0,0.0,,0.0,0.0,0.0,0.0,0.0,0.0,0.0,0.0,0.0,0.0,0.0,0.0,0.0,0.0,0.0,0.0,0.0,0.0,0.0,,,,,0.0,,0.23236778378486633,,,,,,,0.0,{},{},0.0,0.0,0.0,0.0,0.0,0.0,0.0,0,0,0.0,0.0,,0.0
9,41756-1786688958442437800,41756,18432,79,41,8,30,0.5189873417721519,0.52,0.5189873417721519,0.0027644832152873278,0.04292319715023041,0.17214876413345337,0.3402504026889801,10,6,1,3,0.6,1.4,1.8,0.4,0.6269114017486572,0.001708984375,0.005859375,0.0010820652823895216,0.0020800780039280653,0.00732421875,0.732421875,-0.0036171874962747097,0.0,0.0,0.0,0.0,0.0027644832152873278,0.009033203125,0.006649910821579397,0.7360816144566593,1.0,0.40038810797435,-0.02444408310111612,0.04073879588395357,0.0360608771443367,0.0027403300628066063,0.03828810900449753,0.04026225209236145,0.04493144527077675,0.04596944525837898,0.0,0.0,0.0,4.287152528762817,0.01225790648459224,0.105224609375,0.3930522706359625,0.000490784,0.005,0.0,0.0,0.0,0.0,0.0,0.0,0.0,0.0,0.0,,0.0,0.0,0.0,0.0,0.0,0.0,0.0,0.0,0.0,0.0,0.0,0.0,0.0,0.0,0.0,0.0,0.0,0.0,0.0,,,,,0.0,,0.20782828330993652,,,,,,,0.0,{},{},0.0,0.0,0.0,0.0,0.0,0.0,0.0,0,0,0.0,0.0,,0.0
10,41756-1786688958442437800,41756,20480,89,47,9,33,0.5280898876404494,0.5,0.5280898876404494,0.0009987757075577974,0.03603873401880264,0.04200659692287445,0.30187752842903137,10,6,1,3,0.6,0.9,1.3,0.4,0.5910916328430176,0.001708984375,0.0031250002793967724,-3.952608676627278e-05,0.0015917967539280653,0.0029296875,0.29296875,-0.003630859311670065,0.0,0.0,0.0,0.0,0.0009987757075577974,0.004638671875,0.0035130679461872205,0.757180257749848,1.0,0.7825681232404101,-0.031692014541476965,0.03655730118043721,0.03331230580806732,0.0025336318649351597,0.03364190086722374,0.03696337342262268,0.038138099014759064,0.043581098318099976,0.0,0.0,0.0,4.366288751363754,0.011908177089935634,0.1077880859375,0.3785220105201006,0.00048976,0.005,0.0,0.0,0.0,0.0,0.0,0.0,0.0,0.0,0.0,,0.0,0.0,0.0,0.0,0.0,0.0,0.0,0.0,0.0,0.0,0.0,0.0,0.0,0.0,0.0,0.0,0.0,0.0,0.0,,,,,0.0,,0.1930384337902069,,,,,,,0.0,{},{},0.0,0.0,0.0,0.0,0.0,0.0,0.0,0,0,0.0,0.0,,0.0
11,41756-1786688958442437800,41756,22528,99,54,9,36,0.5454545454545454,0.56,0.5454545454545454,0.003740329062566161,0.04418359696865082,0.2045835554599762,0.3161836266517639,10,7,0,3,0.7,1.1,1.3,0.2,0.6128703951835632,0.002685546875,0.006787109188735485,0.0014903726987540722,0.0030053709633648396,0.00874023512005806,0.8740234375,-0.0033886719029396772,0.0,0.0,0.0,0.0,0.003740329062566161,0.01142578199505806,0.007911045104265213,0.6923248476856075,1.0,0.29655522476977647,-0.03556930768536404,0.037565756822004914,0.03135755658149719,0.003239171579480171,0.03453771024942398,0.03688574582338333,0.04101100564002991,0.04574061557650566,0.0,0.0,0.0,4.074892476201057,0.011915307288290933,0.1005859375,0.3742504520341754,0.000488736,0.005,0.0,0.0,0.0,0.0,0.0,0.0,0.0,0.0,0.0,,0.0,0.0,0.0,0.0,0.0,0.0,0.0,0.0,0.0,0.0,0.0,0.0,0.0,0.0,0.0,0.0,0.0,0.0,0.0,,,,,0.0,,0.1967286318540573,,,,,,,0.0,{},{},0.0,0.0,0.0,0.0,0.0,0.0,0.0,0,0,0.0,0.0,,0.0
12,41756-1786688958442437800,41756,24576,109,62,10,37,0.5688073394495413,0.6,0.5688073394495413,0.0011436865897849202,0.041611719876527786,0.14718911051750183,0.29610732197761536,10,8,1,1,0.8,1.3,1.9,0.6,0.6668920516967773,0.003173828125,0.0029296875,0.00029339047614485025,0.0020947265438735485,0.0020996094681322575,0.2099609375,-0.0036210939288139343,0.0,0.0,0.0,0.0,0.0011436865897849202,0.0052734375931322575,0.0035267167550045997,0.6686431856918108,1.0,0.6865365007880443,-0.038193985420678346,0.029292025603353977,0.02499900385737419,0.0024071536026895046,0.025906918570399284,0.029179684817790985,0.03216671198606491,0.0336783230304718,0.0,0.0,0.0,4.294047457831247,0.016072996010604714,0.13671875,0.42153426579066683,0.000487712,0.005,0.0,0.0,0.0,0.0,0.0,0.0,0.0,0.0,0.0,,0.0,0.0,0.0,0.0,0.0,0.0,0.0,0.0,0.0,0.0,0.0,0.0,0.0,0.0,0.0,0.0,0.0,0.0,0.0,,,,,0.0,,0.17089983820915222,,,,,,,0.0,{},{},0.0,0.0,0.0,0.0,0.0,0.0,0.0,0,0,0.0,0.0,,0.0
13,41756-1786688958442437800,41756,26624,122,72,11,39,0.5901639344262295,0.72,0.5901639344262295,0.004240518435835838,0.05608014017343521,0.30785998702049255,0.34728309512138367,13,10,1,2,0.7692307692307693,1.1538461538461537,1.8461538461538463,0.6923076923076923,0.5275618433952332,0.00390625,0.006787109188735485,0.0029315040446817875,0.004462890326976776,0.00893554650247097,0.8935546875,-0.0032500000670552254,0.0,0.0,0.0,0.0,0.004240518435835838,0.01284179650247097,0.008635707781650126,0.6724164616319044,1.0,0.253060154494383,-0.02922404675998471,0.05532688782973723,0.04532645642757416,0.005146895069628954,0.04942772164940834,0.05560223385691643,0.06089919060468674,0.06393858045339584,0.0,0.0,0.0,3.8247231136668813,0.010964859065345743,0.09339488636363637,0.46361547166650946,0.00048668800000000004,0.005,0.0,0.0,0.0,0.0,0.0,0.0,0.0,0.0,0.0,,0.0,0.0,0.0,0.0,0.0,0.0,0.0,0.0,0.0,0.0,0.0,0.0,0.0,0.0,0.0,0.0,0.0,0.0,0.0,,,,,0.0,,0.23870202898979187,,,,,,,0.0,{},{},0.0,0.0,0.0,0.0,0.0,0.0,0.0,0,0,0.0,0.0,,0.0
14,41756-1786688958442437800,41756,28672,133,82,12,39,0.6165413533834586,0.76,0.6165413533834586,0.003605259582400322,0.0500846691429615,0.18129923939704895,0.3431696593761444,11,10,1,0,0.9090909090909091,1.8181818181818181,2.3636363636363638,0.5454545454545454,0.6842315196990967,0.00439453125,0.006054687313735485,0.0013307150220498443,0.0032885740511119366,0.0074707032181322575,0.7470703125,-0.0033847654704004526,0.0,0.0,0.0,0.0,0.003605259582400322,0.011865234468132257,0.00720950958202593,0.6075650705695778,1.0,0.2852434341737067,-0.021899362198180623,0.036285550644000374,0.033553414046764374,0.0016750040231272578,0.0342344306409359,0.036757856607437134,0.03825774043798447,0.039092741906642914,0.0,0.0,0.0,3.983280234866672,0.011593488096776936,0.09657118055555555,0.465864145093494,0.000485664,0.005,0.0,0.0,0.0,0.0,0.0,0.0,0.0,0.0,0.0,,0.0,0.0,0.0,0.0,0.0,0.0,0.0,0.0,0.0,0.0,0.0,0.0,0.0,0.0,0.0,0.0,0.0,0.0,0.0,,,,,0.0,,0.19283828139305115,,,,,,,0.0,{},{},0.0,0.0,0.0,0.0,0.0,0.0,0.0,0,0,0.0,0.0,,0.0
15,41756-1786688958442437800,41756,30720,145,88,13,44,0.6068965517241379,0.74,0.6068965517241379,0.00156253797467798,0.04328024014830589,0.06296530365943909,0.34303879737854004,12,6,1,5,0.5,0.8333333333333334,1.5,0.6666666666666666,0.648292601108551,0.001220703125,0.0042968750931322575,0.0010447209933772683,0.003220214741304517,0.00390625,0.390625,-0.003558593802154064,0.0,0.0,0.0,0.0,0.00156253797467798,0.005126953125,0.005363109026802704,1.0458576543253217,1.0,0.6939598930429116,-0.013305641311619962,0.04150356671639851,0.03523219749331474,0.0035583681892603636,0.03723651170730591,0.04381364583969116,0.04479310289025307,0.045319847762584686,0.0,0.0,0.0,4.149967704500471,0.010614044881159706,0.08621651785714286,0.4754549264907837,0.00048464000000000005,0.005,0.0,0.0,0.0,0.0,0.0,0.0,0.0,0.0,0.0,,0.0,0.0,0.0,0.0,0.0,0.0,0.0,0.0,0.0,0.0,0.0,0.0,0.0,0.0,0.0,0.0,0.0,0.0,0.0,,,,,0.0,,0.2034388929605484,,,,,,,0.0,{},{},0.0,0.0,0.0,0.0,0.0,0.0,0.0,0,0,0.0,0.0,,0.0
16,41756-1786688958442437800,41756,32768,155,96,14,45,0.6193548387096774,0.76,0.6193548387096774,0.003268736181780696,0.04901774227619171,0.09796510636806488,0.37997767329216003,10,8,1,1,0.8,1.6,2.1,0.5,0.6624830365180969,0.003173828125,0.0057128905318677425,0.001773588010109961,0.003623046912252903,0.0074707032181322575,0.7470703125,-0.0034804686438292265,0.0,0.0,0.0,0.0,0.003268736181780696,0.010644531343132257,0.0070620492624584585,0.6633815668594497,1.0,0.32694174970182005,-0.023490516675843134,0.045962118440204196,0.03937443718314171,0.003322439268231392,0.04112755134701729,0.04680541530251503,0.04946088418364525,0.050471413880586624,0.0,0.0,0.0,3.9645950529310436,0.012486352468840778,0.1015625,0.4744344453016917,0.000483616,0.005,0.0,0.0,0.0,0.0,0.0,0.0,0.0,0.0,0.0,,0.0,0.0,0.0,0.0,0.0,0.0,0.0,0.0,0.0,0.0,0.0,0.0,0.0,0.0,0.0,0.0,0.0,0.0,0.0,,,,,0.0,,0.22075262665748596,,,,,,,0.0,{},{},0.0,0.0,0.0,0.0,0.0,0.0,0.0,0,0,0.0,0.0,,0.0
17,41756-1786688958442437800,41756,34816,164,101,16,47,0.6158536585365854,0.72,0.6158536585365854,0.0011605856707319617,0.04325957968831062,0.06510692834854126,0.4094008207321167,9,5,2,2,0.5555555555555556,0.6666666666666666,1.3333333333333333,0.6666666666666666,0.6473262310028076,0.0009765625,0.0035644532181322575,0.0011799767380580306,0.0027465817984193563,0.0030761719681322575,0.3076171875,-0.0036132812965661287,0.0,0.0,0.0,0.0,0.0011605856707319617,0.0040527344681322575,0.004546092852251604,1.121457976093387,1.0,0.8913463190476149,-0.03032860524641971,0.057177165212730564,0.048605289310216904,0.004730819724500179,0.050765637308359146,0.05749165266752243,0.06126416474580765,0.06765985488891602,0.0,0.0,0.0,4.074218610922496,0.01656063093105331,0.13997395833333334,0.4902317052086194,0.00048259200000000006,0.005,0.0,0.0,0.0,0.0,0.0,0.0,0.0,0.0,0.0,,0.0,0.0,0.0,0.0,0.0,0.0,0.0,0.0,0.0,0.0,0.0,0.0,0.0,0.0,0.0,0.0,0.0,0.0,0.0,,,,,0.0,,0.24312818050384521,,,,,,,0.0,{},{},0.0,0.0,0.0,0.0,0.0,0.0,0.0,0,0,0.0,0.0,,0.0
18,41756-1786688958442437800,41756,36864,174,108,17,49,0.6206896551724138,0.68,0.6206896551724138,0.0017568155890330672,0.04346917197108269,0.013035290874540806,0.36901530623435974,10,7,1,2,0.7,1.2,1.7,0.5,0.647212028503418,0.00244140625,0.0036132815293967724,0.0008983256993815303,0.002824706956744194,0.0045410157181322575,0.4541015625,-0.0037421875167638063,0.0,0.0,0.0,0.0,0.0017568155890330672,0.0069824219681322575,0.0045440396934282035,0.6506895493590693,1.0,0.5358673060056642,-0.03450498244326029,0.04548903953816209,0.03828045725822449,0.003350435756146908,0.042164396494627,0.04569201171398163,0.048280417919158936,0.053541116416454315,0.0,0.0,0.0,4.144217899867466,0.017261145894216106,0.14369419642857142,0.4606064110994339,0.000481568,0.005,0.0,0.0,0.0,0.0,0.0,0.0,0.0,0.0,0.0,,0.0,0.0,0.0,0.0,0.0,0.0,0.0,0.0,0.0,0.0,0.0,0.0,0.0,0.0,0.0,0.0,0.0,0.0,0.0,,,,,0.0,,0.219180166721344,,,,,,,0.0,{},{},0.0,0.0,0.0,0.0,0.0,0.0,0.0,0,0,0.0,0.0,,0.0
19,41756-1786688958442437800,41756,38912,186,115,20,51,0.6182795698924731,0.62,0.6182795698924731,0.001659969799220562,0.038772743195295334,-0.0406770296394825,0.35465118288993835,12,7,3,2,0.5833333333333334,0.6666666666666666,1.3333333333333333,0.6666666666666666,0.7392193078994751,0.00146484375,0.0045410157181322575,0.000905013584997505,0.0017529296455904841,0.00439453125,0.439453125,-0.0037148436531424522,0.0,0.0,0.0,0.0,0.001659969799220562,0.005859375,0.005205501525779255,0.8882539983839353,1.0,0.6338917992692366,-0.013814027886837721,0.03263208908694131,0.02821466140449047,0.0024469406343996525,0.02911466173827648,0.03341898322105408,0.03485381230711937,0.03515750914812088,0.0,0.0,0.0,4.139890193939209,0.0140282371347504,0.11997767857142858,0.631286987236568,0.00048054399999999996,0.005,0.0,0.0,0.0,0.0,0.0,0.0,0.0,0.0,0.0,,0.0,0.0,0.0,0.0,0.0,0.0,0.0,0.0,0.0,0.0,0.0,0.0,0.0,0.0,0.0,0.0,0.0,0.0,0.0,,,,,0.0,,0.18110862374305725,,,,,,,0.0,{},{},0.0,0.0,0.0,0.0,0.0,0.0,0.0,0,0,0.0,0.0,,0.0
20,41756-1786688958442437800,41756,40960,191,117,20,54,0.612565445026178,0.6,0.612565445026178,0.0013722130097448826,0.03598589077591896,0.07936984300613403,0.4029507040977478,5,2,0,3,0.4,0.6,0.8,0.2,0.5784502029418945,0.000244140625,0.004101562779396772,0.0004523169482126832,0.0027197266463190317,0.0045410157181322575,0.4541015625,-0.003765624947845936,0.0,0.0,0.0,0.0,0.0013722130097448826,0.0047851563431322575,0.004894573678029701,1.0226522760906074,1.0,0.7867743295200332,-0.026009303672860067,0.06728127816071112,0.05937148258090019,0.004746695980429649,0.06231807544827461,0.0665745660662651,0.07194861769676208,0.07850983738899231,0.0,0.0,0.0,4.1293575167655945,0.01751415761342893,0.14615885416666666,0.5827723716696104,0.00047952,0.005,0.0,0.0,0.0,0.0,0.0,0.0,0.0,0.0,0.0,,0.0,0.0,0.0,0.0,0.0,0.0,0.0,0.0,0.0,0.0,0.0,0.0,0.0,0.0,0.0,0.0,0.0,0.0,0.0,,,,,0.0,,0.2616232633590698,,,,,,,0.0,{},{},0.0,0.0,0.0,0.0,0.0,0.0,0.0,0,0,0.0,0.0,,0.0
21,41756-1786688958442437800,41756,43008,208,129,21,58,0.6201923076923077,0.64,0.625,0.004002482630312443,0.05321245640516281,0.24471968412399292,0.42421701550483704,17,12,1,4,0.7058823529411765,1.1764705882352942,1.7058823529411764,0.5294117647058824,0.5989167094230652,0.00439453125,0.0068359375,0.002463456243276596,0.0034228514414280653,0.00791015662252903,0.791015625,-0.0034316405653953552,0.0,0.0,0.0,0.0,0.004002482630312443,0.01230468787252903,0.008307514421176165,0.6750954930135757,1.0,0.27886621218924956,-0.021305740671232344,0.06872762627899646,0.061162710189819336,0.005749197211116552,0.06230758875608444,0.06700576841831207,0.07583174109458923,0.07904420047998428,0.0,0.0,0.0,3.8578829526901246,0.01086033311439678,0.078515625,0.6172612696886063,0.00047849599999999997,0.005,0.0,0.0,0.0,0.0,0.0,0.0,0.0,0.0,0.0,,0.0,0.0,0.0,0.0,0.0,0.0,0.0,0.0,0.0,0.0,0.0,0.0,0.0,0.0,0.0,0.0,0.0,0.0,0.0,,,,,0.0,,0.2686614692211151,,,,,,,0.0,{},{},0.0,0.0,0.0,0.0,0.0,0.0,0.0,0,0,0.0,0.0,,0.0
22,41756-1786688958442437800,41756,45056,217,138,21,58,0.6359447004608295,0.68,0.655,0.0033861654810607433,0.05074707418680191,0.1596589982509613,0.3970109522342682,9,9,0,0,1.0,2.111111111111111,2.7777777777777777,0.6666666666666666,0.6744089126586914,0.00439453125,0.005517578683793545,0.0013915880117565393,0.003613281063735485,0.00732421875,0.732421875,-0.0035761718172580004,0.0,0.0,0.0,0.0,0.0033861654810607433,0.01171875,0.006768795952666551,0.5775546366318864,1.0,0.3051406230728472,-0.022452988661825657,0.051210276409983636,0.04694093018770218,0.003076703753322363,0.04706748574972153,0.051032617688179016,0.05509774014353752,0.05678535997867584,0.0,0.0,0.0,3.998862624168396,0.01307040648534894,0.1064453125,0.5403573751449585,0.000477472,0.005,0.0,0.0,0.0,0.0,0.0,0.0,0.0,0.0,0.0,,0.0,0.0,0.0,0.0,0.0,0.0,0.0,0.0,0.0,0.0,0.0,0.0,0.0,0.0,0.0,0.0,0.0,0.0,0.0,,,,,0.0,,0.2265367954969406,,,,,,,0.0,{},{},0.0,0.0,0.0,0.0,0.0,0.0,0.0,0,0,0.0,0.0,,0.0
23,41756-1786688958442437800,41756,47104,228,143,22,63,0.6271929824561403,0.66,0.645,0.001163481385447085,0.04095752537250519,0.060719072818756104,0.3851238191127777,11,5,1,5,0.45454545454545453,0.7272727272727273,1.2727272727272727,0.5454545454545454,0.6014367938041687,0.000732421875,0.00375976599752903,0.0007387805380858481,0.0023388671688735485,0.0035644532181322575,0.3564453125,-0.0035996094811707735,0.0,0.0,0.0,0.0,0.001163481385447085,0.0042968750931322575,0.004529177924268879,1.0538179509930918,1.0,0.8375323626604994,-0.01867121793329716,0.0584680337458849,0.05488883703947067,0.002615974750369787,0.055364444851875305,0.05855812132358551,0.06116825342178345,0.06279830634593964,0.0,0.0,0.0,4.024111914634704,0.012785889231599868,0.09921875,0.5220189720392228,0.000476448,0.005,0.0,0.0,0.0,0.0,0.0,0.0,0.0,0.0,0.0,,0.0,0.0,0.0,0.0,0.0,0.0,0.0,0.0,0.0,0.0,0.0,0.0,0.0,0.0,0.0,0.0,0.0,0.0,0.0,,,,,0.0,,0.24313585460186005,,,,,,,0.0,{},{},0.0,0.0,0.0,0.0,0.0,0.0,0.0,0,0,0.0,0.0,,0.0
24,41756-1786688958442437800,41756,49152,239,151,22,66,0.6317991631799164,0.7,0.645,0.002770989201962948,0.0418534055352211,0.07927344739437103,0.40012064576148987,11,8,0,3,0.7272727272727273,1.1818181818181819,1.7272727272727273,0.5454545454545454,0.7451275587081909,0.003173828125,0.005517578683793545,0.001086502568796277,0.0019946289248764515,0.00634765625,0.634765625,-0.0037558593321591616,0.0,0.0,0.0,0.0,0.002770989201962948,0.009521484375,0.006287861557211727,0.6603173404746834,1.0,0.3944201097372934,-0.03204461429268122,0.040426972508430484,0.035754308104515076,0.0021146221552044153,0.03805794566869736,0.04062983766198158,0.0427594929933548,0.04371463507413864,0.0,0.0,0.0,4.020765765508016,0.015019226687339444,0.13763020833333334,0.5745532989501954,0.000475424,0.005,0.0,0.0,0.0,0.0,0.0,0.0,0.0,0.0,0.0,,0.0,0.0,0.0,0.0,0.0,0.0,0.0,0.0,0.0,0.0,0.0,0.0,0.0,0.0,0.0,0.0,0.0,0.0,0.0,,,,,0.0,,0.2020004689693451,,,,,,,0.0,{},{},0.0,0.0,0.0,0.0,0.0,0.0,0.0,0,0,0.0,0.0,,0.0
25,41756-1786688958442437800,41756,51200,249,157,22,70,0.6305220883534136,0.68,0.655,0.0024285782128572464,0.040904827415943146,0.11398406326770782,0.4100826680660248,10,6,0,4,0.6,1.3,1.5,0.2,0.6411870718002319,0.001953125,0.005664062686264515,0.0013301081489771605,0.0023852537851780653,0.005664062686264515,0.56640625,-0.0036503905430436134,0.0,0.0,0.0,0.0,0.0024285782128572464,0.007617187686264515,0.006592903169803321,0.8654162172573187,1.0,0.47916784061716095,-0.033515094994352415,0.0597651033447339,0.054325997829437256,0.00431537302210927,0.05536900833249092,0.0586867593228817,0.06653459370136261,0.06892639398574829,0.0,0.0,0.0,3.908963625247662,0.016645025255946584,0.13716947115384615,0.5035678285818833,0.0004744,0.005,0.0,0.0,0.0,0.0,0.0,0.0,0.0,0.0,0.0,,0.0,0.0,0.0,0.0,0.0,0.0,0.0,0.0,0.0,0.0,0.0,0.0,0.0,0.0,0.0,0.0,0.0,0.0,0.0,,,,,0.0,,0.24564358592033386,,,,,,,0.0,{},{},0.0,0.0,0.0,0.0,0.0,0.0,0.0,0,0,0.0,0.0,,0.0
26,41756-1786688958442437800,41756,53248,258,162,23,73,0.627906976744186,0.66,0.65,0.0015449377242475748,0.034021202474832535,0.054571691900491714,0.3937951326370239,9,5,1,3,0.5555555555555556,0.8888888888888888,1.1111111111111112,0.2222222222222222,0.62389075756073,0.001220703125,0.0047363280318677425,0.00045365007827058434,0.002099609235301614,0.00390625,0.390625,-0.003931640647351742,0.0,0.0,0.0,0.0,0.0015449377242475748,0.005126953125,0.005374642860260792,1.0481068623771383,1.0,0.7667076027243798,-0.028644630452618003,0.05577256716787815,0.04806876927614212,0.004600788466632366,0.04879273474216461,0.05725466087460518,0.059997670352458954,0.06375869363546371,0.0,0.0,0.0,4.171749134858449,0.017603085240504395,0.14371744791666666,0.6089135110378265,0.000473376,0.005,0.0,0.0,0.0,0.0,0.0,0.0,0.0,0.0,0.0,,0.0,0.0,0.0,0.0,0.0,0.0,0.0,0.0,0.0,0.0,0.0,0.0,0.0,0.0,0.0,0.0,0.0,0.0,0.0,,,,,0.0,,0.2415056675672531,,,,,,,0.0,{},{},0.0,0.0,0.0,0.0,0.0,0.0,0.0,0,0,0.0,0.0,,0.0
27,41756-1786688958442437800,41756,55296,269,169,24,76,0.6282527881040892,0.6,0.67,0.0025093520525842905,0.04374979808926582,0.12826091051101685,0.42489227652549744,11,7,1,3,0.6363636363636364,1.0,1.5454545454545454,0.5454545454545454,0.759044349193573,0.002197265625,0.005419922061264515,0.0012512275716289878,0.0023510740138590336,0.006152343936264515,0.615234375,-0.0037519531324505806,0.0,0.0,0.0,0.0,0.0025093520525842905,0.008349609561264515,0.00632049745763652,0.7568905492785872,1.0,0.44930290476692225,-0.027679527644068003,0.0423712432384491,0.03589169681072235,0.003416451858356595,0.0390046164393425,0.04212477058172226,0.04719655588269234,0.04864378273487091,0.0,0.0,0.0,3.8892067670822144,0.019180694051707785,0.16813151041666666,0.620000551144282,0.000472352,0.005,0.0,0.0,0.0,0.0,0.0,0.0,0.0,0.0,0.0,,0.0,0.0,0.0,0.0,0.0,0.0,0.0,0.0,0.0,0.0,0.0,0.0,0.0,0.0,0.0,0.0,0.0,0.0,0.0,,,,,0.0,,0.20856785774230957,,,,,,,0.0,{},{},0.0,0.0,0.0,0.0,0.0,0.0,0.0,0,0,0.0,0.0,,0.0
28,41756-1786688958442437800,41756,57344,276,174,24,78,0.6304347826086957,0.62,0.675,0.00189939234405756,0.03775039315223694,0.13420827686786652,0.44020405411720276,7,5,0,2,0.7142857142857143,1.0,1.7142857142857142,0.7142857142857143,0.638319194316864,0.001953125,0.00439453125,0.000763825373724103,0.0024243162479251623,0.0048828125,0.48828125,-0.003869140986353159,0.0,0.0,0.0,0.0,0.00189939234405756,0.0068359375,0.005191566655412316,0.7593409557147943,1.0,0.5659172672491388,-0.030778655137580175,0.06834982220943157,0.06248264014720917,0.0032707233913242817,0.06453617662191391,0.06850750744342804,0.07224645465612411,0.07377971708774567,0.0,0.0,0.0,3.935155886870164,0.018500222824513912,0.14948918269230768,0.6264340373185965,0.000471328,0.005,0.0,0.0,0.0,0.0,0.0,0.0,0.0,0.0,0.0,,0.0,0.0,0.0,0.0,0.0,0.0,0.0,0.0,0.0,0.0,0.0,0.0,0.0,0.0,0.0,0.0,0.0,0.0,0.0,,,,,0.0,,0.2647382915019989,,,,,,,0.0,{},{},0.0,0.0,0.0,0.0,0.0,0.0,0.0,0,0,0.0,0.0,,0.0
29,41756-1786688958442437800,41756,59392,287,182,24,81,0.6341463414634146,0.66,0.68,0.002895060461014509,0.0380927138030529,0.2128705084323883,0.36848321557044983,11,8,0,3,0.7272727272727273,1.1818181818181819,1.3636363636363635,0.18181818181818182,0.5518428683280945,0.003173828125,0.005664062686264515,0.001133288023993373,0.0026049804873764515,0.00634765625,0.634765625,-0.0038535157218575478,0.0,0.0,0.0,0.0,0.002895060461014509,0.009521484375,0.006598629814106971,0.6929525483319022,1.0,0.40467545759113394,-0.029351698736158702,0.058370785357860416,0.050258103758096695,0.005396437365561724,0.05078713968396187,0.05897965282201767,0.06371714174747467,0.06881494075059891,0.0,0.0,0.0,3.9377437188075137,0.019960092425418016,0.1697716346153846,0.5940509461439573,0.000470304,0.005,0.0,0.0,0.0,0.0,0.0,0.0,0.0,0.0,0.0,,0.0,0.0,0.0,0.0,0.0,0.0,0.0,0.0,0.0,0.0,0.0,0.0,0.0,0.0,0.0,0.0,0.0,0.0,0.0,,,,,0.0,,0.2466793805360794,,,,,,,0.0,{},{},0.0,0.0,0.0,0.0,0.0,0.0,0.0,0,0,0.0,0.0,,0.0
30,41756-1786688958442437800,41756,61440,299,192,24,83,0.6421404682274248,0.7,0.69,0.0036343655083328485,0.0459919236600399,0.1685960292816162,0.4507578909397125,12,10,0,2,0.8333333333333334,1.75,2.0,0.25,0.7859742641448975,0.00439453125,0.006542969029396772,0.0017296639271080494,0.0028564452659338713,0.00732421875,0.732421875,-0.003718750085681677,0.0,0.0,0.0,0.0,0.0036343655083328485,0.01171875,0.0076894963276572526,0.6561143648676169,1.0,0.3173062638436551,-0.017076883651316165,0.04064091071486473,0.035765718668699265,0.0039606848731637,0.03702040761709213,0.03966021537780762,0.04432640224695206,0.04957955703139305,0.0,0.0,0.0,3.9238083362579346,0.014912563166581095,0.1251953125,0.6458069920539856,0.00046928,0.005,0.0,0.0,0.0,0.0,0.0,0.0,0.0,0.0,0.0,,0.0,0.0,0.0,0.0,0.0,0.0,0.0,0.0,0.0,0.0,0.0,0.0,0.0,0.0,0.0,0.0,0.0,0.0,0.0,,,,,0.0,,0.20853374898433685,,,,,,,0.0,{},{},0.0,0.0,0.0,0.0,0.0,0.0,0.0,0,0,0.0,0.0,,0.0
31,41756-1786688958442437800,41756,63488,309,198,25,86,0.6407766990291263,0.7,0.68,0.0025788978673517704,0.04378833249211311,0.19655291736125946,0.446320116519928,10,6,1,3,0.6,1.2,1.5,0.3,0.6871265172958374,0.001708984375,0.005908203776925802,0.0010480530327185988,0.003054199041798711,0.00634765625,0.634765625,-0.0038300780579447746,0.0,0.0,0.0,0.0,0.0025788978673517704,0.008056640625,0.00693376679555513,0.8605207303540086,1.0,0.47533493192304976,-0.02042348706163466,0.061580225359648466,0.05358792841434479,0.00419509457424283,0.056482139974832535,0.06207822263240814,0.06622769683599472,0.0679115578532219,0.0,0.0,0.0,3.8039379119873047,0.014358578802784905,0.107666015625,0.6386846899986267,0.000468256,0.005,0.0,0.0,0.0,0.0,0.0,0.0,0.0,0.0,0.0,,0.0,0.0,0.0,0.0,0.0,0.0,0.0,0.0,0.0,0.0,0.0,0.0,0.0,0.0,0.0,0.0,0.0,0.0,0.0,,,,,0.0,,0.24964956939220428,,,,,,,0.0,{},{},0.0,0.0,0.0,0.0,0.0,0.0,0.0,0,0,0.0,0.0,,0.0
32,41756-1786688958442437800,41756,65536,320,207,25,88,0.646875,0.74,0.68,0.0030659777112305164,0.0432402528822422,0.25767695903778076,0.4140736162662506,11,9,0,2,0.8181818181818182,1.2727272727272727,2.090909090909091,0.8181818181818182,0.6198463439941406,0.00390625,0.00595703162252903,0.0018536403076723218,0.0034887695219367743,0.005664062686264515,0.56640625,-0.003718750085681677,0.0,0.0,0.0,0.0,0.0030659777112305164,0.009570312686264515,0.007292634079931304,0.761926218375117,1.0,0.3885308324550233,-0.02308772982690822,0.06414774839173663,0.05843660235404968,0.0034242887049913406,0.06045368313789368,0.06454633921384811,0.06887578964233398,0.07029637694358826,0.0,0.0,0.0,3.7362589185888115,0.017688648828135974,0.15482954545454544,0.7047486088492654,0.000467232,0.005,0.0,0.0,0.0,0.0,0.0,0.0,0.0,0.0,0.0,,0.0,0.0,0.0,0.0,0.0,0.0,0.0,0.0,0.0,0.0,0.0,0.0,0.0,0.0,0.0,0.0,0.0,0.0,0.0,,,,,0.0,,0.2553037405014038,,,,,,,0.0,{},{},0.0,0.0,0.0,0.0,0.0,0.0,0.0,0,0,0.0,0.0,,0.0
33,41756-1786688958442437800,41756,67584,330,215,25,90,0.6515151515151515,0.76,0.68,0.004589218646287918,0.047833964228630066,0.2971278429031372,0.395879864692688,10,8,0,2,0.8,1.7,1.9,0.2,0.7331913709640503,0.00341796875,0.0078125,0.002001499757170677,0.0033813477493822575,0.0107421875,1.07421875,-0.003705078037455678,0.0,0.0,0.0,0.0,0.004589218646287918,0.01416015625,0.009158211876638234,0.6467135673782453,1.0,0.2616366892679175,-0.02518228008411825,0.04061440750956535,0.03436044976115227,0.004773775115609169,0.03498693183064461,0.03998345136642456,0.04606949910521507,0.04893597960472107,0.0,0.0,0.0,3.6610602855682375,0.014527257229201496,0.1173828125,0.6370232492685318,0.000466208,0.005,0.0,0.0,0.0,0.0,0.0,0.0,0.0,0.0,0.0,,0.0,0.0,0.0,0.0,0.0,0.0,0.0,0.0,0.0,0.0,0.0,0.0,0.0,0.0,0.0,0.0,0.0,0.0,0.0,,,,,0.0,,0.20448587834835052,,,,,,,0.0,{},{},0.0,0.0,0.0,0.0,0.0,0.0,0.0,0,0,0.0,0.0,,0.0
34,41756-1786688958442437800,41756,69632,341,224,26,91,0.656891495601173,0.76,0.685,0.0039125364273786545,0.04858716204762459,0.2513633966445923,0.4889064133167267,11,9,1,1,0.8181818181818182,1.8181818181818181,2.0,0.18181818181818182,0.7748866081237793,0.003662109375,0.006591796875,0.002167247235774994,0.0036328122951090336,0.00893554650247097,0.8935546875,-0.0037304686848074198,0.0,0.0,0.0,0.0,0.0039125364273786545,0.01259765587747097,0.008041811757721007,0.6383071206906641,1.0,0.29610053017467347,-0.02264706299386241,0.05019612102345987,0.04042644053697586,0.006388443522155285,0.04256869852542877,0.04991215094923973,0.05938199907541275,0.060615286231040955,0.0,0.0,0.0,3.689284259622747,0.015562222561460327,0.12180397727272728,0.599056132815101,0.000465184,0.005,0.0,0.0,0.0,0.0,0.0,0.0,0.0,0.0,0.0,,0.0,0.0,0.0,0.0,0.0,0.0,0.0,0.0,0.0,0.0,0.0,0.0,0.0,0.0,0.0,0.0,0.0,0.0,0.0,,,,,0.0,,0.23196709156036377,,,,,,,0.0,{},{},0.0,0.0,0.0,0.0,0.0,0.0,0.0,0,0,0.0,0.0,,0.0
35,41756-1786688958442437800,41756,71680,352,232,27,93,0.6590909090909091,0.76,0.695,0.0026103686541318893,0.04707450792193413,0.2058451771736145,0.470225065946579,11,8,1,2,0.7272727272727273,1.2727272727272727,1.8181818181818181,0.5454545454545454,0.7754075527191162,0.0029296875,0.005322265438735485,0.001220445497892797,0.0031323242001235485,0.005859375,0.5859375,-0.0038281248416751623,0.0,0.0,0.0,0.0,0.0026103686541318893,0.0087890625,0.0064104578632395715,0.7292846738279246,1.0,0.4355059866383388,-0.029610675604393084,0.049128561901549496,0.04026805981993675,0.004401329439133406,0.04344521462917328,0.04969995468854904,0.05416319519281387,0.05500880628824234,0.0,0.0,0.0,3.8611687421798706,0.015914748383996386,0.13297526041666666,0.6673478210965792,0.00046416000000000003,0.005,0.0,0.0,0.0,0.0,0.0,0.0,0.0,0.0,0.0,,0.0,0.0,0.0,0.0,0.0,0.0,0.0,0.0,0.0,0.0,0.0,0.0,0.0,0.0,0.0,0.0,0.0,0.0,0.0,,,,,0.0,,0.22284522652626038,,,,,,,0.0,{},{},0.0,0.0,0.0,0.0,0.0,0.0,0.0,0,0,0.0,0.0,,0.0
36,41756-1786688958442437800,41756,73728,363,239,27,97,0.6584022038567493,0.76,0.695,0.0030403360724449158,0.04509102553129196,0.04602854698896408,0.5003860592842102,11,7,0,4,0.6363636363636364,1.2727272727272727,1.8181818181818181,0.5454545454545454,0.8215256929397583,0.00244140625,0.006103515625,0.0012867271434515715,0.003447265364229679,0.00732421875,0.732421875,-0.0037773437798023224,0.0,0.0,0.0,0.0,0.0030403360724449158,0.009765625,0.007287013751920313,0.746113806142891,1.0,0.3867603987869221,-0.03037188868396557,0.041282738344027445,0.030727379024028778,0.006327987182885408,0.03394871577620506,0.04116780683398247,0.04507121443748474,0.05801696702837944,0.0,0.0,0.0,3.833205296443059,0.014180387128502704,0.11313100961538461,0.5672179414675786,0.000463136,0.005,0.0,0.0,0.0,0.0,0.0,0.0,0.0,0.0,0.0,,0.0,0.0,0.0,0.0,0.0,0.0,0.0,0.0,0.0,0.0,0.0,0.0,0.0,0.0,0.0,0.0,0.0,0.0,0.0,,,,,0.0,,0.21139422059059143,,,,,,,0.0,{},{},0.0,0.0,0.0,0.0,0.0,0.0,0.0,0,0,0.0,0.0,,0.0
37,41756-1786688958442437800,41756,75776,374,246,27,101,0.6577540106951871,0.72,0.69,0.0018097434658557177,0.04606140777468681,0.1049608662724495,0.455862432718277,11,7,0,4,0.6363636363636364,1.0,1.6363636363636365,0.6363636363636364,0.7049887776374817,0.00244140625,0.005175781436264515,0.0010203132405877113,0.0031713866628706455,0.003173828125,0.3173828125,-0.003753906348720193,0.0,0.0,0.0,0.0,0.0018097434658557177,0.005615234375,0.006223706412129104,1.108163583740948,1.0,0.6684027229045606,-0.02264642557129264,0.06110541559755802,0.05143177509307861,0.004588271025568247,0.05650634318590164,0.06132296472787857,0.06623774021863937,0.06792587041854858,0.0,0.0,0.0,3.816930913925171,0.010657165618613362,0.0919921875,0.6095484226942063,0.00046211200000000004,0.005,0.0,0.0,0.0,0.0,0.0,0.0,0.0,0.0,0.0,,0.0,0.0,0.0,0.0,0.0,0.0,0.0,0.0,0.0,0.0,0.0,0.0,0.0,0.0,0.0,0.0,0.0,0.0,0.0,,,,,0.0,,0.24760137498378754,,,,,,,0.0,{},{},0.0,0.0,0.0,0.0,0.0,0.0,0.0,0,0,0.0,0.0,,0.0
38,41756-1786688958442437800,41756,77824,384,256,27,101,0.6666666666666666,0.76,0.71,0.003940675873309374,0.048419781029224396,0.21722888946533203,0.3320555090904236,10,10,0,0,1.0,1.5,2.0,0.5,0.3401622772216797,0.0048828125,0.006396484561264515,0.002021028660237789,0.003625488141551614,0.0078125,0.78125,-0.0036484375596046448,0.0,0.0,0.0,0.0,0.003940675873309374,0.0126953125,0.007808113761711866,0.6149906724264912,1.0,0.28736198479713265,-0.03171396928911026,0.06998045455950958,0.06520195305347443,0.004054557997733355,0.06605128943920135,0.06866953521966934,0.07691145688295364,0.07809676229953766,0.0,0.0,0.0,3.54872648532574,0.016158260261783235,0.13146033653846154,0.757979901937338,0.000461088,0.005,0.0,0.0,0.0,0.0,0.0,0.0,0.0,0.0,0.0,,0.0,0.0,0.0,0.0,0.0,0.0,0.0,0.0,0.0,0.0,0.0,0.0,0.0,0.0,0.0,0.0,0.0,0.0,0.0,,,,,0.0,,0.26973000168800354,,,,,,,0.0,{},{},0.0,0.0,0.0,0.0,0.0,0.0,0.0,0,0,0.0,0.0,,0.0
39,41756-1786688958442437800,41756,79872,395,265,28,102,0.6708860759493671,0.78,0.72,0.004169574938714504,0.04590180143713951,0.2892463505268097,0.2767317593097687,11,9,1,1,0.8181818181818182,1.2727272727272727,1.7272727272727273,0.45454545454545453,0.28898316621780396,0.003662109375,0.00722656212747097,0.001841214019805193,0.0031884764321148396,0.00927734375,0.927734375,-0.0036718749906867743,0.0,0.0,0.0,0.0,0.004169574938714504,0.012939453125,0.008483984740450978,0.655617284688474,1.0,0.28375165500139893,-0.020026308639595907,0.05143373045656416,0.04321826621890068,0.004555852618068457,0.046028025448322296,0.05168683081865311,0.05739491060376167,0.059266455471515656,0.0,0.0,0.0,3.625241200129191,0.013462497684587207,0.1052517361111111,0.7014420827229818,0.00046006400000000005,0.005,0.0,0.0,0.0,0.0,0.0,0.0,0.0,0.0,0.0,,0.0,0.0,0.0,0.0,0.0,0.0,0.0,0.0,0.0,0.0,0.0,0.0,0.0,0.0,0.0,0.0,0.0,0.0,0.0,,,,,0.0,,0.23334524035453796,,,,,,,0.0,{},{},0.0,0.0,0.0,0.0,0.0,0.0,0.0,0,0,0.0,0.0,,0.0
40,41756-1786688958442437800,41756,81920,404,272,28,104,0.6732673267326733,0.76,0.72,0.0033817861694842577,0.046945467591285706,0.3349396884441376,0.2287030816078186,9,7,0,2,0.7777777777777778,1.5555555555555556,2.0,0.4444444444444444,0.5687220096588135,0.0029296875,0.00600585900247097,0.0016960704233497381,0.003974609076976776,0.0078125,0.78125,-0.0036914062220603228,0.0,0.0,0.0,0.0,0.0033817861694842577,0.0107421875,0.007423528877552599,0.6909987261743872,1.0,0.34360437459183535,-0.02999376590984563,0.02291462415208419,0.020389754325151443,0.0020467948634177446,0.02066095359623432,0.021934334188699722,0.02587718330323696,0.026363549754023552,0.0,0.0,0.0,3.4112059275309243,0.016161400242708623,0.12646484375,0.7057893921931585,0.00045904,0.005,0.0,0.0,0.0,0.0,0.0,0.0,0.0,0.0,0.0,,0.0,0.0,0.0,0.0,0.0,0.0,0.0,0.0,0.0,0.0,0.0,0.0,0.0,0.0,0.0,0.0,0.0,0.0,0.0,,,,,0.0,,0.15019333362579346,,,,,,,0.0,{},{},0.0,0.0,0.0,0.0,0.0,0.0,0.0,0,0,0.0,0.0,,0.0
41,41756-1786688958442437800,41756,83968,415,282,28,105,0.6795180722891566,0.86,0.73,0.0033370291348546743,0.047325197607278824,0.3257843852043152,0.28283146023750305,11,10,0,1,0.9090909090909091,1.7272727272727273,2.1818181818181817,0.45454545454545453,0.6160638332366943,0.004638671875,0.005664062220603228,0.0016188216395676136,0.003581542754545808,0.00634765625,0.634765625,-0.003705078037455678,0.0,0.0,0.0,0.0,0.0033370291348546743,0.010986328125,0.006964153319131583,0.633835017931767,1.0,0.3372137425317566,-0.030368735858549673,0.029661853332072496,0.02605924755334854,0.0020081999246031046,0.026964543387293816,0.02960265427827835,0.03177985921502113,0.03380624204874039,0.0,0.0,0.0,3.548012355963389,0.018432139477226883,0.14322916666666666,0.6908176019787788,0.000458016,0.005,0.0,0.0,0.0,0.0,0.0,0.0,0.0,0.0,0.0,,0.0,0.0,0.0,0.0,0.0,0.0,0.0,0.0,0.0,0.0,0.0,0.0,0.0,0.0,0.0,0.0,0.0,0.0,0.0,,,,,0.0,,0.17524968087673187,,,,,,,0.0,{},{},0.0,0.0,0.0,0.0,0.0,0.0,0.0,0,0,0.0,0.0,,0.0
42,41756-1786688958442437800,41756,86016,428,294,28,106,0.6869158878504673,0.88,0.755,0.004912680946290493,0.05015420541167259,0.29302871227264404,0.3169898986816406,13,12,0,1,0.9230769230769231,1.6923076923076923,2.230769230769231,0.5384615384615384,0.6536633968353271,0.005615234375,0.007617187686264515,0.0022495421580970287,0.003195800818502903,0.01025390625,1.025390625,-0.003638671711087227,0.0,0.0,0.0,0.0,0.004912680946290493,0.015869140625,0.008978523430414498,0.5657494563262256,1.0,0.22927784933142184,-0.02732002651318908,0.03501864355057478,0.03085450269281864,0.002809861907735467,0.03190065547823906,0.03479547053575516,0.03893321007490158,0.03894018009305,0.0,0.0,0.0,3.374370741844177,0.013634957285830751,0.103515625,0.6122393190860749,0.00045699200000000003,0.005,0.0,0.0,0.0,0.0,0.0,0.0,0.0,0.0,0.0,,0.0,0.0,0.0,0.0,0.0,0.0,0.0,0.0,0.0,0.0,0.0,0.0,0.0,0.0,0.0,0.0,0.0,0.0,0.0,,,,,0.0,,0.18654972314834595,,,,,,,0.0,{},{},0.0,0.0,0.0,0.0,0.0,0.0,0.0,0,0,0.0,0.0,,0.0
43,41756-1786688958442437800,41756,88064,438,302,28,108,0.6894977168949772,0.86,0.76,0.004043223336338997,0.04596966877579689,0.327983021736145,0.27714428305625916,10,8,0,2,0.8,1.5,1.9,0.4,0.5460262298583984,0.00341796875,0.0072265625931322575,0.0016895311418920755,0.002875976264476776,0.00927734375,0.927734375,-0.003722656285390258,0.0,0.0,0.0,0.0,0.004043223336338997,0.0126953125,0.00836793944472447,0.6590842376260407,1.0,0.2932076762753168,-0.023420407250523568,0.034394513443112375,0.030801206827163696,0.0024481078144162893,0.03089928813278675,0.03418766334652901,0.0383078008890152,0.03849660977721214,0.0,0.0,0.0,3.4381115436553955,0.017515135806752367,0.130859375,0.7199195444583892,0.000455968,0.005,0.0,0.0,0.0,0.0,0.0,0.0,0.0,0.0,0.0,,0.0,0.0,0.0,0.0,0.0,0.0,0.0,0.0,0.0,0.0,0.0,0.0,0.0,0.0,0.0,0.0,0.0,0.0,0.0,,,,,0.0,,0.18673308193683624,,,,,,,0.0,{},{},0.0,0.0,0.0,0.0,0.0,0.0,0.0,0,0,0.0,0.0,,0.0
44,41756-1786688958442437800,41756,90112,450,313,28,109,0.6955555555555556,0.9,0.775,0.0037400664296001196,0.04633357375860214,0.3149454593658447,0.3231174051761627,12,11,0,1,0.9166666666666666,1.5833333333333333,1.9166666666666667,0.3333333333333333,0.6084321737289429,0.005126953125,0.005908203311264515,0.0018978926818817854,0.0030712890438735485,0.0074707032181322575,0.7470703125,-0.003687500022351742,0.0,0.0,0.0,0.0,0.0037400664296001196,0.012597656343132257,0.007150498742703348,0.5675604245369553,1.0,0.29268994422265204,-0.01730735393034087,0.040659966982073255,0.035371460020542145,0.0028106989338994026,0.037874288856983185,0.040917202830314636,0.044271670281887054,0.04551513493061066,0.0,0.0,0.0,3.474061965942383,0.01266143195486317,0.10069444444444445,0.7420417070388794,0.00045494400000000004,0.005,0.0,0.0,0.0,0.0,0.0,0.0,0.0,0.0,0.0,,0.0,0.0,0.0,0.0,0.0,0.0,0.0,0.0,0.0,0.0,0.0,0.0,0.0,0.0,0.0,0.0,0.0,0.0,0.0,,,,,0.0,,0.20219194889068604,,,,,,,0.0,{},{},0.0,0.0,0.0,0.0,0.0,0.0,0.0,0,0,0.0,0.0,,0.0
45,41756-1786688958442437800,41756,92160,457,318,28,111,0.6958424507658644,0.88,0.785,0.0019437766168266535,0.03523169085383415,0.19816583395004272,0.27728450298309326,7,5,0,2,0.7142857142857143,1.4285714285714286,1.7142857142857142,0.2857142857142857,0.5268000364303589,0.001953125,0.0052734375931322575,0.0005750517593696713,0.0017846678383648396,0.00439453125,0.439453125,-0.003908202983438969,0.0,0.0,0.0,0.0,0.0019437766168266535,0.00634765625,0.005863367492565885,0.9235603979292287,1.0,0.6155953054536492,-0.0270674632396549,0.035246425122022626,0.03062516823410988,0.0037835179828107357,0.03183186426758766,0.03386219963431358,0.040139973163604736,0.04340369254350662,0.0,0.0,0.0,3.587626314163208,0.013578098767902702,0.1126953125,0.7210329949855805,0.00045392,0.005,0.0,0.0,0.0,0.0,0.0,0.0,0.0,0.0,0.0,,0.0,0.0,0.0,0.0,0.0,0.0,0.0,0.0,0.0,0.0,0.0,0.0,0.0,0.0,0.0,0.0,0.0,0.0,0.0,,,,,0.0,,0.19074273109436035,,,,,,,0.0,{},{},0.0,0.0,0.0,0.0,0.0,0.0,0.0,0,0,0.0,0.0,,0.0
46,41756-1786688958442437800,41756,94208,468,325,29,114,0.6944444444444444,0.8,0.785,0.0030308226123452187,0.03974306210875511,0.27270376682281494,0.3009539246559143,11,7,1,3,0.6363636363636364,1.1818181818181819,1.4545454545454546,0.2727272727272727,0.42705923318862915,0.002197265625,0.006542969029396772,0.0015946582425385714,0.0026391600258648396,0.0068359375,0.68359375,-0.0037167968694120646,0.0,0.0,0.0,0.0,0.0030308226123452187,0.009033203125,0.007601423596497625,0.8414049907138462,1.0,0.41141391420862755,-0.030939978798134968,0.05207241326570511,0.045799002051353455,0.004139682278037071,0.048274267464876175,0.05085839703679085,0.05598274990916252,0.06236247718334198,0.0,0.0,0.0,3.4563400011796217,0.020998248857302733,0.16090745192307693,0.7604152743632977,0.00045289600000000005,0.005,0.0,0.0,0.0,0.0,0.0,0.0,0.0,0.0,0.0,,0.0,0.0,0.0,0.0,0.0,0.0,0.0,0.0,0.0,0.0,0.0,0.0,0.0,0.0,0.0,0.0,0.0,0.0,0.0,,,,,0.0,,0.22780059278011322,,,,,,,0.0,{},{},0.0,0.0,0.0,0.0,0.0,0.0,0.0,0,0,0.0,0.0,,0.0
47,41756-1786688958442437800,41756,96256,477,332,29,116,0.6960167714884696,0.76,0.79,0.0033281256910413504,0.042558033019304276,0.3279360830783844,0.239626944065094,9,7,0,2,0.7777777777777778,1.6666666666666667,1.8888888888888888,0.2222222222222222,0.36514711380004883,0.0029296875,0.00668945349752903,0.0008115786476992071,0.0027050781063735485,0.007617187686264515,0.76171875,-0.003810546826571226,0.0,0.0,0.0,0.0,0.0033281256910413504,0.010546875186264515,0.007568617686047219,0.7175490373552299,1.0,0.3612620323317189,-0.029563859943300484,0.03665963895618916,0.034377068281173706,0.0014159955317154527,0.034784648567438126,0.03731010854244232,0.038160569965839386,0.038398731499910355,0.0,0.0,0.0,3.523519682884216,0.013613821368198841,0.11875,0.7149698078632355,0.000451872,0.005,0.0,0.0,0.0,0.0,0.0,0.0,0.0,0.0,0.0,,0.0,0.0,0.0,0.0,0.0,0.0,0.0,0.0,0.0,0.0,0.0,0.0,0.0,0.0,0.0,0.0,0.0,0.0,0.0,,,,,0.0,,0.1909291297197342,,,,,,,0.0,{},{},0.0,0.0,0.0,0.0,0.0,0.0,0.0,0,0,0.0,0.0,,0.0
48,41756-1786688958442437800,41756,98304,489,343,29,117,0.7014314928425358,0.8,0.795,0.0041093649342656136,0.047675713896751404,0.3780149817466736,0.29072102904319763,12,11,0,1,0.9166666666666666,1.5833333333333333,1.9166666666666667,0.3333333333333333,0.6098048686981201,0.005126953125,0.006884765811264515,0.0016625204589217901,0.0028860471211373806,0.00795898400247097,0.7958984375,-0.003640624927356839,0.0,0.0,0.0,0.0,0.0041093649342656136,0.01308593712747097,0.008021907706279308,0.6129706002362012,1.0,0.27818769906938373,-0.021065946978827316,0.033188834579454526,0.031183434650301933,0.0010332537349313498,0.031547412276268005,0.03337317332625389,0.03413566201925278,0.0344262570142746,0.0,0.0,0.0,3.4038101302252874,0.013339870143681765,0.10460069444444445,0.7267945673730638,0.00045084800000000006,0.005,0.0,0.0,0.0,0.0,0.0,0.0,0.0,0.0,0.0,,0.0,0.0,0.0,0.0,0.0,0.0,0.0,0.0,0.0,0.0,0.0,0.0,0.0,0.0,0.0,0.0,0.0,0.0,0.0,,,,,0.0,,0.1816006451845169,,,,,,,0.0,{},{},0.0,0.0,0.0,0.0,0.0,0.0,0.0,0,0,0.0,0.0,,0.0
49,41756-1786688958442437800,41756,100352,501,352,29,120,0.7025948103792415,0.76,0.795,0.004006706178188324,0.0490231066942215,0.43134671449661255,0.2667713761329651,12,9,0,3,0.75,1.3333333333333333,1.9166666666666667,0.5833333333333334,0.4907035231590271,0.003662109375,0.007128906436264515,0.0022271813359111547,0.004013671539723873,0.00830078125,0.830078125,-0.003515625139698386,0.0,0.0,0.0,0.0,0.004006706178188324,0.011962890625,0.008689119655173272,0.7262787606078831,1.0,0.29385299898613765,-0.02437339168973267,0.03484462648630142,0.03263320028781891,0.002458230359479785,0.0330616794526577,0.03416958078742027,0.03623034805059433,0.041684526950120926,0.0,0.0,0.0,3.23459997177124,0.01528084451565519,0.1240234375,0.822001326084137,0.00044982400000000004,0.005,0.0,0.0,0.0,0.0,0.0,0.0,0.0,0.0,0.0,,0.0,0.0,0.0,0.0,0.0,0.0,0.0,0.0,0.0,0.0,0.0,0.0,0.0,0.0,0.0,0.0,0.0,0.0,0.0,,,,,0.0,,0.19038140773773193,,,,,,,0.0,{},{},0.0,0.0,0.0,0.0,0.0,0.0,0.0,0,0,0.0,0.0,,0.0
50,41756-1786688958442437800,41756,102400,510,361,29,120,0.707843137254902,0.82,0.81,0.002751770196482539,0.04315808415412903,0.3787616789340973,0.28711751103401184,9,9,0,0,1.0,1.6666666666666667,2.0,0.3333333333333333,0.38969796895980835,0.00439453125,0.00537109375,0.0006845224415883422,0.003015136579051614,0.004833984188735485,0.4833984375,-0.0037519531324505806,0.0,0.0,0.0,0.0,0.002751770196482539,0.009228515438735485,0.006296008505159989,0.6821602441593175,1.0,0.4065168054981473,-0.025223229685798286,0.04960539415478706,0.04477420449256897,0.003067926736548543,0.044881097972393036,0.05024894326925278,0.05316626653075218,0.05396963655948639,0.0,0.0,0.0,3.4648610830307005,0.014757672802079468,0.1134765625,0.800880640745163,0.0004488,0.005,0.0,0.0,0.0,0.0,0.0,0.0,0.0,0.0,0.0,,0.0,0.0,0.0,0.0,0.0,0.0,0.0,0.0,0.0,0.0,0.0,0.0,0.0,0.0,0.0,0.0,0.0,0.0,0.0,,,,,0.0,,0.22430145740509033,,,,,,,0.0,{},{},0.0,0.0,0.0,0.0,0.0,0.0,0.0,0,0,0.0,0.0,,0.0
51,41756-1786688958442437800,41756,104448,522,370,30,122,0.7088122605363985,0.86,0.805,0.003680601017549634,0.04611168056726456,0.34960776567459106,0.27706533670425415,12,9,1,2,0.75,1.5,2.1666666666666665,0.6666666666666666,0.6495803594589233,0.00341796875,0.00649414025247097,0.0016972078010439873,0.0030590819660574198,0.00844726525247097,0.8447265625,-0.0036953126545995474,0.0,0.0,0.0,0.0,0.003680601017549634,0.01186523400247097,0.007683212694246322,0.6474853515147607,1.0,0.31141410609550196,-0.021082148783736758,0.027218339757786855,0.023764245212078094,0.0021185409277677536,0.025125864893198013,0.02678501233458519,0.030086318030953407,0.030191835016012192,0.0,0.0,0.0,3.474322133594089,0.016253408406757645,0.12348090277777778,0.7095460163222419,0.000447776,0.005,0.0,0.0,0.0,0.0,0.0,0.0,0.0,0.0,0.0,,0.0,0.0,0.0,0.0,0.0,0.0,0.0,0.0,0.0,0.0,0.0,0.0,0.0,0.0,0.0,0.0,0.0,0.0,0.0,,,,,0.0,,0.16401229798793793,,,,,,,0.0,{},{},0.0,0.0,0.0,0.0,0.0,0.0,0.0,0,0,0.0,0.0,,0.0
52,41756-1786688958442437800,41756,106496,531,376,30,125,0.7080979284369114,0.8,0.805,0.002027012873440981,0.03847023844718933,0.3213149607181549,0.2544991672039032,9,6,0,3,0.6666666666666666,1.2222222222222223,1.6666666666666667,0.4444444444444444,0.462279736995697,0.002197265625,0.00537109375,0.0009916150011122227,0.0025732419453561306,0.0040527344681322575,0.4052734375,-0.0037734373472630978,0.0,0.0,0.0,0.0,0.002027012873440981,0.0062500000931322575,0.006262307986617088,1.0018089734948579,1.0,0.6036533820258352,-0.025386198610067367,0.03440508432686329,0.030078597366809845,0.0023269427474588156,0.03210560232400894,0.03453802317380905,0.036732789129018784,0.03857411444187164,0.0,0.0,0.0,3.5316477060317992,0.014281755837146193,0.1044921875,0.6900794982910157,0.00044675199999999997,0.005,0.0,0.0,0.0,0.0,0.0,0.0,0.0,0.0,0.0,,0.0,0.0,0.0,0.0,0.0,0.0,0.0,0.0,0.0,0.0,0.0,0.0,0.0,0.0,0.0,0.0,0.0,0.0,0.0,,,,,0.0,,0.1866227388381958,,,,,,,0.0,{},{},0.0,0.0,0.0,0.0,0.0,0.0,0.0,0,0,0.0,0.0,,0.0
53,41756-1786688958442437800,41756,108544,541,380,32,129,0.7024029574861368,0.72,0.78,0.00013295430107973516,0.044414497911930084,0.14565494656562805,0.39153313636779785,10,4,2,4,0.4,0.2,1.0,0.8,0.48972469568252563,0.0,0.00244140625,0.0004434579168446362,0.0030224607326090336,0.0009765625,0.09765625,-0.003683593822643161,0.0,0.0,0.0,0.0,0.00013295430107973516,0.0009765625,0.0033078859123634174,3.383810152663812,1.0,3.768141497493164,-0.026360833763398907,0.0792697248133746,0.0649930089712143,0.00812558177858591,0.06660574674606323,0.080532506108284,0.08927314728498459,0.09072185307741165,0.0,0.0,0.0,3.4677760384299536,0.015739516090517016,0.12624289772727273,0.777701735496521,0.000445728,0.005,0.0,0.0,0.0,0.0,0.0,0.0,0.0,0.0,0.0,,0.0,0.0,0.0,0.0,0.0,0.0,0.0,0.0,0.0,0.0,0.0,0.0,0.0,0.0,0.0,0.0,0.0,0.0,0.0,,,,,0.0,,0.2796860635280609,,,,,,,0.0,{},{},0.0,0.0,0.0,0.0,0.0,0.0,0.0,0,0,0.0,0.0,,0.0
54,41756-1786688958442437800,41756,110592,553,388,34,131,0.701627486437613,0.68,0.775,0.003490234725177288,0.04687363654375076,0.283829927444458,0.32222139835357666,12,8,2,2,0.6666666666666666,1.1666666666666667,1.8333333333333333,0.6666666666666666,0.6205536127090454,0.00244140625,0.006884765811264515,0.0020122623536735773,0.0034277341328561306,0.00795898400247097,0.7958984375,-0.003605468664318323,0.0,0.0,0.0,0.0,0.003490234725177288,0.01040039025247097,0.008244764932896942,0.792659897645731,1.0,0.3466333419671282,-0.012934176650430475,0.04127587644117219,0.03477443754673004,0.004749305546283722,0.03573938459157944,0.040550440549850464,0.046458516269922256,0.05012170970439911,0.0,0.0,0.0,3.3607615743364607,0.014565949644228178,0.11551339285714286,0.8072935342788696,0.000444704,0.005,0.0,0.0,0.0,0.0,0.0,0.0,0.0,0.0,0.0,,0.0,0.0,0.0,0.0,0.0,0.0,0.0,0.0,0.0,0.0,0.0,0.0,0.0,0.0,0.0,0.0,0.0,0.0,0.0,,,,,0.0,,0.198485866189003,,,,,,,0.0,{},{},0.0,0.0,0.0,0.0,0.0,0.0,0.0,0,0,0.0,0.0,,0.0
55,41756-1786688958442437800,41756,112640,563,395,34,134,0.7015985790408525,0.64,0.78,0.0022837030701339245,0.045489825308322906,0.2708493173122406,0.2942854166030884,10,7,0,3,0.7,1.5,2.0,0.5,0.5123932361602783,0.002685546875,0.005273438058793545,0.0016002971678972244,0.003437499748542905,0.0045410157181322575,0.4541015625,-0.0037617189809679985,0.0,0.0,0.0,0.0,0.0022837030701339245,0.0072265625931322575,0.006532887287903577,0.9038852592035976,1.0,0.5204685442008405,-0.027182322554290296,0.04259338229894638,0.03992359712719917,0.0016540077049285173,0.04013552889227867,0.043205320835113525,0.04416120424866676,0.04477987438440323,0.0,0.0,0.0,3.4802079677581785,0.013037680799607187,0.1015625,0.7257761776447296,0.00044368,0.005,0.0,0.0,0.0,0.0,0.0,0.0,0.0,0.0,0.0,,0.0,0.0,0.0,0.0,0.0,0.0,0.0,0.0,0.0,0.0,0.0,0.0,0.0,0.0,0.0,0.0,0.0,0.0,0.0,,,,,0.0,,0.20549610257148743,,,,,,,0.0,{},{},0.0,0.0,0.0,0.0,0.0,0.0,0.0,0,0,0.0,0.0,,0.0
56,41756-1786688958442437800,41756,114688,570,399,34,137,0.7,0.62,0.78,0.002240330446511507,0.039951469749212265,0.3501991033554077,0.3010595738887787,7,4,0,3,0.5714285714285714,0.8571428571428571,1.2857142857142858,0.42857142857142855,0.4644794464111328,0.001220703125,0.005126953125,0.001302186632528901,0.002819824032485485,0.005859375,0.5859375,-0.003757812548428774,0.0,0.0,0.0,0.0,0.002240330446511507,0.007080078125,0.0061574557912535965,0.8695647304771964,1.0,0.530683673035845,-0.03511804008545975,0.04689706023782492,0.042527955025434494,0.0035216049291193485,0.04263222962617874,0.046783044934272766,0.05001185089349747,0.05484161898493767,0.0,0.0,0.0,3.4736565748850503,0.01632309377115841,0.14127604166666666,0.7064886838197708,0.000442656,0.005,0.0,0.0,0.0,0.0,0.0,0.0,0.0,0.0,0.0,,0.0,0.0,0.0,0.0,0.0,0.0,0.0,0.0,0.0,0.0,0.0,0.0,0.0,0.0,0.0,0.0,0.0,0.0,0.0,,,,,0.0,,0.2203131914138794,,,,,,,0.0,{},{},0.0,0.0,0.0,0.0,0.0,0.0,0.0,0,0,0.0,0.0,,0.0
57,41756-1786688958442437800,41756,116736,582,408,35,139,0.7010309278350515,0.62,0.77,0.0032877440098673105,0.044761285185813904,0.3939116597175598,0.2678276300430298,12,9,1,2,0.75,1.25,1.75,0.5,0.4702907204627991,0.00341796875,0.006103515625,0.001234438386745751,0.0027905269525945187,0.00732421875,0.732421875,-0.0037539061158895493,0.0,0.0,0.0,0.0,0.0032877440098673105,0.0107421875,0.007109756959835067,0.6617921319752698,1.0,0.3494220049579838,-0.02700328625117739,0.03786909580230713,0.035497382283210754,0.0016883164644241333,0.035558927804231644,0.03794510290026665,0.03974900394678116,0.041013360023498535,0.0,0.0,0.0,3.485879341761271,0.014458018756057654,0.1171875,0.7118711736467149,0.000441632,0.005,0.0,0.0,0.0,0.0,0.0,0.0,0.0,0.0,0.0,,0.0,0.0,0.0,0.0,0.0,0.0,0.0,0.0,0.0,0.0,0.0,0.0,0.0,0.0,0.0,0.0,0.0,0.0,0.0,,,,,0.0,,0.19492796063423157,,,,,,,0.0,{},{},0.0,0.0,0.0,0.0,0.0,0.0,0.0,0,0,0.0,0.0,,0.0
58,41756-1786688958442437800,41756,118784,594,416,35,143,0.7003367003367004,0.68,0.76,0.002119554439559579,0.040665872395038605,0.271104097366333,0.28775638341903687,12,8,0,4,0.6666666666666666,1.25,1.6666666666666667,0.4166666666666667,0.6217721700668335,0.0029296875,0.004589843563735485,0.0012404511217027903,0.002392577938735485,0.0045410157181322575,0.4541015625,-0.003716797102242708,0.0,0.0,0.0,0.0,0.002119554439559579,0.0074707032181322575,0.005498100828845054,0.7358564263503288,1.0,0.497449777344317,-0.014411629842860358,0.03194567481321948,0.029935531318187714,0.0011763892835006118,0.03069429099559784,0.03204883262515068,0.03305145353078842,0.03410400450229645,0.0,0.0,0.0,3.4515469755445207,0.013447549360405122,0.10491071428571429,0.8029492582593646,0.000440608,0.005,0.0,0.0,0.0,0.0,0.0,0.0,0.0,0.0,0.0,,0.0,0.0,0.0,0.0,0.0,0.0,0.0,0.0,0.0,0.0,0.0,0.0,0.0,0.0,0.0,0.0,0.0,0.0,0.0,,,,,0.0,,0.17697082459926605,,,,,,,0.0,{},{},0.0,0.0,0.0,0.0,0.0,0.0,0.0,0,0,0.0,0.0,,0.0
59,41756-1786688958442437800,41756,120832,601,419,35,147,0.697171381031614,0.64,0.75,0.0018389166798442602,0.037913426756858826,0.265433132648468,0.26058921217918396,7,3,0,4,0.42857142857142855,1.0,1.4285714285714286,0.42857142857142855,0.47671806812286377,0.00048828125,0.0050292969681322575,0.0006037299172021449,0.0025097657926380634,0.00537109375,0.537109375,-0.003753906348720193,0.0,0.0,0.0,0.0,0.0018389166798442602,0.005859375,0.0058076708955923095,0.9910067010374437,1.0,0.6405573617251785,-0.02826472599990666,0.03594166524708271,0.032849907875061035,0.002124176826328039,0.03337894752621651,0.03546595945954323,0.03864143788814545,0.038703300058841705,0.0,0.0,0.0,3.518757677078247,0.012898297072388232,0.0998046875,0.6937854915857316,0.00043958399999999997,0.005,0.0,0.0,0.0,0.0,0.0,0.0,0.0,0.0,0.0,,0.0,0.0,0.0,0.0,0.0,0.0,0.0,0.0,0.0,0.0,0.0,0.0,0.0,0.0,0.0,0.0,0.0,0.0,0.0,,,,,0.0,,0.1885056048631668,,,,,,,0.0,{},{},0.0,0.0,0.0,0.0,0.0,0.0,0.0,0,0,0.0,0.0,,0.0
60,41756-1786688958442437800,41756,122880,611,426,37,148,0.6972176759410802,0.66,0.74,0.0022496518213301897,0.046441204845905304,0.3444979786872864,0.27235421538352966,10,7,2,1,0.7,0.9,1.5,0.6,0.4243009090423584,0.002197265625,0.00449218787252903,0.0015996791189536452,0.003933105617761612,0.00537109375,0.537109375,-0.003757812548428774,0.0,0.0,0.0,0.0,0.0022496518213301897,0.007568359375,0.005875384056707844,0.7762062501766002,1.0,0.4964505399017039,-0.02599097779020667,0.04125889800488949,0.036446310579776764,0.0022923299111425877,0.03923724219202995,0.04125593602657318,0.04365703836083412,0.04435814917087555,0.0,0.0,0.0,3.5143447637557985,0.013884029688779265,0.1037109375,0.7112444102764129,0.00043856,0.005,0.0,0.0,0.0,0.0,0.0,0.0,0.0,0.0,0.0,,0.0,0.0,0.0,0.0,0.0,0.0,0.0,0.0,0.0,0.0,0.0,0.0,0.0,0.0,0.0,0.0,0.0,0.0,0.0,,,,,0.0,,0.20664829015731812,,,,,,,0.0,{},{},0.0,0.0,0.0,0.0,0.0,0.0,0.0,0,0,0.0,0.0,,0.0
61,41756-1786688958442437800,41756,124928,625,438,37,150,0.7008,0.72,0.73,0.00375328678637743,0.04730788618326187,0.3412148356437683,0.26323309540748596,14,12,0,2,0.8571428571428571,1.2857142857142858,2.0,0.7142857142857143,0.5216836929321289,0.00537109375,0.006396484561264515,0.001453680102713406,0.0033935545943677425,0.0068359375,0.68359375,-0.0036640625912696123,0.0,0.0,0.0,0.0,0.00375328678637743,0.01220703125,0.007608293235534802,0.6232203276457703,1.0,0.30013542038316887,-0.019526365387719125,0.03327019955031574,0.030764715746045113,0.0015677640913054347,0.031484637409448624,0.03340430185198784,0.0350726917386055,0.03600950539112091,0.0,0.0,0.0,3.618598699569702,0.014507500862237066,0.104248046875,0.7476095259189606,0.000437536,0.005,0.0,0.0,0.0,0.0,0.0,0.0,0.0,0.0,0.0,,0.0,0.0,0.0,0.0,0.0,0.0,0.0,0.0,0.0,0.0,0.0,0.0,0.0,0.0,0.0,0.0,0.0,0.0,0.0,,,,,0.0,,0.1820531040430069,,,,,,,0.0,{},{},0.0,0.0,0.0,0.0,0.0,0.0,0.0,0,0,0.0,0.0,,0.0
62,41756-1786688958442437800,41756,126976,633,444,37,152,0.7014218009478673,0.7,0.735,0.0024859588593244553,0.04612576588988304,0.2848617434501648,0.29470014572143555,8,6,0,2,0.75,1.375,2.0,0.625,0.6124405860900879,0.00244140625,0.00522460974752903,0.001398647204041481,0.0028588867280632257,0.005859375,0.5859375,-0.003726562485098839,0.0,0.0,0.0,0.0,0.0024859588593244553,0.00830078125,0.0062889932305552065,0.7575474517056453,1.0,0.4488870969828119,-0.026370633812621235,0.03337998054921627,0.030378572642803192,0.0016778705175966024,0.03203670680522919,0.03308849409222603,0.03511080890893936,0.03699887543916702,0.0,0.0,0.0,3.585110092163086,0.013626420428045094,0.106640625,0.6926729202270507,0.000436512,0.005,0.0,0.0,0.0,0.0,0.0,0.0,0.0,0.0,0.0,,0.0,0.0,0.0,0.0,0.0,0.0,0.0,0.0,0.0,0.0,0.0,0.0,0.0,0.0,0.0,0.0,0.0,0.0,0.0,,,,,0.0,,0.1834634393453598,,,,,,,0.0,{},{},0.0,0.0,0.0,0.0,0.0,0.0,0.0,0,0,0.0,0.0,,0.0
63,41756-1786688958442437800,41756,129024,647,453,38,156,0.7001545595054096,0.72,0.71,0.004605173133313656,0.04931165277957916,0.4343973994255066,0.3174709975719452,14,9,1,4,0.6428571428571429,1.2857142857142858,1.5,0.21428571428571427,0.663494348526001,0.0029296875,0.00834960862994194,0.002775607630610466,0.003801269456744194,0.01025390625,1.025390625,-0.0035371093545109034,0.0,0.0,0.0,0.0,0.004605173133313656,0.01318359375,0.009993827901780605,0.7579928582767752,1.0,0.26827594551488576,-0.02809433015063405,0.0325707945972681,0.02979329042136669,0.0020357330795377493,0.029963934794068336,0.0323360413312912,0.035486672073602676,0.03616529703140259,0.0,0.0,0.0,3.4731154441833496,0.012777951953466982,0.1037109375,0.7100235104560852,0.000435488,0.005,0.0,0.0,0.0,0.0,0.0,0.0,0.0,0.0,0.0,,0.0,0.0,0.0,0.0,0.0,0.0,0.0,0.0,0.0,0.0,0.0,0.0,0.0,0.0,0.0,0.0,0.0,0.0,0.0,,,,,0.0,,0.18416209518909454,,,,,,,0.0,{},{},0.0,0.0,0.0,0.0,0.0,0.0,0.0,0,0,0.0,0.0,,0.0
64,41756-1786688958442437800,41756,131072,655,460,38,157,0.7022900763358778,0.76,0.715,0.0034766104072332382,0.04566778242588043,0.45100122690200806,0.29410320520401,8,7,0,1,0.875,1.75,2.125,0.375,0.5672183036804199,0.003173828125,0.00634765625,0.0014101144624873996,0.0035058590583503246,0.0078125,0.78125,-0.0036894530057907104,0.0,0.0,0.0,0.0,0.0034766104072332382,0.010986328125,0.007576649630209431,0.6895807191713801,1.0,0.3357916468696261,-0.025152462845047314,0.03752526847852601,0.03367786109447479,0.0022039141040295362,0.034497328102588654,0.03833122178912163,0.03973731771111488,0.040044154971838,0.0,0.0,0.0,3.6143523852030435,0.014099109917879105,0.10894097222222222,0.7518307169278463,0.000434464,0.005,0.0,0.0,0.0,0.0,0.0,0.0,0.0,0.0,0.0,,0.0,0.0,0.0,0.0,0.0,0.0,0.0,0.0,0.0,0.0,0.0,0.0,0.0,0.0,0.0,0.0,0.0,0.0,0.0,,,,,0.0,,0.19347918033599854,,,,,,,0.0,{},{},0.0,0.0,0.0,0.0,0.0,0.0,0.0,0,0,0.0,0.0,,0.0
65,41756-1786688958442437800,41756,133120,670,471,38,161,0.7029850746268657,0.74,0.725,0.003842227626591921,0.046555712819099426,0.4090791940689087,0.37436482310295105,15,11,0,4,0.7333333333333333,1.5333333333333334,1.8666666666666667,0.3333333333333333,0.646390974521637,0.00439453125,0.00668945349752903,0.0016925663221627474,0.002951660193502903,0.00795898400247097,0.7958984375,-0.0036132812965661287,0.0,0.0,0.0,0.0,0.003842227626591921,0.01235351525247097,0.007850510126445442,0.6354365158014029,1.0,0.29246645641102376,-0.025996618345379828,0.049975022301077844,0.0444936640560627,0.00305525423027575,0.04697059467434883,0.049812689423561096,0.05346120148897171,0.05541090667247772,0.0,0.0,0.0,3.5079105138778686,0.015119346452411263,0.116796875,0.7199096441268921,0.00043344,0.005,0.0,0.0,0.0,0.0,0.0,0.0,0.0,0.0,0.0,,0.0,0.0,0.0,0.0,0.0,0.0,0.0,0.0,0.0,0.0,0.0,0.0,0.0,0.0,0.0,0.0,0.0,0.0,0.0,,,,,0.0,,0.22261618077754974,,,,,,,0.0,{},{},0.0,0.0,0.0,0.0,0.0,0.0,0.0,0,0,0.0,0.0,,0.0
66,41756-1786688958442437800,41756,135168,677,477,39,161,0.7045790251107829,0.74,0.725,0.002171471482142806,0.042092468589544296,0.2577947974205017,0.3595775067806244,7,6,1,0,0.8571428571428571,1.4285714285714286,2.4285714285714284,1.0,0.6403053998947144,0.00244140625,0.005126953125,0.00039623177144676447,0.0022900390904396772,0.0048828125,0.48828125,-0.003779296763241291,0.0,0.0,0.0,0.0,0.002171471482142806,0.00732421875,0.00579852084047161,0.7915833012456605,1.0,0.515929543160918,-0.02438889868143532,0.044622331857681274,0.03993968665599823,0.0037465279456228018,0.04017586261034012,0.04315772280097008,0.04930473864078522,0.05072664096951485,0.0,0.0,0.0,3.7417479356129966,0.016565069905482233,0.12565104166666666,0.6754171715842353,0.00043241600000000003,0.005,0.0,0.0,0.0,0.0,0.0,0.0,0.0,0.0,0.0,,0.0,0.0,0.0,0.0,0.0,0.0,0.0,0.0,0.0,0.0,0.0,0.0,0.0,0.0,0.0,0.0,0.0,0.0,0.0,,,,,0.0,,0.21565496921539307,,,,,,,0.0,{},{},0.0,0.0,0.0,0.0,0.0,0.0,0.0,0,0,0.0,0.0,,0.0
67,41756-1786688958442437800,41756,137216,687,483,39,165,0.7030567685589519,0.72,0.71,0.0016642451519146562,0.03781212121248245,0.3121497631072998,0.37386417388916016,10,6,0,4,0.6,0.8,1.0,0.2,0.5196009874343872,0.001953125,0.00439453125,0.0007288460619747639,0.002802734263241291,0.0035644532181322575,0.3564453125,-0.0037343748845160007,0.0,0.0,0.0,0.0,0.0016642451519146562,0.0055175782181322575,0.005277426331304014,0.9563018086731294,1.0,0.6766914840938661,-0.026974502112716438,0.06476752497255803,0.0539889819920063,0.006336421240121126,0.054047852754592896,0.06489114463329315,0.07174772024154663,0.07240975648164749,0.0,0.0,0.0,3.5579076290130613,0.016988567379303276,0.141015625,0.741655233502388,0.000431392,0.005,0.0,0.0,0.0,0.0,0.0,0.0,0.0,0.0,0.0,,0.0,0.0,0.0,0.0,0.0,0.0,0.0,0.0,0.0,0.0,0.0,0.0,0.0,0.0,0.0,0.0,0.0,0.0,0.0,,,,,0.0,,0.2591283321380615,,,,,,,0.0,{},{},0.0,0.0,0.0,0.0,0.0,0.0,0.0,0,0,0.0,0.0,,0.0
68,41756-1786688958442437800,41756,139264,695,489,40,166,0.7035971223021583,0.74,0.71,0.0022153526078909636,0.04523574933409691,0.31367653608322144,0.3977726101875305,8,6,1,1,0.75,1.25,1.75,0.5,0.4942483901977539,0.002197265625,0.005126953125,0.0013269436312839389,0.003474120981991291,0.0045410157181322575,0.4541015625,-0.0035566408187150955,0.0,0.0,0.0,0.0,0.0022153526078909636,0.0067382813431322575,0.0063272192783188075,0.9388566756849576,1.0,0.5277477875796848,-0.024107534386631515,0.07858608331945208,0.07256977260112762,0.005380119197070599,0.07348919659852982,0.07694464921951294,0.08682659268379211,0.08961804211139679,0.0,0.0,0.0,3.3786777125464544,0.011361690160507957,0.08875868055555555,0.7083187301953634,0.000430368,0.005,0.0,0.0,0.0,0.0,0.0,0.0,0.0,0.0,0.0,,0.0,0.0,0.0,0.0,0.0,0.0,0.0,0.0,0.0,0.0,0.0,0.0,0.0,0.0,0.0,0.0,0.0,0.0,0.0,,,,,0.0,,0.28288084268569946,,,,,,,0.0,{},{},0.0,0.0,0.0,0.0,0.0,0.0,0.0,0,0,0.0,0.0,,0.0
69,41756-1786688958442437800,41756,141312,706,498,41,167,0.7053824362606232,0.74,0.705,0.003558140015229583,0.04087832197546959,0.3756033778190613,0.3347942531108856,11,9,1,1,0.8181818181818182,1.1818181818181819,1.8181818181818181,0.6363636363636364,0.4832066297531128,0.003662109375,0.006591796875,0.001081021735444665,0.002048339694738388,0.0078125,0.78125,-0.003640624927356839,0.0,0.0,0.0,0.0,0.003558140015229583,0.011474609375,0.007374137232545763,0.6425922137616996,1.0,0.3172489415061533,-0.02192419058539801,0.05920239579346445,0.05167544260621071,0.006226161029189825,0.053759172558784485,0.057505007833242416,0.06548383831977844,0.07388307899236679,0.0,0.0,0.0,3.411437564425998,0.016286808441186115,0.12369791666666667,0.8223948743608263,0.000429344,0.005,0.0,0.0,0.0,0.0,0.0,0.0,0.0,0.0,0.0,,0.0,0.0,0.0,0.0,0.0,0.0,0.0,0.0,0.0,0.0,0.0,0.0,0.0,0.0,0.0,0.0,0.0,0.0,0.0,,,,,0.0,,0.24067802727222443,,,,,,,0.0,{},{},0.0,0.0,0.0,0.0,0.0,0.0,0.0,0,0,0.0,0.0,,0.0
70,41756-1786688958442437800,41756,143360,718,506,41,171,0.7047353760445683,0.74,0.695,0.0028760721907019615,0.044201526790857315,0.43688905239105225,0.25527769327163696,12,8,0,4,0.6666666666666666,1.3333333333333333,1.6666666666666667,0.3333333333333333,0.5454506278038025,0.0029296875,0.005859375,0.0010306822368875146,0.0024560545571148396,0.0064941407181322575,0.6494140625,-0.0036562499590218067,0.0,0.0,0.0,0.0,0.0028760721907019615,0.009423828218132257,0.0067310591985005885,0.7141837540922842,1.0,0.3879381007695836,-0.02563532509116663,0.02967584278020594,0.02623802237212658,0.002699158852919936,0.026477957144379616,0.029230546206235886,0.03349446877837181,0.03492416441440582,0.0,0.0,0.0,3.5090950595008,0.01396556550429927,0.11046006944444445,0.6814568837483724,0.00042832000000000005,0.005,0.0,0.0,0.0,0.0,0.0,0.0,0.0,0.0,0.0,,0.0,0.0,0.0,0.0,0.0,0.0,0.0,0.0,0.0,0.0,0.0,0.0,0.0,0.0,0.0,0.0,0.0,0.0,0.0,,,,,0.0,,0.17210893332958221,,,,,,,0.0,{},{},0.0,0.0,0.0,0.0,0.0,0.0,0.0,0,0,0.0,0.0,,0.0
71,41756-1786688958442437800,41756,145408,730,515,42,173,0.7054794520547946,0.74,0.7,0.003058771602809429,0.04456476867198944,0.30516088008880615,0.3831602931022644,12,9,1,2,0.75,1.5833333333333333,1.8333333333333333,0.25,0.6817703247070312,0.00341796875,0.005322265438735485,0.0017084360588341951,0.002958984114229679,0.0068359375,0.68359375,-0.0035156249068677425,0.0,0.0,0.0,0.0,0.003058771602809429,0.01025390625,0.006489120482001454,0.6327820385487634,1.0,0.3428237003012819,-0.017811457975767553,0.044749675784260035,0.037786561995744705,0.004505590070039034,0.04039139300584793,0.04392547160387039,0.04981290549039841,0.053780779242515564,0.0,0.0,0.0,3.323920041322708,0.011660934571409598,0.09375,0.7656701132655144,0.000427296,0.005,0.0,0.0,0.0,0.0,0.0,0.0,0.0,0.0,0.0,,0.0,0.0,0.0,0.0,0.0,0.0,0.0,0.0,0.0,0.0,0.0,0.0,0.0,0.0,0.0,0.0,0.0,0.0,0.0,,,,,0.0,,0.21614781022071838,,,,,,,0.0,{},{},0.0,0.0,0.0,0.0,0.0,0.0,0.0,0,0,0.0,0.0,,0.0
72,41756-1786688958442437800,41756,147456,738,517,44,177,0.7005420054200542,0.66,0.685,0.001435382291674614,0.03844808042049408,0.2454032599925995,0.36863547563552856,8,2,2,4,0.25,0.25,0.875,0.625,0.7533467411994934,-0.0009765625,0.0048828125,0.0011790510034188628,0.0026513671036809683,0.0050292969681322575,0.5029296875,-0.0036113280802965164,0.0,0.0,0.0,0.0,0.001435382291674614,0.0040527344681322575,0.005840417026774958,1.4407497759629795,1.0,0.8908644877177715,-0.018771149683743715,0.032907782355323434,0.030108626931905746,0.0028136989567428827,0.030498480424284935,0.03243788331747055,0.035999394953250885,0.03951885551214218,0.0,0.0,0.0,3.4282615780830383,0.013511081706383266,0.109375,0.7067120894789696,0.000426272,0.005,0.0,0.0,0.0,0.0,0.0,0.0,0.0,0.0,0.0,,0.0,0.0,0.0,0.0,0.0,0.0,0.0,0.0,0.0,0.0,0.0,0.0,0.0,0.0,0.0,0.0,0.0,0.0,0.0,,,,,0.0,,0.18307985365390778,,,,,,,0.0,{},{},0.0,0.0,0.0,0.0,0.0,0.0,0.0,0,0,0.0,0.0,,0.0
73,41756-1786688958442437800,41756,149504,749,526,44,179,0.7022696929238985,0.66,0.7,0.0024008259642869234,0.04194403439760208,0.3536534607410431,0.33047211170196533,11,9,0,2,0.8181818181818182,1.3636363636363635,1.8181818181818181,0.45454545454545453,0.5470646619796753,0.00390625,0.004931640811264515,0.0010337932035326958,0.0027270507998764515,0.004199218936264515,0.419921875,-0.0036816406063735485,0.0,0.0,0.0,0.0,0.0024008259642869234,0.008105468936264515,0.005871851812116802,0.7243414929833271,1.0,0.4541608233276053,-0.02895567649975419,0.05007241889834404,0.044070202857255936,0.0035254613030701876,0.04623626545071602,0.04962008446455002,0.05474197864532471,0.0570281557738781,0.0,0.0,0.0,3.454251790046692,0.013342118402943016,0.1,0.8040590167045594,0.00042524800000000003,0.005,0.0,0.0,0.0,0.0,0.0,0.0,0.0,0.0,0.0,,0.0,0.0,0.0,0.0,0.0,0.0,0.0,0.0,0.0,0.0,0.0,0.0,0.0,0.0,0.0,0.0,0.0,0.0,0.0,,,,,0.0,,0.22240927815437317,,,,,,,0.0,{},{},0.0,0.0,0.0,0.0,0.0,0.0,0.0,0,0,0.0,0.0,,0.0
74,41756-1786688958442437800,41756,151552,757,532,44,181,0.702774108322325,0.68,0.705,0.0015542532783001661,0.03969681262969971,0.2540088891983032,0.3765324354171753,8,6,0,2,0.75,1.375,1.875,0.5,0.6225946545600891,0.00244140625,0.003955078311264515,0.0006535893771797419,0.0021142575424164534,0.00341796875,0.341796875,-0.003722656052559614,0.0,0.0,0.0,0.0,0.0015542532783001661,0.005859375,0.004647040041163564,0.7929595019369177,1.0,0.6352248879226353,-0.020090702817671828,0.05289896660380893,0.04330214858055115,0.0059746624901890755,0.04515785723924637,0.05222879722714424,0.060521114617586136,0.06305601447820663,0.0,0.0,0.0,3.530511087841458,0.013077539999762343,0.0978732638888889,0.6908467180199094,0.000424224,0.005,0.0,0.0,0.0,0.0,0.0,0.0,0.0,0.0,0.0,,0.0,0.0,0.0,0.0,0.0,0.0,0.0,0.0,0.0,0.0,0.0,0.0,0.0,0.0,0.0,0.0,0.0,0.0,0.0,,,,,0.0,,0.23131640255451202,,,,,,,0.0,{},{},0.0,0.0,0.0,0.0,0.0,0.0,0.0,0,0,0.0,0.0,,0.0
75,41756-1786688958442437800,41756,153600,768,538,45,185,0.7005208333333334,0.64,0.705,0.003132894169539213,0.04029929265379906,0.40241456031799316,0.4036563038825989,11,6,1,4,0.5454545454545454,0.7272727272727273,1.0909090909090908,0.36363636363636365,0.5500284433364868,0.00146484375,0.00668945349752903,0.0012067793868482113,0.002558593638241291,0.0078125,0.78125,-0.0036249998956918716,0.0,0.0,0.0,0.0,0.003132894169539213,0.00927734375,0.007630796753801405,0.822430916487806,1.0,0.3906947180839115,-0.03388871097316345,0.07468866370618343,0.06626177579164505,0.007220739498734474,0.06691709160804749,0.07314370572566986,0.08501924574375153,0.089573934674263,0.0,0.0,0.0,3.389991501967112,0.015414287515644295,0.11735026041666667,0.822299987077713,0.00042320000000000004,0.005,0.0,0.0,0.0,0.0,0.0,0.0,0.0,0.0,0.0,,0.0,0.0,0.0,0.0,0.0,0.0,0.0,0.0,0.0,0.0,0.0,0.0,0.0,0.0,0.0,0.0,0.0,0.0,0.0,,,,,0.0,,0.2707723081111908,,,,,,,0.0,{},{},0.0,0.0,0.0,0.0,0.0,0.0,0.0,0,0,0.0,0.0,,0.0
76,41756-1786688958442437800,41756,155648,779,546,45,188,0.7008985879332478,0.64,0.705,0.002849392592906952,0.04553527757525444,0.3406463861465454,0.2972778379917145,11,8,0,3,0.7272727272727273,1.4545454545454546,2.090909090909091,0.6363636363636364,0.4678281545639038,0.003173828125,0.00571289099752903,0.0015005511231720448,0.0030346678104251623,0.0060058594681322575,0.6005859375,-0.003566406201571226,0.0,0.0,0.0,0.0,0.002849392592906952,0.009179687593132257,0.006846695730928332,0.745771562475353,1.0,0.3884683108310021,-0.028584239750423214,0.04408833994106813,0.038446031510829926,0.0031812191009521484,0.03948871046304703,0.04354184493422508,0.04825982823967934,0.04895055294036865,0.0,0.0,0.0,3.406216621398926,0.013666132142216984,0.10262784090909091,0.6623601019382477,0.000422176,0.005,0.0,0.0,0.0,0.0,0.0,0.0,0.0,0.0,0.0,,0.0,0.0,0.0,0.0,0.0,0.0,0.0,0.0,0.0,0.0,0.0,0.0,0.0,0.0,0.0,0.0,0.0,0.0,0.0,,,,,0.0,,0.21686449646949768,,,,,,,0.0,{},{},0.0,0.0,0.0,0.0,0.0,0.0,0.0,0,0,0.0,0.0,,0.0
77,41756-1786688958442437800,41756,157696,789,554,45,190,0.7021546261089987,0.72,0.695,0.002496239496394992,0.036261238157749176,0.4667831361293793,0.25952622294425964,10,8,0,2,0.8,1.1,1.3,0.2,0.33112555742263794,0.00341796875,0.004931640811264515,0.000762858078815043,0.0018725584959611297,0.00537109375,0.537109375,-0.003771484363824129,0.0,0.0,0.0,0.0,0.002496239496394992,0.0087890625,0.005590494954958558,0.6360017297895844,1.0,0.4290622920854237,-0.025813637161627413,0.04507806524634361,0.04145527631044388,0.0028237206861376762,0.0419611930847168,0.044721391052007675,0.04794304072856903,0.05081701651215553,0.0,0.0,0.0,3.6052894830703734,0.016248880187049508,0.11953125,0.8180655181407929,0.000421152,0.005,0.0,0.0,0.0,0.0,0.0,0.0,0.0,0.0,0.0,,0.0,0.0,0.0,0.0,0.0,0.0,0.0,0.0,0.0,0.0,0.0,0.0,0.0,0.0,0.0,0.0,0.0,0.0,0.0,,,,,0.0,,0.21225287020206451,,,,,,,0.0,{},{},0.0,0.0,0.0,0.0,0.0,0.0,0.0,0,0,0.0,0.0,,0.0
78,41756-1786688958442437800,41756,159744,798,561,45,192,0.7030075187969925,0.72,0.715,0.0046120984479784966,0.04644330218434334,0.5442215204238892,0.2266160547733307,9,7,0,2,0.7777777777777778,1.6666666666666667,1.8888888888888888,0.2222222222222222,0.3962487578392029,0.0029296875,0.00791015662252903,0.0027016266249120235,0.0031225583516061306,0.01088867150247097,1.0888671875,-0.0035507811699062586,0.0,0.0,0.0,0.0,0.0046120984479784966,0.01381835900247097,0.009366202866658568,0.6777595737243561,1.0,0.25694253758595903,-0.02551191127859056,0.03265175446867943,0.026765761896967888,0.0029189789202064276,0.02914785034954548,0.03318662568926811,0.035938482731580734,0.03725750744342804,0.0,0.0,0.0,3.1632856130599976,0.014367680891882628,0.1021484375,0.780718982219696,0.000420128,0.005,0.0,0.0,0.0,0.0,0.0,0.0,0.0,0.0,0.0,,0.0,0.0,0.0,0.0,0.0,0.0,0.0,0.0,0.0,0.0,0.0,0.0,0.0,0.0,0.0,0.0,0.0,0.0,0.0,,,,,0.0,,0.17608392238616943,,,,,,,0.0,{},{},0.0,0.0,0.0,0.0,0.0,0.0,0.0,0,0,0.0,0.0,,0.0
79,41756-1786688958442437800,41756,161792,810,572,45,193,0.7061728395061728,0.8,0.735,0.0030474101658910513,0.04342101886868477,0.47622984647750854,0.23557840287685394,12,11,0,1,0.9166666666666666,1.9166666666666667,2.0833333333333335,0.16666666666666666,0.6178323030471802,0.005126953125,0.0049804686568677425,0.0010439256438985467,0.0027905271854251623,0.005859375,0.5859375,-0.003765624947845936,0.0,0.0,0.0,0.0,0.0030474101658910513,0.010986328125,0.00593908186419867,0.540539228157316,1.0,0.34272435527594985,-0.017166382633149624,0.02115528704598546,0.018727198243141174,0.002077508484944701,0.0187285915017128,0.020571382716298103,0.02402898482978344,0.024387504905462265,0.0,0.0,0.0,3.4158312678337097,0.013948311607236974,0.099365234375,0.7794174998998642,0.00041910400000000006,0.005,0.0,0.0,0.0,0.0,0.0,0.0,0.0,0.0,0.0,,0.0,0.0,0.0,0.0,0.0,0.0,0.0,0.0,0.0,0.0,0.0,0.0,0.0,0.0,0.0,0.0,0.0,0.0,0.0,,,,,0.0,,0.14563390612602234,,,,,,,0.0,{},{},0.0,0.0,0.0,0.0,0.0,0.0,0.0,0,0,0.0,0.0,,0.0
80,41756-1786688958442437800,41756,163840,817,575,45,197,0.7037943696450428,0.76,0.72,0.001751735107973218,0.03837138041853905,0.41847896575927734,0.3052740693092346,7,3,0,4,0.42857142857142855,0.8571428571428571,1.4285714285714286,0.5714285714285714,0.5224267244338989,0.00048828125,0.0050292969681322575,0.0012466262560337782,0.002785644493997097,0.004687500186264515,0.46875,-0.0036425781436264515,0.0,0.0,0.0,0.0,0.001751735107973218,0.005175781436264515,0.006037364655639976,1.1662390483296983,1.0,0.703637615084418,-0.020669560465547774,0.04374108546310001,0.04085378348827362,0.001339305192232132,0.042481839656829834,0.04358280450105667,0.045443762093782425,0.04565864056348801,0.0,0.0,0.0,3.351982169681125,0.013808239335452931,0.10460069444444445,0.7647793359226651,0.00041808000000000004,0.005,0.0,0.0,0.0,0.0,0.0,0.0,0.0,0.0,0.0,,0.0,0.0,0.0,0.0,0.0,0.0,0.0,0.0,0.0,0.0,0.0,0.0,0.0,0.0,0.0,0.0,0.0,0.0,0.0,,,,,0.0,,0.21096475422382355,,,,,,,0.0,{},{},0.0,0.0,0.0,0.0,0.0,0.0,0.0,0,0,0.0,0.0,,0.0
81,41756-1786688958442437800,41756,165888,829,583,45,201,0.7032569360675512,0.74,0.705,0.003370920429006219,0.04718990996479988,0.47772300243377686,0.2557889223098755,12,8,0,4,0.6666666666666666,1.4166666666666667,1.6666666666666667,0.25,0.49719464778900146,0.0029296875,0.0062500000931322575,0.001806065090931952,0.0029579210095107555,0.007617187686264515,0.76171875,-0.0035078125074505806,0.0,0.0,0.0,0.0,0.003370920429006219,0.010546875186264515,0.007440996618242934,0.7054498168439299,1.0,0.3325610557108666,-0.02162314501280586,0.03251789117025004,0.029495084658265114,0.002135427203029394,0.030034152790904045,0.03221147507429123,0.034257400780916214,0.03749836981296539,0.0,0.0,0.0,3.185696151521471,0.014548583874582417,0.11219618055555555,0.7444373104307387,0.000417056,0.005,0.0,0.0,0.0,0.0,0.0,0.0,0.0,0.0,0.0,,0.0,0.0,0.0,0.0,0.0,0.0,0.0,0.0,0.0,0.0,0.0,0.0,0.0,0.0,0.0,0.0,0.0,0.0,0.0,,,,,0.0,,0.18137677013874054,,,,,,,0.0,{},{},0.0,0.0,0.0,0.0,0.0,0.0,0.0,0,0,0.0,0.0,,0.0
82,41756-1786688958442437800,41756,167936,841,593,45,203,0.7051129607609988,0.76,0.725,0.00438349787145853,0.048318322747945786,0.5402801036834717,0.2901325523853302,12,10,0,2,0.8333333333333334,1.6666666666666667,2.0833333333333335,0.4166666666666667,0.42476898431777954,0.00439453125,0.007226563058793545,0.0021189628168940544,0.0031347654294222593,0.009228515438735485,0.9228515625,-0.0033886716701090336,0.0,0.0,0.0,0.0,0.00438349787145853,0.013623046688735485,0.008539995120372623,0.6268324907777648,1.0,0.24872725024576037,-0.01795351743284199,0.04789571505453852,0.0441029816865921,0.001964292023330927,0.045509837567806244,0.04802754893898964,0.050343092530965805,0.05086065083742142,0.0,0.0,0.0,2.9509992599487305,0.012513117741845135,0.09375,0.8949718872706095,0.00041603200000000004,0.005,0.0,0.0,0.0,0.0,0.0,0.0,0.0,0.0,0.0,,0.0,0.0,0.0,0.0,0.0,0.0,0.0,0.0,0.0,0.0,0.0,0.0,0.0,0.0,0.0,0.0,0.0,0.0,0.0,,,,,0.0,,0.22004809975624084,,,,,,,0.0,{},{},0.0,0.0,0.0,0.0,0.0,0.0,0.0,0,0,0.0,0.0,,0.0
83,41756-1786688958442437800,41756,169984,851,603,45,203,0.7085781433607521,0.78,0.73,0.004218118265271187,0.04831942915916443,0.4581534266471863,0.2987384498119354,10,10,0,0,1.0,2.1,2.4,0.3,0.5928109884262085,0.0048828125,0.0068359375,0.001809487584978342,0.003132323967292905,0.0087890625,0.87890625,-0.0035234373062849045,0.0,0.0,0.0,0.0,0.004218118265271187,0.013671875,0.008071390388067812,0.5903213763065787,1.0,0.2576954229659018,-0.02774733495898545,0.03456090800464153,0.029936056584119797,0.002674977295100689,0.03192737326025963,0.033742502331733704,0.03830317035317421,0.03841250389814377,0.0,0.0,0.0,3.2333370208740235,0.015440693686832674,0.12109375,0.769212794303894,0.000415008,0.005,0.0,0.0,0.0,0.0,0.0,0.0,0.0,0.0,0.0,,0.0,0.0,0.0,0.0,0.0,0.0,0.0,0.0,0.0,0.0,0.0,0.0,0.0,0.0,0.0,0.0,0.0,0.0,0.0,,,,,0.0,,0.19062907993793488,,,,,,,0.0,{},{},0.0,0.0,0.0,0.0,0.0,0.0,0.0,0,0,0.0,0.0,,0.0
84,41756-1786688958442437800,41756,172032,865,613,47,205,0.7086705202312139,0.78,0.725,0.0035938392393290997,0.05238979309797287,0.3527147173881531,0.37817761301994324,14,10,2,2,0.7142857142857143,1.4285714285714286,2.0,0.5714285714285714,0.8398731350898743,0.00341796875,0.00634765625,0.0020248019136488438,0.0037499996833503246,0.008105468936264515,0.810546875,-0.0035312501713633537,0.0,0.0,0.0,0.0,0.0035938392393290997,0.011523437686264515,0.007791356649249792,0.6760726086042339,1.0,0.3064140973725859,-0.028664921596646308,0.022854702919721602,0.01821374148130417,0.0033805803395807743,0.019373612478375435,0.021616540849208832,0.027003981173038483,0.028870202600955963,0.0,0.0,0.0,3.151681923866272,0.015166250034235417,0.1107421875,0.7753612756729126,0.00041398400000000005,0.005,0.0,0.0,0.0,0.0,0.0,0.0,0.0,0.0,0.0,,0.0,0.0,0.0,0.0,0.0,0.0,0.0,0.0,0.0,0.0,0.0,0.0,0.0,0.0,0.0,0.0,0.0,0.0,0.0,,,,,0.0,,0.15133100748062134,,,,,,,0.0,{},{},0.0,0.0,0.0,0.0,0.0,0.0,0.0,0,0,0.0,0.0,,0.0
85,41756-1786688958442437800,41756,174080,873,619,47,207,0.709049255441008,0.8,0.725,0.003067783545702696,0.042607732117176056,0.3095899522304535,0.3325854241847992,8,6,0,2,0.75,1.5,2.0,0.5,0.598479151725769,0.00244140625,0.0062500000931322575,0.0011279613245278597,0.002604980254545808,0.00732421875,0.732421875,-0.003662109375,0.0,0.0,0.0,0.0,0.003067783545702696,0.009765625,0.007183235487900674,0.7354879999898302,1.0,0.3749616039317574,-0.026775227207690478,0.044190681725740436,0.03986659646034241,0.003223940497264266,0.03997102007269859,0.0447087287902832,0.04807242751121521,0.048213448375463486,0.0,0.0,0.0,3.276444697380066,0.016073171887546776,0.1177734375,0.7157521724700928,0.00041296,0.005,0.0,0.0,0.0,0.0,0.0,0.0,0.0,0.0,0.0,,0.0,0.0,0.0,0.0,0.0,0.0,0.0,0.0,0.0,0.0,0.0,0.0,0.0,0.0,0.0,0.0,0.0,0.0,0.0,,,,,0.0,,0.21074500679969788,,,,,,,0.0,{},{},0.0,0.0,0.0,0.0,0.0,0.0,0.0,0,0,0.0,0.0,,0.0
86,41756-1786688958442437800,41756,176128,885,626,47,212,0.7073446327683616,0.74,0.725,0.0025536224711686373,0.041739676147699356,0.38939452171325684,0.30568376183509827,12,7,0,5,0.5833333333333334,1.1666666666666667,1.3333333333333333,0.16666666666666666,0.5041989684104919,0.002197265625,0.0050292969681322575,0.0015987639781087637,0.002680663950741291,0.00634765625,0.634765625,-0.003662109375,0.0,0.0,0.0,0.0,0.0025536224711686373,0.008544921875,0.006099153950344771,0.7136917514056693,1.0,0.4285212793382809,-0.02422539652325213,0.04592078067362308,0.04218137636780739,0.0027094141114503145,0.042416416108608246,0.046940967440605164,0.048891231417655945,0.04941306635737419,0.0,0.0,0.0,3.348125171661377,0.014917011931538582,0.1126953125,0.8361008167266846,0.00041193599999999995,0.005,0.0,0.0,0.0,0.0,0.0,0.0,0.0,0.0,0.0,,0.0,0.0,0.0,0.0,0.0,0.0,0.0,0.0,0.0,0.0,0.0,0.0,0.0,0.0,0.0,0.0,0.0,0.0,0.0,,,,,0.0,,0.21524153649806976,,,,,,,0.0,{},{},0.0,0.0,0.0,0.0,0.0,0.0,0.0,0,0,0.0,0.0,,0.0
87,41756-1786688958442437800,41756,178176,895,635,47,213,0.7094972067039106,0.76,0.73,0.003860331140458584,0.045498430728912354,0.3854527473449707,0.26829683780670166,10,9,0,1,0.9,1.5,2.1,0.6,0.5565489530563354,0.004150390625,0.006884765811264515,0.001682898961007595,0.003786620683968067,0.0078125,0.78125,-0.0037070312537252903,0.0,0.0,0.0,0.0,0.003860331140458584,0.011962890625,0.00825214572250843,0.6897543601129696,1.0,0.30985165026325123,-0.025557812510265246,0.03259455578194724,0.028943078592419624,0.0027062767185270786,0.0291976910084486,0.032699234783649445,0.035452645272016525,0.03703267127275467,0.0,0.0,0.0,3.207814031177097,0.013125198201224621,0.10503472222222222,0.7782412038909065,0.000410912,0.005,0.0,0.0,0.0,0.0,0.0,0.0,0.0,0.0,0.0,,0.0,0.0,0.0,0.0,0.0,0.0,0.0,0.0,0.0,0.0,0.0,0.0,0.0,0.0,0.0,0.0,0.0,0.0,0.0,,,,,0.0,,0.17866455018520355,,,,,,,0.0,{},{},0.0,0.0,0.0,0.0,0.0,0.0,0.0,0,0,0.0,0.0,,0.0
88,41756-1786688958442437800,41756,180224,906,644,47,215,0.7108167770419426,0.76,0.73,0.0030131875537335873,0.04136534407734871,0.4741649627685547,0.27769482135772705,11,9,0,2,0.8181818181818182,1.2727272727272727,1.4545454545454546,0.18181818181818182,0.4166131019592285,0.00390625,0.00595703162252903,0.0010432172566652298,0.002192382700741291,0.00595703162252903,0.595703125,-0.003732421901077032,0.0,0.0,0.0,0.0,0.0030131875537335873,0.00986328162252903,0.00676593161188066,0.6859021133812676,1.0,0.3783774677065743,-0.017253187717869878,0.04469223879277706,0.04149111732840538,0.0021658928599208593,0.041565172374248505,0.04502832144498825,0.047205206006765366,0.04778525233268738,0.0,0.0,0.0,3.343411386013031,0.012880627466074657,0.097412109375,0.8355078473687172,0.000409888,0.005,0.0,0.0,0.0,0.0,0.0,0.0,0.0,0.0,0.0,,0.0,0.0,0.0,0.0,0.0,0.0,0.0,0.0,0.0,0.0,0.0,0.0,0.0,0.0,0.0,0.0,0.0,0.0,0.0,,,,,0.0,,0.21210265159606934,,,,,,,0.0,{},{},0.0,0.0,0.0,0.0,0.0,0.0,0.0,0,0,0.0,0.0,,0.0
89,41756-1786688958442437800,41756,182272,916,652,47,217,0.7117903930131004,0.76,0.74,0.002792660379782319,0.041222766041755676,0.5259467363357544,0.22473619878292084,10,8,0,2,0.8,1.0,1.4,0.4,0.6005839705467224,0.00341796875,0.005517578683793545,0.0014906239230185747,0.0033007808960974216,0.00537109375,0.537109375,-0.003710937686264515,0.0,0.0,0.0,0.0,0.002792660379782319,0.0087890625,0.006715429888572544,0.7639797656242541,1.0,0.42217420937160743,-0.01778775489785605,0.02036238730781608,0.01679753139615059,0.0016738147241994739,0.018265144899487495,0.020749511197209358,0.02189495414495468,0.022295568138360977,0.0,0.0,0.0,3.311761644151476,0.012759585347440507,0.099609375,0.8304310242335001,0.000408864,0.005,0.0,0.0,0.0,0.0,0.0,0.0,0.0,0.0,0.0,,0.0,0.0,0.0,0.0,0.0,0.0,0.0,0.0,0.0,0.0,0.0,0.0,0.0,0.0,0.0,0.0,0.0,0.0,0.0,,,,,0.0,,0.14203186333179474,,,,,,,0.0,{},{},0.0,0.0,0.0,0.0,0.0,0.0,0.0,0,0,0.0,0.0,,0.0
90,41756-1786688958442437800,41756,184320,926,659,47,220,0.7116630669546437,0.76,0.735,0.0023289364762604237,0.04379578307271004,0.4553365409374237,0.23040074110031128,10,7,0,3,0.7,1.7,1.9,0.2,0.4637850522994995,0.002685546875,0.004833984188735485,0.001113966340199113,0.002832031110301614,0.00537109375,0.537109375,-0.003759765764698386,0.0,0.0,0.0,0.0,0.0023289364762604237,0.008056640625,0.005820483551360667,0.7223558138472659,1.0,0.4666087679603341,-0.023142044432461262,0.02823476679623127,0.024770691990852356,0.0020280310418456793,0.02629525028169155,0.02797280251979828,0.03031737357378006,0.032681386917829514,0.0,0.0,0.0,3.258586287498474,0.01606465900549665,0.1255859375,0.7697031795978546,0.00040783999999999997,0.005,0.0,0.0,0.0,0.0,0.0,0.0,0.0,0.0,0.0,,0.0,0.0,0.0,0.0,0.0,0.0,0.0,0.0,0.0,0.0,0.0,0.0,0.0,0.0,0.0,0.0,0.0,0.0,0.0,,,,,0.0,,0.16871485114097595,,,,,,,0.0,{},{},0.0,0.0,0.0,0.0,0.0,0.0,0.0,0,0,0.0,0.0,,0.0
91,41756-1786688958442437800,41756,186368,934,664,47,223,0.7109207708779444,0.78,0.735,0.0029836397152394056,0.043185025453567505,0.4611654281616211,0.2576485276222229,8,5,0,3,0.625,0.875,1.875,1.0,0.4565834403038025,0.001708984375,0.005859375,0.0016029676189646125,0.0037329099141061306,0.00732421875,0.732421875,-0.0035683594178408384,0.0,0.0,0.0,0.0,0.0029836397152394056,0.009033203125,0.007193344383267686,0.7962345193857578,1.0,0.39498330605012144,-0.02230369992968109,0.035842884331941605,0.03180071711540222,0.00226548220962286,0.03307713195681572,0.03542538732290268,0.03909527510404587,0.03913922607898712,0.0,0.0,0.0,2.9897665447658963,0.013251539623726986,0.09917534722222222,0.8212293419573042,0.000406816,0.005,0.0,0.0,0.0,0.0,0.0,0.0,0.0,0.0,0.0,,0.0,0.0,0.0,0.0,0.0,0.0,0.0,0.0,0.0,0.0,0.0,0.0,0.0,0.0,0.0,0.0,0.0,0.0,0.0,,,,,0.0,,0.18993023037910461,,,,,,,0.0,{},{},0.0,0.0,0.0,0.0,0.0,0.0,0.0,0,0,0.0,0.0,,0.0
92,41756-1786688958442437800,41756,188416,947,674,47,226,0.7117212249208026,0.76,0.75,0.0023458939976990223,0.041805874556303024,0.38160237669944763,0.24834798276424408,13,10,0,3,0.7692307692307693,1.5384615384615385,1.9230769230769231,0.38461538461538464,0.5331088900566101,0.004150390625,0.004589843563735485,0.0010439008474349976,0.0026782224886119366,0.00439453125,0.439453125,-0.0037285154685378075,0.0,0.0,0.0,0.0,0.0023458939976990223,0.008544921875,0.005520374397747219,0.6459659330488812,1.0,0.43629178022854415,-0.01704445346775982,0.029118460085656907,0.02491297572851181,0.0023526381701231003,0.026106594130396843,0.02912907674908638,0.03157367929816246,0.03310954570770264,0.0,0.0,0.0,3.2315004666646323,0.016068142981061503,0.1169704861111111,0.8363876475228204,0.000405792,0.005,0.0,0.0,0.0,0.0,0.0,0.0,0.0,0.0,0.0,,0.0,0.0,0.0,0.0,0.0,0.0,0.0,0.0,0.0,0.0,0.0,0.0,0.0,0.0,0.0,0.0,0.0,0.0,0.0,,,,,0.0,,0.16969476640224457,,,,,,,0.0,{},{},0.0,0.0,0.0,0.0,0.0,0.0,0.0,0,0,0.0,0.0,,0.0
93,41756-1786688958442437800,41756,190464,955,677,47,231,0.7089005235602094,0.68,0.73,0.0021375652868300676,0.03685217723250389,0.4153006970882416,0.22896911203861237,8,3,0,5,0.375,0.75,1.25,0.5,0.38702815771102905,0.000244140625,0.006054687779396772,0.001314645865932107,0.0019897460006177425,0.005664062686264515,0.56640625,-0.0036113280802965164,0.0,0.0,0.0,0.0,0.0021375652868300676,0.005908203311264515,0.006880785746034235,1.1644185152535917,1.0,0.6111362039976461,-0.022554142141921654,0.032137734815478325,0.029077714309096336,0.002120593562722206,0.029169995337724686,0.032755203545093536,0.03448699414730072,0.03488369286060333,0.0,0.0,0.0,3.1871538162231445,0.01411492205483632,0.10611979166666667,0.7525157597329881,0.000404768,0.005,0.0,0.0,0.0,0.0,0.0,0.0,0.0,0.0,0.0,,0.0,0.0,0.0,0.0,0.0,0.0,0.0,0.0,0.0,0.0,0.0,0.0,0.0,0.0,0.0,0.0,0.0,0.0,0.0,,,,,0.0,,0.17926567792892456,,,,,,,0.0,{},{},0.0,0.0,0.0,0.0,0.0,0.0,0.0,0,0,0.0,0.0,,0.0
94,41756-1786688958442437800,41756,192512,965,686,47,232,0.7108808290155441,0.7,0.75,0.002745273057371378,0.044175419956445694,0.4505029320716858,0.296294629573822,10,9,0,1,0.9,1.5,1.8,0.3,0.5447781682014465,0.004150390625,0.00522460974752903,0.001321539282798767,0.0030908200424164534,0.00498046912252903,0.498046875,-0.0037050782702863216,0.0,0.0,0.0,0.0,0.002745273057371378,0.00913085974752903,0.006327699578832835,0.6929256201668049,1.0,0.405730965293118,-0.023562974669039248,0.03904496505856514,0.03171722590923309,0.004773564636707306,0.0341242216527462,0.03869793564081192,0.04592332988977432,0.04618325084447861,0.0,0.0,0.0,3.0266163110733033,0.01887617728789337,0.13984375,0.8417275667190551,0.000403744,0.005,0.0,0.0,0.0,0.0,0.0,0.0,0.0,0.0,0.0,,0.0,0.0,0.0,0.0,0.0,0.0,0.0,0.0,0.0,0.0,0.0,0.0,0.0,0.0,0.0,0.0,0.0,0.0,0.0,,,,,0.0,,0.19991037249565125,,,,,,,0.0,{},{},0.0,0.0,0.0,0.0,0.0,0.0,0.0,0,0,0.0,0.0,,0.0
95,41756-1786688958442437800,41756,194560,977,695,47,235,0.7113613101330604,0.72,0.75,0.003609143663197756,0.046712420880794525,0.4912470579147339,0.26195305585861206,12,9,0,3,0.75,1.3333333333333333,1.75,0.4166666666666667,0.4856836199760437,0.003662109375,0.00668945349752903,0.0018032966181635857,0.0032275388948619366,0.007617187686264515,0.76171875,-0.0036855468060821295,0.0,0.0,0.0,0.0,0.003609143663197756,0.011279297061264515,0.00794716237578541,0.7045171179999526,1.0,0.3267242685246254,-0.020940092495746084,0.03617175171772639,0.03366877883672714,0.0027068459894508123,0.03402620553970337,0.035840824246406555,0.0386214405298233,0.043107807636260986,0.0,0.0,0.0,3.208230389489068,0.010135493467613641,0.07855902777777778,0.8310670057932535,0.00040271999999999997,0.005,0.0,0.0,0.0,0.0,0.0,0.0,0.0,0.0,0.0,,0.0,0.0,0.0,0.0,0.0,0.0,0.0,0.0,0.0,0.0,0.0,0.0,0.0,0.0,0.0,0.0,0.0,0.0,0.0,,,,,0.0,,0.1878618746995926,,,,,,,0.0,{},{},0.0,0.0,0.0,0.0,0.0,0.0,0.0,0,0,0.0,0.0,,0.0
96,41756-1786688958442437800,41756,196608,987,703,47,237,0.7122593718338399,0.72,0.755,0.003552553243935108,0.043955836445093155,0.5306642055511475,0.2748059034347534,10,8,0,2,0.8,1.4,1.8,0.4,0.6192548274993896,0.00341796875,0.006787109188735485,0.0018800996476784348,0.003217773512005806,0.00732421875,0.732421875,-0.003658203175291419,0.0,0.0,0.0,0.0,0.003552553243935108,0.0107421875,0.008061577478656545,0.750389721733568,1.0,0.34051376049160637,-0.01726818224415183,0.0290979091078043,0.027436090633273125,0.0009186113020405173,0.027989646419882774,0.029032837599515915,0.03009154461324215,0.03033086098730564,0.0,0.0,0.0,3.0437039136886597,0.014257582275604364,0.10400390625,0.8240137174725533,0.000401696,0.005,0.0,0.0,0.0,0.0,0.0,0.0,0.0,0.0,0.0,,0.0,0.0,0.0,0.0,0.0,0.0,0.0,0.0,0.0,0.0,0.0,0.0,0.0,0.0,0.0,0.0,0.0,0.0,0.0,,,,,0.0,,0.1695677638053894,,,,,,,0.0,{},{},0.0,0.0,0.0,0.0,0.0,0.0,0.0,0,0,0.0,0.0,,0.0
97,41756-1786688958442437800,41756,198656,995,709,48,238,0.7125628140703517,0.74,0.755,0.003133605234324932,0.04135502502322197,0.515363335609436,0.24998530745506287,8,6,1,1,0.75,1.5,1.75,0.25,0.5406761765480042,0.002197265625,0.00644531287252903,0.00183664180804044,0.0027685544919222593,0.00732421875,0.732421875,-0.003763671964406967,0.0,0.0,0.0,0.0,0.003133605234324932,0.009521484375,0.007596611947519705,0.7977552546542986,1.0,0.3952405502799229,-0.02287591826170683,0.029113556258380413,0.02654128149151802,0.001871325890533626,0.027406174689531326,0.028454948216676712,0.032370176166296005,0.03259780630469322,0.0,0.0,0.0,3.2576987743377686,0.016180591797456144,0.1287109375,0.7530369579792022,0.00040067200000000003,0.005,0.0,0.0,0.0,0.0,0.0,0.0,0.0,0.0,0.0,,0.0,0.0,0.0,0.0,0.0,0.0,0.0,0.0,0.0,0.0,0.0,0.0,0.0,0.0,0.0,0.0,0.0,0.0,0.0,,,,,0.0,,0.16942362487316132,,,,,,,0.0,{},{},0.0,0.0,0.0,0.0,0.0,0.0,0.0,0,0,0.0,0.0,,0.0
98,41756-1786688958442437800,41756,200704,1007,718,48,241,0.7130089374379345,0.78,0.74,0.0026391902938485146,0.04161146283149719,0.506499171257019,0.2482224702835083,12,9,0,3,0.75,1.25,1.6666666666666667,0.4166666666666667,0.46312057971954346,0.003662109375,0.0050292969681322575,0.0014245084021240473,0.002858886495232582,0.0055175782181322575,0.5517578125,-0.0037773437798023224,0.0,0.0,0.0,0.0,0.0026391902938485146,0.009179687593132257,0.006100145692471415,0.6644541196494601,1.0,0.41144453958198274,-0.03101067596369169,0.03329287672584707,0.030167266726493835,0.003210761584341526,0.03031494840979576,0.03186969459056854,0.037660516798496246,0.04029255360364914,0.0,0.0,0.0,3.1007411696694116,0.018111737333873116,0.14133522727272727,0.7359311228448694,0.000399648,0.005,0.0,0.0,0.0,0.0,0.0,0.0,0.0,0.0,0.0,,0.0,0.0,0.0,0.0,0.0,0.0,0.0,0.0,0.0,0.0,0.0,0.0,0.0,0.0,0.0,0.0,0.0,0.0,0.0,,,,,0.0,,0.18187770247459412,,,,,,,0.0,{},{},0.0,0.0,0.0,0.0,0.0,0.0,0.0,0,0,0.0,0.0,,0.0
99,41756-1786688958442437800,41756,202752,1019,727,49,243,0.7134445534838076,0.78,0.755,0.0035680034197866917,0.05038534104824066,0.46146780252456665,0.2853141129016876,12,9,1,2,0.75,1.3333333333333333,1.9166666666666667,0.5833333333333334,0.5754318237304688,0.00341796875,0.0062011717818677425,0.0024784787092357874,0.003852538764476776,0.0078125,0.78125,-0.0035878904163837433,0.0,0.0,0.0,0.0,0.0035680034197866917,0.01123046875,0.007783926150295883,0.6930461477084984,1.0,0.31944979737256035,-0.02929341964508322,0.03345459462566809,0.02878021076321602,0.0028166419360786676,0.030827291309833527,0.032930903136730194,0.037414051592350006,0.03832438215613365,0.0,0.0,0.0,2.923266952688044,0.013135354770135811,0.10493607954545454,0.7837327231060375,0.000398624,0.005,0.0,0.0,0.0,0.0,0.0,0.0,0.0,0.0,0.0,,0.0,0.0,0.0,0.0,0.0,0.0,0.0,0.0,0.0,0.0,0.0,0.0,0.0,0.0,0.0,0.0,0.0,0.0,0.0,,,,,0.0,,0.1859075129032135,,,,,,,0.0,{},{},0.0,0.0,0.0,0.0,0.0,0.0,0.0,0,0,0.0,0.0,,0.0
100,41756-1786688958442437800,41756,204800,1029,735,49,245,0.7142857142857143,0.76,0.76,0.00352511927485466,0.03861542046070099,0.5568463802337646,0.305864155292511,10,8,0,2,0.8,1.6,1.7,0.1,0.6193857192993164,0.00341796875,0.006396484561264515,0.0010063846129924059,0.002187499776482582,0.00830078125,0.830078125,-0.003902343800291419,0.0,0.0,0.0,0.0,0.00352511927485466,0.01171875,0.007194955658633262,0.6139171619388862,1.0,0.33297159071579335,-0.022988526461025078,0.03649581140942044,0.03418625891208649,0.0015332653420045972,0.03460535779595375,0.0359857901930809,0.03814885765314102,0.03897511959075928,0.0,0.0,0.0,3.1746005482143826,0.013273923429854525,0.107421875,0.8519615067376031,0.0003976,0.005,0.0,0.0,0.0,0.0,0.0,0.0,0.0,0.0,0.0,,0.0,0.0,0.0,0.0,0.0,0.0,0.0,0.0,0.0,0.0,0.0,0.0,0.0,0.0,0.0,0.0,0.0,0.0,0.0,,,,,0.0,,0.1886996626853943,,,,,,,0.0,{},{},0.0,0.0,0.0,0.0,0.0,0.0,0.0,0,0,0.0,0.0,,0.0
101,41756-1786688958442437800,41756,206848,1037,740,49,248,0.7135969141755063,0.74,0.75,0.001234131515957415,0.031704582273960114,0.4826512932777405,0.32948052883148193,8,5,0,3,0.625,1.0,1.0,0.0,0.6381677389144897,0.001708984375,0.0038574219215661287,0.00031142172520048916,0.0018115233397111297,0.0029296875,0.29296875,-0.0037558595649898052,0.0,0.0,0.0,0.0,0.001234131515957415,0.004638671875,0.0043881581877940334,0.9457906304622099,1.0,0.8095097382268666,-0.020669496204290125,0.03952061219347848,0.03118821233510971,0.0034739915281534195,0.03578544035553932,0.040436796844005585,0.04202216863632202,0.04453427717089653,0.0,0.0,0.0,3.106110440360175,0.01555639546778467,0.11675347222222222,0.8159586985905966,0.000396576,0.005,0.0,0.0,0.0,0.0,0.0,0.0,0.0,0.0,0.0,,0.0,0.0,0.0,0.0,0.0,0.0,0.0,0.0,0.0,0.0,0.0,0.0,0.0,0.0,0.0,0.0,0.0,0.0,0.0,,,,,0.0,,0.19819076359272003,,,,,,,0.0,{},{},0.0,0.0,0.0,0.0,0.0,0.0,0.0,0,0,0.0,0.0,,0.0
102,41756-1786688958442437800,41756,208896,1050,749,51,250,0.7133333333333334,0.72,0.735,0.002067546360194683,0.04318172484636307,0.4204222559928894,0.3685804009437561,13,9,2,2,0.6923076923076923,1.0769230769230769,1.6153846153846154,0.5384615384615384,0.590923547744751,0.0029296875,0.005078125279396772,0.001256956486031413,0.003352050669491291,0.0035644532181322575,0.3564453125,-0.003753906348720193,0.0,0.0,0.0,0.0,0.002067546360194683,0.0064941407181322575,0.006230377068277448,0.959236656857075,1.0,0.5779561231430358,-0.02220640414290958,0.05537561161650552,0.04840032756328583,0.003764148335903883,0.05009111016988754,0.05610519275069237,0.05975954979658127,0.06067248806357384,0.0,0.0,0.0,3.1800815529293485,0.01406787544126726,0.1056857638888889,0.7892837789323595,0.000395552,0.005,0.0,0.0,0.0,0.0,0.0,0.0,0.0,0.0,0.0,,0.0,0.0,0.0,0.0,0.0,0.0,0.0,0.0,0.0,0.0,0.0,0.0,0.0,0.0,0.0,0.0,0.0,0.0,0.0,,,,,0.0,,0.23574064671993256,,,,,,,0.0,{},{},0.0,0.0,0.0,0.0,0.0,0.0,0.0,0,0,0.0,0.0,,0.0
103,41756-1786688958442437800,41756,210944,1058,752,51,255,0.7107750472589792,0.66,0.72,0.0020591060165315866,0.04272213950753212,0.3808760643005371,0.2573704421520233,8,3,0,5,0.375,0.75,1.125,0.375,0.38399648666381836,0.000244140625,0.0055175782181322575,0.0012082457542419434,0.003320312360301614,0.005859375,0.5859375,-0.0038222656585276127,0.0,0.0,0.0,0.0,0.0020591060165315866,0.006103515625,0.006649717746768147,1.0893112828699076,1.0,0.6261374191384124,-0.012986018721546446,0.04114309911217008,0.03751802444458008,0.002682143123820424,0.038594335317611694,0.0405094251036644,0.044923316687345505,0.04570246487855911,0.0,0.0,0.0,3.186681338718959,0.01205454274479832,0.08956473214285714,0.8560075078691755,0.000394528,0.005,0.0,0.0,0.0,0.0,0.0,0.0,0.0,0.0,0.0,,0.0,0.0,0.0,0.0,0.0,0.0,0.0,0.0,0.0,0.0,0.0,0.0,0.0,0.0,0.0,0.0,0.0,0.0,0.0,,,,,0.0,,0.2019994854927063,,,,,,,0.0,{},{},0.0,0.0,0.0,0.0,0.0,0.0,0.0,0,0,0.0,0.0,,0.0
104,41756-1786688958442437800,41756,212992,1070,760,51,259,0.7102803738317757,0.66,0.715,0.003463541390374303,0.0469757579267025,0.5188965201377869,0.23334118723869324,12,8,0,4,0.6666666666666666,1.1666666666666667,1.8333333333333333,0.6666666666666666,0.267078161239624,0.0029296875,0.006591796875,0.0019746311008930206,0.004072265233844519,0.00732421875,0.732421875,-0.0035644532181322575,0.0,0.0,0.0,0.0,0.003463541390374303,0.01025390625,0.008103520958684385,0.790209170238332,1.0,0.347585158872833,-0.022014836987687483,0.037450071424245834,0.033813025802373886,0.0034760679118335247,0.033983856439590454,0.03625394403934479,0.041065968573093414,0.04545275494456291,0.0,0.0,0.0,3.053470346662733,0.012115651117508404,0.0881076388888889,0.7733501659499274,0.00039350400000000003,0.005,0.0,0.0,0.0,0.0,0.0,0.0,0.0,0.0,0.0,,0.0,0.0,0.0,0.0,0.0,0.0,0.0,0.0,0.0,0.0,0.0,0.0,0.0,0.0,0.0,0.0,0.0,0.0,0.0,,,,,0.0,,0.1997653841972351,,,,,,,0.0,{},{},0.0,0.0,0.0,0.0,0.0,0.0,0.0,0,0,0.0,0.0,,0.0
105,41756-1786688958442437800,41756,215040,1082,771,51,260,0.7125693160813309,0.68,0.735,0.004923243075609207,0.04877866804599762,0.5447098016738892,0.23831430077552795,12,11,0,1,0.9166666666666666,1.8333333333333333,2.25,0.4166666666666667,0.5840809345245361,0.005126953125,0.0078125,0.002406154293566942,0.0035327146761119366,0.01040039025247097,1.0400390625,-0.003654296975582838,0.0,0.0,0.0,0.0,0.004923243075609207,0.01552734337747097,0.00929721724241972,0.5987256345650127,1.0,0.23533076817998577,-0.026072647676549175,0.02382054975764318,0.02089356631040573,0.0017147333128377795,0.02181975170969963,0.02336878515779972,0.025292694568634033,0.027076110243797302,0.0,0.0,0.0,2.9912503199143843,0.01617219797018069,0.125,0.8573153452439741,0.00039248,0.005,0.0,0.0,0.0,0.0,0.0,0.0,0.0,0.0,0.0,,0.0,0.0,0.0,0.0,0.0,0.0,0.0,0.0,0.0,0.0,0.0,0.0,0.0,0.0,0.0,0.0,0.0,0.0,0.0,,,,,0.0,,0.15369315445423126,,,,,,,0.0,{},{},0.0,0.0,0.0,0.0,0.0,0.0,0.0,0,0,0.0,0.0,,0.0
106,41756-1786688958442437800,41756,217088,1090,778,52,260,0.7137614678899082,0.72,0.735,0.002365610795095563,0.039704207330942154,0.5184434056282043,0.30896705389022827,8,7,1,0,0.875,1.375,1.5,0.125,0.5617508888244629,0.0029296875,0.004931640811264515,0.0009943426121026278,0.0029882811941206455,0.0050292969681322575,0.5029296875,-0.003820312675088644,0.0,0.0,0.0,0.0,0.002365610795095563,0.007958984468132257,0.005927296762820333,0.7446367246758112,1.0,0.4799397147548767,-0.028331277045336636,0.039496399970217186,0.030666949227452278,0.004677918739616871,0.03259846568107605,0.04118097573518753,0.04490244388580322,0.04541794955730438,0.0,0.0,0.0,3.185337716882879,0.017971605649852954,0.13707386363636365,0.7403370629657399,0.00039145600000000004,0.005,0.0,0.0,0.0,0.0,0.0,0.0,0.0,0.0,0.0,,0.0,0.0,0.0,0.0,0.0,0.0,0.0,0.0,0.0,0.0,0.0,0.0,0.0,0.0,0.0,0.0,0.0,0.0,0.0,,,,,0.0,,0.20453739166259766,,,,,,,0.0,{},{},0.0,0.0,0.0,0.0,0.0,0.0,0.0,0,0,0.0,0.0,,0.0
107,41756-1786688958442437800,41756,219136,1102,789,52,261,0.7159709618874773,0.78,0.74,0.003990122117102146,0.041861679404973984,0.566119372844696,0.30333054065704346,12,11,0,1,0.9166666666666666,1.5,1.8333333333333333,0.3333333333333333,0.5409514904022217,0.005126953125,0.0069335936568677425,0.00192919815890491,0.00274658203125,0.00732421875,0.732421875,-0.0036347657442092896,0.0,0.0,0.0,0.0,0.003990122117102146,0.012451171875,0.00810253870440647,0.6506928097156923,1.0,0.29189813477492577,-0.030252847270193426,0.04281486503102563,0.03777381777763367,0.0037265776190906763,0.038400933146476746,0.041161149740219116,0.04771498590707779,0.049563609063625336,0.0,0.0,0.0,3.014513687653975,0.012593878332567825,0.09215198863636363,0.7104847702113065,0.000390432,0.005,0.0,0.0,0.0,0.0,0.0,0.0,0.0,0.0,0.0,,0.0,0.0,0.0,0.0,0.0,0.0,0.0,0.0,0.0,0.0,0.0,0.0,0.0,0.0,0.0,0.0,0.0,0.0,0.0,,,,,0.0,,0.20551589131355286,,,,,,,0.0,{},{},0.0,0.0,0.0,0.0,0.0,0.0,0.0,0,0,0.0,0.0,,0.0
108,41756-1786688958442437800,41756,221184,1111,796,52,263,0.7164716471647165,0.86,0.74,0.004659621044993401,0.05096573010087013,0.5668054819107056,0.24556729197502136,9,7,0,2,0.7777777777777778,1.8888888888888888,2.111111111111111,0.2222222222222222,0.5597180128097534,0.0029296875,0.00791015662252903,0.002574380487203598,0.004462890326976776,0.01088867150247097,1.0888671875,-0.0035664064344018698,0.0,0.0,0.0,0.0,0.004659621044993401,0.01381835900247097,0.009669474326074123,0.6997049808421052,1.0,0.2580732169823636,-0.027816067356616257,0.02613606471568346,0.023809678852558136,0.0013608703156933188,0.023837527260184288,0.02616950497031212,0.02757229283452034,0.027705315500497818,0.0,0.0,0.0,2.739486050605774,0.0110353577445494,0.0779296875,0.7526241093873978,0.000389408,0.005,0.0,0.0,0.0,0.0,0.0,0.0,0.0,0.0,0.0,,0.0,0.0,0.0,0.0,0.0,0.0,0.0,0.0,0.0,0.0,0.0,0.0,0.0,0.0,0.0,0.0,0.0,0.0,0.0,,,,,0.0,,0.16294309496879578,,,,,,,0.0,{},{},0.0,0.0,0.0,0.0,0.0,0.0,0.0,0,0,0.0,0.0,,0.0
109,41756-1786688958442437800,41756,223232,1125,808,52,265,0.7182222222222222,0.86,0.745,0.004473290406167507,0.05252459645271301,0.6045541763305664,0.24360904097557068,14,12,0,2,0.8571428571428571,1.4285714285714286,2.142857142857143,0.7142857142857143,0.291900098323822,0.00537109375,0.007031249813735485,0.003136384766548872,0.005039062350988388,0.008105468936264515,0.810546875,-0.003396484302356839,0.0,0.0,0.0,0.0,0.004473290406167507,0.013476562686264515,0.0090751115931198,0.6733496110812813,1.0,0.2520102767407881,-0.02398812931708314,0.038998821580951866,0.03386690840125084,0.003837081603705883,0.034272097051143646,0.03868156671524048,0.04359619319438934,0.04617467522621155,0.0,0.0,0.0,2.7952560511502353,0.012948499622077426,0.08647017045454546,0.7378967241807417,0.00038838400000000003,0.005,0.0,0.0,0.0,0.0,0.0,0.0,0.0,0.0,0.0,,0.0,0.0,0.0,0.0,0.0,0.0,0.0,0.0,0.0,0.0,0.0,0.0,0.0,0.0,0.0,0.0,0.0,0.0,0.0,,,,,0.0,,0.20499378442764282,,,,,,,0.0,{},{},0.0,0.0,0.0,0.0,0.0,0.0,0.0,0,0,0.0,0.0,,0.0
110,41756-1786688958442437800,41756,225280,1133,816,52,265,0.7202118270079435,0.88,0.76,0.0033859761897474527,0.0423235185444355,0.5938838720321655,0.1943516880273819,8,8,0,0,1.0,2.0,2.375,0.375,0.461664617061615,0.00390625,0.006103515625,0.0010958182392641902,0.002548828022554517,0.00732421875,0.732421875,-0.0037558593321591616,0.0,0.0,0.0,0.0,0.0033859761897474527,0.01123046875,0.007014677190454677,0.6245556433084211,1.0,0.33440500220945385,-0.02125079919480615,0.01936914709707101,0.01728678122162819,0.0018569439416751266,0.017493961378932,0.019090797752141953,0.021742990240454674,0.023311931639909744,0.0,0.0,0.0,3.0443570613861084,0.012505996820335794,0.09288194444444445,0.7862109475665622,0.00038736,0.005,0.0,0.0,0.0,0.0,0.0,0.0,0.0,0.0,0.0,,0.0,0.0,0.0,0.0,0.0,0.0,0.0,0.0,0.0,0.0,0.0,0.0,0.0,0.0,0.0,0.0,0.0,0.0,0.0,,,,,0.0,,0.14259843528270721,,,,,,,0.0,{},{},0.0,0.0,0.0,0.0,0.0,0.0,0.0,0,0,0.0,0.0,,0.0
111,41756-1786688958442437800,41756,227328,1144,825,52,267,0.7211538461538461,0.86,0.77,0.003888003993779421,0.043700676411390305,0.6062432527542114,0.2457120567560196,11,9,0,2,0.8181818181818182,1.3636363636363635,1.6363636363636365,0.2727272727272727,0.5871083736419678,0.00390625,0.006982422433793545,0.0014538313262164593,0.002763671800494194,0.00844726525247097,0.8447265625,-0.0037929685786366463,0.0,0.0,0.0,0.0,0.003888003993779421,0.01235351525247097,0.008036798215471208,0.6505150587647545,1.0,0.3070107164162537,-0.021553850422302883,0.02408556453883648,0.02259153313934803,0.000978552270680666,0.02321517840027809,0.02352118119597435,0.02531181462109089,0.025669770315289497,0.0,0.0,0.0,3.060066302617391,0.015067053137398843,0.10112847222222222,0.7644670671886868,0.00038633600000000004,0.005,0.0,0.0,0.0,0.0,0.0,0.0,0.0,0.0,0.0,,0.0,0.0,0.0,0.0,0.0,0.0,0.0,0.0,0.0,0.0,0.0,0.0,0.0,0.0,0.0,0.0,0.0,0.0,0.0,,,,,0.0,,0.1578863263130188,,,,,,,0.0,{},{},0.0,0.0,0.0,0.0,0.0,0.0,0.0,0,0,0.0,0.0,,0.0
112,41756-1786688958442437800,41756,229376,1153,830,52,271,0.7198612315698178,0.82,0.765,0.0014308065874502063,0.031726621091365814,0.505121111869812,0.26666259765625,9,5,0,4,0.5555555555555556,1.1111111111111112,1.4444444444444444,0.3333333333333333,0.5785362124443054,0.00146484375,0.004541016183793545,0.0003906871716026217,0.002326659858226776,0.00341796875,0.341796875,-0.0039179688319563866,0.0,0.0,0.0,0.0,0.0014308065874502063,0.0048828125,0.005220352941250894,1.0689093697292626,1.0,0.8022357189094353,-0.017418658050398033,0.030926825892594125,0.025130094960331917,0.003788227215409279,0.02677156589925289,0.029900964349508286,0.03596629574894905,0.03810159116983414,0.0,0.0,0.0,3.1597007380591497,0.012239353795949783,0.09331597222222222,0.7858480016390482,0.000385312,0.005,0.0,0.0,0.0,0.0,0.0,0.0,0.0,0.0,0.0,,0.0,0.0,0.0,0.0,0.0,0.0,0.0,0.0,0.0,0.0,0.0,0.0,0.0,0.0,0.0,0.0,0.0,0.0,0.0,,,,,0.0,,0.173117995262146,,,,,,,0.0,{},{},0.0,0.0,0.0,0.0,0.0,0.0,0.0,0,0,0.0,0.0,,0.0
113,41756-1786688958442437800,41756,231424,1163,837,53,273,0.7196904557179707,0.78,0.765,0.0021601691842079163,0.03374454751610756,0.4622596502304077,0.3709450364112854,10,7,1,2,0.7,1.2,1.4,0.2,0.641100287437439,0.00244140625,0.0052246092818677425,0.000523583497852087,0.0016894531436264515,0.0048828125,0.48828125,-0.0038906249683350325,0.0,0.0,0.0,0.0,0.0021601691842079163,0.00732421875,0.005777868442237377,0.7887639454094633,1.0,0.5311274790715339,-0.02586552328430116,0.047425159439444545,0.03906963765621185,0.003971275873482227,0.04203837364912033,0.04870588332414627,0.051801446825265884,0.05219178646802902,0.0,0.0,0.0,3.272457242012024,0.0138259542058222,0.107421875,0.7790515780448913,0.00038428800000000004,0.005,0.0,0.0,0.0,0.0,0.0,0.0,0.0,0.0,0.0,,0.0,0.0,0.0,0.0,0.0,0.0,0.0,0.0,0.0,0.0,0.0,0.0,0.0,0.0,0.0,0.0,0.0,0.0,0.0,,,,,0.0,,0.22222663462162018,,,,,,,0.0,{},{},0.0,0.0,0.0,0.0,0.0,0.0,0.0,0,0,0.0,0.0,,0.0
114,41756-1786688958442437800,41756,233472,1176,846,54,276,0.7193877551020408,0.74,0.76,0.0033303354866802692,0.042650215327739716,0.6290651559829712,0.36412620544433594,13,9,1,3,0.6923076923076923,1.0,1.2307692307692308,0.23076923076923078,0.5661913156509399,0.003173828125,0.006054687779396772,0.001937712775543332,0.0032104491256177425,0.00732421875,0.732421875,-0.0036738282069563866,0.0,0.0,0.0,0.0,0.0033303354866802692,0.010498046875,0.007341728254687041,0.6992756906504469,1.0,0.3499201642488511,-0.025149882631376387,0.05729933492839336,0.052795685827732086,0.005878353025764227,0.05301252752542496,0.054349228739738464,0.06395958364009857,0.07132765650749207,0.0,0.0,0.0,2.999414801597595,0.012790555492392741,0.098046875,0.776171725988388,0.000383264,0.005,0.0,0.0,0.0,0.0,0.0,0.0,0.0,0.0,0.0,,0.0,0.0,0.0,0.0,0.0,0.0,0.0,0.0,0.0,0.0,0.0,0.0,0.0,0.0,0.0,0.0,0.0,0.0,0.0,,,,,0.0,,0.23982864618301392,,,,,,,0.0,{},{},0.0,0.0,0.0,0.0,0.0,0.0,0.0,0,0,0.0,0.0,,0.0
115,41756-1786688958442437800,41756,235520,1186,855,54,277,0.7209106239460371,0.72,0.76,0.004318988882005215,0.04643041640520096,0.5931323766708374,0.29907673597335815,10,9,0,1,0.9,1.9,2.2,0.3,0.6639520525932312,0.004150390625,0.007519531063735485,0.0023538158275187016,0.0030639651231467724,0.009082031436264515,0.908203125,-0.0035332031548023224,0.0,0.0,0.0,0.0,0.004318988882005215,0.013232422061264515,0.008873976301401854,0.6705730581492467,1.0,0.2669908915808213,-0.02708123598925092,0.030423154377124527,0.028290648013353348,0.0020028322469443083,0.02832166850566864,0.02944873832166195,0.03240964561700821,0.034852515906095505,0.0,0.0,0.0,2.9446780898354272,0.012884127277753909,0.08575994318181818,0.7272077365355059,0.00038224000000000005,0.005,0.0,0.0,0.0,0.0,0.0,0.0,0.0,0.0,0.0,,0.0,0.0,0.0,0.0,0.0,0.0,0.0,0.0,0.0,0.0,0.0,0.0,0.0,0.0,0.0,0.0,0.0,0.0,0.0,,,,,0.0,,0.17337371408939362,,,,,,,0.0,{},{},0.0,0.0,0.0,0.0,0.0,0.0,0.0,0,0,0.0,0.0,,0.0
116,41756-1786688958442437800,41756,237568,1198,863,54,281,0.7203672787979967,0.7,0.755,0.0031294049695134163,0.04311949014663696,0.5669503808021545,0.3531290888786316,12,8,0,4,0.6666666666666666,1.5833333333333333,1.5833333333333333,0.0,0.6357568502426147,0.0029296875,0.00634765625,0.0014810911379754543,0.003310546511784196,0.006640625186264515,0.6640625,-0.0036679687909781933,0.0,0.0,0.0,0.0,0.0031294049695134163,0.009570312686264515,0.0075455656624399126,0.7883522260502798,1.0,0.38322525981644906,-0.030361447821963917,0.04383380609479817,0.039898887276649475,0.0024069787468761206,0.04065757989883423,0.044493257999420166,0.04622753709554672,0.04842989891767502,0.0,0.0,0.0,3.0369328152049673,0.015177835398141971,0.10600142045454546,0.694285663691434,0.00038121600000000003,0.005,0.0,0.0,0.0,0.0,0.0,0.0,0.0,0.0,0.0,,0.0,0.0,0.0,0.0,0.0,0.0,0.0,0.0,0.0,0.0,0.0,0.0,0.0,0.0,0.0,0.0,0.0,0.0,0.0,,,,,0.0,,0.2131224423646927,,,,,,,0.0,{},{},0.0,0.0,0.0,0.0,0.0,0.0,0.0,0,0,0.0,0.0,,0.0
117,41756-1786688958442437800,41756,239616,1206,869,55,282,0.7205638474295191,0.74,0.76,0.003013367997482419,0.04566316679120064,0.5126474499702454,0.33073198795318604,8,6,1,1,0.75,1.375,2.0,0.625,0.5239278078079224,0.002197265625,0.006103515625,0.0018827284220606089,0.0035937498323619366,0.0068359375,0.68359375,-0.0035781250335276127,0.0,0.0,0.0,0.0,0.003013367997482419,0.009033203125,0.007472635188605636,0.8271493440220425,1.0,0.39606426643496717,-0.024919170700013638,0.05118565671145916,0.0462256595492363,0.0034080499317497015,0.048028599470853806,0.0513114333152771,0.05389992147684097,0.05920602008700371,0.0,0.0,0.0,3.0248326301574706,0.014842595669324509,0.107421875,0.7516330599784851,0.000380192,0.005,0.0,0.0,0.0,0.0,0.0,0.0,0.0,0.0,0.0,,0.0,0.0,0.0,0.0,0.0,0.0,0.0,0.0,0.0,0.0,0.0,0.0,0.0,0.0,0.0,0.0,0.0,0.0,0.0,,,,,0.0,,0.22819840908050537,,,,,,,0.0,{},{},0.0,0.0,0.0,0.0,0.0,0.0,0.0,0,0,0.0,0.0,,0.0
118,41756-1786688958442437800,41756,241664,1219,878,56,285,0.7202625102543068,0.74,0.755,0.0029543936252593994,0.04404917731881142,0.6094871759414673,0.32399311661720276,13,9,1,3,0.6923076923076923,1.0,1.4615384615384615,0.46153846153846156,0.5681030750274658,0.003173828125,0.005859375,0.0019530748249962926,0.0033081055153161287,0.005859375,0.5859375,-0.0035605470184236765,0.0,0.0,0.0,0.0,0.0029543936252593994,0.009033203125,0.007174670085078105,0.7941674529349378,1.0,0.3941185480510963,-0.013895891473761626,0.04515532670276506,0.04156433790922165,0.0020786102395504713,0.042366884648799896,0.04639693722128868,0.04700198397040367,0.04726463183760643,0.0,0.0,0.0,2.8438522134508406,0.01429165480658412,0.10602678571428571,0.8481583680425372,0.00037916800000000004,0.005,0.0,0.0,0.0,0.0,0.0,0.0,0.0,0.0,0.0,,0.0,0.0,0.0,0.0,0.0,0.0,0.0,0.0,0.0,0.0,0.0,0.0,0.0,0.0,0.0,0.0,0.0,0.0,0.0,,,,,0.0,,0.21292459964752197,,,,,,,0.0,{},{},0.0,0.0,0.0,0.0,0.0,0.0,0.0,0,0,0.0,0.0,,0.0
119,41756-1786688958442437800,41756,243712,1229,886,56,287,0.7209113100081367,0.76,0.755,0.0029414030723273754,0.04049332067370415,0.5124162435531616,0.22005999088287354,10,8,0,2,0.8,1.7,2.2,0.5,0.6075875163078308,0.00341796875,0.0062500000931322575,0.0009295532945543528,0.0022729490883648396,0.0060058594681322575,0.6005859375,-0.0037382813170552254,0.0,0.0,0.0,0.0,0.0029414030723273754,0.009423828218132257,0.0070506256888620555,0.7480906310098558,1.0,0.39664185177011646,-0.02468566079623997,0.02085714302957058,0.0171444583684206,0.0023514835629612207,0.01837843656539917,0.0207628533244133,0.02400679513812065,0.0245857834815979,0.0,0.0,0.0,2.964590620994568,0.013630505780747626,0.1052734375,0.8714782774448395,0.00037814399999999996,0.005,0.0,0.0,0.0,0.0,0.0,0.0,0.0,0.0,0.0,,0.0,0.0,0.0,0.0,0.0,0.0,0.0,0.0,0.0,0.0,0.0,0.0,0.0,0.0,0.0,0.0,0.0,0.0,0.0,,,,,0.0,,0.13785181939601898,,,,,,,0.0,{},{},0.0,0.0,0.0,0.0,0.0,0.0,0.0,0,0,0.0,0.0,,0.0
120,41756-1786688958442437800,41756,245760,1236,888,56,292,0.7184466019417476,0.66,0.745,0.0008476772927679121,0.030352406203746796,0.42148882150650024,0.2636435031890869,7,2,0,5,0.2857142857142857,0.7142857142857143,0.8571428571428571,0.14285714285714285,0.4465329647064209,-0.000244140625,0.0047851563431322575,0.0005165011389181018,0.001848144456744194,0.0025390624068677425,0.25390625,-0.0038320315070450306,0.0,0.0,0.0,0.0,0.0008476772927679121,0.0022949217818677425,0.005376317742047831,2.341681578400364,1.0,1.6690601297086243,-0.022739745337854732,0.039720360189676285,0.03493618965148926,0.0023816521279513836,0.03715594857931137,0.039642199873924255,0.04286341369152069,0.04310830682516098,0.0,0.0,0.0,2.937420303171331,0.015030783135443926,0.12056107954545454,0.8654764565554532,0.00037712,0.005,0.0,0.0,0.0,0.0,0.0,0.0,0.0,0.0,0.0,,0.0,0.0,0.0,0.0,0.0,0.0,0.0,0.0,0.0,0.0,0.0,0.0,0.0,0.0,0.0,0.0,0.0,0.0,0.0,,,,,0.0,,0.19613853096961975,,,,,,,0.0,{},{},0.0,0.0,0.0,0.0,0.0,0.0,0.0,0,0,0.0,0.0,,0.0
121,41756-1786688958442437800,41756,247808,1249,897,56,296,0.7181745396317054,0.66,0.74,0.0027721754740923643,0.04405813664197922,0.5318694114685059,0.3674813508987427,13,9,0,4,0.6923076923076923,1.0769230769230769,1.3846153846153846,0.3076923076923077,0.6427304744720459,0.00341796875,0.0052246092818677425,0.0015038177371025085,0.0033642577473074198,0.0055175782181322575,0.5517578125,-0.0035624997690320015,0.0,0.0,0.0,0.0,0.0027721754740923643,0.008935546968132257,0.006441628152970225,0.7208184745115851,1.0,0.39864388132640965,-0.01635370481138428,0.048990688804123134,0.04411516711115837,0.004497455898672342,0.04419872537255287,0.04917540028691292,0.05437147244811058,0.057687267661094666,0.0,0.0,0.0,2.7935526371002197,0.015192325547104701,0.1154513888888889,0.8247007793850369,0.00037609599999999997,0.005,0.0,0.0,0.0,0.0,0.0,0.0,0.0,0.0,0.0,,0.0,0.0,0.0,0.0,0.0,0.0,0.0,0.0,0.0,0.0,0.0,0.0,0.0,0.0,0.0,0.0,0.0,0.0,0.0,,,,,0.0,,0.2196510285139084,,,,,,,0.0,{},{},0.0,0.0,0.0,0.0,0.0,0.0,0.0,0,0,0.0,0.0,,0.0
122,41756-1786688958442437800,41756,249856,1258,904,56,298,0.7186009538950715,0.68,0.76,0.0038138998206704855,0.04363247752189636,0.5675138831138611,0.3209892511367798,9,7,0,2,0.7777777777777778,1.5555555555555556,2.111111111111111,0.5555555555555556,0.43276798725128174,0.0029296875,0.00717773474752903,0.0019233038183301687,0.0034204102121293545,0.00830078125,0.830078125,-0.0034921877086162567,0.0,0.0,0.0,0.0,0.0038138998206704855,0.01123046875,0.00851366325514391,0.7580186923588165,1.0,0.31092885412838434,-0.02317699110135436,0.05667222365736961,0.050837382674217224,0.0038382108323276043,0.05339941009879112,0.05590024217963219,0.06101209297776222,0.06486493349075317,0.0,0.0,0.0,2.631965160369873,0.014155327116895933,0.10625,0.8924438774585723,0.000375072,0.005,0.0,0.0,0.0,0.0,0.0,0.0,0.0,0.0,0.0,,0.0,0.0,0.0,0.0,0.0,0.0,0.0,0.0,0.0,0.0,0.0,0.0,0.0,0.0,0.0,0.0,0.0,0.0,0.0,,,,,0.0,,0.24175244569778442,,,,,,,0.0,{},{},0.0,0.0,0.0,0.0,0.0,0.0,0.0,0,0,0.0,0.0,,0.0
123,41756-1786688958442437800,41756,251904,1270,914,56,300,0.7196850393700788,0.7,0.77,0.0037937196902930737,0.051010992377996445,0.5687255263328552,0.3037387430667877,12,10,0,2,0.8333333333333334,1.5833333333333333,2.0,0.4166666666666667,0.4481855630874634,0.00439453125,0.006787109188735485,0.0019249010365456343,0.0035375976003706455,0.0074218749068677425,0.7421875,-0.003560546785593033,0.0,0.0,0.0,0.0,0.0037937196902930737,0.011816406156867743,0.008152733847964555,0.6898919898108566,1.0,0.3012968106815728,-0.018866660125139687,0.05232344443599383,0.04665251821279526,0.0029868909623473883,0.0487339161336422,0.0528840571641922,0.05590401589870453,0.05631628260016441,0.0,0.0,0.0,2.6949778397878013,0.012067480937629525,0.0896267361111111,0.925112783908844,0.000374048,0.005,0.0,0.0,0.0,0.0,0.0,0.0,0.0,0.0,0.0,,0.0,0.0,0.0,0.0,0.0,0.0,0.0,0.0,0.0,0.0,0.0,0.0,0.0,0.0,0.0,0.0,0.0,0.0,0.0,,,,,0.0,,0.22562994062900543,,,,,,,0.0,{},{},0.0,0.0,0.0,0.0,0.0,0.0,0.0,0,0,0.0,0.0,,0.0
124,41756-1786688958442437800,41756,253952,1280,922,57,301,0.7203125,0.72,0.765,0.0023657395504415035,0.04295305162668228,0.5549257397651672,0.3248406946659088,10,8,1,1,0.8,0.9,1.6,0.7,0.7007808089256287,0.003173828125,0.00473632849752903,0.0006365131121128798,0.003186034969985485,0.0048828125,0.48828125,-0.0036093750968575478,0.0,0.0,0.0,0.0,0.0023657395504415035,0.008056640625,0.005691965518053621,0.706405979486535,1.0,0.4479444126186191,-0.02783343145115809,0.03158766606991941,0.02758871577680111,0.0028341899160295725,0.028661467134952545,0.03115496039390564,0.035996340215206146,0.036938950419425964,0.0,0.0,0.0,2.7102469964460894,0.013864539936714044,0.10688920454545454,0.7920556610280817,0.000373024,0.005,0.0,0.0,0.0,0.0,0.0,0.0,0.0,0.0,0.0,,0.0,0.0,0.0,0.0,0.0,0.0,0.0,0.0,0.0,0.0,0.0,0.0,0.0,0.0,0.0,0.0,0.0,0.0,0.0,,,,,0.0,,0.17769087851047516,,,,,,,0.0,{},{},0.0,0.0,0.0,0.0,0.0,0.0,0.0,0,0,0.0,0.0,,0.0
125,41756-1786688958442437800,41756,256000,1289,929,57,303,0.7207137315748642,0.8,0.76,0.0017035651253536344,0.03460640087723732,0.5315265655517578,0.30171307921409607,9,7,0,2,0.7777777777777778,1.1111111111111112,1.5555555555555556,0.4444444444444444,0.6386055946350098,0.0029296875,0.004443359561264515,0.0009105118224397302,0.0026000975631177425,0.0027343749534338713,0.2734375,-0.003693359438329935,0.0,0.0,0.0,0.0,0.0017035651253536344,0.005664062453433871,0.005321011907653883,0.9392680047911136,1.0,0.6519538784768752,-0.012724502411271845,0.032081336847373416,0.027817556634545326,0.0024584177881479263,0.02972877398133278,0.03149952366948128,0.03467397019267082,0.0364740714430809,0.0,0.0,0.0,2.9254492010389055,0.011487469501194678,0.08314732142857142,0.8764064652579171,0.000372,0.005,0.0,0.0,0.0,0.0,0.0,0.0,0.0,0.0,0.0,,0.0,0.0,0.0,0.0,0.0,0.0,0.0,0.0,0.0,0.0,0.0,0.0,0.0,0.0,0.0,0.0,0.0,0.0,0.0,,,,,0.0,,0.1813780814409256,,,,,,,0.0,{},{},0.0,0.0,0.0,0.0,0.0,0.0,0.0,0,0,0.0,0.0,,0.0
126,41756-1786688958442437800,41756,258048,1298,934,58,306,0.7195685670261941,0.76,0.74,0.0016503538936376572,0.044261157512664795,0.434047669172287,0.3379998207092285,9,5,1,3,0.5555555555555556,0.7777777777777778,1.3333333333333333,0.5555555555555556,0.5383490324020386,0.001220703125,0.004199218936264515,0.0011743541108444333,0.0035083007533103228,0.00439453125,0.439453125,-0.0037734375800937414,0.0,0.0,0.0,0.0,0.0016503538936376572,0.005615234375,0.005369882652303204,0.9561357831159252,1.0,0.6718803611349894,-0.024927966804666954,0.05304983698508956,0.0491296760737896,0.002719511976465583,0.05080122500658035,0.052427589893341064,0.05571901053190231,0.05937402695417404,0.0,0.0,0.0,3.0378866412422876,0.01414138652828776,0.10191761363636363,0.7228530618277463,0.00037097599999999997,0.005,0.0,0.0,0.0,0.0,0.0,0.0,0.0,0.0,0.0,,0.0,0.0,0.0,0.0,0.0,0.0,0.0,0.0,0.0,0.0,0.0,0.0,0.0,0.0,0.0,0.0,0.0,0.0,0.0,,,,,0.0,,0.22965365648269653,,,,,,,0.0,{},{},0.0,0.0,0.0,0.0,0.0,0.0,0.0,0,0,0.0,0.0,,0.0
127,41756-1786688958442437800,41756,260096,1310,943,58,309,0.7198473282442748,0.74,0.74,0.003071271348744631,0.04472237452864647,0.5413545370101929,0.2819099724292755,12,9,0,3,0.75,1.0833333333333333,1.75,0.6666666666666666,0.5306227803230286,0.003662109375,0.00595703162252903,0.001448898110538721,0.0032836911268532276,0.0060058594681322575,0.6005859375,-0.0036386719439178705,0.0,0.0,0.0,0.0,0.003071271348744631,0.009667968843132257,0.007140178931877017,0.7384633302390454,1.0,0.37632471496713654,-0.023895000480115412,0.03554237745702267,0.024520475417375565,0.0047151511535048485,0.03198991343379021,0.03549209237098694,0.04073763266205788,0.041069939732551575,0.0,0.0,0.0,2.9442292928695677,0.012324737993185408,0.0859375,0.7348002433776856,0.000369952,0.005,0.0,0.0,0.0,0.0,0.0,0.0,0.0,0.0,0.0,,0.0,0.0,0.0,0.0,0.0,0.0,0.0,0.0,0.0,0.0,0.0,0.0,0.0,0.0,0.0,0.0,0.0,0.0,0.0,,,,,0.0,,0.19313965737819672,,,,,,,0.0,{},{},0.0,0.0,0.0,0.0,0.0,0.0,0.0,0,0,0.0,0.0,,0.0
128,41756-1786688958442437800,41756,262144,1319,950,58,311,0.7202426080363912,0.74,0.735,0.0022492092102766037,0.04388517141342163,0.43030980229377747,0.2450714111328125,9,7,0,2,0.7777777777777778,1.2222222222222223,2.0,0.7777777777777778,0.3940865397453308,0.0029296875,0.005126953125,0.0006753216148354113,0.0030615231953561306,0.0045410157181322575,0.4541015625,-0.0036738282069563866,0.0,0.0,0.0,0.0,0.0022492092102766037,0.0074707032181322575,0.0060611643275478855,0.8112158835268926,1.0,0.4916988937730791,-0.030486801483978827,0.034424803064515196,0.028000423684716225,0.003383686998859048,0.0283784382045269,0.035767827183008194,0.03738737478852272,0.03749354928731918,0.0,0.0,0.0,2.9436360001564026,0.01597868206833179,0.12060546875,0.6824249674876531,0.00036892800000000003,0.005,0.0,0.0,0.0,0.0,0.0,0.0,0.0,0.0,0.0,,0.0,0.0,0.0,0.0,0.0,0.0,0.0,0.0,0.0,0.0,0.0,0.0,0.0,0.0,0.0,0.0,0.0,0.0,0.0,,,,,0.0,,0.1907646805047989,,,,,,,0.0,{},{},0.0,0.0,0.0,0.0,0.0,0.0,0.0,0,0,0.0,0.0,,0.0
129,41756-1786688958442437800,41756,264192,1329,954,58,317,0.7178329571106095,0.64,0.71,0.0019561774097383022,0.0370514914393425,0.5680074691772461,0.2662475109100342,10,4,0,6,0.4,0.9,1.3,0.4,0.4420992136001587,0.00048828125,0.00546875037252903,0.0011087616439908743,0.002304687397554517,0.0055175782181322575,0.5517578125,-0.003800781210884452,0.0,0.0,0.0,0.0,0.0019561774097383022,0.0060058594681322575,0.006322112632915378,1.0524821941408167,1.0,0.6327401583220736,-0.015556633239611983,0.0413842648267746,0.036515846848487854,0.0037266495637595654,0.03722522780299187,0.041300900280475616,0.04569666460156441,0.04669018089771271,0.0,0.0,0.0,3.001804620027542,0.009981748546124436,0.07177734375,0.8783308789134026,0.000367904,0.005,0.0,0.0,0.0,0.0,0.0,0.0,0.0,0.0,0.0,,0.0,0.0,0.0,0.0,0.0,0.0,0.0,0.0,0.0,0.0,0.0,0.0,0.0,0.0,0.0,0.0,0.0,0.0,0.0,,,,,0.0,,0.19886760413646698,,,,,,,0.0,{},{},0.0,0.0,0.0,0.0,0.0,0.0,0.0,0,0,0.0,0.0,,0.0
130,41756-1786688958442437800,41756,266240,1338,960,58,320,0.7174887892376681,0.64,0.695,0.002563711255788803,0.03662900999188423,0.6267198324203491,0.25138476490974426,9,6,0,3,0.6666666666666666,1.1111111111111112,1.4444444444444444,0.3333333333333333,0.503579318523407,0.002197265625,0.005859375,0.0011062640696763992,0.002829589881002903,0.00537109375,0.537109375,-0.0036503905430436134,0.0,0.0,0.0,0.0,0.002563711255788803,0.007568359375,0.0068433384876698256,0.9040842360149963,1.0,0.48225884942127134,-0.02958793125369332,0.03086556765166196,0.027521081268787384,0.0018151012482121587,0.029312141239643097,0.030523071065545082,0.03335661068558693,0.03375164419412613,0.0,0.0,0.0,2.7955607284199107,0.012244408550693399,0.08487215909090909,0.7918740510940552,0.00036688,0.005,0.0,0.0,0.0,0.0,0.0,0.0,0.0,0.0,0.0,,0.0,0.0,0.0,0.0,0.0,0.0,0.0,0.0,0.0,0.0,0.0,0.0,0.0,0.0,0.0,0.0,0.0,0.0,0.0,,,,,0.0,,0.1771184802055359,,,,,,,0.0,{},{},0.0,0.0,0.0,0.0,0.0,0.0,0.0,0,0,0.0,0.0,,0.0
131,41756-1786688958442437800,41756,268288,1349,967,58,324,0.7168272794662713,0.64,0.69,0.0027392918709665537,0.041218873113393784,0.7079907059669495,0.31010863184928894,11,7,0,4,0.6363636363636364,1.1818181818181819,1.3636363636363635,0.18181818181818182,0.5683606863021851,0.00244140625,0.00571289099752903,0.001450984738767147,0.003002929501235485,0.0060058594681322575,0.6005859375,-0.00364453112706542,0.0,0.0,0.0,0.0,0.0027392918709665537,0.008447265718132257,0.006826369557529688,0.8080202239470827,1.0,0.43139399832598463,-0.02762721809135242,0.04212632335045121,0.03364300727844238,0.0034481282345950603,0.039548128843307495,0.04172264039516449,0.04546410217881203,0.04611937329173088,0.0,0.0,0.0,2.8358841375871138,0.013567766129695387,0.10102982954545454,0.7539965239438143,0.00036585599999999996,0.005,0.0,0.0,0.0,0.0,0.0,0.0,0.0,0.0,0.0,,0.0,0.0,0.0,0.0,0.0,0.0,0.0,0.0,0.0,0.0,0.0,0.0,0.0,0.0,0.0,0.0,0.0,0.0,0.0,,,,,0.0,,0.20373909175395966,,,,,,,0.0,{},{},0.0,0.0,0.0,0.0,0.0,0.0,0.0,0,0,0.0,0.0,,0.0
132,41756-1786688958442437800,41756,270336,1359,976,58,325,0.7181751287711553,0.66,0.705,0.0029898262582719326,0.04741893336176872,0.6289981007575989,0.2701878249645233,10,9,0,1,0.9,1.4,2.2,0.8,0.4893839955329895,0.004150390625,0.005908203311264515,0.0014412966556847095,0.0033618162851780653,0.005322265438735485,0.5322265625,-0.003552734386175871,0.0,0.0,0.0,0.0,0.0029898262582719326,0.009472656063735485,0.007108981546480209,0.7503947260332693,1.0,0.3750119660534752,-0.029353979720988056,0.032510123469612816,0.028950873762369156,0.004319274332374334,0.028996940702199936,0.0315391942858696,0.03728161007165909,0.04385065659880638,0.0,0.0,0.0,2.729368578303944,0.012244243854762648,0.09286221590909091,0.7227509780363603,0.000364832,0.005,0.0,0.0,0.0,0.0,0.0,0.0,0.0,0.0,0.0,,0.0,0.0,0.0,0.0,0.0,0.0,0.0,0.0,0.0,0.0,0.0,0.0,0.0,0.0,0.0,0.0,0.0,0.0,0.0,,,,,0.0,,0.193069189786911,,,,,,,0.0,{},{},0.0,0.0,0.0,0.0,0.0,0.0,0.0,0,0,0.0,0.0,,0.0
133,41756-1786688958442437800,41756,272384,1369,983,58,328,0.7180423666910153,0.66,0.71,0.0022661504335701466,0.043698351830244064,0.6201716661453247,0.32792025804519653,10,7,0,3,0.7,1.3,1.7,0.4,0.6555868983268738,0.002685546875,0.00527343712747097,0.0011460264213383198,0.0032543945126235485,0.004345702938735485,0.4345703125,-0.0036445315927267075,0.0,0.0,0.0,0.0,0.0022661504335701466,0.007031249813735485,0.006373542360961437,0.9063304816777908,1.0,0.5182596877613989,-0.027280705388296734,0.035318014127286995,0.02997157908976078,0.0029877261258661747,0.03194233775138855,0.035268574953079224,0.03830073028802872,0.040566518902778625,0.0,0.0,0.0,2.805163621902466,0.013258359749505127,0.08824573863636363,0.7029589116573334,0.000363808,0.005,0.0,0.0,0.0,0.0,0.0,0.0,0.0,0.0,0.0,,0.0,0.0,0.0,0.0,0.0,0.0,0.0,0.0,0.0,0.0,0.0,0.0,0.0,0.0,0.0,0.0,0.0,0.0,0.0,,,,,0.0,,0.19244563579559326,,,,,,,0.0,{},{},0.0,0.0,0.0,0.0,0.0,0.0,0.0,0,0,0.0,0.0,,0.0
134,41756-1786688958442437800,41756,274432,1382,992,59,331,0.7178002894356006,0.72,0.705,0.003808210603892803,0.050315629690885544,0.7143179774284363,0.2373957484960556,13,9,1,3,0.6923076923076923,1.4615384615384615,1.9230769230769231,0.46153846153846156,0.48951244354248047,0.003173828125,0.007861328311264515,0.0026231217198073864,0.003369140438735485,0.007519531529396772,0.751953125,-0.003425781149417162,0.0,0.0,0.0,0.0,0.003808210603892803,0.010693359654396772,0.009359393850900233,0.8751710390675244,1.0,0.3203353225556353,-0.02640243958343159,0.028838521038944073,0.025419728830456734,0.0019360488513484597,0.02650902420282364,0.02837674506008625,0.03154086321592331,0.031558990478515625,0.0,0.0,0.0,2.629977161234075,0.012547210589135912,0.09446022727272728,0.847454006021673,0.000362784,0.005,0.0,0.0,0.0,0.0,0.0,0.0,0.0,0.0,0.0,,0.0,0.0,0.0,0.0,0.0,0.0,0.0,0.0,0.0,0.0,0.0,0.0,0.0,0.0,0.0,0.0,0.0,0.0,0.0,,,,,0.0,,0.1696154922246933,,,,,,,0.0,{},{},0.0,0.0,0.0,0.0,0.0,0.0,0.0,0,0,0.0,0.0,,0.0
135,41756-1786688958442437800,41756,276480,1390,1000,59,331,0.7194244604316546,0.8,0.71,0.003496371442452073,0.04753322899341583,0.7394096851348877,0.2759473919868469,8,8,0,0,1.0,1.875,2.375,0.5,0.6280845403671265,0.00390625,0.0062500000931322575,0.001807859167456627,0.003308105282485485,0.007128906436264515,0.712890625,-0.0036113280802965164,0.0,0.0,0.0,0.0,0.003496371442452073,0.011035156436264515,0.0075289912056177855,0.6822113522129608,1.0,0.3272269744591323,-0.02931450679898262,0.0280279491096735,0.02650151588022709,0.0013099216157570481,0.026665374636650085,0.02769775129854679,0.029803447425365448,0.030182411894202232,0.0,0.0,0.0,2.624494934082031,0.013695032469695435,0.1150390625,0.7362956225872039,0.00036176,0.005,0.0,0.0,0.0,0.0,0.0,0.0,0.0,0.0,0.0,,0.0,0.0,0.0,0.0,0.0,0.0,0.0,0.0,0.0,0.0,0.0,0.0,0.0,0.0,0.0,0.0,0.0,0.0,0.0,,,,,0.0,,0.16828614473342896,,,,,,,0.0,{},{},0.0,0.0,0.0,0.0,0.0,0.0,0.0,0,0,0.0,0.0,,0.0
136,41756-1786688958442437800,41756,278528,1401,1008,59,334,0.7194860813704497,0.78,0.715,0.003423711284995079,0.04477358236908913,0.6866053342819214,0.2972269654273987,11,8,0,3,0.7272727272727273,1.4545454545454546,1.8181818181818181,0.36363636363636365,0.611462414264679,0.003173828125,0.006982422433793545,0.0016227797605097294,0.0029956053476780653,0.00693359412252903,0.693359375,-0.003556640585884452,0.0,0.0,0.0,0.0,0.003423711284995079,0.01010742224752903,0.008137018710840493,0.8049741603176066,1.0,0.3518492301559584,-0.02480024043470621,0.03265653159469366,0.029548637568950653,0.0021753746550530195,0.0299240555614233,0.03263571485877037,0.03571609407663345,0.03607671707868576,0.0,0.0,0.0,2.5864296436309813,0.012423853724612854,0.096484375,0.7465626060962677,0.000360736,0.005,0.0,0.0,0.0,0.0,0.0,0.0,0.0,0.0,0.0,,0.0,0.0,0.0,0.0,0.0,0.0,0.0,0.0,0.0,0.0,0.0,0.0,0.0,0.0,0.0,0.0,0.0,0.0,0.0,,,,,0.0,,0.18526984751224518,,,,,,,0.0,{},{},0.0,0.0,0.0,0.0,0.0,0.0,0.0,0,0,0.0,0.0,,0.0
137,41756-1786688958442437800,41756,280576,1410,1015,60,335,0.7198581560283688,0.76,0.715,0.002062539104372263,0.04792550578713417,0.6679350733757019,0.33067309856414795,9,7,1,1,0.7777777777777778,1.3333333333333333,2.0,0.6666666666666666,0.5031222105026245,0.002685546875,0.004589843563735485,0.0012055787956342101,0.004431151784956455,0.003857421688735485,0.3857421875,-0.0035410155542194843,0.0,0.0,0.0,0.0,0.002062539104372263,0.006542968563735485,0.005999026208883151,0.9167260127329729,1.0,0.541111333242434,-0.022874287922273983,0.05213855342431502,0.04469730705022812,0.004367629531770945,0.04622066766023636,0.05153984576463699,0.05726836249232292,0.05841189995408058,0.0,0.0,0.0,2.515463937412609,0.012704036620561965,0.09463778409090909,0.8125866434790872,0.00035971200000000004,0.005,0.0,0.0,0.0,0.0,0.0,0.0,0.0,0.0,0.0,,0.0,0.0,0.0,0.0,0.0,0.0,0.0,0.0,0.0,0.0,0.0,0.0,0.0,0.0,0.0,0.0,0.0,0.0,0.0,,,,,0.0,,0.23309002816677094,,,,,,,0.0,{},{},0.0,0.0,0.0,0.0,0.0,0.0,0.0,0,0,0.0,0.0,,0.0
138,41756-1786688958442437800,41756,282624,1420,1022,61,337,0.719718309859155,0.78,0.715,0.0017162722069770098,0.041579101234674454,0.5892632007598877,0.2147245556116104,10,7,1,2,0.7,1.1,1.9,0.8,0.4219222664833069,0.00244140625,0.00439453125,0.0011990114580839872,0.003203124739229679,0.0032226562034338713,0.322265625,-0.003701171837747097,0.0,0.0,0.0,0.0,0.0017162722069770098,0.005664062453433871,0.005495065299328417,0.9699920070603262,1.0,0.6533329276014663,-0.021212610043585302,0.025385052151978015,0.020541315898299217,0.0020711300894618034,0.022398823872208595,0.025857876986265182,0.02734292484819889,0.027661629021167755,0.0,0.0,0.0,2.54773805141449,0.012565183645347134,0.0890625,0.9002319216728211,0.000358688,0.005,0.0,0.0,0.0,0.0,0.0,0.0,0.0,0.0,0.0,,0.0,0.0,0.0,0.0,0.0,0.0,0.0,0.0,0.0,0.0,0.0,0.0,0.0,0.0,0.0,0.0,0.0,0.0,0.0,,,,,0.0,,0.1632581353187561,,,,,,,0.0,{},{},0.0,0.0,0.0,0.0,0.0,0.0,0.0,0,0,0.0,0.0,,0.0
139,41756-1786688958442437800,41756,284672,1433,1029,61,343,0.7180739706908583,0.72,0.71,0.0026896409690380096,0.042372990399599075,0.6424267888069153,0.23640912771224976,13,7,0,6,0.5384615384615384,1.0769230769230769,1.5384615384615385,0.46153846153846156,0.4451739192008972,0.001953125,0.006103516090661287,0.002048828639090061,0.002885742112994194,0.005810547154396772,0.5810546875,-0.0034628906287252903,0.0,0.0,0.0,0.0,0.0026896409690380096,0.007763672154396772,0.007337158778682351,0.9449412200266124,1.0,0.44598027577563804,-0.02947620234706185,0.02613532052121379,0.01976882293820381,0.0037423577159643173,0.0217299647629261,0.025887466967105865,0.031761396676301956,0.03263884037733078,0.0,0.0,0.0,2.482917698946866,0.013500505121721124,0.10138494318181818,0.7774362130598589,0.000357664,0.005,0.0,0.0,0.0,0.0,0.0,0.0,0.0,0.0,0.0,,0.0,0.0,0.0,0.0,0.0,0.0,0.0,0.0,0.0,0.0,0.0,0.0,0.0,0.0,0.0,0.0,0.0,0.0,0.0,,,,,0.0,,0.1760932356119156,,,,,,,0.0,{},{},0.0,0.0,0.0,0.0,0.0,0.0,0.0,0,0,0.0,0.0,,0.0
140,41756-1786688958442437800,41756,286720,1442,1036,61,345,0.7184466019417476,0.7,0.725,0.0033271589782088995,0.048499200493097305,0.6276283264160156,0.23854193091392517,9,7,0,2,0.7777777777777778,1.6666666666666667,2.2222222222222223,0.5555555555555556,0.31123799085617065,0.0029296875,0.006591796875,0.001259182463400066,0.0034716795198619366,0.0074707032181322575,0.7470703125,-0.0037167968694120646,0.0,0.0,0.0,0.0,0.0033271589782088995,0.010400390718132257,0.007774512370815501,0.7474493153365115,1.0,0.35733653029039153,-0.02329539768397808,0.03793093375861645,0.03183745592832565,0.0033251403365284204,0.03426017612218857,0.03777559846639633,0.04100816324353218,0.04448544979095459,0.0,0.0,0.0,2.5869547367095946,0.01399485946749337,0.1111328125,0.8325539588928222,0.00035664000000000003,0.005,0.0,0.0,0.0,0.0,0.0,0.0,0.0,0.0,0.0,,0.0,0.0,0.0,0.0,0.0,0.0,0.0,0.0,0.0,0.0,0.0,0.0,0.0,0.0,0.0,0.0,0.0,0.0,0.0,,,,,0.0,,0.1979699730873108,,,,,,,0.0,{},{},0.0,0.0,0.0,0.0,0.0,0.0,0.0,0,0,0.0,0.0,,0.0
141,41756-1786688958442437800,41756,288768,1454,1044,62,348,0.7180192572214581,0.68,0.715,0.0020180048886686563,0.0401044636964798,0.6115196347236633,0.3210778832435608,12,8,1,3,0.6666666666666666,0.75,1.25,0.5,0.4944385886192322,0.002685546875,0.00439453125,0.0009844476589933038,0.002592773176729679,0.00439453125,0.439453125,-0.0037539061158895493,0.0,0.0,0.0,0.0,0.0020180048886686563,0.007080078125,0.005288836458930746,0.7468970636347478,1.0,0.5301320010347363,-0.020969194670518238,0.05353190998236338,0.048656802624464035,0.002922674175351858,0.05079268664121628,0.05331574007868767,0.05736871063709259,0.05879263952374458,0.0,0.0,0.0,2.5907004674275718,0.013347406393020518,0.08854166666666667,0.8337598111894395,0.000355616,0.005,0.0,0.0,0.0,0.0,0.0,0.0,0.0,0.0,0.0,,0.0,0.0,0.0,0.0,0.0,0.0,0.0,0.0,0.0,0.0,0.0,0.0,0.0,0.0,0.0,0.0,0.0,0.0,0.0,,,,,0.0,,0.2282954901456833,,,,,,,0.0,{},{},0.0,0.0,0.0,0.0,0.0,0.0,0.0,0,0,0.0,0.0,,0.0
142,41756-1786688958442437800,41756,290816,1462,1050,62,350,0.7181942544459644,0.66,0.715,0.003583675716072321,0.046010684221982956,0.5742571353912354,0.1838798224925995,8,6,0,2,0.75,1.625,2.25,0.625,0.37074315547943115,0.00244140625,0.006591796875,0.0017671480309218168,0.0032421874348074198,0.0087890625,0.87890625,-0.003626953111961484,0.0,0.0,0.0,0.0,0.003583675716072321,0.01123046875,0.00784413074143231,0.6984064966064487,1.0,0.322927765966627,-0.02570068328641355,0.02113664261996746,0.018960194662213326,0.0012644847156479955,0.019418586045503616,0.020969731733202934,0.02257285825908184,0.022652270272374153,0.0,0.0,0.0,2.538358283042908,0.013059712559334002,0.0837890625,0.8092638254165649,0.00035459200000000004,0.005,0.0,0.0,0.0,0.0,0.0,0.0,0.0,0.0,0.0,,0.0,0.0,0.0,0.0,0.0,0.0,0.0,0.0,0.0,0.0,0.0,0.0,0.0,0.0,0.0,0.0,0.0,0.0,0.0,,,,,0.0,,0.14586398005485535,,,,,,,0.0,{},{},0.0,0.0,0.0,0.0,0.0,0.0,0.0,0,0,0.0,0.0,,0.0
143,41756-1786688958442437800,41756,292864,1473,1060,62,351,0.7196198234894773,0.7,0.72,0.0026921420358121395,0.045392487198114395,0.5652451515197754,0.24991247057914734,11,10,0,1,0.9090909090909091,1.5454545454545454,1.8181818181818181,0.2727272727272727,0.5245205163955688,0.004638671875,0.0050292969681322575,0.0011175795225426555,0.002958984114229679,0.0045410157181322575,0.4541015625,-0.003675781423225999,0.0,0.0,0.0,0.0,0.0026921420358121395,0.009179687593132257,0.006048437877325341,0.6588218819089281,1.0,0.40038193064925975,-0.025000110920518636,0.027955172955989836,0.023736653849482536,0.0028816238045692444,0.02486569993197918,0.027774782851338387,0.03168844059109688,0.03281411528587341,0.0,0.0,0.0,2.562149453163147,0.013487903116038069,0.0947265625,0.718045836687088,0.000353568,0.005,0.0,0.0,0.0,0.0,0.0,0.0,0.0,0.0,0.0,,0.0,0.0,0.0,0.0,0.0,0.0,0.0,0.0,0.0,0.0,0.0,0.0,0.0,0.0,0.0,0.0,0.0,0.0,0.0,,,,,0.0,,0.1723272055387497,,,,,,,0.0,{},{},0.0,0.0,0.0,0.0,0.0,0.0,0.0,0,0,0.0,0.0,,0.0
144,41756-1786688958442437800,41756,294912,1480,1064,62,354,0.7189189189189189,0.7,0.71,0.0017595337703824043,0.03225439414381981,0.5563802123069763,0.23572267591953278,7,4,0,3,0.5714285714285714,0.7142857142857143,1.4285714285714286,0.7142857142857143,0.5022691488265991,0.001220703125,0.0049804686568677425,0.000830748351290822,0.0019335936522111297,0.0045410157181322575,0.4541015625,-0.003849609289318323,0.0,0.0,0.0,0.0,0.0017595337703824043,0.0057617188431322575,0.0056715541577432305,0.9841802649286503,1.0,0.6680196265181512,-0.028437838550995697,0.028036669235337864,0.02426116168498993,0.0018062400631606579,0.026225224137306213,0.02843724936246872,0.029235608875751495,0.03151794895529747,0.0,0.0,0.0,2.6712206493724477,0.013640173187013716,0.10582386363636363,0.7621250586076216,0.000352544,0.005,0.0,0.0,0.0,0.0,0.0,0.0,0.0,0.0,0.0,,0.0,0.0,0.0,0.0,0.0,0.0,0.0,0.0,0.0,0.0,0.0,0.0,0.0,0.0,0.0,0.0,0.0,0.0,0.0,,,,,0.0,,0.16630245745182037,,,,,,,0.0,{},{},0.0,0.0,0.0,0.0,0.0,0.0,0.0,0,0,0.0,0.0,,0.0
145,41756-1786688958442437800,41756,296960,1490,1071,62,357,0.7187919463087248,0.74,0.705,0.0029856653418391943,0.04140498489141464,0.5909595489501953,0.2635634243488312,10,7,0,3,0.7,1.0,1.4,0.4,0.584655225276947,0.002685546875,0.006250000558793545,0.0013654844369739294,0.0029199218843132257,0.006152343936264515,0.615234375,-0.003605468664318323,0.0,0.0,0.0,0.0,0.0029856653418391943,0.008837890811264515,0.0073213521391153336,0.8283111869404258,1.0,0.40790962817680915,-0.03088056059046225,0.029007030142979187,0.025566808879375458,0.0018070818623527884,0.026717836037278175,0.029349196702241898,0.03077336773276329,0.03160945326089859,0.0,0.0,0.0,2.4766879081726074,0.01481139845352366,0.11576704545454546,0.813766295259649,0.00035152,0.005,0.0,0.0,0.0,0.0,0.0,0.0,0.0,0.0,0.0,,0.0,0.0,0.0,0.0,0.0,0.0,0.0,0.0,0.0,0.0,0.0,0.0,0.0,0.0,0.0,0.0,0.0,0.0,0.0,,,,,0.0,,0.169859379529953,,,,,,,0.0,{},{},0.0,0.0,0.0,0.0,0.0,0.0,0.0,0,0,0.0,0.0,,0.0
146,41756-1786688958442437800,41756,299008,1500,1079,62,359,0.7193333333333334,0.76,0.715,0.0030647311359643936,0.04595901072025299,0.5673238039016724,0.22783030569553375,10,8,0,2,0.8,1.7,2.1,0.4,0.5737865567207336,0.00341796875,0.0057617188431322575,0.0012214560993015766,0.002741699106991291,0.0068359375,0.68359375,-0.0036503905430436134,0.0,0.0,0.0,0.0,0.0030647311359643936,0.01025390625,0.006752507644705474,0.6584660532323711,1.0,0.3559652769174378,-0.022278297640797164,0.021708359113997884,0.02060748264193535,0.0006588321411982179,0.020729929208755493,0.02177177369594574,0.022420931607484818,0.022805621847510338,0.0,0.0,0.0,2.604946109983656,0.0122441538680707,0.07421875,0.7409031523598565,0.00035049600000000005,0.005,0.0,0.0,0.0,0.0,0.0,0.0,0.0,0.0,0.0,,0.0,0.0,0.0,0.0,0.0,0.0,0.0,0.0,0.0,0.0,0.0,0.0,0.0,0.0,0.0,0.0,0.0,0.0,0.0,,,,,0.0,,0.1487390697002411,,,,,,,0.0,{},{},0.0,0.0,0.0,0.0,0.0,0.0,0.0,0,0,0.0,0.0,,0.0
147,41756-1786688958442437800,41756,301056,1511,1087,63,361,0.7193911317008603,0.76,0.715,0.0026125595904886723,0.03755177557468414,0.5995243787765503,0.2958697974681854,11,8,1,2,0.7272727272727273,0.9090909090909091,1.1818181818181819,0.2727272727272727,0.744027853012085,0.0029296875,0.00532226637005806,0.0010217083618044853,0.0021777343936264515,0.005859375,0.5859375,-0.0038164062425494194,0.0,0.0,0.0,0.0,0.0026125595904886723,0.0087890625,0.006122127058915794,0.6964827677750636,1.0,0.4341728221556354,-0.018273497828178935,0.022320891213085916,0.019233394414186478,0.0018703873502090573,0.02081228792667389,0.02230636402964592,0.0239159744232893,0.026640301570296288,0.0,0.0,0.0,2.63334157731798,0.013326885970956128,0.09440104166666667,0.7875284287664626,0.00034947200000000003,0.005,0.0,0.0,0.0,0.0,0.0,0.0,0.0,0.0,0.0,,0.0,0.0,0.0,0.0,0.0,0.0,0.0,0.0,0.0,0.0,0.0,0.0,0.0,0.0,0.0,0.0,0.0,0.0,0.0,,,,,0.0,,0.14969143271446228,,,,,,,0.0,{},{},0.0,0.0,0.0,0.0,0.0,0.0,0.0,0,0,0.0,0.0,,0.0
148,41756-1786688958442437800,41756,303104,1520,1095,63,362,0.7203947368421053,0.76,0.725,0.002770022489130497,0.045291222631931305,0.5231719017028809,0.2589990198612213,9,8,0,1,0.8888888888888888,1.5555555555555556,2.0,0.4444444444444444,0.5119947195053101,0.003662109375,0.005810546688735485,0.0020347670651972294,0.0034179685171693563,0.004638671875,0.4638671875,-0.0035957032814621925,0.0,0.0,0.0,0.0,0.002770022489130497,0.00830078125,0.0071737305843271315,0.8641194423578834,1.0,0.43312431069683904,-0.02596838101744652,0.03207626789808273,0.027170006185770035,0.0025060181505978107,0.02938358671963215,0.03189405798912048,0.035023435950279236,0.03558134660124779,0.0,0.0,0.0,2.5915674209594726,0.012783463427331299,0.0921875,0.8571405112743378,0.000348448,0.005,0.0,0.0,0.0,0.0,0.0,0.0,0.0,0.0,0.0,,0.0,0.0,0.0,0.0,0.0,0.0,0.0,0.0,0.0,0.0,0.0,0.0,0.0,0.0,0.0,0.0,0.0,0.0,0.0,,,,,0.0,,0.18092991411685944,,,,,,,0.0,{},{},0.0,0.0,0.0,0.0,0.0,0.0,0.0,0,0,0.0,0.0,,0.0
149,41756-1786688958442437800,41756,305152,1530,1102,63,365,0.7202614379084967,0.76,0.735,0.001134346704930067,0.03855403512716293,0.4807165563106537,0.28461021184921265,10,7,0,3,0.7,1.2,1.5,0.3,0.6828174591064453,0.002685546875,0.0028320313431322575,6.600065535167232e-05,0.0019531247671693563,0.0029296875,0.29296875,-0.0039667971432209015,0.0,0.0,0.0,0.0,0.001134346704930067,0.005615234375,0.0033368126987625146,0.5941370099538473,1.0,0.7063090459469832,-0.026086006059565327,0.02651579085398804,0.0216451995074749,0.002900823252275586,0.023933785036206245,0.026194021105766296,0.028280530124902725,0.03390949219465256,0.0,0.0,0.0,2.8887044082988393,0.013010292065287516,0.10706676136363637,0.790515661239624,0.00034742400000000004,0.005,0.0,0.0,0.0,0.0,0.0,0.0,0.0,0.0,0.0,,0.0,0.0,0.0,0.0,0.0,0.0,0.0,0.0,0.0,0.0,0.0,0.0,0.0,0.0,0.0,0.0,0.0,0.0,0.0,,,,,0.0,,0.16028949618339539,,,,,,,0.0,{},{},0.0,0.0,0.0,0.0,0.0,0.0,0.0,0,0,0.0,0.0,,0.0
150,41756-1786688958442437800,41756,307200,1544,1113,64,367,0.7208549222797928,0.76,0.745,0.004483003169298172,0.04923757165670395,0.5926083326339722,0.2518083453178406,14,11,1,2,0.7857142857142857,1.1428571428571428,1.7857142857142858,0.6428571428571429,0.5602975487709045,0.00439453125,0.007470703683793545,0.00227243616245687,0.0035375976003706455,0.00927734375,0.927734375,-0.0035703126341104507,0.0,0.0,0.0,0.0,0.004483003169298172,0.013671875,0.008923212124500424,0.6526214950769625,1.0,0.26112376761364753,-0.025660598743706943,0.028553698770701887,0.024009641259908676,0.003040323033928871,0.025840049609541893,0.028290554881095886,0.03081214241683483,0.035795509815216064,0.0,0.0,0.0,2.514389181137085,0.011605718726059422,0.0951171875,0.8853414118289947,0.00034640000000000007,0.005,0.0,0.0,0.0,0.0,0.0,0.0,0.0,0.0,0.0,,0.0,0.0,0.0,0.0,0.0,0.0,0.0,0.0,0.0,0.0,0.0,0.0,0.0,0.0,0.0,0.0,0.0,0.0,0.0,,,,,0.0,,0.1669742614030838,,,,,,,0.0,{},{},0.0,0.0,0.0,0.0,0.0,0.0,0.0,0,0,0.0,0.0,,0.0
151,41756-1786688958442437800,41756,309248,1557,1125,64,368,0.7225433526011561,0.82,0.75,0.004962276667356491,0.057150501757860184,0.5641961097717285,0.23401771485805511,13,12,0,1,0.9230769230769231,1.8461538461538463,2.4615384615384617,0.6153846153846154,0.5016441345214844,0.005615234375,0.0076660155318677425,0.00295811309479177,0.005068358965218067,0.00971679762005806,0.9716796875,-0.0034863282926380634,0.0,0.0,0.0,0.0,0.004962276667356491,0.01533203199505806,0.009672633546870202,0.630836324478274,1.0,0.22737370493727077,-0.03245070891884657,0.027572050977211732,0.0227663554251194,0.002490915125235915,0.024471836164593697,0.02780258283019066,0.031054876744747162,0.031375035643577576,0.0,0.0,0.0,2.3962284418252797,0.017778558593888123,0.13146033653846154,0.8195708027252784,0.00034537600000000005,0.005,0.0,0.0,0.0,0.0,0.0,0.0,0.0,0.0,0.0,,0.0,0.0,0.0,0.0,0.0,0.0,0.0,0.0,0.0,0.0,0.0,0.0,0.0,0.0,0.0,0.0,0.0,0.0,0.0,,,,,0.0,,0.16520322859287262,,,,,,,0.0,{},{},0.0,0.0,0.0,0.0,0.0,0.0,0.0,0,0,0.0,0.0,,0.0
152,41756-1786688958442437800,41756,311296,1566,1133,64,369,0.723499361430396,0.84,0.755,0.0031854966655373573,0.03872213512659073,0.672430157661438,0.28309163451194763,9,8,0,1,0.8888888888888888,1.4444444444444444,1.8888888888888888,0.4444444444444444,0.6556766033172607,0.003662109375,0.00571289099752903,0.0014027893776074052,0.0030200197361409664,0.0068359375,0.68359375,-0.0038515625055879354,0.0,0.0,0.0,0.0,0.0031854966655373573,0.010498046875,0.006818593275966123,0.6494487887469427,1.0,0.3668487769836665,-0.03131607687100768,0.02571377841134866,0.02195361629128456,0.003268987638875842,0.022394796833395958,0.02600283920764923,0.027428409084677696,0.034582462161779404,0.0,0.0,0.0,2.726965387662252,0.013245637914224062,0.10367838541666667,0.820991059144338,0.00034435199999999997,0.005,0.0,0.0,0.0,0.0,0.0,0.0,0.0,0.0,0.0,,0.0,0.0,0.0,0.0,0.0,0.0,0.0,0.0,0.0,0.0,0.0,0.0,0.0,0.0,0.0,0.0,0.0,0.0,0.0,,,,,0.0,,0.16611556708812714,,,,,,,0.0,{},{},0.0,0.0,0.0,0.0,0.0,0.0,0.0,0,0,0.0,0.0,,0.0
153,41756-1786688958442437800,41756,313344,1577,1143,64,370,0.7247939124920736,0.84,0.77,0.004918389953672886,0.04994998499751091,0.6526492238044739,0.3197536766529083,11,10,0,1,0.9090909090909091,1.6363636363636365,2.0,0.36363636363636365,0.6942620277404785,0.004638671875,0.007861328311264515,0.00249647069722414,0.0037670894525945187,0.01040039025247097,1.0400390625,-0.003509765723720193,0.0,0.0,0.0,0.0,0.004918389953672886,0.01503906212747097,0.00942721834871918,0.6268071414080252,1.0,0.2333611187223447,-0.018293159651673503,0.031116271391510963,0.025691848248243332,0.003254834096878767,0.026458820328116417,0.030648119747638702,0.03463640809059143,0.03634269908070564,0.0,0.0,0.0,2.4210134082370334,0.011325143180632343,0.0822482638888889,0.9628468486997817,0.00034332799999999995,0.005,0.0,0.0,0.0,0.0,0.0,0.0,0.0,0.0,0.0,,0.0,0.0,0.0,0.0,0.0,0.0,0.0,0.0,0.0,0.0,0.0,0.0,0.0,0.0,0.0,0.0,0.0,0.0,0.0,,,,,0.0,,0.17680323123931885,,,,,,,0.0,{},{},0.0,0.0,0.0,0.0,0.0,0.0,0.0,0,0,0.0,0.0,,0.0
154,41756-1786688958442437800,41756,315392,1589,1154,65,370,0.7262429200755192,0.9,0.775,0.00462039140984416,0.05274749919772148,0.7065443992614746,0.3400227427482605,12,11,1,0,0.9166666666666666,2.0,2.25,0.25,0.5469276905059814,0.0048828125,0.007128906436264515,0.0027377624064683914,0.004787597339600325,0.00942382775247097,0.9423828125,-0.003427734598517418,0.0,0.0,0.0,0.0,0.00462039140984416,0.01430664025247097,0.009010246372781694,0.6297506936006165,1.0,0.23957371991691212,-0.025836902018636466,0.04903853461146355,0.041404370218515396,0.0043288166634738445,0.04342658445239067,0.048899367451667786,0.05417776480317116,0.055364370346069336,0.0,0.0,0.0,2.331079697608948,0.012339673680253327,0.093359375,0.8221195638179779,0.000342304,0.005,0.0,0.0,0.0,0.0,0.0,0.0,0.0,0.0,0.0,,0.0,0.0,0.0,0.0,0.0,0.0,0.0,0.0,0.0,0.0,0.0,0.0,0.0,0.0,0.0,0.0,0.0,0.0,0.0,,,,,0.0,,0.22887149453163147,,,,,,,0.0,{},{},0.0,0.0,0.0,0.0,0.0,0.0,0.0,0,0,0.0,0.0,,0.0
155,41756-1786688958442437800,41756,317440,1595,1159,65,371,0.7266457680250784,0.9,0.775,0.002385800238698721,0.04255080968141556,0.6651077270507812,0.2837124764919281,6,5,0,1,0.8333333333333334,1.6666666666666667,2.1666666666666665,0.5,0.7108175158500671,0.002197265625,0.00537109375,0.0012344950810074806,0.0024902343284338713,0.005664062686264515,0.56640625,-0.0038769531529396772,0.0,0.0,0.0,0.0,0.002385800238698721,0.007861328311264515,0.006302276102360338,0.801578852072476,1.0,0.4931049683317204,-0.025158955436199903,0.024293917044997216,0.02208222821354866,0.0008796172915026546,0.023769361898303032,0.024366814643144608,0.025343982502818108,0.025357279926538467,0.0,0.0,0.0,2.484850811958313,0.015118638292187824,0.123828125,0.9015552699565887,0.00034128,0.005,0.0,0.0,0.0,0.0,0.0,0.0,0.0,0.0,0.0,,0.0,0.0,0.0,0.0,0.0,0.0,0.0,0.0,0.0,0.0,0.0,0.0,0.0,0.0,0.0,0.0,0.0,0.0,0.0,,,,,0.0,,0.15256834030151367,,,,,,,0.0,{},{},0.0,0.0,0.0,0.0,0.0,0.0,0.0,0,0,0.0,0.0,,0.0
156,41756-1786688958442437800,41756,319488,1608,1170,65,373,0.7276119402985075,0.88,0.785,0.004198865033686161,0.0415102057158947,0.8548043966293335,0.30577218532562256,13,11,0,2,0.8461538461538461,1.3846153846153846,1.7692307692307692,0.38461538461538464,0.5995049476623535,0.0048828125,0.007080078125,0.001999101135879755,0.0029052733443677425,0.00844726525247097,0.8447265625,-0.003771484363824129,0.0,0.0,0.0,0.0,0.004198865033686161,0.01333007775247097,0.008306171745061874,0.6230682844470165,1.0,0.28290918662784553,-0.026429659517651253,0.036754594946449455,0.030202843248844147,0.004721153061836958,0.031799912452697754,0.03573436290025711,0.04451572895050049,0.04654894024133682,0.0,0.0,0.0,2.5848130746321245,0.015414657050066373,0.11186079545454546,0.8341231671246615,0.000340256,0.005,0.0,0.0,0.0,0.0,0.0,0.0,0.0,0.0,0.0,,0.0,0.0,0.0,0.0,0.0,0.0,0.0,0.0,0.0,0.0,0.0,0.0,0.0,0.0,0.0,0.0,0.0,0.0,0.0,,,,,0.0,,0.19350691139698029,,,,,,,0.0,{},{},0.0,0.0,0.0,0.0,0.0,0.0,0.0,0,0,0.0,0.0,,0.0
157,41756-1786688958442437800,41756,321536,1618,1179,65,374,0.7286773794808405,0.88,0.79,0.0042100041173398495,0.04753418266773224,0.7483638525009155,0.2165767103433609,10,9,0,1,0.9,2.0,2.3,0.3,0.6255015730857849,0.004150390625,0.007568359375,0.0017139144474640489,0.003413085825741291,0.0087890625,0.87890625,-0.0037089844699949026,0.0,0.0,0.0,0.0,0.0042100041173398495,0.012939453125,0.008850109443301335,0.6839103204356559,1.0,0.2866193659655873,-0.025326380040496588,0.017611532099545003,0.016187872737646103,0.001096085412427783,0.01624838449060917,0.01748109981417656,0.019082343205809593,0.01919656991958618,0.0,0.0,0.0,2.5095790147781374,0.012778564356267452,0.094140625,0.8105442643165588,0.00033923199999999997,0.005,0.0,0.0,0.0,0.0,0.0,0.0,0.0,0.0,0.0,,0.0,0.0,0.0,0.0,0.0,0.0,0.0,0.0,0.0,0.0,0.0,0.0,0.0,0.0,0.0,0.0,0.0,0.0,0.0,,,,,0.0,,0.1325368881225586,,,,,,,0.0,{},{},0.0,0.0,0.0,0.0,0.0,0.0,0.0,0,0,0.0,0.0,,0.0
158,41756-1786688958442437800,41756,323584,1629,1189,65,375,0.7298956414978515,0.88,0.805,0.005054274573922157,0.04974871501326561,0.8649770021438599,0.32076120376586914,11,10,0,1,0.9090909090909091,1.4545454545454546,1.9090909090909092,0.45454545454545453,0.7430529594421387,0.004638671875,0.008056640625,0.0031790551729500294,0.0045971679501235485,0.01025390625,1.025390625,-0.003523437771946192,0.0,0.0,0.0,0.0,0.005054274573922157,0.014892578125,0.010000696405768394,0.6714770837359404,1.0,0.2365742968126534,-0.021877534035593272,0.025773399509489536,0.02316979505121708,0.0016863396158441901,0.024227730929851532,0.025379057973623276,0.027931246906518936,0.02905292809009552,0.0,0.0,0.0,2.472021198272705,0.012120695348130539,0.081640625,0.8740228295326233,0.000338208,0.005,0.0,0.0,0.0,0.0,0.0,0.0,0.0,0.0,0.0,,0.0,0.0,0.0,0.0,0.0,0.0,0.0,0.0,0.0,0.0,0.0,0.0,0.0,0.0,0.0,0.0,0.0,0.0,0.0,,,,,0.0,,0.16259367763996124,,,,,,,0.0,{},{},0.0,0.0,0.0,0.0,0.0,0.0,0.0,0,0,0.0,0.0,,0.0
159,41756-1786688958442437800,41756,325632,1640,1199,65,376,0.7310975609756097,0.88,0.825,0.003982572816312313,0.04569385573267937,0.7951357364654541,0.2383202761411667,11,10,0,1,0.9090909090909091,1.8181818181818181,2.272727272727273,0.45454545454545453,0.7846873998641968,0.004638671875,0.0068359375,0.001757959253154695,0.0026123044081032276,0.00830078125,0.830078125,-0.0037343751173466444,0.0,0.0,0.0,0.0,0.003982572816312313,0.012939453125,0.00792850341531448,0.6126913284046598,1.0,0.2885814802058289,-0.016631465301745467,0.012679266122480234,0.011300502344965935,0.0008133432129397988,0.011594928801059723,0.012743305414915085,0.013485227711498737,0.013709954917430878,0.0,0.0,0.0,2.4693939950731068,0.010832228891861936,0.07508680555555555,1.0139627787801955,0.00033718400000000003,0.005,0.0,0.0,0.0,0.0,0.0,0.0,0.0,0.0,0.0,,0.0,0.0,0.0,0.0,0.0,0.0,0.0,0.0,0.0,0.0,0.0,0.0,0.0,0.0,0.0,0.0,0.0,0.0,0.0,,,,,0.0,,0.11058486998081207,,,,,,,0.0,{},{},0.0,0.0,0.0,0.0,0.0,0.0,0.0,0,0,0.0,0.0,,0.0
160,41756-1786688958442437800,41756,327680,1649,1207,65,377,0.7319587628865979,0.9,0.83,0.0027056182734668255,0.03912412002682686,0.9384518265724182,0.27960872650146484,9,8,0,1,0.8888888888888888,1.5555555555555556,1.7777777777777777,0.2222222222222222,0.716987133026123,0.003662109375,0.0060058594681322575,0.0011009328300133348,0.002609863178804517,0.004687500186264515,0.46875,-0.003750000149011612,0.0,0.0,0.0,0.0,0.0027056182734668255,0.008349609561264515,0.00693355847033672,0.8303056704386005,1.0,0.44906903160776657,-0.021123154647648336,0.020698963664472103,0.017549453303217888,0.0020709983073174953,0.01891021616756916,0.020450374111533165,0.021939784288406372,0.025694407522678375,0.0,0.0,0.0,2.524724555015564,0.011748596478719264,0.0888671875,0.8526491701602936,0.00033616,0.005,0.0,0.0,0.0,0.0,0.0,0.0,0.0,0.0,0.0,,0.0,0.0,0.0,0.0,0.0,0.0,0.0,0.0,0.0,0.0,0.0,0.0,0.0,0.0,0.0,0.0,0.0,0.0,0.0,,,,,0.0,,0.14874893426895142,,,,,,,0.0,{},{},0.0,0.0,0.0,0.0,0.0,0.0,0.0,0,0,0.0,0.0,,0.0
161,41756-1786688958442437800,41756,329728,1662,1216,65,381,0.7316486161251504,0.86,0.83,0.0036822387482970953,0.0479879155755043,0.7991733551025391,0.28910893201828003,13,9,0,4,0.6923076923076923,1.3076923076923077,1.6923076923076923,0.38461538461538464,0.7429153919219971,0.00341796875,0.006787109188735485,0.0017820042558014393,0.0035400388296693563,0.00795898400247097,0.7958984375,-0.0036582034081220627,0.0,0.0,0.0,0.0,0.0036822387482970953,0.01137695275247097,0.008117619960103184,0.713451719892251,1.0,0.32151683942681203,-0.021635683672502636,0.02187470141798258,0.016965247690677643,0.002093567280098796,0.020071567967534065,0.022542575374245644,0.02381487563252449,0.024469200521707535,0.0,0.0,0.0,2.2833131074905397,0.016260547371348365,0.1212890625,0.9101878345012665,0.000335136,0.005,0.0,0.0,0.0,0.0,0.0,0.0,0.0,0.0,0.0,,0.0,0.0,0.0,0.0,0.0,0.0,0.0,0.0,0.0,0.0,0.0,0.0,0.0,0.0,0.0,0.0,0.0,0.0,0.0,,,,,0.0,,0.14658838510513306,,,,,,,0.0,{},{},0.0,0.0,0.0,0.0,0.0,0.0,0.0,0,0,0.0,0.0,,0.0
162,41756-1786688958442437800,41756,331776,1674,1225,66,383,0.7317801672640383,0.82,0.82,0.0044754743576049805,0.050376567989587784,0.828659176826477,0.2999752461910248,12,9,1,2,0.75,1.5,2.1666666666666665,0.6666666666666666,0.8037808537483215,0.00341796875,0.00800781324505806,0.0023502495605498552,0.003708495991304517,0.009765625,0.9765625,-0.003517578123137355,0.0,0.0,0.0,0.0,0.0044754743576049805,0.01318359375,0.009522499633021653,0.7222444478444133,1.0,0.2667945778107388,-0.014101581880822778,0.016169707290828228,0.01327420212328434,0.001623276388272643,0.014187002554535866,0.01633705198764801,0.018169252201914787,0.018651992082595825,0.0,0.0,0.0,2.2426325976848602,0.01460215781480656,0.10595703125,0.9287219792604446,0.00033411199999999996,0.005,0.0,0.0,0.0,0.0,0.0,0.0,0.0,0.0,0.0,,0.0,0.0,0.0,0.0,0.0,0.0,0.0,0.0,0.0,0.0,0.0,0.0,0.0,0.0,0.0,0.0,0.0,0.0,0.0,,,,,0.0,,0.13287892937660217,,,,,,,0.0,{},{},0.0,0.0,0.0,0.0,0.0,0.0,0.0,0,0,0.0,0.0,,0.0
163,41756-1786688958442437800,41756,333824,1683,1232,66,385,0.7320261437908496,0.8,0.825,0.0043850308284163475,0.05081363394856453,0.8127180337905884,0.23956291377544403,9,7,0,2,0.7777777777777778,1.8888888888888888,2.0,0.1111111111111111,0.5864853262901306,0.0029296875,0.0074218749068677425,0.0031486141961067915,0.004711913876235485,0.009765625,0.9765625,-0.0034628906287252903,0.0,0.0,0.0,0.0,0.0043850308284163475,0.0126953125,0.009387006924953312,0.7393490767459695,1.0,0.27274774693244913,-0.024148281508435804,0.02423493129511674,0.019385572522878647,0.0027456157840788364,0.021172653883695602,0.02499089017510414,0.027110571041703224,0.029329337179660797,0.0,0.0,0.0,2.2056137720743814,0.013700852565105177,0.09678819444444445,0.8410905003547668,0.000333088,0.005,0.0,0.0,0.0,0.0,0.0,0.0,0.0,0.0,0.0,,0.0,0.0,0.0,0.0,0.0,0.0,0.0,0.0,0.0,0.0,0.0,0.0,0.0,0.0,0.0,0.0,0.0,0.0,0.0,,,,,0.0,,0.15405118465423584,,,,,,,0.0,{},{},0.0,0.0,0.0,0.0,0.0,0.0,0.0,0,0,0.0,0.0,,0.0
164,41756-1786688958442437800,41756,335872,1697,1245,66,386,0.7336476134354744,0.8,0.84,0.004629762377589941,0.05179670825600624,0.8436107039451599,0.291441947221756,14,13,0,1,0.9285714285714286,1.7142857142857142,2.357142857142857,0.6428571428571429,0.7391937375068665,0.006103515625,0.0072265625931322575,0.002101179212331772,0.00335693359375,0.00893554650247097,0.8935546875,-0.003626953111961484,0.0,0.0,0.0,0.0,0.004629762377589941,0.01503906212747097,0.0085910907946527,0.5712137836825091,1.0,0.24115280118004184,-0.02448537852615118,0.020563716441392897,0.01861172541975975,0.0018725909758359194,0.01886170729994774,0.01987485960125923,0.02254936285316944,0.024988602846860886,0.0,0.0,0.0,2.406051278114319,0.012367819368955679,0.0845703125,0.8325298249721527,0.000332064,0.005,0.0,0.0,0.0,0.0,0.0,0.0,0.0,0.0,0.0,,0.0,0.0,0.0,0.0,0.0,0.0,0.0,0.0,0.0,0.0,0.0,0.0,0.0,0.0,0.0,0.0,0.0,0.0,0.0,,,,,0.0,,0.14883705973625183,,,,,,,0.0,{},{},0.0,0.0,0.0,0.0,0.0,0.0,0.0,0,0,0.0,0.0,,0.0
165,41756-1786688958442437800,41756,337920,1704,1251,66,387,0.7341549295774648,0.82,0.845,0.002691226778551936,0.042260318994522095,0.8508482575416565,0.30966103076934814,7,6,0,1,0.8571428571428571,1.8571428571428572,2.2857142857142856,0.42857142857142855,0.7617181539535522,0.002685546875,0.005517578683793545,0.0010904603404924273,0.002858886495232582,0.006152343936264515,0.615234375,-0.0037871096283197403,0.0,0.0,0.0,0.0,0.002691226778551936,0.008837890811264515,0.006504915392724797,0.7359424990785906,1.0,0.4284598270513025,-0.030110623221844435,0.02176990096146862,0.018445655703544617,0.0017903328407555819,0.018701614812016487,0.02205704338848591,0.023346394300460815,0.024435801431536674,0.0,0.0,0.0,2.342855751514435,0.014623906604053142,0.11767578125,0.8592175195614496,0.00033104,0.005,0.0,0.0,0.0,0.0,0.0,0.0,0.0,0.0,0.0,,0.0,0.0,0.0,0.0,0.0,0.0,0.0,0.0,0.0,0.0,0.0,0.0,0.0,0.0,0.0,0.0,0.0,0.0,0.0,,,,,0.0,,0.15115831792354584,,,,,,,0.0,{},{},0.0,0.0,0.0,0.0,0.0,0.0,0.0,0,0,0.0,0.0,,0.0
166,41756-1786688958442437800,41756,339968,1715,1258,66,391,0.7335276967930029,0.8,0.84,0.0041118040680885315,0.045428261160850525,0.9081823229789734,0.3191228210926056,11,7,0,4,0.6363636363636364,1.0909090909090908,1.5454545454545454,0.45454545454545453,0.6287217140197754,0.00244140625,0.0078125,0.002349410904571414,0.003254394279792905,0.00942382775247097,0.9423828125,-0.0036386719439178705,0.0,0.0,0.0,0.0,0.0041118040680885315,0.01186523400247097,0.00921345129609108,0.7764427445280881,1.0,0.3066408384631696,-0.021981049701571463,0.03868211656808853,0.034943342208862305,0.0017361524514853954,0.03678426891565323,0.03950171172618866,0.04030151292681694,0.040714867413043976,0.0,0.0,0.0,2.2834495544433593,0.014468727429630235,0.0955078125,0.9065531969070435,0.000330016,0.005,0.0,0.0,0.0,0.0,0.0,0.0,0.0,0.0,0.0,,0.0,0.0,0.0,0.0,0.0,0.0,0.0,0.0,0.0,0.0,0.0,0.0,0.0,0.0,0.0,0.0,0.0,0.0,0.0,,,,,0.0,,0.19444985687732697,,,,,,,0.0,{},{},0.0,0.0,0.0,0.0,0.0,0.0,0.0,0,0,0.0,0.0,,0.0
167,41756-1786688958442437800,41756,342016,1723,1266,66,391,0.73476494486361,0.84,0.84,0.0020280438475310802,0.034459542483091354,0.9225643873214722,0.3866029381752014,8,8,0,0,1.0,2.0,2.25,0.25,0.7287116050720215,0.00390625,0.004394531715661287,0.0008322794456034899,0.0020776367746293545,0.0035644532181322575,0.3564453125,-0.003863281337544322,0.0,0.0,0.0,0.0,0.0020280438475310802,0.0074707032181322575,0.005122010770719498,0.6855211751839195,1.0,0.5170549772599302,-0.019620615616440774,0.039494515582919124,0.03313867002725601,0.003473507473245263,0.03499904274940491,0.04022960364818573,0.04285748302936554,0.04531623050570488,0.0,0.0,0.0,2.440892148017883,0.014801045959757175,0.119921875,0.91806001663208,0.000328992,0.005,0.0,0.0,0.0,0.0,0.0,0.0,0.0,0.0,0.0,,0.0,0.0,0.0,0.0,0.0,0.0,0.0,0.0,0.0,0.0,0.0,0.0,0.0,0.0,0.0,0.0,0.0,0.0,0.0,,,,,0.0,,0.20136350393295288,,,,,,,0.0,{},{},0.0,0.0,0.0,0.0,0.0,0.0,0.0,0,0,0.0,0.0,,0.0
168,41756-1786688958442437800,41756,344064,1733,1275,66,392,0.7357184073860358,0.86,0.855,0.003201425774022937,0.03826660290360451,0.9954433441162109,0.39362356066703796,10,9,0,1,0.9,1.3,1.6,0.3,0.7776625156402588,0.004150390625,0.005908203311264515,0.0014552786014974117,0.002431640401482582,0.00634765625,0.634765625,-0.0038730469532310963,0.0,0.0,0.0,0.0,0.003201425774022937,0.010498046875,0.006879933062009513,0.6552912034702687,1.0,0.3688951006070345,-0.02436541448431936,0.03328729962760752,0.0290071964263916,0.003203663509339094,0.030437543988227844,0.032243210822343826,0.03653114289045334,0.04079797863960266,0.0,0.0,0.0,2.4774304953488437,0.014804619184525853,0.119140625,0.9587617299773477,0.00032796800000000004,0.005,0.0,0.0,0.0,0.0,0.0,0.0,0.0,0.0,0.0,,0.0,0.0,0.0,0.0,0.0,0.0,0.0,0.0,0.0,0.0,0.0,0.0,0.0,0.0,0.0,0.0,0.0,0.0,0.0,,,,,0.0,,0.1856040358543396,,,,,,,0.0,{},{},0.0,0.0,0.0,0.0,0.0,0.0,0.0,0,0,0.0,0.0,,0.0
169,41756-1786688958442437800,41756,346112,1743,1283,66,394,0.7360872059667241,0.84,0.855,0.003751615295186639,0.04350382834672928,0.9946321249008179,0.37511277198791504,10,8,0,2,0.8,1.3,1.4,0.1,0.6585774421691895,0.00341796875,0.006640625186264515,0.0014439227525144815,0.0031173527240753174,0.00844726525247097,0.8447265625,-0.0037949220277369022,0.0,0.0,0.0,0.0,0.003751615295186639,0.01186523400247097,0.007780944055411965,0.655721440668682,1.0,0.3198084604556648,-0.026319131847809662,0.04659122973680496,0.039122723042964935,0.004009985364973545,0.04177021235227585,0.04645076021552086,0.05006254091858864,0.05544742941856384,0.0,0.0,0.0,2.5183920643546363,0.015259632996854965,0.111328125,0.8211311427029696,0.000326944,0.005,0.0,0.0,0.0,0.0,0.0,0.0,0.0,0.0,0.0,,0.0,0.0,0.0,0.0,0.0,0.0,0.0,0.0,0.0,0.0,0.0,0.0,0.0,0.0,0.0,0.0,0.0,0.0,0.0,,,,,0.0,,0.219183549284935,,,,,,,0.0,{},{},0.0,0.0,0.0,0.0,0.0,0.0,0.0,0,0,0.0,0.0,,0.0
170,41756-1786688958442437800,41756,348160,1758,1296,66,396,0.7372013651877133,0.84,0.85,0.006498411763459444,0.05987514927983284,0.8800507187843323,0.3512103855609894,15,13,0,2,0.8666666666666667,1.8666666666666667,2.4,0.5333333333333333,0.6934547424316406,0.005859375,0.00947265699505806,0.003349471837282181,0.006159667856991291,0.013671875,1.3671875,-0.003410156350582838,0.0,0.0,0.0,0.0,0.006498411763459444,0.01953125,0.011849941918626428,0.6066859639123208,1.0,0.17459106608725763,-0.025560354813933372,0.03323885629122907,0.029690712690353394,0.003044410375878215,0.02980615384876728,0.032447561621665955,0.03654032200574875,0.03917491436004639,0.0,0.0,0.0,2.2146187262101606,0.013068074200418778,0.08913352272727272,0.8492769653146918,0.00032592,0.005,0.0,0.0,0.0,0.0,0.0,0.0,0.0,0.0,0.0,,0.0,0.0,0.0,0.0,0.0,0.0,0.0,0.0,0.0,0.0,0.0,0.0,0.0,0.0,0.0,0.0,0.0,0.0,0.0,,,,,0.0,,0.19445300102233887,,,,,,,0.0,{},{},0.0,0.0,0.0,0.0,0.0,0.0,0.0,0,0,0.0,0.0,,0.0
171,41756-1786688958442437800,41756,350208,1769,1307,66,396,0.7388355002826456,0.9,0.855,0.005117401946336031,0.052842266857624054,0.8969734907150269,0.32811814546585083,11,11,0,0,1.0,2.1818181818181817,2.5454545454545454,0.36363636363636365,0.8917547464370728,0.00537109375,0.00800781324505806,0.00227781618013978,0.003774413838982582,0.0107421875,1.07421875,-0.0035859374329447746,0.0,0.0,0.0,0.0,0.005117401946336031,0.01611328125,0.00952087074983865,0.5908343414223733,1.0,0.22253163993552455,-0.023928277008235455,0.011748471856117248,0.010432524606585503,0.0007798128062859178,0.010963236913084984,0.01167282834649086,0.012808908708393574,0.01301506720483303,0.0,0.0,0.0,2.298795700073242,0.01419905970687978,0.0998046875,0.8881340980529785,0.000324896,0.005,0.0,0.0,0.0,0.0,0.0,0.0,0.0,0.0,0.0,,0.0,0.0,0.0,0.0,0.0,0.0,0.0,0.0,0.0,0.0,0.0,0.0,0.0,0.0,0.0,0.0,0.0,0.0,0.0,,,,,0.0,,0.10795299708843231,,,,,,,0.0,{},{},0.0,0.0,0.0,0.0,0.0,0.0,0.0,0,0,0.0,0.0,,0.0
172,41756-1786688958442437800,41756,352256,1780,1317,66,397,0.7398876404494382,0.88,0.86,0.0039023426361382008,0.0480651780962944,0.8673132061958313,0.3320159912109375,11,10,0,1,0.9090909090909091,1.5454545454545454,2.090909090909091,0.5454545454545454,0.843820333480835,0.004638671875,0.00634765625,0.0019709852058440447,0.003928222693502903,0.00795898400247097,0.7958984375,-0.003689453238621354,0.0,0.0,0.0,0.0,0.0039023426361382008,0.01259765587747097,0.007822458224836737,0.620896252815741,1.0,0.29284498874351095,-0.012882312061265111,0.017003192100673914,0.01581057906150818,0.0010636523365974426,0.015855984762310982,0.01662546396255493,0.018297528848052025,0.01915479078888893,0.0,0.0,0.0,2.3476130664348602,0.013219691460108152,0.08642578125,0.9221576601266861,0.000323872,0.005,0.0,0.0,0.0,0.0,0.0,0.0,0.0,0.0,0.0,,0.0,0.0,0.0,0.0,0.0,0.0,0.0,0.0,0.0,0.0,0.0,0.0,0.0,0.0,0.0,0.0,0.0,0.0,0.0,,,,,0.0,,0.1312112957239151,,,,,,,0.0,{},{},0.0,0.0,0.0,0.0,0.0,0.0,0.0,0,0,0.0,0.0,,0.0
173,41756-1786688958442437800,41756,354304,1791,1327,67,397,0.740926856504746,0.92,0.855,0.005972535349428654,0.055087700486183167,0.8509262800216675,0.38429394364356995,11,10,1,0,0.9090909090909091,2.0,2.5454545454545454,0.5454545454545454,0.7172871828079224,0.00439453125,0.00937500037252903,0.003099079942330718,0.004396972246468067,0.01318359375,1.318359375,-0.0033046873286366463,0.0,0.0,0.0,0.0,0.005972535349428654,0.017578125,0.011249013419728726,0.6399074709195551,1.0,0.18798929574917103,-0.02471412904560566,0.03898078575730324,0.03307881951332092,0.003956962842494249,0.03391381725668907,0.04055365175008774,0.04275456443428993,0.04457908868789673,0.0,0.0,0.0,2.143087697029114,0.015521576124592684,0.109765625,0.9135666251182556,0.00032284800000000004,0.005,0.0,0.0,0.0,0.0,0.0,0.0,0.0,0.0,0.0,,0.0,0.0,0.0,0.0,0.0,0.0,0.0,0.0,0.0,0.0,0.0,0.0,0.0,0.0,0.0,0.0,0.0,0.0,0.0,,,,,0.0,,0.20433196425437927,,,,,,,0.0,{},{},0.0,0.0,0.0,0.0,0.0,0.0,0.0,0,0,0.0,0.0,,0.0
174,41756-1786688958442437800,41756,356352,1804,1340,67,397,0.7427937915742794,0.96,0.865,0.0044829039834439754,0.05237109586596489,0.8624936938285828,0.34271660447120667,13,13,0,0,1.0,1.9230769230769231,2.3076923076923075,0.38461538461538464,0.8494826555252075,0.00634765625,0.006835937965661287,0.0019698927644640207,0.0033935545943677425,0.00844726525247097,0.8447265625,-0.0035761718172580004,0.0,0.0,0.0,0.0,0.0044829039834439754,0.01479492150247097,0.008176799805369228,0.5526387662981096,1.0,0.24169983712476223,-0.027942579705268145,0.017717877092460792,0.016172993928194046,0.000937588803935796,0.01642359420657158,0.017780864611268044,0.01898069679737091,0.01919790543615818,0.0,0.0,0.0,2.303633908430735,0.015659058131859638,0.11588541666666667,0.7905232508977255,0.000321824,0.005,0.0,0.0,0.0,0.0,0.0,0.0,0.0,0.0,0.0,,0.0,0.0,0.0,0.0,0.0,0.0,0.0,0.0,0.0,0.0,0.0,0.0,0.0,0.0,0.0,0.0,0.0,0.0,0.0,,,,,0.0,,0.13296227157115936,,,,,,,0.0,{},{},0.0,0.0,0.0,0.0,0.0,0.0,0.0,0,0,0.0,0.0,,0.0
175,41756-1786688958442437800,41756,358400,1814,1349,67,398,0.7436604189636163,0.94,0.87,0.004325028974562883,0.04692375287413597,0.8684180974960327,0.3183806240558624,10,9,0,1,0.9,1.7,2.0,0.3,0.885269284248352,0.004150390625,0.007519531529396772,0.0024139059241861105,0.00393066368997097,0.0087890625,0.87890625,-0.003597656264901161,0.0,0.0,0.0,0.0,0.004325028974562883,0.012939453125,0.009105673932936043,0.7036595894269385,1.0,0.27801625106548666,-0.023023904813453556,0.01104086060076952,0.009588366374373436,0.0007681188872084022,0.010289390571415424,0.011109037324786186,0.011629489250481129,0.012620007619261742,0.0,0.0,0.0,2.3374242782592773,0.010859120025997981,0.077734375,0.9678080201148986,0.0003208,0.005,0.0,0.0,0.0,0.0,0.0,0.0,0.0,0.0,0.0,,0.0,0.0,0.0,0.0,0.0,0.0,0.0,0.0,0.0,0.0,0.0,0.0,0.0,0.0,0.0,0.0,0.0,0.0,0.0,,,,,0.0,,0.10784164071083069,,,,,,,0.0,{},{},0.0,0.0,0.0,0.0,0.0,0.0,0.0,0,0,0.0,0.0,,0.0
176,41756-1786688958442437800,41756,360448,1822,1355,67,400,0.743688254665203,0.9,0.86,0.0020537367090582848,0.03958886116743088,0.8878288269042969,0.29245129227638245,8,6,0,2,0.75,1.125,1.5,0.375,0.7437796592712402,0.00244140625,0.005419922061264515,0.0006803222931921482,0.0023828125558793545,0.003857421688735485,0.3857421875,-0.0038046876434236765,0.0,0.0,0.0,0.0,0.0020537367090582848,0.006298827938735485,0.006185705773532391,0.981884875854879,1.0,0.6039351678210059,-0.025271166539327664,0.0208821063014594,0.018000617623329163,0.0019637299701571465,0.018043693155050278,0.021153301000595093,0.023127352818846703,0.02358434721827507,0.0,0.0,0.0,2.4231617667458276,0.01310960169013759,0.103515625,0.8581152395768599,0.000319776,0.005,0.0,0.0,0.0,0.0,0.0,0.0,0.0,0.0,0.0,,0.0,0.0,0.0,0.0,0.0,0.0,0.0,0.0,0.0,0.0,0.0,0.0,0.0,0.0,0.0,0.0,0.0,0.0,0.0,,,,,0.0,,0.14803361892700195,,,,,,,0.0,{},{},0.0,0.0,0.0,0.0,0.0,0.0,0.0,0,0,0.0,0.0,,0.0
177,41756-1786688958442437800,41756,362496,1832,1363,67,402,0.743995633187773,0.88,0.86,0.0015736462082713842,0.03602195158600807,0.8546304702758789,0.31131643056869507,10,8,0,2,0.8,1.2,1.7,0.5,0.7742051482200623,0.00341796875,0.004150390625,0.0006065855850465596,0.0026293941773474216,0.0022460937034338713,0.224609375,-0.003874999936670065,0.0,0.0,0.0,0.0,0.0015736462082713842,0.005664062453433871,0.004959385565598495,0.8754335201710564,1.0,0.684017161067878,-0.0291606172059591,0.01938993899294963,0.01613095961511135,0.001758162397891283,0.017270240932703018,0.019246090203523636,0.021673759445548058,0.022075630724430084,0.0,0.0,0.0,2.489032745361328,0.015922908060019836,0.123046875,0.9224540086892935,0.00031875200000000005,0.005,0.0,0.0,0.0,0.0,0.0,0.0,0.0,0.0,0.0,,0.0,0.0,0.0,0.0,0.0,0.0,0.0,0.0,0.0,0.0,0.0,0.0,0.0,0.0,0.0,0.0,0.0,0.0,0.0,,,,,0.0,,0.14793094992637634,,,,,,,0.0,{},{},0.0,0.0,0.0,0.0,0.0,0.0,0.0,0,0,0.0,0.0,,0.0
178,41756-1786688958442437800,41756,364544,1841,1371,67,403,0.7447039652362847,0.88,0.855,0.003492085263133049,0.046657662838697433,0.7985692024230957,0.3403574228286743,9,8,0,1,0.8888888888888888,1.5555555555555556,2.2222222222222223,0.6666666666666666,0.7018375396728516,0.003662109375,0.00634765625,0.0014263367047533393,0.0037182613741606474,0.00732421875,0.732421875,-0.0037089847028255463,0.0,0.0,0.0,0.0,0.003492085263133049,0.010986328125,0.007633805769728497,0.6947827245059633,1.0,0.3375693035312483,-0.02437947867438197,0.03442769423127175,0.031694237142801285,0.0018099904991686344,0.03224289417266846,0.034091927111148834,0.03666619583964348,0.03790482506155968,0.0,0.0,0.0,2.2663283348083496,0.010914953300380148,0.078125,0.9149758696556092,0.00031772800000000003,0.005,0.0,0.0,0.0,0.0,0.0,0.0,0.0,0.0,0.0,,0.0,0.0,0.0,0.0,0.0,0.0,0.0,0.0,0.0,0.0,0.0,0.0,0.0,0.0,0.0,0.0,0.0,0.0,0.0,,,,,0.0,,0.1858496367931366,,,,,,,0.0,{},{},0.0,0.0,0.0,0.0,0.0,0.0,0.0,0,0,0.0,0.0,,0.0
179,41756-1786688958442437800,41756,366592,1851,1377,68,406,0.7439222042139384,0.8,0.845,0.0025456969160586596,0.03896857798099518,0.8354513645172119,0.3585434854030609,10,6,1,3,0.6,0.8,1.1,0.3,0.6939946413040161,0.001708984375,0.005810547154396772,0.001456679543480277,0.0024511718656867743,0.006152343936264515,0.615234375,-0.0037832031957805157,0.0,0.0,0.0,0.0,0.0025456969160586596,0.007861328311264515,0.006787510006688535,0.8632951637193699,1.0,0.48118102501014176,-0.018444028579526477,0.03940306231379509,0.036604683846235275,0.001760415849275887,0.03683142364025116,0.03973545879125595,0.04150201007723808,0.04162314161658287,0.0,0.0,0.0,2.392238643434313,0.010385904561391927,0.07269965277777778,0.8946377370092604,0.000316704,0.005,0.0,0.0,0.0,0.0,0.0,0.0,0.0,0.0,0.0,,0.0,0.0,0.0,0.0,0.0,0.0,0.0,0.0,0.0,0.0,0.0,0.0,0.0,0.0,0.0,0.0,0.0,0.0,0.0,,,,,0.0,,0.19833816587924957,,,,,,,0.0,{},{},0.0,0.0,0.0,0.0,0.0,0.0,0.0,0,0,0.0,0.0,,0.0
180,41756-1786688958442437800,41756,368640,1862,1385,69,408,0.7438238453276047,0.74,0.845,0.003681805683299899,0.04568665847182274,0.8997204303741455,0.3172007203102112,11,8,1,2,0.7272727272727273,1.4545454545454546,1.9090909090909092,0.45454545454545453,0.8073861002922058,0.0029296875,0.00693359412252903,0.0020469522569328547,0.003020019270479679,0.00830078125,0.830078125,-0.0037070312537252903,0.0,0.0,0.0,0.0,0.003681805683299899,0.01123046875,0.008200337004382163,0.7301215172220609,1.0,0.33005756737962616,-0.02682746561582793,0.020209325816143642,0.01732547953724861,0.001337264897301793,0.019325697794556618,0.0202132947742939,0.021120961755514145,0.022986246272921562,0.0,0.0,0.0,2.3047652461312036,0.014212445625823668,0.10884232954545454,0.9420859326015819,0.00031568,0.005,0.0,0.0,0.0,0.0,0.0,0.0,0.0,0.0,0.0,,0.0,0.0,0.0,0.0,0.0,0.0,0.0,0.0,0.0,0.0,0.0,0.0,0.0,0.0,0.0,0.0,0.0,0.0,0.0,,,,,0.0,,0.13921241462230682,,,,,,,0.0,{},{},0.0,0.0,0.0,0.0,0.0,0.0,0.0,0,0,0.0,0.0,,0.0
181,41756-1786688958442437800,41756,370688,1873,1395,69,409,0.7447944474105713,0.78,0.855,0.003210725262761116,0.04313652962446213,0.8766347169876099,0.36615127325057983,11,10,0,1,0.9090909090909091,1.8181818181818181,2.090909090909091,0.2727272727272727,0.718288779258728,0.004638671875,0.006103515625,0.0013928937260061502,0.00286865234375,0.005859375,0.5859375,-0.0038632811047136784,0.0,0.0,0.0,0.0,0.003210725262761116,0.010498046875,0.0071689021424390376,0.6828145666736094,1.0,0.367964935361209,-0.02320012788880955,0.03611085326834158,0.03198176994919777,0.002300812164321542,0.03307428956031799,0.03682928532361984,0.0386660099029541,0.03998667746782303,0.0,0.0,0.0,2.52298641204834,0.017098232167137958,0.11949573863636363,0.8419963067228143,0.000314656,0.005,0.0,0.0,0.0,0.0,0.0,0.0,0.0,0.0,0.0,,0.0,0.0,0.0,0.0,0.0,0.0,0.0,0.0,0.0,0.0,0.0,0.0,0.0,0.0,0.0,0.0,0.0,0.0,0.0,,,,,0.0,,0.19434019923210144,,,,,,,0.0,{},{},0.0,0.0,0.0,0.0,0.0,0.0,0.0,0,0,0.0,0.0,,0.0
182,41756-1786688958442437800,41756,372736,1881,1402,70,409,0.7453482190324295,0.8,0.855,0.0031368727795779705,0.042253442108631134,0.9967797994613647,0.4070524275302887,8,7,1,0,0.875,1.25,1.75,0.5,0.7697266936302185,0.0029296875,0.006152343936264515,0.0015920564765110612,0.0032275388948619366,0.006787109188735485,0.6787109375,-0.0037714845966547728,0.0,0.0,0.0,0.0,0.0031368727795779705,0.009716796688735485,0.007357242779107764,0.7570895970313941,1.0,0.38810079254143487,-0.026314621156250887,0.03663449463519183,0.028421198949217796,0.004984473343938589,0.029908904805779457,0.035888511687517166,0.04337913915514946,0.04533553123474121,0.0,0.0,0.0,2.339842211116444,0.014228827526411887,0.11008522727272728,0.8479474837129767,0.00031363200000000005,0.005,0.0,0.0,0.0,0.0,0.0,0.0,0.0,0.0,0.0,,0.0,0.0,0.0,0.0,0.0,0.0,0.0,0.0,0.0,0.0,0.0,0.0,0.0,0.0,0.0,0.0,0.0,0.0,0.0,,,,,0.0,,0.1953314244747162,,,,,,,0.0,{},{},0.0,0.0,0.0,0.0,0.0,0.0,0.0,0,0,0.0,0.0,,0.0
183,41756-1786688958442437800,41756,374784,1894,1413,70,411,0.7460401267159451,0.82,0.855,0.0041832998394966125,0.04554073512554169,0.9501491785049438,0.35319313406944275,13,11,0,2,0.8461538461538461,1.4615384615384615,1.8461538461538463,0.38461538461538464,0.8363395929336548,0.0048828125,0.006591796875,0.00195755111053586,0.0030102538876235485,0.0087890625,0.87890625,-0.0037050782702863216,0.0,0.0,0.0,0.0,0.0041832998394966125,0.013671875,0.007833748124539852,0.5729408134382749,1.0,0.27098019036130455,-0.022726537194103003,0.020869271643459798,0.018678683787584305,0.0009597482276149094,0.01982361450791359,0.020871002227067947,0.022062744945287704,0.022185249254107475,0.0,0.0,0.0,2.350607085227966,0.013957210927037523,0.1021484375,0.940440434217453,0.000312608,0.005,0.0,0.0,0.0,0.0,0.0,0.0,0.0,0.0,0.0,,0.0,0.0,0.0,0.0,0.0,0.0,0.0,0.0,0.0,0.0,0.0,0.0,0.0,0.0,0.0,0.0,0.0,0.0,0.0,,,,,0.0,,0.14288417994976044,,,,,,,0.0,{},{},0.0,0.0,0.0,0.0,0.0,0.0,0.0,0,0,0.0,0.0,,0.0
184,41756-1786688958442437800,41756,376832,1903,1422,70,411,0.7472411981082502,0.86,0.86,0.0031766495667397976,0.037243012338876724,1.0445373058319092,0.37022894620895386,9,9,0,0,1.0,1.5555555555555556,1.6666666666666667,0.1111111111111111,0.8626811504364014,0.00439453125,0.005810547154396772,0.0010283337906002998,0.002053222618997097,0.00634765625,0.634765625,-0.0038222656585276127,0.0,0.0,0.0,0.0,0.0031766495667397976,0.0107421875,0.006580936256796122,0.6125683142732193,1.0,0.3557850645841947,-0.017866393861671288,0.018762820917699072,0.0170561783015728,0.0011101767886430025,0.017576606944203377,0.018764883279800415,0.019635798409581184,0.02126379683613777,0.0,0.0,0.0,2.3601904180314808,0.013014249513313795,0.09418402777777778,0.9365662468804253,0.000311584,0.005,0.0,0.0,0.0,0.0,0.0,0.0,0.0,0.0,0.0,,0.0,0.0,0.0,0.0,0.0,0.0,0.0,0.0,0.0,0.0,0.0,0.0,0.0,0.0,0.0,0.0,0.0,0.0,0.0,,,,,0.0,,0.13719411194324493,,,,,,,0.0,{},{},0.0,0.0,0.0,0.0,0.0,0.0,0.0,0,0,0.0,0.0,,0.0
185,41756-1786688958442437800,41756,378880,1915,1432,70,413,0.7477806788511749,0.88,0.87,0.005621487274765968,0.05722782015800476,0.8490579128265381,0.34876513481140137,12,10,0,2,0.8333333333333334,1.8333333333333333,2.0833333333333335,0.25,0.6860222816467285,0.00439453125,0.008496093563735485,0.0037185654509812593,0.005612792447209358,0.01220703125,1.220703125,-0.0033808592706918716,0.0,0.0,0.0,0.0,0.005621487274765968,0.0166015625,0.01082893303828314,0.6522446783912507,1.0,0.20363478653923883,-0.02524081494828517,0.03429538401013071,0.0287379901856184,0.0038112406618893147,0.030912674963474274,0.032812170684337616,0.040870144963264465,0.04169510304927826,0.0,0.0,0.0,2.074637012048201,0.013196738399776885,0.09712357954545454,0.8527068062262102,0.00031056000000000004,0.005,0.0,0.0,0.0,0.0,0.0,0.0,0.0,0.0,0.0,,0.0,0.0,0.0,0.0,0.0,0.0,0.0,0.0,0.0,0.0,0.0,0.0,0.0,0.0,0.0,0.0,0.0,0.0,0.0,,,,,0.0,,0.1954260617494583,,,,,,,0.0,{},{},0.0,0.0,0.0,0.0,0.0,0.0,0.0,0,0,0.0,0.0,,0.0
186,41756-1786688958442437800,41756,380928,1928,1443,70,415,0.7484439834024896,0.88,0.86,0.0031042853370308876,0.05179191380739212,0.844326376914978,0.372541606426239,13,11,0,2,0.8461538461538461,1.5384615384615385,2.3076923076923075,0.7692307692307693,0.7566959857940674,0.0048828125,0.005908203311264515,0.001601075753569603,0.0033666989766061306,0.005322265438735485,0.5322265625,-0.003666015574708581,0.0,0.0,0.0,0.0,0.0031042853370308876,0.010205077938735485,0.007150146993808448,0.7005773458451895,1.0,0.35919925329933294,-0.018743828559915226,0.03509331432481607,0.03067743219435215,0.0025720761623233557,0.032350413501262665,0.03489609435200691,0.03854871168732643,0.039364270865917206,0.0,0.0,0.0,2.2212155395083957,0.010481316851736564,0.068359375,0.8822440769937303,0.00030953600000000007,0.005,0.0,0.0,0.0,0.0,0.0,0.0,0.0,0.0,0.0,,0.0,0.0,0.0,0.0,0.0,0.0,0.0,0.0,0.0,0.0,0.0,0.0,0.0,0.0,0.0,0.0,0.0,0.0,0.0,,,,,0.0,,0.18375934660434723,,,,,,,0.0,{},{},0.0,0.0,0.0,0.0,0.0,0.0,0.0,0,0,0.0,0.0,,0.0
187,41756-1786688958442437800,41756,382976,1938,1451,71,416,0.7487100103199175,0.86,0.86,0.0035716528072953224,0.045760951936244965,0.8679033517837524,0.3583451509475708,10,8,1,1,0.8,1.2,1.9,0.7,0.7874056100845337,0.003173828125,0.006396484561264515,0.0019140488002449274,0.003911132458597422,0.00795898400247097,0.7958984375,-0.0037031250540167093,0.0,0.0,0.0,0.0,0.0035716528072953224,0.01113281212747097,0.007852779875975102,0.7053091776714622,1.0,0.3326017191254573,-0.024372670249166815,0.027064139870080082,0.02143610268831253,0.002376094926148653,0.025834141299128532,0.026533322408795357,0.02963414043188095,0.03064533695578575,0.0,0.0,0.0,2.2266527956182305,0.016410888844720004,0.12535511363636365,1.0099492343989285,0.000308512,0.005,0.0,0.0,0.0,0.0,0.0,0.0,0.0,0.0,0.0,,0.0,0.0,0.0,0.0,0.0,0.0,0.0,0.0,0.0,0.0,0.0,0.0,0.0,0.0,0.0,0.0,0.0,0.0,0.0,,,,,0.0,,0.16522563993930817,,,,,,,0.0,{},{},0.0,0.0,0.0,0.0,0.0,0.0,0.0,0,0,0.0,0.0,,0.0
188,41756-1786688958442437800,41756,385024,1945,1457,71,417,0.7491002570694087,0.86,0.86,0.002353902906179428,0.038778383284807205,0.818617045879364,0.3037039339542389,7,6,0,1,0.8571428571428571,1.8571428571428572,2.0,0.14285714285714285,0.6319799423217773,0.002685546875,0.005419922061264515,0.00109068863093853,0.0029443358071148396,0.0048828125,0.48828125,-0.003916015848517418,0.0,0.0,0.0,0.0,0.002353902906179428,0.007568359375,0.006428678170777857,0.849302807845328,1.0,0.5173510272812774,-0.020186493794123333,0.03312281995183892,0.029666997492313385,0.002979022916406393,0.029947245493531227,0.0322415791451931,0.03621619939804077,0.0383654348552227,0.0,0.0,0.0,2.4141432444254556,0.013142379683106102,0.09288194444444445,0.9354021350542704,0.00030748799999999997,0.005,0.0,0.0,0.0,0.0,0.0,0.0,0.0,0.0,0.0,,0.0,0.0,0.0,0.0,0.0,0.0,0.0,0.0,0.0,0.0,0.0,0.0,0.0,0.0,0.0,0.0,0.0,0.0,0.0,,,,,0.0,,0.18424095213413239,,,,,,,0.0,{},{},0.0,0.0,0.0,0.0,0.0,0.0,0.0,0,0,0.0,0.0,,0.0
189,41756-1786688958442437800,41756,387072,1957,1467,72,418,0.7496167603474706,0.82,0.86,0.004268972668796778,0.0482151173055172,0.8342033624649048,0.3854237496852875,12,10,1,1,0.8333333333333334,1.4166666666666667,1.9166666666666667,0.5,0.7570174336433411,0.004150390625,0.0069824219681322575,0.0025792892556637526,0.004753417801111937,0.0087890625,0.87890625,-0.0036269533447921276,0.0,0.0,0.0,0.0,0.004268972668796778,0.012939453125,0.00881559873232618,0.6812434346132049,1.0,0.2802802428753535,-0.023825170332565905,0.035721806809306145,0.03239164501428604,0.002475372515618801,0.03311537206172943,0.03497032821178436,0.03893882781267166,0.039374105632305145,0.0,0.0,0.0,2.2864136934280395,0.014865382510470227,0.101171875,0.8439519792795181,0.00030646399999999994,0.005,0.0,0.0,0.0,0.0,0.0,0.0,0.0,0.0,0.0,,0.0,0.0,0.0,0.0,0.0,0.0,0.0,0.0,0.0,0.0,0.0,0.0,0.0,0.0,0.0,0.0,0.0,0.0,0.0,,,,,0.0,,0.1899879276752472,,,,,,,0.0,{},{},0.0,0.0,0.0,0.0,0.0,0.0,0.0,0,0,0.0,0.0,,0.0
190,41756-1786688958442437800,41756,389120,1968,1477,72,419,0.7505081300813008,0.84,0.855,0.004778629634529352,0.049726467579603195,0.8033868074417114,0.33733412623405457,11,10,0,1,0.9090909090909091,1.6363636363636365,2.1818181818181817,0.5454545454545454,0.7641637325286865,0.004638671875,0.0078125,0.002649755449965596,0.004038086161017418,0.009765625,0.9765625,-0.0035566408187150955,0.0,0.0,0.0,0.0,0.004778629634529352,0.014404296875,0.009484460402745754,0.6584008982977488,1.0,0.24689812709709225,-0.024379577487707138,0.027282488617030056,0.020971547812223434,0.0031696802470833063,0.024859944358468056,0.026718543842434883,0.030740205198526382,0.03351354971528053,0.0,0.0,0.0,2.2402002811431885,0.013285455479159613,0.09747869318181818,0.8881957368417219,0.00030544,0.005,0.0,0.0,0.0,0.0,0.0,0.0,0.0,0.0,0.0,,0.0,0.0,0.0,0.0,0.0,0.0,0.0,0.0,0.0,0.0,0.0,0.0,0.0,0.0,0.0,0.0,0.0,0.0,0.0,,,,,0.0,,0.16381949186325073,,,,,,,0.0,{},{},0.0,0.0,0.0,0.0,0.0,0.0,0.0,0,0,0.0,0.0,,0.0
191,41756-1786688958442437800,41756,391168,1980,1486,72,422,0.7505050505050505,0.82,0.845,0.004702722653746605,0.045741379261016846,0.8517687320709229,0.3488355278968811,12,9,0,3,0.75,1.4166666666666667,1.8333333333333333,0.4166666666666667,0.7710990905761719,0.003662109375,0.008056640625,0.0025962628424167633,0.0034887695219367743,0.01025390625,1.025390625,-0.0035371091216802597,0.0,0.0,0.0,0.0,0.004702722653746605,0.013916015625,0.009577898716088384,0.6882149861844669,1.0,0.25415715674891753,-0.0253394634462893,0.028029352612793445,0.026126379147171974,0.001810008310712874,0.026313042268157005,0.027578191831707954,0.029680589213967323,0.03260919079184532,0.0,0.0,0.0,2.198664402961731,0.011808445764472708,0.0861328125,0.9269753813743591,0.000304416,0.005,0.0,0.0,0.0,0.0,0.0,0.0,0.0,0.0,0.0,,0.0,0.0,0.0,0.0,0.0,0.0,0.0,0.0,0.0,0.0,0.0,0.0,0.0,0.0,0.0,0.0,0.0,0.0,0.0,,,,,0.0,,0.16689541935920715,,,,,,,0.0,{},{},0.0,0.0,0.0,0.0,0.0,0.0,0.0,0,0,0.0,0.0,,0.0
192,41756-1786688958442437800,41756,393216,1990,1494,72,424,0.7507537688442211,0.82,0.84,0.0028579989448189735,0.045605894178152084,0.8095697164535522,0.32705822587013245,10,8,0,2,0.8,1.7,2.2,0.5,0.784339427947998,0.00341796875,0.006054687313735485,0.001284392667002976,0.003247070126235485,0.0055175782181322575,0.5517578125,-0.0037558595649898052,0.0,0.0,0.0,0.0,0.0028579989448189735,0.008935546968132257,0.0071875530120451,0.8042874991510622,1.0,0.4202808510248094,-0.025446656718850137,0.021687732078135014,0.0165548212826252,0.0025861116591840982,0.01831856556236744,0.021842803806066513,0.024812757968902588,0.025286782532930374,0.0,0.0,0.0,2.400950789451599,0.01282024676911533,0.092578125,0.8482158958911896,0.000303392,0.005,0.0,0.0,0.0,0.0,0.0,0.0,0.0,0.0,0.0,,0.0,0.0,0.0,0.0,0.0,0.0,0.0,0.0,0.0,0.0,0.0,0.0,0.0,0.0,0.0,0.0,0.0,0.0,0.0,,,,,0.0,,0.15188346803188324,,,,,,,0.0,{},{},0.0,0.0,0.0,0.0,0.0,0.0,0.0,0,0,0.0,0.0,,0.0
193,41756-1786688958442437800,41756,395264,1999,1502,72,425,0.751375687843922,0.86,0.835,0.00305999256670475,0.043202050030231476,0.7343170642852783,0.34852033853530884,9,8,0,1,0.8888888888888888,1.5555555555555556,1.8888888888888888,0.3333333333333333,0.7378487586975098,0.003662109375,0.005517578683793545,0.0012174730654805899,0.0027612303383648396,0.0068359375,0.68359375,-0.0038613283541053534,0.0,0.0,0.0,0.0,0.00305999256670475,0.010498046875,0.006512254534754902,0.6202710219593055,1.0,0.36777894222949203,-0.029343329412354666,0.03212094848806208,0.030137136578559875,0.001189595554023981,0.0302959606051445,0.03245995193719864,0.033450670540332794,0.03370651602745056,0.0,0.0,0.0,2.473830829967152,0.013585949189622294,0.10387073863636363,0.8066775311123241,0.00030236799999999996,0.005,0.0,0.0,0.0,0.0,0.0,0.0,0.0,0.0,0.0,,0.0,0.0,0.0,0.0,0.0,0.0,0.0,0.0,0.0,0.0,0.0,0.0,0.0,0.0,0.0,0.0,0.0,0.0,0.0,,,,,0.0,,0.17844486236572266,,,,,,,0.0,{},{},0.0,0.0,0.0,0.0,0.0,0.0,0.0,0,0,0.0,0.0,,0.0
194,41756-1786688958442437800,41756,397312,2014,1512,73,429,0.7507447864945382,0.78,0.815,0.00418431218713522,0.047923311591148376,0.8606740236282349,0.3809269070625305,15,10,1,4,0.6666666666666666,1.2666666666666666,1.7333333333333334,0.4666666666666667,0.698370635509491,0.00341796875,0.007861328311264515,0.002377689816057682,0.003229980356991291,0.00893554650247097,0.8935546875,-0.0036113280802965164,0.0,0.0,0.0,0.0,0.00418431218713522,0.01235351525247097,0.009263245854526758,0.7497862656063384,1.0,0.29230835904907165,-0.02517482926222411,0.04198817434636029,0.03852198272943497,0.0031499636825174093,0.038695625960826874,0.04143466055393219,0.046017490327358246,0.04845070838928223,0.0,0.0,0.0,2.342859051444314,0.014150591493076221,0.10014204545454546,0.7489197145808827,0.000301344,0.005,0.0,0.0,0.0,0.0,0.0,0.0,0.0,0.0,0.0,,0.0,0.0,0.0,0.0,0.0,0.0,0.0,0.0,0.0,0.0,0.0,0.0,0.0,0.0,0.0,0.0,0.0,0.0,0.0,,,,,0.0,,0.20920808613300323,,,,,,,0.0,{},{},0.0,0.0,0.0,0.0,0.0,0.0,0.0,0,0,0.0,0.0,,0.0
195,41756-1786688958442437800,41756,399360,2022,1520,73,429,0.751730959446093,0.82,0.825,0.003560671117156744,0.04523848369717598,0.7921534776687622,0.3188859224319458,8,8,0,0,1.0,2.25,2.625,0.375,0.5412609577178955,0.00390625,0.006591797340661287,0.0015336743090301752,0.002871093573048711,0.0074707032181322575,0.7470703125,-0.003765624947845936,0.0,0.0,0.0,0.0,0.003560671117156744,0.011376953218132257,0.007692989311181009,0.6761312130305848,1.0,0.33095802695382154,-0.020673114599453077,0.044649293853176966,0.03849954158067703,0.0035584259312599897,0.038819052278995514,0.04557556286454201,0.04810991883277893,0.04916701465845108,0.0,0.0,0.0,2.405201382107205,0.012877489938141985,0.10199652777777778,0.9125434226459928,0.00030032,0.005,0.0,0.0,0.0,0.0,0.0,0.0,0.0,0.0,0.0,,0.0,0.0,0.0,0.0,0.0,0.0,0.0,0.0,0.0,0.0,0.0,0.0,0.0,0.0,0.0,0.0,0.0,0.0,0.0,,,,,0.0,,0.2159823179244995,,,,,,,0.0,{},{},0.0,0.0,0.0,0.0,0.0,0.0,0.0,0,0,0.0,0.0,,0.0
196,41756-1786688958442437800,41756,401408,2036,1529,74,433,0.7509823182711198,0.74,0.81,0.003646927885711193,0.049390655010938644,0.788801908493042,0.41682544350624084,14,9,1,4,0.6428571428571429,1.3571428571428572,1.5714285714285714,0.21428571428571427,0.6234602928161621,0.0029296875,0.006884765811264515,0.0017863672692328691,0.0036010739859193563,0.00830078125,0.830078125,-0.003779296763241291,0.0,0.0,0.0,0.0,0.003646927885711193,0.01123046875,0.008231626125052571,0.7329073612970318,1.0,0.33649176678173026,-0.029058893354466327,0.06356899841473652,0.055612463504076004,0.00601592194288969,0.05744827911257744,0.061972733587026596,0.07160452753305435,0.07737049460411072,0.0,0.0,0.0,2.4874099034529467,0.017190658057538364,0.12890625,0.8317157855400672,0.000299296,0.005,0.0,0.0,0.0,0.0,0.0,0.0,0.0,0.0,0.0,,0.0,0.0,0.0,0.0,0.0,0.0,0.0,0.0,0.0,0.0,0.0,0.0,0.0,0.0,0.0,0.0,0.0,0.0,0.0,,,,,0.0,,0.2557758688926697,,,,,,,0.0,{},{},0.0,0.0,0.0,0.0,0.0,0.0,0.0,0,0,0.0,0.0,,0.0
197,41756-1786688958442437800,41756,403456,2044,1536,74,434,0.7514677103718199,0.76,0.82,0.003902361262589693,0.05216149240732193,0.6848270893096924,0.28840941190719604,8,7,0,1,0.875,1.625,2.5,0.875,0.542465090751648,0.003173828125,0.0072265625931322575,0.002339701633900404,0.004238280933350325,0.00844726525247097,0.8447265625,-0.003669921774417162,0.0,0.0,0.0,0.0,0.003902361262589693,0.01162109337747097,0.00887105823494494,0.763292631269095,1.0,0.31577114855497374,-0.023524417635053398,0.0364547498524189,0.03301230072975159,0.0024365494027733803,0.034341540187597275,0.03550078347325325,0.039545755833387375,0.04140317067503929,0.0,0.0,0.0,2.303856372833252,0.012256824603537098,0.0796875,0.8762146055698394,0.000298272,0.005,0.0,0.0,0.0,0.0,0.0,0.0,0.0,0.0,0.0,,0.0,0.0,0.0,0.0,0.0,0.0,0.0,0.0,0.0,0.0,0.0,0.0,0.0,0.0,0.0,0.0,0.0,0.0,0.0,,,,,0.0,,0.19508394598960876,,,,,,,0.0,{},{},0.0,0.0,0.0,0.0,0.0,0.0,0.0,0,0,0.0,0.0,,0.0
198,41756-1786688958442437800,41756,405504,2055,1544,75,436,0.751338199513382,0.76,0.825,0.002802648115903139,0.04222112149000168,0.7567848563194275,0.4024662971496582,11,8,1,2,0.7272727272727273,1.2727272727272727,1.8181818181818181,0.5454545454545454,0.769359290599823,0.0029296875,0.0055175782181322575,0.0013077136827632785,0.0026220702566206455,0.00634765625,0.634765625,-0.003796875011175871,0.0,0.0,0.0,0.0,0.002802648115903139,0.00927734375,0.0065000242029782385,0.7005586749227996,1.0,0.4092190495934009,-0.027553371580628056,0.03448912858342131,0.026947136968374252,0.005050195846706629,0.029095569625496864,0.03546606004238129,0.039068803191185,0.04508080706000328,0.0,0.0,0.0,2.423312703768412,0.01498930605885107,0.11458333333333333,0.7868688603242239,0.000297248,0.005,0.0,0.0,0.0,0.0,0.0,0.0,0.0,0.0,0.0,,0.0,0.0,0.0,0.0,0.0,0.0,0.0,0.0,0.0,0.0,0.0,0.0,0.0,0.0,0.0,0.0,0.0,0.0,0.0,,,,,0.0,,0.19328469038009644,,,,,,,0.0,{},{},0.0,0.0,0.0,0.0,0.0,0.0,0.0,0,0,0.0,0.0,,0.0
199,41756-1786688958442437800,41756,407552,2065,1551,75,439,0.751089588377724,0.76,0.815,0.0030154772102832794,0.04513421282172203,0.7330108880996704,0.32425588369369507,10,7,0,3,0.7,1.3,2.0,0.7,0.7547101378440857,0.002685546875,0.006152343936264515,0.0015262700617313385,0.0030346675775945187,0.0068359375,0.68359375,-0.0037597655318677425,0.0,0.0,0.0,0.0,0.0030154772102832794,0.009521484375,0.007292578346095979,0.7658272840270195,1.0,0.3948303177832983,-0.026153057093986055,0.023919193582101303,0.017825353890657425,0.0028476447332650423,0.020408814772963524,0.024783385917544365,0.027026444673538208,0.02742083929479122,0.0,0.0,0.0,2.4473806511272085,0.017190965892620046,0.12020596590909091,0.8804083033041521,0.000296224,0.005,0.0,0.0,0.0,0.0,0.0,0.0,0.0,0.0,0.0,,0.0,0.0,0.0,0.0,0.0,0.0,0.0,0.0,0.0,0.0,0.0,0.0,0.0,0.0,0.0,0.0,0.0,0.0,0.0,,,,,0.0,,0.16059339046478271,,,,,,,0.0,{},{},0.0,0.0,0.0,0.0,0.0,0.0,0.0,0,0,0.0,0.0,,0.0
200,41756-1786688958442437800,41756,409600,2075,1558,75,442,0.7508433734939759,0.74,0.805,0.002608636859804392,0.03991391509771347,0.8391781449317932,0.3972596526145935,10,7,0,3,0.7,1.3,1.6,0.3,0.7378981113433838,0.002685546875,0.005664062686264515,0.0011556779500097036,0.0029223631136119366,0.005664062686264515,0.56640625,-0.003921875264495611,0.0,0.0,0.0,0.0,0.002608636859804392,0.008349609561264515,0.006683572952169925,0.8003694704123906,1.0,0.46965137523466377,-0.023669315967708826,0.040499132465232505,0.035497792065143585,0.0026952989865094423,0.038622934371232986,0.040111295878887177,0.042097076773643494,0.04699694737792015,0.0,0.0,0.0,2.4658687981692227,0.013709948144175789,0.11150568181818182,0.8922404917803678,0.0002952,0.005,0.0,0.0,0.0,0.0,0.0,0.0,0.0,0.0,0.0,,0.0,0.0,0.0,0.0,0.0,0.0,0.0,0.0,0.0,0.0,0.0,0.0,0.0,0.0,0.0,0.0,0.0,0.0,0.0,,,,,0.0,,0.20338058471679688,,,,,,,0.0,{},{},0.0,0.0,0.0,0.0,0.0,0.0,0.0,0,0,0.0,0.0,,0.0
201,41756-1786688958442437800,41756,411648,2086,1566,75,445,0.75071907957814,0.74,0.8,0.0037132874131202698,0.043099887669086456,0.8024212718009949,0.2871118187904358,11,8,0,3,0.7272727272727273,1.4545454545454546,1.8181818181818181,0.36363636363636365,0.37209099531173706,0.003173828125,0.006787109654396772,0.0023014559410512447,0.0032446286641061306,0.00830078125,0.830078125,-0.0037148436531424522,0.0,0.0,0.0,0.0,0.0037132874131202698,0.011474609375,0.008173630805686116,0.7122611565615544,1.0,0.32371646086484646,-0.025061789392070336,0.04660023444078185,0.03794185072183609,0.005528664216399193,0.041495781391859055,0.044746968895196915,0.053309258073568344,0.058736395090818405,0.0,0.0,0.0,2.330174771222201,0.013954545683439144,0.10973011363636363,0.945531655441631,0.000294176,0.005,0.0,0.0,0.0,0.0,0.0,0.0,0.0,0.0,0.0,,0.0,0.0,0.0,0.0,0.0,0.0,0.0,0.0,0.0,0.0,0.0,0.0,0.0,0.0,0.0,0.0,0.0,0.0,0.0,,,,,0.0,,0.22750943899154663,,,,,,,0.0,{},{},0.0,0.0,0.0,0.0,0.0,0.0,0.0,0,0,0.0,0.0,,0.0
202,41756-1786688958442437800,41756,413696,2098,1576,75,447,0.7511916110581506,0.76,0.795,0.003291388740763068,0.05471741408109665,0.8097269535064697,0.4099397659301758,12,10,0,2,0.8333333333333334,1.5,1.9166666666666667,0.4166666666666667,0.7172939777374268,0.00439453125,0.0054687499068677425,0.0016797492280602455,0.005209960974752903,0.00634765625,0.634765625,-0.00367968762293458,0.0,0.0,0.0,0.0,0.003291388740763068,0.0107421875,0.00719117745757103,0.6693709346105177,1.0,0.34251358108890684,-0.019972259489198525,0.04710996854636404,0.04360147938132286,0.0027715684846043587,0.0436946339905262,0.047604165971279144,0.05008649080991745,0.05199280381202698,0.0,0.0,0.0,2.263827853732639,0.014109102524040887,0.09874131944444445,1.0370860364702013,0.000293152,0.005,0.0,0.0,0.0,0.0,0.0,0.0,0.0,0.0,0.0,,0.0,0.0,0.0,0.0,0.0,0.0,0.0,0.0,0.0,0.0,0.0,0.0,0.0,0.0,0.0,0.0,0.0,0.0,0.0,,,,,0.0,,0.21796540915966034,,,,,,,0.0,{},{},0.0,0.0,0.0,0.0,0.0,0.0,0.0,0,0,0.0,0.0,,0.0
203,41756-1786688958442437800,41756,415744,2106,1583,75,448,0.751661918328585,0.76,0.79,0.002702767960727215,0.03957120701670647,0.7476072311401367,0.26415887475013733,8,7,0,1,0.875,1.125,2.125,1.0,0.6879715919494629,0.003173828125,0.006005859933793545,0.0012104520574212074,0.002382812323048711,0.00537109375,0.537109375,-0.003874999936670065,0.0,0.0,0.0,0.0,0.002702767960727215,0.008544921875,0.006904176028911024,0.8078913111888265,1.0,0.4534326422999351,-0.025244403461163693,0.022152633490887554,0.019893361255526543,0.0015767881413921714,0.02064221352338791,0.021761402487754822,0.024278316646814346,0.02443576231598854,0.0,0.0,0.0,2.318899631500244,0.011948853270785714,0.08238636363636363,0.9317730936137113,0.000292128,0.005,0.0,0.0,0.0,0.0,0.0,0.0,0.0,0.0,0.0,,0.0,0.0,0.0,0.0,0.0,0.0,0.0,0.0,0.0,0.0,0.0,0.0,0.0,0.0,0.0,0.0,0.0,0.0,0.0,,,,,0.0,,0.14755785465240479,,,,,,,0.0,{},{},0.0,0.0,0.0,0.0,0.0,0.0,0.0,0,0,0.0,0.0,,0.0
204,41756-1786688958442437800,41756,417792,2120,1593,75,452,0.7514150943396226,0.76,0.78,0.003604825120419264,0.04814063012599945,0.8007763624191284,0.4066990911960602,14,10,0,4,0.7142857142857143,1.4285714285714286,1.7857142857142858,0.35714285714285715,0.7927632927894592,0.00390625,0.006396484561264515,0.0022517465986311436,0.004064940847456455,0.00732421875,0.732421875,-0.0037343751173466444,0.0,0.0,0.0,0.0,0.003604825120419264,0.01123046875,0.007975656422786415,0.7101169580146333,1.0,0.33249214332245236,-0.022336183488368987,0.032948488369584084,0.028125667944550514,0.002403560094535351,0.030322270467877388,0.032848719507455826,0.03617338836193085,0.03676794469356537,0.0,0.0,0.0,2.2869423151016237,0.010654615901876241,0.08359375,0.9362358391284943,0.00029110400000000004,0.005,0.0,0.0,0.0,0.0,0.0,0.0,0.0,0.0,0.0,,0.0,0.0,0.0,0.0,0.0,0.0,0.0,0.0,0.0,0.0,0.0,0.0,0.0,0.0,0.0,0.0,0.0,0.0,0.0,,,,,0.0,,0.18514268100261688,,,,,,,0.0,{},{},0.0,0.0,0.0,0.0,0.0,0.0,0.0,0,0,0.0,0.0,,0.0
205,41756-1786688958442437800,41756,419840,2127,1597,75,455,0.7508227550540668,0.76,0.77,0.0018419782863929868,0.03823146969079971,0.6400887966156006,0.29470038414001465,7,4,0,3,0.5714285714285714,1.1428571428571428,1.8571428571428572,0.7142857142857143,0.4837379455566406,0.001220703125,0.0048828125,0.0009742385591380298,0.002763671800494194,0.0048828125,0.48828125,-0.003910156432539225,0.0,0.0,0.0,0.0,0.0018419782863929868,0.006103515625,0.005817290089908056,0.9529486772192602,1.0,0.6405350846389593,-0.031020811615655057,0.04441376030445099,0.03772953897714615,0.0028687729500234127,0.040572281926870346,0.04518890753388405,0.04707188159227371,0.04742901399731636,0.0,0.0,0.0,2.368749343431913,0.014974866022105114,0.1122295673076923,0.8649970522293677,0.00029008,0.005,0.0,0.0,0.0,0.0,0.0,0.0,0.0,0.0,0.0,,0.0,0.0,0.0,0.0,0.0,0.0,0.0,0.0,0.0,0.0,0.0,0.0,0.0,0.0,0.0,0.0,0.0,0.0,0.0,,,,,0.0,,0.21174627542495728,,,,,,,0.0,{},{},0.0,0.0,0.0,0.0,0.0,0.0,0.0,0,0,0.0,0.0,,0.0
206,41756-1786688958442437800,41756,421888,2139,1604,76,459,0.7498831229546518,0.74,0.76,0.0029163574799895287,0.03979071229696274,0.8041520118713379,0.46191489696502686,12,7,1,4,0.5833333333333334,0.9166666666666666,1.1666666666666667,0.25,0.8371581435203552,0.001953125,0.00595703162252903,0.0014114375226199627,0.002907714806497097,0.00732421875,0.732421875,-0.003919921815395355,0.0,0.0,0.0,0.0,0.0029163574799895287,0.00927734375,0.007036819704808295,0.7584133434168459,1.0,0.42248077038483894,-0.021855059079825878,0.032480061392892494,0.026031211018562317,0.0027256819885224104,0.030842110514640808,0.03296918049454689,0.03630053251981735,0.036347001791000366,0.0,0.0,0.0,2.3463445793498647,0.012893683499317955,0.08860085227272728,0.860422199422663,0.000289056,0.005,0.0,0.0,0.0,0.0,0.0,0.0,0.0,0.0,0.0,,0.0,0.0,0.0,0.0,0.0,0.0,0.0,0.0,0.0,0.0,0.0,0.0,0.0,0.0,0.0,0.0,0.0,0.0,0.0,,,,,0.0,,0.18639962375164032,,,,,,,0.0,{},{},0.0,0.0,0.0,0.0,0.0,0.0,0.0,0,0,0.0,0.0,,0.0
207,41756-1786688958442437800,41756,423936,2147,1611,76,460,0.7503493246390313,0.72,0.765,0.003269470762461424,0.04229041188955307,0.7502881288528442,0.32570576667785645,8,7,0,1,0.875,1.875,2.375,0.5,0.693597674369812,0.003173828125,0.00629882887005806,0.0019575294572860003,0.0034887692891061306,0.0069824219681322575,0.6982421875,-0.0038085938431322575,0.0,0.0,0.0,0.0,0.003269470762461424,0.010156250093132257,0.007660403556656092,0.7541808547015706,1.0,0.37496308628921204,-0.027732825139537454,0.031020225025713444,0.02287774533033371,0.0042196353897452354,0.025940462946891785,0.03100094199180603,0.036387618631124496,0.03856148570775986,0.0,0.0,0.0,2.299256602923075,0.013580941723679038,0.09407552083333333,0.8295162916183472,0.000288032,0.005,0.0,0.0,0.0,0.0,0.0,0.0,0.0,0.0,0.0,,0.0,0.0,0.0,0.0,0.0,0.0,0.0,0.0,0.0,0.0,0.0,0.0,0.0,0.0,0.0,0.0,0.0,0.0,0.0,,,,,0.0,,0.18028993904590607,,,,,,,0.0,{},{},0.0,0.0,0.0,0.0,0.0,0.0,0.0,0,0,0.0,0.0,,0.0
208,41756-1786688958442437800,41756,425984,2159,1619,76,464,0.7498842056507642,0.7,0.75,0.003241840982809663,0.043500930070877075,0.7504065036773682,0.4879165589809418,12,8,0,4,0.6666666666666666,1.25,1.5,0.25,0.7701249122619629,0.0029296875,0.006103515625,0.001865290105342865,0.003403319977223873,0.00732421875,0.732421875,-0.0038652343209832907,0.0,0.0,0.0,0.0,0.003241840982809663,0.01025390625,0.0074206681456416845,0.7236212564733768,1.0,0.37691561743758417,-0.026327305043546054,0.04809314069839624,0.039570458233356476,0.006639593746513128,0.04093502089381218,0.04748605936765671,0.058485545217990875,0.06143854558467865,0.0,0.0,0.0,2.3610141460712137,0.01247003751520354,0.08743990384615384,0.9435293353520907,0.00028700800000000005,0.005,0.0,0.0,0.0,0.0,0.0,0.0,0.0,0.0,0.0,,0.0,0.0,0.0,0.0,0.0,0.0,0.0,0.0,0.0,0.0,0.0,0.0,0.0,0.0,0.0,0.0,0.0,0.0,0.0,,,,,0.0,,0.23393303155899048,,,,,,,0.0,{},{},0.0,0.0,0.0,0.0,0.0,0.0,0.0,0,0,0.0,0.0,,0.0
209,41756-1786688958442437800,41756,428032,2169,1627,77,465,0.7501152604887045,0.7,0.75,0.00424652174115181,0.05302862823009491,0.6489848494529724,0.49871283769607544,10,8,1,1,0.8,1.8,2.3,0.5,0.6922293305397034,0.003173828125,0.007617187686264515,0.0021934425458312035,0.0038842770736664534,0.009765625,0.9765625,-0.0037148436531424522,0.0,0.0,0.0,0.0,0.00424652174115181,0.012939453125,0.009136617591138929,0.7060508239458523,1.0,0.28707214633509615,-0.02408021307465705,0.07278566401113164,0.06560365855693817,0.005311327986419201,0.06637673825025558,0.07305514812469482,0.08085006475448608,0.08321629464626312,0.0,0.0,0.0,2.2184805653311988,0.012863338395783847,0.09712357954545454,0.8726039312102578,0.00028598400000000003,0.005,0.0,0.0,0.0,0.0,0.0,0.0,0.0,0.0,0.0,,0.0,0.0,0.0,0.0,0.0,0.0,0.0,0.0,0.0,0.0,0.0,0.0,0.0,0.0,0.0,0.0,0.0,0.0,0.0,,,,,0.0,,0.27667132019996643,,,,,,,0.0,{},{},0.0,0.0,0.0,0.0,0.0,0.0,0.0,0,0,0.0,0.0,,0.0
210,41756-1786688958442437800,41756,430080,2179,1634,77,468,0.7498852684717761,0.7,0.745,0.002694958820939064,0.039961785078048706,0.6798489689826965,0.37360823154449463,10,7,0,3,0.7,1.5,1.9,0.4,0.8451539874076843,0.002685546875,0.005517578683793545,0.0013907748507335782,0.0029882811941206455,0.00634765625,0.634765625,-0.0039042967837303877,0.0,0.0,0.0,0.0,0.002694958820939064,0.009033203125,0.006612342695007101,0.7319231816593786,1.0,0.4321683639065164,-0.025009803753346205,0.021421300061047078,0.017544923350214958,0.0020413228776305914,0.018887747079133987,0.02160101942718029,0.02338108979165554,0.02484123781323433,0.0,0.0,0.0,2.390638256072998,0.014490067347651348,0.1068359375,0.8681732416152954,0.00028496,0.005,0.0,0.0,0.0,0.0,0.0,0.0,0.0,0.0,0.0,,0.0,0.0,0.0,0.0,0.0,0.0,0.0,0.0,0.0,0.0,0.0,0.0,0.0,0.0,0.0,0.0,0.0,0.0,0.0,,,,,0.0,,0.14701662957668304,,,,,,,0.0,{},{},0.0,0.0,0.0,0.0,0.0,0.0,0.0,0,0,0.0,0.0,,0.0
211,41756-1786688958442437800,41756,432128,2190,1641,77,472,0.7493150684931507,0.72,0.735,0.0036682994104921818,0.043745119124650955,0.7535004615783691,0.3923596143722534,11,7,0,4,0.6363636363636364,1.3636363636363635,1.6363636363636365,0.2727272727272727,0.6022849082946777,0.00244140625,0.00732421875,0.0014639664441347122,0.0028735348023474216,0.0087890625,0.87890625,-0.003845703089609742,0.0,0.0,0.0,0.0,0.0036682994104921818,0.01123046875,0.008408594061620533,0.7486637989016828,1.0,0.3424042905884186,-0.015283179469406605,0.06184216681867838,0.056502580642700195,0.0038035304751247168,0.05737290158867836,0.06229831278324127,0.06609523296356201,0.067369744181633,0.0,0.0,0.0,2.2721703350543976,0.010693589931179304,0.078369140625,1.0214290246367455,0.000283936,0.005,0.0,0.0,0.0,0.0,0.0,0.0,0.0,0.0,0.0,,0.0,0.0,0.0,0.0,0.0,0.0,0.0,0.0,0.0,0.0,0.0,0.0,0.0,0.0,0.0,0.0,0.0,0.0,0.0,,,,,0.0,,0.24744024872779846,,,,,,,0.0,{},{},0.0,0.0,0.0,0.0,0.0,0.0,0.0,0,0,0.0,0.0,,0.0
212,41756-1786688958442437800,41756,434176,2204,1653,77,474,0.75,0.76,0.74,0.004148834850639105,0.05118444934487343,0.750390887260437,0.4536151587963104,14,12,0,2,0.8571428571428571,1.6428571428571428,1.9285714285714286,0.2857142857142857,0.8285053372383118,0.00537109375,0.006494141183793545,0.002545825904235244,0.0044360351748764515,0.00795898400247097,0.7958984375,-0.003646484576165676,0.0,0.0,0.0,0.0,0.004148834850639105,0.01333007775247097,0.008239606453571469,0.618075042885728,1.0,0.2735326163325231,-0.026559553962821763,0.03375685432304939,0.028036976233124733,0.0037536921445280313,0.029897522181272507,0.03325371444225311,0.03714513033628464,0.043060459196567535,0.0,0.0,0.0,2.031425585349401,0.013122042689550048,0.09147135416666667,0.8941544542709986,0.000282912,0.005,0.0,0.0,0.0,0.0,0.0,0.0,0.0,0.0,0.0,,0.0,0.0,0.0,0.0,0.0,0.0,0.0,0.0,0.0,0.0,0.0,0.0,0.0,0.0,0.0,0.0,0.0,0.0,0.0,,,,,0.0,,0.1878507137298584,,,,,,,0.0,{},{},0.0,0.0,0.0,0.0,0.0,0.0,0.0,0,0,0.0,0.0,,0.0
213,41756-1786688958442437800,41756,436224,2215,1663,77,475,0.7507900677200903,0.8,0.75,0.004588985815644264,0.052875980734825134,0.8582419157028198,0.42159080505371094,11,10,0,1,0.9090909090909091,1.4545454545454546,2.1818181818181817,0.7272727272727273,0.6372209191322327,0.004638671875,0.0077148438431322575,0.002494353335350752,0.003923339769244194,0.00942382775247097,0.9423828125,-0.0037148436531424522,0.0,0.0,0.0,0.0,0.004588985815644264,0.01406249962747097,0.009319267119280994,0.6626563349194522,1.0,0.26414788292709546,-0.022554176605560562,0.059176446361975235,0.05179879814386368,0.006135101430118084,0.05221171677112579,0.05831236019730568,0.0689130425453186,0.07189334183931351,0.0,0.0,0.0,2.0824430097233164,0.01164062767797573,0.07990056818181818,1.0488536195321516,0.00028188800000000005,0.005,0.0,0.0,0.0,0.0,0.0,0.0,0.0,0.0,0.0,,0.0,0.0,0.0,0.0,0.0,0.0,0.0,0.0,0.0,0.0,0.0,0.0,0.0,0.0,0.0,0.0,0.0,0.0,0.0,,,,,0.0,,0.2539289891719818,,,,,,,0.0,{},{},0.0,0.0,0.0,0.0,0.0,0.0,0.0,0,0,0.0,0.0,,0.0
214,41756-1786688958442437800,41756,438272,2224,1672,77,475,0.7517985611510791,0.84,0.76,0.002544936491176486,0.04062272980809212,0.7768151760101318,0.4336535334587097,9,9,0,0,1.0,1.2222222222222223,1.7777777777777777,0.5555555555555556,0.697137713432312,0.00439453125,0.005126953125,0.0010838808957487345,0.0023486327845603228,0.00439453125,0.439453125,-0.003931640647351742,0.0,0.0,0.0,0.0,0.002544936491176486,0.0087890625,0.005985081545077264,0.6808918076608972,1.0,0.44728244507382536,-0.020687259174883364,0.055963606014847754,0.04872843250632286,0.005194695666432381,0.05001109093427658,0.05604608356952667,0.06050331890583038,0.06813526898622513,0.0,0.0,0.0,2.085319185256958,0.011847227683756501,0.087109375,1.0168817698955537,0.000280864,0.005,0.0,0.0,0.0,0.0,0.0,0.0,0.0,0.0,0.0,,0.0,0.0,0.0,0.0,0.0,0.0,0.0,0.0,0.0,0.0,0.0,0.0,0.0,0.0,0.0,0.0,0.0,0.0,0.0,,,,,0.0,,0.23865224421024323,,,,,,,0.0,{},{},0.0,0.0,0.0,0.0,0.0,0.0,0.0,0,0,0.0,0.0,,0.0
215,41756-1786688958442437800,41756,440320,2236,1680,77,479,0.7513416815742398,0.82,0.755,0.004212255589663982,0.04484865069389343,0.8799103498458862,0.42254653573036194,12,8,0,4,0.6666666666666666,1.5833333333333333,1.75,0.16666666666666666,0.875671923160553,0.0029296875,0.00820312462747097,0.0023894160985946655,0.0031054685823619366,0.00927734375,0.927734375,-0.003767578164115548,0.0,0.0,0.0,0.0,0.004212255589663982,0.01220703125,0.00957684579771012,0.7844709438886898,1.0,0.30861472148636154,-0.021902836766093968,0.021650410257279873,0.018877508118748665,0.002107304986566305,0.0192861407995224,0.02128753624856472,0.02404659241437912,0.026076361536979675,0.0,0.0,0.0,2.0923160195350645,0.012907442677533253,0.090234375,0.9887521505355835,0.00027984,0.005,0.0,0.0,0.0,0.0,0.0,0.0,0.0,0.0,0.0,,0.0,0.0,0.0,0.0,0.0,0.0,0.0,0.0,0.0,0.0,0.0,0.0,0.0,0.0,0.0,0.0,0.0,0.0,0.0,,,,,0.0,,0.1489907056093216,,,,,,,0.0,{},{},0.0,0.0,0.0,0.0,0.0,0.0,0.0,0,0,0.0,0.0,,0.0
216,41756-1786688958442437800,41756,442368,2244,1687,78,479,0.7517825311942959,0.88,0.755,0.002404198981821537,0.038747578859329224,0.9432777166366577,0.4540758430957794,8,7,1,0,0.875,1.5,2.0,0.5,0.8076294660568237,0.0029296875,0.005322265438735485,0.0010404002387076616,0.002709960797801614,0.0050292969681322575,0.5029296875,-0.003912109415978193,0.0,0.0,0.0,0.0,0.002404198981821537,0.007958984468132257,0.006259855697862804,0.7864155668800729,1.0,0.49147199113770845,-0.01917949030175805,0.03887380212545395,0.03298109397292137,0.002948023611679673,0.035872600972652435,0.038741253316402435,0.0419594869017601,0.04375826194882393,0.0,0.0,0.0,2.2035842895507813,0.011050448752939701,0.073828125,0.9095230877399445,0.00027881600000000004,0.005,0.0,0.0,0.0,0.0,0.0,0.0,0.0,0.0,0.0,,0.0,0.0,0.0,0.0,0.0,0.0,0.0,0.0,0.0,0.0,0.0,0.0,0.0,0.0,0.0,0.0,0.0,0.0,0.0,,,,,0.0,,0.1991579532623291,,,,,,,0.0,{},{},0.0,0.0,0.0,0.0,0.0,0.0,0.0,0,0,0.0,0.0,,0.0
217,41756-1786688958442437800,41756,444416,2258,1699,79,480,0.7524357838795395,0.84,0.765,0.005794002674520016,0.04958929866552353,0.9102203249931335,0.5248818397521973,14,12,1,1,0.8571428571428571,1.4285714285714286,1.6428571428571428,0.21428571428571427,0.9338565468788147,0.005126953125,0.009521484375,0.002710639266297221,0.0036806557327508926,0.01186523400247097,1.1865234375,-0.003638671711087227,0.0,0.0,0.0,0.0,0.005794002674520016,0.01699218712747097,0.011119308124762028,0.6543391796578698,1.0,0.21412532468409037,-0.025527240708470345,0.017162702638994564,0.01318797655403614,0.002600731560960412,0.014236172661185265,0.018076669424772263,0.01947701722383499,0.02193402871489525,0.0,0.0,0.0,2.130179600282149,0.013032615063077008,0.09250710227272728,0.8642282323403792,0.00027779200000000007,0.005,0.0,0.0,0.0,0.0,0.0,0.0,0.0,0.0,0.0,,0.0,0.0,0.0,0.0,0.0,0.0,0.0,0.0,0.0,0.0,0.0,0.0,0.0,0.0,0.0,0.0,0.0,0.0,0.0,,,,,0.0,,0.13499104976654053,,,,,,,0.0,{},{},0.0,0.0,0.0,0.0,0.0,0.0,0.0,0,0,0.0,0.0,,0.0
218,41756-1786688958442437800,41756,446464,2266,1707,79,480,0.7533097969991174,0.86,0.78,0.0039184195920825005,0.04442818462848663,0.9450483918190002,0.3547605574131012,8,8,0,0,1.0,2.125,2.5,0.375,0.8385420441627502,0.00390625,0.007080078590661287,0.0017500758403912187,0.002912597730755806,0.00830078125,0.830078125,-0.00367968762293458,0.0,0.0,0.0,0.0,0.0039184195920825005,0.01220703125,0.008245746983448043,0.6754362611455507,1.0,0.30141531812793976,-0.03125663882551285,0.02043656030526528,0.017737798392772675,0.0015888436464592814,0.01813693903386593,0.020370401442050934,0.02259979397058487,0.023271694779396057,0.0,0.0,0.0,2.1461922572209287,0.013849205127021728,0.10276442307692307,0.8207653737985171,0.00027676800000000004,0.005,0.0,0.0,0.0,0.0,0.0,0.0,0.0,0.0,0.0,,0.0,0.0,0.0,0.0,0.0,0.0,0.0,0.0,0.0,0.0,0.0,0.0,0.0,0.0,0.0,0.0,0.0,0.0,0.0,,,,,0.0,,0.1425492763519287,,,,,,,0.0,{},{},0.0,0.0,0.0,0.0,0.0,0.0,0.0,0,0,0.0,0.0,,0.0
219,41756-1786688958442437800,41756,448512,2278,1719,79,480,0.7546093064091308,0.9,0.795,0.0035340311005711555,0.04575202986598015,1.067370891571045,0.5160505175590515,12,12,0,0,1.0,1.5,1.9166666666666667,0.4166666666666667,0.8474582433700562,0.005859375,0.005664062686264515,0.0019365869229659438,0.003579101525247097,0.005859375,0.5859375,-0.0037519531324505806,0.0,0.0,0.0,0.0,0.0035340311005711555,0.01171875,0.007042984798317775,0.6009500883822415,1.0,0.32013934874469,-0.027283320397449035,0.03653506639723977,0.030237937346100807,0.004382979590445757,0.03108689934015274,0.0363093726336956,0.04322117939591408,0.04545781761407852,0.0,0.0,0.0,2.2665618658065796,0.014218495562090538,0.09847005208333333,0.8940327763557434,0.000275744,0.005,0.0,0.0,0.0,0.0,0.0,0.0,0.0,0.0,0.0,,0.0,0.0,0.0,0.0,0.0,0.0,0.0,0.0,0.0,0.0,0.0,0.0,0.0,0.0,0.0,0.0,0.0,0.0,0.0,,,,,0.0,,0.20155175030231476,,,,,,,0.0,{},{},0.0,0.0,0.0,0.0,0.0,0.0,0.0,0,0,0.0,0.0,,0.0
220,41756-1786688958442437800,41756,450560,2287,1727,79,481,0.755137735024049,0.92,0.805,0.004308903589844704,0.04331662505865097,0.9891279339790344,0.3886687457561493,9,8,0,1,0.8888888888888888,1.5555555555555556,1.8888888888888888,0.3333333333333333,0.8945478796958923,0.003662109375,0.00791015662252903,0.0018380769761279225,0.002785644493997097,0.00942382775247097,0.9423828125,-0.0038125000428408384,0.0,0.0,0.0,0.0,0.004308903589844704,0.01308593712747097,0.009066086990060285,0.6927585042820705,1.0,0.29132103300458034,-0.027662332085045902,0.016261229376223953,0.014106400310993195,0.0011729532852768898,0.014344916678965092,0.016821132972836494,0.017133720219135284,0.017671113833785057,0.0,0.0,0.0,2.2153440822254526,0.0142010372788222,0.10671164772727272,0.9013508395715193,0.00027471999999999994,0.005,0.0,0.0,0.0,0.0,0.0,0.0,0.0,0.0,0.0,,0.0,0.0,0.0,0.0,0.0,0.0,0.0,0.0,0.0,0.0,0.0,0.0,0.0,0.0,0.0,0.0,0.0,0.0,0.0,,,,,0.0,,0.1262139081954956,,,,,,,0.0,{},{},0.0,0.0,0.0,0.0,0.0,0.0,0.0,0,0,0.0,0.0,,0.0
221,41756-1786688958442437800,41756,452608,2300,1738,79,483,0.7556521739130435,0.92,0.8,0.004636222030967474,0.04820699617266655,1.1039409637451172,0.49220380187034607,13,11,0,2,0.8461538461538461,1.5384615384615385,1.8461538461538463,0.3076923076923077,0.8527801036834717,0.0048828125,0.007617187686264515,0.0025003687478601933,0.003962402231991291,0.00927734375,0.927734375,-0.0036523437593132257,0.0,0.0,0.0,0.0,0.004636222030967474,0.01416015625,0.009232880431227386,0.651986339832059,1.0,0.25791282115916386,-0.023489239198776584,0.03574858078112205,0.02957591786980629,0.004945048596709967,0.03171679750084877,0.03477439284324646,0.039970189332962036,0.04946131631731987,0.0,0.0,0.0,2.1063065926233926,0.013968872420567399,0.0947265625,1.0266572684049606,0.000273696,0.005,0.0,0.0,0.0,0.0,0.0,0.0,0.0,0.0,0.0,,0.0,0.0,0.0,0.0,0.0,0.0,0.0,0.0,0.0,0.0,0.0,0.0,0.0,0.0,0.0,0.0,0.0,0.0,0.0,,,,,0.0,,0.1888548582792282,,,,,,,0.0,{},{},0.0,0.0,0.0,0.0,0.0,0.0,0.0,0,0,0.0,0.0,,0.0
222,41756-1786688958442437800,41756,454656,2310,1746,79,485,0.7558441558441559,0.9,0.81,0.0041234176605939865,0.05232086032629013,0.952016294002533,0.39787623286247253,10,8,0,2,0.8,1.9,2.2,0.3,0.7839169502258301,0.00341796875,0.00717773474752903,0.002876865677535534,0.004970702808350325,0.0087890625,0.87890625,-0.003623046912252903,0.0,0.0,0.0,0.0,0.0041234176605939865,0.01220703125,0.009139626869000494,0.7486569031350158,1.0,0.29677569118713576,-0.02857832025204386,0.03261133549468858,0.02280588634312153,0.005765583366155624,0.025510162115097046,0.0348028801381588,0.03901161625981331,0.039194103330373764,0.0,0.0,0.0,2.088074105126517,0.01606888694888247,0.12193080357142858,0.8240134034837995,0.000272672,0.005,0.0,0.0,0.0,0.0,0.0,0.0,0.0,0.0,0.0,,0.0,0.0,0.0,0.0,0.0,0.0,0.0,0.0,0.0,0.0,0.0,0.0,0.0,0.0,0.0,0.0,0.0,0.0,0.0,,,,,0.0,,0.18495170772075653,,,,,,,0.0,{},{},0.0,0.0,0.0,0.0,0.0,0.0,0.0,0,0,0.0,0.0,,0.0
223,41756-1786688958442437800,41756,456704,2321,1756,79,486,0.7565704437742352,0.88,0.815,0.0036381748504936695,0.04729026183485985,1.054595708847046,0.5108622312545776,11,10,0,1,0.9090909090909091,1.2727272727272727,2.0,0.7272727272727273,0.8264245986938477,0.004638671875,0.00634765625,0.0017350941197946668,0.003635253757238388,0.0068359375,0.68359375,-0.0037851561792194843,0.0,0.0,0.0,0.0,0.0036381748504936695,0.011474609375,0.007690243219258264,0.6701381136248605,1.0,0.3298435887392241,-0.028424083541792173,0.04307364099300825,0.034545768052339554,0.005185824353247881,0.03573869168758392,0.04288129508495331,0.047525640577077866,0.05490995943546295,0.0,0.0,0.0,2.1434012743142934,0.01520384000076984,0.10276442307692307,0.852167947934224,0.000271648,0.005,0.0,0.0,0.0,0.0,0.0,0.0,0.0,0.0,0.0,,0.0,0.0,0.0,0.0,0.0,0.0,0.0,0.0,0.0,0.0,0.0,0.0,0.0,0.0,0.0,0.0,0.0,0.0,0.0,,,,,0.0,,0.21283738315105438,,,,,,,0.0,{},{},0.0,0.0,0.0,0.0,0.0,0.0,0.0,0,0,0.0,0.0,,0.0
224,41756-1786688958442437800,41756,458752,2330,1764,79,487,0.7570815450643776,0.86,0.825,0.003847078885883093,0.045156028121709824,0.8859875202178955,0.5502703189849854,9,8,0,1,0.8888888888888888,1.8888888888888888,2.3333333333333335,0.4444444444444444,0.6941848993301392,0.003662109375,0.007373047061264515,0.0012911639641970396,0.003146972507238388,0.00830078125,0.830078125,-0.003859375137835741,0.0,0.0,0.0,0.0,0.003847078885883093,0.011962890625,0.008482581179123372,0.7090152731251146,1.0,0.32258529092293015,-0.017995801857776113,0.0884615605076154,0.07828761637210846,0.0075616780668497086,0.07876181602478027,0.08815360069274902,0.09493698179721832,0.10486891120672226,0.0,0.0,0.0,2.2690792878468833,0.010650272118962474,0.06336805555555555,0.8806699713071188,0.00027062399999999996,0.005,0.0,0.0,0.0,0.0,0.0,0.0,0.0,0.0,0.0,,0.0,0.0,0.0,0.0,0.0,0.0,0.0,0.0,0.0,0.0,0.0,0.0,0.0,0.0,0.0,0.0,0.0,0.0,0.0,,,,,0.0,,0.30430251359939575,,,,,,,0.0,{},{},0.0,0.0,0.0,0.0,0.0,0.0,0.0,0,0,0.0,0.0,,0.0
225,41756-1786688958442437800,41756,460800,2340,1772,81,487,0.7572649572649572,0.84,0.835,0.0028235898353159428,0.03935179114341736,1.0858078002929688,0.5333534479141235,10,8,2,0,0.8,1.4,1.7,0.3,0.8588799238204956,0.0029296875,0.005908203311264515,0.0009297060314565897,0.002336425706744194,0.00634765625,0.634765625,-0.003943359479308128,0.0,0.0,0.0,0.0,0.0028235898353159428,0.00927734375,0.006724736245814711,0.724777657199294,1.0,0.42500683155957963,-0.017068128825889692,0.04055863577458593,0.03290655091404915,0.004195698071271181,0.035659682005643845,0.040773846209049225,0.044852595776319504,0.048433758318424225,0.0,0.0,0.0,2.2686158551110163,0.012906594842206687,0.0915798611111111,1.002694567044576,0.0002696,0.005,0.0,0.0,0.0,0.0,0.0,0.0,0.0,0.0,0.0,,0.0,0.0,0.0,0.0,0.0,0.0,0.0,0.0,0.0,0.0,0.0,0.0,0.0,0.0,0.0,0.0,0.0,0.0,0.0,,,,,0.0,,0.2003592848777771,,,,,,,0.0,{},{},0.0,0.0,0.0,0.0,0.0,0.0,0.0,0,0,0.0,0.0,,0.0
226,41756-1786688958442437800,41756,462848,2353,1783,81,489,0.7577560560985975,0.88,0.845,0.004734031856060028,0.055324941873550415,0.8635320663452148,0.5350216031074524,13,11,0,2,0.8461538461538461,1.5384615384615385,2.0,0.46153846153846156,0.7617645263671875,0.0048828125,0.007128906436264515,0.0029235663823783398,0.005458984524011612,0.009765625,0.9765625,-0.003623046912252903,0.0,0.0,0.0,0.0,0.004734031856060028,0.0146484375,0.009224544162862003,0.6296858949609501,1.0,0.24731645240664724,-0.020883382624015213,0.06585451886057854,0.05782866105437279,0.005212813150137663,0.059306852519512177,0.0656435489654541,0.07271221280097961,0.07364548742771149,0.0,0.0,0.0,2.1298688888549804,0.01096849365858361,0.0744140625,0.920563566684723,0.000268576,0.005,0.0,0.0,0.0,0.0,0.0,0.0,0.0,0.0,0.0,,0.0,0.0,0.0,0.0,0.0,0.0,0.0,0.0,0.0,0.0,0.0,0.0,0.0,0.0,0.0,0.0,0.0,0.0,0.0,,,,,0.0,,0.2611406743526459,,,,,,,0.0,{},{},0.0,0.0,0.0,0.0,0.0,0.0,0.0,0,0,0.0,0.0,,0.0
227,41756-1786688958442437800,41756,464896,2368,1796,82,490,0.7584459459459459,0.86,0.85,0.004918958991765976,0.05432457849383354,0.8676141500473022,0.525465726852417,15,13,1,1,0.8666666666666667,1.5333333333333334,2.3333333333333335,0.8,0.8883412480354309,0.005615234375,0.00766601599752903,0.0024882336147129536,0.004956054501235485,0.009765625,0.9765625,-0.003615234512835741,0.0,0.0,0.0,0.0,0.004918958991765976,0.015380859375,0.00952708802651614,0.6193716763527582,1.0,0.2350323471758915,-0.025244617961685766,0.029838272793726486,0.021529674530029297,0.004261140711605549,0.024266423657536507,0.03007005713880062,0.034015800803899765,0.03741239011287689,0.0,0.0,0.0,2.2054031545465644,0.0123180727426767,0.09801136363636363,0.9279630292545665,0.000267552,0.005,0.0,0.0,0.0,0.0,0.0,0.0,0.0,0.0,0.0,,0.0,0.0,0.0,0.0,0.0,0.0,0.0,0.0,0.0,0.0,0.0,0.0,0.0,0.0,0.0,0.0,0.0,0.0,0.0,,,,,0.0,,0.17558635771274567,,,,,,,0.0,{},{},0.0,0.0,0.0,0.0,0.0,0.0,0.0,0,0,0.0,0.0,,0.0
228,41756-1786688958442437800,41756,466944,2376,1804,82,490,0.7592592592592593,0.88,0.865,0.0037018614821135998,0.04774395748972893,1.046970248222351,0.42525652050971985,8,8,0,0,1.0,1.875,2.375,0.5,0.8477022647857666,0.00390625,0.007128906436264515,0.0016768082277849317,0.003337401896715164,0.0074218749068677425,0.7421875,-0.003882812336087227,0.0,0.0,0.0,0.0,0.0037018614821135998,0.011328124906867743,0.008382458967389539,0.7399034820693056,1.0,0.342728354396857,-0.028347898059739515,0.026868602117666833,0.020808622241020203,0.003147855633869767,0.022838905453681946,0.027293715626001358,0.030878106132149696,0.0320562981069088,0.0,0.0,0.0,2.25597673196059,0.01616891226820791,0.11268028846153846,0.9037457979642428,0.000266528,0.005,0.0,0.0,0.0,0.0,0.0,0.0,0.0,0.0,0.0,,0.0,0.0,0.0,0.0,0.0,0.0,0.0,0.0,0.0,0.0,0.0,0.0,0.0,0.0,0.0,0.0,0.0,0.0,0.0,,,,,0.0,,0.16595779359340668,,,,,,,0.0,{},{},0.0,0.0,0.0,0.0,0.0,0.0,0.0,0,0,0.0,0.0,,0.0
229,41756-1786688958442437800,41756,468992,2385,1810,82,493,0.7589098532494759,0.86,0.86,0.0013271550415083766,0.03400493413209915,1.022031545639038,0.557920515537262,9,6,0,3,0.6666666666666666,1.2222222222222223,1.4444444444444444,0.2222222222222222,0.7914267778396606,0.002197265625,0.0042968750931322575,0.0006368950707837939,0.0027563476469367743,0.00244140625,0.244140625,-0.004070312716066837,0.0,0.0,0.0,0.0,0.0013271550415083766,0.004638671875,0.0051451857725623995,1.1089546655844924,1.0,0.8772846066979332,-0.02930235816165805,0.06460910104215145,0.053774334490299225,0.006320313550531864,0.05650895833969116,0.0645727813243866,0.07343423366546631,0.07701931893825531,0.0,0.0,0.0,2.415831140109471,0.01510107449264199,0.1162109375,0.8697703778743744,0.00026550399999999996,0.005,0.0,0.0,0.0,0.0,0.0,0.0,0.0,0.0,0.0,,0.0,0.0,0.0,0.0,0.0,0.0,0.0,0.0,0.0,0.0,0.0,0.0,0.0,0.0,0.0,0.0,0.0,0.0,0.0,,,,,0.0,,0.25480127334594727,,,,,,,0.0,{},{},0.0,0.0,0.0,0.0,0.0,0.0,0.0,0,0,0.0,0.0,,0.0
230,41756-1786688958442437800,41756,471040,2397,1817,83,497,0.7580308719232374,0.78,0.855,0.00397529685869813,0.04812159389257431,1.0076241493225098,0.5351394414901733,12,7,1,4,0.5833333333333334,1.0833333333333333,1.5833333333333333,0.5,0.8428159952163696,0.001953125,0.007519531529396772,0.0025586888659745455,0.0035620112903416157,0.009765625,0.9765625,-0.0036914062220603228,0.0,0.0,0.0,0.0,0.00397529685869813,0.01171875,0.009049706568475813,0.7721757348472291,1.0,0.31497311990958193,-0.021270961686968803,0.04468233473598957,0.03921410068869591,0.00394799467176199,0.0404585599899292,0.04488471895456314,0.0501076877117157,0.05136585235595703,0.0,0.0,0.0,2.156371331214905,0.011176703442470171,0.0841796875,0.8438344895839691,0.00026448,0.005,0.0,0.0,0.0,0.0,0.0,0.0,0.0,0.0,0.0,,0.0,0.0,0.0,0.0,0.0,0.0,0.0,0.0,0.0,0.0,0.0,0.0,0.0,0.0,0.0,0.0,0.0,0.0,0.0,,,,,0.0,,0.21216373145580292,,,,,,,0.0,{},{},0.0,0.0,0.0,0.0,0.0,0.0,0.0,0,0,0.0,0.0,,0.0
231,41756-1786688958442437800,41756,473088,2405,1825,83,497,0.7588357588357588,0.8,0.855,0.0034817280247807503,0.039292577654123306,1.102747917175293,0.45194125175476074,8,8,0,0,1.0,1.75,2.125,0.375,0.8198208808898926,0.00390625,0.006152343936264515,0.0011374622117727995,0.002336425706744194,0.0078125,0.78125,-0.003931640647351742,0.0,0.0,0.0,0.0,0.0034817280247807503,0.01171875,0.007020815915893763,0.5990585051638272,1.0,0.33547137501668056,-0.029903078551537225,0.0343598671523588,0.028206096962094307,0.00325493304990232,0.030102528631687164,0.034227363765239716,0.03859502822160721,0.0386812724173069,0.0,0.0,0.0,2.3253240755626132,0.012244378794483575,0.09793526785714286,0.8362074536936623,0.000263456,0.005,0.0,0.0,0.0,0.0,0.0,0.0,0.0,0.0,0.0,,0.0,0.0,0.0,0.0,0.0,0.0,0.0,0.0,0.0,0.0,0.0,0.0,0.0,0.0,0.0,0.0,0.0,0.0,0.0,,,,,0.0,,0.19183780252933502,,,,,,,0.0,{},{},0.0,0.0,0.0,0.0,0.0,0.0,0.0,0,0,0.0,0.0,,0.0
232,41756-1786688958442437800,41756,475136,2417,1831,83,503,0.7575506826644601,0.72,0.83,0.0018453190568834543,0.03597396984696388,0.9961769580841064,0.5067422986030579,12,6,0,6,0.5,0.9166666666666666,1.0,0.08333333333333333,0.7203001976013184,0.00146484375,0.005322265438735485,0.0008372103329747915,0.002109374850988388,0.00439453125,0.439453125,-0.0040039061568677425,0.0,0.0,0.0,0.0,0.0018453190568834543,0.005859375,0.00605891173472628,1.0338778209118495,1.0,0.683216715119381,-0.02414131482752661,0.06054579187184572,0.045938074588775635,0.008954048156738281,0.04870600253343582,0.06186264008283615,0.07140959799289703,0.07946226000785828,0.0,0.0,0.0,2.416556497414907,0.013885656672452265,0.1005859375,1.0458436359961827,0.000262432,0.005,0.0,0.0,0.0,0.0,0.0,0.0,0.0,0.0,0.0,,0.0,0.0,0.0,0.0,0.0,0.0,0.0,0.0,0.0,0.0,0.0,0.0,0.0,0.0,0.0,0.0,0.0,0.0,0.0,,,,,0.0,,0.2679990530014038,,,,,,,0.0,{},{},0.0,0.0,0.0,0.0,0.0,0.0,0.0,0,0,0.0,0.0,,0.0
233,41756-1786688958442437800,41756,477184,2425,1838,84,503,0.7579381443298969,0.7,0.825,0.002410784363746643,0.041796423494815826,1.0950562953948975,0.5510812401771545,8,7,1,0,0.875,1.5,2.0,0.5,0.7723128795623779,0.0029296875,0.0049804686568677425,0.0011314781149849296,0.003217773512005806,0.00537109375,0.537109375,-0.004023437388241291,0.0,0.0,0.0,0.0,0.002410784363746643,0.00830078125,0.006067781563615426,0.7309011621590761,1.0,0.48464748312192535,-0.02671048021875322,0.06702129271897403,0.0577821210026741,0.00688154948875308,0.05999019742012024,0.06567184627056122,0.0723075196146965,0.08360245078802109,0.0,0.0,0.0,2.418103499846025,0.010991280882576988,0.07439630681818182,0.9503249634395946,0.000261408,0.005,0.0,0.0,0.0,0.0,0.0,0.0,0.0,0.0,0.0,,0.0,0.0,0.0,0.0,0.0,0.0,0.0,0.0,0.0,0.0,0.0,0.0,0.0,0.0,0.0,0.0,0.0,0.0,0.0,,,,,0.0,,0.26295706629753113,,,,,,,0.0,{},{},0.0,0.0,0.0,0.0,0.0,0.0,0.0,0,0,0.0,0.0,,0.0
234,41756-1786688958442437800,41756,479232,2438,1848,85,505,0.7579983593109105,0.74,0.835,0.0037050433456897736,0.04756049066781998,0.9853343963623047,0.5108736157417297,13,10,1,2,0.7692307692307693,1.3846153846153846,1.7692307692307692,0.38461538461538464,0.6466858386993408,0.00390625,0.006640625186264515,0.0021274881437420845,0.00332031212747097,0.0078125,0.78125,-0.003820312675088644,0.0,0.0,0.0,0.0,0.0037050433456897736,0.01171875,0.008002575254067779,0.6828281536780033,1.0,0.32597219864661314,-0.02922579682698207,0.08582059826169695,0.07439617812633514,0.006219215225428343,0.07676879316568375,0.08697482943534851,0.09350500255823135,0.09456747025251389,0.0,0.0,0.0,2.3290991612843106,0.014719676195194811,0.10993303571428571,1.0468545854091644,0.000260384,0.005,0.0,0.0,0.0,0.0,0.0,0.0,0.0,0.0,0.0,,0.0,0.0,0.0,0.0,0.0,0.0,0.0,0.0,0.0,0.0,0.0,0.0,0.0,0.0,0.0,0.0,0.0,0.0,0.0,,,,,0.0,,0.30366450548171997,,,,,,,0.0,{},{},0.0,0.0,0.0,0.0,0.0,0.0,0.0,0,0,0.0,0.0,,0.0
235,41756-1786688958442437800,41756,481280,2445,1854,85,506,0.758282208588957,0.76,0.83,0.00240499759092927,0.04184103012084961,1.0091853141784668,0.46951794624328613,7,6,0,1,0.8571428571428571,1.4285714285714286,2.0,0.5714285714285714,0.8130438327789307,0.002685546875,0.00537109375,0.0007712584920227528,0.003261718899011612,0.00537109375,0.537109375,-0.004023437388241291,0.0,0.0,0.0,0.0,0.00240499759092927,0.008056640625,0.006379338097758591,0.7917129088589244,1.0,0.4993319478356968,-0.033774780708232095,0.03936543209212167,0.03402486816048622,0.003974717576056719,0.03583207353949547,0.03791111707687378,0.043662119656801224,0.04914626479148865,0.0,0.0,0.0,2.469544427735465,0.015650872760618637,0.11872209821428571,0.9062283294541496,0.00025936000000000004,0.005,0.0,0.0,0.0,0.0,0.0,0.0,0.0,0.0,0.0,,0.0,0.0,0.0,0.0,0.0,0.0,0.0,0.0,0.0,0.0,0.0,0.0,0.0,0.0,0.0,0.0,0.0,0.0,0.0,,,,,0.0,,0.20301218330860138,,,,,,,0.0,{},{},0.0,0.0,0.0,0.0,0.0,0.0,0.0,0,0,0.0,0.0,,0.0
236,41756-1786688958442437800,41756,483328,2458,1865,85,508,0.758746948738812,0.76,0.83,0.003074962878599763,0.04214203730225563,1.0474441051483154,0.5519801378250122,13,11,0,2,0.8461538461538461,1.0769230769230769,1.4615384615384615,0.38461538461538464,0.8677463531494141,0.0048828125,0.005078124813735485,0.0015552151016891003,0.0029614258091896772,0.005859375,0.5859375,-0.0038730469532310963,0.0,0.0,0.0,0.0,0.003074962878599763,0.0107421875,0.0062072850414551795,0.5777880206833568,1.0,0.36051190144741463,-0.0304060594107096,0.03991962826022735,0.032485995441675186,0.0051610106602311134,0.033877722918987274,0.03947778791189194,0.04555238410830498,0.050263457000255585,0.0,0.0,0.0,2.341725569504958,0.01337570508565897,0.10201322115384616,0.8482139706611633,0.000258336,0.005,0.0,0.0,0.0,0.0,0.0,0.0,0.0,0.0,0.0,,0.0,0.0,0.0,0.0,0.0,0.0,0.0,0.0,0.0,0.0,0.0,0.0,0.0,0.0,0.0,0.0,0.0,0.0,0.0,,,,,0.0,,0.20073692500591278,,,,,,,0.0,{},{},0.0,0.0,0.0,0.0,0.0,0.0,0.0,0,0,0.0,0.0,,0.0
237,41756-1786688958442437800,41756,485376,2466,1869,85,512,0.7579075425790754,0.76,0.81,0.0016832305118441582,0.03665953874588013,0.9200659990310669,0.3832939863204956,8,4,0,4,0.5,1.0,1.625,0.625,0.7629776000976562,0.0009765625,0.004833984188735485,0.0006195071619004011,0.0022045900113880634,0.0048828125,0.48828125,-0.004023437388241291,0.0,0.0,0.0,0.0,0.0016832305118441582,0.005859375,0.005540008482057601,0.9453334440300495,1.0,0.6865494764825273,-0.026639869436621666,0.033214931122281334,0.0285611804574728,0.002571727382019162,0.030948029831051826,0.03309454768896103,0.03619313985109329,0.03869904577732086,0.0,0.0,0.0,2.480065952647816,0.012288729088719596,0.08380681818181818,0.8485155972567472,0.000257312,0.005,0.0,0.0,0.0,0.0,0.0,0.0,0.0,0.0,0.0,,0.0,0.0,0.0,0.0,0.0,0.0,0.0,0.0,0.0,0.0,0.0,0.0,0.0,0.0,0.0,0.0,0.0,0.0,0.0,,,,,0.0,,0.18660645186901093,,,,,,,0.0,{},{},0.0,0.0,0.0,0.0,0.0,0.0,0.0,0,0,0.0,0.0,,0.0
238,41756-1786688958442437800,41756,487424,2477,1879,85,513,0.7585789261203069,0.8,0.805,0.003340919967740774,0.03863593190908432,1.144484281539917,0.7468137741088867,11,10,0,1,0.9090909090909091,1.3636363636363635,1.5454545454545454,0.18181818181818182,0.7307421565055847,0.004638671875,0.006054687779396772,0.0015150450635701418,0.002358398400247097,0.00634765625,0.634765625,-0.003939453046768904,0.0,0.0,0.0,0.0,0.003340919967740774,0.010986328125,0.007023048645351082,0.6391953134967545,1.0,0.35854513508204744,-0.027093514134841307,0.13540101583514894,0.11608506739139557,0.012532029300928116,0.12096625566482544,0.13224059343338013,0.1525179147720337,0.1562354862689972,0.0,0.0,0.0,2.347297498158046,0.01400750078443837,0.11202566964285714,1.1022257847445351,0.00025628799999999997,0.005,0.0,0.0,0.0,0.0,0.0,0.0,0.0,0.0,0.0,,0.0,0.0,0.0,0.0,0.0,0.0,0.0,0.0,0.0,0.0,0.0,0.0,0.0,0.0,0.0,0.0,0.0,0.0,0.0,,,,,0.0,,0.3875221312046051,,,,,,,0.0,{},{},0.0,0.0,0.0,0.0,0.0,0.0,0.0,0,0,0.0,0.0,,0.0
239,41756-1786688958442437800,41756,489472,2487,1885,87,515,0.7579412947326095,0.76,0.79,0.0031116625759750605,0.050673797726631165,0.7001454830169678,0.6235636472702026,10,6,2,2,0.6,0.8,1.5,0.7,0.7830148935317993,0.00146484375,0.0064941407181322575,0.0023131966590881348,0.004199218470603228,0.0074707032181322575,0.7470703125,-0.0037851561792194843,0.0,0.0,0.0,0.0,0.0031116625759750605,0.008935546968132257,0.008122244500555098,0.908879517952408,1.0,0.42355914344962975,-0.029193688434763596,0.0823386489198758,0.07170826941728592,0.007967660203576088,0.07218858599662781,0.08202405273914337,0.09367332607507706,0.09536856412887573,0.0,0.0,0.0,2.310696638547457,0.013334027872098466,0.08939302884615384,0.8839879998793969,0.000255264,0.005,0.0,0.0,0.0,0.0,0.0,0.0,0.0,0.0,0.0,,0.0,0.0,0.0,0.0,0.0,0.0,0.0,0.0,0.0,0.0,0.0,0.0,0.0,0.0,0.0,0.0,0.0,0.0,0.0,,,,,0.0,,0.29046630859375,,,,,,,0.0,{},{},0.0,0.0,0.0,0.0,0.0,0.0,0.0,0,0,0.0,0.0,,0.0
240,41756-1786688958442437800,41756,491520,2497,1894,88,515,0.7585102122547056,0.76,0.795,0.003962020389735699,0.04712307080626488,0.8059074878692627,0.4679550528526306,10,9,1,0,0.9,2.1,2.4,0.3,0.8578100204467773,0.00390625,0.0072265625931322575,0.002098802011460066,0.00362548790872097,0.00830078125,0.830078125,-0.0038183594588190317,0.0,0.0,0.0,0.0,0.003962020389735699,0.01220703125,0.008657635073177516,0.7091753695484287,1.0,0.31277438438888594,-0.02386655311354182,0.030159386213530193,0.024374045431613922,0.003926896024495363,0.026080774143338203,0.02928052842617035,0.03486256301403046,0.036904677748680115,0.0,0.0,0.0,2.275595643303611,0.01227019239873202,0.08025568181818182,0.8387103460051797,0.00025424000000000003,0.005,0.0,0.0,0.0,0.0,0.0,0.0,0.0,0.0,0.0,,0.0,0.0,0.0,0.0,0.0,0.0,0.0,0.0,0.0,0.0,0.0,0.0,0.0,0.0,0.0,0.0,0.0,0.0,0.0,,,,,0.0,,0.17645691335201263,,,,,,,0.0,{},{},0.0,0.0,0.0,0.0,0.0,0.0,0.0,0,0,0.0,0.0,,0.0
241,41756-1786688958442437800,41756,493568,2508,1902,88,518,0.7583732057416268,0.74,0.79,0.0034782839938998222,0.04615267366170883,1.0271661281585693,0.5329704880714417,11,8,0,3,0.7272727272727273,1.3636363636363635,1.6363636363636365,0.2727272727272727,0.8318597078323364,0.003173828125,0.00634765625,0.0018127082148566842,0.0036230464465916157,0.0078125,0.78125,-0.003806640626862645,0.0,0.0,0.0,0.0,0.0034782839938998222,0.010986328125,0.007706594915362075,0.701407551288733,1.0,0.3464573537401883,-0.022044200263917447,0.04742829129099846,0.04048888385295868,0.004069353919476271,0.0423617884516716,0.047779060900211334,0.05141816660761833,0.054568998515605927,0.0,0.0,0.0,2.3980548620224,0.014912687009200454,0.07890625,0.914875465631485,0.000253216,0.005,0.0,0.0,0.0,0.0,0.0,0.0,0.0,0.0,0.0,,0.0,0.0,0.0,0.0,0.0,0.0,0.0,0.0,0.0,0.0,0.0,0.0,0.0,0.0,0.0,0.0,0.0,0.0,0.0,,,,,0.0,,0.21854408085346222,,,,,,,0.0,{},{},0.0,0.0,0.0,0.0,0.0,0.0,0.0,0,0,0.0,0.0,,0.0
242,41756-1786688958442437800,41756,495616,2521,1913,88,520,0.7588258627528759,0.8,0.785,0.0047234767116606236,0.050010524690151215,1.009631872177124,0.49293214082717896,13,11,0,2,0.8461538461538461,1.6153846153846154,2.076923076923077,0.46153846153846156,0.8483376502990723,0.0048828125,0.007763671688735485,0.0025710684712976217,0.0037499999161809683,0.009765625,0.9765625,-0.003679687390103936,0.0,0.0,0.0,0.0,0.0047234767116606236,0.0146484375,0.009343938785605133,0.6378360114922592,1.0,0.25118284508220445,-0.02996650882638418,0.03539863544014784,0.028033163398504257,0.0036126284394413233,0.030697457492351532,0.035614483058452606,0.038768403232097626,0.043242618441581726,0.0,0.0,0.0,2.203822667782123,0.014563581724919809,0.115234375,0.8773409494986901,0.000252192,0.005,0.0,0.0,0.0,0.0,0.0,0.0,0.0,0.0,0.0,,0.0,0.0,0.0,0.0,0.0,0.0,0.0,0.0,0.0,0.0,0.0,0.0,0.0,0.0,0.0,0.0,0.0,0.0,0.0,,,,,0.0,,0.19196677207946777,,,,,,,0.0,{},{},0.0,0.0,0.0,0.0,0.0,0.0,0.0,0,0,0.0,0.0,,0.0
243,41756-1786688958442437800,41756,497664,2532,1921,88,523,0.7586887835703001,0.76,0.78,0.003364434465765953,0.04331888630986214,0.9678928256034851,0.4333406090736389,11,8,0,3,0.7272727272727273,1.3636363636363635,1.9090909090909092,0.5454545454545454,0.7661539912223816,0.003173828125,0.006640625186264515,0.0017252221005037427,0.0032250976655632257,0.00732421875,0.732421875,-0.003884765785187483,0.0,0.0,0.0,0.0,0.003364434465765953,0.010498046875,0.007878205127781257,0.7503733645137438,1.0,0.3700112811609371,-0.0250361580401659,0.04312353242527355,0.03671327233314514,0.003392856102436781,0.03981754928827286,0.042546577751636505,0.045410290360450745,0.05071339011192322,0.0,0.0,0.0,2.4339273192665796,0.011230608085911213,0.08362926136363637,0.8605075370181691,0.000251168,0.005,0.0,0.0,0.0,0.0,0.0,0.0,0.0,0.0,0.0,,0.0,0.0,0.0,0.0,0.0,0.0,0.0,0.0,0.0,0.0,0.0,0.0,0.0,0.0,0.0,0.0,0.0,0.0,0.0,,,,,0.0,,0.20955322682857513,,,,,,,0.0,{},{},0.0,0.0,0.0,0.0,0.0,0.0,0.0,0,0,0.0,0.0,,0.0
244,41756-1786688958442437800,41756,499712,2545,1931,88,526,0.7587426326129666,0.76,0.775,0.004671333357691765,0.04812105745077133,1.214403748512268,0.5177424550056458,13,10,0,3,0.7692307692307693,1.5384615384615385,1.7692307692307692,0.23076923076923078,0.8718792796134949,0.004150390625,0.007763671688735485,0.0028345368336886168,0.004240722395479679,0.00991210900247097,0.9912109375,-0.0036640625912696123,0.0,0.0,0.0,0.0,0.004671333357691765,0.01406249962747097,0.009532486496027559,0.6778175239829534,1.0,0.2605370418691808,-0.025112659120085565,0.03177663717757572,0.026386622339487076,0.0038531143218278885,0.027252770960330963,0.031579770147800446,0.03775229677557945,0.03917507082223892,0.0,0.0,0.0,2.286790305917913,0.010104544571897184,0.06463068181818182,0.8716273687102578,0.00025014400000000005,0.005,0.0,0.0,0.0,0.0,0.0,0.0,0.0,0.0,0.0,,0.0,0.0,0.0,0.0,0.0,0.0,0.0,0.0,0.0,0.0,0.0,0.0,0.0,0.0,0.0,0.0,0.0,0.0,0.0,,,,,0.0,,0.18532051146030426,,,,,,,0.0,{},{},0.0,0.0,0.0,0.0,0.0,0.0,0.0,0,0,0.0,0.0,,0.0
245,41756-1786688958442437800,41756,501760,2558,1944,88,526,0.7599687255668491,0.84,0.78,0.005713470280170441,0.05623406544327736,0.9840638637542725,0.5098266005516052,13,13,0,0,1.0,1.8461538461538463,2.3846153846153846,0.5384615384615384,0.9165868163108826,0.00634765625,0.008447266183793545,0.0033162343315780163,0.004707030951976776,0.01123046875,1.123046875,-0.0035468749701976776,0.0,0.0,0.0,0.0,0.005713470280170441,0.017578125,0.010453082504682243,0.5946304212912896,1.0,0.20176629782185845,-0.0275932513953497,0.020269814257820446,0.017436228692531586,0.001506119966506958,0.017877278849482536,0.020714519545435905,0.021820595487952232,0.022149428725242615,0.0,0.0,0.0,2.244138777256012,0.012666769337859781,0.0869140625,0.7798842042684555,0.00024912000000000003,0.005,0.0,0.0,0.0,0.0,0.0,0.0,0.0,0.0,0.0,,0.0,0.0,0.0,0.0,0.0,0.0,0.0,0.0,0.0,0.0,0.0,0.0,0.0,0.0,0.0,0.0,0.0,0.0,0.0,,,,,0.0,,0.14724478125572205,,,,,,,0.0,{},{},0.0,0.0,0.0,0.0,0.0,0.0,0.0,0,0,0.0,0.0,,0.0
246,41756-1786688958442437800,41756,503808,2569,1954,88,527,0.7606072401712729,0.86,0.785,0.00437680259346962,0.0472017303109169,1.076073408126831,0.5534794926643372,11,10,0,1,0.9090909090909091,1.8181818181818181,2.272727272727273,0.45454545454545453,0.8878228068351746,0.004638671875,0.007373047061264515,0.0025062148924916983,0.003996581770479679,0.0087890625,0.87890625,-0.0037656251806765795,0.0,0.0,0.0,0.0,0.00437680259346962,0.013427734375,0.00899874622700736,0.6701112685466578,1.0,0.28041549378524955,-0.024083528853952884,0.030751165933907032,0.026163123548030853,0.0028778156265616417,0.027665235102176666,0.030774656683206558,0.035052213817834854,0.03584600239992142,0.0,0.0,0.0,2.329534387588501,0.009682173817418515,0.07421875,0.8878067910671235,0.000248096,0.005,0.0,0.0,0.0,0.0,0.0,0.0,0.0,0.0,0.0,,0.0,0.0,0.0,0.0,0.0,0.0,0.0,0.0,0.0,0.0,0.0,0.0,0.0,0.0,0.0,0.0,0.0,0.0,0.0,,,,,0.0,,0.1853761523962021,,,,,,,0.0,{},{},0.0,0.0,0.0,0.0,0.0,0.0,0.0,0,0,0.0,0.0,,0.0
247,41756-1786688958442437800,41756,505856,2579,1962,88,529,0.7607599844901124,0.84,0.78,0.0045596882700920105,0.04774140566587448,0.9700360298156738,0.4769518971443176,10,8,0,2,0.8,2.0,2.3,0.3,0.646601676940918,0.00341796875,0.00815429724752903,0.0019446415826678276,0.003041991963982582,0.0107421875,1.07421875,-0.003874999936670065,0.0,0.0,0.0,0.0,0.0045596882700920105,0.01416015625,0.009400955634191632,0.663855088400118,1.0,0.2736358435894008,-0.02500809678951135,0.07604331523180008,0.06505319476127625,0.006966675631701946,0.06678730249404907,0.07635891437530518,0.08330097049474716,0.0873444527387619,0.0,0.0,0.0,2.356164730512179,0.012499657423736958,0.07557091346153846,0.8673172363868127,0.00024707200000000004,0.005,0.0,0.0,0.0,0.0,0.0,0.0,0.0,0.0,0.0,,0.0,0.0,0.0,0.0,0.0,0.0,0.0,0.0,0.0,0.0,0.0,0.0,0.0,0.0,0.0,0.0,0.0,0.0,0.0,,,,,0.0,,0.28353509306907654,,,,,,,0.0,{},{},0.0,0.0,0.0,0.0,0.0,0.0,0.0,0,0,0.0,0.0,,0.0
248,41756-1786688958442437800,41756,507904,2591,1971,88,532,0.7607101505210343,0.86,0.79,0.002869001589715481,0.04368169978260994,1.0629513263702393,0.6537908911705017,12,9,0,3,0.75,1.3333333333333333,1.5,0.16666666666666666,0.8629776835441589,0.003662109375,0.005419922061264515,0.0015600775368511677,0.003264159895479679,0.005859375,0.5859375,-0.0038261720910668373,0.0,0.0,0.0,0.0,0.002869001589715481,0.009521484375,0.006625981419347227,0.6958248665382796,1.0,0.40180397681847996,-0.026602095351196252,0.05936315111242808,0.045104384422302246,0.008802778087556362,0.05080263689160347,0.058800406754016876,0.06638153642416,0.08228497952222824,0.0,0.0,0.0,2.3023216540996847,0.01315212446766404,0.09645432692307693,0.8356822981284215,0.000246048,0.005,0.0,0.0,0.0,0.0,0.0,0.0,0.0,0.0,0.0,,0.0,0.0,0.0,0.0,0.0,0.0,0.0,0.0,0.0,0.0,0.0,0.0,0.0,0.0,0.0,0.0,0.0,0.0,0.0,,,,,0.0,,0.242010697722435,,,,,,,0.0,{},{},0.0,0.0,0.0,0.0,0.0,0.0,0.0,0,0,0.0,0.0,,0.0
249,41756-1786688958442437800,41756,509952,2601,1979,88,534,0.7608612072279892,0.84,0.79,0.00340465409681201,0.044861242175102234,0.9467194080352783,0.5329686403274536,10,8,0,2,0.8,1.3,1.9,0.6,0.7473346590995789,0.00341796875,0.006640625186264515,0.0013272572541609406,0.004228515550494194,0.0069824219681322575,0.6982421875,-0.0037812499795109034,0.0,0.0,0.0,0.0,0.00340465409681201,0.010400390718132257,0.008029568387428299,0.7719706532541585,1.0,0.3635331160975645,-0.031494932648326666,0.0654941898371492,0.0505506731569767,0.00906972587108612,0.05575403571128845,0.06545403599739075,0.07715099304914474,0.08461115509271622,0.0,0.0,0.0,2.311808262552534,0.015732495933272212,0.11328125,0.8760285675525665,0.00024502400000000004,0.005,0.0,0.0,0.0,0.0,0.0,0.0,0.0,0.0,0.0,,0.0,0.0,0.0,0.0,0.0,0.0,0.0,0.0,0.0,0.0,0.0,0.0,0.0,0.0,0.0,0.0,0.0,0.0,0.0,,,,,0.0,,0.26790109276771545,,,,,,,0.0,{},{},0.0,0.0,0.0,0.0,0.0,0.0,0.0,0,0,0.0,0.0,,0.0
250,41756-1786688958442437800,41756,512000,2612,1989,88,535,0.7614854517611026,0.84,0.8,0.004209664650261402,0.04866369813680649,0.9969288110733032,0.5611422657966614,11,10,0,1,0.9090909090909091,1.4545454545454546,2.0,0.5454545454545454,0.7651324272155762,0.004638671875,0.007373046595603228,0.0019913120195269585,0.0031567381229251623,0.00844726525247097,0.8447265625,-0.0037597655318677425,0.0,0.0,0.0,0.0,0.004209664650261402,0.01308593712747097,0.008660059131216258,0.6617330737409756,1.0,0.28729147968286384,-0.030209331374083246,0.0738603344985417,0.06372693181037903,0.005255948286503553,0.06676091998815536,0.07417195290327072,0.07937314361333847,0.08234342187643051,0.0,0.0,0.0,2.299411875861032,0.014026234537595883,0.11063058035714286,0.8959776248250689,0.000244,0.005,0.0,0.0,0.0,0.0,0.0,0.0,0.0,0.0,0.0,,0.0,0.0,0.0,0.0,0.0,0.0,0.0,0.0,0.0,0.0,0.0,0.0,0.0,0.0,0.0,0.0,0.0,0.0,0.0,,,,,0.0,,0.2719471752643585,,,,,,,0.0,{},{},0.0,0.0,0.0,0.0,0.0,0.0,0.0,0,0,0.0,0.0,,0.0
251,41756-1786688958442437800,41756,514048,2623,1998,88,537,0.7617232176896683,0.82,0.81,0.0035326164215803146,0.045958392322063446,0.9696004390716553,0.5040527582168579,11,9,0,2,0.8181818181818182,1.6363636363636365,2.0,0.36363636363636365,0.6560218334197998,0.00390625,0.00644531287252903,0.002278431784361601,0.003447265364229679,0.007128906436264515,0.712890625,-0.0037089844699949026,0.0,0.0,0.0,0.0,0.0035326164215803146,0.011035156436264515,0.00787673715967685,0.7137210500019828,1.0,0.33607574262061735,-0.024591827048705175,0.08093748528223771,0.07081225514411926,0.009128432720899582,0.07159993797540665,0.08056402951478958,0.08794070780277252,0.10640892386436462,0.0,0.0,0.0,2.27194593502925,0.012339624421796404,0.08819110576923077,0.8466048332361075,0.00024297600000000003,0.005,0.0,0.0,0.0,0.0,0.0,0.0,0.0,0.0,0.0,,0.0,0.0,0.0,0.0,0.0,0.0,0.0,0.0,0.0,0.0,0.0,0.0,0.0,0.0,0.0,0.0,0.0,0.0,0.0,,,,,0.0,,0.2956251800060272,,,,,,,0.0,{},{},0.0,0.0,0.0,0.0,0.0,0.0,0.0,0,0,0.0,0.0,,0.0
252,41756-1786688958442437800,41756,516096,2632,2005,88,539,0.7617781155015197,0.82,0.815,0.002298312494531274,0.037603553384542465,1.1086575984954834,0.5857197642326355,9,7,0,2,0.7777777777777778,1.1111111111111112,1.5555555555555556,0.4444444444444444,0.752070426940918,0.0029296875,0.00498046912252903,0.0003660284564830363,0.0017968750325962901,0.00537109375,0.537109375,-0.004015624988824129,0.0,0.0,0.0,0.0,0.002298312494531274,0.00830078125,0.0055211949947988614,0.665061488436456,1.0,0.4837064321375764,-0.022291304892860353,0.08496465596059959,0.06792718172073364,0.008317236788570881,0.07086262851953506,0.08750885725021362,0.0922737643122673,0.09617871046066284,0.0,0.0,0.0,2.461086094379425,0.010330753022572026,0.07454427083333333,1.0243882238864899,0.000241952,0.005,0.0,0.0,0.0,0.0,0.0,0.0,0.0,0.0,0.0,,0.0,0.0,0.0,0.0,0.0,0.0,0.0,0.0,0.0,0.0,0.0,0.0,0.0,0.0,0.0,0.0,0.0,0.0,0.0,,,,,0.0,,0.2916446924209595,,,,,,,0.0,{},{},0.0,0.0,0.0,0.0,0.0,0.0,0.0,0,0,0.0,0.0,,0.0
253,41756-1786688958442437800,41756,518144,2644,2016,88,540,0.762481089258699,0.86,0.815,0.00426004733890295,0.048935651779174805,1.1570544242858887,0.6329365968704224,12,11,0,1,0.9166666666666666,1.5833333333333333,1.9166666666666667,0.3333333333333333,0.8050786256790161,0.005126953125,0.007080078125,0.0017308129463344812,0.0036157225258648396,0.00830078125,0.830078125,-0.003767578164115548,0.0,0.0,0.0,0.0,0.00426004733890295,0.013427734375,0.00841671199304983,0.6267688196081271,1.0,0.28056092695746304,-0.033436024794355035,0.06685976288281381,0.055122148245573044,0.009855278767645359,0.05990706384181976,0.06446079909801483,0.08159714937210083,0.09164293110370636,0.0,0.0,0.0,2.3055927753448486,0.011709423561114818,0.088134765625,1.0632206201553345,0.00024092799999999998,0.005,0.0,0.0,0.0,0.0,0.0,0.0,0.0,0.0,0.0,,0.0,0.0,0.0,0.0,0.0,0.0,0.0,0.0,0.0,0.0,0.0,0.0,0.0,0.0,0.0,0.0,0.0,0.0,0.0,,,,,0.0,,0.27944087982177734,,,,,,,0.0,{},{},0.0,0.0,0.0,0.0,0.0,0.0,0.0,0,0,0.0,0.0,,0.0
254,41756-1786688958442437800,41756,520192,2653,2025,88,540,0.7632868450810403,0.88,0.825,0.004190887324512005,0.046789105981588364,1.1495308876037598,0.5953050851821899,9,9,0,0,1.0,1.6666666666666667,2.2222222222222223,0.5555555555555556,0.8976531028747559,0.00439453125,0.007226563058793545,0.0018360735848546028,0.0034448239021003246,0.0087890625,0.87890625,-0.0038222656585276127,0.0,0.0,0.0,0.0,0.004190887324512005,0.01318359375,0.008546787430532277,0.6482404837488661,1.0,0.2899039387184465,-0.02593684823323901,0.03603895681981857,0.02695934660732746,0.0045793564058840275,0.0328839048743248,0.03521762415766716,0.04236504063010216,0.044419705867767334,0.0,0.0,0.0,2.2777535181779127,0.012165435115233637,0.08143028846153846,1.0035774111747742,0.000239904,0.005,0.0,0.0,0.0,0.0,0.0,0.0,0.0,0.0,0.0,,0.0,0.0,0.0,0.0,0.0,0.0,0.0,0.0,0.0,0.0,0.0,0.0,0.0,0.0,0.0,0.0,0.0,0.0,0.0,,,,,0.0,,0.19044823944568634,,,,,,,0.0,{},{},0.0,0.0,0.0,0.0,0.0,0.0,0.0,0,0,0.0,0.0,,0.0
255,41756-1786688958442437800,41756,522240,2664,2034,89,541,0.7635135135135135,0.88,0.83,0.0023628384806215763,0.03882741928100586,1.2205623388290405,0.685569703578949,11,9,1,1,0.8181818181818182,1.3636363636363635,1.6363636363636365,0.2727272727272727,0.7264074087142944,0.003662109375,0.004589844029396772,0.0008722502388991416,0.002204589545726776,0.0050292969681322575,0.5029296875,-0.003980468958616257,0.0,0.0,0.0,0.0,0.0023628384806215763,0.008691406343132257,0.005359053975553252,0.6165213364406695,1.0,0.45792486010058275,-0.02490192637196742,0.11344154505059123,0.0849873274564743,0.020474666729569435,0.08664016425609589,0.11258544027805328,0.13809937238693237,0.1487540900707245,0.0,0.0,0.0,2.3431255221366882,0.014305930100817932,0.102783203125,0.862191753461957,0.00023888,0.005,0.0,0.0,0.0,0.0,0.0,0.0,0.0,0.0,0.0,,0.0,0.0,0.0,0.0,0.0,0.0,0.0,0.0,0.0,0.0,0.0,0.0,0.0,0.0,0.0,0.0,0.0,0.0,0.0,,,,,0.0,,0.3585946559906006,,,,,,,0.0,{},{},0.0,0.0,0.0,0.0,0.0,0.0,0.0,0,0,0.0,0.0,,0.0
256,41756-1786688958442437800,41756,524288,2674,2039,90,545,0.762528047868362,0.8,0.815,0.0017896867357194424,0.040600743144750595,0.9901031255722046,0.6282101273536682,10,5,1,4,0.5,0.9,1.5,0.6,0.8673917055130005,0.0009765625,0.0048828125,0.0010766062187030911,0.0030053709633648396,0.0048828125,0.48828125,-0.0039648436941206455,0.0,0.0,0.0,0.0,0.0017896867357194424,0.005859375,0.005903306795516983,1.0073257761690988,1.0,0.6765511923930884,-0.028575449317161526,0.0390993348721947,0.019452309235930443,0.01129747461527586,0.023181462660431862,0.04045657441020012,0.053114261478185654,0.057647306472063065,0.0,0.0,0.0,2.3611112322126115,0.010674567660316825,0.07938058035714286,1.0149277235780443,0.00023785600000000002,0.005,0.0,0.0,0.0,0.0,0.0,0.0,0.0,0.0,0.0,,0.0,0.0,0.0,0.0,0.0,0.0,0.0,0.0,0.0,0.0,0.0,0.0,0.0,0.0,0.0,0.0,0.0,0.0,0.0,,,,,0.0,,0.2287653535604477,,,,,,,0.0,{},{},0.0,0.0,0.0,0.0,0.0,0.0,0.0,0,0,0.0,0.0,,0.0
257,41756-1786688958442437800,41756,526336,2682,2046,90,546,0.7628635346756152,0.82,0.815,0.001974098850041628,0.030234605073928833,1.209349274635315,0.6093950271606445,8,7,0,1,0.875,1.25,1.5,0.25,0.7246612906455994,0.003173828125,0.004931640811264515,0.0002942470309790224,0.0016772460658103228,0.00390625,0.390625,-0.004187500104308128,0.0,0.0,0.0,0.0,0.001974098850041628,0.007080078125,0.005424514085461851,0.7660576524795581,1.0,0.5913647654195495,-0.022989584210639197,0.0944421806683143,0.07018668949604034,0.013493143022060394,0.07883492857217789,0.0931709036231041,0.11390098184347153,0.11838889122009277,0.0,0.0,0.0,2.4532146056493125,0.011746602491863692,0.08365885416666667,0.9673657317956289,0.000236832,0.005,0.0,0.0,0.0,0.0,0.0,0.0,0.0,0.0,0.0,,0.0,0.0,0.0,0.0,0.0,0.0,0.0,0.0,0.0,0.0,0.0,0.0,0.0,0.0,0.0,0.0,0.0,0.0,0.0,,,,,0.0,,0.31976619362831116,,,,,,,0.0,{},{},0.0,0.0,0.0,0.0,0.0,0.0,0.0,0,0,0.0,0.0,,0.0
258,41756-1786688958442437800,41756,528384,2691,2051,90,550,0.7621701969528056,0.76,0.81,0.0012679477222263813,0.03177076205611229,1.2389662265777588,0.8661648035049438,9,5,0,4,0.5555555555555556,0.6666666666666666,0.6666666666666666,0.0,0.6940227746963501,0.00146484375,0.00439453125,0.00044676283141598105,0.0022290037013590336,0.0029296875,0.29296875,-0.00405273400247097,0.0,0.0,0.0,0.0,0.0012679477222263813,0.00439453125,0.005063472883193754,1.1519592502484777,1.0,0.9220123284235484,-0.029720735403576067,0.2135084526879447,0.18479041755199432,0.018646184355020523,0.18954481184482574,0.21175679564476013,0.23591864109039307,0.25516241788864136,0.0,0.0,0.0,2.378387757710048,0.014787492595912357,0.10170200892857142,0.8605980149337223,0.00023580800000000003,0.005,0.0,0.0,0.0,0.0,0.0,0.0,0.0,0.0,0.0,,0.0,0.0,0.0,0.0,0.0,0.0,0.0,0.0,0.0,0.0,0.0,0.0,0.0,0.0,0.0,0.0,0.0,0.0,0.0,,,,,0.0,,0.4791208803653717,,,,,,,0.0,{},{},0.0,0.0,0.0,0.0,0.0,0.0,0.0,0,0,0.0,0.0,,0.0
259,41756-1786688958442437800,41756,530432,2701,2057,92,552,0.7615697889670492,0.68,0.8,0.0018444100860506296,0.044008344411849976,1.1579921245574951,0.8121238946914673,10,6,2,2,0.6,0.7,1.3,0.6,0.8469380140304565,0.00146484375,0.005322265904396772,0.0012237823102623224,0.0032592774368822575,0.0038574219215661287,0.3857421875,-0.0038476563058793545,0.0,0.0,0.0,0.0,0.0018444100860506296,0.005322265671566129,0.006443030841182917,1.2103530499328523,1.0,0.722799977170284,-0.023861700382370215,0.1059545290011626,0.09519518911838531,0.006742976140230894,0.09871982783079147,0.10604694485664368,0.11523997783660889,0.12120002508163452,0.0,0.0,0.0,2.231424148266132,0.011378313137146715,0.07376802884615384,1.184677807184366,0.000234784,0.005,0.0,0.0,0.0,0.0,0.0,0.0,0.0,0.0,0.0,,0.0,0.0,0.0,0.0,0.0,0.0,0.0,0.0,0.0,0.0,0.0,0.0,0.0,0.0,0.0,0.0,0.0,0.0,0.0,,,,,0.0,,0.31772834062576294,,,,,,,0.0,{},{},0.0,0.0,0.0,0.0,0.0,0.0,0.0,0,0,0.0,0.0,,0.0
260,41756-1786688958442437800,41756,532480,2712,2066,92,554,0.7617994100294986,0.68,0.8,0.004063779953867197,0.04498956725001335,1.484684705734253,0.8229415416717529,11,9,0,2,0.8181818181818182,1.4545454545454546,1.9090909090909092,0.45454545454545453,0.8178055286407471,0.00390625,0.0069824219681322575,0.0023985537700355053,0.00323486328125,0.0087890625,0.87890625,-0.003779296763241291,0.0,0.0,0.0,0.0,0.004063779953867197,0.0126953125,0.008390776230953634,0.6608829320287788,1.0,0.2976688517426844,-0.03010444645769894,0.10919098230078816,0.090621218085289,0.01403055153787136,0.09850183874368668,0.1044917106628418,0.1302664875984192,0.1418408453464508,0.0,0.0,0.0,2.2034268379211426,0.012801502445654478,0.098876953125,1.1191188730299473,0.00023376000000000004,0.005,0.0,0.0,0.0,0.0,0.0,0.0,0.0,0.0,0.0,,0.0,0.0,0.0,0.0,0.0,0.0,0.0,0.0,0.0,0.0,0.0,0.0,0.0,0.0,0.0,0.0,0.0,0.0,0.0,,,,,0.0,,0.35126635432243347,,,,,,,0.0,{},{},0.0,0.0,0.0,0.0,0.0,0.0,0.0,0,0,0.0,0.0,,0.0
261,41756-1786688958442437800,41756,534528,2721,2074,92,555,0.7622197721425946,0.74,0.805,0.0038032035809010267,0.043824534863233566,1.2859060764312744,0.750577449798584,9,8,0,1,0.8888888888888888,1.7777777777777777,2.111111111111111,0.3333333333333333,0.8460960388183594,0.003662109375,0.00668945349752903,0.002386388834565878,0.0033178708981722593,0.00830078125,0.830078125,-0.003859375137835741,0.0,0.0,0.0,0.0,0.0038032035809010267,0.011962890625,0.008115518430713564,0.6783343884601557,1.0,0.32258529092293015,-0.025968644338158462,0.08947569647660622,0.07760540395975113,0.008135013282299042,0.07885842025279999,0.089755579829216,0.09819874167442322,0.10335959494113922,0.0,0.0,0.0,2.2652300137739916,0.009901342900075879,0.0673076923076923,1.184334383561061,0.00023273600000000002,0.005,0.0,0.0,0.0,0.0,0.0,0.0,0.0,0.0,0.0,,0.0,0.0,0.0,0.0,0.0,0.0,0.0,0.0,0.0,0.0,0.0,0.0,0.0,0.0,0.0,0.0,0.0,0.0,0.0,,,,,0.0,,0.29445603489875793,,,,,,,0.0,{},{},0.0,0.0,0.0,0.0,0.0,0.0,0.0,0,0,0.0,0.0,,0.0
262,41756-1786688958442437800,41756,536576,2734,2083,92,559,0.7618873445501098,0.74,0.8,0.0026920291129499674,0.042452119290828705,1.4172134399414062,0.8265648484230042,13,9,0,4,0.6923076923076923,1.3846153846153846,1.6153846153846154,0.23076923076923078,0.7897086143493652,0.00341796875,0.005322265438735485,0.0014204747276380658,0.002463378943502903,0.0060058594681322575,0.6005859375,-0.003974609542638063,0.0,0.0,0.0,0.0,0.0026920291129499674,0.009423828218132257,0.006293228856520727,0.667728759704426,1.0,0.4217169215871101,-0.023893916280940175,0.13666445761919022,0.11174920201301575,0.019564736634492874,0.11325278878211975,0.13333523273468018,0.1683787703514099,0.17040012776851654,0.0,0.0,0.0,2.271395762761434,0.011011375759456618,0.07486979166666667,0.8709086279074351,0.00023171199999999997,0.005,0.0,0.0,0.0,0.0,0.0,0.0,0.0,0.0,0.0,,0.0,0.0,0.0,0.0,0.0,0.0,0.0,0.0,0.0,0.0,0.0,0.0,0.0,0.0,0.0,0.0,0.0,0.0,0.0,,,,,0.0,,0.37904226779937744,,,,,,,0.0,{},{},0.0,0.0,0.0,0.0,0.0,0.0,0.0,0,0,0.0,0.0,,0.0
263,41756-1786688958442437800,41756,538624,2740,2089,92,559,0.7624087591240876,0.78,0.81,0.003228035056963563,0.040970318019390106,1.444249153137207,0.8409963250160217,6,6,0,0,1.0,1.8333333333333333,2.1666666666666665,0.3333333333333333,0.8596208691596985,0.0029296875,0.006396484561264515,0.001186832902021706,0.002971191192045808,0.00732421875,0.732421875,-0.003949218429625034,0.0,0.0,0.0,0.0,0.003228035056963563,0.01025390625,0.007435990584781393,0.7251154133936031,1.0,0.3851052689657728,-0.03580589994089678,0.09866251051425934,0.08805370330810547,0.008565022610127926,0.0882720798254013,0.0969584584236145,0.1104181557893753,0.11136531829833984,0.0,0.0,0.0,2.229536771774292,0.01636341009361786,0.125732421875,0.9568095095455647,0.000230688,0.005,0.0,0.0,0.0,0.0,0.0,0.0,0.0,0.0,0.0,,0.0,0.0,0.0,0.0,0.0,0.0,0.0,0.0,0.0,0.0,0.0,0.0,0.0,0.0,0.0,0.0,0.0,0.0,0.0,,,,,0.0,,0.3150978088378906,,,,,,,0.0,{},{},0.0,0.0,0.0,0.0,0.0,0.0,0.0,0,0,0.0,0.0,,0.0
264,41756-1786688958442437800,41756,540672,2756,2099,94,563,0.761611030478955,0.74,0.785,0.002521456452086568,0.05060989409685135,1.0347892045974731,0.7647297978401184,16,10,2,4,0.625,1.0625,1.5,0.4375,0.7560809254646301,0.0029296875,0.0048828125,0.0023881837259978056,0.003635253757238388,0.00537109375,0.537109375,-0.003796875011175871,0.0,0.0,0.0,0.0,0.002521456452086568,0.00830078125,0.006388671870809048,0.7695543496534613,1.0,0.4573566680254158,-0.029027547629084438,0.14343613339588046,0.12322282046079636,0.014760388992726803,0.1272255927324295,0.1396375149488449,0.16500866413116455,0.1696089506149292,0.0,0.0,0.0,2.1779387146234512,0.010469317610841244,0.0804443359375,1.3752242252230644,0.00022966399999999997,0.005,0.0,0.0,0.0,0.0,0.0,0.0,0.0,0.0,0.0,,0.0,0.0,0.0,0.0,0.0,0.0,0.0,0.0,0.0,0.0,0.0,0.0,0.0,0.0,0.0,0.0,0.0,0.0,0.0,,,,,0.0,,0.3776859939098358,,,,,,,0.0,{},{},0.0,0.0,0.0,0.0,0.0,0.0,0.0,0,0,0.0,0.0,,0.0
265,41756-1786688958442437800,41756,542720,2766,2107,95,564,0.7617498192335502,0.74,0.78,0.0035465843975543976,0.04475007951259613,1.2601157426834106,0.8551352024078369,10,8,1,1,0.8,1.5,2.2,0.7,0.8448846340179443,0.003173828125,0.006542968563735485,0.001691807876341045,0.002724609337747097,0.00830078125,0.830078125,-0.0038574219215661287,0.0,0.0,0.0,0.0,0.0035465843975543976,0.011474609375,0.0076470728672575206,0.6663761912214375,1.0,0.3361409225003469,-0.025665550492703915,0.10689635861378449,0.09264387935400009,0.00864183995872736,0.09690117090940475,0.10642116516828537,0.11899818480014801,0.11924509704113007,0.0,0.0,0.0,2.1231473776010366,0.011254961257621359,0.08052884615384616,0.8846602118932284,0.00022864,0.005,0.0,0.0,0.0,0.0,0.0,0.0,0.0,0.0,0.0,,0.0,0.0,0.0,0.0,0.0,0.0,0.0,0.0,0.0,0.0,0.0,0.0,0.0,0.0,0.0,0.0,0.0,0.0,0.0,,,,,0.0,,0.3367922902107239,,,,,,,0.0,{},{},0.0,0.0,0.0,0.0,0.0,0.0,0.0,0,0,0.0,0.0,,0.0
266,41756-1786688958442437800,41756,544768,2778,2115,96,567,0.7613390928725702,0.7,0.77,0.0031216165516525507,0.044516026973724365,1.256198763847351,0.7174975872039795,12,8,1,3,0.6666666666666666,1.3333333333333333,1.75,0.4166666666666667,0.8364695310592651,0.002685546875,0.00668945349752903,0.0019336269469931722,0.0034570309799164534,0.0064941407181322575,0.6494140625,-0.003753906348720193,0.0,0.0,0.0,0.0,0.0031216165516525507,0.009179687593132257,0.008037117979256436,0.8754374765206819,1.0,0.40889163372995674,-0.030870103711883225,0.08301292459170023,0.0685245543718338,0.0076288506388664246,0.07340539991855621,0.08256427198648453,0.09008806943893433,0.10072293132543564,0.0,0.0,0.0,2.099262507756551,0.013284273633811001,0.09296875,0.8645585974057516,0.00022761599999999998,0.005,0.0,0.0,0.0,0.0,0.0,0.0,0.0,0.0,0.0,,0.0,0.0,0.0,0.0,0.0,0.0,0.0,0.0,0.0,0.0,0.0,0.0,0.0,0.0,0.0,0.0,0.0,0.0,0.0,,,,,0.0,,0.29014813899993896,,,,,,,0.0,{},{},0.0,0.0,0.0,0.0,0.0,0.0,0.0,0,0,0.0,0.0,,0.0
267,41756-1786688958442437800,41756,546816,2789,2124,96,569,0.7615632843313015,0.72,0.775,0.0038705666083842516,0.0436110682785511,1.5262659788131714,0.7738816738128662,11,9,0,2,0.8181818181818182,1.3636363636363635,1.4545454545454546,0.09090909090909091,0.8720690011978149,0.00390625,0.0069824219681322575,0.0016386753413826227,0.0027832030318677425,0.00830078125,0.830078125,-0.0038925781846046448,0.0,0.0,0.0,0.0,0.0038705666083842516,0.01220703125,0.008087891561444849,0.6625058042380789,1.0,0.3188538843726047,-0.03135848629216735,0.07534846376914245,0.06285256892442703,0.007369255181401968,0.06775441020727158,0.07683400809764862,0.08295193314552307,0.09130691736936569,0.0,0.0,0.0,2.0474646183160634,0.01159691528748506,0.08804086538461539,1.0327775845160851,0.00022659200000000002,0.005,0.0,0.0,0.0,0.0,0.0,0.0,0.0,0.0,0.0,,0.0,0.0,0.0,0.0,0.0,0.0,0.0,0.0,0.0,0.0,0.0,0.0,0.0,0.0,0.0,0.0,0.0,0.0,0.0,,,,,0.0,,0.27679765224456787,,,,,,,0.0,{},{},0.0,0.0,0.0,0.0,0.0,0.0,0.0,0,0,0.0,0.0,,0.0
268,41756-1786688958442437800,41756,548864,2801,2134,96,571,0.7618707604426991,0.76,0.775,0.005237379111349583,0.049612704664468765,1.3714596033096313,0.7217286229133606,12,10,0,2,0.8333333333333334,1.6666666666666667,2.0833333333333335,0.4166666666666667,0.866374135017395,0.00439453125,0.00864257849752903,0.00243187602609396,0.0035302734468132257,0.01171875,1.171875,-0.0037578123155981302,0.0,0.0,0.0,0.0,0.005237379111349583,0.01611328125,0.010133115865755826,0.6288282864465845,1.0,0.23319763738132163,-0.025559968315064907,0.06002715336424964,0.04256635159254074,0.010591136291623116,0.05011478438973427,0.05816107988357544,0.07413067668676376,0.08156108856201172,0.0,0.0,0.0,2.0252766694341386,0.013096758765251642,0.09779575892857142,0.7666610521929604,0.000225568,0.005,0.0,0.0,0.0,0.0,0.0,0.0,0.0,0.0,0.0,,0.0,0.0,0.0,0.0,0.0,0.0,0.0,0.0,0.0,0.0,0.0,0.0,0.0,0.0,0.0,0.0,0.0,0.0,0.0,,,,,0.0,,0.26382696628570557,,,,,,,0.0,{},{},0.0,0.0,0.0,0.0,0.0,0.0,0.0,0,0,0.0,0.0,,0.0
269,41756-1786688958442437800,41756,550912,2810,2143,96,571,0.7626334519572954,0.84,0.78,0.003778572892770171,0.04612618684768677,1.368597149848938,0.6127227544784546,9,9,0,0,1.0,2.0,2.3333333333333335,0.3333333333333333,0.8602824211120605,0.00439453125,0.006787109654396772,0.0022361930459737778,0.0033154296688735485,0.00732421875,0.732421875,-0.0037343751173466444,0.0,0.0,0.0,0.0,0.003778572892770171,0.01171875,0.008175015333108604,0.6975417848596263,1.0,0.31863948611076554,-0.024389997745553654,0.047353554827471576,0.03829611465334892,0.005214125383645296,0.040272995829582214,0.04732470586895943,0.05463056266307831,0.0557115264236927,0.0,0.0,0.0,2.0899071196715036,0.012089367514514985,0.09440104166666667,0.9846753825743993,0.00022454400000000002,0.005,0.0,0.0,0.0,0.0,0.0,0.0,0.0,0.0,0.0,,0.0,0.0,0.0,0.0,0.0,0.0,0.0,0.0,0.0,0.0,0.0,0.0,0.0,0.0,0.0,0.0,0.0,0.0,0.0,,,,,0.0,,0.22902852296829224,,,,,,,0.0,{},{},0.0,0.0,0.0,0.0,0.0,0.0,0.0,0,0,0.0,0.0,,0.0
270,41756-1786688958442437800,41756,552960,2824,2152,96,576,0.7620396600566572,0.78,0.765,0.004412015900015831,0.046516671776771545,1.3391855955123901,0.5895814299583435,14,9,0,5,0.6428571428571429,1.5,1.7142857142857142,0.21428571428571427,0.8401006460189819,0.003173828125,0.00815429724752903,0.0026844555977731943,0.00341796875,0.009765625,0.9765625,-0.0036699220072478056,0.0,0.0,0.0,0.0,0.004412015900015831,0.012939453125,0.009679903334472328,0.7480343416855683,1.0,0.2836007342090508,-0.034484728501411155,0.05064028222113848,0.03857427090406418,0.008803712204098701,0.041887544095516205,0.0471823625266552,0.06214529648423195,0.06961512565612793,0.0,0.0,0.0,2.068496309220791,0.014986059862167167,0.1080322265625,1.157354325056076,0.00022352,0.005,0.0,0.0,0.0,0.0,0.0,0.0,0.0,0.0,0.0,,0.0,0.0,0.0,0.0,0.0,0.0,0.0,0.0,0.0,0.0,0.0,0.0,0.0,0.0,0.0,0.0,0.0,0.0,0.0,,,,,0.0,,0.23575836420059204,,,,,,,0.0,{},{},0.0,0.0,0.0,0.0,0.0,0.0,0.0,0,0,0.0,0.0,,0.0
271,41756-1786688958442437800,41756,555008,2832,2159,96,577,0.7623587570621468,0.8,0.77,0.0035899775102734566,0.048245616257190704,1.3830416202545166,0.6510846614837646,8,7,0,1,0.875,1.625,2.25,0.625,0.9343225955963135,0.003173828125,0.006396484561264515,0.0017616816330701113,0.003696288913488388,0.00830078125,0.830078125,-0.0037871093954890966,0.0,0.0,0.0,0.0,0.0035899775102734566,0.011474609375,0.00776097719790414,0.6763019674416323,1.0,0.3300137946259692,-0.030980250583245203,0.024319582260571994,0.0201566219329834,0.002959219040349126,0.0207885280251503,0.024396948516368866,0.02797612175345421,0.02958918735384941,0.0,0.0,0.0,2.1071128111619215,0.011699798762072952,0.08338341346153846,0.9115731395207919,0.00022249600000000003,0.005,0.0,0.0,0.0,0.0,0.0,0.0,0.0,0.0,0.0,,0.0,0.0,0.0,0.0,0.0,0.0,0.0,0.0,0.0,0.0,0.0,0.0,0.0,0.0,0.0,0.0,0.0,0.0,0.0,,,,,0.0,,0.16685734689235687,,,,,,,0.0,{},{},0.0,0.0,0.0,0.0,0.0,0.0,0.0,0,0,0.0,0.0,,0.0
272,41756-1786688958442437800,41756,557056,2841,2165,96,580,0.762055614220345,0.8,0.76,0.0022195670753717422,0.03732449933886528,1.4942705631256104,0.6055290699005127,9,6,0,3,0.6666666666666666,1.2222222222222223,1.4444444444444444,0.2222222222222222,0.8457819223403931,0.002197265625,0.005175781436264515,0.0006213504238985479,0.0024462889414280653,0.00537109375,0.537109375,-0.00403125025331974,0.0,0.0,0.0,0.0,0.0022195670753717422,0.007568359375,0.005942691277596168,0.7850983132368673,1.0,0.5325748261648285,-0.02406543137674982,0.05504451184110208,0.047006573528051376,0.00451487535610795,0.04958585649728775,0.05469492822885513,0.059296589344739914,0.06478901207447052,0.0,0.0,0.0,2.183348222212358,0.011753847341010855,0.07262073863636363,0.9178733283823187,0.000221472,0.005,0.0,0.0,0.0,0.0,0.0,0.0,0.0,0.0,0.0,,0.0,0.0,0.0,0.0,0.0,0.0,0.0,0.0,0.0,0.0,0.0,0.0,0.0,0.0,0.0,0.0,0.0,0.0,0.0,,,,,0.0,,0.23779496550559998,,,,,,,0.0,{},{},0.0,0.0,0.0,0.0,0.0,0.0,0.0,0,0,0.0,0.0,,0.0
273,41756-1786688958442437800,41756,559104,2851,2175,96,580,0.762890213960014,0.82,0.76,0.0024664881639182568,0.03511085733771324,1.6561834812164307,0.7381402850151062,10,10,0,0,1.0,1.3,1.7,0.4,0.9299002289772034,0.0048828125,0.004345702938735485,0.000994958681985736,0.002238769317045808,0.00439453125,0.439453125,-0.003986327908933163,0.0,0.0,0.0,0.0,0.0024664881639182568,0.00927734375,0.005154134938493371,0.5555016150908799,1.0,0.4296378767959705,-0.02446786779910326,0.03660487042119106,0.03258247300982475,0.0023006016854196787,0.034548450261354446,0.036245591938495636,0.03892132267355919,0.0419837050139904,0.0,0.0,0.0,2.1728360851605735,0.011222867333951095,0.08056640625,0.8905425320068995,0.000220448,0.005,0.0,0.0,0.0,0.0,0.0,0.0,0.0,0.0,0.0,,0.0,0.0,0.0,0.0,0.0,0.0,0.0,0.0,0.0,0.0,0.0,0.0,0.0,0.0,0.0,0.0,0.0,0.0,0.0,,,,,0.0,,0.19543267786502838,,,,,,,0.0,{},{},0.0,0.0,0.0,0.0,0.0,0.0,0.0,0,0,0.0,0.0,,0.0
274,41756-1786688958442437800,41756,561152,2864,2185,96,583,0.7629189944134078,0.8,0.755,0.00644224276766181,0.05370043218135834,1.1968450546264648,0.616746723651886,13,10,0,3,0.7692307692307693,1.6923076923076923,1.9230769230769231,0.23076923076923078,0.749944806098938,0.004150390625,0.009912109933793545,0.0035142020788043737,0.0038916016928851604,0.01513671875,1.513671875,-0.003523437539115548,0.0,0.0,0.0,0.0,0.00644224276766181,0.019287109375,0.011763560876715928,0.6098866741165982,1.0,0.18267407502792368,-0.024500318004616668,0.08728279652340072,0.05728479474782944,0.014855736866593361,0.0664941743016243,0.09070253372192383,0.10291972756385803,0.11249597370624542,0.0,0.0,0.0,2.03860570703234,0.011413766978616227,0.08203125,1.0661362665040153,0.00021942400000000002,0.005,0.0,0.0,0.0,0.0,0.0,0.0,0.0,0.0,0.0,,0.0,0.0,0.0,0.0,0.0,0.0,0.0,0.0,0.0,0.0,0.0,0.0,0.0,0.0,0.0,0.0,0.0,0.0,0.0,,,,,0.0,,0.30840742588043213,,,,,,,0.0,{},{},0.0,0.0,0.0,0.0,0.0,0.0,0.0,0,0,0.0,0.0,,0.0
275,41756-1786688958442437800,41756,563200,2873,2193,96,584,0.7633136094674556,0.84,0.77,0.0027756672352552414,0.04346730187535286,1.3239119052886963,0.5957079529762268,9,8,0,1,0.8888888888888888,2.0,2.3333333333333335,0.3333333333333333,0.7342008948326111,0.003662109375,0.005566406529396772,0.0013411252293735743,0.002888183109462261,0.005664062686264515,0.56640625,-0.0038925784174352884,0.0,0.0,0.0,0.0,0.0027756672352552414,0.009326172061264515,0.006623733614105731,0.7101545431561097,1.0,0.4173374729089708,-0.024730957901248567,0.08940099466305512,0.07143962383270264,0.008615001104772091,0.08189228922128677,0.08753031492233276,0.10117188841104507,0.10453977435827255,0.0,0.0,0.0,2.255927195915809,0.013802460336592048,0.09900841346153846,1.020051969931676,0.0002184,0.005,0.0,0.0,0.0,0.0,0.0,0.0,0.0,0.0,0.0,,0.0,0.0,0.0,0.0,0.0,0.0,0.0,0.0,0.0,0.0,0.0,0.0,0.0,0.0,0.0,0.0,0.0,0.0,0.0,,,,,0.0,,0.3071214556694031,,,,,,,0.0,{},{},0.0,0.0,0.0,0.0,0.0,0.0,0.0,0,0,0.0,0.0,,0.0
276,41756-1786688958442437800,41756,565248,2885,2204,96,585,0.763951473136915,0.84,0.79,0.004143709782510996,0.0482136532664299,1.3972687721252441,0.7039112448692322,12,11,0,1,0.9166666666666666,1.5,1.9166666666666667,0.4166666666666667,0.8477373719215393,0.005126953125,0.006542968563735485,0.0023758867755532265,0.003547362983226776,0.00830078125,0.830078125,-0.0037421872839331627,0.0,0.0,0.0,0.0,0.004143709782510996,0.013427734375,0.008023781003430486,0.5975083562877076,1.0,0.27867013967451143,-0.031386389513500035,0.07065669842995703,0.05661293491721153,0.008802929893136024,0.060100145637989044,0.07165217399597168,0.08192877471446991,0.08930151164531708,0.0,0.0,0.0,2.118728131055832,0.014347157364682062,0.106689453125,0.8704291172325611,0.00021737600000000003,0.005,0.0,0.0,0.0,0.0,0.0,0.0,0.0,0.0,0.0,,0.0,0.0,0.0,0.0,0.0,0.0,0.0,0.0,0.0,0.0,0.0,0.0,0.0,0.0,0.0,0.0,0.0,0.0,0.0,,,,,0.0,,0.27467212080955505,,,,,,,0.0,{},{},0.0,0.0,0.0,0.0,0.0,0.0,0.0,0,0,0.0,0.0,,0.0
277,41756-1786688958442437800,41756,567296,2898,2214,96,588,0.7639751552795031,0.84,0.795,0.004872971214354038,0.04975714534521103,1.3455278873443604,0.6865360140800476,13,10,0,3,0.7692307692307693,1.6153846153846154,2.0,0.38461538461538464,0.9110145568847656,0.004150390625,0.008056640625,0.0027888768818229437,0.0038037109188735485,0.0107421875,1.07421875,-0.0036328125279396772,0.0,0.0,0.0,0.0,0.004872971214354038,0.014892578125,0.009704787575174123,0.6516088675080639,1.0,0.2439180496083561,-0.026619108895269725,0.04123717202590062,0.034178029745817184,0.005419579800218344,0.035293735563755035,0.041739944368600845,0.04892897978425026,0.05315075069665909,0.0,0.0,0.0,2.057597334568317,0.010930581488467466,0.07256610576923077,1.040433787382566,0.000216352,0.005,0.0,0.0,0.0,0.0,0.0,0.0,0.0,0.0,0.0,,0.0,0.0,0.0,0.0,0.0,0.0,0.0,0.0,0.0,0.0,0.0,0.0,0.0,0.0,0.0,0.0,0.0,0.0,0.0,,,,,0.0,,0.20479664206504822,,,,,,,0.0,{},{},0.0,0.0,0.0,0.0,0.0,0.0,0.0,0,0,0.0,0.0,,0.0
278,41756-1786688958442437800,41756,569344,2906,2221,96,589,0.764280798348245,0.86,0.795,0.0029847403056919575,0.04226069897413254,1.4676333665847778,0.6275653839111328,8,7,0,1,0.875,1.5,1.75,0.25,0.8688790798187256,0.003173828125,0.005761719308793545,0.0017195756081491709,0.003225097432732582,0.00634765625,0.634765625,-0.003898437600582838,0.0,0.0,0.0,0.0,0.0029847403056919575,0.009521484375,0.006997887569013983,0.7348804464710905,1.0,0.4093929112467395,-0.026566168138136465,0.046564895659685135,0.03765925019979477,0.006377873010933399,0.03911004215478897,0.045464884489774704,0.055762697011232376,0.05612744018435478,0.0,0.0,0.0,2.1767344872156777,0.011976858254153436,0.08333333333333333,0.9022953361272812,0.00021532800000000004,0.005,0.0,0.0,0.0,0.0,0.0,0.0,0.0,0.0,0.0,,0.0,0.0,0.0,0.0,0.0,0.0,0.0,0.0,0.0,0.0,0.0,0.0,0.0,0.0,0.0,0.0,0.0,0.0,0.0,,,,,0.0,,0.22724533081054688,,,,,,,0.0,{},{},0.0,0.0,0.0,0.0,0.0,0.0,0.0,0,0,0.0,0.0,,0.0
279,41756-1786688958442437800,41756,571392,2917,2229,96,592,0.7641412410010284,0.84,0.79,0.0023273967672139406,0.04062914475798607,1.345881462097168,0.5742413401603699,11,8,0,3,0.7272727272727273,1.5454545454545454,1.9090909090909092,0.36363636363636365,0.7129607200622559,0.003173828125,0.00522460974752903,0.0006276656058616936,0.002565917791798711,0.0050292969681322575,0.5029296875,-0.0040136720053851604,0.0,0.0,0.0,0.0,0.0023273967672139406,0.008203125093132257,0.006023005596944131,0.7341435593157936,1.0,0.48922608563648545,-0.025392127863597125,0.09035091241821647,0.06687290221452713,0.010135568678379059,0.07552540302276611,0.09347353875637054,0.09958139061927795,0.10466942191123962,0.0,0.0,0.0,2.1834693551063538,0.015327239256293979,0.1082763671875,1.2470466382801533,0.000214304,0.005,0.0,0.0,0.0,0.0,0.0,0.0,0.0,0.0,0.0,,0.0,0.0,0.0,0.0,0.0,0.0,0.0,0.0,0.0,0.0,0.0,0.0,0.0,0.0,0.0,0.0,0.0,0.0,0.0,,,,,0.0,,0.30765581130981445,,,,,,,0.0,{},{},0.0,0.0,0.0,0.0,0.0,0.0,0.0,0,0,0.0,0.0,,0.0
280,41756-1786688958442437800,41756,573440,2931,2238,96,597,0.7635619242579325,0.74,0.785,0.004270547069609165,0.05283423885703087,1.2853498458862305,0.672291100025177,14,9,0,5,0.6428571428571429,1.2142857142857142,1.7857142857142858,0.5714285714285714,0.9134414792060852,0.003173828125,0.007617187686264515,0.003187716007232666,0.00478515587747097,0.00927734375,0.927734375,-0.003615234512835741,0.0,0.0,0.0,0.0,0.004270547069609165,0.012451171875,0.009610405657440424,0.7717854968525661,1.0,0.29032963479198215,-0.012019123649224639,0.04031122662127018,0.03510003536939621,0.004869178868830204,0.035292040556669235,0.03997988998889923,0.04640786349773407,0.050045739859342575,0.0,0.0,0.0,1.9765482544898987,0.009556017263093963,0.053955078125,1.1077859625220299,0.00021328000000000002,0.005,0.0,0.0,0.0,0.0,0.0,0.0,0.0,0.0,0.0,,0.0,0.0,0.0,0.0,0.0,0.0,0.0,0.0,0.0,0.0,0.0,0.0,0.0,0.0,0.0,0.0,0.0,0.0,0.0,,,,,0.0,,0.1977936029434204,,,,,,,0.0,{},{},0.0,0.0,0.0,0.0,0.0,0.0,0.0,0,0,0.0,0.0,,0.0
281,41756-1786688958442437800,41756,575488,2941,2246,96,599,0.763685821149269,0.78,0.78,0.0038430115673691034,0.04461706802248955,1.0910054445266724,0.5443180203437805,10,8,0,2,0.8,1.6,1.9,0.3,0.862263560295105,0.00341796875,0.0069824219681322575,0.002304716967046261,0.003442382672801614,0.00830078125,0.830078125,-0.0036660158075392246,0.0,0.0,0.0,0.0,0.0038430115673691034,0.01171875,0.008419196878094226,0.7183768321077009,1.0,0.31280665607536207,-0.02718552166166214,0.041031573254328504,0.029165420681238174,0.006553251296281815,0.03454720601439476,0.040657080709934235,0.04922657459974289,0.05424712225794792,0.0,0.0,0.0,2.050943677241986,0.012313688717907868,0.08533653846153846,0.9642431323344891,0.000212256,0.005,0.0,0.0,0.0,0.0,0.0,0.0,0.0,0.0,0.0,,0.0,0.0,0.0,0.0,0.0,0.0,0.0,0.0,0.0,0.0,0.0,0.0,0.0,0.0,0.0,0.0,0.0,0.0,0.0,,,,,0.0,,0.20201195776462555,,,,,,,0.0,{},{},0.0,0.0,0.0,0.0,0.0,0.0,0.0,0,0,0.0,0.0,,0.0
282,41756-1786688958442437800,41756,577536,2954,2257,97,600,0.7640487474610698,0.76,0.795,0.005334687419235706,0.050336726009845734,1.1682261228561401,0.6622335910797119,13,11,1,1,0.8461538461538461,1.7692307692307692,2.076923076923077,0.3076923076923077,0.8032424449920654,0.004638671875,0.008935547433793545,0.0028756605461239815,0.0034594726748764515,0.01137695275247097,1.1376953125,-0.003662109375,0.0,0.0,0.0,0.0,0.005334687419235706,0.01601562462747097,0.010519330739043653,0.6567757554236107,1.0,0.22864426557883613,-0.023692397114176016,0.08442156131450947,0.0677160918712616,0.01068017166107893,0.07029887288808823,0.08674730360507965,0.09285084903240204,0.11019182950258255,0.0,0.0,0.0,2.0703640901125393,0.011973543000819448,0.08128004807692307,0.8391889746372516,0.00021123199999999997,0.005,0.0,0.0,0.0,0.0,0.0,0.0,0.0,0.0,0.0,,0.0,0.0,0.0,0.0,0.0,0.0,0.0,0.0,0.0,0.0,0.0,0.0,0.0,0.0,0.0,0.0,0.0,0.0,0.0,,,,,0.0,,0.2937493324279785,,,,,,,0.0,{},{},0.0,0.0,0.0,0.0,0.0,0.0,0.0,0,0,0.0,0.0,,0.0
283,41756-1786688958442437800,41756,579584,2964,2265,97,602,0.7641700404858299,0.76,0.8,0.004432136192917824,0.04517673701047897,1.2429676055908203,0.5804576873779297,10,8,0,2,0.8,2.0,2.1,0.1,0.8879673480987549,0.00341796875,0.008007812313735485,0.002180983778089285,0.0035961915273219347,0.009765625,0.9765625,-0.0037148436531424522,0.0,0.0,0.0,0.0,0.004432136192917824,0.01318359375,0.00945210614008829,0.7169053760255821,1.0,0.28175639868634195,-0.023812839373325307,0.03661376020560662,0.03131454810500145,0.0035774405114352703,0.032110199332237244,0.03639800846576691,0.041846856474876404,0.04328722506761551,0.0,0.0,0.0,2.0992608865102134,0.013055614375237687,0.08723958333333333,0.9935977707306544,0.000210208,0.005,0.0,0.0,0.0,0.0,0.0,0.0,0.0,0.0,0.0,,0.0,0.0,0.0,0.0,0.0,0.0,0.0,0.0,0.0,0.0,0.0,0.0,0.0,0.0,0.0,0.0,0.0,0.0,0.0,,,,,0.0,,0.19428656995296478,,,,,,,0.0,{},{},0.0,0.0,0.0,0.0,0.0,0.0,0.0,0,0,0.0,0.0,,0.0
284,41756-1786688958442437800,41756,581632,2974,2273,97,604,0.7642905178211163,0.82,0.8,0.004023345187306404,0.04394315928220749,1.302839756011963,0.5363046526908875,10,8,0,2,0.8,1.6,2.0,0.4,0.7997391223907471,0.00341796875,0.00766601599752903,0.001973802223801613,0.0032958984375,0.0087890625,0.87890625,-0.003962890710681677,0.0,0.0,0.0,0.0,0.004023345187306404,0.01220703125,0.008983441162854433,0.7358632181462047,1.0,0.3246134146881117,-0.024588890767727908,0.05599587754561351,0.04210539534687996,0.007306676357984543,0.04838494956493378,0.055742163211107254,0.06341854482889175,0.07209447771310806,0.0,0.0,0.0,2.2903980842003455,0.012651010322420357,0.0869891826923077,0.8339037367930779,0.00020918399999999998,0.005,0.0,0.0,0.0,0.0,0.0,0.0,0.0,0.0,0.0,,0.0,0.0,0.0,0.0,0.0,0.0,0.0,0.0,0.0,0.0,0.0,0.0,0.0,0.0,0.0,0.0,0.0,0.0,0.0,,,,,0.0,,0.23999910056591034,,,,,,,0.0,{},{},0.0,0.0,0.0,0.0,0.0,0.0,0.0,0,0,0.0,0.0,,0.0
285,41756-1786688958442437800,41756,583680,2987,2284,97,606,0.7646468028121861,0.82,0.805,0.0046255518682301044,0.04552283510565758,1.3244433403015137,0.6844149231910706,13,11,0,2,0.8461538461538461,1.6153846153846154,1.6923076923076923,0.07692307692307693,0.8982100486755371,0.0048828125,0.00820312462747097,0.0020161126740276814,0.0027001951821148396,0.00927734375,0.927734375,-0.003845703322440386,0.0,0.0,0.0,0.0,0.0046255518682301044,0.01416015625,0.0093822015915066,0.6625307584969695,1.0,0.2715670425880928,-0.02131769602948969,0.045384596355936745,0.036608994007110596,0.005190919619053602,0.03870730847120285,0.04735664650797844,0.05116985738277435,0.05147593095898628,0.0,0.0,0.0,2.175383351065896,0.01199216199297966,0.07563920454545454,0.9099346182563088,0.00020816,0.005,0.0,0.0,0.0,0.0,0.0,0.0,0.0,0.0,0.0,,0.0,0.0,0.0,0.0,0.0,0.0,0.0,0.0,0.0,0.0,0.0,0.0,0.0,0.0,0.0,0.0,0.0,0.0,0.0,,,,,0.0,,0.21835938096046448,,,,,,,0.0,{},{},0.0,0.0,0.0,0.0,0.0,0.0,0.0,0,0,0.0,0.0,,0.0
286,41756-1786688958442437800,41756,585728,2995,2292,97,606,0.7652754590984975,0.84,0.82,0.003955511376261711,0.041432663798332214,1.29751455783844,0.5150260925292969,8,8,0,0,1.0,2.5,2.625,0.125,0.8591655492782593,0.00390625,0.007226563058793545,0.0016077372711151838,0.002541503868997097,0.0087890625,0.87890625,-0.00390625,0.0,0.0,0.0,0.0,0.003955511376261711,0.0126953125,0.008263873343821615,0.6508876765455809,1.0,0.30766807291487197,-0.03030208349227905,0.03656947513421376,0.031304772943258286,0.00391147006303072,0.033535778522491455,0.03581731766462326,0.04090740904211998,0.0482027530670166,0.0,0.0,0.0,2.298028087615967,0.012348889679803203,0.09609375,0.8892127950986226,0.000207136,0.005,0.0,0.0,0.0,0.0,0.0,0.0,0.0,0.0,0.0,,0.0,0.0,0.0,0.0,0.0,0.0,0.0,0.0,0.0,0.0,0.0,0.0,0.0,0.0,0.0,0.0,0.0,0.0,0.0,,,,,0.0,,0.19327858090400696,,,,,,,0.0,{},{},0.0,0.0,0.0,0.0,0.0,0.0,0.0,0,0,0.0,0.0,,0.0
287,41756-1786688958442437800,41756,587776,3006,2301,97,608,0.7654690618762475,0.84,0.81,0.004761899821460247,0.046247467398643494,1.3834266662597656,0.656415581703186,11,9,0,2,0.8181818181818182,1.5454545454545454,1.6363636363636365,0.09090909090909091,0.9101068377494812,0.00390625,0.00795898400247097,0.0022488669492304325,0.003312988206744194,0.0107421875,1.07421875,-0.003771484363824129,0.0,0.0,0.0,0.0,0.004761899821460247,0.0146484375,0.009349447791464627,0.6382120672868584,1.0,0.2574490907124679,-0.0309300433145836,0.03401287901215255,0.026228809729218483,0.004217342473566532,0.028895404189825058,0.03369080275297165,0.03946934640407562,0.04192664474248886,0.0,0.0,0.0,2.158290535211563,0.013809206886435277,0.09521484375,0.8758084438741207,0.00020611200000000002,0.005,0.0,0.0,0.0,0.0,0.0,0.0,0.0,0.0,0.0,,0.0,0.0,0.0,0.0,0.0,0.0,0.0,0.0,0.0,0.0,0.0,0.0,0.0,0.0,0.0,0.0,0.0,0.0,0.0,,,,,0.0,,0.19680772721767426,,,,,,,0.0,{},{},0.0,0.0,0.0,0.0,0.0,0.0,0.0,0,0,0.0,0.0,,0.0
288,41756-1786688958442437800,41756,589824,3017,2312,97,608,0.7663241630759032,0.88,0.82,0.0031557579059153795,0.04474298655986786,1.2692320346832275,0.7299559712409973,11,11,0,0,1.0,1.6363636363636365,1.9090909090909092,0.2727272727272727,0.86342453956604,0.00537109375,0.005078124813735485,0.0016028331592679024,0.0030566405039280653,0.005859375,0.5859375,-0.003880859585478902,0.0,0.0,0.0,0.0,0.0031557579059153795,0.01123046875,0.006242993229534477,0.5558483372474751,1.0,0.34553446854213987,-0.026658440274851664,0.06866176000663213,0.05344708636403084,0.008646992035210133,0.05679168924689293,0.06802842020988464,0.07818533480167389,0.08383280038833618,0.0,0.0,0.0,2.290091412408011,0.01247035521997272,0.08998325892857142,0.9041044754641396,0.000205088,0.005,0.0,0.0,0.0,0.0,0.0,0.0,0.0,0.0,0.0,,0.0,0.0,0.0,0.0,0.0,0.0,0.0,0.0,0.0,0.0,0.0,0.0,0.0,0.0,0.0,0.0,0.0,0.0,0.0,,,,,0.0,,0.26976341009140015,,,,,,,0.0,{},{},0.0,0.0,0.0,0.0,0.0,0.0,0.0,0,0,0.0,0.0,,0.0
289,41756-1786688958442437800,41756,591872,3028,2319,98,611,0.7658520475561427,0.84,0.82,0.0046599009074270725,0.049908459186553955,1.1968345642089844,0.612704336643219,11,7,1,3,0.6363636363636364,1.1818181818181819,1.7272727272727273,0.5454545454545454,0.8755017518997192,0.002197265625,0.00834961049258709,0.002692041452974081,0.003913573920726776,0.01123046875,1.123046875,-0.0037050782702863216,0.0,0.0,0.0,0.0,0.0046599009074270725,0.013427734375,0.010001014336012304,0.7447473497302164,1.0,0.275906736020037,-0.026563780149444938,0.04630194524569171,0.039677686989307404,0.004105438943952322,0.04203632101416588,0.04508798569440842,0.05188395455479622,0.052098192274570465,0.0,0.0,0.0,2.145584464073181,0.013697304534226922,0.09905133928571429,0.8576291160924094,0.00020406400000000003,0.005,0.0,0.0,0.0,0.0,0.0,0.0,0.0,0.0,0.0,,0.0,0.0,0.0,0.0,0.0,0.0,0.0,0.0,0.0,0.0,0.0,0.0,0.0,0.0,0.0,0.0,0.0,0.0,0.0,,,,,0.0,,0.2161884754896164,,,,,,,0.0,{},{},0.0,0.0,0.0,0.0,0.0,0.0,0.0,0,0,0.0,0.0,,0.0
290,41756-1786688958442437800,41756,593920,3040,2330,98,612,0.7664473684210527,0.86,0.825,0.0028734670486301184,0.04041321575641632,1.2035123109817505,0.5624871253967285,12,11,0,1,0.9166666666666666,1.9166666666666667,2.0833333333333335,0.16666666666666666,0.8571744561195374,0.005126953125,0.0054687499068677425,0.0006253868341445923,0.0019311521900817752,0.00537109375,0.537109375,-0.004080078098922968,0.0,0.0,0.0,0.0,0.0028734670486301184,0.010498046875,0.006107884662924334,0.5817561094491575,1.0,0.38861414255024634,-0.03280278656166047,0.04413258517161012,0.03933192044496536,0.0031945204827934504,0.04013105481863022,0.044396527111530304,0.04833051189780235,0.049268290400505066,0.0,0.0,0.0,2.424253284931183,0.012175445284810849,0.09130859375,0.817036084830761,0.00020304,0.005,0.0,0.0,0.0,0.0,0.0,0.0,0.0,0.0,0.0,,0.0,0.0,0.0,0.0,0.0,0.0,0.0,0.0,0.0,0.0,0.0,0.0,0.0,0.0,0.0,0.0,0.0,0.0,0.0,,,,,0.0,,0.21257662773132324,,,,,,,0.0,{},{},0.0,0.0,0.0,0.0,0.0,0.0,0.0,0,0,0.0,0.0,,0.0
291,41756-1786688958442437800,41756,595968,3050,2337,98,615,0.7662295081967213,0.84,0.815,0.002913548843935132,0.042338304221630096,1.185114860534668,0.6480832695960999,10,7,0,3,0.7,1.1,1.4,0.3,0.7135248184204102,0.002685546875,0.005566406063735485,0.0018934395629912615,0.0030517578125,0.0068359375,0.68359375,-0.0038691405206918716,0.0,0.0,0.0,0.0,0.002913548843935132,0.009521484375,0.0068027054076083004,0.7143834675610378,1.0,0.40631628977515355,-0.03046646193251945,0.11084752902388573,0.07903090864419937,0.02012166939675808,0.08986164629459381,0.11159932613372803,0.13613064587116241,0.1454150527715683,0.0,0.0,0.0,2.274746134877205,0.011119651473563863,0.0819091796875,1.1320342756807804,0.00020201599999999998,0.005,0.0,0.0,0.0,0.0,0.0,0.0,0.0,0.0,0.0,,0.0,0.0,0.0,0.0,0.0,0.0,0.0,0.0,0.0,0.0,0.0,0.0,0.0,0.0,0.0,0.0,0.0,0.0,0.0,,,,,0.0,,0.3468760848045349,,,,,,,0.0,{},{},0.0,0.0,0.0,0.0,0.0,0.0,0.0,0,0,0.0,0.0,,0.0
292,41756-1786688958442437800,41756,598016,3062,2347,99,616,0.7664924885695624,0.8,0.82,0.004786711651831865,0.05108489841222763,0.9027631282806396,0.60421222448349,12,10,1,1,0.8333333333333334,1.5833333333333333,2.0,0.4166666666666667,0.6642594337463379,0.004150390625,0.007861328311264515,0.002760837087407708,0.004636229947209358,0.01025390625,1.025390625,-0.003640624927356839,0.0,0.0,0.0,0.0,0.004786711651831865,0.014404296875,0.009710595069918782,0.6740989202916918,1.0,0.25272821233382875,-0.027292680693790317,0.11819930640714509,0.09545261412858963,0.016878632828593254,0.09632952511310577,0.12160905450582504,0.1403007060289383,0.1443089097738266,0.0,0.0,0.0,2.154943193708147,0.011560477044050848,0.08356584821428571,0.9875821258340564,0.00020099200000000002,0.005,0.0,0.0,0.0,0.0,0.0,0.0,0.0,0.0,0.0,,0.0,0.0,0.0,0.0,0.0,0.0,0.0,0.0,0.0,0.0,0.0,0.0,0.0,0.0,0.0,0.0,0.0,0.0,0.0,,,,,0.0,,0.35009947419166565,,,,,,,0.0,{},{},0.0,0.0,0.0,0.0,0.0,0.0,0.0,0,0,0.0,0.0,,0.0
293,41756-1786688958442437800,41756,600064,3073,2356,101,616,0.7666775138301334,0.8,0.815,0.003020837903022766,0.0512855239212513,1.0476751327514648,0.9008306860923767,11,9,2,0,0.8181818181818182,1.3636363636363635,2.0,0.6363636363636364,0.8514022827148438,0.00341796875,0.005615234375,0.002539013745263219,0.004743652418255806,0.005859375,0.5859375,-0.0037050782702863216,0.0,0.0,0.0,0.0,0.003020837903022766,0.00927734375,0.007435900915879756,0.8014254608619945,1.0,0.3993253936389587,-0.026645553098725423,0.11584570152418953,0.09224440902471542,0.01592952013015747,0.09585518389940262,0.11155085265636444,0.13532450795173645,0.15056242048740387,0.0,0.0,0.0,2.1206940497670854,0.011575625521280537,0.07742745535714286,0.8248241458620343,0.000199968,0.005,0.0,0.0,0.0,0.0,0.0,0.0,0.0,0.0,0.0,,0.0,0.0,0.0,0.0,0.0,0.0,0.0,0.0,0.0,0.0,0.0,0.0,0.0,0.0,0.0,0.0,0.0,0.0,0.0,,,,,0.0,,0.3472556173801422,,,,,,,0.0,{},{},0.0,0.0,0.0,0.0,0.0,0.0,0.0,0,0,0.0,0.0,,0.0
294,41756-1786688958442437800,41756,602112,3084,2365,102,617,0.7668612191958496,0.8,0.81,0.0035996190272271633,0.043051645159721375,1.0142254829406738,0.6189412474632263,11,9,1,1,0.8181818181818182,1.2727272727272727,1.9090909090909092,0.6363636363636364,0.8658970594406128,0.003662109375,0.006591796875,0.0018793917261064053,0.0030712890438735485,0.0078125,0.78125,-0.003835937473922968,0.0,0.0,0.0,0.0,0.0035996190272271633,0.011474609375,0.007829467067494988,0.6822702665839904,1.0,0.3342687389028496,-0.03391186270164326,0.04818548099137843,0.04094964265823364,0.005256554577499628,0.04287893325090408,0.04664115607738495,0.05401809886097908,0.06154855340719223,0.0,0.0,0.0,2.184142917394638,0.012218402811413398,0.0919189453125,0.8102526478469372,0.00019894400000000003,0.005,0.0,0.0,0.0,0.0,0.0,0.0,0.0,0.0,0.0,,0.0,0.0,0.0,0.0,0.0,0.0,0.0,0.0,0.0,0.0,0.0,0.0,0.0,0.0,0.0,0.0,0.0,0.0,0.0,,,,,0.0,,0.2266567051410675,,,,,,,0.0,{},{},0.0,0.0,0.0,0.0,0.0,0.0,0.0,0,0,0.0,0.0,,0.0
295,41756-1786688958442437800,41756,604160,3092,2372,102,618,0.7671410090556274,0.82,0.82,0.0018844897858798504,0.03696633502840996,1.2483558654785156,0.8235377073287964,8,7,0,1,0.875,1.25,1.5,0.25,0.884511411190033,0.003173828125,0.0045410157181322575,0.0007467136601917446,0.002514648251235485,0.0035644532181322575,0.3564453125,-0.0040449220687150955,0.0,0.0,0.0,0.0,0.0018844897858798504,0.0067382813431322575,0.005356356195989065,0.7947963474543946,1.0,0.600200802246833,-0.03234638014276113,0.07554186880588531,0.0663897916674614,0.0054288748651742935,0.06851893663406372,0.07551676779985428,0.08146121352910995,0.08684999495744705,0.0,0.0,0.0,2.3229811702455794,0.016106344268856838,0.11356026785714286,0.902636434350695,0.00019792,0.005,0.0,0.0,0.0,0.0,0.0,0.0,0.0,0.0,0.0,,0.0,0.0,0.0,0.0,0.0,0.0,0.0,0.0,0.0,0.0,0.0,0.0,0.0,0.0,0.0,0.0,0.0,0.0,0.0,,,,,0.0,,0.27986785769462585,,,,,,,0.0,{},{},0.0,0.0,0.0,0.0,0.0,0.0,0.0,0,0,0.0,0.0,,0.0
296,41756-1786688958442437800,41756,606208,3103,2378,103,622,0.7663551401869159,0.78,0.8,0.0023327588569372892,0.03786744177341461,0.9926528930664062,0.5691381692886353,11,6,1,4,0.5454545454545454,1.0,1.4545454545454546,0.45454545454545453,0.799699068069458,0.00146484375,0.005664062686264515,0.0014343527145683765,0.0022705078590661287,0.005859375,0.5859375,-0.0038652345538139343,0.0,0.0,0.0,0.0,0.0023327588569372892,0.00732421875,0.006590277829673141,0.8996697647661568,1.0,0.5276613143892712,-0.03181754722027108,0.05687350453808904,0.04586174711585045,0.0077434116974473,0.04909495264291763,0.05499739199876785,0.06904935836791992,0.07379762828350067,0.0,0.0,0.0,2.224015951156616,0.012695526642346522,0.096923828125,1.046180084347725,0.000196896,0.005,0.0,0.0,0.0,0.0,0.0,0.0,0.0,0.0,0.0,,0.0,0.0,0.0,0.0,0.0,0.0,0.0,0.0,0.0,0.0,0.0,0.0,0.0,0.0,0.0,0.0,0.0,0.0,0.0,,,,,0.0,,0.25471776723861694,,,,,,,0.0,{},{},0.0,0.0,0.0,0.0,0.0,0.0,0.0,0,0,0.0,0.0,,0.0
297,41756-1786688958442437800,41756,608256,3113,2383,103,627,0.7654995181496949,0.7,0.78,0.002529781311750412,0.041754644364118576,1.211277961730957,0.6408022046089172,10,5,0,5,0.5,1.1,1.3,0.2,0.7935819029808044,0.001220703125,0.00571289099752903,0.0014186771586537361,0.0027905271854251623,0.0068359375,0.68359375,-0.003929687663912773,0.0,0.0,0.0,0.0,0.002529781311750412,0.008056640625,0.0067651920835487545,0.8395996295191875,1.0,0.48769706255207596,-0.029420601802745035,0.08240125381520816,0.06972583383321762,0.009687518700957298,0.07213415205478668,0.08150631189346313,0.09415527433156967,0.10536438226699829,0.0,0.0,0.0,2.2967497621263777,0.012036945506614367,0.08468191964285714,0.8765279224940709,0.00019587199999999998,0.005,0.0,0.0,0.0,0.0,0.0,0.0,0.0,0.0,0.0,,0.0,0.0,0.0,0.0,0.0,0.0,0.0,0.0,0.0,0.0,0.0,0.0,0.0,0.0,0.0,0.0,0.0,0.0,0.0,,,,,0.0,,0.29113733768463135,,,,,,,0.0,{},{},0.0,0.0,0.0,0.0,0.0,0.0,0.0,0,0,0.0,0.0,,0.0
298,41756-1786688958442437800,41756,610304,3126,2395,103,628,0.7661548304542546,0.72,0.805,0.004631444811820984,0.04963500797748566,1.285698652267456,0.7791905403137207,13,12,0,1,0.9230769230769231,1.7692307692307692,2.1538461538461537,0.38461538461538464,0.7895859479904175,0.005615234375,0.0068359375,0.0027080178260803223,0.003984374925494194,0.00927734375,0.927734375,-0.0036679687909781933,0.0,0.0,0.0,0.0,0.004631444811820984,0.014892578125,0.008509035687893629,0.5713224596855317,1.0,0.24627854771992164,-0.023461169155780226,0.11797009920701385,0.09348869323730469,0.01989266276359558,0.09888899326324463,0.11208636313676834,0.1431148797273636,0.1707715541124344,0.0,0.0,0.0,2.2514981776475906,0.007899567130152718,0.0621337890625,1.483172696083784,0.00019484800000000002,0.005,0.0,0.0,0.0,0.0,0.0,0.0,0.0,0.0,0.0,,0.0,0.0,0.0,0.0,0.0,0.0,0.0,0.0,0.0,0.0,0.0,0.0,0.0,0.0,0.0,0.0,0.0,0.0,0.0,,,,,0.0,,0.35742178559303284,,,,,,,0.0,{},{},0.0,0.0,0.0,0.0,0.0,0.0,0.0,0,0,0.0,0.0,,0.0
299,41756-1786688958442437800,41756,612352,3135,2403,103,629,0.7665071770334928,0.74,0.81,0.003551024477928877,0.04084407910704613,1.416518211364746,0.7223743200302124,9,8,0,1,0.8888888888888888,1.7777777777777777,2.111111111111111,0.3333333333333333,0.8609331846237183,0.003662109375,0.006396484561264515,0.0012640822678804398,0.0022192380856722593,0.00830078125,0.830078125,-0.004019531421363354,0.0,0.0,0.0,0.0,0.003551024477928877,0.011962890625,0.00726731464965269,0.6074374028852082,1.0,0.3359719298138731,-0.031566103745717555,0.06938443658873439,0.05542030930519104,0.009608950465917587,0.05854123830795288,0.06873523443937302,0.07918921858072281,0.0900818407535553,0.0,0.0,0.0,2.2950314432382584,0.014750134880159749,0.1065673828125,0.9178185872733593,0.000193824,0.005,0.0,0.0,0.0,0.0,0.0,0.0,0.0,0.0,0.0,,0.0,0.0,0.0,0.0,0.0,0.0,0.0,0.0,0.0,0.0,0.0,0.0,0.0,0.0,0.0,0.0,0.0,0.0,0.0,,,,,0.0,,0.26938536763191223,,,,,,,0.0,{},{},0.0,0.0,0.0,0.0,0.0,0.0,0.0,0,0,0.0,0.0,,0.0
300,41756-1786688958442437800,41756,614400,3145,2410,103,632,0.766295707472178,0.76,0.8,0.002067433437332511,0.03535933047533035,1.26139235496521,0.7187219262123108,10,7,0,3,0.7,1.2,1.4,0.2,0.8011825680732727,0.002685546875,0.004931640345603228,0.0008322254871018231,0.0022656251676380634,0.0045410157181322575,0.4541015625,-0.00408789049834013,0.0,0.0,0.0,0.0,0.002067433437332511,0.0072265625931322575,0.005706103009288199,0.7894920224849007,1.0,0.5655973844106874,-0.03171152027789503,0.09913050197064877,0.08507933467626572,0.008872988633811474,0.08866208046674728,0.09800178557634354,0.1119159609079361,0.11676299571990967,0.0,0.0,0.0,2.370493322610855,0.01120758694014512,0.093017578125,1.082069594413042,0.00019280000000000002,0.005,0.0,0.0,0.0,0.0,0.0,0.0,0.0,0.0,0.0,,0.0,0.0,0.0,0.0,0.0,0.0,0.0,0.0,0.0,0.0,0.0,0.0,0.0,0.0,0.0,0.0,0.0,0.0,0.0,,,,,0.0,,0.32047057151794434,,,,,,,0.0,{},{},0.0,0.0,0.0,0.0,0.0,0.0,0.0,0,0,0.0,0.0,,0.0
301,41756-1786688958442437800,41756,616448,3154,2415,105,634,0.7656943563728599,0.74,0.79,0.0018862774595618248,0.041555073112249374,1.0722134113311768,0.8817553520202637,9,5,2,2,0.5555555555555556,0.6666666666666666,1.3333333333333333,0.6666666666666666,0.7734209895133972,0.0009765625,0.004833984188735485,0.0013444570358842611,0.0027709961868822575,0.00537109375,0.537109375,-0.003999999724328518,0.0,0.0,0.0,0.0,0.0018862774595618248,0.00634765625,0.005862847494427115,0.9234784911259157,1.0,0.6300545449012959,-0.0248330485628685,0.16720869205892086,0.13643786311149597,0.016006872057914734,0.1494351029396057,0.16743406653404236,0.183555006980896,0.20456066727638245,0.0,0.0,0.0,2.303861379623413,0.011335164885167615,0.0826416015625,1.2815784476697445,0.000191776,0.005,0.0,0.0,0.0,0.0,0.0,0.0,0.0,0.0,0.0,,0.0,0.0,0.0,0.0,0.0,0.0,0.0,0.0,0.0,0.0,0.0,0.0,0.0,0.0,0.0,0.0,0.0,0.0,0.0,,,,,0.0,,0.41971832513809204,,,,,,,0.0,{},{},0.0,0.0,0.0,0.0,0.0,0.0,0.0,0,0,0.0,0.0,,0.0
302,41756-1786688958442437800,41756,618496,3164,2422,105,637,0.7654867256637168,0.76,0.785,0.002838612999767065,0.04000699520111084,1.1320135593414307,0.5541670918464661,10,7,0,3,0.7,1.6,1.8,0.2,0.7851302623748779,0.002685546875,0.005810546688735485,0.0013206773437559605,0.002404785016551614,0.0068359375,0.68359375,-0.0040117185562849045,0.0,0.0,0.0,0.0,0.002838612999767065,0.009521484375,0.006741912278812379,0.7079993007405044,1.0,0.42128906683397993,-0.02656308508345059,0.0593234763613769,0.04860040545463562,0.00608869967982173,0.054081257432699203,0.05818680673837662,0.06419321149587631,0.07471507787704468,0.0,0.0,0.0,2.337198189326695,0.009827075264183804,0.07491629464285714,0.9208107164927891,0.00019075199999999998,0.005,0.0,0.0,0.0,0.0,0.0,0.0,0.0,0.0,0.0,,0.0,0.0,0.0,0.0,0.0,0.0,0.0,0.0,0.0,0.0,0.0,0.0,0.0,0.0,0.0,0.0,0.0,0.0,0.0,,,,,0.0,,0.2568788528442383,,,,,,,0.0,{},{},0.0,0.0,0.0,0.0,0.0,0.0,0.0,0,0,0.0,0.0,,0.0
303,41756-1786688958442437800,41756,620544,3174,2430,105,639,0.7655954631379962,0.74,0.785,0.0030046403408050537,0.04190899804234505,1.1184345483779907,0.5881854891777039,10,8,0,2,0.8,1.4,1.5,0.1,0.8141003847122192,0.00341796875,0.00595703162252903,0.0011485600844025612,0.002954101422801614,0.00634765625,0.634765625,-0.003947265911847353,0.0,0.0,0.0,0.0,0.0030046403408050537,0.009765625,0.006982696999330074,0.714954961343358,1.0,0.4041586435280717,-0.022248199364791315,0.06360956343511741,0.056417375802993774,0.00683921854943037,0.05697719752788544,0.062471166253089905,0.06750360131263733,0.08244678378105164,0.0,0.0,0.0,2.270092944304148,0.010284101932484191,0.0712890625,0.9771790504455566,0.000189728,0.005,0.0,0.0,0.0,0.0,0.0,0.0,0.0,0.0,0.0,,0.0,0.0,0.0,0.0,0.0,0.0,0.0,0.0,0.0,0.0,0.0,0.0,0.0,0.0,0.0,0.0,0.0,0.0,0.0,,,,,0.0,,0.253602534532547,,,,,,,0.0,{},{},0.0,0.0,0.0,0.0,0.0,0.0,0.0,0,0,0.0,0.0,,0.0
304,41756-1786688958442437800,41756,622592,3183,2435,105,643,0.7650015708451147,0.68,0.77,0.0016260070260614157,0.036293357610702515,0.9860947728157043,0.4744366407394409,9,5,0,4,0.5555555555555556,0.8888888888888888,1.2222222222222223,0.3333333333333333,0.7487188577651978,0.00146484375,0.004687500186264515,0.001041982788592577,0.002519531175494194,0.00390625,0.390625,-0.00395117187872529,0.0,0.0,0.0,0.0,0.0016260070260614157,0.00537109375,0.005577878677286208,1.0383062799837042,1.0,0.7354994277092224,-0.034697573709612094,0.04978650733828545,0.04027502238750458,0.006040440872311592,0.04186519980430603,0.049806416034698486,0.055606815963983536,0.06481495499610901,0.0,0.0,0.0,2.3002370516459147,0.01157775104996593,0.08997395833333334,0.8920762419700623,0.000188704,0.005,0.0,0.0,0.0,0.0,0.0,0.0,0.0,0.0,0.0,,0.0,0.0,0.0,0.0,0.0,0.0,0.0,0.0,0.0,0.0,0.0,0.0,0.0,0.0,0.0,0.0,0.0,0.0,0.0,,,,,0.0,,0.23782536387443542,,,,,,,0.0,{},{},0.0,0.0,0.0,0.0,0.0,0.0,0.0,0,0,0.0,0.0,,0.0
305,41756-1786688958442437800,41756,624640,3195,2444,105,646,0.7649452269170579,0.68,0.76,0.004155197646468878,0.047683607786893845,1.1198453903198242,0.5730212330818176,12,9,0,3,0.75,1.3333333333333333,1.8333333333333333,0.5,0.769278347492218,0.003662109375,0.0074707032181322575,0.0019419491291046143,0.002912597730755806,0.00927734375,0.927734375,-0.003828125074505806,0.0,0.0,0.0,0.0,0.004155197646468878,0.012939453125,0.008684339933097363,0.6711001422600774,1.0,0.2958262000200094,-0.03155986354977358,0.07256849855184555,0.0522172674536705,0.010368277318775654,0.05793050676584244,0.07420803606510162,0.08323743939399719,0.0910162702202797,0.0,0.0,0.0,2.167561963200569,0.013137739015292027,0.0975341796875,0.8354759998619556,0.00018768000000000002,0.005,0.0,0.0,0.0,0.0,0.0,0.0,0.0,0.0,0.0,,0.0,0.0,0.0,0.0,0.0,0.0,0.0,0.0,0.0,0.0,0.0,0.0,0.0,0.0,0.0,0.0,0.0,0.0,0.0,,,,,0.0,,0.2752421498298645,,,,,,,0.0,{},{},0.0,0.0,0.0,0.0,0.0,0.0,0.0,0,0,0.0,0.0,,0.0
306,41756-1786688958442437800,41756,626688,3203,2450,105,648,0.764907898844833,0.72,0.76,0.0033353392500430346,0.040364041924476624,1.1093811988830566,0.5180133581161499,8,6,0,2,0.75,1.375,1.75,0.375,0.7649025917053223,0.00244140625,0.006640625186264515,0.0017501774709671736,0.0029321289621293545,0.0078125,0.78125,-0.0038632811047136784,0.0,0.0,0.0,0.0,0.0033353392500430346,0.01025390625,0.007811201794538647,0.7617038716993291,1.0,0.376725150921168,-0.03226095139980316,0.06099376107255618,0.05315405875444412,0.005365197546780109,0.05378614738583565,0.061652425676584244,0.0680941715836525,0.07010211050510406,0.0,0.0,0.0,2.258287858963013,0.015740483339565497,0.124609375,0.7907329797744751,0.000186656,0.005,0.0,0.0,0.0,0.0,0.0,0.0,0.0,0.0,0.0,,0.0,0.0,0.0,0.0,0.0,0.0,0.0,0.0,0.0,0.0,0.0,0.0,0.0,0.0,0.0,0.0,0.0,0.0,0.0,,,,,0.0,,0.2511683404445648,,,,,,,0.0,{},{},0.0,0.0,0.0,0.0,0.0,0.0,0.0,0,0,0.0,0.0,,0.0
307,41756-1786688958442437800,41756,628736,3216,2461,105,650,0.7652363184079602,0.76,0.75,0.004160367883741856,0.046162016689777374,1.1259093284606934,0.6648664474487305,13,11,0,2,0.8461538461538461,1.9230769230769231,2.0,0.07692307692307693,0.8330674767494202,0.0048828125,0.006640625186264515,0.002030273899435997,0.0032958984375,0.0087890625,0.87890625,-0.003841796889901161,0.0,0.0,0.0,0.0,0.004160367883741856,0.013671875,0.007972168270498514,0.5830645179231518,1.0,0.28097944945018233,-0.025205117650330067,0.07205323072580191,0.05418985337018967,0.007792652118951082,0.061697397381067276,0.07363783568143845,0.08003289997577667,0.0802285298705101,0.0,0.0,0.0,2.256836230938251,0.012616205367241772,0.07572115384615384,0.8928239712348351,0.00018563200000000003,0.005,0.0,0.0,0.0,0.0,0.0,0.0,0.0,0.0,0.0,,0.0,0.0,0.0,0.0,0.0,0.0,0.0,0.0,0.0,0.0,0.0,0.0,0.0,0.0,0.0,0.0,0.0,0.0,0.0,,,,,0.0,,0.27164703607559204,,,,,,,0.0,{},{},0.0,0.0,0.0,0.0,0.0,0.0,0.0,0,0,0.0,0.0,,0.0
308,41756-1786688958442437800,41756,630784,3224,2469,105,650,0.765818858560794,0.78,0.765,0.003232485381886363,0.03923382610082626,1.1213569641113281,0.6461248397827148,8,8,0,0,1.0,1.75,2.125,0.375,0.7838211059570312,0.00390625,0.00595703162252903,0.0009960425086319447,0.002031249925494194,0.00732421875,0.732421875,-0.004070312716066837,0.0,0.0,0.0,0.0,0.003232485381886363,0.01123046875,0.0067138547310605645,0.5977717501159913,1.0,0.3624025322660349,-0.026091181888030127,0.08526684057254058,0.07288718223571777,0.008856100961565971,0.07389399409294128,0.08553197979927063,0.09538360685110092,0.10622922331094742,0.0,0.0,0.0,2.3549884466024547,0.013999659232257936,0.09149639423076923,1.001936206450829,0.000184608,0.005,0.0,0.0,0.0,0.0,0.0,0.0,0.0,0.0,0.0,,0.0,0.0,0.0,0.0,0.0,0.0,0.0,0.0,0.0,0.0,0.0,0.0,0.0,0.0,0.0,0.0,0.0,0.0,0.0,,,,,0.0,,0.3004159927368164,,,,,,,0.0,{},{},0.0,0.0,0.0,0.0,0.0,0.0,0.0,0,0,0.0,0.0,,0.0
309,41756-1786688958442437800,41756,632832,3234,2477,105,652,0.7659245516388373,0.82,0.76,0.0031525695230811834,0.044160377234220505,1.3766872882843018,0.7559525966644287,10,8,0,2,0.8,1.1,1.4,0.3,0.6530271172523499,0.00341796875,0.00600585900247097,0.0017639694269746542,0.003508300520479679,0.00634765625,0.634765625,-0.00379296881146729,0.0,0.0,0.0,0.0,0.0031525695230811834,0.009765625,0.0073239264893345535,0.7498932834356346,1.0,0.38836023820585824,-0.024503220862243325,0.18261110689491034,0.13484272360801697,0.021216971799731255,0.1591145545244217,0.1854507029056549,0.20975488424301147,0.2163153886795044,0.0,0.0,0.0,2.2500835210084915,0.010500333890377078,0.0836181640625,1.5298605188727379,0.00018358400000000004,0.005,0.0,0.0,0.0,0.0,0.0,0.0,0.0,0.0,0.0,,0.0,0.0,0.0,0.0,0.0,0.0,0.0,0.0,0.0,0.0,0.0,0.0,0.0,0.0,0.0,0.0,0.0,0.0,0.0,,,,,0.0,,0.44528937339782715,,,,,,,0.0,{},{},0.0,0.0,0.0,0.0,0.0,0.0,0.0,0,0,0.0,0.0,,0.0
310,41756-1786688958442437800,41756,634880,3248,2490,105,653,0.7666256157635468,0.86,0.77,0.005632647313177586,0.053928397595882416,0.8941292762756348,0.42279499769210815,14,13,0,1,0.9285714285714286,2.0,2.4285714285714284,0.42857142857142855,0.8116559386253357,0.006103515625,0.00830078125,0.0028434486594051123,0.00435790978372097,0.01171875,1.171875,-0.0036347657442092896,0.0,0.0,0.0,0.0,0.005632647313177586,0.017822265625,0.01010112086078152,0.5667379409199329,1.0,0.20393376952823647,-0.03034308316806952,0.03189531813065211,0.022807398810982704,0.005101453047245741,0.025188107043504715,0.032226406037807465,0.037180833518505096,0.04239417612552643,0.0,0.0,0.0,2.126908365885417,0.01201506502693519,0.08645833333333333,0.841080101331075,0.00018256000000000001,0.005,0.0,0.0,0.0,0.0,0.0,0.0,0.0,0.0,0.0,,0.0,0.0,0.0,0.0,0.0,0.0,0.0,0.0,0.0,0.0,0.0,0.0,0.0,0.0,0.0,0.0,0.0,0.0,0.0,,,,,0.0,,0.18348722159862518,,,,,,,0.0,{},{},0.0,0.0,0.0,0.0,0.0,0.0,0.0,0,0,0.0,0.0,,0.0
311,41756-1786688958442437800,41756,636928,3257,2494,105,658,0.7657353392692662,0.8,0.755,0.0014285200741142035,0.03833036869764328,0.8883304595947266,0.5085262060165405,9,4,0,5,0.4444444444444444,1.1111111111111112,1.4444444444444444,0.3333333333333333,0.7402061820030212,0.000732421875,0.004589844029396772,0.0005831699818372726,0.002338866936042905,0.00439453125,0.439453125,-0.004029296804219484,0.0,0.0,0.0,0.0,0.0014285200741142035,0.005126953125,0.005320353258866817,1.0375198698538837,1.0,0.7857514891420705,-0.029943561530672014,0.06486133835278451,0.04667240008711815,0.008952093310654163,0.05484679341316223,0.0663067102432251,0.07470257580280304,0.08144199848175049,0.0,0.0,0.0,2.3610227704048157,0.010991513783665141,0.08544921875,1.073024183511734,0.000181536,0.005,0.0,0.0,0.0,0.0,0.0,0.0,0.0,0.0,0.0,,0.0,0.0,0.0,0.0,0.0,0.0,0.0,0.0,0.0,0.0,0.0,0.0,0.0,0.0,0.0,0.0,0.0,0.0,0.0,,,,,0.0,,0.2591956853866577,,,,,,,0.0,{},{},0.0,0.0,0.0,0.0,0.0,0.0,0.0,0,0,0.0,0.0,,0.0
312,41756-1786688958442437800,41756,638976,3266,2499,105,662,0.7651561543172076,0.76,0.745,0.0015545747010037303,0.03274507075548172,0.9030663371086121,0.691044807434082,9,5,0,4,0.5555555555555556,0.6666666666666666,1.2222222222222223,0.5555555555555556,0.7301287651062012,0.00146484375,0.0044921874068677425,0.000754900393076241,0.0020507811568677425,0.00390625,0.390625,-0.004042969085276127,0.0,0.0,0.0,0.0,0.0015545747010037303,0.00537109375,0.005193607794353738,0.9667753460843341,1.0,0.7525872170931728,-0.031032250883678596,0.1228235681851705,0.09687132388353348,0.011112164705991745,0.11101747304201126,0.1219407320022583,0.13648845255374908,0.13787530362606049,0.0,0.0,0.0,2.360554011662801,0.01250783131690696,0.09661458333333334,0.8393693288167318,0.00018051200000000002,0.005,0.0,0.0,0.0,0.0,0.0,0.0,0.0,0.0,0.0,,0.0,0.0,0.0,0.0,0.0,0.0,0.0,0.0,0.0,0.0,0.0,0.0,0.0,0.0,0.0,0.0,0.0,0.0,0.0,,,,,0.0,,0.358991801738739,,,,,,,0.0,{},{},0.0,0.0,0.0,0.0,0.0,0.0,0.0,0,0,0.0,0.0,,0.0
313,41756-1786688958442437800,41756,641024,3277,2506,106,665,0.7647238327738786,0.7,0.73,0.0023060617968440056,0.03581501170992851,1.157776117324829,0.8602752685546875,11,7,1,3,0.6363636363636364,0.9090909090909091,1.0909090909090908,0.18181818181818182,0.833547830581665,0.002197265625,0.00537109375,0.0009582900675013661,0.0020800780039280653,0.0055175782181322575,0.5517578125,-0.003990234807133675,0.0,0.0,0.0,0.0,0.0023060617968440056,0.0077148438431322575,0.006130685767857358,0.7945580408958351,1.0,0.5171482067622863,-0.03425208609551191,0.11622537523508072,0.09520106017589569,0.009635933674871922,0.10395275056362152,0.11836934089660645,0.1269395351409912,0.12945520877838135,0.0,0.0,0.0,2.3091939290364585,0.013188963290303946,0.09544270833333333,0.9459410230318706,0.00017948799999999997,0.005,0.0,0.0,0.0,0.0,0.0,0.0,0.0,0.0,0.0,,0.0,0.0,0.0,0.0,0.0,0.0,0.0,0.0,0.0,0.0,0.0,0.0,0.0,0.0,0.0,0.0,0.0,0.0,0.0,,,,,0.0,,0.3509798049926758,,,,,,,0.0,{},{},0.0,0.0,0.0,0.0,0.0,0.0,0.0,0,0,0.0,0.0,,0.0
314,41756-1786688958442437800,41756,643072,3288,2515,107,666,0.7649026763990268,0.68,0.735,0.004427412059158087,0.05146133154630661,0.7928548455238342,0.6297516226768494,11,9,1,1,0.8181818181818182,1.6363636363636365,2.272727272727273,0.6363636363636364,0.7437476515769958,0.003662109375,0.007373047061264515,0.002602593507617712,0.004477539099752903,0.009765625,0.9765625,-0.0035742188338190317,0.0,0.0,0.0,0.0,0.004427412059158087,0.013427734375,0.009143080213107169,0.6808594136859728,1.0,0.26616200261381906,-0.02869747841032222,0.09363100305199623,0.06882946193218231,0.01455786544829607,0.07641628384590149,0.09341404587030411,0.1127941682934761,0.11914218217134476,0.0,0.0,0.0,2.0435826182365417,0.010618736858305056,0.0811767578125,0.8400309905409813,0.000178464,0.005,0.0,0.0,0.0,0.0,0.0,0.0,0.0,0.0,0.0,,0.0,0.0,0.0,0.0,0.0,0.0,0.0,0.0,0.0,0.0,0.0,0.0,0.0,0.0,0.0,0.0,0.0,0.0,0.0,,,,,0.0,,0.31878891587257385,,,,,,,0.0,{},{},0.0,0.0,0.0,0.0,0.0,0.0,0.0,0,0,0.0,0.0,,0.0
315,41756-1786688958442437800,41756,645120,3300,2524,107,669,0.7648484848484849,0.68,0.74,0.003241574391722679,0.04286804422736168,1.190772294998169,0.6209431290626526,12,9,0,3,0.75,1.5,1.75,0.25,0.8271524906158447,0.003662109375,0.006250000558793545,0.001590490574017167,0.0028735350351780653,0.0068359375,0.68359375,-0.003886719001457095,0.0,0.0,0.0,0.0,0.003241574391722679,0.010498046875,0.007366006961092353,0.7015881583148331,1.0,0.3701973186453742,-0.029766741092316806,0.06854185019619763,0.05141017213463783,0.007693361025303602,0.06134725362062454,0.06883859634399414,0.07808045297861099,0.08383084833621979,0.0,0.0,0.0,2.1799711138010025,0.010768496911623515,0.080322265625,1.3038159534335136,0.00017743999999999998,0.005,0.0,0.0,0.0,0.0,0.0,0.0,0.0,0.0,0.0,,0.0,0.0,0.0,0.0,0.0,0.0,0.0,0.0,0.0,0.0,0.0,0.0,0.0,0.0,0.0,0.0,0.0,0.0,0.0,,,,,0.0,,0.2581566870212555,,,,,,,0.0,{},{},0.0,0.0,0.0,0.0,0.0,0.0,0.0,0,0,0.0,0.0,,0.0
316,41756-1786688958442437800,41756,647168,3309,2532,107,670,0.7651858567543064,0.72,0.755,0.00348721444606781,0.04107114300131798,1.2948542833328247,0.6787797808647156,9,8,0,1,0.8888888888888888,1.5555555555555556,1.7777777777777777,0.2222222222222222,0.878348171710968,0.003662109375,0.006884765811264515,0.0018917710985988379,0.003029785118997097,0.0068359375,0.68359375,-0.0038476563058793545,0.0,0.0,0.0,0.0,0.00348721444606781,0.010498046875,0.008115154865663499,0.7729420548628133,1.0,0.36647672419115235,-0.033872113592224196,0.05454392428509891,0.04623161256313324,0.005764979403465986,0.048599716275930405,0.05370181053876877,0.059306658804416656,0.07108185440301895,0.0,0.0,0.0,2.2199182212352753,0.01238126095631742,0.091796875,0.9209757782518864,0.000176416,0.005,0.0,0.0,0.0,0.0,0.0,0.0,0.0,0.0,0.0,,0.0,0.0,0.0,0.0,0.0,0.0,0.0,0.0,0.0,0.0,0.0,0.0,0.0,0.0,0.0,0.0,0.0,0.0,0.0,,,,,0.0,,0.23674902319908142,,,,,,,0.0,{},{},0.0,0.0,0.0,0.0,0.0,0.0,0.0,0,0,0.0,0.0,,0.0
317,41756-1786688958442437800,41756,649216,3318,2541,107,670,0.7658227848101266,0.8,0.77,0.003679858520627022,0.0397036112844944,1.2853918075561523,0.6808568239212036,9,9,0,0,1.0,1.8888888888888888,2.0,0.1111111111111111,0.581587553024292,0.00439453125,0.0066894530318677425,0.0009918578434735537,0.0019140623044222593,0.0078125,0.78125,-0.0040117185562849045,0.0,0.0,0.0,0.0,0.003679858520627022,0.01220703125,0.007415933068841696,0.6074634735917551,1.0,0.32861306414864433,-0.026383527430395286,0.18009215195973713,0.14508724212646484,0.015425215475261211,0.1643829345703125,0.1800101399421692,0.2015955150127411,0.2057240903377533,0.0,0.0,0.0,2.3042051792144775,0.01099657939436535,0.078515625,1.0330979903539022,0.000175392,0.005,0.0,0.0,0.0,0.0,0.0,0.0,0.0,0.0,0.0,,0.0,0.0,0.0,0.0,0.0,0.0,0.0,0.0,0.0,0.0,0.0,0.0,0.0,0.0,0.0,0.0,0.0,0.0,0.0,,,,,0.0,,0.44041094183921814,,,,,,,0.0,{},{},0.0,0.0,0.0,0.0,0.0,0.0,0.0,0,0,0.0,0.0,,0.0
318,41756-1786688958442437800,41756,651264,3327,2547,107,673,0.7655545536519387,0.82,0.76,0.001839553820900619,0.03320625051856041,1.3470842838287354,0.6366702318191528,9,6,0,3,0.6666666666666666,1.0,1.2222222222222223,0.2222222222222222,0.8287013173103333,0.002197265625,0.0047363280318677425,0.0008260346949100494,0.0024169920943677425,0.0040527344681322575,0.4052734375,-0.003999999724328518,0.0,0.0,0.0,0.0,0.001839553820900619,0.0062500000931322575,0.0055470847291871905,0.8873915607970583,1.0,0.6398975627473066,-0.02873822537367232,0.06616778718307614,0.04595194756984711,0.01051876600831747,0.05593249201774597,0.06607522070407867,0.07858677208423615,0.08829514682292938,0.0,0.0,0.0,2.375236839056015,0.013842294207279338,0.0997314453125,0.8242596201598644,0.00017436800000000002,0.005,0.0,0.0,0.0,0.0,0.0,0.0,0.0,0.0,0.0,,0.0,0.0,0.0,0.0,0.0,0.0,0.0,0.0,0.0,0.0,0.0,0.0,0.0,0.0,0.0,0.0,0.0,0.0,0.0,,,,,0.0,,0.2635066509246826,,,,,,,0.0,{},{},0.0,0.0,0.0,0.0,0.0,0.0,0.0,0,0,0.0,0.0,,0.0
319,41756-1786688958442437800,41756,653312,3337,2554,107,676,0.7653581060833083,0.8,0.75,0.003541175276041031,0.04320257157087326,1.146744966506958,0.7020317912101746,10,7,0,3,0.7,1.1,1.3,0.2,0.827870786190033,0.002685546875,0.007031249813735485,0.0016340110450983047,0.0032666013576090336,0.0078125,0.78125,-0.0038164062425494194,0.0,0.0,0.0,0.0,0.003541175276041031,0.010498046875,0.00825640291441232,0.7863954711996007,1.0,0.3635002574983188,-0.0322632105962839,0.08107661223039031,0.06654626131057739,0.007332588545978069,0.0712885707616806,0.08350484818220139,0.0869869738817215,0.09575902670621872,0.0,0.0,0.0,2.2309063971042633,0.013630713005113648,0.0986328125,0.8407219536602497,0.000173344,0.005,0.0,0.0,0.0,0.0,0.0,0.0,0.0,0.0,0.0,,0.0,0.0,0.0,0.0,0.0,0.0,0.0,0.0,0.0,0.0,0.0,0.0,0.0,0.0,0.0,0.0,0.0,0.0,0.0,,,,,0.0,,0.291262149810791,,,,,,,0.0,{},{},0.0,0.0,0.0,0.0,0.0,0.0,0.0,0,0,0.0,0.0,,0.0
320,41756-1786688958442437800,41756,655360,3348,2563,108,677,0.765531660692951,0.8,0.76,0.0034496854059398174,0.0472903698682785,0.9314503073692322,0.5786051750183105,11,9,1,1,0.8181818181818182,1.9090909090909092,2.272727272727273,0.36363636363636365,0.7632491588592529,0.003662109375,0.006396484561264515,0.002050996758043766,0.003518066368997097,0.0074707032181322575,0.7470703125,-0.003867187537252903,0.0,0.0,0.0,0.0,0.0034496854059398174,0.011132812593132257,0.007788750343024731,0.6995582400793343,1.0,0.34733722207955303,-0.028637654979580214,0.07558710713471685,0.06471091508865356,0.008824063464999199,0.06838376075029373,0.07262703776359558,0.08474999666213989,0.09821974486112595,0.0,0.0,0.0,2.2429328986576627,0.013324679002315471,0.09109933035714286,0.8655336414064679,0.00017231999999999998,0.005,0.0,0.0,0.0,0.0,0.0,0.0,0.0,0.0,0.0,,0.0,0.0,0.0,0.0,0.0,0.0,0.0,0.0,0.0,0.0,0.0,0.0,0.0,0.0,0.0,0.0,0.0,0.0,0.0,,,,,0.0,,0.2815321981906891,,,,,,,0.0,{},{},0.0,0.0,0.0,0.0,0.0,0.0,0.0,0,0,0.0,0.0,,0.0
321,41756-1786688958442437800,41756,657408,3358,2569,108,681,0.7650387135199523,0.74,0.76,0.0021614227443933487,0.039865732192993164,1.1704994440078735,0.6231414079666138,10,6,0,4,0.6,1.1,1.6,0.5,0.8331196308135986,0.001953125,0.005078125279396772,0.0010626604780554771,0.0027148437220603228,0.00537109375,0.537109375,-0.004007812589406967,0.0,0.0,0.0,0.0,0.0021614227443933487,0.00732421875,0.006022501329425722,0.8221599292752483,1.0,0.5471253113645196,-0.027669765387794802,0.06374250991003853,0.05349951237440109,0.006459866650402546,0.05428753048181534,0.06435538828372955,0.07204911857843399,0.07460947334766388,0.0,0.0,0.0,2.3371534858431136,0.010741930833319202,0.07756696428571429,0.9133878222533635,0.000171296,0.005,0.0,0.0,0.0,0.0,0.0,0.0,0.0,0.0,0.0,,0.0,0.0,0.0,0.0,0.0,0.0,0.0,0.0,0.0,0.0,0.0,0.0,0.0,0.0,0.0,0.0,0.0,0.0,0.0,,,,,0.0,,0.2545594274997711,,,,,,,0.0,{},{},0.0,0.0,0.0,0.0,0.0,0.0,0.0,0,0,0.0,0.0,,0.0
322,41756-1786688958442437800,41756,659456,3370,2578,108,684,0.7649851632047477,0.74,0.76,0.0032150133047252893,0.04371696338057518,1.184339165687561,0.691351056098938,12,9,0,3,0.75,1.0833333333333333,1.5,0.4166666666666667,0.870941698551178,0.003662109375,0.005908203311264515,0.0016096463659778237,0.0034399412106722593,0.0068359375,0.68359375,-0.003888671984896064,0.0,0.0,0.0,0.0,0.0032150133047252893,0.010498046875,0.007170600205427036,0.6829763016394796,1.0,0.3703833339534513,-0.021080823911523276,0.0590033314444802,0.04541623592376709,0.008253717795014381,0.04888974130153656,0.05928356200456619,0.0653507262468338,0.0767536610364914,0.0,0.0,0.0,2.238614472475919,0.012388368145118213,0.08309659090909091,0.8887302062728188,0.00017027199999999999,0.005,0.0,0.0,0.0,0.0,0.0,0.0,0.0,0.0,0.0,,0.0,0.0,0.0,0.0,0.0,0.0,0.0,0.0,0.0,0.0,0.0,0.0,0.0,0.0,0.0,0.0,0.0,0.0,0.0,,,,,0.0,,0.24836565554141998,,,,,,,0.0,{},{},0.0,0.0,0.0,0.0,0.0,0.0,0.0,0,0,0.0,0.0,,0.0
323,41756-1786688958442437800,41756,661504,3382,2588,108,686,0.7652276759314015,0.76,0.765,0.004374079406261444,0.04718479886651039,1.2052373886108398,0.6908779740333557,12,10,0,2,0.8333333333333334,1.5,1.8333333333333333,0.3333333333333333,0.7997992038726807,0.00439453125,0.007373047061264515,0.002609820803627372,0.003298339666798711,0.00927734375,0.927734375,-0.0037480469327419996,0.0,0.0,0.0,0.0,0.004374079406261444,0.013671875,0.008850087178871036,0.647273318806106,1.0,0.2741228112406498,-0.02746392198605463,0.09022672101855278,0.07013191282749176,0.009274722076952457,0.07786957919597626,0.09171216189861298,0.09993484616279602,0.10776230692863464,0.0,0.0,0.0,2.1179562360048294,0.011967002188612241,0.0701904296875,1.153645295649767,0.00016924800000000002,0.005,0.0,0.0,0.0,0.0,0.0,0.0,0.0,0.0,0.0,,0.0,0.0,0.0,0.0,0.0,0.0,0.0,0.0,0.0,0.0,0.0,0.0,0.0,0.0,0.0,0.0,0.0,0.0,0.0,,,,,0.0,,0.30912506580352783,,,,,,,0.0,{},{},0.0,0.0,0.0,0.0,0.0,0.0,0.0,0,0,0.0,0.0,,0.0
324,41756-1786688958442437800,41756,663552,3388,2593,108,687,0.7653482880755608,0.76,0.77,0.0021136945579200983,0.03517477959394455,1.3336856365203857,0.6469279527664185,6,5,0,1,0.8333333333333334,1.8333333333333333,2.0,0.16666666666666666,0.7330833673477173,0.002197265625,0.005175781436264515,0.0005993270315229893,0.0021968884393572807,0.0050292969681322575,0.5029296875,-0.004058593884110451,0.0,0.0,0.0,0.0,0.0021136945579200983,0.0072265625931322575,0.005874835303984582,0.8128376929681581,1.0,0.5615439274046536,-0.03094729158328846,0.10636348323896527,0.09323093295097351,0.009595614857971668,0.09643909335136414,0.10488510876893997,0.11607919633388519,0.13149112462997437,0.0,0.0,0.0,2.225792184472084,0.014278701732109766,0.09326171875,1.1386057510972023,0.000168224,0.005,0.0,0.0,0.0,0.0,0.0,0.0,0.0,0.0,0.0,,0.0,0.0,0.0,0.0,0.0,0.0,0.0,0.0,0.0,0.0,0.0,0.0,0.0,0.0,0.0,0.0,0.0,0.0,0.0,,,,,0.0,,0.3342287242412567,,,,,,,0.0,{},{},0.0,0.0,0.0,0.0,0.0,0.0,0.0,0,0,0.0,0.0,,0.0
325,41756-1786688958442437800,41756,665600,3401,2602,108,691,0.7650690973243164,0.74,0.76,0.003747235983610153,0.04381000995635986,1.3417173624038696,0.6657076478004456,13,9,0,4,0.6923076923076923,1.2307692307692308,1.3846153846153846,0.15384615384615385,0.8993786573410034,0.00341796875,0.006396484561264515,0.0025449618697166443,0.003496093675494194,0.00830078125,0.830078125,-0.0037148436531424522,0.0,0.0,0.0,0.0,0.003747235983610153,0.01171875,0.007906748447567225,0.6746516305865932,1.0,0.3169729433769878,-0.023655425990000367,0.044021195732057095,0.02906794100999832,0.006548429373651743,0.037978190928697586,0.044808629900217056,0.050680503249168396,0.05476582050323486,0.0,0.0,0.0,2.065605421861013,0.009439433619263582,0.06315104166666667,1.055255596836408,0.00016720000000000003,0.005,0.0,0.0,0.0,0.0,0.0,0.0,0.0,0.0,0.0,,0.0,0.0,0.0,0.0,0.0,0.0,0.0,0.0,0.0,0.0,0.0,0.0,0.0,0.0,0.0,0.0,0.0,0.0,0.0,,,,,0.0,,0.21116821467876434,,,,,,,0.0,{},{},0.0,0.0,0.0,0.0,0.0,0.0,0.0,0,0,0.0,0.0,,0.0
326,41756-1786688958442437800,41756,667648,3412,2612,108,692,0.7655334114888629,0.78,0.77,0.0037424557376652956,0.04518917575478554,1.331005334854126,0.7147749662399292,11,10,0,1,0.9090909090909091,1.6363636363636365,2.1818181818181817,0.5454545454545454,0.8872016668319702,0.004638671875,0.00644531287252903,0.002106637693941593,0.0038330075331032276,0.00732421875,0.732421875,-0.003867187537252903,0.0,0.0,0.0,0.0,0.0037424557376652956,0.011962890625,0.007930224179290235,0.6628465963002931,1.0,0.3232382891541942,-0.02935009650536813,0.0556552002672106,0.042501937597990036,0.005389017518609762,0.05012384429574013,0.055861275643110275,0.06186796724796295,0.06489428877830505,0.0,0.0,0.0,2.0826475098729134,0.011257752674282528,0.0733642578125,0.8770860098302364,0.000166176,0.005,0.0,0.0,0.0,0.0,0.0,0.0,0.0,0.0,0.0,,0.0,0.0,0.0,0.0,0.0,0.0,0.0,0.0,0.0,0.0,0.0,0.0,0.0,0.0,0.0,0.0,0.0,0.0,0.0,,,,,0.0,,0.2400604784488678,,,,,,,0.0,{},{},0.0,0.0,0.0,0.0,0.0,0.0,0.0,0,0,0.0,0.0,,0.0
327,41756-1786688958442437800,41756,669696,3420,2618,108,694,0.7654970760233918,0.8,0.765,0.0027369242161512375,0.038142453879117966,1.4512314796447754,0.6453832983970642,8,6,0,2,0.75,1.25,1.375,0.125,0.8774706125259399,0.00244140625,0.00571289099752903,0.0011117103276774287,0.002541503868997097,0.0064941407181322575,0.6494140625,-0.0039238277822732925,0.0,0.0,0.0,0.0,0.0027369242161512375,0.008935546968132257,0.006626194546697661,0.7414714621124562,1.0,0.43907650194931774,-0.030997869063867256,0.051584410946816206,0.046318553388118744,0.004145692102611065,0.04734838008880615,0.05064469575881958,0.05662300065159798,0.061777807772159576,0.0,0.0,0.0,2.068327121436596,0.01152830753926537,0.0810546875,0.9086628071963787,0.00016515200000000003,0.005,0.0,0.0,0.0,0.0,0.0,0.0,0.0,0.0,0.0,,0.0,0.0,0.0,0.0,0.0,0.0,0.0,0.0,0.0,0.0,0.0,0.0,0.0,0.0,0.0,0.0,0.0,0.0,0.0,,,,,0.0,,0.22591125965118408,,,,,,,0.0,{},{},0.0,0.0,0.0,0.0,0.0,0.0,0.0,0,0,0.0,0.0,,0.0
328,41756-1786688958442437800,41756,671744,3431,2625,108,698,0.7650830661614689,0.76,0.75,0.004099288024008274,0.045868515968322754,1.167564034461975,0.566032350063324,11,7,0,4,0.6363636363636364,1.4545454545454546,1.5454545454545454,0.09090909090909091,0.6360053420066833,0.00244140625,0.0074218749068677425,0.002673686947673559,0.003564452985301614,0.009765625,0.9765625,-0.0036992188543081284,0.0,0.0,0.0,0.0,0.004099288024008274,0.01220703125,0.008981409890111536,0.7356968299136305,1.0,0.3030151855409224,-0.0237950269864606,0.10835911918963705,0.08516402542591095,0.020073724910616875,0.09119376540184021,0.10398261249065399,0.12382222712039948,0.1701749563217163,0.0,0.0,0.0,1.935594916343689,0.009506523359699972,0.07184709821428571,1.1770800181797572,0.000164128,0.005,0.0,0.0,0.0,0.0,0.0,0.0,0.0,0.0,0.0,,0.0,0.0,0.0,0.0,0.0,0.0,0.0,0.0,0.0,0.0,0.0,0.0,0.0,0.0,0.0,0.0,0.0,0.0,0.0,,,,,0.0,,0.3414984345436096,,,,,,,0.0,{},{},0.0,0.0,0.0,0.0,0.0,0.0,0.0,0,0,0.0,0.0,,0.0
329,41756-1786688958442437800,41756,673792,3443,2636,108,699,0.7656113854196921,0.8,0.755,0.0035170067567378283,0.05057917907834053,1.225698709487915,0.6524794697761536,12,11,0,1,0.9166666666666666,1.75,2.3333333333333335,0.5833333333333334,0.8025686740875244,0.005126953125,0.00595703162252903,0.0016739997081458569,0.00347900390625,0.0068359375,0.68359375,-0.003824218874797225,0.0,0.0,0.0,0.0,0.0035170067567378283,0.011962890625,0.007245282526127994,0.6055958511513051,1.0,0.319646759960013,-0.026633304863935336,0.08381184935569763,0.06472465395927429,0.013223735615611076,0.07026016712188721,0.08182047307491302,0.0941125825047493,0.11871270835399628,0.0,0.0,0.0,1.974605843424797,0.014620989757531788,0.106201171875,0.9796403422951698,0.00016310400000000004,0.005,0.0,0.0,0.0,0.0,0.0,0.0,0.0,0.0,0.0,,0.0,0.0,0.0,0.0,0.0,0.0,0.0,0.0,0.0,0.0,0.0,0.0,0.0,0.0,0.0,0.0,0.0,0.0,0.0,,,,,0.0,,0.28991782665252686,,,,,,,0.0,{},{},0.0,0.0,0.0,0.0,0.0,0.0,0.0,0,0,0.0,0.0,,0.0
330,41756-1786688958442437800,41756,675840,3454,2645,108,701,0.7657788071800811,0.8,0.76,0.0035374383442103863,0.04517407715320587,1.2652584314346313,0.5585678219795227,11,9,0,2,0.8181818181818182,1.4545454545454546,2.0,0.5454545454545454,0.7674757242202759,0.00390625,0.006298827938735485,0.0019179822411388159,0.0032446286641061306,0.0074707032181322575,0.7470703125,-0.003835937473922968,0.0,0.0,0.0,0.0,0.0035374383442103863,0.011376953218132257,0.007589480665046722,0.6670339137053132,1.0,0.33713774352753534,-0.0289529550687543,0.07151284467961107,0.06184536591172218,0.005890382453799248,0.06380195170640945,0.07169285416603088,0.07852345705032349,0.0839354395866394,0.0,0.0,0.0,1.983563142163413,0.01281331159407273,0.09193638392857142,0.932645891393934,0.00016208,0.005,0.0,0.0,0.0,0.0,0.0,0.0,0.0,0.0,0.0,,0.0,0.0,0.0,0.0,0.0,0.0,0.0,0.0,0.0,0.0,0.0,0.0,0.0,0.0,0.0,0.0,0.0,0.0,0.0,,,,,0.0,,0.2693457305431366,,,,,,,0.0,{},{},0.0,0.0,0.0,0.0,0.0,0.0,0.0,0,0,0.0,0.0,,0.0
331,41756-1786688958442437800,41756,677888,3464,2653,108,703,0.765877598152425,0.78,0.77,0.004519828595221043,0.04515587165951729,1.338714838027954,0.6183552145957947,10,8,0,2,0.8,1.9,2.0,0.1,0.7300739288330078,0.00341796875,0.007617187686264515,0.002423690166324377,0.002907714806497097,0.0107421875,1.07421875,-0.003769531147554517,0.0,0.0,0.0,0.0,0.004519828595221043,0.01416015625,0.008950038929469883,0.6320132884255044,1.0,0.266188090930394,-0.022524946078192443,0.09874541545286775,0.08170519024133682,0.015060197561979294,0.0835523009300232,0.09463188052177429,0.11790220439434052,0.13771964609622955,0.0,0.0,0.0,1.9485322684049606,0.013454784577334067,0.098876953125,1.0984299257397652,0.00016105599999999997,0.005,0.0,0.0,0.0,0.0,0.0,0.0,0.0,0.0,0.0,,0.0,0.0,0.0,0.0,0.0,0.0,0.0,0.0,0.0,0.0,0.0,0.0,0.0,0.0,0.0,0.0,0.0,0.0,0.0,,,,,0.0,,0.32126277685165405,,,,,,,0.0,{},{},0.0,0.0,0.0,0.0,0.0,0.0,0.0,0,0,0.0,0.0,,0.0
332,41756-1786688958442437800,41756,679936,3477,2665,108,704,0.7664653436870865,0.84,0.795,0.005210140720009804,0.04840464890003204,1.278134822845459,0.6265111565589905,13,12,0,1,0.9230769230769231,1.6153846153846154,1.8461538461538463,0.23076923076923078,0.9452223777770996,0.005615234375,0.00849609449505806,0.0024851150810718536,0.003452148288488388,0.01025390625,1.025390625,-0.0037363283336162567,0.0,0.0,0.0,0.0,0.005210140720009804,0.015869140625,0.00998041033744812,0.6288797669332636,1.0,0.23543133119630164,-0.030801190870503585,0.021055896207690238,0.01812247559428215,0.00187056849244982,0.01859060674905777,0.021085724234580994,0.023052487522363663,0.024872293695807457,0.0,0.0,0.0,1.9849308411280313,0.010555590180835376,0.07213541666666666,0.9515146931012471,0.000160032,0.005,0.0,0.0,0.0,0.0,0.0,0.0,0.0,0.0,0.0,,0.0,0.0,0.0,0.0,0.0,0.0,0.0,0.0,0.0,0.0,0.0,0.0,0.0,0.0,0.0,0.0,0.0,0.0,0.0,,,,,0.0,,0.14663255214691162,,,,,,,0.0,{},{},0.0,0.0,0.0,0.0,0.0,0.0,0.0,0,0,0.0,0.0,,0.0
333,41756-1786688958442437800,41756,681984,3486,2672,108,706,0.7664945496270797,0.84,0.79,0.003131113015115261,0.041494932025671005,1.1551885604858398,0.5544183254241943,9,7,0,2,0.7777777777777778,1.6666666666666667,2.111111111111111,0.4444444444444444,0.6437081098556519,0.0029296875,0.0062011717818677425,0.002061129081994295,0.0030981446616351604,0.0068359375,0.68359375,-0.0038339844904839993,0.0,0.0,0.0,0.0,0.003131113015115261,0.009765625,0.007490990217775106,0.7669988576171509,1.0,0.3925598137006386,-0.02915206307079643,0.10312960390001535,0.08963848650455475,0.012067149393260479,0.0932677686214447,0.09847117960453033,0.12314389646053314,0.12915506958961487,0.0,0.0,0.0,1.9300269708037376,0.009951253367034951,0.0787353515625,1.114939197897911,0.00015900799999999998,0.005,0.0,0.0,0.0,0.0,0.0,0.0,0.0,0.0,0.0,,0.0,0.0,0.0,0.0,0.0,0.0,0.0,0.0,0.0,0.0,0.0,0.0,0.0,0.0,0.0,0.0,0.0,0.0,0.0,,,,,0.0,,0.3309333622455597,,,,,,,0.0,{},{},0.0,0.0,0.0,0.0,0.0,0.0,0.0,0,0,0.0,0.0,,0.0
334,41756-1786688958442437800,41756,684032,3496,2679,109,708,0.7663043478260869,0.82,0.79,0.0018592765554785728,0.03284572809934616,1.297091007232666,0.556850016117096,10,7,1,2,0.7,1.2,1.3,0.1,0.7507094144821167,0.00244140625,0.0047851563431322575,0.00017195715918205678,0.001748046837747097,0.00439453125,0.439453125,-0.0041230469942092896,0.0,0.0,0.0,0.0,0.0018592765554785728,0.0068359375,0.005265157342364546,0.770104647346059,1.0,0.603054656300323,-0.02638618159107864,0.0759827340953052,0.05479731410741806,0.012304998934268951,0.06288160383701324,0.0754389837384224,0.09608513116836548,0.09788510203361511,0.0,0.0,0.0,2.102033093571663,0.011155840158608044,0.0855712890625,0.8985302150249481,0.000157984,0.005,0.0,0.0,0.0,0.0,0.0,0.0,0.0,0.0,0.0,,0.0,0.0,0.0,0.0,0.0,0.0,0.0,0.0,0.0,0.0,0.0,0.0,0.0,0.0,0.0,0.0,0.0,0.0,0.0,,,,,0.0,,0.2780296802520752,,,,,,,0.0,{},{},0.0,0.0,0.0,0.0,0.0,0.0,0.0,0,0,0.0,0.0,,0.0
335,41756-1786688958442437800,41756,686080,3508,2687,109,712,0.765963511972634,0.8,0.775,0.0030281580984592438,0.04341829940676689,1.1888794898986816,0.6939139366149902,12,8,0,4,0.6666666666666666,1.3333333333333333,1.5833333333333333,0.25,0.8201192617416382,0.0029296875,0.005908203311264515,0.0017989309271797538,0.0030175778083503246,0.0068359375,0.68359375,-0.0038613281212747097,0.0,0.0,0.0,0.0,0.0030281580984592438,0.009765625,0.0071123304951470345,0.7282280721484684,1.0,0.39535951480421433,-0.02978165537933819,0.08179407985880971,0.0677863359451294,0.010527453385293484,0.07210086286067963,0.07917066663503647,0.09635993838310242,0.1085592731833458,0.0,0.0,0.0,1.964985266327858,0.011870590402395464,0.0867919921875,0.8649250604212284,0.00015696,0.005,0.0,0.0,0.0,0.0,0.0,0.0,0.0,0.0,0.0,,0.0,0.0,0.0,0.0,0.0,0.0,0.0,0.0,0.0,0.0,0.0,0.0,0.0,0.0,0.0,0.0,0.0,0.0,0.0,,,,,0.0,,0.2943052053451538,,,,,,,0.0,{},{},0.0,0.0,0.0,0.0,0.0,0.0,0.0,0,0,0.0,0.0,,0.0
336,41756-1786688958442437800,41756,688128,3517,2694,109,714,0.7659937446687518,0.76,0.77,0.0028176442719995975,0.038451191037893295,1.134317398071289,0.8295135498046875,9,7,0,2,0.7777777777777778,1.5555555555555556,1.7777777777777777,0.2222222222222222,0.8821887969970703,0.0029296875,0.005908203311264515,0.0010523968376219273,0.0025341794826090336,0.00634765625,0.634765625,-0.004039062652736902,0.0,0.0,0.0,0.0,0.0028176442719995975,0.00927734375,0.006804847391322255,0.7334118647331056,1.0,0.43532151443913714,-0.02787241876985018,0.07802712516142772,0.06761764734983444,0.008229314349591732,0.06891697645187378,0.07504299283027649,0.09049906581640244,0.09353688359260559,0.0,0.0,0.0,2.0112774463800283,0.011302794741753202,0.0830829326923077,1.0258759397726793,0.00015593600000000002,0.005,0.0,0.0,0.0,0.0,0.0,0.0,0.0,0.0,0.0,,0.0,0.0,0.0,0.0,0.0,0.0,0.0,0.0,0.0,0.0,0.0,0.0,0.0,0.0,0.0,0.0,0.0,0.0,0.0,,,,,0.0,,0.28471919894218445,,,,,,,0.0,{},{},0.0,0.0,0.0,0.0,0.0,0.0,0.0,0,0,0.0,0.0,,0.0
337,41756-1786688958442437800,41756,690176,3527,2702,110,715,0.7660901616104338,0.74,0.775,0.0032896073535084724,0.04579968377947807,1.2875062227249146,0.6985449194908142,10,8,1,1,0.8,1.0,1.4,0.4,0.7214334011077881,0.003173828125,0.005908203311264515,0.0018719218205660582,0.0031884764321148396,0.0074707032181322575,0.7470703125,-0.00379296881146729,0.0,0.0,0.0,0.0,0.0032896073535084724,0.010644531343132257,0.007173302874434739,0.6738323004480604,1.0,0.35629680559949173,-0.02800414082594216,0.12495268834754825,0.10192737728357315,0.014691979624330997,0.10726093500852585,0.12458399683237076,0.14328332245349884,0.15767329931259155,0.0,0.0,0.0,1.7894655093550682,0.011492538475067704,0.0849609375,1.1421471126377583,0.000154912,0.005,0.0,0.0,0.0,0.0,0.0,0.0,0.0,0.0,0.0,,0.0,0.0,0.0,0.0,0.0,0.0,0.0,0.0,0.0,0.0,0.0,0.0,0.0,0.0,0.0,0.0,0.0,0.0,0.0,,,,,0.0,,0.3686878979206085,,,,,,,0.0,{},{},0.0,0.0,0.0,0.0,0.0,0.0,0.0,0,0,0.0,0.0,,0.0
338,41756-1786688958442437800,41756,692224,3539,2713,110,716,0.7666007346708109,0.78,0.785,0.003408795455470681,0.04941578209400177,1.0484795570373535,0.7486897706985474,12,11,0,1,0.9166666666666666,1.6666666666666667,2.25,0.5833333333333334,0.8389976024627686,0.005126953125,0.005810547154396772,0.0015182149363681674,0.0033227535896003246,0.0064941407181322575,0.6494140625,-0.0038691405206918716,0.0,0.0,0.0,0.0,0.003408795455470681,0.011621093843132257,0.007020789285888895,0.604089880932912,1.0,0.33291251756483015,-0.0250708728025739,0.0898777051613881,0.07842639088630676,0.006193606182932854,0.08273271471261978,0.09013211727142334,0.09806456416845322,0.09942570328712463,0.0,0.0,0.0,1.8052794474821825,0.012979434612833966,0.08533653846153846,0.9241891365784866,0.00015388800000000003,0.005,0.0,0.0,0.0,0.0,0.0,0.0,0.0,0.0,0.0,,0.0,0.0,0.0,0.0,0.0,0.0,0.0,0.0,0.0,0.0,0.0,0.0,0.0,0.0,0.0,0.0,0.0,0.0,0.0,,,,,0.0,,0.30041253566741943,,,,,,,0.0,{},{},0.0,0.0,0.0,0.0,0.0,0.0,0.0,0,0,0.0,0.0,,0.0
339,41756-1786688958442437800,41756,694272,3546,2717,111,718,0.766215454032713,0.76,0.78,0.0007476489990949631,0.030519042164087296,1.1938098669052124,0.7645255923271179,7,4,1,2,0.5714285714285714,0.5714285714285714,1.0,0.42857142857142855,0.8603845238685608,0.0009765625,0.0033691409043967724,0.0003868165076710284,0.001948242075741291,0.00244140625,0.244140625,-0.004097656346857548,0.0,0.0,0.0,0.0,0.0007476489990949631,0.00341796875,0.003952905550249852,1.1561689618396929,1.0,1.1985065224294746,-0.026285937055945396,0.07911918578403336,0.0670408383011818,0.007339532487094402,0.07199504226446152,0.07780039310455322,0.0887104868888855,0.09531554579734802,0.0,0.0,0.0,1.9666541389056615,0.01262891706677952,0.08733258928571429,0.9246835027422223,0.000152864,0.005,0.0,0.0,0.0,0.0,0.0,0.0,0.0,0.0,0.0,,0.0,0.0,0.0,0.0,0.0,0.0,0.0,0.0,0.0,0.0,0.0,0.0,0.0,0.0,0.0,0.0,0.0,0.0,0.0,,,,,0.0,,0.28566616773605347,,,,,,,0.0,{},{},0.0,0.0,0.0,0.0,0.0,0.0,0.0,0,0,0.0,0.0,,0.0
340,41756-1786688958442437800,41756,696320,3556,2724,111,721,0.766029246344207,0.78,0.785,0.003050748724490404,0.040964361280202866,1.3269814252853394,0.7282548546791077,10,7,0,3,0.7,0.8,1.2,0.4,0.9104921817779541,0.002685546875,0.006054687313735485,0.0013088661944493651,0.003156738355755806,0.0068359375,0.68359375,-0.0038769531529396772,0.0,0.0,0.0,0.0,0.003050748724490404,0.009521484375,0.007171088451286778,0.7530690698861638,1.0,0.407136730317783,-0.0322861896129325,0.046549763064831495,0.03591812029480934,0.006638346705585718,0.036839768290519714,0.04701361432671547,0.053823649883270264,0.055654119700193405,0.0,0.0,0.0,1.825320415198803,0.012850689150582184,0.091796875,0.854386743158102,0.00015183999999999998,0.005,0.0,0.0,0.0,0.0,0.0,0.0,0.0,0.0,0.0,,0.0,0.0,0.0,0.0,0.0,0.0,0.0,0.0,0.0,0.0,0.0,0.0,0.0,0.0,0.0,0.0,0.0,0.0,0.0,,,,,0.0,,0.21787823736667633,,,,,,,0.0,{},{},0.0,0.0,0.0,0.0,0.0,0.0,0.0,0,0,0.0,0.0,,0.0
341,41756-1786688958442437800,41756,698368,3569,2734,113,722,0.7660409078173158,0.78,0.78,0.00226408988237381,0.04846983030438423,1.00187349319458,0.7460134029388428,13,10,2,1,0.7692307692307693,1.2307692307692308,2.0,0.7692307692307693,0.8677950501441956,0.003662109375,0.004638671875,0.001277852919884026,0.002919921651482582,0.00439453125,0.439453125,-0.0038476563058793545,0.0,0.0,0.0,0.0,0.00226408988237381,0.008056640625,0.005688115517841652,0.7059281720995906,1.0,0.47751649458545503,-0.026818178594112396,0.0673632372636348,0.048642855137586594,0.008041159249842167,0.05628924444317818,0.06892148405313492,0.07715266197919846,0.0793112963438034,0.0,0.0,0.0,1.800836943089962,0.013064165897048952,0.0821533203125,0.8943309634923935,0.00015081600000000001,0.005,0.0,0.0,0.0,0.0,0.0,0.0,0.0,0.0,0.0,,0.0,0.0,0.0,0.0,0.0,0.0,0.0,0.0,0.0,0.0,0.0,0.0,0.0,0.0,0.0,0.0,0.0,0.0,0.0,,,,,0.0,,0.2712504267692566,,,,,,,0.0,{},{},0.0,0.0,0.0,0.0,0.0,0.0,0.0,0,0,0.0,0.0,,0.0
342,41756-1786688958442437800,41756,700416,3577,2741,113,723,0.7662845960301929,0.78,0.785,0.00395111832767725,0.04563634470105171,1.2793283462524414,0.7551574110984802,8,7,0,1,0.875,1.625,2.0,0.375,0.8274486660957336,0.003173828125,0.007080078125,0.0017314113210886717,0.002644042717292905,0.00927734375,0.927734375,-0.0038535157218575478,0.0,0.0,0.0,0.0,0.00395111832767725,0.012451171875,0.008173941634595394,0.6564269845171403,1.0,0.30946534954229005,-0.022917783425117914,0.09593435033009602,0.07851066440343857,0.009875006042420864,0.08667314797639847,0.09750203788280487,0.10908033698797226,0.11684896796941757,0.0,0.0,0.0,1.8153005563295805,0.01020442099364188,0.06805889423076923,1.010570214344905,0.000149792,0.005,0.0,0.0,0.0,0.0,0.0,0.0,0.0,0.0,0.0,,0.0,0.0,0.0,0.0,0.0,0.0,0.0,0.0,0.0,0.0,0.0,0.0,0.0,0.0,0.0,0.0,0.0,0.0,0.0,,,,,0.0,,0.31368711590766907,,,,,,,0.0,{},{},0.0,0.0,0.0,0.0,0.0,0.0,0.0,0,0,0.0,0.0,,0.0
343,41756-1786688958442437800,41756,702464,3586,2746,113,727,0.7657557166759621,0.72,0.77,0.0019873101264238358,0.035670798271894455,1.275564432144165,0.6783856749534607,9,5,0,4,0.5555555555555556,1.2222222222222223,1.4444444444444444,0.2222222222222222,0.6876479387283325,0.00146484375,0.005126953125,0.0010985794942826033,0.0023022459354251623,0.005175781436264515,0.517578125,-0.003958984278142452,0.0,0.0,0.0,0.0,0.0019873101264238358,0.006640625186264515,0.005977159482426941,0.8999543507496103,1.0,0.5960866756422798,-0.025320382963400334,0.1287587475962937,0.10185666382312775,0.013034306466579437,0.11517412960529327,0.12689818441867828,0.14340612292289734,0.1565745770931244,0.0,0.0,0.0,1.9654935449361801,0.01205710864815046,0.093017578125,1.0836464762687683,0.00014876800000000002,0.005,0.0,0.0,0.0,0.0,0.0,0.0,0.0,0.0,0.0,,0.0,0.0,0.0,0.0,0.0,0.0,0.0,0.0,0.0,0.0,0.0,0.0,0.0,0.0,0.0,0.0,0.0,0.0,0.0,,,,,0.0,,0.37913936376571655,,,,,,,0.0,{},{},0.0,0.0,0.0,0.0,0.0,0.0,0.0,0,0,0.0,0.0,,0.0
344,41756-1786688958442437800,41756,704512,3596,2754,113,729,0.7658509454949944,0.74,0.78,0.0028277751989662647,0.03801596164703369,1.4210084676742554,0.7102028727531433,10,8,0,2,0.8,1.3,1.7,0.4,0.8943629860877991,0.00341796875,0.005908203311264515,0.0011250048410147429,0.00238037109375,0.005859375,0.5859375,-0.003996093757450581,0.0,0.0,0.0,0.0,0.0028277751989662647,0.00927734375,0.006784547294955701,0.7312239638626992,1.0,0.4306904190147709,-0.029881631839089096,0.054549410473555326,0.04565330594778061,0.005214232485741377,0.047824423760175705,0.05418416112661362,0.06056920811533928,0.06372237205505371,0.0,0.0,0.0,2.0242468044161797,0.011343681013386231,0.0791015625,1.00439915060997,0.000147744,0.005,0.0,0.0,0.0,0.0,0.0,0.0,0.0,0.0,0.0,,0.0,0.0,0.0,0.0,0.0,0.0,0.0,0.0,0.0,0.0,0.0,0.0,0.0,0.0,0.0,0.0,0.0,0.0,0.0,,,,,0.0,,0.23082904517650604,,,,,,,0.0,{},{},0.0,0.0,0.0,0.0,0.0,0.0,0.0,0,0,0.0,0.0,,0.0
345,41756-1786688958442437800,41756,706560,3603,2758,113,732,0.765473216763808,0.72,0.77,0.001601639436557889,0.031119519844651222,1.534071683883667,0.5765575766563416,7,4,0,3,0.5714285714285714,0.8571428571428571,1.0,0.14285714285714285,0.8301513195037842,0.001220703125,0.004638671875,0.00043767294846475124,0.001948242075741291,0.00439453125,0.439453125,-0.004117187578231096,0.0,0.0,0.0,0.0,0.001601639436557889,0.005615234375,0.005235150631051511,0.9321460397655699,1.0,0.7330868520299415,-0.030180699832271785,0.05545338988304138,0.04801624268293381,0.003777926554903388,0.05198388546705246,0.055279023945331573,0.0605955496430397,0.06309610605239868,0.0,0.0,0.0,2.0997101962566376,0.012833143655370804,0.0924072265625,0.9894243665039539,0.00014672000000000003,0.005,0.0,0.0,0.0,0.0,0.0,0.0,0.0,0.0,0.0,,0.0,0.0,0.0,0.0,0.0,0.0,0.0,0.0,0.0,0.0,0.0,0.0,0.0,0.0,0.0,0.0,0.0,0.0,0.0,,,,,0.0,,0.2376149445772171,,,,,,,0.0,{},{},0.0,0.0,0.0,0.0,0.0,0.0,0.0,0,0,0.0,0.0,,0.0
346,41756-1786688958442437800,41756,708608,3617,2769,113,735,0.7655515620680121,0.74,0.765,0.003112025558948517,0.045014575123786926,1.3224738836288452,0.8032480478286743,14,11,0,3,0.7857142857142857,1.2142857142857142,1.6428571428571428,0.42857142857142855,0.8844276666641235,0.004638671875,0.005664062686264515,0.0013225177535787225,0.003015136579051614,0.005859375,0.5859375,-0.0038320310413837433,0.0,0.0,0.0,0.0,0.003112025558948517,0.010498046875,0.006748476269422099,0.642770372374597,1.0,0.36498846866837553,-0.028633165115024894,0.07280692807398736,0.060954499989748,0.005542275030165911,0.06451357901096344,0.07299931347370148,0.07929013669490814,0.08152475208044052,0.0,0.0,0.0,1.9716236963868141,0.013181225609514513,0.087890625,0.8482436239719391,0.00014569599999999998,0.005,0.0,0.0,0.0,0.0,0.0,0.0,0.0,0.0,0.0,,0.0,0.0,0.0,0.0,0.0,0.0,0.0,0.0,0.0,0.0,0.0,0.0,0.0,0.0,0.0,0.0,0.0,0.0,0.0,,,,,0.0,,0.27307164669036865,,,,,,,0.0,{},{},0.0,0.0,0.0,0.0,0.0,0.0,0.0,0,0,0.0,0.0,,0.0
347,41756-1786688958442437800,41756,710656,3626,2775,114,737,0.7653061224489796,0.7,0.765,0.0021474421955645084,0.042954619973897934,1.128523826599121,0.6170708537101746,9,6,1,2,0.6666666666666666,1.3333333333333333,1.8888888888888888,0.5555555555555556,0.7640306353569031,0.001953125,0.00522460974752903,0.0009883515303954482,0.0025634765625,0.00537109375,0.537109375,-0.003970703110098839,0.0,0.0,0.0,0.0,0.0021474421955645084,0.00732421875,0.006112566770752892,0.8344551854854699,1.0,0.5420593221327129,-0.02001033420674503,0.09077836852520704,0.060140714049339294,0.012115707620978355,0.07783716917037964,0.09007976204156876,0.10395115613937378,0.10788381099700928,0.0,0.0,0.0,2.057204492390156,0.009344712507299846,0.072509765625,1.3099189102649689,0.000144672,0.005,0.0,0.0,0.0,0.0,0.0,0.0,0.0,0.0,0.0,,0.0,0.0,0.0,0.0,0.0,0.0,0.0,0.0,0.0,0.0,0.0,0.0,0.0,0.0,0.0,0.0,0.0,0.0,0.0,,,,,0.0,,0.29975253343582153,,,,,,,0.0,{},{},0.0,0.0,0.0,0.0,0.0,0.0,0.0,0,0,0.0,0.0,,0.0
348,41756-1786688958442437800,41756,712704,3637,2785,114,738,0.765740995325818,0.76,0.77,0.003873489797115326,0.043092992156744,1.3652350902557373,0.7478285431861877,11,10,0,1,0.9090909090909091,1.2727272727272727,1.5454545454545454,0.2727272727272727,0.8823356628417969,0.004638671875,0.006542969029396772,0.0019177744397893548,0.003264159895479679,0.0078125,0.78125,-0.0038964846171438694,0.0,0.0,0.0,0.0,0.003873489797115326,0.012451171875,0.00783845261321403,0.6294847751781479,1.0,0.3129160644631617,-0.027286879892926663,0.06308580609038472,0.04486124962568283,0.007252182811498642,0.055201202630996704,0.0642395168542862,0.07074271142482758,0.07469246536493301,0.0,0.0,0.0,2.0338984429836273,0.014534309986629523,0.0872802734375,1.0101657584309578,0.000143648,0.005,0.0,0.0,0.0,0.0,0.0,0.0,0.0,0.0,0.0,,0.0,0.0,0.0,0.0,0.0,0.0,0.0,0.0,0.0,0.0,0.0,0.0,0.0,0.0,0.0,0.0,0.0,0.0,0.0,,,,,0.0,,0.25652191042900085,,,,,,,0.0,{},{},0.0,0.0,0.0,0.0,0.0,0.0,0.0,0,0,0.0,0.0,,0.0
349,41756-1786688958442437800,41756,714752,3648,2793,114,741,0.765625,0.76,0.77,0.0034976406022906303,0.0447143092751503,1.3250871896743774,0.6105223894119263,11,8,0,3,0.7272727272727273,1.3636363636363635,1.7272727272727273,0.36363636363636365,0.8780624270439148,0.003173828125,0.006494141183793545,0.0018499346915632486,0.003605957143008709,0.0078125,0.78125,-0.003886719001457095,0.0,0.0,0.0,0.0,0.0034976406022906303,0.010986328125,0.007858114142436534,0.7151979128170921,1.0,0.3537456019551701,-0.031018433044664562,0.04195814696140587,0.033197078853845596,0.004416941665112972,0.037026386708021164,0.043506380170583725,0.04691391438245773,0.049692247062921524,0.0,0.0,0.0,2.0704118087887764,0.009937935255948105,0.077880859375,0.8989300653338432,0.00014262399999999997,0.005,0.0,0.0,0.0,0.0,0.0,0.0,0.0,0.0,0.0,,0.0,0.0,0.0,0.0,0.0,0.0,0.0,0.0,0.0,0.0,0.0,0.0,0.0,0.0,0.0,0.0,0.0,0.0,0.0,,,,,0.0,,0.21319176256656647,,,,,,,0.0,{},{},0.0,0.0,0.0,0.0,0.0,0.0,0.0,0,0,0.0,0.0,,0.0
350,41756-1786688958442437800,41756,716800,3656,2799,114,743,0.7655908096280087,0.78,0.77,0.002720894990488887,0.03800046443939209,1.3187896013259888,0.7293845415115356,8,6,0,2,0.75,1.625,1.75,0.125,0.8030365705490112,0.00244140625,0.005615234375,0.0019498084438964725,0.002526855329051614,0.00634765625,0.634765625,-0.003878906136378646,0.0,0.0,0.0,0.0,0.002720894990488887,0.0087890625,0.0067344003182370216,0.766137933403434,1.0,0.4412831121938719,-0.024305717460811137,0.10341794540484746,0.08319264650344849,0.012196012772619724,0.08909483253955841,0.10330267250537872,0.12001290172338486,0.12304689735174179,0.0,0.0,0.0,1.9885438919067382,0.011684687930392101,0.07981770833333333,1.0245468934377036,0.0001416,0.005,0.0,0.0,0.0,0.0,0.0,0.0,0.0,0.0,0.0,,0.0,0.0,0.0,0.0,0.0,0.0,0.0,0.0,0.0,0.0,0.0,0.0,0.0,0.0,0.0,0.0,0.0,0.0,0.0,,,,,0.0,,0.32370495796203613,,,,,,,0.0,{},{},0.0,0.0,0.0,0.0,0.0,0.0,0.0,0,0,0.0,0.0,,0.0
351,41756-1786688958442437800,41756,718848,3666,2807,115,744,0.7656846699399891,0.78,0.76,0.002906900830566883,0.038266949355602264,1.3350708484649658,0.7646487355232239,10,8,1,1,0.8,1.5,1.8,0.3,0.8410532474517822,0.003173828125,0.006054687779396772,0.0008849770529195666,0.002326659858226776,0.00634765625,0.634765625,-0.004074218682944775,0.0,0.0,0.0,0.0,0.002906900830566883,0.009521484375,0.006857597007183358,0.7201478875814231,1.0,0.42785249337253706,-0.028292915842030197,0.08928115293383598,0.0702051892876625,0.00795160885900259,0.08123121410608292,0.08988295495510101,0.09827645123004913,0.10413427650928497,0.0,0.0,0.0,2.193721264600754,0.011150781276228372,0.084228515625,0.9435187205672264,0.00014057599999999998,0.005,0.0,0.0,0.0,0.0,0.0,0.0,0.0,0.0,0.0,,0.0,0.0,0.0,0.0,0.0,0.0,0.0,0.0,0.0,0.0,0.0,0.0,0.0,0.0,0.0,0.0,0.0,0.0,0.0,,,,,0.0,,0.30485114455223083,,,,,,,0.0,{},{},0.0,0.0,0.0,0.0,0.0,0.0,0.0,0,0,0.0,0.0,,0.0
352,41756-1786688958442437800,41756,720896,3673,2811,116,746,0.7653144568472638,0.74,0.75,0.0013082034420222044,0.026047084480524063,1.4817662239074707,0.7762412428855896,7,4,1,2,0.5714285714285714,0.7142857142857143,0.8571428571428571,0.14285714285714285,0.8599476218223572,0.0009765625,0.004199218936264515,0.000498507812153548,0.0015161132905632257,0.00390625,0.390625,-0.004066406283527613,0.0,0.0,0.0,0.0,0.0013082034420222044,0.0048828125,0.004702874211943708,0.9629514261539951,1.0,0.8326294843480606,-0.0269267758121714,0.08497570361942053,0.0678703561425209,0.009946146048605442,0.07354952394962311,0.08170358836650848,0.0998174399137497,0.10211862623691559,0.0,0.0,0.0,2.0844403207302094,0.011007678836904233,0.078857421875,1.1497819013893604,0.000139552,0.005,0.0,0.0,0.0,0.0,0.0,0.0,0.0,0.0,0.0,,0.0,0.0,0.0,0.0,0.0,0.0,0.0,0.0,0.0,0.0,0.0,0.0,0.0,0.0,0.0,0.0,0.0,0.0,0.0,,,,,0.0,,0.29049721360206604,,,,,,,0.0,{},{},0.0,0.0,0.0,0.0,0.0,0.0,0.0,0,0,0.0,0.0,,0.0
353,41756-1786688958442437800,41756,722944,3684,2821,116,747,0.7657437567861021,0.78,0.75,0.0042653679847717285,0.045285653322935104,1.5861711502075195,0.8765864968299866,11,10,0,1,0.9090909090909091,1.6363636363636365,1.7272727272727273,0.09090909090909091,0.8060569763183594,0.004638671875,0.006884765811264515,0.0022879797033965588,0.0033813477493822575,0.00893554650247097,0.8935546875,-0.0038281248416751623,0.0,0.0,0.0,0.0,0.0042653679847717285,0.01357421837747097,0.008302097674459219,0.6115627346545772,1.0,0.28199361035902043,-0.02409357065334916,0.13750874204561114,0.11197101324796677,0.014225228689610958,0.12181389331817627,0.13573554158210754,0.15585334599018097,0.16607393324375153,0.0,0.0,0.0,1.9919038712978363,0.008280477837615763,0.0570068359375,1.2268780916929245,0.00013852799999999999,0.005,0.0,0.0,0.0,0.0,0.0,0.0,0.0,0.0,0.0,,0.0,0.0,0.0,0.0,0.0,0.0,0.0,0.0,0.0,0.0,0.0,0.0,0.0,0.0,0.0,0.0,0.0,0.0,0.0,,,,,0.0,,0.3860395848751068,,,,,,,0.0,{},{},0.0,0.0,0.0,0.0,0.0,0.0,0.0,0,0,0.0,0.0,,0.0
354,41756-1786688958442437800,41756,724992,3698,2833,116,749,0.7660897782585181,0.8,0.765,0.004724543541669846,0.05423523858189583,1.3264878988265991,0.8475052118301392,14,12,0,2,0.8571428571428571,1.5714285714285714,2.0714285714285716,0.5,0.9240080118179321,0.00537109375,0.0076660155318677425,0.0026853508315980434,0.005131835583597422,0.00893554650247097,0.8935546875,-0.00364453112706542,0.0,0.0,0.0,0.0,0.004724543541669846,0.01430664025247097,0.009620312135666609,0.6723898536661316,1.0,0.25472622058945044,-0.0277237553964369,0.05073724593967199,0.04313088208436966,0.004903881810605526,0.043409205973148346,0.05284302681684494,0.05461445078253746,0.061314407736063004,0.0,0.0,0.0,1.8189527317881584,0.010213556117378175,0.0755615234375,0.9351268857717514,0.00013750400000000002,0.005,0.0,0.0,0.0,0.0,0.0,0.0,0.0,0.0,0.0,,0.0,0.0,0.0,0.0,0.0,0.0,0.0,0.0,0.0,0.0,0.0,0.0,0.0,0.0,0.0,0.0,0.0,0.0,0.0,,,,,0.0,,0.23362872004508972,,,,,,,0.0,{},{},0.0,0.0,0.0,0.0,0.0,0.0,0.0,0,0,0.0,0.0,,0.0
355,41756-1786688958442437800,41756,727040,3711,2844,116,751,0.7663702506063056,0.82,0.775,0.004244893789291382,0.05599401518702507,1.1124517917633057,0.7448159456253052,13,11,0,2,0.8461538461538461,1.5384615384615385,2.4615384615384617,0.9230769230769231,0.8817298412322998,0.0048828125,0.006738281808793545,0.003095314372330904,0.005205078050494194,0.00830078125,0.830078125,-0.0036035156808793545,0.0,0.0,0.0,0.0,0.004244893789291382,0.01318359375,0.00881337991449982,0.6684604836231545,1.0,0.2733126063045632,-0.03045160871988628,0.06335449288599193,0.054082438349723816,0.005840843077749014,0.056812502443790436,0.06230853497982025,0.07239353656768799,0.07541483640670776,0.0,0.0,0.0,1.8069689348340034,0.011053011439798865,0.0794677734375,0.8774540647864342,0.00013648,0.005,0.0,0.0,0.0,0.0,0.0,0.0,0.0,0.0,0.0,,0.0,0.0,0.0,0.0,0.0,0.0,0.0,0.0,0.0,0.0,0.0,0.0,0.0,0.0,0.0,0.0,0.0,0.0,0.0,,,,,0.0,,0.2561453878879547,,,,,,,0.0,{},{},0.0,0.0,0.0,0.0,0.0,0.0,0.0,0,0,0.0,0.0,,0.0
356,41756-1786688958442437800,41756,729088,3718,2850,116,752,0.7665411511565358,0.82,0.78,0.0033143041655421257,0.04482373595237732,1.3548580408096313,0.7985864281654358,7,6,0,1,0.8571428571428571,1.4285714285714286,2.0,0.5714285714285714,0.8510309457778931,0.002685546875,0.0067382813431322575,0.002275386592373252,0.0037866211496293545,0.0068359375,0.68359375,-0.003722656285390258,0.0,0.0,0.0,0.0,0.0033143041655421257,0.009521484375,0.008253783278632909,0.8667678468763999,1.0,0.3909333046703222,-0.029072833829559386,0.09136787476018071,0.06829455494880676,0.01306446548551321,0.07300082594156265,0.09118908643722534,0.10950188338756561,0.11707156896591187,0.0,0.0,0.0,1.884687878191471,0.01026903692036285,0.0755615234375,1.0217597223818302,0.00013545600000000003,0.005,0.0,0.0,0.0,0.0,0.0,0.0,0.0,0.0,0.0,,0.0,0.0,0.0,0.0,0.0,0.0,0.0,0.0,0.0,0.0,0.0,0.0,0.0,0.0,0.0,0.0,0.0,0.0,0.0,,,,,0.0,,0.30822646617889404,,,,,,,0.0,{},{},0.0,0.0,0.0,0.0,0.0,0.0,0.0,0,0,0.0,0.0,,0.0
357,41756-1786688958442437800,41756,731136,3733,2861,118,754,0.7664077149745513,0.82,0.77,0.003429659642279148,0.04552659019827843,1.3009305000305176,0.9796165823936462,15,11,2,2,0.7333333333333333,1.3333333333333333,1.8,0.4666666666666667,0.877530574798584,0.00390625,0.006298827938735485,0.0017702302429825068,0.0029223631136119366,0.00732421875,0.732421875,-0.0038437501061707735,0.0,0.0,0.0,0.0,0.003429659642279148,0.01123046875,0.007471976277884096,0.6652715191754504,1.0,0.34223040563334817,-0.02415715149254538,0.1170573802664876,0.08012724667787552,0.02098061889410019,0.09251058101654053,0.11701180040836334,0.14221253991127014,0.16703996062278748,0.0,0.0,0.0,1.9088967144489288,0.010172294747462729,0.075927734375,0.8848877996206284,0.000134432,0.005,0.0,0.0,0.0,0.0,0.0,0.0,0.0,0.0,0.0,,0.0,0.0,0.0,0.0,0.0,0.0,0.0,0.0,0.0,0.0,0.0,0.0,0.0,0.0,0.0,0.0,0.0,0.0,0.0,,,,,0.0,,0.3428230285644531,,,,,,,0.0,{},{},0.0,0.0,0.0,0.0,0.0,0.0,0.0,0,0,0.0,0.0,,0.0
358,41756-1786688958442437800,41756,733184,3742,2869,118,755,0.7667022982362373,0.8,0.77,0.004711172077804804,0.05457150563597679,1.3973689079284668,0.7187545895576477,9,8,0,1,0.8888888888888888,1.5555555555555556,2.4444444444444446,0.8888888888888888,0.8906719088554382,0.003662109375,0.00732421875,0.002797198947519064,0.005541992373764515,0.0107421875,1.07421875,-0.0036132812965661287,0.0,0.0,0.0,0.0,0.004711172077804804,0.014404296875,0.009409016580320895,0.6531636704169552,1.0,0.25083004730273073,-0.025061263877432793,0.05445934529416263,0.03986725956201553,0.0067679197527468204,0.04912429302930832,0.05242561176419258,0.06381837278604507,0.06535132229328156,0.0,0.0,0.0,1.7638620436191559,0.00795219418068882,0.063232421875,1.1438392587006092,0.00013340800000000003,0.005,0.0,0.0,0.0,0.0,0.0,0.0,0.0,0.0,0.0,,0.0,0.0,0.0,0.0,0.0,0.0,0.0,0.0,0.0,0.0,0.0,0.0,0.0,0.0,0.0,0.0,0.0,0.0,0.0,,,,,0.0,,0.23765477538108826,,,,,,,0.0,{},{},0.0,0.0,0.0,0.0,0.0,0.0,0.0,0,0,0.0,0.0,,0.0
359,41756-1786688958442437800,41756,735232,3753,2880,118,755,0.7673860911270983,0.86,0.79,0.004904729314148426,0.0455082543194294,1.7518665790557861,0.8587770462036133,11,11,0,0,1.0,1.9090909090909092,2.090909090909091,0.18181818181818182,0.8767992854118347,0.00537109375,0.00791015662252903,0.0022161994129419327,0.002775878645479679,0.00991210900247097,0.9912109375,-0.003755859099328518,0.0,0.0,0.0,0.0,0.004904729314148426,0.01528320275247097,0.009158176137134433,0.5991922696559261,1.0,0.2457347079304686,-0.02560890989843756,0.08899674750864506,0.0540088452398777,0.01994313672184944,0.05957423895597458,0.09034464508295059,0.10982751101255417,0.13420405983924866,0.0,0.0,0.0,1.83942312002182,0.010503524881642079,0.0845947265625,0.8967884592711926,0.000132384,0.005,0.0,0.0,0.0,0.0,0.0,0.0,0.0,0.0,0.0,,0.0,0.0,0.0,0.0,0.0,0.0,0.0,0.0,0.0,0.0,0.0,0.0,0.0,0.0,0.0,0.0,0.0,0.0,0.0,,,,,0.0,,0.3014303743839264,,,,,,,0.0,{},{},0.0,0.0,0.0,0.0,0.0,0.0,0.0,0,0,0.0,0.0,,0.0
360,41756-1786688958442437800,41756,737280,3761,2888,118,755,0.767880882743951,0.88,0.8,0.004397215787321329,0.044554609805345535,1.7913814783096313,0.7813835144042969,8,8,0,0,1.0,2.25,2.375,0.125,0.8789168000221252,0.00390625,0.007861328311264515,0.0024278697092086077,0.0029663085006177425,0.00942382775247097,0.9423828125,-0.003851562272757292,0.0,0.0,0.0,0.0,0.004397215787321329,0.01333007775247097,0.009209872863721102,0.6908573361230314,1.0,0.2889160459696058,-0.025056751881493255,0.06566802132874727,0.05649857968091965,0.007416612468659878,0.05743369460105896,0.06398957967758179,0.07607387751340866,0.08156085014343262,0.0,0.0,0.0,1.8317331448197365,0.008425440413702745,0.058837890625,1.1078851819038391,0.00013136,0.005,0.0,0.0,0.0,0.0,0.0,0.0,0.0,0.0,0.0,,0.0,0.0,0.0,0.0,0.0,0.0,0.0,0.0,0.0,0.0,0.0,0.0,0.0,0.0,0.0,0.0,0.0,0.0,0.0,,,,,0.0,,0.2718981206417084,,,,,,,0.0,{},{},0.0,0.0,0.0,0.0,0.0,0.0,0.0,0,0,0.0,0.0,,0.0
361,41756-1786688958442437800,41756,739328,3771,2898,118,755,0.7684964200477327,0.92,0.815,0.003188043599948287,0.03850920498371124,1.7647384405136108,0.8240671753883362,10,10,0,0,1.0,1.7,1.8,0.1,0.9408368468284607,0.0048828125,0.005761719308793545,0.0012566945515573025,0.002487792866304517,0.005859375,0.5859375,-0.003916015848517418,0.0,0.0,0.0,0.0,0.003188043599948287,0.0107421875,0.006697841163259,0.6234500852990791,1.0,0.3645115426420155,-0.02365797944366932,0.039484204458338876,0.03401680290699005,0.0036974838003516197,0.03647097945213318,0.03867588937282562,0.04328375682234764,0.04958806559443474,0.0,0.0,0.0,1.8933708923203605,0.010249151095714686,0.07380022321428571,0.8374810772282737,0.00013033600000000002,0.005,0.0,0.0,0.0,0.0,0.0,0.0,0.0,0.0,0.0,,0.0,0.0,0.0,0.0,0.0,0.0,0.0,0.0,0.0,0.0,0.0,0.0,0.0,0.0,0.0,0.0,0.0,0.0,0.0,,,,,0.0,,0.20044180750846863,,,,,,,0.0,{},{},0.0,0.0,0.0,0.0,0.0,0.0,0.0,0,0,0.0,0.0,,0.0
362,41756-1786688958442437800,41756,741376,3780,2904,118,758,0.7682539682539683,0.9,0.805,0.0034730799961835146,0.04199103266000748,1.8969310522079468,0.751837968826294,9,6,0,3,0.6666666666666666,1.6666666666666667,2.0,0.3333333333333333,0.8904575109481812,0.002197265625,0.007373047061264515,0.0010374928824603558,0.002763671800494194,0.00830078125,0.830078125,-0.003945312462747097,0.0,0.0,0.0,0.0,0.0034730799961835146,0.010498046875,0.008323338232003152,0.7927708420678095,1.0,0.37577815488580696,-0.02469143469352275,0.05851475126110017,0.04854350537061691,0.00678620208054781,0.04962239786982536,0.05789869278669357,0.06728601455688477,0.07058295607566833,0.0,0.0,0.0,1.8928760513663292,0.009293437000451377,0.074462890625,0.9895103871822357,0.000129312,0.005,0.0,0.0,0.0,0.0,0.0,0.0,0.0,0.0,0.0,,0.0,0.0,0.0,0.0,0.0,0.0,0.0,0.0,0.0,0.0,0.0,0.0,0.0,0.0,0.0,0.0,0.0,0.0,0.0,,,,,0.0,,0.24883733689785004,,,,,,,0.0,{},{},0.0,0.0,0.0,0.0,0.0,0.0,0.0,0,0,0.0,0.0,,0.0
363,41756-1786688958442437800,41756,743424,3795,2918,118,759,0.7689064558629776,0.92,0.825,0.005725404247641563,0.0525362603366375,1.4064030647277832,0.7876540422439575,15,14,0,1,0.9333333333333333,1.8666666666666667,2.066666666666667,0.2,0.9134410619735718,0.006591796875,0.008349609561264515,0.003283575177192688,0.004062499850988388,0.01123046875,1.123046875,-0.003562500001862645,0.0,0.0,0.0,0.0,0.005725404247641563,0.017822265625,0.010186128318309784,0.5715074068145009,1.0,0.1998791959238752,-0.029192126938141882,0.05384922819212079,0.049637965857982635,0.003302881261333823,0.049942292273044586,0.05327984318137169,0.05878590792417526,0.060679562389850616,0.0,0.0,0.0,1.785789668560028,0.010060109401820228,0.0802001953125,1.0463440231978893,0.000128288,0.005,0.0,0.0,0.0,0.0,0.0,0.0,0.0,0.0,0.0,,0.0,0.0,0.0,0.0,0.0,0.0,0.0,0.0,0.0,0.0,0.0,0.0,0.0,0.0,0.0,0.0,0.0,0.0,0.0,,,,,0.0,,0.23173491656780243,,,,,,,0.0,{},{},0.0,0.0,0.0,0.0,0.0,0.0,0.0,0,0,0.0,0.0,,0.0
364,41756-1786688958442437800,41756,745472,3804,2926,118,760,0.7691903259726603,0.9,0.835,0.003663402982056141,0.04385704547166824,1.5651843547821045,0.7341716289520264,9,8,0,1,0.8888888888888888,1.5555555555555556,2.0,0.4444444444444444,0.9377878904342651,0.003662109375,0.00698242150247097,0.0015280714724212885,0.002788085723295808,0.0078125,0.78125,-0.0038125000428408384,0.0,0.0,0.0,0.0,0.003663402982056141,0.011474609375,0.008061460801400244,0.7024865118677189,1.0,0.33222636970778197,-0.030965611746069044,0.03148976748343557,0.027899110689759254,0.0024294606409966946,0.02821323275566101,0.03124764934182167,0.034875329583883286,0.035648949444293976,0.0,0.0,0.0,1.8285714909434319,0.011093146868006443,0.0770263671875,0.9695210456848145,0.00012726399999999998,0.005,0.0,0.0,0.0,0.0,0.0,0.0,0.0,0.0,0.0,,0.0,0.0,0.0,0.0,0.0,0.0,0.0,0.0,0.0,0.0,0.0,0.0,0.0,0.0,0.0,0.0,0.0,0.0,0.0,,,,,0.0,,0.1831197291612625,,,,,,,0.0,{},{},0.0,0.0,0.0,0.0,0.0,0.0,0.0,0,0,0.0,0.0,,0.0
365,41756-1786688958442437800,41756,747520,3818,2936,118,764,0.7689889994761655,0.82,0.83,0.0034258211962878704,0.039601486176252365,1.7950507402420044,0.8018189072608948,14,10,0,4,0.7142857142857143,1.4285714285714286,1.5,0.07142857142857142,0.9233205318450928,0.00390625,0.006103515625,0.0018788925372064114,0.002719726413488388,0.00732421875,0.732421875,-0.0039179688319563866,0.0,0.0,0.0,0.0,0.0034258211962878704,0.01123046875,0.0072531703626737,0.6457900141220355,1.0,0.34883851072072714,-0.027622252731816843,0.04421173455193639,0.036399971693754196,0.004738672636449337,0.03753215819597244,0.04504535347223282,0.05014964938163757,0.05133930221199989,0.0,0.0,0.0,1.899172380566597,0.007949647144414485,0.059326171875,1.029994610697031,0.00012624,0.005,0.0,0.0,0.0,0.0,0.0,0.0,0.0,0.0,0.0,,0.0,0.0,0.0,0.0,0.0,0.0,0.0,0.0,0.0,0.0,0.0,0.0,0.0,0.0,0.0,0.0,0.0,0.0,0.0,,,,,0.0,,0.22203212976455688,,,,,,,0.0,{},{},0.0,0.0,0.0,0.0,0.0,0.0,0.0,0,0,0.0,0.0,,0.0
366,41756-1786688958442437800,41756,749568,3826,2944,118,764,0.7694720334553058,0.84,0.845,0.0048704203218221664,0.047667570412158966,1.4727470874786377,0.8777437210083008,8,8,0,0,1.0,2.5,2.625,0.125,0.9441623091697693,0.00390625,0.008251952938735485,0.0022310009226202965,0.0028662108816206455,0.01123046875,1.123046875,-0.0037890623789280653,0.0,0.0,0.0,0.0,0.0048704203218221664,0.01513671875,0.00952625588979572,0.6293059110901846,1.0,0.2503060362994302,-0.02253792410095533,0.04083262061079343,0.03163358196616173,0.005180103238672018,0.03606780618429184,0.0385715626180172,0.04746869578957558,0.052216872572898865,0.0,0.0,0.0,1.75806778271993,0.012146498939061227,0.08177083333333333,0.9078351736068726,0.000125216,0.005,0.0,0.0,0.0,0.0,0.0,0.0,0.0,0.0,0.0,,0.0,0.0,0.0,0.0,0.0,0.0,0.0,0.0,0.0,0.0,0.0,0.0,0.0,0.0,0.0,0.0,0.0,0.0,0.0,,,,,0.0,,0.20741087198257446,,,,,,,0.0,{},{},0.0,0.0,0.0,0.0,0.0,0.0,0.0,0,0,0.0,0.0,,0.0
367,41756-1786688958442437800,41756,751616,3838,2953,119,766,0.7694111516414799,0.84,0.835,0.004466681741178036,0.05161966755986214,1.2922680377960205,0.6331537365913391,12,9,1,2,0.75,1.5833333333333333,1.8333333333333333,0.25,0.7365090847015381,0.00341796875,0.007519531529396772,0.003450994612649083,0.00473876902833581,0.009765625,0.9765625,-0.0035937498323619366,0.0,0.0,0.0,0.0,0.004466681741178036,0.01318359375,0.009566972439642996,0.7256175367286531,1.0,0.2725719047931937,-0.01746603741776198,0.10705196810886264,0.08046466112136841,0.018235627561807632,0.0864032730460167,0.1016869768500328,0.13164103031158447,0.14864575862884521,0.0,0.0,0.0,1.6802359968423843,0.005471271648275433,0.0406494140625,1.2402914501726627,0.00012419200000000002,0.005,0.0,0.0,0.0,0.0,0.0,0.0,0.0,0.0,0.0,,0.0,0.0,0.0,0.0,0.0,0.0,0.0,0.0,0.0,0.0,0.0,0.0,0.0,0.0,0.0,0.0,0.0,0.0,0.0,,,,,0.0,,0.32500648498535156,,,,,,,0.0,{},{},0.0,0.0,0.0,0.0,0.0,0.0,0.0,0,0,0.0,0.0,,0.0
368,41756-1786688958442437800,41756,753664,3850,2963,119,768,0.7696103896103896,0.82,0.84,0.005051834974437952,0.05219361186027527,1.4179357290267944,0.6708704829216003,12,10,0,2,0.8333333333333334,1.6666666666666667,2.1666666666666665,0.5,0.9054242372512817,0.00439453125,0.00820312462747097,0.0029829666018486023,0.0039257812313735485,0.01088867150247097,1.0888671875,-0.003607422113418579,0.0,0.0,0.0,0.0,0.005051834974437952,0.01528320275247097,0.009930311585776508,0.6497107992218366,1.0,0.23602291672265166,-0.028524229186587036,0.04012301843613386,0.03067627176642418,0.0030955851543694735,0.03742648661136627,0.04057276248931885,0.04315571114420891,0.043861083686351776,0.0,0.0,0.0,1.7568320780992508,0.011090162995969877,0.0794677734375,1.0037105716764927,0.000123168,0.005,0.0,0.0,0.0,0.0,0.0,0.0,0.0,0.0,0.0,,0.0,0.0,0.0,0.0,0.0,0.0,0.0,0.0,0.0,0.0,0.0,0.0,0.0,0.0,0.0,0.0,0.0,0.0,0.0,,,,,0.0,,0.20631395280361176,,,,,,,0.0,{},{},0.0,0.0,0.0,0.0,0.0,0.0,0.0,0,0,0.0,0.0,,0.0
369,41756-1786688958442437800,41756,755712,3859,2972,119,768,0.7701477066597564,0.86,0.855,0.004314227029681206,0.049326568841934204,1.167313814163208,0.8593237996101379,9,9,0,0,1.0,2.0,2.5555555555555554,0.5555555555555556,0.7855069637298584,0.00439453125,0.007128906436264515,0.002766281133517623,0.004304199013859034,0.0087890625,0.87890625,-0.0036914064548909664,0.0,0.0,0.0,0.0,0.004314227029681206,0.01318359375,0.008896526473108679,0.6747668257210185,1.0,0.27997877863252074,-0.021116541232913733,0.15128881484270096,0.1119564026594162,0.018158623948693275,0.12707659602165222,0.15851318836212158,0.17155668139457703,0.17626133561134338,0.0,0.0,0.0,1.7294085547327995,0.007353139848419232,0.054443359375,1.4741896241903305,0.00012214399999999997,0.005,0.0,0.0,0.0,0.0,0.0,0.0,0.0,0.0,0.0,,0.0,0.0,0.0,0.0,0.0,0.0,0.0,0.0,0.0,0.0,0.0,0.0,0.0,0.0,0.0,0.0,0.0,0.0,0.0,,,,,0.0,,0.3979819715023041,,,,,,,0.0,{},{},0.0,0.0,0.0,0.0,0.0,0.0,0.0,0,0,0.0,0.0,,0.0
370,41756-1786688958442437800,41756,757760,3874,2983,121,770,0.7700051626226123,0.82,0.855,0.004943839740008116,0.05188598483800888,1.093203067779541,0.7954117059707642,15,11,2,2,0.7333333333333333,1.6,2.1333333333333333,0.5333333333333333,0.8540058135986328,0.00390625,0.008593750186264515,0.0025538597255945206,0.003916015382856131,0.01088867150247097,1.0888671875,-0.003638671711087227,0.0,0.0,0.0,0.0,0.004943839740008116,0.01479492150247097,0.010211218963377178,0.6901374112907985,1.0,0.24592396698506114,-0.02253006602404639,0.08955544792115688,0.07142408937215805,0.010128199122846127,0.07788927853107452,0.08927428722381592,0.10353623330593109,0.10551070421934128,0.0,0.0,0.0,1.777119018137455,0.007480565293008112,0.058349609375,1.2239470928907394,0.00012112,0.005,0.0,0.0,0.0,0.0,0.0,0.0,0.0,0.0,0.0,,0.0,0.0,0.0,0.0,0.0,0.0,0.0,0.0,0.0,0.0,0.0,0.0,0.0,0.0,0.0,0.0,0.0,0.0,0.0,,,,,0.0,,0.30392032861709595,,,,,,,0.0,{},{},0.0,0.0,0.0,0.0,0.0,0.0,0.0,0,0,0.0,0.0,,0.0
371,41756-1786688958442437800,41756,759808,3881,2990,121,770,0.770419994846689,0.84,0.86,0.003465060144662857,0.046923503279685974,1.542206048965454,0.9056586027145386,7,7,0,0,1.0,1.8571428571428572,2.4285714285714284,0.5714285714285714,0.8076238036155701,0.00341796875,0.006103515625,0.0017843901878222823,0.0036889645271003246,0.0078125,0.78125,-0.003876953385770321,0.0,0.0,0.0,0.0,0.003465060144662857,0.01123046875,0.007471854303730652,0.6652606591395851,1.0,0.3451866779017946,-0.02543815755052492,0.1558453720062971,0.13991492986679077,0.008296717889606953,0.14493125677108765,0.15510737895965576,0.16737660765647888,0.16916325688362122,0.0,0.0,0.0,1.863312542438507,0.00905301983220852,0.0733642578125,1.010661605745554,0.00012009599999999998,0.005,0.0,0.0,0.0,0.0,0.0,0.0,0.0,0.0,0.0,,0.0,0.0,0.0,0.0,0.0,0.0,0.0,0.0,0.0,0.0,0.0,0.0,0.0,0.0,0.0,0.0,0.0,0.0,0.0,,,,,0.0,,0.39722830057144165,,,,,,,0.0,{},{},0.0,0.0,0.0,0.0,0.0,0.0,0.0,0,0,0.0,0.0,,0.0
372,41756-1786688958442437800,41756,761856,3895,3002,122,771,0.7707317073170732,0.86,0.855,0.0036886227317154408,0.04417147487401962,1.3804078102111816,0.8743945360183716,14,12,1,1,0.8571428571428571,1.4285714285714286,1.7142857142857142,0.2857142857142857,0.9460534453392029,0.005126953125,0.006054687313735485,0.0015490945661440492,0.002932128729298711,0.00732421875,0.732421875,-0.0038925781846046448,0.0,0.0,0.0,0.0,0.0036886227317154408,0.012451171875,0.007174993137596175,0.5762041521448382,1.0,0.3126023495081773,-0.030484433053061366,0.039536570431664586,0.035066209733486176,0.0026881746016442776,0.036107730120420456,0.03936667740345001,0.04298672825098038,0.04479797184467316,0.0,0.0,0.0,1.94613379240036,0.009531675506877946,0.0679931640625,0.9035941287875175,0.00011907200000000001,0.005,0.0,0.0,0.0,0.0,0.0,0.0,0.0,0.0,0.0,,0.0,0.0,0.0,0.0,0.0,0.0,0.0,0.0,0.0,0.0,0.0,0.0,0.0,0.0,0.0,0.0,0.0,0.0,0.0,,,,,0.0,,0.20309032499790192,,,,,,,0.0,{},{},0.0,0.0,0.0,0.0,0.0,0.0,0.0,0,0,0.0,0.0,,0.0
373,41756-1786688958442437800,41756,763904,3905,3012,122,771,0.7713188220230474,0.88,0.865,0.0038250931538641453,0.048505641520023346,1.6451432704925537,0.9392604231834412,10,10,0,0,1.0,1.5,2.1,0.6,0.7948327660560608,0.0048828125,0.0062500000931322575,0.0020939940586686134,0.004157714545726776,0.00732421875,0.732421875,-0.0037558593321591616,0.0,0.0,0.0,0.0,0.0038250931538641453,0.01220703125,0.007812927244231105,0.639982572475075,1.0,0.3076547934098024,-0.021518203779123724,0.17278140224516392,0.14563244581222534,0.018837373703718185,0.14828571677207947,0.17072944343090057,0.19982340931892395,0.2025962471961975,0.0,0.0,0.0,1.8289057910442352,0.006319253996480256,0.0487060546875,1.6127675361931324,0.00011804799999999999,0.005,0.0,0.0,0.0,0.0,0.0,0.0,0.0,0.0,0.0,,0.0,0.0,0.0,0.0,0.0,0.0,0.0,0.0,0.0,0.0,0.0,0.0,0.0,0.0,0.0,0.0,0.0,0.0,0.0,,,,,0.0,,0.4254416823387146,,,,,,,0.0,{},{},0.0,0.0,0.0,0.0,0.0,0.0,0.0,0,0,0.0,0.0,,0.0
374,41756-1786688958442437800,41756,765952,3917,3022,122,773,0.7715088077610416,0.88,0.865,0.004211745224893093,0.05032136291265488,1.2200977802276611,0.7938541769981384,12,10,0,2,0.8333333333333334,1.5833333333333333,2.0833333333333335,0.5,0.7941136360168457,0.00439453125,0.006787109654396772,0.00231435289606452,0.0035986327566206455,0.00927734375,0.927734375,-0.003716797102242708,0.0,0.0,0.0,0.0,0.004211745224893093,0.013671875,0.008265356067568064,0.6045075426761427,1.0,0.27183727652324097,-0.02716166793834418,0.1284516043961048,0.10491858422756195,0.016213316470384598,0.1112179160118103,0.12741278111934662,0.14552024006843567,0.16462400555610657,0.0,0.0,0.0,1.746169738471508,0.009586354679413489,0.0703125,0.9507697019726038,0.00011702400000000002,0.005,0.0,0.0,0.0,0.0,0.0,0.0,0.0,0.0,0.0,,0.0,0.0,0.0,0.0,0.0,0.0,0.0,0.0,0.0,0.0,0.0,0.0,0.0,0.0,0.0,0.0,0.0,0.0,0.0,,,,,0.0,,0.36020898818969727,,,,,,,0.0,{},{},0.0,0.0,0.0,0.0,0.0,0.0,0.0,0,0,0.0,0.0,,0.0
375,41756-1786688958442437800,41756,768000,3931,3034,122,775,0.7718137878402442,0.88,0.87,0.005240782164037228,0.052595581859350204,1.3237462043762207,0.8900072574615479,14,12,0,2,0.8571428571428571,1.6428571428571428,2.0714285714285716,0.42857142857142855,0.9266536235809326,0.00537109375,0.00791015662252903,0.0028188908472657204,0.004062499850988388,0.01123046875,1.123046875,-0.003650390775874257,0.0,0.0,0.0,0.0,0.005240782164037228,0.0166015625,0.009630504297092557,0.5800613186724974,1.0,0.21986911814813268,-0.02471575897652656,0.056262727128341794,0.04290812090039253,0.006347950082272291,0.048805102705955505,0.05547776073217392,0.06399831920862198,0.067953921854496,0.0,0.0,0.0,1.8198814317584038,0.00889230285974918,0.062255859375,0.990714505314827,0.000116,0.005,0.0,0.0,0.0,0.0,0.0,0.0,0.0,0.0,0.0,,0.0,0.0,0.0,0.0,0.0,0.0,0.0,0.0,0.0,0.0,0.0,0.0,0.0,0.0,0.0,0.0,0.0,0.0,0.0,,,,,0.0,,0.2410365641117096,,,,,,,0.0,{},{},0.0,0.0,0.0,0.0,0.0,0.0,0.0,0,0,0.0,0.0,,0.0
376,41756-1786688958442437800,41756,770048,3941,3041,122,778,0.7716315655924892,0.86,0.865,0.0041221980936825275,0.05084456130862236,1.0152344703674316,0.46469753980636597,10,7,0,3,0.7,1.6,2.1,0.5,0.8034827709197998,0.002685546875,0.00717773474752903,0.0027559478767216206,0.004609374795109034,0.009765625,0.9765625,-0.003701171837747097,0.0,0.0,0.0,0.0,0.0041221980936825275,0.012451171875,0.009019065415486693,0.7242965730013821,1.0,0.29723102723773615,-0.026691485836636275,0.04102538712322712,0.03434402123093605,0.0038351116236299276,0.037392593920230865,0.04007447138428688,0.04650305211544037,0.04743574559688568,0.0,0.0,0.0,1.8066730052232742,0.008094266282569151,0.064453125,1.096925064921379,0.00011497600000000002,0.005,0.0,0.0,0.0,0.0,0.0,0.0,0.0,0.0,0.0,,0.0,0.0,0.0,0.0,0.0,0.0,0.0,0.0,0.0,0.0,0.0,0.0,0.0,0.0,0.0,0.0,0.0,0.0,0.0,,,,,0.0,,0.2060016393661499,,,,,,,0.0,{},{},0.0,0.0,0.0,0.0,0.0,0.0,0.0,0,0,0.0,0.0,,0.0
377,41756-1786688958442437800,41756,772096,3955,3053,122,780,0.7719342604298357,0.82,0.855,0.005336497910320759,0.055961865931749344,1.1789900064468384,0.6594722270965576,14,12,0,2,0.8571428571428571,1.9285714285714286,2.4285714285714284,0.5,0.5390629768371582,0.00537109375,0.00844726525247097,0.0030142164323478937,0.003974609076976776,0.01123046875,1.123046875,-0.0036425781436264515,0.0,0.0,0.0,0.0,0.005336497910320759,0.0166015625,0.010194471629802138,0.6140300107168479,1.0,0.21939855029164632,-0.021891024691285565,0.187789935618639,0.14998765289783478,0.019008707255125046,0.16832074522972107,0.19015297293663025,0.21204625070095062,0.22694583237171173,0.0,0.0,0.0,1.783138446509838,0.007074861288856482,0.0546875,1.1342142447829247,0.000113952,0.005,0.0,0.0,0.0,0.0,0.0,0.0,0.0,0.0,0.0,,0.0,0.0,0.0,0.0,0.0,0.0,0.0,0.0,0.0,0.0,0.0,0.0,0.0,0.0,0.0,0.0,0.0,0.0,0.0,,,,,0.0,,0.4477311372756958,,,,,,,0.0,{},{},0.0,0.0,0.0,0.0,0.0,0.0,0.0,0,0,0.0,0.0,,0.0
378,41756-1786688958442437800,41756,774144,3963,3058,122,783,0.7716376482462781,0.8,0.84,0.0012885567266494036,0.0362468883395195,1.1063363552093506,0.6831640005111694,8,5,0,3,0.625,1.125,1.875,0.75,0.8009819984436035,0.001708984375,0.004101562313735485,0.0006406944012269378,0.002626952948048711,0.0029296875,0.29296875,-0.003974609076976776,0.0,0.0,0.0,0.0,0.0012885567266494036,0.004638671875,0.004918474151054397,1.060090946852658,1.0,0.8566573637228981,-0.02720092292292975,0.09239825885742903,0.07588779926300049,0.011690438725054264,0.07812782377004623,0.09363780915737152,0.10461413115262985,0.10990273952484131,0.0,0.0,0.0,1.977734737098217,0.007569367335236166,0.0606689453125,1.2519924864172935,0.00011292799999999997,0.005,0.0,0.0,0.0,0.0,0.0,0.0,0.0,0.0,0.0,,0.0,0.0,0.0,0.0,0.0,0.0,0.0,0.0,0.0,0.0,0.0,0.0,0.0,0.0,0.0,0.0,0.0,0.0,0.0,,,,,0.0,,0.30476924777030945,,,,,,,0.0,{},{},0.0,0.0,0.0,0.0,0.0,0.0,0.0,0,0,0.0,0.0,,0.0
379,41756-1786688958442437800,41756,776192,3976,3068,122,786,0.7716297786720322,0.76,0.83,0.0033736652694642544,0.046695783734321594,1.2499265670776367,0.8255607485771179,13,10,0,3,0.7692307692307693,1.3846153846153846,1.6923076923076923,0.3076923076923077,0.7459172010421753,0.004150390625,0.005908203311264515,0.0016987437848001719,0.003698730142787099,0.0068359375,0.68359375,-0.0038281248416751623,0.0,0.0,0.0,0.0,0.0033736652694642544,0.010986328125,0.007257571793161333,0.6605401887150187,1.0,0.34841271673363833,-0.021206007397267967,0.16501494962722063,0.13849800825119019,0.02025928907096386,0.1469963788986206,0.1569499969482422,0.18613311648368835,0.21747422218322754,0.0,0.0,0.0,1.8343346193432808,0.005429119317341247,0.0399169921875,1.610502153635025,0.000111904,0.005,0.0,0.0,0.0,0.0,0.0,0.0,0.0,0.0,0.0,,0.0,0.0,0.0,0.0,0.0,0.0,0.0,0.0,0.0,0.0,0.0,0.0,0.0,0.0,0.0,0.0,0.0,0.0,0.0,,,,,0.0,,0.41613730788230896,,,,,,,0.0,{},{},0.0,0.0,0.0,0.0,0.0,0.0,0.0,0,0,0.0,0.0,,0.0
380,41756-1786688958442437800,41756,778240,3986,3075,122,789,0.771450075263422,0.76,0.825,0.003737401682883501,0.04443815350532532,1.105271577835083,0.6390022039413452,10,7,0,3,0.7,1.4,1.9,0.5,0.8397552967071533,0.002685546875,0.00747070275247097,0.0021932197269052267,0.003146972507238388,0.00830078125,0.830078125,-0.003753906348720193,0.0,0.0,0.0,0.0,0.003737401682883501,0.010986328125,0.008805750811006874,0.8014460577518134,1.0,0.34165779942247726,-0.02629612386226654,0.06526400451548398,0.051924046128988266,0.005918821319937706,0.06025581806898117,0.0648573487997055,0.06966525316238403,0.07992615550756454,0.0,0.0,0.0,1.7866730615496635,0.008595651759605971,0.0621337890625,1.0748606771230698,0.00011087999999999998,0.005,0.0,0.0,0.0,0.0,0.0,0.0,0.0,0.0,0.0,,0.0,0.0,0.0,0.0,0.0,0.0,0.0,0.0,0.0,0.0,0.0,0.0,0.0,0.0,0.0,0.0,0.0,0.0,0.0,,,,,0.0,,0.25579628348350525,,,,,,,0.0,{},{},0.0,0.0,0.0,0.0,0.0,0.0,0.0,0,0,0.0,0.0,,0.0
381,41756-1786688958442437800,41756,780288,3996,3082,122,792,0.7712712712712713,0.74,0.82,0.004530403297394514,0.04633627459406853,1.2077980041503906,0.6660459041595459,10,7,0,3,0.7,1.4,1.7,0.3,0.4992958903312683,0.002685546875,0.00820312462747097,0.0025769476778805256,0.0033349606674164534,0.0107421875,1.07421875,-0.0037363283336162567,0.0,0.0,0.0,0.0,0.004530403297394514,0.013427734375,0.009681101713795215,0.7209243584278742,1.0,0.27823384015787095,-0.02316732917097397,0.20977515168488026,0.16948850452899933,0.017746852710843086,0.1926405131816864,0.2086580991744995,0.2352520227432251,0.24192389845848083,0.0,0.0,0.0,1.7521236836910248,0.008214221106754849,0.05810546875,1.1822913326323032,0.00010985600000000001,0.005,0.0,0.0,0.0,0.0,0.0,0.0,0.0,0.0,0.0,,0.0,0.0,0.0,0.0,0.0,0.0,0.0,0.0,0.0,0.0,0.0,0.0,0.0,0.0,0.0,0.0,0.0,0.0,0.0,,,,,0.0,,0.4712970554828644,,,,,,,0.0,{},{},0.0,0.0,0.0,0.0,0.0,0.0,0.0,0,0,0.0,0.0,,0.0
382,41756-1786688958442437800,41756,782336,4008,3093,122,793,0.7717065868263473,0.78,0.825,0.004705954808741808,0.04871923848986626,1.4056613445281982,0.7367541790008545,12,11,0,1,0.9166666666666666,1.8333333333333333,2.25,0.4166666666666667,0.940885066986084,0.005126953125,0.00786132924258709,0.0022279671393334866,0.003742675529792905,0.00942382775247097,0.9423828125,-0.003671875223517418,0.0,0.0,0.0,0.0,0.004705954808741808,0.01455078087747097,0.009353989909868687,0.6428072267326751,1.0,0.2523316736580473,-0.02663228040910326,0.03362862905487418,0.030524669215083122,0.003515950171276927,0.031130582094192505,0.032172199338674545,0.03885480388998985,0.04340280592441559,0.0,0.0,0.0,1.7929930463433266,0.008300356323161395,0.059814453125,1.2129147462546825,0.00010883199999999999,0.005,0.0,0.0,0.0,0.0,0.0,0.0,0.0,0.0,0.0,,0.0,0.0,0.0,0.0,0.0,0.0,0.0,0.0,0.0,0.0,0.0,0.0,0.0,0.0,0.0,0.0,0.0,0.0,0.0,,,,,0.0,,0.17913120985031128,,,,,,,0.0,{},{},0.0,0.0,0.0,0.0,0.0,0.0,0.0,0,0,0.0,0.0,,0.0
383,41756-1786688958442437800,41756,784384,4019,3101,122,796,0.7715849713859169,0.78,0.82,0.00370935071259737,0.04676340892910957,1.3346302509307861,0.7879530787467957,11,8,0,3,0.7272727272727273,1.3636363636363635,1.6363636363636365,0.2727272727272727,0.9237494468688965,0.003173828125,0.006542969029396772,0.0023256130516529083,0.004150390625,0.00830078125,0.830078125,-0.0037949220277369022,0.0,0.0,0.0,0.0,0.00370935071259737,0.011474609375,0.00816196994856,0.7112450138239391,1.0,0.3306945978837749,-0.026513627206441015,0.04139053006656468,0.03295380622148514,0.005097645800560713,0.03501521795988083,0.04137498140335083,0.047564730048179626,0.05082191526889801,0.0,0.0,0.0,1.7685374170541763,0.008330247921549017,0.054931640625,1.0964405685663223,0.00010780800000000002,0.005,0.0,0.0,0.0,0.0,0.0,0.0,0.0,0.0,0.0,,0.0,0.0,0.0,0.0,0.0,0.0,0.0,0.0,0.0,0.0,0.0,0.0,0.0,0.0,0.0,0.0,0.0,0.0,0.0,,,,,0.0,,0.21758140623569489,,,,,,,0.0,{},{},0.0,0.0,0.0,0.0,0.0,0.0,0.0,0,0,0.0,0.0,,0.0
384,41756-1786688958442437800,41756,786432,4031,3113,122,796,0.772264946663359,0.84,0.825,0.005442837253212929,0.05755826458334923,1.0024054050445557,0.8412846326828003,12,12,0,0,1.0,2.25,2.5833333333333335,0.3333333333333333,0.8771781921386719,0.005859375,0.00815429724752903,0.003205772489309311,0.004995116963982582,0.0107421875,1.07421875,-0.0034550782293081284,0.0,0.0,0.0,0.0,0.005442837253212929,0.0166015625,0.010204519610852003,0.6146352173558752,1.0,0.20810511806886003,-0.02483460126677528,0.0862777796573937,0.06686189770698547,0.010218169540166855,0.07749993354082108,0.08434677124023438,0.0944150984287262,0.11535627394914627,0.0,0.0,0.0,1.6486889198422432,0.009437298385364556,0.068359375,0.9522990696132183,0.00010678399999999999,0.005,0.0,0.0,0.0,0.0,0.0,0.0,0.0,0.0,0.0,,0.0,0.0,0.0,0.0,0.0,0.0,0.0,0.0,0.0,0.0,0.0,0.0,0.0,0.0,0.0,0.0,0.0,0.0,0.0,,,,,0.0,,0.2948361337184906,,,,,,,0.0,{},{},0.0,0.0,0.0,0.0,0.0,0.0,0.0,0,0,0.0,0.0,,0.0
385,41756-1786688958442437800,41756,788480,4042,3121,124,797,0.7721425037110341,0.82,0.82,0.003737477585673332,0.045205287635326385,1.0245378017425537,0.6844397187232971,11,8,2,1,0.7272727272727273,1.3636363636363635,2.0,0.6363636363636364,0.943081796169281,0.002685546875,0.007324219215661287,0.0016773206880316138,0.0031958005856722593,0.0087890625,0.87890625,-0.003857421688735485,0.0,0.0,0.0,0.0,0.003737477585673332,0.011474609375,0.008542499534087256,0.744404872537521,1.0,0.33614090221117215,-0.025506452104309574,0.024214334320276976,0.019535023719072342,0.003680284135043621,0.01971360668540001,0.022794708609580994,0.02931070327758789,0.029744528234004974,0.0,0.0,0.0,1.8557505831122398,0.008622588409707532,0.07275390625,0.9458643384277821,0.00010576000000000002,0.005,0.0,0.0,0.0,0.0,0.0,0.0,0.0,0.0,0.0,,0.0,0.0,0.0,0.0,0.0,0.0,0.0,0.0,0.0,0.0,0.0,0.0,0.0,0.0,0.0,0.0,0.0,0.0,0.0,,,,,0.0,,0.16329045593738556,,,,,,,0.0,{},{},0.0,0.0,0.0,0.0,0.0,0.0,0.0,0,0,0.0,0.0,,0.0
386,41756-1786688958442437800,41756,790528,4051,3128,124,799,0.7721550234509997,0.84,0.82,0.0026249894872307777,0.03993111103773117,1.3689262866973877,0.7849845886230469,9,7,0,2,0.7777777777777778,1.4444444444444444,1.6666666666666667,0.2222222222222222,0.7012261152267456,0.0029296875,0.005566406529396772,0.0012524654157459736,0.002641601487994194,0.005859375,0.5859375,-0.003996093757450581,0.0,0.0,0.0,0.0,0.0026249894872307777,0.0087890625,0.006539923255331814,0.7440132826509271,1.0,0.4546149424364822,-0.025244760676287115,0.17465624120086432,0.15051119029521942,0.016805389896035194,0.15304453670978546,0.17488506436347961,0.19499805569648743,0.20655488967895508,0.0,0.0,0.0,1.9161677956581116,0.00934753270848887,0.0687255859375,1.3348757550120354,0.000104736,0.005,0.0,0.0,0.0,0.0,0.0,0.0,0.0,0.0,0.0,,0.0,0.0,0.0,0.0,0.0,0.0,0.0,0.0,0.0,0.0,0.0,0.0,0.0,0.0,0.0,0.0,0.0,0.0,0.0,,,,,0.0,,0.429074227809906,,,,,,,0.0,{},{},0.0,0.0,0.0,0.0,0.0,0.0,0.0,0,0,0.0,0.0,,0.0
387,41756-1786688958442437800,41756,792576,4062,3137,124,801,0.7722796651895618,0.8,0.815,0.0032364102080464363,0.04656339809298515,1.2906439304351807,0.7612472772598267,11,9,0,2,0.8181818181818182,1.3636363636363635,1.8181818181818181,0.45454545454545453,0.9375887513160706,0.00390625,0.005615234375,0.0019069018308073282,0.0035546873696148396,0.0068359375,0.68359375,-0.0038476563058793545,0.0,0.0,0.0,0.0,0.0032364102080464363,0.0107421875,0.006980631675105542,0.6497728607180636,1.0,0.35814848301580465,-0.024091019527986646,0.03601170110050589,0.028419895097613335,0.0033865668810904026,0.03272254765033722,0.036752939224243164,0.04057639092206955,0.04203435033559799,0.0,0.0,0.0,1.7890664041042328,0.008441621247584408,0.0621337890625,1.0564113184809685,0.00010371200000000003,0.005,0.0,0.0,0.0,0.0,0.0,0.0,0.0,0.0,0.0,,0.0,0.0,0.0,0.0,0.0,0.0,0.0,0.0,0.0,0.0,0.0,0.0,0.0,0.0,0.0,0.0,0.0,0.0,0.0,,,,,0.0,,0.19017668068408966,,,,,,,0.0,{},{},0.0,0.0,0.0,0.0,0.0,0.0,0.0,0,0,0.0,0.0,,0.0
388,41756-1786688958442437800,41756,794624,4074,3144,124,806,0.7717231222385862,0.76,0.805,0.002334010088816285,0.03962329030036926,1.0517863035202026,0.5695632696151733,12,7,0,5,0.5833333333333334,1.25,1.6666666666666667,0.4166666666666667,0.8009191751480103,0.002197265625,0.005810546688735485,0.0009180830675177276,0.001882324111647904,0.0055175782181322575,0.5517578125,-0.0039667971432209015,0.0,0.0,0.0,0.0,0.002334010088816285,0.0077148438431322575,0.006510648483526893,0.8438025206176135,1.0,0.5141106046037571,-0.02687428327044472,0.0601892932318151,0.047983866184949875,0.007348779123276472,0.052303534001111984,0.058441027998924255,0.069736048579216,0.07657907903194427,0.0,0.0,0.0,1.8805357962846756,0.010869589426874882,0.0732421875,0.9950719811022282,0.000102688,0.005,0.0,0.0,0.0,0.0,0.0,0.0,0.0,0.0,0.0,,0.0,0.0,0.0,0.0,0.0,0.0,0.0,0.0,0.0,0.0,0.0,0.0,0.0,0.0,0.0,0.0,0.0,0.0,0.0,,,,,0.0,,0.25413045287132263,,,,,,,0.0,{},{},0.0,0.0,0.0,0.0,0.0,0.0,0.0,0,0,0.0,0.0,,0.0
389,41756-1786688958442437800,41756,796672,4084,3151,124,809,0.7715475024485798,0.7,0.79,0.0033025452867150307,0.04155432805418968,1.435746192932129,0.9778508543968201,10,7,0,3,0.7,1.1,1.4,0.3,0.7587321996688843,0.002685546875,0.006103515625,0.0020390048157423735,0.0029101562686264515,0.0078125,0.78125,-0.0038574219215661287,0.0,0.0,0.0,0.0,0.0033025452867150307,0.010498046875,0.007340805896092206,0.6991878390001194,1.0,0.3674068672606178,-0.021390821872046217,0.22452171240001917,0.16074836254119873,0.02854856662452221,0.1939738243818283,0.2285773754119873,0.2601979076862335,0.273931086063385,0.0,0.0,0.0,1.9006261974573135,0.006744703867298085,0.0537109375,1.132782269269228,0.00010166399999999998,0.005,0.0,0.0,0.0,0.0,0.0,0.0,0.0,0.0,0.0,,0.0,0.0,0.0,0.0,0.0,0.0,0.0,0.0,0.0,0.0,0.0,0.0,0.0,0.0,0.0,0.0,0.0,0.0,0.0,,,,,0.0,,0.4803107678890228,,,,,,,0.0,{},{},0.0,0.0,0.0,0.0,0.0,0.0,0.0,0,0,0.0,0.0,,0.0
390,41756-1786688958442437800,41756,798720,4098,3163,125,810,0.7718399219131283,0.74,0.79,0.00541369104757905,0.05740545690059662,1.0173275470733643,0.7088891267776489,14,12,1,1,0.8571428571428571,1.8571428571428572,2.0714285714285716,0.21428571428571427,0.8610495328903198,0.005126953125,0.00825195387005806,0.0035522631369531155,0.005183105356991291,0.01123046875,1.123046875,-0.003527343738824129,0.0,0.0,0.0,0.0,0.00541369104757905,0.016357421875,0.010435795993544161,0.6379463785252305,1.0,0.2156286080514187,-0.022906254220288247,0.06661729933694005,0.04318718984723091,0.011250424198806286,0.0522025041282177,0.0678005963563919,0.07852274179458618,0.08661917597055435,0.0,0.0,0.0,1.6643061265349388,0.010110813014762243,0.0762939453125,0.9441178888082504,0.00010064000000000001,0.005,0.0,0.0,0.0,0.0,0.0,0.0,0.0,0.0,0.0,,0.0,0.0,0.0,0.0,0.0,0.0,0.0,0.0,0.0,0.0,0.0,0.0,0.0,0.0,0.0,0.0,0.0,0.0,0.0,,,,,0.0,,0.2642459571361542,,,,,,,0.0,{},{},0.0,0.0,0.0,0.0,0.0,0.0,0.0,0,0,0.0,0.0,,0.0
391,41756-1786688958442437800,41756,800768,4109,3172,125,812,0.7719639815040156,0.76,0.78,0.0042978147976100445,0.05137819051742554,1.079319715499878,0.6739917993545532,11,9,0,2,0.8181818181818182,1.5454545454545454,2.3636363636363638,0.8181818181818182,0.6865410804748535,0.00390625,0.0074707032181322575,0.002542980946600437,0.003979492001235485,0.00927734375,0.927734375,-0.0037304689176380634,0.0,0.0,0.0,0.0,0.0042978147976100445,0.01318359375,0.009101321455091238,0.6902997261550997,1.0,0.28294151404081475,-0.023845835210522637,0.1387974708341062,0.11957240849733353,0.011552078649401665,0.1229436919093132,0.1403752565383911,0.15218862891197205,0.15486937761306763,0.0,0.0,0.0,1.8367059156298637,0.006788940605474636,0.049072265625,0.9658600501716137,9.961599999999999e-05,0.005,0.0,0.0,0.0,0.0,0.0,0.0,0.0,0.0,0.0,,0.0,0.0,0.0,0.0,0.0,0.0,0.0,0.0,0.0,0.0,0.0,0.0,0.0,0.0,0.0,0.0,0.0,0.0,0.0,,,,,0.0,,0.3773505389690399,,,,,,,0.0,{},{},0.0,0.0,0.0,0.0,0.0,0.0,0.0,0,0,0.0,0.0,,0.0
392,41756-1786688958442437800,41756,802816,4120,3180,125,815,0.7718446601941747,0.76,0.775,0.004060541279613972,0.046940404921770096,1.1915779113769531,0.6970521211624146,11,8,0,3,0.7272727272727273,1.4545454545454546,1.9090909090909092,0.45454545454545453,0.770831823348999,0.003173828125,0.007080078125,0.002786374883726239,0.004387206863611937,0.00893554650247097,0.8935546875,-0.003677734173834324,0.0,0.0,0.0,0.0,0.004060541279613972,0.01210937462747097,0.008873473561834544,0.7327166858823762,1.0,0.30368459167991496,-0.025344268302433193,0.1078882752917707,0.0863933265209198,0.010884923860430717,0.09593603014945984,0.109327033162117,0.11727005243301392,0.13151177763938904,0.0,0.0,0.0,1.8229955509305,0.009839680617005797,0.0677490234375,1.09404918551445,9.859200000000002e-05,0.005,0.0,0.0,0.0,0.0,0.0,0.0,0.0,0.0,0.0,,0.0,0.0,0.0,0.0,0.0,0.0,0.0,0.0,0.0,0.0,0.0,0.0,0.0,0.0,0.0,0.0,0.0,0.0,0.0,,,,,0.0,,0.333689421415329,,,,,,,0.0,{},{},0.0,0.0,0.0,0.0,0.0,0.0,0.0,0,0,0.0,0.0,,0.0
393,41756-1786688958442437800,41756,804864,4132,3190,125,817,0.7720232333010648,0.8,0.78,0.0033774180337786674,0.045914825052022934,1.2313584089279175,0.6246882081031799,12,10,0,2,0.8333333333333334,1.75,2.25,0.5,0.8323877453804016,0.00439453125,0.00620117224752903,0.0017584844026714563,0.002946777269244194,0.0068359375,0.68359375,-0.003884765785187483,0.0,0.0,0.0,0.0,0.0033774180337786674,0.01123046875,0.0073774876655079424,0.6568586735824683,1.0,0.3458822591824852,-0.016762889778384797,0.06484749999183875,0.05282129347324371,0.007863548584282398,0.056082453578710556,0.06464178115129471,0.07427607476711273,0.0822715312242508,0.0,0.0,0.0,1.903722148675185,0.008664591989005342,0.0390625,0.9337336696111239,9.756799999999998e-05,0.005,0.0,0.0,0.0,0.0,0.0,0.0,0.0,0.0,0.0,,0.0,0.0,0.0,0.0,0.0,0.0,0.0,0.0,0.0,0.0,0.0,0.0,0.0,0.0,0.0,0.0,0.0,0.0,0.0,,,,,0.0,,0.2557503283023834,,,,,,,0.0,{},{},0.0,0.0,0.0,0.0,0.0,0.0,0.0,0,0,0.0,0.0,,0.0
394,41756-1786688958442437800,41756,806912,4140,3196,125,819,0.7719806763285024,0.8,0.775,0.00237396452575922,0.03545272350311279,1.4089921712875366,0.705329418182373,8,6,0,2,0.75,1.5,1.625,0.125,0.8667065501213074,0.00244140625,0.005078125279396772,0.0010042397771030664,0.0023901367094367743,0.005859375,0.5859375,-0.004001953173428774,0.0,0.0,0.0,0.0,0.00237396452575922,0.00830078125,0.0059267194010317326,0.7139093674663776,1.0,0.4820595788920329,-0.025590777804609388,0.06488610617816448,0.050362613052129745,0.008195227012038231,0.05495712161064148,0.06410479545593262,0.07578502595424652,0.08030398190021515,0.0,0.0,0.0,2.072782590985298,0.007722764421487227,0.0592041015625,1.018799014389515,9.654400000000002e-05,0.005,0.0,0.0,0.0,0.0,0.0,0.0,0.0,0.0,0.0,,0.0,0.0,0.0,0.0,0.0,0.0,0.0,0.0,0.0,0.0,0.0,0.0,0.0,0.0,0.0,0.0,0.0,0.0,0.0,,,,,0.0,,0.25751134753227234,,,,,,,0.0,{},{},0.0,0.0,0.0,0.0,0.0,0.0,0.0,0,0,0.0,0.0,,0.0
395,41756-1786688958442437800,41756,808960,4150,3202,125,823,0.771566265060241,0.74,0.765,0.0026499065570533276,0.0377788320183754,1.4744898080825806,0.7545077204704285,10,6,0,4,0.6,0.9,1.3,0.4,0.8566486835479736,0.001953125,0.0060058594681322575,0.0014842073433101177,0.003071288811042905,0.0060058594681322575,0.6005859375,-0.003839843673631549,0.0,0.0,0.0,0.0,0.0026499065570533276,0.007958984468132257,0.007144733506720513,0.897581337667731,1.0,0.48239336257555987,-0.023514638480264693,0.08044899394735694,0.06437651067972183,0.009640701115131378,0.06694608926773071,0.08109080791473389,0.09220476448535919,0.09799976646900177,0.0,0.0,0.0,1.8832977414131165,0.008818626531137852,0.067626953125,1.0932570956647396,9.552e-05,0.005,0.0,0.0,0.0,0.0,0.0,0.0,0.0,0.0,0.0,,0.0,0.0,0.0,0.0,0.0,0.0,0.0,0.0,0.0,0.0,0.0,0.0,0.0,0.0,0.0,0.0,0.0,0.0,0.0,,,,,0.0,,0.2856699228286743,,,,,,,0.0,{},{},0.0,0.0,0.0,0.0,0.0,0.0,0.0,0,0,0.0,0.0,,0.0
396,41756-1786688958442437800,41756,811008,4164,3214,125,825,0.7718539865513929,0.74,0.775,0.004087493754923344,0.045861441642045975,1.501879334449768,0.8930688500404358,14,12,0,2,0.8571428571428571,1.5714285714285714,1.7857142857142858,0.21428571428571427,0.9031772017478943,0.00537109375,0.006542968563735485,0.0025916274171322584,0.0036889645271003246,0.0078125,0.78125,-0.0037441407330334187,0.0,0.0,0.0,0.0,0.004087493754923344,0.01318359375,0.00811311654979363,0.6153482392882702,1.0,0.2839784679018585,-0.021466116071678698,0.07495709089562297,0.053612977266311646,0.012942252680659294,0.05730312690138817,0.07550803571939468,0.09117817878723145,0.09461592882871628,0.0,0.0,0.0,1.8564755097031593,0.006758357871149201,0.053955078125,1.0236264765262604,9.449600000000002e-05,0.005,0.0,0.0,0.0,0.0,0.0,0.0,0.0,0.0,0.0,,0.0,0.0,0.0,0.0,0.0,0.0,0.0,0.0,0.0,0.0,0.0,0.0,0.0,0.0,0.0,0.0,0.0,0.0,0.0,,,,,0.0,,0.27789056301116943,,,,,,,0.0,{},{},0.0,0.0,0.0,0.0,0.0,0.0,0.0,0,0,0.0,0.0,,0.0
397,41756-1786688958442437800,41756,813056,4170,3218,125,827,0.7717026378896883,0.76,0.775,0.002859644126147032,0.0399528369307518,1.4507663249969482,0.6632922291755676,6,4,0,2,0.6666666666666666,1.0,1.3333333333333333,0.3333333333333333,0.7648655772209167,0.00146484375,0.006396484561264515,0.001483563450165093,0.0029931641183793545,0.0069824219681322575,0.6982421875,-0.0038144532591104507,0.0,0.0,0.0,0.0,0.002859644126147032,0.008447265718132257,0.007515666453400627,0.8896105667308711,1.0,0.45150725443254053,-0.020382867951411754,0.10455523105338216,0.09173198789358139,0.009561418555676937,0.09562428295612335,0.10379156470298767,0.1114455983042717,0.1351419985294342,0.0,0.0,0.0,1.9670869186520576,0.006259640296775615,0.043212890625,1.264921423047781,9.3472e-05,0.005,0.0,0.0,0.0,0.0,0.0,0.0,0.0,0.0,0.0,,0.0,0.0,0.0,0.0,0.0,0.0,0.0,0.0,0.0,0.0,0.0,0.0,0.0,0.0,0.0,0.0,0.0,0.0,0.0,,,,,0.0,,0.32163476943969727,,,,,,,0.0,{},{},0.0,0.0,0.0,0.0,0.0,0.0,0.0,0,0,0.0,0.0,,0.0
398,41756-1786688958442437800,41756,815104,4183,3229,125,829,0.7719340186469041,0.76,0.78,0.003773526754230261,0.040569059550762177,1.8315129280090332,0.8834019303321838,13,11,0,2,0.8461538461538461,1.3846153846153846,1.6153846153846154,0.23076923076923078,0.940854549407959,0.0048828125,0.006103515625,0.0019133735913783312,0.0025292967911809683,0.0078125,0.78125,-0.00390625,0.0,0.0,0.0,0.0,0.003773526754230261,0.0126953125,0.007214183220639825,0.5682109053821592,1.0,0.30766807291487197,-0.022014779577148147,0.04336717841215432,0.030291981995105743,0.00706339068710804,0.037211671471595764,0.0421135351061821,0.05166186764836311,0.060395292937755585,0.0,0.0,0.0,1.9727880507707596,0.005485627170855878,0.0390625,1.2258163653314114,9.244799999999998e-05,0.005,0.0,0.0,0.0,0.0,0.0,0.0,0.0,0.0,0.0,,0.0,0.0,0.0,0.0,0.0,0.0,0.0,0.0,0.0,0.0,0.0,0.0,0.0,0.0,0.0,0.0,0.0,0.0,0.0,,,,,0.0,,0.21484196186065674,,,,,,,0.0,{},{},0.0,0.0,0.0,0.0,0.0,0.0,0.0,0,0,0.0,0.0,,0.0
399,41756-1786688958442437800,41756,817152,4189,3235,125,829,0.7722606827405109,0.8,0.785,0.0024918867275118828,0.036908917129039764,1.5863862037658691,0.6721764206886292,6,6,0,0,1.0,2.3333333333333335,2.3333333333333335,0.0,0.890958309173584,0.0029296875,0.005322265904396772,0.0004033619479741901,0.001992187462747097,0.005859375,0.5859375,-0.0040117185562849045,0.0,0.0,0.0,0.0,0.0024918867275118828,0.0087890625,0.005921153257077094,0.6736190165971055,1.0,0.4563924950800867,-0.026300270081264898,0.046015672385692596,0.03682126849889755,0.004488053265959024,0.04065054655075073,0.045686330646276474,0.05013269931077957,0.05684218183159828,0.0,0.0,0.0,2.0400381311774254,0.006693395299407712,0.052734375,1.0875977464020252,9.142400000000001e-05,0.005,0.0,0.0,0.0,0.0,0.0,0.0,0.0,0.0,0.0,,0.0,0.0,0.0,0.0,0.0,0.0,0.0,0.0,0.0,0.0,0.0,0.0,0.0,0.0,0.0,0.0,0.0,0.0,0.0,,,,,0.0,,0.22196243703365326,,,,,,,0.0,{},{},0.0,0.0,0.0,0.0,0.0,0.0,0.0,0,0,0.0,0.0,,0.0
400,41756-1786688958442437800,41756,819200,4200,3242,125,833,0.7719047619047619,0.8,0.785,0.0018673359882086515,0.03181940317153931,1.6803861856460571,0.8771503567695618,11,7,0,4,0.6363636363636364,0.8181818181818182,1.0909090909090908,0.2727272727272727,0.8026754856109619,0.00244140625,0.0045410157181322575,0.0012403418077155948,0.002275390550494194,0.00390625,0.390625,-0.0039726560935378075,0.0,0.0,0.0,0.0,0.0018673359882086515,0.00634765625,0.005419948807684705,0.8537159036898091,1.0,0.6257475498910194,-0.023503073694882914,0.1473243422806263,0.12272156774997711,0.018019765615463257,0.12899065017700195,0.14116576313972473,0.1752634346485138,0.17953309416770935,0.0,0.0,0.0,2.040519580245018,0.0052973816036683274,0.04150390625,0.9672704823315144,9.039999999999999e-05,0.005,0.0,0.0,0.0,0.0,0.0,0.0,0.0,0.0,0.0,,0.0,0.0,0.0,0.0,0.0,0.0,0.0,0.0,0.0,0.0,0.0,0.0,0.0,0.0,0.0,0.0,0.0,0.0,0.0,,,,,0.0,,0.3896409273147583,,,,,,,0.0,{},{},0.0,0.0,0.0,0.0,0.0,0.0,0.0,0,0,0.0,0.0,,0.0
401,41756-1786688958442437800,41756,821248,4212,3251,126,835,0.7718423551756886,0.78,0.77,0.0035621700808405876,0.048654705286026,1.3579723834991455,0.9093192219734192,12,9,1,2,0.75,1.4166666666666667,1.75,0.3333333333333333,0.8435196876525879,0.00341796875,0.006591796875,0.0015002340078353882,0.0038281248416751623,0.00795898400247097,0.7958984375,-0.003867187537252903,0.0,0.0,0.0,0.0,0.0035621700808405876,0.01137695275247097,0.007923886587377638,0.696424634533378,1.0,0.33988430268468633,-0.020429122843779624,0.1340378406457603,0.10334228724241257,0.019197752699255943,0.11731977760791779,0.130170539021492,0.15723012387752533,0.18320134282112122,0.0,0.0,0.0,1.9475021436810493,0.00569529536733171,0.0433349609375,1.588701717555523,8.9376e-05,0.005,0.0,0.0,0.0,0.0,0.0,0.0,0.0,0.0,0.0,,0.0,0.0,0.0,0.0,0.0,0.0,0.0,0.0,0.0,0.0,0.0,0.0,0.0,0.0,0.0,0.0,0.0,0.0,0.0,,,,,0.0,,0.3597048223018646,,,,,,,0.0,{},{},0.0,0.0,0.0,0.0,0.0,0.0,0.0,0,0,0.0,0.0,,0.0
402,41756-1786688958442437800,41756,823296,4223,3260,127,836,0.7719630594364196,0.8,0.775,0.005054113455116749,0.049936093389987946,1.3368334770202637,0.7730206847190857,11,9,1,1,0.8181818181818182,1.8181818181818181,2.272727272727273,0.45454545454545453,0.9262779355049133,0.003662109375,0.008837890811264515,0.003306468017399311,0.003964843228459358,0.01088867150247097,1.0888671875,-0.0035996094811707735,0.0,0.0,0.0,0.0,0.005054113455116749,0.01455078087747097,0.010655718622729182,0.7322621686275073,1.0,0.24736556380832259,-0.023950385337229818,0.04317581793293357,0.03502526879310608,0.005159174092113972,0.03627089411020279,0.04364403337240219,0.0497395396232605,0.05192674696445465,0.0,0.0,0.0,1.8312301933765411,0.006202238379046321,0.051025390625,1.0722581893205643,8.835199999999998e-05,0.005,0.0,0.0,0.0,0.0,0.0,0.0,0.0,0.0,0.0,,0.0,0.0,0.0,0.0,0.0,0.0,0.0,0.0,0.0,0.0,0.0,0.0,0.0,0.0,0.0,0.0,0.0,0.0,0.0,,,,,0.0,,0.20988906919956207,,,,,,,0.0,{},{},0.0,0.0,0.0,0.0,0.0,0.0,0.0,0,0,0.0,0.0,,0.0
403,41756-1786688958442437800,41756,825344,4237,3271,127,839,0.7720084965777673,0.76,0.76,0.0058217886835336685,0.04992520809173584,1.5116267204284668,0.82213294506073,14,11,0,3,0.7857142857142857,1.9285714285714286,2.0714285714285716,0.14285714285714285,0.8150931596755981,0.004638671875,0.00913085974752903,0.0032656861003488302,0.0035400390625,0.01318359375,1.318359375,-0.0036289063282310963,0.0,0.0,0.0,0.0,0.0058217886835336685,0.017822265625,0.010832291038241237,0.6077612972926355,1.0,0.20360501855176139,-0.022232145071029663,0.11798783065751195,0.0959337130188942,0.013574671931564808,0.10110130906105042,0.1188284233212471,0.1374109387397766,0.14472398161888123,0.0,0.0,0.0,1.8033301308751106,0.006282540372922085,0.0484619140625,1.3434013649821281,8.732800000000001e-05,0.005,0.0,0.0,0.0,0.0,0.0,0.0,0.0,0.0,0.0,,0.0,0.0,0.0,0.0,0.0,0.0,0.0,0.0,0.0,0.0,0.0,0.0,0.0,0.0,0.0,0.0,0.0,0.0,0.0,,,,,0.0,,0.35352373123168945,,,,,,,0.0,{},{},0.0,0.0,0.0,0.0,0.0,0.0,0.0,0,0,0.0,0.0,,0.0
404,41756-1786688958442437800,41756,827392,4249,3282,127,840,0.7724170393033655,0.8,0.78,0.004346159752458334,0.04883146658539772,1.3839092254638672,0.744072675704956,12,11,0,1,0.9166666666666666,1.6666666666666667,2.0,0.3333333333333333,0.8661652207374573,0.005126953125,0.006787109654396772,0.00220380537211895,0.004140624776482582,0.0087890625,0.87890625,-0.0037343748845160007,0.0,0.0,0.0,0.0,0.004346159752458334,0.013916015625,0.008373217191547155,0.6016532148247233,1.0,0.26833158668067536,-0.0246268444461748,0.07388272602111101,0.06038887798786163,0.0072586205787956715,0.06512878090143204,0.07368990778923035,0.08323269337415695,0.08507126569747925,0.0,0.0,0.0,1.8006382584571838,0.0056640961211087415,0.0452880859375,1.0691661909222603,8.630399999999999e-05,0.005,0.0,0.0,0.0,0.0,0.0,0.0,0.0,0.0,0.0,,0.0,0.0,0.0,0.0,0.0,0.0,0.0,0.0,0.0,0.0,0.0,0.0,0.0,0.0,0.0,0.0,0.0,0.0,0.0,,,,,0.0,,0.2722073793411255,,,,,,,0.0,{},{},0.0,0.0,0.0,0.0,0.0,0.0,0.0,0,0,0.0,0.0,,0.0
405,41756-1786688958442437800,41756,829440,4264,3294,127,843,0.7725140712945591,0.84,0.785,0.005196752957999706,0.05441658943891525,1.275714635848999,0.8183983564376831,15,12,0,3,0.8,1.6666666666666667,2.066666666666667,0.4,0.8181780576705933,0.005126953125,0.00766601599752903,0.004275079816579819,0.004819335415959358,0.0107421875,1.07421875,-0.0034374999813735485,0.0,0.0,0.0,0.0,0.005196752957999706,0.015869140625,0.009939619805663824,0.626309497850705,1.0,0.2166017342000426,-0.019384881830774248,0.12107936013489962,0.0869155079126358,0.017582248896360397,0.0959840640425682,0.1231556162238121,0.13663889467716217,0.1569596529006958,0.0,0.0,0.0,1.6536555215716362,0.005189579755096929,0.0340576171875,1.0738194957375526,8.528000000000002e-05,0.005,0.0,0.0,0.0,0.0,0.0,0.0,0.0,0.0,0.0,,0.0,0.0,0.0,0.0,0.0,0.0,0.0,0.0,0.0,0.0,0.0,0.0,0.0,0.0,0.0,0.0,0.0,0.0,0.0,,,,,0.0,,0.34896984696388245,,,,,,,0.0,{},{},0.0,0.0,0.0,0.0,0.0,0.0,0.0,0,0,0.0,0.0,,0.0
406,41756-1786688958442437800,41756,831488,4272,3300,127,845,0.7724719101123596,0.82,0.79,0.003244981402531266,0.04316814988851547,1.1785106658935547,0.6331384778022766,8,6,0,2,0.75,1.75,2.125,0.375,0.7715634703636169,0.00244140625,0.006298827938735485,0.0016425412613898516,0.0032348630484193563,0.0078125,0.78125,-0.003750000149011612,0.0,0.0,0.0,0.0,0.003244981402531266,0.01025390625,0.007518179016187787,0.7331299607139546,1.0,0.365678637872639,-0.02061330172000453,0.08980286587029696,0.0714864656329155,0.011495576240122318,0.07541941851377487,0.08663433790206909,0.10647612065076828,0.11072294414043427,0.0,0.0,0.0,1.791671834886074,0.004438308327735285,0.03271484375,1.2356529012322426,8.4256e-05,0.005,0.0,0.0,0.0,0.0,0.0,0.0,0.0,0.0,0.0,,0.0,0.0,0.0,0.0,0.0,0.0,0.0,0.0,0.0,0.0,0.0,0.0,0.0,0.0,0.0,0.0,0.0,0.0,0.0,,,,,0.0,,0.30260875821113586,,,,,,,0.0,{},{},0.0,0.0,0.0,0.0,0.0,0.0,0.0,0,0,0.0,0.0,,0.0
407,41756-1786688958442437800,41756,833536,4284,3309,127,848,0.7724089635854342,0.82,0.79,0.003485885914415121,0.04445117712020874,1.383286714553833,0.7751100659370422,12,9,0,3,0.75,1.25,1.5833333333333333,0.3333333333333333,0.8619545698165894,0.003662109375,0.006542968563735485,0.001752723241224885,0.0030590819660574198,0.00732421875,0.732421875,-0.0038378904573619366,0.0,0.0,0.0,0.0,0.003485885914415121,0.010986328125,0.007745919865556061,0.7049866698648414,1.0,0.3493015238736157,-0.023901086417026818,0.08324072603136301,0.06180362403392792,0.009283379651606083,0.07218232750892639,0.08542390167713165,0.09357522428035736,0.0979849323630333,0.0,0.0,0.0,1.8536908477544785,0.00611661945367814,0.0457763671875,1.0268056839704514,8.323199999999998e-05,0.005,0.0,0.0,0.0,0.0,0.0,0.0,0.0,0.0,0.0,,0.0,0.0,0.0,0.0,0.0,0.0,0.0,0.0,0.0,0.0,0.0,0.0,0.0,0.0,0.0,0.0,0.0,0.0,0.0,,,,,0.0,,0.2879880368709564,,,,,,,0.0,{},{},0.0,0.0,0.0,0.0,0.0,0.0,0.0,0,0,0.0,0.0,,0.0
408,41756-1786688958442437800,41756,835584,4291,3315,127,849,0.772547191796784,0.8,0.795,0.0028782456647604704,0.03870894014835358,1.3610925674438477,0.712791919708252,7,6,0,1,0.8571428571428571,2.0,2.2857142857142856,0.2857142857142857,0.839364230632782,0.002685546875,0.006054687779396772,0.0007441180641762912,0.0020214843098074198,0.0068359375,0.68359375,-0.003958984278142452,0.0,0.0,0.0,0.0,0.0028782456647604704,0.009521484375,0.0067460883728927,0.7084378516391843,1.0,0.4157511970863646,-0.021821420697961003,0.07578852819278836,0.05261880159378052,0.01007915660738945,0.0655275359749794,0.07760056853294373,0.08674956858158112,0.08847814798355103,0.0,0.0,0.0,1.8791427835822105,0.005731009746341442,0.0384521484375,1.107061743736267,8.220800000000001e-05,0.005,0.0,0.0,0.0,0.0,0.0,0.0,0.0,0.0,0.0,,0.0,0.0,0.0,0.0,0.0,0.0,0.0,0.0,0.0,0.0,0.0,0.0,0.0,0.0,0.0,0.0,0.0,0.0,0.0,,,,,0.0,,0.28568267822265625,,,,,,,0.0,{},{},0.0,0.0,0.0,0.0,0.0,0.0,0.0,0,0,0.0,0.0,,0.0
409,41756-1786688958442437800,41756,837632,4304,3324,127,853,0.7723048327137546,0.78,0.775,0.004213646985590458,0.04507368057966232,1.3710778951644897,0.7712333798408508,13,9,0,4,0.6923076923076923,1.3846153846153846,1.6153846153846154,0.23076923076923078,0.792184054851532,0.00341796875,0.007275390904396772,0.002125908387824893,0.0028564450331032276,0.009765625,0.9765625,-0.003740234300494194,0.0,0.0,0.0,0.0,0.004213646985590458,0.01318359375,0.008520979259628803,0.6462830346690661,1.0,0.28368218023359226,-0.02074340416584164,0.12155911652371287,0.10737956315279007,0.007829477079212666,0.11229853332042694,0.12135230004787445,0.13099049031734467,0.13913899660110474,0.0,0.0,0.0,1.7537977695465088,0.004344397151726298,0.0318603515625,1.0973320715129375,8.118399999999997e-05,0.005,0.0,0.0,0.0,0.0,0.0,0.0,0.0,0.0,0.0,,0.0,0.0,0.0,0.0,0.0,0.0,0.0,0.0,0.0,0.0,0.0,0.0,0.0,0.0,0.0,0.0,0.0,0.0,0.0,,,,,0.0,,0.3515808582305908,,,,,,,0.0,{},{},0.0,0.0,0.0,0.0,0.0,0.0,0.0,0,0,0.0,0.0,,0.0
410,41756-1786688958442437800,41756,839680,4317,3333,127,857,0.7720639332870048,0.74,0.775,0.004228395409882069,0.049569595605134964,1.213025689125061,0.6140024662017822,13,9,0,4,0.6923076923076923,1.5384615384615385,1.8461538461538463,0.3076923076923077,0.7427830696105957,0.00341796875,0.007373047061264515,0.002507362747564912,0.0034472655970603228,0.009765625,0.9765625,-0.0037382813170552254,0.0,0.0,0.0,0.0,0.004228395409882069,0.01318359375,0.008861704147420824,0.6721256881669808,1.0,0.28353405405875515,-0.023188771796412766,0.09450297662988305,0.08048094809055328,0.007586364168673754,0.08551815897226334,0.0948861762881279,0.10470524430274963,0.10682216286659241,0.0,0.0,0.0,1.725685529410839,0.007348483661189675,0.0565185546875,1.0968977212905884,8.016e-05,0.005,0.0,0.0,0.0,0.0,0.0,0.0,0.0,0.0,0.0,,0.0,0.0,0.0,0.0,0.0,0.0,0.0,0.0,0.0,0.0,0.0,0.0,0.0,0.0,0.0,0.0,0.0,0.0,0.0,,,,,0.0,,0.3114009201526642,,,,,,,0.0,{},{},0.0,0.0,0.0,0.0,0.0,0.0,0.0,0,0,0.0,0.0,,0.0
411,41756-1786688958442437800,41756,841728,4325,3340,127,858,0.7722543352601156,0.74,0.78,0.0035408888943493366,0.042755257338285446,1.390870213508606,0.6840270757675171,8,7,0,1,0.875,2.125,2.375,0.25,0.8307876586914062,0.003173828125,0.006591797340661287,0.0014348321128636599,0.002829589881002903,0.00830078125,0.830078125,-0.0038769531529396772,0.0,0.0,0.0,0.0,0.0035408888943493366,0.011474609375,0.007657902839127928,0.6673199295029096,1.0,0.33784290021109903,-0.02242842095438391,0.07981007127091289,0.06904338300228119,0.006393213756382465,0.07098370790481567,0.07983243465423584,0.08935961127281189,0.08955422788858414,0.0,0.0,0.0,1.6757044792175293,0.006371727386067505,0.046630859375,1.1854373067617416,7.913599999999998e-05,0.005,0.0,0.0,0.0,0.0,0.0,0.0,0.0,0.0,0.0,,0.0,0.0,0.0,0.0,0.0,0.0,0.0,0.0,0.0,0.0,0.0,0.0,0.0,0.0,0.0,0.0,0.0,0.0,0.0,,,,,0.0,,0.2813774645328522,,,,,,,0.0,{},{},0.0,0.0,0.0,0.0,0.0,0.0,0.0,0,0,0.0,0.0,,0.0
412,41756-1786688958442437800,41756,843776,4335,3348,127,860,0.772318339100346,0.76,0.775,0.0029695380944758654,0.03796883299946785,1.6497344970703125,0.8394384980201721,10,8,0,2,0.8,1.4,1.5,0.1,0.7936727404594421,0.00341796875,0.005859375465661287,0.0009591559646651149,0.002297363243997097,0.00634765625,0.634765625,-0.003874999936670065,0.0,0.0,0.0,0.0,0.0029695380944758654,0.009765625,0.00667350526782684,0.6832969698157594,1.0,0.3967593653560022,-0.019615911034634337,0.1428145719692111,0.11969499289989471,0.014170035719871521,0.12564560770988464,0.1448865532875061,0.15849925577640533,0.17450371384620667,0.0,0.0,0.0,1.6528368964791298,0.004997594687665696,0.033935546875,0.9387997798621655,7.811200000000001e-05,0.005,0.0,0.0,0.0,0.0,0.0,0.0,0.0,0.0,0.0,,0.0,0.0,0.0,0.0,0.0,0.0,0.0,0.0,0.0,0.0,0.0,0.0,0.0,0.0,0.0,0.0,0.0,0.0,0.0,,,,,0.0,,0.3813003599643707,,,,,,,0.0,{},{},0.0,0.0,0.0,0.0,0.0,0.0,0.0,0,0,0.0,0.0,,0.0
413,41756-1786688958442437800,41756,845824,4346,3357,127,862,0.7724344224574321,0.76,0.795,0.004956578370183706,0.04817633330821991,1.5385466814041138,0.7311714291572571,11,9,0,2,0.8181818181818182,1.4545454545454546,1.8181818181818181,0.36363636363636365,0.835542619228363,0.00390625,0.008544921875,0.0027304277755320072,0.0035449217539280653,0.0107421875,1.07421875,-0.0036640623584389687,0.0,0.0,0.0,0.0,0.004956578370183706,0.0146484375,0.010113759257365018,0.6903855016525391,1.0,0.25011624906683066,-0.01744114063330926,0.07825273810885847,0.060485098510980606,0.010463902726769447,0.06589606404304504,0.07749231904745102,0.09162287414073944,0.09359066188335419,0.0,0.0,0.0,1.5618045330047607,0.004352854064563871,0.0323486328125,1.2526530995965004,7.708799999999999e-05,0.005,0.0,0.0,0.0,0.0,0.0,0.0,0.0,0.0,0.0,,0.0,0.0,0.0,0.0,0.0,0.0,0.0,0.0,0.0,0.0,0.0,0.0,0.0,0.0,0.0,0.0,0.0,0.0,0.0,,,,,0.0,,0.29651448130607605,,,,,,,0.0,{},{},0.0,0.0,0.0,0.0,0.0,0.0,0.0,0,0,0.0,0.0,,0.0
414,41756-1786688958442437800,41756,847872,4354,3365,127,862,0.7728525493798806,0.82,0.795,0.003765131812542677,0.044540852308273315,1.524235725402832,0.8331384062767029,8,8,0,0,1.0,2.0,2.375,0.375,0.8541688919067383,0.00390625,0.006591796875,0.0019297307590022683,0.003208007663488388,0.00795898400247097,0.7958984375,-0.0037597655318677425,0.0,0.0,0.0,0.0,0.003765131812542677,0.01186523400247097,0.007876231480622664,0.6637515726541845,1.0,0.31684572637661,-0.02250574852223508,0.10110425436869264,0.08880928158760071,0.005022023804485798,0.09531925618648529,0.10096617043018341,0.10688455402851105,0.11007660627365112,0.0,0.0,0.0,1.5602622330188751,0.004804265559869236,0.03662109375,1.1322906725108624,7.606400000000002e-05,0.005,0.0,0.0,0.0,0.0,0.0,0.0,0.0,0.0,0.0,,0.0,0.0,0.0,0.0,0.0,0.0,0.0,0.0,0.0,0.0,0.0,0.0,0.0,0.0,0.0,0.0,0.0,0.0,0.0,,,,,0.0,,0.3181575536727905,,,,,,,0.0,{},{},0.0,0.0,0.0,0.0,0.0,0.0,0.0,0,0,0.0,0.0,,0.0
415,41756-1786688958442437800,41756,849920,4367,3377,128,862,0.7732997481108312,0.88,0.8,0.0039665913209319115,0.04804632440209389,1.4749441146850586,0.8540131449699402,13,12,1,0,0.9230769230769231,1.6153846153846154,2.0,0.38461538461538464,0.9395160675048828,0.00537109375,0.00649414025247097,0.0021733955945819616,0.0034838863648474216,0.00732421875,0.732421875,-0.0037636717315763235,0.0,0.0,0.0,0.0,0.0039665913209319115,0.0126953125,0.007908460742328316,0.622894304336658,1.0,0.29643817695699626,-0.023079851060174406,0.03989232424646616,0.03323555737733841,0.004335439298301935,0.0357394814491272,0.03918331116437912,0.04546370357275009,0.05107907950878143,0.0,0.0,0.0,1.6261040270328522,0.0055004925688990625,0.04443359375,1.0656175538897514,7.504e-05,0.005,0.0,0.0,0.0,0.0,0.0,0.0,0.0,0.0,0.0,,0.0,0.0,0.0,0.0,0.0,0.0,0.0,0.0,0.0,0.0,0.0,0.0,0.0,0.0,0.0,0.0,0.0,0.0,0.0,,,,,0.0,,0.21003153920173645,,,,,,,0.0,{},{},0.0,0.0,0.0,0.0,0.0,0.0,0.0,0,0,0.0,0.0,,0.0
416,41756-1786688958442437800,41756,851968,4379,3387,128,864,0.77346426124686,0.9,0.81,0.004864851012825966,0.05215044319629669,1.3958446979522705,0.7305117845535278,12,10,0,2,0.8333333333333334,1.6666666666666667,2.1666666666666665,0.5,0.7723851799964905,0.00439453125,0.00815429724752903,0.0027462414000183344,0.0044970703311264515,0.01025390625,1.025390625,-0.0036210939288139343,0.0,0.0,0.0,0.0,0.004864851012825966,0.0146484375,0.009965125180315226,0.6802394412969937,1.0,0.24718313783815485,-0.016085448442026973,0.12102718790993094,0.10757878422737122,0.008379199542105198,0.11411868035793304,0.12053410708904266,0.1262633204460144,0.14742082357406616,0.0,0.0,0.0,1.5450271219015121,0.004384626671708247,0.0323486328125,1.2416172549128532,7.401600000000003e-05,0.005,0.0,0.0,0.0,0.0,0.0,0.0,0.0,0.0,0.0,,0.0,0.0,0.0,0.0,0.0,0.0,0.0,0.0,0.0,0.0,0.0,0.0,0.0,0.0,0.0,0.0,0.0,0.0,0.0,,,,,0.0,,0.34851983189582825,,,,,,,0.0,{},{},0.0,0.0,0.0,0.0,0.0,0.0,0.0,0,0,0.0,0.0,,0.0
417,41756-1786688958442437800,41756,854016,4388,3396,128,864,0.7739288969917958,0.92,0.81,0.0031081004999578,0.04275480657815933,1.4894611835479736,0.8049723505973816,9,9,0,0,1.0,1.6666666666666667,2.0,0.3333333333333333,0.8488662242889404,0.00439453125,0.005810547154396772,0.0012876082910224795,0.002885742112994194,0.005859375,0.5859375,-0.003916015848517418,0.0,0.0,0.0,0.0,0.0031081004999578,0.01025390625,0.006853884755400941,0.6683517711730365,1.0,0.38186754252555144,-0.022229324036743492,0.09058105200529099,0.07718891650438309,0.007678852882236242,0.08140191435813904,0.09006643295288086,0.09865099936723709,0.11021437495946884,0.0,0.0,0.0,1.545436553657055,0.007322247496631462,0.0518798828125,1.146109439432621,7.299200000000001e-05,0.005,0.0,0.0,0.0,0.0,0.0,0.0,0.0,0.0,0.0,,0.0,0.0,0.0,0.0,0.0,0.0,0.0,0.0,0.0,0.0,0.0,0.0,0.0,0.0,0.0,0.0,0.0,0.0,0.0,,,,,0.0,,0.31294044852256775,,,,,,,0.0,{},{},0.0,0.0,0.0,0.0,0.0,0.0,0.0,0,0,0.0,0.0,,0.0
418,41756-1786688958442437800,41756,856064,4397,3403,128,866,0.773936775073914,0.9,0.81,0.00359292677603662,0.04084806516766548,1.5086562633514404,0.6800276637077332,9,7,0,2,0.7777777777777778,1.3333333333333333,1.6666666666666667,0.3333333333333333,0.8289883136749268,0.0029296875,0.007226563058793545,0.0015496315900236368,0.0026904295664280653,0.0078125,0.78125,-0.0037832031957805157,0.0,0.0,0.0,0.0,0.00359292677603662,0.0107421875,0.00828657834790647,0.7713333075408458,1.0,0.35214904289630206,-0.02051499264780432,0.07871733093634248,0.06754963099956512,0.007006123196333647,0.06979416310787201,0.07810796797275543,0.08753347396850586,0.09290070831775665,0.0,0.0,0.0,1.5720257088541985,0.004498835494814557,0.0333251953125,1.164821058511734,7.196799999999997e-05,0.005,0.0,0.0,0.0,0.0,0.0,0.0,0.0,0.0,0.0,,0.0,0.0,0.0,0.0,0.0,0.0,0.0,0.0,0.0,0.0,0.0,0.0,0.0,0.0,0.0,0.0,0.0,0.0,0.0,,,,,0.0,,0.281215637922287,,,,,,,0.0,{},{},0.0,0.0,0.0,0.0,0.0,0.0,0.0,0,0,0.0,0.0,,0.0
419,41756-1786688958442437800,41756,858112,4410,3412,128,870,0.7736961451247165,0.82,0.815,0.0028919230680912733,0.04723091423511505,1.2987791299819946,0.7219105958938599,13,9,0,4,0.6923076923076923,1.2307692307692308,1.6923076923076923,0.46153846153846156,0.899191677570343,0.00341796875,0.005419922061264515,0.0020518209785223007,0.00408935546875,0.005859375,0.5859375,-0.003718749852851033,0.0,0.0,0.0,0.0,0.0028919230680912733,0.00927734375,0.00695521617308259,0.749618289695571,1.0,0.4007988875009113,-0.02266276685986668,0.05006799614056945,0.041168518364429474,0.00487347599118948,0.04390610009431839,0.050627097487449646,0.056050144135951996,0.05941954627633095,0.0,0.0,0.0,1.5306716486811638,0.006670859565019782,0.0513916015625,1.2287672497332096,7.0944e-05,0.005,0.0,0.0,0.0,0.0,0.0,0.0,0.0,0.0,0.0,,0.0,0.0,0.0,0.0,0.0,0.0,0.0,0.0,0.0,0.0,0.0,0.0,0.0,0.0,0.0,0.0,0.0,0.0,0.0,,,,,0.0,,0.22920899093151093,,,,,,,0.0,{},{},0.0,0.0,0.0,0.0,0.0,0.0,0.0,0,0,0.0,0.0,,0.0
420,41756-1786688958442437800,41756,860160,4419,3420,128,871,0.7739307535641547,0.82,0.82,0.003779115155339241,0.04594527557492256,1.2038540840148926,0.5888317227363586,9,8,0,1,0.8888888888888888,1.5555555555555556,2.0,0.4444444444444444,0.8121444582939148,0.003662109375,0.00693359412252903,0.0019114320166409016,0.0038256836123764515,0.0078125,0.78125,-0.0037558595649898052,0.0,0.0,0.0,0.0,0.003779115155339241,0.011474609375,0.008367873029783368,0.7291876846220525,1.0,0.3272906424622706,-0.022187399736139923,0.06325276638381183,0.053485192358493805,0.006509064696729183,0.05413108691573143,0.0637051910161972,0.07081091403961182,0.07657475769519806,0.0,0.0,0.0,1.5484214201569557,0.006136950139989494,0.0443115234375,1.0845533721148968,6.991999999999998e-05,0.005,0.0,0.0,0.0,0.0,0.0,0.0,0.0,0.0,0.0,,0.0,0.0,0.0,0.0,0.0,0.0,0.0,0.0,0.0,0.0,0.0,0.0,0.0,0.0,0.0,0.0,0.0,0.0,0.0,,,,,0.0,,0.25521326065063477,,,,,,,0.0,{},{},0.0,0.0,0.0,0.0,0.0,0.0,0.0,0,0,0.0,0.0,,0.0
421,41756-1786688958442437800,41756,862208,4433,3430,129,874,0.7737423866456125,0.78,0.815,0.003953061997890472,0.04632032290101051,1.1328669786453247,0.6605666875839233,14,10,1,3,0.7142857142857143,1.6428571428571428,2.0,0.35714285714285715,0.8787058591842651,0.003662109375,0.007373047061264515,0.0021030986681580544,0.002297363243997097,0.00893554650247097,0.8935546875,-0.003804687410593033,0.0,0.0,0.0,0.0,0.003953061997890472,0.01259765587747097,0.008473162539303303,0.6725449620744931,1.0,0.30199153366801684,-0.020100095425732434,0.05127613362856209,0.0375513955950737,0.007022844161838293,0.04480016976594925,0.04969348758459091,0.06129295378923416,0.0654381513595581,0.0,0.0,0.0,1.6069715172052383,0.006065034491257393,0.0455322265625,1.1050527952611446,6.889600000000001e-05,0.005,0.0,0.0,0.0,0.0,0.0,0.0,0.0,0.0,0.0,,0.0,0.0,0.0,0.0,0.0,0.0,0.0,0.0,0.0,0.0,0.0,0.0,0.0,0.0,0.0,0.0,0.0,0.0,0.0,,,,,0.0,,0.23005759716033936,,,,,,,0.0,{},{},0.0,0.0,0.0,0.0,0.0,0.0,0.0,0,0,0.0,0.0,,0.0
422,41756-1786688958442437800,41756,864256,4439,3434,129,876,0.7735976571299842,0.74,0.805,0.001341850496828556,0.03666255995631218,1.3719797134399414,0.6977978944778442,6,4,0,2,0.6666666666666666,1.3333333333333333,1.5,0.16666666666666666,0.8424775004386902,0.00146484375,0.0040039061568677425,3.7255711504258215e-05,0.0018212890718132257,0.0040527344681322575,0.4052734375,-0.004105469211935997,0.0,0.0,0.0,0.0,0.001341850496828556,0.0055175782181322575,0.0044685423526971135,0.8097271029003328,1.0,0.7439360374465215,-0.018091310746967793,0.07559149991720915,0.06227897107601166,0.005644175689667463,0.06980240345001221,0.07492821663618088,0.08324794471263885,0.08459801226854324,0.0,0.0,0.0,1.6337009966373444,0.0057583230882300995,0.0447998046875,1.0513882972300053,6.787199999999999e-05,0.005,0.0,0.0,0.0,0.0,0.0,0.0,0.0,0.0,0.0,,0.0,0.0,0.0,0.0,0.0,0.0,0.0,0.0,0.0,0.0,0.0,0.0,0.0,0.0,0.0,0.0,0.0,0.0,0.0,,,,,0.0,,0.2769497334957123,,,,,,,0.0,{},{},0.0,0.0,0.0,0.0,0.0,0.0,0.0,0,0,0.0,0.0,,0.0
423,41756-1786688958442437800,41756,866304,4451,3443,129,879,0.7735340372949899,0.72,0.8,0.0030185445211827755,0.043961286544799805,1.17299222946167,0.7427231669425964,12,9,0,3,0.75,0.9166666666666666,1.4166666666666667,0.5,0.8520169258117676,0.003662109375,0.005615234375,0.002009977586567402,0.003403319977223873,0.0060058594681322575,0.6005859375,-0.00377539056353271,0.0,0.0,0.0,0.0,0.0030185445211827755,0.009667968843132257,0.006968558765947819,0.7207137471435225,1.0,0.39046465293083665,-0.020392172504216433,0.07874283054843545,0.0641692727804184,0.008995591662824154,0.07066702097654343,0.07590173929929733,0.09178115427494049,0.09867395460605621,0.0,0.0,0.0,1.552453987300396,0.005511482017027447,0.037353515625,1.0574972070753574,6.684800000000002e-05,0.005,0.0,0.0,0.0,0.0,0.0,0.0,0.0,0.0,0.0,,0.0,0.0,0.0,0.0,0.0,0.0,0.0,0.0,0.0,0.0,0.0,0.0,0.0,0.0,0.0,0.0,0.0,0.0,0.0,,,,,0.0,,0.2857149839401245,,,,,,,0.0,{},{},0.0,0.0,0.0,0.0,0.0,0.0,0.0,0,0,0.0,0.0,,0.0
424,41756-1786688958442437800,41756,868352,4461,3450,129,882,0.773369199731002,0.74,0.79,0.0022375453263521194,0.04580847918987274,0.9544800519943237,0.6436406970024109,10,7,0,3,0.7,1.3,1.8,0.5,0.8736065626144409,0.002685546875,0.00449218787252903,0.001553600886836648,0.0030151368118822575,0.00537109375,0.537109375,-0.0038476563058793545,0.0,0.0,0.0,0.0,0.0022375453263521194,0.008056640625,0.005634372297208756,0.6992583262806855,1.0,0.47751649458545503,-0.02092597325099632,0.051420379895716906,0.04251041263341904,0.0035949707962572575,0.0468766912817955,0.05156591162085533,0.05479125678539276,0.05608921870589256,0.0,0.0,0.0,1.5300697162747383,0.005177359954359417,0.0384521484375,1.1341319866478443,6.5824e-05,0.005,0.0,0.0,0.0,0.0,0.0,0.0,0.0,0.0,0.0,,0.0,0.0,0.0,0.0,0.0,0.0,0.0,0.0,0.0,0.0,0.0,0.0,0.0,0.0,0.0,0.0,0.0,0.0,0.0,,,,,0.0,,0.22882622480392456,,,,,,,0.0,{},{},0.0,0.0,0.0,0.0,0.0,0.0,0.0,0,0,0.0,0.0,,0.0
425,41756-1786688958442437800,41756,870400,4472,3458,130,884,0.7732558139534884,0.7,0.79,0.0032365138176828623,0.0436372384428978,1.1887636184692383,0.6909981966018677,11,8,1,2,0.7272727272727273,1.2727272727272727,1.6363636363636365,0.36363636363636365,0.8540358543395996,0.0029296875,0.00644531287252903,0.0020360322669148445,0.0034155272878706455,0.0068359375,0.68359375,-0.003726562485098839,0.0,0.0,0.0,0.0,0.0032365138176828623,0.009765625,0.007808202761225402,0.7994780961924312,1.0,0.38156092663523367,-0.022512120835017413,0.06992363557219505,0.05816285312175751,0.006104522384703159,0.06404818594455719,0.06928136199712753,0.0796516090631485,0.08246815204620361,0.0,0.0,0.0,1.496538907289505,0.008969947049990878,0.0640869140625,1.0700435638427734,6.480000000000003e-05,0.005,0.0,0.0,0.0,0.0,0.0,0.0,0.0,0.0,0.0,,0.0,0.0,0.0,0.0,0.0,0.0,0.0,0.0,0.0,0.0,0.0,0.0,0.0,0.0,0.0,0.0,0.0,0.0,0.0,,,,,0.0,,0.2639976143836975,,,,,,,0.0,{},{},0.0,0.0,0.0,0.0,0.0,0.0,0.0,0,0,0.0,0.0,,0.0
426,41756-1786688958442437800,41756,872448,4481,3465,130,886,0.7732648962285205,0.74,0.795,0.0026350622065365314,0.03999243676662445,1.2919225692749023,0.7073104977607727,9,7,0,2,0.7777777777777778,1.2222222222222223,1.6666666666666667,0.4444444444444444,0.8320749402046204,0.0029296875,0.00522460974752903,0.0010510182473808527,0.0035498044453561306,0.005859375,0.5859375,-0.003984374925494194,0.0,0.0,0.0,0.0,0.0026350622065365314,0.0087890625,0.006374815420713276,0.7252298172752784,1.0,0.4532817514658393,-0.01865310501307249,0.08077910635620356,0.07065588235855103,0.005993140861392021,0.07258428633213043,0.08053268492221832,0.08872760832309723,0.09038175642490387,0.0,0.0,0.0,1.563116155564785,0.00434041067637736,0.033447265625,1.2007009573280811,6.377600000000001e-05,0.005,0.0,0.0,0.0,0.0,0.0,0.0,0.0,0.0,0.0,,0.0,0.0,0.0,0.0,0.0,0.0,0.0,0.0,0.0,0.0,0.0,0.0,0.0,0.0,0.0,0.0,0.0,0.0,0.0,,,,,0.0,,0.28984636068344116,,,,,,,0.0,{},{},0.0,0.0,0.0,0.0,0.0,0.0,0.0,0,0,0.0,0.0,,0.0
427,41756-1786688958442437800,41756,874496,4492,3473,130,889,0.7731522707034728,0.72,0.785,0.003216691315174103,0.04645060375332832,1.139970064163208,0.6198180317878723,11,8,0,3,0.7272727272727273,1.1818181818181819,1.7272727272727273,0.5454545454545454,0.8902983069419861,0.003173828125,0.00644531287252903,0.002181387972086668,0.0033032225910574198,0.006640625186264515,0.6640625,-0.003736328100785613,0.0,0.0,0.0,0.0,0.003216691315174103,0.009814453311264515,0.007816465513315052,0.7963427939028183,1.0,0.38065772229772504,-0.020752253418322653,0.039076777175068855,0.031189367175102234,0.004546596202999353,0.03287390619516373,0.03860873728990555,0.04332076385617256,0.050330065190792084,0.0,0.0,0.0,1.468900740146637,0.005265476568638405,0.04052734375,1.215183649212122,6.275199999999997e-05,0.005,0.0,0.0,0.0,0.0,0.0,0.0,0.0,0.0,0.0,,0.0,0.0,0.0,0.0,0.0,0.0,0.0,0.0,0.0,0.0,0.0,0.0,0.0,0.0,0.0,0.0,0.0,0.0,0.0,,,,,0.0,,0.20529145002365112,,,,,,,0.0,{},{},0.0,0.0,0.0,0.0,0.0,0.0,0.0,0,0,0.0,0.0,,0.0
428,41756-1786688958442437800,41756,876544,4504,3482,130,892,0.7730905861456483,0.74,0.79,0.0042817601934075356,0.04762696474790573,1.3269661664962769,0.8180492520332336,12,9,0,3,0.75,1.5,1.9166666666666667,0.4166666666666667,0.8566192984580994,0.003662109375,0.007568359375,0.0020580566488206387,0.002687988104298711,0.009765625,0.9765625,-0.0037578127812594175,0.0,0.0,0.0,0.0,0.0042817601934075356,0.013427734375,0.008754870563279837,0.6519505352327618,1.0,0.279833726419912,-0.017502851464087144,0.09689981397241354,0.07707513868808746,0.011163218878209591,0.08525732159614563,0.09490608423948288,0.11254136264324188,0.11982694268226624,0.0,0.0,0.0,1.4399538710713387,0.004676538448620704,0.0386962890625,1.224707879126072,6.1728e-05,0.005,0.0,0.0,0.0,0.0,0.0,0.0,0.0,0.0,0.0,,0.0,0.0,0.0,0.0,0.0,0.0,0.0,0.0,0.0,0.0,0.0,0.0,0.0,0.0,0.0,0.0,0.0,0.0,0.0,,,,,0.0,,0.30975961685180664,,,,,,,0.0,{},{},0.0,0.0,0.0,0.0,0.0,0.0,0.0,0,0,0.0,0.0,,0.0
429,41756-1786688958442437800,41756,878592,4513,3491,130,892,0.7735430977177045,0.8,0.805,0.0034954859875142574,0.04198102280497551,1.4770264625549316,0.7996146082878113,9,9,0,0,1.0,1.8888888888888888,2.0,0.1111111111111111,0.8490973711013794,0.00439453125,0.00644531287252903,0.0014039170928299427,0.0030004882719367743,0.0068359375,0.68359375,-0.003874999936670065,0.0,0.0,0.0,0.0,0.0034954859875142574,0.01123046875,0.007546414213720709,0.6718991417503352,1.0,0.3450127514863152,-0.01866022136528045,0.09467642661184072,0.07319768518209457,0.010095288045704365,0.08578389883041382,0.09235195815563202,0.1089024692773819,0.11231820285320282,0.0,0.0,0.0,1.4995305091142654,0.005708859500373364,0.045654296875,1.205370970070362,6.070399999999998e-05,0.005,0.0,0.0,0.0,0.0,0.0,0.0,0.0,0.0,0.0,,0.0,0.0,0.0,0.0,0.0,0.0,0.0,0.0,0.0,0.0,0.0,0.0,0.0,0.0,0.0,0.0,0.0,0.0,0.0,,,,,0.0,,0.3106197714805603,,,,,,,0.0,{},{},0.0,0.0,0.0,0.0,0.0,0.0,0.0,0,0,0.0,0.0,,0.0
430,41756-1786688958442437800,41756,880640,4526,3500,130,896,0.7733097657976138,0.78,0.795,0.003312299959361553,0.0451526865363121,1.1396070718765259,0.8078917860984802,13,9,0,4,0.6923076923076923,1.4615384615384615,1.7692307692307692,0.3076923076923077,0.7812447547912598,0.00341796875,0.006250000558793545,0.0019103700760751963,0.002670898335054517,0.00732421875,0.732421875,-0.0038476563058793545,0.0,0.0,0.0,0.0,0.003312299959361553,0.0107421875,0.007395317661575973,0.6883727628858729,1.0,0.35814848301580465,-0.01539843191858381,0.14251588517799973,0.11291590332984924,0.018161825835704803,0.11819039285182953,0.14441576600074768,0.16282139718532562,0.17954157292842865,0.0,0.0,0.0,1.4627001732587814,0.004316178981753183,0.033203125,1.8012055344879627,5.968000000000001e-05,0.005,0.0,0.0,0.0,0.0,0.0,0.0,0.0,0.0,0.0,,0.0,0.0,0.0,0.0,0.0,0.0,0.0,0.0,0.0,0.0,0.0,0.0,0.0,0.0,0.0,0.0,0.0,0.0,0.0,,,,,0.0,,0.3778613209724426,,,,,,,0.0,{},{},0.0,0.0,0.0,0.0,0.0,0.0,0.0,0,0,0.0,0.0,,0.0
431,41756-1786688958442437800,41756,882688,4535,3507,132,896,0.7733186328555678,0.78,0.795,0.0036515556275844574,0.046216074377298355,1.3549396991729736,0.7430686950683594,9,7,2,0,0.7777777777777778,1.2222222222222223,1.8888888888888888,0.6666666666666666,0.8647258877754211,0.00244140625,0.007031249813735485,0.0016023397911339998,0.0034838863648474216,0.0087890625,0.87890625,-0.003916015382856131,0.0,0.0,0.0,0.0,0.0036515556275844574,0.01123046875,0.00830280635273084,0.7392449320335633,1.0,0.34866458430524777,-0.016736578312702477,0.0767499259673059,0.05951728671789169,0.007839318364858627,0.06971073895692825,0.0761692151427269,0.08652499318122864,0.0928725004196167,0.0,0.0,0.0,1.5136902704834938,0.003884953915985534,0.0267333984375,1.268475279211998,5.865599999999999e-05,0.005,0.0,0.0,0.0,0.0,0.0,0.0,0.0,0.0,0.0,,0.0,0.0,0.0,0.0,0.0,0.0,0.0,0.0,0.0,0.0,0.0,0.0,0.0,0.0,0.0,0.0,0.0,0.0,0.0,,,,,0.0,,0.27329790592193604,,,,,,,0.0,{},{},0.0,0.0,0.0,0.0,0.0,0.0,0.0,0,0,0.0,0.0,,0.0
432,41756-1786688958442437800,41756,884736,4545,3515,132,898,0.7733773377337734,0.8,0.795,0.0034063905477523804,0.0418316051363945,1.287084937095642,0.6824536919593811,10,8,0,2,0.8,1.3,1.6,0.3,0.8322218656539917,0.00341796875,0.006396484561264515,0.001801499049179256,0.002954101422801614,0.00732421875,0.732421875,-0.0038554687052965164,0.0,0.0,0.0,0.0,0.0034063905477523804,0.0107421875,0.007585384679259732,0.706064627398501,1.0,0.35887567868442366,-0.014845173747744411,0.07808670122176409,0.0632069930434227,0.008611548691987991,0.06897598505020142,0.0776752233505249,0.08913309872150421,0.09929202497005463,0.0,0.0,0.0,1.5295001938939095,0.0031215759790939046,0.0220947265625,1.3153535537421703,5.763200000000002e-05,0.005,0.0,0.0,0.0,0.0,0.0,0.0,0.0,0.0,0.0,,0.0,0.0,0.0,0.0,0.0,0.0,0.0,0.0,0.0,0.0,0.0,0.0,0.0,0.0,0.0,0.0,0.0,0.0,0.0,,,,,0.0,,0.27953797578811646,,,,,,,0.0,{},{},0.0,0.0,0.0,0.0,0.0,0.0,0.0,0,0,0.0,0.0,,0.0
433,41756-1786688958442437800,41756,886784,4556,3525,132,899,0.7737050043898156,0.82,0.79,0.004273555241525173,0.04845569655299187,1.223015546798706,0.64606112241745,11,10,0,1,0.9090909090909091,2.0,2.272727272727273,0.2727272727272727,0.7174922227859497,0.004638671875,0.0068359375,0.0022416538558900356,0.003508300520479679,0.00927734375,0.927734375,-0.0038105470594018698,0.0,0.0,0.0,0.0,0.004273555241525173,0.013916015625,0.008273426094092429,0.5944827768412043,1.0,0.2738048991305828,-0.018378336331807077,0.1164251514710486,0.08647552877664566,0.01214647013694048,0.10626797378063202,0.11348411440849304,0.13212066888809204,0.13334627449512482,0.0,0.0,0.0,1.4911421313881874,0.0049959344851231435,0.032958984375,1.3077864237129688,5.660799999999999e-05,0.005,0.0,0.0,0.0,0.0,0.0,0.0,0.0,0.0,0.0,,0.0,0.0,0.0,0.0,0.0,0.0,0.0,0.0,0.0,0.0,0.0,0.0,0.0,0.0,0.0,0.0,0.0,0.0,0.0,,,,,0.0,,0.34339091181755066,,,,,,,0.0,{},{},0.0,0.0,0.0,0.0,0.0,0.0,0.0,0,0,0.0,0.0,,0.0
434,41756-1786688958442437800,41756,888832,4568,3535,132,901,0.773861646234676,0.8,0.785,0.004040211904793978,0.04482363909482956,1.2742074728012085,0.6963593363761902,12,10,0,2,0.8333333333333334,1.4166666666666667,1.75,0.3333333333333333,0.9372108578681946,0.00439453125,0.007226563058793545,0.002130543114617467,0.003222656436264515,0.00795898400247097,0.7958984375,-0.003732421901077032,0.0,0.0,0.0,0.0,0.004040211904793978,0.01235351525247097,0.00856486294651404,0.6932577095488244,1.0,0.3021099431910554,-0.020283994788769633,0.030519441817887127,0.025148099288344383,0.0024253285955637693,0.027734866365790367,0.031158875674009323,0.033185362815856934,0.034732915461063385,0.0,0.0,0.0,1.4732152372598648,0.004311095235607354,0.03564453125,1.2633938565850258,5.558400000000002e-05,0.005,0.0,0.0,0.0,0.0,0.0,0.0,0.0,0.0,0.0,,0.0,0.0,0.0,0.0,0.0,0.0,0.0,0.0,0.0,0.0,0.0,0.0,0.0,0.0,0.0,0.0,0.0,0.0,0.0,,,,,0.0,,0.17449207603931427,,,,,,,0.0,{},{},0.0,0.0,0.0,0.0,0.0,0.0,0.0,0,0,0.0,0.0,,0.0
435,41756-1786688958442437800,41756,890880,4580,3545,132,903,0.7740174672489083,0.86,0.785,0.00483227102085948,0.04647901654243469,1.127955675125122,0.62115478515625,12,10,0,2,0.8333333333333334,1.8333333333333333,2.0833333333333335,0.25,0.8992393612861633,0.00439453125,0.00849609449505806,0.002345852553844452,0.0030834958888590336,0.01025390625,1.025390625,-0.003732421901077032,0.0,0.0,0.0,0.0,0.00483227102085948,0.0146484375,0.009853431605733931,0.6726150137664966,1.0,0.2547826086207769,-0.01904021913651377,0.0345652827527374,0.02245553955435753,0.0065950918942689896,0.026708699762821198,0.033350132405757904,0.04321940988302231,0.045143626630306244,0.0,0.0,0.0,1.5203629806637764,0.004194000587631308,0.0335693359375,1.0763810835778713,5.456e-05,0.005,0.0,0.0,0.0,0.0,0.0,0.0,0.0,0.0,0.0,,0.0,0.0,0.0,0.0,0.0,0.0,0.0,0.0,0.0,0.0,0.0,0.0,0.0,0.0,0.0,0.0,0.0,0.0,0.0,,,,,0.0,,0.19717204570770264,,,,,,,0.0,{},{},0.0,0.0,0.0,0.0,0.0,0.0,0.0,0,0,0.0,0.0,,0.0
436,41756-1786688958442437800,41756,892928,4588,3551,132,905,0.7739755884917175,0.82,0.775,0.0027573839761316776,0.04352272301912308,1.1383545398712158,0.5499447584152222,8,6,0,2,0.75,1.5,1.875,0.375,0.8301140069961548,0.00244140625,0.005664062220603228,0.0013534353347495198,0.003151855431497097,0.0064941407181322575,0.6494140625,-0.00390625,0.0,0.0,0.0,0.0,0.0027573839761316776,0.008935546968132257,0.006790384912164882,0.7598443712520515,1.0,0.437109547337433,-0.01793463440844789,0.04899111692793667,0.04181043803691864,0.003816563170403242,0.044023867696523666,0.04953234642744064,0.0529046505689621,0.05726267397403717,0.0,0.0,0.0,1.5842129811644554,0.003499534943330218,0.0260009765625,1.2384694032371044,5.353599999999998e-05,0.005,0.0,0.0,0.0,0.0,0.0,0.0,0.0,0.0,0.0,,0.0,0.0,0.0,0.0,0.0,0.0,0.0,0.0,0.0,0.0,0.0,0.0,0.0,0.0,0.0,0.0,0.0,0.0,0.0,,,,,0.0,,0.22667196393013,,,,,,,0.0,{},{},0.0,0.0,0.0,0.0,0.0,0.0,0.0,0,0,0.0,0.0,,0.0
437,41756-1786688958442437800,41756,894976,4602,3562,132,908,0.7740112994350282,0.82,0.775,0.00351557950489223,0.04577230289578438,1.111048698425293,0.7316033840179443,14,11,0,3,0.7857142857142857,1.2857142857142858,1.7857142857142858,0.5,0.8299567699432373,0.004638671875,0.0060058594681322575,0.0018307581776753068,0.0034497068263590336,0.0068359375,0.68359375,-0.003802734427154064,0.0,0.0,0.0,0.0,0.00351557950489223,0.011474609375,0.0073259757191408426,0.6383953548559022,1.0,0.33137538085240587,-0.018300388241186738,0.08996954653412104,0.06944000720977783,0.01459601242095232,0.0756985992193222,0.08446547389030457,0.1056508719921112,0.12853360176086426,0.0,0.0,0.0,1.5338432341814041,0.006078180698750657,0.0445556640625,1.1081430464982986,5.2512e-05,0.005,0.0,0.0,0.0,0.0,0.0,0.0,0.0,0.0,0.0,,0.0,0.0,0.0,0.0,0.0,0.0,0.0,0.0,0.0,0.0,0.0,0.0,0.0,0.0,0.0,0.0,0.0,0.0,0.0,,,,,0.0,,0.30168616771698,,,,,,,0.0,{},{},0.0,0.0,0.0,0.0,0.0,0.0,0.0,0,0,0.0,0.0,,0.0
438,41756-1786688958442437800,41756,897024,4608,3568,132,908,0.7743055555555556,0.82,0.785,0.0035565642174333334,0.045930616557598114,1.2428078651428223,0.8591871857643127,6,6,0,0,1.0,2.0,2.5,0.5,0.8342597484588623,0.0029296875,0.006591796875,0.001457966398447752,0.0035717771388590336,0.00830078125,0.830078125,-0.0038652343209832907,0.0,0.0,0.0,0.0,0.0035565642174333334,0.01123046875,0.007849232759326696,0.6988607575769373,1.0,0.34414326452034966,-0.014981693733716384,0.12120526935905218,0.09572883695363998,0.016554787755012512,0.10104089975357056,0.12103667855262756,0.13807916641235352,0.1611032783985138,0.0,0.0,0.0,1.5022188127040863,0.0028114838187320856,0.0179443359375,1.3314065113663673,5.148799999999998e-05,0.005,0.0,0.0,0.0,0.0,0.0,0.0,0.0,0.0,0.0,,0.0,0.0,0.0,0.0,0.0,0.0,0.0,0.0,0.0,0.0,0.0,0.0,0.0,0.0,0.0,0.0,0.0,0.0,0.0,,,,,0.0,,0.3497854471206665,,,,,,,0.0,{},{},0.0,0.0,0.0,0.0,0.0,0.0,0.0,0,0,0.0,0.0,,0.0
439,41756-1786688958442437800,41756,899072,4622,3579,132,911,0.7743401125054089,0.8,0.78,0.0029640982393175364,0.045094553381204605,1.1956005096435547,0.8452219367027283,14,11,0,3,0.7857142857142857,1.1428571428571428,1.6428571428571428,0.5,0.8557841181755066,0.004638671875,0.005175781436264515,0.0018887219484895468,0.003469238057732582,0.00537109375,0.537109375,-0.0038300780579447746,0.0,0.0,0.0,0.0,0.0029640982393175364,0.010009765625,0.006515271437820047,0.6508264883905968,1.0,0.38259591737717613,-0.016414902114775032,0.10023794369772077,0.07943510264158249,0.012904570437967777,0.08768044412136078,0.09653644263744354,0.11765531450510025,0.1319635510444641,0.0,0.0,0.0,1.4950148090720177,0.005628265644190833,0.037109375,1.1709767878055573,5.046400000000001e-05,0.005,0.0,0.0,0.0,0.0,0.0,0.0,0.0,0.0,0.0,,0.0,0.0,0.0,0.0,0.0,0.0,0.0,0.0,0.0,0.0,0.0,0.0,0.0,0.0,0.0,0.0,0.0,0.0,0.0,,,,,0.0,,0.320979505777359,,,,,,,0.0,{},{},0.0,0.0,0.0,0.0,0.0,0.0,0.0,0,0,0.0,0.0,,0.0
440,41756-1786688958442437800,41756,901120,4630,3586,132,912,0.7745140388768899,0.82,0.795,0.0029641413129866123,0.03976771980524063,1.1409006118774414,0.7705899477005005,8,7,0,1,0.875,1.875,2.125,0.25,0.8345919847488403,0.003173828125,0.005859375465661287,0.00106897356454283,0.002321777166798711,0.0068359375,0.68359375,-0.003958984278142452,0.0,0.0,0.0,0.0,0.0029641413129866123,0.010009765625,0.0067070631484966725,0.6699850340864086,1.0,0.3954726767606701,-0.016674093843903393,0.09544806042686105,0.08200953155755997,0.009414144791662693,0.08272453397512436,0.09490077197551727,0.10962088406085968,0.11002562195062637,0.0,0.0,0.0,1.4933102428913116,0.0038273147770269134,0.0284423828125,1.2923271134495735,5e-05,0.005,0.0,0.0,0.0,0.0,0.0,0.0,0.0,0.0,0.0,,0.0,0.0,0.0,0.0,0.0,0.0,0.0,0.0,0.0,0.0,0.0,0.0,0.0,0.0,0.0,0.0,0.0,0.0,0.0,,,,,0.0,,0.31340187788009644,,,,,,,0.0,{},{},0.0,0.0,0.0,0.0,0.0,0.0,0.0,0,0,0.0,0.0,,0.0
441,41756-1786688958442437800,41756,903168,4643,3595,133,915,0.7742838681886711,0.78,0.79,0.003067195415496826,0.04209854453802109,1.3275283575057983,0.8810684680938721,13,9,1,3,0.6923076923076923,1.0769230769230769,1.3846153846153846,0.3076923076923077,0.8325437307357788,0.003173828125,0.00634765625,0.001368019264191389,0.002668457105755806,0.0064941407181322575,0.6494140625,-0.003949218429625034,0.0,0.0,0.0,0.0,0.003067195415496826,0.009667968843132257,0.007356775342486799,0.7608645204925053,1.0,0.40844256442403504,-0.01236195329693146,0.1285073608160019,0.11395137012004852,0.01473299227654934,0.11452169716358185,0.12461082637310028,0.1456528604030609,0.17247161269187927,0.0,0.0,0.0,1.4948728382587433,0.0027054602614953183,0.017578125,1.4036745242774487,5e-05,0.005,0.0,0.0,0.0,0.0,0.0,0.0,0.0,0.0,0.0,,0.0,0.0,0.0,0.0,0.0,0.0,0.0,0.0,0.0,0.0,0.0,0.0,0.0,0.0,0.0,0.0,0.0,0.0,0.0,,,,,0.0,,0.36054572463035583,,,,,,,0.0,{},{},0.0,0.0,0.0,0.0,0.0,0.0,0.0,0,0,0.0,0.0,,0.0
442,41756-1786688958442437800,41756,905216,4652,3604,133,915,0.7747205503009458,0.84,0.8,0.004745345562696457,0.04740571975708008,1.5839608907699585,0.8317474722862244,9,9,0,0,1.0,2.0,2.5555555555555554,0.5555555555555556,0.8751333355903625,0.00439453125,0.007470703683793545,0.003038490191102028,0.004179687239229679,0.01025390625,1.025390625,-0.0036992188543081284,0.0,0.0,0.0,0.0,0.004745345562696457,0.0146484375,0.009275248041376472,0.6331470434531341,1.0,0.2525161020215369,-0.014775310002733022,0.08866677526384592,0.07186351716518402,0.008991512469947338,0.07779750227928162,0.08790482580661774,0.09954480081796646,0.10577647387981415,0.0,0.0,0.0,1.3774353563785553,0.003274316726674442,0.023193359375,1.5185763463377953,5e-05,0.005,0.0,0.0,0.0,0.0,0.0,0.0,0.0,0.0,0.0,,0.0,0.0,0.0,0.0,0.0,0.0,0.0,0.0,0.0,0.0,0.0,0.0,0.0,0.0,0.0,0.0,0.0,0.0,0.0,,,,,0.0,,0.2939102351665497,,,,,,,0.0,{},{},0.0,0.0,0.0,0.0,0.0,0.0,0.0,0,0,0.0,0.0,,0.0
443,41756-1786688958442437800,41756,907264,4665,3614,133,918,0.7747052518756699,0.8,0.805,0.0039483350701630116,0.048088788986206055,1.3562387228012085,0.8801262378692627,13,10,0,3,0.7692307692307693,1.1538461538461537,1.6153846153846154,0.46153846153846156,0.858115553855896,0.004150390625,0.0067382813431322575,0.0025210906751453876,0.004150390625,0.0078125,0.78125,-0.0035820312332361937,0.0,0.0,0.0,0.0,0.0039483350701630116,0.011962890625,0.008406151668168604,0.7026269239375135,1.0,0.2994035423352254,-0.01681524806190282,0.11110188392922282,0.08618661761283875,0.013835121877491474,0.09197285026311874,0.11293172836303711,0.12681028246879578,0.13680684566497803,0.0,0.0,0.0,1.3263516649603844,0.003969925184719614,0.0289306640625,1.217246800661087,5e-05,0.005,0.0,0.0,0.0,0.0,0.0,0.0,0.0,0.0,0.0,,0.0,0.0,0.0,0.0,0.0,0.0,0.0,0.0,0.0,0.0,0.0,0.0,0.0,0.0,0.0,0.0,0.0,0.0,0.0,,,,,0.0,,0.33152201771736145,,,,,,,0.0,{},{},0.0,0.0,0.0,0.0,0.0,0.0,0.0,0,0,0.0,0.0,,0.0
444,41756-1786688958442437800,41756,909312,4677,3625,133,919,0.7750694889886679,0.82,0.815,0.0040183300152421,0.0507638044655323,1.4705376625061035,0.8502871990203857,12,11,0,1,0.9166666666666666,1.75,2.25,0.5,0.827165424823761,0.005126953125,0.006884765811264515,0.0023539785761386156,0.0035058590583503246,0.0074707032181322575,0.7470703125,-0.003683593589812517,0.0,0.0,0.0,0.0,0.0040183300152421,0.012597656343132257,0.00834972521988675,0.6627472797476794,1.0,0.2923798768287308,-0.013376437331316993,0.12477740831673145,0.10465268045663834,0.013685287907719612,0.10703533887863159,0.12478329986333847,0.14245659112930298,0.15336889028549194,0.0,0.0,0.0,1.3534817844629288,0.0023016424656816525,0.01416015625,1.6809900775551796,5e-05,0.005,0.0,0.0,0.0,0.0,0.0,0.0,0.0,0.0,0.0,,0.0,0.0,0.0,0.0,0.0,0.0,0.0,0.0,0.0,0.0,0.0,0.0,0.0,0.0,0.0,0.0,0.0,0.0,0.0,,,,,0.0,,0.3534930944442749,,,,,,,0.0,{},{},0.0,0.0,0.0,0.0,0.0,0.0,0.0,0,0,0.0,0.0,,0.0
445,41756-1786688958442437800,41756,911360,4686,3632,134,920,0.7750746905676483,0.84,0.815,0.0035219660494476557,0.04542632773518562,1.4521539211273193,0.7677158713340759,9,7,1,1,0.7777777777777778,1.3333333333333333,2.0,0.6666666666666666,0.8829646110534668,0.002685546875,0.006787109188735485,0.002333909273147583,0.003437499748542905,0.00795898400247097,0.7958984375,-0.003802734427154064,0.0,0.0,0.0,0.0,0.0035219660494476557,0.01064453087747097,0.008229961444158107,0.7730907494313028,1.0,0.3572141653547549,-0.016712655255105346,0.06915135006420314,0.059270285069942474,0.007584829349070787,0.06120572239160538,0.06717881560325623,0.08036710321903229,0.08540365099906921,0.0,0.0,0.0,1.3783260434865952,0.0037365934513218235,0.03076171875,1.1422795727849007,5e-05,0.005,0.0,0.0,0.0,0.0,0.0,0.0,0.0,0.0,0.0,,0.0,0.0,0.0,0.0,0.0,0.0,0.0,0.0,0.0,0.0,0.0,0.0,0.0,0.0,0.0,0.0,0.0,0.0,0.0,,,,,0.0,,0.2626389265060425,,,,,,,0.0,{},{},0.0,0.0,0.0,0.0,0.0,0.0,0.0,0,0,0.0,0.0,,0.0
446,41756-1786688958442437800,41756,913408,4698,3641,134,923,0.7750106428267348,0.82,0.82,0.004034904763102531,0.04709014669060707,1.4740973711013794,0.8804200291633606,12,9,0,3,0.75,1.75,1.9166666666666667,0.16666666666666666,0.8461309671401978,0.003662109375,0.0069824219681322575,0.00252199312672019,0.0038427733816206455,0.0087890625,0.87890625,-0.0037421875167638063,0.0,0.0,0.0,0.0,0.004034904763102531,0.012451171875,0.008573613595217466,0.6885235508538519,1.0,0.30052488468111566,-0.015270424541085958,0.11936367256566882,0.09136687219142914,0.01633361540734768,0.09791392832994461,0.11987912654876709,0.13526536524295807,0.15543967485427856,0.0,0.0,0.0,1.3558414578437805,0.004176095098046062,0.0335693359375,1.439307950437069,5e-05,0.005,0.0,0.0,0.0,0.0,0.0,0.0,0.0,0.0,0.0,,0.0,0.0,0.0,0.0,0.0,0.0,0.0,0.0,0.0,0.0,0.0,0.0,0.0,0.0,0.0,0.0,0.0,0.0,0.0,,,,,0.0,,0.3453548550605774,,,,,,,0.0,{},{},0.0,0.0,0.0,0.0,0.0,0.0,0.0,0,0,0.0,0.0,,0.0
447,41756-1786688958442437800,41756,915456,4707,3648,135,924,0.7750159337157425,0.8,0.815,0.0037739514373242855,0.04731795936822891,1.3745267391204834,0.8006125688552856,9,7,1,1,0.7777777777777778,1.3333333333333333,1.7777777777777777,0.4444444444444444,0.9355642199516296,0.002685546875,0.00668945349752903,0.0025567025877535343,0.004177245777100325,0.0087890625,0.87890625,-0.003728515701368451,0.0,0.0,0.0,0.0,0.0037739514373242855,0.011474609375,0.008372940588742495,0.7296292785098826,1.0,0.32490786149371276,-0.01869115052977577,0.039274220587685704,0.03137596324086189,0.003189754206687212,0.03521779924631119,0.04003756493330002,0.04290255531668663,0.04394278675317764,0.0,0.0,0.0,1.3795357197523117,0.003882240296661621,0.030517578125,1.1472845301032066,5e-05,0.005,0.0,0.0,0.0,0.0,0.0,0.0,0.0,0.0,0.0,,0.0,0.0,0.0,0.0,0.0,0.0,0.0,0.0,0.0,0.0,0.0,0.0,0.0,0.0,0.0,0.0,0.0,0.0,0.0,,,,,0.0,,0.2032291293144226,,,,,,,0.0,{},{},0.0,0.0,0.0,0.0,0.0,0.0,0.0,0,0,0.0,0.0,,0.0
448,41756-1786688958442437800,41756,917504,4722,3660,135,927,0.7750952986022872,0.78,0.82,0.00459578912705183,0.050327859818935394,1.294957160949707,0.7556849718093872,15,12,0,3,0.8,1.7333333333333334,2.066666666666667,0.3333333333333333,0.7095437049865723,0.005126953125,0.007373047061264515,0.00221031391993165,0.003647460602223873,0.009765625,0.9765625,-0.003726562485098839,0.0,0.0,0.0,0.0,0.00459578912705183,0.014892578125,0.008837490691803396,0.5933759246858885,1.0,0.25021270602821233,-0.011073814064729959,0.1676568491384387,0.14080440998077393,0.020569579675793648,0.14254501461982727,0.16997598111629486,0.19533082842826843,0.19944986701011658,0.0,0.0,0.0,1.3657601848244667,0.001967710204553441,0.0111083984375,1.6929121166467667,5e-05,0.005,0.0,0.0,0.0,0.0,0.0,0.0,0.0,0.0,0.0,,0.0,0.0,0.0,0.0,0.0,0.0,0.0,0.0,0.0,0.0,0.0,0.0,0.0,0.0,0.0,0.0,0.0,0.0,0.0,,,,,0.0,,0.40726885199546814,,,,,,,0.0,{},{},0.0,0.0,0.0,0.0,0.0,0.0,0.0,0,0,0.0,0.0,,0.0
449,41756-1786688958442437800,41756,919552,4729,3666,135,928,0.7752167477267922,0.8,0.825,0.0029353536665439606,0.04327794536948204,1.4639003276824951,0.7897414565086365,7,6,0,1,0.8571428571428571,1.5714285714285714,2.2857142857142856,0.7142857142857143,0.8573558330535889,0.002685546875,0.00620117224752903,0.0015418833354488015,0.0033398435916751623,0.00634765625,0.634765625,-0.0038554687052965164,0.0,0.0,0.0,0.0,0.0029353536665439606,0.009033203125,0.007421603979310021,0.821500676553586,1.0,0.42676356198228793,-0.014290019404143095,0.090721579734236,0.07711035013198853,0.007354802452027798,0.08313724398612976,0.08818618953227997,0.0999496579170227,0.10270950198173523,0.0,0.0,0.0,1.4753287583589554,0.002152922981622396,0.014404296875,1.3025727905333042,5e-05,0.005,0.0,0.0,0.0,0.0,0.0,0.0,0.0,0.0,0.0,,0.0,0.0,0.0,0.0,0.0,0.0,0.0,0.0,0.0,0.0,0.0,0.0,0.0,0.0,0.0,0.0,0.0,0.0,0.0,,,,,0.0,,0.2982715964317322,,,,,,,0.0,{},{},0.0,0.0,0.0,0.0,0.0,0.0,0.0,0,0,0.0,0.0,,0.0
450,41756-1786688958442437800,41756,921600,4741,3677,135,929,0.7755747732545877,0.82,0.825,0.0048807840794324875,0.04611736163496971,1.7206066846847534,0.8351901173591614,12,11,0,1,0.9166666666666666,1.5,1.8333333333333333,0.3333333333333333,0.8585242033004761,0.005126953125,0.0078125,0.0021982379257678986,0.002968749962747097,0.01025390625,1.025390625,-0.0037968752440065145,0.0,0.0,0.0,0.0,0.0048807840794324875,0.015380859375,0.009104246972128749,0.5918820833147,1.0,0.24684111013116805,-0.014027222379809245,0.09929998684674501,0.08130805194377899,0.010618830099701881,0.08531560003757477,0.09880673885345459,0.11394523084163666,0.11796535551548004,0.0,0.0,0.0,1.3998809456825256,0.0038533805709448643,0.02734375,1.4060154855251312,5e-05,0.005,0.0,0.0,0.0,0.0,0.0,0.0,0.0,0.0,0.0,,0.0,0.0,0.0,0.0,0.0,0.0,0.0,0.0,0.0,0.0,0.0,0.0,0.0,0.0,0.0,0.0,0.0,0.0,0.0,,,,,0.0,,0.3141423463821411,,,,,,,0.0,{},{},0.0,0.0,0.0,0.0,0.0,0.0,0.0,0,0,0.0,0.0,,0.0
451,41756-1786688958442437800,41756,923648,4752,3688,135,929,0.7760942760942761,0.88,0.835,0.004048772156238556,0.04682615026831627,1.6863919496536255,0.9251756072044373,11,11,0,0,1.0,1.7272727272727273,2.090909090909091,0.36363636363636365,0.8293286561965942,0.00537109375,0.0064941407181322575,0.0019491692073643208,0.0033520504366606474,0.0078125,0.78125,-0.003802734427154064,0.0,0.0,0.0,0.0,0.004048772156238556,0.01318359375,0.0078194456291385,0.593074445630037,1.0,0.2884225710142995,-0.014172533876262605,0.13623546017333865,0.11182761937379837,0.014488809742033482,0.11723821610212326,0.13622449338436127,0.15208715200424194,0.1633460521697998,0.0,0.0,0.0,1.4042716324329376,0.0040616843398311175,0.0330810546875,1.2853786461055279,5e-05,0.005,0.0,0.0,0.0,0.0,0.0,0.0,0.0,0.0,0.0,,0.0,0.0,0.0,0.0,0.0,0.0,0.0,0.0,0.0,0.0,0.0,0.0,0.0,0.0,0.0,0.0,0.0,0.0,0.0,,,,,0.0,,0.38221216201782227,,,,,,,0.0,{},{},0.0,0.0,0.0,0.0,0.0,0.0,0.0,0,0,0.0,0.0,,0.0
452,41756-1786688958442437800,41756,925696,4761,3695,135,931,0.7760974585171182,0.88,0.83,0.0035595877561718225,0.0392717681825161,1.633650779724121,0.6756899952888489,9,7,0,2,0.7777777777777778,1.6666666666666667,1.8888888888888888,0.2222222222222222,0.7573204040527344,0.0029296875,0.007373047061264515,0.001337276422418654,0.002158203162252903,0.00795898400247097,0.7958984375,-0.0039042970165610313,0.0,0.0,0.0,0.0,0.0035595877561718225,0.01088867150247097,0.008246916957432404,0.7573154943710745,1.0,0.3585321206131066,-0.013830080919433385,0.10884768981486559,0.08145751059055328,0.015539656393229961,0.08743016421794891,0.11240648478269577,0.1250644028186798,0.1346185952425003,0.0,0.0,0.0,1.4363218769431114,0.003539879393429146,0.026123046875,1.1336260922253132,5e-05,0.005,0.0,0.0,0.0,0.0,0.0,0.0,0.0,0.0,0.0,,0.0,0.0,0.0,0.0,0.0,0.0,0.0,0.0,0.0,0.0,0.0,0.0,0.0,0.0,0.0,0.0,0.0,0.0,0.0,,,,,0.0,,0.33286193013191223,,,,,,,0.0,{},{},0.0,0.0,0.0,0.0,0.0,0.0,0.0,0,0,0.0,0.0,,0.0
453,41756-1786688958442437800,41756,927744,4773,3705,135,933,0.7762413576367064,0.88,0.825,0.0037148380652070045,0.04476810619235039,1.6645362377166748,0.919454038143158,12,10,0,2,0.8333333333333334,1.3333333333333333,1.5,0.16666666666666666,0.8657408952713013,0.00439453125,0.0060058594681322575,0.0023437831550836563,0.004079589620232582,0.00732421875,0.732421875,-0.0036992188543081284,0.0,0.0,0.0,0.0,0.0037148380652070045,0.01171875,0.007611702661961317,0.6494765384894147,1.0,0.31563974097639697,-0.01525690034031868,0.11158283986151218,0.09502580761909485,0.0098213916644454,0.0999794751405716,0.11020789295434952,0.12498509138822556,0.13283467292785645,0.0,0.0,0.0,1.3525496795773506,0.0026863792654694407,0.018310546875,1.215391680598259,5e-05,0.005,0.0,0.0,0.0,0.0,0.0,0.0,0.0,0.0,0.0,,0.0,0.0,0.0,0.0,0.0,0.0,0.0,0.0,0.0,0.0,0.0,0.0,0.0,0.0,0.0,0.0,0.0,0.0,0.0,,,,,0.0,,0.3369006812572479,,,,,,,0.0,{},{},0.0,0.0,0.0,0.0,0.0,0.0,0.0,0,0,0.0,0.0,,0.0
454,41756-1786688958442437800,41756,929792,4782,3714,135,933,0.7766624843161857,0.92,0.835,0.0036957813426852226,0.04629302769899368,1.3327393531799316,0.6007816195487976,9,9,0,0,1.0,2.0,2.7777777777777777,0.7777777777777778,0.7132302522659302,0.00439453125,0.0067382813431322575,0.0017711028922349215,0.003002929501235485,0.0074707032181322575,0.7470703125,-0.003841796889901161,0.0,0.0,0.0,0.0,0.0036957813426852226,0.011865234468132257,0.007931789441499859,0.6684335677675448,1.0,0.3237587206134028,-0.015087378880707547,0.10246233502402902,0.08850203454494476,0.007425502873957157,0.09502129256725311,0.10167275369167328,0.11200840771198273,0.11591155081987381,0.0,0.0,0.0,1.4030117467045784,0.004114915942409425,0.0306396484375,1.05186877399683,5e-05,0.005,0.0,0.0,0.0,0.0,0.0,0.0,0.0,0.0,0.0,,0.0,0.0,0.0,0.0,0.0,0.0,0.0,0.0,0.0,0.0,0.0,0.0,0.0,0.0,0.0,0.0,0.0,0.0,0.0,,,,,0.0,,0.32172390818595886,,,,,,,0.0,{},{},0.0,0.0,0.0,0.0,0.0,0.0,0.0,0,0,0.0,0.0,,0.0
455,41756-1786688958442437800,41756,931840,4794,3722,135,937,0.7763871506049228,0.84,0.825,0.0023382133804261684,0.039870891720056534,1.5437074899673462,0.8057885766029358,12,8,0,4,0.6666666666666666,1.0833333333333333,1.4166666666666667,0.3333333333333333,0.8027734756469727,0.0029296875,0.0052246092818677425,0.0013648527674376965,0.0022338866256177425,0.0048828125,0.48828125,-0.0039023435674607754,0.0,0.0,0.0,0.0,0.0023382133804261684,0.0078125,0.006124294130131602,0.783809321063749,1.0,0.4994360488207302,-0.014131923322565854,0.1294427360408008,0.10681518167257309,0.011388986371457577,0.11418834328651428,0.12906545400619507,0.14352524280548096,0.14679963886737823,0.0,0.0,0.0,1.5088963210582733,0.0028221262991792173,0.019287109375,1.3228975161910057,5e-05,0.005,0.0,0.0,0.0,0.0,0.0,0.0,0.0,0.0,0.0,,0.0,0.0,0.0,0.0,0.0,0.0,0.0,0.0,0.0,0.0,0.0,0.0,0.0,0.0,0.0,0.0,0.0,0.0,0.0,,,,,0.0,,0.3578522801399231,,,,,,,0.0,{},{},0.0,0.0,0.0,0.0,0.0,0.0,0.0,0,0,0.0,0.0,,0.0
456,41756-1786688958442437800,41756,933888,4805,3731,135,939,0.7764828303850156,0.8,0.83,0.004807465244084597,0.05075095593929291,1.3347961902618408,0.8193534016609192,11,9,0,2,0.8181818181818182,1.7272727272727273,2.090909090909091,0.36363636363636365,0.9530335068702698,0.00390625,0.008398436941206455,0.002623226260766387,0.00405273400247097,0.01025390625,1.025390625,-0.0036640623584389687,0.0,0.0,0.0,0.0,0.004807465244084597,0.01416015625,0.010067427007015795,0.7109184327385552,1.0,0.2587403382713872,-0.01944468729197979,0.03131270071025938,0.028459513559937477,0.0016459365142509341,0.02933322638273239,0.03087802790105343,0.03346981853246689,0.034703537821769714,0.0,0.0,0.0,1.428873859345913,0.005113413670187583,0.0404052734375,1.154330138117075,5e-05,0.005,0.0,0.0,0.0,0.0,0.0,0.0,0.0,0.0,0.0,,0.0,0.0,0.0,0.0,0.0,0.0,0.0,0.0,0.0,0.0,0.0,0.0,0.0,0.0,0.0,0.0,0.0,0.0,0.0,,,,,0.0,,0.1775682419538498,,,,,,,0.0,{},{},0.0,0.0,0.0,0.0,0.0,0.0,0.0,0,0,0.0,0.0,,0.0
457,41756-1786688958442437800,41756,935936,4815,3740,135,940,0.7767393561786086,0.82,0.83,0.00357521278783679,0.044340793043375015,1.3857197761535645,0.7820109128952026,10,9,0,1,0.9,1.5,2.0,0.5,0.9066739082336426,0.004150390625,0.0064941407181322575,0.001457276288419962,0.0030883788131177425,0.0074707032181322575,0.7470703125,-0.0038769529201090336,0.0,0.0,0.0,0.0,0.00357521278783679,0.011621093843132257,0.007630554493516684,0.6565559181081421,1.0,0.33358471996851136,-0.015156903304159641,0.05438399617560208,0.04156855493783951,0.007252602372318506,0.046682193875312805,0.05321869999170303,0.0611191987991333,0.07401832938194275,0.0,0.0,0.0,1.5211053267121315,0.0029675943223992363,0.0186767578125,1.3416186720132828,5e-05,0.005,0.0,0.0,0.0,0.0,0.0,0.0,0.0,0.0,0.0,,0.0,0.0,0.0,0.0,0.0,0.0,0.0,0.0,0.0,0.0,0.0,0.0,0.0,0.0,0.0,0.0,0.0,0.0,0.0,,,,,0.0,,0.23889899253845215,,,,,,,0.0,{},{},0.0,0.0,0.0,0.0,0.0,0.0,0.0,0,0,0.0,0.0,,0.0
458,41756-1786688958442437800,41756,937984,4824,3746,135,943,0.7765339966832504,0.8,0.825,0.0026427058037370443,0.04312654957175255,1.6337378025054932,0.8047086000442505,9,6,0,3,0.6666666666666666,1.1111111111111112,1.5555555555555556,0.4444444444444444,0.8802278637886047,0.002197265625,0.0057617188431322575,0.002038127277046442,0.003969726152718067,0.005664062686264515,0.56640625,-0.003800781210884452,0.0,0.0,0.0,0.0,0.0026427058037370443,0.007861328311264515,0.007263682200573385,0.9238589274078727,1.0,0.48341675142705465,-0.016136272344738245,0.07795073976740241,0.06541971117258072,0.008774752728641033,0.06642395257949829,0.07820504158735275,0.08958935737609863,0.0915396511554718,0.0,0.0,0.0,1.4416236132383347,0.003692823806886736,0.025146484375,1.29122219607234,5e-05,0.005,0.0,0.0,0.0,0.0,0.0,0.0,0.0,0.0,0.0,,0.0,0.0,0.0,0.0,0.0,0.0,0.0,0.0,0.0,0.0,0.0,0.0,0.0,0.0,0.0,0.0,0.0,0.0,0.0,,,,,0.0,,0.2784944176673889,,,,,,,0.0,{},{},0.0,0.0,0.0,0.0,0.0,0.0,0.0,0,0,0.0,0.0,,0.0
459,41756-1786688958442437800,41756,940032,4840,3761,135,944,0.7770661157024793,0.82,0.84,0.006796012632548809,0.05487954989075661,1.2681360244750977,0.8004122972488403,16,15,0,1,0.9375,1.8125,2.1875,0.375,0.9258270263671875,0.007080078125,0.009472656063735485,0.003428516909480095,0.004362792707979679,0.01416015625,1.416015625,-0.0035371093545109034,0.0,0.0,0.0,0.0,0.006796012632548809,0.021240234375,0.011420483468100429,0.5376562993693924,1.0,0.1665208947872599,-0.015560756262857467,0.04738343367353082,0.04048609361052513,0.004531680140644312,0.04254964366555214,0.04647992178797722,0.054768502712249756,0.056932829320430756,0.0,0.0,0.0,1.3671634644269943,0.0038076338018981915,0.025634765625,1.1520294323563576,5e-05,0.005,0.0,0.0,0.0,0.0,0.0,0.0,0.0,0.0,0.0,,0.0,0.0,0.0,0.0,0.0,0.0,0.0,0.0,0.0,0.0,0.0,0.0,0.0,0.0,0.0,0.0,0.0,0.0,0.0,,,,,0.0,,0.21799007058143616,,,,,,,0.0,{},{},0.0,0.0,0.0,0.0,0.0,0.0,0.0,0,0,0.0,0.0,,0.0
460,41756-1786688958442437800,41756,942080,4849,3769,135,945,0.7772736646731285,0.86,0.84,0.0033165537752211094,0.04653144255280495,1.4210889339447021,0.7981260418891907,9,8,0,1,0.8888888888888888,2.111111111111111,2.3333333333333335,0.2222222222222222,0.8911280632019043,0.003662109375,0.006005859933793545,0.0017478297231718898,0.003430175594985485,0.00732421875,0.732421875,-0.00388867175206542,0.0,0.0,0.0,0.0,0.0033165537752211094,0.010986328125,0.0073003612633328885,0.6644346268973276,1.0,0.35392332947783156,-0.015544014400802553,0.06800387217663229,0.05319828912615776,0.009336806833744049,0.05776984617114067,0.065350741147995,0.08034069836139679,0.08570610731840134,0.0,0.0,0.0,1.4896061047911644,0.0032267912893075845,0.02197265625,1.2330802977085114,5e-05,0.005,0.0,0.0,0.0,0.0,0.0,0.0,0.0,0.0,0.0,,0.0,0.0,0.0,0.0,0.0,0.0,0.0,0.0,0.0,0.0,0.0,0.0,0.0,0.0,0.0,0.0,0.0,0.0,0.0,,,,,0.0,,0.26334768533706665,,,,,,,0.0,{},{},0.0,0.0,0.0,0.0,0.0,0.0,0.0,0,0,0.0,0.0,,0.0
461,41756-1786688958442437800,41756,944128,4861,3779,135,947,0.7774120551326887,0.84,0.845,0.005175402387976646,0.05156844109296799,1.2786684036254883,0.7542808055877686,12,10,0,2,0.8333333333333334,1.6666666666666667,2.1666666666666665,0.5,0.831945538520813,0.00439453125,0.00839843787252903,0.002881003078073263,0.004414062015712261,0.01123046875,1.123046875,-0.0036386719439178705,0.0,0.0,0.0,0.0,0.005175402387976646,0.015625,0.010222204145975411,0.6541791978737623,1.0,0.2328601013642564,-0.01503744872752577,0.0898934961296618,0.07695337384939194,0.00897015817463398,0.07883717119693756,0.09076549112796783,0.10089823603630066,0.10774755477905273,0.0,0.0,0.0,1.3518611788749695,0.00336338348188292,0.0257568359375,1.2095318511128426,5e-05,0.005,0.0,0.0,0.0,0.0,0.0,0.0,0.0,0.0,0.0,,0.0,0.0,0.0,0.0,0.0,0.0,0.0,0.0,0.0,0.0,0.0,0.0,0.0,0.0,0.0,0.0,0.0,0.0,0.0,,,,,0.0,,0.30921319127082825,,,,,,,0.0,{},{},0.0,0.0,0.0,0.0,0.0,0.0,0.0,0,0,0.0,0.0,,0.0
462,41756-1786688958442437800,41756,946176,4873,3788,135,950,0.7773445516109173,0.84,0.83,0.005894474685192108,0.0542154423892498,1.137108325958252,0.5246334075927734,12,9,0,3,0.75,1.9166666666666667,2.0833333333333335,0.16666666666666666,0.7657096982002258,0.003662109375,0.010009765625,0.0034485245123505592,0.004614257253706455,0.01318359375,1.318359375,-0.0035781250335276127,0.0,0.0,0.0,0.0,0.005894474685192108,0.016845703125,0.012025461066514254,0.71381688021016,1.0,0.21239319093940598,-0.015924274659482762,0.06258587818592787,0.05431653559207916,0.006254359148442745,0.055908218026161194,0.06065581738948822,0.07293033599853516,0.07399892807006836,0.0,0.0,0.0,1.3355249166488647,0.0033563189117558068,0.027099609375,1.1690275073051453,5e-05,0.005,0.0,0.0,0.0,0.0,0.0,0.0,0.0,0.0,0.0,,0.0,0.0,0.0,0.0,0.0,0.0,0.0,0.0,0.0,0.0,0.0,0.0,0.0,0.0,0.0,0.0,0.0,0.0,0.0,,,,,0.0,,0.253941148519516,,,,,,,0.0,{},{},0.0,0.0,0.0,0.0,0.0,0.0,0.0,0,0,0.0,0.0,,0.0
463,41756-1786688958442437800,41756,948224,4884,3799,135,950,0.7778460278460279,0.88,0.845,0.005560008808970451,0.0511900968849659,1.3182655572891235,0.7412315011024475,11,11,0,0,1.0,2.272727272727273,2.5454545454545454,0.2727272727272727,0.8613461852073669,0.00537109375,0.009033203125,0.0028221518732607365,0.003603515448048711,0.01137695275247097,1.1376953125,-0.003601562464609742,0.0,0.0,0.0,0.0,0.005560008808970451,0.01674804650247097,0.010639619955327362,0.6352373523924307,1.0,0.21503089528579475,-0.014404264249606058,0.07843017252162099,0.04137294739484787,0.014959904365241528,0.05554436519742012,0.084182009100914,0.09146133065223694,0.09304827451705933,0.0,0.0,0.0,1.3815936893224716,0.0037336848545237444,0.0269775390625,1.2075607143342495,5e-05,0.005,0.0,0.0,0.0,0.0,0.0,0.0,0.0,0.0,0.0,,0.0,0.0,0.0,0.0,0.0,0.0,0.0,0.0,0.0,0.0,0.0,0.0,0.0,0.0,0.0,0.0,0.0,0.0,0.0,,,,,0.0,,0.2760067880153656,,,,,,,0.0,{},{},0.0,0.0,0.0,0.0,0.0,0.0,0.0,0,0,0.0,0.0,,0.0
464,41756-1786688958442437800,41756,950272,4893,3806,135,952,0.7778459023094216,0.84,0.845,0.003024569945409894,0.03909273445606232,1.5119961500167847,0.7046118974685669,9,7,0,2,0.7777777777777778,1.5555555555555556,2.0,0.4444444444444444,0.795405387878418,0.0029296875,0.006005859933793545,0.0013724365271627903,0.002690429799258709,0.0068359375,0.68359375,-0.003890625201165676,0.0,0.0,0.0,0.0,0.003024569945409894,0.009765625,0.00702157651539892,0.7189358161492757,1.0,0.39835922861435513,-0.014729564340086654,0.09772752597928047,0.08396169543266296,0.010977904312312603,0.08488624542951584,0.09764723479747772,0.11119653284549713,0.12317615002393723,0.0,0.0,0.0,1.4736879393458366,0.0030733689691260224,0.021484375,1.3845403268933296,5e-05,0.005,0.0,0.0,0.0,0.0,0.0,0.0,0.0,0.0,0.0,,0.0,0.0,0.0,0.0,0.0,0.0,0.0,0.0,0.0,0.0,0.0,0.0,0.0,0.0,0.0,0.0,0.0,0.0,0.0,,,,,0.0,,0.3187110126018524,,,,,,,0.0,{},{},0.0,0.0,0.0,0.0,0.0,0.0,0.0,0,0,0.0,0.0,,0.0
465,41756-1786688958442437800,41756,952320,4906,3815,135,956,0.7776192417448022,0.82,0.84,0.004036411177366972,0.04784361645579338,1.4049521684646606,0.7529451847076416,13,9,0,4,0.6923076923076923,1.3846153846153846,1.8461538461538463,0.46153846153846156,0.8638966083526611,0.00341796875,0.006982422433793545,0.0024388632737100124,0.004460448864847422,0.0087890625,0.87890625,-0.00372460950165987,0.0,0.0,0.0,0.0,0.004036411177366972,0.01220703125,0.008707250468432903,0.713239529791743,1.0,0.30509501699218455,-0.013967902399599552,0.07459985371679068,0.061734847724437714,0.010918434709310532,0.06305152177810669,0.07191324234008789,0.09086447954177856,0.09768126904964447,0.0,0.0,0.0,1.4253521859645844,0.003443807357143669,0.0223388671875,1.1517334543168545,5e-05,0.005,0.0,0.0,0.0,0.0,0.0,0.0,0.0,0.0,0.0,,0.0,0.0,0.0,0.0,0.0,0.0,0.0,0.0,0.0,0.0,0.0,0.0,0.0,0.0,0.0,0.0,0.0,0.0,0.0,,,,,0.0,,0.2777779698371887,,,,,,,0.0,{},{},0.0,0.0,0.0,0.0,0.0,0.0,0.0,0,0,0.0,0.0,,0.0
466,41756-1786688958442437800,41756,954368,4919,3826,135,958,0.7778003659280341,0.82,0.845,0.00435579614713788,0.04737994447350502,1.3791440725326538,0.6616601347923279,13,11,0,2,0.8461538461538461,1.8461538461538463,2.1538461538461537,0.3076923076923077,0.9119253158569336,0.0048828125,0.007128906436264515,0.002319556660950184,0.003029785118997097,0.00927734375,0.927734375,-0.00372460950165987,0.0,0.0,0.0,0.0,0.00435579614713788,0.01416015625,0.008466241881251335,0.597849619889007,1.0,0.2630159173379554,-0.01634809677489102,0.03952019871212542,0.030658140778541565,0.004661555867642164,0.03381608799099922,0.03962082788348198,0.04334558919072151,0.051510535180568695,0.0,0.0,0.0,1.5040858164429665,0.0030706950219610007,0.02001953125,1.1894278526306152,5e-05,0.005,0.0,0.0,0.0,0.0,0.0,0.0,0.0,0.0,0.0,,0.0,0.0,0.0,0.0,0.0,0.0,0.0,0.0,0.0,0.0,0.0,0.0,0.0,0.0,0.0,0.0,0.0,0.0,0.0,,,,,0.0,,0.1963633894920349,,,,,,,0.0,{},{},0.0,0.0,0.0,0.0,0.0,0.0,0.0,0,0,0.0,0.0,,0.0
467,41756-1786688958442437800,41756,956416,4926,3832,135,959,0.7779131140885099,0.82,0.84,0.0029377532191574574,0.03731582313776016,1.6384055614471436,0.7357358932495117,7,6,0,1,0.8571428571428571,1.8571428571428572,2.142857142857143,0.2857142857142857,0.7525070309638977,0.002685546875,0.0064453124068677425,0.0010066647082567215,0.0025830077938735485,0.0064941407181322575,0.6494140625,-0.003978515975177288,0.0,0.0,0.0,0.0,0.0029377532191574574,0.009179687593132257,0.00734273053240031,0.7998018076438135,1.0,0.4333570808087918,-0.015135739464312792,0.13378623686730862,0.11495833098888397,0.011711157858371735,0.12323105335235596,0.13065901398658752,0.1527133733034134,0.1546689122915268,0.0,0.0,0.0,1.5822679176926613,0.004231984096804808,0.03125,1.268746580928564,5e-05,0.005,0.0,0.0,0.0,0.0,0.0,0.0,0.0,0.0,0.0,,0.0,0.0,0.0,0.0,0.0,0.0,0.0,0.0,0.0,0.0,0.0,0.0,0.0,0.0,0.0,0.0,0.0,0.0,0.0,,,,,0.0,,0.36601880192756653,,,,,,,0.0,{},{},0.0,0.0,0.0,0.0,0.0,0.0,0.0,0,0,0.0,0.0,,0.0
468,41756-1786688958442437800,41756,958464,4938,3840,135,963,0.7776427703523694,0.74,0.83,0.003433644538745284,0.04706238582730293,1.465031623840332,0.7774773240089417,12,8,0,4,0.6666666666666666,1.1666666666666667,1.4166666666666667,0.25,0.8594547510147095,0.0029296875,0.0064941407181322575,0.0030272691510617733,0.00469970703125,0.0068359375,0.68359375,-0.0036425781436264515,0.0,0.0,0.0,0.0,0.003433644538745284,0.009765625,0.0084258847637102,0.8627222570448032,1.0,0.37296181061794137,-0.015163936914177611,0.08481017127633095,0.06955765187740326,0.008150450885295868,0.07475325465202332,0.08391524106264114,0.09500595927238464,0.1006028801202774,0.0,0.0,0.0,1.3893439695239067,0.0031045523246575613,0.0234375,1.2636160552501678,5e-05,0.005,0.0,0.0,0.0,0.0,0.0,0.0,0.0,0.0,0.0,,0.0,0.0,0.0,0.0,0.0,0.0,0.0,0.0,0.0,0.0,0.0,0.0,0.0,0.0,0.0,0.0,0.0,0.0,0.0,,,,,0.0,,0.29147136211395264,,,,,,,0.0,{},{},0.0,0.0,0.0,0.0,0.0,0.0,0.0,0,0,0.0,0.0,,0.0
469,41756-1786688958442437800,41756,960512,4948,3850,135,963,0.7780921584478577,0.78,0.83,0.004520369693636894,0.044276513159275055,1.6853340864181519,0.8210159540176392,10,10,0,0,1.0,1.9,2.3,0.4,0.9371762275695801,0.0048828125,0.0074707032181322575,0.0016519019845873117,0.002690429799258709,0.009765625,0.9765625,-0.0039023435674607754,0.0,0.0,0.0,0.0,0.004520369693636894,0.0146484375,0.008556286164093763,0.5840692630071129,1.0,0.26638180254093546,-0.018076612206641585,0.042084173765033484,0.0367596335709095,0.0028354558162391186,0.038549430668354034,0.04291996359825134,0.045735787600278854,0.046016328036785126,0.0,0.0,0.0,1.5124368220567703,0.0037600638052026625,0.027587890625,1.1330129131674767,5e-05,0.005,0.0,0.0,0.0,0.0,0.0,0.0,0.0,0.0,0.0,,0.0,0.0,0.0,0.0,0.0,0.0,0.0,0.0,0.0,0.0,0.0,0.0,0.0,0.0,0.0,0.0,0.0,0.0,0.0,,,,,0.0,,0.20578493177890778,,,,,,,0.0,{},{},0.0,0.0,0.0,0.0,0.0,0.0,0.0,0,0,0.0,0.0,,0.0
470,41756-1786688958442437800,41756,962560,4961,3862,135,964,0.7784720822414836,0.84,0.835,0.003981507383286953,0.04302825406193733,1.7211259603500366,0.9336891174316406,13,12,0,1,0.9230769230769231,1.4615384615384615,1.6923076923076923,0.23076923076923078,0.9198409914970398,0.005615234375,0.006884765811264515,0.0016153928590938449,0.002663574181497097,0.00732421875,0.732421875,-0.003890624735504389,0.0,0.0,0.0,0.0,0.003981507383286953,0.012939453125,0.00795450757141225,0.6147008527888973,1.0,0.3006559892395104,-0.016953666287008673,0.06824100599624217,0.044222597032785416,0.009741823188960552,0.060837917029857635,0.06840230524539948,0.07963469624519348,0.08653752505779266,0.0,0.0,0.0,1.530565857887268,0.003713231368237757,0.02490234375,1.031247839331627,5e-05,0.005,0.0,0.0,0.0,0.0,0.0,0.0,0.0,0.0,0.0,,0.0,0.0,0.0,0.0,0.0,0.0,0.0,0.0,0.0,0.0,0.0,0.0,0.0,0.0,0.0,0.0,0.0,0.0,0.0,,,,,0.0,,0.26434946060180664,,,,,,,0.0,{},{},0.0,0.0,0.0,0.0,0.0,0.0,0.0,0,0,0.0,0.0,,0.0
471,41756-1786688958442437800,41756,964608,4971,3870,135,966,0.7785153892576946,0.84,0.83,0.004368445370346308,0.0478491373360157,1.4718178510665894,0.7318111658096313,10,8,0,2,0.8,1.9,2.1,0.2,0.8172409534454346,0.00341796875,0.007519531063735485,0.0024010934866964817,0.0032885740511119366,0.01025390625,1.025390625,-0.0038164062425494194,0.0,0.0,0.0,0.0,0.004368445370346308,0.013671875,0.00894194794818759,0.6539917865253351,1.0,0.2791224407850887,-0.015293596487026662,0.09552075481042266,0.0773794949054718,0.010313340462744236,0.0819551944732666,0.09658719599246979,0.10507352650165558,0.11795374006032944,0.0,0.0,0.0,1.4544316157698631,0.006051474736523232,0.0413818359375,1.3017249964177608,5e-05,0.005,0.0,0.0,0.0,0.0,0.0,0.0,0.0,0.0,0.0,,0.0,0.0,0.0,0.0,0.0,0.0,0.0,0.0,0.0,0.0,0.0,0.0,0.0,0.0,0.0,0.0,0.0,0.0,0.0,,,,,0.0,,0.3128516972064972,,,,,,,0.0,{},{},0.0,0.0,0.0,0.0,0.0,0.0,0.0,0,0,0.0,0.0,,0.0
472,41756-1786688958442437800,41756,966656,4984,3880,135,969,0.7784911717495987,0.86,0.82,0.004865589551627636,0.04991190880537033,1.4276565313339233,0.8420288562774658,13,10,0,3,0.7692307692307693,1.5384615384615385,1.7692307692307692,0.23076923076923078,0.9168035984039307,0.004150390625,0.00839843787252903,0.00246235029771924,0.004216308705508709,0.01025390625,1.025390625,-0.003666015574708581,0.0,0.0,0.0,0.0,0.004865589551627636,0.014404296875,0.010068102623336017,0.6989167047857886,1.0,0.25449080338433366,-0.017717722337692976,0.058689413126558065,0.04941074922680855,0.004450150299817324,0.05195459723472595,0.058875277638435364,0.0643690973520279,0.06509841233491898,0.0,0.0,0.0,1.4626792445778847,0.004692605821219331,0.026123046875,1.201240636408329,5e-05,0.005,0.0,0.0,0.0,0.0,0.0,0.0,0.0,0.0,0.0,,0.0,0.0,0.0,0.0,0.0,0.0,0.0,0.0,0.0,0.0,0.0,0.0,0.0,0.0,0.0,0.0,0.0,0.0,0.0,,,,,0.0,,0.24287302792072296,,,,,,,0.0,{},{},0.0,0.0,0.0,0.0,0.0,0.0,0.0,0,0,0.0,0.0,,0.0
473,41756-1786688958442437800,41756,968704,4993,3889,135,969,0.7788904466252754,0.88,0.835,0.004646134562790394,0.04482920467853546,1.508826732635498,0.7633988261222839,9,9,0,0,1.0,2.0,2.4444444444444446,0.4444444444444444,0.868911623954773,0.00439453125,0.00766601599752903,0.002634634030982852,0.003439941443502903,0.00991210900247097,0.9912109375,-0.003669921774417162,0.0,0.0,0.0,0.0,0.004646134562790394,0.01430664025247097,0.009184659866150469,0.6419409283487019,1.0,0.25650084218348695,-0.017649704357609153,0.07571400236338377,0.05806171894073486,0.008568726480007172,0.06326070427894592,0.07555189728736877,0.08618467301130295,0.09094195067882538,0.0,0.0,0.0,1.41755111515522,0.0030711297022207873,0.02197265625,1.178961630910635,5e-05,0.005,0.0,0.0,0.0,0.0,0.0,0.0,0.0,0.0,0.0,,0.0,0.0,0.0,0.0,0.0,0.0,0.0,0.0,0.0,0.0,0.0,0.0,0.0,0.0,0.0,0.0,0.0,0.0,0.0,,,,,0.0,,0.27639713883399963,,,,,,,0.0,{},{},0.0,0.0,0.0,0.0,0.0,0.0,0.0,0,0,0.0,0.0,,0.0
474,41756-1786688958442437800,41756,970752,5004,3898,135,971,0.7789768185451639,0.86,0.835,0.0023144069127738476,0.043442707508802414,1.631032943725586,0.8679441213607788,11,9,0,2,0.8181818181818182,1.4545454545454546,1.6363636363636365,0.18181818181818182,0.9311087727546692,0.00390625,0.0048828125,0.0009628176921978593,0.0024731445591896772,0.004345702938735485,0.4345703125,-0.0039257812313735485,0.0,0.0,0.0,0.0,0.0023144069127738476,0.008251952938735485,0.005741803062846884,0.6957271058577782,1.0,0.4756820086720446,-0.01788289094110951,0.050710205687209964,0.044085778295993805,0.004513357300311327,0.04464651271700859,0.05077846720814705,0.056690432131290436,0.056740954518318176,0.0,0.0,0.0,1.4708821922540665,0.00396194879522227,0.0296630859375,1.3000791445374489,5e-05,0.005,0.0,0.0,0.0,0.0,0.0,0.0,0.0,0.0,0.0,,0.0,0.0,0.0,0.0,0.0,0.0,0.0,0.0,0.0,0.0,0.0,0.0,0.0,0.0,0.0,0.0,0.0,0.0,0.0,,,,,0.0,,0.22781047224998474,,,,,,,0.0,{},{},0.0,0.0,0.0,0.0,0.0,0.0,0.0,0,0,0.0,0.0,,0.0
475,41756-1786688958442437800,41756,972800,5015,3907,135,973,0.7790628115653041,0.86,0.835,0.004430249333381653,0.04946688190102577,1.482548475265503,0.8804736733436584,11,9,0,2,0.8181818181818182,1.0,1.6363636363636365,0.6363636363636364,0.8896707892417908,0.00390625,0.007373047061264515,0.0027755964547395706,0.00456542894244194,0.00927734375,0.927734375,-0.003580078249797225,0.0,0.0,0.0,0.0,0.004430249333381653,0.01318359375,0.009208303410559893,0.6984138901177667,1.0,0.271534968591446,-0.01581415464170277,0.0819864384829998,0.06504178792238235,0.007600588724017143,0.0744430273771286,0.08071916550397873,0.09164606034755707,0.09579290449619293,0.0,0.0,0.0,1.365581952035427,0.004423008513185778,0.0330810546875,1.2233218476176262,5e-05,0.005,0.0,0.0,0.0,0.0,0.0,0.0,0.0,0.0,0.0,,0.0,0.0,0.0,0.0,0.0,0.0,0.0,0.0,0.0,0.0,0.0,0.0,0.0,0.0,0.0,0.0,0.0,0.0,0.0,,,,,0.0,,0.292456716299057,,,,,,,0.0,{},{},0.0,0.0,0.0,0.0,0.0,0.0,0.0,0,0,0.0,0.0,,0.0
476,41756-1786688958442437800,41756,974848,5027,3919,135,973,0.7795902128506067,0.9,0.855,0.005186938680708408,0.0488196425139904,1.4495213031768799,0.7947296500205994,12,12,0,0,1.0,2.1666666666666665,2.5833333333333335,0.4166666666666667,0.9331929087638855,0.005859375,0.00820312462747097,0.00259559229016304,0.0039648436941206455,0.01025390625,1.025390625,-0.0036523439921438694,0.0,0.0,0.0,0.0,0.005186938680708408,0.01611328125,0.009843233623541892,0.6108391352262076,1.0,0.22665261549557905,-0.017961388628464192,0.041277536656707525,0.031741268932819366,0.00493634631857276,0.03574834018945694,0.04119740054011345,0.04723653942346573,0.05116233602166176,0.0,0.0,0.0,1.427732415497303,0.0038521653332281858,0.0328369140625,1.1055390201508999,5e-05,0.005,0.0,0.0,0.0,0.0,0.0,0.0,0.0,0.0,0.0,,0.0,0.0,0.0,0.0,0.0,0.0,0.0,0.0,0.0,0.0,0.0,0.0,0.0,0.0,0.0,0.0,0.0,0.0,0.0,,,,,0.0,,0.205414280295372,,,,,,,0.0,{},{},0.0,0.0,0.0,0.0,0.0,0.0,0.0,0,0,0.0,0.0,,0.0
477,41756-1786688958442437800,41756,976896,5034,3925,135,974,0.7796980532379817,0.9,0.85,0.003077427390962839,0.04472429305315018,1.644670009613037,0.7527070045471191,7,6,0,1,0.8571428571428571,1.5714285714285714,1.8571428571428572,0.2857142857142857,0.8877115249633789,0.002685546875,0.006298827938735485,0.0014080057153478265,0.0030761719681322575,0.0068359375,0.68359375,-0.0038359377067536116,0.0,0.0,0.0,0.0,0.003077427390962839,0.009521484375,0.007419872359605506,0.7791950154400235,1.0,0.40282950915880206,-0.01717940444359556,0.061056424397975206,0.055156461894512177,0.0037719877436757088,0.05610717460513115,0.061638422310352325,0.06547316908836365,0.06926354020833969,0.0,0.0,0.0,1.4705068096518517,0.0029551883872045437,0.019287109375,1.301745593547821,5e-05,0.005,0.0,0.0,0.0,0.0,0.0,0.0,0.0,0.0,0.0,,0.0,0.0,0.0,0.0,0.0,0.0,0.0,0.0,0.0,0.0,0.0,0.0,0.0,0.0,0.0,0.0,0.0,0.0,0.0,,,,,0.0,,0.25222817063331604,,,,,,,0.0,{},{},0.0,0.0,0.0,0.0,0.0,0.0,0.0,0,0,0.0,0.0,,0.0
478,41756-1786688958442437800,41756,978944,5048,3936,135,977,0.7797147385103012,0.84,0.84,0.0036997064016759396,0.04360896348953247,1.5057497024536133,0.6491451263427734,14,11,0,3,0.7857142857142857,1.5,1.9285714285714286,0.42857142857142855,0.6930241584777832,0.004638671875,0.0062011717818677425,0.0021418873220682144,0.0034741207491606474,0.00732421875,0.732421875,-0.003798828227445483,0.0,0.0,0.0,0.0,0.0036997064016759396,0.011962890625,0.007605173799674958,0.6356773091675567,1.0,0.3175244865167332,-0.013480057154083624,0.12799052381888032,0.1029791608452797,0.014848451130092144,0.10726161301136017,0.1268676370382309,0.14445054531097412,0.1608293354511261,0.0,0.0,0.0,1.442275032401085,0.0031797977062524296,0.021484375,1.4085983373224735,5e-05,0.005,0.0,0.0,0.0,0.0,0.0,0.0,0.0,0.0,0.0,,0.0,0.0,0.0,0.0,0.0,0.0,0.0,0.0,0.0,0.0,0.0,0.0,0.0,0.0,0.0,0.0,0.0,0.0,0.0,,,,,0.0,,0.35966143012046814,,,,,,,0.0,{},{},0.0,0.0,0.0,0.0,0.0,0.0,0.0,0,0,0.0,0.0,,0.0
479,41756-1786688958442437800,41756,980992,5060,3948,135,977,0.7802371541501977,0.88,0.85,0.004487992264330387,0.05500805005431175,1.4409019947052002,0.8949349522590637,12,12,0,0,1.0,1.5,2.3333333333333335,0.8333333333333334,0.923366129398346,0.005859375,0.007031249813735485,0.00291890325024724,0.005429686978459358,0.0078125,0.78125,-0.003537109587341547,0.0,0.0,0.0,0.0,0.004487992264330387,0.013671875,0.009118397370912135,0.666896857530851,1.0,0.25869537952636495,-0.016334405867382884,0.0607482569757849,0.048002175986766815,0.008922326378524303,0.051304951310157776,0.061058513820171356,0.072736456990242,0.08036650717258453,0.0,0.0,0.0,1.3145991414785385,0.004029984726003022,0.030029296875,1.1571417264640331,5e-05,0.005,0.0,0.0,0.0,0.0,0.0,0.0,0.0,0.0,0.0,,0.0,0.0,0.0,0.0,0.0,0.0,0.0,0.0,0.0,0.0,0.0,0.0,0.0,0.0,0.0,0.0,0.0,0.0,0.0,,,,,0.0,,0.24774329364299774,,,,,,,0.0,{},{},0.0,0.0,0.0,0.0,0.0,0.0,0.0,0,0,0.0,0.0,,0.0
480,41756-1786688958442437800,41756,983040,5067,3954,135,978,0.7803433984606276,0.9,0.85,0.0031465033534914255,0.03942970186471939,1.4170517921447754,0.7052670121192932,7,6,0,1,0.8571428571428571,1.4285714285714286,1.7142857142857142,0.2857142857142857,0.8415166735649109,0.002685546875,0.006298828404396772,0.0018273941241204739,0.0033984375186264515,0.0068359375,0.68359375,-0.0038300780579447746,0.0,0.0,0.0,0.0,0.0031465033534914255,0.009521484375,0.007605286315083504,0.7986661899966104,1.0,0.4022141604138652,-0.015034319134429097,0.07784354966133833,0.061974041163921356,0.008381910622119904,0.07012829184532166,0.07467617839574814,0.09079191088676453,0.09200358390808105,0.0,0.0,0.0,1.4680015593767166,0.0033322717899864074,0.0220947265625,1.197137489914894,5e-05,0.005,0.0,0.0,0.0,0.0,0.0,0.0,0.0,0.0,0.0,,0.0,0.0,0.0,0.0,0.0,0.0,0.0,0.0,0.0,0.0,0.0,0.0,0.0,0.0,0.0,0.0,0.0,0.0,0.0,,,,,0.0,,0.2807665467262268,,,,,,,0.0,{},{},0.0,0.0,0.0,0.0,0.0,0.0,0.0,0,0,0.0,0.0,,0.0
481,41756-1786688958442437800,41756,985088,5081,3963,136,982,0.7799645739027751,0.82,0.835,0.003141252789646387,0.04540637880563736,1.4901515245437622,0.825996994972229,14,9,1,4,0.6428571428571429,1.2857142857142858,1.7142857142857142,0.42857142857142855,0.8128353357315063,0.0029296875,0.006152343936264515,0.001978876767680049,0.003791503608226776,0.0068359375,0.68359375,-0.0037128906697034836,0.0,0.0,0.0,0.0,0.003141252789646387,0.009765625,0.007594939030241221,0.7776421261429841,1.0,0.3801610760834458,-0.01205166953150183,0.12926964601501822,0.10110364109277725,0.014104707166552544,0.11260882765054703,0.13093271851539612,0.1473647505044937,0.1488180160522461,0.0,0.0,0.0,1.4063420593738556,0.002548834636399988,0.017578125,1.3965974487364292,5e-05,0.005,0.0,0.0,0.0,0.0,0.0,0.0,0.0,0.0,0.0,,0.0,0.0,0.0,0.0,0.0,0.0,0.0,0.0,0.0,0.0,0.0,0.0,0.0,0.0,0.0,0.0,0.0,0.0,0.0,,,,,0.0,,0.3573472201824188,,,,,,,0.0,{},{},0.0,0.0,0.0,0.0,0.0,0.0,0.0,0,0,0.0,0.0,,0.0
482,41756-1786688958442437800,41756,987136,5089,3969,136,984,0.7799174690508941,0.8,0.825,0.002283357549458742,0.04128848388791084,1.363283634185791,0.5807214975357056,8,6,0,2,0.75,1.375,2.0,0.625,0.814409613609314,0.00244140625,0.005419922061264515,0.0011537963291630149,0.003085937350988388,0.0050292969681322575,0.5029296875,-0.003935546614229679,0.0,0.0,0.0,0.0,0.002283357549458742,0.0074707032181322575,0.006479855481302366,0.8672527925864499,1.0,0.5267268384909792,-0.014889246434904635,0.06249955319799483,0.0512646809220314,0.008814704604446888,0.051460396498441696,0.06166483089327812,0.07429450005292892,0.0793146938085556,0.0,0.0,0.0,1.4787316620349884,0.0034458299342077225,0.02490234375,1.2716071717441082,5e-05,0.005,0.0,0.0,0.0,0.0,0.0,0.0,0.0,0.0,0.0,,0.0,0.0,0.0,0.0,0.0,0.0,0.0,0.0,0.0,0.0,0.0,0.0,0.0,0.0,0.0,0.0,0.0,0.0,0.0,,,,,0.0,,0.25017601251602173,,,,,,,0.0,{},{},0.0,0.0,0.0,0.0,0.0,0.0,0.0,0,0,0.0,0.0,,0.0
483,41756-1786688958442437800,41756,989184,5102,3977,136,989,0.7794982359858879,0.74,0.82,0.0031400653533637524,0.04058217629790306,1.4882241487503052,0.8769549131393433,13,8,0,5,0.6153846153846154,1.0,1.1538461538461537,0.15384615384615385,0.8594702482223511,0.002685546875,0.006298827938735485,0.0015970340464264154,0.0022460934706032276,0.00732421875,0.732421875,-0.003867187537252903,0.0,0.0,0.0,0.0,0.0031400653533637524,0.010009765625,0.007259609817992896,0.7251802799042053,1.0,0.3863028745369217,-0.01486172096338123,0.1082515730522573,0.09715378284454346,0.009759004227817059,0.09864705801010132,0.10667657852172852,0.12055817246437073,0.13273926079273224,0.0,0.0,0.0,1.4165816828608513,0.002713707748625893,0.0191650390625,1.5060119926929474,5e-05,0.005,0.0,0.0,0.0,0.0,0.0,0.0,0.0,0.0,0.0,,0.0,0.0,0.0,0.0,0.0,0.0,0.0,0.0,0.0,0.0,0.0,0.0,0.0,0.0,0.0,0.0,0.0,0.0,0.0,,,,,0.0,,0.3287467062473297,,,,,,,0.0,{},{},0.0,0.0,0.0,0.0,0.0,0.0,0.0,0,0,0.0,0.0,,0.0
484,41756-1786688958442437800,41756,991232,5111,3984,137,990,0.7794952064175308,0.7,0.82,0.0043003372848033905,0.04715603217482567,1.2593059539794922,0.7430546283721924,9,7,1,1,0.7777777777777778,1.5555555555555556,1.8888888888888888,0.3333333333333333,0.8704864978790283,0.002685546875,0.00766601599752903,0.002481875941157341,0.0038720699958503246,0.01025390625,1.025390625,-0.0037773437798023224,0.0,0.0,0.0,0.0,0.0043003372848033905,0.012939453125,0.009254502481780946,0.7151606201410313,1.0,0.2919019715395262,-0.015801083645783365,0.07126869447529316,0.06293382495641708,0.005877327173948288,0.06427349150180817,0.0709005743265152,0.0782402902841568,0.08507098257541656,0.0,0.0,0.0,1.4014049842953682,0.003020921583811287,0.0211181640625,1.188428122550249,5e-05,0.005,0.0,0.0,0.0,0.0,0.0,0.0,0.0,0.0,0.0,,0.0,0.0,0.0,0.0,0.0,0.0,0.0,0.0,0.0,0.0,0.0,0.0,0.0,0.0,0.0,0.0,0.0,0.0,0.0,,,,,0.0,,0.26741036772727966,,,,,,,0.0,{},{},0.0,0.0,0.0,0.0,0.0,0.0,0.0,0,0,0.0,0.0,,0.0
485,41756-1786688958442437800,41756,993280,5125,3997,137,991,0.7799024390243903,0.74,0.83,0.005422811955213547,0.05189161002635956,1.2062265872955322,0.7339949011802673,14,13,0,1,0.9285714285714286,2.0,2.2142857142857144,0.21428571428571427,0.9001402854919434,0.006103515625,0.00844726525247097,0.0030107528436928988,0.004101562313735485,0.01040039025247097,1.0400390625,-0.0035371091216802597,0.0,0.0,0.0,0.0,0.005422811955213547,0.01650390587747097,0.010225344041828066,0.6195336173219598,1.0,0.21430653091505222,-0.01702520766411908,0.05277781933546066,0.04488634690642357,0.003659109817817807,0.04920035973191261,0.053007304668426514,0.05777096748352051,0.059934284538030624,0.0,0.0,0.0,1.3361605554819107,0.005016912658902584,0.0426025390625,1.1510119698941708,5e-05,0.005,0.0,0.0,0.0,0.0,0.0,0.0,0.0,0.0,0.0,,0.0,0.0,0.0,0.0,0.0,0.0,0.0,0.0,0.0,0.0,0.0,0.0,0.0,0.0,0.0,0.0,0.0,0.0,0.0,,,,,0.0,,0.23194672167301178,,,,,,,0.0,{},{},0.0,0.0,0.0,0.0,0.0,0.0,0.0,0,0,0.0,0.0,,0.0
486,41756-1786688958442437800,41756,995328,5134,4005,137,992,0.780093494351383,0.8,0.84,0.003011434804648161,0.04710492119193077,1.143717646598816,0.5261274576187134,9,8,0,1,0.8888888888888888,1.7777777777777777,2.4444444444444446,0.6666666666666666,0.8108763694763184,0.003662109375,0.00546875037252903,0.001255547977052629,0.002902831882238388,0.0068359375,0.68359375,-0.003874999936670065,0.0,0.0,0.0,0.0,0.003011434804648161,0.010498046875,0.006508345337351784,0.6198986836461557,1.0,0.3690811159151116,-0.01919972477480769,0.04992929892614484,0.04467412084341049,0.0030260782223194838,0.04581974074244499,0.04976287856698036,0.0534156933426857,0.05587470531463623,0.0,0.0,0.0,1.4790209904313087,0.004513467662036419,0.0323486328125,1.209314476698637,5e-05,0.005,0.0,0.0,0.0,0.0,0.0,0.0,0.0,0.0,0.0,,0.0,0.0,0.0,0.0,0.0,0.0,0.0,0.0,0.0,0.0,0.0,0.0,0.0,0.0,0.0,0.0,0.0,0.0,0.0,,,,,0.0,,0.22880412638187408,,,,,,,0.0,{},{},0.0,0.0,0.0,0.0,0.0,0.0,0.0,0,0,0.0,0.0,,0.0
487,41756-1786688958442437800,41756,997376,5144,4011,137,996,0.7797433903576982,0.8,0.825,0.0024460572749376297,0.03752501681447029,1.3225624561309814,0.8271045088768005,10,6,0,4,0.6,0.8,1.0,0.2,0.8856229782104492,0.001953125,0.0055175782181322575,0.001416782266460359,0.002404785016551614,0.005859375,0.5859375,-0.0039648436941206455,0.0,0.0,0.0,0.0,0.0024460572749376297,0.0078125,0.006472970038885251,0.8284341254092598,1.0,0.5074350411621739,-0.015419861883856356,0.0720630194991827,0.05398079380393028,0.010994739830493927,0.055873021483421326,0.07323341816663742,0.08627711236476898,0.09212638437747955,0.0,0.0,0.0,1.5121255293488503,0.004523705374595011,0.032470703125,1.2054502665996552,5e-05,0.005,0.0,0.0,0.0,0.0,0.0,0.0,0.0,0.0,0.0,,0.0,0.0,0.0,0.0,0.0,0.0,0.0,0.0,0.0,0.0,0.0,0.0,0.0,0.0,0.0,0.0,0.0,0.0,0.0,,,,,0.0,,0.27972403168678284,,,,,,,0.0,{},{},0.0,0.0,0.0,0.0,0.0,0.0,0.0,0,0,0.0,0.0,,0.0
488,41756-1786688958442437800,41756,999424,5153,4018,137,998,0.7797399573064234,0.82,0.82,0.003976122476160526,0.04653637856245041,1.1706262826919556,0.5966209173202515,9,7,0,2,0.7777777777777778,1.5555555555555556,2.111111111111111,0.5555555555555556,0.7935430407524109,0.0029296875,0.00722656212747097,0.0024796975776553154,0.0038452146109193563,0.00893554650247097,0.8935546875,-0.0037128906697034836,0.0,0.0,0.0,0.0,0.003976122476160526,0.01186523400247097,0.008807790174614638,0.7422565721171979,1.0,0.3128954535137541,-0.01613617897965014,0.07331924512982368,0.055944204330444336,0.011563326232135296,0.057880155742168427,0.07286359369754791,0.09000682830810547,0.09169686585664749,0.0,0.0,0.0,1.4287059158086777,0.004031521924844128,0.02734375,1.247860461473465,5e-05,0.005,0.0,0.0,0.0,0.0,0.0,0.0,0.0,0.0,0.0,,0.0,0.0,0.0,0.0,0.0,0.0,0.0,0.0,0.0,0.0,0.0,0.0,0.0,0.0,0.0,0.0,0.0,0.0,0.0,,,,,0.0,,0.2710898518562317,,,,,,,0.0,{},{},0.0,0.0,0.0,0.0,0.0,0.0,0.0,0,0,0.0,0.0,,0.0
489,41756-1786688958442437800,41756,1001472,5167,4029,137,1001,0.7797561447648539,0.8,0.815,0.005216885823756456,0.05360968038439751,1.2041577100753784,0.6997376084327698,14,11,0,3,0.7857142857142857,1.7857142857142858,2.0714285714285716,0.2857142857142857,0.866243839263916,0.004638671875,0.00825195387005806,0.0032310113310813904,0.004494628868997097,0.01123046875,1.123046875,-0.0035781250335276127,0.0,0.0,0.0,0.0,0.005216885823756456,0.015869140625,0.010183363920077682,0.6416681591362824,1.0,0.22546271756981437,-0.014143153326585889,0.06504994072020054,0.05329146236181259,0.005965541582554579,0.05651466175913811,0.0663033276796341,0.07107441872358322,0.07560224831104279,0.0,0.0,0.0,1.3534438088536263,0.003383550007129088,0.022216796875,1.0191910304129124,5e-05,0.005,0.0,0.0,0.0,0.0,0.0,0.0,0.0,0.0,0.0,,0.0,0.0,0.0,0.0,0.0,0.0,0.0,0.0,0.0,0.0,0.0,0.0,0.0,0.0,0.0,0.0,0.0,0.0,0.0,,,,,0.0,,0.2559128403663635,,,,,,,0.0,{},{},0.0,0.0,0.0,0.0,0.0,0.0,0.0,0,0,0.0,0.0,,0.0
